adhyaya	verse	gold_form	gold_lemma	gold_pos	dcs_form	dcs_lemma	dcs_upos	class	lemma_match	pos_match	convention	n_gold	n_dcs
1	1.01	dhṛtarāṣṭraḥ	dhṛta-rāṣṭra	nominal	dhṛtarāṣṭraḥ	dhṛtarāṣṭra	nominal	MATCH	yes	yes		1	1
1	1.01	uvāca	√vac	verb	uvāca	vac	verb	MATCH	yes	yes		1	1
1	1.01	dharma-kṣetre	dharma-kṣetra	nominal	dharma|kṣetre	dharma|kṣetra	nominal|nominal	COMPOUND_SPLIT	n/a	n/a		1	2
1	1.01	kuru-kṣetre	kuru-kṣetra	nominal	kurukṣetre	kurukṣetra	nominal	MATCH	yes	yes		1	1
1	1.01	samavetāḥ	sam-aveta	indecl	samavetāḥ	samave	verb	LEMMA+POS_DIVERGE	no	no		1	1
1	1.01	yuyutsavaḥ	yuyutsu	nominal	yuyutsavaḥ	yuyutsu	indecl	POS_DIVERGE	yes	no		1	1
1	1.01	māmakāḥ	māmaka	nominal	māmakāḥ	māmaka	indecl	POS_DIVERGE	yes	no		1	1
1	1.01	pāṇḍavāḥ	pāṇḍava	nominal	pāṇḍavāḥ	pāṇḍava	nominal	MATCH	yes	yes		1	1
1	1.01	ca	ca	indecl	ca	ca	indecl	MATCH	yes	yes		1	1
1	1.01	eva	eva	indecl	eva	eva	indecl	MATCH	yes	yes		1	1
1	1.01	kim	kim	nominal	kim	ka	nominal	LEMMA_CONVENTION	no	yes	pronoun-stem	1	1
1	1.01	akurvata	√kṛ	verb	akurvata	kṛ	verb	MATCH	yes	yes		1	1
1	1.01	saṁjaya	sam-jaya	nominal	saṃjaya	saṃjaya	nominal	LEMMA_CONVENTION	no	yes	nasal-class	1	1
1	1.02	saṁjayaḥ	sam-jaya	unknown	saṃjaya	saṃjaya	nominal	LEMMA_CONVENTION+POS_DIVERGE	no	no	nasal-class	1	1
1	1.02	uvāca	√vac	verb	uvāca	vac	verb	MATCH	yes	yes		1	1
1	1.02	dṛṣṭvā	√dṛś	unknown	dṛṣṭvā	dṛś	verb	POS_DIVERGE	yes	no		1	1
1	1.02	tu	tu	indecl	tu	tu	indecl	MATCH	yes	yes		1	1
1	1.02	pāṇḍavānīkam	pāṇḍava-anīka	nominal	pāṇḍava|anīkam	pāṇḍava|anīka	nominal|nominal	COMPOUND_SPLIT	n/a	n/a		1	2
1	1.02	vyūḍham	vyūḍha	nominal	vyūḍhaṃ	vyūh	verb	LEMMA+POS_DIVERGE	no	no		1	1
1	1.02	duryodhanaḥ	dur-yodhana	nominal	duryodhanaḥ	duryodhana	nominal	MATCH	yes	yes		1	1
1	1.02	tadā	tadā	indecl	tadā	tadā	indecl	MATCH	yes	yes		1	1
1	1.02	ācāryam	ācārya	nominal	ācāryam	ācārya	nominal	MATCH	yes	yes		1	1
1	1.02	upasaṅgamya	upa-sam-√gam	unknown	upasaṃgamya	upasaṃgam	verb	LEMMA_CONVENTION+POS_DIVERGE	no	no	nasal-class	1	1
1	1.02	rājā	rājan	nominal	rājā	rājan	nominal	MATCH	yes	yes		1	1
1	1.02	vacanam	vacana	nominal	vacanam	vacana	nominal	MATCH	yes	yes		1	1
1	1.02	abravīt	√brū	verb	abravīt	brū	verb	MATCH	yes	yes		1	1
1	1.03	paśya	√dṛś	verb	paśya	paś	verb	LEMMA_DIVERGE	no	yes		1	1
1	1.03	etām	etat	nominal	etām	etad	nominal	LEMMA_CONVENTION	no	yes	pronoun-stem	1	1
1	1.03	pāṇḍu-putrāṇām	pāṇḍu-putra	nominal	pāṇḍu|putrāṇām	pāṇḍu|putra	nominal|nominal	COMPOUND_SPLIT	n/a	n/a		1	2
1	1.03	ācārya	ācārya	nominal	ācārya	ācārya	nominal	MATCH	yes	yes		1	1
1	1.03	mahatīm	mahatī	nominal	mahatīṃ	mahat	indecl	LEMMA_CONVENTION+POS_DIVERGE	no	no	vowel-sandhi/contraction	1	1
1	1.03	camūm	camū	nominal	camūm	camū	nominal	MATCH	yes	yes		1	1
1	1.03	vyūḍhām	vyūḍhā	nominal	vyūḍhāṃ	vyūh	verb	LEMMA+POS_DIVERGE	no	no		1	1
1	1.03	drupada-putreṇa	drupada-putra	nominal	drupada|putreṇa	drupada|putra	nominal|nominal	COMPOUND_SPLIT	n/a	n/a		1	2
1	1.03	tava	yuṣmat	nominal	tava	tvad	nominal	LEMMA_CONVENTION	no	yes	pronoun-stem	1	1
1	1.03	śiṣyeṇa	śiṣya	nominal	śiṣyeṇa	śiṣya	nominal	MATCH	yes	yes		1	1
1	1.03	dhīmatā	dhīmant	nominal	dhīmatā	dhīmat	indecl	LEMMA_CONVENTION+POS_DIVERGE	no	no	final-t/d+n	1	1
1	1.04	atra	atra	indecl	atra	atra	indecl	MATCH	yes	yes		1	1
1	1.04	śūrāḥ	śūra	nominal	śūrā	śūra	nominal	MATCH	yes	yes		1	1
1	1.04	maheṣv-āsāḥ	mahā-iṣu-āsa	nominal	mahā|iṣvāsāḥ	mahat|iṣvāsa	indecl|nominal	COMPOUND_SPLIT	n/a	n/a		1	2
1	1.04	bhīmārjuna-samāḥ	bhīma-arjuna-sama	nominal	bhīma|arjuna|samāḥ	bhīma|arjuna|sama	nominal|nominal|nominal	COMPOUND_SPLIT	n/a	n/a		1	3
1	1.04	yudhi	yudh	nominal	yudhi	yudh	nominal	MATCH	yes	yes		1	1
1	1.04	yuyudhānaḥ	yuyudhāna	nominal	yuyudhāno	yuyudhāna	nominal	MATCH	yes	yes		1	1
1	1.04	virāṭaḥ	virāṭa	nominal	virāṭaḥ	virāṭa	nominal	MATCH	yes	yes		1	1
1	1.04	ca	ca	indecl	ca	ca	indecl	MATCH	yes	yes		1	1
1	1.04	drupadaḥ	dru-pada	nominal	drupadaḥ	drupada	nominal	MATCH	yes	yes		1	1
1	1.04	ca	ca	indecl	ca	ca	indecl	MATCH	yes	yes		1	1
1	1.04	mahā-rathaḥ	mahā-ratha	nominal	mahā|rathaḥ	mahat|ratha	indecl|nominal	COMPOUND_SPLIT	n/a	n/a		1	2
1	1.05	dhṛṣṭa-ketuḥ	dhṛṣṭa-ketu	nominal	dhṛṣṭaketuḥ	dhṛṣṭaketu	nominal	MATCH	yes	yes		1	1
1	1.05	cekitānaḥ	cekitāna	nominal	cekitānaḥ	cekitāna	nominal	MATCH	yes	yes		1	1
1	1.05	kāśi-rājaḥ	kāśi-rāja	nominal	kāśi|rājaḥ	kāśi|rāja	nominal|nominal	COMPOUND_SPLIT	n/a	n/a		1	2
1	1.05	ca	ca	indecl	ca	ca	indecl	MATCH	yes	yes		1	1
1	1.05	vīryavān	vīrya-vant	nominal	vīryavān	vīryavat	indecl	LEMMA_CONVENTION+POS_DIVERGE	no	no	final-t/d+n	1	1
1	1.05	purujit	puru-jit	nominal	purujit	purujit	nominal	MATCH	yes	yes		1	1
1	1.05	kunti-bhojaḥ	kunti-bhoja	nominal	kuntibhojaḥ	kuntibhoja	nominal	MATCH	yes	yes		1	1
1	1.05	ca	ca	indecl	ca	ca	indecl	MATCH	yes	yes		1	1
1	1.05	śaibyaḥ	śaibya	nominal	śaibyaḥ	śaibya	nominal	MATCH	yes	yes		1	1
1	1.05	ca	ca	indecl	ca	ca	indecl	MATCH	yes	yes		1	1
1	1.05	nara-puṁgavaḥ	nara-puṅgava	nominal	nara|puṃgavaḥ	nara|puṃgava	nominal|nominal	COMPOUND_SPLIT	n/a	n/a		1	2
1	1.06	yudhā-manyuḥ	yudhā-manyu	nominal	yudhāmanyuḥ	yudhāmanyu	nominal	MATCH	yes	yes		1	1
1	1.06	ca	ca	indecl	ca	ca	indecl	MATCH	yes	yes		1	1
1	1.06	vikrāntaḥ	vikrānta	nominal	vikrānta	vikram	verb	LEMMA+POS_DIVERGE	no	no		1	1
1	1.06	uttamaujāḥ	uttama-ojas	nominal	uttamaujāḥ	uttamaujas	nominal	LEMMA_CONVENTION	no	yes	vowel-sandhi/contraction	1	1
1	1.06	ca	ca	indecl	ca	ca	indecl	MATCH	yes	yes		1	1
1	1.06	vīryavān	vīrya-vant	nominal	vīryavān	vīryavat	indecl	LEMMA_CONVENTION+POS_DIVERGE	no	no	final-t/d+n	1	1
1	1.06	saubhadraḥ	saubhadra	nominal	saubhadro	saubhadra	nominal	MATCH	yes	yes		1	1
1	1.06	draupadeyāḥ	draupadeya	nominal	draupadeyāḥ	draupadeya	nominal	MATCH	yes	yes		1	1
1	1.06	ca	ca	indecl	ca	ca	indecl	MATCH	yes	yes		1	1
1	1.06	sarve	sarva	nominal	sarva	sarva	nominal	MATCH	yes	yes		1	1
1	1.06	eva	eva	indecl	eva	eva	indecl	MATCH	yes	yes		1	1
1	1.06	mahā-rathāḥ	mahā-ratha	nominal	mahā|rathāḥ	mahat|ratha	indecl|nominal	COMPOUND_SPLIT	n/a	n/a		1	2
1	1.07	asmākam	asmat	nominal	asmākaṃ	mad	nominal	LEMMA_CONVENTION	no	yes	pronoun-stem	1	1
1	1.07	tu	tu	indecl	tu	tu	indecl	MATCH	yes	yes		1	1
1	1.07	viśiṣṭāḥ	viśiṣṭa	nominal	viśiṣṭā	viśiṣ	verb	LEMMA+POS_DIVERGE	no	no		1	1
1	1.07	ye	yat	nominal	ye	yad	nominal	LEMMA_CONVENTION	no	yes	pronoun-stem	1	1
1	1.07	tān	tat	nominal	tān	tad	nominal	LEMMA_CONVENTION	no	yes	pronoun-stem	1	1
1	1.07	nibodha	ni-√budh	verb	nibodha	nibudh	verb	MATCH	yes	yes		1	1
1	1.07	dvijottama	dvi-ja-uttama	nominal	dvijottama	dvijottama	nominal	LEMMA_CONVENTION	no	yes	vowel-sandhi/contraction	1	1
1	1.07	nāyakāḥ	nāyaka	nominal	nāyakā	nāyaka	nominal	MATCH	yes	yes		1	1
1	1.07	mama	asmat	nominal	mama	mad	nominal	LEMMA_CONVENTION	no	yes	pronoun-stem	1	1
1	1.07	sainyasya	sainya	nominal	sainyasya	sainya	nominal	MATCH	yes	yes		1	1
1	1.07	saṁjñā-artham	saṁjñā-artham	indecl	saṃjñā|artham	saṃjñā|artha	nominal|nominal	COMPOUND_SPLIT	n/a	n/a		1	2
1	1.07	tān	tat	nominal	tān	tad	nominal	LEMMA_CONVENTION	no	yes	pronoun-stem	1	1
1	1.07	bravīmi	√brū	verb	bravīmi	brū	verb	MATCH	yes	yes		1	1
1	1.07	te	yuṣmat	nominal	te	tvad	nominal	LEMMA_CONVENTION	no	yes	pronoun-stem	1	1
1	1.08	bhavān	bhavant	nominal	bhavān	bhavat	indecl	LEMMA_CONVENTION+POS_DIVERGE	no	no	final-t/d+n	1	1
1	1.08	bhīṣmaḥ	bhīṣma	nominal	bhīṣmaḥ	bhīṣma	nominal	MATCH	yes	yes		1	1
1	1.08	ca	ca	indecl	ca	ca	indecl	MATCH	yes	yes		1	1
1	1.08	karṇaḥ	karṇa	nominal	karṇaḥ	karṇa	nominal	MATCH	yes	yes		1	1
1	1.08	ca	ca	indecl	ca	ca	indecl	MATCH	yes	yes		1	1
1	1.08	kṛpaḥ	kṛpa	nominal	kṛpaḥ	kṛpa	nominal	MATCH	yes	yes		1	1
1	1.08	ca	ca	indecl	ca	ca	indecl	MATCH	yes	yes		1	1
1	1.08	samitiṁ-jayaḥ	samitiṁ-jaya	nominal	samitiṃjayaḥ	samitiṃjaya	indecl	POS_DIVERGE	yes	no		1	1
1	1.08	aśvatthāmā	aśva-sthā-man	nominal	aśvatthāmā	aśvatthāman	nominal	LEMMA_DIVERGE	no	yes		1	1
1	1.08	vikarṇaḥ	vi-karṇa	nominal	vikarṇaḥ	vikarṇa	nominal	MATCH	yes	yes		1	1
1	1.08	ca	ca	indecl	ca	ca	indecl	MATCH	yes	yes		1	1
1	1.08	saumadattiḥ	sauma-datti	nominal	saumadattiḥ	saumadatti	nominal	MATCH	yes	yes		1	1
1	1.08	tathā	tathā	indecl	tathā	tathā	indecl	MATCH	yes	yes		1	1
1	1.08	eva	eva	indecl	eva	eva	indecl	MATCH	yes	yes		1	1
1	1.08	ca	ca	indecl	ca	ca	indecl	MATCH	yes	yes		1	1
1	1.09	anye	anya	nominal	anye	anya	nominal	MATCH	yes	yes		1	1
1	1.09	ca	ca	indecl	ca	ca	indecl	MATCH	yes	yes		1	1
1	1.09	bahavaḥ	bahu	nominal	bahavaḥ	bahu	indecl	POS_DIVERGE	yes	no		1	1
1	1.09	śūrāḥ	śūra	nominal	śūrā	śūra	nominal	MATCH	yes	yes		1	1
1	1.09	mad-arthe	mad-artha	nominal	mad|arthe	mad|artha	nominal|nominal	COMPOUND_SPLIT	n/a	n/a		1	2
1	1.09	tyakta-jīvitāḥ	tyakta-jīvita	nominal	tyakta|jīvitāḥ	tyaj|jīvita	verb|nominal	COMPOUND_SPLIT	n/a	n/a		1	2
1	1.09	nānā-śastra-praharaṇāḥ	nānā-śastra-praharaṇa	nominal	nānā|śastra|praharaṇāḥ	nānā|śastra|praharaṇa	indecl|nominal|nominal	COMPOUND_SPLIT	n/a	n/a		1	3
1	1.09	sarve	sarva	nominal	sarve	sarva	nominal	MATCH	yes	yes		1	1
1	1.09	yuddha-viśāradāḥ	yuddha-viśārada	nominal	yuddha|viśāradāḥ	yuddha|viśārada	nominal|indecl	COMPOUND_SPLIT	n/a	n/a		1	2
1	1.10	aparyāptam	a-pari-āpta	nominal	aparyāptaṃ	aparyāpta	indecl	LEMMA+POS_DIVERGE	no	no		1	1
1	1.10	tat	tat	nominal	tat	tad	nominal	LEMMA_CONVENTION	no	yes	pronoun-stem	1	1
1	1.10	asmākam	asmat	nominal	asmākam	mad	nominal	LEMMA_CONVENTION	no	yes	pronoun-stem	1	1
1	1.10	balam	bala	nominal	balaṃ	bala	nominal	MATCH	yes	yes		1	1
1	1.10	bhīṣmābhirakṣitam	bhīṣma-abhi-rakṣita	nominal	bhīṣma|abhirakṣitam	bhīṣma|abhirakṣ	nominal|verb	COMPOUND_SPLIT	n/a	n/a		1	2
1	1.10	paryāptam	pari-āpta	nominal	paryāptaṃ	paryāp	verb	LEMMA+POS_DIVERGE	no	no		1	1
1	1.10	tu	tu	indecl	tu	tu	indecl	MATCH	yes	yes		1	1
1	1.10	idam	idam	nominal	idam	idam	nominal	MATCH	yes	yes		1	1
1	1.10	eteṣām	etat	nominal	eteṣām	etad	nominal	LEMMA_CONVENTION	no	yes	pronoun-stem	1	1
1	1.10	balam	bala	nominal	balaṃ	bala	nominal	MATCH	yes	yes		1	1
1	1.10	bhīmābhirakṣitam	bhīma-abhi-rakṣita	nominal	bhīma|abhirakṣitam	bhīma|abhirakṣ	nominal|verb	COMPOUND_SPLIT	n/a	n/a		1	2
1	1.11	ayaneṣu	ayana	nominal	ayaneṣu	ayana	nominal	MATCH	yes	yes		1	1
1	1.11	ca	ca	indecl	ca	ca	indecl	MATCH	yes	yes		1	1
1	1.11	sarveṣu	sarva	nominal	sarveṣu	sarva	nominal	MATCH	yes	yes		1	1
1	1.11	yathā bhāgam	yathā bhāgam	indecl	yathābhāgam	yathābhāgam	indecl	MATCH	yes	yes		1	1
1	1.11	avasthitāḥ	avasthita	nominal	avasthitāḥ	avasthā	verb	LEMMA+POS_DIVERGE	no	no		1	1
1	1.11	bhīṣmam	bhīṣma	nominal	bhīṣmam	bhīṣma	nominal	MATCH	yes	yes		1	1
1	1.11	eva	eva	indecl	eva	eva	indecl	MATCH	yes	yes		1	1
1	1.11	abhirakṣantu	abhi-√rakṣ	verb	abhirakṣantu	abhirakṣ	verb	MATCH	yes	yes		1	1
1	1.11	bhavantaḥ	bhavant	nominal	bhavantaḥ	bhavat	indecl	LEMMA_CONVENTION+POS_DIVERGE	no	no	final-t/d+n	1	1
1	1.11	sarve	sarva	nominal	sarva	sarva	nominal	MATCH	yes	yes		1	1
1	1.11	eva	eva	indecl	eva	eva	indecl	MATCH	yes	yes		1	1
1	1.11	hi	hi	indecl	hi	hi	indecl	MATCH	yes	yes		1	1
1	1.12	tasya	tat	nominal	tasya	tad	nominal	LEMMA_CONVENTION	no	yes	pronoun-stem	1	1
1	1.12	saṁjanayan	sam-janayant	nominal	saṃjanayan	saṃjanay	verb	LEMMA+POS_DIVERGE	no	no		1	1
1	1.12	harṣaṁ	harṣa	nominal	harṣam	harṣa	nominal	MATCH	yes	yes		1	1
1	1.12	kuru-vṛddhaḥ	kuru-vṛddha	nominal	kuruvṛddhaḥ	kuruvṛddha	nominal	MATCH	yes	yes		1	1
1	1.12	pitā-mahaḥ	pitā-maha	nominal	pitāmahaḥ	pitāmaha	nominal	MATCH	yes	yes		1	1
1	1.12	siṁha-nādam	siṁha-nāda	nominal	siṃhanādaṃ	siṃhanāda	nominal	MATCH	yes	yes		1	1
1	1.12	vinadya	vi-√nad	unknown	vinadya	vinad	verb	POS_DIVERGE	yes	no		1	1
1	1.12	uccaiḥ	uccaiḥ	indecl	uccais	uccais	indecl	LEMMA_CONVENTION	no	yes	adverb--tas/-taḥ	1	1
1	1.12	śaṅkham	śaṅkha	nominal	śaṅkhaṃ	śaṅkha	nominal	MATCH	yes	yes		1	1
1	1.12	dadhmau	√dhmā	verb	dadhmau	dham	verb	LEMMA_CONVENTION	no	yes	vowel-sandhi/contraction	1	1
1	1.12	pratāpavān	pratāpa-vant	nominal	pratāpavān	pratāpavat	indecl	LEMMA_CONVENTION+POS_DIVERGE	no	no	final-t/d+n	1	1
1	1.13	tataḥ	tataḥ	indecl	tataḥ	tatas	indecl	LEMMA_CONVENTION	no	yes	adverb--tas/-taḥ	1	1
1	1.13	śaṅkhāḥ	śaṅkha	nominal	śaṅkhāḥ	śaṅkha	nominal	MATCH	yes	yes		1	1
1	1.13	ca	ca	indecl	ca	ca	indecl	MATCH	yes	yes		1	1
1	1.13	bheryaḥ	bherī	nominal	bheryaḥ	bherī	nominal	MATCH	yes	yes		1	1
1	1.13	ca	ca	indecl	ca	ca	indecl	MATCH	yes	yes		1	1
1	1.13	paṇavānaka-gomukhāḥ	paṇava-ānaka-gomukha	nominal	paṇava|ānaka|gomukhāḥ	paṇava|ānaka|gomukha	nominal|nominal|nominal	COMPOUND_SPLIT	n/a	n/a		1	3
1	1.13	sahasā	sahasā	indecl	sahasā	sahasā	indecl	MATCH	yes	yes		1	1
1	1.13	eva	eva	indecl	eva	eva	indecl	MATCH	yes	yes		1	1
1	1.13	abhyahanyanta	abhi-√han	verb	abhyahanyanta	abhihan	verb	MATCH	yes	yes		1	1
1	1.13	saḥ	tat	nominal	sa	tad	nominal	LEMMA_CONVENTION	no	yes	pronoun-stem	1	1
1	1.13	śabdaḥ	śabda	nominal	śabdaḥ	śabda	nominal	MATCH	yes	yes		1	1
1	1.13	tumulaḥ	tumula	nominal	tumulaḥ	tumula	indecl	POS_DIVERGE	yes	no		1	1
1	1.13	abhavat	√bhū	verb	'bhavat	bhū	verb	MATCH	yes	yes		1	1
1	1.14	tataḥ	tataḥ	indecl	tataḥ	tatas	indecl	LEMMA_CONVENTION	no	yes	adverb--tas/-taḥ	1	1
1	1.14	śvetaiḥ	śveta	nominal	śvetaiḥ	śveta	indecl	POS_DIVERGE	yes	no		1	1
1	1.14	hayaiḥ	haya	nominal	hayaiḥ	haya	nominal	MATCH	yes	yes		1	1
1	1.14	yukte	yukta	nominal	yukte	yuj	verb	LEMMA+POS_DIVERGE	no	no		1	1
1	1.14	mahati	mahant	nominal	mahati	mahat	indecl	LEMMA_CONVENTION+POS_DIVERGE	no	no	final-t/d+n	1	1
1	1.14	syandane	syandana	nominal	syandane	syandana	nominal	MATCH	yes	yes		1	1
1	1.14	sthitau	sthita	nominal	sthitau	sthā	verb	LEMMA+POS_DIVERGE	no	no		1	1
1	1.14	mādhavaḥ	mādhava	nominal	mādhavaḥ	mādhava	nominal	MATCH	yes	yes		1	1
1	1.14	pāṇḍavaḥ	pāṇḍava	nominal	pāṇḍavaḥ	pāṇḍava	nominal	MATCH	yes	yes		1	1
1	1.14	ca	ca	indecl	ca	ca	indecl	MATCH	yes	yes		1	1
1	1.14	eva	eva	indecl	eva	eva	indecl	MATCH	yes	yes		1	1
1	1.14	divyau	divya	nominal	divyau	divya	indecl	POS_DIVERGE	yes	no		1	1
1	1.14	śaṅkhau	śaṅkha	nominal	śaṅkhau	śaṅkha	nominal	MATCH	yes	yes		1	1
1	1.14	pradadhmatuḥ	pra-√dhmā	verb	pradadhmatuḥ	pradham	verb	LEMMA_CONVENTION	no	yes	vowel-sandhi/contraction	1	1
1	1.15	pāñca-janyam	pāñca-janya	nominal	pāñcajanyaṃ	pāñcajanya	nominal	MATCH	yes	yes		1	1
1	1.15	hṛṣīkeśaḥ	hṛṣīkeśa	nominal	hṛṣīkeśo	hṛṣīkeśa	nominal	MATCH	yes	yes		1	1
1	1.15	deva-dattam	deva-datta	nominal	devadattaṃ	devadatta	nominal	MATCH	yes	yes		1	1
1	1.15	dhanaṁjayaḥ	dhanaṁ-jaya	nominal	dhanaṃjayaḥ	dhanaṃjaya	nominal	MATCH	yes	yes		1	1
1	1.15	pauṇḍram	pauṇḍra	nominal	pauṇḍraṃ	pauṇḍra	nominal	MATCH	yes	yes		1	1
1	1.15	dadhmau	√dhmā	verb	dadhmau	dham	verb	LEMMA_CONVENTION	no	yes	vowel-sandhi/contraction	1	1
1	1.15	mahā-śaṅkham	mahā-śaṅkha	nominal	mahā|śaṅkham	mahat|śaṅkha	indecl|nominal	COMPOUND_SPLIT	n/a	n/a		1	2
1	1.15	bhīma-karmā	bhīma-karman	nominal	bhīma|karmā	bhīma|karman	indecl|nominal	COMPOUND_SPLIT	n/a	n/a		1	2
1	1.15	vṛkodaraḥ	vṛka-udara	nominal	vṛkodaraḥ	vṛkodara	nominal	LEMMA_CONVENTION	no	yes	vowel-sandhi/contraction	1	1
1	1.16	ananta-vijayam	ananta-vijaya	nominal	anantavijayaṃ	anantavijaya	nominal	MATCH	yes	yes		1	1
1	1.16	rājā	rājan	nominal	rājā	rājan	nominal	MATCH	yes	yes		1	1
1	1.16	kuntī-putraḥ	kuntī-putra	nominal	kuntī|putraḥ	kuntī|putra	nominal|nominal	COMPOUND_SPLIT	n/a	n/a		1	2
1	1.16	yudhiṣṭhiraḥ	yudhi-sthira	nominal	yudhiṣṭhiraḥ	yudhiṣṭhira	nominal	LEMMA_DIVERGE	no	yes		1	1
1	1.16	nakulaḥ	nakula	nominal	nakulaḥ	nakula	nominal	MATCH	yes	yes		1	1
1	1.16	sahadevaḥ	saha-deva	nominal	sahadevaḥ	sahadeva	nominal	MATCH	yes	yes		1	1
1	1.16	ca	ca	indecl	ca	ca	indecl	MATCH	yes	yes		1	1
1	1.16	sughoṣa-maṇi-puṣpakau	su-ghoṣa-maṇi-puṣpaka	nominal	sughoṣa|maṇipuṣpakau	sughoṣa|maṇipuṣpaka	nominal|nominal	COMPOUND_SPLIT	n/a	n/a		1	2
1	1.17	kāśyaḥ	kāśya	nominal	kāśyaḥ	kāśya	nominal	MATCH	yes	yes		1	1
1	1.17	ca	ca	indecl	ca	ca	indecl	MATCH	yes	yes		1	1
1	1.17	parameṣvāsaḥ	parama-iṣu-āsa	nominal	parama|iṣvāsaḥ	parama|iṣvāsa	indecl|nominal	COMPOUND_SPLIT	n/a	n/a		1	2
1	1.17	śikhaṇḍī	śikhaṇḍin	nominal	śikhaṇḍī	śikhaṇḍin	nominal	MATCH	yes	yes		1	1
1	1.17	ca	ca	indecl	ca	ca	indecl	MATCH	yes	yes		1	1
1	1.17	mahā-rathaḥ	mahā-ratha	nominal	mahā|rathaḥ	mahat|ratha	indecl|nominal	COMPOUND_SPLIT	n/a	n/a		1	2
1	1.17	dhṛṣṭa-dyumnaḥ	dhṛṣṭa-dyumna	nominal	dhṛṣṭadyumno	dhṛṣṭadyumna	nominal	MATCH	yes	yes		1	1
1	1.17	virāṭaḥ	virāṭa	nominal	virāṭaḥ	virāṭa	nominal	MATCH	yes	yes		1	1
1	1.17	ca	ca	indecl	ca	ca	indecl	MATCH	yes	yes		1	1
1	1.17	sātyakiḥ	sātyaki	nominal	sātyakiḥ	sātyaki	nominal	MATCH	yes	yes		1	1
1	1.17	ca	ca	indecl	ca	ca	indecl	MATCH	yes	yes		1	1
1	1.17	aparā-jitaḥ	a-parā-jita	nominal	aparājitaḥ	aparājita	indecl	POS_DIVERGE	yes	no		1	1
1	1.18	drupadaḥ	dru-pada	nominal	drupado	drupada	nominal	MATCH	yes	yes		1	1
1	1.18	draupadeyāḥ	draupadeya	nominal	draupadeyāḥ	draupadeya	nominal	MATCH	yes	yes		1	1
1	1.18	ca	ca	indecl	ca	ca	indecl	MATCH	yes	yes		1	1
1	1.18	sarvaśaḥ	sarvaśaḥ	indecl	sarvaśaḥ	sarvaśas	indecl	LEMMA_CONVENTION	no	yes	adverb--tas/-taḥ	1	1
1	1.18	pṛthivīpate	pṛthivī-pati	nominal	pṛthivīpate	pṛthivīpati	nominal	MATCH	yes	yes		1	1
1	1.18	saubhadraḥ	saubhadra	nominal	saubhadraḥ	saubhadra	nominal	MATCH	yes	yes		1	1
1	1.18	ca	ca	indecl	ca	ca	indecl	MATCH	yes	yes		1	1
1	1.18	mahā-bāhuḥ	mahā-bāhu	nominal	mahā|bāhuḥ	mahat|bāhu	indecl|nominal	COMPOUND_SPLIT	n/a	n/a		1	2
1	1.18	śaṅkhān	śaṅkha	nominal	śaṅkhān	śaṅkha	nominal	MATCH	yes	yes		1	1
1	1.18	dadhmuḥ	√dhmā	verb	dadhmuḥ	dham	verb	LEMMA_CONVENTION	no	yes	vowel-sandhi/contraction	1	1
1	1.18	pṛthak pṛthak	pṛthak pṛthak	indecl	pṛthak|pṛthak	pṛthak|pṛthak	indecl|indecl	COMPOUND_SPLIT	n/a	n/a		1	2
1	1.19	saḥ	tat	nominal	sa	tad	nominal	LEMMA_CONVENTION	no	yes	pronoun-stem	1	1
1	1.19	ghoṣaḥ	ghoṣa	nominal	ghoṣo	ghoṣa	nominal	MATCH	yes	yes		1	1
1	1.19	dhārtarāṣṭrāṇām	dhārtarāṣṭra	nominal	dhārtarāṣṭrāṇāṃ	dhārtarāṣṭra	nominal	MATCH	yes	yes		1	1
1	1.19	hṛdayāni	hṛdaya	nominal	hṛdayāni	hṛdaya	nominal	MATCH	yes	yes		1	1
1	1.19	vyadārayat	vi-√dṝ	verb	vyadārayat	vidāray	verb	LEMMA_DIVERGE	no	yes		1	1
1	1.19	nabhaḥ	nabhas	nominal	nabhaḥ	nabhas	nominal	MATCH	yes	yes		1	1
1	1.19	ca	ca	indecl	ca	ca	indecl	MATCH	yes	yes		1	1
1	1.19	pṛthivīm	pṛthivī	nominal	pṛthivīṃ	pṛthivī	nominal	MATCH	yes	yes		1	1
1	1.19	ca	ca	indecl	ca	ca	indecl	MATCH	yes	yes		1	1
1	1.19	eva	eva	indecl	eva	eva	indecl	MATCH	yes	yes		1	1
1	1.19	tumulaḥ	tumula	nominal	tumulo	tumula	indecl	POS_DIVERGE	yes	no		1	1
1	1.19	vyanunādayan	vi-anu-nādayant	nominal	vyanunādayan	vyanunāday	verb	LEMMA+POS_DIVERGE	no	no		1	1
1	1.20	atha	atha	indecl	atha	atha	indecl	MATCH	yes	yes		1	1
1	1.20	vyavasthitān	vi-ava-sthita	nominal	vyavasthitān	vyavasthā	verb	LEMMA+POS_DIVERGE	no	no		1	1
1	1.20	dṛṣṭvā	√dṛś	unknown	dṛṣṭvā	dṛś	verb	POS_DIVERGE	yes	no		1	1
1	1.20	dhārtarāṣṭrān	dhārtarāṣṭra	nominal	dhārtarāṣṭrān	dhārtarāṣṭra	nominal	MATCH	yes	yes		1	1
1	1.20	kapi-dhvajaḥ	kapi-dhvaja	nominal	kapidhvajaḥ	kapidhvaja	nominal	MATCH	yes	yes		1	1
1	1.20	pravṛtte	pra-vṛtta	nominal	pravṛtte	pravṛt	verb	LEMMA+POS_DIVERGE	no	no		1	1
1	1.20	śastra-saṁpāte	śastra-saṁpāta	nominal	śastra	śastra	nominal	LEMMA_DIVERGE	no	yes		1	1
1					sampāte	sampāta	nominal	GOLD_ONLY				0	1
1	1.20	dhanuḥ	dhanuḥ	nominal	dhanuḥ	dhanus	nominal	LEMMA_CONVENTION	no	yes	adverb--tas/-taḥ	1	1
1	1.20	udyamya	ud-√yam	unknown	udyamya	udyam	verb	POS_DIVERGE	yes	no		1	1
1	1.20	pāṇḍavaḥ	pāṇḍava	nominal	pāṇḍavaḥ	pāṇḍava	nominal	MATCH	yes	yes		1	1
1	1.21	arjunaḥ	arjuna	nominal	hṛṣīkeśaṃ	hṛṣīkeśa	nominal	LEMMA_DIVERGE	no	yes		1	1
1	1.21	uvāca	√vac	verb	tadā	tadā	indecl	LEMMA+POS_DIVERGE	no	no		1	1
1	1.21	hṛṣīkeśam	hṛṣīkeśa	nominal	vākyam	vākya	nominal	LEMMA_DIVERGE	no	yes		1	1
1	1.21	tadā	tadā	indecl	idam	idam	nominal	LEMMA+POS_DIVERGE	no	no		1	1
1	1.21	vākyam	vākya	nominal	āha	ah	verb	LEMMA+POS_DIVERGE	no	no		1	1
1	1.21	idam	idam	nominal	mahīpate	mahīpati	nominal	LEMMA_DIVERGE	no	yes		1	1
1	1.21	āha	√ah	verb	senayoḥ	senā	nominal	LEMMA+POS_DIVERGE	no	no		1	1
1	1.21	mahī-pate	mahī-pati	nominal	ubhayoḥ	ubhaya	indecl	LEMMA+POS_DIVERGE	no	no		1	1
1	1.21	senayoḥ	senā	nominal	madhye	madhya	nominal	LEMMA_DIVERGE	no	yes		1	1
1	1.21	ubhayoḥ	ubhā	nominal	rathaṃ	ratha	nominal	LEMMA_DIVERGE	no	yes		1	1
1	1.21	madhye	madhya	nominal	sthāpaya	sthāpay	verb	LEMMA+POS_DIVERGE	no	no		1	1
1	1.21	ratham	ratha	nominal	me	mad	nominal	LEMMA_DIVERGE	no	yes		1	1
1	1.21	sthāpaya	√sthā	verb	'cyuta	acyuta	nominal	LEMMA+POS_DIVERGE	no	no		1	1
1	1.21	me	asmat	nominal	yāvat	yāvat	indecl	LEMMA+POS_DIVERGE	no	no		1	1
1	1.21	acyuta	a-cyuta	nominal	etān	etad	nominal	LEMMA_DIVERGE	no	yes		1	1
1	1.22	yāvat	yāvat	indecl	nirīkṣe	nirīkṣ	verb	LEMMA+POS_DIVERGE	no	no		1	1
1	1.22	etān	etat	nominal	'haṃ	mad	nominal	LEMMA_DIVERGE	no	yes		1	1
1	1.22	nirīkṣe	nir-√īkṣ	verb	yoddhu	yoddhu	nominal	LEMMA+POS_DIVERGE	no	no		1	1
1	1.22	aham	asmat	nominal	kāmān	kāma	nominal	LEMMA_DIVERGE	no	yes		1	1
1	1.22	yoddhu-kāmān	yoddhu-kāma	nominal				DCS_ONLY				1	0
1	1.22	avasthitān	ava-sthita	nominal	avasthitān	avasthā	verb	LEMMA+POS_DIVERGE	no	no		1	1
1	1.22	kaiḥ	kim	nominal	kaiḥ	ka	nominal	LEMMA_CONVENTION	no	yes	pronoun-stem	1	1
1	1.22	mayā	asmat	nominal	mayā	mad	nominal	LEMMA_CONVENTION	no	yes	pronoun-stem	1	1
1	1.22	saha	saha	indecl	saha	saha	indecl	MATCH	yes	yes		1	1
1	1.22	yoddhavyam	yoddhavya	nominal	yoddhavyam	yudh	verb	LEMMA+POS_DIVERGE	no	no		1	1
1	1.22	asmin	idam	nominal	asmin	idam	nominal	MATCH	yes	yes		1	1
1	1.22	raṇa-samudyame	raṇa-sam-ud-yama	nominal	raṇa|samudyame	raṇa|samudyama	nominal|nominal	COMPOUND_SPLIT	n/a	n/a		1	2
1	1.23	yotsyamānān	yotsyamāna	nominal	yotsyamānān	yudh	verb	LEMMA+POS_DIVERGE	no	no		1	1
1	1.23	avekṣe	ava-√īkṣ	verb	avekṣe	avekṣ	verb	LEMMA_CONVENTION	no	yes	vowel-sandhi/contraction	1	1
1	1.23	aham	asmat	nominal	'haṃ	mad	nominal	LEMMA_CONVENTION	no	yes	pronoun-stem	1	1
1	1.23	ye|ete	yat|etat	nominal|nominal	ya|ete	yad|etad	nominal|nominal	RESEGMENTED	n/a	n/a		2	2
1	1.23	atra	atra	indecl	'tra	atra	indecl	MATCH	yes	yes		1	1
1	1.23	samāgatāḥ	sam-āgata	nominal	samāgatāḥ	samāgam	verb	LEMMA+POS_DIVERGE	no	no		1	1
1	1.23	dhārtarāṣṭrasya	dhārtarāṣṭra	nominal	dhārtarāṣṭrasya	dhārtarāṣṭra	nominal	MATCH	yes	yes		1	1
1	1.23	durbuddheḥ	dur-buddhi	nominal	durbuddheḥ	durbuddhi	indecl	POS_DIVERGE	yes	no		1	1
1	1.23	yuddhe	yuddha	nominal	yuddhe	yuddha	nominal	MATCH	yes	yes		1	1
1	1.23	priya-cikīrṣavaḥ	priya-cikīrṣu	nominal	priya|cikīrṣavaḥ	priya|cikīrṣu	indecl|indecl	COMPOUND_SPLIT	n/a	n/a		1	2
1	1.24	saṁjayaḥ	sam-jaya	nominal	evam	evam	indecl	LEMMA+POS_DIVERGE	no	no		1	1
1	1.24	uvāca	√vac	verb	uktaḥ	vac	verb	MATCH	yes	yes		1	1
1	1.24	evam	evam	indecl	hṛṣīkeśo	hṛṣīkeśa	nominal	LEMMA+POS_DIVERGE	no	no		1	1
1	1.24	uktaḥ	ukta	nominal	guḍākeśena	guḍākeśa	nominal	LEMMA_DIVERGE	no	yes		1	1
1	1.24	hṛṣīkeśaḥ	hṛṣīkeśa	nominal	bhārata	bhārata	nominal	LEMMA_DIVERGE	no	yes		1	1
1	1.24	guḍākeśena	guḍākeśa	nominal	senayoḥ	senā	nominal	LEMMA_DIVERGE	no	yes		1	1
1	1.24	bhārata	bhārata	nominal	ubhayoḥ	ubhaya	indecl	LEMMA+POS_DIVERGE	no	no		1	1
1	1.24	senayoḥ	senā	nominal	madhye	madhya	nominal	LEMMA_DIVERGE	no	yes		1	1
1	1.24	ubhayoḥ	ubhā	nominal	sthāpayitvā	sthāpay	verb	LEMMA+POS_DIVERGE	no	no		1	1
1	1.24	madhye	madhya	nominal	ratha	ratha	nominal	LEMMA_DIVERGE	no	yes		1	1
1	1.24	sthāpayitvā	√sthā	unknown	uttamam	uttama	indecl	LEMMA+POS_DIVERGE	no	no		1	1
1	1.24	rathottamam	ratha-uttama	nominal				DCS_ONLY				1	0
1	1.25	bhīṣma-droṇa-pramukhataḥ	bhīṣma-droṇa-pramukhatas	indecl	bhīṣma|droṇa|pramukhatas	bhīṣma|droṇa|pramukhatas	nominal|nominal|indecl	COMPOUND_SPLIT	n/a	n/a		1	3
1	1.25	sarveṣām	sarva	nominal	sarveṣāṃ	sarva	nominal	MATCH	yes	yes		1	1
1	1.25	ca	ca	indecl	ca	ca	indecl	MATCH	yes	yes		1	1
1	1.25	mahī-kṣitām	mahī-kṣit	nominal	mahīkṣitām	mahīkṣit	nominal	MATCH	yes	yes		1	1
1	1.25	uvāca	√vac	verb	uvāca	vac	verb	MATCH	yes	yes		1	1
1	1.25	pārtha	pārtha	nominal	pārtha	pārtha	nominal	MATCH	yes	yes		1	1
1	1.25	paśya	√dṛś	verb	paśya	paś	verb	LEMMA_DIVERGE	no	yes		1	1
1	1.25	etān	etat	nominal	etān	etad	nominal	LEMMA_CONVENTION	no	yes	pronoun-stem	1	1
1	1.25	samavetān	samaveta	nominal	samavetān	samave	verb	LEMMA+POS_DIVERGE	no	no		1	1
1	1.25	kurūn	kuru	nominal	kurūn	kuru	nominal	MATCH	yes	yes		1	1
1	1.25	iti	iti	indecl	iti	iti	indecl	MATCH	yes	yes		1	1
1	1.26	tatra	tatra	indecl	tatra	tatra	indecl	MATCH	yes	yes		1	1
1	1.26	apaśyat	√dṛś	verb	apaśyat	paś	verb	LEMMA_DIVERGE	no	yes		1	1
1	1.26	sthitān	sthita	nominal	sthitān	sthā	verb	LEMMA+POS_DIVERGE	no	no		1	1
1	1.26	pārthaḥ	pārtha	nominal	pārthaḥ	pārtha	nominal	MATCH	yes	yes		1	1
1	1.26	pitṝn	pitṛ	nominal	pitṝn	pitṛ	nominal	MATCH	yes	yes		1	1
1	1.26	atha	atha	indecl	atha	atha	indecl	MATCH	yes	yes		1	1
1	1.26	pitā-mahān	pitā-maha	nominal	pitāmahān	pitāmaha	nominal	MATCH	yes	yes		1	1
1	1.26	ācāryān	ācārya	nominal	ācāryān	ācārya	nominal	MATCH	yes	yes		1	1
1	1.26	mātulān	mātula	nominal	mātulān	mātula	nominal	MATCH	yes	yes		1	1
1	1.26	bhrātṝn	bhrātṛ	nominal	bhrātṝn	bhrātṛ	nominal	MATCH	yes	yes		1	1
1	1.26	putrān	putra	nominal	putrān	putra	nominal	MATCH	yes	yes		1	1
1	1.26	pautrān	pautra	nominal	pautrān	pautra	nominal	MATCH	yes	yes		1	1
1	1.26	sakhīn	sakhi	nominal	sakhīn	sakhi	nominal	MATCH	yes	yes		1	1
1	1.26	tathā	tathā	indecl	tathā	tathā	indecl	MATCH	yes	yes		1	1
1	1.27	śvaśurān	śvaśura	nominal	śvaśurān	śvaśura	nominal	MATCH	yes	yes		1	1
1	1.27	suhṛdaḥ	su-hṛd	nominal	suhṛdaḥ	suhṛd	nominal	MATCH	yes	yes		1	1
1	1.27	ca	ca	indecl	ca	ca	indecl	MATCH	yes	yes		1	1
1	1.27	eva	eva	indecl	eva	eva	indecl	MATCH	yes	yes		1	1
1	1.27	senayoḥ	senā	nominal	senayoḥ	senā	nominal	MATCH	yes	yes		1	1
1	1.27	ubhayoḥ	ubhā	nominal	ubhayoḥ	ubhaya	indecl	LEMMA+POS_DIVERGE	no	no		1	1
1	1.27	api	api	indecl	api	api	indecl	MATCH	yes	yes		1	1
1	1.27	tān	tat	nominal	tān	tad	nominal	LEMMA_CONVENTION	no	yes	pronoun-stem	1	1
1	1.27	samīkṣya	sam-√īkṣ	unknown	samīkṣya	samīkṣ	verb	POS_DIVERGE	yes	no		1	1
1	1.27	saḥ	tat	nominal	sa	tad	nominal	LEMMA_CONVENTION	no	yes	pronoun-stem	1	1
1	1.27	kaunteyaḥ	kaunteya	nominal	kaunteyaḥ	kaunteya	nominal	MATCH	yes	yes		1	1
1	1.27	sarvān	sarva	nominal	sarvān	sarva	nominal	MATCH	yes	yes		1	1
1	1.27	bandhūn	bandhu	nominal	bandhūn	bandhu	nominal	MATCH	yes	yes		1	1
1	1.27	avasthitān	avasthita	nominal	avasthitān	avasthā	verb	LEMMA+POS_DIVERGE	no	no		1	1
1	1.28	arjunaḥ	arjuna	nominal	kṛpayā	kṛpā	nominal	LEMMA_DIVERGE	no	yes		1	1
1	1.28	uvāca	√vac	verb	parayā	para	nominal	LEMMA+POS_DIVERGE	no	no		1	1
1	1.28	kṛpayā	kṛpā	nominal	āviṣṭaḥ	āviś	verb	LEMMA+POS_DIVERGE	no	no		1	1
1	1.28	parayā	parā	nominal	viṣīdan	viṣad	verb	LEMMA+POS_DIVERGE	no	no		1	1
1	1.28	āviṣṭaḥ	āviṣṭa	nominal	idam	idam	nominal	LEMMA_DIVERGE	no	yes		1	1
1	1.28	viṣīdan	viṣīdant	nominal	abravīt	brū	verb	LEMMA+POS_DIVERGE	no	no		1	1
1	1.28	idam	idam	nominal	dṛṣṭvā	dṛś	verb	LEMMA+POS_DIVERGE	no	no		1	1
1	1.28	abravīt	√brū	verb	imān	idam	nominal	LEMMA+POS_DIVERGE	no	no		1	1
1	1.28	dṛṣṭvā	√dṛś	unknown	sva	sva	indecl	LEMMA+POS_DIVERGE	no	no		1	1
1	1.28	imān	idam	nominal	janān	jana	nominal	LEMMA_DIVERGE	no	yes		1	1
1	1.28	sva-janān	sva-jana	nominal				DCS_ONLY				1	0
1	1.28	kṛṣṇa	kṛṣṇa	nominal	kṛṣṇa	kṛṣṇa	nominal	MATCH	yes	yes		1	1
1	1.28	yuyutsūn	yuyutsu	nominal	yuyutsūn	yuyutsu	indecl	POS_DIVERGE	yes	no		1	1
1	1.28	samupasthitān	sam-upa-sthita	nominal	samavasthitān	samavasthā	verb	LEMMA+POS_DIVERGE	no	no		1	1
1	1.29	sīdanti	√sad	verb	sīdanti	sad	verb	MATCH	yes	yes		1	1
1	1.29	mama	asmat	nominal	mama	mad	nominal	LEMMA_CONVENTION	no	yes	pronoun-stem	1	1
1	1.29	gātrāṇi	gātra	nominal	gātrāṇi	gātra	nominal	MATCH	yes	yes		1	1
1	1.29	mukham	mukha	nominal	mukhaṃ	mukha	nominal	MATCH	yes	yes		1	1
1	1.29	ca	ca	indecl	ca	ca	indecl	MATCH	yes	yes		1	1
1	1.29	pariśuṣyati	pari-√śuṣ	verb	pariśuṣyati	pariśuṣ	verb	MATCH	yes	yes		1	1
1	1.29	vepathuḥ	vepathu	nominal	vepathuḥ	vepathu	nominal	MATCH	yes	yes		1	1
1	1.29	ca	ca	indecl	ca	ca	indecl	MATCH	yes	yes		1	1
1	1.29	śarīre	śarīra	nominal	śarīre	śarīra	nominal	MATCH	yes	yes		1	1
1	1.29	me	asmat	nominal	me	mad	nominal	LEMMA_CONVENTION	no	yes	pronoun-stem	1	1
1	1.29	roma-harṣaḥ	roma-harṣa	nominal	romaharṣaḥ	romaharṣa	nominal	MATCH	yes	yes		1	1
1	1.29	ca	ca	indecl	ca	ca	indecl	MATCH	yes	yes		1	1
1	1.29	jāyate	√jan	verb	jāyate	jan	verb	MATCH	yes	yes		1	1
1	1.30	gāṇḍīvam	gāṇḍīva	nominal	gāṇḍīvaṃ	gāṇḍīva	nominal	MATCH	yes	yes		1	1
1	1.30	sraṁsate	√sraṁs	verb	sraṃsate	sraṃs	verb	MATCH	yes	yes		1	1
1	1.30	hastāt	hasta	nominal	hastāt	hasta	nominal	MATCH	yes	yes		1	1
1	1.30	tvak	tvac	nominal	tvac	tvac	nominal	MATCH	yes	yes		1	1
1	1.30	ca	ca	indecl	ca	ca	indecl	MATCH	yes	yes		1	1
1	1.30	eva	eva	indecl	eva	eva	indecl	MATCH	yes	yes		1	1
1	1.30	paridahyate	pari-√dah	verb	paridahyate	paridah	verb	MATCH	yes	yes		1	1
1	1.30	na	na	indecl	na	na	indecl	MATCH	yes	yes		1	1
1	1.30	ca	ca	indecl	ca	ca	indecl	MATCH	yes	yes		1	1
1	1.30	śaknomi	√śak	verb	śaknomi	śak	verb	MATCH	yes	yes		1	1
1	1.30	avasthātum	ava-√sthā	unknown	avasthātum	avasthā	verb	POS_DIVERGE	yes	no		1	1
1	1.30	bhramati	√bhram	verb	bhramati	bhram	verb	MATCH	yes	yes		1	1
1	1.30	iva	iva	indecl	iva	iva	indecl	MATCH	yes	yes		1	1
1	1.30	ca	ca	indecl	ca	ca	indecl	MATCH	yes	yes		1	1
1	1.30	me	asmat	nominal	me	mad	nominal	LEMMA_CONVENTION	no	yes	pronoun-stem	1	1
1	1.30	manaḥ	manas	nominal	manaḥ	manas	nominal	MATCH	yes	yes		1	1
1	1.31	nimittāni	nimitta	nominal	nimittāni	nimitta	nominal	MATCH	yes	yes		1	1
1	1.31	ca	ca	indecl	ca	ca	indecl	MATCH	yes	yes		1	1
1	1.31	paśyāmi	√dṛś	verb	paśyāmi	paś	verb	LEMMA_DIVERGE	no	yes		1	1
1	1.31	viparītāni	viparīta	nominal	viparītāni	viparīta	indecl	POS_DIVERGE	yes	no		1	1
1	1.31	keśava	keśa-va	nominal	keśava	keśava	nominal	MATCH	yes	yes		1	1
1	1.31	na	na	indecl	na	na	indecl	MATCH	yes	yes		1	1
1	1.31	ca	ca	indecl	ca	ca	indecl	MATCH	yes	yes		1	1
1	1.31	śreyaḥ	śreyas	nominal	śreyo	śreyas	nominal	MATCH	yes	yes		1	1
1	1.31	anupaśyāmi	anu-√dṛś	verb	'nupaśyāmi	anupaś	verb	LEMMA_DIVERGE	no	yes		1	1
1	1.31	hatvā	√han	unknown	hatvā	han	verb	POS_DIVERGE	yes	no		1	1
1	1.31	sva-janam	sva-janam	nominal	sva|janam	sva|jana	indecl|nominal	COMPOUND_SPLIT	n/a	n/a		1	2
1	1.31	āhave	āhava	nominal	āhave	āhava	nominal	MATCH	yes	yes		1	1
1	1.32	na	na	indecl	na	na	indecl	MATCH	yes	yes		1	1
1	1.32	kāṅkṣe	√kāṅkṣ	verb	kāṅkṣe	kāṅkṣ	verb	MATCH	yes	yes		1	1
1	1.32	vijayam	vijaya	nominal	vijayaṃ	vijaya	nominal	MATCH	yes	yes		1	1
1	1.32	kṛṣṇa	kṛṣṇa	nominal	kṛṣṇa	kṛṣṇa	nominal	MATCH	yes	yes		1	1
1	1.32	na	na	indecl	na	na	indecl	MATCH	yes	yes		1	1
1	1.32	ca	ca	indecl	ca	ca	indecl	MATCH	yes	yes		1	1
1	1.32	rājyam	rājya	nominal	rājyaṃ	rājya	nominal	MATCH	yes	yes		1	1
1	1.32	sukhāni	sukha	nominal	sukhāni	sukha	nominal	MATCH	yes	yes		1	1
1	1.32	ca		unknown	ca	ca	indecl	LEMMA_CONVENTION+POS_DIVERGE	no	no	pronoun-stem	1	1
1	1.32	kim	kim	indecl	kiṃ	ka	nominal	LEMMA_CONVENTION+POS_DIVERGE	no	no	pronoun-stem	1	1
1	1.32	naḥ|rājyena	asmat|rājya	unknown|nominal	no|rājyena	mad|rājya	nominal|nominal	RESEGMENTED	n/a	n/a		2	2
1	1.32	govinda	govinda	nominal	govinda	govinda	nominal	MATCH	yes	yes		1	1
1	1.32	kim	kim	indecl	kiṃ	ka	nominal	LEMMA_CONVENTION+POS_DIVERGE	no	no	pronoun-stem	1	1
1	1.32	bhogaiḥ	bhoga	nominal	bhogaiḥ	bhoga	nominal	MATCH	yes	yes		1	1
1	1.32	jīvitena	jīvita	nominal	jīvitena	jīvita	nominal	MATCH	yes	yes		1	1
1	1.32	vā	vā	indecl	vā	vā	indecl	MATCH	yes	yes		1	1
1	1.33	yeṣām	yat	nominal	yeṣām	yad	nominal	LEMMA_CONVENTION	no	yes	pronoun-stem	1	1
1	1.33	arthe	artha	nominal	arthe	artha	nominal	MATCH	yes	yes		1	1
1	1.33	kāṅkṣitam	kāṅkṣita	nominal	kāṅkṣitaṃ	kāṅkṣ	verb	LEMMA+POS_DIVERGE	no	no		1	1
1	1.33	naḥ	asmat	nominal	no	mad	nominal	LEMMA_CONVENTION	no	yes	pronoun-stem	1	1
1	1.33	rājyam	rājya	nominal	rājyaṃ	rājya	nominal	MATCH	yes	yes		1	1
1	1.33	bhogāḥ	bhoga	nominal	bhogāḥ	bhoga	nominal	MATCH	yes	yes		1	1
1	1.33	sukhāni	sukha	nominal	sukhāni	sukha	nominal	MATCH	yes	yes		1	1
1	1.33	ca	ca	indecl	ca	ca	indecl	MATCH	yes	yes		1	1
1	1.33	te|ime	tat|idam	nominal|nominal	ta|ime	tad|idam	nominal|nominal	RESEGMENTED	n/a	n/a		2	2
1	1.33	avasthitāḥ	avasthita	nominal	'vasthitā	avasthā	verb	LEMMA+POS_DIVERGE	no	no		1	1
1	1.33	yuddhe	yuddha	nominal	yuddhe	yuddha	nominal	MATCH	yes	yes		1	1
1	1.33	prāṇān	prāṇa	nominal	prāṇān	prāṇa	nominal	MATCH	yes	yes		1	1
1	1.33	tyaktvā	√tyaj	unknown	tyaktvā	tyaj	verb	POS_DIVERGE	yes	no		1	1
1	1.33	dhanāni	dhana	nominal	dhanāni	dhana	nominal	MATCH	yes	yes		1	1
1	1.33	ca	ca	indecl	ca	ca	indecl	MATCH	yes	yes		1	1
1	1.34	ācāryāḥ	ācārya	nominal	ācāryāḥ	ācārya	nominal	MATCH	yes	yes		1	1
1	1.34	pitaraḥ	pitṛ	nominal	pitaraḥ	pitṛ	nominal	MATCH	yes	yes		1	1
1	1.34	putrāḥ	putra	nominal	putrāḥ	putra	nominal	MATCH	yes	yes		1	1
1	1.34	tathā	tathā	indecl	tathā	tathā	indecl	MATCH	yes	yes		1	1
1	1.34	eva	eva	indecl	eva	eva	indecl	MATCH	yes	yes		1	1
1	1.34	ca	ca	indecl	ca	ca	indecl	MATCH	yes	yes		1	1
1	1.34	pitāmahāḥ	pitā-maha	nominal	pitāmahāḥ	pitāmaha	nominal	MATCH	yes	yes		1	1
1	1.34	mātulāḥ	mātula	nominal	mātulāḥ	mātula	nominal	MATCH	yes	yes		1	1
1	1.34	śvaśurāḥ	śvaśura	nominal	śvaśurāḥ	śvaśura	nominal	MATCH	yes	yes		1	1
1	1.34	pautrāḥ	pautra	nominal	pautrāḥ	pautra	nominal	MATCH	yes	yes		1	1
1	1.34	syālāḥ	syāla	nominal	syālāḥ	syāla	nominal	MATCH	yes	yes		1	1
1	1.34	sambandhinaḥ	sam-bandhin	nominal	sambandhinaḥ	sambandhin	indecl	POS_DIVERGE	yes	no		1	1
1	1.34	tathā	tathā	indecl	tathā	tathā	indecl	MATCH	yes	yes		1	1
1	1.35	etān	etat	nominal	etān	etad	nominal	LEMMA_CONVENTION	no	yes	pronoun-stem	1	1
1	1.35	na	na	indecl	na	na	indecl	MATCH	yes	yes		1	1
1	1.35	hantum	√han	unknown	hantum	han	verb	POS_DIVERGE	yes	no		1	1
1	1.35	icchāmi	√iṣ	verb	icchāmi	iṣ	verb	MATCH	yes	yes		1	1
1	1.35	ghnataḥ	ghnant	nominal	ghnato	han	verb	LEMMA+POS_DIVERGE	no	no		1	1
1	1.35	api	api	indecl	'pi	api	indecl	MATCH	yes	yes		1	1
1	1.35	madhu-sūdana	madhu-sūdana	nominal	madhusūdana	madhusūdana	nominal	MATCH	yes	yes		1	1
1	1.35	api	api	indecl	api	api	indecl	MATCH	yes	yes		1	1
1	1.35	trai-lokya-rājyasya	trai-lokya-rājya	nominal	trailokya|rājyasya	trailokya|rājya	nominal|nominal	COMPOUND_SPLIT	n/a	n/a		1	2
1	1.35	hetoḥ	hetoḥ	indecl	hetoḥ	hetu	nominal	LEMMA+POS_DIVERGE	no	no		1	1
1	1.35	kim	kim	indecl	kiṃ	ka	nominal	LEMMA_CONVENTION+POS_DIVERGE	no	no	pronoun-stem	1	1
1	1.35	nu	nu	indecl	nu	nu	indecl	MATCH	yes	yes		1	1
1	1.35	mahī-kṛte	mahī-kṛte	indecl	mahī|kṛte	mahī|kṛte	nominal|indecl	COMPOUND_SPLIT	n/a	n/a		1	2
1	1.36	nihatya	ni-√han	unknown	nihatya	nihan	verb	POS_DIVERGE	yes	no		1	1
1	1.36	dhārtarāṣṭrān	dhārtarāṣṭra	nominal	dhārtarāṣṭrān	dhārtarāṣṭra	nominal	MATCH	yes	yes		1	1
1	1.36	naḥ	asmat	nominal	naḥ	mad	nominal	LEMMA_CONVENTION	no	yes	pronoun-stem	1	1
1	1.36	kā	kim	nominal	kā	ka	nominal	LEMMA_CONVENTION	no	yes	pronoun-stem	1	1
1	1.36	prītiḥ	prīti	nominal	prītiḥ	prīti	nominal	MATCH	yes	yes		1	1
1	1.36	syāt	√as	verb	syāt	as	verb	MATCH	yes	yes		1	1
1	1.36	janārdana	jana-ardana	nominal	janārdana	janārdana	nominal	LEMMA_CONVENTION	no	yes	vowel-sandhi/contraction	1	1
1	1.36	pāpam	pāpa	nominal	pāpam	pāpa	nominal	MATCH	yes	yes		1	1
1	1.36	eva	eva	indecl	eva	eva	indecl	MATCH	yes	yes		1	1
1	1.36	āśrayet	ā-√śri	verb	āśrayet	āśri	verb	MATCH	yes	yes		1	1
1	1.36	asmān	asmat	nominal	asmān	mad	nominal	LEMMA_CONVENTION	no	yes	pronoun-stem	1	1
1	1.36	hatvā	√han	unknown	hatvā	han	verb	POS_DIVERGE	yes	no		1	1
1	1.36	etān	etat	nominal	etān	etad	nominal	LEMMA_CONVENTION	no	yes	pronoun-stem	1	1
1	1.36	ātatāyinaḥ	ātatāyin	nominal	ātatāyinaḥ	ātatāyin	indecl	POS_DIVERGE	yes	no		1	1
1	1.37	tasmāt	tasmāt	indecl	tasmāt	tasmāt	indecl	MATCH	yes	yes		1	1
1	1.37	na	na	indecl	na	na	indecl	MATCH	yes	yes		1	1
1	1.37	arhāḥ	arha	nominal	arhāḥ	arha	indecl	POS_DIVERGE	yes	no		1	1
1	1.37	vayam	asmat	nominal	vayaṃ	mad	nominal	LEMMA_CONVENTION	no	yes	pronoun-stem	1	1
1	1.37	hantum	√han	unknown	hantuṃ	han	verb	POS_DIVERGE	yes	no		1	1
1	1.37	dhārtarāṣṭrān	dhārtarāṣṭra	nominal	dhārtarāṣṭrān	dhārtarāṣṭra	nominal	MATCH	yes	yes		1	1
1	1.37	sa-bāndhavān	sa-bāndhava	nominal	sa|bāndhavān	sa|bāndhava	indecl|nominal	COMPOUND_SPLIT	n/a	n/a		1	2
1	1.37	sva-janam	sva-jana	nominal	sva|janam	sva|jana	indecl|nominal	COMPOUND_SPLIT	n/a	n/a		1	2
1	1.37	hi	hi	indecl	hi	hi	indecl	MATCH	yes	yes		1	1
1	1.37	katham	katham	indecl	kathaṃ	katham	indecl	MATCH	yes	yes		1	1
1	1.37	hatvā	√han	unknown	hatvā	han	verb	POS_DIVERGE	yes	no		1	1
1	1.37	sukhinaḥ	sukhin	nominal	sukhinaḥ	sukhin	indecl	POS_DIVERGE	yes	no		1	1
1	1.37	syāma	√as	verb	syāma	as	verb	MATCH	yes	yes		1	1
1	1.37	mādhava	mādhava	nominal	mādhava	mādhava	nominal	MATCH	yes	yes		1	1
1	1.38	yadi	yadi	indecl	yadi	yadi	indecl	MATCH	yes	yes		1	1
1	1.38	api	api	indecl	api	api	indecl	MATCH	yes	yes		1	1
1	1.38	ete	etat	nominal	ete	etad	nominal	LEMMA_CONVENTION	no	yes	pronoun-stem	1	1
1	1.38	na	na	indecl	na	na	indecl	MATCH	yes	yes		1	1
1	1.38	paśyanti	√dṛś	verb	paśyanti	dṛś	verb	MATCH	yes	yes		1	1
1	1.38	lobhopahata-cetasaḥ	lobha-upahata-cetas	nominal	lobha|upahata|cetasaḥ	lobha|upahan|cetas	nominal|verb|nominal	COMPOUND_SPLIT	n/a	n/a		1	3
1	1.38	kula-kṣaya-kṛtam	kula-kṣaya-kṛta	nominal	kula|kṣaya|kṛtam	kula|kṣaya|kṛ	nominal|nominal|verb	COMPOUND_SPLIT	n/a	n/a		1	3
1	1.38	doṣam	doṣa	nominal	doṣaṃ	doṣa	nominal	MATCH	yes	yes		1	1
1	1.38	mitra-drohe	mitra-droha	nominal	mitra|drohe	mitra|droha	nominal|nominal	COMPOUND_SPLIT	n/a	n/a		1	2
1	1.38	ca	ca	indecl	ca	ca	indecl	MATCH	yes	yes		1	1
1	1.38	pātakam	pātaka	nominal	pātakam	pātaka	nominal	MATCH	yes	yes		1	1
1	1.39	katham	katham	indecl	kathaṃ	katham	indecl	MATCH	yes	yes		1	1
1	1.39	na	na	indecl	na	na	indecl	MATCH	yes	yes		1	1
1	1.39	jñeyam	jñeya	nominal	jñeyam	jñā	verb	LEMMA+POS_DIVERGE	no	no		1	1
1	1.39	asmābhiḥ	asmat	nominal	asmābhiḥ	mad	nominal	LEMMA_CONVENTION	no	yes	pronoun-stem	1	1
1	1.39	pāpāt	pāpa	nominal	pāpāt	pāpa	nominal	MATCH	yes	yes		1	1
1	1.39	asmāt	idam	nominal	asmāt	idam	nominal	MATCH	yes	yes		1	1
1	1.39	nivartitum	ni-√vṛt	unknown	nivartitum	nivṛt	verb	POS_DIVERGE	yes	no		1	1
1	1.39	kula-kṣaya-kṛtam	kula-kṣaya-kṛta	nominal	kula|kṣaya|kṛtam	kula|kṣaya|kṛ	nominal|nominal|verb	COMPOUND_SPLIT	n/a	n/a		1	3
1	1.39	doṣam	doṣa	nominal	doṣaṃ	doṣa	nominal	MATCH	yes	yes		1	1
1	1.39	prapaśyadbhiḥ	pra-paśyant	nominal	prapaśyadbhiḥ	prapaś	verb	LEMMA+POS_DIVERGE	no	no		1	1
1	1.39	janārdana	jana-ardana	nominal	janārdana	janārdana	nominal	LEMMA_CONVENTION	no	yes	vowel-sandhi/contraction	1	1
1	1.40	kula-kṣaye	kula-kṣaya	nominal	kula|kṣaye	kula|kṣaya	nominal|nominal	COMPOUND_SPLIT	n/a	n/a		1	2
1	1.40	praṇaśyanti	pra–√naś	verb	praṇaśyanti	praṇaś	verb	LEMMA_DIVERGE	no	yes		1	1
1	1.40	kula-dharmāḥ	kula-dharma	nominal	kula|dharmāḥ	kula|dharma	nominal|nominal	COMPOUND_SPLIT	n/a	n/a		1	2
1	1.40	sanātanāḥ	sanātana	nominal	sanātanāḥ	sanātana	indecl	POS_DIVERGE	yes	no		1	1
1	1.40	dharme	dharma	nominal	dharme	dharma	nominal	MATCH	yes	yes		1	1
1	1.40	naṣṭe	naṣṭa	nominal	naṣṭe	naś	verb	LEMMA+POS_DIVERGE	no	no		1	1
1	1.40	kulam	kula	nominal	kulaṃ	kula	nominal	MATCH	yes	yes		1	1
1	1.40	kṛtsnam	kṛtsna	nominal	kṛtsnam	kṛtsna	indecl	POS_DIVERGE	yes	no		1	1
1	1.40	adharmaḥ	a-dharma	nominal	adharmaḥ	adharma	nominal	MATCH	yes	yes		1	1
1	1.40	abhibhavati	abhi-√bhū	verb	abhibhavati	abhibhū	verb	MATCH	yes	yes		1	1
1	1.40	uta	uta	indecl	uta	uta	indecl	MATCH	yes	yes		1	1
1	1.41	adharmābhibhavāt	a-dharma-abhi-bhava	nominal	adharma|abhibhavāt	adharma|abhibhava	nominal|nominal	COMPOUND_SPLIT	n/a	n/a		1	2
1	1.41	kṛṣṇa	kṛṣṇa	nominal	kṛṣṇa	kṛṣṇa	nominal	MATCH	yes	yes		1	1
1	1.41	praduṣyanti	pra-√duṣ	verb	praduṣyanti	praduṣ	verb	MATCH	yes	yes		1	1
1	1.41	kula-striyaḥ	kula-strī	nominal	kula|striyaḥ	kula|strī	nominal|nominal	COMPOUND_SPLIT	n/a	n/a		1	2
1	1.41	strīṣu	strī	nominal	strīṣu	strī	nominal	MATCH	yes	yes		1	1
1	1.41	duṣṭāsu	duṣṭa	nominal	duṣṭāsu	duṣ	verb	LEMMA+POS_DIVERGE	no	no		1	1
1	1.41	vārṣṇeya	vārṣṇeya	nominal	vārṣṇeya	vārṣṇeya	nominal	MATCH	yes	yes		1	1
1	1.41	jāyate	√jan	verb	jāyate	jan	verb	MATCH	yes	yes		1	1
1	1.41	varṇa-saṁkaraḥ	varṇa-saṁkara	nominal	varṇa|saṃkaraḥ	varṇa|saṃkara	nominal|nominal	COMPOUND_SPLIT	n/a	n/a		1	2
1	1.42	saṁkaraḥ	saṁkara	nominal	saṃkaro	saṃkara	nominal	MATCH	yes	yes		1	1
1	1.42	narakāya	naraka	nominal	narakāya	naraka	nominal	MATCH	yes	yes		1	1
1	1.42	eva	eva	indecl	eva	eva	indecl	MATCH	yes	yes		1	1
1	1.42	kula-ghnānām	kula-ghna	nominal	kula|ghnānām	kula|ghna	nominal|indecl	COMPOUND_SPLIT	n/a	n/a		1	2
1	1.42	kulasya	kula	nominal	kulasya	kula	nominal	MATCH	yes	yes		1	1
1	1.42	ca	ca	indecl	ca	ca	indecl	MATCH	yes	yes		1	1
1	1.42	patanti	√pat	verb	patanti	pat	verb	MATCH	yes	yes		1	1
1	1.42	pitaraḥ	pitṛ	nominal	pitaro	pitṛ	nominal	MATCH	yes	yes		1	1
1	1.42	hi	hi	indecl	hi	hi	indecl	MATCH	yes	yes		1	1
1	1.42	eṣām	etat	nominal	eṣām	idam	nominal	LEMMA_DIVERGE	no	yes		1	1
1	1.42	lupta-piṇḍodaka-kriyāḥ	lupta-piṇḍa-udaka-kriya	nominal	lupta|piṇḍa|udaka|kriyāḥ	lup|piṇḍa|udaka|kriyā	verb|nominal|nominal|nominal	COMPOUND_SPLIT	n/a	n/a		1	4
1	1.43	doṣaiḥ	doṣa	nominal	doṣaiḥ	doṣa	nominal	MATCH	yes	yes		1	1
1	1.43	etaiḥ	etat	nominal	etaiḥ	etad	nominal	LEMMA_CONVENTION	no	yes	pronoun-stem	1	1
1	1.43	kula-ghnānām	kula-ghna	nominal	kula|ghnānām	kula|ghna	nominal|indecl	COMPOUND_SPLIT	n/a	n/a		1	2
1	1.43	varṇa-saṁkara-kārakaiḥ	varṇa-saṁkara-kāraka	nominal	varṇa|saṃkara|kārakaiḥ	varṇa|saṃkara|kāraka	nominal|nominal|indecl	COMPOUND_SPLIT	n/a	n/a		1	3
1	1.43	utsādyante	ut-√sad	verb	utsādyante	utsāday	verb	LEMMA_DIVERGE	no	yes		1	1
1	1.43	jāti-dharmāḥ	jāti-dharma	nominal	jāti|dharmāḥ	jāti|dharma	nominal|nominal	COMPOUND_SPLIT	n/a	n/a		1	2
1	1.43	kula-dharmāḥ	kula-dharma	nominal	kula|dharmāḥ	kula|dharma	nominal|nominal	COMPOUND_SPLIT	n/a	n/a		1	2
1	1.43	ca	ca	indecl	ca	ca	indecl	MATCH	yes	yes		1	1
1	1.43	śāśvatāḥ	śāśvata	nominal	śāśvatāḥ	śāśvata	indecl	POS_DIVERGE	yes	no		1	1
1	1.44	utsanna-kula-dharmāṇāṁ	utsanna-kula-dharma	nominal	utsanna	utsad	verb	LEMMA+POS_DIVERGE	no	no		1	1
1	1.44	manuṣyāṇām	manuṣya	nominal	kula	kula	nominal	LEMMA_DIVERGE	no	yes		1	1
1	1.44	janārdana	Janārdana	nominal	dharmāṇām	dharma	nominal	LEMMA_DIVERGE	no	yes		1	1
1	1.44	narake	naraka	nominal	manuṣyāṇāṃ	manuṣya	nominal	LEMMA_DIVERGE	no	yes		1	1
1	1.44	niyatam	niyatam	indecl	janārdana	janārdana	nominal	LEMMA+POS_DIVERGE	no	no		1	1
1	1.44	vāsaḥ	vāsa	nominal	narake	naraka	nominal	LEMMA_DIVERGE	no	yes		1	1
1	1.44	bhavati	√bhū	verb	niyataṃ	niyatam	indecl	LEMMA+POS_DIVERGE	no	no		1	1
1	1.44	iti	iti	indecl	vāso	vāsa	nominal	LEMMA+POS_DIVERGE	no	no		1	1
1	1.44	anuśuśruma	anu-√śru	verb	bhavati	bhū	verb	LEMMA_DIVERGE	no	yes		1	1
1	1.45	aho bata	aho bata	indecl	iti	iti	indecl	LEMMA_DIVERGE	no	yes		1	1
1	1.45	mahat	mahant	nominal	anuśuśruma	anuśru	verb	LEMMA+POS_DIVERGE	no	no		1	1
1	1.45	pāpam	pāpa	nominal	aho	aho	indecl	LEMMA+POS_DIVERGE	no	no		1	1
1	1.45	kartum	√kṛ	unknown	bata	bata	indecl	LEMMA+POS_DIVERGE	no	no		1	1
1	1.45	vyavasitāḥ	vi-ava-sita	nominal	mahat	mahat	indecl	LEMMA+POS_DIVERGE	no	no		1	1
1	1.45	vayam	asmat	nominal	pāpam	pāpa	nominal	LEMMA_DIVERGE	no	yes		1	1
1	1.45	yat	yat	indecl	kartuṃ	kṛ	verb	LEMMA+POS_DIVERGE	no	no		1	1
1	1.45	rājya-sukha-lobhena	rājya-sukha-lobha	nominal	vyavasitā	vyavasā	verb	LEMMA+POS_DIVERGE	no	no		1	1
1	1.45	hantum	√han	unknown	vayam	mad	nominal	LEMMA+POS_DIVERGE	no	no		1	1
1	1.45	sva-janam	sva-janam	nominal	yat	yat	indecl	LEMMA+POS_DIVERGE	no	no		1	1
1	1.45	udyatāḥ	udyata	nominal	rājya	rājya	nominal	LEMMA_DIVERGE	no	yes		1	1
1	1.45	yati		unknown	sukha	sukha	nominal	LEMMA_CONVENTION+POS_DIVERGE	no	no	pronoun-stem	1	1
1	1.46	yadi	yadi	indecl	lobhena	lobha	nominal	LEMMA+POS_DIVERGE	no	no		1	1
1	1.46	mām	asmat	nominal	hantuṃ	han	verb	LEMMA+POS_DIVERGE	no	no		1	1
1	1.46	apratī-kāram	a-pratī-kāram	nominal	sva	sva	indecl	LEMMA+POS_DIVERGE	no	no		1	1
1	1.46	aśastram	a-śastra	nominal	janam	jana	nominal	LEMMA_DIVERGE	no	yes		1	1
1	1.46	śastra-pāṇayaḥ	śastra-pāṇi	nominal	udyatāḥ	udyam	verb	LEMMA+POS_DIVERGE	no	no		1	1
1	1.46	dhārtarāṣṭrāḥ	dhārtarāṣṭra	nominal	yadi	yadi	indecl	LEMMA+POS_DIVERGE	no	no		1	1
1	1.46	raṇe	raṇa	nominal	mām	mad	nominal	LEMMA_DIVERGE	no	yes		1	1
1	1.46	hanyuḥ	√han	verb	apratīkāram	apratīkāra	indecl	LEMMA+POS_DIVERGE	no	no		1	1
1	1.46	tat	tat	nominal	aśastram	aśastra	indecl	LEMMA+POS_DIVERGE	no	no		1	1
1	1.46	me	asmat	nominal	śastra	śastra	nominal	LEMMA_DIVERGE	no	yes		1	1
1	1.46	kṣema-taram	kṣema-tara	nominal	pāṇayaḥ	pāṇi	nominal	LEMMA_DIVERGE	no	yes		1	1
1	1.46	bhavet	√bhū	verb	dhārtarāṣṭrā	dhārtarāṣṭra	nominal	LEMMA+POS_DIVERGE	no	no		1	1
1	1.47	saṁjayaḥ	sam-jaya	nominal	raṇe	raṇa	nominal	LEMMA_DIVERGE	no	yes		1	1
1	1.47	uvāca	√vac	verb	hanyuḥ	han	verb	LEMMA_DIVERGE	no	yes		1	1
1	1.47	evam	evam	indecl	tat	tad	nominal	LEMMA+POS_DIVERGE	no	no		1	1
1	1.47	uktvā	√vac	unknown	me	mad	nominal	LEMMA+POS_DIVERGE	no	no		1	1
1	1.47	arjunaḥ	arjuna	nominal	kṣemataraṃ	kṣematara	indecl	LEMMA+POS_DIVERGE	no	no		1	1
1	1.47	saṁkhye	saṁkhya	nominal	bhavet	bhū	verb	LEMMA+POS_DIVERGE	no	no		1	1
1	1.47	rathopasthe	ratha-upastha	nominal	evam	evam	indecl	LEMMA+POS_DIVERGE	no	no		1	1
1	1.47	upāviśat	upa-ā-√viś	verb	uktvā	vac	verb	LEMMA_DIVERGE	no	yes		1	1
1	1.47	visṛjya	vi-√sṛj	unknown	arjunaḥ	arjuna	nominal	LEMMA+POS_DIVERGE	no	no		1	1
1	1.47	sa-śaram	sa-śara	nominal	saṃkhye	saṃkhya	nominal	LEMMA_DIVERGE	no	yes		1	1
1	1.47	cāpam	cāpa	nominal	rathopastha	rathopastha	nominal	LEMMA_DIVERGE	no	yes		1	1
1	1.47	śoka-saṁvigna-mānasaḥ	śoka-saṁvigna-mānasa	nominal	upāviśat	upaviś	verb	LEMMA+POS_DIVERGE	no	no		1	1
1					visṛjya|sa|śaram|cāpaṃ|śoka|saṃvigna|mānasaḥ	visṛj|sa|śara|cāpa|śoka|saṃvij|mānasa	verb|indecl|nominal|nominal|nominal|verb|nominal	GOLD_ONLY				0	7
2	2.01	saṁjayaḥ	sam-jaya	nominal	saṃjayaḥ	saṃjaya	nominal	LEMMA_CONVENTION	no	yes	nasal-class	1	1
2	2.01	uvāca	√vac	verb	uvāca	vac	verb	MATCH	yes	yes		1	1
2	2.01	tam	tat	nominal	tam	tad	nominal	LEMMA_CONVENTION	no	yes	pronoun-stem	1	1
2	2.01	tathā	tathā	indecl	tathā	tathā	indecl	MATCH	yes	yes		1	1
2	2.01	kṛpayā	kṛpā	nominal	kṛpayā	kṛpā	nominal	MATCH	yes	yes		1	1
2	2.01	āviṣṭam	āviṣṭa	nominal	āviṣṭam	āviś	verb	LEMMA+POS_DIVERGE	no	no		1	1
2	2.01	aśru-pūrṇākulekṣaṇam	aśru-pūrṇa-ākula-īkṣaṇa	nominal	aśru|pūrṇa|ākula|īkṣaṇam	aśru|pṛ|ākula|īkṣaṇa	nominal|verb|indecl|nominal	COMPOUND_SPLIT	n/a	n/a		1	4
2	2.01	viṣīdantam	viṣīdant	nominal	viṣīdantam	viṣad	verb	LEMMA+POS_DIVERGE	no	no		1	1
2	2.01	idam	idam	nominal	idam	idam	nominal	MATCH	yes	yes		1	1
2	2.01	vākyam	vākya	nominal	vākyam	vākya	nominal	MATCH	yes	yes		1	1
2	2.01	uvāca	√vac	verb	uvāca	vac	verb	MATCH	yes	yes		1	1
2	2.01	madhu-sūdana	madhu-sūdana	nominal	madhusūdanaḥ	madhusūdana	nominal	MATCH	yes	yes		1	1
2	2.02	śrī-bhagavān	śrī-bhagavant	nominal	śrī|bhagavān	śrī|bhagavant	nominal|nominal	COMPOUND_SPLIT	n/a	n/a		1	2
2	2.02	uvāca	√vac	verb	uvāca	vac	verb	MATCH	yes	yes		1	1
2	2.02	kutaḥ	kutaḥ	indecl	kutas	kutas	indecl	LEMMA_CONVENTION	no	yes	adverb--tas/-taḥ	1	1
2	2.02	tvā	yuṣmat	nominal	tvā	tvad	nominal	LEMMA_CONVENTION	no	yes	pronoun-stem	1	1
2	2.02	kaśmalam	kaśmala	nominal	kaśmalam	kaśmala	nominal	MATCH	yes	yes		1	1
2	2.02	idam	idam	nominal	idam	idam	nominal	MATCH	yes	yes		1	1
2	2.02	viṣame	viṣama	nominal	viṣame	viṣama	nominal	MATCH	yes	yes		1	1
2	2.02	samupasthitam	sam-upa-sthita	nominal	samupasthitam	samupasthā	verb	LEMMA+POS_DIVERGE	no	no		1	1
2	2.02	anārya-juṣṭam	an-ārya-juṣṭa	nominal	an|ārya|juṣṭam	an|ārya|juṣ	indecl|nominal|verb	COMPOUND_SPLIT	n/a	n/a		1	3
2	2.02	asvargyam	a-svargya	nominal	a|svargyam	a|svargya	indecl|indecl	COMPOUND_SPLIT	n/a	n/a		1	2
2	2.02	akīrti-karam	a-kīrti-kara	nominal	a|kīrti|karam	a|kīrti|kara	indecl|nominal|indecl	COMPOUND_SPLIT	n/a	n/a		1	3
2	2.02	arjuna	arjuna	nominal	arjuna	arjuna	nominal	MATCH	yes	yes		1	1
2	2.03	klaibyam	klaibya	nominal	klaibyam	klaibya	nominal	MATCH	yes	yes		1	1
2	2.03	mā sma	mā sma	indecl	mā|sma	mā|sma	indecl|indecl	COMPOUND_SPLIT	n/a	n/a		1	2
2	2.03	[a]gamaḥ	√gam	verb	gamaḥ	gam	verb	MATCH	yes	yes		1	1
2	2.03	pārtha	pārtha	nominal	pārtha	pārtha	nominal	MATCH	yes	yes		1	1
2	2.03	na	na	indecl	na	na	indecl	MATCH	yes	yes		1	1
2	2.03	etat	etat	nominal	etat	etad	nominal	LEMMA_CONVENTION	no	yes	pronoun-stem	1	1
2	2.03	tvayi	yuṣmat	nominal	tvayi	tvad	nominal	LEMMA_CONVENTION	no	yes	pronoun-stem	1	1
2	2.03	upapadyate	upa-√pad	verb	upapadyate	upapad	verb	MATCH	yes	yes		1	1
2	2.03	kṣudram	kṣudra	nominal	kṣudram	kṣudra	indecl	POS_DIVERGE	yes	no		1	1
2	2.03	hṛdaya-daurbalyam	hṛdaya-daurbalya	nominal	hṛdaya|daurbalyam	hṛdaya|daurbalya	nominal|nominal	COMPOUND_SPLIT	n/a	n/a		1	2
2	2.03	tyaktvā	√tyaj	unknown	tyaktvā	tyaj	verb	POS_DIVERGE	yes	no		1	1
2	2.03	uttiṣṭha	ut-√sthā	verb	uttiṣṭha	utthā	verb	LEMMA_DIVERGE	no	yes		1	1
2	2.03	paraṁtapa	param-tapa	nominal	paraṃtapa	paraṃtapa	indecl	LEMMA_CONVENTION+POS_DIVERGE	no	no	nasal-class	1	1
2	2.04	arjunaḥ	arjuna	nominal	arjunaḥ	arjuna	nominal	MATCH	yes	yes		1	1
2	2.04	uvāca	√vac	verb	uvāca	vac	verb	MATCH	yes	yes		1	1
2	2.04	katham	katham	indecl	katham	katham	indecl	MATCH	yes	yes		1	1
2	2.04	bhīṣmam	bhīṣma	nominal	bhīṣmam	bhīṣma	nominal	MATCH	yes	yes		1	1
2	2.04	aham	asmat	nominal	aham	mad	nominal	LEMMA_CONVENTION	no	yes	pronoun-stem	1	1
2	2.04	saṁkhye	saṁkhya	nominal	saṃkhye	saṃkhya	nominal	MATCH	yes	yes		1	1
2	2.04	droṇam	droṇa	nominal	droṇam	droṇa	nominal	MATCH	yes	yes		1	1
2	2.04	ca	ca	indecl	ca	ca	indecl	MATCH	yes	yes		1	1
2	2.04	madhu-sūdana	madhu-sūdana	nominal	madhusūdana	madhusūdana	nominal	MATCH	yes	yes		1	1
2	2.04	iṣubhiḥ	iṣu	nominal	iṣubhiḥ	iṣu	nominal	MATCH	yes	yes		1	1
2	2.04	pratiyotsyāmi	prati-√yudh	verb	pratiyotsyāmi	pratiyudh	verb	MATCH	yes	yes		1	1
2	2.04	pūjārhau	pūjā-arha	nominal	pūjā|arhau	pūjā|arha	nominal|indecl	COMPOUND_SPLIT	n/a	n/a		1	2
2	2.04	ari-sūdana	ari-sūdana	nominal	ari|sūdana	ari|sūdana	nominal|indecl	COMPOUND_SPLIT	n/a	n/a		1	2
2	2.05	gurūn	guru	nominal	gurūn	guru	nominal	MATCH	yes	yes		1	1
2	2.05	a-hatvā	√han	unknown	a|hatvā	a|han	indecl|verb	COMPOUND_SPLIT	n/a	n/a		1	2
2	2.05	hi	hi	indecl	hi	hi	indecl	MATCH	yes	yes		1	1
2	2.05	mahānubhāvān	mahā-anubhāva	nominal	mahā|anubhāvān	mahat|anubhāva	indecl|nominal	COMPOUND_SPLIT	n/a	n/a		1	2
2	2.05	śreyaḥ	śreyaḥ	indecl	śreyaḥ	śreyas	indecl	LEMMA_CONVENTION	no	yes	adverb--tas/-taḥ	1	1
2	2.05	bhoktum	√bhuj	unknown	bhoktuṃ	bhuj	verb	POS_DIVERGE	yes	no		1	1
2	2.05	bhaikṣam	bhaikṣa	nominal	bhaikṣam	bhaikṣa	nominal	MATCH	yes	yes		1	1
2	2.05	api	api	indecl	api	api	indecl	MATCH	yes	yes		1	1
2	2.05	iha	iha	indecl	iha	iha	indecl	MATCH	yes	yes		1	1
2	2.05	loke	loka	nominal	loke	loka	nominal	MATCH	yes	yes		1	1
2	2.05	hatvā	√han	unknown	hatvā	han	verb	POS_DIVERGE	yes	no		1	1
2	2.05	artha-kāmān	artha-kāma	nominal	artha|kāmān	artha|kāma	nominal|nominal	COMPOUND_SPLIT	n/a	n/a		1	2
2	2.05	tu	tu	indecl	tu	tu	indecl	MATCH	yes	yes		1	1
2	2.05	gurūn	guru	nominal	gurūn	guru	nominal	MATCH	yes	yes		1	1
2	2.05	iha	iha	indecl	iha	iha	indecl	MATCH	yes	yes		1	1
2	2.05	eva	eva	indecl	eva	eva	indecl	MATCH	yes	yes		1	1
2	2.05	bhuñjīya	√bhuj	verb	bhuñjīya	bhuj	verb	MATCH	yes	yes		1	1
2	2.05	bhogān	bhoga	nominal	bhogān	bhoga	nominal	MATCH	yes	yes		1	1
2	2.05	rudhira-pradigdhān	rudhira-pradigdha	nominal	rudhira|pradigdhān	rudhira|pradih	nominal|verb	COMPOUND_SPLIT	n/a	n/a		1	2
2	2.06	na	na	indecl	na	na	indecl	MATCH	yes	yes		1	1
2	2.06	ca	ca	indecl	ca	ca	indecl	MATCH	yes	yes		1	1
2	2.06	etat	etat	nominal	etat	etad	nominal	LEMMA_CONVENTION	no	yes	pronoun-stem	1	1
2	2.06	vidmaḥ	√vid	verb	vidmaḥ	vid	verb	MATCH	yes	yes		1	1
2	2.06	katarat	katarat	nominal	katarat	katarat	nominal	MATCH	yes	yes		1	1
2	2.06	naḥ	asmat	nominal	naḥ	mad	nominal	LEMMA_CONVENTION	no	yes	pronoun-stem	1	1
2	2.06	garīyaḥ	garīyas	nominal	garīyo	garīyas	indecl	POS_DIVERGE	yes	no		1	1
2	2.06	yat vā	yat vā	indecl	yat|vā	yat|vā	indecl|indecl	COMPOUND_SPLIT	n/a	n/a		1	2
2	2.06	jayema	√ji	verb	jayema	ji	verb	MATCH	yes	yes		1	1
2	2.06	yadi vā	yadi vā	indecl	yadi|vā	yadi|vā	indecl|indecl	COMPOUND_SPLIT	n/a	n/a		1	2
2	2.06	naḥ|jayeyuḥ	asmat|√ji	nominal|verb	no|jayeyuḥ	no|ji	indecl|verb	RESEGMENTED	n/a	n/a		2	2
2	2.06	yān	yat	nominal	yān	yad	nominal	LEMMA_CONVENTION	no	yes	pronoun-stem	1	1
2	2.06	eva	eva	indecl	eva	eva	indecl	MATCH	yes	yes		1	1
2	2.06	hatvā	√han	unknown	hatvā	han	verb	POS_DIVERGE	yes	no		1	1
2	2.06	na	na	indecl	na	na	indecl	MATCH	yes	yes		1	1
2	2.06	jijīviṣāmaḥ	√jīv	verb	jijīviṣāmaḥ	jijīviṣ	verb	LEMMA_DIVERGE	no	yes		1	1
2	2.06	te	tat	nominal	te	tad	nominal	LEMMA_CONVENTION	no	yes	pronoun-stem	1	1
2	2.06	avasthitāḥ	ava-sthita	nominal	'vasthitāḥ	avasthā	verb	LEMMA+POS_DIVERGE	no	no		1	1
2	2.06	pramukhe	pra-mukha	nominal	pramukhe	pramukha	indecl	POS_DIVERGE	yes	no		1	1
2	2.06	dhārtarāṣṭrāḥ	dhārtarāṣṭra	nominal	dhārtarāṣṭrāḥ	dhārtarāṣṭra	nominal	MATCH	yes	yes		1	1
2	2.07	kārpaṇya-doṣopahata-svabhāvaḥ	kārpaṇya-doṣa-upahata-svabhāva	nominal	kārpaṇya|doṣa|upahata|svabhāvaḥ	kārpaṇya|doṣa|upahan|svabhāva	nominal|nominal|verb|nominal	COMPOUND_SPLIT	n/a	n/a		1	4
2	2.07	pṛcchāmi	√prach	verb	pṛcchāmi	pracch	verb	LEMMA_DIVERGE	no	yes		1	1
2	2.07	tvā	yuṣmat	nominal	tvāṃ	tvad	nominal	LEMMA_CONVENTION	no	yes	pronoun-stem	1	1
2	2.07	dharma-saṁmūḍha-cetāḥ	dharma-saṁmūḍha-cetas	nominal	dharma|saṃmūḍha|cetāḥ	dharma|sammuh|cetas	nominal|verb|nominal	COMPOUND_SPLIT	n/a	n/a		1	3
2	2.07	yat	yat	nominal	yat	yad	nominal	LEMMA_CONVENTION	no	yes	pronoun-stem	1	1
2	2.07	śreyaḥ	śreyas	nominal	śreyaḥ	śreyas	indecl	POS_DIVERGE	yes	no		1	1
2	2.07	syāt	√as	verb	syāt	as	verb	MATCH	yes	yes		1	1
2	2.07	niścitam	niścita	nominal	niścitam	niścitam	indecl	LEMMA_CONVENTION+POS_DIVERGE	no	no	final-t/d+n	1	1
2	2.07	brūhi	√brū	verb	brūhi	brū	verb	MATCH	yes	yes		1	1
2	2.07	tan	tat	nominal	tat	tad	nominal	LEMMA_CONVENTION	no	yes	pronoun-stem	1	1
2	2.07	me	asmat	nominal	me	mad	nominal	LEMMA_CONVENTION	no	yes	pronoun-stem	1	1
2	2.07	śiṣyaḥ	śiṣya	nominal	śiṣyaḥ	śiṣya	nominal	MATCH	yes	yes		1	1
2	2.07	te	yuṣmat	nominal	te	tvad	nominal	LEMMA_CONVENTION	no	yes	pronoun-stem	1	1
2	2.07	aham	asmat	nominal	'haṃ	mad	nominal	LEMMA_CONVENTION	no	yes	pronoun-stem	1	1
2	2.07	śādhi	√śās	verb	śādhi	śās	verb	MATCH	yes	yes		1	1
2	2.07	mām	asmat	nominal	māṃ	mad	nominal	LEMMA_CONVENTION	no	yes	pronoun-stem	1	1
2	2.07	tvām	yuṣmat	nominal	tvāṃ	tvad	nominal	LEMMA_CONVENTION	no	yes	pronoun-stem	1	1
2	2.07	prapannam	prapanna	nominal	prapannam	prapad	verb	LEMMA+POS_DIVERGE	no	no		1	1
2	2.08	na	na	indecl	na	na	indecl	MATCH	yes	yes		1	1
2	2.08	hi	hi	indecl	hi	hi	indecl	MATCH	yes	yes		1	1
2	2.08	prapaśyāmi	pra-√dṛś	verb	prapaśyāmi	prapaś	verb	LEMMA_DIVERGE	no	yes		1	1
2	2.08	mama	asmat	nominal	mama	mad	nominal	LEMMA_CONVENTION	no	yes	pronoun-stem	1	1
2	2.08	apanudyāt	apa-√nud	verb	apanudyāt	apanud	verb	MATCH	yes	yes		1	1
2	2.08	yat	yat	nominal	yat	yad	nominal	LEMMA_CONVENTION	no	yes	pronoun-stem	1	1
2	2.08	śokam	śoka	nominal	śokam	śoka	nominal	MATCH	yes	yes		1	1
2	2.08	ucchoṣaṇam	ucchoṣaṇa	nominal	ucchoṣaṇam	ucchoṣaṇa	indecl	POS_DIVERGE	yes	no		1	1
2	2.08	indriyāṇām	indriya	nominal	indriyāṇām	indriya	nominal	MATCH	yes	yes		1	1
2	2.08	avāpya	ava-√āp	unknown	avāpya	avāp	verb	LEMMA_CONVENTION+POS_DIVERGE	no	no	vowel-sandhi/contraction	1	1
2	2.08	bhūmau	bhūmi	nominal	bhūmau	bhūmi	nominal	MATCH	yes	yes		1	1
2	2.08	asapatnam	a-sa-patna	nominal	asapatnam	asapatna	indecl	POS_DIVERGE	yes	no		1	1
2	2.08	ṛddham	ṛddha	nominal	ṛddham	ṛdh	verb	LEMMA+POS_DIVERGE	no	no		1	1
2	2.08	rājyam	rājya	nominal	rājyaṃ	rājya	nominal	MATCH	yes	yes		1	1
2	2.08	surāṇām	sura	nominal	surāṇām	sura	nominal	MATCH	yes	yes		1	1
2	2.08	api	api	indecl	api	api	indecl	MATCH	yes	yes		1	1
2	2.08	ca	ca	indecl	ca	ca	indecl	MATCH	yes	yes		1	1
2	2.08	ādhipatyam	ādhi-patya	nominal	ādhipatyam	ādhipatya	nominal	MATCH	yes	yes		1	1
2	2.09	saṁjayaḥ	sam-jaya	nominal	saṃjaya	saṃjaya	nominal	LEMMA_CONVENTION	no	yes	nasal-class	1	1
2	2.09	uvāca	√vac	verb	uvāca	vac	verb	MATCH	yes	yes		1	1
2	2.09	evam	evam	indecl	evam	evam	indecl	MATCH	yes	yes		1	1
2	2.09	uktvā	√vac	unknown	uktvā	vac	verb	POS_DIVERGE	yes	no		1	1
2	2.09	hṛṣīkeśam	hṛṣīkeśa	nominal	hṛṣīkeśam	hṛṣīkeśa	nominal	MATCH	yes	yes		1	1
2	2.09	guḍākeśaḥ	guḍākeśa	nominal	guḍākeśaḥ	guḍākeśa	nominal	MATCH	yes	yes		1	1
2	2.09	paraṁtapa	param-tapa	nominal	paraṃtapa	paraṃtapa	indecl	LEMMA_CONVENTION+POS_DIVERGE	no	no	nasal-class	1	1
2	2.09	na	na	indecl	na	na	indecl	MATCH	yes	yes		1	1
2	2.09	yotsye	√yudh	verb	yotsye	yudh	verb	MATCH	yes	yes		1	1
2	2.09	iti	iti	indecl	iti	iti	indecl	MATCH	yes	yes		1	1
2	2.09	govindam	govinda	nominal	govindam	govinda	nominal	MATCH	yes	yes		1	1
2	2.09	uktvā	√vac	unknown	uktvā	vac	verb	POS_DIVERGE	yes	no		1	1
2	2.09	tūṣṇīm	tūṣṇīm	indecl	tūṣṇīm	tūṣṇīm	indecl	MATCH	yes	yes		1	1
2	2.09	babhūva	√bhū	verb	babhūva	bhū	verb	MATCH	yes	yes		1	1
2	2.09	ha	ha	indecl	ha	ha	indecl	MATCH	yes	yes		1	1
2	2.10	tam	tat	nominal	tam	tad	nominal	LEMMA_CONVENTION	no	yes	pronoun-stem	1	1
2	2.10	uvāca	√vac	verb	uvāca	vac	verb	MATCH	yes	yes		1	1
2	2.10	hṛṣīkeśaḥ	hṛṣīkeśa	nominal	hṛṣīkeśaḥ	hṛṣīkeśa	nominal	MATCH	yes	yes		1	1
2	2.10	prahasan	prahasant	nominal	prahasan	prahas	verb	LEMMA+POS_DIVERGE	no	no		1	1
2	2.10	iva	iva	indecl	iva	iva	indecl	MATCH	yes	yes		1	1
2	2.10	bhārata	bhārata	nominal	bhārata	bhārata	nominal	MATCH	yes	yes		1	1
2	2.10	senayoḥ	senā	nominal	senayoḥ	senā	nominal	MATCH	yes	yes		1	1
2	2.10	ubhayoḥ	ubhā	nominal	ubhayoḥ	ubhaya	indecl	LEMMA+POS_DIVERGE	no	no		1	1
2	2.10	madhye	madhya	nominal	madhye	madhya	nominal	MATCH	yes	yes		1	1
2	2.10	viṣīdantam	viṣīdant	nominal	viṣīdantam	viṣad	verb	LEMMA+POS_DIVERGE	no	no		1	1
2	2.10	idam	idam	nominal	idam	idam	nominal	MATCH	yes	yes		1	1
2	2.10	vacaḥ	vacas	nominal	vacaḥ	vacas	nominal	MATCH	yes	yes		1	1
2	2.11	śrī-bhagavān	śrī-bhagavant	nominal	śrī|bhagavān	śrī|bhagavant	nominal|nominal	COMPOUND_SPLIT	n/a	n/a		1	2
2	2.11	uvāca	√vac	verb	uvāca	vac	verb	MATCH	yes	yes		1	1
2	2.11	aśocyān	a-śocya	nominal	a|śocyān	a|śuc	indecl|verb	COMPOUND_SPLIT	n/a	n/a		1	2
2	2.11	anvaśocaḥ	anu-√śuc	verb	anvaśocaḥ	anuśuc	verb	MATCH	yes	yes		1	1
2	2.11	tvam	yuṣmat	nominal	tvam	tvad	nominal	LEMMA_CONVENTION	no	yes	pronoun-stem	1	1
2	2.11	prajñā-vādān	prajñā-vāda	nominal	prajñā|vādān	prajñā|vāda	nominal|nominal	COMPOUND_SPLIT	n/a	n/a		1	2
2	2.11	ca		indecl	ca	ca	indecl	LEMMA_CONVENTION	no	yes	pronoun-stem	1	1
2	2.11	bhāṣase	√bhāṣ	verb	bhāṣase	bhāṣ	verb	MATCH	yes	yes		1	1
2	2.11	gatāsūn	gata-asu	nominal	gatāsūn	gatāsu	indecl	LEMMA_CONVENTION+POS_DIVERGE	no	no	vowel-sandhi/contraction	1	1
2	2.11	agatāsūn	a-gata-asu	nominal	a|gatāsūn	a|gatāsu	indecl|indecl	COMPOUND_SPLIT	n/a	n/a		1	2
2	2.11	ca	ca	indecl	ca	ca	indecl	MATCH	yes	yes		1	1
2	2.11	na	na	indecl	na	na	indecl	MATCH	yes	yes		1	1
2	2.11	anuśocanti	anu-√śuc	verb	anuśocanti	anuśuc	verb	MATCH	yes	yes		1	1
2	2.11	paṇḍitāḥ	paṇḍita	nominal	paṇḍitāḥ	paṇḍita	nominal	MATCH	yes	yes		1	1
2	2.12	na	na	indecl	na	na	indecl	MATCH	yes	yes		1	1
2	2.12	tu	tu	indecl	tu	tu	indecl	MATCH	yes	yes		1	1
2	2.12	eva	eva	indecl	eva	eva	indecl	MATCH	yes	yes		1	1
2	2.12	aham	asmat	nominal	aham	mad	nominal	LEMMA_CONVENTION	no	yes	pronoun-stem	1	1
2	2.12	jātu	jātu	indecl	jātu	jātu	indecl	MATCH	yes	yes		1	1
2	2.12	na	na	indecl	na	na	indecl	MATCH	yes	yes		1	1
2	2.12	āsam	√as	verb	āsam	as	verb	MATCH	yes	yes		1	1
2	2.12	na	na	indecl	na	na	indecl	MATCH	yes	yes		1	1
2	2.12	tvam	yuṣmat	nominal	tvaṃ	tvad	nominal	LEMMA_CONVENTION	no	yes	pronoun-stem	1	1
2	2.12	na	na	indecl	na	na	indecl	MATCH	yes	yes		1	1
2	2.12	ime	idam	nominal	ime	idam	nominal	MATCH	yes	yes		1	1
2	2.12	janādhipāḥ	jana-adhipa	nominal	janādhipāḥ	janādhipa	nominal	LEMMA_CONVENTION	no	yes	vowel-sandhi/contraction	1	1
2	2.12	na	na	indecl	na	na	indecl	MATCH	yes	yes		1	1
2	2.12	ca	ca	indecl	ca	ca	indecl	MATCH	yes	yes		1	1
2	2.12	eva	eva	indecl	eva	eva	indecl	MATCH	yes	yes		1	1
2	2.12	na	na	indecl	na	na	indecl	MATCH	yes	yes		1	1
2	2.12	bhaviṣyāmaḥ	√bhū	verb	bhaviṣyāmaḥ	bhū	verb	MATCH	yes	yes		1	1
2	2.12	sarve	sarva	nominal	sarve	sarva	nominal	MATCH	yes	yes		1	1
2	2.12	vayam	asmat	nominal	vayam	mad	nominal	LEMMA_CONVENTION	no	yes	pronoun-stem	1	1
2	2.12	ataḥ	ataḥ	indecl	atas	atas	indecl	LEMMA_CONVENTION	no	yes	adverb--tas/-taḥ	1	1
2	2.12	param	param	indecl	param	param	indecl	MATCH	yes	yes		1	1
2	2.13	dehinaḥ	dehin	nominal	dehino	dehin	nominal	MATCH	yes	yes		1	1
2	2.13	asmin	idam	nominal	asmin	idam	nominal	MATCH	yes	yes		1	1
2	2.13	yathā	yathā	indecl	yathā	yathā	indecl	MATCH	yes	yes		1	1
2	2.13	dehe	deha	nominal	dehe	deha	nominal	MATCH	yes	yes		1	1
2	2.13	kaumāram	kaumāra	nominal	kaumāraṃ	kaumāra	nominal	MATCH	yes	yes		1	1
2	2.13	yauvanam	yauvana	nominal	yauvanaṃ	yauvana	nominal	MATCH	yes	yes		1	1
2	2.13	jarā	jarā	nominal	jarā	jarā	nominal	MATCH	yes	yes		1	1
2	2.13	tathā	tathā	indecl	tathā	tathā	indecl	MATCH	yes	yes		1	1
2	2.13	dehāntara-prāptiḥ	deha-antara-prāpti	nominal	deha|antara|prāptiḥ	deha|antara|prāpti	nominal|indecl|nominal	COMPOUND_SPLIT	n/a	n/a		1	3
2	2.13	dhīraḥ	dhīra	nominal	dhīraḥ	dhīra	indecl	POS_DIVERGE	yes	no		1	1
2	2.13	tatra	tatra	indecl	tatra	tatra	indecl	MATCH	yes	yes		1	1
2	2.13	na	na	indecl	na	na	indecl	MATCH	yes	yes		1	1
2	2.13	muhyati	√muh	verb	muhyati	muh	verb	MATCH	yes	yes		1	1
2	2.14	mātrā-sparśāḥ	mātrā-sparśa	nominal	mātrā|sparśāḥ	mātrā|sparśa	nominal|nominal	COMPOUND_SPLIT	n/a	n/a		1	2
2	2.14	tu	tu	indecl	tu	tu	indecl	MATCH	yes	yes		1	1
2	2.14	kaunteya	kaunteya	nominal	kaunteya	kaunteya	nominal	MATCH	yes	yes		1	1
2	2.14	śītoṣṇa-sukha-duḥkha-dāḥ	śīta-uṣṇa-sukha-duḥkha-da	nominal	śīta|uṣṇa|sukha|duḥkha|dāḥ	śīta|uṣṇa|sukha|duḥkha|da	nominal|nominal|nominal|nominal|indecl	COMPOUND_SPLIT	n/a	n/a		1	5
2	2.14	āgamāpāyinaḥ	āgama-apāyin	nominal	āgama|apāyinaḥ	āgama|apāyin	nominal|indecl	COMPOUND_SPLIT	n/a	n/a		1	2
2	2.14	anityāḥ	a-nitya	nominal	'nityās	anitya	indecl	POS_DIVERGE	yes	no		1	1
2	2.14	tān	tat	nominal	tān	tad	nominal	LEMMA_CONVENTION	no	yes	pronoun-stem	1	1
2	2.14	titikṣasva	√tij	verb	titikṣasva	titikṣ	verb	LEMMA_DIVERGE	no	yes		1	1
2	2.14	bhārata	bhārata	nominal	bhārata	bhārata	nominal	MATCH	yes	yes		1	1
2	2.15	yam	yat	nominal	yaṃ	yad	nominal	LEMMA_CONVENTION	no	yes	pronoun-stem	1	1
2	2.15	hi	hi	indecl	hi	hi	indecl	MATCH	yes	yes		1	1
2	2.15	na	na	indecl	na	na	indecl	MATCH	yes	yes		1	1
2	2.15	vyathayanti	√vyath	verb	vyathayanti	vyathay	verb	LEMMA_DIVERGE	no	yes		1	1
2	2.15	ete	etat	nominal	ete	etad	nominal	LEMMA_CONVENTION	no	yes	pronoun-stem	1	1
2	2.15	puruṣam	puruṣa	nominal	puruṣaṃ	puruṣa	nominal	MATCH	yes	yes		1	1
2	2.15	puruṣa-rṣabha	puruṣa-rṣabha	nominal	puruṣa	puruṣa	nominal	LEMMA_DIVERGE	no	yes		1	1
2					ṛṣabha	ṛṣabha	nominal	GOLD_ONLY				0	1
2	2.15	sama-duḥkha-sukham	sama-duḥkha-sukha	nominal	sama|duḥkha|sukham	sama|duḥkha|sukha	nominal|nominal|nominal	COMPOUND_SPLIT	n/a	n/a		1	3
2	2.15	dhīram	dhīra	nominal	dhīraṃ	dhīra	indecl	POS_DIVERGE	yes	no		1	1
2	2.15	saḥ|amṛtatvāya	tat|amṛtatva	nominal|nominal	so|amṛta|tvāya	tad|amṛta|tva	nominal|indecl|nominal	RESEGMENTED	n/a	n/a		2	3
2	2.15	kalpate	√kḷp	verb	kalpate	kﾱp	verb	LEMMA_DIVERGE	no	yes		1	1
2	2.16	na	na	indecl	na	na	indecl	MATCH	yes	yes		1	1
2	2.16	asataḥ	a-sant	nominal	asataḥ	asat	indecl	LEMMA_CONVENTION+POS_DIVERGE	no	no	final-t/d+n	1	1
2	2.16	vidyate	√vid	verb	vidyate	vid	verb	MATCH	yes	yes		1	1
2	2.16	bhāvaḥ	bhāva	nominal	bhāvo	bhāva	nominal	MATCH	yes	yes		1	1
2	2.16	na	na	indecl	na	na	indecl	MATCH	yes	yes		1	1
2	2.16	abhāvaḥ	a-bhāva	nominal	abhāvaḥ	abhāva	nominal	MATCH	yes	yes		1	1
2	2.16	vidyate	√vid	verb	vidyate	vid	verb	MATCH	yes	yes		1	1
2	2.16	sataḥ	sant	nominal	sataḥ	as	verb	LEMMA+POS_DIVERGE	no	no		1	1
2	2.16	ubhayoḥ	ubhaya	nominal	ubhayoḥ	ubhaya	indecl	POS_DIVERGE	yes	no		1	1
2	2.16	api	api	indecl	api	api	indecl	MATCH	yes	yes		1	1
2	2.16	dṛṣṭaḥ	dṛṣṭa	nominal	dṛṣṭo	dṛś	verb	LEMMA+POS_DIVERGE	no	no		1	1
2	2.16	antaḥ	anta	nominal	antaḥ	anta	nominal	MATCH	yes	yes		1	1
2	2.16	tu	tu	indecl	tu	tu	indecl	MATCH	yes	yes		1	1
2	2.16	anayoḥ	idam	nominal	anayoḥ	idam	nominal	MATCH	yes	yes		1	1
2	2.16	tattva-darśibhiḥ	tattva-darśin	nominal	tattva|darśibhiḥ	tattva|darśin	nominal|indecl	COMPOUND_SPLIT	n/a	n/a		1	2
2	2.17	avināśi	a-vināśin	nominal	a|vināśi	a|vināśin	indecl|indecl	COMPOUND_SPLIT	n/a	n/a		1	2
2	2.17	tu	tu	indecl	tu	tu	indecl	MATCH	yes	yes		1	1
2	2.17	tat	tat	nominal	tat	tad	nominal	LEMMA_CONVENTION	no	yes	pronoun-stem	1	1
2	2.17	viddhi	√vid	verb	viddhi	vid	verb	MATCH	yes	yes		1	1
2	2.17	yena	yat	nominal	yena	yad	nominal	LEMMA_CONVENTION	no	yes	pronoun-stem	1	1
2	2.17	sarvam	sarva	nominal	sarvam	sarva	nominal	MATCH	yes	yes		1	1
2	2.17	idam	idam	nominal	idam	idam	nominal	MATCH	yes	yes		1	1
2	2.17	tatam	tata	nominal	tatam	tan	verb	LEMMA+POS_DIVERGE	no	no		1	1
2	2.17	vināśam	vināśa	nominal	vināśam	vināśa	nominal	MATCH	yes	yes		1	1
2	2.17	avyayasya	a-vyaya	nominal	avyayasya	avyaya	indecl	POS_DIVERGE	yes	no		1	1
2	2.17	asya	idam	nominal	asya	idam	nominal	MATCH	yes	yes		1	1
2	2.17	na	na	indecl	na	na	indecl	MATCH	yes	yes		1	1
2	2.17	kaś-cit	kim-cit	nominal	kaścid	kaścit	nominal	LEMMA_DIVERGE	no	yes		1	1
2	2.17	kartum	√kṛ	unknown	kartum	kṛ	verb	POS_DIVERGE	yes	no		1	1
2	2.17	arhati	√arh	verb	arhati	arh	verb	MATCH	yes	yes		1	1
2	2.18	antavantaḥ	anta-vant	nominal	antavanta	antavat	indecl	LEMMA_CONVENTION+POS_DIVERGE	no	no	final-t/d+n	1	1
2	2.18	ime	idam	nominal	ime	idam	nominal	MATCH	yes	yes		1	1
2	2.18	dehāḥ	deha	nominal	dehā	deha	nominal	MATCH	yes	yes		1	1
2	2.18	nityasya	nitya	nominal	nityasya	nitya	indecl	POS_DIVERGE	yes	no		1	1
2	2.18	uktāḥ	ukta	nominal	uktāḥ	vac	verb	LEMMA+POS_DIVERGE	no	no		1	1
2	2.18	śarīriṇaḥ	śarīrin	nominal	śarīriṇaḥ	śarīrin	nominal	MATCH	yes	yes		1	1
2	2.18	anāśinaḥ	a-nāśin	nominal	a|nāśinaḥ	a|nāśin	indecl|indecl	COMPOUND_SPLIT	n/a	n/a		1	2
2	2.18	aprameyasya	a-pra-meya	nominal	a|prameyasya	a|pramā	indecl|verb	COMPOUND_SPLIT	n/a	n/a		1	2
2	2.18	tasmāt	tasmāt	indecl	tasmāt	tasmāt	indecl	MATCH	yes	yes		1	1
2	2.18	yudhyasva	√yudh	verb	yudhyasva	yudh	verb	MATCH	yes	yes		1	1
2	2.18	bhārata	bhārata	nominal	bhārata	bhārata	nominal	MATCH	yes	yes		1	1
2	2.19	yaḥ	yat	nominal	ya	yad	nominal	LEMMA_CONVENTION	no	yes	pronoun-stem	1	1
2	2.19	enam	etat	nominal	enaṃ	enad	nominal	LEMMA_DIVERGE	no	yes		1	1
2	2.19	vetti	√vid	verb	vetti	vid	verb	MATCH	yes	yes		1	1
2	2.19	hantāram	hantṛ	nominal	hantāraṃ	hantṛ	indecl	POS_DIVERGE	yes	no		1	1
2	2.19	yaḥ	yat	nominal	yaḥ	yad	nominal	LEMMA_CONVENTION	no	yes	pronoun-stem	1	1
2	2.19	ca	ca	indecl	ca	ca	indecl	MATCH	yes	yes		1	1
2	2.19	enam	etat	nominal	enam	enad	nominal	LEMMA_DIVERGE	no	yes		1	1
2	2.19	manyate	√man	verb	manyate	man	verb	MATCH	yes	yes		1	1
2	2.19	hatam	hata	nominal	hatam	han	verb	LEMMA+POS_DIVERGE	no	no		1	1
2	2.19	ubhau	ubha	nominal	ubhau	ubh	nominal	LEMMA_CONVENTION	no	yes	vowel-sandhi/contraction	1	1
2	2.19	tau	tat	nominal	tau	tad	nominal	LEMMA_CONVENTION	no	yes	pronoun-stem	1	1
2	2.19	na	na	indecl	na	na	indecl	MATCH	yes	yes		1	1
2	2.19	vijānītaḥ	vi-√jñā	verb	vijānīto	vijñā	verb	MATCH	yes	yes		1	1
2	2.19	na	na	indecl	na	na	indecl	MATCH	yes	yes		1	1
2	2.19	ayam	idam	nominal	ayam	idam	nominal	MATCH	yes	yes		1	1
2	2.19	hanti	√han	verb	hanti	han	verb	MATCH	yes	yes		1	1
2	2.19	na	na	indecl	na	na	indecl	MATCH	yes	yes		1	1
2	2.19	hanyate	√han	verb	hanyate	han	verb	MATCH	yes	yes		1	1
2	2.20	na	na	indecl	na	na	indecl	MATCH	yes	yes		1	1
2	2.20	jāyate	√jan	verb	jāyate	jan	verb	MATCH	yes	yes		1	1
2	2.20	mriyate	√mṛ	verb	mriyate	mṛ	verb	MATCH	yes	yes		1	1
2	2.20	vā	vā	indecl	vā	vā	indecl	MATCH	yes	yes		1	1
2	2.20	kadā-cit	kadā-cit	indecl	kadācid	kadācid	indecl	LEMMA_CONVENTION	no	yes	final-t/d+n	1	1
2	2.20	na	na	indecl	na	na	indecl	MATCH	yes	yes		1	1
2	2.20	ayam	idam	nominal	ayam	idam	nominal	MATCH	yes	yes		1	1
2	2.20	bhūtvā	√bhū	unknown	bhūtvā	bhū	verb	POS_DIVERGE	yes	no		1	1
2	2.20	bhavitā	√bhū	verb	bhavitā	bhū	verb	MATCH	yes	yes		1	1
2	2.20	vā	vā	indecl	vā	vā	indecl	MATCH	yes	yes		1	1
2	2.20	na	na	indecl	na	na	indecl	MATCH	yes	yes		1	1
2	2.20	bhūyaḥ	bhūyaḥ	indecl	bhūyas	bhūyas	indecl	LEMMA_CONVENTION	no	yes	adverb--tas/-taḥ	1	1
2	2.20	ajaḥ	a-ja	nominal	ajaḥ	aja	indecl	POS_DIVERGE	yes	no		1	1
2	2.20	nityaḥ	nitya	nominal	nityaḥ	nitya	indecl	POS_DIVERGE	yes	no		1	1
2	2.20	śāśvataḥ	śāśvata	nominal	śāśvataḥ	śāśvata	indecl	POS_DIVERGE	yes	no		1	1
2	2.20	ayam	idam	nominal	ayam	idam	nominal	MATCH	yes	yes		1	1
2	2.20	purāṇaḥ	purāṇa	nominal	purāṇaḥ	purāṇa	indecl	POS_DIVERGE	yes	no		1	1
2	2.20	na	na	indecl	na	na	indecl	MATCH	yes	yes		1	1
2	2.20	hanyate	√han	verb	hanyate	han	verb	MATCH	yes	yes		1	1
2	2.20	hanyamāne	hanyamāna	nominal	hanyamāne	han	verb	LEMMA+POS_DIVERGE	no	no		1	1
2	2.20	śarīre	śarīra	nominal	śarīre	śarīra	nominal	MATCH	yes	yes		1	1
2	2.21	veda	√vid	verb	katham	katham	indecl	LEMMA+POS_DIVERGE	no	no		1	1
2	2.21	avināśinam	avināśin	nominal	sa	tad	nominal	LEMMA_DIVERGE	no	yes		1	1
2	2.21	nityam	nitya	nominal	puruṣaḥ	puruṣa	nominal	LEMMA_DIVERGE	no	yes		1	1
2	2.21	yaḥ	yat	nominal	pārtha	pārtha	nominal	LEMMA_DIVERGE	no	yes		1	1
2	2.21	enam	etat	nominal	kam	ka	nominal	LEMMA_DIVERGE	no	yes		1	1
2	2.21	ajam	a-ja	nominal	ghātayati	ghātay	verb	LEMMA+POS_DIVERGE	no	no		1	1
2	2.21	avyayam	a-vyaya	nominal	hanti	han	verb	LEMMA+POS_DIVERGE	no	no		1	1
2	2.21	katham	katham	indecl	kam	ka	nominal	LEMMA+POS_DIVERGE	no	no		1	1
2	2.21	saḥ	tat	nominal	vāsāṃsi	vāsas	nominal	LEMMA_DIVERGE	no	yes		1	1
2	2.21	puruṣaḥ	puruṣa	nominal	jīrṇāni	jīrṇa	indecl	LEMMA+POS_DIVERGE	no	no		1	1
2	2.21	pārtha	pārtha	nominal	yathā	yathā	indecl	LEMMA+POS_DIVERGE	no	no		1	1
2	2.21	kaṁ	kim	nominal	vihāya	vihā	verb	LEMMA+POS_DIVERGE	no	no		1	1
2	2.21	ghātayati	√han	verb	navāni	nava	indecl	LEMMA+POS_DIVERGE	no	no		1	1
2	2.21	hanti	√han	verb	gṛhṇāti	grah	verb	LEMMA_DIVERGE	no	yes		1	1
2	2.21	kam	kim	nominal	naraḥ	nara	nominal	LEMMA_DIVERGE	no	yes		1	1
2	2.22	vāsāṁsi	vāsas	nominal	aparāṇi	apara	nominal	LEMMA_DIVERGE	no	yes		1	1
2	2.22	jīrṇāni	jīrṇa	nominal	tathā	tathā	indecl	LEMMA+POS_DIVERGE	no	no		1	1
2	2.22	yathā	yathā	indecl	śarīrāṇi	śarīra	nominal	LEMMA+POS_DIVERGE	no	no		1	1
2	2.22	vihāya	vi-√hā	unknown	vihāya	vihā	verb	POS_DIVERGE	yes	no		1	1
2	2.22	navāni	nava	nominal	jīrṇāni	jīrṇa	indecl	LEMMA+POS_DIVERGE	no	no		1	1
2	2.22	gṛhṇāti	√grah	verb	anyāni	anya	nominal	LEMMA+POS_DIVERGE	no	no		1	1
2	2.22	naraḥ	nara	nominal	saṃyāti	saṃyā	verb	LEMMA+POS_DIVERGE	no	no		1	1
2	2.22	aparāṇi	apara	nominal	navāni	nava	indecl	LEMMA+POS_DIVERGE	no	no		1	1
2	2.22	tathā	tathā	indecl	dehī	dehin	nominal	LEMMA+POS_DIVERGE	no	no		1	1
2	2.22	śarīrāṇi	śarīra	nominal	na	na	indecl	LEMMA+POS_DIVERGE	no	no		1	1
2	2.22	vihāya	vi-√hā	unknown	enam	enad	nominal	LEMMA+POS_DIVERGE	no	no		1	1
2	2.22	jīrṇāni	jīrṇa	nominal	chindanti	chid	verb	LEMMA+POS_DIVERGE	no	no		1	1
2	2.22	anyāni	anya	nominal	śastrāṇi	śastra	nominal	LEMMA_DIVERGE	no	yes		1	1
2	2.22	saṁyāti	sam-√yā	verb	na	na	indecl	LEMMA+POS_DIVERGE	no	no		1	1
2	2.22	navāni	nava	nominal	enam	enad	nominal	LEMMA_DIVERGE	no	yes		1	1
2	2.22	dehī	dehin	nominal	dahati	dah	verb	LEMMA+POS_DIVERGE	no	no		1	1
2					pāvakaḥ	pāvaka	nominal	GOLD_ONLY				0	1
2	2.23	na	na	indecl	na	na	indecl	MATCH	yes	yes		1	1
2					ca	ca	indecl	GOLD_ONLY				0	1
2	2.23	enam	etat	nominal	enam	enad	nominal	LEMMA_DIVERGE	no	yes		1	1
2	2.23	chindanti	√chid	verb	kledayanti	kleday	verb	LEMMA_DIVERGE	no	yes		1	1
2	2.23	śastrāṇi	śastra	nominal	āpaḥ	ap	nominal	LEMMA_DIVERGE	no	yes		1	1
2	2.23	na	na	indecl	na	na	indecl	MATCH	yes	yes		1	1
2	2.23	enam	etat	nominal	śoṣayati	śoṣay	verb	LEMMA+POS_DIVERGE	no	no		1	1
2	2.23	dahati	√dah	verb	mārutaḥ	māruta	nominal	LEMMA+POS_DIVERGE	no	no		1	1
2	2.23	pāvakaḥ	pāvaka	nominal	a	a	indecl	LEMMA+POS_DIVERGE	no	no		1	1
2	2.23	na	na	indecl	chedyaḥ	chid	verb	LEMMA+POS_DIVERGE	no	no		1	1
2	2.23	ca	ca	indecl	'yam	idam	nominal	LEMMA+POS_DIVERGE	no	no		1	1
2	2.23	enam	etat	nominal	a	a	indecl	LEMMA+POS_DIVERGE	no	no		1	1
2	2.23	kledayanti	√klid	verb	dāhyaḥ	dāhay	verb	LEMMA_DIVERGE	no	yes		1	1
2	2.23	āpaḥ	ap	nominal	'yam	idam	nominal	LEMMA_DIVERGE	no	yes		1	1
2	2.23	na	na	indecl	a	a	indecl	LEMMA_DIVERGE	no	yes		1	1
2	2.23	śoṣayati	√śuṣ	verb	kledyaḥ	klid	verb	LEMMA_DIVERGE	no	yes		1	1
2	2.23	mārutaḥ	māruta	nominal	a	a	indecl	LEMMA+POS_DIVERGE	no	no		1	1
2	2.24	acchedyaḥ	a-cchedya	nominal	śoṣyaḥ	śuṣ	verb	LEMMA+POS_DIVERGE	no	no		1	1
2	2.24	ayam	idam	nominal	eva	eva	indecl	LEMMA+POS_DIVERGE	no	no		1	1
2	2.24	adāhyaḥ	a-dāhya	nominal	ca	ca	indecl	LEMMA+POS_DIVERGE	no	no		1	1
2	2.24	ayam	idam	nominal	nityaḥ	nitya	indecl	LEMMA+POS_DIVERGE	no	no		1	1
2	2.24	akledyaḥ	a-kledya	nominal	sarva	sarva	nominal	LEMMA_DIVERGE	no	yes		1	1
2	2.24	aśoṣyaḥ	a-śoṣya	nominal	gataḥ	gam	verb	LEMMA+POS_DIVERGE	no	no		1	1
2	2.24	eva	eva	indecl	sthāṇuḥ	sthāṇu	indecl	LEMMA_DIVERGE	no	yes		1	1
2	2.24	ca	ca	indecl	acalaḥ	acala	indecl	LEMMA_DIVERGE	no	yes		1	1
2	2.24	nityaḥ	nitya	nominal	'yaṃ	idam	nominal	LEMMA_DIVERGE	no	yes		1	1
2	2.24	sarvagataḥ	sarva-gata	nominal	sanātanaḥ	sanātana	indecl	LEMMA+POS_DIVERGE	no	no		1	1
2	2.24	sthāṇuḥ	sthāṇu	nominal	avyakto	avyakta	indecl	LEMMA+POS_DIVERGE	no	no		1	1
2	2.24	acalaḥ	a-cala	nominal				DCS_ONLY				1	0
2	2.24	ayam	idam	nominal	'yam	idam	nominal	MATCH	yes	yes		1	1
2	2.24	sanātanaḥ	sanātana	nominal	a	a	indecl	LEMMA+POS_DIVERGE	no	no		1	1
2	2.25	avyaktaḥ	a-vyakta	nominal	cintyaḥ	cintay	verb	LEMMA+POS_DIVERGE	no	no		1	1
2	2.25	ayam	idam	nominal	'yam	idam	nominal	MATCH	yes	yes		1	1
2	2.25	acintyaḥ	a-cintya	nominal	a	a	indecl	LEMMA+POS_DIVERGE	no	no		1	1
2					vikāryaḥ	vikṛ	verb	GOLD_ONLY				0	1
2	2.25	ayam	idam	nominal	ayam	idam	nominal	MATCH	yes	yes		1	1
2	2.25	avikāryaḥ	a-vikārya	nominal	ucyate	vac	verb	LEMMA+POS_DIVERGE	no	no		1	1
2	2.25	ayam	idam	nominal	tasmāt	tasmāt	indecl	LEMMA+POS_DIVERGE	no	no		1	1
2	2.25	ucyate	√vac	verb	evam	evam	indecl	LEMMA+POS_DIVERGE	no	no		1	1
2	2.25	tasmāt	tasmāt	indecl	viditvā	vid	verb	LEMMA+POS_DIVERGE	no	no		1	1
2	2.25	evam	evam	indecl	enam	enad	nominal	LEMMA+POS_DIVERGE	no	no		1	1
2	2.25	viditvā	√vid	unknown	na	na	indecl	LEMMA+POS_DIVERGE	no	no		1	1
2	2.25	enam	etat	nominal	anuśocitum	anuśuc	verb	LEMMA+POS_DIVERGE	no	no		1	1
2	2.25	na	na	indecl	arhasi	arh	verb	LEMMA+POS_DIVERGE	no	no		1	1
2	2.25	anuśocitum	anu-√śuc	unknown	atha	atha	indecl	LEMMA+POS_DIVERGE	no	no		1	1
2	2.25	arhasi	√arh	verb	ca	ca	indecl	LEMMA+POS_DIVERGE	no	no		1	1
2	2.26	atha	atha	indecl	enam	enad	nominal	LEMMA+POS_DIVERGE	no	no		1	1
2	2.26	ca	ca	indecl	nitya	nitya	indecl	LEMMA_DIVERGE	no	yes		1	1
2	2.26	enam	etat	nominal	jātam	jan	verb	LEMMA+POS_DIVERGE	no	no		1	1
2	2.26	nitya-jātam	nitya-jāta	nominal	nityaṃ	nitya	indecl	LEMMA+POS_DIVERGE	no	no		1	1
2	2.26	nityam	nityam	indecl				DCS_ONLY				1	0
2	2.26	vā	vā	indecl	vā	vā	indecl	MATCH	yes	yes		1	1
2	2.26	manyase	√man	verb	manyase	man	verb	MATCH	yes	yes		1	1
2	2.26	mṛtam	mṛta	nominal	mṛtam	mṛ	verb	LEMMA+POS_DIVERGE	no	no		1	1
2	2.26	tathā	tathā	indecl	tathā	tathā	indecl	MATCH	yes	yes		1	1
2	2.26	api	api	indecl	api	api	indecl	MATCH	yes	yes		1	1
2	2.26	tvam	yuṣmat	nominal	tvaṃ	tvad	nominal	LEMMA_CONVENTION	no	yes	pronoun-stem	1	1
2	2.26	mahā-bāho	mahā-bāhu	nominal	mahā|bāho	mahat|bāhu	indecl|nominal	COMPOUND_SPLIT	n/a	n/a		1	2
2	2.26	na	na	indecl	na	na	indecl	MATCH	yes	yes		1	1
2	2.26	enam	etat	nominal	enam	enad	nominal	LEMMA_DIVERGE	no	yes		1	1
2	2.26	śocitum	√śuc	unknown	śocitum	śuc	verb	POS_DIVERGE	yes	no		1	1
2	2.26	arhasi	√arh	verb	arhasi	arh	verb	MATCH	yes	yes		1	1
2	2.27	jātasya	jāta	nominal	jātasya	jan	verb	LEMMA+POS_DIVERGE	no	no		1	1
2	2.27	hi	hi	indecl	hi	hi	indecl	MATCH	yes	yes		1	1
2	2.27	dhruvaḥ	dhruva	nominal	dhruvo	dhruva	indecl	POS_DIVERGE	yes	no		1	1
2	2.27	mṛtyuḥ	mṛtyu	nominal	mṛtyur	mṛtyu	nominal	MATCH	yes	yes		1	1
2	2.27	dhruvam	dhruva	nominal	dhruvaṃ	dhruva	indecl	POS_DIVERGE	yes	no		1	1
2	2.27	janma	janman	nominal	janma	janman	nominal	MATCH	yes	yes		1	1
2	2.27	mṛtasya	mṛta	nominal	mṛtasya	mṛ	verb	LEMMA+POS_DIVERGE	no	no		1	1
2	2.27	ca	ca	indecl	ca	ca	indecl	MATCH	yes	yes		1	1
2	2.27	tasmāt	tasmāt	indecl	tasmād	tasmāt	indecl	MATCH	yes	yes		1	1
2	2.27	aparihārye	a-parihārya	nominal	a|parihārye	a|parihṛ	indecl|verb	COMPOUND_SPLIT	n/a	n/a		1	2
2	2.27	arthe	artha	nominal	'rthe	artha	nominal	MATCH	yes	yes		1	1
2	2.27	na	na	indecl	na	na	indecl	MATCH	yes	yes		1	1
2	2.27	tvam	yuṣmat	nominal	tvaṃ	tvad	nominal	LEMMA_CONVENTION	no	yes	pronoun-stem	1	1
2	2.27	śocitum	√śuc	unknown	śocitum	śuc	verb	POS_DIVERGE	yes	no		1	1
2	2.27	arhasi	√arh	verb	arhasi	arh	verb	MATCH	yes	yes		1	1
2	2.28	avyaktādīni	a-vyakta-ādi	nominal	avyakta|ādīni	avyakta|ādi	indecl|nominal	COMPOUND_SPLIT	n/a	n/a		1	2
2	2.28	bhūtāni	bhūta	nominal	bhūtāni	bhūta	nominal	MATCH	yes	yes		1	1
2	2.28	vyakta-madhyāni	vyakta-madhya	nominal	vyakta|madhyāni	vyakta|madhya	indecl|nominal	COMPOUND_SPLIT	n/a	n/a		1	2
2	2.28	bhārata	bhārata	nominal	bhārata	bhārata	nominal	MATCH	yes	yes		1	1
2	2.28	avyakta-nidhanāni	a-vyakta-nidhana	nominal	avyakta|nidhanāni	avyakta|nidhana	indecl|nominal	COMPOUND_SPLIT	n/a	n/a		1	2
2	2.28	eva	eva	indecl	eva	eva	indecl	MATCH	yes	yes		1	1
2	2.28	tatra	tatra	indecl	tatra	tatra	indecl	MATCH	yes	yes		1	1
2	2.28	kā	kim	nominal	kā	ka	nominal	LEMMA_CONVENTION	no	yes	pronoun-stem	1	1
2	2.28	paridevanā	pari-devanā	nominal	paridevanā	paridevanā	nominal	MATCH	yes	yes		1	1
2	2.29	āścarya-vat	āścarya-vat	indecl	āścarya|vat	āścarya|vat	nominal|indecl	COMPOUND_SPLIT	n/a	n/a		1	2
2	2.29	paśyati	√dṛś	verb	paśyati	dṛś	verb	MATCH	yes	yes		1	1
2	2.29	kaś-cid	kim-cit	nominal	kaścid	kaścit	nominal	LEMMA_DIVERGE	no	yes		1	1
2	2.29	enam	etat	nominal	enam	enad	nominal	LEMMA_DIVERGE	no	yes		1	1
2	2.29	āścarya-vat	āścarya-vat	indecl	āścarya|vat	āścarya|vat	nominal|indecl	COMPOUND_SPLIT	n/a	n/a		1	2
2	2.29	vadati	√vad	verb	vadati	vad	verb	MATCH	yes	yes		1	1
2	2.29	tathā	tathā	indecl	tathā	tathā	indecl	MATCH	yes	yes		1	1
2	2.29	eva	eva	indecl	eva	eva	indecl	MATCH	yes	yes		1	1
2	2.29	ca	ca	indecl	ca	ca	indecl	MATCH	yes	yes		1	1
2	2.29	anyaḥ	anya	nominal	anyaḥ	anya	nominal	MATCH	yes	yes		1	1
2	2.29	āścarya-vat	āścarya-vat	indecl	āścarya|vat	āścarya|vat	nominal|indecl	COMPOUND_SPLIT	n/a	n/a		1	2
2	2.29	ca	ca	indecl	ca	ca	indecl	MATCH	yes	yes		1	1
2	2.29	enam	etat	nominal	enam	enad	nominal	LEMMA_DIVERGE	no	yes		1	1
2	2.29	anyaḥ	anya	nominal	anyaḥ	anya	nominal	MATCH	yes	yes		1	1
2	2.29	śṛṇoti	√śru	verb	śṛṇoti	śru	verb	MATCH	yes	yes		1	1
2	2.29	śrutvā	√śru	unknown	śrutvā	śru	verb	POS_DIVERGE	yes	no		1	1
2	2.29	api	api	indecl	api	api	indecl	MATCH	yes	yes		1	1
2	2.29	enam	etat	nominal	enam	enad	nominal	LEMMA_DIVERGE	no	yes		1	1
2	2.29	veda	√vid	verb	veda	vid	verb	MATCH	yes	yes		1	1
2	2.29	na	na	indecl	na	na	indecl	MATCH	yes	yes		1	1
2	2.29	ca	ca	indecl	ca	ca	indecl	MATCH	yes	yes		1	1
2	2.29	eva	eva	indecl	eva	eva	indecl	MATCH	yes	yes		1	1
2	2.29	kaś-cit	kim-cit	nominal	kaścit	kaścit	nominal	LEMMA_DIVERGE	no	yes		1	1
2	2.30	dehī	dehin	nominal	dehī	dehin	nominal	MATCH	yes	yes		1	1
2	2.30	nityam	nityam	indecl	nityam	nityam	indecl	MATCH	yes	yes		1	1
2	2.30	avadhyaḥ	a-vadhya	nominal	a|vadhyaḥ	a|vadh	indecl|verb	COMPOUND_SPLIT	n/a	n/a		1	2
2	2.30	ayam	idam	nominal	'yaṃ	idam	nominal	MATCH	yes	yes		1	1
2	2.30	dehe	deha	nominal	dehe	deha	nominal	MATCH	yes	yes		1	1
2	2.30	sarvasya	sarva	nominal	sarvasya	sarva	nominal	MATCH	yes	yes		1	1
2	2.30	bhārata	bhārata	nominal	bhārata	bhārata	nominal	MATCH	yes	yes		1	1
2	2.30	tasmāt	tasmāt	indecl	tasmāt	tasmāt	indecl	MATCH	yes	yes		1	1
2	2.30	sarvāṇi	sarva	nominal	sarvāṇi	sarva	nominal	MATCH	yes	yes		1	1
2	2.30	bhūtāni	bhūta	nominal	bhūtāni	bhūta	nominal	MATCH	yes	yes		1	1
2	2.30	na	na	indecl	na	na	indecl	MATCH	yes	yes		1	1
2	2.30	tvam	yuṣmat	nominal	tvaṃ	tvad	nominal	LEMMA_CONVENTION	no	yes	pronoun-stem	1	1
2	2.30	śocitum	√śuc	unknown	śocitum	śuc	verb	POS_DIVERGE	yes	no		1	1
2	2.30	arhasi	√arh	verb	arhasi	arh	verb	MATCH	yes	yes		1	1
2	2.31	sva-dharmam	sva-dharma	nominal	svadharmam	svadharma	nominal	MATCH	yes	yes		1	1
2	2.31	api	api	indecl	api	api	indecl	MATCH	yes	yes		1	1
2	2.31	ca	ca	indecl	ca	ca	indecl	MATCH	yes	yes		1	1
2	2.31	avekṣya	ava-√īkṣ	unknown	avekṣya	avekṣ	verb	LEMMA_CONVENTION+POS_DIVERGE	no	no	vowel-sandhi/contraction	1	1
2	2.31	na	na	indecl	na	na	indecl	MATCH	yes	yes		1	1
2	2.31	vikampitum	vi-√kamp	unknown	vikampitum	vikamp	verb	POS_DIVERGE	yes	no		1	1
2	2.31	arhasi	√arh	verb	arhasi	arh	verb	MATCH	yes	yes		1	1
2	2.31	dharmyāt	dharmya	nominal	dharmyāt	dharmya	indecl	POS_DIVERGE	yes	no		1	1
2	2.31	hi	hi	indecl	hi	hi	indecl	MATCH	yes	yes		1	1
2	2.31	yuddhāt	yuddha	nominal	yuddhāt	yuddha	nominal	MATCH	yes	yes		1	1
2	2.31	śreyaḥ	śreyas	nominal	śreyaḥ	śreyas	indecl	POS_DIVERGE	yes	no		1	1
2	2.31	anyat	anya	nominal	anyat	anya	nominal	MATCH	yes	yes		1	1
2	2.31	kṣatriyasya	kṣatriya	nominal	kṣatriyasya	kṣatriya	nominal	MATCH	yes	yes		1	1
2	2.31	na	na	indecl	na	na	indecl	MATCH	yes	yes		1	1
2	2.31	vidyate	√vid	verb	vidyate	vid	verb	MATCH	yes	yes		1	1
2	2.32	yad-ṛcchayā	yad-ṛcchayā	indecl	yadṛcchayā	yadṛcchā	nominal	LEMMA+POS_DIVERGE	no	no		1	1
2	2.32	ca	ca	indecl	ca	ca	indecl	MATCH	yes	yes		1	1
2	2.32	upapannam	upa-panna	nominal	upapannam	upapad	verb	LEMMA+POS_DIVERGE	no	no		1	1
2	2.32	svarga-dvāram	svarga-dvāra	nominal	svarga|dvāram	svarga|dvāra	nominal|nominal	COMPOUND_SPLIT	n/a	n/a		1	2
2	2.32	apāvṛtam	apā-vṛta	nominal	apāvṛtam	apāvṛ	verb	LEMMA+POS_DIVERGE	no	no		1	1
2	2.32	sukhinaḥ	sukhin	nominal	sukhinaḥ	sukhin	indecl	POS_DIVERGE	yes	no		1	1
2	2.32	kṣatriyāḥ	kṣatriya	nominal	kṣatriyāḥ	kṣatriya	nominal	MATCH	yes	yes		1	1
2	2.32	pārtha	pārtha	nominal	pārtha	pārtha	nominal	MATCH	yes	yes		1	1
2	2.32	labhante	√labh	verb	labhante	labh	verb	MATCH	yes	yes		1	1
2	2.32	yuddham	yuddha	nominal	yuddham	yuddha	nominal	MATCH	yes	yes		1	1
2	2.32	īdṛśam	īdṛśa	nominal	īdṛśam	īdṛśa	indecl	POS_DIVERGE	yes	no		1	1
2	2.33	atha	atha	indecl	atha	atha	indecl	MATCH	yes	yes		1	1
2	2.33	cet	cet	indecl	ced	ced	indecl	LEMMA_CONVENTION	no	yes	final-t/d+n	1	1
2	2.33	tvam	yuṣmat	nominal	tvam	tvad	nominal	LEMMA_CONVENTION	no	yes	pronoun-stem	1	1
2	2.33	imam	idam	nominal	imam	idam	nominal	MATCH	yes	yes		1	1
2	2.33	dharmyam	dharmya	nominal	dharmyaṃ	dharmya	indecl	POS_DIVERGE	yes	no		1	1
2	2.33	saṁgrāmam	saṁ-grāma	nominal	saṃgrāmaṃ	saṃgrāma	nominal	MATCH	yes	yes		1	1
2	2.33	na	na	indecl	na	na	indecl	MATCH	yes	yes		1	1
2	2.33	kariṣyasi	√kṛ	verb	kariṣyasi	kṛ	verb	MATCH	yes	yes		1	1
2	2.33	tataḥ	tataḥ	indecl	tataḥ	tatas	indecl	LEMMA_CONVENTION	no	yes	adverb--tas/-taḥ	1	1
2	2.33	sva-dharmam	sva-dharma	nominal	svadharmaṃ	svadharma	nominal	MATCH	yes	yes		1	1
2	2.33	kīrtim	kīrti	nominal	kīrtiṃ	kīrti	nominal	MATCH	yes	yes		1	1
2	2.33	ca	ca	indecl	ca	ca	indecl	MATCH	yes	yes		1	1
2	2.33	hitvā	√hā	unknown	hitvā	hā	verb	POS_DIVERGE	yes	no		1	1
2	2.33	pāpam	pāpa	nominal	pāpam	pāpa	nominal	MATCH	yes	yes		1	1
2	2.33	avāpsyasi	ava-√āp	verb	avāpsyasi	avāp	verb	LEMMA_CONVENTION	no	yes	vowel-sandhi/contraction	1	1
2	2.34	akīrtim	a-kīrti	nominal	akīrtiṃ	akīrti	nominal	MATCH	yes	yes		1	1
2	2.34	ca	ca	indecl	ca	ca	indecl	MATCH	yes	yes		1	1
2	2.34	api	api	indecl	api	api	indecl	MATCH	yes	yes		1	1
2	2.34	bhūtāni	bhūta	nominal	bhūtāni	bhūta	nominal	MATCH	yes	yes		1	1
2	2.34	kathayiṣyanti	√kath	verb	kathayiṣyanti	kathay	verb	LEMMA_DIVERGE	no	yes		1	1
2	2.34	te	yuṣmat	nominal	te	tvad	nominal	LEMMA_CONVENTION	no	yes	pronoun-stem	1	1
2	2.34	avyayām	a-vyayā	nominal	'vyayām	avyaya	indecl	LEMMA_CONVENTION+POS_DIVERGE	no	no	vowel-sandhi/contraction	1	1
2	2.34	saṁbhāvitasya	saṁ-bhāvita	nominal	saṃbhāvitasya	sambhāvay	verb	LEMMA+POS_DIVERGE	no	no		1	1
2	2.34	ca	ca	indecl	ca	ca	indecl	MATCH	yes	yes		1	1
2	2.34	akīrtiḥ	a-kīrti	nominal	akīrtiḥ	akīrti	nominal	MATCH	yes	yes		1	1
2	2.34	maraṇāt	maraṇa	nominal	maraṇāt	maraṇa	nominal	MATCH	yes	yes		1	1
2	2.34	atiricyate	ati-√ric	verb	atiricyate	atiric	verb	MATCH	yes	yes		1	1
2	2.35	bhayāt	bhaya	nominal	bhayāt	bhaya	nominal	MATCH	yes	yes		1	1
2	2.35	raṇāt	raṇa	nominal	raṇāt	raṇa	nominal	MATCH	yes	yes		1	1
2	2.35	uparatam	upa-rata	nominal	uparatam	uparam	verb	LEMMA+POS_DIVERGE	no	no		1	1
2	2.35	maṁsyante	√man	verb	maṃsyante	man	verb	MATCH	yes	yes		1	1
2	2.35	tvām	yuṣmat	nominal	tvāṃ	tvad	nominal	LEMMA_CONVENTION	no	yes	pronoun-stem	1	1
2	2.35	mahā-rathāḥ	mahā-ratha	nominal	mahā|rathāḥ	mahat|ratha	indecl|nominal	COMPOUND_SPLIT	n/a	n/a		1	2
2	2.35	yeṣām	yat	nominal	yeṣāṃ	yad	nominal	LEMMA_CONVENTION	no	yes	pronoun-stem	1	1
2	2.35	ca	ca	indecl	ca	ca	indecl	MATCH	yes	yes		1	1
2	2.35	tvam	yuṣmat	nominal	tvaṃ	tvad	nominal	LEMMA_CONVENTION	no	yes	pronoun-stem	1	1
2	2.35	bahu-mataḥ	bahu-mata	nominal	bahu|mataḥ	bahu|man	indecl|verb	COMPOUND_SPLIT	n/a	n/a		1	2
2	2.35	bhūtvā	√bhū	unknown	bhūtvā	bhū	verb	POS_DIVERGE	yes	no		1	1
2	2.35	yāsyasi	√yā	verb	yāsyasi	yā	verb	MATCH	yes	yes		1	1
2	2.35	lāghavam	lāghava	nominal	lāghavam	lāghava	nominal	MATCH	yes	yes		1	1
2	2.36	avācya-vādān	avācya-vāda	nominal	avācya|vādān	avācya|vāda	indecl|nominal	COMPOUND_SPLIT	n/a	n/a		1	2
2	2.36	ca	ca	indecl	ca	ca	indecl	MATCH	yes	yes		1	1
2	2.36	bahūn	bahu	nominal	bahūn	bahu	indecl	POS_DIVERGE	yes	no		1	1
2	2.36	vadiṣyanti	√vad	verb	vadiṣyanti	vad	verb	MATCH	yes	yes		1	1
2	2.36	tava	yuṣmat	nominal	tava	tvad	nominal	LEMMA_CONVENTION	no	yes	pronoun-stem	1	1
2	2.36	ahitāḥ	a-hita	nominal	ahitāḥ	ahita	indecl	POS_DIVERGE	yes	no		1	1
2	2.36	nindantaḥ	nindant	nominal	nindantaḥ	nind	verb	LEMMA+POS_DIVERGE	no	no		1	1
2	2.36	tava	yuṣmat	nominal	tava	tvad	nominal	LEMMA_CONVENTION	no	yes	pronoun-stem	1	1
2	2.36	sāmarthyam	sāmarthya	nominal	sāmarthyaṃ	sāmarthya	nominal	MATCH	yes	yes		1	1
2	2.36	tataḥ	tataḥ	indecl	tato	tatas	indecl	LEMMA_CONVENTION	no	yes	adverb--tas/-taḥ	1	1
2	2.36	duḥkha-taram	duḥkha-tara	nominal	duḥkhataraṃ	duḥkhatara	indecl	POS_DIVERGE	yes	no		1	1
2	2.36	nu	nu	indecl	nu	nu	indecl	MATCH	yes	yes		1	1
2	2.36	kim	kim	nominal	kim	ka	nominal	LEMMA_CONVENTION	no	yes	pronoun-stem	1	1
2	2.37	hataḥ	hata	nominal	hato	han	verb	LEMMA+POS_DIVERGE	no	no		1	1
2	2.37	vā	vā	indecl	vā	vā	indecl	MATCH	yes	yes		1	1
2	2.37	prāpsyasi	pra-√āp	verb	prāpsyasi	prāp	verb	LEMMA_CONVENTION	no	yes	vowel-sandhi/contraction	1	1
2	2.37	svargam	svarga	nominal	svargaṃ	svarga	nominal	MATCH	yes	yes		1	1
2	2.37	jitvā	√ji	unknown	jitvā	ji	verb	POS_DIVERGE	yes	no		1	1
2	2.37	vā	vā	indecl	vā	vā	indecl	MATCH	yes	yes		1	1
2	2.37	bhokṣyase	√bhuj	verb	bhokṣyase	bhuj	verb	MATCH	yes	yes		1	1
2	2.37	mahīm	mahī	nominal	mahīm	mahī	nominal	MATCH	yes	yes		1	1
2	2.37	tasmāt	tasmāt	indecl	tasmāt	tasmāt	indecl	MATCH	yes	yes		1	1
2	2.37	uttiṣṭha	ut-√sthā	verb	uttiṣṭha	utthā	verb	LEMMA_DIVERGE	no	yes		1	1
2	2.37	kaunteya	kaunteya	nominal	kaunteya	kaunteya	nominal	MATCH	yes	yes		1	1
2	2.37	yuddhāya	yuddha	nominal	yuddhāya	yuddha	nominal	MATCH	yes	yes		1	1
2	2.37	kṛta-niścayaḥ	kṛta-niścaya	nominal	kṛta|niścayaḥ	kṛ|niścaya	verb|nominal	COMPOUND_SPLIT	n/a	n/a		1	2
2	2.38	sukha-duḥkhe	sukha-duḥkha	nominal	sukha|duḥkhe	sukha|duḥkha	nominal|nominal	COMPOUND_SPLIT	n/a	n/a		1	2
2	2.38	same	sama	nominal	same	sama	nominal	MATCH	yes	yes		1	1
2	2.38	kṛtvā	√kṛ	unknown	kṛtvā	kṛ	verb	POS_DIVERGE	yes	no		1	1
2	2.38	lābhālābhau	lābha-a-lābha	nominal	lābha|alābhau	lābha|alābha	nominal|nominal	COMPOUND_SPLIT	n/a	n/a		1	2
2	2.38	jayājayau	jaya-a-jaya	nominal	jaya|ajayau	jaya|ajaya	nominal|nominal	COMPOUND_SPLIT	n/a	n/a		1	2
2	2.38	tataḥ	tataḥ	indecl	tato	tatas	indecl	LEMMA_CONVENTION	no	yes	adverb--tas/-taḥ	1	1
2	2.38	yuddhāya	yuddha	nominal	yuddhāya	yuddha	nominal	MATCH	yes	yes		1	1
2	2.38	yujyasva	√yuj	verb	yujyasva	yuj	verb	MATCH	yes	yes		1	1
2	2.38	na	na	indecl	na	na	indecl	MATCH	yes	yes		1	1
2	2.38	evam	evam	indecl	evam	evam	indecl	MATCH	yes	yes		1	1
2	2.38	pāpam	pāpa	nominal	pāpam	pāpa	nominal	MATCH	yes	yes		1	1
2	2.38	avāpsyasi	ava-√āp	verb	avāpsyasi	avāp	verb	LEMMA_CONVENTION	no	yes	vowel-sandhi/contraction	1	1
2	2.39	eṣā	etat	nominal	eṣā	etad	nominal	LEMMA_CONVENTION	no	yes	pronoun-stem	1	1
2	2.39	te	yuṣmat	nominal	te	tvad	nominal	LEMMA_CONVENTION	no	yes	pronoun-stem	1	1
2	2.39	abhihitā	abhihitā	nominal	'bhihitā	abhidhā	verb	LEMMA+POS_DIVERGE	no	no		1	1
2	2.39	sāṁkhye	sāṁkhya	nominal	sāṃkhye	sāṃkhya	nominal	MATCH	yes	yes		1	1
2	2.39	buddhiḥ	buddhi	nominal	buddhir	buddhi	nominal	MATCH	yes	yes		1	1
2	2.39	yoge	yoga	nominal	yoge	yoga	nominal	MATCH	yes	yes		1	1
2	2.39	tu	tu	indecl	tu	tu	indecl	MATCH	yes	yes		1	1
2	2.39	imām	idam	nominal	imām	idam	nominal	MATCH	yes	yes		1	1
2	2.39	śṛṇu	√śru	verb	śṛṇu	śru	verb	MATCH	yes	yes		1	1
2	2.39	buddhyā	buddhi	nominal	buddhyā	buddhi	nominal	MATCH	yes	yes		1	1
2	2.39	yuktaḥ	yukta	nominal	yukto	yuj	verb	LEMMA+POS_DIVERGE	no	no		1	1
2	2.39	yayā	yat	nominal	yayā	yad	nominal	LEMMA_CONVENTION	no	yes	pronoun-stem	1	1
2	2.39	pārtha	pārtha	nominal	pārtha	pārtha	nominal	MATCH	yes	yes		1	1
2	2.39	karma-bandham	karma-bandha	nominal	karma|bandham	karman|bandha	nominal|nominal	COMPOUND_SPLIT	n/a	n/a		1	2
2	2.39	prahāsyasi	pra-√hā	verb	prahāsyasi	prahā	verb	MATCH	yes	yes		1	1
2	2.40	na	na	indecl	na	na	indecl	MATCH	yes	yes		1	1
2	2.40	iha	iha	indecl	iha	iha	indecl	MATCH	yes	yes		1	1
2	2.40	abhikrama-nāśaḥ	abhi-krama-nāśa	nominal	abhikrama|nāśaḥ	abhikrama|nāśa	nominal|nominal	COMPOUND_SPLIT	n/a	n/a		1	2
2	2.40	asti	√as	verb	'sti	as	verb	MATCH	yes	yes		1	1
2	2.40	pratyavāyaḥ	pratyavāya	nominal	pratyavāyo	pratyavāya	nominal	MATCH	yes	yes		1	1
2	2.40	na	na	indecl	na	na	indecl	MATCH	yes	yes		1	1
2	2.40	vidyate	√vid	verb	vidyate	vid	verb	MATCH	yes	yes		1	1
2	2.40	svalpam	sv-alpa	nominal	su	su	indecl	LEMMA+POS_DIVERGE	no	no		1	1
2					alpam	alpa	indecl	GOLD_ONLY				0	1
2	2.40	api|asya	api|idam	indecl|nominal	apy	api	indecl	MERGE	n/a	n/a		2	1
2					asya	idam	nominal	GOLD_ONLY				0	1
2	2.40	dharmasya	dharma	nominal	dharmasya	dharma	nominal	MATCH	yes	yes		1	1
2	2.40	trāyate	√trai	verb	trāyate	trā	verb	LEMMA_CONVENTION	no	yes	vowel-sandhi/contraction	1	1
2	2.40	mahataḥ	mahant	nominal	mahato	mahat	indecl	LEMMA_CONVENTION+POS_DIVERGE	no	no	final-t/d+n	1	1
2	2.40	bhayāt	bhaya	nominal	bhayāt	bhaya	nominal	MATCH	yes	yes		1	1
2	2.41	vyavasāyātmikā	vyavasāya-ātmikā	nominal	vyavasāya|ātmikā	vyavasāya|ātmaka	nominal|indecl	COMPOUND_SPLIT	n/a	n/a		1	2
2	2.41	buddhiḥ	buddhi	nominal	buddhiḥ	buddhi	nominal	MATCH	yes	yes		1	1
2	2.41	ekā	ekā	nominal	ekā	eka	indecl	LEMMA_CONVENTION+POS_DIVERGE	no	no	vowel-sandhi/contraction	1	1
2	2.41	iha	iha	indecl	iha	iha	indecl	MATCH	yes	yes		1	1
2	2.41	kuru-nandana	kuru-nandana	nominal	kuru|nandana	kuru|nandana	nominal|nominal	COMPOUND_SPLIT	n/a	n/a		1	2
2	2.41	bahu-śākhāḥ	bahu-śākhā	nominal	bahu|śākhā	bahu|śākhā	indecl|nominal	COMPOUND_SPLIT	n/a	n/a		1	2
2	2.41	hi	hi	indecl	hi	hi	indecl	MATCH	yes	yes		1	1
2	2.41	anantāḥ	an-antā	nominal	anantāḥ	ananta	indecl	LEMMA_CONVENTION+POS_DIVERGE	no	no	vowel-sandhi/contraction	1	1
2	2.41	ca	ca	indecl	ca	ca	indecl	MATCH	yes	yes		1	1
2	2.41	buddhayaḥ	buddhi	nominal	buddhayo	buddhi	nominal	MATCH	yes	yes		1	1
2	2.41	avyavasāyinām	avyavasāyin	nominal	'vyavasāyinām	avyavasāyin	indecl	POS_DIVERGE	yes	no		1	1
2	2.42	yām	yat	nominal	yām	yad	nominal	LEMMA_CONVENTION	no	yes	pronoun-stem	1	1
2	2.42	imām	idam	nominal	imām	idam	nominal	MATCH	yes	yes		1	1
2	2.42	puṣpitām	puṣpitā	nominal	puṣpitāṃ	puṣpita	indecl	LEMMA_CONVENTION+POS_DIVERGE	no	no	vowel-sandhi/contraction	1	1
2	2.42	vācam	vāk	nominal	vācaṃ	vāc	nominal	LEMMA_DIVERGE	no	yes		1	1
2	2.42	pravadanti	pra-√vad	verb	pravadanty	pravad	verb	MATCH	yes	yes		1	1
2	2.42	avipaścitaḥ	a-vipaścit	nominal	a|vipaścitaḥ	a|vipaścit	indecl|indecl	COMPOUND_SPLIT	n/a	n/a		1	2
2	2.42	veda-vāda-ratāḥ	veda-vāda-rataḥ	nominal	veda|vāda|ratāḥ	veda|vāda|ram	nominal|nominal|verb	COMPOUND_SPLIT	n/a	n/a		1	3
2	2.42	pārtha	pārtha	nominal	pārtha	pārtha	nominal	MATCH	yes	yes		1	1
2	2.42	na	na	indecl	na	na	indecl	MATCH	yes	yes		1	1
2	2.42	anyat	anya	nominal	anyat	anya	nominal	MATCH	yes	yes		1	1
2	2.42	asti	√as	verb	asti	as	verb	MATCH	yes	yes		1	1
2	2.42	iti	iti	indecl	iti	iti	indecl	MATCH	yes	yes		1	1
2	2.42	vādinaḥ	vādin	nominal	vādinaḥ	vādin	indecl	POS_DIVERGE	yes	no		1	1
2	2.43	kāmātmānaḥ	kāma-ātman	nominal	kāma|ātmānaḥ	kāma|ātman	nominal|nominal	COMPOUND_SPLIT	n/a	n/a		1	2
2	2.43	svarga-parāḥ	svarga-para	nominal	svarga|parāḥ	svarga|para	nominal|nominal	COMPOUND_SPLIT	n/a	n/a		1	2
2	2.43	janma-karma-phala-pradām	janma-karma-phala-pradā	nominal	janma|karma|phala|pradām	janman|karman|phala|prada	nominal|nominal|nominal|indecl	COMPOUND_SPLIT	n/a	n/a		1	4
2	2.43	kriyā-viśeṣa-bahulāṁ	kriyā-viśeṣa-bahulā	nominal	kriyā	kriyā	nominal	LEMMA_DIVERGE	no	yes		1	1
2	2.43	bhogaiśvarya-gatiṁ	bhoga-aiśvarya-gati	nominal	viśeṣa	viśeṣa	nominal	LEMMA_DIVERGE	no	yes		1	1
2	2.43	prati	prati	indecl	bahulām	bahula	indecl	LEMMA_DIVERGE	no	yes		1	1
2	2.44	bhogaiśvarya-prasaktānām	bhoga-aiśvarya-prasakta	nominal	bhoga	bhoga	nominal	LEMMA_DIVERGE	no	yes		1	1
2	2.44	tayā	tat	nominal	aiśvarya	aiśvarya	nominal	LEMMA_DIVERGE	no	yes		1	1
2	2.44	apahṛta-cetasām	apahṛta-cetas	nominal	gatim	gati	nominal	LEMMA_DIVERGE	no	yes		1	1
2	2.44	vyavasāyātmikā	vyavasāya-ātmikā	nominal	prati	prati	indecl	LEMMA+POS_DIVERGE	no	no		1	1
2	2.44	buddhiḥ	buddhi	nominal	bhoga	bhoga	nominal	LEMMA_DIVERGE	no	yes		1	1
2	2.44	samādhau	samādhi	nominal	aiśvarya	aiśvarya	nominal	LEMMA_DIVERGE	no	yes		1	1
2	2.44	na	na	indecl	prasaktānām	prasañj	verb	LEMMA+POS_DIVERGE	no	no		1	1
2	2.44	vidhīyate	vi-√dhā	verb	tayā	tad	nominal	LEMMA+POS_DIVERGE	no	no		1	1
2	2.45	traiguṇya-viṣayāḥ	traiguṇya-viṣaya	nominal	apahṛta	apahṛ	verb	LEMMA+POS_DIVERGE	no	no		1	1
2	2.45	vedāḥ	veda	nominal	cetasām	cetas	nominal	LEMMA_DIVERGE	no	yes		1	1
2	2.45	nistraiguṇyaḥ	nistraiguṇya	nominal	vyavasāya	vyavasāya	nominal	LEMMA_DIVERGE	no	yes		1	1
2	2.45	bhava	√bhū	verb	ātmikā	ātmaka	indecl	LEMMA+POS_DIVERGE	no	no		1	1
2	2.45	arjuna	arjuna	nominal	buddhiḥ	buddhi	nominal	LEMMA_DIVERGE	no	yes		1	1
2	2.45	nirdvaṁdvaḥ	nirdvaṁdva	nominal	samādhau	samādhi	nominal	LEMMA_DIVERGE	no	yes		1	1
2	2.45	nitya-sattva-sthaḥ	nitya-sattva-stha	nominal	na	na	indecl	LEMMA+POS_DIVERGE	no	no		1	1
2	2.45	niryoga-kṣemaḥ	niryoga-kṣema	nominal	vidhīyate	vidhā	verb	LEMMA+POS_DIVERGE	no	no		1	1
2	2.45	ātmavān	ātmavant	nominal	traiguṇya	traiguṇya	nominal	LEMMA_DIVERGE	no	yes		1	1
2	2.46	yāvān	yāvat	nominal	viṣayāḥ	viṣaya	nominal	LEMMA_DIVERGE	no	yes		1	1
2	2.46	arthaḥ	artha	nominal	vedā	veda	nominal	LEMMA_DIVERGE	no	yes		1	1
2	2.46	udapāne	uda-pāna	nominal	nistraiguṇyo	nistraiguṇya	indecl	LEMMA+POS_DIVERGE	no	no		1	1
2	2.46	sarvataḥ	sarvataḥ	indecl	bhava	bhū	verb	LEMMA+POS_DIVERGE	no	no		1	1
2	2.46	saṁplutodake	saṁpluta-udaka	nominal	arjuna	arjuna	nominal	LEMMA_DIVERGE	no	yes		1	1
2	2.46	tāvān	tāvat	nominal	nirdvaṃdvo	nirdvaṃdva	indecl	LEMMA+POS_DIVERGE	no	no		1	1
2	2.46	sarveṣu	sarva	nominal	nitya	nitya	indecl	LEMMA+POS_DIVERGE	no	no		1	1
2	2.46	vedeṣu	veda	nominal	sattva	sattva	nominal	LEMMA_DIVERGE	no	yes		1	1
2	2.46	brāhmaṇasya	brāhmaṇa	nominal	sthaḥ	stha	indecl	LEMMA+POS_DIVERGE	no	no		1	1
2	2.46	vijānataḥ	vijānant	nominal	niryogakṣema	niryogakṣema	indecl	LEMMA+POS_DIVERGE	no	no		1	1
2	2.47	karmaṇi	karman	nominal	ātmavān	ātmavat	indecl	LEMMA+POS_DIVERGE	no	no		1	1
2	2.47	eva	eva	indecl	yāvān	yāvat	indecl	LEMMA_DIVERGE	no	yes		1	1
2	2.47	adhikāraḥ	adhikāra	nominal	arthaḥ	artha	nominal	LEMMA_DIVERGE	no	yes		1	1
2	2.47	te	yuṣmat	nominal	udapāne	udapāna	nominal	LEMMA_DIVERGE	no	yes		1	1
2	2.47	mā	mā	indecl	sarvataḥ	sarvatas	indecl	LEMMA_DIVERGE	no	yes		1	1
2	2.47	phaleṣu	phala	nominal	saṃpluta	samplu	verb	LEMMA+POS_DIVERGE	no	no		1	1
2	2.47	kadā-cana	kadā-cana	indecl	udake	udaka	nominal	LEMMA+POS_DIVERGE	no	no		1	1
2	2.47	mā	mā	indecl	tāvān	tāvat	indecl	LEMMA_DIVERGE	no	yes		1	1
2	2.47	karma-phala-hetuḥ	karma-phala-hetu	nominal	sarveṣu	sarva	nominal	LEMMA_DIVERGE	no	yes		1	1
2	2.47	bhūḥ	√bhū	verb	vedeṣu	veda	nominal	LEMMA+POS_DIVERGE	no	no		1	1
2	2.47	mā	mā	indecl	brāhmaṇasya	brāhmaṇa	nominal	LEMMA+POS_DIVERGE	no	no		1	1
2	2.47	te	yuṣmat	nominal	vijānataḥ	vijñā	verb	LEMMA+POS_DIVERGE	no	no		1	1
2	2.47	saṅgaḥ	saṅga	nominal	karmaṇi	karman	nominal	LEMMA_DIVERGE	no	yes		1	1
2	2.47	astu	√as	verb	eva	eva	indecl	LEMMA+POS_DIVERGE	no	no		1	1
2	2.47	akarmaṇi	a-karman	nominal	adhikāraḥ	adhikāra	nominal	LEMMA_DIVERGE	no	yes		1	1
2	2.48	yoga-sthaḥ	yoga-stha	nominal	te	tvad	nominal	LEMMA_DIVERGE	no	yes		1	1
2	2.48	kuru	√kṛ	verb	mā	mā	indecl	LEMMA+POS_DIVERGE	no	no		1	1
2	2.48	karmāṇi	karman	nominal	phaleṣu	phala	nominal	LEMMA_DIVERGE	no	yes		1	1
2	2.48	saṅgam	saṅga	nominal	kadācana	kadācana	indecl	LEMMA+POS_DIVERGE	no	no		1	1
2	2.48	tyaktvā	√tyaj	unknown	mā	mā	indecl	LEMMA+POS_DIVERGE	no	no		1	1
2	2.48	dhanaṁjaya	dhanaṁ-jaya	nominal	karma	karman	nominal	LEMMA_DIVERGE	no	yes		1	1
2	2.48	siddhy-asiddhyoḥ	siddhy-asiddhi	nominal	phala	phala	nominal	LEMMA_DIVERGE	no	yes		1	1
2	2.48	samaḥ	sama	nominal	hetuḥ	hetu	nominal	LEMMA_DIVERGE	no	yes		1	1
2	2.48	bhūtvā	√bhū	unknown	bhūḥ	bhū	verb	POS_DIVERGE	yes	no		1	1
2	2.48	samatvam	samatva	nominal	mā	mā	indecl	LEMMA+POS_DIVERGE	no	no		1	1
2	2.48	yogaḥ	yoga	nominal	te	tvad	nominal	LEMMA_DIVERGE	no	yes		1	1
2	2.48	ucyate	√vac	verb	saṅgo	saṅga	nominal	LEMMA+POS_DIVERGE	no	no		1	1
2	2.49	dūreṇa	dūreṇa	indecl	astu	as	verb	LEMMA+POS_DIVERGE	no	no		1	1
2	2.49	hi	hi	indecl	akarmaṇi	akarman	nominal	LEMMA+POS_DIVERGE	no	no		1	1
2	2.49	avaram	avara	nominal	yoga	yoga	nominal	LEMMA_DIVERGE	no	yes		1	1
2	2.49	karma	karman	nominal	sthaḥ	stha	indecl	LEMMA+POS_DIVERGE	no	no		1	1
2	2.49	buddhi-yogād	buddhi-yoga	nominal	kuru	kṛ	verb	LEMMA+POS_DIVERGE	no	no		1	1
2	2.49	dhanaṁjaya	dhanaṁ-jaya	nominal	karmāṇi	karman	nominal	LEMMA_DIVERGE	no	yes		1	1
2	2.49	buddhau	buddhi	nominal	saṅgaṃ	saṅga	nominal	LEMMA_DIVERGE	no	yes		1	1
2	2.49	śaraṇam	śaraṇa	nominal	tyaktvā	tyaj	verb	LEMMA+POS_DIVERGE	no	no		1	1
2	2.49	anviccha	anu-√iṣ	verb	dhanaṃjaya	dhanaṃjaya	nominal	LEMMA+POS_DIVERGE	no	no		1	1
2	2.49	kṛpaṇāḥ	kṛpaṇa	nominal	siddhi	siddhi	nominal	LEMMA_DIVERGE	no	yes		1	1
2	2.49	phala-hetavaḥ	phala-hetu	nominal	asiddhyoḥ	asiddhi	nominal	LEMMA_DIVERGE	no	yes		1	1
2	2.50	buddhi-yuktaḥ	buddhi-yukta	nominal	samo	sama	nominal	LEMMA_DIVERGE	no	yes		1	1
2	2.50	jahāti	√hā	verb	bhūtvā	bhū	verb	LEMMA_DIVERGE	no	yes		1	1
2	2.50	iha	iha	indecl	sama	sama	nominal	LEMMA+POS_DIVERGE	no	no		1	1
2	2.50	ubhe	ubha	nominal	tvam	tva	nominal	LEMMA_DIVERGE	no	yes		1	1
2	2.50	sukṛta-duṣkṛte	sukṛta-duṣkṛta	nominal	yoga	yoga	nominal	LEMMA_DIVERGE	no	yes		1	1
2	2.50	tasmāt	tasmāt	indecl	ucyate	vac	verb	LEMMA+POS_DIVERGE	no	no		1	1
2	2.50	yogāya	yoga	nominal	dūreṇa	dūra	indecl	LEMMA+POS_DIVERGE	no	no		1	1
2	2.50	yujyasva	√yuj	verb	hi	hi	indecl	LEMMA+POS_DIVERGE	no	no		1	1
2	2.50	yogaḥ	yoga	nominal	avaram	avara	indecl	LEMMA+POS_DIVERGE	no	no		1	1
2	2.50	karmasu	karman	nominal	karma	karman	nominal	MATCH	yes	yes		1	1
2	2.50	kauśalam	kauśala	nominal	buddhi	buddhi	nominal	LEMMA_DIVERGE	no	yes		1	1
2	2.51	karma-jam	karma-ja	nominal	yogāt	yoga	nominal	LEMMA_DIVERGE	no	yes		1	1
2	2.51	buddhi-yuktāḥ	buddhi-yukta	nominal	dhanaṃjaya	dhanaṃjaya	nominal	LEMMA_DIVERGE	no	yes		1	1
2	2.51	hi	hi	indecl	buddhau	buddhi	nominal	LEMMA+POS_DIVERGE	no	no		1	1
2	2.51	phalam	phala	nominal	śaraṇam	śaraṇa	nominal	LEMMA_DIVERGE	no	yes		1	1
2	2.51	tyaktvā	√tyaj	unknown	anviccha	anviṣ	verb	LEMMA+POS_DIVERGE	no	no		1	1
2	2.51	manīṣiṇaḥ	manīṣin	nominal	kṛpaṇāḥ	kṛpaṇa	indecl	LEMMA+POS_DIVERGE	no	no		1	1
2	2.51	janma-bandha-vinirmuktāḥ	janma-bandha-vinirmukta	nominal	phala	phala	nominal	LEMMA_DIVERGE	no	yes		1	1
2	2.51	padam	pada	nominal	hetavaḥ	hetu	nominal	LEMMA_DIVERGE	no	yes		1	1
2	2.51	gacchanti	√gam	verb	buddhi	buddhi	nominal	LEMMA+POS_DIVERGE	no	no		1	1
2	2.51	anāmayam	an-āmaya	nominal	yuktaḥ	yuj	verb	LEMMA+POS_DIVERGE	no	no		1	1
2	2.52	yadā	yadā	indecl	jahāti	hā	verb	LEMMA+POS_DIVERGE	no	no		1	1
2	2.52	te	yuṣmat	nominal	iha	iha	indecl	LEMMA+POS_DIVERGE	no	no		1	1
2	2.52	moha-kalilam	moha-kalila	nominal	ubhe	ubh	nominal	LEMMA_DIVERGE	no	yes		1	1
2	2.52	buddhiḥ	buddhi	nominal	sukṛta	sukṛta	nominal	LEMMA_DIVERGE	no	yes		1	1
2	2.52	vyatitariṣyati	vi-ati-√tṝ	verb	duṣkṛte	duṣkṛta	nominal	LEMMA+POS_DIVERGE	no	no		1	1
2	2.52	tadā	tadā	indecl	tasmāt	tasmāt	indecl	LEMMA_DIVERGE	no	yes		1	1
2	2.52	gantāsi	√gam	verb	yogāya	yoga	nominal	LEMMA+POS_DIVERGE	no	no		1	1
2	2.52	nirvedam	nir-veda	nominal	yujyasva	yuj	verb	LEMMA+POS_DIVERGE	no	no		1	1
2	2.52	śrotavyasya	śrotavya	nominal	yogaḥ	yoga	nominal	LEMMA_DIVERGE	no	yes		1	1
2	2.52	śrutasya	śruta	nominal	karmasu	karman	nominal	LEMMA_DIVERGE	no	yes		1	1
2	2.52	ca	ca	indecl	kauśalam	kauśala	nominal	LEMMA+POS_DIVERGE	no	no		1	1
2	2.53	śruti-viprati-pannā	śruti-vi-prati-panna	nominal	karma	karman	nominal	LEMMA_DIVERGE	no	yes		1	1
2	2.53	te	yuṣmat	nominal	jam	ja	indecl	LEMMA+POS_DIVERGE	no	no		1	1
2	2.53	yadā	yadā	indecl	buddhi	buddhi	nominal	LEMMA+POS_DIVERGE	no	no		1	1
2	2.53	sthāsyati	√sthā	verb	yuktāḥ	yuj	verb	LEMMA_DIVERGE	no	yes		1	1
2	2.53	niścalā	niś-cala	nominal	hi	hi	indecl	LEMMA+POS_DIVERGE	no	no		1	1
2	2.53	samādhau	samādhi	nominal	phalaṃ	phala	nominal	LEMMA_DIVERGE	no	yes		1	1
2	2.53	acalā	a-cala	nominal	tyaktvā	tyaj	verb	LEMMA+POS_DIVERGE	no	no		1	1
2	2.53	buddhiḥ	buddhi	nominal	manīṣiṇaḥ	manīṣin	indecl	LEMMA+POS_DIVERGE	no	no		1	1
2	2.53	tadā	tadā	indecl	janma	janman	nominal	LEMMA+POS_DIVERGE	no	no		1	1
2	2.53	yogam	yoga	nominal	bandha	bandha	nominal	LEMMA_DIVERGE	no	yes		1	1
2	2.53	avāpsyasi	ava-√āp	verb	vinirmuktāḥ	vinirmuc	verb	LEMMA_DIVERGE	no	yes		1	1
2	2.54	arjunaḥ	arjuna	nominal	padaṃ	pada	nominal	LEMMA_DIVERGE	no	yes		1	1
2	2.54	uvāca	√vac	verb	gacchanti	gam	verb	LEMMA_DIVERGE	no	yes		1	1
2	2.54	sthita-prajñasya	sthita-prajña	nominal	anāmayam	anāmaya	indecl	LEMMA+POS_DIVERGE	no	no		1	1
2	2.54	kā	kim	nominal	yadā	yadā	indecl	LEMMA+POS_DIVERGE	no	no		1	1
2	2.54	bhāṣā	bhāṣā	nominal	te	tvad	nominal	LEMMA_DIVERGE	no	yes		1	1
2	2.54	samādhi-sthasya	samādhi-stha	nominal	moha	moha	nominal	LEMMA_DIVERGE	no	yes		1	1
2	2.54	keśava	keśa-va	nominal	kalilam	kalila	nominal	LEMMA_DIVERGE	no	yes		1	1
2	2.54	sthita-dhīḥ	sthita-dhī	nominal	buddhiḥ	buddhi	nominal	LEMMA_DIVERGE	no	yes		1	1
2	2.54	kim	kim	indecl	vyatitariṣyati	vyatitṛ	verb	LEMMA+POS_DIVERGE	no	no		1	1
2	2.54	prabhāṣeta	pra-√bhāṣ	verb	tadā	tadā	indecl	LEMMA+POS_DIVERGE	no	no		1	1
2	2.54	kim	kim	indecl	gantāsi	gam	verb	LEMMA+POS_DIVERGE	no	no		1	1
2	2.54	āsīta	√ās	verb	nirvedaṃ	nirveda	nominal	LEMMA+POS_DIVERGE	no	no		1	1
2	2.54	vrajeta	√vraj	verb	śrotavyasya	śru	verb	LEMMA_DIVERGE	no	yes		1	1
2	2.54	kim	kim	indecl	śrutasya	śru	verb	LEMMA+POS_DIVERGE	no	no		1	1
2	2.55	śrī-bhagavān	śrī-bhagavant	nominal	ca	ca	indecl	LEMMA+POS_DIVERGE	no	no		1	1
2	2.55	uvāca	√vac	verb	śruti	śruti	nominal	LEMMA+POS_DIVERGE	no	no		1	1
2	2.55	prajahāti	pra-√hā	verb	vipratipannā	vipratipad	verb	LEMMA_DIVERGE	no	yes		1	1
2					te	tvad	nominal	GOLD_ONLY				0	1
2	2.55	yadā	yadā	indecl	yadā	yadā	indecl	MATCH	yes	yes		1	1
2	2.55	kāmān	kāma	nominal	sthāsyati	sthā	verb	LEMMA+POS_DIVERGE	no	no		1	1
2	2.55	sarvān	sarva	nominal	niścalā	niścala	indecl	LEMMA+POS_DIVERGE	no	no		1	1
2	2.55	pārtha	pārtha	nominal	samādhau	samādhi	nominal	LEMMA_DIVERGE	no	yes		1	1
2	2.55	mano-gatān	mano-gata	nominal	acalā	acala	indecl	LEMMA+POS_DIVERGE	no	no		1	1
2	2.55	ātmani	ātman	nominal	buddhis	buddhi	nominal	LEMMA_DIVERGE	no	yes		1	1
2	2.55	eva	eva	indecl	tadā	tadā	indecl	LEMMA_DIVERGE	no	yes		1	1
2	2.55	ātmanā	ātman	nominal	yogam	yoga	nominal	LEMMA_DIVERGE	no	yes		1	1
2	2.55	tuṣṭaḥ	tuṣṭa	nominal	avāpsyasi	avāp	verb	LEMMA+POS_DIVERGE	no	no		1	1
2	2.55	sthita-prajñaḥ	sthita-prajña	nominal	arjuna	arjuna	nominal	LEMMA_DIVERGE	no	yes		1	1
2	2.55	tadā	tadā	indecl	uvāca	vac	verb	LEMMA+POS_DIVERGE	no	no		1	1
2	2.55	ucyate	√vac	verb	sthita	sthā	verb	LEMMA_DIVERGE	no	yes		1	1
2	2.56	duḥkheṣu	duḥ-kha	nominal	prajñasya	prajñā	nominal	LEMMA_DIVERGE	no	yes		1	1
2	2.56	anudvigna-manāḥ	an-ud-vigna-manas	nominal	kā	ka	nominal	LEMMA_DIVERGE	no	yes		1	1
2	2.56	sukheṣu	su-kha	nominal	bhāṣā	bhāṣā	nominal	LEMMA_DIVERGE	no	yes		1	1
2	2.56	vigata-spṛhaḥ	vigata-spṛha	nominal	samādhi	samādhi	nominal	LEMMA_DIVERGE	no	yes		1	1
2	2.56	vīta-rāga-bhaya-krodhaḥ	vīta-rāga-bhaya-krodha	nominal	sthasya	stha	indecl	LEMMA+POS_DIVERGE	no	no		1	1
2					keśava	keśava	nominal	GOLD_ONLY				0	1
2	2.56	sthita-dhīḥ	sthita-dhī	nominal	sthita|dhīḥ	sthā|dhī	verb|nominal	COMPOUND_SPLIT	n/a	n/a		1	2
2	2.56	muniḥ	muni	nominal	kiṃ	ka	nominal	LEMMA_DIVERGE	no	yes		1	1
2	2.56	ucyate	√vac	verb	prabhāṣeta	prabhāṣ	verb	LEMMA_DIVERGE	no	yes		1	1
2	2.57	yaḥ	yat	nominal	kim	kim	indecl	LEMMA+POS_DIVERGE	no	no		1	1
2	2.57	sarvatra	sarvatra	indecl	āsīta	ās	verb	LEMMA+POS_DIVERGE	no	no		1	1
2	2.57	anabhisnehaḥ	an-abhi-sneha	nominal	vrajeta	vraj	verb	LEMMA+POS_DIVERGE	no	no		1	1
2	2.57	tat tat	tat	nominal	kim	kim	indecl	LEMMA+POS_DIVERGE	no	no		1	1
2	2.57	prāpya	pra-√āp	unknown	śrī	śrī	nominal	LEMMA+POS_DIVERGE	no	no		1	1
2	2.57	śubhāśubham	śubha-aśubha	nominal	bhagavān	bhagavant	nominal	LEMMA_DIVERGE	no	yes		1	1
2	2.57	na	na	indecl	uvāca	vac	verb	LEMMA+POS_DIVERGE	no	no		1	1
2	2.57	abhinandati	abhi-√nand	verb	prajahāti	prahā	verb	LEMMA_DIVERGE	no	yes		1	1
2	2.57	na	na	indecl	yadā	yadā	indecl	LEMMA_DIVERGE	no	yes		1	1
2	2.57	dveṣṭi	√dviṣ	verb	kāmān	kāma	nominal	LEMMA+POS_DIVERGE	no	no		1	1
2	2.57	tasya	tat	nominal	sarvān	sarva	nominal	LEMMA_DIVERGE	no	yes		1	1
2	2.57	prajñā	prajñā	nominal	pārtha	pārtha	nominal	LEMMA_DIVERGE	no	yes		1	1
2	2.57	pratiṣṭhitā	pratiṣṭhita	nominal	manaḥ	manas	nominal	LEMMA_DIVERGE	no	yes		1	1
2	2.58	yadā	yadā	indecl	gatān	gam	verb	LEMMA+POS_DIVERGE	no	no		1	1
2	2.58	saṁharate	sam-√hṛ	verb	ātmani	ātman	nominal	LEMMA+POS_DIVERGE	no	no		1	1
2	2.58	ca	ca	indecl	eva	eva	indecl	LEMMA_DIVERGE	no	yes		1	1
2	2.58	ayam	idam	nominal	ātmanā	ātman	nominal	LEMMA_DIVERGE	no	yes		1	1
2	2.58	kūrmaḥ	kūrma	nominal	tuṣṭaḥ	tuṣ	verb	LEMMA+POS_DIVERGE	no	no		1	1
2	2.58	aṅgāni	aṅga	nominal	sthita	sthā	verb	LEMMA+POS_DIVERGE	no	no		1	1
2	2.58	iva	iva	indecl	prajñaḥ	prajñā	nominal	LEMMA+POS_DIVERGE	no	no		1	1
2	2.58	sarvaśaḥ	sarvaśaḥ	indecl	tadā	tadā	indecl	LEMMA_DIVERGE	no	yes		1	1
2	2.58	indriyāṇi	indriya	nominal	ucyate	vac	verb	LEMMA+POS_DIVERGE	no	no		1	1
2	2.58	indriyārthebhyaḥ	indriya-artha	nominal	duḥkheṣu	duḥkha	nominal	LEMMA_DIVERGE	no	yes		1	1
2	2.58	tasya	tat	nominal	anudvigna	anudvigna	indecl	LEMMA+POS_DIVERGE	no	no		1	1
2	2.58	prajñā	prajñā	nominal	manāḥ	manas	nominal	LEMMA_DIVERGE	no	yes		1	1
2	2.58	pratiṣṭhitā	pratiṣṭhita	nominal	sukheṣu	sukha	nominal	LEMMA_DIVERGE	no	yes		1	1
2	2.59	viṣayāḥ	viṣaya	nominal	vigata	vigam	verb	LEMMA+POS_DIVERGE	no	no		1	1
2	2.59	vinivartante	vi-ni-√vṛt	verb	spṛhaḥ	spṛhā	nominal	LEMMA+POS_DIVERGE	no	no		1	1
2	2.59	nirāhārasya	nir-āhara	nominal	vīta	vī	verb	LEMMA+POS_DIVERGE	no	no		1	1
2	2.59	dehinaḥ	dehin	nominal	rāga	rāga	nominal	LEMMA_DIVERGE	no	yes		1	1
2	2.59	rasa-varjam	rasa-varjam	indecl	bhaya	bhaya	nominal	LEMMA+POS_DIVERGE	no	no		1	1
2	2.59	rasaḥ	rasa	nominal	krodhaḥ	krodha	nominal	LEMMA_DIVERGE	no	yes		1	1
2	2.59	api	api	indecl	sthita	sthā	verb	LEMMA+POS_DIVERGE	no	no		1	1
2	2.59	asya	idam	nominal	dhīḥ	dhī	nominal	LEMMA_DIVERGE	no	yes		1	1
2	2.59	param	para	nominal	muniḥ	muni	nominal	LEMMA_DIVERGE	no	yes		1	1
2	2.59	dṛṣṭvā	√dṛś	unknown	ucyate	vac	verb	LEMMA+POS_DIVERGE	no	no		1	1
2	2.59	nivartate	ni-√vṛt	verb	yaḥ	yad	nominal	LEMMA+POS_DIVERGE	no	no		1	1
2	2.60	yatataḥ	yatant	nominal	sarvatra	sarvatra	indecl	LEMMA+POS_DIVERGE	no	no		1	1
2	2.60	hi	hi	indecl	anabhisnehaḥ	anabhisneha	indecl	LEMMA_DIVERGE	no	yes		1	1
2	2.60	api	api	indecl	tat	tad	nominal	LEMMA+POS_DIVERGE	no	no		1	1
2	2.60	kaunteya	kaunteya	nominal	tat	tad	nominal	LEMMA_DIVERGE	no	yes		1	1
2	2.60	puruṣasya	puruṣa	nominal	prāpya	prāp	verb	LEMMA+POS_DIVERGE	no	no		1	1
2	2.60	vipaścitaḥ	vipaś-cit	nominal	śubha	śubha	indecl	LEMMA+POS_DIVERGE	no	no		1	1
2	2.60	indriyāṇi	indriya	nominal	aśubham	aśubha	indecl	LEMMA+POS_DIVERGE	no	no		1	1
2	2.60	pramāthīni	pra-māthin	nominal	na	na	indecl	LEMMA+POS_DIVERGE	no	no		1	1
2	2.60	haranti	√hṛ	verb	abhinandati	abhinand	verb	LEMMA_DIVERGE	no	yes		1	1
2	2.60	prasabham	prasabham	indecl	na	na	indecl	LEMMA_DIVERGE	no	yes		1	1
2	2.60	manaḥ	manas	nominal	dveṣṭi	dviṣ	verb	LEMMA+POS_DIVERGE	no	no		1	1
2	2.61	tāni	tat	nominal	tasya	tad	nominal	LEMMA_CONVENTION	no	yes	pronoun-stem	1	1
2	2.61	sarvāṇi	sarva	nominal	prajñā	prajñā	nominal	LEMMA_DIVERGE	no	yes		1	1
2	2.61	saṁyamya	sam-√yam	unknown	pratiṣṭhitā	pratiṣṭhā	verb	LEMMA+POS_DIVERGE	no	no		1	1
2	2.61	yuktaḥ	yukta	nominal	yadā	yadā	indecl	LEMMA+POS_DIVERGE	no	no		1	1
2	2.61	āsīta	√ās	verb	saṃharate	saṃhṛ	verb	LEMMA_DIVERGE	no	yes		1	1
2	2.61	mat-paraḥ	mat-para	nominal	ca	ca	indecl	LEMMA+POS_DIVERGE	no	no		1	1
2	2.61	vaśe	vaśa	nominal	ayam	idam	nominal	LEMMA_DIVERGE	no	yes		1	1
2	2.61	hi	hi	indecl	kūrmo	kūrma	nominal	LEMMA+POS_DIVERGE	no	no		1	1
2	2.61	yasya	yat	nominal	aṅgāni	aṅga	nominal	LEMMA_DIVERGE	no	yes		1	1
2	2.61	indriyāṇi	indriya	nominal	iva	iva	indecl	LEMMA+POS_DIVERGE	no	no		1	1
2	2.61	tasya	tat	nominal	sarvaśaḥ	sarvaśas	indecl	LEMMA+POS_DIVERGE	no	no		1	1
2	2.61	prajñā	prajñā	nominal	indriyāṇi	indriya	nominal	LEMMA_DIVERGE	no	yes		1	1
2	2.61	pratiṣṭhitā	pratiṣṭhita	nominal	indriya	indriya	nominal	LEMMA_DIVERGE	no	yes		1	1
2	2.62	dhyāyataḥ	dhyāyant	nominal	arthebhyaḥ	artha	nominal	LEMMA_DIVERGE	no	yes		1	1
2	2.62	viṣayān	viṣaya	nominal	tasya	tad	nominal	LEMMA_DIVERGE	no	yes		1	1
2	2.62	puṁsaḥ	puṁs	nominal	prajñā	prajñā	nominal	LEMMA_DIVERGE	no	yes		1	1
2	2.62	saṅgaḥ	saṅga	nominal	pratiṣṭhitā	pratiṣṭhā	verb	LEMMA+POS_DIVERGE	no	no		1	1
2	2.62	teṣu	tat	nominal	viṣayā	viṣaya	nominal	LEMMA_DIVERGE	no	yes		1	1
2	2.62	upajāyate	upa-√jan	verb	vinivartante	vinivṛt	verb	LEMMA_DIVERGE	no	yes		1	1
2	2.62	saṅgāt	saṅga	nominal	nirāhārasya	nirāhāra	indecl	LEMMA+POS_DIVERGE	no	no		1	1
2	2.62	saṁjāyate	sam-√jan	verb	dehinaḥ	dehin	nominal	LEMMA+POS_DIVERGE	no	no		1	1
2	2.62	kāmaḥ	kāma	nominal	rasa	rasa	nominal	LEMMA_DIVERGE	no	yes		1	1
2	2.62	kāmāt	kāma	nominal	varjam	varjam	indecl	LEMMA+POS_DIVERGE	no	no		1	1
2	2.62	krodhaḥ	krodha	nominal	raso	rasa	nominal	LEMMA_DIVERGE	no	yes		1	1
2	2.62	abhijāyate	abhi-√jan	verb	api	api	indecl	LEMMA+POS_DIVERGE	no	no		1	1
2	2.63	krodhāt	krodha	nominal	asya	idam	nominal	LEMMA_DIVERGE	no	yes		1	1
2	2.63	bhavati	√bhū	verb	paraṃ	para	nominal	LEMMA+POS_DIVERGE	no	no		1	1
2	2.63	saṁmohaḥ	saṁ-moha	nominal	dṛṣṭvā	dṛś	verb	LEMMA+POS_DIVERGE	no	no		1	1
2	2.63	saṁmohāt	saṁ-moha	nominal	nivartate	nivṛt	verb	LEMMA+POS_DIVERGE	no	no		1	1
2	2.63	smṛti-vibhramaḥ	smṛti-vibhrama	nominal	yatato	yat	verb	LEMMA+POS_DIVERGE	no	no		1	1
2	2.63	smṛti-bhraṁśāt	smṛti-bhraṁśa	nominal	hi	hi	indecl	LEMMA+POS_DIVERGE	no	no		1	1
2	2.63	buddhi-nāśaḥ	buddhi-nāśa	nominal	api	api	indecl	LEMMA+POS_DIVERGE	no	no		1	1
2	2.63	buddhi-nāśāt	buddhi-nāśa	nominal	kaunteya	kaunteya	nominal	LEMMA_DIVERGE	no	yes		1	1
2	2.63	praṇaśyati	pra-√naś	verb	puruṣasya	puruṣa	nominal	LEMMA+POS_DIVERGE	no	no		1	1
2	2.64	rāga-dveṣa-viyuktaiḥ	rāga-dveṣa-viyukta	nominal	vipaścitaḥ	vipaścit	indecl	LEMMA+POS_DIVERGE	no	no		1	1
2	2.64	tu	tu	indecl	indriyāṇi	indriya	nominal	LEMMA+POS_DIVERGE	no	no		1	1
2	2.64	viṣayān	viṣaya	nominal	pramāthīni	pramāthin	indecl	LEMMA+POS_DIVERGE	no	no		1	1
2	2.64	indriyaiḥ	indriya	nominal	haranti	hṛ	verb	LEMMA+POS_DIVERGE	no	no		1	1
2	2.64	caran	carant	nominal	prasabhaṃ	prasabham	indecl	LEMMA+POS_DIVERGE	no	no		1	1
2	2.64	ātma-vaśyaiḥ	ātma-vaśya	nominal	manaḥ	manas	nominal	LEMMA_DIVERGE	no	yes		1	1
2	2.64	vidheyātmā	vidheya-ātman	nominal	tāni	tad	nominal	LEMMA_DIVERGE	no	yes		1	1
2	2.64	prasādam	prasāda	nominal	sarvāṇi	sarva	nominal	LEMMA_DIVERGE	no	yes		1	1
2	2.64	adhigacchati	adhi-√gam	verb	saṃyamya	saṃyam	verb	LEMMA_DIVERGE	no	yes		1	1
2	2.65	prasāde	prasāda	nominal	yukta	yuj	verb	LEMMA+POS_DIVERGE	no	no		1	1
2	2.65	sarva-duḥkhānām	sarva-duḥkha	nominal	āsīta	ās	verb	LEMMA+POS_DIVERGE	no	no		1	1
2	2.65	hāniḥ	hāni	nominal	mad	mad	nominal	LEMMA_DIVERGE	no	yes		1	1
2	2.65	asya	idam	nominal	paraḥ	para	nominal	LEMMA_DIVERGE	no	yes		1	1
2	2.65	upajāyate	upa-√jan	verb	vaśe	vaśa	nominal	LEMMA+POS_DIVERGE	no	no		1	1
2	2.65	prasanna-cetasaḥ	prasanna-cetas	nominal				DCS_ONLY				1	0
2	2.65	hi	hi	indecl	hi	hi	indecl	MATCH	yes	yes		1	1
2	2.65	āśu	āśu	indecl	yasya	yad	nominal	LEMMA+POS_DIVERGE	no	no		1	1
2	2.65	buddhiḥ	buddhi	nominal	indriyāṇi	indriya	nominal	LEMMA_DIVERGE	no	yes		1	1
2	2.65	paryavatiṣṭhate	pari-ava-√sthā	verb	tasya	tad	nominal	LEMMA+POS_DIVERGE	no	no		1	1
2	2.66	na	na	indecl	prajñā	prajñā	nominal	LEMMA+POS_DIVERGE	no	no		1	1
2	2.66	asti	√as	verb	pratiṣṭhitā	pratiṣṭhā	verb	LEMMA_DIVERGE	no	yes		1	1
2	2.66	buddhiḥ	buddhi	nominal	dhyāyato	dhyā	verb	LEMMA+POS_DIVERGE	no	no		1	1
2	2.66	ayuktasya	a-yukta	nominal	viṣayān	viṣaya	nominal	LEMMA_DIVERGE	no	yes		1	1
2	2.66	na	na	indecl	puṃsaḥ	puṃs	nominal	LEMMA+POS_DIVERGE	no	no		1	1
2	2.66	ca	ca	indecl	saṅgaḥ	saṅga	nominal	LEMMA+POS_DIVERGE	no	no		1	1
2	2.66	ayuktasya	a-yukta	nominal	teṣu	tad	nominal	LEMMA_DIVERGE	no	yes		1	1
2	2.66	bhāvanā	bhāvanā	nominal	upajāyate	upajan	verb	LEMMA+POS_DIVERGE	no	no		1	1
2	2.66	na	na	indecl	saṅgāt	saṅga	nominal	LEMMA+POS_DIVERGE	no	no		1	1
2	2.66	ca	ca	indecl	saṃjāyate	saṃjan	verb	LEMMA+POS_DIVERGE	no	no		1	1
2	2.66	abhāvayataḥ	a-bhāvayant	nominal	kāmaḥ	kāma	nominal	LEMMA_DIVERGE	no	yes		1	1
2	2.66	śāntiḥ	śānti	nominal	kāmāt	kāma	nominal	LEMMA_DIVERGE	no	yes		1	1
2	2.66	aśāntasya	a-śānta	nominal	krodhaḥ	krodha	nominal	LEMMA_DIVERGE	no	yes		1	1
2	2.66	kutaḥ	kutaḥ	indecl	'bhijāyate	abhijan	verb	LEMMA+POS_DIVERGE	no	no		1	1
2	2.66	sukham	sukha	nominal	krodhāt	krodha	nominal	LEMMA_DIVERGE	no	yes		1	1
2	2.67	indriyāṇām	indriya	nominal	bhavati	bhū	verb	LEMMA+POS_DIVERGE	no	no		1	1
2	2.67	hi	hi	indecl	saṃmohaḥ	sammoha	nominal	LEMMA+POS_DIVERGE	no	no		1	1
2	2.67	caratām	carant	nominal	saṃmohāt	sammoha	nominal	LEMMA_DIVERGE	no	yes		1	1
2	2.67	yat	yat	nominal	smṛti	smṛti	nominal	LEMMA_DIVERGE	no	yes		1	1
2	2.67	manaḥ	manas	nominal	vibhramaḥ	vibhrama	nominal	LEMMA_DIVERGE	no	yes		1	1
2	2.67	anuvidhīyate	anu-vi-√dhā	verb	smṛti	smṛti	nominal	LEMMA+POS_DIVERGE	no	no		1	1
2	2.67	tat	tat	nominal	bhraṃśāt	bhraṃśa	nominal	LEMMA_DIVERGE	no	yes		1	1
2	2.67	asya	idam	nominal	buddhi	buddhi	nominal	LEMMA_DIVERGE	no	yes		1	1
2	2.67	harati	√hṛ	verb	nāśaḥ	nāśa	nominal	LEMMA+POS_DIVERGE	no	no		1	1
2	2.67	prajñām	prajñā	nominal	buddhi	buddhi	nominal	LEMMA_DIVERGE	no	yes		1	1
2	2.67	vāyuḥ	vāyu	nominal	nāśāt	nāśa	nominal	LEMMA_DIVERGE	no	yes		1	1
2	2.67	nāvam	nau	nominal	praṇaśyati	praṇaś	verb	LEMMA+POS_DIVERGE	no	no		1	1
2	2.67	iva	iva	indecl	rāga	rāga	nominal	LEMMA+POS_DIVERGE	no	no		1	1
2	2.67	ambhasi	ambhas	nominal	dveṣa	dveṣa	nominal	LEMMA_DIVERGE	no	yes		1	1
2	2.68	tasmāt	tasmāt	indecl	viyuktaiḥ	viyuj	verb	LEMMA+POS_DIVERGE	no	no		1	1
2	2.68	yasya	yat	nominal	tu	tu	indecl	LEMMA+POS_DIVERGE	no	no		1	1
2	2.68	mahā-bāho	mahā-bāhu	nominal	viṣayān	viṣaya	nominal	LEMMA_DIVERGE	no	yes		1	1
2	2.68	nigṛhītāni	nigṛhīta	nominal	indriyaiḥ	indriya	nominal	LEMMA_DIVERGE	no	yes		1	1
2	2.68	sarvaśaḥ	sarvaśaḥ	indecl	caran	car	verb	LEMMA+POS_DIVERGE	no	no		1	1
2	2.68	indriyāṇi	indriya	nominal	ātma	ātman	nominal	LEMMA_DIVERGE	no	yes		1	1
2	2.68	indriyārthebhyaḥ	indriya-artha	nominal	vaśyaiḥ	vaśya	indecl	LEMMA+POS_DIVERGE	no	no		1	1
2	2.68	tasya	tat	nominal	vidheya	vidhā	verb	LEMMA+POS_DIVERGE	no	no		1	1
2	2.68	prajñā	prajñā	nominal	ātmā	ātman	nominal	LEMMA_DIVERGE	no	yes		1	1
2	2.68	pratiṣṭhitā	prati-ṣṭhita	nominal	prasādam	prasāda	nominal	LEMMA_DIVERGE	no	yes		1	1
2	2.69	yā	yat	nominal	adhigacchati	adhigam	verb	LEMMA+POS_DIVERGE	no	no		1	1
2	2.69	niśā	niśā	nominal	prasāde	prasāda	nominal	LEMMA_DIVERGE	no	yes		1	1
2	2.69	sarva-bhūtānām	sarva-bhūta	nominal	sarva	sarva	nominal	LEMMA_DIVERGE	no	yes		1	1
2	2.69	tasyām	tat	nominal	duḥkhānām	duḥkha	nominal	LEMMA_DIVERGE	no	yes		1	1
2	2.69	jāgarti	√jāgṛ	verb	hāniḥ	hāni	nominal	LEMMA+POS_DIVERGE	no	no		1	1
2	2.69	saṁyamī	saṁyamin	nominal	asya	idam	nominal	LEMMA_DIVERGE	no	yes		1	1
2	2.69	yasyām	yat	nominal	upajāyate	upajan	verb	LEMMA+POS_DIVERGE	no	no		1	1
2	2.69	jāgrati	√jāgṛ	verb	prasanna	prasad	verb	LEMMA_DIVERGE	no	yes		1	1
2	2.69	bhūtāni	bhūta	nominal	cetasaḥ	cetas	nominal	LEMMA_DIVERGE	no	yes		1	1
2	2.69	sā	tat	nominal	hi	hi	indecl	LEMMA+POS_DIVERGE	no	no		1	1
2	2.69	niśā	niśā	nominal	āśu	āśu	indecl	LEMMA+POS_DIVERGE	no	no		1	1
2	2.69	paśyataḥ	paśyant	nominal	buddhiḥ	buddhi	nominal	LEMMA_DIVERGE	no	yes		1	1
2	2.69	muneḥ	muni	nominal	paryavatiṣṭhate	paryavasthā	verb	LEMMA+POS_DIVERGE	no	no		1	1
2	2.70	āpūryamāṇam	āpūryamāṇa	nominal	na	na	indecl	LEMMA+POS_DIVERGE	no	no		1	1
2	2.70	acala-pratiṣṭham	acala-pratiṣṭha	nominal	asti	as	verb	LEMMA+POS_DIVERGE	no	no		1	1
2	2.70	samudram	sam-udra	nominal	buddhiḥ	buddhi	nominal	LEMMA_DIVERGE	no	yes		1	1
2	2.70	āpaḥ	ap	nominal	ayuktasya	ayukta	indecl	LEMMA+POS_DIVERGE	no	no		1	1
2	2.70	praviśanti	pra-√viś	verb	na	na	indecl	LEMMA+POS_DIVERGE	no	no		1	1
2	2.70	yadvat	yadvat	indecl	ca	ca	indecl	LEMMA_DIVERGE	no	yes		1	1
2	2.70	tadvat	tadvat	indecl	ayuktasya	ayukta	indecl	LEMMA_DIVERGE	no	yes		1	1
2	2.70	kāmāḥ	kāma	nominal	bhāvanā	bhāvanā	nominal	LEMMA_DIVERGE	no	yes		1	1
2	2.70	yam	yat	nominal	na	na	indecl	LEMMA+POS_DIVERGE	no	no		1	1
2	2.70	praviśanti	pra-√viś	verb	ca	ca	indecl	LEMMA+POS_DIVERGE	no	no		1	1
2	2.70	sarve	sarva	nominal	abhāvayataḥ	abhāvayat	indecl	LEMMA+POS_DIVERGE	no	no		1	1
2					śāntir	śānti	nominal	GOLD_ONLY				0	1
2	2.70	saḥ	tat	nominal	a	a	indecl	LEMMA+POS_DIVERGE	no	no		1	1
2	2.70	śāntim	śānti	nominal	śāntasya	śam	verb	LEMMA+POS_DIVERGE	no	no		1	1
2	2.70	āpnoti	√āp	verb	kutaḥ	kutas	indecl	LEMMA+POS_DIVERGE	no	no		1	1
2	2.70	na	na	indecl	sukham	sukha	nominal	LEMMA+POS_DIVERGE	no	no		1	1
2	2.70	kāma-kāmī	kāma-kāmin	nominal	indriyāṇāṃ	indriya	nominal	LEMMA_DIVERGE	no	yes		1	1
2	2.71	vihāya	vi-√hā	unknown	hi	hi	indecl	LEMMA+POS_DIVERGE	no	no		1	1
2	2.71	kāmān	kāma	nominal	caratāṃ	car	verb	LEMMA+POS_DIVERGE	no	no		1	1
2	2.71	yaḥ	yat	nominal	yat	yad	nominal	LEMMA_CONVENTION	no	yes	pronoun-stem	1	1
2	2.71	sarvān	sarva	nominal	manaḥ	manas	nominal	LEMMA_DIVERGE	no	yes		1	1
2	2.71	pumān	puṁs	nominal	'nuvidhīyate	anuvidhā	verb	LEMMA+POS_DIVERGE	no	no		1	1
2	2.71	carati	√car	verb	tat	tad	nominal	LEMMA+POS_DIVERGE	no	no		1	1
2	2.71	niḥspṛhaḥ	nir-spṛha	nominal	asya	idam	nominal	LEMMA_DIVERGE	no	yes		1	1
2	2.71	nirmamaḥ	nir-mama	nominal	harati	hṛ	verb	LEMMA+POS_DIVERGE	no	no		1	1
2	2.71	nirahaṁkāraḥ	nir-ahaṁ-kāra	nominal	prajñāṃ	prajñā	nominal	LEMMA_DIVERGE	no	yes		1	1
2	2.71	saḥ	tat	nominal	vāyuḥ	vāyu	nominal	LEMMA_DIVERGE	no	yes		1	1
2	2.71	śāntim	śānti	nominal	nāvam	nau	nominal	LEMMA_DIVERGE	no	yes		1	1
2	2.71	adhigacchati	adhi-√gam	verb	iva	iva	indecl	LEMMA+POS_DIVERGE	no	no		1	1
2	2.72	eṣā	etat	nominal	ambhasi	ambhas	nominal	LEMMA_DIVERGE	no	yes		1	1
2	2.72	brāhmī	brāhmī	nominal	tasmāt	tasmāt	indecl	LEMMA+POS_DIVERGE	no	no		1	1
2	2.72	sthitiḥ	sthiti	nominal	yasya	yad	nominal	LEMMA_DIVERGE	no	yes		1	1
2	2.72	pārtha	pārtha	nominal	mahā	mahat	indecl	LEMMA+POS_DIVERGE	no	no		1	1
2	2.72	na	na	indecl	bāho	bāhu	nominal	LEMMA+POS_DIVERGE	no	no		1	1
2	2.72	enām	etat	nominal	nigṛhītāni	nigrah	verb	LEMMA+POS_DIVERGE	no	no		1	1
2	2.72	prāpya	pra-√āp	unknown	sarvaśaḥ	sarvaśas	indecl	LEMMA+POS_DIVERGE	no	no		1	1
2	2.72	vimuhyati	vi-√muh	verb	indriyāṇi	indriya	nominal	LEMMA+POS_DIVERGE	no	no		1	1
2	2.72	sthitvā	√sthā	unknown	indriya	indriya	nominal	LEMMA+POS_DIVERGE	no	no		1	1
2	2.72	asyām	idam	nominal	arthebhyaḥ	artha	nominal	LEMMA_DIVERGE	no	yes		1	1
2	2.72	anta-kāle	anta-kāla	nominal	tasya	tad	nominal	LEMMA_DIVERGE	no	yes		1	1
2	2.72	api	api	indecl	prajñā	prajñā	nominal	LEMMA+POS_DIVERGE	no	no		1	1
2	2.72	brahma-nirvāṇam	brahma-nirvāṇa	nominal	pratiṣṭhitā	pratiṣṭhā	verb	LEMMA+POS_DIVERGE	no	no		1	1
2	2.72	ṛcchati	√ṛ	verb	yā	yad	nominal	LEMMA+POS_DIVERGE	no	no		1	1
2					niśā|sarva|bhūtānām|tasyāṃ|jāgarti|saṃyamī|yasyāṃ|jāgrati|bhūtāni|sā|niśā|paśyato|muneḥ|āpūryamāṇam|acala|pratiṣṭham|samudram|āpaḥ|praviśanti|yadvat|tadvat|kāmāḥ|yaṃ|praviśanti|sarve|sa|śāntim|āpnoti|na|kāma|kāmī|vihāya|kāmān|yaḥ|sarvān|pumān|carati|niḥspṛhaḥ|nirmamo|nirahaṃkāraḥ|sa|śāntim|adhigacchati|eṣā|brāhmī|sthitiḥ|pārtha|na|enām|prāpya|vimuhyati|sthitvā|asyām|anta|kāle|'pi|brahma|nirvāṇam|ṛcchati	niśā|sarva|bhūta|tad|jāgṛ|saṃyamin|yad|jāgṛ|bhūta|tad|niśā|dṛś|muni|āp￞|acala|pratiṣṭhā|samudra|ap|praviś|yadvat|tadvat|kāma|yad|praviś|sarva|tad|śānti|āp|na|kāma|kāmin|vihā|kāma|yad|sarva|puṃs|car|niḥspṛha|nirmama|nirahaṃkāra|tad|śānti|adhigam|etad|brāhma|sthiti|pārtha|na|enad|prāp|vimuh|sthā|idam|anta|kāla|api|brahman|nirvāṇa|ṛch	nominal|nominal|nominal|nominal|verb|indecl|nominal|verb|nominal|nominal|nominal|verb|nominal|verb|indecl|nominal|nominal|nominal|verb|indecl|indecl|nominal|nominal|verb|nominal|nominal|nominal|verb|indecl|nominal|nominal|verb|nominal|nominal|nominal|nominal|verb|indecl|indecl|indecl|nominal|nominal|verb|nominal|indecl|nominal|nominal|indecl|nominal|verb|verb|verb|nominal|nominal|nominal|indecl|nominal|nominal|verb	GOLD_ONLY				0	59
3	3.01	arjunaḥ	arjuna	nominal	arjuna	arjuna	nominal	MATCH	yes	yes		1	1
3	3.01	uvāca	√vac	verb	uvāca	vac	verb	MATCH	yes	yes		1	1
3	3.01	jyāyasī	jyāyasī	nominal	jyāyasī	jyāyas	indecl	LEMMA_CONVENTION+POS_DIVERGE	no	no	vowel-sandhi/contraction	1	1
3	3.01	cet	cet	indecl	ced	ced	indecl	LEMMA_CONVENTION	no	yes	final-t/d+n	1	1
3	3.01	karmaṇaḥ	karman	nominal	karmaṇaḥ	karman	nominal	MATCH	yes	yes		1	1
3	3.01	te	yuṣmat	nominal	te	tvad	nominal	LEMMA_CONVENTION	no	yes	pronoun-stem	1	1
3	3.01	matā	matā	nominal	matā	man	verb	LEMMA+POS_DIVERGE	no	no		1	1
3	3.01	buddhiḥ	buddhi	nominal	buddhiḥ	buddhi	nominal	MATCH	yes	yes		1	1
3	3.01	janārdana	jana-ardana	nominal	janārdana	janārdana	nominal	LEMMA_CONVENTION	no	yes	vowel-sandhi/contraction	1	1
3	3.01	tat	tat	nominal	tat	tad	nominal	LEMMA_CONVENTION	no	yes	pronoun-stem	1	1
3	3.01	kim	kim	indecl	kim	kim	indecl	MATCH	yes	yes		1	1
3	3.01	karmaṇi	karman	nominal	karmaṇi	karman	nominal	MATCH	yes	yes		1	1
3	3.01	ghore	ghora	nominal	ghore	ghora	indecl	POS_DIVERGE	yes	no		1	1
3	3.01	mām	asmat	nominal	māṃ	mad	nominal	LEMMA_CONVENTION	no	yes	pronoun-stem	1	1
3	3.01	niyojayasi	ni-√yuj	verb	niyojayasi	niyojay	verb	LEMMA_DIVERGE	no	yes		1	1
3	3.01	keśava	keśa-va	nominal	keśava	keśava	nominal	MATCH	yes	yes		1	1
3	3.02	vyāmiśreṇa	vi-ā-miśra	nominal	vyāmiśreṇa	vyāmiśra	indecl	LEMMA+POS_DIVERGE	no	no		1	1
3	3.02	eva	eva	indecl	eva	eva	indecl	MATCH	yes	yes		1	1
3	3.02	vākyena	vākya	nominal	vākyena	vākya	nominal	MATCH	yes	yes		1	1
3	3.02	buddhim	buddhi	nominal	buddhiṃ	buddhi	nominal	MATCH	yes	yes		1	1
3	3.02	mohayasi	√muh	verb	mohayasi	mohay	verb	LEMMA_DIVERGE	no	yes		1	1
3	3.02	iva	iva	indecl	iva	iva	indecl	MATCH	yes	yes		1	1
3	3.02	me	asmat	nominal	me	mad	nominal	LEMMA_CONVENTION	no	yes	pronoun-stem	1	1
3	3.02	tat	tat	nominal	tat	tad	nominal	LEMMA_CONVENTION	no	yes	pronoun-stem	1	1
3	3.02	ekam	eka	nominal	ekam	eka	indecl	POS_DIVERGE	yes	no		1	1
3	3.02	vada	√vad	verb	vada	vad	verb	MATCH	yes	yes		1	1
3	3.02	niścitya	niḥ-√ci	unknown	niścitya	niści	verb	LEMMA+POS_DIVERGE	no	no		1	1
3	3.02	yena	yat	nominal	yena	yad	nominal	LEMMA_CONVENTION	no	yes	pronoun-stem	1	1
3	3.02	śreyaḥ	śreyas	nominal	śreyo	śreyas	nominal	MATCH	yes	yes		1	1
3	3.02	aham	asmat	nominal	aham	mad	nominal	LEMMA_CONVENTION	no	yes	pronoun-stem	1	1
3	3.02	āpnuyām	√āp	verb	āpnuyām	āp	verb	MATCH	yes	yes		1	1
3	3.03	śrī-bhagavān	śrī-bhagavant	nominal	śrī|bhagavān	śrī|bhagavant	nominal|nominal	COMPOUND_SPLIT	n/a	n/a		1	2
3	3.03	uvāca	√vac	verb	uvāca	vac	verb	MATCH	yes	yes		1	1
3	3.03	loke	loka	nominal	loke	loka	nominal	MATCH	yes	yes		1	1
3	3.03	asmin	idam	nominal	asmin	idam	nominal	MATCH	yes	yes		1	1
3	3.03	dvi-vidhā	dvi-vidhā	nominal	dvividhā	dvividha	indecl	LEMMA_CONVENTION+POS_DIVERGE	no	no	vowel-sandhi/contraction	1	1
3	3.03	niṣṭhā	ni-ṣṭhā	nominal	niṣṭhā	niṣṭhā	nominal	MATCH	yes	yes		1	1
3	3.03	purā	purā	indecl	purā	purā	indecl	MATCH	yes	yes		1	1
3	3.03	proktā	proktā	nominal	proktā	pravac	verb	LEMMA+POS_DIVERGE	no	no		1	1
3	3.03	mayā	asmat	nominal	mayā	mad	nominal	LEMMA_CONVENTION	no	yes	pronoun-stem	1	1
3	3.03	anagha	an-agha	nominal	anagha	anagha	indecl	POS_DIVERGE	yes	no		1	1
3	3.03	jñāna-yogena	jñāna-yoga	nominal	jñāna|yogena	jñāna|yoga	nominal|nominal	COMPOUND_SPLIT	n/a	n/a		1	2
3	3.03	sāṁkhyānām	sāṁkhya	nominal	sāṃkhyānāṃ	sāṃkhya	nominal	MATCH	yes	yes		1	1
3	3.03	karma-yogena	karma-yoga	nominal	karma|yogena	karman|yoga	nominal|nominal	COMPOUND_SPLIT	n/a	n/a		1	2
3	3.03	yoginām	yogin	nominal	yoginām	yogin	nominal	MATCH	yes	yes		1	1
3	3.04	na	na	indecl	na	na	indecl	MATCH	yes	yes		1	1
3	3.04	karmaṇām	karman	nominal	karmaṇām	karman	nominal	MATCH	yes	yes		1	1
3	3.04	anārambhāt	an-ārambha	nominal	anārambhāt	anārambha	nominal	MATCH	yes	yes		1	1
3	3.04	naiṣkarmyam	naiṣ-karmya	nominal	naiṣkarmyam	naiṣkarmya	nominal	MATCH	yes	yes		1	1
3	3.04	puruṣaḥ	puruṣa	nominal	puruṣo	puruṣa	nominal	MATCH	yes	yes		1	1
3	3.04	aśnute	√aś	verb	'śnute	aś	verb	MATCH	yes	yes		1	1
3	3.04	na	na	indecl	na	na	indecl	MATCH	yes	yes		1	1
3	3.04	ca	ca	indecl	ca	ca	indecl	MATCH	yes	yes		1	1
3	3.04	saṁnyasanād	saṁnyasana	nominal	saṃnyasanāt	saṃnyasana	nominal	MATCH	yes	yes		1	1
3	3.04	eva	eva	indecl	eva	eva	indecl	MATCH	yes	yes		1	1
3	3.04	siddhim	siddhi	nominal	siddhiṃ	siddhi	nominal	MATCH	yes	yes		1	1
3	3.04	sam-adhi-gacchati	sam-adhi-√gam	verb	samadhigacchati	samadhigam	verb	MATCH	yes	yes		1	1
3	3.05	na	na	indecl	na	na	indecl	MATCH	yes	yes		1	1
3	3.05	hi	hi	indecl	hi	hi	indecl	MATCH	yes	yes		1	1
3	3.05	kaś-cit	kim-cit	nominal	kaścid	kaścit	nominal	LEMMA_DIVERGE	no	yes		1	1
3	3.05	kṣaṇam	kṣaṇa	nominal	kṣaṇam	kṣaṇa	nominal	MATCH	yes	yes		1	1
3	3.05	api	api	indecl	api	api	indecl	MATCH	yes	yes		1	1
3	3.05	jātu	jātu	indecl	jātu	jātu	indecl	MATCH	yes	yes		1	1
3	3.05	tiṣṭhati	√sthā	verb	tiṣṭhati	sthā	verb	MATCH	yes	yes		1	1
3	3.05	akarma-kṛt	a-karma-kṛt	nominal	a|karma|kṛt	a|karman|kṛt	indecl|nominal|indecl	COMPOUND_SPLIT	n/a	n/a		1	3
3	3.05	kāryate	√kṛ	verb	kāryate	kāray	verb	LEMMA_DIVERGE	no	yes		1	1
3	3.05	hi	hi	indecl	hi	hi	indecl	MATCH	yes	yes		1	1
3	3.05	avaśaḥ	avaśa	nominal	avaśaḥ	avaśa	indecl	POS_DIVERGE	yes	no		1	1
3	3.05	karma	karman	nominal	karma	karman	nominal	MATCH	yes	yes		1	1
3	3.05	sarvaḥ	sarva	nominal	sarvaḥ	sarva	nominal	MATCH	yes	yes		1	1
3	3.05	prakṛti-jaiḥ	prakṛti-ja	nominal	prakṛti|jaiḥ	prakṛti|ja	nominal|indecl	COMPOUND_SPLIT	n/a	n/a		1	2
3	3.05	guṇaiḥ	guṇa	nominal	guṇaiḥ	guṇa	nominal	MATCH	yes	yes		1	1
3	3.06	karmendriyāṇi	karma-indriya	nominal	karmendriyāṇi	karmendriya	nominal	LEMMA_CONVENTION	no	yes	vowel-sandhi/contraction	1	1
3	3.06	saṁyamya	sam-√yam	unknown	saṃyamya	saṃyam	verb	LEMMA_CONVENTION+POS_DIVERGE	no	no	nasal-class	1	1
3	3.06	yaḥ	yat	nominal	ya	yad	nominal	LEMMA_CONVENTION	no	yes	pronoun-stem	1	1
3	3.06	āste	√ās	verb	āste	ās	verb	MATCH	yes	yes		1	1
3	3.06	manasā	manas	nominal	manasā	manas	nominal	MATCH	yes	yes		1	1
3	3.06	smaran	smarant	nominal	smaran	smṛ	verb	LEMMA+POS_DIVERGE	no	no		1	1
3	3.06	indriyārthān	indriya-artha	nominal	indriya|arthān	indriya|artha	nominal|nominal	COMPOUND_SPLIT	n/a	n/a		1	2
3	3.06	vimūḍhātmā	vi-mūḍha-ātman	nominal	vimūḍha|ātmā	vimuh|ātman	verb|nominal	COMPOUND_SPLIT	n/a	n/a		1	2
3	3.06	mithyācāraḥ	mithyā-ācāra	nominal	mithyā|ācāraḥ	mithyā|ācāra	indecl|nominal	COMPOUND_SPLIT	n/a	n/a		1	2
3	3.06	saḥ	tat	nominal	sa	tad	nominal	LEMMA_CONVENTION	no	yes	pronoun-stem	1	1
3	3.06	ucyate	√vac	verb	ucyate	vac	verb	MATCH	yes	yes		1	1
3	3.07	yaḥ	yat	nominal	yaḥ	yad	nominal	LEMMA_CONVENTION	no	yes	pronoun-stem	1	1
3	3.07	tu	tu	indecl	tu	tu	indecl	MATCH	yes	yes		1	1
3	3.07	indriyāṇi	indriya	nominal	indriyāṇi	indriya	nominal	MATCH	yes	yes		1	1
3	3.07	manasā	manas	nominal	manasā	manas	nominal	MATCH	yes	yes		1	1
3	3.07	niyamya	ni-√yam	unknown	niyamya	niyam	verb	POS_DIVERGE	yes	no		1	1
3	3.07	ārabhate	ā-√rabh	verb	ārabhate	ārabh	verb	MATCH	yes	yes		1	1
3	3.07	arjuna	arjuna	nominal	'rjuna	arjuna	nominal	MATCH	yes	yes		1	1
3	3.07	karmendriyaiḥ	karma-indriya	nominal	karmendriyaiḥ	karmendriya	nominal	LEMMA_CONVENTION	no	yes	vowel-sandhi/contraction	1	1
3	3.07	karma-yogam	karma-yoga	nominal	karma|yogam	karman|yoga	nominal|nominal	COMPOUND_SPLIT	n/a	n/a		1	2
3	3.07	asaktaḥ	a-sakta	nominal	a|saktaḥ	a|sañj	indecl|verb	COMPOUND_SPLIT	n/a	n/a		1	2
3	3.07	saḥ	tat	nominal	sa	tad	nominal	LEMMA_CONVENTION	no	yes	pronoun-stem	1	1
3	3.07	viśiṣyate	vi-√śiṣ	verb	viśiṣyate	viśiṣ	verb	MATCH	yes	yes		1	1
3	3.08	niyatam	niyata	nominal	niyataṃ	niyam	verb	LEMMA+POS_DIVERGE	no	no		1	1
3	3.08	kuru	√kṛ	verb	kuru	kṛ	verb	MATCH	yes	yes		1	1
3	3.08	karma	karman	nominal	karma	karman	nominal	MATCH	yes	yes		1	1
3	3.08	tvam	yuṣmat	nominal	tvaṃ	tvad	nominal	LEMMA_CONVENTION	no	yes	pronoun-stem	1	1
3	3.08	karma	karman	nominal	karma	karman	nominal	MATCH	yes	yes		1	1
3	3.08	jyāyaḥ	jyāyaḥ	nominal	jyāyo	jyāyas	indecl	LEMMA_CONVENTION+POS_DIVERGE	no	no	adverb--tas/-taḥ	1	1
3	3.08	hi	hi	indecl	hi	hi	indecl	MATCH	yes	yes		1	1
3	3.08	akarmaṇaḥ	a-karman	nominal	akarmaṇaḥ	akarman	nominal	MATCH	yes	yes		1	1
3	3.08	śarīra-yātrā	śarīra-yātrā	nominal	śarīra|yātrā	śarīra|yātrā	nominal|nominal	COMPOUND_SPLIT	n/a	n/a		1	2
3	3.08	api	api	indecl	api	api	indecl	MATCH	yes	yes		1	1
3	3.08	ca	ca	indecl	ca	ca	indecl	MATCH	yes	yes		1	1
3	3.08	te	yuṣmat	nominal	te	tvad	nominal	LEMMA_CONVENTION	no	yes	pronoun-stem	1	1
3	3.08	na	na	indecl	na	na	indecl	MATCH	yes	yes		1	1
3	3.08	prasidhyet	pra-√sidh	verb	prasidhyet	prasidh	verb	MATCH	yes	yes		1	1
3	3.08	akarmaṇaḥ	a-karman	nominal	a|karmaṇaḥ	a|karman	indecl|nominal	COMPOUND_SPLIT	n/a	n/a		1	2
3	3.09	yajñārthāt	yajña-artha	nominal	yajña|arthāt	yajña|artha	nominal|nominal	COMPOUND_SPLIT	n/a	n/a		1	2
3	3.09	karmaṇaḥ	karman	nominal	karmaṇaḥ	karman	nominal	MATCH	yes	yes		1	1
3	3.09	anyatra	anyatra	indecl	'nyatra	anyatra	indecl	MATCH	yes	yes		1	1
3	3.09	lokaḥ	loka	nominal	loko	loka	nominal	MATCH	yes	yes		1	1
3	3.09	ayam	idam	nominal	'yaṃ	idam	nominal	MATCH	yes	yes		1	1
3	3.09	karma-bandhanaḥ	karma-bandhana	nominal	karma|bandhanaḥ	karman|bandhana	nominal|nominal	COMPOUND_SPLIT	n/a	n/a		1	2
3	3.09	tad-artham	tad-artham	indecl	tad|artham	tad|artha	nominal|nominal	COMPOUND_SPLIT	n/a	n/a		1	2
3	3.09	karma	karman	nominal	karma	karman	nominal	MATCH	yes	yes		1	1
3	3.09	kaunteya	kaunteya	nominal	kaunteya	kaunteya	nominal	MATCH	yes	yes		1	1
3	3.09	mukta-saṅgaḥ	mukta-saṅga	nominal	mukta|saṅgaḥ	muc|saṅga	verb|nominal	COMPOUND_SPLIT	n/a	n/a		1	2
3	3.09	samācara	sam-ā-√car	verb	samācara	samācar	verb	MATCH	yes	yes		1	1
3	3.10	saha-yajñāḥ	saha-yajña	nominal	saha|yajñāḥ	saha|yajña	indecl|nominal	COMPOUND_SPLIT	n/a	n/a		1	2
3	3.10	prajāḥ	pra-jā	nominal	prajāḥ	prajā	nominal	MATCH	yes	yes		1	1
3	3.10	sṛṣṭvā	√sṛj	unknown	sṛṣṭvā	sṛj	verb	POS_DIVERGE	yes	no		1	1
3	3.10	purā	purā	indecl	purā	purā	indecl	MATCH	yes	yes		1	1
3	3.10	uvāca	√vac	verb	uvāca	vac	verb	MATCH	yes	yes		1	1
3	3.10	prajā-patiḥ	prajā-pati	nominal	prajāpatiḥ	prajāpati	nominal	MATCH	yes	yes		1	1
3	3.10	anena	idam	nominal	anena	idam	nominal	MATCH	yes	yes		1	1
3	3.10	prasaviṣyadhvam	pra-√sū	verb	prasaviṣyadhvam	prasū	verb	MATCH	yes	yes		1	1
3	3.10	eṣaḥ	etad	nominal	eṣa	etad	nominal	MATCH	yes	yes		1	1
3	3.10	vaḥ|astu	yuṣmat|√as	nominal|verb	vo|astu	tvad|as	nominal|verb	RESEGMENTED	n/a	n/a		2	2
3	3.10	iṣṭa-kāma-dhuk	iṣṭa-kāma-duḥ	nominal	iṣṭa|kāmadhuk	iṣ|kāmaduh	verb|nominal	COMPOUND_SPLIT	n/a	n/a		1	2
3	3.11	devān	deva	nominal	devān	deva	nominal	MATCH	yes	yes		1	1
3	3.11	bhāvayata	√bhū	verb	bhāvayata	bhāvay	verb	LEMMA_DIVERGE	no	yes		1	1
3	3.11	anena	idam	nominal	anena	idam	nominal	MATCH	yes	yes		1	1
3	3.11	te	tat	nominal	te	tad	nominal	LEMMA_CONVENTION	no	yes	pronoun-stem	1	1
3	3.11	devāḥ	deva	nominal	devā	deva	nominal	MATCH	yes	yes		1	1
3	3.11	bhāvayantu	√bhū	verb	bhāvayantu	bhāvay	verb	LEMMA_DIVERGE	no	yes		1	1
3	3.11	vaḥ	yuṣmat	nominal	vaḥ	tvad	nominal	LEMMA_CONVENTION	no	yes	pronoun-stem	1	1
3	3.11	paras-param	paras-param	indecl	parasparaṃ	paraspara	nominal	LEMMA_CONVENTION+POS_DIVERGE	no	no	final-t/d+n	1	1
3	3.11	bhāvayantaḥ	bhāvayant	nominal	bhāvayantaḥ	bhāvay	verb	LEMMA+POS_DIVERGE	no	no		1	1
3	3.11	śreyaḥ	śreyas	nominal	śreyaḥ	śreyas	nominal	MATCH	yes	yes		1	1
3	3.11	param	para	nominal	param	para	nominal	MATCH	yes	yes		1	1
3	3.11	avāpsyatha	ava-√āp	verb	avāpsyatha	avāp	verb	LEMMA_CONVENTION	no	yes	vowel-sandhi/contraction	1	1
3	3.12	iṣṭān	iṣṭa	nominal	iṣṭān	iṣ	verb	LEMMA+POS_DIVERGE	no	no		1	1
3	3.12	bhogān	bhoga	nominal	bhogān	bhoga	nominal	MATCH	yes	yes		1	1
3	3.12	hi	hi	indecl	hi	hi	indecl	MATCH	yes	yes		1	1
3	3.12	vaḥ|devāḥ	yuṣmat|deva	unknown|nominal	vo|devā	tvad|deva	nominal|nominal	RESEGMENTED	n/a	n/a		2	2
3	3.12	dāsyante	√dā	verb	dāsyante	dā	verb	MATCH	yes	yes		1	1
3	3.12	yajña-bhāvitāḥ	yajña-bhāvita	nominal	yajña|bhāvitāḥ	yajña|bhāvay	nominal|verb	COMPOUND_SPLIT	n/a	n/a		1	2
3	3.12	taiḥ	tat	nominal	taiḥ	tad	nominal	LEMMA_CONVENTION	no	yes	pronoun-stem	1	1
3	3.12	dattān	datta	nominal	dattān	dā	verb	LEMMA+POS_DIVERGE	no	no		1	1
3	3.12	apradāya	pra-√dā	unknown	a|pradāya	a|pradā	indecl|verb	COMPOUND_SPLIT	n/a	n/a		1	2
3	3.12	ebhyaḥ	idam	unknown	ebhyaḥ	idam	nominal	POS_DIVERGE	yes	no		1	1
3	3.12	yaḥ|bhuṅkte	yat|√bhuj	nominal|verb	yo|bhuṅkte	yad|bhuj	nominal|verb	RESEGMENTED	n/a	n/a		2	2
3	3.12	stenaḥ	stena	nominal	stena	stena	nominal	MATCH	yes	yes		1	1
3	3.12	eva	eva	indecl	eva	eva	indecl	MATCH	yes	yes		1	1
3	3.12	saḥ	tat	nominal	saḥ	tad	nominal	LEMMA_CONVENTION	no	yes	pronoun-stem	1	1
3	3.13	yajña-śiṣṭāśinaḥ	yajña-śiṣṭa-āśin	nominal	yajña|śiṣṭa|āśinaḥ	yajña|śiṣṭa|āśin	nominal|nominal|indecl	COMPOUND_SPLIT	n/a	n/a		1	3
3	3.13	santaḥ	sant	nominal	santo	sat	indecl	LEMMA_CONVENTION+POS_DIVERGE	no	no	final-t/d+n	1	1
3	3.13	mucyante	√muc	verb	mucyante	muc	verb	MATCH	yes	yes		1	1
3	3.13	sarva-kilbiṣaiḥ	sarva-kilbiṣa	nominal	sarva|kilbiṣaiḥ	sarva|kilbiṣa	nominal|nominal	COMPOUND_SPLIT	n/a	n/a		1	2
3	3.13	bhuñjate	√bhuj	verb	bhuñjate	bhuj	verb	MATCH	yes	yes		1	1
3	3.13	te	tat	nominal	te	tad	nominal	LEMMA_CONVENTION	no	yes	pronoun-stem	1	1
3	3.13	tu	tu	indecl	tu	tu	indecl	MATCH	yes	yes		1	1
3	3.13	agham	agha	nominal	agham	agha	nominal	MATCH	yes	yes		1	1
3	3.13	pāpāḥ	pāpa	nominal	pāpā	pāpa	indecl	POS_DIVERGE	yes	no		1	1
3	3.13	ye	yat	nominal	ye	yad	nominal	LEMMA_CONVENTION	no	yes	pronoun-stem	1	1
3	3.13	pacanti	√pac	verb	pacanti	pac	verb	MATCH	yes	yes		1	1
3	3.13	ātma-kāraṇāt	ātma-kāraṇa	nominal	ātma|kāraṇāt	ātman|kāraṇa	nominal|nominal	COMPOUND_SPLIT	n/a	n/a		1	2
3	3.14	annāt	anna	nominal	annāt	anna	nominal	MATCH	yes	yes		1	1
3	3.14	bhavanti	√bhū	verb	bhavanti	bhū	verb	MATCH	yes	yes		1	1
3	3.14	bhūtāni	bhūta	nominal	bhūtāni	bhūta	nominal	MATCH	yes	yes		1	1
3	3.14	parjanyāt	parjanya	nominal	parjanyāt	parjanya	nominal	MATCH	yes	yes		1	1
3	3.14	anna-saṁbhavaḥ	anna-saṁbhava	nominal	anna|saṃbhavaḥ	anna|sambhava	nominal|nominal	COMPOUND_SPLIT	n/a	n/a		1	2
3	3.14	yajñāt	yajña	nominal	yajñāt	yajña	nominal	MATCH	yes	yes		1	1
3	3.14	bhavati	√bhū	verb	bhavati	bhū	verb	MATCH	yes	yes		1	1
3	3.14	parjanyaḥ	parjanya	nominal	parjanyo	parjanya	nominal	MATCH	yes	yes		1	1
3	3.14	yajñaḥ	yajña	nominal	yajñaḥ	yajña	nominal	MATCH	yes	yes		1	1
3	3.14	karma-samudbhavaḥ	karma-samudbhava	nominal	karma|samudbhavaḥ	karman|samudbhava	nominal|nominal	COMPOUND_SPLIT	n/a	n/a		1	2
3	3.15	karma	karman	nominal	karma	karman	nominal	MATCH	yes	yes		1	1
3	3.15	brahmodbhavam	brahma-udbhava	nominal	brahma|udbhavam	brahman|udbhava	nominal|nominal	COMPOUND_SPLIT	n/a	n/a		1	2
3	3.15	viddhi	√vid	verb	viddhi	vid	verb	MATCH	yes	yes		1	1
3	3.15	brahma	brahman	nominal	brahma	brahman	nominal	MATCH	yes	yes		1	1
3	3.15	akṣara-samudbhavam	a-kṣara-samudbhava	nominal	akṣara|samudbhavam	akṣara|samudbhava	nominal|nominal	COMPOUND_SPLIT	n/a	n/a		1	2
3	3.15	tasmāt	tasmāt	indecl	tasmāt	tasmāt	indecl	MATCH	yes	yes		1	1
3	3.15	sarva-gatam	sarva-gata	nominal	sarva|gatam	sarva|gam	nominal|verb	COMPOUND_SPLIT	n/a	n/a		1	2
3	3.15	brahma	brahman	nominal	brahma	brahman	nominal	MATCH	yes	yes		1	1
3	3.15	nityam	nityam	indecl	nityaṃ	nityam	indecl	MATCH	yes	yes		1	1
3	3.15	yajñe	yajña	nominal	yajñe	yajña	nominal	MATCH	yes	yes		1	1
3	3.15	pratiṣṭhitam	pratiṣṭhita	nominal	pratiṣṭhitam	pratiṣṭhā	verb	LEMMA+POS_DIVERGE	no	no		1	1
3	3.16	evam	evam	indecl	evaṃ	evam	indecl	MATCH	yes	yes		1	1
3	3.16	pravartitam	pravartita	nominal	pravartitaṃ	pravartay	verb	LEMMA+POS_DIVERGE	no	no		1	1
3	3.16	cakram	cakra	nominal	cakraṃ	cakra	nominal	MATCH	yes	yes		1	1
3	3.16	na	na	indecl	na	na	indecl	MATCH	yes	yes		1	1
3	3.16	anuvartayati	anu-√vṛt	verb	anuvartayati	anuvartay	verb	LEMMA_DIVERGE	no	yes		1	1
3	3.16	iha	iha	indecl	iha	iha	indecl	MATCH	yes	yes		1	1
3	3.16	yaḥ	yat	nominal	yaḥ	yad	nominal	LEMMA_CONVENTION	no	yes	pronoun-stem	1	1
3	3.16	aghāyuḥ	agha-āyuḥ	nominal	aghāyuḥ	aghāyu	indecl	LEMMA+POS_DIVERGE	no	no		1	1
3	3.16	indriyārāmaḥ	indriya-ārāma	nominal	indriya|ārāmaḥ	indriya|ārāma	nominal|nominal	COMPOUND_SPLIT	n/a	n/a		1	2
3	3.16	mogham	mogham	indecl	moghaṃ	mogha	indecl	LEMMA_CONVENTION	no	yes	final-t/d+n	1	1
3	3.16	pārtha	pārtha	nominal	pārtha	pārtha	nominal	MATCH	yes	yes		1	1
3	3.16	saḥ	tat	nominal	sa	tad	nominal	LEMMA_CONVENTION	no	yes	pronoun-stem	1	1
3	3.16	jīvati	√jīv	verb	jīvati	jīv	verb	MATCH	yes	yes		1	1
3	3.17	yaḥ	yat	nominal	yaḥ	yad	nominal	LEMMA_CONVENTION	no	yes	pronoun-stem	1	1
3	3.17	tu	tu	indecl	tu	tu	indecl	MATCH	yes	yes		1	1
3	3.17	ātma-ratiḥ	ātma-rati	nominal	ātma|ratiḥ	ātman|rati	nominal|nominal	COMPOUND_SPLIT	n/a	n/a		1	2
3	3.17	eva	eva	indecl	eva	eva	indecl	MATCH	yes	yes		1	1
3	3.17	syāt	√as	verb	syāt	as	verb	MATCH	yes	yes		1	1
3	3.17	ātma-tṛptaḥ	ātma-tṛpta	nominal	ātma|tṛptaḥ	ātman|tṛp	nominal|verb	COMPOUND_SPLIT	n/a	n/a		1	2
3	3.17	ca	ca	indecl	ca	ca	indecl	MATCH	yes	yes		1	1
3	3.17	mānavaḥ	mānava	nominal	mānavaḥ	mānava	nominal	MATCH	yes	yes		1	1
3	3.17	ātmani	ātman	nominal	ātmani	ātman	nominal	MATCH	yes	yes		1	1
3	3.17	eva	eva	indecl	eva	eva	indecl	MATCH	yes	yes		1	1
3	3.17	ca	ca	indecl	ca	ca	indecl	MATCH	yes	yes		1	1
3	3.17	saṁtuṣṭaḥ	saṁtuṣṭa	nominal	saṃtuṣṭaḥ	saṃtuṣ	verb	LEMMA+POS_DIVERGE	no	no		1	1
3	3.17	tasya	tat	nominal	tasya	tad	nominal	LEMMA_CONVENTION	no	yes	pronoun-stem	1	1
3	3.17	kāryam	kārya	nominal	kāryaṃ	kārya	nominal	MATCH	yes	yes		1	1
3	3.17	na	na	indecl	na	na	indecl	MATCH	yes	yes		1	1
3	3.17	vidyate	√vid	verb	vidyate	vid	verb	MATCH	yes	yes		1	1
3	3.18	na	na	indecl	na	na	indecl	MATCH	yes	yes		1	1
3	3.18	eva	eva	indecl	eva	eva	indecl	MATCH	yes	yes		1	1
3	3.18	tasya	tat	nominal	tasya	tad	nominal	LEMMA_CONVENTION	no	yes	pronoun-stem	1	1
3	3.18	kṛtena	kṛta	nominal	kṛtena	kṛ	verb	LEMMA+POS_DIVERGE	no	no		1	1
3	3.18	arthaḥ	artha	nominal	arthaḥ	artha	nominal	MATCH	yes	yes		1	1
3	3.18	na	na	indecl	na	na	indecl	MATCH	yes	yes		1	1
3	3.18	akṛtena	a-kṛta	nominal	akṛtena	akṛta	indecl	POS_DIVERGE	yes	no		1	1
3	3.18	iha	iha	indecl	iha	iha	indecl	MATCH	yes	yes		1	1
3	3.18	kaś-cana	kim-cana	nominal	kaścana	kaścana	nominal	LEMMA_DIVERGE	no	yes		1	1
3	3.18	na	na	indecl	na	na	indecl	MATCH	yes	yes		1	1
3	3.18	ca	ca	indecl	ca	ca	indecl	MATCH	yes	yes		1	1
3	3.18	asya	idam	nominal	asya	idam	nominal	MATCH	yes	yes		1	1
3	3.18	sarva-bhūteṣu	sarva-bhūta	nominal	sarva|bhūteṣu	sarva|bhūta	nominal|nominal	COMPOUND_SPLIT	n/a	n/a		1	2
3	3.18	kaś-cit	kim-cit	nominal	kaścid	kaścit	nominal	LEMMA_DIVERGE	no	yes		1	1
3	3.18	artha-vyapāśrayaḥ	artha-vyapāśraya	nominal	artha|vyapāśrayaḥ	artha|vyapāśraya	nominal|nominal	COMPOUND_SPLIT	n/a	n/a		1	2
3	3.19	tasmāt	tasmāt	indecl	tasmād	tasmāt	indecl	MATCH	yes	yes		1	1
3	3.19	asaktaḥ	a-sakta	nominal	a|saktaḥ	a|sañj	indecl|verb	COMPOUND_SPLIT	n/a	n/a		1	2
3	3.19	satatam	satatam	indecl	satataṃ	satatam	indecl	MATCH	yes	yes		1	1
3	3.19	kāryam	kārya	nominal	kāryaṃ	kṛ	verb	LEMMA+POS_DIVERGE	no	no		1	1
3	3.19	karma	karman	nominal	karma	karman	nominal	MATCH	yes	yes		1	1
3	3.19	samācara	sam-ā-√car	verb	samācara	samācar	verb	MATCH	yes	yes		1	1
3	3.19	asaktaḥ	a-sakta	nominal	a|saktaḥ	a|sañj	indecl|verb	COMPOUND_SPLIT	n/a	n/a		1	2
3	3.19	hi	hi	indecl	hi	hi	indecl	MATCH	yes	yes		1	1
3	3.19	ācaran	ācarant	nominal	ācaran	ācar	verb	LEMMA+POS_DIVERGE	no	no		1	1
3	3.19	karma	karman	nominal	karma	karman	nominal	MATCH	yes	yes		1	1
3	3.19	param	para	nominal	param	para	nominal	MATCH	yes	yes		1	1
3	3.19	āpnoti	√āp	verb	āpnoti	āp	verb	MATCH	yes	yes		1	1
3	3.19	pūruṣaḥ	pūruṣa	nominal	pūruṣaḥ	pūruṣa	nominal	MATCH	yes	yes		1	1
3	3.20	karmaṇā	karman	nominal	karmaṇā	karman	nominal	MATCH	yes	yes		1	1
3	3.20	eva	eva	indecl	eva	eva	indecl	MATCH	yes	yes		1	1
3	3.20	hi	hi	indecl	hi	hi	indecl	MATCH	yes	yes		1	1
3	3.20	saṁsiddhim	sam-siddhi	nominal	saṃsiddhim	saṃsiddhi	nominal	LEMMA_CONVENTION	no	yes	nasal-class	1	1
3	3.20	āsthitāḥ	āsthita	nominal	āsthitāḥ	āsthā	verb	LEMMA+POS_DIVERGE	no	no		1	1
3	3.20	janakādayaḥ	janaka-ādi	nominal	janaka|ādayaḥ	janaka|ādi	nominal|nominal	COMPOUND_SPLIT	n/a	n/a		1	2
3	3.20	loka-saṁgraham	loka-saṁgraha	nominal	loka|saṃgraham	loka|saṃgraha	nominal|nominal	COMPOUND_SPLIT	n/a	n/a		1	2
3	3.20	eva	eva	indecl	eva	eva	indecl	MATCH	yes	yes		1	1
3	3.20	api	api	indecl	api	api	indecl	MATCH	yes	yes		1	1
3	3.20	saṁpaśyan	saṁpaśyant	nominal	saṃpaśyan	saṃpaś	verb	LEMMA+POS_DIVERGE	no	no		1	1
3	3.20	kartum	√kṛ	unknown	kartum	kṛ	verb	POS_DIVERGE	yes	no		1	1
3	3.20	arhasi	√arh	verb	arhasi	arh	verb	MATCH	yes	yes		1	1
3	3.21	yat yat	yat	nominal	yat|yat	yad|yad	nominal|nominal	COMPOUND_SPLIT	n/a	n/a		1	2
3	3.21	ācarati	ā-√car	verb	ācarati	ācar	verb	MATCH	yes	yes		1	1
3	3.21	śreṣṭhaḥ	śreṣṭha	nominal	śreṣṭhaḥ	śreṣṭha	indecl	POS_DIVERGE	yes	no		1	1
3	3.21	tat tat	tat	nominal	tat|tat	tad|tad	nominal|nominal	COMPOUND_SPLIT	n/a	n/a		1	2
3	3.21	eva	eva	indecl	eva	eva	indecl	MATCH	yes	yes		1	1
3	3.21	itaraḥ	i-tara	nominal	itaraḥ	itara	nominal	MATCH	yes	yes		1	1
3	3.21	janaḥ	jana	nominal	janaḥ	jana	nominal	MATCH	yes	yes		1	1
3	3.21	saḥ	tat	nominal	sa	tad	nominal	LEMMA_CONVENTION	no	yes	pronoun-stem	1	1
3	3.21	yat	yat	nominal	yat	yad	nominal	LEMMA_CONVENTION	no	yes	pronoun-stem	1	1
3	3.21	pramāṇam	pramāṇa	nominal	pramāṇam	pramāṇa	nominal	MATCH	yes	yes		1	1
3	3.21	kurute	√kṛ	verb	kurute	kṛ	verb	MATCH	yes	yes		1	1
3	3.21	lokaḥ	loka	nominal	lokaḥ	loka	nominal	MATCH	yes	yes		1	1
3	3.21	tat	tat	nominal	tat	tad	nominal	LEMMA_CONVENTION	no	yes	pronoun-stem	1	1
3	3.21	anuvartate	anu-√vṛt	verb	anuvartate	anuvṛt	verb	MATCH	yes	yes		1	1
3	3.22	na	na	indecl	na	na	indecl	MATCH	yes	yes		1	1
3	3.22	me	asmat	nominal	me	mad	nominal	LEMMA_CONVENTION	no	yes	pronoun-stem	1	1
3	3.22	pārtha	pārtha	nominal	pārtha	pārtha	nominal	MATCH	yes	yes		1	1
3	3.22	asti	√as	verb	asti	as	verb	MATCH	yes	yes		1	1
3	3.22	kartavyam	kartavya	nominal	kartavyaṃ	kṛ	verb	LEMMA+POS_DIVERGE	no	no		1	1
3	3.22	triṣu	tri	nominal	triṣu	tri	indecl	POS_DIVERGE	yes	no		1	1
3	3.22	lokeṣu	loka	nominal	lokeṣu	loka	nominal	MATCH	yes	yes		1	1
3	3.22	kiṁ-cana	kim-cana	nominal	kiṃcana	kaścana	nominal	LEMMA_DIVERGE	no	yes		1	1
3	3.22	na	na	indecl	na	na	indecl	MATCH	yes	yes		1	1
3	3.22	anavāptam	an-avāpta	nominal	anavāptam	anavāpta	indecl	POS_DIVERGE	yes	no		1	1
3	3.22	avāptavyam	avāptavya	nominal	avāptavyam	avāp	verb	LEMMA+POS_DIVERGE	no	no		1	1
3	3.22	varte	√vṛt	verb	varta	vṛt	verb	MATCH	yes	yes		1	1
3	3.22	eva	eva	indecl	eva	eva	indecl	MATCH	yes	yes		1	1
3	3.22	ca	ca	indecl	ca	ca	indecl	MATCH	yes	yes		1	1
3	3.22	karmaṇi	karman	nominal	karmaṇi	karman	nominal	MATCH	yes	yes		1	1
3	3.23	yadi	yadi	indecl	yadi	yadi	indecl	MATCH	yes	yes		1	1
3	3.23	hi	hi	indecl	hi	hi	indecl	MATCH	yes	yes		1	1
3	3.23	aham	asmat	nominal	aham	mad	nominal	LEMMA_CONVENTION	no	yes	pronoun-stem	1	1
3	3.23	na	na	indecl	na	na	indecl	MATCH	yes	yes		1	1
3	3.23	varteyam	√vṛt	verb	varteyaṃ	vṛt	verb	MATCH	yes	yes		1	1
3	3.23	jātu	jātu	indecl	jātu	jātu	indecl	MATCH	yes	yes		1	1
3	3.23	karmaṇi	karman	nominal	karmaṇi	karman	nominal	MATCH	yes	yes		1	1
3	3.23	atandritaḥ	a-tandrita	nominal	atandritaḥ	atandrita	indecl	POS_DIVERGE	yes	no		1	1
3	3.23	mama	asmat	nominal	mama	mad	nominal	LEMMA_CONVENTION	no	yes	pronoun-stem	1	1
3	3.23	vartma	vartman	nominal	vartma	vartman	nominal	MATCH	yes	yes		1	1
3	3.23	anuvartante	anu-√vṛt	verb	anuvartante	anuvṛt	verb	MATCH	yes	yes		1	1
3	3.23	manuṣyāḥ	manuṣya	nominal	manuṣyāḥ	manuṣya	nominal	MATCH	yes	yes		1	1
3	3.23	pārtha	pārtha	nominal	pārtha	pārtha	nominal	MATCH	yes	yes		1	1
3	3.23	sarvaśaḥ	sarvaśaḥ	indecl	sarvaśaḥ	sarvaśas	indecl	LEMMA_CONVENTION	no	yes	adverb--tas/-taḥ	1	1
3	3.24	utsīdeyuḥ	ut-√sad	verb	utsīdeyuḥ	utsad	verb	MATCH	yes	yes		1	1
3	3.24	ime	idam	nominal	ime	idam	nominal	MATCH	yes	yes		1	1
3	3.24	lokāḥ	loka	nominal	lokā	loka	nominal	MATCH	yes	yes		1	1
3	3.24	na	na	indecl	na	na	indecl	MATCH	yes	yes		1	1
3	3.24	kuryām	√kṛ	verb	kuryāṃ	kṛ	verb	MATCH	yes	yes		1	1
3	3.24	karma	karman	nominal	karma	karman	nominal	MATCH	yes	yes		1	1
3	3.24	cet	cet	indecl	ced	ced	indecl	LEMMA_CONVENTION	no	yes	final-t/d+n	1	1
3	3.24	aham	asmat	nominal	aham	mad	nominal	LEMMA_CONVENTION	no	yes	pronoun-stem	1	1
3	3.24	saṁkarasya	saṁkara	nominal	saṃkarasya	saṃkara	nominal	MATCH	yes	yes		1	1
3	3.24	ca	ca	indecl	ca	ca	indecl	MATCH	yes	yes		1	1
3	3.24	kartā	kartṛ	nominal	kartā	kartṛ	nominal	MATCH	yes	yes		1	1
3	3.24	syām	√as	verb	syām	as	verb	MATCH	yes	yes		1	1
3	3.24	upahanyām	upa-√han	verb	upahanyām	upahan	verb	MATCH	yes	yes		1	1
3	3.24	imāḥ	idam	nominal	imāḥ	idam	nominal	MATCH	yes	yes		1	1
3	3.24	prajāḥ	prajā	nominal	prajāḥ	prajā	nominal	MATCH	yes	yes		1	1
3	3.25	saktāḥ	sakta	nominal	saktāḥ	sañj	verb	LEMMA+POS_DIVERGE	no	no		1	1
3	3.25	karmaṇi	karman	nominal	karmaṇy	karman	nominal	MATCH	yes	yes		1	1
3	3.25	avidvāṁsaḥ	a-vidvas	nominal	a|vidvāṃsaḥ	a|vid	indecl|verb	COMPOUND_SPLIT	n/a	n/a		1	2
3	3.25	yathā	yathā	indecl	yathā	yathā	indecl	MATCH	yes	yes		1	1
3	3.25	kurvanti	√kṛ	verb	kurvanti	kṛ	verb	MATCH	yes	yes		1	1
3	3.25	bhārata	bhārata	nominal	bhārata	bhārata	nominal	MATCH	yes	yes		1	1
3	3.25	kuryāt	√kṛ	verb	kuryād	kṛ	verb	MATCH	yes	yes		1	1
3	3.25	vidvān	vidvas	nominal	vidvāṃs	vid	verb	LEMMA+POS_DIVERGE	no	no		1	1
3	3.25	tathā	tathā	indecl	tathā	tathā	indecl	MATCH	yes	yes		1	1
3	3.25	asaktaḥ	a-sakta	nominal	a|saktaḥ	a|sañj	indecl|verb	COMPOUND_SPLIT	n/a	n/a		1	2
3	3.25	cikīrṣuḥ	cikīrṣu	nominal	cikīrṣur	cikīrṣu	indecl	POS_DIVERGE	yes	no		1	1
3	3.25	loka-saṁgraham	loka-saṁgraha	nominal	loka|saṃgraham	loka|saṃgraha	nominal|nominal	COMPOUND_SPLIT	n/a	n/a		1	2
3	3.26	na	na	indecl	na	na	indecl	MATCH	yes	yes		1	1
3	3.26	buddhi-bhedam	buddhi-bheda	nominal	buddhi|bhedam	buddhi|bheda	nominal|nominal	COMPOUND_SPLIT	n/a	n/a		1	2
3	3.26	janayet	√jan	verb	janayet	janay	verb	LEMMA_DIVERGE	no	yes		1	1
3	3.26	ajñānām	a-jña	nominal	ajñānām	ajña	indecl	POS_DIVERGE	yes	no		1	1
3	3.26	karma-saṅginām	karma-saṅgin	nominal	karma|saṅginām	karman|saṅgin	nominal|indecl	COMPOUND_SPLIT	n/a	n/a		1	2
3	3.26	joṣayet	√juṣ	verb	joṣayet	joṣay	verb	LEMMA_DIVERGE	no	yes		1	1
3	3.26	sarva-karmāṇi	sarva-karman	nominal	sarva|karmāṇi	sarva|karman	nominal|nominal	COMPOUND_SPLIT	n/a	n/a		1	2
3	3.26	vidvān	vidvas	nominal	vidvān	vidvas	indecl	POS_DIVERGE	yes	no		1	1
3	3.26	yuktaḥ	yukta	nominal	yuktaḥ	yuj	verb	LEMMA+POS_DIVERGE	no	no		1	1
3	3.26	samācaran	samācarant	nominal	samācaran	samācar	verb	LEMMA+POS_DIVERGE	no	no		1	1
3	3.27	prakṛteḥ	prakṛti	nominal	prakṛteḥ	prakṛti	nominal	MATCH	yes	yes		1	1
3	3.27	kriyamāṇāni	kriyamāṇa	nominal	kriyamāṇāni	kṛ	verb	LEMMA+POS_DIVERGE	no	no		1	1
3	3.27	guṇaiḥ	guṇa	nominal	guṇaiḥ	guṇa	nominal	MATCH	yes	yes		1	1
3	3.27	karmāṇi	karman	nominal	karmāṇi	karman	nominal	MATCH	yes	yes		1	1
3	3.27	sarvaśaḥ	sarvaśaḥ	indecl	sarvaśaḥ	sarvaśas	indecl	LEMMA_CONVENTION	no	yes	adverb--tas/-taḥ	1	1
3	3.27	ahaṁkāra-vimūḍhātmā	ahaṁkāra-vimūḍhātman	nominal	ahaṃkāra|vimūḍha|ātmā	ahaṃkāra|vimuh|ātman	nominal|verb|nominal	COMPOUND_SPLIT	n/a	n/a		1	3
3	3.27	kartā|aham	kartṛ|asmat	nominal|nominal	kartāham	kṛ	verb	MERGE	n/a	n/a		2	1
3	3.27	iti	iti	indecl	iti	iti	indecl	MATCH	yes	yes		1	1
3	3.27	manyate	√man	verb	manyate	man	verb	MATCH	yes	yes		1	1
3	3.28	tattva-vit	tattva-vit	nominal	tattva	tattva	nominal	LEMMA_DIVERGE	no	yes		1	1
3					vid	vid	indecl	GOLD_ONLY				0	1
3	3.28	tu	tu	indecl	tu	tu	indecl	MATCH	yes	yes		1	1
3	3.28	mahā-bāho	mahā-bāhu	nominal	mahā|bāho	mahat|bāhu	indecl|nominal	COMPOUND_SPLIT	n/a	n/a		1	2
3	3.28	guṇa-karma-vibhāgayoḥ	guṇa-karma-vibhāga	nominal	guṇa|karma|vibhāgayoḥ	guṇa|karman|vibhāga	nominal|nominal|nominal	COMPOUND_SPLIT	n/a	n/a		1	3
3	3.28	guṇāḥ	guṇa	nominal	guṇā	guṇa	nominal	MATCH	yes	yes		1	1
3	3.28	guṇeṣu	guṇa	nominal	guṇeṣu	guṇa	nominal	MATCH	yes	yes		1	1
3	3.28	vartante	√vṛt	verb	vartanta	vṛt	verb	MATCH	yes	yes		1	1
3	3.28	iti	iti	indecl	iti	iti	indecl	MATCH	yes	yes		1	1
3	3.28	matvā	√man	unknown	matvā	man	verb	POS_DIVERGE	yes	no		1	1
3	3.28	na	na	indecl	na	na	indecl	MATCH	yes	yes		1	1
3	3.28	sajjate	√sañj	verb	sajjate	sañj	verb	MATCH	yes	yes		1	1
3	3.29	prakṛteḥ	prakṛti	nominal	prakṛteḥ	prakṛti	nominal	MATCH	yes	yes		1	1
3	3.29	guṇa-saṁmūḍhāḥ	guṇa-saṁmūḍhāḥ	nominal	guṇa|saṃmūḍhāḥ	guṇa|sammuh	nominal|verb	COMPOUND_SPLIT	n/a	n/a		1	2
3	3.29	sajjante	√sañj	verb	sajjante	sañj	verb	MATCH	yes	yes		1	1
3	3.29	guṇa-karmasu	guṇa-karma	nominal	guṇa|karmasu	guṇa|karman	nominal|nominal	COMPOUND_SPLIT	n/a	n/a		1	2
3	3.29	tān	tat	nominal	tān	tad	nominal	LEMMA_CONVENTION	no	yes	pronoun-stem	1	1
3	3.29	akṛtsna-vidaḥ	akṛtsna-vit	nominal	akṛtsna|vidaḥ	akṛtsna|vid	indecl|indecl	COMPOUND_SPLIT	n/a	n/a		1	2
3	3.29	mandān	manda	nominal	mandān	manda	indecl	POS_DIVERGE	yes	no		1	1
3	3.29	kṛtsna-vit	kṛtsna-vit	nominal	kṛtsna	kṛtsna	indecl	LEMMA+POS_DIVERGE	no	no		1	1
3					vid	vid	indecl	GOLD_ONLY				0	1
3	3.29	na	na	indecl	na	na	indecl	MATCH	yes	yes		1	1
3	3.29	vicālayet	vi-√cal	verb	vicālayet	vicālay	verb	LEMMA_DIVERGE	no	yes		1	1
3	3.30	mayi	asmat	nominal	mayi	mad	nominal	LEMMA_CONVENTION	no	yes	pronoun-stem	1	1
3	3.30	sarvāṇi	sarva	nominal	sarvāṇi	sarva	nominal	MATCH	yes	yes		1	1
3	3.30	karmāṇi	karman	nominal	karmāṇi	karman	nominal	MATCH	yes	yes		1	1
3	3.30	saṁnyasya	sam-ni-√as	unknown	saṃnyasya	saṃnyas	verb	LEMMA+POS_DIVERGE	no	no		1	1
3	3.30	adhy-ātma-cetasā	adhi-ātma-cetas	nominal	adhyātma|cetasā	adhyātma|cetas	nominal|nominal	COMPOUND_SPLIT	n/a	n/a		1	2
3	3.30	nir-āśīḥ	nir-ā-śis	nominal	nirāśīḥ	nirāśī	indecl	LEMMA+POS_DIVERGE	no	no		1	1
3	3.30	nir-mamaḥ	nir-mama	nominal	nirmamaḥ	nirmama	indecl	POS_DIVERGE	yes	no		1	1
3	3.30	bhūtvā	√bhū	unknown	bhūtvā	bhū	verb	POS_DIVERGE	yes	no		1	1
3	3.30	yudhyasva	√yudh	verb	yudhyasva	yudh	verb	MATCH	yes	yes		1	1
3	3.30	vigata-jvaraḥ	vigata-jvara	nominal	vigata|jvaraḥ	vigam|jvara	verb|nominal	COMPOUND_SPLIT	n/a	n/a		1	2
3	3.31	ye	yat	nominal	ye	yad	nominal	LEMMA_CONVENTION	no	yes	pronoun-stem	1	1
3	3.31	me	asmat	nominal	me	mad	nominal	LEMMA_CONVENTION	no	yes	pronoun-stem	1	1
3	3.31	matam	mata	nominal	matam	mata	nominal	MATCH	yes	yes		1	1
3	3.31	idam	idam	nominal	idam	idam	nominal	MATCH	yes	yes		1	1
3	3.31	nityam	nityam	indecl	nityam	nityam	indecl	MATCH	yes	yes		1	1
3	3.31	anutiṣṭhanti	anu-√sthā	verb	anutiṣṭhanti	anuṣṭhā	verb	LEMMA_DIVERGE	no	yes		1	1
3	3.31	mānavāḥ	mānava	nominal	mānavāḥ	mānava	nominal	MATCH	yes	yes		1	1
3	3.31	śraddhā-vantaḥ	śraddhā-vant	nominal	śraddhāvanto	śraddhāvat	indecl	LEMMA_CONVENTION+POS_DIVERGE	no	no	final-t/d+n	1	1
3	3.31	anasūyantaḥ	an-asūyant	nominal	'nasūyanto	anasūyat	indecl	LEMMA_CONVENTION+POS_DIVERGE	no	no	final-t/d+n	1	1
3	3.31	mucyante	√muc	verb	mucyante	muc	verb	MATCH	yes	yes		1	1
3	3.31	te	tat	nominal	te	tad	nominal	LEMMA_CONVENTION	no	yes	pronoun-stem	1	1
3	3.31	api	api	indecl	'pi	api	indecl	MATCH	yes	yes		1	1
3	3.31	karmabhiḥ	karman	nominal	karmabhiḥ	karman	nominal	MATCH	yes	yes		1	1
3	3.32	ye	yat	nominal	ye	yad	nominal	LEMMA_CONVENTION	no	yes	pronoun-stem	1	1
3	3.32	tu	tu	indecl	tu	tu	indecl	MATCH	yes	yes		1	1
3	3.32	etat	etat	nominal	etat	etad	nominal	LEMMA_CONVENTION	no	yes	pronoun-stem	1	1
3	3.32	abhyasūyantaḥ	abhi-asūyant	nominal	abhyasūyantaḥ	abhyasūy	verb	LEMMA+POS_DIVERGE	no	no		1	1
3	3.32	na	na	indecl	na	na	indecl	MATCH	yes	yes		1	1
3	3.32	anutiṣṭhanti	anu-√sthā	verb	anutiṣṭhanti	anuṣṭhā	verb	LEMMA_DIVERGE	no	yes		1	1
3	3.32	me	asmat	nominal	me	mad	nominal	LEMMA_CONVENTION	no	yes	pronoun-stem	1	1
3	3.32	matam	mata	nominal	matam	mata	nominal	MATCH	yes	yes		1	1
3	3.32	sarva-jñāna-vimūḍhān	sarva-jñāna-vimūḍha	nominal	sarva|jñāna|vimūḍhān	sarva|jñāna|vimuh	nominal|nominal|verb	COMPOUND_SPLIT	n/a	n/a		1	3
3	3.32	tān	tat	nominal	tān	tad	nominal	LEMMA_CONVENTION	no	yes	pronoun-stem	1	1
3	3.32	viddhi	√vid	verb	viddhi	vid	verb	MATCH	yes	yes		1	1
3	3.32	naṣṭān	naṣṭa	nominal	naṣṭān	naś	verb	LEMMA+POS_DIVERGE	no	no		1	1
3	3.32	acetasaḥ	a-cetas	nominal	acetasaḥ	acetas	indecl	POS_DIVERGE	yes	no		1	1
3	3.33	sadṛśam	sadṛśam	indecl	sadṛśaṃ	sadṛśa	indecl	LEMMA_CONVENTION	no	yes	final-t/d+n	1	1
3	3.33	ceṣṭate	√ceṣṭ	verb	ceṣṭate	ceṣṭ	verb	MATCH	yes	yes		1	1
3	3.33	svasyāḥ	sva	nominal	svasyāḥ	sva	indecl	POS_DIVERGE	yes	no		1	1
3	3.33	prakṛteḥ	prakṛti	nominal	prakṛteḥ	prakṛti	nominal	MATCH	yes	yes		1	1
3	3.33	jñāna-vān	jñāna-vant	nominal	jñānavān	jñānavat	indecl	LEMMA_CONVENTION+POS_DIVERGE	no	no	final-t/d+n	1	1
3	3.33	api	api	indecl	api	api	indecl	MATCH	yes	yes		1	1
3	3.33	prakṛtim	prakṛti	nominal	prakṛtiṃ	prakṛti	nominal	MATCH	yes	yes		1	1
3	3.33	yānti	√yā	verb	yānti	yā	verb	MATCH	yes	yes		1	1
3	3.33	bhūtāni	bhūta	nominal	bhūtāni	bhūta	nominal	MATCH	yes	yes		1	1
3	3.33	nigrahaḥ	nigraha	nominal	nigrahaḥ	nigraha	nominal	MATCH	yes	yes		1	1
3	3.33	kim	kim	nominal	kiṃ	ka	nominal	LEMMA_CONVENTION	no	yes	pronoun-stem	1	1
3	3.33	kariṣyati	√kṛ	verb	kariṣyati	kṛ	verb	MATCH	yes	yes		1	1
3	3.34	indriyasya indriyasya	indriya	nominal	indriyasya|indriyasya	indriya|indriya	nominal|nominal	COMPOUND_SPLIT	n/a	n/a		1	2
3	3.34	arthe	artha	nominal	arthe	artha	nominal	MATCH	yes	yes		1	1
3	3.34	rāga-dveṣau	rāga-dveṣa	nominal	rāga|dveṣau	rāga|dveṣa	nominal|nominal	COMPOUND_SPLIT	n/a	n/a		1	2
3	3.34	vyavasthitau	vi-ava-sthita	nominal	vyavasthitau	vyavasthā	verb	LEMMA+POS_DIVERGE	no	no		1	1
3	3.34	tayoḥ	tat	nominal	tayoḥ	tad	nominal	LEMMA_CONVENTION	no	yes	pronoun-stem	1	1
3	3.34	na	na	indecl	na	na	indecl	MATCH	yes	yes		1	1
3	3.34	vaśam	vaśa	nominal	vaśam	vaśa	nominal	MATCH	yes	yes		1	1
3	3.34	āgacchet	ā-√gam	verb	āgacchet	āgam	verb	MATCH	yes	yes		1	1
3	3.34	tau	tat	nominal	tau	tad	nominal	LEMMA_CONVENTION	no	yes	pronoun-stem	1	1
3	3.34	hi	hi	indecl	hi	hi	indecl	MATCH	yes	yes		1	1
3	3.34	asya	idam	nominal	asya	idam	nominal	MATCH	yes	yes		1	1
3	3.34	paripanthinau	pari-panthin	nominal	paripanthinau	paripanthin	indecl	POS_DIVERGE	yes	no		1	1
3	3.35	śreyān	śreyas	nominal	śreyān	śreyas	indecl	POS_DIVERGE	yes	no		1	1
3	3.35	sva-dharmaḥ	sva-dharma	nominal	svadharmaḥ	svadharma	nominal	MATCH	yes	yes		1	1
3	3.35	viguṇaḥ	vi-guṇa	nominal	viguṇaḥ	viguṇa	indecl	POS_DIVERGE	yes	no		1	1
3	3.35	para-dharmāt	para-dharma	nominal	para|dharmāt	para|dharma	nominal|nominal	COMPOUND_SPLIT	n/a	n/a		1	2
3	3.35	svanuṣṭhitāt	su-anu-ṣṭhita	nominal	su	su	indecl	LEMMA+POS_DIVERGE	no	no		1	1
3					anuṣṭhitāt	anuṣṭhā	verb	GOLD_ONLY				0	1
3	3.35	sva-dharme	sva-dharma	nominal	svadharme	svadharma	nominal	MATCH	yes	yes		1	1
3	3.35	nidhanam	nidhana	nominal	nidhanaṃ	nidhana	nominal	MATCH	yes	yes		1	1
3	3.35	śreyaḥ	śreyas	nominal	śreyaḥ	śreyas	indecl	POS_DIVERGE	yes	no		1	1
3	3.35	para-dharmaḥ	para-dharma	nominal	para|dharmaḥ	para|dharma	nominal|nominal	COMPOUND_SPLIT	n/a	n/a		1	2
3	3.35	bhayāvahaḥ	bhaya-āvaha	nominal	bhaya|āvahaḥ	bhaya|āvaha	nominal|indecl	COMPOUND_SPLIT	n/a	n/a		1	2
3	3.36	arjunaḥ	arjuna	nominal	arjuna	arjuna	nominal	MATCH	yes	yes		1	1
3	3.36	uvāca	√vac	verb	uvāca	vac	verb	MATCH	yes	yes		1	1
3	3.36	atha	atha	indecl	atha	atha	indecl	MATCH	yes	yes		1	1
3	3.36	kena	kim	nominal	kena	ka	nominal	LEMMA_CONVENTION	no	yes	pronoun-stem	1	1
3	3.36	prayuktaḥ	pra-yukta	nominal	prayukto	prayuj	verb	LEMMA+POS_DIVERGE	no	no		1	1
3	3.36	ayam	idam	nominal	'yaṃ	idam	nominal	MATCH	yes	yes		1	1
3	3.36	pāpam	pāpa	nominal	pāpaṃ	pāpa	nominal	MATCH	yes	yes		1	1
3	3.36	carati	√car	verb	carati	car	verb	MATCH	yes	yes		1	1
3	3.36	pūruṣaḥ	pūruṣa	nominal	pūruṣaḥ	pūruṣa	nominal	MATCH	yes	yes		1	1
3	3.36	anicchan	an-icchant	nominal	an|icchan	an|iṣ	indecl|verb	COMPOUND_SPLIT	n/a	n/a		1	2
3	3.36	api	api	indecl	api	api	indecl	MATCH	yes	yes		1	1
3	3.36	vārṣṇeya	vārṣṇeya	nominal	vārṣṇeya	vārṣṇeya	nominal	MATCH	yes	yes		1	1
3	3.36	balāt	balāt	indecl	balāt	bala	nominal	LEMMA+POS_DIVERGE	no	no		1	1
3	3.36	iva	iva	indecl	iva	iva	indecl	MATCH	yes	yes		1	1
3	3.36	niyojitaḥ	ni-yojita	nominal	niyojitaḥ	niyojay	verb	LEMMA+POS_DIVERGE	no	no		1	1
3	3.37	śrī-bhagavān	śrī-bhagavant	nominal	śrī|bhagavān	śrī|bhagavant	nominal|nominal	COMPOUND_SPLIT	n/a	n/a		1	2
3	3.37	uvāca	√vac	verb	uvāca	vac	verb	MATCH	yes	yes		1	1
3	3.37	kāmaḥ	kāma	nominal	kāma	kāma	nominal	MATCH	yes	yes		1	1
3	3.37	eṣaḥ	etad	nominal	eṣa	etad	nominal	MATCH	yes	yes		1	1
3	3.37	krodhaḥ	krodha	nominal	krodha	krodha	nominal	MATCH	yes	yes		1	1
3	3.37	eṣaḥ	etad	nominal	eṣa	etad	nominal	MATCH	yes	yes		1	1
3	3.37	rajo-guṇa-samudbhavaḥ	rajo-guṇa-samudbhava	nominal	rajaḥ|guṇa|samudbhavaḥ	rajas|guṇa|samudbhava	nominal|nominal|nominal	COMPOUND_SPLIT	n/a	n/a		1	3
3	3.37	mahāśanaḥ	mahā-aśana	nominal	mahā|aśanaḥ	mahat|aśana	indecl|nominal	COMPOUND_SPLIT	n/a	n/a		1	2
3	3.37	mahā-pāpmā	mahā-pāpman	nominal	mahā|pāpmā	mahat|pāpman	indecl|nominal	COMPOUND_SPLIT	n/a	n/a		1	2
3	3.37	viddhi	√vid	verb	viddhi	vid	verb	MATCH	yes	yes		1	1
3	3.37	enam	etat	nominal	enam	enad	nominal	LEMMA_DIVERGE	no	yes		1	1
3	3.37	iha	iha	indecl	iha	iha	indecl	MATCH	yes	yes		1	1
3	3.37	vairiṇam	vairin	nominal	vairiṇam	vairin	indecl	POS_DIVERGE	yes	no		1	1
3	3.38	dhūmena	dhūma	nominal	dhūmena	dhūma	nominal	MATCH	yes	yes		1	1
3	3.38	āvriyate	ā-√vṛ	verb	āvriyate	āvṛ	verb	MATCH	yes	yes		1	1
3	3.38	vahniḥ	vahni	nominal	vahniḥ	vahni	nominal	MATCH	yes	yes		1	1
3	3.38	yathā	yathā	indecl	yathā	yathā	indecl	MATCH	yes	yes		1	1
3	3.38	ādarśaḥ	ā-darśa	nominal	ādarśaḥ	ādarśa	nominal	MATCH	yes	yes		1	1
3	3.38	malena	mala	nominal	malena	mala	nominal	MATCH	yes	yes		1	1
3	3.38	ca	ca	indecl	ca	ca	indecl	MATCH	yes	yes		1	1
3	3.38	yathā	yathā	indecl	yathā	yathā	indecl	MATCH	yes	yes		1	1
3	3.38	ulbena	ulba	nominal	ulbena	ulba	nominal	MATCH	yes	yes		1	1
3	3.38	āvṛtaḥ	ā-vṛta	nominal	āvṛtaḥ	āvṛ	verb	LEMMA+POS_DIVERGE	no	no		1	1
3	3.38	garbhaḥ	garbha	nominal	garbhaḥ	garbha	nominal	MATCH	yes	yes		1	1
3	3.38	tathā	tathā	indecl	tathā	tathā	indecl	MATCH	yes	yes		1	1
3	3.38	tena	tat	nominal	tena	tad	nominal	LEMMA_CONVENTION	no	yes	pronoun-stem	1	1
3	3.38	idam	idam	nominal	idam	idam	nominal	MATCH	yes	yes		1	1
3	3.38	āvṛtam	ā-vṛta	nominal	āvṛtam	āvṛ	verb	LEMMA+POS_DIVERGE	no	no		1	1
3	3.39	āvṛtam	ā-vṛta	nominal	āvṛtaṃ	āvṛ	verb	LEMMA+POS_DIVERGE	no	no		1	1
3	3.39	jñānam	jñāna	nominal	jñānam	jñāna	nominal	MATCH	yes	yes		1	1
3	3.39	etena	etat	nominal	etena	etad	nominal	LEMMA_CONVENTION	no	yes	pronoun-stem	1	1
3	3.39	jñāninaḥ	jñānin	nominal	jñānino	jñānin	indecl	POS_DIVERGE	yes	no		1	1
3	3.39	nitya-vairiṇā	nitya-vairin	nominal	nitya|vairiṇā	nitya|vairin	indecl|indecl	COMPOUND_SPLIT	n/a	n/a		1	2
3	3.39	kāma-rūpeṇa	kāma-rūpa	nominal	kāma|rūpeṇa	kāma|rūpa	nominal|nominal	COMPOUND_SPLIT	n/a	n/a		1	2
3	3.39	kaunteya	kaunteya	nominal	kaunteya	kaunteya	nominal	MATCH	yes	yes		1	1
3	3.39	duṣpūreṇa	duṣ-pūra	nominal	duṣpūreṇa	duṣpūra	indecl	POS_DIVERGE	yes	no		1	1
3	3.39	analena	anala	nominal	analena	anala	nominal	MATCH	yes	yes		1	1
3	3.39	ca	ca	indecl	ca	ca	indecl	MATCH	yes	yes		1	1
3	3.40	indriyāṇi	indriya	nominal	indriyāṇi	indriya	nominal	MATCH	yes	yes		1	1
3	3.40	manaḥ	manas	nominal	mano	manas	nominal	MATCH	yes	yes		1	1
3	3.40	buddhiḥ	buddhi	nominal	buddhiḥ	buddhi	nominal	MATCH	yes	yes		1	1
3	3.40	asya	idam	nominal	asya	idam	nominal	MATCH	yes	yes		1	1
3	3.40	adhiṣṭhānam	adhiṣṭhāna	nominal	adhiṣṭhānam	adhiṣṭhāna	nominal	MATCH	yes	yes		1	1
3	3.40	ucyate	√vac	verb	ucyate	vac	verb	MATCH	yes	yes		1	1
3	3.40	etaiḥ	etat	nominal	etaiḥ	etad	nominal	LEMMA_CONVENTION	no	yes	pronoun-stem	1	1
3	3.40	vimohayati	vi-√muh	verb	vimohayati	vimohay	verb	LEMMA_DIVERGE	no	yes		1	1
3	3.40	eṣaḥ	etat	nominal	eṣa	etad	nominal	LEMMA_CONVENTION	no	yes	pronoun-stem	1	1
3	3.40	jñānam	jñāna	nominal	jñānam	jñāna	nominal	MATCH	yes	yes		1	1
3	3.40	āvṛtya	ā-√vṛ	unknown	āvṛtya	āvṛ	verb	POS_DIVERGE	yes	no		1	1
3	3.40	dehinam	dehin	nominal	dehinam	dehin	nominal	MATCH	yes	yes		1	1
3	3.41	tasmāt	tasmāt	indecl	tasmāt	tasmāt	indecl	MATCH	yes	yes		1	1
3	3.41	tvam	yuṣmat	nominal	tvam	tvad	nominal	LEMMA_CONVENTION	no	yes	pronoun-stem	1	1
3	3.41	indriyāṇi	indriya	nominal	indriyāṇi	indriya	nominal	MATCH	yes	yes		1	1
3	3.41	ādau	ādau	indecl	ādau	ādau	indecl	MATCH	yes	yes		1	1
3	3.41	niyamya	ni-√yam	unknown	niyamya	niyam	verb	POS_DIVERGE	yes	no		1	1
3	3.41	bharata-rṣabha	bharata-rṣabha	nominal	bharata	bharata	nominal	LEMMA_DIVERGE	no	yes		1	1
3	3.41	pāpmānam	pāpman	nominal	ṛṣabha	ṛṣabha	nominal	LEMMA_DIVERGE	no	yes		1	1
3					pāpmānaṃ	pāpman	indecl	GOLD_ONLY				0	1
3	3.41	prajahi|hi	pra-√han|hi	verb|indecl	prajahihi	prahā	verb	MERGE	n/a	n/a		2	1
3	3.41	enam	etat	nominal	enam	enad	nominal	LEMMA_DIVERGE	no	yes		1	1
3	3.41	jñāna-vijñāna-nāśanam	jñāna-vijñāna-nāśana	nominal	jñāna|vijñāna|nāśanam	jñāna|vijñāna|nāśana	nominal|nominal|indecl	COMPOUND_SPLIT	n/a	n/a		1	3
3	3.42	indriyāṇi	indriya	nominal	indriyāṇi	indriya	nominal	MATCH	yes	yes		1	1
3	3.42	parāṇi	para	nominal	parāṇi	para	nominal	MATCH	yes	yes		1	1
3	3.42	āhuḥ	√ah	verb	āhuḥ	ah	verb	MATCH	yes	yes		1	1
3	3.42	indriyebhyaḥ	indriya	nominal	indriyebhyaḥ	indriya	nominal	MATCH	yes	yes		1	1
3	3.42	param	para	nominal	paraṃ	para	nominal	MATCH	yes	yes		1	1
3	3.42	manaḥ	manas	nominal	manaḥ	manas	nominal	MATCH	yes	yes		1	1
3	3.42	manasaḥ	manas	nominal	manasaḥ	manas	nominal	MATCH	yes	yes		1	1
3	3.42	tu	tu	indecl	tu	tu	indecl	MATCH	yes	yes		1	1
3	3.42	parā	para	nominal	parā	para	nominal	MATCH	yes	yes		1	1
3	3.42	buddhiḥ	buddhi	nominal	buddhir	buddhi	nominal	MATCH	yes	yes		1	1
3	3.42	yaḥ|buddheḥ	yat|buddhi	nominal|nominal	yo|buddheḥ	yad|buddhi	nominal|nominal	RESEGMENTED	n/a	n/a		2	2
3	3.42	parataḥ	parataḥ	indecl	paratas	paratas	indecl	LEMMA_CONVENTION	no	yes	adverb--tas/-taḥ	1	1
3	3.42	tu	tu	indecl	tu	tu	indecl	MATCH	yes	yes		1	1
3	3.42	saḥ	tat	nominal	saḥ	tad	nominal	LEMMA_CONVENTION	no	yes	pronoun-stem	1	1
3	3.43	evam	evam	indecl	evaṃ	evam	indecl	MATCH	yes	yes		1	1
3	3.43	buddheḥ	buddhi	nominal	buddheḥ	buddhi	nominal	MATCH	yes	yes		1	1
3	3.43	param	para	nominal	paraṃ	para	nominal	MATCH	yes	yes		1	1
3	3.43	buddhvā	√budh	unknown	buddhvā	budh	verb	POS_DIVERGE	yes	no		1	1
3	3.43	saṁstabhya	sam-√stambh	unknown	saṃstabhya	saṃstambh	verb	LEMMA_CONVENTION+POS_DIVERGE	no	no	nasal-class	1	1
3	3.43	ātmānam	ātman	nominal	ātmānam	ātman	nominal	MATCH	yes	yes		1	1
3	3.43	ātmanā	ātman	nominal	ātmanā	ātman	nominal	MATCH	yes	yes		1	1
3	3.43	jahi	√han	verb	jahi	han	verb	MATCH	yes	yes		1	1
3	3.43	śatrum	śatru	nominal	śatruṃ	śatru	nominal	MATCH	yes	yes		1	1
3	3.43	mahā-bāho	mahā-bāhu	nominal	mahā|bāho	mahat|bāhu	indecl|nominal	COMPOUND_SPLIT	n/a	n/a		1	2
3	3.43	kāma-rūpam	kāma-rūpa	nominal	kāma|rūpam	kāma|rūpa	nominal|nominal	COMPOUND_SPLIT	n/a	n/a		1	2
3	3.43	durāsadam	dur-ā-sada	nominal	durāsadam	durāsada	indecl	POS_DIVERGE	yes	no		1	1
4	4.01	śrī-bhagavān	śrī-bhagavant	nominal	śrī|bhagavān	śrī|bhagavant	nominal|nominal	COMPOUND_SPLIT	n/a	n/a		1	2
4	4.01	uvāca	√vac	verb	uvāca	vac	verb	MATCH	yes	yes		1	1
4	4.01	imam	idam	nominal	imaṃ	idam	nominal	MATCH	yes	yes		1	1
4	4.01	vivasvate	vi-vasvant	nominal	vivasvate	vivasvant	nominal	MATCH	yes	yes		1	1
4	4.01	yogam	yoga	nominal	yogaṃ	yoga	nominal	MATCH	yes	yes		1	1
4	4.01	proktavān	proktavant	nominal	proktavān	pravac	verb	LEMMA+POS_DIVERGE	no	no		1	1
4	4.01	aham	asmat	nominal	aham	mad	nominal	LEMMA_CONVENTION	no	yes	pronoun-stem	1	1
4	4.01	avyayam	a-vyaya	nominal	avyayam	avyaya	indecl	POS_DIVERGE	yes	no		1	1
4	4.01	vivasvān	vi-vasvant	nominal	vivasvān	vivasvant	nominal	MATCH	yes	yes		1	1
4	4.01	manave	manu	nominal	manave	manu	nominal	MATCH	yes	yes		1	1
4	4.01	prāha	pra-√ah	verb	prāha	prāh	verb	LEMMA_CONVENTION	no	yes	vowel-sandhi/contraction	1	1
4	4.01	manuḥ	manu	nominal	manuḥ	manu	nominal	MATCH	yes	yes		1	1
4	4.01	ikṣvākave	ikṣvāku	nominal	ikṣvākave	ikṣvāku	nominal	MATCH	yes	yes		1	1
4	4.01	abravīt	√brū	verb	'bravīt	brū	verb	MATCH	yes	yes		1	1
4	4.02	evam	evam	indecl	evaṃ	evam	indecl	MATCH	yes	yes		1	1
4	4.02	paraṁ-parā-prāptam	paraṁ-parā-prāpta	nominal	paraṃparā|prāptam	paramparā|prāp	nominal|verb	COMPOUND_SPLIT	n/a	n/a		1	2
4	4.02	imam	idam	nominal	imam	idam	nominal	MATCH	yes	yes		1	1
4	4.02	rāja-rṣayaḥ	rāja-rṣi	nominal	rājarṣayo	rājarṣi	nominal	MATCH	yes	yes		1	1
4	4.02	viduḥ	√vid	verb	viduḥ	vid	verb	MATCH	yes	yes		1	1
4	4.02	saḥ	tat	nominal	sa	tad	nominal	LEMMA_CONVENTION	no	yes	pronoun-stem	1	1
4	4.02	kālena	kāla	nominal	kālena	kāla	nominal	MATCH	yes	yes		1	1
4	4.02	iha	iha	indecl	iha	iha	indecl	MATCH	yes	yes		1	1
4	4.02	mahatā	mahant	nominal	mahatā	mahat	indecl	LEMMA_CONVENTION+POS_DIVERGE	no	no	final-t/d+n	1	1
4	4.02	yogaḥ	yoga	nominal	yogo	yoga	nominal	MATCH	yes	yes		1	1
4	4.02	naṣṭaḥ	naṣṭa	nominal	naṣṭaḥ	naś	verb	LEMMA+POS_DIVERGE	no	no		1	1
4	4.02	paraṁtapa	param-tapa	nominal	paraṃtapa	paraṃtapa	indecl	LEMMA_CONVENTION+POS_DIVERGE	no	no	nasal-class	1	1
4	4.03	saḥ	tat	nominal	sa	tad	nominal	LEMMA_CONVENTION	no	yes	pronoun-stem	1	1
4	4.03	eva	eva	indecl	eva	eva	indecl	MATCH	yes	yes		1	1
4	4.03	ayam	idam	nominal	ayam	idam	nominal	MATCH	yes	yes		1	1
4	4.03	mayā	asmat	nominal	mayā	mad	nominal	LEMMA_CONVENTION	no	yes	pronoun-stem	1	1
4	4.03	te	yuṣmat	nominal	te	tvad	nominal	LEMMA_CONVENTION	no	yes	pronoun-stem	1	1
4	4.03	a-dya	a-dya	indecl	'dya	adya	indecl	MATCH	yes	yes		1	1
4	4.03	yogaḥ	yoga	nominal	yogaḥ	yoga	nominal	MATCH	yes	yes		1	1
4	4.03	proktaḥ	prokta	nominal	proktaḥ	pravac	verb	LEMMA+POS_DIVERGE	no	no		1	1
4	4.03	purātanaḥ	purā-tana	nominal	purātanaḥ	purātana	indecl	POS_DIVERGE	yes	no		1	1
4	4.03	bhaktaḥ	bhakta	nominal	bhakto	bhakta	nominal	MATCH	yes	yes		1	1
4	4.03	asi	√as	verb	'si	as	verb	MATCH	yes	yes		1	1
4	4.03	me	asmat	nominal	me	mad	nominal	LEMMA_CONVENTION	no	yes	pronoun-stem	1	1
4	4.03	sakhā	sakhi	nominal	sakhā	sakhi	nominal	MATCH	yes	yes		1	1
4	4.03	ca	ca	indecl	ca	ca	indecl	MATCH	yes	yes		1	1
4	4.03	iti	iti	indecl	iti	iti	indecl	MATCH	yes	yes		1	1
4	4.03	rahasyam	rahasya	nominal	rahasyaṃ	rahasya	nominal	MATCH	yes	yes		1	1
4	4.03	hi	hi	indecl	hi	hi	indecl	MATCH	yes	yes		1	1
4	4.03	etat	etat	nominal	etat	etad	nominal	LEMMA_CONVENTION	no	yes	pronoun-stem	1	1
4	4.03	uttamam	uttama	nominal	uttamam	uttama	indecl	POS_DIVERGE	yes	no		1	1
4	4.04	arjunaḥ	arjuna	nominal	arjuna	arjuna	nominal	MATCH	yes	yes		1	1
4	4.04	uvāca	√vac	verb	uvāca	vac	verb	MATCH	yes	yes		1	1
4	4.04	aparam	a-para	nominal	aparaṃ	apara	nominal	MATCH	yes	yes		1	1
4	4.04	bhavataḥ	bhavant	nominal	bhavato	bhavat	indecl	LEMMA_CONVENTION+POS_DIVERGE	no	no	final-t/d+n	1	1
4	4.04	janma	janman	nominal	janma	janman	nominal	MATCH	yes	yes		1	1
4	4.04	param	para	nominal	paraṃ	para	nominal	MATCH	yes	yes		1	1
4	4.04	janma	janman	nominal	janma	janman	nominal	MATCH	yes	yes		1	1
4	4.04	vivasvataḥ	vi-vasvant	nominal	vivasvataḥ	vivasvant	nominal	MATCH	yes	yes		1	1
4	4.04	katham	katham	indecl	katham	katham	indecl	MATCH	yes	yes		1	1
4	4.04	etat	etat	nominal	etat	etad	nominal	LEMMA_CONVENTION	no	yes	pronoun-stem	1	1
4	4.04	vijānīyām	vi-√jñā	verb	vijānīyām	vijñā	verb	MATCH	yes	yes		1	1
4	4.04	tvam	yuṣmat	nominal	tvam	tvad	nominal	LEMMA_CONVENTION	no	yes	pronoun-stem	1	1
4	4.04	ādau	ādi	nominal	ādau	ādau	indecl	LEMMA_CONVENTION+POS_DIVERGE	no	no	vowel-sandhi/contraction	1	1
4	4.04	proktavān	proktavant	nominal	proktavān	pravac	verb	LEMMA+POS_DIVERGE	no	no		1	1
4	4.04	iti	iti	indecl	iti	iti	indecl	MATCH	yes	yes		1	1
4	4.05	śrī-bhagavān	śrī-bhagavant	nominal	śrī|bhagavān	śrī|bhagavant	nominal|nominal	COMPOUND_SPLIT	n/a	n/a		1	2
4	4.05	uvāca	√vac	verb	uvāca	vac	verb	MATCH	yes	yes		1	1
4	4.05	bahūni	bahu	nominal	bahūni	bahu	indecl	POS_DIVERGE	yes	no		1	1
4	4.05	me	asmat	nominal	me	mad	nominal	LEMMA_CONVENTION	no	yes	pronoun-stem	1	1
4	4.05	vyatītāni	vi-ati-ita	nominal	vyatītāni	vyatī	verb	LEMMA+POS_DIVERGE	no	no		1	1
4	4.05	janmāni	janman	nominal	janmāni	janman	nominal	MATCH	yes	yes		1	1
4	4.05	tava	yuṣmat	nominal	tava	tvad	nominal	LEMMA_CONVENTION	no	yes	pronoun-stem	1	1
4	4.05	ca	ca	indecl	ca	ca	indecl	MATCH	yes	yes		1	1
4	4.05	arjuna	arjuna	nominal	arjuna	arjuna	nominal	MATCH	yes	yes		1	1
4	4.05	tāni	tat	nominal	tāni	tad	nominal	LEMMA_CONVENTION	no	yes	pronoun-stem	1	1
4	4.05	aham	asmat	nominal	aham	mad	nominal	LEMMA_CONVENTION	no	yes	pronoun-stem	1	1
4	4.05	veda	√vid	verb	veda	vid	verb	MATCH	yes	yes		1	1
4	4.05	sarvāṇi	sarva	nominal	sarvāṇi	sarva	nominal	MATCH	yes	yes		1	1
4	4.05	na	na	indecl	na	na	indecl	MATCH	yes	yes		1	1
4	4.05	tvam	yuṣmat	nominal	tvaṃ	tvad	nominal	LEMMA_CONVENTION	no	yes	pronoun-stem	1	1
4	4.05	vettha	√vid	verb	vettha	vid	verb	MATCH	yes	yes		1	1
4	4.05	paraṁtapa	param-tapa	nominal	paraṃtapa	paraṃtapa	indecl	LEMMA_CONVENTION+POS_DIVERGE	no	no	nasal-class	1	1
4	4.06	ajaḥ	a-ja	nominal	ajo	aja	indecl	POS_DIVERGE	yes	no		1	1
4	4.06	api	api	indecl	'pi	api	indecl	MATCH	yes	yes		1	1
4	4.06	san	sant	nominal	san	as	verb	LEMMA+POS_DIVERGE	no	no		1	1
4	4.06	avyayātmā	avyayātman	nominal	avyaya|ātmā	avyaya|ātman	indecl|nominal	COMPOUND_SPLIT	n/a	n/a		1	2
4	4.06	bhūtānām	bhūta	nominal	bhūtānām	bhūta	nominal	MATCH	yes	yes		1	1
4	4.06	īśvaraḥ	īśvara	nominal	īśvaraḥ	īśvara	nominal	MATCH	yes	yes		1	1
4	4.06	api	api	indecl	'pi	api	indecl	MATCH	yes	yes		1	1
4	4.06	san	sant	nominal	san	as	verb	LEMMA+POS_DIVERGE	no	no		1	1
4	4.06	prakṛtim	prakṛti	nominal	prakṛtiṃ	prakṛti	nominal	MATCH	yes	yes		1	1
4	4.06	svām	svā	nominal	svām	sva	indecl	LEMMA_CONVENTION+POS_DIVERGE	no	no	vowel-sandhi/contraction	1	1
4	4.06	adhiṣṭhāya	adhi-√sthā	unknown	adhiṣṭhāya	adhiṣṭhā	verb	LEMMA+POS_DIVERGE	no	no		1	1
4	4.06	saṁbhavāmi	sam-√bhū	verb	sambhavāmi	sambhū	verb	MATCH	yes	yes		1	1
4	4.06	ātma-māyayā	ātma-māyā	nominal	ātma|māyayā	ātman|māyā	nominal|nominal	COMPOUND_SPLIT	n/a	n/a		1	2
4	4.07	yadā yadā	yadā yadā	indecl	yadā|yadā	yadā|yadā	indecl|indecl	COMPOUND_SPLIT	n/a	n/a		1	2
4	4.07	hi	hi	indecl	hi	hi	indecl	MATCH	yes	yes		1	1
4	4.07	dharmasya	dharma	nominal	dharmasya	dharma	nominal	MATCH	yes	yes		1	1
4	4.07	glāniḥ	glāni	nominal	glāniḥ	glāni	nominal	MATCH	yes	yes		1	1
4	4.07	bhavati	√bhū	verb	bhavati	bhū	verb	MATCH	yes	yes		1	1
4	4.07	bhārata	bhārata	nominal	bhārata	bhārata	nominal	MATCH	yes	yes		1	1
4	4.07	abhyutthānam	abhi-utthāna	nominal	abhyutthānam	abhyutthāna	nominal	LEMMA_DIVERGE	no	yes		1	1
4	4.07	adharmasya	a-dharma	nominal	adharmasya	adharma	nominal	MATCH	yes	yes		1	1
4	4.07	tadā	tadā	indecl	tadā	tadā	indecl	MATCH	yes	yes		1	1
4	4.07	ātmānam	ātman	nominal	ātmānam	ātman	nominal	MATCH	yes	yes		1	1
4	4.07	sṛjāmi	√sṛj	verb	sṛjāmi	sṛj	verb	MATCH	yes	yes		1	1
4	4.07	aham	asmat	nominal	aham	mad	nominal	LEMMA_CONVENTION	no	yes	pronoun-stem	1	1
4	4.08	paritrāṇāya	paritrāṇa	nominal	paritrāṇāya	paritrāṇa	nominal	MATCH	yes	yes		1	1
4	4.08	sādhūnām	sādhu	nominal	sādhūnāṃ	sādhu	indecl	POS_DIVERGE	yes	no		1	1
4	4.08	vināśāya	vināśa	nominal	vināśāya	vināśa	nominal	MATCH	yes	yes		1	1
4	4.08	ca	ca	indecl	ca	ca	indecl	MATCH	yes	yes		1	1
4	4.08	duṣkṛtām	duṣ-kṛta	nominal	duṣkṛtām	duṣkṛt	indecl	LEMMA_CONVENTION+POS_DIVERGE	no	no	vowel-sandhi/contraction	1	1
4	4.08	dharma-saṁsthāpanārthāya	dharma-saṁsthāpana-artha	nominal	dharma|saṃsthāpana|arthāya	dharma|saṃsthāpana|artha	nominal|nominal|nominal	COMPOUND_SPLIT	n/a	n/a		1	3
4	4.08	saṁbhavāmi	sam-√bhū	verb	sambhavāmi	sambhū	verb	MATCH	yes	yes		1	1
4	4.08	yuge yuge	yuga	nominal	yuge|yuge	yuga|yuga	nominal|nominal	COMPOUND_SPLIT	n/a	n/a		1	2
4	4.09	janma	janman	nominal	janma	janman	nominal	MATCH	yes	yes		1	1
4	4.09	karma	karman	nominal	karma	karman	nominal	MATCH	yes	yes		1	1
4	4.09	ca	ca	indecl	ca	ca	indecl	MATCH	yes	yes		1	1
4	4.09	me	asmat	nominal	me	mad	nominal	LEMMA_CONVENTION	no	yes	pronoun-stem	1	1
4	4.09	divyam	divya	nominal	divyam	divya	indecl	POS_DIVERGE	yes	no		1	1
4	4.09	evam	evam	indecl	evam	evam	indecl	MATCH	yes	yes		1	1
4	4.09	yaḥ|vetti	yat|√vid	nominal|verb	yo|vetti	yad|vid	nominal|verb	RESEGMENTED	n/a	n/a		2	2
4	4.09	tattvataḥ	tattvataḥ	indecl	tattvataḥ	tattva	nominal	LEMMA+POS_DIVERGE	no	no		1	1
4	4.09	tyaktvā	√tyaj	unknown	tyaktvā	tyaj	verb	POS_DIVERGE	yes	no		1	1
4	4.09	deham	deha	nominal	dehaṃ	deha	nominal	MATCH	yes	yes		1	1
4	4.09	punar-janma	punar-janman	nominal	punarjanma	punarjanman	nominal	MATCH	yes	yes		1	1
4	4.09	na	na	indecl	na	na	indecl	MATCH	yes	yes		1	1
4	4.09	eti	√i	verb	eti	i	verb	MATCH	yes	yes		1	1
4	4.09	mām	asmat	nominal	mām	mad	nominal	LEMMA_CONVENTION	no	yes	pronoun-stem	1	1
4	4.09	eti	√i	verb	eti	i	verb	MATCH	yes	yes		1	1
4	4.09	saḥ|arjuna	tat|arjuna	nominal|nominal	so|'rjuna	tad|arjuna	nominal|nominal	RESEGMENTED	n/a	n/a		2	2
4	4.10	vīta-rāga-bhaya-krodhāḥ	vīta-rāga-bhaya-krodha	nominal	vīta|rāga|bhaya|krodhāḥ	vī|rāga|bhaya|krodha	verb|nominal|nominal|nominal	COMPOUND_SPLIT	n/a	n/a		1	4
4	4.10	man-mayāḥ	mat-maya	nominal	mad	mad	nominal	LEMMA_DIVERGE	no	yes		1	1
4					mayāḥ	maya	indecl	GOLD_ONLY				0	1
4	4.10	mām	asmat	nominal	mām	mad	nominal	LEMMA_CONVENTION	no	yes	pronoun-stem	1	1
4	4.10	upāśritāḥ	upāśrita	nominal	upāśritāḥ	upāśri	verb	LEMMA+POS_DIVERGE	no	no		1	1
4	4.10	bahavaḥ	bahu	nominal	bahavo	bahu	indecl	POS_DIVERGE	yes	no		1	1
4	4.10	jñāna-tapasāḥ	jñāna-tapas	nominal	jñāna|tapasā	jñāna|tapas	nominal|nominal	COMPOUND_SPLIT	n/a	n/a		1	2
4	4.10	pūtāḥ	pūta	nominal	pūtā	pū	verb	LEMMA+POS_DIVERGE	no	no		1	1
4	4.10	mad-bhāvam	mad-bhāva	nominal	mad|bhāvam	mad|bhāva	nominal|nominal	COMPOUND_SPLIT	n/a	n/a		1	2
4	4.10	āgatāḥ	āgata	nominal	āgatāḥ	āgam	verb	LEMMA+POS_DIVERGE	no	no		1	1
4	4.11	ye	yat	nominal	ye	yad	nominal	LEMMA_CONVENTION	no	yes	pronoun-stem	1	1
4	4.11	yathā	yathā	indecl	yathā	yathā	indecl	MATCH	yes	yes		1	1
4	4.11	mām	asmat	nominal	māṃ	mad	nominal	LEMMA_CONVENTION	no	yes	pronoun-stem	1	1
4	4.11	prapadyante	pra-√pad	verb	prapadyante	prapad	verb	MATCH	yes	yes		1	1
4	4.11	tān	tat	nominal	tān	tad	nominal	LEMMA_CONVENTION	no	yes	pronoun-stem	1	1
4	4.11	tathā	tathā	indecl	tathā	tathā	indecl	MATCH	yes	yes		1	1
4	4.11	eva	eva	indecl	eva	eva	indecl	MATCH	yes	yes		1	1
4	4.11	bhajāmi	√bhaj	verb	bhajāmi	bhaj	verb	MATCH	yes	yes		1	1
4	4.11	aham	asmat	nominal	aham	mad	nominal	LEMMA_CONVENTION	no	yes	pronoun-stem	1	1
4	4.11	mama	asmat	nominal	mama	mad	nominal	LEMMA_CONVENTION	no	yes	pronoun-stem	1	1
4	4.11	vartman	vartman	nominal	vartma	vartman	nominal	MATCH	yes	yes		1	1
4	4.11	ānuvartante	anu-√vṛt	verb	anuvartante	anuvṛt	verb	MATCH	yes	yes		1	1
4	4.11	manuṣyāḥ	manuṣya	nominal	manuṣyāḥ	manuṣya	nominal	MATCH	yes	yes		1	1
4	4.11	pārtha	pārtha	nominal	pārtha	pārtha	nominal	MATCH	yes	yes		1	1
4	4.11	sarvaśaḥ	sarvaśaḥ	indecl	sarvaśaḥ	sarvaśas	indecl	LEMMA_CONVENTION	no	yes	adverb--tas/-taḥ	1	1
4	4.12	kāṅkṣantaḥ	kāṅkṣant	nominal	kāṅkṣantaḥ	kāṅkṣ	verb	LEMMA+POS_DIVERGE	no	no		1	1
4	4.12	karmaṇām	karman	nominal	karmaṇāṃ	karman	nominal	MATCH	yes	yes		1	1
4	4.12	siddhim	siddhi	nominal	siddhiṃ	siddhi	nominal	MATCH	yes	yes		1	1
4	4.12	yajante	√yaj	verb	yajanta	yaj	verb	MATCH	yes	yes		1	1
4	4.12	iha	iha	indecl	iha	iha	indecl	MATCH	yes	yes		1	1
4	4.12	devatāḥ	devatā	nominal	devatāḥ	devatā	nominal	MATCH	yes	yes		1	1
4	4.12	kṣipram	kṣipram	indecl	kṣipraṃ	kṣipram	indecl	MATCH	yes	yes		1	1
4	4.12	hi	hi	indecl	hi	hi	indecl	MATCH	yes	yes		1	1
4	4.12	mānuṣe	mānuṣa	nominal	mānuṣe	mānuṣa	indecl	POS_DIVERGE	yes	no		1	1
4	4.12	loke	loka	nominal	loke	loka	nominal	MATCH	yes	yes		1	1
4	4.12	siddhiḥ	siddhi	nominal	siddhiḥ	siddhi	nominal	MATCH	yes	yes		1	1
4	4.12	bhavati	√bhū	verb	bhavati	bhū	verb	MATCH	yes	yes		1	1
4	4.12	karma-jā	karma-ja	nominal	karma|jā	karman|ja	nominal|indecl	COMPOUND_SPLIT	n/a	n/a		1	2
4	4.13	cātur-varṇyam	cātur-varṇya	nominal	cāturvarṇyaṃ	cāturvarṇya	nominal	MATCH	yes	yes		1	1
4	4.13	mayā	asmat	nominal	mayā	mad	nominal	LEMMA_CONVENTION	no	yes	pronoun-stem	1	1
4	4.13	sṛṣṭam	sṛṣṭa	nominal	sṛṣṭaṃ	sṛj	verb	LEMMA+POS_DIVERGE	no	no		1	1
4	4.13	guṇa-karma-vibhāgaśaḥ	guṇa-karma-vibhāgaśaḥ	indecl	guṇa|karma|vibhāgaśaḥ	guṇa|karman|vibhāgaśaḥ	nominal|nominal|indecl	COMPOUND_SPLIT	n/a	n/a		1	3
4	4.13	tasya	tat	nominal	tasya	tad	nominal	LEMMA_CONVENTION	no	yes	pronoun-stem	1	1
4	4.13	kartāram	kartṛ	nominal	kartāram	kartṛ	nominal	MATCH	yes	yes		1	1
4	4.13	api	api	indecl	api	api	indecl	MATCH	yes	yes		1	1
4	4.13	mām	asmat	nominal	māṃ	mad	nominal	LEMMA_CONVENTION	no	yes	pronoun-stem	1	1
4	4.13	viddhi	√vid	verb	viddhi	vid	verb	MATCH	yes	yes		1	1
4	4.13	akartāram	a-kartṛ	nominal	akartāram	akartṛ	nominal	MATCH	yes	yes		1	1
4	4.13	avyayam	a-vyaya	nominal	avyayam	avyaya	indecl	POS_DIVERGE	yes	no		1	1
4	4.14	na	na	indecl	na	na	indecl	MATCH	yes	yes		1	1
4	4.14	mām	asmat	nominal	māṃ	mad	nominal	LEMMA_CONVENTION	no	yes	pronoun-stem	1	1
4	4.14	karmāṇi	karman	nominal	karmāṇi	karman	nominal	MATCH	yes	yes		1	1
4	4.14	limpanti	√lip	verb	limpanti	lip	verb	MATCH	yes	yes		1	1
4	4.14	na	na	indecl	na	na	indecl	MATCH	yes	yes		1	1
4	4.14	me	asmat	nominal	me	mad	nominal	LEMMA_CONVENTION	no	yes	pronoun-stem	1	1
4	4.14	karma-phale	karma-phala	nominal	karma|phale	karman|phala	nominal|nominal	COMPOUND_SPLIT	n/a	n/a		1	2
4	4.14	spṛhā	spṛhā	nominal	spṛhā	spṛhā	nominal	MATCH	yes	yes		1	1
4	4.14	iti	iti	indecl	iti	iti	indecl	MATCH	yes	yes		1	1
4	4.14	mām	asmat	nominal	māṃ	mad	nominal	LEMMA_CONVENTION	no	yes	pronoun-stem	1	1
4	4.14	yaḥ|abhijānāti	yat|abhi-√jñā	nominal|verb	yo|'bhijānāti	yad|abhijñā	nominal|verb	RESEGMENTED	n/a	n/a		2	2
4	4.14	karmabhiḥ	karman	nominal	karmabhiḥ	karman	nominal	MATCH	yes	yes		1	1
4	4.14	na	na	indecl	na	na	indecl	MATCH	yes	yes		1	1
4	4.14	saḥ	tat	nominal	sa	tad	nominal	LEMMA_CONVENTION	no	yes	pronoun-stem	1	1
4	4.14	badhyate	√bandh	verb	badhyate	bandh	verb	MATCH	yes	yes		1	1
4	4.15	evam	evam	indecl	evaṃ	evam	indecl	MATCH	yes	yes		1	1
4	4.15	jñātvā	√jñā	unknown	jñātvā	jñā	verb	POS_DIVERGE	yes	no		1	1
4	4.15	kṛtam	kṛta	nominal	kṛtaṃ	kṛ	verb	LEMMA+POS_DIVERGE	no	no		1	1
4	4.15	karma	karman	nominal	karma	karman	nominal	MATCH	yes	yes		1	1
4	4.15	pūrvaiḥ	pūrva	nominal	pūrvaiḥ	pūrva	nominal	MATCH	yes	yes		1	1
4	4.15	api	api	indecl	api	api	indecl	MATCH	yes	yes		1	1
4	4.15	mumukṣubhiḥ	mumukṣu	nominal	mumukṣubhiḥ	mumukṣu	indecl	POS_DIVERGE	yes	no		1	1
4	4.15	kuru	√kṛ	verb	kuru	kṛ	verb	MATCH	yes	yes		1	1
4	4.15	karma	karman	nominal	karma	karman	nominal	MATCH	yes	yes		1	1
4	4.15	eva	eva	indecl	eva	eva	indecl	MATCH	yes	yes		1	1
4	4.15	tasmāt	tasmāt	indecl	tasmāt	tasmāt	indecl	MATCH	yes	yes		1	1
4	4.15	tvam	yuṣmat	nominal	tvam	tvad	nominal	LEMMA_CONVENTION	no	yes	pronoun-stem	1	1
4	4.15	pūrvaiḥ	pūrva	nominal	pūrvaiḥ	pūrva	nominal	MATCH	yes	yes		1	1
4	4.15	pūrvataram	pūrva-tara	nominal	pūrvataraṃ	pūrvatara	indecl	POS_DIVERGE	yes	no		1	1
4	4.15	kṛtam	kṛta	nominal	kṛtam	kṛ	verb	LEMMA+POS_DIVERGE	no	no		1	1
4	4.16	kim	kim	nominal	kiṃ	ka	nominal	LEMMA_CONVENTION	no	yes	pronoun-stem	1	1
4	4.16	karma	karman	nominal	karma	karman	nominal	MATCH	yes	yes		1	1
4	4.16	kim	kim	nominal	kim	ka	nominal	LEMMA_CONVENTION	no	yes	pronoun-stem	1	1
4	4.16	akarma	a-karman	nominal	akarma	akarman	nominal	MATCH	yes	yes		1	1
4	4.16	iti	iti	indecl	iti	iti	indecl	MATCH	yes	yes		1	1
4	4.16	kavayaḥ	kavi	nominal	kavayo	kavi	nominal	MATCH	yes	yes		1	1
4	4.16	api	api	indecl	api	api	indecl	MATCH	yes	yes		1	1
4	4.16	atra	atra	indecl	atra	atra	indecl	MATCH	yes	yes		1	1
4	4.16	mohitāḥ	mohita	nominal	mohitāḥ	mohay	verb	LEMMA+POS_DIVERGE	no	no		1	1
4	4.16	tat	tat	nominal	tat	tad	nominal	LEMMA_CONVENTION	no	yes	pronoun-stem	1	1
4	4.16	te	yuṣmat	nominal	te	tvad	nominal	LEMMA_CONVENTION	no	yes	pronoun-stem	1	1
4	4.16	karma	karman	nominal	karma	karman	nominal	MATCH	yes	yes		1	1
4	4.16	pravakṣyāmi	pra-√vac	verb	pravakṣyāmi	pravac	verb	MATCH	yes	yes		1	1
4	4.16	yat	yat	nominal	yat	yad	nominal	LEMMA_CONVENTION	no	yes	pronoun-stem	1	1
4	4.16	jñātvā	√jñā	unknown	jñātvā	jñā	verb	POS_DIVERGE	yes	no		1	1
4	4.16	mokṣyase	√muc	verb	mokṣyase	muc	verb	MATCH	yes	yes		1	1
4	4.16	aśubhāt	aśubha	nominal	'śubhāt	aśubha	indecl	POS_DIVERGE	yes	no		1	1
4	4.17	karmaṇaḥ	karman	nominal	karmaṇo	karman	nominal	MATCH	yes	yes		1	1
4	4.17	hi	hi	indecl	hi	hi	indecl	MATCH	yes	yes		1	1
4	4.17	api	api	indecl	api	api	indecl	MATCH	yes	yes		1	1
4	4.17	boddhavyam	boddhavya	nominal	boddhavyaṃ	budh	verb	LEMMA+POS_DIVERGE	no	no		1	1
4	4.17	boddhavyam	boddhavya	nominal	boddhavyaṃ	budh	verb	LEMMA+POS_DIVERGE	no	no		1	1
4	4.17	ca	ca	indecl	ca	ca	indecl	MATCH	yes	yes		1	1
4	4.17	vikarmaṇaḥ	vi-karman	nominal	vikarmaṇaḥ	vikarman	nominal	MATCH	yes	yes		1	1
4	4.17	akarmaṇaḥ	a-karman	nominal	akarmaṇaḥ	akarman	nominal	MATCH	yes	yes		1	1
4	4.17	ca	ca	indecl	ca	ca	indecl	MATCH	yes	yes		1	1
4	4.17	boddhavyam	boddhavya	nominal	boddhavyaṃ	budh	verb	LEMMA+POS_DIVERGE	no	no		1	1
4	4.17	gahanā	gahanā	nominal	gahanā	gahana	indecl	LEMMA_CONVENTION+POS_DIVERGE	no	no	vowel-sandhi/contraction	1	1
4	4.17	karmaṇaḥ	karman	nominal	karmaṇo	karman	nominal	MATCH	yes	yes		1	1
4	4.17	gatiḥ	gati	nominal	gatiḥ	gati	nominal	MATCH	yes	yes		1	1
4	4.18	karmaṇi	karman	nominal	karmaṇi	karman	nominal	MATCH	yes	yes		1	1
4	4.18	akarma	a-karman	nominal	akarma	akarman	nominal	MATCH	yes	yes		1	1
4	4.18	yaḥ	yat	nominal	yaḥ	yad	nominal	LEMMA_CONVENTION	no	yes	pronoun-stem	1	1
4	4.18	paśyet	√dṛś	verb	paśyet	paś	verb	LEMMA_DIVERGE	no	yes		1	1
4	4.18	akarmaṇi	a-karman	nominal	akarmaṇi	akarman	nominal	MATCH	yes	yes		1	1
4	4.18	ca	ca	indecl	ca	ca	indecl	MATCH	yes	yes		1	1
4	4.18	karma	karman	nominal	karma	karman	nominal	MATCH	yes	yes		1	1
4	4.18	yaḥ	yat	nominal	yaḥ	yad	nominal	LEMMA_CONVENTION	no	yes	pronoun-stem	1	1
4	4.18	saḥ	tat	nominal	sa	tad	nominal	LEMMA_CONVENTION	no	yes	pronoun-stem	1	1
4	4.18	buddhimān	buddhimant	nominal	buddhimān	buddhimat	indecl	LEMMA_CONVENTION+POS_DIVERGE	no	no	final-t/d+n	1	1
4	4.18	manuṣyeṣu	manuṣya	nominal	manuṣyeṣu	manuṣya	nominal	MATCH	yes	yes		1	1
4	4.18	saḥ	tat	nominal	sa	tad	nominal	LEMMA_CONVENTION	no	yes	pronoun-stem	1	1
4	4.18	yuktaḥ	yukta	nominal	yuktaḥ	yuj	verb	LEMMA+POS_DIVERGE	no	no		1	1
4	4.18	kṛtsna-karma-kṛt	kṛtsna-karma-kṛt	nominal	kṛtsna|karma|kṛt	kṛtsna|karman|kṛt	indecl|nominal|indecl	COMPOUND_SPLIT	n/a	n/a		1	3
4	4.19	yasya	yat	nominal	yasya	yad	nominal	LEMMA_CONVENTION	no	yes	pronoun-stem	1	1
4	4.19	sarve	sarva	nominal	sarve	sarva	nominal	MATCH	yes	yes		1	1
4	4.19	samārambhāḥ	sam-ārambha	nominal	samārambhāḥ	samārambha	nominal	MATCH	yes	yes		1	1
4	4.19	kāma-saṁkalpa-varjitāḥ	kāma-saṁkalpa-varjita	nominal	kāma|saṃkalpa|varjitāḥ	kāma|saṃkalpa|varjay	nominal|nominal|verb	COMPOUND_SPLIT	n/a	n/a		1	3
4	4.19	jñānāgni-dagdha-karmāṇam	jñāna-agni-dagdha-karmāṇa	nominal	jñāna|agni|dagdha|karmāṇam	jñāna|agni|dah|karman	nominal|nominal|verb|nominal	COMPOUND_SPLIT	n/a	n/a		1	4
4	4.19	tam	tat	nominal	tam	tad	nominal	LEMMA_CONVENTION	no	yes	pronoun-stem	1	1
4	4.19	āhuḥ	√ah	verb	āhuḥ	ah	verb	MATCH	yes	yes		1	1
4	4.19	paṇḍitaṁ	paṇḍita	nominal	paṇḍitaṃ	paṇḍita	nominal	MATCH	yes	yes		1	1
4	4.19	budhāḥ	budha	nominal	budhāḥ	budha	indecl	POS_DIVERGE	yes	no		1	1
4	4.20	tyaktvā	√tyaj	unknown	tyaktvā	tyaj	verb	POS_DIVERGE	yes	no		1	1
4	4.20	karma-phalāsaṅgam	karma-phala-āsaṅga	nominal	karma|phala|āsaṅgam	karman|phala|āsaṅga	nominal|nominal|nominal	COMPOUND_SPLIT	n/a	n/a		1	3
4	4.20	nitya-tṛptaḥ	nitya-tṛpta	nominal	nitya|tṛptaḥ	nitya|tṛp	indecl|verb	COMPOUND_SPLIT	n/a	n/a		1	2
4	4.20	nirāśrayaḥ	nir-ā-śraya	nominal	nirāśrayaḥ	nirāśraya	indecl	POS_DIVERGE	yes	no		1	1
4	4.20	karmaṇi	karman	nominal	karmaṇi	karman	nominal	MATCH	yes	yes		1	1
4	4.20	abhipravṛttaḥ	abhi-pra-vṛtta	nominal	abhipravṛttaḥ	abhipravṛt	verb	LEMMA+POS_DIVERGE	no	no		1	1
4	4.20	api	api	indecl	'pi	api	indecl	MATCH	yes	yes		1	1
4	4.20	na	na	indecl	na	na	indecl	MATCH	yes	yes		1	1
4	4.20	eva	eva	indecl	eva	eva	indecl	MATCH	yes	yes		1	1
4	4.20	kiṁ-cit	kiṁ-cit	nominal	kiṃcid	kaścit	nominal	LEMMA_DIVERGE	no	yes		1	1
4	4.20	karoti	√kṛ	verb	karoti	kṛ	verb	MATCH	yes	yes		1	1
4	4.20	saḥ	tat	nominal	saḥ	tad	nominal	LEMMA_CONVENTION	no	yes	pronoun-stem	1	1
4	4.21	nir-āśīḥ	nir-ā-śis	nominal	nirāśīḥ	nirāśī	indecl	LEMMA+POS_DIVERGE	no	no		1	1
4	4.21	yata-cittātmā	yata-citta-ātman	nominal	yata|citta|ātmā	yam|citta|ātman	verb|nominal|nominal	COMPOUND_SPLIT	n/a	n/a		1	3
4	4.21	tyakta-sarva-parigrahaḥ	tyakta-sarva-parigraha	nominal	tyakta|sarva|parigrahaḥ	tyaj|sarva|parigraha	verb|nominal|nominal	COMPOUND_SPLIT	n/a	n/a		1	3
4	4.21	śārīram	śārīra	nominal	śārīraṃ	śārīra	indecl	POS_DIVERGE	yes	no		1	1
4	4.21	kevalam	kevalam	indecl	kevalaṃ	kevala	indecl	LEMMA_CONVENTION	no	yes	final-t/d+n	1	1
4	4.21	karma	karman	nominal	karma	karman	nominal	MATCH	yes	yes		1	1
4	4.21	kurvan	kurvant	nominal	kurvan	kṛ	verb	LEMMA+POS_DIVERGE	no	no		1	1
4	4.21	na	na	indecl				DCS_ONLY				1	0
4	4.21	āpnoti	√āp	verb	āpnoti	āp	verb	MATCH	yes	yes		1	1
4	4.21	kilbiṣam	kilbiṣa	nominal	kilbiṣam	kilbiṣa	nominal	MATCH	yes	yes		1	1
4	4.22	yadṛcchā-lābha-saṁtuṣṭaḥ	yadṛcchā-lābha-saṁtuṣṭa	nominal	yadṛcchā|lābha|saṃtuṣṭaḥ	yadṛcchā|lābha|saṃtuṣ	nominal|nominal|verb	COMPOUND_SPLIT	n/a	n/a		1	3
4	4.22	dvaṁdvātītaḥ	dvaṁdva-atīta	nominal	dvaṃdva|atītaḥ	dvaṃdva|atī	nominal|verb	COMPOUND_SPLIT	n/a	n/a		1	2
4	4.22	vi-matsaraḥ	vi-matsara	nominal	vimatsaraḥ	vimatsara	indecl	POS_DIVERGE	yes	no		1	1
4	4.22	samaḥ	sama	nominal	samaḥ	sama	nominal	MATCH	yes	yes		1	1
4	4.22	siddhau	siddhy	nominal	siddhau	siddhi	nominal	LEMMA_DIVERGE	no	yes		1	1
4	4.22	asiddhau	a-siddhi	nominal	asiddhau	asiddhi	nominal	MATCH	yes	yes		1	1
4	4.22	ca	ca	indecl	ca	ca	indecl	MATCH	yes	yes		1	1
4	4.22	kṛtvā	kṛ	unknown	kṛtvā	kṛ	verb	POS_DIVERGE	yes	no		1	1
4	4.22	api	api	indecl	api	api	indecl	MATCH	yes	yes		1	1
4	4.22	na	na	indecl	na	na	indecl	MATCH	yes	yes		1	1
4	4.22	nibadhyate	ni-√bandh	verb	nibadhyate	nibandh	verb	MATCH	yes	yes		1	1
4	4.23	gata-saṅgasya	gata-saṅga	nominal	gata|saṅgasya	gam|saṅga	verb|nominal	COMPOUND_SPLIT	n/a	n/a		1	2
4	4.23	muktasya	mukta	nominal	muktasya	muc	verb	LEMMA+POS_DIVERGE	no	no		1	1
4	4.23	jñānāvasthita-cetasaḥ	jñāna-avasthita-cetas	nominal	jñāna|avasthita|cetasaḥ	jñāna|avasthā|cetas	nominal|verb|nominal	COMPOUND_SPLIT	n/a	n/a		1	3
4	4.23	yajñāya	yajña	nominal	yajñāya	yajña	nominal	MATCH	yes	yes		1	1
4	4.23	ācarataḥ	ācarant	nominal	ācarataḥ	ācar	verb	LEMMA+POS_DIVERGE	no	no		1	1
4	4.23	karma	karman	nominal	karma	karman	nominal	MATCH	yes	yes		1	1
4	4.23	samagram	samagra	nominal	samagraṃ	samagra	indecl	POS_DIVERGE	yes	no		1	1
4	4.23	pravilīyate	pra-vi-√lī	verb	pravilīyate	pravilī	verb	MATCH	yes	yes		1	1
4	4.24	brahma	brahman	nominal	brahma	brahman	nominal	MATCH	yes	yes		1	1
4	4.24	arpaṇam	arpaṇa	nominal	arpaṇam	arpaṇa	nominal	MATCH	yes	yes		1	1
4	4.24	brahma	brahman	nominal	brahma	brahman	nominal	MATCH	yes	yes		1	1
4	4.24	haviḥ	haviḥ	nominal	haviḥ	havis	nominal	LEMMA_CONVENTION	no	yes	adverb--tas/-taḥ	1	1
4	4.24	brahmāgnau	brahma-agni	nominal	brahma|agnau	brahman|agni	nominal|nominal	COMPOUND_SPLIT	n/a	n/a		1	2
4	4.24	brahmaṇā	brahman	nominal	brahmaṇā	brahman	nominal	MATCH	yes	yes		1	1
4	4.24	hutam	huta	nominal	hutam	hu	verb	LEMMA+POS_DIVERGE	no	no		1	1
4	4.24	brahma	brahman	nominal	brahma	brahman	nominal	MATCH	yes	yes		1	1
4	4.24	eva	eva	indecl	eva	eva	indecl	MATCH	yes	yes		1	1
4	4.24	tena	tat	nominal	tena	tad	nominal	LEMMA_CONVENTION	no	yes	pronoun-stem	1	1
4	4.24	gantavyam	gantavya	nominal	gantavyaṃ	gam	verb	LEMMA+POS_DIVERGE	no	no		1	1
4	4.24	brahma-karma-samādhinā	brahma-karma-samādhin	nominal	brahma|karma|samādhinā	brahman|karman|samādhi	nominal|nominal|nominal	COMPOUND_SPLIT	n/a	n/a		1	3
4	4.25	daivam	daiva	nominal	daivam	daiva	indecl	POS_DIVERGE	yes	no		1	1
4	4.25	eva	eva	indecl	eva	eva	indecl	MATCH	yes	yes		1	1
4	4.25	apare	a-para	nominal	apare	apara	nominal	MATCH	yes	yes		1	1
4	4.25	yajñam	yajña	nominal	yajñaṃ	yajña	nominal	MATCH	yes	yes		1	1
4	4.25	yoginaḥ	yogin	nominal	yoginaḥ	yogin	nominal	MATCH	yes	yes		1	1
4	4.25	paryupāsate	pari-upa-√ās	verb	paryupāsate	paryupās	verb	LEMMA_DIVERGE	no	yes		1	1
4	4.25	brahmāgnāu	brahma-agni	nominal	brahma|agnau	brahman|agni	nominal|nominal	COMPOUND_SPLIT	n/a	n/a		1	2
4	4.25	apare	a-para	nominal	apare	apara	nominal	MATCH	yes	yes		1	1
4	4.25	yajñam	yajña	nominal	yajñaṃ	yajña	nominal	MATCH	yes	yes		1	1
4	4.25	yajñena	yajña	nominal	yajñena	yajña	nominal	MATCH	yes	yes		1	1
4	4.25	eva	eva	indecl	eva	eva	indecl	MATCH	yes	yes		1	1
4	4.25	upajuhvati	upa-√hu	verb	upajuhvati	upahu	verb	MATCH	yes	yes		1	1
4	4.26	śrotrādīni	śrotra-ādi	nominal	śrotra|ādīni	śrotra|ādi	nominal|nominal	COMPOUND_SPLIT	n/a	n/a		1	2
4	4.26	indriyāṇi	indriya	nominal	indriyāṇi	indriya	nominal	MATCH	yes	yes		1	1
4	4.26	anye	anya	nominal	anye	anya	nominal	MATCH	yes	yes		1	1
4	4.26	saṁyamāgniṣu	saṁyama-agni	nominal	saṃyama|agniṣu	saṃyama|agni	nominal|nominal	COMPOUND_SPLIT	n/a	n/a		1	2
4	4.26	juhvati	√hu	verb	juhvati	hu	verb	MATCH	yes	yes		1	1
4	4.26	śabdādīn	śabda-ādi	nominal	śabda|ādīn	śabda|ādi	nominal|nominal	COMPOUND_SPLIT	n/a	n/a		1	2
4	4.26	viṣayān	viṣaya	nominal	viṣayān	viṣaya	nominal	MATCH	yes	yes		1	1
4	4.26	anye	anya	nominal	anye	anya	nominal	MATCH	yes	yes		1	1
4	4.26	indriyāgniṣu	indriya-agni	nominal	indriya|agniṣu	indriya|agni	nominal|nominal	COMPOUND_SPLIT	n/a	n/a		1	2
4	4.26	juhvati	√hu	verb	juhvati	hu	verb	MATCH	yes	yes		1	1
4	4.27	sarvāṇi	sarva	nominal	sarvāṇi	sarva	nominal	MATCH	yes	yes		1	1
4	4.27	indriya-karmāṇi	indriya-karman	nominal	indriya|karmāṇi	indriya|karman	nominal|nominal	COMPOUND_SPLIT	n/a	n/a		1	2
4	4.27	prāṇa-karmāṇi	prāṇa-karman	nominal	prāṇa|karmāṇi	prāṇa|karman	nominal|nominal	COMPOUND_SPLIT	n/a	n/a		1	2
4	4.27	ca	ca	indecl	ca	ca	indecl	MATCH	yes	yes		1	1
4	4.27	apare	a-para	nominal	apare	apara	nominal	MATCH	yes	yes		1	1
4	4.27	ātma-saṁyama-yogāgnau	ātma-saṁyama-yoga-agni	nominal	ātma|saṃyama|yoga|agnau	ātman|saṃyama|yoga|agni	nominal|nominal|nominal|nominal	COMPOUND_SPLIT	n/a	n/a		1	4
4	4.27	juhvati	√hu	verb	juhvati	hu	verb	MATCH	yes	yes		1	1
4	4.27	jñāna-dīpite	jñāna-dīpita	nominal	jñāna|dīpite	jñāna|dīpay	nominal|verb	COMPOUND_SPLIT	n/a	n/a		1	2
4	4.28	dravya-yajñāḥ	dravya-yajña	nominal	dravya|yajñāḥ	dravya|yajña	nominal|nominal	COMPOUND_SPLIT	n/a	n/a		1	2
4	4.28	tapo-yajñāḥ	tapo-yajña	nominal	tapaḥ|yajñāḥ	tapas|yajña	nominal|nominal	COMPOUND_SPLIT	n/a	n/a		1	2
4	4.28	yoga-yajñāḥ	yoga-yajña	nominal	yoga|yajñāḥ	yoga|yajña	nominal|nominal	COMPOUND_SPLIT	n/a	n/a		1	2
4	4.28	tathā	tathā	indecl	tathā	tathā	indecl	MATCH	yes	yes		1	1
4	4.28	apare	a-para	nominal	apare	apara	nominal	MATCH	yes	yes		1	1
4	4.28	svādhyāya-jñāna-yajñāḥ	svādhyāya-jñāna-yajña	nominal	svādhyāya|jñāna|yajñāḥ	svādhyāya|jñāna|yajña	nominal|nominal|nominal	COMPOUND_SPLIT	n/a	n/a		1	3
4	4.28	ca	ca	indecl	ca	ca	indecl	MATCH	yes	yes		1	1
4	4.28	yatayaḥ	yati	nominal	yatayaḥ	yati	nominal	MATCH	yes	yes		1	1
4	4.28	saṁśita-vratāḥ	saṁśita-vrata	nominal	saṃśita|vratāḥ	saṃśita|vrata	indecl|nominal	COMPOUND_SPLIT	n/a	n/a		1	2
4	4.29	apāne	apāna	nominal	apāne	apāna	nominal	MATCH	yes	yes		1	1
4	4.29	juhvati	√hu	verb	juhvati	hu	verb	MATCH	yes	yes		1	1
4	4.29	prāṇam	prāṇa	nominal				DCS_ONLY				1	0
4	4.29	prāṇe	prāṇa	nominal	prāṇaṃ	prāṇa	nominal	MATCH	yes	yes		1	1
4	4.29	apānam	apāna	nominal	prāṇe	prāṇa	nominal	LEMMA_DIVERGE	no	yes		1	1
4					'pānaṃ	apāna	nominal	GOLD_ONLY				0	1
4	4.29	tathā	tathā	indecl	tathā	tathā	indecl	MATCH	yes	yes		1	1
4	4.29	apare	a-para	nominal	apare	apara	nominal	MATCH	yes	yes		1	1
4	4.29	prāṇāpāna-gatī	prāṇa-apāna-gati	nominal	prāṇa|apāna|gatī	prāṇa|apāna|gati	nominal|nominal|nominal	COMPOUND_SPLIT	n/a	n/a		1	3
4	4.29	ruddhvā	√rudh	unknown	ruddhvā	rudh	verb	POS_DIVERGE	yes	no		1	1
4	4.29	prāṇāyāma-parāyaṇāḥ	prāṇa-āyāma-parāyaṇa	nominal	prāṇāyāma|parāyaṇāḥ	prāṇāyāma|parāyaṇa	nominal|nominal	COMPOUND_SPLIT	n/a	n/a		1	2
4	4.30	apare	a-para	nominal	apare	apara	nominal	MATCH	yes	yes		1	1
4	4.30	niyatāhārāḥ	niyata-āhāra	nominal	niyata|āhārāḥ	niyam|āhāra	verb|nominal	COMPOUND_SPLIT	n/a	n/a		1	2
4	4.30	prāṇān	prāṇa	nominal	prāṇān	prāṇa	nominal	MATCH	yes	yes		1	1
4	4.30	prāṇeṣu	prāṇa	nominal	prāṇeṣu	prāṇa	nominal	MATCH	yes	yes		1	1
4	4.30	juhvati	√hu	verb	juhvati	hu	verb	MATCH	yes	yes		1	1
4	4.30	sarve	sarva	nominal	sarve	sarva	nominal	MATCH	yes	yes		1	1
4	4.30	api	api	indecl	api	api	indecl	MATCH	yes	yes		1	1
4	4.30	ete	etat	nominal	ete	etad	nominal	LEMMA_CONVENTION	no	yes	pronoun-stem	1	1
4	4.30	yajña-vidaḥ	yajña-vit	nominal	yajña|vidaḥ	yajña|vid	nominal|indecl	COMPOUND_SPLIT	n/a	n/a		1	2
4	4.30	yajña-kṣapita-kalmaṣāḥ	yajña-kṣapita-kalmaṣa	nominal	yajña|kṣapita|kalmaṣāḥ	yajña|kṣapay|kalmaṣa	nominal|verb|nominal	COMPOUND_SPLIT	n/a	n/a		1	3
4	4.31	yajña-śiṣṭāmṛta-bhujaḥ	yajña-śiṣṭa-amṛta-bhuk	nominal	yajña|śiṣṭa|amṛta|bhujaḥ	yajña|śiṣṭa|amṛta|bhuj	nominal|nominal|nominal|indecl	COMPOUND_SPLIT	n/a	n/a		1	4
4	4.31	yānti	√yā	verb	yānti	yā	verb	MATCH	yes	yes		1	1
4	4.31	brahma	brahman	nominal	brahma	brahman	nominal	MATCH	yes	yes		1	1
4	4.31	sanātanam	sanātana	nominal	sanātanam	sanātana	indecl	POS_DIVERGE	yes	no		1	1
4	4.31	na	na	indecl	na	na	indecl	MATCH	yes	yes		1	1
4	4.31	āyam	idam	nominal	ayam	idam	nominal	MATCH	yes	yes		1	1
4	4.31	lokaḥ	loka	nominal	loko	loka	nominal	MATCH	yes	yes		1	1
4	4.31	asti	√as	verb	asti	as	verb	MATCH	yes	yes		1	1
4	4.31	ayajñasya	a-yajña	nominal	ayajñasya	ayajña	indecl	POS_DIVERGE	yes	no		1	1
4	4.31	kutaḥ	kutaḥ	indecl	kuto	kutas	indecl	LEMMA_CONVENTION	no	yes	adverb--tas/-taḥ	1	1
4	4.31	anyaḥ	anya	nominal	'nyaḥ	anya	nominal	MATCH	yes	yes		1	1
4	4.31	kuru-sattama	kuru-sattama	nominal	kurusattama	kurusattama	nominal	MATCH	yes	yes		1	1
4	4.32	evam	evam	indecl	evaṃ	evam	indecl	MATCH	yes	yes		1	1
4	4.32	bahu-vidhāḥ	bahu-vidhā	nominal	bahuvidhā	bahuvidha	indecl	LEMMA_CONVENTION+POS_DIVERGE	no	no	vowel-sandhi/contraction	1	1
4	4.32	yajñāḥ	yajña	nominal	yajñā	yajña	nominal	MATCH	yes	yes		1	1
4	4.32	vitatāḥ	vi-tata	nominal	vitatā	vitan	verb	LEMMA+POS_DIVERGE	no	no		1	1
4	4.32	brahmaṇaḥ	brahman	nominal	brahmaṇo	brahman	nominal	MATCH	yes	yes		1	1
4	4.32	mukhe	mukha	nominal	mukhe	mukha	nominal	MATCH	yes	yes		1	1
4	4.32	karma-jān	karma-ja	nominal	karma|jān	karman|ja	nominal|indecl	COMPOUND_SPLIT	n/a	n/a		1	2
4	4.32	viddhi	√vid	verb	viddhi	vid	verb	MATCH	yes	yes		1	1
4	4.32	tān	tat	nominal	tān	tad	nominal	LEMMA_CONVENTION	no	yes	pronoun-stem	1	1
4	4.32	sarvān	sarva	nominal	sarvān	sarva	nominal	MATCH	yes	yes		1	1
4	4.32	evam	evam	indecl	evaṃ	evam	indecl	MATCH	yes	yes		1	1
4	4.32	jñātvā	√jñā	unknown	jñātvā	jñā	verb	POS_DIVERGE	yes	no		1	1
4	4.32	vimokṣyase	vi-√muc	verb	vimokṣyase	vimuc	verb	MATCH	yes	yes		1	1
4	4.33	śreyān	śreyas	nominal	śreyān	śreyas	indecl	POS_DIVERGE	yes	no		1	1
4	4.33	dravya-mayāt	dravya-maya	nominal	dravya|mayāt	dravya|maya	nominal|indecl	COMPOUND_SPLIT	n/a	n/a		1	2
4	4.33	yajñāt	yajña	nominal	yajñāt	yajña	nominal	MATCH	yes	yes		1	1
4	4.33	jñāna-yajñaḥ	jñāna-yajña	nominal	jñāna|yajñaḥ	jñāna|yajña	nominal|nominal	COMPOUND_SPLIT	n/a	n/a		1	2
4	4.33	paraṁtapa	param-tapa	nominal	paraṃtapa	paraṃtapa	indecl	LEMMA_CONVENTION+POS_DIVERGE	no	no	nasal-class	1	1
4	4.33	sarvam	sarva	nominal	sarvaṃ	sarva	nominal	MATCH	yes	yes		1	1
4	4.33	karma	karman	nominal	karma	karman	nominal	MATCH	yes	yes		1	1
4	4.33	akhilam	a-khila	nominal	akhilam	akhila	indecl	POS_DIVERGE	yes	no		1	1
4	4.33	pārtha	pārtha	nominal	pārtha	pārtha	nominal	MATCH	yes	yes		1	1
4	4.33	jñāne	jñāna	nominal	jñāne	jñāna	nominal	MATCH	yes	yes		1	1
4	4.33	parisamāpyate	pari-sam-√āp	verb	parisamāpyate	parisamāp	verb	MATCH	yes	yes		1	1
4	4.34	tat	tat	nominal	tat	tad	nominal	LEMMA_CONVENTION	no	yes	pronoun-stem	1	1
4	4.34	viddhi	√vid	verb	viddhi	vid	verb	MATCH	yes	yes		1	1
4	4.34	praṇipātena	pra-ṇi-pāta	nominal	praṇipātena	praṇipāta	nominal	MATCH	yes	yes		1	1
4	4.34	paripraśnena	pari-praśna	nominal	paripraśnena	paripraśna	nominal	MATCH	yes	yes		1	1
4	4.34	sevayā	sevā	nominal	sevayā	sevā	nominal	MATCH	yes	yes		1	1
4	4.34	upadekṣyanti	upa-√diś	verb	upadekṣyanti	upadiś	verb	MATCH	yes	yes		1	1
4	4.34	te	yuṣmat	nominal	te	tvad	nominal	LEMMA_CONVENTION	no	yes	pronoun-stem	1	1
4	4.34	jñānam	jñāna	nominal	jñānaṃ	jñāna	nominal	MATCH	yes	yes		1	1
4	4.34	jñāninaḥ	jñānin	nominal	jñāninaḥ	jñānin	indecl	POS_DIVERGE	yes	no		1	1
4	4.34	tattva-darśinaḥ	tattva-darśin	nominal	tattva|darśinaḥ	tattva|darśin	nominal|indecl	COMPOUND_SPLIT	n/a	n/a		1	2
4	4.35	yat	yat	nominal	yat	yad	nominal	LEMMA_CONVENTION	no	yes	pronoun-stem	1	1
4	4.35	jñātvā	√jñā	unknown	jñātvā	jñā	verb	POS_DIVERGE	yes	no		1	1
4	4.35	na	na	indecl	na	na	indecl	MATCH	yes	yes		1	1
4	4.35	punaḥ	punaḥ	indecl	punar	punar	indecl	LEMMA_DIVERGE	no	yes		1	1
4	4.35	moham	moha	nominal	moham	moha	nominal	MATCH	yes	yes		1	1
4	4.35	evam	evam	indecl	evam	evam	indecl	MATCH	yes	yes		1	1
4	4.35	yāsyasi	√yā	verb	yāsyasi	yā	verb	MATCH	yes	yes		1	1
4	4.35	pāṇḍava	pāṇḍava	nominal	pāṇḍava	pāṇḍava	nominal	MATCH	yes	yes		1	1
4	4.35	yena	yat	nominal	yena	yad	nominal	LEMMA_CONVENTION	no	yes	pronoun-stem	1	1
4	4.35	bhūtāni	bhūta	nominal	bhūtāni	bhūta	nominal	MATCH	yes	yes		1	1
4	4.35	aśeṣeṇa	aśeṣeṇa	indecl	aśeṣeṇa	aśeṣa	indecl	LEMMA_DIVERGE	no	yes		1	1
4	4.35	drakṣyasi	√dṛś	verb	drakṣyasi	dṛś	verb	MATCH	yes	yes		1	1
4	4.35	ātmani	ātman	nominal	ātmani	ātman	nominal	MATCH	yes	yes		1	1
4	4.35	atho	atho	indecl	atha	atha	indecl	LEMMA_CONVENTION	no	yes	vowel-sandhi/contraction	1	1
4	4.35	mayi	asmat	nominal	u|mayi	u|mad	indecl|nominal	COMPOUND_SPLIT	n/a	n/a		1	2
4	4.36	api	api	indecl	api	api	indecl	MATCH	yes	yes		1	1
4	4.36	cet	cet	indecl	ced	ced	indecl	LEMMA_CONVENTION	no	yes	final-t/d+n	1	1
4	4.36	asi	√as	verb	asi	as	verb	MATCH	yes	yes		1	1
4	4.36	pāpebhyaḥ	pāpa	nominal	pāpebhyaḥ	pāpa	indecl	POS_DIVERGE	yes	no		1	1
4	4.36	sarvebhyaḥ	sarva	nominal	sarvebhyaḥ	sarva	nominal	MATCH	yes	yes		1	1
4	4.36	pāpa-kṛttamaḥ	pāpa-kṛttama	nominal	pāpa|kṛttamaḥ	pāpa|kṛttama	nominal|indecl	COMPOUND_SPLIT	n/a	n/a		1	2
4	4.36	sarvam	sarva	nominal	sarvaṃ	sarva	nominal	MATCH	yes	yes		1	1
4	4.36	jñāna-plavena	jñāna-plava	nominal	jñāna|plavena	jñāna|plava	nominal|nominal	COMPOUND_SPLIT	n/a	n/a		1	2
4	4.36	eva	eva	indecl	eva	eva	indecl	MATCH	yes	yes		1	1
4	4.36	vṛjinam	vṛjina	nominal	vṛjinaṃ	vṛjina	nominal	MATCH	yes	yes		1	1
4	4.36	saṁtariṣyasi	sam-√tṝ	verb	saṃtariṣyasi	saṃtṛ	verb	LEMMA_DIVERGE	no	yes		1	1
4	4.37	yathā	yathā	indecl	yathā	yathā	indecl	MATCH	yes	yes		1	1
4	4.37	edhāṁsi	edhas	nominal	edhāṃsi	edhas	nominal	MATCH	yes	yes		1	1
4	4.37	samiddhaḥ	samiddha	nominal	samiddho	samindh	verb	LEMMA+POS_DIVERGE	no	no		1	1
4	4.37	agniḥ	agni	nominal	agniḥ	agni	nominal	MATCH	yes	yes		1	1
4	4.37	bhasmasāt	bhasmasāt	indecl	bhasmasāt	bhasmasāt	indecl	MATCH	yes	yes		1	1
4	4.37	kurute	kṛ	verb	kurute	kṛ	verb	MATCH	yes	yes		1	1
4	4.37	arjuna	arjuna	nominal	'rjuna	arjuna	nominal	MATCH	yes	yes		1	1
4	4.37	jñānāgniḥ	jñāna-agni	nominal	jñāna|agniḥ	jñāna|agni	nominal|nominal	COMPOUND_SPLIT	n/a	n/a		1	2
4	4.37	sarva-karmāṇi	sarva-karman	nominal	sarva|karmāṇi	sarva|karman	nominal|nominal	COMPOUND_SPLIT	n/a	n/a		1	2
4	4.37	bhasmasāt	bhasmasāt	indecl	bhasmasāt	bhasmasāt	indecl	MATCH	yes	yes		1	1
4	4.37	kurute	kṛ	verb	kurute	kṛ	verb	MATCH	yes	yes		1	1
4	4.37	tathā	tathā	indecl	tathā	tathā	indecl	MATCH	yes	yes		1	1
4	4.38	na	na	indecl	na	na	indecl	MATCH	yes	yes		1	1
4	4.38	hi	hi	indecl	hi	hi	indecl	MATCH	yes	yes		1	1
4	4.38	jñānena	jñāna	nominal	jñānena	jñāna	nominal	MATCH	yes	yes		1	1
4	4.38	sadṛśam	sa-dṛśa	nominal	sadṛśaṃ	sadṛśa	indecl	POS_DIVERGE	yes	no		1	1
4	4.38	pavitram	pavitra	nominal	pavitram	pavitra	nominal	MATCH	yes	yes		1	1
4	4.38	iha	iha	indecl	iha	iha	indecl	MATCH	yes	yes		1	1
4	4.38	vidyate	√vid	verb	vidyate	vid	verb	MATCH	yes	yes		1	1
4	4.38	tat	tat	nominal	tat	tad	nominal	LEMMA_CONVENTION	no	yes	pronoun-stem	1	1
4	4.38	svayam	svayam	indecl	svayam	svayam	indecl	MATCH	yes	yes		1	1
4	4.38	yoga-saṁsiddhaḥ	yoga-saṁsiddha	nominal	yoga|saṃsiddhaḥ	yoga|saṃsidh	nominal|verb	COMPOUND_SPLIT	n/a	n/a		1	2
4	4.38	kālena	kāla	nominal	kālena	kāla	nominal	MATCH	yes	yes		1	1
4	4.38	ātmani	ātman	nominal	ātmani	ātman	nominal	MATCH	yes	yes		1	1
4	4.38	vindati	√vid	verb	vindati	vid	verb	MATCH	yes	yes		1	1
4	4.39	śraddhā-vān	śraddhā-vant	nominal	śraddhāvān	śraddhāvat	indecl	LEMMA_CONVENTION+POS_DIVERGE	no	no	final-t/d+n	1	1
4	4.39	labhate	√labh	verb	labhate	labh	verb	MATCH	yes	yes		1	1
4	4.39	jñānam	jñāna	nominal	jñānaṃ	jñāna	nominal	MATCH	yes	yes		1	1
4	4.39	tat-paraḥ	tat-para	nominal	tad	tad	nominal	LEMMA_DIVERGE	no	yes		1	1
4					paraḥ	para	nominal	GOLD_ONLY				0	1
4	4.39	saṁyatendriyaḥ	saṁyata-indriya	nominal	saṃyata|indriyaḥ	saṃyam|indriya	verb|nominal	COMPOUND_SPLIT	n/a	n/a		1	2
4	4.39	jñānam	jñāna	nominal	jñānaṃ	jñāna	nominal	MATCH	yes	yes		1	1
4	4.39	labdhvā	√labh	unknown	labdhvā	labh	verb	POS_DIVERGE	yes	no		1	1
4	4.39	parām	para	nominal	parāṃ	para	nominal	MATCH	yes	yes		1	1
4	4.39	śāntim	śānti	nominal	śāntim	śānti	nominal	MATCH	yes	yes		1	1
4	4.39	a-cireṇa	a-cireṇa	indecl	acireṇa	acireṇa	indecl	MATCH	yes	yes		1	1
4	4.39	adhigacchati	adhi-√gam	verb	adhigacchati	adhigam	verb	MATCH	yes	yes		1	1
4	4.40	ajñaḥ	a-jña	nominal	a|jñaḥ	a|jña	indecl|indecl	COMPOUND_SPLIT	n/a	n/a		1	2
4	4.40	ca	ca	indecl	ca	ca	indecl	MATCH	yes	yes		1	1
4	4.40	aśraddadhānaḥ	a-śrad-dadhāna	nominal	a|śraddadhānaḥ	a|śraddhā	indecl|verb	COMPOUND_SPLIT	n/a	n/a		1	2
4	4.40	ca	ca	indecl	ca	ca	indecl	MATCH	yes	yes		1	1
4	4.40	saṁśayātmā	saṁśaya-ātman	nominal	saṃśaya|ātmā	saṃśaya|ātman	nominal|nominal	COMPOUND_SPLIT	n/a	n/a		1	2
4	4.40	vinaśyati	vi-√naś	verb	vinaśyati	vinaś	verb	MATCH	yes	yes		1	1
4	4.40	na	na	indecl	na	na	indecl	MATCH	yes	yes		1	1
4	4.40	ayaṁ	idam	nominal	ayam	idam	nominal	MATCH	yes	yes		1	1
4	4.40	lokaḥ	loka	nominal	loko	loka	nominal	MATCH	yes	yes		1	1
4	4.40	asti	√as	verb	'sti	as	verb	MATCH	yes	yes		1	1
4	4.40	na	na	indecl	na	na	indecl	MATCH	yes	yes		1	1
4	4.40	paraḥ	para	nominal	paro	para	nominal	MATCH	yes	yes		1	1
4	4.40	na	na	indecl	na	na	indecl	MATCH	yes	yes		1	1
4	4.40	sukham	sukha	nominal	sukhaṃ	sukha	nominal	MATCH	yes	yes		1	1
4	4.40	saṁśayātmanaḥ	saṁśaya-ātman	nominal	saṃśaya|ātmanaḥ	saṃśaya|ātman	nominal|nominal	COMPOUND_SPLIT	n/a	n/a		1	2
4	4.41	yoga-saṁnyasta-karmāṇam	yoga-saṁnyasta-karman	nominal	yoga|saṃnyasta|karmāṇam	yoga|saṃnyas|karman	nominal|verb|nominal	COMPOUND_SPLIT	n/a	n/a		1	3
4	4.41	jñāna-saṁchinna-saṁśayam	jñāna-saṁchinna-saṁśaya	nominal	jñāna|saṃchinna|saṃśayam	jñāna|saṃchid|saṃśaya	nominal|verb|nominal	COMPOUND_SPLIT	n/a	n/a		1	3
4	4.41	ātmavantam	ātmavant	nominal	ātmavantaṃ	ātmavat	indecl	LEMMA_CONVENTION+POS_DIVERGE	no	no	final-t/d+n	1	1
4	4.41	na	na	indecl	na	na	indecl	MATCH	yes	yes		1	1
4	4.41	karmāṇi	karman	nominal	karmāṇi	karman	nominal	MATCH	yes	yes		1	1
4	4.41	nibadhnanti	ni-√bandh	verb	nibadhnanti	nibandh	verb	MATCH	yes	yes		1	1
4	4.41	dhanaṁjaya	dhanaṁ-jaya	nominal	dhanaṃjaya	dhanaṃjaya	nominal	MATCH	yes	yes		1	1
4	4.42	tasmāt	tasmāt	indecl	tasmāt	tasmāt	indecl	MATCH	yes	yes		1	1
4	4.42	ajñāna-saṁbhūtam	ajñāna-saṁbhūta	nominal	ajñāna	ajñāna	nominal	LEMMA_DIVERGE	no	yes		1	1
4	4.42	hṛt-stham	hṛt-stha	nominal	sambhūtam	sambhū	verb	LEMMA+POS_DIVERGE	no	no		1	1
4	4.42	jñānāsinā	jñānāsi	nominal	hṛd	hṛd	nominal	LEMMA_DIVERGE	no	yes		1	1
4	4.42	ātmanaḥ	ātman	nominal	stham	stha	indecl	LEMMA+POS_DIVERGE	no	no		1	1
4	4.42	chittvā	√chid	unknown	jñāna	jñāna	nominal	LEMMA+POS_DIVERGE	no	no		1	1
4	4.42	enam	etat	nominal	asinā	asi	nominal	LEMMA_DIVERGE	no	yes		1	1
4	4.42	saṁśayam	saṁśaya	nominal	ātmanaḥ	ātman	nominal	LEMMA_DIVERGE	no	yes		1	1
4	4.42	yogam	yoga	nominal	chittvā	chid	verb	LEMMA+POS_DIVERGE	no	no		1	1
4	4.42	ātiṣṭha	ā-√sthā	verb	enam	enad	nominal	LEMMA+POS_DIVERGE	no	no		1	1
4	4.42	uttiṣṭha	ut-√sthā	verb	saṃśayaṃ	saṃśaya	nominal	LEMMA+POS_DIVERGE	no	no		1	1
4	4.42	bhārata	bhārata	nominal	yogam	yoga	nominal	LEMMA_DIVERGE	no	yes		1	1
4					ātiṣṭha|uttiṣṭha|bhārata	āsthā|utthā|bhārata	verb|verb|nominal	GOLD_ONLY				0	3
5	5.01	arjunaḥ	arjuna	nominal	arjuna	arjuna	nominal	MATCH	yes	yes		1	1
5	5.01	uvāca	√vac	verb	uvāca	vac	verb	MATCH	yes	yes		1	1
5	5.01	saṁnyāsam	saṁnyāsa	nominal	saṃnyāsaṃ	saṃnyāsa	nominal	MATCH	yes	yes		1	1
5	5.01	karmaṇām	karman	nominal	karmaṇāṃ	karman	nominal	MATCH	yes	yes		1	1
5	5.01	kṛṣṇa	kṛṣṇa	nominal	kṛṣṇa	kṛṣṇa	nominal	MATCH	yes	yes		1	1
5	5.01	punaḥ	punaḥ	indecl	punar	punar	indecl	LEMMA_DIVERGE	no	yes		1	1
5	5.01	yogam	yoga	nominal	yogam	yoga	nominal	MATCH	yes	yes		1	1
5	5.01	ca	ca	indecl	ca	ca	indecl	MATCH	yes	yes		1	1
5	5.01	śaṁsasi	√śaṁs	verb	śaṃsasi	śaṃs	verb	MATCH	yes	yes		1	1
5	5.01	yat	yat	nominal	yat	yad	nominal	LEMMA_CONVENTION	no	yes	pronoun-stem	1	1
5	5.01	śreyaḥ	śreyas	nominal	śreyaḥ	śreyas	indecl	POS_DIVERGE	yes	no		1	1
5	5.01	etayoḥ	etat	nominal	etayoḥ	etad	nominal	LEMMA_CONVENTION	no	yes	pronoun-stem	1	1
5	5.01	ekam	eka	nominal	ekam	eka	indecl	POS_DIVERGE	yes	no		1	1
5	5.01	tat	tat	nominal	tat	tad	nominal	LEMMA_CONVENTION	no	yes	pronoun-stem	1	1
5	5.01	me	asmat	nominal	me	mad	nominal	LEMMA_CONVENTION	no	yes	pronoun-stem	1	1
5	5.01	brūhi	√brū	verb	brūhi	brū	verb	MATCH	yes	yes		1	1
5	5.01	suniścitam	su-niścita	nominal	su|niścitam	su|niścitam	indecl|indecl	COMPOUND_SPLIT	n/a	n/a		1	2
5	5.02	śrī-bhagavān	śrī-bhagavant	nominal	śrī|bhagavān	śrī|bhagavant	nominal|nominal	COMPOUND_SPLIT	n/a	n/a		1	2
5	5.02	uvāca	√vac	verb	uvāca	vac	verb	MATCH	yes	yes		1	1
5	5.02	saṁnyāsaḥ	saṁnyāsa	nominal	saṃnyāsaḥ	saṃnyāsa	nominal	MATCH	yes	yes		1	1
5	5.02	karma-yogaḥ	karma-yoga	nominal	karma|yogaḥ	karman|yoga	nominal|nominal	COMPOUND_SPLIT	n/a	n/a		1	2
5	5.02	ca	ca	indecl	ca	ca	indecl	MATCH	yes	yes		1	1
5	5.02	niḥśreyasa-karau	niḥśreyasa-kara	nominal	niḥśreyasa|karau	niḥśreyasa|kara	nominal|indecl	COMPOUND_SPLIT	n/a	n/a		1	2
5	5.02	ubhau	ubha	nominal	ubhau	ubh	nominal	LEMMA_CONVENTION	no	yes	vowel-sandhi/contraction	1	1
5	5.02	tayoḥ	tat	nominal	tayoḥ	tad	nominal	LEMMA_CONVENTION	no	yes	pronoun-stem	1	1
5	5.02	tu	tu	indecl	tu	tu	indecl	MATCH	yes	yes		1	1
5	5.02	karma-saṁnyāsāt	karma-saṁnyāsa	nominal	karma|saṃnyāsāt	karman|saṃnyāsa	nominal|nominal	COMPOUND_SPLIT	n/a	n/a		1	2
5	5.02	karma-yogaḥ	karma-yoga	nominal	karma|yogaḥ	karman|yoga	nominal|nominal	COMPOUND_SPLIT	n/a	n/a		1	2
5	5.02	viśiṣyate	vi-√śiṣ	verb	viśiṣyate	viśiṣ	verb	MATCH	yes	yes		1	1
5	5.03	jñeyaḥ	jñeya	nominal	jñeyaḥ	jñā	verb	LEMMA+POS_DIVERGE	no	no		1	1
5	5.03	saḥ	tat	nominal	sa	tad	nominal	LEMMA_CONVENTION	no	yes	pronoun-stem	1	1
5	5.03	nitya-saṁnyāsī	nitya-saṁnyāsin	nominal	nitya|saṃnyāsī	nitya|saṃnyāsin	indecl|indecl	COMPOUND_SPLIT	n/a	n/a		1	2
5	5.03	yaḥ|na	yat|na	nominal|indecl	yo|na	yad|na	nominal|indecl	RESEGMENTED	n/a	n/a		2	2
5	5.03	dveṣṭi	√dviṣ	verb	dveṣṭi	dviṣ	verb	MATCH	yes	yes		1	1
5	5.03	na	na	indecl	na	na	indecl	MATCH	yes	yes		1	1
5	5.03	kāṅkṣati	√kāṅkṣ	verb	kāṅkṣati	kāṅkṣ	verb	MATCH	yes	yes		1	1
5	5.03	nirdvaṁdvaḥ	nir-dvaṁdva	nominal	nirdvaṃdvo	nirdvaṃdva	indecl	POS_DIVERGE	yes	no		1	1
5	5.03	hi	hi	indecl	hi	hi	indecl	MATCH	yes	yes		1	1
5	5.03	mahābāho	mahā-bāhu	nominal	mahā|bāho	mahat|bāhu	indecl|nominal	COMPOUND_SPLIT	n/a	n/a		1	2
5	5.03	sukham	sukham	indecl	sukhaṃ	sukham	indecl	MATCH	yes	yes		1	1
5	5.03	bandhāt	bandha	nominal	bandhāt	bandha	nominal	MATCH	yes	yes		1	1
5	5.03	pramucyate	pra-√muc	verb	pramucyate	pramuc	verb	MATCH	yes	yes		1	1
5	5.04	sāṁkhya-yogau	sāṁkhya-yoga	nominal	sāṃkhya|yogau	sāṃkhya|yoga	nominal|nominal	COMPOUND_SPLIT	n/a	n/a		1	2
5	5.04	pṛthak	pṛthak	indecl	pṛthak	pṛthak	indecl	MATCH	yes	yes		1	1
5	5.04	bālāḥ	bāla	nominal	bālāḥ	bāla	nominal	MATCH	yes	yes		1	1
5	5.04	pravadanti	pra-√vad	verb	pravadanti	pravad	verb	MATCH	yes	yes		1	1
5	5.04	na	na	indecl	na	na	indecl	MATCH	yes	yes		1	1
5	5.04	paṇḍitāḥ	paṇḍita	nominal	paṇḍitāḥ	paṇḍita	nominal	MATCH	yes	yes		1	1
5	5.04	ekam	eka	nominal	ekam	eka	indecl	POS_DIVERGE	yes	no		1	1
5	5.04	api	api	indecl	api	api	indecl	MATCH	yes	yes		1	1
5	5.04	āsthitaḥ	ā-sthita	nominal	āsthitaḥ	āsthā	verb	LEMMA+POS_DIVERGE	no	no		1	1
5	5.04	samyak	samyak	indecl	samyak	samyak	indecl	MATCH	yes	yes		1	1
5	5.04	ubhayoḥ	ubha	nominal	ubhayoḥ	ubhaya	indecl	LEMMA+POS_DIVERGE	no	no		1	1
5	5.04	vindate	√vid	verb	vindate	vid	verb	MATCH	yes	yes		1	1
5	5.04	phalam	phala	nominal	phalam	phala	nominal	MATCH	yes	yes		1	1
5	5.05	yat	yat	nominal	yat	yad	nominal	LEMMA_CONVENTION	no	yes	pronoun-stem	1	1
5	5.05	sāṁkhyaiḥ	sāṁkhya	nominal	sāṃkhyaiḥ	sāṃkhya	nominal	MATCH	yes	yes		1	1
5	5.05	prāpyate	pra-√āp	verb	prāpyate	prāp	verb	LEMMA_CONVENTION	no	yes	vowel-sandhi/contraction	1	1
5	5.05	sthānam	sthāna	nominal	sthānaṃ	sthāna	nominal	MATCH	yes	yes		1	1
5	5.05	tat	tat	nominal	tat	tad	nominal	LEMMA_CONVENTION	no	yes	pronoun-stem	1	1
5	5.05	yogaiḥ	yoga	nominal	yogaiḥ	yoga	nominal	MATCH	yes	yes		1	1
5	5.05	api	api	indecl	api	api	indecl	MATCH	yes	yes		1	1
5	5.05	gamyate	√gam	verb	gamyate	gam	verb	MATCH	yes	yes		1	1
5	5.05	ekam	eka	nominal	ekaṃ	eka	indecl	POS_DIVERGE	yes	no		1	1
5	5.05	sāṁkhyam	sāṁkhya	nominal	sāṃkhyaṃ	sāṃkhya	nominal	MATCH	yes	yes		1	1
5	5.05	ca	ca	indecl	ca	ca	indecl	MATCH	yes	yes		1	1
5	5.05	yogam	yoga	nominal	yogaṃ	yoga	nominal	MATCH	yes	yes		1	1
5	5.05	ca	ca	indecl	ca	ca	indecl	MATCH	yes	yes		1	1
5	5.05	yaḥ	yat	nominal	yaḥ	yad	nominal	LEMMA_CONVENTION	no	yes	pronoun-stem	1	1
5	5.05	paśyati	√dṛś	verb	paśyati	dṛś	verb	MATCH	yes	yes		1	1
5	5.05	saḥ	tat	nominal	sa	tad	nominal	LEMMA_CONVENTION	no	yes	pronoun-stem	1	1
5	5.05	paśyati	√dṛś	verb	paśyati	dṛś	verb	MATCH	yes	yes		1	1
5	5.06	saṁnyāsaḥ	saṁnyāsa	nominal	saṃnyāsaḥ	saṃnyāsa	nominal	MATCH	yes	yes		1	1
5	5.06	tu	tu	indecl	tu	tu	indecl	MATCH	yes	yes		1	1
5	5.06	mahābāho	mahā-bāhu	nominal	mahā|bāho	mahat|bāhu	indecl|nominal	COMPOUND_SPLIT	n/a	n/a		1	2
5	5.06	duḥkham	duḥkham	indecl	duḥkham	duḥkham	indecl	MATCH	yes	yes		1	1
5	5.06	āptum	√āp	unknown	āptum	āp	verb	POS_DIVERGE	yes	no		1	1
5	5.06	a-yogataḥ	a-yogataḥ	indecl	a|yogataḥ	a|yoga	indecl|nominal	COMPOUND_SPLIT	n/a	n/a		1	2
5	5.06	yoga-yuktaḥ	yoga-yukta	nominal	yoga|yuktaḥ	yoga|yuj	nominal|verb	COMPOUND_SPLIT	n/a	n/a		1	2
5	5.06	muniḥ	muni	nominal	muniḥ	muni	nominal	MATCH	yes	yes		1	1
5	5.06	brahma	brahman	nominal	brahma	brahman	nominal	MATCH	yes	yes		1	1
5	5.06	na-cireṇa	na-cireṇa	indecl	nacireṇa	nacireṇa	indecl	MATCH	yes	yes		1	1
5	5.06	adhigacchati	adhi-√gam	verb	adhigacchati	adhigam	verb	MATCH	yes	yes		1	1
5	5.07	yoga-yuktaḥ	yoga-yukta	nominal	yoga|yuktaḥ	yoga|yuj	nominal|verb	COMPOUND_SPLIT	n/a	n/a		1	2
5	5.07	viśuddhātmā	viśuddha-ātman	nominal	viśuddha|ātmā	viśudh|ātman	verb|nominal	COMPOUND_SPLIT	n/a	n/a		1	2
5	5.07	vijitātmā	vijita-ātman	nominal	vijita|ātmā	viji|ātman	verb|nominal	COMPOUND_SPLIT	n/a	n/a		1	2
5	5.07	jitendriyaḥ	jita-indriya	nominal	jita|indriyaḥ	ji|indriya	verb|nominal	COMPOUND_SPLIT	n/a	n/a		1	2
5	5.07	sarva-bhūtātma-bhūtātmā	sarva-bhūta-ātma-bhūta-ātman	nominal	sarva|bhūta|ātma|bhūta|ātmā	sarva|bhūta|ātman|bhū|ātman	nominal|nominal|nominal|verb|nominal	COMPOUND_SPLIT	n/a	n/a		1	5
5	5.07	kurvan	kurvant	nominal	kurvan	kṛ	verb	LEMMA+POS_DIVERGE	no	no		1	1
5	5.07	api	api	indecl	api	api	indecl	MATCH	yes	yes		1	1
5	5.07	na	na	indecl	na	na	indecl	MATCH	yes	yes		1	1
5	5.07	lipyate	√lip	verb	lipyate	lip	verb	MATCH	yes	yes		1	1
5	5.08	na	na	indecl	na	na	indecl	MATCH	yes	yes		1	1
5	5.08	eva	eva	indecl	eva	eva	indecl	MATCH	yes	yes		1	1
5	5.08	kiṁ-cit	kiṁ-cit	nominal	kiṃcid	kaścit	nominal	LEMMA_DIVERGE	no	yes		1	1
5	5.08	karomi	√kṛ	verb	karomi	kṛ	verb	MATCH	yes	yes		1	1
5	5.08	iti	iti	indecl	iti	iti	indecl	MATCH	yes	yes		1	1
5	5.08	yuktaḥ	yukta	nominal	yukto	yuj	verb	LEMMA+POS_DIVERGE	no	no		1	1
5	5.08	manyeta	√man	verb	manyeta	man	verb	MATCH	yes	yes		1	1
5	5.08	tattva-vit	tattva-vit	nominal	tattva	tattva	nominal	LEMMA_DIVERGE	no	yes		1	1
5					vid	vid	indecl	GOLD_ONLY				0	1
5	5.08	paśyan	paśyant	nominal	paśyan	dṛś	verb	LEMMA+POS_DIVERGE	no	no		1	1
5	5.08	śṛṇvan	śṛṇvant	nominal	śṛṇvan	śru	verb	LEMMA+POS_DIVERGE	no	no		1	1
5	5.08	spṛśan	spṛśant	nominal	spṛśan	spṛś	verb	LEMMA+POS_DIVERGE	no	no		1	1
5	5.08	jighran	jighrant	nominal	jighran	ghrā	verb	LEMMA+POS_DIVERGE	no	no		1	1
5	5.08	aśnan	aśnant	nominal	aśnan	aś	verb	LEMMA+POS_DIVERGE	no	no		1	1
5	5.08	gacchan	gacchant	nominal	gacchan	gam	verb	LEMMA+POS_DIVERGE	no	no		1	1
5	5.08	svapan	svapant	nominal	svapan	svap	verb	LEMMA+POS_DIVERGE	no	no		1	1
5	5.08	śvasan	śvasant	nominal	śvasan	śvas	verb	LEMMA+POS_DIVERGE	no	no		1	1
5	5.09	pralapan	pra-lapant	nominal	pralapan	pralap	verb	LEMMA+POS_DIVERGE	no	no		1	1
5	5.09	visṛjan	visṛjant	nominal	visṛjan	visṛj	verb	LEMMA+POS_DIVERGE	no	no		1	1
5	5.09	gṛhṇan	gṛhṇant	nominal	gṛhṇan	grah	verb	LEMMA+POS_DIVERGE	no	no		1	1
5	5.09	unmiṣan	un-miṣant	nominal	unmiṣan	unmiṣ	verb	LEMMA+POS_DIVERGE	no	no		1	1
5	5.09	nimiṣan	ni-miṣant	nominal	nimiṣan	nimiṣ	verb	LEMMA+POS_DIVERGE	no	no		1	1
5	5.09	api	api	indecl	api	api	indecl	MATCH	yes	yes		1	1
5	5.09	indriyāṇi	indriya	nominal	indriyāṇi	indriya	nominal	MATCH	yes	yes		1	1
5	5.09	indriyārtheṣu	indriya-artha	nominal	indriya|artheṣu	indriya|artha	nominal|nominal	COMPOUND_SPLIT	n/a	n/a		1	2
5	5.09	vartante	√vṛt	verb	vartanta	vṛt	verb	MATCH	yes	yes		1	1
5	5.09	iti	iti	indecl	iti	iti	indecl	MATCH	yes	yes		1	1
5	5.09	dhārayan	dhārayant	nominal	dhārayan	dhāray	verb	LEMMA+POS_DIVERGE	no	no		1	1
5	5.10	brahmaṇi	brahman	nominal	brahmaṇi	brahman	nominal	MATCH	yes	yes		1	1
5	5.10	ādhāya	ā-√dhā	unknown	ādhāya	ādhā	verb	POS_DIVERGE	yes	no		1	1
5	5.10	karmāṇi	karman	nominal	karmāṇi	karman	nominal	MATCH	yes	yes		1	1
5	5.10	saṅgam	saṅga	nominal	saṅgaṃ	saṅga	nominal	MATCH	yes	yes		1	1
5	5.10	tyaktvā	√tyaj	unknown	tyaktvā	tyaj	verb	POS_DIVERGE	yes	no		1	1
5	5.10	karoti	√kṛ	verb	karoti	kṛ	verb	MATCH	yes	yes		1	1
5	5.10	yaḥ	yat	nominal	yaḥ	yad	nominal	LEMMA_CONVENTION	no	yes	pronoun-stem	1	1
5	5.10	lipyate	√lip	verb	lipyate	lip	verb	MATCH	yes	yes		1	1
5	5.10	na	na	indecl	na	na	indecl	MATCH	yes	yes		1	1
5	5.10	saḥ	tat	nominal	sa	tad	nominal	LEMMA_CONVENTION	no	yes	pronoun-stem	1	1
5	5.10	pāpena	pāpa	nominal	pāpena	pāpa	nominal	MATCH	yes	yes		1	1
5	5.10	padma-patram	padma-patra	nominal	padma|patram	padma|pattra	nominal|nominal	COMPOUND_SPLIT	n/a	n/a		1	2
5	5.10	iva	iva	indecl	iva	iva	indecl	MATCH	yes	yes		1	1
5	5.10	ambhasā	ambhas	nominal	ambhasā	ambhas	nominal	MATCH	yes	yes		1	1
5	5.11	kāyena	kāya	nominal	kāyena	kāya	nominal	MATCH	yes	yes		1	1
5	5.11	manasā	manas	nominal	manasā	manas	nominal	MATCH	yes	yes		1	1
5	5.11	buddhyā	buddhi	nominal	buddhyā	buddhi	nominal	MATCH	yes	yes		1	1
5	5.11	kevalaiḥ	kevala	nominal	kevalaiḥ	kevala	indecl	POS_DIVERGE	yes	no		1	1
5	5.11	indriyaiḥ	indriya	nominal	indriyaiḥ	indriya	nominal	MATCH	yes	yes		1	1
5	5.11	api	api	indecl	api	api	indecl	MATCH	yes	yes		1	1
5	5.11	yoginaḥ	yogin	nominal	yoginaḥ	yogin	nominal	MATCH	yes	yes		1	1
5	5.11	karma	karman	nominal	karma	karman	nominal	MATCH	yes	yes		1	1
5	5.11	kurvanti	√kṛ	verb	kurvanti	kṛ	verb	MATCH	yes	yes		1	1
5	5.11	saṅgam	saṅga	nominal	saṅgaṃ	saṅga	nominal	MATCH	yes	yes		1	1
5	5.11	tyaktvā	√tyaj	unknown	tyaktvā	tyaj	verb	POS_DIVERGE	yes	no		1	1
5	5.11	ātma-śuddhaye	ātma-śuddhi	nominal	ātma|śuddhaye	ātman|śuddhi	nominal|nominal	COMPOUND_SPLIT	n/a	n/a		1	2
5	5.12	yuktaḥ	yukta	nominal	yuktaḥ	yuj	verb	LEMMA+POS_DIVERGE	no	no		1	1
5	5.12	karma-phalam	karma-phala	nominal	karma|phalam	karman|phala	nominal|nominal	COMPOUND_SPLIT	n/a	n/a		1	2
5	5.12	tyaktvā	√tyaj	unknown	tyaktvā	tyaj	verb	POS_DIVERGE	yes	no		1	1
5	5.12	śāntim	śānti	nominal	śāntim	śānti	nominal	MATCH	yes	yes		1	1
5	5.12	āpnoti	√āp	verb	āpnoti	āp	verb	MATCH	yes	yes		1	1
5	5.12	naiṣṭhikīm	naiṣṭhikī	nominal	naiṣṭhikīm	naiṣṭhika	indecl	LEMMA_CONVENTION+POS_DIVERGE	no	no	vowel-sandhi/contraction	1	1
5	5.12	ayuktaḥ	a-yukta	nominal	a|yuktaḥ	a|yuj	indecl|verb	COMPOUND_SPLIT	n/a	n/a		1	2
5	5.12	kāma-kāreṇa	kāma-kāra	nominal	kāmakāreṇa	kāmakāra	nominal	MATCH	yes	yes		1	1
5	5.12	phale	phala	nominal	phale	phala	nominal	MATCH	yes	yes		1	1
5	5.12	saktaḥ	sakta	nominal	sakto	sañj	verb	LEMMA+POS_DIVERGE	no	no		1	1
5	5.12	nibadhyate	ni-√bandh	verb	nibadhyate	nibandh	verb	MATCH	yes	yes		1	1
5	5.13	sarva-karmāṇi	sarva-karman	nominal	sarva|karmāṇi	sarva|karman	nominal|nominal	COMPOUND_SPLIT	n/a	n/a		1	2
5	5.13	manasā	manas	nominal	manasā	manas	nominal	MATCH	yes	yes		1	1
5	5.13	saṁnyasya	sam-ni-√as	unknown	saṃnyasya	saṃnyas	verb	LEMMA+POS_DIVERGE	no	no		1	1
5	5.13	āste	√ās	verb	āste	ās	verb	MATCH	yes	yes		1	1
5	5.13	sukham	sukham	indecl	sukhaṃ	sukham	indecl	MATCH	yes	yes		1	1
5	5.13	vaśī	vaśin	nominal	vaśī	vaśin	indecl	POS_DIVERGE	yes	no		1	1
5	5.13	nava-dvāre	nava-dvāra	nominal	nava|dvāre	navan|dvāra	indecl|nominal	COMPOUND_SPLIT	n/a	n/a		1	2
5	5.13	pure	pura	nominal	pure	pura	nominal	MATCH	yes	yes		1	1
5	5.13	dehī	dehin	nominal	dehī	dehin	nominal	MATCH	yes	yes		1	1
5	5.13	na	na	indecl	na	na	indecl	MATCH	yes	yes		1	1
5	5.13	eva	eva	indecl	eva	eva	indecl	MATCH	yes	yes		1	1
5	5.13	kurvan	kurvant	nominal	kurvan	kṛ	verb	LEMMA+POS_DIVERGE	no	no		1	1
5	5.13	na	na	indecl	na	na	indecl	MATCH	yes	yes		1	1
5	5.13	kārayan	kārayant	nominal	kārayan	kāray	verb	LEMMA+POS_DIVERGE	no	no		1	1
5	5.14	na	na	indecl	na	na	indecl	MATCH	yes	yes		1	1
5	5.14	kartṛtvam	kartṛtva	nominal	kartṛ|tvam	kartṛ|tva	nominal|nominal	COMPOUND_SPLIT	n/a	n/a		1	2
5	5.14	na	na	indecl	na	na	indecl	MATCH	yes	yes		1	1
5	5.14	karmāṇi	karman	nominal	karmāṇi	karman	nominal	MATCH	yes	yes		1	1
5	5.14	lokasya	loka	nominal	lokasya	loka	nominal	MATCH	yes	yes		1	1
5	5.14	sṛjati	√sṛj	verb	sṛjati	sṛj	verb	MATCH	yes	yes		1	1
5	5.14	prabhuḥ	pra-bhu	nominal	prabhuḥ	prabhu	indecl	POS_DIVERGE	yes	no		1	1
5	5.14	na	na	indecl	na	na	indecl	MATCH	yes	yes		1	1
5	5.14	karma-phala-saṁyogam	karma-phala-saṁyoga	nominal	karma|phala|saṃyogam	karman|phala|saṃyoga	nominal|nominal|nominal	COMPOUND_SPLIT	n/a	n/a		1	3
5	5.14	sva-bhāvaḥ	sva-bhāva	nominal	svabhāvaḥ	svabhāva	nominal	MATCH	yes	yes		1	1
5	5.14	tu	tu	indecl	tu	tu	indecl	MATCH	yes	yes		1	1
5	5.14	pravartate	pra-√vṛt	verb	pravartate	pravṛt	verb	MATCH	yes	yes		1	1
5	5.15	na	na	indecl	na	na	indecl	MATCH	yes	yes		1	1
5	5.15	ādatte	ā-√dā	verb	ādatte	ādā	verb	MATCH	yes	yes		1	1
5	5.15	kasya-cit	kim-cit	nominal	kasyacid	kaścit	nominal	LEMMA_DIVERGE	no	yes		1	1
5	5.15	pāpam	pāpa	nominal	pāpam	pāpa	nominal	MATCH	yes	yes		1	1
5	5.15	na	na	indecl	na	na	indecl	MATCH	yes	yes		1	1
5	5.15	ca	ca	indecl	ca	ca	indecl	MATCH	yes	yes		1	1
5	5.15	eva	eva	indecl	eva	eva	indecl	MATCH	yes	yes		1	1
5	5.15	sukṛtam	sukṛta	nominal	sukṛtaṃ	sukṛta	nominal	MATCH	yes	yes		1	1
5	5.15	vibhuḥ	vi-bhu	nominal	vibhuḥ	vibhu	indecl	POS_DIVERGE	yes	no		1	1
5	5.15	ajñānena	a-jñāna	nominal	ajñānena	ajñāna	nominal	MATCH	yes	yes		1	1
5	5.15	āvṛtam	ā-vṛta	nominal	āvṛtam	āvṛ	verb	LEMMA+POS_DIVERGE	no	no		1	1
5	5.15	jñānam	jñāna	nominal	jñānaṃ	jñāna	nominal	MATCH	yes	yes		1	1
5	5.15	tena	tat	nominal	tena	tena	indecl	LEMMA+POS_DIVERGE	no	no		1	1
5	5.15	muhyanti	√muh	verb	muhyanti	muh	verb	MATCH	yes	yes		1	1
5	5.15	jantavaḥ	jantu	nominal	jantavaḥ	jantu	nominal	MATCH	yes	yes		1	1
5	5.16	jñānena	jñāna	nominal	jñānena	jñāna	nominal	MATCH	yes	yes		1	1
5	5.16	tu	tu	indecl	tu	tu	indecl	MATCH	yes	yes		1	1
5	5.16	tat	tat	nominal	tat	tad	nominal	LEMMA_CONVENTION	no	yes	pronoun-stem	1	1
5	5.16	ajñānam	a-jñāna	nominal	ajñānam	ajñāna	nominal	MATCH	yes	yes		1	1
5	5.16	yeṣām	yat	nominal	yeṣāṃ	yad	nominal	LEMMA_CONVENTION	no	yes	pronoun-stem	1	1
5	5.16	nāśitam	nāśita	nominal	nāśitam	nāśay	verb	LEMMA+POS_DIVERGE	no	no		1	1
5	5.16	ātmanaḥ	ātman	nominal	ātmanaḥ	ātman	nominal	MATCH	yes	yes		1	1
5	5.16	teṣām	tat	nominal	teṣām	tad	nominal	LEMMA_CONVENTION	no	yes	pronoun-stem	1	1
5	5.16	āditya-vat	āditya-vat	indecl	āditya|vat	āditya|vat	nominal|indecl	COMPOUND_SPLIT	n/a	n/a		1	2
5	5.16	jñānam	jñāna	nominal	jñānam	jñāna	nominal	MATCH	yes	yes		1	1
5	5.16	prakāśayati	pra-√kāś	verb	prakāśayati	prakāśay	verb	LEMMA_DIVERGE	no	yes		1	1
5	5.16	tat	tat	nominal	tat	tad	nominal	LEMMA_CONVENTION	no	yes	pronoun-stem	1	1
5	5.16	param	para	nominal	param	para	nominal	MATCH	yes	yes		1	1
5	5.17	tad-buddhayaḥ	tad-buddhi	nominal	tad|buddhayaḥ	tad|buddhi	nominal|nominal	COMPOUND_SPLIT	n/a	n/a		1	2
5	5.17	tad-ātmānaḥ	tad-ātman	nominal	tad|ātmānaḥ	tad|ātman	nominal|nominal	COMPOUND_SPLIT	n/a	n/a		1	2
5	5.17	tan-niṣṭhāḥ	tad-niṣṭha	nominal	tad	tad	nominal	LEMMA_DIVERGE	no	yes		1	1
5	5.17	tat-parāyaṇāḥ	tad-parāyaṇa	nominal	niṣṭhāḥ	niṣṭhā	nominal	LEMMA_DIVERGE	no	yes		1	1
5	5.17	gacchanti	√gam	verb	tad	tad	nominal	LEMMA+POS_DIVERGE	no	no		1	1
5	5.17	apunar-āvṛttim	a-punar-āvṛtti	nominal	parāyaṇāḥ	parāyaṇa	nominal	LEMMA_DIVERGE	no	yes		1	1
5	5.17	jñāna-nirdhūta-kalmaṣāḥ	jñāna-nirdhūta-kalmaṣa	nominal	gacchanti	gam	verb	LEMMA+POS_DIVERGE	no	no		1	1
5	5.18	vidyā-vinaya-saṁpanne	vidyā-vinaya-saṁpanna	nominal	apunarāvṛttim	apunarāvṛtti	nominal	LEMMA_DIVERGE	no	yes		1	1
5	5.18	brāhmaṇe	brāhmaṇa	nominal	jñāna	jñāna	nominal	LEMMA_DIVERGE	no	yes		1	1
5	5.18	gavi	go	nominal	nirdhūta	nirdhū	verb	LEMMA+POS_DIVERGE	no	no		1	1
5	5.18	hastini	hastin	nominal	kalmaṣāḥ	kalmaṣa	nominal	LEMMA_DIVERGE	no	yes		1	1
5	5.18	śuni	śvan	nominal	vidyā	vidyā	nominal	LEMMA_DIVERGE	no	yes		1	1
5	5.18	ca	ca	indecl	vinaya	vinaya	nominal	LEMMA+POS_DIVERGE	no	no		1	1
5	5.18	eva	eva	indecl	sampanne	sampad	verb	LEMMA+POS_DIVERGE	no	no		1	1
5	5.18	śva-pāke	śva-pāka	nominal	brāhmaṇe	brāhmaṇa	nominal	LEMMA_DIVERGE	no	yes		1	1
5	5.18	ca	ca	indecl	gavi	go	nominal	LEMMA+POS_DIVERGE	no	no		1	1
5	5.18	paṇḍitāḥ	paṇḍita	nominal	hastini	hastin	nominal	LEMMA_DIVERGE	no	yes		1	1
5	5.18	sama-darśinaḥ	sama-darśin	nominal	śuni	śvan	nominal	LEMMA_DIVERGE	no	yes		1	1
5	5.19	iha	iha	indecl	ca	ca	indecl	LEMMA_DIVERGE	no	yes		1	1
5	5.19	eva	eva	indecl	eva	eva	indecl	MATCH	yes	yes		1	1
5	5.19	taiḥ	tat	nominal	śvapāke	śvapāka	nominal	LEMMA_DIVERGE	no	yes		1	1
5	5.19	jitaḥ	jita	nominal	ca	ca	indecl	LEMMA+POS_DIVERGE	no	no		1	1
5	5.19	sargaḥ	sarga	nominal	paṇḍitāḥ	paṇḍita	nominal	LEMMA_DIVERGE	no	yes		1	1
5	5.19	yeṣām	yat	nominal	sama	sama	nominal	LEMMA_DIVERGE	no	yes		1	1
5	5.19	sāmye	sāmya	nominal	darśinaḥ	darśin	indecl	LEMMA+POS_DIVERGE	no	no		1	1
5	5.19	sthitam	sthita	nominal	iha	iha	indecl	LEMMA+POS_DIVERGE	no	no		1	1
5	5.19	manaḥ	manas	nominal	eva	eva	indecl	LEMMA+POS_DIVERGE	no	no		1	1
5	5.19	nirdoṣam	nirdoṣa	nominal	taiḥ	tad	nominal	LEMMA_DIVERGE	no	yes		1	1
5	5.19	hi	hi	indecl	jitaḥ	ji	verb	LEMMA+POS_DIVERGE	no	no		1	1
5	5.19	samam	sama	nominal	sargo	sarga	nominal	LEMMA_DIVERGE	no	yes		1	1
5	5.19	brahma	brahman	nominal	yeṣāṃ	yad	nominal	LEMMA_DIVERGE	no	yes		1	1
5	5.19	tasmāt	tasmāt	indecl	sāmye	sāmya	nominal	LEMMA+POS_DIVERGE	no	no		1	1
5	5.19	brahmaṇi	brahman	nominal	sthitaṃ	sthā	verb	LEMMA+POS_DIVERGE	no	no		1	1
5	5.19	te	tat	nominal	manaḥ	manas	nominal	LEMMA_DIVERGE	no	yes		1	1
5	5.19	sthitāḥ	sthita	nominal	nirdoṣaṃ	nirdoṣa	indecl	LEMMA+POS_DIVERGE	no	no		1	1
5	5.20	na	na	indecl	hi	hi	indecl	LEMMA_DIVERGE	no	yes		1	1
5	5.20	prahṛṣyet	√hṛṣ	verb	samaṃ	sama	nominal	LEMMA+POS_DIVERGE	no	no		1	1
5	5.20	priyam	priya	nominal	brahma	brahman	nominal	LEMMA_DIVERGE	no	yes		1	1
5	5.20	prāpya	pra-√āp	unknown	tasmāt	tasmāt	indecl	LEMMA+POS_DIVERGE	no	no		1	1
5	5.20	na	na	indecl	brahmaṇi	brahman	nominal	LEMMA+POS_DIVERGE	no	no		1	1
5	5.20	udvijet	ud-√vij	verb	te	tad	nominal	LEMMA+POS_DIVERGE	no	no		1	1
5	5.20	prāpya	pra-√āp	unknown	sthitāḥ	sthā	verb	LEMMA+POS_DIVERGE	no	no		1	1
5	5.20	ca	ca	indecl	na	na	indecl	LEMMA_DIVERGE	no	yes		1	1
5					prahṛṣyet	prahṛṣ	verb	GOLD_ONLY				0	1
5	5.20	apriyam	a-priya	nominal	priyam	priya	indecl	LEMMA_CONVENTION+POS_DIVERGE	no	no	vowel-sandhi/contraction	1	1
5	5.20	sthira-buddhiḥ	sthira-buddhi	nominal	prāpya	prāp	verb	LEMMA+POS_DIVERGE	no	no		1	1
5	5.20	asaṁmūḍhaḥ	a-saṁ-mūḍha	nominal	na	na	indecl	LEMMA+POS_DIVERGE	no	no		1	1
5	5.20	brahma-vit	brahma-vit	nominal	udvijet	udvij	verb	LEMMA+POS_DIVERGE	no	no		1	1
5	5.20	brahmaṇi	brahman	nominal	prāpya	prāp	verb	LEMMA+POS_DIVERGE	no	no		1	1
5	5.20	sthitaḥ	sthita	nominal	ca	ca	indecl	LEMMA+POS_DIVERGE	no	no		1	1
5	5.21	bāhya-sparśeṣu	bāhya-sparśa	nominal	apriyam	apriya	indecl	LEMMA+POS_DIVERGE	no	no		1	1
5	5.21	asaktātmā	asakta-ātman	nominal	sthira	sthira	indecl	LEMMA+POS_DIVERGE	no	no		1	1
5	5.21	vindati	√vid	verb	buddhiḥ	buddhi	nominal	LEMMA+POS_DIVERGE	no	no		1	1
5	5.21	ātmani	ātman	nominal	asaṃmūḍhaḥ	asaṃmūḍha	indecl	LEMMA+POS_DIVERGE	no	no		1	1
5	5.21	yat	yat	nominal	brahma	brahman	nominal	LEMMA_DIVERGE	no	yes		1	1
5	5.21	sukham	sukha	nominal	vid	vid	indecl	LEMMA+POS_DIVERGE	no	no		1	1
5	5.21	saḥ	tat	nominal	brahmaṇi	brahman	nominal	LEMMA_DIVERGE	no	yes		1	1
5	5.21	brahma-yoga-yuktātmā	brahma-yoga-yuktātman	nominal	sthitaḥ	sthā	verb	LEMMA+POS_DIVERGE	no	no		1	1
5	5.21	sukham	sukha	nominal	bāhya	bāhya	indecl	LEMMA+POS_DIVERGE	no	no		1	1
5	5.21	akṣayam	a-kṣaya	nominal	sparśeṣu	sparśa	nominal	LEMMA_DIVERGE	no	yes		1	1
5	5.21	aśnute	√aś	verb	a	a	indecl	LEMMA+POS_DIVERGE	no	no		1	1
5	5.22	ye	yat	nominal	sakta	sañj	verb	LEMMA+POS_DIVERGE	no	no		1	1
5	5.22	hi	hi	indecl	ātmā	ātman	nominal	LEMMA+POS_DIVERGE	no	no		1	1
5	5.22	saṁsparśa-jāḥ	saṁ-sparśa-ja	nominal	vindati	vid	verb	LEMMA+POS_DIVERGE	no	no		1	1
5	5.22	bhogāḥ	bhoga	nominal	ātmani	ātman	nominal	LEMMA_DIVERGE	no	yes		1	1
5	5.22	duḥkha-yonayaḥ	duḥkha-yoni	nominal	yat	yad	nominal	LEMMA_DIVERGE	no	yes		1	1
5	5.22	eva	eva	indecl	sukham	sukha	nominal	LEMMA+POS_DIVERGE	no	no		1	1
5	5.22	te	tat	nominal	sa	tad	nominal	LEMMA_CONVENTION	no	yes	pronoun-stem	1	1
5	5.22	ādy-antavantaḥ	ādy-anta-vant	nominal	brahma	brahman	nominal	LEMMA_DIVERGE	no	yes		1	1
5	5.22	kaunteya	kaunteya	nominal	yoga	yoga	nominal	LEMMA_DIVERGE	no	yes		1	1
5	5.22	na	na	indecl	yukta	yuj	verb	LEMMA+POS_DIVERGE	no	no		1	1
5	5.22	teṣu	tat	nominal	ātmā	ātman	nominal	LEMMA_DIVERGE	no	yes		1	1
5	5.22	ramate	√ram	verb	sukham	sukha	nominal	LEMMA+POS_DIVERGE	no	no		1	1
5	5.22	budhaḥ	budha	nominal	akṣayam	akṣaya	indecl	LEMMA+POS_DIVERGE	no	no		1	1
5	5.23	śaknoti	√śak	verb	aśnute	aś	verb	LEMMA_DIVERGE	no	yes		1	1
5	5.23	iha	iha	indecl	ye	yad	nominal	LEMMA+POS_DIVERGE	no	no		1	1
5	5.23	eva	eva	indecl	hi	hi	indecl	LEMMA_DIVERGE	no	yes		1	1
5	5.23	yaḥ	yat	nominal	saṃsparśa	saṃsparśa	nominal	LEMMA_DIVERGE	no	yes		1	1
5	5.23	soḍhum	√sah	unknown	jāḥ	ja	indecl	LEMMA+POS_DIVERGE	no	no		1	1
5	5.23	prāk	prāk	indecl	bhogā	bhoga	nominal	LEMMA+POS_DIVERGE	no	no		1	1
5	5.23	śarīra-vimokṣaṇāt	śarīra-vimokṣaṇa	nominal	duḥkha	duḥkha	nominal	LEMMA_DIVERGE	no	yes		1	1
5	5.23	kāma-krodhodbhavam	kāma-krodha-udbhava	nominal	yonayaḥ	yoni	nominal	LEMMA_DIVERGE	no	yes		1	1
5	5.23	vegam	vega	nominal	eva	eva	indecl	LEMMA+POS_DIVERGE	no	no		1	1
5	5.23	saḥ	tat	nominal	te	tad	nominal	LEMMA_CONVENTION	no	yes	pronoun-stem	1	1
5	5.23	yuktaḥ	yukta	nominal	ādi	ādi	nominal	LEMMA_DIVERGE	no	yes		1	1
5	5.23	saḥ	tat	nominal	antavantaḥ	antavat	indecl	LEMMA+POS_DIVERGE	no	no		1	1
5	5.23	sukhī	sukhin	nominal	kaunteya	kaunteya	nominal	LEMMA_DIVERGE	no	yes		1	1
5	5.23	naraḥ	nara	nominal	na	na	indecl	LEMMA+POS_DIVERGE	no	no		1	1
5	5.24	yaḥ	yat	nominal	teṣu	tad	nominal	LEMMA_DIVERGE	no	yes		1	1
5	5.24	antaḥ-sukhaḥ	antaḥ-sukha	nominal	ramate	ram	verb	LEMMA+POS_DIVERGE	no	no		1	1
5	5.24	antar-ārāmaḥ	antaḥ-ārāma	nominal	budhaḥ	budha	indecl	LEMMA+POS_DIVERGE	no	no		1	1
5	5.24	tathā	tathā	indecl	śaknoti	śak	verb	LEMMA+POS_DIVERGE	no	no		1	1
5	5.24	antar-jyotiḥ	antaḥ-jyotiḥ	nominal	iha	iha	indecl	LEMMA+POS_DIVERGE	no	no		1	1
5	5.24	eva	eva	indecl	eva	eva	indecl	MATCH	yes	yes		1	1
5	5.24	yaḥ	yat	nominal	yaḥ	yad	nominal	LEMMA_CONVENTION	no	yes	pronoun-stem	1	1
5	5.24	saḥ	tat	nominal	soḍhuṃ	sah	verb	LEMMA+POS_DIVERGE	no	no		1	1
5	5.24	yogī	yogin	nominal	prāk	prāk	indecl	LEMMA+POS_DIVERGE	no	no		1	1
5	5.24	brahma-nirvāṇam	brahma-nirvāṇa	nominal	śarīravimokṣaṇāt	śarīravimokṣaṇa	nominal	LEMMA_DIVERGE	no	yes		1	1
5	5.24	brahma-bhūtaḥ	brahma-bhūta	nominal	kāma	kāma	nominal	LEMMA_DIVERGE	no	yes		1	1
5	5.24	adhigacchati	adhi-√gam	verb	krodha	krodha	nominal	LEMMA+POS_DIVERGE	no	no		1	1
5	5.25	labhante	√labh	verb	udbhavam	udbhava	indecl	LEMMA+POS_DIVERGE	no	no		1	1
5	5.25	brahma-nirvāṇam	brahma-nirvāṇa	nominal	vegaṃ	vega	nominal	LEMMA_DIVERGE	no	yes		1	1
5	5.25	ṛṣayaḥ	ṛṣi	nominal	sa	tad	nominal	LEMMA_DIVERGE	no	yes		1	1
5	5.25	kṣīṇa-kalmaṣāḥ	kṣīṇa-kalmaṣa	nominal	yuktaḥ	yuj	verb	LEMMA+POS_DIVERGE	no	no		1	1
5	5.25	chinna-dvaidhāḥ	chinna-dvaidha	nominal	sa	tad	nominal	LEMMA_DIVERGE	no	yes		1	1
5	5.25	yatātmānaḥ	yatātman	nominal	sukhī	sukhin	indecl	LEMMA+POS_DIVERGE	no	no		1	1
5	5.25	sarva-bhūta-hite	sarva-bhūta-hita	nominal	naraḥ	nara	nominal	LEMMA_DIVERGE	no	yes		1	1
5	5.25	ratāḥ	rata	nominal	yo	yad	nominal	LEMMA_DIVERGE	no	yes		1	1
5	5.26	kāma-krodha-viyuktānām	kāma-krodha-viyukta	nominal	antar	antar	indecl	LEMMA+POS_DIVERGE	no	no		1	1
5	5.26	yatīnām	yati	nominal	sukhaḥ	sukha	indecl	LEMMA+POS_DIVERGE	no	no		1	1
5	5.26	yata-cetasām	yata-cetas	nominal	antara	antara	indecl	LEMMA+POS_DIVERGE	no	no		1	1
5	5.26	abhitas	abhitas	indecl	ārāmaḥ	ārāma	nominal	LEMMA+POS_DIVERGE	no	no		1	1
5	5.26	brahma-nirvāṇam	brahma-nirvāṇa	nominal	tathā	tathā	indecl	LEMMA+POS_DIVERGE	no	no		1	1
5	5.26	vartate	√vṛt	verb	antar	antar	indecl	LEMMA+POS_DIVERGE	no	no		1	1
5	5.26	viditātmanām	vidita-ātman	nominal	jyotiḥ	jyotis	nominal	LEMMA_DIVERGE	no	yes		1	1
5	5.27	sparśān	sparśa	nominal	eva	eva	indecl	LEMMA+POS_DIVERGE	no	no		1	1
5	5.27	kṛtvā	√kṛ	unknown	yaḥ	yad	nominal	LEMMA+POS_DIVERGE	no	no		1	1
5	5.27	bahiḥ	bahiḥ	indecl	sa	tad	nominal	LEMMA+POS_DIVERGE	no	no		1	1
5	5.27	bāhyān	bāhya	nominal	yogī	yogin	nominal	LEMMA_DIVERGE	no	yes		1	1
5	5.27	cakṣuḥ	cakṣuḥ	nominal	brahma	brahman	nominal	LEMMA_DIVERGE	no	yes		1	1
5	5.27	ca	ca	indecl	nirvāṇam	nirvāṇa	nominal	LEMMA+POS_DIVERGE	no	no		1	1
5	5.27	eva	eva	indecl	brahma	brahman	nominal	LEMMA+POS_DIVERGE	no	no		1	1
5	5.27	antare	antara	nominal	bhūtaḥ	bhū	verb	LEMMA+POS_DIVERGE	no	no		1	1
5	5.27	bhruvoḥ	bhrū	nominal	'dhigacchati	adhigam	verb	LEMMA+POS_DIVERGE	no	no		1	1
5	5.27	prāṇāpānau	prāṇāpāna	nominal	labhante	labh	verb	LEMMA+POS_DIVERGE	no	no		1	1
5	5.27	samau	sama	nominal	brahma	brahman	nominal	LEMMA_DIVERGE	no	yes		1	1
5	5.27	kṛtvā	√kṛ	unknown	nirvāṇam	nirvāṇa	nominal	LEMMA+POS_DIVERGE	no	no		1	1
5	5.27	nāsābhyantara-cāriṇau	nāsā-abhy-antara-cārin	nominal	ṛṣayaḥ	ṛṣi	nominal	LEMMA_DIVERGE	no	yes		1	1
5	5.28	yatendriya-mano-buddhiḥ	yata-indriya-mano-buddhi	nominal	kṣīṇa	kṣi	verb	LEMMA+POS_DIVERGE	no	no		1	1
5	5.28	muniḥ	muni	nominal	kalmaṣāḥ	kalmaṣa	nominal	LEMMA_DIVERGE	no	yes		1	1
5	5.28	mokṣa-parāyaṇaḥ	mokṣa-parāyaṇa	nominal	chinna	chid	verb	LEMMA+POS_DIVERGE	no	no		1	1
5	5.28	vigatecchā-bhaya-krodhaḥ	vigata-icchā-bhaya-krodha	nominal	dvaidhāḥ	dvaidha	nominal	LEMMA_DIVERGE	no	yes		1	1
5	5.28	yaḥ	yat	nominal	yata	yam	verb	LEMMA_CONVENTION+POS_DIVERGE	no	no	final-t/d+n	1	1
5	5.28	sadā	sadā	indecl	ātmānaḥ	ātman	nominal	LEMMA+POS_DIVERGE	no	no		1	1
5	5.28	muktaḥ	mukta	nominal	sarva	sarva	nominal	LEMMA_DIVERGE	no	yes		1	1
5	5.28	eva	eva	indecl	bhūta	bhūta	nominal	LEMMA+POS_DIVERGE	no	no		1	1
5	5.28	saḥ	tat	nominal	hite	hita	nominal	LEMMA_DIVERGE	no	yes		1	1
5	5.29	bhoktāram	bhoktṛ	nominal	ratāḥ	ram	verb	LEMMA+POS_DIVERGE	no	no		1	1
5	5.29	yajña-tapasām	yajña-tapas	nominal	kāma	kāma	nominal	LEMMA_DIVERGE	no	yes		1	1
5	5.29	sarva-loka-maheśvaram	sarva-loka-mahā-īśvara	nominal	krodha	krodha	nominal	LEMMA_DIVERGE	no	yes		1	1
5	5.29	suhṛdam	su-hṛd	nominal	viyuktānām	viyuj	verb	LEMMA+POS_DIVERGE	no	no		1	1
5	5.29	sarva-bhūtānām	sarva-bhūta	nominal	yatīnāṃ	yati	nominal	LEMMA_DIVERGE	no	yes		1	1
5	5.29	jñātvā	√jñā	unknown	yata	yam	verb	LEMMA+POS_DIVERGE	no	no		1	1
5	5.29	mām	asmat	nominal	cetasām	cetas	nominal	LEMMA_DIVERGE	no	yes		1	1
5	5.29	śāntim	śānti	nominal	abhito	abhitas	indecl	LEMMA+POS_DIVERGE	no	no		1	1
5	5.29	ṛcchati	√ṛ	verb	brahma	brahman	nominal	LEMMA+POS_DIVERGE	no	no		1	1
5					nirvāṇam|vartate|vidita|ātmanām|sparśān|kṛtvā|bahis|bāhyān|cakṣuḥ|ca|eva|antare|bhruvoḥ|prāṇa|apānau|samau|kṛtvā|nāsā|abhyantara|cāriṇau|yata|indriya|manaḥ|buddhiḥ|muniḥ|mokṣa|parāyaṇaḥ|vigata|icchā|bhaya|krodhaḥ|yaḥ|sadā|mukta|eva|saḥ|bhoktāraṃ|yajña|tapasām|sarva|loka|mahā|īśvaram|suhṛdaṃ|sarva|bhūtānām|jñātvā|māṃ|śāntim|ṛcchati	nirvāṇa|vṛt|vid|ātman|sparśa|kṛ|bahis|bāhya|cakṣus|ca|eva|antara|bhrū|prāṇa|apāna|sama|kṛ|nāsā|abhyantara|cārin|yam|indriya|manas|buddhi|muni|mokṣa|parāyaṇa|vigam|icchā|bhaya|krodha|yad|sadā|muc|eva|tad|bhoktṛ|yajña|tapas|sarva|loka|mahat|īśvara|suhṛd|sarva|bhūta|jñā|mad|śānti|ṛch	nominal|verb|verb|nominal|nominal|verb|indecl|indecl|nominal|indecl|indecl|nominal|nominal|nominal|nominal|nominal|verb|nominal|nominal|indecl|verb|nominal|nominal|nominal|nominal|nominal|nominal|verb|nominal|nominal|nominal|nominal|indecl|verb|indecl|nominal|nominal|nominal|nominal|nominal|nominal|indecl|nominal|nominal|nominal|nominal|verb|nominal|nominal|verb	GOLD_ONLY				0	50
6	6.01	śrī-bhagavān	śrī-bhagavant	nominal	śrī|bhagavān	śrī|bhagavant	nominal|nominal	COMPOUND_SPLIT	n/a	n/a		1	2
6	6.01	uvāca	√vac	verb	uvāca	vac	verb	MATCH	yes	yes		1	1
6	6.01	anāśritaḥ	an-ā-śrita	nominal	anāśritaḥ	anāśrita	indecl	POS_DIVERGE	yes	no		1	1
6	6.01	karma-phalam	karma-phala	nominal	karma|phalam	karman|phala	nominal|nominal	COMPOUND_SPLIT	n/a	n/a		1	2
6	6.01	kāryam	kārya	nominal	kāryaṃ	kṛ	verb	LEMMA+POS_DIVERGE	no	no		1	1
6	6.01	karma	karman	nominal	karma	karman	nominal	MATCH	yes	yes		1	1
6	6.01	karoti	√kṛ	verb	karoti	kṛ	verb	MATCH	yes	yes		1	1
6	6.01	yaḥ	yat	nominal	yaḥ	yad	nominal	LEMMA_CONVENTION	no	yes	pronoun-stem	1	1
6	6.01	saḥ	tat	nominal	sa	tad	nominal	LEMMA_CONVENTION	no	yes	pronoun-stem	1	1
6	6.01	saṁnyāsī	saṁnyāsin	nominal	saṃnyāsī	saṃnyāsin	indecl	POS_DIVERGE	yes	no		1	1
6	6.01	ca	ca	indecl	ca	ca	indecl	MATCH	yes	yes		1	1
6	6.01	yogī	yogin	nominal	yogī	yogin	nominal	MATCH	yes	yes		1	1
6	6.01	ca	ca	indecl	ca	ca	indecl	MATCH	yes	yes		1	1
6	6.01	na	na	indecl	na	na	indecl	MATCH	yes	yes		1	1
6	6.01	niragniḥ	nir-agni	nominal	niragniḥ	niragni	indecl	POS_DIVERGE	yes	no		1	1
6	6.01	na	na	indecl	na	na	indecl	MATCH	yes	yes		1	1
6	6.01	ca	ca	indecl	ca	ca	indecl	MATCH	yes	yes		1	1
6	6.01	akriyaḥ	a-kriya	nominal	akriyaḥ	akriya	indecl	POS_DIVERGE	yes	no		1	1
6	6.02	yam	yat	nominal	yaṃ	yad	nominal	LEMMA_CONVENTION	no	yes	pronoun-stem	1	1
6	6.02	saṁnyāsam	saṁnyāsa	nominal	saṃnyāsam	saṃnyāsa	nominal	MATCH	yes	yes		1	1
6	6.02	iti	iti	indecl	iti	iti	indecl	MATCH	yes	yes		1	1
6	6.02	prāhuḥ	pra-√ah	verb	prāhuḥ	prāh	verb	LEMMA_CONVENTION	no	yes	vowel-sandhi/contraction	1	1
6	6.02	yogam	yoga	nominal	yogam	yoga	nominal	MATCH	yes	yes		1	1
6	6.02	tam	tat	nominal	taṃ	tad	nominal	LEMMA_CONVENTION	no	yes	pronoun-stem	1	1
6	6.02	viddhi	√vid	verb	viddhi	vid	verb	MATCH	yes	yes		1	1
6	6.02	pāṇḍava	pāṇḍava	nominal	pāṇḍava	pāṇḍava	nominal	MATCH	yes	yes		1	1
6	6.02	na	na	indecl	na	na	indecl	MATCH	yes	yes		1	1
6	6.02	hi	hi	indecl	hi	hi	indecl	MATCH	yes	yes		1	1
6	6.02	asaṁnyasta-saṁkalpaḥ	a-saṁnyasta-saṁkalpa	nominal	asaṃnyasta|saṃkalpaḥ	asaṃnyasta|saṃkalpa	indecl|nominal	COMPOUND_SPLIT	n/a	n/a		1	2
6	6.02	yogī	yogin	nominal	yogī	yogin	nominal	MATCH	yes	yes		1	1
6	6.02	bhavati	√bhū	verb	bhavati	bhū	verb	MATCH	yes	yes		1	1
6	6.02	kaś-cana	kim-cana	nominal	kaścana	kaścana	nominal	LEMMA_DIVERGE	no	yes		1	1
6	6.03	ārurukṣoḥ	ārurukṣu	nominal	ārurukṣoḥ	ārurukṣu	indecl	POS_DIVERGE	yes	no		1	1
6	6.03	muneḥ	muni	nominal	muneḥ	muni	nominal	MATCH	yes	yes		1	1
6	6.03	yogam	yoga	nominal	yogam	yoga	nominal	MATCH	yes	yes		1	1
6	6.03	karma	karman	nominal	karma	karman	nominal	MATCH	yes	yes		1	1
6	6.03	kāraṇam	kāraṇa	nominal	kāraṇam	kāraṇa	nominal	MATCH	yes	yes		1	1
6	6.03	ucyate	√vac	verb	ucyate	vac	verb	MATCH	yes	yes		1	1
6	6.03	yogārūḍhasya	yoga-ārūḍha	nominal	yoga|ārūḍhasya	yoga|āruh	nominal|verb	COMPOUND_SPLIT	n/a	n/a		1	2
6	6.03	tasya	tat	nominal	tasya	tad	nominal	LEMMA_CONVENTION	no	yes	pronoun-stem	1	1
6	6.03	eva	eva	indecl	eva	eva	indecl	MATCH	yes	yes		1	1
6	6.03	śamaḥ	śama	nominal	śamaḥ	śama	nominal	MATCH	yes	yes		1	1
6	6.03	kāraṇam	kāraṇa	nominal	kāraṇam	kāraṇa	nominal	MATCH	yes	yes		1	1
6	6.03	ucyate	√vac	verb	ucyate	vac	verb	MATCH	yes	yes		1	1
6	6.04	yadā	yadā	indecl	yadā	yadā	indecl	MATCH	yes	yes		1	1
6	6.04	hi	hi	indecl	hi	hi	indecl	MATCH	yes	yes		1	1
6	6.04	na	na	indecl	na	na	indecl	MATCH	yes	yes		1	1
6	6.04	indriyārtheṣu	indriya-artha	nominal	indriya|artheṣu	indriya|artha	nominal|nominal	COMPOUND_SPLIT	n/a	n/a		1	2
6	6.04	na	na	indecl	na	na	indecl	MATCH	yes	yes		1	1
6	6.04	karmasu	karman	nominal	karmasu	karman	nominal	MATCH	yes	yes		1	1
6	6.04	anuṣajjate	anu-√sañj	verb	anuṣajjate	anuṣañj	verb	LEMMA_DIVERGE	no	yes		1	1
6	6.04	sarva-saṁkalpa-saṁnyāsī	sarva-saṁkalpa-saṁnyāsin	nominal	sarva|saṃkalpa|saṃnyāsī	sarva|saṃkalpa|saṃnyāsin	nominal|nominal|indecl	COMPOUND_SPLIT	n/a	n/a		1	3
6	6.04	yogārūḍhaḥ	yoga-ārūḍha	nominal	yoga|ārūḍhaḥ	yoga|āruh	nominal|verb	COMPOUND_SPLIT	n/a	n/a		1	2
6	6.04	tadā	tadā	indecl	tadā	tadā	indecl	MATCH	yes	yes		1	1
6	6.04	ucyate	√vac	verb	ucyate	vac	verb	MATCH	yes	yes		1	1
6	6.05	uddharet	ud-√hṛ	verb	uddharet	uddhṛ	verb	LEMMA_DIVERGE	no	yes		1	1
6	6.05	ātmanā	ātman	nominal	ātmanā	ātman	nominal	MATCH	yes	yes		1	1
6	6.05	ātmānam	ātman	nominal	ātmānam	ātman	nominal	MATCH	yes	yes		1	1
6	6.05	na	na	indecl	na	na	indecl	MATCH	yes	yes		1	1
6	6.05	ātmānam	ātman	nominal	ātmānam	ātman	nominal	MATCH	yes	yes		1	1
6	6.05	avasādayet	ava-√sad	verb	avasādayet	avasāday	verb	LEMMA_DIVERGE	no	yes		1	1
6	6.05	ātmā	ātman	nominal	ātmā	ātman	nominal	MATCH	yes	yes		1	1
6	6.05	eva	eva	indecl	eva	eva	indecl	MATCH	yes	yes		1	1
6	6.05	hi	hi	indecl	hi	hi	indecl	MATCH	yes	yes		1	1
6	6.05	ātmanaḥ	ātman	nominal	ātmanaḥ	ātman	nominal	MATCH	yes	yes		1	1
6	6.05	bandhuḥ	bandhu	nominal	bandhur	bandhu	nominal	MATCH	yes	yes		1	1
6	6.05	ātmā	ātman	nominal	ātmā	ātman	nominal	MATCH	yes	yes		1	1
6	6.05	eva	eva	indecl	eva	eva	indecl	MATCH	yes	yes		1	1
6	6.05	ripuḥ	ripu	nominal	ripuḥ	ripu	nominal	MATCH	yes	yes		1	1
6	6.05	ātmanaḥ	ātman	nominal	ātmanaḥ	ātman	nominal	MATCH	yes	yes		1	1
6	6.06	bandhuḥ	bandhu	nominal	bandhuḥ	bandhu	nominal	MATCH	yes	yes		1	1
6	6.06	ātmā	ātman	nominal	ātmā	ātman	nominal	MATCH	yes	yes		1	1
6	6.06	ātmanaḥ	ātman	nominal	ātmanaḥ	ātman	nominal	MATCH	yes	yes		1	1
6	6.06	tasya	tat	nominal	tasya	tad	nominal	LEMMA_CONVENTION	no	yes	pronoun-stem	1	1
6	6.06	yena	yat	nominal	yena	yad	nominal	LEMMA_CONVENTION	no	yes	pronoun-stem	1	1
6	6.06	ātmā	ātman	nominal	ātmā	ātman	nominal	MATCH	yes	yes		1	1
6	6.06	eva	eva	indecl	eva	eva	indecl	MATCH	yes	yes		1	1
6	6.06	ātmanā	ātman	nominal	ātmanā	ātman	nominal	MATCH	yes	yes		1	1
6	6.06	jitaḥ	jita	nominal	jitaḥ	ji	verb	LEMMA+POS_DIVERGE	no	no		1	1
6	6.06	anātmanaḥ	an-ātman	nominal	anātmanaḥ	anātman	nominal	MATCH	yes	yes		1	1
6	6.06	tu	tu	indecl	tu	tu	indecl	MATCH	yes	yes		1	1
6	6.06	śatrutve	śatru-tva	nominal	śatru|tve	śatru|tva	nominal|nominal	COMPOUND_SPLIT	n/a	n/a		1	2
6	6.06	varteta	√vṛt	verb	varteta	vṛt	verb	MATCH	yes	yes		1	1
6	6.06	ātmā	ātman	nominal	ātmā	ātman	nominal	MATCH	yes	yes		1	1
6	6.06	eva	eva	indecl	eva	eva	indecl	MATCH	yes	yes		1	1
6	6.06	śatru-vat	śatru-vat	indecl	śatru|vat	śatru|vat	nominal|indecl	COMPOUND_SPLIT	n/a	n/a		1	2
6	6.07	jitātmanaḥ	jita-ātman	nominal	jita|ātmanaḥ	ji|ātman	verb|nominal	COMPOUND_SPLIT	n/a	n/a		1	2
6	6.07	praśāntasya	praśānta	nominal	praśāntasya	praśam	verb	LEMMA+POS_DIVERGE	no	no		1	1
6	6.07	paramātmā	parama-ātman	nominal	paramātmā	paramātman	nominal	LEMMA_CONVENTION	no	yes	vowel-sandhi/contraction	1	1
6	6.07	samāhitaḥ	sam-ā-hita	nominal	samāhitaḥ	samādhā	verb	LEMMA+POS_DIVERGE	no	no		1	1
6	6.07	śītoṣṇa-sukha-duḥkheṣu	śīta-uṣṇa-sukha-duḥkha	nominal	śīta|uṣṇa|sukha|duḥkheṣu	śīta|uṣṇa|sukha|duḥkha	nominal|nominal|nominal|nominal	COMPOUND_SPLIT	n/a	n/a		1	4
6	6.07	tathā	tathā	indecl	tathā	tathā	indecl	MATCH	yes	yes		1	1
6	6.07	mānāvamānayoḥ	māna-avamāna	nominal	māna|avamānayoḥ	māna|avamāna	nominal|nominal	COMPOUND_SPLIT	n/a	n/a		1	2
6	6.08	jñāna-vijñāna-tṛptātmā	jñāna-vijñāna-tṛpta-ātman	nominal	jñāna|vijñāna|tṛpta|ātmā	jñāna|vijñāna|tṛp|ātman	nominal|nominal|verb|nominal	COMPOUND_SPLIT	n/a	n/a		1	4
6	6.08	kūṭa-sthaḥ	kūṭa-stha	nominal	kūṭastho	kūṭastha	indecl	POS_DIVERGE	yes	no		1	1
6	6.08	vijitendriyaḥ	vijita-indriya	nominal	vijita|indriyaḥ	viji|indriya	verb|nominal	COMPOUND_SPLIT	n/a	n/a		1	2
6	6.08	yuktaḥ	yukta	nominal	yukta	yuj	verb	LEMMA+POS_DIVERGE	no	no		1	1
6	6.08	iti	iti	indecl	iti	iti	indecl	MATCH	yes	yes		1	1
6	6.08	ucyate	√vac	verb	ucyate	vac	verb	MATCH	yes	yes		1	1
6	6.08	yogī	yogin	nominal	yogī	yogin	nominal	MATCH	yes	yes		1	1
6	6.08	sama-loṣṭāśma-kāñcanaḥ	sama-loṣṭa-aśma-kāñcana	nominal	sama|loṣṭa|aśma|kāñcanaḥ	sama|loṣṭa|aśman|kāñcana	nominal|nominal|nominal|nominal	COMPOUND_SPLIT	n/a	n/a		1	4
6	6.09	suhṛn-mitrāry-udāsīna-madhyastha-dveṣya-bandhuṣu	suhṛn-mitra-ary-udāsīna-madhya-stha-dveṣya-bandhu	nominal	suhṛd	suhṛd	nominal	LEMMA_DIVERGE	no	yes		1	1
6	6.09	sādhuṣu	sādhu	nominal	mitra	mitra	nominal	LEMMA_DIVERGE	no	yes		1	1
6	6.09	api	api	indecl	ari	ari	nominal	LEMMA+POS_DIVERGE	no	no		1	1
6	6.09	ca	ca	indecl	udāsīna	udāsīna	nominal	LEMMA+POS_DIVERGE	no	no		1	1
6	6.09	pāpeṣu	pāpa	nominal	madhyastha	madhyastha	indecl	LEMMA+POS_DIVERGE	no	no		1	1
6	6.09	sama-buddhiḥ	sama-buddhi	nominal	dveṣya	dviṣ	verb	LEMMA+POS_DIVERGE	no	no		1	1
6	6.09	viśiṣyate	vi-√śiṣ	verb	bandhuṣu	bandhu	nominal	LEMMA+POS_DIVERGE	no	no		1	1
6	6.10	yogī	yogin	nominal	sādhuṣu	sādhu	indecl	LEMMA+POS_DIVERGE	no	no		1	1
6	6.10	yuñjīta	√yuj	verb	api	api	indecl	LEMMA+POS_DIVERGE	no	no		1	1
6	6.10	satatam	satatam	indecl	ca	ca	indecl	LEMMA_DIVERGE	no	yes		1	1
6	6.10	ātmānam	ātman	nominal	pāpeṣu	pāpa	indecl	LEMMA+POS_DIVERGE	no	no		1	1
6	6.10	rahasi	rahas	nominal	sama	sama	nominal	LEMMA_DIVERGE	no	yes		1	1
6	6.10	sthitaḥ	sthita	nominal	buddhiḥ	buddhi	nominal	LEMMA_DIVERGE	no	yes		1	1
6	6.10	ekākī	ekākin	nominal	viśiṣyate	viśiṣ	verb	LEMMA+POS_DIVERGE	no	no		1	1
6	6.10	yata-cittātmā	yata-citta-ātman	nominal	yogī	yogin	nominal	LEMMA_DIVERGE	no	yes		1	1
6	6.10	nirāśīḥ	nir-āśis	nominal	yuñjīta	yuj	verb	LEMMA+POS_DIVERGE	no	no		1	1
6	6.10	apari-grahaḥ	a-pari-graha	nominal	satatam	satatam	indecl	LEMMA+POS_DIVERGE	no	no		1	1
6	6.11	śucau	śuci	nominal	ātmānam	ātman	nominal	LEMMA_DIVERGE	no	yes		1	1
6	6.11	deśe	deśa	nominal	rahasi	rahas	nominal	LEMMA_DIVERGE	no	yes		1	1
6	6.11	pratiṣṭhāpya	prati-√sthā	unknown	sthitaḥ	sthā	verb	LEMMA+POS_DIVERGE	no	no		1	1
6	6.11	sthiram	sthira	nominal	ekākī	ekākin	indecl	LEMMA+POS_DIVERGE	no	no		1	1
6	6.11	āsanam	āsana	nominal	yata	yam	verb	LEMMA+POS_DIVERGE	no	no		1	1
6	6.11	ātmanaḥ	ātman	nominal	citta	citta	nominal	LEMMA_DIVERGE	no	yes		1	1
6	6.11	nātyucchritam	na-aty-ucchrita	nominal	ātmā	ātman	nominal	LEMMA_DIVERGE	no	yes		1	1
6	6.11	nātinīcam	na-ati-nīca	nominal	nirāśīḥ	nirāśī	indecl	LEMMA+POS_DIVERGE	no	no		1	1
6	6.11	cailājina-kuśottaram	caila-ajina-kuśa-uttara	nominal	aparigrahaḥ	aparigraha	nominal	LEMMA_DIVERGE	no	yes		1	1
6	6.12	tatra	tatra	indecl	śucau	śuci	indecl	LEMMA_DIVERGE	no	yes		1	1
6	6.12	ekāgram	eka-agra	nominal	deśe	deśa	nominal	LEMMA_DIVERGE	no	yes		1	1
6	6.12	manaḥ	manas	nominal	pratiṣṭhāpya	pratiṣṭhāpay	verb	LEMMA+POS_DIVERGE	no	no		1	1
6	6.12	kṛtvā	√kṛ	unknown	sthiram	sthira	indecl	LEMMA+POS_DIVERGE	no	no		1	1
6	6.12	yata-cittendriya-kriyaḥ	yata-citta-indriya-kriya	nominal	āsanam	āsana	nominal	LEMMA_DIVERGE	no	yes		1	1
6	6.12	upaviśya	upa-√viś	unknown	ātmanaḥ	ātman	nominal	LEMMA+POS_DIVERGE	no	no		1	1
6	6.12	āsane	āsana	nominal	na	na	indecl	LEMMA+POS_DIVERGE	no	no		1	1
6	6.12	yuñjyāt	√yuj	verb	ati	ati	indecl	LEMMA+POS_DIVERGE	no	no		1	1
6	6.12	yogam	yoga	nominal	ucchritam	ucchri	verb	LEMMA+POS_DIVERGE	no	no		1	1
6	6.12	ātma-viśuddhaye	ātma-viśuddhi	nominal	na	na	indecl	LEMMA+POS_DIVERGE	no	no		1	1
6	6.13	samam	sama	nominal	ati	ati	indecl	LEMMA+POS_DIVERGE	no	no		1	1
6	6.13	kāya-śiro-grīvam	kāya-śiro-grīva	nominal	nīcam	nīca	indecl	LEMMA+POS_DIVERGE	no	no		1	1
6	6.13	dhārayan	dhārayant	nominal	caila	caila	nominal	LEMMA_DIVERGE	no	yes		1	1
6	6.13	acalam	a-cala	nominal	ajina	ajina	nominal	LEMMA_DIVERGE	no	yes		1	1
6	6.13	sthiraḥ	sthira	nominal	kuśa	kuśa	nominal	LEMMA_DIVERGE	no	yes		1	1
6	6.13	saṁprekṣya	sam-pra-√īkṣ	unknown	uttaram	uttara	nominal	LEMMA+POS_DIVERGE	no	no		1	1
6	6.13	nāsikāgram	nāsikā-agra	nominal	tatra	tatra	indecl	LEMMA+POS_DIVERGE	no	no		1	1
6	6.13	svam	sva	nominal	ekāgram	ekāgra	indecl	LEMMA+POS_DIVERGE	no	no		1	1
6	6.13	diśaḥ	dik	nominal	manaḥ	manas	nominal	LEMMA_DIVERGE	no	yes		1	1
6	6.13	ca	ca	indecl	kṛtvā	kṛ	verb	LEMMA+POS_DIVERGE	no	no		1	1
6	6.13	anavalokayan	an-ava-lokayant	nominal	yata	yam	verb	LEMMA+POS_DIVERGE	no	no		1	1
6	6.14	praśāntātmā	praśānta-ātman	nominal	citta	citta	nominal	LEMMA_DIVERGE	no	yes		1	1
6	6.14	vigatabhīḥ	vigata-bhī	nominal	indriya	indriya	nominal	LEMMA_DIVERGE	no	yes		1	1
6	6.14	brahmacāri-vrate	brahmacāri-vrata	nominal	kriyaḥ	kriyā	nominal	LEMMA_DIVERGE	no	yes		1	1
6	6.14	sthitaḥ	sthita	nominal	upaviśya	upaviś	verb	LEMMA+POS_DIVERGE	no	no		1	1
6	6.14	manaḥ	manas	nominal	āsane	āsana	nominal	LEMMA_DIVERGE	no	yes		1	1
6	6.14	saṁyamya	sam-√yam	unknown	yuñjyāt	yuj	verb	LEMMA+POS_DIVERGE	no	no		1	1
6	6.14	mac-cittaḥ	mac-citta	nominal	yogam	yoga	nominal	LEMMA_DIVERGE	no	yes		1	1
6	6.14	yuktaḥ	yukta	nominal	ātma	ātman	nominal	LEMMA_DIVERGE	no	yes		1	1
6	6.14	āsīta	√ās	verb	viśuddhaye	viśuddhi	nominal	LEMMA+POS_DIVERGE	no	no		1	1
6	6.14	mat-paraḥ	mat-para	nominal	samaṃ	sama	nominal	LEMMA_DIVERGE	no	yes		1	1
6	6.15	yuñjan	yuñjant	nominal	kāya	kāya	nominal	LEMMA_DIVERGE	no	yes		1	1
6	6.15	evam	evam	indecl	śiraḥ	śiras	nominal	LEMMA+POS_DIVERGE	no	no		1	1
6	6.15	sadā	sadā	indecl	grīvam	grīva	nominal	LEMMA+POS_DIVERGE	no	no		1	1
6	6.15	ātmānam	ātman	nominal	dhārayan	dhāray	verb	LEMMA+POS_DIVERGE	no	no		1	1
6	6.15	yogī	yogin	nominal	acalam	acala	indecl	LEMMA+POS_DIVERGE	no	no		1	1
6	6.15	niyata-mānasaḥ	niyata-mānasa	nominal	sthiraḥ	sthira	indecl	LEMMA+POS_DIVERGE	no	no		1	1
6	6.15	śāntim	śānti	nominal	samprekṣya	samprekṣ	verb	LEMMA+POS_DIVERGE	no	no		1	1
6	6.15	nirvāṇa-paramām	nirvāṇa-paramā	nominal	nāsikā	nāsikā	nominal	LEMMA_DIVERGE	no	yes		1	1
6	6.15	mat-saṁsthām	mat-saṁsthā	nominal	agram	agra	nominal	LEMMA_DIVERGE	no	yes		1	1
6	6.15	adhigacchati	adhi-√gam	verb	svaṃ	sva	indecl	LEMMA+POS_DIVERGE	no	no		1	1
6	6.16	na	na	indecl	diśaḥ	diś	nominal	LEMMA+POS_DIVERGE	no	no		1	1
6	6.16	aty-aśnataḥ	ati-aśnant	nominal	ca	ca	indecl	LEMMA+POS_DIVERGE	no	no		1	1
6	6.16	tu	tu	indecl	anavalokayan	anavalokayat	indecl	LEMMA_DIVERGE	no	yes		1	1
6	6.16	yogaḥ	yoga	nominal	praśānta	praśam	verb	LEMMA+POS_DIVERGE	no	no		1	1
6	6.16	asti	√as	verb	ātmā	ātman	nominal	LEMMA+POS_DIVERGE	no	no		1	1
6	6.16	na	na	indecl	vigata	vigam	verb	LEMMA+POS_DIVERGE	no	no		1	1
6	6.16	ca	ca	indecl	bhīḥ	bhī	nominal	LEMMA+POS_DIVERGE	no	no		1	1
6	6.16	ekāntam	ekānta	nominal	brahmacāri	brahmacārin	nominal	LEMMA_DIVERGE	no	yes		1	1
6	6.16	anaśnataḥ	an-aśnant	nominal	vrate	vrata	nominal	LEMMA_DIVERGE	no	yes		1	1
6	6.16	na	na	indecl	sthitaḥ	sthā	verb	LEMMA+POS_DIVERGE	no	no		1	1
6	6.16	ca	ca	indecl	manaḥ	manas	nominal	LEMMA+POS_DIVERGE	no	no		1	1
6	6.16	ati-svapna-śīlasya	ati-svapna-śīlasya	nominal	saṃyamya	saṃyam	verb	LEMMA+POS_DIVERGE	no	no		1	1
6	6.16	jāgrataḥ	jāgrata	nominal	mad	mad	nominal	LEMMA_DIVERGE	no	yes		1	1
6	6.16	na	na	indecl	cittaḥ	citta	nominal	LEMMA+POS_DIVERGE	no	no		1	1
6	6.16	eva	eva	indecl	yukta	yuj	verb	LEMMA+POS_DIVERGE	no	no		1	1
6	6.16	ca	ca	indecl	āsīta	ās	verb	LEMMA+POS_DIVERGE	no	no		1	1
6	6.16	arjuna	arjuna	nominal	mad	mad	nominal	LEMMA_DIVERGE	no	yes		1	1
6	6.17	yuktāhāra-vihārasya	yukta-āhāra-vihāra	nominal	paraḥ	para	nominal	LEMMA_DIVERGE	no	yes		1	1
6	6.17	yukta-ceṣṭasya	yukta-ceṣṭa	nominal	yuñjan	yuj	verb	LEMMA+POS_DIVERGE	no	no		1	1
6	6.17	karmasu	karman	nominal	evam	evam	indecl	LEMMA+POS_DIVERGE	no	no		1	1
6	6.17	yukta-svapnāvabodhasya	yukta-svapna-avabodha	nominal	sadā	sadā	indecl	LEMMA+POS_DIVERGE	no	no		1	1
6					ātmānam	ātman	nominal	GOLD_ONLY				0	1
6	6.17	yogaḥ	yoga	nominal	yogī	yogin	nominal	LEMMA_DIVERGE	no	yes		1	1
6	6.17	bhavati	√bhū	verb	niyata	niyam	verb	LEMMA_DIVERGE	no	yes		1	1
6	6.17	duḥkha-hā	duḥkha-han	nominal	mānasaḥ	mānasa	nominal	LEMMA_DIVERGE	no	yes		1	1
6	6.18	yadā	yadā	indecl	śāntiṃ	śānti	nominal	LEMMA+POS_DIVERGE	no	no		1	1
6	6.18	viniyatam	vi-ni-yata	nominal	nirvāṇa	nirvāṇa	nominal	LEMMA_DIVERGE	no	yes		1	1
6	6.18	cittam	citta	nominal	paramām	parama	indecl	LEMMA+POS_DIVERGE	no	no		1	1
6	6.18	ātmani	ātman	nominal	mad	mad	nominal	LEMMA_DIVERGE	no	yes		1	1
6	6.18	eva	eva	indecl	saṃsthām	saṃsthā	nominal	LEMMA+POS_DIVERGE	no	no		1	1
6	6.18	avatiṣṭhate	ava-√sthā	verb	adhigacchati	adhigam	verb	LEMMA_DIVERGE	no	yes		1	1
6	6.18	niḥspṛhaḥ	nir-spṛha	nominal	na	na	indecl	LEMMA+POS_DIVERGE	no	no		1	1
6	6.18	sarva-kāmebhyaḥ	sarva-kāma	nominal	atyaśnataḥ	atyaś	verb	LEMMA+POS_DIVERGE	no	no		1	1
6	6.18	yuktaḥ	yukta	nominal	tu	tu	indecl	LEMMA+POS_DIVERGE	no	no		1	1
6					yogo	yoga	nominal	GOLD_ONLY				0	1
6	6.18	iti	iti	indecl	'sti	as	verb	LEMMA+POS_DIVERGE	no	no		1	1
6	6.18	ucyate	√vac	verb	na	na	indecl	LEMMA+POS_DIVERGE	no	no		1	1
6	6.18	tadā	tadā	indecl	ca	ca	indecl	LEMMA_DIVERGE	no	yes		1	1
6	6.19	yathā	yathā	indecl	ekāntam	ekāntam	indecl	LEMMA_DIVERGE	no	yes		1	1
6	6.19	dīpaḥ	dīpa	nominal	an	an	indecl	LEMMA+POS_DIVERGE	no	no		1	1
6	6.19	nivāta-sthaḥ	nivāta-stha	nominal	aśnataḥ	aś	verb	LEMMA+POS_DIVERGE	no	no		1	1
6	6.19	na	na	indecl	na	na	indecl	MATCH	yes	yes		1	1
6	6.19	iṅgate	√iṅg	verb	ca	ca	indecl	LEMMA+POS_DIVERGE	no	no		1	1
6	6.19	sā	tat	nominal	ati	ati	indecl	LEMMA+POS_DIVERGE	no	no		1	1
6	6.19	upamā	upamā	nominal	svapna	svapna	nominal	LEMMA_DIVERGE	no	yes		1	1
6	6.19	smṛtā	smṛtā	nominal	śīlasya	śīla	nominal	LEMMA_DIVERGE	no	yes		1	1
6	6.19	yoginaḥ	yogin	nominal	jāgrato	jāgṛ	verb	LEMMA+POS_DIVERGE	no	no		1	1
6	6.19	yata-cittasya	yata-citta	nominal	na	na	indecl	LEMMA+POS_DIVERGE	no	no		1	1
6	6.19	yuñjataḥ	yuñjant	nominal	eva	eva	indecl	LEMMA+POS_DIVERGE	no	no		1	1
6	6.19	yogam	yoga	nominal	ca	ca	indecl	LEMMA+POS_DIVERGE	no	no		1	1
6	6.19	ātmanaḥ	ātman	nominal	arjuna	arjuna	nominal	LEMMA_DIVERGE	no	yes		1	1
6	6.20	yatra	yatra	indecl	yukta	yuj	verb	LEMMA+POS_DIVERGE	no	no		1	1
6	6.20	uparamate	upa-√ram	verb	āhāra	āhāra	nominal	LEMMA+POS_DIVERGE	no	no		1	1
6	6.20	cittam	citta	nominal	vihārasya	vihāra	nominal	LEMMA_DIVERGE	no	yes		1	1
6	6.20	niruddham	niruddha	nominal	yukta	yukta	indecl	LEMMA+POS_DIVERGE	no	no		1	1
6	6.20	yoga-sevayā	yoga-sevā	nominal	ceṣṭasya	ceṣṭā	nominal	LEMMA_DIVERGE	no	yes		1	1
6	6.20	yatra	yatra	indecl	karmasu	karman	nominal	LEMMA+POS_DIVERGE	no	no		1	1
6	6.20	ca	ca	indecl	yukta	yuj	verb	LEMMA+POS_DIVERGE	no	no		1	1
6	6.20	eva	eva	indecl	svapna	svapna	nominal	LEMMA+POS_DIVERGE	no	no		1	1
6	6.20	ātmanā	ātman	nominal	avabodhasya	avabodha	nominal	LEMMA_DIVERGE	no	yes		1	1
6	6.20	ātmānam	ātman	nominal	yogo	yoga	nominal	LEMMA_DIVERGE	no	yes		1	1
6	6.20	paśyan	paśyant	nominal	bhavati	bhū	verb	LEMMA+POS_DIVERGE	no	no		1	1
6	6.20	ātmani	ātman	nominal	duḥkha	duḥkha	nominal	LEMMA_DIVERGE	no	yes		1	1
6	6.20	tuṣyati	√tuṣ	verb	hā	han	indecl	LEMMA+POS_DIVERGE	no	no		1	1
6	6.21	sukham	sukha	nominal	yadā	yadā	indecl	LEMMA+POS_DIVERGE	no	no		1	1
6	6.21	ātyantikam	ātyantika	nominal	viniyataṃ	viniyam	verb	LEMMA+POS_DIVERGE	no	no		1	1
6	6.21	yat	yat	nominal	cittam	citta	nominal	LEMMA_DIVERGE	no	yes		1	1
6	6.21	tat	tat	nominal	ātmani	ātman	nominal	LEMMA_DIVERGE	no	yes		1	1
6	6.21	buddhi-grāhyam	buddhi-grāhya	nominal	eva	eva	indecl	LEMMA+POS_DIVERGE	no	no		1	1
6	6.21	atīndriyam	ati-indriya	nominal	avatiṣṭhate	avasthā	verb	LEMMA+POS_DIVERGE	no	no		1	1
6	6.21	vetti	√vid	verb	niḥspṛhaḥ	niḥspṛha	indecl	LEMMA+POS_DIVERGE	no	no		1	1
6	6.21	yatra	yatra	indecl	sarva	sarva	nominal	LEMMA+POS_DIVERGE	no	no		1	1
6	6.21	na	na	indecl	kāmebhyaḥ	kāma	nominal	LEMMA+POS_DIVERGE	no	no		1	1
6	6.21	ca	ca	indecl	yukta	yuj	verb	LEMMA+POS_DIVERGE	no	no		1	1
6	6.21	eva	eva	indecl	iti	iti	indecl	LEMMA_DIVERGE	no	yes		1	1
6	6.21	ayam	idam	nominal	ucyate	vac	verb	LEMMA+POS_DIVERGE	no	no		1	1
6	6.21	sthitaḥ	sthita	nominal	tadā	tadā	indecl	LEMMA+POS_DIVERGE	no	no		1	1
6	6.21	calati	√cal	verb	yathā	yathā	indecl	LEMMA+POS_DIVERGE	no	no		1	1
6	6.21	tattvataḥ	tattvataḥ	indecl	dīpo	dīpa	nominal	LEMMA+POS_DIVERGE	no	no		1	1
6	6.22	yam	yat	nominal	nivāta	nivāta	indecl	LEMMA+POS_DIVERGE	no	no		1	1
6	6.22	labdhvā	√labh	unknown	sthaḥ	stha	indecl	LEMMA+POS_DIVERGE	no	no		1	1
6	6.22	ca	ca	indecl	na	na	indecl	LEMMA_DIVERGE	no	yes		1	1
6	6.22	aparam	a-para	nominal	iṅgate	iṅg	verb	LEMMA+POS_DIVERGE	no	no		1	1
6	6.22	lābham	lābha	nominal	sā	tad	nominal	LEMMA_DIVERGE	no	yes		1	1
6	6.22	manyate	√man	verb	upamā	upamā	nominal	LEMMA+POS_DIVERGE	no	no		1	1
6	6.22	na	na	indecl	smṛtā	smṛ	verb	LEMMA+POS_DIVERGE	no	no		1	1
6	6.22	adhikam	adhika	nominal	yogino	yogin	nominal	LEMMA_DIVERGE	no	yes		1	1
6	6.22	tataḥ	tataḥ	indecl	yata	yam	verb	LEMMA+POS_DIVERGE	no	no		1	1
6	6.22	yasmin	yat	nominal	cittasya	citta	nominal	LEMMA_DIVERGE	no	yes		1	1
6	6.22	sthitaḥ	sthita	nominal	yuñjato	yuj	verb	LEMMA+POS_DIVERGE	no	no		1	1
6	6.22	na	na	indecl	yogam	yoga	nominal	LEMMA+POS_DIVERGE	no	no		1	1
6	6.22	duḥkhena	duḥkha	nominal	ātmanaḥ	ātman	nominal	LEMMA_DIVERGE	no	yes		1	1
6	6.22	guruṇā	guru	nominal	yatra	yatra	indecl	LEMMA+POS_DIVERGE	no	no		1	1
6	6.22	api	api	indecl	uparamate	uparam	verb	LEMMA+POS_DIVERGE	no	no		1	1
6	6.22	vicālyate	vi-√cal	verb	cittaṃ	citta	nominal	LEMMA+POS_DIVERGE	no	no		1	1
6	6.23	tam	tat	nominal	niruddhaṃ	nirudh	verb	LEMMA+POS_DIVERGE	no	no		1	1
6	6.23	vidyāt	√vid	verb	yoga	yoga	nominal	LEMMA+POS_DIVERGE	no	no		1	1
6	6.23	duḥkha-saṁyoga-viyogam	duḥkha-saṁyoga-viyoga	nominal	sevayā	sevā	nominal	LEMMA_DIVERGE	no	yes		1	1
6	6.23	yoga-saṁjñitam	yoga-saṁjñita	nominal	yatra	yatra	indecl	LEMMA+POS_DIVERGE	no	no		1	1
6	6.23	saḥ	tat	nominal	ca	ca	indecl	LEMMA+POS_DIVERGE	no	no		1	1
6	6.23	niścayena	niścayena	indecl	eva	eva	indecl	LEMMA_DIVERGE	no	yes		1	1
6	6.23	yoktavyaḥ	yoktavya	nominal	ātmanā	ātman	nominal	LEMMA_DIVERGE	no	yes		1	1
6	6.23	yogaḥ	yoga	nominal	ātmānam	ātman	nominal	LEMMA_DIVERGE	no	yes		1	1
6	6.23	anirviṇṇa-cetasā	a-nirviṇṇa-cetas	nominal	paśyan	dṛś	verb	LEMMA+POS_DIVERGE	no	no		1	1
6	6.24	saṁkalpa-prabhavān	saṁkalpa-prabhava	nominal	ātmani	ātman	nominal	LEMMA_DIVERGE	no	yes		1	1
6	6.24	kāmān	kāma	nominal	tuṣyati	tuṣ	verb	LEMMA+POS_DIVERGE	no	no		1	1
6	6.24	tyaktvā	√tyaj	unknown	sukham	sukha	nominal	LEMMA+POS_DIVERGE	no	no		1	1
6	6.24	sarvān	sarva	nominal	ātyantikam	ātyantika	indecl	LEMMA+POS_DIVERGE	no	no		1	1
6	6.24	aśeṣataḥ	aśeṣataḥ	indecl	yat	yad	nominal	LEMMA+POS_DIVERGE	no	no		1	1
6	6.24	manasā	manas	nominal	tat	tad	nominal	LEMMA_DIVERGE	no	yes		1	1
6	6.24	eva	eva	indecl	buddhi	buddhi	nominal	LEMMA+POS_DIVERGE	no	no		1	1
6	6.24	indriya-grāmam	indriya-grāma	nominal	grāhyam	grah	verb	LEMMA+POS_DIVERGE	no	no		1	1
6	6.24	viniyamya	vi-ni-√yam	unknown	atīndriyam	atīndriya	indecl	LEMMA+POS_DIVERGE	no	no		1	1
6	6.24	samantataḥ	samantataḥ	indecl	vetti	vid	verb	LEMMA+POS_DIVERGE	no	no		1	1
6	6.25	śanaiḥ śanaiḥ	śanaiḥ śanaiḥ	indecl	yatra	yatra	indecl	LEMMA_DIVERGE	no	yes		1	1
6	6.25	uparamet	upa-√ram	verb	na	na	indecl	LEMMA+POS_DIVERGE	no	no		1	1
6	6.25	buddhyā	buddhi	nominal	ca	ca	indecl	LEMMA+POS_DIVERGE	no	no		1	1
6	6.25	dhṛti-gṛhītayā	dhṛti-gṛhītā	nominal	eva	eva	indecl	LEMMA+POS_DIVERGE	no	no		1	1
6	6.25	ātma-saṁstham	ātma-saṁstha	nominal	ayam	idam	nominal	LEMMA_DIVERGE	no	yes		1	1
6	6.25	manaḥ	manas	nominal	sthitaḥ	sthā	verb	LEMMA+POS_DIVERGE	no	no		1	1
6	6.25	kṛtvā	kṛ	unknown	calati	cal	verb	LEMMA+POS_DIVERGE	no	no		1	1
6	6.25	na	na	indecl	tattvataḥ	tattva	nominal	LEMMA+POS_DIVERGE	no	no		1	1
6	6.25	kiṁ-cit	kiṁ-cit	nominal	yaṃ	yad	nominal	LEMMA_DIVERGE	no	yes		1	1
6	6.25	api	api	indecl	labdhvā	labh	verb	LEMMA+POS_DIVERGE	no	no		1	1
6	6.25	cintayet	√cint	verb	ca	ca	indecl	LEMMA+POS_DIVERGE	no	no		1	1
6	6.26	yataḥ yataḥ	yataḥ yataḥ	indecl	aparam	apara	nominal	LEMMA+POS_DIVERGE	no	no		1	1
6	6.26	niścarati	niḥ-√car	verb	lābhaṃ	lābha	nominal	LEMMA+POS_DIVERGE	no	no		1	1
6	6.26	manaḥ	manas	nominal	manyate	man	verb	LEMMA+POS_DIVERGE	no	no		1	1
6	6.26	cañcalam	cañcala	nominal	na	na	indecl	LEMMA+POS_DIVERGE	no	no		1	1
6	6.26	asthiram	a-sthira	nominal	adhikam	adhika	indecl	LEMMA+POS_DIVERGE	no	no		1	1
6	6.26	tataḥ tataḥ	tataḥ tataḥ	indecl	tataḥ	tatas	indecl	LEMMA_DIVERGE	no	yes		1	1
6	6.26	niyamya	ni-√yam	unknown	yasmin	yad	nominal	LEMMA+POS_DIVERGE	no	no		1	1
6	6.26	etat	etat	nominal	sthitaḥ	sthā	verb	LEMMA+POS_DIVERGE	no	no		1	1
6	6.26	ātmani	ātman	nominal	na	na	indecl	LEMMA+POS_DIVERGE	no	no		1	1
6	6.26	eva	eva	indecl	duḥkhena	duḥkha	nominal	LEMMA+POS_DIVERGE	no	no		1	1
6	6.26	vaśam	vaśa	nominal	guruṇā	guru	indecl	LEMMA+POS_DIVERGE	no	no		1	1
6	6.26	nayet	√nī	verb	api	api	indecl	LEMMA+POS_DIVERGE	no	no		1	1
6	6.27	praśānta-manasam	praśānta-manas	nominal	vicālyate	vicālay	verb	LEMMA+POS_DIVERGE	no	no		1	1
6	6.27	hi	hi	indecl	taṃ	tad	nominal	LEMMA+POS_DIVERGE	no	no		1	1
6	6.27	enam	etat	nominal	vidyāt	vid	verb	LEMMA+POS_DIVERGE	no	no		1	1
6	6.27	yoginam	yogin	nominal	duḥkha	duḥkha	nominal	LEMMA_DIVERGE	no	yes		1	1
6	6.27	sukham	sukha	nominal	saṃyoga	saṃyoga	nominal	LEMMA_DIVERGE	no	yes		1	1
6	6.27	uttamam	uttama	nominal	viyogam	viyoga	nominal	LEMMA_DIVERGE	no	yes		1	1
6	6.27	upaiti	upa-√i	verb	yoga	yoga	nominal	LEMMA+POS_DIVERGE	no	no		1	1
6	6.27	śānta-rajasam	śānta-rajas	nominal	saṃjñitam	saṃjñita	indecl	LEMMA+POS_DIVERGE	no	no		1	1
6	6.27	brahma-bhūtam	brahma-bhūta	nominal	sa	tad	nominal	LEMMA_DIVERGE	no	yes		1	1
6	6.27	akalmaṣam	a-kalmaṣa	nominal	niścayena	niścaya	nominal	LEMMA_DIVERGE	no	yes		1	1
6	6.28	yuñjan	yuñjant	nominal	yoktavyo	yuj	verb	LEMMA+POS_DIVERGE	no	no		1	1
6	6.28	evam	evam	indecl	yogo	yoga	nominal	LEMMA+POS_DIVERGE	no	no		1	1
6	6.28	sadā	sadā	indecl	anirviṇṇa	anirviṇṇa	indecl	LEMMA_DIVERGE	no	yes		1	1
6	6.28	ātmānam	ātman	nominal	cetasā	cetas	nominal	LEMMA_DIVERGE	no	yes		1	1
6	6.28	yogī	yogin	nominal	saṃkalpa	saṃkalpa	nominal	LEMMA_DIVERGE	no	yes		1	1
6	6.28	vigata-kalmaṣaḥ	vigata-kalmaṣa	nominal	prabhavān	prabhava	nominal	LEMMA_DIVERGE	no	yes		1	1
6	6.28	sukhena	sukhena	indecl	kāmān	kāma	nominal	LEMMA+POS_DIVERGE	no	no		1	1
6	6.28	brahma-saṁsparśam	brahma-saṁsparśa	nominal	tyaktvā	tyaj	verb	LEMMA+POS_DIVERGE	no	no		1	1
6	6.28	atyantam	aty-anta	nominal	sarvān	sarva	nominal	LEMMA_DIVERGE	no	yes		1	1
6	6.28	sukham	sukha	nominal	aśeṣatas	aśeṣatas	indecl	LEMMA+POS_DIVERGE	no	no		1	1
6	6.28	aśnute	√aś	verb	manasā	manas	nominal	LEMMA+POS_DIVERGE	no	no		1	1
6	6.29	sarva-bhūta-stham	sarva-bhūta-stha	nominal	eva	eva	indecl	LEMMA+POS_DIVERGE	no	no		1	1
6	6.29	ātmānam	ātman	nominal	indriya	indriya	nominal	LEMMA_DIVERGE	no	yes		1	1
6	6.29	sarva-bhūtāni	sarva-bhūta	nominal	grāmam	grāma	nominal	LEMMA_DIVERGE	no	yes		1	1
6	6.29	ca	ca	indecl	viniyamya	viniyam	verb	LEMMA+POS_DIVERGE	no	no		1	1
6	6.29	ātmani	ātman	nominal	samantataḥ	samantataḥ	indecl	LEMMA+POS_DIVERGE	no	no		1	1
6	6.29	īkṣate	√īkṣ	verb	śanaiḥ	śanais	indecl	LEMMA+POS_DIVERGE	no	no		1	1
6	6.29	yoga-yuktātmā	yoga-yuktātman	nominal	śanais	śanais	indecl	LEMMA+POS_DIVERGE	no	no		1	1
6	6.29	sarvatra	sarvatra	indecl	uparamet	uparam	verb	LEMMA+POS_DIVERGE	no	no		1	1
6	6.29	sama-darśanaḥ	sama-darśana	nominal	buddhyā	buddhi	nominal	LEMMA_DIVERGE	no	yes		1	1
6	6.30	yaḥ	yat	nominal	dhṛti	dhṛti	nominal	LEMMA_DIVERGE	no	yes		1	1
6	6.30	mām	asmat	nominal	gṛhītayā	grah	verb	LEMMA+POS_DIVERGE	no	no		1	1
6	6.30	paśyati	√dṛś	verb	ātma	ātman	nominal	LEMMA+POS_DIVERGE	no	no		1	1
6	6.30	sarvatra	sarvatra	indecl	saṃstham	saṃstha	indecl	LEMMA_DIVERGE	no	yes		1	1
6	6.30	sarvam	sarva	nominal	manaḥ	manas	nominal	LEMMA_DIVERGE	no	yes		1	1
6	6.30	ca	ca	indecl	kṛtvā	kṛ	verb	LEMMA+POS_DIVERGE	no	no		1	1
6	6.30	mayi	asmat	nominal	na	na	indecl	LEMMA+POS_DIVERGE	no	no		1	1
6	6.30	paśyati	√dṛś	verb	kiṃcid	kaścit	nominal	LEMMA+POS_DIVERGE	no	no		1	1
6	6.30	tasya	tat	nominal	api	api	indecl	LEMMA+POS_DIVERGE	no	no		1	1
6	6.30	aham	asmat	nominal	cintayet	cintay	verb	LEMMA+POS_DIVERGE	no	no		1	1
6	6.30	na	na	indecl	yato	yatas	indecl	LEMMA_DIVERGE	no	yes		1	1
6	6.30	praṇaśyāmi	pra–√naś	verb	yato	yatas	indecl	LEMMA+POS_DIVERGE	no	no		1	1
6	6.30	saḥ	tat	nominal	niścarati	niścar	verb	LEMMA+POS_DIVERGE	no	no		1	1
6	6.30	ca	ca	indecl				DCS_ONLY				1	0
6	6.30	me|na	asmat|na	nominal|indecl	manaḥ	manas	nominal	MERGE	n/a	n/a		2	1
6	6.30	praṇaśyati	pra–√naś	verb	cañcalam	cañcala	indecl	LEMMA+POS_DIVERGE	no	no		1	1
6	6.31	sarva-bhūta-sthitam	sarva-bhūta-sthita	nominal	asthiram	asthira	indecl	LEMMA+POS_DIVERGE	no	no		1	1
6	6.31	yaḥ	yat	nominal	tatas	tatas	indecl	LEMMA+POS_DIVERGE	no	no		1	1
6	6.31	mām	asmat	nominal	tatas	tatas	indecl	LEMMA+POS_DIVERGE	no	no		1	1
6	6.31	bhajati	√bhaj	verb	niyamya	niyam	verb	LEMMA_DIVERGE	no	yes		1	1
6	6.31	ekatvam	eka-tva	nominal	etat	etad	nominal	LEMMA_DIVERGE	no	yes		1	1
6	6.31	āsthitaḥ	āsthita	nominal	ātmani	ātman	nominal	LEMMA_DIVERGE	no	yes		1	1
6	6.31	sarvathā	sarvathā	indecl	eva	eva	indecl	LEMMA_DIVERGE	no	yes		1	1
6	6.31	vartamānaḥ	vartamāna	nominal	vaśaṃ	vaśa	nominal	LEMMA_DIVERGE	no	yes		1	1
6	6.31	api	api	indecl	nayet	nī	verb	LEMMA+POS_DIVERGE	no	no		1	1
6	6.31	saḥ	tat	nominal	praśānta	praśam	verb	LEMMA+POS_DIVERGE	no	no		1	1
6	6.31	yogī	yogin	nominal	manasam	manas	nominal	LEMMA_DIVERGE	no	yes		1	1
6	6.31	mayi	asmat	nominal	hi	hi	indecl	LEMMA+POS_DIVERGE	no	no		1	1
6	6.31	vartate	√vṛt	verb	enam	enad	nominal	LEMMA+POS_DIVERGE	no	no		1	1
6	6.32	ātmaupamyena	ātma-aupamya	nominal	yoginaṃ	yogin	nominal	LEMMA_DIVERGE	no	yes		1	1
6	6.32	sarvatra	sarvatra	indecl	sukham	sukha	nominal	LEMMA+POS_DIVERGE	no	no		1	1
6	6.32	samam	sama	nominal	uttamam	uttama	indecl	LEMMA+POS_DIVERGE	no	no		1	1
6	6.32	paśyati	√dṛś	verb	upaiti	upe	verb	LEMMA_DIVERGE	no	yes		1	1
6	6.32	yaḥ	yat	nominal	śānta	śam	verb	LEMMA+POS_DIVERGE	no	no		1	1
6	6.32	arjuna	arjuna	nominal	rajasam	rajas	nominal	LEMMA_DIVERGE	no	yes		1	1
6	6.32	sukham	sukha	nominal	brahma	brahman	nominal	LEMMA_DIVERGE	no	yes		1	1
6	6.32	vā	vā	indecl	bhūtam	bhū	verb	LEMMA+POS_DIVERGE	no	no		1	1
6	6.32	yadi	yadi	indecl	akalmaṣam	akalmaṣa	indecl	LEMMA_DIVERGE	no	yes		1	1
6	6.32	vā	vā	indecl	yuñjan	yuj	verb	LEMMA+POS_DIVERGE	no	no		1	1
6	6.32	duḥkham	duḥkha	nominal	evam	evam	indecl	LEMMA+POS_DIVERGE	no	no		1	1
6	6.32	saḥ	tat	nominal	sadā	sadā	indecl	LEMMA+POS_DIVERGE	no	no		1	1
6					ātmānam	ātman	nominal	GOLD_ONLY				0	1
6	6.32	yogī	yogin	nominal	yogī	yogin	nominal	MATCH	yes	yes		1	1
6	6.32	paramaḥ	parama	nominal	vigata	vigam	verb	LEMMA+POS_DIVERGE	no	no		1	1
6	6.32	mataḥ	mata	nominal	kalmaṣaḥ	kalmaṣa	nominal	LEMMA_DIVERGE	no	yes		1	1
6	6.33	arjunaḥ	arjuna	nominal	sukhena	sukhena	indecl	LEMMA+POS_DIVERGE	no	no		1	1
6	6.33	uvāca	√vac	verb	brahma	brahman	nominal	LEMMA+POS_DIVERGE	no	no		1	1
6	6.33	yaḥ	yat	nominal	saṃsparśam	saṃsparśa	nominal	LEMMA_DIVERGE	no	yes		1	1
6	6.33	ayam	idam	nominal	atyantam	atyanta	indecl	LEMMA+POS_DIVERGE	no	no		1	1
6	6.33	yogaḥ	yoga	nominal	sukham	sukha	nominal	LEMMA_DIVERGE	no	yes		1	1
6	6.33	tvayā	yuṣmat	nominal	aśnute	aś	verb	LEMMA+POS_DIVERGE	no	no		1	1
6	6.33	proktaḥ	prokta	nominal	sarva	sarva	nominal	LEMMA_DIVERGE	no	yes		1	1
6	6.33	sāmyena	sāmya	nominal	bhūta	bhūta	nominal	LEMMA_DIVERGE	no	yes		1	1
6	6.33	madhusūdana	madhu-sūdana	nominal	stham	stha	indecl	LEMMA+POS_DIVERGE	no	no		1	1
6	6.33	etasya	etat	nominal	ātmānam	ātman	nominal	LEMMA_DIVERGE	no	yes		1	1
6	6.33	aham	asmat	nominal	sarva	sarva	nominal	LEMMA_DIVERGE	no	yes		1	1
6	6.33	na	na	indecl	bhūtāni	bhūta	nominal	LEMMA+POS_DIVERGE	no	no		1	1
6	6.33	paśyāmi	√dṛś	verb	ca	ca	indecl	LEMMA+POS_DIVERGE	no	no		1	1
6	6.33	cañcalatvāt	cañcala-tva	nominal	ātmani	ātman	nominal	LEMMA_DIVERGE	no	yes		1	1
6	6.33	sthitim	sthiti	nominal	īkṣate	īkṣ	verb	LEMMA+POS_DIVERGE	no	no		1	1
6	6.33	sthirām	sthirā	nominal	yoga	yoga	nominal	LEMMA_DIVERGE	no	yes		1	1
6	6.34	cañcalam	cañcala	nominal	yukta	yuj	verb	LEMMA+POS_DIVERGE	no	no		1	1
6	6.34	hi	hi	indecl	ātmā	ātman	nominal	LEMMA+POS_DIVERGE	no	no		1	1
6	6.34	manaḥ	manas	nominal	sarvatra	sarvatra	indecl	LEMMA+POS_DIVERGE	no	no		1	1
6	6.34	kṛṣṇa	kṛṣṇa	nominal	sama	sama	nominal	LEMMA_DIVERGE	no	yes		1	1
6	6.34	pramāthi	pra-māthin	nominal	darśanaḥ	darśana	nominal	LEMMA_DIVERGE	no	yes		1	1
6	6.34	balavat	balavant	nominal	yo	yad	nominal	LEMMA_DIVERGE	no	yes		1	1
6	6.34	dṛḍham	dṛḍha	nominal	māṃ	mad	nominal	LEMMA_DIVERGE	no	yes		1	1
6	6.34	tasya	tat	nominal	paśyati	dṛś	verb	LEMMA+POS_DIVERGE	no	no		1	1
6	6.34	aham	asmat	nominal	sarvatra	sarvatra	indecl	LEMMA+POS_DIVERGE	no	no		1	1
6	6.34	nigraham	nigraha	nominal	sarvaṃ	sarva	nominal	LEMMA_DIVERGE	no	yes		1	1
6	6.34	manye	√man	verb	ca	ca	indecl	LEMMA+POS_DIVERGE	no	no		1	1
6	6.34	vāyoḥ	vāyu	nominal	mayi	mad	nominal	LEMMA_DIVERGE	no	yes		1	1
6	6.34	iva	iva	indecl	paśyati	dṛś	verb	LEMMA+POS_DIVERGE	no	no		1	1
6	6.34	suduṣkaram	su-duṣ-kara	nominal	tasya	tad	nominal	LEMMA_DIVERGE	no	yes		1	1
6	6.35	śrī-bhagavān	śrī-bhagavant	nominal	aham	mad	nominal	LEMMA_DIVERGE	no	yes		1	1
6	6.35	uvāca	√vac	verb	na	na	indecl	LEMMA+POS_DIVERGE	no	no		1	1
6	6.35	asaṁśayam	asaṁśayam	indecl	praṇaśyāmi	praṇaś	verb	LEMMA+POS_DIVERGE	no	no		1	1
6	6.35	mahābāho	mahā-bāhu	nominal	sa	tad	nominal	LEMMA_DIVERGE	no	yes		1	1
6					ca	ca	indecl	GOLD_ONLY				0	1
6	6.35	manaḥ	manas	nominal	me|na	mad|na	nominal|indecl	COMPOUND_SPLIT	n/a	n/a		1	2
6	6.35	durnigraham	dur-ni-graha	nominal	praṇaśyati	praṇaś	verb	LEMMA+POS_DIVERGE	no	no		1	1
6	6.35	calam	cala	nominal	sarva	sarva	nominal	LEMMA_DIVERGE	no	yes		1	1
6	6.35	abhyāsena	abhy-āsa	nominal	bhūta	bhūta	nominal	LEMMA_DIVERGE	no	yes		1	1
6	6.35	tu	tu	indecl	sthitam	sthā	verb	LEMMA+POS_DIVERGE	no	no		1	1
6	6.35	kaunteya	kaunteya	nominal	yo	yad	nominal	LEMMA_DIVERGE	no	yes		1	1
6	6.35	vairāgyeṇa	vai-rāgya	nominal	māṃ	mad	nominal	LEMMA_DIVERGE	no	yes		1	1
6	6.35	ca	ca	indecl	bhajati	bhaj	verb	LEMMA+POS_DIVERGE	no	no		1	1
6	6.35	gṛhyate	√grah	verb	eka	eka	indecl	LEMMA+POS_DIVERGE	no	no		1	1
6	6.36	asaṁyatātmanā	a-saṁyata-ātman	nominal	tvam	tva	nominal	LEMMA_DIVERGE	no	yes		1	1
6	6.36	yogaḥ	yoga	nominal	āsthitaḥ	āsthā	verb	LEMMA+POS_DIVERGE	no	no		1	1
6	6.36	duṣprāpaḥ	duṣprāpa	nominal	sarvathā	sarvathā	indecl	LEMMA+POS_DIVERGE	no	no		1	1
6	6.36	iti	iti	indecl	vartamāno	vṛt	verb	LEMMA+POS_DIVERGE	no	no		1	1
6	6.36	me	asmat	nominal	'pi	api	indecl	LEMMA+POS_DIVERGE	no	no		1	1
6	6.36	matiḥ	mati	nominal	sa	tad	nominal	LEMMA_DIVERGE	no	yes		1	1
6	6.36	vaśyātmanā	vaśya-ātman	nominal	yogī	yogin	nominal	LEMMA_DIVERGE	no	yes		1	1
6	6.36	tu	tu	indecl	mayi	mad	nominal	LEMMA+POS_DIVERGE	no	no		1	1
6	6.36	yatatā	yatant	nominal	vartate	vṛt	verb	LEMMA+POS_DIVERGE	no	no		1	1
6	6.36	śakyaḥ	śakya	nominal	ātma	ātman	nominal	LEMMA_DIVERGE	no	yes		1	1
6	6.36	avāptum	ava-√āp	unknown	aupamyena	aupamya	nominal	LEMMA+POS_DIVERGE	no	no		1	1
6	6.36	upāyataḥ	upāyataḥ	indecl	sarvatra	sarvatra	indecl	LEMMA_DIVERGE	no	yes		1	1
6	6.37	arjunaḥ	arjuna	nominal	samaṃ	sama	nominal	LEMMA_DIVERGE	no	yes		1	1
6	6.37	uvāca	√vac	verb	paśyati	dṛś	verb	LEMMA_DIVERGE	no	yes		1	1
6	6.37	ayatiḥ	a-yati	nominal	yo	yad	nominal	LEMMA_DIVERGE	no	yes		1	1
6	6.37	śraddhayā	śraddhā	nominal	'rjuna	arjuna	nominal	LEMMA_DIVERGE	no	yes		1	1
6	6.37	upetaḥ	upeta	nominal	sukhaṃ	sukha	nominal	LEMMA_DIVERGE	no	yes		1	1
6	6.37	yogāt	yoga	nominal	vā	vā	indecl	LEMMA+POS_DIVERGE	no	no		1	1
6	6.37	calita-mānasaḥ	calita-mānasa	nominal	yadi	yadi	indecl	LEMMA+POS_DIVERGE	no	no		1	1
6	6.37	aprāpya	pra-√āp	unknown	vā	vā	indecl	LEMMA+POS_DIVERGE	no	no		1	1
6	6.37	yoga-saṁsiddhim	yoga-sam-siddhi	nominal	duḥkhaṃ	duḥkha	nominal	LEMMA_DIVERGE	no	yes		1	1
6	6.37	kām	kim	nominal	sa	tad	nominal	LEMMA_DIVERGE	no	yes		1	1
6	6.37	gatim	gati	nominal	yogī	yogin	nominal	LEMMA_DIVERGE	no	yes		1	1
6	6.37	kṛṣṇa	kṛṣṇa	nominal	paramo	parama	indecl	LEMMA+POS_DIVERGE	no	no		1	1
6	6.37	gacchati	√gam	verb	mataḥ	man	verb	LEMMA_DIVERGE	no	yes		1	1
6	6.38	kac-cit	kac-cit	indecl	arjuna	arjuna	nominal	LEMMA+POS_DIVERGE	no	no		1	1
6	6.38	na	na	indecl	uvāca	vac	verb	LEMMA+POS_DIVERGE	no	no		1	1
6	6.38	ubhaya-vibhraṣṭaḥ	ubhaya-vibhraṣṭa	nominal	yo	yad	nominal	LEMMA_DIVERGE	no	yes		1	1
6	6.38	chinnābhram	chinna-abhra	nominal	'yaṃ	idam	nominal	LEMMA_DIVERGE	no	yes		1	1
6	6.38	iva	iva	indecl	yogaḥ	yoga	nominal	LEMMA+POS_DIVERGE	no	no		1	1
6	6.38	naśyati	√naś	verb	tvayā	tvad	nominal	LEMMA+POS_DIVERGE	no	no		1	1
6	6.38	apratiṣṭhaḥ	a-pratiṣṭha	nominal	proktaḥ	pravac	verb	LEMMA+POS_DIVERGE	no	no		1	1
6	6.38	mahābāho	mahā-bāhu	nominal	sāmyena	sāmya	nominal	LEMMA_DIVERGE	no	yes		1	1
6	6.38	vimūḍhaḥ	vimūḍha	nominal	madhusūdana	madhusūdana	nominal	LEMMA_DIVERGE	no	yes		1	1
6	6.38	brahmaṇaḥ	brahman	nominal	etasya	etad	nominal	LEMMA_DIVERGE	no	yes		1	1
6	6.38	pathi	pathin	nominal	aham	mad	nominal	LEMMA_DIVERGE	no	yes		1	1
6	6.39	etat	etat	nominal	na	na	indecl	LEMMA+POS_DIVERGE	no	no		1	1
6	6.39	me	asmat	nominal	paśyāmi	dṛś	verb	LEMMA+POS_DIVERGE	no	no		1	1
6	6.39	saṁśayam	saṁśaya	nominal	cañcala	cañcala	indecl	LEMMA+POS_DIVERGE	no	no		1	1
6	6.39	kṛṣṇa	kṛṣṇa	nominal	tvāt	tva	nominal	LEMMA_DIVERGE	no	yes		1	1
6	6.39	chettum	√chid	unknown	sthitim	sthiti	nominal	LEMMA+POS_DIVERGE	no	no		1	1
6	6.39	arhasi	√arh	verb	sthirām	sthira	indecl	LEMMA+POS_DIVERGE	no	no		1	1
6	6.39	aśeṣataḥ	aśeṣataḥ	indecl	cañcalaṃ	cañcala	indecl	LEMMA_DIVERGE	no	yes		1	1
6	6.39	tvad-anyaḥ	tvad-anya	nominal	hi	hi	indecl	LEMMA+POS_DIVERGE	no	no		1	1
6	6.39	saṁśayasya	saṁśaya	nominal	manaḥ	manas	nominal	LEMMA_DIVERGE	no	yes		1	1
6	6.39	asya	idam	nominal	kṛṣṇa	kṛṣṇa	nominal	LEMMA_DIVERGE	no	yes		1	1
6	6.39	chettā	chettṛ	nominal	pramāthi	pramāthin	indecl	LEMMA+POS_DIVERGE	no	no		1	1
6	6.39	na	na	indecl	balavat	balavat	indecl	LEMMA_DIVERGE	no	yes		1	1
6	6.39	hi	hi	indecl	dṛḍham	dṛḍham	indecl	LEMMA_DIVERGE	no	yes		1	1
6	6.39	upapadyate	upa-√pad	verb	tasya	tad	nominal	LEMMA+POS_DIVERGE	no	no		1	1
6	6.40	śrī-bhagavān	śrī-bhagavant	nominal	aham	mad	nominal	LEMMA_DIVERGE	no	yes		1	1
6	6.40	uvāca	√vac	verb	nigrahaṃ	nigraha	nominal	LEMMA+POS_DIVERGE	no	no		1	1
6	6.40	pārtha	pārtha	nominal	manye	man	verb	LEMMA+POS_DIVERGE	no	no		1	1
6	6.40	na	na	indecl	vāyoḥ	vāyu	nominal	LEMMA+POS_DIVERGE	no	no		1	1
6	6.40	eva	eva	indecl	iva	iva	indecl	LEMMA_CONVENTION	no	yes	vowel-sandhi/contraction	1	1
6	6.40	iha	iha	indecl	su	su	indecl	LEMMA_DIVERGE	no	yes		1	1
6	6.40	na	na	indecl	duṣkaram	duṣkara	indecl	LEMMA_DIVERGE	no	yes		1	1
6	6.40	amutra	amutra	indecl	śrī	śrī	nominal	LEMMA+POS_DIVERGE	no	no		1	1
6	6.40	vināśaḥ	vināśa	nominal	bhagavān	bhagavant	nominal	LEMMA_DIVERGE	no	yes		1	1
6	6.40	tasya	tat	nominal	uvāca	vac	verb	LEMMA+POS_DIVERGE	no	no		1	1
6	6.40	vidyate	√vid	verb	asaṃśayaṃ	asaṃśayam	indecl	LEMMA+POS_DIVERGE	no	no		1	1
6	6.40	na	na	indecl	mahā	mahat	indecl	LEMMA_DIVERGE	no	yes		1	1
6	6.40	hi	hi	indecl	bāho	bāhu	nominal	LEMMA+POS_DIVERGE	no	no		1	1
6	6.40	kalyāṇa-kṛt	kalyāṇa-kṛt	nominal	mano	manas	nominal	LEMMA_DIVERGE	no	yes		1	1
6	6.40	kaś-cit	kim-cit	nominal	durnigrahaṃ	durnigraha	indecl	LEMMA+POS_DIVERGE	no	no		1	1
6	6.40	durgatim	dur-gati	nominal	calam	cala	indecl	LEMMA+POS_DIVERGE	no	no		1	1
6	6.40	tāta	tāta	nominal	abhyāsena	abhyāsa	nominal	LEMMA_DIVERGE	no	yes		1	1
6	6.40	gacchati	√gam	verb	tu	tu	indecl	LEMMA+POS_DIVERGE	no	no		1	1
6	6.41	prāpya	pra-√āp	unknown	kaunteya	kaunteya	nominal	LEMMA+POS_DIVERGE	no	no		1	1
6	6.41	puṇya-kṛtān	puṇya-kṛta	nominal	vairāgyeṇa	vairāgya	nominal	LEMMA_DIVERGE	no	yes		1	1
6	6.41	lokān	loka	nominal	ca	ca	indecl	LEMMA+POS_DIVERGE	no	no		1	1
6	6.41	uṣitvā	√vas	unknown	gṛhyate	grah	verb	LEMMA+POS_DIVERGE	no	no		1	1
6	6.41	śāśvatīḥ	śāśvatī	nominal	asaṃyata	asaṃyata	indecl	LEMMA+POS_DIVERGE	no	no		1	1
6	6.41	samāḥ	samā	nominal	ātmanā	ātman	nominal	LEMMA_DIVERGE	no	yes		1	1
6	6.41	śucīnām	śucin	nominal	yogo	yoga	nominal	LEMMA_DIVERGE	no	yes		1	1
6	6.41	śrī-matām	śrī-mat	nominal	duṣprāpa	duṣprāpa	indecl	LEMMA+POS_DIVERGE	no	no		1	1
6	6.41	gehe	geha	nominal	iti	iti	indecl	LEMMA+POS_DIVERGE	no	no		1	1
6	6.41	yoga-bhraṣṭaḥ	yoga-bhraṣṭa	nominal	me	mad	nominal	LEMMA_DIVERGE	no	yes		1	1
6	6.41	abhijāyate	abhi-√jan	verb	matiḥ	mati	nominal	LEMMA+POS_DIVERGE	no	no		1	1
6	6.42	atha	atha	indecl	vaśya	vaśya	indecl	LEMMA_DIVERGE	no	yes		1	1
6	6.42	vā	vā	indecl	ātmanā	ātman	nominal	LEMMA+POS_DIVERGE	no	no		1	1
6	6.42	yoginām	yogin	nominal	tu	tu	indecl	LEMMA+POS_DIVERGE	no	no		1	1
6	6.42	eva	eva	indecl	yatatā	yat	verb	LEMMA+POS_DIVERGE	no	no		1	1
6	6.42	kule	kula	nominal	śakyo	śakya	indecl	LEMMA+POS_DIVERGE	no	no		1	1
6	6.42	bhavati	√bhū	verb	avāptum	avāp	verb	LEMMA_DIVERGE	no	yes		1	1
6	6.42	dhīmatām	dhīmant	nominal	upāyataḥ	upāya	nominal	LEMMA_DIVERGE	no	yes		1	1
6	6.42	etat	etat	nominal	arjuna	arjuna	nominal	LEMMA_DIVERGE	no	yes		1	1
6	6.42	hi	hi	indecl	uvāca	vac	verb	LEMMA+POS_DIVERGE	no	no		1	1
6	6.42	durlabhataram	dur-labha-tara	nominal	ayatiḥ	ayati	nominal	LEMMA_DIVERGE	no	yes		1	1
6	6.42	loke	loka	nominal	śraddhayā	śraddhā	nominal	LEMMA_DIVERGE	no	yes		1	1
6	6.42	janma	janman	nominal	upetaḥ	upe	verb	LEMMA+POS_DIVERGE	no	no		1	1
6	6.42	yat	yat	nominal	yogāt	yoga	nominal	LEMMA_DIVERGE	no	yes		1	1
6	6.42	īdṛśam	īdṛśa	nominal	calita	cal	verb	LEMMA+POS_DIVERGE	no	no		1	1
6	6.43	tatra	tatra	indecl	mānasaḥ	mānasa	nominal	LEMMA+POS_DIVERGE	no	no		1	1
6	6.43	tam	tat	nominal	a	a	indecl	LEMMA+POS_DIVERGE	no	no		1	1
6	6.43	buddhi-saṁyogam	buddhi-saṁyoga	nominal	prāpya	prāp	verb	LEMMA+POS_DIVERGE	no	no		1	1
6	6.43	labhate	√labh	verb	yoga	yoga	nominal	LEMMA+POS_DIVERGE	no	no		1	1
6	6.43	paurva-dehikam	paurva-dehika	nominal	saṃsiddhim	saṃsiddhi	nominal	LEMMA_DIVERGE	no	yes		1	1
6	6.43	yatate	√yat	verb	kāṃ	ka	nominal	LEMMA+POS_DIVERGE	no	no		1	1
6	6.43	ca	ca	indecl	gatiṃ	gati	nominal	LEMMA+POS_DIVERGE	no	no		1	1
6	6.43	tataḥ	tataḥ	indecl	kṛṣṇa	kṛṣṇa	nominal	LEMMA+POS_DIVERGE	no	no		1	1
6	6.43	bhūyaḥ	bhūyaḥ	indecl	gacchati	gam	verb	LEMMA+POS_DIVERGE	no	no		1	1
6	6.43	saṁsiddhau	sam-siddhi	nominal	kaccit	kaccit	indecl	LEMMA+POS_DIVERGE	no	no		1	1
6	6.43	kuru-nandana	kuru-nandana	nominal	na	na	indecl	LEMMA+POS_DIVERGE	no	no		1	1
6	6.44	pūrvābhyāsena	pūrvābhyāsa	nominal	ubhaya	ubhaya	indecl	LEMMA+POS_DIVERGE	no	no		1	1
6	6.44	tena	tat	nominal	vibhraṣṭaḥ	vibhraṃś	verb	LEMMA+POS_DIVERGE	no	no		1	1
6	6.44	eva	eva	indecl	chinna	chid	verb	LEMMA+POS_DIVERGE	no	no		1	1
6	6.44	hriyate	√hṛ	verb	abhram	abhra	nominal	LEMMA+POS_DIVERGE	no	no		1	1
6	6.44	hi	hi	indecl	iva	iva	indecl	LEMMA_DIVERGE	no	yes		1	1
6	6.44	avaśaḥ	avaśa	nominal	naśyati	naś	verb	LEMMA+POS_DIVERGE	no	no		1	1
6	6.44	api	api	indecl	apratiṣṭho	apratiṣṭha	indecl	LEMMA_DIVERGE	no	yes		1	1
6	6.44	saḥ	tat	nominal	mahā	mahat	indecl	LEMMA+POS_DIVERGE	no	no		1	1
6	6.44	jijñāsuḥ	jijñāsu	nominal	bāho	bāhu	nominal	LEMMA_DIVERGE	no	yes		1	1
6	6.44	api	api	indecl	vimūḍho	vimuh	verb	LEMMA+POS_DIVERGE	no	no		1	1
6	6.44	yogasya	yoga	nominal	brahmaṇaḥ	brahman	nominal	LEMMA_DIVERGE	no	yes		1	1
6	6.44	śabda-brahma	śabda-brahma	nominal	pathi	pathin	nominal	LEMMA_DIVERGE	no	yes		1	1
6	6.44	ativartate	pra-√vṛt	verb	etat	etad	nominal	LEMMA+POS_DIVERGE	no	no		1	1
6	6.45	prayatnāt	prayatna	nominal	me	mad	nominal	LEMMA_DIVERGE	no	yes		1	1
6	6.45	yatamānaḥ	yatamāna	nominal	saṃśayaṃ	saṃśaya	nominal	LEMMA_DIVERGE	no	yes		1	1
6	6.45	tu	tu	indecl	kṛṣṇa	kṛṣṇa	nominal	LEMMA+POS_DIVERGE	no	no		1	1
6	6.45	yogī	yogin	nominal	chettum	chid	verb	LEMMA+POS_DIVERGE	no	no		1	1
6	6.45	saṁśuddha-kilbiṣaḥ	saṁśuddha-kilbiṣa	nominal	arhasi	arh	verb	LEMMA+POS_DIVERGE	no	no		1	1
6	6.45	aneka-janma-saṁsiddhaḥ	aneka-janma-saṁsiddha	nominal	aśeṣatas	aśeṣatas	indecl	LEMMA+POS_DIVERGE	no	no		1	1
6	6.45	tataḥ	tataḥ	indecl	tvat	tvad	nominal	LEMMA+POS_DIVERGE	no	no		1	1
6	6.45	yāti	√yā	verb	anyaḥ	anya	nominal	LEMMA+POS_DIVERGE	no	no		1	1
6	6.45	parām	para	nominal	saṃśayasya	saṃśaya	nominal	LEMMA_DIVERGE	no	yes		1	1
6	6.45	gatim	gati	nominal	asya	idam	nominal	LEMMA_DIVERGE	no	yes		1	1
6	6.46	tapasvibhyaḥ	tapasvin	nominal	chettā	chettṛ	indecl	LEMMA+POS_DIVERGE	no	no		1	1
6	6.46	adhikaḥ	adhika	nominal	na	na	indecl	LEMMA+POS_DIVERGE	no	no		1	1
6	6.46	yogī	yogin	nominal	hi	hi	indecl	LEMMA+POS_DIVERGE	no	no		1	1
6	6.46	jñānibhyaḥ	jñānin	nominal	upapadyate	upapad	verb	LEMMA+POS_DIVERGE	no	no		1	1
6	6.46	api	api	indecl	śrī	śrī	nominal	LEMMA+POS_DIVERGE	no	no		1	1
6	6.46	mataḥ	mata	nominal	bhagavān	bhagavant	nominal	LEMMA_DIVERGE	no	yes		1	1
6	6.46	adhikaḥ	adhika	nominal	uvāca	vac	verb	LEMMA+POS_DIVERGE	no	no		1	1
6	6.46	karmibhyaḥ	karmin	nominal	pārtha	pārtha	nominal	LEMMA_DIVERGE	no	yes		1	1
6	6.46	ca	ca	indecl	na	na	indecl	LEMMA_DIVERGE	no	yes		1	1
6	6.46	adhikaḥ	adhika	nominal	eva	eva	indecl	LEMMA+POS_DIVERGE	no	no		1	1
6	6.46	yogī	yogin	nominal	iha	iha	indecl	LEMMA+POS_DIVERGE	no	no		1	1
6	6.46	tasmāt	tasmāt	indecl	na	na	indecl	LEMMA_DIVERGE	no	yes		1	1
6	6.46	yogī	yogin	nominal	amutra	amutra	indecl	LEMMA+POS_DIVERGE	no	no		1	1
6	6.46	bhava	√bhū	verb	vināśaḥ	vināśa	nominal	LEMMA+POS_DIVERGE	no	no		1	1
6	6.46	arjuna	arjuna	nominal	tasya	tad	nominal	LEMMA_DIVERGE	no	yes		1	1
6	6.47	yoginām	yogin	nominal	vidyate	vid	verb	LEMMA+POS_DIVERGE	no	no		1	1
6	6.47	api	api	indecl	na	na	indecl	LEMMA_DIVERGE	no	yes		1	1
6	6.47	sarveṣām	sarva	nominal	hi	hi	indecl	LEMMA+POS_DIVERGE	no	no		1	1
6	6.47	mad-gatena	mad-gata	nominal	kalyāṇa	kalyāṇa	indecl	LEMMA+POS_DIVERGE	no	no		1	1
6	6.47	antar-ātmanā	antar-ātman	nominal	kṛt	kṛt	indecl	LEMMA+POS_DIVERGE	no	no		1	1
6	6.47	śraddhā-vān	śraddhā-vant	nominal	kaścid	kaścit	nominal	LEMMA_DIVERGE	no	yes		1	1
6	6.47	bhajate	√bhaj	verb	durgatim	durgati	nominal	LEMMA+POS_DIVERGE	no	no		1	1
6	6.47	yaḥ	yat	nominal	tāta	tāta	nominal	LEMMA_DIVERGE	no	yes		1	1
6	6.47	mām	asmat	nominal	gacchati	gam	verb	LEMMA+POS_DIVERGE	no	no		1	1
6	6.47	saḥ	tat	nominal	prāpya	prāp	verb	LEMMA+POS_DIVERGE	no	no		1	1
6	6.47	me	asmat	nominal	puṇya	puṇya	indecl	LEMMA+POS_DIVERGE	no	no		1	1
6	6.47	yuktatamaḥ	yukta-tama	nominal	kṛtām	kṛt	indecl	LEMMA+POS_DIVERGE	no	no		1	1
6	6.47	mataḥ	mata	nominal	lokān	loka	nominal	LEMMA_DIVERGE	no	yes		1	1
6					uṣitvā|śāśvatīḥ|samāḥ|śucīnāṃ|śrīmatāṃ|gehe|yoga|bhraṣṭaḥ|'bhijāyate|athavā|yoginām|eva|kule|bhavati|dhīmatām|etat|hi|durlabhataraṃ|loke|janma|yat|īdṛśam|tatra|taṃ|buddhi|saṃyogam|labhate|paurvadehikam|yatate|ca|tato|bhūyaḥ|saṃsiddhau|kuru|nandana|pūrva|abhyāsena|tena|eva|hriyate|hi|avaśaḥ|'pi|saḥ|jijñāsuḥ|api|yogasya|śabdabrahma|ativartate|prayatnāt|yatamānaḥ|tu|yogī|saṃśuddha|kilbiṣaḥ|aneka|janma|saṃsiddhaḥ|tatas|yāti|parāṃ|gatim|tapasvibhyo|'dhiko|yogī|jñānibhyo|'pi|mato|'dhikaḥ|karmibhyaḥ|ca|adhikaḥ|yogī|tasmāt|yogī|bhava|arjuna|yoginām|api|sarveṣāṃ|mad|gatena|antarātmanā|śraddhāvān|bhajate|yo|māṃ|sa|me|yuktatamo|mataḥ	vas|śāśvata|samā|śuci|śrīmat|geha|yoga|bhraṃś|abhijan|athavā|yogin|eva|kula|bhū|dhīmat|etad|hi|durlabhatara|loka|janman|yad|īdṛśa|tatra|tad|buddhi|saṃyoga|labh|paurvadehika|yat|ca|tatas|bhūyas|saṃsiddhi|kuru|nandana|pūrva|abhyāsa|tad|eva|hṛ|hi|avaśa|api|tad|jijñāsu|api|yoga|śabdabrahman|ativṛt|prayatna|yat|tu|yogin|saṃśudh|kilbiṣa|aneka|janman|saṃsidh|tatas|yā|para|gati|tapasvin|adhika|yogin|jñānin|api|man|adhika|karmin|ca|adhika|yogin|tasmāt|yogin|bhū|arjuna|yogin|api|sarva|mad|gam|antarātman|śraddhāvat|bhaj|yad|mad|tad|mad|yuktatama|man	verb|indecl|nominal|indecl|indecl|nominal|nominal|verb|verb|indecl|nominal|indecl|nominal|verb|indecl|nominal|indecl|indecl|nominal|nominal|nominal|indecl|indecl|nominal|nominal|nominal|verb|indecl|verb|indecl|indecl|indecl|nominal|nominal|nominal|nominal|nominal|nominal|indecl|verb|indecl|indecl|indecl|nominal|indecl|indecl|nominal|nominal|verb|nominal|verb|indecl|nominal|verb|nominal|nominal|nominal|verb|indecl|verb|nominal|nominal|nominal|indecl|nominal|indecl|indecl|verb|indecl|indecl|indecl|indecl|nominal|indecl|nominal|verb|nominal|nominal|indecl|nominal|nominal|verb|nominal|indecl|verb|nominal|nominal|nominal|nominal|indecl|verb	GOLD_ONLY				0	91
7	7.01	śrī-bhagavān	śrī-bhagavant	nominal	śrī|bhagavān	śrī|bhagavant	nominal|nominal	COMPOUND_SPLIT	n/a	n/a		1	2
7	7.01	uvāca	√vac	verb	uvāca	vac	verb	MATCH	yes	yes		1	1
7	7.01	mayi	asmat	nominal	mayi	mad	nominal	LEMMA_CONVENTION	no	yes	pronoun-stem	1	1
7	7.01	āsakta-manāḥ	ā-sakta-manas	nominal	āsakta|manāḥ	āsañj|manas	verb|nominal	COMPOUND_SPLIT	n/a	n/a		1	2
7	7.01	pārtha	pārtha	nominal	pārtha	pārtha	nominal	MATCH	yes	yes		1	1
7	7.01	yogam	yoga	nominal	yogaṃ	yoga	nominal	MATCH	yes	yes		1	1
7	7.01	yuñjan	yuñjant	nominal	yuñjan	yuj	verb	LEMMA+POS_DIVERGE	no	no		1	1
7	7.01	mad-āśrayaḥ	mad-āśraya	nominal	mad|āśrayaḥ	mad|āśraya	nominal|nominal	COMPOUND_SPLIT	n/a	n/a		1	2
7	7.01	asaṁśayam	asaṁśayam	indecl	asaṃśayaṃ	asaṃśayam	indecl	MATCH	yes	yes		1	1
7	7.01	samagram	samagra	nominal	samagraṃ|māṃ	samagra|mad	indecl|nominal	COMPOUND_SPLIT	n/a	n/a		1	2
7	7.01	mām	asmat	nominal				DCS_ONLY				1	0
7	7.01	yathā	yathā	indecl	yathā	yathā	indecl	MATCH	yes	yes		1	1
7	7.01	jñāsyasi	√jñā	verb	jñāsyasi	jñā	verb	MATCH	yes	yes		1	1
7	7.01	tat	tat	nominal	tat	tad	nominal	LEMMA_CONVENTION	no	yes	pronoun-stem	1	1
7	7.01	śṛṇu	√śru	verb	śṛṇu	śru	verb	MATCH	yes	yes		1	1
7	7.02	jñānam	jñāna	nominal	jñānaṃ	jñāna	nominal	MATCH	yes	yes		1	1
7	7.02	te	yuṣmat	nominal	te	tvad	nominal	LEMMA_CONVENTION	no	yes	pronoun-stem	1	1
7	7.02	aham	asmat	nominal	'haṃ	mad	nominal	LEMMA_CONVENTION	no	yes	pronoun-stem	1	1
7	7.02	sa-vijñānam	sa-vijñāna	nominal	sa|vijñānam	sa|vijñāna	indecl|nominal	COMPOUND_SPLIT	n/a	n/a		1	2
7	7.02	idam	idam	nominal	idam	idam	nominal	MATCH	yes	yes		1	1
7	7.02	vakṣyāmi	√vac	verb	vakṣyāmi	vac	verb	MATCH	yes	yes		1	1
7	7.02	aśeṣataḥ	aśeṣataḥ	indecl	aśeṣatas	aśeṣatas	indecl	LEMMA_CONVENTION	no	yes	adverb--tas/-taḥ	1	1
7	7.02	yat	yat	nominal	yat	yad	nominal	LEMMA_CONVENTION	no	yes	pronoun-stem	1	1
7	7.02	jñātvā	√jñā	unknown	jñātvā	jñā	verb	POS_DIVERGE	yes	no		1	1
7	7.02	na	na	indecl	na	na	indecl	MATCH	yes	yes		1	1
7	7.02	iha	iha	indecl	iha	iha	indecl	MATCH	yes	yes		1	1
7	7.02	bhūyaḥ	bhūyaḥ	indecl	bhūyo	bhūyas	indecl	LEMMA_CONVENTION	no	yes	adverb--tas/-taḥ	1	1
7	7.02	anyat	anya	nominal	anyat	anya	nominal	MATCH	yes	yes		1	1
7	7.02	jñātavyam	jñātavya	nominal	jñātavyam	jñā	verb	LEMMA+POS_DIVERGE	no	no		1	1
7	7.02	avaśiṣyate	ava-√śiṣ	verb	avaśiṣyate	avaśiṣ	verb	MATCH	yes	yes		1	1
7	7.03	manuṣyāṇām	manuṣya	nominal	manuṣyāṇāṃ	manuṣya	nominal	MATCH	yes	yes		1	1
7	7.03	sahasreṣu	sahasra	nominal	sahasreṣu	sahasra	indecl	POS_DIVERGE	yes	no		1	1
7	7.03	kaś-cit	kim-cit	nominal	kaścid	kaścit	nominal	LEMMA_DIVERGE	no	yes		1	1
7	7.03	yatati	√yat	verb	yatati	yat	verb	MATCH	yes	yes		1	1
7	7.03	siddhaye	siddhi	nominal	siddhaye	siddhi	nominal	MATCH	yes	yes		1	1
7	7.03	yatatām	yatant	nominal	yatatām	yat	verb	LEMMA+POS_DIVERGE	no	no		1	1
7	7.03	api	api	indecl	api	api	indecl	MATCH	yes	yes		1	1
7	7.03	siddhānām	siddha	nominal	siddhānāṃ	sidh	verb	LEMMA+POS_DIVERGE	no	no		1	1
7	7.03	kaś-cit	kim-cit	nominal	kaścid	kaścit	nominal	LEMMA_DIVERGE	no	yes		1	1
7	7.03	mām	asmat	nominal	mām	mad	nominal	LEMMA_CONVENTION	no	yes	pronoun-stem	1	1
7	7.03	vetti	√vid	verb	vetti	vid	verb	MATCH	yes	yes		1	1
7	7.03	tattvataḥ	tattvataḥ	indecl	tattvataḥ	tattva	nominal	LEMMA+POS_DIVERGE	no	no		1	1
7	7.04	bhūmiḥ	bhūmi	nominal	bhūmiḥ	bhūmi	nominal	MATCH	yes	yes		1	1
7	7.04	āpaḥ	ap	nominal	āpaḥ	ap	nominal	MATCH	yes	yes		1	1
7	7.04	analaḥ	anala	nominal	'nalo	anala	nominal	MATCH	yes	yes		1	1
7	7.04	vāyuḥ	vāyu	nominal	vāyuḥ	vāyu	nominal	MATCH	yes	yes		1	1
7	7.04	kham	kha	nominal	khaṃ	kha	nominal	MATCH	yes	yes		1	1
7	7.04	manaḥ	manas	nominal	mano	manas	nominal	MATCH	yes	yes		1	1
7	7.04	buddhiḥ	buddhi	nominal	buddhiḥ	buddhi	nominal	MATCH	yes	yes		1	1
7	7.04	eva	eva	indecl	eva	eva	indecl	MATCH	yes	yes		1	1
7	7.04	ca	ca	indecl	ca	ca	indecl	MATCH	yes	yes		1	1
7	7.04	ahaṁ-kāraḥ	ahaṁ-kāra	nominal	ahaṃkāra	ahaṃkāra	nominal	MATCH	yes	yes		1	1
7	7.04	iti	iti	indecl	iti	iti	indecl	MATCH	yes	yes		1	1
7	7.04	iyam	idam	nominal	iyam	idam	nominal	MATCH	yes	yes		1	1
7	7.04	me	asmat	nominal	me	mad	nominal	LEMMA_CONVENTION	no	yes	pronoun-stem	1	1
7	7.04	bhinnā	bhinnā	nominal	bhinnā	bhid	verb	LEMMA+POS_DIVERGE	no	no		1	1
7	7.04	prakṛtiḥ	prakṛti	nominal	prakṛtiḥ	prakṛti	nominal	MATCH	yes	yes		1	1
7	7.04	aṣṭa-dhā	aṣṭa-dhā	indecl	aṣṭadhā	aṣṭadhā	indecl	MATCH	yes	yes		1	1
7	7.05	aparā	apara	nominal	aparā	apara	nominal	MATCH	yes	yes		1	1
7	7.05	iyam	idam	nominal	iyam	idam	nominal	MATCH	yes	yes		1	1
7	7.05	itaḥ	itaḥ	indecl	itas	itas	indecl	LEMMA_CONVENTION	no	yes	adverb--tas/-taḥ	1	1
7	7.05	tu	tu	indecl	tu	tu	indecl	MATCH	yes	yes		1	1
7	7.05	anyām	anya	nominal	anyām	anya	nominal	MATCH	yes	yes		1	1
7	7.05	prakṛtim	prakṛti	nominal	prakṛtiṃ	prakṛti	nominal	MATCH	yes	yes		1	1
7	7.05	viddhi	√vid	verb	viddhi	vid	verb	MATCH	yes	yes		1	1
7	7.05	me	asmat	nominal	me	mad	nominal	LEMMA_CONVENTION	no	yes	pronoun-stem	1	1
7	7.05	parām	para	nominal	parām	para	nominal	MATCH	yes	yes		1	1
7	7.05	jīva-bhūtām	jīva-bhūtā	nominal	jīva|bhūtām	jīva|bhū	nominal|verb	COMPOUND_SPLIT	n/a	n/a		1	2
7	7.05	mahā-bāho	mahā-bāhu	nominal	mahā|bāho	mahat|bāhu	indecl|nominal	COMPOUND_SPLIT	n/a	n/a		1	2
7	7.05	yayā	yat	nominal	yayā	yad	nominal	LEMMA_CONVENTION	no	yes	pronoun-stem	1	1
7	7.05	idam	idam	nominal	idam	idam	nominal	MATCH	yes	yes		1	1
7	7.05	dhāryate	√dhṛ	verb	dhāryate	dhāray	verb	LEMMA_DIVERGE	no	yes		1	1
7	7.05	jagat	jagat	nominal	jagat	jagant	nominal	LEMMA_CONVENTION	no	yes	final-t/d+n	1	1
7	7.06	etad-yonīni	etad-yoni	nominal	etad|yonīni	etad|yoni	nominal|nominal	COMPOUND_SPLIT	n/a	n/a		1	2
7	7.06	bhūtāni	bhūta	nominal	bhūtāni	bhūta	nominal	MATCH	yes	yes		1	1
7	7.06	sarvāṇi	sarva	nominal	sarvāṇi	sarva	nominal	MATCH	yes	yes		1	1
7	7.06	iti	iti	indecl	iti	iti	indecl	MATCH	yes	yes		1	1
7	7.06	upadhāraya	upa-√dhṛ	verb	upadhāraya	upadhāray	verb	LEMMA_DIVERGE	no	yes		1	1
7	7.06	aham	asmat	nominal	ahaṃ	mad	nominal	LEMMA_CONVENTION	no	yes	pronoun-stem	1	1
7	7.06	kṛtsnasya	kṛtsna	nominal	kṛtsnasya	kṛtsna	indecl	POS_DIVERGE	yes	no		1	1
7	7.06	jagataḥ	jagat	nominal	jagataḥ	jagant	nominal	LEMMA_CONVENTION	no	yes	final-t/d+n	1	1
7	7.06	prabhavaḥ	prabhava	nominal	prabhavaḥ	prabhava	nominal	MATCH	yes	yes		1	1
7	7.06	pralayaḥ	pralaya	nominal	pralayaḥ	pralaya	nominal	MATCH	yes	yes		1	1
7	7.06	tathā	tathā	indecl	tathā	tathā	indecl	MATCH	yes	yes		1	1
7	7.07	mattaḥ	mattaḥ	indecl	mattaḥ	mad	nominal	LEMMA+POS_DIVERGE	no	no		1	1
7	7.07	parataram	paratara	nominal	parataraṃ	paratara	indecl	POS_DIVERGE	yes	no		1	1
7	7.07	na	na	indecl	na	na	indecl	MATCH	yes	yes		1	1
7	7.07	anyat	anya	nominal	anyat	anya	nominal	MATCH	yes	yes		1	1
7	7.07	kiṁ-cit	kiṁ-cit	nominal	kiṃcid	kaścit	nominal	LEMMA_DIVERGE	no	yes		1	1
7	7.07	asti	√as	verb	asti	as	verb	MATCH	yes	yes		1	1
7	7.07	dhanaṁjaya	dhanaṁ-jaya	nominal	dhanaṃjaya	dhanaṃjaya	nominal	MATCH	yes	yes		1	1
7	7.07	mayi	asmat	nominal	mayi	mad	nominal	LEMMA_CONVENTION	no	yes	pronoun-stem	1	1
7	7.07	sarvam	sarva	nominal	sarvam	sarva	nominal	MATCH	yes	yes		1	1
7	7.07	idam	idam	nominal	idam	idam	nominal	MATCH	yes	yes		1	1
7	7.07	protam	-ūta	nominal	protaṃ	prave	verb	LEMMA+POS_DIVERGE	no	no		1	1
7	7.07	sūtre	sūtra	nominal	sūtre	sūtra	nominal	MATCH	yes	yes		1	1
7	7.07	maṇi-gaṇāḥ	maṇi-gaṇa	nominal	maṇi|gaṇāḥ	maṇi|gaṇa	nominal|nominal	COMPOUND_SPLIT	n/a	n/a		1	2
7	7.07	iva	iva	indecl	iva	iva	indecl	MATCH	yes	yes		1	1
7	7.08	rasaḥ	rasa	nominal	raso	rasa	nominal	MATCH	yes	yes		1	1
7	7.08	aham	asmat	nominal	aham	mad	nominal	LEMMA_CONVENTION	no	yes	pronoun-stem	1	1
7	7.08	apsu	ap	nominal	apsu	ap	nominal	MATCH	yes	yes		1	1
7	7.08	kaunteya	kaunteya	nominal	kaunteya	kaunteya	nominal	MATCH	yes	yes		1	1
7	7.08	prabhā	pra-bhā	nominal	prabhā	prabhā	nominal	MATCH	yes	yes		1	1
7	7.08	asmi	√as	verb	asmi	as	verb	MATCH	yes	yes		1	1
7	7.08	śaśi-sūryayoḥ	śaśi-sūrya	nominal	śaśi|sūryayoḥ	śaśin|sūrya	nominal|nominal	COMPOUND_SPLIT	n/a	n/a		1	2
7	7.08	praṇavaḥ	praṇava	nominal	praṇavaḥ	praṇava	nominal	MATCH	yes	yes		1	1
7	7.08	sarva-vedeṣu	sarva-veda	nominal	sarva|vedeṣu	sarva|veda	nominal|nominal	COMPOUND_SPLIT	n/a	n/a		1	2
7	7.08	śabdaḥ	śabda	nominal	śabdaḥ	śabda	nominal	MATCH	yes	yes		1	1
7	7.08	khe	kha	nominal	khe	kha	nominal	MATCH	yes	yes		1	1
7	7.08	pauruṣam	pauruṣa	nominal	pauruṣaṃ	pauruṣa	nominal	MATCH	yes	yes		1	1
7	7.08	nṛṣu	nṛ	nominal	nṛṣu	nṛ	nominal	MATCH	yes	yes		1	1
7	7.09	puṇyaḥ	puṇya	nominal	puṇyo	puṇya	indecl	POS_DIVERGE	yes	no		1	1
7	7.09	gandhaḥ	gandha	nominal	gandhaḥ	gandha	nominal	MATCH	yes	yes		1	1
7	7.09	pṛthivyām	pṛthivī	nominal	pṛthivyāṃ	pṛthivī	nominal	MATCH	yes	yes		1	1
7	7.09	ca	ca	indecl	ca	ca	indecl	MATCH	yes	yes		1	1
7	7.09	tejaḥ	tejas	nominal	tejaḥ	tejas	nominal	MATCH	yes	yes		1	1
7	7.09	ca	ca	indecl	ca	ca	indecl	MATCH	yes	yes		1	1
7	7.09	asmi	√as	verb	asmi	as	verb	MATCH	yes	yes		1	1
7	7.09	vibhāvasau	vibhā-vasu	nominal	vibhāvasau	vibhāvasu	nominal	MATCH	yes	yes		1	1
7	7.09	jīvanam	jīvana	nominal	jīvanaṃ	jīvana	nominal	MATCH	yes	yes		1	1
7	7.09	sarva-bhūteṣu	sarva-bhūta	nominal	sarva|bhūteṣu	sarva|bhūta	nominal|nominal	COMPOUND_SPLIT	n/a	n/a		1	2
7	7.09	tapaḥ	tapas	nominal	tapaḥ	tapas	nominal	MATCH	yes	yes		1	1
7	7.09	ca	ca	indecl	ca	ca	indecl	MATCH	yes	yes		1	1
7	7.09	asmi	√as	verb	asmi	as	verb	MATCH	yes	yes		1	1
7	7.09	tapasviṣu	tapasvin	nominal	tapasviṣu	tapasvin	nominal	MATCH	yes	yes		1	1
7	7.10	bījam	bīja	nominal	bījaṃ|māṃ	bīja|mad	nominal|nominal	COMPOUND_SPLIT	n/a	n/a		1	2
7	7.10	mām	asmat	nominal				DCS_ONLY				1	0
7	7.10	sarva-bhūtānām	sarva-bhūta	nominal	sarva|bhūtānām	sarva|bhūta	nominal|nominal	COMPOUND_SPLIT	n/a	n/a		1	2
7	7.10	viddhi	√vid	verb	viddhi	vid	verb	MATCH	yes	yes		1	1
7	7.10	pārtha	pārtha	nominal	pārtha	pārtha	nominal	MATCH	yes	yes		1	1
7	7.10	sanātanam	sanātana	nominal	sanātanam	sanātana	indecl	POS_DIVERGE	yes	no		1	1
7	7.10	buddhiḥ	buddhi	nominal	buddhiḥ	buddhi	nominal	MATCH	yes	yes		1	1
7	7.10	buddhimatām	buddhimant	nominal	buddhimatām	buddhimat	indecl	LEMMA_CONVENTION+POS_DIVERGE	no	no	final-t/d+n	1	1
7	7.10	asmi	√as	verb	asmi	as	verb	MATCH	yes	yes		1	1
7	7.10	tejaḥ	tejas	nominal	tejaḥ	tejas	nominal	MATCH	yes	yes		1	1
7	7.10	tejasvinām	tejasvin	nominal	tejasvinām	tejasvin	indecl	POS_DIVERGE	yes	no		1	1
7	7.10	aham	asmat	nominal	aham	mad	nominal	LEMMA_CONVENTION	no	yes	pronoun-stem	1	1
7	7.11	balam	bala	nominal	balaṃ	bala	nominal	MATCH	yes	yes		1	1
7	7.11	balavatām	bala-vant	nominal	balavatāṃ	balavat	indecl	LEMMA_CONVENTION+POS_DIVERGE	no	no	final-t/d+n	1	1
7	7.11	ca	ca	indecl	ca	ca	indecl	MATCH	yes	yes		1	1
7	7.11	aham	asmat	nominal	aham	mad	nominal	LEMMA_CONVENTION	no	yes	pronoun-stem	1	1
7	7.11	kāma-rāga-vivarjitam	kāma-rāga-vivarjita	nominal	kāma|rāga|vivarjitam	kāma|rāga|vivarjay	nominal|nominal|verb	COMPOUND_SPLIT	n/a	n/a		1	3
7	7.11	dharmāviruddhaḥ	dharma-aviruddha	nominal	dharma|aviruddhaḥ	dharma|aviruddha	nominal|indecl	COMPOUND_SPLIT	n/a	n/a		1	2
7	7.11	bhūteṣu	bhūta	nominal	bhūteṣu	bhūta	nominal	MATCH	yes	yes		1	1
7	7.11	kāmaḥ	kāma	nominal	kāmo	kāma	nominal	MATCH	yes	yes		1	1
7	7.11	asmi	√as	verb	'smi	as	verb	MATCH	yes	yes		1	1
7	7.11	bharata-rṣabha	bharata-rṣabha	nominal	bharata	bharata	nominal	LEMMA_DIVERGE	no	yes		1	1
7					ṛṣabha	ṛṣabha	nominal	GOLD_ONLY				0	1
7	7.12	ye	yat	nominal	ye	yad	nominal	LEMMA_CONVENTION	no	yes	pronoun-stem	1	1
7	7.12	ca	ca	indecl	ca	ca	indecl	MATCH	yes	yes		1	1
7	7.12	eva	eva	indecl	eva	eva	indecl	MATCH	yes	yes		1	1
7	7.12	sāttvikāḥ	sāttvika	nominal	sāttvikā	sāttvika	indecl	POS_DIVERGE	yes	no		1	1
7	7.12	bhāvāḥ	bhāva	nominal	bhāvā	bhāva	nominal	MATCH	yes	yes		1	1
7	7.12	rājasāḥ	rājasa	nominal	rājasāḥ	rājasa	indecl	POS_DIVERGE	yes	no		1	1
7	7.12	tāmasāḥ	tāmasa	nominal	tāmasāḥ	tāmasa	indecl	POS_DIVERGE	yes	no		1	1
7	7.12	ca	ca	indecl	ca	ca	indecl	MATCH	yes	yes		1	1
7	7.12	ye	yat	nominal	ye	yad	nominal	LEMMA_CONVENTION	no	yes	pronoun-stem	1	1
7	7.12	mattaḥ	mattaḥ	indecl	matta	mad	nominal	LEMMA+POS_DIVERGE	no	no		1	1
7	7.12	eva	eva	indecl	eva	eva	indecl	MATCH	yes	yes		1	1
7	7.12	iti	iti	indecl	iti	iti	indecl	MATCH	yes	yes		1	1
7	7.12	tān	tat	nominal	tān	tad	nominal	LEMMA_CONVENTION	no	yes	pronoun-stem	1	1
7	7.12	viddhi	√vid	verb	viddhi	vid	verb	MATCH	yes	yes		1	1
7	7.12	na	na	indecl	na	na	indecl	MATCH	yes	yes		1	1
7	7.12	tu	tu	indecl	tu	tu	indecl	MATCH	yes	yes		1	1
7	7.12	aham	asmat	nominal	aham	mad	nominal	LEMMA_CONVENTION	no	yes	pronoun-stem	1	1
7	7.12	teṣu	tat	nominal	teṣu	tad	nominal	LEMMA_CONVENTION	no	yes	pronoun-stem	1	1
7	7.12	te	tat	nominal	te	tad	nominal	LEMMA_CONVENTION	no	yes	pronoun-stem	1	1
7	7.12	mayi	asmat	nominal	mayi	mad	nominal	LEMMA_CONVENTION	no	yes	pronoun-stem	1	1
7	7.13	tribhiḥ	tri	nominal	tribhiḥ	tri	indecl	POS_DIVERGE	yes	no		1	1
7	7.13	guṇa-mayaiḥ	guṇa-maya	nominal	guṇa|mayaiḥ	guṇa|maya	nominal|indecl	COMPOUND_SPLIT	n/a	n/a		1	2
7	7.13	bhāvaiḥ	bhāva	nominal	bhāvaiḥ	bhāva	nominal	MATCH	yes	yes		1	1
7	7.13	ebhiḥ	idam	nominal	ebhiḥ	idam	nominal	MATCH	yes	yes		1	1
7	7.13	sarvam	sarva	nominal	sarvam	sarva	nominal	MATCH	yes	yes		1	1
7	7.13	idam	idam	nominal	idam	idam	nominal	MATCH	yes	yes		1	1
7	7.13	jagat	jagat	nominal	jagat	jagant	nominal	LEMMA_CONVENTION	no	yes	final-t/d+n	1	1
7	7.13	mohitam	mohita	nominal	mohitaṃ	mohay	verb	LEMMA+POS_DIVERGE	no	no		1	1
7	7.13	na	na	indecl	na	na	indecl	MATCH	yes	yes		1	1
7	7.13	abhijānāti	abhi-√jñā	verb	abhijānāti	abhijñā	verb	MATCH	yes	yes		1	1
7	7.13	mām	asmat	nominal	mām	mad	nominal	LEMMA_CONVENTION	no	yes	pronoun-stem	1	1
7	7.13	ebhyaḥ	idam	nominal	ebhyaḥ	idam	nominal	MATCH	yes	yes		1	1
7	7.13	param	para	nominal	param	para	nominal	MATCH	yes	yes		1	1
7	7.13	avyayam	a-vyaya	nominal	avyayam	avyaya	indecl	POS_DIVERGE	yes	no		1	1
7	7.14	daivī	daivī	nominal	daivī	daiva	indecl	LEMMA_CONVENTION+POS_DIVERGE	no	no	vowel-sandhi/contraction	1	1
7	7.14	hi	hi	indecl	hi	hi	indecl	MATCH	yes	yes		1	1
7	7.14	eṣā	etat	nominal	eṣā	etad	nominal	LEMMA_CONVENTION	no	yes	pronoun-stem	1	1
7	7.14	guṇa-mayī	guṇa-mayī	nominal	guṇa|mayī	guṇa|maya	nominal|indecl	COMPOUND_SPLIT	n/a	n/a		1	2
7	7.14	mama	asmat	nominal	mama	mad	nominal	LEMMA_CONVENTION	no	yes	pronoun-stem	1	1
7	7.14	māyā	māyā	nominal	māyā	māyā	nominal	MATCH	yes	yes		1	1
7	7.14	duratyayā	duratyayā	nominal	duratyayā	duratyaya	indecl	LEMMA_CONVENTION+POS_DIVERGE	no	no	vowel-sandhi/contraction	1	1
7	7.14	mām	asmat	nominal	mām	mad	nominal	LEMMA_CONVENTION	no	yes	pronoun-stem	1	1
7	7.14	eva	eva	indecl	eva	eva	indecl	MATCH	yes	yes		1	1
7	7.14	ye	yat	nominal	ye	yad	nominal	LEMMA_CONVENTION	no	yes	pronoun-stem	1	1
7	7.14	prapadyante	pra-√pad	verb	prapadyante	prapad	verb	MATCH	yes	yes		1	1
7	7.14	māyām	māyā	nominal	māyām	māyā	nominal	MATCH	yes	yes		1	1
7	7.14	etām	etat	nominal	etām	etad	nominal	LEMMA_CONVENTION	no	yes	pronoun-stem	1	1
7	7.14	taranti	√tṝ	verb	taranti	tṛ	verb	LEMMA_CONVENTION	no	yes	vowel-sandhi/contraction	1	1
7	7.14	te	tat	nominal	te	tad	nominal	LEMMA_CONVENTION	no	yes	pronoun-stem	1	1
7	7.15	na	na	indecl	na	na	indecl	MATCH	yes	yes		1	1
7	7.15	mām	asmat	nominal	māṃ	mad	nominal	LEMMA_CONVENTION	no	yes	pronoun-stem	1	1
7	7.15	duṣkṛtinaḥ	duṣkṛtin	nominal	duṣkṛtino	duṣkṛtin	indecl	POS_DIVERGE	yes	no		1	1
7	7.15	mūḍhāḥ	mūḍha	nominal	mūḍhāḥ	muh	verb	LEMMA+POS_DIVERGE	no	no		1	1
7	7.15	prapadyante	pra-√pad	verb	prapadyante	prapad	verb	MATCH	yes	yes		1	1
7	7.15	narādhamāḥ	nara-adhama	nominal	nara|adhamāḥ	nara|adhama	nominal|indecl	COMPOUND_SPLIT	n/a	n/a		1	2
7	7.15	māyayā	māyā	nominal	māyayā	māyā	nominal	MATCH	yes	yes		1	1
7	7.15	apahṛta-jñānāḥ	apahṛta-jñāna	nominal	apahṛta|jñānāḥ	apahṛ|jñāna	verb|nominal	COMPOUND_SPLIT	n/a	n/a		1	2
7	7.15	āsuram	āsura	nominal	āsuraṃ	āsura	indecl	POS_DIVERGE	yes	no		1	1
7	7.15	bhāvam	bhāva	nominal	bhāvam	bhāva	nominal	MATCH	yes	yes		1	1
7	7.15	āśritāḥ	āśrita	nominal	āśritāḥ	āśri	verb	LEMMA+POS_DIVERGE	no	no		1	1
7	7.16	catur-vidhāḥ	catur-vidha	nominal	caturvidhā	caturvidha	indecl	POS_DIVERGE	yes	no		1	1
7	7.16	bhajante	√bhaj	verb	bhajante	bhaj	verb	MATCH	yes	yes		1	1
7	7.16	mām	asmat	nominal	māṃ	mad	nominal	LEMMA_CONVENTION	no	yes	pronoun-stem	1	1
7	7.16	janāḥ	jana	nominal	janāḥ	jana	nominal	MATCH	yes	yes		1	1
7	7.16	sukṛtinaḥ	sukṛta	nominal	sukṛtino	sukṛtin	indecl	LEMMA+POS_DIVERGE	no	no		1	1
7	7.16	arjuna	arjuna	nominal	'rjuna	arjuna	nominal	MATCH	yes	yes		1	1
7	7.16	ārtaḥ	ārta	nominal	ārto	ārta	indecl	POS_DIVERGE	yes	no		1	1
7	7.16	jijñāsuḥ	jijñāsu	nominal	jijñāsuḥ	jijñāsu	indecl	POS_DIVERGE	yes	no		1	1
7	7.16	arthārthī	artha-arthin	nominal	artha|arthī	artha|arthin	nominal|indecl	COMPOUND_SPLIT	n/a	n/a		1	2
7	7.16	jñānī	jñānin	nominal	jñānī	jñānin	indecl	POS_DIVERGE	yes	no		1	1
7	7.16	ca	ca	indecl	ca	ca	indecl	MATCH	yes	yes		1	1
7	7.16	bharata-rṣabha	bharata-rṣabha	nominal	bharata	bharata	nominal	LEMMA_DIVERGE	no	yes		1	1
7	7.17	teṣām	tat	nominal	ṛṣabha	ṛṣabha	nominal	LEMMA_DIVERGE	no	yes		1	1
7					teṣāṃ	tad	nominal	GOLD_ONLY				0	1
7	7.17	jñānī	jñānin	nominal	jñānī	jñānin	indecl	POS_DIVERGE	yes	no		1	1
7	7.17	nitya-yuktaḥ	nitya-yukta	nominal	nitya|yuktaḥ	nitya|yuj	indecl|verb	COMPOUND_SPLIT	n/a	n/a		1	2
7	7.17	eka-bhaktiḥ	eka-bhakti	nominal	eka|bhaktiḥ	eka|bhakti	indecl|nominal	COMPOUND_SPLIT	n/a	n/a		1	2
7	7.17	viśiṣyate	vi-√śiṣ	verb	viśiṣyate	viśiṣ	verb	MATCH	yes	yes		1	1
7	7.17	priyaḥ	priya	nominal	priyo	priya	indecl	POS_DIVERGE	yes	no		1	1
7	7.17	hi	hi	indecl	hi	hi	indecl	MATCH	yes	yes		1	1
7	7.17	jñāninaḥ	jñānin	nominal	jñānino	jñānin	indecl	POS_DIVERGE	yes	no		1	1
7	7.17	atyartham	atyartham	indecl	atyartham	atyartham	indecl	MATCH	yes	yes		1	1
7	7.17	aham	asmat	nominal	aham	mad	nominal	LEMMA_CONVENTION	no	yes	pronoun-stem	1	1
7	7.17	saḥ	tat	nominal	sa	tad	nominal	LEMMA_CONVENTION	no	yes	pronoun-stem	1	1
7	7.17	ca	ca	indecl	ca	ca	indecl	MATCH	yes	yes		1	1
7	7.17	mama	asmat	nominal	mama	mad	nominal	LEMMA_CONVENTION	no	yes	pronoun-stem	1	1
7	7.17	priyaḥ	priya	nominal	priyaḥ	priya	indecl	POS_DIVERGE	yes	no		1	1
7	7.18	udārāḥ	udāra	nominal	udārāḥ	udāra	indecl	POS_DIVERGE	yes	no		1	1
7	7.18	sarve	sarva	nominal	sarva	sarva	nominal	MATCH	yes	yes		1	1
7	7.18	eva	eva	indecl	eva	eva	indecl	MATCH	yes	yes		1	1
7	7.18	ete	etat	nominal	ete	etad	nominal	LEMMA_CONVENTION	no	yes	pronoun-stem	1	1
7	7.18	jñānī	jñānin	nominal	jñānī	jñānin	indecl	POS_DIVERGE	yes	no		1	1
7	7.18	tu	tu	indecl	tu	tu	indecl	MATCH	yes	yes		1	1
7	7.18	ātmā	ātman	nominal	ātmā	ātman	nominal	MATCH	yes	yes		1	1
7	7.18	eva	eva	indecl	eva	eva	indecl	MATCH	yes	yes		1	1
7	7.18	me	asmat	nominal	me	mad	nominal	LEMMA_CONVENTION	no	yes	pronoun-stem	1	1
7	7.18	matam	mata	nominal	matam	man	verb	LEMMA+POS_DIVERGE	no	no		1	1
7	7.18	āsthitaḥ	āsthita	nominal	āsthitaḥ	āsthā	verb	LEMMA+POS_DIVERGE	no	no		1	1
7	7.18	saḥ	tat	nominal	sa	tad	nominal	LEMMA_CONVENTION	no	yes	pronoun-stem	1	1
7	7.18	hi	hi	indecl	hi	hi	indecl	MATCH	yes	yes		1	1
7	7.18	yuktātmā	yuktātman	nominal	yukta|ātmā	yuj|ātman	verb|nominal	COMPOUND_SPLIT	n/a	n/a		1	2
7	7.18	mām	asmat	nominal	mām	mad	nominal	LEMMA_CONVENTION	no	yes	pronoun-stem	1	1
7	7.18	eva	eva	indecl	eva	eva	indecl	MATCH	yes	yes		1	1
7	7.18	anuttamām	an-uttamā	nominal	anuttamām	anuttama	indecl	LEMMA_CONVENTION+POS_DIVERGE	no	no	vowel-sandhi/contraction	1	1
7	7.18	gatim	gati	nominal	gatim	gati	nominal	MATCH	yes	yes		1	1
7	7.19	bahūnām	bahu	nominal	bahūnāṃ	bahu	indecl	POS_DIVERGE	yes	no		1	1
7	7.19	janmanām	janman	nominal	janmanām	janman	nominal	MATCH	yes	yes		1	1
7	7.19	ante	anta	nominal	ante	anta	nominal	MATCH	yes	yes		1	1
7	7.19	jñānavān	jñāna-vant	nominal	jñānavān	jñānavat	indecl	LEMMA_CONVENTION+POS_DIVERGE	no	no	final-t/d+n	1	1
7	7.19	mām	asmat	nominal	mām	mad	nominal	LEMMA_CONVENTION	no	yes	pronoun-stem	1	1
7	7.19	prapadyate	pra-√pad	verb	prapadyate	prapad	verb	MATCH	yes	yes		1	1
7	7.19	vāsudevaḥ	vāsudeva	nominal	vāsudevaḥ	vāsudeva	nominal	MATCH	yes	yes		1	1
7	7.19	sarvam	sarva	nominal	sarvam	sarva	nominal	MATCH	yes	yes		1	1
7	7.19	iti	iti	indecl	iti	iti	indecl	MATCH	yes	yes		1	1
7	7.19	saḥ	tat	nominal	sa	tad	nominal	LEMMA_CONVENTION	no	yes	pronoun-stem	1	1
7	7.19	mahātmā	mahā-ātman	nominal	mahātmā	mahātman	indecl	LEMMA_CONVENTION+POS_DIVERGE	no	no	vowel-sandhi/contraction	1	1
7	7.19	sudurlabhaḥ	su-dur-labha	nominal	su|durlabhaḥ	su|durlabha	indecl|indecl	COMPOUND_SPLIT	n/a	n/a		1	2
7	7.20	kāmaiḥ	kāma	nominal	kāmaiḥ	kāma	nominal	MATCH	yes	yes		1	1
7	7.20	taiḥ taiḥ	tat	nominal	taiḥ|taiḥ	tad|tad	nominal|nominal	COMPOUND_SPLIT	n/a	n/a		1	2
7	7.20	hṛta-jñānāḥ	hṛta-jñāna	nominal	hṛta|jñānāḥ	hṛ|jñāna	verb|nominal	COMPOUND_SPLIT	n/a	n/a		1	2
7	7.20	prapadyante	pra-√pad	verb	prapadyante	prapad	verb	MATCH	yes	yes		1	1
7	7.20	anya-devatāḥ	anya-devatā	nominal	anya|devatāḥ	anya|devatā	nominal|nominal	COMPOUND_SPLIT	n/a	n/a		1	2
7	7.20	tam tam	tat	nominal	taṃ	tad	nominal	LEMMA_CONVENTION	no	yes	pronoun-stem	1	1
7					taṃ	tad	nominal	GOLD_ONLY				0	1
7	7.20	niyamam	niyama	nominal	niyamam	niyama	nominal	MATCH	yes	yes		1	1
7	7.20	āsthāya	ā-√sthā	unknown	āsthāya	āsthā	verb	POS_DIVERGE	yes	no		1	1
7	7.20	prakṛtyā	prakṛti	nominal	prakṛtyā	prakṛti	nominal	MATCH	yes	yes		1	1
7	7.20	niyatāḥ	niyata	nominal	niyatāḥ	niyam	verb	LEMMA+POS_DIVERGE	no	no		1	1
7	7.20	svayā	sva	nominal	svayā	sva	indecl	POS_DIVERGE	yes	no		1	1
7	7.21	yaḥ yaḥ	yat	nominal	yo	yad	nominal	LEMMA_CONVENTION	no	yes	pronoun-stem	1	1
7	7.21	yām yām	yat	nominal	yo	yad	nominal	LEMMA_CONVENTION	no	yes	pronoun-stem	1	1
7	7.21	tanum	tanu	nominal	yāṃ	yad	nominal	LEMMA_DIVERGE	no	yes		1	1
7	7.21	bhaktaḥ	bhakta	nominal	yāṃ	yad	nominal	LEMMA_DIVERGE	no	yes		1	1
7	7.21	śraddhayā	śraddhā	nominal	tanuṃ	tanu	nominal	LEMMA_DIVERGE	no	yes		1	1
7	7.21	arcitum	√arc	unknown	bhaktaḥ	bhakta	nominal	LEMMA+POS_DIVERGE	no	no		1	1
7	7.21	icchati	√iṣ	verb	śraddhayā	śraddhā	nominal	LEMMA+POS_DIVERGE	no	no		1	1
7	7.21	tasya tasya	tat	nominal	arcitum	arc	verb	LEMMA+POS_DIVERGE	no	no		1	1
7	7.21	acalām	a-cala	nominal	icchati	iṣ	verb	LEMMA+POS_DIVERGE	no	no		1	1
7	7.21	śraddhām	śraddhā	nominal	tasya	tad	nominal	LEMMA_DIVERGE	no	yes		1	1
7	7.21	tām	tat	nominal	tasya	tad	nominal	LEMMA_CONVENTION	no	yes	pronoun-stem	1	1
7	7.21	eva	eva	indecl	acalām	acala	indecl	LEMMA_DIVERGE	no	yes		1	1
7	7.21	vidadhāmi	vi-√dhā	verb	śraddhāṃ	śraddhā	nominal	LEMMA+POS_DIVERGE	no	no		1	1
7	7.21	aham	asmat	nominal	tām	tad	nominal	LEMMA_DIVERGE	no	yes		1	1
7	7.22	saḥ	tat	nominal	eva	eva	indecl	LEMMA+POS_DIVERGE	no	no		1	1
7	7.22	tayā	tat	nominal	vidadhāmi	vidhā	verb	LEMMA+POS_DIVERGE	no	no		1	1
7	7.22	śraddhayā	śraddhā	nominal	aham	mad	nominal	LEMMA_DIVERGE	no	yes		1	1
7	7.22	yuktaḥ	yukta	nominal				DCS_ONLY				1	0
7	7.22	tasyāḥ	tat	nominal	sa|tayā	tad|tad	nominal|nominal	COMPOUND_SPLIT	n/a	n/a		1	2
7	7.22	rādhanam	rādhana	nominal	śraddhayā	śraddhā	nominal	LEMMA_DIVERGE	no	yes		1	1
7	7.22	īhate	√īh	verb	yuktaḥ	yuj	verb	LEMMA_DIVERGE	no	yes		1	1
7	7.22	labhate	√labh	verb	tasyāḥ	tad	nominal	LEMMA+POS_DIVERGE	no	no		1	1
7	7.22	ca	ca	indecl	rādhanam	rādhana	nominal	LEMMA+POS_DIVERGE	no	no		1	1
7	7.22	tataḥ	tataḥ	indecl	īhate	īh	verb	LEMMA+POS_DIVERGE	no	no		1	1
7	7.22	kāmān	kāma	nominal	labhate	labh	verb	LEMMA+POS_DIVERGE	no	no		1	1
7	7.22	mayā	asmat	nominal	ca	ca	indecl	LEMMA+POS_DIVERGE	no	no		1	1
7	7.22	eva	eva	indecl	tataḥ	tatas	indecl	LEMMA_DIVERGE	no	yes		1	1
7	7.22	vihitān	vihita	nominal	kāmān	kāma	nominal	LEMMA_DIVERGE	no	yes		1	1
7	7.22	hi	hi	indecl	mayā	mad	nominal	LEMMA+POS_DIVERGE	no	no		1	1
7	7.22	tān	tat	nominal	eva	eva	indecl	LEMMA+POS_DIVERGE	no	no		1	1
7	7.23	antavat	anta-vant	nominal	vihitān	vidhā	verb	LEMMA+POS_DIVERGE	no	no		1	1
7	7.23	tu	tu	indecl	hi	hi	indecl	LEMMA_DIVERGE	no	yes		1	1
7	7.23	phalam	phala	nominal	tān	tad	nominal	LEMMA_DIVERGE	no	yes		1	1
7	7.23	teṣām	tat	nominal	antavat	antavat	indecl	LEMMA+POS_DIVERGE	no	no		1	1
7	7.23	tat	tat	nominal	tu	tu	indecl	LEMMA+POS_DIVERGE	no	no		1	1
7	7.23	bhavati	√bhū	verb	phalaṃ	phala	nominal	LEMMA+POS_DIVERGE	no	no		1	1
7	7.23	alpa-medhasām	alpa-medhas	nominal	teṣāṃ	tad	nominal	LEMMA_DIVERGE	no	yes		1	1
7	7.23	devān	deva	nominal	tat	tad	nominal	LEMMA_DIVERGE	no	yes		1	1
7	7.23	deva-yajaḥ	deva-yaj	nominal	bhavati	bhū	verb	LEMMA+POS_DIVERGE	no	no		1	1
7	7.23	yānti	√yā	verb	alpa	alpa	indecl	LEMMA+POS_DIVERGE	no	no		1	1
7	7.23	mad-bhaktāḥ	mad-bhakta	nominal	medhasām	medhas	nominal	LEMMA_DIVERGE	no	yes		1	1
7	7.23	yānti	√yā	verb	devān	deva	nominal	LEMMA+POS_DIVERGE	no	no		1	1
7	7.23	mām	asmat	nominal	deva	deva	nominal	LEMMA_DIVERGE	no	yes		1	1
7	7.23	api	api	indecl	yajaḥ	yaj	indecl	LEMMA_DIVERGE	no	yes		1	1
7	7.24	avyaktam	a-vyakta	nominal	yānti	yā	verb	LEMMA+POS_DIVERGE	no	no		1	1
7	7.24	vyaktim	vyakti	nominal	mad	mad	nominal	LEMMA_DIVERGE	no	yes		1	1
7	7.24	āpannam	ā-panna	nominal	bhaktāḥ	bhakta	nominal	LEMMA_DIVERGE	no	yes		1	1
7	7.24	manyante	√man	verb	yānti	yā	verb	LEMMA_DIVERGE	no	yes		1	1
7	7.24	mām	asmat	nominal	mām	mad	nominal	LEMMA_CONVENTION	no	yes	pronoun-stem	1	1
7	7.24	abuddhayaḥ	a-buddhi	nominal	api	api	indecl	LEMMA+POS_DIVERGE	no	no		1	1
7	7.24	param	para	nominal	avyaktaṃ	avyakta	nominal	LEMMA_DIVERGE	no	yes		1	1
7	7.24	bhāvam	bhāva	nominal	vyaktim	vyakti	nominal	LEMMA_DIVERGE	no	yes		1	1
7	7.24	ajānantaḥ	a-jānant	nominal	āpannam	āpad	verb	LEMMA+POS_DIVERGE	no	no		1	1
7					manyante	man	verb	GOLD_ONLY				0	1
7	7.24	mama	asmat	nominal	mām	mad	nominal	LEMMA_CONVENTION	no	yes	pronoun-stem	1	1
7	7.24	avyayam	a-vyaya	nominal	abuddhayaḥ	abuddhi	indecl	LEMMA+POS_DIVERGE	no	no		1	1
7	7.24	anuttamam	an-uttama	nominal	paraṃ	para	nominal	LEMMA_DIVERGE	no	yes		1	1
7	7.25	na	na	indecl	bhāvam	bhāva	nominal	LEMMA+POS_DIVERGE	no	no		1	1
7	7.25	aham	asmat	nominal	a	a	indecl	LEMMA+POS_DIVERGE	no	no		1	1
7	7.25	prakāśaḥ	prakāśa	nominal	jānantaḥ	jñā	verb	LEMMA+POS_DIVERGE	no	no		1	1
7	7.25	sarvasya	sarva	nominal	mama	mad	nominal	LEMMA_DIVERGE	no	yes		1	1
7	7.25	yoga-māyā-samāvṛtaḥ	yoga-māyā-samāvṛta	nominal	avyayam	avyaya	indecl	LEMMA+POS_DIVERGE	no	no		1	1
7	7.25	mūḍhaḥ	mūḍha	nominal	anuttamam	anuttama	indecl	LEMMA+POS_DIVERGE	no	no		1	1
7	7.25	ayam	idam	nominal				DCS_ONLY				1	0
7	7.25	na	na	indecl	na	na	indecl	MATCH	yes	yes		1	1
7	7.25	abhijānāti	abhi-√jñā	verb	aham	mad	nominal	LEMMA+POS_DIVERGE	no	no		1	1
7	7.25	lokaḥ	loka	nominal	prakāśaḥ	prakāśa	indecl	LEMMA+POS_DIVERGE	no	no		1	1
7	7.25	mām	asmat	nominal	sarvasya	sarva	nominal	LEMMA_DIVERGE	no	yes		1	1
7	7.25	ajam	a-ja	nominal	yoga	yoga	nominal	LEMMA_DIVERGE	no	yes		1	1
7	7.25	avyayam	a-vyaya	nominal	māyā	māyā	nominal	LEMMA_DIVERGE	no	yes		1	1
7	7.26	veda	√vid	verb	samāvṛtaḥ	samāvṛ	verb	LEMMA_DIVERGE	no	yes		1	1
7	7.26	aham	asmat	nominal	mūḍho	muh	verb	LEMMA+POS_DIVERGE	no	no		1	1
7	7.26	samatītāni	samatīta	nominal	'yaṃ	idam	nominal	LEMMA_DIVERGE	no	yes		1	1
7	7.26	vartamānāni	vartamāna	nominal	na	na	indecl	LEMMA+POS_DIVERGE	no	no		1	1
7	7.26	ca	ca	indecl	abhijānāti	abhijñā	verb	LEMMA+POS_DIVERGE	no	no		1	1
7	7.26	arjuna	arjuna	nominal	loko	loka	nominal	LEMMA_DIVERGE	no	yes		1	1
7	7.26	bhaviṣyāṇi	bhaviṣya	nominal	mām	mad	nominal	LEMMA_DIVERGE	no	yes		1	1
7	7.26	ca	ca	indecl	ajam	aja	indecl	LEMMA_DIVERGE	no	yes		1	1
7	7.26	bhūtāni	bhūta	nominal	avyayam	avyaya	indecl	LEMMA+POS_DIVERGE	no	no		1	1
7	7.26	mām	asmat	nominal	veda	vid	verb	LEMMA+POS_DIVERGE	no	no		1	1
7	7.26	tu	tu	indecl	aham	mad	nominal	LEMMA+POS_DIVERGE	no	no		1	1
7	7.26	veda	√vid	verb	samatītāni	samatī	verb	LEMMA_DIVERGE	no	yes		1	1
7	7.26	na	na	indecl	vartamānāni	vṛt	verb	LEMMA+POS_DIVERGE	no	no		1	1
7	7.26	kaś-cana	kim-cana	nominal	ca	ca	indecl	LEMMA+POS_DIVERGE	no	no		1	1
7	7.27	icchā-dveṣa-samutthena	icchā-dveṣa-samuttha	nominal	arjuna	arjuna	nominal	LEMMA_DIVERGE	no	yes		1	1
7	7.27	dvaṁdva-mohena	dvaṁdva-moha	nominal	bhaviṣyāṇi	bhaviṣya	indecl	LEMMA+POS_DIVERGE	no	no		1	1
7	7.27	bhārata	bhārata	nominal	ca	ca	indecl	LEMMA+POS_DIVERGE	no	no		1	1
7	7.27	sarva-bhūtāni	sarva-bhūta	nominal	bhūtāni	bhūta	nominal	LEMMA_DIVERGE	no	yes		1	1
7	7.27	saṁmoham	saṁ-moha	nominal	māṃ	mad	nominal	LEMMA_DIVERGE	no	yes		1	1
7	7.27	sarge	sarga	nominal	tu	tu	indecl	LEMMA+POS_DIVERGE	no	no		1	1
7	7.27	yānti	√yā	verb	veda	vid	verb	LEMMA_DIVERGE	no	yes		1	1
7	7.27	paraṁtapa	param-tapa	nominal	na	na	indecl	LEMMA+POS_DIVERGE	no	no		1	1
7	7.28	yeṣām	yat	nominal	kaścana	kaścana	nominal	LEMMA_DIVERGE	no	yes		1	1
7	7.28	tu	tu	indecl	icchā	icchā	nominal	LEMMA+POS_DIVERGE	no	no		1	1
7	7.28	anta-gatam	anta-gata	nominal	dveṣa	dveṣa	nominal	LEMMA_DIVERGE	no	yes		1	1
7	7.28	pāpam	pāpa	nominal	samutthena	samuttha	indecl	LEMMA+POS_DIVERGE	no	no		1	1
7	7.28	janānām	jana	nominal	dvaṃdva	dvaṃdva	nominal	LEMMA_DIVERGE	no	yes		1	1
7	7.28	puṇya-karmaṇām	puṇya-karman	nominal	mohena	moha	nominal	LEMMA_DIVERGE	no	yes		1	1
7	7.28	te	tat	nominal	bhārata	bhārata	nominal	LEMMA_DIVERGE	no	yes		1	1
7	7.28	dvaṁdva-moha-nirmuktāḥ	dvaṁdva-moha-nirmukta	nominal	sarva	sarva	nominal	LEMMA_DIVERGE	no	yes		1	1
7	7.28	bhajante	√bhaj	verb	bhūtāni	bhūta	nominal	LEMMA+POS_DIVERGE	no	no		1	1
7	7.28	mām	asmat	nominal	saṃmohaṃ	sammoha	nominal	LEMMA_DIVERGE	no	yes		1	1
7	7.28	dṛḍha-vratāḥ	dṛḍha-vrata	nominal	sarge	sarga	nominal	LEMMA_DIVERGE	no	yes		1	1
7	7.29	jarā-maraṇa-mokṣāya	jarā-maraṇa-mokṣa	nominal	yānti	yā	verb	LEMMA+POS_DIVERGE	no	no		1	1
7	7.29	mām	asmat	nominal	paraṃtapa	paraṃtapa	indecl	LEMMA+POS_DIVERGE	no	no		1	1
7	7.29	āśritya	ā-√śri	unknown	yeṣāṃ	yad	nominal	LEMMA+POS_DIVERGE	no	no		1	1
7	7.29	yatanti	√yat	verb	tu	tu	indecl	LEMMA+POS_DIVERGE	no	no		1	1
7	7.29	ye	yat	nominal	anta	anta	nominal	LEMMA_DIVERGE	no	yes		1	1
7	7.29	te	tat	nominal	gatam	gam	verb	LEMMA+POS_DIVERGE	no	no		1	1
7	7.29	brahma	brahman	nominal	pāpaṃ	pāpa	nominal	LEMMA_DIVERGE	no	yes		1	1
7	7.29	tat	tat	nominal	janānāṃ	jana	nominal	LEMMA_DIVERGE	no	yes		1	1
7	7.29	viduḥ	√vid	verb	puṇya	puṇya	indecl	LEMMA+POS_DIVERGE	no	no		1	1
7	7.29	kṛtsnam	kṛtsna	nominal	karmaṇām	karman	nominal	LEMMA_DIVERGE	no	yes		1	1
7	7.29	adhy-ātmam	adhi-ātman	nominal	te	tad	nominal	LEMMA_DIVERGE	no	yes		1	1
7	7.29	karma	karman	nominal	dvaṃdva	dvaṃdva	nominal	LEMMA_DIVERGE	no	yes		1	1
7	7.29	ca	ca	indecl	moha	moha	nominal	LEMMA+POS_DIVERGE	no	no		1	1
7	7.29	akhilam	a-khila	nominal	nirmuktāḥ	nirmuc	verb	LEMMA+POS_DIVERGE	no	no		1	1
7	7.30	sādhi-bhūtādhi-daivam	sa-adhi-bhūta-adhi-daiva	nominal	bhajante	bhaj	verb	LEMMA+POS_DIVERGE	no	no		1	1
7	7.30	mām	asmat	nominal	māṃ	mad	nominal	LEMMA_CONVENTION	no	yes	pronoun-stem	1	1
7	7.30	sādhi-yajñam	sa-adhi-yajña	nominal	dṛḍha	dṛḍha	indecl	LEMMA+POS_DIVERGE	no	no		1	1
7	7.30	ca	ca	indecl	vratāḥ	vrata	nominal	LEMMA+POS_DIVERGE	no	no		1	1
7	7.30	ye	yat	nominal	jarā	jarā	nominal	LEMMA_DIVERGE	no	yes		1	1
7	7.30	viduḥ	√vid	verb	maraṇa	maraṇa	nominal	LEMMA+POS_DIVERGE	no	no		1	1
7	7.30	prayāṇa-kāle	prayāṇa-kāla	nominal	mokṣāya	mokṣa	nominal	LEMMA_DIVERGE	no	yes		1	1
7	7.30	api	api	indecl	mām	mad	nominal	LEMMA+POS_DIVERGE	no	no		1	1
7	7.30	ca	ca	indecl	āśritya	āśri	verb	LEMMA+POS_DIVERGE	no	no		1	1
7	7.30	mām	asmat	nominal	yatanti	yat	verb	LEMMA+POS_DIVERGE	no	no		1	1
7					ye	yad	nominal	GOLD_ONLY				0	1
7	7.30	te	tat	nominal	te	tad	nominal	LEMMA_CONVENTION	no	yes	pronoun-stem	1	1
7	7.30	viduḥ	√vid	verb	brahma	brahman	nominal	LEMMA+POS_DIVERGE	no	no		1	1
7	7.30	yukta-cetasaḥ	yukta-cetas	nominal	tat	tad	nominal	LEMMA_DIVERGE	no	yes		1	1
7					viduḥ|kṛtsnam|adhyātmam|karma|ca|akhilam|sa|adhibhūta|adhidaivam|māṃ|sa|adhiyajñam|ca|ye|viduḥ|prayāṇa|kāle|'pi|ca|māṃ|te|viduḥ|yukta|cetasaḥ	vid|kṛtsna|adhyātma|karman|ca|akhila|sa|adhibhūta|adhidaiva|mad|sa|adhiyajña|ca|yad|vid|prayāṇa|kāla|api|ca|mad|tad|vid|yuj|cetas	verb|indecl|nominal|nominal|indecl|indecl|indecl|nominal|nominal|nominal|indecl|nominal|indecl|nominal|verb|nominal|nominal|indecl|indecl|nominal|nominal|verb|verb|nominal	GOLD_ONLY				0	24
8	8.01	arjunaḥ	arjuna	nominal	arjuna	arjuna	nominal	MATCH	yes	yes		1	1
8	8.01	uvāca	√vac	verb	uvāca	vac	verb	MATCH	yes	yes		1	1
8	8.01	kim	kim	nominal	kiṃ	ka	nominal	LEMMA_CONVENTION	no	yes	pronoun-stem	1	1
8	8.01	tat	tat	nominal	tat	tad	nominal	LEMMA_CONVENTION	no	yes	pronoun-stem	1	1
8	8.01	brahma	brahman	nominal	brahma	brahman	nominal	MATCH	yes	yes		1	1
8	8.01	kim	kim	nominal	kim	ka	nominal	LEMMA_CONVENTION	no	yes	pronoun-stem	1	1
8	8.01	adhy-ātmam	adhi-ātma	nominal	adhyātmam	adhyātma	nominal	LEMMA_DIVERGE	no	yes		1	1
8	8.01	kim	kim	nominal	kiṃ	ka	nominal	LEMMA_CONVENTION	no	yes	pronoun-stem	1	1
8	8.01	karma	karman	nominal	karma	karman	nominal	MATCH	yes	yes		1	1
8	8.01	puruṣottama	puruṣa-uttama	nominal	puruṣottama	puruṣottama	nominal	LEMMA_CONVENTION	no	yes	vowel-sandhi/contraction	1	1
8	8.01	adhi-bhūtam	adhi-bhūta	nominal	adhibhūtaṃ	adhibhūta	nominal	MATCH	yes	yes		1	1
8	8.01	ca	ca	indecl	ca	ca	indecl	MATCH	yes	yes		1	1
8	8.01	kim	kim	nominal	kiṃ	ka	nominal	LEMMA_CONVENTION	no	yes	pronoun-stem	1	1
8	8.01	proktam	prokta	nominal	proktam	pravac	verb	LEMMA+POS_DIVERGE	no	no		1	1
8	8.01	adhi-daivam	adhi-daiva	nominal	adhidaivaṃ	adhidaiva	nominal	MATCH	yes	yes		1	1
8	8.01	kim	kim	nominal	kim	ka	nominal	LEMMA_CONVENTION	no	yes	pronoun-stem	1	1
8	8.01	ucyate	√vac	verb	ucyate	vac	verb	MATCH	yes	yes		1	1
8	8.02	adhi-yajñaḥ	adhi-yajña	nominal	adhiyajñaḥ	adhiyajña	nominal	MATCH	yes	yes		1	1
8	8.02	katham	katham	indecl	kathaṃ	katham	indecl	MATCH	yes	yes		1	1
8	8.02	kaḥ|atra	kim|atra	nominal|indecl	ko|'tra	ka|atra	nominal|indecl	RESEGMENTED	n/a	n/a		2	2
8	8.02	dehe	deha	nominal	dehe	deha	nominal	MATCH	yes	yes		1	1
8	8.02	asmin	idam	nominal	asmin	idam	nominal	MATCH	yes	yes		1	1
8	8.02	madhusūdana	madhu-sūdana	nominal	madhusūdana	madhusūdana	nominal	MATCH	yes	yes		1	1
8	8.02	prayāṇa-kāle	prayāṇa-kāla	nominal	prayāṇa|kāle	prayāṇa|kāla	nominal|nominal	COMPOUND_SPLIT	n/a	n/a		1	2
8	8.02	ca	ca	indecl	ca	ca	indecl	MATCH	yes	yes		1	1
8	8.02	katham	katham	indecl	kathaṃ	katham	indecl	MATCH	yes	yes		1	1
8	8.02	jñeyaḥ	jñeya	nominal	jñeyo	jñā	verb	LEMMA+POS_DIVERGE	no	no		1	1
8	8.02	asi	√as	verb	'si	as	verb	MATCH	yes	yes		1	1
8	8.02	niyatātmabhiḥ	niyata-ātman	nominal	niyata|ātmabhiḥ	niyam|ātman	verb|nominal	COMPOUND_SPLIT	n/a	n/a		1	2
8	8.03	śrī-bhagavān	śrī-bhagavant	nominal	śrī|bhagavān	śrī|bhagavant	nominal|nominal	COMPOUND_SPLIT	n/a	n/a		1	2
8	8.03	uvāca	√vac	verb	uvāca	vac	verb	MATCH	yes	yes		1	1
8	8.03	akṣaram	a-kṣara	nominal	akṣaraṃ	akṣara	indecl	POS_DIVERGE	yes	no		1	1
8	8.03	brahma	brahman	nominal	brahma	brahman	nominal	MATCH	yes	yes		1	1
8	8.03	paramam	parama	nominal	paramaṃ	parama	indecl	POS_DIVERGE	yes	no		1	1
8	8.03	sva-bhāvaḥ	sva-bhāva	nominal	svabhāvo	svabhāva	nominal	MATCH	yes	yes		1	1
8	8.03	adhy-ātmam	adhi-ātma	nominal	adhyātmam	adhyātma	nominal	LEMMA_DIVERGE	no	yes		1	1
8	8.03	ucyate	√vac	verb	ucyate	vac	verb	MATCH	yes	yes		1	1
8	8.03	bhūta-bhāvodbhava-karaḥ	bhūta-bhāva-udbhava-kara	nominal	bhūta|bhāva|udbhava|karaḥ	bhū|bhāva|udbhava|kara	verb|nominal|nominal|indecl	COMPOUND_SPLIT	n/a	n/a		1	4
8	8.03	visargaḥ	vi-sarga	nominal	visargaḥ	visarga	nominal	MATCH	yes	yes		1	1
8	8.03	karma-saṁjñitaḥ	karma-saṁjñita	nominal	karma|saṃjñitaḥ	karman|saṃjñita	nominal|indecl	COMPOUND_SPLIT	n/a	n/a		1	2
8	8.04	adhi-bhūtam	adhi-bhūta	nominal	adhibhūtaṃ	adhibhūta	nominal	MATCH	yes	yes		1	1
8	8.04	kṣaraḥ	kṣara	nominal	kṣaro	kṣara	indecl	POS_DIVERGE	yes	no		1	1
8	8.04	bhāvaḥ	bhāva	nominal	bhāvaḥ	bhāva	nominal	MATCH	yes	yes		1	1
8	8.04	puruṣaḥ	puruṣa	nominal	puruṣaḥ	puruṣa	nominal	MATCH	yes	yes		1	1
8	8.04	ca	ca	indecl	ca	ca	indecl	MATCH	yes	yes		1	1
8	8.04	adhi-daivatam	adhi-daivata	nominal	adhidaivatam	adhidaivata	nominal	MATCH	yes	yes		1	1
8	8.04	adhi-yajñaḥ	adhi-yajña	nominal	adhiyajño	adhiyajña	nominal	MATCH	yes	yes		1	1
8	8.04	aham	asmat	nominal	aham	mad	nominal	LEMMA_CONVENTION	no	yes	pronoun-stem	1	1
8	8.04	eva	eva	indecl	eva	eva	indecl	MATCH	yes	yes		1	1
8	8.04	atra	atra	indecl	atra	atra	indecl	MATCH	yes	yes		1	1
8	8.04	dehe	deha	nominal	dehe	deha	nominal	MATCH	yes	yes		1	1
8	8.04	deha-bhṛtām	deha-bhṛt	nominal	dehabhṛtāṃ	dehabhṛt	nominal	MATCH	yes	yes		1	1
8	8.04	vara	vara	nominal	vara	vara	indecl	POS_DIVERGE	yes	no		1	1
8	8.05	anta-kāle	anta-kāla	nominal	anta|kāle	anta|kāla	nominal|nominal	COMPOUND_SPLIT	n/a	n/a		1	2
8	8.05	ca	ca	indecl	ca	ca	indecl	MATCH	yes	yes		1	1
8	8.05	mām	asmat	nominal	mām	mad	nominal	LEMMA_CONVENTION	no	yes	pronoun-stem	1	1
8	8.05	eva	eva	indecl	eva	eva	indecl	MATCH	yes	yes		1	1
8	8.05	smaran	smarant	nominal	smaran	smṛ	verb	LEMMA+POS_DIVERGE	no	no		1	1
8	8.05	muktvā	√muc	unknown	muktvā	muc	verb	POS_DIVERGE	yes	no		1	1
8	8.05	kalevaram	kalevara	nominal	kalevaram	kalevara	nominal	MATCH	yes	yes		1	1
8	8.05	yaḥ	yat	nominal	yaḥ	yad	nominal	LEMMA_CONVENTION	no	yes	pronoun-stem	1	1
8	8.05	prayāti	pra-√yā	verb	prayāti	prayā	verb	MATCH	yes	yes		1	1
8	8.05	saḥ	tat	nominal	sa	tad	nominal	LEMMA_CONVENTION	no	yes	pronoun-stem	1	1
8	8.05	mad-bhāvam	mad-bhāva	nominal	mad|bhāvam	mad|bhāva	nominal|nominal	COMPOUND_SPLIT	n/a	n/a		1	2
8	8.05	yāti	√yā	verb	yāti	yā	verb	MATCH	yes	yes		1	1
8	8.05	na	na	indecl	na	na	indecl	MATCH	yes	yes		1	1
8	8.05	asti	√as	verb	asti	as	verb	MATCH	yes	yes		1	1
8	8.05	atra	atra	indecl	atra	atra	indecl	MATCH	yes	yes		1	1
8	8.05	saṁśayaḥ	saṁśaya	nominal	saṃśayaḥ	saṃśaya	nominal	MATCH	yes	yes		1	1
8	8.06	yam yam	yat	nominal	yaṃ	yad	nominal	LEMMA_CONVENTION	no	yes	pronoun-stem	1	1
8					yaṃ	yad	nominal	GOLD_ONLY				0	1
8	8.06	vā	vā	indecl	vā	vā	indecl	MATCH	yes	yes		1	1
8	8.06	api	api	indecl	api	api	indecl	MATCH	yes	yes		1	1
8	8.06	smaran	smarant	nominal	smaran	smṛ	verb	LEMMA+POS_DIVERGE	no	no		1	1
8	8.06	bhāvam	bhāva	nominal	bhāvam	bhāva	nominal	MATCH	yes	yes		1	1
8	8.06	tyajati	√tyaj	verb	tyajati	tyaj	verb	MATCH	yes	yes		1	1
8	8.06	ante	anta	nominal	ante	anta	nominal	MATCH	yes	yes		1	1
8	8.06	kalevaram	kalevara	nominal	kalevaram	kalevara	nominal	MATCH	yes	yes		1	1
8	8.06	tam tam	tat	nominal	taṃ	tad	nominal	LEMMA_CONVENTION	no	yes	pronoun-stem	1	1
8					tam	tad	nominal	GOLD_ONLY				0	1
8	8.06	eva	eva	indecl	eva	eva	indecl	MATCH	yes	yes		1	1
8	8.06	eti	√i	verb	eti	i	verb	MATCH	yes	yes		1	1
8	8.06	kaunteya	kaunteya	nominal	kaunteya	kaunteya	nominal	MATCH	yes	yes		1	1
8	8.06	sadā	sadā	indecl	sadā	sadā	indecl	MATCH	yes	yes		1	1
8	8.06	tad-bhāva-bhāvitaḥ	tad-bhāva-bhāvita	nominal	tad|bhāva|bhāvitaḥ	tad|bhāva|bhāvay	nominal|nominal|verb	COMPOUND_SPLIT	n/a	n/a		1	3
8	8.07	tasmāt	tasmāt	indecl	tasmāt	tasmāt	indecl	MATCH	yes	yes		1	1
8	8.07	sarveṣu	sarva	nominal	sarveṣu	sarva	nominal	MATCH	yes	yes		1	1
8	8.07	kāleṣu	kāla	nominal	kāleṣu	kāla	nominal	MATCH	yes	yes		1	1
8	8.07	mām	asmat	nominal	mām	mad	nominal	LEMMA_CONVENTION	no	yes	pronoun-stem	1	1
8	8.07	anusmara	anu-√smṛ	verb	anusmara	anusmṛ	verb	MATCH	yes	yes		1	1
8	8.07	yudhya	√yudh	verb	yudhya	yudh	verb	MATCH	yes	yes		1	1
8	8.07	ca	ca	indecl	ca	ca	indecl	MATCH	yes	yes		1	1
8	8.07	mayi	asmat	nominal	mayi	mad	nominal	LEMMA_CONVENTION	no	yes	pronoun-stem	1	1
8	8.07	arpita-mano-buddhiḥ	arpita-mano-buddhi	nominal	arpita|manaḥ|buddhiḥ	arpay|manas|buddhi	verb|nominal|nominal	COMPOUND_SPLIT	n/a	n/a		1	3
8	8.07	mām	asmat	nominal	mām	mad	nominal	LEMMA_CONVENTION	no	yes	pronoun-stem	1	1
8	8.07	eva	eva	indecl	eva	eva	indecl	MATCH	yes	yes		1	1
8	8.07	eṣyasi	√i	verb	eṣyasi	i	verb	MATCH	yes	yes		1	1
8	8.07	asaṁśayaḥ	a-saṁśaya	nominal	asaṃśayaḥ	asaṃśaya	indecl	POS_DIVERGE	yes	no		1	1
8	8.08	abhyāsa-yoga-yuktena	abhyāsa-yoga-yukta	nominal	abhyāsa|yoga|yuktena	abhyāsa|yoga|yuj	nominal|nominal|verb	COMPOUND_SPLIT	n/a	n/a		1	3
8	8.08	cetasā	cetas	nominal	cetasā	cetas	nominal	MATCH	yes	yes		1	1
8	8.08	na	na	indecl	na	na	indecl	MATCH	yes	yes		1	1
8	8.08	anya-gāminā	anya-gāmin	nominal	anya|gāminā	anya|gāmin	nominal|indecl	COMPOUND_SPLIT	n/a	n/a		1	2
8	8.08	paramam	parama	nominal	paramaṃ	parama	indecl	POS_DIVERGE	yes	no		1	1
8	8.08	puruṣam	puruṣa	nominal	puruṣaṃ	puruṣa	nominal	MATCH	yes	yes		1	1
8	8.08	divyam	divya	nominal	divyaṃ	divya	indecl	POS_DIVERGE	yes	no		1	1
8	8.08	yāti	√yā	verb	yāti	yā	verb	MATCH	yes	yes		1	1
8	8.08	pārtha	pārtha	nominal	pārtha	pārtha	nominal	MATCH	yes	yes		1	1
8	8.08	anucintayan	anu-cintayant	nominal	anucintayan	anucintay	verb	LEMMA+POS_DIVERGE	no	no		1	1
8	8.09	kavim	kavi	nominal	kaviṃ	kavi	nominal	MATCH	yes	yes		1	1
8	8.09	purāṇam	purāṇa	nominal	purāṇam	purāṇa	indecl	POS_DIVERGE	yes	no		1	1
8	8.09	anuśāsitāram	anu-śāsitṛ	nominal	anuśāsitāram	anuśāsitṛ	indecl	POS_DIVERGE	yes	no		1	1
8	8.09	aṇoḥ	aṇu	nominal	aṇoḥ	aṇu	indecl	POS_DIVERGE	yes	no		1	1
8	8.09	aṇīyāṁsam	aṇīyas	nominal	aṇīyāṃsam	aṇīyas	indecl	POS_DIVERGE	yes	no		1	1
8	8.09	anusmaret	anu-√smṛ	verb	anusmaret	anusmṛ	verb	MATCH	yes	yes		1	1
8	8.09	yaḥ	yat	nominal	yaḥ	yad	nominal	LEMMA_CONVENTION	no	yes	pronoun-stem	1	1
8	8.09	sarvasya	sarva	nominal	sarvasya	sarva	nominal	MATCH	yes	yes		1	1
8	8.09	dhātāram	dhātṛ	nominal	dhātāram	dhātṛ	nominal	MATCH	yes	yes		1	1
8	8.09	acintya-rūpam	acintya-rūpa	nominal	acintya|rūpam	acintya|rūpa	indecl|nominal	COMPOUND_SPLIT	n/a	n/a		1	2
8	8.09	āditya-varṇam	āditya-varṇa	nominal	āditya|varṇam	āditya|varṇa	nominal|nominal	COMPOUND_SPLIT	n/a	n/a		1	2
8	8.09	tamasaḥ	tamas	nominal	tamasaḥ	tamas	nominal	MATCH	yes	yes		1	1
8	8.09	parastāt	parastāt	indecl	parastāt	parastāt	indecl	MATCH	yes	yes		1	1
8	8.10	prayāṇa-kāle	prayāṇa-kāla	nominal	prayāṇa|kāle	prayāṇa|kāla	nominal|nominal	COMPOUND_SPLIT	n/a	n/a		1	2
8	8.10	manasā	manas	nominal	manasā	manas	nominal	MATCH	yes	yes		1	1
8	8.10	acalena	a-cala	nominal	acalena	acala	indecl	POS_DIVERGE	yes	no		1	1
8	8.10	bhaktyā	bhakti	nominal	bhaktyā	bhakti	nominal	MATCH	yes	yes		1	1
8	8.10	yuktaḥ	yukta	nominal	yukto	yuj	verb	LEMMA+POS_DIVERGE	no	no		1	1
8	8.10	yoga-balena	yoga-bala	nominal	yoga|balena	yoga|bala	nominal|nominal	COMPOUND_SPLIT	n/a	n/a		1	2
8	8.10	ca	ca	indecl	ca	ca	indecl	MATCH	yes	yes		1	1
8	8.10	eva	eva	indecl	eva	eva	indecl	MATCH	yes	yes		1	1
8	8.10	bhruvoḥ	bhrū	nominal	bhruvoḥ	bhrū	nominal	MATCH	yes	yes		1	1
8	8.10	madhye	madhya	nominal	madhye	madhya	nominal	MATCH	yes	yes		1	1
8	8.10	prāṇam	prāṇa	nominal	prāṇam	prāṇa	nominal	MATCH	yes	yes		1	1
8	8.10	āveśya	āveśya	unknown	āveśya	āveśay	verb	LEMMA_CONVENTION+POS_DIVERGE	no	no	vowel-sandhi/contraction	1	1
8	8.10	samyak	samyak	indecl	samyak	samyak	indecl	MATCH	yes	yes		1	1
8	8.10	saḥ	tat	nominal	sa	tad	nominal	LEMMA_CONVENTION	no	yes	pronoun-stem	1	1
8	8.10	tam	tat	nominal	taṃ	tad	nominal	LEMMA_CONVENTION	no	yes	pronoun-stem	1	1
8	8.10	param	para	nominal	paraṃ	para	nominal	MATCH	yes	yes		1	1
8	8.10	puruṣam	puruṣa	nominal	puruṣam	puruṣa	nominal	MATCH	yes	yes		1	1
8	8.10	upaiti	upa-√i	verb	upaiti	upe	verb	LEMMA_CONVENTION	no	yes	vowel-sandhi/contraction	1	1
8	8.10	divyam	divya	nominal	divyam	divya	indecl	POS_DIVERGE	yes	no		1	1
8	8.11	yat	yat	nominal	yat	yad	nominal	LEMMA_CONVENTION	no	yes	pronoun-stem	1	1
8	8.11	akṣaram	a-kṣara	nominal	akṣaram	akṣara	nominal	MATCH	yes	yes		1	1
8	8.11	veda-vidaḥ	veda-vit	nominal	veda|vidaḥ	veda|vid	nominal|indecl	COMPOUND_SPLIT	n/a	n/a		1	2
8	8.11	vadanti	√vad	verb	vadanti	vad	verb	MATCH	yes	yes		1	1
8	8.11	viśanti	√viś	verb	viśanti	viś	verb	MATCH	yes	yes		1	1
8	8.11	yat	yat	nominal	yat	yad	nominal	LEMMA_CONVENTION	no	yes	pronoun-stem	1	1
8	8.11	yatayaḥ	yati	nominal	yatayaḥ	yati	nominal	MATCH	yes	yes		1	1
8	8.11	vīta-rāgāḥ	vīta-rāga	nominal	vīta|rāgāḥ	vī|rāga	verb|nominal	COMPOUND_SPLIT	n/a	n/a		1	2
8	8.11	yat	yat	nominal	yat	yad	nominal	LEMMA_CONVENTION	no	yes	pronoun-stem	1	1
8	8.11	icchantaḥ	icchant	nominal	icchantaḥ	iṣ	verb	LEMMA+POS_DIVERGE	no	no		1	1
8	8.11	brahma-caryam	brahma-carya	nominal	brahmacaryaṃ	brahmacarya	nominal	MATCH	yes	yes		1	1
8	8.11	caranti	√car	verb	caranti	car	verb	MATCH	yes	yes		1	1
8	8.11	tat	tat	nominal	tat	tad	nominal	LEMMA_CONVENTION	no	yes	pronoun-stem	1	1
8	8.11	te	yuṣmat	nominal	te	tvad	nominal	LEMMA_CONVENTION	no	yes	pronoun-stem	1	1
8	8.11	padam	pada	nominal	padaṃ	pada	nominal	MATCH	yes	yes		1	1
8	8.11	saṁgraheṇa	saṁgraheṇa	indecl	saṃgraheṇa	saṃgraha	nominal	LEMMA+POS_DIVERGE	no	no		1	1
8	8.11	pravakṣye	pra-√vac	verb	pravakṣye	pravac	verb	MATCH	yes	yes		1	1
8	8.12	sarva-dvārāṇi	sarva-dvāra	nominal	sarva|dvārāṇi	sarva|dvāra	nominal|nominal	COMPOUND_SPLIT	n/a	n/a		1	2
8	8.12	saṁyamya	sam-√yam	unknown	saṃyamya	saṃyam	verb	LEMMA_CONVENTION+POS_DIVERGE	no	no	nasal-class	1	1
8	8.12	manaḥ	manas	nominal	mano	manas	nominal	MATCH	yes	yes		1	1
8	8.12	hṛdi	hṛt	nominal	hṛdi	hṛd	nominal	LEMMA_CONVENTION	no	yes	final-t/d+n	1	1
8	8.12	nirudhya	ni-√rudh	unknown	nirudhya	nirudh	verb	POS_DIVERGE	yes	no		1	1
8	8.12	ca	ca	indecl	ca	ca	indecl	MATCH	yes	yes		1	1
8	8.12	mūrdhni	mūrdhan	nominal	mūrdhni	mūrdhan	nominal	MATCH	yes	yes		1	1
8	8.12	ādhāya	ā-√dhā	unknown	ādhāya	ādhā	verb	POS_DIVERGE	yes	no		1	1
8	8.12	ātmanaḥ	ātman	nominal	ātmanaḥ	ātman	nominal	MATCH	yes	yes		1	1
8	8.12	prāṇam	prāṇa	nominal	prāṇam	prāṇa	nominal	MATCH	yes	yes		1	1
8	8.12	āsthitaḥ	āsthita	nominal	āsthitaḥ	āsthā	verb	LEMMA+POS_DIVERGE	no	no		1	1
8	8.12	yoga-dhāraṇām	yoga-dhāraṇā	nominal	yoga|dhāraṇām	yoga|dhāraṇā	nominal|nominal	COMPOUND_SPLIT	n/a	n/a		1	2
8	8.13	om	om	indecl	om	oṃ	indecl	LEMMA_CONVENTION	no	yes	nasal-class	1	1
8	8.13	iti	iti	indecl	iti	iti	indecl	MATCH	yes	yes		1	1
8	8.13	ekākṣaram	eka-akṣara	nominal	eka|akṣaram	eka|akṣara	indecl|nominal	COMPOUND_SPLIT	n/a	n/a		1	2
8	8.13	brahma	brahman	nominal	brahma	brahman	nominal	MATCH	yes	yes		1	1
8	8.13	vyāharan	vy-ā-harant	nominal	vyāharat	vyāhṛ	verb	LEMMA+POS_DIVERGE	no	no		1	1
8	8.13	mām	asmat	nominal	mām	mad	nominal	LEMMA_CONVENTION	no	yes	pronoun-stem	1	1
8	8.13	anusmaran	anusmarant	nominal	anusmaran	anusmṛ	verb	LEMMA+POS_DIVERGE	no	no		1	1
8	8.13	yaḥ	yat	nominal	yaḥ	yad	nominal	LEMMA_CONVENTION	no	yes	pronoun-stem	1	1
8	8.13	prayāti	pra-√yā	verb	prayāti	prayā	verb	MATCH	yes	yes		1	1
8	8.13	tyajan	tyajant	nominal	tyajan	tyaj	verb	LEMMA+POS_DIVERGE	no	no		1	1
8	8.13	deham	deha	nominal	deham	deha	nominal	MATCH	yes	yes		1	1
8	8.13	saḥ	tat	nominal	sa	tad	nominal	LEMMA_CONVENTION	no	yes	pronoun-stem	1	1
8	8.13	yāti	√yā	verb	yāti	yā	verb	MATCH	yes	yes		1	1
8	8.13	paramām	paramā	nominal	paramāṃ	parama	indecl	LEMMA_CONVENTION+POS_DIVERGE	no	no	vowel-sandhi/contraction	1	1
8	8.13	gatim	gati	nominal	gatim	gati	nominal	MATCH	yes	yes		1	1
8	8.14	ananya-cetāḥ	an-anya-cetas	nominal	an|anya|cetāḥ	an|anya|cetas	indecl|nominal|nominal	COMPOUND_SPLIT	n/a	n/a		1	3
8	8.14	satatam	satatam	indecl	satataṃ	satatam	indecl	MATCH	yes	yes		1	1
8	8.14	yaḥ	yat	nominal	yo	yad	nominal	LEMMA_CONVENTION	no	yes	pronoun-stem	1	1
8	8.14	mām	asmat	nominal	māṃ	mad	nominal	LEMMA_CONVENTION	no	yes	pronoun-stem	1	1
8	8.14	smarati	√smṛ	verb	smarati	smṛ	verb	MATCH	yes	yes		1	1
8	8.14	nityaśaḥ	nityaśaḥ	indecl	nityaśaḥ	nityaśas	indecl	LEMMA_CONVENTION	no	yes	adverb--tas/-taḥ	1	1
8	8.14	tasya	tat	nominal	tasya	tad	nominal	LEMMA_CONVENTION	no	yes	pronoun-stem	1	1
8	8.14	aham	asmat	nominal	aham	mad	nominal	LEMMA_CONVENTION	no	yes	pronoun-stem	1	1
8	8.14	sulabhaḥ	su-labha	nominal	sulabhaḥ	sulabha	indecl	POS_DIVERGE	yes	no		1	1
8	8.14	pārtha	pārtha	nominal	pārtha	pārtha	nominal	MATCH	yes	yes		1	1
8	8.14	nitya-yuktasya	nitya-yukta	nominal	nitya|yuktasya	nitya|yuj	indecl|verb	COMPOUND_SPLIT	n/a	n/a		1	2
8	8.14	yoginaḥ	yogin	nominal	yoginaḥ	yogin	nominal	MATCH	yes	yes		1	1
8	8.15	mām	asmat	nominal	mām	mad	nominal	LEMMA_CONVENTION	no	yes	pronoun-stem	1	1
8	8.15	upetya	upa-√i	unknown	upetya	upe	verb	LEMMA_CONVENTION+POS_DIVERGE	no	no	vowel-sandhi/contraction	1	1
8	8.15	punar-janma	punar-janman	nominal	punarjanma	punarjanman	nominal	MATCH	yes	yes		1	1
8	8.15	duḥkhālayam	duḥkha-ālaya	nominal	duḥkha|ālayam	duḥkha|ālaya	nominal|nominal	COMPOUND_SPLIT	n/a	n/a		1	2
8	8.15	aśāśvatam	a-śāśvata	nominal	aśāśvatam	aśāśvata	indecl	POS_DIVERGE	yes	no		1	1
8	8.15	na	na	indecl	na	na	indecl	MATCH	yes	yes		1	1
8	8.15	āpnuvanti	√āp	verb	āpnuvanti	āp	verb	MATCH	yes	yes		1	1
8	8.15	mahātmānaḥ	mahā-ātman	nominal	mahātmānaḥ	mahātman	indecl	LEMMA_CONVENTION+POS_DIVERGE	no	no	vowel-sandhi/contraction	1	1
8	8.15	saṁsiddhim	sam-siddhi	nominal	saṃsiddhiṃ	saṃsiddhi	nominal	LEMMA_CONVENTION	no	yes	nasal-class	1	1
8	8.15	paramām	paramā	nominal	paramāṃ	parama	indecl	LEMMA_CONVENTION+POS_DIVERGE	no	no	vowel-sandhi/contraction	1	1
8	8.15	gatāḥ	gata	nominal	gatāḥ	gam	verb	LEMMA+POS_DIVERGE	no	no		1	1
8	8.16	ā-brahma-bhuvanāt	ā-brahma-bhuvana	nominal	ā|brahma|bhuvanāt	ā|brahman|bhuvana	indecl|nominal|nominal	COMPOUND_SPLIT	n/a	n/a		1	3
8	8.16	lokāḥ	loka	nominal	lokāḥ	loka	nominal	MATCH	yes	yes		1	1
8	8.16	punar-āvartinaḥ	punar-āvaṛtin	nominal	punarāvartino	punarāvartin	indecl	LEMMA+POS_DIVERGE	no	no		1	1
8	8.16	arjuna	arjuna	nominal	'rjuna	arjuna	nominal	MATCH	yes	yes		1	1
8	8.16	mām	asmat	nominal	mām	mad	nominal	LEMMA_CONVENTION	no	yes	pronoun-stem	1	1
8	8.16	upetya	upa-√i	unknown	upetya	upe	verb	LEMMA_CONVENTION+POS_DIVERGE	no	no	vowel-sandhi/contraction	1	1
8	8.16	tu	tu	indecl	tu	tu	indecl	MATCH	yes	yes		1	1
8	8.16	kaunteya	kaunteya	nominal	kaunteya	kaunteya	nominal	MATCH	yes	yes		1	1
8	8.16	punar-janma	punar-janman	nominal	punarjanma	punarjanman	nominal	MATCH	yes	yes		1	1
8	8.16	na	na	indecl	na	na	indecl	MATCH	yes	yes		1	1
8	8.16	vidyate	√vid	verb	vidyate	vid	verb	MATCH	yes	yes		1	1
8	8.17	sahasra-yuga-paryantam	sahasra-yuga-paryanta	nominal	sahasra|yuga|paryantam	sahasra|yuga|paryanta	indecl|nominal|nominal	COMPOUND_SPLIT	n/a	n/a		1	3
8	8.17	ahaḥ	ahar	nominal	ahar	ahar	nominal	MATCH	yes	yes		1	1
8	8.17	yat	yat	nominal	yat	yad	nominal	LEMMA_CONVENTION	no	yes	pronoun-stem	1	1
8	8.17	brahmaṇaḥ	brahman	nominal	brahmaṇaḥ	brahman	nominal	MATCH	yes	yes		1	1
8	8.17	viduḥ	√vid	verb	viduḥ	vid	verb	MATCH	yes	yes		1	1
8	8.17	rātrim	rātri	nominal	rātriṃ	rātri	nominal	MATCH	yes	yes		1	1
8	8.17	yuga-sahasrāntām	yuga-sahasra-antā	nominal	yuga|sahasra|antām	yuga|sahasra|anta	nominal|indecl|nominal	COMPOUND_SPLIT	n/a	n/a		1	3
8	8.17	te	tat	nominal	te	tad	nominal	LEMMA_CONVENTION	no	yes	pronoun-stem	1	1
8	8.17	aho-rātra-vidaḥ	aho-rātra-vit	nominal	ahar	ahar	nominal	LEMMA_DIVERGE	no	yes		1	1
8	8.17	janāḥ	jana	nominal	rātra	rātra	nominal	LEMMA_DIVERGE	no	yes		1	1
8	8.18	avyaktāt	a-vyakta	nominal	vidaḥ	vid	indecl	LEMMA+POS_DIVERGE	no	no		1	1
8	8.18	vyaktayaḥ	vyakti	nominal	janāḥ	jana	nominal	LEMMA_DIVERGE	no	yes		1	1
8	8.18	sarvāḥ	sarva	nominal	avyaktāt	avyakta	nominal	LEMMA_DIVERGE	no	yes		1	1
8	8.18	prabhavanti	pra-√bhū	verb	vyaktayaḥ	vyakti	nominal	LEMMA+POS_DIVERGE	no	no		1	1
8	8.18	ahar-āgame	ahar-āgama	nominal	sarvāḥ	sarva	nominal	LEMMA_DIVERGE	no	yes		1	1
8	8.18	rātry-āgame	rātry-āgama	nominal	prabhavanti	prabhū	verb	LEMMA+POS_DIVERGE	no	no		1	1
8	8.18	pralīyante	pra-√lī	verb	ahar	ahar	nominal	LEMMA+POS_DIVERGE	no	no		1	1
8	8.18	tatra	tatra	indecl	āgame	āgama	nominal	LEMMA+POS_DIVERGE	no	no		1	1
8	8.18	eva	eva	indecl	rātri	rātri	nominal	LEMMA+POS_DIVERGE	no	no		1	1
8	8.18	avyakta-saṁjñake	avyakta-saṁjñaka	nominal	āgame	āgama	nominal	LEMMA_DIVERGE	no	yes		1	1
8	8.19	bhūta-grāmaḥ	bhūta-grāma	nominal	pralīyante	pralī	verb	LEMMA+POS_DIVERGE	no	no		1	1
8					tatra	tatra	indecl	GOLD_ONLY				0	1
8	8.19	saḥ|eva	tat|eva	nominal|indecl	eva	eva	indecl	MERGE	n/a	n/a		2	1
8	8.19	ayam	idam	nominal	avyakta	avyakta	nominal	LEMMA_DIVERGE	no	yes		1	1
8	8.19	bhūtvā bhūtvā	√bhū	unknown	saṃjñake	saṃjñaka	indecl	LEMMA+POS_DIVERGE	no	no		1	1
8	8.19	pralīyate	pra-√lī	verb	bhūta	bhūta	nominal	LEMMA+POS_DIVERGE	no	no		1	1
8	8.19	rātry-āgame	rātry-āgama	nominal	grāmaḥ	grāma	nominal	LEMMA_DIVERGE	no	yes		1	1
8	8.19	avaśaḥ	avaśa	nominal	sa	tad	nominal	LEMMA_DIVERGE	no	yes		1	1
8	8.19	pārtha	pārtha	nominal	eva	eva	indecl	LEMMA+POS_DIVERGE	no	no		1	1
8	8.19	prabhavati	pra-√bhū	verb	ayam	idam	nominal	LEMMA+POS_DIVERGE	no	no		1	1
8	8.19	ahar-āgame	ahar-āgama	unknown	bhūtvā	bhū	verb	LEMMA+POS_DIVERGE	no	no		1	1
8	8.20	paraḥ	para	nominal	bhūtvā	bhū	verb	LEMMA+POS_DIVERGE	no	no		1	1
8	8.20	tasmāt	tasmāt	indecl	pralīyate	pralī	verb	LEMMA+POS_DIVERGE	no	no		1	1
8	8.20	tu	tu	indecl	rātri	rātri	nominal	LEMMA+POS_DIVERGE	no	no		1	1
8	8.20	bhāvaḥ	bhāva	nominal	āgame	āgama	nominal	LEMMA_DIVERGE	no	yes		1	1
8	8.20	anyaḥ	anya	nominal	'vaśaḥ	avaśa	indecl	LEMMA+POS_DIVERGE	no	no		1	1
8	8.20	avyaktaḥ	a-vyakta	nominal	pārtha	pārtha	nominal	LEMMA_DIVERGE	no	yes		1	1
8	8.20	avyaktāt	a-vyakta	nominal	prabhavati	prabhū	verb	LEMMA+POS_DIVERGE	no	no		1	1
8	8.20	sanātanaḥ	sanātana	nominal	ahar	ahar	nominal	LEMMA_DIVERGE	no	yes		1	1
8	8.20	yaḥ	yat	nominal	āgame	āgama	nominal	LEMMA_DIVERGE	no	yes		1	1
8	8.20	saḥ	tat	nominal	paraḥ	para	nominal	LEMMA_DIVERGE	no	yes		1	1
8	8.20	sarveṣu	sarva	nominal	tasmāt	tad	nominal	LEMMA_DIVERGE	no	yes		1	1
8	8.20	bhūteṣu	bhūta	nominal	tu	tu	indecl	LEMMA+POS_DIVERGE	no	no		1	1
8	8.20	naśyatsu	naśyant	nominal	bhāvo	bhāva	nominal	LEMMA_DIVERGE	no	yes		1	1
8	8.20	na	na	indecl	'nyo	anya	nominal	LEMMA+POS_DIVERGE	no	no		1	1
8	8.20	vinaśyati	vi-√naś	verb				DCS_ONLY				1	0
8	8.21	avyaktaḥ	a-vyakta	nominal	'vyakto	avyakta	indecl	POS_DIVERGE	yes	no		1	1
8	8.21	akṣaraḥ	a-kṣara	nominal	avyaktāt	avyakta	indecl	LEMMA+POS_DIVERGE	no	no		1	1
8	8.21	iti	iti	indecl	sanātanaḥ	sanātana	indecl	LEMMA_DIVERGE	no	yes		1	1
8	8.21	uktaḥ	ukta	nominal	yaḥ	yad	nominal	LEMMA_DIVERGE	no	yes		1	1
8	8.21	tam	tat	nominal	sa	tad	nominal	LEMMA_CONVENTION	no	yes	pronoun-stem	1	1
8	8.21	āhuḥ	√ah	verb	sarveṣu	sarva	nominal	LEMMA+POS_DIVERGE	no	no		1	1
8	8.21	paramām	paramā	nominal	bhūteṣu	bhūta	nominal	LEMMA_DIVERGE	no	yes		1	1
8	8.21	gatim	gati	nominal	naśyatsu	naś	verb	LEMMA+POS_DIVERGE	no	no		1	1
8	8.21	yam	yat	nominal	na	na	indecl	LEMMA+POS_DIVERGE	no	no		1	1
8	8.21	prāpya	pra-√āp	unknown	vinaśyati	vinaś	verb	LEMMA+POS_DIVERGE	no	no		1	1
8	8.21	na	na	indecl	avyakto	avyakta	indecl	LEMMA_DIVERGE	no	yes		1	1
8	8.21	nivartante	ni-√vṛt	verb	'kṣara	akṣara	indecl	LEMMA+POS_DIVERGE	no	no		1	1
8	8.21	tat	tat	nominal	iti	iti	indecl	LEMMA+POS_DIVERGE	no	no		1	1
8	8.21	dhāma	dhāman	nominal	uktaḥ	vac	verb	LEMMA+POS_DIVERGE	no	no		1	1
8	8.21	paramam	parama	nominal	tam	tad	nominal	LEMMA_DIVERGE	no	yes		1	1
8	8.21	mama	asmat	nominal	āhuḥ	ah	verb	LEMMA+POS_DIVERGE	no	no		1	1
8	8.22	puruṣaḥ	puruṣa	nominal	paramāṃ	parama	indecl	LEMMA+POS_DIVERGE	no	no		1	1
8	8.22	saḥ	tat	nominal	gatim	gati	nominal	LEMMA_DIVERGE	no	yes		1	1
8	8.22	paraḥ	para	nominal	yaṃ	yad	nominal	LEMMA_DIVERGE	no	yes		1	1
8	8.22	pārtha	pārtha	nominal	prāpya	prāp	verb	LEMMA+POS_DIVERGE	no	no		1	1
8	8.22	bhaktyā	bhakti	nominal	na	na	indecl	LEMMA+POS_DIVERGE	no	no		1	1
8	8.22	labhyaḥ	labhya	nominal	nivartante	nivṛt	verb	LEMMA+POS_DIVERGE	no	no		1	1
8	8.22	tu	tu	indecl	tat	tad	nominal	LEMMA+POS_DIVERGE	no	no		1	1
8	8.22	ananyayā	an-anyā	nominal	dhāma	dhāman	nominal	LEMMA_DIVERGE	no	yes		1	1
8	8.22	yasya	yat	nominal	paramaṃ	parama	indecl	LEMMA+POS_DIVERGE	no	no		1	1
8	8.22	antaḥ-sthāni	antaḥ-stha	nominal	mama	mad	nominal	LEMMA_DIVERGE	no	yes		1	1
8	8.22	bhūtāni	bhūta	nominal	puruṣaḥ	puruṣa	nominal	LEMMA_DIVERGE	no	yes		1	1
8	8.22	yena	yat	nominal	sa	tad	nominal	LEMMA_DIVERGE	no	yes		1	1
8	8.22	sarvam	sarva	nominal	paraḥ	para	nominal	LEMMA_DIVERGE	no	yes		1	1
8	8.22	idam	idam	nominal	pārtha	pārtha	nominal	LEMMA_DIVERGE	no	yes		1	1
8	8.22	tatam	tata	nominal	bhaktyā	bhakti	nominal	LEMMA_DIVERGE	no	yes		1	1
8	8.23	yatra	yatra	indecl	labhyaḥ	labh	verb	LEMMA+POS_DIVERGE	no	no		1	1
8	8.23	kāle	kāla	nominal				DCS_ONLY				1	0
8	8.23	tu	tu	indecl	tu	tu	indecl	MATCH	yes	yes		1	1
8	8.23	an-āvṛttim	an-ā-vṛtti	nominal	an	an	indecl	LEMMA+POS_DIVERGE	no	no		1	1
8	8.23	āvṛttim	ā-vṛtti	nominal	anyayā	anya	nominal	LEMMA_DIVERGE	no	yes		1	1
8	8.23	ca	ca	indecl	yasya	yad	nominal	LEMMA+POS_DIVERGE	no	no		1	1
8	8.23	eva	eva	indecl	antar	antar	indecl	LEMMA_DIVERGE	no	yes		1	1
8	8.23	yoginaḥ	yogin	nominal	sthāni	stha	indecl	LEMMA+POS_DIVERGE	no	no		1	1
8	8.23	prayātāḥ	prayāta	nominal	bhūtāni	bhūta	nominal	LEMMA_DIVERGE	no	yes		1	1
8	8.23	yānti	√yā	verb	yena	yad	nominal	LEMMA+POS_DIVERGE	no	no		1	1
8	8.23	tam	tat	nominal	sarvam	sarva	nominal	LEMMA_DIVERGE	no	yes		1	1
8	8.23	kālam	kāla	nominal	idam	idam	nominal	LEMMA_DIVERGE	no	yes		1	1
8	8.23	vakṣyāmi	√vac	verb	tatam	tan	verb	LEMMA_DIVERGE	no	yes		1	1
8	8.23	bharata-rṣabha	bharata-rṣabha	nominal	yatra	yatra	indecl	LEMMA+POS_DIVERGE	no	no		1	1
8	8.24	agniḥ	agni	nominal	kāle	kāla	nominal	LEMMA_DIVERGE	no	yes		1	1
8	8.24	jyotiḥ	jyotiḥ	nominal	tu	tu	indecl	LEMMA+POS_DIVERGE	no	no		1	1
8	8.24	ahaḥ	ahar	nominal	anāvṛttim	anāvṛtti	nominal	LEMMA_DIVERGE	no	yes		1	1
8	8.24	śuklaḥ	śukla	nominal	āvṛttim	āvṛtti	nominal	LEMMA_DIVERGE	no	yes		1	1
8	8.24	ṣaṇ-māsāḥ	ṣaṇ-māsa	nominal	ca	ca	indecl	LEMMA+POS_DIVERGE	no	no		1	1
8	8.24	uttarāyaṇam	uttara-ayaṇa	nominal	eva	eva	indecl	LEMMA+POS_DIVERGE	no	no		1	1
8	8.24	tatra	tatra	indecl	yoginaḥ	yogin	nominal	LEMMA+POS_DIVERGE	no	no		1	1
8	8.24	prayātāḥ	prayāta	nominal	prayātā	prayā	verb	LEMMA+POS_DIVERGE	no	no		1	1
8	8.24	gacchanti	√gam	verb	yānti	yā	verb	LEMMA_DIVERGE	no	yes		1	1
8	8.24	brahma	brahman	nominal	taṃ	tad	nominal	LEMMA_DIVERGE	no	yes		1	1
8	8.24	brahma-vidaḥ	brahma-vit	nominal	kālaṃ	kāla	nominal	LEMMA_DIVERGE	no	yes		1	1
8	8.24	janāḥ	jana	nominal	vakṣyāmi	vac	verb	LEMMA+POS_DIVERGE	no	no		1	1
8	8.25	dhūmaḥ	dhūma	nominal	bharata	bharata	nominal	LEMMA_DIVERGE	no	yes		1	1
8	8.25	rātriḥ	rātri	nominal	ṛṣabha	ṛṣabha	nominal	LEMMA_DIVERGE	no	yes		1	1
8	8.25	tathā	tathā	indecl	agniḥ	agni	nominal	LEMMA+POS_DIVERGE	no	no		1	1
8	8.25	kṛṣṇaḥ	kṛṣṇa	nominal	jyotiḥ	jyotis	nominal	LEMMA_DIVERGE	no	yes		1	1
8	8.25	ṣaṇ-māsāḥ	ṣaṇ-māsa	nominal	ahar	ahar	nominal	LEMMA_DIVERGE	no	yes		1	1
8	8.25	dakṣiṇāyanam	dakṣiṇa-ayaṇa	nominal	śuklaḥ	śukla	nominal	LEMMA_DIVERGE	no	yes		1	1
8	8.25	tatra	tatra	indecl	ṣaṣ	ṣaṣ	indecl	LEMMA_DIVERGE	no	yes		1	1
8	8.25	cāndramasam	cāndra-masa	nominal	māsāḥ	māsa	nominal	LEMMA_DIVERGE	no	yes		1	1
8	8.25	jyotiḥ	jyotiḥ	nominal	uttarāyaṇam	uttarāyaṇa	nominal	LEMMA_DIVERGE	no	yes		1	1
8	8.25	yogī	yogin	nominal	tatra	tatra	indecl	LEMMA+POS_DIVERGE	no	no		1	1
8	8.25	prāpya	pra-√āp	unknown	prayātā	prayā	verb	LEMMA+POS_DIVERGE	no	no		1	1
8	8.25	nivartate	ni-√vṛt	verb	gacchanti	gam	verb	LEMMA_DIVERGE	no	yes		1	1
8	8.26	śukla-kṛṣṇe	śukla-kṛṣṇā	nominal	brahma	brahman	nominal	LEMMA_DIVERGE	no	yes		1	1
8	8.26	gatī	gati	nominal	brahma	brahman	nominal	LEMMA_DIVERGE	no	yes		1	1
8	8.26	hi	hi	indecl	vidaḥ	vid	indecl	LEMMA_DIVERGE	no	yes		1	1
8	8.26	ete	etat	nominal	janāḥ	jana	nominal	LEMMA_DIVERGE	no	yes		1	1
8	8.26	jagataḥ	jagat	nominal	dhūmo	dhūma	nominal	LEMMA_DIVERGE	no	yes		1	1
8	8.26	śāśvate	śāśvatā	nominal	rātriḥ	rātri	nominal	LEMMA_DIVERGE	no	yes		1	1
8	8.26	mate	matā	nominal	tathā	tathā	indecl	LEMMA+POS_DIVERGE	no	no		1	1
8	8.26	ekayā	ekā	nominal	kṛṣṇaḥ	kṛṣṇa	nominal	LEMMA_DIVERGE	no	yes		1	1
8	8.26	yāti	√yā	verb	ṣaṣ	ṣaṣ	indecl	LEMMA+POS_DIVERGE	no	no		1	1
8	8.26	anāvṛttim	an-ā-vṛtti	nominal	māsāḥ	māsa	nominal	LEMMA_DIVERGE	no	yes		1	1
8	8.26	anyayā	anyā	nominal	dakṣiṇāyanam	dakṣiṇāyana	nominal	LEMMA_DIVERGE	no	yes		1	1
8	8.26	āvartate	ā-√vṛt	verb	tatra	tatra	indecl	LEMMA+POS_DIVERGE	no	no		1	1
8	8.26	punaḥ	punaḥ	indecl	cāndramasaṃ	cāndramasa	indecl	LEMMA_DIVERGE	no	yes		1	1
8	8.27	na	na	indecl	jyotiḥ	jyotis	nominal	LEMMA+POS_DIVERGE	no	no		1	1
8	8.27	ete	etat	nominal	yogī	yogin	nominal	LEMMA_DIVERGE	no	yes		1	1
8	8.27	sṛtī	sṛti	nominal	prāpya	prāp	verb	LEMMA+POS_DIVERGE	no	no		1	1
8	8.27	pārtha	pārtha	nominal	nivartate	nivṛt	verb	LEMMA+POS_DIVERGE	no	no		1	1
8	8.27	jānan	jānant	nominal	śukla	śukla	indecl	LEMMA+POS_DIVERGE	no	no		1	1
8	8.27	yogī	yogin	nominal	kṛṣṇe	kṛṣṇa	indecl	LEMMA+POS_DIVERGE	no	no		1	1
8	8.27	muhyati	√muh	verb	gatī	gati	nominal	LEMMA+POS_DIVERGE	no	no		1	1
8	8.27	kaś-cana	kim-cana	nominal	hi	hi	indecl	LEMMA+POS_DIVERGE	no	no		1	1
8	8.27	tasmāt	tasmāt	indecl	ete	etad	nominal	LEMMA+POS_DIVERGE	no	no		1	1
8	8.27	sarveṣu	sarva	nominal	jagataḥ	jagant	nominal	LEMMA_DIVERGE	no	yes		1	1
8	8.27	kāleṣu	kāla	nominal	śāśvate	śāśvata	indecl	LEMMA+POS_DIVERGE	no	no		1	1
8	8.27	yoga-yuktaḥ	yoga-yukta	nominal	mate	man	verb	LEMMA+POS_DIVERGE	no	no		1	1
8	8.27	bhava	√bhū	verb	ekayā	eka	indecl	LEMMA+POS_DIVERGE	no	no		1	1
8	8.27	arjuna	arjuna	nominal	yāti	yā	verb	LEMMA+POS_DIVERGE	no	no		1	1
8	8.28	vedeṣu	veda	nominal	anāvṛttim	anāvṛtti	nominal	LEMMA_DIVERGE	no	yes		1	1
8	8.28	yajñeṣu	yajña	nominal	anyayā	anya	nominal	LEMMA_DIVERGE	no	yes		1	1
8	8.28	tapaḥsu	tapas	nominal	āvartate	āvṛt	verb	LEMMA+POS_DIVERGE	no	no		1	1
8	8.28	ca	ca	indecl	punaḥ	punar	indecl	LEMMA_DIVERGE	no	yes		1	1
8	8.28	eva	eva	indecl	na	na	indecl	LEMMA_DIVERGE	no	yes		1	1
8	8.28	dāneṣu	dāna	nominal	ete	etad	nominal	LEMMA_DIVERGE	no	yes		1	1
8	8.28	yat	yat	nominal	sṛtī	sṛti	nominal	LEMMA_DIVERGE	no	yes		1	1
8	8.28	puṇya-phalam	puṇya-phala	nominal	pārtha	pārtha	nominal	LEMMA_DIVERGE	no	yes		1	1
8	8.28	pradiṣṭam	pra-diṣta	nominal	jānan	jñā	verb	LEMMA+POS_DIVERGE	no	no		1	1
8	8.28	atyeti	ati-√i	verb	yogī	yogin	nominal	LEMMA+POS_DIVERGE	no	no		1	1
8	8.28	tat	tat	nominal	muhyati	muh	verb	LEMMA+POS_DIVERGE	no	no		1	1
8	8.28	sarvam	sarva	nominal	kaścana	kaścana	nominal	LEMMA_DIVERGE	no	yes		1	1
8	8.28	idam	idam	nominal	tasmāt	tasmāt	indecl	LEMMA+POS_DIVERGE	no	no		1	1
8	8.28	viditvā	√vid	unknown	sarveṣu	sarva	nominal	LEMMA+POS_DIVERGE	no	no		1	1
8					kāleṣu	kāla	nominal	GOLD_ONLY				0	1
8	8.28	yogī	yogin	nominal	yoga	yoga	nominal	LEMMA_DIVERGE	no	yes		1	1
8	8.28	param	para	nominal	yuktaḥ	yuj	verb	LEMMA+POS_DIVERGE	no	no		1	1
8	8.28	sthānam	sthāna	nominal	bhava	bhū	verb	LEMMA+POS_DIVERGE	no	no		1	1
8	8.28	upaiti	upa-√i	verb	arjuna	arjuna	nominal	LEMMA+POS_DIVERGE	no	no		1	1
8	8.28	ca	ca	indecl	vedeṣu	veda	nominal	LEMMA+POS_DIVERGE	no	no		1	1
8	8.28	ādyam	ādya	nominal	yajñeṣu	yajña	nominal	LEMMA_DIVERGE	no	yes		1	1
8					tapaḥsu|ca|eva|dāneṣu|yat|puṇya|phalam|pradiṣṭam|atyeti|tat|sarvam|idam|viditvā|yogī|paraṃ|sthānam|upaiti|ca|ādyam	tapas|ca|eva|dāna|yad|puṇya|phala|pradiś|atī|tad|sarva|idam|vid|yogin|para|sthāna|upe|ca|ādya	nominal|indecl|indecl|nominal|nominal|indecl|nominal|verb|verb|nominal|nominal|nominal|verb|nominal|nominal|nominal|verb|indecl|indecl	GOLD_ONLY				0	19
9	9.01	śrī-bhagavān	śrī-bhagavant	nominal	śrī|bhagavān	śrī|bhagavant	nominal|nominal	COMPOUND_SPLIT	n/a	n/a		1	2
9	9.01	uvāca	√vac	verb	uvāca	vac	verb	MATCH	yes	yes		1	1
9	9.01	idam	idam	nominal	idaṃ	idam	nominal	MATCH	yes	yes		1	1
9	9.01	tu	tu	indecl	tu	tu	indecl	MATCH	yes	yes		1	1
9	9.01	te	yuṣmat	nominal	te	tvad	nominal	LEMMA_CONVENTION	no	yes	pronoun-stem	1	1
9	9.01	guhyatamam	guhyatama	nominal	guhyatamaṃ	guhyatama	indecl	POS_DIVERGE	yes	no		1	1
9	9.01	pravakṣyāmi	pra-√vac	verb	pravakṣyāmi	pravac	verb	MATCH	yes	yes		1	1
9	9.01	anasūyave	an-asūyu	nominal	anasūyave	anasūyu	indecl	POS_DIVERGE	yes	no		1	1
9	9.01	jñānam	jñāna	nominal	jñānaṃ	jñāna	nominal	MATCH	yes	yes		1	1
9	9.01	vijñāna-sahitam	vijñāna-sahita	nominal	vijñāna|sahitam	vijñāna|sahita	nominal|indecl	COMPOUND_SPLIT	n/a	n/a		1	2
9	9.01	yat	yat	nominal	yat	yad	nominal	LEMMA_CONVENTION	no	yes	pronoun-stem	1	1
9	9.01	jñātvā	√jñā	unknown	jñātvā	jñā	verb	POS_DIVERGE	yes	no		1	1
9	9.01	mokṣyase	√muc	verb	mokṣyase	muc	verb	MATCH	yes	yes		1	1
9	9.01	aśubhāt	aśubha	nominal	'śubhāt	aśubha	indecl	POS_DIVERGE	yes	no		1	1
9	9.02	rāja-vidyā	rāja-vidyā	nominal	rāja|vidyā	rājan|vidyā	nominal|nominal	COMPOUND_SPLIT	n/a	n/a		1	2
9	9.02	rāja-guhyam	rāja-guhya	nominal	rāja|guhyam	rājan|guhya	nominal|nominal	COMPOUND_SPLIT	n/a	n/a		1	2
9	9.02	pavitram	pavitra	nominal	pavitram	pavitra	nominal	MATCH	yes	yes		1	1
9	9.02	idam	idam	nominal	idam	idam	nominal	MATCH	yes	yes		1	1
9	9.02	uttamam	uttama	nominal	uttamam	uttama	indecl	POS_DIVERGE	yes	no		1	1
9	9.02	pratyakṣāvagamam	praty-akṣa-avagama	nominal	pratyakṣa|avagamam	pratyakṣa|avagama	indecl|nominal	COMPOUND_SPLIT	n/a	n/a		1	2
9	9.02	dharmyam	dharmya	nominal	dharmyaṃ	dharmya	indecl	POS_DIVERGE	yes	no		1	1
9	9.02	susukham	su-sukha	nominal	su|sukham	su|sukha	indecl|indecl	COMPOUND_SPLIT	n/a	n/a		1	2
9	9.02	kartum	√kṛ	unknown	kartum	kṛ	verb	POS_DIVERGE	yes	no		1	1
9	9.02	avyayam	a-vyaya	nominal	avyayam	avyaya	indecl	POS_DIVERGE	yes	no		1	1
9	9.03	aśraddadhānāḥ	a-śrad-dadhāna	nominal	a|śraddadhānāḥ	a|śraddhā	indecl|verb	COMPOUND_SPLIT	n/a	n/a		1	2
9	9.03	puruṣāḥ	puruṣa	nominal	puruṣā	puruṣa	nominal	MATCH	yes	yes		1	1
9	9.03	dharmasya	dharma	nominal	dharmasya	dharma	nominal	MATCH	yes	yes		1	1
9	9.03	asya	idam	nominal	asya	idam	nominal	MATCH	yes	yes		1	1
9	9.03	paraṁtapa	param-tapa	nominal	paraṃtapa	paraṃtapa	indecl	LEMMA_CONVENTION+POS_DIVERGE	no	no	nasal-class	1	1
9	9.03	aprāpya	pra-√āp	unknown	a|prāpya	a|prāp	indecl|verb	COMPOUND_SPLIT	n/a	n/a		1	2
9	9.03	mām	asmat	nominal	māṃ	mad	nominal	LEMMA_CONVENTION	no	yes	pronoun-stem	1	1
9	9.03	nivartante	ni-√vṛt	verb	nivartante	nivṛt	verb	MATCH	yes	yes		1	1
9	9.03	mṛtyu-saṁsāra-vartmani	mṛtyu-saṁsāra-vartman	nominal	mṛtyu|saṃsāra|vartmani	mṛtyu|saṃsāra|vartman	nominal|nominal|nominal	COMPOUND_SPLIT	n/a	n/a		1	3
9	9.04	mayā	asmat	nominal	mayā	mad	nominal	LEMMA_CONVENTION	no	yes	pronoun-stem	1	1
9	9.04	tatam	tata	nominal	tatam	tan	verb	LEMMA+POS_DIVERGE	no	no		1	1
9	9.04	idam	idam	nominal	idam	idam	nominal	MATCH	yes	yes		1	1
9	9.04	sarvam	sarva	nominal	sarvaṃ	sarva	nominal	MATCH	yes	yes		1	1
9	9.04	jagat	jagat	nominal	jagat	jagant	nominal	LEMMA_CONVENTION	no	yes	final-t/d+n	1	1
9	9.04	avyakta-mūrtinā	a-vyakta-mūrti	nominal	avyakta|mūrtinā	avyakta|mūrti	indecl|nominal	COMPOUND_SPLIT	n/a	n/a		1	2
9	9.04	mat-sthāni	mat-stha	nominal	mad	mad	nominal	LEMMA_DIVERGE	no	yes		1	1
9					sthāni	stha	indecl	GOLD_ONLY				0	1
9	9.04	sarva-bhūtāni	sarva-bhūta	nominal	sarva|bhūtāni	sarva|bhūta	nominal|nominal	COMPOUND_SPLIT	n/a	n/a		1	2
9	9.04	na	na	indecl	na	na	indecl	MATCH	yes	yes		1	1
9	9.04	ca	ca	indecl	ca	ca	indecl	MATCH	yes	yes		1	1
9	9.04	aham	asmat	nominal	aham	mad	nominal	LEMMA_CONVENTION	no	yes	pronoun-stem	1	1
9	9.04	teṣu	tat	nominal	teṣu	tad	nominal	LEMMA_CONVENTION	no	yes	pronoun-stem	1	1
9	9.04	avasthitaḥ	avasthita	nominal	avasthitaḥ	avasthā	verb	LEMMA+POS_DIVERGE	no	no		1	1
9	9.05	na	na	indecl	na	na	indecl	MATCH	yes	yes		1	1
9	9.05	ca	ca	indecl	ca	ca	indecl	MATCH	yes	yes		1	1
9	9.05	mat-sthāni	mat-stha	nominal	mad	mad	nominal	LEMMA_DIVERGE	no	yes		1	1
9					sthāni	stha	indecl	GOLD_ONLY				0	1
9	9.05	bhūtāni	bhūta	nominal	bhūtāni	bhūta	nominal	MATCH	yes	yes		1	1
9	9.05	paśya	√dṛś	verb	paśya	paś	verb	LEMMA_DIVERGE	no	yes		1	1
9	9.05	me	asmat	nominal	me	mad	nominal	LEMMA_CONVENTION	no	yes	pronoun-stem	1	1
9	9.05	yogam	yoga	nominal	yogam	yoga	nominal	MATCH	yes	yes		1	1
9	9.05	aiśvaram	aiśvara	nominal	aiśvaram	aiśvara	indecl	POS_DIVERGE	yes	no		1	1
9	9.05	bhūta-bhṛt	bhūta-bhṛt	nominal	bhūta|bhṛt	bhūta|bhṛt	nominal|indecl	COMPOUND_SPLIT	n/a	n/a		1	2
9	9.05	na	na	indecl	na	na	indecl	MATCH	yes	yes		1	1
9	9.05	ca	ca	indecl	ca	ca	indecl	MATCH	yes	yes		1	1
9	9.05	bhūta-sthaḥ	bhūta-stha	nominal	bhūta|sthaḥ	bhūta|stha	nominal|indecl	COMPOUND_SPLIT	n/a	n/a		1	2
9	9.05	mama	asmat	nominal	mama	mad	nominal	LEMMA_CONVENTION	no	yes	pronoun-stem	1	1
9	9.05	ātmā	ātman	nominal	ātmā	ātman	nominal	MATCH	yes	yes		1	1
9	9.05	bhūta-bhāvanaḥ	bhūta-bhāvana	nominal	bhūta|bhāvanaḥ	bhūta|bhāvana	nominal|indecl	COMPOUND_SPLIT	n/a	n/a		1	2
9	9.06	yathā	yathā	indecl	yathā	yathā	indecl	MATCH	yes	yes		1	1
9	9.06	ākāśa-sthitaḥ	ākāśa-sthita	nominal	ākāśa|sthitaḥ	ākāśa|sthā	nominal|verb	COMPOUND_SPLIT	n/a	n/a		1	2
9	9.06	nityam	nityam	indecl	nityaṃ	nityam	indecl	MATCH	yes	yes		1	1
9	9.06	vāyuḥ	vāyu	nominal	vāyuḥ	vāyu	nominal	MATCH	yes	yes		1	1
9	9.06	sarvatra-gaḥ	sarvatra-ga	nominal	sarvatrago	sarvatraga	indecl	POS_DIVERGE	yes	no		1	1
9	9.06	mahān	mahant	nominal	mahān	mahat	indecl	LEMMA_CONVENTION+POS_DIVERGE	no	no	final-t/d+n	1	1
9	9.06	tathā	tathā	indecl	tathā	tathā	indecl	MATCH	yes	yes		1	1
9	9.06	sarvāṇi	sarva	nominal	sarvāṇi	sarva	nominal	MATCH	yes	yes		1	1
9	9.06	bhūtāni	bhūta	nominal	bhūtāni	bhūta	nominal	MATCH	yes	yes		1	1
9	9.06	mat-sthāni	mat-stha	nominal	mad	mad	nominal	LEMMA_DIVERGE	no	yes		1	1
9					sthāni	stha	indecl	GOLD_ONLY				0	1
9	9.06	iti	iti	indecl	iti	iti	indecl	MATCH	yes	yes		1	1
9	9.06	upadhāraya	upa-√dhṛ	verb	upadhāraya	upadhāray	verb	LEMMA_DIVERGE	no	yes		1	1
9	9.07	sarva-bhūtāni	sarva-bhūta	nominal	sarva|bhūtāni	sarva|bhūta	nominal|nominal	COMPOUND_SPLIT	n/a	n/a		1	2
9	9.07	kaunteya	kaunteya	nominal	kaunteya	kaunteya	nominal	MATCH	yes	yes		1	1
9	9.07	prakṛtim	prakṛti	nominal	prakṛtiṃ	prakṛti	nominal	MATCH	yes	yes		1	1
9	9.07	yānti	√yā	verb	yānti	yā	verb	MATCH	yes	yes		1	1
9	9.07	māmikām	māmikā	nominal	māmikām	māmaka	indecl	LEMMA_CONVENTION+POS_DIVERGE	no	no	vowel-sandhi/contraction	1	1
9	9.07	kalpa-kṣaye	kalpa-kṣaya	nominal	kalpa|kṣaye	kalpa|kṣaya	nominal|nominal	COMPOUND_SPLIT	n/a	n/a		1	2
9	9.07	punaḥ	punaḥ	indecl	punar	punar	indecl	LEMMA_DIVERGE	no	yes		1	1
9	9.07	tāni	tat	nominal	tāni	tad	nominal	LEMMA_CONVENTION	no	yes	pronoun-stem	1	1
9	9.07	kalpādau	kalpa-ādi	nominal	kalpa|ādau	kalpa|ādi	nominal|nominal	COMPOUND_SPLIT	n/a	n/a		1	2
9	9.07	visṛjāmi	vi-√sṛj	verb	visṛjāmi	visṛj	verb	MATCH	yes	yes		1	1
9	9.07	aham	asmat	nominal	aham	mad	nominal	LEMMA_CONVENTION	no	yes	pronoun-stem	1	1
9	9.08	prakṛtim	prakṛti	nominal	prakṛtiṃ	prakṛti	nominal	MATCH	yes	yes		1	1
9	9.08	svām	svā	nominal	svām	sva	indecl	LEMMA_CONVENTION+POS_DIVERGE	no	no	vowel-sandhi/contraction	1	1
9	9.08	avaṣṭabhya	ava-√stambh	unknown	avaṣṭabhya	avaṣṭambh	verb	LEMMA+POS_DIVERGE	no	no		1	1
9	9.08	visṛjāmi	vi-√sṛj	verb	visṛjāmi	visṛj	verb	MATCH	yes	yes		1	1
9	9.08	punaḥ punaḥ	punaḥ punaḥ	indecl	punaḥ|punaḥ	punar|punar	indecl|indecl	COMPOUND_SPLIT	n/a	n/a		1	2
9	9.08	bhūta-grāmam	bhūta-grāma	nominal	bhūta|grāmam	bhūta|grāma	nominal|nominal	COMPOUND_SPLIT	n/a	n/a		1	2
9	9.08	imam	idam	nominal	imam	idam	nominal	MATCH	yes	yes		1	1
9	9.08	kṛtsnam	kṛtsna	nominal	kṛtsnam	kṛtsna	indecl	POS_DIVERGE	yes	no		1	1
9	9.08	avaśam	avaśa	nominal	avaśam	avaśa	indecl	POS_DIVERGE	yes	no		1	1
9	9.08	prakṛteḥ	prakṛti	nominal	prakṛteḥ	prakṛti	nominal	MATCH	yes	yes		1	1
9	9.08	vaśāt	vaśa	nominal	vaśāt	vaśa	nominal	MATCH	yes	yes		1	1
9	9.09	na	na	indecl	na	na	indecl	MATCH	yes	yes		1	1
9	9.09	ca	ca	indecl	ca	ca	indecl	MATCH	yes	yes		1	1
9	9.09	mām	asmat	nominal	māṃ	mad	nominal	LEMMA_CONVENTION	no	yes	pronoun-stem	1	1
9	9.09	tāni	tat	nominal	tāni	tad	nominal	LEMMA_CONVENTION	no	yes	pronoun-stem	1	1
9	9.09	karmāṇi	karman	nominal	karmāṇi	karman	nominal	MATCH	yes	yes		1	1
9	9.09	nibadhnanti	ni-√bandh	verb	nibadhnanti	nibandh	verb	MATCH	yes	yes		1	1
9	9.09	dhanaṁjaya	dhanaṁ-jaya	nominal	dhanaṃjaya	dhanaṃjaya	nominal	MATCH	yes	yes		1	1
9	9.09	udāsīnavat	udāsīnavat	indecl	udāsīna|vat	udāsīna|vat	indecl|indecl	COMPOUND_SPLIT	n/a	n/a		1	2
9	9.09	āsīnam	āsīna	nominal	āsīnam	ās	verb	LEMMA+POS_DIVERGE	no	no		1	1
9	9.09	asaktam	a-sakta	nominal	a|saktam	a|sañj	indecl|verb	COMPOUND_SPLIT	n/a	n/a		1	2
9	9.09	teṣu	tat	nominal	teṣu	tad	nominal	LEMMA_CONVENTION	no	yes	pronoun-stem	1	1
9	9.09	karmasu	karman	nominal	karmasu	karman	nominal	MATCH	yes	yes		1	1
9	9.10	mayā	asmat	nominal	mayā	mad	nominal	LEMMA_CONVENTION	no	yes	pronoun-stem	1	1
9	9.10	adhyakṣeṇa	adhi-akṣa	nominal	adhyakṣeṇa	adhyakṣa	nominal	LEMMA_DIVERGE	no	yes		1	1
9	9.10	prakṛtiḥ	prakṛti	nominal	prakṛtiḥ	prakṛti	nominal	MATCH	yes	yes		1	1
9	9.10	sūyate	√sū	verb	sūyate	sū	verb	MATCH	yes	yes		1	1
9	9.10	sa-carācaram	sa-cara-acara	nominal	sacarācaram	sacarācara	nominal	LEMMA_CONVENTION	no	yes	vowel-sandhi/contraction	1	1
9	9.10	hetunā	hetu	nominal	hetunā	hetu	nominal	MATCH	yes	yes		1	1
9	9.10	anena	idam	nominal	anena	idam	nominal	MATCH	yes	yes		1	1
9	9.10	kaunteya	kaunteya	nominal	kaunteya	kaunteya	nominal	MATCH	yes	yes		1	1
9	9.10	jagat	jagat	nominal	jagat	jagant	nominal	LEMMA_CONVENTION	no	yes	final-t/d+n	1	1
9	9.10	viparivartate	vi-pari-√vṛt	verb	viparivartate	viparivṛt	verb	MATCH	yes	yes		1	1
9	9.11	avajānanti	ava-√jñā	verb	avajānanti	avajñā	verb	MATCH	yes	yes		1	1
9	9.11	mām	asmat	nominal	māṃ	mad	nominal	LEMMA_CONVENTION	no	yes	pronoun-stem	1	1
9	9.11	mūḍhāḥ	mūḍha	nominal	mūḍhā	muh	verb	LEMMA+POS_DIVERGE	no	no		1	1
9	9.11	mānuṣīm	mānuṣī	nominal	mānuṣīṃ	mānuṣa	indecl	LEMMA_CONVENTION+POS_DIVERGE	no	no	vowel-sandhi/contraction	1	1
9	9.11	tanum	tanu	nominal	tanum	tanu	nominal	MATCH	yes	yes		1	1
9	9.11	āśritam	āśrita	nominal	āśritam	āśri	verb	LEMMA+POS_DIVERGE	no	no		1	1
9	9.11	param	para	nominal	paraṃ	para	nominal	MATCH	yes	yes		1	1
9	9.11	bhāvam	bhāva	nominal	bhāvam	bhāva	nominal	MATCH	yes	yes		1	1
9	9.11	ajānantah	a-jānant	nominal	a	a	indecl	LEMMA+POS_DIVERGE	no	no		1	1
9					jānantaḥ	jñā	verb	GOLD_ONLY				0	1
9	9.11	mama	asmat	nominal	mama	mad	nominal	LEMMA_CONVENTION	no	yes	pronoun-stem	1	1
9	9.11	bhūta-maheśvaram	bhūta-maha-īśvara	nominal	bhūta|maheśvaram	bhūta|maheśvara	nominal|nominal	COMPOUND_SPLIT	n/a	n/a		1	2
9	9.12	moghāśāḥ	moghāśa	nominal	mogha|āśāḥ	mogha|āśā	indecl|nominal	COMPOUND_SPLIT	n/a	n/a		1	2
9	9.12	mogha-karmāṇaḥ	mogha-karman	nominal	mogha|karmāṇaḥ	mogha|karman	indecl|nominal	COMPOUND_SPLIT	n/a	n/a		1	2
9	9.12	mogha-jñānāḥ	mogha-jñāna	nominal	mogha|jñānāḥ	mogha|jñāna	indecl|nominal	COMPOUND_SPLIT	n/a	n/a		1	2
9	9.12	vicetasaḥ	vi-cetas	nominal	vicetasaḥ	vicetas	indecl	POS_DIVERGE	yes	no		1	1
9	9.12	rākṣasīm	rākṣasī	nominal	rākṣasīm	rākṣasa	indecl	LEMMA_CONVENTION+POS_DIVERGE	no	no	vowel-sandhi/contraction	1	1
9	9.12	āsurīm	āsurī	nominal	āsurīm	āsura	indecl	LEMMA_CONVENTION+POS_DIVERGE	no	no	vowel-sandhi/contraction	1	1
9	9.12	ca	ca	indecl	ca	ca	indecl	MATCH	yes	yes		1	1
9	9.12	eva	eva	indecl	eva	eva	indecl	MATCH	yes	yes		1	1
9	9.12	prakṛtim	prakṛti	nominal	prakṛtiṃ	prakṛti	nominal	MATCH	yes	yes		1	1
9	9.12	mohinīm	mohinī	nominal	mohinīṃ	mohin	indecl	LEMMA_CONVENTION+POS_DIVERGE	no	no	vowel-sandhi/contraction	1	1
9	9.12	śritāḥ	śrita	nominal	śritāḥ	śri	verb	LEMMA+POS_DIVERGE	no	no		1	1
9	9.13	mahātmānaḥ	mahā-ātman	nominal	mahātmānaḥ	mahātman	indecl	LEMMA_CONVENTION+POS_DIVERGE	no	no	vowel-sandhi/contraction	1	1
9	9.13	tu	tu	indecl	tu	tu	indecl	MATCH	yes	yes		1	1
9	9.13	mām	asmat	nominal	māṃ	mad	nominal	LEMMA_CONVENTION	no	yes	pronoun-stem	1	1
9	9.13	pārtha	pārtha	nominal	pārtha	pārtha	nominal	MATCH	yes	yes		1	1
9	9.13	daivīm	daivī	nominal	daivīṃ	daiva	indecl	LEMMA_CONVENTION+POS_DIVERGE	no	no	vowel-sandhi/contraction	1	1
9	9.13	prakṛtim	prakṛti	nominal	prakṛtim	prakṛti	nominal	MATCH	yes	yes		1	1
9	9.13	āśritāḥ	āśrita	nominal	āśritāḥ	āśri	verb	LEMMA+POS_DIVERGE	no	no		1	1
9	9.13	bhajanti	√bhaj	verb	bhajanti	bhaj	verb	MATCH	yes	yes		1	1
9	9.13	ananya-manasaḥ	an-anya-manas	nominal	an|anya|manasaḥ	an|anya|manas	indecl|nominal|nominal	COMPOUND_SPLIT	n/a	n/a		1	3
9	9.13	jñātvā	√jñā	unknown	jñātvā	jñā	verb	POS_DIVERGE	yes	no		1	1
9	9.13	bhūtādim	bhūtādi	nominal	bhūtādim	bhūtādi	nominal	MATCH	yes	yes		1	1
9	9.13	avyayam	a-vyaya	nominal	avyayam	avyaya	indecl	POS_DIVERGE	yes	no		1	1
9	9.14	satatam	satatam	indecl	satataṃ	satatam	indecl	MATCH	yes	yes		1	1
9	9.14	kīrtayantaḥ	kīrtayant	nominal	kīrtayanto	kīrtay	verb	LEMMA+POS_DIVERGE	no	no		1	1
9	9.14	mām	asmat	nominal	māṃ	mad	nominal	LEMMA_CONVENTION	no	yes	pronoun-stem	1	1
9	9.14	yatantaḥ	yatant	nominal	yatantaḥ	yat	verb	LEMMA+POS_DIVERGE	no	no		1	1
9	9.14	ca	ca	indecl	ca	ca	indecl	MATCH	yes	yes		1	1
9	9.14	dṛḍha-vratāḥ	dṛḍha-vrata	nominal	dṛḍha|vratāḥ	dṛḍha|vrata	indecl|nominal	COMPOUND_SPLIT	n/a	n/a		1	2
9	9.14	namasyantaḥ	namasyant	nominal	namasyantaḥ	namasy	verb	LEMMA+POS_DIVERGE	no	no		1	1
9	9.14	ca	ca	indecl	ca	ca	indecl	MATCH	yes	yes		1	1
9	9.14	mām	asmat	nominal	māṃ	mad	nominal	LEMMA_CONVENTION	no	yes	pronoun-stem	1	1
9	9.14	bhaktyā	bhakti	nominal	bhaktyā	bhakti	nominal	MATCH	yes	yes		1	1
9	9.14	nitya-yuktāḥ	nitya-yukta	nominal	nitya|yuktāḥ	nitya|yuj	indecl|verb	COMPOUND_SPLIT	n/a	n/a		1	2
9	9.14	upāsate	upa-√ās	verb	upāsate	upās	verb	LEMMA_CONVENTION	no	yes	vowel-sandhi/contraction	1	1
9	9.15	jñāna-yajñena	jñāna-yajña	nominal	jñāna|yajñena	jñāna|yajña	nominal|nominal	COMPOUND_SPLIT	n/a	n/a		1	2
9	9.15	ca	ca	indecl	ca	ca	indecl	MATCH	yes	yes		1	1
9	9.15	api	api	indecl	api	api	indecl	MATCH	yes	yes		1	1
9	9.15	anye	anya	nominal	anye	anya	nominal	MATCH	yes	yes		1	1
9	9.15	yajantaḥ	yajant	nominal	yajanto	yaj	verb	LEMMA+POS_DIVERGE	no	no		1	1
9	9.15	mām	asmat	nominal	mām	mad	nominal	LEMMA_CONVENTION	no	yes	pronoun-stem	1	1
9	9.15	upāsate	upa-√ās	verb	upāsate	upās	verb	LEMMA_CONVENTION	no	yes	vowel-sandhi/contraction	1	1
9	9.15	ekatvena	ekatva	nominal	eka|tvena	eka|tva	indecl|nominal	COMPOUND_SPLIT	n/a	n/a		1	2
9	9.15	pṛthaktvena	pṛthaktva	nominal	pṛthak|tvena	pṛthak|tva	indecl|nominal	COMPOUND_SPLIT	n/a	n/a		1	2
9	9.15	bahudhā	bahudhā	indecl	bahudhā	bahudhā	indecl	MATCH	yes	yes		1	1
9	9.15	viśvato-mukham	viśvato-mukha	nominal	viśvatomukham	viśvatomukha	indecl	POS_DIVERGE	yes	no		1	1
9	9.16	aham	asmat	nominal	ahaṃ	mad	nominal	LEMMA_CONVENTION	no	yes	pronoun-stem	1	1
9	9.16	kratuḥ	kratu	nominal	kratur	kratu	nominal	MATCH	yes	yes		1	1
9	9.16	aham	asmat	nominal	ahaṃ	mad	nominal	LEMMA_CONVENTION	no	yes	pronoun-stem	1	1
9	9.16	yajñaḥ	yajña	nominal	yajñaḥ	yajña	nominal	MATCH	yes	yes		1	1
9	9.16	svadhā	svadhā	nominal	svadhā	svadhā	nominal	MATCH	yes	yes		1	1
9	9.16	aham	asmat	nominal	aham	mad	nominal	LEMMA_CONVENTION	no	yes	pronoun-stem	1	1
9	9.16	aham	asmat	nominal	aham	mad	nominal	LEMMA_CONVENTION	no	yes	pronoun-stem	1	1
9	9.16	auṣadham	auṣadha	nominal	auṣadham	auṣadha	nominal	MATCH	yes	yes		1	1
9	9.16	mantrah	mantra	nominal	mantro	mantra	nominal	MATCH	yes	yes		1	1
9	9.16	aham	asmat	nominal	'ham	mad	nominal	LEMMA_CONVENTION	no	yes	pronoun-stem	1	1
9	9.16	aham	asmat	nominal	aham	mad	nominal	LEMMA_CONVENTION	no	yes	pronoun-stem	1	1
9	9.16	eva	eva	indecl	eva	eva	indecl	MATCH	yes	yes		1	1
9	9.16	ājyam	ājya	nominal	ājyam	ājya	nominal	MATCH	yes	yes		1	1
9	9.16	aham	asmat	nominal	aham	mad	nominal	LEMMA_CONVENTION	no	yes	pronoun-stem	1	1
9	9.16	agniḥ	agni	nominal	agniḥ	agni	nominal	MATCH	yes	yes		1	1
9	9.16	aham	asmat	nominal	ahaṃ	mad	nominal	LEMMA_CONVENTION	no	yes	pronoun-stem	1	1
9	9.16	hutam	huta	nominal	hutam	huta	nominal	MATCH	yes	yes		1	1
9	9.17	pitā	pitṛ	nominal	pitā	pitṛ	nominal	MATCH	yes	yes		1	1
9	9.17	aham	asmat	nominal	aham	mad	nominal	LEMMA_CONVENTION	no	yes	pronoun-stem	1	1
9	9.17	asya	idam	nominal	asya	idam	nominal	MATCH	yes	yes		1	1
9	9.17	jagataḥ	jagat	nominal	jagato	jagant	nominal	LEMMA_CONVENTION	no	yes	final-t/d+n	1	1
9	9.17	mātā	mātṛ	nominal	mātā	mātṛ	nominal	MATCH	yes	yes		1	1
9	9.17	dhātā	dhātṛ	nominal	dhātā	dhātṛ	nominal	MATCH	yes	yes		1	1
9	9.17	pitā-mahaḥ	pitā-maha	nominal	pitāmahaḥ	pitāmaha	nominal	MATCH	yes	yes		1	1
9	9.17	vedyam	vedya	nominal	vedyaṃ	vid	verb	LEMMA+POS_DIVERGE	no	no		1	1
9	9.17	pavitram	pavitra	nominal	pavitram	pavitra	nominal	MATCH	yes	yes		1	1
9	9.17	oṁ-kāraḥ	oṁ-kāra	nominal	oṃkāraḥ	oṃkāra	nominal	MATCH	yes	yes		1	1
9	9.17	ṛk	ṛk	nominal	ṛc	ṛc	nominal	LEMMA_DIVERGE	no	yes		1	1
9	9.17	sāma	sāma	nominal	sāma	sāman	nominal	LEMMA_CONVENTION	no	yes	final-t/d+n	1	1
9	9.17	yajuḥ	yajuḥ	nominal	yajuḥ	yajus	nominal	LEMMA_CONVENTION	no	yes	adverb--tas/-taḥ	1	1
9	9.17	eva	eva	indecl	eva	eva	indecl	MATCH	yes	yes		1	1
9	9.17	ca	ca	indecl	ca	ca	indecl	MATCH	yes	yes		1	1
9	9.18	gatiḥ	gati	nominal	gatiḥ	gati	nominal	MATCH	yes	yes		1	1
9	9.18	bhartā	bhartṛ	nominal	bhartā	bhartṛ	nominal	MATCH	yes	yes		1	1
9	9.18	prabhuḥ	pra-bhu	nominal	prabhuḥ	prabhu	indecl	POS_DIVERGE	yes	no		1	1
9	9.18	sākṣī	sākṣin	nominal	sākṣī	sākṣin	nominal	MATCH	yes	yes		1	1
9	9.18	nivāsaḥ	nivāsa	nominal	nivāsaḥ	nivāsa	nominal	MATCH	yes	yes		1	1
9	9.18	śaraṇam	śaraṇa	nominal	śaraṇaṃ	śaraṇa	nominal	MATCH	yes	yes		1	1
9	9.18	suhṛt	su-hṛt	nominal	suhṛt	suhṛd	nominal	LEMMA_CONVENTION	no	yes	final-t/d+n	1	1
9	9.18	prabhavaḥ	prabhava	nominal	prabhavaḥ	prabhava	nominal	MATCH	yes	yes		1	1
9	9.18	pralayaḥ	pralaya	nominal	pralayaḥ	pralaya	nominal	MATCH	yes	yes		1	1
9	9.18	sthānam	sthāna	nominal	sthānaṃ	sthāna	nominal	MATCH	yes	yes		1	1
9	9.18	nidhānam	nidhāna	nominal	nidhānaṃ	nidhāna	nominal	MATCH	yes	yes		1	1
9	9.18	bījam	bīja	nominal	bījam	bīja	nominal	MATCH	yes	yes		1	1
9	9.18	avyayam	a-vyaya	nominal	avyayam	avyaya	indecl	POS_DIVERGE	yes	no		1	1
9	9.19	tapāmi	√tap	verb	tapāmi	tap	verb	MATCH	yes	yes		1	1
9	9.19	aham	asmat	nominal	aham	mad	nominal	LEMMA_CONVENTION	no	yes	pronoun-stem	1	1
9	9.19	aham	asmat	nominal	ahaṃ	mad	nominal	LEMMA_CONVENTION	no	yes	pronoun-stem	1	1
9	9.19	varṣam	varṣa	nominal	varṣaṃ	varṣa	nominal	MATCH	yes	yes		1	1
9	9.19	nigṛhṇāmi	ni-√grah	verb	nigṛhṇāmi	nigrah	verb	MATCH	yes	yes		1	1
9	9.19	utsṛjāmi	ut-√sṛj	verb	utsṛjāmi	utsṛj	verb	MATCH	yes	yes		1	1
9	9.19	ca	ca	indecl	ca	ca	indecl	MATCH	yes	yes		1	1
9	9.19	amṛtam	a-mṛta	nominal	amṛtaṃ	amṛta	nominal	MATCH	yes	yes		1	1
9	9.19	ca	ca	indecl	ca	ca	indecl	MATCH	yes	yes		1	1
9	9.19	eva	eva	indecl	eva	eva	indecl	MATCH	yes	yes		1	1
9	9.19	mṛtyuḥ	mṛtyu	nominal	mṛtyuḥ	mṛtyu	nominal	MATCH	yes	yes		1	1
9	9.19	ca	ca	indecl	ca	ca	indecl	MATCH	yes	yes		1	1
9	9.19	sat	sant	nominal	sat	as	verb	LEMMA+POS_DIVERGE	no	no		1	1
9	9.19	asat	a-sant	nominal	asat	asat	indecl	LEMMA_CONVENTION+POS_DIVERGE	no	no	final-t/d+n	1	1
9	9.19	ca	ca	indecl	ca	ca	indecl	MATCH	yes	yes		1	1
9	9.19	aham	asmat	nominal	aham	mad	nominal	LEMMA_CONVENTION	no	yes	pronoun-stem	1	1
9	9.19	arjuna	arjuna	nominal	arjuna	arjuna	nominal	MATCH	yes	yes		1	1
9	9.20	trai-vidyāḥ	trai-vidya	nominal	traividyā	traividya	indecl	POS_DIVERGE	yes	no		1	1
9	9.20	mām	asmat	nominal	māṃ	mad	nominal	LEMMA_CONVENTION	no	yes	pronoun-stem	1	1
9	9.20	soma-pāḥ	soma-pa	nominal	somapāḥ	somapa	nominal	MATCH	yes	yes		1	1
9	9.20	pūta-pāpāḥ	pūta-pāpa	nominal	pūta|pāpāḥ	pū|pāpa	verb|nominal	COMPOUND_SPLIT	n/a	n/a		1	2
9	9.20	yajñaiḥ	yajña	nominal	yajñaiḥ	yajña	nominal	MATCH	yes	yes		1	1
9	9.20	iṣṭvā	√yaj	unknown	iṣṭvā	yaj	verb	POS_DIVERGE	yes	no		1	1
9	9.20	svar-gatim	svar-gati	nominal	svar|gatim	svar|gati	indecl|nominal	COMPOUND_SPLIT	n/a	n/a		1	2
9	9.20	prārthayante	pra-√arth	verb	prārthayante	prārthay	verb	LEMMA_DIVERGE	no	yes		1	1
9	9.20	te	tat	nominal	te	tad	nominal	LEMMA_CONVENTION	no	yes	pronoun-stem	1	1
9	9.20	puṇyam	puṇya	nominal	puṇyam	puṇya	indecl	POS_DIVERGE	yes	no		1	1
9	9.20	āsādya	ā-√sad	unknown	āsādya	āsāday	verb	LEMMA+POS_DIVERGE	no	no		1	1
9	9.20	surendra-lokam	sura-indra-loka	nominal	sura|indra|lokam	sura|indra|loka	nominal|nominal|nominal	COMPOUND_SPLIT	n/a	n/a		1	3
9	9.20	aśnanti	√aś	verb	aśnanti	aś	verb	MATCH	yes	yes		1	1
9	9.20	divyān	divya	nominal	divyān	divya	indecl	POS_DIVERGE	yes	no		1	1
9	9.20	divi	div	nominal	divi	div	nominal	MATCH	yes	yes		1	1
9	9.20	deva-bhogān	deva-bhoga	nominal	deva|bhogān	deva|bhoga	nominal|nominal	COMPOUND_SPLIT	n/a	n/a		1	2
9	9.21	te	tat	nominal	te	tad	nominal	LEMMA_CONVENTION	no	yes	pronoun-stem	1	1
9	9.21	tam	tat	nominal	taṃ	tad	nominal	LEMMA_CONVENTION	no	yes	pronoun-stem	1	1
9	9.21	bhuktvā	√bhuj	unknown	bhuktvā	bhuj	verb	POS_DIVERGE	yes	no		1	1
9	9.21	svarga-lokam	svarga-loka	nominal	svarga|lokam	svarga|loka	nominal|nominal	COMPOUND_SPLIT	n/a	n/a		1	2
9	9.21	viśālam	viśāla	nominal	viśālaṃ	viśāla	indecl	POS_DIVERGE	yes	no		1	1
9	9.21	kṣīṇe	kṣīṇa	nominal	kṣīṇe	kṣi	verb	LEMMA+POS_DIVERGE	no	no		1	1
9	9.21	puṇye	puṇya	nominal	puṇye	puṇya	nominal	MATCH	yes	yes		1	1
9	9.21	martya-lokam	martya-loka	nominal	martya|lokam	martya|loka	nominal|nominal	COMPOUND_SPLIT	n/a	n/a		1	2
9	9.21	viśanti	√viś	verb	viśanti	viś	verb	MATCH	yes	yes		1	1
9	9.21	evam	evam	indecl	evaṃ	evam	indecl	MATCH	yes	yes		1	1
9	9.21	trayī-dharmam	trayī-dharma	nominal	trayī|dharmam	trayī|dharma	nominal|nominal	COMPOUND_SPLIT	n/a	n/a		1	2
9	9.21	anuprapannāḥ	anu-pra-panna	nominal	anuprapannāḥ	anuprapad	verb	LEMMA+POS_DIVERGE	no	no		1	1
9	9.21	gatāgataṁ	gata-āgata	nominal	gata	gam	verb	LEMMA+POS_DIVERGE	no	no		1	1
9					āgatam	āgam	verb	GOLD_ONLY				0	1
9	9.21	kāma-kāmāḥ	kāma-kāma	nominal	kāma|kāmāḥ	kāma|kāma	nominal|nominal	COMPOUND_SPLIT	n/a	n/a		1	2
9	9.21	labhante	√labh	verb	labhante	labh	verb	MATCH	yes	yes		1	1
9	9.22	ananyāḥ	an-anya	nominal	an|anyāḥ	an|anya	indecl|nominal	COMPOUND_SPLIT	n/a	n/a		1	2
9	9.22	cintayantaḥ	cintayant	nominal	cintayantaḥ	cintay	verb	LEMMA+POS_DIVERGE	no	no		1	1
9	9.22	mām	asmat	nominal	māṃ	mad	nominal	LEMMA_CONVENTION	no	yes	pronoun-stem	1	1
9	9.22	ye	yat	nominal	ye	yad	nominal	LEMMA_CONVENTION	no	yes	pronoun-stem	1	1
9	9.22	janāḥ	jana	nominal	janāḥ	jana	nominal	MATCH	yes	yes		1	1
9	9.22	paryupāsate	pari-upa-√ās	verb	paryupāsate	paryupās	verb	LEMMA_DIVERGE	no	yes		1	1
9	9.22	teṣām	tat	nominal	teṣāṃ	tad	nominal	LEMMA_CONVENTION	no	yes	pronoun-stem	1	1
9	9.22	nityābhiyuktānām	nitya-abhi-yukta	nominal	nitya|abhiyuktānām	nitya|abhiyuj	indecl|verb	COMPOUND_SPLIT	n/a	n/a		1	2
9	9.22	yoga-kṣemam	yoga-kṣema	nominal	yogakṣemaṃ	yogakṣema	nominal	MATCH	yes	yes		1	1
9	9.22	vahāmi	√vah	verb	vahāmi	vah	verb	MATCH	yes	yes		1	1
9	9.22	aham	asmat	nominal	aham	mad	nominal	LEMMA_CONVENTION	no	yes	pronoun-stem	1	1
9	9.23	ye	yat	nominal	ye	yad	nominal	LEMMA_CONVENTION	no	yes	pronoun-stem	1	1
9	9.23	api	api	indecl	api	api	indecl	MATCH	yes	yes		1	1
9	9.23	anya-devatā-bhaktāḥ	anya-devatā-bhakta	nominal	anya|devatāḥ|bhaktā	anya|devatā|bhakta	nominal|nominal|nominal	COMPOUND_SPLIT	n/a	n/a		1	3
9	9.23	yajante	√yaj	verb	yajante	yaj	verb	MATCH	yes	yes		1	1
9	9.23	śraddhayā	śrad-dhā	nominal	śraddhayā	śraddhā	nominal	MATCH	yes	yes		1	1
9	9.23	anvitāḥ	anvita	nominal	anvitāḥ	anvita	indecl	POS_DIVERGE	yes	no		1	1
9	9.23	te	tat	nominal	te	tad	nominal	LEMMA_CONVENTION	no	yes	pronoun-stem	1	1
9	9.23	api	api	indecl	'pi	api	indecl	MATCH	yes	yes		1	1
9	9.23	mām	asmat	nominal	mām	mad	nominal	LEMMA_CONVENTION	no	yes	pronoun-stem	1	1
9	9.23	eva	eva	indecl	eva	eva	indecl	MATCH	yes	yes		1	1
9	9.23	kaunteya	kaunteya	nominal	kaunteya	kaunteya	nominal	MATCH	yes	yes		1	1
9	9.23	yajanti	√yaj	verb	yajanti	yaj	verb	MATCH	yes	yes		1	1
9	9.23	avidhi-pūrvakam	avidhi-pūrvakam	indecl	avidhi|pūrvakam	avidhi|pūrvaka	nominal|indecl	COMPOUND_SPLIT	n/a	n/a		1	2
9	9.24	aham	asmat	nominal	ahaṃ	mad	nominal	LEMMA_CONVENTION	no	yes	pronoun-stem	1	1
9	9.24	hi	hi	indecl	hi	hi	indecl	MATCH	yes	yes		1	1
9	9.24	sarva-yajñānām	sarva-yajña	nominal	sarva|yajñānām	sarva|yajña	nominal|nominal	COMPOUND_SPLIT	n/a	n/a		1	2
9	9.24	bhoktā	bhoktṛ	nominal	bhoktā	bhoktṛ	indecl	POS_DIVERGE	yes	no		1	1
9	9.24	ca	ca	indecl	ca	ca	indecl	MATCH	yes	yes		1	1
9	9.24	prabhuḥ	pra-bhu	nominal	prabhuḥ	prabhu	nominal	MATCH	yes	yes		1	1
9	9.24	eva	eva	indecl	eva	eva	indecl	MATCH	yes	yes		1	1
9	9.24	ca	ca	indecl	ca	ca	indecl	MATCH	yes	yes		1	1
9	9.24	na	na	indecl	na	na	indecl	MATCH	yes	yes		1	1
9	9.24	tu	tu	indecl	tu	tu	indecl	MATCH	yes	yes		1	1
9	9.24	mām	asmat	nominal	mām	mad	nominal	LEMMA_CONVENTION	no	yes	pronoun-stem	1	1
9	9.24	abhijānanti	abhi-√jñā	verb	abhijānanti	abhijñā	verb	MATCH	yes	yes		1	1
9	9.24	tattvena	tattvena	indecl	tattvena	tattva	nominal	LEMMA+POS_DIVERGE	no	no		1	1
9	9.24	ataḥ	ataḥ	indecl	atas	atas	indecl	LEMMA_CONVENTION	no	yes	adverb--tas/-taḥ	1	1
9	9.24	cyavanti	√cyu	verb	cyavanti	cyu	verb	MATCH	yes	yes		1	1
9	9.24	te	tat	nominal	te	tad	nominal	LEMMA_CONVENTION	no	yes	pronoun-stem	1	1
9	9.25	yānti	√yā	verb	yānti	yā	verb	MATCH	yes	yes		1	1
9	9.25	deva-vratāḥ	deva-vrata	nominal	deva|vratāḥ	deva|vrata	nominal|nominal	COMPOUND_SPLIT	n/a	n/a		1	2
9	9.25	devān	deva	nominal	devān	deva	nominal	MATCH	yes	yes		1	1
9	9.25	pitṝn	pitṛ	nominal	pitṝn	pitṛ	nominal	MATCH	yes	yes		1	1
9	9.25	yānti	√yā	verb	yānti	yā	verb	MATCH	yes	yes		1	1
9	9.25	pitṛ-vratāḥ	pitṛ-vrata	nominal	pitṛ|vratāḥ	pitṛ|vrata	nominal|nominal	COMPOUND_SPLIT	n/a	n/a		1	2
9	9.25	bhūtāni	bhūta	nominal	bhūtāni	bhūta	nominal	MATCH	yes	yes		1	1
9	9.25	yānti	√yā	verb	yānti	yā	verb	MATCH	yes	yes		1	1
9	9.25	bhūtejyāḥ	bhūta-ijya	nominal	bhūta|ijyāḥ	bhūta|ijyā	nominal|nominal	COMPOUND_SPLIT	n/a	n/a		1	2
9	9.25	yānti	√yā	verb	yānti	yā	verb	MATCH	yes	yes		1	1
9	9.25	mad-yājinaḥ	mad-yājin	nominal	mad|yājinaḥ	mad|yājin	nominal|indecl	COMPOUND_SPLIT	n/a	n/a		1	2
9	9.25	api	api	indecl	'pi	api	indecl	MATCH	yes	yes		1	1
9	9.25	mām	asmat	nominal	mām	mad	nominal	LEMMA_CONVENTION	no	yes	pronoun-stem	1	1
9	9.26	patram	patra	nominal	patraṃ	pattra	nominal	LEMMA_DIVERGE	no	yes		1	1
9	9.26	puṣpam	puṣpa	nominal	puṣpaṃ	puṣpa	nominal	MATCH	yes	yes		1	1
9	9.26	phalam	phala	nominal	phalaṃ	phala	nominal	MATCH	yes	yes		1	1
9	9.26	toyam	toya	nominal	toyaṃ	toya	nominal	MATCH	yes	yes		1	1
9	9.26	yaḥ|me	yat|asmat	nominal|nominal	yo|me	yad|mad	nominal|nominal	RESEGMENTED	n/a	n/a		2	2
9	9.26	bhaktyā	bhakti	nominal	bhaktyā	bhakti	nominal	MATCH	yes	yes		1	1
9	9.26	prayacchati	pra-√yam	verb	prayacchati	prayam	verb	MATCH	yes	yes		1	1
9	9.26	tat	tat	nominal	tat	tad	nominal	LEMMA_CONVENTION	no	yes	pronoun-stem	1	1
9	9.26	aham	asmat	nominal	aham	mad	nominal	LEMMA_CONVENTION	no	yes	pronoun-stem	1	1
9	9.26	bhakty-upahṛtam	bhakty-upahṛta	nominal	bhakti	bhakti	nominal	LEMMA_DIVERGE	no	yes		1	1
9					upahṛtam	upahṛ	verb	GOLD_ONLY				0	1
9	9.26	aśnāmi	√aś	verb	aśnāmi	aś	verb	MATCH	yes	yes		1	1
9	9.26	prayatātmanaḥ	prayata-ātman	nominal	prayata|ātmanaḥ	prayam|ātman	verb|nominal	COMPOUND_SPLIT	n/a	n/a		1	2
9	9.27	yat	yat	nominal	yat	yad	nominal	LEMMA_CONVENTION	no	yes	pronoun-stem	1	1
9	9.27	karoṣi	√kṛ	verb	karoṣi	kṛ	verb	MATCH	yes	yes		1	1
9	9.27	yat	yat	nominal	yat	yad	nominal	LEMMA_CONVENTION	no	yes	pronoun-stem	1	1
9	9.27	aśnāsi	√aś	verb	aśnāsi	aś	verb	MATCH	yes	yes		1	1
9	9.27	yat	yat	nominal	yat	yad	nominal	LEMMA_CONVENTION	no	yes	pronoun-stem	1	1
9	9.27	juhoṣi	√hu	verb	juhoṣi	hu	verb	MATCH	yes	yes		1	1
9	9.27	dadāsi	√dā	verb	dadāsi	dā	verb	MATCH	yes	yes		1	1
9	9.27	yat	yat	nominal	yat	yad	nominal	LEMMA_CONVENTION	no	yes	pronoun-stem	1	1
9	9.27	yat	yat	nominal	yat	yad	nominal	LEMMA_CONVENTION	no	yes	pronoun-stem	1	1
9	9.27	tapasyasi	√tapasya	verb	tapasyasi	tapasy	verb	LEMMA_CONVENTION	no	yes	vowel-sandhi/contraction	1	1
9	9.27	kaunteya	kaunteya	nominal	kaunteya	kaunteya	nominal	MATCH	yes	yes		1	1
9	9.27	tat	tat	nominal	tat	tad	nominal	LEMMA_CONVENTION	no	yes	pronoun-stem	1	1
9	9.27	kuruṣva	√kṛ	verb	kuruṣva	kṛ	verb	MATCH	yes	yes		1	1
9	9.27	mad-arpaṇam	mad-arpaṇa	nominal	mad|arpaṇam	mad|arpaṇa	nominal|nominal	COMPOUND_SPLIT	n/a	n/a		1	2
9	9.28	śubhāśubha-phalaiḥ	śubha-aśubha	nominal	śubha|aśubha|phalaiḥ	śubha|aśubha|phala	indecl|indecl|nominal	COMPOUND_SPLIT	n/a	n/a		1	3
9	9.28	evam	evam	indecl	evam	evam	indecl	MATCH	yes	yes		1	1
9	9.28	mokṣyase	√muc	verb	mokṣyase	muc	verb	MATCH	yes	yes		1	1
9	9.28	karma-bandhanaiḥ	karma-bandhana	nominal	karma|bandhanaiḥ	karman|bandhana	nominal|nominal	COMPOUND_SPLIT	n/a	n/a		1	2
9	9.28	saṁnyāsa-yoga-yuktātmā	saṁnyāsa-yoga-yukta-ātman	nominal	saṃnyāsa|yoga|yukta|ātmā	saṃnyāsa|yoga|yuj|ātman	nominal|nominal|verb|nominal	COMPOUND_SPLIT	n/a	n/a		1	4
9	9.28	vimuktaḥ	vimukta	nominal	vimukto	vimuc	verb	LEMMA+POS_DIVERGE	no	no		1	1
9	9.28	mām	asmat	nominal	mām	mad	nominal	LEMMA_CONVENTION	no	yes	pronoun-stem	1	1
9	9.28	upaiṣyasi	upa-√i	verb	upaiṣyasi	upe	verb	LEMMA_CONVENTION	no	yes	vowel-sandhi/contraction	1	1
9	9.29	samaḥ	sama	nominal	samo	sama	nominal	MATCH	yes	yes		1	1
9	9.29	aham	asmat	nominal	'haṃ	mad	nominal	LEMMA_CONVENTION	no	yes	pronoun-stem	1	1
9	9.29	sarva-bhūteṣu	sarva-bhūta	nominal	sarva|bhūteṣu	sarva|bhūta	nominal|nominal	COMPOUND_SPLIT	n/a	n/a		1	2
9	9.29	na	na	indecl	na	na	indecl	MATCH	yes	yes		1	1
9	9.29	me	asmat	nominal	me	mad	nominal	LEMMA_CONVENTION	no	yes	pronoun-stem	1	1
9	9.29	dveṣyaḥ	dveṣya	nominal	dveṣyo	dviṣ	verb	LEMMA+POS_DIVERGE	no	no		1	1
9	9.29	asti	√as	verb	'sti	as	verb	MATCH	yes	yes		1	1
9	9.29	na	na	indecl	na	na	indecl	MATCH	yes	yes		1	1
9	9.29	priyaḥ	priya	nominal	priyaḥ	priya	indecl	POS_DIVERGE	yes	no		1	1
9	9.29	ye	yat	nominal	ye	yad	nominal	LEMMA_CONVENTION	no	yes	pronoun-stem	1	1
9	9.29	bhajanti	√bhaj	verb	bhajanti	bhaj	verb	MATCH	yes	yes		1	1
9	9.29	tu	tu	indecl	tu	tu	indecl	MATCH	yes	yes		1	1
9	9.29	mām	asmat	nominal	māṃ	mad	nominal	LEMMA_CONVENTION	no	yes	pronoun-stem	1	1
9	9.29	bhaktyā	bhakti	nominal	bhaktyā	bhakti	nominal	MATCH	yes	yes		1	1
9	9.29	mayi	asmat	nominal	mayi	mad	nominal	LEMMA_CONVENTION	no	yes	pronoun-stem	1	1
9	9.29	te	tat	nominal	te	tad	nominal	LEMMA_CONVENTION	no	yes	pronoun-stem	1	1
9	9.29	teṣu	tat	nominal	teṣu	tad	nominal	LEMMA_CONVENTION	no	yes	pronoun-stem	1	1
9	9.29	ca	ca	indecl	ca	ca	indecl	MATCH	yes	yes		1	1
9	9.29	api	api	indecl	api	api	indecl	MATCH	yes	yes		1	1
9	9.29	aham	asmat	nominal	aham	mad	nominal	LEMMA_CONVENTION	no	yes	pronoun-stem	1	1
9	9.30	api	api	indecl	api	api	indecl	MATCH	yes	yes		1	1
9	9.30	cet	cet	indecl	ced	ced	indecl	LEMMA_CONVENTION	no	yes	final-t/d+n	1	1
9	9.30	su-durācāraḥ	su-dur-ācāra	nominal	su|durācāraḥ	su|durācāra	indecl|indecl	COMPOUND_SPLIT	n/a	n/a		1	2
9	9.30	bhajate	√bhaj	verb	bhajate	bhaj	verb	MATCH	yes	yes		1	1
9	9.30	mām	asmat	nominal	mām	mad	nominal	LEMMA_CONVENTION	no	yes	pronoun-stem	1	1
9	9.30	ananya-bhāk	an-anya-bhaj	nominal	an	an	indecl	LEMMA+POS_DIVERGE	no	no		1	1
9	9.30	sādhuḥ	sādhu	nominal	anya	anya	nominal	LEMMA_DIVERGE	no	yes		1	1
9	9.30	eva	eva	indecl	bhāj	bhāj	indecl	LEMMA_DIVERGE	no	yes		1	1
9	9.30	saḥ	tat	nominal	sādhuḥ	sādhu	indecl	LEMMA+POS_DIVERGE	no	no		1	1
9					eva	eva	indecl	GOLD_ONLY				0	1
9	9.30	mantavyaḥ	mantavya	nominal	sa|mantavyaḥ	tad|man	nominal|verb	COMPOUND_SPLIT	n/a	n/a		1	2
9	9.30	samyak	samyak	indecl	samyak	samyak	indecl	MATCH	yes	yes		1	1
9	9.30	vyavasitaḥ	vi-ava-sita	nominal	vyavasitaḥ	vyavasā	verb	LEMMA+POS_DIVERGE	no	no		1	1
9	9.30	hi	hi	indecl	hi	hi	indecl	MATCH	yes	yes		1	1
9	9.30	saḥ	tat	nominal	saḥ	tad	nominal	LEMMA_CONVENTION	no	yes	pronoun-stem	1	1
9	9.31	kṣipram	kṣipram	indecl	kṣipraṃ	kṣipram	indecl	MATCH	yes	yes		1	1
9	9.31	bhavati	√bhū	verb	bhavati	bhū	verb	MATCH	yes	yes		1	1
9	9.31	dharmātmā	dharma-ātman	nominal	dharma|ātmā	dharma|ātman	nominal|nominal	COMPOUND_SPLIT	n/a	n/a		1	2
9	9.31	śaśvac-chāntim	śaśvac-chānti	nominal	śaśvat	śaśvat	indecl	LEMMA+POS_DIVERGE	no	no		1	1
9					śāntim	śānti	nominal	GOLD_ONLY				0	1
9	9.31	nigacchati	ni-√gam	verb	nigacchati	nigam	verb	MATCH	yes	yes		1	1
9	9.31	kaunteya	kaunteya	nominal	kaunteya	kaunteya	nominal	MATCH	yes	yes		1	1
9	9.31	pratijānīhi	prati-√jñā	verb	pratijānīhi	pratijñā	verb	MATCH	yes	yes		1	1
9	9.31	na	na	indecl	na	na	indecl	MATCH	yes	yes		1	1
9	9.31	me	asmat	nominal	me	mad	nominal	LEMMA_CONVENTION	no	yes	pronoun-stem	1	1
9	9.31	bhaktaḥ	bhakta	nominal	bhaktaḥ	bhakta	nominal	MATCH	yes	yes		1	1
9	9.31	praṇaśyati	pra–√naś	verb	praṇaśyati	praṇaś	verb	LEMMA_DIVERGE	no	yes		1	1
9	9.32	mām	asmat	nominal	māṃ	mad	nominal	LEMMA_CONVENTION	no	yes	pronoun-stem	1	1
9	9.32	hi	hi	indecl	hi	hi	indecl	MATCH	yes	yes		1	1
9	9.32	pārtha	pārtha	nominal	pārtha	pārtha	nominal	MATCH	yes	yes		1	1
9	9.32	vyapāśritya	vi-apa-ā-√śri	unknown	vyapāśritya	vyapāśri	verb	LEMMA+POS_DIVERGE	no	no		1	1
9	9.32	ye	yat	nominal	ye	yad	nominal	LEMMA_CONVENTION	no	yes	pronoun-stem	1	1
9	9.32	api	api	indecl	'pi	api	indecl	MATCH	yes	yes		1	1
9	9.32	syuḥ	√as	verb	syuḥ	as	verb	MATCH	yes	yes		1	1
9	9.32	pāpa-yonayaḥ	pāpa-yoni	nominal	pāpa|yonayaḥ	pāpa|yoni	indecl|nominal	COMPOUND_SPLIT	n/a	n/a		1	2
9	9.32	striyaḥ	strī	nominal	striyo	strī	nominal	MATCH	yes	yes		1	1
9	9.32	vaiśyāḥ	vaiśya	nominal	vaiśyāḥ	vaiśyā	nominal	LEMMA_CONVENTION	no	yes	vowel-sandhi/contraction	1	1
9	9.32	tathā	tathā	indecl	tathā	tathā	indecl	MATCH	yes	yes		1	1
9	9.32	śūdrāḥ	śūdra	nominal	śūdrāḥ	śūdra	nominal	MATCH	yes	yes		1	1
9	9.32	te	tat	nominal	te	tad	nominal	LEMMA_CONVENTION	no	yes	pronoun-stem	1	1
9	9.32	api	api	indecl	'pi	api	indecl	MATCH	yes	yes		1	1
9	9.32	yānti	√yā	verb	yānti	yā	verb	MATCH	yes	yes		1	1
9	9.32	parām	para	nominal	parāṃ	para	nominal	MATCH	yes	yes		1	1
9	9.32	gatim	gati	nominal	gatim	gati	nominal	MATCH	yes	yes		1	1
9	9.33	kim punaḥ	kim punaḥ	indecl	kiṃ	kim	indecl	LEMMA_DIVERGE	no	yes		1	1
9					punar	punar	indecl	GOLD_ONLY				0	1
9	9.33	brāhmaṇāḥ	brāhmaṇa	nominal	brāhmaṇāḥ	brāhmaṇa	nominal	MATCH	yes	yes		1	1
9	9.33	puṇyāḥ	puṇya	nominal	puṇyā	puṇya	indecl	POS_DIVERGE	yes	no		1	1
9	9.33	bhaktāḥ	bhakta	nominal	bhaktā	bhakta	nominal	MATCH	yes	yes		1	1
9	9.33	rāja-rṣayaḥ	rāja-rṣi	nominal	rājarṣayaḥ	rājarṣi	nominal	MATCH	yes	yes		1	1
9	9.33	tathā	tathā	indecl	tathā	tathā	indecl	MATCH	yes	yes		1	1
9	9.33	anityam	a-nitya	nominal	anityam	anitya	indecl	POS_DIVERGE	yes	no		1	1
9	9.33	asukham	a-sukha	nominal	asukham	asukha	indecl	POS_DIVERGE	yes	no		1	1
9	9.33	lokam	loka	nominal	lokam	loka	nominal	MATCH	yes	yes		1	1
9	9.33	imam	idam	nominal	imam	idam	nominal	MATCH	yes	yes		1	1
9	9.33	prāpya	pra-√āp	unknown	prāpya	prāp	verb	LEMMA_CONVENTION+POS_DIVERGE	no	no	vowel-sandhi/contraction	1	1
9	9.33	bhajasva	√bhaj	verb	bhajasva	bhaj	verb	MATCH	yes	yes		1	1
9	9.33	mām	asmat	nominal	mām	mad	nominal	LEMMA_CONVENTION	no	yes	pronoun-stem	1	1
9	9.34	man-manāḥ	man-manas	nominal	mad	mad	nominal	LEMMA_DIVERGE	no	yes		1	1
9					manāḥ	manas	nominal	GOLD_ONLY				0	1
9	9.34	bhava	√bhū	verb	bhava	bhū	verb	MATCH	yes	yes		1	1
9	9.34	mad-bhaktaḥ	mad-bhakta	nominal	mad|bhaktaḥ	mad|bhakta	nominal|nominal	COMPOUND_SPLIT	n/a	n/a		1	2
9	9.34	mad-yājī	mad-yājin	nominal	mad|yājī	mad|yājin	nominal|indecl	COMPOUND_SPLIT	n/a	n/a		1	2
9	9.34	mām	asmat	nominal	māṃ	mad	nominal	LEMMA_CONVENTION	no	yes	pronoun-stem	1	1
9	9.34	namaḥ|kuru	namaḥ|√kṛ	nominal|verb	namaskuru	namaskṛ	verb	MERGE	n/a	n/a		2	1
9	9.34	mām	asmat	nominal	mām	mad	nominal	LEMMA_CONVENTION	no	yes	pronoun-stem	1	1
9	9.34	eva	eva	indecl	eva	eva	indecl	MATCH	yes	yes		1	1
9	9.34	eṣyasi	√i	verb	eṣyasi	i	verb	MATCH	yes	yes		1	1
9	9.34	yuktvā	√yuj	unknown	yuktvā	yuj	verb	POS_DIVERGE	yes	no		1	1
9	9.34	evam	evam	indecl	evam	evam	indecl	MATCH	yes	yes		1	1
9	9.34	ātmānam	ātman	nominal	ātmānam	ātman	nominal	MATCH	yes	yes		1	1
9	9.34	mat-parāyaṇaḥ	mat-parāyaṇa	nominal	mad	mad	nominal	LEMMA_DIVERGE	no	yes		1	1
9					parāyaṇaḥ	parāyaṇa	nominal	GOLD_ONLY				0	1
10	10.01	śrī-bhagavān	śrī-bhagavant	nominal	śrī|bhagavān	śrī|bhagavant	nominal|nominal	COMPOUND_SPLIT	n/a	n/a		1	2
10	10.01	uvāca	√vac	verb	uvāca	vac	verb	MATCH	yes	yes		1	1
10	10.01	bhūyaḥ	bhūyaḥ	indecl	bhūya	bhūyas	indecl	LEMMA_CONVENTION	no	yes	adverb--tas/-taḥ	1	1
10	10.01	eva	eva	indecl	eva	eva	indecl	MATCH	yes	yes		1	1
10	10.01	mahābāho	mahā-bāhu	nominal	mahā|bāho	mahat|bāhu	indecl|nominal	COMPOUND_SPLIT	n/a	n/a		1	2
10	10.01	śṛṇu	√śru	verb	śṛṇu	śru	verb	MATCH	yes	yes		1	1
10	10.01	me	asmat	nominal	me	mad	nominal	LEMMA_CONVENTION	no	yes	pronoun-stem	1	1
10	10.01	paramam	parama	nominal	paramaṃ	parama	indecl	POS_DIVERGE	yes	no		1	1
10	10.01	vacaḥ	vacas	nominal	vacaḥ	vacas	nominal	MATCH	yes	yes		1	1
10	10.01	yat	yat	nominal	yat	yad	nominal	LEMMA_CONVENTION	no	yes	pronoun-stem	1	1
10	10.01	te	yuṣmat	nominal	te	tvad	nominal	LEMMA_CONVENTION	no	yes	pronoun-stem	1	1
10	10.01	aham	asmat	nominal	'haṃ	mad	nominal	LEMMA_CONVENTION	no	yes	pronoun-stem	1	1
10	10.01	prīyamāṇāya	prīyamāṇa	nominal	prīyamāṇāya	prī	verb	LEMMA+POS_DIVERGE	no	no		1	1
10	10.01	vakṣyāmi	√vac	verb	vakṣyāmi	vac	verb	MATCH	yes	yes		1	1
10	10.01	hita-kāmyayā	hita-kāmyā	nominal	hita|kāmyayā	hita|kāmyā	nominal|nominal	COMPOUND_SPLIT	n/a	n/a		1	2
10	10.02	na	na	indecl	na	na	indecl	MATCH	yes	yes		1	1
10	10.02	me	asmat	nominal	me	mad	nominal	LEMMA_CONVENTION	no	yes	pronoun-stem	1	1
10	10.02	viduḥ	√vid	verb	viduḥ	vid	verb	MATCH	yes	yes		1	1
10	10.02	sura-gaṇāḥ	sura-gaṇa	nominal	sura|gaṇāḥ	sura|gaṇa	nominal|nominal	COMPOUND_SPLIT	n/a	n/a		1	2
10	10.02	prabhavam	prabhava	nominal	prabhavaṃ	prabhava	nominal	MATCH	yes	yes		1	1
10	10.02	na	na	indecl	na	na	indecl	MATCH	yes	yes		1	1
10	10.02	maha-rṣayaḥ	maha-rṣi	nominal	mahā	mahat	indecl	LEMMA+POS_DIVERGE	no	no		1	1
10					ṛṣayaḥ	ṛṣi	nominal	GOLD_ONLY				0	1
10	10.02	aham	asmat	nominal	aham	mad	nominal	LEMMA_CONVENTION	no	yes	pronoun-stem	1	1
10	10.02	ādiḥ	ādi	nominal	ādiḥ	ādi	nominal	MATCH	yes	yes		1	1
10	10.02	hi	hi	indecl	hi	hi	indecl	MATCH	yes	yes		1	1
10	10.02	devānām	deva	nominal	devānāṃ	deva	nominal	MATCH	yes	yes		1	1
10	10.02	maha-rṣīṇām	maha-rṣi	nominal	mahā	mahat	indecl	LEMMA+POS_DIVERGE	no	no		1	1
10					ṛṣīṇām	ṛṣi	nominal	GOLD_ONLY				0	1
10	10.02	ca	ca	indecl	ca	ca	indecl	MATCH	yes	yes		1	1
10	10.02	sarvaśaḥ	sarvaśaḥ	indecl	sarvaśaḥ	sarvaśas	indecl	LEMMA_CONVENTION	no	yes	adverb--tas/-taḥ	1	1
10	10.03	yaḥ|mām	yat|asmat	nominal|nominal	yo|mām	yad|mad	nominal|nominal	RESEGMENTED	n/a	n/a		2	2
10	10.03	ajam	a-ja	nominal	ajam	aja	indecl	POS_DIVERGE	yes	no		1	1
10	10.03	anādim	an-ādi	nominal	anādim	anādi	indecl	POS_DIVERGE	yes	no		1	1
10	10.03	ca	ca	indecl	ca	ca	indecl	MATCH	yes	yes		1	1
10	10.03	vetti	√vid	verb	vetti	vid	verb	MATCH	yes	yes		1	1
10	10.03	loka-maheśvaram	loka-mahā-īśvara	nominal	loka|mahā|īśvaram	loka|mahat|īśvara	nominal|indecl|nominal	COMPOUND_SPLIT	n/a	n/a		1	3
10	10.03	asaṁmūḍhaḥ	a-saṁ-mūḍha	nominal	asaṃmūḍhaḥ	asaṃmūḍha	indecl	POS_DIVERGE	yes	no		1	1
10	10.03	saḥ	tat	nominal	sa	tad	nominal	LEMMA_CONVENTION	no	yes	pronoun-stem	1	1
10	10.03	martyeṣu	martya	nominal	martyeṣu	martya	nominal	MATCH	yes	yes		1	1
10	10.03	sarva-pāpaiḥ	sarva-pāpa	nominal	sarva|pāpaiḥ	sarva|pāpa	nominal|nominal	COMPOUND_SPLIT	n/a	n/a		1	2
10	10.03	pramucyate	pra-√muc	verb	pramucyate	pramuc	verb	MATCH	yes	yes		1	1
10	10.04	buddhiḥ	buddhi	nominal	buddhiḥ	buddhi	nominal	MATCH	yes	yes		1	1
10	10.04	jñānam	jñāna	nominal	jñānam	jñāna	nominal	MATCH	yes	yes		1	1
10	10.04	asaṁmohaḥ	a-saṁ-moha	nominal	asaṃmohaḥ	asaṃmoha	nominal	MATCH	yes	yes		1	1
10	10.04	kṣamā	kṣamā	nominal	kṣamā	kṣamā	nominal	MATCH	yes	yes		1	1
10	10.04	satyam	satya	nominal	satyaṃ	satya	nominal	MATCH	yes	yes		1	1
10	10.04	damaḥ	dama	nominal	damaḥ	dama	nominal	MATCH	yes	yes		1	1
10	10.04	śamaḥ	śama	nominal	śamaḥ	śama	nominal	MATCH	yes	yes		1	1
10	10.04	sukham	sukha	nominal	sukhaṃ	sukha	nominal	MATCH	yes	yes		1	1
10	10.04	duḥkham	duḥkha	nominal	duḥkhaṃ	duḥkha	nominal	MATCH	yes	yes		1	1
10	10.04	bhavaḥ	bhava	nominal	bhavo	bhava	nominal	MATCH	yes	yes		1	1
10	10.04	abhāvaḥ	a-bhava	nominal	'bhāvo	abhāva	nominal	LEMMA_CONVENTION	no	yes	vowel-sandhi/contraction	1	1
10	10.04	bhayam	bhaya	nominal	bhayaṃ	bhaya	nominal	MATCH	yes	yes		1	1
10	10.04	ca	ca	indecl	ca	ca	indecl	MATCH	yes	yes		1	1
10	10.04	abhayam	a-bhaya	nominal	abhayam	abhaya	nominal	MATCH	yes	yes		1	1
10	10.04	eva	eva	indecl	eva	eva	indecl	MATCH	yes	yes		1	1
10	10.04	ca	ca	indecl	ca	ca	indecl	MATCH	yes	yes		1	1
10	10.05	ahiṁsā	a-hiṁsā	nominal	ahiṃsā	ahiṃsā	nominal	MATCH	yes	yes		1	1
10	10.05	samatā	samatā	nominal	sama|tā	sama|tā	nominal|nominal	COMPOUND_SPLIT	n/a	n/a		1	2
10	10.05	tuṣṭiḥ	tuṣṭi	nominal	tuṣṭiḥ	tuṣṭi	nominal	MATCH	yes	yes		1	1
10	10.05	tapaḥ	tapas	nominal	tapaḥ	tapas	nominal	MATCH	yes	yes		1	1
10	10.05	dānam	dāna	nominal	dānaṃ	dāna	nominal	MATCH	yes	yes		1	1
10	10.05	yaśaḥ	yaśas	nominal	yaśo	yaśas	nominal	MATCH	yes	yes		1	1
10	10.05	ayaśaḥ	a-yaśas	nominal	a|yaśaḥ	a|yaśas	indecl|nominal	COMPOUND_SPLIT	n/a	n/a		1	2
10	10.05	bhavanti	√bhū	verb	bhavanti	bhū	verb	MATCH	yes	yes		1	1
10	10.05	bhāvāḥ	bhāva	nominal	bhāvā	bhāva	nominal	MATCH	yes	yes		1	1
10	10.05	bhūtānām	bhūta	nominal	bhūtānāṃ	bhūta	nominal	MATCH	yes	yes		1	1
10	10.05	mattaḥ	mattaḥ	indecl	matta	mad	nominal	LEMMA+POS_DIVERGE	no	no		1	1
10	10.05	eva	eva	indecl	eva	eva	indecl	MATCH	yes	yes		1	1
10	10.05	pṛthag-vidhāḥ	pṛthag-vidha	nominal	pṛthagvidhāḥ	pṛthagvidha	indecl	POS_DIVERGE	yes	no		1	1
10	10.06	maha-rṣayaḥ	maha-rṣi	nominal	mahā	mahat	indecl	LEMMA+POS_DIVERGE	no	no		1	1
10					ṛṣayaḥ	ṛṣi	nominal	GOLD_ONLY				0	1
10	10.06	sapta	sapta	nominal	sapta	saptan	indecl	LEMMA_CONVENTION+POS_DIVERGE	no	no	final-t/d+n	1	1
10	10.06	pūrve	pūrva	nominal	pūrve	pūrva	nominal	MATCH	yes	yes		1	1
10	10.06	catvāraḥ	catur	nominal	catvāro	catur	indecl	POS_DIVERGE	yes	no		1	1
10	10.06	manavaḥ	manu	nominal	manavaḥ	manu	nominal	MATCH	yes	yes		1	1
10	10.06	tathā	tathā	indecl	tathā	tathā	indecl	MATCH	yes	yes		1	1
10	10.06	mad-bhāvāḥ	mad-bhāva	nominal	mad|bhāvāḥ	mad|bhāva	nominal|nominal	COMPOUND_SPLIT	n/a	n/a		1	2
10	10.06	mānasāḥ	mānasa	nominal	mānasā	mānasa	indecl	POS_DIVERGE	yes	no		1	1
10	10.06	jātāḥ	jāta	nominal	jātā	jan	verb	LEMMA+POS_DIVERGE	no	no		1	1
10	10.06	yeṣām	yat	nominal	yeṣāṃ	yad	nominal	LEMMA_CONVENTION	no	yes	pronoun-stem	1	1
10	10.06	loke	loka	nominal	loka	loka	nominal	MATCH	yes	yes		1	1
10	10.06	imāḥ	idam	nominal	imāḥ	idam	nominal	MATCH	yes	yes		1	1
10	10.06	prajāḥ	prajā	nominal	prajāḥ	prajā	nominal	MATCH	yes	yes		1	1
10	10.07	etām	etat	nominal	etāṃ	etad	nominal	LEMMA_CONVENTION	no	yes	pronoun-stem	1	1
10	10.07	vibhūtim	vibhūti	nominal	vibhūtiṃ	vibhūti	nominal	MATCH	yes	yes		1	1
10	10.07	yogam	yoga	nominal	yogaṃ	yoga	nominal	MATCH	yes	yes		1	1
10	10.07	ca	ca	indecl	ca	ca	indecl	MATCH	yes	yes		1	1
10	10.07	mama	asmat	nominal	mama	mad	nominal	LEMMA_CONVENTION	no	yes	pronoun-stem	1	1
10	10.07	yaḥ|vetti	yat|√vid	nominal|verb	yo|vetti	yad|vid	nominal|verb	RESEGMENTED	n/a	n/a		2	2
10	10.07	tattvataḥ	tattvataḥ	indecl	tattvataḥ	tattva	nominal	LEMMA+POS_DIVERGE	no	no		1	1
10	10.07	saḥ|avikampena	tat|a-vikampa	nominal|nominal	so|'vikampena	tad|avikampa	nominal|indecl	RESEGMENTED	n/a	n/a		2	2
10	10.07	yogena	yoga	nominal	yogena	yoga	nominal	MATCH	yes	yes		1	1
10	10.07	yujyate	√yuj	verb	yujyate	yuj	verb	MATCH	yes	yes		1	1
10	10.07	na	na	indecl	na	na	indecl	MATCH	yes	yes		1	1
10	10.07	atra	atra	indecl	atra	atra	indecl	MATCH	yes	yes		1	1
10	10.07	saṁśayaḥ	saṁśaya	nominal	saṃśayaḥ	saṃśaya	nominal	MATCH	yes	yes		1	1
10	10.08	aham	asmat	nominal	ahaṃ	mad	nominal	LEMMA_CONVENTION	no	yes	pronoun-stem	1	1
10	10.08	sarvasya	sarva	nominal	sarvasya	sarva	nominal	MATCH	yes	yes		1	1
10	10.08	prabhavaḥ	prabhava	nominal	prabhavo	prabhava	nominal	MATCH	yes	yes		1	1
10	10.08	mattaḥ	mattaḥ	indecl	mattaḥ	mad	nominal	LEMMA+POS_DIVERGE	no	no		1	1
10	10.08	sarvam	sarva	nominal	sarvaṃ	sarva	nominal	MATCH	yes	yes		1	1
10	10.08	pravartate	pra-√vṛt	verb	pravartate	pravṛt	verb	MATCH	yes	yes		1	1
10	10.08	iti	iti	indecl	iti	iti	indecl	MATCH	yes	yes		1	1
10	10.08	matvā	√man	unknown	matvā	man	verb	POS_DIVERGE	yes	no		1	1
10	10.08	bhajante	√bhaj	verb	bhajante	bhaj	verb	MATCH	yes	yes		1	1
10	10.08	mām	asmat	nominal	māṃ	mad	nominal	LEMMA_CONVENTION	no	yes	pronoun-stem	1	1
10	10.08	budhāḥ	budha	nominal	budhā	budha	indecl	POS_DIVERGE	yes	no		1	1
10	10.08	bhāva-samanvitāḥ	bhāva-samanvita	nominal	bhāva|samanvitāḥ	bhāva|samanvita	nominal|indecl	COMPOUND_SPLIT	n/a	n/a		1	2
10	10.09	mac-cittāḥ	mac-citta	nominal	mad	mad	nominal	LEMMA_DIVERGE	no	yes		1	1
10					cittāḥ	citta	nominal	GOLD_ONLY				0	1
10	10.09	mad-gata-prāṇāḥ	mad-gata-prāṇa	nominal	mad|gata|prāṇāḥ	mad|gam|prāṇa	nominal|verb|nominal	COMPOUND_SPLIT	n/a	n/a		1	3
10	10.09	bodhayantaḥ	bodhayant	nominal	bodhayantaḥ	bodhay	verb	LEMMA+POS_DIVERGE	no	no		1	1
10	10.09	paras-param	paras-param	indecl	parasparam	paraspara	nominal	LEMMA_CONVENTION+POS_DIVERGE	no	no	final-t/d+n	1	1
10	10.09	kathayantaḥ	kathayant	nominal	kathayantaḥ	kathay	verb	LEMMA+POS_DIVERGE	no	no		1	1
10	10.09	ca	ca	indecl	ca	ca	indecl	MATCH	yes	yes		1	1
10	10.09	mām	asmat	nominal	māṃ	mad	nominal	LEMMA_CONVENTION	no	yes	pronoun-stem	1	1
10	10.09	nityam	nityam	indecl	nityaṃ	nityam	indecl	MATCH	yes	yes		1	1
10	10.09	tuṣyanti	√tuṣ	verb	tuṣyanti	tuṣ	verb	MATCH	yes	yes		1	1
10	10.09	ca	ca	indecl	ca	ca	indecl	MATCH	yes	yes		1	1
10	10.09	ramanti	√ram	verb	ramanti	ram	verb	MATCH	yes	yes		1	1
10	10.09	ca	ca	indecl	ca	ca	indecl	MATCH	yes	yes		1	1
10	10.10	teṣām	tat	nominal	teṣāṃ	tad	nominal	LEMMA_CONVENTION	no	yes	pronoun-stem	1	1
10	10.10	satata-yuktānām	satata-yukta	nominal	satata|yuktānām	satata|yuj	indecl|verb	COMPOUND_SPLIT	n/a	n/a		1	2
10	10.10	bhajatām	bhajant	nominal	bhajatāṃ	bhaj	verb	LEMMA+POS_DIVERGE	no	no		1	1
10	10.10	prīti-pūrvakam	prīti-pūrvakam	indecl	prīti|pūrvakam	prīti|pūrvaka	nominal|indecl	COMPOUND_SPLIT	n/a	n/a		1	2
10	10.10	dadāmi	√dā	verb	dadāmi	dā	verb	MATCH	yes	yes		1	1
10	10.10	buddhi-yogam	buddhi-yoga	nominal	buddhi|yogam	buddhi|yoga	nominal|nominal	COMPOUND_SPLIT	n/a	n/a		1	2
10	10.10	tam	tat	nominal	taṃ	tad	nominal	LEMMA_CONVENTION	no	yes	pronoun-stem	1	1
10	10.10	yena	yat	nominal	yena	yad	nominal	LEMMA_CONVENTION	no	yes	pronoun-stem	1	1
10	10.10	mām	asmat	nominal	mām	mad	nominal	LEMMA_CONVENTION	no	yes	pronoun-stem	1	1
10	10.10	upayānti	upa-√yā	verb	upayānti	upayā	verb	MATCH	yes	yes		1	1
10	10.10	te	tat	nominal	te	tad	nominal	LEMMA_CONVENTION	no	yes	pronoun-stem	1	1
10	10.11	teṣām	tat	nominal	teṣām	tad	nominal	LEMMA_CONVENTION	no	yes	pronoun-stem	1	1
10	10.11	eva	eva	indecl	eva	eva	indecl	MATCH	yes	yes		1	1
10	10.11	anu-kampā-artham	anu-kampā-artham	indecl	anukampā|artham	anukampā|artha	nominal|nominal	COMPOUND_SPLIT	n/a	n/a		1	2
10	10.11	aham	asmat	nominal	aham	mad	nominal	LEMMA_CONVENTION	no	yes	pronoun-stem	1	1
10	10.11	ajñāna-jam	ajñāna-ja	nominal	ajñāna|jam	ajñāna|ja	nominal|indecl	COMPOUND_SPLIT	n/a	n/a		1	2
10	10.11	tamaḥ	tamas	nominal	tamaḥ	tamas	nominal	MATCH	yes	yes		1	1
10	10.11	nāśayāmi	√naś	verb	nāśayāmi	nāśay	verb	LEMMA_DIVERGE	no	yes		1	1
10	10.11	ātma-bhāva-sthaḥ	ātma-bhāva-stha	nominal	ātma|bhāva|sthaḥ	ātman|bhāva|stha	nominal|nominal|indecl	COMPOUND_SPLIT	n/a	n/a		1	3
10	10.11	jñāna-dīpena	jñāna-dīpa	nominal	jñāna|dīpena	jñāna|dīpa	nominal|nominal	COMPOUND_SPLIT	n/a	n/a		1	2
10	10.11	bhāsvatā	bhāsvant	nominal	bhāsvatā	bhāsvat	indecl	LEMMA_CONVENTION+POS_DIVERGE	no	no	final-t/d+n	1	1
10	10.12	arjunaḥ	arjuna	nominal	arjuna	arjuna	nominal	MATCH	yes	yes		1	1
10	10.12	uvāca	√vac	verb	uvāca	vac	verb	MATCH	yes	yes		1	1
10	10.12	param	para	nominal	paraṃ	para	nominal	MATCH	yes	yes		1	1
10	10.12	brahma	brahman	nominal	brahma	brahman	nominal	MATCH	yes	yes		1	1
10	10.12	param	para	nominal	paraṃ	para	nominal	MATCH	yes	yes		1	1
10	10.12	dhāma	dhāman	nominal	dhāma	dhāman	nominal	MATCH	yes	yes		1	1
10	10.12	pavitram	pavitra	nominal	pavitraṃ	pavitra	nominal	MATCH	yes	yes		1	1
10	10.12	paramam	parama	nominal	paramaṃ	parama	indecl	POS_DIVERGE	yes	no		1	1
10	10.12	bhavān	bhavant	nominal	bhavān	bhavat	indecl	LEMMA_CONVENTION+POS_DIVERGE	no	no	final-t/d+n	1	1
10	10.12	puruṣam	puruṣa	nominal	puruṣaṃ	puruṣa	nominal	MATCH	yes	yes		1	1
10	10.12	śāśvatam	śāśvata	nominal	śāśvataṃ	śāśvata	indecl	POS_DIVERGE	yes	no		1	1
10	10.12	divyam	divya	nominal	divyam	divya	indecl	POS_DIVERGE	yes	no		1	1
10	10.12	ādi-devam	ādi-deva	nominal	ādidevam	ādideva	nominal	MATCH	yes	yes		1	1
10	10.12	ajam	a-ja	nominal	ajam	aja	indecl	POS_DIVERGE	yes	no		1	1
10	10.12	vibhum	vi-bhu	nominal	vibhum	vibhu	indecl	POS_DIVERGE	yes	no		1	1
10	10.13	āhuḥ	√ah	verb	āhuḥ	ah	verb	MATCH	yes	yes		1	1
10	10.13	tvām	yuṣmat	nominal	tvām	tvad	nominal	LEMMA_CONVENTION	no	yes	pronoun-stem	1	1
10	10.13	ṛṣayaḥ	ṛṣi	nominal	ṛṣayaḥ	ṛṣi	nominal	MATCH	yes	yes		1	1
10	10.13	sarve	sarva	nominal	sarve	sarva	nominal	MATCH	yes	yes		1	1
10	10.13	deva-rṣiḥ	deva-rṣi	nominal	deva	deva	nominal	LEMMA_DIVERGE	no	yes		1	1
10					ṛṣiḥ	ṛṣi	nominal	GOLD_ONLY				0	1
10	10.13	nāradaḥ	nāra-da	nominal	nāradaḥ	nārada	nominal	MATCH	yes	yes		1	1
10	10.13	tathā	tathā	indecl	tathā	tathā	indecl	MATCH	yes	yes		1	1
10	10.13	asitaḥ	a-sita	nominal	asito	asita	nominal	MATCH	yes	yes		1	1
10	10.13	devalaḥ	devala	nominal	devalo	devala	nominal	MATCH	yes	yes		1	1
10	10.13	vyāsaḥ	vyāsa	nominal	vyāsaḥ	vyāsa	nominal	MATCH	yes	yes		1	1
10	10.13	svayam	svayam	indecl	svayaṃ	svayam	indecl	MATCH	yes	yes		1	1
10	10.13	ca	ca	indecl	ca	ca	indecl	MATCH	yes	yes		1	1
10	10.13	eva	eva	indecl	eva	eva	indecl	MATCH	yes	yes		1	1
10	10.13	bravīṣi	√brū	verb	bravīṣi	brū	verb	MATCH	yes	yes		1	1
10	10.13	me	asmat	nominal	me	mad	nominal	LEMMA_CONVENTION	no	yes	pronoun-stem	1	1
10	10.14	sarvam	sarva	nominal	sarvam	sarva	nominal	MATCH	yes	yes		1	1
10	10.14	etat	etat	nominal	etat	etad	nominal	LEMMA_CONVENTION	no	yes	pronoun-stem	1	1
10	10.14	ṛtam	ṛta	nominal	ṛtam	ṛta	nominal	MATCH	yes	yes		1	1
10	10.14	manye	√man	verb	manye	man	verb	MATCH	yes	yes		1	1
10	10.14	yat	yat	nominal	yat	yad	nominal	LEMMA_CONVENTION	no	yes	pronoun-stem	1	1
10	10.14	mām	asmat	nominal	mām	mad	nominal	LEMMA_CONVENTION	no	yes	pronoun-stem	1	1
10	10.14	vadasi	√vad	verb	vadasi	vad	verb	MATCH	yes	yes		1	1
10	10.14	keśava	keśa-va	nominal	keśava	keśava	nominal	MATCH	yes	yes		1	1
10	10.14	na	na	indecl	na	na	indecl	MATCH	yes	yes		1	1
10	10.14	hi	hi	indecl	hi	hi	indecl	MATCH	yes	yes		1	1
10	10.14	te	yuṣmat	nominal	te	tvad	nominal	LEMMA_CONVENTION	no	yes	pronoun-stem	1	1
10	10.14	bhagavan	bhagavant	nominal	bhagavan	bhagavant	nominal	MATCH	yes	yes		1	1
10	10.14	vyaktim	vyakti	nominal	vyaktim	vyakti	nominal	MATCH	yes	yes		1	1
10	10.14	viduḥ	√vid	verb	viduḥ	vid	verb	MATCH	yes	yes		1	1
10	10.14	devāḥ	deva	nominal	devāḥ	deva	nominal	MATCH	yes	yes		1	1
10	10.14	na	na	indecl	na	na	indecl	MATCH	yes	yes		1	1
10	10.14	dānavāḥ	dānava	nominal	dānavāḥ	dānava	nominal	MATCH	yes	yes		1	1
10	10.15	svayam	svayam	indecl	svayam	svayam	indecl	MATCH	yes	yes		1	1
10	10.15	eva	eva	indecl	eva	eva	indecl	MATCH	yes	yes		1	1
10	10.15	ātmanā	ātman	nominal	ātmanā	ātman	nominal	MATCH	yes	yes		1	1
10	10.15	ātmānam	ātman	nominal	ātmānam	ātman	nominal	MATCH	yes	yes		1	1
10	10.15	vettha	√vid	verb	vettha	vid	verb	MATCH	yes	yes		1	1
10	10.15	tvam	yuṣmat	nominal	tvaṃ	tvad	nominal	LEMMA_CONVENTION	no	yes	pronoun-stem	1	1
10	10.15	puruṣottama	puruṣa-uttama	nominal	puruṣottama	puruṣottama	nominal	LEMMA_CONVENTION	no	yes	vowel-sandhi/contraction	1	1
10	10.15	bhūta-bhāvana	bhūta-bhāvana	nominal	bhūtabhāvana	bhūtabhāvana	nominal	MATCH	yes	yes		1	1
10	10.15	bhūteśa	bhūta-iśa	nominal	bhūteśa	bhūteśa	nominal	LEMMA_CONVENTION	no	yes	vowel-sandhi/contraction	1	1
10	10.15	deva-deva	deva-deva	nominal	devadeva	devadeva	nominal	MATCH	yes	yes		1	1
10	10.15	jagat-pate	jagat-pati	nominal	jagatpate	jagatpati	nominal	MATCH	yes	yes		1	1
10	10.16	vaktum	√vac	unknown	vaktum	vac	verb	POS_DIVERGE	yes	no		1	1
10	10.16	arhasi	√arh	verb	arhasi	arh	verb	MATCH	yes	yes		1	1
10	10.16	aśeṣeṇa	aśeṣeṇa	indecl	aśeṣeṇa	aśeṣeṇa	indecl	MATCH	yes	yes		1	1
10	10.16	divyāḥ	divya	nominal	divyā	divya	indecl	POS_DIVERGE	yes	no		1	1
10	10.16	hi	hi	indecl	hi	hi	indecl	MATCH	yes	yes		1	1
10	10.16	ātma-vibhūtayaḥ	ātma-vibhūti	nominal	ātma|vibhūtayaḥ	ātman|vibhūti	nominal|nominal	COMPOUND_SPLIT	n/a	n/a		1	2
10	10.16	yābhiḥ	yat	nominal	yābhiḥ	yad	nominal	LEMMA_CONVENTION	no	yes	pronoun-stem	1	1
10	10.16	vibhūtibhiḥ	vibhūti	nominal	vibhūtibhiḥ	vibhūti	nominal	MATCH	yes	yes		1	1
10	10.16	lokān	loka	nominal	lokān	loka	nominal	MATCH	yes	yes		1	1
10	10.16	imān	idam	nominal	imān	idam	nominal	MATCH	yes	yes		1	1
10	10.16	tvam	yuṣmat	nominal	tvam	tvad	nominal	LEMMA_CONVENTION	no	yes	pronoun-stem	1	1
10	10.16	vyāpya	vi-√āp	unknown	vyāpya	vyāp	verb	LEMMA+POS_DIVERGE	no	no		1	1
10	10.16	tiṣṭhasi	√sthā	verb	tiṣṭhasi	sthā	verb	MATCH	yes	yes		1	1
10	10.17	katham	katham	indecl	kathaṃ	katham	indecl	MATCH	yes	yes		1	1
10	10.17	vidyām	√vid	verb	vidyām	vid	verb	MATCH	yes	yes		1	1
10	10.17	aham	asmat	nominal	aham	mad	nominal	LEMMA_CONVENTION	no	yes	pronoun-stem	1	1
10	10.17	yogin	yogin	nominal	yogin	yogin	nominal	MATCH	yes	yes		1	1
10	10.17	tvām	yuṣmat	nominal	tvām	tvad	nominal	LEMMA_CONVENTION	no	yes	pronoun-stem	1	1
10	10.17	sadā	sadā	indecl	sadā	sadā	indecl	MATCH	yes	yes		1	1
10	10.17	paricintayan	pari-cintayant	nominal	paricintayan	paricintay	verb	LEMMA+POS_DIVERGE	no	no		1	1
10	10.17	keṣu keṣu	kim	nominal	keṣu|keṣu	ka|ka	nominal|nominal	COMPOUND_SPLIT	n/a	n/a		1	2
10	10.17	ca	ca	indecl	ca	ca	indecl	MATCH	yes	yes		1	1
10	10.17	bhāveṣu	bhāva	nominal	bhāveṣu	bhāva	nominal	MATCH	yes	yes		1	1
10	10.17	cintyaḥ	cintya	nominal	cintyo	cintay	verb	LEMMA_CONVENTION+POS_DIVERGE	no	no	vowel-sandhi/contraction	1	1
10	10.17	asi	√as	verb	'si	as	verb	MATCH	yes	yes		1	1
10	10.17	bhagavan	bhagavant	nominal	bhagavat	bhagavant	nominal	MATCH	yes	yes		1	1
10	10.17	mayā	asmat	nominal	mayā	mad	nominal	LEMMA_CONVENTION	no	yes	pronoun-stem	1	1
10	10.18	vistareṇa	vistareṇa	indecl	vistareṇa	vistara	nominal	LEMMA+POS_DIVERGE	no	no		1	1
10	10.18	ātmanaḥ	ātman	nominal	ātmanaḥ	ātman	nominal	MATCH	yes	yes		1	1
10	10.18	yogam	yoga	nominal	yogaṃ	yoga	nominal	MATCH	yes	yes		1	1
10	10.18	vibhūtim	vibhūti	nominal	vibhūtiṃ	vibhūti	nominal	MATCH	yes	yes		1	1
10	10.18	ca	ca	indecl	ca	ca	indecl	MATCH	yes	yes		1	1
10	10.18	janārdana	jana-ardana	nominal	janārdana	janārdana	nominal	LEMMA_CONVENTION	no	yes	vowel-sandhi/contraction	1	1
10	10.18	bhūyaḥ	bhūyaḥ	indecl	bhūyaḥ	bhūyas	indecl	LEMMA_CONVENTION	no	yes	adverb--tas/-taḥ	1	1
10	10.18	kathaya	√kath	verb	kathaya	kathay	verb	LEMMA_DIVERGE	no	yes		1	1
10	10.18	tṛptiḥ	tṛpti	nominal	tṛptiḥ	tṛpti	nominal	MATCH	yes	yes		1	1
10	10.18	hi	hi	indecl	hi	hi	indecl	MATCH	yes	yes		1	1
10	10.18	śṛṇvataḥ	śṛṇvant	nominal	śṛṇvato	śru	verb	LEMMA+POS_DIVERGE	no	no		1	1
10	10.18	na	na	indecl	na	na	indecl	MATCH	yes	yes		1	1
10	10.18	asti	√as	verb	asti	as	verb	MATCH	yes	yes		1	1
10	10.18	me	asmat	nominal	me	mad	nominal	LEMMA_CONVENTION	no	yes	pronoun-stem	1	1
10	10.18	amṛtam	a-mṛta	nominal	'mṛtam	amṛta	nominal	MATCH	yes	yes		1	1
10	10.19	śrī-bhagavān	śrī-bhagavant	nominal	śrī|bhagavān	śrī|bhagavant	nominal|nominal	COMPOUND_SPLIT	n/a	n/a		1	2
10	10.19	uvāca	√vac	verb	uvāca	vac	verb	MATCH	yes	yes		1	1
10	10.19	hanta	hanta	indecl	hanta	hanta	indecl	MATCH	yes	yes		1	1
10	10.19	te	yuṣmat	nominal	te	tvad	nominal	LEMMA_CONVENTION	no	yes	pronoun-stem	1	1
10	10.19	kathayiṣyāmi	√kath	verb	kathayiṣyāmi	kathay	verb	LEMMA_DIVERGE	no	yes		1	1
10	10.19	divyāḥ	divya	nominal	divyā	divya	indecl	POS_DIVERGE	yes	no		1	1
10	10.19	hi	hi	indecl	hi	hi	indecl	MATCH	yes	yes		1	1
10	10.19	ātma-vibhūtayaḥ	ātma-vibhūti	nominal	ātma|vibhūtayaḥ	ātman|vibhūti	nominal|nominal	COMPOUND_SPLIT	n/a	n/a		1	2
10	10.19	prādhānyataḥ	prādhānyataḥ	indecl	prādhānyataḥ	prādhānya	nominal	LEMMA+POS_DIVERGE	no	no		1	1
10	10.19	kuru-śreṣṭha	kuru-śreṣṭha	nominal	kuruśreṣṭha	kuruśreṣṭha	nominal	MATCH	yes	yes		1	1
10	10.19	na	na	indecl	na	na	indecl	MATCH	yes	yes		1	1
10	10.19	asti	√as	verb	asti	as	verb	MATCH	yes	yes		1	1
10	10.19	antaḥ	anta	nominal	antaḥ	anta	nominal	MATCH	yes	yes		1	1
10	10.19	vistarasya	vistara	nominal	vistarasya	vistara	nominal	MATCH	yes	yes		1	1
10	10.19	me	asmat	nominal	me	mad	nominal	LEMMA_CONVENTION	no	yes	pronoun-stem	1	1
10	10.20	aham	asmat	nominal	aham	mad	nominal	LEMMA_CONVENTION	no	yes	pronoun-stem	1	1
10	10.20	ātmā	ātman	nominal	ātmā	ātman	nominal	MATCH	yes	yes		1	1
10	10.20	guḍākeśa	guḍākeśa	nominal	guḍākeśa	guḍākeśa	nominal	MATCH	yes	yes		1	1
10	10.20	sarva-bhūtāśaya-sthitaḥ	sarva-bhūta-āśaya-sthitaḥ	nominal	sarva|bhūta|āśaya|sthitaḥ	sarva|bhūta|āśaya|sthā	nominal|nominal|nominal|verb	COMPOUND_SPLIT	n/a	n/a		1	4
10	10.20	aham	asmat	nominal	aham	mad	nominal	LEMMA_CONVENTION	no	yes	pronoun-stem	1	1
10	10.20	ādiḥ	ādi	nominal	ādiḥ	ādi	nominal	MATCH	yes	yes		1	1
10	10.20	ca	ca	indecl	ca	ca	indecl	MATCH	yes	yes		1	1
10	10.20	madhyam	madhya	nominal	madhyaṃ	madhya	nominal	MATCH	yes	yes		1	1
10	10.20	ca	ca	indecl	ca	ca	indecl	MATCH	yes	yes		1	1
10	10.20	bhūtānām	bhūta	nominal	bhūtānām	bhūta	nominal	MATCH	yes	yes		1	1
10	10.20	antaḥ	anta	nominal	antaḥ	anta	nominal	MATCH	yes	yes		1	1
10	10.20	eva	eva	indecl	eva	eva	indecl	MATCH	yes	yes		1	1
10	10.20	ca	ca	indecl	ca	ca	indecl	MATCH	yes	yes		1	1
10	10.21	ādityānām	āditya	nominal	ādityānām	āditya	nominal	MATCH	yes	yes		1	1
10	10.21	aham	asmat	nominal	aham	mad	nominal	LEMMA_CONVENTION	no	yes	pronoun-stem	1	1
10	10.21	viṣṇuḥ	viṣṇu	nominal	viṣṇur	viṣṇu	nominal	MATCH	yes	yes		1	1
10	10.21	jyotiṣām	jyotiḥ	nominal	jyotiṣāṃ	jyotis	nominal	LEMMA_CONVENTION	no	yes	adverb--tas/-taḥ	1	1
10	10.21	raviḥ	ravi	nominal	raviḥ	ravi	nominal	MATCH	yes	yes		1	1
10	10.21	aṁśumān	aṁśu-mant	nominal	aṃśumān	aṃśumant	nominal	MATCH	yes	yes		1	1
10	10.21	marīciḥ	marīci	nominal	marīciḥ	marīci	nominal	MATCH	yes	yes		1	1
10	10.21	marutām	mārut	nominal	marutām	marut	nominal	LEMMA_CONVENTION	no	yes	vowel-sandhi/contraction	1	1
10	10.21	asmi	√as	verb	asmi	as	verb	MATCH	yes	yes		1	1
10	10.21	nakṣatrāṇām	nakṣatra	nominal	nakṣatrāṇām	nakṣatra	nominal	MATCH	yes	yes		1	1
10	10.21	aham	asmat	nominal	aham	mad	nominal	LEMMA_CONVENTION	no	yes	pronoun-stem	1	1
10	10.21	śaśī	śaśin	nominal	śaśī	śaśin	nominal	MATCH	yes	yes		1	1
10	10.22	vedānām	veda	nominal	vedānāṃ	veda	nominal	MATCH	yes	yes		1	1
10	10.22	sāma-vedaḥ	sāma-veda	nominal	sāmavedo	sāmaveda	nominal	MATCH	yes	yes		1	1
10	10.22	asmi	√as	verb	'smi	as	verb	MATCH	yes	yes		1	1
10	10.22	devānām	deva	nominal	devānām	deva	nominal	MATCH	yes	yes		1	1
10	10.22	asmi	√as	verb	asmi	as	verb	MATCH	yes	yes		1	1
10	10.22	vāsavaḥ	vāsava	nominal	vāsavaḥ	vāsava	nominal	MATCH	yes	yes		1	1
10	10.22	indriyāṇām	indriya	nominal	indriyāṇāṃ	indriya	nominal	MATCH	yes	yes		1	1
10	10.22	manaḥ	manas	nominal	manaḥ	manas	nominal	MATCH	yes	yes		1	1
10	10.22	ca	ca	indecl	ca	ca	indecl	MATCH	yes	yes		1	1
10	10.22	asmi	√as	verb	asmi	as	verb	MATCH	yes	yes		1	1
10	10.22	bhūtānām	bhūta	nominal	bhūtānām	bhūta	nominal	MATCH	yes	yes		1	1
10	10.22	asmi	√as	verb	asmi	as	verb	MATCH	yes	yes		1	1
10	10.22	cetanā	cetanā	nominal	cetanā	cetanā	nominal	MATCH	yes	yes		1	1
10	10.23	rudrāṇām	rudra	nominal	rudrāṇāṃ	rudra	nominal	MATCH	yes	yes		1	1
10	10.23	śaṁkaraḥ	śaṁ-kara	nominal	śaṃkaraḥ	śaṃkara	nominal	MATCH	yes	yes		1	1
10	10.23	ca	ca	indecl	ca	ca	indecl	MATCH	yes	yes		1	1
10	10.23	asmi	√as	verb	asmi	as	verb	MATCH	yes	yes		1	1
10	10.23	vitteśaḥ	vitta-īśa	nominal	vitteśo	vitteśa	nominal	LEMMA_CONVENTION	no	yes	vowel-sandhi/contraction	1	1
10	10.23	yakṣa-rakṣasām	yakṣa-rakṣas	nominal	yakṣa|rakṣasām	yakṣa|rakṣas	nominal|nominal	COMPOUND_SPLIT	n/a	n/a		1	2
10	10.23	vasūnām	vasu	nominal	vasūnāṃ	vasu	nominal	MATCH	yes	yes		1	1
10	10.23	pāvakaḥ	pāvaka	nominal	pāvakaḥ	pāvaka	nominal	MATCH	yes	yes		1	1
10	10.23	ca	ca	indecl	ca	ca	indecl	MATCH	yes	yes		1	1
10	10.23	asmi	√as	verb	asmi	as	verb	MATCH	yes	yes		1	1
10	10.23	meruḥ	meru	nominal	meruḥ	meru	nominal	MATCH	yes	yes		1	1
10	10.23	śikhariṇām	śikharin	nominal	śikhariṇām	śikharin	nominal	MATCH	yes	yes		1	1
10	10.23	aham	asmat	nominal	aham	mad	nominal	LEMMA_CONVENTION	no	yes	pronoun-stem	1	1
10	10.24	purodhasām	purodhas	nominal	purodhasāṃ	purodhas	nominal	MATCH	yes	yes		1	1
10	10.24	ca	ca	indecl	ca	ca	indecl	MATCH	yes	yes		1	1
10	10.24	mukhyam	mukhya	nominal	mukhyaṃ|māṃ	mukhya|mad	indecl|nominal	COMPOUND_SPLIT	n/a	n/a		1	2
10	10.24	mām	asmat	nominal				DCS_ONLY				1	0
10	10.24	viddhi	√vid	verb	viddhi	vid	verb	MATCH	yes	yes		1	1
10	10.24	pārtha	pārtha	nominal	pārtha	pārtha	nominal	MATCH	yes	yes		1	1
10	10.24	bṛhaspatim	bṛhas-pati	nominal	bṛhaspatim	bṛhaspati	nominal	MATCH	yes	yes		1	1
10	10.24	senānīnām	senānin	nominal	senā|nīnām	senā|nī	nominal|indecl	COMPOUND_SPLIT	n/a	n/a		1	2
10	10.24	aham	asmat	nominal	ahaṃ	mad	nominal	LEMMA_CONVENTION	no	yes	pronoun-stem	1	1
10	10.24	skandaḥ	skanda	nominal	skandaḥ	skanda	nominal	MATCH	yes	yes		1	1
10	10.24	sarasām	saras	nominal	sarasām	saras	nominal	MATCH	yes	yes		1	1
10	10.24	asmi	√as	verb	asmi	as	verb	MATCH	yes	yes		1	1
10	10.24	sāgaraḥ	sāgara	nominal	sāgaraḥ	sāgara	nominal	MATCH	yes	yes		1	1
10	10.25	maha-rṣīṇām	maha-rṣi	nominal	mahā	mahat	indecl	LEMMA+POS_DIVERGE	no	no		1	1
10					ṛṣīṇām	ṛṣi	nominal	GOLD_ONLY				0	1
10	10.25	bhṛguḥ	bhṛgu	nominal	bhṛguḥ	bhṛgu	nominal	MATCH	yes	yes		1	1
10	10.25	aham	asmat	nominal	aham	mad	nominal	LEMMA_CONVENTION	no	yes	pronoun-stem	1	1
10	10.25	girām	gir	nominal	girām	gir	nominal	MATCH	yes	yes		1	1
10	10.25	asmi	√as	verb	asmi	as	verb	MATCH	yes	yes		1	1
10	10.25	ekam	eka	nominal	ekam	eka	indecl	POS_DIVERGE	yes	no		1	1
10	10.25	akṣaram	a-kṣara	nominal	akṣaram	akṣara	nominal	MATCH	yes	yes		1	1
10	10.25	yajñānām	yajña	nominal	yajñānāṃ	yajña	nominal	MATCH	yes	yes		1	1
10	10.25	japa-yajñaḥ	japa-yajña	nominal	japa|yajñaḥ	japa|yajña	nominal|nominal	COMPOUND_SPLIT	n/a	n/a		1	2
10	10.25	asmi	√as	verb	'smi	as	verb	MATCH	yes	yes		1	1
10	10.25	sthāvarāṇām	sthāvara	nominal	sthāvarāṇāṃ	sthāvara	nominal	MATCH	yes	yes		1	1
10	10.25	himālayaḥ	hima-ālaya	nominal	himālayaḥ	himālaya	nominal	LEMMA_CONVENTION	no	yes	vowel-sandhi/contraction	1	1
10	10.26	aśvatthaḥ	aśvattha	nominal	aśvatthaḥ	aśvattha	nominal	MATCH	yes	yes		1	1
10	10.26	sarva-vṛkṣāṇām	sarva-vṛkṣa	nominal	sarva|vṛkṣāṇām	sarva|vṛkṣa	nominal|nominal	COMPOUND_SPLIT	n/a	n/a		1	2
10	10.26	deva-rṣīṇām	deva-rṣi	nominal	deva	deva	nominal	LEMMA_DIVERGE	no	yes		1	1
10					ṛṣīṇām	ṛṣi	nominal	GOLD_ONLY				0	1
10	10.26	ca	ca	indecl	ca	ca	indecl	MATCH	yes	yes		1	1
10	10.26	nāradaḥ	nāra-da	nominal	nāradaḥ	nārada	nominal	MATCH	yes	yes		1	1
10	10.26	gandharvāṇām	gandharva	nominal	gandharvāṇāṃ	gandharva	nominal	MATCH	yes	yes		1	1
10	10.26	citrarathaḥ	citra-ratha	nominal	citrarathaḥ	citraratha	nominal	MATCH	yes	yes		1	1
10	10.26	siddhānām	siddha	nominal	siddhānāṃ	siddha	nominal	MATCH	yes	yes		1	1
10	10.26	kapilaḥ	kapila	nominal	kapilo	kapila	nominal	MATCH	yes	yes		1	1
10	10.26	muniḥ	muni	nominal	muniḥ	muni	nominal	MATCH	yes	yes		1	1
10	10.27	uccaiḥśravasam	uccaiḥ-śravas	nominal	uccaiḥśravasam	uccaiḥśravas	nominal	MATCH	yes	yes		1	1
10	10.27	aśvānām	aśva	nominal	aśvānām	aśva	nominal	MATCH	yes	yes		1	1
10	10.27	viddhi	√vid	verb	viddhi	vid	verb	MATCH	yes	yes		1	1
10	10.27	mām	asmat	nominal	mām	mad	nominal	LEMMA_CONVENTION	no	yes	pronoun-stem	1	1
10	10.27	amṛtodbhavam	amṛta-udbhava	nominal	amṛta|udbhavam	amṛta|udbhava	nominal|nominal	COMPOUND_SPLIT	n/a	n/a		1	2
10	10.27	airāvatam	airāvat	nominal	airāvataṃ	airāvata	nominal	LEMMA_CONVENTION	no	yes	vowel-sandhi/contraction	1	1
10	10.27	gajendrāṇām	gaja-indra	nominal	gaja|indrāṇām	gaja|indra	nominal|nominal	COMPOUND_SPLIT	n/a	n/a		1	2
10	10.27	narāṇām	nara	nominal	narāṇāṃ	nara	nominal	MATCH	yes	yes		1	1
10	10.27	ca	ca	indecl	ca	ca	indecl	MATCH	yes	yes		1	1
10	10.27	narādhipam	nara-adhi-pa	nominal	narādhipam	narādhipa	nominal	LEMMA_CONVENTION	no	yes	vowel-sandhi/contraction	1	1
10	10.28	āyudhānām	ā-yudha	nominal	āyudhānām	āyudha	nominal	MATCH	yes	yes		1	1
10	10.28	aham	asmat	nominal	aham	mad	nominal	LEMMA_CONVENTION	no	yes	pronoun-stem	1	1
10	10.28	vajram	vajra	nominal	vajraṃ	vajra	nominal	MATCH	yes	yes		1	1
10	10.28	dhenūnām	dhenu	nominal	dhenūnām	dhenu	nominal	MATCH	yes	yes		1	1
10	10.28	asmi	√as	verb	asmi	as	verb	MATCH	yes	yes		1	1
10	10.28	kāma-dhuk	kāma-duḥ	nominal	kāmadhuk	kāmaduh	nominal	LEMMA_DIVERGE	no	yes		1	1
10	10.28	prajanaḥ	prajana	nominal	prajanaḥ	prajana	nominal	MATCH	yes	yes		1	1
10	10.28	ca	ca	indecl	ca	ca	indecl	MATCH	yes	yes		1	1
10	10.28	asmi	√as	verb	asmi	as	verb	MATCH	yes	yes		1	1
10	10.28	kandarpaḥ	kandarpa	nominal	kandarpaḥ	kandarpa	nominal	MATCH	yes	yes		1	1
10	10.28	sarpāṇām	sarpa	nominal	sarpāṇām	sarpa	nominal	MATCH	yes	yes		1	1
10	10.28	asmi	√as	verb	asmi	as	verb	MATCH	yes	yes		1	1
10	10.28	vāsukiḥ	vāsuki	nominal	vāsukiḥ	vāsuki	nominal	MATCH	yes	yes		1	1
10	10.29	anantaḥ	an-anta	nominal	anantaḥ	ananta	nominal	MATCH	yes	yes		1	1
10	10.29	ca	ca	indecl	ca	ca	indecl	MATCH	yes	yes		1	1
10	10.29	asmi	√as	verb	asmi	as	verb	MATCH	yes	yes		1	1
10	10.29	nāgānām	nāga	nominal	nāgānāṃ	nāga	nominal	MATCH	yes	yes		1	1
10	10.29	varuṇaḥ	varuṇa	nominal	varuṇo	varuṇa	nominal	MATCH	yes	yes		1	1
10	10.29	yādasām	yādas	nominal	yādasām	yādas	nominal	MATCH	yes	yes		1	1
10	10.29	aham	asmat	nominal	aham	mad	nominal	LEMMA_CONVENTION	no	yes	pronoun-stem	1	1
10	10.29	pitṝṇām	pitṛ	nominal	pitṝṇām	pitṛ	nominal	MATCH	yes	yes		1	1
10	10.29	aryamā	arya-man	nominal	aryamā	aryaman	nominal	MATCH	yes	yes		1	1
10	10.29	ca	ca	indecl	ca	ca	indecl	MATCH	yes	yes		1	1
10	10.29	asmi	√as	verb	asmi	as	verb	MATCH	yes	yes		1	1
10	10.29	yamaḥ	yama	nominal	yamaḥ	yama	nominal	MATCH	yes	yes		1	1
10	10.29	saṁyamatām	saṁyamant	nominal	saṃyamatām	saṃyam	verb	LEMMA+POS_DIVERGE	no	no		1	1
10	10.29	aham	asmat	nominal	aham	mad	nominal	LEMMA_CONVENTION	no	yes	pronoun-stem	1	1
10	10.30	prahlādaḥ	prahlāda	nominal	prahlādaḥ	prahlāda	nominal	MATCH	yes	yes		1	1
10	10.30	ca	ca	indecl	ca	ca	indecl	MATCH	yes	yes		1	1
10	10.30	asmi	√as	verb	asmi	as	verb	MATCH	yes	yes		1	1
10	10.30	daityānām	daitya	nominal	daityānāṃ	daitya	nominal	MATCH	yes	yes		1	1
10	10.30	kālaḥ	kāla	nominal	kālaḥ	kāla	nominal	MATCH	yes	yes		1	1
10	10.30	kalayatām	kalayant	nominal	kalayatām	kalay	verb	LEMMA+POS_DIVERGE	no	no		1	1
10	10.30	aham	asmat	nominal	aham	mad	nominal	LEMMA_CONVENTION	no	yes	pronoun-stem	1	1
10	10.30	mṛgāṇām	mṛga	nominal	mṛgāṇāṃ	mṛga	nominal	MATCH	yes	yes		1	1
10	10.30	ca	ca	indecl	ca	ca	indecl	MATCH	yes	yes		1	1
10	10.30	mṛgendraḥ	mṛga-indra	nominal	mṛgendro	mṛgendra	nominal	LEMMA_CONVENTION	no	yes	vowel-sandhi/contraction	1	1
10	10.30	aham	asmat	nominal	'haṃ	mad	nominal	LEMMA_CONVENTION	no	yes	pronoun-stem	1	1
10	10.30	vainateyaḥ	vainateya	nominal	vainateyaḥ	vainateya	nominal	MATCH	yes	yes		1	1
10	10.30	ca	ca	indecl	ca	ca	indecl	MATCH	yes	yes		1	1
10	10.30	pakṣiṇām	pakṣin	nominal	pakṣiṇām	pakṣin	nominal	MATCH	yes	yes		1	1
10	10.31	pavanaḥ	pavan	nominal	pavanaḥ	pavana	nominal	LEMMA_CONVENTION	no	yes	vowel-sandhi/contraction	1	1
10	10.31	pavatām	pavant	nominal	pavatām	pū	verb	LEMMA+POS_DIVERGE	no	no		1	1
10	10.31	asmi	√as	verb	asmi	as	verb	MATCH	yes	yes		1	1
10	10.31	rāmaḥ	rāma	nominal	rāmaḥ	rāma	nominal	MATCH	yes	yes		1	1
10	10.31	śastra-bhṛtām	śastra-bhṛt	nominal	śastrabhṛtām	śastrabhṛt	nominal	MATCH	yes	yes		1	1
10	10.31	aham	asmat	nominal	aham	mad	nominal	LEMMA_CONVENTION	no	yes	pronoun-stem	1	1
10	10.31	jhaṣāṇām	jhaṣa	nominal	jhaṣāṇāṃ	jhaṣa	nominal	MATCH	yes	yes		1	1
10	10.31	makaraḥ	makara	nominal	makaraḥ	makara	nominal	MATCH	yes	yes		1	1
10	10.31	ca	ca	indecl	ca	ca	indecl	MATCH	yes	yes		1	1
10	10.31	asmi	√as	verb	asmi	as	verb	MATCH	yes	yes		1	1
10	10.31	srotasām	srotas	nominal	srotasām	srotas	nominal	MATCH	yes	yes		1	1
10	10.31	asmi	√as	verb	asmi	as	verb	MATCH	yes	yes		1	1
10	10.31	jāhnavī	jāhnavī	nominal	jāhnavī	jāhnavī	nominal	MATCH	yes	yes		1	1
10	10.32	sargāṇām	sarga	nominal	sargāṇām	sarga	nominal	MATCH	yes	yes		1	1
10	10.32	ādiḥ	ādi	nominal	ādiḥ	ādi	nominal	MATCH	yes	yes		1	1
10	10.32	antaḥ	anta	nominal	antaḥ	anta	nominal	MATCH	yes	yes		1	1
10	10.32	ca	ca	indecl	ca	ca	indecl	MATCH	yes	yes		1	1
10	10.32	madhyam	madhya	nominal	madhyaṃ	madhya	nominal	MATCH	yes	yes		1	1
10	10.32	ca	ca	indecl	ca	ca	indecl	MATCH	yes	yes		1	1
10	10.32	eva	eva	indecl	eva	eva	indecl	MATCH	yes	yes		1	1
10	10.32	aham	asmat	nominal	aham	mad	nominal	LEMMA_CONVENTION	no	yes	pronoun-stem	1	1
10	10.32	arjuna	arjuna	nominal	arjuna	arjuna	nominal	MATCH	yes	yes		1	1
10	10.32	adhy-ātma-vidyā	adhi-ātma-vidyā	nominal	adhyātma|vidyā	adhyātma|vidyā	nominal|nominal	COMPOUND_SPLIT	n/a	n/a		1	2
10	10.32	vidyānām	vidya	nominal	vidyānāṃ	vidyā	nominal	LEMMA_CONVENTION	no	yes	vowel-sandhi/contraction	1	1
10	10.32	vādaḥ	vāda	nominal	vādaḥ	vāda	nominal	MATCH	yes	yes		1	1
10	10.32	pravadatām	pravadant	nominal	pravadatām	pravad	verb	LEMMA+POS_DIVERGE	no	no		1	1
10	10.32	aham	asmat	nominal	aham	mad	nominal	LEMMA_CONVENTION	no	yes	pronoun-stem	1	1
10	10.33	akṣarāṇām	a-kṣara	nominal	akṣarāṇām	akṣara	nominal	MATCH	yes	yes		1	1
10	10.33	akāraḥ	a-kāra	nominal	akāraḥ	akāra	nominal	MATCH	yes	yes		1	1
10	10.33	asmi	√as	verb	'smi	as	verb	MATCH	yes	yes		1	1
10	10.33	dvaṁdvaḥ	dvaṁdva	nominal	dvaṃdvaḥ	dvaṃdva	nominal	MATCH	yes	yes		1	1
10	10.33	sāmāsikasya	sāmāsika	nominal	sāmāsikasya	sāmāsika	nominal	MATCH	yes	yes		1	1
10	10.33	ca	ca	indecl	ca	ca	indecl	MATCH	yes	yes		1	1
10	10.33	aham	asmat	nominal	aham	mad	nominal	LEMMA_CONVENTION	no	yes	pronoun-stem	1	1
10	10.33	eva	eva	indecl	eva	eva	indecl	MATCH	yes	yes		1	1
10	10.33	akṣayaḥ	a-kṣaya	nominal	akṣayaḥ	akṣaya	indecl	POS_DIVERGE	yes	no		1	1
10	10.33	kālaḥ	kāla	nominal	kālo	kāla	nominal	MATCH	yes	yes		1	1
10	10.33	dhātā	dhātṛ	nominal	dhātā	dhātṛ	nominal	MATCH	yes	yes		1	1
10	10.33	ahaṁ	asmat	nominal	aham	mad	nominal	LEMMA_CONVENTION	no	yes	pronoun-stem	1	1
10	10.33	viśvato-mukhaḥ	viśvato-mukha	nominal	viśvatomukhaḥ	viśvatomukha	indecl	POS_DIVERGE	yes	no		1	1
10	10.34	mṛtyuḥ	mṛtyu	nominal	mṛtyuḥ	mṛtyu	nominal	MATCH	yes	yes		1	1
10	10.34	sarva-haraḥ	sarva-hara	nominal	sarva|haraḥ	sarva|hara	nominal|indecl	COMPOUND_SPLIT	n/a	n/a		1	2
10	10.34	ca	ca	indecl	ca	ca	indecl	MATCH	yes	yes		1	1
10	10.34	aham	asmat	nominal	aham	mad	nominal	LEMMA_CONVENTION	no	yes	pronoun-stem	1	1
10	10.34	udbhavaḥ	ud-bhava	nominal	udbhavaḥ	udbhava	nominal	MATCH	yes	yes		1	1
10	10.34	ca	ca	indecl	ca	ca	indecl	MATCH	yes	yes		1	1
10	10.34	bhaviṣyatām	bhaviṣyant	nominal	bhaviṣyatām	bhū	verb	LEMMA+POS_DIVERGE	no	no		1	1
10	10.34	kīrtiḥ	kīrti	nominal	kīrtiḥ	kīrti	nominal	MATCH	yes	yes		1	1
10	10.34	śrīḥ	śrī	nominal	śrīḥ	śrī	nominal	MATCH	yes	yes		1	1
10	10.34	vāk	vāk	nominal	vāc	vāc	nominal	LEMMA_DIVERGE	no	yes		1	1
10	10.34	ca	ca	indecl	ca	ca	indecl	MATCH	yes	yes		1	1
10	10.34	nārīṇām	nārī	nominal	nārīṇāṃ	nārī	nominal	MATCH	yes	yes		1	1
10	10.34	smṛtiḥ	smṛti	nominal	smṛtiḥ	smṛti	nominal	MATCH	yes	yes		1	1
10	10.34	medhā	medhā	nominal	medhā	medhā	nominal	MATCH	yes	yes		1	1
10	10.34	dhṛtiḥ	dhṛti	nominal	dhṛtiḥ	dhṛti	nominal	MATCH	yes	yes		1	1
10	10.34	kṣamā	kṣamā	nominal	kṣamā	kṣamā	nominal	MATCH	yes	yes		1	1
10	10.35	bṛhat-sāma	bṛhat-sāman	nominal	bṛhatsāma	bṛhatsāman	nominal	MATCH	yes	yes		1	1
10	10.35	tathā	tathā	indecl	tathā	tathā	indecl	MATCH	yes	yes		1	1
10	10.35	sāmnām	sāman	nominal	sāmnāṃ	sāman	nominal	MATCH	yes	yes		1	1
10	10.35	gāyatrī	gāyatrī	nominal	gāyatrī	gāyatrī	nominal	MATCH	yes	yes		1	1
10	10.35	chandasām	chandas	nominal	chandasām	chandas	nominal	MATCH	yes	yes		1	1
10	10.35	aham	asmat	nominal	aham	mad	nominal	LEMMA_CONVENTION	no	yes	pronoun-stem	1	1
10	10.35	māsānām	māsa	nominal	māsānāṃ	māsa	nominal	MATCH	yes	yes		1	1
10	10.35	mārgaśīrṣaḥ	mārga-śīrṣa	nominal	mārgaśīrṣo	mārgaśīrṣa	nominal	MATCH	yes	yes		1	1
10	10.35	aham	asmat	nominal	'ham	mad	nominal	LEMMA_CONVENTION	no	yes	pronoun-stem	1	1
10	10.35	ṛtūnām	ṛtu	nominal	ṛtūnāṃ	ṛtu	nominal	MATCH	yes	yes		1	1
10	10.35	kusumā-karaḥ	kusuma-ākara	nominal	kusumākaraḥ	kusumākara	nominal	LEMMA_CONVENTION	no	yes	vowel-sandhi/contraction	1	1
10	10.36	dyūtam	dyūta	nominal	dyūtaṃ	dyūta	nominal	MATCH	yes	yes		1	1
10	10.36	chalayatām	chalayant	nominal	chalayatām	chalay	verb	LEMMA+POS_DIVERGE	no	no		1	1
10	10.36	asmi	√as	verb	asmi	as	verb	MATCH	yes	yes		1	1
10	10.36	tejaḥ	tejas	nominal	tejaḥ	tejas	nominal	MATCH	yes	yes		1	1
10	10.36	tejasvinām	tejasvin	nominal	tejasvinām	tejasvin	indecl	POS_DIVERGE	yes	no		1	1
10	10.36	aham	asmat	nominal	aham	mad	nominal	LEMMA_CONVENTION	no	yes	pronoun-stem	1	1
10	10.36	jayaḥ	jaya	nominal	jayo	jaya	nominal	MATCH	yes	yes		1	1
10	10.36	asmi	√as	verb	'smi	as	verb	MATCH	yes	yes		1	1
10	10.36	vyavasāyaḥ	vyavasāya	nominal	vyavasāyo	vyavasāya	nominal	MATCH	yes	yes		1	1
10	10.36	asmi	√as	verb	'smi	as	verb	MATCH	yes	yes		1	1
10	10.36	sattvam	sattva	nominal	sattvaṃ	sattva	nominal	MATCH	yes	yes		1	1
10	10.36	sattvavatām	sattva-vant	nominal	sattvavatām	sattvavat	indecl	LEMMA_CONVENTION+POS_DIVERGE	no	no	final-t/d+n	1	1
10	10.36	aham	asmat	nominal	aham	mad	nominal	LEMMA_CONVENTION	no	yes	pronoun-stem	1	1
10	10.37	vṛṣṇīnām	vṛṣṇi	nominal	vṛṣṇīnāṃ	vṛṣṇi	nominal	MATCH	yes	yes		1	1
10	10.37	vāsudevaḥ	vāsudeva	nominal	vāsudevo	vāsudeva	nominal	MATCH	yes	yes		1	1
10	10.37	asmi	√as	verb	'smi	as	verb	MATCH	yes	yes		1	1
10	10.37	pāṇḍavānām	pāṇḍava	nominal	pāṇḍavānāṃ	pāṇḍava	nominal	MATCH	yes	yes		1	1
10	10.37	dhanaṁjayaḥ	dhanaṁ-jaya	nominal	dhanaṃjayaḥ	dhanaṃjaya	nominal	MATCH	yes	yes		1	1
10	10.37	munīnām	muni	nominal	munīnām	muni	nominal	MATCH	yes	yes		1	1
10	10.37	api	api	indecl	api	api	indecl	MATCH	yes	yes		1	1
10	10.37	aham	asmat	nominal	aham	mad	nominal	LEMMA_CONVENTION	no	yes	pronoun-stem	1	1
10	10.37	vyāsaḥ	vyāsa	nominal	vyāsaḥ	vyāsa	nominal	MATCH	yes	yes		1	1
10	10.37	kavīnām	kavi	nominal	kavīnām	kavi	nominal	MATCH	yes	yes		1	1
10	10.37	uśanā	uśanas	nominal	uśanā	uśanas	nominal	MATCH	yes	yes		1	1
10	10.37	kaviḥ	kavi	nominal	kaviḥ	kavi	nominal	MATCH	yes	yes		1	1
10	10.38	daṇḍaḥ	daṇḍa	nominal	daṇḍo	daṇḍa	nominal	MATCH	yes	yes		1	1
10	10.38	damayatām	damayant	nominal	damayatām	damay	verb	LEMMA+POS_DIVERGE	no	no		1	1
10	10.38	asmi	√as	verb	asmi	as	verb	MATCH	yes	yes		1	1
10	10.38	nītiḥ	nīti	nominal	nītiḥ	nīti	nominal	MATCH	yes	yes		1	1
10	10.38	asmi	√as	verb	asmi	as	verb	MATCH	yes	yes		1	1
10	10.38	jigīṣatām	jigīṣant	nominal	jigīṣatām	jigīṣ	verb	LEMMA+POS_DIVERGE	no	no		1	1
10	10.38	maunam	mauna	nominal	maunaṃ	mauna	nominal	MATCH	yes	yes		1	1
10	10.38	ca	ca	indecl	ca	ca	indecl	MATCH	yes	yes		1	1
10	10.38	eva	eva	indecl	eva	eva	indecl	MATCH	yes	yes		1	1
10	10.38	asmi	√as	verb	asmi	as	verb	MATCH	yes	yes		1	1
10	10.38	guhyānām	guhya	nominal	guhyānāṃ	guhya	nominal	MATCH	yes	yes		1	1
10	10.38	jñānam	jñāna	nominal	jñānaṃ	jñāna	nominal	MATCH	yes	yes		1	1
10	10.38	jñānavatām	jñāna-vant	nominal	jñānavatām	jñānavat	indecl	LEMMA_CONVENTION+POS_DIVERGE	no	no	final-t/d+n	1	1
10	10.38	aham	asmat	nominal	aham	mad	nominal	LEMMA_CONVENTION	no	yes	pronoun-stem	1	1
10	10.39	yat	yat	nominal	yat	yad	nominal	LEMMA_CONVENTION	no	yes	pronoun-stem	1	1
10	10.39	ca	ca	indecl	ca	ca	indecl	MATCH	yes	yes		1	1
10	10.39	api	api	indecl	api	api	indecl	MATCH	yes	yes		1	1
10	10.39	sarva-bhūtānām	sarva-bhūta	nominal	sarva|bhūtānām	sarva|bhūta	nominal|nominal	COMPOUND_SPLIT	n/a	n/a		1	2
10	10.39	bījam	bīja	nominal	bījaṃ	bīja	nominal	MATCH	yes	yes		1	1
10	10.39	tat	tat	nominal	tat	tad	nominal	LEMMA_CONVENTION	no	yes	pronoun-stem	1	1
10	10.39	aham	asmat	nominal	aham	mad	nominal	LEMMA_CONVENTION	no	yes	pronoun-stem	1	1
10	10.39	arjuna	arjuna	nominal	arjuna	arjuna	nominal	MATCH	yes	yes		1	1
10	10.39	na	na	indecl	na	na	indecl	MATCH	yes	yes		1	1
10	10.39	tat	tat	nominal	tat	tad	nominal	LEMMA_CONVENTION	no	yes	pronoun-stem	1	1
10	10.39	asti	√as	verb	asti	as	verb	MATCH	yes	yes		1	1
10	10.39	vinā	vinā	indecl	vinā	vinā	indecl	MATCH	yes	yes		1	1
10	10.39	yat	yat	nominal	yat	yad	nominal	LEMMA_CONVENTION	no	yes	pronoun-stem	1	1
10	10.39	syāt	√as	verb	syāt	as	verb	MATCH	yes	yes		1	1
10	10.39	mayā	asmat	nominal	mayā	mad	nominal	LEMMA_CONVENTION	no	yes	pronoun-stem	1	1
10	10.39	bhūtam	bhūta	nominal	bhūtaṃ	bhū	verb	LEMMA+POS_DIVERGE	no	no		1	1
10	10.39	carācaram	cara-acara	nominal	carācaram	carācara	nominal	LEMMA_CONVENTION	no	yes	vowel-sandhi/contraction	1	1
10	10.40	na	na	indecl	na	na	indecl	MATCH	yes	yes		1	1
10	10.40	antaḥ	anta	nominal	antaḥ	anta	nominal	MATCH	yes	yes		1	1
10	10.40	asti	√as	verb	'sti	as	verb	MATCH	yes	yes		1	1
10	10.40	mama	asmat	nominal	mama	mad	nominal	LEMMA_CONVENTION	no	yes	pronoun-stem	1	1
10	10.40	divyānām	divya	nominal	divyānāṃ	divya	indecl	POS_DIVERGE	yes	no		1	1
10	10.40	vibhūtīnām	vibhūti	nominal	vibhūtīnāṃ	vibhūti	nominal	MATCH	yes	yes		1	1
10	10.40	paraṁtapa	param-tapa	nominal	paraṃtapa	paraṃtapa	indecl	LEMMA_CONVENTION+POS_DIVERGE	no	no	nasal-class	1	1
10	10.40	eṣaḥ	etad	nominal	eṣa	etad	nominal	MATCH	yes	yes		1	1
10	10.40	tu	tu	indecl	tu	tu	indecl	MATCH	yes	yes		1	1
10	10.40	uddeśataḥ	uddeśataḥ	indecl	uddeśataḥ	uddeśa	nominal	LEMMA+POS_DIVERGE	no	no		1	1
10	10.40	proktaḥ	prokta	nominal	prokto	pravac	verb	LEMMA+POS_DIVERGE	no	no		1	1
10	10.40	vibhūteḥ	vibhūti	nominal	vibhūteḥ	vibhūti	nominal	MATCH	yes	yes		1	1
10	10.40	vistaraḥ	vistara	nominal	vistaraḥ	vistara	nominal	MATCH	yes	yes		1	1
10	10.40	mayā	asmat	nominal	mayā	mad	nominal	LEMMA_CONVENTION	no	yes	pronoun-stem	1	1
10	10.41	yad yad	yat	nominal	yat	yad	nominal	LEMMA_CONVENTION	no	yes	pronoun-stem	1	1
10					yat	yad	nominal	GOLD_ONLY				0	1
10	10.41	vibhūtimat	vibhūti-mant	nominal	vibhūtimat	vibhūtimat	indecl	LEMMA_CONVENTION+POS_DIVERGE	no	no	final-t/d+n	1	1
10	10.41	sattvam	sattva	nominal	sattvam	sattva	nominal	MATCH	yes	yes		1	1
10	10.41	śrīmat	śrī-mant	nominal	śrīmat	śrīmat	indecl	LEMMA_CONVENTION+POS_DIVERGE	no	no	final-t/d+n	1	1
10	10.41	ūrjitam	ūrjita	nominal	ūrjitam	ūrjay	verb	LEMMA+POS_DIVERGE	no	no		1	1
10	10.41	eva	eva	indecl	eva	eva	indecl	MATCH	yes	yes		1	1
10	10.41	vā	vā	indecl	vā	vā	indecl	MATCH	yes	yes		1	1
10	10.41	tat tat	tat	nominal	tat|tat	tad|tad	nominal|nominal	COMPOUND_SPLIT	n/a	n/a		1	2
10	10.41	eva	eva	indecl	eva	eva	indecl	MATCH	yes	yes		1	1
10	10.41	avagaccha	ava-√gam	verb	avagaccha	avagam	verb	MATCH	yes	yes		1	1
10	10.41	tvam	yuṣmat	nominal	tvaṃ	tvad	nominal	LEMMA_CONVENTION	no	yes	pronoun-stem	1	1
10	10.41	mama	asmat	nominal	mama	mad	nominal	LEMMA_CONVENTION	no	yes	pronoun-stem	1	1
10	10.41	tejo-‘ṁśa-saṁbhavam	tejaḥ-aṁśa-saṁbhava	nominal	tejaḥ|aṃśa|saṃbhavam	tejas|aṃśa|sambhava	nominal|nominal|nominal	COMPOUND_SPLIT	n/a	n/a		1	3
10	10.42	atha|vā	atha|vā	indecl|indecl	athavā	athavā	indecl	MERGE	n/a	n/a		2	1
10	10.42	bahunā	bahu	nominal	bahunā	bahu	indecl	POS_DIVERGE	yes	no		1	1
10	10.42	etena	etat	nominal	etena	etad	nominal	LEMMA_CONVENTION	no	yes	pronoun-stem	1	1
10	10.42	kim	kim	indecl	kiṃ	ka	nominal	LEMMA_CONVENTION+POS_DIVERGE	no	no	pronoun-stem	1	1
10	10.42	jñātena	jñāta	nominal	jñātena	jñā	verb	LEMMA+POS_DIVERGE	no	no		1	1
10	10.42	tava	yuṣmat	nominal	tava	tvad	nominal	LEMMA_CONVENTION	no	yes	pronoun-stem	1	1
10	10.42	arjuna	arjuna	nominal	arjuna	arjuna	nominal	MATCH	yes	yes		1	1
10	10.42	viṣṭabhya	vi-√stambh	unknown	viṣṭabhya	viṣṭambh	verb	LEMMA+POS_DIVERGE	no	no		1	1
10	10.42	aham	asmat	nominal	aham	mad	nominal	LEMMA_CONVENTION	no	yes	pronoun-stem	1	1
10	10.42	idam	idam	nominal	idam	idam	nominal	MATCH	yes	yes		1	1
10	10.42	kṛtsnam	kṛtsna	nominal	kṛtsnam	kṛtsna	indecl	POS_DIVERGE	yes	no		1	1
10	10.42	ekāṁśena	eka-aṁśa	nominal	eka|aṃśena	eka|aṃśa	indecl|nominal	COMPOUND_SPLIT	n/a	n/a		1	2
10	10.42	sthitaḥ	sthita	nominal	sthito	sthā	verb	LEMMA+POS_DIVERGE	no	no		1	1
10	10.42	jagat	jagat	nominal	jagat	jagant	nominal	LEMMA_CONVENTION	no	yes	final-t/d+n	1	1
11	11.01	arjunaḥ	arjuna	nominal	arjuna	arjuna	nominal	MATCH	yes	yes		1	1
11	11.01	uvāca	√vac	verb	uvāca	vac	verb	MATCH	yes	yes		1	1
11	11.01	mad-anugrahāya	mad-anugraha	nominal	mad|anugrahāya	mad|anugraha	nominal|nominal	COMPOUND_SPLIT	n/a	n/a		1	2
11	11.01	paramam	parama	nominal	paramaṃ	parama	indecl	POS_DIVERGE	yes	no		1	1
11	11.01	guhyam	guhya	nominal	guhyam	guhya	nominal	MATCH	yes	yes		1	1
11	11.01	adhyātma-saṁjñitam	adhy-ātma-saṁjñita	nominal	adhyātma|saṃjñitam	adhyātma|saṃjñita	nominal|indecl	COMPOUND_SPLIT	n/a	n/a		1	2
11	11.01	yat	yat	nominal	yat	yad	nominal	LEMMA_CONVENTION	no	yes	pronoun-stem	1	1
11	11.01	tvayā	yuṣmat	nominal	tvayā	tvad	nominal	LEMMA_CONVENTION	no	yes	pronoun-stem	1	1
11	11.01	uktam	ukta	nominal	uktam	vac	verb	LEMMA+POS_DIVERGE	no	no		1	1
11	11.01	vacaḥ	vacas	nominal	vacaḥ	vacas	nominal	MATCH	yes	yes		1	1
11	11.01	tena	tat	nominal	tena	tad	nominal	LEMMA_CONVENTION	no	yes	pronoun-stem	1	1
11	11.01	mohaḥ	moha	nominal	moho	moha	nominal	MATCH	yes	yes		1	1
11	11.01	ayam	idam	nominal	'yaṃ	idam	nominal	MATCH	yes	yes		1	1
11	11.01	vigataḥ	vigata	nominal	vigato	vigam	verb	LEMMA+POS_DIVERGE	no	no		1	1
11	11.01	mama	asmat	nominal	mama	mad	nominal	LEMMA_CONVENTION	no	yes	pronoun-stem	1	1
11	11.02	bhavāpyayau	bhava-apyaya	nominal	bhava|apyayau	bhava|apyaya	nominal|nominal	COMPOUND_SPLIT	n/a	n/a		1	2
11	11.02	hi	hi	indecl	hi	hi	indecl	MATCH	yes	yes		1	1
11	11.02	bhūtānām	bhūta	nominal	bhūtānāṃ	bhūta	nominal	MATCH	yes	yes		1	1
11	11.02	śrutau	śruta	nominal	śrutau	śru	verb	LEMMA+POS_DIVERGE	no	no		1	1
11	11.02	vistaraśaḥ	vistaraśaḥ	indecl	vistaraśo	vistaraśaḥ	indecl	MATCH	yes	yes		1	1
11	11.02	mayā	asmat	nominal	mayā	mad	nominal	LEMMA_CONVENTION	no	yes	pronoun-stem	1	1
11	11.02	tvattaḥ	tvattaḥ	indecl	tvattaḥ	tvad	nominal	LEMMA+POS_DIVERGE	no	no		1	1
11	11.02	kamala-patrākṣa	kamala-patra-akṣa	nominal	kamala|patra|akṣa	kamala|pattra|akṣa	nominal|nominal|nominal	COMPOUND_SPLIT	n/a	n/a		1	3
11	11.02	māhātmyam	māhā-ātmya	nominal	māhātmyam	māhātmya	nominal	LEMMA_CONVENTION	no	yes	vowel-sandhi/contraction	1	1
11	11.02	api	api	indecl	api	api	indecl	MATCH	yes	yes		1	1
11	11.02	ca	ca	indecl	ca	ca	indecl	MATCH	yes	yes		1	1
11	11.02	avyayam	a-vyaya	nominal	avyayam	avyaya	indecl	POS_DIVERGE	yes	no		1	1
11	11.03	evam	evam	indecl	evam	evam	indecl	MATCH	yes	yes		1	1
11	11.03	etat	etat	nominal	etat	etad	nominal	LEMMA_CONVENTION	no	yes	pronoun-stem	1	1
11	11.03	yathā	yathā	indecl	yathā	yathā	indecl	MATCH	yes	yes		1	1
11	11.03	āttha	√ah	verb	āttha	ah	verb	MATCH	yes	yes		1	1
11	11.03	tvam	yuṣmat	nominal	tvam	tvad	nominal	LEMMA_CONVENTION	no	yes	pronoun-stem	1	1
11	11.03	ātmānam	ātman	nominal	ātmānam	ātman	nominal	MATCH	yes	yes		1	1
11	11.03	parameśvara	parama-īśvara	nominal	parameśvara	parameśvara	nominal	LEMMA_CONVENTION	no	yes	vowel-sandhi/contraction	1	1
11	11.03	draṣṭum	√dṛś	unknown	draṣṭum	dṛś	verb	POS_DIVERGE	yes	no		1	1
11	11.03	icchāmi	√iṣ	verb	icchāmi	iṣ	verb	MATCH	yes	yes		1	1
11	11.03	te	yuṣmat	nominal	te	tvad	nominal	LEMMA_CONVENTION	no	yes	pronoun-stem	1	1
11	11.03	rūpam	rūpa	nominal	rūpam	rūpa	nominal	MATCH	yes	yes		1	1
11	11.03	aiśvaram	aiśvara	nominal	aiśvaram	aiśvara	indecl	POS_DIVERGE	yes	no		1	1
11	11.03	puruṣottama	puruṣa-uttama	nominal	puruṣottama	puruṣottama	nominal	LEMMA_CONVENTION	no	yes	vowel-sandhi/contraction	1	1
11	11.04	manyase	√man	verb	manyase	man	verb	MATCH	yes	yes		1	1
11	11.04	yadi	yadi	indecl	yadi	yadi	indecl	MATCH	yes	yes		1	1
11	11.04	tat	tat	nominal	tat	tad	nominal	LEMMA_CONVENTION	no	yes	pronoun-stem	1	1
11	11.04	śakyam	śakya	nominal	śakyam	śakya	indecl	POS_DIVERGE	yes	no		1	1
11	11.04	mayā	asmat	nominal	mayā	mad	nominal	LEMMA_CONVENTION	no	yes	pronoun-stem	1	1
11	11.04	draṣṭum	√dṛś	unknown	draṣṭum	dṛś	verb	POS_DIVERGE	yes	no		1	1
11	11.04	iti	iti	indecl	iti	iti	indecl	MATCH	yes	yes		1	1
11	11.04	prabho	pra-bhu	nominal	prabho	prabhu	nominal	MATCH	yes	yes		1	1
11	11.04	yogeśvara	yoga-īśvara	nominal	yoga|īśvara	yoga|īśvara	nominal|nominal	COMPOUND_SPLIT	n/a	n/a		1	2
11	11.04	tataḥ	tataḥ	indecl	tato	tatas	indecl	LEMMA_CONVENTION	no	yes	adverb--tas/-taḥ	1	1
11	11.04	me	asmat	nominal	me	mad	nominal	LEMMA_CONVENTION	no	yes	pronoun-stem	1	1
11	11.04	tvam	yuṣmat	nominal	tvaṃ	tvad	nominal	LEMMA_CONVENTION	no	yes	pronoun-stem	1	1
11	11.04	darśaya	√dṛś	verb	darśaya	darśay	verb	LEMMA_DIVERGE	no	yes		1	1
11	11.04	ātmānam	ātman	nominal	ātmānam	ātman	nominal	MATCH	yes	yes		1	1
11	11.04	avyayam	a-vyaya	nominal	avyayam	avyaya	indecl	POS_DIVERGE	yes	no		1	1
11	11.05	śrī-bhagavān	śrī-bhagavant	nominal	śrī|bhagavān	śrī|bhagavant	nominal|nominal	COMPOUND_SPLIT	n/a	n/a		1	2
11	11.05	uvāca	√vac	verb	uvāca	vac	verb	MATCH	yes	yes		1	1
11	11.05	paśya	√dṛś	verb	paśya	paś	verb	LEMMA_DIVERGE	no	yes		1	1
11	11.05	me	asmat	nominal	me	mad	nominal	LEMMA_CONVENTION	no	yes	pronoun-stem	1	1
11	11.05	pārtha	pārtha	nominal	pārtha	pārtha	nominal	MATCH	yes	yes		1	1
11	11.05	rūpāṇi	rūpa	nominal	rūpāṇi	rūpa	nominal	MATCH	yes	yes		1	1
11	11.05	śataśaḥ	śataśaḥ	indecl	śataśo	śataśas	indecl	LEMMA_CONVENTION	no	yes	adverb--tas/-taḥ	1	1
11	11.05	atha	atha	indecl	'tha	atha	indecl	MATCH	yes	yes		1	1
11	11.05	sahasraśaḥ	sahasraśaḥ	indecl	sahasraśaḥ	sahasraśas	indecl	LEMMA_CONVENTION	no	yes	adverb--tas/-taḥ	1	1
11	11.05	nānā-vidhāni	nānā-vidha	nominal	nānāvidhāni	nānāvidha	indecl	POS_DIVERGE	yes	no		1	1
11	11.05	divyāni	divya	nominal	divyāni	divya	indecl	POS_DIVERGE	yes	no		1	1
11	11.05	nānā-varṇākṛtīni	nānā-varṇa-ākṛti	nominal	nānā|varṇa|ākṛtīni	nānā|varṇa|ākṛti	indecl|nominal|nominal	COMPOUND_SPLIT	n/a	n/a		1	3
11	11.05	ca	ca	indecl	ca	ca	indecl	MATCH	yes	yes		1	1
11	11.06	paśya	√dṛś	verb	paśya	paś	verb	LEMMA_DIVERGE	no	yes		1	1
11	11.06	ādityān	āditya	nominal	ādityān	āditya	nominal	MATCH	yes	yes		1	1
11	11.06	vasūn	vasu	nominal	vasūn	vasu	nominal	MATCH	yes	yes		1	1
11	11.06	rudrān	rudra	nominal	rudrān	rudra	nominal	MATCH	yes	yes		1	1
11	11.06	aśvinau	aśvin	nominal	aśvinau	aśvin	nominal	MATCH	yes	yes		1	1
11	11.06	marutaḥ	mārut	nominal	marutaḥ	marut	nominal	LEMMA_CONVENTION	no	yes	vowel-sandhi/contraction	1	1
11	11.06	tathā	tathā	indecl	tathā	tathā	indecl	MATCH	yes	yes		1	1
11	11.06	bahūni	bahu	nominal	bahūni	bahu	indecl	POS_DIVERGE	yes	no		1	1
11	11.06	adṛṣṭa-pūrvāṇi	adṛṣṭa-pūrva	nominal	adṛṣṭa|pūrvāṇi	adṛṣṭa|pūrva	indecl|nominal	COMPOUND_SPLIT	n/a	n/a		1	2
11	11.06	paśya	√dṛś	verb	paśya	paś	verb	LEMMA_DIVERGE	no	yes		1	1
11	11.06	āścaryāṇi	āścarya	nominal	āścaryāṇi	āścarya	nominal	MATCH	yes	yes		1	1
11	11.06	bhārata	bhārata	nominal	bhārata	bhārata	nominal	MATCH	yes	yes		1	1
11	11.07	iha	iha	indecl	iha	iha	indecl	MATCH	yes	yes		1	1
11	11.07	eka-stham	eka-stha	nominal	ekastham	ekastha	indecl	POS_DIVERGE	yes	no		1	1
11	11.07	jagat	jagat	nominal	jagat	jagant	nominal	LEMMA_CONVENTION	no	yes	final-t/d+n	1	1
11	11.07	kṛtsnam	kṛtsna	nominal	kṛtsnam	kṛtsna	indecl	POS_DIVERGE	yes	no		1	1
11	11.07	paśya	√dṛś	verb	paśya	paś	verb	LEMMA_DIVERGE	no	yes		1	1
11	11.07	a-dya	a-dya	indecl	adya	adya	indecl	MATCH	yes	yes		1	1
11	11.07	sa-carācaram	sa-cara-acara	nominal	sacarācaram	sacarācara	nominal	LEMMA_CONVENTION	no	yes	vowel-sandhi/contraction	1	1
11	11.07	mama	asmat	nominal	mama	mad	nominal	LEMMA_CONVENTION	no	yes	pronoun-stem	1	1
11	11.07	dehe	deha	nominal	dehe	deha	nominal	MATCH	yes	yes		1	1
11	11.07	guḍākeśa	guḍākeśa	nominal	guḍākeśa	guḍākeśa	nominal	MATCH	yes	yes		1	1
11	11.07	yat	yat	nominal	yat	yad	nominal	LEMMA_CONVENTION	no	yes	pronoun-stem	1	1
11	11.07	ca	ca	indecl	ca	ca	indecl	MATCH	yes	yes		1	1
11	11.07	anyat	anya	nominal	anyat	anya	nominal	MATCH	yes	yes		1	1
11	11.07	draṣṭum	√dṛś	unknown	draṣṭum	dṛś	verb	POS_DIVERGE	yes	no		1	1
11	11.07	icchasi	√iṣ	verb	icchasi	iṣ	verb	MATCH	yes	yes		1	1
11	11.08	na	na	indecl	na	na	indecl	MATCH	yes	yes		1	1
11	11.08	tu	tu	indecl	tu	tu	indecl	MATCH	yes	yes		1	1
11	11.08	mām	asmat	nominal	māṃ	mad	nominal	LEMMA_CONVENTION	no	yes	pronoun-stem	1	1
11	11.08	śakyase	√śak	verb	śakyase	śak	verb	MATCH	yes	yes		1	1
11	11.08	draṣṭum	√dṛś	unknown	draṣṭum	dṛś	verb	POS_DIVERGE	yes	no		1	1
11	11.08	anena	idam	nominal	anena	idam	nominal	MATCH	yes	yes		1	1
11	11.08	eva	eva	indecl	eva	eva	indecl	MATCH	yes	yes		1	1
11	11.08	sva-cakṣuṣā	sva-cakṣuḥ	nominal	sva|cakṣuṣā	sva|cakṣus	indecl|nominal	COMPOUND_SPLIT	n/a	n/a		1	2
11	11.08	divyam	divya	nominal	divyaṃ	divya	indecl	POS_DIVERGE	yes	no		1	1
11	11.08	dadāmi	√dā	verb	dadāmi	dā	verb	MATCH	yes	yes		1	1
11	11.08	te	yuṣmat	nominal	te	tvad	nominal	LEMMA_CONVENTION	no	yes	pronoun-stem	1	1
11	11.08	cakṣuḥ	cakṣuḥ	nominal	cakṣuḥ	cakṣus	nominal	LEMMA_CONVENTION	no	yes	adverb--tas/-taḥ	1	1
11	11.08	paśya	√dṛś	verb	paśya	paś	verb	LEMMA_DIVERGE	no	yes		1	1
11	11.08	me	asmat	nominal	me	mad	nominal	LEMMA_CONVENTION	no	yes	pronoun-stem	1	1
11	11.08	yogam	yoga	nominal	yogam	yoga	nominal	MATCH	yes	yes		1	1
11	11.08	aiśvaram	aiśvara	nominal	aiśvaram	aiśvara	indecl	POS_DIVERGE	yes	no		1	1
11	11.09	saṁjayaḥ	sam-jaya	nominal	saṃjaya	saṃjaya	nominal	LEMMA_CONVENTION	no	yes	nasal-class	1	1
11	11.09	uvāca	√vac	verb	uvāca	vac	verb	MATCH	yes	yes		1	1
11	11.09	evam	evam	indecl	evam	evam	indecl	MATCH	yes	yes		1	1
11	11.09	uktvā	√vac	unknown	uktvā	vac	verb	POS_DIVERGE	yes	no		1	1
11	11.09	tataḥ	tataḥ	indecl	tato	tatas	indecl	LEMMA_CONVENTION	no	yes	adverb--tas/-taḥ	1	1
11	11.09	rājan	rājan	nominal	rājan	rājan	nominal	MATCH	yes	yes		1	1
11	11.09	mahā-yogeśvaraḥ	mahā-yoga-īśvara	nominal	mahā|yoga|īśvaraḥ	mahat|yoga|īśvara	indecl|nominal|nominal	COMPOUND_SPLIT	n/a	n/a		1	3
11	11.09	hariḥ	hari	nominal	hariḥ	hari	nominal	MATCH	yes	yes		1	1
11	11.09	darśayāmāsa	√dṛś	verb	darśayāmāsa	darśay	verb	LEMMA_DIVERGE	no	yes		1	1
11	11.09	pārthāya	pārtha	nominal	pārthāya	pārtha	nominal	MATCH	yes	yes		1	1
11	11.09	paramam	parama	nominal	paramaṃ	parama	indecl	POS_DIVERGE	yes	no		1	1
11	11.09	rūpam	rūpa	nominal	rūpam	rūpa	nominal	MATCH	yes	yes		1	1
11	11.09	aiśvaram	aiśvara	nominal	aiśvaram	aiśvara	indecl	POS_DIVERGE	yes	no		1	1
11	11.10	aneka-vaktra-nayanam	aneka-vaktra-nayana	nominal	aneka|vaktra|nayanam	aneka|vaktra|nayana	nominal|nominal|nominal	COMPOUND_SPLIT	n/a	n/a		1	3
11	11.10	anekādbhuta-darśanam	aneka-adbhuta-darśana	nominal	aneka|adbhuta|darśanam	aneka|adbhuta|darśana	nominal|indecl|nominal	COMPOUND_SPLIT	n/a	n/a		1	3
11	11.10	aneka-divyābharaṇam	aneka-divya-ābharaṇa	nominal	aneka|divya|ābharaṇam	aneka|divya|ābharaṇa	nominal|indecl|nominal	COMPOUND_SPLIT	n/a	n/a		1	3
11	11.10	divyānekodyatāyudham	divya-aneka-udyata-āyudha	nominal	divya|aneka|udyata|āyudham	divya|aneka|udyam|āyudha	indecl|nominal|verb|nominal	COMPOUND_SPLIT	n/a	n/a		1	4
11	11.11	divya-mālyāmbara-dharam	divya-mālya-ambara-dhara	nominal	divya|mālya|ambara|dharam	divya|mālya|ambara|dhara	indecl|nominal|nominal|indecl	COMPOUND_SPLIT	n/a	n/a		1	4
11	11.11	divya-gandhānulepanam	divya-gandha-anulepana	nominal	divya|gandha|anulepanam	divya|gandha|anulepana	indecl|nominal|nominal	COMPOUND_SPLIT	n/a	n/a		1	3
11	11.11	sarvāścarya-mayam	sarva-āścarya-maya	nominal	sarva|āścarya|mayam	sarva|āścarya|maya	nominal|nominal|indecl	COMPOUND_SPLIT	n/a	n/a		1	3
11	11.11	devam	deva	nominal	devam	deva	nominal	MATCH	yes	yes		1	1
11	11.11	anantam	an-anta	nominal	anantam	ananta	indecl	POS_DIVERGE	yes	no		1	1
11	11.11	viśvato-mukham	viśvato-mukha	nominal	viśvatomukham	viśvatomukha	indecl	POS_DIVERGE	yes	no		1	1
11	11.12	divi	div	nominal	divi	div	nominal	MATCH	yes	yes		1	1
11	11.12	sūrya-sahasrasya	sūrya-sahasra	unknown	sūrya|sahasrasya	sūrya|sahasra	nominal|indecl	COMPOUND_SPLIT	n/a	n/a		1	2
11	11.12	bhavet	√bhū	verb	bhavet	bhū	verb	MATCH	yes	yes		1	1
11	11.12	yuga-pat	yuga-pat	indecl	yugapad	yugapad	indecl	LEMMA_CONVENTION	no	yes	final-t/d+n	1	1
11	11.12	utthitā	utthitā	nominal	utthitā	utthā	verb	LEMMA+POS_DIVERGE	no	no		1	1
11	11.12	yadi	yadi	indecl	yadi	yadi	indecl	MATCH	yes	yes		1	1
11	11.12	bhāḥ	bhās	nominal	bhāḥ	bhās	nominal	MATCH	yes	yes		1	1
11	11.12	sadṛśī	sa-dṛśī	nominal	sadṛśī	sadṛśa	indecl	LEMMA_CONVENTION+POS_DIVERGE	no	no	vowel-sandhi/contraction	1	1
11	11.12	sā	tat	nominal	sā	tad	nominal	LEMMA_CONVENTION	no	yes	pronoun-stem	1	1
11	11.12	syāt	√as	verb	syāt	as	verb	MATCH	yes	yes		1	1
11	11.12	bhāsaḥ	bhās	nominal	bhāsaḥ	bhās	nominal	MATCH	yes	yes		1	1
11	11.12	tasya	tat	nominal	tasya	tad	nominal	LEMMA_CONVENTION	no	yes	pronoun-stem	1	1
11	11.12	mahātmanaḥ	mahā-ātman	nominal	mahātmanaḥ	mahātman	indecl	LEMMA_CONVENTION+POS_DIVERGE	no	no	vowel-sandhi/contraction	1	1
11	11.13	tatra	tatra	indecl	tatra	tatra	indecl	MATCH	yes	yes		1	1
11	11.13	eka-stham	eka-stha	nominal	ekastham	ekastha	indecl	POS_DIVERGE	yes	no		1	1
11	11.13	jagat	jagat	nominal	jagat	jagant	nominal	LEMMA_CONVENTION	no	yes	final-t/d+n	1	1
11	11.13	kṛtsnam	kṛtsna	nominal	kṛtsnam	kṛtsna	indecl	POS_DIVERGE	yes	no		1	1
11	11.13	pravibhaktam	pra-vi-bhakta	nominal	pravibhaktam	pravibhaj	verb	LEMMA+POS_DIVERGE	no	no		1	1
11	11.13	aneka-dhā	aneka-dhā	indecl	anekadhā	anekadhā	indecl	MATCH	yes	yes		1	1
11	11.13	apaśyat	√dṛś	verb	apaśyat	paś	verb	LEMMA_DIVERGE	no	yes		1	1
11	11.13	deva-devasya	deva-deva	nominal	devadevasya	devadeva	nominal	MATCH	yes	yes		1	1
11	11.13	śarīre	śarīra	nominal	śarīre	śarīra	nominal	MATCH	yes	yes		1	1
11	11.13	pāṇḍavaḥ	pāṇḍava	nominal	pāṇḍavaḥ	pāṇḍava	nominal	MATCH	yes	yes		1	1
11	11.13	tadā	tadā	indecl	tadā	tadā	indecl	MATCH	yes	yes		1	1
11	11.14	tataḥ	tataḥ	indecl	tataḥ	tatas	indecl	LEMMA_CONVENTION	no	yes	adverb--tas/-taḥ	1	1
11	11.14	saḥ	tat	nominal	sa	tad	nominal	LEMMA_CONVENTION	no	yes	pronoun-stem	1	1
11	11.14	vismayāviṣṭaḥ	vismaya-āviṣṭa	nominal	vismaya|āviṣṭaḥ	vismaya|āviś	nominal|verb	COMPOUND_SPLIT	n/a	n/a		1	2
11	11.14	hṛṣṭa-romā	hṛṣṭa-roman	nominal	hṛṣṭa|romā	hṛṣ|roman	verb|nominal	COMPOUND_SPLIT	n/a	n/a		1	2
11	11.14	dhanaṁjayaḥ	dhanaṁ-jaya	nominal	dhanaṃjayaḥ	dhanaṃjaya	nominal	MATCH	yes	yes		1	1
11	11.14	praṇamya	pra-√nam	unknown	praṇamya	praṇam	verb	LEMMA+POS_DIVERGE	no	no		1	1
11	11.14	śirasā	śiras	nominal	śirasā	śiras	nominal	MATCH	yes	yes		1	1
11	11.14	devam	deva	nominal	devaṃ	deva	nominal	MATCH	yes	yes		1	1
11	11.14	kṛtāñjaliḥ	kṛta-añjali	nominal	kṛta|añjaliḥ	kṛ|añjali	verb|nominal	COMPOUND_SPLIT	n/a	n/a		1	2
11	11.14	abhāṣata	√bhāṣ	verb	abhāṣata	bhāṣ	verb	MATCH	yes	yes		1	1
11	11.15	arjunaḥ	arjuna	nominal	arjuna	arjuna	nominal	MATCH	yes	yes		1	1
11	11.15	uvāca	√vac	verb	uvāca	vac	verb	MATCH	yes	yes		1	1
11	11.15	paśyāmi	√dṛś	verb	paśyāmi	dṛś	verb	MATCH	yes	yes		1	1
11	11.15	devān	deva	nominal	devān	deva	nominal	MATCH	yes	yes		1	1
11	11.15	tava	yuṣmat	nominal	tava	tvad	nominal	LEMMA_CONVENTION	no	yes	pronoun-stem	1	1
11	11.15	deva	deva	nominal	deva	deva	nominal	MATCH	yes	yes		1	1
11	11.15	dehe	deha	nominal	dehe	deha	nominal	MATCH	yes	yes		1	1
11	11.15	sarvān	sarva	nominal	sarvān	sarva	nominal	MATCH	yes	yes		1	1
11	11.15	tathā	tathā	indecl	tathā	tathā	indecl	MATCH	yes	yes		1	1
11	11.15	bhūta-viśeṣa-saṁghān	bhūta-viśeṣa-saṁgha	nominal	bhūta|viśeṣa|saṃghān	bhūta|viśeṣa|saṃgha	nominal|nominal|nominal	COMPOUND_SPLIT	n/a	n/a		1	3
11	11.15	brahmāṇam	brahman	nominal	brahmāṇam	brahman	nominal	MATCH	yes	yes		1	1
11	11.15	īśam	īśa	nominal	īśam	īśa	nominal	MATCH	yes	yes		1	1
11	11.15	kamalāsana-stham	kamala-āsana-stha	nominal	kamalāsanastham	kamalāsanastha	nominal	LEMMA_CONVENTION	no	yes	vowel-sandhi/contraction	1	1
11	11.15	ṛṣīn	ṛṣi	nominal	ṛṣīn	ṛṣi	nominal	MATCH	yes	yes		1	1
11	11.15	ca	ca	indecl	ca	ca	indecl	MATCH	yes	yes		1	1
11	11.15	sarvān	sarva	nominal	sarvān	sarva	nominal	MATCH	yes	yes		1	1
11	11.15	uragān	uraga	nominal	uragān	uraga	nominal	MATCH	yes	yes		1	1
11	11.15	ca	ca	indecl	ca	ca	indecl	MATCH	yes	yes		1	1
11	11.15	divyān	divya	nominal	divyān	divya	indecl	POS_DIVERGE	yes	no		1	1
11	11.16	aneka-bāhūdara-vaktra-netram	an-eka-bāhu-udara-vaktra-netra	nominal	aneka|bāhu|udara|vaktra|netram	aneka|bāhu|udara|vaktra|netra	nominal|nominal|nominal|nominal|nominal	COMPOUND_SPLIT	n/a	n/a		1	5
11	11.16	paśyāmi	√dṛś	verb	paśyāmi	dṛś	verb	MATCH	yes	yes		1	1
11	11.16	tvā	yuṣmat	nominal	tvā	tvad	nominal	LEMMA_CONVENTION	no	yes	pronoun-stem	1	1
11	11.16	sarvataḥ	sarvataḥ	indecl	sarvato	sarvatas	indecl	LEMMA_CONVENTION	no	yes	adverb--tas/-taḥ	1	1
11	11.16	ananta-rūpam	ananta-rūpa	nominal	ananta|rūpam	ananta|rūpa	indecl|nominal	COMPOUND_SPLIT	n/a	n/a		1	2
11	11.16	na	na	indecl	na	na	indecl	MATCH	yes	yes		1	1
11	11.16	antam	anta	nominal	antam	anta	nominal	MATCH	yes	yes		1	1
11	11.16	na	na	indecl	na	na	indecl	MATCH	yes	yes		1	1
11	11.16	madhyam	madhya	nominal	madhyaṃ	madhya	nominal	MATCH	yes	yes		1	1
11	11.16	na	na	indecl	na	na	indecl	MATCH	yes	yes		1	1
11	11.16	punaḥ	punaḥ	indecl	punar	punar	indecl	LEMMA_DIVERGE	no	yes		1	1
11	11.16	tava	yuṣmat	nominal	tava	tvad	nominal	LEMMA_CONVENTION	no	yes	pronoun-stem	1	1
11	11.16	ādim	ādi	nominal	ādim	ādi	nominal	MATCH	yes	yes		1	1
11	11.16	paśyāmi	√dṛś	verb	paśyāmi	dṛś	verb	MATCH	yes	yes		1	1
11	11.16	viśveśvara	viśva-īśvara	nominal	viśveśvara	viśveśvara	nominal	LEMMA_CONVENTION	no	yes	vowel-sandhi/contraction	1	1
11	11.16	viśva-rūpa	viśva-rūpa	nominal	viśvarūpa	viśvarūpa	nominal	MATCH	yes	yes		1	1
11	11.17	kirīṭinam	kirīṭin	nominal	kirīṭinaṃ	kirīṭin	indecl	POS_DIVERGE	yes	no		1	1
11	11.17	gadinam	gadin	nominal	gadinaṃ	gadin	nominal	MATCH	yes	yes		1	1
11	11.17	cakriṇam	cakrin	nominal	cakriṇaṃ	cakrin	nominal	MATCH	yes	yes		1	1
11	11.17	ca	ca	indecl	ca	ca	indecl	MATCH	yes	yes		1	1
11	11.17	tejo-rāśim	tejo-rāśi	nominal	tejaḥ|rāśim	tejas|rāśi	nominal|nominal	COMPOUND_SPLIT	n/a	n/a		1	2
11	11.17	sarvataḥ	sarvataḥ	indecl	sarvato	sarvatas	indecl	LEMMA_CONVENTION	no	yes	adverb--tas/-taḥ	1	1
11	11.17	dīptimantam	dīptimant	nominal	dīptimantam	dīptimat	indecl	LEMMA_CONVENTION+POS_DIVERGE	no	no	final-t/d+n	1	1
11	11.17	paśyāmi	√dṛś	verb	paśyāmi	dṛś	verb	MATCH	yes	yes		1	1
11	11.17	tvām	yuṣmat	nominal	tvāṃ	tvad	nominal	LEMMA_CONVENTION	no	yes	pronoun-stem	1	1
11	11.17	durnirīkṣyam	durnirīkṣya	nominal	durnirīkṣyaṃ	durnirīkṣya	indecl	POS_DIVERGE	yes	no		1	1
11	11.17	samantāt	samantāt	indecl	samantād	samantāt	indecl	MATCH	yes	yes		1	1
11	11.17	dīptānalārka-dyutim	dīpta-anala-arka-dyuti	nominal	dīpta|anala|arka|dyutim	dīp|anala|arka|dyuti	verb|nominal|nominal|nominal	COMPOUND_SPLIT	n/a	n/a		1	4
11	11.17	aprameyam	a-pra-meya	nominal	a|prameyam	a|pramā	indecl|verb	COMPOUND_SPLIT	n/a	n/a		1	2
11	11.18	tvam	yuṣmat	nominal	tvam	tvad	nominal	LEMMA_CONVENTION	no	yes	pronoun-stem	1	1
11	11.18	akṣaram	a-kṣara	nominal	akṣaram	akṣara	nominal	MATCH	yes	yes		1	1
11	11.18	paramam	parama	nominal	paramaṃ	parama	indecl	POS_DIVERGE	yes	no		1	1
11	11.18	veditavyam	veditavya	nominal	veditavyaṃ	vid	verb	LEMMA+POS_DIVERGE	no	no		1	1
11	11.18	tvam	yuṣmat	nominal	tvam	tvad	nominal	LEMMA_CONVENTION	no	yes	pronoun-stem	1	1
11	11.18	asya	idam	nominal	asya	idam	nominal	MATCH	yes	yes		1	1
11	11.18	viśvasya	viśva	nominal	viśvasya	viśva	indecl	POS_DIVERGE	yes	no		1	1
11	11.18	param	para	nominal	paraṃ	para	nominal	MATCH	yes	yes		1	1
11	11.18	nidhānam	nidhāna	nominal	nidhānam	nidhāna	nominal	MATCH	yes	yes		1	1
11	11.18	tvam	yuṣmat	nominal	tvam	tvad	nominal	LEMMA_CONVENTION	no	yes	pronoun-stem	1	1
11	11.18	avyayaḥ	a-vyaya	nominal	avyayaḥ	avyaya	indecl	POS_DIVERGE	yes	no		1	1
11	11.18	śāśvata-dharma-goptā	śāśvata-dharma-goptṛ	nominal	śāśvata|dharma|goptā	śāśvata|dharma|goptṛ	indecl|nominal|indecl	COMPOUND_SPLIT	n/a	n/a		1	3
11	11.18	sanātanaḥ	sanātana	nominal	sanātanaḥ	sanātana	indecl	POS_DIVERGE	yes	no		1	1
11	11.18	tvam	yuṣmat	nominal	tvam	tvad	nominal	LEMMA_CONVENTION	no	yes	pronoun-stem	1	1
11	11.18	puruṣaḥ	puruṣa	nominal	puruṣo	puruṣa	nominal	MATCH	yes	yes		1	1
11	11.18	mataḥ	mata	nominal	mato	man	verb	LEMMA+POS_DIVERGE	no	no		1	1
11	11.18	me	asmat	nominal	me	mad	nominal	LEMMA_CONVENTION	no	yes	pronoun-stem	1	1
11	11.19	anādi-madhyāntam	an-ādi-madhya-anta	nominal	anādi|madhya|antam	anādi|madhya|anta	indecl|nominal|nominal	COMPOUND_SPLIT	n/a	n/a		1	3
11	11.19	ananta-vīryam	ananta-vīrya	nominal	ananta|vīryam	ananta|vīrya	indecl|nominal	COMPOUND_SPLIT	n/a	n/a		1	2
11	11.19	ananta-bāhum	ananta-bāhu	nominal	ananta|bāhum	ananta|bāhu	indecl|nominal	COMPOUND_SPLIT	n/a	n/a		1	2
11	11.19	śaśi-sūrya-netram	śaśi-sūrya-netra	nominal	śaśi|sūrya|netram	śaśin|sūrya|netra	nominal|nominal|nominal	COMPOUND_SPLIT	n/a	n/a		1	3
11	11.19	paśyāmi	√dṛś	verb	paśyāmi	dṛś	verb	MATCH	yes	yes		1	1
11	11.19	tvām	yuṣmat	nominal	tvāṃ	tvad	nominal	LEMMA_CONVENTION	no	yes	pronoun-stem	1	1
11	11.19	dīpta-hutāśa-vaktram	dīpta-hutāśa-vaktra	nominal	dīpta|hutāśa|vaktram	dīp|hutāśa|vaktra	verb|nominal|nominal	COMPOUND_SPLIT	n/a	n/a		1	3
11	11.19	sva-tejasā	sva-tejas	nominal	sva|tejasā	sva|tejas	indecl|nominal	COMPOUND_SPLIT	n/a	n/a		1	2
11	11.19	viśvam	viśva	nominal	viśvam	viśva	indecl	POS_DIVERGE	yes	no		1	1
11	11.19	idam	idam	nominal	idam	idam	nominal	MATCH	yes	yes		1	1
11	11.19	tapantam	tapant	nominal	tapantam	tap	verb	LEMMA+POS_DIVERGE	no	no		1	1
11	11.20	dyāvā-pṛthivyoḥ	dyāvā-pṛthivī	nominal	dyāvāpṛthivyoḥ	dyāvāpṛthivī	nominal	MATCH	yes	yes		1	1
11	11.20	idam	idam	nominal	idam	idam	nominal	MATCH	yes	yes		1	1
11	11.20	antaram	antara	nominal	antaram	antara	nominal	MATCH	yes	yes		1	1
11	11.20	hi	hi	indecl	hi	hi	indecl	MATCH	yes	yes		1	1
11	11.20	vyāptam	vyāpta	nominal	vyāptaṃ	vyāp	verb	LEMMA+POS_DIVERGE	no	no		1	1
11	11.20	tvayā	yuṣmat	nominal	tvayā	tvad	nominal	LEMMA_CONVENTION	no	yes	pronoun-stem	1	1
11	11.20	ekena	eka	nominal	ekena	eka	indecl	POS_DIVERGE	yes	no		1	1
11	11.20	diśaḥ	dik	nominal	diśaḥ	diś	nominal	LEMMA_DIVERGE	no	yes		1	1
11	11.20	ca	ca	indecl	ca	ca	indecl	MATCH	yes	yes		1	1
11	11.20	sarvāḥ	sarva	nominal	sarvāḥ	sarva	nominal	MATCH	yes	yes		1	1
11	11.20	dṛṣṭvā	√dṛś	unknown	dṛṣṭvā	dṛś	verb	POS_DIVERGE	yes	no		1	1
11	11.20	adbhutam	ad-bhuta	nominal	adbhutam	adbhuta	indecl	POS_DIVERGE	yes	no		1	1
11	11.20	rūpam	rūpa	nominal	rūpam	rūpa	nominal	MATCH	yes	yes		1	1
11	11.20	idam	idam	nominal	idam	idam	nominal	MATCH	yes	yes		1	1
11	11.20	tava	yuṣmat	nominal	tava	tvad	nominal	LEMMA_CONVENTION	no	yes	pronoun-stem	1	1
11	11.20	ugram	ugra	nominal	ugram	ugra	indecl	POS_DIVERGE	yes	no		1	1
11	11.20	loka-trayam	loka-traya	nominal	lokatrayaṃ	lokatraya	nominal	MATCH	yes	yes		1	1
11	11.20	pravyathitam	pravyathita	nominal	pravyathitaṃ	pravyath	verb	LEMMA+POS_DIVERGE	no	no		1	1
11	11.20	mahātman	mahā-ātman	nominal	mahātman	mahātman	indecl	LEMMA_CONVENTION+POS_DIVERGE	no	no	vowel-sandhi/contraction	1	1
11	11.21	amī	adas	nominal	amī	adas	nominal	MATCH	yes	yes		1	1
11	11.21	hi	hi	indecl	hi	hi	indecl	MATCH	yes	yes		1	1
11	11.21	tvā	yuṣmat	nominal	tvā	tvad	nominal	LEMMA_CONVENTION	no	yes	pronoun-stem	1	1
11	11.21	sura-saṁghāḥ	sura-saṁgha	nominal	sura|saṃghāḥ	sura|saṃgha	nominal|nominal	COMPOUND_SPLIT	n/a	n/a		1	2
11	11.21	viśanti	√viś	verb	viśanti	viś	verb	MATCH	yes	yes		1	1
11	11.21	ke-cit	kim-cit	nominal	kecid	kaścit	nominal	LEMMA_DIVERGE	no	yes		1	1
11	11.21	bhītāḥ	bhīta	nominal	bhītāḥ	bhī	verb	LEMMA+POS_DIVERGE	no	no		1	1
11	11.21	prāñjalayaḥ	pra-añjali	nominal	prāñjalayo	prāñjali	indecl	LEMMA_CONVENTION+POS_DIVERGE	no	no	vowel-sandhi/contraction	1	1
11	11.21	gṛṇanti	√xgṝ	verb	gṛṇanti	gṛ	verb	LEMMA_DIVERGE	no	yes		1	1
11	11.21	svasti	svasti	indecl	svasti	svasti	nominal	POS_DIVERGE	yes	no		1	1
11	11.21	iti	iti	indecl	iti	iti	indecl	MATCH	yes	yes		1	1
11	11.21	uktvā	√vac	unknown	uktvā	vac	verb	POS_DIVERGE	yes	no		1	1
11	11.21	maha-rṣi-siddha-saṁghāḥ	maha-rṣi-siddha-saṁgha	nominal	mahā	mahat	indecl	LEMMA+POS_DIVERGE	no	no		1	1
11	11.21	stuvanti	√xstu	verb	ṛṣi	ṛṣi	nominal	LEMMA+POS_DIVERGE	no	no		1	1
11	11.21	tvām	yuṣmat	nominal	siddha	siddha	nominal	LEMMA_DIVERGE	no	yes		1	1
11	11.21	stutibhiḥ	stuti	nominal	saṃghāḥ	saṃgha	nominal	LEMMA_DIVERGE	no	yes		1	1
11	11.21	puṣkalābhiḥ	puṣkalā	nominal	stuvanti	stu	verb	LEMMA+POS_DIVERGE	no	no		1	1
11	11.22	rudrādityāḥ	rudra-āditya	nominal	tvāṃ	tvad	nominal	LEMMA_DIVERGE	no	yes		1	1
11	11.22	vasavaḥ	vasu	nominal	stutibhiḥ	stuti	nominal	LEMMA_DIVERGE	no	yes		1	1
11	11.22	ye	yat	nominal	puṣkalābhiḥ	puṣkala	indecl	LEMMA+POS_DIVERGE	no	no		1	1
11	11.22	ca	ca	indecl	rudra	rudra	nominal	LEMMA+POS_DIVERGE	no	no		1	1
11	11.22	sādhyāḥ	sādhya	nominal	ādityāḥ	āditya	nominal	LEMMA_DIVERGE	no	yes		1	1
11	11.22	viśve	viśva	nominal	vasavo	vasu	nominal	LEMMA_DIVERGE	no	yes		1	1
11	11.22	aśvinau	aśvin	nominal	ye	yad	nominal	LEMMA_DIVERGE	no	yes		1	1
11	11.22	marutaḥ	mārut	nominal				DCS_ONLY				1	0
11	11.22	ca	ca	indecl	ca	ca	indecl	MATCH	yes	yes		1	1
11	11.22	uṣma-pāḥ	uṣma-pa	nominal	sādhyā	sādhya	nominal	LEMMA_DIVERGE	no	yes		1	1
11	11.22	ca	ca	indecl	viśve	viśva	indecl	LEMMA_DIVERGE	no	yes		1	1
11	11.22	gandharva-yakṣāsura-siddha-saṁghāḥ	gandharva-yakṣa-asura-siddha-saṁgha	nominal	'śvinau	aśvin	nominal	LEMMA_DIVERGE	no	yes		1	1
11	11.22	vīkṣante	vi-√īkṣ	verb	marutaḥ	marut	nominal	LEMMA+POS_DIVERGE	no	no		1	1
11	11.22	tvā	yuṣmat	nominal	ca	ca	indecl	LEMMA+POS_DIVERGE	no	no		1	1
11	11.22	vismitāḥ	vismita	nominal	ūṣmapāḥ	ūṣmapa	nominal	LEMMA_DIVERGE	no	yes		1	1
11	11.22	ca	ca	indecl	ca	ca	indecl	MATCH	yes	yes		1	1
11	11.22	eva	eva	indecl	gandharva	gandharva	nominal	LEMMA+POS_DIVERGE	no	no		1	1
11	11.22	sarve	sarva	nominal	yakṣa	yakṣa	nominal	LEMMA_DIVERGE	no	yes		1	1
11	11.23	rūpam	rūpa	nominal	asura	asura	nominal	LEMMA_DIVERGE	no	yes		1	1
11	11.23	mahat	mahant	nominal	siddha	siddha	nominal	LEMMA_DIVERGE	no	yes		1	1
11	11.23	te	yuṣmat	nominal	saṃghāḥ	saṃgha	nominal	LEMMA_DIVERGE	no	yes		1	1
11	11.23	bahu-vaktra-netram	bahu-vaktra-netra	nominal	vīkṣante	vīkṣ	verb	LEMMA+POS_DIVERGE	no	no		1	1
11	11.23	mahābāho	mahā-bāhu	nominal	tvā	tvad	nominal	LEMMA_DIVERGE	no	yes		1	1
11	11.23	bahu-bāhūru-pādam	bahu-bāhu-ūru-pāda	nominal	vismitāḥ	vismi	verb	LEMMA+POS_DIVERGE	no	no		1	1
11	11.23	bahūdaram	bahu-udara	nominal	ca	ca	indecl	LEMMA+POS_DIVERGE	no	no		1	1
11	11.23	bahu-daṁṣṭrā-karālam	bahu-daṁṣṭrā-karāla	nominal	eva	eva	indecl	LEMMA+POS_DIVERGE	no	no		1	1
11	11.23	dṛṣṭvā	√dṛś	unknown	sarve	sarva	nominal	LEMMA+POS_DIVERGE	no	no		1	1
11	11.23	lokāḥ	loka	nominal	rūpaṃ	rūpa	nominal	LEMMA_DIVERGE	no	yes		1	1
11	11.23	pravyathitāḥ	pravyathita	nominal	mahat	mahat	indecl	LEMMA+POS_DIVERGE	no	no		1	1
11	11.23	tathā	tathā	indecl	te	tvad	nominal	LEMMA+POS_DIVERGE	no	no		1	1
11	11.23	aham	asmat	nominal	bahu	bahu	indecl	LEMMA+POS_DIVERGE	no	no		1	1
11	11.24	nabhaḥ-spṛśam	nabhaḥ-spṛśa	nominal	vaktra	vaktra	nominal	LEMMA_DIVERGE	no	yes		1	1
11	11.24	dīptam	dīpta	nominal	netram	netra	nominal	LEMMA_DIVERGE	no	yes		1	1
11	11.24	aneka-varṇam	aneka-varṇa	nominal	mahā	mahat	indecl	LEMMA+POS_DIVERGE	no	no		1	1
11	11.24	vyāttānanam	vyātta-ānana	nominal	bāho	bāhu	nominal	LEMMA_DIVERGE	no	yes		1	1
11	11.24	dīpta-viśāla-netram	dīpta-viśāla-netra	nominal	bahu	bahu	indecl	LEMMA+POS_DIVERGE	no	no		1	1
11	11.24	dṛṣṭvā	√dṛś	unknown	bāhu	bāhu	nominal	LEMMA+POS_DIVERGE	no	no		1	1
11	11.24	hi	hi	indecl	ūru	ūru	nominal	LEMMA+POS_DIVERGE	no	no		1	1
11	11.24	tvām	yuṣmat	nominal	pādam	pāda	nominal	LEMMA_DIVERGE	no	yes		1	1
11	11.24	pravyathitāntarātmā	pravyathita-antar-ātman	nominal	bahu	bahu	indecl	LEMMA+POS_DIVERGE	no	no		1	1
11	11.24	dhṛtim	dhṛti	nominal	udaram	udara	nominal	LEMMA_DIVERGE	no	yes		1	1
11	11.24	na	na	indecl	bahu	bahu	indecl	LEMMA_DIVERGE	no	yes		1	1
11	11.24	vindāmi	√vid	verb	daṃṣṭrā	daṃṣṭra	nominal	LEMMA+POS_DIVERGE	no	no		1	1
11	11.24	śamam	śama	nominal	karālam	karāla	indecl	LEMMA+POS_DIVERGE	no	no		1	1
11	11.24	ca	ca	indecl	dṛṣṭvā	dṛś	verb	LEMMA+POS_DIVERGE	no	no		1	1
11	11.24	viṣṇo	viṣṇu	nominal	lokāḥ	loka	nominal	LEMMA_DIVERGE	no	yes		1	1
11	11.25	daṁṣṭrā-karālāni	daṁṣṭrā-karāla	nominal	pravyathitāḥ	pravyath	verb	LEMMA+POS_DIVERGE	no	no		1	1
11	11.25	ca	ca	indecl	tathā	tathā	indecl	LEMMA_DIVERGE	no	yes		1	1
11	11.25	te	yuṣmat	nominal	aham	mad	nominal	LEMMA_DIVERGE	no	yes		1	1
11	11.25	mukhāni	mukha	nominal	nabhaḥ	nabhas	nominal	LEMMA_DIVERGE	no	yes		1	1
11	11.25	dṛṣṭvā	√dṛś	unknown	spṛśam	spṛś	indecl	LEMMA+POS_DIVERGE	no	no		1	1
11	11.25	eva	eva	indecl	dīptam	dīp	verb	LEMMA+POS_DIVERGE	no	no		1	1
11	11.25	kālānala-saṁnibhāni	kāla-anala-saṁnibha	nominal	aneka	aneka	nominal	LEMMA_DIVERGE	no	yes		1	1
11	11.25	diśaḥ	dik	nominal	varṇam	varṇa	nominal	LEMMA_DIVERGE	no	yes		1	1
11	11.25	na	na	indecl	vyātta	vyātta	indecl	LEMMA_DIVERGE	no	yes		1	1
11	11.25	jāne	√jñā	verb	ānanam	ānana	nominal	LEMMA+POS_DIVERGE	no	no		1	1
11	11.25	na	na	indecl	dīpta	dīp	verb	LEMMA+POS_DIVERGE	no	no		1	1
11	11.25	labhe	√labh	verb	viśāla	viśāla	indecl	LEMMA+POS_DIVERGE	no	no		1	1
11	11.25	ca	ca	indecl	netram	netra	nominal	LEMMA+POS_DIVERGE	no	no		1	1
11	11.25	śarma	śarman	nominal	dṛṣṭvā	dṛś	verb	LEMMA+POS_DIVERGE	no	no		1	1
11	11.25	prasīda	pra-√sad	verb	hi	hi	indecl	LEMMA+POS_DIVERGE	no	no		1	1
11	11.25	deveśa	deva-īśa	nominal	tvāṃ	tvad	nominal	LEMMA_DIVERGE	no	yes		1	1
11	11.25	jagan-nivāsa	jagan-nivāsa	nominal	pravyathita	pravyath	verb	LEMMA+POS_DIVERGE	no	no		1	1
11	11.26	amī	adas	nominal	antarātmā	antarātman	nominal	LEMMA_DIVERGE	no	yes		1	1
11	11.26	ca	ca	indecl	dhṛtiṃ	dhṛti	nominal	LEMMA+POS_DIVERGE	no	no		1	1
11	11.26	tvām	yuṣmat	nominal	na	na	indecl	LEMMA+POS_DIVERGE	no	no		1	1
11	11.26	dhṛtarāṣṭrasya	dhṛta-rāṣṭra	nominal	vindāmi	vid	verb	LEMMA+POS_DIVERGE	no	no		1	1
11	11.26	putrāḥ	putra	nominal	śamaṃ	śama	nominal	LEMMA_DIVERGE	no	yes		1	1
11	11.26	sarve	sarva	nominal	ca	ca	indecl	LEMMA+POS_DIVERGE	no	no		1	1
11	11.26	saha	saha	indecl	viṣṇo	viṣṇu	nominal	LEMMA+POS_DIVERGE	no	no		1	1
11	11.26	eva	eva	indecl	daṃṣṭrā	daṃṣṭra	nominal	LEMMA+POS_DIVERGE	no	no		1	1
11	11.26	avani-pāla-saṁghaiḥ	avani-pāla-saṁgha	nominal	karālāni	karāla	indecl	LEMMA+POS_DIVERGE	no	no		1	1
11	11.26	bhīṣmaḥ	bhīṣma	nominal	ca	ca	indecl	LEMMA+POS_DIVERGE	no	no		1	1
11	11.26	droṇaḥ	droṇa	nominal	te	tvad	nominal	LEMMA_DIVERGE	no	yes		1	1
11	11.26	sūta-putraḥ	sūta-putra	nominal	mukhāni	mukha	nominal	LEMMA_DIVERGE	no	yes		1	1
11	11.26	tathā	tathā	indecl	dṛṣṭvā	dṛś	verb	LEMMA+POS_DIVERGE	no	no		1	1
11	11.26	asau	adas	nominal	eva	eva	indecl	LEMMA+POS_DIVERGE	no	no		1	1
11	11.26	saha	saha	indecl	kāla	kāla	nominal	LEMMA+POS_DIVERGE	no	no		1	1
11	11.26	asmatīyaiḥ	asmatīya	nominal	anala	anala	nominal	LEMMA_DIVERGE	no	yes		1	1
11	11.26	api	api	indecl	saṃnibhāni	saṃnibha	indecl	LEMMA_DIVERGE	no	yes		1	1
11	11.26	yodha-mukhyaiḥ	yodha-mukhya	nominal	diśo	diś	nominal	LEMMA_DIVERGE	no	yes		1	1
11	11.27	vaktrāṇi	vaktra	nominal	na	na	indecl	LEMMA+POS_DIVERGE	no	no		1	1
11	11.27	te	yuṣmat	nominal	jāne	jñā	verb	LEMMA+POS_DIVERGE	no	no		1	1
11	11.27	tvaramāṇāḥ	tvaramāna	nominal	na	na	indecl	LEMMA+POS_DIVERGE	no	no		1	1
11	11.27	viśanti	√viś	verb	labhe	labh	verb	LEMMA_DIVERGE	no	yes		1	1
11	11.27	daṁṣṭrā-karālāni	daṁṣṭrā-karāla	nominal	ca	ca	indecl	LEMMA+POS_DIVERGE	no	no		1	1
11	11.27	bhayānakāni	bhayānaka	nominal	śarma	śarman	nominal	LEMMA_DIVERGE	no	yes		1	1
11	11.27	ke-cit	kim-cit	nominal	prasīda	prasad	verb	LEMMA+POS_DIVERGE	no	no		1	1
11	11.27	vilagnāḥ	vilagna	nominal	deveśa	deveśa	nominal	LEMMA_DIVERGE	no	yes		1	1
11	11.27	daśanāntareṣu	daśana-antara	nominal	jagannivāsa	jagannivāsa	nominal	LEMMA_DIVERGE	no	yes		1	1
11	11.27	saṁdṛśyante	sam-√dṛś	verb	amī	adas	nominal	LEMMA+POS_DIVERGE	no	no		1	1
11	11.27	cūrṇitaiḥ	cūrṇita	nominal	ca	ca	indecl	LEMMA+POS_DIVERGE	no	no		1	1
11	11.27	uttamāṅgaiḥ	uttamāṅga	nominal	tvāṃ	tvad	nominal	LEMMA_DIVERGE	no	yes		1	1
11	11.28	yathā	yathā	indecl	dhṛtarāṣṭrasya	dhṛtarāṣṭra	nominal	LEMMA+POS_DIVERGE	no	no		1	1
11	11.28	nadīnām	nadī	nominal	putrāḥ	putra	nominal	LEMMA_DIVERGE	no	yes		1	1
11	11.28	bahavaḥ	bahu	nominal	sarve	sarva	nominal	LEMMA_DIVERGE	no	yes		1	1
11	11.28	ambu-vegāḥ	ambu-vega	nominal	saha	saha	indecl	LEMMA+POS_DIVERGE	no	no		1	1
11	11.28	samudram	sam-udra	nominal				DCS_ONLY				1	0
11	11.28	eva	eva	indecl	eva	eva	indecl	MATCH	yes	yes		1	1
11	11.28	abhimukhāḥ	abhi-mukha	nominal	avanipāla	avanipāla	nominal	LEMMA_DIVERGE	no	yes		1	1
11	11.28	dravanti	√dru	verb	saṃghaiḥ	saṃgha	nominal	LEMMA+POS_DIVERGE	no	no		1	1
11	11.28	tathā	tathā	indecl	bhīṣmo	bhīṣma	nominal	LEMMA+POS_DIVERGE	no	no		1	1
11	11.28	tava	yuṣmat	nominal	droṇaḥ	droṇa	nominal	LEMMA_DIVERGE	no	yes		1	1
11	11.28	amī	adas	nominal	sūtaputraḥ	sūtaputra	nominal	LEMMA_DIVERGE	no	yes		1	1
11	11.28	nara-loka-vīrāḥ	nara-loka-vīra	nominal	tathā	tathā	indecl	LEMMA+POS_DIVERGE	no	no		1	1
11	11.28	viśanti	√viś	verb	asau	adas	nominal	LEMMA+POS_DIVERGE	no	no		1	1
11	11.28	vaktrāṇi	vaktra	nominal	saha	saha	indecl	LEMMA+POS_DIVERGE	no	no		1	1
11	11.28	abhivijvalanti	abhi-vi-√jval	verb	asmadīyaiḥ	asmadīya	indecl	LEMMA+POS_DIVERGE	no	no		1	1
11	11.29	yathā	yathā	indecl	api	api	indecl	LEMMA_DIVERGE	no	yes		1	1
11	11.29	pradīptam	pra-dīpta	nominal	yodha	yodha	nominal	LEMMA_DIVERGE	no	yes		1	1
11	11.29	jvalanam	jvalana	nominal	mukhyaiḥ	mukhya	indecl	LEMMA+POS_DIVERGE	no	no		1	1
11	11.29	pataṁgāḥ	pataṁ-ga	nominal	vaktrāṇi	vaktra	nominal	LEMMA_DIVERGE	no	yes		1	1
11	11.29	viśanti	√viś	verb	te	tvad	nominal	LEMMA+POS_DIVERGE	no	no		1	1
11	11.29	nāśāya	nāśa	nominal	tvaramāṇā	tvar	verb	LEMMA+POS_DIVERGE	no	no		1	1
11	11.29	samṛddha-vegāḥ	samṛddha-vega	nominal	viśanti	viś	verb	LEMMA+POS_DIVERGE	no	no		1	1
11	11.29	tathā	tathā	indecl	daṃṣṭrā	daṃṣṭra	nominal	LEMMA+POS_DIVERGE	no	no		1	1
11	11.29	eva	eva	indecl	karālāni	karāla	indecl	LEMMA_DIVERGE	no	yes		1	1
11	11.29	nāśāya	nāśa	nominal	bhayānakāni	bhayānaka	indecl	LEMMA+POS_DIVERGE	no	no		1	1
11	11.29	viśanti	√viś	verb	kecid	kaścit	nominal	LEMMA+POS_DIVERGE	no	no		1	1
11	11.29	lokāḥ	loka	nominal	vilagnāḥ	vilag	verb	LEMMA+POS_DIVERGE	no	no		1	1
11	11.29	tava	yuṣmat	nominal	daśana	daśana	nominal	LEMMA_DIVERGE	no	yes		1	1
11	11.29	api	api	indecl	antareṣu	antara	nominal	LEMMA+POS_DIVERGE	no	no		1	1
11	11.29	vaktrāṇi	vaktra	nominal	saṃdṛśyante	saṃdṛś	verb	LEMMA+POS_DIVERGE	no	no		1	1
11	11.29	samṛddha-vegāḥ	samṛddha-vega	nominal	cūrṇitaiḥ	cūrṇay	verb	LEMMA+POS_DIVERGE	no	no		1	1
11	11.30	lelihyase	√lih	verb	uttamāṅgaiḥ	uttamāṅga	nominal	LEMMA+POS_DIVERGE	no	no		1	1
11	11.30	grasamānaḥ	grasamāna	nominal	yathā	yathā	indecl	LEMMA+POS_DIVERGE	no	no		1	1
11	11.30	samantāt	samantāt	indecl	nadīnāṃ	nadī	nominal	LEMMA+POS_DIVERGE	no	no		1	1
11	11.30	lokān	loka	nominal	bahavo	bahu	indecl	LEMMA+POS_DIVERGE	no	no		1	1
11	11.30	samagrān	samagra	nominal	ambu	ambu	nominal	LEMMA_DIVERGE	no	yes		1	1
11	11.30	vadanaiḥ	vadana	nominal	vegāḥ	vega	nominal	LEMMA_DIVERGE	no	yes		1	1
11	11.30	jvaladbhiḥ	jvalant	nominal	samudram	samudra	nominal	LEMMA_DIVERGE	no	yes		1	1
11	11.30	tejobhiḥ	tejas	nominal	eva	eva	indecl	LEMMA+POS_DIVERGE	no	no		1	1
11	11.30	āpūrya	ā-√pṝ	unknown	abhimukhāḥ	abhimukha	indecl	LEMMA+POS_DIVERGE	no	no		1	1
11	11.30	jagat	jagat	nominal	dravanti	dru	verb	LEMMA+POS_DIVERGE	no	no		1	1
11	11.30	samagram	samagra	nominal	tathā	tathā	indecl	LEMMA+POS_DIVERGE	no	no		1	1
11	11.30	bhāsaḥ	bhās	nominal				DCS_ONLY				1	0
11	11.30	tava	yuṣmat	nominal	tava	tvad	nominal	LEMMA_CONVENTION	no	yes	pronoun-stem	1	1
11	11.30	ugrāḥ	ugra	nominal	amī	adas	nominal	LEMMA_DIVERGE	no	yes		1	1
11	11.30	pratapanti	pra-√tap	verb	nara	nara	nominal	LEMMA+POS_DIVERGE	no	no		1	1
11	11.30	viṣṇo	viṣṇu	nominal	loka	loka	nominal	LEMMA_DIVERGE	no	yes		1	1
11	11.31	ākhyāhi	ā-√khyā	verb	vīrāḥ	vīra	nominal	LEMMA+POS_DIVERGE	no	no		1	1
11	11.31	me	asmat	nominal	viśanti	viś	verb	LEMMA+POS_DIVERGE	no	no		1	1
11	11.31	kaḥ	kim	nominal	vaktrāṇi	vaktra	nominal	LEMMA_DIVERGE	no	yes		1	1
11	11.31	bhavān	bhavant	nominal	abhivijvalanti	abhivijval	verb	LEMMA+POS_DIVERGE	no	no		1	1
11	11.31	ugra-rūpaḥ	ugra-rūpa	nominal	yathā	yathā	indecl	LEMMA+POS_DIVERGE	no	no		1	1
11	11.31	namaḥ	namaḥ	nominal	pradīptaṃ	pradīp	verb	LEMMA+POS_DIVERGE	no	no		1	1
11	11.31	astu	√as	verb	jvalanaṃ	jvalana	nominal	LEMMA+POS_DIVERGE	no	no		1	1
11	11.31	te	yuṣmat	nominal	pataṃgā	pataṃga	nominal	LEMMA_DIVERGE	no	yes		1	1
11	11.31	deva-vara	deva-vara	nominal	viśanti	viś	verb	LEMMA+POS_DIVERGE	no	no		1	1
11	11.31	prasīda	pra-√sad	verb	nāśāya	nāśa	nominal	LEMMA+POS_DIVERGE	no	no		1	1
11	11.31	vijñātum	vi-√jñā	unknown	samṛddha	samṛdh	verb	LEMMA+POS_DIVERGE	no	no		1	1
11	11.31	icchāmi	√iṣ	verb	vegāḥ	vega	nominal	LEMMA+POS_DIVERGE	no	no		1	1
11	11.31	bhavantam	bhavant	nominal	tathā	tathā	indecl	LEMMA+POS_DIVERGE	no	no		1	1
11	11.31	ādyam	ādya	nominal	eva	eva	indecl	LEMMA+POS_DIVERGE	no	no		1	1
11	11.31	na	na	indecl	nāśāya	nāśa	nominal	LEMMA+POS_DIVERGE	no	no		1	1
11	11.31	hi	hi	indecl	viśanti	viś	verb	LEMMA+POS_DIVERGE	no	no		1	1
11	11.31	prajānāmi	pra-√jñā	verb	lokāḥ	loka	nominal	LEMMA+POS_DIVERGE	no	no		1	1
11	11.31	tava	yuṣmat	nominal	tava	tvad	nominal	LEMMA_CONVENTION	no	yes	pronoun-stem	1	1
11	11.31	pravṛttim	pravṛtti	nominal	api	api	indecl	LEMMA+POS_DIVERGE	no	no		1	1
11	11.32	śrī-bhagavān	śrī-bhagavant	nominal	vaktrāṇi	vaktra	nominal	LEMMA_DIVERGE	no	yes		1	1
11	11.32	uvāca	√vac	verb	samṛddha	samṛdh	verb	LEMMA_DIVERGE	no	yes		1	1
11	11.32	kālaḥ	kāla	nominal	vegāḥ	vega	nominal	LEMMA_DIVERGE	no	yes		1	1
11	11.32	asmi	√as	verb	lelihyase	lelih	verb	LEMMA_DIVERGE	no	yes		1	1
11	11.32	loka-kṣaya-kṛt	loka-kṣaya-kṛt	nominal	grasamānaḥ	gras	verb	LEMMA+POS_DIVERGE	no	no		1	1
11	11.32	pravṛddhaḥ	pra-vṛddha	nominal	samantāt	samantāt	indecl	LEMMA+POS_DIVERGE	no	no		1	1
11	11.32	lokān	loka	nominal	lokān	loka	nominal	MATCH	yes	yes		1	1
11	11.32	samāhartum	sam-ā-√hṛ	unknown	samagrān	samagra	indecl	LEMMA+POS_DIVERGE	no	no		1	1
11	11.32	iha	iha	indecl	vadanaiḥ	vadana	nominal	LEMMA+POS_DIVERGE	no	no		1	1
11	11.32	pravṛttaḥ	pra-vṛtta	nominal	jvaladbhiḥ	jval	verb	LEMMA+POS_DIVERGE	no	no		1	1
11	11.32	ṛte	ṛte	indecl	tejobhiḥ	tejas	nominal	LEMMA+POS_DIVERGE	no	no		1	1
11	11.32	api	api	indecl	āpūrya	āpūray	verb	LEMMA+POS_DIVERGE	no	no		1	1
11	11.32	tvā	yuṣmat	nominal	jagat	jagant	nominal	LEMMA_DIVERGE	no	yes		1	1
11	11.32	na	na	indecl	samagram	samagra	indecl	LEMMA_DIVERGE	no	yes		1	1
11	11.32	bhaviṣyanti	√bhū	verb	bhāsaḥ	bhās	nominal	LEMMA+POS_DIVERGE	no	no		1	1
11	11.32	sarve	sarva	nominal	tava	tvad	nominal	LEMMA_DIVERGE	no	yes		1	1
11	11.32	ye	yat	nominal	ugrāḥ	ugra	indecl	LEMMA+POS_DIVERGE	no	no		1	1
11	11.32	avasthitāḥ	avasthita	nominal	pratapanti	pratap	verb	LEMMA+POS_DIVERGE	no	no		1	1
11	11.32	pratyanīkeṣu	praty-anīka	nominal	viṣṇo	viṣṇu	nominal	LEMMA_DIVERGE	no	yes		1	1
11	11.32	yodhāḥ	yodha	nominal	ākhyāhi	ākhyā	verb	LEMMA+POS_DIVERGE	no	no		1	1
11	11.33	tasmāt	tasmāt	indecl	me	mad	nominal	LEMMA+POS_DIVERGE	no	no		1	1
11	11.33	tvam	yuṣmat	nominal	ko	ka	nominal	LEMMA_DIVERGE	no	yes		1	1
11	11.33	uttiṣṭha	ut-√sthā	verb	bhavān	bhavat	indecl	LEMMA+POS_DIVERGE	no	no		1	1
11	11.33	yaśaḥ	yaśas	nominal	ugra	ugra	indecl	LEMMA+POS_DIVERGE	no	no		1	1
11	11.33	labhasva	√labh	verb	rūpaḥ	rūpa	nominal	LEMMA+POS_DIVERGE	no	no		1	1
11	11.33	jitvā	√ji	unknown	namo	namas	nominal	LEMMA+POS_DIVERGE	no	no		1	1
11	11.33	śatrūn	śatru	nominal	'stu	as	verb	LEMMA+POS_DIVERGE	no	no		1	1
11	11.33	bhuṅkṣva	√bhuj	verb	te	tvad	nominal	LEMMA+POS_DIVERGE	no	no		1	1
11	11.33	rājyam	rājya	nominal	deva	deva	nominal	LEMMA_DIVERGE	no	yes		1	1
11	11.33	samṛddham	samṛddha	nominal	vara	vara	nominal	LEMMA_DIVERGE	no	yes		1	1
11	11.33	mayā	asmat	nominal	prasīda	prasad	verb	LEMMA+POS_DIVERGE	no	no		1	1
11	11.33	eva	eva	indecl	vijñātum	vijñā	verb	LEMMA+POS_DIVERGE	no	no		1	1
11	11.33	ete	etat	nominal	icchāmi	iṣ	verb	LEMMA+POS_DIVERGE	no	no		1	1
11	11.33	nihatāḥ	ni-hata	nominal	bhavantam	bhavat	indecl	LEMMA+POS_DIVERGE	no	no		1	1
11	11.33	pūrvam	pūrvam	indecl	ādyam	ādya	indecl	LEMMA_DIVERGE	no	yes		1	1
11	11.33	eva	eva	indecl	na	na	indecl	LEMMA_DIVERGE	no	yes		1	1
11	11.33	nimitta-mātram	nimitta-mātra	nominal	hi	hi	indecl	LEMMA+POS_DIVERGE	no	no		1	1
11	11.33	bhava	√bhū	verb	prajānāmi	prajñā	verb	LEMMA_DIVERGE	no	yes		1	1
11	11.33	savyasācin	savyasācin	nominal	tava	tvad	nominal	LEMMA_DIVERGE	no	yes		1	1
11	11.34	droṇam	droṇa	nominal	pravṛttim	pravṛtti	nominal	LEMMA_DIVERGE	no	yes		1	1
11	11.34	ca	ca	indecl	śrī	śrī	nominal	LEMMA+POS_DIVERGE	no	no		1	1
11	11.34	bhīṣmam	bhīṣma	nominal	bhagavān	bhagavant	nominal	LEMMA_DIVERGE	no	yes		1	1
11	11.34	ca	ca	indecl	uvāca	vac	verb	LEMMA+POS_DIVERGE	no	no		1	1
11	11.34	jayadratham	jayad-ratha	nominal	kālo	kāla	nominal	LEMMA_DIVERGE	no	yes		1	1
11	11.34	ca	ca	indecl	'smi	as	verb	LEMMA+POS_DIVERGE	no	no		1	1
11	11.34	karṇam	karṇa	nominal	loka	loka	nominal	LEMMA_DIVERGE	no	yes		1	1
11	11.34	tathā	tathā	indecl	kṣaya	kṣaya	nominal	LEMMA+POS_DIVERGE	no	no		1	1
11	11.34	anyān	anya	nominal	kṛt	kṛt	indecl	LEMMA+POS_DIVERGE	no	no		1	1
11	11.34	api	api	indecl	pravṛddhaḥ	pravṛdh	verb	LEMMA+POS_DIVERGE	no	no		1	1
11	11.34	yodha-vīrān	yodha-vīra	nominal	lokān	loka	nominal	LEMMA_DIVERGE	no	yes		1	1
11	11.34	mayā	asmat	nominal	samāhartum	samāhṛ	verb	LEMMA+POS_DIVERGE	no	no		1	1
11	11.34	hatān	hata	nominal	iha	iha	indecl	LEMMA+POS_DIVERGE	no	no		1	1
11	11.34	tvam	yuṣmat	nominal	pravṛttaḥ	pravṛt	verb	LEMMA+POS_DIVERGE	no	no		1	1
11	11.34	jahi	√han	verb	ṛte	ṛte	indecl	LEMMA+POS_DIVERGE	no	no		1	1
11	11.34	mā	mā	indecl	'pi	api	indecl	LEMMA_DIVERGE	no	yes		1	1
11	11.34	vyathiṣṭhāḥ	√vyath	verb	tvā	tvad	nominal	LEMMA+POS_DIVERGE	no	no		1	1
11	11.34	yudhyasva	√yudh	verb	na	na	indecl	LEMMA+POS_DIVERGE	no	no		1	1
11	11.34	jetāsi	√ji	verb	bhaviṣyanti	bhū	verb	LEMMA_DIVERGE	no	yes		1	1
11	11.34	raṇe	raṇa	nominal	sarve	sarva	nominal	LEMMA_DIVERGE	no	yes		1	1
11	11.34	sapatnān	sa-patna	nominal	ye	yad	nominal	LEMMA_DIVERGE	no	yes		1	1
11	11.35	saṁjayaḥ	sam-jaya	nominal	'vasthitāḥ	avasthā	verb	LEMMA+POS_DIVERGE	no	no		1	1
11	11.35	uvāca	√vac	verb	pratyanīkeṣu	pratyanīka	nominal	LEMMA+POS_DIVERGE	no	no		1	1
11	11.35	etat	etat	nominal	yodhāḥ	yodha	nominal	LEMMA_DIVERGE	no	yes		1	1
11	11.35	śrutvā	√śru	unknown	tasmāt	tasmāt	indecl	LEMMA+POS_DIVERGE	no	no		1	1
11	11.35	vacanam	vacana	nominal	tvam	tvad	nominal	LEMMA_DIVERGE	no	yes		1	1
11	11.35	keśavasya	keśa-va	nominal	uttiṣṭha	utthā	verb	LEMMA+POS_DIVERGE	no	no		1	1
11	11.35	kṛtāñjaliḥ	kṛta-añjali	nominal	yaśo	yaśas	nominal	LEMMA_DIVERGE	no	yes		1	1
11	11.35	vepamānaḥ	vepamāna	nominal	labhasva	labh	verb	LEMMA+POS_DIVERGE	no	no		1	1
11	11.35	kirīṭī	kirīṭin	nominal	jitvā	ji	verb	LEMMA+POS_DIVERGE	no	no		1	1
11	11.35	namas	namaḥ	nominal	śatrūn	śatru	nominal	LEMMA_DIVERGE	no	yes		1	1
11	11.35	kṛtvā	√kṛ	unknown	bhuṅkṣva	bhuj	verb	LEMMA+POS_DIVERGE	no	no		1	1
11	11.35	bhūyaḥ	bhūyaḥ	indecl	rājyaṃ	rājya	nominal	LEMMA+POS_DIVERGE	no	no		1	1
11	11.35	eva	eva	indecl	samṛddham	samṛdh	verb	LEMMA+POS_DIVERGE	no	no		1	1
11	11.35	āha	√ah	verb	mayā	mad	nominal	LEMMA+POS_DIVERGE	no	no		1	1
11	11.35	kṛṣṇaṁ	kṛṣṇa	nominal	eva	eva	indecl	LEMMA+POS_DIVERGE	no	no		1	1
11	11.35	sa-gadgadam	sa-gadgadam	indecl	ete	etad	nominal	LEMMA+POS_DIVERGE	no	no		1	1
11	11.35	bhīta-bhītaḥ	bhīta-bhīta	nominal	nihatāḥ	nihan	verb	LEMMA+POS_DIVERGE	no	no		1	1
11	11.35	praṇamya	pra-√nam	unknown	pūrvam	pūrvam	indecl	LEMMA+POS_DIVERGE	no	no		1	1
11	11.36	arjunaḥ	arjuna	nominal	eva	eva	indecl	LEMMA+POS_DIVERGE	no	no		1	1
11	11.36	uvāca	√vac	verb	nimitta	nimitta	nominal	LEMMA+POS_DIVERGE	no	no		1	1
11	11.36	sthāne	sthāne	indecl	mātram	mātra	nominal	LEMMA+POS_DIVERGE	no	no		1	1
11	11.36	hṛṣīkeśa	hṛṣīkeśa	nominal	bhava	bhū	verb	LEMMA+POS_DIVERGE	no	no		1	1
11	11.36	tava	yuṣmat	nominal	savyasācin	savyasācin	nominal	LEMMA_DIVERGE	no	yes		1	1
11	11.36	prakīrtyā	prakīrti	nominal	droṇaṃ	droṇa	nominal	LEMMA_DIVERGE	no	yes		1	1
11	11.36	jagat	jagat	nominal	ca	ca	indecl	LEMMA+POS_DIVERGE	no	no		1	1
11	11.36	prahṛṣyati	pra-√hṛṣ	verb	bhīṣmaṃ	bhīṣma	nominal	LEMMA+POS_DIVERGE	no	no		1	1
11	11.36	anurajyate	anu-√rañj	verb				DCS_ONLY				1	0
11	11.36	ca	ca	indecl	ca	ca	indecl	MATCH	yes	yes		1	1
11	11.36	rakṣāṁsi	rakṣas	nominal	jayadrathaṃ	jayadratha	nominal	LEMMA_DIVERGE	no	yes		1	1
11	11.36	bhītāni	bhīta	nominal	ca	ca	indecl	LEMMA+POS_DIVERGE	no	no		1	1
11	11.36	diśaḥ	dik	nominal	karṇaṃ	karṇa	nominal	LEMMA_DIVERGE	no	yes		1	1
11	11.36	dravanti	√dru	verb	tathā	tathā	indecl	LEMMA+POS_DIVERGE	no	no		1	1
11	11.36	sarve	sarva	nominal	anyān	anya	nominal	LEMMA_DIVERGE	no	yes		1	1
11	11.36	namasyanti	√namasya	verb	api	api	indecl	LEMMA+POS_DIVERGE	no	no		1	1
11	11.36	ca	ca	indecl	yodha	yodha	nominal	LEMMA+POS_DIVERGE	no	no		1	1
11	11.36	siddha-saṁghāḥ	siddha-saṁgha	nominal	vīrān	vīra	nominal	LEMMA_DIVERGE	no	yes		1	1
11	11.37	kasmāt	kasmāt	indecl	mayā	mad	nominal	LEMMA+POS_DIVERGE	no	no		1	1
11	11.37	ca	ca	indecl	hatān	han	verb	LEMMA+POS_DIVERGE	no	no		1	1
11	11.37	te	yuṣmat	nominal	tvam	tvad	nominal	LEMMA_CONVENTION	no	yes	pronoun-stem	1	1
11	11.37	na	na	indecl	jahi	han	verb	LEMMA+POS_DIVERGE	no	no		1	1
11	11.37	nameran	√nam	verb	mā	mā	indecl	LEMMA+POS_DIVERGE	no	no		1	1
11	11.37	mahātman	mahā-ātman	nominal	vyathiṣṭhā	vyath	verb	LEMMA+POS_DIVERGE	no	no		1	1
11	11.37	garīyase	garīyas	nominal	yudhyasva	yudh	verb	LEMMA+POS_DIVERGE	no	no		1	1
11	11.37	brahmaṇaḥ	brahman	nominal	jetāsi	ji	verb	LEMMA+POS_DIVERGE	no	no		1	1
11	11.37	api	api	indecl	raṇe	raṇa	nominal	LEMMA+POS_DIVERGE	no	no		1	1
11	11.37	ādi-kartre	ādi-kartṛ	nominal	sapatnān	sapatna	nominal	LEMMA_DIVERGE	no	yes		1	1
11	11.37	ananta	an-anta	nominal	saṃjaya	saṃjaya	nominal	LEMMA_DIVERGE	no	yes		1	1
11	11.37	deveśa	deva-īśa	nominal	uvāca	vac	verb	LEMMA+POS_DIVERGE	no	no		1	1
11	11.37	jagan-nivāsa	jagan-nivāsa	nominal	etat	etad	nominal	LEMMA_DIVERGE	no	yes		1	1
11	11.37	tvam	yuṣmat	nominal	śrutvā	śru	verb	LEMMA+POS_DIVERGE	no	no		1	1
11	11.37	akṣaram	a-kṣara	nominal	vacanaṃ	vacana	nominal	LEMMA_DIVERGE	no	yes		1	1
11	11.37	sat	sant	nominal	keśavasya	keśava	nominal	LEMMA_DIVERGE	no	yes		1	1
11	11.37	asat	a-sant	nominal	kṛtāñjaliḥ	kṛtāñjali	indecl	LEMMA+POS_DIVERGE	no	no		1	1
11	11.37	tat-param	tat-para	nominal	vepamānaḥ	vip	verb	LEMMA+POS_DIVERGE	no	no		1	1
11	11.37	yat	yat	nominal	kirīṭī	kirīṭin	nominal	LEMMA_DIVERGE	no	yes		1	1
11	11.38	tvam	yuṣmat	nominal	namaskṛtvā	namaskṛ	verb	LEMMA+POS_DIVERGE	no	no		1	1
11	11.38	ādi-devaḥ	ādi-deva	nominal	bhūya	bhūyas	indecl	LEMMA+POS_DIVERGE	no	no		1	1
11	11.38	puruṣaḥ	puruṣa	nominal	eva	eva	indecl	LEMMA+POS_DIVERGE	no	no		1	1
11	11.38	purāṇaḥ	purāṇa	nominal	āha	ah	verb	LEMMA+POS_DIVERGE	no	no		1	1
11	11.38	tvam	yuṣmat	nominal	kṛṣṇaṃ	kṛṣṇa	nominal	LEMMA_DIVERGE	no	yes		1	1
11	11.38	asya	idam	nominal	sa	sa	indecl	LEMMA+POS_DIVERGE	no	no		1	1
11	11.38	viśvasya	viśva	nominal	gadgadam	gadgada	indecl	LEMMA+POS_DIVERGE	no	no		1	1
11	11.38	param	para	nominal	bhīta	bhī	verb	LEMMA+POS_DIVERGE	no	no		1	1
11	11.38	nidhānam	nidhāna	nominal	bhītaḥ	bhī	verb	LEMMA+POS_DIVERGE	no	no		1	1
11	11.38	vettā	vettṛ	nominal	praṇamya	praṇam	verb	LEMMA+POS_DIVERGE	no	no		1	1
11	11.38	asi	√as	verb	arjuna	arjuna	nominal	LEMMA+POS_DIVERGE	no	no		1	1
11	11.38	vedyam	vedya	nominal	uvāca	vac	verb	LEMMA+POS_DIVERGE	no	no		1	1
11	11.38	ca	ca	indecl	sthāne	sthāna	nominal	LEMMA+POS_DIVERGE	no	no		1	1
11	11.38	param	para	nominal	hṛṣīkeśa	hṛṣīkeśa	nominal	LEMMA_DIVERGE	no	yes		1	1
11	11.38	ca	ca	indecl	tava	tvad	nominal	LEMMA+POS_DIVERGE	no	no		1	1
11	11.38	dhāma	dhāman	nominal	prakīrtyā	prakīrti	nominal	LEMMA_DIVERGE	no	yes		1	1
11	11.38	tvayā	yuṣmat	nominal	jagat	jagant	nominal	LEMMA_DIVERGE	no	yes		1	1
11	11.38	tatam	tata	nominal	prahṛṣyati	prahṛṣ	verb	LEMMA+POS_DIVERGE	no	no		1	1
11	11.38	viśvam	viśva	nominal	anurajyate	anurañj	verb	LEMMA+POS_DIVERGE	no	no		1	1
11	11.38	ananta-rūpa	ananta-rūpa	nominal	ca	ca	indecl	LEMMA+POS_DIVERGE	no	no		1	1
11	11.39	vāyuḥ	vāyu	nominal	rakṣāṃsi	rakṣas	nominal	LEMMA_DIVERGE	no	yes		1	1
11	11.39	yamaḥ	yama	nominal	bhītāni	bhī	verb	LEMMA+POS_DIVERGE	no	no		1	1
11	11.39	agniḥ	agni	nominal	diśo	diś	nominal	LEMMA_DIVERGE	no	yes		1	1
11	11.39	varuṇaḥ	varuṇa	nominal	dravanti	dru	verb	LEMMA+POS_DIVERGE	no	no		1	1
11	11.39	śaśāṅkaḥ	śaśa-aṅka	nominal	sarve	sarva	nominal	LEMMA_DIVERGE	no	yes		1	1
11	11.39	prajāpatiḥ	prajā-pati	nominal	namasyanti	namasy	verb	LEMMA+POS_DIVERGE	no	no		1	1
11	11.39	tvam	yuṣmat	nominal	ca	ca	indecl	LEMMA+POS_DIVERGE	no	no		1	1
11	11.39	prapitāmahaḥ	pra-pitā-maha	nominal	siddha	siddha	nominal	LEMMA_DIVERGE	no	yes		1	1
11	11.39	ca	ca	indecl	saṃghāḥ	saṃgha	nominal	LEMMA+POS_DIVERGE	no	no		1	1
11	11.39	namaḥ namaḥ	namaḥ	nominal	kasmāt	kasmāt	indecl	LEMMA+POS_DIVERGE	no	no		1	1
11					ca	ca	indecl	GOLD_ONLY				0	1
11	11.39	te	yuṣmat	nominal	te	tvad	nominal	LEMMA_CONVENTION	no	yes	pronoun-stem	1	1
11	11.39	astu	√as	verb	na	na	indecl	LEMMA+POS_DIVERGE	no	no		1	1
11	11.39	sahasra-kṛtvaḥ	sahasra-kṛtvaḥ	indecl	nameran	nam	verb	LEMMA+POS_DIVERGE	no	no		1	1
11	11.39	punaḥ	punaḥ	indecl	mahātman	mahātman	indecl	LEMMA_DIVERGE	no	yes		1	1
11	11.39	ca	ca	indecl	garīyase	garīyas	indecl	LEMMA_DIVERGE	no	yes		1	1
11	11.39	bhūyaḥ	bhūyaḥ	indecl	brahmaṇo	brahman	nominal	LEMMA+POS_DIVERGE	no	no		1	1
11	11.39	api	api	indecl	api	api	indecl	MATCH	yes	yes		1	1
11	11.39	namaḥ namaḥ	namaḥ	nominal	ādikartre	ādikartṛ	nominal	LEMMA_DIVERGE	no	yes		1	1
11	11.39	te	yuṣmat	nominal	ananta	ananta	nominal	LEMMA_DIVERGE	no	yes		1	1
11	11.40	namaḥ	namaḥ	nominal	deveśa	deveśa	nominal	LEMMA_DIVERGE	no	yes		1	1
11	11.40	purastāt	purastāt	indecl	jagannivāsa	jagannivāsa	nominal	LEMMA+POS_DIVERGE	no	no		1	1
11	11.40	atha	atha	indecl	tvam	tvad	nominal	LEMMA+POS_DIVERGE	no	no		1	1
11	11.40	pṛṣṭhataḥ	pṛṣṭhataḥ	indecl	akṣaram	akṣara	indecl	LEMMA_DIVERGE	no	yes		1	1
11	11.40	te	yuṣmat	nominal	sat	as	verb	LEMMA+POS_DIVERGE	no	no		1	1
11	11.40	namaḥ	namaḥ	nominal				DCS_ONLY				1	0
11	11.40	astu	√as	verb	asat	asat	indecl	LEMMA+POS_DIVERGE	no	no		1	1
11	11.40	te	yuṣmat	nominal	tatparam	tatpara	indecl	LEMMA+POS_DIVERGE	no	no		1	1
11	11.40	sarvataḥ	sarvataḥ	indecl	yat	yad	nominal	LEMMA+POS_DIVERGE	no	no		1	1
11	11.40	eva	eva	indecl	tvam	tvad	nominal	LEMMA+POS_DIVERGE	no	no		1	1
11	11.40	sarva	sarva	nominal	ādidevaḥ	ādideva	nominal	LEMMA_DIVERGE	no	yes		1	1
11	11.40	ananta-vīrya	ananta-vīrya	nominal	puruṣaḥ	puruṣa	nominal	LEMMA_DIVERGE	no	yes		1	1
11	11.40	amita-vikramaḥ	amita-vikrama	nominal	purāṇaḥ	purāṇa	indecl	LEMMA+POS_DIVERGE	no	no		1	1
11	11.40	tvam	yuṣmat	nominal	tvam	tvad	nominal	LEMMA_CONVENTION	no	yes	pronoun-stem	1	1
11	11.40	sarvam	sarva	nominal	asya	idam	nominal	LEMMA_DIVERGE	no	yes		1	1
11	11.40	samāpnoṣi	sam-√āp	verb	viśvasya	viśva	indecl	LEMMA+POS_DIVERGE	no	no		1	1
11	11.40	tataḥ	tataḥ	indecl	paraṃ	para	nominal	LEMMA+POS_DIVERGE	no	no		1	1
11	11.40	asi	√as	verb	nidhānam	nidhāna	nominal	LEMMA+POS_DIVERGE	no	no		1	1
11	11.40	sarvaḥ	sarva	nominal	vettāsi	vid	verb	LEMMA+POS_DIVERGE	no	no		1	1
11	11.41	sakhā	sakhi	nominal	vedyaṃ	vid	verb	LEMMA+POS_DIVERGE	no	no		1	1
11	11.41	iti	iti	indecl	ca	ca	indecl	LEMMA_DIVERGE	no	yes		1	1
11	11.41	matvā	√man	unknown	paraṃ	para	nominal	LEMMA+POS_DIVERGE	no	no		1	1
11	11.41	prasabham	prasabham	indecl	ca	ca	indecl	LEMMA_DIVERGE	no	yes		1	1
11	11.41	yat	yat	nominal	dhāma	dhāman	nominal	LEMMA_DIVERGE	no	yes		1	1
11	11.41	uktam	ukta	nominal	tvayā	tvad	nominal	LEMMA_DIVERGE	no	yes		1	1
11	11.41	he	he	indecl	tataṃ	tan	verb	LEMMA+POS_DIVERGE	no	no		1	1
11	11.41	kṛṣṇa	kṛṣṇa	nominal	viśvam	viśva	indecl	LEMMA+POS_DIVERGE	no	no		1	1
11	11.41	he	he	indecl	ananta	ananta	indecl	LEMMA_DIVERGE	no	yes		1	1
11	11.41	yādava	yādava	nominal	rūpa	rūpa	nominal	LEMMA_DIVERGE	no	yes		1	1
11	11.41	he	he	indecl	vāyuḥ	vāyu	nominal	LEMMA+POS_DIVERGE	no	no		1	1
11	11.41	sakhā	sakhi	nominal	yamaḥ	yama	nominal	LEMMA_DIVERGE	no	yes		1	1
11	11.41	iti	iti	indecl	agniḥ	agni	nominal	LEMMA+POS_DIVERGE	no	no		1	1
11	11.41	ajānatā	a-jānant	nominal	varuṇaḥ	varuṇa	nominal	LEMMA_DIVERGE	no	yes		1	1
11	11.41	mahimānam	mahiman	nominal	śaśāṅkaḥ	śaśāṅka	nominal	LEMMA_DIVERGE	no	yes		1	1
11	11.41	tava	yuṣmat	nominal	prajāpatiḥ	prajāpati	nominal	LEMMA_DIVERGE	no	yes		1	1
11	11.41	idam	idam	nominal	tvam	tvad	nominal	LEMMA_DIVERGE	no	yes		1	1
11	11.41	mayā	asmat	nominal	prapitāmahaḥ	prapitāmaha	nominal	LEMMA_DIVERGE	no	yes		1	1
11	11.41	pramādāt	pramāda	nominal	ca	ca	indecl	LEMMA+POS_DIVERGE	no	no		1	1
11	11.41	praṇayena	praṇaya	nominal	namo	namas	nominal	LEMMA_DIVERGE	no	yes		1	1
11	11.41	vā	vā	indecl	namaḥ	namas	nominal	LEMMA+POS_DIVERGE	no	no		1	1
11	11.41	api	api	indecl	te	tvad	nominal	LEMMA+POS_DIVERGE	no	no		1	1
11	11.42	yat	yat	nominal	'stu	as	verb	LEMMA+POS_DIVERGE	no	no		1	1
11	11.42	ca	ca	indecl	sahasra	sahasra	indecl	LEMMA_DIVERGE	no	yes		1	1
11	11.42	avahāsārtham	avahāsārtham	indecl	kṛtvas	kṛtvas	indecl	LEMMA_DIVERGE	no	yes		1	1
11	11.42	asat-kṛtaḥ	a-sant-kṛta	nominal	punar	punar	indecl	LEMMA+POS_DIVERGE	no	no		1	1
11	11.42	asi	√as	verb	ca	ca	indecl	LEMMA+POS_DIVERGE	no	no		1	1
11	11.42	vihāra-śayyāsana-bhojaneṣu	vihāra-śayya-āsana-bhojana	nominal	bhūyo	bhūyas	indecl	LEMMA+POS_DIVERGE	no	no		1	1
11	11.42	ekaḥ	eka	nominal	'pi	api	indecl	LEMMA+POS_DIVERGE	no	no		1	1
11	11.42	atha	atha	indecl	namo	namas	nominal	LEMMA+POS_DIVERGE	no	no		1	1
11	11.42	vā	vā	indecl	namaḥ	namas	nominal	LEMMA+POS_DIVERGE	no	no		1	1
11	11.42	api	api	indecl	te	tvad	nominal	LEMMA+POS_DIVERGE	no	no		1	1
11	11.42	acyuta	a-cyuta	nominal	namaḥ	namas	nominal	LEMMA_DIVERGE	no	yes		1	1
11	11.42	tat-samakṣam	tat-samakṣam	indecl	purastāt	purastāt	indecl	LEMMA_DIVERGE	no	yes		1	1
11	11.42	tat	tat	nominal	atha	atha	indecl	LEMMA+POS_DIVERGE	no	no		1	1
11	11.42	kṣāmaye	√kṣam	verb	pṛṣṭhatas	pṛṣṭhatas	indecl	LEMMA+POS_DIVERGE	no	no		1	1
11	11.42	tvām	yuṣmat	nominal	te	tvad	nominal	LEMMA_CONVENTION	no	yes	pronoun-stem	1	1
11	11.42	aham	asmat	nominal	namo	namas	nominal	LEMMA_DIVERGE	no	yes		1	1
11	11.42	aprameyam	a-pra-meya	nominal	'stu	as	verb	LEMMA+POS_DIVERGE	no	no		1	1
11	11.43	pitā	pitṛ	nominal	te	tvad	nominal	LEMMA_DIVERGE	no	yes		1	1
11	11.43	asi	√as	verb	sarvata	sarvatas	indecl	LEMMA+POS_DIVERGE	no	no		1	1
11	11.43	lokasya	loka	nominal	eva	eva	indecl	LEMMA+POS_DIVERGE	no	no		1	1
11	11.43	carācarasya	cara-acara	nominal	sarva	sarva	nominal	LEMMA_DIVERGE	no	yes		1	1
11	11.43	tvam	yuṣmat	nominal	ananta	ananta	indecl	LEMMA+POS_DIVERGE	no	no		1	1
11	11.43	asya	idam	nominal	vīrya	vīrya	nominal	LEMMA_DIVERGE	no	yes		1	1
11	11.43	pūjyaḥ	pūjya	nominal	amita	amita	indecl	LEMMA+POS_DIVERGE	no	no		1	1
11	11.43	ca	ca	indecl	vikramaḥ	vikrama	nominal	LEMMA+POS_DIVERGE	no	no		1	1
11	11.43	guruḥ	guru	nominal	tvam	tvad	nominal	LEMMA_DIVERGE	no	yes		1	1
11	11.43	garīyān	garīyas	nominal	sarvaṃ	sarva	nominal	LEMMA_DIVERGE	no	yes		1	1
11	11.43	na	na	indecl	samāpnoṣi	samāp	verb	LEMMA+POS_DIVERGE	no	no		1	1
11	11.43	tvat-samaḥ	tvat-sama	nominal	tato	tatas	indecl	LEMMA+POS_DIVERGE	no	no		1	1
11	11.43	asti	√as	verb	'si	as	verb	MATCH	yes	yes		1	1
11	11.43	abhyadhikaḥ	abhyadhika	nominal	sarvaḥ	sarva	nominal	LEMMA_DIVERGE	no	yes		1	1
11	11.43	kutaḥ	kutaḥ	indecl	sakhā	sakhi	nominal	LEMMA+POS_DIVERGE	no	no		1	1
11	11.43	anyaḥ	anya	nominal	iti	iti	indecl	LEMMA+POS_DIVERGE	no	no		1	1
11	11.43	loka-traye	loka-traya	nominal	matvā	man	verb	LEMMA+POS_DIVERGE	no	no		1	1
11	11.43	api	api	indecl	prasabhaṃ	prasabham	indecl	LEMMA_DIVERGE	no	yes		1	1
11	11.43	apratima-prabhāva	apratima-prabhāva	nominal	yat	yad	nominal	LEMMA_DIVERGE	no	yes		1	1
11	11.44	tasmāt	tasmāt	indecl	uktam	vac	verb	LEMMA+POS_DIVERGE	no	no		1	1
11	11.44	praṇamya	pra-√nam	unknown	he	he	indecl	LEMMA+POS_DIVERGE	no	no		1	1
11	11.44	praṇidhāya	pra-ni-√dhā	unknown	kṛṣṇa	kṛṣṇa	nominal	LEMMA+POS_DIVERGE	no	no		1	1
11	11.44	kāyam	kāya	nominal	he	he	indecl	LEMMA+POS_DIVERGE	no	no		1	1
11	11.44	prasādaye	pra-√sad	verb	yādava	yādava	nominal	LEMMA+POS_DIVERGE	no	no		1	1
11	11.44	tvām	yuṣmat	nominal	he	he	indecl	LEMMA+POS_DIVERGE	no	no		1	1
11	11.44	aham	asmat	nominal	sakhā	sakhi	nominal	LEMMA_DIVERGE	no	yes		1	1
11	11.44	īśam	īśa	nominal	iti	iti	indecl	LEMMA+POS_DIVERGE	no	no		1	1
11	11.44	īḍyam	īḍya	nominal	a	a	indecl	LEMMA+POS_DIVERGE	no	no		1	1
11	11.44	pitā	pitṛ	nominal	jānatā	jñā	verb	LEMMA+POS_DIVERGE	no	no		1	1
11	11.44	iva	iva	indecl	mahimānaṃ	mahiman	nominal	LEMMA+POS_DIVERGE	no	no		1	1
11	11.44	putrasya	putra	nominal	tava	tvad	nominal	LEMMA_DIVERGE	no	yes		1	1
11	11.44	sakhā	sakhi	nominal	idam	idam	nominal	LEMMA_DIVERGE	no	yes		1	1
11	11.44	iva	iva	indecl	mayā	mad	nominal	LEMMA+POS_DIVERGE	no	no		1	1
11	11.44	sakhyuḥ	sakhi	nominal	pramādāt	pramāda	nominal	LEMMA_DIVERGE	no	yes		1	1
11	11.44	priyaḥ	priya	nominal	praṇayena	praṇaya	nominal	LEMMA_DIVERGE	no	yes		1	1
11	11.44	priyāya	priya	nominal	vā	vā	indecl	LEMMA+POS_DIVERGE	no	no		1	1
11	11.44	arhasi	√arh	verb	api	api	indecl	LEMMA+POS_DIVERGE	no	no		1	1
11	11.44	deva	deva	nominal	yat	yat	indecl	LEMMA+POS_DIVERGE	no	no		1	1
11	11.44	soḍhum	√sah	unknown	ca	ca	indecl	LEMMA+POS_DIVERGE	no	no		1	1
11	11.45	adṛṣṭa-pūrvam	adṛṣṭa-pūrva	nominal	avahāsa	avahāsa	nominal	LEMMA_DIVERGE	no	yes		1	1
11	11.45	hṛṣitaḥ	hṛṣita	nominal	artham	artha	nominal	LEMMA_DIVERGE	no	yes		1	1
11	11.45	asmi	√as	verb	asatkṛtaḥ	asatkṛ	verb	LEMMA_DIVERGE	no	yes		1	1
11	11.45	dṛṣṭvā	√dṛś	unknown	'si	as	verb	LEMMA+POS_DIVERGE	no	no		1	1
11	11.45	bhayena	bhaya	nominal	vihāra	vihāra	nominal	LEMMA_DIVERGE	no	yes		1	1
11	11.45	ca	ca	indecl	śayyā	śayyā	nominal	LEMMA+POS_DIVERGE	no	no		1	1
11	11.45	pravyathitam	pravyathita	nominal	āsana	āsana	nominal	LEMMA_DIVERGE	no	yes		1	1
11	11.45	manaḥ	manas	nominal	bhojaneṣu	bhojana	nominal	LEMMA_DIVERGE	no	yes		1	1
11	11.45	me	asmat	nominal	eko	eka	indecl	LEMMA+POS_DIVERGE	no	no		1	1
11	11.45	tat	tat	nominal	'tha	atha	indecl	LEMMA+POS_DIVERGE	no	no		1	1
11	11.45	eva	eva	indecl	vā	vā	indecl	LEMMA_CONVENTION	no	yes	vowel-sandhi/contraction	1	1
11	11.45	me	asmat	nominal	api	api	indecl	LEMMA+POS_DIVERGE	no	no		1	1
11	11.45	darśaya	√dṛś	verb	acyuta	acyuta	nominal	LEMMA+POS_DIVERGE	no	no		1	1
11	11.45	deva	deva	nominal	tat	tad	nominal	LEMMA_DIVERGE	no	yes		1	1
11	11.45	rūpam	rūpa	nominal	samakṣam	samakṣa	indecl	LEMMA+POS_DIVERGE	no	no		1	1
11	11.45	prasīda	pra-√sad	verb	tat	tad	nominal	LEMMA+POS_DIVERGE	no	no		1	1
11	11.45	deveśa	deva-īśa	nominal	kṣāmaye	kṣāmay	verb	LEMMA+POS_DIVERGE	no	no		1	1
11	11.45	jagan-nivāsa	jagan-nivāsa	nominal	tvām	tvad	nominal	LEMMA_DIVERGE	no	yes		1	1
11	11.46	kirīṭinam	kirīṭin	nominal	aham	mad	nominal	LEMMA_DIVERGE	no	yes		1	1
11	11.46	gadinam	gadin	nominal	a	a	indecl	LEMMA+POS_DIVERGE	no	no		1	1
11	11.46	cakra-hastam	cakra-hasta	nominal	prameyam	pramā	verb	LEMMA+POS_DIVERGE	no	no		1	1
11	11.46	icchāmi	√iṣ	verb	pitā	pitṛ	nominal	LEMMA+POS_DIVERGE	no	no		1	1
11	11.46	tvām	yuṣmat	nominal	asi	as	verb	LEMMA+POS_DIVERGE	no	no		1	1
11	11.46	draṣṭum	√dṛś	unknown	lokasya	loka	nominal	LEMMA+POS_DIVERGE	no	no		1	1
11	11.46	aham	asmat	nominal	carācarasya	carācara	nominal	LEMMA_DIVERGE	no	yes		1	1
11	11.46	tathā	tathā	indecl	tvam	tvad	nominal	LEMMA+POS_DIVERGE	no	no		1	1
11	11.46	eva	eva	indecl	asya	idam	nominal	LEMMA+POS_DIVERGE	no	no		1	1
11	11.46	tena	tat	nominal	pūjyaḥ	pūjay	verb	LEMMA+POS_DIVERGE	no	no		1	1
11	11.46	eva	eva	indecl	ca	ca	indecl	LEMMA_DIVERGE	no	yes		1	1
11	11.46	rūpeṇa	rūpa	nominal	guruḥ	guru	nominal	LEMMA_DIVERGE	no	yes		1	1
11	11.46	catur-bhujena	catur-bhuja	nominal	garīyān	garīyas	indecl	LEMMA+POS_DIVERGE	no	no		1	1
11	11.46	sahasra-bāho	sahasra-bāhu	nominal	na	na	indecl	LEMMA+POS_DIVERGE	no	no		1	1
11	11.46	bhava	√bhū	verb	tvad	tvad	nominal	LEMMA+POS_DIVERGE	no	no		1	1
11	11.46	viśva-mūrte	viśva-mūrti	nominal	samaḥ	sama	nominal	LEMMA_DIVERGE	no	yes		1	1
11	11.47	śrī-bhagavān	śrī-bhagavant	nominal	asti	as	verb	LEMMA+POS_DIVERGE	no	no		1	1
11	11.47	uvāca	√vac	verb	abhyadhikaḥ	abhyadhika	indecl	LEMMA+POS_DIVERGE	no	no		1	1
11	11.47	mayā	asmat	nominal	kuto	kutas	indecl	LEMMA+POS_DIVERGE	no	no		1	1
11	11.47	prasannena	prasanna	nominal	'nyo	anya	nominal	LEMMA_DIVERGE	no	yes		1	1
11	11.47	tava	yuṣmat	nominal	lokatraye	lokatraya	nominal	LEMMA_DIVERGE	no	yes		1	1
11	11.47	arjuna	arjuna	nominal	api	api	indecl	LEMMA+POS_DIVERGE	no	no		1	1
11	11.47	idam	idam	nominal	apratima	apratima	indecl	LEMMA+POS_DIVERGE	no	no		1	1
11	11.47	rūpam	rūpa	nominal	prabhāva	prabhāva	nominal	LEMMA_DIVERGE	no	yes		1	1
11	11.47	param	para	nominal	tasmāt	tasmāt	indecl	LEMMA+POS_DIVERGE	no	no		1	1
11	11.47	darśitam	darśita	nominal	praṇamya	praṇam	verb	LEMMA+POS_DIVERGE	no	no		1	1
11	11.47	ātma-yogāt	ātma-yoga	nominal	praṇidhāya	praṇidhā	verb	LEMMA+POS_DIVERGE	no	no		1	1
11	11.47	tejo-mayam	tejo-maya	nominal	kāyaṃ	kāya	nominal	LEMMA_DIVERGE	no	yes		1	1
11	11.47	viśvam	viśva	nominal	prasādaye	prasāday	verb	LEMMA+POS_DIVERGE	no	no		1	1
11	11.47	anantam	an-anta	nominal	tvām	tvad	nominal	LEMMA_DIVERGE	no	yes		1	1
11	11.47	ādyam	ādya	nominal	aham	mad	nominal	LEMMA_DIVERGE	no	yes		1	1
11	11.47	yat	yat	nominal	īśam	īśa	nominal	LEMMA_DIVERGE	no	yes		1	1
11	11.47	me	asmat	nominal	īḍyam	īḍ	verb	LEMMA+POS_DIVERGE	no	no		1	1
11	11.47	tvat	yuṣmat	nominal	pitā	pitṛ	nominal	LEMMA_DIVERGE	no	yes		1	1
11	11.47	anyena	anya	nominal	iva	iva	indecl	LEMMA+POS_DIVERGE	no	no		1	1
11	11.47	na	na	indecl	putrasya	putra	nominal	LEMMA+POS_DIVERGE	no	no		1	1
11	11.47	dṛṣṭa-pūrvam	dṛṣṭa-pūrva	nominal	sakhā	sakhi	nominal	LEMMA_DIVERGE	no	yes		1	1
11	11.48	na	na	indecl	iva	iva	indecl	LEMMA_DIVERGE	no	yes		1	1
11	11.48	veda-yajñādhyayanaih	veda-yajña-adhyayana	nominal	sakhyuḥ	sakhi	nominal	LEMMA_DIVERGE	no	yes		1	1
11	11.48	na	na	indecl	priyaḥ	priya	indecl	LEMMA_DIVERGE	no	yes		1	1
11	11.48	dānaiḥ	dāna	nominal	priyāya	priya	indecl	LEMMA+POS_DIVERGE	no	no		1	1
11	11.48	na	na	indecl	arhasi	arh	verb	LEMMA+POS_DIVERGE	no	no		1	1
11	11.48	ca	ca	indecl	deva	deva	nominal	LEMMA+POS_DIVERGE	no	no		1	1
11	11.48	kriyābhiḥ	kriyā	nominal	soḍhum	sah	verb	LEMMA+POS_DIVERGE	no	no		1	1
11	11.48	na	na	indecl	adṛṣṭa	adṛṣṭa	indecl	LEMMA_DIVERGE	no	yes		1	1
11	11.48	tapobhiḥ	tapas	nominal	pūrvam	pūrvam	indecl	LEMMA+POS_DIVERGE	no	no		1	1
11	11.48	ugraiḥ	ugra	nominal	hṛṣito	hṛṣ	verb	LEMMA+POS_DIVERGE	no	no		1	1
11	11.48	evaṁ-rūpaḥ	evaṁ-rūpa	nominal	'smi	as	verb	LEMMA+POS_DIVERGE	no	no		1	1
11	11.48	śakyaḥ	śakya	nominal	dṛṣṭvā	dṛś	verb	LEMMA+POS_DIVERGE	no	no		1	1
11	11.48	aham	asmat	nominal	bhayena	bhaya	nominal	LEMMA_DIVERGE	no	yes		1	1
11	11.48	nṛ-loke	nṛ-loka	nominal	ca	ca	indecl	LEMMA+POS_DIVERGE	no	no		1	1
11	11.48	draṣṭum	√dṛś	unknown	pravyathitaṃ	pravyath	verb	LEMMA+POS_DIVERGE	no	no		1	1
11	11.48	tvat-anyena	tvat-anya	nominal	mano	manas	nominal	LEMMA_DIVERGE	no	yes		1	1
11	11.48	kuru-pravīra	kuru-pravīra	nominal	me	mad	nominal	LEMMA_DIVERGE	no	yes		1	1
11	11.49	mā	mā	indecl	tat	tad	nominal	LEMMA+POS_DIVERGE	no	no		1	1
11	11.49	te	yuṣmat	nominal	eva	eva	indecl	LEMMA+POS_DIVERGE	no	no		1	1
11	11.49	vyathā	vyathā	nominal	me	mad	nominal	LEMMA_DIVERGE	no	yes		1	1
11	11.49	mā	mā	indecl	darśaya	darśay	verb	LEMMA+POS_DIVERGE	no	no		1	1
11	11.49	ca	ca	indecl	deva	deva	nominal	LEMMA+POS_DIVERGE	no	no		1	1
11	11.49	vimūḍha-bhāvaḥ	vimūḍha-bhāva	nominal	rūpaṃ	rūpa	nominal	LEMMA_DIVERGE	no	yes		1	1
11	11.49	dṛṣṭvā	√dṛś	unknown	prasīda	prasad	verb	LEMMA+POS_DIVERGE	no	no		1	1
11	11.49	rūpam	rūpa	nominal	deveśa	deveśa	nominal	LEMMA_DIVERGE	no	yes		1	1
11	11.49	ghoram	ghora	nominal	jagannivāsa	jagannivāsa	nominal	LEMMA_DIVERGE	no	yes		1	1
11	11.49	īdṛk	īdṛś	nominal	kirīṭinaṃ	kirīṭin	indecl	LEMMA+POS_DIVERGE	no	no		1	1
11	11.49	mama	asmat	nominal	gadinaṃ	gadin	indecl	LEMMA+POS_DIVERGE	no	no		1	1
11	11.49	idam	idam	nominal	cakra	cakra	nominal	LEMMA_DIVERGE	no	yes		1	1
11	11.49	vyapeta-bhīḥ	vyapeta-bhī	nominal	hastam	hasta	nominal	LEMMA_DIVERGE	no	yes		1	1
11	11.49	prīta-manāḥ	prīta-manas	nominal	icchāmi	iṣ	verb	LEMMA+POS_DIVERGE	no	no		1	1
11	11.49	punaḥ	punaḥ	indecl	tvāṃ	tvad	nominal	LEMMA+POS_DIVERGE	no	no		1	1
11	11.49	tvam	yuṣmat	nominal	draṣṭum	dṛś	verb	LEMMA+POS_DIVERGE	no	no		1	1
11	11.49	tat	tat	nominal	aham	mad	nominal	LEMMA_DIVERGE	no	yes		1	1
11					tathā	tathā	indecl	GOLD_ONLY				0	1
11	11.49	eva	eva	indecl	eva	eva	indecl	MATCH	yes	yes		1	1
11	11.49	me	asmat	nominal	tena	tad	nominal	LEMMA_DIVERGE	no	yes		1	1
11	11.49	rūpam	rūpa	nominal	eva	eva	indecl	LEMMA+POS_DIVERGE	no	no		1	1
11	11.49	idam	idam	nominal	rūpeṇa	rūpa	nominal	LEMMA_DIVERGE	no	yes		1	1
11	11.49	prapaśya	pra-√dṛś	verb	catur	catur	indecl	LEMMA+POS_DIVERGE	no	no		1	1
11	11.50	saṁjayaḥ	sam-jaya	nominal	bhujena	bhuja	nominal	LEMMA_DIVERGE	no	yes		1	1
11	11.50	uvāca	√vac	verb	sahasrabāho	sahasrabāhu	nominal	LEMMA+POS_DIVERGE	no	no		1	1
11	11.50	iti	iti	indecl	bhava	bhū	verb	LEMMA+POS_DIVERGE	no	no		1	1
11	11.50	arjunam	arjuna	nominal	viśvamūrte	viśvamūrti	nominal	LEMMA_DIVERGE	no	yes		1	1
11	11.50	vāsudevaḥ	vāsudeva	nominal	śrī	śrī	nominal	LEMMA_DIVERGE	no	yes		1	1
11	11.50	tathā	tathā	indecl	bhagavān	bhagavant	nominal	LEMMA+POS_DIVERGE	no	no		1	1
11	11.50	uktvā	√vac	unknown	uvāca	vac	verb	POS_DIVERGE	yes	no		1	1
11	11.50	svakam	svaka	nominal	mayā	mad	nominal	LEMMA_DIVERGE	no	yes		1	1
11	11.50	rūpam	rūpa	nominal	prasannena	prasad	verb	LEMMA+POS_DIVERGE	no	no		1	1
11	11.50	darśayāmāsa	√dṛś	verb	tava	tvad	nominal	LEMMA+POS_DIVERGE	no	no		1	1
11	11.50	bhūyaḥ	bhūyaḥ	indecl	arjuna	arjuna	nominal	LEMMA+POS_DIVERGE	no	no		1	1
11	11.50	āśvāsayāmāsa	ā-√śvas	verb	idam	idam	nominal	LEMMA+POS_DIVERGE	no	no		1	1
11	11.50	ca	ca	indecl	rūpaṃ	rūpa	nominal	LEMMA+POS_DIVERGE	no	no		1	1
11	11.50	bhītam	bhīta	nominal	paraṃ	para	nominal	LEMMA_DIVERGE	no	yes		1	1
11	11.50	enam	etat	nominal	darśitam	darśay	verb	LEMMA+POS_DIVERGE	no	no		1	1
11	11.50	bhūtvā	√bhū	unknown	ātma	ātman	nominal	LEMMA+POS_DIVERGE	no	no		1	1
11	11.50	punaḥ	punaḥ	indecl	yogāt	yoga	nominal	LEMMA+POS_DIVERGE	no	no		1	1
11	11.50	saumya-vapuḥ	saumya-vapus	nominal	tejaḥ	tejas	nominal	LEMMA_DIVERGE	no	yes		1	1
11	11.50	mahātmā	mahā-ātman	nominal	mayam	maya	indecl	LEMMA+POS_DIVERGE	no	no		1	1
11	11.51	arjunaḥ	arjuna	nominal	viśvam	viśva	indecl	LEMMA+POS_DIVERGE	no	no		1	1
11	11.51	uvāca	√vac	verb	anantam	ananta	indecl	LEMMA+POS_DIVERGE	no	no		1	1
11	11.51	dṛṣṭvā	√dṛś	unknown	ādyam	ādya	indecl	LEMMA+POS_DIVERGE	no	no		1	1
11	11.51	idam	idam	nominal	yat	yad	nominal	LEMMA_DIVERGE	no	yes		1	1
11	11.51	mānuṣam	mānuṣa	nominal	me	mad	nominal	LEMMA_DIVERGE	no	yes		1	1
11	11.51	rūpam	rūpa	nominal	tvad	tvad	nominal	LEMMA_DIVERGE	no	yes		1	1
11	11.51	tava	yuṣmat	nominal	anyena	anya	nominal	LEMMA_DIVERGE	no	yes		1	1
11	11.51	saumyam	saumya	nominal	na	na	indecl	LEMMA+POS_DIVERGE	no	no		1	1
11	11.51	janārdana	jana-ardana	nominal	dṛṣṭa	dṛś	verb	LEMMA+POS_DIVERGE	no	no		1	1
11	11.51	idānīm	idānīm	indecl	pūrvam	pūrva	nominal	LEMMA+POS_DIVERGE	no	no		1	1
11	11.51	asmi	√as	verb	na	na	indecl	LEMMA+POS_DIVERGE	no	no		1	1
11	11.51	saṁvṛttaḥ	sam-vṛtta	nominal	veda	veda	nominal	LEMMA_DIVERGE	no	yes		1	1
11	11.51	sa-cetāḥ	sa-cetas	nominal	yajña	yajña	nominal	LEMMA_DIVERGE	no	yes		1	1
11	11.51	prakṛtim	prakṛti	nominal	adhyayanaiḥ	adhyayana	nominal	LEMMA_DIVERGE	no	yes		1	1
11	11.51	gataḥ	gata	nominal	na	na	indecl	LEMMA+POS_DIVERGE	no	no		1	1
11	11.52	śrī-bhagavān	śrī-bhagavant	nominal	dānaiḥ	dāna	nominal	LEMMA_DIVERGE	no	yes		1	1
11	11.52	uvāca	√vac	verb	na	na	indecl	LEMMA+POS_DIVERGE	no	no		1	1
11	11.52	sudurdarśam	su-dur-darśa	nominal	ca	ca	indecl	LEMMA+POS_DIVERGE	no	no		1	1
11	11.52	idam	idam	nominal	kriyābhiḥ	kriyā	nominal	LEMMA_DIVERGE	no	yes		1	1
11	11.52	rūpam	rūpa	nominal	na	na	indecl	LEMMA+POS_DIVERGE	no	no		1	1
11	11.52	dṛṣṭavān	dṛṣṭavant	nominal	tapobhiḥ	tapas	nominal	LEMMA_DIVERGE	no	yes		1	1
11	11.52	asi	√as	verb	ugraiḥ	ugra	indecl	LEMMA+POS_DIVERGE	no	no		1	1
11	11.52	yat	yat	nominal	evaṃrūpaḥ	evaṃrūpa	indecl	LEMMA+POS_DIVERGE	no	no		1	1
11	11.52	mama	asmat	nominal	śakya	śakya	indecl	LEMMA+POS_DIVERGE	no	no		1	1
11	11.52	devāḥ	deva	nominal	ahaṃ	mad	nominal	LEMMA_DIVERGE	no	yes		1	1
11	11.52	api	api	indecl	nṛ	nṛ	nominal	LEMMA+POS_DIVERGE	no	no		1	1
11	11.52	asya	idam	nominal	loke	loka	nominal	LEMMA_DIVERGE	no	yes		1	1
11	11.52	rūpasya	rūpa	nominal	draṣṭuṃ	dṛś	verb	LEMMA+POS_DIVERGE	no	no		1	1
11	11.52	nityam	nityam	indecl	tvad	tvad	nominal	LEMMA+POS_DIVERGE	no	no		1	1
11	11.52	darśana-kāṅkṣiṇaḥ	darśana-kāṅkṣin	nominal	anyena	anya	nominal	LEMMA_DIVERGE	no	yes		1	1
11	11.53	na	na	indecl	kuru	kuru	nominal	LEMMA+POS_DIVERGE	no	no		1	1
11	11.53	aham	asmat	nominal	pravīra	pravīra	nominal	LEMMA_DIVERGE	no	yes		1	1
11	11.53	vedaiḥ	veda	nominal	mā	mā	indecl	LEMMA+POS_DIVERGE	no	no		1	1
11	11.53	na	na	indecl	te	tvad	nominal	LEMMA+POS_DIVERGE	no	no		1	1
11	11.53	tapasā	tapas	nominal	vyathā	vyathā	nominal	LEMMA_DIVERGE	no	yes		1	1
11	11.53	na	na	indecl	mā	mā	indecl	LEMMA_DIVERGE	no	yes		1	1
11	11.53	dānena	dāna	nominal	ca	ca	indecl	LEMMA+POS_DIVERGE	no	no		1	1
11	11.53	na	na	indecl	vimūḍha	vimuh	verb	LEMMA+POS_DIVERGE	no	no		1	1
11	11.53	ca	ca	indecl	bhāvaḥ	bhāva	nominal	LEMMA+POS_DIVERGE	no	no		1	1
11	11.53	ijyayā	ijyā	nominal	dṛṣṭvā	dṛś	verb	LEMMA+POS_DIVERGE	no	no		1	1
11	11.53	śakyaḥ	śakya	nominal	rūpaṃ	rūpa	nominal	LEMMA_DIVERGE	no	yes		1	1
11	11.53	evaṁ-vidhaḥ	evaṁ-vidha	nominal	ghoram	ghora	indecl	LEMMA+POS_DIVERGE	no	no		1	1
11	11.53	draṣṭum	√dṛś	unknown	īdṛś	īdṛś	indecl	LEMMA_CONVENTION+POS_DIVERGE	no	no	vowel-sandhi/contraction	1	1
11	11.53	dṛṣṭavān	dṛṣṭavant	nominal	mama	mad	nominal	LEMMA_DIVERGE	no	yes		1	1
11	11.53	asi	√as	verb	idam	idam	nominal	LEMMA+POS_DIVERGE	no	no		1	1
11	11.53	mām	asmat	nominal	vyapeta	vyape	verb	LEMMA+POS_DIVERGE	no	no		1	1
11	11.53	yathā	yathā	indecl	bhīḥ	bhī	nominal	LEMMA+POS_DIVERGE	no	no		1	1
11	11.54	bhaktyā	bhakti	nominal	prīta	prī	verb	LEMMA+POS_DIVERGE	no	no		1	1
11	11.54	tu	tu	indecl	manāḥ	manas	nominal	LEMMA+POS_DIVERGE	no	no		1	1
11	11.54	ananyayā	an-anyā	nominal	punar	punar	indecl	LEMMA+POS_DIVERGE	no	no		1	1
11	11.54	śakyaḥ	śakya	nominal	tvam	tvad	nominal	LEMMA_DIVERGE	no	yes		1	1
11	11.54	aham	asmat	nominal	tat	tad	nominal	LEMMA_DIVERGE	no	yes		1	1
11	11.54	evaṁ-vidhaḥ	evaṁ-vidha	nominal	eva	eva	indecl	LEMMA+POS_DIVERGE	no	no		1	1
11	11.54	arjuna	arjuna	nominal	me	mad	nominal	LEMMA_DIVERGE	no	yes		1	1
11	11.54	jñātum	√jñā	unknown	rūpam	rūpa	nominal	LEMMA+POS_DIVERGE	no	no		1	1
11	11.54	draṣṭum	√dṛś	unknown	idam	idam	nominal	LEMMA+POS_DIVERGE	no	no		1	1
11	11.54	ca	ca	indecl	prapaśya	prapaś	verb	LEMMA+POS_DIVERGE	no	no		1	1
11	11.54	tattvena	tattvena	indecl	saṃjaya	saṃjaya	nominal	LEMMA+POS_DIVERGE	no	no		1	1
11	11.54	praveṣṭum	pra-√viś	unknown	uvāca	vac	verb	LEMMA+POS_DIVERGE	no	no		1	1
11	11.54	ca	ca	indecl	iti	iti	indecl	LEMMA_DIVERGE	no	yes		1	1
11	11.54	paraṁtapa	param-tapa	nominal	arjunam	arjuna	nominal	LEMMA_DIVERGE	no	yes		1	1
11	11.55	mat-karma-kṛt	mat-karma-kṛt	nominal	vāsudevaḥ	vāsudeva	nominal	LEMMA_DIVERGE	no	yes		1	1
11	11.55	mat-paramaḥ	mat-parama	nominal	tathā	tathā	indecl	LEMMA+POS_DIVERGE	no	no		1	1
11	11.55	mad-bhaktaḥ	mad-bhakta	nominal	uktvā	vac	verb	LEMMA+POS_DIVERGE	no	no		1	1
11	11.55	saṅga-varjitaḥ	saṅga-varjita	nominal	svakaṃ	svaka	indecl	LEMMA+POS_DIVERGE	no	no		1	1
11	11.55	nirvairaḥ	nir-vaira	nominal	rūpaṃ	rūpa	nominal	LEMMA_DIVERGE	no	yes		1	1
11	11.55	sarva-bhūteṣu	sarva-bhūta	nominal	darśayāmāsa	darśay	verb	LEMMA+POS_DIVERGE	no	no		1	1
11	11.55	yaḥ	yat	nominal	bhūyaḥ	bhūyas	indecl	LEMMA+POS_DIVERGE	no	no		1	1
11	11.55	saḥ	tat	nominal	āśvāsayāmāsa	āśvāsay	verb	LEMMA+POS_DIVERGE	no	no		1	1
11	11.55	mām	asmat	nominal	ca	ca	indecl	LEMMA+POS_DIVERGE	no	no		1	1
11	11.55	eti	√i	verb	bhītam	bhī	verb	LEMMA_DIVERGE	no	yes		1	1
11	11.55	pāṇḍava	pāṇḍava	nominal	enam	enad	nominal	LEMMA_DIVERGE	no	yes		1	1
11					bhūtvā|punaḥ|saumya|vapuḥ|mahātmā|arjuna|uvāca|dṛṣṭvā|idam|mānuṣaṃ|rūpaṃ|tava|saumyaṃ|janārdana|idānīm|asmi|saṃvṛttaḥ|sa|cetāḥ|prakṛtiṃ|gataḥ|śrī|bhagavān|uvāca|su|durdarśam|idam|rūpaṃ|dṛṣṭavān|asi|yat|mama|devā|api|asya|rūpasya|nityaṃ|darśana|kāṅkṣiṇaḥ|na|aham|vedaiḥ|na|tapasā|na|dānena|na|ca|ijyayā|śakya|evaṃvidho|draṣṭuṃ|dṛṣṭavān|asi|māṃ|yathā|bhaktyā|tu|an|anyayā|śakya|aham|evaṃvidhaḥ|'rjuna|jñātuṃ|draṣṭuṃ|ca|tattvena|praveṣṭuṃ|ca|paraṃtapa|mad|karma|kṛt|mad|paramaḥ|mad|bhaktaḥ|saṅga|varjitaḥ|nirvairaḥ|sarva|bhūteṣu|yaḥ|sa|mām|eti|pāṇḍava	bhū|punar|saumya|vapus|mahātman|arjuna|vac|dṛś|idam|mānuṣa|rūpa|tvad|saumya|janārdana|idānīm|as|saṃvṛt|sa|cetas|prakṛti|gam|śrī|bhagavant|vac|su|durdarśa|idam|rūpa|dṛś|as|yad|mad|deva|api|idam|rūpa|nityam|darśana|kāṅkṣin|na|mad|veda|na|tapas|na|dāna|na|ca|ijyā|śakya|evaṃvidha|dṛś|dṛś|as|mad|yathā|bhakti|tu|an|anya|śakya|mad|evaṃvidha|arjuna|jñā|dṛś|ca|tattva|praviś|ca|paraṃtapa|mad|karman|kṛt|mad|parama|mad|bhakta|saṅga|varjay|nirvaira|sarva|bhūta|yad|tad|mad|i|pāṇḍava	verb|indecl|indecl|nominal|indecl|nominal|verb|verb|nominal|indecl|nominal|nominal|indecl|nominal|indecl|verb|verb|indecl|nominal|nominal|verb|nominal|nominal|verb|indecl|indecl|nominal|nominal|verb|verb|nominal|nominal|nominal|indecl|nominal|nominal|indecl|nominal|indecl|indecl|nominal|nominal|indecl|nominal|indecl|nominal|indecl|indecl|nominal|indecl|indecl|verb|verb|verb|nominal|indecl|nominal|indecl|indecl|nominal|indecl|nominal|indecl|nominal|verb|verb|indecl|nominal|verb|indecl|indecl|nominal|nominal|indecl|nominal|indecl|nominal|nominal|nominal|verb|indecl|nominal|nominal|nominal|nominal|nominal|verb|nominal	GOLD_ONLY				0	88
12	12.01	arjunaḥ	arjuna	nominal	arjuna	arjuna	nominal	MATCH	yes	yes		1	1
12	12.01	uvāca	√vac	verb	uvāca	vac	verb	MATCH	yes	yes		1	1
12	12.01	evam	evam	indecl	evaṃ	evam	indecl	MATCH	yes	yes		1	1
12	12.01	satata-yuktāḥ	satata-yukta	nominal	satata|yuktāḥ	satata|yuj	indecl|verb	COMPOUND_SPLIT	n/a	n/a		1	2
12	12.01	ye	yat	nominal	ye	yad	nominal	LEMMA_CONVENTION	no	yes	pronoun-stem	1	1
12	12.01	bhaktāḥ	bhakta	nominal	bhaktāḥ	bhakta	nominal	MATCH	yes	yes		1	1
12	12.01	tvām	yuṣmat	nominal	tvām	tvad	nominal	LEMMA_CONVENTION	no	yes	pronoun-stem	1	1
12	12.01	paryupāsate	pari-upa-√ās	verb	paryupāsate	paryupās	verb	LEMMA_DIVERGE	no	yes		1	1
12	12.01	ye	yat	nominal	ye	yad	nominal	LEMMA_CONVENTION	no	yes	pronoun-stem	1	1
12	12.01	ca	ca	indecl	ca	ca	indecl	MATCH	yes	yes		1	1
12	12.01	api	api	indecl	api	api	indecl	MATCH	yes	yes		1	1
12	12.01	akṣaram	a-kṣara	nominal	akṣaram	akṣara	indecl	POS_DIVERGE	yes	no		1	1
12	12.01	avyaktam	a-vyakta	nominal	avyaktam	avyakta	nominal	MATCH	yes	yes		1	1
12	12.01	teṣām	tat	nominal	teṣāṃ	tad	nominal	LEMMA_CONVENTION	no	yes	pronoun-stem	1	1
12	12.01	ke	kim	nominal	ke	ka	nominal	LEMMA_CONVENTION	no	yes	pronoun-stem	1	1
12	12.01	yoga-vittamāḥ	yoga-vittama	nominal	yoga|vittamāḥ	yoga|vittama	nominal|indecl	COMPOUND_SPLIT	n/a	n/a		1	2
12	12.02	śrī-bhagavān	śrī-bhagavant	nominal	śrī|bhagavān	śrī|bhagavant	nominal|nominal	COMPOUND_SPLIT	n/a	n/a		1	2
12	12.02	uvāca	√vac	verb	uvāca	vac	verb	MATCH	yes	yes		1	1
12	12.02	mayi	asmat	nominal	mayi	mad	nominal	LEMMA_CONVENTION	no	yes	pronoun-stem	1	1
12	12.02	āveśya	āveśya	unknown	āveśya	āveśay	verb	LEMMA_CONVENTION+POS_DIVERGE	no	no	vowel-sandhi/contraction	1	1
12	12.02	manaḥ	manas	nominal	mano	manas	nominal	MATCH	yes	yes		1	1
12	12.02	ye	yat	nominal	ye	yad	nominal	LEMMA_CONVENTION	no	yes	pronoun-stem	1	1
12	12.02	mām	asmat	nominal	māṃ	mad	nominal	LEMMA_CONVENTION	no	yes	pronoun-stem	1	1
12	12.02	nitya-yuktāḥ	nitya-yukta	nominal	nitya|yuktāḥ	nitya|yuj	indecl|verb	COMPOUND_SPLIT	n/a	n/a		1	2
12	12.02	upāsate	upa-√ās	verb	upāsate	upās	verb	LEMMA_CONVENTION	no	yes	vowel-sandhi/contraction	1	1
12	12.02	śraddhayā	śrad-dhā	nominal	śraddhayā	śraddhā	nominal	MATCH	yes	yes		1	1
12	12.02	parayā	para	nominal	parayā	para	nominal	MATCH	yes	yes		1	1
12	12.02	upetāḥ	upeta	nominal	upetāḥ	upe	verb	LEMMA+POS_DIVERGE	no	no		1	1
12	12.02	te	tat	nominal	te	tad	nominal	LEMMA_CONVENTION	no	yes	pronoun-stem	1	1
12	12.02	me	asmat	nominal	me	mad	nominal	LEMMA_CONVENTION	no	yes	pronoun-stem	1	1
12	12.02	yuktatamā	yukta-tama	nominal	yuktatamā	yuktatama	indecl	POS_DIVERGE	yes	no		1	1
12	12.02	matāḥ	mata	nominal	matāḥ	man	verb	LEMMA+POS_DIVERGE	no	no		1	1
12	12.03	ye	yat	nominal	ye	yad	nominal	LEMMA_CONVENTION	no	yes	pronoun-stem	1	1
12	12.03	tu	tu	indecl	tv	tu	indecl	MATCH	yes	yes		1	1
12	12.03	akṣaram	a-kṣara	nominal	akṣaram	akṣara	indecl	POS_DIVERGE	yes	no		1	1
12	12.03	anirdeśyam	a-nirdeśya	nominal	a|nirdeśyam	a|nirdiś	indecl|verb	COMPOUND_SPLIT	n/a	n/a		1	2
12	12.03	avyaktam	a-vyakta	nominal	avyaktaṃ	avyakta	nominal	MATCH	yes	yes		1	1
12	12.03	paryupāsate	pari-upa-√ās	verb	paryupāsate	paryupās	verb	LEMMA_DIVERGE	no	yes		1	1
12	12.03	sarvatra-gam	sarvatra-gam	nominal	sarvatragam	sarvatraga	indecl	LEMMA_CONVENTION+POS_DIVERGE	no	no	final-t/d+n	1	1
12	12.03	acintyam	a-cintya	nominal	a|cintyam	a|cintay	indecl|verb	COMPOUND_SPLIT	n/a	n/a		1	2
12	12.03	ca	ca	indecl	ca	ca	indecl	MATCH	yes	yes		1	1
12	12.03	kūṭa-stham	kūṭa-stha	nominal	kūṭastham	kūṭastha	indecl	POS_DIVERGE	yes	no		1	1
12	12.03	acalam	a-cala	nominal	acalam	acala	indecl	POS_DIVERGE	yes	no		1	1
12	12.03	dhruvam	dhruva	nominal	dhruvam	dhruva	indecl	POS_DIVERGE	yes	no		1	1
12	12.04	saṁniyamya	sam-ni-√yam	unknown	saṃniyamya	saṃniyam	verb	LEMMA_CONVENTION+POS_DIVERGE	no	no	nasal-class	1	1
12	12.04	indriya-grāmam	indriya-grāma	nominal	indriya|grāmam	indriya|grāma	nominal|nominal	COMPOUND_SPLIT	n/a	n/a		1	2
12	12.04	sarvatra	sarvatra	indecl	sarvatra	sarvatra	indecl	MATCH	yes	yes		1	1
12	12.04	sama-buddhayaḥ	sama-buddhi	nominal	sama|buddhayaḥ	sama|buddhi	nominal|nominal	COMPOUND_SPLIT	n/a	n/a		1	2
12	12.04	te	tat	nominal	te	tad	nominal	LEMMA_CONVENTION	no	yes	pronoun-stem	1	1
12	12.04	prāpnuvanti	pra-√āp	verb	prāpnuvanti	prāp	verb	LEMMA_CONVENTION	no	yes	vowel-sandhi/contraction	1	1
12	12.04	mām	asmat	nominal	mām	mad	nominal	LEMMA_CONVENTION	no	yes	pronoun-stem	1	1
12	12.04	eva	eva	indecl	eva	eva	indecl	MATCH	yes	yes		1	1
12	12.04	sarva-bhūta-hite	sarva-bhūta-hita	nominal	sarva|bhūta|hite	sarva|bhūta|hita	nominal|nominal|nominal	COMPOUND_SPLIT	n/a	n/a		1	3
12	12.04	ratāḥ	rata	nominal	ratāḥ	ram	verb	LEMMA+POS_DIVERGE	no	no		1	1
12	12.05	kleśaḥ	kleśa	nominal	kleśo	kleśa	nominal	MATCH	yes	yes		1	1
12	12.05	adhikataraḥ	adhikatara	nominal	adhikataraḥ	adhikatara	indecl	POS_DIVERGE	yes	no		1	1
12	12.05	teṣām	tat	nominal	teṣām	tad	nominal	LEMMA_CONVENTION	no	yes	pronoun-stem	1	1
12	12.05	avyaktāsakta-cetasām	avyakta-āsakta-cetas	nominal	avyakta|āsakta|cetasām	avyakta|āsañj|cetas	nominal|verb|nominal	COMPOUND_SPLIT	n/a	n/a		1	3
12	12.05	avyaktā	a-vyakta	nominal	avyaktā	avyakta	indecl	POS_DIVERGE	yes	no		1	1
12	12.05	hi	hi	indecl	hi	hi	indecl	MATCH	yes	yes		1	1
12	12.05	gatiḥ	gati	nominal	gatiḥ	gati	nominal	MATCH	yes	yes		1	1
12	12.05	duḥkham	duḥkham	indecl	duḥkham	duḥkham	indecl	MATCH	yes	yes		1	1
12	12.05	dehavadbhiḥ	dehavant	nominal	dehavadbhiḥ	dehavat	indecl	LEMMA_CONVENTION+POS_DIVERGE	no	no	final-t/d+n	1	1
12	12.05	avāpyate	ava-√āp	verb	avāpyate	avāp	verb	LEMMA_CONVENTION	no	yes	vowel-sandhi/contraction	1	1
12	12.06	ye	yat	nominal	ye	yad	nominal	LEMMA_CONVENTION	no	yes	pronoun-stem	1	1
12	12.06	tu	tu	indecl	tu	tu	indecl	MATCH	yes	yes		1	1
12	12.06	sarvāṇi	sarva	nominal	sarvāṇi	sarva	nominal	MATCH	yes	yes		1	1
12	12.06	karmāṇi	karman	nominal	karmāṇi	karman	nominal	MATCH	yes	yes		1	1
12	12.06	mayi	asmat	nominal	mayi	mad	nominal	LEMMA_CONVENTION	no	yes	pronoun-stem	1	1
12	12.06	saṁnyasya	sam-ni-√as	unknown	saṃnyasya	saṃnyas	verb	LEMMA+POS_DIVERGE	no	no		1	1
12	12.06	mat-parāḥ	mat-para	nominal	mad	mad	nominal	LEMMA_DIVERGE	no	yes		1	1
12					parāḥ	para	nominal	GOLD_ONLY				0	1
12	12.06	ananyena	an-anyā	nominal	an|anyena	an|anya	indecl|nominal	COMPOUND_SPLIT	n/a	n/a		1	2
12	12.06	eva	eva	indecl	eva	eva	indecl	MATCH	yes	yes		1	1
12	12.06	yogena	yoga	nominal	yogena	yoga	nominal	MATCH	yes	yes		1	1
12	12.06	mām	asmat	nominal	māṃ	mad	nominal	LEMMA_CONVENTION	no	yes	pronoun-stem	1	1
12	12.06	dhyāyantaḥ	dhyāyant	nominal	dhyāyanta	dhyā	verb	LEMMA+POS_DIVERGE	no	no		1	1
12	12.06	upāsate	upa-√ās	verb	upāsate	upās	verb	LEMMA_CONVENTION	no	yes	vowel-sandhi/contraction	1	1
12	12.07	teṣām	tat	nominal	teṣām	tad	nominal	LEMMA_CONVENTION	no	yes	pronoun-stem	1	1
12	12.07	aham	asmat	nominal	aham	mad	nominal	LEMMA_CONVENTION	no	yes	pronoun-stem	1	1
12	12.07	samuddhartā	sam-ud-dhartṛ	nominal	samuddhartā	samuddhartṛ	indecl	POS_DIVERGE	yes	no		1	1
12	12.07	mṛtyu-saṁsāra-sāgarāt	mṛtyu-saṁsāra-vartman	nominal	mṛtyu|saṃsāra|sāgarāt	mṛtyu|saṃsāra|sāgara	nominal|nominal|nominal	COMPOUND_SPLIT	n/a	n/a		1	3
12	12.07	bhavāmi	√bhū	verb	bhavāmi	bhū	verb	MATCH	yes	yes		1	1
12	12.07	nacirāt	nacirāt	indecl	nacirāt	nacirāt	indecl	MATCH	yes	yes		1	1
12	12.07	pārtha	pārtha	nominal	pārtha	pārtha	nominal	MATCH	yes	yes		1	1
12	12.07	mayi	asmat	nominal	mayi	mad	nominal	LEMMA_CONVENTION	no	yes	pronoun-stem	1	1
12	12.07	āveśita-cetasām	āveśita-cetas	nominal	āveśita|cetasām	āveśay|cetas	verb|nominal	COMPOUND_SPLIT	n/a	n/a		1	2
12	12.08	mayi	asmat	nominal	mayi	mad	nominal	LEMMA_CONVENTION	no	yes	pronoun-stem	1	1
12	12.08	eva	eva	indecl	eva	eva	indecl	MATCH	yes	yes		1	1
12	12.08	manaḥ	manas	nominal	mana	manas	nominal	MATCH	yes	yes		1	1
12	12.08	ādhatsva	ā-√dhā	verb	ādhatsva	ādhā	verb	MATCH	yes	yes		1	1
12	12.08	mayi	asmat	nominal	mayi	mad	nominal	LEMMA_CONVENTION	no	yes	pronoun-stem	1	1
12	12.08	buddhim	buddhi	nominal	buddhiṃ	buddhi	nominal	MATCH	yes	yes		1	1
12	12.08	niveśaya	ni-√viś	verb	niveśaya	niveśay	verb	LEMMA_DIVERGE	no	yes		1	1
12	12.08	nivasiṣyasi	ni-√vas	verb	nivasiṣyasi	nivas	verb	MATCH	yes	yes		1	1
12	12.08	mayi	asmat	nominal	mayi	mad	nominal	LEMMA_CONVENTION	no	yes	pronoun-stem	1	1
12	12.08	eva	eva	indecl	eva	eva	indecl	MATCH	yes	yes		1	1
12	12.08	ataḥ	ataḥ	indecl	ata	atas	indecl	LEMMA_CONVENTION	no	yes	adverb--tas/-taḥ	1	1
12	12.08	ūrdhvam	ūrdhvam	indecl	ūrdhvaṃ	ūrdhvam	indecl	MATCH	yes	yes		1	1
12	12.08	na	na	indecl	na	na	indecl	MATCH	yes	yes		1	1
12	12.08	saṁśayaḥ	saṁśaya	nominal	saṃśayaḥ	saṃśaya	nominal	MATCH	yes	yes		1	1
12	12.09	atha	atha	indecl	atha	atha	indecl	MATCH	yes	yes		1	1
12	12.09	cittam	citta	nominal	cittaṃ	citta	nominal	MATCH	yes	yes		1	1
12	12.09	samādhātum	sam-ā-√dhā	unknown	samādhātuṃ	samādhā	verb	POS_DIVERGE	yes	no		1	1
12	12.09	na	na	indecl	na	na	indecl	MATCH	yes	yes		1	1
12	12.09	śaknoṣi	√śak	verb	śaknoṣi	śak	verb	MATCH	yes	yes		1	1
12	12.09	mayi	asmat	nominal	mayi	mad	nominal	LEMMA_CONVENTION	no	yes	pronoun-stem	1	1
12	12.09	sthiram	sthira	nominal	sthiram	sthira	indecl	POS_DIVERGE	yes	no		1	1
12	12.09	abhyāsa-yogena	abhyāsa-yoga	nominal	abhyāsa|yogena	abhyāsa|yoga	nominal|nominal	COMPOUND_SPLIT	n/a	n/a		1	2
12	12.09	tataḥ	tataḥ	indecl	tato	tatas	indecl	LEMMA_CONVENTION	no	yes	adverb--tas/-taḥ	1	1
12	12.09	mām	asmat	nominal	mām	mad	nominal	LEMMA_CONVENTION	no	yes	pronoun-stem	1	1
12	12.09	iccha	√iṣ	verb	iccha	iṣ	verb	MATCH	yes	yes		1	1
12	12.09	āptum	√āp	unknown	āptum	āp	verb	POS_DIVERGE	yes	no		1	1
12	12.09	dhanaṁjaya	dhanaṁ-jaya	nominal	dhanaṃjaya	dhanaṃjaya	nominal	MATCH	yes	yes		1	1
12	12.10	abhyāse	abhyāsa	nominal	abhyāse	abhyāsa	nominal	MATCH	yes	yes		1	1
12	12.10	api	api	indecl	api	api	indecl	MATCH	yes	yes		1	1
12	12.10	asamarthaḥ	asamartha	nominal	asamarthaḥ	asamartha	indecl	POS_DIVERGE	yes	no		1	1
12	12.10	asi	√as	verb	'si	as	verb	MATCH	yes	yes		1	1
12	12.10	mat-karma-paramaḥ	mat-karma-parama	nominal	mad	mad	nominal	LEMMA_DIVERGE	no	yes		1	1
12	12.10	bhava	√bhū	verb	karma	karman	nominal	LEMMA+POS_DIVERGE	no	no		1	1
12	12.10	mad-artham	mad-artham	indecl	paramaḥ	parama	indecl	LEMMA_DIVERGE	no	yes		1	1
12	12.10	api	api	indecl	bhava	bhū	verb	LEMMA+POS_DIVERGE	no	no		1	1
12	12.10	karmāṇi	karman	nominal	mad	mad	nominal	LEMMA_DIVERGE	no	yes		1	1
12	12.10	kurvan	kurvant	nominal	artham	artha	nominal	LEMMA_DIVERGE	no	yes		1	1
12	12.10	siddhim	siddhi	nominal	api	api	indecl	LEMMA+POS_DIVERGE	no	no		1	1
12	12.10	avāpsyasi	ava-√āp	verb	karmāṇi	karman	nominal	LEMMA+POS_DIVERGE	no	no		1	1
12	12.11	atha	atha	indecl	kurvan	kṛ	verb	LEMMA+POS_DIVERGE	no	no		1	1
12	12.11	etat	etat	nominal	siddhim	siddhi	nominal	LEMMA_DIVERGE	no	yes		1	1
12	12.11	api	api	indecl	avāpsyasi	avāp	verb	LEMMA+POS_DIVERGE	no	no		1	1
12	12.11	aśaktaḥ	a-śakta	nominal	atha	atha	indecl	LEMMA+POS_DIVERGE	no	no		1	1
12	12.11	asi	√as	verb	etat	etad	nominal	LEMMA+POS_DIVERGE	no	no		1	1
12	12.11	kartum	√kṛ	unknown	api	api	indecl	LEMMA+POS_DIVERGE	no	no		1	1
12	12.11	mad-yogam	mad-yoga	nominal	aśaktaḥ	aśakta	indecl	LEMMA+POS_DIVERGE	no	no		1	1
12	12.11	āśritaḥ	āśrita	nominal	'si	as	verb	LEMMA+POS_DIVERGE	no	no		1	1
12	12.11	sarva-karma-phala-tyāgam	sarva-karma-phala-tyāga	nominal	kartuṃ	kṛ	verb	LEMMA+POS_DIVERGE	no	no		1	1
12	12.11	tataḥ	tataḥ	indecl	mad	mad	nominal	LEMMA+POS_DIVERGE	no	no		1	1
12	12.11	kuru	√kṛ	verb	yogam	yoga	nominal	LEMMA+POS_DIVERGE	no	no		1	1
12	12.11	yatātmavān	yata-ātmavant	nominal	āśritaḥ	āśri	verb	LEMMA+POS_DIVERGE	no	no		1	1
12	12.12	śreyaḥ	śreyas	nominal	sarva	sarva	nominal	LEMMA_DIVERGE	no	yes		1	1
12	12.12	hi	hi	indecl	karma	karman	nominal	LEMMA+POS_DIVERGE	no	no		1	1
12	12.12	jñānam	jñāna	nominal	phala	phala	nominal	LEMMA_DIVERGE	no	yes		1	1
12	12.12	abhyāsāt	abhyāsa	nominal	tyāgam	tyāga	nominal	LEMMA_DIVERGE	no	yes		1	1
12	12.12	jñānāt	jñāna	nominal	tataḥ	tatas	indecl	LEMMA+POS_DIVERGE	no	no		1	1
12	12.12	dhyānam	dhyāna	nominal	kuru	kṛ	verb	LEMMA+POS_DIVERGE	no	no		1	1
12	12.12	viśiṣyate	vi-√śiṣ	verb	yata	yam	verb	LEMMA_DIVERGE	no	yes		1	1
12	12.12	dhyānāt	dhyāna	nominal	ātmavān	ātmavat	indecl	LEMMA+POS_DIVERGE	no	no		1	1
12	12.12	karma-phala-tyāgaḥ	karma-phala-tyāga	nominal	śreyo	śreyas	indecl	LEMMA+POS_DIVERGE	no	no		1	1
12	12.12	tyāgāt	tyāga	nominal	hi	hi	indecl	LEMMA+POS_DIVERGE	no	no		1	1
12	12.12	śāntiḥ	śānti	nominal	jñānam	jñāna	nominal	LEMMA_DIVERGE	no	yes		1	1
12	12.12	anantaram	anantaram	indecl	abhyāsāt	abhyāsa	nominal	LEMMA+POS_DIVERGE	no	no		1	1
12	12.13	adveṣṭā	a-dveṣṭṛ	nominal	jñānāt	jñāna	nominal	LEMMA_DIVERGE	no	yes		1	1
12	12.13	sarva-bhūtānām	sarva-bhūta	nominal	dhyānam	dhyāna	nominal	LEMMA_DIVERGE	no	yes		1	1
12	12.13	maitraḥ	maitra	nominal	viśiṣyate	viśiṣ	verb	LEMMA+POS_DIVERGE	no	no		1	1
12	12.13	karuṇaḥ	karuṇa	nominal	dhyānāt	dhyāna	nominal	LEMMA_DIVERGE	no	yes		1	1
12	12.13	eva	eva	indecl	karma	karman	nominal	LEMMA+POS_DIVERGE	no	no		1	1
12	12.13	ca	ca	indecl	phala	phala	nominal	LEMMA+POS_DIVERGE	no	no		1	1
12	12.13	nirmamaḥ	nir-mama	nominal	tyāgaḥ	tyāga	nominal	LEMMA_DIVERGE	no	yes		1	1
12	12.13	nirahaṁ-kāraḥ	nir-ahaṁ-kāra	nominal	tyāgāt	tyāga	nominal	LEMMA_DIVERGE	no	yes		1	1
12	12.13	sama-duḥkha-sukhaḥ	sama-duḥkha-sukha	nominal	śāntiḥ	śānti	nominal	LEMMA_DIVERGE	no	yes		1	1
12	12.13	kṣamī	kṣamin	nominal	anantaram	anantaram	indecl	LEMMA+POS_DIVERGE	no	no		1	1
12	12.14	saṁtuṣṭaḥ	saṁtuṣṭa	nominal	a	a	indecl	LEMMA+POS_DIVERGE	no	no		1	1
12	12.14	satatam	satatam	indecl	dveṣṭā	dveṣṭṛ	indecl	LEMMA_DIVERGE	no	yes		1	1
12	12.14	yogī	yogin	nominal	sarva	sarva	nominal	LEMMA_DIVERGE	no	yes		1	1
12	12.14	yatātmā	yatātman	nominal	bhūtānām	bhūta	nominal	LEMMA_DIVERGE	no	yes		1	1
12	12.14	dṛḍha-niścayaḥ	dṛḍha-niścaya	nominal	maitraḥ	maitra	indecl	LEMMA+POS_DIVERGE	no	no		1	1
12	12.14	mayi	asmat	nominal	karuṇa	karuṇa	indecl	LEMMA+POS_DIVERGE	no	no		1	1
12	12.14	arpita-mano-buddhiḥ	arpita-mano-buddhi	nominal	eva	eva	indecl	LEMMA+POS_DIVERGE	no	no		1	1
12	12.14	yaḥ	yat	nominal	ca	ca	indecl	LEMMA+POS_DIVERGE	no	no		1	1
12	12.14	mad-bhaktaḥ	mad-bhakta	nominal	nirmamo	nirmama	indecl	LEMMA+POS_DIVERGE	no	no		1	1
12					nirahaṃkāraḥ	nirahaṃkāra	indecl	GOLD_ONLY				0	1
12	12.14	saḥ|me	tat|asmat	nominal|nominal	sama	sama	nominal	MERGE	n/a	n/a		2	1
12	12.14	priyaḥ	priya	nominal	duḥkha	duḥkha	nominal	LEMMA_DIVERGE	no	yes		1	1
12	12.15	yasmāt	yat	nominal	sukhaḥ	sukha	nominal	LEMMA_DIVERGE	no	yes		1	1
12	12.15	na	na	indecl	kṣamī	kṣamin	indecl	LEMMA_DIVERGE	no	yes		1	1
12	12.15	udvijate	ud-√vij	verb	saṃtuṣṭaḥ	saṃtuṣ	verb	LEMMA_DIVERGE	no	yes		1	1
12	12.15	lokaḥ	loka	nominal	satataṃ	satatam	indecl	LEMMA+POS_DIVERGE	no	no		1	1
12	12.15	lokāt	loka	nominal	yogī	yogin	nominal	LEMMA_DIVERGE	no	yes		1	1
12	12.15	na	na	indecl	yata	yam	verb	LEMMA+POS_DIVERGE	no	no		1	1
12	12.15	udvijate	ud-√vij	verb	ātmā	ātman	nominal	LEMMA+POS_DIVERGE	no	no		1	1
12	12.15	ca	ca	indecl	dṛḍha	dṛḍha	indecl	LEMMA_DIVERGE	no	yes		1	1
12	12.15	yaḥ	yat	nominal	niścayaḥ	niścaya	nominal	LEMMA_DIVERGE	no	yes		1	1
12	12.15	harṣāmarṣa-bhayodvegaiḥ	harṣa-amarṣa-bhaya-udvega	nominal	mayi	mad	nominal	LEMMA_DIVERGE	no	yes		1	1
12	12.15	muktaḥ	mukta	nominal	arpita	arpay	verb	LEMMA+POS_DIVERGE	no	no		1	1
12	12.15	yaḥ	yat	nominal	manaḥ	manas	nominal	LEMMA_DIVERGE	no	yes		1	1
12	12.15	saḥ	tat	nominal	buddhiḥ	buddhi	nominal	LEMMA_DIVERGE	no	yes		1	1
12	12.15	ca	ca	indecl	yaḥ	yad	nominal	LEMMA+POS_DIVERGE	no	no		1	1
12	12.15	me	asmat	nominal	mad	mad	nominal	LEMMA_CONVENTION	no	yes	pronoun-stem	1	1
12	12.15	priyaḥ	priya	nominal	bhaktaḥ	bhakta	nominal	LEMMA_DIVERGE	no	yes		1	1
12	12.16	anapekṣaḥ	an-apekṣa	nominal	sa	tad	nominal	LEMMA_DIVERGE	no	yes		1	1
12	12.16	śuciḥ	śuci	nominal	me	mad	nominal	LEMMA_DIVERGE	no	yes		1	1
12	12.16	dakṣaḥ	dakṣa	nominal	priyaḥ	priya	indecl	LEMMA+POS_DIVERGE	no	no		1	1
12	12.16	udāsīnaḥ	udāsīna	nominal	yasmāt	yad	nominal	LEMMA_DIVERGE	no	yes		1	1
12	12.16	gata-vyathaḥ	gata-vyatha	nominal	na	na	indecl	LEMMA+POS_DIVERGE	no	no		1	1
12	12.16	sarvārambha-parityāgī	sarva-ārambha-parityāgin	nominal	udvijate	udvij	verb	LEMMA+POS_DIVERGE	no	no		1	1
12	12.16	yaḥ	yat	nominal	loko	loka	nominal	LEMMA_DIVERGE	no	yes		1	1
12	12.16	mad-bhaktaḥ	mad-bhakta	nominal	lokāt	loka	nominal	LEMMA_DIVERGE	no	yes		1	1
12	12.16	saḥ	tat	nominal	na	na	indecl	LEMMA+POS_DIVERGE	no	no		1	1
12	12.16	me	asmat	nominal	udvijate	udvij	verb	LEMMA+POS_DIVERGE	no	no		1	1
12	12.16	priyaḥ	priya	nominal	ca	ca	indecl	LEMMA+POS_DIVERGE	no	no		1	1
12	12.17	yaḥ	yat	nominal	yaḥ	yad	nominal	LEMMA_CONVENTION	no	yes	pronoun-stem	1	1
12	12.17	na	na	indecl	harṣa	harṣa	nominal	LEMMA+POS_DIVERGE	no	no		1	1
12	12.17	hṛṣyati	√hṛṣ	verb	amarṣa	amarṣa	nominal	LEMMA+POS_DIVERGE	no	no		1	1
12	12.17	na	na	indecl	bhaya	bhaya	nominal	LEMMA+POS_DIVERGE	no	no		1	1
12	12.17	dveṣṭi	√dviṣ	verb	udvegaiḥ	udvega	nominal	LEMMA+POS_DIVERGE	no	no		1	1
12	12.17	na	na	indecl	muktaḥ	muc	verb	LEMMA+POS_DIVERGE	no	no		1	1
12	12.17	śocati	√śuc	verb	yaḥ	yad	nominal	LEMMA+POS_DIVERGE	no	no		1	1
12	12.17	na	na	indecl	sa	tad	nominal	LEMMA+POS_DIVERGE	no	no		1	1
12	12.17	kāṅkṣati	√kāṅkṣ	verb	ca	ca	indecl	LEMMA+POS_DIVERGE	no	no		1	1
12	12.17	śubhāśubha-parityāgī	śubha-aśubha-parityāgin	nominal	me	mad	nominal	LEMMA_DIVERGE	no	yes		1	1
12	12.17	bhaktimān	bhaktiman	nominal	priyaḥ	priya	indecl	LEMMA+POS_DIVERGE	no	no		1	1
12	12.17	yaḥ	yat	nominal	anapekṣaḥ	anapekṣa	indecl	LEMMA+POS_DIVERGE	no	no		1	1
12	12.17	saḥ	tat	nominal	śuciḥ	śuci	indecl	LEMMA+POS_DIVERGE	no	no		1	1
12	12.17	me	asmat	nominal	dakṣaḥ	dakṣa	indecl	LEMMA+POS_DIVERGE	no	no		1	1
12	12.17	priyaḥ	priya	nominal	udāsīno	udāsīna	indecl	LEMMA+POS_DIVERGE	no	no		1	1
12	12.18	samaḥ	sama	nominal	gata	gam	verb	LEMMA+POS_DIVERGE	no	no		1	1
12	12.18	śatrau	śatru	nominal	vyathaḥ	vyathā	nominal	LEMMA_DIVERGE	no	yes		1	1
12	12.18	ca	ca	indecl	sarva	sarva	nominal	LEMMA+POS_DIVERGE	no	no		1	1
12	12.18	mitre	mitra	nominal	ārambha	ārambha	nominal	LEMMA_DIVERGE	no	yes		1	1
12	12.18	ca	ca	indecl	parityāgī	parityāgin	indecl	LEMMA_DIVERGE	no	yes		1	1
12	12.18	tathā	tathā	indecl	yo	yad	nominal	LEMMA+POS_DIVERGE	no	no		1	1
12	12.18	mānāvamānayoḥ	māna-avamāna	nominal	mad	mad	nominal	LEMMA_DIVERGE	no	yes		1	1
12	12.18	śītoṣṇa-sukha-duḥkheṣu	śīta-uṣṇa-sukha-duḥkha	nominal	bhaktaḥ	bhakta	nominal	LEMMA_DIVERGE	no	yes		1	1
12	12.18	samaḥ	sama	nominal	sa|me	tad|mad	nominal|nominal	COMPOUND_SPLIT	n/a	n/a		1	2
12	12.18	saṅga-vivarjitaḥ	saṅga-vivarjita	nominal	priyaḥ	priya	indecl	LEMMA+POS_DIVERGE	no	no		1	1
12	12.19	tulya-nindā-stutiḥ	tulya-nindā-stuti	nominal	yo	yad	nominal	LEMMA_DIVERGE	no	yes		1	1
12	12.19	maunī	maunin	nominal	na	na	indecl	LEMMA+POS_DIVERGE	no	no		1	1
12	12.19	saṁtuṣṭaḥ	saṁtuṣṭa	nominal	hṛṣyati	hṛṣ	verb	LEMMA+POS_DIVERGE	no	no		1	1
12	12.19	yena	yat	nominal	na	na	indecl	LEMMA+POS_DIVERGE	no	no		1	1
12	12.19	kena-cit	kim-cit	nominal	dveṣṭi	dviṣ	verb	LEMMA+POS_DIVERGE	no	no		1	1
12	12.19	aniketaḥ	a-niketa	nominal	na	na	indecl	LEMMA+POS_DIVERGE	no	no		1	1
12	12.19	sthira-matiḥ	sthira-buddhi	nominal	śocati	śuc	verb	LEMMA+POS_DIVERGE	no	no		1	1
12	12.19	bhaktimān	bhaktiman	nominal	na	na	indecl	LEMMA+POS_DIVERGE	no	no		1	1
12	12.19	me	asmat	nominal	kāṅkṣati	kāṅkṣ	verb	LEMMA+POS_DIVERGE	no	no		1	1
12	12.19	priyaḥ	priya	nominal	śubha	śubha	indecl	LEMMA+POS_DIVERGE	no	no		1	1
12	12.19	naraḥ	nara	nominal	aśubha	aśubha	indecl	LEMMA+POS_DIVERGE	no	no		1	1
12	12.20	ye	yat	nominal	parityāgī	parityāgin	indecl	LEMMA+POS_DIVERGE	no	no		1	1
12	12.20	tu	tu	indecl	bhaktimān	bhaktimat	indecl	LEMMA_DIVERGE	no	yes		1	1
12	12.20	dharmyāmṛtam	dharmya-amṛta	nominal	yaḥ	yad	nominal	LEMMA_DIVERGE	no	yes		1	1
12	12.20	idam	idam	nominal	sa	tad	nominal	LEMMA_DIVERGE	no	yes		1	1
12	12.20	yathā	yathā	indecl	me	mad	nominal	LEMMA+POS_DIVERGE	no	no		1	1
12	12.20	uktam	ukta	nominal	priyaḥ	priya	indecl	LEMMA+POS_DIVERGE	no	no		1	1
12	12.20	paryupāsate	pari-upa-√ās	verb	samaḥ	sama	nominal	LEMMA+POS_DIVERGE	no	no		1	1
12	12.20	śraddadhānāḥ	śrad-dadhāna	nominal	śatrau	śatru	nominal	LEMMA_DIVERGE	no	yes		1	1
12	12.20	mat-paramāḥ	mat-parama	nominal	ca	ca	indecl	LEMMA+POS_DIVERGE	no	no		1	1
12	12.20	bhaktāḥ	bhakta	nominal	mitre	mitra	nominal	LEMMA_DIVERGE	no	yes		1	1
12	12.20	te	tat	nominal	ca	ca	indecl	LEMMA+POS_DIVERGE	no	no		1	1
12	12.20	atīva	atīva	indecl	tathā	tathā	indecl	LEMMA_DIVERGE	no	yes		1	1
12	12.20	me	asmat	nominal	māna	māna	nominal	LEMMA_DIVERGE	no	yes		1	1
12	12.20	priyāḥ	priya	nominal	avamānayoḥ	avamāna	nominal	LEMMA_DIVERGE	no	yes		1	1
12					śīta|uṣṇa|sukha|duḥkheṣu|samaḥ|saṅga|vivarjitaḥ|tulya|nindā|stutiḥ|maunī|saṃtuṣṭo|yena|kenacit|aniketaḥ|sthira|matiḥ|bhaktimān|me|priyo|naraḥ|ye|tu|dharmya|amṛtam|idam|yathā|uktam|paryupāsate|śraddadhānā|mad|paramāḥ|bhaktāḥ|te|'tīva|me|priyāḥ	śīta|uṣṇa|sukha|duḥkha|sama|saṅga|vivarjay|tulya|nindā|stuti|maunin|saṃtuṣ|yad|kaścit|aniketa|sthira|mati|bhaktimat|mad|priya|nara|yad|tu|dharmya|amṛta|idam|yathā|vac|paryupās|śraddhā|mad|parama|bhakta|tad|atīva|mad|priya	nominal|nominal|nominal|nominal|nominal|nominal|verb|indecl|nominal|nominal|indecl|verb|nominal|nominal|indecl|indecl|nominal|indecl|nominal|indecl|nominal|nominal|indecl|indecl|nominal|nominal|indecl|verb|verb|verb|nominal|indecl|nominal|nominal|indecl|nominal|indecl	GOLD_ONLY				0	37
13	13.00	arjunaḥ	arjuna	nominal	śrī	śrī	nominal	LEMMA_DIVERGE	no	yes		1	1
13					bhagavān	bhagavant	nominal	GOLD_ONLY				0	1
13	13.00	uvāca	√vac	verb	uvāca	vac	verb	MATCH	yes	yes		1	1
13	13.00	prakṛtim	prakṛti	nominal	idaṃ	idam	nominal	LEMMA_DIVERGE	no	yes		1	1
13	13.00	puruṣam	puruṣa	nominal	śarīraṃ	śarīra	nominal	LEMMA_DIVERGE	no	yes		1	1
13	13.00	ca	ca	indecl	kaunteya	kaunteya	nominal	LEMMA+POS_DIVERGE	no	no		1	1
13	13.00	eva	eva	indecl				DCS_ONLY				1	0
13	13.00	kṣetram	kṣetra	nominal	kṣetram	kṣetra	nominal	MATCH	yes	yes		1	1
13	13.00	kṣetra-jñam	kṣetra-jña	nominal	iti	iti	indecl	LEMMA+POS_DIVERGE	no	no		1	1
13	13.00	eva	eva	indecl	abhidhīyate	abhidhā	verb	LEMMA+POS_DIVERGE	no	no		1	1
13	13.00	ca	ca	indecl				DCS_ONLY				1	0
13	13.00	etat	etat	nominal	etat	etad	nominal	LEMMA_CONVENTION	no	yes	pronoun-stem	1	1
13	13.00	veditum	√vid	unknown	yaḥ	yad	nominal	LEMMA+POS_DIVERGE	no	no		1	1
13	13.00	icchāmi	√iṣ	verb	vetti	vid	verb	LEMMA_DIVERGE	no	yes		1	1
13	13.00	jñānam	jñāna	nominal	taṃ	tad	nominal	LEMMA_DIVERGE	no	yes		1	1
13	13.00	jñeyam	jñeya	nominal	prāhuḥ	prāh	verb	LEMMA+POS_DIVERGE	no	no		1	1
13	13.00	ca	ca	indecl	kṣetrajña	kṣetrajña	nominal	LEMMA+POS_DIVERGE	no	no		1	1
13	13.00	keśava	keśa-va	nominal	iti	iti	indecl	LEMMA+POS_DIVERGE	no	no		1	1
13	13.01	śrī-bhagavān	śrī-bhagavant	nominal	tad	tad	nominal	LEMMA_DIVERGE	no	yes		1	1
13	13.01	uvāca	√vac	verb	vidaḥ	vid	indecl	LEMMA+POS_DIVERGE	no	no		1	1
13	13.01	idam	idam	nominal	kṣetrajñaṃ	kṣetrajña	nominal	LEMMA_DIVERGE	no	yes		1	1
13	13.01	śarīram	śarīra	nominal	ca	ca	indecl	LEMMA+POS_DIVERGE	no	no		1	1
13	13.01	kaunteya	kaunteya	nominal	api	api	indecl	LEMMA+POS_DIVERGE	no	no		1	1
13	13.01	kṣetram	kṣetra	nominal	māṃ	mad	nominal	LEMMA_DIVERGE	no	yes		1	1
13	13.01	iti	iti	indecl	viddhi	vid	verb	LEMMA+POS_DIVERGE	no	no		1	1
13	13.01	abhidhīyate	abhi-√dhā	verb	sarva	sarva	nominal	LEMMA+POS_DIVERGE	no	no		1	1
13	13.01	etat	etat	nominal	kṣetreṣu	kṣetra	nominal	LEMMA_DIVERGE	no	yes		1	1
13	13.01	yaḥ	yat	nominal	bhārata	bhārata	nominal	LEMMA_DIVERGE	no	yes		1	1
13	13.01	vetti	√vid	verb	kṣetra	kṣetra	nominal	LEMMA+POS_DIVERGE	no	no		1	1
13	13.01	tam	tat	nominal	kṣetrajñayoḥ	kṣetrajña	nominal	LEMMA_DIVERGE	no	yes		1	1
13	13.01	prāhuḥ	pra-√ah	verb	jñānam	jñāna	nominal	LEMMA+POS_DIVERGE	no	no		1	1
13	13.01	kṣetra-jñaḥ	kṣetra-jña	nominal	yat	yad	nominal	LEMMA_DIVERGE	no	yes		1	1
13	13.01	iti	iti	indecl	tat	tad	nominal	LEMMA+POS_DIVERGE	no	no		1	1
13	13.01	tad-vidaḥ	tad-vit	nominal	jñānam	jñāna	nominal	LEMMA_DIVERGE	no	yes		1	1
13	13.02	kṣetra-jñam	kṣetra-jña	nominal	mataṃ	man	verb	LEMMA+POS_DIVERGE	no	no		1	1
13	13.02	ca	ca	indecl	mama	mad	nominal	LEMMA+POS_DIVERGE	no	no		1	1
13	13.02	api	api	indecl	tat	tad	nominal	LEMMA+POS_DIVERGE	no	no		1	1
13	13.02	mām	asmat	nominal	kṣetram	kṣetra	nominal	LEMMA_DIVERGE	no	yes		1	1
13	13.02	viddhi	√vid	verb	yat	yad	nominal	LEMMA+POS_DIVERGE	no	no		1	1
13	13.02	sarva-kṣetreṣu	sarva-kṣetra	nominal	ca	ca	indecl	LEMMA+POS_DIVERGE	no	no		1	1
13	13.02	bhārata	bhārata	nominal	yādṛś	yādṛś	indecl	LEMMA+POS_DIVERGE	no	no		1	1
13	13.02	kṣetra-kṣetrajñayoḥ	kṣetra-kṣetra-jña	nominal	ca	ca	indecl	LEMMA+POS_DIVERGE	no	no		1	1
13	13.02	jñānam	jñāna	nominal				DCS_ONLY				1	0
13	13.02	yat	yat	nominal	yat	yad	nominal	LEMMA_CONVENTION	no	yes	pronoun-stem	1	1
13	13.02	tat	tat	nominal	vikāri	vikārin	indecl	LEMMA+POS_DIVERGE	no	no		1	1
13	13.02	jñānam	jñāna	nominal	yatas	yatas	indecl	LEMMA+POS_DIVERGE	no	no		1	1
13	13.02	matam	mata	nominal	ca	ca	indecl	LEMMA+POS_DIVERGE	no	no		1	1
13	13.02	mama	asmat	nominal	yat	yad	nominal	LEMMA_DIVERGE	no	yes		1	1
13	13.03	tat	tat	nominal	sa	tad	nominal	LEMMA_CONVENTION	no	yes	pronoun-stem	1	1
13	13.03	kṣetram	kṣetra	nominal	ca	ca	indecl	LEMMA+POS_DIVERGE	no	no		1	1
13	13.03	yat	yat	nominal	yo	yad	nominal	LEMMA_CONVENTION	no	yes	pronoun-stem	1	1
13	13.03	ca	ca	indecl	yad	yad	nominal	LEMMA+POS_DIVERGE	no	no		1	1
13	13.03	yādṛk	yādṛk	indecl	prabhāvaḥ	prabhāva	nominal	LEMMA+POS_DIVERGE	no	no		1	1
13	13.03	ca	ca	indecl	ca	ca	indecl	MATCH	yes	yes		1	1
13	13.03	yad-vikāri	yad-vikārin	nominal	tat	tad	nominal	LEMMA_DIVERGE	no	yes		1	1
13	13.03	yataḥ	yataḥ	indecl	samāsena	samāsena	indecl	LEMMA_DIVERGE	no	yes		1	1
13	13.03	ca	ca	indecl	me	mad	nominal	LEMMA+POS_DIVERGE	no	no		1	1
13	13.03	yat	yat	nominal	śṛṇu	śru	verb	LEMMA+POS_DIVERGE	no	no		1	1
13	13.03	saḥ	tat	nominal	ṛṣibhiḥ	ṛṣi	nominal	LEMMA_DIVERGE	no	yes		1	1
13	13.03	ca	ca	indecl	bahudhā	bahudhā	indecl	LEMMA_DIVERGE	no	yes		1	1
13	13.03	yaḥ	yat	nominal	gītaṃ	gā	verb	LEMMA+POS_DIVERGE	no	no		1	1
13	13.03	yat-prabhāvaḥ	yat-prabhāva	nominal	chandobhiḥ	chandas	nominal	LEMMA_DIVERGE	no	yes		1	1
13	13.03	ca	ca	indecl	vividhaiḥ	vividha	indecl	LEMMA_DIVERGE	no	yes		1	1
13	13.03	tat	tat	nominal	pṛthak	pṛthak	indecl	LEMMA+POS_DIVERGE	no	no		1	1
13	13.03	samāsena	samāsena	indecl	brahmasūtra	brahmasūtra	nominal	LEMMA+POS_DIVERGE	no	no		1	1
13	13.03	me	asmat	nominal	padaiḥ	pada	nominal	LEMMA_DIVERGE	no	yes		1	1
13	13.03	śṛṇu	√śru	verb	ca	ca	indecl	LEMMA+POS_DIVERGE	no	no		1	1
13	13.04	ṛṣibhiḥ	ṛṣi	nominal	eva	eva	indecl	LEMMA+POS_DIVERGE	no	no		1	1
13	13.04	bahudhā	bahudhā	indecl	hetumadbhiḥ	hetumat	indecl	LEMMA_DIVERGE	no	yes		1	1
13	13.04	gītam	gīta	nominal	viniścitaiḥ	viniści	verb	LEMMA+POS_DIVERGE	no	no		1	1
13	13.04	chandobhiḥ	chandas	nominal	mahābhūtāni	mahābhūta	nominal	LEMMA_DIVERGE	no	yes		1	1
13	13.04	vividhaiḥ	vi-vidha	nominal	ahaṃkāraḥ	ahaṃkāra	nominal	LEMMA_DIVERGE	no	yes		1	1
13	13.04	pṛthak	pṛthak	indecl	buddhiḥ	buddhi	nominal	LEMMA+POS_DIVERGE	no	no		1	1
13	13.04	brahma-sūtra-padaiḥ	brahma-sūtra-pada	nominal	avyaktam	avyakta	nominal	LEMMA_DIVERGE	no	yes		1	1
13					eva	eva	indecl	GOLD_ONLY				0	1
13	13.04	ca	ca	indecl	ca	ca	indecl	MATCH	yes	yes		1	1
13	13.04	eva	eva	indecl	indriyāṇi	indriya	nominal	LEMMA+POS_DIVERGE	no	no		1	1
13	13.04	hetu-madbhiḥ	hetu-mant	nominal	daśa	daśan	indecl	LEMMA+POS_DIVERGE	no	no		1	1
13	13.04	viniścitaiḥ	vi-niścita	nominal	ekam	eka	indecl	LEMMA+POS_DIVERGE	no	no		1	1
13	13.05	mahā-bhūtāni	mahā-bhūta	nominal	ca	ca	indecl	LEMMA+POS_DIVERGE	no	no		1	1
13	13.05	ahaṁ-kāraḥ	ahaṁ-kāra	nominal	pañca	pañcan	indecl	LEMMA+POS_DIVERGE	no	no		1	1
13	13.05	buddhiḥ	buddhi	nominal	ca	ca	indecl	LEMMA+POS_DIVERGE	no	no		1	1
13	13.05	avyaktam	a-vyakta	nominal	indriya	indriya	nominal	LEMMA_DIVERGE	no	yes		1	1
13	13.05	eva	eva	indecl	gocarāḥ	gocara	indecl	LEMMA_DIVERGE	no	yes		1	1
13	13.05	ca	ca	indecl	icchā	icchā	nominal	LEMMA+POS_DIVERGE	no	no		1	1
13	13.05	indriyāṇi	indriya	nominal	dveṣaḥ	dveṣa	nominal	LEMMA_DIVERGE	no	yes		1	1
13	13.05	daśa	daśa	nominal	sukhaṃ	sukha	nominal	LEMMA_DIVERGE	no	yes		1	1
13	13.05	ekam	eka	nominal	duḥkhaṃ	duḥkha	nominal	LEMMA_DIVERGE	no	yes		1	1
13	13.05	ca	ca	indecl	saṃghātaḥ	saṃghāta	nominal	LEMMA+POS_DIVERGE	no	no		1	1
13	13.05	pañca	pañca	nominal	cetanā	cetanā	nominal	LEMMA_DIVERGE	no	yes		1	1
13	13.05	ca	ca	indecl	dhṛtiḥ	dhṛti	nominal	LEMMA+POS_DIVERGE	no	no		1	1
13	13.05	indriya-gocarāḥ	indriya-gocara	nominal	etat	etad	nominal	LEMMA_DIVERGE	no	yes		1	1
13	13.06	icchā	icchā	nominal	kṣetram	kṣetra	nominal	LEMMA_DIVERGE	no	yes		1	1
13	13.06	dveṣaḥ	dveṣa	nominal	samāsena	samāsena	indecl	LEMMA+POS_DIVERGE	no	no		1	1
13	13.06	sukham	sukha	nominal	sa	sa	indecl	LEMMA+POS_DIVERGE	no	no		1	1
13	13.06	duḥkham	duḥkha	nominal	vikāram	vikāra	nominal	LEMMA_DIVERGE	no	yes		1	1
13	13.06	saṁghātaḥ	saṁghāta	nominal	udāhṛtam	udāhṛ	verb	LEMMA+POS_DIVERGE	no	no		1	1
13	13.06	cetanā	cetanā	nominal	a	a	indecl	LEMMA+POS_DIVERGE	no	no		1	1
13	13.06	dhṛtiḥ	dhṛti	nominal	māni	mānin	indecl	LEMMA+POS_DIVERGE	no	no		1	1
13	13.06	etat	etat	nominal	tvam	tva	nominal	LEMMA_DIVERGE	no	yes		1	1
13	13.06	kṣetram	kṣetra	nominal	a	a	indecl	LEMMA+POS_DIVERGE	no	no		1	1
13	13.06	samāsena	samāsena	indecl	dambhi	dambhin	indecl	LEMMA_DIVERGE	no	yes		1	1
13	13.06	sa-vikāram	sa-vikāra	nominal	tvam	tva	nominal	LEMMA_DIVERGE	no	yes		1	1
13	13.06	udāhṛtam	ud-ā-hṛta	nominal	ahiṃsā	ahiṃsā	nominal	LEMMA_DIVERGE	no	yes		1	1
13	13.07	amānitvam	a-mānitva	nominal	kṣāntiḥ	kṣānti	nominal	LEMMA_DIVERGE	no	yes		1	1
13	13.07	adambhitvam	a-dambhitva	nominal	ārjavam	ārjava	nominal	LEMMA_DIVERGE	no	yes		1	1
13	13.07	ahiṁsā	a-hiṁsā	nominal	ācārya	ācārya	nominal	LEMMA_DIVERGE	no	yes		1	1
13	13.07	kṣāntiḥ	kṣānti	nominal	upāsanam	upāsana	nominal	LEMMA_DIVERGE	no	yes		1	1
13	13.07	ārjavam	ārjava	nominal	śaucaṃ	śauca	nominal	LEMMA_DIVERGE	no	yes		1	1
13	13.07	ācāryopāsanam	ācārya-upāsana	nominal	sthairyam	sthairya	nominal	LEMMA_DIVERGE	no	yes		1	1
13	13.07	śaucam	śauca	nominal	ātma	ātman	nominal	LEMMA_DIVERGE	no	yes		1	1
13	13.07	sthairyam	sthairya	nominal	vinigrahaḥ	vinigraha	nominal	LEMMA_DIVERGE	no	yes		1	1
13	13.07	ātma-vinigrahaḥ	ātma-vinigraha	nominal				DCS_ONLY				1	0
13	13.08	indriyārtheṣu	indriya-artha	nominal	indriya|artheṣu	indriya|artha	nominal|nominal	COMPOUND_SPLIT	n/a	n/a		1	2
13	13.08	vairāgyam	vai-rāgya	nominal	vairāgyam	vairāgya	nominal	MATCH	yes	yes		1	1
13	13.08	anahaṁ-kāraḥ	an-ahaṁ-kāra	nominal	anahaṃkāraḥ	anahaṃkāra	nominal	MATCH	yes	yes		1	1
13	13.08	eva	eva	indecl	eva	eva	indecl	MATCH	yes	yes		1	1
13	13.08	ca	ca	indecl	ca	ca	indecl	MATCH	yes	yes		1	1
13	13.08	janma-mṛtyu-jarā-vyādhi-duḥkha-doṣānudarśanam	janma-mṛtyu-jarā-vyādhi-duḥkha-doṣa-anudarśana	nominal	janma	janman	nominal	LEMMA_DIVERGE	no	yes		1	1
13	13.09	asaktiḥ	a-sakti	nominal	mṛtyu	mṛtyu	nominal	LEMMA_DIVERGE	no	yes		1	1
13	13.09	anabhiṣvaṅgaḥ	an-abhiṣvaṅga	nominal	jarā	jarā	nominal	LEMMA_DIVERGE	no	yes		1	1
13	13.09	putra-dāra-gṛhādiṣu	putra-dāra-gṛha-ādi	nominal	vyādhi	vyādhi	nominal	LEMMA_DIVERGE	no	yes		1	1
13	13.09	nityam	nitya	nominal	duḥkha	duḥkha	nominal	LEMMA_DIVERGE	no	yes		1	1
13	13.09	ca	ca	indecl	doṣa	doṣa	nominal	LEMMA+POS_DIVERGE	no	no		1	1
13	13.09	sama-cittatvam	sama-citta-tva	nominal	anudarśanam	anudarśana	nominal	LEMMA_DIVERGE	no	yes		1	1
13	13.09	iṣṭāniṣṭopapattiṣu	iṣṭa-an-iṣṭa-upapatti	nominal	asaktiḥ	asakti	nominal	LEMMA_DIVERGE	no	yes		1	1
13	13.10	mayi	asmat	nominal	anabhiṣvaṅgaḥ	anabhiṣvaṅga	nominal	LEMMA_DIVERGE	no	yes		1	1
13	13.10	ca	ca	indecl	putra	putra	nominal	LEMMA+POS_DIVERGE	no	no		1	1
13	13.10	ananya-yogena	an-anya-yoga	nominal	dāra	dāra	nominal	LEMMA_DIVERGE	no	yes		1	1
13	13.10	bhaktiḥ	bhakti	nominal	gṛha	gṛha	nominal	LEMMA_DIVERGE	no	yes		1	1
13	13.10	avyabhicāriṇī	a-vyabhicāriṇī	nominal	ādiṣu	ādi	nominal	LEMMA_DIVERGE	no	yes		1	1
13	13.10	vivikta-deśa-sevitvam	vivikta-deśa-sevitva	nominal	nityaṃ	nityam	indecl	LEMMA+POS_DIVERGE	no	no		1	1
13	13.10	aratiḥ	a-rati	nominal	ca	ca	indecl	LEMMA+POS_DIVERGE	no	no		1	1
13	13.10	jana-saṁsadi	jana-saṁsad	nominal	sama	sama	nominal	LEMMA_DIVERGE	no	yes		1	1
13	13.11	adhy-ātma-jñāna-nityatvam	adhy-ātma-jñāna-nityatva	nominal	citta	citta	nominal	LEMMA_DIVERGE	no	yes		1	1
13	13.11	tattva-jñānārtha-darśanam	tattva-jñāna-artha-darśana	nominal	tvam	tva	nominal	LEMMA_DIVERGE	no	yes		1	1
13	13.11	etat	etat	nominal	iṣṭa	iṣ	verb	LEMMA+POS_DIVERGE	no	no		1	1
13	13.11	jñānam	jñāna	nominal	aniṣṭa	aniṣṭa	indecl	LEMMA+POS_DIVERGE	no	no		1	1
13	13.11	iti	iti	indecl	upapattiṣu	upapatti	nominal	LEMMA+POS_DIVERGE	no	no		1	1
13	13.11	proktam	prokta	nominal	mayi	mad	nominal	LEMMA_DIVERGE	no	yes		1	1
13	13.11	ajñānam	a-jñāna	nominal	ca	ca	indecl	LEMMA+POS_DIVERGE	no	no		1	1
13	13.11	yat	yat	nominal	an	an	indecl	LEMMA+POS_DIVERGE	no	no		1	1
13	13.11	ataḥ	ataḥ	indecl	anya	anya	nominal	LEMMA+POS_DIVERGE	no	no		1	1
13	13.11	anyathā	anyathā	indecl	yogena	yoga	nominal	LEMMA+POS_DIVERGE	no	no		1	1
13	13.12	jñeyam	jñeya	nominal	bhaktir	bhakti	nominal	LEMMA_DIVERGE	no	yes		1	1
13	13.12	yat	yat	nominal	a	a	indecl	LEMMA+POS_DIVERGE	no	no		1	1
13	13.12	tat	tat	nominal	vyabhicāriṇī	vyabhicārin	indecl	LEMMA+POS_DIVERGE	no	no		1	1
13	13.12	pravakṣyāmi	pra-√vac	verb	vivikta	vivikta	indecl	LEMMA+POS_DIVERGE	no	no		1	1
13	13.12	yat	yat	nominal	deśa	deśa	nominal	LEMMA_DIVERGE	no	yes		1	1
13	13.12	jñātvā	√jñā	unknown	sevi	sevin	indecl	LEMMA+POS_DIVERGE	no	no		1	1
13	13.12	amṛtam	a-mṛta	nominal	tvam	tva	nominal	LEMMA_DIVERGE	no	yes		1	1
13	13.12	aśnute	√aś	verb	aratiḥ	arati	nominal	LEMMA+POS_DIVERGE	no	no		1	1
13	13.12	anādi / anādimat	an-ādi	nominal	jana	jana	nominal	LEMMA_DIVERGE	no	yes		1	1
13	13.12	mat-param / param	mat-para	nominal	saṃsadi	saṃsad	nominal	LEMMA_DIVERGE	no	yes		1	1
13	13.12	brahma	brahman	nominal	adhyātma	adhyātma	nominal	LEMMA_DIVERGE	no	yes		1	1
13	13.12	na	na	indecl	jñāna	jñāna	nominal	LEMMA+POS_DIVERGE	no	no		1	1
13	13.12	sat	sant	nominal	nitya	nitya	indecl	LEMMA+POS_DIVERGE	no	no		1	1
13	13.12	tat	tat	nominal	tvam	tva	nominal	LEMMA_DIVERGE	no	yes		1	1
13	13.12	na	na	indecl	tattva	tattva	nominal	LEMMA+POS_DIVERGE	no	no		1	1
13	13.12	asat	a-sant	nominal	jñāna	jñāna	nominal	LEMMA_DIVERGE	no	yes		1	1
13	13.12	ucyate	√vac	nominal	artha	artha	nominal	LEMMA_DIVERGE	no	yes		1	1
13	13.13	sarvataḥ	sarvataḥ	indecl	darśanam	darśana	nominal	LEMMA+POS_DIVERGE	no	no		1	1
13	13.13	pāṇi-pādam	pāṇi-pāda	nominal				DCS_ONLY				1	0
13	13.13	tat	tat	nominal	etat	etad	nominal	LEMMA_DIVERGE	no	yes		1	1
13	13.13	sarvataḥ	sarvataḥ	indecl	jñānam	jñāna	nominal	LEMMA+POS_DIVERGE	no	no		1	1
13	13.13	akṣi-śiro-mukham	akṣi-śiro-mukha	nominal	iti	iti	indecl	LEMMA+POS_DIVERGE	no	no		1	1
13	13.13	sarvataḥ	sarvataḥ	indecl	yat	yad	nominal	LEMMA+POS_DIVERGE	no	no		1	1
13	13.13	śrutimat	śruti-mant	nominal	atas	atas	indecl	LEMMA+POS_DIVERGE	no	no		1	1
13	13.13	loke	loka	nominal	'nyathā	anyathā	indecl	LEMMA+POS_DIVERGE	no	no		1	1
13	13.13	sarvam	sarva	nominal	jñeyaṃ	jñā	verb	LEMMA+POS_DIVERGE	no	no		1	1
13	13.13	āvṛtya	ā-√vṛ	unknown	yat	yad	nominal	LEMMA+POS_DIVERGE	no	no		1	1
13	13.13	tiṣṭhati	√sthā	verb	tat	tad	nominal	LEMMA+POS_DIVERGE	no	no		1	1
13	13.14	sarvendriya-guṇābhāsam	sarva-indriya-guṇa-ābhāsa	nominal	pravakṣyāmi	pravac	verb	LEMMA+POS_DIVERGE	no	no		1	1
13	13.14	sarvendriya-vivarjitam	sarva-indriya-vivarjita	nominal	yat	yad	nominal	LEMMA_DIVERGE	no	yes		1	1
13	13.14	asaktam	a-sakta	nominal	jñātvā	jñā	verb	LEMMA+POS_DIVERGE	no	no		1	1
13	13.14	sarva-bhṛt	sarva-bhṛt	nominal	amṛtam	amṛta	nominal	LEMMA_DIVERGE	no	yes		1	1
13	13.14	ca	ca	indecl	aśnute	aś	verb	LEMMA+POS_DIVERGE	no	no		1	1
13	13.14	eva	eva	indecl	anādimat	anādimat	indecl	LEMMA_DIVERGE	no	yes		1	1
13	13.14	nirguṇam	nir-guṇa	nominal	param	para	nominal	LEMMA_DIVERGE	no	yes		1	1
13	13.14	guṇa-bhoktṛ	guṇa-bhoktṛ	nominal	brahma	brahman	nominal	LEMMA_DIVERGE	no	yes		1	1
13	13.14	ca	ca	indecl	na	na	indecl	LEMMA_DIVERGE	no	yes		1	1
13	13.15	bahiḥ	bahiḥ	indecl	sat	as	verb	LEMMA+POS_DIVERGE	no	no		1	1
13	13.15	antaḥ	antaḥ	indecl	tat	tad	nominal	LEMMA+POS_DIVERGE	no	no		1	1
13	13.15	ca	ca	indecl	na	na	indecl	LEMMA_DIVERGE	no	yes		1	1
13	13.15	bhūtānām	bhūta	nominal	asat	asat	indecl	LEMMA+POS_DIVERGE	no	no		1	1
13	13.15	acaram	acara	nominal	ucyate	vac	verb	LEMMA+POS_DIVERGE	no	no		1	1
13	13.15	caram	cara	nominal	sarvatas	sarvatas	indecl	LEMMA+POS_DIVERGE	no	no		1	1
13	13.15	eva	eva	indecl	pāṇi	pāṇi	nominal	LEMMA+POS_DIVERGE	no	no		1	1
13	13.15	ca	ca	indecl	pādam	pāda	nominal	LEMMA+POS_DIVERGE	no	no		1	1
13	13.15	sūkṣmatvāt	sūkṣmatva	nominal				DCS_ONLY				1	0
13	13.15	tat	tat	nominal	tat	tad	nominal	LEMMA_CONVENTION	no	yes	pronoun-stem	1	1
13	13.15	avijñeyam	a-vijñeya	nominal	sarvatas	sarvatas	indecl	LEMMA+POS_DIVERGE	no	no		1	1
13	13.15	dūra-stham	dūra-stha	nominal	akṣi	akṣi	nominal	LEMMA_DIVERGE	no	yes		1	1
13	13.15	ca	ca	indecl	śiraḥ	śiras	nominal	LEMMA+POS_DIVERGE	no	no		1	1
13	13.15	antike	antike	indecl	mukham	mukha	nominal	LEMMA+POS_DIVERGE	no	no		1	1
13	13.15	ca	ca	indecl	sarvatas	sarvatas	indecl	LEMMA_DIVERGE	no	yes		1	1
13	13.15	tat	tat	nominal	śrutimat	śrutimat	indecl	LEMMA+POS_DIVERGE	no	no		1	1
13	13.16	avibhaktam	a-vi-bhakta	nominal	loke	loka	nominal	LEMMA_DIVERGE	no	yes		1	1
13	13.16	ca	ca	indecl	sarvam	sarva	nominal	LEMMA+POS_DIVERGE	no	no		1	1
13	13.16	bhūteṣu	bhūta	nominal	āvṛtya	āvṛ	verb	LEMMA+POS_DIVERGE	no	no		1	1
13	13.16	vibhaktam	vi-bhakta	nominal	tiṣṭhati	sthā	verb	LEMMA+POS_DIVERGE	no	no		1	1
13	13.16	iva	iva	indecl	sarva	sarva	nominal	LEMMA+POS_DIVERGE	no	no		1	1
13	13.16	ca	ca	indecl	indriya	indriya	nominal	LEMMA+POS_DIVERGE	no	no		1	1
13	13.16	sthitam	sthita	nominal	guṇa	guṇa	nominal	LEMMA_DIVERGE	no	yes		1	1
13	13.16	bhūta-bhartṛ	bhūta-bhartṛ	nominal	ābhāsam	ābhāsa	nominal	LEMMA_DIVERGE	no	yes		1	1
13	13.16	ca	ca	indecl	sarva	sarva	nominal	LEMMA+POS_DIVERGE	no	no		1	1
13	13.16	tat	tat	nominal	indriya	indriya	nominal	LEMMA_DIVERGE	no	yes		1	1
13	13.16	jñeyam	jñeya	nominal	vivarjitam	vivarjay	verb	LEMMA+POS_DIVERGE	no	no		1	1
13	13.16	grasiṣṇu	grasiṣṇu	nominal	a	a	indecl	LEMMA+POS_DIVERGE	no	no		1	1
13	13.16	prabhaviṣṇu	pra-bhaviṣṇu	nominal	saktam	sañj	verb	LEMMA+POS_DIVERGE	no	no		1	1
13	13.16	ca	ca	indecl	sarva	sarva	nominal	LEMMA+POS_DIVERGE	no	no		1	1
13	13.17	jyotiṣām	jyotiḥ	nominal	bhṛt	bhṛt	indecl	LEMMA+POS_DIVERGE	no	no		1	1
13	13.17	api	api	indecl	ca	ca	indecl	LEMMA_DIVERGE	no	yes		1	1
13	13.17	tat	tat	nominal	eva	eva	indecl	LEMMA+POS_DIVERGE	no	no		1	1
13	13.17	jyotiḥ	jyotiḥ	nominal	nirguṇaṃ	nirguṇa	indecl	LEMMA+POS_DIVERGE	no	no		1	1
13	13.17	tamasaḥ	tamas	nominal	guṇa	guṇa	nominal	LEMMA_DIVERGE	no	yes		1	1
13	13.17	param	para	nominal	bhoktṛ	bhoktṛ	indecl	LEMMA+POS_DIVERGE	no	no		1	1
13	13.17	ucyate	√vac	verb	ca	ca	indecl	LEMMA+POS_DIVERGE	no	no		1	1
13	13.17	jñānam	jñāna	nominal	bahis	bahis	indecl	LEMMA+POS_DIVERGE	no	no		1	1
13	13.17	jñeyam	jñeya	nominal	antar	antar	indecl	LEMMA+POS_DIVERGE	no	no		1	1
13	13.17	jñāna-gamyam	jñāna-gamya	nominal	ca	ca	indecl	LEMMA+POS_DIVERGE	no	no		1	1
13	13.17	hṛdi	hṛt	nominal	bhūtānām	bhūta	nominal	LEMMA_DIVERGE	no	yes		1	1
13	13.17	sarvasya	sarva	nominal	acaram	acara	indecl	LEMMA+POS_DIVERGE	no	no		1	1
13	13.17	viṣṭhitam	vi-ṣṭhita	nominal	caram	cara	indecl	LEMMA+POS_DIVERGE	no	no		1	1
13	13.18	iti	iti	indecl	eva	eva	indecl	LEMMA_DIVERGE	no	yes		1	1
13	13.18	kṣetram	kṣetra	nominal	ca	ca	indecl	LEMMA+POS_DIVERGE	no	no		1	1
13	13.18	tathā	tathā	indecl	sūkṣma	sūkṣma	indecl	LEMMA_DIVERGE	no	yes		1	1
13	13.18	jñānam	jñāna	nominal	tvāt	tva	nominal	LEMMA_DIVERGE	no	yes		1	1
13	13.18	jñeyam	jñeya	nominal	tad	tad	nominal	LEMMA_DIVERGE	no	yes		1	1
13	13.18	ca	ca	indecl	a	a	indecl	LEMMA_DIVERGE	no	yes		1	1
13	13.18	uktam	ukta	nominal	vijñeyam	vijñā	verb	LEMMA+POS_DIVERGE	no	no		1	1
13	13.18	samāsataḥ	samāsataḥ	indecl	dūra	dūra	indecl	LEMMA_DIVERGE	no	yes		1	1
13	13.18	mad-bhaktaḥ	mad-bhakta	nominal	stham	stha	indecl	LEMMA+POS_DIVERGE	no	no		1	1
13	13.18	etat	etat	nominal	ca	ca	indecl	LEMMA+POS_DIVERGE	no	no		1	1
13	13.18	vijñāya	vi-√jñā	unknown	antike	antika	nominal	LEMMA+POS_DIVERGE	no	no		1	1
13	13.18	mad-bhāvāya	mad-bhāva	nominal	ca	ca	indecl	LEMMA+POS_DIVERGE	no	no		1	1
13	13.18	upapadyate	upa-√pad	verb	tat	tad	nominal	LEMMA+POS_DIVERGE	no	no		1	1
13	13.19	prakṛtim	prakṛti	nominal	avibhaktaṃ	avibhakta	indecl	LEMMA+POS_DIVERGE	no	no		1	1
13	13.19	puruṣam	puruṣa	nominal				DCS_ONLY				1	0
13	13.19	ca	ca	indecl	ca	ca	indecl	MATCH	yes	yes		1	1
13	13.19	eva	eva	indecl	bhūteṣu	bhūta	nominal	LEMMA+POS_DIVERGE	no	no		1	1
13	13.19	viddhi	√vid	verb	vibhaktam	vibhaj	verb	LEMMA_DIVERGE	no	yes		1	1
13	13.19	anādī	an-ādi	nominal	iva	iva	indecl	LEMMA+POS_DIVERGE	no	no		1	1
13	13.19	ubhau	ubha	nominal	ca	ca	indecl	LEMMA+POS_DIVERGE	no	no		1	1
13	13.19	api	api	indecl	sthitam	sthā	verb	LEMMA+POS_DIVERGE	no	no		1	1
13	13.19	vikārān	vikāra	nominal	bhūta	bhūta	nominal	LEMMA_DIVERGE	no	yes		1	1
13					bhartṛ	bhartṛ	indecl	GOLD_ONLY				0	1
13	13.19	ca	ca	indecl	ca	ca	indecl	MATCH	yes	yes		1	1
13	13.19	guṇān	guṇa	nominal	tat	tad	nominal	LEMMA_DIVERGE	no	yes		1	1
13	13.19	ca	ca	indecl	jñeyam	jñā	verb	LEMMA+POS_DIVERGE	no	no		1	1
13	13.19	eva	eva	indecl	grasiṣṇu	grasiṣṇu	indecl	LEMMA_DIVERGE	no	yes		1	1
13	13.19	viddhi	√vid	verb	prabhaviṣṇu	prabhaviṣṇu	indecl	LEMMA+POS_DIVERGE	no	no		1	1
13	13.19	prakṛti-saṁbhavān	prakṛti-saṁbhava	nominal	ca	ca	indecl	LEMMA+POS_DIVERGE	no	no		1	1
13	13.20	kārya-kāraṇa-kartṛtve	kārya-kāraṇa-kartṛtva	nominal	jyotiṣām	jyotis	nominal	LEMMA_DIVERGE	no	yes		1	1
13	13.20	hetuḥ	hetu	nominal	api	api	indecl	LEMMA+POS_DIVERGE	no	no		1	1
13	13.20	prakṛtiḥ	prakṛti	nominal	param	para	nominal	LEMMA_DIVERGE	no	yes		1	1
13	13.20	ucyate	√vac	verb	ucyate	vac	verb	MATCH	yes	yes		1	1
13	13.20	puruṣaḥ	puruṣa	nominal	jñānaṃ	jñāna	nominal	LEMMA_DIVERGE	no	yes		1	1
13	13.20	sukha-duḥkhānāṁ	sukha-duḥkha	nominal	jñeyaṃ	jñā	verb	LEMMA+POS_DIVERGE	no	no		1	1
13	13.20	bhoktṛtve	bhoktṛtva	nominal	jñāna	jñāna	nominal	LEMMA_DIVERGE	no	yes		1	1
13	13.20	hetuḥ	hetu	nominal	gamyam	gam	verb	LEMMA+POS_DIVERGE	no	no		1	1
13	13.20	ucyate	√vac	verb	hṛdi	hṛd	nominal	LEMMA+POS_DIVERGE	no	no		1	1
13	13.21	puruṣaḥ	puruṣa	nominal	sarvasya	sarva	nominal	LEMMA_DIVERGE	no	yes		1	1
13	13.21	prakṛti-sthaḥ	prakṛti-stha	nominal	viṣṭhitam	viṣṭhā	verb	LEMMA+POS_DIVERGE	no	no		1	1
13	13.21	hi	hi	indecl	iti	iti	indecl	LEMMA_DIVERGE	no	yes		1	1
13	13.21	bhuṅkte	√bhuj	verb	kṣetraṃ	kṣetra	nominal	LEMMA+POS_DIVERGE	no	no		1	1
13	13.21	prakṛti-jān	prakṛti-ja	nominal	tathā	tathā	indecl	LEMMA+POS_DIVERGE	no	no		1	1
13	13.21	guṇān	guṇa	nominal	jñānaṃ	jñāna	nominal	LEMMA_DIVERGE	no	yes		1	1
13	13.21	kāraṇam	kāraṇa	nominal	jñeyaṃ	jñā	verb	LEMMA+POS_DIVERGE	no	no		1	1
13	13.21	guṇa-saṅgaḥ	guṇa-saṅga	nominal	ca	ca	indecl	LEMMA+POS_DIVERGE	no	no		1	1
13	13.21	asya	idam	nominal	uktam	vac	verb	LEMMA+POS_DIVERGE	no	no		1	1
13	13.21	sad-asad-yoni-janmasu	sad-asad-yoni-janman	nominal	samāsataḥ	samāsatas	indecl	LEMMA+POS_DIVERGE	no	no		1	1
13	13.22	upadraṣṭā	upa-draṣṭṛ	nominal	mad	mad	nominal	LEMMA_DIVERGE	no	yes		1	1
13	13.22	anumantā	anu-mantṛ	nominal	bhaktaḥ	bhakta	nominal	LEMMA_DIVERGE	no	yes		1	1
13	13.22	ca	ca	indecl	etat	etad	nominal	LEMMA+POS_DIVERGE	no	no		1	1
13	13.22	bhartā	bhartṛ	nominal	vijñāya	vijñā	verb	LEMMA+POS_DIVERGE	no	no		1	1
13	13.22	bhoktā	bhoktṛ	nominal	mad	mad	nominal	LEMMA_DIVERGE	no	yes		1	1
13	13.22	maheśvaraḥ	mahā-īśvara	nominal	bhāvāya	bhāva	nominal	LEMMA_DIVERGE	no	yes		1	1
13	13.22	paramātmā	parama-ātman	nominal	upapadyate	upapad	verb	LEMMA+POS_DIVERGE	no	no		1	1
13	13.22	iti	iti	indecl	prakṛtiṃ	prakṛti	nominal	LEMMA+POS_DIVERGE	no	no		1	1
13					puruṣaṃ	puruṣa	nominal	GOLD_ONLY				0	1
13	13.22	ca	ca	indecl	ca	ca	indecl	MATCH	yes	yes		1	1
13	13.22	api	api	indecl	eva	eva	indecl	LEMMA_DIVERGE	no	yes		1	1
13	13.22	uktaḥ	ukta	nominal	viddhi	vid	verb	LEMMA+POS_DIVERGE	no	no		1	1
13	13.22	dehe	deha	nominal	anādī	anādi	indecl	LEMMA+POS_DIVERGE	no	no		1	1
13	13.22	asmin	idam	nominal	ubhau	ubh	nominal	LEMMA_DIVERGE	no	yes		1	1
13	13.22	puruṣaḥ	puruṣa	nominal	api	api	indecl	LEMMA+POS_DIVERGE	no	no		1	1
13	13.22	paraḥ	para	nominal	vikārān	vikāra	nominal	LEMMA_DIVERGE	no	yes		1	1
13	13.23	yaḥ	yat	nominal	ca	ca	indecl	LEMMA+POS_DIVERGE	no	no		1	1
13	13.23	evam	evam	indecl	guṇān	guṇa	nominal	LEMMA+POS_DIVERGE	no	no		1	1
13	13.23	vetti	√vid	verb	ca	ca	indecl	LEMMA+POS_DIVERGE	no	no		1	1
13	13.23	puruṣam	puruṣa	nominal	eva	eva	indecl	LEMMA+POS_DIVERGE	no	no		1	1
13	13.23	prakṛtim	prakṛti	nominal	viddhi	vid	verb	LEMMA+POS_DIVERGE	no	no		1	1
13	13.23	ca	ca	indecl	prakṛti	prakṛti	nominal	LEMMA+POS_DIVERGE	no	no		1	1
13	13.23	guṇaiḥ	guṇa	nominal	saṃbhavān	sambhava	nominal	LEMMA_DIVERGE	no	yes		1	1
13	13.23	saha	saha	indecl	kārya	kārya	nominal	LEMMA+POS_DIVERGE	no	no		1	1
13	13.23	sarvathā	sarvathā	indecl	kāraṇa	kāraṇa	nominal	LEMMA+POS_DIVERGE	no	no		1	1
13	13.23	vartamānaḥ	vartamāna	nominal	kartṛ	kartṛ	nominal	LEMMA_DIVERGE	no	yes		1	1
13	13.23	api	api	indecl	tve	tva	nominal	LEMMA+POS_DIVERGE	no	no		1	1
13	13.23	na	na	indecl	hetuḥ	hetu	nominal	LEMMA+POS_DIVERGE	no	no		1	1
13	13.23	saḥ	tat	nominal	prakṛtiḥ	prakṛti	nominal	LEMMA_DIVERGE	no	yes		1	1
13	13.23	bhūyaḥ	bhūyaḥ	indecl	ucyate	vac	verb	LEMMA+POS_DIVERGE	no	no		1	1
13	13.23	abhijāyate	abhi-√jan	verb	puruṣaḥ	puruṣa	nominal	LEMMA+POS_DIVERGE	no	no		1	1
13	13.24	dhyānena	dhyāna	nominal	sukha	sukha	nominal	LEMMA_DIVERGE	no	yes		1	1
13	13.24	ātmani	ātman	nominal	duḥkhānām	duḥkha	nominal	LEMMA_DIVERGE	no	yes		1	1
13	13.24	paśyanti	√dṛś	verb	bhoktṛ	bhoktṛ	indecl	LEMMA+POS_DIVERGE	no	no		1	1
13	13.24	ke-cit	kim-cit	nominal	tve	tva	nominal	LEMMA_DIVERGE	no	yes		1	1
13	13.24	ātmānam	ātman	nominal	hetuḥ	hetu	nominal	LEMMA_DIVERGE	no	yes		1	1
13	13.24	ātmanā	ātman	nominal	ucyate	vac	verb	LEMMA+POS_DIVERGE	no	no		1	1
13	13.24	anye	anya	nominal	puruṣaḥ	puruṣa	nominal	LEMMA_DIVERGE	no	yes		1	1
13	13.24	sāṁkhyena	sāṁkhya	nominal	prakṛti	prakṛti	nominal	LEMMA_DIVERGE	no	yes		1	1
13	13.24	yogena	yoga	nominal	sthaḥ	stha	indecl	LEMMA+POS_DIVERGE	no	no		1	1
13	13.24	karma-yogena	karma-yoga	nominal	hi	hi	indecl	LEMMA+POS_DIVERGE	no	no		1	1
13	13.24	ca	ca	indecl	bhuṅkte	bhuj	verb	LEMMA+POS_DIVERGE	no	no		1	1
13	13.24	apare	a-para	nominal	prakṛti	prakṛti	nominal	LEMMA_DIVERGE	no	yes		1	1
13	13.25	anye	anya	nominal	jān	ja	indecl	LEMMA+POS_DIVERGE	no	no		1	1
13	13.25	tu	tu	indecl	guṇān	guṇa	nominal	LEMMA+POS_DIVERGE	no	no		1	1
13	13.25	evam	evam	indecl	kāraṇaṃ	kāraṇa	nominal	LEMMA+POS_DIVERGE	no	no		1	1
13	13.25	ajānantaḥ	a-jānant	nominal	guṇa	guṇa	nominal	LEMMA_DIVERGE	no	yes		1	1
13	13.25	śrutvā	√śru	unknown	saṅgaḥ	saṅga	nominal	LEMMA+POS_DIVERGE	no	no		1	1
13	13.25	anyebhyaḥ	anya	nominal	'sya	idam	nominal	LEMMA_DIVERGE	no	yes		1	1
13	13.25	upāsate	upa-√ās	verb	sat	as	verb	LEMMA_DIVERGE	no	yes		1	1
13	13.25	te	tat	nominal	asat	asat	indecl	LEMMA+POS_DIVERGE	no	no		1	1
13	13.25	api	api	indecl	yoni	yoni	nominal	LEMMA+POS_DIVERGE	no	no		1	1
13	13.25	ca	ca	indecl	janmasu	janman	nominal	LEMMA+POS_DIVERGE	no	no		1	1
13	13.25	atitaranti	ati-√tṝ	verb	upadraṣṭā	upadraṣṭṛ	nominal	LEMMA+POS_DIVERGE	no	no		1	1
13	13.25	eva	eva	indecl	anumantā	anumantṛ	indecl	LEMMA_DIVERGE	no	yes		1	1
13	13.25	mṛtyum	mṛtyu	nominal	ca	ca	indecl	LEMMA+POS_DIVERGE	no	no		1	1
13	13.25	śruti-parāyaṇāḥ	śruti-parāyaṇa	nominal	bhartā	bhartṛ	nominal	LEMMA_DIVERGE	no	yes		1	1
13	13.26	yāvat	yāvat	indecl	bhoktā	bhoktṛ	indecl	LEMMA_DIVERGE	no	yes		1	1
13	13.26	saṁjāyate	sam-√jan	verb	maheśvaraḥ	maheśvara	nominal	LEMMA+POS_DIVERGE	no	no		1	1
13	13.26	kiṁ-cit	kim-cit	nominal	paramātmā	paramātman	nominal	LEMMA_DIVERGE	no	yes		1	1
13	13.26	sattvam	sattva	nominal	iti	iti	indecl	LEMMA+POS_DIVERGE	no	no		1	1
13	13.26	sthāvara-jaṅgamam	sthāvara-jaṅgama	nominal	ca	ca	indecl	LEMMA+POS_DIVERGE	no	no		1	1
13	13.26	kṣetra-kṣetra-jña-saṁyogāt	kṣetra-kṣetra-jña-saṁyoga	nominal	api	api	indecl	LEMMA+POS_DIVERGE	no	no		1	1
13	13.26	tat	tat	nominal	uktaḥ	vac	verb	LEMMA+POS_DIVERGE	no	no		1	1
13	13.26	viddhi	√vid	verb	dehe	deha	nominal	LEMMA+POS_DIVERGE	no	no		1	1
13	13.26	bharata-rṣabha	bharata-rṣabha	nominal	asmin	idam	nominal	LEMMA_DIVERGE	no	yes		1	1
13	13.27	samam	sama	nominal	puruṣaḥ	puruṣa	nominal	LEMMA_DIVERGE	no	yes		1	1
13	13.27	sarveṣu	sarva	nominal	paraḥ	para	nominal	LEMMA_DIVERGE	no	yes		1	1
13	13.27	bhūteṣu	bhūta	nominal	ya	yad	nominal	LEMMA_DIVERGE	no	yes		1	1
13	13.27	tiṣṭhantam	tiṣṭhant	nominal	evaṃ	evam	indecl	LEMMA+POS_DIVERGE	no	no		1	1
13	13.27	parameśvaram	parama-īśvara	nominal	vetti	vid	verb	LEMMA+POS_DIVERGE	no	no		1	1
13	13.27	vinaśyatsu	vi-naśyant	nominal	puruṣaṃ	puruṣa	nominal	LEMMA_DIVERGE	no	yes		1	1
13	13.27	avinaśyantam	a-vi-naśyant	nominal	prakṛtiṃ	prakṛti	nominal	LEMMA_DIVERGE	no	yes		1	1
13	13.27	yaḥ	yat	nominal	ca	ca	indecl	LEMMA+POS_DIVERGE	no	no		1	1
13	13.27	paśyati	√dṛś	verb	guṇaiḥ	guṇa	nominal	LEMMA+POS_DIVERGE	no	no		1	1
13	13.27	saḥ	tat	nominal	saha	saha	indecl	LEMMA+POS_DIVERGE	no	no		1	1
13	13.27	paśyati	√dṛś	verb	sarvathā	sarvathā	indecl	LEMMA+POS_DIVERGE	no	no		1	1
13	13.28	samam	sama	nominal	vartamāno	vṛt	verb	LEMMA+POS_DIVERGE	no	no		1	1
13	13.28	paśyan	paśyant	nominal	'pi	api	indecl	LEMMA+POS_DIVERGE	no	no		1	1
13	13.28	hi	hi	indecl	na	na	indecl	LEMMA_DIVERGE	no	yes		1	1
13	13.28	sarvatra	sarvatra	indecl	sa	tad	nominal	LEMMA+POS_DIVERGE	no	no		1	1
13	13.28	samavasthitam	sam-ava-sthita	nominal	bhūyo	bhūyas	indecl	LEMMA+POS_DIVERGE	no	no		1	1
13	13.28	īśvaram	īśvara	nominal	'bhijāyate	abhijan	verb	LEMMA+POS_DIVERGE	no	no		1	1
13	13.28	na	na	indecl	dhyānena	dhyāna	nominal	LEMMA+POS_DIVERGE	no	no		1	1
13	13.28	hinasti	√hiṁs	verb				DCS_ONLY				1	0
13	13.28	ātmanā	ātman	nominal	ātmani	ātman	nominal	MATCH	yes	yes		1	1
13	13.28	ātmānam	ātman	nominal	paśyanti	dṛś	verb	LEMMA+POS_DIVERGE	no	no		1	1
13	13.28	tataḥ	tataḥ	indecl	kecid	kaścit	nominal	LEMMA+POS_DIVERGE	no	no		1	1
13	13.28	yāti	√yā	verb	ātmānam	ātman	nominal	LEMMA+POS_DIVERGE	no	no		1	1
13	13.28	parām	para	nominal	ātmanā	ātman	nominal	LEMMA_DIVERGE	no	yes		1	1
13	13.28	gatim	gati	nominal	anye	anya	nominal	LEMMA_DIVERGE	no	yes		1	1
13	13.29	prakṛtyā	prakṛti	nominal	sāṃkhyena	sāṃkhya	nominal	LEMMA_DIVERGE	no	yes		1	1
13	13.29	eva	eva	indecl	yogena	yoga	nominal	LEMMA+POS_DIVERGE	no	no		1	1
13	13.29	ca	ca	indecl	karma	karman	nominal	LEMMA+POS_DIVERGE	no	no		1	1
13	13.29	karmāṇi	karman	nominal	yogena	yoga	nominal	LEMMA_DIVERGE	no	yes		1	1
13	13.29	kriyamāṇāni	kriyamāṇa	nominal	ca	ca	indecl	LEMMA+POS_DIVERGE	no	no		1	1
13	13.29	sarvaśaḥ	sarvaśaḥ	indecl	apare	apara	nominal	LEMMA+POS_DIVERGE	no	no		1	1
13	13.29	yaḥ	yat	nominal	anye	anya	nominal	LEMMA_DIVERGE	no	yes		1	1
13	13.29	paśyati	√dṛś	verb	tv	tu	indecl	LEMMA+POS_DIVERGE	no	no		1	1
13	13.29	tathā	tathā	indecl	evam	evam	indecl	LEMMA_DIVERGE	no	yes		1	1
13	13.29	ātmānam	ātman	nominal	a	a	indecl	LEMMA+POS_DIVERGE	no	no		1	1
13	13.29	akartāram	a-kartṛ	nominal	jānantaḥ	jñā	verb	LEMMA+POS_DIVERGE	no	no		1	1
13	13.29	saḥ	tat	nominal	śrutvā	śru	verb	LEMMA+POS_DIVERGE	no	no		1	1
13	13.29	paśyati	√dṛś	verb	anyebhyaḥ	anya	nominal	LEMMA+POS_DIVERGE	no	no		1	1
13	13.30	yadā	yadā	indecl	upāsate	upās	verb	LEMMA+POS_DIVERGE	no	no		1	1
13	13.30	bhūta-pṛthag-bhāvam	bhūta-pṛthag-bhāva	nominal	te	tad	nominal	LEMMA_DIVERGE	no	yes		1	1
13	13.30	eka-stham	eka-stha	nominal	'pi	api	indecl	LEMMA+POS_DIVERGE	no	no		1	1
13	13.30	anupaśyati	anu-√dṛś	verb	ca	ca	indecl	LEMMA+POS_DIVERGE	no	no		1	1
13	13.30	tataḥ	tataḥ	indecl	atitaranti	atit￞	verb	LEMMA+POS_DIVERGE	no	no		1	1
13	13.30	eva	eva	indecl	eva	eva	indecl	MATCH	yes	yes		1	1
13	13.30	ca	ca	indecl	mṛtyuṃ	mṛtyu	nominal	LEMMA+POS_DIVERGE	no	no		1	1
13	13.30	vistāram	vistāra	nominal	śruti	śruti	nominal	LEMMA_DIVERGE	no	yes		1	1
13	13.30	brahma	brahman	nominal	parāyaṇāḥ	parāyaṇa	nominal	LEMMA_DIVERGE	no	yes		1	1
13	13.30	saṁpadyate	sam-√pad	verb	yāvat	yāvat	indecl	LEMMA+POS_DIVERGE	no	no		1	1
13	13.30	tadā	tadā	indecl	saṃjāyate	saṃjan	verb	LEMMA+POS_DIVERGE	no	no		1	1
13	13.31	anāditvāt	an-ādi-tva	nominal	kiṃcid	kaścit	nominal	LEMMA_DIVERGE	no	yes		1	1
13	13.31	nirguṇatvāt	nir-guṇa-tva	nominal	sattvam	sattva	nominal	LEMMA_DIVERGE	no	yes		1	1
13	13.31	paramātmā	parama-ātman	nominal	sthāvara	sthāvara	indecl	LEMMA+POS_DIVERGE	no	no		1	1
13	13.31	ayam	idam	nominal	jaṅgamam	jaṅgama	indecl	LEMMA+POS_DIVERGE	no	no		1	1
13	13.31	avyayaḥ	a-vyaya	nominal	kṣetra	kṣetra	nominal	LEMMA_DIVERGE	no	yes		1	1
13	13.31	śarīra-sthaḥ	śarīra-stha	nominal	kṣetrajña	kṣetrajña	nominal	LEMMA_DIVERGE	no	yes		1	1
13	13.31	api	api	indecl	saṃyogāt	saṃyoga	nominal	LEMMA+POS_DIVERGE	no	no		1	1
13	13.31	kaunteya	kaunteya	nominal	tat	tad	nominal	LEMMA_DIVERGE	no	yes		1	1
13	13.31	na	na	indecl	viddhi	vid	verb	LEMMA+POS_DIVERGE	no	no		1	1
13	13.31	karoti	√kṛ	verb	bharata	bharata	nominal	LEMMA+POS_DIVERGE	no	no		1	1
13	13.31	na	na	indecl	ṛṣabha	ṛṣabha	nominal	LEMMA+POS_DIVERGE	no	no		1	1
13	13.31	lipyate	√lip	verb	samaṃ	sama	nominal	LEMMA+POS_DIVERGE	no	no		1	1
13	13.32	yathā	yathā	indecl	sarveṣu	sarva	nominal	LEMMA+POS_DIVERGE	no	no		1	1
13	13.32	sarva-gatam	sarva-gata	nominal	bhūteṣu	bhūta	nominal	LEMMA_DIVERGE	no	yes		1	1
13	13.32	saukṣmyāt	saukṣmya	nominal	tiṣṭhantaṃ	sthā	verb	LEMMA+POS_DIVERGE	no	no		1	1
13	13.32	ākāśam	ākāśa	nominal	parameśvaram	parameśvara	nominal	LEMMA_DIVERGE	no	yes		1	1
13	13.32	na	na	indecl	vinaśyatsu	vinaś	verb	LEMMA+POS_DIVERGE	no	no		1	1
13	13.32	upalipyate	upa-√lip	verb	avinaśyantam	avinaśyat	indecl	LEMMA+POS_DIVERGE	no	no		1	1
13	13.32	sarvatra	sarvatra	indecl	yaḥ	yad	nominal	LEMMA+POS_DIVERGE	no	no		1	1
13	13.32	avasthitaḥ	avasthita	nominal	paśyati	dṛś	verb	LEMMA+POS_DIVERGE	no	no		1	1
13	13.32	dehe	deha	nominal	sa	tad	nominal	LEMMA_DIVERGE	no	yes		1	1
13	13.32	tathā	tathā	indecl	paśyati	dṛś	verb	LEMMA+POS_DIVERGE	no	no		1	1
13	13.32	ātmā	ātman	nominal	samaṃ	sama	nominal	LEMMA_DIVERGE	no	yes		1	1
13	13.32	na	na	indecl	paśyan	dṛś	verb	LEMMA+POS_DIVERGE	no	no		1	1
13	13.32	upalipyate	upa-√lip	verb	hi	hi	indecl	LEMMA+POS_DIVERGE	no	no		1	1
13	13.33	yathā	yathā	indecl	sarvatra	sarvatra	indecl	LEMMA_DIVERGE	no	yes		1	1
13	13.33	prakāśayati	pra-√kāś	verb	samavasthitam	samavasthā	verb	LEMMA_DIVERGE	no	yes		1	1
13	13.33	ekaḥ	eka	nominal	īśvaram	īśvara	nominal	LEMMA_DIVERGE	no	yes		1	1
13	13.33	kṛtsnam	kṛtsna	nominal	na	na	indecl	LEMMA+POS_DIVERGE	no	no		1	1
13	13.33	lokam	loka	nominal	hinasti	hiṃs	verb	LEMMA+POS_DIVERGE	no	no		1	1
13	13.33	imam	idam	nominal	ātmanā	ātman	nominal	LEMMA_DIVERGE	no	yes		1	1
13	13.33	raviḥ	ravi	nominal	ātmānam	ātman	nominal	LEMMA_DIVERGE	no	yes		1	1
13	13.33	kṣetram	kṣetra	nominal	tato	tatas	indecl	LEMMA+POS_DIVERGE	no	no		1	1
13	13.33	kṣetrī	kṣetrin	nominal	yāti	yā	verb	LEMMA+POS_DIVERGE	no	no		1	1
13	13.33	tathā	tathā	indecl	parāṃ	para	nominal	LEMMA+POS_DIVERGE	no	no		1	1
13	13.33	kṛtsnam	kṛtsna	nominal	gatim	gati	nominal	LEMMA_DIVERGE	no	yes		1	1
13	13.33	prakāśayati	pra-√kāś	verb	prakṛtyā	prakṛti	nominal	LEMMA+POS_DIVERGE	no	no		1	1
13	13.33	bhārata	bhārata	nominal	eva	eva	indecl	LEMMA+POS_DIVERGE	no	no		1	1
13	13.34	kṣetra-kṣetra-jñayoḥ	kṣetra-kṣetra-jña	nominal	ca	ca	indecl	LEMMA+POS_DIVERGE	no	no		1	1
13	13.34	evam	evam	indecl	karmāṇi	karman	nominal	LEMMA+POS_DIVERGE	no	no		1	1
13	13.34	antaram	antara	nominal	kriyamāṇāni	kṛ	verb	LEMMA+POS_DIVERGE	no	no		1	1
13	13.34	jñāna-cakṣuṣā	jñāna-cakṣuḥ	nominal	sarvaśaḥ	sarvaśas	indecl	LEMMA+POS_DIVERGE	no	no		1	1
13	13.34	bhūta-prakṛti-mokṣam	bhūta-prakṛti-mokṣa	nominal	yaḥ	yad	nominal	LEMMA_DIVERGE	no	yes		1	1
13	13.34	ca	ca	indecl	paśyati	dṛś	verb	LEMMA+POS_DIVERGE	no	no		1	1
13	13.34	ye	yat	nominal	tathā	tathā	indecl	LEMMA+POS_DIVERGE	no	no		1	1
13	13.34	viduḥ	√vid	verb	ātmānam	ātman	nominal	LEMMA+POS_DIVERGE	no	no		1	1
13	13.34	yānti	√yā	verb	akartāram	akartṛ	nominal	LEMMA+POS_DIVERGE	no	no		1	1
13	13.34	te	tat	nominal	sa	tad	nominal	LEMMA_CONVENTION	no	yes	pronoun-stem	1	1
13	13.34	param	para	nominal	paśyati	dṛś	verb	LEMMA+POS_DIVERGE	no	no		1	1
13					yadā|bhūta|pṛthagbhāvam|ekastham|anupaśyati|tata|eva|ca|vistāraṃ|brahma|sampadyate|tadā|anādi|tvāt|nirguṇa|tvāt|paramātmā|ayam|avyayaḥ|śarīra|sthaḥ|'pi|kaunteya|na|karoti|na|lipyate|yathā|sarva|gatam|saukṣmyāt|ākāśam|na|upalipyate|sarvatra|avasthitaḥ|dehe|tathā|ātmā|na|upalipyate|yathā|prakāśayati|ekaḥ|kṛtsnaṃ|lokam|imam|raviḥ|kṣetraṃ|kṣetrī|tathā|kṛtsnaṃ|prakāśayati|bhārata|kṣetra|kṣetrajñayoḥ|evam|antaram|jñāna|cakṣuṣā|bhūta|prakṛti|mokṣam|ca|ye|viduḥ|yānti|te|param	yadā|bhūta|pṛthagbhāva|ekastha|anupaś|tatas|eva|ca|vistāra|brahman|sampad|tadā|anādi|tva|nirguṇa|tva|paramātman|idam|avyaya|śarīra|stha|api|kaunteya|na|kṛ|na|lip|yathā|sarva|gam|saukṣmya|ākāśa|na|upalip|sarvatra|avasthā|deha|tathā|ātman|na|upalip|yathā|prakāśay|eka|kṛtsna|loka|idam|ravi|kṣetra|kṣetrin|tathā|kṛtsna|prakāśay|bhārata|kṣetra|kṣetrajña|evam|antara|jñāna|cakṣus|bhūta|prakṛti|mokṣa|ca|yad|vid|yā|tad|para	indecl|nominal|nominal|indecl|verb|indecl|indecl|indecl|nominal|nominal|verb|indecl|indecl|nominal|indecl|nominal|nominal|nominal|indecl|nominal|indecl|indecl|nominal|indecl|verb|indecl|verb|indecl|nominal|verb|nominal|nominal|indecl|verb|indecl|verb|nominal|indecl|nominal|indecl|verb|indecl|verb|indecl|indecl|nominal|nominal|nominal|nominal|nominal|indecl|indecl|verb|nominal|nominal|nominal|indecl|nominal|nominal|nominal|nominal|nominal|nominal|indecl|nominal|verb|verb|nominal|nominal	GOLD_ONLY				0	69
14	14.01	śrī-bhagavān	śrī-bhagavant	nominal	śrī|bhagavān	śrī|bhagavant	nominal|nominal	COMPOUND_SPLIT	n/a	n/a		1	2
14	14.01	uvāca	√vac	verb	uvāca	vac	verb	MATCH	yes	yes		1	1
14	14.01	param	para	nominal	paraṃ	para	nominal	MATCH	yes	yes		1	1
14	14.01	bhūyaḥ	bhūyaḥ	indecl	bhūyaḥ	bhūyas	indecl	LEMMA_CONVENTION	no	yes	adverb--tas/-taḥ	1	1
14	14.01	pravakṣyāmi	pra-√vac	verb	pravakṣyāmi	pravac	verb	MATCH	yes	yes		1	1
14	14.01	jñānānām	jñāna	nominal	jñānānāṃ	jñāna	nominal	MATCH	yes	yes		1	1
14	14.01	jñānam	jñāna	nominal	jñānam	jñāna	nominal	MATCH	yes	yes		1	1
14	14.01	uttamam	uttama	nominal	uttamam	uttama	indecl	POS_DIVERGE	yes	no		1	1
14	14.01	yat	yat	nominal	yat	yad	nominal	LEMMA_CONVENTION	no	yes	pronoun-stem	1	1
14	14.01	jñātvā	√jñā	unknown	jñātvā	jñā	verb	POS_DIVERGE	yes	no		1	1
14	14.01	munayaḥ	muni	nominal	munayaḥ	muni	nominal	MATCH	yes	yes		1	1
14	14.01	sarve	sarva	nominal	sarve	sarva	nominal	MATCH	yes	yes		1	1
14	14.01	parām	para	nominal	parāṃ	para	nominal	MATCH	yes	yes		1	1
14	14.01	siddhim	siddhi	nominal	siddhim	siddhi	nominal	MATCH	yes	yes		1	1
14	14.01	itaḥ	itaḥ	indecl	itas	itas	indecl	LEMMA_CONVENTION	no	yes	adverb--tas/-taḥ	1	1
14	14.01	gatāḥ	gata	nominal	gatāḥ	gam	verb	LEMMA+POS_DIVERGE	no	no		1	1
14	14.02	idam	idam	nominal	idaṃ	idam	nominal	MATCH	yes	yes		1	1
14	14.02	jñānam	jñāna	nominal	jñānam	jñāna	nominal	MATCH	yes	yes		1	1
14	14.02	upāśritya	upa-ā-√śri	unknown	upāśritya	upāśri	verb	LEMMA_CONVENTION+POS_DIVERGE	no	no	vowel-sandhi/contraction	1	1
14	14.02	mama	asmat	nominal	mama	mad	nominal	LEMMA_CONVENTION	no	yes	pronoun-stem	1	1
14	14.02	sādharmyam	sādharmya	nominal	sādharmyam	sādharmya	nominal	MATCH	yes	yes		1	1
14	14.02	āgatāḥ	āgata	nominal	āgatāḥ	āgam	verb	LEMMA+POS_DIVERGE	no	no		1	1
14	14.02	sarge	sarga	nominal	sarge	sarga	nominal	MATCH	yes	yes		1	1
14	14.02	api	api	indecl	'pi	api	indecl	MATCH	yes	yes		1	1
14	14.02	na	na	indecl	na	na	indecl	MATCH	yes	yes		1	1
14	14.02	upajāyante	upa-√jan	verb	upajāyante	upajan	verb	MATCH	yes	yes		1	1
14	14.02	pralaye	pralaya	nominal	pralaye	pralaya	nominal	MATCH	yes	yes		1	1
14	14.02	na	na	indecl	na	na	indecl	MATCH	yes	yes		1	1
14	14.02	vyathanti	√vyath	verb	vyathanti	vyath	verb	MATCH	yes	yes		1	1
14	14.02	ca	ca	indecl	ca	ca	indecl	MATCH	yes	yes		1	1
14	14.03	mama	asmat	nominal	mama	mad	nominal	LEMMA_CONVENTION	no	yes	pronoun-stem	1	1
14	14.03	yoniḥ	yoni	nominal	yoniḥ	yoni	nominal	MATCH	yes	yes		1	1
14	14.03	mahat	mahant	nominal	mahat	mahat	indecl	LEMMA_CONVENTION+POS_DIVERGE	no	no	final-t/d+n	1	1
14	14.03	brahma	brahman	nominal	brahma	brahman	nominal	MATCH	yes	yes		1	1
14	14.03	tasmin	tat	nominal	tasmin	tad	nominal	LEMMA_CONVENTION	no	yes	pronoun-stem	1	1
14	14.03	garbham	garbha	nominal	garbham	garbha	nominal	MATCH	yes	yes		1	1
14	14.03	dadhāmi	√dhā	verb	dadhāmi	dhā	verb	MATCH	yes	yes		1	1
14	14.03	aham	asmat	nominal	aham	mad	nominal	LEMMA_CONVENTION	no	yes	pronoun-stem	1	1
14	14.03	saṁbhavaḥ	saṁbhava	nominal	saṃbhavaḥ	sambhava	nominal	LEMMA_CONVENTION	no	yes	nasal-class	1	1
14	14.03	sarva-bhūtānām	sarva-bhūta	nominal	sarva|bhūtānām	sarva|bhūta	nominal|nominal	COMPOUND_SPLIT	n/a	n/a		1	2
14	14.03	tataḥ	tataḥ	indecl	tato	tatas	indecl	LEMMA_CONVENTION	no	yes	adverb--tas/-taḥ	1	1
14	14.03	bhavati	√bhū	verb	bhavati	bhū	verb	MATCH	yes	yes		1	1
14	14.03	bhārata	bhārata	nominal	bhārata	bhārata	nominal	MATCH	yes	yes		1	1
14	14.04	sarva-yoniṣu	sarva-yoni	nominal	sarva|yoniṣu	sarva|yoni	nominal|nominal	COMPOUND_SPLIT	n/a	n/a		1	2
14	14.04	kaunteya	kaunteya	nominal	kaunteya	kaunteya	nominal	MATCH	yes	yes		1	1
14	14.04	mūrtayaḥ	mūrti	nominal	mūrtayaḥ	mūrti	nominal	MATCH	yes	yes		1	1
14	14.04	saṁbhavanti	sam-√bhū	verb	sambhavanti	sambhū	verb	MATCH	yes	yes		1	1
14	14.04	yāḥ	yat	nominal	yāḥ	yad	nominal	LEMMA_CONVENTION	no	yes	pronoun-stem	1	1
14	14.04	tāsām	tat	nominal	tāsāṃ	tad	nominal	LEMMA_CONVENTION	no	yes	pronoun-stem	1	1
14	14.04	brahma	brahman	nominal	brahma	brahman	nominal	MATCH	yes	yes		1	1
14	14.04	mahat	mahant	nominal	mahat	mahat	indecl	LEMMA_CONVENTION+POS_DIVERGE	no	no	final-t/d+n	1	1
14	14.04	yoniḥ	yoni	nominal	yoniḥ	yoni	nominal	MATCH	yes	yes		1	1
14	14.04	aham	asmat	nominal	ahaṃ	mad	nominal	LEMMA_CONVENTION	no	yes	pronoun-stem	1	1
14	14.04	bīja-pradaḥ	bīja-prada	nominal	bīja|pradaḥ	bīja|prada	nominal|indecl	COMPOUND_SPLIT	n/a	n/a		1	2
14	14.04	pitā	pitṛ	nominal	pitā	pitṛ	nominal	MATCH	yes	yes		1	1
14	14.05	sattvam	sattva	nominal	sattvaṃ	sattva	nominal	MATCH	yes	yes		1	1
14	14.05	rajas	rajas	nominal	rajaḥ	rajas	nominal	MATCH	yes	yes		1	1
14	14.05	tamas	tamas	nominal	tamaḥ	tamas	nominal	MATCH	yes	yes		1	1
14	14.05	iti	iti	indecl	iti	iti	indecl	MATCH	yes	yes		1	1
14	14.05	guṇāḥ	guṇa	nominal	guṇāḥ	guṇa	nominal	MATCH	yes	yes		1	1
14	14.05	prakṛti-saṁbhavāḥ	prakṛti-saṁbhava	nominal	prakṛti|saṃbhavāḥ	prakṛti|sambhava	nominal|nominal	COMPOUND_SPLIT	n/a	n/a		1	2
14	14.05	nibadhnanti	ni-√bandh	verb	nibadhnanti	nibandh	verb	MATCH	yes	yes		1	1
14	14.05	mahābāho	mahā-bāhu	nominal	mahā|bāho	mahat|bāhu	indecl|nominal	COMPOUND_SPLIT	n/a	n/a		1	2
14	14.05	dehe	deha	nominal	dehe	deha	nominal	MATCH	yes	yes		1	1
14	14.05	dehinam	dehin	nominal	dehinam	dehin	nominal	MATCH	yes	yes		1	1
14	14.05	avyayam	a-vyaya	nominal	avyayam	avyaya	indecl	POS_DIVERGE	yes	no		1	1
14	14.06	tatra	tatra	indecl	tatra	tatra	indecl	MATCH	yes	yes		1	1
14	14.06	sattvam	sattva	nominal	sattvaṃ	sattva	nominal	MATCH	yes	yes		1	1
14	14.06	nirmalatvāt	nir-mala-tva	nominal	nirmala|tvāt	nirmala|tva	indecl|nominal	COMPOUND_SPLIT	n/a	n/a		1	2
14	14.06	prakāśakam	prakāśaka	nominal	prakāśakam	prakāśaka	indecl	POS_DIVERGE	yes	no		1	1
14	14.06	anāmayam	an-āmaya	nominal	anāmayam	anāmaya	indecl	POS_DIVERGE	yes	no		1	1
14	14.06	sukha-saṅgena	sukha-saṅga	nominal	sukha|saṅgena	sukha|saṅga	nominal|nominal	COMPOUND_SPLIT	n/a	n/a		1	2
14	14.06	badhnāti	√bandh	verb	badhnāti	bandh	verb	MATCH	yes	yes		1	1
14	14.06	jñāna-saṅgena	jñāna-saṅga	nominal	jñāna|saṅgena	jñāna|saṅga	nominal|nominal	COMPOUND_SPLIT	n/a	n/a		1	2
14	14.06	ca	ca	indecl	ca	ca	indecl	MATCH	yes	yes		1	1
14	14.06	anagha	an-agha	nominal	anagha	anagha	indecl	POS_DIVERGE	yes	no		1	1
14	14.07	rajaḥ	rajas	nominal	rajo	rajas	nominal	MATCH	yes	yes		1	1
14	14.07	rāgātmakam	rāga-ātmaka	nominal	rāga|ātmakam	rāga|ātmaka	nominal|indecl	COMPOUND_SPLIT	n/a	n/a		1	2
14	14.07	viddhi	√vid	verb	viddhi	vid	verb	MATCH	yes	yes		1	1
14	14.07	tṛṣṇā-saṅga-samudbhavam	tṛṣṇā-saṅga-samudbhava	nominal	tṛṣṇā|saṅga|samudbhavam	tṛṣṇā|saṅga|samudbhava	nominal|nominal|nominal	COMPOUND_SPLIT	n/a	n/a		1	3
14	14.07	tat	tat	nominal	tat	tad	nominal	LEMMA_CONVENTION	no	yes	pronoun-stem	1	1
14	14.07	nibadhnāti	ni-√bandh	verb	nibadhnāti	nibandh	verb	MATCH	yes	yes		1	1
14	14.07	kaunteya	kaunteya	nominal	kaunteya	kaunteya	nominal	MATCH	yes	yes		1	1
14	14.07	karma-saṅgena	karma-saṅga	nominal	karma|saṅgena	karman|saṅga	nominal|nominal	COMPOUND_SPLIT	n/a	n/a		1	2
14	14.07	dehinam	dehin	nominal	dehinam	dehin	nominal	MATCH	yes	yes		1	1
14	14.08	tamaḥ	tamas	nominal	tamaḥ	tamas	nominal	MATCH	yes	yes		1	1
14	14.08	tu	tu	indecl	tu	tu	indecl	MATCH	yes	yes		1	1
14	14.08	ajñāna-jam	ajñāna-ja	nominal	ajñāna|jam	ajñāna|ja	nominal|indecl	COMPOUND_SPLIT	n/a	n/a		1	2
14	14.08	viddhi	√vid	verb	viddhi	vid	verb	MATCH	yes	yes		1	1
14	14.08	mohanam	mohana	nominal	mohanaṃ	mohana	indecl	POS_DIVERGE	yes	no		1	1
14	14.08	sarva-dehinām	sarva-dehin	nominal	sarva|dehinām	sarva|dehin	nominal|nominal	COMPOUND_SPLIT	n/a	n/a		1	2
14	14.08	pramādālasya-nidrābhiḥ	pramāda-ālasya-nidrā	nominal	pramāda|ālasya|nidrābhiḥ	pramāda|ālasya|nidrā	nominal|nominal|nominal	COMPOUND_SPLIT	n/a	n/a		1	3
14	14.08	tat	tat	nominal	tat	tad	nominal	LEMMA_CONVENTION	no	yes	pronoun-stem	1	1
14	14.08	nibadhnāti	ni-√bandh	verb	nibadhnāti	nibandh	verb	MATCH	yes	yes		1	1
14	14.08	bhārata	bhārata	nominal	bhārata	bhārata	nominal	MATCH	yes	yes		1	1
14	14.09	sattvam	sattva	nominal	sattvaṃ	sattva	nominal	MATCH	yes	yes		1	1
14	14.09	sukhe	sukha	nominal	sukhe	sukha	nominal	MATCH	yes	yes		1	1
14	14.09	sañjayati	√xsañj	verb	sañjayati	sañjay	verb	LEMMA_DIVERGE	no	yes		1	1
14	14.09	rajaḥ	rajas	nominal	rajaḥ	rajas	nominal	MATCH	yes	yes		1	1
14	14.09	karmaṇi	karman	nominal	karmaṇi	karman	nominal	MATCH	yes	yes		1	1
14	14.09	bhārata	bhārata	nominal	bhārata	bhārata	nominal	MATCH	yes	yes		1	1
14	14.09	jñānam	jñāna	nominal	jñānam	jñāna	nominal	MATCH	yes	yes		1	1
14	14.09	āvṛtya	ā-√vṛ	unknown	āvṛtya	āvṛ	verb	POS_DIVERGE	yes	no		1	1
14	14.09	tu	tu	indecl	tu	tu	indecl	MATCH	yes	yes		1	1
14	14.09	tamaḥ	tamas	nominal	tamaḥ	tamas	nominal	MATCH	yes	yes		1	1
14	14.09	pramāde	pramāda	nominal	pramāde	pramāda	nominal	MATCH	yes	yes		1	1
14	14.09	sañjayaty	√xsañj	verb	sañjayati	sañjay	verb	LEMMA_DIVERGE	no	yes		1	1
14	14.09	uta	uta	indecl	uta	uta	indecl	MATCH	yes	yes		1	1
14	14.10	rajaḥ	rajas	nominal	rajaḥ	rajas	nominal	MATCH	yes	yes		1	1
14	14.10	tamaḥ	tamas	nominal	tamaḥ	tamas	nominal	MATCH	yes	yes		1	1
14	14.10	ca	ca	indecl	ca	ca	indecl	MATCH	yes	yes		1	1
14	14.10	abhibhūya	abhi-√bhū	unknown	abhibhūya	abhibhū	verb	POS_DIVERGE	yes	no		1	1
14	14.10	sattvam	sattva	nominal	sattvaṃ	sattva	nominal	MATCH	yes	yes		1	1
14	14.10	bhavati	√bhū	verb	bhavati	bhū	verb	MATCH	yes	yes		1	1
14	14.10	bhārata	bhārata	nominal	bhārata	bhārata	nominal	MATCH	yes	yes		1	1
14	14.10	rajaḥ	rajas	nominal	rajaḥ	rajas	nominal	MATCH	yes	yes		1	1
14	14.10	sattvam	sattva	nominal	sattvaṃ	sattva	nominal	MATCH	yes	yes		1	1
14	14.10	tamaḥ	tamas	nominal	tamaḥ	tamas	nominal	MATCH	yes	yes		1	1
14	14.10	ca	ca	indecl	ca	ca	indecl	MATCH	yes	yes		1	1
14	14.10	eva	eva	indecl	eva	eva	indecl	MATCH	yes	yes		1	1
14	14.10	tamaḥ	tamas	nominal	tamaḥ	tamas	nominal	MATCH	yes	yes		1	1
14	14.10	sattvam	sattva	nominal	sattvaṃ	sattva	nominal	MATCH	yes	yes		1	1
14	14.10	rajaḥ	rajas	nominal	rajaḥ	rajas	nominal	MATCH	yes	yes		1	1
14	14.10	tathā	tathā	indecl	tathā	tathā	indecl	MATCH	yes	yes		1	1
14	14.11	sarva-dvāreṣu	sarva-dvāra	nominal	sarva|dvāreṣu	sarva|dvāra	nominal|nominal	COMPOUND_SPLIT	n/a	n/a		1	2
14	14.11	dehe	deha	nominal	dehe	deha	nominal	MATCH	yes	yes		1	1
14	14.11	asmin	idam	nominal	asmin	idam	nominal	MATCH	yes	yes		1	1
14	14.11	prakāśaḥ	prakāśa	nominal	prakāśaḥ	prakāśa	nominal	MATCH	yes	yes		1	1
14	14.11	upajāyate	upa-√jan	verb	upajāyate	upajan	verb	MATCH	yes	yes		1	1
14	14.11	jñānam	jñāna	nominal	jñānaṃ	jñāna	nominal	MATCH	yes	yes		1	1
14	14.11	yadā	yadā	indecl	yadā	yadā	indecl	MATCH	yes	yes		1	1
14	14.11	tadā	tadā	indecl	tadā	tadā	indecl	MATCH	yes	yes		1	1
14	14.11	vidyāt	√vid	verb	vidyāt	vid	verb	MATCH	yes	yes		1	1
14	14.11	vivṛddham	vi-vṛddha	nominal	vivṛddham	vivṛdh	verb	LEMMA+POS_DIVERGE	no	no		1	1
14	14.11	sattvam	sattva	nominal	sattvam	sattva	nominal	MATCH	yes	yes		1	1
14	14.11	iti	iti	indecl	iti	iti	indecl	MATCH	yes	yes		1	1
14	14.11	uta	uta	indecl	uta	uta	indecl	MATCH	yes	yes		1	1
14	14.12	lobhaḥ	lobha	nominal	lobhaḥ	lobha	nominal	MATCH	yes	yes		1	1
14	14.12	pravṛttiḥ	pravṛtti	nominal	pravṛttiḥ	pravṛtti	nominal	MATCH	yes	yes		1	1
14	14.12	ārambhaḥ	ārambha	nominal	ārambhaḥ	ārambha	nominal	MATCH	yes	yes		1	1
14	14.12	karmaṇām	karman	nominal	karmaṇām	karman	nominal	MATCH	yes	yes		1	1
14	14.12	aśamaḥ	a-śama	nominal	aśamaḥ	aśama	nominal	MATCH	yes	yes		1	1
14	14.12	spṛhā	spṛhā	nominal	spṛhā	spṛhā	nominal	MATCH	yes	yes		1	1
14	14.12	rajasi	rajas	nominal	rajasi	rajas	nominal	MATCH	yes	yes		1	1
14	14.12	etāni	etat	nominal	etāni	etad	nominal	LEMMA_CONVENTION	no	yes	pronoun-stem	1	1
14	14.12	jāyante	√jan	verb	jāyante	jan	verb	MATCH	yes	yes		1	1
14	14.12	vivṛddhe	vi-vṛddha	nominal	vivṛddhe	vivṛdh	verb	LEMMA+POS_DIVERGE	no	no		1	1
14	14.12	bharata-rṣabha	bharata-rṣabha	nominal	bharata	bharata	nominal	LEMMA_DIVERGE	no	yes		1	1
14					ṛṣabha	ṛṣabha	nominal	GOLD_ONLY				0	1
14	14.13	aprakāśaḥ	a-prakāśa	nominal	aprakāśo	aprakāśa	indecl	POS_DIVERGE	yes	no		1	1
14	14.13	apravṛttiḥ	a-pravṛtti	nominal	apravṛttiḥ	apravṛtti	nominal	MATCH	yes	yes		1	1
14	14.13	ca	ca	indecl	ca	ca	indecl	MATCH	yes	yes		1	1
14	14.13	pramādaḥ	pramāda	nominal	pramādo	pramāda	nominal	MATCH	yes	yes		1	1
14	14.13	mohaḥ	moha	nominal	moha	moha	nominal	MATCH	yes	yes		1	1
14	14.13	eva	eva	indecl	eva	eva	indecl	MATCH	yes	yes		1	1
14	14.13	ca	ca	indecl	ca	ca	indecl	MATCH	yes	yes		1	1
14	14.13	tamasi	tamas	nominal	tamasi	tamas	nominal	MATCH	yes	yes		1	1
14	14.13	etāni	etat	nominal	etāni	etad	nominal	LEMMA_CONVENTION	no	yes	pronoun-stem	1	1
14	14.13	jāyante	√jan	verb	jāyante	jan	verb	MATCH	yes	yes		1	1
14	14.13	vivṛddhe	vi-vṛddha	nominal	vivṛddhe	vivṛdh	verb	LEMMA+POS_DIVERGE	no	no		1	1
14	14.13	kuru-nandana	kuru-nandana	nominal	kuru|nandana	kuru|nandana	nominal|nominal	COMPOUND_SPLIT	n/a	n/a		1	2
14	14.14	yadā	yadā	indecl	yadā	yadā	indecl	MATCH	yes	yes		1	1
14	14.14	sattve	sattva	nominal	sattve	sattva	nominal	MATCH	yes	yes		1	1
14	14.14	pravṛddhe	pra-vṛddha	nominal	pravṛddhe	pravṛdh	verb	LEMMA+POS_DIVERGE	no	no		1	1
14	14.14	tu	tu	indecl	tu	tu	indecl	MATCH	yes	yes		1	1
14	14.14	pralayam	pralaya	nominal	pralayaṃ	pralaya	nominal	MATCH	yes	yes		1	1
14	14.14	yāti	√yā	verb	yāti	yā	verb	MATCH	yes	yes		1	1
14	14.14	deha-bhṛt	deha-bhṛt	nominal	dehabhṛt	dehabhṛt	nominal	MATCH	yes	yes		1	1
14	14.14	tadā	tadā	indecl	tadā	tadā	indecl	MATCH	yes	yes		1	1
14	14.14	uttama-vidām	uttama-vit	nominal	uttama|vidām	uttama|vid	indecl|indecl	COMPOUND_SPLIT	n/a	n/a		1	2
14	14.14	lokān	loka	nominal	lokān	loka	nominal	MATCH	yes	yes		1	1
14	14.14	amalān	a-mala	nominal	amalān	amala	indecl	POS_DIVERGE	yes	no		1	1
14	14.14	pratipadyate	prati-√pad	verb	pratipadyate	pratipad	verb	MATCH	yes	yes		1	1
14	14.15	rajasi	rajas	nominal	rajasi	rajas	nominal	MATCH	yes	yes		1	1
14	14.15	pralayam	pralaya	nominal	pralayaṃ	pralaya	nominal	MATCH	yes	yes		1	1
14	14.15	gatvā	√gam	unknown	gatvā	gam	verb	POS_DIVERGE	yes	no		1	1
14	14.15	karma-saṅgiṣu	karma-saṅgin	nominal	karma|saṅgiṣu	karman|saṅgin	nominal|indecl	COMPOUND_SPLIT	n/a	n/a		1	2
14	14.15	jāyate	√jan	verb	jāyate	jan	verb	MATCH	yes	yes		1	1
14	14.15	tathā	tathā	indecl	tathā	tathā	indecl	MATCH	yes	yes		1	1
14	14.15	pralīnaḥ	pralīna	nominal	pralīnaḥ	pralī	verb	LEMMA+POS_DIVERGE	no	no		1	1
14	14.15	tamasi	tamas	nominal	tamasi	tamas	nominal	MATCH	yes	yes		1	1
14	14.15	mūḍha-yoniṣu	mūḍha-yoni	nominal	mūḍha|yoniṣu	muh|yoni	verb|nominal	COMPOUND_SPLIT	n/a	n/a		1	2
14	14.15	jāyate	√jan	verb	jāyate	jan	verb	MATCH	yes	yes		1	1
14	14.16	karmaṇaḥ	karman	nominal	karmaṇaḥ	karman	nominal	MATCH	yes	yes		1	1
14	14.16	sukṛtasya	sukṛta	nominal	su|kṛtasya	su|kṛ	indecl|verb	COMPOUND_SPLIT	n/a	n/a		1	2
14	14.16	āhuḥ	√ah	verb	āhuḥ	ah	verb	MATCH	yes	yes		1	1
14	14.16	sāttvikam	sāttvika	nominal	sāttvikaṃ	sāttvika	indecl	POS_DIVERGE	yes	no		1	1
14	14.16	nirmalam	nir-mala	nominal	nirmalaṃ	nirmala	indecl	POS_DIVERGE	yes	no		1	1
14	14.16	phalam	phala	nominal	phalam	phala	nominal	MATCH	yes	yes		1	1
14	14.16	rajasaḥ	rajas	nominal	rajasaḥ	rajas	nominal	MATCH	yes	yes		1	1
14	14.16	tu	tu	indecl	tu	tu	indecl	MATCH	yes	yes		1	1
14	14.16	phalam	phala	nominal	phalaṃ	phala	nominal	MATCH	yes	yes		1	1
14	14.16	duḥkham	duḥkha	nominal	duḥkham	duḥkha	nominal	MATCH	yes	yes		1	1
14	14.16	ajñānam	a-jñāna	nominal	ajñānam	ajñāna	nominal	MATCH	yes	yes		1	1
14	14.16	tamasaḥ	tamas	nominal	tamasaḥ	tamas	nominal	MATCH	yes	yes		1	1
14	14.16	phalam	phala	nominal	phalam	phala	nominal	MATCH	yes	yes		1	1
14	14.17	sattvāt	sattva	nominal	sattvāt	sattva	nominal	MATCH	yes	yes		1	1
14	14.17	saṁjāyate	sam-√jan	verb	saṃjāyate	saṃjan	verb	LEMMA_CONVENTION	no	yes	nasal-class	1	1
14	14.17	jñānam	jñāna	nominal	jñānaṃ	jñāna	nominal	MATCH	yes	yes		1	1
14	14.17	rajasaḥ	rajas	nominal	rajaso	rajas	nominal	MATCH	yes	yes		1	1
14	14.17	lobhaḥ	lobha	nominal	lobha	lobha	nominal	MATCH	yes	yes		1	1
14	14.17	eva	eva	indecl	eva	eva	indecl	MATCH	yes	yes		1	1
14	14.17	ca	ca	indecl	ca	ca	indecl	MATCH	yes	yes		1	1
14	14.17	pramāda-mohau	pramāda-moha	nominal	pramāda|mohau	pramāda|moha	nominal|nominal	COMPOUND_SPLIT	n/a	n/a		1	2
14	14.17	tamasaḥ	tamas	nominal	tamaso	tamas	nominal	MATCH	yes	yes		1	1
14	14.17	bhavataḥ	√bhū	verb	bhavato	bhū	verb	MATCH	yes	yes		1	1
14	14.17	ajñānam	a-jñāna	nominal	ajñānam	ajñāna	nominal	MATCH	yes	yes		1	1
14	14.17	eva	eva	indecl	eva	eva	indecl	MATCH	yes	yes		1	1
14	14.17	ca	ca	indecl	ca	ca	indecl	MATCH	yes	yes		1	1
14	14.18	ūrdhvam	ūrdhvam	indecl	ūrdhvaṃ	ūrdhvam	indecl	MATCH	yes	yes		1	1
14	14.18	gacchanti	√gam	verb	gacchanti	gam	verb	MATCH	yes	yes		1	1
14	14.18	sattva-sthāḥ	sattva-stha	nominal	sattva|sthāḥ	sattva|stha	nominal|indecl	COMPOUND_SPLIT	n/a	n/a		1	2
14	14.18	madhye	madhya	nominal	madhye	madhya	nominal	MATCH	yes	yes		1	1
14	14.18	tiṣṭhanti	√sthā	verb	tiṣṭhanti	sthā	verb	MATCH	yes	yes		1	1
14	14.18	rājasāḥ	rājasa	nominal	rājasāḥ	rājasa	indecl	POS_DIVERGE	yes	no		1	1
14	14.18	jaghanya-guṇa-vṛtta-sthāḥ	jaghanya-guṇa-vṛtta-stha	nominal	jaghanya|guṇa|vṛtta|sthāḥ	jaghanya|guṇa|vṛtta|stha	indecl|nominal|nominal|indecl	COMPOUND_SPLIT	n/a	n/a		1	4
14	14.18	adhaḥ	adhaḥ	indecl	adho	adhas	indecl	LEMMA_CONVENTION	no	yes	adverb--tas/-taḥ	1	1
14	14.18	gacchanti	√gam	verb	gacchanti	gam	verb	MATCH	yes	yes		1	1
14	14.18	tāmasāḥ	tāmasa	nominal	tāmasāḥ	tāmasa	indecl	POS_DIVERGE	yes	no		1	1
14	14.19	na	na	indecl	na	na	indecl	MATCH	yes	yes		1	1
14	14.19	anyam	anya	nominal	anyam	anya	nominal	MATCH	yes	yes		1	1
14	14.19	guṇebhyaḥ	guṇa	nominal	guṇebhyaḥ	guṇa	nominal	MATCH	yes	yes		1	1
14	14.19	kartāram	kartṛ	nominal	kartāraṃ	kartṛ	indecl	POS_DIVERGE	yes	no		1	1
14	14.19	yadā	yadā	indecl	yadā	yadā	indecl	MATCH	yes	yes		1	1
14	14.19	draṣṭā	draṣṭṛ	nominal	draṣṭā	draṣṭṛ	indecl	POS_DIVERGE	yes	no		1	1
14	14.19	anupaśyati	anu-√dṛś	verb	anupaśyati	anupaś	verb	LEMMA_DIVERGE	no	yes		1	1
14	14.19	guṇebhyaḥ	guṇa	nominal	guṇebhyaḥ	guṇa	nominal	MATCH	yes	yes		1	1
14	14.19	ca	ca	indecl	ca	ca	indecl	MATCH	yes	yes		1	1
14	14.19	param	para	nominal	paraṃ	para	nominal	MATCH	yes	yes		1	1
14	14.19	vetti	√vid	verb	vetti	vid	verb	MATCH	yes	yes		1	1
14	14.19	mad-bhāvam	mad-bhāva	nominal	mad|bhāvam	mad|bhāva	nominal|nominal	COMPOUND_SPLIT	n/a	n/a		1	2
14	14.19	saḥ|adhigacchati	tat|adhi-√gam	nominal|verb	so|'dhigacchati	tad|adhigam	nominal|verb	RESEGMENTED	n/a	n/a		2	2
14	14.20	guṇān	guṇa	nominal	guṇān	guṇa	nominal	MATCH	yes	yes		1	1
14	14.20	etān	etat	nominal	etān	etad	nominal	LEMMA_CONVENTION	no	yes	pronoun-stem	1	1
14	14.20	atītya	ati-√i	unknown	atītya	atī	verb	LEMMA_CONVENTION+POS_DIVERGE	no	no	vowel-sandhi/contraction	1	1
14	14.20	trīn	tri	nominal	trīn	tri	indecl	POS_DIVERGE	yes	no		1	1
14	14.20	dehī	dehin	nominal	dehī	dehin	nominal	MATCH	yes	yes		1	1
14	14.20	deha-samudbhavān	deha-samudbhava	nominal	deha|samudbhavān	deha|samudbhava	nominal|nominal	COMPOUND_SPLIT	n/a	n/a		1	2
14	14.20	janma-mṛtyu-jarā-duḥkhaiḥ	janma-mṛtyu-jarā-duḥkha	nominal	janma|mṛtyu|jarā|duḥkhaiḥ	janman|mṛtyu|jarā|duḥkha	nominal|nominal|nominal|nominal	COMPOUND_SPLIT	n/a	n/a		1	4
14	14.20	vimuktaḥ	vimukta	nominal	vimuktaḥ	vimuc	verb	LEMMA+POS_DIVERGE	no	no		1	1
14	14.20	amṛtam	a-mṛta	nominal	amṛtam	amṛta	nominal	MATCH	yes	yes		1	1
14	14.20	aśnute	√aś	verb	aśnute	aś	verb	MATCH	yes	yes		1	1
14	14.21	arjunaḥ	arjuna	nominal	arjuna	arjuna	nominal	MATCH	yes	yes		1	1
14	14.21	uvāca	√vac	verb	uvāca	vac	verb	MATCH	yes	yes		1	1
14	14.21	kaiḥ	kim	nominal	kaiḥ	ka	nominal	LEMMA_CONVENTION	no	yes	pronoun-stem	1	1
14	14.21	liṅgaiḥ	liṅga	nominal	liṅgaiḥ	liṅga	nominal	MATCH	yes	yes		1	1
14	14.21	trīn	tri	nominal	trīn	tri	indecl	POS_DIVERGE	yes	no		1	1
14	14.21	guṇān	guṇa	nominal	guṇān	guṇa	nominal	MATCH	yes	yes		1	1
14	14.21	etān	etat	nominal	etān	etad	nominal	LEMMA_CONVENTION	no	yes	pronoun-stem	1	1
14	14.21	atītaḥ	atīta	nominal	atītaḥ	atī	verb	LEMMA+POS_DIVERGE	no	no		1	1
14	14.21	bhavati	√bhū	verb	bhavati	bhū	verb	MATCH	yes	yes		1	1
14	14.21	prabho	pra-bhu	nominal	prabho	prabhu	nominal	MATCH	yes	yes		1	1
14	14.21	kim|ācāraḥ	kim|ācāra	indecl|nominal	kimācāraḥ	kimācāra	indecl	MERGE	n/a	n/a		2	1
14	14.21	katham	katham	indecl	kathaṃ	katham	indecl	MATCH	yes	yes		1	1
14	14.21	ca	ca	indecl	ca	ca	indecl	MATCH	yes	yes		1	1
14	14.21	etān	etat	nominal	etān	etad	nominal	LEMMA_CONVENTION	no	yes	pronoun-stem	1	1
14	14.21	trīn	tri	nominal	trīn	tri	indecl	POS_DIVERGE	yes	no		1	1
14	14.21	guṇān	guṇa	nominal	guṇān	guṇa	nominal	MATCH	yes	yes		1	1
14	14.21	ativartate	ati-√vṛt	verb	ativartate	ativṛt	verb	MATCH	yes	yes		1	1
14	14.22	śrī-bhagavān	śrī-bhagavant	nominal	śrī|bhagavān	śrī|bhagavant	nominal|nominal	COMPOUND_SPLIT	n/a	n/a		1	2
14	14.22	uvāca	√vac	verb	uvāca	vac	verb	MATCH	yes	yes		1	1
14	14.22	prakāśam	prakāśa	nominal	prakāśaṃ	prakāśa	nominal	MATCH	yes	yes		1	1
14	14.22	ca	ca	indecl	ca	ca	indecl	MATCH	yes	yes		1	1
14	14.22	pravṛttim	pravṛtti	nominal	pravṛttiṃ	pravṛtti	nominal	MATCH	yes	yes		1	1
14	14.22	ca	ca	indecl	ca	ca	indecl	MATCH	yes	yes		1	1
14	14.22	moham	moha	nominal	moham	moha	nominal	MATCH	yes	yes		1	1
14	14.22	eva	eva	indecl	eva	eva	indecl	MATCH	yes	yes		1	1
14	14.22	ca	ca	indecl	ca	ca	indecl	MATCH	yes	yes		1	1
14	14.22	pāṇḍava	pāṇḍava	nominal	pāṇḍava	pāṇḍava	nominal	MATCH	yes	yes		1	1
14	14.22	na	na	indecl	na	na	indecl	MATCH	yes	yes		1	1
14	14.22	dveṣṭi	√dviṣ	verb	dveṣṭi	dviṣ	verb	MATCH	yes	yes		1	1
14	14.22	saṁpravṛttāni	sam-pra-vṛtta	nominal	sampravṛttāni	sampravṛt	verb	LEMMA+POS_DIVERGE	no	no		1	1
14	14.22	na	na	indecl	na	na	indecl	MATCH	yes	yes		1	1
14	14.22	nivṛttāni	ni-vṛtta	nominal	nivṛttāni	nivṛt	verb	LEMMA+POS_DIVERGE	no	no		1	1
14	14.22	kāṅkṣati	√kāṅkṣ	verb	kāṅkṣati	kāṅkṣ	verb	MATCH	yes	yes		1	1
14	14.23	udāsīnavat	udāsīnavat	indecl	udāsīna|vat	udāsīna|vat	nominal|indecl	COMPOUND_SPLIT	n/a	n/a		1	2
14	14.23	āsīnaḥ	āsīna	nominal	āsīnaḥ	ās	verb	LEMMA+POS_DIVERGE	no	no		1	1
14	14.23	guṇaiḥ	guṇa	nominal	guṇaiḥ	guṇa	nominal	MATCH	yes	yes		1	1
14	14.23	yaḥ	yat	nominal	yaḥ	yad	nominal	LEMMA_CONVENTION	no	yes	pronoun-stem	1	1
14	14.23	na	na	indecl	na	na	indecl	MATCH	yes	yes		1	1
14	14.23	vicālyate	vi-√cal	verb	vicālyate	vicālay	verb	LEMMA_DIVERGE	no	yes		1	1
14	14.23	guṇāḥ	guṇa	nominal	guṇā	guṇa	nominal	MATCH	yes	yes		1	1
14	14.23	vartante	√vṛt	verb	vartanta	vṛt	verb	MATCH	yes	yes		1	1
14	14.23	iti	iti	indecl	iti	iti	indecl	MATCH	yes	yes		1	1
14	14.23	eva	eva	indecl	eva	eva	indecl	MATCH	yes	yes		1	1
14	14.23	yaḥ|avatiṣṭhati	yat|ava-√sthā	nominal|verb	yo|'vatiṣṭhati	yad|avasthā	nominal|verb	RESEGMENTED	n/a	n/a		2	2
14	14.23	na	na	indecl	na	na	indecl	MATCH	yes	yes		1	1
14	14.23	iṅgate	√iṅg	verb	iṅgate	iṅg	verb	MATCH	yes	yes		1	1
14	14.24	sama-duḥkha-sukhaḥ	sama-duḥkha-sukha	nominal	sama|duḥkha|sukhaḥ	sama|duḥkha|sukha	nominal|nominal|nominal	COMPOUND_SPLIT	n/a	n/a		1	3
14	14.24	svasthaḥ	sva-stha	nominal	svasthaḥ	svastha	indecl	POS_DIVERGE	yes	no		1	1
14	14.24	sama-loṣṭāśma-kāñcanaḥ	sama-loṣṭa-aśma-kāñcana	nominal	sama|loṣṭa|aśma|kāñcanaḥ	sama|loṣṭa|aśman|kāñcana	nominal|nominal|nominal|nominal	COMPOUND_SPLIT	n/a	n/a		1	4
14	14.24	tulya-priyāpriyaḥ	tulya-priya-apriya	nominal	tulya|priya|apriyaḥ	tulya|priya|apriya	indecl|indecl|indecl	COMPOUND_SPLIT	n/a	n/a		1	3
14	14.24	dhīraḥ	dhīra	nominal	dhīraḥ	dhīra	indecl	POS_DIVERGE	yes	no		1	1
14	14.24	tulya-nindātma-saṁstutiḥ	tulya-nindā-ātma-saṁstuti	nominal	tulya|nindā|ātma|saṃstutiḥ	tulya|nindā|ātman|saṃstuti	indecl|nominal|nominal|nominal	COMPOUND_SPLIT	n/a	n/a		1	4
14	14.25	mānāvamānayoḥ	māna-avamāna	nominal	māna|avamānayoḥ	māna|avamāna	nominal|nominal	COMPOUND_SPLIT	n/a	n/a		1	2
14	14.25	tulyaḥ	tulya	nominal	tulyaḥ	tulya	indecl	POS_DIVERGE	yes	no		1	1
14	14.25	tulyaḥ	tulya	nominal	tulyaḥ	tulya	indecl	POS_DIVERGE	yes	no		1	1
14	14.25	mitrāri-pakṣayoḥ	mitra-ari-pakṣa	nominal	mitra|ari|pakṣayoḥ	mitra|ari|pakṣa	nominal|nominal|nominal	COMPOUND_SPLIT	n/a	n/a		1	3
14	14.25	sarvārambha-parityāgī	sarva-ārambha-parityāgin	nominal	sarva|ārambha|parityāgī	sarva|ārambha|parityāgin	nominal|nominal|indecl	COMPOUND_SPLIT	n/a	n/a		1	3
14	14.25	guṇātītaḥ	guṇa-atīta	nominal	guṇa|atītaḥ	guṇa|atī	nominal|verb	COMPOUND_SPLIT	n/a	n/a		1	2
14	14.25	saḥ	tat	nominal	sa	tad	nominal	LEMMA_CONVENTION	no	yes	pronoun-stem	1	1
14	14.25	ucyate	√vac	verb	ucyate	vac	verb	MATCH	yes	yes		1	1
14	14.26	mām	asmat	nominal	māṃ	mad	nominal	LEMMA_CONVENTION	no	yes	pronoun-stem	1	1
14	14.26	ca	ca	indecl	ca	ca	indecl	MATCH	yes	yes		1	1
14	14.26	yaḥ|avyabhicāreṇa	yat|a-vyabhicāra	nominal|nominal	yo|'vyabhicāreṇa	yad|avyabhicāra	nominal|nominal	RESEGMENTED	n/a	n/a		2	2
14	14.26	bhakti-yogena	bhakti-yoga	nominal	bhakti|yogena	bhakti|yoga	nominal|nominal	COMPOUND_SPLIT	n/a	n/a		1	2
14	14.26	sevate	√sev	verb	sevate	sev	verb	MATCH	yes	yes		1	1
14	14.26	saḥ	tat	nominal	sa	tad	nominal	LEMMA_CONVENTION	no	yes	pronoun-stem	1	1
14	14.26	guṇān	guṇa	nominal	guṇān	guṇa	nominal	MATCH	yes	yes		1	1
14	14.26	samatītya	sam-ati-√i	unknown	samatītya	samatī	verb	LEMMA_CONVENTION+POS_DIVERGE	no	no	vowel-sandhi/contraction	1	1
14	14.26	etān	etat	nominal	etān	etad	nominal	LEMMA_CONVENTION	no	yes	pronoun-stem	1	1
14	14.26	brahma-bhūyāya	brahma-bhūya	nominal	brahma|bhūyāya	brahman|bhūya	nominal|nominal	COMPOUND_SPLIT	n/a	n/a		1	2
14	14.26	kalpate	√kḷp	verb	kalpate	kﾱp	verb	LEMMA_DIVERGE	no	yes		1	1
14	14.27	brahmaṇaḥ	brahman	nominal	brahmaṇo	brahman	nominal	MATCH	yes	yes		1	1
14	14.27	hi	hi	indecl	hi	hi	indecl	MATCH	yes	yes		1	1
14	14.27	pratiṣṭhā	pratiṣṭhā	nominal	pratiṣṭhā	pratiṣṭhā	nominal	MATCH	yes	yes		1	1
14	14.27	aham	asmat	nominal	aham	mad	nominal	LEMMA_CONVENTION	no	yes	pronoun-stem	1	1
14	14.27	amṛtasya	a-mṛta	nominal	amṛtasya	amṛta	indecl	POS_DIVERGE	yes	no		1	1
14	14.27	avyayasya	a-vyaya	nominal	avyayasya	avyaya	indecl	POS_DIVERGE	yes	no		1	1
14	14.27	ca	ca	indecl	ca	ca	indecl	MATCH	yes	yes		1	1
14	14.27	śāśvatasya	śāśvata	nominal	śāśvatasya	śāśvata	indecl	POS_DIVERGE	yes	no		1	1
14	14.27	ca	ca	indecl	ca	ca	indecl	MATCH	yes	yes		1	1
14	14.27	dharmasya	dharma	nominal	dharmasya	dharma	nominal	MATCH	yes	yes		1	1
14	14.27	sukhasya	sukha	nominal	sukhasya	sukha	nominal	MATCH	yes	yes		1	1
14	14.27	aikāntikasya / ekāntikasya	ekāntika	nominal	aikāntikasya	aikāntika	indecl	LEMMA_CONVENTION+POS_DIVERGE	no	no	vowel-sandhi/contraction	1	1
14	14.27	ca	ca	indecl	ca	ca	indecl	MATCH	yes	yes		1	1
15	15.01	śrī-bhagavān	śrī-bhagavant	nominal	śrī|bhagavān	śrī|bhagavant	nominal|nominal	COMPOUND_SPLIT	n/a	n/a		1	2
15	15.01	uvāca	√vac	verb	uvāca	vac	verb	MATCH	yes	yes		1	1
15	15.01	ūrdhva-mūlam	ūrdhva-mūla	nominal	ūrdhva|mūlam	ūrdhva|mūla	indecl|nominal	COMPOUND_SPLIT	n/a	n/a		1	2
15	15.01	adhaḥ-śākham	adhaḥ-śākha	nominal	adhas|śākham	adhas|śākhā	indecl|nominal	COMPOUND_SPLIT	n/a	n/a		1	2
15	15.01	aśvattham	aśvattha	nominal	aśvattham	aśvattha	nominal	MATCH	yes	yes		1	1
15	15.01	prāhuḥ	pra-√ah	verb	prāhuḥ	prāh	verb	LEMMA_CONVENTION	no	yes	vowel-sandhi/contraction	1	1
15	15.01	avyayam	a-vyaya	nominal	avyayam	avyaya	indecl	POS_DIVERGE	yes	no		1	1
15	15.01	chandāṁsi	chandas	nominal	chandāṃsi	chandas	nominal	MATCH	yes	yes		1	1
15	15.01	yasya	yat	nominal	yasya	yad	nominal	LEMMA_CONVENTION	no	yes	pronoun-stem	1	1
15	15.01	parṇāni	parṇa	nominal	parṇāni	parṇa	nominal	MATCH	yes	yes		1	1
15	15.01	yaḥ	yat	nominal	yaḥ	yad	nominal	LEMMA_CONVENTION	no	yes	pronoun-stem	1	1
15	15.01	tam	tat	nominal	tam	tad	nominal	LEMMA_CONVENTION	no	yes	pronoun-stem	1	1
15	15.01	veda	√vid	verb	veda	vid	verb	MATCH	yes	yes		1	1
15	15.01	saḥ	tat	nominal	sa	tad	nominal	LEMMA_CONVENTION	no	yes	pronoun-stem	1	1
15	15.01	vedavit	veda-vit	nominal	veda	veda	nominal	LEMMA_DIVERGE	no	yes		1	1
15					vid	vid	indecl	GOLD_ONLY				0	1
15	15.02	adhaḥ	adhaḥ	indecl	adhas	adhas	indecl	LEMMA_CONVENTION	no	yes	adverb--tas/-taḥ	1	1
15	15.02	ca	ca	indecl	ca	ca	indecl	MATCH	yes	yes		1	1
15	15.02	urdhvam	urdhvam	indecl	ūrdhvam	ūrdhvam	indecl	LEMMA_CONVENTION	no	yes	vowel-sandhi/contraction	1	1
15	15.02	prasṛtāḥ	prasṛta	nominal	prasṛtāḥ	prasṛ	verb	LEMMA+POS_DIVERGE	no	no		1	1
15	15.02	tasya	tat	nominal	tasya	tad	nominal	LEMMA_CONVENTION	no	yes	pronoun-stem	1	1
15	15.02	śākhāḥ	śākhā	nominal	śākhā	śākhā	nominal	MATCH	yes	yes		1	1
15	15.02	guṇa-pravṛddhāḥ	guṇa-pravṛddha	nominal	guṇa|pravṛddhāḥ	guṇa|pravṛdh	nominal|verb	COMPOUND_SPLIT	n/a	n/a		1	2
15	15.02	viṣaya-pravālāḥ	viṣaya-pravāla	nominal	viṣaya|pravālāḥ	viṣaya|pravāla	nominal|nominal	COMPOUND_SPLIT	n/a	n/a		1	2
15	15.02	adhaḥ	adhaḥ	indecl	adhas	adhas	indecl	LEMMA_CONVENTION	no	yes	adverb--tas/-taḥ	1	1
15	15.02	ca	ca	indecl	ca	ca	indecl	MATCH	yes	yes		1	1
15	15.02	mūlāni	mūla	nominal	mūlāni	mūla	nominal	MATCH	yes	yes		1	1
15	15.02	anusaṁtatāni	anu-saṁ-tata	nominal	anusaṃtatāni	anusaṃtan	verb	LEMMA+POS_DIVERGE	no	no		1	1
15	15.02	karmānubandhīni	karma-anubandhi	nominal	karma|anubandhīni	karman|anubandhin	nominal|indecl	COMPOUND_SPLIT	n/a	n/a		1	2
15	15.02	manuṣya-loke	manuṣya-loke	nominal	manuṣya|loke	manuṣya|loka	nominal|nominal	COMPOUND_SPLIT	n/a	n/a		1	2
15	15.03	na	na	indecl	na	na	indecl	MATCH	yes	yes		1	1
15	15.03	rūpam	rūpa	nominal	rūpam	rūpa	nominal	MATCH	yes	yes		1	1
15	15.03	asya	idam	nominal	asya	idam	nominal	MATCH	yes	yes		1	1
15	15.03	iha	iha	indecl	iha	iha	indecl	MATCH	yes	yes		1	1
15	15.03	tathā	tathā	indecl	tathā	tathā	indecl	MATCH	yes	yes		1	1
15	15.03	upalabhyate	upa-√labh	verb	upalabhyate	upalabh	verb	MATCH	yes	yes		1	1
15	15.03	na	na	indecl	na	na	indecl	MATCH	yes	yes		1	1
15	15.03	antaḥ	anta	nominal	antaḥ	anta	nominal	MATCH	yes	yes		1	1
15	15.03	na	na	indecl	na	na	indecl	MATCH	yes	yes		1	1
15	15.03	ca	ca	indecl	ca	ca	indecl	MATCH	yes	yes		1	1
15	15.03	ādiḥ	ādi	nominal	ādiḥ	ādi	nominal	MATCH	yes	yes		1	1
15	15.03	na	na	indecl	na	na	indecl	MATCH	yes	yes		1	1
15	15.03	ca	ca	indecl	ca	ca	indecl	MATCH	yes	yes		1	1
15	15.03	saṁpratiṣṭhā	saṁpratiṣṭhā	nominal	saṃpratiṣṭhā	sampratiṣṭhā	nominal	LEMMA_CONVENTION	no	yes	nasal-class	1	1
15	15.03	aśvattham	aśvattha	nominal	aśvattham	aśvattha	nominal	MATCH	yes	yes		1	1
15	15.03	enam	etat	nominal	enam	enad	nominal	LEMMA_DIVERGE	no	yes		1	1
15	15.03	suvirūḍha-mūlam	suvirūḍha-mūla	nominal	su|virūḍha|mūlam	su|viruh|mūla	indecl|verb|nominal	COMPOUND_SPLIT	n/a	n/a		1	3
15	15.03	asaṅga-śastreṇa	asaṅga-śastra	nominal	asaṅga|śastreṇa	asaṅga|śastra	nominal|nominal	COMPOUND_SPLIT	n/a	n/a		1	2
15	15.03	dṛḍhena	dṛḍha	nominal	dṛḍhena	dṛḍha	indecl	POS_DIVERGE	yes	no		1	1
15	15.03	chittvā	√chid	unknown	chittvā	chid	verb	POS_DIVERGE	yes	no		1	1
15	15.04	tataḥ	tataḥ	indecl	tataḥ	tatas	indecl	LEMMA_CONVENTION	no	yes	adverb--tas/-taḥ	1	1
15	15.04	padam	pada	nominal	padaṃ	pada	nominal	MATCH	yes	yes		1	1
15	15.04	tat	tat	nominal	tat	tad	nominal	LEMMA_CONVENTION	no	yes	pronoun-stem	1	1
15	15.04	parimārgitavyam	parimārgitavya	nominal	parimārgitavyam	parimārg	verb	LEMMA+POS_DIVERGE	no	no		1	1
15	15.04	yasmin	yat	nominal	yasmin	yad	nominal	LEMMA_CONVENTION	no	yes	pronoun-stem	1	1
15	15.04	gatāḥ	gata	nominal	gatāḥ	gam	verb	LEMMA+POS_DIVERGE	no	no		1	1
15	15.04	na	na	indecl	na	na	indecl	MATCH	yes	yes		1	1
15	15.04	nivartanti	ni-√vṛt	verb	nivartanti	nivṛt	verb	MATCH	yes	yes		1	1
15	15.04	bhūyaḥ	bhūyaḥ	indecl	bhūyaḥ	bhūyas	indecl	LEMMA_CONVENTION	no	yes	adverb--tas/-taḥ	1	1
15	15.04	tam	tat	nominal	tam	tad	nominal	LEMMA_CONVENTION	no	yes	pronoun-stem	1	1
15	15.04	eva	eva	indecl	eva	eva	indecl	MATCH	yes	yes		1	1
15	15.04	ca	ca	indecl	ca	ca	indecl	MATCH	yes	yes		1	1
15	15.04	ādyam	ādya	nominal	ādyam	ādya	indecl	POS_DIVERGE	yes	no		1	1
15	15.04	puruṣam	puruṣa	nominal	puruṣaṃ	puruṣa	nominal	MATCH	yes	yes		1	1
15	15.04	prapadye	pra-√pad	verb	prapadye	prapad	verb	MATCH	yes	yes		1	1
15	15.04	yataḥ	yataḥ	indecl	yataḥ	yatas	indecl	LEMMA_CONVENTION	no	yes	adverb--tas/-taḥ	1	1
15	15.04	pravṛttiḥ	pravṛtti	nominal	pravṛttiḥ	pravṛtti	nominal	MATCH	yes	yes		1	1
15	15.04	prasṛtā	pra-sṛtā	nominal	prasṛtā	prasṛ	verb	LEMMA+POS_DIVERGE	no	no		1	1
15	15.04	purāṇī	purāṇī	nominal	purāṇī	purāṇa	indecl	LEMMA_CONVENTION+POS_DIVERGE	no	no	vowel-sandhi/contraction	1	1
15	15.05	nirmāṇa-mohāḥ	nir-māṇa-moha	nominal	nirmāna	nirmāna	indecl	LEMMA+POS_DIVERGE	no	no		1	1
15					mohāḥ	moha	nominal	GOLD_ONLY				0	1
15	15.05	jita-saṅga-doṣāḥ	jita-saṅga-doṣa	nominal	jita|saṅga|doṣāḥ	ji|saṅga|doṣa	verb|nominal|nominal	COMPOUND_SPLIT	n/a	n/a		1	3
15	15.05	adhy-ātma-nityāḥ	adhi-ātma-nitya	nominal	adhyātma|nityāḥ	adhyātma|nitya	nominal|indecl	COMPOUND_SPLIT	n/a	n/a		1	2
15	15.05	vinivṛtta-kāmāḥ	vinivṛtta-kāma	nominal	vinivṛtta|kāmāḥ	vinivṛt|kāma	verb|nominal	COMPOUND_SPLIT	n/a	n/a		1	2
15	15.05	dvaṁdvaiḥ	dvaṁdva	nominal	dvaṃdvaiḥ	dvaṃdva	nominal	MATCH	yes	yes		1	1
15	15.05	vimuktāḥ	vimukta	nominal	vimuktāḥ	vimuc	verb	LEMMA+POS_DIVERGE	no	no		1	1
15	15.05	sukha-duḥkha-saṁjñaiḥ	sukha-duḥkha-saṁjña	nominal	sukha|duḥkha|saṃjñaiḥ	sukha|duḥkha|saṃjñā	nominal|nominal|nominal	COMPOUND_SPLIT	n/a	n/a		1	3
15	15.05	gacchanti	√gam	verb	gacchanty	gam	verb	MATCH	yes	yes		1	1
15	15.05	amūḍhāḥ	a-mūḍha	nominal	a|mūḍhāḥ	a|muh	indecl|verb	COMPOUND_SPLIT	n/a	n/a		1	2
15	15.05	padam	pada	nominal	padam	pada	nominal	MATCH	yes	yes		1	1
15	15.05	avyayam	a-vyaya	nominal	avyayam	avyaya	indecl	POS_DIVERGE	yes	no		1	1
15	15.05	tat	tat	nominal	tat	tad	nominal	LEMMA_CONVENTION	no	yes	pronoun-stem	1	1
15	15.06	na	na	indecl	na	na	indecl	MATCH	yes	yes		1	1
15	15.06	tat	tat	nominal	tat	tad	nominal	LEMMA_CONVENTION	no	yes	pronoun-stem	1	1
15	15.06	bhāsayate	√bhās	verb	bhāsayate	bhāsay	verb	LEMMA_DIVERGE	no	yes		1	1
15	15.06	sūryaḥ	sūrya	nominal	sūryo	sūrya	nominal	MATCH	yes	yes		1	1
15	15.06	na	na	indecl	na	na	indecl	MATCH	yes	yes		1	1
15	15.06	śaśāṅkaḥ	śaśa-aṅka	nominal	śaśāṅko	śaśāṅka	nominal	LEMMA_CONVENTION	no	yes	vowel-sandhi/contraction	1	1
15	15.06	na	na	indecl	na	na	indecl	MATCH	yes	yes		1	1
15	15.06	pāvakaḥ	pāvaka	nominal	pāvakaḥ	pāvaka	nominal	MATCH	yes	yes		1	1
15	15.06	yat	yat	nominal	yat	yad	nominal	LEMMA_CONVENTION	no	yes	pronoun-stem	1	1
15	15.06	gatvā	√gam	unknown	gatvā	gam	verb	POS_DIVERGE	yes	no		1	1
15	15.06	na	na	indecl	na	na	indecl	MATCH	yes	yes		1	1
15	15.06	nivartante	ni-√vṛt	verb	nivartante	nivṛt	verb	MATCH	yes	yes		1	1
15	15.06	tat	tat	nominal	tat	tad	nominal	LEMMA_CONVENTION	no	yes	pronoun-stem	1	1
15	15.06	dhāma	dhāman	nominal	dhāma	dhāman	nominal	MATCH	yes	yes		1	1
15	15.06	paramam	parama	nominal	paramaṃ	parama	indecl	POS_DIVERGE	yes	no		1	1
15	15.06	mama	asmat	nominal	mama	mad	nominal	LEMMA_CONVENTION	no	yes	pronoun-stem	1	1
15	15.07	mama	asmat	nominal	mama	mad	nominal	LEMMA_CONVENTION	no	yes	pronoun-stem	1	1
15	15.07	eva	eva	indecl	eva	eva	indecl	MATCH	yes	yes		1	1
15	15.07	aṁśaḥ	aṁśa	nominal	aṃśaḥ	aṃśa	nominal	MATCH	yes	yes		1	1
15	15.07	jīva-loke	jīva-loka	nominal	jīva|loke	jīva|loka	nominal|nominal	COMPOUND_SPLIT	n/a	n/a		1	2
15	15.07	jīva-bhūtaḥ	jīva-bhūta	nominal	jīva|bhūtaḥ	jīva|bhū	nominal|verb	COMPOUND_SPLIT	n/a	n/a		1	2
15	15.07	sanātanaḥ	sanātana	nominal	sanātanaḥ	sanātana	indecl	POS_DIVERGE	yes	no		1	1
15	15.07	manaḥ-ṣaṣṭhāni	manaḥ-ṣaṣṭha	nominal	manaḥ|ṣaṣṭhāni	manas|ṣaṣṭha	nominal|indecl	COMPOUND_SPLIT	n/a	n/a		1	2
15	15.07	indriyāṇi	indriya	nominal	indriyāṇi	indriya	nominal	MATCH	yes	yes		1	1
15	15.07	prakṛti-sthāni	prakṛti-stha	nominal	prakṛti|sthāni	prakṛti|stha	nominal|indecl	COMPOUND_SPLIT	n/a	n/a		1	2
15	15.07	karṣati	√kṛṣ	verb	karṣati	kṛṣ	verb	MATCH	yes	yes		1	1
15	15.08	śarīram	śarīra	nominal	śarīraṃ	śarīra	nominal	MATCH	yes	yes		1	1
15	15.08	yat	yat	nominal	yat	yad	nominal	LEMMA_CONVENTION	no	yes	pronoun-stem	1	1
15	15.08	avāpnoti	ava-√āp	verb	avāpnoti	avāp	verb	LEMMA_CONVENTION	no	yes	vowel-sandhi/contraction	1	1
15	15.08	yat	yat	nominal	yat	yad	nominal	LEMMA_CONVENTION	no	yes	pronoun-stem	1	1
15	15.08	ca	ca	indecl	ca	ca	indecl	MATCH	yes	yes		1	1
15	15.08	api	api	indecl	api	api	indecl	MATCH	yes	yes		1	1
15	15.08	utkrāmati	ut-√kram	verb	utkrāmati	utkram	verb	MATCH	yes	yes		1	1
15	15.08	īśvaraḥ	īśvara	nominal	īśvaraḥ	īśvara	nominal	MATCH	yes	yes		1	1
15	15.08	gṛhītvā	√grah	unknown	gṛhītvā	grah	verb	POS_DIVERGE	yes	no		1	1
15	15.08	etāni	etat	nominal	etāni	etad	nominal	LEMMA_CONVENTION	no	yes	pronoun-stem	1	1
15	15.08	saṁyāti	sam-√yā	verb	saṃyāti	saṃyā	verb	LEMMA_CONVENTION	no	yes	nasal-class	1	1
15	15.08	vāyuḥ	vāyu	nominal	vāyuḥ	vāyu	nominal	MATCH	yes	yes		1	1
15	15.08	gandhān	gandha	nominal	gandhān	gandha	nominal	MATCH	yes	yes		1	1
15	15.08	iva	iva	indecl	iva	iva	indecl	MATCH	yes	yes		1	1
15	15.08	āśayāt	āśaya	nominal	āśayāt	āśaya	nominal	MATCH	yes	yes		1	1
15	15.09	śrotram	śrotra	nominal	śrotraṃ	śrotra	nominal	MATCH	yes	yes		1	1
15	15.09	cakṣuḥ	cakṣuḥ	nominal	cakṣuḥ	cakṣus	nominal	LEMMA_CONVENTION	no	yes	adverb--tas/-taḥ	1	1
15	15.09	sparśanam	sparśana	nominal	sparśanaṃ	sparśana	nominal	MATCH	yes	yes		1	1
15	15.09	ca	ca	indecl	ca	ca	indecl	MATCH	yes	yes		1	1
15	15.09	rasanam	rasana	nominal	rasanaṃ	rasana	nominal	MATCH	yes	yes		1	1
15	15.09	ghrāṇam	ghrāṇa	nominal	ghrāṇam	ghrāṇa	nominal	MATCH	yes	yes		1	1
15	15.09	eva	eva	indecl	eva	eva	indecl	MATCH	yes	yes		1	1
15	15.09	ca	ca	indecl	ca	ca	indecl	MATCH	yes	yes		1	1
15	15.09	adhiṣṭhāya	adhi-√sthā	unknown	adhiṣṭhāya	adhiṣṭhā	verb	LEMMA+POS_DIVERGE	no	no		1	1
15	15.09	manaḥ	manas	nominal	manaḥ	manas	nominal	MATCH	yes	yes		1	1
15	15.09	ca	ca	indecl	ca	ca	indecl	MATCH	yes	yes		1	1
15	15.09	ayam	idam	nominal	ayam	idam	nominal	MATCH	yes	yes		1	1
15	15.09	viṣayān	viṣaya	nominal	viṣayān	viṣaya	nominal	MATCH	yes	yes		1	1
15	15.09	upasevate	upa-√sev	verb	upasevate	upasev	verb	MATCH	yes	yes		1	1
15	15.10	utkrāmantam	utkrāmant	nominal	utkrāmantaṃ	utkram	verb	LEMMA+POS_DIVERGE	no	no		1	1
15	15.10	sthitam	sthita	nominal	sthitaṃ	sthā	verb	LEMMA+POS_DIVERGE	no	no		1	1
15	15.10	vā	vā	indecl	vā	vā	indecl	MATCH	yes	yes		1	1
15	15.10	api	api	indecl	api	api	indecl	MATCH	yes	yes		1	1
15	15.10	bhuñjānam	bhuñjāna	nominal	bhuñjānaṃ	bhuj	verb	LEMMA+POS_DIVERGE	no	no		1	1
15	15.10	vā	vā	indecl	vā	vā	indecl	MATCH	yes	yes		1	1
15	15.10	guṇānvitam	guṇa-anvita	nominal	guṇa|anvitam	guṇa|anvita	nominal|indecl	COMPOUND_SPLIT	n/a	n/a		1	2
15	15.10	vimūḍhāḥ	vimūḍha	nominal	vimūḍhā	vimuh	verb	LEMMA+POS_DIVERGE	no	no		1	1
15	15.10	na	na	indecl	na	na	indecl	MATCH	yes	yes		1	1
15	15.10	anupaśyanti	anu-√dṛś	verb	anupaśyanti	anupaś	verb	LEMMA_DIVERGE	no	yes		1	1
15	15.10	paśyanti	√dṛś	verb	paśyanti	dṛś	verb	MATCH	yes	yes		1	1
15	15.10	jñāna-cakṣuṣaḥ	jñāna-cakṣuḥ	nominal	jñāna|cakṣuṣaḥ	jñāna|cakṣus	nominal|nominal	COMPOUND_SPLIT	n/a	n/a		1	2
15	15.11	yatantaḥ	yatant	nominal	yatanto	yat	verb	LEMMA+POS_DIVERGE	no	no		1	1
15	15.11	yoginaḥ	yogin	nominal	yoginaḥ	yogin	nominal	MATCH	yes	yes		1	1
15	15.11	ca	ca	indecl	ca	ca	indecl	MATCH	yes	yes		1	1
15	15.11	enam	etat	nominal	enam	enad	nominal	LEMMA_DIVERGE	no	yes		1	1
15	15.11	paśyanti	√dṛś	verb	paśyanti	dṛś	verb	MATCH	yes	yes		1	1
15	15.11	ātmani	ātman	nominal	ātmani	ātman	nominal	MATCH	yes	yes		1	1
15	15.11	avasthitam	ava-sthita	nominal	avasthitam	avasthā	verb	LEMMA+POS_DIVERGE	no	no		1	1
15	15.11	yatantaḥ	yatant	nominal	yatanto	yat	verb	LEMMA+POS_DIVERGE	no	no		1	1
15	15.11	api	api	indecl	api	api	indecl	MATCH	yes	yes		1	1
15	15.11	akṛtātmānaḥ	a-kṛta-ātman	nominal	akṛtātmānaḥ	akṛtātman	indecl	LEMMA_CONVENTION+POS_DIVERGE	no	no	vowel-sandhi/contraction	1	1
15	15.11	na	na	indecl	na	na	indecl	MATCH	yes	yes		1	1
15	15.11	enam	etat	nominal	enam	enad	nominal	LEMMA_DIVERGE	no	yes		1	1
15	15.11	paśyanti	√dṛś	verb	paśyanti	dṛś	verb	MATCH	yes	yes		1	1
15	15.11	acetasaḥ	a-cetas	nominal	acetasaḥ	acetas	indecl	POS_DIVERGE	yes	no		1	1
15	15.12	yat	yat	nominal	yat	yad	nominal	LEMMA_CONVENTION	no	yes	pronoun-stem	1	1
15	15.12	āditya-gatam	āditya-gata	nominal	āditya|gatam	āditya|gam	nominal|verb	COMPOUND_SPLIT	n/a	n/a		1	2
15	15.12	tejaḥ	tejas	nominal	tejo	tejas	nominal	MATCH	yes	yes		1	1
15	15.12	jagat	jagat	nominal	jagat	jagant	nominal	LEMMA_CONVENTION	no	yes	final-t/d+n	1	1
15	15.12	bhāsayate	√bhās	verb	bhāsayate	bhāsay	verb	LEMMA_DIVERGE	no	yes		1	1
15	15.12	akhilam	a-khila	nominal	'khilam	akhila	indecl	POS_DIVERGE	yes	no		1	1
15	15.12	yat	yat	nominal	yat	yad	nominal	LEMMA_CONVENTION	no	yes	pronoun-stem	1	1
15	15.12	candramasi	candra-mas	nominal	candramasi	candramas	nominal	MATCH	yes	yes		1	1
15	15.12	yat	yat	nominal	yat	yad	nominal	LEMMA_CONVENTION	no	yes	pronoun-stem	1	1
15	15.12	ca	ca	indecl	ca	ca	indecl	MATCH	yes	yes		1	1
15	15.12	agnau	agni	nominal	agnau	agni	nominal	MATCH	yes	yes		1	1
15	15.12	tat	tat	nominal	tat	tad	nominal	LEMMA_CONVENTION	no	yes	pronoun-stem	1	1
15	15.12	tejaḥ	tejas	nominal	tejaḥ	tejas	nominal	MATCH	yes	yes		1	1
15	15.12	viddhi	√vid	verb	viddhi	vid	verb	MATCH	yes	yes		1	1
15	15.12	māmakam	māmaka	nominal	māmakam	māmaka	indecl	POS_DIVERGE	yes	no		1	1
15	15.13	gām	go	nominal	gām	go	nominal	MATCH	yes	yes		1	1
15	15.13	āviśya	ā-√viś	unknown	āviśya	āviś	verb	POS_DIVERGE	yes	no		1	1
15	15.13	ca	ca	indecl	ca	ca	indecl	MATCH	yes	yes		1	1
15	15.13	bhūtāni	bhūta	nominal	bhūtāni	bhūta	nominal	MATCH	yes	yes		1	1
15	15.13	dhārayāmi	√dhṛ	verb	dhārayāmi	dhāray	verb	LEMMA_DIVERGE	no	yes		1	1
15	15.13	aham	asmat	nominal	aham	mad	nominal	LEMMA_CONVENTION	no	yes	pronoun-stem	1	1
15	15.13	ojasā	ojas	nominal	ojasā	ojas	nominal	MATCH	yes	yes		1	1
15	15.13	puṣṇāmi	√puṣ	verb	puṣṇāmi	puṣ	verb	MATCH	yes	yes		1	1
15	15.13	ca	ca	indecl	ca	ca	indecl	MATCH	yes	yes		1	1
15	15.13	auṣadhīḥ	auṣadhi	nominal	oṣadhīḥ	oṣadhi	nominal	LEMMA_CONVENTION	no	yes	vowel-sandhi/contraction	1	1
15	15.13	sarvāḥ	sarva	nominal	sarvāḥ	sarva	nominal	MATCH	yes	yes		1	1
15	15.13	somaḥ	soma	nominal	somo	soma	nominal	MATCH	yes	yes		1	1
15	15.13	bhūtvā	√bhū	unknown	bhūtvā	bhū	verb	POS_DIVERGE	yes	no		1	1
15	15.13	rasātmakaḥ	rasa-ātmaka	nominal	rasa|ātmakaḥ	rasa|ātmaka	nominal|indecl	COMPOUND_SPLIT	n/a	n/a		1	2
15	15.14	aham	asmat	nominal	ahaṃ	mad	nominal	LEMMA_CONVENTION	no	yes	pronoun-stem	1	1
15	15.14	vaiśvānaraḥ	vaiśvā-nara	nominal	vaiśvānaro	vaiśvānara	nominal	MATCH	yes	yes		1	1
15	15.14	bhūtvā	√bhū	unknown	bhūtvā	bhū	verb	POS_DIVERGE	yes	no		1	1
15	15.14	prāṇinām	prāṇin	nominal	prāṇināṃ	prāṇin	nominal	MATCH	yes	yes		1	1
15	15.14	deham	deha	nominal	deham	deha	nominal	MATCH	yes	yes		1	1
15	15.14	āśritaḥ	āśrita	nominal	āśritaḥ	āśri	verb	LEMMA+POS_DIVERGE	no	no		1	1
15	15.14	prāṇāpāna-samāyuktaḥ	prāṇa-apāna-samāyukta	nominal	prāṇa|apāna|samāyuktaḥ	prāṇa|apāna|samāyuj	nominal|nominal|verb	COMPOUND_SPLIT	n/a	n/a		1	3
15	15.14	pacāmi	√pac	verb	pacāmi	pac	verb	MATCH	yes	yes		1	1
15	15.14	annam	anna	nominal	annam	anna	nominal	MATCH	yes	yes		1	1
15	15.14	catur-vidham	catur-vidha	nominal	caturvidham	caturvidha	indecl	POS_DIVERGE	yes	no		1	1
15	15.15	sarvasya	sarva	nominal	sarvasya	sarva	nominal	MATCH	yes	yes		1	1
15	15.15	ca	ca	indecl	ca	ca	indecl	MATCH	yes	yes		1	1
15	15.15	aham	asmat	nominal	aham	mad	nominal	LEMMA_CONVENTION	no	yes	pronoun-stem	1	1
15	15.15	hṛdi	hṛd	nominal	hṛdi	hṛd	nominal	MATCH	yes	yes		1	1
15	15.15	saṁniviṣṭaḥ	sam-ni-viṣṭa	nominal	saṃniviṣṭo	saṃniviś	verb	LEMMA+POS_DIVERGE	no	no		1	1
15	15.15	mattaḥ	mattaḥ	indecl	mattaḥ	mad	nominal	LEMMA+POS_DIVERGE	no	no		1	1
15	15.15	smṛtiḥ	smṛti	nominal	smṛtiḥ	smṛti	nominal	MATCH	yes	yes		1	1
15	15.15	jñānam	jñāna	nominal	jñānam	jñāna	nominal	MATCH	yes	yes		1	1
15	15.15	apohanam	apohan	nominal	apohanam	apohana	nominal	LEMMA_CONVENTION	no	yes	vowel-sandhi/contraction	1	1
15	15.15	ca	ca	indecl	ca	ca	indecl	MATCH	yes	yes		1	1
15	15.15	vedaiḥ	veda	nominal	vedaiḥ	veda	nominal	MATCH	yes	yes		1	1
15	15.15	ca	ca	indecl	ca	ca	indecl	MATCH	yes	yes		1	1
15	15.15	sarvaiḥ	sarva	nominal	sarvaiḥ	sarva	nominal	MATCH	yes	yes		1	1
15	15.15	aham	asmat	nominal	aham	mad	nominal	LEMMA_CONVENTION	no	yes	pronoun-stem	1	1
15	15.15	eva	eva	indecl	eva	eva	indecl	MATCH	yes	yes		1	1
15	15.15	vedyaḥ	vedya	nominal	vedyo	vid	verb	LEMMA+POS_DIVERGE	no	no		1	1
15	15.15	vedānta-kṛt	vedānta-kṛt	nominal	vedānta|kṛt	vedānta|kṛt	nominal|indecl	COMPOUND_SPLIT	n/a	n/a		1	2
15	15.15	veda-vit	veda-vit	nominal	veda	veda	nominal	LEMMA_DIVERGE	no	yes		1	1
15					vid	vid	indecl	GOLD_ONLY				0	1
15	15.15	eva	eva	indecl	eva	eva	indecl	MATCH	yes	yes		1	1
15	15.15	ca	ca	indecl	ca	ca	indecl	MATCH	yes	yes		1	1
15	15.15	aham	asmat	nominal	aham	mad	nominal	LEMMA_CONVENTION	no	yes	pronoun-stem	1	1
15	15.16	dvau	dvi	nominal	dvau	dvi	indecl	POS_DIVERGE	yes	no		1	1
15	15.16	imau	idam	nominal	imau	idam	nominal	MATCH	yes	yes		1	1
15	15.16	puruṣau	puruṣa	nominal	puruṣau	puruṣa	nominal	MATCH	yes	yes		1	1
15	15.16	loke	loka	nominal	loke	loka	nominal	MATCH	yes	yes		1	1
15	15.16	kṣaraḥ	kṣara	nominal	kṣaraḥ	kṣara	indecl	POS_DIVERGE	yes	no		1	1
15	15.16	ca	ca	indecl	ca	ca	indecl	MATCH	yes	yes		1	1
15	15.16	akṣaraḥ	a-kṣara	nominal	akṣaraḥ	akṣara	indecl	POS_DIVERGE	yes	no		1	1
15	15.16	eva	eva	indecl	eva	eva	indecl	MATCH	yes	yes		1	1
15	15.16	ca	ca	indecl	ca	ca	indecl	MATCH	yes	yes		1	1
15	15.16	kṣaraḥ	kṣara	nominal	kṣaraḥ	kṣara	indecl	POS_DIVERGE	yes	no		1	1
15	15.16	sarvāṇi	sarva	nominal	sarvāṇi	sarva	nominal	MATCH	yes	yes		1	1
15	15.16	bhūtāni	bhūta	nominal	bhūtāni	bhūta	nominal	MATCH	yes	yes		1	1
15	15.16	kūṭa-sthaḥ	kūṭa-stha	nominal	kūṭastho	kūṭastha	indecl	POS_DIVERGE	yes	no		1	1
15	15.16	akṣaraḥ	a-kṣara	nominal	'kṣara	akṣara	indecl	POS_DIVERGE	yes	no		1	1
15	15.16	ucyate	√vac	verb	ucyate	vac	verb	MATCH	yes	yes		1	1
15	15.17	uttamaḥ	uttama	nominal	uttamaḥ	uttama	indecl	POS_DIVERGE	yes	no		1	1
15	15.17	puruṣaḥ	puruṣa	nominal	puruṣaḥ	puruṣa	nominal	MATCH	yes	yes		1	1
15	15.17	tu	tu	indecl	tu	tu	indecl	MATCH	yes	yes		1	1
15	15.17	anyaḥ	anya	nominal	anyaḥ	anya	nominal	MATCH	yes	yes		1	1
15	15.17	paramātmā	parama-ātman	nominal	paramātmā	paramātman	nominal	LEMMA_CONVENTION	no	yes	vowel-sandhi/contraction	1	1
15	15.17	iti	iti	indecl	iti	iti	indecl	MATCH	yes	yes		1	1
15	15.17	udāhṛtaḥ	ud-ā-hṛta	nominal	udāhṛtaḥ	udāhṛ	verb	LEMMA+POS_DIVERGE	no	no		1	1
15	15.17	yaḥ|loka-trayam	yat|loka-traya	nominal|nominal	yo|lokatrayam	yad|lokatraya	nominal|nominal	RESEGMENTED	n/a	n/a		2	2
15	15.17	āviśya	ā-√viś	unknown	āviśya	āviś	verb	POS_DIVERGE	yes	no		1	1
15	15.17	bibharti	√bhṛ	verb	bibharti	bhṛ	verb	MATCH	yes	yes		1	1
15	15.17	avyayaḥ	a-vyaya	nominal	avyayaḥ	avyaya	indecl	POS_DIVERGE	yes	no		1	1
15	15.17	īśvaraḥ	īśvara	nominal	īśvaraḥ	īśvara	nominal	MATCH	yes	yes		1	1
15	15.18	yasmāt	yasmāt	indecl	yasmāt	yasmāt	indecl	MATCH	yes	yes		1	1
15	15.18	kṣaram	kṣara	nominal	kṣaram	kṣara	indecl	POS_DIVERGE	yes	no		1	1
15	15.18	atītaḥ	atīta	nominal	atītaḥ	atī	verb	LEMMA+POS_DIVERGE	no	no		1	1
15	15.18	aham	asmat	nominal	aham	mad	nominal	LEMMA_CONVENTION	no	yes	pronoun-stem	1	1
15	15.18	akṣarāt	a-kṣara	nominal	akṣarāt	akṣara	indecl	POS_DIVERGE	yes	no		1	1
15	15.18	api	api	indecl	api	api	indecl	MATCH	yes	yes		1	1
15	15.18	ca	ca	indecl	ca	ca	indecl	MATCH	yes	yes		1	1
15	15.18	uttamaḥ	uttama	nominal	uttamaḥ	uttama	indecl	POS_DIVERGE	yes	no		1	1
15	15.18	ataḥ	ataḥ	indecl	ato	atas	indecl	LEMMA_CONVENTION	no	yes	adverb--tas/-taḥ	1	1
15	15.18	asmi	√as	verb	'smi	as	verb	MATCH	yes	yes		1	1
15	15.18	loke	loka	nominal	loke	loka	nominal	MATCH	yes	yes		1	1
15	15.18	vede	veda	nominal	vede	veda	nominal	MATCH	yes	yes		1	1
15	15.18	ca	ca	indecl	ca	ca	indecl	MATCH	yes	yes		1	1
15	15.18	prathitaḥ	prathita	nominal	prathitaḥ	prath	verb	LEMMA+POS_DIVERGE	no	no		1	1
15	15.18	puruṣottamaḥ	puruṣa-uttama	nominal	puruṣottamaḥ	puruṣottama	nominal	LEMMA_CONVENTION	no	yes	vowel-sandhi/contraction	1	1
15	15.19	yaḥ|mām	yat|asmat	nominal|nominal	yo|mām	yad|mad	nominal|nominal	RESEGMENTED	n/a	n/a		2	2
15	15.19	evam	evam	indecl	evam	evam	indecl	MATCH	yes	yes		1	1
15	15.19	asaṁmūḍhaḥ	a-saṁ-mūḍha	nominal	asaṃmūḍhaḥ	asaṃmūḍha	indecl	POS_DIVERGE	yes	no		1	1
15	15.19	jānāti	√jñā	verb	jānāti	jñā	verb	MATCH	yes	yes		1	1
15	15.19	puruṣottamam	puruṣa-uttama	nominal	puruṣottamam	puruṣottama	nominal	LEMMA_CONVENTION	no	yes	vowel-sandhi/contraction	1	1
15	15.19	saḥ	tat	nominal	sa	tad	nominal	LEMMA_CONVENTION	no	yes	pronoun-stem	1	1
15	15.19	sarva-vit	sarva-vit	nominal	sarva	sarva	nominal	LEMMA_DIVERGE	no	yes		1	1
15					vid	vid	indecl	GOLD_ONLY				0	1
15	15.19	bhajati	√bhaj	verb	bhajati	bhaj	verb	MATCH	yes	yes		1	1
15	15.19	mām	asmat	nominal	māṃ	mad	nominal	LEMMA_CONVENTION	no	yes	pronoun-stem	1	1
15	15.19	sarva-bhāvena	sarva-bhāva	nominal	sarva|bhāvena	sarva|bhāva	nominal|nominal	COMPOUND_SPLIT	n/a	n/a		1	2
15	15.19	bhārata	bhārata	nominal	bhārata	bhārata	nominal	MATCH	yes	yes		1	1
15	15.20	iti	iti	indecl	iti	iti	indecl	MATCH	yes	yes		1	1
15	15.20	guhyatamam	guhyatama	nominal	guhyatamaṃ	guhyatama	indecl	POS_DIVERGE	yes	no		1	1
15	15.20	śāstram	śāstra	nominal	śāstram	śāstra	nominal	MATCH	yes	yes		1	1
15	15.20	idam	idam	nominal	idam	idam	nominal	MATCH	yes	yes		1	1
15	15.20	uktam	ukta	nominal	uktam	vac	verb	LEMMA+POS_DIVERGE	no	no		1	1
15	15.20	mayā	asmat	nominal	mayā	mad	nominal	LEMMA_CONVENTION	no	yes	pronoun-stem	1	1
15	15.20	anagha	an-agha	nominal	anagha	anagha	indecl	POS_DIVERGE	yes	no		1	1
15	15.20	etat	etat	nominal	etat	etad	nominal	LEMMA_CONVENTION	no	yes	pronoun-stem	1	1
15	15.20	buddhvā	√budh	unknown	buddhvā	budh	verb	POS_DIVERGE	yes	no		1	1
15	15.20	buddhimān	buddhimant	nominal	buddhimān	buddhimat	indecl	LEMMA_CONVENTION+POS_DIVERGE	no	no	final-t/d+n	1	1
15	15.20	syāt	√as	verb	syāt	as	verb	MATCH	yes	yes		1	1
15	15.20	kṛta-kṛtyaḥ	kṛta-kṛtya	nominal	kṛtakṛtyaḥ	kṛtakṛtya	indecl	POS_DIVERGE	yes	no		1	1
15	15.20	ca	ca	indecl	ca	ca	indecl	MATCH	yes	yes		1	1
15	15.20	bhārata	bhārata	nominal	bhārata	bhārata	nominal	MATCH	yes	yes		1	1
16	16.01	śrī-bhagavān	śrī-bhagavant	nominal	śrī|bhagavān	śrī|bhagavant	nominal|nominal	COMPOUND_SPLIT	n/a	n/a		1	2
16	16.01	uvāca	√vac	verb	uvāca	vac	verb	MATCH	yes	yes		1	1
16	16.01	abhayam	a-bhaya	nominal	abhayaṃ	abhaya	nominal	MATCH	yes	yes		1	1
16	16.01	sattva-saṁśuddhiḥ	sattva-saṁśuddhi	nominal	sattva|saṃśuddhiḥ	sattva|saṃśuddhi	nominal|nominal	COMPOUND_SPLIT	n/a	n/a		1	2
16	16.01	jñāna-yoga-vyavasthitiḥ	jñāna-yoga-vyavasthiti	nominal	jñāna|yoga|vyavasthitiḥ	jñāna|yoga|vyavasthiti	nominal|nominal|nominal	COMPOUND_SPLIT	n/a	n/a		1	3
16	16.01	dānam	dāna	nominal	dānaṃ	dāna	nominal	MATCH	yes	yes		1	1
16	16.01	damaḥ	dama	nominal	damaḥ	dama	nominal	MATCH	yes	yes		1	1
16	16.01	ca	ca	indecl	ca	ca	indecl	MATCH	yes	yes		1	1
16	16.01	yajñaḥ	yajña	nominal	yajñaḥ	yajña	nominal	MATCH	yes	yes		1	1
16	16.01	ca	ca	indecl	ca	ca	indecl	MATCH	yes	yes		1	1
16	16.01	svādhyāyaḥ	svādhyāya	nominal	svādhyāyaḥ	svādhyāya	nominal	MATCH	yes	yes		1	1
16	16.01	tapaḥ	tapas	nominal	tapaḥ	tapas	nominal	MATCH	yes	yes		1	1
16	16.01	ārjavam	`	nominal	ārjavam	ārjava	nominal	LEMMA_CONVENTION	no	yes	pronoun-stem	1	1
16	16.02	ahiṁsā	a-hiṁsā	nominal	ahiṃsā	ahiṃsā	nominal	MATCH	yes	yes		1	1
16	16.02	satyam	satya	nominal	satyam	satya	nominal	MATCH	yes	yes		1	1
16	16.02	akrodhaḥ	a-krodha	nominal	akrodhaḥ	akrodha	nominal	MATCH	yes	yes		1	1
16	16.02	tyāgaḥ	tyāga	nominal	tyāgaḥ	tyāga	nominal	MATCH	yes	yes		1	1
16	16.02	śāntiḥ	śānti	nominal	śāntir	śānti	nominal	MATCH	yes	yes		1	1
16	16.02	apaiśunam	a-paiśuna	nominal	a|paiśunam	a|paiśuna	indecl|nominal	COMPOUND_SPLIT	n/a	n/a		1	2
16	16.02	dayā	dayā	nominal	dayā	dayā	nominal	MATCH	yes	yes		1	1
16	16.02	bhūteṣu	bhūta	nominal	bhūteṣu	bhūta	nominal	MATCH	yes	yes		1	1
16	16.02	aloluptvam	a-lolup-tva	nominal	aloluptvam	aloluptva	nominal	MATCH	yes	yes		1	1
16	16.02	mārdavam	mārdava	nominal	mārdavaṃ	mārdava	nominal	MATCH	yes	yes		1	1
16	16.02	hrīḥ	hrī	nominal	hrīḥ	hrī	nominal	MATCH	yes	yes		1	1
16	16.02	acāpalam	a-cāpala	nominal	acāpalam	acāpala	nominal	MATCH	yes	yes		1	1
16	16.03	tejaḥ	tejas	nominal	tejaḥ	tejas	nominal	MATCH	yes	yes		1	1
16	16.03	kṣamā	kṣamā	nominal	kṣamā	kṣamā	nominal	MATCH	yes	yes		1	1
16	16.03	dhṛtiḥ	dhṛti	nominal	dhṛtiḥ	dhṛti	nominal	MATCH	yes	yes		1	1
16	16.03	śaucam	śauca	nominal	śaucam	śauca	nominal	MATCH	yes	yes		1	1
16	16.03	adrohaḥ	a-droha	nominal	adrohaḥ	adroha	nominal	MATCH	yes	yes		1	1
16	16.03	na	na	indecl	na	na	indecl	MATCH	yes	yes		1	1
16	16.03	ati-mānitā	ati-mānitā	nominal	atimāni|tā	atimānin|tā	indecl|nominal	COMPOUND_SPLIT	n/a	n/a		1	2
16	16.03	bhavanti	√bhū	verb	bhavanti	bhū	verb	MATCH	yes	yes		1	1
16	16.03	saṁpadam	saṁpad	nominal	saṃpadaṃ	sampad	nominal	LEMMA_CONVENTION	no	yes	nasal-class	1	1
16	16.03	daivīm	daivī	nominal	daivīm	daiva	indecl	LEMMA_CONVENTION+POS_DIVERGE	no	no	vowel-sandhi/contraction	1	1
16	16.03	abhijātasya	abhi-jāta	nominal	abhijātasya	abhijan	verb	LEMMA+POS_DIVERGE	no	no		1	1
16	16.03	bhārata	bhārata	nominal	bhārata	bhārata	nominal	MATCH	yes	yes		1	1
16	16.04	dambhaḥ	dambha	nominal	dambho	dambha	nominal	MATCH	yes	yes		1	1
16	16.04	darpaḥ	darpa	nominal	darpo	darpa	nominal	MATCH	yes	yes		1	1
16	16.04	ati-mānaḥ	ati-māna	nominal	atimānaḥ	atimāna	nominal	MATCH	yes	yes		1	1
16	16.04	ca	ca	indecl	ca	ca	indecl	MATCH	yes	yes		1	1
16	16.04	krodhaḥ	krodha	nominal	krodhaḥ	krodha	nominal	MATCH	yes	yes		1	1
16	16.04	pāruṣyam	pāruṣya	nominal	pāruṣyam	pāruṣya	nominal	MATCH	yes	yes		1	1
16	16.04	eva	eva	indecl	eva	eva	indecl	MATCH	yes	yes		1	1
16	16.04	ca	ca	indecl	ca	ca	indecl	MATCH	yes	yes		1	1
16	16.04	ajñānam	a-jñāna	nominal	ajñānaṃ	ajñāna	nominal	MATCH	yes	yes		1	1
16	16.04	ca	ca	indecl	ca	ca	indecl	MATCH	yes	yes		1	1
16	16.04	abhijātasya	abhi-jāta	nominal	abhijātasya	abhijan	verb	LEMMA+POS_DIVERGE	no	no		1	1
16	16.04	pārtha	pārtha	nominal	pārtha	pārtha	nominal	MATCH	yes	yes		1	1
16	16.04	saṁpadam	saṁpad	nominal	saṃpadam	sampad	nominal	LEMMA_CONVENTION	no	yes	nasal-class	1	1
16	16.04	āsurīm	āsurī	nominal	āsurīm	āsura	indecl	LEMMA_CONVENTION+POS_DIVERGE	no	no	vowel-sandhi/contraction	1	1
16	16.05	daivī	daivī	nominal	daivī	daiva	indecl	LEMMA_CONVENTION+POS_DIVERGE	no	no	vowel-sandhi/contraction	1	1
16	16.05	saṁpat	saṁpad	nominal	saṃpad	sampad	nominal	LEMMA_CONVENTION	no	yes	nasal-class	1	1
16	16.05	vimokṣāya	vimokṣa	nominal	vimokṣāya	vimokṣa	nominal	MATCH	yes	yes		1	1
16	16.05	nibandhāya	ni-bandha	nominal	nibandhāya	nibandha	nominal	MATCH	yes	yes		1	1
16	16.05	āsurī	āsurī	nominal	āsurī	āsura	indecl	LEMMA_CONVENTION+POS_DIVERGE	no	no	vowel-sandhi/contraction	1	1
16	16.05	matā	matā	nominal	matā	man	verb	LEMMA+POS_DIVERGE	no	no		1	1
16	16.05	mā	mā	indecl	mā	mā	indecl	MATCH	yes	yes		1	1
16	16.05	śucaḥ	√śuc	verb	śucaḥ	śuc	verb	MATCH	yes	yes		1	1
16	16.05	saṁpadam	saṁpad	nominal	saṃpadaṃ	sampad	nominal	LEMMA_CONVENTION	no	yes	nasal-class	1	1
16	16.05	daivīm	daivī	nominal	daivīm	daiva	indecl	LEMMA_CONVENTION+POS_DIVERGE	no	no	vowel-sandhi/contraction	1	1
16	16.05	abhijātaḥ	abhi-jāta	nominal	abhijātaḥ	abhijan	verb	LEMMA+POS_DIVERGE	no	no		1	1
16	16.05	asi	√as	verb	'si	as	verb	MATCH	yes	yes		1	1
16	16.05	pāṇḍava	pāṇḍava	nominal	pāṇḍava	pāṇḍava	nominal	MATCH	yes	yes		1	1
16	16.06	dvau	dvi	nominal	dvau	dvi	indecl	POS_DIVERGE	yes	no		1	1
16	16.06	bhūta-sargau	bhūta-sarga	nominal	bhūta|sargau	bhūta|sarga	nominal|nominal	COMPOUND_SPLIT	n/a	n/a		1	2
16	16.06	loke	loka	nominal	loke	loka	nominal	MATCH	yes	yes		1	1
16	16.06	asmin	idam	nominal	asmin	idam	nominal	MATCH	yes	yes		1	1
16	16.06	daivaḥ	daiva	nominal	daivaḥ	daiva	indecl	POS_DIVERGE	yes	no		1	1
16	16.06	āsuraḥ	āsura	nominal	āsura	āsura	indecl	POS_DIVERGE	yes	no		1	1
16	16.06	eva	eva	indecl	eva	eva	indecl	MATCH	yes	yes		1	1
16	16.06	ca	ca	indecl	ca	ca	indecl	MATCH	yes	yes		1	1
16	16.06	daivaḥ	daiva	nominal	daivo	daiva	indecl	POS_DIVERGE	yes	no		1	1
16	16.06	vistaraśaḥ	vistaraśaḥ	indecl	vistaraśaḥ	vistaraśaḥ	indecl	MATCH	yes	yes		1	1
16	16.06	proktaḥ	prokta	nominal	prokta	pravac	verb	LEMMA+POS_DIVERGE	no	no		1	1
16	16.06	āsuram	āsura	nominal	āsuraṃ	āsura	indecl	POS_DIVERGE	yes	no		1	1
16	16.06	pārtha	pārtha	nominal	pārtha	pārtha	nominal	MATCH	yes	yes		1	1
16	16.06	me	asmat	nominal	me	mad	nominal	LEMMA_CONVENTION	no	yes	pronoun-stem	1	1
16	16.06	śṛṇu	√śru	verb	śṛṇu	śru	verb	MATCH	yes	yes		1	1
16	16.07	pravṛttim	pravṛtti	nominal	pravṛttiṃ	pravṛtti	nominal	MATCH	yes	yes		1	1
16	16.07	ca	ca	indecl	ca	ca	indecl	MATCH	yes	yes		1	1
16	16.07	nivṛttim	nivṛttim	nominal	nivṛttiṃ	nivṛtti	nominal	LEMMA_CONVENTION	no	yes	final-t/d+n	1	1
16	16.07	ca	ca	indecl	ca	ca	indecl	MATCH	yes	yes		1	1
16	16.07	janāḥ	jana	nominal	janā	jana	nominal	MATCH	yes	yes		1	1
16	16.07	na	na	indecl	na	na	indecl	MATCH	yes	yes		1	1
16	16.07	viduḥ	√vid	verb	viduḥ	vid	verb	MATCH	yes	yes		1	1
16	16.07	āsurāḥ	āsura	nominal	āsurāḥ	āsura	indecl	POS_DIVERGE	yes	no		1	1
16	16.07	na	na	indecl	na	na	indecl	MATCH	yes	yes		1	1
16	16.07	śaucam	śauca	nominal	śaucaṃ	śauca	nominal	MATCH	yes	yes		1	1
16	16.07	na	na	indecl	na	na	indecl	MATCH	yes	yes		1	1
16	16.07	api	api	indecl	api	api	indecl	MATCH	yes	yes		1	1
16	16.07	ca	ca	indecl	ca	ca	indecl	MATCH	yes	yes		1	1
16	16.07	ācāraḥ	ācāra	nominal	ācāraḥ	ācāra	nominal	MATCH	yes	yes		1	1
16	16.07	na	na	indecl	na	na	indecl	MATCH	yes	yes		1	1
16	16.07	satyam	satya	nominal	satyaṃ	satya	nominal	MATCH	yes	yes		1	1
16	16.07	teṣu	tat	nominal	teṣu	tad	nominal	LEMMA_CONVENTION	no	yes	pronoun-stem	1	1
16	16.07	vidyate	√vid	verb	vidyate	vid	verb	MATCH	yes	yes		1	1
16	16.08	asatyam	a-satya	nominal	asatyam	asatya	indecl	POS_DIVERGE	yes	no		1	1
16	16.08	apratiṣṭham	a-pratiṣṭha	nominal	apratiṣṭham	apratiṣṭha	indecl	POS_DIVERGE	yes	no		1	1
16	16.08	te	tat	nominal	te	tad	nominal	LEMMA_CONVENTION	no	yes	pronoun-stem	1	1
16	16.08	jagat	jagat	nominal	jagat	jagant	nominal	LEMMA_CONVENTION	no	yes	final-t/d+n	1	1
16	16.08	āhuḥ	√ah	verb	āhuḥ	ah	verb	MATCH	yes	yes		1	1
16	16.08	anīśvaram	an-īśvara	nominal	anīśvaram	anīśvara	indecl	POS_DIVERGE	yes	no		1	1
16	16.08	aparaspara-saṁbhūtam	a-paras-para-saṁbhūta	nominal	a	a	indecl	LEMMA+POS_DIVERGE	no	no		1	1
16	16.08	kim	kim	nominal	paraspara	paraspara	nominal	LEMMA_DIVERGE	no	yes		1	1
16	16.08	anyat	anya	nominal	sambhūtam	sambhū	verb	LEMMA+POS_DIVERGE	no	no		1	1
16	16.08	kāma-haitukam	kāma-haituka	nominal	kim	ka	nominal	LEMMA_DIVERGE	no	yes		1	1
16	16.09	etām	etat	nominal	anyat	anya	nominal	LEMMA_DIVERGE	no	yes		1	1
16	16.09	dṛṣṭim	dṛṣṭi	nominal	kāma	kāma	nominal	LEMMA_DIVERGE	no	yes		1	1
16	16.09	avaṣṭabhya	ava-√stambh	unknown	haitukam	haituka	indecl	LEMMA+POS_DIVERGE	no	no		1	1
16	16.09	naṣṭātmānaḥ	naṣṭa-ātman	nominal	etāṃ	etad	nominal	LEMMA_DIVERGE	no	yes		1	1
16	16.09	alpa-buddhayaḥ	alpa-buddhi	nominal	dṛṣṭim	dṛṣṭi	nominal	LEMMA_DIVERGE	no	yes		1	1
16	16.09	prabhavanti	pra-√bhū	verb	avaṣṭabhya	avaṣṭambh	verb	LEMMA_DIVERGE	no	yes		1	1
16	16.09	ugra-karmāṇaḥ	ugra-karman	nominal	naṣṭa	naś	verb	LEMMA+POS_DIVERGE	no	no		1	1
16	16.09	kṣayāya	kṣaya	nominal	ātmānaḥ	ātman	nominal	LEMMA_DIVERGE	no	yes		1	1
16	16.09	jagataḥ	jagat	nominal	'lpabuddhayaḥ	alpabuddhi	indecl	LEMMA+POS_DIVERGE	no	no		1	1
16	16.09	ahitāḥ	a-hita	nominal	prabhavanti	prabhū	verb	LEMMA+POS_DIVERGE	no	no		1	1
16	16.10	kāmam	kāma	nominal	ugra	ugra	indecl	LEMMA+POS_DIVERGE	no	no		1	1
16	16.10	āśritya	ā-√śri	unknown	karmāṇaḥ	karman	nominal	LEMMA+POS_DIVERGE	no	no		1	1
16	16.10	duṣpūram	duṣ-pūra	nominal	kṣayāya	kṣaya	nominal	LEMMA_DIVERGE	no	yes		1	1
16	16.10	dambha-māna-madānvitāḥ	dambha-māna-mada-anvita	nominal	jagato	jagant	nominal	LEMMA_DIVERGE	no	yes		1	1
16	16.10	mohāt	moha	nominal	'hitāḥ	ahita	indecl	LEMMA+POS_DIVERGE	no	no		1	1
16	16.10	gṛhītvā	√grah	unknown	kāmam	kāma	nominal	LEMMA+POS_DIVERGE	no	no		1	1
16	16.10	asad-grāhān	asad-grāha	nominal	āśritya	āśri	verb	LEMMA+POS_DIVERGE	no	no		1	1
16	16.10	pravartante	pra-√vṛt	verb	duṣpūraṃ	duṣpūra	indecl	LEMMA+POS_DIVERGE	no	no		1	1
16	16.10	aśuci-vratāḥ	aśuci-vrata	nominal	dambha	dambha	nominal	LEMMA_DIVERGE	no	yes		1	1
16	16.11	cintām	cintā	nominal	māna	māna	nominal	LEMMA_DIVERGE	no	yes		1	1
16	16.11	aparimeyām	a-pari-meya	nominal	mada	mada	nominal	LEMMA_DIVERGE	no	yes		1	1
16	16.11	ca	ca	indecl	anvitāḥ	anvita	indecl	LEMMA_DIVERGE	no	yes		1	1
16	16.11	pralayāntām	pralaya-antā	nominal	mohāt	moha	nominal	LEMMA_DIVERGE	no	yes		1	1
16	16.11	upāśritāḥ	upāśrita	nominal	gṛhītvā	grah	verb	LEMMA+POS_DIVERGE	no	no		1	1
16	16.11	kāmopabhoga-paramāḥ	kāma-upabhoga-parama	nominal	asat	asat	indecl	LEMMA+POS_DIVERGE	no	no		1	1
16	16.11	etāvat	etāvat	indecl	grāhān	grāha	nominal	LEMMA+POS_DIVERGE	no	no		1	1
16	16.11	iti	iti	indecl	pravartante	pravṛt	verb	LEMMA+POS_DIVERGE	no	no		1	1
16	16.11	niścitāḥ	niścita	nominal	aśuci	aśuci	indecl	LEMMA+POS_DIVERGE	no	no		1	1
16	16.12	āśā-pāśa-śataiḥ	āśā-pāśa-śata	nominal	vratāḥ	vrata	nominal	LEMMA_DIVERGE	no	yes		1	1
16	16.12	baddhāḥ	baddha	nominal	cintām	cintā	nominal	LEMMA_DIVERGE	no	yes		1	1
16	16.12	kāma-krodha-parāyaṇāḥ	kāma-krodha-parāyaṇa	nominal	aparimeyām	aparimeya	indecl	LEMMA+POS_DIVERGE	no	no		1	1
16	16.12	īhante	√īh	verb	ca	ca	indecl	LEMMA+POS_DIVERGE	no	no		1	1
16	16.12	kāma-bhogārtham	kāma-bhogārtham	indecl	pralaya	pralaya	nominal	LEMMA+POS_DIVERGE	no	no		1	1
16	16.12	anyāyena	a-nyāya	nominal	antām	anta	nominal	LEMMA_DIVERGE	no	yes		1	1
16	16.12	artha-saṁcayān	artha-saṁcaya	nominal	upāśritāḥ	upāśri	verb	LEMMA+POS_DIVERGE	no	no		1	1
16	16.13	idam	idam	nominal	kāma	kāma	nominal	LEMMA_DIVERGE	no	yes		1	1
16	16.13	a-dya	a-dya	indecl	upabhoga	upabhoga	nominal	LEMMA+POS_DIVERGE	no	no		1	1
16	16.13	mayā	asmat	nominal	paramāḥ	parama	indecl	LEMMA+POS_DIVERGE	no	no		1	1
16	16.13	labdham	labdha	nominal	etāvat	etāvat	indecl	LEMMA+POS_DIVERGE	no	no		1	1
16	16.13	idam	idam	nominal	iti	iti	indecl	LEMMA+POS_DIVERGE	no	no		1	1
16	16.13	prāpsye	pra-√āp	verb	niścitāḥ	niści	verb	LEMMA_DIVERGE	no	yes		1	1
16	16.13	mano-ratham	mano-ratha	nominal	āśā	āśā	nominal	LEMMA_DIVERGE	no	yes		1	1
16	16.13	idam	idam	nominal	pāśa	pāśa	nominal	LEMMA_DIVERGE	no	yes		1	1
16	16.13	asti	√as	verb	śataiḥ	śata	indecl	LEMMA+POS_DIVERGE	no	no		1	1
16	16.13	idam	idam	nominal	baddhāḥ	bandh	verb	LEMMA+POS_DIVERGE	no	no		1	1
16	16.13	api	api	indecl	kāma	kāma	nominal	LEMMA+POS_DIVERGE	no	no		1	1
16	16.13	me	asmat	nominal	krodha	krodha	nominal	LEMMA_DIVERGE	no	yes		1	1
16	16.13	bhaviṣyati	√bhū	verb	parāyaṇāḥ	parāyaṇa	nominal	LEMMA+POS_DIVERGE	no	no		1	1
16	16.13	punaḥ	punaḥ	indecl	īhante	īh	verb	LEMMA+POS_DIVERGE	no	no		1	1
16	16.13	dhanam	dhana	nominal	kāma	kāma	nominal	LEMMA_DIVERGE	no	yes		1	1
16	16.14	asau	adas	nominal	bhoga	bhoga	nominal	LEMMA_DIVERGE	no	yes		1	1
16	16.14	mayā	asmat	nominal	artham	artha	nominal	LEMMA_DIVERGE	no	yes		1	1
16	16.14	hataḥ	hata	nominal	anyāyena	anyāya	nominal	LEMMA_DIVERGE	no	yes		1	1
16	16.14	śatruḥ	śatru	nominal	artha	artha	nominal	LEMMA_DIVERGE	no	yes		1	1
16	16.14	haniṣye	√han	verb	saṃcayān	saṃcaya	nominal	LEMMA+POS_DIVERGE	no	no		1	1
16	16.14	ca	ca	indecl	idam	idam	nominal	LEMMA+POS_DIVERGE	no	no		1	1
16	16.14	aparān	apara	nominal	adya	adya	indecl	LEMMA+POS_DIVERGE	no	no		1	1
16	16.14	api	api	indecl	mayā	mad	nominal	LEMMA+POS_DIVERGE	no	no		1	1
16	16.14	īśvaraḥ	īśvara	nominal	labdham	labh	verb	LEMMA+POS_DIVERGE	no	no		1	1
16	16.14	aham	asmat	nominal	idaṃ	idam	nominal	LEMMA_DIVERGE	no	yes		1	1
16	16.14	aham	asmat	nominal	prāpsye	prāp	verb	LEMMA+POS_DIVERGE	no	no		1	1
16	16.14	bhogī	bhogin	nominal	manoratham	manoratha	nominal	LEMMA_DIVERGE	no	yes		1	1
16	16.14	siddhaḥ	siddha	nominal	idam	idam	nominal	LEMMA_DIVERGE	no	yes		1	1
16	16.14	aham	asmat	nominal	asti	as	verb	LEMMA+POS_DIVERGE	no	no		1	1
16	16.14	balavān	balavant	nominal	idam	idam	nominal	LEMMA_DIVERGE	no	yes		1	1
16	16.14	sukhī	sukhin	nominal	api	api	indecl	LEMMA+POS_DIVERGE	no	no		1	1
16	16.15	āḍhyaḥ	āḍhya	nominal	me	mad	nominal	LEMMA_DIVERGE	no	yes		1	1
16	16.15	abhijanavān	abhi-janavant	nominal	bhaviṣyati	bhū	verb	LEMMA+POS_DIVERGE	no	no		1	1
16	16.15	asmi	√as	verb	punar	punar	indecl	LEMMA+POS_DIVERGE	no	no		1	1
16	16.15	kaḥ	kim	nominal	dhanam	dhana	nominal	LEMMA_DIVERGE	no	yes		1	1
16	16.15	anyaḥ	anya	nominal	asau	adas	nominal	LEMMA_DIVERGE	no	yes		1	1
16	16.15	asti	√as	verb	mayā	mad	nominal	LEMMA+POS_DIVERGE	no	no		1	1
16	16.15	sadṛśaḥ	sadṛśa	nominal	hataḥ	han	verb	LEMMA+POS_DIVERGE	no	no		1	1
16	16.15	mayā	asmat	nominal	śatrur	śatru	nominal	LEMMA_DIVERGE	no	yes		1	1
16	16.15	yakṣye	√yaj	verb	haniṣye	han	verb	LEMMA_DIVERGE	no	yes		1	1
16	16.15	dāsyāmi	√dā	verb	ca	ca	indecl	LEMMA+POS_DIVERGE	no	no		1	1
16	16.15	modiṣye	√mud	verb	aparān	apara	nominal	LEMMA+POS_DIVERGE	no	no		1	1
16	16.15	iti	iti	indecl	api	api	indecl	LEMMA_DIVERGE	no	yes		1	1
16	16.15	ajñāna-vimohitāḥ	ajñāna-vimohita	nominal	īśvaro	īśvara	nominal	LEMMA_DIVERGE	no	yes		1	1
16	16.16	aneka-citta-vibhrāntāḥ	aneka-citta-vibhrānta	nominal	'ham	mad	nominal	LEMMA_DIVERGE	no	yes		1	1
16	16.16	moha-jāla-samāvṛtāḥ	moha-jāla-samāvṛta	nominal	ahaṃ	mad	nominal	LEMMA_DIVERGE	no	yes		1	1
16	16.16	prasaktāḥ	prasakta	nominal	bhogī	bhogin	indecl	LEMMA+POS_DIVERGE	no	no		1	1
16	16.16	kāma-bhogeṣu	kāma-bhoga	nominal	siddho	sidh	verb	LEMMA+POS_DIVERGE	no	no		1	1
16	16.16	patanti	√pat	verb	'haṃ	mad	nominal	LEMMA+POS_DIVERGE	no	no		1	1
16	16.16	narake	naraka	nominal	balavān	balavat	indecl	LEMMA+POS_DIVERGE	no	no		1	1
16	16.16	aśucau	aśuci	nominal	sukhī	sukhin	indecl	LEMMA+POS_DIVERGE	no	no		1	1
16	16.17	ātma-saṁbhāvitāḥ	ātma-saṁbhāvita	nominal	āḍhyo	āḍhya	indecl	LEMMA+POS_DIVERGE	no	no		1	1
16	16.17	stabdhāḥ	stabdha	nominal	abhijanavān	abhijanavat	indecl	LEMMA+POS_DIVERGE	no	no		1	1
16	16.17	dhana-māna-madānvitāḥ	dhana-māna-mada-anvita	nominal	asmi	as	verb	LEMMA+POS_DIVERGE	no	no		1	1
16	16.17	yajante	√yaj	verb	ko	ka	nominal	LEMMA+POS_DIVERGE	no	no		1	1
16	16.17	nāma-yajñaiḥ	nāma-yajña	nominal	'nyo	anya	nominal	LEMMA_DIVERGE	no	yes		1	1
16	16.17	te	tat	nominal	'sti	as	verb	LEMMA+POS_DIVERGE	no	no		1	1
16	16.17	dambhena	dambha	nominal	sadṛśo	sadṛśa	indecl	LEMMA+POS_DIVERGE	no	no		1	1
16	16.17	avidhi-pūrvakam	avidhi-pūrvakam	indecl	mayā	mad	nominal	LEMMA+POS_DIVERGE	no	no		1	1
16	16.18	ahaṁ-kāram	ahaṁ-kāra	nominal	yakṣye	yaj	verb	LEMMA+POS_DIVERGE	no	no		1	1
16	16.18	balam	bala	nominal	dāsyāmi	dā	verb	LEMMA+POS_DIVERGE	no	no		1	1
16	16.18	darpam	darpa	nominal	modiṣya	mud	verb	LEMMA+POS_DIVERGE	no	no		1	1
16	16.18	kāmam	kāma	nominal	iti	iti	indecl	LEMMA+POS_DIVERGE	no	no		1	1
16	16.18	krodham	krodha	nominal	ajñāna	ajñāna	nominal	LEMMA_DIVERGE	no	yes		1	1
16	16.18	ca	ca	indecl	vimohitāḥ	vimohay	verb	LEMMA+POS_DIVERGE	no	no		1	1
16	16.18	saṁśritāḥ	saṁśrita	nominal	aneka	aneka	nominal	LEMMA_DIVERGE	no	yes		1	1
16	16.18	mām	asmat	nominal	citta	citta	nominal	LEMMA_DIVERGE	no	yes		1	1
16	16.18	ātma-para-deheṣu	ātma-para-deha	nominal	vibhrāntāḥ	vibhram	verb	LEMMA+POS_DIVERGE	no	no		1	1
16	16.18	pradviṣantaḥ	pra-dviṣant	nominal	moha	moha	nominal	LEMMA_DIVERGE	no	yes		1	1
16	16.18	abhyasūyakāḥ	abhy-asūyaka	nominal	jāla	jāla	nominal	LEMMA_DIVERGE	no	yes		1	1
16	16.19	tān	tat	nominal	samāvṛtāḥ	samāvṛ	verb	LEMMA+POS_DIVERGE	no	no		1	1
16	16.19	aham	asmat	nominal	prasaktāḥ	prasañj	verb	LEMMA+POS_DIVERGE	no	no		1	1
16	16.19	dviṣataḥ	dviṣant	nominal	kāma	kāma	nominal	LEMMA_DIVERGE	no	yes		1	1
16	16.19	krūrān	krūra	nominal	bhogeṣu	bhoga	nominal	LEMMA_DIVERGE	no	yes		1	1
16	16.19	saṁsāreṣu	saṁsāra	nominal	patanti	pat	verb	LEMMA+POS_DIVERGE	no	no		1	1
16	16.19	narādhamān	nara-adhama	nominal	narake	naraka	nominal	LEMMA_DIVERGE	no	yes		1	1
16	16.19	kṣipāmi	√kṣip	verb	'śucau	aśuci	indecl	LEMMA+POS_DIVERGE	no	no		1	1
16	16.19	ajasram	ajasram	indecl	ātma	ātman	nominal	LEMMA+POS_DIVERGE	no	no		1	1
16	16.19	aśubhān	aśubha	nominal	saṃbhāvitāḥ	sambhāvay	verb	LEMMA+POS_DIVERGE	no	no		1	1
16	16.19	āsurīṣu	āsurī	nominal	stabdhā	stambh	verb	LEMMA+POS_DIVERGE	no	no		1	1
16	16.19	eva	eva	indecl	dhana	dhana	nominal	LEMMA+POS_DIVERGE	no	no		1	1
16	16.19	yoniṣu	yoni	nominal	māna	māna	nominal	LEMMA_DIVERGE	no	yes		1	1
16	16.20	āsurīm	āsurī	nominal	mada	mada	nominal	LEMMA_DIVERGE	no	yes		1	1
16	16.20	yonim	yoni	nominal	anvitāḥ	anvita	indecl	LEMMA+POS_DIVERGE	no	no		1	1
16	16.20	āpannāḥ	ā-panna	nominal	yajante	yaj	verb	LEMMA+POS_DIVERGE	no	no		1	1
16	16.20	mūḍhāḥ	mūḍha	nominal	nāma	nāman	nominal	LEMMA_DIVERGE	no	yes		1	1
16	16.20	janmani janmani	janman	nominal	yajñaiḥ	yajña	nominal	LEMMA_DIVERGE	no	yes		1	1
16	16.20	mām	asmat	nominal	te	tad	nominal	LEMMA_DIVERGE	no	yes		1	1
16	16.20	aprāpya	pra-√āp	unknown	dambhena	dambha	nominal	LEMMA+POS_DIVERGE	no	no		1	1
16	16.20	eva	eva	indecl	a	a	indecl	LEMMA_DIVERGE	no	yes		1	1
16	16.20	kaunteya	kaunteya	nominal	vidhi	vidhi	nominal	LEMMA_DIVERGE	no	yes		1	1
16	16.20	tataḥ	tataḥ	indecl	pūrvakam	pūrvaka	indecl	LEMMA_DIVERGE	no	yes		1	1
16	16.20	yānti	√yā	verb	ahaṃkāraṃ	ahaṃkāra	nominal	LEMMA+POS_DIVERGE	no	no		1	1
16	16.20	adhamām	adhama	nominal	balaṃ	bala	nominal	LEMMA_DIVERGE	no	yes		1	1
16	16.20	gatim	gati	nominal	darpaṃ	darpa	nominal	LEMMA_DIVERGE	no	yes		1	1
16	16.21	tri-vidham	tri-vidha	nominal	kāmaṃ	kāma	nominal	LEMMA_DIVERGE	no	yes		1	1
16	16.21	narakasya	naraka	nominal	krodhaṃ	krodha	nominal	LEMMA_DIVERGE	no	yes		1	1
16	16.21	idam	idam	nominal	ca	ca	indecl	LEMMA+POS_DIVERGE	no	no		1	1
16	16.21	dvāram	dvāra	nominal	saṃśritāḥ	saṃśri	verb	LEMMA+POS_DIVERGE	no	no		1	1
16	16.21	nāśanam	nāśana	nominal	mām	mad	nominal	LEMMA_DIVERGE	no	yes		1	1
16	16.21	ātmanaḥ	ātman	nominal	ātma	ātman	nominal	MATCH	yes	yes		1	1
16	16.21	kāmaḥ	kāma	nominal	para	para	nominal	LEMMA_DIVERGE	no	yes		1	1
16	16.21	krodhaḥ	krodha	nominal	deheṣu	deha	nominal	LEMMA_DIVERGE	no	yes		1	1
16	16.21	tathā	tathā	indecl	pradviṣanto	pradviṣ	verb	LEMMA+POS_DIVERGE	no	no		1	1
16	16.21	lobhaḥ	lobha	nominal	'bhyasūyakāḥ	abhyasūyaka	indecl	LEMMA+POS_DIVERGE	no	no		1	1
16	16.21	tasmāt	tasmāt	indecl	tān	tad	nominal	LEMMA+POS_DIVERGE	no	no		1	1
16	16.21	etat	etat	nominal	aham	mad	nominal	LEMMA_DIVERGE	no	yes		1	1
16	16.21	trayam	traya	nominal	dviṣataḥ	dviṣ	verb	LEMMA+POS_DIVERGE	no	no		1	1
16	16.21	tyajet	√tyaj	verb	krūrān	krūra	indecl	LEMMA+POS_DIVERGE	no	no		1	1
16	16.22	etaiḥ	etat	nominal	saṃsāreṣu	saṃsāra	nominal	LEMMA_DIVERGE	no	yes		1	1
16	16.22	vimuktaḥ	vimukta	nominal	nara	nara	nominal	LEMMA_DIVERGE	no	yes		1	1
16	16.22	kaunteya	kaunteya	nominal	adhamān	adhama	indecl	LEMMA+POS_DIVERGE	no	no		1	1
16	16.22	tamo-dvāraiḥ	tamas-dvāra	nominal	kṣipāmi	kṣip	verb	LEMMA+POS_DIVERGE	no	no		1	1
16	16.22	tribhiḥ	tri	nominal	ajasram	ajasram	indecl	LEMMA+POS_DIVERGE	no	no		1	1
16	16.22	naraḥ	nara	nominal	aśubhān	aśubha	indecl	LEMMA+POS_DIVERGE	no	no		1	1
16	16.22	ācarati	ā-√car	verb	āsurīṣu	āsura	indecl	LEMMA+POS_DIVERGE	no	no		1	1
16	16.22	ātmanaḥ	ātman	nominal	eva	eva	indecl	LEMMA+POS_DIVERGE	no	no		1	1
16	16.22	śreyaḥ	śreyas	nominal	yoniṣu	yoni	nominal	LEMMA_DIVERGE	no	yes		1	1
16	16.22	tataḥ	tataḥ	indecl	āsurīṃ	āsurī	nominal	LEMMA+POS_DIVERGE	no	no		1	1
16	16.22	yāti	√yā	verb	yonim	yoni	nominal	LEMMA+POS_DIVERGE	no	no		1	1
16	16.22	parām	para	nominal	āpannāḥ	āpad	verb	LEMMA+POS_DIVERGE	no	no		1	1
16	16.22	gatim	gati	nominal	mūḍhā	muh	verb	LEMMA+POS_DIVERGE	no	no		1	1
16	16.23	yaḥ	yat	nominal	janmani	janman	nominal	LEMMA_DIVERGE	no	yes		1	1
16	16.23	śāstra-vidhim	śāstra-vidhi	nominal	janmani	janman	nominal	LEMMA_DIVERGE	no	yes		1	1
16	16.23	utsṛjya	ut-√sṛj	unknown	mām	mad	nominal	LEMMA+POS_DIVERGE	no	no		1	1
16	16.23	vartate	√vṛt	verb	a	a	indecl	LEMMA+POS_DIVERGE	no	no		1	1
16	16.23	kāma-kārataḥ	kāma-kārataḥ	indecl	prāpya	prāp	verb	LEMMA+POS_DIVERGE	no	no		1	1
16	16.23	na	na	indecl	eva	eva	indecl	LEMMA_DIVERGE	no	yes		1	1
16	16.23	saḥ	tat	nominal	kaunteya	kaunteya	nominal	LEMMA_DIVERGE	no	yes		1	1
16	16.23	siddhim	siddhi	nominal	tato	tatas	indecl	LEMMA+POS_DIVERGE	no	no		1	1
16	16.23	avāpnoti	ava-√āp	verb	yānti	yā	verb	LEMMA_DIVERGE	no	yes		1	1
16	16.23	na	na	indecl	adhamām	adhama	indecl	LEMMA_DIVERGE	no	yes		1	1
16	16.23	sukham	sukha	nominal	gatim	gati	nominal	LEMMA_DIVERGE	no	yes		1	1
16	16.23	na	na	indecl	trividhaṃ	trividha	indecl	LEMMA_DIVERGE	no	yes		1	1
16	16.23	parām	para	nominal	narakasya	naraka	nominal	LEMMA_DIVERGE	no	yes		1	1
16	16.23	gatim	gati	nominal	idam	idam	nominal	LEMMA_DIVERGE	no	yes		1	1
16	16.24	tasmāt	tasmāt	indecl	dvāraṃ	dvāra	nominal	LEMMA+POS_DIVERGE	no	no		1	1
16	16.24	śāstram	śāstra	nominal	nāśanam	nāśana	indecl	LEMMA+POS_DIVERGE	no	no		1	1
16	16.24	pramāṇam	pramāṇa	nominal	ātmanaḥ	ātman	nominal	LEMMA_DIVERGE	no	yes		1	1
16	16.24	te	yuṣmat	nominal	kāmaḥ	kāma	nominal	LEMMA_DIVERGE	no	yes		1	1
16	16.24	kāryākārya-vyavasthitau	kārya-akārya-vyavasthiti	nominal	krodhaḥ	krodha	nominal	LEMMA_DIVERGE	no	yes		1	1
16	16.24	jñātvā	√jñā	unknown	tathā	tathā	indecl	LEMMA+POS_DIVERGE	no	no		1	1
16	16.24	śāstra-vidhānoktam	śāstra-vidhāna-ukta	nominal	lobhas	lobha	nominal	LEMMA_DIVERGE	no	yes		1	1
16	16.24	karma	karman	nominal	tasmāt	tad	nominal	LEMMA_DIVERGE	no	yes		1	1
16	16.24	kartum	√kṛ	unknown	etat	etad	nominal	LEMMA+POS_DIVERGE	no	no		1	1
16	16.24	iha	iha	indecl	trayam	traya	nominal	LEMMA+POS_DIVERGE	no	no		1	1
16	16.24	arhasi	√arh	verb	tyajet	tyaj	verb	LEMMA_DIVERGE	no	yes		1	1
16					etaiḥ|vimuktaḥ|kaunteya|tamaḥ|dvāraiḥ|tribhiḥ|naraḥ|ācarati|ātmanaḥ|śreyas|tato|yāti|parāṃ|gatim|yaḥ|śāstra|vidhim|utsṛjya|vartate|kāmakārataḥ|na|sa|siddhim|avāpnoti|na|sukhaṃ|na|parāṃ|gatim|tasmāt|śāstram|pramāṇaṃ|te|kārya|akārya|vyavasthitau|jñātvā|śāstra|vidhāna|uktam|karma|kartum|iha|arhasi	etad|vimuc|kaunteya|tamas|dvāra|tri|nara|ācar|ātman|śreyas|tatas|yā|para|gati|yad|śāstra|vidhi|utsṛj|vṛt|kāmakāra|na|tad|siddhi|avāp|na|sukha|na|para|gati|tasmāt|śāstra|pramāṇa|tvad|kārya|akārya|vyavasthiti|jñā|śāstra|vidhāna|vac|karman|kṛ|iha|arh	nominal|verb|nominal|nominal|nominal|indecl|nominal|verb|nominal|nominal|indecl|verb|nominal|nominal|nominal|nominal|nominal|verb|verb|nominal|indecl|nominal|nominal|verb|indecl|nominal|indecl|nominal|nominal|indecl|nominal|nominal|nominal|nominal|nominal|nominal|verb|nominal|nominal|verb|nominal|verb|indecl|verb	GOLD_ONLY				0	44
17	17.01	arjunaḥ	arjuna	nominal	arjuna	arjuna	nominal	MATCH	yes	yes		1	1
17	17.01	uvāca	√vac	verb	uvāca	vac	verb	MATCH	yes	yes		1	1
17	17.01	ye	yat	nominal	ye	yad	nominal	LEMMA_CONVENTION	no	yes	pronoun-stem	1	1
17	17.01	śāstra-vidhim	śāstra-vidhi	nominal	śāstra|vidhim	śāstra|vidhi	nominal|nominal	COMPOUND_SPLIT	n/a	n/a		1	2
17	17.01	utsṛjya	ut-√sṛj	unknown	utsṛjya	utsṛj	verb	POS_DIVERGE	yes	no		1	1
17	17.01	yajante	√yaj	verb	yajante	yaj	verb	MATCH	yes	yes		1	1
17	17.01	śraddhayā	śraddhā	nominal	śraddhayā	śraddhā	nominal	MATCH	yes	yes		1	1
17	17.01	anvitāḥ	anvita	nominal	anvitāḥ	anvita	indecl	POS_DIVERGE	yes	no		1	1
17	17.01	teṣām	tat	nominal	teṣāṃ	tad	nominal	LEMMA_CONVENTION	no	yes	pronoun-stem	1	1
17	17.01	niṣṭhā	ni-ṣṭhā	nominal	niṣṭhā	niṣṭhā	nominal	MATCH	yes	yes		1	1
17	17.01	tu	tu	indecl	tu	tu	indecl	MATCH	yes	yes		1	1
17	17.01	kā	kim	nominal	kā	ka	nominal	LEMMA_CONVENTION	no	yes	pronoun-stem	1	1
17	17.01	kṛṣṇa	kṛṣṇa	nominal	kṛṣṇa	kṛṣṇa	nominal	MATCH	yes	yes		1	1
17	17.01	sattvam	sattva	nominal	sattvam	sattva	nominal	MATCH	yes	yes		1	1
17	17.01	āho	āho	indecl	āho	āho	indecl	MATCH	yes	yes		1	1
17	17.01	rajaḥ	rajas	nominal	rajaḥ	rajas	nominal	MATCH	yes	yes		1	1
17	17.01	tamaḥ	tamas	nominal	tamaḥ	tamas	nominal	MATCH	yes	yes		1	1
17	17.02	śrī-bhagavān	śrī-bhagavant	nominal	śrī|bhagavān	śrī|bhagavant	nominal|nominal	COMPOUND_SPLIT	n/a	n/a		1	2
17	17.02	uvāca	√vac	verb	uvāca	vac	verb	MATCH	yes	yes		1	1
17	17.02	tri-vidhā	tri-vidha	nominal	trividhā	trividha	indecl	POS_DIVERGE	yes	no		1	1
17	17.02	bhavati	√bhū	verb	bhavati	bhū	verb	MATCH	yes	yes		1	1
17	17.02	śraddhā	śraddhā	nominal	śraddhā	śraddhā	nominal	MATCH	yes	yes		1	1
17	17.02	dehinām	dehin	nominal	dehināṃ	dehin	nominal	MATCH	yes	yes		1	1
17	17.02	sā	tat	nominal	sā	tad	nominal	LEMMA_CONVENTION	no	yes	pronoun-stem	1	1
17	17.02	sva-bhāva-jā	sva-bhāva-ja	nominal	svabhāva|jā	svabhāva|ja	nominal|indecl	COMPOUND_SPLIT	n/a	n/a		1	2
17	17.02	sāttvikī	sāttvikī	nominal	sāttvikī	sāttvika	indecl	LEMMA_CONVENTION+POS_DIVERGE	no	no	vowel-sandhi/contraction	1	1
17	17.02	rājasī	rājaī	nominal	rājasī	rājasa	indecl	LEMMA+POS_DIVERGE	no	no		1	1
17	17.02	ca	ca	indecl	ca	ca	indecl	MATCH	yes	yes		1	1
17	17.02	eva	eva	indecl	eva	eva	indecl	MATCH	yes	yes		1	1
17	17.02	tāmasī	tāmasī	nominal	tāmasī	tāmasa	indecl	LEMMA_CONVENTION+POS_DIVERGE	no	no	vowel-sandhi/contraction	1	1
17	17.02	ca	ca	indecl	ca	ca	indecl	MATCH	yes	yes		1	1
17	17.02	iti	iti	indecl	iti	iti	indecl	MATCH	yes	yes		1	1
17	17.02	tām	tat	nominal	tāṃ	tad	nominal	LEMMA_CONVENTION	no	yes	pronoun-stem	1	1
17	17.02	śṛṇu	√śru	verb	śṛṇu	śru	verb	MATCH	yes	yes		1	1
17	17.03	sattvānurūpā	sattva-anurūpā	nominal	sattva|anurūpā	sattva|anurūpa	nominal|indecl	COMPOUND_SPLIT	n/a	n/a		1	2
17	17.03	sarvasya	sarva	nominal	sarvasya	sarva	nominal	MATCH	yes	yes		1	1
17	17.03	śraddhā	śraddhā	nominal	śraddhā	śraddhā	nominal	MATCH	yes	yes		1	1
17	17.03	bhavati	√bhū	verb	bhavati	bhū	verb	MATCH	yes	yes		1	1
17	17.03	bhārata	bhārata	nominal	bhārata	bhārata	nominal	MATCH	yes	yes		1	1
17	17.03	śraddhā-mayaḥ	śraddhā-maya	nominal	śraddhā|mayaḥ	śraddhā|maya	nominal|indecl	COMPOUND_SPLIT	n/a	n/a		1	2
17	17.03	ayam	idam	nominal	'yaṃ	idam	nominal	MATCH	yes	yes		1	1
17	17.03	puruṣaḥ	puruṣa	nominal	puruṣo	puruṣa	nominal	MATCH	yes	yes		1	1
17	17.03	yaḥ	yat	nominal	yo	yad	nominal	LEMMA_CONVENTION	no	yes	pronoun-stem	1	1
17	17.03	yac-chraddhaḥ	yac-chraddha	nominal	yad	yad	nominal	LEMMA_DIVERGE	no	yes		1	1
17					śraddhaḥ	śraddhā	nominal	GOLD_ONLY				0	1
17	17.03	saḥ	tat	nominal	sa	tad	nominal	LEMMA_CONVENTION	no	yes	pronoun-stem	1	1
17	17.03	eva	eva	indecl	eva	eva	indecl	MATCH	yes	yes		1	1
17	17.03	saḥ	tat	nominal	saḥ	tad	nominal	LEMMA_CONVENTION	no	yes	pronoun-stem	1	1
17	17.04	yajante	√yaj	verb	yajante	yaj	verb	MATCH	yes	yes		1	1
17	17.04	sāttvikāḥ	sāttvika	nominal	sāttvikā	sāttvika	indecl	POS_DIVERGE	yes	no		1	1
17	17.04	devān	deva	nominal	devān	deva	nominal	MATCH	yes	yes		1	1
17	17.04	yakṣa-rakṣāṁsi	yakṣa-rakṣas	nominal	yakṣa|rakṣāṃsi	yakṣa|rakṣas	nominal|nominal	COMPOUND_SPLIT	n/a	n/a		1	2
17	17.04	rājasāḥ	rājasa	nominal	rājasāḥ	rājasa	indecl	POS_DIVERGE	yes	no		1	1
17	17.04	pretān	preta	nominal	pretān	preta	nominal	MATCH	yes	yes		1	1
17	17.04	bhūta-gaṇān	bhūta-gaṇa	nominal	bhūta|gaṇān	bhūta|gaṇa	nominal|nominal	COMPOUND_SPLIT	n/a	n/a		1	2
17	17.04	ca	ca	indecl	ca	ca	indecl	MATCH	yes	yes		1	1
17	17.04	anye	anya	nominal	anye	anya	nominal	MATCH	yes	yes		1	1
17	17.04	yajante	√yaj	verb	yajante	yaj	verb	MATCH	yes	yes		1	1
17	17.04	tāmasāḥ	tāmasa	nominal	tāmasā	tāmasa	indecl	POS_DIVERGE	yes	no		1	1
17	17.04	janāḥ	jana	nominal	janāḥ	jana	nominal	MATCH	yes	yes		1	1
17	17.05	aśāstra-vihitam	a-śāstra-vihita	nominal	a|śāstra|vihitam	a|śāstra|vidhā	indecl|nominal|verb	COMPOUND_SPLIT	n/a	n/a		1	3
17	17.05	ghoram	ghora	nominal	ghoraṃ	ghora	indecl	POS_DIVERGE	yes	no		1	1
17	17.05	tapyante	√tap	verb	tapyante	tap	verb	MATCH	yes	yes		1	1
17	17.05	ye	yat	nominal	ye	yad	nominal	LEMMA_CONVENTION	no	yes	pronoun-stem	1	1
17	17.05	tapaḥ	tapas	nominal	tapo	tapas	nominal	MATCH	yes	yes		1	1
17	17.05	janāḥ	jana	nominal	janāḥ	jana	nominal	MATCH	yes	yes		1	1
17	17.05	dambhāhaṁkāra-saṁyuktāḥ	dambha-ahaṁ-kāra-saṁyukta	nominal	dambha|ahaṃkāra|saṃyuktāḥ	dambha|ahaṃkāra|saṃyuj	nominal|nominal|verb	COMPOUND_SPLIT	n/a	n/a		1	3
17	17.05	kāma-rāga-balānvitāḥ	kāma-rāga-bala-anvita	nominal	kāma|rāga|bala|anvitāḥ	kāma|rāga|bala|anvita	nominal|nominal|nominal|indecl	COMPOUND_SPLIT	n/a	n/a		1	4
17	17.06	karśayantaḥ	karśayant	nominal	karśayantaḥ	karśay	verb	LEMMA+POS_DIVERGE	no	no		1	1
17	17.06	śarīra-stham	śarīra-stha	nominal	śarīra|stham	śarīra|stha	nominal|indecl	COMPOUND_SPLIT	n/a	n/a		1	2
17	17.06	bhūta-grāmam	bhūta-grāma	nominal	bhūta|grāmam	bhūta|grāma	nominal|nominal	COMPOUND_SPLIT	n/a	n/a		1	2
17	17.06	acetasaḥ	a-cetas	nominal	acetasaḥ	acetas	indecl	POS_DIVERGE	yes	no		1	1
17	17.06	mām	asmat	nominal	māṃ	mad	nominal	LEMMA_CONVENTION	no	yes	pronoun-stem	1	1
17	17.06	ca	ca	indecl	ca	ca	indecl	MATCH	yes	yes		1	1
17	17.06	eva	eva	indecl	eva	eva	indecl	MATCH	yes	yes		1	1
17	17.06	antaḥ-śarīra-stham	antaḥ-śarīra-stha	nominal	antar	antar	indecl	LEMMA+POS_DIVERGE	no	no		1	1
17	17.06	tān	tat	nominal	śarīra	śarīra	nominal	LEMMA_DIVERGE	no	yes		1	1
17	17.06	viddhi	√vid	verb	stham	stha	indecl	LEMMA+POS_DIVERGE	no	no		1	1
17	17.06	āsura-niścayān	āsura-niścaya	nominal	tān	tad	nominal	LEMMA_DIVERGE	no	yes		1	1
17	17.07	āhāraḥ	āhāra	nominal	viddhi	vid	verb	LEMMA+POS_DIVERGE	no	no		1	1
17	17.07	tu	tu	indecl	āsura	āsura	indecl	LEMMA_DIVERGE	no	yes		1	1
17	17.07	api	api	indecl	niścayān	niścaya	nominal	LEMMA+POS_DIVERGE	no	no		1	1
17	17.07	sarvasya	sarva	nominal	āhāraḥ	āhāra	nominal	LEMMA_DIVERGE	no	yes		1	1
17	17.07	tri-vidhaḥ	tri-vidha	nominal	tu	tu	indecl	LEMMA+POS_DIVERGE	no	no		1	1
17	17.07	bhavati	√bhū	verb	api	api	indecl	LEMMA+POS_DIVERGE	no	no		1	1
17	17.07	priyaḥ	priya	nominal	sarvasya	sarva	nominal	LEMMA_DIVERGE	no	yes		1	1
17	17.07	yajñaḥ	yajña	nominal	trividho	trividha	indecl	LEMMA+POS_DIVERGE	no	no		1	1
17	17.07	tapaḥ	tapas	nominal	bhavati	bhū	verb	LEMMA+POS_DIVERGE	no	no		1	1
17	17.07	tathā	tathā	indecl	priyaḥ	priya	indecl	LEMMA_DIVERGE	no	yes		1	1
17	17.07	dānam	dāna	nominal	yajñaḥ	yajña	nominal	LEMMA_DIVERGE	no	yes		1	1
17	17.07	teṣām	tat	nominal	tapaḥ	tapas	nominal	LEMMA_DIVERGE	no	yes		1	1
17	17.07	bhedam	bheda	nominal	tathā	tathā	indecl	LEMMA+POS_DIVERGE	no	no		1	1
17	17.07	imam	idam	nominal	dānaṃ	dāna	nominal	LEMMA_DIVERGE	no	yes		1	1
17	17.07	śṛṇu	√śru	verb	teṣāṃ	tad	nominal	LEMMA+POS_DIVERGE	no	no		1	1
17	17.08	āyuḥ-sattva-balārogya-sukha-prīti-vivardhanāḥ	āyuḥ-sattva-balārogya-sukha-prīti-vivardhana	nominal	bhedam	bheda	nominal	LEMMA_DIVERGE	no	yes		1	1
17	17.08	rasyāḥ	rasya	nominal	imam	idam	nominal	LEMMA_DIVERGE	no	yes		1	1
17	17.08	snigdhāḥ	snigdha	nominal	śṛṇu	śru	verb	LEMMA+POS_DIVERGE	no	no		1	1
17	17.08	sthirāḥ	sthira	nominal	āyuḥ	āyus	nominal	LEMMA_DIVERGE	no	yes		1	1
17	17.08	hṛdyāḥ	hṛdyā	nominal	sattva	sattva	nominal	LEMMA_DIVERGE	no	yes		1	1
17	17.08	āhārāḥ	āhāra	nominal	bala	bala	nominal	LEMMA_DIVERGE	no	yes		1	1
17	17.08	sāttvika-priyāḥ	sāttvika-priya	nominal	ārogya	ārogya	nominal	LEMMA_DIVERGE	no	yes		1	1
17	17.09	kaṭv-amla-lavaṇāty-uṣṇa-tīkṣṇa-rūkṣa-vidāhinaḥ	kaṭv-amla-lavaṇa-aty-uṣṇa-tīkṣṇa-rūkṣa-vidāhin	nominal	sukha	sukha	nominal	LEMMA_DIVERGE	no	yes		1	1
17	17.09	āhārāḥ	āhāra	nominal	prīti	prīti	nominal	LEMMA_DIVERGE	no	yes		1	1
17	17.09	rājasasya	rājasa	nominal	vivardhanāḥ	vivardhana	indecl	LEMMA+POS_DIVERGE	no	no		1	1
17	17.09	iṣṭāḥ	iṣṭa	nominal	rasyāḥ	rasya	indecl	LEMMA+POS_DIVERGE	no	no		1	1
17	17.09	duḥkha-śokāmaya-pradāḥ	duḥkha-śoka-āmaya-prada	nominal	snigdhāḥ	snigdha	indecl	LEMMA+POS_DIVERGE	no	no		1	1
17	17.10	yāta-yāmam	yāta-yāma	nominal	sthirā	sthira	indecl	LEMMA+POS_DIVERGE	no	no		1	1
17	17.10	gata-rasam	gata-rasa	nominal	hṛdyā	hṛdya	indecl	LEMMA+POS_DIVERGE	no	no		1	1
17	17.10	pūti	pūti	nominal	āhārāḥ	āhāra	nominal	LEMMA_DIVERGE	no	yes		1	1
17	17.10	paryuṣitam	pary-uṣita	nominal	sāttvika	sāttvika	indecl	LEMMA+POS_DIVERGE	no	no		1	1
17	17.10	ca	ca	indecl	priyāḥ	priya	indecl	LEMMA_DIVERGE	no	yes		1	1
17	17.10	yat	yat	nominal	kaṭu	kaṭu	indecl	LEMMA+POS_DIVERGE	no	no		1	1
17	17.10	ucchiṣṭam	ucchiṣṭa	nominal	amla	amla	indecl	LEMMA+POS_DIVERGE	no	no		1	1
17	17.10	api	api	indecl	lavaṇa	lavaṇa	indecl	LEMMA_DIVERGE	no	yes		1	1
17	17.10	ca	ca	indecl	ati	ati	indecl	LEMMA_DIVERGE	no	yes		1	1
17	17.10	amedhyam	a-medhya	nominal	uṣṇa	uṣṇa	indecl	LEMMA+POS_DIVERGE	no	no		1	1
17	17.10	bhojanam	bhojana	nominal	tīkṣṇa	tīkṣṇa	indecl	LEMMA+POS_DIVERGE	no	no		1	1
17	17.10	tāmasa-priyam	tāmasa-priya	nominal	rūkṣa	rūkṣa	indecl	LEMMA+POS_DIVERGE	no	no		1	1
17	17.11	aphalākāṅkṣibhiḥ	a-phala-ākāṅkṣin	nominal	vidāhinaḥ	vidāhin	indecl	LEMMA+POS_DIVERGE	no	no		1	1
17	17.11	yajñaḥ	yajña	nominal	āhārā	āhāra	nominal	LEMMA_DIVERGE	no	yes		1	1
17	17.11	vidhi-dṛṣṭaḥ	vidhi-dṛṣṭa	nominal	rājasasya	rājasa	indecl	LEMMA+POS_DIVERGE	no	no		1	1
17	17.11	yaḥ	yat	nominal	iṣṭāḥ	iṣ	verb	LEMMA+POS_DIVERGE	no	no		1	1
17	17.11	ijyate	√yaj	verb	duḥkha	duḥkha	nominal	LEMMA+POS_DIVERGE	no	no		1	1
17	17.11	yaṣṭavyam	yaṣṭavya	nominal	śoka	śoka	nominal	LEMMA_DIVERGE	no	yes		1	1
17	17.11	eva	eva	indecl	āmaya	āmaya	nominal	LEMMA+POS_DIVERGE	no	no		1	1
17	17.11	iti	iti	indecl	pradāḥ	prada	indecl	LEMMA_DIVERGE	no	yes		1	1
17	17.11	manaḥ	manas	nominal	yātayāmaṃ	yātayāma	indecl	LEMMA+POS_DIVERGE	no	no		1	1
17	17.11	samādhāya	sam-ā-√dhā	unknown	gata	gam	verb	LEMMA+POS_DIVERGE	no	no		1	1
17	17.11	saḥ	tat	nominal	rasam	rasa	nominal	LEMMA_DIVERGE	no	yes		1	1
17	17.11	sāttvikaḥ	sāttvika	nominal	pūti	pūti	indecl	LEMMA+POS_DIVERGE	no	no		1	1
17	17.12	abhisaṁdhāya	abhi-sam-√dhā	unknown	paryuṣitaṃ	paryuṣita	indecl	LEMMA+POS_DIVERGE	no	no		1	1
17	17.12	tu	tu	indecl	ca	ca	indecl	LEMMA_DIVERGE	no	yes		1	1
17	17.12	phalam	phala	nominal	yat	yad	nominal	LEMMA_DIVERGE	no	yes		1	1
17	17.12	dambha-artham	dambha-artham	indecl	ucchiṣṭam	ucchiṣ	verb	LEMMA+POS_DIVERGE	no	no		1	1
17	17.12	api	api	indecl	api	api	indecl	MATCH	yes	yes		1	1
17	17.12	ca	ca	indecl	ca	ca	indecl	MATCH	yes	yes		1	1
17	17.12	eva	eva	indecl	amedhyam	amedhya	indecl	LEMMA_DIVERGE	no	yes		1	1
17	17.12	yat	yat	nominal	bhojanaṃ	bhojana	nominal	LEMMA_DIVERGE	no	yes		1	1
17	17.12	ijyate	√yaj	verb	tāmasa	tāmasa	indecl	LEMMA+POS_DIVERGE	no	no		1	1
17	17.12	bharata-śreṣṭha	bharata-rṣabha	nominal	priyam	priya	indecl	LEMMA+POS_DIVERGE	no	no		1	1
17	17.12	tam	tat	nominal	a	a	indecl	LEMMA+POS_DIVERGE	no	no		1	1
17	17.12	yajñam	yajña	nominal	phala	phala	nominal	LEMMA_DIVERGE	no	yes		1	1
17	17.12	viddhi	√vid	verb	ākāṅkṣibhiḥ	ākāṅkṣin	indecl	LEMMA+POS_DIVERGE	no	no		1	1
17	17.12	rājasam	rājasa	nominal	yajñaḥ	yajña	nominal	LEMMA_DIVERGE	no	yes		1	1
17	17.13	vidhi-hīnam	vidhi-hīna	nominal	vidhi	vidhi	nominal	LEMMA_DIVERGE	no	yes		1	1
17	17.13	asṛṣṭānnam	asṛṣṭa-anna	nominal	dṛṣṭaḥ	dṛś	verb	LEMMA+POS_DIVERGE	no	no		1	1
17	17.13	mantra-hīnam	mantra-hīna	nominal	ya	yad	nominal	LEMMA_DIVERGE	no	yes		1	1
17	17.13	adakṣiṇam	a-dakṣiṇa	nominal	ijyate	yaj	verb	LEMMA+POS_DIVERGE	no	no		1	1
17	17.13	śraddhā-virahitam	śraddhā-virahita	nominal	yaṣṭavyam	yaj	verb	LEMMA+POS_DIVERGE	no	no		1	1
17	17.13	yajñam	yajña	nominal	eva	eva	indecl	LEMMA+POS_DIVERGE	no	no		1	1
17	17.13	tāmasam	tāmasa	nominal	iti	iti	indecl	LEMMA+POS_DIVERGE	no	no		1	1
17	17.13	paricakṣate	pari-√cakṣ	verb	manaḥ	manas	nominal	LEMMA+POS_DIVERGE	no	no		1	1
17	17.14	deva-dvija-guru-prājña-pūjanam	deva-dvija-guru-prājña-pūjana	nominal	samādhāya	samādhā	verb	LEMMA+POS_DIVERGE	no	no		1	1
17	17.14	śaucam	śauca	nominal	sa	tad	nominal	LEMMA_DIVERGE	no	yes		1	1
17	17.14	ārjavam	ārjava	nominal	sāttvikaḥ	sāttvika	indecl	LEMMA+POS_DIVERGE	no	no		1	1
17	17.14	brahma-caryam	brahma-carya	nominal	abhisaṃdhāya	abhisaṃdhā	verb	LEMMA+POS_DIVERGE	no	no		1	1
17	17.14	ahiṁsā	a-hiṁsā	nominal	tu	tu	indecl	LEMMA+POS_DIVERGE	no	no		1	1
17	17.14	ca	ca	indecl	phalaṃ	phala	nominal	LEMMA+POS_DIVERGE	no	no		1	1
17	17.14	śārīram	śārīra	nominal	dambha	dambha	nominal	LEMMA_DIVERGE	no	yes		1	1
17	17.14	tapaḥ	tapas	nominal	artham	artha	nominal	LEMMA_DIVERGE	no	yes		1	1
17	17.14	ucyate	√vac	verb	api	api	indecl	LEMMA+POS_DIVERGE	no	no		1	1
17	17.15	anudvega-karam	an-udvega-kara	nominal	ca	ca	indecl	LEMMA+POS_DIVERGE	no	no		1	1
17	17.15	vākyam	vākya	nominal	eva	eva	indecl	LEMMA+POS_DIVERGE	no	no		1	1
17	17.15	satyam	satya	nominal	yat	yad	nominal	LEMMA_DIVERGE	no	yes		1	1
17	17.15	priya-hitam	priya-hita	nominal	ijyate	yaj	verb	LEMMA+POS_DIVERGE	no	no		1	1
17	17.15	ca	ca	indecl	bharata	bharata	nominal	LEMMA+POS_DIVERGE	no	no		1	1
17	17.15	yat	yat	nominal	śreṣṭha	śreṣṭha	indecl	LEMMA+POS_DIVERGE	no	no		1	1
17	17.15	svādhyāyābhyasanam	svādhyāya-abhyasana	nominal	taṃ	tad	nominal	LEMMA_DIVERGE	no	yes		1	1
17	17.15	ca	ca	indecl	yajñaṃ	yajña	nominal	LEMMA+POS_DIVERGE	no	no		1	1
17	17.15	eva	eva	indecl	viddhi	vid	verb	LEMMA+POS_DIVERGE	no	no		1	1
17	17.15	vāṅ-mayam	vāc-maya	nominal	rājasam	rājasa	indecl	LEMMA+POS_DIVERGE	no	no		1	1
17	17.15	tapaḥ	tapas	nominal	vidhi	vidhi	nominal	LEMMA_DIVERGE	no	yes		1	1
17	17.15	ucyate	√vac	verb	hīnam	hā	verb	LEMMA_DIVERGE	no	yes		1	1
17	17.16	manaḥ-prasādaḥ	manaḥ-prasāda	nominal	a	a	indecl	LEMMA+POS_DIVERGE	no	no		1	1
17	17.16	saumyatvam	saumyatva	nominal	sṛṣṭa	sṛj	verb	LEMMA+POS_DIVERGE	no	no		1	1
17	17.16	maunam	mauna	nominal	annam	anna	nominal	LEMMA_DIVERGE	no	yes		1	1
17	17.16	ātma-vinigrahaḥ	ātma-vinigraha	nominal	mantra	mantra	nominal	LEMMA_DIVERGE	no	yes		1	1
17	17.16	bhāva-saṁśuddhiḥ	bhāva-saṁśuddhi	nominal	hīnam	hā	verb	LEMMA+POS_DIVERGE	no	no		1	1
17	17.16	iti	iti	indecl	adakṣiṇam	adakṣiṇa	indecl	LEMMA_DIVERGE	no	yes		1	1
17	17.16	etat	etat	nominal	śraddhā	śraddhā	nominal	LEMMA_DIVERGE	no	yes		1	1
17	17.16	tapaḥ	tapas	nominal	virahitam	virahita	indecl	LEMMA+POS_DIVERGE	no	no		1	1
17	17.16	mānasam	mānasa	nominal	yajñaṃ	yajña	nominal	LEMMA_DIVERGE	no	yes		1	1
17	17.16	ucyate	√vac	verb	tāmasaṃ	tāmasa	indecl	LEMMA+POS_DIVERGE	no	no		1	1
17	17.17	śraddhayā	śraddhā	nominal	paricakṣate	paricakṣ	verb	LEMMA+POS_DIVERGE	no	no		1	1
17	17.17	parayā	para	nominal	deva	deva	nominal	LEMMA_DIVERGE	no	yes		1	1
17	17.17	taptam	√tap	nominal	dvija	dvija	nominal	LEMMA_DIVERGE	no	yes		1	1
17	17.17	tapaḥ	tapas	nominal	guru	guru	nominal	LEMMA_DIVERGE	no	yes		1	1
17	17.17	tat	tat	nominal	prājña	prājña	indecl	LEMMA+POS_DIVERGE	no	no		1	1
17	17.17	tri-vidham	tri-vidha	nominal	pūjanam	pūjana	nominal	LEMMA_DIVERGE	no	yes		1	1
17	17.17	naraiḥ	nara	nominal	śaucam	śauca	nominal	LEMMA_DIVERGE	no	yes		1	1
17	17.17	aphalākāṅkṣibhiḥ	a-phala-ākāṅkṣin	nominal	ārjavam	ārjava	nominal	LEMMA_DIVERGE	no	yes		1	1
17	17.17	yuktaiḥ	yukta	nominal	brahmacaryam	brahmacarya	nominal	LEMMA_DIVERGE	no	yes		1	1
17	17.17	sāttvikam	sāttvika	nominal	ahiṃsā	ahiṃsā	nominal	LEMMA_DIVERGE	no	yes		1	1
17	17.17	paricakṣate	pari-√cakṣ	verb	ca	ca	indecl	LEMMA+POS_DIVERGE	no	no		1	1
17	17.18	sat-kāra-māna-pūjā-artham	sat-kāra-māna-pūjā-artham	indecl	śārīraṃ	śārīra	indecl	LEMMA_DIVERGE	no	yes		1	1
17	17.18	tapaḥ	tapas	nominal	tapa	tapas	nominal	MATCH	yes	yes		1	1
17	17.18	dambhena	dambha	nominal	ucyate	vac	verb	LEMMA+POS_DIVERGE	no	no		1	1
17	17.18	ca	ca	indecl	an	an	indecl	LEMMA_DIVERGE	no	yes		1	1
17	17.18	eva	eva	indecl	udvega	udvega	nominal	LEMMA+POS_DIVERGE	no	no		1	1
17	17.18	yat	yat	nominal	karam	kara	indecl	LEMMA+POS_DIVERGE	no	no		1	1
17	17.18	kriyate	√kṛ	verb	vākyaṃ	vākya	nominal	LEMMA+POS_DIVERGE	no	no		1	1
17	17.18	tat	tat	nominal	satyaṃ	satya	indecl	LEMMA+POS_DIVERGE	no	no		1	1
17	17.18	iha	iha	indecl	priya	priya	indecl	LEMMA_DIVERGE	no	yes		1	1
17	17.18	proktam	prokta	nominal	hitam	hita	indecl	LEMMA+POS_DIVERGE	no	no		1	1
17	17.18	rājasam	rājasa	nominal	ca	ca	indecl	LEMMA+POS_DIVERGE	no	no		1	1
17	17.18	calam	cala	nominal	yat	yad	nominal	LEMMA_DIVERGE	no	yes		1	1
17	17.18	adhruvam	adhruva	nominal	svādhyāya	svādhyāya	nominal	LEMMA_DIVERGE	no	yes		1	1
17	17.19	mūḍha-grāheṇa	mūḍha-grāha	nominal	abhyasanam	abhyasana	nominal	LEMMA_DIVERGE	no	yes		1	1
17	17.19	ātmanaḥ	ātman	nominal	ca	ca	indecl	LEMMA+POS_DIVERGE	no	no		1	1
17	17.19	yat	yat	nominal	eva	eva	indecl	LEMMA+POS_DIVERGE	no	no		1	1
17	17.19	pīḍayā	pīḍā	nominal	vāc	vāc	nominal	LEMMA_DIVERGE	no	yes		1	1
17	17.19	kriyate	√kṛ	verb	mayam	maya	indecl	LEMMA+POS_DIVERGE	no	no		1	1
17	17.19	tapaḥ	tapas	nominal	tapa	tapas	nominal	MATCH	yes	yes		1	1
17	17.19	parasya	para	nominal	ucyate	vac	verb	LEMMA+POS_DIVERGE	no	no		1	1
17	17.19	utsādana-artham	utsādana-artham	indecl	manaḥ	manas	nominal	LEMMA+POS_DIVERGE	no	no		1	1
17	17.19	vā	vā	indecl	prasādaḥ	prasāda	nominal	LEMMA+POS_DIVERGE	no	no		1	1
17	17.19	tat	tat	nominal	saumya	saumya	indecl	LEMMA+POS_DIVERGE	no	no		1	1
17	17.19	tāmasam	tāmasa	nominal	tvam	tva	nominal	LEMMA_DIVERGE	no	yes		1	1
17	17.19	udāhṛtam	ud-ā-hṛta	nominal	maunam	mauna	nominal	LEMMA_DIVERGE	no	yes		1	1
17	17.20	dātavyam	dātavya	nominal	ātma	ātman	nominal	LEMMA_DIVERGE	no	yes		1	1
17	17.20	iti	iti	indecl	vinigrahaḥ	vinigraha	nominal	LEMMA+POS_DIVERGE	no	no		1	1
17	17.20	yat	yat	nominal	bhāva	bhāva	nominal	LEMMA_DIVERGE	no	yes		1	1
17	17.20	dānam	dāna	nominal	saṃśuddhiḥ	saṃśuddhi	nominal	LEMMA_DIVERGE	no	yes		1	1
17	17.20	dīyate	√dā	verb	iti	iti	indecl	LEMMA+POS_DIVERGE	no	no		1	1
17	17.20	anupakāriṇe	an-upakārin	nominal	etat	etad	nominal	LEMMA_DIVERGE	no	yes		1	1
17	17.20	deśe	deśa	nominal	tapaḥ	tapas	nominal	LEMMA_DIVERGE	no	yes		1	1
17	17.20	kāle	kāla	nominal	mānasam	mānasa	indecl	LEMMA+POS_DIVERGE	no	no		1	1
17	17.20	ca	ca	indecl	ucyate	vac	verb	LEMMA+POS_DIVERGE	no	no		1	1
17	17.20	pātre	pātra	nominal	śraddhayā	śraddhā	nominal	LEMMA_DIVERGE	no	yes		1	1
17	17.20	ca	ca	indecl	parayā	para	nominal	LEMMA+POS_DIVERGE	no	no		1	1
17	17.20	tat	tat	nominal	taptaṃ	tap	verb	LEMMA+POS_DIVERGE	no	no		1	1
17	17.20	dānam	dāna	nominal	tapaḥ	tapas	nominal	LEMMA_DIVERGE	no	yes		1	1
17	17.20	sāttvikam	sāttvika	nominal	tat	tad	nominal	LEMMA_DIVERGE	no	yes		1	1
17	17.20	smṛtam	smṛta	nominal	trividham	trividha	indecl	LEMMA+POS_DIVERGE	no	no		1	1
17	17.21	yat	yat	nominal	naraiḥ	nara	nominal	LEMMA_DIVERGE	no	yes		1	1
17	17.21	tu	tu	indecl	a	a	indecl	LEMMA_DIVERGE	no	yes		1	1
17	17.21	praty-upakāra-artham	praty-upakāra-artham	indecl	phala	phala	nominal	LEMMA+POS_DIVERGE	no	no		1	1
17	17.21	phalam	phala	nominal	ākāṅkṣibhiḥ	ākāṅkṣin	indecl	LEMMA+POS_DIVERGE	no	no		1	1
17	17.21	uddiśya	ut-√diś	unknown	yuktaiḥ	yuj	verb	LEMMA+POS_DIVERGE	no	no		1	1
17	17.21	vā	vā	indecl	sāttvikaṃ	sāttvika	indecl	LEMMA_DIVERGE	no	yes		1	1
17	17.21	punaḥ	punaḥ	indecl	paricakṣate	paricakṣ	verb	LEMMA+POS_DIVERGE	no	no		1	1
17	17.21	dīyate	√dā	verb	satkāra	satkāra	nominal	LEMMA+POS_DIVERGE	no	no		1	1
17	17.21	ca	ca	indecl	māna	māna	nominal	LEMMA+POS_DIVERGE	no	no		1	1
17	17.21	parikliṣṭam	parikliṣṭam	indecl	pūjā	pūjā	nominal	LEMMA+POS_DIVERGE	no	no		1	1
17	17.21	tat	tat	nominal	artham	artha	nominal	LEMMA_DIVERGE	no	yes		1	1
17	17.21	dānam	dāna	nominal	tapo	tapas	nominal	LEMMA_DIVERGE	no	yes		1	1
17	17.21	rājasam	rājasa	nominal	dambhena	dambha	nominal	LEMMA_DIVERGE	no	yes		1	1
17	17.21	smṛtam	smṛta	nominal	ca	ca	indecl	LEMMA+POS_DIVERGE	no	no		1	1
17	17.22	adeśa-kāle	a-deśa-kāla	nominal	eva	eva	indecl	LEMMA+POS_DIVERGE	no	no		1	1
17	17.22	yat	yat	nominal	yat	yad	nominal	LEMMA_CONVENTION	no	yes	pronoun-stem	1	1
17	17.22	dānam	dāna	nominal	kriyate	kṛ	verb	LEMMA+POS_DIVERGE	no	no		1	1
17	17.22	apātrebhyaḥ	a-pātra	unknown	tat	tad	nominal	LEMMA+POS_DIVERGE	no	no		1	1
17	17.22	ca	ca	indecl	iha	iha	indecl	LEMMA_DIVERGE	no	yes		1	1
17	17.22	dīyate	√dā	verb	proktaṃ	pravac	verb	LEMMA_DIVERGE	no	yes		1	1
17	17.22	asat-kṛtam	asat-kṛtam	indecl	rājasaṃ	rājasa	indecl	LEMMA_DIVERGE	no	yes		1	1
17	17.22	avajñātam	avajñātam	indecl	calam	cala	indecl	LEMMA_DIVERGE	no	yes		1	1
17	17.22	tat	tat	nominal	adhruvam	adhruva	indecl	LEMMA+POS_DIVERGE	no	no		1	1
17	17.22	tāmasam	tāmasa	nominal	mūḍha	muh	verb	LEMMA+POS_DIVERGE	no	no		1	1
17	17.22	udāhṛtam	ud-ā-hṛta	nominal	grāheṇa	grāha	nominal	LEMMA_DIVERGE	no	yes		1	1
17	17.23	om tat sat	om tat sat	indecl	ātmanaḥ	ātman	nominal	LEMMA+POS_DIVERGE	no	no		1	1
17	17.23	iti	iti	indecl	yat	yad	nominal	LEMMA+POS_DIVERGE	no	no		1	1
17	17.23	nirdeśaḥ	nirdeśa	nominal	pīḍayā	pīḍā	nominal	LEMMA_DIVERGE	no	yes		1	1
17	17.23	brahmaṇaḥ	brahman	nominal	kriyate	kṛ	verb	LEMMA+POS_DIVERGE	no	no		1	1
17	17.23	tri-vidhaḥ	tri-vidha	nominal	tapaḥ	tapas	nominal	LEMMA_DIVERGE	no	yes		1	1
17	17.23	smṛtaḥ	smṛta	nominal	parasya	para	nominal	LEMMA_DIVERGE	no	yes		1	1
17	17.23	brāhmaṇāḥ	brāhmaṇa	nominal	utsādana	utsādana	nominal	LEMMA_DIVERGE	no	yes		1	1
17	17.23	tena	tat	nominal	artham	artha	nominal	LEMMA_DIVERGE	no	yes		1	1
17	17.23	vedāḥ	veda	nominal	vā	vā	indecl	LEMMA+POS_DIVERGE	no	no		1	1
17	17.23	ca	ca	indecl	tat	tad	nominal	LEMMA+POS_DIVERGE	no	no		1	1
17	17.23	yajñāḥ	yajña	nominal	tāmasam	tāmasa	indecl	LEMMA+POS_DIVERGE	no	no		1	1
17	17.23	ca	ca	indecl	udāhṛtam	udāhṛ	verb	LEMMA+POS_DIVERGE	no	no		1	1
17	17.23	vihitāḥ	vihita	nominal	dātavyam	dā	verb	LEMMA+POS_DIVERGE	no	no		1	1
17	17.23	purā	purā	indecl	iti	iti	indecl	LEMMA_DIVERGE	no	yes		1	1
17	17.24	tasmāt	tasmāt	indecl	yat	yad	nominal	LEMMA+POS_DIVERGE	no	no		1	1
17	17.24	om	om	indecl	dānam	dāna	nominal	LEMMA+POS_DIVERGE	no	no		1	1
17	17.24	iti	iti	indecl	dīyate	dā	verb	LEMMA+POS_DIVERGE	no	no		1	1
17	17.24	udāhṛtya	ud-ā-√hṛ	unknown	'nupakāriṇe	anupakārin	indecl	LEMMA+POS_DIVERGE	no	no		1	1
17	17.24	yajña-dāna-tapaḥ-kriyāḥ	yajña-dāna-tapaḥ-kriya	nominal	deśe	deśa	nominal	LEMMA_DIVERGE	no	yes		1	1
17	17.24	pravartante	pra-√vṛt	verb	kāle	kāla	nominal	LEMMA+POS_DIVERGE	no	no		1	1
17	17.24	vidhānoktāḥ	vidhāna-ukta	nominal	ca	ca	indecl	LEMMA+POS_DIVERGE	no	no		1	1
17	17.24	satatam	satatam	indecl	pātre	pātra	nominal	LEMMA+POS_DIVERGE	no	no		1	1
17	17.24	brahma-vādinām	brahma-vādin	nominal	ca	ca	indecl	LEMMA+POS_DIVERGE	no	no		1	1
17	17.25	tat	tat	nominal	tat	tad	nominal	LEMMA_CONVENTION	no	yes	pronoun-stem	1	1
17	17.25	iti	iti	indecl	dānam	dāna	nominal	LEMMA+POS_DIVERGE	no	no		1	1
17	17.25	anabhisaṁdhāya	abhi-sam-√dhā	unknown	sāttvikaṃ	sāttvika	indecl	LEMMA+POS_DIVERGE	no	no		1	1
17	17.25	phalam	phala	nominal	smṛtam	smṛ	verb	LEMMA+POS_DIVERGE	no	no		1	1
17	17.25	yajña-tapaḥ-kriyāḥ	yajña-tapaḥ-kriya	nominal	yat	yad	nominal	LEMMA_DIVERGE	no	yes		1	1
17	17.25	dāna-kriyāḥ	dāna-kriya	nominal	tu	tu	indecl	LEMMA+POS_DIVERGE	no	no		1	1
17	17.25	ca	ca	indecl	pratyupakāra	pratyupakāra	nominal	LEMMA+POS_DIVERGE	no	no		1	1
17	17.25	vividhāḥ	vi-vidha	nominal	artham	artha	nominal	LEMMA_DIVERGE	no	yes		1	1
17	17.25	kriyante	√kṛ	verb	phalam	phala	nominal	LEMMA+POS_DIVERGE	no	no		1	1
17	17.25	mokṣa-kāṅkṣibhiḥ	mokṣa-kāṅkṣin	nominal	uddiśya	uddiś	verb	LEMMA+POS_DIVERGE	no	no		1	1
17	17.26	sad-bhāve	sad-bhāva	nominal	vā	vā	indecl	LEMMA+POS_DIVERGE	no	no		1	1
17	17.26	sādhu-bhāve	sādhu-bhāva	nominal	punaḥ	punar	indecl	LEMMA+POS_DIVERGE	no	no		1	1
17					dīyate	dā	verb	GOLD_ONLY				0	1
17	17.26	ca	ca	indecl	ca	ca	indecl	MATCH	yes	yes		1	1
17	17.26	sat	sant	nominal	parikliṣṭaṃ	parikliś	verb	LEMMA+POS_DIVERGE	no	no		1	1
17	17.26	iti	iti	indecl				DCS_ONLY				1	0
17	17.26	etat	etat	nominal	tat	tad	nominal	LEMMA_DIVERGE	no	yes		1	1
17	17.26	prayujyate	pra-√yuj	verb	dānam	dāna	nominal	LEMMA+POS_DIVERGE	no	no		1	1
17	17.26	praśaste	praśasta	nominal	rājasaṃ	rājasa	indecl	LEMMA+POS_DIVERGE	no	no		1	1
17	17.26	karmaṇi	karman	nominal	smṛtam	smṛ	verb	LEMMA+POS_DIVERGE	no	no		1	1
17	17.26	tathā	tathā	indecl	a	a	indecl	LEMMA_DIVERGE	no	yes		1	1
17	17.26	sac-chabdaḥ	sat-śabda	nominal	deśa	deśa	nominal	LEMMA_DIVERGE	no	yes		1	1
17	17.26	pārtha	pārtha	nominal	kāle	kāla	nominal	LEMMA_DIVERGE	no	yes		1	1
17	17.26	yujyate	√yuj	verb	yat	yad	nominal	LEMMA+POS_DIVERGE	no	no		1	1
17	17.27	yajñe	yajña	nominal	dānam	dāna	nominal	LEMMA_DIVERGE	no	yes		1	1
17	17.27	tapasi	tapas	nominal	apātrebhyaḥ	apātra	nominal	LEMMA_DIVERGE	no	yes		1	1
17	17.27	dāne	dāna	nominal				DCS_ONLY				1	0
17	17.27	ca	ca	indecl	ca	ca	indecl	MATCH	yes	yes		1	1
17	17.27	sthitiḥ	sthiti	nominal	dīyate	dā	verb	LEMMA+POS_DIVERGE	no	no		1	1
17	17.27	sat	sant	nominal	asatkṛtam	asatkṛ	verb	LEMMA+POS_DIVERGE	no	no		1	1
17	17.27	iti	iti	indecl	avajñātam	avajñā	verb	LEMMA+POS_DIVERGE	no	no		1	1
17	17.27	ca	ca	indecl	tat	tad	nominal	LEMMA+POS_DIVERGE	no	no		1	1
17	17.27	ucyate	√vac	verb	tāmasam	tāmasa	indecl	LEMMA+POS_DIVERGE	no	no		1	1
17	17.27	karma	karman	nominal	udāhṛtam	udāhṛ	verb	LEMMA+POS_DIVERGE	no	no		1	1
17	17.27	ca	ca	indecl	oṃ	oṃ	indecl	LEMMA_DIVERGE	no	yes		1	1
17	17.27	eva	eva	indecl	tat	tad	nominal	LEMMA+POS_DIVERGE	no	no		1	1
17	17.27	tad-arthīyam	tad-arthīya	nominal				DCS_ONLY				1	0
17	17.27	sat	sant	nominal	sat	as	verb	LEMMA+POS_DIVERGE	no	no		1	1
17	17.27	iti	iti	indecl	iti	iti	indecl	MATCH	yes	yes		1	1
17	17.27	eva	eva	indecl	nirdeśo	nirdeśa	nominal	LEMMA+POS_DIVERGE	no	no		1	1
17	17.27	abhidhīyate	abhi-√dhā	verb	brahmaṇaḥ	brahman	nominal	LEMMA+POS_DIVERGE	no	no		1	1
17	17.28	aśraddhayā	a-śraddhā	nominal	trividhaḥ	trividha	indecl	LEMMA+POS_DIVERGE	no	no		1	1
17	17.28	hutam	huta	nominal	smṛtaḥ	smṛ	verb	LEMMA+POS_DIVERGE	no	no		1	1
17	17.28	dattam	datta	nominal	brāhmaṇāḥ	brāhmaṇa	indecl	LEMMA+POS_DIVERGE	no	no		1	1
17	17.28	tapaḥ	tapas	nominal	tena	tad	nominal	LEMMA_DIVERGE	no	yes		1	1
17	17.28	taptam	√tap	nominal	vedāḥ	veda	nominal	LEMMA_DIVERGE	no	yes		1	1
17	17.28	kṛtam	kṛta	nominal				DCS_ONLY				1	0
17	17.28	ca	ca	indecl	ca	ca	indecl	MATCH	yes	yes		1	1
17	17.28	yat	yat	nominal	yajñāḥ	yajña	nominal	LEMMA_DIVERGE	no	yes		1	1
17	17.28	asat	a-sant	nominal	ca	ca	indecl	LEMMA+POS_DIVERGE	no	no		1	1
17	17.28	iti	iti	indecl	vihitāḥ	vidhā	verb	LEMMA+POS_DIVERGE	no	no		1	1
17	17.28	ucyate	√vac	verb	purā	purā	indecl	LEMMA+POS_DIVERGE	no	no		1	1
17	17.28	pārtha	pārtha	nominal	tasmāt	tasmāt	indecl	LEMMA+POS_DIVERGE	no	no		1	1
17	17.28	na	na	indecl	om	oṃ	indecl	LEMMA_DIVERGE	no	yes		1	1
17	17.28	ca	ca	indecl	iti	iti	indecl	LEMMA_DIVERGE	no	yes		1	1
17	17.28	tat	tat	nominal	udāhṛtya	udāhṛ	verb	LEMMA+POS_DIVERGE	no	no		1	1
17	17.28	pretya	pra-√i	unknown	yajña	yajña	nominal	LEMMA+POS_DIVERGE	no	no		1	1
17	17.28	na	na	indecl	dāna	dāna	nominal	LEMMA+POS_DIVERGE	no	no		1	1
17	17.28	iha	iha	indecl	tapaḥ	tapas	nominal	LEMMA+POS_DIVERGE	no	no		1	1
17					kriyāḥ|pravartante|vidhāna|uktāḥ|satataṃ|brahma|vādinām|tat|iti|an|abhisaṃdhāya|phalaṃ|yajña|tapaḥ|kriyāḥ|dāna|kriyāḥ|ca|vividhāḥ|kriyante|mokṣa|kāṅkṣibhiḥ|sadbhāve|sādhu|bhāve|ca|sat|iti|etat|prayujyate|praśaste|karmaṇi|tathā|sat|śabdaḥ|pārtha|yujyate|yajñe|tapasi|dāne|ca|sthitiḥ|sat|iti|ca|ucyate|karma|ca|eva|tad|arthīyam|sat|iti|eva|abhidhīyate|aśraddhayā|hutaṃ|dattaṃ|tapaḥ|taptam|kṛtaṃ|ca|yat|asat|iti|ucyate|pārtha|na|ca|tat|pretya|no|iha	kriyā|pravṛt|vidhāna|vac|satatam|brahman|vādin|tad|iti|an|abhisaṃdhā|phala|yajña|tapas|kriyā|dāna|kriyā|ca|vividha|kṛ|mokṣa|kāṅkṣin|sadbhāva|sādhu|bhāva|ca|sat|iti|etad|prayuj|praśaṃs|karman|tathā|sat|śabda|pārtha|yuj|yajña|tapas|dāna|ca|sthiti|sat|iti|ca|vac|karman|ca|eva|tad|arthīya|sat|iti|eva|abhidhā|aśraddhā|hu|dā|tapas|tap|kṛ|ca|yad|asat|iti|vac|pārtha|na|ca|tad|pre|no|iha	nominal|verb|nominal|verb|indecl|nominal|indecl|nominal|indecl|indecl|verb|nominal|nominal|nominal|nominal|nominal|nominal|indecl|indecl|verb|nominal|indecl|nominal|indecl|nominal|indecl|indecl|indecl|nominal|verb|verb|nominal|indecl|indecl|nominal|nominal|verb|nominal|nominal|nominal|indecl|nominal|indecl|indecl|indecl|verb|nominal|indecl|indecl|nominal|indecl|indecl|indecl|indecl|verb|nominal|verb|verb|nominal|verb|verb|indecl|nominal|indecl|indecl|verb|nominal|indecl|indecl|nominal|verb|indecl|indecl	GOLD_ONLY				0	73
18	18.01	arjunaḥ	arjuna	nominal	arjuna	arjuna	nominal	MATCH	yes	yes		1	1
18	18.01	uvāca	√vac	verb	uvāca	vac	verb	MATCH	yes	yes		1	1
18	18.01	saṁnyāsasya	saṁnyāsa	nominal	saṃnyāsasya	saṃnyāsa	nominal	MATCH	yes	yes		1	1
18	18.01	mahābāho	mahā-bāhu	nominal	mahā|bāho	mahat|bāhu	indecl|nominal	COMPOUND_SPLIT	n/a	n/a		1	2
18	18.01	tattvam	tat-tva	nominal	tattvam	tattva	nominal	MATCH	yes	yes		1	1
18	18.01	icchāmi	√iṣ	verb	icchāmi	iṣ	verb	MATCH	yes	yes		1	1
18	18.01	veditum	√vid	unknown	veditum	vid	verb	POS_DIVERGE	yes	no		1	1
18	18.01	tyāgasya	tyāga	nominal	tyāgasya	tyāga	nominal	MATCH	yes	yes		1	1
18	18.01	ca	ca	indecl	ca	ca	indecl	MATCH	yes	yes		1	1
18	18.01	hṛṣīkeśa	hṛṣīkeśa	nominal	hṛṣīkeśa	hṛṣīkeśa	nominal	MATCH	yes	yes		1	1
18	18.01	pṛthak	pṛthak	indecl	pṛthak	pṛthak	indecl	MATCH	yes	yes		1	1
18	18.01	keśi-niṣūdana	keśi-niṣūdana	nominal	keśiniṣūdana	keśiniṣūdana	nominal	MATCH	yes	yes		1	1
18	18.02	śrī-bhagavān	śrī-bhagavant	nominal	śrī|bhagavān	śrī|bhagavant	nominal|nominal	COMPOUND_SPLIT	n/a	n/a		1	2
18	18.02	uvāca	√vac	verb	uvāca	vac	verb	MATCH	yes	yes		1	1
18	18.02	kāmyānām	kāmyā	nominal	kāmyānāṃ	kāmya	indecl	LEMMA_CONVENTION+POS_DIVERGE	no	no	vowel-sandhi/contraction	1	1
18	18.02	karmaṇām	karman	nominal	karmaṇāṃ	karman	nominal	MATCH	yes	yes		1	1
18	18.02	nyāsam	nyāsa	nominal	nyāsaṃ	nyāsa	nominal	MATCH	yes	yes		1	1
18	18.02	saṁnyāsam	saṁnyāsa	nominal	saṃnyāsaṃ	saṃnyāsa	nominal	MATCH	yes	yes		1	1
18	18.02	kavayaḥ	kavi	nominal	kavayo	kavi	nominal	MATCH	yes	yes		1	1
18	18.02	viduḥ	√vid	verb	viduḥ	vid	verb	MATCH	yes	yes		1	1
18	18.02	sarva-karma-phala-tyāgam	sarva-karma-phala-tyāga	nominal	sarva|karma|phala|tyāgam	sarva|karman|phala|tyāga	nominal|nominal|nominal|nominal	COMPOUND_SPLIT	n/a	n/a		1	4
18	18.02	prāhuḥ	pra-√ah	verb	prāhuḥ	prāh	verb	LEMMA_CONVENTION	no	yes	vowel-sandhi/contraction	1	1
18	18.02	tyāgam	tyāga	nominal	tyāgam	tyāga	nominal	MATCH	yes	yes		1	1
18	18.02	vicakṣaṇāḥ	vicakṣaṇa	nominal	vicakṣaṇāḥ	vicakṣaṇa	indecl	POS_DIVERGE	yes	no		1	1
18	18.03	tyājyam	tyājya	nominal	tyājyaṃ	tyaj	verb	LEMMA+POS_DIVERGE	no	no		1	1
18	18.03	doṣa-vat	doṣa-vant	nominal	doṣavat	doṣavat	indecl	LEMMA_CONVENTION+POS_DIVERGE	no	no	final-t/d+n	1	1
18	18.03	iti	iti	indecl	iti	iti	indecl	MATCH	yes	yes		1	1
18	18.03	eke	eka	nominal	eke	eka	indecl	POS_DIVERGE	yes	no		1	1
18	18.03	karma	karman	nominal	karma	karman	nominal	MATCH	yes	yes		1	1
18	18.03	prāhuḥ	pra-√ah	verb	prāhuḥ	prāh	verb	LEMMA_CONVENTION	no	yes	vowel-sandhi/contraction	1	1
18	18.03	manīṣiṇaḥ	manīṣin	nominal	manīṣiṇaḥ	manīṣin	indecl	POS_DIVERGE	yes	no		1	1
18	18.03	yajña-dāna-tapaḥ-karma	yajña-dāna-tapaḥ-karma	nominal	yajña|dāna|tapaḥ|karma	yajña|dāna|tapas|karman	nominal|nominal|nominal|nominal	COMPOUND_SPLIT	n/a	n/a		1	4
18	18.03	na	na	indecl	na	na	indecl	MATCH	yes	yes		1	1
18	18.03	tyājyam	tyājya	nominal	tyājyam	tyaj	verb	LEMMA+POS_DIVERGE	no	no		1	1
18	18.03	iti	iti	indecl	iti	iti	indecl	MATCH	yes	yes		1	1
18	18.03	ca	ca	indecl	ca	ca	indecl	MATCH	yes	yes		1	1
18	18.03	apare	a-para	nominal	apare	apara	nominal	MATCH	yes	yes		1	1
18	18.04	niścayam	niścaya	nominal	niścayaṃ	niścaya	nominal	MATCH	yes	yes		1	1
18	18.04	śṛṇu	√śru	verb	śṛṇu	śru	verb	MATCH	yes	yes		1	1
18	18.04	me	asmat	nominal	me	mad	nominal	LEMMA_CONVENTION	no	yes	pronoun-stem	1	1
18	18.04	tatra	tatra	indecl	tatra	tatra	indecl	MATCH	yes	yes		1	1
18	18.04	tyāge	tyāga	nominal	tyāge	tyāga	nominal	MATCH	yes	yes		1	1
18	18.04	bharata-sattama	bharata-sattama	nominal	bharata|sattama	bharata|sattama	nominal|indecl	COMPOUND_SPLIT	n/a	n/a		1	2
18	18.04	tyāgaḥ	tyāga	nominal	tyāgo	tyāga	nominal	MATCH	yes	yes		1	1
18	18.04	hi	hi	indecl	hi	hi	indecl	MATCH	yes	yes		1	1
18	18.04	puruṣa-vyāghra	puruṣa-vyāghra	nominal	puruṣa|vyāghra	puruṣa|vyāghra	nominal|nominal	COMPOUND_SPLIT	n/a	n/a		1	2
18	18.04	tri-vidhaḥ	tri-vidha	nominal	trividhaḥ	trividha	indecl	POS_DIVERGE	yes	no		1	1
18	18.04	saṁprakīrtitaḥ	saṁ-pra-kīrtita	nominal	saṃprakīrtitaḥ	saṃprakīrtay	verb	LEMMA+POS_DIVERGE	no	no		1	1
18	18.05	yajña-dāna-tapaḥ-karma	yajña-dāna-tapaḥ-karma	nominal	yajña|dāna|tapaḥ|karma	yajña|dāna|tapas|karman	nominal|nominal|nominal|nominal	COMPOUND_SPLIT	n/a	n/a		1	4
18	18.05	na	na	indecl	na	na	indecl	MATCH	yes	yes		1	1
18	18.05	tyājyam	tyājya	nominal	tyājyaṃ	tyaj	verb	LEMMA+POS_DIVERGE	no	no		1	1
18	18.05	kāryam	kārya	nominal	kāryam	kṛ	verb	LEMMA+POS_DIVERGE	no	no		1	1
18	18.05	eva	eva	indecl	eva	eva	indecl	MATCH	yes	yes		1	1
18	18.05	tat	tat	nominal	tat	tad	nominal	LEMMA_CONVENTION	no	yes	pronoun-stem	1	1
18	18.05	yajñaḥ	yajña	nominal	yajño	yajña	nominal	MATCH	yes	yes		1	1
18	18.05	dānam	dāna	nominal	dānaṃ	dāna	nominal	MATCH	yes	yes		1	1
18	18.05	tapaḥ	tapas	nominal	tapaḥ	tapas	nominal	MATCH	yes	yes		1	1
18	18.05	ca	ca	indecl	ca	ca	indecl	MATCH	yes	yes		1	1
18	18.05	eva	eva	indecl	eva	eva	indecl	MATCH	yes	yes		1	1
18	18.05	pāvanāni	pāvana	nominal	pāvanāni	pāvana	indecl	POS_DIVERGE	yes	no		1	1
18	18.05	manīṣiṇām	manīṣin	nominal	manīṣiṇām	manīṣin	indecl	POS_DIVERGE	yes	no		1	1
18	18.06	etāni	etat	nominal	etāni	etad	nominal	LEMMA_CONVENTION	no	yes	pronoun-stem	1	1
18	18.06	api	api	indecl	api	api	indecl	MATCH	yes	yes		1	1
18	18.06	tu	tu	indecl	tu	tu	indecl	MATCH	yes	yes		1	1
18	18.06	karmāṇi	karman	nominal	karmāṇi	karman	nominal	MATCH	yes	yes		1	1
18	18.06	saṅgam	saṅga	nominal	saṅgaṃ	saṅga	nominal	MATCH	yes	yes		1	1
18	18.06	tyaktvā	√tyaj	unknown	tyaktvā	tyaj	verb	POS_DIVERGE	yes	no		1	1
18	18.06	phalāni	phala	nominal	phalāni	phala	nominal	MATCH	yes	yes		1	1
18	18.06	ca	ca	indecl	ca	ca	indecl	MATCH	yes	yes		1	1
18	18.06	kartavyāni	kartavya	nominal	kartavyāni	kṛ	verb	LEMMA+POS_DIVERGE	no	no		1	1
18	18.06	iti	iti	indecl	iti	iti	indecl	MATCH	yes	yes		1	1
18	18.06	me	asmat	nominal	me	mad	nominal	LEMMA_CONVENTION	no	yes	pronoun-stem	1	1
18	18.06	pārtha	pārtha	nominal	pārtha	pārtha	nominal	MATCH	yes	yes		1	1
18	18.06	niścitam	niścita	nominal	niścitaṃ	niści	verb	LEMMA+POS_DIVERGE	no	no		1	1
18	18.06	matam	mata	nominal	matam	mata	nominal	MATCH	yes	yes		1	1
18	18.06	uttamam	uttama	nominal	uttamam	uttama	indecl	POS_DIVERGE	yes	no		1	1
18	18.07	niyatasya	niyata	nominal	niyatasya	niyam	verb	LEMMA+POS_DIVERGE	no	no		1	1
18	18.07	tu	tu	indecl	tu	tu	indecl	MATCH	yes	yes		1	1
18	18.07	saṁnyāsaḥ	saṁnyāsa	nominal	saṃnyāsaḥ	saṃnyāsa	nominal	MATCH	yes	yes		1	1
18	18.07	karmaṇaḥ	karman	nominal	karmaṇo	karman	nominal	MATCH	yes	yes		1	1
18	18.07	na	na	indecl	na	na	indecl	MATCH	yes	yes		1	1
18	18.07	upapadyate	upa-√pad	verb	upapadyate	upapad	verb	MATCH	yes	yes		1	1
18	18.07	mohāt	moha	nominal	mohāt	moha	nominal	MATCH	yes	yes		1	1
18	18.07	tasya	tat	nominal	tasya	tad	nominal	LEMMA_CONVENTION	no	yes	pronoun-stem	1	1
18	18.07	parityāgaḥ	pari-tyāga	nominal	parityāgaḥ	parityāga	nominal	MATCH	yes	yes		1	1
18	18.07	tāmasaḥ	tāmasa	nominal	tāmasaḥ	tāmasa	indecl	POS_DIVERGE	yes	no		1	1
18	18.07	parikīrtitaḥ	pari-kīrtita	nominal	parikīrtitaḥ	parikīrtay	verb	LEMMA+POS_DIVERGE	no	no		1	1
18	18.08	duḥkham	duḥkha	nominal	duḥkham	duḥkha	nominal	MATCH	yes	yes		1	1
18	18.08	iti	iti	indecl	iti	iti	indecl	MATCH	yes	yes		1	1
18	18.08	eva	eva	indecl	eva	eva	indecl	MATCH	yes	yes		1	1
18	18.08	yat	yat	nominal	yat	yad	nominal	LEMMA_CONVENTION	no	yes	pronoun-stem	1	1
18	18.08	karma	karman	nominal	karma	karman	nominal	MATCH	yes	yes		1	1
18	18.08	kāya-kleśa-bhayāt	kāya-kleśa-bhaya	nominal	kāya|kleśa|bhayāt	kāya|kleśa|bhaya	nominal|nominal|nominal	COMPOUND_SPLIT	n/a	n/a		1	3
18	18.08	tyajet	√tyaj	verb	tyajet	tyaj	verb	MATCH	yes	yes		1	1
18	18.08	saḥ	tat	nominal	sa	tad	nominal	LEMMA_CONVENTION	no	yes	pronoun-stem	1	1
18	18.08	kṛtvā	√kṛ	unknown	kṛtvā	kṛ	verb	POS_DIVERGE	yes	no		1	1
18	18.08	rājasam	rājasa	nominal	rājasaṃ	rājasa	indecl	POS_DIVERGE	yes	no		1	1
18	18.08	tyāgam	tyāga	nominal	tyāgaṃ	tyāga	nominal	MATCH	yes	yes		1	1
18	18.08	na	na	indecl	na	na	indecl	MATCH	yes	yes		1	1
18	18.08	eva	eva	indecl	eva	eva	indecl	MATCH	yes	yes		1	1
18	18.08	tyāga-phalam	tyāga-phala	nominal	tyāga|phalam	tyāga|phala	nominal|nominal	COMPOUND_SPLIT	n/a	n/a		1	2
18	18.08	labhet	√labh	verb	labhet	labh	verb	MATCH	yes	yes		1	1
18	18.09	kāryam	kārya	nominal	kāryam	kṛ	verb	LEMMA+POS_DIVERGE	no	no		1	1
18	18.09	iti	iti	indecl	iti	iti	indecl	MATCH	yes	yes		1	1
18	18.09	eva	eva	indecl	eva	eva	indecl	MATCH	yes	yes		1	1
18	18.09	yat	yat	nominal	yat	yad	nominal	LEMMA_CONVENTION	no	yes	pronoun-stem	1	1
18	18.09	karma	karman	nominal	karma	karman	nominal	MATCH	yes	yes		1	1
18	18.09	niyatam	niyata	nominal	niyataṃ	niyatam	indecl	LEMMA_CONVENTION+POS_DIVERGE	no	no	final-t/d+n	1	1
18	18.09	kriyate	√kṛ	verb	kriyate	kṛ	verb	MATCH	yes	yes		1	1
18	18.09	arjuna	arjuna	nominal	'rjuna	arjuna	nominal	MATCH	yes	yes		1	1
18	18.09	saṅgam	saṅga	nominal	saṅgaṃ	saṅga	nominal	MATCH	yes	yes		1	1
18	18.09	tyaktvā	√tyaj	unknown	tyaktvā	tyaj	verb	POS_DIVERGE	yes	no		1	1
18	18.09	phalam	phala	nominal	phalaṃ	phala	nominal	MATCH	yes	yes		1	1
18	18.09	ca	ca	indecl	ca	ca	indecl	MATCH	yes	yes		1	1
18	18.09	eva	eva	indecl	eva	eva	indecl	MATCH	yes	yes		1	1
18	18.09	saḥ	tat	nominal	sa	tad	nominal	LEMMA_CONVENTION	no	yes	pronoun-stem	1	1
18	18.09	tyāgaḥ	tyāga	nominal	tyāgaḥ	tyāga	nominal	MATCH	yes	yes		1	1
18	18.09	sāttvikaḥ	sāttvika	nominal	sāttviko	sāttvika	indecl	POS_DIVERGE	yes	no		1	1
18	18.09	mataḥ	mata	nominal	mataḥ	man	verb	LEMMA+POS_DIVERGE	no	no		1	1
18	18.10	na	na	indecl	na	na	indecl	MATCH	yes	yes		1	1
18	18.10	dveṣṭi	√dviṣ	verb	dveṣṭi	dviṣ	verb	MATCH	yes	yes		1	1
18	18.10	akuśalam	a-kuśala	nominal	akuśalam	akuśala	indecl	POS_DIVERGE	yes	no		1	1
18	18.10	karma	karman	nominal	karma	karman	nominal	MATCH	yes	yes		1	1
18	18.10	kuśale	kuśala	nominal	kuśale	kuśala	indecl	POS_DIVERGE	yes	no		1	1
18	18.10	na	na	indecl	na	na	indecl	MATCH	yes	yes		1	1
18	18.10	anuṣajjate	anu-√sañj	verb	anuṣajjate	anuṣañj	verb	LEMMA_DIVERGE	no	yes		1	1
18	18.10	tyāgī	tyāgin	nominal	tyāgī	tyāgin	indecl	POS_DIVERGE	yes	no		1	1
18	18.10	sattva-samāviṣṭaḥ	sattva-samāviṣṭa	nominal	sattva|samāviṣṭaḥ	sattva|samāviś	nominal|verb	COMPOUND_SPLIT	n/a	n/a		1	2
18	18.10	medhāvī	medhāvin	nominal	medhāvī	medhāvin	indecl	POS_DIVERGE	yes	no		1	1
18	18.10	chinna-saṁśayaḥ	chinna-saṁśaya	nominal	chinna|saṃśayaḥ	chid|saṃśaya	verb|nominal	COMPOUND_SPLIT	n/a	n/a		1	2
18	18.11	na	na	indecl	na	na	indecl	MATCH	yes	yes		1	1
18	18.11	hi	hi	indecl	hi	hi	indecl	MATCH	yes	yes		1	1
18	18.11	deha-bhṛtā	deha-bhṛt	nominal	dehabhṛtā	dehabhṛt	nominal	MATCH	yes	yes		1	1
18	18.11	śakyam	śakya	nominal	śakyaṃ	śakya	indecl	POS_DIVERGE	yes	no		1	1
18	18.11	tyaktum	√tyaj	unknown	tyaktuṃ	tyaj	verb	POS_DIVERGE	yes	no		1	1
18	18.11	karmāṇi	karman	nominal	karmāṇi	karman	nominal	MATCH	yes	yes		1	1
18	18.11	aśeṣataḥ	aśeṣataḥ	indecl	aśeṣatas	aśeṣatas	indecl	LEMMA_CONVENTION	no	yes	adverb--tas/-taḥ	1	1
18	18.11	yaḥ	yat	nominal	yaḥ	yad	nominal	LEMMA_CONVENTION	no	yes	pronoun-stem	1	1
18	18.11	tu	tu	indecl	tu	tu	indecl	MATCH	yes	yes		1	1
18	18.11	karma-phala-tyāgī	karma-phala-parityāgin	nominal	karma|phala|tyāgī	karman|phala|tyāgin	nominal|nominal|indecl	COMPOUND_SPLIT	n/a	n/a		1	3
18	18.11	saḥ	tat	nominal	sa	tad	nominal	LEMMA_CONVENTION	no	yes	pronoun-stem	1	1
18	18.11	tyāgī	tyāgin	nominal	tyāgī	tyāgin	indecl	POS_DIVERGE	yes	no		1	1
18	18.11	iti	iti	indecl	iti	iti	indecl	MATCH	yes	yes		1	1
18	18.11	abhidhīyate	abhi-√dhā	verb	abhidhīyate	abhidhā	verb	MATCH	yes	yes		1	1
18	18.12	aniṣṭam	an-iṣṭa	nominal	aniṣṭam	aniṣṭa	indecl	POS_DIVERGE	yes	no		1	1
18	18.12	iṣṭam	iṣṭa	nominal	iṣṭam	iṣ	verb	LEMMA+POS_DIVERGE	no	no		1	1
18	18.12	miśram	miśra	nominal	miśraṃ	miśra	indecl	POS_DIVERGE	yes	no		1	1
18	18.12	ca	ca	indecl	ca	ca	indecl	MATCH	yes	yes		1	1
18	18.12	tri-vidham	tri-vidha	nominal	trividhaṃ	trividha	indecl	POS_DIVERGE	yes	no		1	1
18	18.12	karmaṇaḥ	karman	nominal	karmaṇaḥ	karman	nominal	MATCH	yes	yes		1	1
18	18.12	phalam	phala	nominal	phalam	phala	nominal	MATCH	yes	yes		1	1
18	18.12	bhavati	√bhū	verb	bhavati	bhū	verb	MATCH	yes	yes		1	1
18	18.12	atyāginām	a-tyāgin	nominal	atyāginām	atyāgin	indecl	POS_DIVERGE	yes	no		1	1
18	18.12	pretya	pra-√i	unknown	pretya	pre	verb	LEMMA_CONVENTION+POS_DIVERGE	no	no	vowel-sandhi/contraction	1	1
18	18.12	na	na	indecl	na	na	indecl	MATCH	yes	yes		1	1
18	18.12	tu	tu	indecl	tu	tu	indecl	MATCH	yes	yes		1	1
18	18.12	saṁnyāsinām	saṁnyāsin	nominal	saṃnyāsināṃ	saṃnyāsin	indecl	POS_DIVERGE	yes	no		1	1
18	18.12	kva-cit	kva-cit	indecl	kvacit	kvacid	indecl	LEMMA_CONVENTION	no	yes	final-t/d+n	1	1
18	18.13	pañca	pañca	nominal	pañca	pañcan	indecl	LEMMA_CONVENTION+POS_DIVERGE	no	no	final-t/d+n	1	1
18	18.13	etāni	etat	nominal	etāni	etad	nominal	LEMMA_CONVENTION	no	yes	pronoun-stem	1	1
18	18.13	mahābāho	mahā-bāhu	nominal	mahā|bāho	mahat|bāhu	indecl|nominal	COMPOUND_SPLIT	n/a	n/a		1	2
18	18.13	kāraṇāni	kāraṇa	nominal	kāraṇāni	kāraṇa	nominal	MATCH	yes	yes		1	1
18	18.13	nibodha	ni-√budh	verb	nibodha	nibudh	verb	MATCH	yes	yes		1	1
18	18.13	me	asmat	nominal	me	mad	nominal	LEMMA_CONVENTION	no	yes	pronoun-stem	1	1
18	18.13	sāṁkhye	sāṁkhya	nominal	sāṃkhye	sāṃkhya	nominal	MATCH	yes	yes		1	1
18	18.13	kṛtānte	kṛta-anta	nominal	kṛtānte	kṛtānta	nominal	LEMMA_CONVENTION	no	yes	vowel-sandhi/contraction	1	1
18	18.13	proktāni	prokta	nominal	proktāni	pravac	verb	LEMMA+POS_DIVERGE	no	no		1	1
18	18.13	siddhaye	siddhi	nominal	siddhaye	siddhi	nominal	MATCH	yes	yes		1	1
18	18.13	sarva-karmaṇām	sarva-karman	nominal	sarva|karmaṇām	sarva|karman	nominal|nominal	COMPOUND_SPLIT	n/a	n/a		1	2
18	18.14	adhiṣṭhānam	adhiṣṭhāna	nominal	adhiṣṭhānaṃ	adhiṣṭhāna	nominal	MATCH	yes	yes		1	1
18	18.14	tathā	tathā	indecl	tathā	tathā	indecl	MATCH	yes	yes		1	1
18	18.14	kartā	kartṛ	nominal	kartā	kartṛ	nominal	MATCH	yes	yes		1	1
18	18.14	karaṇam	karaṇa	nominal	karaṇaṃ	karaṇa	nominal	MATCH	yes	yes		1	1
18	18.14	ca	ca	indecl	ca	ca	indecl	MATCH	yes	yes		1	1
18	18.14	pṛthag-vidham	pṛthag-vidha	nominal	pṛthagvidham	pṛthagvidha	indecl	POS_DIVERGE	yes	no		1	1
18	18.14	vividhāḥ	vi-vidha	nominal	vividhāḥ	vividha	indecl	POS_DIVERGE	yes	no		1	1
18	18.14	ca	ca	indecl	ca	ca	indecl	MATCH	yes	yes		1	1
18	18.14	pṛthak	pṛthak	indecl	pṛthak	pṛthak	indecl	MATCH	yes	yes		1	1
18	18.14	ceṣṭāḥ	ceṣṭā	nominal	ceṣṭāḥ	ceṣṭā	nominal	MATCH	yes	yes		1	1
18	18.14	daivam	daiva	nominal	daivaṃ	daiva	nominal	MATCH	yes	yes		1	1
18	18.14	ca	ca	indecl	ca	ca	indecl	MATCH	yes	yes		1	1
18	18.14	eva	eva	indecl	eva	eva	indecl	MATCH	yes	yes		1	1
18	18.14	atra	atra	indecl	atra	atra	indecl	MATCH	yes	yes		1	1
18	18.14	pañcamam	pañcama	nominal	pañcamam	pañcama	indecl	POS_DIVERGE	yes	no		1	1
18	18.15	śarīra-vāṅ-manobhiḥ	śarīra-vāk-manas	nominal	śarīra	śarīra	nominal	LEMMA_DIVERGE	no	yes		1	1
18	18.15	yat	yat	nominal	vāc	vāc	nominal	LEMMA_DIVERGE	no	yes		1	1
18	18.15	karma	karman	nominal	manobhiḥ	manas	nominal	LEMMA_DIVERGE	no	yes		1	1
18	18.15	prārabhate	pra-ā-√rabh	verb	yat	yad	nominal	LEMMA+POS_DIVERGE	no	no		1	1
18	18.15	naraḥ	nara	nominal	karma	karman	nominal	LEMMA_DIVERGE	no	yes		1	1
18	18.15	nyāyyam	nyāyya	nominal	prārabhate	prārabh	verb	LEMMA+POS_DIVERGE	no	no		1	1
18	18.15	vā	vā	indecl	naraḥ	nara	nominal	LEMMA+POS_DIVERGE	no	no		1	1
18	18.15	viparītam	viparīta	nominal	nyāyyaṃ	nyāyya	indecl	LEMMA+POS_DIVERGE	no	no		1	1
18	18.15	vā	vā	indecl	vā	vā	indecl	MATCH	yes	yes		1	1
18	18.15	pañca	pañca	nominal	viparītaṃ	viparīta	indecl	LEMMA+POS_DIVERGE	no	no		1	1
18	18.15	ete	etat	nominal	vā	vā	indecl	LEMMA+POS_DIVERGE	no	no		1	1
18	18.15	tasya	tat	nominal	pañcā	pañcan	indecl	LEMMA+POS_DIVERGE	no	no		1	1
18	18.15	hetavaḥ	hetu	nominal	ete	etad	nominal	LEMMA_DIVERGE	no	yes		1	1
18	18.16	tatra	tatra	indecl	tasya	tad	nominal	LEMMA+POS_DIVERGE	no	no		1	1
18	18.16	evam	evam	indecl	hetavaḥ	hetu	nominal	LEMMA+POS_DIVERGE	no	no		1	1
18	18.16	sati	sant	nominal	tatra	tatra	indecl	LEMMA+POS_DIVERGE	no	no		1	1
18	18.16	kartāram	kartṛ	nominal	evam	evam	indecl	LEMMA+POS_DIVERGE	no	no		1	1
18	18.16	ātmānam	ātman	nominal	sati	as	verb	LEMMA+POS_DIVERGE	no	no		1	1
18	18.16	kevalam	kevalam	indecl	kartāram	kartṛ	nominal	LEMMA+POS_DIVERGE	no	no		1	1
18	18.16	tu	tu	indecl	ātmānam	ātman	nominal	LEMMA+POS_DIVERGE	no	no		1	1
18	18.16	yaḥ	yat	nominal	kevalaṃ	kevalam	indecl	LEMMA+POS_DIVERGE	no	no		1	1
18	18.16	paśyati	√dṛś	verb	tu	tu	indecl	LEMMA+POS_DIVERGE	no	no		1	1
18	18.16	akṛta-buddhitvāt	akṛta-buddhitva	nominal	yaḥ	yad	nominal	LEMMA_DIVERGE	no	yes		1	1
18	18.16	na	na	indecl				DCS_ONLY				1	0
18	18.16	saḥ|paśyati	tat|√dṛś	nominal|verb	paśyati	dṛś	verb	MERGE	n/a	n/a		2	1
18	18.16	durmatiḥ	dur-mati	nominal	akṛtabuddhi	akṛtabuddhi	indecl	LEMMA+POS_DIVERGE	no	no		1	1
18	18.17	yasya	yat	nominal	tvāt	tva	nominal	LEMMA_DIVERGE	no	yes		1	1
18	18.17	na	na	indecl	na	na	indecl	MATCH	yes	yes		1	1
18	18.17	ahaṁ-kṛtaḥ	ahaṁ-kṛta	nominal	sa	tad	nominal	LEMMA_DIVERGE	no	yes		1	1
18	18.17	bhāvaḥ	bhāva	nominal	paśyati	dṛś	verb	LEMMA+POS_DIVERGE	no	no		1	1
18	18.17	buddhiḥ	buddhi	nominal	durmatiḥ	durmati	indecl	LEMMA+POS_DIVERGE	no	no		1	1
18	18.17	yasya	yat	nominal	yasya	yad	nominal	LEMMA_CONVENTION	no	yes	pronoun-stem	1	1
18	18.17	na	na	indecl	na	na	indecl	MATCH	yes	yes		1	1
18	18.17	lipyate	√lip	verb	ahaṃkṛtaḥ	ahaṃkṛta	indecl	LEMMA+POS_DIVERGE	no	no		1	1
18	18.17	hatvā	√han	unknown	bhāvo	bhāva	nominal	LEMMA+POS_DIVERGE	no	no		1	1
18	18.17	api	api	indecl	buddhiḥ	buddhi	nominal	LEMMA+POS_DIVERGE	no	no		1	1
18	18.17	saḥ	tat	nominal	yasya	yad	nominal	LEMMA_DIVERGE	no	yes		1	1
18	18.17	imān	idam	nominal	na	na	indecl	LEMMA+POS_DIVERGE	no	no		1	1
18	18.17	lokān	loka	nominal	lipyate	lip	verb	LEMMA+POS_DIVERGE	no	no		1	1
18	18.17	na	na	indecl	hatvā	han	verb	LEMMA+POS_DIVERGE	no	no		1	1
18	18.17	hanti	√han	verb	api	api	indecl	LEMMA+POS_DIVERGE	no	no		1	1
18	18.17	na	na	indecl	sa	tad	nominal	LEMMA+POS_DIVERGE	no	no		1	1
18	18.17	nibadhyate	ni-√bandh	verb	imān	idam	nominal	LEMMA+POS_DIVERGE	no	no		1	1
18	18.18	jñānam	jñāna	nominal	lokān	loka	nominal	LEMMA_DIVERGE	no	yes		1	1
18	18.18	jñeyam	jñeya	nominal	na	na	indecl	LEMMA+POS_DIVERGE	no	no		1	1
18	18.18	parijñātā	parijñātṛ	nominal	hanti	han	verb	LEMMA+POS_DIVERGE	no	no		1	1
18	18.18	tri-vidhā	tri-vidha	nominal	na	na	indecl	LEMMA+POS_DIVERGE	no	no		1	1
18	18.18	karma-codanā	karma-codanā	nominal	nibadhyate	nibandh	verb	LEMMA+POS_DIVERGE	no	no		1	1
18	18.18	karaṇam	karaṇa	nominal	jñānaṃ	jñāna	nominal	LEMMA_DIVERGE	no	yes		1	1
18	18.18	karma	karman	nominal	jñeyaṃ	jñā	verb	LEMMA+POS_DIVERGE	no	no		1	1
18	18.18	kartā	kartṛ	nominal	parijñātā	parijñātṛ	indecl	LEMMA+POS_DIVERGE	no	no		1	1
18	18.18	iti	iti	indecl				DCS_ONLY				1	0
18	18.18	tri-vidhaḥ	tri-vidha	nominal	trividhā	trividha	indecl	POS_DIVERGE	yes	no		1	1
18	18.18	karma-saṁgrahaḥ	karma-saṁgraha	nominal	karma	karman	nominal	LEMMA_DIVERGE	no	yes		1	1
18	18.19	jñānam	jñāna	nominal	codanā	codana	nominal	LEMMA_DIVERGE	no	yes		1	1
18					karaṇaṃ	karaṇa	nominal	GOLD_ONLY				0	1
18	18.19	karma	karman	nominal	karma	karman	nominal	MATCH	yes	yes		1	1
18	18.19	ca	ca	indecl				DCS_ONLY				1	0
18	18.19	kartā	kartṛ	nominal	kartā	kartṛ	nominal	MATCH	yes	yes		1	1
18	18.19	ca	ca	indecl	iti	iti	indecl	LEMMA_DIVERGE	no	yes		1	1
18	18.19	tri-dhā	tri-dhā	indecl	trividhaḥ	trividha	indecl	LEMMA_DIVERGE	no	yes		1	1
18	18.19	eva	eva	indecl	karma	karman	nominal	LEMMA+POS_DIVERGE	no	no		1	1
18	18.19	guṇa-bhedataḥ	guṇa-bhedataḥ	indecl	saṃgrahaḥ	saṃgraha	nominal	LEMMA+POS_DIVERGE	no	no		1	1
18	18.19	procyate	pra-√vac	nominal	jñānaṃ	jñāna	nominal	LEMMA_DIVERGE	no	yes		1	1
18	18.19	guṇa-saṁkhyāne	guṇa-saṁkhyāna	nominal	karma	karman	nominal	LEMMA_DIVERGE	no	yes		1	1
18	18.19	yathā-vat	yathā-vat	indecl	ca	ca	indecl	LEMMA_DIVERGE	no	yes		1	1
18	18.19	śṛṇu	√śru	verb	kartā	kartṛ	nominal	LEMMA+POS_DIVERGE	no	no		1	1
18	18.19	tāni	tat	nominal	ca	ca	indecl	LEMMA+POS_DIVERGE	no	no		1	1
18	18.19	api	api	indecl	tridhā	tridhā	indecl	LEMMA_DIVERGE	no	yes		1	1
18	18.20	sarva-bhūteṣu	sarva-bhūta	nominal	eva	eva	indecl	LEMMA+POS_DIVERGE	no	no		1	1
18	18.20	yena	yat	nominal	guṇa	guṇa	nominal	LEMMA_DIVERGE	no	yes		1	1
18	18.20	ekam	eka	nominal	bhedataḥ	bheda	nominal	LEMMA_DIVERGE	no	yes		1	1
18	18.20	bhāvam	bhāva	nominal	procyate	pravac	verb	LEMMA+POS_DIVERGE	no	no		1	1
18	18.20	avyayam	a-vyaya	nominal	guṇa	guṇa	nominal	LEMMA_DIVERGE	no	yes		1	1
18	18.20	īkṣate	√īkṣ	verb	saṃkhyāne	saṃkhyāna	nominal	LEMMA+POS_DIVERGE	no	no		1	1
18	18.20	avibhaktam	a-vi-bhakta	nominal	yathāvat	yathāvat	indecl	LEMMA+POS_DIVERGE	no	no		1	1
18	18.20	vibhakteṣu	vi-bhakta	nominal	śṛṇu	śru	verb	LEMMA+POS_DIVERGE	no	no		1	1
18	18.20	tat	tat	nominal	tāni	tad	nominal	LEMMA_CONVENTION	no	yes	pronoun-stem	1	1
18	18.20	jñānam	jñāna	nominal	api	api	indecl	LEMMA+POS_DIVERGE	no	no		1	1
18	18.20	viddhi	√vid	verb	sarva	sarva	nominal	LEMMA+POS_DIVERGE	no	no		1	1
18	18.20	sāttvikam	sāttvika	nominal	bhūteṣu	bhūta	nominal	LEMMA_DIVERGE	no	yes		1	1
18	18.21	pṛthaktvena	pṛthaktva	nominal	yena	yad	nominal	LEMMA_DIVERGE	no	yes		1	1
18	18.21	tu	tu	indecl	ekam	eka	indecl	LEMMA_DIVERGE	no	yes		1	1
18	18.21	yat	yat	nominal	bhāvam	bhāva	nominal	LEMMA_DIVERGE	no	yes		1	1
18	18.21	jñānam	jñāna	nominal	avyayam	avyaya	indecl	LEMMA+POS_DIVERGE	no	no		1	1
18	18.21	nānā-bhāvān	nānā-bhāva	nominal	īkṣate	īkṣ	verb	LEMMA+POS_DIVERGE	no	no		1	1
18	18.21	pṛthag-vidhān	pṛthag-vidha	nominal	avibhaktaṃ	avibhakta	indecl	LEMMA+POS_DIVERGE	no	no		1	1
18	18.21	vetti	√vid	verb	vibhakteṣu	vibhaj	verb	LEMMA_DIVERGE	no	yes		1	1
18	18.21	sarveṣu	sarva	nominal	tat	tad	nominal	LEMMA_DIVERGE	no	yes		1	1
18	18.21	bhūteṣu	bhūta	nominal	jñānam	jñāna	nominal	LEMMA_DIVERGE	no	yes		1	1
18	18.21	tat	tat	nominal	viddhi	vid	verb	LEMMA+POS_DIVERGE	no	no		1	1
18	18.21	jñānam	jñāna	nominal	sāttvikam	sāttvika	indecl	LEMMA+POS_DIVERGE	no	no		1	1
18	18.21	viddhi	√vid	verb	pṛthaktvena	pṛthaktva	nominal	LEMMA+POS_DIVERGE	no	no		1	1
18	18.21	rājasam	rājasa	nominal	tu	tu	indecl	LEMMA+POS_DIVERGE	no	no		1	1
18	18.22	yat	yat	nominal	yat	yad	nominal	LEMMA_CONVENTION	no	yes	pronoun-stem	1	1
18	18.22	tu	tu	indecl	jñānam	jñāna	nominal	LEMMA+POS_DIVERGE	no	no		1	1
18	18.22	kṛtsnavat	kṛtsnavat	indecl	nānā	nānā	indecl	LEMMA_DIVERGE	no	yes		1	1
18	18.22	ekasmin	eka	nominal	bhāvān	bhāva	nominal	LEMMA_DIVERGE	no	yes		1	1
18	18.22	kārye	kārye	nominal	pṛthagvidhān	pṛthagvidha	indecl	LEMMA+POS_DIVERGE	no	no		1	1
18	18.22	saktam	sakta	nominal	vetti	vid	verb	LEMMA+POS_DIVERGE	no	no		1	1
18	18.22	ahaitukam	a-haituka	nominal	sarveṣu	sarva	nominal	LEMMA_DIVERGE	no	yes		1	1
18	18.22	a-tattva-artha-vat	a-tattva-artha-vat	indecl	bhūteṣu	bhūta	nominal	LEMMA+POS_DIVERGE	no	no		1	1
18	18.22	alpam	alpa	nominal	tat	tad	nominal	LEMMA_DIVERGE	no	yes		1	1
18	18.22	ca	ca	indecl	jñānam	jñāna	nominal	LEMMA+POS_DIVERGE	no	no		1	1
18	18.22	tat	tat	nominal	viddhi	vid	verb	LEMMA+POS_DIVERGE	no	no		1	1
18	18.22	tāmasam	tāmasa	nominal	rājasam	rājasa	indecl	LEMMA+POS_DIVERGE	no	no		1	1
18	18.22	udāhṛtam	ud-ā-hṛta	nominal	yat	yad	nominal	LEMMA_DIVERGE	no	yes		1	1
18	18.23	niyatam	niyata	nominal	tu	tu	indecl	LEMMA+POS_DIVERGE	no	no		1	1
18	18.23	saṅga-rahitam	saṅga-rahita	nominal	kṛtsna	kṛtsna	indecl	LEMMA+POS_DIVERGE	no	no		1	1
18	18.23	a-rāga-dveṣataḥ	a-rāga-dveṣataḥ	indecl	vat	vat	indecl	LEMMA_DIVERGE	no	yes		1	1
18	18.23	kṛtam	kṛta	nominal	ekasmin	eka	indecl	LEMMA+POS_DIVERGE	no	no		1	1
18	18.23	a-phala-prepsunā	a-phala-prepsu	nominal	kārye	kārya	nominal	LEMMA_DIVERGE	no	yes		1	1
18	18.23	karma	karman	nominal	saktam	sañj	verb	LEMMA+POS_DIVERGE	no	no		1	1
18	18.23	yat	yat	nominal	ahaitukam	ahaituka	indecl	LEMMA+POS_DIVERGE	no	no		1	1
18	18.23	tat	tat	nominal	a	a	indecl	LEMMA+POS_DIVERGE	no	no		1	1
18	18.23	sāttvikam	sāttvika	nominal	tattva	tattva	nominal	LEMMA_DIVERGE	no	yes		1	1
18	18.23	ucyate	√vac	verb	arthavat	arthavat	indecl	LEMMA+POS_DIVERGE	no	no		1	1
18	18.24	yat	yat	nominal	alpam	alpa	indecl	LEMMA+POS_DIVERGE	no	no		1	1
18	18.24	tu	tu	indecl	ca	ca	indecl	LEMMA_DIVERGE	no	yes		1	1
18	18.24	kāmepsunā	kāma-īpsu	nominal	tat	tad	nominal	LEMMA_DIVERGE	no	yes		1	1
18	18.24	karma	karman	nominal	tāmasam	tāmasa	indecl	LEMMA+POS_DIVERGE	no	no		1	1
18	18.24	sāhaṁ-kāreṇa	sa-ahaṁ-kāra	nominal	udāhṛtam	udāhṛ	verb	LEMMA+POS_DIVERGE	no	no		1	1
18	18.24	vā	vā	indecl	niyataṃ	niyam	verb	LEMMA+POS_DIVERGE	no	no		1	1
18	18.24	punaḥ	punaḥ	indecl	saṅga	saṅga	nominal	LEMMA+POS_DIVERGE	no	no		1	1
18	18.24	kriyate	√kṛ	verb	rahitam	rahita	indecl	LEMMA+POS_DIVERGE	no	no		1	1
18	18.24	bahulāyāsam	bahula-āyāsa	nominal	a	a	indecl	LEMMA+POS_DIVERGE	no	no		1	1
18	18.24	tat	tat	nominal	rāga	rāga	nominal	LEMMA_DIVERGE	no	yes		1	1
18	18.24	rājasam	rājasa	nominal	dveṣataḥ	dveṣa	nominal	LEMMA_DIVERGE	no	yes		1	1
18	18.24	udāhṛtam	ud-ā-hṛta	nominal	kṛtam	kṛ	verb	LEMMA+POS_DIVERGE	no	no		1	1
18	18.25	anubandham	anu-bandha	nominal	a	a	indecl	LEMMA+POS_DIVERGE	no	no		1	1
18	18.25	kṣayam	kṣaya	nominal	phala	phala	nominal	LEMMA_DIVERGE	no	yes		1	1
18	18.25	hiṁsām	hiṁsā	nominal	prepsunā	prepsu	indecl	LEMMA+POS_DIVERGE	no	no		1	1
18	18.25	anapekṣya	apa-√īkṣ	unknown	karma	karman	nominal	LEMMA+POS_DIVERGE	no	no		1	1
18	18.25	ca	ca	indecl	yat	yad	nominal	LEMMA+POS_DIVERGE	no	no		1	1
18	18.25	pauruṣam	pauruṣa	nominal	tat	tad	nominal	LEMMA_DIVERGE	no	yes		1	1
18	18.25	mohāt	moha	nominal	sāttvikam	sāttvika	indecl	LEMMA+POS_DIVERGE	no	no		1	1
18	18.25	ārabhyate	ā-√rabh	verb	ucyate	vac	verb	LEMMA_DIVERGE	no	yes		1	1
18	18.25	karma	karman	nominal				DCS_ONLY				1	0
18	18.25	yat	yat	nominal	yat	yad	nominal	LEMMA_CONVENTION	no	yes	pronoun-stem	1	1
18	18.25	tat	tat	nominal	tu	tu	indecl	LEMMA+POS_DIVERGE	no	no		1	1
18	18.25	tāmasam	tāmasa	nominal	kāma	kāma	nominal	LEMMA_DIVERGE	no	yes		1	1
18	18.25	ucyate	√vac	verb	īpsunā	īpsu	indecl	LEMMA+POS_DIVERGE	no	no		1	1
18	18.26	mukta-saṅgaḥ	mukta-saṅga	nominal	karma	karman	nominal	LEMMA_DIVERGE	no	yes		1	1
18	18.26	anahaṁ-vādī	an-ahaṁ-vādin	nominal	sa	sa	indecl	LEMMA+POS_DIVERGE	no	no		1	1
18	18.26	dhṛty-utsāha-samanvitaḥ	dhṛty-utsāha-samanvita	nominal	ahaṃkāreṇa	ahaṃkāra	nominal	LEMMA_DIVERGE	no	yes		1	1
18	18.26	siddhy-asiddhyoḥ	siddhy-asiddhi	nominal	vā	vā	indecl	LEMMA+POS_DIVERGE	no	no		1	1
18	18.26	nirvikāraḥ	nir-vikāra	nominal	punaḥ	punar	indecl	LEMMA+POS_DIVERGE	no	no		1	1
18	18.26	kartā	kartṛ	nominal	kriyate	kṛ	verb	LEMMA+POS_DIVERGE	no	no		1	1
18	18.26	sāttvikaḥ	sāttvika	nominal	bahula	bahula	indecl	LEMMA+POS_DIVERGE	no	no		1	1
18	18.26	ucyate	√vac	verb	āyāsam	āyāsa	nominal	LEMMA+POS_DIVERGE	no	no		1	1
18	18.27	rāgī	rāgin	nominal	tat	tad	nominal	LEMMA_DIVERGE	no	yes		1	1
18	18.27	karma-phala-prepsuḥ	karma-phala-prepsu	nominal	rājasam	rājasa	indecl	LEMMA+POS_DIVERGE	no	no		1	1
18	18.27	lubdhaḥ	lubdha	nominal	udāhṛtam	udāhṛ	verb	LEMMA+POS_DIVERGE	no	no		1	1
18	18.27	hiṁsātmakaḥ	hiṁsā-ātmaka	nominal	anubandhaṃ	anubandha	nominal	LEMMA_DIVERGE	no	yes		1	1
18	18.27	aśuciḥ	aśuci	nominal	kṣayaṃ	kṣaya	nominal	LEMMA_DIVERGE	no	yes		1	1
18	18.27	harṣa-śokānvitaḥ	harṣa-śoka-anvita	nominal	hiṃsām	hiṃsā	nominal	LEMMA_DIVERGE	no	yes		1	1
18	18.27	kartā	kartṛ	nominal	an	an	indecl	LEMMA+POS_DIVERGE	no	no		1	1
18	18.27	rājasaḥ	rājasa	nominal	apekṣya	apekṣ	verb	LEMMA+POS_DIVERGE	no	no		1	1
18	18.27	parikīrtitaḥ	pari-kīrtita	nominal	ca	ca	indecl	LEMMA+POS_DIVERGE	no	no		1	1
18	18.28	ayuktaḥ	a-yukta	nominal	pauruṣam	pauruṣa	nominal	LEMMA_DIVERGE	no	yes		1	1
18	18.28	prākṛtaḥ	prākṛta	nominal	mohāt	moha	nominal	LEMMA_DIVERGE	no	yes		1	1
18	18.28	stabdhaḥ	stabdha	nominal	ārabhyate	ārabh	verb	LEMMA+POS_DIVERGE	no	no		1	1
18	18.28	śaṭhaḥ	śaṭha	nominal	karma	karman	nominal	LEMMA_DIVERGE	no	yes		1	1
18	18.28	naikṛtikaḥ	naikṛtika	nominal	yat	yad	nominal	LEMMA_DIVERGE	no	yes		1	1
18	18.28	alasaḥ	alasa	nominal	tat	tad	nominal	LEMMA_DIVERGE	no	yes		1	1
18	18.28	viṣādī	viṣādin	nominal	tāmasam	tāmasa	indecl	LEMMA+POS_DIVERGE	no	no		1	1
18	18.28	dīrgha-sūtrī	dīrgha-sūtrin	nominal	ucyate	vac	verb	LEMMA+POS_DIVERGE	no	no		1	1
18	18.28	ca	ca	indecl	mukta	muc	verb	LEMMA+POS_DIVERGE	no	no		1	1
18	18.28	kartā	kartṛ	nominal	saṅgaḥ	saṅga	nominal	LEMMA_DIVERGE	no	yes		1	1
18	18.28	tāmasaḥ	tāmasa	nominal	an	an	indecl	LEMMA+POS_DIVERGE	no	no		1	1
18	18.28	ucyate	√vac	verb	ahaṃvādī	ahaṃvādin	indecl	LEMMA+POS_DIVERGE	no	no		1	1
18	18.29	buddheḥ	buddhi	nominal	dhṛti	dhṛti	nominal	LEMMA_DIVERGE	no	yes		1	1
18	18.29	bhedam	bheda	nominal	utsāha	utsāha	nominal	LEMMA_DIVERGE	no	yes		1	1
18	18.29	dhṛteḥ	dhṛti	nominal	samanvitaḥ	samanvita	indecl	LEMMA+POS_DIVERGE	no	no		1	1
18	18.29	ca	ca	indecl	siddhi	siddhi	nominal	LEMMA+POS_DIVERGE	no	no		1	1
18	18.29	eva	eva	indecl	asiddhyoḥ	asiddhi	nominal	LEMMA+POS_DIVERGE	no	no		1	1
18	18.29	guṇataḥ	guṇataḥ	indecl	nirvikāraḥ	nirvikāra	indecl	LEMMA_DIVERGE	no	yes		1	1
18	18.29	tri-vidham	tri-vidha	nominal	kartā	kartṛ	nominal	LEMMA_DIVERGE	no	yes		1	1
18	18.29	śṛṇu	√śru	verb	sāttvika	sāttvika	indecl	LEMMA+POS_DIVERGE	no	no		1	1
18	18.29	procyamānam	procyamāna	nominal	ucyate	vac	verb	LEMMA+POS_DIVERGE	no	no		1	1
18	18.29	aśeṣeṇa	aśeṣeṇa	indecl	rāgī	rāgin	indecl	LEMMA_DIVERGE	no	yes		1	1
18	18.29	pṛthaktvena	pṛthaktvena	indecl	karma	karman	nominal	LEMMA+POS_DIVERGE	no	no		1	1
18	18.29	dhanaṁjaya	dhanaṁ-jaya	nominal	phala	phala	nominal	LEMMA_DIVERGE	no	yes		1	1
18	18.30	pravṛttim	pravṛtti	nominal	prepsuḥ	prepsu	indecl	LEMMA+POS_DIVERGE	no	no		1	1
18	18.30	ca	ca	indecl	lubdhaḥ	lubh	verb	LEMMA+POS_DIVERGE	no	no		1	1
18	18.30	nivṛttim	nivṛtti	nominal	hiṃsā	hiṃsā	nominal	LEMMA_DIVERGE	no	yes		1	1
18	18.30	ca	ca	indecl	ātmakaḥ	ātmaka	indecl	LEMMA_DIVERGE	no	yes		1	1
18	18.30	kāryākārye	kārya-akārya	nominal	'śuciḥ	aśuci	indecl	LEMMA+POS_DIVERGE	no	no		1	1
18	18.30	bhayābhaye	bhaya-abhaya	nominal	harṣa	harṣa	nominal	LEMMA_DIVERGE	no	yes		1	1
18	18.30	bandham	bandha	nominal	śoka	śoka	nominal	LEMMA_DIVERGE	no	yes		1	1
18	18.30	mokṣam	mokṣa	nominal	anvitaḥ	anvita	indecl	LEMMA+POS_DIVERGE	no	no		1	1
18	18.30	ca	ca	indecl	kartā	kartṛ	nominal	LEMMA+POS_DIVERGE	no	no		1	1
18	18.30	yā	yat	nominal	rājasaḥ	rājasa	indecl	LEMMA+POS_DIVERGE	no	no		1	1
18	18.30	vetti	√vid	verb	parikīrtitaḥ	parikīrtay	verb	LEMMA_DIVERGE	no	yes		1	1
18	18.30	buddhiḥ	buddhi	nominal	ayuktaḥ	ayukta	indecl	LEMMA+POS_DIVERGE	no	no		1	1
18	18.30	sā	tat	nominal	prākṛtaḥ	prākṛta	indecl	LEMMA+POS_DIVERGE	no	no		1	1
18	18.30	pārtha	pārtha	nominal	stabdhaḥ	stambh	verb	LEMMA+POS_DIVERGE	no	no		1	1
18	18.30	sāttvikī	sāttvikī	nominal	śaṭho	śaṭha	indecl	LEMMA+POS_DIVERGE	no	no		1	1
18	18.31	yayā	yat	nominal	naikṛtiko	naikṛtika	indecl	LEMMA+POS_DIVERGE	no	no		1	1
18	18.31	dharmam	dharma	nominal	'lasaḥ	alasa	indecl	LEMMA+POS_DIVERGE	no	no		1	1
18	18.31	adharmam	adharma	nominal	viṣādī	viṣādin	indecl	LEMMA+POS_DIVERGE	no	no		1	1
18					dīrghasūtrī	dīrghasūtrin	indecl	GOLD_ONLY				0	1
18	18.31	ca	ca	indecl	ca	ca	indecl	MATCH	yes	yes		1	1
18	18.31	kāryam	kārya	nominal	kartā	kartṛ	nominal	LEMMA_DIVERGE	no	yes		1	1
18	18.31	ca	ca	indecl	tāmasa	tāmasa	indecl	LEMMA_DIVERGE	no	yes		1	1
18	18.31	akāryam	akārya	nominal	ucyate	vac	verb	LEMMA+POS_DIVERGE	no	no		1	1
18	18.31	eva	eva	indecl	buddheḥ	buddhi	nominal	LEMMA+POS_DIVERGE	no	no		1	1
18	18.31	ca	ca	indecl	bhedam	bheda	nominal	LEMMA+POS_DIVERGE	no	no		1	1
18	18.31	ayathāvat	ayathāvat	indecl	dhṛteḥ	dhṛti	nominal	LEMMA+POS_DIVERGE	no	no		1	1
18	18.31	prajānāti	pra-√jñā	verb	ca	ca	indecl	LEMMA+POS_DIVERGE	no	no		1	1
18	18.31	buddhiḥ	buddhi	nominal	eva	eva	indecl	LEMMA+POS_DIVERGE	no	no		1	1
18	18.31	sā	tat	nominal	guṇataḥ	guṇa	nominal	LEMMA_DIVERGE	no	yes		1	1
18	18.31	pārtha	pārtha	nominal	trividham	trividha	indecl	LEMMA+POS_DIVERGE	no	no		1	1
18	18.31	rājasī	rājasī	nominal	śṛṇu	śru	verb	LEMMA+POS_DIVERGE	no	no		1	1
18	18.32	adharmam	adharma	nominal	procyamānam	pravac	verb	LEMMA+POS_DIVERGE	no	no		1	1
18	18.32	dharmam	dharma	nominal	aśeṣeṇa	aśeṣeṇa	indecl	LEMMA+POS_DIVERGE	no	no		1	1
18	18.32	iti	iti	indecl	pṛthaktvena	pṛthaktva	nominal	LEMMA+POS_DIVERGE	no	no		1	1
18	18.32	yā	yat	nominal	dhanaṃjaya	dhanaṃjaya	nominal	LEMMA_DIVERGE	no	yes		1	1
18	18.32	manyate	√man	verb	pravṛttiṃ	pravṛtti	nominal	LEMMA+POS_DIVERGE	no	no		1	1
18	18.32	tamasā	tamas	nominal	ca	ca	indecl	LEMMA+POS_DIVERGE	no	no		1	1
18	18.32	āvṛtā	āvṛtā	nominal	nivṛttiṃ	nivṛtti	nominal	LEMMA_DIVERGE	no	yes		1	1
18	18.32	sarvārthān	sarva-artha	nominal	ca	ca	indecl	LEMMA+POS_DIVERGE	no	no		1	1
18	18.32	viparītān	viparīta	nominal	kārya	kārya	nominal	LEMMA_DIVERGE	no	yes		1	1
18	18.32	ca	ca	indecl	akārye	akārya	nominal	LEMMA+POS_DIVERGE	no	no		1	1
18	18.32	buddhiḥ	buddhi	nominal	bhaya	bhaya	nominal	LEMMA_DIVERGE	no	yes		1	1
18	18.32	sā	tat	nominal	abhaye	abhaya	nominal	LEMMA_DIVERGE	no	yes		1	1
18	18.32	pārtha	pārtha	nominal	bandhaṃ	bandha	nominal	LEMMA_DIVERGE	no	yes		1	1
18	18.32	tāmasī	tāmasī	nominal	mokṣaṃ	mokṣa	nominal	LEMMA_DIVERGE	no	yes		1	1
18	18.33	dhṛtyā	dhṛti	nominal	ca	ca	indecl	LEMMA+POS_DIVERGE	no	no		1	1
18	18.33	yayā	yat	nominal	yā	yad	nominal	LEMMA_CONVENTION	no	yes	pronoun-stem	1	1
18	18.33	dhārayate	√dhṛ	verb	vetti	vid	verb	LEMMA_DIVERGE	no	yes		1	1
18	18.33	manaḥ-prāṇendriya-kriyāḥ	manaḥ-prāṇa-indriya-kriyā	nominal	buddhiḥ	buddhi	nominal	LEMMA_DIVERGE	no	yes		1	1
18	18.33	yogena	yoga	nominal	sā	tad	nominal	LEMMA_DIVERGE	no	yes		1	1
18	18.33	avyabhicāriṇyā	a-vyabhicāriṇī	nominal	pārtha	pārtha	nominal	LEMMA_DIVERGE	no	yes		1	1
18	18.33	dhṛtiḥ	dhṛti	nominal	sāttvikī	sāttvika	indecl	LEMMA+POS_DIVERGE	no	no		1	1
18	18.33	sā	tat	nominal	yayā	yad	nominal	LEMMA_DIVERGE	no	yes		1	1
18	18.33	pārtha	pārtha	nominal	dharmam	dharma	nominal	LEMMA_DIVERGE	no	yes		1	1
18	18.33	sāttvikī	sāttvikī	nominal	adharmam	adharma	nominal	LEMMA_DIVERGE	no	yes		1	1
18	18.34	yayā	yat	nominal	ca	ca	indecl	LEMMA+POS_DIVERGE	no	no		1	1
18	18.34	tu	tu	indecl	kāryaṃ	kārya	nominal	LEMMA+POS_DIVERGE	no	no		1	1
18	18.34	dharma-kāmārthān	dharma-kāma-artha	nominal	ca	ca	indecl	LEMMA+POS_DIVERGE	no	no		1	1
18	18.34	dhṛtyā	dhṛti	nominal	akāryam	akārya	nominal	LEMMA_DIVERGE	no	yes		1	1
18	18.34	dhārayate	√dhṛ	verb	eva	eva	indecl	LEMMA+POS_DIVERGE	no	no		1	1
18	18.34	arjuna	arjuna	nominal	ca	ca	indecl	LEMMA+POS_DIVERGE	no	no		1	1
18	18.34	prasaṅgena	pra-saṅga	nominal	ayathāvat	ayathāvat	indecl	LEMMA+POS_DIVERGE	no	no		1	1
18	18.34	phalākāṅkṣī	phala-ākāṅkṣin	nominal	prajānāti	prajñā	verb	LEMMA+POS_DIVERGE	no	no		1	1
18	18.34	dhṛtiḥ	dhṛti	nominal	buddhiḥ	buddhi	nominal	LEMMA_DIVERGE	no	yes		1	1
18	18.34	sā	tat	nominal	sā	tad	nominal	LEMMA_CONVENTION	no	yes	pronoun-stem	1	1
18	18.34	pārtha	pārtha	nominal	pārtha	pārtha	nominal	MATCH	yes	yes		1	1
18	18.34	rājasī	rājasī	nominal	rājasī	rājasa	indecl	LEMMA_CONVENTION+POS_DIVERGE	no	no	vowel-sandhi/contraction	1	1
18	18.35	yayā	yat	nominal	adharmaṃ	adharma	nominal	LEMMA_DIVERGE	no	yes		1	1
18	18.35	svapnam	svapna	nominal	dharmam	dharma	nominal	LEMMA_DIVERGE	no	yes		1	1
18	18.35	bhayam	bhaya	nominal	iti	iti	indecl	LEMMA+POS_DIVERGE	no	no		1	1
18	18.35	śokam	śoka	nominal	yā	yad	nominal	LEMMA_DIVERGE	no	yes		1	1
18	18.35	viṣādam	viṣāda	nominal	manyate	man	verb	LEMMA+POS_DIVERGE	no	no		1	1
18	18.35	madam	mada	nominal	tamasā	tamas	nominal	LEMMA_DIVERGE	no	yes		1	1
18	18.35	eva	eva	indecl	āvṛtā	āvṛ	verb	LEMMA_CONVENTION+POS_DIVERGE	no	no	vowel-sandhi/contraction	1	1
18	18.35	ca	ca	indecl	sarva	sarva	nominal	LEMMA+POS_DIVERGE	no	no		1	1
18	18.35	na	na	indecl	arthān	artha	nominal	LEMMA+POS_DIVERGE	no	no		1	1
18	18.35	vimuñcati	vi-√muc	verb	viparītān	viparīta	indecl	LEMMA+POS_DIVERGE	no	no		1	1
18	18.35	durmedhāḥ	dur-medhas	nominal	ca	ca	indecl	LEMMA+POS_DIVERGE	no	no		1	1
18	18.35	dhṛtiḥ	dhṛti	nominal	buddhiḥ	buddhi	nominal	LEMMA_DIVERGE	no	yes		1	1
18	18.35	sā	tat	nominal	sā	tad	nominal	LEMMA_CONVENTION	no	yes	pronoun-stem	1	1
18	18.35	pārtha	pārtha	nominal	pārtha	pārtha	nominal	MATCH	yes	yes		1	1
18	18.35	tāmasī	tāmasī	nominal	tāmasī	tāmasa	indecl	LEMMA_CONVENTION+POS_DIVERGE	no	no	vowel-sandhi/contraction	1	1
18	18.36	sukham	sukha	nominal	dhṛtyā	dhṛti	nominal	LEMMA_DIVERGE	no	yes		1	1
18	18.36	tu	tu	indecl	yayā	yad	nominal	LEMMA+POS_DIVERGE	no	no		1	1
18	18.36	idānīm	idānīm	indecl	dhārayate	dhāray	verb	LEMMA+POS_DIVERGE	no	no		1	1
18	18.36	tri-vidham	tri-vidha	nominal	manaḥ	manas	nominal	LEMMA_DIVERGE	no	yes		1	1
18	18.36	śṛṇu	√śru	verb	prāṇa	prāṇa	nominal	LEMMA+POS_DIVERGE	no	no		1	1
18	18.36	me	asmat	nominal	indriya	indriya	nominal	LEMMA_DIVERGE	no	yes		1	1
18	18.36	bharata-rṣabha	bharata-rṣabha	nominal	kriyāḥ	kriyā	nominal	LEMMA_DIVERGE	no	yes		1	1
18	18.36	abhyāsāt	abhy-āsa	nominal	yogena	yoga	nominal	LEMMA_DIVERGE	no	yes		1	1
18	18.36	ramate	√ram	verb	a	a	indecl	LEMMA+POS_DIVERGE	no	no		1	1
18	18.36	yatra	yatra	indecl	vyabhicāriṇyā	vyabhicārin	indecl	LEMMA_DIVERGE	no	yes		1	1
18	18.36	duḥkhāntam	duḥkha-anta	nominal	dhṛtiḥ	dhṛti	nominal	LEMMA_DIVERGE	no	yes		1	1
18	18.36	ca	ca	indecl	sā	tad	nominal	LEMMA+POS_DIVERGE	no	no		1	1
18	18.36	nigacchati	ni-√gam	verb	pārtha	pārtha	nominal	LEMMA+POS_DIVERGE	no	no		1	1
18	18.37	yat	yat	nominal	sāttvikī	sāttvika	indecl	LEMMA+POS_DIVERGE	no	no		1	1
18	18.37	tat-agre	tat-agre	indecl	yayā	yad	nominal	LEMMA+POS_DIVERGE	no	no		1	1
18	18.37	viṣam	viṣa	nominal	tu	tu	indecl	LEMMA+POS_DIVERGE	no	no		1	1
18	18.37	iva	iva	indecl	dharma	dharma	nominal	LEMMA+POS_DIVERGE	no	no		1	1
18	18.37	pariṇāme	pariṇāma	nominal	kāma	kāma	nominal	LEMMA_DIVERGE	no	yes		1	1
18	18.37	amṛtopamam	amṛta-upama	nominal	arthān	artha	nominal	LEMMA_DIVERGE	no	yes		1	1
18	18.37	tat	tat	nominal	dhṛtyā	dhṛti	nominal	LEMMA_DIVERGE	no	yes		1	1
18	18.37	sukham	sukha	nominal	dhārayate	dhāray	verb	LEMMA+POS_DIVERGE	no	no		1	1
18	18.37	sāttvikam	sāttvika	nominal	'rjuna	arjuna	nominal	LEMMA_DIVERGE	no	yes		1	1
18	18.37	proktam	prokta	nominal	prasaṅgena	prasaṅga	nominal	LEMMA_DIVERGE	no	yes		1	1
18	18.37	ātma-buddhi-prasāda-jam	ātma-buddhi-prasāda-ja	nominal	phala	phala	nominal	LEMMA_DIVERGE	no	yes		1	1
18	18.38	viṣayendriya-saṁyogāt	viṣaya-indriya-saṁyoga	nominal	ākāṅkṣī	ākāṅkṣin	indecl	LEMMA+POS_DIVERGE	no	no		1	1
18	18.38	yat	yat	nominal	dhṛtiḥ	dhṛti	nominal	LEMMA_DIVERGE	no	yes		1	1
18	18.38	tat-agre	tat-agre	indecl	sā	tad	nominal	LEMMA+POS_DIVERGE	no	no		1	1
18	18.38	amṛtopamam	amṛta-upama	nominal	pārtha	pārtha	nominal	LEMMA_DIVERGE	no	yes		1	1
18	18.38	pariṇāme	pariṇāma	nominal	rājasī	rājasa	indecl	LEMMA+POS_DIVERGE	no	no		1	1
18	18.38	viṣam	viṣa	nominal	yayā	yad	nominal	LEMMA_DIVERGE	no	yes		1	1
18	18.38	iva	iva	indecl	svapnaṃ	svapna	nominal	LEMMA+POS_DIVERGE	no	no		1	1
18	18.38	tat	tat	nominal	bhayaṃ	bhaya	nominal	LEMMA_DIVERGE	no	yes		1	1
18	18.38	sukham	sukha	nominal	śokaṃ	śoka	nominal	LEMMA_DIVERGE	no	yes		1	1
18	18.38	rājasam	rājasa	nominal	viṣādaṃ	viṣāda	nominal	LEMMA_DIVERGE	no	yes		1	1
18	18.38	smṛtam	smṛta	nominal	madam	mada	nominal	LEMMA_DIVERGE	no	yes		1	1
18	18.39	yat	yat	nominal	eva	eva	indecl	LEMMA+POS_DIVERGE	no	no		1	1
18	18.39	agre	agre	indecl				DCS_ONLY				1	0
18	18.39	ca	ca	indecl	ca	ca	indecl	MATCH	yes	yes		1	1
18	18.39	anubandhe	anu-bandha	nominal	na	na	indecl	LEMMA+POS_DIVERGE	no	no		1	1
18	18.39	ca	ca	indecl	vimuñcati	vimuc	verb	LEMMA+POS_DIVERGE	no	no		1	1
18	18.39	sukham	sukha	nominal	durmedhā	durmedhas	indecl	LEMMA+POS_DIVERGE	no	no		1	1
18	18.39	mohanam	mohana	nominal	dhṛtiḥ	dhṛti	nominal	LEMMA_DIVERGE	no	yes		1	1
18	18.39	ātmanaḥ	ātman	nominal	sā	tad	nominal	LEMMA_DIVERGE	no	yes		1	1
18	18.39	nidrālasya-pramādottham	nidrālasya-pramāda-uttha	nominal	pārtha	pārtha	nominal	LEMMA_DIVERGE	no	yes		1	1
18	18.39	tat	tat	nominal	tāmasī	tāmasa	indecl	LEMMA+POS_DIVERGE	no	no		1	1
18	18.39	tāmasam	tāmasa	nominal	sukhaṃ	sukha	nominal	LEMMA_DIVERGE	no	yes		1	1
18	18.39	udāhṛtam	ud-ā-hṛta	nominal	tu	tu	indecl	LEMMA+POS_DIVERGE	no	no		1	1
18	18.40	na	na	indecl	idānīm	idānīm	indecl	LEMMA_DIVERGE	no	yes		1	1
18	18.40	tat	tat	nominal	trividhaṃ	trividha	indecl	LEMMA+POS_DIVERGE	no	no		1	1
18	18.40	asti	√as	verb	śṛṇu	śru	verb	LEMMA_DIVERGE	no	yes		1	1
18	18.40	pṛthivyām	pṛthivī	nominal	me	mad	nominal	LEMMA_DIVERGE	no	yes		1	1
18	18.40	vā	vā	indecl	bharata	bharata	nominal	LEMMA+POS_DIVERGE	no	no		1	1
18	18.40	divi	div	nominal	ṛṣabha	ṛṣabha	nominal	LEMMA_DIVERGE	no	yes		1	1
18	18.40	deveṣu	deva	nominal	abhyāsāt	abhyāsa	nominal	LEMMA_DIVERGE	no	yes		1	1
18	18.40	vā	vā	indecl	ramate	ram	verb	LEMMA+POS_DIVERGE	no	no		1	1
18	18.40	punaḥ	punaḥ	indecl	yatra	yatra	indecl	LEMMA_DIVERGE	no	yes		1	1
18	18.40	sattvam	sattva	nominal	duḥkha	duḥkha	nominal	LEMMA_DIVERGE	no	yes		1	1
18	18.40	prakṛti-jaiḥ	prakṛti-ja	nominal	antam	anta	nominal	LEMMA_DIVERGE	no	yes		1	1
18	18.40	muktam	mukta	nominal	ca	ca	indecl	LEMMA+POS_DIVERGE	no	no		1	1
18					nigacchati	nigam	verb	GOLD_ONLY				0	1
18	18.40	yat	yat	nominal	yat	yad	nominal	LEMMA_CONVENTION	no	yes	pronoun-stem	1	1
18	18.40	ebhiḥ	idam	nominal	tat	tad	nominal	LEMMA_DIVERGE	no	yes		1	1
18	18.40	syāt	√as	verb	agre	agra	nominal	LEMMA+POS_DIVERGE	no	no		1	1
18	18.40	tribhiḥ	tri	nominal	viṣam	viṣa	nominal	LEMMA_DIVERGE	no	yes		1	1
18	18.40	guṇaiḥ	guṇa	nominal	iva	iva	indecl	LEMMA+POS_DIVERGE	no	no		1	1
18	18.41	brāhmaṇa-kṣatriya-viśām	brāhmaṇa-kṣatriya-viś	nominal	pariṇāme	pariṇāma	nominal	LEMMA_DIVERGE	no	yes		1	1
18	18.41	śūdrāṇām	śūdra	nominal	amṛta	amṛta	nominal	LEMMA_DIVERGE	no	yes		1	1
18	18.41	ca	ca	indecl	upamam	upama	indecl	LEMMA_DIVERGE	no	yes		1	1
18	18.41	paraṁtapa	param-tapa	nominal	tat	tad	nominal	LEMMA_DIVERGE	no	yes		1	1
18	18.41	karmāṇi	karman	nominal	sukham	sukha	nominal	LEMMA_DIVERGE	no	yes		1	1
18	18.41	pravibhaktāni	pra-vi-bhakta	nominal	sāttvikaṃ	sāttvika	indecl	LEMMA+POS_DIVERGE	no	no		1	1
18	18.41	sva-bhāva-prabhavaiḥ	sva-bhāva-prabhava	nominal	proktam	pravac	verb	LEMMA+POS_DIVERGE	no	no		1	1
18	18.41	guṇaiḥ	guṇa	nominal	ātma	ātman	nominal	LEMMA_DIVERGE	no	yes		1	1
18	18.42	śamaḥ	śama	nominal	buddhi	buddhi	nominal	LEMMA_DIVERGE	no	yes		1	1
18	18.42	damaḥ	dama	nominal	prasāda	prasāda	nominal	LEMMA_DIVERGE	no	yes		1	1
18	18.42	tapaḥ	tapas	nominal	jam	ja	indecl	LEMMA+POS_DIVERGE	no	no		1	1
18	18.42	śaucam	śauca	nominal	viṣaya	viṣaya	nominal	LEMMA_DIVERGE	no	yes		1	1
18	18.42	kṣāntiḥ	kṣānti	nominal	indriya	indriya	nominal	LEMMA_DIVERGE	no	yes		1	1
18	18.42	ārjavam	ārjava	nominal	saṃyogāt	saṃyoga	nominal	LEMMA_DIVERGE	no	yes		1	1
18	18.42	eva	eva	indecl	yat	yad	nominal	LEMMA+POS_DIVERGE	no	no		1	1
18	18.42	ca	ca	indecl	tat	tad	nominal	LEMMA+POS_DIVERGE	no	no		1	1
18	18.42	jñānam	jñāna	nominal	agre	agra	nominal	LEMMA_DIVERGE	no	yes		1	1
18	18.42	vijñānam	vijñāna	nominal	amṛta	amṛta	nominal	LEMMA_DIVERGE	no	yes		1	1
18	18.42	āstikyam	āstikya	nominal	upamam	upama	indecl	LEMMA+POS_DIVERGE	no	no		1	1
18	18.42	brahma-karma	brahma-karma	nominal	pariṇāme	pariṇāma	nominal	LEMMA_DIVERGE	no	yes		1	1
18	18.42	sva-bhāva-jam	sva-bhāva-ja	nominal	viṣam	viṣa	nominal	LEMMA_DIVERGE	no	yes		1	1
18	18.43	śauryam	śaurya	nominal	iva	iva	indecl	LEMMA+POS_DIVERGE	no	no		1	1
18	18.43	tejaḥ	tejas	nominal	tat	tad	nominal	LEMMA_DIVERGE	no	yes		1	1
18	18.43	dhṛtiḥ	dhṛti	nominal	sukham	sukha	nominal	LEMMA_DIVERGE	no	yes		1	1
18	18.43	dākṣyam	dākṣya	nominal	rājasaṃ	rājasa	indecl	LEMMA+POS_DIVERGE	no	no		1	1
18	18.43	yuddhe	yuddha	nominal	smṛtam	smṛ	verb	LEMMA+POS_DIVERGE	no	no		1	1
18	18.43	ca	ca	indecl	yat	yad	nominal	LEMMA+POS_DIVERGE	no	no		1	1
18	18.43	api	api	indecl	agre	agra	nominal	LEMMA+POS_DIVERGE	no	no		1	1
18	18.43	apalāyanam	a-palāyana	nominal	ca	ca	indecl	LEMMA+POS_DIVERGE	no	no		1	1
18	18.43	dānam	dāna	nominal	anubandhe	anubandha	nominal	LEMMA_DIVERGE	no	yes		1	1
18	18.43	īśvara-bhāvaḥ	īśvara-bhāva	nominal				DCS_ONLY				1	0
18	18.43	ca	ca	indecl	ca	ca	indecl	MATCH	yes	yes		1	1
18	18.43	kṣatra-karma	kṣatra-karma	nominal	sukhaṃ	sukha	nominal	LEMMA_DIVERGE	no	yes		1	1
18	18.43	sva-bhāva-jam	sva-bhāva-ja	nominal	mohanam	mohana	indecl	LEMMA+POS_DIVERGE	no	no		1	1
18	18.44	kṛṣi-go-rakṣya-vāṇijyam	kṛṣi-go-rakṣya-vāṇijya	nominal	ātmanaḥ	ātman	nominal	LEMMA_DIVERGE	no	yes		1	1
18	18.44	vaiśya-karma	vaiśya-karma	nominal	nidrā	nidrā	nominal	LEMMA_DIVERGE	no	yes		1	1
18	18.44	sva-bhāva-jam	sva-bhāva-ja	nominal	ālasya	ālasya	nominal	LEMMA_DIVERGE	no	yes		1	1
18	18.44	paricaryātmakam	paricarya-ātmaka	nominal	pramāda	pramāda	nominal	LEMMA_DIVERGE	no	yes		1	1
18	18.44	karma	karman	nominal	uttham	uttha	indecl	LEMMA+POS_DIVERGE	no	no		1	1
18	18.44	śūdrasya	śūdra	nominal	tat	tad	nominal	LEMMA_DIVERGE	no	yes		1	1
18	18.44	api	api	indecl	tāmasam	tāmasa	indecl	LEMMA_DIVERGE	no	yes		1	1
18	18.44	sva-bhāva-jam	sva-bhāva-ja	nominal	udāhṛtam	udāhṛ	verb	LEMMA+POS_DIVERGE	no	no		1	1
18	18.45	sve sve	sva	nominal	na	na	indecl	LEMMA+POS_DIVERGE	no	no		1	1
18	18.45	karmaṇi	karman	nominal	tat	tad	nominal	LEMMA_DIVERGE	no	yes		1	1
18	18.45	abhirataḥ	abhirata	nominal	asti	as	verb	LEMMA+POS_DIVERGE	no	no		1	1
18	18.45	saṁsiddhim	sam-siddhi	nominal	pṛthivyāṃ	pṛthivī	nominal	LEMMA_DIVERGE	no	yes		1	1
18	18.45	labhate	√labh	verb	vā	vā	indecl	LEMMA+POS_DIVERGE	no	no		1	1
18	18.45	naraḥ	nara	nominal	divi	div	nominal	LEMMA_DIVERGE	no	yes		1	1
18	18.45	sva-karma-nirataḥ	sva-karma-nirata	nominal	deveṣu	deva	nominal	LEMMA_DIVERGE	no	yes		1	1
18	18.45	siddhim	siddhi	nominal	vā	vā	indecl	LEMMA+POS_DIVERGE	no	no		1	1
18	18.45	yathā	yathā	indecl	punaḥ	punar	indecl	LEMMA_DIVERGE	no	yes		1	1
18	18.45	vindati	√vid	verb	sattvaṃ	sattva	nominal	LEMMA+POS_DIVERGE	no	no		1	1
18	18.45	tat	tat	nominal	prakṛti	prakṛti	nominal	LEMMA_DIVERGE	no	yes		1	1
18	18.45	śṛṇu	√śru	verb	jaiḥ	ja	indecl	LEMMA+POS_DIVERGE	no	no		1	1
18					muktam	muc	verb	GOLD_ONLY				0	1
18	18.46	yataḥ	yataḥ	indecl	yat	yad	nominal	LEMMA+POS_DIVERGE	no	no		1	1
18	18.46	pravṛttiḥ	pravṛtti	nominal	ebhiḥ	idam	nominal	LEMMA_DIVERGE	no	yes		1	1
18	18.46	bhūtānām	bhūta	nominal	syāt	as	verb	LEMMA+POS_DIVERGE	no	no		1	1
18	18.46	yena	yat	nominal	tribhiḥ	tri	indecl	LEMMA+POS_DIVERGE	no	no		1	1
18	18.46	sarvam	sarva	nominal	guṇaiḥ	guṇa	nominal	LEMMA_DIVERGE	no	yes		1	1
18	18.46	idam	idam	nominal	brāhmaṇa	brāhmaṇa	nominal	LEMMA_DIVERGE	no	yes		1	1
18	18.46	tatam	tata	nominal	kṣatriya	kṣatriya	nominal	LEMMA_DIVERGE	no	yes		1	1
18	18.46	sva-karmaṇā	sva-karma	nominal	viśām	viś	nominal	LEMMA_DIVERGE	no	yes		1	1
18	18.46	tam	tat	nominal	śūdrāṇāṃ	śūdra	nominal	LEMMA_DIVERGE	no	yes		1	1
18	18.46	abhyarcya	abhi-√xarc	unknown	ca	ca	indecl	LEMMA+POS_DIVERGE	no	no		1	1
18	18.46	siddhim	siddhi	nominal	paraṃtapa	paraṃtapa	indecl	LEMMA+POS_DIVERGE	no	no		1	1
18	18.46	vindati	√vid	verb	karmāṇi	karman	nominal	LEMMA+POS_DIVERGE	no	no		1	1
18	18.46	mānavaḥ	mānava	nominal	pravibhaktāni	pravibhaj	verb	LEMMA+POS_DIVERGE	no	no		1	1
18	18.47	śreyān	śreyas	nominal	svabhāva	svabhāva	nominal	LEMMA_DIVERGE	no	yes		1	1
18	18.47	sva-dharmaḥ	sva-dharma	nominal	prabhavaiḥ	prabhava	nominal	LEMMA_DIVERGE	no	yes		1	1
18	18.47	viguṇaḥ	vi-guṇa	nominal	guṇaiḥ	guṇa	nominal	LEMMA_DIVERGE	no	yes		1	1
18	18.47	para-dharmāt	para-dharma	nominal	śamo	śama	nominal	LEMMA_DIVERGE	no	yes		1	1
18	18.47	svanuṣṭhitāt	su-anu-ṣṭhita	nominal	damaḥ	dama	nominal	LEMMA_DIVERGE	no	yes		1	1
18	18.47	sva-bhāva-niyatam	sva-bhāva-niyata	nominal	tapaḥ	tapas	nominal	LEMMA_DIVERGE	no	yes		1	1
18	18.47	karma	karman	nominal	śaucaṃ	śauca	nominal	LEMMA_DIVERGE	no	yes		1	1
18	18.47	kurvan	kurvant	nominal	kṣāntiḥ	kṣānti	nominal	LEMMA_DIVERGE	no	yes		1	1
18	18.47	na	na	indecl	ārjavam	ārjava	nominal	LEMMA+POS_DIVERGE	no	no		1	1
18	18.47	āpnoti	√āp	verb	eva	eva	indecl	LEMMA+POS_DIVERGE	no	no		1	1
18	18.47	kilbiṣam	kilbiṣa	nominal	ca	ca	indecl	LEMMA+POS_DIVERGE	no	no		1	1
18	18.48	saha-jam	saha-ja	nominal	jñānaṃ	jñāna	nominal	LEMMA_DIVERGE	no	yes		1	1
18	18.48	karma	karman	nominal	vijñānam	vijñāna	nominal	LEMMA_DIVERGE	no	yes		1	1
18	18.48	kaunteya	kaunteya	nominal	āstikyam	āstikya	nominal	LEMMA_DIVERGE	no	yes		1	1
18	18.48	sa-doṣam	sa-doṣa	nominal	brahma	brahman	nominal	LEMMA_DIVERGE	no	yes		1	1
18	18.48	api	api	indecl	karma	karman	nominal	LEMMA+POS_DIVERGE	no	no		1	1
18	18.48	na	na	indecl	svabhāva	svabhāva	nominal	LEMMA+POS_DIVERGE	no	no		1	1
18	18.48	tyajet	√tyaj	verb	jam	ja	indecl	LEMMA+POS_DIVERGE	no	no		1	1
18	18.48	sarvārambhāḥ	sarva-ārambha	nominal	śauryaṃ	śaurya	nominal	LEMMA_DIVERGE	no	yes		1	1
18	18.48	hi	hi	indecl	tejo	tejas	nominal	LEMMA+POS_DIVERGE	no	no		1	1
18	18.48	doṣeṇa	doṣa	nominal	dhṛtiḥ	dhṛti	nominal	LEMMA_DIVERGE	no	yes		1	1
18	18.48	dhūmena	dhūma	nominal	dākṣyam	dākṣya	nominal	LEMMA_DIVERGE	no	yes		1	1
18	18.48	agniḥ	agni	nominal	yuddhe	yuddha	nominal	LEMMA_DIVERGE	no	yes		1	1
18	18.48	iva	iva	indecl	ca	ca	indecl	LEMMA_DIVERGE	no	yes		1	1
18	18.48	āvṛtāḥ	ā-vṛta	nominal	api	api	indecl	LEMMA+POS_DIVERGE	no	no		1	1
18	18.49	asakta-buddhiḥ	asakta-ātman	nominal	apalāyanam	apalāyana	nominal	LEMMA_DIVERGE	no	yes		1	1
18	18.49	sarvatra	sarvatra	indecl	dānam	dāna	nominal	LEMMA+POS_DIVERGE	no	no		1	1
18	18.49	jitātmā	jita-ātman	nominal	īśvara	īśvara	nominal	LEMMA_DIVERGE	no	yes		1	1
18	18.49	vigata-spṛhaḥ	vigata-spṛha	nominal	bhāvaḥ	bhāva	nominal	LEMMA_DIVERGE	no	yes		1	1
18	18.49	naiṣkarmya-siddhim	naiṣ-karmya-siddhim	nominal	ca	ca	indecl	LEMMA+POS_DIVERGE	no	no		1	1
18	18.49	paramām	paramā	nominal	kṣatra	kṣatra	nominal	LEMMA_DIVERGE	no	yes		1	1
18	18.49	saṁnyāsena	saṁnyāsa	nominal	karma	karman	nominal	LEMMA_DIVERGE	no	yes		1	1
18	18.49	adhigacchati	adhi-√gam	verb	svabhāva	svabhāva	nominal	LEMMA+POS_DIVERGE	no	no		1	1
18	18.50	siddhim	siddhi	nominal	jam	ja	indecl	LEMMA+POS_DIVERGE	no	no		1	1
18	18.50	prāptaḥ	prāpta	nominal	kṛṣi	kṛṣi	nominal	LEMMA_DIVERGE	no	yes		1	1
18	18.50	yathā	yathā	indecl	gorakṣya	gorakṣya	nominal	LEMMA+POS_DIVERGE	no	no		1	1
18	18.50	brahma	brahman	nominal	vāṇijyam	vāṇijya	nominal	LEMMA_DIVERGE	no	yes		1	1
18	18.50	tathā	tathā	indecl	vaiśya	vaiśya	nominal	LEMMA+POS_DIVERGE	no	no		1	1
18	18.50	āpnoti	√āp	verb	karma	karman	nominal	LEMMA+POS_DIVERGE	no	no		1	1
18	18.50	nibodha	ni-√budh	verb	svabhāva	svabhāva	nominal	LEMMA+POS_DIVERGE	no	no		1	1
18	18.50	me	asmat	nominal	jam	ja	indecl	LEMMA+POS_DIVERGE	no	no		1	1
18	18.50	samāsena	samāsena	indecl	paricaryā	paricaryā	nominal	LEMMA+POS_DIVERGE	no	no		1	1
18	18.50	eva	eva	indecl	ātmakam	ātmaka	indecl	LEMMA_DIVERGE	no	yes		1	1
18	18.50	kaunteya	kaunteya	nominal	karma	karman	nominal	LEMMA_DIVERGE	no	yes		1	1
18	18.50	niṣṭhā	ni-ṣṭhā	nominal	śūdrasya	śūdra	nominal	LEMMA_DIVERGE	no	yes		1	1
18	18.50	jñānasya	jñāna	nominal	api	api	indecl	LEMMA+POS_DIVERGE	no	no		1	1
18	18.50	yā	yat	nominal	svabhāva	svabhāva	nominal	LEMMA_DIVERGE	no	yes		1	1
18	18.50	parā	parā	nominal	jam	ja	indecl	LEMMA+POS_DIVERGE	no	no		1	1
18	18.51	buddhyā	buddhi	nominal	sve	sva	indecl	LEMMA+POS_DIVERGE	no	no		1	1
18	18.51	viśuddhayā	viśuddhā	nominal	sve	sva	indecl	LEMMA+POS_DIVERGE	no	no		1	1
18	18.51	yuktaḥ	yukta	nominal	karmaṇi	karman	nominal	LEMMA_DIVERGE	no	yes		1	1
18	18.51	dhṛtyā	dhṛti	nominal	abhirataḥ	abhiram	verb	LEMMA+POS_DIVERGE	no	no		1	1
18	18.51	ātmānam	ātman	nominal	saṃsiddhiṃ	saṃsiddhi	nominal	LEMMA_DIVERGE	no	yes		1	1
18	18.51	niyamya	ni-√yam	unknown	labhate	labh	verb	LEMMA+POS_DIVERGE	no	no		1	1
18	18.51	ca	ca	indecl	naraḥ	nara	nominal	LEMMA+POS_DIVERGE	no	no		1	1
18	18.51	śabdādīn	śabda-ādi	nominal	sva	sva	indecl	LEMMA+POS_DIVERGE	no	no		1	1
18	18.51	viṣayān	viṣaya	nominal	karma	karman	nominal	LEMMA_DIVERGE	no	yes		1	1
18	18.51	tyaktvā	√tyaj	unknown	nirataḥ	niram	verb	LEMMA+POS_DIVERGE	no	no		1	1
18	18.51	rāga-dveṣau	rāga-dveṣa	nominal	siddhiṃ	siddhi	nominal	LEMMA_DIVERGE	no	yes		1	1
18	18.51	vyudasya	vi-ud-√as	unknown	yathā	yathā	indecl	LEMMA+POS_DIVERGE	no	no		1	1
18	18.51	ca	ca	indecl	vindati	vid	verb	LEMMA+POS_DIVERGE	no	no		1	1
18	18.52	vivikta-sevī	vivikta-sevin	nominal	tat	tad	nominal	LEMMA_DIVERGE	no	yes		1	1
18	18.52	laghv-āśī	laghv-āśin	nominal	śṛṇu	śru	verb	LEMMA+POS_DIVERGE	no	no		1	1
18	18.52	yata-vāk-kāya-mānasaḥ	yata-vāk-kāya-mānasa	nominal	yataḥ	yatas	indecl	LEMMA+POS_DIVERGE	no	no		1	1
18	18.52	dhyāna-yoga-paraḥ	dhyāna-yoga-para	nominal	pravṛttiḥ	pravṛtti	nominal	LEMMA_DIVERGE	no	yes		1	1
18	18.52	nityam	nityam	indecl	bhūtānām	bhūta	nominal	LEMMA+POS_DIVERGE	no	no		1	1
18	18.52	vairāgyam	vai-rāgya	nominal	yena	yad	nominal	LEMMA_DIVERGE	no	yes		1	1
18	18.52	samupāśritaḥ	sam-upāśrita	nominal	sarvam	sarva	nominal	LEMMA_DIVERGE	no	yes		1	1
18	18.53	ahaṁ-kāram	ahaṁ-kāra	nominal	idam	idam	nominal	LEMMA_DIVERGE	no	yes		1	1
18	18.53	balam	bala	nominal	tatam	tan	verb	LEMMA+POS_DIVERGE	no	no		1	1
18	18.53	darpam	darpa	nominal	sva	sva	indecl	LEMMA+POS_DIVERGE	no	no		1	1
18	18.53	kāmam	kāma	nominal	karmaṇā	karman	nominal	LEMMA_DIVERGE	no	yes		1	1
18	18.53	krodham	krodha	nominal	tam	tad	nominal	LEMMA_DIVERGE	no	yes		1	1
18	18.53	parigraham	parigraha	nominal	abhyarcya	abhyarc	verb	LEMMA+POS_DIVERGE	no	no		1	1
18	18.53	vimucya	vi-√muc	unknown	siddhiṃ	siddhi	nominal	LEMMA+POS_DIVERGE	no	no		1	1
18	18.53	nir-mamaḥ	nir-mama	nominal	vindati	vid	verb	LEMMA+POS_DIVERGE	no	no		1	1
18	18.53	śāntaḥ	śānta	nominal	mānavaḥ	mānava	nominal	LEMMA_DIVERGE	no	yes		1	1
18	18.53	brahma-bhūyāya	brahma-bhūya	nominal	śreyān	śreyas	indecl	LEMMA+POS_DIVERGE	no	no		1	1
18	18.53	kalpate	√kḷp	verb	svadharmaḥ	svadharma	nominal	LEMMA+POS_DIVERGE	no	no		1	1
18	18.54	brahma-bhūtaḥ	brahma-bhūta	nominal	viguṇaḥ	viguṇa	indecl	LEMMA+POS_DIVERGE	no	no		1	1
18	18.54	prasannātmā	prasanna-ātman	nominal	para	para	nominal	LEMMA_DIVERGE	no	yes		1	1
18	18.54	na	na	indecl	dharmāt	dharma	nominal	LEMMA+POS_DIVERGE	no	no		1	1
18	18.54	śocati	√śuc	verb	su	su	indecl	LEMMA+POS_DIVERGE	no	no		1	1
18	18.54	na	na	indecl	anuṣṭhitāt	anuṣṭhā	verb	LEMMA+POS_DIVERGE	no	no		1	1
18	18.54	kāṅkṣati	√kāṅkṣ	verb	svabhāva	svabhāva	nominal	LEMMA+POS_DIVERGE	no	no		1	1
18	18.54	samaḥ	sama	nominal	niyatam	niyam	verb	LEMMA+POS_DIVERGE	no	no		1	1
18	18.54	sarveṣu	sarva	nominal	karma	karman	nominal	LEMMA_DIVERGE	no	yes		1	1
18	18.54	bhūteṣu	bhūta	nominal	kurvan	kṛ	verb	LEMMA+POS_DIVERGE	no	no		1	1
18	18.54	mad-bhaktim	mad-bhakti	nominal	na	na	indecl	LEMMA+POS_DIVERGE	no	no		1	1
18	18.54	labhate	√labh	verb	āpnoti	āp	verb	LEMMA_DIVERGE	no	yes		1	1
18	18.54	parām	para	nominal	kilbiṣam	kilbiṣa	nominal	LEMMA_DIVERGE	no	yes		1	1
18	18.55	bhaktyā	bhakti	nominal	sahajaṃ	sahaja	indecl	LEMMA+POS_DIVERGE	no	no		1	1
18	18.55	mām	asmat	nominal	karma	karman	nominal	LEMMA_DIVERGE	no	yes		1	1
18	18.55	abhijānāti	abhi-√jñā	verb	kaunteya	kaunteya	nominal	LEMMA+POS_DIVERGE	no	no		1	1
18	18.55	yāvān	yāvat	nominal	sa	sa	indecl	LEMMA+POS_DIVERGE	no	no		1	1
18	18.55	yaḥ	yat	nominal	doṣam	doṣa	nominal	LEMMA_DIVERGE	no	yes		1	1
18	18.55	ca	ca	indecl	api	api	indecl	LEMMA_DIVERGE	no	yes		1	1
18	18.55	asmi	√as	verb	na	na	indecl	LEMMA+POS_DIVERGE	no	no		1	1
18	18.55	tattvataḥ	tattvataḥ	indecl	tyajet	tyaj	verb	LEMMA+POS_DIVERGE	no	no		1	1
18	18.55	tataḥ	tataḥ	indecl	sarva	sarva	nominal	LEMMA+POS_DIVERGE	no	no		1	1
18	18.55	mām	asmat	nominal	ārambhāḥ	ārambha	nominal	LEMMA_DIVERGE	no	yes		1	1
18	18.55	tattvataḥ	tattvataḥ	indecl	hi	hi	indecl	LEMMA_DIVERGE	no	yes		1	1
18	18.55	jñātvā	√jñā	unknown	doṣeṇa	doṣa	nominal	LEMMA+POS_DIVERGE	no	no		1	1
18	18.55	viśate	√viś	verb	dhūmena	dhūma	nominal	LEMMA+POS_DIVERGE	no	no		1	1
18	18.55	tad-anantaram	tad-anantaram	indecl	agniḥ	agni	nominal	LEMMA+POS_DIVERGE	no	no		1	1
18	18.56	sarva-karmāṇi	sarva-karman	nominal	iva	iva	indecl	LEMMA+POS_DIVERGE	no	no		1	1
18	18.56	api	api	indecl	āvṛtāḥ	āvṛ	verb	LEMMA+POS_DIVERGE	no	no		1	1
18	18.56	sadā	sadā	indecl	a	a	indecl	LEMMA_DIVERGE	no	yes		1	1
18	18.56	kurvāṇaḥ	kurvāṇa	nominal	sakta	sañj	verb	LEMMA+POS_DIVERGE	no	no		1	1
18	18.56	mad-vyapāśrayaḥ	mad-vyapāśraya	nominal	buddhiḥ	buddhi	nominal	LEMMA_DIVERGE	no	yes		1	1
18	18.56	mat-prasādāt	mat-prasāda	nominal	sarvatra	sarvatra	indecl	LEMMA+POS_DIVERGE	no	no		1	1
18	18.56	avāpnoti	ava-√āp	verb	jita	ji	verb	LEMMA_DIVERGE	no	yes		1	1
18	18.56	śāśvatam	śāśvata	nominal	ātmā	ātman	nominal	LEMMA_DIVERGE	no	yes		1	1
18	18.56	padam	pada	nominal	vigata	vigam	verb	LEMMA+POS_DIVERGE	no	no		1	1
18	18.56	avyayam	a-vyaya	nominal	spṛhaḥ	spṛhā	nominal	LEMMA_DIVERGE	no	yes		1	1
18	18.57	cetasā	cetas	nominal	naiṣkarmya	naiṣkarmya	nominal	LEMMA_DIVERGE	no	yes		1	1
18	18.57	sarva-karmāṇi	sarva-karman	nominal	siddhim	siddhi	nominal	LEMMA_DIVERGE	no	yes		1	1
18	18.57	mayi	asmat	nominal	paramāṃ	parama	indecl	LEMMA+POS_DIVERGE	no	no		1	1
18	18.57	saṁnyasya	sam-ni-√as	unknown	saṃnyāsena	saṃnyāsa	nominal	LEMMA+POS_DIVERGE	no	no		1	1
18	18.57	mat-paraḥ	mat-para	nominal	adhigacchati	adhigam	verb	LEMMA+POS_DIVERGE	no	no		1	1
18	18.57	buddhi-yogam	buddhi-yoga	nominal	siddhiṃ	siddhi	nominal	LEMMA_DIVERGE	no	yes		1	1
18	18.57	upāśritya	upa-ā-√śri	unknown	prāpto	prāp	verb	LEMMA+POS_DIVERGE	no	no		1	1
18	18.57	mac-cittaḥ	mac-citta	nominal	yathā	yathā	indecl	LEMMA+POS_DIVERGE	no	no		1	1
18	18.57	satatam	satatam	indecl	brahma	brahman	nominal	LEMMA+POS_DIVERGE	no	no		1	1
18	18.57	bhava	√bhū	verb	tathā	tathā	indecl	LEMMA+POS_DIVERGE	no	no		1	1
18	18.58	mac-cittaḥ	mac-citta	nominal	āpnoti	āp	verb	LEMMA+POS_DIVERGE	no	no		1	1
18	18.58	sarva-durgāṇi	sarva-durga	nominal	nibodha	nibudh	verb	LEMMA+POS_DIVERGE	no	no		1	1
18	18.58	mat-prasādāt	mad-prasāda	nominal	me	mad	nominal	LEMMA_DIVERGE	no	yes		1	1
18	18.58	tariṣyasi	√tṝ	verb	samāsena	samāsena	indecl	LEMMA+POS_DIVERGE	no	no		1	1
18	18.58	atha	atha	indecl	eva	eva	indecl	LEMMA_DIVERGE	no	yes		1	1
18	18.58	cet	cet	indecl	kaunteya	kaunteya	nominal	LEMMA+POS_DIVERGE	no	no		1	1
18	18.58	tvam	yuṣmat	nominal	niṣṭhā	niṣṭhā	nominal	LEMMA_DIVERGE	no	yes		1	1
18	18.58	ahaṁ-kārāt	ahaṁ-kāra	nominal	jñānasya	jñāna	nominal	LEMMA_DIVERGE	no	yes		1	1
18	18.58	na	na	indecl	yā	yad	nominal	LEMMA+POS_DIVERGE	no	no		1	1
18	18.58	śroṣyasi	√śru	verb	parā	para	nominal	LEMMA+POS_DIVERGE	no	no		1	1
18	18.58	vinaṅkṣyasi	vi-√naś	verb	buddhyā	buddhi	nominal	LEMMA+POS_DIVERGE	no	no		1	1
18	18.59	yat	yat	indecl	viśuddhayā	viśudh	verb	LEMMA+POS_DIVERGE	no	no		1	1
18	18.59	ahaṁ-kāram	ahaṁ-kāra	nominal	yukto	yuj	verb	LEMMA+POS_DIVERGE	no	no		1	1
18	18.59	āśritya	ā-√śri	unknown	dhṛtya	dhṛ	verb	LEMMA+POS_DIVERGE	no	no		1	1
18	18.59	na	na	indecl	ātmānam	ātman	nominal	LEMMA+POS_DIVERGE	no	no		1	1
18	18.59	yotsye	√yudh	verb	niyamya	niyam	verb	LEMMA_DIVERGE	no	yes		1	1
18	18.59	iti	iti	indecl	ca	ca	indecl	LEMMA_DIVERGE	no	yes		1	1
18	18.59	manyase	√man	verb	śabda	śabda	nominal	LEMMA+POS_DIVERGE	no	no		1	1
18	18.59	mithyā	mithyā	indecl	ādīn	ādi	nominal	LEMMA+POS_DIVERGE	no	no		1	1
18	18.59	eṣaḥ	etad	nominal	viṣayān	viṣaya	nominal	LEMMA_DIVERGE	no	yes		1	1
18	18.59	vyavasāyaḥ	vyavasāya	nominal	tyaktvā	tyaj	verb	LEMMA+POS_DIVERGE	no	no		1	1
18	18.59	te	yuṣmat	nominal	rāga	rāga	nominal	LEMMA_DIVERGE	no	yes		1	1
18	18.59	prakṛtiḥ	prakṛti	nominal	dveṣau	dveṣa	nominal	LEMMA_DIVERGE	no	yes		1	1
18	18.59	tvām	yuṣmat	nominal	vyudasya	vyudas	verb	LEMMA+POS_DIVERGE	no	no		1	1
18	18.59	niyokṣyati	ni-√yuj	verb	ca	ca	indecl	LEMMA+POS_DIVERGE	no	no		1	1
18	18.60	sva-bhāva-jena	sva-bhāva-ja	nominal	vivikta	vivikta	nominal	LEMMA_DIVERGE	no	yes		1	1
18	18.60	kaunteya	kaunteya	nominal	sevī	sevin	indecl	LEMMA+POS_DIVERGE	no	no		1	1
18	18.60	nibaddhaḥ	ni-baddha	nominal	laghu	laghu	indecl	LEMMA+POS_DIVERGE	no	no		1	1
18	18.60	svena	sva	nominal	āśī	āśin	indecl	LEMMA+POS_DIVERGE	no	no		1	1
18	18.60	karmaṇā	karman	nominal	yata	yam	verb	LEMMA+POS_DIVERGE	no	no		1	1
18	18.60	kartum	√kṛ	unknown	vāc	vāc	nominal	LEMMA+POS_DIVERGE	no	no		1	1
18	18.60	na	na	indecl	kāya	kāya	nominal	LEMMA+POS_DIVERGE	no	no		1	1
18	18.60	icchasi	√iṣ	verb	mānasaḥ	mānasa	nominal	LEMMA+POS_DIVERGE	no	no		1	1
18	18.60	yat	yat	nominal	dhyāna	dhyāna	nominal	LEMMA_DIVERGE	no	yes		1	1
18	18.60	mohāt	moha	nominal	yoga	yoga	nominal	LEMMA_DIVERGE	no	yes		1	1
18	18.60	kariṣyasi	√kṛ	verb	paraḥ	para	nominal	LEMMA+POS_DIVERGE	no	no		1	1
18	18.60	avaśaḥ	avaśa	nominal	nityaṃ	nityam	indecl	LEMMA+POS_DIVERGE	no	no		1	1
18	18.60	api	api	indecl	vairāgyaṃ	vairāgya	nominal	LEMMA+POS_DIVERGE	no	no		1	1
18	18.60	tat	tat	nominal	samupāśritaḥ	samupāśri	verb	LEMMA+POS_DIVERGE	no	no		1	1
18	18.61	īśvaraḥ	īśvara	nominal	ahaṃkāraṃ	ahaṃkāra	nominal	LEMMA_DIVERGE	no	yes		1	1
18	18.61	sarva-bhūtānām	sarva-bhūta	nominal	balaṃ	bala	nominal	LEMMA_DIVERGE	no	yes		1	1
18	18.61	hṛd-deśe	hṛd-deśa	nominal	darpaṃ	darpa	nominal	LEMMA_DIVERGE	no	yes		1	1
18	18.61	arjuna	arjuna	nominal	kāmaṃ	kāma	nominal	LEMMA_DIVERGE	no	yes		1	1
18	18.61	tiṣṭhati	√sthā	verb	krodhaṃ	krodha	nominal	LEMMA+POS_DIVERGE	no	no		1	1
18	18.61	bhrāmayan	bhrāmayant	nominal	parigraham	parigraha	nominal	LEMMA_DIVERGE	no	yes		1	1
18	18.61	sarva-bhūtāni	sarva-bhūta	nominal	vimucya	vimuc	verb	LEMMA+POS_DIVERGE	no	no		1	1
18	18.61	yantrārūḍhāni	yantra-ārūḍha	nominal	nirmamaḥ	nirmama	indecl	LEMMA+POS_DIVERGE	no	no		1	1
18	18.61	māyayā	māyā	nominal	śānto	śam	verb	LEMMA+POS_DIVERGE	no	no		1	1
18	18.62	tam	tat	nominal	brahma	brahman	nominal	LEMMA_DIVERGE	no	yes		1	1
18	18.62	eva	eva	indecl	bhūyāya	bhūya	nominal	LEMMA+POS_DIVERGE	no	no		1	1
18	18.62	śaraṇam	śaraṇa	nominal	kalpate	kﾱp	verb	LEMMA+POS_DIVERGE	no	no		1	1
18	18.62	gaccha	√gam	verb	brahma	brahman	nominal	LEMMA+POS_DIVERGE	no	no		1	1
18	18.62	sarva-bhāvena	sarva-bhāva	nominal	bhūtaḥ	bhū	verb	LEMMA+POS_DIVERGE	no	no		1	1
18	18.62	bhārata	bhārata	nominal	prasanna	prasad	verb	LEMMA+POS_DIVERGE	no	no		1	1
18	18.62	tat-prasādāt	tad-prasāda	nominal	ātmā	ātman	nominal	LEMMA_DIVERGE	no	yes		1	1
18	18.62	parām	para	nominal	na	na	indecl	LEMMA+POS_DIVERGE	no	no		1	1
18	18.62	śāntim	śānti	nominal	śocati	śuc	verb	LEMMA+POS_DIVERGE	no	no		1	1
18	18.62	sthānam	sthāna	nominal	na	na	indecl	LEMMA+POS_DIVERGE	no	no		1	1
18	18.62	prāpsyasi	pra-√āp	verb	kāṅkṣati	kāṅkṣ	verb	LEMMA_DIVERGE	no	yes		1	1
18	18.62	śāśvatam	śāśvata	nominal	samaḥ	sama	nominal	LEMMA_DIVERGE	no	yes		1	1
18	18.63	iti	iti	indecl	sarveṣu	sarva	nominal	LEMMA+POS_DIVERGE	no	no		1	1
18	18.63	te	yuṣmat	nominal	bhūteṣu	bhūta	nominal	LEMMA_DIVERGE	no	yes		1	1
18	18.63	jñānam	jñāna	nominal	mad	mad	nominal	LEMMA_DIVERGE	no	yes		1	1
18	18.63	ākhyātam	ā-khyāta	nominal	bhaktim	bhakti	nominal	LEMMA_DIVERGE	no	yes		1	1
18	18.63	guhyāt	guhya	nominal	labhate	labh	verb	LEMMA+POS_DIVERGE	no	no		1	1
18	18.63	guhyataram	guhyatara	nominal	parām	para	nominal	LEMMA_DIVERGE	no	yes		1	1
18	18.63	mayā	asmat	nominal	bhaktyā	bhakti	nominal	LEMMA_DIVERGE	no	yes		1	1
18	18.63	vimṛśya	vi-√mṛś	unknown	mām	mad	nominal	LEMMA+POS_DIVERGE	no	no		1	1
18	18.63	etad	etad	nominal	abhijānāti	abhijñā	verb	LEMMA+POS_DIVERGE	no	no		1	1
18	18.63	aśeṣeṇa	aśeṣeṇa	indecl	yāvān	yāvat	indecl	LEMMA_DIVERGE	no	yes		1	1
18	18.63	yathā	yathā	indecl	yaḥ	yad	nominal	LEMMA+POS_DIVERGE	no	no		1	1
18	18.63	icchasi	√iṣ	verb	ca	ca	indecl	LEMMA+POS_DIVERGE	no	no		1	1
18	18.63	tathā	tathā	indecl	asmi	as	verb	LEMMA+POS_DIVERGE	no	no		1	1
18	18.63	kuru	√kṛ	verb	tattvataḥ	tattva	nominal	LEMMA+POS_DIVERGE	no	no		1	1
18	18.64	sarva-guhyatamam	sarva-guhyatama	nominal	tato	tatas	indecl	LEMMA+POS_DIVERGE	no	no		1	1
18	18.64	bhūyaḥ	bhūyaḥ	indecl	māṃ	mad	nominal	LEMMA+POS_DIVERGE	no	no		1	1
18	18.64	śṛṇu	√śru	verb	tattvato	tattva	nominal	LEMMA+POS_DIVERGE	no	no		1	1
18	18.64	me	asmat	nominal	jñātvā	jñā	verb	LEMMA+POS_DIVERGE	no	no		1	1
18	18.64	paramam	parama	nominal	viśate	viś	verb	LEMMA+POS_DIVERGE	no	no		1	1
18	18.64	vacaḥ	vacas	nominal	tat	tad	nominal	LEMMA_DIVERGE	no	yes		1	1
18	18.64	iṣṭaḥ	iṣṭa	nominal	anantaram	anantaram	indecl	LEMMA+POS_DIVERGE	no	no		1	1
18	18.64	asi	√as	verb	sarva	sarva	nominal	LEMMA+POS_DIVERGE	no	no		1	1
18	18.64	me	asmat	nominal	karmāṇi	karman	nominal	LEMMA_DIVERGE	no	yes		1	1
18	18.64	dṛḍham	dṛḍham	indecl	api	api	indecl	LEMMA_DIVERGE	no	yes		1	1
18	18.64	iti	iti	indecl	sadā	sadā	indecl	LEMMA_DIVERGE	no	yes		1	1
18	18.64	tataḥ	tataḥ	indecl	kurvāṇo	kṛ	verb	LEMMA+POS_DIVERGE	no	no		1	1
18	18.64	vakṣyāmi	√vac	verb	mad	mad	nominal	LEMMA+POS_DIVERGE	no	no		1	1
18	18.64	te	yuṣmat	nominal	vyapāśrayaḥ	vyapāśraya	nominal	LEMMA_DIVERGE	no	yes		1	1
18	18.64	hitam	hita	nominal	mad	mad	nominal	LEMMA_DIVERGE	no	yes		1	1
18	18.65	man-manāḥ	man-manas	nominal	prasādāt	prasāda	nominal	LEMMA_DIVERGE	no	yes		1	1
18	18.65	bhava	√bhū	verb	avāpnoti	avāp	verb	LEMMA_DIVERGE	no	yes		1	1
18	18.65	mad-bhaktaḥ	mad-bhakta	nominal	śāśvataṃ	śāśvata	indecl	LEMMA+POS_DIVERGE	no	no		1	1
18	18.65	mad-yājī	mad-yājin	nominal	padam	pada	nominal	LEMMA_DIVERGE	no	yes		1	1
18	18.65	mām	asmat	nominal	avyayam	avyaya	indecl	LEMMA+POS_DIVERGE	no	no		1	1
18	18.65	namaḥ	namaḥ	nominal	cetasā	cetas	nominal	LEMMA_DIVERGE	no	yes		1	1
18	18.65	kuru	√kṛ	verb	sarva	sarva	nominal	LEMMA+POS_DIVERGE	no	no		1	1
18	18.65	mām	asmat	nominal	karmāṇi	karman	nominal	LEMMA_DIVERGE	no	yes		1	1
18	18.65	eva	eva	indecl	mayi	mad	nominal	LEMMA+POS_DIVERGE	no	no		1	1
18	18.65	eṣyasi	√i	verb	saṃnyasya	saṃnyas	verb	LEMMA_DIVERGE	no	yes		1	1
18	18.65	satyam	satyam	indecl	mad	mad	nominal	LEMMA+POS_DIVERGE	no	no		1	1
18	18.65	te	yuṣmat	nominal	paraḥ	para	nominal	LEMMA_DIVERGE	no	yes		1	1
18	18.65	pratijāne	prati-√jñā	verb	buddhi	buddhi	nominal	LEMMA+POS_DIVERGE	no	no		1	1
18	18.65	priyaḥ	priya	nominal	yogam	yoga	nominal	LEMMA_DIVERGE	no	yes		1	1
18	18.65	asi	√as	verb	upāśritya	upāśri	verb	LEMMA_DIVERGE	no	yes		1	1
18	18.65	me	asmat	nominal	mad	mad	nominal	LEMMA_CONVENTION	no	yes	pronoun-stem	1	1
18	18.66	sarva-dharmān	sarva-dharma	nominal	cittaḥ	citta	nominal	LEMMA_DIVERGE	no	yes		1	1
18	18.66	parityajya	pari-√tyaj	unknown	satataṃ	satatam	indecl	LEMMA+POS_DIVERGE	no	no		1	1
18	18.66	mām	asmat	nominal	bhava	bhū	verb	LEMMA+POS_DIVERGE	no	no		1	1
18	18.66	ekam	eka	nominal	mad	mad	nominal	LEMMA_DIVERGE	no	yes		1	1
18	18.66	śaraṇam	śaraṇa	nominal	cittaḥ	citta	nominal	LEMMA_DIVERGE	no	yes		1	1
18	18.66	vraja	√vraj	verb	sarva	sarva	nominal	LEMMA+POS_DIVERGE	no	no		1	1
18	18.66	aham	asmat	nominal	durgāṇi	durga	nominal	LEMMA_DIVERGE	no	yes		1	1
18	18.66	tvā	yuṣmat	nominal	mad	mad	nominal	LEMMA_DIVERGE	no	yes		1	1
18	18.66	sarva-pāpebhyaḥ	sarva-pāpa	nominal	prasādāt	prasāda	nominal	LEMMA_DIVERGE	no	yes		1	1
18	18.66	mokṣayiṣyāmi	√muc	verb	tariṣyasi	tṛ	verb	LEMMA_DIVERGE	no	yes		1	1
18	18.66	mā	mā	indecl	atha	atha	indecl	LEMMA_DIVERGE	no	yes		1	1
18	18.66	śucaḥ	√śuc	verb	ced	ced	indecl	LEMMA+POS_DIVERGE	no	no		1	1
18	18.67	idam	idam	nominal	tvam	tvad	nominal	LEMMA_DIVERGE	no	yes		1	1
18	18.67	te	yuṣmat	nominal	ahaṃkārāt	ahaṃkāra	nominal	LEMMA_DIVERGE	no	yes		1	1
18	18.67	na	na	indecl	na	na	indecl	MATCH	yes	yes		1	1
18	18.67	atapaskāya	a-tapaska	nominal	śroṣyasi	śru	verb	LEMMA+POS_DIVERGE	no	no		1	1
18	18.67	na	na	indecl	vinaṅkṣyasi	vinaś	verb	LEMMA+POS_DIVERGE	no	no		1	1
18	18.67	abhaktāya	a-bhakta	nominal	yat	yat	indecl	LEMMA+POS_DIVERGE	no	no		1	1
18	18.67	kadā-cana	kadā-cana	indecl	ahaṃkāram	ahaṃkāra	nominal	LEMMA+POS_DIVERGE	no	no		1	1
18					āśritya	āśri	verb	GOLD_ONLY				0	1
18	18.67	na	na	indecl	na	na	indecl	MATCH	yes	yes		1	1
18	18.67	ca	ca	indecl	yotsya	yudh	verb	LEMMA+POS_DIVERGE	no	no		1	1
18	18.67	aśuśrūṣave	a-śuśrūṣu	nominal	iti	iti	indecl	LEMMA+POS_DIVERGE	no	no		1	1
18	18.67	vācyam	vācya	nominal	manyase	man	verb	LEMMA+POS_DIVERGE	no	no		1	1
18	18.67	na	na	indecl	mithyā	mithyā	indecl	LEMMA_DIVERGE	no	yes		1	1
18	18.67	ca	ca	indecl	eṣa	etad	nominal	LEMMA+POS_DIVERGE	no	no		1	1
18	18.67	mām	asmat	nominal	vyavasāyaḥ	vyavasāya	nominal	LEMMA_DIVERGE	no	yes		1	1
18	18.67	yaḥ	yat	nominal	te	tvad	nominal	LEMMA_DIVERGE	no	yes		1	1
18	18.67	abhyasūyati	abhi-√asūya	verb	prakṛtiḥ	prakṛti	nominal	LEMMA+POS_DIVERGE	no	no		1	1
18	18.68	yaḥ	yat	nominal	tvām	tvad	nominal	LEMMA_DIVERGE	no	yes		1	1
18	18.68	idam	idam	nominal	niyokṣyati	niyuj	verb	LEMMA+POS_DIVERGE	no	no		1	1
18	18.68	paramam	parama	nominal	svabhāva	svabhāva	nominal	LEMMA_DIVERGE	no	yes		1	1
18	18.68	guhyam	guhya	nominal	jena	ja	indecl	LEMMA+POS_DIVERGE	no	no		1	1
18	18.68	mad-bhakteṣu	mad-bhakta	nominal	kaunteya	kaunteya	nominal	LEMMA_DIVERGE	no	yes		1	1
18	18.68	abhidhāsyati	abhi-√dhā	verb	nibaddhaḥ	nibandh	verb	LEMMA_DIVERGE	no	yes		1	1
18	18.68	bhaktim	bhakti	nominal	svena	sva	indecl	LEMMA+POS_DIVERGE	no	no		1	1
18	18.68	mayi	asmat	nominal	karmaṇā	karman	nominal	LEMMA_DIVERGE	no	yes		1	1
18	18.68	parām	para	nominal	kartuṃ	kṛ	verb	LEMMA+POS_DIVERGE	no	no		1	1
18	18.68	kṛtvā	√kṛ	unknown	na	na	indecl	LEMMA+POS_DIVERGE	no	no		1	1
18	18.68	mām	asmat	nominal	icchasi	iṣ	verb	LEMMA+POS_DIVERGE	no	no		1	1
18	18.68	eva	eva	indecl	yat	yad	nominal	LEMMA+POS_DIVERGE	no	no		1	1
18	18.68	eṣyaty	√i	verb	mohāt	moha	nominal	LEMMA+POS_DIVERGE	no	no		1	1
18	18.68	asaṁśayaḥ	a-saṁśaya	nominal	kariṣyasi	kṛ	verb	LEMMA+POS_DIVERGE	no	no		1	1
18	18.69	na	na	indecl	avaśaḥ	avaśa	indecl	LEMMA_DIVERGE	no	yes		1	1
18	18.69	ca	ca	indecl	'pi	api	indecl	LEMMA_DIVERGE	no	yes		1	1
18	18.69	tasmāt	tasmāt	indecl	tat	tad	nominal	LEMMA+POS_DIVERGE	no	no		1	1
18	18.69	manuṣyeṣu	manuṣya	nominal	īśvaraḥ	īśvara	nominal	LEMMA_DIVERGE	no	yes		1	1
18	18.69	kaś-cit	kim-cit	nominal	sarva	sarva	nominal	LEMMA_DIVERGE	no	yes		1	1
18	18.69	me	asmat	nominal	bhūtānām	bhūta	nominal	LEMMA_DIVERGE	no	yes		1	1
18	18.69	priya-kṛttamaḥ	priya-kṛttama	nominal	hṛd	hṛd	nominal	LEMMA_DIVERGE	no	yes		1	1
18	18.69	bhavitā	√bhū	verb	deśe	deśa	nominal	LEMMA+POS_DIVERGE	no	no		1	1
18	18.69	na	na	indecl	'rjuna	arjuna	nominal	LEMMA+POS_DIVERGE	no	no		1	1
18	18.69	ca	ca	indecl	tiṣṭhati	sthā	verb	LEMMA+POS_DIVERGE	no	no		1	1
18	18.69	me	asmat	nominal	bhrāmayan	bhrāmay	verb	LEMMA+POS_DIVERGE	no	no		1	1
18	18.69	tasmāt	tasmāt	indecl	sarva	sarva	nominal	LEMMA+POS_DIVERGE	no	no		1	1
18	18.69	anyaḥ	anya	nominal	bhūtāni	bhūta	nominal	LEMMA_DIVERGE	no	yes		1	1
18	18.69	priyataraḥ	priya-tara	nominal	yantra	yantra	nominal	LEMMA_DIVERGE	no	yes		1	1
18	18.69	bhuvi	bhū	nominal	ārūḍhāni	āruh	verb	LEMMA+POS_DIVERGE	no	no		1	1
18	18.70	adhyeṣyate	adhi-√i	verb	māyayā	māyā	nominal	LEMMA+POS_DIVERGE	no	no		1	1
18	18.70	ca	ca	indecl	tam	tad	nominal	LEMMA+POS_DIVERGE	no	no		1	1
18	18.70	yaḥ	yat	nominal	eva	eva	indecl	LEMMA+POS_DIVERGE	no	no		1	1
18	18.70	imam	idam	nominal	śaraṇaṃ	śaraṇa	nominal	LEMMA_DIVERGE	no	yes		1	1
18	18.70	dharmyam	dharmya	nominal	gaccha	gam	verb	LEMMA+POS_DIVERGE	no	no		1	1
18	18.70	saṁvādam	sam-vāda	nominal	sarva	sarva	nominal	LEMMA_DIVERGE	no	yes		1	1
18	18.70	āvayoḥ	asmat	nominal	bhāvena	bhāva	nominal	LEMMA_DIVERGE	no	yes		1	1
18	18.70	jñāna-yajñena	jñāna-yajña	nominal	bhārata	bhārata	nominal	LEMMA_DIVERGE	no	yes		1	1
18	18.70	tenā	tat	nominal	tad	tad	nominal	LEMMA_CONVENTION	no	yes	pronoun-stem	1	1
18	18.70	aham	asmat	nominal	prasādāt	prasāda	nominal	LEMMA_DIVERGE	no	yes		1	1
18	18.70	iṣṭaḥ	iṣṭa	nominal	parām	para	nominal	LEMMA_DIVERGE	no	yes		1	1
18	18.70	syām	√as	verb	śāntiṃ	śānti	nominal	LEMMA+POS_DIVERGE	no	no		1	1
18	18.70	iti	iti	indecl	sthānaṃ	sthāna	nominal	LEMMA+POS_DIVERGE	no	no		1	1
18	18.70	me	asmat	nominal	prāpsyasi	prāp	verb	LEMMA+POS_DIVERGE	no	no		1	1
18	18.70	matiḥ	mati	nominal	śāśvatam	śāśvata	indecl	LEMMA+POS_DIVERGE	no	no		1	1
18	18.71	śraddhāvān	śraddhā-vant	nominal	iti	iti	indecl	LEMMA+POS_DIVERGE	no	no		1	1
18	18.71	anasūyaḥ	an-asūyu	nominal	te	tvad	nominal	LEMMA_DIVERGE	no	yes		1	1
18	18.71	ca	ca	indecl	jñānam	jñāna	nominal	LEMMA+POS_DIVERGE	no	no		1	1
18	18.71	śṛṇuyāt	√śru	verb	ākhyātam	ākhyā	verb	LEMMA_DIVERGE	no	yes		1	1
18	18.71	api	api	indecl	guhyāt	guhya	indecl	LEMMA_DIVERGE	no	yes		1	1
18	18.71	yaḥ	yat	nominal	guhyataram	guhyatara	indecl	LEMMA+POS_DIVERGE	no	no		1	1
18	18.71	naraḥ	nara	nominal	mayā	mad	nominal	LEMMA_DIVERGE	no	yes		1	1
18	18.71	saḥ	tat	nominal	vimṛśya	vimṛś	verb	LEMMA+POS_DIVERGE	no	no		1	1
18	18.71	api	api	indecl	etat	etad	nominal	LEMMA+POS_DIVERGE	no	no		1	1
18	18.71	muktaḥ	mukta	nominal	aśeṣeṇa	aśeṣeṇa	indecl	LEMMA+POS_DIVERGE	no	no		1	1
18	18.71	śubhān	śubha	nominal	yathā	yathā	indecl	LEMMA+POS_DIVERGE	no	no		1	1
18	18.71	lokān	loka	nominal	icchasi	iṣ	verb	LEMMA+POS_DIVERGE	no	no		1	1
18	18.71	prāpnuyāt	pra-√āp	verb	tathā	tathā	indecl	LEMMA+POS_DIVERGE	no	no		1	1
18	18.71	puṇya-karmaṇām	puṇya-karman	nominal	kuru	kṛ	verb	LEMMA+POS_DIVERGE	no	no		1	1
18	18.72	kac-cit	kac-cit	indecl	sarva	sarva	nominal	LEMMA+POS_DIVERGE	no	no		1	1
18	18.72	etat	etat	nominal	guhyatamam	guhyatama	indecl	LEMMA+POS_DIVERGE	no	no		1	1
18	18.72	śrutam	śruta	nominal	bhūyaḥ	bhūyas	indecl	LEMMA+POS_DIVERGE	no	no		1	1
18	18.72	pārtha	pārtha	nominal	śṛṇu	śru	verb	LEMMA+POS_DIVERGE	no	no		1	1
18	18.72	tvayā	yuṣmat	nominal	me	mad	nominal	LEMMA_DIVERGE	no	yes		1	1
18	18.72	ekāgreṇa	eka-agra	nominal	paramaṃ	parama	indecl	LEMMA+POS_DIVERGE	no	no		1	1
18	18.72	cetasā	cetas	nominal	vacaḥ	vacas	nominal	LEMMA_DIVERGE	no	yes		1	1
18	18.72	kac-cit	kac-cit	indecl	iṣṭo	iṣ	verb	LEMMA+POS_DIVERGE	no	no		1	1
18	18.72	ajñāna-saṁmohaḥ	ajñāna-saṁ-moha	nominal	'si	as	verb	LEMMA+POS_DIVERGE	no	no		1	1
18	18.72	pranaṣṭaḥ	pra-naṣṭa	nominal	me	mad	nominal	LEMMA_DIVERGE	no	yes		1	1
18	18.72	te	yuṣmat	nominal	dṛḍham	dṛḍham	indecl	LEMMA+POS_DIVERGE	no	no		1	1
18	18.72	dhanaṁjaya	dhanaṁ-jaya	nominal	iti	iti	indecl	LEMMA+POS_DIVERGE	no	no		1	1
18	18.73	arjunaḥ	arjuna	nominal	tato	tatas	indecl	LEMMA+POS_DIVERGE	no	no		1	1
18	18.73	uvāca	√vac	verb	vakṣyāmi	vac	verb	MATCH	yes	yes		1	1
18	18.73	naṣṭaḥ	naṣṭa	nominal	te	tvad	nominal	LEMMA_DIVERGE	no	yes		1	1
18	18.73	mohaḥ	moha	nominal	hitam	hita	indecl	LEMMA+POS_DIVERGE	no	no		1	1
18	18.73	smṛtiḥ	smṛti	nominal	mad	mad	nominal	LEMMA_DIVERGE	no	yes		1	1
18	18.73	labdhā	labdhā	nominal	manāḥ	manas	nominal	LEMMA_DIVERGE	no	yes		1	1
18	18.73	tvat-prasādāt	tvat-prasāda	nominal	bhava	bhū	verb	LEMMA+POS_DIVERGE	no	no		1	1
18	18.73	mayā	asmat	nominal	mad	mad	nominal	LEMMA_CONVENTION	no	yes	pronoun-stem	1	1
18	18.73	acyuta	a-cyuta	nominal	bhaktaḥ	bhakta	nominal	LEMMA_DIVERGE	no	yes		1	1
18	18.73	sthitaḥ	sthita	nominal	mad	mad	nominal	LEMMA_DIVERGE	no	yes		1	1
18	18.73	asmi	√as	verb	yājī	yājin	indecl	LEMMA+POS_DIVERGE	no	no		1	1
18	18.73	gata-saṁdehaḥ	gata-saṁdeha	nominal	māṃ	mad	nominal	LEMMA_DIVERGE	no	yes		1	1
18	18.73	kariṣye	√kṛ	verb	namaskuru	namaskṛ	verb	LEMMA_DIVERGE	no	yes		1	1
18	18.73	vacanam	vacana	nominal	mām	mad	nominal	LEMMA_DIVERGE	no	yes		1	1
18	18.73	tava	yuṣmat	nominal	eva	eva	indecl	LEMMA+POS_DIVERGE	no	no		1	1
18	18.74	saṁjayaḥ	sam-jaya	nominal	eṣyasi	i	verb	LEMMA+POS_DIVERGE	no	no		1	1
18	18.74	uvāca	√vac	verb	satyaṃ	satya	nominal	LEMMA+POS_DIVERGE	no	no		1	1
18	18.74	iti	iti	indecl	te	tvad	nominal	LEMMA+POS_DIVERGE	no	no		1	1
18	18.74	aham	asmat	nominal	pratijāne	pratijñā	verb	LEMMA+POS_DIVERGE	no	no		1	1
18	18.74	vāsudevasya	vāsudeva	nominal	priyo	priya	indecl	LEMMA+POS_DIVERGE	no	no		1	1
18	18.74	pārthasya	pārtha	nominal	'si	as	verb	LEMMA+POS_DIVERGE	no	no		1	1
18	18.74	ca	ca	indecl	me	mad	nominal	LEMMA+POS_DIVERGE	no	no		1	1
18	18.74	mahātmanaḥ	mahā-ātman	nominal	sarva	sarva	nominal	LEMMA_DIVERGE	no	yes		1	1
18	18.74	saṁvādam	sam-vāda	nominal	dharmān	dharma	nominal	LEMMA_DIVERGE	no	yes		1	1
18					parityajya	parityaj	verb	GOLD_ONLY				0	1
18	18.74	imam	idam	nominal	mām	mad	nominal	LEMMA_DIVERGE	no	yes		1	1
18	18.74	aśrauṣam	√śru	verb	ekam	eka	indecl	LEMMA+POS_DIVERGE	no	no		1	1
18	18.74	adbhutam	ad-bhuta	nominal	śaraṇaṃ	śaraṇa	nominal	LEMMA_DIVERGE	no	yes		1	1
18	18.74	roma-harṣaṇam	roma-harṣaṇa	nominal	vraja	vraj	verb	LEMMA+POS_DIVERGE	no	no		1	1
18	18.75	vyāsa-prasādāt	vyāsa-prasāda	nominal	ahaṃ	mad	nominal	LEMMA_DIVERGE	no	yes		1	1
18	18.75	śrutavān	śruta	nominal	tvā	tvad	nominal	LEMMA_DIVERGE	no	yes		1	1
18	18.75	etat	etat	nominal	sarva	sarva	nominal	LEMMA_DIVERGE	no	yes		1	1
18	18.75	guhyam	guhya	nominal	pāpebhyaḥ	pāpa	nominal	LEMMA_DIVERGE	no	yes		1	1
18	18.75	aham	asmat	nominal	mokṣayiṣyāmi	mokṣay	verb	LEMMA+POS_DIVERGE	no	no		1	1
18	18.75	param	para	nominal	mā	mā	indecl	LEMMA+POS_DIVERGE	no	no		1	1
18	18.75	yogam	yoga	nominal	śucaḥ	śuc	verb	LEMMA+POS_DIVERGE	no	no		1	1
18	18.75	yogeśvarāt	yoga-īśvara	nominal	idaṃ	idam	nominal	LEMMA_DIVERGE	no	yes		1	1
18	18.75	kṛṣṇāt	kṛṣṇa	nominal	te	tvad	nominal	LEMMA_DIVERGE	no	yes		1	1
18	18.75	sākṣāt	sākṣāt	indecl	na	na	indecl	LEMMA_DIVERGE	no	yes		1	1
18	18.75	kathayataḥ	kathayant	nominal	atapaskāya	atapaska	indecl	LEMMA+POS_DIVERGE	no	no		1	1
18	18.75	svayam	svayam	indecl	na	na	indecl	LEMMA_DIVERGE	no	yes		1	1
18	18.76	rājan	rājan	nominal	abhaktāya	abhakta	indecl	LEMMA+POS_DIVERGE	no	no		1	1
18	18.76	saṁsmṛtya saṁsmṛtya	sam-√smṛ	unknown	kadācana	kadācana	indecl	LEMMA+POS_DIVERGE	no	no		1	1
18	18.76	saṁvādam	sam-vāda	nominal	na	na	indecl	LEMMA+POS_DIVERGE	no	no		1	1
18	18.76	imam	idam	nominal	ca	ca	indecl	LEMMA+POS_DIVERGE	no	no		1	1
18	18.76	adbhutam	ad-bhuta	nominal	aśuśrūṣave	aśuśrūṣu	indecl	LEMMA+POS_DIVERGE	no	no		1	1
18	18.76	keśavārjunayoḥ	keśava-arjuna	nominal	vācyaṃ	vac	verb	LEMMA+POS_DIVERGE	no	no		1	1
18	18.76	puṇyam	puṇya	nominal	na	na	indecl	LEMMA+POS_DIVERGE	no	no		1	1
18	18.76	hṛṣyāmi	√hṛṣ	verb				DCS_ONLY				1	0
18	18.76	ca	ca	indecl	ca	ca	indecl	MATCH	yes	yes		1	1
18	18.76	muhuḥ muhuḥ	muhuḥ muhuḥ	indecl	māṃ	mad	nominal	LEMMA+POS_DIVERGE	no	no		1	1
18	18.77	tat	tat	nominal	yo	yad	nominal	LEMMA_DIVERGE	no	yes		1	1
18	18.77	ca	ca	indecl	'bhyasūyati	abhyasūy	verb	LEMMA+POS_DIVERGE	no	no		1	1
18	18.77	saṁsmṛtya saṁsmṛtya	sam-√smṛ	unknown	ya	yad	nominal	LEMMA+POS_DIVERGE	no	no		1	1
18	18.77	rūpam	rūpa	nominal	idaṃ	idam	nominal	LEMMA_DIVERGE	no	yes		1	1
18	18.77	aty-adbhutam	ati-adbhuta	nominal	paramaṃ	parama	indecl	LEMMA+POS_DIVERGE	no	no		1	1
18	18.77	hareḥ	hari	nominal	guhyaṃ	guhya	nominal	LEMMA_DIVERGE	no	yes		1	1
18	18.77	vismayaḥ	vismaya	nominal	mad	mad	nominal	LEMMA_DIVERGE	no	yes		1	1
18	18.77	me	asmat	nominal	bhakteṣu	bhakta	nominal	LEMMA_DIVERGE	no	yes		1	1
18	18.77	mahān	mahant	nominal	abhidhāsyati	abhidhā	verb	LEMMA+POS_DIVERGE	no	no		1	1
18	18.77	rājan	rājan	nominal	bhaktiṃ	bhakti	nominal	LEMMA_DIVERGE	no	yes		1	1
18	18.77	hṛṣyāmi	√hṛṣ	verb	mayi	mad	nominal	LEMMA+POS_DIVERGE	no	no		1	1
18	18.77	ca	ca	indecl	parāṃ	para	nominal	LEMMA+POS_DIVERGE	no	no		1	1
18	18.77	punaḥ punaḥ	punaḥ punaḥ	indecl	kṛtvā	kṛ	verb	LEMMA+POS_DIVERGE	no	no		1	1
18	18.78	yatra	yatra	indecl	mām	mad	nominal	LEMMA+POS_DIVERGE	no	no		1	1
18	18.78	yogeśvaraḥ	yoga-īśvara	nominal	eva	eva	indecl	LEMMA+POS_DIVERGE	no	no		1	1
18	18.78	kṛṣṇaḥ	kṛṣṇa	nominal	eṣyati	i	verb	LEMMA+POS_DIVERGE	no	no		1	1
18	18.78	yatra	yatra	indecl	asaṃśayaḥ	asaṃśaya	indecl	LEMMA_DIVERGE	no	yes		1	1
18	18.78	pārthaḥ	pārtha	nominal	na	na	indecl	LEMMA+POS_DIVERGE	no	no		1	1
18	18.78	dhanur-dharaḥ	dhanur-dhara	nominal	ca	ca	indecl	LEMMA+POS_DIVERGE	no	no		1	1
18	18.78	tatra	tatra	indecl	tasmāt	tasmāt	indecl	LEMMA_DIVERGE	no	yes		1	1
18	18.78	śrīḥ	śrī	nominal	manuṣyeṣu	manuṣya	nominal	LEMMA_DIVERGE	no	yes		1	1
18	18.78	vijayaḥ	vijaya	nominal	kaścid	kaścit	nominal	LEMMA_DIVERGE	no	yes		1	1
18	18.78	bhūtiḥ	bhūti	nominal	me	mad	nominal	LEMMA_DIVERGE	no	yes		1	1
18	18.78	dhruvā	dhruvā	nominal	priya	priya	indecl	LEMMA+POS_DIVERGE	no	no		1	1
18	18.78	nītiḥ	nīti	nominal	kṛttamaḥ	kṛttama	indecl	LEMMA+POS_DIVERGE	no	no		1	1
18	18.78	matiḥ	mati	nominal	bhavitā	bhū	verb	LEMMA+POS_DIVERGE	no	no		1	1
18	18.78	mama	asmat	nominal	na	na	indecl	LEMMA+POS_DIVERGE	no	no		1	1
18					ca|me|tasmāt|anyaḥ|priyataro|bhuvi|adhyeṣyate|ca|ya|imaṃ|dharmyaṃ|saṃvādam|āvayoḥ|jñāna|yajñena|tena|aham|iṣṭaḥ|syām|iti|me|matiḥ|śraddhāvān|an|asūyaḥ|ca|śṛṇuyāt|api|yo|naraḥ|so|'pi|muktaḥ|śubhān|lokān|prāpnuyāt|puṇya|karmaṇām|kaccit|etat|śrutam|pārtha|tvayā|ekāgreṇa|cetasā|kaccit|ajñāna|saṃmohaḥ|pranaṣṭaḥ|te|dhanaṃjaya|arjuna|uvāca|naṣṭo|mohaḥ|smṛtiḥ|labdhā|tvad|prasādāt|mayā|acyuta|sthito|'smi|gata|saṃdehaḥ|kariṣye|vacanaṃ|tava|saṃjaya|uvāca|iti|aham|vāsudevasya|pārthasya|ca|mahātmanaḥ|saṃvādam|imam|aśrauṣam|adbhutam|roma|harṣaṇam|vyāsa|prasādāt|śrutavān|etat|guhyam|aham|param|yogaṃ|yogeśvarāt|kṛṣṇāt|sākṣāt|kathayataḥ|svayam|rājan|saṃsmṛtya|saṃsmṛtya|saṃvādam|imam|adbhutam|keśava|arjunayoḥ|puṇyaṃ|hṛṣyāmi|ca|muhur|muhur|tat|ca|saṃsmṛtya|saṃsmṛtya|rūpam|ati|adbhutam|hareḥ|vismayo|me|mahān|rājan|hṛṣyāmi|ca|punaḥ|punaḥ|yatra|yogeśvaraḥ|kṛṣṇo|yatra|pārtho|dhanuḥ|dharaḥ|tatra|śrīḥ|vijayaḥ|bhūtiḥ|dhruvā|nītiḥ|matiḥ|mama	ca|mad|tasmāt|anya|priyatara|bhū|adhī|ca|yad|idam|dharmya|saṃvāda|mad|jñāna|yajña|tad|mad|yaj|as|iti|mad|mati|śraddhāvat|an|asūya|ca|śru|api|yad|nara|tad|api|muc|śubha|loka|prāp|puṇya|karman|kaccit|etad|śru|pārtha|tvad|ekāgra|cetas|kaccit|ajñāna|sammoha|praṇaś|tvad|dhanaṃjaya|arjuna|vac|naś|moha|smṛti|labh|tvad|prasāda|mad|acyuta|sthā|as|gam|saṃdeha|kṛ|vacana|tvad|saṃjaya|vac|iti|mad|vāsudeva|pārtha|ca|mahātman|saṃvāda|idam|śru|adbhuta|roman|harṣaṇa|vyāsa|prasāda|śru|etad|guhya|mad|para|yoga|yogeśvara|kṛṣṇa|sākṣāt|kathay|svayam|rājan|saṃsmṛ|saṃsmṛ|saṃvāda|idam|adbhuta|keśava|arjuna|puṇya|hṛṣ|ca|muhur|muhur|tad|ca|saṃsmṛ|saṃsmṛ|rūpa|ati|adbhuta|hari|vismaya|mad|mahat|rājan|hṛṣ|ca|punar|punar|yatra|yogeśvara|kṛṣṇa|yatra|pārtha|dhanus|dhara|tatra|śrī|vijaya|bhūti|dhruva|nīti|mati|mad	indecl|nominal|indecl|nominal|indecl|nominal|verb|indecl|nominal|nominal|indecl|nominal|nominal|nominal|nominal|nominal|nominal|verb|verb|indecl|nominal|nominal|indecl|indecl|indecl|indecl|verb|indecl|nominal|nominal|nominal|indecl|verb|indecl|nominal|verb|indecl|nominal|indecl|nominal|verb|nominal|nominal|indecl|nominal|indecl|nominal|nominal|verb|nominal|nominal|nominal|verb|verb|nominal|nominal|verb|nominal|nominal|nominal|nominal|verb|verb|verb|nominal|verb|nominal|nominal|nominal|verb|indecl|nominal|nominal|nominal|indecl|indecl|nominal|nominal|verb|indecl|nominal|indecl|nominal|nominal|verb|nominal|indecl|nominal|nominal|nominal|nominal|nominal|indecl|verb|indecl|nominal|verb|verb|nominal|nominal|indecl|nominal|nominal|indecl|verb|indecl|indecl|indecl|nominal|indecl|verb|verb|nominal|indecl|indecl|nominal|nominal|nominal|indecl|nominal|verb|indecl|indecl|indecl|indecl|nominal|nominal|indecl|nominal|nominal|indecl|indecl|nominal|nominal|nominal|indecl|nominal|nominal|nominal	GOLD_ONLY				0	139
