anchor_key_slp1	dcs_lemma_id	dcs_lemma_iast	tier	evidence_count
ABA	58821	ābha	relaxed	1025
ABAsa	58825	ābhāṣa	relaxed	8
ABAz	159847	ābhās	relaxed	18
ABaraRa	214302	abharaṇa	relaxed	1
ABoga	31292	abhoga	relaxed	3
ABoga	206686	abhoga	relaxed	1
ABuj	31250	abhuj	relaxed	2
ADArya	7903	adhārya	relaxed	4
ADArya	58156	ādharya	relaxed	3
ADidEvika	7994	adhidaivika	relaxed	2
ADyAtmika	201434	adhyātmika	relaxed	4
AKyA	169811	ākhya	relaxed	284
AKyAyikA	220777	ākhyāyika	relaxed	1
AQya	159797	ādhyā	relaxed	102
ASAsya	59940	aśāsya	relaxed	1
ASAsya	171656	āsasya	relaxed	2
ASOca	59997	aśauca	relaxed	38
ASOca	171526	aśauca	relaxed	5
ASaya	219290	āsayā	relaxed	2
ASin	221238	āsin	relaxed	2
ASizWa	61032	asiṣṭha	relaxed	2
ASleza	60197	aśleṣā	relaxed	6
ASleza	62788	āśleṣā	relaxed	14
ASvina	62828	āśvīna	relaxed	2
ASvina	62829	āśvīna	relaxed	3
AbanDa	209959	abandha	relaxed	1
AcArya	57431	ācāryā	relaxed	1
AcArya	211961	ācarya	relaxed	2
AcCanna	171248	acchanna	relaxed	1
Acarana	203642	acaraṇa	relaxed	2
Acarita	202164	acārita	relaxed	1
Acarita	211393	acarita	relaxed	1
AdA	171572	āda	relaxed	283
Adi	57639	āḍi	relaxed	4
Adi	57641	āḍī	relaxed	1
Adi	215264	adi	relaxed	1
AdiS	170717	adiś	relaxed	2
Aditya	58040	ādityā	relaxed	1
AgAmin	62047	āgamin	relaxed	2
Agamana	201548	agamana	relaxed	6
Agata	5629	agata	relaxed	3
Agata	5630	agata	relaxed	10
AgnIDra	5908	agnīdhra	relaxed	24
Agnika	5931	agnika	relaxed	30
Agnika	200770	agnikā	relaxed	1
Agnika	224340	agnika	relaxed	2
Ahati	61478	ahati	relaxed	1
Ahava	63115	āhāva	relaxed	12
Ahava	63185	āhāva	relaxed	26
Ahu	63188	āhū	relaxed	2
Ahuti	63193	āhūti	relaxed	5
AhvA	63194	āhva	relaxed	26
AjYApay	171327	ājñapay	relaxed	53
Aji	214952	aji	relaxed	2
Aji	223842	ājī	relaxed	1
AkANkzA	61742	ākāṅkṣa	relaxed	4
AkOSala	5344	akauśala	relaxed	1
AkUta	5299	akūṭa	relaxed	5
Akalpa	1816	akalpa	relaxed	10
Akaray	171959	ākāray	relaxed	31
Akrama	5355	akrama	relaxed	3
Akrama	5356	akrama	relaxed	25
AkulI	61811	ākuli	relaxed	2
AlApin	200543	alapin	relaxed	1
Alapana	62248	ālāpana	relaxed	1
Alepa	210225	alepa	relaxed	1
Alocana	53811	alocana	relaxed	2
Alocana	62370	ālocanā	relaxed	14
Alohita	53828	alohita	relaxed	3
Aloka	53805	aloka	relaxed	15
AmAd	217667	āmad	relaxed	1
AmAvAsya	31764	amāvāsya	relaxed	1
AmAvAsya	31765	amāvāsya	relaxed	4
AmAvAsya	31766	amāvāsyā	relaxed	293
AmAvAsya	169402	āmāvasya	relaxed	4
AmAvAsya	169429	amāvasyā	relaxed	31
AmiSra	31836	amiśra	relaxed	8
AnIta	10456	anita	relaxed	5
AnadDa	9818	anaddhā	relaxed	19
Anana	9757	anana	relaxed	2
Ananda	9905	ananda	relaxed	1
Ananda	9906	ananda	relaxed	1
Ananda	58283	ānandā	relaxed	2
Ananda	58284	ānandā	relaxed	1
Anata	9806	anata	relaxed	1
AnfRya	170026	anṛṇya	relaxed	3
ApIqa	21417	apīḍā	relaxed	6
ApIta	21418	apīta	relaxed	6
ApUrRa	21469	apūrṇa	relaxed	17
ApUraRa	21441	apurāṇa	relaxed	1
ApUraRa	214603	apūraṇa	relaxed	1
Apaday	159813	āpāday	relaxed	85
Aplavana	202154	āplāvana	relaxed	5
Apya	20671	apya	relaxed	19
Apya	159828	āpyā	relaxed	207
ArADana	59395	ārādhanā	relaxed	1
ArAma	205104	arāma	relaxed	2
ArAt	211734	āraṭ	relaxed	9
AraRyaka	32560	araṇyaka	relaxed	4
Aram	32594	aram	relaxed	55
Arava	32615	arava	relaxed	1
Arava	59417	ārāva	relaxed	41
Ardra	59558	ārdrā	relaxed	25
AriS	221487	āriṣ	relaxed	1
Arti	53134	arti	relaxed	34
Arti	214890	arti	relaxed	8
Aruj	32755	aruj	relaxed	12
Arza	62205	ārśa	relaxed	1
AsPowa	63060	āsphota	relaxed	6
AsPowa	63061	āsphotā	relaxed	14
AsTA	220755	astha	relaxed	14
AsaNga	60665	asaṅga	relaxed	40
AsaNga	60666	asaṅga	relaxed	66
Asaday	159999	āsāday	relaxed	1183
Asava	62969	āsāva	relaxed	1
Asecana	61151	asecana	relaxed	1
AsevA	60025	aśeva	relaxed	4
AsevA	61155	asevā	relaxed	2
Asic	215944	asic	relaxed	1
AsidDa	61026	asiddha	relaxed	40
AsrAva	62776	āśrava	relaxed	1
AsrAva	62777	āśrava	relaxed	5
AsrAva	63068	āsrava	relaxed	36
Asuti	61113	asūti	relaxed	1
AsvAda	201216	āsvādā	relaxed	1
AsvAdana	217554	āsvadana	relaxed	1
Asya	62879	āsyā	relaxed	7
Asya	204114	āśyā	relaxed	15
Atam	215657	ātām	relaxed	1
Atapa	6804	atapa	relaxed	19
AtiTya	57714	ātithyā	relaxed	16
AtiTya	224872	atithyā	relaxed	2
Atman	223537	atman	relaxed	2
Atura	7344	atura	relaxed	1
Atyantika	7408	atyantika	relaxed	2
Atyantika	7409	atyantika	relaxed	1
AvaSyaka	213190	avaśyaka	relaxed	1
Avapana	54331	avapāna	relaxed	5
Avapana	62399	āvāpana	relaxed	2
Avarj	225580	avarj	relaxed	1
Avartana	201858	avartana	relaxed	2
AvasaTa	54649	avasatha	relaxed	1
Avedana	59700	avedana	relaxed	3
Avedana	59706	avedana	relaxed	18
Avega	205099	avega	relaxed	3
Avid	170921	avid	relaxed	1
Avigna	54895	avigna	relaxed	3
AvyaTA	59759	avyatha	relaxed	18
AvyaTA	59761	avyathā	relaxed	16
AyUj	32422	ayuj	relaxed	32
AyUj	59241	āyuj	relaxed	2
AyUj	159880	āyuj	relaxed	22
Ayata	32252	ayata	relaxed	10
Ayata	32376	ayāta	relaxed	1
Ayata	59188	āyāta	relaxed	1
Ayatta	209452	ayatta	relaxed	1
Ayogava	32465	ayogava	relaxed	2
AyuDa	32452	ayudha	relaxed	1
BAgIraTI	220279	bhagīrathī	relaxed	1
BAjana	48540	bhajana	relaxed	3
BAjana	48541	bhajana	relaxed	18
BAjana	208631	bhajanā	relaxed	1
BAjay	201618	bhajay	relaxed	1
BAjin	176414	bhajin	relaxed	2
BAma	49678	bhāmā	relaxed	1
BAradvAja	49034	bharadvāja	relaxed	346
BAratI	49003	bharatī	relaxed	1
BArgava	211268	bhārgavā	relaxed	1
BAsura	209312	bhāsurā	relaxed	1
BAzita	49338	bhasita	relaxed	23
BErava	25981	bhairavā	relaxed	1
BIma	50304	bhīmā	relaxed	7
BIzaRa	50410	bhīṣaṇā	relaxed	1
BUmikA	205279	bhūmika	relaxed	5
BUr	218906	bhur	relaxed	3
BUri	169052	bhūrī	relaxed	1
BUrja	166363	bhurja	relaxed	2
BUzAya	25184	bhūśaya	relaxed	4
BaNgura	48610	bhaṅgurā	relaxed	6
BadrAha	209351	bhadrahā	relaxed	1
BagIraTa	220762	bhāgīratha	relaxed	5
BaginI	49537	bhāginī	relaxed	4
BallI	49138	bhalli	relaxed	1
BallUka	49140	bhalluka	relaxed	2
BallUka	49842	bhāllūka	relaxed	1
Balla	49838	bhālla	relaxed	1
Bandana	48702	bhaṇḍana	relaxed	1
Bandana	48895	bhandanā	relaxed	3
Barga	49773	bhārga	relaxed	5
Barga	199690	bhārga	relaxed	1
Barita	49766	bhārīṭa	relaxed	1
Baruja	49097	bharūja	relaxed	1
BavatI	213351	bhavati	relaxed	2
BayAvaha	174771	bhayāvahā	relaxed	1
Baya	206008	bhayā	relaxed	2
Beda	25871	bheḍa	relaxed	5
Beda	166617	bheḍā	relaxed	1
BeruRqa	25928	bheruṇḍā	relaxed	1
BfNga	25782	bhṛṅgā	relaxed	1
BfSa	176546	bhṛśā	relaxed	2
Bftya	25716	bhṛtyā	relaxed	5
BidA	215452	bhida	relaxed	2
BikzA	215513	bhikṣa	relaxed	1
BikzaRa	216049	bhīkṣaṇa	relaxed	1
Boja	26100	bhojā	relaxed	2
Bojya	26165	bhojyā	relaxed	2
BrAj	221107	bhraj	relaxed	4
BrAja	224951	bhraja	relaxed	1
BrAmin	26340	bhramin	relaxed	2
Brama	26354	bhrāma	relaxed	8
Brama	217092	bhramā	relaxed	1
Bramara	26304	bhramarā	relaxed	1
Bramara	26361	bhrāmara	relaxed	1
Bramara	26362	bhrāmara	relaxed	3
Bramara	26364	bhrāmara	relaxed	8
Brazwra	26285	bhrāṣṭra	relaxed	6
Bujizya	50572	bhujiṣyā	relaxed	13
Bukta	166774	bhuktā	relaxed	1
Buvana	172002	bhuvanā	relaxed	3
CAga	52636	chāgā	relaxed	40
CAndasa	224934	chandasa	relaxed	9
CAyA	52689	chāya	relaxed	8
Calana	52619	chalanā	relaxed	1
Candasya	52564	chandasyā	relaxed	10
Cavi	216955	chāvī	relaxed	1
CawA	52873	chāta	relaxed	2
Cidra	209353	chidrā	relaxed	2
DAnuzka	91819	dhanuṣka	relaxed	6
DAnyaka	91744	dhanyaka	relaxed	5
DAnyaka	91747	dhanyāka	relaxed	2
DAnyaka	203729	dhānyāka	relaxed	3
DAraka	42501	dhārakā	relaxed	1
DAraka	221817	dharaka	relaxed	2
DArmika	216256	dharmika	relaxed	1
DAtreyikA	209113	dhātreyika	relaxed	1
DAv	219727	dhav	relaxed	3
DIra	42705	dhīrā	relaxed	6
DUlikA	211729	dhūlīka	relaxed	1
DUma	214056	dhuma	relaxed	2
DUmra	42875	dhūmrā	relaxed	3
DUnay	219450	dhunay	relaxed	2
DUsara	42972	dhūsarā	relaxed	1
Dam	212297	dhām	relaxed	2
Dam	212956	ḍhaṃ	relaxed	3
Damani	91865	dhamanī	relaxed	9
Dan	215700	ḍhañ	relaxed	12
Danika	91724	dhanikā	relaxed	6
Danika	167422	dhānikā	relaxed	1
Danin	42367	dhānin	relaxed	1
Danva	205202	dhānva	relaxed	1
Danva	224292	dhānva	relaxed	1
Danvantari	209050	dhanvantarī	relaxed	1
Danvantari	224309	dhānvantari	relaxed	2
DaraRIya	42526	dhāraṇīyā	relaxed	1
Darmin	200169	dhārmin	relaxed	3
Darmya	224391	dhārmya	relaxed	5
Daya	42445	dhāya	relaxed	1
Daya	42446	dhāya	relaxed	1
DenukA	43090	dhenuka	relaxed	21
DenukA	43092	dhenuka	relaxed	2
DenukA	217289	dhenūka	relaxed	2
DizRya	42650	dhiṣṇyā	relaxed	2
DrAji	43239	dhraji	relaxed	3
Druva	43251	dhruvā	relaxed	161
Durya	224744	dhūrya	relaxed	1
Dvasra	223497	dhvasrā	relaxed	2
EndrI	39966	aindri	relaxed	9
ErAvata	210489	airavata	relaxed	1
EzIka	40011	aiśika	relaxed	1
EzIka	207906	aiṣika	relaxed	4
GAsa	156758	ghasa	relaxed	3
GAway	159217	ghātay	relaxed	243
GAway	169279	ghaṭay	relaxed	40
Gana	165713	ghanā	relaxed	7
Gana	223835	ghāṇa	relaxed	1
Gasi	156767	ghāsi	relaxed	2
GawI	226078	ghāṭī	relaxed	1
GawikA	157015	ghāṭikā	relaxed	1
GawikA	161127	ghāṭika	relaxed	1
GftAcI	156918	ghṛtāci	relaxed	1
Gora	161207	ghorā	relaxed	3
Goza	161151	ghoṣā	relaxed	12
ISvara	64100	īśvarā	relaxed	125
IdfSa	169610	īdṛṣa	relaxed	1
IkzA	63978	īkṣa	relaxed	1
Ir	215310	ir	relaxed	2
IrzyA	64047	īrṣya	relaxed	1
JarA	95501	jhara	relaxed	4
Jaza	95532	jhaṣā	relaxed	2
JillI	95571	jhilli	relaxed	1
JillikA	95576	jhillīka	relaxed	2
KAdira	128770	khadira	relaxed	228
KAdira	128771	khadirā	relaxed	3
KAta	128712	khaṭa	relaxed	2
KAta	128854	khāṭa	relaxed	1
KaRqana	128761	khaṇḍanā	relaxed	4
Kala	128836	khalā	relaxed	8
Kanaka	128791	khānaka	relaxed	1
Kela	128907	khelā	relaxed	4
KyA	213657	khya	relaxed	1
KyAti	198999	khyātī	relaxed	1
OSira	358	auśīra	relaxed	1
OdArya	93	audarya	relaxed	11
OpaDika	262	aupādhika	relaxed	6
Opala	222	aupalā	relaxed	1
PAlguna	154142	phalguna	relaxed	3
PAlguna	154143	phalguna	relaxed	334
PAlguna	202085	phalgunā	relaxed	1
PaRa	152829	phaṇā	relaxed	19
PaRavant	152836	phaṇāvant	relaxed	2
PalIkaraRa	153307	phālīkaraṇa	relaxed	1
Palaka	212874	phālaka	relaxed	2
Palgu	226445	phālgu	relaxed	1
PeYcaka	173689	pheñcāka	relaxed	1
Pena	154168	phenā	relaxed	3
Penila	154175	phenilā	relaxed	1
SANKika	173643	śaṅkhikā	relaxed	2
SARqilya	208169	śāṇḍilyā	relaxed	1
SASi	171958	śaśi	relaxed	3
SASi	213882	śāsi	relaxed	1
SASi	214849	śasi	relaxed	1
SAkalya	111749	sākalya	relaxed	15
SAkalya	222498	śakalya	relaxed	1
SAkinI	175448	sākinī	relaxed	1
SAktIka	131184	śāktika	relaxed	1
SAktIka	203609	śaktika	relaxed	3
SAktIka	209320	śaktikā	relaxed	1
SAktIka	212859	śaktīka	relaxed	1
SAktIka	217827	saktikā	relaxed	1
SAkunika	116366	śakunikā	relaxed	1
SAkunika	198600	śakunika	relaxed	1
SAkya	114849	śakya	relaxed	846
SAlIna	132447	śālīnā	relaxed	2
SAlaNkAyana	176618	sālaṅkāyana	relaxed	2
SAli	131370	śālī	relaxed	2
SAlin	174745	śalin	relaxed	2
SAmbarI	116760	śambarī	relaxed	9
SAnta	132273	śāntā	relaxed	38
SAnta	167449	sānta	relaxed	3
SAnta	217224	santa	relaxed	2
SAnti	198900	śāntī	relaxed	1
SAnti	217863	śaṇṭī	relaxed	1
SAri	113121	sāri	relaxed	1
SAri	113130	sārī	relaxed	3
SAri	116798	śarī	relaxed	1
SAri	132352	śārī	relaxed	5
SArvarI	127999	śarvarī	relaxed	136
SAstriya	131563	śāstrīya	relaxed	4
SAtahrada	116554	śatahrada	relaxed	2
SAtahrada	116555	śatahradā	relaxed	23
SAtana	115505	śatana	relaxed	6
SAtana	214240	sātana	relaxed	1
SAtodara	116588	śatodara	relaxed	1
SAvIra	219260	śavīra	relaxed	2
SEkya	99883	saikya	relaxed	2
SEkya	207276	saikya	relaxed	1
SEla	127715	śailā	relaxed	1
SIGra	126094	śīghrā	relaxed	4
SIkara	167144	sīkara	relaxed	9
SIkara	204071	śīkāra	relaxed	1
SIkara	208852	śikāra	relaxed	7
SIkay	223968	śīkāy	relaxed	1
SItala	123579	śītalā	relaxed	6
SItalatA	105953	sitalatā	relaxed	1
SOrasena	101892	saurasena	relaxed	1
SOri	101811	saurī	relaxed	4
SOri	101841	sauri	relaxed	19
SUla	127228	śūlā	relaxed	4
SUnya	127179	śūnyā	relaxed	5
SUraRa	97539	suraṇa	relaxed	3
SUraRa	97541	suraṇa	relaxed	2
SUraRa	99303	sūraṇa	relaxed	49
SUratA	97543	surata	relaxed	1
SUratA	97544	suratā	relaxed	1
SUratA	97545	surata	relaxed	104
SUza	98564	suṣā	relaxed	4
SUza	99546	sūṣā	relaxed	3
SUza	127149	śuṣa	relaxed	1
SUza	173709	śuṣā	relaxed	2
SaNKa	116389	śaṅkhā	relaxed	2
SaNKa	131221	śāṅkha	relaxed	2
SaPa	18311	sapha	relaxed	7
SaSvatI	132500	śāśvatī	relaxed	2
Sagma	8748	sagma	relaxed	3
Sak	214893	sak	relaxed	1
Sakawa	131156	śākaṭa	relaxed	1
SakrASana	114924	śakrāsana	relaxed	1
Sakunta	208163	śākunta	relaxed	1
Sallaka	166986	sallaka	relaxed	2
Salva	132489	śālva	relaxed	188
Salva	132490	śālva	relaxed	1
Salva	225616	salva	relaxed	2
Salya	131042	śalyā	relaxed	2
SamaTa	115759	śamaṭha	relaxed	2
SambUka	115924	śambuka	relaxed	6
SambUka	172859	śambūkā	relaxed	1
Sambala	204209	saṃbala	relaxed	3
Santiva	130881	śāntivā	relaxed	1
SapaTa	174481	sapāṭha	relaxed	1
Sapta	18059	sapta	relaxed	5
Sapta	112500	sāpta	relaxed	5
Sapta	112515	sāpta	relaxed	4
SarAva	113076	sārava	relaxed	2
SarAva	198609	śaravā	relaxed	1
SarIraka	132381	śārīraka	relaxed	1
SaraBa	116853	śarabhā	relaxed	1
SaraBa	202317	śārabha	relaxed	2
SaraBya	214477	śārabhya	relaxed	1
Sarad	104239	saraḍ	relaxed	3
Saru	104269	saru	relaxed	3
Sarya	116831	śaryā	relaxed	8
Sasta	41929	ṣaṣṭa	relaxed	1
Sasta	113410	sāṣṭa	relaxed	7
SastrI	209588	śāstrī	relaxed	1
SatasA	167027	satasā	relaxed	1
Satika	16570	satīka	relaxed	1
Satika	131234	śāṭikā	relaxed	3
Satika	167582	śaṭikā	relaxed	3
Savas	105324	savas	relaxed	13
SavasAna	167788	śavāsana	relaxed	5
SavasAna	209668	śavāsanā	relaxed	1
Saṁsana	8221	saṃśāna	relaxed	3
Saṁsana	224917	sāṃśāna	relaxed	1
Saṁvant	42311	saṃvant	relaxed	2
Selu	99792	selu	relaxed	1
Sevala	127333	śevāla	relaxed	5
SfNKala	126598	śṛṅkhalā	relaxed	54
Sfta	99551	sṛta	relaxed	9
SiKA	132545	śikha	relaxed	1
SiKara	132567	śikharā	relaxed	1
SiSira	132828	śiśirā	relaxed	2
Sikz	219761	sīkṣ	relaxed	4
SikzA	123457	śīkṣā	relaxed	3
SikzA	132531	śikṣa	relaxed	1
SiloYCa	224694	śiloñchā	relaxed	3
Sim	106515	sīm	relaxed	55
Simba	132622	śimbā	relaxed	1
Simbi	131801	śimbī	relaxed	17
SiprA	106399	siprā	relaxed	5
Sivi	205676	śivī	relaxed	1
Sizwa	123698	śīṣṭa	relaxed	3
SlAGA	214467	ślāgha	relaxed	1
SlAGana	41111	ślāghanā	relaxed	1
SlakzRa	41082	ślakṣṇā	relaxed	2
Sleza	41138	śleṣā	relaxed	1
SmaSAna	169324	śmaśānā	relaxed	1
SoBA	127822	śobha	relaxed	16
SoBana	127828	śobhanā	relaxed	7
SoDaka	216585	soḍhāka	relaxed	1
SoPa	167277	śophā	relaxed	1
SoRa	172132	śoṇā	relaxed	4
Soza	204593	śoṣā	relaxed	1
SrA	214499	śra	relaxed	2
SrAvaka	114273	srāvaka	relaxed	1
SrAya	40275	śraya	relaxed	4
SrISa	40692	śrīśā	relaxed	1
SrOzwi	221078	śrauṣṭī	relaxed	1
SradDin	40448	śrāddhin	relaxed	24
Sram	169740	srāṃ	relaxed	1
Sram	169749	sraṃ	relaxed	2
Sram	212972	śrāṃ	relaxed	3
SramB	215491	srambh	relaxed	1
SramaRa	40249	śramaṇā	relaxed	11
SramaRa	199109	śrāmaṇa	relaxed	2
Srapay	225938	śrāpay	relaxed	1
Sravasya	219415	śravasyā	relaxed	10
SreRi	40919	śreṇī	relaxed	8
SrezWa	40949	śreṣṭhā	relaxed	23
Sru	114300	srū	relaxed	16
Sru	157552	sru	relaxed	538
Sru	213485	sru	relaxed	4
Sru	222989	śrū	relaxed	7
Srutya	114286	srutya	relaxed	1
SuB	224388	subh	relaxed	3
SuBa	108305	subha	relaxed	2
SuBa	126384	śubhā	relaxed	19
SuBra	127128	śubhrā	relaxed	6
SuRqA	107773	sunda	relaxed	30
SuRqA	126328	śuṇḍa	relaxed	3
SuSrUsu	126051	śuśrūṣu	relaxed	87
SudDa	126335	śuddhā	relaxed	2
Suk	214933	ṣuk	relaxed	3
Sukla	126286	śuklā	relaxed	23
Sukra	167218	śukrā	relaxed	4
SukriyA	126283	śukriya	relaxed	12
SukriyA	126284	śukriya	relaxed	32
SumBa	108465	sumbha	relaxed	2
Sumbala	205109	sumbala	relaxed	2
SunI	125902	śuni	relaxed	2
Suzka	206645	śuṣkā	relaxed	2
SvAnI	224115	śvanī	relaxed	1
SvAsa	120036	svasā	relaxed	6
SvAsa	200207	śvasā	relaxed	1
SvAsa	214842	śvasa	relaxed	1
SvaYc	219663	svañc	relaxed	6
Svasana	171479	śvāsana	relaxed	2
Svasita	120033	svasita	relaxed	3
Svasita	203903	svaśīta	relaxed	1
Sveta	41441	śvetā	relaxed	69
Svetya	41675	śvetyā	relaxed	1
SyA	213489	sya	relaxed	7
SyAma	127914	śyāmā	relaxed	158
SyAmala	127929	śyāmalā	relaxed	4
UDan	57055	udhan	relaxed	6
Uhana	38328	uhāna	relaxed	1
UrRA	38425	ūrṇa	relaxed	12
Urva	38022	urva	relaxed	2
Uzman	38280	uṣman	relaxed	19
aBAva	22059	abhava	relaxed	47
aBIka	22079	abhika	relaxed	4
aBIka	58867	ābhīka	relaxed	4
aBIra	58871	ābhīra	relaxed	36
aBIzwa	31236	abhīṣṭā	relaxed	1
aBaya	22038	abhayā	relaxed	180
aBiBava	221225	abhībhava	relaxed	1
aBiDA	204922	abhidha	relaxed	3
aBiSApa	30998	abhīśāpa	relaxed	1
aBiSAs	219233	abhiśas	relaxed	1
aBiSrI	159052	abhiśri	relaxed	1
aBicAra	22157	abhicara	relaxed	1
aBicAra	22169	abhīcāra	relaxed	1
aBijana	58842	ābhijana	relaxed	1
aBimAti	22435	abhimati	relaxed	3
aBipaw	158744	abhipat	relaxed	185
aBiprAya	158819	abhiprayā	relaxed	38
aBiraj	158912	abhirāj	relaxed	2
aBiru	31207	abhīru	relaxed	1
aBiru	31208	abhīru	relaxed	24
aBiru	214427	ābhīru	relaxed	1
aBisAra	31152	abhisara	relaxed	14
aBisAra	31163	abhīsāra	relaxed	2
aBisaYj	159059	abhiṣañj	relaxed	12
aBisac	218864	abhiṣāc	relaxed	7
aBisad	159060	abhiṣad	relaxed	3
aBisah	159061	abhiṣah	relaxed	1
aBisah	220442	abhīṣāh	relaxed	5
aBisic	159062	abhiṣic	relaxed	805
aBisyand	159082	abhiṣyand	relaxed	9
aBiviKya	158966	abhivikhyā	relaxed	30
aBivijYA	168110	abhivijña	relaxed	1
aBivyakta	209237	abhivyaktā	relaxed	1
aBizava	58882	ābhīśava	relaxed	6
aBizeka	58863	ābhiṣeka	relaxed	1
aBizwi	31244	abhīṣṭi	relaxed	4
aByAgArika	58915	ābhyāgārika	relaxed	1
aByaYj	223789	abhyāñj	relaxed	2
aDArmika	58155	ādharmika	relaxed	3
aDIta	58198	ādhīta	relaxed	4
aDIti	58200	ādhīti	relaxed	4
aDarmisWa	7822	adharmiṣṭha	relaxed	17
aDarzay	173346	ādharṣay	relaxed	4
aDidevatA	223106	adhidevata	relaxed	27
aDigA	199501	adhiga	relaxed	1
aDikAra	9601	adhīkāra	relaxed	15
aDipuruza	170710	adhipūruṣa	relaxed	2
aDirAjya	58193	ādhirājya	relaxed	6
aDivAsa	173530	adhīvāsa	relaxed	30
aDivAsana	169677	adhivāsanā	relaxed	15
aDivAsana	172998	adhivasana	relaxed	1
aDizWA	218304	adhiṣṭha	relaxed	1
aDvara	174673	adhvarā	relaxed	3
aDyas	157659	adhyās	relaxed	131
aDyas	203399	adhyaś	relaxed	1
aDyavasAna	225212	adhyavasana	relaxed	1
aDyayana	169654	adhyāyana	relaxed	2
aGa	6037	aghā	relaxed	1
aNgAra	211527	āṅgāra	relaxed	2
aNgada	6163	aṅgadā	relaxed	3
aNguri	168281	aṅgurī	relaxed	1
aNguzWa	213070	aṅguṣṭhā	relaxed	1
aNkuSa	6122	aṅkuśā	relaxed	7
aNkura	6127	aṅkūra	relaxed	8
aPala	21884	aphalā	relaxed	1
aPala	211212	aphāla	relaxed	3
aRqa	57670	āṇḍa	relaxed	23
aRqa	57671	āṇḍa	relaxed	10
aSanAyA	215010	aśanāya	relaxed	1
aSanAyA	222448	aśanayā	relaxed	12
aSani	59903	aśanī	relaxed	5
aSaraRa	60892	asaraṇa	relaxed	1
aSoka	60037	aśokā	relaxed	3
aSradDeya	60138	aśrāddheya	relaxed	1
aSravaRa	62778	āśrāvaṇa	relaxed	6
aSrika	60155	aśrīka	relaxed	2
aSruta	61422	asruta	relaxed	1
aSruta	62783	āśruta	relaxed	7
aSvayuj	62806	āśvayuj	relaxed	4
aSvinI	62823	āśvinī	relaxed	6
aYj	159760	āñj	relaxed	81
abraHmaRya	22010	abrahmaṇya	relaxed	3
acCa	217522	acchā	relaxed	256
acetana	6375	acetāna	relaxed	2
acetana	209124	acetanā	relaxed	2
acira	6364	acirā	relaxed	1
adAyin	57967	ādāyin	relaxed	8
adantya	214494	ādāntya	relaxed	1
adarSana	198855	ādarśana	relaxed	2
adaya	57964	ādāya	relaxed	2
adaya	216322	ādāya	relaxed	1
adeva	58140	ādeva	relaxed	7
adfS	226212	ādṛś	relaxed	1
adri	205214	adrī	relaxed	1
adyaSvInA	7688	adyaśvīna	relaxed	2
adyut	159785	ādyut	relaxed	2
agADa	62070	āgādha	relaxed	1
agADa	204311	agāḍha	relaxed	2
agADa	220541	āgāḍha	relaxed	1
agamya	5646	agamyā	relaxed	30
agniD	5907	agnīdh	relaxed	227
agnizoma	168534	agnīṣoma	relaxed	214
agriya	6010	agrīya	relaxed	4
agrya	6025	agryā	relaxed	2
ah	215074	āh	relaxed	1
ahan	160033	āhan	relaxed	529
ahata	63087	āhata	relaxed	2
aho	210238	āho	relaxed	19
aj	159750	āj	relaxed	14
ajAvika	57505	ājāvika	relaxed	2
ajana	57512	ājāna	relaxed	10
ajana	57513	ājānā	relaxed	1
ajaqa	6469	ajāda	relaxed	1
ajaqa	6496	ajaḍā	relaxed	6
ajara	6516	ajarā	relaxed	6
akAla	1810	akala	relaxed	9
akAraka	174604	ākāraka	relaxed	8
akUpAra	5302	akūpārā	relaxed	1
akUpAra	61820	ākūpāra	relaxed	7
akalya	5265	akālya	relaxed	3
akarRa	175294	ākarṇa	relaxed	3
akarRa	202645	ākarṇa	relaxed	21
akfzwa	223331	ākṛṣṭa	relaxed	1
akta	5349	aktā	relaxed	1
akulatA	61808	ākulatā	relaxed	4
akza	61914	ākṣa	relaxed	3
akza	61915	ākṣa	relaxed	1
akza	224039	akṣā	relaxed	1
akzan	202369	ākṣan	relaxed	1
akzara	5511	akṣarā	relaxed	6
akzara	5514	akṣāra	relaxed	12
akzara	61926	ākṣāra	relaxed	7
akzata	5458	akṣatā	relaxed	8
akzata	166748	akṣatā	relaxed	3
akzita	199751	akṣitā	relaxed	1
alAbu	53740	alābū	relaxed	10
alAta	62287	ālāta	relaxed	1
alIka	53767	alika	relaxed	5
alIka	208050	alikā	relaxed	4
alakta	62234	ālākta	relaxed	1
alakta	174002	alaktā	relaxed	1
alaktaka	205624	ālaktaka	relaxed	4
alarka	62280	ālarka	relaxed	2
alasa	53746	alāsa	relaxed	3
alepaka	226341	ālepaka	relaxed	1
aliNga	62316	āliṅga	relaxed	3
amala	31740	amalā	relaxed	10
amala	207972	āmala	relaxed	3
amanda	58962	āmaṇḍa	relaxed	3
amara	31659	amarā	relaxed	4
amara	31790	amāra	relaxed	1
amarzaRa	59050	āmarśana	relaxed	7
ambA	59070	āmba	relaxed	4
ambA	216299	amba	relaxed	1
ambazWa	32060	ambaṣṭhā	relaxed	37
ambikA	219950	ambika	relaxed	1
amita	218343	amitā	relaxed	1
amitra	59002	āmitra	relaxed	9
amla	59111	āmla	relaxed	2
amla	59112	āmlā	relaxed	1
amla	166250	amlā	relaxed	5
amla	199718	āmlā	relaxed	1
an	213438	āṅ	relaxed	42
anASrita	167474	anāśritā	relaxed	1
anAsTA	219957	anastha	relaxed	4
anAzwra	212730	anastra	relaxed	2
anIhita	204814	anihita	relaxed	4
anIka	224422	aṇika	relaxed	2
anUka	6752	aṇuka	relaxed	1
anUka	6753	aṇuka	relaxed	8
anUka	10664	anuka	relaxed	20
anUka	58474	ānūka	relaxed	1
anUna	11533	anūnā	relaxed	2
anUpa	58475	ānūpa	relaxed	84
anUpa	58476	ānūpa	relaxed	6
anUpa	58477	ānūpa	relaxed	3
anUpa	157844	anupā	relaxed	48
anUpa	200199	anūpā	relaxed	1
anUpa	205240	anupa	relaxed	8
anUtTa	158221	anūtthā	relaxed	31
anUtTa	200003	anuttha	relaxed	2
anUtTita	10851	anutthita	relaxed	4
anaBijYa	200694	anabhijñā	relaxed	1
anaGa	223604	anaghā	relaxed	1
anala	58373	ānala	relaxed	1
anala	173257	analā	relaxed	7
ananta	9856	anantā	relaxed	61
anantara	9894	anantarā	relaxed	2
anapakarman	9985	anapākarman	relaxed	4
anaquhI	174714	ānaḍuhī	relaxed	1
anavadya	10104	anavadyā	relaxed	2
anavasitA	10139	anavasita	relaxed	4
anaya	58396	ānaya	relaxed	4
anaya	58399	ānāya	relaxed	4
anfta	58487	ānṛta	relaxed	1
anicCA	10452	aniccha	relaxed	5
animitta	220718	ānimitta	relaxed	1
anta	58497	ānta	relaxed	5
anti	11951	antī	relaxed	1
antika	11950	antikā	relaxed	1
antika	208231	āntika	relaxed	4
antya	58498	āntya	relaxed	1
anuSAs	6750	aṇuśas	relaxed	15
anudaka	11525	anūdaka	relaxed	3
anugrAhaka	208323	anugrahaka	relaxed	1
anugraha	213089	anugrahā	relaxed	5
anuhA	6756	aṇuha	relaxed	15
anuhA	11496	anuha	relaxed	1
anuhA	11558	anūha	relaxed	2
anujYana	10823	anujñāna	relaxed	8
anukUla	10690	anukūlā	relaxed	1
anukaraRa	201359	anukāraṇa	relaxed	1
anukarzay	157693	anukarśay	relaxed	2
anukta	11514	anūkta	relaxed	1
anukta	11515	anūkta	relaxed	4
anumata	58439	ānumata	relaxed	11
anupalamBa	171539	anupālambha	relaxed	1
anupama	10994	anupamā	relaxed	1
anuru	11545	anūru	relaxed	2
anuru	11546	anūru	relaxed	3
anuruD	219598	anūrudh	relaxed	1
anusac	158142	anuṣac	relaxed	12
anusaraRa	175860	anusāraṇā	relaxed	6
anusiv	167889	anusīv	relaxed	11
anusyand	158151	anuṣyand	relaxed	1
anuvA	224065	anuva	relaxed	1
anuvaSa	11304	anuvāsa	relaxed	1
anuvaSa	200198	anuvaśā	relaxed	1
anuvac	222268	anuvāc	relaxed	5
anuvisTA	158082	anuviṣṭhā	relaxed	1
anuyAja	222932	anūyāja	relaxed	60
anvas	158328	anvās	relaxed	47
anvas	222742	anvaś	relaxed	2
anya	20554	anyā	relaxed	2
apASraya	21178	apaśraya	relaxed	3
apASri	158469	apaśri	relaxed	12
apUta	212294	apuṭa	relaxed	1
apaci	20764	apacī	relaxed	38
apaci	21278	apācī	relaxed	2
apacita	172644	apācita	relaxed	1
apada	21290	apāda	relaxed	5
apada	58628	āpāda	relaxed	3
apada	158503	apādā	relaxed	45
apada	224754	apadā	relaxed	1
apagA	20729	apaga	relaxed	5
apagA	58589	āpagā	relaxed	73
apahAra	21237	apahara	relaxed	16
apahan	158513	apāhan	relaxed	3
apaharaRa	21244	apahāraṇa	relaxed	2
apakAra	215774	apakara	relaxed	1
apakram	208333	apākram	relaxed	5
apamArga	21315	apāmārga	relaxed	204
apamArga	220292	āpāmārga	relaxed	1
apanI	170788	apāṇi	relaxed	9
apanI	199079	apānī	relaxed	1
apanud	158506	apānud	relaxed	5
aparAnta	211128	āparānta	relaxed	1
aparRA	21085	aparṇa	relaxed	3
aparavaktra	20962	aparavaktrā	relaxed	7
apasada	177110	apasāda	relaxed	1
apatikA	58599	āpatika	relaxed	1
apatikA	58606	āpātika	relaxed	1
apatya	58610	āpatya	relaxed	1
apavA	58642	āpava	relaxed	16
apekzA	200897	apekṣa	relaxed	84
aprAjYa	21593	aprajña	relaxed	5
apraja	21584	aprajā	relaxed	1
apsarA	200457	apsara	relaxed	5
aptya	58716	āptya	relaxed	27
apyaya	58731	āpyāya	relaxed	9
arD	159901	ārdh	relaxed	4
arDika	59598	ārdhika	relaxed	6
arDika	59599	ārdhika	relaxed	3
arGya	59513	ārghya	relaxed	5
arRa	53106	arṇā	relaxed	1
araRa	59320	āraṇa	relaxed	3
araRa	220332	araṇā	relaxed	2
araRyAnI	32561	araṇyāni	relaxed	5
arizwa	32723	ariṣṭā	relaxed	31
arizwa	202772	āriṣṭa	relaxed	1
arjana	225146	ārjana	relaxed	1
arka	59495	ārka	relaxed	12
aroga	32857	arogā	relaxed	1
aroga	59431	āroga	relaxed	1
aruRa	32765	aruṇā	relaxed	20
aruRa	59432	āruṇa	relaxed	8
aruja	59428	āruja	relaxed	8
arupaRa	32837	arūpaṇa	relaxed	1
arus	32812	aruṣ	relaxed	1
aruza	221055	aruśa	relaxed	1
asADaka	62853	āṣāḍhaka	relaxed	4
asAmAnya	60945	asāmanya	relaxed	2
asAra	62620	āśara	relaxed	1
asAra	62636	āśāra	relaxed	1
asAra	62992	āsāra	relaxed	56
asAra	207027	asara	relaxed	1
asama	59907	aśama	relaxed	3
asfj	160008	āsṛj	relaxed	5
asmAd	213383	asmad	relaxed	8
asma	62725	āśma	relaxed	1
asma	218887	aśma	relaxed	1
asra	173057	āsra	relaxed	2
astrI	62863	āṣṭrī	relaxed	4
astra	60574	aṣṭrā	relaxed	11
astra	62862	āṣṭrā	relaxed	1
asurya	61125	asūrya	relaxed	3
asurya	218818	āsurya	relaxed	3
atIva	157438	ativā	relaxed	1
atasi	6831	atasī	relaxed	82
atiBAra	170631	atibhara	relaxed	1
atiSayana	7293	atiśāyana	relaxed	2
atiSayana	216033	atiśāyana	relaxed	1
atibala	6950	atibalā	relaxed	42
atibala	173262	atibāla	relaxed	4
aticAra	7155	aticarā	relaxed	2
atikrama	225793	atikrāma	relaxed	1
atirUpa	215220	atirūpā	relaxed	1
atireka	7254	atīreka	relaxed	1
atisAra	7312	atisara	relaxed	3
atisAra	7314	atīsāra	relaxed	204
atita	7330	atīta	relaxed	16
atita	7332	atīta	relaxed	4
ativfzti	7030	ativṛṣṭi	relaxed	3
atizWA	57730	ātiṣṭha	relaxed	6
atyas	157573	atyaś	relaxed	12
atyaya	7430	atyāya	relaxed	5
atyaya	157584	atyāyā	relaxed	1
atyaya	224439	ātyaya	relaxed	2
av	213593	āv	relaxed	1
avaDA	54196	avadha	relaxed	1
avaDA	54197	avadha	relaxed	17
avaDIraRa	54217	avadhīraṇā	relaxed	1
avaDya	159538	avadhyā	relaxed	8
avaci	159677	avāci	relaxed	1
avaci	175038	avācī	relaxed	8
avadAraRa	54175	avadaraṇa	relaxed	13
avagAQa	54005	avagadha	relaxed	1
avagam	159676	avāgam	relaxed	1
avagraha	54044	avagrāha	relaxed	2
avakzip	212878	avākṣip	relaxed	2
avamAna	211883	avāmana	relaxed	2
avama	159587	avamā	relaxed	3
avamarSa	217606	avamarṣa	relaxed	1
avanDya	211365	avandhyā	relaxed	1
avana	223303	avāna	relaxed	4
avanipati	54281	avanīpati	relaxed	20
avanti	54317	avantī	relaxed	11
avanti	62385	āvantī	relaxed	2
avapti	54808	avāpti	relaxed	98
avara	54437	avarā	relaxed	1
avara	54813	avāra	relaxed	11
avaraja	54441	avarajā	relaxed	7
avaratas	54814	avāratas	relaxed	1
avasAna	223729	avāsana	relaxed	1
avasTA	54712	avastha	relaxed	1
avasic	159686	avāsic	relaxed	1
avastamB	159644	avaṣṭambh	relaxed	69
avastu	54830	avāstu	relaxed	1
avatAra	54140	avatara	relaxed	2
avatAray	176724	avataray	relaxed	1
avataraRa	54150	avatāraṇa	relaxed	26
avataraRa	176564	avatāraṇa	relaxed	2
avavad	225899	avāvad	relaxed	1
avayA	54811	avāya	relaxed	3
avayA	62403	āvaya	relaxed	1
avayA	62404	āvaya	relaxed	2
avayaj	217132	avayāj	relaxed	1
avayaj	220013	avayāj	relaxed	7
ave	159962	āve	relaxed	57
avekz	202200	āvekṣ	relaxed	1
avekzA	221473	avekṣa	relaxed	4
avfzwi	62539	āvṛṣṭi	relaxed	1
avijYAta	54942	avijñatā	relaxed	1
avinIta	55013	avinītā	relaxed	1
aviza	55181	aviṣā	relaxed	1
avyAhftA	206574	avyāhṛta	relaxed	5
avyaBIcAra	59777	avyabhicāra	relaxed	9
awana	6785	atana	relaxed	1
awana	57687	ātāna	relaxed	32
ayAsya	217492	āyāsya	relaxed	9
ayajyu	59134	āyajyu	relaxed	1
azwAdaSa	203629	aṣṭadaśa	relaxed	1
azwAtriṁSat	60450	aṣṭatriṃśat	relaxed	6
azwAviṁSati	165706	aṣṭaviṃśati	relaxed	8
azwaka	60554	aṣṭakā	relaxed	121
azwaka	61212	astaka	relaxed	3
azwaka	61213	astaka	relaxed	2
azwanavati	60521	aṣṭānavati	relaxed	12
aṁsa	61713	āṃśa	relaxed	1
bADa	147845	bāḍha	relaxed	59
bADa	169477	bādhā	relaxed	55
bADa	215280	badha	relaxed	1
bADa	224534	badha	relaxed	1
bADana	147866	bādhanā	relaxed	4
bARa	147847	bāṇā	relaxed	2
bAhuka	147796	bahuka	relaxed	1
bAhuka	147797	bahuka	relaxed	1
bAhya	148894	bāhyā	relaxed	4
bAlatA	171390	balatā	relaxed	3
bIBatsa	148983	bībhatsā	relaxed	3
baDira	209338	badhirā	relaxed	1
badara	147856	bādara	relaxed	19
badara	147857	bādara	relaxed	3
badara	154201	badarā	relaxed	3
bahala	154408	bahalā	relaxed	1
baka	201110	bāka	relaxed	1
balAbala	208658	balābalā	relaxed	1
balAhaka	147974	bālāhaka	relaxed	1
balakza	153805	balākṣa	relaxed	1
balivarda	172901	balīvarda	relaxed	42
banDava	147869	bāndhava	relaxed	703
bandI	153517	bandi	relaxed	4
barbara	154276	barbarā	relaxed	1
barhizada	147543	bārhiṣada	relaxed	1
basta	148021	bāsta	relaxed	4
bfsi	148549	bṛsī	relaxed	35
binduka	209258	bindukā	relaxed	1
bindukita	174952	bindukīṭa	relaxed	2
biqAla	148136	bidala	relaxed	1
boDa	213169	bodhā	relaxed	1
brAhmI	149487	brahmī	relaxed	3
brahmARI	149578	brāhmaṇī	relaxed	234
brahmodya	149724	brahmodyā	relaxed	2
bukkA	148988	bukka	relaxed	1
cAkrika	161778	cakrikā	relaxed	31
cAkrika	161781	cakrika	relaxed	1
cAkzuza	160969	cakṣuṣa	relaxed	4
cAndramasa	163902	candramāsa	relaxed	1
cAwa	204185	caṭa	relaxed	1
cAwu	161829	caṭu	relaxed	3
cAwu	161889	catu	relaxed	2
cEtra	166545	caitrā	relaxed	6
cUcuka	168575	cucuka	relaxed	1
cUlaka	205815	culaka	relaxed	4
cUlika	52142	cūlikā	relaxed	54
cUqA	52074	cūḍa	relaxed	11
caRa	203785	caṇā	relaxed	1
caRqAla	50863	cāṇḍāla	relaxed	56
caRqI	216647	cāndī	relaxed	2
caYcala	161814	cañcalā	relaxed	2
cakAs	218796	cākaś	relaxed	12
cakra	167184	cakrā	relaxed	2
cakzuzya	161794	cakṣuṣyā	relaxed	7
calana	51204	cālana	relaxed	20
calay	159483	cālay	relaxed	152
campA	164434	campa	relaxed	10
canas	215480	cānaś	relaxed	1
candana	50951	cāndana	relaxed	3
candana	164354	candanā	relaxed	4
candrodaya	164405	candrodayā	relaxed	1
capewa	164418	capeṭā	relaxed	1
carAcara	204775	carācarā	relaxed	1
carcA	50609	carca	relaxed	2
carzaRi	50734	carṣaṇī	relaxed	1
caturTa	50886	cāturtha	relaxed	1
catura	50880	cātura	relaxed	2
caturviṁSa	209569	caturviṃśā	relaxed	2
cavya	50794	cavyā	relaxed	2
caw	156247	cat	relaxed	11
cawula	161833	caṭulā	relaxed	1
cazaka	171401	cāṣaka	relaxed	1
cetya	218955	cetyā	relaxed	1
cewI	215373	ceti	relaxed	1
cewaka	51669	cetaka	relaxed	1
cikkaRa	51282	cikkaṇā	relaxed	3
cipiwa	51739	cipiṭā	relaxed	2
cirBiwA	51862	cirbhiṭa	relaxed	7
citrANgada	51614	citrāṅgadā	relaxed	24
citra	51429	citrā	relaxed	94
citta	173985	ciṭṭa	relaxed	1
coda	52300	coḍa	relaxed	1
codana	51991	codanā	relaxed	12
coza	209281	coṣā	relaxed	1
cukra	51962	cukrā	relaxed	2
cullI	52061	culli	relaxed	4
culuka	52050	culukā	relaxed	1
culuka	206113	culūka	relaxed	1
dASaraTa	146466	daśaratha	relaxed	284
dAda	213845	dada	relaxed	1
dAha	203564	ḍaha	relaxed	1
dAha	208249	daha	relaxed	1
dAha	215053	daha	relaxed	4
dAhuka	95721	ḍāhuka	relaxed	1
dAhuka	207216	ḍahuka	relaxed	1
dAkziRAtya	200726	dakṣiṇātya	relaxed	1
dAli	146699	dālī	relaxed	8
dAlika	146343	dālikā	relaxed	1
dArdurikA	223945	dārdurika	relaxed	1
dArvAGAwa	174901	dārvāghāta	relaxed	1
dAsI	146708	dāśī	relaxed	2
dAyAda	146586	dāyādā	relaxed	1
dEtya	89846	daityā	relaxed	5
dIDi	213116	dīdhī	relaxed	3
dIdi	217507	dīdī	relaxed	199
dIkzaRIya	84633	dīkṣaṇīyā	relaxed	27
dIpta	84736	dīptā	relaxed	14
dIrGa	84791	dīrghā	relaxed	3
dIrGikA	204897	dīrghika	relaxed	2
dOhitri	90245	dauhitrī	relaxed	6
dUrAloka	85401	durāloka	relaxed	2
dUza	216328	duṣa	relaxed	1
dUzya	86266	dūṣyā	relaxed	1
daBa	146249	dābha	relaxed	3
daRqa	100724	daṇḍā	relaxed	1
daSArRa	175721	daśārṇā	relaxed	6
daSArRa	211126	dāśārṇa	relaxed	11
daSArha	147029	dāśārha	relaxed	2
daSArha	147030	dāśārha	relaxed	146
daSAsya	146041	daśasyā	relaxed	3
daSaka	146709	dāśaka	relaxed	1
daSaka	147044	dāsaka	relaxed	7
dadAti	226068	dadati	relaxed	1
dagDa	100704	dagdhā	relaxed	3
dakza	100575	dakṣā	relaxed	3
dakziRAvarta	210899	dakṣiṇāvartā	relaxed	2
dal	174566	dāl	relaxed	1
damBa	95697	ḍambha	relaxed	2
damUnas	101186	damunas	relaxed	2
damana	146643	dāmana	relaxed	2
dan	213460	dāṇ	relaxed	2
dan	215281	dān	relaxed	1
dan	215830	ḍaṇ	relaxed	1
dantaka	146246	dāntaka	relaxed	1
darSana	146420	darśanā	relaxed	1
darada	146664	dārada	relaxed	1
darada	146665	dārada	relaxed	1
dat	215867	ḍaṭ	relaxed	1
dazwa	146055	dasta	relaxed	1
daṁSa	223228	dāṃsa	relaxed	2
deSanA	218373	deśana	relaxed	2
devI	215493	devi	relaxed	2
deva	86560	devā	relaxed	1
devatA	170057	devata	relaxed	16
df	214996	dṝ	relaxed	2
diDakzU	146810	didhakṣu	relaxed	23
diSya	84581	diśyā	relaxed	9
diti	84596	dīti	relaxed	14
div	147011	dīv	relaxed	3
div	157374	dīv	relaxed	110
divAnDa	147098	divāndhā	relaxed	1
divya	147118	divyā	relaxed	12
dos	213816	doṣ	relaxed	1
drA	222140	dra	relaxed	1
drOpadi	90749	draupadī	relaxed	416
drava	90562	drāva	relaxed	271
dravi	173501	drāvī	relaxed	3
droRa	90697	droṇā	relaxed	4
drumamaya	90643	drumāmaya	relaxed	1
duDi	219532	dūḍhī	relaxed	10
ducCunA	223783	ducchuna	relaxed	1
dugDa	205746	dugdhā	relaxed	1
dunduBa	85235	duṇḍubha	relaxed	1
dunduBa	95746	ḍuṇḍubha	relaxed	29
durgA	85809	durga	relaxed	112
durgA	85810	durga	relaxed	2
durgA	85811	durga	relaxed	357
dustara	85924	duṣṭara	relaxed	38
dustara	86004	dustāra	relaxed	2
dvAravatI	90955	dvārāvatī	relaxed	1
dvIpya	91447	dvīpyā	relaxed	1
dvari	90908	dvārī	relaxed	2
dvayu	222837	dvāyu	relaxed	2
dviSas	91219	dviṣaṣ	relaxed	2
dvipa	91419	dvīpa	relaxed	530
dvipa	91420	dvīpa	relaxed	5
dvipada	91078	dvipadā	relaxed	44
dvipada	174612	dvipāda	relaxed	2
dvisahasra	91223	dviṣāhasra	relaxed	1
dyUta	215308	dyuta	relaxed	1
dyota	90341	dyotā	relaxed	1
ekAdeSa	39205	ekadeśa	relaxed	18
ekAkzara	217117	ekākṣarā	relaxed	3
ekatA	39591	ekata	relaxed	31
eza	214944	eṣā	relaxed	1
fBukzA	38998	ṛbhukṣa	relaxed	3
fSya	39004	ṛṣya	relaxed	16
fjizin	38883	ṛjīṣin	relaxed	37
fkAra	170531	ṝkāra	relaxed	2
ftviya	38779	ṛtviyā	relaxed	1
fzaBa	198593	ṛṣabhā	relaxed	3
fzivat	39085	ṛṣīvat	relaxed	1
gAha	175627	gaha	relaxed	2
gAlana	130190	galana	relaxed	4
gAli	121982	gālī	relaxed	1
gAnDArI	129234	gandhāri	relaxed	3
gAnDArI	130074	gandhārī	relaxed	2
gAnDArI	130300	gāndhāri	relaxed	33
gOra	125522	gaurā	relaxed	1
gUQa	213385	gudha	relaxed	1
gaBasti	130077	gabhastī	relaxed	3
gaR	213344	gāṅ	relaxed	2
gaRa	129916	gāna	relaxed	91
gaReSa	130282	gāṇeśa	relaxed	1
gaRqa	129366	gaṇḍā	relaxed	7
gahvara	130226	gahvarā	relaxed	2
gala	129760	gāla	relaxed	4
gala	130188	galā	relaxed	1
galdA	130193	galda	relaxed	1
gam	169807	gāṃ	relaxed	1
gamBIra	130085	gambhīrā	relaxed	5
gama	225912	gāma	relaxed	1
ganDADya	130053	gandhāḍhya	relaxed	2
ganDADya	130054	gandhāḍhyā	relaxed	10
ganDADya	130055	gandhāḍhya	relaxed	3
ganDa	130009	gandhā	relaxed	6
garBa	121960	gārbha	relaxed	2
gara	121925	gāra	relaxed	4
gara	172156	gārā	relaxed	43
gardaBI	121952	gārdabhi	relaxed	1
gardaBa	121950	gārdabha	relaxed	9
garhA	121966	gārha	relaxed	1
garta	130146	gartā	relaxed	44
gati	129449	gatī	relaxed	3
gati	215265	gāti	relaxed	2
gavI	121991	gāvī	relaxed	12
gavI	216297	gavi	relaxed	1
girISa	123980	giriśa	relaxed	96
girISa	123981	giriśā	relaxed	1
gola	125489	golā	relaxed	9
gopA	125469	gopa	relaxed	428
gopay	160801	gopāy	relaxed	264
gotra	125335	gotrā	relaxed	6
grABa	125150	grabha	relaxed	1
grAhin	209172	grahin	relaxed	2
grAmIRa	168528	grāmīṇā	relaxed	2
grAmaRI	156955	grāmaṇi	relaxed	28
grAmya	156982	grāmyā	relaxed	4
grIva	156987	grīvā	relaxed	497
grahaRa	169944	grāhaṇa	relaxed	3
granTika	176128	granthikā	relaxed	3
granTila	125572	granthilā	relaxed	5
guNgu	122148	guṅgū	relaxed	2
guRa	124504	guṇā	relaxed	1
gundrA	124553	gundra	relaxed	1
gupta	124558	guptā	relaxed	5
hAhA	109732	hahā	relaxed	1
hAhA	109733	hahā	relaxed	9
hAna	121908	hana	relaxed	5
hAna	121909	hana	relaxed	7
hArAyaRa	108660	harayāṇa	relaxed	1
hAraka	108651	haraka	relaxed	1
hAridraka	109034	haridraka	relaxed	4
hArin	109048	harin	relaxed	2
hArin	217935	harin	relaxed	3
hArya	211946	haryā	relaxed	2
hAvizkfta	109363	haviṣkṛta	relaxed	3
hEma	110984	haimā	relaxed	1
hIna	109880	hina	relaxed	3
hIra	110181	hira	relaxed	1
hIra	110182	hirā	relaxed	7
hIra	110376	hīrā	relaxed	4
hUti	110421	huti	relaxed	6
hUṁkfti	216198	huṃkṛti	relaxed	4
haWa	120779	hatha	relaxed	6
haWa	206392	haṭhā	relaxed	1
halAhala	109281	halahalā	relaxed	17
halAhala	109286	hālahala	relaxed	2
halAhala	109288	hālāhala	relaxed	3
halAhala	109289	hālāhala	relaxed	52
halAhala	109290	hālāhalā	relaxed	1
halin	208765	hālin	relaxed	1
hariRa	109075	hāriṇa	relaxed	13
hariRa	109076	hāriṇa	relaxed	1
hariRaka	109077	hāriṇaka	relaxed	1
harika	109070	hārika	relaxed	1
haryata	109140	haryāta	relaxed	1
harza	215801	harṣā	relaxed	1
has	219594	hās	relaxed	3
hasta	212885	hastā	relaxed	9
hatyA	121907	hatya	relaxed	44
havin	109416	hāvin	relaxed	1
havizya	109379	haviṣyā	relaxed	1
hayin	109759	hāyin	relaxed	1
hezA	111048	heṣa	relaxed	1
hfdIka	110694	hṛdika	relaxed	15
hfdaya	110585	hṛdayā	relaxed	2
hfdya	110698	hṛdyā	relaxed	2
himAlaya	110147	himālayā	relaxed	1
himya	221315	himyā	relaxed	1
hiqimba	109969	hiḍimbā	relaxed	40
hiraRya	110193	hiraṇyā	relaxed	4
hiraRyaya	110342	hiraṇyayā	relaxed	1
hitAhita	110024	hitāhitā	relaxed	1
hita	109985	hitā	relaxed	5
hlAda	207768	hlādā	relaxed	1
hotriya	111110	hotrīya	relaxed	8
hotriya	111111	hotrīya	relaxed	7
hrada	57302	hrāda	relaxed	20
hrada	210785	hrādā	relaxed	1
hrasva	57258	hrasvā	relaxed	4
hvAra	215269	hvara	relaxed	2
ikAra	63977	īkāra	relaxed	9
imAn	213858	iman	relaxed	1
indIvara	63406	indīvarā	relaxed	4
indrAyuDa	63638	indrāyudhā	relaxed	3
indra	63464	indrā	relaxed	5
irin	64032	īrin	relaxed	1
irya	64025	īrya	relaxed	1
irya	64027	īryā	relaxed	2
isi	63912	iṣi	relaxed	4
iskfti	63921	iṣkṛti	relaxed	2
itvara	63214	itvarā	relaxed	1
izIkA	63814	iṣikā	relaxed	1
izIkA	63818	iṣīka	relaxed	2
izIkA	64165	īṣikā	relaxed	3
izIkA	64167	īṣīkā	relaxed	2
izwa	63879	iṣṭā	relaxed	2
izwakA	203567	iṣṭaka	relaxed	2
jANgala	87297	jaṅgala	relaxed	2
jAgara	88477	jāgarā	relaxed	9
jAhnavI	88455	jahnāvī	relaxed	2
jAlika	88891	jālikā	relaxed	4
jAmi	88775	jāmī	relaxed	12
jAnakI	88694	jānaki	relaxed	7
jAnapada	87469	janapada	relaxed	436
jAnu	87590	janu	relaxed	1
jAta	87334	jaṭa	relaxed	1
jAta	87335	jaṭā	relaxed	343
jAtya	88537	jāṭya	relaxed	1
jIrRa	89177	jīrṇā	relaxed	3
jIva	89213	jīvā	relaxed	15
jIvala	89381	jīvalā	relaxed	1
jIvala	89388	jīvālā	relaxed	1
jIvana	89350	jīvanā	relaxed	1
jIvya	89422	jīvyā	relaxed	3
jU	215506	ju	relaxed	3
jYAna	89645	jñānā	relaxed	9
jaNGA	87303	jaṅgha	relaxed	1
jalADAra	88115	jaladhara	relaxed	61
jalADAra	88116	jaladhāra	relaxed	7
jalADAra	202524	jāladharā	relaxed	1
jalASaya	88247	jalaśaya	relaxed	2
jalASaya	88339	jalāśayā	relaxed	1
jalAza	88909	jālāṣa	relaxed	6
jalOka	88368	jalaukā	relaxed	47
jaleSvara	172392	jāleśvara	relaxed	7
jalodBava	88361	jalodbhavā	relaxed	4
jamBa	87717	jambhā	relaxed	3
jambAla	167268	jāmbala	relaxed	1
jambuka	87770	jambukā	relaxed	1
jambuka	87773	jambūka	relaxed	9
jambuka	88793	jāmbuka	relaxed	2
janArdana	88719	jānārdana	relaxed	1
janaka	88722	jānaka	relaxed	2
janitA	221875	janita	relaxed	2
janitra	224886	jānitra	relaxed	1
japin	88742	jāpin	relaxed	20
japya	88744	jāpya	relaxed	44
java	88432	javā	relaxed	6
jayin	88821	jāyin	relaxed	3
jina	95210	jīna	relaxed	4
jivri	223677	jīvrī	relaxed	1
juwikA	89483	jūṭikā	relaxed	3
juz	214971	jus	relaxed	2
jvalana	95440	jvalanā	relaxed	1
jvalana	171798	jvālana	relaxed	2
jvara	219337	jvāra	relaxed	1
jyA	213861	jya	relaxed	3
jyezWatarA	95230	jyeṣṭhatara	relaxed	3
kANkzA	200319	kāṅkṣa	relaxed	2
kARqIra	13516	kāṇḍīrā	relaxed	1
kARqin	1653	kandin	relaxed	1
kARqin	205170	kandin	relaxed	1
kASi	170481	kāsī	relaxed	1
kASi	213671	kaśi	relaxed	1
kAka	13107	kākā	relaxed	1
kAlAntara	209614	kalāntarā	relaxed	1
kAlakA	22703	kālaka	relaxed	7
kAlakA	22704	kālaka	relaxed	6
kAlakA	22907	kālaka	relaxed	1
kAlinda	12660	kalinda	relaxed	4
kAlinda	12661	kalindā	relaxed	3
kAma	2143	kamā	relaxed	2
kAma	13753	kāmā	relaxed	6
kAma	215525	kama	relaxed	2
kAmika	14002	kāmikā	relaxed	7
kAmitA	14005	kāmita	relaxed	5
kAnti	13642	kāntī	relaxed	1
kApAlika	1775	kapālikā	relaxed	24
kApAlika	205217	kāpālikā	relaxed	5
kArSya	22579	kārṣya	relaxed	2
kArmaRa	224504	karmaṇa	relaxed	1
kArmika	12399	karmika	relaxed	7
kArpAsa	12200	karpāsa	relaxed	30
kArpAsikA	14295	kārpāsika	relaxed	10
kArya	14321	kāryā	relaxed	2
kArzRI	22574	kārṣṇi	relaxed	45
kAsAra	23222	kāsara	relaxed	5
kAsin	23057	kāśin	relaxed	59
kAsin	23058	kāśin	relaxed	2
kAsin	214719	kāṣin	relaxed	1
kAya	2215	kayā	relaxed	3
kAya	219304	kaya	relaxed	4
kAyika	14094	kāyikā	relaxed	3
kIkasa	23555	kīkasā	relaxed	15
kIra	23441	kira	relaxed	1
kIri	23453	kiri	relaxed	7
kIrtana	23613	kīrtanā	relaxed	1
kOSala	134055	kausala	relaxed	85
kOSika	134034	kauśikā	relaxed	1
kUcI	218503	kucī	relaxed	2
kUdI	24212	kuḍī	relaxed	1
kUja	23932	kuja	relaxed	32
kUja	217571	kūjā	relaxed	2
kUpa	24446	kupa	relaxed	3
kUpa	168619	kūpā	relaxed	1
kUwa	24080	kuṭa	relaxed	7
kUwa	24081	kuṭa	relaxed	3
kUwa	24342	kuta	relaxed	2
ka	214745	kā	relaxed	1
kaNka	531	kaṅkā	relaxed	1
kaNka	532	kaṅkā	relaxed	2
kaNkaRa	558	kaṅkaṇā	relaxed	2
kaRWa	1620	kanthā	relaxed	18
kaRikA	979	kaṇika	relaxed	2
kaRikA	985	kaṇīkā	relaxed	2
kaRwaka	13457	kāṇṭaka	relaxed	1
kaRwaka	13621	kāntaka	relaxed	12
kaRwaka	174216	kāntaka	relaxed	4
kaYcukin	13417	kāñcukin	relaxed	1
kakzya	525	kakṣyā	relaxed	123
kalApa	22933	kālāpa	relaxed	1
kalApaka	22934	kālāpaka	relaxed	2
kalIyaka	167070	kālīyaka	relaxed	32
kalaSI	12544	kalaśi	relaxed	1
kalaSI	165853	kalasī	relaxed	3
kalanA	12440	kalana	relaxed	1
kalanA	12441	kalana	relaxed	2
kalanA	12443	kalana	relaxed	14
kalanA	170773	kālana	relaxed	5
kalata	22793	kālatā	relaxed	4
kalikAtA	22909	kālikatā	relaxed	1
kalpaka	22965	kālpaka	relaxed	1
kalpay	223924	kalpāy	relaxed	1
kaluza	12673	kaluṣā	relaxed	1
kam	203936	kāṃ	relaxed	1
kamala	2076	kamalā	relaxed	35
kamala	13987	kāmalā	relaxed	108
kambala	14057	kāmbala	relaxed	1
kampa	176036	kampā	relaxed	4
kampana	2162	kampanā	relaxed	2
kanaka	1437	kanakā	relaxed	1
kanaka	13589	kānaka	relaxed	1
kandala	168496	kandāla	relaxed	1
kandara	1125	kaṇḍarā	relaxed	31
kandara	1660	kandarā	relaxed	1
kandara	200149	kāṇḍāra	relaxed	1
kandara	221943	kāṇḍarā	relaxed	1
kandarpa	1668	kandarpā	relaxed	1
kanduka	203095	kaṇḍūka	relaxed	2
kanyakA	209470	kanyaka	relaxed	1
kapa	13685	kāpā	relaxed	1
kaparda	209270	kapardā	relaxed	1
kapiYjala	1938	kapiñjalā	relaxed	1
kapiYjala	13696	kāpiñjala	relaxed	3
kapota	13736	kāpota	relaxed	7
kapota	13737	kāpota	relaxed	3
kapota	13739	kāpota	relaxed	5
kapota	224695	kāpotā	relaxed	3
karI	14103	kārī	relaxed	3
karI	14144	kāri	relaxed	1
karIra	2588	karīrā	relaxed	4
karRikA	12106	karṇika	relaxed	1
karRikA	12107	karṇika	relaxed	6
karRikA	12108	karṇika	relaxed	2
karaRqa	14168	kāraṇḍa	relaxed	7
karaRqa	201813	karaṇḍā	relaxed	2
karaRqaka	200838	kāraṇḍaka	relaxed	1
karamBa	2539	karambhā	relaxed	2
karamBa	14175	kārambhā	relaxed	4
karawa	2555	karāṭa	relaxed	1
karburA	12230	karbura	relaxed	26
karburA	12231	karbura	relaxed	3
karburA	12234	karbura	relaxed	3
karburA	12238	karbūra	relaxed	1
kardama	14280	kārdama	relaxed	2
karkaSa	2715	karkaśā	relaxed	2
karkaSa	173725	kārkaśa	relaxed	1
karkara	213560	karkarā	relaxed	1
karkawa	2657	karkaṭā	relaxed	1
karkawa	166994	kārkaṭa	relaxed	2
karkawaka	212121	kārkaṭaka	relaxed	1
karki	219972	karkī	relaxed	5
karkowa	14239	kārkoṭa	relaxed	4
karkowaka	14241	kārkoṭaka	relaxed	4
karmukin	14318	kārmukin	relaxed	2
karowi	213669	karoti	relaxed	3
karpUra	12204	karpūrā	relaxed	1
karpaRa	14286	kārpāṇa	relaxed	1
karpara	207345	kārpara	relaxed	1
karta	14252	kārta	relaxed	1
karta	14253	kārta	relaxed	3
kartari	12139	kartarī	relaxed	29
karuRa	2606	karuṇā	relaxed	169
karza	22541	kārśa	relaxed	2
karza	209775	kārṣa	relaxed	1
karzaka	22550	kārṣaka	relaxed	2
karzaka	205505	kārṣaka	relaxed	1
karzay	157692	karśay	relaxed	217
karzin	206326	karśin	relaxed	6
katTana	1284	katthanā	relaxed	2
kaw	1263	kat	relaxed	1
kaw	214744	kat	relaxed	1
kawaka	1259	kataka	relaxed	47
kawuka	854	kaṭukā	relaxed	98
kazaRa	13057	kasana	relaxed	3
kazaRa	13058	kasanā	relaxed	2
kazaRa	225425	kaśana	relaxed	1
kerala	209815	keralā	relaxed	2
kesara	4669	kesarā	relaxed	1
kesarin	4689	keśarin	relaxed	1
ketana	208632	ketanā	relaxed	3
kf	215578	kṝ	relaxed	1
kfSa	176545	kṛśā	relaxed	2
kfSana	4039	kṛṣāṇa	relaxed	5
kfkara	3800	kṛkarā	relaxed	1
kfmi	3989	kṛmī	relaxed	2
kfpA	3895	kṛpa	relaxed	520
kfsara	4372	kṛsarā	relaxed	23
kftrima	3769	kṛtrimā	relaxed	1
kfzwi	173654	kṛṣṭī	relaxed	26
ki	213543	kī	relaxed	3
kinASa	23595	kīnāśa	relaxed	33
kirAwa	23457	kirāta	relaxed	115
kiraRa	23446	kiraṇā	relaxed	1
kiwi	224792	kiti	relaxed	1
klam	169342	klāṃ	relaxed	1
koTa	4925	koṭha	relaxed	44
koka	4805	kokā	relaxed	1
kokila	4831	kokilā	relaxed	30
kola	5020	kolā	relaxed	6
kopana	4981	kopanā	relaxed	1
kowara	4875	koṭarā	relaxed	1
krAnta	134102	krāntā	relaxed	2
krOYca	134683	krauñcā	relaxed	1
krUra	134665	krūrā	relaxed	2
krakaca	134073	krakacā	relaxed	2
kram	203939	krāṃ	relaxed	2
kramaRa	133777	krāmaṇa	relaxed	225
kramaRa	208735	krāmaṇa	relaxed	2
kramika	172476	krāmika	relaxed	1
kramika	203582	krāmikā	relaxed	1
kroDa	134153	krodhā	relaxed	6
kroDana	134639	krodhanā	relaxed	2
kroSana	134652	krośanā	relaxed	1
kuNkuma	174435	kuṅkumā	relaxed	1
kuRqala	24321	kuṇḍalā	relaxed	1
kuSa	2963	kuśā	relaxed	9
kuSa	213386	kuṣa	relaxed	1
kuTa	24186	kuṭha	relaxed	1
kuWArika	24193	kuṭhārikā	relaxed	6
kuYjara	24063	kuñjarā	relaxed	6
kubja	24483	kubjā	relaxed	3
kucara	216957	kucarā	relaxed	1
kucela	23710	kucelā	relaxed	4
kuhU	3219	kuhu	relaxed	3
kuhU	3220	kuhu	relaxed	1
kuhaka	3188	kuhakā	relaxed	2
kulAla	222061	kulala	relaxed	1
kulIra	211284	kulīrā	relaxed	1
kuliSa	2897	kulīśa	relaxed	1
kulika	221725	kulikā	relaxed	1
kumBI	224305	kumbhi	relaxed	1
kumBa	24609	kumbhā	relaxed	1
kumBikA	24679	kumbhīka	relaxed	9
kumBikA	24680	kumbhīkā	relaxed	16
kumuda	24576	kumudā	relaxed	17
kupuruza	212828	kupūruṣa	relaxed	1
kuqmala	175731	kuḍmalā	relaxed	1
kurkura	3358	kūrkura	relaxed	2
kusIda	3098	kusida	relaxed	1
kusIdin	3059	kuṣīdin	relaxed	1
kusumBa	3060	kuṣumbha	relaxed	1
kutsana	24366	kutsanā	relaxed	2
kuwIra	24101	kuṭira	relaxed	3
kuwila	24104	kuṭilā	relaxed	2
kuwumba	166392	kutumbā	relaxed	1
kvARa	134296	kvaṇa	relaxed	5
kvaTana	222015	kvāthana	relaxed	1
kzA	214961	ksa	relaxed	2
kzA	215302	kṣa	relaxed	1
kzA	222678	kśā	relaxed	3
kzIra	135497	kṣīrā	relaxed	3
kzRu	213105	ksnu	relaxed	2
kzaRika	135365	kṣaṇikā	relaxed	1
kzapaRa	135398	kṣapaṇā	relaxed	1
kzapaRa	169692	kṣāpaṇa	relaxed	1
kzatriya	135380	kṣatriyā	relaxed	83
kzayitA	134617	kṣayita	relaxed	6
kzema	135608	kṣemā	relaxed	2
kzemya	135624	kṣemyā	relaxed	2
kzipA	135471	kṣipa	relaxed	1
kzipra	198599	kṣiprā	relaxed	1
kzoRi	135634	kṣoṇī	relaxed	33
kzudra	135532	kṣudrā	relaxed	27
kzudraka	169137	kṣudrakā	relaxed	1
kzupa	135551	kṣupā	relaxed	1
kzurika	135571	kṣurikā	relaxed	7
lABa	215029	labha	relaxed	2
lAlA	80983	lala	relaxed	3
lAlay	217656	lālāy	relaxed	1
lAsa	81230	lasa	relaxed	1
lAsa	81231	lasa	relaxed	1
lAsa	215510	laṣa	relaxed	2
lAvaRya	206258	lāvaṇyā	relaxed	1
lAvaka	81132	lavaka	relaxed	1
lI	215268	li	relaxed	1
lIna	209295	līnā	relaxed	1
lOha	67477	lauhā	relaxed	3
lUna	201306	luṇa	relaxed	3
lakzaRa	80303	lakṣaṇā	relaxed	20
lakzaRa	81278	lākṣaṇa	relaxed	1
lakzmaRa	80321	lakṣmaṇā	relaxed	43
lalAwa	81414	lālāṭa	relaxed	7
lalita	81002	lalitā	relaxed	38
lamba	80973	lambā	relaxed	23
lapana	213182	lāpana	relaxed	1
lapita	80844	lapitā	relaxed	7
laya	81408	lāya	relaxed	2
lelihAna	81691	lelihānā	relaxed	2
loBa	222045	lobhā	relaxed	1
loBaniya	205684	lobhanīyā	relaxed	3
lohita	67335	lohitā	relaxed	7
lola	81910	lolā	relaxed	4
luRWaka	81824	luṇṭhāka	relaxed	1
mADavI	78766	mādhavi	relaxed	1
mADvI	198899	madhvī	relaxed	1
mANgalika	78408	māṅgalikā	relaxed	1
mAdaka	26888	maḍaka	relaxed	2
mAhArAjya	77500	mahārājya	relaxed	3
mAhArAzwra	77508	mahārāṣṭra	relaxed	6
mAhAtmika	170045	mahātmika	relaxed	1
mAheya	225255	maheya	relaxed	1
mAhizika	224281	mahiṣikā	relaxed	1
mAhizmati	78070	mahiṣmatī	relaxed	1
mAhizmati	132972	māhiṣmatī	relaxed	27
mAlatI	79528	mālati	relaxed	1
mAlika	79460	mālikā	relaxed	33
mAlya	79514	mālyā	relaxed	1
mAm	169801	maṃ	relaxed	5
mAnasa	36112	manasa	relaxed	1
mAnasa	36113	manasa	relaxed	4
mAnin	215457	manin	relaxed	1
mAntrika	219622	mantrika	relaxed	9
mAnuzyaka	211621	manuṣyaka	relaxed	3
mApanA	79082	māpana	relaxed	4
mArI	79220	māri	relaxed	1
mArjana	79372	mārjanā	relaxed	1
mArjay	167795	marjay	relaxed	21
mArtaRqa	79417	mārtāṇḍa	relaxed	11
mAruti	79250	mārutī	relaxed	2
mAs	214805	maś	relaxed	1
mAs	215656	mas	relaxed	1
mAsika	132885	māṣika	relaxed	5
mAsya	133174	māṣya	relaxed	1
mAtali	222470	mātalī	relaxed	9
mAtsarya	174928	matsarya	relaxed	1
mAtuluNga	78545	mātuluṅgā	relaxed	10
mAyika	212879	mayikā	relaxed	2
mAyu	36830	mayu	relaxed	6
mIlana	133164	milana	relaxed	8
mIna	215118	mīnā	relaxed	1
mUlika	137573	mūlikā	relaxed	43
mUrDanya	137541	mūrdhanyā	relaxed	2
mUzI	226406	muṣi	relaxed	1
mUza	136263	muṣā	relaxed	1
mUza	136588	mūṣā	relaxed	946
mUza	213391	muṣa	relaxed	2
mUzika	136605	mūṣikā	relaxed	58
mUzika	219107	muṣika	relaxed	1
maDUka	78803	mādhuka	relaxed	4
maDUka	78804	mādhuka	relaxed	1
maDUka	78813	mādhūka	relaxed	9
maDUka	78814	mādhūka	relaxed	1
maDUka	163724	madhuka	relaxed	4
maDUka	166880	madhuka	relaxed	386
maDUka	166955	madhukā	relaxed	2
maDUka	216583	māḍhukā	relaxed	2
maDula	35777	madhūla	relaxed	2
maDura	35706	madhurā	relaxed	26
maDura	78806	mādhura	relaxed	2
maGavAn	169385	maghavan	relaxed	410
maGavAn	218742	maghavan	relaxed	229
maNgala	26623	maṅgalā	relaxed	18
maRi	78926	mānī	relaxed	1
maRi	201590	maṇī	relaxed	1
maRqUka	78505	māṇḍūka	relaxed	1
maRqUka	170365	māṇḍūka	relaxed	2
maRqUka	225134	māṇḍuka	relaxed	1
maRqala	27080	maṇḍalā	relaxed	1
maWI	214834	mathi	relaxed	1
maWara	78436	māṭhara	relaxed	6
maYjula	26859	mañjulā	relaxed	2
madAlasa	27378	madālasā	relaxed	4
mada	78442	māḍa	relaxed	4
mada	78682	māda	relaxed	2
mada	205464	madā	relaxed	3
madikA	211316	mādikā	relaxed	1
madin	78696	mādin	relaxed	3
madotkawa	27386	madotkaṭā	relaxed	5
madra	35400	madrā	relaxed	1
madra	78706	mādra	relaxed	1
madraka	216865	madrakā	relaxed	1
mahASana	77781	mahāsana	relaxed	1
mahAnasa	77068	mahānāsa	relaxed	4
mahAnasa	132951	māhānasa	relaxed	1
mahArRava	204589	mahārṇavā	relaxed	1
maheSa	133198	māheśa	relaxed	1
maheSa	199046	māheśa	relaxed	5
mahimaya	78115	mahīmaya	relaxed	1
mahiza	133205	māhiṣa	relaxed	115
mahiza	133206	māhiṣa	relaxed	1
mahiza	133207	māhiṣa	relaxed	3
mahodaya	77946	mahodayā	relaxed	3
makara	26460	makāra	relaxed	53
makara	78336	mākara	relaxed	1
makzU	26546	makṣu	relaxed	1
malaya	79539	mālaya	relaxed	1
mallI	37351	malli	relaxed	1
mallI	37352	malli	relaxed	8
malla	37360	mallā	relaxed	1
mallikA	37418	mallika	relaxed	1
man	213585	māṅ	relaxed	5
man	215279	mān	relaxed	1
manTAna	36569	manthana	relaxed	1
manTAna	36571	manthana	relaxed	35
manTara	36594	mantharā	relaxed	33
manay	157957	mānay	relaxed	329
manay	176706	manāy	relaxed	3
mandodarI	217104	maṇḍodarī	relaxed	1
mandu	27123	maṇḍu	relaxed	2
manmaTa	36765	manmathā	relaxed	2
mantra	79043	māntra	relaxed	7
manyA	36789	manya	relaxed	2
manyA	78921	mānya	relaxed	1
manyA	78922	mānya	relaxed	8
manyA	226229	manya	relaxed	1
marIci	79243	mārīci	relaxed	6
marIcikA	36961	marīcika	relaxed	7
marIcikA	79236	māricika	relaxed	1
marIcikA	168721	maricikā	relaxed	1
marSa	37205	marṣa	relaxed	1
marSa	79442	mārṣa	relaxed	54
maraka	79215	māraka	relaxed	28
maraka	79216	māraka	relaxed	16
maraka	206842	māraka	relaxed	2
maraka	207369	māraka	relaxed	1
marda	207387	mārda	relaxed	3
marica	36942	marīca	relaxed	14
marica	36943	marīca	relaxed	13
marica	79235	mārica	relaxed	2
marica	79239	mārīca	relaxed	2
marica	79240	mārīca	relaxed	105
marka	79274	mārka	relaxed	2
markaRqeya	79282	mārkaṇḍeya	relaxed	671
markaRqeya	79284	mārkaṇḍeya	relaxed	6
martya	79425	mārtya	relaxed	1
marya	37190	maryā	relaxed	2
masAra	132932	māsara	relaxed	23
masIna	132929	māsīna	relaxed	2
masIna	133172	māṣīṇa	relaxed	1
mat	215868	maṭ	relaxed	1
mata	78626	mātā	relaxed	238
matsya	27174	matsyā	relaxed	1
matsya	78666	mātsya	relaxed	17
matsya	78667	mātsya	relaxed	6
matsya	78668	mātsya	relaxed	8
matta	174312	mattā	relaxed	3
mayi	36821	mayī	relaxed	1
mayoBava	79191	māyobhava	relaxed	5
meDya	72103	medhyā	relaxed	19
meGa	208635	meghā	relaxed	1
meKalA	137745	mekhala	relaxed	7
meKalA	137746	mekhala	relaxed	2
meTi	137357	methī	relaxed	25
meda	137799	medā	relaxed	75
medura	72052	medurā	relaxed	1
mehanA	72219	mehana	relaxed	50
mehanA	72220	mehana	relaxed	1
mekala	137741	mekalā	relaxed	1
melaka	204479	melakā	relaxed	1
menA	72112	mena	relaxed	1
meza	72183	meṣā	relaxed	1
mfgArI	136989	mṛgāri	relaxed	4
mfga	137626	mṛgā	relaxed	2
mfgavya	215430	mṛgavyā	relaxed	15
mfgayA	137675	mṛgaya	relaxed	3
mfqa	137107	mṛdā	relaxed	7
mfqa	137691	mṛḍā	relaxed	2
mfqa	213384	mṛda	relaxed	1
mfqa	219004	mṛda	relaxed	1
mfta	207180	mṛtā	relaxed	1
mftsna	137098	mṛtsnā	relaxed	51
miSraRa	201717	miśraṇā	relaxed	1
miSraka	215114	miśrakā	relaxed	5
mitra	135841	mitrā	relaxed	5
moGa	72400	moghā	relaxed	4
moda	72452	modā	relaxed	3
modaka	209780	modāka	relaxed	1
moha	209276	mohā	relaxed	2
mohana	72536	mohanā	relaxed	2
muKya	136863	mukhyā	relaxed	1
mudita	137412	muditā	relaxed	7
mugDa	137497	mugdhā	relaxed	2
muhUrta	137507	muhūrtā	relaxed	10
mukuwa	136815	mukuṭā	relaxed	2
mumUrzA	174994	mumūrṣa	relaxed	1
mumUrzu	174233	mumurṣu	relaxed	1
muraja	137449	murajā	relaxed	2
murmura	137470	murmurā	relaxed	1
musala	176505	muśala	relaxed	4
nABAga	208685	nabhaga	relaxed	3
nAD	219316	nadh	relaxed	1
nASay	218790	naśāy	relaxed	1
nATa	225960	nāthā	relaxed	1
nAdya	43832	naḍyā	relaxed	1
nAdya	207363	nadya	relaxed	1
nAka	43488	naka	relaxed	2
nAlI	44429	nalī	relaxed	4
nAmagraha	33539	nāmagrāha	relaxed	12
nArI	44243	narī	relaxed	12
nArada	201107	narāda	relaxed	1
nAsikA	33871	nāsika	relaxed	2
nAvAja	44498	navaja	relaxed	1
nAvanIta	44512	navanīta	relaxed	186
nAvanIta	169053	navanītā	relaxed	2
nAya	44181	naya	relaxed	223
nAyaka	44209	nayaka	relaxed	1
nEmizIya	224650	naimiśīya	relaxed	2
nIca	28559	nīcā	relaxed	21
nIca	218663	nīcā	relaxed	1
nIhAra	28457	nihāra	relaxed	5
nIla	28609	nīlā	relaxed	18
nIrada	214525	nirādā	relaxed	2
nIrava	34091	nirava	relaxed	1
nIruj	174988	niruj	relaxed	1
nIruj	203098	niruj	relaxed	2
nIzah	28523	nīṣāh	relaxed	1
nagADipa	33163	nāgādhipa	relaxed	1
nageSvara	33185	nāgeśvara	relaxed	1
nageSvara	33187	nāgeśvara	relaxed	1
nagodara	33190	nāgodara	relaxed	5
nahi	171719	nāhī	relaxed	2
nahuza	33896	nāhuṣa	relaxed	5
nahuza	33898	nāhuṣa	relaxed	77
nakra	43536	nakrā	relaxed	1
nakta	43508	naktā	relaxed	2
nakula	33003	nākula	relaxed	4
nakula	33004	nākula	relaxed	1
nakzatriya	220950	nakṣatriyā	relaxed	1
nakzatriya	223608	nakṣatrīya	relaxed	1
nalinI	33788	nālinī	relaxed	3
nam	212982	nāṃ	relaxed	3
nam	212983	ṇāṃ	relaxed	1
nam	213679	nām	relaxed	3
namra	44160	namrā	relaxed	1
nanda	43927	nandā	relaxed	33
nandinI	173551	nāndini	relaxed	1
naqaka	217842	nādaka	relaxed	1
narya	33704	nārya	relaxed	1
navAkzara	204461	navakṣāra	relaxed	1
navana	33815	nāvana	relaxed	79
navatA	44658	navata	relaxed	2
nfpAtmajA	28971	nṛpātmaja	relaxed	2
niDi	222715	nidhī	relaxed	6
niGAta	207260	nighaṭa	relaxed	1
niH	219861	nih	relaxed	2
niHsAra	33972	niḥsārā	relaxed	2
niHsAra	34738	niḥsara	relaxed	2
niHsTA	161237	niḥṣṭhā	relaxed	24
niHsU	161235	niḥṣū	relaxed	1
niHsic	161233	niḥṣic	relaxed	7
niHzWiv	176803	niḥṣṭhīv	relaxed	11
niHzpanda	33989	niḥspanda	relaxed	4
niSAdi	28228	niṣādī	relaxed	15
niSamay	170712	niśāmay	relaxed	447
niScala	34533	niścalā	relaxed	4
niSitA	28167	niśita	relaxed	2
niSitA	28277	niṣita	relaxed	2
niSumBa	171903	nisumbha	relaxed	2
niSvAsita	28206	niśvasita	relaxed	3
nici	175602	nīcī	relaxed	2
nicira	216949	nicīrā	relaxed	1
nidarSana	35132	nidarśanā	relaxed	1
nifGaRwa	221977	nirghaṇṭa	relaxed	1
nikazaRa	223423	nikāśana	relaxed	1
nikvaRa	169445	nikvāṇa	relaxed	1
nilaya	27989	nilāya	relaxed	3
nimIla	27500	nimīlā	relaxed	1
nimil	161336	nimīl	relaxed	33
ninI	215369	ṇini	relaxed	5
ninadita	35177	ninādita	relaxed	1
ninartiza	35181	ninartiṣā	relaxed	1
nindA	215500	ninda	relaxed	1
nipatay	161309	nipātay	relaxed	396
nirASatA	174363	nīrasatā	relaxed	1
nirAgAra	218057	niragāra	relaxed	1
nirAkAra	199940	nirākara	relaxed	1
nirAlamba	168478	nirālambā	relaxed	1
nirBara	176047	nirbhāra	relaxed	11
nirIksaka	27650	nirīkṣaka	relaxed	2
nirJara	163688	nirjharā	relaxed	1
nirUpaRa	27687	nirūpaṇā	relaxed	1
niraYjana	34022	nirañjanā	relaxed	2
nirahaṁkriyA	171517	nirahaṃkriya	relaxed	2
niras	222890	niraś	relaxed	1
nirasana	34108	niraśana	relaxed	1
nirasana	172934	nirāsana	relaxed	2
nirasana	217637	nīraśana	relaxed	1
nirastra	209071	nīrāṣṭra	relaxed	1
niraya	34159	nirāya	relaxed	1
nirazwa	27621	nirasta	relaxed	2
nirbIja	34343	nirbījā	relaxed	2
nirhAra	208156	nirhara	relaxed	1
nirhrAda	217913	nirhrādā	relaxed	1
niri	161364	nirī	relaxed	4
nirudaka	200269	nirūdaka	relaxed	2
nirupaDi	34244	nirupādhi	relaxed	8
nirupama	203298	nirūpama	relaxed	1
niruzman	199149	nirūṣman	relaxed	6
nirvARa	34436	nirvana	relaxed	1
nirvac	34446	nirvāc	relaxed	1
nirveSa	216710	nirveṣa	relaxed	2
nirveSa	224435	nirveṣa	relaxed	5
nirviza	34480	nirviṣā	relaxed	4
nisaYj	161503	niṣañj	relaxed	12
nisic	161506	niṣic	relaxed	111
nistAra	214534	nistara	relaxed	1
nistaray	161539	nistāray	relaxed	4
nisvapay	223181	niṣvāpay	relaxed	1
nisyandin	223915	niṣyandin	relaxed	1
nitya	35024	nityā	relaxed	3
nivAsa	28032	nivāśa	relaxed	1
nivaha	28022	nivāha	relaxed	2
nivaha	28520	nīvāha	relaxed	1
niyAmaka	205572	niyamaka	relaxed	1
niyamana	172116	niyāmana	relaxed	10
niyantraRa	167377	niyantraṇā	relaxed	3
niyati	27562	niyatī	relaxed	1
nizAda	28221	niṣada	relaxed	1
nizPala	34675	niṣphalā	relaxed	1
nizkAraRa	209874	niṣkaraṇa	relaxed	1
nizkAsa	28292	niṣkāśa	relaxed	1
nizkAsa	28295	niṣkāṣa	relaxed	10
nizkAsana	176748	niṣkāśana	relaxed	1
nizkAsana	221881	niṣkasana	relaxed	2
nizkala	34563	niṣkalā	relaxed	1
nizkrAmya	221992	niṣkramya	relaxed	1
nizkrama	174154	niṣkrāma	relaxed	4
nizpaday	161527	niṣpāday	relaxed	52
nizpratIkAra	200900	niṣpratīkara	relaxed	1
nizpratIkAra	210695	niṣpratikāra	relaxed	2
nizwya	28344	niṣṭyā	relaxed	6
nizzah	218811	niṣṣāh	relaxed	2
nyaYc	212373	nyāñc	relaxed	92
nyasana	167460	nyāsana	relaxed	1
nyayana	221175	nyāyana	relaxed	1
oha	217525	ohā	relaxed	2
ozaDi	169241	oṣadhī	relaxed	518
pARqura	93447	pāṇḍurā	relaxed	2
pASa	94502	pāśā	relaxed	5
pASa	94592	pāsa	relaxed	2
pASaka	170870	pāsaka	relaxed	2
pASika	94523	pāśikā	relaxed	2
pASupAlya	92726	paśupālya	relaxed	2
pAYcAlikA	93178	pāñcālika	relaxed	3
pAYcanada	14889	pañcanada	relaxed	18
pAYcanada	14891	pañcanada	relaxed	5
pAdAta	202507	pādatā	relaxed	1
pAdAta	212379	padāta	relaxed	15
pAdaka	15858	padaka	relaxed	3
pAdaka	220826	padaka	relaxed	1
pAdika	15873	padika	relaxed	1
pAdika	93707	pādikā	relaxed	1
pAdika	166278	padikā	relaxed	2
pAka	217335	pākā	relaxed	1
pAkyA	93079	pākya	relaxed	5
pAkyA	93080	pākya	relaxed	2
pAkyA	93081	pākya	relaxed	28
pAkzika	174475	pakṣika	relaxed	1
pAlaka	175792	palaka	relaxed	4
pAlay	169234	palāy	relaxed	150
pAnasa	16079	panasa	relaxed	76
pAnasa	16080	panasa	relaxed	8
pApa	93766	pāpā	relaxed	1
pArAvata	18758	parāvata	relaxed	1
pArAvata	210735	pārāvāta	relaxed	1
pArIRahya	94119	pāriṇāhya	relaxed	1
pArIRahya	94186	pāriṇahya	relaxed	1
pAraRa	18665	paraṇa	relaxed	1
pArakya	206347	parakya	relaxed	1
pAraloka	16298	paraloka	relaxed	6
pAramArTika	209565	pāramārthikā	relaxed	1
pArameSvara	16482	parameśvara	relaxed	568
pArameSvara	16484	parameśvara	relaxed	1
pArasa	18777	parāsa	relaxed	5
pArasa	200127	parāśa	relaxed	1
pArata	16214	paratā	relaxed	2
pAraṁpara	16288	parampara	relaxed	6
pAraṁpara	16290	paramparā	relaxed	96
pArvaRa	20212	parvaṇa	relaxed	1
pArvatI	20218	parvatī	relaxed	7
pArvatI	20257	parvati	relaxed	2
pArvatI	94275	pārvati	relaxed	1
pAtin	93200	pāṭin	relaxed	1
pAvana	92588	pavana	relaxed	552
pAvana	92590	pavana	relaxed	3
pAvana	92591	pavana	relaxed	11
pAvana	92592	pavana	relaxed	9
pAwaccara	15264	paṭaccara	relaxed	11
pAwaccara	15265	paṭaccara	relaxed	3
pAyana	93930	pāyanā	relaxed	1
pAyasa	16135	payasa	relaxed	2
pAyasa	16136	payasa	relaxed	3
pAzARa	214363	pāśana	relaxed	2
pAṁSana	92972	pāṃsana	relaxed	55
pAṁsu	166052	pāṃśu	relaxed	64
pAṁsuka	207410	pāṃśuka	relaxed	2
pIWa	144304	pītha	relaxed	117
pIlu	95188	pilu	relaxed	2
pInasa	168649	pīnasā	relaxed	1
pIqA	216347	pīḍa	relaxed	1
pIvara	144358	pīvarā	relaxed	1
pOzkara	168790	pauṣkarā	relaxed	1
pU	143397	pu	relaxed	10
pU	213874	pu	relaxed	6
pUla	144683	pula	relaxed	1
pUpa	176095	pūpā	relaxed	10
pUrRa	145581	pūrṇā	relaxed	11
pUti	213499	puṭī	relaxed	5
pUzaRa	145716	pūṣaṇā	relaxed	1
paRqa	15443	paṇḍā	relaxed	1
paSca	92794	paścā	relaxed	51
paScima	175035	paścimā	relaxed	11
paTi	218159	paṭhi	relaxed	1
paTika	15711	pathikā	relaxed	1
paTika	93260	pāṭhikā	relaxed	2
paTya	15720	pathyā	relaxed	256
paTya	93548	pāthya	relaxed	8
paWAy	161585	pāṭhay	relaxed	26
paWaka	93255	pāṭhaka	relaxed	15
paWana	93257	pāṭhana	relaxed	2
paYcANga	177048	pañcāṅgā	relaxed	1
paYcAkzara	175082	pañcakṣāra	relaxed	5
paYcaSatI	15191	pañcāśati	relaxed	2
paYcaSata	15190	pañcāśata	relaxed	9
paYcadaSa	204336	pañcādaśa	relaxed	1
paYcazazti	202966	pañcaṣaṣṭi	relaxed	4
paYcikA	15199	pañcika	relaxed	1
paYcikA	93187	pāñcika	relaxed	3
paYjI	173223	pāñji	relaxed	1
pacana	93086	pācana	relaxed	210
pacana	93087	pācana	relaxed	1
pacana	93089	pācana	relaxed	91
padaSas	93644	pādaśas	relaxed	9
padmAkara	15903	padmakarā	relaxed	4
padmAlaya	16030	padmālayā	relaxed	5
padmAvatI	15982	padmavatī	relaxed	3
padma	15899	padmā	relaxed	54
padma	93747	pādma	relaxed	3
padma	93748	pādma	relaxed	10
padma	93749	pādma	relaxed	48
pahlava	218474	pāhlava	relaxed	1
palASa	94436	pālāśa	relaxed	172
palASa	94437	pālāśa	relaxed	29
palASa	211262	palāśā	relaxed	1
palika	94450	pālikā	relaxed	26
palika	173448	pālika	relaxed	29
palika	176802	palikā	relaxed	4
palita	94414	pālita	relaxed	3
palita	217083	palitā	relaxed	1
pallI	92546	palli	relaxed	1
palvala	94461	pālvala	relaxed	2
panay	218074	paṇāy	relaxed	3
panay	220421	panāy	relaxed	2
parABU	174095	parabhū	relaxed	1
parASara	94096	pārāśara	relaxed	1
parASara	94097	pārāśara	relaxed	8
parASara	94098	pārāśara	relaxed	2
parAjita	204606	parājitā	relaxed	1
parApara	93970	pārapāra	relaxed	1
parApara	167766	parāparā	relaxed	18
parAvara	93979	pārāvāra	relaxed	2
parAvara	93980	pārāvāra	relaxed	11
parAvat	16300	paravat	relaxed	28
parAvat	225975	pāravat	relaxed	1
parIRas	219370	parīṇaś	relaxed	1
parIkzA	224195	parikśā	relaxed	1
parIkzita	94111	pārikṣita	relaxed	43
parIkzita	94184	pārīkṣita	relaxed	3
parIkzita	94185	pārīkṣita	relaxed	6
parItta	221558	paritta	relaxed	2
parRa	94218	pārṇa	relaxed	3
paraSvas	161628	parāśvas	relaxed	6
parama	221745	paramā	relaxed	1
parameSa	168116	pārameśa	relaxed	2
parameSa	218334	pārameśa	relaxed	1
paratas	93963	pāratas	relaxed	2
paratra	214455	pāratra	relaxed	1
pariBAz	162099	paribhās	relaxed	1
pariBAzaRa	223193	paribhāṣaṇā	relaxed	1
pariBava	19339	paribhāva	relaxed	1
pariBava	169457	parībhāva	relaxed	2
pariBavana	19340	paribhāvana	relaxed	1
pariBavana	19341	paribhāvanā	relaxed	1
pariBavin	19343	paribhāvin	relaxed	4
pariBramaRa	19356	paribhrāmaṇa	relaxed	1
pariDAna	19853	parīdhāna	relaxed	9
pariRah	19847	parīṇah	relaxed	4
pariRata	225784	parīṇaṭa	relaxed	1
pariSrama	19660	pariśrāma	relaxed	1
pariSri	204218	pariśrī	relaxed	1
pariSru	162240	parisru	relaxed	41
pariSruta	207697	parisruta	relaxed	1
pariSudDi	220080	pāriśuddhi	relaxed	1
paribarha	94138	pāribarha	relaxed	4
paricArikA	18954	paricārika	relaxed	1
paricara	18942	paricarā	relaxed	17
paricara	18950	paricāra	relaxed	18
paricara	214624	parīcāra	relaxed	1
paricaryA	224932	pāricarya	relaxed	1
paridAha	19852	parīdāha	relaxed	4
parigraha	18916	parigrāha	relaxed	36
parihAra	19866	parīhāra	relaxed	12
parikalpana	18834	parikalpanā	relaxed	5
parikzepa	215749	parīkṣepa	relaxed	1
parimARa	19855	parīmāṇa	relaxed	19
parineya	224721	pāriṇeya	relaxed	1
paripatana	218497	paripātana	relaxed	1
pariplava	19285	pariplavā	relaxed	5
pariplava	94133	pāriplava	relaxed	3
pariplava	94134	pāriplava	relaxed	4
pariplava	94135	pāriplava	relaxed	20
pariplava	203214	pariplāva	relaxed	1
paripluta	19289	pariplutā	relaxed	3
parisADAna	19753	parisādhana	relaxed	6
parisTA	162210	pariṣṭhā	relaxed	14
parisTA	219012	pariṣṭhā	relaxed	4
parisTA	221146	pariṣṭhā	relaxed	1
parisaNKyA	207556	parisaṅkhya	relaxed	1
parisic	162201	pariṣic	relaxed	190
pariskand	162207	pariṣkand	relaxed	1
parisrava	19800	parisrāva	relaxed	14
paristu	162208	pariṣṭu	relaxed	6
paritakmya	19053	paritakmyā	relaxed	7
parityagin	19089	parityāgin	relaxed	13
parivAda	19857	parīvāda	relaxed	21
parivAdin	208464	parīvādin	relaxed	1
parivApa	19858	parīvāpa	relaxed	2
parivAra	19859	parīvāra	relaxed	36
parivedana	19543	parivedanā	relaxed	5
pariveza	19860	parīveṣa	relaxed	1
parivezaka	207506	pariveśaka	relaxed	1
parivftti	224258	parivṛttī	relaxed	3
parivrajyA	19619	parivrājya	relaxed	1
parizad	199461	pāriṣad	relaxed	2
parizeka	199443	parīṣeka	relaxed	14
parizvaNga	212533	parisvaṅga	relaxed	1
parjanya	94217	pārjanya	relaxed	14
parjanya	163716	parjanyā	relaxed	4
parokzA	18652	parokṣa	relaxed	268
parokzA	94212	pārokṣa	relaxed	2
parucCepa	94201	pārucchepa	relaxed	10
paruza	19905	paruṣā	relaxed	1
paruza	19928	parūṣa	relaxed	3
paruza	166891	parūṣa	relaxed	1
paryAlocana	20129	paryālocanā	relaxed	3
paryapti	20121	paryāpti	relaxed	26
paryas	162270	paryaś	relaxed	4
paryas	162300	paryās	relaxed	8
paryezaRa	19896	paryeṣaṇā	relaxed	2
paryupAsana	221302	paryupāsanā	relaxed	2
parzad	94368	pārṣad	relaxed	5
patAkA	15277	paṭāka	relaxed	1
patAkA	15511	patāka	relaxed	17
patAkA	93193	pāṭaka	relaxed	3
patAkA	93476	pātaka	relaxed	2
patAkA	93477	pātaka	relaxed	325
patAkin	93479	pātakin	relaxed	15
patnI	224318	patni	relaxed	4
patti	15361	paṭṭi	relaxed	1
pattika	15345	paṭṭikā	relaxed	23
pavitra	92636	pavitrā	relaxed	8
pavitra	94489	pāvitra	relaxed	1
pawIra	93242	pāṭīra	relaxed	3
pawizWa	15537	patiṣṭha	relaxed	2
pawu	220685	pātu	relaxed	5
payasya	16139	payasyā	relaxed	124
peSI	150165	peṣī	relaxed	2
peya	150910	peyā	relaxed	97
pfSanI	224100	pṛṣanī	relaxed	1
pfSni	150069	pṛśnī	relaxed	1
pfSni	150106	pṛṣṇi	relaxed	1
pfTula	150059	pṛthulā	relaxed	2
pfdAku	220069	pṛdākū	relaxed	7
pfzWa	225575	pṛṣṭhā	relaxed	3
pfzWya	150104	pṛṣṭhyā	relaxed	30
piNga	94669	piṅgā	relaxed	9
piNgala	94694	piṅgalā	relaxed	52
piRqa	94770	piṇḍā	relaxed	3
piRqaka	221000	piṇḍakā	relaxed	8
piRqaraka	94854	piṇḍāraka	relaxed	9
piRqaraka	176452	piṇḍāraka	relaxed	5
piRqikA	94858	piṇḍika	relaxed	2
piRqikA	172050	piṇḍīka	relaxed	1
piSa	215546	pisa	relaxed	1
piSita	144247	piśitā	relaxed	2
piSuna	144258	piśunā	relaxed	5
piWara	226088	pīṭhara	relaxed	3
picCala	94650	picchalā	relaxed	1
piqakA	94765	piḍaka	relaxed	128
piqakA	141115	pīḍaka	relaxed	8
pitrya	95028	pitryā	relaxed	2
plavana	152788	plāvana	relaxed	11
plavana	204165	plāvana	relaxed	1
plavita	154050	plāvita	relaxed	1
plihan	152773	plīhan	relaxed	296
pota	150974	poṭa	relaxed	6
pota	150975	poṭā	relaxed	5
prADAnya	140576	pradhanya	relaxed	1
prARAyama	151935	prāṇayama	relaxed	1
prARAyama	152133	prāṇāyāma	relaxed	308
prARana	169349	prāṇanā	relaxed	3
prAcIna	156074	prācīnā	relaxed	8
prAdeSa	140836	pradeśa	relaxed	338
prAguttara	156055	prāguttarā	relaxed	2
prAhArika	212567	prahārika	relaxed	1
prAjApatya	155940	prājāpatyā	relaxed	2
prAkfta	151145	prakṛta	relaxed	18
prAkftika	174602	prakṛtika	relaxed	5
prAmARika	175021	pramāṇika	relaxed	4
prApaRika	204560	prapāṇika	relaxed	2
prApaka	140628	prapāka	relaxed	14
prApay	225983	prapay	relaxed	1
prApya	162925	prapyā	relaxed	14
prArTana	153133	prārthanā	relaxed	48
prAtikAmin	151757	pratikāmin	relaxed	1
prAtiveSika	216578	prātiveśikā	relaxed	1
prAtiveSmika	216171	prātiveśmikā	relaxed	4
prAtyayika	139919	pratyayika	relaxed	3
prAvI	163062	pravī	relaxed	8
prAvarzin	154849	pravarṣin	relaxed	3
prAvfta	153147	prāvṛtā	relaxed	1
prAvfz	163070	pravṛṣ	relaxed	52
prAvfzeRya	153157	prāvṛṣeṇyā	relaxed	3
prAyaRIya	153119	prāyaṇīyā	relaxed	5
prEzya	153991	praiṣyā	relaxed	3
prOQa	154023	prauḍhā	relaxed	5
pra	218680	prā	relaxed	40
pra	218995	prā	relaxed	33
praBA	204277	prabha	relaxed	13
praBAsana	140962	prabhāṣaṇa	relaxed	5
praBAsvara	140968	prabhāsvarā	relaxed	3
praBAta	140960	prabhātā	relaxed	1
praBAz	162939	prabhās	relaxed	11
praBAz	216872	prabhaṣ	relaxed	1
praBaYjana	211333	prābhāñjana	relaxed	1
praDA	155199	prādhā	relaxed	1
praDarzaRA	140885	pradharṣaṇa	relaxed	1
praDarzaRA	140886	pradharṣaṇa	relaxed	12
praDi	163157	prādhī	relaxed	10
praDi	219668	pradhī	relaxed	2
praRAda	156096	prāṇada	relaxed	5
praRAda	156097	prāṇadā	relaxed	10
praRI	168120	prāṇī	relaxed	3
praRayana	152001	prāṇāyana	relaxed	2
praRayitA	176892	praṇayita	relaxed	2
praRiDAna	199059	praṇīdhāna	relaxed	3
praRu	217430	praṇū	relaxed	25
praSama	217198	praśamā	relaxed	1
prabala	140922	prabalā	relaxed	1
prabudDa	209267	prabuddhā	relaxed	1
pracaRqa	151231	pracaṇḍā	relaxed	9
pracalana	150690	pracālana	relaxed	3
pracaraRa	150682	pracāraṇa	relaxed	1
pracetas	155183	prācetas	relaxed	1
pracyavana	150739	pracyāvana	relaxed	2
pradIv	140834	pradiv	relaxed	1
pradIv	140835	pradiv	relaxed	37
pradrava	140564	pradrāva	relaxed	1
pradru	163156	prādru	relaxed	6
pragA	151205	praga	relaxed	1
pragetana	204064	prāgetana	relaxed	1
prahAsa	155110	prahasa	relaxed	3
prahUti	155128	prahuti	relaxed	1
praharaRa	155134	prahāraṇa	relaxed	1
praharaRa	169869	prāharaṇa	relaxed	1
praharsa	155837	praharṣa	relaxed	120
prahi	208993	prāhi	relaxed	1
prahlAdana	155851	prahlādanā	relaxed	4
prahlAdin	201366	prāhlādin	relaxed	1
prahuta	216984	prāhūta	relaxed	1
prajA	151274	praja	relaxed	3
prajA	151275	praja	relaxed	3
prajAgara	151302	prajāgarā	relaxed	1
prajYapti	218645	prajñaptī	relaxed	1
prajan	223709	prājan	relaxed	1
prajana	150785	prajānā	relaxed	1
prajana	155935	prājana	relaxed	3
prajana	221585	prajāna	relaxed	1
prakASana	151128	prakāśanā	relaxed	1
prakASika	151123	prakāśikā	relaxed	1
prakAma	208871	prākāma	relaxed	1
prakamp	221820	prākamp	relaxed	1
prakruS	173707	prākruś	relaxed	6
pralaB	218033	prālabh	relaxed	2
pralapana	154612	pralāpana	relaxed	2
pramATin	140788	pramathin	relaxed	3
pramIl	204677	pramil	relaxed	2
pramIta	154453	pramita	relaxed	4
pramadvara	141009	pramadvarā	relaxed	18
pramoda	169328	pramodā	relaxed	1
prapA	152193	prāpa	relaxed	6
prapAna	140634	prapaṇa	relaxed	5
prapAna	153091	prāpaṇa	relaxed	24
prapada	225466	prapāda	relaxed	1
prarocana	155503	prarocanā	relaxed	3
prasUna	154938	praśūna	relaxed	1
prasUta	155721	prasuta	relaxed	1
prasUta	155734	prasūtā	relaxed	4
prasaNga	155896	prāsaṅga	relaxed	3
prasanna	155686	prasannā	relaxed	22
prasfta	155750	prasṛtā	relaxed	2
prasnApay	221239	prasnapay	relaxed	1
prasrava	155792	prasrāva	relaxed	9
prasravaRa	155911	prāsravaṇa	relaxed	3
prasravaRa	155912	prāsravaṇa	relaxed	3
prastu	211097	praṣṭu	relaxed	7
pratAna	165902	pratanā	relaxed	1
pratApana	176233	pratapana	relaxed	6
pratApana	202211	pratapana	relaxed	1
pratAra	139953	pratara	relaxed	12
pratIcya	140387	pratīcyā	relaxed	1
pratIka	151702	pratika	relaxed	1
pratIka	152094	prātikā	relaxed	1
pratIka	218916	pratika	relaxed	1
pratIpa	137917	pratipa	relaxed	5
pratIpa	152087	prātīpa	relaxed	2
pratIpa	202412	pratipā	relaxed	1
pratardana	155187	prātardana	relaxed	1
pratiBA	153063	prātibha	relaxed	1
pratiBA	153064	prātibha	relaxed	10
pratiBA	224468	pratībhā	relaxed	1
pratiBAz	162566	pratibhās	relaxed	7
pratiGAtin	139907	pratīghātin	relaxed	2
pratiSravaRa	169645	pratiśrāvaṇa	relaxed	1
pratiSru	216488	pratisru	relaxed	1
pratibAhU	151488	pratibāhu	relaxed	3
pratibala	210808	pratibalā	relaxed	2
pratiboDa	139911	pratībodha	relaxed	3
pratiboDa	223037	pratībodha	relaxed	1
pratidarSa	139909	pratīdarśa	relaxed	1
pratidfSya	224337	pratīdṛśyā	relaxed	2
pratidiv	162484	pratidīv	relaxed	4
pratigrAhin	151739	pratigrahin	relaxed	3
pratigraha	151741	pratigrāha	relaxed	3
pratikASa	139906	pratīkāśa	relaxed	114
pratikriyA	214615	pratikriya	relaxed	2
pratikza	140061	pratīkṣa	relaxed	19
pratikza	140062	pratīkṣā	relaxed	10
pratikza	223005	pratikśā	relaxed	1
pratiloma	151811	pratilomā	relaxed	2
pratimA	176383	pratima	relaxed	139
pratipAta	202326	pratīpatā	relaxed	1
pratipada	153057	prātipada	relaxed	7
pratipada	201019	pratipāda	relaxed	3
pratirUpa	151805	pratirūpā	relaxed	1
pratirava	212773	pratirāva	relaxed	1
prativAta	224449	pratīvāta	relaxed	1
prativeSa	225813	pratīveśa	relaxed	1
prativeSya	153070	prātiveśya	relaxed	14
pratiyAtana	139975	pratiyātanā	relaxed	3
pratuda	155189	prātuda	relaxed	1
pratyASA	171426	pratyāsa	relaxed	1
pratyUza	175029	pratyuṣa	relaxed	2
pratyUzas	216843	pratyuṣas	relaxed	5
pratyanIka	151679	pratyānīka	relaxed	1
pratyavamarSa	209909	pratyavamarṣa	relaxed	3
pratyayita	140059	pratyāyita	relaxed	2
pravAsa	163172	prāvasā	relaxed	3
pravaRa	154853	pravāṇa	relaxed	5
pravaRa	155222	prāvaṇa	relaxed	2
pravadana	208170	pravādana	relaxed	1
pravah	202151	pravāh	relaxed	17
pravarga	155225	prāvarga	relaxed	2
pravartaka	153148	prāvartaka	relaxed	1
pravartana	155616	pravartanā	relaxed	2
pravrAjin	171556	pravrajin	relaxed	1
pravraj	154884	pravrāj	relaxed	3
pravrajita	155634	pravrajitā	relaxed	19
prayam	224646	prāyam	relaxed	1
prayatna	155462	prayatnā	relaxed	1
prayoga	152255	prāyoga	relaxed	1
prayu	219887	prāyu	relaxed	2
prazwi	226280	praṣṭī	relaxed	1
priya	153186	priyā	relaxed	193
priyatama	153205	priyatamā	relaxed	4
puNKa	165884	puṅkhā	relaxed	13
puRqarIka	144420	puṇḍarīkā	relaxed	9
puRqra	198995	puṇḍrā	relaxed	1
puRya	144441	puṇyā	relaxed	8
pukkaSa	144392	pukkasa	relaxed	7
pulomajA	212927	pulomaja	relaxed	1
pur	215638	pūr	relaxed	1
purARa	143956	puraṇa	relaxed	1
purARa	145573	pūraṇa	relaxed	11
purARa	145574	pūraṇa	relaxed	25
purARa	145576	pūraṇa	relaxed	112
purI	143937	puri	relaxed	2
purI	215321	pūri	relaxed	2
puruzAkAra	144650	puruṣakāra	relaxed	82
pustaka	171483	puṣṭaka	relaxed	1
pustikA	145432	puṣṭikā	relaxed	1
putrIya	144506	putriya	relaxed	5
putrikA	219744	putrīkā	relaxed	1
puwa	145512	pūta	relaxed	3
puwa	145513	pūtā	relaxed	2
puwa	210430	puṭā	relaxed	1
puwikA	145017	pūtīka	relaxed	43
puwikA	145560	pūtika	relaxed	3
puwikA	145561	pūtika	relaxed	12
puwikA	145562	pūtikā	relaxed	1
puwikA	145563	pūtika	relaxed	2
puzkala	209816	puṣkalā	relaxed	1
puzpAsara	145471	puṣpaśara	relaxed	1
puzpAsara	145473	puṣpasāra	relaxed	1
puzpa	145435	puṣpā	relaxed	1
puzpavat	145489	puṣpāvat	relaxed	2
puzpita	145497	puṣpitā	relaxed	2
qamaru	176259	ḍamarū	relaxed	1
qimBa	95737	ḍimbhā	relaxed	3
rAja	65932	raja	relaxed	25
rAja	213026	rajā	relaxed	1
rAjanya	70474	rājanyā	relaxed	13
rAjimant	168874	rājīmant	relaxed	1
rAjimant	206679	rājīmant	relaxed	4
rAkzasa	226492	rakṣasa	relaxed	2
rAmI	215396	rami	relaxed	1
rAmaRIyaka	66772	ramaṇīyaka	relaxed	3
rAmaRIyaka	223210	ramaṇīyaka	relaxed	5
rAsaBa	170451	rasābha	relaxed	1
rAzwrika	71162	rāṣṭrikā	relaxed	6
rIti	71288	riṭi	relaxed	3
rOdra	215210	raudrā	relaxed	1
rOpya	80185	raupyā	relaxed	1
rUQa	215641	rudha	relaxed	2
rUpa	71803	rupa	relaxed	1
rUpa	71932	rūpā	relaxed	1
rUpaka	72036	rūpakā	relaxed	2
rUzaRa	218011	rūṣaṇā	relaxed	2
raNga	65850	raṅgā	relaxed	1
raRqA	66159	raṇḍa	relaxed	2
raTa	70599	rāṭha	relaxed	9
raTezWa	220010	ratheṣṭhā	relaxed	8
raYjana	204528	rañjanā	relaxed	4
rahay	201316	rāhay	relaxed	2
rajaka	70461	rājaka	relaxed	3
rajaka	70462	rājaka	relaxed	42
rajaka	70463	rājaka	relaxed	6
rajanI	70470	rājanī	relaxed	1
rajanI	70553	rājani	relaxed	3
rajana	70471	rājana	relaxed	21
rajasa	70554	rājasa	relaxed	115
rajasa	70555	rājasa	relaxed	3
rajasvala	66007	rajasvalā	relaxed	96
rajikA	70567	rājikā	relaxed	97
rajikA	70592	rājika	relaxed	2
rajjuka	200977	rajjukā	relaxed	2
rakta	65580	raktā	relaxed	26
rakzikA	65454	rakṣika	relaxed	3
ram	169913	rāṃ	relaxed	3
ramaRI	217895	rāmaṇī	relaxed	1
ramaRa	66751	ramaṇā	relaxed	3
ramaRa	71021	rāmaṇa	relaxed	2
ranti	176280	rantī	relaxed	5
rasAla	69816	rasālā	relaxed	14
rasika	69837	rasikā	relaxed	1
rasika	204004	rāśika	relaxed	2
rasya	69845	rasyā	relaxed	2
ratnAkara	66172	ratnakara	relaxed	2
ratna	176436	ratnā	relaxed	3
ravaRa	71087	rāvaṇa	relaxed	16
ravaRa	71089	rāvaṇa	relaxed	1
ravaRa	71090	rāvaṇa	relaxed	1184
raw	214756	rāṭ	relaxed	1
rawana	220323	ratana	relaxed	2
raya	71071	rāya	relaxed	1
reKA	79656	rekha	relaxed	2
reza	79756	reṣā	relaxed	4
reza	208634	reśā	relaxed	1
rikta	71260	riktā	relaxed	6
rocana	79910	rocanā	relaxed	72
rohI	80084	rohi	relaxed	1
rohiRI	80090	rohiṇi	relaxed	2
rohita	169013	rohīta	relaxed	4
rohita	205072	rohitā	relaxed	1
roma	217258	romā	relaxed	1
romaSa	80040	romaśā	relaxed	5
rucira	71503	rucirā	relaxed	4
rucya	71526	rucyā	relaxed	2
rudra	71572	rudrā	relaxed	5
ruha	71870	ruhā	relaxed	4
ruzA	79631	rūṣa	relaxed	3
ruzA	214881	ruṣa	relaxed	1
sADaka	112129	sādhakā	relaxed	3
sADya	112250	sādhyā	relaxed	18
sADya	112266	sādhyā	relaxed	1
sAdButa	16915	sadbhūta	relaxed	13
sAdara	41798	ṣaḍara	relaxed	1
sAdya	17286	sadya	relaxed	27
sAdya	225974	sadya	relaxed	3
sAhAyaka	211604	sahāyaka	relaxed	3
sAhacarya	224390	sahacarya	relaxed	1
sAhasraSas	111554	sahasraśas	relaxed	678
sAhasrika	111643	sahasrika	relaxed	5
sAhasrika	111644	sahasrika	relaxed	6
sAjAtya	9237	sajātya	relaxed	1
sAjAtya	9238	sajātya	relaxed	9
sAketa	8613	saketa	relaxed	4
sAkzI	111791	sākṣi	relaxed	1
sAkzara	8631	sakṣāra	relaxed	26
sAmaka	29333	samaka	relaxed	3
sAmaka	115757	śamaka	relaxed	1
sAmaka	115758	śamakā	relaxed	5
sAman	165031	saman	relaxed	5
sAmayika	112736	sāmāyika	relaxed	1
sAmrAjya	199676	samrājya	relaxed	1
sAmudrika	112777	sāmudrikā	relaxed	2
sAntvana	112404	sāntvanā	relaxed	2
sAraRika	131014	śāraṇika	relaxed	2
sArika	113126	sārikā	relaxed	25
sArika	131000	śārikā	relaxed	20
sArika	132358	śārika	relaxed	2
sArvakAmika	104458	sarvakāmika	relaxed	4
sArvavarRika	208705	sarvavarṇika	relaxed	1
sAsu	214985	śāsu	relaxed	1
sEnya	126809	śainya	relaxed	2
sEnya	209294	sainyā	relaxed	1
sOBa	127458	śaubha	relaxed	1
sOBa	218578	śaubha	relaxed	1
sOhArdya	222357	sauhardya	relaxed	1
sOkara	203183	śaukara	relaxed	1
sOmya	101734	saumyā	relaxed	24
sOra	127467	śaura	relaxed	6
sOvarnika	101949	sauvarṇikā	relaxed	2
sPAti	113739	sphaṭī	relaxed	4
sPowa	205680	sphotā	relaxed	1
sPuwIta	202939	sphuṭita	relaxed	3
sTApana	102925	sthāpanā	relaxed	13
sTURA	103140	sthūṇa	relaxed	19
sTURA	103158	sthūṇa	relaxed	1
sTUla	103185	sthūlā	relaxed	5
sTaRqila	102746	sthāṇḍila	relaxed	1
sTeya	222777	stheyā	relaxed	2
sTira	103005	sthirā	relaxed	55
sTita	218240	sthitā	relaxed	1
sUcIka	99060	sūcika	relaxed	1
sUcin	125782	śucin	relaxed	1
sUkarI	167870	śūkarī	relaxed	4
sUkzma	98964	sūkṣmā	relaxed	18
sUkzma	106805	sukṣma	relaxed	4
sUrmI	99541	sūrmi	relaxed	14
sUrya	98225	surya	relaxed	1
sUrya	99311	sūryā	relaxed	81
sUti	106610	suti	relaxed	3
sUtikA	198612	sūtika	relaxed	1
sUtra	168885	sūtrā	relaxed	1
saBA	224903	sabha	relaxed	10
saDrI	17370	sadhri	relaxed	3
saDrI	219396	sadhri	relaxed	2
saMDA	17648	saṃdha	relaxed	1
saMDA	216906	saṃdha	relaxed	1
saNgara	210518	sāṅgara	relaxed	1
saNgata	176516	saṅgatā	relaxed	2
saNtAra	112385	sāntara	relaxed	8
saPala	225690	śaphāla	relaxed	1
saSara	173357	sasara	relaxed	1
saSara	207637	sasāra	relaxed	1
saSoka	199395	sāśoka	relaxed	1
saYjana	112024	sāñjana	relaxed	9
sacA	9149	saca	relaxed	3
sadasya	222953	sādasya	relaxed	1
sagarBA	8718	sagarbha	relaxed	14
sagraha	111896	sāgraha	relaxed	1
sahodara	111309	sahodarā	relaxed	8
sajUz	9217	sajuṣ	relaxed	1
sajUz	218900	sajūs	relaxed	143
sajja	9240	sajjā	relaxed	1
sajjana	218471	sajjanā	relaxed	1
sajya	112021	sājya	relaxed	3
sakAtara	114989	śakaṭāra	relaxed	1
sakzIra	205786	sakṣīrā	relaxed	1
salAvfkI	225269	śālāvṛkī	relaxed	1
samADA	18499	samadhā	relaxed	3
samADi	165029	samadhī	relaxed	4
samAdeSa	18491	samadeśa	relaxed	1
samAdiS	165194	samādis	relaxed	146
samAjYA	18471	samajñā	relaxed	3
samAja	29382	samaja	relaxed	1
samAja	29383	samaja	relaxed	1
samAnI	132330	śāmanī	relaxed	1
samApana	29880	samāpanā	relaxed	1
samArTaka	29564	samarthaka	relaxed	1
samAsTA	18580	samastha	relaxed	2
samAsa	173316	samāṣa	relaxed	1
samAvaha	199711	samavahā	relaxed	1
samIka	112654	sāmika	relaxed	1
samIka	115803	śamīka	relaxed	10
samIka	220114	śāmika	relaxed	2
samIra	115804	śamīra	relaxed	1
samIra	175419	samira	relaxed	1
samIz	30135	samiṣ	relaxed	2
samIz	168399	samiṣ	relaxed	2
samUha	30553	samūhā	relaxed	3
samaNga	29378	samaṅgā	relaxed	67
samaYj	225326	samāñj	relaxed	1
samakza	112558	sāmakṣa	relaxed	1
samas	165169	samaś	relaxed	114
samas	165170	samaś	relaxed	36
samas	165252	samās	relaxed	107
samave	165243	samāve	relaxed	1
samita	30097	samitā	relaxed	2
samita	112745	sāmita	relaxed	2
samucCraya	30202	samucchrāya	relaxed	1
samudBava	175626	samudbhavā	relaxed	1
samudga	112766	sāmudga	relaxed	2
samudga	112767	sāmudga	relaxed	4
samudga	226303	samudgā	relaxed	2
samudrAnta	30356	samudrāntā	relaxed	14
samupayuj	199112	samupāyuj	relaxed	1
sanaka	131245	śāṇaka	relaxed	2
sapatnIka	218300	sāpatnika	relaxed	1
saptAha	18238	saptaha	relaxed	4
sarAti	116134	śarāṭi	relaxed	1
sarAti	175121	saraṭī	relaxed	1
sarala	104093	saralā	relaxed	16
sarala	203519	sārala	relaxed	3
saramA	171588	sarāma	relaxed	1
sarasI	113079	sārasī	relaxed	4
sarasvatI	113097	sārasvatī	relaxed	1
sarasvatI	212375	sarasvati	relaxed	8
saraw	223115	sarat	relaxed	1
sarga	132393	śārga	relaxed	2
sarpI	104415	sarpi	relaxed	1
sarpI	104416	sarpi	relaxed	5
sarupa	104220	sarūpa	relaxed	71
sarvABAva	104692	sarvabhāva	relaxed	1
sarvABAva	203964	sarvabhava	relaxed	1
sarzapa	113257	sārṣapa	relaxed	28
sarzapa	113258	sārṣapa	relaxed	5
sasra	113432	sāsra	relaxed	1
sasura	172152	sāsura	relaxed	3
sasya	116304	śasya	relaxed	11
sasya	131131	śasya	relaxed	86
sasya	173877	sāsya	relaxed	1
sasya	216800	śasyā	relaxed	4
satIna	166238	satīnā	relaxed	3
satIna	216120	sātinā	relaxed	2
sattva	41737	ṣaṭtva	relaxed	11
sattva	112060	sāttva	relaxed	2
savana	113296	sāvana	relaxed	6
saviDI	173182	savidhi	relaxed	2
sawAla	16977	satala	relaxed	1
sawAla	112046	sātalā	relaxed	19
saṁBAza	103803	sambhāṣā	relaxed	42
saṁBala	116767	śambhala	relaxed	1
saṁBavin	103843	sambhāvin	relaxed	1
saṁboDana	218015	saṃbodhanā	relaxed	1
saṁhAra	8513	saṃhara	relaxed	1
saṁharza	207732	saṃharṣā	relaxed	1
saṁhata	8489	saṃhāta	relaxed	3
saṁmad	218297	śammad	relaxed	1
saṁmada	112849	sāmmada	relaxed	2
saṁmada	130981	śāmmada	relaxed	1
saṁmata	225479	saṃmatā	relaxed	1
saṁpA	115905	śampā	relaxed	3
saṁpIqA	30667	sampīḍa	relaxed	4
saṁplava	209080	samplāva	relaxed	1
saṁprati	165495	sampratī	relaxed	5
saṁvAdana	42312	saṃvadana	relaxed	5
saṁvAhana	8021	saṃvahana	relaxed	2
saṁvaYC	164737	saṃvāñch	relaxed	1
saṁvac	42259	saṃvāc	relaxed	6
saṁvarRana	223170	saṃvarṇanā	relaxed	1
saṁvaraRa	8098	saṃvāraṇa	relaxed	1
saṁvaraRa	111686	sāṃvaraṇa	relaxed	1
saṁvarta	111691	sāṃvarta	relaxed	4
saṁvartaka	111693	sāṃvartaka	relaxed	2
saṁvat	115824	śaṃvat	relaxed	6
saṁvatsarIRa	221946	samvatsarīṇa	relaxed	1
saṁviS	221111	saṃviṣ	relaxed	1
saṁvidya	111702	sāṃvidya	relaxed	3
secana	209372	secanā	relaxed	1
senA	99722	sena	relaxed	1
senA	168376	sena	relaxed	4
setu	99682	seṭu	relaxed	1
sfgAlI	166014	śṛgālī	relaxed	2
sfgAla	126594	śṛgāla	relaxed	68
siDma	106287	sidhmā	relaxed	1
sidDArTa	106170	siddhārthā	relaxed	1
sidDa	106052	siddhā	relaxed	14
sikta	105860	siktā	relaxed	3
sitABra	207649	śītābhra	relaxed	1
sitetara	126162	śītetara	relaxed	1
siv	159063	sīv	relaxed	67
skanda	102090	skānda	relaxed	1
skanda	102091	skānda	relaxed	277
smat	214783	smāt	relaxed	1
snA	213829	śnā	relaxed	3
snA	215937	sna	relaxed	1
snigDa	103396	snigdhā	relaxed	1
snih	215072	ṣṇih	relaxed	1
snu	213811	śnu	relaxed	4
sodaka	221410	ṣoḍaka	relaxed	1
soma	100107	somā	relaxed	9
spaSa	103560	spaśā	relaxed	1
spandana	215736	spandanā	relaxed	1
sparDA	103531	spardha	relaxed	1
sparSa	103572	sparśā	relaxed	1
sparSana	103622	spārśana	relaxed	1
srotas	41002	śrotas	relaxed	3
sruva	114298	sruvā	relaxed	2
stAvaka	102381	stavaka	relaxed	3
stena	170786	stenā	relaxed	2
stimita	102373	stīmita	relaxed	1
stotriya	102443	stotrīya	relaxed	10
stotriya	102444	stotrīyā	relaxed	18
stukA	102465	stuka	relaxed	2
stutya	102422	stutyā	relaxed	3
suDAkara	107582	sudhākāra	relaxed	3
suKa	106816	sukhā	relaxed	4
suKozita	107049	sukhoṣitā	relaxed	1
surAzwra	97572	surāṣṭrā	relaxed	1
suraBI	98109	surabhi	relaxed	248
suraBI	98110	surabhi	relaxed	26
suraBI	98111	surabhi	relaxed	113
suraBI	98112	surabhi	relaxed	6
surasA	97552	surasa	relaxed	3
surasA	97553	surasa	relaxed	48
surasA	97554	surasa	relaxed	12
surasA	97557	surasa	relaxed	2
suruNgA	98228	suruṅga	relaxed	1
sut	213297	suṭ	relaxed	8
suzaha	98696	susaha	relaxed	1
suzama	98515	suṣamā	relaxed	6
suzira	98570	suṣirā	relaxed	5
suzira	172185	śuṣira	relaxed	4
suzira	199810	śuṣira	relaxed	12
suzira	210437	śuṣirā	relaxed	1
suzumRa	98542	suṣumnā	relaxed	17
suzumRa	163228	suṣumṇā	relaxed	33
svAdana	119617	svadana	relaxed	1
svAday	216390	svaday	relaxed	60
svAgata	114379	svagata	relaxed	8
svAgata	121769	svāgatā	relaxed	1
svAhA	176409	svāha	relaxed	3
svApa	213683	svapa	relaxed	1
svApi	213392	svapi	relaxed	4
svArAjya	119356	svarājya	relaxed	3
svAyaṁBuva	120292	svayambhuva	relaxed	3
svAyaṁBuva	120293	svayambhuvā	relaxed	1
svaDitI	120860	svadhiti	relaxed	144
svacCa	120826	svacchā	relaxed	2
svapna	119748	svāpna	relaxed	4
svargyA	121727	svargya	relaxed	103
svargyA	121728	svargya	relaxed	1
svarya	168715	svaryā	relaxed	1
svasrIya	121753	svasrīyā	relaxed	2
svastika	169883	svāstika	relaxed	1
tAkvan	95805	takvan	relaxed	1
tAluka	82057	tālukā	relaxed	2
tAma	96512	tama	relaxed	7
tAma	96513	tama	relaxed	7
tAma	96514	tamā	relaxed	3
tAmra	96588	tamra	relaxed	1
tAmra	97211	tāmrā	relaxed	31
tAmratA	209863	tāmrāta	relaxed	1
tAmrika	97313	tāmrikā	relaxed	2
tAni	213825	tani	relaxed	2
tAntrika	96320	tantrikā	relaxed	7
tAntrika	211691	tantrīkā	relaxed	3
tAqaka	95881	taḍāka	relaxed	1
tAqaka	96988	tāḍakā	relaxed	2
tArin	96660	tarin	relaxed	1
tArkzya	209585	tārkṣyā	relaxed	1
tArya	96677	tarya	relaxed	1
tAs	215254	tas	relaxed	6
tAvaka	215767	tavaka	relaxed	1
tIkzRa	82525	tīkṣṇā	relaxed	8
tIvra	82675	tīvrā	relaxed	5
tURI	83079	tūṇi	relaxed	5
tURI	83080	tūṇi	relaxed	6
tURava	222007	tuṇava	relaxed	1
tUlI	83151	tūli	relaxed	1
tUlaka	82897	tulaka	relaxed	3
tUlika	82975	tulikā	relaxed	2
tUlika	83150	tūlikā	relaxed	8
tUlinI	168511	tulinī	relaxed	1
taNgaRa	95620	ṭaṅgaṇa	relaxed	1
taRqula	203393	tāṇḍula	relaxed	2
tak	215393	ṭak	relaxed	2
takAra	95587	ṭakāra	relaxed	1
talAtala	96860	talatāla	relaxed	1
tanti	96254	tantī	relaxed	13
tanti	97082	tānti	relaxed	1
tantrI	96323	tantri	relaxed	1
tap	215670	ṭāp	relaxed	2
tapAnta	224265	tapanta	relaxed	1
tapanI	97112	tāpanī	relaxed	4
tarUwa	173768	taruṭa	relaxed	1
taraRi	96620	taraṇī	relaxed	1
tari	96597	tarī	relaxed	7
tarka	96759	tarkā	relaxed	2
tarka	97442	tārka	relaxed	1
tarus	219844	taruṣ	relaxed	2
tarza	96845	tarṣā	relaxed	1
tati	176886	taṭī	relaxed	19
tattva	218054	tāttva	relaxed	2
taviza	82091	tāviṣa	relaxed	1
tawAka	172117	tāṭakā	relaxed	14
tawAka	204091	tāṭāka	relaxed	1
tayA	96593	taya	relaxed	4
tedani	83430	tedanī	relaxed	3
tiTi	82229	tithī	relaxed	3
tikta	82112	tiktā	relaxed	56
tila	168728	tilā	relaxed	1
tilaka	82478	tilakā	relaxed	3
timira	82273	timirā	relaxed	2
tintiqIka	82237	tintiḍikā	relaxed	1
tintiqIka	210471	tintiḍīkā	relaxed	1
titikzu	219029	titīkṣu	relaxed	2
toyADAra	83617	toyadhara	relaxed	5
toya	83601	toyā	relaxed	4
trA	214761	tra	relaxed	5
trARa	83832	trāṇā	relaxed	1
trApuza	83777	trapuṣa	relaxed	3
trApuza	83779	trapusa	relaxed	32
trApuza	83851	trāpusa	relaxed	1
trAsana	83825	trasana	relaxed	3
trika	84398	trikā	relaxed	1
trisapta	84299	triṣapta	relaxed	7
trizTa	84311	triṣṭha	relaxed	2
truwi	84427	truṭī	relaxed	7
truwi	221947	truti	relaxed	2
tuNga	82714	tuṅgā	relaxed	5
tucCa	82744	tucchā	relaxed	1
tuda	83096	tūda	relaxed	1
tuda	173790	tūda	relaxed	2
tulana	82899	tulanā	relaxed	5
tundila	82777	tuṇḍila	relaxed	3
tura	83116	tūra	relaxed	4
turuzka	206312	turuṣkā	relaxed	1
tuz	219894	tuś	relaxed	12
tvaca	100458	tvacā	relaxed	19
tvarita	100479	tvaritā	relaxed	1
tvayA	100397	tvāyā	relaxed	13
tyAjana	83735	tyajana	relaxed	1
uccAraRa	55249	uccaraṇa	relaxed	1
uccatA	55240	uccāṭa	relaxed	7
uccatA	55246	uccaṭā	relaxed	29
uccatA	204267	uccāṭā	relaxed	1
udAratA	203143	udaratā	relaxed	2
udDaraRa	56794	uddhāraṇa	relaxed	5
udData	170587	uddhāta	relaxed	10
udGAta	56628	udghāṭa	relaxed	7
udGAwaka	220840	udghaṭaka	relaxed	4
udGaway	160221	udghāṭay	relaxed	63
udGozaRa	56647	udghoṣaṇā	relaxed	2
udaj	223014	udāj	relaxed	2
udakya	56297	udakyā	relaxed	30
udan	223791	udān	relaxed	1
udanya	56304	udanyā	relaxed	2
udas	160172	udaś	relaxed	1
udas	160192	udās	relaxed	21
udaya	56533	udāya	relaxed	1
udaya	160185	udāyā	relaxed	1
udumbara	55417	uḍumbara	relaxed	5
udumbara	55419	uḍumbara	relaxed	1
udvikzaRa	57023	udvīkṣaṇa	relaxed	3
udyama	56902	udyāma	relaxed	13
ugra	64251	ugrā	relaxed	23
ujjvala	55379	ujjvalā	relaxed	1
ujjvala	167256	ujjvāla	relaxed	1
ulUpa	38051	ulupa	relaxed	2
ullAsa	38132	ullasa	relaxed	3
ulleKa	38149	ullekhā	relaxed	1
unmAda	57140	unmada	relaxed	7
unmAda	57141	unmada	relaxed	7
unmatta	167477	unmattā	relaxed	1
unmulana	44721	unmūlana	relaxed	8
unmulana	44722	unmūlana	relaxed	4
unnata	217250	unnāṭa	relaxed	1
upADyAyAni	46021	upādhyāyānī	relaxed	1
upAdA	160399	upadā	relaxed	90
upAdA	215826	upadā	relaxed	5
upAdAna	45028	upadāna	relaxed	2
upAhvA	160662	upahvā	relaxed	502
upAlamBana	45514	upalambhana	relaxed	17
upAnah	160416	upanah	relaxed	61
upAnaha	45140	upanāha	relaxed	51
upAs	160718	upāś	relaxed	42
upAs	160719	upāś	relaxed	11
upAs	218745	upas	relaxed	3
upAsaka	45624	upaśāka	relaxed	1
upaDAv	160681	upādhāv	relaxed	2
upaSru	160652	upasru	relaxed	1
upacar	160670	upācar	relaxed	127
upacaraRa	211414	upacāraṇa	relaxed	1
upadiS	160677	upādiś	relaxed	4
upadru	160679	upādru	relaxed	1
upagA	44846	upaga	relaxed	55
upagA	160667	upāgā	relaxed	1
upagA	225816	upaga	relaxed	3
upagama	45968	upāgama	relaxed	1
upaharaRa	207583	upāharaṇa	relaxed	1
upahita	46014	upāhita	relaxed	2
upajApa	214453	upajapa	relaxed	1
upaja	44962	upajā	relaxed	3
upakAra	220116	upakara	relaxed	1
upakaraRa	45950	upākaraṇa	relaxed	47
upakfti	45956	upākṛti	relaxed	1
upakram	160664	upākram	relaxed	6
upakruS	220319	upākruś	relaxed	3
upala	45491	upalā	relaxed	22
upalaB	160699	upālabh	relaxed	51
upanaday	171973	upanāday	relaxed	2
upanam	221971	upānam	relaxed	1
upanaya	45177	upanāya	relaxed	1
upanayana	45178	upanāyana	relaxed	5
upanipata	45153	upanipāta	relaxed	7
upapada	45207	upapāda	relaxed	2
uparam	160693	upāram	relaxed	15
uparama	45407	uparāma	relaxed	1
uparama	46052	upārama	relaxed	1
uparama	46053	upārāma	relaxed	2
upasad	160726	upāsad	relaxed	5
upaskara	44788	upaskāra	relaxed	6
upasti	46104	upāsti	relaxed	11
upavAsa	160708	upāvasā	relaxed	1
upavas	214010	upāvas	relaxed	4
upavraj	160717	upāvraj	relaxed	1
upayama	45361	upayāma	relaxed	299
upayu	46134	upāyu	relaxed	3
upekzA	46142	upekṣa	relaxed	3
upendra	46152	upendrā	relaxed	1
upotTa	160741	upotthā	relaxed	65
uqqIyana	55428	uḍḍiyāna	relaxed	6
uqqIyana	168378	uḍḍīyāna	relaxed	10
urvI	38393	ūrvī	relaxed	12
urvaSI	38610	ūrvaśī	relaxed	1
utkala	175629	utkalā	relaxed	2
utkalika	55481	utkalikā	relaxed	13
utkara	55546	utkāra	relaxed	3
utkawa	55458	utkaṭā	relaxed	4
utkramaRa	218085	utkrāmaṇa	relaxed	1
utkula	55516	utkūla	relaxed	2
utpAta	55906	utpaṭa	relaxed	1
utpAta	55907	utpāṭa	relaxed	2
utpAta	55915	utpata	relaxed	1
utpala	55974	utpalā	relaxed	1
utpatay	160138	utpāṭay	relaxed	118
utpatay	172421	utpātay	relaxed	6
utsAdana	224776	utsadana	relaxed	1
utsa	221288	utsā	relaxed	3
uttama	55631	uttamā	relaxed	22
uttaraRa	55851	uttāraṇa	relaxed	1
uttaraRa	55852	uttāraṇa	relaxed	8
uz	213653	us	relaxed	6
uzwra	168678	uṣṭrā	relaxed	1
vARI	68473	vanī	relaxed	3
vARI	68725	vani	relaxed	136
vARI	76525	vāṇi	relaxed	2
vARija	68245	vaṇija	relaxed	3
vARija	68246	vaṇijā	relaxed	2
vASI	47029	vāsi	relaxed	14
vASI	75156	vaśi	relaxed	1
vASI	75563	vasi	relaxed	1
vASaka	46922	vāsaka	relaxed	41
vASaka	201207	vāsakā	relaxed	2
vASaka	219410	vāsaka	relaxed	9
vASita	46911	vāśitā	relaxed	35
vASita	75157	vaśitā	relaxed	18
vASita	75484	vasita	relaxed	1
vAcA	67843	vaca	relaxed	1
vAcA	76317	vāca	relaxed	2
vAcA	163710	vacā	relaxed	360
vAdika	220728	vaḍika	relaxed	12
vAdya	68375	vadya	relaxed	2
vAhita	47153	vāhitā	relaxed	1
vAka	226230	vākā	relaxed	1
vAmanI	68937	vamanī	relaxed	5
vAnara	68779	vanara	relaxed	1
vAnti	68762	vanti	relaxed	2
vApI	215358	vapi	relaxed	1
vApikA	76775	vāpīka	relaxed	1
vArARasI	69054	varāṇasī	relaxed	2
vArDanI	74685	vardhanī	relaxed	22
vAri	69153	varī	relaxed	30
vAri	218470	vārī	relaxed	1
vArimant	219624	varimant	relaxed	2
vArttika	46686	vārttikā	relaxed	1
vAruRI	46613	vāruṇi	relaxed	12
vAsavI	47022	vāsavi	relaxed	16
vAsavI	75284	vasāvī	relaxed	1
vAsudeva	75350	vasudeva	relaxed	239
vAsuki	47055	vāsukī	relaxed	3
vAtala	75946	vātalā	relaxed	2
vAw	158647	vat	relaxed	4
vAw	167498	vat	relaxed	4125
vAw	224162	vaṭ	relaxed	19
vESya	118570	vaiśyā	relaxed	61
vEdarBa	175753	vaidarbhā	relaxed	1
vEjayantikA	118194	vaijayantika	relaxed	1
vEjayantikA	223541	vaijayantīka	relaxed	1
vEra	175754	vairā	relaxed	1
vIkzA	223997	vikśā	relaxed	1
vIqu	122668	vidu	relaxed	3
vIqu	122669	vidu	relaxed	1
vIqu	163336	vidu	relaxed	9
vIra	165710	vīrā	relaxed	41
vIraya	220790	vīrayā	relaxed	3
vIruDa	141552	vīrudhā	relaxed	1
vIruDa	220818	virūḍha	relaxed	1
vaDU	68453	vadhu	relaxed	2
vaDri	68464	vadhrī	relaxed	2
vaNga	205324	vāṅga	relaxed	1
vaSitva	164184	vāsitva	relaxed	2
vaSya	75179	vaśyā	relaxed	41
vacasya	67896	vacasyā	relaxed	9
vadAnya	68362	vadanya	relaxed	5
vaday	160278	vāday	relaxed	137
vahizWa	47165	vāhiṣṭha	relaxed	10
vahyaka	47172	vāhyaka	relaxed	2
vajra	67910	vajrā	relaxed	1
vakra	67633	vakrā	relaxed	6
vakzI	67759	vakṣi	relaxed	1
vakzaRA	67739	vakṣaṇa	relaxed	2
vakzaRA	67740	vakṣaṇa	relaxed	3
valaka	46817	vālaka	relaxed	16
valina	211744	vālina	relaxed	1
valkala	46866	vālkala	relaxed	2
valkala	74991	valkalā	relaxed	1
valkala	199024	vālkala	relaxed	1
valmIka	173385	vālmīka	relaxed	11
valmIka	175549	valmīkā	relaxed	2
vamra	76899	vāmra	relaxed	2
vanDya	68834	vandhyā	relaxed	113
vananA	68713	vanana	relaxed	2
vanda	68802	vandā	relaxed	7
vanda	224093	vaṇḍa	relaxed	4
vandana	68792	vandanā	relaxed	10
vanika	68726	vanikā	relaxed	57
vanodBava	68703	vanodbhavā	relaxed	4
vanya	68766	vanyā	relaxed	14
vanya	76728	vānya	relaxed	3
vanya	76756	vānyā	relaxed	1
vapana	76760	vāpana	relaxed	12
vapana	76763	vāpana	relaxed	11
vapana	224742	vāpanā	relaxed	1
vapra	68912	vaprā	relaxed	1
vaqavA	203030	vāḍava	relaxed	1
varANganA	46519	vārāṅganā	relaxed	4
varAroha	69268	varārohā	relaxed	19
varAwa	69289	varaṭa	relaxed	1
varAwa	69290	varaṭā	relaxed	5
varDra	46722	vārdhra	relaxed	3
varRa	74431	varṇā	relaxed	1
varatrA	69039	varatra	relaxed	1
varatrA	224382	varatra	relaxed	1
vareRya	69319	vareṇyā	relaxed	1
varga	69401	vargā	relaxed	4
varja	166603	vārja	relaxed	1
vartaka	166623	vārtāka	relaxed	38
vartani	74600	vartanī	relaxed	19
varti	74618	vartī	relaxed	200
varuRya	46618	vāruṇya	relaxed	2
varzIya	217323	vārṣīya	relaxed	1
vasAy	158043	vāsay	relaxed	61
vasAy	163238	vāsay	relaxed	121
vasAy	169926	vaśay	relaxed	6
vasAy	219318	vāśay	relaxed	2
vasAy	219852	vāsay	relaxed	8
vasAy	219867	vāsay	relaxed	17
vasAy	221393	vasay	relaxed	2
vasati	75280	vasāti	relaxed	19
vasati	75559	vasatī	relaxed	1
vasavya	224827	vāsavya	relaxed	2
vastra	47123	vāstra	relaxed	1
vastra	75494	vastrā	relaxed	1
vatsa	68267	vatsā	relaxed	49
vatsa	76543	vātsa	relaxed	2
vatsa	76544	vātsa	relaxed	3
vatsaka	76553	vātsaka	relaxed	2
vatsara	68336	vatsāra	relaxed	1
vatsavant	225493	vatsāvant	relaxed	1
vayA	76900	vāya	relaxed	1
vayA	214905	vaya	relaxed	2
vayA	221018	vāya	relaxed	1
vayasya	68981	vayasyā	relaxed	29
vayuna	68993	vayunā	relaxed	3
vayya	46364	vāyya	relaxed	4
veDa	143106	vedhā	relaxed	2
veRuka	142965	veṇukā	relaxed	7
veSin	221993	veṣin	relaxed	2
vedikA	143096	vedika	relaxed	2
vega	163679	vegā	relaxed	5
velA	143135	vela	relaxed	1
vetravatI	142406	vetrāvatī	relaxed	2
vfScika	142838	vṛścikā	relaxed	3
vfdDa	142783	vṛddhā	relaxed	7
vfjana	142738	vṛjanā	relaxed	2
vfjina	142745	vṛjinā	relaxed	1
vfkzamaya	141732	vṛkṣāmaya	relaxed	1
vfnda	142823	vṛndā	relaxed	2
vfnta	142815	vṛntā	relaxed	2
vfntaka	142819	vṛntāka	relaxed	31
vfntaka	142820	vṛntāka	relaxed	8
vfsaBa	142877	vṛṣabha	relaxed	7
vfsaBa	142878	vṛṣabha	relaxed	521
vfsaBa	142879	vṛṣabhā	relaxed	1
vftratur	141577	vṛtratūr	relaxed	7
vftta	166032	vṛttā	relaxed	9
vfzRi	142875	vṛṣṇī	relaxed	1
vfza	142834	vṛśa	relaxed	1
vfza	142835	vṛśā	relaxed	1
vfza	142842	vṛṣā	relaxed	10
vfzaRya	226476	vṛṣaṇyā	relaxed	1
vfzayu	226474	vṛṣāyu	relaxed	1
vfzya	142908	vṛṣyā	relaxed	2
viBAvana	123080	vibhāvanā	relaxed	12
viBAz	123053	vibhās	relaxed	1
viBAz	163507	vibhās	relaxed	7
viBAzA	123054	vibhāsa	relaxed	2
viBAzA	123055	vibhāsā	relaxed	1
viBIzaRa	123070	vibhīṣaṇā	relaxed	1
viBUzA	226513	vibhūṣa	relaxed	1
viBaj	122484	vibhāj	relaxed	1
viBrama	123103	vibhramā	relaxed	3
viDA	122833	vidha	relaxed	21
viDAraRa	122878	vidharaṇa	relaxed	6
viDAv	222644	vidhav	relaxed	1
viGAtay	176885	vighaṭay	relaxed	8
viGAtay	212403	vighāṭay	relaxed	3
viPala	166479	viphalā	relaxed	1
viSAKa	47625	viśākhā	relaxed	49
viSAlatA	138868	viṣalatā	relaxed	2
viSArada	47636	viśāradā	relaxed	1
viSI	211951	viśi	relaxed	4
viSI	218249	viṣi	relaxed	1
viSalya	139191	viśalyā	relaxed	45
viSas	172086	viśās	relaxed	19
viSiKa	47639	viśikhā	relaxed	12
viSiSasizu	222358	viśiśāsiṣu	relaxed	1
viSiz	138393	viśis	relaxed	1
viSrAvay	175429	visrāvay	relaxed	33
viSramBa	172687	visrambha	relaxed	41
viSramBin	200970	visrambhin	relaxed	2
viSri	221728	viśrī	relaxed	1
viSru	164489	visru	relaxed	10
viSva	139264	viśvā	relaxed	33
viSvasta	139393	viśvastā	relaxed	1
viSveSa	139367	viśveśā	relaxed	2
vicAraRA	47271	vicaraṇa	relaxed	1
vicAraRA	48033	vicaraṇa	relaxed	2
vicAraRA	48040	vicāraṇa	relaxed	26
vicakzaRa	48026	vicakṣaṇā	relaxed	5
vicintA	211567	vicinta	relaxed	2
vicitra	48077	vicitrā	relaxed	7
vidA	122616	viḍa	relaxed	376
vidA	122662	vida	relaxed	6
vidA	122663	vida	relaxed	9
vidAra	122761	vidara	relaxed	1
vidagDa	122749	vidagdhā	relaxed	1
vidala	122744	vidalā	relaxed	1
vidarBa	122741	vidarbhā	relaxed	1
videha	122775	videhā	relaxed	2
vidita	122666	viditā	relaxed	1
vidrava	121485	vidrāva	relaxed	1
vidus	163337	viduṣ	relaxed	2
vidyA	121398	vidya	relaxed	1
vidyota	122809	vidyotā	relaxed	1
viganDa	207789	vigandhā	relaxed	1
vihAya	212718	vihaya	relaxed	1
vijYApay	167771	vijñapay	relaxed	89
vijara	47295	vijarā	relaxed	6
vijaya	48141	vijayā	relaxed	142
vijfmBa	48247	vijṛmbhā	relaxed	3
vikAra	47203	vikara	relaxed	2
vikAra	47839	vikara	relaxed	1
vikArin	213037	vikarin	relaxed	3
vikAsana	47776	vikasana	relaxed	1
vikAsana	175474	vikāśana	relaxed	1
vikaca	47196	vikacā	relaxed	1
vikala	47225	vikāla	relaxed	11
vikala	47770	vikalā	relaxed	4
vikala	47771	vikalā	relaxed	1
vikarzaRa	202846	vikarśana	relaxed	1
vikarzaRa	217388	vikarśana	relaxed	1
vikas	163244	vikāś	relaxed	5
vikasita	202885	vikāśitā	relaxed	1
vikasvara	166322	vikasvarā	relaxed	1
vikawa	47751	vikaṭā	relaxed	2
vikfta	47821	vikṛtā	relaxed	2
vikiraRa	47843	vikīraṇa	relaxed	4
vikrAnta	47863	vikrāntā	relaxed	8
vikramin	223200	vikrāmin	relaxed	1
vikriyA	211162	vikriya	relaxed	1
vikuRWa	168605	vikuṇṭhā	relaxed	3
vikz	164501	vīkṣ	relaxed	497
vimala	123115	vimalā	relaxed	81
vimarSa	122578	vimarṣa	relaxed	2
vinI	215877	vini	relaxed	2
vinada	47380	vināḍa	relaxed	1
vinada	122892	vinadā	relaxed	1
vinadin	121602	vinādin	relaxed	2
vinaya	122929	vinayā	relaxed	1
vinidra	200925	vinidrā	relaxed	1
vininda	122912	vinindā	relaxed	3
vipASa	123000	vipāśā	relaxed	35
vipAWa	122976	vipatha	relaxed	15
vipApa	47435	vipāpā	relaxed	2
vipa	122957	vipā	relaxed	1
vipa	163459	vipā	relaxed	20
vipaRa	122358	vipāna	relaxed	9
vipaRa	174313	vipānā	relaxed	2
vipanyA	210266	vipaṇya	relaxed	1
viparIta	122987	viparītā	relaxed	2
vipaw	163440	vipat	relaxed	25
vipra	171250	viprā	relaxed	8
vipraSnika	211772	vipraśnikā	relaxed	3
vipula	123003	vipulā	relaxed	6
virUpa	138240	virūpā	relaxed	4
viracanA	123169	viracana	relaxed	1
viracita	123171	viracitā	relaxed	1
viraja	123174	virajā	relaxed	10
viraja	138113	virāja	relaxed	2
viraja	138114	virāja	relaxed	8
virala	168846	viralā	relaxed	2
visaYj	163630	viṣañj	relaxed	53
visah	163632	viṣah	relaxed	119
visarpa	141560	vīsarpa	relaxed	63
vismaraRa	207656	vismāraṇa	relaxed	1
visparDA	139157	viṣpardhā	relaxed	1
visra	141164	visrā	relaxed	3
visrava	139665	visrāva	relaxed	2
visyand	163642	viṣyand	relaxed	18
vitaTa	223499	vitathā	relaxed	2
vitastA	122644	vitasta	relaxed	1
vivaDa	214725	vīvadha	relaxed	15
vivac	138655	vivāc	relaxed	4
vivac	138656	vivāc	relaxed	4
vivadana	208114	vivādana	relaxed	1
vivas	218760	vivās	relaxed	42
vivatsa	210046	vivatsā	relaxed	2
vivfta	138692	vivṛtā	relaxed	5
viyatay	163534	viyātay	relaxed	12
vizARa	138355	viśana	relaxed	3
vizARa	219879	viṣāṇā	relaxed	13
vizAday	172523	viśaday	relaxed	3
vizPuliNga	141150	visphuliṅga	relaxed	64
viza	139408	viṣā	relaxed	12
viza	163636	viṣā	relaxed	61
viza	215576	viśa	relaxed	2
viza	224551	viśā	relaxed	13
viṁSatika	203880	viṃśatikā	relaxed	1
vrA	114565	vra	relaxed	2
vrIhi	114728	vrīhī	relaxed	1
vrIqA	114719	vrīḍa	relaxed	15
vrajin	155641	vrājin	relaxed	1
vyADi	119195	vyādhī	relaxed	1
vyADi	213534	vyadhi	relaxed	2
vyAja	118814	vyaja	relaxed	1
vyAvahArika	170574	vyavahārika	relaxed	5
vyaBicAra	118925	vyabhīcāra	relaxed	1
vyaTA	216332	vyatha	relaxed	1
vyalika	120921	vyalīka	relaxed	4
vyalika	120923	vyalīka	relaxed	35
vyalika	205183	vyālikā	relaxed	1
vyapanud	164571	vyapānud	relaxed	2
vyas	164609	vyaś	relaxed	53
vyasana	119026	vyaśana	relaxed	1
vyatI	118828	vyati	relaxed	4
vyatI	204362	vyāṭi	relaxed	1
vyatihAra	118861	vyatīhāra	relaxed	1
vyaya	210549	vyāya	relaxed	6
wIkA	82104	tika	relaxed	2
waNka	95632	ṭāṅka	relaxed	1
yATAtaTya	200462	yathātathya	relaxed	2
yAcYA	224300	yācña	relaxed	1
yAcana	74394	yācanā	relaxed	4
yAjYika	207060	yājñīka	relaxed	2
yAja	72858	yaja	relaxed	8
yAja	72859	yajā	relaxed	1
yAjya	64403	yājyā	relaxed	357
yAjya	73168	yajya	relaxed	114
yAmika	204366	yamika	relaxed	1
yAminI	73963	yaminī	relaxed	4
yAmya	64487	yāmyā	relaxed	9
yAmya	73982	yamya	relaxed	3
yAska	215263	yaska	relaxed	3
yAta	215592	yata	relaxed	1
yAvad	74068	yavād	relaxed	1
yAyin	73996	yayin	relaxed	1
yUTikA	224818	yūthika	relaxed	1
yaTA	219691	yātha	relaxed	1
yad	219567	yād	relaxed	5
yahU	74253	yahu	relaxed	2
yahU	74254	yahu	relaxed	9
yajYa	74428	yājña	relaxed	5
yajYa	206001	yajñā	relaxed	1
yajamAna	74421	yājamāna	relaxed	15
yajin	74427	yājin	relaxed	172
yakza	74380	yākṣa	relaxed	6
yam	203958	yāṃ	relaxed	3
yamaka	64482	yāmaka	relaxed	25
yamala	64497	yāmala	relaxed	21
yamala	73943	yamalā	relaxed	6
yamala	217943	yāmala	relaxed	2
yamunA	64507	yāmuna	relaxed	13
yamunA	64508	yāmuna	relaxed	8
yamunA	64509	yāmuna	relaxed	7
yat	64411	yāt	relaxed	7
yat	214980	yāṭ	relaxed	1
yati	207346	yātī	relaxed	3
yati	215121	yāti	relaxed	1
yati	218500	yāti	relaxed	1
yati	225449	yāti	relaxed	1
yavana	64610	yāvana	relaxed	2
yavana	64611	yāvana	relaxed	3
yavana	219941	yāvana	relaxed	3
yavanikA	74096	yavānikā	relaxed	8
yavasa	64612	yāvasa	relaxed	1
yavasa	74098	yavāsa	relaxed	12
yavasa	215722	yāvaśa	relaxed	2
yavya	74108	yavyā	relaxed	6
yavya	207418	yāvya	relaxed	1
yazwi	74241	yaṣṭī	relaxed	57
yoDana	224848	yodhanā	relaxed	1
yoga	65009	yogā	relaxed	8
yojana	65207	yojanā	relaxed	6
yoni	65253	yonī	relaxed	5
yu	223753	yū	relaxed	6
yudDa	209266	yuddhā	relaxed	1
yugya	205672	yugyā	relaxed	1
yukta	64654	yuktā	relaxed	5
yuti	215602	yūti	relaxed	1
zWIvi	103118	sthivi	relaxed	1
zaqDA	225132	ṣaḍḍhā	relaxed	1
