attested_form	form_key	dcs_lemma	dcs_upos	target_locus	evidence_count	tense_caveat
tvāt	tvāt	tva	NOUN	dcs:479312	6853	0
rājñ	rājn	rājan	NOUN	dcs:387206	5212	0
ātma	ātma	ātman	NOUN	dcs:590053	5108	0
asmai	asmai	idam	PRON	dcs:748682	3375	0
tasmai	tasmai	tad	PRON	dcs:479273_1	3228	0
striyaḥ	striya	strī	NOUN	dcs:483887	1434	0
śriyaṃ	śriyam	śrī	NOUN	dcs:483769	1356	0
ākhyam	ākhyam	ākhyā	NOUN	dcs:479319	1036	1
satāṃ	satām	sat	ADJ	dcs:464406	909	0
amum	amum	adas	PRON	dcs:748917	829	0
etasmin	etasmin	etad	PRON	dcs:748679_2	784	0
asme	asme	mad	PRON	dcs:650214_5	756	0
mahātmā	mahātmā	mahātman	ADJ	dcs:641926	739	0
tasyai	tasyai	tad	PRON	dcs:748817	728	0
striyaṃ	striyam	strī	NOUN	dcs:483886	722	0
yato	yato	yatas	SCONJ	dcs:484447	702	0
tvāya	tvāya	tva	NOUN	dcs:650089_1	688	0
āpo	āpo	ap	NOUN	dcs:484621	635	0
tamas	tamas	tama	NOUN	dcs:75265	617	0
imāni	imāni	idam	PRON	dcs:748809	610	0
mahātmānaṃ	mahātmānam	mahātman	ADJ	dcs:575023	598	0
āsāṃ	āsām	idam	PRON	dcs:651351	594	0
śvaḥ	śva	śvas	ADV	dcs:75340	551	0
striyāḥ	striyā	strī	NOUN	dcs:483887	547	0
asmat	asmat	mad	PRON	dcs:652640_3	542	0
tebhiḥ	tebhi	tad	PRON	dcs:651869	539	0
nāmā	nāmā	nāman	NOUN	dcs:749179	536	0
aśma	aśma	aśman	NOUN	dcs:653042	502	0
mahātmānaḥ	mahātmāna	mahātman	ADJ	dcs:89633	471	0
asmabhyam	asmabhyam	mad	PRON	dcs:650687_1	450	0
śriyaḥ	śriya	śrī	NOUN	dcs:483870	424	0
plīha	plīha	plīhan	NOUN	dcs:465125	416	0
amuṣya	amuṣya	adas	PRON	dcs:650496_3	411	0
dhiyā	dhiyā	dhī	NOUN	dcs:748689	393	0
dakṣiṇata	dakṣinata	dakṣiṇatas	ADV	dcs:652209	377	0
ānanā	ānanā	ānana	NOUN	dcs:102983	366	0
etasmāt	etasmāt	etad	PRON	dcs:748656_2	352	0
īkṣaṇāḥ	īkṣanā	īkṣaṇa	NOUN	dcs:387207	352	0
hem	hem	heman	NOUN	dcs:37268	339	0
amunā	amunā	adas	PRON	dcs:749165	335	0
kasmin	kasmin	ka	PRON	dcs:651793	298	0
amuṣmai	amuṣmai	adas	PRON	dcs:749165	293	0
madhyataḥ	madhyata	madhya	NOUN	dcs:748744_1	290	0
it	it	id	PART	dcs:748856	284	0
mūrdha	mūrdha	mūrdhan	NOUN	dcs:465907	268	0
asmāsu	asmāsu	mad	PRON	dcs:748883	263	0
devāsa	devāsa	deva	NOUN	dcs:748691	262	0
tattvataḥ	tattvata	tattva	NOUN	dcs:555599	259	0
svāmi	svāmi	svāmin	NOUN	dcs:589901	252	0
prayatnataḥ	prayatnata	prayatna	NOUN	dcs:27539	248	0
pṛṣṭhataḥ	pṛṣṭhata	pṛṣṭhatas	ADV	dcs:484962	241	0
asmad	asmad	mad	PRON	dcs:646140	230	0
duhitrī	duhitrī	duhitṛ	NOUN	dcs:590561	224	0
striyo	striyo	strī	NOUN	dcs:484561	222	0
etasyām	etasyām	etad	PRON	dcs:589946	220	0
nas	nas	mad	PRON	dcs:651466	220	0
kasmai	kasmai	ka	PRON	dcs:687541	218	0
āyudhāḥ	āyudhā	āyudha	NOUN	dcs:484741	216	0
vyom	vyom	vyoman	NOUN	dcs:590220	194	0
dhiyaṃ	dhiyam	dhī	NOUN	dcs:748685	193	0
mayāni	mayāni	maya	ADJ	dcs:749105	182	0
striyāṃ	striyām	strī	NOUN	dcs:749164	182	0
śreyān	śreyān	śreyas	ADJ	dcs:650197_2	180	0
yatnataḥ	yatnata	yatnatas	ADV	dcs:30080	177	0
dyāvā	dyāvā	div	NOUN	dcs:651652	172	0
abhidhaḥ	abhidha	abhidhā	NOUN	dcs:589947	168	0
etāsām	etāsām	etad	PRON	dcs:650801	164	0
anyonyasya	anyonyasya	anyonya	PRON	dcs:651643	160	0
nāmataḥ	nāmata	nāman	NOUN	dcs:484712	159	0
uttarata	uttarata	uttaratas	ADV	dcs:651895	153	0
dharmataḥ	dharmata	dharma	NOUN	dcs:479338	150	0
pratimam	pratimam	pratimā	NOUN	dcs:555633	150	0
yuvānam	yuvānam	yuvan	ADJ	dcs:648851	148	0
vidvasaḥ	vidvasa	vidvas	ADJ	dcs:484740	147	0
tās	tās	tad	PRON	dcs:748698	145	0
kas	kas	ka	PRON	dcs:555568	143	0
nāmbhiḥ	nāmbhi	nāman	NOUN	dcs:30991	143	0
amūḥ	amū	adas	PRON	dcs:650763	142	0
apekṣaḥ	apekṣa	apekṣā	NOUN	dcs:59301	140	0
etasyai	etasyai	etad	PRON	dcs:650856	138	0
in	in	id	PART	dcs:749330	138	0
patraḥ	patra	pattra	NOUN	dcs:647742	138	0
agrataḥ	agrata	agra	NOUN	dcs:647440	137	0
etasyā	etasyā	etad	PRON	dcs:671009	137	0
duhitryāḥ	duhitryā	duhitṛ	NOUN	dcs:76237	136	0
itaretaram	itaretaram	itaretara	PRON	dcs:524505	136	0
janāsaḥ	janāsa	jana	NOUN	dcs:652148	136	0
nāmānam	nāmānam	nāman	NOUN	dcs:649205	134	0
śirasam	śirasam	śiras	NOUN	dcs:687171	134	0
ūṣma	ūṣma	ūṣman	NOUN	dcs:465391	134	0
akṣām	akṣām	akṣa	ADJ	dcs:574708	132	0
patrāṇi	patrāni	pattra	NOUN	dcs:331708	131	0
amuṣyāḥ	amuṣyā	adas	PRON	dcs:646644_2	130	0
chatraṃ	chatram	chattra	NOUN	dcs:76641	130	0
vasīyān	vasīyān	vasīyas	ADJ	dcs:651242	125	0
chatra	chatra	chattra	NOUN	dcs:465641_1	124	0
prabhṛtīni	prabhṛtīni	prabhṛti	NOUN	dcs:643172	124	0
asmāṁ	asmām	mad	PRON	dcs:646719_2	122	0
etasmai	etasmai	etad	PRON	dcs:94010	121	0
apekṣam	apekṣam	apekṣā	NOUN	dcs:76556	118	0
bhūyān	bhūyān	bhūyas	ADJ	dcs:748895	118	1
patraṃ	patram	pattra	NOUN	dcs:506270	115	0
divas	divas	div	NOUN	dcs:650344	114	0
jyāyān	jyāyān	jyāyas	ADJ	dcs:590575	114	0
pitarā	pitarā	pitṛ	NOUN	dcs:651990	113	0
vīryau	vīryau	vīrya	NOUN	dcs:649316	112	0
śreyāḥ	śreyā	śreyas	ADJ	dcs:589952	112	0
āvābhyām	āvābhyām	mad	PRON	dcs:650550_4	108	0
sakhāyam	sakhāyam	sakhi	NOUN	dcs:650350	107	0
mahitvā	mahitvā	mahitva	NOUN	dcs:748708	106	0
vidvasām	vidvasām	vidvas	ADJ	dcs:97136	106	0
bāhuvoḥ	bāhuvo	bāhu	NOUN	dcs:76348	105	0
bhago	bhago	bhaga	NOUN	dcs:590085	104	0
mahānti	mahānti	mahat	ADJ	dcs:637957	103	0
āpas	āpas	ap	NOUN	dcs:652868	103	0
samāsataḥ	samāsata	samāsatas	ADV	dcs:26613	102	0
viśvata	viśvata	viśvatas	ADV	dcs:748954	102	0
yatrā	yatrā	yatra	SCONJ	dcs:649518	102	0
devebhiḥ	devebhi	deva	NOUN	dcs:651728	99	0
rājbhiḥ	rājbhi	rājan	NOUN	dcs:577944	99	0
rājsu	rājsu	rājan	NOUN	dcs:87375	99	0
svabhāvataḥ	svabhāvata	svabhāva	NOUN	dcs:555751	99	0
vasvaḥ	vasva	vasu	NOUN	dcs:484706	99	0
rajo	rajo	rajas	NOUN	dcs:647558	98	0
udakāḥ	udakā	udaka	NOUN	dcs:634877	98	0
śriyai	śriyai	śrī	NOUN	dcs:748904	98	0
ahobhiḥ	ahobhi	ahar	NOUN	dcs:484504	96	0
ānanām	ānanām	ānana	NOUN	dcs:573102	96	0
satvam	satvam	sattva	NOUN	dcs:636113	95	0
abhidham	abhidham	abhidhā	NOUN	dcs:90322	94	0
ābharaṇāḥ	ābharanā	ābharaṇa	NOUN	dcs:89555	94	0
garīyāḥ	garīyā	garīyas	ADJ	dcs:91963	93	0
amūṃ	amūm	adas	PRON	dcs:651647	92	0
tvaram	tvaram	tvarā	NOUN	dcs:93555	92	0
yadī	yadī	yadi	SCONJ	dcs:634017	91	0
ekasyām	ekasyām	eka	NUM	dcs:650255_1	90	0
mahātmanau	mahātmanau	mahātman	ADJ	dcs:370236	90	0
vadhvam	vadhvam	vadhū	NOUN	dcs:648280_1	89	0
mahātmānau	mahātmānau	mahātman	ADJ	dcs:657855	88	0
cin	cin	cit	PART	dcs:749328	87	0
retāḥ	retā	retas	NOUN	dcs:519179	87	0
ākhyena	ākhyena	ākhyā	NOUN	dcs:583200	86	0
mūrdhanā	mūrdhanā	mūrdhan	NOUN	dcs:29580	85	0
bhagavaḥ	bhagava	bhagavat	ADJ	dcs:651126	84	0
janmā	janmā	janman	NOUN	dcs:634999	84	0
mātarā	mātarā	mātṛ	NOUN	dcs:635006	83	0
somāsaḥ	somāsa	soma	NOUN	dcs:660367	83	0
hriyā	hriyā	hrī	NOUN	dcs:102923	82	0
āyudhān	āyudhān	āyudha	NOUN	dcs:484974	82	0
yuvānaḥ	yuvāna	yuvan	NOUN	dcs:524191	80	0
dūrata	dūrata	dūratas	ADV	dcs:644221	78	0
sakṛdāgāmi	sakṛdāgāmi	sakṛdāgāmin	NOUN	dcs:642685	78	0
ahaḥsu	ahaḥsu	ahar	NOUN	dcs:652332	76	0
arvā	arvā	arvan	NOUN	dcs:634686	76	0
tal	tal	tad	PRON	dcs:650974	76	0
īkṣaṇām	īkṣanām	īkṣaṇa	NOUN	dcs:95366	76	0
buddhinā	buddhinā	buddhi	NOUN	dcs:88828	74	0
duhitrīm	duhitrīm	duhitṛ	NOUN	dcs:76228	74	0
eno	eno	enas	NOUN	dcs:647045	74	0
paraspareṇa	parasparena	paraspara	PRON	dcs:99887	74	0
patyuḥ	patyu	pati	NOUN	dcs:589910	74	0
prabhṛtīn	prabhṛtīn	prabhṛti	NOUN	dcs:478373	74	0
udarāḥ	udarā	udara	NOUN	dcs:29276	74	0
śaktitaḥ	śaktita	śakti	NOUN	dcs:464875	74	0
naum	naum	nau	NOUN	dcs:483796	73	0
pārśvataḥ	pārśvata	pārśvatas	ADV	dcs:656215	73	0
svāyām	svāyām	sva	ADJ	dcs:650591_4	73	0
jīvo	jīvo	jīva	NOUN	dcs:76816	72	0
ākhyasya	ākhyasya	ākhyā	NOUN	dcs:574164	72	0
ātmakām	ātmakām	ātmaka	ADJ	dcs:477813	70	0
agnā	agnā	agni	NOUN	dcs:712080_1	69	0
harivas	harivas	harivat	ADJ	dcs:651129	69	0
mūrcchā	mūrcchā	mūrchā	NOUN	dcs:331363	69	0
amuṣmāt	amuṣmāt	adas	PRON	dcs:652154	67	0
patyau	patyau	pati	NOUN	dcs:651135	67	0
amīṣām	amīṣām	adas	PRON	dcs:646368_1	66	0
amūn	amūn	adas	PRON	dcs:635159_1	66	0
anulepanā	anulepanā	anulepana	NOUN	dcs:477677	66	0
bhaktitaḥ	bhaktita	bhakti	NOUN	dcs:464274	64	0
dyūn	dyūn	div	NOUN	dcs:641380	64	0
ekaikasmin	ekaikasmin	ekaika	PRON	dcs:687858	64	0
viśvebhiḥ	viśvebhi	viśva	ADJ	dcs:650422	64	0
ūdhar	ūdhar	ūdhas	NOUN	dcs:749420	64	0
adrivas	adrivas	adrivat	ADJ	dcs:666302	63	0
kanīyāḥ	kanīyā	kanīyas	ADJ	dcs:484968	62	0
yujam	yujam	yuj	ADJ	dcs:182311	62	0
prātassavanaṃ	prātassavanam	prātaḥsavana	NOUN	dcs:709298	61	0
ūruvoḥ	ūruvo	ūru	NOUN	dcs:30386	60	0
satre	satre	sattra	NOUN	dcs:652950	59	0
savitaḥ	savita	savitṛ	NOUN	dcs:650344	59	0
ekasyā	ekasyā	eka	NUM	dcs:102880	58	0
kāmataḥ	kāmata	kāmatas	ADV	dcs:27653	58	0
aśvāsaḥ	aśvāsa	aśva	NOUN	dcs:648685	56	0
naś	naś	mad	PRON	dcs:651329	56	0
ānupūrvayā	ānupūrvayā	ānupūrva	NOUN	dcs:590165	56	0
kanīyān	kanīyān	kanīyas	ADJ	dcs:519849	55	0
madhumāṁ	madhumām	madhumat	ADJ	dcs:651262	55	0
achāvākaḥ	achāvāka	acchāvāka	NOUN	dcs:650883	54	0
anyonyena	anyonyena	anyonya	PRON	dcs:569083_1	54	0
ima	ima	idam	PRON	dcs:651621	54	0
vyacāḥ	vyacā	vyacas	NOUN	dcs:647714	54	0
mittraṃ	mittram	mitra	NOUN	dcs:583384	53	0
samīpataḥ	samīpata	samīpa	NOUN	dcs:440541	53	0
vidvobhiḥ	vidvobhi	vidvas	ADJ	dcs:90217	53	0
vṛdhaḥ	vṛdha	vṛdh	ADJ	dcs:637377	53	0
yajñiyāsaḥ	yajniyāsa	yajñiya	ADJ	dcs:648736	53	0
ādityāsaḥ	ādityāsa	āditya	NOUN	dcs:651183	53	0
darśanām	darśanām	darśana	NOUN	dcs:38304	52	0
dogdhā	dogdhā	dogdhṛ	ADJ	dcs:586598	52	0
dvārām	dvārām	dvāra	NOUN	dcs:465162	52	0
kiyantam	kiyantam	kiyat	ADJ	dcs:687479	52	0
līlam	līlam	līlā	NOUN	dcs:89429	52	0
parasparasya	parasparasya	paraspara	PRON	dcs:629959	52	0
spṛhaḥ	spṛha	spṛhā	NOUN	dcs:555876	52	0
svataḥ	svata	svatas	ADV	dcs:555567	52	0
brahmaṇas	brahmanas	brahman	NOUN	dcs:687038	50	0
daśam	daśam	daśā	NOUN	dcs:670615	50	0
maghonām	maghonām	maghavan	NOUN	dcs:554690	50	0
somyāsa	somyāsa	somya	ADJ	dcs:651255	50	0
graho	graho	graha	NOUN	dcs:650808	49	0
maghonaḥ	maghona	maghavan	ADJ	dcs:641408	49	0
striyau	striyau	strī	NOUN	dcs:75497	49	0
arthām	arthām	artha	NOUN	dcs:644521	48	0
gandhāśma	gandhāśma	gandhāśman	NOUN	dcs:427243	48	0
trāmāṇam	trāmānam	trāman	NOUN	dcs:650165_5	48	0
bhūyasyā	bhūyasyā	bhūyas	ADJ	dcs:642148	47	0
hotārā	hotārā	hotṛ	NOUN	dcs:650561	47	0
pramāṇataḥ	pramānata	pramāṇa	NOUN	dcs:99544	47	0
prātassavane	prātassavane	prātaḥsavana	NOUN	dcs:709312	47	0
sārddhaṃ	sārddham	sārdham	ADV	dcs:331975	47	0
yonā	yonā	yoni	NOUN	dcs:638245	47	0
devataḥ	devata	devatā	NOUN	dcs:650045_1	46	0
kratve	kratve	kratu	NOUN	dcs:649049	46	0
yajīyān	yajīyān	yajīyas	ADJ	dcs:652645_3	46	0
sakhyuḥ	sakhyu	sakhi	NOUN	dcs:589912	45	0
śriyo	śriyo	śrī	NOUN	dcs:652045	45	0
śāstrataḥ	śāstrata	śāstra	NOUN	dcs:76517	45	0
vartmā	vartmā	vartman	NOUN	dcs:647623	44	0
viprāsa	viprāsa	vipra	NOUN	dcs:640679	44	0
yavīyāḥ	yavīyā	yavīyas	ADJ	dcs:488119	44	0
yogataḥ	yogata	yoga	NOUN	dcs:584240	44	0
dadhinas	dadhinas	dadhi	NOUN	dcs:506124	43	0
uṣāsā	uṣāsā	uṣas	NOUN	dcs:648877	43	0
vārtā	vārtā	vārttā	NOUN	dcs:590414	43	0
āpriyaḥ	āpriya	āprī	NOUN	dcs:650552	43	0
achidreṇa	achidrena	acchidra	ADJ	dcs:651099	42	0
jyotīḥ	jyotī	jyotis	NOUN	dcs:90804	42	0
vṛṣo	vṛṣo	vṛṣa	NOUN	dcs:589988	42	0
chatraiḥ	chatrai	chattra	NOUN	dcs:644114	41	0
iyān	iyān	iyat	ADJ	dcs:650673_7	41	0
vidvasā	vidvasā	vidvas	ADJ	dcs:35747	41	0
viśas	viśas	viś	NOUN	dcs:647099	41	0
aṅgulām	angulām	aṅgula	NOUN	dcs:28936	40	0
dampatiyoḥ	dampatiyo	dampati	NOUN	dcs:102874	40	0
dhairyāḥ	dhairyā	dhairya	NOUN	dcs:641980	40	0
janimā	janimā	janiman	NOUN	dcs:646215	40	0
kan	kan	ka	PRON	dcs:652384	40	0
paramasyāṃ	paramasyām	parama	ADJ	dcs:646913	40	0
sāmataḥ	sāmata	sāman	NOUN	dcs:749127	40	0
tanuvam	tanuvam	tanū	NOUN	dcs:669430_1	40	0
tanuvā	tanuvā	tanū	NOUN	dcs:669709	40	0
tṛtīyasyāṃ	tṛtīyasyām	tṛtīya	ADJ	dcs:464587	40	0
upadhāt	upadhāt	upadhā	NOUN	dcs:551652	40	0
vegām	vegām	vega	NOUN	dcs:31269	40	0
vārtāṃ	vārtām	vārttā	NOUN	dcs:88359	40	0
śāśvatām	śāśvatām	śāśvata	ADJ	dcs:583724	40	0
aprayucchan	aprayucchan	aprayucchat	ADJ	dcs:650434_1	39	0
avāc	avāc	ava	NOUN	dcs:555420	39	0
ekasmāt	ekasmāt	eka	NUM	dcs:331199	39	0
maghonī	maghonī	maghavan	ADJ	dcs:474336	39	0
viśuddhitaḥ	viśuddhita	viśuddhi	NOUN	dcs:645091	39	0
amuṣyai	amuṣyai	adas	PRON	dcs:435155	38	0
ayāsi	ayāsi	ayās	ADJ	dcs:669716	38	0
datraḥ	datra	dattra	NOUN	dcs:649064	38	0
nāsaḥ	nāsa	nāsā	NOUN	dcs:643265	38	0
padām	padām	pada	NOUN	dcs:650923	38	0
stomebhiḥ	stomebhi	stoma	NOUN	dcs:651520	38	0
vaktrām	vaktrām	vaktra	NOUN	dcs:568401	38	0
yajuṣṭaḥ	yajuṣṭa	yajus	NOUN	dcs:652168	38	0
yuvānā	yuvānā	yuvan	ADJ	dcs:651990	38	0
ākhyaiḥ	ākhyai	ākhyā	NOUN	dcs:28472	38	0
bhūyāṃsaṃ	bhūyānsam	bhūyas	ADJ	dcs:652536	37	0
dhūr	dhūr	dhū	NOUN	dcs:671381	37	0
kiyantaḥ	kiyanta	kiyat	ADJ	dcs:644098	37	0
paramārthataḥ	paramārthata	paramārtha	NOUN	dcs:555955	37	0
vyāhṛtībhiḥ	vyāhṛtībhi	vyāhṛti	NOUN	dcs:436450_1	37	0
vīryān	vīryān	vīrya	NOUN	dcs:39990	37	0
aṅgīm	angīm	aṅga	ADJ	dcs:94837	36	0
rājānā	rājānā	rājan	NOUN	dcs:686750	36	0
vaḍavā	vaḍavā	vaḍabā	NOUN	dcs:76670	36	0
āyasām	āyasām	āyasa	ADJ	dcs:36436	36	0
ṛkta	ṛkta	ṛc	NOUN	dcs:652168	36	0
amuṣyām	amuṣyām	adas	PRON	dcs:651648	35	0
atichandāḥ	atichandā	aticchandas	NOUN	dcs:651860	35	0
gāyatriyā	gāyatriyā	gāyatrī	NOUN	dcs:377621	35	0
martāsa	martāsa	marta	NOUN	dcs:639759	35	0
mūrdhanaḥ	mūrdhana	mūrdhan	NOUN	dcs:31129	35	0
uc	uc	ud	ADP	dcs:650987	35	0
vidvase	vidvase	vidvas	ADJ	dcs:570690	35	0
śīrṣata	śīrṣata	śīrṣa	NOUN	dcs:649888	35	0
abhidhānā	abhidhānā	abhidhāna	NOUN	dcs:30008	34	0
avajñam	avajnam	avajñā	NOUN	dcs:577991	34	0
aṅgulāni	angulāni	aṅgula	NOUN	dcs:29202	34	0
marutvāṁ	marutvām	marutvat	ADJ	dcs:748727_1	34	0
mittra	mittra	mitra	NOUN	dcs:613944	34	0
mṛtyunaḥ	mṛtyuna	mṛtyu	NOUN	dcs:641955	34	0
narāṃ	narām	nṛ	NOUN	dcs:716440	34	0
niṣ	niṣ	niḥ	ADP	dcs:646374	34	0
parijmā	parijmā	parijman	ADJ	dcs:636713	34	0
pūrvakām	pūrvakām	pūrvaka	ADJ	dcs:331292	34	0
tanuvaḥ	tanuva	tanū	NOUN	dcs:670210_1	34	0
yuktitaḥ	yuktita	yukti	NOUN	dcs:26819	34	0
ākhyau	ākhyau	ākhyā	NOUN	dcs:551800	34	0
ṣmā	ṣmā	sma	PART	dcs:641398	34	0
garīyān	garīyān	garīyas	ADJ	dcs:27291	33	0
japoḥ	japo	jap	NOUN	dcs:552338	33	0
mūlataḥ	mūlata	mūla	NOUN	dcs:29743	33	0
satra	satra	sattra	NOUN	dcs:651892	33	0
striyai	striyai	strī	NOUN	dcs:748894	33	0
amo	amo	ama	NOUN	dcs:651146	32	0
bhūyāṃsaḥ	bhūyānsa	bhūyas	ADJ	dcs:651187	32	0
mahima	mahima	mahiman	NOUN	dcs:89417	32	0
mīḍhva	mīḍhva	mīḍhvas	ADJ	dcs:651822	32	0
pratyayāni	pratyayāni	pratyaya	NOUN	dcs:642689	32	0
saṃbhārāṇi	sambhārāni	sambhāra	NOUN	dcs:642689	32	0
stanām	stanām	stana	NOUN	dcs:91745	32	0
vedasam	vedasam	vedas	NOUN	dcs:651953	32	0
vicārataḥ	vicārata	vicāra	NOUN	dcs:99051	32	0
yavīyān	yavīyān	yavīyas	ADJ	dcs:490303	32	0
āyudhau	āyudhau	āyudha	NOUN	dcs:647040	32	0
amṛtāsaḥ	amṛtāsa	amṛta	ADJ	dcs:647327_1	31	0
ekasmai	ekasmai	eka	NUM	dcs:749453	31	0
guṇāni	gunāni	guṇa	NOUN	dcs:180949	31	0
maghāni	maghāni	magha	NOUN	dcs:597018	31	0
mantrataḥ	mantrata	mantra	NOUN	dcs:645592	31	0
prasādataḥ	prasādata	prasāda	NOUN	dcs:98411	31	0
putrāsaḥ	putrāsa	putra	NOUN	dcs:687773	31	0
sāmbhiḥ	sāmbhi	sāman	NOUN	dcs:486233	31	0
uṣāsaḥ	uṣāsa	uṣas	NOUN	dcs:647526	31	0
dhiyām	dhiyām	dhī	NOUN	dcs:89172	30	0
ekaikasyāṃ	ekaikasyām	ekaika	PRON	dcs:642998	30	0
kanīyāṃsam	kanīyānsam	kanīyas	ADJ	dcs:651902_4	30	0
kṛtavarma	kṛtavarma	kṛtavarman	NOUN	dcs:577003	30	0
māno	māno	māna	NOUN	dcs:687540	30	0
mūtrāḥ	mūtrā	mūtra	NOUN	dcs:35520	30	0
paśvaḥ	paśva	paśu	NOUN	dcs:636711	30	0
puruspṛham	puruspṛham	puruspṛh	ADJ	dcs:592887	30	0
rom	rom	roman	NOUN	dcs:76372	30	0
svadhāvas	svadhāvas	svadhāvat	ADJ	dcs:647683	30	0
un	un	ud	ADP	dcs:651255	30	0
vyacasam	vyacasam	vyacas	NOUN	dcs:641669	30	0
ātmanau	ātmanau	ātman	NOUN	dcs:174310	30	0
pradhānataḥ	pradhānata	pradhāna	NOUN	dcs:519134	29	0
tamasas	tamasas	tamas	NOUN	dcs:647755	29	0
yathārhataḥ	yathārhata	yathārha	ADJ	dcs:40705	29	0
śirasta	śirasta	śiras	NOUN	dcs:435223	29	0
ayāsaḥ	ayāsa	ayās	ADJ	dcs:687713	28	0
aṃśukā	anśukā	aṃśuka	NOUN	dcs:38565	28	0
chandasam	chandasam	chandas	NOUN	dcs:651056	28	0
nidraḥ	nidra	nidrā	NOUN	dcs:484297	28	0
padoḥ	pado	pad	NOUN	dcs:648541_1	28	0
rādhasam	rādhasam	rādhas	NOUN	dcs:752987_2	28	0
udā	udā	uda	NOUN	dcs:440527	28	0
vājebhiḥ	vājebhi	vāja	NOUN	dcs:705724	28	0
vājāṁ	vājām	vāja	NOUN	dcs:652903	28	0
vīrāsaḥ	vīrāsa	vīra	NOUN	dcs:648704	28	0
śaṃbhuvā	śambhuvā	śambhu	ADJ	dcs:650440_1	28	0
śīrṣāṇam	śīrṣānam	śīrṣan	NOUN	dcs:484092	28	0
brāhmām	brāhmām	brāhma	ADJ	dcs:483839	27	0
dhīrāsaḥ	dhīrāsa	dhīra	ADJ	dcs:650537_1	27	0
dvitīyasyāṃ	dvitīyasyām	dvitīya	ADJ	dcs:464587	27	0
prem	prem	preman	NOUN	dcs:102903	27	0
rudrebhiḥ	rudrebhi	rudra	NOUN	dcs:648720	27	0
rāyas	rāyas	rai	NOUN	dcs:652055	27	0
upāyataḥ	upāyata	upāya	NOUN	dcs:521987	27	0
vidvasam	vidvasam	vidvas	ADJ	dcs:570620_1	27	0
ārto	ārto	ārta	ADJ	dcs:92424	27	0
adhiṣṭhānāḥ	adhiṣṭhānā	adhiṣṭhāna	NOUN	dcs:42685	26	0
akṣāyāḥ	akṣāyā	akṣa	ADJ	dcs:487768	26	0
aśram	aśram	asra	NOUN	dcs:520393	26	0
aṃśāni	anśāni	aṃśa	NOUN	dcs:33288	26	0
bastiḥ	basti	vasti	NOUN	dcs:549934	26	0
bhāñji	bhānji	bhāj	ADJ	dcs:581442	26	0
devatam	devatam	devatā	NOUN	dcs:727683	26	0
duṣvapnyam	duṣvapnyam	duḥṣvapnya	NOUN	dcs:646950_1	26	0
kasyām	kasyām	ka	PRON	dcs:527056	26	0
kiyān	kiyān	kiyat	ADJ	dcs:33970	26	0
lakṣmāṇam	lakṣmānam	lakṣman	NOUN	dcs:737320	26	0
maghavn	maghavn	maghavan	NOUN	dcs:473833_1	26	0
mūrcchāṃ	mūrcchām	mūrchā	NOUN	dcs:59130	26	0
nāsam	nāsam	nāsā	NOUN	dcs:484245	26	0
prajñācakṣūḥ	prajnācakṣū	prajñācakṣus	NOUN	dcs:575081	26	0
rākṣasām	rākṣasām	rākṣasa	NOUN	dcs:522219	26	0
spṛham	spṛham	spṛhā	NOUN	dcs:585009	26	0
āyatanā	āyatanā	āyatana	NOUN	dcs:748939	26	0
agruvaḥ	agruva	agru	ADJ	dcs:646609_1	25	0
dhenvaḥ	dhenva	dhenu	NOUN	dcs:466181	25	0
jyāyāṃsaṃ	jyāyānsam	jyāyas	ADJ	dcs:662425	25	0
patnayaḥ	patnaya	patnī	NOUN	dcs:672912	25	0
valagān	valagān	valaga	NOUN	dcs:675228	25	0
śubhas	śubhas	śubh	NOUN	dcs:636160	25	0
apāt	apāt	apa	NOUN	dcs:590436	24	1
aṣṭāpadī	aṣṭāpadī	aṣṭāpada	ADJ	dcs:687169	24	0
bodhisatvāḥ	bodhisatvā	bodhisattva	NOUN	dcs:365006	24	0
ekatamam	ekatamam	ekatama	ADJ	dcs:386339	24	0
haviṣam	haviṣam	havis	NOUN	dcs:687902	24	0
kuvit	kuvit	kuvid	PART	dcs:647454	24	0
nāmānaḥ	nāmāna	nāman	NOUN	dcs:650817	24	0
parvā	parvā	parvan	NOUN	dcs:640229	24	0
patrāḥ	patrā	pattra	NOUN	dcs:648866	24	0
peśasam	peśasam	peśas	NOUN	dcs:649688	24	0
pūjanām	pūjanām	pūjanī	NOUN	dcs:644096	24	0
sahasas	sahasas	sahas	NOUN	dcs:649527	24	0
satreṣu	satreṣu	sattra	NOUN	dcs:749568	24	0
stambho	stambho	stambha	NOUN	dcs:590504	24	0
udām	udām	uda	NOUN	dcs:197686	24	0
ukthebhiḥ	ukthebhi	uktha	NOUN	dcs:742765	24	0
vasanau	vasanau	vasana	NOUN	dcs:473812_1	24	0
vṛdham	vṛdham	vṛdh	ADJ	dcs:647549	24	0
yajani	yajani	yajana	ADJ	dcs:437397	24	0
ārttim	ārttim	ārti	NOUN	dcs:687908	24	0
āsthaḥ	āstha	āsthā	NOUN	dcs:477537	24	0
adevīḥ	adevī	adeva	ADJ	dcs:652590	23	1
anyonyasmin	anyonyasmin	anyonya	PRON	dcs:651214	23	0
bhūyasīm	bhūyasīm	bhūyas	ADJ	dcs:641772	23	0
pāma	pāma	pāman	NOUN	dcs:76278	23	0
bodhisatva	bodhisatva	bodhisattva	NOUN	dcs:667749	22	0
bodhisatvena	bodhisatvena	bodhisattva	NOUN	dcs:365006	22	0
bṛṃhaṇī	bṛnhanī	bṛṃhaṇa	ADJ	dcs:27184	22	0
dvīpām	dvīpām	dvīpa	NOUN	dcs:521379	22	0
iṣṭaka	iṣṭaka	iṣṭakā	NOUN	dcs:737344	22	0
iṣṭakān	iṣṭakān	iṣṭakā	NOUN	dcs:503665	22	0
kathaḥ	katha	kathā	NOUN	dcs:88039	22	0
marmā	marmā	marman	NOUN	dcs:487867	22	0
mātṛtaḥ	mātṛta	mātṛ	NOUN	dcs:63011	22	0
mūrdhajām	mūrdhajām	mūrdhaja	NOUN	dcs:527847	22	0
naavaḥ	naava	nau	NOUN	dcs:75581	22	0
nyāyataḥ	nyāyata	nyāya	NOUN	dcs:575729	22	0
nāmnau	nāmnau	nāman	NOUN	dcs:528841	22	0
parvāṇaḥ	parvāna	parvan	NOUN	dcs:40959	22	0
patre	patre	pattra	NOUN	dcs:552296	22	0
saṃkhyebhiḥ	sankhyebhi	saṃkhyā	NOUN	dcs:36353	22	0
svavāṁ	svavām	svavat	ADJ	dcs:637119	22	0
uṣāsaṃ	uṣāsam	uṣas	NOUN	dcs:648650	22	0
varṇataḥ	varnata	varṇa	NOUN	dcs:506292	22	0
vāmataḥ	vāmata	vāmatas	ADV	dcs:465946	22	0
vārṣikām	vārṣikām	vārṣika	ADJ	dcs:452798	22	0
āūm	āūm	oṃ	INTJ	dcs:628962_1	22	0
īkṣaṇau	īkṣanau	īkṣaṇa	NOUN	dcs:92419	22	0
dadhani	dadhani	dadhi	NOUN	dcs:687691	21	0
devānt	devānt	deva	NOUN	dcs:638853	21	0
ekāntataḥ	ekāntata	ekānta	NOUN	dcs:87226	21	0
haviṣmāṁ	haviṣmām	haviṣmat	ADJ	dcs:671171	21	0
kāñcanām	kāncanām	kāñcana	ADJ	dcs:585034	21	0
niyogataḥ	niyogata	niyoga	NOUN	dcs:98717	21	0
parvatāsaḥ	parvatāsa	parvata	NOUN	dcs:597186	21	0
patraiḥ	patrai	pattra	NOUN	dcs:656460	21	0
sakhāyā	sakhāyā	sakhi	NOUN	dcs:636113	21	0
viṣṇav	viṣnav	viṣṇu	NOUN	dcs:670942	21	0
śacīvas	śacīvas	śacīvat	ADJ	dcs:726371_1	21	0
adhyāśayataḥ	adhyāśayata	adhyāśaya	NOUN	dcs:644125	20	0
ambam	ambam	ambā	NOUN	dcs:452450	20	0
apas	apas	ap	NOUN	dcs:648644	20	0
apekṣāt	apekṣāt	apekṣā	NOUN	dcs:480707	20	0
arthataḥ	arthata	artha	NOUN	dcs:555597	20	0
aṇīyān	anīyān	aṇīyas	ADJ	dcs:727049	20	0
bhvaḥ	bhva	bhū	NOUN	dcs:358988	20	0
candrikam	candrikam	candrikā	NOUN	dcs:29395	20	0
dasyūṃr	dasyūnr	dasyu	NOUN	dcs:634847	20	0
dātrī	dātrī	dātṛ	ADJ	dcs:645852	20	0
iyantaṃ	iyantam	iyat	ADJ	dcs:645151	20	0
janmānaḥ	janmāna	janman	NOUN	dcs:390215	20	0
kalaśāṁ	kalaśām	kalaśa	NOUN	dcs:641834	20	0
karaṇām	karanām	karaṇa	ADJ	dcs:166722	20	0
karo	karo	kara	NOUN	dcs:75283	20	1
paramasyāḥ	paramasyā	parama	ADJ	dcs:633913	20	0
pāṇiyoḥ	pāniyo	pāṇi	NOUN	dcs:31308	20	0
retasam	retasam	retas	NOUN	dcs:748773_1	20	0
saṃdarśayitrī	sandarśayitrī	saṃdarśayitṛ	ADJ	dcs:645852	20	0
stomāsa	stomāsa	stoma	NOUN	dcs:729887	20	0
tanūnapād	tanūnapād	tanūnapāt	NOUN	dcs:650555	20	0
tejasau	tejasau	tejas	NOUN	dcs:618616	20	0
udakām	udakām	udaka	NOUN	dcs:763620	20	0
vibhvaḥ	vibhva	vibhu	ADJ	dcs:697213_1	20	0
viṣayāṇi	viṣayāni	viṣaya	NOUN	dcs:553050	20	0
viṣphuliṅgāḥ	viṣphulingā	visphuliṅga	NOUN	dcs:570906	20	0
vālakhilyān	vālakhilyān	vālakhilya	NOUN	dcs:92799	20	0
ābharaṇām	ābharanām	ābharaṇa	NOUN	dcs:95372	20	0
ākhyān	ākhyān	ākhyā	NOUN	dcs:484602	20	0
ūdhani	ūdhani	ūdhas	NOUN	dcs:636983	20	0
asthnām	asthnām	asthi	NOUN	dcs:687266	19	0
aśvebhiḥ	aśvebhi	aśva	NOUN	dcs:649347	19	0
balīyān	balīyān	balīyas	ADJ	dcs:205978	19	0
chandassu	chandassu	chandas	NOUN	dcs:651574	19	0
hriyaṃ	hriyam	hrī	NOUN	dcs:586032	19	0
manasas	manasas	manas	NOUN	dcs:649941	19	0
sakhāyau	sakhāyau	sakhi	NOUN	dcs:649255	19	0
taruṇām	tarunām	taruṇa	ADJ	dcs:575694	19	0
vadanān	vadanān	vadana	NOUN	dcs:574870	19	0
yajñebhiḥ	yajnebhi	yajña	NOUN	dcs:651780	19	0
śukrāsaḥ	śukrāsa	śukra	ADJ	dcs:660368	19	0
ṛtūṃr	ṛtūnr	ṛtu	NOUN	dcs:635958	19	0
achāvākasya	achāvākasya	acchāvāka	NOUN	dcs:651374	18	0
anarvāṇaṃ	anarvānam	anarvan	ADJ	dcs:690387	18	0
atichandasā	atichandasā	aticchandas	NOUN	dcs:749255_1	18	0
aṇīyasam	anīyasam	aṇīyas	ADJ	dcs:578473	18	0
ekaikasyāḥ	ekaikasyā	ekaika	PRON	dcs:569524_1	18	0
hotaḥ	hota	hotṛ	NOUN	dcs:652494	18	0
indrayavāḥ	indrayavā	indrayava	NOUN	dcs:34292	18	0
kartri	kartri	kartṛ	ADJ	dcs:518593_1	18	0
kartrī	kartrī	kartṛ	ADJ	dcs:529778	18	0
kṣetrāḥ	kṣetrā	kṣetra	NOUN	dcs:387458	18	0
maghoni	maghoni	maghavan	ADJ	dcs:96038	18	0
manaskāḥ	manaskā	manaska	NOUN	dcs:644338	18	0
prabhṛtinā	prabhṛtinā	prabhṛti	NOUN	dcs:672247	18	0
prapharvyaṃ	prapharvyam	prapharvī	NOUN	dcs:648473	18	0
praṇāśanām	pranāśanām	praṇāśana	ADJ	dcs:33047	18	0
priyāsaḥ	priyāsa	priya	ADJ	dcs:648704	18	0
purīṣāḥ	purīṣā	purīṣa	NOUN	dcs:27173	18	0
rathebhiḥ	rathebhi	ratha	NOUN	dcs:686677	18	0
ratnām	ratnām	ratna	NOUN	dcs:522886	18	0
rātriyā	rātriyā	rātri	NOUN	dcs:659572	18	0
sahīyān	sahīyān	sahīyas	ADJ	dcs:650416	18	0
sānavi	sānavi	sānu	NOUN	dcs:598861_2	18	0
sīmataḥ	sīmata	sīman	NOUN	dcs:647672	18	0
turāsa	turāsa	tura	ADJ	dcs:702129	18	0
tṛṣṇaḥ	tṛṣna	tṛṣṇā	NOUN	dcs:555855	18	0
vaṅkṣaṇau	vankṣanau	vaṅkṣaṇa	NOUN	dcs:30733	18	0
vegataḥ	vegata	vega	NOUN	dcs:531881	18	0
vibhvam	vibhvam	vibhu	ADJ	dcs:650408_1	18	0
vidathā	vidathā	vidatha	NOUN	dcs:635436	18	0
ākhyāt	ākhyāt	ākhyā	NOUN	dcs:615799	18	0
ānanau	ānanau	ānana	NOUN	dcs:763330	18	0
ātmnaḥ	ātmna	ātman	NOUN	dcs:90723	18	0
śavasas	śavasas	śavas	NOUN	dcs:684826	18	0
adūrataḥ	adūrata	adūra	ADJ	dcs:543239	17	0
amūni	amūni	adas	PRON	dcs:573027	17	0
avatārāṇi	avatārāni	avatāra	NOUN	dcs:454621	17	0
ayatnataḥ	ayatnata	ayatna	NOUN	dcs:644520	17	0
bhagavas	bhagavas	bhagavat	ADJ	dcs:646935_3	17	0
bhāratām	bhāratām	bhārata	ADJ	dcs:574477	17	0
ghano	ghano	ghana	NOUN	dcs:590223	17	0
jaganmātrī	jaganmātrī	jaganmātṛ	NOUN	dcs:451633	17	0
kanīyāṃsaḥ	kanīyānsa	kanīyas	ADJ	dcs:652723_2	17	0
patreṇa	patrena	pattra	NOUN	dcs:545147	17	0
pitaḥ	pita	pitṛ	NOUN	dcs:94588	17	0
pāpīyāṃsa	pāpīyānsa	pāpīyas	ADJ	dcs:188142	17	0
pāṇḍavām	pānḍavām	pāṇḍava	ADJ	dcs:235045	17	0
rombhiḥ	rombhi	roman	NOUN	dcs:32227	17	0
udakān	udakān	udaka	NOUN	dcs:558863	17	0
vaiṣṇavām	vaiṣnavām	vaiṣṇava	ADJ	dcs:91135	17	0
śamyuḥ	śamyu	śaṃyu	NOUN	dcs:712618	17	0
śatrūṃr	śatrūnr	śatru	NOUN	dcs:675615	17	0
śivebhiḥ	śivebhi	śiva	ADJ	dcs:648602_1	17	0
śāpataḥ	śāpata	śāpa	NOUN	dcs:440909	17	0
agniyoḥ	agniyo	agni	NOUN	dcs:478523	16	0
antaḥkaraṇāḥ	antaḥkaranā	antaḥkaraṇa	NOUN	dcs:359152	16	0
anuvāsanāḥ	anuvāsanā	anuvāsana	NOUN	dcs:35166	16	0
apidhānāḥ	apidhānā	apidhāna	NOUN	dcs:473724_1	16	0
asvāmi	asvāmi	asvāmin	NOUN	dcs:531037	16	0
aṇīyāḥ	anīyā	aṇīyas	ADJ	dcs:472350_1	16	0
balīyāṃsaṃ	balīyānsam	balīyas	ADJ	dcs:28197	16	0
bhuvāṃ	bhuvām	bhū	NOUN	dcs:687214	16	0
bhāvām	bhāvām	bhāva	NOUN	dcs:448793	16	0
bodhisatvasya	bodhisatvasya	bodhisattva	NOUN	dcs:365006	16	0
brāhmayā	brāhmayā	brāhma	ADJ	dcs:477290	16	0
brāhmaṇācchaṃsi	brāhmanācchansi	brāhmaṇācchaṃsin	NOUN	dcs:729345	16	0
daivām	daivām	daiva	ADJ	dcs:91994	16	0
danvaḥ	danva	danu	NOUN	dcs:484755	16	0
devāyuvam	devāyuvam	devāyu	ADJ	dcs:671852	16	0
garbhāni	garbhāni	garbha	NOUN	dcs:28182	16	0
garima	garima	gariman	NOUN	dcs:630721	16	0
hyo	hyo	hyas	ADV	dcs:749371	16	0
iṭi	iṭi	iṭ	NOUN	dcs:554184	16	0
krayaṇān	krayanān	krayaṇa	ADJ	dcs:670652	16	0
manmā	manmā	manman	NOUN	dcs:741325	16	0
martyāsaḥ	martyāsa	martya	ADJ	dcs:718146	16	0
naau	naau	nau	NOUN	dcs:483838	16	0
nāmadheyā	nāmadheyā	nāmadheya	NOUN	dcs:331163	16	0
paramakām	paramakām	paramaka	ADJ	dcs:557218	16	0
parvṇaḥ	parvna	parvan	NOUN	dcs:160738	16	0
paṅktinā	panktinā	paṅkti	NOUN	dcs:650793	16	0
plīhnau	plīhnau	plīhan	NOUN	dcs:16986	16	0
samyājye	samyājye	saṃyājyā	NOUN	dcs:712892	16	0
somebhiḥ	somebhi	soma	NOUN	dcs:596098_1	16	0
sundarām	sundarām	sundara	ADJ	dcs:574953	16	0
tīrthām	tīrthām	tīrtha	NOUN	dcs:763615	16	0
uttamāṅgāḥ	uttamāngā	uttamāṅga	NOUN	dcs:233716	16	0
āgūr	āgūr	āgur	NOUN	dcs:650828	16	0
ākārāṇi	ākārāni	ākāra	NOUN	dcs:331261	16	0
ākṛtīni	ākṛtīni	ākṛti	NOUN	dcs:687508	16	0
ānanān	ānanān	ānana	NOUN	dcs:95474	16	0
ūdhan	ūdhan	ūdhas	NOUN	dcs:682973	16	0
achidram	achidram	acchidra	ADJ	dcs:650909	15	0
ajarāsaḥ	ajarāsa	ajara	ADJ	dcs:637361	15	0
avaśeṣā	avaśeṣā	avaśeṣa	NOUN	dcs:630719	15	0
chānam	chānam	śāna	NOUN	dcs:661136	15	0
dyumāṁ	dyumām	dyumat	ADJ	dcs:641380	15	0
ekadhanān	ekadhanān	ekadhana	NOUN	dcs:671184	15	0
jananām	jananām	janana	ADJ	dcs:35400	15	0
paścimasyāṃ	paścimasyām	paścima	ADJ	dcs:543270	15	0
pitṛtaḥ	pitṛta	pitṛ	NOUN	dcs:63014	15	0
pārthivāsaḥ	pārthivāsa	pārthiva	ADJ	dcs:648736	15	0
pārṣadīḥ	pārṣadī	pārṣada	ADJ	dcs:519612	15	0
sāmsu	sāmsu	sāman	NOUN	dcs:540291	15	0
treṇyā	trenyā	tryeṇī	NOUN	dcs:435142	15	0
udarān	udarān	udara	NOUN	dcs:35347	15	0
aghniyāḥ	aghniyā	aghnyā	NOUN	dcs:669233_1	14	0
amībhiḥ	amībhi	adas	PRON	dcs:522030	14	0
antarālāḥ	antarālā	antarāla	NOUN	dcs:728439	14	0
anujñaḥ	anujna	anujñā	NOUN	dcs:76476	14	0
anukampaḥ	anukampa	anukampā	NOUN	dcs:477568	14	0
apavargāṇi	apavargāni	apavarga	NOUN	dcs:669766	14	0
attriṇaḥ	attrina	atrin	NOUN	dcs:633247	14	0
aṃśāṁ	anśām	aṃśa	NOUN	dcs:639037	14	0
aṅgulinā	angulinā	aṅguli	NOUN	dcs:488868	14	0
aṅkām	ankām	aṅka	NOUN	dcs:586595	14	0
buddhīn	buddhīn	buddhi	NOUN	dcs:165915	14	0
cetasau	cetasau	cetas	NOUN	dcs:160556	14	0
chatrāṇi	chatrāni	chattra	NOUN	dcs:653171	14	0
dayam	dayam	dayā	NOUN	dcs:488032	14	0
devateṣu	devateṣu	devatā	NOUN	dcs:469466	14	0
doṣataḥ	doṣata	doṣa	NOUN	dcs:615990	14	0
duṣṣvapnyaṃ	duṣṣvapnyam	duḥṣvapnya	NOUN	dcs:600439	14	0
ekatareṇa	ekatarena	ekatara	ADJ	dcs:644366	14	0
guṇataḥ	gunata	guṇa	NOUN	dcs:58368	14	0
haviṣ	haviṣ	havis	NOUN	dcs:646998	14	0
javīyān	javīyān	javīyas	ADJ	dcs:687917	14	0
juhvaṃ	juhvam	juhū	NOUN	dcs:635326	14	0
karṇebhiḥ	karnebhi	karṇa	NOUN	dcs:687765	14	0
kaṇṭakām	kanṭakām	kaṇṭaka	NOUN	dcs:575546	14	0
kārakām	kārakām	kāraka	ADJ	dcs:540710	14	0
latam	latam	latā	NOUN	dcs:102936	14	0
lomataḥ	lomata	loman	NOUN	dcs:468564	14	0
marutvas	marutvas	marutvat	ADJ	dcs:651869	14	0
mṛḍīkā	mṛḍīkā	mṛḍīka	NOUN	dcs:636962	14	0
paurāṇikām	paurānikām	paurāṇika	ADJ	dcs:450088	14	0
paṇīṃr	panīnr	paṇi	NOUN	dcs:635204	14	0
prakhyebhiḥ	prakhyebhi	prakhyā	NOUN	dcs:180059	14	0
pramādataḥ	pramādata	pramāda	NOUN	dcs:519412	14	0
pratīkāśām	pratīkāśām	pratīkāśa	NOUN	dcs:767544	14	0
prāyāṇi	prāyāni	prāya	NOUN	dcs:61443	14	0
pvaḥ	pva	pu	ADJ	dcs:636050	14	0
pādataḥ	pādata	pāda	NOUN	dcs:615179	14	0
pāraśavām	pāraśavām	pāraśava	ADJ	dcs:575125	14	0
rathāsaḥ	rathāsa	ratha	NOUN	dcs:648685	14	0
rudrāsa	rudrāsa	rudra	NOUN	dcs:504927	14	0
sadasyām	sadasyām	sadasya	ADJ	dcs:691362	14	0
saindhavām	saindhavām	saindhava	NOUN	dcs:32601	14	0
sapatnāṁ	sapatnām	sapatna	NOUN	dcs:648539_1	14	0
saṃrāj	sanrāj	samrāj	NOUN	dcs:687367	14	0
saṃvatam	sanvatam	saṃvat	NOUN	dcs:647329_1	14	0
somasvāmi	somasvāmi	somasvāmin	NOUN	dcs:625389	14	0
stanīm	stanīm	stana	ADJ	dcs:560225	14	0
svāyāḥ	svāyā	sva	ADJ	dcs:634284	14	0
tanuvau	tanuvau	tanū	NOUN	dcs:717713	14	0
tejanāḥ	tejanā	tejana	NOUN	dcs:76063	14	0
utsedhām	utsedhām	utsedha	NOUN	dcs:669931	14	0
varīyān	varīyān	varīyas	ADJ	dcs:88921	14	0
vedamātrīm	vedamātrīm	vedamātṛ	NOUN	dcs:542552	14	0
viprebhiḥ	viprebhi	vipra	NOUN	dcs:592153_1	14	0
viśvāsāham	viśvāsāham	viśvāsah	ADJ	dcs:675609	14	0
vṛttinā	vṛttinā	vṛtti	NOUN	dcs:584942	14	0
āhārām	āhārām	āhāra	NOUN	dcs:193124	14	0
ṛtāvānā	ṛtāvānā	ṛtāvan	ADJ	dcs:594781	14	0
akṣiṇas	akṣinas	akṣi	NOUN	dcs:76359	13	0
apasyuvaḥ	apasyuva	apasyu	ADJ	dcs:749210_1	13	0
aptur	aptur	aptu	ADJ	dcs:671122	13	0
aruṣāsa	aruṣāsa	aruṣa	ADJ	dcs:633895	13	0
hanuvoḥ	hanuvo	hanu	NOUN	dcs:30188	13	0
iḍāyās	iḍāyās	iḍā	NOUN	dcs:647000	13	0
janmataḥ	janmata	janman	NOUN	dcs:519992	13	0
karmataḥ	karmata	karman	NOUN	dcs:669716	13	0
kaṇvāsaḥ	kanvāsa	kaṇva	NOUN	dcs:592040	13	0
mittraiḥ	mittrai	mitra	NOUN	dcs:614980	13	0
praśāstaḥ	praśāsta	praśāstṛ	NOUN	dcs:671947	13	0
pāpīyāṃsam	pāpīyānsam	pāpīyas	ADJ	dcs:651015	13	0
rājñau	rājnau	rājan	NOUN	dcs:526424	13	0
sakthnaḥ	sakthna	sakthi	NOUN	dcs:553934	13	0
satve	satve	sattva	NOUN	dcs:531864	13	0
vaḍavāmukham	vaḍavāmukham	vaḍabāmukha	NOUN	dcs:620977	13	0
vaḍavāṃ	vaḍavām	vaḍabā	NOUN	dcs:687903	13	0
ātmataḥ	ātmata	ātman	NOUN	dcs:63077	13	0
ṣma	ṣma	sma	PART	dcs:647973	13	0
anulomanā	anulomanā	anulomana	ADJ	dcs:34425	12	0
anyakeṣāṃ	anyakeṣām	anyaka	ADJ	dcs:612239	12	0
anyonyasmai	anyonyasmai	anyonya	PRON	dcs:437309	12	0
aśraḥ	aśra	asra	NOUN	dcs:466484	12	0
aśrām	aśrām	asra	NOUN	dcs:670000_1	12	0
bhūmikam	bhūmikam	bhūmikā	NOUN	dcs:479364	12	0
catuṣpad	catuṣpad	catuṣpada	ADJ	dcs:437422	12	0
chadmā	chadmā	chadman	NOUN	dcs:524651	12	0
chandataḥ	chandata	chanda	NOUN	dcs:645592	12	0
citikaḥ	citika	citikā	NOUN	dcs:501474	12	0
daivyāsaḥ	daivyāsa	daivya	ADJ	dcs:650820	12	0
daśena	daśena	daśā	NOUN	dcs:436404	12	0
devamātryāḥ	devamātryā	devamātṛ	NOUN	dcs:89804	12	0
dhartārā	dhartārā	dhartṛ	NOUN	dcs:636992	12	0
dhātaḥ	dhāta	dhātṛ	NOUN	dcs:648505	12	1
dogdhāraṃ	dogdhāram	dogdhṛ	ADJ	dcs:94274	12	0
gebhiḥ	gebhi	ga	ADJ	dcs:693535_1	12	0
ghoṇam	ghonam	ghoṇā	NOUN	dcs:478244	12	0
indhanā	indhanā	indhana	NOUN	dcs:60717	12	0
kasyā	kasyā	ka	PRON	dcs:640167	12	0
keśāṁ	keśām	keśa	NOUN	dcs:640715_1	12	0
klom	klom	kloman	NOUN	dcs:76304	12	0
kūśmāṇḍyaḥ	kūśmānḍya	kūṣmāṇḍa	NOUN	dcs:520428	12	0
kṛśaram	kṛśaram	kṛsara	NOUN	dcs:70944	12	0
lokataḥ	lokata	loka	NOUN	dcs:526739	12	0
lom	lom	loman	NOUN	dcs:76372	12	0
līlaḥ	līla	līlā	NOUN	dcs:87397	12	0
mittreṇa	mittrena	mitra	NOUN	dcs:619487	12	0
muhaḥ	muha	muh	ADJ	dcs:646176	12	0
mānuṣāsaḥ	mānuṣāsa	mānuṣa	NOUN	dcs:648263_1	12	0
mṛḍīkām	mṛḍīkām	mṛḍīka	NOUN	dcs:670489	12	0
naiṣṭhikām	naiṣṭhikām	naiṣṭhika	ADJ	dcs:586416	12	0
nimittataḥ	nimittata	nimitta	NOUN	dcs:643473	12	0
nissālām	nissālām	niḥsāla	ADJ	dcs:70271	12	0
parimāṇataḥ	parimānata	parimāṇa	NOUN	dcs:643758	12	0
pañcamām	pancamām	pañcama	ADJ	dcs:473099	12	0
pradānā	pradānā	pradāna	NOUN	dcs:70072	12	0
prasaṅgataḥ	prasangata	prasaṅga	NOUN	dcs:93030	12	0
pratisāraṇā	pratisāranā	pratisāraṇa	NOUN	dcs:67850	12	0
pratnāsaḥ	pratnāsa	pratna	ADJ	dcs:641615	12	0
preyān	preyān	preyas	ADJ	dcs:102865	12	0
prācīnabarhīḥ	prācīnabarhī	prācīnabarhis	NOUN	dcs:590237	12	0
prātassavanasya	prātassavanasya	prātaḥsavana	NOUN	dcs:709721	12	0
puvaḥ	puva	pū	NOUN	dcs:552508	12	0
pākavān	pākavān	pākavat	ADJ	dcs:31628	12	0
pāvanām	pāvanām	pāvana	ADJ	dcs:368626	12	0
pṛṣan	pṛṣan	pṛṣat	ADJ	dcs:699167_1	12	0
rathakāni	rathakāni	rathaka	NOUN	dcs:721906	12	0
rodhasam	rodhasam	rodhas	NOUN	dcs:521544	12	0
sakthim	sakthim	sakthi	NOUN	dcs:465714	12	0
sindhūṃr	sindhūnr	sindhu	NOUN	dcs:70170	12	0
snuṣaḥ	snuṣa	snuṣā	NOUN	dcs:765919	12	0
sopānāḥ	sopānā	sopāna	NOUN	dcs:93170	12	0
sudhiyaḥ	sudhiya	sudhī	ADJ	dcs:572916	12	0
svarūpataḥ	svarūpata	svarūpa	NOUN	dcs:89517	12	0
svarṣātā	svarṣātā	svarṣāti	NOUN	dcs:594687	12	0
sālva	sālva	śālva	NOUN	dcs:552979	12	0
sūrpeṇa	sūrpena	śūrpa	NOUN	dcs:772553	12	0
tattvā	tattvā	tattva	NOUN	dcs:92684	12	0
tavīyān	tavīyān	tavīyas	ADJ	dcs:647532	12	0
tmane	tmane	tman	NOUN	dcs:594224	12	0
tricaṃ	tricam	tṛca	NOUN	dcs:752796	12	0
trikaṭuṃ	trikaṭum	trikaṭu	NOUN	dcs:427689	12	0
tvāvāṁ	tvāvām	tvāvat	ADJ	dcs:593498	12	0
ubhayāsaḥ	ubhayāsa	ubhaya	ADJ	dcs:593140	12	0
ucchrayām	ucchrayām	ucchraya	NOUN	dcs:155218	12	0
udarām	udarām	udara	NOUN	dcs:176974	12	0
udāsām	udāsām	udāsa	NOUN	dcs:660461	12	0
upaniṣadān	upaniṣadān	upaniṣada	NOUN	dcs:158668	12	0
uttarīyām	uttarīyām	uttarīya	NOUN	dcs:488708	12	0
vetanāḥ	vetanā	vetana	NOUN	dcs:464285	12	0
vidradhīn	vidradhīn	vidradhi	NOUN	dcs:27936	12	0
vikārāṇi	vikārāni	vikāra	NOUN	dcs:90269	12	0
vyatham	vyatham	vyathā	NOUN	dcs:30055	12	0
vyavahārataḥ	vyavahārata	vyavahāra	NOUN	dcs:558221	12	0
vārṣikāyām	vārṣikāyām	vārṣika	ADJ	dcs:198033	12	0
vṛjanā	vṛjanā	vṛjana	NOUN	dcs:660977	12	0
ākhyāni	ākhyāni	ākhyā	NOUN	dcs:29171	12	0
āparāhṇikībhyāṃ	āparāhnikībhyām	āparāhṇika	ADJ	dcs:670838	12	0
ārohām	ārohām	āroha	NOUN	dcs:95136	12	0
āyatanābhiḥ	āyatanābhi	āyatana	NOUN	dcs:650048_1	12	0
śmaśravaḥ	śmaśrava	śmaśru	NOUN	dcs:582192	12	0
śruvaḥ	śruva	śru	NOUN	dcs:551763	12	0
ṣīṃ	ṣīm	sīm	ADV	dcs:593818	12	0
adabdhāsaḥ	adabdhāsa	adabdha	ADJ	dcs:436184	11	0
apsarām	apsarām	apsaras	NOUN	dcs:634944_1	11	0
aṣṭāpadīm	aṣṭāpadīm	aṣṭāpada	ADJ	dcs:749145	11	0
bhānvaḥ	bhānva	bhānu	NOUN	dcs:484707	11	0
brahmata	brahmata	brahman	NOUN	dcs:687570	11	0
ekaikataḥ	ekaikata	ekaika	PRON	dcs:529755	11	0
etaśebhiḥ	etaśebhi	etaśa	NOUN	dcs:670590	11	0
havyebhiḥ	havyebhi	havya	NOUN	dcs:595038	11	0
iṣas	iṣas	iṣ	NOUN	dcs:671328	11	0
khalvoḥ	khalvo	khalu	NOUN	dcs:552707	11	0
kārtikyāṃ	kārtikyām	kārttikī	NOUN	dcs:583439	11	0
lombhyaḥ	lombhya	loman	NOUN	dcs:556303_1	11	0
madāsaḥ	madāsa	mada	NOUN	dcs:651835	11	0
man	man	mad	PRON	dcs:649981	11	0
pitvaḥ	pitva	pitu	NOUN	dcs:637395	11	0
pramātri	pramātri	pramātṛ	ADJ	dcs:49190	11	0
prayogataḥ	prayogata	prayoga	NOUN	dcs:438578	11	0
prādhānyataḥ	prādhānyata	prādhānya	NOUN	dcs:89363	11	0
pṛṣṭhān	pṛṣṭhān	pṛṣṭha	NOUN	dcs:622671	11	0
sakthyau	sakthyau	sakthi	NOUN	dcs:635788	11	0
samasmāt	samasmāt	sama	PRON	dcs:676436	11	0
satreṇa	satrena	sattra	NOUN	dcs:639798	11	0
svāyai	svāyai	sva	ADJ	dcs:701558_1	11	0
ubhayānām	ubhayānām	ubhaya	ADJ	dcs:90138	11	0
vārebhiḥ	vārebhi	vāra	NOUN	dcs:594837	11	0
ādityebhiḥ	ādityebhi	āditya	NOUN	dcs:648719	11	0
āhutībhiḥ	āhutībhi	āhuti	NOUN	dcs:435743	11	0
śāḍvalaṃ	śāḍvalam	śādvala	NOUN	dcs:435345	11	0
ṛṣabhāsa	ṛṣabhāsa	ṛṣabha	NOUN	dcs:647631	11	0
abhidhānāyām	abhidhānāyām	abhidhāna	NOUN	dcs:629770	10	0
abhyanujñaḥ	abhyanujna	abhyanujñā	NOUN	dcs:477495	10	0
adita	adita	aditi	NOUN	dcs:731783	10	1
antrā	antrā	antra	NOUN	dcs:93150	10	0
anulomanām	anulomanām	anulomana	ADJ	dcs:27693	10	0
anusāriṇya	anusārinya	anusārin	ADJ	dcs:708925	10	0
aparavaktram	aparavaktram	aparavaktrā	NOUN	dcs:629598	10	0
asmākāsaḥ	asmākāsa	asmāka	ADJ	dcs:647493	10	0
avabhāsāni	avabhāsāni	avabhāsa	NOUN	dcs:61618	10	0
aṇīyāṃsam	anīyānsam	aṇīyas	ADJ	dcs:727417_1	10	0
balataḥ	balata	bala	NOUN	dcs:30630	10	0
bhiyaṃ	bhiyam	bhī	NOUN	dcs:649027	10	0
bhāmāsaḥ	bhāmāsa	bhāma	NOUN	dcs:659806_1	10	0
biḍa	biḍa	viḍa	NOUN	dcs:465294	10	0
bṛhannaḍāṃ	bṛhannaḍām	bṛhannaḍa	NOUN	dcs:212535	10	0
chatreṇa	chatrena	chattra	NOUN	dcs:769831	10	0
chāṇakāni	chānakāni	chāṇaka	NOUN	dcs:100514	10	0
citikam	citikam	citikā	NOUN	dcs:756339	10	0
cātanīḥ	cātanī	cātana	ADJ	dcs:647928	10	0
devayuvam	devayuvam	devayu	ADJ	dcs:714738	10	0
dhruvāsaḥ	dhruvāsa	dhruva	ADJ	dcs:636282	10	0
durgahā	durgahā	durgaha	NOUN	dcs:598311	10	0
duṣvapnyāt	duṣvapnyāt	duḥṣvapnya	NOUN	dcs:634469	10	0
ekataraṃ	ekataram	ekatara	ADJ	dcs:352955	10	0
gauryam	gauryam	gaurī	NOUN	dcs:424913	10	0
ghoṇaḥ	ghona	ghoṇā	NOUN	dcs:478235	10	0
grāvāṇā	grāvānā	grāvan	NOUN	dcs:650333_1	10	0
gāyatriyai	gāyatriyai	gāyatrī	NOUN	dcs:701920_1	10	0
hastāsaḥ	hastāsa	hasta	NOUN	dcs:688872_1	10	0
hrasīyasam	hrasīyasam	hrasīyas	ADJ	dcs:43245	10	0
ic	ic	id	PART	dcs:647788	10	0
itihāsāni	itihāsāni	itihāsa	NOUN	dcs:87219	10	0
iṣṭakaiḥ	iṣṭakai	iṣṭakā	NOUN	dcs:657355	10	0
jyotiṣ	jyotiṣ	jyotis	NOUN	dcs:647755	10	0
jāmātāram	jāmātāram	jāmātṛ	NOUN	dcs:577669	10	0
jātīni	jātīni	jāti	NOUN	dcs:229377	10	0
karaṭāmukhāḥ	karaṭāmukhā	karaṭāmukha	NOUN	dcs:213733	10	0
keki	keki	kekin	NOUN	dcs:589938	10	0
krayaṇāḥ	krayanā	krayaṇa	ADJ	dcs:670652	10	0
kālima	kālima	kāliman	NOUN	dcs:381928	10	0
kīdṛṅ	kīdṛn	kīdṛś	ADJ	dcs:524686	10	0
kṣayaṇīḥ	kṣayanī	kṣayaṇa	ADJ	dcs:70416	10	0
maghavānā	maghavānā	maghavan	ADJ	dcs:595648	10	0
maraṇāḥ	maranā	maraṇa	NOUN	dcs:527290	10	0
mūrdhataḥ	mūrdhata	mūrdhan	NOUN	dcs:638721	10	0
nidrasya	nidrasya	nidrā	NOUN	dcs:521109	10	0
niścayām	niścayām	niścaya	NOUN	dcs:630685	10	0
niṣyandaḥ	niṣyanda	nisyanda	NOUN	dcs:643425	10	0
padayā	padayā	pada	NOUN	dcs:652421	10	0
padāsu	padāsu	pada	NOUN	dcs:662501	10	0
paridhīṃr	paridhīnr	paridhi	NOUN	dcs:566389	10	0
parikham	parikham	parikhā	NOUN	dcs:667840	10	0
pariṇā	parinā	pari	NOUN	dcs:551917	10	0
parvāṇam	parvānam	parvan	NOUN	dcs:691909	10	0
patniyai	patniyai	patnī	NOUN	dcs:728617	10	0
patrī	patrī	pattrin	NOUN	dcs:76114	10	0
patākāni	patākāni	patākā	NOUN	dcs:767443	10	0
paśve	paśve	paśu	NOUN	dcs:696828	10	0
pippalīkam	pippalīkam	pippalīkā	NOUN	dcs:33508	10	0
pratimau	pratimau	pratimā	NOUN	dcs:248308	10	0
pratyakṣataḥ	pratyakṣata	pratyakṣatas	ADV	dcs:464207	10	0
pravāhikam	pravāhikam	pravāhikā	NOUN	dcs:31555	10	0
pravāhikaḥ	pravāhika	pravāhikā	NOUN	dcs:30691	10	0
punarnavebhiḥ	punarnavebhi	punarnavā	NOUN	dcs:30108	10	0
retasau	retasau	retas	NOUN	dcs:684939	10	0
sadṛṅṅ	sadṛnn	sadṛś	ADJ	dcs:540691	10	0
sahīyāṃsam	sahīyānsam	sahīyas	ADJ	dcs:641259_1	10	0
sakthyoḥ	sakthyo	sakthi	NOUN	dcs:553957	10	0
sami	sami	sam	ADP	dcs:552332	10	0
sasmin	sasmin	tad	PRON	dcs:593020	10	0
saṃjñikam	sanjnikam	saṃjñikā	NOUN	dcs:328615	10	0
saṃśrayāṇi	sanśrayāni	saṃśraya	NOUN	dcs:63570	10	0
sraktinā	sraktinā	srakti	NOUN	dcs:728732	10	0
svebhiḥ	svebhi	sva	ADJ	dcs:636872_1	10	0
svātma	svātma	svātman	NOUN	dcs:90335	10	0
tandrīṃ	tandrīm	tandrā	NOUN	dcs:90441	10	0
trāmā	trāmā	trāman	NOUN	dcs:641694	10	0
tāmasām	tāmasām	tāmasa	ADJ	dcs:579083	10	0
udayām	udayām	udaya	NOUN	dcs:39503	10	0
ugrataḥ	ugrata	ugra	NOUN	dcs:437162	10	0
upadha	upadha	upadhā	NOUN	dcs:552310	10	0
uttarīyāḥ	uttarīyā	uttarīya	NOUN	dcs:67729	10	0
vadanau	vadanau	vadana	NOUN	dcs:656932	10	0
vartmānam	vartmānam	vartman	NOUN	dcs:635030	10	0
vikriyam	vikriyam	vikriyā	NOUN	dcs:88786	10	0
viṣṇavi	viṣnavi	viṣṇu	NOUN	dcs:726830	10	0
voḍhāram	voḍhāram	voḍhṛ	NOUN	dcs:202316	10	0
vāsasau	vāsasau	vāsas	NOUN	dcs:93794	10	0
yauvanau	yauvanau	yauvana	NOUN	dcs:626988	10	0
yāvāṇā	yāvānā	yāvan	NOUN	dcs:713770	10	0
ābharaṇau	ābharanau	ābharaṇa	NOUN	dcs:215874	10	0
ādhārāṇi	ādhārāni	ādhāra	NOUN	dcs:450691	10	0
āgasam	āgasam	āgas	NOUN	dcs:177694	10	0
ākhyebhyaḥ	ākhyebhya	ākhyā	NOUN	dcs:553228	10	0
śriyau	śriyau	śrī	NOUN	dcs:64235	10	0
śīrṣāṇaḥ	śīrṣāna	śīrṣan	NOUN	dcs:748650_1	10	0
achidrayā	achidrayā	acchidra	ADJ	dcs:687546	9	0
adabdhebhiḥ	adabdhebhi	adabdha	ADJ	dcs:641281_1	9	0
ahobhyāṃ	ahobhyām	ahar	NOUN	dcs:590182	9	0
ajarebhiḥ	ajarebhi	ajara	ADJ	dcs:687715	9	0
asthnā	asthnā	asthi	NOUN	dcs:647292	9	0
ayasmayām	ayasmayām	ayasmaya	ADJ	dcs:200345	9	0
balīyāḥ	balīyā	balīyas	ADJ	dcs:464128_1	9	0
balīyāṃsaḥ	balīyānsa	balīyas	ADJ	dcs:650358_2	9	0
bhāllabeyaḥ	bhāllabeya	bhāllaveya	NOUN	dcs:663089	9	0
brāhmaṇāsaḥ	brāhmanāsa	brāhmaṇa	NOUN	dcs:519854	9	0
caturthām	caturthām	caturtha	ADJ	dcs:43244	9	0
dehataḥ	dehata	deha	NOUN	dcs:94394	9	0
dyauṣ	dyauṣ	div	NOUN	dcs:646216	9	0
hīnataḥ	hīnata	hīna	ADJ	dcs:166991	9	0
itarāya	itarāya	itara	PRON	dcs:96702	9	0
jānuvoḥ	jānuvo	jānu	NOUN	dcs:518655_1	9	0
lobhataḥ	lobhata	lobha	NOUN	dcs:653675	9	0
maghono	maghono	maghavan	ADJ	dcs:641408	9	0
mahīyān	mahīyān	mahīyas	ADJ	dcs:95989	9	0
matsarāsaḥ	matsarāsa	matsara	ADJ	dcs:592056_2	9	0
mānavām	mānavām	mānava	ADJ	dcs:91478	9	0
mūrcchayā	mūrcchayā	mūrchā	NOUN	dcs:642286	9	0
nañaḥ	nana	nañ	NOUN	dcs:553907	9	0
omāsaḥ	omāsa	oma	NOUN	dcs:748691	9	0
parasparataḥ	parasparata	paraspara	PRON	dcs:464318	9	0
patreṣu	patreṣu	pattra	NOUN	dcs:65047	9	0
patriṇāṃ	patrinām	pattrin	NOUN	dcs:359367	9	0
pañcamāyām	pancamāyām	pañcama	ADJ	dcs:472867_1	9	0
putrataḥ	putrata	putra	NOUN	dcs:644215	9	0
pṛkṣāsaḥ	pṛkṣāsa	pṛkṣa	ADJ	dcs:596773	9	0
rājbhyaḥ	rājbhya	rājan	NOUN	dcs:527496	9	0
satriṇaḥ	satrina	sattrin	NOUN	dcs:651507	9	0
saṃvvatsaram	sanvvatsaram	saṃvatsara	NOUN	dcs:565235_6	9	0
svasa	svasa	svasṛ	NOUN	dcs:636584	9	0
svatavadbhyaḥ	svatavadbhya	svatavas	ADJ	dcs:673521	9	0
sālvaṃ	sālvam	śālva	NOUN	dcs:761263	9	0
tado	tado	tad	NOUN	dcs:553736	9	0
tanuve	tanuve	tanū	NOUN	dcs:389843	9	0
varīyāḥ	varīyā	varīyas	ADJ	dcs:529687	9	0
vārtayā	vārtayā	vārttā	NOUN	dcs:89112	9	0
yūnoḥ	yūno	yuvan	NOUN	dcs:619285	9	0
ūrmā	ūrmā	ūrmi	NOUN	dcs:592372	9	0
ṛtāṣāh	ṛtāṣāh	ṛtāṣah	ADJ	dcs:424844_1	9	0
ṛṣvebhiḥ	ṛṣvebhi	ṛṣva	ADJ	dcs:592402	9	0
abhiṣekām	abhiṣekām	abhiṣeka	NOUN	dcs:568404	8	0
achidraḥ	achidra	acchidra	ADJ	dcs:650909	8	0
achidrā	achidrā	acchidra	ADJ	dcs:650909	8	0
adasaḥ	adasa	adas	NOUN	dcs:551568	8	0
agnīṃr	agnīnr	agni	NOUN	dcs:650172_1	8	0
agruvai	agruvai	agrū	NOUN	dcs:649245	8	0
ahobhya	ahobhya	ahar	NOUN	dcs:698124	8	0
ajrāṁ	ajrām	ajra	NOUN	dcs:597931	8	0
ambhasam	ambhasam	ambhas	NOUN	dcs:521848	8	0
antarātma	antarātma	antarātman	NOUN	dcs:584351	8	0
antaḥpurāḥ	antaḥpurā	antaḥpura	NOUN	dcs:324388	8	0
anulepanām	anulepanām	anulepana	NOUN	dcs:484367	8	0
anupānāḥ	anupānā	anupāna	NOUN	dcs:33360	8	0
anuvāsanān	anuvāsanān	anuvāsana	NOUN	dcs:35791	8	0
apadānāḥ	apadānā	apadāna	NOUN	dcs:183526	8	0
asmākebhiḥ	asmākebhi	asmāka	ADJ	dcs:593889	8	0
atyayataḥ	atyayata	atyaya	NOUN	dcs:653129	8	0
aṃśukām	anśukām	aṃśuka	NOUN	dcs:574904	8	0
aṅkurāṇi	ankurāni	aṅkura	NOUN	dcs:619882	8	0
aṣṭacatvāriṃśatī	aṣṭacatvārinśatī	aṣṭacatvāriṃśat	NUM	dcs:58302	8	0
aṭṭahāsinīm	aṭṭahāsinīm	aṭṭahāsin	ADJ	dcs:761723	8	0
bandhuni	bandhuni	bandhu	NOUN	dcs:553845	8	0
bhiṣaṅmātrī	bhiṣanmātrī	bhiṣaṅmātṛ	NOUN	dcs:437873	8	0
bubhukṣaḥ	bubhukṣa	bubhukṣā	NOUN	dcs:27721	8	0
camasāṁ	camasām	camasa	NOUN	dcs:595141_2	8	0
caturthāyām	caturthāyām	caturtha	ADJ	dcs:464587	8	0
cintaḥ	cinta	cintā	NOUN	dcs:556218	8	0
daṃsāḥ	dansā	daṃsas	NOUN	dcs:593193	8	0
dāraṇām	dāranām	dāraṇa	ADJ	dcs:580615	8	0
ekasyai	ekasyai	eka	NUM	dcs:651146	8	0
ekādaśāsaḥ	ekādaśāsa	ekādaśa	ADJ	dcs:697343_2	8	0
eṇas	enas	eṇa	NOUN	dcs:43982	8	0
eṣṭrī	eṣṭrī	eṣṭṛ	ADJ	dcs:727961	8	0
gantārā	gantārā	gantṛ	ADJ	dcs:592100	8	0
gomāṁ	gomām	gomat	ADJ	dcs:701228	8	0
hvaḥ	hva	hvā	NOUN	dcs:551734	8	0
jyeṣṭhasām	jyeṣṭhasām	jyeṣṭhasāman	NOUN	dcs:543367	8	0
jyeṣṭhebhiḥ	jyeṣṭhebhi	jyeṣṭha	ADJ	dcs:595388	8	0
jātīn	jātīn	jāti	NOUN	dcs:180376	8	0
kalaṅkām	kalankām	kalaṅka	NOUN	dcs:577871	8	0
kathaiḥ	kathai	kathā	NOUN	dcs:477824	8	0
kautūhalāḥ	kautūhalā	kautūhala	NOUN	dcs:531869	8	0
kimaḥ	kima	kim	NOUN	dcs:553618	8	0
kramataḥ	kramata	kramatas	ADV	dcs:589976	8	0
kratumāṁ	kratumām	kratumat	ADJ	dcs:593203	8	0
kratvaḥ	kratva	kratu	NOUN	dcs:716538	8	0
kuṭumbi	kuṭumbi	kuṭumbin	NOUN	dcs:522498	8	0
kālataḥ	kālata	kālatas	ADV	dcs:614319	8	0
kūlān	kūlān	kūla	NOUN	dcs:646501	8	0
laghima	laghima	laghiman	NOUN	dcs:385250	8	0
lasīkāni	lasīkāni	lasīkā	NOUN	dcs:61618	8	0
lataḥ	lata	latā	NOUN	dcs:486201	8	0
lepayā	lepayā	lepa	NOUN	dcs:329223	8	0
majjanoḥ	majjano	majjan	NOUN	dcs:43199	8	0
marmāṇaḥ	marmāna	marman	NOUN	dcs:232534	8	0
martāṁ	martām	marta	NOUN	dcs:637363	8	0
mūrdhnīḥ	mūrdhnī	mūrdhan	NOUN	dcs:637664_2	8	0
mṛttikam	mṛttikam	mṛttikā	NOUN	dcs:763175	8	0
navyasīṃ	navyasīm	navyas	ADJ	dcs:651690	8	0
nidram	nidram	nidrā	NOUN	dcs:37636	8	0
nirodhikā	nirodhikā	nirodhaka	ADJ	dcs:644911	8	0
niviḍa	niviḍa	nibiḍa	ADJ	dcs:365835	8	0
niyutvāṁ	niyutvām	niyutvat	ADJ	dcs:650809	8	0
nyāyāni	nyāyāni	nyāya	NOUN	dcs:726955_1	8	0
nābhitaḥ	nābhita	nābhi	NOUN	dcs:32331	8	0
nāmakām	nāmakām	nāmaka	ADJ	dcs:78685	8	0
nāmsu	nāmsu	nāman	NOUN	dcs:549766	8	0
odanām	odanām	odana	NOUN	dcs:638912	8	0
parijmānam	parijmānam	parijman	ADJ	dcs:592156_1	8	0
patiyoḥ	patiyo	pati	NOUN	dcs:522095	8	0
patniyā	patniyā	patnī	NOUN	dcs:706498	8	0
patrabhaṅga	patrabhanga	pattrabhaṅga	NOUN	dcs:629543	8	0
pittān	pittān	pitta	NOUN	dcs:27394	8	0
pittāḥ	pittā	pitta	NOUN	dcs:31431	8	0
prahāvarīḥ	prahāvarī	prahāvat	ADJ	dcs:736167	8	0
pramātāraṃ	pramātāram	pramātṛ	ADJ	dcs:45084	8	0
pratikriyaḥ	pratikriya	pratikriyā	NOUN	dcs:520959	8	0
praśaṃsaḥ	praśansa	praśaṃsā	NOUN	dcs:564382	8	0
praṇidhānāḥ	pranidhānā	praṇidhāna	NOUN	dcs:723801	8	0
preyāḥ	preyā	preyas	ADJ	dcs:102865	8	0
pruṣaḥ	pruṣa	pruṣ	ADJ	dcs:718068	8	0
punaryuvā	punaryuvā	punaryuvan	ADJ	dcs:64462	8	0
purolāśeṣu	purolāśeṣu	puroḍāśa	NOUN	dcs:697127_1	8	0
pāṣāṇabhedi	pāṣānabhedi	pāṣāṇabhedin	NOUN	dcs:434441	8	0
pūrvebhiḥ	pūrvebhi	pūrva	PRON	dcs:470086	8	0
pṛśniyai	pṛśniyai	pṛśni	NOUN	dcs:672013	8	0
pṛṣṭhau	pṛṣṭhau	pṛṣṭha	NOUN	dcs:528801	8	0
raghudruvaḥ	raghudruva	raghudru	ADJ	dcs:684876	8	0
rajasas	rajasas	rajas	NOUN	dcs:465	8	0
rakṣitrī	rakṣitrī	rakṣitṛ	ADJ	dcs:648436	8	0
ratīn	ratīn	rati	NOUN	dcs:641953	8	0
raśanam	raśanam	raśanā	NOUN	dcs:670067_1	8	0
reṣma	reṣma	reṣman	NOUN	dcs:649241	8	0
rodhas	rodhas	rodha	NOUN	dcs:31867	8	0
rudhaḥ	rudha	rudh	NOUN	dcs:552239	8	1
rājikebhiḥ	rājikebhi	rājikā	NOUN	dcs:328437	8	0
rātriyai	rātriyai	rātri	NOUN	dcs:718835_1	8	0
rūpataḥ	rūpata	rūpa	NOUN	dcs:94560	8	0
sanoḥ	sano	san	NOUN	dcs:551796	8	0
saptamām	saptamām	saptama	ADJ	dcs:63705	8	0
sarparājñiyā	sarparājniyā	sarparājñī	NOUN	dcs:719446	8	0
satrasya	satrasya	sattra	NOUN	dcs:574482	8	0
saṃhārāṇi	sanhārāni	saṃhāra	NOUN	dcs:658602	8	0
saṃrādhanyai	sanrādhanyai	saṃrādhana	ADJ	dcs:434884	8	0
saṃrājaṃ	sanrājam	samrāj	NOUN	dcs:437180	8	0
sme	sme	sma	NOUN	dcs:552443	8	0
smṛtinā	smṛtinā	smṛti	NOUN	dcs:645086	8	0
srotasam	srotasam	srotas	NOUN	dcs:629604	8	0
svagākṛtyai	svagākṛtyai	svagākṛti	NOUN	dcs:718788_1	8	0
sāhīm	sāhīm	sah	ADJ	dcs:669477_1	8	0
sītam	sītam	sītā	NOUN	dcs:737940	8	0
sītaḥ	sīta	sītā	NOUN	dcs:484278	8	0
tanutrāṇāḥ	tanutrānā	tanutrāṇa	NOUN	dcs:172648	8	0
tvotāsaḥ	tvotāsa	tvota	ADJ	dcs:591907	8	0
tṛṣvīm	tṛṣvīm	tṛṣu	ADJ	dcs:648919	8	0
tṛṣṇasya	tṛṣnasya	tṛṣṇā	NOUN	dcs:478693	8	0
udarkāṇi	udarkāni	udarka	NOUN	dcs:97158	8	0
ukthāyuvaṃ	ukthāyuvam	ukthāyu	ADJ	dcs:671852	8	0
unmukhām	unmukhām	unmukha	ADJ	dcs:617838	8	0
upacārām	upacārām	upacāra	NOUN	dcs:58825	8	0
upadham	upadham	upadhā	NOUN	dcs:530284	8	0
upadhasya	upadhasya	upadhā	NOUN	dcs:554055	8	0
upadohām	upadohām	upadoha	NOUN	dcs:308921	8	0
upakaraṇāḥ	upakaranā	upakaraṇa	NOUN	dcs:194594	8	0
upāt	upāt	upa	NOUN	dcs:551729	8	0
us	us	ṛ	NOUN	dcs:551607	8	0
utpādikaḥ	utpādika	utpādikā	NOUN	dcs:464793	8	0
vaiṇavām	vainavām	vaiṇava	ADJ	dcs:458105	8	0
vakṣassu	vakṣassu	vakṣas	NOUN	dcs:593230_2	8	0
varpasam	varpasam	varpas	NOUN	dcs:633193_1	8	0
vasīyāṃsam	vasīyānsam	vasīyas	ADJ	dcs:705022	8	0
vaṃśām	vanśām	vaṃśa	NOUN	dcs:123339	8	0
vibhvīḥ	vibhvī	vibhu	ADJ	dcs:641711	8	0
vidhṛtībhyāṃ	vidhṛtībhyām	vidhṛti	NOUN	dcs:670707	8	0
vijñānau	vijnānau	vijñāna	NOUN	dcs:528842	8	0
vyāyāmām	vyāyāmām	vyāyāma	NOUN	dcs:747517_1	8	0
vāriṇas	vārinas	vāri	NOUN	dcs:75570	8	0
vṛkye	vṛkye	vṛkī	NOUN	dcs:594277	8	0
yaknaḥ	yakna	yakṛt	NOUN	dcs:647177	8	0
yugān	yugān	yuga	NOUN	dcs:245711	8	0
yānapātrāḥ	yānapātrā	yānapātra	NOUN	dcs:653649	8	0
yātraḥ	yātra	yātrā	NOUN	dcs:655508	8	0
yūnā	yūnā	yuvan	NOUN	dcs:551696	8	0
āgnāvaiṣṇavyā	āgnāvaiṣnavyā	āgnāvaiṣṇava	ADJ	dcs:672343	8	0
āgnāvaiṣṇavīṃ	āgnāvaiṣnavīm	āgnāvaiṣṇava	ADJ	dcs:727912	8	0
ālambanāḥ	ālambanā	ālambana	NOUN	dcs:479338	8	0
ārambhaṇān	ārambhanān	ārambhaṇa	NOUN	dcs:756144	8	0
ārāmām	ārāmām	ārāma	NOUN	dcs:573202	8	0
ātapataḥ	ātapata	ātapa	NOUN	dcs:671171	8	0
ātmakāyām	ātmakāyām	ātmaka	ADJ	dcs:375958	8	0
āyatanām	āyatanām	āyatana	NOUN	dcs:663854	8	0
āśayām	āśayām	āśaya	NOUN	dcs:529201	8	0
śarīrataḥ	śarīrata	śarīra	NOUN	dcs:528331	8	0
śirojāḥ	śirojā	śiroja	NOUN	dcs:467756	8	0
śrotāpatti	śrotāpatti	srotaāpatti	NOUN	dcs:655644	8	0
śūrasātā	śūrasātā	śūrasāti	NOUN	dcs:592475	8	0
ūdhabhiḥ	ūdhabhi	ūdhas	NOUN	dcs:596484_1	8	0
ṣaṭpañcāśatī	ṣaṭpancāśatī	ṣaṭpañcāśat	NOUN	dcs:30192	8	0
ajñānataḥ	ajnānata	ajñāna	NOUN	dcs:353283	7	0
anvayām	anvayām	anvaya	NOUN	dcs:574735	7	1
apsarāsu	apsarāsu	apsaras	NOUN	dcs:633505	7	0
ariṣṭebhiḥ	ariṣṭebhi	ariṣṭa	ADJ	dcs:650341_1	7	0
asadṛśām	asadṛśām	asadṛśa	ADJ	dcs:176650	7	0
asthinas	asthinas	asthi	NOUN	dcs:33000	7	0
asthnaḥ	asthna	asthi	NOUN	dcs:647296	7	0
bhasattaḥ	bhasatta	bhasad	NOUN	dcs:727882	7	0
bhūmanaḥ	bhūmana	bhūman	NOUN	dcs:601977	7	0
dānavām	dānavām	dānava	ADJ	dcs:201314	7	0
haṃsāsaḥ	hansāsa	haṃsa	NOUN	dcs:596484_1	7	0
homadhenvaḥ	homadhenva	homadhenu	NOUN	dcs:581033	7	0
idamaḥ	idama	idam	NOUN	dcs:552122	7	0
idhmapravraścanāni	idhmapravraścanāni	idhmapravraścana	NOUN	dcs:669707	7	0
jaghanataḥ	jaghanata	jaghanatas	ADV	dcs:91405	7	0
jyeṣṭhāsaḥ	jyeṣṭhāsa	jyeṣṭha	ADJ	dcs:600130_1	7	0
jyāyasīṃ	jyāyasīm	jyāyas	ADJ	dcs:489406	7	0
jāmātāraḥ	jāmātāra	jāmātṛ	NOUN	dcs:540549	7	0
jātitaḥ	jātita	jāti	NOUN	dcs:331347	7	0
khaśāḥ	khaśā	khasa	NOUN	dcs:543937	7	0
kulastriyaḥ	kulastriya	kulastrī	NOUN	dcs:613432	7	0
kāmakārataḥ	kāmakārata	kāmakāra	NOUN	dcs:460221	7	0
kūśmāṇḍaiḥ	kūśmānḍai	kūṣmāṇḍa	NOUN	dcs:519136	7	0
medhyāsaḥ	medhyāsa	medhya	ADJ	dcs:634547	7	0
mittrāvasuḥ	mittrāvasu	mitrāvasu	NOUN	dcs:619282	7	0
mātṝr	mātṝr	mātṛ	NOUN	dcs:687791	7	0
mūrcchanāḥ	mūrcchanā	mūrchana	NOUN	dcs:642973	7	0
nīthāni	nīthāni	nītha	NOUN	dcs:650911	7	0
pittataḥ	pittata	pitta	NOUN	dcs:645853	7	0
prathamasyāḥ	prathamasyā	prathama	ADJ	dcs:635844_1	7	0
puṣyarāgaṃ	puṣyarāgam	puṣparāga	NOUN	dcs:18134	7	0
pāpīyasam	pāpīyasam	pāpīyas	ADJ	dcs:90631	7	0
pūlī	pūlī	pūla	NOUN	dcs:629789	7	0
rombhyaḥ	rombhya	roman	NOUN	dcs:540464	7	0
rudriyāsaḥ	rudriyāsa	rudriya	NOUN	dcs:592688	7	0
samakṣataḥ	samakṣata	samakṣa	ADJ	dcs:92963	7	0
satriṇām	satrinām	sattrin	NOUN	dcs:762067	7	0
saṃnipātataḥ	sannipātata	saṃnipāta	NOUN	dcs:645853	7	0
saṃvvatsaraḥ	sanvvatsara	saṃvatsara	NOUN	dcs:565192_2	7	0
svasārā	svasārā	svasṛ	NOUN	dcs:684956	7	0
sārataḥ	sārata	sāra	NOUN	dcs:331574	7	0
tṛtīyasyā	tṛtīyasyā	tṛtīya	ADJ	dcs:72490	7	0
uddeśataḥ	uddeśata	uddeśa	NOUN	dcs:560750	7	0
varīyāṃsam	varīyānsam	varīyas	ADJ	dcs:650879	7	0
vaḍavāmukhe	vaḍavāmukhe	vaḍabāmukha	NOUN	dcs:761645	7	0
vidūrataḥ	vidūrata	vidūra	ADJ	dcs:615545	7	0
vārdhuṣika	vārdhuṣika	vārddhuṣika	NOUN	dcs:630793	7	0
vāruṇām	vārunām	vāruṇa	ADJ	dcs:453293	7	0
yujau	yujau	yuj	ADJ	dcs:694629	7	0
yāj	yāj	yāt	ADV	dcs:648469	7	0
yātāraḥ	yātāra	yātṛ	ADJ	dcs:761409	7	0
ākārataḥ	ākārata	ākāra	NOUN	dcs:644775	7	0
ānupūrvā	ānupūrvā	ānupūrva	NOUN	dcs:76532	7	0
ānupūrvām	ānupūrvām	ānupūrva	NOUN	dcs:178481	7	0
āviṣ	āviṣ	āvis	ADV	dcs:684707	7	0
śaśvantā	śaśvantā	śaśvat	ADJ	dcs:749063	7	0
abhisaṃdhaḥ	abhisandha	abhisaṃdhā	NOUN	dcs:473373	6	0
abhisaṃdhena	abhisandhena	abhisaṃdhā	NOUN	dcs:188707	6	0
achidre	achidre	acchidra	ADJ	dcs:682765	6	0
achāvākīyām	achāvākīyām	acchāvākīyā	NOUN	dcs:650885	6	0
adhisthānena	adhisthānena	adhiṣṭhāna	NOUN	dcs:666781	6	0
adhiṣṭhātrī	adhiṣṭhātrī	adhiṣṭhātṛ	ADJ	dcs:560390	6	0
agnicityaḥ	agnicitya	agnicityā	NOUN	dcs:672599	6	0
agnīni	agnīni	agni	NOUN	dcs:488975	6	0
agrajanma	agrajanma	agrajanman	NOUN	dcs:76459	6	0
ahiphenau	ahiphenau	ahiphena	NOUN	dcs:356630	6	0
ahyaṃ	ahyam	ahī	ADJ	dcs:647671	6	1
amavāṁ	amavām	amavat	ADJ	dcs:716637	6	0
amūṣāṃ	amūṣām	adas	PRON	dcs:94230	6	0
anantavarma	anantavarma	anantavarman	NOUN	dcs:489384	6	0
anekeṣām	anekeṣām	aneka	PRON	dcs:489530	6	0
anubhāvayā	anubhāvayā	anubhāva	NOUN	dcs:613796	6	0
anukampam	anukampam	anukampā	NOUN	dcs:487945	6	0
anukampāya	anukampāya	anukampā	NOUN	dcs:525417	6	0
anulepanau	anulepanau	anulepana	NOUN	dcs:763328	6	0
anumānataḥ	anumānata	anumāna	NOUN	dcs:96835	6	0
anupānām	anupānām	anupāna	NOUN	dcs:35807	6	0
anusāriṇīm	anusārinīm	anusārin	ADJ	dcs:556869	6	0
anuttarasyāṃ	anuttarasyām	anuttara	ADJ	dcs:657825	6	0
anuśāsanā	anuśāsanā	anuśāsana	NOUN	dcs:570498	6	0
anyāyataḥ	anyāyata	anyāya	NOUN	dcs:759585	6	0
apekṣeṇa	apekṣena	apekṣā	NOUN	dcs:355184	6	0
apramāṇā	apramānā	apramāṇa	ADJ	dcs:644067	6	0
apsarābhyaḥ	apsarābhya	apsaras	NOUN	dcs:646177	6	0
apunaruktāḥ	apunaruktā	apunarukta	ADJ	dcs:85083	6	0
arddha	arddha	ardha	NOUN	dcs:687346	6	0
arthāyām	arthāyām	artha	NOUN	dcs:552523	6	0
asmattaḥ	asmatta	mad	PRON	dcs:625800	6	0
atyāsaḥ	atyāsa	atya	NOUN	dcs:602943_1	6	0
atīni	atīni	ati	ADJ	dcs:501818_1	6	0
avabhṛthāni	avabhṛthāni	avabhṛtha	NOUN	dcs:750121	6	0
avadānā	avadānā	avadāna	NOUN	dcs:689514	6	0
avajñaḥ	avajna	avajñā	NOUN	dcs:614712	6	0
avamasyām	avamasyām	avama	ADJ	dcs:594069	6	0
avitrī	avitrī	avitṛ	ADJ	dcs:596429	6	0
aviyoḥ	aviyo	avi	NOUN	dcs:14054	6	0
aśivāsaḥ	aśivāsa	aśiva	ADJ	dcs:565191_1	6	0
aśrasya	aśrasya	asra	NOUN	dcs:466652	6	0
aṃśikam	anśikam	aṃśikā	NOUN	dcs:156797	6	0
aṅkāni	ankāni	aṅka	NOUN	dcs:485736	6	0
balhikān	balhikān	balhika	NOUN	dcs:648483	6	0
bhagavāṁ	bhagavām	bhagavat	ADJ	dcs:647522	6	0
bharasam	bharasam	bharas	NOUN	dcs:749689	6	0
bharttāram	bharttāram	bhartṛ	NOUN	dcs:631599	6	0
bheṣajebhiḥ	bheṣajebhi	bheṣaja	NOUN	dcs:646918_2	6	0
bhramāsa	bhramāsa	bhrama	NOUN	dcs:683168	6	0
bhūmikaḥ	bhūmika	bhūmikā	NOUN	dcs:627406	6	0
bhūmn	bhūmn	bhūman	NOUN	dcs:89988	6	0
bhūṣam	bhūṣam	bhūṣā	NOUN	dcs:558438	6	0
bindukām	bindukām	binduka	NOUN	dcs:427465	6	0
bodhisatvaṃ	bodhisatvam	bodhisattva	NOUN	dcs:365006	6	0
brāhmaṇāchaṃsi	brāhmanāchansi	brāhmaṇācchaṃsin	NOUN	dcs:698260	6	0
buddhitaḥ	buddhita	buddhi	NOUN	dcs:616537	6	0
carmāṇam	carmānam	carman	NOUN	dcs:465719	6	0
caturviṃśatyāṃ	caturvinśatyām	caturviṃśati	NUM	dcs:677311	6	0
catuṣṣṭomaḥ	catuṣṣṭoma	catuṣṭoma	NOUN	dcs:737743	6	0
catvarām	catvarām	catvara	NOUN	dcs:88094	6	0
cihnau	cihnau	cihna	NOUN	dcs:544332	6	0
dakṣiṇebhiḥ	dakṣinebhi	dakṣiṇā	NOUN	dcs:169826	6	0
darbhapuṣpāḥ	darbhapuṣpā	darbhapuṣpa	NOUN	dcs:59907	6	0
darbhām	darbhām	darbha	NOUN	dcs:477830	6	0
darśayitrī	darśayitrī	darśayitṛ	ADJ	dcs:644904	6	0
daṃśmā	danśmā	daṃśman	NOUN	dcs:649440	6	0
dharima	dharima	dhariman	NOUN	dcs:81385	6	0
dhruvataḥ	dhruvata	dhruva	NOUN	dcs:436285	6	0
dhūmāni	dhūmāni	dhūma	NOUN	dcs:59376	6	0
dhṛṣṇav	dhṛṣnav	dhṛṣṇu	ADJ	dcs:592446	6	0
digantarā	digantarā	digantara	NOUN	dcs:359243	6	0
dogdhāraḥ	dogdhāra	dogdhṛ	ADJ	dcs:638968_1	6	0
drāghīyān	drāghīyān	drāghīyas	ADJ	dcs:727049	6	0
duhitṛtaḥ	duhitṛta	duhitṛ	NOUN	dcs:644543	6	0
durjanī	durjanī	durjana	ADJ	dcs:622485	6	0
dvijanmnaḥ	dvijanmna	dvijanman	NOUN	dcs:521633	6	0
dvitīyasyāḥ	dvitīyasyā	dvitīya	ADJ	dcs:626957	6	0
dīpām	dīpām	dīpa	NOUN	dcs:616577	6	0
ekatamena	ekatamena	ekatama	ADJ	dcs:444934	6	0
gandhahasti	gandhahasti	gandhahastin	NOUN	dcs:526382	6	0
ghṛtebhiḥ	ghṛtebhi	ghṛta	NOUN	dcs:648933	6	0
gmaḥ	gma	gam	NOUN	dcs:592338	6	0
gnāvas	gnāvas	gnāvat	ADJ	dcs:671481	6	0
granthyā	granthyā	granthi	NOUN	dcs:423315	6	0
grāmaṇye	grāmanye	grāmaṇī	ADJ	dcs:70392	6	0
gātrīm	gātrīm	gātra	ADJ	dcs:642101	6	0
harivāṁ	harivām	harivat	ADJ	dcs:650796	6	0
haviṣmas	haviṣmas	haviṣmat	ADJ	dcs:650354_1	6	0
havāsaḥ	havāsa	hava	NOUN	dcs:596820	6	0
hetukām	hetukām	hetuka	NOUN	dcs:468201	6	0
hetutaḥ	hetuta	hetu	NOUN	dcs:286271	6	0
hrasīyān	hrasīyān	hrasīyas	ADJ	dcs:491295	6	0
induvoḥ	induvo	indu	NOUN	dcs:590144	6	0
ivā	ivā	iva	PART	dcs:635964	6	0
iṣṭakam	iṣṭakam	iṣṭakā	NOUN	dcs:737857	6	0
janyāsa	janyāsa	janya	ADJ	dcs:660314	6	0
jrayasam	jrayasam	jrayas	NOUN	dcs:718076	6	0
jvarām	jvarām	jvara	NOUN	dcs:32178	6	0
jyotiṣas	jyotiṣas	jyotis	NOUN	dcs:647436	6	0
jāgṛvāṃsaḥ	jāgṛvānsa	jāgṛvas	ADJ	dcs:557328	6	1
kalatrāḥ	kalatrā	kalatra	NOUN	dcs:519153	6	0
kaliṅgasenātaḥ	kalingasenāta	kaliṅgasenā	NOUN	dcs:623096	6	0
kauśalāḥ	kauśalā	kauśala	NOUN	dcs:529157	6	0
ketanān	ketanān	ketana	NOUN	dcs:258433	6	0
kośāsa	kośāsa	kośa	NOUN	dcs:603609	6	0
kriyātaḥ	kriyāta	kriyā	NOUN	dcs:589900	6	0
kurīrā	kurīrā	kurīra	NOUN	dcs:716300_1	6	0
kuśikāsaḥ	kuśikāsa	kuśika	NOUN	dcs:597088	6	0
kābhiḥ	kābhi	ka	PRON	dcs:560542	6	0
kāryataḥ	kāryata	kāryatas	ADV	dcs:98970	6	0
kūpāni	kūpāni	kūpa	NOUN	dcs:455372	6	0
kūśmāṇḍāni	kūśmānḍāni	kūṣmāṇḍa	NOUN	dcs:436838	6	0
kṣatrāsaḥ	kṣatrāsa	kṣatra	NOUN	dcs:592142	6	0
kṣatrāḥ	kṣatrā	kṣatra	NOUN	dcs:337961	6	0
kṣaudrām	kṣaudrām	kṣaudra	NOUN	dcs:6690	6	0
leśataḥ	leśata	leśa	NOUN	dcs:44387	6	0
lāṅgūlāḥ	lāngūlā	lāṅgūla	NOUN	dcs:134878	6	0
madhuchandāḥ	madhuchandā	madhucchandas	NOUN	dcs:748676_1	6	0
madhuśarkaram	madhuśarkaram	madhuśarkarā	NOUN	dcs:33077	6	0
madhyamāsa	madhyamāsa	madhyama	ADJ	dcs:598481	6	0
madirāsaḥ	madirāsa	madira	ADJ	dcs:605840	6	0
mahiṣāṁ	mahiṣām	mahiṣa	NOUN	dcs:600887	6	0
mahātmnaḥ	mahātmna	mahātman	ADJ	dcs:472521	6	0
marakatāḥ	marakatā	marakata	NOUN	dcs:544736	6	0
marmāṇam	marmānam	marman	NOUN	dcs:250126	6	0
mitravarma	mitravarma	mitravarman	NOUN	dcs:525614	6	0
mittrasya	mittrasya	mitra	NOUN	dcs:615623	6	0
mittre	mittre	mitra	NOUN	dcs:619515	6	0
mradīyān	mradīyān	mradīyas	ADJ	dcs:773243	6	0
mustebhiḥ	mustebhi	mustā	NOUN	dcs:35708	6	0
mādhuchandasam	mādhuchandasam	mādhucchandasa	NOUN	dcs:748675_1	6	0
māmikām	māmikām	māmaka	ADJ	dcs:688335	6	0
māṃsataḥ	mānsata	māṃsa	NOUN	dcs:626016	6	0
mīḍhvāṁ	mīḍhvām	mīḍhvas	ADJ	dcs:592365	6	0
mṛttika	mṛttika	mṛttikā	NOUN	dcs:654735	6	0
mṛtyuvoḥ	mṛtyuvo	mṛtyu	NOUN	dcs:63275	6	0
naimittikām	naimittikām	naimittika	ADJ	dcs:558803	6	0
nakhām	nakhām	nakha	NOUN	dcs:670417	6	0
nakṣatrām	nakṣatrām	nakṣatra	NOUN	dcs:273145	6	0
navyasyā	navyasyā	navyas	ADJ	dcs:601014	6	0
navyasībhiḥ	navyasībhi	navyas	ADJ	dcs:651842	6	0
nideśataḥ	nideśata	nideśa	NOUN	dcs:619606	6	0
nirbandhataḥ	nirbandhata	nirbandha	NOUN	dcs:621282	6	0
nisargataḥ	nisargata	nisarga	NOUN	dcs:573065	6	0
niyaḥ	niya	nī	NOUN	dcs:551740	6	0
nāgarām	nāgarām	nāgara	NOUN	dcs:34651	6	0
nāmānau	nāmānau	nāman	NOUN	dcs:762341	6	0
nīlima	nīlima	nīliman	NOUN	dcs:487743	6	0
nūtanāsa	nūtanāsa	nūtana	ADJ	dcs:600987	6	0
padāyām	padāyām	pada	NOUN	dcs:652430	6	0
padīm	padīm	pada	NOUN	dcs:659963	6	0
paribhyaḥ	paribhya	pari	NOUN	dcs:551725	6	0
parimāṇā	parimānā	parimāṇa	NOUN	dcs:67905	6	0
pariṇāhāni	parināhāni	pariṇāha	NOUN	dcs:1144	6	0
pathāni	pathāni	patha	NOUN	dcs:603061	6	0
paurvāhṇikībhyāṃ	paurvāhnikībhyām	paurvāhṇika	ADJ	dcs:728297	6	0
pauṃsyebhiḥ	paunsyebhi	pauṃsya	NOUN	dcs:593884_1	6	0
paṭīyāḥ	paṭīyā	paṭīyas	ADJ	dcs:489018	6	0
pidhānakā	pidhānakā	pidhānaka	NOUN	dcs:155344	6	0
pidhānāyām	pidhānāyām	pidhāna	NOUN	dcs:524671	6	0
pipāsaḥ	pipāsa	pipāsā	NOUN	dcs:60322	6	0
pitumāṁ	pitumām	pitumat	ADJ	dcs:594949	6	0
prabharmā	prabharmā	prabharman	NOUN	dcs:702617	6	0
praharaṇataḥ	praharanata	praharaṇa	NOUN	dcs:771013	6	0
pramocanām	pramocanām	pramocana	ADJ	dcs:386705	6	0
prathinā	prathinā	prathiman	NOUN	dcs:591913	6	0
pratimasya	pratimasya	pratimā	NOUN	dcs:477200	6	0
pratiṣeddhā	pratiṣeddhā	pratiṣeddhṛ	ADJ	dcs:177440	6	0
pruṣā	pruṣā	pruṣ	ADJ	dcs:686205	6	0
prītitaḥ	prītita	prīti	NOUN	dcs:623452	6	0
pādāni	pādāni	pāda	NOUN	dcs:293182	6	0
pārṣṇiyoḥ	pārṣniyo	pārṣṇi	NOUN	dcs:27695	6	0
pūjanā	pūjanā	pūjana	NOUN	dcs:286808	6	0
ratnāsaḥ	ratnāsa	ratna	NOUN	dcs:603143	6	0
raśanena	raśanena	raśanā	NOUN	dcs:727534_1	6	0
roddhrī	roddhrī	roddhṛ	ADJ	dcs:534239	6	0
rāgāṇi	rāgāni	rāga	NOUN	dcs:765261	6	0
sahasvas	sahasvas	sahasvat	ADJ	dcs:595747	6	0
sakhivāṁ	sakhivām	sakhivat	ADJ	dcs:650479	6	0
sakhyebhiḥ	sakhyebhi	sakhya	NOUN	dcs:596699	6	0
samudrataḥ	samudrata	samudra	NOUN	dcs:647446	6	0
sapiṇḍām	sapinḍām	sapiṇḍa	ADJ	dcs:389708	6	0
sarvatomukhām	sarvatomukhām	sarvatomukha	ADJ	dcs:541736	6	0
sarṣapāṇi	sarṣapāni	sarṣapa	NOUN	dcs:389392	6	0
sattvataḥ	sattvata	sattva	NOUN	dcs:88041	6	0
saubhagebhiḥ	saubhagebhi	saubhaga	NOUN	dcs:650341_1	6	0
saudhanvanāsaḥ	saudhanvanāsa	saudhanvana	NOUN	dcs:594098	6	0
saṃmātarā	sammātarā	saṃmātṛ	ADJ	dcs:735398	6	0
siṃhavarma	sinhavarma	siṃhavarman	NOUN	dcs:487898	6	0
sthalām	sthalām	sthala	NOUN	dcs:526944	6	0
sthāmā	sthāmā	sthāman	NOUN	dcs:645512	6	0
sudham	sudham	sudhā	NOUN	dcs:526820	6	0
sujātāsaḥ	sujātāsa	sujāta	ADJ	dcs:600083_1	6	0
svasrām	svasrām	svasṛ	NOUN	dcs:648075	6	0
sāttvikām	sāttvikām	sāttvika	ADJ	dcs:292215	6	0
sūrpam	sūrpam	śūrpa	NOUN	dcs:772569	6	0
sūrpasya	sūrpasya	śūrpa	NOUN	dcs:772569	6	0
sūryāsaḥ	sūryāsa	sūrya	NOUN	dcs:594535	6	0
tanāyā	tanāyā	tanā	NOUN	dcs:636994	6	0
tanūnaptre	tanūnaptre	tanūnapāt	NOUN	dcs:698553	6	0
tarutrī	tarutrī	tarutṛ	ADJ	dcs:469808	6	0
tatrā	tatrā	tatra	ADV	dcs:594011	6	0
tavyasīṃ	tavyasīm	tavyas	ADJ	dcs:651690	6	0
tejanām	tejanām	tejana	NOUN	dcs:649126	6	0
tricaḥ	trica	tṛca	NOUN	dcs:731207	6	0
tvebhiḥ	tvebhi	tva	NOUN	dcs:748708	6	0
tūr	tūr	tur	ADJ	dcs:735115	6	0
tṛtīyasyai	tṛtīyasyai	tṛtīya	ADJ	dcs:718014	6	0
tṛṣbhyām	tṛṣbhyām	tṛṣ	NOUN	dcs:88791	6	0
ubhayāya	ubhayāya	ubhaya	ADJ	dcs:551371	6	0
udakau	udakau	udaka	NOUN	dcs:346263	6	0
udi	udi	ud	NOUN	dcs:552356	6	0
ugraṃpaśye	ugrampaśye	ugrapaśyā	NOUN	dcs:636470	6	0
upadravāṇi	upadravāni	upadrava	NOUN	dcs:31507	6	0
upahāravarma	upahāravarma	upahāravarman	NOUN	dcs:487525	6	0
upakaraṇām	upakaranām	upakaraṇa	NOUN	dcs:41211	6	0
upakaraṇān	upakaranān	upakaraṇa	NOUN	dcs:243436	6	0
upalabdhuḥ	upalabdhu	upalabdhṛ	ADJ	dcs:771909	6	0
upalāni	upalāni	upala	NOUN	dcs:29510	6	0
utsavām	utsavām	utsava	NOUN	dcs:617398	6	0
uḍupām	uḍupām	uḍupa	NOUN	dcs:242178	6	0
vahoḥ	vaho	vah	NOUN	dcs:552356	6	0
vaistārikī	vaistārikī	vaistārika	ADJ	dcs:644470	6	0
vaktrayā	vaktrayā	vaktra	NOUN	dcs:622119	6	0
vamriyaḥ	vamriya	vamra	NOUN	dcs:753005_1	6	0
vanaspatīṃr	vanaspatīnr	vanaspati	NOUN	dcs:595089	6	0
vanīyān	vanīyān	vanīyas	ADJ	dcs:650031	6	0
vartaninā	vartaninā	vartani	NOUN	dcs:770547	6	0
vaśāsa	vaśāsa	vaśā	NOUN	dcs:647631	6	0
vedamātrī	vedamātrī	vedamātṛ	NOUN	dcs:451742	6	0
vegayā	vegayā	vega	NOUN	dcs:158419	6	0
vepasam	vepasam	vepas	NOUN	dcs:603708_1	6	0
veṣṭanāḥ	veṣṭanā	veṣṭana	NOUN	dcs:479110	6	0
vibhavataḥ	vibhavata	vibhava	NOUN	dcs:338692	6	0
vikrayi	vikrayi	vikrayin	ADJ	dcs:490185_1	6	0
vivasva	vivasva	vivasvat	ADJ	dcs:672200	6	0
viṣṇusvāmi	viṣnusvāmi	viṣṇusvāmin	NOUN	dcs:150227	6	0
voḍhāraḥ	voḍhāra	voḍhṛ	NOUN	dcs:307065	6	0
vyapadeśataḥ	vyapadeśata	vyapadeśa	NOUN	dcs:616060	6	0
vājāsa	vājāsa	vāja	NOUN	dcs:598127	6	0
vālakhilyau	vālakhilyau	vālakhilya	NOUN	dcs:566686	6	0
vāmanī	vāmanī	vāmana	ADJ	dcs:330619	6	0
vāsavām	vāsavām	vāsava	ADJ	dcs:163160	6	0
vṛṣṇyebhiḥ	vṛṣnyebhi	vṛṣṇya	NOUN	dcs:651868	6	0
vṛṣṭimāṁ	vṛṣṭimām	vṛṣṭimat	ADJ	dcs:715682	6	0
yajanyai	yajanyai	yajana	ADJ	dcs:669449_1	6	0
yakṛtau	yakṛtau	yakṛt	NOUN	dcs:76306	6	0
yatarad	yatarad	yatara	PRON	dcs:651308	6	0
yavīyāṃsam	yavīyānsam	yavīyas	ADJ	dcs:93887	6	0
yodhām	yodhām	yodha	NOUN	dcs:199542	6	0
yujyebhiḥ	yujyebhi	yujya	ADJ	dcs:594956	6	0
yuvbhiḥ	yuvbhi	yuvan	NOUN	dcs:226999	6	0
yuvbhyaḥ	yuvbhya	yuvan	NOUN	dcs:490174_1	6	0
yāmānam	yāmānam	yāman	NOUN	dcs:696923	6	0
yāvarīḥ	yāvarī	yāvan	NOUN	dcs:593550	6	0
ādarām	ādarām	ādara	NOUN	dcs:616163	6	0
ādhārām	ādhārām	ādhāra	NOUN	dcs:348399	6	0
āhutībhya	āhutībhya	āhuti	NOUN	dcs:663422	6	0
ājñaḥ	ājna	ājñā	NOUN	dcs:488543	6	0
ājñena	ājnena	ājñā	NOUN	dcs:524958	6	0
ākūtā	ākūtā	ākūta	NOUN	dcs:629721	6	0
ātmakayā	ātmakayā	ātmaka	ADJ	dcs:526154	6	0
āyudhāsaḥ	āyudhāsa	āyudha	NOUN	dcs:600513	6	0
āyuṣmataṃ	āyuṣmatam	āyuṣmat	ADJ	dcs:643788	6	0
āyuṣmāṁ	āyuṣmām	āyuṣmat	ADJ	dcs:648303_2	6	0
āyāmām	āyāmām	āyāma	NOUN	dcs:464688_1	6	0
āśīyān	āśīyān	āśīyas	ADJ	dcs:649895	6	0
īkṣaṇān	īkṣanān	īkṣaṇa	NOUN	dcs:579228	6	0
śagmāsaḥ	śagmāsa	śagma	ADJ	dcs:603021	6	0
śarvavarma	śarvavarma	śarvavarman	NOUN	dcs:614251	6	0
śatapatra	śatapatra	śatapattra	NOUN	dcs:89554	6	0
śekharām	śekharām	śekhara	NOUN	dcs:453838	6	0
śimīvāṁ	śimīvām	śimīvat	ADJ	dcs:596309_1	6	0
śirasau	śirasau	śiras	NOUN	dcs:729876	6	0
śivāsaḥ	śivāsa	śiva	ADJ	dcs:599293	6	0
śliṣa	śliṣa	śliṣ	NOUN	dcs:552221	6	0
śmaśrum	śmaśrum	śmaśru	NOUN	dcs:670388	6	0
śukrebhiḥ	śukrebhi	śukra	ADJ	dcs:596461	6	0
śundhyuvaḥ	śundhyuva	śundhyu	ADJ	dcs:640427	6	0
śuṣmāsaḥ	śuṣmāsa	śuṣma	NOUN	dcs:599657	6	0
śveḥ	śve	śvi	NOUN	dcs:554026	6	0
śyenāsaḥ	śyenāsa	śyena	NOUN	dcs:594353	6	0
śāḍvala	śāḍvala	śādvala	NOUN	dcs:763505	6	0
śūdrataḥ	śūdrata	śūdra	NOUN	dcs:437162	6	0
ūṣaṇau	ūṣanau	ūṣaṇa	ADJ	dcs:60509	6	0
ṣadhasthā	ṣadhasthā	sadhastha	NOUN	dcs:681545	6	0
ṣaṣṭhām	ṣaṣṭhām	ṣaṣṭha	ADJ	dcs:37215	6	0
ṭat	ṭat	tad	PRON	dcs:669716	6	0
abhiprokṣaṇataḥ	abhiprokṣanata	abhiprokṣaṇa	NOUN	dcs:673510	5	0
achāvākam	achāvākam	acchāvāka	NOUN	dcs:652243	5	0
aci	aci	ac	NOUN	dcs:552164	5	0
aghniyāsu	aghniyāsu	aghnyā	NOUN	dcs:670659	5	0
ahicchatraṃ	ahicchatram	ahicchattra	NOUN	dcs:759546	5	0
aiśvarām	aiśvarām	aiśvara	ADJ	dcs:96418	5	0
alpīyāḥ	alpīyā	alpīyas	ADJ	dcs:438635	5	0
amṛtebhiḥ	amṛtebhi	amṛtā	NOUN	dcs:29796	5	0
aparādhataḥ	aparādhata	aparādha	NOUN	dcs:93047	5	0
arkebhiḥ	arkebhi	arka	NOUN	dcs:684834	5	0
aruṇebhiḥ	arunebhi	aruṇa	ADJ	dcs:593629	5	0
asthabhiḥ	asthabhi	asthi	NOUN	dcs:684828	5	0
astriyām	astriyām	astrī	NOUN	dcs:76412	5	0
auṣṇihī	auṣnihī	auṣṇiha	ADJ	dcs:748915	5	0
avidūrataḥ	avidūrata	avidūra	NOUN	dcs:760710	5	0
aśmanas	aśmanas	aśman	NOUN	dcs:682758	5	0
aṇīyāṃsaḥ	anīyānsa	aṇīyas	ADJ	dcs:689217	5	0
bhiṇḍipālaiḥ	bhinḍipālai	bhindipāla	NOUN	dcs:761821	5	0
bṛhatsām	bṛhatsām	bṛhatsāman	NOUN	dcs:450990	5	0
cittebhiḥ	cittebhi	citta	NOUN	dcs:649145	5	0
dabhrebhiḥ	dabhrebhi	dabhra	ADJ	dcs:592475	5	0
daivikām	daivikām	daivika	ADJ	dcs:530240	5	0
davīyāḥ	davīyā	davīyas	ADJ	dcs:572991	5	0
deśataḥ	deśata	deśa	NOUN	dcs:90234	5	0
dhāmsu	dhāmsu	dhāman	NOUN	dcs:31808	5	0
dhātutaḥ	dhātuta	dhātu	NOUN	dcs:772755	5	0
draṣṭri	draṣṭri	draṣṭṛ	NOUN	dcs:76587	5	0
duhitarā	duhitarā	duhitṛ	NOUN	dcs:529092	5	0
duhitryai	duhitryai	duhitṛ	NOUN	dcs:489436	5	0
durmedhas	durmedhas	durmedha	ADJ	dcs:114217	5	0
durnāmbhiḥ	durnāmbhi	durnāman	NOUN	dcs:32026	5	0
duśśastaṃ	duśśastam	duḥśasta	NOUN	dcs:661655	5	0
dānataḥ	dānata	dāna	NOUN	dcs:616157	5	0
girīṃr	girīnr	giri	NOUN	dcs:592669	5	0
gotamebhiḥ	gotamebhi	gotama	NOUN	dcs:593222_1	5	0
gotamāsaḥ	gotamāsa	gotama	NOUN	dcs:652344	5	0
gotrataḥ	gotrata	gotra	NOUN	dcs:94515	5	0
haritālāyāḥ	haritālāyā	haritāla	NOUN	dcs:101166	5	0
hrasīyāḥ	hrasīyā	hrasīyas	ADJ	dcs:42374	5	0
iyanta	iyanta	iyat	ADJ	dcs:364617	5	0
jyāyāṃsaḥ	jyāyānsa	jyāyas	ADJ	dcs:652723_2	5	0
jñānān	jnānān	jñāna	NOUN	dcs:175971	5	0
kaniṣṭhikātaḥ	kaniṣṭhikāta	kaniṣṭhikā	NOUN	dcs:727845	5	0
kāpotām	kāpotām	kāpota	ADJ	dcs:584509	5	0
kārtikeya	kārtikeya	kārttikeya	NOUN	dcs:577954	5	0
kārṣṇāyasām	kārṣnāyasām	kārṣṇāyasa	ADJ	dcs:543798	5	0
kṣattriyaḥ	kṣattriya	kṣatriya	NOUN	dcs:578168	5	0
liṅgataḥ	lingata	liṅga	NOUN	dcs:63111	5	0
manastaḥ	manasta	manas	NOUN	dcs:645853	5	0
mithunāsaḥ	mithunāsa	mithuna	ADJ	dcs:638207	5	0
mitrāsaḥ	mitrāsa	mitra	NOUN	dcs:595009_1	5	0
māheśvarām	māheśvarām	māheśvara	ADJ	dcs:525864	5	0
mṛgāsaḥ	mṛgāsa	mṛga	NOUN	dcs:647316_2	5	0
mṛṇmayām	mṛnmayām	mṛṇmaya	ADJ	dcs:355719	5	0
mṛṣaḥ	mṛṣa	mṛṣ	NOUN	dcs:551651	5	0
nahaḥ	naha	nah	NOUN	dcs:552507	5	0
navanītā	navanītā	navanīta	NOUN	dcs:40331	5	0
naūnām	naūnām	nau	NOUN	dcs:382839	5	0
payasvāṁ	payasvām	payasvat	ADJ	dcs:670335	5	0
phalataḥ	phalata	phala	NOUN	dcs:70686_1	5	0
prabhavataḥ	prabhavata	prabhava	NOUN	dcs:573087	5	0
priyamedhāsaḥ	priyamedhāsa	priyamedha	NOUN	dcs:603873_1	5	0
prātassavanāt	prātassavanāt	prātaḥsavana	NOUN	dcs:665101	5	0
purīṣyāsaḥ	purīṣyāsa	purīṣya	ADJ	dcs:683028	5	0
pāpmnaḥ	pāpmna	pāpman	NOUN	dcs:568801_1	5	0
pāpīyan	pāpīyan	pāpīyas	ADJ	dcs:656976	5	0
pūrvāsaḥ	pūrvāsa	pūrva	PRON	dcs:641423	5	0
raim	raim	rai	NOUN	dcs:540462	5	0
rathirāsaḥ	rathirāsa	rathira	ADJ	dcs:605787	5	0
rayivas	rayivas	rayivat	ADJ	dcs:700181	5	0
raśmīṃr	raśmīnr	raśmi	NOUN	dcs:594083	5	0
samīcīnāsaḥ	samīcīnāsa	samīcīna	ADJ	dcs:603855_1	5	0
satrāt	satrāt	sattra	NOUN	dcs:770014	5	0
satyāsaḥ	satyāsa	satya	ADJ	dcs:641667	5	0
saṃrādhanīṃ	sanrādhanīm	saṃrādhana	ADJ	dcs:434883	5	0
saṃvvatsarasya	sanvvatsarasya	saṃvatsara	NOUN	dcs:565358	5	0
sindhutaḥ	sindhuta	sindhu	NOUN	dcs:647446	5	0
sparśataḥ	sparśata	sparśa	NOUN	dcs:644778	5	0
sthavīyān	sthavīyān	sthavīyas	ADJ	dcs:771013	5	0
sugebhiḥ	sugebhi	suga	NOUN	dcs:469513	5	0
surabhā	surabhā	surabhi	ADJ	dcs:683000	5	0
svatavān	svatavān	svatavas	ADJ	dcs:555363	5	0
sūrpa	sūrpa	śūrpa	NOUN	dcs:772568	5	0
sṛkkiṇī	sṛkkinī	sṛkviṇī	NOUN	dcs:76357	5	0
tadaḥ	tada	tad	NOUN	dcs:553732	5	0
udo	udo	ud	NOUN	dcs:551728	5	0
upacārataḥ	upacārata	upacāra	NOUN	dcs:44241	5	0
upālin	upālin	upāli	NOUN	dcs:656910	5	0
varṣīyāṃsa	varṣīyānsa	varṣīyas	ADJ	dcs:689217	5	0
vasīyāṃsaḥ	vasīyānsa	vasīyas	ADJ	dcs:648226_1	5	0
vidvasi	vidvasi	vidvas	ADJ	dcs:285850	5	0
vīrebhiḥ	vīrebhi	vīra	NOUN	dcs:596307_1	5	0
vīryebhiḥ	vīryebhi	vīrya	NOUN	dcs:715889	5	0
yajuḥsu	yajuḥsu	yajus	NOUN	dcs:219297	5	0
yajñāsaḥ	yajnāsa	yajña	NOUN	dcs:599248	5	0
āmalakāyāḥ	āmalakāyā	āmalaka	NOUN	dcs:21893	5	0
śrutitaḥ	śrutita	śruti	NOUN	dcs:291571	5	0
śīrṣaṇaḥ	śīrṣana	śīrṣan	NOUN	dcs:90754	5	0
abhidhānān	abhidhānān	abhidhāna	NOUN	dcs:131285	4	0
abhisaṃdhasya	abhisandhasya	abhisaṃdhā	NOUN	dcs:323225	4	0
abhyasūyam	abhyasūyam	abhyasūyā	NOUN	dcs:367865	4	0
abhīrvaḥ	abhīrva	abhīru	NOUN	dcs:36368	4	0
achāvākāya	achāvākāya	acchāvāka	NOUN	dcs:652486	4	0
acām	acām	ac	NOUN	dcs:554802	4	0
adaso	adaso	adas	NOUN	dcs:551568	4	0
adhikārām	adhikārām	adhikāra	NOUN	dcs:546300	4	0
adhvnaḥ	adhvna	adhvan	NOUN	dcs:364426	4	0
aghniye	aghniye	aghnyā	NOUN	dcs:673025	4	0
agnicityam	agnicityam	agnicityā	NOUN	dcs:672807	4	0
agnitaḥ	agnita	agni	NOUN	dcs:655467	4	0
aindrām	aindrām	aindra	ADJ	dcs:440465	4	0
aindrāvaruṇyā	aindrāvarunyā	aindrāvaruṇa	ADJ	dcs:652455	4	0
aindrāvaruṇī	aindrāvarunī	aindrāvaruṇa	ADJ	dcs:652452	4	0
ajirāsaḥ	ajirāsa	ajira	ADJ	dcs:594849	4	0
akṣāsaḥ	akṣāsa	akṣa	NOUN	dcs:609987_1	4	0
ambum	ambum	ambu	NOUN	dcs:15314	4	0
amunī	amunī	adas	PRON	dcs:89699	4	0
amṛtāsaṅgā	amṛtāsangā	amṛtāsaṅga	NOUN	dcs:438639	4	0
analām	analām	anala	NOUN	dcs:527595	4	0
anamīvāsa	anamīvāsa	anamīva	ADJ	dcs:696848	4	0
anarvāṇaḥ	anarvāna	anarvan	ADJ	dcs:690392	4	0
anavadyāsaḥ	anavadyāsa	anavadya	ADJ	dcs:602970	4	0
antaryāmi	antaryāmi	antaryāmin	NOUN	dcs:68832	4	0
antarātmanau	antarātmanau	antarātman	NOUN	dcs:487683	4	0
anubalau	anubalau	anubala	ADJ	dcs:32909	4	0
anukartri	anukartri	anukartṛ	ADJ	dcs:467851	4	0
anulepanān	anulepanān	anulepana	NOUN	dcs:243423	4	0
anupalabdhitaḥ	anupalabdhita	anupalabdhi	NOUN	dcs:645193	4	0
anurodhataḥ	anurodhata	anurodha	NOUN	dcs:613295	4	0
anusaraṇām	anusaranām	anusaraṇa	NOUN	dcs:367463	4	0
anuśāsanī	anuśāsanī	anuśāsana	ADJ	dcs:643432	4	0
anuśāsanīm	anuśāsanīm	anuśāsana	ADJ	dcs:643808	4	0
anuṣṭhātri	anuṣṭhātri	anuṣṭhātṛ	ADJ	dcs:648437	4	0
anyebhiḥ	anyebhi	anya	PRON	dcs:637444	4	0
anyonyeṣu	anyonyeṣu	anyonya	PRON	dcs:723989	4	0
anyonyān	anyonyān	anyonya	PRON	dcs:487821	4	0
anūyājavat	anūyājavat	anuyājavat	ADJ	dcs:706107	4	0
aparāsa	aparāsa	apara	PRON	dcs:641423	4	0
aparītāsa	aparītāsa	aparīta	ADJ	dcs:436184	4	0
apasas	apasas	apas	NOUN	dcs:691658	4	0
apatyau	apatyau	apatya	NOUN	dcs:71746	4	0
apekṣasya	apekṣasya	apekṣā	NOUN	dcs:45427	4	0
apekṣau	apekṣau	apekṣā	NOUN	dcs:257937	4	0
apsāḥ	apsā	apsas	NOUN	dcs:594472	4	0
apūpāni	apūpāni	apūpa	NOUN	dcs:389911	4	0
aratniyoḥ	aratniyo	aratni	NOUN	dcs:63320	4	0
aratnīm	aratnīm	aratni	NOUN	dcs:434839	4	0
arddhe	arddhe	ardha	NOUN	dcs:749259_1	4	0
ardhapañcāśatī	ardhapancāśatī	ardhapañcāśat	NOUN	dcs:81280	4	0
arkām	arkām	arka	NOUN	dcs:366940_2	4	0
arthayā	arthayā	artha	NOUN	dcs:762232	4	0
arthābhiḥ	arthābhi	artha	NOUN	dcs:314980	4	0
asattam	asattam	asattā	NOUN	dcs:480092	4	0
atichandasam	atichandasam	aticchandas	NOUN	dcs:753144_1	4	0
atidūrataḥ	atidūrata	atidūra	NOUN	dcs:766534	4	0
ativiṣebhiḥ	ativiṣebhi	ativiṣā	NOUN	dcs:33770	4	0
atīrokān	atīrokān	atiroka	NOUN	dcs:773413	4	0
auśanasām	auśanasām	auśanasa	ADJ	dcs:195298	4	0
avadhānāḥ	avadhānā	avadhāna	NOUN	dcs:329906	4	0
avalambanayā	avalambanayā	avalambana	NOUN	dcs:656940	4	0
avalambikayā	avalambikayā	avalambaka	ADJ	dcs:654857	4	0
avalambikā	avalambikā	avalambaka	ADJ	dcs:654801	4	0
avaśeṣau	avaśeṣau	avaśeṣa	NOUN	dcs:489547	4	0
avaśeṣām	avaśeṣām	avaśeṣa	NOUN	dcs:372132	4	0
avaśeṣān	avaśeṣān	avaśeṣa	NOUN	dcs:579963	4	0
avitārā	avitārā	avitṛ	ADJ	dcs:595595	4	0
avivecanam	avivecanam	avivecanā	NOUN	dcs:31160	4	0
ayāsā	ayāsā	ayās	ADJ	dcs:70181	4	0
ayāsām	ayāsām	ayās	ADJ	dcs:595424	4	0
ayātayāmniyā	ayātayāmniyā	ayātayāman	ADJ	dcs:670619	4	0
aśmāni	aśmāni	aśman	NOUN	dcs:29715	4	0
aśvatthāmn	aśvatthāmn	aśvatthāman	NOUN	dcs:252729	4	0
aśvāni	aśvāni	aśva	NOUN	dcs:659210	4	0
aṅgakā	angakā	aṅgaka	NOUN	dcs:393951	4	0
aṅgamantrāṇi	angamantrāni	aṅgamantra	NOUN	dcs:384508	4	0
aṣṭāpadyā	aṣṭāpadyā	aṣṭāpada	ADJ	dcs:499217	4	0
aṭṭahāsinī	aṭṭahāsinī	aṭṭahāsin	ADJ	dcs:406578	4	0
bahiṣpavamānābhiḥ	bahiṣpavamānābhi	bahiṣpavamāna	ADJ	dcs:565516_1	4	0
bandhayitrī	bandhayitrī	bandhayitṛ	ADJ	dcs:49066	4	0
bhadrebhiḥ	bhadrebhi	bhadra	ADJ	dcs:696922	4	0
bharttā	bharttā	bhartṛ	NOUN	dcs:381497	4	0
bhaṅgataḥ	bhangata	bhaṅga	NOUN	dcs:620476	4	0
bhikṣam	bhikṣam	bhikṣā	NOUN	dcs:666683	4	0
bhrātṛvyāṁ	bhrātṛvyām	bhrātṛvya	NOUN	dcs:649821	4	0
bhāgavatām	bhāgavatām	bhāgavata	ADJ	dcs:87422	4	0
bhārām	bhārām	bhāra	NOUN	dcs:523684	4	0
bhāvayā	bhāvayā	bhāva	NOUN	dcs:488889	4	0
bhāṣasya	bhāṣasya	bhāṣā	NOUN	dcs:179180	4	0
bhāṣyā	bhāṣyā	bhāṣya	NOUN	dcs:645511	4	0
bhūmanā	bhūmanā	bhūman	NOUN	dcs:594098	4	0
bhūmitaḥ	bhūmita	bhūmi	NOUN	dcs:465968	4	0
bhūyasībhiḥ	bhūyasībhi	bhūyas	ADJ	dcs:650675_1	4	0
bhūyasīnām	bhūyasīnām	bhūyas	ADJ	dcs:475449	4	0
budhnām	budhnām	budhna	NOUN	dcs:434265	4	0
bāhudanti	bāhudanti	bāhudantin	NOUN	dcs:464198_1	4	0
bāṣpām	bāṣpām	bāṣpa	NOUN	dcs:576358	4	0
camvi	camvi	camū	NOUN	dcs:686340	4	0
caruṣṭhālī	caruṣṭhālī	carusthālī	NOUN	dcs:753501	4	0
caturthābhiḥ	caturthābhi	caturtha	ADJ	dcs:430781_3	4	0
caturthābhyaḥ	caturthābhya	caturtha	ADJ	dcs:430941	4	0
caṇḍavarma	canḍavarma	caṇḍavarman	NOUN	dcs:487699	4	0
chatre	chatre	chattra	NOUN	dcs:246545	4	0
chatrākaṃ	chatrākam	chattrāka	NOUN	dcs:437250	4	0
chavīm	chavīm	chavi	NOUN	dcs:720115	4	0
chuvukena	chuvukena	chubuka	NOUN	dcs:748757_1	4	0
chāyebhiḥ	chāyebhi	chāyā	NOUN	dcs:525039	4	0
cintanā	cintanā	cintana	NOUN	dcs:383321	4	0
cāpalā	cāpalā	cāpala	NOUN	dcs:619935	4	0
dakṣiṇāsaḥ	dakṣināsa	dakṣiṇā	NOUN	dcs:610533	4	0
datrāṇi	datrāni	dattra	NOUN	dcs:605756_1	4	0
datī	datī	dat	NOUN	dcs:734872	4	0
dauṣvapnyaṃ	dauṣvapnyam	dauḥṣvapnya	NOUN	dcs:634622	4	0
daśāni	daśāni	daśā	NOUN	dcs:436065	4	0
daṃsasam	dansasam	daṃsas	NOUN	dcs:595840_1	4	0
daṃṣṭrāṇi	danṣṭrāni	daṃṣṭra	NOUN	dcs:386651	4	0
devamātrī	devamātrī	devamātṛ	NOUN	dcs:453029	4	0
deṣṇāḥ	deṣnā	deṣṇa	NOUN	dcs:595368	4	0
dhaivatāḥ	dhaivatā	dhaivata	NOUN	dcs:75444	4	0
dhanutrīḥ	dhanutrī	dhanutṛ	ADJ	dcs:597254	4	0
dharmām	dharmām	dharma	NOUN	dcs:627163	4	0
dhase	dhase	dhā	ADJ	dcs:634184	4	0
dhebhiḥ	dhebhi	dhā	ADJ	dcs:598690	4	0
dhiyas	dhiyas	dhī	NOUN	dcs:592226_1	4	0
dhiṣṇyāsaḥ	dhiṣnyāsa	dhiṣṇya	ADJ	dcs:468351	4	0
dhātuvoḥ	dhātuvo	dhātu	NOUN	dcs:479347	4	0
dhṛṣaḥ	dhṛṣa	dhṛṣ	NOUN	dcs:551650	4	0
digdanti	digdanti	digdantin	NOUN	dcs:524453	4	0
divisadaṃ	divisadam	diviṣad	ADJ	dcs:715906	4	0
divyāsaḥ	divyāsa	divya	ADJ	dcs:594354	4	0
drvam	drvam	dru	NOUN	dcs:602609	4	0
drāghīyāṃsaṃ	drāghīyānsam	drāghīyas	ADJ	dcs:745727	4	0
durevāsaḥ	durevāsa	dureva	ADJ	dcs:635025	4	0
durāśīr	durāśīr	durāśir	ADJ	dcs:603764_1	4	0
duṣṣṭutaṃ	duṣṣṭutam	duḥṣṭuta	NOUN	dcs:665432	4	0
duṣṭutaṃ	duṣṭutam	duḥṣṭuta	NOUN	dcs:651265	4	0
dvaitāḥ	dvaitā	dvaita	NOUN	dcs:532601	4	0
dvayām	dvayām	dvaya	NOUN	dcs:51903	4	0
dvipātsu	dvipātsu	dvipad	ADJ	dcs:437230	4	0
dvitīyasyai	dvitīyasyai	dvitīya	ADJ	dcs:665361	4	0
dyumnebhiḥ	dyumnebhi	dyumna	NOUN	dcs:593680	4	0
dānunas	dānunas	dānu	NOUN	dcs:594777	4	0
dārvihomikīṃ	dārvihomikīm	dārvihomika	ADJ	dcs:519242	4	0
dīrghajihviyam	dīrghajihviyam	dīrghajihvī	NOUN	dcs:661701	4	0
dīrghikam	dīrghikam	dīrghikā	NOUN	dcs:477611	4	0
dūṣikān	dūṣikān	dūṣikā	NOUN	dcs:40350	4	0
dṛṃhaṇīḥ	dṛnhanī	dṛṃhaṇa	ADJ	dcs:646434	4	0
ekaikasmāt	ekaikasmāt	ekaika	PRON	dcs:430475_1	4	0
ekaikasyai	ekaikasyai	ekaika	PRON	dcs:660827	4	0
elāpatraḥ	elāpatra	elāpattra	NOUN	dcs:654416	4	0
gajāni	gajāni	gaja	NOUN	dcs:179328	4	0
gaṇḍakāni	ganḍakāni	gaṇḍaka	NOUN	dcs:449986	4	0
ghasām	ghasām	ghas	NOUN	dcs:554655	4	0
goṣātā	goṣātā	goṣāti	NOUN	dcs:606596	4	0
gulphidaṃ	gulphidam	gulphita	NOUN	dcs:729503	4	0
gātri	gātri	gātra	ADJ	dcs:622863	4	0
gātryām	gātryām	gātra	ADJ	dcs:760457	4	0
gāvā	gāvā	go	NOUN	dcs:597302_1	4	0
haitukām	haitukām	haituka	ADJ	dcs:293440	4	0
hanūbhyāṃ	hanūbhyām	hanu	NOUN	dcs:646464	4	0
haridrebhiḥ	haridrebhi	haridrā	NOUN	dcs:39576	4	0
hariśarma	hariśarma	hariśarman	NOUN	dcs:622924	4	0
harṣaṇīm	harṣanīm	harṣaṇa	ADJ	dcs:647139	4	0
haso	haso	hasa	NOUN	dcs:639580	4	0
haviṣṭaḥ	haviṣṭa	havis	NOUN	dcs:741388_1	4	0
helam	helam	helā	NOUN	dcs:487450	4	0
hiraṇmayām	hiranmayām	hiraṇmaya	ADJ	dcs:382797	4	0
hrasīyāṃsam	hrasīyānsam	hrasīyas	ADJ	dcs:708463	4	0
hrasīyāṃsaḥ	hrasīyānsa	hrasīyas	ADJ	dcs:689217	4	0
iccham	iccham	icchā	NOUN	dcs:37647	4	0
ihā	ihā	iha	ADV	dcs:598067	4	0
imasya	imasya	idam	PRON	dcs:722953	4	0
indrakān	indrakān	indraka	NOUN	dcs:644018	4	0
indranīlāni	indranīlāni	indranīla	NOUN	dcs:342773	4	0
indrayavān	indrayavān	indrayava	NOUN	dcs:34720	4	0
janmnaḥ	janmna	janman	NOUN	dcs:357831	4	0
janmānam	janmānam	janman	NOUN	dcs:753908	4	0
janmānau	janmānau	janman	NOUN	dcs:677456	4	0
jantumātāraḥ	jantumātāra	jantumātṛ	NOUN	dcs:59907	4	0
jaḍima	jaḍima	jaḍiman	NOUN	dcs:367746	4	0
jyotsnam	jyotsnam	jyotsnā	NOUN	dcs:522521	4	0
jñānataḥ	jnānata	jñāna	NOUN	dcs:625484	4	0
jāgatī	jāgatī	jāgata	ADJ	dcs:701137	4	0
jāmātārau	jāmātārau	jāmātṛ	NOUN	dcs:452125	4	0
kabarī	kabarī	kavara	NOUN	dcs:76368	4	0
kacchapām	kacchapām	kacchapa	NOUN	dcs:242174	4	0
kalmāṣām	kalmāṣām	kalmāṣa	NOUN	dcs:252450	4	0
kampayā	kampayā	kampa	NOUN	dcs:623067	4	0
kamvati	kamvati	kaṃvat	ADJ	dcs:699714_1	4	0
kaniṣṭhāsaḥ	kaniṣṭhāsa	kaniṣṭha	ADJ	dcs:600116	4	0
kaphāni	kaphāni	kapha	NOUN	dcs:4107	4	0
kapolabhittinā	kapolabhittinā	kapolabhitti	NOUN	dcs:629618	4	0
karajām	karajām	karaja	NOUN	dcs:447422	4	0
karmṇaḥ	karmna	karman	NOUN	dcs:115114	4	0
kartrīm	kartrīm	kartṛ	ADJ	dcs:620666	4	0
karṇataḥ	karnata	karṇa	NOUN	dcs:638142	4	0
kathān	kathān	kathā	NOUN	dcs:260993	4	0
kavandham	kavandham	kabandha	NOUN	dcs:604125	4	0
kaṇṭhām	kanṭhām	kaṇṭha	NOUN	dcs:455281	4	0
kaṭhillayā	kaṭhillayā	kaṭhilla	NOUN	dcs:153465	4	0
khalvāṁ	khalvām	khalva	NOUN	dcs:633799	4	0
khādyakāni	khādyakāni	khādyaka	NOUN	dcs:655664	4	0
kikidīvyā	kikidīvyā	kikidīvi	NOUN	dcs:649998	4	0
kiṭṭau	kiṭṭau	kiṭṭa	NOUN	dcs:28032	4	0
kopataḥ	kopata	kopa	NOUN	dcs:392979	4	0
koṣataḥ	koṣata	kośa	NOUN	dcs:625118	4	0
kramāṇi	kramāni	krama	NOUN	dcs:46379	4	0
kriyāṇi	kriyāni	kriyā	NOUN	dcs:486438	4	0
kukṣā	kukṣā	kukṣi	NOUN	dcs:608512	4	0
kutrā	kutrā	kutra	ADV	dcs:702110	4	0
kālaparvatāni	kālaparvatāni	kālaparvata	NOUN	dcs:724023	4	0
kāmāsaḥ	kāmāsa	kāma	NOUN	dcs:604720_1	4	0
kāntīni	kāntīni	kānti	NOUN	dcs:619681	4	0
kāpālām	kāpālām	kāpāla	ADJ	dcs:224827	4	0
kāṇvīm	kānvīm	kāṇva	ADJ	dcs:696781	4	0
kṛcchrataḥ	kṛcchrata	kṛcchra	NOUN	dcs:439866	4	0
kṛṣṇavartma	kṛṣnavartma	kṛṣṇavartman	NOUN	dcs:350933	4	0
kṣatrau	kṣatrau	kṣatra	NOUN	dcs:600257	4	0
kṣatrām	kṣatrām	kṣatra	NOUN	dcs:636673	4	0
kṣayaṃkarām	kṣayankarām	kṣayaṃkara	ADJ	dcs:540825	4	0
kṣemāsaḥ	kṣemāsa	kṣema	NOUN	dcs:597719	4	0
laghīyān	laghīyān	laghīyas	ADJ	dcs:630857	4	0
lakṣmāṇaḥ	lakṣmāna	lakṣman	NOUN	dcs:364122	4	0
lalāmyaṃ	lalāmyam	lalāmī	NOUN	dcs:633341	4	0
lalāṭām	lalāṭām	lalāṭa	NOUN	dcs:630190	4	0
lasīkam	lasīkam	lasīkā	NOUN	dcs:31791	4	0
laulyām	laulyām	laulya	NOUN	dcs:584708	4	0
lepanām	lepanām	lepana	NOUN	dcs:767590	4	0
lepām	lepām	lepa	NOUN	dcs:329506	4	0
lodhrāṇi	lodhrāni	lodhra	NOUN	dcs:36879	4	0
lokāni	lokāni	loka	NOUN	dcs:724023	4	0
lokāṁ	lokām	loka	NOUN	dcs:639985	4	0
lombhiḥ	lombhi	loman	NOUN	dcs:59363	4	0
loṣṭhaṃ	loṣṭham	loṣṭa	NOUN	dcs:469120	4	0
madhuchandasaḥ	madhuchandasa	madhucchandas	NOUN	dcs:748676_2	4	0
madhyamasyām	madhyamasyām	madhyama	ADJ	dcs:594069	4	0
madhyamāṅgulyā	madhyamāngulyā	madhyamāṅguli	NOUN	dcs:1164	4	0
madhūyuvā	madhūyuvā	madhūyu	ADJ	dcs:600308_1	4	0
maghonā	maghonā	maghavan	NOUN	dcs:94399	4	0
mahimanaḥ	mahimana	mahiman	NOUN	dcs:601102	4	0
mahājyotīḥ	mahājyotī	mahājyotis	NOUN	dcs:459997	4	0
mahākarambhāni	mahākarambhāni	mahākarambha	NOUN	dcs:10717	4	0
mahānāma	mahānāma	mahānāman	NOUN	dcs:656654	4	0
mahīyuvaḥ	mahīyuva	mahīyu	ADJ	dcs:608146	4	0
maitriyā	maitriyā	maitrī	NOUN	dcs:703443	4	0
mandārakāṇi	mandārakāni	mandāraka	NOUN	dcs:656710	4	0
manotarā	manotarā	manotṛ	NOUN	dcs:592848	4	0
mantumas	mantumas	mantumat	ADJ	dcs:592768	4	0
manuṣyataḥ	manuṣyata	manuṣya	NOUN	dcs:645853	4	0
manuṣyebhiḥ	manuṣyebhi	manuṣya	NOUN	dcs:628368	4	0
manyutaḥ	manyuta	manyu	NOUN	dcs:648005	4	0
maraṭāṁ	maraṭām	maraṭa	NOUN	dcs:647967	4	0
matasnau	matasnau	matasna	NOUN	dcs:670224	4	0
matsyapittena	matsyapittena	matsyapittā	NOUN	dcs:156052	4	0
mittrāvasunā	mittrāvasunā	mitrāvasu	NOUN	dcs:619541	4	0
mrakṣāsaḥ	mrakṣāsa	mrakṣa	ADJ	dcs:659806_1	4	0
mādanāsaḥ	mādanāsa	mādana	ADJ	dcs:651919	4	0
māraṇā	māranā	māraṇa	NOUN	dcs:387282	4	0
mātuṣ	mātuṣ	mātṛ	NOUN	dcs:598059	4	0
mūrchaiḥ	mūrchai	mūrchā	NOUN	dcs:31078	4	0
mūrdhanau	mūrdhanau	mūrdhan	NOUN	dcs:520963	4	0
mṛgāṇi	mṛgāni	mṛga	NOUN	dcs:358621	4	0
mṛtyuni	mṛtyuni	mṛtyu	NOUN	dcs:298751	4	0
nairṛtām	nairṛtām	nairṛta	ADJ	dcs:558569	4	0
naiyyagrodhaḥ	naiyyagrodha	naiyagrodha	ADJ	dcs:752088	4	0
nalakau	nalakau	nalaka	NOUN	dcs:63320	4	0
navagvāsaḥ	navagvāsa	navagva	NOUN	dcs:697171_1	4	0
navyasīnām	navyasīnām	navyas	ADJ	dcs:599992	4	0
navārcīḥ	navārcī	navārcis	NOUN	dcs:590128	4	0
nayutāni	nayutāni	nayuta	NOUN	dcs:667445	4	0
naūḥ	naū	nau	NOUN	dcs:522540	4	0
nibandhanām	nibandhanām	nibandhana	NOUN	dcs:613157	4	0
nirarthakām	nirarthakām	nirarthaka	ADJ	dcs:202234	4	0
nirṇejanān	nirnejanān	nirṇejana	NOUN	dcs:82896	4	0
nisaḥ	nisa	nis	NOUN	dcs:555438	4	0
nityāsaḥ	nityāsa	nitya	ADJ	dcs:684873	4	0
nivāsāni	nivāsāni	nivāsa	NOUN	dcs:380043	4	0
niṣeddhā	niṣeddhā	niṣeddhṛ	ADJ	dcs:661375	4	0
nyaṅgāni	nyangāni	nyaṅga	NOUN	dcs:691638	4	0
nādayā	nādayā	nāda	NOUN	dcs:208902	4	0
nāśanām	nāśanām	nāśana	ADJ	dcs:33652	4	0
nīrā	nīrā	nīra	NOUN	dcs:562871	4	0
nṛttāḥ	nṛttā	nṛtta	NOUN	dcs:630357	4	0
ojīyān	ojīyān	ojīyas	ADJ	dcs:600956	4	0
ojīyāṃsaḥ	ojīyānsa	ojīyas	ADJ	dcs:650358_2	4	0
oṣadhīn	oṣadhīn	oṣadhi	NOUN	dcs:336195	4	0
paittikām	paittikām	paittika	ADJ	dcs:59735	4	0
pakṣmāṇaḥ	pakṣmāna	pakṣman	NOUN	dcs:573808	4	0
paraspī	paraspī	paraspā	ADJ	dcs:436618	4	0
parijmano	parijmano	parijman	ADJ	dcs:728744	4	0
paryavasānāḥ	paryavasānā	paryavasāna	NOUN	dcs:668989	4	0
parāṅmukhām	parānmukhām	parāṅmukha	ADJ	dcs:102876	4	0
parī	parī	pari	NOUN	dcs:551885	4	0
patragupta	patragupta	pattragupta	NOUN	dcs:666969	4	0
patrasya	patrasya	pattra	NOUN	dcs:666470	4	0
pattaḥ	patta	pad	NOUN	dcs:649975	4	0
paurvikām	paurvikām	paurvika	ADJ	dcs:450171	4	0
paurvāhṇikyā	paurvāhnikyā	paurvāhṇika	ADJ	dcs:698605	4	0
pavitrebhiḥ	pavitrebhi	pavitra	NOUN	dcs:608687_1	4	0
pañcamūlāyāḥ	pancamūlāyā	pañcamūla	NOUN	dcs:3239	4	0
paśumānti	paśumānti	paśumat	ADJ	dcs:608760	4	0
paśvā	paśvā	paśu	NOUN	dcs:593254	4	0
paśūni	paśūni	paśu	NOUN	dcs:672901	4	0
paṅktyau	panktyau	paṅkti	NOUN	dcs:729949	4	0
paṇyāndhaḥ	panyāndha	paṇyāndhā	NOUN	dcs:20504	4	0
phāṇitām	phānitām	phāṇita	NOUN	dcs:34909	4	0
pitāraḥ	pitāra	pitṛ	NOUN	dcs:520294	4	0
pitṛpaitāmahām	pitṛpaitāmahām	pitṛpaitāmaha	ADJ	dcs:304137	4	0
piñcholābhiḥ	pincholābhi	piccholā	NOUN	dcs:672930	4	0
piśaṅgayā	piśangayā	piśaṅga	NOUN	dcs:575614	4	0
piṇḍataḥ	pinḍata	piṇḍa	NOUN	dcs:653095	4	0
piṣaḥ	piṣa	piṣ	NOUN	dcs:552724	4	0
pluvoḥ	pluvo	plu	NOUN	dcs:552563	4	0
plīhaṃ	plīham	plīhan	NOUN	dcs:427502	4	0
prabhāvāni	prabhāvāni	prabhāva	NOUN	dcs:61934	4	0
prajñāpanā	prajnāpanā	prajñāpana	NOUN	dcs:464959	4	0
prajñāpāramitātaḥ	prajnāpāramitāta	prajñāpāramitā	NOUN	dcs:644247	4	0
prakṛtīni	prakṛtīni	prakṛti	NOUN	dcs:474590	4	0
pramātāraḥ	pramātāra	pramātṛ	ADJ	dcs:532717	4	0
prapāṇā	prapānā	prapāṇa	NOUN	dcs:726789	4	0
prasiddhitaḥ	prasiddhita	prasiddhi	NOUN	dcs:622963	4	0
prastāvāsu	prastāvāsu	prastāva	NOUN	dcs:749965	4	0
pratigrahāni	pratigrahāni	pratigraha	NOUN	dcs:59434	4	0
pratigrāhikāḥ	pratigrāhikā	pratigrāhaka	ADJ	dcs:642076	4	0
pratimebhiḥ	pratimebhi	pratimā	NOUN	dcs:242331	4	0
pratispardhinyaḥ	pratispardhinya	pratispardhin	ADJ	dcs:655413	4	0
pratyayām	pratyayām	pratyaya	NOUN	dcs:47791	4	0
pravatam	pravatam	pravat	NOUN	dcs:635907	4	0
pravācanāḥ	pravācanā	pravācana	NOUN	dcs:647481	4	0
praṣṭrī	praṣṭrī	praṣṭṛ	ADJ	dcs:532402	4	0
preyasam	preyasam	preyas	ADJ	dcs:573133	4	0
preṇyaḥ	prenya	preṇi	NOUN	dcs:636287	4	0
pruṣam	pruṣam	pruṣ	ADJ	dcs:592827	4	0
prāmāṇyāḥ	prāmānyā	prāmāṇya	NOUN	dcs:150314	4	0
prātassavāḥ	prātassavā	prātaḥsava	NOUN	dcs:735975	4	0
prāvaṇebhiḥ	prāvanebhi	prāvaṇa	ADJ	dcs:716486	4	0
punastomena	punastomena	punaḥstoma	NOUN	dcs:518616_1	4	0
purīṣām	purīṣām	purīṣa	NOUN	dcs:746777	4	0
puvā	puvā	pū	ADJ	dcs:727188	4	0
puṅkhām	punkhām	puṅkha	NOUN	dcs:266738	4	0
pācanām	pācanām	pācana	ADJ	dcs:32605	4	0
pākavanti	pākavanti	pākavat	ADJ	dcs:61618	4	0
pālāśām	pālāśām	pālāśa	ADJ	dcs:430804_1	4	0
pāpakām	pāpakām	pāpaka	ADJ	dcs:522833	4	0
pārayiṣṇvaḥ	pārayiṣnva	pārayiṣṇu	ADJ	dcs:716540	4	0
pātanābhiḥ	pātanābhi	pātana	NOUN	dcs:363717	4	0
pāvakāsaḥ	pāvakāsa	pāvaka	ADJ	dcs:593226_1	4	0
pāṃsūni	pānsūni	pāṃsu	ADJ	dcs:722332	4	0
pāṣāṇabhedinyāḥ	pāṣānabhedinyā	pāṣāṇabhedin	NOUN	dcs:50963	4	0
pūjam	pūjam	pūjā	NOUN	dcs:655359	4	0
pūjanayā	pūjanayā	pūjanī	NOUN	dcs:644833	4	0
pūrvyebhiḥ	pūrvyebhi	pūrvya	ADJ	dcs:594323	4	0
pūyām	pūyām	pūya	NOUN	dcs:5424	4	0
pṛtanāyūṃr	pṛtanāyūnr	pṛtanāyu	NOUN	dcs:596694	4	0
pṛṣṭita	pṛṣṭita	pṛṣṭi	NOUN	dcs:717262	4	0
rajastūr	rajastūr	rajastur	ADJ	dcs:600551	4	0
randhrām	randhrām	randhra	NOUN	dcs:329505	4	0
rapāḥ	rapā	rapas	NOUN	dcs:646348	4	0
rasavāṁ	rasavām	rasavat	ADJ	dcs:641427	4	0
rathāni	rathāni	ratha	NOUN	dcs:234944	4	0
raśanaḥ	raśana	raśanā	NOUN	dcs:93260	4	0
raṅgāvatāri	rangāvatāri	raṅgāvatārin	NOUN	dcs:443273	4	0
rogām	rogām	roga	NOUN	dcs:153599	4	0
roṣayā	roṣayā	roṣa	NOUN	dcs:458443	4	0
rājadhānīni	rājadhānīni	rājadhānī	NOUN	dcs:724023	4	0
sadasas	sadasas	sadas	NOUN	dcs:671499	4	0
sadbhāvāyām	sadbhāvāyām	sadbhāva	NOUN	dcs:449282	4	0
sahasrābhiḥ	sahasrābhi	sahasra	NUM	dcs:723953	4	0
sahādhyāyi	sahādhyāyi	sahādhyāyin	NOUN	dcs:464564	4	0
saiṃhām	sainhām	saiṃha	ADJ	dcs:352116	4	0
sakhīṃr	sakhīnr	sakhi	NOUN	dcs:595350	4	0
samayataḥ	samayata	samaya	NOUN	dcs:658365	4	0
sameddhāraṃ	sameddhāram	sameddhṛ	ADJ	dcs:601496	4	0
samākhyāni	samākhyāni	samākhyā	NOUN	dcs:380125	4	0
sargāsaḥ	sargāsa	sarga	NOUN	dcs:608357_1	4	0
sas	sas	tad	PRON	dcs:636785	4	0
satrāya	satrāya	sattra	NOUN	dcs:88731	4	0
satrāṇi	satrāni	sattra	NOUN	dcs:639494	4	0
satyavarma	satyavarma	satyavarman	NOUN	dcs:487564	4	0
savasam	savasam	savas	NOUN	dcs:670620	4	0
saṃghāni	sanghāni	saṃgha	NOUN	dcs:164359	4	0
saṃghāṭām	sanghāṭām	saṃghāṭa	NOUN	dcs:242182	4	0
saṃhartrī	sanhartrī	saṃhartṛ	ADJ	dcs:398964	4	0
saṃjñakām	sanjnakām	saṃjñaka	ADJ	dcs:408713	4	0
saṃkathaḥ	sankatha	saṃkathā	NOUN	dcs:630500	4	0
saṃkramayā	sankramayā	saṃkrama	NOUN	dcs:565051	4	0
saṃkāśāni	sankāśāni	saṃkāśa	NOUN	dcs:61618	4	0
saṃsparśāni	sansparśāni	saṃsparśa	NOUN	dcs:666562	4	0
saṃsārāṇi	sansārāni	saṃsāra	NOUN	dcs:328155	4	0
saṭṭakān	saṭṭakān	saṭṭaka	NOUN	dcs:4582	4	0
sevān	sevān	sevā	NOUN	dcs:573219	4	0
siddhitaḥ	siddhita	siddhi	NOUN	dcs:618636	4	0
sikata	sikata	sikatā	NOUN	dcs:72572	4	0
sikatam	sikatam	sikatā	NOUN	dcs:4968	4	0
skandām	skandām	skand	NOUN	dcs:552745	4	0
smaśāna	smaśāna	śmaśāna	NOUN	dcs:437509	4	0
sopānān	sopānān	sopāna	NOUN	dcs:377702	4	0
sphaṭikāni	sphaṭikāni	sphaṭika	NOUN	dcs:655340	4	0
spṛhena	spṛhena	spṛhā	NOUN	dcs:529441	4	0
sraktīni	sraktīni	srakti	NOUN	dcs:501988	4	0
srubhyaḥ	srubhya	sru	NOUN	dcs:551790	4	0
sthātrām	sthātrām	sthātra	NOUN	dcs:634809	4	0
sthātārā	sthātārā	sthātṛ	ADJ	dcs:595598_1	4	0
subhagāsaḥ	subhagāsa	subhaga	ADJ	dcs:596359_1	4	0
sudhanūḥ	sudhanū	sudhanus	NOUN	dcs:548809	4	0
sudhiyoḥ	sudhiyo	sudhī	NOUN	dcs:554642	4	0
sudṛśī	sudṛśī	sudṛś	ADJ	dcs:594446	4	0
sumnebhiḥ	sumnebhi	sumna	NOUN	dcs:600345	4	0
sutekarāsaḥ	sutekarāsa	sutekara	ADJ	dcs:519854	4	0
sutāvāṁ	sutāvām	sutāvat	ADJ	dcs:593547	4	0
suvam	suvam	sū	NOUN	dcs:93963	4	0
suvoḥ	suvo	sū	NOUN	dcs:555041	4	0
svabhāvāni	svabhāvāni	svabhāva	NOUN	dcs:58354	4	0
svastivācanām	svastivācanām	svastivācana	NOUN	dcs:5808	4	0
svālakṣaṇyā	svālakṣanyā	svālakṣaṇya	ADJ	dcs:470896	4	0
sādhiṣṭhebhiḥ	sādhiṣṭhebhi	sādhiṣṭha	ADJ	dcs:593107_1	4	0
sādhvasān	sādhvasān	sādhvasa	NOUN	dcs:174457	4	0
sālabhañjikā	sālabhanjikā	śālabhañjikā	NOUN	dcs:630286	4	0
sārathinaḥ	sārathina	sārathi	NOUN	dcs:696189	4	0
sārgālām	sārgālām	sārgāla	ADJ	dcs:584679	4	0
sārivebhiḥ	sārivebhi	sārivā	NOUN	dcs:38946	4	0
sāvitriyā	sāvitriyā	sāvitrī	NOUN	dcs:703637	4	0
sṛjam	sṛjam	sṛj	ADJ	dcs:260398	4	0
sṛjām	sṛjām	sṛj	ADJ	dcs:92864	4	0
takat	takat	taka	PRON	dcs:646916_1	4	0
tantrān	tantrān	tantra	NOUN	dcs:629539	4	0
tanutrāṇān	tanutrānān	tanutrāṇa	NOUN	dcs:243081	4	0
tanuvai	tanuvai	tanū	NOUN	dcs:425142	4	0
tattvān	tattvān	tattva	NOUN	dcs:91030	4	0
taṭām	taṭām	taṭa	NOUN	dcs:763624	4	0
tejanān	tejanān	tejana	NOUN	dcs:259291	4	0
tigmarocīḥ	tigmarocī	tigmarocis	NOUN	dcs:462298	4	0
tiladhenvaḥ	tiladhenva	tiladhenu	NOUN	dcs:413798	4	0
tmani	tmani	tman	NOUN	dcs:595099	4	0
trapam	trapam	trapā	NOUN	dcs:526395	4	0
trikadrukebhiḥ	trikadrukebhi	trikadruka	NOUN	dcs:641465	4	0
trāmaṇe	trāmane	trāman	NOUN	dcs:648880	4	0
turebhiḥ	turebhi	tura	ADJ	dcs:596781	4	0
tālāvacarāṇi	tālāvacarāni	tālāvacara	NOUN	dcs:668062	4	0
tāvatam	tāvatam	tāvat	ADJ	dcs:490896	4	0
tīkṣṇīyāṃsaḥ	tīkṣnīyānsa	tīkṣṇīyas	ADJ	dcs:634144_1	4	0
tṛṣṇam	tṛṣnam	tṛṣṇā	NOUN	dcs:485467	4	0
ubhayādan	ubhayādan	ubhayādat	ADJ	dcs:734469	4	0
ubhayāt	ubhayāt	ubhaya	ADJ	dcs:555556	4	0
uccaiśśravāḥ	uccaiśśravā	uccaiḥśravas	NOUN	dcs:711307_1	4	0
udakāsu	udakāsu	udaka	NOUN	dcs:304434	4	0
udarīm	udarīm	udara	ADJ	dcs:123524	4	0
udhar	udhar	udhan	NOUN	dcs:676522	4	0
udvāhām	udvāhām	udvāha	NOUN	dcs:617211	4	0
ugrebhiḥ	ugrebhi	ugra	ADJ	dcs:594722	4	0
ukthāyuve	ukthāyuve	ukthāyu	ADJ	dcs:671415	4	0
upakakṣāsa	upakakṣāsa	upakakṣa	ADJ	dcs:474418	4	0
upalabdhitaḥ	upalabdhita	upalabdhi	NOUN	dcs:45121	4	0
upalakṣaṇāḥ	upalakṣanā	upalakṣaṇa	NOUN	dcs:508097	4	0
uparāsa	uparāsa	upara	ADJ	dcs:608482	4	0
upavāsām	upavāsām	upavāsa	NOUN	dcs:629604	4	0
upābhyām	upābhyām	upa	NOUN	dcs:551746	4	0
upāyanā	upāyanā	upāyana	NOUN	dcs:641671	4	0
upāśrayāṇi	upāśrayāni	upāśraya	NOUN	dcs:59434	4	0
urastaḥ	urasta	uras	NOUN	dcs:647175	4	0
utpīḍām	utpīḍām	utpīḍa	NOUN	dcs:654407	4	0
utsāhām	utsāhām	utsāha	NOUN	dcs:209647	4	0
utsāsaḥ	utsāsa	utsa	NOUN	dcs:646315	4	0
uttaṃsām	uttansām	uttaṃsa	NOUN	dcs:176595	4	0
uṣareṣu	uṣareṣu	ūṣara	NOUN	dcs:629799	4	0
vadhebhiḥ	vadhebhi	vadha	NOUN	dcs:637386	4	0
vaihāyasām	vaihāyasām	vaihāyasa	ADJ	dcs:103397	4	0
vaikṛtim	vaikṛtim	vaikṛti	NOUN	dcs:165846	4	0
vairāgyataḥ	vairāgyata	vairāgyatā	NOUN	dcs:98061	4	0
vaitasām	vaitasām	vaitasa	ADJ	dcs:582924	4	0
vaivāhikām	vaivāhikām	vaivāhika	ADJ	dcs:485957	4	0
vaktri	vaktri	vaktṛ	ADJ	dcs:479600	4	0
vaktrāyāḥ	vaktrāyā	vaktra	NOUN	dcs:96994	4	0
vallām	vallām	valla	NOUN	dcs:360133	4	0
varimataḥ	varimata	variman	NOUN	dcs:649204	4	0
vartmānaḥ	vartmāna	vartman	NOUN	dcs:522596	4	0
varṣiṣṭhebhiḥ	varṣiṣṭhebhi	varṣiṣṭha	ADJ	dcs:609336_1	4	0
varṣīyāṃsaṃ	varṣīyānsam	varṣīyas	ADJ	dcs:638055	4	0
vasiṣṭhāsaḥ	vasiṣṭhāsa	vasiṣṭha	NOUN	dcs:691827	4	0
vastiyoḥ	vastiyo	vasti	NOUN	dcs:10134	4	0
vasudhaḥ	vasudha	vasudhā	NOUN	dcs:103035	4	0
vasutvanā	vasutvanā	vasutvana	NOUN	dcs:605784	4	0
vatsāsaḥ	vatsāsa	vatsa	NOUN	dcs:602943_1	4	0
vaḍavam	vaḍavam	vaḍaba	NOUN	dcs:691003_1	4	0
vaṣaṭkārāsu	vaṣaṭkārāsu	vaṣaṭkāra	NOUN	dcs:697596	4	0
veddhāram	veddhāram	veddhṛ	ADJ	dcs:172199	4	0
vedikāni	vedikāni	vedikā	NOUN	dcs:345113	4	0
vekurā	vekurā	bekurā	NOUN	dcs:660104	4	0
vicikitsaḥ	vicikitsa	vicikitsā	NOUN	dcs:570406	4	0
vikaṭavarma	vikaṭavarma	vikaṭavarman	NOUN	dcs:488314	4	0
vipākata	vipākata	vipāka	NOUN	dcs:42908	4	0
vivarām	vivarām	vivara	NOUN	dcs:361075	4	0
vivasvas	vivasvas	vivasvat	ADJ	dcs:672200	4	0
vivāhāyāḥ	vivāhāyā	vivāha	NOUN	dcs:616933	4	0
viśrāmām	viśrāmām	viśrāma	NOUN	dcs:339627	4	0
viśvak	viśvak	viṣvañc	ADJ	dcs:687127_1	4	0
viśvarūpyaṃ	viśvarūpyam	viśvarūpī	NOUN	dcs:638199	4	0
vratebhiḥ	vratebhi	vrata	NOUN	dcs:648725	4	0
vyacasvantā	vyacasvantā	vyacasvat	ADJ	dcs:601075	4	0
vyasanā	vyasanā	vyasana	NOUN	dcs:485502	4	0
vyasanām	vyasanām	vyasana	NOUN	dcs:63533	4	0
vyathau	vyathau	vyathā	NOUN	dcs:32413	4	0
vyatīṁr	vyatīnr	vyati	NOUN	dcs:651398	4	0
vyomana	vyomana	vyoman	NOUN	dcs:756823	4	0
vyāhṛtīṣu	vyāhṛtīṣu	vyāhṛti	NOUN	dcs:520486	4	0
vācaspatyuḥ	vācaspatyu	vācaspati	NOUN	dcs:646166	4	0
vācikī	vācikī	vācika	ADJ	dcs:655711	4	0
vāhanyā	vāhanyā	vāhana	ADJ	dcs:679324	4	0
vājayā	vājayā	vāja	NOUN	dcs:606711	4	0
vālukinīṃ	vālukinīm	vālukin	ADJ	dcs:144291	4	0
vātikām	vātikām	vātika	ADJ	dcs:59735	4	0
vāśrāsaḥ	vāśrāsa	vāśra	ADJ	dcs:604110	4	0
vāḍavaṃ	vāḍavam	vāḍaba	NOUN	dcs:76670	4	0
vīlu	vīlu	vīḍu	ADJ	dcs:726635	4	0
vṛkṣāṇi	vṛkṣāni	vṛkṣa	NOUN	dcs:727239	4	0
vṛttinām	vṛttinām	vṛtti	NOUN	dcs:761697	4	0
vṛṣabhāsa	vṛṣabhāsa	vṛṣabha	NOUN	dcs:595544	4	0
vṛṣaparvaṇau	vṛṣaparvanau	vṛṣaparvan	NOUN	dcs:165738	4	0
yajanī	yajanī	yajana	ADJ	dcs:493766	4	0
yamebhiḥ	yamebhi	yama	NOUN	dcs:686757	4	0
yamunam	yamunam	yamunā	NOUN	dcs:521799	4	0
yamāsaḥ	yamāsa	yama	NOUN	dcs:595574	4	0
yantrām	yantrām	yantra	NOUN	dcs:448787	4	0
yatha	yatha	yathā	PART	dcs:609634_1	4	0
yaudhiṣṭhirām	yaudhiṣṭhirām	yaudhiṣṭhira	ADJ	dcs:225232	4	0
yogebhiḥ	yogebhi	yoga	NOUN	dcs:649376	4	0
yopanān	yopanān	yopana	ADJ	dcs:633736	4	0
yuvnau	yuvnau	yuvan	NOUN	dcs:158888	4	0
yādṛśmin	yādṛśmin	yādṛś	ADJ	dcs:474539	4	0
yāmanā	yāmanā	yāman	NOUN	dcs:641838	4	0
yātram	yātram	yātrā	NOUN	dcs:526550	4	0
yātāraṃ	yātāram	yātṛ	ADJ	dcs:648669	4	0
ādaghnāsa	ādaghnāsa	ādaghna	ADJ	dcs:474418	4	0
ādhiyaḥ	ādhiya	ādhī	NOUN	dcs:702120	4	0
ādinas	ādinas	ādi	NOUN	dcs:45890	4	0
ādānāḥ	ādānā	ādāna	NOUN	dcs:707671	4	0
āgasau	āgasau	āgas	NOUN	dcs:258389	4	0
āghāṭībhiḥ	āghāṭībhi	āghāṭi	NOUN	dcs:672930	4	0
āgnāvaiṣṇavī	āgnāvaiṣnavī	āgnāvaiṣṇava	ADJ	dcs:742057	4	0
āgārān	āgārān	āgāra	NOUN	dcs:280924	4	0
āhutīṣu	āhutīṣu	āhuti	NOUN	dcs:729182	4	0
ākhyebhiḥ	ākhyebhi	ākhyā	NOUN	dcs:44970	4	0
ākhyeṣu	ākhyeṣu	ākhyā	NOUN	dcs:30444	4	0
āparāhṇikyau	āparāhnikyau	āparāhṇika	ADJ	dcs:748536	4	0
āpaṇām	āpanām	āpaṇa	NOUN	dcs:306933	4	0
ārambhaṇataḥ	ārambhanata	ārambhaṇa	NOUN	dcs:650879	4	0
ārambhaṇau	ārambhanau	ārambhaṇa	NOUN	dcs:755490	4	0
ārtavām	ārtavām	ārtava	NOUN	dcs:40453	4	0
ārtavāyāḥ	ārtavāyā	ārtava	NOUN	dcs:465861	4	0
ārtinā	ārtinā	ārti	NOUN	dcs:556214	4	0
ārūpyā	ārūpyā	ārūpya	ADJ	dcs:387576	4	0
āsanau	āsanau	āsana	NOUN	dcs:478431	4	0
āstaraṇān	āstaranān	āstaraṇa	NOUN	dcs:181905	4	0
āstham	āstham	āsthā	NOUN	dcs:627386	4	0
ātānāni	ātānāni	ātāna	NOUN	dcs:628687_1	4	0
āvārīṃ	āvārīm	āvāri	NOUN	dcs:653756	4	0
āvṛtīn	āvṛtīn	āvṛti	NOUN	dcs:462298	4	0
āyajīyān	āyajīyān	āyajīyas	ADJ	dcs:741325	4	0
āyudhi	āyudhi	āyudhin	NOUN	dcs:529262	4	0
āyudhāyāḥ	āyudhāyā	āyudha	NOUN	dcs:166005	4	0
āyuvaḥ	āyuva	āyu	ADJ	dcs:684653	4	0
āyuṣkān	āyuṣkān	āyuṣka	NOUN	dcs:331420	4	0
āśayataḥ	āśayata	āśaya	NOUN	dcs:658579	4	0
āṅgirasām	āngirasām	āṅgirasa	ADJ	dcs:265215	4	0
īdṛkṣāsa	īdṛkṣāsa	īdṛkṣa	ADJ	dcs:684465	4	0
īdṛṃśi	īdṛnśi	īdṛś	ADJ	dcs:620712	4	0
īkṣaṇābhiḥ	īkṣanābhi	īkṣaṇa	NOUN	dcs:132220	4	0
śabdataḥ	śabdata	śabda	NOUN	dcs:438486	4	0
śacīva	śacīva	śacīvat	ADJ	dcs:593026	4	0
śakṛdā	śakṛdā	śakṛt	NOUN	dcs:70728_1	4	0
śamayitrī	śamayitrī	śamayitṛ	ADJ	dcs:690577_1	4	0
śamvati	śamvati	śaṃvat	ADJ	dcs:699714_1	4	0
śamyorvākam	śamyorvākam	śaṃyorvāka	NOUN	dcs:712619	4	0
śamyuvāke	śamyuvāke	śaṃyuvāka	NOUN	dcs:747057	4	0
śamīgarbhīm	śamīgarbhīm	śamīgarbha	ADJ	dcs:669931	4	0
śarumāṁ	śarumām	śarumat	ADJ	dcs:702617	4	0
śastrikaḥ	śastrika	śastrikā	NOUN	dcs:488086	4	0
śatakratav	śatakratav	śatakratu	NOUN	dcs:592448	4	0
śatām	śatām	śata	NUM	dcs:266508	4	0
śatāyāḥ	śatāyā	śata	NUM	dcs:653932	4	0
śaśaghāti	śaśaghāti	śaśaghātin	NOUN	dcs:1141	4	0
śaṃkarasvāmi	śankarasvāmi	śaṃkarasvāmin	NOUN	dcs:613345	4	0
śilāhvā	śilāhvā	śilāhva	NOUN	dcs:329043	4	0
śirasīm	śirasīm	śiras	NOUN	dcs:436766	4	0
śmaśruvaḥ	śmaśruva	śmaśru	NOUN	dcs:689220	4	0
śmaśrū	śmaśrū	śmaśru	NOUN	dcs:435800	4	0
śmaśrūn	śmaśrūn	śmaśru	NOUN	dcs:308912	4	0
śmaśānataḥ	śmaśānata	śmaśāna	NOUN	dcs:617668	4	0
śravassu	śravassu	śravas	NOUN	dcs:597405	4	0
śreḥ	śre	śrī	NOUN	dcs:736779	4	0
śrutaśarma	śrutaśarma	śrutaśarman	NOUN	dcs:627852	4	0
śrutīn	śrutīn	śruti	NOUN	dcs:180229	4	0
śundhyuvaṃ	śundhyuvam	śundhyu	ADJ	dcs:603414	4	0
śuṣmebhiḥ	śuṣmebhi	śuṣma	NOUN	dcs:599266	4	0
śvetāsa	śvetāsa	śveta	ADJ	dcs:605867	4	0
śyāmūlena	śyāmūlena	syāmūla	NOUN	dcs:757639	4	0
śīrṣṇīm	śīrṣnīm	śīrṣan	NOUN	dcs:726642	4	0
ūṣmṇaḥ	ūṣmna	ūṣman	NOUN	dcs:39765	4	0
ṣaṇḍām	ṣanḍām	ṣaṇḍa	NOUN	dcs:138237	4	0
ṣoḍaśikī	ṣoḍaśikī	ṣoḍaśika	ADJ	dcs:756692	4	0
ṣoḍaśārcīḥ	ṣoḍaśārcī	ṣoḍaśārcis	NOUN	dcs:590134	4	0
abhiyoktri	abhiyoktri	abhiyoktṛ	ADJ	dcs:448957	3	0
aharbhiḥ	aharbhi	ahar	NOUN	dcs:567047	3	0
ahassu	ahassu	ahar	NOUN	dcs:652592	3	0
aikāhikābhiḥ	aikāhikābhi	aikāhika	ADJ	dcs:652241	3	0
aikāntikām	aikāntikām	aikāntika	ADJ	dcs:97365	3	0
aiśvaryān	aiśvaryān	aiśvarya	NOUN	dcs:265600	3	0
ajāsaḥ	ajāsa	aja	NOUN	dcs:601701	3	0
akartri	akartri	akartṛ	NOUN	dcs:535337	3	0
alpaśaḥ	alpaśa	alpaśas	ADV	dcs:551945	3	0
alpīyasam	alpīyasam	alpīyas	ADJ	dcs:222752	3	0
alpīyāṃsaṃ	alpīyānsam	alpīyas	ADJ	dcs:728843	3	0
amaraṇā	amaranā	amaraṇa	ADJ	dcs:359323	3	0
amatrebhiḥ	amatrebhi	amatra	NOUN	dcs:596080	3	0
antarikṣā	antarikṣā	antarikṣa	NOUN	dcs:601016	3	0
antarikṣābhyaḥ	antarikṣābhya	antarikṣa	ADJ	dcs:564865	3	0
anurāgataḥ	anurāgata	anurāga	NOUN	dcs:93240	3	0
anusārataḥ	anusārata	anusāra	NOUN	dcs:89735	3	0
anvaṣṭakyām	anvaṣṭakyām	anvaṣṭakya	NOUN	dcs:730092	3	0
anyonyaiḥ	anyonyai	anyonya	PRON	dcs:136041	3	0
anyonyāt	anyonyāt	anyonya	PRON	dcs:387908	3	0
apsarassu	apsarassu	apsaras	NOUN	dcs:165419	3	0
arddhaṃ	arddham	ardha	ADJ	dcs:49725	3	0
asādhvī	asādhvī	asādhu	ADJ	dcs:89876	3	0
asām	asām	asāman	NOUN	dcs:471814	3	0
atichandasaḥ	atichandasa	aticchandas	NOUN	dcs:729782	3	0
auṣṇihīṃ	auṣnihīm	auṣṇiha	ADJ	dcs:748915	3	0
avimāṁ	avimām	avimat	ADJ	dcs:701228	3	0
avṛkebhiḥ	avṛkebhi	avṛka	ADJ	dcs:600600_1	3	0
aśmnaḥ	aśmna	aśman	NOUN	dcs:81243	3	0
aśreyāḥ	aśreyā	aśreyas	ADJ	dcs:167859	3	0
aṅgebhiḥ	angebhi	aṅga	NOUN	dcs:594882_1	3	0
aṣṭādaśīm	aṣṭādaśīm	aṣṭādaśa	ADJ	dcs:73358	3	0
bhaktivāṃsaḥ	bhaktivānsa	bhaktivas	ADJ	dcs:649334	3	0
bhūriṇas	bhūrinas	bhūri	ADJ	dcs:529497	3	0
bhūtataḥ	bhūtata	bhūta	NOUN	dcs:632445	3	0
bruvoḥ	bruvo	brū	NOUN	dcs:552078	3	0
bāṇavāṁ	bānavām	bāṇavat	ADJ	dcs:647817	3	0
bṛhaddhanūḥ	bṛhaddhanū	bṛhaddhanus	NOUN	dcs:548778	3	0
caritrataḥ	caritrata	caritra	NOUN	dcs:465369	3	0
catuṣpañcāśatī	catuṣpancāśatī	catuṣpañcāśat	NOUN	dcs:465004	3	0
caurataḥ	caurata	caura	NOUN	dcs:655467	3	0
cāndramasām	cāndramasām	cāndramasa	ADJ	dcs:617004	3	0
daivayogataḥ	daivayogata	daivayoga	NOUN	dcs:625992	3	0
damyebhiḥ	damyebhi	damya	ADJ	dcs:650404	3	0
dantaveṣṭau	dantaveṣṭau	dantaveṣṭa	NOUN	dcs:444611	3	0
devarāj	devarāj	devara	NOUN	dcs:519402	3	0
dhāmbhiḥ	dhāmbhi	dhāman	NOUN	dcs:357715	3	0
dhānyābhrakā	dhānyābhrakā	dhānyābhraka	ADJ	dcs:101266	3	0
dhūmāsaḥ	dhūmāsa	dhūma	NOUN	dcs:602305	3	0
durmadāsaḥ	durmadāsa	durmada	ADJ	dcs:474238	3	0
durmitrāsaḥ	durmitrāsa	durmitra	ADJ	dcs:602360_1	3	0
durnām	durnām	durnāman	NOUN	dcs:34073	3	0
dvipañcāśatī	dvipancāśatī	dvipañcāśat	NOUN	dcs:101349	3	0
dvitīyasmin	dvitīyasmin	dvitīya	ADJ	dcs:613636	3	0
dvādaśasāhasrām	dvādaśasāhasrām	dvādaśasāhasra	ADJ	dcs:292800	3	0
dyūtataḥ	dyūtata	dyūta	NOUN	dcs:619774	3	0
dānāsaḥ	dānāsa	dāna	NOUN	dcs:605668	3	0
ekajyotīḥ	ekajyotī	ekajyotis	NOUN	dcs:540689	3	0
gandhataḥ	gandhata	gandha	NOUN	dcs:644778	3	0
gavyebhiḥ	gavyebhi	gavya	ADJ	dcs:601781	3	0
gharmāsaḥ	gharmāsa	gharma	NOUN	dcs:684940	3	0
ghrāṇataḥ	ghrānata	ghrāṇa	NOUN	dcs:645853	3	0
ghṛtārcīḥ	ghṛtārcī	ghṛtārcis	NOUN	dcs:278706	3	0
gṛhāsaḥ	gṛhāsa	gṛha	NOUN	dcs:641674	3	0
gṛtsamadāsaḥ	gṛtsamadāsa	gṛtsamada	NOUN	dcs:595901_1	3	0
haritebhiḥ	haritebhi	harita	ADJ	dcs:649803	3	0
harmyataḥ	harmyata	harmya	NOUN	dcs:621304	3	0
havebhiḥ	havebhi	hava	NOUN	dcs:602398	3	0
itaretarāt	itaretarāt	itaretara	PRON	dcs:90397	3	0
itarāt	itarāt	itara	PRON	dcs:554758	3	0
jaitrām	jaitrām	jaitra	ADJ	dcs:578621	3	0
kaniṣṭhataḥ	kaniṣṭhata	kaniṣṭha	ADJ	dcs:680241	3	0
kavīṃr	kavīnr	kavi	NOUN	dcs:652376	3	0
kaṅganī	kanganī	kaṅgunī	NOUN	dcs:366337	3	0
keśarasya	keśarasya	kesara	NOUN	dcs:65362	3	0
khananān	khananān	khanana	NOUN	dcs:73987	3	0
kho	kho	kha	NOUN	dcs:553494	3	0
kimo	kimo	kim	NOUN	dcs:553729	3	0
kiṭṭā	kiṭṭā	kiṭṭa	NOUN	dcs:331274	3	0
kuliśenā	kuliśenā	kuliśa	NOUN	dcs:648652	3	0
kuśikebhiḥ	kuśikebhi	kuśika	NOUN	dcs:597091_1	3	0
kuḍuvaṃ	kuḍuvam	kuḍava	NOUN	dcs:746196	3	0
kārtikaḥ	kārtika	kārttika	NOUN	dcs:590204	3	0
kārtikī	kārtikī	kārttikī	NOUN	dcs:553007	3	0
kṛtebhiḥ	kṛtebhi	kṛta	NOUN	dcs:604496	3	0
kṛtyataḥ	kṛtyata	kṛtya	NOUN	dcs:625344	3	0
lokamātrī	lokamātrī	lokamātṛ	NOUN	dcs:75100	3	0
madhyamebhiḥ	madhyamebhi	madhyamā	NOUN	dcs:367196	3	0
manuṣ	manuṣ	manu	NOUN	dcs:593487	3	0
muhūrttam	muhūrttam	muhūrta	NOUN	dcs:486247	3	0
muktāmātrī	muktāmātrī	muktāmātṛ	NOUN	dcs:22700	3	0
mānuṣebhiḥ	mānuṣebhi	mānuṣa	NOUN	dcs:602746	3	0
māsikām	māsikām	māsika	ADJ	dcs:505425	3	0
navyebhiḥ	navyebhi	navya	ADJ	dcs:594670_1	3	0
netaraṃ	netaram	netṛ	ADJ	dcs:480049	3	0
nidhīṃr	nidhīnr	nidhi	NOUN	dcs:610753	3	0
niṣyandam	niṣyandam	nisyanda	NOUN	dcs:629605	3	0
nāgamātrī	nāgamātrī	nāgamātṛ	NOUN	dcs:440994	3	0
nṛcakṣūḥ	nṛcakṣū	nṛcakṣus	NOUN	dcs:548846	3	0
nṛtamāsaḥ	nṛtamāsa	nṛtama	ADJ	dcs:593616_1	3	0
paiśācām	paiśācām	paiśāca	ADJ	dcs:440070	3	0
paredyuḥ	paredyu	paredyus	ADV	dcs:487827	3	0
parijmanaḥ	parijmana	parijman	ADJ	dcs:728744	3	0
patnīvatas	patnīvatas	patnīvat	ADJ	dcs:592044	3	0
patraratha	patraratha	pattraratha	NOUN	dcs:629575	3	0
pañcaviṃśatyām	pancavinśatyām	pañcaviṃśat	NUM	dcs:88	3	0
paścimottarataḥ	paścimottarata	paścimottara	ADJ	dcs:390044	3	0
paṅktyaḥ	panktya	paṅkti	NOUN	dcs:215106	3	0
prahāṇataḥ	prahānata	prahāṇa	NOUN	dcs:388834	3	0
prastāvataḥ	prastāvata	prastāva	NOUN	dcs:623977	3	0
prathīyāṃsaḥ	prathīyānsa	prathīyas	ADJ	dcs:689217	3	0
prativeśataḥ	prativeśata	prativeśa	ADJ	dcs:663163	3	0
pratnebhiḥ	pratnebhi	pratna	ADJ	dcs:607833	3	0
pratyayataḥ	pratyayata	pratyaya	NOUN	dcs:388276	3	0
prātaryāvāṇā	prātaryāvānā	prātaryāvan	ADJ	dcs:697343_1	3	0
punarvasuvoḥ	punarvasuvo	punarvasu	NOUN	dcs:343551	3	0
purātanām	purātanām	purātana	ADJ	dcs:540405	3	0
pāpāsaḥ	pāpāsa	pāpa	ADJ	dcs:598049	3	0
pūrvyāsaḥ	pūrvyāsa	pūrvya	ADJ	dcs:592604	3	0
rajassu	rajassu	rajas	NOUN	dcs:602667_2	3	0
rathyāsaḥ	rathyāsa	rathya	ADJ	dcs:601216	3	0
rayiṣāh	rayiṣāh	rayiṣah	ADJ	dcs:593110_1	3	0
raṅgamātrī	rangamātrī	raṅgamātṛ	NOUN	dcs:438599	3	0
romsu	romsu	roman	NOUN	dcs:38082	3	0
rājabadarāyāḥ	rājabadarāyā	rājabadara	NOUN	dcs:100981	3	0
rūpebhiḥ	rūpebhi	rūpa	NOUN	dcs:599783	3	0
sadhryañcaḥ	sadhryanca	sadhryañc	ADJ	dcs:598033	3	0
sakthnoḥ	sakthno	sakthi	NOUN	dcs:27299	3	0
sakthyāḥ	sakthyā	sakthi	NOUN	dcs:7871	3	0
samasmai	samasmai	sama	PRON	dcs:551344	3	0
samāvañśaḥ	samāvanśa	samāvacchas	ADV	dcs:678975	3	0
saptamāyām	saptamāyām	saptama	ADJ	dcs:523013	3	0
sarasvas	sarasvas	sarasvat	ADJ	dcs:746323	3	0
sarvebhiḥ	sarvebhi	sarva	NOUN	dcs:704742	3	0
satveṣu	satveṣu	sattva	NOUN	dcs:642319	3	0
satyebhiḥ	satyebhi	satya	ADJ	dcs:603256	3	0
skambhanīḥ	skambhanī	skambhana	ADJ	dcs:714774	3	0
snāv	snāv	snāvan	NOUN	dcs:33391	3	0
somasām	somasām	somasāman	NOUN	dcs:566146	3	0
sphāyaḥ	sphāya	sphāy	NOUN	dcs:554018	3	0
stenāsaḥ	stenāsa	stena	NOUN	dcs:646465	3	0
sthavirebhiḥ	sthavirebhi	sthavira	ADJ	dcs:600543	3	0
stheyasam	stheyasam	stheyas	ADJ	dcs:359107	3	0
sucakṣūḥ	sucakṣū	sucakṣus	NOUN	dcs:455981	3	0
suvidatrebhiḥ	suvidatrebhi	suvidatra	ADJ	dcs:641668	3	0
svānāsaḥ	svānāsa	svāna	NOUN	dcs:599117	3	0
syando	syando	syanda	NOUN	dcs:43190	3	0
syandrāsaḥ	syandrāsa	syandra	ADJ	dcs:599944	3	0
sālveya	sālveya	śālveya	NOUN	dcs:552975	3	0
sāmbhyaḥ	sāmbhya	sāman	NOUN	dcs:472753	3	0
sāyantanām	sāyantanām	sāyantana	ADJ	dcs:91433	3	0
tanīyāḥ	tanīyā	tanīyas	ADJ	dcs:462323	3	0
taruṇāyāḥ	tarunāyā	taruṇa	ADJ	dcs:5797	3	0
thāma	thāma	sthāman	NOUN	dcs:649958	3	0
turvaśo	turvaśo	turvasu	NOUN	dcs:166725	3	0
tvāyantaḥ	tvāyanta	tvāyat	ADJ	dcs:602354	3	0
udarataḥ	udarata	udara	NOUN	dcs:499199	3	0
udayanataḥ	udayanata	udayana	NOUN	dcs:70229	3	0
unmīlanī	unmīlanī	unmīlana	ADJ	dcs:506252	3	0
upabhogataḥ	upabhogata	upabhoga	NOUN	dcs:539730	3	0
vahiṣṭhebhiḥ	vahiṣṭhebhi	vahiṣṭha	ADJ	dcs:694516_1	3	0
vahnīr	vahnīr	vahni	NOUN	dcs:700078	3	0
varebhiḥ	varebhi	vara	NOUN	dcs:436038	3	0
vasīyāḥ	vasīyā	vasīyas	ADJ	dcs:565799_5	3	0
vaḍavānāṃ	vaḍavānām	vaḍabā	NOUN	dcs:630025	3	0
vibhiṣ	vibhiṣ	vi	NOUN	dcs:592851	3	0
vidvaḥsu	vidvaḥsu	vidvas	ADJ	dcs:357936	3	0
vidvobhyaḥ	vidvobhya	vidvas	ADJ	dcs:364441	3	0
virūpāsa	virūpāsa	virūpa	NOUN	dcs:610576	3	0
viśasanām	viśasanām	viśasana	ADJ	dcs:234219	3	0
viśvadevebhiḥ	viśvadevebhi	viśvadeva	NOUN	dcs:637152_1	3	0
vrātāsaḥ	vrātāsa	vrāta	NOUN	dcs:593578	3	0
vyatirekataḥ	vyatirekata	vyatireka	NOUN	dcs:92172	3	0
vyāghrapurāyām	vyāghrapurāyām	vyāghrapura	NOUN	dcs:110064	3	0
vākyān	vākyān	vākya	NOUN	dcs:521032	3	0
vārdhakaṃ	vārdhakam	vārddhaka	NOUN	dcs:590575	3	0
vārdhuṣiḥ	vārdhuṣi	vārddhuṣi	NOUN	dcs:76827	3	0
vārdhuṣī	vārdhuṣī	vārddhuṣin	NOUN	dcs:312767	3	0
vārāhām	vārāhām	vārāha	ADJ	dcs:39415	3	0
vāyavayā	vāyavayā	vāyava	ADJ	dcs:540827	3	0
vṛkāsaḥ	vṛkāsa	vṛka	NOUN	dcs:435435	3	0
vṛṣṇiyāvataḥ	vṛṣniyāvata	vṛṣṇyāvat	ADJ	dcs:672371	3	0
yajamānāsaḥ	yajamānāsa	yajamāna	NOUN	dcs:596165	3	0
yajñiyebhiḥ	yajniyebhi	yajñiya	ADJ	dcs:609517_1	3	0
yakṣmāsaḥ	yakṣmāsa	yakṣma	NOUN	dcs:649532	3	0
yogamātrī	yogamātrī	yogamātṛ	NOUN	dcs:451735	3	0
yāmāsaḥ	yāmāsa	yāma	NOUN	dcs:599145	3	0
ādarata	ādarata	ādara	NOUN	dcs:449071	3	0
āmayataḥ	āmayata	āmaya	NOUN	dcs:687119_1	3	0
āmitrām	āmitrām	āmitra	ADJ	dcs:182943	3	0
ārtteḥ	ārtte	ārti	NOUN	dcs:491380	3	0
āryakṛtī	āryakṛtī	āryakṛta	ADJ	dcs:677807	3	0
āsthāpanā	āsthāpanā	āsthāpana	ADJ	dcs:155052	3	0
āsthāpanī	āsthāpanī	āsthāpana	ADJ	dcs:155052	3	0
āyasayā	āyasayā	āyasa	ADJ	dcs:546807	3	0
āyasāsu	āyasāsu	āyasa	ADJ	dcs:67257	3	0
āśābhyas	āśābhyas	āśā	NOUN	dcs:638599	3	0
īdṛśābhiḥ	īdṛśābhi	īdṛśa	ADJ	dcs:90659	3	0
śaivāyām	śaivāyām	śaiva	ADJ	dcs:535366	3	0
śaṃnodevīyābhiḥ	śannodevīyābhi	śaṃnodevīya	ADJ	dcs:741825	3	0
śleṣmataḥ	śleṣmata	śleṣman	NOUN	dcs:645853	3	0
śrotrataḥ	śrotrata	śrotra	NOUN	dcs:645853	3	0
śrutataḥ	śrutata	śrutatas	ADV	dcs:103721	3	0
śrutaśravāyāṃ	śrutaśravāyām	śrutaśravas	NOUN	dcs:760477	3	0
śubhrebhiḥ	śubhrebhi	śubhra	ADJ	dcs:607379	3	0
śucidan	śucidan	śucidat	ADJ	dcs:599224	3	0
śārīrām	śārīrām	śārīra	ADJ	dcs:488433	3	0
śāṃkarām	śānkarām	śāṃkara	ADJ	dcs:408657	3	0
śūrāsaḥ	śūrāsa	śūra	NOUN	dcs:641487	3	0
ūrdhvāsaḥ	ūrdhvāsa	ūrdhva	ADJ	dcs:602563	3	0
ṛtīṣāham	ṛtīṣāham	ṛtīṣah	ADJ	dcs:566152	3	0
ṣaḍarcān	ṣaḍarcān	ṣaḍarca	ADJ	dcs:688034	3	0
ṣaṣṭhāyām	ṣaṣṭhāyām	ṣaṣṭha	ADJ	dcs:523011	3	0
abdimāṁ	abdimām	abdimat	ADJ	dcs:599757	2	0
abhidhānakāḥ	abhidhānakā	abhidhānaka	NOUN	dcs:24422	2	0
abhidipsvaḥ	abhidipsva	abhidipsu	ADJ	dcs:596260_1	2	0
abhijanataḥ	abhijanata	abhijana	NOUN	dcs:768906	2	0
abhijanāni	abhijanāni	abhijana	NOUN	dcs:139736	2	0
abhikāṅkṣam	abhikānkṣam	abhikāṅkṣā	NOUN	dcs:11224	2	0
abhimarśanī	abhimarśanī	abhimarśana	ADJ	dcs:742684	2	0
abhinayām	abhinayām	abhinaya	NOUN	dcs:617080	2	0
abhinirvṛttitaḥ	abhinirvṛttita	abhinirvṛtti	NOUN	dcs:643718	2	0
abhiprāyām	abhiprāyām	abhiprāya	NOUN	dcs:449501	2	0
abhiroddhāra	abhiroddhāra	abhiroddhṛ	ADJ	dcs:680818	2	0
abhisaṃdham	abhisandham	abhisaṃdhā	NOUN	dcs:63143	2	0
abhisaṃdhānāḥ	abhisandhānā	abhisaṃdhāna	NOUN	dcs:283641	2	0
abhivandanau	abhivandanau	abhivandana	NOUN	dcs:123222	2	0
abhivandanām	abhivandanām	abhivandana	NOUN	dcs:619449	2	0
abhivandanāḥ	abhivandanā	abhivandana	NOUN	dcs:325469	2	0
abhivardhanau	abhivardhanau	abhivardhana	NOUN	dcs:67781	2	0
abhivardhanāḥ	abhivardhanā	abhivardhana	NOUN	dcs:61025	2	0
abhivardhanī	abhivardhanī	abhivardhana	ADJ	dcs:766734	2	0
abhivādanā	abhivādanā	abhivādana	NOUN	dcs:179071	2	0
abhiyācanayā	abhiyācanayā	abhiyācana	NOUN	dcs:656063	2	0
abhiśaṅkam	abhiśankam	abhiśaṅkā	NOUN	dcs:534059	2	0
abhiśaṅkaḥ	abhiśanka	abhiśaṅkā	NOUN	dcs:488804	2	0
abhiṣavaṇīḥ	abhiṣavanī	abhiṣavaṇa	ADJ	dcs:638052	2	0
abhiṣeṇāṁ	abhiṣenām	abhiṣeṇa	NOUN	dcs:601311	2	0
abhrām	abhrām	abhra	NOUN	dcs:114653	2	0
abhyanujñau	abhyanujnau	abhyanujñā	NOUN	dcs:478446	2	0
abhyanujñānā	abhyanujnānā	abhyanujñāna	NOUN	dcs:524010	2	0
abhyasūyaḥ	abhyasūya	abhyasūyā	NOUN	dcs:387017	2	0
abhyañjanā	abhyanjanā	abhyañjana	NOUN	dcs:39903	2	0
abhyudgatinā	abhyudgatinā	abhyudgati	NOUN	dcs:487722	2	0
abhyāsām	abhyāsām	abhyāsa	NOUN	dcs:441169	2	0
abhīśūṃr	abhīśūnr	abhīśu	NOUN	dcs:606187	2	0
abālām	abālām	abāla	ADJ	dcs:102626	2	0
achidrāṃ	achidrām	acchidra	ADJ	dcs:757170	2	0
achā	achā	acchā	ADP	dcs:646354_1	2	0
achāvākānām	achāvākānām	acchāvāka	NOUN	dcs:698721	2	0
achāvākīyā	achāvākīyā	acchāvākīyā	NOUN	dcs:650883	2	0
acoḥ	aco	ac	NOUN	dcs:551546	2	0
adanāḥ	adanā	adana	NOUN	dcs:642750	2	0
adhamasmin	adhamasmin	adhama	ADJ	dcs:646654_1	2	0
adhasaḥ	adhasa	adhas	NOUN	dcs:555177	2	0
adhibhojanā	adhibhojanā	adhibhojana	NOUN	dcs:601464	2	0
adhicaraṇā	adhicaranā	adhicaraṇa	NOUN	dcs:741331	2	0
adhikāravatīṣu	adhikāravatīṣu	adhikāravat	ADJ	dcs:45583	2	0
adhikārāyām	adhikārāyām	adhikāra	NOUN	dcs:45889	2	0
adhipatyā	adhipatyā	adhipati	NOUN	dcs:661905	2	0
adhisthānam	adhisthānam	adhiṣṭhāna	NOUN	dcs:666783	2	0
adhivāsām	adhivāsām	adhivāsa	NOUN	dcs:436167	2	0
adhiṣṭhātri	adhiṣṭhātri	adhiṣṭhātṛ	NOUN	dcs:84832	2	0
adhiṣṭhātrībhiḥ	adhiṣṭhātrībhi	adhiṣṭhātṛ	ADJ	dcs:630190	2	0
adhvaryutaḥ	adhvaryuta	adhvaryu	NOUN	dcs:672760	2	0
adhvarāsaḥ	adhvarāsa	adhvara	NOUN	dcs:598869_1	2	0
adhyayanāḥ	adhyayanā	adhyayana	NOUN	dcs:289137	2	0
adhīvāsām	adhīvāsām	adhīvāsa	NOUN	dcs:673631	2	0
adobhyaḥ	adobhya	adas	PRON	dcs:388716	2	0
adogdhā	adogdhā	adogdhṛ	ADJ	dcs:92354	2	0
adriyoḥ	adriyo	adri	NOUN	dcs:573381	2	0
adriṣutāsa	adriṣutāsa	adriṣuta	ADJ	dcs:594825	2	0
adruhvāṇā	adruhvānā	adruhvan	ADJ	dcs:600276	2	0
advayantam	advayantam	advayat	ADJ	dcs:597155	2	0
adṛṣṭataḥ	adṛṣṭata	adṛṣṭa	NOUN	dcs:95806	2	0
aghniyām	aghniyām	aghnyā	NOUN	dcs:692656	2	0
agnicityeṣu	agnicityeṣu	agnicityā	NOUN	dcs:696685	2	0
agnimāṁ	agnimām	agnimat	ADJ	dcs:637379	2	0
agnivāṁ	agnivām	agnivat	ADJ	dcs:603642_1	2	0
agniśarma	agniśarma	agniśarman	NOUN	dcs:623666	2	0
agnyā	agnyā	agni	NOUN	dcs:695861	2	0
agruvāḥ	agruvā	agrū	NOUN	dcs:649887	2	0
agrādvānā	agrādvānā	agrādvan	ADJ	dcs:601956	2	0
agvi	agvi	agu	NOUN	dcs:94642	2	0
ahaitukām	ahaitukām	ahaituka	ADJ	dcs:87676	2	0
ahastāsaḥ	ahastāsa	ahasta	ADJ	dcs:609992_3	2	0
ahaṃkārāṇi	ahankārāni	ahaṃkāra	NOUN	dcs:480472	2	0
ahetutaḥ	ahetuta	ahetu	NOUN	dcs:632141	2	0
ahām	ahām	aha	NOUN	dcs:81227	2	0
aidhā	aidhā	aidha	NOUN	dcs:595357	2	0
aindrajālāḥ	aindrajālā	aindrajāla	ADJ	dcs:447920	2	0
aindrāvaruṇīm	aindrāvarunīm	aindrāvaruṇa	ADJ	dcs:696045	2	0
aiṅgudābhiḥ	aingudābhi	aiṅguda	ADJ	dcs:62261	2	0
aiṣīkīm	aiṣīkīm	aiṣīka	ADJ	dcs:698625	2	0
ajagallikān	ajagallikān	ajagallikā	NOUN	dcs:40302	2	0
ajagarāṇi	ajagarāni	ajagara	NOUN	dcs:283057	2	0
ajamodebhiḥ	ajamodebhi	ajamodā	NOUN	dcs:15735	2	0
ajanāsaḥ	ajanāsa	ajana	ADJ	dcs:602634_1	2	0
ajinām	ajinām	ajina	NOUN	dcs:620079	2	0
ajyānīṃ	ajyānīm	ajyāni	NOUN	dcs:755692	2	0
ajāvikāyai	ajāvikāyai	ajāvika	NOUN	dcs:696172	2	0
akaraṇā	akaranā	akaraṇa	ADJ	dcs:44224	2	0
akarmiṇaḥ	akarmina	akarman	ADJ	dcs:519373	2	0
akau	akau	aka	NOUN	dcs:554733	2	0
akhilātma	akhilātma	akhilātman	NOUN	dcs:452905	2	0
akudhryak	akudhryak	akudhryañc	ADJ	dcs:609726_1	2	0
akṣamālam	akṣamālam	akṣamālā	NOUN	dcs:560863	2	0
akṣamālaḥ	akṣamāla	akṣamālā	NOUN	dcs:629848	2	0
akṣasūtrāḥ	akṣasūtrā	akṣasūtra	NOUN	dcs:485784	2	0
akṣim	akṣim	akṣi	NOUN	dcs:513931	2	0
akṣāvapasya	akṣāvapasya	akṣāvāpa	NOUN	dcs:736116	2	0
akṣāyām	akṣāyām	akṣa	ADJ	dcs:573700	2	0
akṣṇau	akṣnau	akṣṇa	ADJ	dcs:468887_1	2	0
alaukikayā	alaukikayā	alaukika	ADJ	dcs:439423	2	0
alināsaḥ	alināsa	alina	NOUN	dcs:602343	2	0
alpīyān	alpīyān	alpīyas	ADJ	dcs:629661	2	0
alyā	alyā	ali	NOUN	dcs:564164	2	0
amanuṣyataḥ	amanuṣyata	amanuṣya	NOUN	dcs:645853	2	0
amaraṇām	amaranām	amaraṇa	NOUN	dcs:153303	2	0
amarṣām	amarṣām	amarṣa	NOUN	dcs:163262	2	0
amburāśiṇi	amburāśini	amburāśi	NOUN	dcs:405500	2	0
ambātaḥ	ambāta	ambā	NOUN	dcs:623032	2	0
amebhiḥ	amebhi	ama	NOUN	dcs:602670_1	2	0
amlikaiḥ	amlikai	amlikā	NOUN	dcs:360232	2	0
amājūr	amājūr	amājur	NOUN	dcs:596154_1	2	0
amībhyaḥ	amībhya	adas	PRON	dcs:637633	2	0
amīṣu	amīṣu	adas	PRON	dcs:629703	2	0
amūṣu	amūṣu	adas	PRON	dcs:89178	2	0
anakṣāsaḥ	anakṣāsa	anakṣa	ADJ	dcs:608433	2	0
analāni	analāni	anala	NOUN	dcs:359459	2	0
anantarajātāsu	anantarajātāsu	anantarajāta	ADJ	dcs:82267	2	0
anantāsa	anantāsa	ananta	ADJ	dcs:599869	2	0
anasvantā	anasvantā	anasvat	ADJ	dcs:599443_1	2	0
anavadyataḥ	anavadyata	anavadya	ADJ	dcs:632381	2	0
anavanāmitavaijayantī	anavanāmitavaijayantī	anavanāmitavaijayanta	NOUN	dcs:723714	2	0
anavi	anavi	anu	NOUN	dcs:604275	2	0
anaśitāḥ	anaśitā	anaśita	ADJ	dcs:556765	2	0
andhakārayā	andhakārayā	andhakāra	NOUN	dcs:630258	2	0
andhakārāyām	andhakārāyām	andhakāra	NOUN	dcs:520795	2	0
andhatamasā	andhatamasā	andhatamasa	NOUN	dcs:516642	2	0
anekāntavādi	anekāntavādi	anekāntavādin	NOUN	dcs:45142	2	0
anilām	anilām	anila	NOUN	dcs:763613	2	0
anityataḥ	anityata	anitya	ADJ	dcs:632942	2	0
antarālayā	antarālayā	antarāla	NOUN	dcs:489227	2	0
antarālāṃ	antarālām	antarāla	ADJ	dcs:517751	2	0
antarāpaṇām	antarāpanām	antarāpaṇa	NOUN	dcs:112487	2	0
antarātmnaḥ	antarātmna	antarātman	NOUN	dcs:80224	2	0
antassthāyām	antassthāyām	antaḥsthā	NOUN	dcs:663828	2	0
antassthāṃ	antassthām	antaḥsthā	NOUN	dcs:663828	2	0
antikī	antikī	antika	ADJ	dcs:749566	2	0
antāsaḥ	antāsa	anta	NOUN	dcs:610170	2	0
anubandhayā	anubandhayā	anubandha	NOUN	dcs:139617	2	0
anubandhām	anubandhām	anubandha	NOUN	dcs:121131	2	0
anubandhāni	anubandhāni	anubandha	NOUN	dcs:60437	2	0
anubandhāsu	anubandhāsu	anubandha	NOUN	dcs:522637	2	0
anubhāvataḥ	anubhāvata	anubhāva	NOUN	dcs:94587	2	0
anubhāvām	anubhāvām	anubhāva	NOUN	dcs:407913	2	0
anubhāvāni	anubhāvāni	anubhāva	NOUN	dcs:723306	2	0
anuchādaḥ	anuchāda	anucchāda	NOUN	dcs:493154	2	0
anuditāsa	anuditāsa	anudita	ADJ	dcs:611451	2	0
anugrahataḥ	anugrahata	anugraha	NOUN	dcs:89653	2	0
anugrāsaḥ	anugrāsa	anugra	ADJ	dcs:603716_1	2	0
anujanma	anujanma	anujanman	NOUN	dcs:90826	2	0
anujñaiḥ	anujnai	anujñā	NOUN	dcs:643007	2	0
anujñam	anujnam	anujñā	NOUN	dcs:625404	2	0
anukrośām	anukrośām	anukrośa	NOUN	dcs:120160	2	0
anukṛtīni	anukṛtīni	anukṛti	NOUN	dcs:437300	2	0
anulomanān	anulomanān	anulomana	ADJ	dcs:34169	2	0
anulomanī	anulomanī	anulomana	ADJ	dcs:27217	2	0
anumitiyoḥ	anumitiyo	anumiti	NOUN	dcs:538165	2	0
anuplavāsu	anuplavāsu	anuplava	NOUN	dcs:629921	2	0
anuprasaktitaḥ	anuprasaktita	anuprasakti	NOUN	dcs:618301	2	0
anupānau	anupānau	anupāna	NOUN	dcs:1792	2	0
anurasāṇi	anurasāni	anurasa	NOUN	dcs:3673	2	0
anurañjanāḥ	anuranjanā	anurañjana	NOUN	dcs:93829	2	0
anurāgayā	anurāgayā	anurāga	NOUN	dcs:617101	2	0
anurāgām	anurāgām	anurāga	NOUN	dcs:556015	2	0
anurāgāsu	anurāgāsu	anurāga	NOUN	dcs:619259	2	0
anurāgāyām	anurāgāyām	anurāga	NOUN	dcs:448618	2	0
anusārām	anusārām	anusāra	NOUN	dcs:336214	2	0
anutāpataḥ	anutāpata	anutāpa	NOUN	dcs:614379	2	0
anutāpām	anutāpām	anutāpa	NOUN	dcs:613237	2	0
anuyogataḥ	anuyogata	anuyoga	NOUN	dcs:614331	2	0
anuyātrau	anuyātrau	anuyātra	NOUN	dcs:478428	2	0
anuyātāraḥ	anuyātāra	anuyātṛ	NOUN	dcs:120826	2	0
anuśaṃsām	anuśansām	anuśaṃsa	ADJ	dcs:645700	2	0
anuśaṃsāni	anuśansāni	anuśaṃsa	NOUN	dcs:41556	2	0
anuṣṭhānān	anuṣṭhānān	anuṣṭhāna	NOUN	dcs:153180	2	0
anuṣṭugbhyāṃ	anuṣṭugbhyām	anuṣṭubh	NOUN	dcs:747023	2	0
anvayataḥ	anvayata	anvaya	NOUN	dcs:633160	2	0
anvayayā	anvayayā	anvaya	NOUN	dcs:164832	2	0
anvākhyānāḥ	anvākhyānā	anvākhyāna	NOUN	dcs:688782_1	2	0
anyatpārśvīṃ	anyatpārśvīm	anyatpārśva	ADJ	dcs:71081	2	0
anādhṛṣṭāsa	anādhṛṣṭāsa	anādhṛṣṭa	ADJ	dcs:592140	2	0
anāyudhāsa	anāyudhāsa	anāyudha	ADJ	dcs:598067	2	0
anṛtebhiḥ	anṛtebhi	anṛta	ADJ	dcs:637391	2	0
apadravyāḥ	apadravyā	apadravya	NOUN	dcs:449503	2	0
apaharaṇā	apaharanā	apaharaṇa	ADJ	dcs:32402	2	0
apahnavāni	apahnavāni	apahnava	NOUN	dcs:210453	2	0
apahāravarma	apahāravarma	apahāravarman	NOUN	dcs:489535	2	0
apalāpāni	apalāpāni	apalāpa	NOUN	dcs:6237	2	0
apanayanā	apanayanā	apanayana	ADJ	dcs:14492	2	0
apanetrī	apanetrī	apanetṛ	ADJ	dcs:644898	2	0
aparādhām	aparādhām	aparādha	NOUN	dcs:563887	2	0
apasu	apasu	apas	ADJ	dcs:603916	2	0
apavācanī	apavācanī	apavācana	ADJ	dcs:649541	2	0
apavāraṇā	apavāranā	apavāraṇa	NOUN	dcs:563096	2	0
apekṣaiḥ	apekṣai	apekṣā	NOUN	dcs:530283	2	0
apekṣāṇi	apekṣāni	apekṣā	NOUN	dcs:150775	2	0
apidhānāyām	apidhānāyām	apidhāna	NOUN	dcs:465358	2	0
appatiyoḥ	appatiyo	appati	NOUN	dcs:79951	2	0
apramādataḥ	apramādata	apramāda	NOUN	dcs:282182	2	0
apyebhiḥ	apyebhi	apya	ADJ	dcs:599013_1	2	0
apākaraṇau	apākaranau	apākaraṇa	ADJ	dcs:757136	2	0
apātrīkaraṇāḥ	apātrīkaranā	apātrīkaraṇa	NOUN	dcs:443006	2	0
apāśrayām	apāśrayām	apāśraya	NOUN	dcs:487892	2	0
apāṣṭhām	apāṣṭhām	apāṣṭha	NOUN	dcs:635365_1	2	0
arasāsa	arasāsa	arasa	ADJ	dcs:638487	2	0
aravindām	aravindām	aravinda	NOUN	dcs:629882	2	0
araṇebhiḥ	aranebhi	araṇa	ADJ	dcs:636872_2	2	0
araṇikaḥ	aranika	araṇikā	NOUN	dcs:438054	2	0
arbhakāsaḥ	arbhakāsa	arbhaka	ADJ	dcs:602634_1	2	0
arcimantā	arcimantā	arcimat	ADJ	dcs:610542	2	0
arddhāt	arddhāt	ardha	NOUN	dcs:468893_1	2	0
ardhacaturthī	ardhacaturthī	ardhacaturtha	ADJ	dcs:688271_1	2	0
ardhahārāṇi	ardhahārāni	ardhahāra	NOUN	dcs:724550	2	0
ariṇas	arinas	ari	ADJ	dcs:345108	2	0
arkakāntam	arkakāntam	arkakāntā	NOUN	dcs:51810	2	0
arkāśma	arkāśma	arkāśman	NOUN	dcs:328283	2	0
arthāyai	arthāyai	artha	NOUN	dcs:435133	2	0
aruṣebhiḥ	aruṣebhi	aruṣa	ADJ	dcs:594882_1	2	0
arvāṇam	arvānam	arvan	NOUN	dcs:610255	2	0
arvāṇaḥ	arvāna	arvan	ADJ	dcs:641612	2	0
arāyyam	arāyyam	arāyī	NOUN	dcs:612503	2	0
arāyāsaḥ	arāyāsa	arāya	ADJ	dcs:605973	2	0
asano	asano	asana	NOUN	dcs:24900	2	0
asidhenunā	asidhenunā	asidhenu	NOUN	dcs:629618	2	0
asiputrikaḥ	asiputrika	asiputrikā	NOUN	dcs:520763	2	0
astamanau	astamanau	astamana	NOUN	dcs:508635	2	0
asthani	asthani	asthi	NOUN	dcs:1911	2	0
asthī	asthī	asthi	NOUN	dcs:442506	2	0
astriyau	astriyau	astrī	NOUN	dcs:76742	2	0
asukhataḥ	asukhata	asukha	NOUN	dcs:631377	2	0
atandrāsaḥ	atandrāsa	atandra	ADJ	dcs:593817	2	0
atharvata	atharvata	atharvan	NOUN	dcs:687455	2	0
atharvyaṃ	atharvyam	atharvī	NOUN	dcs:594141	2	0
atibhyaḥ	atibhya	ati	NOUN	dcs:551784	2	0
atidhanvaḥ	atidhanva	atidhanvan	NOUN	dcs:662287	2	0
atikramaṇām	atikramanām	atikramaṇa	ADJ	dcs:441750	2	0
atimānayā	atimānayā	atimāna	ADJ	dcs:487440	2	0
atimūrtinā	atimūrtinā	atimūrti	NOUN	dcs:697260_1	2	0
atipūruṣāṇi	atipūruṣāni	atipūruṣa	ADJ	dcs:90070	2	0
atisārām	atisārām	atisāra	NOUN	dcs:156684	2	0
atkāṁ	atkām	atka	NOUN	dcs:600046	2	0
atriṇī	atrinī	atrin	ADJ	dcs:674620	2	0
attrim	attrim	atri	NOUN	dcs:673958	2	0
attriṇaṃ	attrinam	atrin	NOUN	dcs:720806	2	0
attriṇām	attrinām	atrin	NOUN	dcs:633264_1	2	0
atīmokṣaiḥ	atīmokṣai	atimokṣa	NOUN	dcs:672109	2	0
atīmokṣān	atīmokṣān	atimokṣa	NOUN	dcs:729945	2	0
atīrokāḥ	atīrokā	atiroka	NOUN	dcs:738290	2	0
atṛpāsaḥ	atṛpāsa	atṛpa	ADJ	dcs:598066	2	0
audumbarābhiḥ	audumbarābhi	audumbara	ADJ	dcs:62261	2	0
aupamyān	aupamyān	aupamya	NOUN	dcs:369900	2	0
aurdhvadehikī	aurdhvadehikī	aurdhvadehika	ADJ	dcs:765792	2	0
avabhāsaprāptāyāṃ	avabhāsaprāptāyām	avabhāsaprāpta	NOUN	dcs:722889	2	0
avabhāsām	avabhāsām	avabhāsa	NOUN	dcs:5015	2	0
avadānau	avadānau	avadāna	NOUN	dcs:697797	2	0
avaguṇṭhanā	avagunṭhanā	avaguṇṭhana	NOUN	dcs:629714	2	0
avaguṇṭhanām	avagunṭhanām	avaguṇṭhana	NOUN	dcs:630799	2	0
avajñena	avajnena	avajñā	NOUN	dcs:567268	2	0
avakartanataḥ	avakartanata	avakartana	NOUN	dcs:756444	2	0
avakāśāni	avakāśāni	avakāśa	NOUN	dcs:226214	2	0
avalambikām	avalambikām	avalambaka	ADJ	dcs:654815	2	0
avalambikāyāḥ	avalambikāyā	avalambaka	ADJ	dcs:654958	2	0
avalepām	avalepām	avalepa	NOUN	dcs:337509	2	0
avalepāni	avalepāni	avalepa	NOUN	dcs:488019	2	0
avalgujāni	avalgujāni	avalguja	NOUN	dcs:429363	2	0
avalokanām	avalokanām	avalokana	NOUN	dcs:91420	2	0
avaprajjanataḥ	avaprajjanata	avaprajjana	NOUN	dcs:651041	2	0
avarodhāni	avarodhāni	avarodha	NOUN	dcs:630347	2	0
avasakthikaḥ	avasakthika	avasakthikā	NOUN	dcs:559450	2	0
avasthānā	avasthānā	avasthāna	NOUN	dcs:85290	2	0
avasyuvam	avasyuvam	avasyu	ADJ	dcs:599850	2	0
avasyuvaḥ	avasyuva	avasyu	ADJ	dcs:607735_1	2	0
avasādām	avasādām	avasāda	NOUN	dcs:359550	2	0
avatāraṇāḥ	avatāranā	avatāraṇa	ADJ	dcs:364230	2	0
avatāraṇī	avatāranī	avatāraṇa	ADJ	dcs:644908	2	0
avatāsaḥ	avatāsa	avata	NOUN	dcs:749038	2	0
avaśeṣāsu	avaśeṣāsu	avaśeṣa	NOUN	dcs:578253	2	0
avaśeṣāyām	avaśeṣāyām	avaśeṣa	NOUN	dcs:279409	2	0
avekṣaṇāḥ	avekṣanā	avekṣaṇa	NOUN	dcs:573099	2	0
avidhīni	avidhīni	avidhi	NOUN	dcs:98242	2	0
aviduṣṭarāsaḥ	aviduṣṭarāsa	aviduṣṭara	ADJ	dcs:609322_1	2	0
avitarau	avitarau	avitṛ	ADJ	dcs:713218_1	2	0
avyayī	avyayī	avyaya	ADJ	dcs:608379	2	0
avṛkāsaḥ	avṛkāsa	avṛka	ADJ	dcs:603243_1	2	0
ayantrā	ayantrā	ayantra	ADJ	dcs:85677	2	0
ayantrāsaḥ	ayantrāsa	ayantra	ADJ	dcs:597925	2	0
ayaśaskarām	ayaśaskarām	ayaśaskara	ADJ	dcs:206789	2	0
ayoddhā	ayoddhā	ayoddhṛ	ADJ	dcs:592510_1	2	0
ayoddhāraṃ	ayoddhāram	ayoddhṛ	ADJ	dcs:547045	2	0
ayodhyāta	ayodhyāta	ayodhyā	NOUN	dcs:614048	2	0
añjīṃr	anjīnr	añji	NOUN	dcs:610922	2	0
aśaikṣābhiḥ	aśaikṣābhi	aśaikṣa	NOUN	dcs:724315	2	0
aśanataḥ	aśanata	aśana	NOUN	dcs:622340	2	0
aśanimāṁ	aśanimām	aśanimat	ADJ	dcs:598293	2	0
aśanāyasya	aśanāyasya	aśanāyā	NOUN	dcs:501942	2	0
aśaucāḥ	aśaucā	aśauca	ADJ	dcs:510130	2	0
aśmanau	aśmanau	aśman	NOUN	dcs:63452	2	0
aśrā	aśrā	asra	NOUN	dcs:747791	2	0
aśubhi	aśubhi	aśubha	ADJ	dcs:674525	2	0
aśuciyoḥ	aśuciyo	aśuci	ADJ	dcs:85379	2	0
aśvagandhaiḥ	aśvagandhai	aśvagandhā	NOUN	dcs:8995	2	0
aśvamedhikī	aśvamedhikī	aśvamedhika	ADJ	dcs:468830	2	0
aśvamedhikīnām	aśvamedhikīnām	aśvamedhika	ADJ	dcs:757527	2	0
aśviyā	aśviyā	aśviya	NOUN	dcs:598288	2	0
aśāsanāḥ	aśāsanā	aśāsana	ADJ	dcs:372076	2	0
aṃhāḥ	anhā	aṃhas	NOUN	dcs:684455	2	0
aṃsatrā	ansatrā	aṃsatra	NOUN	dcs:598692	2	0
aṃśayā	anśayā	aṃśa	NOUN	dcs:41692	2	0
aṃśikaiḥ	anśikai	aṃśikā	NOUN	dcs:14717	2	0
aṃśikasya	anśikasya	aṃśikā	NOUN	dcs:645048	2	0
aṃśikān	anśikān	aṃśikā	NOUN	dcs:393580	2	0
aṃśukayā	anśukayā	aṃśuka	NOUN	dcs:529438	2	0
aṅgakān	angakān	aṅgaka	NOUN	dcs:574359	2	0
aṅgarāgayā	angarāgayā	aṅgarāga	NOUN	dcs:477706	2	0
aṅgarāgām	angarāgām	aṅgarāga	NOUN	dcs:568363	2	0
aṅgarāgāsu	angarāgāsu	aṅgarāga	NOUN	dcs:764508	2	0
aṅgulitrāḥ	angulitrā	aṅgulitra	NOUN	dcs:178115	2	0
aṅguliyoḥ	anguliyo	aṅguli	NOUN	dcs:475907	2	0
aṅgulāyām	angulāyām	aṅgula	NOUN	dcs:329765	2	0
aṅgulāyāḥ	angulāyā	aṅgula	NOUN	dcs:329761	2	0
aṅgulīn	angulīn	aṅguli	NOUN	dcs:241952	2	0
aṅguṣṭhayā	anguṣṭhayā	aṅguṣṭha	NOUN	dcs:748116	2	0
aṅguṣṭhābhiḥ	anguṣṭhābhi	aṅguṣṭha	NOUN	dcs:753926	2	0
aṅgārāyām	angārāyām	aṅgāra	NOUN	dcs:156758	2	0
aṅgībhiḥ	angībhi	aṅga	ADJ	dcs:339336	2	0
aṅkayā	ankayā	aṅka	NOUN	dcs:131473	2	0
aṅkurābhiḥ	ankurābhi	aṅkura	NOUN	dcs:560484	2	0
aṅkurām	ankurām	aṅkura	NOUN	dcs:574593	2	0
aṇuvoḥ	anuvo	aṇu	NOUN	dcs:47492	2	0
aṣṭacatvāriṃśatyāḥ	aṣṭacatvārinśatyā	aṣṭacatvāriṃśat	NUM	dcs:61181	2	0
aṣṭapuṣpikam	aṣṭapuṣpikam	aṣṭapuṣpikā	NOUN	dcs:630090	2	0
aṣṭādaśī	aṣṭādaśī	aṣṭādaśa	ADJ	dcs:690467	2	0
aṣṭāpadyai	aṣṭāpadyai	aṣṭāpada	ADJ	dcs:500983	2	0
aṣṭāpadyāṃ	aṣṭāpadyām	aṣṭāpada	ADJ	dcs:743276	2	0
aṣṭāpadībhiḥ	aṣṭāpadībhi	aṣṭāpada	ADJ	dcs:595943_1	2	0
aṭṭahāsi	aṭṭahāsi	aṭṭahāsin	ADJ	dcs:762012	2	0
aṭṭahāsāni	aṭṭahāsāni	aṭṭahāsa	NOUN	dcs:347713	2	0
bahuvatī	bahuvatī	bahuvat	ADJ	dcs:757132	2	0
bahvṛcataḥ	bahvṛcata	bahvṛca	NOUN	dcs:672761	2	0
bahūdanau	bahūdanau	bahūdana	NOUN	dcs:95082	2	0
bal	bal	bāl	INTJ	dcs:697199_2	2	0
balbajāni	balbajāni	balbaja	NOUN	dcs:747820	2	0
bandhakām	bandhakām	bandhaka	NOUN	dcs:53789	2	0
bandhanāsaḥ	bandhanāsa	bandhana	ADJ	dcs:599291	2	0
bandhūṃr	bandhūnr	bandhu	NOUN	dcs:608873	2	0
barhiṣmāṁ	barhiṣmām	barhiṣmat	ADJ	dcs:607752	2	0
bekanāṭāṁ	bekanāṭām	bekanāṭa	NOUN	dcs:606104	2	0
bhaddāli	bhaddāli	bhaddālin	NOUN	dcs:632886	2	0
bhadraṃkari	bhadrankari	bhadraṃkara	ADJ	dcs:469981	2	0
bhagāsaḥ	bhagāsa	bhaga	NOUN	dcs:633791_1	2	0
bhaktinām	bhaktinām	bhakti	NOUN	dcs:708913	2	0
bhallakāni	bhallakāni	bhallaka	NOUN	dcs:400156	2	0
bharitrā	bharitrā	bharitra	NOUN	dcs:673953	2	0
bharttuḥ	bharttu	bhartṛ	NOUN	dcs:631610	2	0
bharāsaḥ	bharāsa	bhara	NOUN	dcs:607286_1	2	0
bhasoḥ	bhaso	bhas	NOUN	dcs:554657	2	0
bhaumām	bhaumām	bhauma	NOUN	dcs:309946	2	0
bhavaśarma	bhavaśarma	bhavaśarman	NOUN	dcs:625469	2	0
bhavāyanau	bhavāyanau	bhavāyanā	NOUN	dcs:350548	2	0
bhayaṃkarām	bhayankarām	bhayaṃkara	ADJ	dcs:374277	2	0
bhaṇḍakām	bhanḍakām	bhaṇḍaka	NOUN	dcs:361122	2	0
bhedām	bhedām	bheda	NOUN	dcs:473942_1	2	0
bhedāyām	bhedāyām	bheda	NOUN	dcs:32158	2	0
bhikṣeṣu	bhikṣeṣu	bhikṣā	NOUN	dcs:13461	2	0
bhiṇḍipāla	bhinḍipāla	bhindipāla	NOUN	dcs:761124	2	0
bhogebhiḥ	bhogebhi	bhoga	NOUN	dcs:639612	2	0
bhramaṇāḥ	bhramanā	bhramaṇa	NOUN	dcs:406222	2	0
bhraṃśām	bhranśām	bhraṃśa	NOUN	dcs:489070	2	0
bhrātarā	bhrātarā	bhrātṛ	NOUN	dcs:601738_2	2	0
bhrātāraḥ	bhrātāra	bhrātṛ	NOUN	dcs:99894	2	0
bhrātṛvyavāṁ	bhrātṛvyavām	bhrātṛvyavat	ADJ	dcs:565013	2	0
bhuvanebhyas	bhuvanebhyas	bhuvana	NOUN	dcs:596267_1	2	0
bhuśuṇḍinā	bhuśunḍinā	bhuśuṇḍi	NOUN	dcs:347877	2	0
bhvam	bhvam	bhū	NOUN	dcs:608506	2	0
bhve	bhve	bhū	NOUN	dcs:601885	2	0
bhāgavatāyām	bhāgavatāyām	bhāgavata	ADJ	dcs:68729	2	0
bhāgineyāni	bhāgineyāni	bhāgineya	ADJ	dcs:447604	2	0
bhāllabeyasya	bhāllabeyasya	bhāllaveya	NOUN	dcs:663923	2	0
bhāllabeyaṃ	bhāllabeyam	bhāllaveya	NOUN	dcs:663948	2	0
bhāratīyā	bhāratīyā	bhāratīya	ADJ	dcs:158634	2	0
bhāsayā	bhāsayā	bhāsa	NOUN	dcs:328937	2	0
bhāsāyām	bhāsāyām	bhāsa	NOUN	dcs:433802	2	0
bhāvanebhiḥ	bhāvanebhi	bhāvanā	NOUN	dcs:327816	2	0
bhāvanikān	bhāvanikān	bhāvanikā	NOUN	dcs:615166	2	0
bhāvanātaḥ	bhāvanāta	bhāvanā	NOUN	dcs:641018	2	0
bhāvābhiḥ	bhāvābhi	bhāva	NOUN	dcs:131838	2	0
bhāvāyām	bhāvāyām	bhāva	NOUN	dcs:449358	2	0
bhāṣeṇa	bhāṣena	bhāṣā	NOUN	dcs:525667	2	0
bhīmāsaḥ	bhīmāsa	bhīma	ADJ	dcs:592644	2	0
bhīrvam	bhīrvam	bhīru	ADJ	dcs:605633	2	0
bhītitaḥ	bhītita	bhīti	NOUN	dcs:617948	2	0
bhūbhyaḥ	bhūbhya	bhū	NOUN	dcs:552167	2	0
bhūliṅgān	bhūlingān	bhūliṅga	NOUN	dcs:342700	2	0
bhūmikasya	bhūmikasya	bhūmikā	NOUN	dcs:351193	2	0
bhūmikau	bhūmikau	bhūmikā	NOUN	dcs:887	2	0
bhūmīgṛha	bhūmīgṛha	bhūmigṛha	NOUN	dcs:764201	2	0
bhūtahāri	bhūtahāri	bhūtahārin	NOUN	dcs:22167	2	0
bhūtebhiḥ	bhūtebhi	bhūta	NOUN	dcs:628362	2	0
bhūtecchadaḥ	bhūtecchada	bhūtechad	NOUN	dcs:726603	2	0
bhūtinaḥ	bhūtina	bhūti	NOUN	dcs:436856	2	0
bhūtivarma	bhūtivarma	bhūtivarman	NOUN	dcs:614513	2	0
bhūyasīṣu	bhūyasīṣu	bhūyas	ADJ	dcs:749447	2	0
bhūyau	bhūyau	bhūya	NOUN	dcs:158880	2	0
bhūyāṃsau	bhūyānsau	bhūyas	ADJ	dcs:490594_4	2	0
bhūṣebhiḥ	bhūṣebhi	bhūṣā	NOUN	dcs:379909	2	0
bhūṣu	bhūṣu	bhū	NOUN	dcs:537891	2	0
bhūṣāya	bhūṣāya	bhūṣā	NOUN	dcs:369797	2	0
bhṛṣṭinā	bhṛṣṭinā	bhṛṣṭi	NOUN	dcs:640253	2	0
bibhīdaka	bibhīdaka	vibhītaka	NOUN	dcs:699710_1	2	0
bibhīṣikām	bibhīṣikām	vibhīṣikā	NOUN	dcs:629799	2	0
bindukāni	bindukāni	binduka	NOUN	dcs:378509	2	0
bista	bista	vista	NOUN	dcs:552828	2	0
bodhakāyāḥ	bodhakāyā	bodhaka	ADJ	dcs:434600	2	0
bodhisatvebhyaḥ	bodhisatvebhya	bodhisattva	NOUN	dcs:640846	2	0
brahmajaṭaḥ	brahmajaṭa	brahmajaṭā	NOUN	dcs:438562	2	0
brahmāṇā	brahmānā	brahman	NOUN	dcs:596582_1	2	0
bubhukṣasya	bubhukṣasya	bubhukṣā	NOUN	dcs:42398	2	0
bubhukṣeṇa	bubhukṣena	bubhukṣā	NOUN	dcs:42395	2	0
budhnāsaḥ	budhnāsa	budhna	NOUN	dcs:595439	2	0
busau	busau	busa	NOUN	dcs:43553	2	0
bāhunaḥ	bāhuna	bāhu	NOUN	dcs:501490	2	0
bāhve	bāhve	bāhu	NOUN	dcs:605589_1	2	0
bākulī	bākulī	bākula	ADJ	dcs:465111	2	0
bākāḥ	bākā	bāka	NOUN	dcs:175967	2	0
bāṇaliṅgā	bānalingā	bāṇaliṅga	NOUN	dcs:44668	2	0
bāṣpayā	bāṣpayā	bāṣpa	NOUN	dcs:613387	2	0
bṛhajjyotīḥ	bṛhajjyotī	bṛhajjyotis	NOUN	dcs:381048	2	0
bṛhannaḍāyāḥ	bṛhannaḍāyā	bṛhannaḍa	NOUN	dcs:215704	2	0
bṛhaspatiyoḥ	bṛhaspatiyo	bṛhaspati	NOUN	dcs:520827	2	0
cakhvāṃsaṃ	cakhvānsam	cakhvas	ADJ	dcs:596086	2	0
cakrataḥ	cakrata	cakra	NOUN	dcs:93036	2	0
cakravākām	cakravākām	cakravāka	NOUN	dcs:477332	2	0
cakrāśma	cakrāśma	cakrāśman	NOUN	dcs:182517	2	0
cakṣuḥsu	cakṣuḥsu	cakṣus	NOUN	dcs:379004	2	0
cakṣūṃsi	cakṣūnsi	cakṣus	NOUN	dcs:633880_1	2	0
calācalāsaḥ	calācalāsa	calācala	ADJ	dcs:595317	2	0
candrikeṇa	candrikena	candrikā	NOUN	dcs:489153	2	0
candrikāṇi	candrikāni	candrikā	NOUN	dcs:489153	2	0
candrāsa	candrāsa	candra	ADJ	dcs:597460	2	0
carcanā	carcanā	carcana	NOUN	dcs:534490	2	0
cariṣṇvam	cariṣnvam	cariṣṇu	ADJ	dcs:603744_1	2	0
carmāṇaḥ	carmāna	carman	NOUN	dcs:172678	2	0
caturthayā	caturthayā	caturtha	ADJ	dcs:430693_1	2	0
caturthikam	caturthikam	caturthikā	NOUN	dcs:394594	2	0
catuṣpuṇḍraḥ	catuṣpunḍra	catuṣpuṇḍrā	NOUN	dcs:19934	2	0
cauraṅgi	caurangi	cauraṅgin	NOUN	dcs:77145	2	0
caṇakāmlakāḥ	canakāmlakā	caṇakāmlaka	NOUN	dcs:432072	2	0
caṭitakāni	caṭitakāni	caṭitaka	NOUN	dcs:653542	2	0
ceṣṭanāḥ	ceṣṭanā	ceṣṭana	NOUN	dcs:372079	2	0
chagalāṇḍāḥ	chagalānḍā	chagalāṇḍa	NOUN	dcs:535658	2	0
chandasau	chandasau	chandas	NOUN	dcs:712552	2	0
chandastaḥ	chandasta	chandas	NOUN	dcs:749127	2	0
chatrakam	chatrakam	chattraka	NOUN	dcs:667285	2	0
chatrān	chatrān	chattra	NOUN	dcs:630381	2	0
chavīni	chavīni	chavi	NOUN	dcs:29205	2	0
chaśvattamaṃ	chaśvattamam	śaśvattama	ADJ	dcs:597359	2	0
choḥ	cho	chā	NOUN	dcs:555114	2	0
chriya	chriya	śrī	NOUN	dcs:651016	2	0
churikaḥ	churika	churikā	NOUN	dcs:615575	2	0
chutudrī	chutudrī	śutudrī	NOUN	dcs:597302_1	2	0
chuṣmī	chuṣmī	śuṣmin	ADJ	dcs:599680_1	2	0
chvetaḥ	chveta	śveta	ADJ	dcs:593269_1	2	0
chālayā	chālayā	chāgā	NOUN	dcs:71921	2	0
chālī	chālī	chāgā	NOUN	dcs:101939	2	0
cidbhiṭa	cidbhiṭa	cirbhiṭa	NOUN	dcs:465296	2	0
cidātma	cidātma	cidātman	NOUN	dcs:53484	2	0
cintasya	cintasya	cintā	NOUN	dcs:521110	2	0
citragṛhān	citragṛhān	citragṛha	NOUN	dcs:131763	2	0
citraśikhaṇḍi	citraśikhanḍi	citraśikhaṇḍin	NOUN	dcs:300810	2	0
citrebhiḥ	citrebhi	citra	ADJ	dcs:600199	2	0
ciñcikam	cincikam	ciñcikā	NOUN	dcs:100604	2	0
coditārā	coditārā	coditṛ	ADJ	dcs:599782	2	0
cāpāṁ	cāpām	cāpa	NOUN	dcs:610355	2	0
cātanebhiḥ	cātanebhi	cātana	ADJ	dcs:673944	2	0
cātreṇa	cātrena	cāttra	NOUN	dcs:424037	2	0
cūḍāmaṇini	cūḍāmanini	cūḍāmaṇi	NOUN	dcs:630758	2	0
dadhnāṃ	dadhnām	dadhi	NOUN	dcs:708964	2	0
dadrūṇi	dadrūni	dadru	NOUN	dcs:100445	2	0
dahanāgurau	dahanāgurau	dahanāguru	NOUN	dcs:25120	2	0
dakṣapitāraḥ	dakṣapitāra	dakṣapitṛ	NOUN	dcs:670492	2	0
dakṣiṇātaḥ	dakṣināta	dakṣiṇā	NOUN	dcs:614061	2	0
dakṣāsa	dakṣāsa	dakṣa	ADJ	dcs:592965	2	0
damanām	damanām	damana	ADJ	dcs:423214	2	0
damāsaḥ	damāsa	dama	NOUN	dcs:636986	2	0
dantaveṣṭā	dantaveṣṭā	dantaveṣṭa	NOUN	dcs:1932	2	0
danāyūḥ	danāyū	danāyus	NOUN	dcs:163699	2	0
darbhāni	darbhāni	darbha	NOUN	dcs:459044	2	0
darbhāsaḥ	darbhāsa	darbha	NOUN	dcs:595776	2	0
darpataḥ	darpata	darpa	NOUN	dcs:621070	2	0
darśanābhiḥ	darśanābhi	darśana	NOUN	dcs:313690	2	0
darśanāsu	darśanāsu	darśana	NOUN	dcs:304427	2	0
darśanāyāḥ	darśanāyā	darśana	NOUN	dcs:489192	2	0
darśatāsaḥ	darśatāsa	darśata	ADJ	dcs:609037_1	2	0
dasyavi	dasyavi	dasyu	NOUN	dcs:604036_1	2	0
datram	datram	dattra	NOUN	dcs:597388	2	0
datre	datre	dattra	NOUN	dcs:598279	2	0
daurmanasyāḥ	daurmanasyā	daurmanasya	NOUN	dcs:365000	2	0
daṇḍavāsi	danḍavāsi	daṇḍavāsin	NOUN	dcs:418258	2	0
devadālikam	devadālikam	devadālikā	NOUN	dcs:398245	2	0
devasvāmi	devasvāmi	devasvāmin	NOUN	dcs:613319	2	0
devatasya	devatasya	devatā	NOUN	dcs:755168	2	0
devatau	devatau	devatā	NOUN	dcs:695907	2	0
devatebhyaḥ	devatebhya	devatā	NOUN	dcs:431022_1	2	0
devatumūlaṃ	devatumūlam	devatumula	NOUN	dcs:102496	2	0
devaśarma	devaśarma	devaśarman	NOUN	dcs:567089	2	0
dhairyām	dhairyām	dhairya	NOUN	dcs:304425	2	0
dharmatātaḥ	dharmatāta	dharmatā	NOUN	dcs:645888	2	0
dharmavantā	dharmavantā	dharmavat	ADJ	dcs:605265	2	0
dharmavarmaṇau	dharmavarmanau	dharmavarman	NOUN	dcs:336764	2	0
dharmavarmā	dharmavarmā	dharmavarman	NOUN	dcs:514269	2	0
dharmme	dharmme	dharma	NOUN	dcs:561612	2	0
dharmāṇā	dharmānā	dharman	NOUN	dcs:600194	2	0
dhasaḥ	dhasa	dhā	ADJ	dcs:715732	2	0
dhiyañjinvāsaḥ	dhiyanjinvāsa	dhiyaṃjinva	ADJ	dcs:602625_1	2	0
dhiṣṇiyavantaḥ	dhiṣniyavanta	dhiṣṇyavat	ADJ	dcs:671545	2	0
dhiṣṇyataḥ	dhiṣnyata	dhiṣṇya	NOUN	dcs:93158	2	0
dhmoḥ	dhmo	dhmā	NOUN	dcs:555104	2	0
dhmātarī	dhmātarī	dhmātṛ	NOUN	dcs:599254_1	2	0
dhruvebhiḥ	dhruvebhi	dhruva	ADJ	dcs:593565	2	0
dhvanini	dhvanini	dhvani	NOUN	dcs:409624	2	0
dhāmanā	dhāmanā	dhāman	NOUN	dcs:753712	2	0
dhāmārgavāṇi	dhāmārgavāni	dhāmārgava	NOUN	dcs:58180	2	0
dhānyāmlāḥ	dhānyāmlā	dhānyāmla	NOUN	dcs:60458	2	0
dhātaraḥ	dhātara	dhātṛ	NOUN	dcs:635611	2	0
dhātvaḥ	dhātva	dhātu	NOUN	dcs:37212	2	0
dhīraṇāsaḥ	dhīranāsa	dhīraṇa	ADJ	dcs:597342	2	0
dhītīn	dhītīn	dhīti	NOUN	dcs:601590	2	0
dhīṣ	dhīṣ	dhī	NOUN	dcs:595852_1	2	0
dhṛtārcīḥ	dhṛtārcī	dhṛtārcis	NOUN	dcs:340377	2	0
didṛkṣaḥ	didṛkṣa	didṛkṣā	NOUN	dcs:525995	2	0
digantarām	digantarām	digantara	NOUN	dcs:515428	2	0
digantarān	digantarān	digantara	NOUN	dcs:574768	2	0
dikpālām	dikpālām	dikpāla	NOUN	dcs:393994	2	0
divodāsebhiḥ	divodāsebhi	divodāsa	NOUN	dcs:594671_1	2	0
divyatejā	divyatejā	divyatejas	NOUN	dcs:18910	2	0
divām	divām	div	NOUN	dcs:554433	2	0
diṅmukhām	dinmukhām	diṅmukha	NOUN	dcs:617535	2	0
dohasam	dohasam	dohas	NOUN	dcs:601506	2	0
doḥṣu	doḥṣu	dos	NOUN	dcs:88477	2	0
drapsāsaḥ	drapsāsa	drapsa	NOUN	dcs:607217_1	2	0
drapsāṁ	drapsām	drapsa	NOUN	dcs:608951	2	0
dravitnvaḥ	dravitnva	dravitnu	ADJ	dcs:610320	2	0
draḍhima	draḍhima	draḍhiman	NOUN	dcs:573242	2	0
drohām	drohām	droha	NOUN	dcs:619756	2	0
druhāni	druhāni	druha	ADJ	dcs:253197	2	0
druvaḥ	druva	dru	NOUN	dcs:552562	2	0
drāghima	drāghima	drāghiman	NOUN	dcs:563322	2	0
dugūlāḥ	dugūlā	dugūla	NOUN	dcs:229693	2	0
duhitri	duhitri	duhitṛ	NOUN	dcs:527267	2	0
duhitāram	duhitāram	duhitṛ	NOUN	dcs:348427	2	0
duhitārau	duhitārau	duhitṛ	NOUN	dcs:674381	2	0
dukūlām	dukūlām	dukūla	NOUN	dcs:387064	2	0
durbhikṣāṃ	durbhikṣām	durbhikṣa	ADJ	dcs:411572	2	0
durbhyaḥ	durbhya	dus	NOUN	dcs:555440	2	0
durdaśam	durdaśam	durdaśā	NOUN	dcs:260753	2	0
durhaṇāvāṁ	durhanāvām	durhaṇāvat	ADJ	dcs:604567	2	0
durhaṇāyuvaṃ	durhanāyuvam	durhaṇāyu	ADJ	dcs:598542	2	0
duroṣāsaḥ	duroṣāsa	duroṣa	ADJ	dcs:603715_1	2	0
durvasoḥ	durvaso	turvasu	NOUN	dcs:513977	2	0
durvasuṃ	durvasum	turvasu	NOUN	dcs:513573	2	0
durvārtā	durvārtā	durvārttā	NOUN	dcs:630484	2	0
duryoṇā	duryonā	duryoṇa	ADJ	dcs:677251	2	0
dusbhyām	dusbhyām	dus	NOUN	dcs:554800	2	0
dusvapnaḥ	dusvapna	duḥsvapna	NOUN	dcs:669865	2	0
duvasyuvā	duvasyuvā	duvasyu	ADJ	dcs:607039	2	0
duḥkhata	duḥkhata	duḥkha	ADJ	dcs:632942	2	0
duḥkhatarām	duḥkhatarām	duḥkhatara	ADJ	dcs:219438	2	0
duḥśrite	duḥśrite	duḥśṛta	ADJ	dcs:687574	2	0
duḥṣvapniyaṃ	duḥṣvapniyam	duḥṣvapnya	NOUN	dcs:693152	2	0
duṣṣamam	duṣṣamam	duḥṣama	NOUN	dcs:650837	2	0
dvayāyām	dvayāyām	dvaya	NOUN	dcs:544924	2	0
dveṣasam	dveṣasam	dveṣas	NOUN	dcs:598969	2	0
dveṣataḥ	dveṣata	dveṣa	NOUN	dcs:231917	2	0
dveṣṭrī	dveṣṭrī	dveṣṭṛ	ADJ	dcs:546306	2	0
dvicatvāriṃśatyā	dvicatvārinśatyā	dvicatvāriṃśat	NUM	dcs:590155	2	0
dvidaṇḍi	dvidanḍi	dvidaṇḍin	NOUN	dcs:553964	2	0
dvirephām	dvirephām	dvirepha	NOUN	dcs:95578	2	0
dvitīyasmai	dvitīyasmai	dvitīya	ADJ	dcs:551444	2	0
dvādaśātma	dvādaśātma	dvādaśātman	NOUN	dcs:75268	2	0
dvāradarśi	dvāradarśi	dvāradarśin	NOUN	dcs:509481	2	0
dvārataḥ	dvārata	dvāra	NOUN	dcs:625945	2	0
dyavī	dyavī	div	NOUN	dcs:652030	2	0
dyukṣāsa	dyukṣāsa	dyukṣa	ADJ	dcs:597462	2	0
dyumnavāṁ	dyumnavām	dyumnavat	ADJ	dcs:599462	2	0
dyumnām	dyumnām	dyumna	NOUN	dcs:597019	2	0
dyumnāsāham	dyumnāsāham	dyumnāsah	ADJ	dcs:594427	2	0
dyutini	dyutini	dyuti	NOUN	dcs:462321	2	0
dyutīni	dyutīni	dyuti	NOUN	dcs:486088	2	0
dāhām	dāhām	dāha	NOUN	dcs:5425	2	0
dārakriyam	dārakriyam	dārakriyā	NOUN	dcs:624820	2	0
dāravām	dāravām	dārava	ADJ	dcs:96966	2	0
dāridryāḥ	dāridryā	dāridrya	NOUN	dcs:489313	2	0
dārukarṇi	dārukarni	dārukarṇin	NOUN	dcs:653994	2	0
dāruvarmaṇau	dāruvarmanau	dāruvarman	NOUN	dcs:487699	2	0
dātri	dātri	dātṛ	ADJ	dcs:457772	2	0
dāyakām	dāyakām	dāyaka	ADJ	dcs:399605	2	0
dāśārhāṃ	dāśārhām	dāśārha	ADJ	dcs:181547	2	0
dīkṣasya	dīkṣasya	dīkṣā	NOUN	dcs:558151	2	0
dīkṣātaḥ	dīkṣāta	dīkṣā	NOUN	dcs:699529_1	2	0
dīpataḥ	dīpata	dīpa	NOUN	dcs:616581	2	0
dīpikam	dīpikam	dīpikā	NOUN	dcs:619394	2	0
dīpāyām	dīpāyām	dīpa	NOUN	dcs:616572	2	0
dūrśebhiḥ	dūrśebhi	dūrśa	NOUN	dcs:634441_1	2	0
dūtāsa	dūtāsa	dūta	NOUN	dcs:610278	2	0
dṛḍhāsaḥ	dṛḍhāsa	dṛḍha	ADJ	dcs:593207	2	0
dṛṣṭitaḥ	dṛṣṭita	dṛṣṭi	NOUN	dcs:623281	2	0
ekaikasmai	ekaikasmai	ekaika	PRON	dcs:72107	2	0
ekatamasya	ekatamasya	ekatama	ADJ	dcs:480072	2	0
ekatameṣu	ekatameṣu	ekatama	ADJ	dcs:295623	2	0
ekatarasmin	ekatarasmin	ekatara	ADJ	dcs:425496	2	0
ekatarasya	ekatarasya	ekatara	ADJ	dcs:438974	2	0
ekatarāt	ekatarāt	ekatara	ADJ	dcs:286126	2	0
ekatayīṣu	ekatayīṣu	ekataya	ADJ	dcs:680398	2	0
ekatodantau	ekatodantau	ekatodat	ADJ	dcs:519299	2	0
ekatodantaḥ	ekatodanta	ekatodat	ADJ	dcs:507933	2	0
ekaviṃśatyāṃ	ekavinśatyām	ekaviṃśati	NUM	dcs:71026	2	0
ekādaśāṁ	ekādaśām	ekādaśa	ADJ	dcs:605354	2	0
elāpatrāya	elāpatrāya	elāpattra	NOUN	dcs:518530	2	0
etadaḥ	etada	etad	NOUN	dcs:552123	2	0
etādṛkṣāsa	etādṛkṣāsa	etādṛkṣa	ADJ	dcs:684465	2	0
evāsaḥ	evāsa	eva	NOUN	dcs:595362	2	0
gadham	gadham	gadhā	NOUN	dcs:696069	2	0
gaganābhiḥ	gaganābhi	gagana	NOUN	dcs:365711	2	0
gaireyī	gaireyī	gaireya	ADJ	dcs:673331	2	0
gajapuṭāni	gajapuṭāni	gajapuṭa	NOUN	dcs:361087	2	0
gamanau	gamanau	gamana	ADJ	dcs:692503	2	0
gamanikam	gamanikam	gamanikā	NOUN	dcs:467968	2	0
gambhīrebhiḥ	gambhīrebhi	gambhīra	ADJ	dcs:678721	2	0
gandhakām	gandhakām	gandhaka	NOUN	dcs:403337	2	0
gandharvebhiḥ	gandharvebhi	gandharva	NOUN	dcs:637184	2	0
garbhāśayām	garbhāśayām	garbhāśaya	NOUN	dcs:63082	2	0
garbhāśayāyāḥ	garbhāśayāyā	garbhāśaya	NOUN	dcs:62994	2	0
garjanāḥ	garjanā	garjana	NOUN	dcs:344924	2	0
garvām	garvām	garva	NOUN	dcs:563273	2	0
gatikā	gatikā	gatika	NOUN	dcs:393671	2	0
gatikām	gatikām	gatika	NOUN	dcs:393744	2	0
gatvarām	gatvarām	gatvara	ADJ	dcs:582180	2	0
gaurataḥ	gaurata	gaura	ADJ	dcs:27175	2	0
gav	gav	go	NOUN	dcs:648183_1	2	0
gaṇāni	ganāni	gaṇa	NOUN	dcs:122802	2	0
gaṇḍīrāṇi	ganḍīrāni	gaṇḍīra	NOUN	dcs:58323	2	0
gehān	gehān	geha	NOUN	dcs:96250	2	0
ghorāsaḥ	ghorāsa	ghora	ADJ	dcs:603118	2	0
ghoṇaiḥ	ghonai	ghoṇā	NOUN	dcs:560490	2	0
ghoṇi	ghoni	ghoṇin	NOUN	dcs:560787	2	0
ghuṇapriyam	ghunapriyam	ghuṇapriyā	NOUN	dcs:34510	2	0
ghuṇavallabhaiḥ	ghunavallabhai	ghuṇavallabhā	NOUN	dcs:34368	2	0
ghṛtasnuvaḥ	ghṛtasnuva	ghṛtasnu	ADJ	dcs:592082_1	2	0
ghṛtasnuvā	ghṛtasnuvā	ghṛtasnu	ADJ	dcs:596815	2	0
ghṛtavānti	ghṛtavānti	ghṛtavat	ADJ	dcs:608817	2	0
gokulān	gokulān	gokula	NOUN	dcs:210620	2	0
gomedāni	gomedāni	gomeda	NOUN	dcs:57333	2	0
gopaghoṇṭau	gopaghonṭau	gopaghoṇṭā	NOUN	dcs:43443	2	0
gosvāmi	gosvāmi	gosvāmin	NOUN	dcs:81206	2	0
govindasvāmi	govindasvāmi	govindasvāmin	NOUN	dcs:620508	2	0
grāmataḥ	grāmata	grāma	NOUN	dcs:699719_1	2	0
grāmebhiḥ	grāmebhi	grāma	NOUN	dcs:593897	2	0
grāmyāsaḥ	grāmyāsa	grāmya	ADJ	dcs:647986	2	0
guḍāni	guḍāni	guḍa	NOUN	dcs:398236	2	0
guṇavarma	gunavarma	guṇavarman	NOUN	dcs:617529	2	0
guṭikena	guṭikena	guṭikā	NOUN	dcs:630090	2	0
guṭikān	guṭikān	guṭikā	NOUN	dcs:386998	2	0
gāyatriyām	gāyatriyām	gāyatrī	NOUN	dcs:719296_1	2	0
gāṇḍīvadhanvanau	gānḍīvadhanvanau	gāṇḍīvadhanvan	NOUN	dcs:257697	2	0
gītakān	gītakān	gītaka	NOUN	dcs:382484	2	0
gṛddhīn	gṛddhīn	gṛddhi	NOUN	dcs:243786	2	0
gṝbhyaḥ	gṝbhya	gṝ	NOUN	dcs:552199	2	0
hanukaḥ	hanuka	hanukā	NOUN	dcs:137064	2	0
harasvāmi	harasvāmi	harasvāmin	NOUN	dcs:620305	2	0
harikāsu	harikāsu	harika	NOUN	dcs:750160	2	0
hastakām	hastakām	hastaka	NOUN	dcs:222170	2	0
hastataḥ	hastata	hasta	NOUN	dcs:626354	2	0
hastebhiḥ	hastebhi	hasta	NOUN	dcs:597965_1	2	0
hayebhiḥ	hayebhi	haya	NOUN	dcs:603239_1	2	0
hemajau	hemajau	hemaja	NOUN	dcs:428011	2	0
hemantām	hemantām	hemanta	NOUN	dcs:468963	2	0
hemanā	hemanā	heman	NOUN	dcs:608840	2	0
hembhiḥ	hembhi	heman	NOUN	dcs:41478	2	0
hetini	hetini	heti	NOUN	dcs:629575	2	0
hetuvoḥ	hetuvo	hetu	NOUN	dcs:481154	2	0
hikkaḥ	hikka	hikkā	NOUN	dcs:299488	2	0
hiraṇyayebhiḥ	hiranyayebhi	hiraṇyaya	ADJ	dcs:593244	2	0
hiraṇyayāsa	hiranyayāsa	hiraṇyaya	ADJ	dcs:601883	2	0
hiṃsebhiḥ	hinsebhi	hiṃsā	NOUN	dcs:477240	2	0
hiṅgulikena	hingulikena	hiṅgulikā	NOUN	dcs:163044	2	0
hotaram	hotaram	hotṛ	NOUN	dcs:747684	2	0
huvām	huvām	hu	NOUN	dcs:552214	2	0
hārataḥ	hārata	hāra	NOUN	dcs:623181	2	0
hṛdayadravām	hṛdayadravām	hṛdayadrava	NOUN	dcs:33671	2	0
icchātaḥ	icchāta	icchā	NOUN	dcs:772310	2	0
idambhyām	idambhyām	idam	NOUN	dcs:553617	2	0
idaṃmadhuṃ	idammadhum	idaṃmadhu	NOUN	dcs:672951	2	0
idi	idi	id	NOUN	dcs:85708	2	0
ikṣurakām	ikṣurakām	ikṣuraka	NOUN	dcs:52945	2	0
ikṣvākvaḥ	ikṣvākva	ikṣvāku	NOUN	dcs:374709	2	0
ikṣvākūṇi	ikṣvākūni	ikṣvāku	NOUN	dcs:58180	2	0
imābhyaḥ	imābhya	idam	PRON	dcs:435768	2	0
inas	inas	ina	ADJ	dcs:593024	2	0
indhanān	indhanān	indhana	NOUN	dcs:766082	2	0
indindireṇa	indindirena	indindirā	NOUN	dcs:563556	2	0
indrakāḥ	indrakā	indraka	NOUN	dcs:644015	2	0
indravantā	indravantā	indravat	ADJ	dcs:594288_1	2	0
indriyebhiḥ	indriyebhi	indriya	ADJ	dcs:598714	2	0
ināsaḥ	ināsa	ina	ADJ	dcs:600021_2	2	0
itaretaraiḥ	itaretarai	itaretara	PRON	dcs:479260	2	0
itaretarān	itaretarān	itaretara	PRON	dcs:358235	2	0
itthamsu	itthamsu	ittham	NOUN	dcs:552716	2	0
ive	ive	iva	NOUN	dcs:553813	2	0
ivāt	ivāt	iva	NOUN	dcs:553787	2	0
iyānti	iyānti	iyat	ADJ	dcs:601030	2	0
iḍāvatsarīyāṃ	iḍāvatsarīyām	idāvatsarīya	ADJ	dcs:756012	2	0
iṅganāḥ	inganā	iṅgana	NOUN	dcs:150361	2	0
iṅgudābhiḥ	ingudābhi	iṅguda	NOUN	dcs:13071	2	0
iṣirebhiḥ	iṣirebhi	iṣira	ADJ	dcs:597846	2	0
iṣudhīṃr	iṣudhīnr	iṣudhi	NOUN	dcs:592534	2	0
iṣvasanān	iṣvasanān	iṣvasana	NOUN	dcs:243878	2	0
iṣṭadevataḥ	iṣṭadevata	iṣṭadevatā	NOUN	dcs:396600	2	0
iṣṭakebhiḥ	iṣṭakebhi	iṣṭakā	NOUN	dcs:412063	2	0
iṣṭakāni	iṣṭakāni	iṣṭakā	NOUN	dcs:653950	2	0
iṣṭakāt	iṣṭakāt	iṣṭakā	NOUN	dcs:674693	2	0
iṣṭikaiḥ	iṣṭikai	iṣṭikā	NOUN	dcs:428201	2	0
iṣṭikāni	iṣṭikāni	iṣṭikā	NOUN	dcs:72564	2	0
iṣṭutaḥ	iṣṭuta	iṣṭu	NOUN	dcs:367109	2	0
iṭām	iṭām	iṭ	NOUN	dcs:551562	2	0
jaganmātri	jaganmātri	jaganmātṛ	NOUN	dcs:105892	2	0
jagattrayām	jagattrayām	jagattraya	NOUN	dcs:582501	2	0
jaitrāyāḥ	jaitrāyā	jaitra	ADJ	dcs:283187	2	0
jaiṣṇavī	jaiṣnavī	jaiṣṇava	ADJ	dcs:359352	2	0
jaladhini	jaladhini	jaladhi	NOUN	dcs:367747	2	0
jalajaṃbukasya	jalajambukasya	jalajambukā	NOUN	dcs:427687	2	0
jalodbhavebhiḥ	jalodbhavebhi	jalodbhavā	NOUN	dcs:15261	2	0
janimānaḥ	janimāna	janiman	NOUN	dcs:603056	2	0
janitārā	janitārā	janitṛ	NOUN	dcs:601948	2	0
janmāntarau	janmāntarau	janmāntara	NOUN	dcs:620892	2	0
jaratkārvaḥ	jaratkārva	jaratkāru	NOUN	dcs:574411	2	0
jatum	jatum	jatu	NOUN	dcs:50982	2	0
jaṃhāḥ	janhā	jaṃhas	NOUN	dcs:600579	2	0
jemanā	jemanā	jeman	ADJ	dcs:611759	2	0
jetri	jetri	jetṛ	ADJ	dcs:142071	2	0
jetrīm	jetrīm	jetṛ	ADJ	dcs:624510	2	0
jighatsvam	jighatsvam	jighatsu	ADJ	dcs:633648	2	0
jighāṃsīyān	jighānsīyān	jighāṃsīyas	ADJ	dcs:751700	2	0
jigīṣam	jigīṣam	jigīṣā	NOUN	dcs:564086	2	0
jigīṣasya	jigīṣasya	jigīṣā	NOUN	dcs:626990	2	0
jigīṣeṇa	jigīṣena	jigīṣā	NOUN	dcs:616509	2	0
jitvānā	jitvānā	jitvan	ADJ	dcs:596931	2	0
jmāyantam	jmāyantam	jmāyat	ADJ	dcs:606161	2	0
jrayāḥ	jrayā	jrayas	NOUN	dcs:597573_1	2	0
jugupsān	jugupsān	jugupsā	NOUN	dcs:309109	2	0
juṣṭatamāsaḥ	juṣṭatamāsa	juṣṭatama	ADJ	dcs:593616_1	2	0
jvāleśvarau	jvāleśvarau	jvāleśvara	NOUN	dcs:422575	2	0
jyeṣṭhataḥ	jyeṣṭhata	jyeṣṭha	ADJ	dcs:680241	2	0
jyotiṣmāṁ	jyotiṣmām	jyotiṣmat	ADJ	dcs:639986	2	0
jyotsnaḥ	jyotsna	jyotsnā	NOUN	dcs:630456	2	0
jyāyasyai	jyāyasyai	jyāyas	ADJ	dcs:594513	2	0
jāgatyā	jāgatyā	jāgata	ADJ	dcs:681054	2	0
jāgatīṃ	jāgatīm	jāgata	ADJ	dcs:687335	2	0
jāgṛbhyaḥ	jāgṛbhya	jāgṛ	NOUN	dcs:552213	2	0
jālakām	jālakām	jālaka	NOUN	dcs:152701	2	0
jālmām	jālmām	jālma	ADJ	dcs:224827	2	0
jāmātri	jāmātri	jāmātṛ	NOUN	dcs:528223	2	0
jātakarmā	jātakarmā	jātakarman	NOUN	dcs:463783_1	2	0
jātiphalām	jātiphalām	jātiphala	NOUN	dcs:39429	2	0
jātvoḥ	jātvo	jātu	NOUN	dcs:552655	2	0
jīvātma	jīvātma	jīvātman	NOUN	dcs:77715	2	0
jūṭikaḥ	jūṭika	jūṭikā	NOUN	dcs:562458	2	0
jṛmbhaṇī	jṛmbhanī	jṛmbhaṇa	ADJ	dcs:436502	2	0
kadruvai	kadruvai	kadru	NOUN	dcs:436802	2	0
kadruvaḥ	kadruva	kadru	NOUN	dcs:605589_1	2	0
kakkaṭāsaḥ	kakkaṭāsa	kakkaṭa	NOUN	dcs:647378_1	2	0
kakuhāsaḥ	kakuhāsa	kakuha	ADJ	dcs:592850	2	0
kakundarau	kakundarau	kakundara	NOUN	dcs:23984	2	0
kakṣadharāṇi	kakṣadharāni	kakṣadhara	NOUN	dcs:6275	2	0
kakṣāṇi	kakṣāni	kakṣa	NOUN	dcs:449143	2	0
kalatrām	kalatrām	kalatra	NOUN	dcs:525038	2	0
kalaṅkakalam	kalankakalam	kalaṅkakalā	NOUN	dcs:368089	2	0
kalaṅkayā	kalankayā	kalaṅka	NOUN	dcs:487743	2	0
kalevarayā	kalevarayā	kalevara	NOUN	dcs:367553	2	0
kalyāṇābhiḥ	kalyānābhi	kalyāṇa	ADJ	dcs:270531	2	0
kalyāṇāyāḥ	kalyānāyā	kalyāṇa	ADJ	dcs:125407	2	0
kambūkāṁ	kambūkām	kambūka	NOUN	dcs:639084	2	0
kanakapurītaḥ	kanakapurīta	kanakapurī	NOUN	dcs:621485	2	0
kandinī	kandinī	kandin	ADJ	dcs:362162	2	0
kapardikaḥ	kapardika	kapardikā	NOUN	dcs:561560	2	0
kapolabhittini	kapolabhittini	kapolabhitti	NOUN	dcs:103007	2	0
kapālikam	kapālikam	kapālikā	NOUN	dcs:429153	2	0
karapallavām	karapallavām	karapallava	NOUN	dcs:585038	2	0
karaṇḍakām	karanḍakām	karaṇḍaka	NOUN	dcs:562501	2	0
karaṭāmukhān	karaṭāmukhān	karaṭāmukha	NOUN	dcs:179889	2	0
karhyoḥ	karhyo	karhi	NOUN	dcs:552518	2	0
karmendriyāḥ	karmendriyā	karmendriya	NOUN	dcs:578364	2	0
karmmaṇām	karmmanām	karman	NOUN	dcs:561607	2	0
karpaṭām	karpaṭām	karpaṭa	NOUN	dcs:527491	2	0
karvarebhiḥ	karvarebhi	karvara	NOUN	dcs:673869	2	0
karṇabhūṣaṇā	karnabhūṣanā	karṇabhūṣaṇa	NOUN	dcs:562098	2	0
karṇejapāni	karnejapāni	karṇejapa	NOUN	dcs:578273	2	0
karṇikebhiḥ	karnikebhi	karṇikā	NOUN	dcs:123402	2	0
karṣām	karṣām	karṣa	NOUN	dcs:493935	2	0
katakāni	katakāni	kataka	NOUN	dcs:12178	2	0
katamānām	katamānām	katama	PRON	dcs:551388	2	0
kathami	kathami	katham	NOUN	dcs:552656	2	0
kathaṃkathaḥ	kathankatha	kathaṃkathā	NOUN	dcs:721856	2	0
kaupīnāḥ	kaupīnā	kaupīna	NOUN	dcs:307945	2	0
kauraveyāṇi	kauraveyāni	kauraveya	ADJ	dcs:252687	2	0
kautukau	kautukau	kautuka	NOUN	dcs:6485	2	0
kauśalābhiḥ	kauśalābhi	kauśala	NOUN	dcs:489354	2	0
kauśalām	kauśalām	kauśala	NOUN	dcs:489390	2	0
kauṇḍinyakāḥ	kaunḍinyakā	kauṇḍinyaka	NOUN	dcs:10823	2	0
kavitvanā	kavitvanā	kavitvana	NOUN	dcs:605362	2	0
kaśāvantā	kaśāvantā	kaśāvat	ADJ	dcs:604947	2	0
kaṅgunīpattraḥ	kangunīpattra	kaṅgunīpattrā	NOUN	dcs:20773	2	0
kaṇḍūni	kanḍūni	kaṇḍu	NOUN	dcs:40294	2	0
kaṇṭakāyām	kanṭakāyām	kaṇṭaka	NOUN	dcs:632563	2	0
kaṇṭhikam	kanṭhikam	kaṇṭhikā	NOUN	dcs:526378	2	0
kaṇṭhikebhiḥ	kanṭhikebhi	kaṇṭhikā	NOUN	dcs:408698	2	0
kaṣkaṣāsa	kaṣkaṣāsa	kaṣkaṣa	NOUN	dcs:635501	2	0
kaṭakām	kaṭakām	kaṭaka	NOUN	dcs:568377	2	0
kaṭapūtanataḥ	kaṭapūtanata	kaṭapūtana	NOUN	dcs:655467	2	0
kaṭhallā	kaṭhallā	kaṭhalla	NOUN	dcs:643009	2	0
kaṭhalyā	kaṭhalyā	kaṭhalya	NOUN	dcs:658675	2	0
kaṭphalāni	kaṭphalāni	kaṭphala	NOUN	dcs:58315	2	0
kekam	kekam	kekā	NOUN	dcs:522706	2	0
ketakāni	ketakāni	ketaka	NOUN	dcs:338510	2	0
ketasāpaḥ	ketasāpa	ketasap	ADJ	dcs:599657	2	0
ketuna	ketuna	ketu	NOUN	dcs:599812	2	0
ketāṁ	ketām	keta	NOUN	dcs:594965	2	0
keśara	keśara	kesara	NOUN	dcs:666471	2	0
keśavantā	keśavantā	keśavat	ADJ	dcs:611734	2	0
keśayā	keśayā	keśa	ADJ	dcs:159049	2	0
keśāntāni	keśāntāni	keśānta	NOUN	dcs:192765	2	0
keśāsu	keśāsu	keśa	NOUN	dcs:485736	2	0
keśāyāḥ	keśāyā	keśa	ADJ	dcs:562594	2	0
khaci	khaci	khac	NOUN	dcs:554651	2	0
khalvāni	khalvāni	khalva	NOUN	dcs:154824	2	0
khanitrī	khanitrī	khanitṛ	ADJ	dcs:162711	2	0
khurāṇi	khurāni	khura	NOUN	dcs:33392	2	0
khādirābhiḥ	khādirābhi	khādira	ADJ	dcs:466126	2	0
kikkisāni	kikkisāni	kikkisa	NOUN	dcs:29923	2	0
kirātatiktakāni	kirātatiktakāni	kirātatiktaka	NOUN	dcs:2797	2	0
kirātatiktāni	kirātatiktāni	kirātatikta	NOUN	dcs:7557	2	0
kisalayām	kisalayām	kisalaya	NOUN	dcs:573406	2	0
kiyan	kiyan	kiyat	ADJ	dcs:620237	2	0
kiyāti	kiyāti	kiyat	ADJ	dcs:594191	2	0
kleśayā	kleśayā	kleśa	NOUN	dcs:622721	2	0
kodravāṇi	kodravāni	kodrava	NOUN	dcs:747833	2	0
kośinīḥ	kośinī	kośin	ADJ	dcs:683119	2	0
koṇām	konām	koṇa	NOUN	dcs:439091	2	0
koṇāni	konāni	koṇa	NOUN	dcs:629882	2	0
koṣṭhāgārāḥ	koṣṭhāgārā	koṣṭhāgāra	NOUN	dcs:655694	2	0
kratumantā	kratumantā	kratumat	ADJ	dcs:595630	2	0
kratūṃr	kratūnr	kratu	NOUN	dcs:686536	2	0
krayaṇyāḥ	krayanyā	krayaṇa	ADJ	dcs:685934	2	0
krayaṇī	krayanī	krayaṇa	ADJ	dcs:685939	2	0
krayaṇīm	krayanīm	krayaṇa	ADJ	dcs:650394_1	2	0
kretri	kretri	kretṛ	ADJ	dcs:482580	2	0
krośanāsaḥ	krośanāsa	krośana	ADJ	dcs:609834_1	2	0
kroḥ	kro	kṛ	NOUN	dcs:551850	2	0
kruśoḥ	kruśo	kruś	NOUN	dcs:552472	2	0
krāmaṇā	krāmanā	krāmaṇa	NOUN	dcs:434221	2	0
kukkuṭavratāḥ	kukkuṭavratā	kukkuṭavrata	NOUN	dcs:629765	2	0
kulastriyāḥ	kulastriyā	kulastrī	NOUN	dcs:752369	2	0
kulmalām	kulmalām	kulmala	NOUN	dcs:634237_1	2	0
kumbataḥ	kumbata	kumba	NOUN	dcs:670277	2	0
kumāryaṃ	kumāryam	kumārī	NOUN	dcs:640731	2	0
kumārābhiḥ	kumārābhi	kumāra	ADJ	dcs:355098	2	0
kurkuṭāni	kurkuṭāni	kurkuṭa	NOUN	dcs:101005	2	0
kustriyaḥ	kustriya	kustrī	NOUN	dcs:619725	2	0
kusuruvinda	kusuruvinda	kusurubinda	NOUN	dcs:772265	2	0
kutukām	kutukām	kutuka	NOUN	dcs:365815	2	0
kuśāmbu	kuśāmbu	kuśāmba	NOUN	dcs:513475	2	0
kuśīlā	kuśīlā	kuśīla	ADJ	dcs:421960	2	0
kuśīlāṃ	kuśīlām	kuśīla	ADJ	dcs:111917	2	0
kuḍubaḥ	kuḍuba	kuḍava	NOUN	dcs:465326	2	0
kuṇḍataḥ	kunḍata	kuṇḍa	NOUN	dcs:624698	2	0
kuṣṭhikam	kuṣṭhikam	kuṣṭhikā	NOUN	dcs:744692_1	2	0
kuṭīrakāṇi	kuṭīrakāni	kuṭīraka	NOUN	dcs:365001	2	0
kvāthāni	kvāthāni	kvātha	NOUN	dcs:27513	2	0
kālabavi	kālabavi	kālabavin	NOUN	dcs:696266	2	0
kāmabhiḥ	kāmabhi	kāma	NOUN	dcs:628575_1	2	0
kāmasūtrām	kāmasūtrām	kāmasūtra	NOUN	dcs:449977	2	0
kāmbhoja	kāmbhoja	kāmboja	NOUN	dcs:513209	2	0
kāmikīm	kāmikīm	kāmika	ADJ	dcs:306955	2	0
kāmāyūḥ	kāmāyū	kāmāyus	NOUN	dcs:590357	2	0
kānanān	kānanān	kānana	NOUN	dcs:129655	2	0
kāntinā	kāntinā	kānti	NOUN	dcs:619191	2	0
kārakāyāḥ	kārakāyā	kāraka	ADJ	dcs:449985	2	0
kārikam	kārikam	kārikā	NOUN	dcs:467570	2	0
kārṣakāṇi	kārṣakāni	kārṣaka	ADJ	dcs:429826	2	0
kāvyebhiḥ	kāvyebhi	kāvya	NOUN	dcs:697039	2	0
kāvān	kāvān	kāva	NOUN	dcs:342707	2	0
kāyataḥ	kāyata	kāya	NOUN	dcs:645853	2	0
kāyām	kāyām	kāya	NOUN	dcs:333880	2	0
kāśiyoḥ	kāśiyo	kāśi	NOUN	dcs:439349	2	0
kāśmaryāṇi	kāśmaryāni	kāśmarya	NOUN	dcs:64934	2	0
kāṣṭhadāruṇī	kāṣṭhadārunī	kāṣṭhadāru	NOUN	dcs:483540	2	0
kīlikam	kīlikam	kīlikā	NOUN	dcs:627355	2	0
kīstāsaḥ	kīstāsa	kīsta	NOUN	dcs:594571	2	0
kūdyaṃ	kūdyam	kūdī	NOUN	dcs:635405	2	0
kūśmāṇḍa	kūśmānḍa	kūṣmāṇḍa	NOUN	dcs:746158	2	0
kṛsarebhiḥ	kṛsarebhi	kṛsarā	NOUN	dcs:6897	2	0
kṛśanebhiḥ	kṛśanebhi	kṛśana	NOUN	dcs:610762_1	2	0
kṛśāsa	kṛśāsa	kṛśa	ADJ	dcs:518881	2	0
kṛṣīvalām	kṛṣīvalām	kṛṣīvala	NOUN	dcs:612418	2	0
kṣadmā	kṣadmā	kṣadman	NOUN	dcs:592493	2	0
kṣatrān	kṣatrān	kṣatra	NOUN	dcs:601592	2	0
kṣattryāṃ	kṣattryām	kṣatrī	NOUN	dcs:519083	2	0
kṣaudraśarkarebhiḥ	kṣaudraśarkarebhi	kṣaudraśarkarā	NOUN	dcs:9671	2	0
kṣaumām	kṣaumām	kṣauma	NOUN	dcs:763632	2	0
kṣaṇām	kṣanām	kṣaṇa	NOUN	dcs:177657	2	0
kṣemadhanva	kṣemadhanva	kṣemadhanvan	NOUN	dcs:759024	2	0
kṣemebhiḥ	kṣemebhi	kṣema	NOUN	dcs:606599	2	0
kṣetrān	kṣetrān	kṣetra	NOUN	dcs:324267	2	0
kṣobhām	kṣobhām	kṣobha	NOUN	dcs:293899	2	0
kṣṇuvaḥ	kṣnuva	kṣṇu	NOUN	dcs:551769	2	0
laghuvoḥ	laghuvo	laghu	ADJ	dcs:42035	2	0
laghīyāḥ	laghīyā	laghīyas	ADJ	dcs:187724	2	0
laktakān	laktakān	laktaka	NOUN	dcs:65813	2	0
lakuli	lakuli	lakulin	NOUN	dcs:377231	2	0
lalitakau	lalitakau	lalitaka	ADJ	dcs:763270	2	0
lalāṭau	lalāṭau	lalāṭa	NOUN	dcs:302126	2	0
lalāṭā	lalāṭā	lalāṭa	NOUN	dcs:489168	2	0
lalāṭābhiḥ	lalāṭābhi	lalāṭa	NOUN	dcs:630430	2	0
lalāṭān	lalāṭān	lalāṭa	NOUN	dcs:142230	2	0
lalāṭī	lalāṭī	lalāṭa	ADJ	dcs:666730	2	0
latebhiḥ	latebhi	latā	NOUN	dcs:487747	2	0
latena	latena	latā	NOUN	dcs:355058	2	0
latāni	latāni	latā	NOUN	dcs:573916	2	0
laukikāṃ	laukikām	laukika	ADJ	dcs:387734	2	0
lekhyataḥ	lekhyata	lekhya	NOUN	dcs:668486	2	0
lekhāni	lekhāni	lekhā	NOUN	dcs:357521	2	0
lepabhāgi	lepabhāgi	lepabhāgin	NOUN	dcs:334575	2	0
lipsena	lipsena	lipsā	NOUN	dcs:614672	2	0
liyaḥ	liya	lī	NOUN	dcs:551774	2	0
lokamātryāḥ	lokamātryā	lokamātṛ	NOUN	dcs:68240	2	0
lokayātraḥ	lokayātra	lokayātrā	NOUN	dcs:90421	2	0
lomnyā	lomnyā	loman	NOUN	dcs:389656_1	2	0
lomnīm	lomnīm	loman	NOUN	dcs:424297	2	0
lomānam	lomānam	loman	NOUN	dcs:140665	2	0
lomānaḥ	lomāna	loman	NOUN	dcs:767794	2	0
loṣṭha	loṣṭha	loṣṭa	NOUN	dcs:424492_1	2	0
luṭaḥ	luṭa	luṭ	NOUN	dcs:552175	2	0
luṭhanāyāḥ	luṭhanāyā	luṭhana	NOUN	dcs:563408	2	0
luṭi	luṭi	luṭ	NOUN	dcs:551797	2	0
luṭoḥ	luṭo	luṭ	NOUN	dcs:552208	2	0
lvaḥ	lva	lū	NOUN	dcs:552324	2	0
lvoḥ	lvo	lū	NOUN	dcs:552541	2	0
lākṣam	lākṣam	lākṣā	NOUN	dcs:40223	2	0
lālāṭāyām	lālāṭāyām	lālāṭa	ADJ	dcs:39583	2	0
lāvaṇām	lāvanām	lāvaṇa	ADJ	dcs:359782	2	0
lāñchanām	lānchanām	lāñchana	NOUN	dcs:616679	2	0
lāñchanāḥ	lānchanā	lāñchana	NOUN	dcs:577661	2	0
lāṅgalākhyām	lāngalākhyām	lāṅgalākhya	NOUN	dcs:16041	2	0
lāṅgulau	lāngulau	lāṅgula	NOUN	dcs:60726	2	0
lāṅgūlām	lāngūlām	lāṅgūla	NOUN	dcs:444439	2	0
līlasya	līlasya	līlā	NOUN	dcs:355311	2	0
madhuchandaḥ	madhuchanda	madhucchandas	NOUN	dcs:748676_2	2	0
madhurima	madhurima	madhuriman	NOUN	dcs:365852	2	0
madhyāyuva	madhyāyuva	madhyāyu	ADJ	dcs:595491	2	0
mahendravarma	mahendravarma	mahendravarman	NOUN	dcs:615433	2	0
mahimāni	mahimāni	mahiman	NOUN	dcs:88478	2	0
mahāmātrataḥ	mahāmātrata	mahāmātra	NOUN	dcs:644215	2	0
mahāmāṃsā	mahāmānsā	mahāmāṃsa	NOUN	dcs:618655	2	0
mahānarma	mahānarma	mahānarman	NOUN	dcs:100363	2	0
mahārathyam	mahārathyam	mahārathyā	NOUN	dcs:180066	2	0
mahāsālasya	mahāsālasya	mahāśāla	NOUN	dcs:760121	2	0
mahāyogi	mahāyogi	mahāyogin	NOUN	dcs:337450	2	0
mainākasvasrī	mainākasvasrī	mainākasvasṛ	NOUN	dcs:590303	2	0
maitrayā	maitrayā	maitra	ADJ	dcs:92344	2	0
maitrām	maitrām	maitra	ADJ	dcs:196132	2	0
majjanām	majjanām	majjan	NOUN	dcs:7842	2	0
makhasyuvam	makhasyuvam	makhasyu	ADJ	dcs:608135	2	0
makhasyuvaḥ	makhasyuva	makhasyu	ADJ	dcs:607813	2	0
makhāsaḥ	makhāsa	makha	NOUN	dcs:593577	2	0
makuṭāḥ	makuṭā	makuṭa	NOUN	dcs:394190	2	0
makṣūbhiḥ	makṣūbhi	makṣū	ADJ	dcs:604959	2	0
malinīkaraṇāḥ	malinīkaranā	malinīkaraṇa	NOUN	dcs:443007	2	0
malāpahaḥ	malāpaha	malāpahā	NOUN	dcs:404404	2	0
manaskau	manaskau	manaska	NOUN	dcs:487214	2	0
mandirām	mandirām	mandira	NOUN	dcs:576983	2	0
mandirāyām	mandirāyām	mandira	NOUN	dcs:621526	2	0
manohvam	manohvam	manohvā	NOUN	dcs:38679	2	0
manorathāni	manorathāni	manoratha	NOUN	dcs:357532	2	0
mantrebhiḥ	mantrebhi	mantra	NOUN	dcs:593278	2	0
maraṇau	maranau	maraṇa	NOUN	dcs:584291	2	0
martyatvanā	martyatvanā	martyatvana	NOUN	dcs:606717	2	0
maryataḥ	maryata	marya	NOUN	dcs:609822_1	2	0
maryādātaḥ	maryādāta	maryādā	NOUN	dcs:474374	2	0
maryāsaḥ	maryāsa	marya	NOUN	dcs:600144	2	0
maskari	maskari	maskarin	NOUN	dcs:655907	2	0
maskariṇī	maskarinī	maskarin	ADJ	dcs:364247	2	0
matimantā	matimantā	matimat	ADJ	dcs:674472	2	0
mañjiṣṭhebhiḥ	manjiṣṭhebhi	mañjiṣṭhā	NOUN	dcs:38946	2	0
maṃhiṣṭhāsaḥ	manhiṣṭhāsa	maṃhiṣṭha	ADJ	dcs:603748_2	2	0
maṃhīyān	manhīyān	maṃhīyas	ADJ	dcs:608238	2	0
maṇibandhanā	manibandhanā	maṇibandhana	NOUN	dcs:322534	2	0
maṇīni	manīni	maṇi	NOUN	dcs:358313	2	0
maṇḍakāni	manḍakāni	maṇḍaka	NOUN	dcs:356822	2	0
maṇḍalikam	manḍalikam	maṇḍalikā	NOUN	dcs:450035	2	0
medhasātā	medhasātā	medhasāti	NOUN	dcs:612425	2	0
medhāsaḥ	medhāsa	medha	NOUN	dcs:603006	2	0
mekhalebhiḥ	mekhalebhi	mekhalā	NOUN	dcs:357349	2	0
mekṣaṇā	mekṣanā	mekṣaṇa	NOUN	dcs:670360	2	0
mekṣaṇām	mekṣanām	mekṣaṇa	NOUN	dcs:670358	2	0
menīn	menīn	meni	NOUN	dcs:635114	2	0
meṣye	meṣye	meṣī	NOUN	dcs:592790_1	2	0
midaḥ	mida	mid	NOUN	dcs:552486	2	0
middhā	middhā	middha	NOUN	dcs:645510	2	0
mithyājñānā	mithyājnānā	mithyājñāna	NOUN	dcs:480190	2	0
mittrayoḥ	mittrayo	mitra	NOUN	dcs:619492	2	0
mittrābhyām	mittrābhyām	mitra	NOUN	dcs:619518	2	0
mittrāvasoḥ	mittrāvaso	mitrāvasu	NOUN	dcs:619297	2	0
mittrāvasuṃ	mittrāvasum	mitrāvasu	NOUN	dcs:619628	2	0
mittrāṇām	mittrānām	mitra	NOUN	dcs:619479	2	0
modamānīṃ	modamānīm	modamāna	ADJ	dcs:462985	2	0
moktrī	moktrī	moktṛ	ADJ	dcs:537834	2	0
mudraṇā	mudranā	mudraṇa	NOUN	dcs:360768	2	0
mudrikam	mudrikam	mudrikā	NOUN	dcs:29229	2	0
muniyoḥ	muniyo	muni	NOUN	dcs:548156	2	0
muṣkāṁ	muṣkām	muṣka	NOUN	dcs:639637	2	0
muṣṭiyoḥ	muṣṭiyo	muṣṭi	NOUN	dcs:6374	2	0
mādhucchandasī	mādhucchandasī	mādhucchandasa	ADJ	dcs:751154_3	2	0
mādhuchandase	mādhuchandase	mādhucchandasa	NOUN	dcs:504923	2	0
māheśām	māheśām	māheśa	NOUN	dcs:393995	2	0
māhiṣām	māhiṣām	māhiṣa	NOUN	dcs:687545	2	0
māhātmyā	māhātmyā	māhātmya	NOUN	dcs:487439	2	0
mālebhiḥ	mālebhi	mālā	NOUN	dcs:485450	2	0
mānayā	mānayā	māna	NOUN	dcs:361874	2	0
māndhuka	māndhuka	mādhuka	ADJ	dcs:702933	2	0
māndāravāṇi	māndāravāni	māndārava	NOUN	dcs:644242	2	0
mānuṣyakī	mānuṣyakī	mānuṣyaka	ADJ	dcs:658512	2	0
māraṇāyai	māranāyai	māraṇa	NOUN	dcs:384903	2	0
māraṇāyām	māranāyām	māraṇa	NOUN	dcs:330213	2	0
mārutenā	mārutenā	māruta	ADJ	dcs:597270	2	0
māsāyāḥ	māsāyā	māsa	NOUN	dcs:30022	2	0
mātrataḥ	mātrata	mātra	NOUN	dcs:49091	2	0
mātṛmātrī	mātṛmātrī	mātṛmātṛ	NOUN	dcs:590300	2	0
mātṛṣvasrīyāyām	mātṛṣvasrīyāyām	mātṛṣvasrīya	ADJ	dcs:447623	2	0
māṃsām	mānsām	māṃsa	NOUN	dcs:40450	2	0
mūlakām	mūlakām	mūlaka	NOUN	dcs:401132	2	0
mūradevāṁ	mūradevām	mūradeva	NOUN	dcs:638646	2	0
mūrdhanām	mūrdhanām	mūrdhan	NOUN	dcs:223026	2	0
mūrdhva	mūrdhva	mūrdhvan	NOUN	dcs:45470	2	0
mūrāsaḥ	mūrāsa	mūra	ADJ	dcs:604738_1	2	0
mūtrābhiḥ	mūtrābhi	mūtra	NOUN	dcs:544372	2	0
mṛdvīkam	mṛdvīkam	mṛdvīkā	NOUN	dcs:64996	2	0
mṛgapakṣi	mṛgapakṣi	mṛgapakṣin	NOUN	dcs:85102	2	0
mṛgendrataḥ	mṛgendrata	mṛgendra	NOUN	dcs:619447	2	0
mṛttikebhiḥ	mṛttikebhi	mṛttikā	NOUN	dcs:36339	2	0
mṛḍīkāyai	mṛḍīkāyai	mṛḍīka	NOUN	dcs:504703	2	0
nabhastalāḥ	nabhastalā	nabhastala	NOUN	dcs:579334	2	0
nabhastaḥ	nabhasta	nabhas	NOUN	dcs:619860	2	0
nadanumāṁ	nadanumām	nadanumat	ADJ	dcs:600898	2	0
nagarītaḥ	nagarīta	nagarī	NOUN	dcs:657375	2	0
nahuṣī	nahuṣī	nahus	NOUN	dcs:611385	2	0
naiyagrodhībhyāṃ	naiyagrodhībhyām	naiyagrodha	ADJ	dcs:673455	2	0
naiyyagrodham	naiyyagrodham	naiyagrodha	ADJ	dcs:424803_1	2	0
naiḥśreyasām	naiḥśreyasām	naiḥśreyasa	ADJ	dcs:159892	2	0
nakhayā	nakhayā	nakha	NOUN	dcs:63495	2	0
naktabhiḥ	naktabhi	nakta	NOUN	dcs:637412	2	0
nakṣatrebhiḥ	nakṣatrebhi	nakṣatra	NOUN	dcs:610762_1	2	0
namasvantā	namasvantā	namasvat	ADJ	dcs:600185	2	0
namasyebhiḥ	namasyebhi	namasya	ADJ	dcs:601928	2	0
namām	namām	nam	NOUN	dcs:552264	2	0
namīṃ	namīm	nami	NOUN	dcs:600963	2	0
nanau	nanau	nanu	NOUN	dcs:552445	2	0
nandayitrīm	nandayitrīm	nandayitṛ	ADJ	dcs:531878	2	0
naptrye	naptrye	naptrī	NOUN	dcs:715233	2	0
nastataḥ	nastata	nasta	NOUN	dcs:764582	2	0
naukān	naukān	naukā	NOUN	dcs:257345	2	0
navarāṣṭrā	navarāṣṭrā	navarāṣṭra	NOUN	dcs:342367	2	0
navyāṃsam	navyānsam	navyas	ADJ	dcs:592368	2	0
nañbhyām	nanbhyām	nañ	NOUN	dcs:553604	2	0
naḍada	naḍada	nalada	NOUN	dcs:747820	2	0
nedīyāṃsaṃ	nedīyānsam	nedīyas	ADJ	dcs:531851	2	0
nemasmai	nemasmai	nema	ADJ	dcs:551341	2	0
nemasmin	nemasmin	nema	ADJ	dcs:610300	2	0
nepālakān	nepālakān	nepālaka	NOUN	dcs:360073	2	0
nibarhaṇīḥ	nibarhanī	nibarhaṇa	ADJ	dcs:758351	2	0
nibhataḥ	nibhata	nibha	ADJ	dcs:621954	2	0
nicayām	nicayām	nicaya	NOUN	dcs:406662	2	0
niculāni	niculāni	nicula	NOUN	dcs:58185	2	0
nidarśikā	nidarśikā	nidarśaka	ADJ	dcs:645322	2	0
nidhini	nidhini	nidhi	NOUN	dcs:562889	2	0
nidhuvanā	nidhuvanā	nidhuvana	NOUN	dcs:563586	2	0
nidigdhikāt	nidigdhikāt	nidigdhikā	NOUN	dcs:30126	2	0
nidreṇa	nidrena	nidrā	NOUN	dcs:143589	2	0
nidrāya	nidrāya	nidrā	NOUN	dcs:60080	2	0
nidrāṇi	nidrāni	nidrā	NOUN	dcs:771409	2	0
nihantrī	nihantrī	nihantṛ	ADJ	dcs:451842	2	0
nikāmāsaḥ	nikāmāsa	nikāma	ADJ	dcs:609768_1	2	0
nikṛntanām	nikṛntanām	nikṛntana	ADJ	dcs:398962	2	0
nilayanām	nilayanām	nilayana	NOUN	dcs:573247	2	0
nilayanāḥ	nilayanā	nilayana	NOUN	dcs:117587	2	0
nilayāni	nilayāni	nilaya	NOUN	dcs:439854	2	0
nimbāni	nimbāni	nimba	NOUN	dcs:73719	2	0
nimeṣayā	nimeṣayā	nimeṣa	NOUN	dcs:625135	2	0
nimeṣāṇi	nimeṣāni	nimeṣa	NOUN	dcs:312734	2	0
nimnagam	nimnagam	nimnagā	NOUN	dcs:618324	2	0
nindaṃ	nindam	nind	NOUN	dcs:100004	2	0
nipānā	nipānā	nipāna	NOUN	dcs:673922	2	0
niraḥ	nira	nis	NOUN	dcs:554881	2	0
nirbandhām	nirbandhām	nirbandha	NOUN	dcs:523205	2	0
nirmocanām	nirmocanām	nirmocana	ADJ	dcs:340955	2	0
nirmokām	nirmokām	nirmoka	NOUN	dcs:527948	2	0
nirmātāraṃ	nirmātāram	nirmātṛ	NOUN	dcs:44775	2	0
niryāṇataḥ	niryānata	niryāṇa	NOUN	dcs:668486	2	0
nisūdana	nisūdana	niṣūdana	NOUN	dcs:666462	2	0
nisūdanasya	nisūdanasya	niṣūdana	NOUN	dcs:666470	2	0
nityakriyaḥ	nityakriya	nityakriyā	NOUN	dcs:394664	2	0
nivacanā	nivacanā	nivacana	NOUN	dcs:598009	2	0
nivasanau	nivasanau	nivasana	NOUN	dcs:489465	2	0
nivāpām	nivāpām	nivāpa	NOUN	dcs:329893	2	0
nivāraṇi	nivārani	nivāraṇa	ADJ	dcs:674501_1	2	0
niyamām	niyamām	niyama	NOUN	dcs:116327	2	0
niyantrī	niyantrī	niyantṛ	ADJ	dcs:451610	2	0
niyoktrī	niyoktrī	niyoktṛ	ADJ	dcs:49254	2	0
niyutvas	niyutvas	niyutvat	ADJ	dcs:593934	2	0
niyāmakām	niyāmakām	niyāmaka	ADJ	dcs:451020	2	0
niṇyoḥ	ninyo	niṇya	ADJ	dcs:609358_1	2	0
niṣekāṇi	niṣekāni	niṣeka	NOUN	dcs:329996	2	0
niṣpatra	niṣpatra	niṣpattra	ADJ	dcs:629849	2	0
niṣpatrāt	niṣpatrāt	niṣpattra	ADJ	dcs:553897	2	0
niṣyandena	niṣyandena	nisyanda	NOUN	dcs:644208	2	0
niṣyandām	niṣyandām	nisyanda	NOUN	dcs:668157	2	0
niṣūdām	niṣūdām	niṣūda	NOUN	dcs:440197	2	0
niṣṭhataḥ	niṣṭhata	niṣṭhā	NOUN	dcs:654056	2	0
nri	nri	nṛ	NOUN	dcs:75767	2	0
nyaṅgām	nyangām	nyaṅga	NOUN	dcs:650925	2	0
nyāsayā	nyāsayā	nyāsa	NOUN	dcs:489463	2	0
nādābhiḥ	nādābhi	nāda	NOUN	dcs:618325	2	0
nādām	nādām	nāda	NOUN	dcs:531824	2	0
nādāni	nādāni	nāda	NOUN	dcs:344733	2	0
nāgamātrīm	nāgamātrīm	nāgamātṛ	NOUN	dcs:130952	2	0
nāgarakayā	nāgarakayā	nāgaraka	ADJ	dcs:528607	2	0
nāgaśarma	nāgaśarma	nāgaśarman	NOUN	dcs:624696	2	0
nāhām	nāhām	nāha	NOUN	dcs:748619	2	0
nāki	nāki	nākin	NOUN	dcs:590070	2	0
nāmadheyām	nāmadheyām	nāmadheya	NOUN	dcs:448700	2	0
nāmbhyām	nāmbhyām	nāman	NOUN	dcs:184519	2	0
nāndyaṃ	nāndyam	nāndī	NOUN	dcs:592567	2	0
nāndye	nāndye	nāndī	NOUN	dcs:594957	2	0
nānāni	nānāni	nāna	ADJ	dcs:649600	2	0
nāsikebhiḥ	nāsikebhi	nāsikā	NOUN	dcs:259554	2	0
nāsāni	nāsāni	nāsā	NOUN	dcs:192765	2	0
nāṣṭram	nāṣṭram	nāṣṭrā	NOUN	dcs:648081	2	0
nāṣṭreṇa	nāṣṭrena	nāṣṭrā	NOUN	dcs:495758	2	0
nībhyaḥ	nībhya	nī	NOUN	dcs:555069	2	0
nīrājanā	nīrājanā	nīrājana	NOUN	dcs:629863	2	0
nīthāsaḥ	nīthāsa	nītha	NOUN	dcs:600253	2	0
nīvaraṇāḥ	nīvaranā	nīvaraṇa	NOUN	dcs:722573	2	0
nīvinā	nīvinā	nīvi	NOUN	dcs:358375	2	0
nūtanebhiḥ	nūtanebhi	nūtana	ADJ	dcs:597292	2	0
nṛdharma	nṛdharma	nṛdharman	NOUN	dcs:590273	2	0
nṛtyāyām	nṛtyāyām	nṛtya	NOUN	dcs:488121	2	0
nṛṣātā	nṛṣātā	nṛṣāti	NOUN	dcs:602508	2	0
odanāsu	odanāsu	odana	NOUN	dcs:71883	2	0
odmnā	odmnā	odman	NOUN	dcs:712811	2	0
ogaṇāsa	oganāsa	ogaṇa	ADJ	dcs:611292	2	0
okasam	okasam	oka	NOUN	dcs:593156_1	2	0
omanā	omanā	oman	NOUN	dcs:603177	2	0
oṣṭhām	oṣṭhām	oṣṭha	NOUN	dcs:124977	2	0
oṣṭhāni	oṣṭhāni	oṣṭha	NOUN	dcs:264367	2	0
padebhiḥ	padebhi	pada	NOUN	dcs:595051	2	0
padmarāgāṇi	padmarāgāni	padmarāga	NOUN	dcs:57322	2	0
padmaśriyā	padmaśriyā	padmaśrī	NOUN	dcs:720995	2	0
padārthābhiḥ	padārthābhi	padārtha	NOUN	dcs:96687	2	0
padārthāni	padārthāni	padārtha	NOUN	dcs:348551	2	0
padāyāḥ	padāyā	pada	NOUN	dcs:742987	2	0
paitṛṣvaseyām	paitṛṣvaseyām	paitṛṣvaseya	ADJ	dcs:447612	2	0
paiśunyā	paiśunyā	paiśunya	ADJ	dcs:418852	2	0
paiśunām	paiśunām	paiśuna	NOUN	dcs:291350	2	0
paiṣṭām	paiṣṭām	paiṣṭa	ADJ	dcs:341086	2	0
pakṣapātayā	pakṣapātayā	pakṣapāta	NOUN	dcs:357679	2	0
pakṣatīn	pakṣatīn	pakṣati	NOUN	dcs:526577	2	0
pakṣmām	pakṣmām	pakṣma	NOUN	dcs:131306	2	0
pakṣmāṇam	pakṣmānam	pakṣman	NOUN	dcs:37638	2	0
palaṇḍu	palanḍu	palāṇḍu	NOUN	dcs:745050	2	0
palvalām	palvalām	palvala	NOUN	dcs:406698	2	0
panasyuvaḥ	panasyuva	panasyu	ADJ	dcs:608614	2	0
panyasīṃ	panyasīm	panyas	ADJ	dcs:601223	2	0
panyāṃsaṃ	panyānsam	panyas	ADJ	dcs:606367	2	0
paramākṣarām	paramākṣarām	paramākṣara	ADJ	dcs:332324	2	0
paramāṇuvoḥ	paramānuvo	paramāṇu	NOUN	dcs:387764	2	0
paranirmitavaśavartīnām	paranirmitavaśavartīnām	paranirmitavaśavartin	NOUN	dcs:668572	2	0
parapravādi	parapravādi	parapravādin	NOUN	dcs:666470	2	0
parasparaiḥ	parasparai	paraspara	PRON	dcs:358069	2	0
parasparān	parasparān	paraspara	PRON	dcs:152574	2	0
parasparāt	parasparāt	paraspara	PRON	dcs:455572	2	0
paraśumāṁ	paraśumām	paraśumat	ADJ	dcs:606359	2	0
paraśvadhāni	paraśvadhāni	paraśvadha	NOUN	dcs:140654	2	0
paraṃparātaḥ	paramparāta	paramparā	NOUN	dcs:725239	2	0
paraṇīm	paranīm	paraṇa	ADJ	dcs:611632	2	0
parebhiḥ	parebhi	para	PRON	dcs:639905	2	0
paribhiḥ	paribhi	pari	NOUN	dcs:552027	2	0
paricayām	paricayām	paricaya	NOUN	dcs:449277	2	0
paricārayā	paricārayā	paricāra	NOUN	dcs:488560	2	0
parighām	parighām	parigha	NOUN	dcs:112493	2	0
parighāyai	parighāyai	parigha	NOUN	dcs:568513	2	0
parigrahāṇi	parigrahāni	parigraha	NOUN	dcs:98242	2	0
parijanāni	parijanāni	parijana	NOUN	dcs:630064	2	0
parijmane	parijmane	parijman	ADJ	dcs:597989	2	0
parijmānaḥ	parijmāna	parijman	ADJ	dcs:599267_1	2	0
parijmānā	parijmānā	parijman	ADJ	dcs:611753	2	0
parikartikam	parikartikam	parikartikā	NOUN	dcs:31624	2	0
parikartikaḥ	parikartika	parikartikā	NOUN	dcs:14383	2	0
parikartikāt	parikartikāt	parikartikā	NOUN	dcs:64992	2	0
parikhaiḥ	parikhai	parikhā	NOUN	dcs:95010	2	0
parikṣepām	parikṣepām	parikṣepa	NOUN	dcs:525279	2	0
parimalām	parimalām	parimala	NOUN	dcs:365832	2	0
parimalāni	parimalāni	parimala	NOUN	dcs:630347	2	0
parimāṇau	parimānau	parimāṇa	NOUN	dcs:2612	2	0
parimāṇayā	parimānayā	parimāṇa	NOUN	dcs:391282	2	0
pariniṣpattitaḥ	pariniṣpattita	pariniṣpatti	NOUN	dcs:644371	2	0
parirakṣaṇām	parirakṣanām	parirakṣaṇa	ADJ	dcs:143917	2	0
paristomāni	paristomāni	paristoma	NOUN	dcs:233257	2	0
parivarttakena	parivarttakena	parivartaka	NOUN	dcs:751649	2	0
parivarttanam	parivarttanam	parivartana	NOUN	dcs:752337	2	0
parivartāyāḥ	parivartāyā	parivarta	NOUN	dcs:725027	2	0
parivatsarāṇi	parivatsarāni	parivatsara	NOUN	dcs:167109	2	0
parivāraṇau	parivāranau	parivāraṇa	NOUN	dcs:264703	2	0
parivāraṇān	parivāranān	parivāraṇa	NOUN	dcs:186954	2	0
parivāraṇāḥ	parivāranā	parivāraṇa	NOUN	dcs:235010	2	0
pariśavaḥ	pariśava	parśu	NOUN	dcs:663529	2	0
pariṇāmām	parināmām	pariṇāma	NOUN	dcs:574045	2	0
pariṇāyakāni	parināyakāni	pariṇāyaka	ADJ	dcs:721043	2	0
pariṣvaṅgāyāḥ	pariṣvangāyā	pariṣvaṅga	NOUN	dcs:448747	2	0
paroḍāśān	paroḍāśān	puroḍāśa	NOUN	dcs:726059	2	0
parusta	parusta	parus	NOUN	dcs:754751	2	0
paruḥsu	paruḥsu	parus	NOUN	dcs:649713	2	0
paruṣṇiyām	paruṣniyām	paruṣṇī	NOUN	dcs:647386_2	2	0
parvatebhiḥ	parvatebhi	parvata	NOUN	dcs:598689	2	0
parāntikayā	parāntikayā	parāntaka	ADJ	dcs:653508	2	0
parībhogam	parībhogam	paribhoga	NOUN	dcs:465120	2	0
parīdhānā	parīdhānā	parīdhāna	NOUN	dcs:528525	2	0
parīdhānām	parīdhānām	parīdhāna	NOUN	dcs:332914	2	0
parīkṣaḥ	parīkṣa	parīkṣā	NOUN	dcs:98299	2	0
parīvārām	parīvārām	parīvāra	NOUN	dcs:524637	2	0
parṇakāni	parnakāni	parṇaka	NOUN	dcs:656700	2	0
parṇebhiḥ	parnebhi	parṇa	NOUN	dcs:609265	2	0
pastyoḥ	pastyo	pastya	NOUN	dcs:611504_1	2	0
patattriṇi	patattrini	patatrin	NOUN	dcs:629799	2	0
patattriṇā	patattrinā	patatrin	NOUN	dcs:614853	2	0
patniyām	patniyām	patnī	NOUN	dcs:708200	2	0
patnīvas	patnīvas	patnīvat	ADJ	dcs:729674	2	0
patrakā	patrakā	pattraka	NOUN	dcs:469104	2	0
patraratheṣu	patraratheṣu	pattraratha	NOUN	dcs:630724	2	0
patrau	patrau	pattra	NOUN	dcs:631649	2	0
patrābhyām	patrābhyām	pattra	NOUN	dcs:761514	2	0
patrām	patrām	pattra	NOUN	dcs:756704	2	0
pattata	pattata	pad	NOUN	dcs:636562	2	0
patīni	patīni	pati	NOUN	dcs:164359	2	0
paurvikayā	paurvikayā	paurvika	ADJ	dcs:722370	2	0
paurām	paurām	paura	NOUN	dcs:517063	2	0
paurṇamāsāyām	paurnamāsāyām	paurṇamāsa	ADJ	dcs:430771_1	2	0
pauṣṭikāyai	pauṣṭikāyai	pauṣṭika	ADJ	dcs:384904	2	0
pavitravantā	pavitravantā	pavitravat	ADJ	dcs:609833_1	2	0
pavīravi	pavīravi	pavīru	NOUN	dcs:674207	2	0
pañcadaśāyām	pancadaśāyām	pañcadaśa	ADJ	dcs:337352	2	0
pañcalavaṇāḥ	pancalavanā	pañcalavaṇa	NOUN	dcs:34840	2	0
pañcamāyāḥ	pancamāyā	pañcama	ADJ	dcs:117792	2	0
pañcārcīḥ	pancārcī	pañcārcis	NOUN	dcs:590129	2	0
paśumāṁ	paśumām	paśumat	ADJ	dcs:597716	2	0
paṅktībhiḥ	panktībhi	paṅkti	NOUN	dcs:763570	2	0
paṅktīm	panktīm	paṅkti	NOUN	dcs:753141_1	2	0
paṭukāni	paṭukāni	paṭuka	ADJ	dcs:642974	2	0
paṭṭāni	paṭṭāni	paṭṭa	NOUN	dcs:396356	2	0
pebhiḥ	pebhi	pā	ADJ	dcs:598865_1	2	0
peśasas	peśasas	peśas	NOUN	dcs:596506_1	2	0
peśikam	peśikam	peśikā	NOUN	dcs:33903	2	0
peśāsu	peśāsu	peśa	NOUN	dcs:595974	2	0
phalakoṣāyām	phalakoṣāyām	phalakośa	NOUN	dcs:8268	2	0
phaṇijjhakāni	phanijjhakāni	phaṇijjhakā	NOUN	dcs:62207	2	0
pidhānayā	pidhānayā	pidhāna	NOUN	dcs:488973	2	0
pitryāsaḥ	pitryāsa	pitrya	ADJ	dcs:602064	2	0
piturbhyām	piturbhyām	pituḥ	NOUN	dcs:555437	2	0
pitve	pitve	pitu	NOUN	dcs:102752	2	0
pitāmahebhiḥ	pitāmahebhi	pitāmaha	NOUN	dcs:435957	2	0
piñcholāḥ	pincholā	piccholā	NOUN	dcs:672912	2	0
piñjūlayā	pinjūlayā	piñjūlī	NOUN	dcs:754736	2	0
piślam	piślam	miśla	ADJ	dcs:468744	2	0
piśācaki	piśācaki	piśācakin	NOUN	dcs:590272	2	0
piśācataḥ	piśācata	piśāca	NOUN	dcs:70701_1	2	0
piṇḍamustaṃ	pinḍamustam	piṇḍamustā	NOUN	dcs:366378	2	0
piṇḍītakāni	pinḍītakāni	piṇḍītaka	NOUN	dcs:2736	2	0
piṣām	piṣām	piṣ	NOUN	dcs:552073	2	0
pliha	pliha	plihan	NOUN	dcs:15502	2	0
poṣāyai	poṣāyai	poṣa	NOUN	dcs:70643	2	0
poṭalikam	poṭalikam	poṭalikā	NOUN	dcs:104425	2	0
prabandhāni	prabandhāni	prabandha	NOUN	dcs:629789	2	0
prabarhām	prabarhām	prabarha	ADJ	dcs:305776	2	0
prabhedāni	prabhedāni	prabheda	NOUN	dcs:551130	2	0
prabhāsām	prabhāsām	prabhāsa	ADJ	dcs:674015_1	2	0
prabhāṇān	prabhānān	prabhāṇa	NOUN	dcs:63408	2	0
pracchāyā	pracchāyā	pracchāya	NOUN	dcs:447954	2	0
pracyavanī	pracyavanī	pracyavana	ADJ	dcs:647783	2	0
pradhamanā	pradhamanā	pradhamana	NOUN	dcs:403648	2	0
pradānān	pradānān	pradāna	NOUN	dcs:699625_1	2	0
pradāyikā	pradāyikā	pradāyaka	ADJ	dcs:560774	2	0
pradīpām	pradīpām	pradīpa	NOUN	dcs:477362	2	0
pragāmā	pragāmā	pragāman	NOUN	dcs:592364	2	0
praiṣāṇi	praiṣāni	praiṣa	NOUN	dcs:699203_1	2	0
prajananī	prajananī	prajanana	ADJ	dcs:661476	2	0
prajanva	prajanva	prajanu	NOUN	dcs:637919	2	0
prakartrī	prakartrī	prakartṛ	ADJ	dcs:465871	2	0
prakaṭīṃ	prakaṭīm	prakaṭī	NOUN	dcs:423206	2	0
praketebhiḥ	praketebhi	praketa	NOUN	dcs:595465	2	0
prakoṣṭhām	prakoṣṭhām	prakoṣṭha	NOUN	dcs:152700	2	0
prakṛtinā	prakṛtinā	prakṛti	NOUN	dcs:467950	2	0
pralāpām	pralāpām	pralāpa	NOUN	dcs:449606	2	0
pramādāyām	pramādāyām	pramāda	NOUN	dcs:488731	2	0
pramāpaṇām	pramāpanām	pramāpaṇa	ADJ	dcs:482628	2	0
prapathī	prapathī	prapathin	NOUN	dcs:603748_2	2	0
prapañcābhiḥ	prapancābhi	prapañca	NOUN	dcs:525243	2	0
prapitāmahebhiḥ	prapitāmahebhi	prapitāmaha	NOUN	dcs:435957	2	0
prasalī	prasalī	prasalavi	ADV	dcs:754008	2	0
prasitāsaḥ	prasitāsa	prasita	ADJ	dcs:610929	2	0
prasthānāḥ	prasthānā	prasthāna	NOUN	dcs:280442	2	0
prasādāni	prasādāni	prasāda	NOUN	dcs:466757	2	0
prasṛtinā	prasṛtinā	prasṛti	NOUN	dcs:71958	2	0
prathamasyām	prathamasyām	prathama	ADJ	dcs:696808	2	0
prathamāsaḥ	prathamāsa	prathama	ADJ	dcs:609384_2	2	0
pratidanti	pratidanti	pratidantin	NOUN	dcs:359413	2	0
pratigrahītṛta	pratigrahītṛta	pratigrahītṛ	ADJ	dcs:745685	2	0
pratigrāhikām	pratigrāhikām	pratigrāhaka	ADJ	dcs:653047	2	0
pratikarmā	pratikarmā	pratikarman	NOUN	dcs:524781	2	0
pratimāt	pratimāt	pratimā	NOUN	dcs:307593	2	0
pratiniḥsargāyai	pratiniḥsargāyai	pratiniḥsarga	NOUN	dcs:666796	2	0
pratipādanā	pratipādanā	pratipādana	ADJ	dcs:464116_2	2	0
pratisāraṇāṃ	pratisāranām	pratisāraṇa	NOUN	dcs:67937	2	0
pratiśrutkāni	pratiśrutkāni	pratiśrutkā	NOUN	dcs:387538	2	0
pratiṣeddhāraḥ	pratiṣeddhāra	pratiṣeddhṛ	ADJ	dcs:180496	2	0
pratiṣeddhāraṃ	pratiṣeddhāram	pratiṣeddhṛ	ADJ	dcs:177442	2	0
pratiṣevaṇām	pratiṣevanām	pratiṣevaṇa	NOUN	dcs:436167	2	0
pratiṣevaṇāḥ	pratiṣevanā	pratiṣevaṇa	NOUN	dcs:436064	2	0
pratyavarohaṇata	pratyavarohanata	pratyavarohaṇa	NOUN	dcs:673669	2	0
pratyekasmin	pratyekasmin	pratyeka	ADJ	dcs:656099	2	0
pratīrūpasya	pratīrūpasya	pratirūpa	NOUN	dcs:648606_1	2	0
pravapanau	pravapanau	pravapana	NOUN	dcs:102279_1	2	0
pravayaṇataḥ	pravayanata	pravayaṇa	NOUN	dcs:651041	2	0
praveśakāni	praveśakāni	praveśaka	NOUN	dcs:657894	2	0
praveśāṇi	praveśāni	praveśa	NOUN	dcs:9694	2	0
pravāhikāt	pravāhikāt	pravāhikā	NOUN	dcs:32773	2	0
pravṛttīni	pravṛttīni	pravṛtti	NOUN	dcs:62511	2	0
prayantārā	prayantārā	prayantṛ	ADJ	dcs:598395	2	0
prayojanau	prayojanau	prayojana	NOUN	dcs:62242	2	0
prayojanān	prayojanān	prayojana	NOUN	dcs:218301	2	0
praśamanī	praśamanī	praśamana	ADJ	dcs:644041	2	0
praṇayanī	pranayanī	praṇayana	ADJ	dcs:755759	2	0
praṇayām	pranayām	praṇaya	NOUN	dcs:582707	2	0
praṇālikāni	pranālikāni	praṇālikā	NOUN	dcs:342728	2	0
prekṣam	prekṣam	prekṣā	NOUN	dcs:538778	2	0
prekṣasya	prekṣasya	prekṣā	NOUN	dcs:120460	2	0
prekṣaṇā	prekṣanā	prekṣaṇa	NOUN	dcs:387108	2	0
prekṣaṇābhiḥ	prekṣanābhi	prekṣaṇa	ADJ	dcs:33984	2	0
prepsuvoḥ	prepsuvo	prepsu	ADJ	dcs:250079	2	0
pretinā	pretinā	preti	NOUN	dcs:717045	2	0
pretārā	pretārā	pretṛ	ADJ	dcs:598799_1	2	0
preyāṃsaḥ	preyānsa	preyas	ADJ	dcs:103042	2	0
priyasāsa	priyasāsa	priyasa	ADJ	dcs:608915	2	0
priyebhiḥ	priyebhi	priya	ADJ	dcs:597714	2	0
protsāhanām	protsāhanām	protsāhana	NOUN	dcs:725251	2	0
proṣṭhapadyāḥ	proṣṭhapadyā	proṣṭhapada	NOUN	dcs:431438_1	2	0
prābhavām	prābhavām	prābhava	NOUN	dcs:573298	2	0
prācetasīm	prācetasīm	prācetasa	ADJ	dcs:630163	2	0
prādurbhyām	prādurbhyām	prādur	NOUN	dcs:555439	2	0
prādurbhāvāni	prādurbhāvāni	prādurbhāva	NOUN	dcs:667327	2	0
prāgbhārām	prāgbhārām	prāgbhāra	NOUN	dcs:656314	2	0
prāgbhārāṇi	prāgbhārāni	prāgbhāra	NOUN	dcs:655370	2	0
prākāśyā	prākāśyā	prākāśya	NOUN	dcs:666622	2	0
prāpām	prāpām	prāpa	NOUN	dcs:449292	2	0
prārthanān	prārthanān	prārthanā	NOUN	dcs:567524	2	0
prātassavanena	prātassavanena	prātaḥsavana	NOUN	dcs:663197	2	0
prāvāhaṇya	prāvāhanya	prāvāhaṇi	NOUN	dcs:565038	2	0
prāśanān	prāśanān	prāśana	NOUN	dcs:113080	2	0
psarāḥ	psarā	psaras	NOUN	dcs:609083_1	2	0
pucchataḥ	pucchata	puccha	NOUN	dcs:756372	2	0
pulkaśāḥ	pulkaśā	pulkasa	NOUN	dcs:89168	2	0
punarvasūbhyāṃ	punarvasūbhyām	punarvasu	NOUN	dcs:367372	2	0
purasaḥ	purasa	puras	NOUN	dcs:553082	2	0
purasoḥ	puraso	puras	NOUN	dcs:555392	2	0
purassade	purassade	puraḥsad	ADJ	dcs:736059	2	0
puraścaraṇataḥ	puraścaranata	puraścaraṇa	NOUN	dcs:498681	2	0
purogavāsaḥ	purogavāsa	purogava	NOUN	dcs:652566	2	0
purolāśam	purolāśam	puroḍāśa	NOUN	dcs:697142_1	2	0
purolāśe	purolāśe	puroḍāśa	NOUN	dcs:697126_1	2	0
puronuvākyaḥ	puronuvākya	puronuvākyā	NOUN	dcs:743500	2	0
puronuvākyeṣu	puronuvākyeṣu	puronuvākyā	NOUN	dcs:741134	2	0
puroḍā	puroḍā	puroḍāś	NOUN	dcs:597137	2	0
purujātitaḥ	purujātita	purujāti	NOUN	dcs:760282	2	0
puruṇīthā	purunīthā	puruṇītha	NOUN	dcs:602231	2	0
purīṣān	purīṣān	purīṣa	NOUN	dcs:150988	2	0
purūtamāsaḥ	purūtamāsa	purutama	ADJ	dcs:606106	2	0
pustakām	pustakām	pustaka	NOUN	dcs:339205	2	0
putravantya	putravantya	putravat	ADJ	dcs:752392	2	0
puṅkhābhiḥ	punkhābhi	puṅkha	NOUN	dcs:580255	2	0
puṇḍari	punḍari	puṇḍarin	NOUN	dcs:701453	2	0
puṣkarasārim	puṣkarasārim	puṣkarasārī	NOUN	dcs:668157	2	0
puṣkasa	puṣkasa	pukkasa	NOUN	dcs:666596	2	0
puṣpadāmā	puṣpadāmā	puṣpadāman	NOUN	dcs:348614	2	0
puṣparāgāṇi	puṣparāgāni	puṣparāga	NOUN	dcs:342774	2	0
puṣṭimāṁ	puṣṭimām	puṣṭimat	ADJ	dcs:716504	2	0
puṣṭinā	puṣṭinā	puṣṭi	NOUN	dcs:687893	2	0
pādapāni	pādapāni	pādapa	NOUN	dcs:477484	2	0
pākayajñānt	pākayajnānt	pākayajña	NOUN	dcs:431043_1	2	0
pākhaṇḍinā	pākhanḍinā	pāṣaṇḍin	ADJ	dcs:621455	2	0
pākṣikām	pākṣikām	pākṣika	ADJ	dcs:322650	2	0
pālākalasya	pālākalasya	pālāgala	NOUN	dcs:695238	2	0
pālākalīm	pālākalīm	pālāgalī	NOUN	dcs:696283	2	0
pālāśābhiḥ	pālāśābhi	pālāśa	ADJ	dcs:62261	2	0
pālāśāyām	pālāśāyām	pālāśa	ADJ	dcs:7699	2	0
pāpacelikam	pāpacelikam	pāpacelikā	NOUN	dcs:64901	2	0
pāpīyāṃsau	pāpīyānsau	pāpīyas	ADJ	dcs:663395	2	0
pāradāri	pāradāri	pāradārin	NOUN	dcs:82635	2	0
pāratalpikān	pāratalpikān	pāratalpika	ADJ	dcs:465670	2	0
pāribarhāni	pāribarhāni	pāribarha	NOUN	dcs:171021	2	0
pāribhāṣikām	pāribhāṣikām	pāribhāṣika	ADJ	dcs:7736	2	0
pārthām	pārthām	pārtha	NOUN	dcs:580748	2	0
pārāsaḥ	pārāsa	pāra	NOUN	dcs:597450	2	0
pātheyā	pātheyā	pātheya	NOUN	dcs:619124	2	0
pāvakebhiḥ	pāvakebhi	pāvaka	ADJ	dcs:600136_1	2	0
pāvamānābhiḥ	pāvamānābhi	pāvamāna	ADJ	dcs:490349_1	2	0
pāyuni	pāyuni	pāyu	NOUN	dcs:15892	2	0
pāśupatām	pāśupatām	pāśupata	ADJ	dcs:372629	2	0
pāṃsukān	pānsukān	pāṃsuka	NOUN	dcs:217284	2	0
pāṃśulena	pānśulena	pāṃsula	ADJ	dcs:629619	2	0
pāṇitaḥ	pānita	pāṇi	NOUN	dcs:730567_1	2	0
pāṣāṇabhedinī	pāṣānabhedinī	pāṣāṇabhedin	NOUN	dcs:50966	2	0
pāṭhanām	pāṭhanām	pāṭhana	NOUN	dcs:527865	2	0
pīnasām	pīnasām	pīnasa	NOUN	dcs:40133	2	0
pīṭhikam	pīṭhikam	pīṭhikā	NOUN	dcs:562197	2	0
pūjau	pūjau	pūjā	NOUN	dcs:290478	2	0
pūlyān	pūlyān	pūlya	NOUN	dcs:72951	2	0
pūrvadakṣiṇataḥ	pūrvadakṣinata	pūrvadakṣiṇa	ADJ	dcs:390042	2	0
pūrṇāyūḥ	pūrnāyū	pūrṇāyus	NOUN	dcs:343826	2	0
pṛdākvam	pṛdākvam	pṛdākū	NOUN	dcs:638503	2	0
pṛthaktvataḥ	pṛthaktvata	pṛthaktva	NOUN	dcs:741404	2	0
pṛthuroma	pṛthuroma	pṛthuroman	NOUN	dcs:357140	2	0
pṛthviyāṃ	pṛthviyām	pṛthvī	NOUN	dcs:674182	2	0
pṛthyā	pṛthyā	pṛthi	NOUN	dcs:612438	2	0
pṛtsuṣu	pṛtsuṣu	pṛt	NOUN	dcs:594620	2	0
pṛśanāyuvaḥ	pṛśanāyuva	pṛśanāyu	ADJ	dcs:593551	2	0
pṛṣanta	pṛṣanta	pṛṣat	ADJ	dcs:696392	2	0
pṛṣantaṃ	pṛṣantam	pṛṣat	ADJ	dcs:598922	2	0
pṛṣataya	pṛṣataya	pṛṣatī	NOUN	dcs:669664	2	0
pṛṣṭhāsaḥ	pṛṣṭhāsa	pṛṣṭha	NOUN	dcs:606015	2	0
rabhasvāṁ	rabhasvām	rabhasvat	ADJ	dcs:609342_1	2	0
rabhasāsaḥ	rabhasāsa	rabhasa	ADJ	dcs:595374	2	0
rabhīyāṃsau	rabhīyānsau	rabhīyas	ADJ	dcs:742355	2	0
radani	radani	radanin	NOUN	dcs:24085	2	0
raeḥ	rae	rai	NOUN	dcs:462312	2	0
raivatāsaḥ	raivatāsa	raivata	ADJ	dcs:600128_1	2	0
raktikaiḥ	raktikai	raktikā	NOUN	dcs:392458	2	0
raktikaṃ	raktikam	raktikā	NOUN	dcs:356930	2	0
rakṣitārā	rakṣitārā	rakṣitṛ	ADJ	dcs:596592	2	0
ratnakūṭataḥ	ratnakūṭata	ratnakūṭa	NOUN	dcs:625080	2	0
ratnayā	ratnayā	ratna	NOUN	dcs:91736	2	0
ratnāsu	ratnāsu	ratna	NOUN	dcs:524913	2	0
ratīni	ratīni	rati	NOUN	dcs:358557	2	0
raukṣyāḥ	raukṣyā	raukṣya	NOUN	dcs:150505	2	0
rauravakāḥ	rauravakā	rauravaka	NOUN	dcs:535511	2	0
raviṇas	ravinas	ravi	NOUN	dcs:428118	2	0
ravāṇi	ravāni	rava	NOUN	dcs:236191	2	0
rayiṣācaḥ	rayiṣāca	rayiṣac	ADJ	dcs:595591	2	0
raśmiyoḥ	raśmiyo	raśmi	NOUN	dcs:81327	2	0
raśmiṇi	raśmini	raśmi	NOUN	dcs:87968	2	0
rikthām	rikthām	riktha	NOUN	dcs:752227	2	0
rogataḥ	rogata	roga	NOUN	dcs:622392	2	0
rogāṇi	rogāni	roga	NOUN	dcs:111843	2	0
rohitāsa	rohitāsa	rohita	ADJ	dcs:598086	2	0
romaphalaṃ	romaphalam	romaphalā	NOUN	dcs:43832	2	0
romarājinā	romarājinā	romarāji	NOUN	dcs:358376	2	0
rudraśarma	rudraśarma	rudraśarman	NOUN	dcs:616389	2	0
rukmāṁ	rukmām	rukma	NOUN	dcs:593230_2	2	0
ruśadgavi	ruśadgavi	ruśadgu	ADJ	dcs:600220	2	0
rājinī	rājinī	rājin	ADJ	dcs:364193	2	0
rākṣasayā	rākṣasayā	rākṣasa	ADJ	dcs:137513	2	0
rāmaśarma	rāmaśarma	rāmaśarman	NOUN	dcs:364080	2	0
rāsabhām	rāsabhām	rāsabha	NOUN	dcs:521280	2	0
rāthyebhiḥ	rāthyebhi	rāthya	NOUN	dcs:595090	2	0
rātriṃdivasān	rātrindivasān	rātriṃdivasa	NOUN	dcs:657507	2	0
rāṣṭrām	rāṣṭrām	rāṣṭra	NOUN	dcs:121950	2	0
rāṣṭrāyām	rāṣṭrāyām	rāṣṭra	NOUN	dcs:764385	2	0
sadassu	sadassu	sadas	NOUN	dcs:603378	2	0
sadhamādyāsaḥ	sadhamādyāsa	sadhamādya	ADJ	dcs:611711	2	0
sadhryañcā	sadhryancā	sadhryañc	ADJ	dcs:594058	2	0
sadhrīm	sadhrīm	sadhri	ADJ	dcs:596056	2	0
sadāmattakā	sadāmattakā	sadāmattaka	NOUN	dcs:657315	2	0
sadṛkṣāsaḥ	sadṛkṣāsa	sadṛkṣa	ADJ	dcs:684466	2	0
saharṣīṃ	saharṣīm	saharṣa	ADJ	dcs:102541	2	0
sahasrām	sahasrām	sahasra	NUM	dcs:183133_1	2	0
sahasrārcīḥ	sahasrārcī	sahasrārcis	NOUN	dcs:557798	2	0
sahīyā	sahīyā	sahīyas	ADJ	dcs:478642	2	0
saidhrakīṃ	saidhrakīm	saidhraka	ADJ	dcs:425091	2	0
sakthyaḥ	sakthya	sakthi	NOUN	dcs:764191	2	0
sambhyaḥ	sambhya	sam	ADP	dcs:552505	2	0
sambhyām	sambhyām	sam	ADP	dcs:553965	2	0
sambhārataḥ	sambhārata	sambhāra	NOUN	dcs:632938	2	0
sambhāṣaṇā	sambhāṣanā	sambhāṣaṇa	NOUN	dcs:447915	2	0
sameddhā	sameddhā	sameddhṛ	ADJ	dcs:701177	2	0
samithāni	samithāni	samitha	NOUN	dcs:593074	2	0
sampādayitrīṃ	sampādayitrīm	sampādayitṛ	ADJ	dcs:485115	2	0
sampādikā	sampādikā	saṃpādaka	ADJ	dcs:45379	2	0
samudbhavāni	samudbhavāni	samudbhava	NOUN	dcs:15411	2	0
samudrāsaḥ	samudrāsa	samudra	NOUN	dcs:608509_2	2	0
samutthānau	samutthānau	samutthāna	NOUN	dcs:13144	2	0
samākhyam	samākhyam	samākhyā	NOUN	dcs:61530	2	0
samānasmāt	samānasmāt	samāna	ADJ	dcs:600510	2	0
samāpanīḥ	samāpanī	samāpana	ADJ	dcs:71165	2	0
samūhāni	samūhāni	samūha	NOUN	dcs:124364	2	0
sanīyān	sanīyān	sanīyas	ADJ	dcs:670544	2	0
sanīḍebhiḥ	sanīḍebhi	sanīḍa	ADJ	dcs:611585	2	0
sapiṇḍāyā	sapinḍāyā	sapiṇḍa	ADJ	dcs:447564	2	0
saptapañcāśatī	saptapancāśatī	saptapañcāśat	NOUN	dcs:27910	2	0
saptarātrikī	saptarātrikī	saptarātrika	ADJ	dcs:764306	2	0
saptīvantā	saptīvantā	saptīvat	ADJ	dcs:603511	2	0
sarajantam	sarajantam	sarajat	ADJ	dcs:611935	2	0
sarjikaḥ	sarjika	sarjikā	NOUN	dcs:404362	2	0
sarvatomukhāyai	sarvatomukhāyai	sarvatomukha	ADJ	dcs:540980	2	0
sasthāvānā	sasthāvānā	sasthāvan	ADJ	dcs:605309	2	0
satomahānta	satomahānta	satomahat	ADJ	dcs:605064	2	0
sattrām	sattrām	sattra	NOUN	dcs:526522	2	0
sattrān	sattrān	sattra	NOUN	dcs:631235	2	0
satyavarmaṇau	satyavarmanau	satyavarman	NOUN	dcs:487445	2	0
saubhāgyā	saubhāgyā	saubhāgya	NOUN	dcs:364791	2	0
saudhanvanebhiḥ	saudhanvanebhi	saudhanvana	NOUN	dcs:597842	2	0
saumāraudrīm	saumāraudrīm	saumāraudra	ADJ	dcs:680104	2	0
sauṣṭhavāḥ	sauṣṭhavā	sauṣṭhava	NOUN	dcs:394473	2	0
savyetarataḥ	savyetarata	savyetara	ADJ	dcs:93536	2	0
saṃbhalāyai	sambhalāyai	sambhala	NOUN	dcs:640644	2	0
saṃdeśataḥ	sandeśata	saṃdeśa	NOUN	dcs:616443	2	0
saṃdṛśī	sandṛśī	saṃdṛś	NOUN	dcs:647364_2	2	0
saṃghām	sanghām	saṃgha	NOUN	dcs:264984	2	0
saṃgrahām	sangrahām	saṃgraha	NOUN	dcs:573118	2	0
saṃgrahītri	sangrahītri	saṃgrahītṛ	ADJ	dcs:166247	2	0
saṃjñikaḥ	sanjnika	saṃjñikā	NOUN	dcs:361679	2	0
saṃkarīkaraṇāḥ	sankarīkaranā	saṃkarīkaraṇa	NOUN	dcs:443004	2	0
saṃketāni	sanketāni	saṃketa	NOUN	dcs:645895	2	0
saṃkocām	sankocām	saṃkoca	NOUN	dcs:533918	2	0
saṃkramām	sankramām	saṃkrama	NOUN	dcs:246062	2	0
saṃkrāntitaḥ	sankrāntita	saṃkrānti	NOUN	dcs:644853	2	0
saṃmitībhyaḥ	sammitībhya	saṃmita	ADJ	dcs:437136	2	0
saṃnidhānāḥ	sannidhānā	saṃnidhāna	NOUN	dcs:480072	2	0
saṃrādhanī	sanrādhanī	saṃrādhana	ADJ	dcs:434882	2	0
saṃrāje	sanrāje	samrāj	NOUN	dcs:674005	2	0
saṃsargataḥ	sansargata	saṃsarga	NOUN	dcs:388345	2	0
saṃskārāṇi	sanskārāni	saṃskāra	NOUN	dcs:392131	2	0
saṃsmaraṇā	sansmaranā	saṃsmaraṇa	NOUN	dcs:629835	2	0
saṃtoṣaṇāyai	santoṣanāyai	saṃtoṣaṇa	NOUN	dcs:666889	2	0
saṃvahanāḥ	sanvahanā	saṃvahana	NOUN	dcs:549911	2	0
saṃvardhayitrīṃ	sanvardhayitrīm	saṃvardhayitṛ	ADJ	dcs:478476	2	0
saṃvvatsare	sanvvatsare	saṃvatsara	NOUN	dcs:565141_6	2	0
saṃvāhanām	sanvāhanām	saṃvāhana	NOUN	dcs:523100	2	0
saṃyavanī	sanyavanī	saṃyavana	ADJ	dcs:747807	2	0
saṭālu	saṭālu	śalāṭu	NOUN	dcs:424037	2	0
senāsaḥ	senāsa	senā	NOUN	dcs:602670_1	2	0
sevanān	sevanān	sevana	NOUN	dcs:414380	2	0
silikamadhyamāsaḥ	silikamadhyamāsa	silikamadhyama	ADJ	dcs:595214	2	0
simasmai	simasmai	sima	PRON	dcs:594242	2	0
simasmāt	simasmāt	sima	PRON	dcs:593828_1	2	0
sindhūṁ	sindhūm	sindhu	NOUN	dcs:612240	2	0
sipuna	sipuna	sipunā	NOUN	dcs:70262	2	0
sitavarma	sitavarma	sitavarman	NOUN	dcs:487444	2	0
sitebhiḥ	sitebhi	sitā	NOUN	dcs:327509	2	0
sitīvāra	sitīvāra	sitivāra	NOUN	dcs:71071	2	0
siṃhyaṃ	sinhyam	siṃhī	NOUN	dcs:602363	2	0
siṃhāsanām	sinhāsanām	siṃhāsana	NOUN	dcs:572910	2	0
skabhīyān	skabhīyān	skabhīyas	ADJ	dcs:611859	2	0
skambhanebhiḥ	skambhanebhi	skambhana	NOUN	dcs:595121	2	0
skambhāsa	skambhāsa	skambha	NOUN	dcs:592563	2	0
skandamātrī	skandamātrī	skandamātṛ	NOUN	dcs:423450	2	0
skandamātrīm	skandamātrīm	skandamātṛ	NOUN	dcs:423221	2	0
smaśānaṃ	smaśānam	śmaśāna	NOUN	dcs:468355	2	0
smaśāne	smaśāne	śmaśāna	NOUN	dcs:618716	2	0
smyoḥ	smyo	smi	NOUN	dcs:551772	2	0
snāvānaṃ	snāvānam	snāvan	NOUN	dcs:687285	2	0
snīhitīṣu	snīhitīṣu	snīhiti	NOUN	dcs:593377	2	0
sobharyā	sobharyā	sobhari	NOUN	dcs:607108	2	0
sodarāṃ	sodarām	sodara	ADJ	dcs:181800	2	0
somanandi	somanandi	somanandin	NOUN	dcs:105077	2	0
somaśarma	somaśarma	somaśarman	NOUN	dcs:614134	2	0
somyebhiḥ	somyebhi	somya	ADJ	dcs:634871_3	2	0
sopānām	sopānām	sopāna	NOUN	dcs:132018	2	0
sopānāyām	sopānāyām	sopāna	NOUN	dcs:724198	2	0
sopānāyāḥ	sopānāyā	sopāna	NOUN	dcs:622064	2	0
sphigyaṃ	sphigyam	sphigī	NOUN	dcs:603904	2	0
sphuroḥ	sphuro	sphur	NOUN	dcs:554050	2	0
spṛhaiḥ	spṛhai	spṛhā	NOUN	dcs:525765	2	0
sravaṇām	sravanām	sravaṇa	NOUN	dcs:121249	2	0
stanayā	stanayā	stana	NOUN	dcs:563434	2	0
stanābhiḥ	stanābhi	stana	ADJ	dcs:477902	2	0
stanābhyaḥ	stanābhya	stana	NOUN	dcs:485433	2	0
steyān	steyān	steya	NOUN	dcs:26741	2	0
sthalāyām	sthalāyām	sthala	NOUN	dcs:573305	2	0
sthavīyasam	sthavīyasam	sthavīyas	ADJ	dcs:389330_1	2	0
sthema	sthema	stheman	NOUN	dcs:47427	2	0
sthāmataḥ	sthāmata	sthāman	NOUN	dcs:644048	2	0
sthāpayitrī	sthāpayitrī	sthāpayitṛ	ADJ	dcs:223650	2	0
strīmukhāḥ	strīmukhā	strīmukha	NOUN	dcs:543933	2	0
subhyaḥ	subhya	su	NOUN	dcs:553957	2	0
subhyām	subhyām	su	NOUN	dcs:554391	2	0
sudhaiḥ	sudhai	sudhā	NOUN	dcs:630247	2	0
suhavīḥ	suhavī	suhavis	NOUN	dcs:167469	2	0
sukhavarcā	sukhavarcā	sukhavarcas	NOUN	dcs:19589	2	0
sulomi	sulomi	suloma	ADJ	dcs:367071	2	0
sumnāyuvaḥ	sumnāyuva	sumnāyu	ADJ	dcs:675468	2	0
sundarāyai	sundarāyai	sundara	ADJ	dcs:397860	2	0
sunāmnau	sunāmnau	sunāman	NOUN	dcs:184511	2	0
suparṇikaḥ	suparnika	suparṇikā	NOUN	dcs:546555	2	0
supiṣṭāṃ	supiṣṭām	supiṣṭa	ADJ	dcs:10704	2	0
suptakau	suptakau	suptaka	ADJ	dcs:550639	2	0
surabhinas	surabhinas	surabhi	ADJ	dcs:387156	2	0
surālayām	surālayām	surālaya	NOUN	dcs:527697	2	0
sutegṛbhaṃ	sutegṛbham	sutegṛbh	ADJ	dcs:599806	2	0
sutukebhiḥ	sutukebhi	sutuka	ADJ	dcs:609342_1	2	0
suvarbhānuḥ	suvarbhānu	svarbhānu	NOUN	dcs:701598_1	2	0
suvarci	suvarci	suvarcin	NOUN	dcs:366755	2	0
suvratāsaḥ	suvratāsa	suvrata	ADJ	dcs:594537	2	0
suvāhanām	suvāhanām	suvāhana	ADJ	dcs:423117	2	0
suyajūḥ	suyajū	suyajus	NOUN	dcs:167469	2	0
suṣu	suṣu	su	NOUN	dcs:552639	2	0
suṣumāṁ	suṣumām	suṣumat	ADJ	dcs:609329_1	2	0
svadhāvāṁ	svadhāvām	svadhāvat	ADJ	dcs:595483	2	0
svargastriyāṃ	svargastriyām	svargastrī	NOUN	dcs:631752	2	0
svarvāṁ	svarvām	svarvat	ADJ	dcs:606911	2	0
svarṇagairikayā	svarnagairikayā	svarṇagairika	NOUN	dcs:329782	2	0
svarṇapuṣpikam	svarnapuṣpikam	svarṇapuṣpikā	NOUN	dcs:405571	2	0
svaḥstriyaḥ	svaḥstriya	svaḥstrī	NOUN	dcs:94081	2	0
svedebhiḥ	svedebhi	sveda	ADJ	dcs:610731	2	0
svādhyāyataḥ	svādhyāyata	svādhyāya	NOUN	dcs:723910	2	0
svādīyāṃsaṃ	svādīyānsam	svādīyas	ADJ	dcs:649735	2	0
svāpateyām	svāpateyām	svāpateya	NOUN	dcs:630654	2	0
svāsaḥ	svāsa	sva	ADJ	dcs:609336_1	2	0
svātīm	svātīm	svāti	NOUN	dcs:764851	2	0
syādvādi	syādvādi	syādvādin	NOUN	dcs:589944	2	0
syūmanā	syūmanā	syūman	NOUN	dcs:594205	2	0
sādhayitryai	sādhayitryai	sādhayitṛ	ADJ	dcs:712810	2	0
sāhasikām	sāhasikām	sāhasika	ADJ	dcs:487677	2	0
sālabhañjikābhiḥ	sālabhanjikābhi	śālabhañjikā	NOUN	dcs:466633	2	0
sālvena	sālvena	śālva	NOUN	dcs:769195	2	0
sālvāt	sālvāt	śālva	NOUN	dcs:553119	2	0
sālāvṛkāṁ	sālāvṛkām	śālāvṛka	NOUN	dcs:633758_1	2	0
sāmagryataḥ	sāmagryata	sāmagrya	NOUN	dcs:632949	2	0
sāmarthyām	sāmarthyām	sāmarthya	NOUN	dcs:365600	2	0
sāmarthyāḥ	sāmarthyā	sāmarthya	NOUN	dcs:480072	2	0
sāmyāḥ	sāmyā	sāmya	NOUN	dcs:45516	2	0
sāmāyikān	sāmāyikān	sāmāyika	NOUN	dcs:399184	2	0
sānāthyā	sānāthyā	sānāthya	NOUN	dcs:521821	2	0
sāpiṇḍyā	sāpinḍyā	sāpiṇḍya	NOUN	dcs:447620	2	0
sāramahatīm	sāramahatīm	sāramahat	ADJ	dcs:488029	2	0
sārasvatebhiḥ	sārasvatebhi	sārasvata	NOUN	dcs:596776	2	0
sārdrāṃ	sārdrām	sārdra	ADJ	dcs:52408	2	0
sārvakāmikām	sārvakāmikām	sārvakāmika	ADJ	dcs:180351	2	0
sāsnaiḥ	sāsnai	sāsnā	NOUN	dcs:560488	2	0
sāttvikayā	sāttvikayā	sāttvika	ADJ	dcs:77292	2	0
sāṃvatsarām	sānvatsarām	sāṃvatsara	ADJ	dcs:542963	2	0
sīdhve	sīdhve	sīdhu	NOUN	dcs:367923	2	0
sīmam	sīmam	sīmā	NOUN	dcs:571843	2	0
sīmantāyām	sīmantāyām	sīmanta	NOUN	dcs:437512	2	0
sīmantāyāḥ	sīmantāyā	sīmanta	NOUN	dcs:446697	2	0
sīmān	sīmān	sīmā	NOUN	dcs:118512	2	0
sītāsaḥ	sītāsa	sītā	NOUN	dcs:594848	2	0
sūbhyaḥ	sūbhya	sū	NOUN	dcs:552482	2	0
sūbhyām	sūbhyām	sū	NOUN	dcs:741252	2	0
sūcakām	sūcakām	sūcaka	ADJ	dcs:468137	2	0
sūktebhiḥ	sūktebhi	sūkta	NOUN	dcs:592607	2	0
sūnavi	sūnavi	sūnu	NOUN	dcs:606185	2	0
sūni	sūni	sūnin	NOUN	dcs:481614	2	0
sūnuvoḥ	sūnuvo	sūnu	NOUN	dcs:254789	2	0
sūtradhārām	sūtradhārām	sūtradhāra	ADJ	dcs:568358	2	0
sūtrām	sūtrām	sūtra	NOUN	dcs:629547	2	0
sūtrāma	sūtrāma	sūtrāman	NOUN	dcs:560463	2	0
sṛdhaḥ	sṛdha	sridh	NOUN	dcs:633557	2	0
sṛtyāyām	sṛtyāyām	sṛtya	NOUN	dcs:664882	2	0
tadbhyaḥ	tadbhya	tad	NOUN	dcs:554381	2	0
tailvakīṃ	tailvakīm	tailvaka	ADJ	dcs:756268	2	0
talataḥ	talata	tala	NOUN	dcs:89269	2	0
talāśa	talāśa	talāśā	NOUN	dcs:70262	2	0
tamālapatra	tamālapatra	tamālapattra	NOUN	dcs:725357	2	0
tamālām	tamālām	tamāla	NOUN	dcs:531878	2	0
tandryaḥ	tandrya	tandrā	NOUN	dcs:638361	2	0
tanutrān	tanutrān	tanutra	NOUN	dcs:264423	2	0
tanutrāḥ	tanutrā	tanutra	NOUN	dcs:766239	2	0
tanuvām	tanuvām	tanū	NOUN	dcs:705744	2	0
tanīyāṃsa	tanīyānsa	tanīyas	ADJ	dcs:492168	2	0
tanūnaptā	tanūnaptā	tanūnapāt	NOUN	dcs:494702	2	0
tapīyān	tapīyān	tapīyas	ADJ	dcs:89549	2	0
tarakṣutaḥ	tarakṣuta	tarakṣu	NOUN	dcs:655467	2	0
taraṇāṁ	taranām	taraṇa	NOUN	dcs:598346	2	0
tarṇakāni	tarnakāni	tarṇaka	NOUN	dcs:629789	2	0
tathayoḥ	tathayo	tathā	NOUN	dcs:552717	2	0
taviṣebhiḥ	taviṣebhi	taviṣa	ADJ	dcs:601787_1	2	0
taviṣāsa	taviṣāsa	taviṣa	ADJ	dcs:610204	2	0
taviṣīvas	taviṣīvas	taviṣīvat	ADJ	dcs:598370	2	0
tavyāṃsam	tavyānsam	tavyas	ADJ	dcs:599341	2	0
taṇḍulāni	tanḍulāni	taṇḍula	NOUN	dcs:629789	2	0
taṭāsu	taṭāsu	taṭa	NOUN	dcs:91014	2	0
tejanenaṃ	tejanenam	tejana	NOUN	dcs:594103	2	0
tejanyam	tejanyam	tejanī	NOUN	dcs:646876_2	2	0
tejohvebhiḥ	tejohvebhi	tejohvā	NOUN	dcs:39440	2	0
tilām	tilām	tila	NOUN	dcs:33049	2	0
tilāni	tilāni	tila	NOUN	dcs:370868	2	0
tilāyai	tilāyai	tila	NOUN	dcs:696172	2	0
tintiḍikaṃ	tintiḍikam	tintiḍikā	NOUN	dcs:429766	2	0
tirasaḥ	tirasa	tiras	NOUN	dcs:554512	2	0
tiryaggāmi	tiryaggāmi	tiryaggāmin	NOUN	dcs:17368	2	0
tmanam	tmanam	tman	NOUN	dcs:593220_1	2	0
tmānam	tmānam	tman	NOUN	dcs:603833_1	2	0
toyavāhām	toyavāhām	toyavāha	NOUN	dcs:407920	2	0
trasadasyavi	trasadasyavi	trasadasyu	NOUN	dcs:674168	2	0
trayodaśām	trayodaśām	trayodaśa	ADJ	dcs:311425	2	0
trayām	trayām	traya	NOUN	dcs:429544	2	0
tretau	tretau	tretā	NOUN	dcs:441134	2	0
tricaiḥ	tricai	tṛca	NOUN	dcs:699435	2	0
tricena	tricena	tṛca	NOUN	dcs:500336	2	0
tricāni	tricāni	tṛca	NOUN	dcs:504263	2	0
tridaṇḍi	tridanḍi	tridaṇḍin	NOUN	dcs:527709	2	0
tridhāmn	tridhāmn	tridhāman	NOUN	dcs:572862	2	0
tripañcāśatī	tripancāśatī	tripañcāśat	NOUN	dcs:534980	2	0
triphalebhiḥ	triphalebhi	triphalā	NOUN	dcs:396879	2	0
tryaṅgāḥ	tryangā	tryaṅga	NOUN	dcs:229712	2	0
tryūṣaṇābhiḥ	tryūṣanābhi	tryūṣaṇa	NOUN	dcs:431925	2	0
trāsanām	trāsanām	trāsana	ADJ	dcs:220469	2	0
trāsayā	trāsayā	trāsa	NOUN	dcs:488613	2	0
trātrāsaḥ	trātrāsa	trātra	NOUN	dcs:601606	2	0
trātrī	trātrī	trātṛ	ADJ	dcs:561220	2	0
tsarūṇi	tsarūni	tsaru	NOUN	dcs:687508	2	0
tulyataḥ	tulyata	tulya	ADJ	dcs:752407	2	0
tumbikebhiḥ	tumbikebhi	tumbikā	NOUN	dcs:355771	2	0
turvaśāsaḥ	turvaśāsa	turvaśa	NOUN	dcs:673907	2	0
tutthakān	tutthakān	tutthaka	NOUN	dcs:427704	2	0
tuvigrebhiḥ	tuvigrebhi	tuvigra	ADJ	dcs:594858	2	0
tuṇḍayā	tunḍayā	tuṇḍa	NOUN	dcs:400781	2	0
tvaktaḥ	tvakta	tvac	NOUN	dcs:749958	2	0
tvareṇa	tvarena	tvarā	NOUN	dcs:568170	2	0
tvarāt	tvarāt	tvara	NOUN	dcs:141094	2	0
tveṣāsaḥ	tveṣāsa	tveṣa	ADJ	dcs:592644	2	0
tviṣīmāṁ	tviṣīmām	tviṣīmat	ADJ	dcs:596228	2	0
tvādūtāsaḥ	tvādūtāsa	tvādūta	ADJ	dcs:595980	2	0
tvānām	tvānām	tva	NOUN	dcs:38898	2	0
tvāvṛdhebhiḥ	tvāvṛdhebhi	tvāvṛdha	ADJ	dcs:610783	2	0
tvāyan	tvāyan	tvāyat	ADJ	dcs:647278_1	2	0
tvāyantaṃ	tvāyantam	tvāyat	ADJ	dcs:594528	2	0
tvāṣṭrīsām	tvāṣṭrīsām	tvāṣṭrīsāman	NOUN	dcs:566348	2	0
tālukau	tālukau	tālukā	NOUN	dcs:527921	2	0
tālukān	tālukān	tāluka	NOUN	dcs:441060	2	0
tāmarā	tāmarā	tāmara	NOUN	dcs:229728	2	0
tāmasāsu	tāmasāsu	tāmasa	ADJ	dcs:83136_1	2	0
tāmbūlayā	tāmbūlayā	tāmbūla	NOUN	dcs:449284	2	0
tāmraliptītaḥ	tāmraliptīta	tāmraliptī	NOUN	dcs:627952	2	0
tāpāni	tāpāni	tāpa	NOUN	dcs:7698	2	0
tārayitrī	tārayitrī	tārayitṛ	ADJ	dcs:105482	2	0
tāraṇām	tāranām	tāraṇa	ADJ	dcs:526224	2	0
tāruṇyāḥ	tārunyā	tāruṇya	NOUN	dcs:526611	2	0
tāvanmātrāṃ	tāvanmātrām	tāvanmātra	ADJ	dcs:101906	2	0
tāvāṁ	tāvām	tāvat	ADJ	dcs:594056	2	0
tāḍitīm	tāḍitīm	tāḍita	ADJ	dcs:629857	2	0
tīrthāsu	tīrthāsu	tīrtha	NOUN	dcs:762856	2	0
tūpura	tūpura	tūpara	ADJ	dcs:772438	2	0
tūpuram	tūpuram	tūpara	ADJ	dcs:772436	2	0
tūṇīrāṇi	tūnīrāni	tūṇīra	NOUN	dcs:233259	2	0
tūṣṇīmi	tūṣnīmi	tūṣṇīm	NOUN	dcs:552752	2	0
tūṣṇīṃgaṅgāṃ	tūṣnīngangām	tūṣṇīṃgaṅga	NOUN	dcs:312921	2	0
tṛptitaḥ	tṛptita	tṛpti	NOUN	dcs:657695	2	0
tṛtīyasmai	tṛtīyasmai	tṛtīya	ADJ	dcs:551445	2	0
tṛṣṇaiḥ	tṛṣnai	tṛṣṇā	NOUN	dcs:301042	2	0
tṛṣṇena	tṛṣnena	tṛṣṇā	NOUN	dcs:657101	2	0
ubhayamukhām	ubhayamukhām	ubhayamukha	ADJ	dcs:341335	2	0
ubhayatodan	ubhayatodan	ubhayatodat	ADJ	dcs:680993	2	0
ubhayatrā	ubhayatrā	ubhayatra	ADV	dcs:597641	2	0
ubhayīṣām	ubhayīṣām	ubhaya	ADJ	dcs:705288	2	0
ucathā	ucathā	ucatha	NOUN	dcs:596204	2	0
ucaḥ	uca	uc	NOUN	dcs:555017	2	0
uccaiśśravasam	uccaiśśravasam	uccaiḥśravas	NOUN	dcs:711312_1	2	0
ucchrāyām	ucchrāyām	ucchrāya	NOUN	dcs:434411	2	0
uccāṭanāyai	uccāṭanāyai	uccāṭana	NOUN	dcs:384905	2	0
udadhīṃr	udadhīnr	udadhi	NOUN	dcs:597537_1	2	0
udahāryam	udahāryam	udahāra	ADJ	dcs:638844	2	0
udakakriyam	udakakriyam	udakakriyā	NOUN	dcs:527648	2	0
udakayā	udakayā	udaka	NOUN	dcs:632913	2	0
udakumbhām	udakumbhām	udakumbha	NOUN	dcs:339697	2	0
udakāyai	udakāyai	udaka	NOUN	dcs:435135	2	0
udanimāṁ	udanimām	udanimat	ADJ	dcs:599757	2	0
udanyuvaḥ	udanyuva	udanyu	ADJ	dcs:608634	2	0
udanā	udanā	udan	NOUN	dcs:382073	2	0
udarau	udarau	udara	NOUN	dcs:11470	2	0
udarāyām	udarāyām	udara	ADJ	dcs:74412	2	0
udarāyāḥ	udarāyā	udara	ADJ	dcs:487742	2	0
udarīṇām	udarīnām	udara	ADJ	dcs:632044	2	0
udayanām	udayanām	udayana	NOUN	dcs:615349	2	0
udaṅmukhām	udanmukhām	udaṅmukha	ADJ	dcs:338687	2	0
uddeśām	uddeśām	uddeśa	NOUN	dcs:133601	2	0
uddeśāni	uddeśāni	uddeśa	NOUN	dcs:465467	2	0
uddhīni	uddhīni	uddhi	NOUN	dcs:755993	2	0
uddīpanīṣu	uddīpanīṣu	uddīpana	ADJ	dcs:763583	2	0
udgārām	udgārām	udgāra	NOUN	dcs:30086	2	0
udgātaram	udgātaram	udgātṛ	NOUN	dcs:727796	2	0
udhā	udhā	udhan	NOUN	dcs:597773	2	0
udyamām	udyamām	udyama	NOUN	dcs:485605	2	0
udyānā	udyānā	udyāna	NOUN	dcs:119759	2	0
udāsu	udāsu	uda	NOUN	dcs:149199	2	0
udāsāyai	udāsāyai	udāsa	NOUN	dcs:660471	2	0
udāyi	udāyi	udāyin	NOUN	dcs:477661	2	0
ugryam	ugryam	ugrī	NOUN	dcs:674332	2	0
ugrāsaḥ	ugrāsa	ugra	ADJ	dcs:604679	2	0
ukṣaṇā	ukṣanā	ukṣan	NOUN	dcs:281583	2	0
ullaṅghanā	ullanghanā	ullaṅghana	NOUN	dcs:537550	2	0
ulumbān	ulumbān	ulumbā	NOUN	dcs:8703	2	0
umebhiḥ	umebhi	umā	NOUN	dcs:548173	2	0
unmathanāḥ	unmathanā	unmathana	NOUN	dcs:358409	2	0
unmukhayā	unmukhayā	unmukha	NOUN	dcs:368107	2	0
unmukhābhiḥ	unmukhābhi	unmukha	ADJ	dcs:386958	2	0
unmukhāyāḥ	unmukhāyā	unmukha	ADJ	dcs:45893	2	0
upabarhāyām	upabarhāyām	upabarha	NOUN	dcs:630766	2	0
upabhogāni	upabhogāni	upabhoga	NOUN	dcs:344297	2	0
upacaraṇā	upacaranā	upacaraṇa	NOUN	dcs:741331	2	0
upacārayā	upacārayā	upacāra	NOUN	dcs:282272	2	0
upacārāyāḥ	upacārāyā	upacāra	NOUN	dcs:666721	2	0
upacārāṇi	upacārāni	upacāra	NOUN	dcs:567991	2	0
upadaṃśām	upadanśām	upadaṃśa	NOUN	dcs:15358	2	0
upadaṃśāni	upadanśāni	upadaṃśa	NOUN	dcs:448626	2	0
upadeśataḥ	upadeśata	upadeśa	NOUN	dcs:518201	2	0
upadeśām	upadeśām	upadeśa	NOUN	dcs:485168	2	0
upadeṣṭrī	upadeṣṭrī	upadeṣṭṛ	ADJ	dcs:451862	2	0
upadeṣṭrīṃ	upadeṣṭrīm	upadeṣṭṛ	ADJ	dcs:49706	2	0
upadhān	upadhān	upadhā	NOUN	dcs:283903	2	0
upadohanām	upadohanām	upadohana	NOUN	dcs:309499	2	0
upadāsīnām	upadāsīnām	upadāsa	ADJ	dcs:757342	2	0
upagūhanau	upagūhanau	upagūhana	NOUN	dcs:486323	2	0
upahārāṇi	upahārāni	upahāra	NOUN	dcs:377832	2	0
upahāsayā	upahāsayā	upahāsa	NOUN	dcs:623112	2	0
upajihvaḥ	upajihva	upajihvā	NOUN	dcs:39171	2	0
upajñam	upajnam	upajñā	NOUN	dcs:573203	2	0
upakaraṇau	upakaranau	upakaraṇa	NOUN	dcs:59990	2	0
upakaṇṭhī	upakanṭhī	upakaṇṭha	ADJ	dcs:465243	2	0
upalakṣaṇau	upalakṣanau	upalakṣaṇa	NOUN	dcs:511154	2	0
upalambhataḥ	upalambhata	upalambha	NOUN	dcs:535710	2	0
upamasyāṃ	upamasyām	upama	ADJ	dcs:594958	2	0
upanahā	upanahā	upānah	NOUN	dcs:699308	2	0
upaniveśām	upaniveśām	upaniveśa	NOUN	dcs:767596	2	0
upanāsikām	upanāsikām	upanāsika	ADJ	dcs:29365	2	0
upapakṣām	upapakṣām	upapakṣa	NOUN	dcs:670417	2	0
upapattinā	upapattinā	upapatti	NOUN	dcs:520873	2	0
uparodhakāḥ	uparodhakā	uparodhaka	ADJ	dcs:535351	2	0
uparodhataḥ	uparodhata	uparodha	NOUN	dcs:79304	2	0
upasadanān	upasadanān	upasadana	NOUN	dcs:172325	2	0
upasargām	upasargām	upasarga	NOUN	dcs:59232	2	0
upasarpaṇā	upasarpanā	upasarpaṇa	NOUN	dcs:641671	2	0
upasaṃbhāṣam	upasambhāṣam	upasaṃbhāṣā	NOUN	dcs:357874	2	0
upasaṃgrahaṇau	upasangrahanau	upasaṃgrahaṇa	NOUN	dcs:629624	2	0
upasevanān	upasevanān	upasevana	NOUN	dcs:34462	2	0
upaskarayā	upaskarayā	upaskara	NOUN	dcs:80060	2	0
upasnehām	upasnehām	upasneha	NOUN	dcs:464749	2	0
upavaktaḥ	upavakta	upavaktṛ	NOUN	dcs:742699	2	0
upavanām	upavanām	upavana	NOUN	dcs:182043	2	0
upavañcanā	upavancanā	upavañcana	ADJ	dcs:609645_2	2	0
upavāhāni	upavāhāni	upavāha	NOUN	dcs:344535	2	0
upayogāni	upayogāni	upayoga	NOUN	dcs:727959	2	0
upayoḥ	upayo	upa	NOUN	dcs:552552	2	0
upaśamāni	upaśamāni	upaśama	NOUN	dcs:88499	2	0
upe	upe	upa	NOUN	dcs:552398	2	0
upebhyaḥ	upebhya	upa	NOUN	dcs:554133	2	0
upādānāḥ	upādānā	upādāna	NOUN	dcs:44477	2	0
upānahāni	upānahāni	upānaha	NOUN	dcs:653171	2	0
upānaḍbhyām	upānaḍbhyām	upānah	NOUN	dcs:501000	2	0
upāyanām	upāyanām	upāyana	NOUN	dcs:449606	2	0
upāṅgām	upāngām	upāṅga	NOUN	dcs:96499	2	0
utkarām	utkarām	utkara	NOUN	dcs:116027	2	0
utkaṭikam	utkaṭikam	utkaṭikā	NOUN	dcs:100151	2	0
utkṣepaṇau	utkṣepanau	utkṣepaṇa	ADJ	dcs:436869	2	0
utsedhayā	utsedhayā	utsedha	NOUN	dcs:157029	2	0
utsāṁ	utsām	utsa	NOUN	dcs:599555	2	0
uttamasyām	uttamasyām	uttama	ADJ	dcs:652715_3	2	0
uttamebhiḥ	uttamebhi	uttama	ADJ	dcs:601760	2	0
uttamāṅgau	uttamāngau	uttamāṅga	NOUN	dcs:630381	2	0
uttamāṅgān	uttamāngān	uttamāṅga	NOUN	dcs:273707	2	0
uttaravastinā	uttaravastinā	uttaravasti	NOUN	dcs:5778	2	0
uttaravastīn	uttaravastīn	uttaravasti	NOUN	dcs:13508	2	0
uttaraṇī	uttaranī	uttaraṇa	ADJ	dcs:770926	2	0
uttarāṣāḍhaiḥ	uttarāṣāḍhai	uttarāṣāḍhā	NOUN	dcs:338339	2	0
uttarīyān	uttarīyān	uttarīya	NOUN	dcs:178535	2	0
utthāpanām	utthāpanām	utthāpana	NOUN	dcs:365196	2	0
uṣar	uṣar	uṣas	NOUN	dcs:592935	2	0
uṣaraḥ	uṣara	ūṣara	NOUN	dcs:18349	2	0
uṣmābhiḥ	uṣmābhi	uṣma	NOUN	dcs:387163	2	0
uṣāsau	uṣāsau	uṣas	NOUN	dcs:686352	2	0
uṣṭārā	uṣṭārā	uṣṭṛ	NOUN	dcs:611750	2	0
vacasyuvam	vacasyuvam	vacasyu	ADJ	dcs:596136_1	2	0
vadanataḥ	vadanata	vadana	NOUN	dcs:623025	2	0
vadhrīṃr	vadhrīnr	vadhri	ADJ	dcs:596309_1	2	0
vadhukaḥ	vadhuka	vadhukā	NOUN	dcs:528297	2	0
vadhūmantā	vadhūmantā	vadhūmat	ADJ	dcs:602373	2	0
vahniyoḥ	vahniyo	vahni	NOUN	dcs:547608	2	0
vahīyāṃsau	vahīyānsau	vahīyas	ADJ	dcs:771073	2	0
vaidikām	vaidikām	vaidika	ADJ	dcs:558914	2	0
vaipaścitīm	vaipaścitīm	vaipaścita	ADJ	dcs:629782	2	0
vairocanīm	vairocanīm	vairocana	ADJ	dcs:674507_1	2	0
vaisarjanīyām	vaisarjanīyām	vaisarjanīya	ADJ	dcs:710886	2	0
vaistārikīṃ	vaistārikīm	vaistārika	ADJ	dcs:645581	2	0
vaitahavyāṁ	vaitahavyām	vaitahavya	NOUN	dcs:635373	2	0
vaivasvatām	vaivasvatām	vaivasvata	ADJ	dcs:266507	2	0
vaiyāghrībhyāṃ	vaiyāghrībhyām	vaiyāghra	ADJ	dcs:673693	2	0
vaiyākhyāḥ	vaiyākhyā	vaiyākhya	NOUN	dcs:157239	2	0
vaiśeṣikām	vaiśeṣikām	vaiśeṣika	ADJ	dcs:274325	2	0
vaiśvānarām	vaiśvānarām	vaiśvānara	ADJ	dcs:287799	2	0
vaiśvānarāyai	vaiśvānarāyai	vaiśvānara	NOUN	dcs:424882	2	0
vaiśāradayā	vaiśāradayā	vaiśārada	ADJ	dcs:97202	2	0
vaiṇavābhiḥ	vainavābhi	vaiṇava	ADJ	dcs:154881	2	0
vajrarātrataḥ	vajrarātrata	vajrarātra	NOUN	dcs:627991	2	0
vaktrābhiḥ	vaktrābhi	vaktra	NOUN	dcs:8095	2	0
vaktrāyām	vaktrāyām	vaktra	NOUN	dcs:575048	2	0
vaktrī	vaktrī	vaktṛ	ADJ	dcs:536889	2	0
valabhid	valabhid	balabhid	NOUN	dcs:365748	2	0
valabhītaḥ	valabhīta	valabhi	NOUN	dcs:622699	2	0
vanikam	vanikam	vanikā	NOUN	dcs:144610	2	0
vanikena	vanikena	vanikā	NOUN	dcs:666400	2	0
vaniṣṭum	vaniṣṭum	vaniṣṭhu	NOUN	dcs:742294	2	0
vantrīḥ	vantrī	vantṛ	ADJ	dcs:686813	2	0
vapurdharām	vapurdharām	vapurdhara	NOUN	dcs:439811	2	0
varayitrī	varayitrī	varayitṛ	ADJ	dcs:105939	2	0
varddhanam	varddhanam	vardhana	ADJ	dcs:752072	2	0
vargāṇi	vargāni	varga	NOUN	dcs:400744	2	0
varimāṇi	varimāni	variman	NOUN	dcs:647558	2	0
varivasyāta	varivasyāta	varivasyā	NOUN	dcs:610905	2	0
varāsīṃ	varāsīm	barāsī	NOUN	dcs:732446	2	0
varīyāṃsaḥ	varīyānsa	varīyas	ADJ	dcs:650378_1	2	0
varṣavān	varṣavān	varṣavat	ADJ	dcs:123721	2	0
varṣmaṇau	varṣmanau	varṣman	NOUN	dcs:275247	2	0
vasantabhānuṃ	vasantabhānum	vasantabhānu	NOUN	dcs:489498	2	0
vasantakām	vasantakām	vasantaka	NOUN	dcs:616890	2	0
vasmanas	vasmanas	vasman	NOUN	dcs:596416	2	0
vastrakā	vastrakā	vastraka	NOUN	dcs:412638	2	0
vasudham	vasudham	vasudhā	NOUN	dcs:763172	2	0
vasumāṁ	vasumām	vasumat	ADJ	dcs:603206	2	0
vasuṣ	vasuṣ	vasu	ADJ	dcs:593441	2	0
vasūṃr	vasūnr	vasu	NOUN	dcs:592826	2	0
vatinā	vatinā	vati	NOUN	dcs:364107	2	0
vatoḥ	vato	vatu	NOUN	dcs:553464	2	0
vatuṣu	vatuṣu	vatu	NOUN	dcs:554507	2	0
vayasīm	vayasīm	vayas	NOUN	dcs:751931	2	0
vaśitaiḥ	vaśitai	vaśitā	NOUN	dcs:388074	2	0
vaḍavaḥ	vaḍava	vaḍaba	NOUN	dcs:726928	2	0
vaḍave	vaḍave	vaḍaba	NOUN	dcs:198409	2	0
vaḍavābhyaḥ	vaḍavābhya	vaḍabā	NOUN	dcs:504889	2	0
vaḍavāgnau	vaḍavāgnau	vaḍabāgni	NOUN	dcs:621239	2	0
vaḍavān	vaḍavān	vaḍaba	NOUN	dcs:757196	2	0
vaṃsu	vansu	van	NOUN	dcs:608650	2	0
vaṃśalocanaṃ	vanśalocanam	vaṃśalocanā	NOUN	dcs:74044	2	0
vaṅkṣaṇān	vankṣanān	vaṅkṣaṇa	NOUN	dcs:729684	2	0
vaṭākarām	vaṭākarām	vaṭākara	NOUN	dcs:300218	2	0
vedasas	vedasas	vedas	NOUN	dcs:596152	2	0
veddhāraḥ	veddhāra	veddhṛ	ADJ	dcs:465123	2	0
vedhanāḥ	vedhanā	vedhana	NOUN	dcs:465125	2	0
vegāni	vegāni	vega	NOUN	dcs:208843	2	0
vegāsaḥ	vegāsa	vega	NOUN	dcs:634568	2	0
vegāyām	vegāyām	vega	NOUN	dcs:2690	2	0
velājalān	velājalān	velājala	NOUN	dcs:462682	2	0
vetanān	vetanān	vetana	NOUN	dcs:464287	2	0
veśmānam	veśmānam	veśman	NOUN	dcs:292026	2	0
veśābhiḥ	veśābhi	veśa	NOUN	dcs:630430	2	0
veṣṭanām	veṣṭanām	veṣṭana	NOUN	dcs:360979	2	0
vibandhām	vibandhām	vibandha	NOUN	dcs:63436	2	0
vibhaktinaḥ	vibhaktina	vibhakti	NOUN	dcs:72018	2	0
vibhramāṇi	vibhramāni	vibhrama	NOUN	dcs:357607	2	0
vibhve	vibhve	vibhu	NOUN	dcs:606889	2	0
vibhāgāni	vibhāgāni	vibhāga	NOUN	dcs:287647	2	0
vibhīṣikebhiḥ	vibhīṣikebhi	vibhīṣikā	NOUN	dcs:448779	2	0
vibhūmana	vibhūmana	vibhūman	NOUN	dcs:756823	2	0
vibālyaṃ	vibālyam	vibālī	NOUN	dcs:598549	2	0
vicā	vicā	vic	NOUN	dcs:754965	2	0
vidathi	vidathi	vidathin	NOUN	dcs:554722	2	0
vidhānāsu	vidhānāsu	vidhāna	NOUN	dcs:630154	2	0
vidyutas	vidyutas	vidyut	NOUN	dcs:592244	2	0
vidāhāyām	vidāhāyām	vidāha	NOUN	dcs:33877	2	0
vigrīvāsaḥ	vigrīvāsa	vigrīva	ADJ	dcs:637424	2	0
vihantrī	vihantrī	vihantṛ	ADJ	dcs:532373	2	0
vijñānān	vijnānān	vijñāna	NOUN	dcs:278738	2	0
vijāmataḥ	vijāmata	vijāman	NOUN	dcs:646294	2	0
vijṛmbhikaḥ	vijṛmbhika	vijṛmbhikā	NOUN	dcs:29526	2	0
vikramām	vikramām	vikrama	NOUN	dcs:92992	2	0
vikramāṇi	vikramāni	vikrama	NOUN	dcs:477218	2	0
vikriyaiḥ	vikriyai	vikriyā	NOUN	dcs:167957	2	0
vikriyāt	vikriyāt	vikriyā	NOUN	dcs:95972	2	0
vikriyāṇi	vikriyāni	vikriyā	NOUN	dcs:358688	2	0
vikārayā	vikārayā	vikāra	ADJ	dcs:298206	2	0
vikāsayā	vikāsayā	vikāsa	NOUN	dcs:615112	2	0
vikīrṇarom	vikīrnarom	vikīrṇaroman	NOUN	dcs:22378	2	0
vikṣepāṇi	vikṣepāni	vikṣepa	NOUN	dcs:668088	2	0
viliptyaṃ	viliptyam	viliptī	NOUN	dcs:640163	2	0
vimalakīrtti	vimalakīrtti	vimalakīrti	NOUN	dcs:640988	2	0
vinirmātrī	vinirmātrī	vinirmātṛ	ADJ	dcs:451859	2	0
vinivāraṇām	vinivāranām	vinivāraṇa	ADJ	dcs:415189	2	0
vināyakām	vināyakām	vināyaka	NOUN	dcs:393994	2	0
vināśanām	vināśanām	vināśana	ADJ	dcs:452481	2	0
vināśayitrīm	vināśayitrīm	vināśayitṛ	ADJ	dcs:477549	2	0
vipanyuvaḥ	vipanyuva	vipanyu	ADJ	dcs:608614	2	0
vipaśyi	vipaśyi	vipaśyin	NOUN	dcs:723532	2	0
viprakārām	viprakārām	viprakāra	NOUN	dcs:357977	2	0
vipralabdhāraḥ	vipralabdhāra	vipralabdhṛ	ADJ	dcs:358807	2	0
viprekṣaṇā	viprekṣanā	viprekṣaṇa	ADJ	dcs:125885	2	0
viprekṣitau	viprekṣitau	viprekṣita	NOUN	dcs:126837	2	0
vipremāṇam	vipremānam	vipreman	NOUN	dcs:650368_1	2	0
viroddhāram	viroddhāram	viroddhṛ	ADJ	dcs:187142	2	0
virāṣāṭ	virāṣāṭ	virāṣah	ADJ	dcs:592594_3	2	0
virūpaśarma	virūpaśarma	virūpaśarman	NOUN	dcs:626529	2	0
visarpiṇyaḥ	visarpinya	visarpin	ADJ	dcs:708869	2	0
vistārāṇi	vistārāni	vistāra	NOUN	dcs:747807	2	0
vivekataḥ	vivekata	viveka	NOUN	dcs:456915	2	0
vivāhāṁ	vivāhām	vivāha	NOUN	dcs:640231	2	0
vivītāni	vivītāni	vivīta	NOUN	dcs:464660	2	0
viyogayā	viyogayā	viyoga	NOUN	dcs:617135	2	0
viśikhāsaḥ	viśikhāsa	viśikha	ADJ	dcs:684267	2	0
viśpatyā	viśpatyā	viśpati	NOUN	dcs:680407	2	0
viśrāntīni	viśrāntīni	viśrānti	NOUN	dcs:48260	2	0
viśvajyotīḥ	viśvajyotī	viśvajyotis	NOUN	dcs:455528	2	0
viśvaminvebhiḥ	viśvaminvebhi	viśvaminva	ADJ	dcs:600136_1	2	0
viśvatūr	viśvatūr	viśvatur	ADJ	dcs:606974	2	0
viśvāyuva	viśvāyuva	viśvāyu	ADJ	dcs:747355	2	0
viśvāṣāh	viśvāṣāh	viśvāsah	ADJ	dcs:639830	2	0
viśātanām	viśātanām	viśātana	ADJ	dcs:90867	2	0
viṣamuṣṭinā	viṣamuṣṭinā	viṣamuṣṭi	NOUN	dcs:428184	2	0
viṣphāra	viṣphāra	visphāra	NOUN	dcs:531880	2	0
viṣpitā	viṣpitā	viṣpita	NOUN	dcs:606569_1	2	0
viṣṇuvantā	viṣnuvantā	viṣṇuvat	ADJ	dcs:605267	2	0
viṣṇuvoḥ	viṣnuvo	viṣṇu	NOUN	dcs:440838	2	0
viṣṇuśarma	viṣnuśarma	viṣṇuśarman	NOUN	dcs:351364	2	0
vratadugham	vratadugham	vrataduh	NOUN	dcs:672597	2	0
vratatyau	vratatyau	vratati	NOUN	dcs:431824	2	0
vrātapatām	vrātapatām	vrātapata	ADJ	dcs:518624_1	2	0
vrīḍebhiḥ	vrīḍebhi	vrīḍā	NOUN	dcs:103029	2	0
vyajanau	vyajanau	vyajana	NOUN	dcs:759768	2	0
vyajaninī	vyajaninī	vyajanin	ADJ	dcs:365859	2	0
vyapekṣaiḥ	vyapekṣai	vyapekṣā	NOUN	dcs:45083	2	0
vyasanān	vyasanān	vyasana	NOUN	dcs:283512	2	0
vyatheṣu	vyatheṣu	vyathā	NOUN	dcs:99846	2	0
vyavacchedayā	vyavacchedayā	vyavaccheda	NOUN	dcs:629803	2	0
vyavasthaḥ	vyavastha	vyavasthā	NOUN	dcs:630025	2	0
vyavasthāpanayā	vyavasthāpanayā	vyavasthāpana	NOUN	dcs:422869	2	0
vyañjanī	vyanjanī	vyañjana	ADJ	dcs:747248	2	0
vyaḍambakāḥ	vyaḍambakā	vyaḍambaka	NOUN	dcs:75845	2	0
vyombhiḥ	vyombhi	vyoman	NOUN	dcs:533861	2	0
vyāghāraṇāḥ	vyāghāranā	vyāghāraṇa	ADJ	dcs:728960	2	0
vyāhāvām	vyāhāvām	vyāhāva	NOUN	dcs:651261	2	0
vyāhṛtībhyāṃ	vyāhṛtībhyām	vyāhṛti	NOUN	dcs:746240	2	0
vyājataḥ	vyājata	vyāja	NOUN	dcs:616283	2	0
vyāmayā	vyāmayā	vyāma	NOUN	dcs:698069	2	0
vyāmām	vyāmām	vyāma	NOUN	dcs:277718	2	0
vyāmāni	vyāmāni	vyāma	NOUN	dcs:6148	2	0
vyāpakām	vyāpakām	vyāpaka	ADJ	dcs:537223	2	0
vyāpārāṇi	vyāpārāni	vyāpāra	NOUN	dcs:772223	2	0
vyāyāmataḥ	vyāyāmata	vyāyāma	NOUN	dcs:26725	2	0
vyūhāni	vyūhāni	vyūha	NOUN	dcs:667408	2	0
vācayitrī	vācayitrī	vācayitṛ	ADJ	dcs:664029	2	0
vāditrān	vāditrān	vāditra	NOUN	dcs:454240	2	0
vāhanībhiḥ	vāhanībhi	vāhana	ADJ	dcs:695612	2	0
vāhanīm	vāhanīm	vāhana	ADJ	dcs:674497_1	2	0
vāhanīḥ	vāhanī	vāhana	ADJ	dcs:612777	2	0
vāhyakāḥ	vāhyakā	vāhyaka	NOUN	dcs:521797	2	0
vāhāsaḥ	vāhāsa	vāha	ADJ	dcs:600094	2	0
vāhīka	vāhīka	bāhīka	ADJ	dcs:553101	2	0
vājavantā	vājavantā	vājavat	ADJ	dcs:605269	2	0
vājābhiḥ	vājābhi	vāja	NOUN	dcs:600680	2	0
vākovākyāḥ	vākovākyā	vākovākya	NOUN	dcs:688782_1	2	0
vāksu	vāksu	vāc	NOUN	dcs:728689	2	0
vākyau	vākyau	vākya	NOUN	dcs:302479	2	0
vālukebhiḥ	vālukebhi	vālukā	NOUN	dcs:123399	2	0
vāpanāḥ	vāpanā	vāpana	NOUN	dcs:111524	2	0
vāpikam	vāpikam	vāpikā	NOUN	dcs:624336	2	0
vāraṅgāṇi	vārangāni	vāraṅga	NOUN	dcs:1141	2	0
vārdhuṣike	vārdhuṣike	vārddhuṣika	NOUN	dcs:751666	2	0
vārdhuṣiṃ	vārdhuṣim	vārddhuṣi	NOUN	dcs:751193	2	0
vāriṇām	vārinām	vāri	NOUN	dcs:632124	2	0
vārkṣāṃ	vārkṣām	vārkṣa	ADJ	dcs:100379	2	0
vārtaiḥ	vārtai	vārttā	NOUN	dcs:630513	2	0
vārtābhiḥ	vārtābhi	vārttā	NOUN	dcs:629948	2	0
vārtānām	vārtānām	vārttā	NOUN	dcs:88739	2	0
vārāsaḥ	vārāsa	vāra	NOUN	dcs:605666	2	0
vāsagṛhām	vāsagṛhām	vāsagṛha	NOUN	dcs:624141	2	0
vāsanebhiḥ	vāsanebhi	vāsanā	NOUN	dcs:523013	2	0
vātāsaḥ	vātāsa	vāta	NOUN	dcs:610938	2	0
vāyuvoḥ	vāyuvo	vāyu	NOUN	dcs:538059	2	0
vāñcham	vāncham	vāñchā	NOUN	dcs:560526	2	0
vāḍava	vāḍava	vāḍaba	NOUN	dcs:630796	2	0
vāḍavāt	vāḍavāt	vāḍaba	NOUN	dcs:553026	2	0
vīdhriyāya	vīdhriyāya	vīdhrya	ADJ	dcs:684204	2	0
vīradhanva	vīradhanva	vīradhanvan	NOUN	dcs:247344	2	0
vīravarma	vīravarma	vīravarman	NOUN	dcs:618260	2	0
vīrāsanāḥ	vīrāsanā	vīrāsana	NOUN	dcs:371321	2	0
vīvartaḥ	vīvarta	vivarta	NOUN	dcs:737757	2	0
vīṇaiḥ	vīnai	vīṇā	NOUN	dcs:560491	2	0
vīṇam	vīnam	vīṇā	NOUN	dcs:524456	2	0
vīṇena	vīnena	vīṇā	NOUN	dcs:630356	2	0
vīṭakān	vīṭakān	vīṭaka	NOUN	dcs:630347	2	0
vṛbhyaḥ	vṛbhya	vṛ	NOUN	dcs:554659	2	0
vṛkyaṃ	vṛkyam	vṛkī	NOUN	dcs:612158	2	0
vṛttīn	vṛttīn	vṛtti	NOUN	dcs:316338	2	0
vṛṣapāṇāsa	vṛṣapānāsa	vṛṣapāṇa	ADJ	dcs:594825	2	0
vṛṣatvanā	vṛṣatvanā	vṛṣatvana	NOUN	dcs:604463	2	0
vṛṣaṇām	vṛṣanām	vṛṣaṇa	NOUN	dcs:430875	2	0
yajatebhiḥ	yajatebhi	yajata	ADJ	dcs:599095	2	0
yajyūṃr	yajyūnr	yajyu	ADJ	dcs:599552	2	0
yajñopavītā	yajnopavītā	yajñopavīta	NOUN	dcs:414824	2	0
yajñāṁ	yajnām	yajña	NOUN	dcs:596882	2	0
yakat	yakat	yaka	PRON	dcs:646916_1	2	0
yakne	yakne	yakṛt	NOUN	dcs:649798	2	0
yakṣmāṁ	yakṣmām	yakṣma	NOUN	dcs:636099	2	0
yameśvarau	yameśvarau	yameśvara	NOUN	dcs:408148	2	0
yamiṣṭhāsaḥ	yamiṣṭhāsa	yamiṣṭha	ADJ	dcs:593079	2	0
yamuna	yamuna	yamunā	NOUN	dcs:674137	2	0
yantrāsaḥ	yantrāsa	yantra	NOUN	dcs:611436_1	2	0
yantrāyāḥ	yantrāyā	yantra	NOUN	dcs:448433	2	0
yantārā	yantārā	yantṛ	NOUN	dcs:595188	2	0
yathābhyām	yathābhyām	yathā	NOUN	dcs:555206	2	0
yathācchandasam	yathācchandasam	yathāchandasam	ADV	dcs:737184	2	0
yatnāyāḥ	yatnāyā	yatna	NOUN	dcs:478086	2	0
yatrayoḥ	yatrayo	yatra	NOUN	dcs:552661	2	0
yavāguṃ	yavāgum	yavāgū	NOUN	dcs:727972	2	0
yaḍbhyaḥ	yaḍbhya	yaj	ADJ	dcs:741810	2	0
yaṣṭimadhukebhiḥ	yaṣṭimadhukebhi	yaṣṭimadhukā	NOUN	dcs:38437	2	0
yaṣṭyāhvāni	yaṣṭyāhvāni	yaṣṭyāhva	NOUN	dcs:38511	2	0
yevāṣāsaḥ	yevāṣāsa	yevāṣa	NOUN	dcs:635501	2	0
yodhīyān	yodhīyān	yodhīyas	ADJ	dcs:595481	2	0
yogāni	yogāni	yoga	NOUN	dcs:73864	2	0
yojanyām	yojanyām	yojana	NOUN	dcs:622332	2	0
yoktrakā	yoktrakā	yoktraka	NOUN	dcs:631596	2	0
yoktrān	yoktrān	yoktra	NOUN	dcs:214834	2	0
yoktrāyāḥ	yoktrāyā	yoktra	NOUN	dcs:698540	2	0
yoktrī	yoktrī	yoktṛ	ADJ	dcs:531357	2	0
yoniyoḥ	yoniyo	yoni	NOUN	dcs:81695	2	0
yonīṃr	yonīnr	yoni	NOUN	dcs:731591_1	2	0
yopanīm	yopanīm	yopana	ADJ	dcs:635405	2	0
yopanīḥ	yopanī	yopana	ADJ	dcs:647268	2	0
yoṣitaiḥ	yoṣitai	yoṣitā	NOUN	dcs:398723	2	0
yoṣātaḥ	yoṣāta	yoṣā	NOUN	dcs:748908	2	0
yugau	yugau	yuga	NOUN	dcs:195758	2	0
yācñam	yācnam	yācñā	NOUN	dcs:617191	2	0
yāmalām	yāmalām	yāmala	NOUN	dcs:533925	2	0
yāmebhiḥ	yāmebhi	yāma	NOUN	dcs:604118	2	0
yāvantyaḥ	yāvantya	yāvat	ADJ	dcs:668418	2	0
yāśavaḥ	yāśava	yāśu	NOUN	dcs:612507	2	0
yūpataḥ	yūpata	yūpa	NOUN	dcs:94358	2	0
ābandhanā	ābandhanā	ābandhana	NOUN	dcs:117342	2	0
ābharaṇān	ābharanān	ābharaṇa	NOUN	dcs:143841	2	0
ābharaṇāsu	ābharanāsu	ābharaṇa	NOUN	dcs:763585	2	0
ābhicārikām	ābhicārikām	ābhicārika	ADJ	dcs:357980	2	0
ābhāsanayā	ābhāsanayā	ābhāsana	NOUN	dcs:47672	2	0
ābhāsanāyām	ābhāsanāyām	ābhāsana	NOUN	dcs:533158	2	0
ācaraṇām	ācaranām	ācaraṇa	NOUN	dcs:630819	2	0
ācchādanau	ācchādanau	ācchādana	NOUN	dcs:6278	2	0
ācchādanā	ācchādanā	ācchādana	NOUN	dcs:286405	2	0
āchad	āchad	ācchad	NOUN	dcs:640615	2	0
āchadi	āchadi	ācchad	NOUN	dcs:755399	2	0
āchettā	āchettā	ācchettṛ	NOUN	dcs:727002	2	0
āchādanaṃ	āchādanam	ācchādana	NOUN	dcs:773315	2	0
āchādanāt	āchādanāt	ācchādana	NOUN	dcs:698611	2	0
ādarāṇi	ādarāni	ādara	NOUN	dcs:629944	2	0
ādhipatyām	ādhipatyām	ādhipatya	NOUN	dcs:357678	2	0
ādhmānau	ādhmānau	ādhmāna	NOUN	dcs:6481	2	0
ādhānān	ādhānān	ādhāna	NOUN	dcs:98370	2	0
ādityavarma	ādityavarma	ādityavarman	NOUN	dcs:613953	2	0
ādānataḥ	ādānata	ādāna	NOUN	dcs:18333	2	0
ādībhyām	ādībhyām	ādi	NOUN	dcs:70849	2	0
āghrāṇataḥ	āghrānata	āghrāṇa	NOUN	dcs:616051	2	0
āgnyādheyikāṃ	āgnyādheyikām	āgnyādheyika	ADJ	dcs:689026	2	0
āgnāvaiṣṇavyau	āgnāvaiṣnavyau	āgnāvaiṣṇava	ADJ	dcs:650087_1	2	0
āgnīdhrīyāyai	āgnīdhrīyāyai	āgnīdhrīya	ADJ	dcs:652310	2	0
āgrayaṇakāḥ	āgrayanakā	āgrayaṇaka	NOUN	dcs:123367	2	0
āhvayanāḥ	āhvayanā	āhvayana	NOUN	dcs:121071	2	0
āhvayāni	āhvayāni	āhvaya	NOUN	dcs:383745	2	0
āhārikām	āhārikām	āhārika	ADJ	dcs:645645	2	0
āhāvāni	āhāvāni	āhāva	NOUN	dcs:692213	2	0
ājagarām	ājagarām	ājagara	ADJ	dcs:583576	2	0
ājīvanī	ājīvanī	ājīvana	ADJ	dcs:364992	2	0
ākenipāsaḥ	ākenipāsa	ākenipa	ADJ	dcs:598872_1	2	0
ākharestha	ākharestha	ākhareṣṭha	ADJ	dcs:746578	2	0
ākhuni	ākhuni	ākhu	NOUN	dcs:669892	2	0
ākrandām	ākrandām	ākranda	NOUN	dcs:527231	2	0
ākrandāyāḥ	ākrandāyā	ākranda	NOUN	dcs:526343	2	0
ākṛtinī	ākṛtinī	ākṛti	NOUN	dcs:29162	2	0
ākṛṣṭinā	ākṛṣṭinā	ākṛṣṭi	NOUN	dcs:361249	2	0
ālayām	ālayām	ālaya	NOUN	dcs:340034	2	0
ālayāyāḥ	ālayāyā	ālaya	NOUN	dcs:573270	2	0
ālohinīm	ālohinīm	ālohita	ADJ	dcs:630394	2	0
ālokām	ālokām	āloka	NOUN	dcs:347902	2	0
ālokāyāḥ	ālokāyā	āloka	NOUN	dcs:666439	2	0
āmalakāsu	āmalakāsu	āmalaka	NOUN	dcs:64389	2	0
āmiṣān	āmiṣān	āmiṣa	NOUN	dcs:443659	2	0
ānandyā	ānandyā	ānandā	NOUN	dcs:653952	2	0
ānanābhiḥ	ānanābhi	ānana	NOUN	dcs:477902	2	0
āndhrāsu	āndhrāsu	āndhra	ADJ	dcs:448380	2	0
āntarikṣāsu	āntarikṣāsu	āntarikṣa	ADJ	dcs:12131	2	0
ānukūlyā	ānukūlyā	ānukūlya	NOUN	dcs:358430	2	0
ānuṣṭubhām	ānuṣṭubhām	ānuṣṭubha	ADJ	dcs:749143	2	0
ānvāhikām	ānvāhikām	ānvāhika	ADJ	dcs:78802	2	0
āparāhṇikī	āparāhnikī	āparāhṇika	ADJ	dcs:670903	2	0
āpattīni	āpattīni	āpatti	NOUN	dcs:749587	2	0
āpbhyaḥ	āpbhya	āp	NOUN	dcs:554064	2	0
āranālayā	āranālayā	āranāla	NOUN	dcs:562944	2	0
āranālāḥ	āranālā	āranāla	NOUN	dcs:403904	2	0
ārhatayā	ārhatayā	ārhata	ADJ	dcs:631450	2	0
ārjaka	ārjaka	arjaka	NOUN	dcs:27372	2	0
ārtagalāni	ārtagalāni	ārtagala	NOUN	dcs:12451	2	0
ārtavebhiḥ	ārtavebhi	ārtava	NOUN	dcs:674424	2	0
ārtavāsu	ārtavāsu	ārtava	ADJ	dcs:58827	2	0
ārttiḥ	ārtti	ārti	NOUN	dcs:424754	2	0
ārtvijyā	ārtvijyā	ārtvijya	NOUN	dcs:593794	2	0
āryaduhitrī	āryaduhitrī	āryaduhitṛ	NOUN	dcs:523712	2	0
āryavarma	āryavarma	āryavarman	NOUN	dcs:618148	2	0
ārādhanataḥ	ārādhanata	ārādhana	NOUN	dcs:624129	2	0
ārṣeyām	ārṣeyām	ārṣeya	NOUN	dcs:751931	2	0
ārṣām	ārṣām	ārṣa	NOUN	dcs:313307	2	0
āsadām	āsadām	āsada	NOUN	dcs:491038	2	0
āsanān	āsanān	āsana	NOUN	dcs:94606	2	0
āsravāṇi	āsravāni	āsrava	NOUN	dcs:479386	2	0
āsthaiḥ	āsthai	āsthā	NOUN	dcs:625848	2	0
āsvādataḥ	āsvādata	āsvāda	NOUN	dcs:632938	2	0
āsyebhiḥ	āsyebhi	āsya	NOUN	dcs:609256	2	0
ātmaghāti	ātmaghāti	ātmaghātin	NOUN	dcs:547002	2	0
ātmakāsu	ātmakāsu	ātmaka	ADJ	dcs:46325	2	0
ātmakāyāḥ	ātmakāyā	ātmaka	ADJ	dcs:467841	2	0
ātyantikām	ātyantikām	ātyantika	ADJ	dcs:545947	2	0
āveśayā	āveśayā	āveśa	NOUN	dcs:683482	2	0
āvyādhām	āvyādhām	āvyādha	NOUN	dcs:640734	2	0
āvāpām	āvāpām	āvāpa	NOUN	dcs:263967	2	0
āvāsām	āvāsām	āvāsa	NOUN	dcs:164427	2	0
āyavanān	āyavanān	āyavana	NOUN	dcs:72647	2	0
āyudhebhiḥ	āyudhebhi	āyudha	NOUN	dcs:602429	2	0
āyudhām	āyudhām	āyudha	NOUN	dcs:233162	2	0
āyuṣkau	āyuṣkau	āyuṣka	NOUN	dcs:350540	2	0
āyāmāni	āyāmāni	āyāma	NOUN	dcs:29125	2	0
āñjasayā	ānjasayā	āñjasa	ADJ	dcs:487382	2	0
āḍambarām	āḍambarām	āḍambara	NOUN	dcs:577574	2	0
īkṣaṇayā	īkṣanayā	īkṣaṇa	NOUN	dcs:529435	2	0
īkṣaṇāyāḥ	īkṣanāyā	īkṣaṇa	NOUN	dcs:573333	2	0
īpsvaḥ	īpsva	īpsu	ADJ	dcs:751069_1	2	0
īrmāntāsaḥ	īrmāntāsa	īrmānta	ADJ	dcs:595214	2	0
īśitrī	īśitrī	īśitṛ	ADJ	dcs:532804	2	0
śailaduhitrī	śailaduhitrī	śailaduhitṛ	NOUN	dcs:348537	2	0
śaityā	śaityā	śaitya	NOUN	dcs:21331	2	0
śaivām	śaivām	śaiva	ADJ	dcs:370847	2	0
śaiśirāsu	śaiśirāsu	śaiśira	ADJ	dcs:349237	2	0
śakali	śakali	śakalin	NOUN	dcs:633400_1	2	0
śakramātrī	śakramātrī	śakramātṛ	NOUN	dcs:437965	2	0
śakṛdi	śakṛdi	śakṛt	NOUN	dcs:747915	2	0
śakṛtam	śakṛtam	śakṛt	NOUN	dcs:338964	2	0
śalyakāni	śalyakāni	śalyaka	NOUN	dcs:466126	2	0
śambhyām	śambhyām	śam	NOUN	dcs:553715	2	0
śamitārā	śamitārā	śamitṛ	NOUN	dcs:599771	2	0
śamvatyaḥ	śamvatya	śaṃvat	ADJ	dcs:746096	2	0
śamyorvākasya	śamyorvākasya	śaṃyorvāka	NOUN	dcs:712870	2	0
śamyorvākaḥ	śamyorvāka	śaṃyorvāka	NOUN	dcs:712617	2	0
śamyum	śamyum	śaṃyu	NOUN	dcs:704048	2	0
śamyuvākau	śamyuvākau	śaṃyuvāka	NOUN	dcs:712108_1	2	0
śantamebhiḥ	śantamebhi	śaṃtama	ADJ	dcs:596447	2	0
śapathebhiḥ	śapathebhi	śapatha	NOUN	dcs:633986	2	0
śapharukāṇi	śapharukāni	śapharuka	NOUN	dcs:630347	2	0
śapi	śapi	śap	NOUN	dcs:554582	2	0
śapām	śapām	śap	NOUN	dcs:551831	2	0
śapāyāḥ	śapāyā	śapa	NOUN	dcs:349307	2	0
śaracchaśi	śaracchaśi	śaracchaśin	NOUN	dcs:89898	2	0
śarayā	śarayā	śara	NOUN	dcs:626322	2	0
śarkarebhiḥ	śarkarebhi	śarkarā	NOUN	dcs:15199	2	0
śarmāṇā	śarmānā	śarman	NOUN	dcs:593772	2	0
śarāvāpāṇi	śarāvāpāni	śarāvāpa	NOUN	dcs:275999	2	0
śastrakāḥ	śastrakā	śastraka	NOUN	dcs:154902	2	0
śastrapadā	śastrapadā	śastrapada	NOUN	dcs:29515	2	0
śatadan	śatadan	śatadat	ADJ	dcs:640870	2	0
śatapatraiḥ	śatapatrai	śatapattra	NOUN	dcs:93140	2	0
śataprasavataḥ	śataprasavata	śataprasava	NOUN	dcs:760565	2	0
śatavedhi	śatavedhi	śatavedhin	NOUN	dcs:483442	2	0
śatrutaḥ	śatruta	śatru	NOUN	dcs:174038	2	0
śatrūṣāhaḥ	śatrūṣāha	śatrūṣah	ADJ	dcs:605924	2	0
śatāhvayebhiḥ	śatāhvayebhi	śatāhvayā	NOUN	dcs:9885	2	0
śatāhvaḥ	śatāhva	śatāhvā	NOUN	dcs:10313	2	0
śatāhvena	śatāhvena	śatāhvā	NOUN	dcs:9978	2	0
śatārdhāḥ	śatārdhā	śatārdha	NOUN	dcs:118077	2	0
śaucābhyaḥ	śaucābhya	śauca	NOUN	dcs:449149	2	0
śaucāyām	śaucāyām	śauca	NOUN	dcs:176192	2	0
śayyam	śayyam	śayyā	NOUN	dcs:486150	2	0
śayyān	śayyān	śayyā	NOUN	dcs:126509	2	0
śaśvattamāsaḥ	śaśvattamāsa	śaśvattama	ADJ	dcs:610095_1	2	0
śaśvāṁ	śaśvām	śaśvat	ADJ	dcs:596570	2	0
śaśīyāṃsam	śaśīyānsam	śaśīyas	ADJ	dcs:598609	2	0
śevṛdhāsaḥ	śevṛdhāsa	śevṛdha	ADJ	dcs:596987	2	0
śikhāni	śikhāni	śikhā	NOUN	dcs:358698	2	0
śilpavatyaḥ	śilpavatya	śilpavat	ADJ	dcs:464292	2	0
śilājatavaḥ	śilājatava	śilājatu	NOUN	dcs:629800	2	0
śilājatum	śilājatum	śilājatu	NOUN	dcs:50571	2	0
śiraspadām	śiraspadām	śiraspada	NOUN	dcs:150710	2	0
śirastrāṇāḥ	śirastrānā	śirastrāṇa	NOUN	dcs:261380	2	0
śirālā	śirālā	sirāla	ADJ	dcs:629799	2	0
śivavarma	śivavarma	śivavarman	NOUN	dcs:613954	2	0
śiśve	śiśve	śiśu	NOUN	dcs:596490_1	2	0
śiṃśumāryai	śinśumāryai	śiśumārī	NOUN	dcs:661977	2	0
śiṃśumārī	śinśumārī	śiśumārī	NOUN	dcs:661978	2	0
ślokayantrāsaḥ	ślokayantrāsa	ślokayantra	ADJ	dcs:608432	2	0
ślokām	ślokām	śloka	ADJ	dcs:558212	2	0
śmaśrau	śmaśrau	śmaśru	NOUN	dcs:493084	2	0
śmaśrukarmāṇaḥ	śmaśrukarmāna	śmaśrukarman	NOUN	dcs:442311	2	0
śnyaptre	śnyaptre	śnaptra	NOUN	dcs:670955	2	0
śociṣas	śociṣas	śocis	NOUN	dcs:599199	2	0
śociṣmāṁ	śociṣmām	śociṣmat	ADJ	dcs:595897_1	2	0
śophāni	śophāni	śopha	NOUN	dcs:10932	2	0
śramayuvaḥ	śramayuva	śramayu	ADJ	dcs:593338	2	0
śramāsaḥ	śramāsa	śrama	NOUN	dcs:601001	2	0
śromatebhiḥ	śromatebhi	śromata	NOUN	dcs:600944	2	0
śrīdhāmn	śrīdhāmn	śrīdhāman	NOUN	dcs:339674	2	0
śrīdāma	śrīdāma	śrīdāman	NOUN	dcs:763864	2	0
śrīkāṇi	śrīkāni	śrīka	ADJ	dcs:344294	2	0
śrīparṇinām	śrīparninām	śrīparṇī	NOUN	dcs:751432	2	0
śubhrāsaḥ	śubhrāsa	śubhra	ADJ	dcs:596537	2	0
śuddhadantīṣu	śuddhadantīṣu	śuddhadat	ADJ	dcs:674389	2	0
śuddhitaḥ	śuddhita	śuddhi	NOUN	dcs:532272	2	0
śuddhiyoḥ	śuddhiyo	śuddhi	NOUN	dcs:355288	2	0
śuśrūṣaiḥ	śuśrūṣai	śuśrūṣā	NOUN	dcs:204526	2	0
śuśrūṣikā	śuśrūṣikā	śuśrūṣaka	ADJ	dcs:657865	2	0
śuśumāra	śuśumāra	śiśumāra	NOUN	dcs:657522	2	0
śuṣmint	śuṣmint	śuṣmin	ADJ	dcs:635025	2	0
śvajīvi	śvajīvi	śvajīvin	NOUN	dcs:443274	2	0
śvaśruve	śvaśruve	śvaśrū	NOUN	dcs:618265	2	0
śvaśruvāḥ	śvaśruvā	śvaśrū	NOUN	dcs:647220_1	2	0
śvaḥstotriyā	śvaḥstotriyā	śvaḥstotriya	NOUN	dcs:743500	2	0
śvetavāji	śvetavāji	śvetavājin	NOUN	dcs:195774	2	0
śvibhyaḥ	śvibhya	śvi	NOUN	dcs:552233	2	0
śvitnyebhiḥ	śvitnyebhi	śvitnya	ADJ	dcs:593914	2	0
śvyoḥ	śvyo	śvi	NOUN	dcs:552224	2	0
śākhebhiḥ	śākhebhi	śākhā	NOUN	dcs:106298	2	0
śāmyavākam	śāmyavākam	śāmyavākā	NOUN	dcs:470125	2	0
śārṅgadhanūḥ	śārngadhanū	śārṅgadhanus	NOUN	dcs:364251	2	0
śāsām	śāsām	śās	NOUN	dcs:596258_1	2	0
śātakaumbhīṃ	śātakaumbhīm	śātakaumbha	ADJ	dcs:629857	2	0
śātanām	śātanām	śātana	ADJ	dcs:133891	2	0
śāśvatāyai	śāśvatāyai	śāśvata	ADJ	dcs:509191	2	0
śīghrajanma	śīghrajanma	śīghrajanman	NOUN	dcs:27211	2	0
śīrṣaṇā	śīrṣanā	śīrṣan	NOUN	dcs:91600	2	0
śīrṣṇyaḥ	śīrṣnya	śīrṣan	NOUN	dcs:499339	2	0
śīrṣṭeṣu	śīrṣṭeṣu	śīṣṭa	NOUN	dcs:674237	2	0
śūghanāsaḥ	śūghanāsa	śūghana	ADJ	dcs:599065_1	2	0
śūnyataḥ	śūnyata	śūnya	ADJ	dcs:632942	2	0
śūrebhiḥ	śūrebhi	śūra	ADJ	dcs:591910	2	0
śūṣebhiḥ	śūṣebhi	śūṣa	NOUN	dcs:609377_1	2	0
śṛṅgaverāṇi	śṛngaverāni	śṛṅgavera	NOUN	dcs:2874	2	0
śṛṅgivera	śṛngivera	śṛṅgavera	NOUN	dcs:465299	2	0
śṛṅgāṭām	śṛngāṭām	śṛṅgāṭa	NOUN	dcs:241410	2	0
śṝbhyaḥ	śṝbhya	śṝ	NOUN	dcs:552479	2	0
ūdhassu	ūdhassu	ūdhas	NOUN	dcs:610323	2	0
ūdhnaḥ	ūdhna	ūdhas	NOUN	dcs:598411	2	0
ūrddhvaṃ	ūrddhvam	ūrdhva	ADJ	dcs:49838	2	0
ūrdhvavātāyām	ūrdhvavātāyām	ūrdhvavāta	NOUN	dcs:33820	2	0
ūruṇī	ūrunī	ūru	NOUN	dcs:543975	2	0
ūrvaṣṭīve	ūrvaṣṭīve	ūrvaṣṭhīva	NOUN	dcs:684610	2	0
ūrṇebhiḥ	ūrnebhi	ūrṇā	NOUN	dcs:431900	2	0
ūrṇoḥ	ūrno	ūrṇu	NOUN	dcs:551634	2	0
ūrṇāvābhayaḥ	ūrnāvābhaya	ūrṇavābhi	NOUN	dcs:677288	2	0
ṛbhumantā	ṛbhumantā	ṛbhumat	ADJ	dcs:605269	2	0
ṛbhumāṁ	ṛbhumām	ṛbhumat	ADJ	dcs:594111	2	0
ṛcharā	ṛcharā	ṛccharā	NOUN	dcs:638950	2	0
ṛddhinā	ṛddhinā	ṛddhi	NOUN	dcs:624317	2	0
ṛdhām	ṛdhām	ṛdh	NOUN	dcs:555128	2	0
ṛjipyāsaḥ	ṛjipyāsa	ṛjipya	ADJ	dcs:596482_1	2	0
ṛjīnasi	ṛjīnasi	ṛjūnas	NOUN	dcs:674213	2	0
ṛkṣataḥ	ṛkṣata	ṛkṣa	ADJ	dcs:706329	2	0
ṛtenā	ṛtenā	ṛta	NOUN	dcs:612326	2	0
ṛtuvoḥ	ṛtuvo	ṛtu	NOUN	dcs:150913	2	0
ṛtvijbhyām	ṛtvijbhyām	ṛtvij	NOUN	dcs:553512	2	0
ṛṣiyoḥ	ṛṣiyo	ṛṣi	NOUN	dcs:177095	2	0
ṛṣiṇām	ṛṣinām	ṛṣi	NOUN	dcs:761931	2	0
ṛṣiṣāh	ṛṣiṣāh	ṛṣiṣah	ADJ	dcs:608474_2	2	0
ṛṣvāsaḥ	ṛṣvāsa	ṛṣva	ADJ	dcs:593226_1	2	0
ṛṣīvas	ṛṣīvas	ṛṣīvat	ADJ	dcs:603812_4	2	0
ṛṣṭini	ṛṣṭini	ṛṣṭi	NOUN	dcs:264882	2	0
ṣamidhā	ṣamidhā	samidh	NOUN	dcs:599243	2	0
ṣaṣṭhayā	ṣaṣṭhayā	ṣaṣṭha	ADJ	dcs:364722	2	0
ṣaṭpañcāśatīm	ṣaṭpancāśatīm	ṣaṭpañcāśat	NOUN	dcs:301979	2	0
ṣṭhiram	ṣṭhiram	sthira	ADJ	dcs:593252	2	0
ṭaṅkaṇāni	ṭankanāni	ṭaṅkaṇa	NOUN	dcs:390488	2	0
abhiśocanau	abhiśocanau	abhiśocana	ADJ	dcs:649645	1	0
abālāni	abālāni	abāla	ADJ	dcs:64498	1	0
acakrebhiḥ	acakrebhi	acakra	ADJ	dcs:599748	1	0
acetanyaḥ	acetanya	acetana	ADJ	dcs:668086	1	0
acirataḥ	acirata	acira	ADJ	dcs:93515	1	0
adhaśśayyaḥ	adhaśśayya	adhaḥśayya	ADJ	dcs:746485	1	0
adhrigāvaḥ	adhrigāva	adhrigu	NOUN	dcs:604765	1	0
adhvanau	adhvanau	adhvan	NOUN	dcs:480575	1	0
adhyayanataḥ	adhyayanata	adhyayana	NOUN	dcs:552095	1	0
adhṛṣṭāsaḥ	adhṛṣṭāsa	adhṛṣṭa	ADJ	dcs:600507	1	0
adyatanām	adyatanām	adyatana	ADJ	dcs:526261	1	0
adābhyāsaḥ	adābhyāsa	adābhya	ADJ	dcs:608370	1	0
adātri	adātri	adātṛ	ADJ	dcs:81065	1	0
agnikībhiḥ	agnikībhi	agnika	ADJ	dcs:469885	1	0
ahanyebhiḥ	ahanyebhi	ahanya	ADJ	dcs:599884	1	0
aharbhyaḥ	aharbhya	ahar	NOUN	dcs:566129	1	0
aikṣvākām	aikṣvākām	aikṣvāka	NOUN	dcs:375337	1	0
aikṣvākāyām	aikṣvākāyām	aikṣvāka	NOUN	dcs:167485	1	0
aindavām	aindavām	aindava	ADJ	dcs:40363	1	0
aiśānāyām	aiśānāyām	aiśāna	ADJ	dcs:47700	1	0
ajyānībhiḥ	ajyānībhi	ajyāni	NOUN	dcs:469976	1	0
akavebhiḥ	akavebhi	akava	ADJ	dcs:601760	1	0
akuśalīḥ	akuśalī	akuśala	ADJ	dcs:679770	1	0
alpakām	alpakām	alpaka	ADJ	dcs:79105	1	0
alātṛṇāsaḥ	alātṛnāsa	alātṛṇa	ADJ	dcs:595368	1	0
amitebhiḥ	amitebhi	amita	ADJ	dcs:686776	1	0
amuṣmān	amuṣmān	adas	PRON	dcs:690687	1	0
amṛtavapūḥ	amṛtavapū	amṛtavapus	NOUN	dcs:380955	1	0
andhakūpataḥ	andhakūpata	andhakūpa	NOUN	dcs:613845	1	0
antamebhiḥ	antamebhi	antama	ADJ	dcs:595334	1	0
anāgatavidhātri	anāgatavidhātri	anāgatavidhātṛ	NOUN	dcs:486753	1	0
apakartri	apakartri	apakartṛ	ADJ	dcs:353488	1	0
aparebhiḥ	aparebhi	apara	ADJ	dcs:601452	1	0
apavāhataḥ	apavāhata	apavāha	NOUN	dcs:708535	1	0
apikakṣebhiḥ	apikakṣebhi	apikakṣa	NOUN	dcs:612265	1	0
aprāyuvaḥ	aprāyuva	aprāyu	ADJ	dcs:593640	1	0
apsarābhiḥ	apsarābhi	apsaras	NOUN	dcs:646172	1	0
araṃgamāsaḥ	arangamāsa	araṃgama	ADJ	dcs:640445	1	0
ariṣṭāsaḥ	ariṣṭāsa	ariṣṭa	ADJ	dcs:636865	1	0
aruṇāsaḥ	arunāsa	aruṇa	ADJ	dcs:601860	1	0
arvaśebhiḥ	arvaśebhi	arvaśa	ADJ	dcs:611373	1	0
arvācīnāsaḥ	arvācīnāsa	arvācīna	ADJ	dcs:601068	1	0
asaścantī	asaścantī	asaścat	ADJ	dcs:605077	1	0
asthabhyaḥ	asthabhya	asthi	NOUN	dcs:704348	1	0
asṛkpāṇi	asṛkpāni	asṛkpa	ADJ	dcs:244241	1	0
atichandaḥ	atichanda	aticchandas	NOUN	dcs:690124	1	0
atṛdilāsaḥ	atṛdilāsa	atṛdila	ADJ	dcs:611442	1	0
audumbarām	audumbarām	audumbara	ADJ	dcs:340727	1	0
auttaṅkām	auttankām	auttaṅka	ADJ	dcs:320839	1	0
avarāsaḥ	avarāsa	avara	ADJ	dcs:600988	1	0
avataraṇīm	avataranīm	avataraṇa	ADJ	dcs:625575	1	0
ayātayām	ayātayām	ayātayāman	ADJ	dcs:566781	1	0
aṃhoyuvaḥ	anhoyuva	aṃhoyu	ADJ	dcs:599325	1	0
aṃhāriḥ	anhāri	aṅghāri	NOUN	dcs:742604	1	0
aṅkataḥ	ankata	aṅka	NOUN	dcs:619894	1	0
aṣṭatriṃśatī	aṣṭatrinśatī	aṣṭatriṃśat	NUM	dcs:6362	1	0
barhirjyotīḥ	barhirjyotī	barhirjyotis	NOUN	dcs:332974	1	0
bhautikām	bhautikām	bhautika	ADJ	dcs:6098	1	0
bhiyai	bhiyai	bhī	NOUN	dcs:606417	1	0
bhrātṛvyataḥ	bhrātṛvyata	bhrātṛvya	NOUN	dcs:671413	1	0
bhāllavinaḥ	bhāllavina	bhāllavi	NOUN	dcs:751554	1	0
bhānumas	bhānumas	bhānumat	ADJ	dcs:599095	1	0
bhīruvaḥ	bhīruva	bhīru	ADJ	dcs:367033	1	0
bimboṣṭhām	bimboṣṭhām	bimboṣṭha	ADJ	dcs:174567	1	0
bistāt	bistāt	vista	NOUN	dcs:553472	1	0
brahmajyotīḥ	brahmajyotī	brahmajyotis	NOUN	dcs:155240	1	0
brahmnaḥ	brahmna	brahman	NOUN	dcs:86910	1	0
brahmīyāḥ	brahmīyā	brahmīyas	ADJ	dcs:566811	1	0
bārhadukthībhiḥ	bārhadukthībhi	bārhaduktha	ADJ	dcs:504739	1	0
bārhaspatām	bārhaspatām	bārhaspata	ADJ	dcs:310337	1	0
bārhatayā	bārhatayā	bārhata	ADJ	dcs:571503	1	0
bārhatām	bārhatām	bārhata	ADJ	dcs:571515	1	0
bāṣpataḥ	bāṣpata	bāṣpa	NOUN	dcs:26950	1	0
bībhatsuvaḥ	bībhatsuva	bībhatsu	ADJ	dcs:612113	1	0
caitrikāni	caitrikāni	caitrika	ADJ	dcs:436878	1	0
candrasām	candrasām	candrasāman	NOUN	dcs:443484	1	0
catuḥpadī	catuḥpadī	catuṣpada	ADJ	dcs:686864	1	0
catuḥpañcāśat	catuḥpancāśat	catuṣpañcāśat	NOUN	dcs:364961	1	0
churudhaḥ	churudha	śurudh	NOUN	dcs:593347	1	0
cākṣuṣām	cākṣuṣām	cākṣuṣa	ADJ	dcs:575906	1	0
cāndrām	cāndrām	cāndra	ADJ	dcs:18245	1	0
dahanataḥ	dahanata	dahana	NOUN	dcs:631373	1	0
daityahn	daityahn	daityahan	NOUN	dcs:149146	1	0
daivāyāḥ	daivāyā	daiva	ADJ	dcs:489503	1	0
dakṣebhiḥ	dakṣebhi	dakṣa	ADJ	dcs:611906	1	0
dauṣyantām	dauṣyantām	dauṣyanta	ADJ	dcs:337656	1	0
davīyasam	davīyasam	davīyas	ADJ	dcs:616803	1	0
daśamām	daśamām	daśama	ADJ	dcs:300377	1	0
daṃśataḥ	danśata	daṃśa	NOUN	dcs:645853	1	0
devakarmebhiḥ	devakarmebhi	devakarma	NOUN	dcs:612196	1	0
dhanataḥ	dhanata	dhana	NOUN	dcs:763006	1	0
dhanutarau	dhanutarau	dhanutṛ	ADJ	dcs:598706	1	0
dhiṣṇiyāsaḥ	dhiṣniyāsa	dhiṣṇya	ADJ	dcs:425184	1	0
dhūmataḥ	dhūmata	dhūma	NOUN	dcs:431851	1	0
divābhiḥ	divābhi	diva	ADJ	dcs:743195	1	0
diśācakṣūḥ	diśācakṣū	diśācakṣus	NOUN	dcs:222976	1	0
druhyavi	druhyavi	druhyu	NOUN	dcs:604275	1	0
durnāmsu	durnāmsu	durnāman	NOUN	dcs:36196	1	0
duvasanāsaḥ	duvasanāsa	duvasana	ADJ	dcs:598089	1	0
duḥṣahāsaḥ	duḥṣahāsa	duḥṣaha	ADJ	dcs:608747	1	0
duṣṣvapnyāt	duṣṣvapnyāt	duḥṣvapnya	NOUN	dcs:605722	1	0
duṣṭutāt	duṣṭutāt	duḥṣṭuta	NOUN	dcs:463882	1	0
dveṣṭri	dveṣṭri	dveṣṭṛ	ADJ	dcs:355215	1	0
dvicatvāriṃśatī	dvicatvārinśatī	dvicatvāriṃśat	NUM	dcs:158552	1	0
dvijātiyoḥ	dvijātiyo	dvijāti	NOUN	dcs:301718	1	0
dvāpañcāśatī	dvāpancāśatī	dvāpañcāśat	NOUN	dcs:506800	1	0
dvāpañcāśatīm	dvāpancāśatīm	dvāpañcāśat	NOUN	dcs:261680	1	0
dyumas	dyumas	dyumat	ADJ	dcs:600674	1	0
dyutbhyaḥ	dyutbhya	dyut	NOUN	dcs:551795	1	0
dīpanām	dīpanām	dīpana	ADJ	dcs:64889	1	0
dūḍabhāsaḥ	dūḍabhāsa	dūḍabha	ADJ	dcs:603022	1	0
ehimāyāsaḥ	ehimāyāsa	ehimāya	ADJ	dcs:591816	1	0
ekādaśāyām	ekādaśāyām	ekādaśa	ADJ	dcs:86987	1	0
etādṛśām	etādṛśām	etādṛśa	ADJ	dcs:255298	1	0
gajabandhanā	gajabandhanā	gajabandhana	NOUN	dcs:76663	1	0
ghoṇṭaḥ	ghonṭa	ghoṇṭā	NOUN	dcs:43443	1	0
giriduhitryā	giriduhitryā	giriduhitṛ	NOUN	dcs:488735	1	0
giriyoḥ	giriyo	giri	NOUN	dcs:78214	1	0
gotaḥ	gota	go	NOUN	dcs:554822	1	0
grāmāsaḥ	grāmāsa	grāma	NOUN	dcs:612156	1	0
grāvsu	grāvsu	grāvan	NOUN	dcs:565457	1	0
gurvā	gurvā	guru	ADJ	dcs:256877	1	0
guṇebhiḥ	gunebhi	guṇa	NOUN	dcs:638902	1	0
gāndharvayā	gāndharvayā	gāndharva	ADJ	dcs:176504	1	0
hiraṇmayābhiḥ	hiranmayābhi	hiraṇmaya	ADJ	dcs:197708	1	0
idaḥ	ida	id	NOUN	dcs:554946	1	0
imasmai	imasmai	idam	PRON	dcs:749165	1	0
indindiraḥ	indindira	indindirā	NOUN	dcs:44023	1	0
indriyāvas	indriyāvas	indriyāvat	ADJ	dcs:708177	1	0
iṅgudāyām	ingudāyām	iṅguda	NOUN	dcs:483470	1	0
iṣaṇaḥ	iṣana	iṣan	NOUN	dcs:598243	1	0
iṣirāsaḥ	iṣirāsa	iṣira	ADJ	dcs:608435	1	0
iṭataḥ	iṭata	iṭa	NOUN	dcs:612653	1	0
jaganmātryāḥ	jaganmātryā	jaganmātṛ	NOUN	dcs:348125	1	0
jajjhatīḥ	jajjhatī	jajhjhatī	NOUN	dcs:599951	1	0
jambhebhiḥ	jambhebhi	jambha	NOUN	dcs:602195	1	0
jambhyebhiḥ	jambhyebhi	jambhya	NOUN	dcs:696533	1	0
jambhāsaḥ	jambhāsa	jambha	NOUN	dcs:605939	1	0
jihvātaḥ	jihvāta	jihvā	NOUN	dcs:645853	1	0
jāguḥ	jāgu	jāgṛ	NOUN	dcs:552490	1	0
jīvāsaḥ	jīvāsa	jīva	ADJ	dcs:639908	1	0
kalyāṇayā	kalyānayā	kalyāṇa	ADJ	dcs:176764	1	0
karmakartri	karmakartri	karmakartṛ	NOUN	dcs:42867	1	0
katamāt	katamāt	katama	PRON	dcs:527328	1	0
katarāya	katarāya	katara	PRON	dcs:309042	1	0
kausīdām	kausīdām	kausīda	ADJ	dcs:81029	1	0
kaṇvebhiḥ	kanvebhi	kaṇva	NOUN	dcs:605171	1	0
ketebhiḥ	ketebhi	keta	NOUN	dcs:597846	1	0
khajyotīḥ	khajyotī	khajyotis	NOUN	dcs:24340	1	0
kitavāsaḥ	kitavāsa	kitava	NOUN	dcs:600490	1	0
kiṃkarmaṇau	kinkarmanau	kiṃkarman	ADJ	dcs:222703	1	0
kiṃnām	kinnām	kiṃnāman	ADJ	dcs:418061	1	0
kratvāmaghāsaḥ	kratvāmaghāsa	kratvāmagha	ADJ	dcs:599593	1	0
krodhataḥ	krodhata	krodha	NOUN	dcs:520577	1	0
kukarmaṇau	kukarmanau	kukarman	ADJ	dcs:341197	1	0
kulmalabarhīḥ	kulmalabarhī	kulmalabarhis	NOUN	dcs:566974	1	0
kuśarāsaḥ	kuśarāsa	kuśara	NOUN	dcs:595776	1	0
kvajanmanau	kvajanmanau	kvajanman	ADJ	dcs:222703	1	0
kācchapām	kācchapām	kācchapa	ADJ	dcs:417696	1	0
kāmadhenvaḥ	kāmadhenva	kāmadhenu	NOUN	dcs:421582	1	0
kāsamardāyāḥ	kāsamardāyā	kāsamarda	NOUN	dcs:50860	1	0
kāñcanayā	kāncanayā	kāñcana	ADJ	dcs:91736	1	0
kāñcanāsu	kāncanāsu	kāñcana	ADJ	dcs:148156	1	0
kāśeyām	kāśeyām	kāśeya	ADJ	dcs:147530	1	0
kīdṛśāyām	kīdṛśāyām	kīdṛśa	ADJ	dcs:308196	1	0
kīṭamātrī	kīṭamātrī	kīṭamātṛ	NOUN	dcs:366476	1	0
kṛtakarmṇaḥ	kṛtakarmna	kṛtakarman	ADJ	dcs:128955	1	0
kṛṣṇebhiḥ	kṛṣnebhi	kṛṣṇa	ADJ	dcs:593195	1	0
kṛṣṇāsaḥ	kṛṣnāsa	kṛṣṇa	ADJ	dcs:594883	1	0
kṣaireyām	kṣaireyām	kṣaireya	ADJ	dcs:33049	1	0
kṣmaḥ	kṣma	kṣam	NOUN	dcs:593908	1	0
kṣodīyasam	kṣodīyasam	kṣodīyas	ADJ	dcs:572985	1	0
kṣodīyāṃsaḥ	kṣodīyānsa	kṣodīyas	ADJ	dcs:736127	1	0
kṣullikāḥ	kṣullikā	kṣullaka	ADJ	dcs:663224	1	0
kṣātrām	kṣātrām	kṣātra	ADJ	dcs:314607	1	0
labdhuḥ	labdhu	labdhṛ	ADJ	dcs:84978	1	0
laukikayā	laukikayā	laukika	ADJ	dcs:430950	1	0
laukikāsu	laukikāsu	laukika	ADJ	dcs:299362	1	0
lelitakām	lelitakām	lelitaka	NOUN	dcs:36440	1	0
madebhiḥ	madebhi	mada	NOUN	dcs:598714	1	0
madhupebhiḥ	madhupebhi	madhupa	ADJ	dcs:592578	1	0
mahiṣāsaḥ	mahiṣāsa	mahiṣa	NOUN	dcs:593236	1	0
mahāsālaḥ	mahāsāla	mahāśāla	NOUN	dcs:760119	1	0
mahīmayāyām	mahīmayāyām	mahīmaya	ADJ	dcs:87356	1	0
makṣūtamebhiḥ	makṣūtamebhi	makṣūtama	ADJ	dcs:607862	1	0
mandrayuvaḥ	mandrayuva	mandrayu	ADJ	dcs:608614	1	0
mandrebhiḥ	mandrebhi	mandra	ADJ	dcs:605474	1	0
mandrāsaḥ	mandrāsa	mandra	ADJ	dcs:743736	1	0
manojavebhiḥ	manojavebhi	manojava	ADJ	dcs:601818	1	0
manuṣyāsaḥ	manuṣyāsa	manuṣya	NOUN	dcs:610794	1	0
manyvaḥ	manyva	manyu	NOUN	dcs:190823	1	0
martyebhiḥ	martyebhi	martya	ADJ	dcs:608741	1	0
martyendramātrī	martyendramātrī	martyendramātṛ	NOUN	dcs:19736	1	0
mathurātaḥ	mathurāta	mathurā	NOUN	dcs:625385	1	0
matsyāsaḥ	matsyāsa	matsya	NOUN	dcs:602341	1	0
maurvām	maurvām	maurva	ADJ	dcs:102320	1	0
maśakataḥ	maśakata	maśaka	NOUN	dcs:645853	1	0
maṇḍūkamātrī	manḍūkamātrī	maṇḍūkamātṛ	NOUN	dcs:18912	1	0
medhirāsaḥ	medhirāsa	medhira	ADJ	dcs:605449	1	0
mithoavadyapebhiḥ	mithoavadyapebhi	mithoavadyapa	ADJ	dcs:610733	1	0
mitrataḥ	mitrata	mitra	NOUN	dcs:766490	1	0
mitrāyuvaḥ	mitrāyuva	mitrāyu	ADJ	dcs:595491	1	0
mumukṣvaḥ	mumukṣva	mumukṣu	ADJ	dcs:594848	1	0
mādhurām	mādhurām	mādhura	ADJ	dcs:150032	1	0
mādṛśāyāḥ	mādṛśāyā	mādṛśa	ADJ	dcs:529187	1	0
māhendrām	māhendrām	māhendra	ADJ	dcs:524372	1	0
māndhātri	māndhātri	māndhātṛ	NOUN	dcs:148451	1	0
mānebhiḥ	mānebhi	māna	NOUN	dcs:595648	1	0
mārḍīkebhiḥ	mārḍīkebhi	mārḍīka	NOUN	dcs:604165	1	0
mātāraḥ	mātāra	mātṛ	NOUN	dcs:276093	1	0
mīḍhvasam	mīḍhvasam	mīḍhvas	ADJ	dcs:430950	1	0
mīḍhvase	mīḍhvase	mīḍhvas	ADJ	dcs:317904	1	0
mṛtyutaḥ	mṛtyuta	mṛtyu	NOUN	dcs:466593	1	0
nahuṣyebhiḥ	nahuṣyebhi	nahuṣya	ADJ	dcs:608740	1	0
naidāghām	naidāghām	naidāgha	ADJ	dcs:148828	1	0
naiyagrodhyau	naiyagrodhyau	naiyagrodha	ADJ	dcs:673433	1	0
naiṣādām	naiṣādām	naiṣāda	ADJ	dcs:147913	1	0
nao	nao	nau	NOUN	dcs:217704	1	0
naryebhiḥ	naryebhi	narya	NOUN	dcs:611600	1	0
navebhiḥ	navebhi	nava	ADJ	dcs:598365	1	0
navyasīṣu	navyasīṣu	navyas	ADJ	dcs:594877	1	0
nañi	nani	nañ	NOUN	dcs:552625	1	0
nicirāsaḥ	nicirāsa	nicira	ADJ	dcs:596878	1	0
nimajjanām	nimajjanām	nimajjana	ADJ	dcs:242181	1	0
nirātmataḥ	nirātmata	nirātman	ADJ	dcs:632942	1	0
nitośanāsaḥ	nitośanāsa	nitośana	ADJ	dcs:603472	1	0
nāndīmukhām	nāndīmukhām	nāndīmukha	ADJ	dcs:120261	1	0
nārakām	nārakām	nāraka	ADJ	dcs:98022	1	0
nārakāyām	nārakāyām	nāraka	ADJ	dcs:92392	1	0
nārāyaṇām	nārāyanām	nārāyaṇa	ADJ	dcs:559642	1	0
ojiṣṭhebhiḥ	ojiṣṭhebhi	ojiṣṭha	ADJ	dcs:598358	1	0
paitrāyāḥ	paitrāyā	paitra	ADJ	dcs:422230	1	0
paittalām	paittalām	paittala	ADJ	dcs:392299	1	0
paittām	paittām	paitta	ADJ	dcs:40215	1	0
paitāmahām	paitāmahām	paitāmaha	ADJ	dcs:168871	1	0
pajrāsaḥ	pajrāsa	pajra	NOUN	dcs:594316	1	0
pakthāsaḥ	pakthāsa	paktha	NOUN	dcs:602343	1	0
pakṣebhiḥ	pakṣebhi	pakṣa	NOUN	dcs:612265	1	0
parimārjanā	parimārjanā	parimārjana	ADJ	dcs:345800	1	0
paro'śīteṣu	paro'śīteṣu	parośīta	ADJ	dcs:503162	1	0
parśānāsaḥ	parśānāsa	parśāna	NOUN	dcs:604172	1	0
pauruṣeyām	pauruṣeyām	pauruṣeya	ADJ	dcs:530256	1	0
pauruṣām	pauruṣām	pauruṣa	ADJ	dcs:302377	1	0
paurāsaḥ	paurāsa	paura	NOUN	dcs:605850	1	0
pautrām	pautrām	pautra	ADJ	dcs:113866	1	0
pauṣṭikām	pauṣṭikām	pauṣṭika	ADJ	dcs:64377	1	0
pañcatayām	pancatayām	pañcataya	ADJ	dcs:520716	1	0
paśutaḥ	paśuta	paśu	NOUN	dcs:770870	1	0
paṭīyasam	paṭīyasam	paṭīyas	ADJ	dcs:489466	1	0
plāvanā	plāvanā	plāvana	ADJ	dcs:400577	1	0
poṭṭalām	poṭṭalām	poṭṭala	NOUN	dcs:391587	1	0
pramātryai	pramātryai	pramātṛ	NOUN	dcs:512011	1	0
prathamasmin	prathamasmin	prathama	ADJ	dcs:469368	1	0
prathīyasam	prathīyasam	prathīyas	ADJ	dcs:560281	1	0
pratibādhanā	pratibādhanā	pratibādhana	ADJ	dcs:183568	1	0
pratisadṛkṣāsaḥ	pratisadṛkṣāsa	pratisadṛkṣa	ADJ	dcs:684466	1	0
pratisaṃvidsu	pratisanvidsu	pratisaṃvid	NOUN	dcs:645230	1	0
prāktanām	prāktanām	prāktana	ADJ	dcs:410874	1	0
prāsaṅgikām	prāsangikām	prāsaṅgika	ADJ	dcs:46310	1	0
prāyogikām	prāyogikām	prāyogika	ADJ	dcs:58389	1	0
prāśavyān	prāśavyān	prāśavya	NOUN	dcs:605081	1	0
prāśuṣāṭ	prāśuṣāṭ	prāśuṣah	ADJ	dcs:598477	1	0
prāṇimātrī	prānimātrī	prāṇimātṛ	NOUN	dcs:19938	1	0
purassadaḥ	purassada	puraḥsad	ADJ	dcs:736046	1	0
purutamāsaḥ	purutamāsa	purutama	ADJ	dcs:696767	1	0
puñjiṣṭebhyaḥ	punjiṣṭebhya	puñjiṣṭha	NOUN	dcs:684159	1	0
puṃnām	punnām	puṃnāman	ADJ	dcs:333834	1	0
pālanām	pālanām	pālana	ADJ	dcs:357659	1	0
pālaṅkāyām	pālankāyām	pālaṅka	NOUN	dcs:75984	1	0
pārameśvarām	pārameśvarām	pārameśvara	ADJ	dcs:49343	1	0
pāramārthikām	pāramārthikām	pāramārthika	ADJ	dcs:49344	1	0
pārokṣāyām	pārokṣāyām	pārokṣa	ADJ	dcs:537711	1	0
pārvatām	pārvatām	pārvata	ADJ	dcs:320156	1	0
pāñcabhautikām	pāncabhautikām	pāñcabhautika	ADJ	dcs:6260	1	0
pāñcanadāyāḥ	pāncanadāyā	pāñcanada	ADJ	dcs:540060	1	0
pūrvottarataḥ	pūrvottarata	pūrvottara	ADJ	dcs:390043	1	0
pṛṣṭībhiḥ	pṛṣṭībhi	pṛṣṭi	NOUN	dcs:639787	1	0
raayaḥ	raaya	rai	NOUN	dcs:91976	1	0
raaye	raaye	rai	NOUN	dcs:570790	1	0
raghutaḥ	raghuta	raghu	NOUN	dcs:759018	1	0
raktri	raktri	raktṛ	NOUN	dcs:364793	1	0
rakṣaṇebhiḥ	rakṣanebhi	rakṣaṇa	NOUN	dcs:598004	1	0
rasavantyaḥ	rasavantya	rasavat	ADJ	dcs:490781	1	0
rasavantī	rasavantī	rasavat	ADJ	dcs:762686	1	0
raucanikām	raucanikām	raucanika	ADJ	dcs:358153	1	0
raukmām	raukmām	raukma	ADJ	dcs:240572	1	0
raṇvāsaḥ	ranvāsa	raṇva	ADJ	dcs:611937	1	0
rebhāsaḥ	rebhāsa	rebha	NOUN	dcs:606931	1	0
rohitavas	rohitavas	rohitavat	ADJ	dcs:749560	1	0
rukmebhiḥ	rukmebhi	rukma	NOUN	dcs:600056	1	0
rukmāsaḥ	rukmāsa	rukma	NOUN	dcs:604677	1	0
ruśamāsaḥ	ruśamāsa	ruśama	NOUN	dcs:599521	1	0
rāspirāsaḥ	rāspirāsa	rāspira	ADJ	dcs:599791	1	0
rātriṣām	rātriṣām	rātriṣāman	NOUN	dcs:565930	1	0
rūkṣataḥ	rūkṣata	rūkṣa	ADJ	dcs:632177	1	0
sahasrajyotīḥ	sahasrajyotī	sahasrajyotis	NOUN	dcs:157227	1	0
sahasrebhiḥ	sahasrebhi	sahasra	NUM	dcs:606355	1	0
samantadugdhaḥ	samantadugdha	samantadugdhā	NOUN	dcs:20595	1	0
samanīkataḥ	samanīkata	samanīka	NOUN	dcs:652212	1	0
samasmin	samasmin	sama	PRON	dcs:604724	1	0
sammiślāsaḥ	sammiślāsa	sammiśla	ADJ	dcs:593242	1	0
samānebhiḥ	samānebhi	samāna	ADJ	dcs:595338	1	0
sannakaṇṭhayā	sannakanṭhayā	sannakaṇṭha	ADJ	dcs:514708	1	0
sanāyuvaḥ	sanāyuva	sanāyu	ADJ	dcs:593200	1	0
saprem	saprem	sapreman	ADJ	dcs:90325	1	0
sapsarāsaḥ	sapsarāsa	sapsara	ADJ	dcs:595425	1	0
saptapañcāśatyā	saptapancāśatyā	saptapañcāśat	NOUN	dcs:535628	1	0
saptatriṃśatīm	saptatrinśatīm	saptatriṃśat	NUM	dcs:301979	1	0
saptatriṃśatīṣu	saptatrinśatīṣu	saptatriṃśat	NUM	dcs:532466	1	0
saptebhiḥ	saptebhi	sapta	NOUN	dcs:673888	1	0
sarjanām	sarjanām	sarjanāman	NOUN	dcs:6762	1	0
sarāhuvoḥ	sarāhuvo	sarāhu	ADJ	dcs:91169	1	0
sarīsṛpataḥ	sarīsṛpata	sarīsṛpa	NOUN	dcs:645853	1	0
satrāṣāh	satrāṣāh	satrāsāh	ADJ	dcs:602407	1	0
saṃdhiyoḥ	sandhiyo	saṃdhi	NOUN	dcs:558645	1	0
saṃjananām	sanjananām	saṃjanana	ADJ	dcs:131480	1	0
saṃmātarar	sammātarar	saṃmātṛ	ADJ	dcs:637583	1	0
saṃrājaḥ	sanrāja	samrāj	NOUN	dcs:713899	1	0
saṃyājyātaḥ	sanyājyāta	saṃyājyā	NOUN	dcs:712675	1	0
siṃhataḥ	sinhata	siṃha	NOUN	dcs:655467	1	0
snaihikām	snaihikām	snaihika	ADJ	dcs:58391	1	0
somamādaḥ	somamāda	somamad	ADJ	dcs:602425	1	0
sotvāsaḥ	sotvāsa	sotva	ADJ	dcs:612549	1	0
sphyau	sphyau	sphya	NOUN	dcs:639173	1	0
sphyāḥ	sphyā	sphya	NOUN	dcs:497975	1	0
sraṣṭri	sraṣṭri	sraṣṭṛ	NOUN	dcs:49617	1	0
stambhanām	stambhanām	stambhana	ADJ	dcs:29410	1	0
sthavirāsaḥ	sthavirāsa	sthavira	ADJ	dcs:603139	1	0
sthavīyāṃsaḥ	sthavīyānsa	sthavīyas	ADJ	dcs:500577	1	0
sthirebhiḥ	sthirebhi	sthira	ADJ	dcs:596461	1	0
sthirāyūḥ	sthirāyū	sthirāyus	NOUN	dcs:75835	1	0
sthāvirīḥ	sthāvirī	sthāvira	ADJ	dcs:608589	1	0
stokāsaḥ	stokāsa	stoka	NOUN	dcs:597043	1	0
stomataḥ	stomata	stoma	NOUN	dcs:749127	1	0
straiṇābhiḥ	strainābhi	straiṇa	ADJ	dcs:528941	1	0
sudhitebhiḥ	sudhitebhi	sudhita	ADJ	dcs:601177	1	0
sumitrebhiḥ	sumitrebhi	sumitra	NOUN	dcs:610781	1	0
surūpakām	surūpakām	surūpaka	ADJ	dcs:523607	1	0
svakṣatrebhiḥ	svakṣatrebhi	svakṣatra	ADJ	dcs:595334	1	0
svarṇamātrī	svarnamātrī	svarṇamātṛ	NOUN	dcs:21618	1	0
svedamātrī	svedamātrī	svedamātṛ	NOUN	dcs:24017	1	0
svābhāvikām	svābhāvikām	svābhāvika	ADJ	dcs:441335	1	0
svābhāvikāyām	svābhāvikāyām	svābhāvika	ADJ	dcs:152854	1	0
svānebhiḥ	svānebhi	svāna	NOUN	dcs:604138	1	0
sādhvā	sādhvā	sādhu	ADJ	dcs:80068	1	0
sādhīyāḥ	sādhīyā	sādhīyas	ADJ	dcs:488219	1	0
sāmagebhiḥ	sāmagebhi	sāmaga	NOUN	dcs:633628	1	0
sāmbhyām	sāmbhyām	sāman	NOUN	dcs:565861	1	0
sāmpratikāyāḥ	sāmpratikāyā	sāmpratika	ADJ	dcs:62607	1	0
sāptebhiḥ	sāptebhi	sāpta	NOUN	dcs:605908	1	0
sāraghebhiḥ	sāraghebhi	sāragha	NOUN	dcs:673943	1	0
sārasvatām	sārasvatām	sārasvata	ADJ	dcs:195175	1	0
sāvitrām	sāvitrām	sāvitra	ADJ	dcs:359360	1	0
sīmātaḥ	sīmāta	sīmā	NOUN	dcs:474374	1	0
sūdayitnvaḥ	sūdayitnva	sūdayitnu	ADJ	dcs:610641	1	0
sūrpe	sūrpe	śūrpa	NOUN	dcs:772585	1	0
sūrpāt	sūrpāt	śūrpa	NOUN	dcs:772590	1	0
tanūnaptuḥ	tanūnaptu	tanūnapāt	NOUN	dcs:494674	1	0
tanūnapāyāḥ	tanūnapāyā	tanūnapa	NOUN	dcs:352573	1	0
tarīyān	tarīyān	tarīyas	ADJ	dcs:599713	1	0
tejīyasam	tejīyasam	tejīyas	ADJ	dcs:91676	1	0
tilottamātaḥ	tilottamāta	tilottamā	NOUN	dcs:622838	1	0
tokmāṇī	tokmānī	tokman	NOUN	dcs:436280	1	0
tottrān	tottrān	tottra	NOUN	dcs:233260	1	0
trayastriṃśatīṣu	trayastrinśatīṣu	trayastriṃśat	NUM	dcs:439620	1	0
tricatvāriṃśatyā	tricatvārinśatyā	tricatvāriṃśat	NUM	dcs:534649	1	0
tridhāmbhiḥ	tridhāmbhi	tridhāman	NOUN	dcs:90377	1	0
triyaviḥ	triyavi	tryavi	NOUN	dcs:686570	1	0
triṣaptāsaḥ	triṣaptāsa	triṣapta	ADJ	dcs:640266	1	0
tuvidyumnāsaḥ	tuvidyumnāsa	tuvidyumna	ADJ	dcs:593632	1	0
tuviṣmas	tuviṣmas	tuviṣmat	ADJ	dcs:602409	1	0
tuṇḍulān	tunḍulān	taṇḍula	NOUN	dcs:692802	1	0
tvaṣṭri	tvaṣṭri	tvaṣṭṛ	NOUN	dcs:97559	1	0
tvādattebhiḥ	tvādattebhi	tvādatta	ADJ	dcs:596447	1	0
tvādṛśāyāḥ	tvādṛśāyā	tvādṛśa	ADJ	dcs:526911	1	0
tādṛśāsu	tādṛśāsu	tādṛśa	ADJ	dcs:529222	1	0
tādṛśāyāḥ	tādṛśāyā	tādṛśa	ADJ	dcs:111760	1	0
tāmalām	tāmalām	tāmala	ADJ	dcs:389497	1	0
tārāriṇi	tārārini	tārāri	NOUN	dcs:57055	1	0
tāvakām	tāvakām	tāvaka	ADJ	dcs:357731	1	0
ubhayebhiḥ	ubhayebhi	ubhaya	ADJ	dcs:595659	1	0
ubhāt	ubhāt	ubha	NOUN	dcs:553621	1	0
udakataḥ	udakata	udaka	NOUN	dcs:655467	1	0
udarcīḥ	udarcī	udarcis	NOUN	dcs:485498	1	0
ukṣaṇām	ukṣanām	ukṣan	NOUN	dcs:310324	1	0
unmīlanā	unmīlanā	unmīlana	ADJ	dcs:506252	1	0
upamebhiḥ	upamebhi	upama	ADJ	dcs:592533	1	0
upasecanāsaḥ	upasecanāsa	upasecana	ADJ	dcs:603609	1	0
upaśākebhiḥ	upaśākebhi	upaśāka	NOUN	dcs:592536	1	0
utpātataḥ	utpātata	utpāta	NOUN	dcs:645853	1	0
vacanebhiḥ	vacanebhi	vacana	NOUN	dcs:611906	1	0
vaidarbhām	vaidarbhām	vaidarbha	ADJ	dcs:196303	1	0
vaidikayā	vaidikayā	vaidika	ADJ	dcs:533708	1	0
vaigandhikaḥ	vaigandhika	vaigandhikā	NOUN	dcs:40931	1	0
vairiñcāyām	vairincāyām	vairiñca	ADJ	dcs:97694	1	0
vairājīḥ	vairājī	vairāja	ADJ	dcs:714546	1	0
vaiśikām	vaiśikām	vaiśika	ADJ	dcs:568114	1	0
vaiśvadevāyām	vaiśvadevāyām	vaiśvadeva	ADJ	dcs:565291	1	0
vaiśvānarayā	vaiśvānarayā	vaiśvānara	ADJ	dcs:443546	1	0
vaiṣuvatām	vaiṣuvatām	vaiṣuvata	ADJ	dcs:510337	1	0
vaiṣṇavāsu	vaiṣnavāsu	vaiṣṇava	ADJ	dcs:565984	1	0
vajrāsaḥ	vajrāsa	vajra	NOUN	dcs:593471	1	0
vakaḥ	vaka	baka	NOUN	dcs:732965	1	0
vakranālām	vakranālām	vakranāla	NOUN	dcs:360778	1	0
vaneṣāh	vaneṣāh	vaneṣah	ADJ	dcs:610552	1	0
vapuḥsu	vapuḥsu	vapus	NOUN	dcs:358601	1	0
vardhanebhiḥ	vardhanebhi	vardhana	NOUN	dcs:597372	1	0
varuṇasām	varunasām	varuṇasāman	NOUN	dcs:566657	1	0
varākayā	varākayā	varāka	ADJ	dcs:488900	1	0
varīyasam	varīyasam	varīyas	ADJ	dcs:452135	1	0
vedamātryai	vedamātryai	vedamātṛ	NOUN	dcs:542572	1	0
vedīyān	vedīyān	vedīyas	ADJ	dcs:603561	1	0
vemacitriḥ	vemacitri	vemacitrin	NOUN	dcs:655574	1	0
vidradhiyoḥ	vidradhiyo	vidradhi	NOUN	dcs:8000	1	0
vidvasau	vidvasau	vidvas	ADJ	dcs:375316	1	0
vihahlaḥ	vihahla	vihalha	NOUN	dcs:635829	1	0
vismāpanām	vismāpanām	vismāpana	ADJ	dcs:252103	1	0
vitrāsanām	vitrāsanām	vitrāsana	ADJ	dcs:139098	1	0
vivarmaṇau	vivarmanau	vivarman	ADJ	dcs:250335	1	0
viśvāmitrebhiḥ	viśvāmitrebhi	viśvāmitra	NOUN	dcs:596703	1	0
viṣvagjyotīḥ	viṣvagjyotī	viṣvagjyotis	NOUN	dcs:543900	1	0
vyañjanataḥ	vyanjanata	vyañjana	NOUN	dcs:723518	1	0
vyāghrataḥ	vyāghrata	vyāghra	NOUN	dcs:655467	1	0
vāhīkeṣu	vāhīkeṣu	bāhīka	ADJ	dcs:553831	1	0
vāraṇapuṣpām	vāranapuṣpām	vāraṇapuṣpa	NOUN	dcs:308671	1	0
vārdhrābhiḥ	vārdhrābhi	vārdhra	NOUN	dcs:565932	1	0
vārtrāghnau	vārtrāghnau	vārtraghna	ADJ	dcs:469933	1	0
vārttākām	vārttākām	vārttāka	NOUN	dcs:515	1	0
vāruṇāyām	vārunāyām	vāruṇa	ADJ	dcs:429878	1	0
vāsavadattātaḥ	vāsavadattāta	vāsavadattā	NOUN	dcs:617377	1	0
vātataḥ	vātata	vāta	NOUN	dcs:645853	1	0
vāyasām	vāyasām	vāyasa	ADJ	dcs:281803	1	0
vāyavāyām	vāyavāyām	vāyava	ADJ	dcs:100327	1	0
vāṅgām	vāngām	vāṅga	ADJ	dcs:363676	1	0
vīravas	vīravas	vīravat	ADJ	dcs:607641	1	0
vṛkyayoḥ	vṛkyayo	vṛkka	NOUN	dcs:670261	1	0
vṛkṣāsaḥ	vṛkṣāsa	vṛkṣa	NOUN	dcs:647988	1	0
vṛtbhyaḥ	vṛtbhya	vṛt	NOUN	dcs:551796	1	0
vṛttikarām	vṛttikarām	vṛttikara	ADJ	dcs:89954	1	0
yamasvasryāḥ	yamasvasryā	yamasvasṛ	NOUN	dcs:90016	1	0
yamasvasrī	yamasvasrī	yamasvasṛ	NOUN	dcs:22930	1	0
yaugikām	yaugikām	yaugika	ADJ	dcs:578338	1	0
yavīyāṃsaḥ	yavīyānsa	yavīyas	ADJ	dcs:759155	1	0
yaśaskarām	yaśaskarām	yaśaskara	ADJ	dcs:242221	1	0
yojanebhiḥ	yojanebhi	yojana	NOUN	dcs:601824	1	0
yujyāsaḥ	yujyāsa	yujya	ADJ	dcs:611589	1	0
yuvsu	yuvsu	yuvan	NOUN	dcs:562986	1	0
yādṛcchikām	yādṛcchikām	yādṛcchika	ADJ	dcs:488955	1	0
yādṛśābhiḥ	yādṛśābhi	yādṛśa	ADJ	dcs:5851	1	0
yātebhiḥ	yātebhi	yāta	NOUN	dcs:649148	1	0
yāthātmyataḥ	yāthātmyata	yāthātmya	NOUN	dcs:632788	1	0
ābhogataḥ	ābhogata	ābhoga	NOUN	dcs:633013	1	0
ādevāsaḥ	ādevāsa	ādeva	ADJ	dcs:603472	1	0
ādityataḥ	ādityata	āditya	NOUN	dcs:474852	1	0
āghātanā	āghātanā	āghātana	ADJ	dcs:311550	1	0
āhavanīyataḥ	āhavanīyata	āhavanīya	NOUN	dcs:755090	1	0
ājamīḍhāsaḥ	ājamīḍhāsa	ājamīḍha	NOUN	dcs:598858	1	0
āmalakāyām	āmalakāyām	āmalaka	NOUN	dcs:483488	1	0
āmuṣmikām	āmuṣmikām	āmuṣmika	ADJ	dcs:391946	1	0
āpātataḥ	āpātata	āpāta	NOUN	dcs:645853	1	0
ārtniyoḥ	ārtniyo	ārtnī	NOUN	dcs:702975	1	0
āñjasām	ānjasām	āñjasa	ADJ	dcs:487374	1	0
āśvatarām	āśvatarām	āśvatara	ADJ	dcs:421229	1	0
āṅgūṣebhiḥ	āngūṣebhi	āṅgūṣa	NOUN	dcs:598518	1	0
īkṣeṇyāsaḥ	īkṣenyāsa	īkṣeṇya	ADJ	dcs:608483	1	0
īrmataḥ	īrmata	īrma	NOUN	dcs:666085	1	0
śairīṣām	śairīṣām	śairīṣa	ADJ	dcs:579197	1	0
śaktīvas	śaktīvas	śaktīvat	ADJ	dcs:599538	1	0
śamanām	śamanām	śamana	ADJ	dcs:91873	1	0
śamayitrībhiḥ	śamayitrībhi	śamayitṛ	ADJ	dcs:772535	1	0
śatadrvaḥ	śatadrva	śatadru	NOUN	dcs:22942	1	0
śatrūṣāh	śatrūṣāh	śatrūṣah	ADJ	dcs:635433	1	0
śavasānebhiḥ	śavasānebhi	śavasāna	ADJ	dcs:611598	1	0
śiśvaḥ	śiśva	śiśu	NOUN	dcs:594471	1	0
śreṣṭhebhiḥ	śreṣṭhebhi	śreṣṭha	ADJ	dcs:603282	1	0
śuciṣmas	śuciṣmas	śuciṣmat	ADJ	dcs:600622	1	0
śukatuṇḍām	śukatunḍām	śukatuṇḍa	NOUN	dcs:109703	1	0
śunaśśepaḥ	śunaśśepa	śunaḥśepa	NOUN	dcs:736902	1	0
śunāsīrāṇi	śunāsīrāni	śunāsīra	ADJ	dcs:73002	1	0
śvaśruvaḥ	śvaśruva	śvaśrū	NOUN	dcs:436333	1	0
śvānām	śvānām	śvāna	ADJ	dcs:286526	1	0
śvātrāsaḥ	śvātrāsa	śvātra	ADJ	dcs:610259	1	0
śyenebhiḥ	śyenebhi	śyena	NOUN	dcs:603944	1	0
śyetāsaḥ	śyetāsa	śyeta	ADJ	dcs:599592	1	0
śāḍvalavati	śāḍvalavati	śādvalavat	ADJ	dcs:424670	1	0
śūkavṛntābhiḥ	śūkavṛntābhi	śūkavṛnta	NOUN	dcs:11411	1	0
śūraṇāsaḥ	śūranāsa	śūraṇa	ADJ	dcs:595214	1	0
ūmebhiḥ	ūmebhi	ūma	NOUN	dcs:599910	1	0
ūmāsaḥ	ūmāsa	ūma	NOUN	dcs:595360	1	0
ṛbhutaḥ	ṛbhuta	ṛbhu	NOUN	dcs:598723	1	0
ṛjrebhiḥ	ṛjrebhi	ṛjra	ADJ	dcs:594324	1	0
ṛjrāsaḥ	ṛjrāsa	ṛjra	ADJ	dcs:602376	1	0
ṛjvā	ṛjvā	ṛju	ADJ	dcs:40021	1	0
ṛtadhāmn	ṛtadhāmn	ṛtadhāman	NOUN	dcs:301028	1	0
ṣadhasthāt	ṣadhasthāt	sadhastha	NOUN	dcs:599544	1	0
ṣaḍviṃśatyām	ṣaḍvinśatyām	ṣaḍviṃśat	NUM	dcs:521711	1	0
