attested_form	dcs_lemma	dcs_upos	verdict	cell	cell_occ	generator_has	evidence_count	target_locus
tvāt	tva	NOUN	slot-conflict	n.abl.sg	3421	tvasmāt	6853	dcs:479312
rājñ	rājan	NOUN	slot-conflict	m.voc.sg	4332	rājan	5212	dcs:387206
ātma	ātman	NOUN	compound-member		2544		5108	dcs:590053
asmai	idam	PRON	coverage-hole	m.dat.sg	1819		3375	dcs:748682
tasmai	tad	PRON	coverage-hole	m.dat.sg	1667		3228	dcs:479273_1
striyaḥ	strī	NOUN	slot-conflict	f.nom.pl	656	stryaḥ	1434	dcs:483887
śriyaṃ	śrī	NOUN	slot-conflict	f.acc.sg	272	śrīm	1356	dcs:483769
vaiśaṃpāyana	vaiśampāyana	NOUN	slot-conflict	m.nom.sg	912	vaiśampāyanaḥ	1108	dcs:757894
ākhyam	ākhyā	NOUN	coverage-hole	n.nom.sg	287		1036	dcs:479319
satāṃ	sat	ADJ	coverage-hole	m.gen.pl	304		909	dcs:464406
amum	adas	PRON	coverage-hole	m.acc.sg	438		829	dcs:748917
etasmin	etad	PRON	coverage-hole	m.loc.sg	288		784	dcs:748679_2
asme	mad	PRON	lexicon-gap	?.dat.pl	214		756	dcs:650214_5
mahātmā	mahātman	ADJ	coverage-hole	m.nom.sg	369		739	dcs:641926
tasyai	tad	PRON	coverage-hole	f.dat.sg	384		728	dcs:748817
striyaṃ	strī	NOUN	slot-conflict	f.acc.sg	154	strīm	722	dcs:483886
yato	yatas	SCONJ	coverage-hole	m.nom.sg	7		702	dcs:484447
tvāya	tva	NOUN	slot-conflict	n.dat.sg	344	tvasmai	688	dcs:650089_1
āpo	ap	NOUN	coverage-hole	f.nom.pl	497		635	dcs:484621
tamas	tama	NOUN	compound-member		299		617	dcs:75265
imāni	idam	PRON	coverage-hole	n.nom.pl	269		610	dcs:748809
mahātmānaṃ	mahātman	ADJ	coverage-hole	m.acc.sg	249		598	dcs:575023
āsāṃ	idam	PRON	coverage-hole	f.gen.pl	111		594	dcs:651351
śvaḥ	śvas	ADV	indeclinable		96		551	dcs:75340
striyāḥ	strī	NOUN	slot-conflict	f.gen.sg	216	stryāḥ	547	dcs:483887
asmat	mad	PRON	lexicon-gap	?.abl.pl	320		542	dcs:652640_3
tebhiḥ	tad	PRON	coverage-hole	n.instr.pl	336		539	dcs:651869
nāmā	nāman	NOUN	coverage-hole	m.nom.sg	223		536	dcs:749179
aśma	aśman	NOUN	compound-member		245		502	dcs:653042
mahātmānaḥ	mahātman	ADJ	coverage-hole	m.nom.pl	317		471	dcs:89633
asmabhyam	mad	PRON	lexicon-gap	?.dat.pl	229		450	dcs:650687_1
śriyaḥ	śrī	NOUN	slot-conflict	f.gen.sg	100	śryāḥ	424	dcs:483870
plīha	plīhan	NOUN	compound-member		208		416	dcs:465125
amuṣya	adas	PRON	coverage-hole	m.gen.sg	213		411	dcs:650496_3
dhiyā	dhī	NOUN	slot-conflict	f.instr.sg	224	dhyā	393	dcs:748689
dakṣiṇata	dakṣiṇatas	ADV	indeclinable		155		377	dcs:652209
ānanā	ānana	NOUN	coverage-hole	f.nom.sg	91		366	dcs:102983
etasmāt	etad	PRON	coverage-hole	n.abl.sg	112		352	dcs:748656_2
īkṣaṇāḥ	īkṣaṇa	NOUN	coverage-hole	m.nom.pl	32		352	dcs:387207
hem	heman	NOUN	slot-conflict	n.nom.sg	187	hema	339	dcs:37268
amunā	adas	PRON	coverage-hole	m.instr.sg	133		335	dcs:749165
samyaksaṃbodhau	samyaksambodhi	NOUN	slot-conflict	f.loc.sg	153	samyaksambodhau samyaksambodhyām	304	dcs:642000
kasmin	ka	PRON	slot-conflict	m.loc.sg	106	ke	298	dcs:651793
amuṣmai	adas	PRON	coverage-hole	m.dat.sg	167		293	dcs:749165
madhyataḥ	madhya	NOUN	slot-conflict	n.abl.sg	121	madhyāt	290	dcs:748744_1
it	id	PART	coverage-hole	m.nom.sg	21		284	dcs:748856
mūrdha	mūrdhan	NOUN	compound-member		134		268	dcs:465907
samyaksaṃbodhiṃ	samyaksambodhi	NOUN	slot-conflict	f.acc.sg	16	samyaksambodhim	267	dcs:641970
asmāsu	mad	PRON	lexicon-gap	?.loc.pl	159		263	dcs:748883
devāsa	deva	NOUN	slot-conflict	m.voc.pl	22	devāḥ	262	dcs:748691
tattvataḥ	tattva	NOUN	slot-conflict	n.abl.sg	231	tattvāt	259	dcs:555599
svāmi	svāmin	NOUN	compound-member		126		252	dcs:589901
prayatnataḥ	prayatna	NOUN	slot-conflict	m.abl.sg	238	prayatnāt	248	dcs:27539
pṛṣṭhataḥ	pṛṣṭhatas	ADV	coverage-hole	n.abl.sg	19		241	dcs:484962
samyaksaṃbuddhaḥ	samyaksambuddha	ADJ	slot-conflict	m.nom.sg	173	samyaksambuddhaḥ	235	dcs:642266
asmad	mad	PRON	lexicon-gap	?.abl.pl	87		230	dcs:646140
duhitrī	duhitṛ	NOUN	slot-conflict	f.nom.sg	177	duhitā	224	dcs:590561
striyo	strī	NOUN	slot-conflict	f.nom.pl	161	stryaḥ	222	dcs:484561
etasyām	etad	PRON	coverage-hole	f.loc.sg	110		220	dcs:589946
nas	mad	PRON	lexicon-gap	?.gen.pl	75		220	dcs:651466
kasmai	ka	PRON	slot-conflict	m.dat.sg	113	kāya	218	dcs:687541
āyudhāḥ	āyudha	NOUN	coverage-hole	m.nom.pl	85		216	dcs:484741
saṃbhavaḥ	sambhava	NOUN	slot-conflict	m.nom.sg	86	sambhavaḥ	202	dcs:555591
saṃpad	sampad	NOUN	slot-conflict	f.nom.sg	90	sampat	198	dcs:748666_1
vyom	vyoman	NOUN	slot-conflict	n.nom.sg	109	vyoma	194	dcs:590220
dhiyaṃ	dhī	NOUN	slot-conflict	f.acc.sg	52	dhīm	193	dcs:748685
mayāni	maya	ADJ	coverage-hole	n.nom.pl	52		182	dcs:749105
striyāṃ	strī	NOUN	slot-conflict	f.loc.sg	33	stryām	182	dcs:749164
śreyān	śreyas	ADJ	coverage-hole	m.nom.sg	120		180	dcs:650197_2
yatnataḥ	yatnatas	ADV	coverage-hole	m.abl.sg	69		177	dcs:30080
dyāvā	div	NOUN	lexicon-gap	m.nom.du	28		172	dcs:651652
saṃpratiḥ	samprati	NOUN	slot-conflict	m.nom.sg	1	sampratiḥ	171	dcs:590000
abhidhaḥ	abhidhā	NOUN	coverage-hole	m.nom.sg	81		168	dcs:589947
etāsām	etad	PRON	coverage-hole	f.gen.pl	82		164	dcs:650801
anyonyasya	anyonya	PRON	coverage-hole	m.gen.sg	79		160	dcs:651643
nāmataḥ	nāman	NOUN	slot-conflict	n.abl.sg	147	nāmnaḥ	159	dcs:484712
saṃbandhaḥ	sambandha	NOUN	slot-conflict	m.nom.sg	87	sambandhaḥ	155	dcs:67869
saṃpadā	sampad	NOUN	slot-conflict	f.instr.sg	77	sampadā	155	dcs:748865
uttarata	uttaratas	ADV	indeclinable		49		153	dcs:651895
dharmataḥ	dharma	NOUN	slot-conflict	m.abl.sg	136	dharmāt	150	dcs:479338
pratimam	pratimā	NOUN	coverage-hole	m.acc.sg	34		150	dcs:555633
yuvānam	yuvan	ADJ	coverage-hole	m.acc.sg	72		148	dcs:648851
vidvasaḥ	vidvas	ADJ	coverage-hole	m.nom.pl	66		147	dcs:484740
tās	tad	PRON	coverage-hole	f.nom.pl	98		145	dcs:748698
kas	ka	PRON	slot-conflict	m.nom.sg	141	kaḥ	143	dcs:555568
nāmbhiḥ	nāman	NOUN	slot-conflict	n.instr.pl	93	nāmabhiḥ	143	dcs:30991
amūḥ	adas	PRON	coverage-hole	f.nom.pl	42		142	dcs:650763
apekṣaḥ	apekṣā	NOUN	coverage-hole	m.nom.sg	51		140	dcs:59301
etasyai	etad	PRON	coverage-hole	f.dat.sg	71		138	dcs:650856
in	id	PART	coverage-hole	m.nom.sg	2		138	dcs:749330
patraḥ	pattra	NOUN	slot-conflict	m.nom.sg	6	pattraḥ	138	dcs:647742
agrataḥ	agra	NOUN	slot-conflict	n.abl.sg	8	agrāt	137	dcs:647440
etasyā	etad	PRON	coverage-hole	f.gen.sg	20		137	dcs:671009
duhitryāḥ	duhitṛ	NOUN	slot-conflict	f.gen.sg	70	duhituḥ	136	dcs:76237
itaretaram	itaretara	PRON	coverage-hole	m.acc.sg	63		136	dcs:524505
janāsaḥ	jana	NOUN	slot-conflict	m.voc.pl	42	janāḥ	136	dcs:652148
nāmānam	nāman	NOUN	coverage-hole	m.acc.sg	67		134	dcs:649205
śirasam	śiras	NOUN	coverage-hole	m.acc.sg	55		134	dcs:687171
ūṣma	ūṣman	NOUN	compound-member		67		134	dcs:465391
akṣām	akṣa	ADJ	coverage-hole	f.acc.sg	66		132	dcs:574708
patrāṇi	pattra	NOUN	slot-conflict	n.acc.pl	97	pattrāṇi	131	dcs:331708
amuṣyāḥ	adas	PRON	coverage-hole	f.gen.sg	71		130	dcs:646644_2
chatraṃ	chattra	NOUN	slot-conflict	n.acc.sg	61	chattram	130	dcs:76641
vasīyān	vasīyas	ADJ	coverage-hole	m.nom.sg	66		125	dcs:651242
chatra	chattra	NOUN	compound-member		60		124	dcs:465641_1
prabhṛtīni	prabhṛti	NOUN	coverage-hole	n.nom.pl	44		124	dcs:643172
asmāṁ	mad	PRON	lexicon-gap	?.acc.pl	64		122	dcs:646719_2
etasmai	etad	PRON	coverage-hole	m.dat.sg	44		121	dcs:94010
apekṣam	apekṣā	NOUN	coverage-hole	n.nom.sg	44		118	dcs:76556
bhūyān	bhūyas	ADJ	slot-conflict	m.nom.sg	63	bhūyāḥ	118	dcs:748895
patraṃ	pattra	NOUN	slot-conflict	n.nom.sg	46	pattram	115	dcs:506270
divas	div	NOUN	lexicon-gap	m.abl.sg	56		114	dcs:650344
jyāyān	jyāyas	ADJ	slot-conflict	m.nom.sg	68	jyāyāḥ	114	dcs:590575
pitarā	pitṛ	NOUN	slot-conflict	m.acc.du	53	pitarau	113	dcs:651990
vīryau	vīrya	NOUN	coverage-hole	m.nom.du	37		112	dcs:649316
śreyāḥ	śreyas	ADJ	coverage-hole	m.nom.sg	78		112	dcs:589952
āvābhyām	mad	PRON	lexicon-gap	?.instr.du	45		108	dcs:650550_4
sakhāyam	sakhi	NOUN	slot-conflict	m.acc.sg	44	sakhim	107	dcs:650350
mahitvā	mahitva	NOUN	slot-conflict	n.instr.sg	48	mahitvena	106	dcs:748708
vidvasām	vidvas	ADJ	coverage-hole	m.gen.pl	77		106	dcs:97136
bāhuvoḥ	bāhu	NOUN	slot-conflict	m.loc.du	50	bāhvoḥ	105	dcs:76348
bhago	bhaga	NOUN	slot-conflict	m.nom.sg	96	bhagaḥ	104	dcs:590085
mahānti	mahat	ADJ	coverage-hole	n.nom.pl	43		103	dcs:637957
āpas	ap	NOUN	coverage-hole	f.nom.pl	70		103	dcs:652868
samāsataḥ	samāsatas	ADV	coverage-hole	m.abl.sg	11		102	dcs:26613
viśvata	viśvatas	ADV	indeclinable		8		102	dcs:748954
yatrā	yatra	SCONJ	indeclinable		63		102	dcs:649518
devebhiḥ	deva	NOUN	slot-conflict	m.instr.pl	82	devaiḥ	99	dcs:651728
rājbhiḥ	rājan	NOUN	slot-conflict	m.instr.pl	74	rājabhiḥ	99	dcs:577944
rājsu	rājan	NOUN	slot-conflict	m.loc.pl	70	rājasu	99	dcs:87375
saṃbhārān	sambhāra	NOUN	slot-conflict	m.acc.pl	56	sambhārān	99	dcs:639557
svabhāvataḥ	svabhāva	NOUN	slot-conflict	m.abl.sg	83	svabhāvāt	99	dcs:555751
vasvaḥ	vasu	NOUN	slot-conflict	n.gen.sg	45	vasunaḥ	99	dcs:484706
rajo	rajas	NOUN	slot-conflict	n.nom.sg	58	rajaḥ	98	dcs:647558
udakāḥ	udaka	NOUN	coverage-hole	f.nom.pl	18		98	dcs:634877
śriyai	śrī	NOUN	slot-conflict	f.dat.sg	59	śryai	98	dcs:748904
saṃmukhaṃ	sammukha	ADJ	slot-conflict	n.acc.sg	24	sammukham	97	dcs:645498
ahobhiḥ	ahar	NOUN	slot-conflict	n.instr.pl	61	ahārbhiḥ	96	dcs:484504
samyaksaṃbuddhāḥ	samyaksambuddha	ADJ	slot-conflict	m.nom.pl	48	samyaksambuddhāḥ	96	dcs:642263
saṃpadam	sampad	NOUN	slot-conflict	f.acc.sg	49	sampadam	96	dcs:464395
ānanām	ānana	NOUN	coverage-hole	f.acc.sg	48		96	dcs:573102
satvam	sattva	NOUN	slot-conflict	n.nom.sg	6	sattvam	95	dcs:636113
abhidham	abhidhā	NOUN	coverage-hole	n.nom.sg	35		94	dcs:90322
ābharaṇāḥ	ābharaṇa	NOUN	coverage-hole	m.nom.pl	20		94	dcs:89555
garīyāḥ	garīyas	ADJ	coverage-hole	f.nom.sg	54		93	dcs:91963
amūṃ	adas	PRON	coverage-hole	f.acc.sg	18		92	dcs:651647
tvaram	tvarā	NOUN	coverage-hole	n.acc.sg	43		92	dcs:93555
saṃpraiṣaṃ	sampraiṣa	NOUN	slot-conflict	m.acc.sg	3	sampraiṣam	91	dcs:686981
yadī	yadi	SCONJ	indeclinable		59		91	dcs:634017
ekasyām	eka	NUM	coverage-hole	f.loc.sg	45		90	dcs:650255_1
mahātmanau	mahātman	ADJ	coverage-hole	m.nom.du	65		90	dcs:370236
samyaksaṃbuddhasya	samyaksambuddha	ADJ	slot-conflict	m.gen.sg	44	samyaksambuddhasya	90	dcs:642732
vadhvam	vadhū	NOUN	slot-conflict	f.acc.sg	58	vadhūm	89	dcs:648280_1
mahātmānau	mahātman	ADJ	coverage-hole	m.nom.du	64		88	dcs:657855
cin	cit	PART	indeclinable		71		87	dcs:749328
retāḥ	retas	NOUN	coverage-hole	m.nom.sg	36		87	dcs:519179
ākhyena	ākhyā	NOUN	coverage-hole	m.instr.sg	23		86	dcs:583200
mūrdhanā	mūrdhan	NOUN	slot-conflict	m.instr.sg	78	mūrdhnā	85	dcs:29580
bhagavaḥ	bhagavat	ADJ	slot-conflict	m.voc.sg	53	bhagavan	84	dcs:651126
janmā	janman	NOUN	coverage-hole	m.nom.sg	35		84	dcs:634999
mātarā	mātṛ	NOUN	slot-conflict	f.acc.du	24	mātarau	83	dcs:635006
somāsaḥ	soma	NOUN	slot-conflict	m.nom.pl	50	somāḥ	83	dcs:660367
hriyā	hrī	NOUN	slot-conflict	f.instr.sg	39	hryā	82	dcs:102923
āyudhān	āyudha	NOUN	coverage-hole	m.acc.pl	41		82	dcs:484974
saṃbhāra	sambhāra	NOUN	compound-member		26		80	dcs:727910
yuvānaḥ	yuvan	NOUN	coverage-hole	m.nom.pl	46		80	dcs:524191
dūrata	dūratas	ADV	coverage-hole	n.abl.sg	1		78	dcs:644221
sakṛdāgāmi	sakṛdāgāmin	NOUN	compound-member		39		78	dcs:642685
ahaḥsu	ahar	NOUN	slot-conflict	n.loc.pl	39	ahārṣu	76	dcs:652332
arvā	arvan	NOUN	coverage-hole	m.nom.sg	39		76	dcs:634686
tal	tad	PRON	coverage-hole	n.acc.sg	46		76	dcs:650974
īkṣaṇām	īkṣaṇa	NOUN	coverage-hole	f.acc.sg	38		76	dcs:95366
buddhinā	buddhi	NOUN	coverage-hole	m.instr.sg	37		74	dcs:88828
duhitrīm	duhitṛ	NOUN	slot-conflict	f.acc.sg	63	duhitaram	74	dcs:76228
eno	enas	NOUN	slot-conflict	n.acc.sg	34	enaḥ	74	dcs:647045
paraspareṇa	paraspara	PRON	coverage-hole	m.instr.sg	32		74	dcs:99887
patyuḥ	pati	NOUN	slot-conflict	m.gen.sg	60	pateḥ	74	dcs:589910
prabhṛtīn	prabhṛti	NOUN	coverage-hole	m.acc.pl	37		74	dcs:478373
udarāḥ	udara	NOUN	coverage-hole	m.nom.pl	24		74	dcs:29276
śaktitaḥ	śakti	NOUN	slot-conflict	f.abl.sg	29	śakteḥ śaktyāḥ	74	dcs:464875
naum	nau	NOUN	slot-conflict	f.acc.sg	64	nāvam	73	dcs:483796
pārśvataḥ	pārśvatas	ADV	coverage-hole	n.abl.sg	20		73	dcs:656215
svāyām	sva	ADJ	slot-conflict	f.loc.sg	39	svasyām	73	dcs:650591_4
jīvo	jīva	NOUN	slot-conflict	m.nom.sg	70	jīvaḥ	72	dcs:76816
ākhyasya	ākhyā	NOUN	coverage-hole	m.gen.sg	30		72	dcs:574164
svayaṃbhuvā	svayambhu	NOUN	slot-conflict	m.instr.sg	66	svayambhunā	71	dcs:574520
saṃpātān	sampāta	NOUN	slot-conflict	m.acc.pl	35	sampātān	70	dcs:729203
ātmakām	ātmaka	ADJ	coverage-hole	f.acc.sg	35		70	dcs:477813
agnā	agni	NOUN	slot-conflict	m.loc.sg	31	agnau	69	dcs:712080_1
harivas	harivat	ADJ	slot-conflict	m.voc.sg	60	harivan	69	dcs:651129
mūrcchā	mūrchā	NOUN	slot-conflict	f.nom.sg	59	mūrchā	69	dcs:331363
samyaksaṃbuddhānāṃ	samyaksambuddha	ADJ	slot-conflict	m.gen.pl	12	samyaksambuddhānām	68	dcs:644162
amuṣmāt	adas	PRON	coverage-hole	m.abl.sg	39		67	dcs:652154
patyau	pati	NOUN	slot-conflict	m.loc.sg	52	patau	67	dcs:651135
amīṣām	adas	PRON	coverage-hole	m.gen.pl	31		66	dcs:646368_1
amūn	adas	PRON	coverage-hole	m.acc.pl	34		66	dcs:635159_1
anulepanā	anulepana	NOUN	coverage-hole	f.nom.sg	9		66	dcs:477677
saṃbhavam	sambhava	NOUN	slot-conflict	m.acc.sg	30	sambhavam	66	dcs:575267
bhaktitaḥ	bhakti	NOUN	slot-conflict	f.abl.sg	61	bhakteḥ bhaktyāḥ	64	dcs:464274
dyūn	div	NOUN	lexicon-gap	m.acc.pl	33		64	dcs:641380
ekaikasmin	ekaika	PRON	slot-conflict	m.loc.sg	30	ekaike	64	dcs:687858
samyaksaṃbuddhaṃ	samyaksambuddha	ADJ	slot-conflict	m.acc.sg	22	samyaksambuddham	64	dcs:642696
viśvebhiḥ	viśva	ADJ	slot-conflict	m.instr.pl	39	viśvaiḥ	64	dcs:650422
ūdhar	ūdhas	NOUN	slot-conflict	n.nom.sg	21	ūdhaḥ	64	dcs:749420
adrivas	adrivat	ADJ	slot-conflict	m.voc.sg	52	adrivan	63	dcs:666302
kanīyāḥ	kanīyas	ADJ	coverage-hole	m.nom.sg	40		62	dcs:484968
yujam	yuj	ADJ	slot-conflict	m.acc.sg	29	yuñjam	62	dcs:182311
prātassavanaṃ	prātaḥsavana	NOUN	slot-conflict	n.nom.sg	10	prātaḥsavanam	61	dcs:709298
ūruvoḥ	ūru	NOUN	slot-conflict	m.gen.du	23	ūrvoḥ	60	dcs:30386
satre	sattra	NOUN	slot-conflict	n.loc.sg	43	sattre	59	dcs:652950
savitaḥ	savitṛ	NOUN	slot-conflict	m.voc.sg	57	savitar	59	dcs:650344
saṃpadaḥ	sampad	NOUN	slot-conflict	f.nom.pl	15	sampadaḥ	59	dcs:645483
ekasyā	eka	NUM	coverage-hole	f.gen.sg	14		58	dcs:102880
kāmataḥ	kāmatas	ADV	coverage-hole	m.abl.sg	34		58	dcs:27653
aśvāsaḥ	aśva	NOUN	slot-conflict	m.nom.pl	30	aśvāḥ	56	dcs:648685
naś	mad	PRON	lexicon-gap	?.dat.pl	28		56	dcs:651329
ānupūrvayā	ānupūrva	NOUN	coverage-hole	f.instr.sg	33		56	dcs:590165
kanīyān	kanīyas	ADJ	coverage-hole	m.nom.sg	39		55	dcs:519849
madhumāṁ	madhumat	ADJ	slot-conflict	m.nom.sg	27	madhumān	55	dcs:651262
achāvākaḥ	acchāvāka	NOUN	slot-conflict	m.nom.sg	22	acchāvākaḥ	54	dcs:650883
anyonyena	anyonya	PRON	coverage-hole	m.instr.sg	24		54	dcs:569083_1
ima	idam	PRON	slot-conflict	m.nom.pl	43	ime	54	dcs:651621
vyacāḥ	vyacas	NOUN	coverage-hole	m.nom.sg	20		54	dcs:647714
mittraṃ	mitra	NOUN	slot-conflict	n.nom.sg	10	mitram	53	dcs:583384
samyaksaṃbodheḥ	samyaksambodhi	NOUN	slot-conflict	f.gen.sg	25	samyaksambodheḥ samyaksambodhyāḥ	53	dcs:643440
samīpataḥ	samīpa	NOUN	slot-conflict	n.abl.sg	13	samīpāt	53	dcs:440541
vidvobhiḥ	vidvas	ADJ	coverage-hole	m.instr.pl	41		53	dcs:90217
vṛdhaḥ	vṛdh	ADJ	lexicon-gap	m.nom.sg	24		53	dcs:637377
yajñiyāsaḥ	yajñiya	ADJ	slot-conflict	m.nom.pl	26	yajñiyāḥ	53	dcs:648736
ādityāsaḥ	āditya	NOUN	slot-conflict	m.nom.pl	20	ādityāḥ	53	dcs:651183
darśanām	darśana	NOUN	coverage-hole	f.acc.sg	26		52	dcs:38304
dogdhā	dogdhṛ	ADJ	coverage-hole	m.nom.sg	26		52	dcs:586598
dvārām	dvāra	NOUN	coverage-hole	f.acc.sg	26		52	dcs:465162
kiyantam	kiyat	ADJ	coverage-hole	m.acc.sg	26		52	dcs:687479
līlam	līlā	NOUN	coverage-hole	n.acc.sg	24		52	dcs:89429
parasparasya	paraspara	PRON	coverage-hole	m.gen.sg	26		52	dcs:629959
saṃbādha	sambādha	NOUN	compound-member		24		52	dcs:638361
spṛhaḥ	spṛhā	NOUN	coverage-hole	m.nom.sg	26		52	dcs:555876
svataḥ	svatas	ADV	coverage-hole	n.abl.sg	3		52	dcs:555567
saṃbhārā	sambhāra	NOUN	slot-conflict	m.nom.pl	7	sambhārāḥ	51	dcs:638037
brahmaṇas	brahman	NOUN	slot-conflict	m.gen.sg	26	brahmaṇaḥ	50	dcs:687038
daśam	daśā	NOUN	coverage-hole	n.acc.sg	24		50	dcs:670615
maghonām	maghavan	NOUN	slot-conflict	m.gen.pl	25	maghavnām	50	dcs:554690
somyāsa	somya	ADJ	slot-conflict	m.nom.pl	2	somyāḥ	50	dcs:651255
graho	graha	NOUN	slot-conflict	m.nom.sg	43	grahaḥ	49	dcs:650808
maghonaḥ	maghavan	ADJ	slot-conflict	m.gen.sg	17	maghavnaḥ	49	dcs:641408
striyau	strī	NOUN	slot-conflict	f.nom.du	23	stryau	49	dcs:75497
arthām	artha	NOUN	coverage-hole	f.acc.sg	24		48	dcs:644521
daṃpatī	dampati	NOUN	slot-conflict	m.nom.du	24	dampatī	48	dcs:76248
gandhāśma	gandhāśman	NOUN	compound-member		24		48	dcs:427243
saṃpadām	sampad	NOUN	slot-conflict	f.gen.pl	26	sampadām	48	dcs:576121
trāmāṇam	trāman	NOUN	coverage-hole	f.acc.sg	18		48	dcs:650165_5
bhūyasyā	bhūyas	ADJ	slot-conflict	f.instr.sg	24	bhūyasā	47	dcs:642148
hotārā	hotṛ	NOUN	slot-conflict	m.acc.du	13	hotārau	47	dcs:650561
pramāṇataḥ	pramāṇa	NOUN	slot-conflict	n.abl.sg	39	pramāṇāt	47	dcs:99544
prātassavane	prātaḥsavana	NOUN	slot-conflict	n.loc.sg	25	prātaḥsavane	47	dcs:709312
sārddhaṃ	sārdham	ADV	indeclinable		44		47	dcs:331975
yonā	yoni	NOUN	slot-conflict	m.loc.sg	17	yonau	47	dcs:638245
devataḥ	devatā	NOUN	coverage-hole	m.nom.sg	19		46	dcs:650045_1
kratve	kratu	NOUN	slot-conflict	m.dat.sg	23	kratave	46	dcs:649049
yajīyān	yajīyas	ADJ	coverage-hole	m.nom.sg	23		46	dcs:652645_3
śaṃbhuḥ	śambhu	NOUN	slot-conflict	m.nom.sg	23	śambhuḥ	46	dcs:589943
sakhyuḥ	sakhi	NOUN	slot-conflict	m.gen.sg	29	sakheḥ	45	dcs:589912
śriyo	śrī	NOUN	slot-conflict	f.gen.sg	28	śryāḥ	45	dcs:652045
śāstrataḥ	śāstra	NOUN	slot-conflict	n.abl.sg	41	śāstrāt	45	dcs:76517
saṃpuṭe	sampuṭa	NOUN	slot-conflict	m.loc.sg	42	sampuṭe	44	dcs:393296
svayaṃbhūḥ	svayambhu	NOUN	slot-conflict	m.nom.sg	31	svayambhuḥ	44	dcs:590316
vartmā	vartman	NOUN	coverage-hole	m.nom.sg	21		44	dcs:647623
viprāsa	vipra	NOUN	slot-conflict	m.nom.pl	4	viprāḥ	44	dcs:640679
yavīyāḥ	yavīyas	ADJ	coverage-hole	m.nom.sg	31		44	dcs:488119
yogataḥ	yoga	NOUN	slot-conflict	m.abl.sg	30	yogāt	44	dcs:584240
dadhinas	dadhi	NOUN	slot-conflict	n.gen.sg	35	dadhinaḥ	43	dcs:506124
paraṃparām	paramparā	NOUN	slot-conflict	f.acc.sg	22	paramparām	43	dcs:641945
uṣāsā	uṣas	NOUN	slot-conflict	f.acc.du	10	uṣasau	43	dcs:648877
vārtā	vārttā	NOUN	slot-conflict	f.nom.sg	28	vārttā	43	dcs:590414
āpriyaḥ	āprī	NOUN	slot-conflict	f.nom.pl	24	āpryaḥ	43	dcs:650552
śaṃbho	śambhu	NOUN	slot-conflict	m.voc.sg	4	śambho	43	dcs:584823
achidreṇa	acchidra	ADJ	slot-conflict	n.instr.sg	17	acchidreṇa	42	dcs:651099
jyotīḥ	jyotis	NOUN	slot-conflict	m.nom.sg	15	jyotiḥ	42	dcs:90804
saṃpraiṣa	sampraiṣa	NOUN	compound-member		13		42	dcs:686982
vṛṣo	vṛṣa	NOUN	slot-conflict	m.nom.sg	39	vṛṣaḥ	42	dcs:589988
chatraiḥ	chattra	NOUN	slot-conflict	n.instr.pl	21	chattraiḥ	41	dcs:644114
iyān	iyat	ADJ	coverage-hole	m.nom.sg	20		41	dcs:650673_7
vidvasā	vidvas	ADJ	coverage-hole	m.instr.sg	31		41	dcs:35747
viśas	viś	NOUN	slot-conflict	f.nom.pl	34	viśaḥ	41	dcs:647099
aṅgulām	aṅgula	NOUN	coverage-hole	f.acc.sg	20		40	dcs:28936
dampatiyoḥ	dampati	NOUN	slot-conflict	m.gen.du	33	dampatyoḥ	40	dcs:102874
dhairyāḥ	dhairya	NOUN	coverage-hole	m.nom.pl	19		40	dcs:641980
janimā	janiman	NOUN	slot-conflict	n.acc.pl	13	janimāni	40	dcs:646215
kan	ka	PRON	slot-conflict	m.nom.sg	13	kaḥ	40	dcs:652384
paramasyāṃ	parama	ADJ	coverage-hole	f.loc.sg	7		40	dcs:646913
saṃbandhaṃ	sambandha	NOUN	slot-conflict	m.acc.sg	14	sambandham	40	dcs:615326
sāmataḥ	sāman	NOUN	slot-conflict	n.abl.sg	25	sāmnaḥ	40	dcs:749127
tanuvam	tanū	NOUN	slot-conflict	f.acc.sg	20	tanūm	40	dcs:669430_1
tanuvā	tanū	NOUN	slot-conflict	f.instr.sg	17	tanvā	40	dcs:669709
tṛtīyasyāṃ	tṛtīya	ADJ	coverage-hole	f.loc.sg	6		40	dcs:464587
upadhāt	upadhā	NOUN	coverage-hole	m.abl.sg	18		40	dcs:551652
vegām	vega	NOUN	coverage-hole	f.acc.sg	20		40	dcs:31269
vārtāṃ	vārttā	NOUN	slot-conflict	f.acc.sg	11	vārttām	40	dcs:88359
śāśvatām	śāśvata	ADJ	coverage-hole	f.acc.sg	38		40	dcs:583724
aprayucchan	aprayucchat	ADJ	slot-conflict	m.nom.sg	22	aprayucchat	39	dcs:650434_1
avāc	ava	NOUN	compound-member		18		39	dcs:555420
ekasmāt	eka	NUM	slot-conflict	n.abl.sg	20	ekāt	39	dcs:331199
maghonī	maghavan	ADJ	coverage-hole	f.nom.sg	19		39	dcs:474336
saṃbhrama	sambhrama	NOUN	compound-member		9		39	dcs:657390
viśuddhitaḥ	viśuddhi	NOUN	slot-conflict	f.abl.sg	20	viśuddheḥ viśuddhyāḥ	39	dcs:645091
amuṣyai	adas	PRON	coverage-hole	f.dat.sg	22		38	dcs:435155
ayāsi	ayās	ADJ	coverage-hole	m.loc.sg	21		38	dcs:669716
datraḥ	dattra	NOUN	coverage-hole	m.nom.sg	15		38	dcs:649064
nāsaḥ	nāsā	NOUN	coverage-hole	m.nom.sg	19		38	dcs:643265
padām	pada	NOUN	coverage-hole	f.acc.sg	16		38	dcs:650923
saṃpātam	sampāta	NOUN	slot-conflict	m.acc.sg	22	sampātam	38	dcs:728828
stomebhiḥ	stoma	NOUN	slot-conflict	m.instr.pl	29	stomaiḥ	38	dcs:651520
vaktrām	vaktra	NOUN	coverage-hole	f.acc.sg	19		38	dcs:568401
yajuṣṭaḥ	yajus	NOUN	slot-conflict	n.abl.sg	16	yajuṣaḥ	38	dcs:652168
yuvānā	yuvan	ADJ	coverage-hole	m.nom.du	8		38	dcs:651990
ākhyaiḥ	ākhyā	NOUN	coverage-hole	m.instr.pl	17		38	dcs:28472
śaṃbhunā	śambhu	NOUN	slot-conflict	m.instr.sg	31	śambhunā	38	dcs:766304
bhūyāṃsaṃ	bhūyas	ADJ	slot-conflict	m.acc.sg	16	bhūyasam	37	dcs:652536
dhūr	dhū	NOUN	lexicon-gap	f.nom.sg	23		37	dcs:671381
kiyantaḥ	kiyat	ADJ	coverage-hole	m.nom.pl	28		37	dcs:644098
paramārthataḥ	paramārtha	NOUN	slot-conflict	m.abl.sg	33	paramārthāt	37	dcs:555955
svayaṃbhuva	svayambhu	NOUN	slot-conflict	m.dat.sg	1	svayambhave	37	dcs:520396
vyāhṛtībhiḥ	vyāhṛti	NOUN	slot-conflict	f.instr.pl	26	vyāhṛtibhiḥ	37	dcs:436450_1
vīryān	vīrya	NOUN	coverage-hole	m.acc.pl	18		37	dcs:39990
aṅgīm	aṅga	ADJ	coverage-hole	f.acc.sg	18		36	dcs:94837
rājānā	rājan	NOUN	slot-conflict	m.nom.du	8	rājānau	36	dcs:686750
vaḍavā	vaḍabā	NOUN	slot-conflict	f.nom.sg	19	vaḍabā	36	dcs:76670
āyasām	āyasa	ADJ	coverage-hole	f.acc.sg	21		36	dcs:36436
ṛkta	ṛc	NOUN	slot-conflict	f.abl.sg	6	ṛcaḥ	36	dcs:652168
amuṣyām	adas	PRON	coverage-hole	f.loc.sg	19		35	dcs:651648
atichandāḥ	aticchandas	NOUN	slot-conflict	f.nom.sg	18	aticchandāḥ	35	dcs:651860
gāyatriyā	gāyatrī	NOUN	slot-conflict	f.instr.sg	14	gāyatryā	35	dcs:377621
martāsa	marta	NOUN	slot-conflict	m.nom.pl	7	martāḥ	35	dcs:639759
mūrdhanaḥ	mūrdhan	NOUN	slot-conflict	m.gen.sg	14	mūrdhnaḥ	35	dcs:31129
uc	ud	ADP	lexicon-gap	m.nom.sg	8		35	dcs:650987
vidvase	vidvas	ADJ	coverage-hole	m.dat.sg	22		35	dcs:570690
śīrṣata	śīrṣa	NOUN	slot-conflict	n.abl.sg	6	śīrṣāt	35	dcs:649888
abhidhānā	abhidhāna	NOUN	coverage-hole	f.nom.sg	11		34	dcs:30008
avajñam	avajñā	NOUN	coverage-hole	n.acc.sg	15		34	dcs:577991
aṅgulāni	aṅgula	NOUN	coverage-hole	n.nom.pl	9		34	dcs:29202
marutvāṁ	marutvat	ADJ	slot-conflict	m.nom.sg	17	marutvān	34	dcs:748727_1
mittra	mitra	NOUN	compound-member		11		34	dcs:613944
mṛtyunaḥ	mṛtyu	NOUN	slot-conflict	m.gen.sg	17	mṛtyoḥ	34	dcs:641955
narāṃ	nṛ	NOUN	slot-conflict	m.gen.pl	9	nṛṇām nṝṇām	34	dcs:716440
niṣ	niḥ	ADP	indeclinable		27		34	dcs:646374
parijmā	parijman	ADJ	coverage-hole	m.nom.sg	17		34	dcs:636713
pūrvakām	pūrvaka	ADJ	coverage-hole	f.acc.sg	17		34	dcs:331292
tanuvaḥ	tanū	NOUN	slot-conflict	f.nom.pl	18	tanvaḥ	34	dcs:670210_1
yuktitaḥ	yukti	NOUN	slot-conflict	f.abl.sg	26	yukteḥ yuktyāḥ	34	dcs:26819
ākhyau	ākhyā	NOUN	coverage-hole	m.nom.du	14		34	dcs:551800
ṣmā	sma	PART	indeclinable		27		34	dcs:641398
garīyān	garīyas	ADJ	coverage-hole	m.nom.sg	25		33	dcs:27291
japoḥ	jap	NOUN	lexicon-gap	m.gen.du	2		33	dcs:552338
mūlataḥ	mūla	NOUN	slot-conflict	n.abl.sg	19	mūlāt	33	dcs:29743
satra	sattra	NOUN	compound-member		16		33	dcs:651892
saṃbandhī	sambandhin	ADJ	slot-conflict	m.nom.sg	26	sambandhī	33	dcs:584087
striyai	strī	NOUN	coverage-hole	?.dat.sg	8		33	dcs:748894
amo	ama	NOUN	slot-conflict	m.nom.sg	29	amaḥ	32	dcs:651146
bhūyāṃsaḥ	bhūyas	ADJ	slot-conflict	m.nom.pl	25	bhūyasaḥ	32	dcs:651187
mahima	mahiman	NOUN	compound-member		16		32	dcs:89417
mīḍhva	mīḍhvas	ADJ	slot-conflict	m.voc.sg	1	mīḍhvan	32	dcs:651822
pratyayāni	pratyaya	NOUN	coverage-hole	n.nom.pl	16		32	dcs:642689
samyaksaṃbuddhena	samyaksambuddha	ADJ	slot-conflict	m.instr.sg	16	samyaksambuddhena	32	dcs:642901
stanām	stana	NOUN	coverage-hole	f.acc.sg	16		32	dcs:91745
vedasam	vedas	NOUN	coverage-hole	m.acc.sg	15		32	dcs:651953
vicārataḥ	vicāra	NOUN	slot-conflict	m.abl.sg	26	vicārāt	32	dcs:99051
yavīyān	yavīyas	ADJ	coverage-hole	m.nom.sg	27		32	dcs:490303
āyudhau	āyudha	NOUN	coverage-hole	m.nom.du	11		32	dcs:647040
amṛtāsaḥ	amṛta	ADJ	slot-conflict	m.nom.pl	17	amṛtāḥ	31	dcs:647327_1
ekasmai	eka	NUM	slot-conflict	m.dat.sg	18	ekāya	31	dcs:749453
guṇāni	guṇa	NOUN	coverage-hole	n.nom.pl	10		31	dcs:180949
maghāni	magha	NOUN	coverage-hole	n.acc.pl	15		31	dcs:597018
mantrataḥ	mantra	NOUN	slot-conflict	m.abl.sg	18	mantrāt	31	dcs:645592
prasādataḥ	prasāda	NOUN	slot-conflict	m.abl.sg	28	prasādāt	31	dcs:98411
putrāsaḥ	putra	NOUN	slot-conflict	m.nom.pl	22	putrāḥ	31	dcs:687773
saṃbandhi	sambandhin	ADJ	compound-member		11		31	dcs:642065
sāmbhiḥ	sāman	NOUN	slot-conflict	n.instr.pl	20	sāmabhiḥ	31	dcs:486233
uṣāsaḥ	uṣas	NOUN	slot-conflict	f.nom.pl	12	uṣasaḥ	31	dcs:647526
dhiyām	dhī	NOUN	coverage-hole	m.gen.pl	7		30	dcs:89172
ekaikasyāṃ	ekaika	PRON	coverage-hole	f.loc.sg	11		30	dcs:642998
kanīyāṃsam	kanīyas	ADJ	coverage-hole	m.acc.sg	13		30	dcs:651902_4
kṛtavarma	kṛtavarman	NOUN	compound-member		15		30	dcs:577003
māno	māna	NOUN	slot-conflict	m.nom.sg	27	mānaḥ	30	dcs:687540
mūtrāḥ	mūtra	NOUN	coverage-hole	m.nom.pl	13		30	dcs:35520
paśvaḥ	paśu	NOUN	slot-conflict	m.gen.sg	12	paśoḥ	30	dcs:636711
puruspṛham	puruspṛh	ADJ	coverage-hole	m.acc.sg	15		30	dcs:592887
rom	roman	NOUN	slot-conflict	n.nom.sg	10	roma	30	dcs:76372
svadhāvas	svadhāvat	ADJ	slot-conflict	m.voc.sg	29	svadhāvan	30	dcs:647683
un	ud	ADP	indeclinable		24		30	dcs:651255
vyacasam	vyacas	NOUN	coverage-hole	m.acc.sg	13		30	dcs:641669
ātmanau	ātman	NOUN	slot-conflict	m.nom.du	10	ātmānau	30	dcs:174310
pradhānataḥ	pradhāna	NOUN	slot-conflict	n.abl.sg	21	pradhānāt	29	dcs:519134
tamasas	tamas	NOUN	slot-conflict	n.abl.sg	19	tamasaḥ	29	dcs:647755
yathārhataḥ	yathārha	ADJ	slot-conflict	n.abl.sg	18	yathārhāt	29	dcs:40705
śirasta	śiras	NOUN	slot-conflict	n.abl.sg	5	śirasaḥ	29	dcs:435223
ayāsaḥ	ayās	ADJ	coverage-hole	m.nom.pl	10		28	dcs:687713
aṃśukā	aṃśuka	NOUN	coverage-hole	f.nom.sg	13		28	dcs:38565
chandasam	chandas	NOUN	coverage-hole	m.acc.sg	6		28	dcs:651056
nidraḥ	nidrā	NOUN	coverage-hole	m.nom.sg	14		28	dcs:484297
padoḥ	pad	NOUN	lexicon-gap	m.loc.du	5		28	dcs:648541_1
rādhasam	rādhas	NOUN	coverage-hole	m.acc.sg	14		28	dcs:752987_2
udā	uda	NOUN	coverage-hole	f.nom.sg	7		28	dcs:440527
vājebhiḥ	vāja	NOUN	slot-conflict	m.instr.pl	23	vājaiḥ	28	dcs:705724
vājāṁ	vāja	NOUN	slot-conflict	m.acc.pl	14	vājān	28	dcs:652903
vīrāsaḥ	vīra	NOUN	slot-conflict	m.nom.pl	14	vīrāḥ	28	dcs:648704
śīrṣāṇam	śīrṣan	NOUN	coverage-hole	m.acc.sg	14		28	dcs:484092
brāhmām	brāhma	ADJ	coverage-hole	f.acc.sg	25		27	dcs:483839
dhīrāsaḥ	dhīra	ADJ	slot-conflict	m.nom.pl	16	dhīrāḥ	27	dcs:650537_1
dvitīyasyāṃ	dvitīya	ADJ	coverage-hole	f.loc.sg	9		27	dcs:464587
prem	preman	NOUN	slot-conflict	n.nom.sg	15	prema	27	dcs:102903
rudrebhiḥ	rudra	NOUN	slot-conflict	m.instr.pl	19	rudraiḥ	27	dcs:648720
rāyas	rai	NOUN	slot-conflict	m.gen.sg	26	rāyaḥ	27	dcs:652055
saṃpattiḥ	sampatti	NOUN	slot-conflict	f.nom.sg	6	sampattiḥ	27	dcs:76741
upāyataḥ	upāya	NOUN	slot-conflict	m.abl.sg	15	upāyāt	27	dcs:521987
vidvasam	vidvas	ADJ	coverage-hole	m.acc.sg	21		27	dcs:570620_1
ārto	ārta	ADJ	slot-conflict	m.nom.sg	21	ārtaḥ	27	dcs:92424
adhiṣṭhānāḥ	adhiṣṭhāna	NOUN	coverage-hole	m.nom.pl	4		26	dcs:42685
akṣāyāḥ	akṣa	ADJ	coverage-hole	f.gen.sg	13		26	dcs:487768
aśram	asra	NOUN	slot-conflict	m.acc.sg	5	asram	26	dcs:520393
aṃśāni	aṃśa	NOUN	coverage-hole	n.acc.pl	7		26	dcs:33288
bastiḥ	vasti	NOUN	slot-conflict	m.nom.sg	19	vastiḥ	26	dcs:549934
bhāñji	bhāj	ADJ	coverage-hole	n.nom.pl	8		26	dcs:581442
devatam	devatā	NOUN	coverage-hole	n.nom.sg	7		26	dcs:727683
duṣvapnyam	duḥṣvapnya	NOUN	slot-conflict	n.acc.sg	11	duḥṣvapnyam	26	dcs:646950_1
kasyām	ka	PRON	coverage-hole	f.loc.sg	13		26	dcs:527056
kiyān	kiyat	ADJ	coverage-hole	m.nom.sg	13		26	dcs:33970
lakṣmāṇam	lakṣman	NOUN	coverage-hole	f.acc.sg	9		26	dcs:737320
maghavn	maghavan	NOUN	slot-conflict	m.voc.sg	20	maghavan	26	dcs:473833_1
mūrcchāṃ	mūrchā	NOUN	slot-conflict	f.acc.sg	19	mūrchām	26	dcs:59130
nāsam	nāsā	NOUN	coverage-hole	m.acc.sg	9		26	dcs:484245
prajñācakṣūḥ	prajñācakṣus	NOUN	slot-conflict	m.nom.sg	20	prajñācakṣuḥ	26	dcs:575081
rākṣasām	rākṣasa	NOUN	coverage-hole	f.acc.sg	21		26	dcs:522219
saṃbhāram	sambhāra	NOUN	slot-conflict	m.acc.sg	10	sambhāram	26	dcs:669917
saṃbodhi	sambodhi	NOUN	compound-member		11		26	dcs:644694
saṃmanasaḥ	sammanas	ADJ	slot-conflict	m.nom.pl	7	sammanasaḥ	26	dcs:647725
spṛham	spṛhā	NOUN	coverage-hole	n.acc.sg	8		26	dcs:585009
āyatanā	āyatana	NOUN	coverage-hole	f.nom.sg	6		26	dcs:748939
agruvaḥ	agru	ADJ	coverage-hole	f.nom.pl	10		25	dcs:646609_1
dhenvaḥ	dhenu	NOUN	slot-conflict	f.gen.sg	18	dhenoḥ dhenvāḥ	25	dcs:466181
jyāyāṃsaṃ	jyāyas	ADJ	slot-conflict	m.acc.sg	5	jyāyasam	25	dcs:662425
patnayaḥ	patnī	NOUN	slot-conflict	f.nom.pl	15	patnyaḥ	25	dcs:672912
saṃbhramam	sambhrama	NOUN	slot-conflict	n.acc.sg	8	sambhramam	25	dcs:580728
valagān	valaga	NOUN	coverage-hole	m.acc.pl	12		25	dcs:675228
śubhas	śubh	NOUN	slot-conflict	f.gen.sg	21	śubhaḥ	25	dcs:636160
apāt	apa	NOUN	coverage-hole	m.abl.sg	4		24	dcs:590436
aṣṭāpadī	aṣṭāpada	ADJ	coverage-hole	f.nom.sg	10		24	dcs:687169
bodhisatvāḥ	bodhisattva	NOUN	slot-conflict	m.nom.pl	12	bodhisattvāḥ	24	dcs:365006
ekatamam	ekatama	ADJ	coverage-hole	n.acc.sg	5		24	dcs:386339
haviṣam	havis	NOUN	coverage-hole	f.acc.sg	11		24	dcs:687902
kuvit	kuvid	PART	compound-member		1		24	dcs:647454
nāmānaḥ	nāman	NOUN	coverage-hole	m.nom.pl	12		24	dcs:650817
parvā	parvan	NOUN	coverage-hole	m.nom.sg	7		24	dcs:640229
patrāḥ	pattra	NOUN	coverage-hole	f.nom.pl	8		24	dcs:648866
peśasam	peśas	NOUN	coverage-hole	m.acc.sg	6		24	dcs:649688
pūjanām	pūjanī	NOUN	slot-conflict	f.acc.sg	12	pūjanīm	24	dcs:644096
sahasas	sahas	NOUN	slot-conflict	n.gen.sg	13	sahasaḥ	24	dcs:649527
samyaksaṃbodhaye	samyaksambodhi	NOUN	slot-conflict	f.dat.sg	12	samyaksambodhaye samyaksambodhyai	24	dcs:644705
satreṣu	sattra	NOUN	slot-conflict	n.loc.pl	14	sattreṣu	24	dcs:749568
saṃbandhāt	sambandha	NOUN	slot-conflict	m.abl.sg	13	sambandhāt	24	dcs:98937
stambho	stambha	NOUN	slot-conflict	m.nom.sg	22	stambhaḥ	24	dcs:590504
udām	uda	NOUN	coverage-hole	f.acc.sg	12		24	dcs:197686
ukthebhiḥ	uktha	NOUN	slot-conflict	n.instr.pl	15	ukthaiḥ	24	dcs:742765
vasanau	vasana	NOUN	coverage-hole	m.nom.du	12		24	dcs:473812_1
vṛdham	vṛdh	ADJ	lexicon-gap	m.acc.sg	10		24	dcs:647549
yajani	yajana	ADJ	coverage-hole	f.voc.sg	12		24	dcs:437397
ārttim	ārti	NOUN	slot-conflict	f.acc.sg	12	ārtim	24	dcs:687908
āsthaḥ	āsthā	NOUN	coverage-hole	m.nom.sg	11		24	dcs:477537
śaṃbhave	śambhu	NOUN	slot-conflict	m.dat.sg	21	śambhave	24	dcs:624776
adevīḥ	adeva	ADJ	coverage-hole	f.acc.pl	13		23	dcs:652590
anyonyasmin	anyonya	PRON	coverage-hole	m.loc.sg	10		23	dcs:651214
bhūyasīm	bhūyas	ADJ	slot-conflict	f.acc.sg	11	bhūyasam	23	dcs:641772
pāma	pāman	NOUN	compound-member		11		23	dcs:76278
saṃbandhe	sambandha	NOUN	slot-conflict	m.loc.sg	14	sambandhe	23	dcs:169508
saṃmoham	sammoha	NOUN	slot-conflict	m.acc.sg	10	sammoham	23	dcs:570303
bodhisatva	bodhisattva	NOUN	slot-conflict	m.nom.sg	2	bodhisattvaḥ	22	dcs:667749
bodhisatvena	bodhisattva	NOUN	slot-conflict	m.instr.sg	11	bodhisattvena	22	dcs:365006
bṛṃhaṇī	bṛṃhaṇa	ADJ	coverage-hole	f.nom.sg	19		22	dcs:27184
dvīpām	dvīpa	NOUN	coverage-hole	f.acc.sg	11		22	dcs:521379
iṣṭaka	iṣṭakā	NOUN	compound-member		3		22	dcs:737344
iṣṭakān	iṣṭakā	NOUN	coverage-hole	m.acc.pl	11		22	dcs:503665
kathaḥ	kathā	NOUN	coverage-hole	m.nom.sg	11		22	dcs:88039
marmā	marman	NOUN	coverage-hole	m.nom.sg	11		22	dcs:487867
mātṛtaḥ	mātṛ	NOUN	slot-conflict	m.abl.sg	15	mātuḥ	22	dcs:63011
mūrdhajām	mūrdhaja	NOUN	coverage-hole	f.acc.sg	11		22	dcs:527847
naavaḥ	nau	NOUN	slot-conflict	f.nom.pl	17	nāvaḥ	22	dcs:75581
nyāyataḥ	nyāya	NOUN	slot-conflict	m.abl.sg	16	nyāyāt	22	dcs:575729
nāmnau	nāman	NOUN	coverage-hole	m.nom.du	10		22	dcs:528841
parvāṇaḥ	parvan	NOUN	coverage-hole	m.nom.pl	11		22	dcs:40959
patre	pattra	NOUN	slot-conflict	n.loc.sg	11	pattre	22	dcs:552296
saṃbahulāḥ	sambahula	ADJ	slot-conflict	m.nom.pl	11	sambahulāḥ	22	dcs:654985
saṃkhyebhiḥ	saṃkhyā	NOUN	coverage-hole	n.instr.pl	11		22	dcs:36353
saṃpraiṣau	sampraiṣa	NOUN	slot-conflict	m.nom.du	10	sampraiṣau	22	dcs:746944
svavāṁ	svavat	ADJ	slot-conflict	m.nom.sg	11	svavān	22	dcs:637119
uṣāsaṃ	uṣas	NOUN	slot-conflict	f.acc.sg	1	uṣasam	22	dcs:648650
varṇataḥ	varṇa	NOUN	slot-conflict	m.abl.sg	19	varṇāt	22	dcs:506292
vāmataḥ	vāmatas	ADV	coverage-hole	n.abl.sg	2		22	dcs:465946
vārṣikām	vārṣika	ADJ	coverage-hole	f.acc.sg	12		22	dcs:452798
āūm	oṃ	INTJ	indeclinable		11		22	dcs:628962_1
īkṣaṇau	īkṣaṇa	NOUN	coverage-hole	m.nom.du	10		22	dcs:92419
śaṃbhuṃ	śambhu	NOUN	slot-conflict	m.acc.sg	15	śambhum	22	dcs:759315
dadhani	dadhi	NOUN	slot-conflict	n.loc.sg	11	dadhini	21	dcs:687691
devānt	deva	NOUN	slot-conflict	m.acc.pl	20	devān	21	dcs:638853
ekāntataḥ	ekānta	NOUN	slot-conflict	m.abl.sg	4	ekāntāt	21	dcs:87226
haviṣmāṁ	haviṣmat	ADJ	slot-conflict	m.nom.sg	10	haviṣmān	21	dcs:671171
kāñcanām	kāñcana	ADJ	coverage-hole	f.acc.sg	19		21	dcs:585034
niyogataḥ	niyoga	NOUN	slot-conflict	m.abl.sg	18	niyogāt	21	dcs:98717
parvatāsaḥ	parvata	NOUN	slot-conflict	m.nom.pl	16	parvatāḥ	21	dcs:597186
patraiḥ	pattra	NOUN	slot-conflict	n.instr.pl	16	pattraiḥ	21	dcs:656460
sakhāyā	sakhi	NOUN	slot-conflict	m.nom.du	6	sakhī	21	dcs:636113
viṣṇav	viṣṇu	NOUN	slot-conflict	m.voc.sg	20	viṣṇo	21	dcs:670942
śacīvas	śacīvat	ADJ	slot-conflict	m.voc.sg	12	śacīvan	21	dcs:726371_1
abhisaṃbodhana	abhisambodhana	NOUN	compound-member		10		20	dcs:643800
adhyāśayataḥ	adhyāśaya	NOUN	slot-conflict	m.abl.sg	10	adhyāśayāt	20	dcs:644125
ambam	ambā	NOUN	coverage-hole	m.acc.sg	10		20	dcs:452450
apas	ap	NOUN	coverage-hole	f.acc.pl	15		20	dcs:648644
apekṣāt	apekṣā	NOUN	coverage-hole	m.abl.sg	10		20	dcs:480707
arthataḥ	artha	NOUN	slot-conflict	m.abl.sg	13	arthāt	20	dcs:555597
avaśyaṃbhāvīni	avaśyambhāvin	ADJ	slot-conflict	n.nom.pl	10	avaśyambhāvīni	20	dcs:642689
aṇīyān	aṇīyas	ADJ	coverage-hole	m.nom.sg	14		20	dcs:727049
bhvaḥ	bhū	NOUN	lexicon-gap	m.nom.pl	8		20	dcs:358988
candrikam	candrikā	NOUN	coverage-hole	n.acc.sg	5		20	dcs:29395
dasyūṃr	dasyu	NOUN	slot-conflict	m.acc.pl	12	dasyūn	20	dcs:634847
dātrī	dātṛ	ADJ	coverage-hole	f.nom.sg	10		20	dcs:645852
iyantaṃ	iyat	ADJ	coverage-hole	m.acc.sg	4		20	dcs:645151
janmānaḥ	janman	NOUN	coverage-hole	m.nom.pl	10		20	dcs:390215
kalaśāṁ	kalaśa	NOUN	slot-conflict	m.acc.pl	10	kalaśān	20	dcs:641834
karaṇām	karaṇa	ADJ	coverage-hole	f.acc.sg	10		20	dcs:166722
karo	kara	NOUN	slot-conflict	m.nom.sg	14	karaḥ	20	dcs:75283
paramasyāḥ	parama	ADJ	coverage-hole	f.abl.sg	10		20	dcs:633913
pāṇiyoḥ	pāṇi	NOUN	slot-conflict	m.gen.du	7	pāṇyoḥ	20	dcs:31308
retasam	retas	NOUN	coverage-hole	m.acc.sg	10		20	dcs:748773_1
saṃbandhāḥ	sambandha	NOUN	slot-conflict	m.nom.pl	8	sambandhāḥ	20	dcs:485830
saṃbhāreṣu	sambhāra	NOUN	slot-conflict	m.loc.pl	13	sambhāreṣu	20	dcs:727474_1
saṃbhārāṇi	sambhāra	NOUN	coverage-hole	n.nom.pl	10		20	dcs:642689
saṃdarśayitrī	saṃdarśayitṛ	ADJ	slot-conflict	f.nom.sg	10	saṃdarśayitā	20	dcs:645852
stomāsa	stoma	NOUN	slot-conflict	m.nom.pl	3	stomāḥ	20	dcs:729887
tanūnapād	tanūnapāt	NOUN	slot-conflict	m.nom.sg	9	tanūnapāt	20	dcs:650555
tejasau	tejas	NOUN	coverage-hole	m.nom.du	9		20	dcs:618616
udakām	udaka	NOUN	coverage-hole	f.acc.sg	10		20	dcs:763620
vibhvaḥ	vibhu	ADJ	slot-conflict	m.nom.pl	3	vibhavaḥ	20	dcs:697213_1
viṣayāṇi	viṣaya	NOUN	coverage-hole	n.nom.pl	9		20	dcs:553050
viṣphuliṅgāḥ	visphuliṅga	NOUN	slot-conflict	m.nom.pl	13	visphuliṅgāḥ	20	dcs:570906
vālakhilyān	vālakhilya	NOUN	coverage-hole	m.acc.pl	10		20	dcs:92799
ābharaṇām	ābharaṇa	NOUN	coverage-hole	f.acc.sg	10		20	dcs:95372
ākhyān	ākhyā	NOUN	coverage-hole	m.acc.pl	10		20	dcs:484602
ūdhani	ūdhas	NOUN	slot-conflict	n.loc.sg	10	ūdhasi	20	dcs:636983
asthnām	asthi	NOUN	slot-conflict	n.gen.pl	6	asthīnām	19	dcs:687266
aśvebhiḥ	aśva	NOUN	slot-conflict	m.instr.pl	16	aśvaiḥ	19	dcs:649347
balīyān	balīyas	ADJ	coverage-hole	m.nom.sg	12		19	dcs:205978
chandassu	chandas	NOUN	slot-conflict	n.loc.pl	14	chandaḥsu	19	dcs:651574
hriyaṃ	hrī	NOUN	slot-conflict	f.acc.sg	3	hrīm	19	dcs:586032
manasas	manas	NOUN	slot-conflict	n.gen.sg	14	manasaḥ	19	dcs:649941
sakhāyau	sakhi	NOUN	slot-conflict	m.nom.du	11	sakhī	19	dcs:649255
saṃpāta	sampāta	NOUN	compound-member		5		19	dcs:748888
taruṇām	taruṇa	ADJ	coverage-hole	f.acc.sg	16		19	dcs:575694
vadanān	vadana	NOUN	coverage-hole	m.acc.pl	8		19	dcs:574870
yajñebhiḥ	yajña	NOUN	slot-conflict	m.instr.pl	14	yajñaiḥ	19	dcs:651780
śukrāsaḥ	śukra	ADJ	slot-conflict	m.nom.pl	11	śukrāḥ	19	dcs:660368
ṛtūṃr	ṛtu	NOUN	slot-conflict	m.acc.pl	10	ṛtūn	19	dcs:635958
achāvākasya	acchāvāka	NOUN	slot-conflict	m.gen.sg	9	acchāvākasya	18	dcs:651374
anarvāṇaṃ	anarvan	ADJ	coverage-hole	m.acc.sg	5		18	dcs:690387
atichandasā	aticchandas	NOUN	slot-conflict	f.instr.sg	5	aticchandasā	18	dcs:749255_1
aṇīyasam	aṇīyas	ADJ	coverage-hole	m.acc.sg	11		18	dcs:578473
daṃpatyoḥ	dampati	NOUN	slot-conflict	m.gen.du	11	dampatyoḥ	18	dcs:613538
ekaikasyāḥ	ekaika	PRON	coverage-hole	f.gen.sg	9		18	dcs:569524_1
hotaḥ	hotṛ	NOUN	slot-conflict	m.voc.sg	16	hotar	18	dcs:652494
indrayavāḥ	indrayava	NOUN	coverage-hole	m.nom.pl	6		18	dcs:34292
kartri	kartṛ	ADJ	slot-conflict	m.loc.sg	13	kartari	18	dcs:518593_1
kartrī	kartṛ	ADJ	slot-conflict	f.nom.sg	9	kartā	18	dcs:529778
kṣetrāḥ	kṣetra	NOUN	coverage-hole	m.nom.pl	6		18	dcs:387458
maghoni	maghavan	ADJ	coverage-hole	f.voc.sg	10		18	dcs:96038
manaskāḥ	manaska	NOUN	coverage-hole	m.nom.pl	8		18	dcs:644338
prabhṛtinā	prabhṛti	NOUN	coverage-hole	n.instr.sg	7		18	dcs:672247
prapharvyaṃ	prapharvī	NOUN	slot-conflict	f.acc.sg	8	prapharvīm	18	dcs:648473
praṇāśanām	praṇāśana	ADJ	coverage-hole	f.acc.sg	9		18	dcs:33047
priyāsaḥ	priya	ADJ	slot-conflict	m.nom.pl	10	priyāḥ	18	dcs:648704
purīṣāḥ	purīṣa	NOUN	coverage-hole	m.nom.pl	6		18	dcs:27173
rathebhiḥ	ratha	NOUN	slot-conflict	m.instr.pl	12	rathaiḥ	18	dcs:686677
ratnām	ratna	NOUN	coverage-hole	f.acc.sg	9		18	dcs:522886
rātriyā	rātri	NOUN	slot-conflict	f.abl.sg	5	rātreḥ rātryāḥ	18	dcs:659572
sahīyān	sahīyas	ADJ	coverage-hole	m.nom.sg	10		18	dcs:650416
samyaksaṃbodhiḥ	samyaksambodhi	NOUN	slot-conflict	f.nom.sg	8	samyaksambodhiḥ	18	dcs:644087
saṃmārjana	sammārjana	NOUN	compound-member		9		18	dcs:518828
saṃpriyaḥ	sampriya	ADJ	slot-conflict	m.nom.sg	9	sampriyaḥ	18	dcs:676860
sānavi	sānu	NOUN	slot-conflict	m.loc.sg	7	sānau	18	dcs:598861_2
sīmataḥ	sīman	NOUN	slot-conflict	n.abl.sg	9	sīmnaḥ	18	dcs:647672
turāsa	tura	ADJ	slot-conflict	m.nom.pl	2	turāḥ	18	dcs:702129
tṛṣṇaḥ	tṛṣṇā	NOUN	coverage-hole	m.nom.sg	9		18	dcs:555855
vaṅkṣaṇau	vaṅkṣaṇa	NOUN	coverage-hole	m.nom.du	5		18	dcs:30733
vegataḥ	vega	NOUN	slot-conflict	m.abl.sg	11	vegāt	18	dcs:531881
vibhvam	vibhu	ADJ	slot-conflict	m.acc.sg	9	vibhum	18	dcs:650408_1
vidathā	vidatha	NOUN	slot-conflict	n.acc.pl	7	vidathāni	18	dcs:635436
ākhyāt	ākhyā	NOUN	coverage-hole	m.abl.sg	5		18	dcs:615799
ānanau	ānana	NOUN	coverage-hole	m.nom.du	7		18	dcs:763330
ātmnaḥ	ātman	NOUN	slot-conflict	m.acc.pl	12	ātmanaḥ	18	dcs:90723
śavasas	śavas	NOUN	slot-conflict	n.gen.sg	13	śavasaḥ	18	dcs:684826
adūrataḥ	adūra	ADJ	slot-conflict	n.abl.sg	12	adūrāt	17	dcs:543239
amūni	adas	PRON	coverage-hole	n.nom.pl	7		17	dcs:573027
avatārāṇi	avatāra	NOUN	coverage-hole	n.acc.pl	5		17	dcs:454621
ayatnataḥ	ayatna	NOUN	slot-conflict	m.abl.sg	10	ayatnāt	17	dcs:644520
bhagavas	bhagavat	ADJ	slot-conflict	m.voc.sg	15	bhagavan	17	dcs:646935_3
bhāratām	bhārata	ADJ	coverage-hole	f.acc.sg	17		17	dcs:574477
ghano	ghana	NOUN	slot-conflict	m.nom.sg	14	ghanaḥ	17	dcs:590223
jaganmātrī	jaganmātṛ	NOUN	slot-conflict	f.nom.sg	12	jaganmātā	17	dcs:451633
kanīyāṃsaḥ	kanīyas	ADJ	coverage-hole	m.nom.pl	11		17	dcs:652723_2
patreṇa	pattra	NOUN	slot-conflict	n.instr.sg	11	pattreṇa	17	dcs:545147
pitaḥ	pitṛ	NOUN	slot-conflict	m.voc.sg	17	pitar	17	dcs:94588
pāpīyāṃsa	pāpīyas	ADJ	coverage-hole	m.nom.pl	2		17	dcs:188142
pāṇḍavām	pāṇḍava	ADJ	coverage-hole	f.acc.sg	17		17	dcs:235045
rombhiḥ	roman	NOUN	slot-conflict	n.instr.pl	11	romabhiḥ	17	dcs:32227
saṃmukhān	sammukha	ADJ	slot-conflict	m.acc.pl	9	sammukhān	17	dcs:671218
udakān	udaka	NOUN	coverage-hole	m.acc.pl	8		17	dcs:558863
vaiṣṇavām	vaiṣṇava	ADJ	coverage-hole	f.acc.sg	14		17	dcs:91135
śamyuḥ	śaṃyu	NOUN	slot-conflict	m.nom.sg	1	śaṃyuḥ	17	dcs:712618
śatrūṃr	śatru	NOUN	slot-conflict	m.acc.pl	9	śatrūn	17	dcs:675615
śivebhiḥ	śiva	ADJ	slot-conflict	m.instr.pl	12	śivaiḥ	17	dcs:648602_1
śāpataḥ	śāpa	NOUN	slot-conflict	m.abl.sg	9	śāpāt	17	dcs:440909
agniyoḥ	agni	NOUN	slot-conflict	m.gen.du	7	agnyoḥ	16	dcs:478523
antaḥkaraṇāḥ	antaḥkaraṇa	NOUN	coverage-hole	m.nom.pl	2		16	dcs:359152
anuvāsanāḥ	anuvāsana	NOUN	coverage-hole	m.nom.pl	8		16	dcs:35166
apidhānāḥ	apidhāna	NOUN	coverage-hole	m.nom.pl	2		16	dcs:473724_1
asvāmi	asvāmin	NOUN	compound-member		8		16	dcs:531037
aṇīyāḥ	aṇīyas	ADJ	coverage-hole	m.nom.sg	9		16	dcs:472350_1
balīyāṃsaṃ	balīyas	ADJ	coverage-hole	m.acc.sg	2		16	dcs:28197
bhuvāṃ	bhū	NOUN	lexicon-gap	f.gen.pl	3		16	dcs:687214
bhāvām	bhāva	NOUN	coverage-hole	f.acc.sg	8		16	dcs:448793
bodhisatvasya	bodhisattva	NOUN	slot-conflict	m.gen.sg	8	bodhisattvasya	16	dcs:365006
brāhmayā	brāhma	ADJ	coverage-hole	f.instr.sg	15		16	dcs:477290
brāhmaṇācchaṃsi	brāhmaṇācchaṃsin	NOUN	compound-member		8		16	dcs:729345
daivām	daiva	ADJ	coverage-hole	f.acc.sg	15		16	dcs:91994
danvaḥ	danu	NOUN	slot-conflict	f.gen.sg	14	danoḥ danvāḥ	16	dcs:484755
devāyuvam	devāyu	ADJ	coverage-hole	m.acc.sg	7		16	dcs:671852
garbhāni	garbha	NOUN	coverage-hole	n.acc.pl	5		16	dcs:28182
garima	gariman	NOUN	compound-member		8		16	dcs:630721
hyo	hyas	ADV	indeclinable		14		16	dcs:749371
iṭi	iṭ	NOUN	lexicon-gap	m.loc.sg	8		16	dcs:554184
krayaṇān	krayaṇa	ADJ	coverage-hole	m.acc.pl	8		16	dcs:670652
manmā	manman	NOUN	coverage-hole	m.nom.sg	5		16	dcs:741325
martyāsaḥ	martya	ADJ	slot-conflict	m.nom.pl	10	martyāḥ	16	dcs:718146
naau	nau	NOUN	slot-conflict	f.loc.sg	13	nāvi	16	dcs:483838
nāmadheyā	nāmadheya	NOUN	coverage-hole	f.nom.sg	3		16	dcs:331163
paramakām	paramaka	ADJ	coverage-hole	f.acc.sg	16		16	dcs:557218
parvṇaḥ	parvan	NOUN	coverage-hole	m.acc.pl	8		16	dcs:160738
paṅktinā	paṅkti	NOUN	coverage-hole	m.instr.sg	7		16	dcs:650793
plīhnau	plīhan	NOUN	slot-conflict	m.nom.du	6	plīhānau	16	dcs:16986
samyaksaṃbuddhān	samyaksambuddha	ADJ	slot-conflict	m.acc.pl	8	samyaksambuddhān	16	dcs:644345
samyājye	saṃyājyā	NOUN	slot-conflict	f.nom.du	8	saṃyājye	16	dcs:712892
saṃmitau	sammiti	NOUN	coverage-hole	m.nom.du	6		16	dcs:553432
somebhiḥ	soma	NOUN	slot-conflict	m.instr.pl	9	somaiḥ	16	dcs:596098_1
sundarām	sundara	ADJ	coverage-hole	f.acc.sg	9		16	dcs:574953
svayaṃprabhā	svayamprabhā	NOUN	slot-conflict	f.nom.sg	6	svayamprabhā	16	dcs:622373
tīrthām	tīrtha	NOUN	coverage-hole	f.acc.sg	8		16	dcs:763615
uttamāṅgāḥ	uttamāṅga	NOUN	coverage-hole	m.nom.pl	8		16	dcs:233716
āgūr	āgur	NOUN	slot-conflict	f.nom.sg	9	āgūḥ	16	dcs:650828
ākārāṇi	ākāra	NOUN	coverage-hole	n.nom.pl	5		16	dcs:331261
ākṛtīni	ākṛti	NOUN	coverage-hole	n.nom.pl	5		16	dcs:687508
ānanān	ānana	NOUN	coverage-hole	m.acc.pl	8		16	dcs:95474
ūdhan	ūdhas	NOUN	slot-conflict	n.loc.sg	9	ūdhasi	16	dcs:682973
achidram	acchidra	ADJ	slot-conflict	n.nom.sg	4	acchidram	15	dcs:650909
ajarāsaḥ	ajara	ADJ	slot-conflict	m.nom.pl	11	ajarāḥ	15	dcs:637361
avaśeṣā	avaśeṣa	NOUN	coverage-hole	f.nom.sg	2		15	dcs:630719
chānam	śāna	NOUN	slot-conflict	m.acc.sg	1	śānam	15	dcs:661136
dyumāṁ	dyumat	ADJ	slot-conflict	m.nom.sg	8	dyumān	15	dcs:641380
ekadhanān	ekadhana	NOUN	coverage-hole	m.acc.pl	8		15	dcs:671184
jananām	janana	ADJ	coverage-hole	f.acc.sg	8		15	dcs:35400
paraṃparā	paramparā	NOUN	compound-member		7		15	dcs:230916
paścimasyāṃ	paścima	ADJ	coverage-hole	f.loc.sg	8		15	dcs:543270
pitṛtaḥ	pitṛ	NOUN	slot-conflict	m.abl.sg	12	pituḥ	15	dcs:63014
pārthivāsaḥ	pārthiva	ADJ	slot-conflict	m.nom.pl	11	pārthivāḥ	15	dcs:648736
pārṣadīḥ	pārṣada	ADJ	coverage-hole	f.acc.pl	7		15	dcs:519612
saṃbhoga	sambhoga	NOUN	compound-member		6		15	dcs:613542
svayaṃbhuvaṃ	svayambhu	NOUN	slot-conflict	m.acc.sg	6	svayambhum	15	dcs:519610
svayaṃbhuve	svayambhu	NOUN	slot-conflict	m.dat.sg	12	svayambhave	15	dcs:520396
sāmsu	sāman	NOUN	slot-conflict	n.loc.pl	11	sāmasu	15	dcs:540291
treṇyā	tryeṇī	NOUN	slot-conflict	f.instr.sg	9	tryeṇyā	15	dcs:435142
udarān	udara	NOUN	coverage-hole	m.acc.pl	7		15	dcs:35347
aghniyāḥ	aghnyā	NOUN	slot-conflict	f.voc.pl	6	aghnyāḥ	14	dcs:669233_1
amībhiḥ	adas	PRON	coverage-hole	m.instr.pl	8		14	dcs:522030
antarālāḥ	antarāla	NOUN	coverage-hole	m.nom.pl	5		14	dcs:728439
anujñaḥ	anujñā	NOUN	coverage-hole	m.nom.sg	7		14	dcs:76476
anukampaḥ	anukampā	NOUN	coverage-hole	m.nom.sg	6		14	dcs:477568
apavargāṇi	apavarga	NOUN	coverage-hole	n.acc.pl	6		14	dcs:669766
attriṇaḥ	atrin	NOUN	slot-conflict	m.acc.pl	6	atriṇaḥ	14	dcs:633247
aṃśāṁ	aṃśa	NOUN	slot-conflict	m.acc.pl	1	aṃśān	14	dcs:639037
aṅgulinā	aṅguli	NOUN	coverage-hole	m.instr.sg	7		14	dcs:488868
aṅkām	aṅka	NOUN	coverage-hole	f.acc.sg	7		14	dcs:586595
buddhīn	buddhi	NOUN	coverage-hole	m.acc.pl	7		14	dcs:165915
cetasau	cetas	NOUN	coverage-hole	m.nom.du	5		14	dcs:160556
chatrāṇi	chattra	NOUN	slot-conflict	n.nom.pl	7	chattrāṇi	14	dcs:653171
dayam	dayā	NOUN	coverage-hole	n.acc.sg	6		14	dcs:488032
devateṣu	devatā	NOUN	coverage-hole	m.loc.pl	6		14	dcs:469466
doṣataḥ	doṣa	NOUN	slot-conflict	m.abl.sg	9	doṣāt	14	dcs:615990
duṣṣvapnyaṃ	duḥṣvapnya	NOUN	slot-conflict	n.acc.sg	3	duḥṣvapnyam	14	dcs:600439
ekatareṇa	ekatara	ADJ	coverage-hole	m.instr.sg	7		14	dcs:644366
guṇataḥ	guṇa	NOUN	slot-conflict	m.abl.sg	6	guṇāt	14	dcs:58368
haviṣ	havis	NOUN	slot-conflict	n.acc.sg	8	haviḥ	14	dcs:646998
javīyān	javīyas	ADJ	coverage-hole	m.nom.sg	7		14	dcs:687917
juhvaṃ	juhū	NOUN	slot-conflict	f.acc.sg	3	juhūm	14	dcs:635326
karṇebhiḥ	karṇa	NOUN	slot-conflict	m.instr.pl	8	karṇaiḥ	14	dcs:687765
kaṇṭakām	kaṇṭaka	NOUN	coverage-hole	f.acc.sg	7		14	dcs:575546
kārakām	kāraka	ADJ	coverage-hole	f.acc.sg	7		14	dcs:540710
latam	latā	NOUN	coverage-hole	n.acc.sg	4		14	dcs:102936
lomataḥ	loman	NOUN	slot-conflict	n.abl.sg	8	lomnaḥ	14	dcs:468564
marutvas	marutvat	ADJ	slot-conflict	m.voc.sg	12	marutvan	14	dcs:651869
mṛḍīkā	mṛḍīka	NOUN	coverage-hole	f.nom.sg	7		14	dcs:636962
paurāṇikām	paurāṇika	ADJ	coverage-hole	f.acc.sg	10		14	dcs:450088
paṇīṃr	paṇi	NOUN	slot-conflict	m.acc.pl	9	paṇīn	14	dcs:635204
prakhyebhiḥ	prakhyā	NOUN	coverage-hole	n.instr.pl	7		14	dcs:180059
pramādataḥ	pramāda	NOUN	slot-conflict	m.abl.sg	13	pramādāt	14	dcs:519412
pratīkāśām	pratīkāśa	NOUN	coverage-hole	f.acc.sg	7		14	dcs:767544
prāyāṇi	prāya	NOUN	coverage-hole	n.nom.pl	4		14	dcs:61443
pvaḥ	pu	ADJ	slot-conflict	f.nom.pl	7	pavaḥ	14	dcs:636050
pādataḥ	pāda	NOUN	slot-conflict	m.abl.sg	10	pādāt	14	dcs:615179
pāraśavām	pāraśava	ADJ	coverage-hole	f.acc.sg	8		14	dcs:575125
rathāsaḥ	ratha	NOUN	slot-conflict	m.nom.pl	8	rathāḥ	14	dcs:648685
rudrāsa	rudra	NOUN	slot-conflict	m.voc.pl	2	rudrāḥ	14	dcs:504927
sadasyām	sadasya	ADJ	coverage-hole	f.acc.sg	7		14	dcs:691362
saindhavām	saindhava	NOUN	coverage-hole	f.acc.sg	7		14	dcs:32601
sapatnāṁ	sapatna	NOUN	slot-conflict	m.acc.pl	7	sapatnān	14	dcs:648539_1
saṃbandhasya	sambandha	NOUN	slot-conflict	m.gen.sg	7	sambandhasya	14	dcs:771695
saṃbhavāḥ	sambhava	NOUN	slot-conflict	m.nom.pl	5	sambhavāḥ	14	dcs:749116
saṃrāj	samrāj	NOUN	slot-conflict	m.nom.sg	11	samrāṭ	14	dcs:687367
saṃvatam	saṃvat	NOUN	coverage-hole	f.acc.sg	7		14	dcs:647329_1
somasvāmi	somasvāmin	NOUN	compound-member		7		14	dcs:625389
stanīm	stana	ADJ	coverage-hole	f.acc.sg	7		14	dcs:560225
svāyāḥ	sva	ADJ	slot-conflict	f.gen.sg	7	svasyāḥ	14	dcs:634284
tanuvau	tanū	NOUN	slot-conflict	f.nom.du	8	tanvau	14	dcs:717713
tejanāḥ	tejana	NOUN	coverage-hole	m.nom.pl	5		14	dcs:76063
utsedhām	utsedha	NOUN	coverage-hole	f.acc.sg	7		14	dcs:669931
varīyān	varīyas	ADJ	coverage-hole	m.nom.sg	10		14	dcs:88921
vedamātrīm	vedamātṛ	NOUN	slot-conflict	f.acc.sg	14	vedamātaram	14	dcs:542552
viprebhiḥ	vipra	NOUN	slot-conflict	m.instr.pl	9	vipraiḥ	14	dcs:592153_1
viśvāsāham	viśvāsah	ADJ	slot-conflict	m.acc.sg	7	viśvāsaham	14	dcs:675609
vṛttinā	vṛtti	NOUN	coverage-hole	m.instr.sg	5		14	dcs:584942
āhārām	āhāra	NOUN	coverage-hole	f.acc.sg	7		14	dcs:193124
ṛtāvānā	ṛtāvan	ADJ	slot-conflict	m.nom.du	3	ṛtāvānau	14	dcs:594781
akṣiṇas	akṣi	NOUN	slot-conflict	n.gen.sg	7	akṣiṇaḥ	13	dcs:76359
apasyuvaḥ	apasyu	ADJ	slot-conflict	f.nom.pl	6	apasyavaḥ	13	dcs:749210_1
aptur	aptu	ADJ	slot-conflict	m.nom.sg	9	aptuḥ	13	dcs:671122
aruṣāsa	aruṣa	ADJ	slot-conflict	m.nom.pl	1	aruṣāḥ	13	dcs:633895
dhanasaṃmataḥ	dhanasammata	NOUN	slot-conflict	m.nom.sg	13	dhanasammataḥ	13	dcs:654442
hanuvoḥ	hanu	NOUN	slot-conflict	m.loc.du	8	hanvoḥ	13	dcs:30188
iḍāyās	iḍā	NOUN	slot-conflict	f.gen.sg	12	iḍāyāḥ	13	dcs:647000
janmataḥ	janman	NOUN	slot-conflict	n.abl.sg	10	janmanaḥ	13	dcs:519992
karmataḥ	karman	NOUN	slot-conflict	n.abl.sg	11	karmaṇaḥ	13	dcs:669716
kaṇvāsaḥ	kaṇva	NOUN	slot-conflict	m.nom.pl	7	kaṇvāḥ	13	dcs:592040
mittraiḥ	mitra	NOUN	slot-conflict	m.instr.pl	7	mitraiḥ	13	dcs:614980
praśāstaḥ	praśāstṛ	NOUN	slot-conflict	m.voc.sg	8	praśāstar	13	dcs:671947
pāpīyāṃsam	pāpīyas	ADJ	coverage-hole	m.acc.sg	7		13	dcs:651015
rājñau	rājan	NOUN	slot-conflict	m.nom.du	9	rājānau	13	dcs:526424
sakthnaḥ	sakthi	NOUN	slot-conflict	n.abl.sg	5	sakthinaḥ	13	dcs:553934
satve	sattva	NOUN	slot-conflict	n.loc.sg	12	sattve	13	dcs:531864
saṃbhave	sambhava	NOUN	slot-conflict	m.loc.sg	8	sambhave	13	dcs:518932
saṃbhramāt	sambhrama	NOUN	slot-conflict	m.abl.sg	11	sambhramāt	13	dcs:578957
saṃparāya	samparāya	NOUN	compound-member		6		13	dcs:519853
saṃpatsu	sampad	NOUN	coverage-hole	?.loc.pl	6		13	dcs:94431
saṃpradānam	sampradāna	NOUN	slot-conflict	n.nom.sg	6	sampradānam	13	dcs:470070
sāṃparāye	sāmparāya	NOUN	slot-conflict	m.loc.sg	6	sāmparāye	13	dcs:519369
vaḍavāmukham	vaḍabāmukha	NOUN	slot-conflict	m.acc.sg	4	vaḍabāmukham	13	dcs:620977
vaḍavāṃ	vaḍabā	NOUN	slot-conflict	f.acc.sg	4	vaḍabām	13	dcs:687903
ātmataḥ	ātman	NOUN	slot-conflict	m.abl.sg	6	ātmanaḥ	13	dcs:63077
ṣma	sma	PART	indeclinable		10		13	dcs:647973
anulomanā	anulomana	ADJ	coverage-hole	f.nom.sg	5		12	dcs:34425
anyakeṣāṃ	anyaka	ADJ	slot-conflict	m.gen.pl	6	anyakānām	12	dcs:612239
anyonyasmai	anyonya	PRON	coverage-hole	m.dat.sg	8		12	dcs:437309
asambhavāt	asaṃbhava	NOUN	slot-conflict	m.abl.sg	7	asaṃbhavāt	12	dcs:697476
aśraḥ	asra	NOUN	slot-conflict	m.nom.sg	4	asraḥ	12	dcs:466484
aśrām	asra	NOUN	coverage-hole	f.acc.sg	6		12	dcs:670000_1
bhūmikam	bhūmikā	NOUN	coverage-hole	n.nom.sg	2		12	dcs:479364
catuṣpad	catuṣpada	ADJ	slot-conflict	m.nom.sg	3	catuṣpadaḥ	12	dcs:437422
chadmā	chadman	NOUN	coverage-hole	m.nom.sg	5		12	dcs:524651
chandataḥ	chanda	NOUN	slot-conflict	m.abl.sg	7	chandāt	12	dcs:645592
citikaḥ	citikā	NOUN	coverage-hole	m.nom.sg	6		12	dcs:501474
daivyāsaḥ	daivya	ADJ	slot-conflict	m.nom.pl	11	daivyāḥ	12	dcs:650820
daśena	daśā	NOUN	coverage-hole	n.instr.sg	6		12	dcs:436404
devamātryāḥ	devamātṛ	NOUN	slot-conflict	f.gen.sg	7	devamātuḥ	12	dcs:89804
dhartārā	dhartṛ	NOUN	slot-conflict	m.nom.du	6	dhartārau	12	dcs:636992
dhātaḥ	dhātṛ	NOUN	slot-conflict	m.voc.sg	5	dhātar	12	dcs:648505
dogdhāraṃ	dogdhṛ	ADJ	coverage-hole	m.acc.sg	5		12	dcs:94274
gebhiḥ	ga	ADJ	slot-conflict	m.instr.pl	6	gaiḥ	12	dcs:693535_1
ghoṇam	ghoṇā	NOUN	coverage-hole	m.acc.sg	3		12	dcs:478244
indhanā	indhana	NOUN	coverage-hole	f.nom.sg	3		12	dcs:60717
kasyā	ka	PRON	coverage-hole	f.gen.sg	2		12	dcs:640167
keśāṁ	keśa	NOUN	slot-conflict	m.acc.pl	1	keśān	12	dcs:640715_1
klom	kloman	NOUN	slot-conflict	n.nom.sg	9	kloma	12	dcs:76304
kūśmāṇḍyaḥ	kūṣmāṇḍa	NOUN	coverage-hole	f.nom.pl	8		12	dcs:520428
kṛśaram	kṛsara	NOUN	slot-conflict	m.acc.sg	4	kṛsaram	12	dcs:70944
lokataḥ	loka	NOUN	slot-conflict	m.abl.sg	8	lokāt	12	dcs:526739
lom	loman	NOUN	slot-conflict	n.nom.sg	8	loma	12	dcs:76372
līlaḥ	līlā	NOUN	coverage-hole	m.nom.sg	5		12	dcs:87397
mittreṇa	mitra	NOUN	slot-conflict	m.instr.sg	6	mitreṇa	12	dcs:619487
muhaḥ	muh	ADJ	lexicon-gap	f.nom.pl	1		12	dcs:646176
mānuṣāsaḥ	mānuṣa	NOUN	slot-conflict	m.nom.pl	7	mānuṣāḥ	12	dcs:648263_1
mṛḍīkām	mṛḍīka	NOUN	coverage-hole	f.acc.sg	5		12	dcs:670489
naiṣṭhikām	naiṣṭhika	ADJ	coverage-hole	f.acc.sg	12		12	dcs:586416
nimittataḥ	nimitta	NOUN	slot-conflict	n.abl.sg	8	nimittāt	12	dcs:643473
nissālām	niḥsāla	ADJ	coverage-hole	f.acc.sg	6		12	dcs:70271
parimāṇataḥ	parimāṇa	NOUN	slot-conflict	n.abl.sg	8	parimāṇāt	12	dcs:643758
pañcamām	pañcama	ADJ	coverage-hole	f.acc.sg	11		12	dcs:473099
pradānā	pradāna	NOUN	slot-conflict	n.instr.sg	2	pradānena	12	dcs:70072
prasaṅgataḥ	prasaṅga	NOUN	slot-conflict	m.abl.sg	9	prasaṅgāt	12	dcs:93030
pratisāraṇā	pratisāraṇa	NOUN	coverage-hole	f.nom.sg	6		12	dcs:67850
pratnāsaḥ	pratna	ADJ	slot-conflict	m.nom.pl	7	pratnāḥ	12	dcs:641615
preyān	preyas	ADJ	coverage-hole	m.nom.sg	7		12	dcs:102865
prācīnabarhīḥ	prācīnabarhis	NOUN	slot-conflict	m.nom.sg	11	prācīnabarhiḥ	12	dcs:590237
prātassavanasya	prātaḥsavana	NOUN	slot-conflict	n.gen.sg	6	prātaḥsavanasya	12	dcs:709721
puvaḥ	pū	NOUN	lexicon-gap	f.nom.pl	4		12	dcs:552508
pākavān	pākavat	ADJ	coverage-hole	m.nom.sg	6		12	dcs:31628
pāvanām	pāvana	ADJ	coverage-hole	f.acc.sg	7		12	dcs:368626
pṛṣan	pṛṣat	ADJ	slot-conflict	m.nom.sg	6	pṛṣat	12	dcs:699167_1
rathakāni	rathaka	NOUN	coverage-hole	n.nom.pl	3		12	dcs:721906
rodhasam	rodhas	NOUN	coverage-hole	f.acc.sg	4		12	dcs:521544
sakthim	sakthi	NOUN	coverage-hole	m.acc.sg	4		12	dcs:465714
sambhārāṇi	sambhāra	NOUN	coverage-hole	n.nom.pl	5		12	dcs:654269
samyaksaṃbuddhaiḥ	samyaksambuddha	ADJ	slot-conflict	m.instr.pl	6	samyaksambuddhaiḥ	12	dcs:645498
saṃbandhān	sambandha	NOUN	slot-conflict	m.acc.pl	6	sambandhān	12	dcs:425886
saṃbhārāṇāṃ	sambhāra	NOUN	slot-conflict	m.gen.pl	3	sambhārāṇām	12	dcs:687874
saṃmohaḥ	sammoha	NOUN	slot-conflict	m.nom.sg	10	sammohaḥ	12	dcs:31452
saṃpraiṣāt	sampraiṣa	NOUN	slot-conflict	m.abl.sg	6	sampraiṣāt	12	dcs:727498_1
sindhūṃr	sindhu	NOUN	slot-conflict	m.acc.pl	8	sindhūn	12	dcs:70170
snuṣaḥ	snuṣā	NOUN	coverage-hole	m.nom.sg	6		12	dcs:765919
sopānāḥ	sopāna	NOUN	coverage-hole	f.acc.pl	2		12	dcs:93170
sudhiyaḥ	sudhī	ADJ	coverage-hole	m.nom.pl	7		12	dcs:572916
svarūpataḥ	svarūpa	NOUN	slot-conflict	n.abl.sg	7	svarūpāt	12	dcs:89517
svarṣātā	svarṣāti	NOUN	slot-conflict	f.loc.sg	6	svarṣātau svarṣātyām	12	dcs:594687
svāyaṃbhuve	svāyambhuva	NOUN	slot-conflict	n.loc.sg	8	svāyambhuve	12	dcs:546030
sālva	śālva	NOUN	compound-member		4		12	dcs:552979
sūrpeṇa	śūrpa	NOUN	slot-conflict	m.instr.sg	6	śūrpeṇa	12	dcs:772553
tattvā	tattva	NOUN	coverage-hole	f.nom.sg	4		12	dcs:92684
tavīyān	tavīyas	ADJ	coverage-hole	m.nom.sg	6		12	dcs:647532
tmane	tman	NOUN	coverage-hole	m.dat.sg	6		12	dcs:594224
tricaṃ	tṛca	NOUN	slot-conflict	n.acc.sg	1	tṛcam	12	dcs:752796
trikaṭuṃ	trikaṭu	NOUN	coverage-hole	m.acc.sg	6		12	dcs:427689
tvāvāṁ	tvāvat	ADJ	slot-conflict	m.nom.sg	6	tvāvān	12	dcs:593498
ubhayāsaḥ	ubhaya	ADJ	slot-conflict	m.nom.pl	7	ubhaye	12	dcs:593140
ucchrayām	ucchraya	NOUN	coverage-hole	f.acc.sg	6		12	dcs:155218
udarām	udara	NOUN	coverage-hole	f.acc.sg	6		12	dcs:176974
udāsām	udāsa	NOUN	coverage-hole	f.acc.sg	6		12	dcs:660461
upaniṣadān	upaniṣada	NOUN	coverage-hole	m.acc.pl	6		12	dcs:158668
uttarīyām	uttarīya	NOUN	coverage-hole	f.acc.sg	6		12	dcs:488708
vetanāḥ	vetana	NOUN	coverage-hole	m.nom.pl	5		12	dcs:464285
vidradhīn	vidradhi	NOUN	coverage-hole	m.acc.pl	6		12	dcs:27936
vikārāṇi	vikāra	NOUN	coverage-hole	n.acc.pl	3		12	dcs:90269
vyatham	vyathā	NOUN	coverage-hole	m.acc.sg	4		12	dcs:30055
vyavahārataḥ	vyavahāra	NOUN	slot-conflict	m.abl.sg	11	vyavahārāt	12	dcs:558221
vārṣikāyām	vārṣika	ADJ	coverage-hole	f.loc.sg	6		12	dcs:198033
vṛjanā	vṛjana	NOUN	slot-conflict	n.nom.pl	3	vṛjanāni	12	dcs:660977
ākhyāni	ākhyā	NOUN	coverage-hole	n.nom.pl	5		12	dcs:29171
āparāhṇikībhyāṃ	āparāhṇika	ADJ	coverage-hole	f.instr.du	4		12	dcs:670838
ārohām	āroha	NOUN	coverage-hole	f.acc.sg	6		12	dcs:95136
āyatanābhiḥ	āyatana	NOUN	coverage-hole	f.instr.pl	6		12	dcs:650048_1
śmaśravaḥ	śmaśru	NOUN	coverage-hole	m.nom.pl	6		12	dcs:582192
śruvaḥ	śru	NOUN	lexicon-gap	f.abl.sg	4		12	dcs:551763
ṣīṃ	sīm	ADV	indeclinable		2		12	dcs:593818
adabdhāsaḥ	adabdha	ADJ	slot-conflict	m.nom.pl	9	adabdhāḥ	11	dcs:436184
apsarām	apsaras	NOUN	slot-conflict	f.acc.sg	5	apsarasam	11	dcs:634944_1
aṣṭāpadīm	aṣṭāpada	ADJ	coverage-hole	f.acc.sg	6		11	dcs:749145
bhānvaḥ	bhānu	NOUN	slot-conflict	f.gen.sg	4	bhānoḥ bhānvāḥ	11	dcs:484707
brahmata	brahman	NOUN	slot-conflict	m.abl.sg	1	brahmaṇaḥ	11	dcs:687570
ekaikataḥ	ekaika	PRON	slot-conflict	m.abl.sg	7	ekaikāt	11	dcs:529755
etaśebhiḥ	etaśa	NOUN	slot-conflict	m.instr.pl	7	etaśaiḥ	11	dcs:670590
havyebhiḥ	havya	NOUN	slot-conflict	n.instr.pl	8	havyaiḥ	11	dcs:595038
iṣas	iṣ	NOUN	slot-conflict	f.acc.pl	7	iṣaḥ	11	dcs:671328
khalvoḥ	khalu	NOUN	coverage-hole	m.loc.du	1		11	dcs:552707
kārtikyāṃ	kārttikī	NOUN	slot-conflict	f.loc.sg	8	kārttikyām	11	dcs:583439
lombhyaḥ	loman	NOUN	slot-conflict	n.abl.pl	5	lomabhyaḥ	11	dcs:556303_1
madāsaḥ	mada	NOUN	slot-conflict	m.nom.pl	7	madāḥ	11	dcs:651835
man	mad	PRON	compound-member		4		11	dcs:649981
pitvaḥ	pitu	NOUN	slot-conflict	m.gen.sg	4	pitoḥ	11	dcs:637395
pramātri	pramātṛ	ADJ	slot-conflict	m.loc.sg	10	pramātari	11	dcs:49190
prayogataḥ	prayoga	NOUN	slot-conflict	m.abl.sg	9	prayogāt	11	dcs:438578
prādhānyataḥ	prādhānya	NOUN	slot-conflict	n.abl.sg	9	prādhānyāt	11	dcs:89363
pṛṣṭhān	pṛṣṭha	NOUN	slot-conflict	n.abl.sg	5	pṛṣṭhāt	11	dcs:622671
sakthyau	sakthi	NOUN	slot-conflict	n.acc.du	4	sakthinī	11	dcs:635788
samasmāt	sama	PRON	slot-conflict	m.abl.sg	6	samāt	11	dcs:676436
satreṇa	sattra	NOUN	slot-conflict	n.instr.sg	10	sattreṇa	11	dcs:639798
saṃbhūtiḥ	sambhūti	NOUN	slot-conflict	f.nom.sg	7	sambhūtiḥ	11	dcs:613958
saṃbādham	sambādha	NOUN	slot-conflict	m.acc.sg	3	sambādham	11	dcs:761865
saṃmardaḥ	sammarda	NOUN	slot-conflict	m.nom.sg	4	sammardaḥ	11	dcs:578946
saṃmiśraṃ	sammiśra	ADJ	slot-conflict	n.acc.sg	9	sammiśram	11	dcs:542690
saṃpattau	sampatti	NOUN	slot-conflict	f.loc.sg	7	sampattau sampattyām	11	dcs:37124
svāyai	sva	ADJ	slot-conflict	f.dat.sg	6	svasyai	11	dcs:701558_1
svāyaṃbhuvaṃ	svāyambhuva	NOUN	slot-conflict	m.acc.sg	7	svāyambhuvam	11	dcs:586596
ubhayānām	ubhaya	ADJ	slot-conflict	m.gen.pl	7	ubhayeṣām	11	dcs:90138
vārebhiḥ	vāra	NOUN	slot-conflict	m.instr.pl	7	vāraiḥ	11	dcs:594837
ādityebhiḥ	āditya	NOUN	slot-conflict	m.instr.pl	8	ādityaiḥ	11	dcs:648719
āhutībhiḥ	āhuti	NOUN	slot-conflict	f.instr.pl	8	āhutibhiḥ	11	dcs:435743
śāḍvalaṃ	śādvala	NOUN	slot-conflict	m.acc.sg	1	śādvalam	11	dcs:435345
ṛṣabhāsa	ṛṣabha	NOUN	slot-conflict	m.nom.pl	3	ṛṣabhāḥ	11	dcs:647631
abhidhānāyām	abhidhāna	NOUN	coverage-hole	f.loc.sg	5		10	dcs:629770
abhyanujñaḥ	abhyanujñā	NOUN	coverage-hole	m.nom.sg	5		10	dcs:477495
adita	aditi	NOUN	slot-conflict	f.voc.sg	8	adite	10	dcs:731783
antrā	antra	NOUN	coverage-hole	f.nom.sg	1		10	dcs:93150
anulomanām	anulomana	ADJ	coverage-hole	f.acc.sg	6		10	dcs:27693
anusāriṇya	anusārin	ADJ	coverage-hole	f.nom.pl	1		10	dcs:708925
aparavaktram	aparavaktrā	NOUN	coverage-hole	n.acc.sg	3		10	dcs:629598
asmākāsaḥ	asmāka	ADJ	slot-conflict	m.nom.pl	6	asmākāḥ	10	dcs:647493
avabhāsāni	avabhāsa	NOUN	coverage-hole	n.nom.pl	5		10	dcs:61618
aṇīyāṃsam	aṇīyas	ADJ	coverage-hole	m.acc.sg	5		10	dcs:727417_1
balataḥ	bala	NOUN	slot-conflict	n.abl.sg	8	balāt	10	dcs:30630
bhiyaṃ	bhī	NOUN	slot-conflict	f.acc.sg	4	bhīm	10	dcs:649027
bhāmāsaḥ	bhāma	NOUN	slot-conflict	m.nom.pl	5	bhāmāḥ	10	dcs:659806_1
biḍa	viḍa	NOUN	slot-conflict	m.nom.sg	2	viḍaḥ	10	dcs:465294
bṛhannaḍāṃ	bṛhannaḍa	NOUN	coverage-hole	f.acc.sg	2		10	dcs:212535
chatreṇa	chattra	NOUN	slot-conflict	n.instr.sg	9	chattreṇa	10	dcs:769831
chāṇakāni	chāṇaka	NOUN	coverage-hole	n.acc.pl	4		10	dcs:100514
citikam	citikā	NOUN	coverage-hole	n.nom.sg	5		10	dcs:756339
cātanīḥ	cātana	ADJ	coverage-hole	f.nom.pl	5		10	dcs:647928
devayuvam	devayu	ADJ	slot-conflict	f.acc.sg	3	devayum	10	dcs:714738
dhruvāsaḥ	dhruva	ADJ	slot-conflict	m.nom.pl	6	dhruvāḥ	10	dcs:636282
durgahā	durgaha	NOUN	slot-conflict	n.acc.pl	4	durgahāni	10	dcs:598311
duṣvapnyāt	duḥṣvapnya	NOUN	slot-conflict	n.abl.sg	6	duḥṣvapnyāt	10	dcs:634469
ekataraṃ	ekatara	ADJ	coverage-hole	n.acc.sg	2		10	dcs:352955
gauryam	gaurī	NOUN	slot-conflict	f.acc.sg	5	gaurīm	10	dcs:424913
ghoṇaḥ	ghoṇā	NOUN	coverage-hole	m.nom.sg	5		10	dcs:478235
grāvāṇā	grāvan	NOUN	slot-conflict	m.nom.du	5	grāvāṇau	10	dcs:650333_1
gāyatriyai	gāyatrī	NOUN	slot-conflict	f.dat.sg	7	gāyatryai	10	dcs:701920_1
hastāsaḥ	hasta	NOUN	slot-conflict	m.nom.pl	6	hastāḥ	10	dcs:688872_1
hrasīyasam	hrasīyas	ADJ	coverage-hole	f.acc.sg	8		10	dcs:43245
ic	id	PART	coverage-hole	m.nom.sg	1		10	dcs:647788
itihāsāni	itihāsa	NOUN	coverage-hole	n.nom.pl	4		10	dcs:87219
iṣṭakaiḥ	iṣṭakā	NOUN	coverage-hole	n.instr.pl	2		10	dcs:657355
jyotiṣ	jyotis	NOUN	slot-conflict	n.acc.sg	7	jyotiḥ	10	dcs:647755
jāmātāram	jāmātṛ	NOUN	slot-conflict	m.acc.sg	9	jāmātaram	10	dcs:577669
jātīni	jāti	NOUN	coverage-hole	n.nom.pl	5		10	dcs:229377
karaṭāmukhāḥ	karaṭāmukha	NOUN	coverage-hole	m.nom.pl	5		10	dcs:213733
keki	kekin	NOUN	compound-member		4		10	dcs:589938
krayaṇāḥ	krayaṇa	ADJ	coverage-hole	m.nom.pl	5		10	dcs:670652
kālima	kāliman	NOUN	compound-member		5		10	dcs:381928
kīdṛṅ	kīdṛś	ADJ	slot-conflict	m.nom.sg	6	kīdṛk	10	dcs:524686
kṣayaṇīḥ	kṣayaṇa	ADJ	coverage-hole	f.acc.pl	2		10	dcs:70416
maghavānā	maghavan	ADJ	slot-conflict	m.voc.du	4	maghavānau	10	dcs:595648
maraṇāḥ	maraṇa	NOUN	coverage-hole	m.nom.pl	4		10	dcs:527290
mūrdhataḥ	mūrdhan	NOUN	slot-conflict	m.abl.sg	7	mūrdhnaḥ	10	dcs:638721
nidrasya	nidrā	NOUN	coverage-hole	m.gen.sg	4		10	dcs:521109
niścayām	niścaya	NOUN	coverage-hole	f.acc.sg	5		10	dcs:630685
niṣyandaḥ	nisyanda	NOUN	slot-conflict	m.nom.sg	2	nisyandaḥ	10	dcs:643425
padayā	pada	NOUN	coverage-hole	f.instr.sg	5		10	dcs:652421
padāsu	pada	NOUN	coverage-hole	f.loc.pl	5		10	dcs:662501
paridhīṃr	paridhi	NOUN	slot-conflict	m.acc.pl	6	paridhīn	10	dcs:566389
parikham	parikhā	NOUN	coverage-hole	m.acc.sg	2		10	dcs:667840
pariṇā	pari	NOUN	coverage-hole	f.nom.sg	4		10	dcs:551917
parvāṇam	parvan	NOUN	coverage-hole	m.acc.sg	5		10	dcs:691909
patniyai	patnī	NOUN	slot-conflict	f.dat.sg	5	patnyai	10	dcs:728617
patrī	pattrin	NOUN	slot-conflict	m.nom.sg	9	pattrī	10	dcs:76114
patākāni	patākā	NOUN	coverage-hole	n.nom.pl	3		10	dcs:767443
paśve	paśu	NOUN	slot-conflict	m.dat.sg	4	paśave	10	dcs:696828
pippalīkam	pippalīkā	NOUN	coverage-hole	n.nom.sg	3		10	dcs:33508
pratimau	pratimā	NOUN	coverage-hole	m.nom.du	5		10	dcs:248308
pratyakṣataḥ	pratyakṣatas	ADV	coverage-hole	n.abl.sg	4		10	dcs:464207
pravāhikam	pravāhikā	NOUN	coverage-hole	n.acc.sg	3		10	dcs:31555
pravāhikaḥ	pravāhikā	NOUN	coverage-hole	m.nom.sg	5		10	dcs:30691
punarnavebhiḥ	punarnavā	NOUN	coverage-hole	n.instr.pl	5		10	dcs:30108
retasau	retas	NOUN	coverage-hole	f.nom.du	4		10	dcs:684939
sadṛṅṅ	sadṛś	ADJ	slot-conflict	m.nom.sg	7	sadṛk	10	dcs:540691
sahīyāṃsam	sahīyas	ADJ	coverage-hole	m.acc.sg	5		10	dcs:641259_1
sakthyoḥ	sakthi	NOUN	slot-conflict	n.loc.du	4	sakthinoḥ	10	dcs:553957
sami	sam	ADP	coverage-hole	m.loc.sg	4		10	dcs:552332
sasmin	tad	PRON	coverage-hole	n.loc.sg	5		10	dcs:593020
saṃjñikam	saṃjñikā	NOUN	coverage-hole	n.nom.sg	3		10	dcs:328615
saṃpratyaya	sampratyaya	NOUN	slot-conflict	m.nom.sg	1	sampratyayaḥ	10	dcs:387296
saṃpādana	sampādana	NOUN	compound-member		5		10	dcs:630381
saṃśrayāṇi	saṃśraya	NOUN	coverage-hole	n.acc.pl	3		10	dcs:63570
sraktinā	srakti	NOUN	coverage-hole	n.instr.sg	5		10	dcs:728732
svebhiḥ	sva	ADJ	slot-conflict	m.instr.pl	5	svaiḥ	10	dcs:636872_1
svātma	svātman	NOUN	compound-member		5		10	dcs:90335
svāyaṃbhuvaḥ	svāyambhuva	ADJ	slot-conflict	m.nom.sg	10	svāyambhuvaḥ	10	dcs:690393
tandrīṃ	tandrā	NOUN	slot-conflict	f.acc.sg	8	tandrām	10	dcs:90441
trāmā	trāman	NOUN	coverage-hole	m.nom.sg	5		10	dcs:641694
tāmasām	tāmasa	ADJ	coverage-hole	f.acc.sg	7		10	dcs:579083
udayām	udaya	NOUN	coverage-hole	f.acc.sg	5		10	dcs:39503
ugrataḥ	ugra	NOUN	slot-conflict	m.abl.sg	5	ugrāt	10	dcs:437162
upadha	upadhā	NOUN	compound-member		3		10	dcs:552310
uttarīyāḥ	uttarīya	NOUN	coverage-hole	m.nom.pl	1		10	dcs:67729
vadanau	vadana	NOUN	coverage-hole	m.nom.du	4		10	dcs:656932
vartmānam	vartman	NOUN	coverage-hole	m.acc.sg	5		10	dcs:635030
vikriyam	vikriyā	NOUN	coverage-hole	m.acc.sg	3		10	dcs:88786
viṣṇavi	viṣṇu	NOUN	slot-conflict	m.loc.sg	5	viṣṇau	10	dcs:726830
voḍhāram	voḍhṛ	NOUN	coverage-hole	m.acc.sg	5		10	dcs:202316
vāsasau	vāsas	NOUN	coverage-hole	m.nom.du	5		10	dcs:93794
yauvanau	yauvana	NOUN	coverage-hole	m.nom.du	5		10	dcs:626988
yāvāṇā	yāvan	NOUN	slot-conflict	m.acc.du	2	yāvānau	10	dcs:713770
ābharaṇau	ābharaṇa	NOUN	coverage-hole	m.nom.du	3		10	dcs:215874
ādhārāṇi	ādhāra	NOUN	coverage-hole	n.nom.pl	3		10	dcs:450691
āgasam	āgas	NOUN	coverage-hole	m.acc.sg	5		10	dcs:177694
ākhyebhyaḥ	ākhyā	NOUN	coverage-hole	m.abl.pl	3		10	dcs:553228
śriyau	śrī	NOUN	slot-conflict	f.nom.du	5	śryau	10	dcs:64235
śīrṣāṇaḥ	śīrṣan	NOUN	coverage-hole	m.nom.pl	5		10	dcs:748650_1
achidrayā	acchidra	ADJ	coverage-hole	f.instr.sg	6		9	dcs:687546
adabdhebhiḥ	adabdha	ADJ	slot-conflict	m.instr.pl	6	adabdhaiḥ	9	dcs:641281_1
ahobhyāṃ	ahar	NOUN	slot-conflict	n.instr.du	1	ahārbhyām	9	dcs:590182
ajarebhiḥ	ajara	ADJ	slot-conflict	m.instr.pl	6	ajaraiḥ	9	dcs:687715
asthnā	asthi	NOUN	slot-conflict	n.instr.sg	5	asthinā	9	dcs:647292
ayasmayām	ayasmaya	ADJ	coverage-hole	f.acc.sg	9		9	dcs:200345
balīyāḥ	balīyas	ADJ	coverage-hole	m.nom.sg	7		9	dcs:464128_1
balīyāṃsaḥ	balīyas	ADJ	coverage-hole	m.nom.pl	5		9	dcs:650358_2
bhāllabeyaḥ	bhāllaveya	NOUN	slot-conflict	m.nom.sg	6	bhāllaveyaḥ	9	dcs:663089
brāhmaṇāsaḥ	brāhmaṇa	NOUN	slot-conflict	m.nom.pl	4	brāhmaṇāḥ	9	dcs:519854
caturthām	caturtha	ADJ	coverage-hole	f.acc.sg	6		9	dcs:43244
dehataḥ	deha	NOUN	slot-conflict	n.abl.sg	5	dehāt	9	dcs:94394
dyauṣ	div	NOUN	lexicon-gap	m.nom.sg	5		9	dcs:646216
hīnataḥ	hīna	ADJ	slot-conflict	m.abl.sg	3	hīnāt	9	dcs:166991
itarāya	itara	PRON	slot-conflict	n.dat.sg	4	itarasmai	9	dcs:96702
jānuvoḥ	jānu	NOUN	slot-conflict	m.loc.du	4	jānvoḥ	9	dcs:518655_1
lobhataḥ	lobha	NOUN	slot-conflict	m.abl.sg	6	lobhāt	9	dcs:653675
maghono	maghavan	ADJ	slot-conflict	m.acc.pl	4	maghavnaḥ	9	dcs:641408
mahīyān	mahīyas	ADJ	coverage-hole	m.nom.sg	7		9	dcs:95989
matsarāsaḥ	matsara	ADJ	slot-conflict	m.nom.pl	5	matsarāḥ	9	dcs:592056_2
mānavām	mānava	ADJ	coverage-hole	f.acc.sg	7		9	dcs:91478
mūrcchayā	mūrchā	NOUN	slot-conflict	f.instr.sg	6	mūrchayā	9	dcs:642286
nañaḥ	nañ	NOUN	coverage-hole	m.abl.sg	4		9	dcs:553907
omāsaḥ	oma	NOUN	slot-conflict	m.nom.pl	5	omāḥ	9	dcs:748691
parasparataḥ	paraspara	PRON	coverage-hole	m.abl.sg	5		9	dcs:464318
patreṣu	pattra	NOUN	slot-conflict	m.loc.pl	5	pattreṣu	9	dcs:65047
patriṇāṃ	pattrin	NOUN	slot-conflict	m.gen.pl	3	pattriṇām	9	dcs:359367
pañcamāyām	pañcama	ADJ	coverage-hole	f.loc.sg	6		9	dcs:472867_1
putrataḥ	putra	NOUN	slot-conflict	m.abl.sg	5	putrāt	9	dcs:644215
pṛkṣāsaḥ	pṛkṣa	ADJ	slot-conflict	m.nom.pl	5	pṛkṣāḥ	9	dcs:596773
rājbhyaḥ	rājan	NOUN	slot-conflict	m.dat.pl	4	rājabhyaḥ	9	dcs:527496
satriṇaḥ	sattrin	NOUN	slot-conflict	m.nom.pl	5	sattriṇaḥ	9	dcs:651507
saṃbhāṣām	sambhāṣā	NOUN	slot-conflict	f.acc.sg	4	sambhāṣām	9	dcs:435137
saṃbādhe	sambādha	NOUN	slot-conflict	m.loc.sg	8	sambādhe	9	dcs:465916
saṃvvatsaram	saṃvatsara	NOUN	slot-conflict	n.acc.sg	3	saṃvatsaram	9	dcs:565235_6
svasa	svasṛ	NOUN	slot-conflict	f.voc.sg	1	svasar	9	dcs:636584
svatavadbhyaḥ	svatavas	ADJ	slot-conflict	m.dat.pl	5	svatavobhyaḥ	9	dcs:673521
sālvaṃ	śālva	NOUN	slot-conflict	m.acc.sg	7	śālvam	9	dcs:761263
sāṃparāyikam	sāmparāyika	NOUN	slot-conflict	n.nom.sg	3	sāmparāyikam	9	dcs:76785
tado	tad	NOUN	coverage-hole	m.abl.sg	1		9	dcs:553736
tanuve	tanū	NOUN	slot-conflict	f.dat.sg	5	tanvai	9	dcs:389843
varīyāḥ	varīyas	ADJ	coverage-hole	m.nom.sg	7		9	dcs:529687
vārtayā	vārttā	NOUN	slot-conflict	f.instr.sg	5	vārttayā	9	dcs:89112
yūnoḥ	yuvan	NOUN	coverage-hole	m.gen.du	4		9	dcs:619285
ūrmā	ūrmi	NOUN	slot-conflict	f.loc.sg	3	ūrmau ūrmyām	9	dcs:592372
ṛtāṣāh	ṛtāṣah	ADJ	slot-conflict	m.nom.sg	7	ṛtāṣaṭ	9	dcs:424844_1
ṛṣvebhiḥ	ṛṣva	ADJ	slot-conflict	m.instr.pl	6	ṛṣvaiḥ	9	dcs:592402
abhiṣekām	abhiṣeka	NOUN	coverage-hole	f.acc.sg	4		8	dcs:568404
achidraḥ	acchidra	ADJ	slot-conflict	m.nom.sg	2	acchidraḥ	8	dcs:650909
achidrā	acchidra	ADJ	slot-conflict	n.acc.pl	2	acchidrāṇi	8	dcs:650909
adasaḥ	adas	NOUN	coverage-hole	m.gen.sg	5		8	dcs:551568
agnīṃr	agni	NOUN	slot-conflict	m.acc.pl	4	agnīn	8	dcs:650172_1
agruvai	agrū	NOUN	slot-conflict	f.dat.sg	4	agrvai	8	dcs:649245
ahobhya	ahar	NOUN	slot-conflict	n.dat.pl	3	ahārbhyaḥ	8	dcs:698124
ajrāṁ	ajra	NOUN	slot-conflict	m.acc.pl	4	ajrān	8	dcs:597931
ambhasam	ambhas	NOUN	coverage-hole	f.acc.sg	2		8	dcs:521848
antarātma	antarātman	NOUN	compound-member		4		8	dcs:584351
antaḥpurāḥ	antaḥpura	NOUN	coverage-hole	m.nom.pl	4		8	dcs:324388
anulepanām	anulepana	NOUN	coverage-hole	f.acc.sg	4		8	dcs:484367
anupānāḥ	anupāna	NOUN	coverage-hole	m.nom.pl	3		8	dcs:33360
anuvāsanān	anuvāsana	NOUN	coverage-hole	m.acc.pl	4		8	dcs:35791
apadānāḥ	apadāna	NOUN	coverage-hole	m.nom.pl	4		8	dcs:183526
asmākebhiḥ	asmāka	ADJ	slot-conflict	m.instr.pl	5	asmākaiḥ	8	dcs:593889
atyayataḥ	atyaya	NOUN	slot-conflict	m.abl.sg	4	atyayāt	8	dcs:653129
aṃśukām	aṃśuka	NOUN	coverage-hole	f.acc.sg	4		8	dcs:574904
aṅkurāṇi	aṅkura	NOUN	coverage-hole	n.acc.pl	3		8	dcs:619882
aṣṭacatvāriṃśatī	aṣṭacatvāriṃśat	NUM	slot-conflict	f.nom.sg	4	aṣṭacatvāriṃśat	8	dcs:58302
aṭṭahāsinīm	aṭṭahāsin	ADJ	coverage-hole	f.acc.sg	4		8	dcs:761723
bandhuni	bandhu	NOUN	coverage-hole	n.loc.sg	3		8	dcs:553845
bhiṣaṅmātrī	bhiṣaṅmātṛ	NOUN	slot-conflict	f.nom.sg	6	bhiṣaṅmātā	8	dcs:437873
bubhukṣaḥ	bubhukṣā	NOUN	coverage-hole	m.nom.sg	4		8	dcs:27721
camasāṁ	camasa	NOUN	slot-conflict	m.acc.pl	4	camasān	8	dcs:595141_2
caturthāyām	caturtha	ADJ	coverage-hole	f.loc.sg	7		8	dcs:464587
cintaḥ	cintā	NOUN	coverage-hole	m.nom.sg	4		8	dcs:556218
daṃsāḥ	daṃsas	NOUN	coverage-hole	m.nom.sg	3		8	dcs:593193
dhanasaṃmatasya	dhanasammata	NOUN	slot-conflict	m.gen.sg	4	dhanasammatasya	8	dcs:654457
dāraṇām	dāraṇa	ADJ	coverage-hole	f.acc.sg	6		8	dcs:580615
ekasyai	eka	NUM	coverage-hole	f.dat.sg	4		8	dcs:651146
ekādaśāsaḥ	ekādaśa	ADJ	slot-conflict	m.nom.pl	4	ekādaśāḥ	8	dcs:697343_2
eṇas	eṇa	NOUN	slot-conflict	m.nom.sg	1	eṇaḥ	8	dcs:43982
eṣṭrī	eṣṭṛ	ADJ	slot-conflict	f.nom.pl	1	eṣṭāraḥ	8	dcs:727961
gantārā	gantṛ	ADJ	slot-conflict	m.acc.du	2	gantārau	8	dcs:592100
gomāṁ	gomat	ADJ	slot-conflict	m.nom.sg	4	gomān	8	dcs:701228
hvaḥ	hvā	NOUN	coverage-hole	m.abl.sg	2		8	dcs:551734
jyeṣṭhasām	jyeṣṭhasāman	NOUN	slot-conflict	n.acc.sg	5	jyeṣṭhasāma	8	dcs:543367
jyeṣṭhebhiḥ	jyeṣṭha	ADJ	slot-conflict	m.instr.pl	4	jyeṣṭhaiḥ	8	dcs:595388
jātīn	jāti	NOUN	coverage-hole	m.acc.pl	4		8	dcs:180376
kalaṅkām	kalaṅka	NOUN	coverage-hole	f.acc.sg	4		8	dcs:577871
kathaiḥ	kathā	NOUN	coverage-hole	m.instr.pl	4		8	dcs:477824
kautūhalāḥ	kautūhala	NOUN	coverage-hole	m.nom.pl	3		8	dcs:531869
kimaḥ	kim	NOUN	coverage-hole	m.abl.sg	4		8	dcs:553618
kramataḥ	kramatas	ADV	coverage-hole	m.gen.sg	2		8	dcs:589976
kratumāṁ	kratumat	ADJ	slot-conflict	m.nom.sg	4	kratumān	8	dcs:593203
kratvaḥ	kratu	NOUN	slot-conflict	f.nom.pl	2	kratavaḥ	8	dcs:716538
kuṭumbi	kuṭumbin	NOUN	compound-member		4		8	dcs:522498
kālataḥ	kālatas	ADV	coverage-hole	m.abl.sg	6		8	dcs:614319
kūlān	kūla	NOUN	coverage-hole	m.acc.pl	3		8	dcs:646501
laghima	laghiman	NOUN	compound-member		4		8	dcs:385250
lasīkāni	lasīkā	NOUN	coverage-hole	n.nom.pl	4		8	dcs:61618
lataḥ	latā	NOUN	coverage-hole	m.nom.sg	4		8	dcs:486201
lepayā	lepa	NOUN	coverage-hole	f.instr.sg	4		8	dcs:329223
majjanoḥ	majjan	NOUN	slot-conflict	m.gen.du	4	majjñoḥ	8	dcs:43199
marmāṇaḥ	marman	NOUN	coverage-hole	m.nom.pl	4		8	dcs:232534
martāṁ	marta	NOUN	slot-conflict	m.acc.pl	4	martān	8	dcs:637363
mūrdhnīḥ	mūrdhan	NOUN	coverage-hole	f.nom.pl	2		8	dcs:637664_2
mṛttikam	mṛttikā	NOUN	coverage-hole	m.acc.sg	2		8	dcs:763175
navyasīṃ	navyas	ADJ	slot-conflict	f.acc.sg	3	navyasam	8	dcs:651690
nidram	nidrā	NOUN	coverage-hole	m.acc.sg	4		8	dcs:37636
nirodhikā	nirodhaka	ADJ	coverage-hole	f.nom.sg	2		8	dcs:644911
niviḍa	nibiḍa	ADJ	compound-member		4		8	dcs:365835
niyutvāṁ	niyutvat	ADJ	slot-conflict	m.nom.sg	4	niyutvān	8	dcs:650809
nyāyāni	nyāya	NOUN	coverage-hole	n.acc.pl	2		8	dcs:726955_1
nābhitaḥ	nābhi	NOUN	slot-conflict	f.abl.sg	6	nābheḥ nābhyāḥ	8	dcs:32331
nāmakām	nāmaka	ADJ	coverage-hole	f.acc.sg	4		8	dcs:78685
nāmsu	nāman	NOUN	slot-conflict	n.loc.pl	5	nāmasu	8	dcs:549766
odanām	odana	NOUN	coverage-hole	f.acc.sg	4		8	dcs:638912
parijmānam	parijman	ADJ	coverage-hole	m.acc.sg	4		8	dcs:592156_1
patiyoḥ	pati	NOUN	slot-conflict	m.gen.du	4	patyoḥ	8	dcs:522095
patniyā	patnī	NOUN	slot-conflict	f.instr.sg	2	patnyā	8	dcs:706498
patrabhaṅga	pattrabhaṅga	NOUN	compound-member		4		8	dcs:629543
pittān	pitta	NOUN	slot-conflict	n.abl.sg	4	pittāt	8	dcs:27394
pittāḥ	pitta	NOUN	coverage-hole	m.nom.pl	1		8	dcs:31431
prahāvarīḥ	prahāvat	ADJ	coverage-hole	f.nom.pl	4		8	dcs:736167
pramātāraṃ	pramātṛ	ADJ	slot-conflict	m.acc.sg	3	pramātaram	8	dcs:45084
pratikriyaḥ	pratikriyā	NOUN	coverage-hole	m.nom.sg	3		8	dcs:520959
praśaṃsaḥ	praśaṃsā	NOUN	coverage-hole	m.nom.sg	1		8	dcs:564382
praṇidhānāḥ	praṇidhāna	NOUN	coverage-hole	m.nom.pl	1		8	dcs:723801
preyāḥ	preyas	ADJ	coverage-hole	m.nom.sg	6		8	dcs:102865
pruṣaḥ	pruṣ	ADJ	lexicon-gap	f.nom.pl	3		8	dcs:718068
punaryuvā	punaryuvan	ADJ	coverage-hole	m.nom.sg	4		8	dcs:64462
purolāśeṣu	puroḍāśa	NOUN	slot-conflict	m.loc.pl	4	puroḍāśeṣu	8	dcs:697127_1
pāṣāṇabhedi	pāṣāṇabhedin	NOUN	compound-member		4		8	dcs:434441
pūrvebhiḥ	pūrva	PRON	slot-conflict	m.instr.pl	5	pūrvaiḥ	8	dcs:470086
pṛśniyai	pṛśni	NOUN	slot-conflict	f.dat.sg	4	pṛśnaye pṛśnyai	8	dcs:672013
pṛṣṭhau	pṛṣṭha	NOUN	coverage-hole	m.nom.du	3		8	dcs:528801
raghudruvaḥ	raghudru	ADJ	slot-conflict	m.nom.pl	2	raghudravaḥ	8	dcs:684876
rajasas	rajas	NOUN	slot-conflict	n.gen.sg	6	rajasaḥ	8	dcs:465
rakṣitrī	rakṣitṛ	ADJ	slot-conflict	f.nom.sg	4	rakṣitā	8	dcs:648436
ratīn	rati	NOUN	coverage-hole	m.acc.pl	4		8	dcs:641953
raśanam	raśanā	NOUN	coverage-hole	n.acc.sg	3		8	dcs:670067_1
reṣma	reṣman	NOUN	compound-member		4		8	dcs:649241
rodhas	rodha	NOUN	compound-member		3		8	dcs:31867
rudhaḥ	rudh	NOUN	lexicon-gap	m.abl.sg	1		8	dcs:552239
rājikebhiḥ	rājikā	NOUN	coverage-hole	n.instr.pl	4		8	dcs:328437
rātriyai	rātri	NOUN	slot-conflict	f.dat.sg	4	rātraye rātryai	8	dcs:718835_1
rūpataḥ	rūpa	NOUN	slot-conflict	n.abl.sg	7	rūpāt	8	dcs:94560
sanoḥ	san	NOUN	lexicon-gap	m.loc.du	3		8	dcs:551796
saptamām	saptama	ADJ	coverage-hole	f.acc.sg	8		8	dcs:63705
sarparājñiyā	sarparājñī	NOUN	slot-conflict	f.gen.sg	4	sarparājñyāḥ	8	dcs:719446
satrasya	sattra	NOUN	slot-conflict	n.gen.sg	5	sattrasya	8	dcs:574482
saṃbhavena	sambhava	NOUN	slot-conflict	m.instr.sg	3	sambhavena	8	dcs:388956
saṃbhedaḥ	sambheda	NOUN	slot-conflict	m.nom.sg	4	sambhedaḥ	8	dcs:654220
saṃbhrame	sambhrama	NOUN	slot-conflict	m.loc.sg	7	sambhrame	8	dcs:763292
saṃbhāvanā	sambhāvanā	NOUN	slot-conflict	f.nom.sg	5	sambhāvanā	8	dcs:523328
saṃbhāṣaṇaḥ	sambhāṣaṇa	NOUN	coverage-hole	m.nom.sg	2		8	dcs:629749
saṃbhāṣā	sambhāṣā	NOUN	slot-conflict	f.nom.sg	3	sambhāṣā	8	dcs:698401
saṃbodhaye	sambodhi	NOUN	slot-conflict	f.dat.sg	4	sambodhaye sambodhyai	8	dcs:645596
saṃhārāṇi	saṃhāra	NOUN	coverage-hole	n.nom.pl	2		8	dcs:658602
saṃmodanīṃ	sammodana	ADJ	coverage-hole	f.acc.sg	4		8	dcs:654580
saṃmudaḥ	sammud	NOUN	coverage-hole	m.nom.pl	3		8	dcs:636928
saṃmukhā	sammukha	ADJ	slot-conflict	m.nom.pl	3	sammukhāḥ	8	dcs:728670
saṃmārjanaṃ	sammārjana	NOUN	slot-conflict	n.acc.sg	6	sammārjanam	8	dcs:543627
saṃpradānena	sampradāna	NOUN	slot-conflict	n.instr.sg	7	sampradānena	8	dcs:382125
saṃprahāraḥ	samprahāra	NOUN	slot-conflict	m.nom.sg	8	samprahāraḥ	8	dcs:580525
saṃprakāśana	samprakāśana	NOUN	compound-member		4		8	dcs:723818
saṃprāptiḥ	samprāpti	NOUN	slot-conflict	f.nom.sg	6	samprāptiḥ	8	dcs:61807
saṃpuṭa	sampuṭa	NOUN	compound-member		3		8	dcs:629838
saṃpāte	sampāta	NOUN	slot-conflict	m.loc.sg	4	sampāte	8	dcs:519835
saṃrādhanyai	saṃrādhana	ADJ	coverage-hole	f.dat.sg	4		8	dcs:434884
saṃrājaṃ	samrāj	NOUN	slot-conflict	m.acc.sg	4	samrājam	8	dcs:437180
sme	sma	NOUN	coverage-hole	m.loc.sg	4		8	dcs:552443
smṛtinā	smṛti	NOUN	coverage-hole	m.instr.sg	4		8	dcs:645086
srotasam	srotas	NOUN	coverage-hole	f.acc.sg	4		8	dcs:629604
svagākṛtyai	svagākṛti	NOUN	coverage-hole	f.dat.sg	4		8	dcs:718788_1
svāyaṃbhuvasya	svāyambhuva	NOUN	slot-conflict	m.gen.sg	7	svāyambhuvasya	8	dcs:758423
sāhīm	sah	ADJ	slot-conflict	f.acc.sg	4	saham	8	dcs:669477_1
sāyaṃprātar	sāyamprātar	ADV	indeclinable		5		8	dcs:634318
sītam	sītā	NOUN	coverage-hole	m.acc.sg	2		8	dcs:737940
sītaḥ	sītā	NOUN	coverage-hole	m.nom.sg	4		8	dcs:484278
tanutrāṇāḥ	tanutrāṇa	NOUN	coverage-hole	m.nom.pl	4		8	dcs:172648
tvotāsaḥ	tvota	ADJ	slot-conflict	m.nom.pl	6	tvotāḥ	8	dcs:591907
tṛṣvīm	tṛṣu	ADJ	slot-conflict	f.acc.sg	4	tṛṣum	8	dcs:648919
tṛṣṇasya	tṛṣṇā	NOUN	coverage-hole	m.gen.sg	4		8	dcs:478693
udarkāṇi	udarka	NOUN	coverage-hole	n.acc.pl	3		8	dcs:97158
ukthāyuvaṃ	ukthāyu	ADJ	slot-conflict	m.acc.sg	3	ukthāyum	8	dcs:671852
unmukhām	unmukha	ADJ	coverage-hole	f.acc.sg	4		8	dcs:617838
upacārām	upacāra	NOUN	coverage-hole	f.acc.sg	4		8	dcs:58825
upadham	upadhā	NOUN	coverage-hole	n.nom.sg	2		8	dcs:530284
upadhasya	upadhā	NOUN	coverage-hole	m.gen.sg	4		8	dcs:554055
upadohām	upadoha	NOUN	coverage-hole	f.acc.sg	4		8	dcs:308921
upakaraṇāḥ	upakaraṇa	NOUN	coverage-hole	m.nom.pl	4		8	dcs:194594
upāt	upa	NOUN	coverage-hole	m.abl.sg	6		8	dcs:551729
us	ṛ	NOUN	coverage-hole	m.nom.sg	2		8	dcs:551607
utpādikaḥ	utpādikā	NOUN	coverage-hole	m.nom.sg	4		8	dcs:464793
vaiṇavām	vaiṇava	ADJ	coverage-hole	f.acc.sg	7		8	dcs:458105
vakṣassu	vakṣas	NOUN	slot-conflict	n.loc.pl	4	vakṣaḥsu	8	dcs:593230_2
varpasam	varpas	NOUN	coverage-hole	f.acc.sg	2		8	dcs:633193_1
vasīyāṃsam	vasīyas	ADJ	coverage-hole	m.acc.sg	4		8	dcs:705022
vaṃśām	vaṃśa	NOUN	coverage-hole	f.acc.sg	4		8	dcs:123339
vibhvīḥ	vibhu	ADJ	slot-conflict	f.nom.pl	2	vibhavaḥ	8	dcs:641711
vidhṛtībhyāṃ	vidhṛti	NOUN	slot-conflict	f.instr.du	4	vidhṛtibhyām	8	dcs:670707
vijñānau	vijñāna	NOUN	coverage-hole	m.acc.du	2		8	dcs:528842
vyāyāmām	vyāyāma	NOUN	coverage-hole	f.acc.sg	4		8	dcs:747517_1
vāriṇas	vāri	NOUN	slot-conflict	n.gen.sg	6	vāriṇaḥ	8	dcs:75570
vṛkye	vṛkī	NOUN	slot-conflict	f.dat.sg	4	vṛkyai	8	dcs:594277
yaknaḥ	yakṛt	NOUN	slot-conflict	n.abl.sg	3	yakṛtaḥ	8	dcs:647177
yugān	yuga	NOUN	coverage-hole	m.acc.pl	4		8	dcs:245711
yānapātrāḥ	yānapātra	NOUN	coverage-hole	m.nom.pl	4		8	dcs:653649
yātraḥ	yātrā	NOUN	coverage-hole	m.nom.sg	3		8	dcs:655508
yūnā	yuvan	NOUN	coverage-hole	m.instr.sg	4		8	dcs:551696
āgnāvaiṣṇavyā	āgnāvaiṣṇava	ADJ	coverage-hole	f.instr.sg	4		8	dcs:672343
āgnāvaiṣṇavīṃ	āgnāvaiṣṇava	ADJ	coverage-hole	f.acc.sg	3		8	dcs:727912
ālambanāḥ	ālambana	NOUN	coverage-hole	m.nom.pl	3		8	dcs:479338
ārambhaṇān	ārambhaṇa	NOUN	coverage-hole	m.acc.pl	4		8	dcs:756144
ārāmām	ārāma	NOUN	coverage-hole	f.acc.sg	4		8	dcs:573202
ātapataḥ	ātapa	NOUN	slot-conflict	m.abl.sg	3	ātapāt	8	dcs:671171
ātmakāyām	ātmaka	ADJ	coverage-hole	f.loc.sg	4		8	dcs:375958
āyatanām	āyatana	NOUN	coverage-hole	f.acc.sg	4		8	dcs:663854
āśayām	āśaya	NOUN	coverage-hole	f.acc.sg	4		8	dcs:529201
śarīrataḥ	śarīra	NOUN	slot-conflict	n.abl.sg	7	śarīrāt	8	dcs:528331
śirojāḥ	śiroja	NOUN	coverage-hole	m.nom.pl	4		8	dcs:467756
śrotāpatti	srotaāpatti	NOUN	compound-member		4		8	dcs:655644
śūrasātā	śūrasāti	NOUN	slot-conflict	f.loc.sg	4	śūrasātau śūrasātyām	8	dcs:592475
ūdhabhiḥ	ūdhas	NOUN	slot-conflict	n.instr.pl	3	ūdhobhiḥ	8	dcs:596484_1
ṣaṭpañcāśatī	ṣaṭpañcāśat	NOUN	slot-conflict	f.nom.sg	5	ṣaṭpañcāśat	8	dcs:30192
ajñānataḥ	ajñāna	NOUN	slot-conflict	n.abl.sg	5	ajñānāt	7	dcs:353283
anvayām	anvaya	NOUN	coverage-hole	f.acc.sg	3		7	dcs:574735
apsarāsu	apsaras	NOUN	slot-conflict	f.loc.pl	5	apsaraḥsu	7	dcs:633505
ariṣṭebhiḥ	ariṣṭa	ADJ	slot-conflict	n.instr.pl	3	ariṣṭaiḥ	7	dcs:650341_1
asadṛśām	asadṛśa	ADJ	coverage-hole	f.acc.sg	4		7	dcs:176650
asthinas	asthi	NOUN	slot-conflict	n.gen.sg	5	asthinaḥ	7	dcs:33000
asthnaḥ	asthi	NOUN	slot-conflict	n.gen.sg	3	asthinaḥ	7	dcs:647296
bhasattaḥ	bhasad	NOUN	slot-conflict	f.abl.sg	4	bhasadaḥ	7	dcs:727882
bhūmanaḥ	bhūman	NOUN	slot-conflict	n.gen.sg	3	bhūmnaḥ	7	dcs:601977
dānavām	dānava	ADJ	coverage-hole	f.acc.sg	5		7	dcs:201314
evaṃprāyā	evamprāya	ADJ	slot-conflict	m.nom.pl	2	evamprāyāḥ	7	dcs:763104
haṃsāsaḥ	haṃsa	NOUN	slot-conflict	m.nom.pl	4	haṃsāḥ	7	dcs:596484_1
homadhenvaḥ	homadhenu	NOUN	slot-conflict	f.gen.sg	4	homadhenoḥ homadhenvāḥ	7	dcs:581033
idamaḥ	idam	NOUN	coverage-hole	m.gen.sg	3		7	dcs:552122
idhmapravraścanāni	idhmapravraścana	NOUN	coverage-hole	n.acc.pl	4		7	dcs:669707
jaghanataḥ	jaghanatas	ADV	coverage-hole	n.abl.sg	3		7	dcs:91405
jyeṣṭhāsaḥ	jyeṣṭha	ADJ	slot-conflict	m.nom.pl	4	jyeṣṭhāḥ	7	dcs:600130_1
jyāyasīṃ	jyāyas	ADJ	slot-conflict	f.acc.sg	3	jyāyasam	7	dcs:489406
jāmātāraḥ	jāmātṛ	NOUN	slot-conflict	m.nom.pl	5	jāmātaraḥ	7	dcs:540549
jātitaḥ	jāti	NOUN	slot-conflict	f.abl.sg	6	jāteḥ jātyāḥ	7	dcs:331347
khaśāḥ	khasa	NOUN	slot-conflict	m.nom.pl	4	khasāḥ	7	dcs:543937
kulastriyaḥ	kulastrī	NOUN	slot-conflict	f.nom.pl	5	kulastryaḥ	7	dcs:613432
kāmakārataḥ	kāmakāra	NOUN	slot-conflict	m.abl.sg	6	kāmakārāt	7	dcs:460221
kūśmāṇḍaiḥ	kūṣmāṇḍa	NOUN	coverage-hole	m.instr.pl	6		7	dcs:519136
medhyāsaḥ	medhya	ADJ	slot-conflict	m.nom.pl	4	medhyāḥ	7	dcs:634547
mittrāvasuḥ	mitrāvasu	NOUN	slot-conflict	m.nom.sg	5	mitrāvasuḥ	7	dcs:619282
mātṝr	mātṛ	NOUN	slot-conflict	f.acc.pl	6	mātṝḥ	7	dcs:687791
mūrcchanāḥ	mūrchana	NOUN	coverage-hole	f.acc.pl	3		7	dcs:642973
nīthāni	nītha	NOUN	coverage-hole	n.acc.pl	3		7	dcs:650911
pittataḥ	pitta	NOUN	slot-conflict	n.abl.sg	7	pittāt	7	dcs:645853
prathamasyāḥ	prathama	ADJ	coverage-hole	f.gen.sg	3		7	dcs:635844_1
puṣyarāgaṃ	puṣparāga	NOUN	coverage-hole	n.nom.sg	6		7	dcs:18134
pāpīyasam	pāpīyas	ADJ	coverage-hole	f.acc.sg	5		7	dcs:90631
pūlī	pūla	NOUN	compound-member		3		7	dcs:629789
rombhyaḥ	roman	NOUN	slot-conflict	n.abl.pl	4	romabhyaḥ	7	dcs:540464
rudriyāsaḥ	rudriya	NOUN	slot-conflict	m.voc.pl	3	rudriyāḥ	7	dcs:592688
samakṣataḥ	samakṣa	ADJ	slot-conflict	n.abl.sg	3	samakṣāt	7	dcs:92963
satriṇām	sattrin	NOUN	slot-conflict	m.gen.pl	4	sattriṇām	7	dcs:762067
saṃbandhinaḥ	sambandhin	ADJ	slot-conflict	m.acc.pl	3	sambandhinaḥ	7	dcs:464269
saṃbhavaiḥ	sambhava	NOUN	slot-conflict	m.instr.pl	3	sambhavaiḥ	7	dcs:762001
saṃbhavāt	sambhava	NOUN	slot-conflict	m.abl.sg	1	sambhavāt	7	dcs:479401
saṃbhāraiḥ	sambhāra	NOUN	slot-conflict	m.instr.pl	5	sambhāraiḥ	7	dcs:29953
saṃmukhī	sammukha	ADJ	coverage-hole	f.nom.sg	4		7	dcs:615876
saṃnipātataḥ	saṃnipāta	NOUN	slot-conflict	m.abl.sg	4	saṃnipātāt	7	dcs:645853
saṃpade	sampad	NOUN	slot-conflict	f.dat.sg	5	sampade	7	dcs:570986
saṃpradāyaḥ	sampradāya	NOUN	slot-conflict	m.nom.sg	3	sampradāyaḥ	7	dcs:70056
saṃvvatsaraḥ	saṃvatsara	NOUN	slot-conflict	m.nom.sg	4	saṃvatsaraḥ	7	dcs:565192_2
svasārā	svasṛ	NOUN	slot-conflict	f.nom.du	3	svasārau	7	dcs:684956
sārataḥ	sāra	NOUN	slot-conflict	m.abl.sg	5	sārāt	7	dcs:331574
tṛtīyasyā	tṛtīya	ADJ	coverage-hole	f.gen.sg	2		7	dcs:72490
uddeśataḥ	uddeśa	NOUN	slot-conflict	m.abl.sg	4	uddeśāt	7	dcs:560750
varīyāṃsam	varīyas	ADJ	coverage-hole	m.acc.sg	3		7	dcs:650879
vaḍavāmukhe	vaḍabāmukha	NOUN	slot-conflict	n.loc.sg	3	vaḍabāmukhe	7	dcs:761645
vidūrataḥ	vidūra	ADJ	slot-conflict	n.abl.sg	2	vidūrāt	7	dcs:615545
vārdhuṣika	vārddhuṣika	NOUN	compound-member		2		7	dcs:630793
vāruṇām	vāruṇa	ADJ	coverage-hole	f.acc.sg	6		7	dcs:453293
yujau	yuj	ADJ	slot-conflict	f.nom.du	2	yuñjau	7	dcs:694629
yāj	yāt	ADV	slot-conflict	m.nom.sg	2	yāt	7	dcs:648469
yātāraḥ	yātṛ	ADJ	slot-conflict	m.nom.pl	2	yātaraḥ	7	dcs:761409
ākārataḥ	ākāra	NOUN	slot-conflict	m.abl.sg	4	ākārāt	7	dcs:644775
ānupūrvā	ānupūrva	NOUN	coverage-hole	f.nom.sg	4		7	dcs:76532
ānupūrvām	ānupūrva	NOUN	coverage-hole	f.acc.sg	4		7	dcs:178481
āviṣ	āvis	ADV	coverage-hole	f.nom.sg	1		7	dcs:684707
śaśvantā	śaśvat	ADJ	slot-conflict	m.nom.du	3	śaśvantau	7	dcs:749063
abhisaṃdhaḥ	abhisaṃdhā	NOUN	coverage-hole	m.nom.sg	3		6	dcs:473373
abhisaṃdhena	abhisaṃdhā	NOUN	coverage-hole	m.instr.sg	3		6	dcs:188707
achidre	acchidra	ADJ	slot-conflict	n.nom.du	2	acchidre	6	dcs:682765
achāvākīyām	acchāvākīyā	NOUN	slot-conflict	f.acc.sg	3	acchāvākīyām	6	dcs:650885
adhisthānena	adhiṣṭhāna	NOUN	slot-conflict	n.instr.sg	3	adhiṣṭhānena	6	dcs:666781
adhiṣṭhātrī	adhiṣṭhātṛ	ADJ	slot-conflict	f.nom.sg	3	adhiṣṭhātā	6	dcs:560390
agnicityaḥ	agnicityā	NOUN	coverage-hole	m.nom.sg	3		6	dcs:672599
agnīni	agni	NOUN	coverage-hole	n.nom.pl	2		6	dcs:488975
agrajanma	agrajanman	NOUN	compound-member		3		6	dcs:76459
ahiphenau	ahiphena	NOUN	coverage-hole	m.nom.du	3		6	dcs:356630
ahyaṃ	ahī	ADJ	coverage-hole	m.acc.sg	2		6	dcs:647671
amavāṁ	amavat	ADJ	slot-conflict	m.nom.sg	3	amavān	6	dcs:716637
amūṣāṃ	adas	PRON	coverage-hole	f.gen.pl	2		6	dcs:94230
anantavarma	anantavarman	NOUN	compound-member		3		6	dcs:489384
anekeṣām	aneka	PRON	slot-conflict	n.gen.pl	3	anekānām	6	dcs:489530
anubhāvayā	anubhāva	NOUN	coverage-hole	f.instr.sg	3		6	dcs:613796
anukampam	anukampā	NOUN	coverage-hole	n.acc.sg	3		6	dcs:487945
anukampāya	anukampā	NOUN	coverage-hole	n.dat.sg	2		6	dcs:525417
anulepanau	anulepana	NOUN	coverage-hole	m.nom.du	2		6	dcs:763328
anumānataḥ	anumāna	NOUN	slot-conflict	n.abl.sg	4	anumānāt	6	dcs:96835
anupānām	anupāna	NOUN	coverage-hole	f.acc.sg	3		6	dcs:35807
anusāriṇīm	anusārin	ADJ	coverage-hole	f.acc.sg	3		6	dcs:556869
anuttarasyāṃ	anuttara	ADJ	coverage-hole	f.loc.sg	2		6	dcs:657825
anuśāsanā	anuśāsana	NOUN	coverage-hole	f.nom.sg	1		6	dcs:570498
anyāyataḥ	anyāya	NOUN	slot-conflict	m.abl.sg	4	anyāyāt	6	dcs:759585
apekṣeṇa	apekṣā	NOUN	coverage-hole	m.instr.sg	2		6	dcs:355184
apramāṇā	apramāṇa	ADJ	coverage-hole	f.nom.sg	3		6	dcs:644067
apsarābhyaḥ	apsaras	NOUN	slot-conflict	f.dat.pl	4	apsarobhyaḥ	6	dcs:646177
apunaruktāḥ	apunarukta	ADJ	coverage-hole	m.nom.pl	3		6	dcs:85083
arddha	ardha	NOUN	compound-member		3		6	dcs:687346
arthāyām	artha	NOUN	coverage-hole	f.loc.sg	3		6	dcs:552523
asmattaḥ	mad	PRON	lexicon-gap	?.abl.pl	3		6	dcs:625800
atyāsaḥ	atya	NOUN	slot-conflict	m.nom.pl	3	atyāḥ	6	dcs:602943_1
atīni	ati	ADJ	coverage-hole	n.nom.pl	3		6	dcs:501818_1
avabhṛthāni	avabhṛtha	NOUN	coverage-hole	n.nom.pl	3		6	dcs:750121
avadānā	avadāna	NOUN	coverage-hole	f.nom.sg	2		6	dcs:689514
avajñaḥ	avajñā	NOUN	coverage-hole	m.nom.sg	3		6	dcs:614712
avamasyām	avama	ADJ	coverage-hole	f.loc.sg	3		6	dcs:594069
avitrī	avitṛ	ADJ	slot-conflict	f.nom.sg	2	avitā	6	dcs:596429
aviyoḥ	avi	NOUN	slot-conflict	m.gen.du	3	avyoḥ	6	dcs:14054
aśivāsaḥ	aśiva	ADJ	slot-conflict	m.nom.pl	3	aśivāḥ	6	dcs:565191_1
aśrasya	asra	NOUN	slot-conflict	n.gen.sg	3	asrasya	6	dcs:466652
aṃśikam	aṃśikā	NOUN	coverage-hole	n.acc.sg	3		6	dcs:156797
aṅkāni	aṅka	NOUN	coverage-hole	n.acc.pl	2		6	dcs:485736
balhikān	balhika	NOUN	coverage-hole	m.acc.pl	3		6	dcs:648483
bhagavāṁ	bhagavat	ADJ	slot-conflict	m.nom.sg	3	bhagavān	6	dcs:647522
bharasam	bharas	NOUN	coverage-hole	m.acc.sg	3		6	dcs:749689
bharttāram	bhartṛ	NOUN	slot-conflict	m.acc.sg	3	bhartāram	6	dcs:631599
bheṣajebhiḥ	bheṣaja	NOUN	slot-conflict	n.instr.pl	4	bheṣajaiḥ	6	dcs:646918_2
bhramāsa	bhrama	NOUN	slot-conflict	m.nom.pl	3	bhramāḥ	6	dcs:683168
bhūmikaḥ	bhūmikā	NOUN	coverage-hole	m.nom.sg	1		6	dcs:627406
bhūmn	bhūman	NOUN	slot-conflict	m.voc.sg	6	bhūman	6	dcs:89988
bhūṣam	bhūṣā	NOUN	coverage-hole	m.acc.sg	3		6	dcs:558438
bindukām	binduka	NOUN	coverage-hole	f.acc.sg	3		6	dcs:427465
bodhisatvaṃ	bodhisattva	NOUN	slot-conflict	m.acc.sg	2	bodhisattvam	6	dcs:365006
brāhmaṇāchaṃsi	brāhmaṇācchaṃsin	NOUN	compound-member		3		6	dcs:698260
buddhitaḥ	buddhi	NOUN	slot-conflict	f.abl.sg	5	buddheḥ buddhyāḥ	6	dcs:616537
carmāṇam	carman	NOUN	coverage-hole	m.acc.sg	3		6	dcs:465719
caturviṃśatyāṃ	caturviṃśati	NUM	slot-conflict	f.loc.sg	1	caturviṃśatau viṃśatyām	6	dcs:677311
catuṣṣṭomaḥ	catuṣṭoma	NOUN	slot-conflict	m.nom.sg	3	catuṣṭomaḥ	6	dcs:737743
catvarām	catvara	NOUN	coverage-hole	f.acc.sg	3		6	dcs:88094
cihnau	cihna	NOUN	coverage-hole	m.nom.du	2		6	dcs:544332
dakṣiṇebhiḥ	dakṣiṇā	NOUN	coverage-hole	n.instr.pl	3		6	dcs:169826
darbhapuṣpāḥ	darbhapuṣpa	NOUN	coverage-hole	m.nom.pl	3		6	dcs:59907
darbhām	darbha	NOUN	coverage-hole	f.acc.sg	3		6	dcs:477830
darśayitrī	darśayitṛ	ADJ	slot-conflict	f.nom.sg	3	darśayitā	6	dcs:644904
daṃśmā	daṃśman	NOUN	coverage-hole	m.nom.sg	3		6	dcs:649440
dhanasaṃmatena	dhanasammata	NOUN	slot-conflict	m.instr.sg	3	dhanasammatena	6	dcs:654469
dharima	dhariman	NOUN	compound-member		3		6	dcs:81385
dhruvataḥ	dhruva	NOUN	slot-conflict	n.abl.sg	2	dhruvāt	6	dcs:436285
dhūmāni	dhūma	NOUN	coverage-hole	n.acc.pl	2		6	dcs:59376
dhṛṣṇav	dhṛṣṇu	ADJ	slot-conflict	m.voc.sg	5	dhṛṣṇo	6	dcs:592446
digantarā	digantara	NOUN	coverage-hole	f.nom.sg	2		6	dcs:359243
dogdhāraḥ	dogdhṛ	ADJ	coverage-hole	m.nom.pl	3		6	dcs:638968_1
drāghīyān	drāghīyas	ADJ	coverage-hole	m.nom.sg	3		6	dcs:727049
duhitṛtaḥ	duhitṛ	NOUN	slot-conflict	f.abl.sg	3	duhituḥ	6	dcs:644543
durjanī	durjana	ADJ	coverage-hole	f.nom.sg	2		6	dcs:622485
dvijanmnaḥ	dvijanman	NOUN	slot-conflict	m.acc.pl	4	dvijanmanaḥ	6	dcs:521633
dvitīyasyāḥ	dvitīya	ADJ	coverage-hole	f.gen.sg	3		6	dcs:626957
dīpām	dīpa	NOUN	coverage-hole	f.acc.sg	3		6	dcs:616577
ekatamena	ekatama	ADJ	coverage-hole	m.instr.sg	3		6	dcs:444934
gandhahasti	gandhahastin	NOUN	compound-member		3		6	dcs:526382
ghṛtebhiḥ	ghṛta	NOUN	slot-conflict	n.instr.pl	5	ghṛtaiḥ	6	dcs:648933
gmaḥ	gam	NOUN	lexicon-gap	?.gen.sg	2		6	dcs:592338
gnāvas	gnāvat	ADJ	slot-conflict	m.voc.sg	4	gnāvan	6	dcs:671481
granthyā	granthi	NOUN	coverage-hole	f.instr.sg	2		6	dcs:423315
grāmaṇye	grāmaṇī	ADJ	coverage-hole	m.dat.sg	3		6	dcs:70392
gātrīm	gātra	ADJ	coverage-hole	f.acc.sg	3		6	dcs:642101
harivāṁ	harivat	ADJ	slot-conflict	m.nom.sg	3	harivān	6	dcs:650796
haviṣmas	haviṣmat	ADJ	slot-conflict	m.voc.sg	4	haviṣman	6	dcs:650354_1
havāsaḥ	hava	NOUN	slot-conflict	m.nom.pl	3	havāḥ	6	dcs:596820
hetukām	hetuka	NOUN	coverage-hole	f.acc.sg	3		6	dcs:468201
hetutaḥ	hetu	NOUN	slot-conflict	m.abl.sg	4	hetoḥ	6	dcs:286271
hrasīyān	hrasīyas	ADJ	coverage-hole	m.nom.sg	3		6	dcs:491295
induvoḥ	indu	NOUN	slot-conflict	m.gen.du	3	indvoḥ	6	dcs:590144
ivā	iva	PART	indeclinable		4		6	dcs:635964
iṣṭakam	iṣṭakā	NOUN	coverage-hole	m.acc.sg	2		6	dcs:737857
janyāsa	janya	ADJ	slot-conflict	m.nom.pl	2	janyāḥ	6	dcs:660314
jrayasam	jrayas	NOUN	coverage-hole	m.acc.sg	3		6	dcs:718076
jvarām	jvara	NOUN	coverage-hole	f.acc.sg	3		6	dcs:32178
jyotiṣas	jyotis	NOUN	slot-conflict	n.gen.sg	3	jyotiṣaḥ	6	dcs:647436
jāgṛvāṃsaḥ	jāgṛvas	ADJ	slot-conflict	m.nom.pl	4	jāgṛvasaḥ	6	dcs:557328
kalatrāḥ	kalatra	NOUN	coverage-hole	m.nom.pl	3		6	dcs:519153
kaliṅgasenātaḥ	kaliṅgasenā	NOUN	slot-conflict	f.abl.sg	3	kaliṅgasenāyāḥ	6	dcs:623096
kauśalāḥ	kauśala	NOUN	coverage-hole	m.nom.pl	2		6	dcs:529157
ketanān	ketana	NOUN	coverage-hole	m.acc.pl	3		6	dcs:258433
kośāsa	kośa	NOUN	slot-conflict	m.nom.pl	1	kośāḥ	6	dcs:603609
kriyātaḥ	kriyā	NOUN	slot-conflict	f.abl.sg	4	kriyāyāḥ	6	dcs:589900
kurīrā	kurīra	NOUN	coverage-hole	f.nom.sg	3		6	dcs:716300_1
kuśikāsaḥ	kuśika	NOUN	slot-conflict	m.nom.pl	5	kuśikāḥ	6	dcs:597088
kābhiḥ	ka	PRON	coverage-hole	f.instr.pl	3		6	dcs:560542
kāryataḥ	kāryatas	ADV	coverage-hole	n.abl.sg	3		6	dcs:98970
kūpāni	kūpa	NOUN	coverage-hole	n.nom.pl	3		6	dcs:455372
kūśmāṇḍāni	kūṣmāṇḍa	NOUN	slot-conflict	n.acc.pl	2	kūṣmāṇḍāni	6	dcs:436838
kṣatrāsaḥ	kṣatra	NOUN	coverage-hole	m.nom.pl	3		6	dcs:592142
kṣatrāḥ	kṣatra	NOUN	coverage-hole	m.nom.pl	1		6	dcs:337961
kṣaudrām	kṣaudra	NOUN	coverage-hole	f.acc.sg	3		6	dcs:6690
leśataḥ	leśa	NOUN	slot-conflict	m.abl.sg	4	leśāt	6	dcs:44387
lāṅgūlāḥ	lāṅgūla	NOUN	coverage-hole	m.nom.pl	3		6	dcs:134878
madhuchandāḥ	madhucchandas	NOUN	slot-conflict	m.nom.sg	2	madhucchandāḥ	6	dcs:748676_1
madhuśarkaram	madhuśarkarā	NOUN	coverage-hole	n.acc.sg	2		6	dcs:33077
madhyamāsa	madhyama	ADJ	slot-conflict	m.nom.pl	2	madhyamāḥ	6	dcs:598481
madirāsaḥ	madira	ADJ	slot-conflict	m.nom.pl	4	madirāḥ	6	dcs:605840
mahiṣāṁ	mahiṣa	NOUN	slot-conflict	m.acc.pl	3	mahiṣān	6	dcs:600887
mahātmnaḥ	mahātman	ADJ	coverage-hole	m.acc.pl	5		6	dcs:472521
marakatāḥ	marakata	NOUN	coverage-hole	m.nom.pl	3		6	dcs:544736
marmāṇam	marman	NOUN	coverage-hole	m.acc.sg	3		6	dcs:250126
mitravarma	mitravarman	NOUN	compound-member		3		6	dcs:525614
mittrasya	mitra	NOUN	slot-conflict	m.gen.sg	3	mitrasya	6	dcs:615623
mittre	mitra	NOUN	slot-conflict	n.nom.du	2	mitre	6	dcs:619515
mradīyān	mradīyas	ADJ	coverage-hole	m.nom.sg	3		6	dcs:773243
mustebhiḥ	mustā	NOUN	coverage-hole	n.instr.pl	3		6	dcs:35708
mādhuchandasam	mādhucchandasa	NOUN	slot-conflict	n.acc.sg	2	mādhucchandasam	6	dcs:748675_1
māmikām	māmaka	ADJ	coverage-hole	f.acc.sg	2		6	dcs:688335
māṃsataḥ	māṃsa	NOUN	slot-conflict	n.abl.sg	3	māṃsāt	6	dcs:626016
mīḍhvāṁ	mīḍhvas	ADJ	slot-conflict	m.nom.sg	3	mīḍhvān	6	dcs:592365
mṛttika	mṛttikā	NOUN	compound-member		1		6	dcs:654735
mṛtyuvoḥ	mṛtyu	NOUN	slot-conflict	m.gen.du	2	mṛtyvoḥ	6	dcs:63275
naimittikām	naimittika	ADJ	coverage-hole	f.acc.sg	4		6	dcs:558803
nakhām	nakha	NOUN	coverage-hole	f.acc.sg	3		6	dcs:670417
nakṣatrām	nakṣatra	NOUN	coverage-hole	f.acc.sg	3		6	dcs:273145
navyasyā	navyas	ADJ	slot-conflict	f.instr.sg	3	navyasā	6	dcs:601014
navyasībhiḥ	navyas	ADJ	slot-conflict	f.instr.pl	5	navyobhiḥ	6	dcs:651842
nideśataḥ	nideśa	NOUN	slot-conflict	m.abl.sg	3	nideśāt	6	dcs:619606
nirbandhataḥ	nirbandha	NOUN	slot-conflict	m.abl.sg	3	nirbandhāt	6	dcs:621282
nisargataḥ	nisarga	NOUN	slot-conflict	m.abl.sg	5	nisargāt	6	dcs:573065
niyaḥ	nī	NOUN	lexicon-gap	f.abl.sg	2		6	dcs:551740
nāgarām	nāgara	NOUN	coverage-hole	f.acc.sg	3		6	dcs:34651
nāmānau	nāman	NOUN	coverage-hole	m.nom.du	3		6	dcs:762341
nīlima	nīliman	NOUN	compound-member		3		6	dcs:487743
nūtanāsa	nūtana	ADJ	slot-conflict	m.nom.pl	1	nūtanāḥ	6	dcs:600987
padāyām	pada	NOUN	coverage-hole	f.loc.sg	3		6	dcs:652430
padīm	pada	NOUN	coverage-hole	f.acc.sg	3		6	dcs:659963
paribhyaḥ	pari	NOUN	coverage-hole	m.abl.pl	3		6	dcs:551725
parimāṇā	parimāṇa	NOUN	coverage-hole	f.nom.sg	2		6	dcs:67905
pariṇāhāni	pariṇāha	NOUN	coverage-hole	n.nom.pl	2		6	dcs:1144
pathāni	patha	NOUN	coverage-hole	n.nom.pl	2		6	dcs:603061
paurvāhṇikībhyāṃ	paurvāhṇika	ADJ	coverage-hole	f.instr.du	3		6	dcs:728297
pauṃsyebhiḥ	pauṃsya	NOUN	slot-conflict	n.instr.pl	4	pauṃsyaiḥ	6	dcs:593884_1
paṭīyāḥ	paṭīyas	ADJ	coverage-hole	f.nom.sg	4		6	dcs:489018
pidhānakā	pidhānaka	NOUN	coverage-hole	f.nom.sg	3		6	dcs:155344
pidhānāyām	pidhāna	NOUN	coverage-hole	f.loc.sg	3		6	dcs:524671
pipāsaḥ	pipāsā	NOUN	coverage-hole	m.nom.sg	3		6	dcs:60322
pitumāṁ	pitumat	ADJ	slot-conflict	m.nom.sg	3	pitumān	6	dcs:594949
prabharmā	prabharman	NOUN	coverage-hole	m.nom.sg	3		6	dcs:702617
praharaṇataḥ	praharaṇa	NOUN	slot-conflict	n.abl.sg	3	praharaṇāt	6	dcs:771013
pramocanām	pramocana	ADJ	coverage-hole	f.acc.sg	3		6	dcs:386705
prathinā	prathiman	NOUN	slot-conflict	m.instr.sg	3	prathimnā	6	dcs:591913
pratimasya	pratimā	NOUN	coverage-hole	m.gen.sg	3		6	dcs:477200
pratiṣeddhā	pratiṣeddhṛ	ADJ	coverage-hole	m.nom.sg	3		6	dcs:177440
pruṣā	pruṣ	ADJ	lexicon-gap	n.instr.sg	1		6	dcs:686205
prītitaḥ	prīti	NOUN	slot-conflict	f.abl.sg	4	prīteḥ prītyāḥ	6	dcs:623452
pādāni	pāda	NOUN	coverage-hole	n.acc.pl	2		6	dcs:293182
pārṣṇiyoḥ	pārṣṇi	NOUN	slot-conflict	m.gen.du	4	pārṣṇyoḥ	6	dcs:27695
pūjanā	pūjana	NOUN	coverage-hole	f.nom.sg	2		6	dcs:286808
ratnāsaḥ	ratna	NOUN	slot-conflict	m.nom.pl	3	ratnāḥ	6	dcs:603143
raśanena	raśanā	NOUN	coverage-hole	m.instr.sg	2		6	dcs:727534_1
roddhrī	roddhṛ	ADJ	coverage-hole	f.nom.sg	3		6	dcs:534239
rāgāṇi	rāga	NOUN	coverage-hole	n.acc.pl	2		6	dcs:765261
sahasvas	sahasvat	ADJ	slot-conflict	m.voc.sg	6	sahasvan	6	dcs:595747
sakhivāṁ	sakhivat	ADJ	slot-conflict	m.nom.sg	3	sakhivān	6	dcs:650479
sakhyebhiḥ	sakhya	NOUN	slot-conflict	n.instr.pl	3	sakhyaiḥ	6	dcs:596699
samaṃbhūmi	samambhūmi	ADV	indeclinable		3		6	dcs:70693_1
samudrataḥ	samudra	NOUN	slot-conflict	m.abl.sg	5	samudrāt	6	dcs:647446
sapiṇḍām	sapiṇḍa	ADJ	coverage-hole	f.acc.sg	3		6	dcs:389708
sarvatomukhām	sarvatomukha	ADJ	coverage-hole	f.acc.sg	5		6	dcs:541736
sarṣapāṇi	sarṣapa	NOUN	coverage-hole	n.acc.pl	2		6	dcs:389392
sattvataḥ	sattva	NOUN	slot-conflict	n.abl.sg	4	sattvāt	6	dcs:88041
saubhagebhiḥ	saubhaga	NOUN	slot-conflict	n.instr.pl	3	saubhagaiḥ	6	dcs:650341_1
saudhanvanāsaḥ	saudhanvana	NOUN	slot-conflict	m.nom.pl	3	saudhanvanāḥ	6	dcs:594098
saṃbahulān	sambahula	ADJ	slot-conflict	m.acc.pl	3	sambahulān	6	dcs:642763
saṃbahulāni	sambahula	ADJ	slot-conflict	n.nom.pl	3	sambahulāni	6	dcs:643808
saṃbandhinaṃ	sambandhin	ADJ	slot-conflict	m.acc.sg	3	sambandhinam	6	dcs:624899
saṃbharaṇyāṃ	sambharaṇī	NOUN	slot-conflict	f.loc.sg	3	sambharaṇyām	6	dcs:671363
saṃbhedaṃ	sambheda	NOUN	slot-conflict	m.acc.sg	1	sambhedam	6	dcs:294875
saṃbhāṣaḥ	sambhāṣā	NOUN	coverage-hole	m.nom.sg	3		6	dcs:435719
saṃbhāṣaṇeṣu	sambhāṣaṇa	NOUN	slot-conflict	n.loc.pl	3	sambhāṣaṇeṣu	6	dcs:629882
saṃmukhe	sammukha	ADJ	slot-conflict	n.loc.sg	3	sammukhe	6	dcs:368085
saṃpadi	sampad	NOUN	slot-conflict	f.loc.sg	2	sampadi	6	dcs:76740
saṃparāye	samparāya	NOUN	slot-conflict	m.loc.sg	5	samparāye	6	dcs:519853
saṃplave	samplava	NOUN	slot-conflict	m.loc.sg	5	samplave	6	dcs:766197
saṃpraiṣāḥ	sampraiṣa	NOUN	slot-conflict	m.nom.pl	3	sampraiṣāḥ	6	dcs:756155
saṃprakṣālanī	samprakṣālanī	NOUN	slot-conflict	f.nom.sg	3	samprakṣālanī	6	dcs:520150
saṃpreṣaṇa	sampreṣaṇa	NOUN	compound-member		3		6	dcs:642764
saṃpriyau	sampriya	ADJ	slot-conflict	m.nom.du	2	sampriyau	6	dcs:649413
saṃpriyaṃ	sampriya	ADJ	slot-conflict	m.acc.sg	3	sampriyam	6	dcs:677118
saṃprokṣaṇam	samprokṣaṇa	NOUN	slot-conflict	n.nom.sg	3	samprokṣaṇam	6	dcs:470126
saṃprokṣaṇībhyāṃ	samprokṣaṇī	NOUN	slot-conflict	f.instr.du	3	samprokṣaṇībhyām	6	dcs:71105
saṃpātāt	sampāta	NOUN	slot-conflict	m.abl.sg	3	sampātāt	6	dcs:70879
siṃhavarma	siṃhavarman	NOUN	compound-member		3		6	dcs:487898
sthalām	sthala	NOUN	coverage-hole	f.acc.sg	3		6	dcs:526944
sthāmā	sthāman	NOUN	coverage-hole	f.nom.sg	1		6	dcs:645512
sudham	sudhā	NOUN	coverage-hole	m.acc.sg	2		6	dcs:526820
sujātāsaḥ	sujāta	ADJ	slot-conflict	m.nom.pl	3	sujātāḥ	6	dcs:600083_1
svasrām	svasṛ	NOUN	slot-conflict	f.gen.pl	3	svasṝṇām	6	dcs:648075
sākaṃprasthāyyaḥ	sākamprasthāyya	NOUN	slot-conflict	m.nom.sg	1	sākamprasthāyyaḥ	6	dcs:712769
sāttvikām	sāttvika	ADJ	coverage-hole	f.acc.sg	5		6	dcs:292215
sāṃmanasyam	sāmmanasya	NOUN	slot-conflict	n.acc.sg	2	sāmmanasyam	6	dcs:647930
sāṃpadaṃ	sāmpada	ADJ	slot-conflict	m.acc.sg	2	sāmpadam	6	dcs:70475
sāṃpadāni	sāmpada	ADJ	slot-conflict	n.nom.pl	3	sāmpadāni	6	dcs:70306_1
sūrpam	śūrpa	NOUN	slot-conflict	n.nom.sg	3	śūrpam	6	dcs:772569
sūrpasya	śūrpa	NOUN	slot-conflict	m.gen.sg	2	śūrpasya	6	dcs:772569
sūryāsaḥ	sūrya	NOUN	slot-conflict	m.nom.pl	3	sūryāḥ	6	dcs:594535
tanāyā	tanā	NOUN	coverage-hole	f.gen.sg	3		6	dcs:636994
tanūnaptre	tanūnapāt	NOUN	slot-conflict	m.dat.sg	3	tanūnapāte	6	dcs:698553
tarutrī	tarutṛ	ADJ	slot-conflict	f.nom.sg	3	tarutā	6	dcs:469808
tatrā	tatra	ADV	indeclinable		5		6	dcs:594011
tavyasīṃ	tavyas	ADJ	slot-conflict	f.acc.sg	2	tavyasam	6	dcs:651690
tejanām	tejana	NOUN	coverage-hole	f.acc.sg	3		6	dcs:649126
tricaḥ	tṛca	NOUN	slot-conflict	m.nom.sg	3	tṛcaḥ	6	dcs:731207
tvebhiḥ	tva	NOUN	slot-conflict	n.instr.pl	3	tvaiḥ	6	dcs:748708
tūr	tur	ADJ	slot-conflict	m.nom.sg	3	tūḥ	6	dcs:735115
tṛtīyasyai	tṛtīya	ADJ	coverage-hole	f.dat.sg	3		6	dcs:718014
tṛṣbhyām	tṛṣ	NOUN	slot-conflict	f.instr.du	3	tṛḍbhyām	6	dcs:88791
ubhayāya	ubhaya	ADJ	slot-conflict	n.dat.sg	2	ubhayasmai	6	dcs:551371
udakau	udaka	NOUN	coverage-hole	m.nom.du	3		6	dcs:346263
udi	ud	NOUN	lexicon-gap	m.loc.sg	3		6	dcs:552356
ugraṃpaśye	ugrapaśyā	NOUN	slot-conflict	f.voc.sg	2	ugrapaśye	6	dcs:636470
upadravāṇi	upadrava	NOUN	coverage-hole	n.nom.pl	3		6	dcs:31507
upahāravarma	upahāravarman	NOUN	compound-member		3		6	dcs:487525
upakaraṇām	upakaraṇa	NOUN	coverage-hole	f.acc.sg	3		6	dcs:41211
upakaraṇān	upakaraṇa	NOUN	coverage-hole	m.acc.pl	3		6	dcs:243436
upalabdhuḥ	upalabdhṛ	ADJ	coverage-hole	m.gen.sg	3		6	dcs:771909
upalāni	upala	NOUN	coverage-hole	n.nom.pl	3		6	dcs:29510
utsavām	utsava	NOUN	coverage-hole	f.acc.sg	3		6	dcs:617398
uḍupām	uḍupa	NOUN	coverage-hole	f.acc.sg	3		6	dcs:242178
vahoḥ	vah	NOUN	lexicon-gap	m.gen.du	3		6	dcs:552356
vaistārikī	vaistārika	ADJ	coverage-hole	f.nom.sg	3		6	dcs:644470
vaiśaṃpāyanam	vaiśampāyana	NOUN	slot-conflict	m.acc.sg	5	vaiśampāyanam	6	dcs:757704
vaktrayā	vaktra	NOUN	coverage-hole	f.instr.sg	3		6	dcs:622119
vamriyaḥ	vamra	NOUN	coverage-hole	f.nom.pl	3		6	dcs:753005_1
vanaspatīṃr	vanaspati	NOUN	slot-conflict	m.acc.pl	4	vanaspatīn	6	dcs:595089
vanīyān	vanīyas	ADJ	coverage-hole	m.nom.sg	3		6	dcs:650031
vartaninā	vartani	NOUN	coverage-hole	m.instr.sg	3		6	dcs:770547
vaśāsa	vaśā	NOUN	slot-conflict	f.nom.pl	1	vaśāḥ	6	dcs:647631
vedamātrī	vedamātṛ	NOUN	slot-conflict	f.nom.sg	5	vedamātā	6	dcs:451742
vegayā	vega	NOUN	coverage-hole	f.instr.sg	3		6	dcs:158419
vepasam	vepas	NOUN	coverage-hole	m.acc.sg	2		6	dcs:603708_1
veṣṭanāḥ	veṣṭana	NOUN	coverage-hole	m.nom.pl	3		6	dcs:479110
vibhavataḥ	vibhava	NOUN	slot-conflict	m.abl.sg	2	vibhavāt	6	dcs:338692
vikrayi	vikrayin	ADJ	compound-member		3		6	dcs:490185_1
vivasva	vivasvat	ADJ	slot-conflict	m.voc.sg	4	vivasvan	6	dcs:672200
viṣṇusvāmi	viṣṇusvāmin	NOUN	compound-member		3		6	dcs:150227
voḍhāraḥ	voḍhṛ	NOUN	coverage-hole	m.nom.pl	5		6	dcs:307065
vyapadeśataḥ	vyapadeśa	NOUN	slot-conflict	m.abl.sg	3	vyapadeśāt	6	dcs:616060
vājāsa	vāja	NOUN	slot-conflict	m.nom.pl	1	vājāḥ	6	dcs:598127
vālakhilyau	vālakhilya	NOUN	coverage-hole	m.nom.du	4		6	dcs:566686
vāmanī	vāmana	ADJ	coverage-hole	f.nom.sg	4		6	dcs:330619
vāsavām	vāsava	ADJ	coverage-hole	f.acc.sg	6		6	dcs:163160
vṛṣṇyebhiḥ	vṛṣṇya	NOUN	slot-conflict	n.instr.pl	3	vṛṣṇyaiḥ	6	dcs:651868
vṛṣṭimāṁ	vṛṣṭimat	ADJ	slot-conflict	m.nom.sg	3	vṛṣṭimān	6	dcs:715682
yajanyai	yajana	ADJ	coverage-hole	f.dat.sg	3		6	dcs:669449_1
yakṛtau	yakṛt	NOUN	slot-conflict	n.nom.du	1	yakṛtī	6	dcs:76306
yatarad	yatara	PRON	slot-conflict	n.nom.sg	4	yatarat	6	dcs:651308
yathāsaṃbhavam	yathāsambhava	ADJ	slot-conflict	n.acc.sg	2	yathāsambhavam	6	dcs:389938
yavīyāṃsam	yavīyas	ADJ	coverage-hole	m.acc.sg	2		6	dcs:93887
yodhām	yodha	NOUN	coverage-hole	f.acc.sg	3		6	dcs:199542
yujyebhiḥ	yujya	ADJ	slot-conflict	m.instr.pl	4	yujyaiḥ	6	dcs:594956
yuvbhiḥ	yuvan	NOUN	coverage-hole	m.instr.pl	6		6	dcs:226999
yuvbhyaḥ	yuvan	NOUN	coverage-hole	m.abl.pl	2		6	dcs:490174_1
yāmānam	yāman	NOUN	coverage-hole	m.acc.sg	2		6	dcs:696923
yāvarīḥ	yāvan	NOUN	coverage-hole	f.nom.pl	1		6	dcs:593550
ādarām	ādara	NOUN	coverage-hole	f.acc.sg	3		6	dcs:616163
ādhārām	ādhāra	NOUN	coverage-hole	f.acc.sg	3		6	dcs:348399
āhutībhya	āhuti	NOUN	slot-conflict	f.dat.pl	1	āhutibhyaḥ	6	dcs:663422
ājñaḥ	ājñā	NOUN	coverage-hole	m.nom.sg	3		6	dcs:488543
ājñena	ājñā	NOUN	coverage-hole	m.instr.sg	3		6	dcs:524958
ākūtā	ākūta	NOUN	coverage-hole	f.nom.sg	2		6	dcs:629721
ātmakayā	ātmaka	ADJ	coverage-hole	f.instr.sg	3		6	dcs:526154
āyudhāsaḥ	āyudha	NOUN	coverage-hole	m.nom.pl	3		6	dcs:600513
āyuṣmataṃ	āyuṣmat	ADJ	slot-conflict	m.acc.sg	2	āyuṣmantam	6	dcs:643788
āyuṣmāṁ	āyuṣmat	ADJ	slot-conflict	m.nom.sg	3	āyuṣmān	6	dcs:648303_2
āyāmām	āyāma	NOUN	coverage-hole	f.acc.sg	3		6	dcs:464688_1
āśīyān	āśīyas	ADJ	coverage-hole	m.nom.sg	3		6	dcs:649895
īkṣaṇān	īkṣaṇa	NOUN	coverage-hole	m.acc.pl	3		6	dcs:579228
śagmāsaḥ	śagma	ADJ	slot-conflict	m.nom.pl	3	śagmāḥ	6	dcs:603021
śarvavarma	śarvavarman	NOUN	compound-member		3		6	dcs:614251
śatapatra	śatapattra	NOUN	compound-member		3		6	dcs:89554
śaṃbhuvā	śambhu	ADJ	slot-conflict	m.nom.du	1	śambhū	6	dcs:650440_1
śekharām	śekhara	NOUN	coverage-hole	f.acc.sg	3		6	dcs:453838
śimīvāṁ	śimīvat	ADJ	slot-conflict	m.nom.sg	3	śimīvān	6	dcs:596309_1
śirasau	śiras	NOUN	coverage-hole	m.nom.du	2		6	dcs:729876
śivāsaḥ	śiva	ADJ	slot-conflict	m.nom.pl	3	śivāḥ	6	dcs:599293
śliṣa	śliṣ	NOUN	compound-member		2		6	dcs:552221
śmaśrum	śmaśru	NOUN	coverage-hole	m.acc.sg	3		6	dcs:670388
śukrebhiḥ	śukra	ADJ	slot-conflict	n.instr.pl	4	śukraiḥ	6	dcs:596461
śundhyuvaḥ	śundhyu	ADJ	slot-conflict	f.acc.pl	2	śundhyūḥ	6	dcs:640427
śuṣmāsaḥ	śuṣma	NOUN	slot-conflict	m.nom.pl	4	śuṣmāḥ	6	dcs:599657
śveḥ	śvi	NOUN	lexicon-gap	m.gen.sg	3		6	dcs:554026
śyenāsaḥ	śyena	NOUN	slot-conflict	m.nom.pl	6	śyenāḥ	6	dcs:594353
śāḍvala	śādvala	NOUN	compound-member		3		6	dcs:763505
śūdrataḥ	śūdra	NOUN	slot-conflict	m.abl.sg	4	śūdrāt	6	dcs:437162
ūṣaṇau	ūṣaṇa	ADJ	coverage-hole	m.nom.du	3		6	dcs:60509
ṣadhasthā	sadhastha	NOUN	slot-conflict	n.nom.pl	3	sadhasthāni	6	dcs:681545
ṣaṣṭhām	ṣaṣṭha	ADJ	coverage-hole	f.acc.sg	5		6	dcs:37215
ṭat	tad	PRON	coverage-hole	n.acc.sg	5		6	dcs:669716
abhiprokṣaṇataḥ	abhiprokṣaṇa	NOUN	slot-conflict	n.abl.sg	5	abhiprokṣaṇāt	5	dcs:673510
achāvākam	acchāvāka	NOUN	slot-conflict	m.acc.sg	3	acchāvākam	5	dcs:652243
aci	ac	NOUN	lexicon-gap	m.loc.sg	3		5	dcs:552164
aghniyāsu	aghnyā	NOUN	slot-conflict	f.loc.pl	3	aghnyāsu	5	dcs:670659
ahicchatraṃ	ahicchattra	NOUN	slot-conflict	m.acc.sg	3	ahicchattram	5	dcs:759546
aiśvarām	aiśvara	ADJ	coverage-hole	f.acc.sg	5		5	dcs:96418
alpīyāḥ	alpīyas	ADJ	coverage-hole	m.nom.sg	3		5	dcs:438635
amṛtebhiḥ	amṛtā	NOUN	coverage-hole	n.instr.pl	2		5	dcs:29796
aparādhataḥ	aparādha	NOUN	slot-conflict	m.abl.sg	3	aparādhāt	5	dcs:93047
arkebhiḥ	arka	NOUN	slot-conflict	m.instr.pl	4	arkaiḥ	5	dcs:684834
aruṇebhiḥ	aruṇa	ADJ	slot-conflict	m.instr.pl	4	aruṇaiḥ	5	dcs:593629
asthabhiḥ	asthi	NOUN	slot-conflict	n.instr.pl	5	asthibhiḥ	5	dcs:684828
astriyām	astrī	NOUN	slot-conflict	f.loc.sg	3	astryām	5	dcs:76412
auṣṇihī	auṣṇiha	ADJ	coverage-hole	f.nom.sg	3		5	dcs:748915
avidūrataḥ	avidūra	NOUN	slot-conflict	n.abl.sg	4	avidūrāt	5	dcs:760710
aśmanas	aśman	NOUN	slot-conflict	m.abl.sg	3	aśmanaḥ	5	dcs:682758
aṇīyāṃsaḥ	aṇīyas	ADJ	coverage-hole	m.nom.pl	4		5	dcs:689217
bhiṇḍipālaiḥ	bhindipāla	NOUN	slot-conflict	m.instr.pl	5	bhindipālaiḥ	5	dcs:761821
bṛhatsām	bṛhatsāman	NOUN	slot-conflict	n.acc.sg	5	bṛhatsāma	5	dcs:450990
cittebhiḥ	citta	NOUN	slot-conflict	n.instr.pl	3	cittaiḥ	5	dcs:649145
dabhrebhiḥ	dabhra	ADJ	slot-conflict	m.instr.pl	4	dabhraiḥ	5	dcs:592475
daivikām	daivika	ADJ	coverage-hole	f.acc.sg	4		5	dcs:530240
davīyāḥ	davīyas	ADJ	coverage-hole	f.nom.sg	4		5	dcs:572991
deśataḥ	deśa	NOUN	slot-conflict	m.abl.sg	4	deśāt	5	dcs:90234
dhāmsu	dhāman	NOUN	slot-conflict	n.loc.pl	4	dhāmasu	5	dcs:31808
dhātutaḥ	dhātu	NOUN	slot-conflict	m.abl.sg	4	dhātoḥ	5	dcs:772755
draṣṭri	draṣṭṛ	NOUN	slot-conflict	m.loc.sg	4	draṣṭari	5	dcs:76587
duhitarā	duhitṛ	NOUN	slot-conflict	f.nom.du	3	duhitarau	5	dcs:529092
duhitryai	duhitṛ	NOUN	slot-conflict	f.dat.sg	4	duhitre	5	dcs:489436
durmedhas	durmedha	ADJ	compound-member		2		5	dcs:114217
durnāmbhiḥ	durnāman	NOUN	coverage-hole	n.instr.pl	3		5	dcs:32026
duśśastaṃ	duḥśasta	NOUN	slot-conflict	n.nom.sg	3	duḥśastam	5	dcs:661655
dānataḥ	dāna	NOUN	slot-conflict	n.abl.sg	3	dānāt	5	dcs:616157
girīṃr	giri	NOUN	slot-conflict	m.acc.pl	3	girīn	5	dcs:592669
gotamebhiḥ	gotama	NOUN	slot-conflict	m.instr.pl	3	gotamaiḥ	5	dcs:593222_1
gotamāsaḥ	gotama	NOUN	slot-conflict	m.nom.pl	4	gotamāḥ	5	dcs:652344
gotrataḥ	gotra	NOUN	slot-conflict	n.abl.sg	3	gotrāt	5	dcs:94515
haritālāyāḥ	haritāla	NOUN	coverage-hole	f.gen.sg	3		5	dcs:101166
hrasīyāḥ	hrasīyas	ADJ	coverage-hole	f.nom.sg	3		5	dcs:42374
iyanta	iyat	ADJ	coverage-hole	m.nom.pl	1		5	dcs:364617
jaṃbūdvīpe	jambūdvīpa	NOUN	slot-conflict	m.loc.sg	4	jambūdvīpe	5	dcs:373206
jyāyāṃsaḥ	jyāyas	ADJ	slot-conflict	m.nom.pl	3	jyāyasaḥ	5	dcs:652723_2
jñānān	jñāna	NOUN	coverage-hole	m.acc.pl	2		5	dcs:175971
kaniṣṭhikātaḥ	kaniṣṭhikā	NOUN	slot-conflict	f.abl.sg	3	kaniṣṭhikāyāḥ	5	dcs:727845
kiṃpuruṣa	kimpuruṣa	NOUN	compound-member		2		5	dcs:761055
kāpotām	kāpota	ADJ	coverage-hole	f.acc.sg	5		5	dcs:584509
kārtikeya	kārttikeya	NOUN	slot-conflict	m.nom.sg	2	kārttikeyaḥ	5	dcs:577954
kārṣṇāyasām	kārṣṇāyasa	ADJ	coverage-hole	f.acc.sg	5		5	dcs:543798
kṣattriyaḥ	kṣatriya	NOUN	slot-conflict	m.nom.sg	4	kṣatriyaḥ	5	dcs:578168
liṅgataḥ	liṅga	NOUN	slot-conflict	n.abl.sg	4	liṅgāt	5	dcs:63111
manastaḥ	manas	NOUN	slot-conflict	n.abl.sg	4	manasaḥ	5	dcs:645853
mithunāsaḥ	mithuna	ADJ	slot-conflict	m.nom.pl	4	mithunāḥ	5	dcs:638207
mitrāsaḥ	mitra	NOUN	slot-conflict	m.nom.pl	3	mitrāḥ	5	dcs:595009_1
māheśvarām	māheśvara	ADJ	coverage-hole	f.acc.sg	5		5	dcs:525864
mṛgāsaḥ	mṛga	NOUN	slot-conflict	m.nom.pl	4	mṛgāḥ	5	dcs:647316_2
mṛṇmayām	mṛṇmaya	ADJ	lexicon-gap	f.acc.sg	5		5	dcs:355719
mṛṣaḥ	mṛṣ	NOUN	lexicon-gap	m.abl.sg	2		5	dcs:551651
nahaḥ	nah	NOUN	lexicon-gap	m.abl.sg	1		5	dcs:552507
navanītā	navanīta	NOUN	coverage-hole	f.nom.sg	2		5	dcs:40331
naūnām	nau	NOUN	slot-conflict	f.gen.pl	4	nāvām	5	dcs:382839
paraṃparayā	paramparā	NOUN	slot-conflict	f.instr.sg	3	paramparayā	5	dcs:642916
payasvāṁ	payasvat	ADJ	slot-conflict	m.nom.sg	2	payasvān	5	dcs:670335
phalataḥ	phala	NOUN	slot-conflict	n.abl.sg	4	phalāt	5	dcs:70686_1
prabhavataḥ	prabhava	NOUN	slot-conflict	m.abl.sg	2	prabhavāt	5	dcs:573087
priyamedhāsaḥ	priyamedha	NOUN	slot-conflict	m.nom.pl	2	priyamedhāḥ	5	dcs:603873_1
prātassavanāt	prātaḥsavana	NOUN	slot-conflict	n.abl.sg	3	prātaḥsavanāt	5	dcs:665101
purīṣyāsaḥ	purīṣya	ADJ	slot-conflict	m.nom.pl	4	purīṣyāḥ	5	dcs:683028
pāpmnaḥ	pāpman	NOUN	slot-conflict	m.acc.pl	4	pāpmanaḥ	5	dcs:568801_1
pāpīyan	pāpīyas	ADJ	coverage-hole	m.voc.sg	3		5	dcs:656976
pūrvāsaḥ	pūrva	PRON	slot-conflict	m.nom.pl	3	pūrve pūrvāḥ	5	dcs:641423
raim	rai	NOUN	slot-conflict	m.acc.sg	1	rāyam	5	dcs:540462
rathirāsaḥ	rathira	ADJ	slot-conflict	m.nom.pl	4	rathirāḥ	5	dcs:605787
rayivas	rayivat	ADJ	slot-conflict	m.voc.sg	5	rayivan	5	dcs:700181
raśmīṃr	raśmi	NOUN	slot-conflict	m.acc.pl	3	raśmīn	5	dcs:594083
samīcīnāsaḥ	samīcīna	ADJ	slot-conflict	m.nom.pl	3	samīcīnāḥ	5	dcs:603855_1
satrāt	sattra	NOUN	slot-conflict	n.abl.sg	3	sattrāt	5	dcs:770014
satyāsaḥ	satya	ADJ	slot-conflict	m.nom.pl	3	satyāḥ	5	dcs:641667
saṃbandhena	sambandha	NOUN	slot-conflict	m.instr.sg	3	sambandhena	5	dcs:179819
saṃbharaṇaḥ	sambharaṇa	NOUN	slot-conflict	m.nom.sg	3	sambharaṇaḥ	5	dcs:737690
saṃbhāṣāyāṃ	sambhāṣā	NOUN	slot-conflict	f.loc.sg	3	sambhāṣāyām	5	dcs:62278
saṃbodhaḥ	sambodha	NOUN	slot-conflict	m.nom.sg	2	sambodhaḥ	5	dcs:770198
saṃmohāt	sammoha	NOUN	slot-conflict	m.abl.sg	4	sammohāt	5	dcs:220702
saṃmukhaḥ	sammukha	ADJ	slot-conflict	m.nom.sg	3	sammukhaḥ	5	dcs:583405
saṃplavaṃ	samplava	NOUN	slot-conflict	m.acc.sg	1	samplavam	5	dcs:764180
saṃpātinā	sampātin	ADJ	slot-conflict	m.instr.sg	4	sampātinā	5	dcs:629748
saṃrādhanīṃ	saṃrādhana	ADJ	coverage-hole	f.acc.sg	1		5	dcs:434883
saṃvvatsarasya	saṃvatsara	NOUN	slot-conflict	m.gen.sg	4	saṃvatsarasya	5	dcs:565358
sindhutaḥ	sindhu	NOUN	slot-conflict	m.abl.sg	4	sindhoḥ	5	dcs:647446
sparśataḥ	sparśa	NOUN	slot-conflict	m.abl.sg	4	sparśāt	5	dcs:644778
sthavīyān	sthavīyas	ADJ	coverage-hole	m.nom.sg	3		5	dcs:771013
sugebhiḥ	suga	NOUN	slot-conflict	n.instr.pl	4	sugaiḥ	5	dcs:469513
surabhā	surabhi	ADJ	slot-conflict	m.loc.sg	4	surabhau	5	dcs:683000
svatavān	svatavas	ADJ	slot-conflict	m.nom.sg	3	svatavāḥ	5	dcs:555363
sūrpa	śūrpa	NOUN	compound-member		2		5	dcs:772568
sṛkkiṇī	sṛkviṇī	NOUN	slot-conflict	f.acc.du	2	sṛkviṇyau	5	dcs:76357
tadaḥ	tad	NOUN	coverage-hole	m.abl.sg	3		5	dcs:553732
udo	ud	NOUN	lexicon-gap	m.abl.sg	1		5	dcs:551728
upacārataḥ	upacāra	NOUN	slot-conflict	m.abl.sg	4	upacārāt	5	dcs:44241
upālin	upāli	NOUN	slot-conflict	m.voc.sg	3	upāle	5	dcs:656910
varṣīyāṃsa	varṣīyas	ADJ	coverage-hole	m.nom.pl	2		5	dcs:689217
vasīyāṃsaḥ	vasīyas	ADJ	coverage-hole	m.nom.pl	4		5	dcs:648226_1
vidvasi	vidvas	ADJ	coverage-hole	m.loc.sg	3		5	dcs:285850
viśvaṃbharā	viśvambharā	NOUN	slot-conflict	f.nom.sg	3	viśvambharā	5	dcs:639727_1
vīrebhiḥ	vīra	NOUN	slot-conflict	m.instr.pl	3	vīraiḥ	5	dcs:596307_1
vīryebhiḥ	vīrya	NOUN	slot-conflict	n.instr.pl	4	vīryaiḥ	5	dcs:715889
yajuḥsu	yajus	NOUN	slot-conflict	n.loc.pl	4	yajuḥṣu	5	dcs:219297
yajñāsaḥ	yajña	NOUN	slot-conflict	m.nom.pl	4	yajñāḥ	5	dcs:599248
āmalakāyāḥ	āmalaka	NOUN	coverage-hole	f.gen.sg	3		5	dcs:21893
śrutitaḥ	śruti	NOUN	slot-conflict	f.abl.sg	3	śruteḥ śrutyāḥ	5	dcs:291571
śīrṣaṇaḥ	śīrṣan	NOUN	slot-conflict	n.abl.sg	2	śīrṣṇaḥ	5	dcs:90754
abhidhānān	abhidhāna	NOUN	coverage-hole	m.acc.pl	2		4	dcs:131285
abhisaṃdhasya	abhisaṃdhā	NOUN	coverage-hole	m.gen.sg	2		4	dcs:323225
abhyasūyam	abhyasūyā	NOUN	coverage-hole	n.acc.sg	2		4	dcs:367865
abhīrvaḥ	abhīru	NOUN	slot-conflict	f.abl.sg	1	abhīroḥ abhīrvāḥ	4	dcs:36368
achāvākāya	acchāvāka	NOUN	slot-conflict	m.dat.sg	2	acchāvākāya	4	dcs:652486
acām	ac	NOUN	lexicon-gap	m.gen.pl	2		4	dcs:554802
adaso	adas	NOUN	coverage-hole	m.gen.sg	2		4	dcs:551568
adhikārām	adhikāra	NOUN	coverage-hole	f.acc.sg	2		4	dcs:546300
adhvnaḥ	adhvan	NOUN	slot-conflict	m.acc.pl	2	adhvanaḥ	4	dcs:364426
aghniye	aghnyā	NOUN	slot-conflict	f.voc.sg	2	aghnye	4	dcs:673025
agnicityam	agnicityā	NOUN	coverage-hole	n.nom.sg	2		4	dcs:672807
agnitaḥ	agni	NOUN	slot-conflict	m.abl.sg	3	agneḥ	4	dcs:655467
ahaṃmāna	ahammāna	NOUN	compound-member		2		4	dcs:518234
aindrām	aindra	ADJ	coverage-hole	f.acc.sg	3		4	dcs:440465
aindrāvaruṇyā	aindrāvaruṇa	ADJ	coverage-hole	f.instr.sg	2		4	dcs:652455
aindrāvaruṇī	aindrāvaruṇa	ADJ	coverage-hole	f.nom.sg	2		4	dcs:652452
ajirāsaḥ	ajira	ADJ	slot-conflict	m.nom.pl	4	ajirāḥ	4	dcs:594849
akṣāsaḥ	akṣa	NOUN	slot-conflict	m.nom.pl	2	akṣāḥ	4	dcs:609987_1
ambum	ambu	NOUN	coverage-hole	f.acc.sg	2		4	dcs:15314
amunī	adas	PRON	coverage-hole	n.nom.du	3		4	dcs:89699
amṛtāsaṅgā	amṛtāsaṅga	NOUN	coverage-hole	f.nom.sg	2		4	dcs:438639
analām	anala	NOUN	coverage-hole	f.acc.sg	2		4	dcs:527595
anamīvāsa	anamīva	ADJ	slot-conflict	m.nom.pl	2	anamīvāḥ	4	dcs:696848
anarvāṇaḥ	anarvan	ADJ	coverage-hole	m.nom.pl	3		4	dcs:690392
anavadyāsaḥ	anavadya	ADJ	slot-conflict	m.nom.pl	2	anavadyāḥ	4	dcs:602970
antaryāmi	antaryāmin	NOUN	compound-member		2		4	dcs:68832
antarātmanau	antarātman	NOUN	slot-conflict	m.nom.du	1	antarātmānau	4	dcs:487683
anubalau	anubala	ADJ	coverage-hole	m.acc.du	2		4	dcs:32909
anukartri	anukartṛ	ADJ	slot-conflict	m.loc.sg	2	anukartari	4	dcs:467851
anulepanān	anulepana	NOUN	coverage-hole	m.acc.pl	2		4	dcs:243423
anupalabdhitaḥ	anupalabdhi	NOUN	slot-conflict	f.abl.sg	2	anupalabdheḥ anupalabdhyāḥ	4	dcs:645193
anurodhataḥ	anurodha	NOUN	slot-conflict	m.abl.sg	2	anurodhāt	4	dcs:613295
anusaraṇām	anusaraṇa	NOUN	coverage-hole	f.acc.sg	2		4	dcs:367463
anuśāsanī	anuśāsana	ADJ	coverage-hole	f.nom.sg	2		4	dcs:643432
anuśāsanīm	anuśāsana	ADJ	coverage-hole	f.acc.sg	2		4	dcs:643808
anuṣṭhātri	anuṣṭhātṛ	ADJ	coverage-hole	f.voc.sg	4		4	dcs:648437
anyebhiḥ	anya	PRON	slot-conflict	m.instr.pl	2	anyaiḥ	4	dcs:637444
anyonyeṣu	anyonya	PRON	coverage-hole	n.loc.pl	2		4	dcs:723989
anyonyān	anyonya	PRON	coverage-hole	m.acc.pl	2		4	dcs:487821
anūyājavat	anuyājavat	ADJ	slot-conflict	n.nom.sg	3	anuyājavat	4	dcs:706107
aparāsa	apara	PRON	slot-conflict	m.nom.pl	1	apare aparāḥ	4	dcs:641423
aparītāsa	aparīta	ADJ	slot-conflict	m.nom.pl	2	aparītāḥ	4	dcs:436184
apasas	apas	NOUN	slot-conflict	n.abl.sg	2	apasaḥ	4	dcs:691658
apatyau	apatya	NOUN	coverage-hole	m.nom.du	2		4	dcs:71746
apekṣasya	apekṣā	NOUN	coverage-hole	m.gen.sg	2		4	dcs:45427
apekṣau	apekṣā	NOUN	coverage-hole	m.nom.du	2		4	dcs:257937
apsāḥ	apsas	NOUN	coverage-hole	m.nom.sg	2		4	dcs:594472
apūpāni	apūpa	NOUN	coverage-hole	n.acc.pl	2		4	dcs:389911
aratniyoḥ	aratni	NOUN	slot-conflict	m.gen.du	1	aratnyoḥ	4	dcs:63320
aratnīm	aratni	NOUN	slot-conflict	f.acc.sg	2	aratnim	4	dcs:434839
arddhe	ardha	NOUN	slot-conflict	n.loc.sg	2	ardhe	4	dcs:749259_1
ardhapañcāśatī	ardhapañcāśat	NOUN	slot-conflict	f.nom.sg	2	ardhapañcāśat	4	dcs:81280
arkām	arka	NOUN	coverage-hole	f.acc.sg	2		4	dcs:366940_2
arthayā	artha	NOUN	coverage-hole	f.instr.sg	2		4	dcs:762232
arthābhiḥ	artha	NOUN	coverage-hole	f.instr.pl	2		4	dcs:314980
asambhavaḥ	asaṃbhava	NOUN	slot-conflict	m.nom.sg	3	asaṃbhavaḥ	4	dcs:88509
asattam	asattā	NOUN	coverage-hole	n.nom.sg	2		4	dcs:480092
atichandasam	aticchandas	NOUN	slot-conflict	f.acc.sg	2	aticchandasam	4	dcs:753144_1
atidūrataḥ	atidūra	NOUN	slot-conflict	n.abl.sg	2	atidūrāt	4	dcs:766534
ativiṣebhiḥ	ativiṣā	NOUN	coverage-hole	n.instr.pl	2		4	dcs:33770
atīrokān	atiroka	NOUN	slot-conflict	m.acc.pl	2	atirokān	4	dcs:773413
auśanasām	auśanasa	ADJ	coverage-hole	f.acc.sg	2		4	dcs:195298
avadhānāḥ	avadhāna	NOUN	coverage-hole	m.nom.pl	1		4	dcs:329906
avalambanayā	avalambana	NOUN	coverage-hole	f.instr.sg	2		4	dcs:656940
avalambikayā	avalambaka	ADJ	coverage-hole	f.instr.sg	2		4	dcs:654857
avalambikā	avalambaka	ADJ	coverage-hole	f.nom.sg	2		4	dcs:654801
avaśeṣau	avaśeṣa	NOUN	coverage-hole	m.acc.du	1		4	dcs:489547
avaśeṣām	avaśeṣa	NOUN	coverage-hole	f.acc.sg	2		4	dcs:372132
avaśeṣān	avaśeṣa	NOUN	coverage-hole	m.acc.pl	2		4	dcs:579963
avitārā	avitṛ	ADJ	slot-conflict	m.voc.du	1	avitārau	4	dcs:595595
avivecanam	avivecanā	NOUN	coverage-hole	n.nom.sg	2		4	dcs:31160
ayāsā	ayās	ADJ	coverage-hole	n.instr.sg	2		4	dcs:70181
ayāsām	ayās	ADJ	coverage-hole	m.gen.pl	2		4	dcs:595424
ayātayāmniyā	ayātayāman	ADJ	coverage-hole	f.instr.sg	2		4	dcs:670619
aśmāni	aśman	NOUN	coverage-hole	n.acc.pl	1		4	dcs:29715
aśvatthāmn	aśvatthāman	NOUN	slot-conflict	m.voc.sg	4	aśvatthāman	4	dcs:252729
aśvāni	aśva	NOUN	coverage-hole	n.acc.pl	1		4	dcs:659210
aṃbu	ambu	NOUN	slot-conflict	n.acc.sg	1	ambu	4	dcs:688309
aṅgakā	aṅgaka	NOUN	coverage-hole	f.nom.sg	2		4	dcs:393951
aṅgamantrāṇi	aṅgamantra	NOUN	coverage-hole	n.acc.pl	2		4	dcs:384508
aṣṭāpadyā	aṣṭāpada	ADJ	coverage-hole	f.instr.sg	2		4	dcs:499217
aṭṭahāsinī	aṭṭahāsin	ADJ	coverage-hole	f.nom.sg	2		4	dcs:406578
bahiṣpavamānābhiḥ	bahiṣpavamāna	ADJ	coverage-hole	f.instr.pl	2		4	dcs:565516_1
bandhayitrī	bandhayitṛ	ADJ	coverage-hole	f.nom.sg	2		4	dcs:49066
bhadrebhiḥ	bhadra	ADJ	slot-conflict	m.instr.pl	3	bhadraiḥ	4	dcs:696922
bharttā	bhartṛ	NOUN	slot-conflict	m.nom.sg	3	bhartā	4	dcs:381497
bhaṅgataḥ	bhaṅga	NOUN	slot-conflict	m.abl.sg	2	bhaṅgāt	4	dcs:620476
bhikṣam	bhikṣā	NOUN	coverage-hole	n.nom.sg	1		4	dcs:666683
bhrātṛvyāṁ	bhrātṛvya	NOUN	slot-conflict	m.acc.pl	2	bhrātṛvyān	4	dcs:649821
bhāgavatām	bhāgavata	ADJ	coverage-hole	f.acc.sg	4		4	dcs:87422
bhārām	bhāra	NOUN	coverage-hole	f.acc.sg	1		4	dcs:523684
bhāvayā	bhāva	NOUN	coverage-hole	f.instr.sg	2		4	dcs:488889
bhāṣasya	bhāṣā	NOUN	coverage-hole	m.gen.sg	2		4	dcs:179180
bhāṣyā	bhāṣya	NOUN	coverage-hole	f.nom.sg	1		4	dcs:645511
bhūmanā	bhūman	NOUN	slot-conflict	m.instr.sg	1	bhūmnā	4	dcs:594098
bhūmitaḥ	bhūmi	NOUN	slot-conflict	f.abl.sg	3	bhūmeḥ bhūmyāḥ	4	dcs:465968
bhūyasībhiḥ	bhūyas	ADJ	slot-conflict	f.instr.pl	2	bhūyobhiḥ	4	dcs:650675_1
bhūyasīnām	bhūyas	ADJ	slot-conflict	f.gen.pl	2	bhūyasām	4	dcs:475449
budhnām	budhna	NOUN	coverage-hole	f.acc.sg	2		4	dcs:434265
bāhudanti	bāhudantin	NOUN	compound-member		2		4	dcs:464198_1
bāṣpām	bāṣpa	NOUN	coverage-hole	f.acc.sg	2		4	dcs:576358
camvi	camū	NOUN	slot-conflict	f.loc.sg	2	camvām	4	dcs:686340
caruṣṭhālī	carusthālī	NOUN	slot-conflict	f.acc.du	1	carusthālyau	4	dcs:753501
caturthābhiḥ	caturtha	ADJ	coverage-hole	f.instr.pl	2		4	dcs:430781_3
caturthābhyaḥ	caturtha	ADJ	coverage-hole	f.dat.pl	2		4	dcs:430941
caṇḍavarma	caṇḍavarman	NOUN	compound-member		2		4	dcs:487699
chatre	chattra	NOUN	slot-conflict	n.nom.du	1	chattre	4	dcs:246545
chatrākaṃ	chattrāka	NOUN	slot-conflict	n.nom.sg	2	chattrākam	4	dcs:437250
chavīm	chavi	NOUN	slot-conflict	f.acc.sg	2	chavim	4	dcs:720115
chuvukena	chubuka	NOUN	slot-conflict	n.instr.sg	2	chubukena	4	dcs:748757_1
chāyebhiḥ	chāyā	NOUN	coverage-hole	n.instr.pl	2		4	dcs:525039
cintanā	cintana	NOUN	coverage-hole	f.nom.sg	2		4	dcs:383321
cāpalā	cāpala	NOUN	coverage-hole	f.nom.sg	2		4	dcs:619935
dakṣiṇāsaḥ	dakṣiṇā	NOUN	coverage-hole	m.nom.pl	2		4	dcs:610533
datrāṇi	dattra	NOUN	slot-conflict	n.nom.pl	2	dattrāṇi	4	dcs:605756_1
datī	dat	NOUN	coverage-hole	f.nom.sg	2		4	dcs:734872
dauṣvapnyaṃ	dauḥṣvapnya	NOUN	slot-conflict	n.acc.sg	1	dauḥṣvapnyam	4	dcs:634622
daśāni	daśā	NOUN	coverage-hole	n.acc.pl	2		4	dcs:436065
daṃsasam	daṃsas	NOUN	coverage-hole	m.acc.sg	2		4	dcs:595840_1
daṃṣṭrāṇi	daṃṣṭra	NOUN	coverage-hole	n.acc.pl	2		4	dcs:386651
devamātrī	devamātṛ	NOUN	slot-conflict	f.nom.sg	3	devamātā	4	dcs:453029
deṣṇāḥ	deṣṇa	NOUN	coverage-hole	m.nom.pl	2		4	dcs:595368
dhaivatāḥ	dhaivata	NOUN	coverage-hole	m.nom.pl	2		4	dcs:75444
dhanutrīḥ	dhanutṛ	ADJ	slot-conflict	f.acc.pl	1	dhanutṝḥ	4	dcs:597254
dharmām	dharma	NOUN	coverage-hole	f.acc.sg	2		4	dcs:627163
dhase	dhā	ADJ	coverage-hole	m.dat.sg	2		4	dcs:634184
dhebhiḥ	dhā	ADJ	coverage-hole	m.instr.pl	2		4	dcs:598690
dhiyas	dhī	NOUN	slot-conflict	f.acc.pl	2	dhīḥ	4	dcs:592226_1
dhiṣṇyāsaḥ	dhiṣṇya	ADJ	slot-conflict	m.nom.pl	3	dhiṣṇyāḥ	4	dcs:468351
dhātuvoḥ	dhātu	NOUN	slot-conflict	m.gen.du	2	dhātvoḥ	4	dcs:479347
dhṛṣaḥ	dhṛṣ	NOUN	lexicon-gap	m.abl.sg	1		4	dcs:551650
digdanti	digdantin	NOUN	compound-member		2		4	dcs:524453
divisadaṃ	diviṣad	ADJ	slot-conflict	m.acc.sg	2	diviṣadam	4	dcs:715906
divyāsaḥ	divya	ADJ	slot-conflict	m.nom.pl	4	divyāḥ	4	dcs:594354
drvam	dru	NOUN	slot-conflict	m.acc.sg	2	drum	4	dcs:602609
drāghīyāṃsaṃ	drāghīyas	ADJ	coverage-hole	m.acc.sg	1		4	dcs:745727
durevāsaḥ	dureva	ADJ	slot-conflict	m.nom.pl	2	durevāḥ	4	dcs:635025
durāśīr	durāśir	ADJ	slot-conflict	m.nom.sg	2	durāśīḥ	4	dcs:603764_1
duṣṣṭutaṃ	duḥṣṭuta	NOUN	slot-conflict	n.nom.sg	2	duḥṣṭutam	4	dcs:665432
duṣṭutaṃ	duḥṣṭuta	NOUN	slot-conflict	n.nom.sg	2	duḥṣṭutam	4	dcs:651265
dvaitāḥ	dvaita	NOUN	coverage-hole	m.nom.pl	2		4	dcs:532601
dvayām	dvaya	NOUN	coverage-hole	f.acc.sg	1		4	dcs:51903
dvipātsu	dvipad	ADJ	slot-conflict	m.loc.pl	2	dvipatsu	4	dcs:437230
dvitīyasyai	dvitīya	ADJ	coverage-hole	f.dat.sg	2		4	dcs:665361
dyumnebhiḥ	dyumna	NOUN	slot-conflict	n.instr.pl	3	dyumnaiḥ	4	dcs:593680
dānunas	dānu	NOUN	slot-conflict	n.gen.sg	3	dānunaḥ	4	dcs:594777
dārvihomikīṃ	dārvihomika	ADJ	coverage-hole	f.acc.sg	2		4	dcs:519242
dīrghajihviyam	dīrghajihvī	NOUN	slot-conflict	f.acc.sg	2	dīrghajihvīm	4	dcs:661701
dīrghikam	dīrghikā	NOUN	coverage-hole	n.acc.sg	2		4	dcs:477611
dūṣikān	dūṣikā	NOUN	coverage-hole	m.acc.pl	2		4	dcs:40350
dṛṃhaṇīḥ	dṛṃhaṇa	ADJ	coverage-hole	f.nom.pl	2		4	dcs:646434
ekaikasmāt	ekaika	PRON	slot-conflict	n.abl.sg	2	ekaikāt	4	dcs:430475_1
ekaikasyai	ekaika	PRON	coverage-hole	f.dat.sg	2		4	dcs:660827
elāpatraḥ	elāpattra	NOUN	slot-conflict	m.nom.sg	3	elāpattraḥ	4	dcs:654416
evaṃprāyān	evamprāya	ADJ	slot-conflict	m.acc.pl	2	evamprāyān	4	dcs:630565
gajāni	gaja	NOUN	coverage-hole	n.acc.pl	1		4	dcs:179328
gavāṃpatinā	gavāmpati	NOUN	slot-conflict	m.instr.sg	2	gavāmpatinā	4	dcs:666383
gaṇḍakāni	gaṇḍaka	NOUN	coverage-hole	n.acc.pl	2		4	dcs:449986
ghasām	ghas	NOUN	lexicon-gap	m.gen.pl	2		4	dcs:554655
goṣātā	goṣāti	NOUN	slot-conflict	f.loc.sg	2	goṣātau goṣātyām	4	dcs:606596
gulphidaṃ	gulphita	NOUN	slot-conflict	n.nom.sg	1	gulphitam	4	dcs:729503
gātri	gātra	ADJ	coverage-hole	f.voc.sg	2		4	dcs:622863
gātryām	gātra	ADJ	coverage-hole	f.loc.sg	2		4	dcs:760457
gāvā	go	NOUN	slot-conflict	f.nom.du	1	gāvau	4	dcs:597302_1
haitukām	haituka	ADJ	coverage-hole	f.acc.sg	2		4	dcs:293440
hanūbhyāṃ	hanu	NOUN	slot-conflict	f.instr.du	1	hanubhyām	4	dcs:646464
haridrebhiḥ	haridrā	NOUN	coverage-hole	n.instr.pl	2		4	dcs:39576
hariśarma	hariśarman	NOUN	compound-member		2		4	dcs:622924
harṣaṇīm	harṣaṇa	ADJ	coverage-hole	f.acc.sg	2		4	dcs:647139
haso	hasa	NOUN	slot-conflict	m.nom.sg	2	hasaḥ	4	dcs:639580
haviṣṭaḥ	havis	NOUN	slot-conflict	n.abl.sg	2	haviṣaḥ	4	dcs:741388_1
helam	helā	NOUN	coverage-hole	n.acc.sg	2		4	dcs:487450
hiraṇmayām	hiraṇmaya	ADJ	coverage-hole	f.acc.sg	4		4	dcs:382797
hrasīyāṃsam	hrasīyas	ADJ	coverage-hole	m.acc.sg	2		4	dcs:708463
hrasīyāṃsaḥ	hrasīyas	ADJ	coverage-hole	m.nom.pl	2		4	dcs:689217
iccham	icchā	NOUN	coverage-hole	n.acc.sg	1		4	dcs:37647
ihā	iha	ADV	indeclinable		2		4	dcs:598067
imasya	idam	PRON	slot-conflict	n.gen.sg	2	asya	4	dcs:722953
indrakān	indraka	NOUN	coverage-hole	m.acc.pl	2		4	dcs:644018
indranīlāni	indranīla	NOUN	coverage-hole	n.nom.pl	2		4	dcs:342773
indrayavān	indrayava	NOUN	coverage-hole	m.acc.pl	2		4	dcs:34720
janmnaḥ	janman	NOUN	coverage-hole	m.acc.pl	2		4	dcs:357831
janmānam	janman	NOUN	coverage-hole	m.acc.sg	2		4	dcs:753908
janmānau	janman	NOUN	coverage-hole	m.nom.du	2		4	dcs:677456
jantumātāraḥ	jantumātṛ	NOUN	slot-conflict	m.nom.pl	2	jantumātaraḥ	4	dcs:59907
jaḍima	jaḍiman	NOUN	compound-member		2		4	dcs:367746
jyotsnam	jyotsnā	NOUN	coverage-hole	n.acc.sg	1		4	dcs:522521
jñānataḥ	jñāna	NOUN	slot-conflict	n.abl.sg	2	jñānāt	4	dcs:625484
jāgatī	jāgata	ADJ	coverage-hole	f.nom.sg	2		4	dcs:701137
jāmātārau	jāmātṛ	NOUN	slot-conflict	m.nom.du	2	jāmātarau	4	dcs:452125
kabarī	kavara	NOUN	coverage-hole	f.nom.sg	2		4	dcs:76368
kacchapām	kacchapa	NOUN	coverage-hole	f.acc.sg	2		4	dcs:242174
kalmāṣām	kalmāṣa	NOUN	coverage-hole	f.acc.sg	3		4	dcs:252450
kampayā	kampa	NOUN	coverage-hole	f.instr.sg	2		4	dcs:623067
kamvati	kaṃvat	ADJ	slot-conflict	m.loc.sg	2	kaṃvati	4	dcs:699714_1
kaniṣṭhāsaḥ	kaniṣṭha	ADJ	slot-conflict	m.nom.pl	2	kaniṣṭhāḥ	4	dcs:600116
kaphāni	kapha	NOUN	coverage-hole	n.nom.pl	1		4	dcs:4107
kapolabhittinā	kapolabhitti	NOUN	coverage-hole	m.instr.sg	1		4	dcs:629618
karajām	karaja	NOUN	coverage-hole	f.acc.sg	2		4	dcs:447422
karmṇaḥ	karman	NOUN	slot-conflict	m.acc.pl	2	karmaṇaḥ	4	dcs:115114
kartrīm	kartṛ	ADJ	slot-conflict	f.acc.sg	2	kartāram	4	dcs:620666
karṇataḥ	karṇa	NOUN	slot-conflict	m.abl.sg	4	karṇāt	4	dcs:638142
kathān	kathā	NOUN	coverage-hole	m.acc.pl	2		4	dcs:260993
kavandham	kabandha	NOUN	slot-conflict	m.acc.sg	2	kabandham	4	dcs:604125
kaṇṭhām	kaṇṭha	NOUN	coverage-hole	f.acc.sg	2		4	dcs:455281
kaṭhillayā	kaṭhilla	NOUN	coverage-hole	f.instr.sg	2		4	dcs:153465
khalvāṁ	khalva	NOUN	slot-conflict	m.acc.pl	2	khalvān	4	dcs:633799
khādyakāni	khādyaka	NOUN	coverage-hole	n.acc.pl	2		4	dcs:655664
kikidīvyā	kikidīvi	NOUN	slot-conflict	m.instr.sg	2	kikidīvinā	4	dcs:649998
kiṃpramāṇāḥ	kimpramāṇa	ADJ	slot-conflict	m.nom.pl	1	kimpramāṇāḥ	4	dcs:770191
kiṃpuruṣe	kimpuruṣa	NOUN	slot-conflict	m.loc.sg	2	kimpuruṣe	4	dcs:669879
kiṭṭau	kiṭṭa	NOUN	coverage-hole	m.acc.du	1		4	dcs:28032
kopataḥ	kopa	NOUN	slot-conflict	m.abl.sg	3	kopāt	4	dcs:392979
koṣataḥ	kośa	NOUN	slot-conflict	m.abl.sg	2	kośāt	4	dcs:625118
kramāṇi	krama	NOUN	coverage-hole	n.nom.pl	1		4	dcs:46379
kriyāṇi	kriyā	NOUN	coverage-hole	n.acc.pl	2		4	dcs:486438
kukṣā	kukṣi	NOUN	slot-conflict	m.loc.sg	2	kukṣau	4	dcs:608512
kutrā	kutra	ADV	indeclinable		3		4	dcs:702110
kālaparvatāni	kālaparvata	NOUN	coverage-hole	n.acc.pl	2		4	dcs:724023
kāmāsaḥ	kāma	NOUN	slot-conflict	m.nom.pl	2	kāmāḥ	4	dcs:604720_1
kāntīni	kānti	NOUN	coverage-hole	n.nom.pl	2		4	dcs:619681
kāpālām	kāpāla	ADJ	coverage-hole	f.acc.sg	4		4	dcs:224827
kāṇvīm	kāṇva	ADJ	coverage-hole	f.acc.sg	2		4	dcs:696781
kṛcchrataḥ	kṛcchra	NOUN	slot-conflict	n.abl.sg	3	kṛcchrāt	4	dcs:439866
kṛṣṇavartma	kṛṣṇavartman	NOUN	compound-member		2		4	dcs:350933
kṣatrau	kṣatra	NOUN	coverage-hole	m.voc.du	1		4	dcs:600257
kṣatrām	kṣatra	NOUN	coverage-hole	f.acc.sg	2		4	dcs:636673
kṣayaṃkarām	kṣayaṃkara	ADJ	coverage-hole	f.acc.sg	2		4	dcs:540825
kṣemāsaḥ	kṣema	NOUN	slot-conflict	m.nom.pl	2	kṣemāḥ	4	dcs:597719
laghīyān	laghīyas	ADJ	coverage-hole	m.nom.sg	3		4	dcs:630857
lakṣmāṇaḥ	lakṣman	NOUN	coverage-hole	m.nom.pl	2		4	dcs:364122
lalāmyaṃ	lalāmī	NOUN	slot-conflict	f.acc.sg	2	lalāmīm	4	dcs:633341
lalāṭām	lalāṭa	NOUN	coverage-hole	f.acc.sg	2		4	dcs:630190
lasīkam	lasīkā	NOUN	coverage-hole	n.acc.sg	2		4	dcs:31791
laulyām	laulya	NOUN	coverage-hole	f.acc.sg	2		4	dcs:584708
lepanām	lepana	NOUN	coverage-hole	f.acc.sg	2		4	dcs:767590
lepām	lepa	NOUN	coverage-hole	f.acc.sg	2		4	dcs:329506
lodhrāṇi	lodhra	NOUN	coverage-hole	n.nom.pl	2		4	dcs:36879
lokāni	loka	NOUN	coverage-hole	n.acc.pl	2		4	dcs:724023
lokāṁ	loka	NOUN	slot-conflict	m.acc.pl	2	lokān	4	dcs:639985
lombhiḥ	loman	NOUN	slot-conflict	n.instr.pl	2	lomabhiḥ	4	dcs:59363
loṣṭhaṃ	loṣṭa	NOUN	slot-conflict	m.acc.sg	1	loṣṭam	4	dcs:469120
madhuchandasaḥ	madhucchandas	NOUN	slot-conflict	m.gen.sg	1	madhucchandasaḥ	4	dcs:748676_2
madhyamasyām	madhyama	ADJ	coverage-hole	f.loc.sg	2		4	dcs:594069
madhyamāṅgulyā	madhyamāṅguli	NOUN	coverage-hole	f.instr.sg	1		4	dcs:1164
madhūyuvā	madhūyu	ADJ	slot-conflict	m.voc.du	2	madhūyū	4	dcs:600308_1
maghonā	maghavan	NOUN	slot-conflict	m.instr.sg	2	maghavnā	4	dcs:94399
mahimanaḥ	mahiman	NOUN	slot-conflict	m.gen.sg	2	mahimnaḥ	4	dcs:601102
mahājyotīḥ	mahājyotis	NOUN	slot-conflict	m.nom.sg	2	mahājyotiḥ	4	dcs:459997
mahākarambhāni	mahākarambha	NOUN	coverage-hole	n.nom.pl	2		4	dcs:10717
mahānāma	mahānāman	NOUN	compound-member		2		4	dcs:656654
mahīyuvaḥ	mahīyu	ADJ	slot-conflict	f.nom.pl	2	mahīyavaḥ	4	dcs:608146
maitriyā	maitrī	NOUN	slot-conflict	f.instr.sg	2	maitryā	4	dcs:703443
mandārakāṇi	mandāraka	NOUN	coverage-hole	n.nom.pl	1		4	dcs:656710
manotarā	manotṛ	NOUN	slot-conflict	m.nom.du	2	manotārau	4	dcs:592848
mantumas	mantumat	ADJ	slot-conflict	m.voc.sg	3	mantuman	4	dcs:592768
manuṣyataḥ	manuṣya	NOUN	slot-conflict	m.abl.sg	3	manuṣyāt	4	dcs:645853
manuṣyebhiḥ	manuṣya	NOUN	slot-conflict	m.instr.pl	4	manuṣyaiḥ	4	dcs:628368
manyutaḥ	manyu	NOUN	slot-conflict	m.abl.sg	2	manyoḥ	4	dcs:648005
maraṭāṁ	maraṭa	NOUN	slot-conflict	m.acc.pl	2	maraṭān	4	dcs:647967
matasnau	matasna	NOUN	coverage-hole	m.acc.du	2		4	dcs:670224
matsyapittena	matsyapittā	NOUN	coverage-hole	n.instr.sg	2		4	dcs:156052
mittrāvasunā	mitrāvasu	NOUN	slot-conflict	m.instr.sg	2	mitrāvasunā	4	dcs:619541
mrakṣāsaḥ	mrakṣa	ADJ	slot-conflict	m.nom.pl	2	mrakṣāḥ	4	dcs:659806_1
mādanāsaḥ	mādana	ADJ	slot-conflict	m.nom.pl	2	mādanāḥ	4	dcs:651919
māraṇā	māraṇa	NOUN	coverage-hole	f.nom.sg	1		4	dcs:387282
mātuṣ	mātṛ	NOUN	slot-conflict	f.gen.sg	2	mātuḥ	4	dcs:598059
mūrchaiḥ	mūrchā	NOUN	coverage-hole	m.instr.pl	1		4	dcs:31078
mūrdhanau	mūrdhan	NOUN	slot-conflict	m.nom.du	2	mūrdhānau	4	dcs:520963
mṛgāṇi	mṛga	NOUN	coverage-hole	n.nom.pl	1		4	dcs:358621
mṛtyuni	mṛtyu	NOUN	coverage-hole	n.loc.sg	2		4	dcs:298751
nairṛtām	nairṛta	ADJ	coverage-hole	f.acc.sg	4		4	dcs:558569
naiyyagrodhaḥ	naiyagrodha	ADJ	slot-conflict	m.nom.sg	1	naiyagrodhaḥ	4	dcs:752088
nalakau	nalaka	NOUN	coverage-hole	m.nom.du	2		4	dcs:63320
navagvāsaḥ	navagva	NOUN	slot-conflict	m.nom.pl	2	navagvāḥ	4	dcs:697171_1
navyasīnām	navyas	ADJ	slot-conflict	f.gen.pl	2	navyasām	4	dcs:599992
navārcīḥ	navārcis	NOUN	coverage-hole	m.nom.sg	2		4	dcs:590128
nayutāni	nayuta	NOUN	coverage-hole	n.nom.pl	2		4	dcs:667445
naūḥ	nau	NOUN	slot-conflict	f.acc.pl	4	nāvaḥ	4	dcs:522540
nibandhanām	nibandhana	NOUN	coverage-hole	f.acc.sg	2		4	dcs:613157
nirarthakām	nirarthaka	ADJ	coverage-hole	f.acc.sg	3		4	dcs:202234
nirṇejanān	nirṇejana	NOUN	coverage-hole	m.acc.pl	2		4	dcs:82896
nisaḥ	nis	NOUN	coverage-hole	m.abl.sg	1		4	dcs:555438
nityāsaḥ	nitya	ADJ	slot-conflict	m.nom.pl	3	nityāḥ	4	dcs:684873
nivāsāni	nivāsa	NOUN	coverage-hole	n.nom.pl	1		4	dcs:380043
niṣeddhā	niṣeddhṛ	ADJ	coverage-hole	m.nom.sg	2		4	dcs:661375
nyaṅgāni	nyaṅga	NOUN	coverage-hole	n.acc.pl	2		4	dcs:691638
nādayā	nāda	NOUN	coverage-hole	f.instr.sg	2		4	dcs:208902
nāśanām	nāśana	ADJ	coverage-hole	f.acc.sg	2		4	dcs:33652
nīrā	nīra	NOUN	coverage-hole	f.nom.sg	2		4	dcs:562871
nṛttāḥ	nṛtta	NOUN	coverage-hole	f.nom.pl	2		4	dcs:630357
ojīyān	ojīyas	ADJ	coverage-hole	m.nom.sg	2		4	dcs:600956
ojīyāṃsaḥ	ojīyas	ADJ	coverage-hole	m.nom.pl	2		4	dcs:650358_2
oṣadhīn	oṣadhi	NOUN	coverage-hole	m.acc.pl	2		4	dcs:336195
paittikām	paittika	ADJ	coverage-hole	f.acc.sg	3		4	dcs:59735
pakṣmāṇaḥ	pakṣman	NOUN	coverage-hole	m.nom.pl	2		4	dcs:573808
paraspī	paraspā	ADJ	slot-conflict	f.nom.sg	2	paraspā	4	dcs:436618
parijmano	parijman	ADJ	coverage-hole	f.acc.pl	2		4	dcs:728744
paryavasānāḥ	paryavasāna	NOUN	coverage-hole	f.nom.pl	1		4	dcs:668989
parāṅmukhām	parāṅmukha	ADJ	coverage-hole	f.acc.sg	3		4	dcs:102876
parī	pari	NOUN	coverage-hole	m.nom.du	2		4	dcs:551885
patragupta	pattragupta	NOUN	compound-member		2		4	dcs:666969
patrasya	pattra	NOUN	slot-conflict	m.gen.sg	2	pattrasya	4	dcs:666470
pattaḥ	pad	NOUN	lexicon-gap	m.abl.sg	1		4	dcs:649975
paurvikām	paurvika	ADJ	coverage-hole	f.acc.sg	4		4	dcs:450171
paurvāhṇikyā	paurvāhṇika	ADJ	coverage-hole	f.instr.sg	2		4	dcs:698605
pavitrebhiḥ	pavitra	NOUN	slot-conflict	n.instr.pl	2	pavitraiḥ	4	dcs:608687_1
pañcamūlāyāḥ	pañcamūla	NOUN	coverage-hole	f.gen.sg	2		4	dcs:3239
paśumānti	paśumat	ADJ	slot-conflict	n.acc.pl	2	paśumanti	4	dcs:608760
paśvā	paśu	NOUN	slot-conflict	m.instr.sg	2	paśunā	4	dcs:593254
paśūni	paśu	NOUN	coverage-hole	n.nom.pl	1		4	dcs:672901
paṅktyau	paṅkti	NOUN	slot-conflict	f.nom.du	2	paṅktī	4	dcs:729949
paṇyāndhaḥ	paṇyāndhā	NOUN	coverage-hole	m.nom.sg	2		4	dcs:20504
phāṇitām	phāṇita	NOUN	coverage-hole	f.acc.sg	2		4	dcs:34909
pitāraḥ	pitṛ	NOUN	slot-conflict	m.nom.pl	2	pitaraḥ	4	dcs:520294
pitṛpaitāmahām	pitṛpaitāmaha	ADJ	coverage-hole	f.acc.sg	4		4	dcs:304137
piñcholābhiḥ	piccholā	NOUN	slot-conflict	f.instr.pl	2	piccholābhiḥ	4	dcs:672930
piśaṅgayā	piśaṅga	NOUN	coverage-hole	f.instr.sg	2		4	dcs:575614
piṇḍataḥ	piṇḍa	NOUN	slot-conflict	m.abl.sg	2	piṇḍāt	4	dcs:653095
piṣaḥ	piṣ	NOUN	lexicon-gap	m.abl.sg	2		4	dcs:552724
pluvoḥ	plu	NOUN	lexicon-gap	m.gen.du	2		4	dcs:552563
plīhaṃ	plīhan	NOUN	slot-conflict	m.acc.sg	2	plīhānam	4	dcs:427502
prabhāvāni	prabhāva	NOUN	coverage-hole	n.nom.pl	2		4	dcs:61934
prajñāpanā	prajñāpana	NOUN	coverage-hole	f.nom.sg	2		4	dcs:464959
prajñāpāramitātaḥ	prajñāpāramitā	NOUN	slot-conflict	f.abl.sg	3	prajñāpāramitāyāḥ	4	dcs:644247
prakṛtīni	prakṛti	NOUN	coverage-hole	n.nom.pl	2		4	dcs:474590
pramātāraḥ	pramātṛ	ADJ	slot-conflict	m.nom.pl	2	pramātaraḥ	4	dcs:532717
prapāṇā	prapāṇa	NOUN	coverage-hole	f.nom.sg	1		4	dcs:726789
prasiddhitaḥ	prasiddhi	NOUN	slot-conflict	f.abl.sg	2	prasiddheḥ prasiddhyāḥ	4	dcs:622963
prastāvāsu	prastāva	NOUN	coverage-hole	f.loc.pl	2		4	dcs:749965
pratigrahāni	pratigraha	NOUN	coverage-hole	n.acc.pl	1		4	dcs:59434
pratigrāhikāḥ	pratigrāhaka	ADJ	coverage-hole	f.nom.pl	1		4	dcs:642076
pratimebhiḥ	pratimā	NOUN	coverage-hole	n.instr.pl	2		4	dcs:242331
pratispardhinyaḥ	pratispardhin	ADJ	coverage-hole	f.nom.pl	2		4	dcs:655413
pratyayām	pratyaya	NOUN	coverage-hole	f.acc.sg	2		4	dcs:47791
pravatam	pravat	NOUN	coverage-hole	f.acc.sg	2		4	dcs:635907
pravācanāḥ	pravācana	NOUN	coverage-hole	m.nom.pl	2		4	dcs:647481
praṣṭrī	praṣṭṛ	ADJ	coverage-hole	f.nom.sg	2		4	dcs:532402
preyasam	preyas	ADJ	coverage-hole	f.acc.sg	3		4	dcs:573133
preṇyaḥ	preṇi	NOUN	slot-conflict	f.gen.sg	2	preṇeḥ preṇyāḥ	4	dcs:636287
pruṣam	pruṣ	ADJ	lexicon-gap	m.acc.sg	2		4	dcs:592827
prāmāṇyāḥ	prāmāṇya	NOUN	coverage-hole	m.nom.pl	2		4	dcs:150314
prātassavāḥ	prātaḥsava	NOUN	slot-conflict	m.nom.pl	2	prātaḥsavāḥ	4	dcs:735975
prāvaṇebhiḥ	prāvaṇa	ADJ	slot-conflict	m.instr.pl	2	prāvaṇaiḥ	4	dcs:716486
punastomena	punaḥstoma	NOUN	slot-conflict	m.instr.sg	2	punaḥstomena	4	dcs:518616_1
purīṣām	purīṣa	NOUN	coverage-hole	f.acc.sg	2		4	dcs:746777
puvā	pū	ADJ	lexicon-gap	n.instr.sg	2		4	dcs:727188
puṅkhām	puṅkha	NOUN	coverage-hole	f.acc.sg	2		4	dcs:266738
pācanām	pācana	ADJ	coverage-hole	f.acc.sg	2		4	dcs:32605
pākavanti	pākavat	ADJ	coverage-hole	n.nom.pl	2		4	dcs:61618
pālāśām	pālāśa	ADJ	coverage-hole	f.acc.sg	2		4	dcs:430804_1
pāpakām	pāpaka	ADJ	coverage-hole	f.acc.sg	4		4	dcs:522833
pārayiṣṇvaḥ	pārayiṣṇu	ADJ	slot-conflict	f.nom.pl	2	pārayiṣṇavaḥ	4	dcs:716540
pāraṃparyeṇa	pāramparya	NOUN	slot-conflict	n.instr.sg	3	pāramparyeṇa	4	dcs:240146
pātanābhiḥ	pātana	NOUN	coverage-hole	f.instr.pl	2		4	dcs:363717
pāvakāsaḥ	pāvaka	ADJ	slot-conflict	m.nom.pl	2	pāvakāḥ	4	dcs:593226_1
pāṃsūni	pāṃsu	ADJ	coverage-hole	n.acc.pl	1		4	dcs:722332
pāṣāṇabhedinyāḥ	pāṣāṇabhedin	NOUN	coverage-hole	f.gen.sg	2		4	dcs:50963
pūjam	pūjā	NOUN	coverage-hole	m.acc.sg	2		4	dcs:655359
pūjanayā	pūjanī	NOUN	slot-conflict	f.instr.sg	2	pūjanyā	4	dcs:644833
pūrvyebhiḥ	pūrvya	ADJ	slot-conflict	m.instr.pl	3	pūrvyaiḥ	4	dcs:594323
pūyām	pūya	NOUN	coverage-hole	f.acc.sg	2		4	dcs:5424
pṛtanāyūṃr	pṛtanāyu	NOUN	slot-conflict	m.acc.pl	3	pṛtanāyūn	4	dcs:596694
pṛṣṭita	pṛṣṭi	NOUN	slot-conflict	f.abl.sg	2	pṛṣṭeḥ pṛṣṭyāḥ	4	dcs:717262
rajastūr	rajastur	ADJ	slot-conflict	m.nom.sg	2	rajastūḥ	4	dcs:600551
randhrām	randhra	NOUN	coverage-hole	f.acc.sg	2		4	dcs:329505
rapāḥ	rapas	NOUN	coverage-hole	m.nom.sg	2		4	dcs:646348
rasavāṁ	rasavat	ADJ	slot-conflict	m.nom.sg	2	rasavān	4	dcs:641427
rathāni	ratha	NOUN	coverage-hole	n.nom.pl	2		4	dcs:234944
raśanaḥ	raśanā	NOUN	coverage-hole	m.nom.sg	1		4	dcs:93260
raṅgāvatāri	raṅgāvatārin	NOUN	compound-member		2		4	dcs:443273
rogām	roga	NOUN	coverage-hole	f.acc.sg	2		4	dcs:153599
roṣayā	roṣa	NOUN	coverage-hole	f.instr.sg	2		4	dcs:458443
rājadhānīni	rājadhānī	NOUN	coverage-hole	n.acc.pl	2		4	dcs:724023
sadasas	sadas	NOUN	slot-conflict	n.gen.sg	2	sadasaḥ	4	dcs:671499
sadbhāvāyām	sadbhāva	NOUN	coverage-hole	f.loc.sg	2		4	dcs:449282
sahasrābhiḥ	sahasra	NUM	coverage-hole	f.instr.pl	2		4	dcs:723953
sahādhyāyi	sahādhyāyin	NOUN	compound-member		2		4	dcs:464564
sahāṃpatiḥ	sahāmpati	NOUN	slot-conflict	m.nom.sg	2	sahāmpatiḥ	4	dcs:667015
saiṃhām	saiṃha	ADJ	coverage-hole	f.acc.sg	3		4	dcs:352116
sakhīṃr	sakhi	NOUN	slot-conflict	m.acc.pl	3	sakhīn	4	dcs:595350
samayataḥ	samaya	NOUN	slot-conflict	m.abl.sg	4	samayāt	4	dcs:658365
samaṃbilaṃ	samambila	ADJ	slot-conflict	n.acc.sg	1	samambilam	4	dcs:746810
sameddhāraṃ	sameddhṛ	ADJ	coverage-hole	m.acc.sg	1		4	dcs:601496
samyaksaṃbuddheṣu	samyaksambuddha	ADJ	slot-conflict	m.loc.pl	2	samyaksambuddheṣu	4	dcs:721499
samākhyāni	samākhyā	NOUN	coverage-hole	n.nom.pl	2		4	dcs:380125
sargāsaḥ	sarga	NOUN	slot-conflict	m.nom.pl	2	sargāḥ	4	dcs:608357_1
sas	tad	PRON	coverage-hole	m.nom.sg	2		4	dcs:636785
satrāya	sattra	NOUN	slot-conflict	n.dat.sg	2	sattrāya	4	dcs:88731
satrāṇi	sattra	NOUN	slot-conflict	n.nom.pl	3	sattrāṇi	4	dcs:639494
satyavarma	satyavarman	NOUN	compound-member		2		4	dcs:487564
savasam	savas	NOUN	coverage-hole	m.acc.sg	2		4	dcs:670620
saṃbahulānāṃ	sambahula	ADJ	slot-conflict	m.gen.pl	2	sambahulānām	4	dcs:655014
saṃbandhau	sambandha	NOUN	slot-conflict	m.nom.du	1	sambandhau	4	dcs:771750
saṃbandhebhyaḥ	sambandha	NOUN	slot-conflict	m.dat.pl	1	sambandhebhyaḥ	4	dcs:745605
saṃbandhinā	sambandhin	ADJ	slot-conflict	m.instr.sg	3	sambandhinā	4	dcs:228597
saṃbandhināṃ	sambandhin	ADJ	slot-conflict	m.gen.pl	3	sambandhinām	4	dcs:617206
saṃbandhinīm	sambandhin	ADJ	coverage-hole	f.acc.sg	2		4	dcs:687908
saṃbhavān	sambhava	NOUN	slot-conflict	m.acc.pl	2	sambhavān	4	dcs:758228
saṃbhāreṇa	sambhāra	NOUN	slot-conflict	m.instr.sg	2	sambhāreṇa	4	dcs:630656
saṃbhāṣī	sambhāṣin	ADJ	slot-conflict	m.nom.sg	2	sambhāṣī	4	dcs:520121
saṃbhūtiṃ	sambhūti	NOUN	slot-conflict	f.acc.sg	3	sambhūtim	4	dcs:376113
saṃbhūtyai	sambhūti	NOUN	slot-conflict	f.dat.sg	2	sambhūtaye sambhūtyai	4	dcs:618955
saṃbhūtyāḥ	sambhūti	NOUN	slot-conflict	f.abl.sg	1	sambhūteḥ sambhūtyāḥ	4	dcs:648600_1
saṃbhūtyāṃ	sambhūti	NOUN	slot-conflict	f.loc.sg	2	sambhūtau sambhūtyām	4	dcs:456492
saṃbuddhau	sambuddhi	NOUN	slot-conflict	f.loc.sg	2	sambuddhau sambuddhyām	4	dcs:551572
saṃghāni	saṃgha	NOUN	coverage-hole	n.nom.pl	2		4	dcs:164359
saṃghāṭām	saṃghāṭa	NOUN	coverage-hole	f.acc.sg	2		4	dcs:242182
saṃhartrī	saṃhartṛ	ADJ	slot-conflict	f.nom.sg	2	saṃhartā	4	dcs:398964
saṃjñakām	saṃjñaka	ADJ	coverage-hole	f.acc.sg	2		4	dcs:408713
saṃkathaḥ	saṃkathā	NOUN	coverage-hole	m.nom.sg	2		4	dcs:630500
saṃkramayā	saṃkrama	NOUN	coverage-hole	f.instr.sg	2		4	dcs:565051
saṃkāśāni	saṃkāśa	NOUN	coverage-hole	n.nom.pl	2		4	dcs:61618
saṃmadaḥ	sammada	NOUN	slot-conflict	m.nom.sg	1	sammadaḥ	4	dcs:618323
saṃmanasau	sammanas	ADJ	slot-conflict	m.nom.du	2	sammanasau	4	dcs:649078
saṃmarśanam	sammarśana	NOUN	slot-conflict	n.nom.sg	2	sammarśanam	4	dcs:742037
saṃmohana	sammohana	NOUN	compound-member		2		4	dcs:616373
saṃmārjanāni	sammārjana	NOUN	slot-conflict	n.acc.pl	2	sammārjanāni	4	dcs:669485_1
saṃmātarā	saṃmātṛ	ADJ	lexicon-gap	f.acc.du	2		4	dcs:735398
saṃparkaḥ	samparka	NOUN	slot-conflict	m.nom.sg	2	samparkaḥ	4	dcs:522482
saṃparkāt	samparka	NOUN	slot-conflict	m.abl.sg	2	samparkāt	4	dcs:614547
saṃpradāne	sampradāna	NOUN	slot-conflict	n.loc.sg	3	sampradāne	4	dcs:301732
saṃpratiṣṭhā	sampratiṣṭhā	NOUN	slot-conflict	f.nom.sg	1	sampratiṣṭhā	4	dcs:231728
saṃpratyayāt	sampratyaya	NOUN	slot-conflict	m.abl.sg	2	sampratyayāt	4	dcs:387236
saṃpraśnaṃ	sampraśna	NOUN	slot-conflict	m.acc.sg	2	sampraśnam	4	dcs:633496
saṃpriyā	sampriya	ADJ	coverage-hole	f.nom.sg	1		4	dcs:633861
saṃpuṭena	sampuṭa	NOUN	slot-conflict	m.instr.sg	3	sampuṭena	4	dcs:629714
saṃpātaiḥ	sampāta	NOUN	slot-conflict	m.instr.pl	2	sampātaiḥ	4	dcs:766130
saṃpātena	sampāta	NOUN	slot-conflict	m.instr.sg	2	sampātena	4	dcs:729673
saṃsparśāni	saṃsparśa	NOUN	coverage-hole	n.nom.pl	2		4	dcs:666562
saṃsārāṇi	saṃsāra	NOUN	coverage-hole	n.nom.pl	2		4	dcs:328155
saṭṭakān	saṭṭaka	NOUN	coverage-hole	m.acc.pl	2		4	dcs:4582
sevān	sevā	NOUN	coverage-hole	m.acc.pl	2		4	dcs:573219
siddhitaḥ	siddhi	NOUN	slot-conflict	f.abl.sg	2	siddheḥ siddhyāḥ	4	dcs:618636
sikata	sikatā	NOUN	compound-member		2		4	dcs:72572
sikatam	sikatā	NOUN	coverage-hole	n.acc.sg	1		4	dcs:4968
skandām	skand	NOUN	lexicon-gap	m.gen.pl	2		4	dcs:552745
smaśāna	śmaśāna	NOUN	compound-member		2		4	dcs:437509
sopānān	sopāna	NOUN	coverage-hole	m.acc.pl	2		4	dcs:377702
sphaṭikāni	sphaṭika	NOUN	coverage-hole	n.acc.pl	2		4	dcs:655340
spṛhena	spṛhā	NOUN	coverage-hole	m.instr.sg	1		4	dcs:529441
sraktīni	srakti	NOUN	coverage-hole	n.nom.pl	1		4	dcs:501988
srubhyaḥ	sru	NOUN	lexicon-gap	m.abl.pl	2		4	dcs:551790
sthātrām	sthātra	NOUN	coverage-hole	f.acc.sg	2		4	dcs:634809
sthātārā	sthātṛ	ADJ	slot-conflict	m.voc.du	1	sthātārau	4	dcs:595598_1
subhagāsaḥ	subhaga	ADJ	slot-conflict	m.nom.pl	1	subhagāḥ	4	dcs:596359_1
sudhanūḥ	sudhanus	NOUN	slot-conflict	m.nom.sg	2	sudhanuḥ	4	dcs:548809
sudhiyoḥ	sudhī	NOUN	slot-conflict	f.gen.du	1	sudhyoḥ	4	dcs:554642
sudṛśī	sudṛś	ADJ	slot-conflict	f.nom.sg	2	sudṛk	4	dcs:594446
sumnebhiḥ	sumna	NOUN	slot-conflict	n.instr.pl	4	sumnaiḥ	4	dcs:600345
sutekarāsaḥ	sutekara	ADJ	slot-conflict	m.nom.pl	2	sutekarāḥ	4	dcs:519854
sutāvāṁ	sutāvat	ADJ	slot-conflict	m.nom.sg	2	sutāvān	4	dcs:593547
suvam	sū	NOUN	coverage-hole	f.acc.sg	2		4	dcs:93963
suvoḥ	sū	NOUN	coverage-hole	f.gen.du	1		4	dcs:555041
svabhāvāni	svabhāva	NOUN	coverage-hole	n.nom.pl	2		4	dcs:58354
svastivācanām	svastivācana	NOUN	coverage-hole	f.acc.sg	2		4	dcs:5808
svayaṃprabhām	svayamprabhā	NOUN	slot-conflict	f.acc.sg	2	svayamprabhām	4	dcs:622446
svālakṣaṇyā	svālakṣaṇya	ADJ	coverage-hole	f.nom.sg	2		4	dcs:470896
sādhiṣṭhebhiḥ	sādhiṣṭha	ADJ	slot-conflict	m.instr.pl	2	sādhiṣṭhaiḥ	4	dcs:593107_1
sādhvasān	sādhvasa	NOUN	coverage-hole	m.acc.pl	2		4	dcs:174457
sālabhañjikā	śālabhañjikā	NOUN	slot-conflict	f.nom.sg	1	śālabhañjikā	4	dcs:630286
sārathinaḥ	sārathi	NOUN	slot-conflict	m.nom.pl	2	sārathayaḥ	4	dcs:696189
sārgālām	sārgāla	ADJ	coverage-hole	f.acc.sg	4		4	dcs:584679
sārivebhiḥ	sārivā	NOUN	coverage-hole	n.instr.pl	2		4	dcs:38946
sāvitriyā	sāvitrī	NOUN	slot-conflict	f.instr.sg	2	sāvitryā	4	dcs:703637
sāyaṃprātikaḥ	sāyamprātika	ADJ	slot-conflict	m.nom.sg	2	sāyamprātikaḥ	4	dcs:364887
sāṃpradāyikaṃ	sāmpradāyika	ADJ	slot-conflict	n.acc.sg	1	sāmpradāyikam	4	dcs:519377
sṛjam	sṛj	ADJ	lexicon-gap	m.acc.sg	2		4	dcs:260398
sṛjām	sṛj	ADJ	lexicon-gap	m.gen.pl	2		4	dcs:92864
takat	taka	PRON	slot-conflict	n.nom.sg	1	takam	4	dcs:646916_1
tantrān	tantra	NOUN	coverage-hole	m.acc.pl	2		4	dcs:629539
tanutrāṇān	tanutrāṇa	NOUN	coverage-hole	m.acc.pl	2		4	dcs:243081
tanuvai	tanū	NOUN	slot-conflict	f.dat.sg	2	tanvai	4	dcs:425142
tattvān	tattva	NOUN	coverage-hole	m.acc.pl	2		4	dcs:91030
taṭām	taṭa	NOUN	coverage-hole	f.acc.sg	2		4	dcs:763624
tejanān	tejana	NOUN	coverage-hole	m.acc.pl	2		4	dcs:259291
tigmarocīḥ	tigmarocis	NOUN	slot-conflict	m.nom.sg	2	tigmarociḥ	4	dcs:462298
tiladhenvaḥ	tiladhenu	NOUN	slot-conflict	f.gen.sg	2	tiladhenoḥ tiladhenvāḥ	4	dcs:413798
tmani	tman	NOUN	coverage-hole	m.loc.sg	2		4	dcs:595099
trapam	trapā	NOUN	coverage-hole	n.nom.sg	1		4	dcs:526395
trikadrukebhiḥ	trikadruka	NOUN	slot-conflict	m.instr.pl	2	trikadrukaiḥ	4	dcs:641465
trāmaṇe	trāman	NOUN	slot-conflict	n.dat.sg	2	trāmṇe	4	dcs:648880
turebhiḥ	tura	ADJ	slot-conflict	m.instr.pl	2	turaiḥ	4	dcs:596781
tālāvacarāṇi	tālāvacara	NOUN	coverage-hole	n.nom.pl	1		4	dcs:668062
tāvatam	tāvat	ADJ	slot-conflict	m.acc.sg	2	tāvantam	4	dcs:490896
tīkṣṇīyāṃsaḥ	tīkṣṇīyas	ADJ	coverage-hole	m.nom.pl	2		4	dcs:634144_1
tṛṣṇam	tṛṣṇā	NOUN	coverage-hole	m.acc.sg	2		4	dcs:485467
ubhayādan	ubhayādat	ADJ	slot-conflict	m.nom.sg	2	ubhayādat	4	dcs:734469
ubhayāt	ubhaya	ADJ	slot-conflict	m.abl.sg	1	ubhayasmāt	4	dcs:555556
uccaiśśravāḥ	uccaiḥśravas	NOUN	slot-conflict	m.nom.sg	2	uccaiḥśravāḥ	4	dcs:711307_1
udakāsu	udaka	NOUN	coverage-hole	f.loc.pl	2		4	dcs:304434
udarīm	udara	ADJ	coverage-hole	f.acc.sg	2		4	dcs:123524
udhar	udhan	NOUN	slot-conflict	n.acc.sg	2	udha	4	dcs:676522
udvāhām	udvāha	NOUN	coverage-hole	f.acc.sg	2		4	dcs:617211
ugrebhiḥ	ugra	ADJ	slot-conflict	m.instr.pl	3	ugraiḥ	4	dcs:594722
ukthāyuve	ukthāyu	ADJ	slot-conflict	m.dat.sg	2	ukthāyave	4	dcs:671415
upakakṣāsa	upakakṣa	ADJ	slot-conflict	m.nom.pl	1	upakakṣāḥ	4	dcs:474418
upalabdhitaḥ	upalabdhi	NOUN	slot-conflict	f.abl.sg	2	upalabdheḥ upalabdhyāḥ	4	dcs:45121
upalakṣaṇāḥ	upalakṣaṇa	NOUN	coverage-hole	m.nom.pl	1		4	dcs:508097
uparāsa	upara	ADJ	slot-conflict	m.nom.pl	1	uparāḥ	4	dcs:608482
upavāsām	upavāsa	NOUN	coverage-hole	f.acc.sg	2		4	dcs:629604
upābhyām	upa	NOUN	coverage-hole	m.abl.du	2		4	dcs:551746
upāyanā	upāyana	NOUN	coverage-hole	f.nom.sg	2		4	dcs:641671
upāśrayāṇi	upāśraya	NOUN	coverage-hole	n.acc.pl	1		4	dcs:59434
urastaḥ	uras	NOUN	slot-conflict	n.abl.sg	3	urasaḥ	4	dcs:647175
utpīḍām	utpīḍa	NOUN	coverage-hole	f.acc.sg	2		4	dcs:654407
utsāhām	utsāha	NOUN	coverage-hole	f.acc.sg	2		4	dcs:209647
utsāsaḥ	utsa	NOUN	slot-conflict	m.nom.pl	2	utsāḥ	4	dcs:646315
uttaṃsām	uttaṃsa	NOUN	coverage-hole	f.acc.sg	2		4	dcs:176595
uṣareṣu	ūṣara	NOUN	slot-conflict	m.loc.pl	2	ūṣareṣu	4	dcs:629799
vadhebhiḥ	vadha	NOUN	slot-conflict	m.instr.pl	2	vadhaiḥ	4	dcs:637386
vaihāyasām	vaihāyasa	ADJ	coverage-hole	f.acc.sg	3		4	dcs:103397
vaikṛtim	vaikṛti	NOUN	coverage-hole	f.acc.sg	2		4	dcs:165846
vairāgyataḥ	vairāgyatā	NOUN	coverage-hole	m.nom.sg	1		4	dcs:98061
vaitasām	vaitasa	ADJ	coverage-hole	f.acc.sg	4		4	dcs:582924
vaivāhikām	vaivāhika	ADJ	coverage-hole	f.acc.sg	4		4	dcs:485957
vaktri	vaktṛ	ADJ	slot-conflict	m.loc.sg	2	vaktari	4	dcs:479600
vaktrāyāḥ	vaktra	NOUN	coverage-hole	f.gen.sg	2		4	dcs:96994
vallām	valla	NOUN	coverage-hole	f.acc.sg	2		4	dcs:360133
varimataḥ	variman	NOUN	slot-conflict	m.abl.sg	2	varimṇaḥ	4	dcs:649204
vartmānaḥ	vartman	NOUN	coverage-hole	m.nom.pl	1		4	dcs:522596
varṣiṣṭhebhiḥ	varṣiṣṭha	ADJ	slot-conflict	m.instr.pl	2	varṣiṣṭhaiḥ	4	dcs:609336_1
varṣīyāṃsaṃ	varṣīyas	ADJ	coverage-hole	m.acc.sg	1		4	dcs:638055
vasiṣṭhāsaḥ	vasiṣṭha	NOUN	slot-conflict	m.nom.pl	3	vasiṣṭhāḥ	4	dcs:691827
vastiyoḥ	vasti	NOUN	slot-conflict	m.gen.du	2	vastyoḥ	4	dcs:10134
vasudhaḥ	vasudhā	NOUN	coverage-hole	m.nom.sg	2		4	dcs:103035
vasutvanā	vasutvana	NOUN	slot-conflict	n.instr.sg	1	vasutvanena	4	dcs:605784
vatsāsaḥ	vatsa	NOUN	slot-conflict	m.nom.pl	2	vatsāḥ	4	dcs:602943_1
vaḍavam	vaḍaba	NOUN	slot-conflict	m.acc.sg	2	vaḍabam	4	dcs:691003_1
vaṣaṭkārāsu	vaṣaṭkāra	NOUN	coverage-hole	f.loc.pl	2		4	dcs:697596
veddhāram	veddhṛ	ADJ	coverage-hole	m.acc.sg	2		4	dcs:172199
vedikāni	vedikā	NOUN	coverage-hole	n.acc.pl	1		4	dcs:345113
vekurā	bekurā	NOUN	slot-conflict	f.nom.sg	2	bekurā	4	dcs:660104
vicikitsaḥ	vicikitsā	NOUN	coverage-hole	m.nom.sg	2		4	dcs:570406
vikaṭavarma	vikaṭavarman	NOUN	compound-member		2		4	dcs:488314
vipākata	vipāka	NOUN	slot-conflict	m.abl.sg	1	vipākāt	4	dcs:42908
vivarām	vivara	NOUN	coverage-hole	f.acc.sg	2		4	dcs:361075
vivasvas	vivasvat	ADJ	slot-conflict	m.voc.sg	4	vivasvan	4	dcs:672200
vivāhāyāḥ	vivāha	NOUN	coverage-hole	f.gen.sg	2		4	dcs:616933
viśrāmām	viśrāma	NOUN	coverage-hole	f.acc.sg	2		4	dcs:339627
viśvak	viṣvañc	ADJ	compound-member		2		4	dcs:687127_1
viśvarūpyaṃ	viśvarūpī	NOUN	slot-conflict	f.acc.sg	2	viśvarūpīm	4	dcs:638199
vratebhiḥ	vrata	NOUN	slot-conflict	n.instr.pl	2	vrataiḥ	4	dcs:648725
vyacasvantā	vyacasvat	ADJ	slot-conflict	m.nom.du	1	vyacasvantau	4	dcs:601075
vyasanā	vyasana	NOUN	coverage-hole	f.nom.sg	2		4	dcs:485502
vyasanām	vyasana	NOUN	coverage-hole	f.acc.sg	2		4	dcs:63533
vyathau	vyathā	NOUN	coverage-hole	m.nom.du	2		4	dcs:32413
vyatīṁr	vyati	NOUN	slot-conflict	m.acc.pl	1	vyatīn	4	dcs:651398
vyomana	vyoman	NOUN	slot-conflict	n.gen.sg	1	vyomnaḥ	4	dcs:756823
vyāhṛtīṣu	vyāhṛti	NOUN	slot-conflict	f.loc.pl	2	vyāhṛtiṣu	4	dcs:520486
vācaspatyuḥ	vācaspati	NOUN	slot-conflict	m.gen.sg	3	vācaspateḥ	4	dcs:646166
vācikī	vācika	ADJ	coverage-hole	f.nom.sg	2		4	dcs:655711
vāhanyā	vāhana	ADJ	coverage-hole	f.instr.sg	2		4	dcs:679324
vājayā	vāja	NOUN	coverage-hole	f.instr.sg	2		4	dcs:606711
vālukinīṃ	vālukin	ADJ	coverage-hole	f.acc.sg	2		4	dcs:144291
vātikām	vātika	ADJ	coverage-hole	f.acc.sg	3		4	dcs:59735
vāśrāsaḥ	vāśra	ADJ	slot-conflict	m.nom.pl	2	vāśrāḥ	4	dcs:604110
vāḍavaṃ	vāḍaba	NOUN	slot-conflict	n.nom.sg	2	vāḍabam	4	dcs:76670
vīlu	vīḍu	ADJ	slot-conflict	n.acc.sg	1	vīḍu	4	dcs:726635
vṛkṣāṇi	vṛkṣa	NOUN	coverage-hole	n.nom.pl	2		4	dcs:727239
vṛttinām	vṛtti	NOUN	coverage-hole	m.gen.pl	2		4	dcs:761697
vṛṣabhāsa	vṛṣabha	NOUN	slot-conflict	m.nom.pl	1	vṛṣabhāḥ	4	dcs:595544
vṛṣaparvaṇau	vṛṣaparvan	NOUN	slot-conflict	m.nom.du	2	vṛṣaparvāṇau	4	dcs:165738
yajanī	yajana	ADJ	coverage-hole	f.nom.sg	2		4	dcs:493766
yamebhiḥ	yama	NOUN	slot-conflict	m.instr.pl	2	yamaiḥ	4	dcs:686757
yamunam	yamunā	NOUN	coverage-hole	n.acc.sg	2		4	dcs:521799
yamāsaḥ	yama	NOUN	slot-conflict	m.nom.pl	2	yamāḥ	4	dcs:595574
yantrām	yantra	NOUN	coverage-hole	f.acc.sg	2		4	dcs:448787
yatha	yathā	PART	indeclinable		2		4	dcs:609634_1
yathāsaṃpad	yathāsampad	ADV	indeclinable		2		4	dcs:73058
yaudhiṣṭhirām	yaudhiṣṭhira	ADJ	coverage-hole	f.acc.sg	4		4	dcs:225232
yogebhiḥ	yoga	NOUN	slot-conflict	m.instr.pl	2	yogaiḥ	4	dcs:649376
yopanān	yopana	ADJ	coverage-hole	m.acc.pl	2		4	dcs:633736
yuvnau	yuvan	NOUN	coverage-hole	m.nom.du	2		4	dcs:158888
yādṛśmin	yādṛś	ADJ	slot-conflict	m.loc.sg	2	yādṛśi	4	dcs:474539
yāmanā	yāman	NOUN	coverage-hole	m.instr.sg	2		4	dcs:641838
yātram	yātrā	NOUN	coverage-hole	m.acc.sg	2		4	dcs:526550
yātāraṃ	yātṛ	ADJ	slot-conflict	m.acc.sg	1	yātaram	4	dcs:648669
ādaghnāsa	ādaghna	ADJ	slot-conflict	m.nom.pl	1	ādaghnāḥ	4	dcs:474418
ādhiyaḥ	ādhī	NOUN	coverage-hole	m.nom.pl	2		4	dcs:702120
ādinas	ādi	NOUN	slot-conflict	n.gen.sg	2	ādinaḥ	4	dcs:45890
ādānāḥ	ādāna	NOUN	coverage-hole	m.nom.pl	2		4	dcs:707671
āgasau	āgas	NOUN	coverage-hole	m.nom.du	2		4	dcs:258389
āghāṭībhiḥ	āghāṭi	NOUN	slot-conflict	f.instr.pl	2	āghāṭibhiḥ	4	dcs:672930
āgnāvaiṣṇavī	āgnāvaiṣṇava	ADJ	coverage-hole	f.nom.sg	2		4	dcs:742057
āgārān	āgāra	NOUN	coverage-hole	m.acc.pl	2		4	dcs:280924
āhutīṣu	āhuti	NOUN	slot-conflict	f.loc.pl	2	āhutiṣu	4	dcs:729182
ākhyebhiḥ	ākhyā	NOUN	coverage-hole	n.instr.pl	2		4	dcs:44970
ākhyeṣu	ākhyā	NOUN	coverage-hole	n.loc.pl	2		4	dcs:30444
āparāhṇikyau	āparāhṇika	ADJ	coverage-hole	f.nom.du	1		4	dcs:748536
āpaṇām	āpaṇa	NOUN	coverage-hole	f.acc.sg	2		4	dcs:306933
ārambhaṇau	ārambhaṇa	NOUN	coverage-hole	m.nom.du	1		4	dcs:755490
ārtavām	ārtava	NOUN	coverage-hole	f.acc.sg	2		4	dcs:40453
ārtavāyāḥ	ārtava	NOUN	coverage-hole	f.gen.sg	2		4	dcs:465861
ārtinā	ārti	NOUN	coverage-hole	m.instr.sg	2		4	dcs:556214
ārūpyā	ārūpya	ADJ	coverage-hole	f.nom.sg	1		4	dcs:387576
āsanau	āsana	NOUN	coverage-hole	m.nom.du	2		4	dcs:478431
āstaraṇān	āstaraṇa	NOUN	coverage-hole	m.acc.pl	2		4	dcs:181905
āstham	āsthā	NOUN	coverage-hole	n.acc.sg	1		4	dcs:627386
ātmaṃbhari	ātmambhari	ADJ	compound-member		2		4	dcs:630854
ātānāni	ātāna	NOUN	coverage-hole	n.nom.pl	2		4	dcs:628687_1
āvārīṃ	āvāri	NOUN	slot-conflict	f.acc.sg	1	āvārim	4	dcs:653756
āvṛtīn	āvṛti	NOUN	coverage-hole	m.acc.pl	2		4	dcs:462298
āyajīyān	āyajīyas	ADJ	coverage-hole	m.nom.sg	2		4	dcs:741325
āyudhi	āyudhin	NOUN	compound-member		2		4	dcs:529262
āyudhāyāḥ	āyudha	NOUN	coverage-hole	f.gen.sg	2		4	dcs:166005
āyuvaḥ	āyu	ADJ	slot-conflict	f.nom.pl	3	āyavaḥ	4	dcs:684653
āyuṣkān	āyuṣka	NOUN	coverage-hole	m.acc.pl	2		4	dcs:331420
āśayataḥ	āśaya	NOUN	slot-conflict	m.abl.sg	1	āśayāt	4	dcs:658579
āṅgirasām	āṅgirasa	ADJ	coverage-hole	f.acc.sg	2		4	dcs:265215
īdṛkṣāsa	īdṛkṣa	ADJ	slot-conflict	m.nom.pl	2	īdṛkṣāḥ	4	dcs:684465
īdṛṃśi	īdṛś	ADJ	coverage-hole	n.nom.pl	2		4	dcs:620712
īkṣaṇābhiḥ	īkṣaṇa	NOUN	coverage-hole	f.instr.pl	2		4	dcs:132220
śabdataḥ	śabda	NOUN	slot-conflict	m.abl.sg	3	śabdāt	4	dcs:438486
śacīva	śacīvat	ADJ	slot-conflict	m.voc.sg	2	śacīvan	4	dcs:593026
śakṛdā	śakṛt	NOUN	slot-conflict	n.instr.sg	2	śakṛtā	4	dcs:70728_1
śamayitrī	śamayitṛ	ADJ	coverage-hole	f.nom.sg	2		4	dcs:690577_1
śamvati	śaṃvat	ADJ	slot-conflict	m.loc.sg	2	śaṃvati	4	dcs:699714_1
śamyorvākam	śaṃyorvāka	NOUN	slot-conflict	m.acc.sg	2	śaṃyorvākam	4	dcs:712619
śamyuvāke	śaṃyuvāka	NOUN	slot-conflict	m.loc.sg	2	śaṃyuvāke	4	dcs:747057
śamīgarbhīm	śamīgarbha	ADJ	coverage-hole	f.acc.sg	2		4	dcs:669931
śarumāṁ	śarumat	ADJ	slot-conflict	m.nom.sg	2	śarumān	4	dcs:702617
śastrikaḥ	śastrikā	NOUN	coverage-hole	m.nom.sg	2		4	dcs:488086
śatakratav	śatakratu	NOUN	slot-conflict	m.voc.sg	3	śatakrato	4	dcs:592448
śatām	śata	NUM	coverage-hole	f.acc.sg	2		4	dcs:266508
śatāyāḥ	śata	NUM	coverage-hole	f.gen.sg	2		4	dcs:653932
śaśaghāti	śaśaghātin	NOUN	compound-member		2		4	dcs:1141
śaṃkarasvāmi	śaṃkarasvāmin	NOUN	compound-member		2		4	dcs:613345
śilāhvā	śilāhva	NOUN	coverage-hole	f.nom.sg	2		4	dcs:329043
śirasīm	śiras	NOUN	coverage-hole	f.acc.sg	2		4	dcs:436766
śmaśruvaḥ	śmaśru	NOUN	coverage-hole	f.nom.pl	2		4	dcs:689220
śmaśrū	śmaśru	NOUN	coverage-hole	m.acc.du	2		4	dcs:435800
śmaśrūn	śmaśru	NOUN	coverage-hole	m.acc.pl	2		4	dcs:308912
śmaśānataḥ	śmaśāna	NOUN	slot-conflict	n.abl.sg	3	śmaśānāt	4	dcs:617668
śravassu	śravas	NOUN	slot-conflict	n.loc.pl	2	śravaḥsu	4	dcs:597405
śreḥ	śrī	NOUN	coverage-hole	m.gen.sg	2		4	dcs:736779
śrutaśarma	śrutaśarman	NOUN	compound-member		2		4	dcs:627852
śrutīn	śruti	NOUN	coverage-hole	m.acc.pl	2		4	dcs:180229
śundhyuvaṃ	śundhyu	ADJ	slot-conflict	m.acc.sg	1	śundhyum	4	dcs:603414
śuṣmebhiḥ	śuṣma	NOUN	slot-conflict	m.instr.pl	2	śuṣmaiḥ	4	dcs:599266
śvetāsa	śveta	ADJ	slot-conflict	m.nom.pl	2	śvetāḥ	4	dcs:605867
śyāmūlena	syāmūla	NOUN	slot-conflict	n.instr.sg	2	syāmūlena	4	dcs:757639
śāṃbhavaṃ	śāmbhava	ADJ	slot-conflict	n.acc.sg	2	śāmbhavam	4	dcs:618601
śīrṣṇīm	śīrṣan	NOUN	coverage-hole	f.acc.sg	2		4	dcs:726642
ūṣmṇaḥ	ūṣman	NOUN	slot-conflict	m.acc.pl	3	ūṣmaṇaḥ	4	dcs:39765
ṣaṇḍām	ṣaṇḍa	NOUN	coverage-hole	f.acc.sg	2		4	dcs:138237
ṣoḍaśikī	ṣoḍaśika	ADJ	coverage-hole	f.nom.sg	2		4	dcs:756692
ṣoḍaśārcīḥ	ṣoḍaśārcis	NOUN	slot-conflict	m.nom.sg	3	ṣoḍaśārciḥ	4	dcs:590134
abhiyoktri	abhiyoktṛ	ADJ	slot-conflict	m.loc.sg	2	abhiyoktari	3	dcs:448957
aharbhiḥ	ahar	NOUN	slot-conflict	n.instr.pl	2	ahārbhiḥ	3	dcs:567047
ahassu	ahar	NOUN	slot-conflict	n.loc.pl	2	ahārṣu	3	dcs:652592
aikāhikābhiḥ	aikāhika	ADJ	coverage-hole	f.instr.pl	2		3	dcs:652241
aikāntikām	aikāntika	ADJ	coverage-hole	f.acc.sg	2		3	dcs:97365
aiśvaryān	aiśvarya	NOUN	coverage-hole	m.acc.pl	1		3	dcs:265600
ajāsaḥ	aja	NOUN	slot-conflict	m.nom.pl	2	ajāḥ	3	dcs:601701
akartri	akartṛ	NOUN	slot-conflict	m.loc.sg	2	akartari	3	dcs:535337
alpaśaḥ	alpaśas	ADV	indeclinable		2		3	dcs:551945
alpīyasam	alpīyas	ADJ	coverage-hole	m.acc.sg	1		3	dcs:222752
alpīyāṃsaṃ	alpīyas	ADJ	coverage-hole	m.acc.sg	2		3	dcs:728843
amaraṇā	amaraṇa	ADJ	coverage-hole	f.nom.sg	1		3	dcs:359323
amatrebhiḥ	amatra	NOUN	slot-conflict	n.instr.pl	2	amatraiḥ	3	dcs:596080
antarikṣā	antarikṣa	NOUN	slot-conflict	n.acc.pl	2	antarikṣāṇi	3	dcs:601016
antarikṣābhyaḥ	antarikṣa	ADJ	coverage-hole	f.abl.pl	2		3	dcs:564865
anurāgataḥ	anurāga	NOUN	slot-conflict	m.abl.sg	2	anurāgāt	3	dcs:93240
anusārataḥ	anusāra	NOUN	slot-conflict	m.abl.sg	2	anusārāt	3	dcs:89735
anvaṣṭakyām	anvaṣṭakya	NOUN	coverage-hole	f.acc.sg	2		3	dcs:730092
anyonyaiḥ	anyonya	PRON	coverage-hole	m.instr.pl	1		3	dcs:136041
anyonyāt	anyonya	PRON	coverage-hole	m.abl.sg	2		3	dcs:387908
apsarassu	apsaras	NOUN	slot-conflict	f.loc.pl	2	apsaraḥsu	3	dcs:165419
arddhaṃ	ardha	ADJ	slot-conflict	n.acc.sg	1	ardham	3	dcs:49725
asādhvī	asādhu	ADJ	slot-conflict	f.nom.sg	2	asādhuḥ	3	dcs:89876
asām	asāman	NOUN	slot-conflict	n.nom.sg	2	asāma	3	dcs:471814
atichandasaḥ	aticchandas	NOUN	slot-conflict	n.gen.sg	1	aticchandasaḥ	3	dcs:729782
auṣṇihīṃ	auṣṇiha	ADJ	coverage-hole	f.acc.sg	1		3	dcs:748915
avimāṁ	avimat	ADJ	slot-conflict	m.nom.sg	2	avimān	3	dcs:701228
avṛkebhiḥ	avṛka	ADJ	slot-conflict	m.instr.pl	1	avṛkaiḥ	3	dcs:600600_1
aśmnaḥ	aśman	NOUN	slot-conflict	m.acc.pl	3	aśmanaḥ	3	dcs:81243
aśreyāḥ	aśreyas	ADJ	coverage-hole	f.nom.sg	1		3	dcs:167859
aṅgebhiḥ	aṅga	NOUN	slot-conflict	n.instr.pl	2	aṅgaiḥ	3	dcs:594882_1
aṣṭādaśīm	aṣṭādaśa	ADJ	coverage-hole	f.acc.sg	1		3	dcs:73358
bhaktivāṃsaḥ	bhaktivas	ADJ	slot-conflict	m.nom.pl	2	bhaktivasaḥ	3	dcs:649334
bhūriṇas	bhūri	ADJ	slot-conflict	n.gen.sg	2	bhūriṇaḥ	3	dcs:529497
bhūtataḥ	bhūta	NOUN	slot-conflict	n.abl.sg	2	bhūtāt	3	dcs:632445
bruvoḥ	brū	NOUN	lexicon-gap	f.gen.du	1		3	dcs:552078
bāṇavāṁ	bāṇavat	ADJ	slot-conflict	m.nom.sg	2	bāṇavān	3	dcs:647817
bṛhaddhanūḥ	bṛhaddhanus	NOUN	slot-conflict	m.nom.sg	2	bṛhaddhanuḥ	3	dcs:548778
caritrataḥ	caritra	NOUN	slot-conflict	n.abl.sg	2	caritrāt	3	dcs:465369
catuṣpañcāśatī	catuṣpañcāśat	NOUN	slot-conflict	f.nom.sg	2	catuṣpañcāśat	3	dcs:465004
caurataḥ	caura	NOUN	slot-conflict	m.abl.sg	3	caurāt	3	dcs:655467
cāndramasām	cāndramasa	ADJ	coverage-hole	f.acc.sg	2		3	dcs:617004
daivayogataḥ	daivayoga	NOUN	slot-conflict	m.abl.sg	2	daivayogāt	3	dcs:625992
damyebhiḥ	damya	ADJ	slot-conflict	n.instr.pl	2	damyaiḥ	3	dcs:650404
dantaveṣṭau	dantaveṣṭa	NOUN	coverage-hole	m.nom.du	2		3	dcs:444611
daṃpatibhyāṃ	dampati	NOUN	slot-conflict	m.dat.du	1	dampatibhyām	3	dcs:640009
devarāj	devara	NOUN	slot-conflict	m.nom.sg	2	devaraḥ	3	dcs:519402
dhāmbhiḥ	dhāman	NOUN	slot-conflict	m.instr.pl	1	dhāmabhiḥ	3	dcs:357715
dhānyābhrakā	dhānyābhraka	ADJ	coverage-hole	f.nom.sg	2		3	dcs:101266
dhūmāsaḥ	dhūma	NOUN	slot-conflict	m.nom.pl	2	dhūmāḥ	3	dcs:602305
durmadāsaḥ	durmada	ADJ	slot-conflict	m.nom.pl	2	durmadāḥ	3	dcs:474238
durmitrāsaḥ	durmitra	ADJ	slot-conflict	m.nom.pl	2	durmitrāḥ	3	dcs:602360_1
durnām	durnāman	NOUN	coverage-hole	n.acc.sg	2		3	dcs:34073
dvipañcāśatī	dvipañcāśat	NOUN	slot-conflict	f.nom.sg	2	dvipañcāśat	3	dcs:101349
dvitīyasmin	dvitīya	ADJ	slot-conflict	m.loc.sg	1	dvitīye	3	dcs:613636
dvādaśasāhasrām	dvādaśasāhasra	ADJ	coverage-hole	f.acc.sg	2		3	dcs:292800
dyūtataḥ	dyūta	NOUN	slot-conflict	n.abl.sg	2	dyūtāt	3	dcs:619774
dānāsaḥ	dāna	NOUN	slot-conflict	m.nom.pl	2	dānāḥ	3	dcs:605668
ekajyotīḥ	ekajyotis	NOUN	coverage-hole	m.nom.sg	2		3	dcs:540689
evaṃprabhāvaḥ	evamprabhāva	ADJ	slot-conflict	m.nom.sg	3	evamprabhāvaḥ	3	dcs:758385
gandhataḥ	gandha	NOUN	slot-conflict	m.abl.sg	3	gandhāt	3	dcs:644778
gavyebhiḥ	gavya	ADJ	slot-conflict	n.instr.pl	3	gavyaiḥ	3	dcs:601781
gharmāsaḥ	gharma	NOUN	slot-conflict	m.nom.pl	2	gharmāḥ	3	dcs:684940
ghrāṇataḥ	ghrāṇa	NOUN	slot-conflict	n.abl.sg	3	ghrāṇāt	3	dcs:645853
ghṛtārcīḥ	ghṛtārcis	NOUN	slot-conflict	m.nom.sg	3	ghṛtārciḥ	3	dcs:278706
gṛhāsaḥ	gṛha	NOUN	slot-conflict	m.nom.pl	2	gṛhāḥ	3	dcs:641674
gṛtsamadāsaḥ	gṛtsamada	NOUN	slot-conflict	m.nom.pl	2	gṛtsamadāḥ	3	dcs:595901_1
haritebhiḥ	harita	ADJ	slot-conflict	n.instr.pl	2	haritaiḥ	3	dcs:649803
harmyataḥ	harmya	NOUN	slot-conflict	n.abl.sg	2	harmyāt	3	dcs:621304
havebhiḥ	hava	NOUN	slot-conflict	m.instr.pl	2	havaiḥ	3	dcs:602398
itaretarāt	itaretara	PRON	coverage-hole	m.abl.sg	3		3	dcs:90397
itarāt	itara	PRON	slot-conflict	m.abl.sg	2	itarasmāt	3	dcs:554758
jaitrām	jaitra	ADJ	coverage-hole	f.acc.sg	2		3	dcs:578621
kaniṣṭhataḥ	kaniṣṭha	ADJ	slot-conflict	m.abl.sg	2	kaniṣṭhāt	3	dcs:680241
kavīṃr	kavi	NOUN	slot-conflict	m.acc.pl	2	kavīn	3	dcs:652376
kaṅganī	kaṅgunī	NOUN	slot-conflict	f.nom.sg	1	kaṅgunī	3	dcs:366337
keśarasya	kesara	NOUN	slot-conflict	n.gen.sg	1	kesarasya	3	dcs:65362
khananān	khanana	NOUN	slot-conflict	n.abl.sg	1	khananāt	3	dcs:73987
kho	kha	NOUN	slot-conflict	m.nom.sg	1	khaḥ	3	dcs:553494
kimo	kim	NOUN	coverage-hole	m.abl.sg	1		3	dcs:553729
kiṭṭā	kiṭṭa	NOUN	coverage-hole	f.nom.sg	1		3	dcs:331274
kuliśenā	kuliśa	NOUN	slot-conflict	n.instr.sg	1	kuliśena	3	dcs:648652
kuśikebhiḥ	kuśika	NOUN	slot-conflict	m.instr.pl	2	kuśikaiḥ	3	dcs:597091_1
kuḍuvaṃ	kuḍava	NOUN	slot-conflict	n.acc.sg	2	kuḍavam	3	dcs:746196
kārtikaḥ	kārttika	NOUN	slot-conflict	m.nom.sg	1	kārttikaḥ	3	dcs:590204
kārtikī	kārttikī	NOUN	slot-conflict	f.nom.sg	1	kārttikī	3	dcs:553007
kṛtebhiḥ	kṛta	NOUN	slot-conflict	n.instr.pl	2	kṛtaiḥ	3	dcs:604496
kṛtyataḥ	kṛtya	NOUN	slot-conflict	n.abl.sg	1	kṛtyāt	3	dcs:625344
lokamātrī	lokamātṛ	NOUN	slot-conflict	f.nom.sg	3	lokamātā	3	dcs:75100
madhyamebhiḥ	madhyamā	NOUN	coverage-hole	n.instr.pl	1		3	dcs:367196
manuṣ	manu	NOUN	slot-conflict	m.nom.sg	2	manuḥ	3	dcs:593487
muhūrttam	muhūrta	NOUN	slot-conflict	n.acc.sg	2	muhūrtam	3	dcs:486247
muktāmātrī	muktāmātṛ	NOUN	slot-conflict	f.nom.sg	2	muktāmātā	3	dcs:22700
mānuṣebhiḥ	mānuṣa	NOUN	slot-conflict	m.instr.pl	2	mānuṣaiḥ	3	dcs:602746
māsikām	māsika	ADJ	coverage-hole	f.acc.sg	2		3	dcs:505425
navyebhiḥ	navya	ADJ	slot-conflict	n.instr.pl	2	navyaiḥ	3	dcs:594670_1
netaraṃ	netṛ	ADJ	slot-conflict	m.acc.sg	1	netāram	3	dcs:480049
nidhīṃr	nidhi	NOUN	slot-conflict	m.acc.pl	2	nidhīn	3	dcs:610753
niṣyandam	nisyanda	NOUN	slot-conflict	m.acc.sg	1	nisyandam	3	dcs:629605
nāgamātrī	nāgamātṛ	NOUN	slot-conflict	f.nom.sg	2	nāgamātā	3	dcs:440994
nṛcakṣūḥ	nṛcakṣus	NOUN	slot-conflict	m.nom.sg	2	nṛcakṣuḥ	3	dcs:548846
nṛtamāsaḥ	nṛtama	ADJ	slot-conflict	m.nom.pl	2	nṛtamāḥ	3	dcs:593616_1
paiśācām	paiśāca	ADJ	coverage-hole	f.acc.sg	3		3	dcs:440070
paredyuḥ	paredyus	ADV	indeclinable		1		3	dcs:487827
parijmanaḥ	parijman	ADJ	coverage-hole	f.acc.pl	2		3	dcs:728744
patnīvatas	patnīvat	ADJ	slot-conflict	m.acc.pl	2	patnīvataḥ	3	dcs:592044
patraratha	pattraratha	NOUN	slot-conflict	m.voc.sg	1	pattraratha	3	dcs:629575
pañcaviṃśatyām	pañcaviṃśat	NUM	slot-conflict	f.loc.sg	3	pañcaviṃśati	3	dcs:88
paścimottarataḥ	paścimottara	ADJ	slot-conflict	m.abl.sg	1	paścimottarāt	3	dcs:390044
paṅktyaḥ	paṅkti	NOUN	slot-conflict	f.nom.pl	3	paṅktayaḥ	3	dcs:215106
prahāṇataḥ	prahāṇa	NOUN	slot-conflict	n.abl.sg	2	prahāṇāt	3	dcs:388834
prastāvataḥ	prastāva	NOUN	slot-conflict	m.abl.sg	2	prastāvāt	3	dcs:623977
prathīyāṃsaḥ	prathīyas	ADJ	coverage-hole	m.nom.pl	3		3	dcs:689217
prativeśataḥ	prativeśa	ADJ	slot-conflict	m.abl.sg	2	prativeśāt	3	dcs:663163
pratnebhiḥ	pratna	ADJ	slot-conflict	m.instr.pl	2	pratnaiḥ	3	dcs:607833
pratyayataḥ	pratyaya	NOUN	slot-conflict	m.abl.sg	2	pratyayāt	3	dcs:388276
prātaryāvāṇā	prātaryāvan	ADJ	slot-conflict	m.nom.du	2	prātaryāvānau	3	dcs:697343_1
punarvasuvoḥ	punarvasu	NOUN	slot-conflict	m.loc.du	2	punarvasvoḥ	3	dcs:343551
purātanām	purātana	ADJ	coverage-hole	f.acc.sg	3		3	dcs:540405
pāpāsaḥ	pāpa	ADJ	slot-conflict	m.nom.pl	2	pāpāḥ	3	dcs:598049
pūrvyāsaḥ	pūrvya	ADJ	slot-conflict	m.nom.pl	2	pūrvyāḥ	3	dcs:592604
rajassu	rajas	NOUN	slot-conflict	n.loc.pl	2	rajaḥsu	3	dcs:602667_2
rathyāsaḥ	rathya	ADJ	slot-conflict	m.nom.pl	2	rathyāḥ	3	dcs:601216
rayiṣāh	rayiṣah	ADJ	slot-conflict	m.nom.sg	2	rayiṣaṭ	3	dcs:593110_1
raṅgamātrī	raṅgamātṛ	NOUN	slot-conflict	f.nom.sg	3	raṅgamātā	3	dcs:438599
romsu	roman	NOUN	slot-conflict	n.loc.pl	2	romasu	3	dcs:38082
rājabadarāyāḥ	rājabadara	NOUN	coverage-hole	f.gen.sg	2		3	dcs:100981
rūpebhiḥ	rūpa	NOUN	slot-conflict	n.instr.pl	1	rūpaiḥ	3	dcs:599783
sadhryañcaḥ	sadhryañc	ADJ	coverage-hole	m.nom.pl	2		3	dcs:598033
sakthnoḥ	sakthi	NOUN	slot-conflict	n.gen.du	1	sakthinoḥ	3	dcs:27299
sakthyāḥ	sakthi	NOUN	coverage-hole	f.gen.sg	1		3	dcs:7871
samasmai	sama	PRON	slot-conflict	m.dat.sg	2	samāya	3	dcs:551344
samāvañśaḥ	samāvacchas	ADV	indeclinable		2		3	dcs:678975
saptamāyām	saptama	ADJ	coverage-hole	f.loc.sg	3		3	dcs:523013
sarasvas	sarasvat	ADJ	slot-conflict	m.voc.sg	2	sarasvan	3	dcs:746323
sarvebhiḥ	sarva	NOUN	slot-conflict	n.instr.pl	3	sarvaiḥ	3	dcs:704742
satveṣu	sattva	NOUN	slot-conflict	n.loc.pl	2	sattveṣu	3	dcs:642319
satyebhiḥ	satya	ADJ	slot-conflict	m.instr.pl	2	satyaiḥ	3	dcs:603256
saṃbhoge	sambhoga	NOUN	slot-conflict	m.loc.sg	2	sambhoge	3	dcs:755809
saṃbhojanī	sambhojanī	NOUN	slot-conflict	f.nom.sg	2	sambhojanī	3	dcs:311545
saṃbhūtau	sambhūti	NOUN	slot-conflict	f.loc.sg	2	sambhūtau sambhūtyām	3	dcs:509457
saṃmardam	sammarda	NOUN	slot-conflict	m.acc.sg	1	sammardam	3	dcs:766492
saṃmiślā	sammiśla	ADJ	slot-conflict	m.nom.sg	1	sammiślaḥ	3	dcs:684838
saṃmukheṣu	sammukha	ADJ	slot-conflict	m.loc.pl	2	sammukheṣu	3	dcs:698838
saṃmārjane	sammārjana	NOUN	slot-conflict	n.acc.du	1	sammārjane	3	dcs:749835
saṃparkāḥ	samparka	NOUN	slot-conflict	m.nom.pl	2	samparkāḥ	3	dcs:528452
saṃpattim	sampatti	NOUN	slot-conflict	f.acc.sg	2	sampattim	3	dcs:488955
saṃpattyā	sampatti	NOUN	slot-conflict	f.instr.sg	2	sampattyā	3	dcs:269697
saṃplavāt	samplava	NOUN	slot-conflict	m.abl.sg	2	samplavāt	3	dcs:539202
saṃprativid	samprativid	ADJ	slot-conflict	m.nom.sg	3	samprativit	3	dcs:749101
saṃpratividaḥ	samprativid	ADJ	slot-conflict	m.nom.pl	2	sampratividaḥ	3	dcs:628648
saṃpātinau	sampātin	ADJ	slot-conflict	m.nom.du	2	sampātinau	3	dcs:649661
saṃpātāḥ	sampāta	NOUN	coverage-hole	f.acc.pl	1		3	dcs:70895
skambhanīḥ	skambhana	ADJ	coverage-hole	f.nom.sg	3		3	dcs:714774
snāv	snāvan	NOUN	slot-conflict	n.acc.sg	2	snāva	3	dcs:33391
somasām	somasāman	NOUN	slot-conflict	n.nom.sg	1	somasāma	3	dcs:566146
sphāyaḥ	sphāy	NOUN	lexicon-gap	m.gen.sg	2		3	dcs:554018
stenāsaḥ	stena	NOUN	slot-conflict	m.nom.pl	3	stenāḥ	3	dcs:646465
sthavirebhiḥ	sthavira	ADJ	slot-conflict	m.instr.pl	2	sthaviraiḥ	3	dcs:600543
stheyasam	stheyas	ADJ	coverage-hole	f.acc.sg	2		3	dcs:359107
sucakṣūḥ	sucakṣus	NOUN	slot-conflict	m.nom.sg	2	sucakṣuḥ	3	dcs:455981
suvidatrebhiḥ	suvidatra	ADJ	slot-conflict	m.instr.pl	2	suvidatraiḥ	3	dcs:641668
svānāsaḥ	svāna	NOUN	slot-conflict	m.nom.pl	2	svānāḥ	3	dcs:599117
syando	syanda	NOUN	slot-conflict	m.nom.sg	1	syandaḥ	3	dcs:43190
syandrāsaḥ	syandra	ADJ	slot-conflict	m.nom.pl	2	syandrāḥ	3	dcs:599944
sālveya	śālveya	NOUN	compound-member		1		3	dcs:552975
sāmbhyaḥ	sāman	NOUN	slot-conflict	n.abl.pl	2	sāmabhyaḥ	3	dcs:472753
sāyantanām	sāyantana	ADJ	coverage-hole	f.acc.sg	3		3	dcs:91433
tanīyāḥ	tanīyas	ADJ	coverage-hole	m.nom.sg	2		3	dcs:462323
taruṇāyāḥ	taruṇa	ADJ	coverage-hole	f.gen.sg	2		3	dcs:5797
thāma	sthāman	NOUN	slot-conflict	n.acc.sg	1	sthāma	3	dcs:649958
turvaśo	turvasu	NOUN	slot-conflict	m.voc.sg	2	turvaso	3	dcs:166725
tvāyantaḥ	tvāyat	ADJ	slot-conflict	m.nom.pl	2	tvāyataḥ	3	dcs:602354
udarataḥ	udara	NOUN	slot-conflict	n.abl.sg	2	udarāt	3	dcs:499199
udayanataḥ	udayana	NOUN	slot-conflict	n.abl.sg	1	udayanāt	3	dcs:70229
unmīlanī	unmīlana	ADJ	coverage-hole	f.nom.sg	2		3	dcs:506252
upabhogataḥ	upabhoga	NOUN	slot-conflict	m.abl.sg	2	upabhogāt	3	dcs:539730
vahiṣṭhebhiḥ	vahiṣṭha	ADJ	slot-conflict	m.instr.pl	2	vahiṣṭhaiḥ	3	dcs:694516_1
vahnīr	vahni	NOUN	slot-conflict	m.nom.pl	1	vahnayaḥ	3	dcs:700078
varebhiḥ	vara	NOUN	slot-conflict	m.instr.pl	2	varaiḥ	3	dcs:436038
vasīyāḥ	vasīyas	ADJ	coverage-hole	m.nom.sg	2		3	dcs:565799_5
vaḍavānāṃ	vaḍabā	NOUN	slot-conflict	f.gen.pl	2	vaḍabānām	3	dcs:630025
vibhiṣ	vi	NOUN	slot-conflict	m.instr.pl	2	vibhiḥ	3	dcs:592851
vidvaḥsu	vidvas	ADJ	coverage-hole	m.loc.pl	3		3	dcs:357936
vidvobhyaḥ	vidvas	ADJ	coverage-hole	m.dat.pl	3		3	dcs:364441
virūpāsa	virūpa	NOUN	slot-conflict	m.nom.pl	1	virūpāḥ	3	dcs:610576
viśasanām	viśasana	ADJ	coverage-hole	f.acc.sg	3		3	dcs:234219
viśvadevebhiḥ	viśvadeva	NOUN	slot-conflict	m.instr.pl	2	viśvadevaiḥ	3	dcs:637152_1
vrātāsaḥ	vrāta	NOUN	slot-conflict	m.nom.pl	2	vrātāḥ	3	dcs:593578
vyatirekataḥ	vyatireka	NOUN	slot-conflict	m.abl.sg	2	vyatirekāt	3	dcs:92172
vyāghrapurāyām	vyāghrapura	NOUN	coverage-hole	f.loc.sg	2		3	dcs:110064
vākyān	vākya	NOUN	coverage-hole	m.acc.pl	1		3	dcs:521032
vārdhakaṃ	vārddhaka	NOUN	slot-conflict	n.nom.sg	1	vārddhakam	3	dcs:590575
vārdhuṣiḥ	vārddhuṣi	NOUN	slot-conflict	m.nom.sg	2	vārddhuṣiḥ	3	dcs:76827
vārdhuṣī	vārddhuṣin	NOUN	slot-conflict	m.nom.sg	1	vārddhuṣī	3	dcs:312767
vārāhām	vārāha	ADJ	coverage-hole	f.acc.sg	3		3	dcs:39415
vāyavayā	vāyava	ADJ	coverage-hole	f.instr.sg	2		3	dcs:540827
vṛkāsaḥ	vṛka	NOUN	slot-conflict	m.nom.pl	2	vṛkāḥ	3	dcs:435435
vṛṣṇiyāvataḥ	vṛṣṇyāvat	ADJ	slot-conflict	m.gen.sg	2	vṛṣṇyāvataḥ	3	dcs:672371
yajamānāsaḥ	yajamāna	NOUN	slot-conflict	m.nom.pl	3	yajamānāḥ	3	dcs:596165
yajñiyebhiḥ	yajñiya	ADJ	slot-conflict	m.instr.pl	2	yajñiyaiḥ	3	dcs:609517_1
yakṣmāsaḥ	yakṣma	NOUN	slot-conflict	m.nom.pl	2	yakṣmāḥ	3	dcs:649532
yogamātrī	yogamātṛ	NOUN	slot-conflict	f.nom.sg	3	yogamātā	3	dcs:451735
yāmāsaḥ	yāma	NOUN	slot-conflict	m.nom.pl	2	yāmāḥ	3	dcs:599145
ādarata	ādara	NOUN	slot-conflict	m.abl.sg	1	ādarāt	3	dcs:449071
āmayataḥ	āmaya	NOUN	slot-conflict	m.abl.sg	2	āmayāt	3	dcs:687119_1
āmitrām	āmitra	ADJ	coverage-hole	f.acc.sg	2		3	dcs:182943
ārambhaṇataḥ	ārambhaṇa	NOUN	slot-conflict	n.abl.sg	3	ārambhaṇāt	3	dcs:650879
ārtteḥ	ārti	NOUN	slot-conflict	f.abl.sg	2	ārteḥ ārtyāḥ	3	dcs:491380
āryakṛtī	āryakṛta	ADJ	coverage-hole	f.nom.sg	2		3	dcs:677807
āsthāpanā	āsthāpana	ADJ	coverage-hole	f.nom.sg	2		3	dcs:155052
āsthāpanī	āsthāpana	ADJ	coverage-hole	f.nom.sg	2		3	dcs:155052
āyasayā	āyasa	ADJ	coverage-hole	f.instr.sg	2		3	dcs:546807
āyasāsu	āyasa	ADJ	coverage-hole	f.loc.pl	2		3	dcs:67257
āśābhyas	āśā	NOUN	slot-conflict	f.abl.pl	2	āśābhyaḥ	3	dcs:638599
īdṛśābhiḥ	īdṛśa	ADJ	coverage-hole	f.instr.pl	3		3	dcs:90659
śaivāyām	śaiva	ADJ	coverage-hole	f.loc.sg	2		3	dcs:535366
śaṃnodevīyābhiḥ	śaṃnodevīya	ADJ	coverage-hole	f.instr.pl	3		3	dcs:741825
śleṣmataḥ	śleṣman	NOUN	slot-conflict	m.abl.sg	2	śleṣmaṇaḥ	3	dcs:645853
śrotrataḥ	śrotra	NOUN	slot-conflict	n.abl.sg	2	śrotrāt	3	dcs:645853
śrutataḥ	śrutatas	ADV	coverage-hole	n.abl.sg	1		3	dcs:103721
śrutaśravāyāṃ	śrutaśravas	NOUN	slot-conflict	f.loc.sg	1	śrutaśravasi	3	dcs:760477
śubhrebhiḥ	śubhra	ADJ	slot-conflict	m.instr.pl	2	śubhraiḥ	3	dcs:607379
śucidan	śucidat	ADJ	slot-conflict	m.nom.sg	2	śucidat	3	dcs:599224
śārīrām	śārīra	ADJ	coverage-hole	f.acc.sg	2		3	dcs:488433
śāṃkarām	śāṃkara	ADJ	coverage-hole	f.acc.sg	3		3	dcs:408657
śūrāsaḥ	śūra	NOUN	slot-conflict	m.nom.pl	3	śūrāḥ	3	dcs:641487
ūrdhvāsaḥ	ūrdhva	ADJ	slot-conflict	m.nom.pl	3	ūrdhvāḥ	3	dcs:602563
ṛtīṣāham	ṛtīṣah	ADJ	slot-conflict	m.acc.sg	2	ṛtīṣaham	3	dcs:566152
ṣaḍarcān	ṣaḍarca	ADJ	coverage-hole	m.acc.pl	2		3	dcs:688034
ṣaṣṭhāyām	ṣaṣṭha	ADJ	coverage-hole	f.loc.sg	3		3	dcs:523011
abdimāṁ	abdimat	ADJ	slot-conflict	m.nom.sg	1	abdimān	2	dcs:599757
abhidhānakāḥ	abhidhānaka	NOUN	coverage-hole	m.nom.pl	1		2	dcs:24422
abhidipsvaḥ	abhidipsu	ADJ	slot-conflict	f.acc.pl	1	abhidipsūḥ	2	dcs:596260_1
abhijanataḥ	abhijana	NOUN	slot-conflict	m.abl.sg	1	abhijanāt	2	dcs:768906
abhijanāni	abhijana	NOUN	coverage-hole	n.acc.pl	1		2	dcs:139736
abhikāṅkṣam	abhikāṅkṣā	NOUN	coverage-hole	m.acc.sg	1		2	dcs:11224
abhimarśanī	abhimarśana	ADJ	coverage-hole	f.nom.sg	1		2	dcs:742684
abhinayām	abhinaya	NOUN	coverage-hole	f.acc.sg	1		2	dcs:617080
abhinirvṛttitaḥ	abhinirvṛtti	NOUN	slot-conflict	f.abl.sg	1	abhinirvṛtteḥ abhinirvṛttyāḥ	2	dcs:643718
abhiprāyām	abhiprāya	NOUN	coverage-hole	f.acc.sg	1		2	dcs:449501
abhiroddhāra	abhiroddhṛ	ADJ	coverage-hole	m.nom.pl	1		2	dcs:680818
abhisaṃbodhanāya	abhisambodhana	NOUN	slot-conflict	n.dat.sg	1	abhisambodhanāya	2	dcs:723351
abhisaṃdham	abhisaṃdhā	NOUN	coverage-hole	m.acc.sg	1		2	dcs:63143
abhisaṃdhānāḥ	abhisaṃdhāna	NOUN	coverage-hole	m.nom.pl	1		2	dcs:283641
abhisaṃmukhaṃ	abhisammukha	ADJ	slot-conflict	n.acc.sg	1	abhisammukham	2	dcs:724665
abhisaṃparāyaḥ	abhisamparāya	NOUN	slot-conflict	m.nom.sg	2	abhisamparāyaḥ	2	dcs:667637
abhivandanau	abhivandana	NOUN	coverage-hole	m.nom.du	1		2	dcs:123222
abhivandanām	abhivandana	NOUN	coverage-hole	f.acc.sg	1		2	dcs:619449
abhivandanāḥ	abhivandana	NOUN	coverage-hole	m.nom.pl	1		2	dcs:325469
abhivardhanau	abhivardhana	NOUN	coverage-hole	m.nom.du	1		2	dcs:67781
abhivardhanāḥ	abhivardhana	NOUN	coverage-hole	m.nom.pl	1		2	dcs:61025
abhivardhanī	abhivardhana	ADJ	coverage-hole	f.nom.sg	1		2	dcs:766734
abhivādanā	abhivādana	NOUN	coverage-hole	f.nom.sg	1		2	dcs:179071
abhiyācanayā	abhiyācana	NOUN	coverage-hole	f.instr.sg	1		2	dcs:656063
abhiśaṅkam	abhiśaṅkā	NOUN	coverage-hole	n.acc.sg	1		2	dcs:534059
abhiśaṅkaḥ	abhiśaṅkā	NOUN	coverage-hole	m.nom.sg	1		2	dcs:488804
abhiṣavaṇīḥ	abhiṣavaṇa	ADJ	coverage-hole	f.nom.pl	1		2	dcs:638052
abhiṣeṇāṁ	abhiṣeṇa	NOUN	slot-conflict	m.acc.pl	1	abhiṣeṇān	2	dcs:601311
abhrām	abhra	NOUN	coverage-hole	f.acc.sg	1		2	dcs:114653
abhyanujñau	abhyanujñā	NOUN	coverage-hole	m.nom.du	1		2	dcs:478446
abhyanujñānā	abhyanujñāna	NOUN	coverage-hole	f.nom.sg	1		2	dcs:524010
abhyasūyaḥ	abhyasūyā	NOUN	coverage-hole	m.nom.sg	1		2	dcs:387017
abhyañjanā	abhyañjana	NOUN	coverage-hole	f.nom.sg	1		2	dcs:39903
abhyudgatinā	abhyudgati	NOUN	coverage-hole	m.instr.sg	1		2	dcs:487722
abhyāsām	abhyāsa	NOUN	coverage-hole	f.acc.sg	1		2	dcs:441169
abhīśūṃr	abhīśu	NOUN	slot-conflict	m.acc.pl	1	abhīśūn	2	dcs:606187
abālām	abāla	ADJ	coverage-hole	f.acc.sg	1		2	dcs:102626
achidrāṃ	acchidra	ADJ	coverage-hole	f.acc.sg	1		2	dcs:757170
achā	acchā	ADP	indeclinable		1		2	dcs:646354_1
achāvākānām	acchāvāka	NOUN	slot-conflict	m.gen.pl	1	acchāvākānām	2	dcs:698721
achāvākīyā	acchāvākīyā	NOUN	slot-conflict	f.nom.sg	1	acchāvākīyā	2	dcs:650883
acoḥ	ac	NOUN	lexicon-gap	m.gen.du	1		2	dcs:551546
adanāḥ	adana	NOUN	coverage-hole	m.nom.pl	1		2	dcs:642750
adhamasmin	adhama	ADJ	slot-conflict	n.loc.sg	1	adhame	2	dcs:646654_1
adhasaḥ	adhas	NOUN	coverage-hole	m.gen.sg	1		2	dcs:555177
adhibhojanā	adhibhojana	NOUN	slot-conflict	n.acc.pl	1	adhibhojanāni	2	dcs:601464
adhicaraṇā	adhicaraṇa	NOUN	coverage-hole	f.nom.sg	1		2	dcs:741331
adhikāravatīṣu	adhikāravat	ADJ	coverage-hole	f.loc.pl	1		2	dcs:45583
adhikārāyām	adhikāra	NOUN	coverage-hole	f.loc.sg	1		2	dcs:45889
adhipatyā	adhipati	NOUN	slot-conflict	m.instr.sg	1	adhipatinā	2	dcs:661905
adhisthānam	adhiṣṭhāna	NOUN	slot-conflict	n.nom.sg	1	adhiṣṭhānam	2	dcs:666783
adhivāsām	adhivāsa	NOUN	coverage-hole	f.acc.sg	1		2	dcs:436167
adhiṣṭhātri	adhiṣṭhātṛ	NOUN	slot-conflict	m.loc.sg	1	adhiṣṭhātari	2	dcs:84832
adhiṣṭhātrībhiḥ	adhiṣṭhātṛ	ADJ	slot-conflict	f.instr.pl	1	adhiṣṭhātṛbhiḥ	2	dcs:630190
adhvaryutaḥ	adhvaryu	NOUN	slot-conflict	m.abl.sg	1	adhvaryoḥ	2	dcs:672760
adhvarāsaḥ	adhvara	NOUN	slot-conflict	m.nom.pl	1	adhvarāḥ	2	dcs:598869_1
adhyayanāḥ	adhyayana	NOUN	coverage-hole	m.nom.pl	1		2	dcs:289137
adhīvāsām	adhīvāsa	NOUN	coverage-hole	f.acc.sg	1		2	dcs:673631
adobhyaḥ	adas	PRON	coverage-hole	m.abl.pl	1		2	dcs:388716
adogdhā	adogdhṛ	ADJ	coverage-hole	m.nom.sg	1		2	dcs:92354
adriyoḥ	adri	NOUN	slot-conflict	m.gen.du	1	adryoḥ	2	dcs:573381
adriṣutāsa	adriṣuta	ADJ	slot-conflict	m.nom.pl	1	adriṣutāḥ	2	dcs:594825
adruhvāṇā	adruhvan	ADJ	slot-conflict	m.voc.du	1	adruhvāṇau	2	dcs:600276
advayantam	advayat	ADJ	slot-conflict	m.acc.sg	1	advayatam	2	dcs:597155
adṛṣṭataḥ	adṛṣṭa	NOUN	slot-conflict	n.abl.sg	1	adṛṣṭāt	2	dcs:95806
aghniyām	aghnyā	NOUN	slot-conflict	f.acc.sg	1	aghnyām	2	dcs:692656
agnicityeṣu	agnicityā	NOUN	coverage-hole	m.loc.pl	1		2	dcs:696685
agnimāṁ	agnimat	ADJ	slot-conflict	m.nom.sg	1	agnimān	2	dcs:637379
agnivāṁ	agnivat	ADJ	slot-conflict	m.nom.sg	1	agnivān	2	dcs:603642_1
agniśarma	agniśarman	NOUN	compound-member		1		2	dcs:623666
agnyā	agni	NOUN	slot-conflict	m.instr.sg	1	agninā	2	dcs:695861
agruvāḥ	agrū	NOUN	slot-conflict	f.gen.sg	1	agrvāḥ	2	dcs:649887
agrādvānā	agrādvan	ADJ	slot-conflict	m.nom.du	1	agrādvānau	2	dcs:601956
agvi	agu	NOUN	slot-conflict	f.voc.sg	1	ago	2	dcs:94642
ahaitukām	ahaituka	ADJ	coverage-hole	f.acc.sg	1		2	dcs:87676
ahastāsaḥ	ahasta	ADJ	slot-conflict	m.nom.pl	1	ahastāḥ	2	dcs:609992_3
ahaṃkārāṇi	ahaṃkāra	NOUN	coverage-hole	n.nom.pl	1		2	dcs:480472
ahaṃprathamikā	ahamprathamikā	NOUN	compound-member		1		2	dcs:616212
ahetutaḥ	ahetu	NOUN	slot-conflict	m.abl.sg	1	ahetoḥ	2	dcs:632141
ahām	aha	NOUN	coverage-hole	f.acc.sg	1		2	dcs:81227
aidhā	aidha	NOUN	slot-conflict	n.instr.sg	1	aidhena	2	dcs:595357
aindrajālāḥ	aindrajāla	ADJ	coverage-hole	m.nom.pl	1		2	dcs:447920
aindrāvaruṇīm	aindrāvaruṇa	ADJ	coverage-hole	f.acc.sg	1		2	dcs:696045
aiṅgudābhiḥ	aiṅguda	ADJ	coverage-hole	f.instr.pl	2		2	dcs:62261
aiṣīkīm	aiṣīka	ADJ	coverage-hole	f.acc.sg	1		2	dcs:698625
ajagallikān	ajagallikā	NOUN	coverage-hole	m.acc.pl	1		2	dcs:40302
ajagarāṇi	ajagara	NOUN	coverage-hole	n.nom.pl	1		2	dcs:283057
ajamodebhiḥ	ajamodā	NOUN	coverage-hole	n.instr.pl	1		2	dcs:15735
ajanāsaḥ	ajana	ADJ	slot-conflict	m.nom.pl	1	ajanāḥ	2	dcs:602634_1
ajinām	ajina	NOUN	coverage-hole	f.acc.sg	1		2	dcs:620079
ajyānīṃ	ajyāni	NOUN	slot-conflict	f.acc.sg	1	ajyānim	2	dcs:755692
ajāvikāyai	ajāvika	NOUN	coverage-hole	f.dat.sg	1		2	dcs:696172
akaraṇā	akaraṇa	ADJ	coverage-hole	f.nom.sg	1		2	dcs:44224
akarmiṇaḥ	akarman	ADJ	slot-conflict	m.acc.pl	1	akarmaṇaḥ	2	dcs:519373
akau	aka	NOUN	coverage-hole	m.nom.du	1		2	dcs:554733
akhilātma	akhilātman	NOUN	compound-member		1		2	dcs:452905
akudhryak	akudhryañc	ADJ	coverage-hole	n.acc.sg	1		2	dcs:609726_1
akṣamālam	akṣamālā	NOUN	coverage-hole	n.nom.sg	1		2	dcs:560863
akṣamālaḥ	akṣamālā	NOUN	coverage-hole	m.nom.sg	1		2	dcs:629848
akṣasūtrāḥ	akṣasūtra	NOUN	coverage-hole	m.nom.pl	1		2	dcs:485784
akṣim	akṣi	NOUN	coverage-hole	m.acc.sg	1		2	dcs:513931
akṣāvapasya	akṣāvāpa	NOUN	slot-conflict	m.gen.sg	1	akṣāvāpasya	2	dcs:736116
akṣāyām	akṣa	ADJ	coverage-hole	f.loc.sg	1		2	dcs:573700
akṣṇau	akṣṇa	ADJ	coverage-hole	m.acc.du	1		2	dcs:468887_1
alaukikayā	alaukika	ADJ	coverage-hole	f.instr.sg	1		2	dcs:439423
alināsaḥ	alina	NOUN	slot-conflict	m.nom.pl	1	alināḥ	2	dcs:602343
alpīyān	alpīyas	ADJ	coverage-hole	m.nom.sg	1		2	dcs:629661
alyā	ali	NOUN	coverage-hole	f.instr.sg	1		2	dcs:564164
amanuṣyataḥ	amanuṣya	NOUN	slot-conflict	m.abl.sg	2	amanuṣyāt	2	dcs:645853
amaraṇām	amaraṇa	NOUN	coverage-hole	f.acc.sg	1		2	dcs:153303
amarṣām	amarṣa	NOUN	coverage-hole	f.acc.sg	1		2	dcs:163262
amburāśiṇi	amburāśi	NOUN	coverage-hole	n.loc.sg	1		2	dcs:405500
ambātaḥ	ambā	NOUN	slot-conflict	f.abl.sg	1	ambāyāḥ	2	dcs:623032
amebhiḥ	ama	NOUN	slot-conflict	m.instr.pl	1	amaiḥ	2	dcs:602670_1
amlikaiḥ	amlikā	NOUN	coverage-hole	m.voc.sg	1		2	dcs:360232
amājūr	amājur	NOUN	slot-conflict	f.nom.sg	1	amājūḥ	2	dcs:596154_1
amībhyaḥ	adas	PRON	coverage-hole	m.dat.pl	1		2	dcs:637633
amīṣu	adas	PRON	coverage-hole	m.loc.pl	1		2	dcs:629703
amūṣu	adas	PRON	coverage-hole	f.loc.pl	1		2	dcs:89178
anakṣāsaḥ	anakṣa	ADJ	slot-conflict	m.nom.pl	1	anakṣāḥ	2	dcs:608433
analāni	anala	NOUN	coverage-hole	n.nom.pl	1		2	dcs:359459
anantarajātāsu	anantarajāta	ADJ	coverage-hole	f.loc.pl	1		2	dcs:82267
anantāsa	ananta	ADJ	slot-conflict	m.nom.pl	1	anantāḥ	2	dcs:599869
anasvantā	anasvat	ADJ	slot-conflict	m.acc.du	1	anasvantau	2	dcs:599443_1
anavadyataḥ	anavadya	ADJ	slot-conflict	n.abl.sg	1	anavadyāt	2	dcs:632381
anavanāmitavaijayantī	anavanāmitavaijayanta	NOUN	coverage-hole	f.nom.sg	1		2	dcs:723714
anavi	anu	NOUN	slot-conflict	m.loc.sg	1	anau	2	dcs:604275
anaśitāḥ	anaśita	ADJ	coverage-hole	m.nom.pl	1		2	dcs:556765
andhakārayā	andhakāra	NOUN	coverage-hole	f.instr.sg	1		2	dcs:630258
andhakārāyām	andhakāra	NOUN	coverage-hole	f.loc.sg	1		2	dcs:520795
andhatamasā	andhatamasa	NOUN	coverage-hole	f.nom.sg	1		2	dcs:516642
anekāntavādi	anekāntavādin	NOUN	compound-member		1		2	dcs:45142
anilām	anila	NOUN	coverage-hole	f.acc.sg	1		2	dcs:763613
anityataḥ	anitya	ADJ	slot-conflict	m.abl.sg	1	anityāt	2	dcs:632942
antarālayā	antarāla	NOUN	coverage-hole	f.instr.sg	1		2	dcs:489227
antarālāṃ	antarāla	ADJ	coverage-hole	f.acc.sg	1		2	dcs:517751
antarāpaṇām	antarāpaṇa	NOUN	coverage-hole	f.acc.sg	1		2	dcs:112487
antarātmnaḥ	antarātman	NOUN	slot-conflict	m.acc.pl	1	antarātmanaḥ	2	dcs:80224
antassthāyām	antaḥsthā	NOUN	slot-conflict	f.loc.sg	1	antaḥsthāyām	2	dcs:663828
antassthāṃ	antaḥsthā	NOUN	slot-conflict	f.acc.sg	1	antaḥsthām	2	dcs:663828
antikī	antika	ADJ	coverage-hole	f.nom.sg	1		2	dcs:749566
antāsaḥ	anta	NOUN	slot-conflict	m.nom.pl	1	antāḥ	2	dcs:610170
anubandhayā	anubandha	NOUN	coverage-hole	f.instr.sg	1		2	dcs:139617
anubandhām	anubandha	NOUN	coverage-hole	f.acc.sg	1		2	dcs:121131
anubandhāni	anubandha	NOUN	coverage-hole	n.acc.pl	1		2	dcs:60437
anubandhāsu	anubandha	NOUN	coverage-hole	f.loc.pl	1		2	dcs:522637
anubhāvataḥ	anubhāva	NOUN	slot-conflict	m.abl.sg	1	anubhāvāt	2	dcs:94587
anubhāvām	anubhāva	NOUN	coverage-hole	f.acc.sg	1		2	dcs:407913
anubhāvāni	anubhāva	NOUN	coverage-hole	n.nom.pl	1		2	dcs:723306
anuchādaḥ	anucchāda	NOUN	slot-conflict	m.nom.sg	1	anucchādaḥ	2	dcs:493154
anuditāsa	anudita	ADJ	slot-conflict	m.nom.pl	1	anuditāḥ	2	dcs:611451
anugrahataḥ	anugraha	NOUN	slot-conflict	m.abl.sg	1	anugrahāt	2	dcs:89653
anugrāsaḥ	anugra	ADJ	slot-conflict	m.nom.pl	1	anugrāḥ	2	dcs:603716_1
anujanma	anujanman	NOUN	compound-member		1		2	dcs:90826
anujñaiḥ	anujñā	NOUN	coverage-hole	m.instr.pl	1		2	dcs:643007
anujñam	anujñā	NOUN	coverage-hole	m.acc.sg	1		2	dcs:625404
anukrośām	anukrośa	NOUN	coverage-hole	f.acc.sg	1		2	dcs:120160
anukṛtīni	anukṛti	NOUN	coverage-hole	n.nom.pl	1		2	dcs:437300
anulomanān	anulomana	ADJ	coverage-hole	m.acc.pl	1		2	dcs:34169
anulomanī	anulomana	ADJ	coverage-hole	f.nom.sg	1		2	dcs:27217
anumitiyoḥ	anumiti	NOUN	coverage-hole	m.gen.du	1		2	dcs:538165
anuplavāsu	anuplava	NOUN	coverage-hole	f.loc.pl	1		2	dcs:629921
anuprasaktitaḥ	anuprasakti	NOUN	slot-conflict	f.abl.sg	1	anuprasakteḥ anuprasaktyāḥ	2	dcs:618301
anupānau	anupāna	NOUN	coverage-hole	m.acc.du	1		2	dcs:1792
anurasāṇi	anurasa	NOUN	coverage-hole	n.nom.pl	1		2	dcs:3673
anurañjanāḥ	anurañjana	NOUN	coverage-hole	m.nom.pl	1		2	dcs:93829
anurāgayā	anurāga	NOUN	coverage-hole	f.instr.sg	1		2	dcs:617101
anurāgām	anurāga	NOUN	coverage-hole	f.acc.sg	1		2	dcs:556015
anurāgāsu	anurāga	NOUN	coverage-hole	f.loc.pl	1		2	dcs:619259
anurāgāyām	anurāga	NOUN	coverage-hole	f.loc.sg	1		2	dcs:448618
anusārām	anusāra	NOUN	coverage-hole	f.acc.sg	1		2	dcs:336214
anutāpataḥ	anutāpa	NOUN	slot-conflict	m.abl.sg	1	anutāpāt	2	dcs:614379
anutāpām	anutāpa	NOUN	coverage-hole	f.acc.sg	1		2	dcs:613237
anuyogataḥ	anuyoga	NOUN	slot-conflict	m.abl.sg	1	anuyogāt	2	dcs:614331
anuyātrau	anuyātra	NOUN	coverage-hole	m.nom.du	1		2	dcs:478428
anuyātāraḥ	anuyātṛ	NOUN	slot-conflict	m.nom.pl	1	anuyātaraḥ	2	dcs:120826
anuśaṃsām	anuśaṃsa	ADJ	coverage-hole	f.acc.sg	1		2	dcs:645700
anuśaṃsāni	anuśaṃsa	NOUN	coverage-hole	n.nom.pl	1		2	dcs:41556
anuṣṭhānān	anuṣṭhāna	NOUN	coverage-hole	m.acc.pl	1		2	dcs:153180
anuṣṭugbhyāṃ	anuṣṭubh	NOUN	slot-conflict	f.instr.du	1	anuṣṭubbhyām	2	dcs:747023
anvayataḥ	anvaya	NOUN	slot-conflict	m.abl.sg	1	anvayāt	2	dcs:633160
anvayayā	anvaya	NOUN	coverage-hole	f.instr.sg	1		2	dcs:164832
anvākhyānāḥ	anvākhyāna	NOUN	coverage-hole	m.nom.pl	1		2	dcs:688782_1
anyatpārśvīṃ	anyatpārśva	ADJ	coverage-hole	f.acc.sg	1		2	dcs:71081
anādhṛṣṭāsa	anādhṛṣṭa	ADJ	slot-conflict	m.nom.pl	1	anādhṛṣṭāḥ	2	dcs:592140
anāyudhāsa	anāyudha	ADJ	slot-conflict	m.nom.pl	1	anāyudhāḥ	2	dcs:598067
anṛtebhiḥ	anṛta	ADJ	slot-conflict	n.instr.pl	2	anṛtaiḥ	2	dcs:637391
apadravyāḥ	apadravya	NOUN	coverage-hole	m.nom.pl	1		2	dcs:449503
apaharaṇā	apaharaṇa	ADJ	coverage-hole	f.nom.sg	1		2	dcs:32402
apahnavāni	apahnava	NOUN	coverage-hole	n.nom.pl	1		2	dcs:210453
apahāravarma	apahāravarman	NOUN	compound-member		1		2	dcs:489535
apalāpāni	apalāpa	NOUN	coverage-hole	n.nom.pl	1		2	dcs:6237
apanayanā	apanayana	ADJ	coverage-hole	f.nom.sg	1		2	dcs:14492
apanetrī	apanetṛ	ADJ	coverage-hole	f.nom.sg	1		2	dcs:644898
aparādhām	aparādha	NOUN	coverage-hole	f.acc.sg	1		2	dcs:563887
apasu	apas	ADJ	slot-conflict	m.loc.pl	1	apaḥsu	2	dcs:603916
apavācanī	apavācana	ADJ	coverage-hole	f.nom.sg	1		2	dcs:649541
apavāraṇā	apavāraṇa	NOUN	coverage-hole	f.nom.sg	1		2	dcs:563096
apekṣaiḥ	apekṣā	NOUN	coverage-hole	m.instr.pl	1		2	dcs:530283
apekṣāṇi	apekṣā	NOUN	coverage-hole	n.nom.pl	1		2	dcs:150775
apidhānāyām	apidhāna	NOUN	coverage-hole	f.loc.sg	1		2	dcs:465358
appatiyoḥ	appati	NOUN	slot-conflict	m.gen.du	1	appatyoḥ	2	dcs:79951
apramādataḥ	apramāda	NOUN	slot-conflict	m.abl.sg	1	apramādāt	2	dcs:282182
apyebhiḥ	apya	ADJ	slot-conflict	m.instr.pl	1	apyaiḥ	2	dcs:599013_1
apākaraṇau	apākaraṇa	ADJ	coverage-hole	m.nom.du	1		2	dcs:757136
apātrīkaraṇāḥ	apātrīkaraṇa	NOUN	lexicon-gap	m.nom.pl	1		2	dcs:443006
apāśrayām	apāśraya	NOUN	coverage-hole	f.acc.sg	1		2	dcs:487892
apāṣṭhām	apāṣṭha	NOUN	coverage-hole	f.acc.sg	1		2	dcs:635365_1
arasāsa	arasa	ADJ	slot-conflict	m.nom.pl	1	arasāḥ	2	dcs:638487
aravindām	aravinda	NOUN	coverage-hole	f.acc.sg	1		2	dcs:629882
araṇebhiḥ	araṇa	ADJ	slot-conflict	m.instr.pl	1	araṇaiḥ	2	dcs:636872_2
araṇikaḥ	araṇikā	NOUN	coverage-hole	m.nom.sg	1		2	dcs:438054
arbhakāsaḥ	arbhaka	ADJ	slot-conflict	m.nom.pl	1	arbhakāḥ	2	dcs:602634_1
arcimantā	arcimat	ADJ	slot-conflict	m.acc.du	1	arcimantau	2	dcs:610542
arddhāt	ardha	NOUN	slot-conflict	n.abl.sg	1	ardhāt	2	dcs:468893_1
ardhacaturthī	ardhacaturtha	ADJ	coverage-hole	f.nom.sg	1		2	dcs:688271_1
ardhahārāṇi	ardhahāra	NOUN	coverage-hole	n.acc.pl	1		2	dcs:724550
ariṇas	ari	ADJ	slot-conflict	n.gen.sg	1	ariṇaḥ	2	dcs:345108
arkakāntam	arkakāntā	NOUN	coverage-hole	n.nom.sg	1		2	dcs:51810
arkāśma	arkāśman	NOUN	compound-member		1		2	dcs:328283
arthāyai	artha	NOUN	coverage-hole	f.dat.sg	1		2	dcs:435133
aruṣebhiḥ	aruṣa	ADJ	slot-conflict	n.instr.pl	1	aruṣaiḥ	2	dcs:594882_1
arvāṇam	arvan	NOUN	coverage-hole	m.acc.sg	1		2	dcs:610255
arvāṇaḥ	arvan	ADJ	coverage-hole	m.voc.pl	1		2	dcs:641612
arāyyam	arāyī	NOUN	slot-conflict	f.acc.sg	1	arāyīm	2	dcs:612503
arāyāsaḥ	arāya	ADJ	slot-conflict	m.nom.pl	1	arāyāḥ	2	dcs:605973
asambhavāya	asaṃbhava	NOUN	slot-conflict	m.dat.sg	1	asaṃbhavāya	2	dcs:89158
asambhāvyam	asaṃbhāvya	ADJ	slot-conflict	n.acc.sg	1	asaṃbhāvyam	2	dcs:710493_1
asano	asana	NOUN	slot-conflict	m.nom.sg	1	asanaḥ	2	dcs:24900
asidhenunā	asidhenu	NOUN	coverage-hole	m.instr.sg	1		2	dcs:629618
asiputrikaḥ	asiputrikā	NOUN	coverage-hole	m.nom.sg	1		2	dcs:520763
astamanau	astamana	NOUN	coverage-hole	m.nom.du	1		2	dcs:508635
asthani	asthi	NOUN	slot-conflict	n.loc.sg	1	asthini	2	dcs:1911
asthī	asthi	NOUN	slot-conflict	n.acc.pl	1	asthīni	2	dcs:442506
astriyau	astrī	NOUN	slot-conflict	f.nom.du	1	astryau	2	dcs:76742
asukhataḥ	asukha	NOUN	slot-conflict	n.abl.sg	1	asukhāt	2	dcs:631377
atandrāsaḥ	atandra	ADJ	slot-conflict	m.nom.pl	2	atandrāḥ	2	dcs:593817
atharvata	atharvan	NOUN	slot-conflict	m.abl.sg	1	atharvaṇaḥ	2	dcs:687455
atharvyaṃ	atharvī	NOUN	slot-conflict	f.acc.sg	1	atharvīm	2	dcs:594141
atibhyaḥ	ati	NOUN	coverage-hole	m.abl.pl	1		2	dcs:551784
atidhanvaḥ	atidhanvan	NOUN	slot-conflict	m.nom.sg	1	atidhanvā	2	dcs:662287
atikramaṇām	atikramaṇa	ADJ	coverage-hole	f.acc.sg	1		2	dcs:441750
atimānayā	atimāna	ADJ	coverage-hole	f.instr.sg	1		2	dcs:487440
atimūrtinā	atimūrti	NOUN	coverage-hole	m.instr.sg	1		2	dcs:697260_1
atipūruṣāṇi	atipūruṣa	ADJ	coverage-hole	n.acc.pl	1		2	dcs:90070
atisārām	atisāra	NOUN	coverage-hole	f.acc.sg	1		2	dcs:156684
atkāṁ	atka	NOUN	slot-conflict	m.acc.pl	1	atkān	2	dcs:600046
atriṇī	atrin	ADJ	coverage-hole	f.nom.sg	1		2	dcs:674620
attrim	atri	NOUN	slot-conflict	m.acc.sg	1	atrim	2	dcs:673958
attriṇaṃ	atrin	NOUN	slot-conflict	m.acc.sg	1	atriṇam	2	dcs:720806
attriṇām	atrin	NOUN	slot-conflict	m.gen.pl	1	atriṇām	2	dcs:633264_1
atīmokṣaiḥ	atimokṣa	NOUN	slot-conflict	m.instr.pl	1	atimokṣaiḥ	2	dcs:672109
atīmokṣān	atimokṣa	NOUN	slot-conflict	m.acc.pl	1	atimokṣān	2	dcs:729945
atīrokāḥ	atiroka	NOUN	slot-conflict	m.nom.pl	1	atirokāḥ	2	dcs:738290
atṛpāsaḥ	atṛpa	ADJ	slot-conflict	m.nom.pl	1	atṛpāḥ	2	dcs:598066
audumbarābhiḥ	audumbara	ADJ	coverage-hole	f.instr.pl	2		2	dcs:62261
aupamyān	aupamya	NOUN	coverage-hole	m.acc.pl	1		2	dcs:369900
aurdhvadehikī	aurdhvadehika	ADJ	coverage-hole	f.nom.sg	1		2	dcs:765792
avabhāsaprāptāyāṃ	avabhāsaprāpta	NOUN	coverage-hole	f.loc.sg	1		2	dcs:722889
avabhāsām	avabhāsa	NOUN	coverage-hole	f.acc.sg	1		2	dcs:5015
avadānau	avadāna	NOUN	coverage-hole	m.nom.du	1		2	dcs:697797
avaguṇṭhanā	avaguṇṭhana	NOUN	coverage-hole	f.nom.sg	1		2	dcs:629714
avaguṇṭhanām	avaguṇṭhana	NOUN	coverage-hole	f.acc.sg	1		2	dcs:630799
avajñena	avajñā	NOUN	coverage-hole	m.instr.sg	1		2	dcs:567268
avakartanataḥ	avakartana	NOUN	slot-conflict	n.abl.sg	1	avakartanāt	2	dcs:756444
avakāśāni	avakāśa	NOUN	coverage-hole	n.nom.pl	1		2	dcs:226214
avalambikām	avalambaka	ADJ	coverage-hole	f.acc.sg	1		2	dcs:654815
avalambikāyāḥ	avalambaka	ADJ	coverage-hole	f.gen.sg	1		2	dcs:654958
avalepām	avalepa	NOUN	coverage-hole	f.acc.sg	1		2	dcs:337509
avalepāni	avalepa	NOUN	coverage-hole	n.acc.pl	1		2	dcs:488019
avalgujāni	avalguja	NOUN	coverage-hole	n.acc.pl	1		2	dcs:429363
avalokanām	avalokana	NOUN	coverage-hole	f.acc.sg	1		2	dcs:91420
avaprajjanataḥ	avaprajjana	NOUN	coverage-hole	m.abl.sg	1		2	dcs:651041
avarodhāni	avarodha	NOUN	coverage-hole	n.nom.pl	1		2	dcs:630347
avasakthikaḥ	avasakthikā	NOUN	coverage-hole	m.nom.sg	1		2	dcs:559450
avasthānā	avasthāna	NOUN	coverage-hole	f.nom.sg	1		2	dcs:85290
avasyuvam	avasyu	ADJ	slot-conflict	f.acc.sg	1	avasyum	2	dcs:599850
avasyuvaḥ	avasyu	ADJ	slot-conflict	f.nom.pl	1	avasyavaḥ	2	dcs:607735_1
avasādām	avasāda	NOUN	coverage-hole	f.acc.sg	1		2	dcs:359550
avatāraṇāḥ	avatāraṇa	ADJ	coverage-hole	f.acc.pl	1		2	dcs:364230
avatāraṇī	avatāraṇa	ADJ	coverage-hole	f.nom.sg	1		2	dcs:644908
avatāsaḥ	avata	NOUN	slot-conflict	m.nom.pl	2	avatāḥ	2	dcs:749038
avaśeṣāsu	avaśeṣa	NOUN	coverage-hole	f.loc.pl	1		2	dcs:578253
avaśeṣāyām	avaśeṣa	NOUN	coverage-hole	f.loc.sg	1		2	dcs:279409
avaśyaṃbhāvinaṃ	avaśyambhāvin	ADJ	slot-conflict	m.acc.sg	1	avaśyambhāvinam	2	dcs:759288
avekṣaṇāḥ	avekṣaṇa	NOUN	coverage-hole	m.nom.pl	1		2	dcs:573099
avidhīni	avidhi	NOUN	coverage-hole	n.nom.pl	1		2	dcs:98242
aviduṣṭarāsaḥ	aviduṣṭara	ADJ	slot-conflict	m.nom.pl	1	aviduṣṭarāḥ	2	dcs:609322_1
avitarau	avitṛ	ADJ	slot-conflict	m.nom.du	1	avitārau	2	dcs:713218_1
avyayī	avyaya	ADJ	coverage-hole	f.nom.sg	1		2	dcs:608379
avṛkāsaḥ	avṛka	ADJ	slot-conflict	m.nom.pl	1	avṛkāḥ	2	dcs:603243_1
ayantrā	ayantra	ADJ	coverage-hole	m.nom.pl	1		2	dcs:85677
ayantrāsaḥ	ayantra	ADJ	coverage-hole	m.nom.pl	1		2	dcs:597925
ayaśaskarām	ayaśaskara	ADJ	coverage-hole	f.acc.sg	1		2	dcs:206789
ayoddhā	ayoddhṛ	ADJ	coverage-hole	m.nom.sg	1		2	dcs:592510_1
ayoddhāraṃ	ayoddhṛ	ADJ	coverage-hole	m.acc.sg	1		2	dcs:547045
ayodhyāta	ayodhyā	NOUN	slot-conflict	f.abl.sg	1	ayodhyāyāḥ	2	dcs:614048
añjīṃr	añji	NOUN	slot-conflict	m.acc.pl	1	añjīn	2	dcs:610922
aśaikṣābhiḥ	aśaikṣa	NOUN	coverage-hole	f.instr.pl	1		2	dcs:724315
aśanataḥ	aśana	NOUN	slot-conflict	n.abl.sg	1	aśanāt	2	dcs:622340
aśanimāṁ	aśanimat	ADJ	slot-conflict	m.nom.sg	1	aśanimān	2	dcs:598293
aśanāyasya	aśanāyā	NOUN	coverage-hole	m.gen.sg	1		2	dcs:501942
aśaucāḥ	aśauca	ADJ	coverage-hole	m.nom.pl	1		2	dcs:510130
aśmanau	aśman	NOUN	slot-conflict	m.nom.du	1	aśmānau	2	dcs:63452
aśrā	asra	NOUN	coverage-hole	f.nom.sg	1		2	dcs:747791
aśubhi	aśubha	ADJ	coverage-hole	f.voc.sg	1		2	dcs:674525
aśuciyoḥ	aśuci	ADJ	slot-conflict	m.loc.du	1	aśucyoḥ	2	dcs:85379
aśvagandhaiḥ	aśvagandhā	NOUN	coverage-hole	m.instr.pl	1		2	dcs:8995
aśvamedhikī	aśvamedhika	ADJ	coverage-hole	f.nom.sg	1		2	dcs:468830
aśvamedhikīnām	aśvamedhika	ADJ	coverage-hole	f.gen.pl	1		2	dcs:757527
aśviyā	aśviya	NOUN	slot-conflict	n.acc.pl	1	aśviyāni	2	dcs:598288
aśāsanāḥ	aśāsana	ADJ	coverage-hole	m.nom.pl	1		2	dcs:372076
aṃbara	ambara	NOUN	compound-member		1		2	dcs:364996
aṃhāḥ	aṃhas	NOUN	coverage-hole	m.nom.sg	1		2	dcs:684455
aṃsatrā	aṃsatra	NOUN	slot-conflict	n.acc.pl	1	aṃsatrāṇi	2	dcs:598692
aṃśayā	aṃśa	NOUN	coverage-hole	f.instr.sg	1		2	dcs:41692
aṃśikaiḥ	aṃśikā	NOUN	coverage-hole	m.instr.pl	1		2	dcs:14717
aṃśikasya	aṃśikā	NOUN	coverage-hole	m.gen.sg	1		2	dcs:645048
aṃśikān	aṃśikā	NOUN	coverage-hole	m.acc.pl	1		2	dcs:393580
aṃśukayā	aṃśuka	NOUN	coverage-hole	f.instr.sg	1		2	dcs:529438
aṅgakān	aṅgaka	NOUN	coverage-hole	m.acc.pl	1		2	dcs:574359
aṅgarāgayā	aṅgarāga	NOUN	coverage-hole	f.instr.sg	1		2	dcs:477706
aṅgarāgām	aṅgarāga	NOUN	coverage-hole	f.acc.sg	1		2	dcs:568363
aṅgarāgāsu	aṅgarāga	NOUN	coverage-hole	f.loc.pl	1		2	dcs:764508
aṅgulitrāḥ	aṅgulitra	NOUN	coverage-hole	m.nom.pl	1		2	dcs:178115
aṅguliyoḥ	aṅguli	NOUN	coverage-hole	m.gen.du	1		2	dcs:475907
aṅgulāyām	aṅgula	NOUN	coverage-hole	f.loc.sg	1		2	dcs:329765
aṅgulāyāḥ	aṅgula	NOUN	coverage-hole	f.gen.sg	1		2	dcs:329761
aṅgulīn	aṅguli	NOUN	coverage-hole	m.acc.pl	1		2	dcs:241952
aṅguṣṭhayā	aṅguṣṭha	NOUN	coverage-hole	f.instr.sg	1		2	dcs:748116
aṅguṣṭhābhiḥ	aṅguṣṭha	NOUN	coverage-hole	f.instr.pl	1		2	dcs:753926
aṅgārāyām	aṅgāra	NOUN	coverage-hole	f.loc.sg	1		2	dcs:156758
aṅgībhiḥ	aṅga	ADJ	coverage-hole	f.instr.pl	1		2	dcs:339336
aṅkayā	aṅka	NOUN	coverage-hole	f.instr.sg	1		2	dcs:131473
aṅkurābhiḥ	aṅkura	NOUN	coverage-hole	f.instr.pl	1		2	dcs:560484
aṅkurām	aṅkura	NOUN	coverage-hole	f.acc.sg	1		2	dcs:574593
aṇuvoḥ	aṇu	NOUN	slot-conflict	m.gen.du	1	aṇvoḥ	2	dcs:47492
aṣṭacatvāriṃśatyāḥ	aṣṭacatvāriṃśat	NUM	slot-conflict	f.gen.sg	1	aṣṭacatvāriṃśataḥ	2	dcs:61181
aṣṭapuṣpikam	aṣṭapuṣpikā	NOUN	coverage-hole	m.acc.sg	1		2	dcs:630090
aṣṭādaśī	aṣṭādaśa	ADJ	coverage-hole	f.nom.sg	1		2	dcs:690467
aṣṭāpadyai	aṣṭāpada	ADJ	coverage-hole	f.dat.sg	1		2	dcs:500983
aṣṭāpadyāṃ	aṣṭāpada	ADJ	coverage-hole	f.loc.sg	1		2	dcs:743276
aṣṭāpadībhiḥ	aṣṭāpada	ADJ	coverage-hole	f.instr.pl	1		2	dcs:595943_1
aṭṭahāsi	aṭṭahāsin	ADJ	coverage-hole	n.nom.sg	1		2	dcs:762012
aṭṭahāsāni	aṭṭahāsa	NOUN	coverage-hole	n.nom.pl	1		2	dcs:347713
bahuvatī	bahuvat	ADJ	coverage-hole	n.nom.du	1		2	dcs:757132
bahvṛcataḥ	bahvṛca	NOUN	slot-conflict	m.abl.sg	1	bahvṛcāt	2	dcs:672761
bahūdanau	bahūdana	NOUN	coverage-hole	m.acc.du	1		2	dcs:95082
bal	bāl	INTJ	indeclinable		1		2	dcs:697199_2
balbajāni	balbaja	NOUN	coverage-hole	n.acc.pl	1		2	dcs:747820
bandhakām	bandhaka	NOUN	coverage-hole	f.acc.sg	1		2	dcs:53789
bandhanāsaḥ	bandhana	ADJ	slot-conflict	m.nom.pl	1	bandhanāḥ	2	dcs:599291
bandhūṃr	bandhu	NOUN	slot-conflict	m.acc.pl	1	bandhūn	2	dcs:608873
barhiṣmāṁ	barhiṣmat	ADJ	slot-conflict	m.nom.sg	1	barhiṣmān	2	dcs:607752
bekanāṭāṁ	bekanāṭa	NOUN	slot-conflict	m.acc.pl	1	bekanāṭān	2	dcs:606104
bhaddāli	bhaddālin	NOUN	compound-member		1		2	dcs:632886
bhadraṃkari	bhadraṃkara	ADJ	coverage-hole	f.voc.sg	1		2	dcs:469981
bhagāsaḥ	bhaga	NOUN	slot-conflict	m.nom.pl	1	bhagāḥ	2	dcs:633791_1
bhaktinām	bhakti	NOUN	coverage-hole	m.gen.pl	1		2	dcs:708913
bhallakāni	bhallaka	NOUN	coverage-hole	n.acc.pl	1		2	dcs:400156
bharitrā	bharitra	NOUN	slot-conflict	n.nom.pl	1	bharitrāṇi	2	dcs:673953
bharttuḥ	bhartṛ	NOUN	slot-conflict	m.gen.sg	1	bhartuḥ	2	dcs:631610
bharāsaḥ	bhara	NOUN	slot-conflict	m.nom.pl	1	bharāḥ	2	dcs:607286_1
bhasoḥ	bhas	NOUN	lexicon-gap	m.gen.du	1		2	dcs:554657
bhaumām	bhauma	NOUN	coverage-hole	f.acc.sg	1		2	dcs:309946
bhavaśarma	bhavaśarman	NOUN	compound-member		1		2	dcs:625469
bhavāyanau	bhavāyanā	NOUN	coverage-hole	m.acc.du	1		2	dcs:350548
bhayaṃkarām	bhayaṃkara	ADJ	coverage-hole	f.acc.sg	1		2	dcs:374277
bhaṇḍakām	bhaṇḍaka	NOUN	coverage-hole	f.acc.sg	1		2	dcs:361122
bhedām	bheda	NOUN	coverage-hole	f.acc.sg	1		2	dcs:473942_1
bhedāyām	bheda	NOUN	coverage-hole	f.loc.sg	1		2	dcs:32158
bhikṣeṣu	bhikṣā	NOUN	coverage-hole	n.loc.pl	1		2	dcs:13461
bhiṇḍipāla	bhindipāla	NOUN	compound-member		1		2	dcs:761124
bhogebhiḥ	bhoga	NOUN	slot-conflict	m.instr.pl	1	bhogaiḥ	2	dcs:639612
bhramaṇāḥ	bhramaṇa	NOUN	coverage-hole	m.nom.pl	1		2	dcs:406222
bhraṃśām	bhraṃśa	NOUN	coverage-hole	f.acc.sg	1		2	dcs:489070
bhrātarā	bhrātṛ	NOUN	slot-conflict	m.nom.du	1	bhrātarau	2	dcs:601738_2
bhrātāraḥ	bhrātṛ	NOUN	slot-conflict	m.voc.pl	2	bhrātaraḥ	2	dcs:99894
bhrātṛvyavāṁ	bhrātṛvyavat	ADJ	slot-conflict	m.nom.sg	1	bhrātṛvyavān	2	dcs:565013
bhuvanebhyas	bhuvana	NOUN	slot-conflict	n.abl.pl	1	bhuvanebhyaḥ	2	dcs:596267_1
bhuśuṇḍinā	bhuśuṇḍi	NOUN	coverage-hole	m.instr.sg	1		2	dcs:347877
bhvam	bhū	NOUN	lexicon-gap	m.acc.sg	1		2	dcs:608506
bhve	bhū	NOUN	lexicon-gap	f.dat.sg	1		2	dcs:601885
bhāgavatāyām	bhāgavata	ADJ	coverage-hole	f.loc.sg	2		2	dcs:68729
bhāgineyāni	bhāgineya	ADJ	coverage-hole	n.nom.pl	1		2	dcs:447604
bhāllabeyasya	bhāllaveya	NOUN	slot-conflict	m.gen.sg	1	bhāllaveyasya	2	dcs:663923
bhāllabeyaṃ	bhāllaveya	NOUN	slot-conflict	m.acc.sg	1	bhāllaveyam	2	dcs:663948
bhāratīyā	bhāratīya	ADJ	coverage-hole	f.nom.sg	1		2	dcs:158634
bhāsayā	bhāsa	NOUN	coverage-hole	f.instr.sg	1		2	dcs:328937
bhāsāyām	bhāsa	NOUN	coverage-hole	f.loc.sg	1		2	dcs:433802
bhāvanebhiḥ	bhāvanā	NOUN	coverage-hole	n.instr.pl	1		2	dcs:327816
bhāvanikān	bhāvanikā	NOUN	coverage-hole	m.acc.pl	1		2	dcs:615166
bhāvanātaḥ	bhāvanā	NOUN	slot-conflict	f.abl.sg	1	bhāvanāyāḥ	2	dcs:641018
bhāvābhiḥ	bhāva	NOUN	coverage-hole	f.instr.pl	1		2	dcs:131838
bhāvāyām	bhāva	NOUN	coverage-hole	f.loc.sg	1		2	dcs:449358
bhāṣeṇa	bhāṣā	NOUN	coverage-hole	m.instr.sg	1		2	dcs:525667
bhīmāsaḥ	bhīma	ADJ	slot-conflict	m.nom.pl	1	bhīmāḥ	2	dcs:592644
bhīrvam	bhīru	ADJ	slot-conflict	m.acc.sg	1	bhīrum	2	dcs:605633
bhītitaḥ	bhīti	NOUN	slot-conflict	f.abl.sg	1	bhīteḥ bhītyāḥ	2	dcs:617948
bhūbhyaḥ	bhū	NOUN	lexicon-gap	f.abl.pl	1		2	dcs:552167
bhūliṅgān	bhūliṅga	NOUN	coverage-hole	m.acc.pl	1		2	dcs:342700
bhūmikasya	bhūmikā	NOUN	coverage-hole	m.gen.sg	1		2	dcs:351193
bhūmikau	bhūmikā	NOUN	coverage-hole	m.nom.du	1		2	dcs:887
bhūmīgṛha	bhūmigṛha	NOUN	compound-member		1		2	dcs:764201
bhūtahāri	bhūtahārin	NOUN	coverage-hole	n.nom.sg	1		2	dcs:22167
bhūtebhiḥ	bhūta	NOUN	slot-conflict	m.instr.pl	2	bhūtaiḥ	2	dcs:628362
bhūtecchadaḥ	bhūtechad	NOUN	slot-conflict	f.acc.pl	1	bhūtechadaḥ	2	dcs:726603
bhūtinaḥ	bhūti	NOUN	slot-conflict	m.gen.sg	1	bhūteḥ	2	dcs:436856
bhūtivarma	bhūtivarman	NOUN	compound-member		1		2	dcs:614513
bhūyasīṣu	bhūyas	ADJ	slot-conflict	f.loc.pl	1	bhūyaḥsu	2	dcs:749447
bhūyau	bhūya	NOUN	coverage-hole	m.nom.du	1		2	dcs:158880
bhūyāṃsau	bhūyas	ADJ	slot-conflict	m.acc.du	1	bhūyasau	2	dcs:490594_4
bhūṣebhiḥ	bhūṣā	NOUN	coverage-hole	n.instr.pl	1		2	dcs:379909
bhūṣu	bhū	NOUN	lexicon-gap	f.loc.pl	1		2	dcs:537891
bhūṣāya	bhūṣā	NOUN	coverage-hole	m.dat.sg	1		2	dcs:369797
bhṛṣṭinā	bhṛṣṭi	NOUN	coverage-hole	m.instr.sg	1		2	dcs:640253
bibhīdaka	vibhītaka	NOUN	compound-member		1		2	dcs:699710_1
bibhīṣikām	vibhīṣikā	NOUN	slot-conflict	f.acc.sg	1	vibhīṣikām	2	dcs:629799
bindukāni	binduka	NOUN	coverage-hole	n.nom.pl	1		2	dcs:378509
bista	vista	NOUN	compound-member		1		2	dcs:552828
biṃba	bimba	NOUN	compound-member		1		2	dcs:465809
bodhakāyāḥ	bodhaka	ADJ	coverage-hole	f.gen.sg	1		2	dcs:434600
bodhisatvebhyaḥ	bodhisattva	NOUN	slot-conflict	m.dat.pl	1	bodhisattvebhyaḥ	2	dcs:640846
brahmajaṭaḥ	brahmajaṭā	NOUN	coverage-hole	m.nom.sg	1		2	dcs:438562
brahmāṇā	brahman	NOUN	slot-conflict	m.nom.du	1	brahmāṇau	2	dcs:596582_1
bubhukṣasya	bubhukṣā	NOUN	coverage-hole	m.gen.sg	1		2	dcs:42398
bubhukṣeṇa	bubhukṣā	NOUN	coverage-hole	m.instr.sg	1		2	dcs:42395
budhnāsaḥ	budhna	NOUN	slot-conflict	m.nom.pl	1	budhnāḥ	2	dcs:595439
busau	busa	NOUN	coverage-hole	m.nom.du	1		2	dcs:43553
bāhunaḥ	bāhu	NOUN	slot-conflict	m.gen.sg	2	bāhoḥ	2	dcs:501490
bāhve	bāhu	NOUN	slot-conflict	m.dat.sg	1	bāhave	2	dcs:605589_1
bākulī	bākula	ADJ	coverage-hole	f.nom.sg	1		2	dcs:465111
bākāḥ	bāka	NOUN	coverage-hole	m.nom.pl	1		2	dcs:175967
bāṇaliṅgā	bāṇaliṅga	NOUN	coverage-hole	f.nom.sg	1		2	dcs:44668
bāṣpayā	bāṣpa	NOUN	coverage-hole	f.instr.sg	1		2	dcs:613387
bṛhajjyotīḥ	bṛhajjyotis	NOUN	slot-conflict	m.nom.sg	2	bṛhajjyotiḥ	2	dcs:381048
bṛhannaḍāyāḥ	bṛhannaḍa	NOUN	coverage-hole	f.abl.sg	1		2	dcs:215704
bṛhaspatiyoḥ	bṛhaspati	NOUN	slot-conflict	m.gen.du	1	bṛhaspatyoḥ	2	dcs:520827
cakhvāṃsaṃ	cakhvas	ADJ	slot-conflict	m.acc.sg	1	cakhvasam	2	dcs:596086
cakrataḥ	cakra	NOUN	slot-conflict	n.abl.sg	1	cakrāt	2	dcs:93036
cakravākām	cakravāka	NOUN	coverage-hole	f.acc.sg	1		2	dcs:477332
cakrāśma	cakrāśman	NOUN	compound-member		1		2	dcs:182517
cakṣuḥsu	cakṣus	NOUN	slot-conflict	n.loc.pl	1	cakṣuḥṣu	2	dcs:379004
cakṣūṃsi	cakṣus	NOUN	slot-conflict	n.acc.pl	1	cakṣūṃṣi	2	dcs:633880_1
calācalāsaḥ	calācala	ADJ	slot-conflict	m.nom.pl	1	calācalāḥ	2	dcs:595317
candrikeṇa	candrikā	NOUN	coverage-hole	n.instr.sg	1		2	dcs:489153
candrikāṇi	candrikā	NOUN	coverage-hole	n.acc.pl	1		2	dcs:489153
candrāsa	candra	ADJ	slot-conflict	m.nom.pl	1	candrāḥ	2	dcs:597460
carcanā	carcana	NOUN	coverage-hole	f.nom.sg	1		2	dcs:534490
cariṣṇvam	cariṣṇu	ADJ	slot-conflict	f.acc.sg	1	cariṣṇum	2	dcs:603744_1
carmāṇaḥ	carman	NOUN	coverage-hole	m.nom.pl	1		2	dcs:172678
caturthayā	caturtha	ADJ	coverage-hole	f.instr.sg	1		2	dcs:430693_1
caturthikam	caturthikā	NOUN	coverage-hole	m.acc.sg	1		2	dcs:394594
catuṣpuṇḍraḥ	catuṣpuṇḍrā	NOUN	coverage-hole	m.nom.sg	1		2	dcs:19934
cauraṅgi	cauraṅgin	NOUN	compound-member		1		2	dcs:77145
caṇakāmlakāḥ	caṇakāmlaka	NOUN	coverage-hole	m.nom.pl	1		2	dcs:432072
caṭitakāni	caṭitaka	NOUN	coverage-hole	n.nom.pl	1		2	dcs:653542
ceṣṭanāḥ	ceṣṭana	NOUN	coverage-hole	m.nom.pl	1		2	dcs:372079
chagalāṇḍāḥ	chagalāṇḍa	NOUN	coverage-hole	m.nom.pl	1		2	dcs:535658
chandasau	chandas	NOUN	coverage-hole	f.nom.du	1		2	dcs:712552
chandastaḥ	chandas	NOUN	slot-conflict	n.abl.sg	1	chandasaḥ	2	dcs:749127
chatrakam	chattraka	NOUN	slot-conflict	n.acc.sg	1	chattrakam	2	dcs:667285
chatrān	chattra	NOUN	slot-conflict	m.acc.pl	1	chattrān	2	dcs:630381
chavīni	chavi	NOUN	coverage-hole	n.acc.pl	1		2	dcs:29205
chaśvattamaṃ	śaśvattama	ADJ	slot-conflict	m.acc.sg	1	śaśvattamam	2	dcs:597359
choḥ	chā	NOUN	coverage-hole	m.gen.pl	1		2	dcs:555114
chriya	śrī	NOUN	slot-conflict	f.abl.sg	1	śryāḥ	2	dcs:651016
churikaḥ	churikā	NOUN	coverage-hole	m.nom.sg	1		2	dcs:615575
chutudrī	śutudrī	NOUN	slot-conflict	f.nom.sg	1	śutudrī	2	dcs:597302_1
chuṣmī	śuṣmin	ADJ	slot-conflict	m.nom.sg	1	śuṣmī	2	dcs:599680_1
chvetaḥ	śveta	ADJ	slot-conflict	m.nom.sg	1	śvetaḥ	2	dcs:593269_1
chālayā	chāgā	NOUN	slot-conflict	f.instr.sg	1	chāgayā	2	dcs:71921
chālī	chāgā	NOUN	compound-member		1		2	dcs:101939
cidbhiṭa	cirbhiṭa	NOUN	compound-member		1		2	dcs:465296
cidātma	cidātman	NOUN	compound-member		1		2	dcs:53484
cintasya	cintā	NOUN	coverage-hole	m.gen.sg	1		2	dcs:521110
citragṛhān	citragṛha	NOUN	coverage-hole	m.acc.pl	1		2	dcs:131763
citraśikhaṇḍi	citraśikhaṇḍin	NOUN	compound-member		1		2	dcs:300810
citrebhiḥ	citra	ADJ	slot-conflict	m.instr.pl	2	citraiḥ	2	dcs:600199
ciñcikam	ciñcikā	NOUN	coverage-hole	n.nom.sg	1		2	dcs:100604
coditārā	coditṛ	ADJ	slot-conflict	m.nom.du	1	coditārau	2	dcs:599782
cāpāṁ	cāpa	NOUN	slot-conflict	m.acc.pl	1	cāpān	2	dcs:610355
cātanebhiḥ	cātana	ADJ	slot-conflict	m.instr.pl	1	cātanaiḥ	2	dcs:673944
cātreṇa	cāttra	NOUN	slot-conflict	m.instr.sg	1	cāttreṇa	2	dcs:424037
cūḍāmaṇini	cūḍāmaṇi	NOUN	coverage-hole	n.loc.sg	1		2	dcs:630758
dadhnāṃ	dadhi	NOUN	slot-conflict	n.gen.pl	1	dadhīnām	2	dcs:708964
dadrūṇi	dadru	NOUN	coverage-hole	n.acc.pl	1		2	dcs:100445
dahanāgurau	dahanāguru	NOUN	coverage-hole	m.loc.sg	1		2	dcs:25120
dakṣapitāraḥ	dakṣapitṛ	NOUN	slot-conflict	m.nom.pl	2	dakṣapitaraḥ	2	dcs:670492
dakṣiṇātaḥ	dakṣiṇā	NOUN	slot-conflict	f.abl.sg	1	dakṣiṇāyāḥ	2	dcs:614061
dakṣāsa	dakṣa	ADJ	slot-conflict	m.nom.pl	1	dakṣāḥ	2	dcs:592965
damanām	damana	ADJ	coverage-hole	f.acc.sg	2		2	dcs:423214
damāsaḥ	dama	NOUN	slot-conflict	m.nom.pl	1	damāḥ	2	dcs:636986
dantaveṣṭā	dantaveṣṭa	NOUN	coverage-hole	m.nom.pl	1		2	dcs:1932
danāyūḥ	danāyus	NOUN	coverage-hole	m.nom.sg	1		2	dcs:163699
darbhāni	darbha	NOUN	coverage-hole	n.acc.pl	1		2	dcs:459044
darbhāsaḥ	darbha	NOUN	slot-conflict	m.nom.pl	1	darbhāḥ	2	dcs:595776
darpataḥ	darpa	NOUN	slot-conflict	m.abl.sg	1	darpāt	2	dcs:621070
darśanābhiḥ	darśana	NOUN	coverage-hole	f.instr.pl	1		2	dcs:313690
darśanāsu	darśana	NOUN	coverage-hole	f.loc.pl	1		2	dcs:304427
darśanāyāḥ	darśana	NOUN	coverage-hole	f.gen.sg	1		2	dcs:489192
darśatāsaḥ	darśata	ADJ	slot-conflict	m.nom.pl	1	darśatāḥ	2	dcs:609037_1
dasyavi	dasyu	NOUN	slot-conflict	m.loc.sg	1	dasyau	2	dcs:604036_1
datram	dattra	NOUN	slot-conflict	n.nom.sg	1	dattram	2	dcs:597388
datre	dattra	NOUN	slot-conflict	n.loc.sg	1	dattre	2	dcs:598279
daurmanasyāḥ	daurmanasya	NOUN	coverage-hole	m.nom.pl	1		2	dcs:365000
daṇḍavāsi	daṇḍavāsin	NOUN	compound-member		1		2	dcs:418258
devadālikam	devadālikā	NOUN	coverage-hole	n.nom.sg	1		2	dcs:398245
devasvāmi	devasvāmin	NOUN	compound-member		1		2	dcs:613319
devatasya	devatā	NOUN	coverage-hole	m.gen.sg	1		2	dcs:755168
devatau	devatā	NOUN	coverage-hole	m.nom.du	1		2	dcs:695907
devatebhyaḥ	devatā	NOUN	coverage-hole	m.dat.pl	1		2	dcs:431022_1
devatumūlaṃ	devatumula	NOUN	slot-conflict	n.nom.sg	1	devatumulam	2	dcs:102496
devaśarma	devaśarman	NOUN	compound-member		1		2	dcs:567089
dhairyām	dhairya	NOUN	coverage-hole	f.acc.sg	1		2	dcs:304425
dharmatātaḥ	dharmatā	NOUN	slot-conflict	f.abl.sg	1	dharmatāyāḥ	2	dcs:645888
dharmavantā	dharmavat	ADJ	slot-conflict	m.nom.du	1	dharmavantau	2	dcs:605265
dharmavarmaṇau	dharmavarman	NOUN	coverage-hole	m.nom.du	1		2	dcs:336764
dharmavarmā	dharmavarman	NOUN	coverage-hole	m.nom.sg	1		2	dcs:514269
dharmme	dharma	NOUN	slot-conflict	m.loc.sg	1	dharme	2	dcs:561612
dharmāṇā	dharman	NOUN	slot-conflict	m.nom.du	1	dharmāṇau	2	dcs:600194
dhasaḥ	dhā	ADJ	coverage-hole	m.gen.sg	1		2	dcs:715732
dhiyañjinvāsaḥ	dhiyaṃjinva	ADJ	slot-conflict	m.nom.pl	1	dhiyaṃjinvāḥ	2	dcs:602625_1
dhiṣṇiyavantaḥ	dhiṣṇyavat	ADJ	slot-conflict	m.nom.pl	1	dhiṣṇyavantaḥ	2	dcs:671545
dhiṣṇyataḥ	dhiṣṇya	NOUN	slot-conflict	n.abl.sg	1	dhiṣṇyāt	2	dcs:93158
dhmoḥ	dhmā	NOUN	slot-conflict	f.loc.du	1	dhmayoḥ	2	dcs:555104
dhmātarī	dhmātṛ	NOUN	slot-conflict	m.loc.sg	1	dhmātari	2	dcs:599254_1
dhruvebhiḥ	dhruva	ADJ	slot-conflict	m.instr.pl	1	dhruvaiḥ	2	dcs:593565
dhvanini	dhvani	NOUN	coverage-hole	n.loc.sg	1		2	dcs:409624
dhāmanā	dhāman	NOUN	slot-conflict	n.instr.sg	1	dhāmnā	2	dcs:753712
dhāmārgavāṇi	dhāmārgava	NOUN	coverage-hole	n.acc.pl	1		2	dcs:58180
dhānyāmlāḥ	dhānyāmla	NOUN	coverage-hole	m.nom.pl	1		2	dcs:60458
dhātaraḥ	dhātṛ	NOUN	slot-conflict	m.nom.pl	1	dhātāraḥ	2	dcs:635611
dhātvaḥ	dhātu	NOUN	slot-conflict	f.gen.sg	1	dhātoḥ dhātvāḥ	2	dcs:37212
dhīraṇāsaḥ	dhīraṇa	ADJ	slot-conflict	m.nom.pl	1	dhīraṇāḥ	2	dcs:597342
dhītīn	dhīti	NOUN	coverage-hole	m.acc.pl	1		2	dcs:601590
dhīṣ	dhī	NOUN	slot-conflict	f.nom.sg	1	dhī	2	dcs:595852_1
dhṛtārcīḥ	dhṛtārcis	NOUN	slot-conflict	m.nom.sg	1	dhṛtārciḥ	2	dcs:340377
didṛkṣaḥ	didṛkṣā	NOUN	coverage-hole	m.nom.sg	1		2	dcs:525995
digantarām	digantara	NOUN	coverage-hole	f.acc.sg	1		2	dcs:515428
digantarān	digantara	NOUN	coverage-hole	m.acc.pl	1		2	dcs:574768
dikpālām	dikpāla	NOUN	coverage-hole	f.acc.sg	1		2	dcs:393994
divodāsebhiḥ	divodāsa	NOUN	slot-conflict	m.instr.pl	1	divodāsaiḥ	2	dcs:594671_1
divyatejā	divyatejas	NOUN	coverage-hole	f.nom.sg	1		2	dcs:18910
divām	div	NOUN	lexicon-gap	m.gen.pl	1		2	dcs:554433
diṅmukhām	diṅmukha	NOUN	coverage-hole	f.acc.sg	1		2	dcs:617535
dohasam	dohas	NOUN	coverage-hole	f.acc.sg	1		2	dcs:601506
doḥṣu	dos	NOUN	coverage-hole	?.loc.pl	1		2	dcs:88477
drapsāsaḥ	drapsa	NOUN	slot-conflict	m.nom.pl	1	drapsāḥ	2	dcs:607217_1
drapsāṁ	drapsa	NOUN	slot-conflict	m.acc.pl	1	drapsān	2	dcs:608951
dravitnvaḥ	dravitnu	ADJ	slot-conflict	f.acc.pl	1	dravitnūḥ	2	dcs:610320
draḍhima	draḍhiman	NOUN	compound-member		1		2	dcs:573242
drohām	droha	NOUN	coverage-hole	f.acc.sg	1		2	dcs:619756
druhāni	druha	ADJ	coverage-hole	n.nom.pl	1		2	dcs:253197
druvaḥ	dru	NOUN	slot-conflict	f.abl.sg	1	droḥ drvāḥ	2	dcs:552562
drāghima	drāghiman	NOUN	compound-member		1		2	dcs:563322
dugūlāḥ	dugūla	NOUN	coverage-hole	m.nom.pl	1		2	dcs:229693
duhitri	duhitṛ	NOUN	slot-conflict	f.voc.sg	1	duhitar	2	dcs:527267
duhitāram	duhitṛ	NOUN	coverage-hole	m.acc.sg	1		2	dcs:348427
duhitārau	duhitṛ	NOUN	slot-conflict	f.nom.du	1	duhitarau	2	dcs:674381
dukūlām	dukūla	NOUN	coverage-hole	f.acc.sg	1		2	dcs:387064
durabhisaṃbhavā	durabhisambhava	ADJ	coverage-hole	f.nom.sg	1		2	dcs:644117
durbhikṣāṃ	durbhikṣa	ADJ	coverage-hole	f.acc.sg	1		2	dcs:411572
durbhyaḥ	dus	NOUN	coverage-hole	m.abl.pl	1		2	dcs:555440
durdaśam	durdaśā	NOUN	coverage-hole	m.acc.sg	1		2	dcs:260753
durhaṇāvāṁ	durhaṇāvat	ADJ	slot-conflict	m.nom.sg	1	durhaṇāvān	2	dcs:604567
durhaṇāyuvaṃ	durhaṇāyu	ADJ	slot-conflict	m.acc.sg	1	durhaṇāyum	2	dcs:598542
duroṣāsaḥ	duroṣa	ADJ	slot-conflict	m.nom.pl	1	duroṣāḥ	2	dcs:603715_1
durvasoḥ	turvasu	NOUN	slot-conflict	m.gen.sg	2	turvasoḥ	2	dcs:513977
durvasuṃ	turvasu	NOUN	slot-conflict	m.acc.sg	1	turvasum	2	dcs:513573
durvārtā	durvārttā	NOUN	compound-member		1		2	dcs:630484
duryoṇā	duryoṇa	ADJ	coverage-hole	m.nom.pl	1		2	dcs:677251
dusbhyām	dus	NOUN	coverage-hole	m.abl.du	1		2	dcs:554800
dusvapnaḥ	duḥsvapna	NOUN	slot-conflict	m.nom.sg	1	duḥsvapnaḥ	2	dcs:669865
duvasyuvā	duvasyu	ADJ	slot-conflict	f.instr.sg	1	duvasyvā	2	dcs:607039
duḥkhata	duḥkha	ADJ	slot-conflict	m.abl.sg	1	duḥkhāt	2	dcs:632942
duḥkhatarām	duḥkhatara	ADJ	coverage-hole	f.acc.sg	1		2	dcs:219438
duḥśrite	duḥśṛta	ADJ	slot-conflict	m.loc.sg	1	duḥśṛte	2	dcs:687574
duḥṣvapniyaṃ	duḥṣvapnya	NOUN	slot-conflict	n.acc.sg	1	duḥṣvapnyam	2	dcs:693152
duṣṣamam	duḥṣama	NOUN	slot-conflict	n.nom.sg	1	duḥṣamam	2	dcs:650837
dvayāyām	dvaya	NOUN	coverage-hole	f.loc.sg	1		2	dcs:544924
dveṣasam	dveṣas	NOUN	coverage-hole	f.acc.sg	1		2	dcs:598969
dveṣataḥ	dveṣa	NOUN	slot-conflict	m.abl.sg	1	dveṣāt	2	dcs:231917
dveṣṭrī	dveṣṭṛ	ADJ	slot-conflict	f.nom.sg	1	dveṣṭā	2	dcs:546306
dvicatvāriṃśatyā	dvicatvāriṃśat	NUM	slot-conflict	f.instr.sg	1	dvicatvāriṃśatā	2	dcs:590155
dvidaṇḍi	dvidaṇḍin	NOUN	compound-member		1		2	dcs:553964
dvirephām	dvirepha	NOUN	coverage-hole	f.acc.sg	1		2	dcs:95578
dvitīyasmai	dvitīya	ADJ	slot-conflict	m.dat.sg	1	dvitīyāya	2	dcs:551444
dvādaśātma	dvādaśātman	NOUN	compound-member		1		2	dcs:75268
dvāradarśi	dvāradarśin	NOUN	compound-member		1		2	dcs:509481
dvārataḥ	dvāra	NOUN	slot-conflict	n.abl.sg	1	dvārāt	2	dcs:625945
dyavī	div	NOUN	lexicon-gap	m.acc.du	1		2	dcs:652030
dyukṣāsa	dyukṣa	ADJ	slot-conflict	m.nom.pl	1	dyukṣāḥ	2	dcs:597462
dyumnavāṁ	dyumnavat	ADJ	slot-conflict	m.nom.sg	1	dyumnavān	2	dcs:599462
dyumnām	dyumna	NOUN	coverage-hole	f.acc.sg	1		2	dcs:597019
dyumnāsāham	dyumnāsah	ADJ	slot-conflict	m.acc.sg	1	dyumnāsaham	2	dcs:594427
dyutini	dyuti	NOUN	coverage-hole	n.loc.sg	1		2	dcs:462321
dyutīni	dyuti	NOUN	coverage-hole	n.acc.pl	1		2	dcs:486088
dāhām	dāha	NOUN	coverage-hole	f.acc.sg	1		2	dcs:5425
dārakriyam	dārakriyā	NOUN	coverage-hole	m.acc.sg	1		2	dcs:624820
dāravām	dārava	ADJ	coverage-hole	f.acc.sg	2		2	dcs:96966
dāridryāḥ	dāridrya	NOUN	coverage-hole	m.nom.pl	1		2	dcs:489313
dārukarṇi	dārukarṇin	NOUN	compound-member		1		2	dcs:653994
dāruvarmaṇau	dāruvarman	NOUN	slot-conflict	m.acc.du	1	dāruvarmāṇau	2	dcs:487699
dātri	dātṛ	ADJ	slot-conflict	m.loc.sg	2	dātari	2	dcs:457772
dāyakām	dāyaka	ADJ	coverage-hole	f.acc.sg	1		2	dcs:399605
dāśārhāṃ	dāśārha	ADJ	coverage-hole	f.acc.sg	1		2	dcs:181547
dīkṣasya	dīkṣā	NOUN	coverage-hole	m.gen.sg	1		2	dcs:558151
dīkṣātaḥ	dīkṣā	NOUN	slot-conflict	f.abl.sg	1	dīkṣāyāḥ	2	dcs:699529_1
dīpataḥ	dīpa	NOUN	slot-conflict	m.abl.sg	1	dīpāt	2	dcs:616581
dīpikam	dīpikā	NOUN	coverage-hole	n.nom.sg	1		2	dcs:619394
dīpāyām	dīpa	NOUN	coverage-hole	f.loc.sg	1		2	dcs:616572
dūrśebhiḥ	dūrśa	NOUN	slot-conflict	n.instr.pl	1	dūrśaiḥ	2	dcs:634441_1
dūtāsa	dūta	NOUN	slot-conflict	m.nom.pl	1	dūtāḥ	2	dcs:610278
dṛḍhāsaḥ	dṛḍha	ADJ	slot-conflict	m.nom.pl	1	dṛḍhāḥ	2	dcs:593207
dṛṣṭitaḥ	dṛṣṭi	NOUN	slot-conflict	f.abl.sg	1	dṛṣṭeḥ dṛṣṭyāḥ	2	dcs:623281
ekaikasmai	ekaika	PRON	slot-conflict	m.dat.sg	1	ekaikāya	2	dcs:72107
ekatamasya	ekatama	ADJ	coverage-hole	m.gen.sg	1		2	dcs:480072
ekatameṣu	ekatama	ADJ	coverage-hole	m.loc.pl	1		2	dcs:295623
ekatarasmin	ekatara	ADJ	coverage-hole	m.loc.sg	1		2	dcs:425496
ekatarasya	ekatara	ADJ	coverage-hole	m.gen.sg	1		2	dcs:438974
ekatarāt	ekatara	ADJ	coverage-hole	n.abl.sg	1		2	dcs:286126
ekatayīṣu	ekataya	ADJ	coverage-hole	f.loc.pl	1		2	dcs:680398
ekatodantau	ekatodat	ADJ	slot-conflict	m.nom.du	1	ekatodatau	2	dcs:519299
ekatodantaḥ	ekatodat	ADJ	slot-conflict	m.nom.pl	1	ekatodataḥ	2	dcs:507933
ekaviṃśatyāṃ	ekaviṃśati	NUM	slot-conflict	f.loc.sg	1	ekaviṃśatau viṃśatyām	2	dcs:71026
ekādaśāṁ	ekādaśa	ADJ	slot-conflict	m.acc.pl	1	ekādaśān	2	dcs:605354
elāpatrāya	elāpattra	NOUN	slot-conflict	m.dat.sg	1	elāpattrāya	2	dcs:518530
etadaḥ	etad	NOUN	coverage-hole	m.gen.sg	2		2	dcs:552123
etādṛkṣāsa	etādṛkṣa	ADJ	slot-conflict	m.nom.pl	1	etādṛkṣāḥ	2	dcs:684465
evaṃprāyeṣu	evamprāya	ADJ	slot-conflict	m.loc.pl	2	evamprāyeṣu	2	dcs:613828
evaṃprāyāṇi	evamprāya	ADJ	slot-conflict	n.acc.pl	1	evamprāyāṇi	2	dcs:614247
evāsaḥ	eva	NOUN	slot-conflict	m.nom.pl	1	evāḥ	2	dcs:595362
gadham	gadhā	NOUN	coverage-hole	n.nom.sg	1		2	dcs:696069
gaganābhiḥ	gagana	NOUN	coverage-hole	f.instr.pl	1		2	dcs:365711
gaireyī	gaireya	ADJ	coverage-hole	f.nom.sg	1		2	dcs:673331
gajapuṭāni	gajapuṭa	NOUN	coverage-hole	n.nom.pl	1		2	dcs:361087
gamanau	gamana	ADJ	coverage-hole	m.nom.du	1		2	dcs:692503
gamanikam	gamanikā	NOUN	coverage-hole	n.nom.sg	1		2	dcs:467968
gambhīrebhiḥ	gambhīra	ADJ	slot-conflict	m.instr.pl	1	gambhīraiḥ	2	dcs:678721
gandhakām	gandhaka	NOUN	coverage-hole	f.acc.sg	1		2	dcs:403337
gandharvebhiḥ	gandharva	NOUN	slot-conflict	m.instr.pl	1	gandharvaiḥ	2	dcs:637184
garbhāśayām	garbhāśaya	NOUN	coverage-hole	f.acc.sg	1		2	dcs:63082
garbhāśayāyāḥ	garbhāśaya	NOUN	coverage-hole	f.gen.sg	1		2	dcs:62994
garjanāḥ	garjana	NOUN	coverage-hole	m.nom.pl	1		2	dcs:344924
garvām	garva	NOUN	coverage-hole	f.acc.sg	1		2	dcs:563273
gatikā	gatika	NOUN	coverage-hole	f.nom.sg	1		2	dcs:393671
gatikām	gatika	NOUN	coverage-hole	f.acc.sg	1		2	dcs:393744
gatvarām	gatvara	ADJ	coverage-hole	f.acc.sg	1		2	dcs:582180
gaurataḥ	gaura	ADJ	slot-conflict	m.abl.sg	1	gaurāt	2	dcs:27175
gav	go	NOUN	compound-member		1		2	dcs:648183_1
gavāṃpatiḥ	gavāmpati	NOUN	slot-conflict	m.nom.sg	1	gavāmpatiḥ	2	dcs:632893
gaṇāni	gaṇa	NOUN	coverage-hole	n.acc.pl	1		2	dcs:122802
gaṇḍīrāṇi	gaṇḍīra	NOUN	coverage-hole	n.nom.pl	1		2	dcs:58323
gehān	geha	NOUN	coverage-hole	m.acc.pl	1		2	dcs:96250
ghorāsaḥ	ghora	ADJ	slot-conflict	m.nom.pl	2	ghorāḥ	2	dcs:603118
ghoṇaiḥ	ghoṇā	NOUN	coverage-hole	m.instr.pl	1		2	dcs:560490
ghoṇi	ghoṇin	NOUN	compound-member		1		2	dcs:560787
ghuṇapriyam	ghuṇapriyā	NOUN	coverage-hole	n.nom.sg	1		2	dcs:34510
ghuṇavallabhaiḥ	ghuṇavallabhā	NOUN	coverage-hole	m.voc.sg	1		2	dcs:34368
ghṛtasnuvaḥ	ghṛtasnu	ADJ	slot-conflict	f.nom.pl	1	ghṛtasnavaḥ	2	dcs:592082_1
ghṛtasnuvā	ghṛtasnu	ADJ	slot-conflict	m.acc.du	1	ghṛtasnū	2	dcs:596815
ghṛtavānti	ghṛtavat	ADJ	slot-conflict	n.acc.pl	1	ghṛtavanti	2	dcs:608817
gokulān	gokula	NOUN	coverage-hole	m.acc.pl	1		2	dcs:210620
gomedāni	gomeda	NOUN	coverage-hole	n.nom.pl	1		2	dcs:57333
gopaghoṇṭau	gopaghoṇṭā	NOUN	coverage-hole	m.nom.du	1		2	dcs:43443
gosvāmi	gosvāmin	NOUN	compound-member		1		2	dcs:81206
govindasvāmi	govindasvāmin	NOUN	compound-member		1		2	dcs:620508
grāmataḥ	grāma	NOUN	slot-conflict	m.abl.sg	1	grāmāt	2	dcs:699719_1
grāmebhiḥ	grāma	NOUN	slot-conflict	m.instr.pl	1	grāmaiḥ	2	dcs:593897
grāmyāsaḥ	grāmya	ADJ	slot-conflict	m.nom.pl	1	grāmyāḥ	2	dcs:647986
guḍāni	guḍa	NOUN	coverage-hole	n.acc.pl	1		2	dcs:398236
guṇavarma	guṇavarman	NOUN	compound-member		1		2	dcs:617529
guṭikena	guṭikā	NOUN	coverage-hole	m.instr.sg	1		2	dcs:630090
guṭikān	guṭikā	NOUN	coverage-hole	m.acc.pl	1		2	dcs:386998
gāyatriyām	gāyatrī	NOUN	slot-conflict	f.loc.sg	1	gāyatryām	2	dcs:719296_1
gāṇḍīvadhanvanau	gāṇḍīvadhanvan	NOUN	slot-conflict	m.acc.du	1	gāṇḍīvadhanvānau	2	dcs:257697
gītakān	gītaka	NOUN	coverage-hole	m.acc.pl	1		2	dcs:382484
gṛddhīn	gṛddhi	NOUN	coverage-hole	m.acc.pl	1		2	dcs:243786
gṝbhyaḥ	gṝ	NOUN	lexicon-gap	m.abl.pl	1		2	dcs:552199
hanukaḥ	hanukā	NOUN	coverage-hole	m.nom.sg	1		2	dcs:137064
harasvāmi	harasvāmin	NOUN	compound-member		1		2	dcs:620305
harikāsu	harika	NOUN	coverage-hole	f.loc.pl	1		2	dcs:750160
hastakām	hastaka	NOUN	coverage-hole	f.acc.sg	1		2	dcs:222170
hastataḥ	hasta	NOUN	slot-conflict	m.abl.sg	1	hastāt	2	dcs:626354
hastebhiḥ	hasta	NOUN	slot-conflict	m.instr.pl	1	hastaiḥ	2	dcs:597965_1
hayebhiḥ	haya	NOUN	slot-conflict	m.instr.pl	1	hayaiḥ	2	dcs:603239_1
hemajau	hemaja	NOUN	coverage-hole	m.acc.du	1		2	dcs:428011
hemantām	hemanta	NOUN	coverage-hole	f.acc.sg	1		2	dcs:468963
hemanā	heman	NOUN	slot-conflict	n.instr.sg	1	hemnā	2	dcs:608840
hembhiḥ	heman	NOUN	slot-conflict	n.instr.pl	1	hemabhiḥ	2	dcs:41478
hetini	heti	NOUN	coverage-hole	n.loc.sg	1		2	dcs:629575
hetuvoḥ	hetu	NOUN	slot-conflict	m.gen.du	1	hetvoḥ	2	dcs:481154
hikkaḥ	hikkā	NOUN	coverage-hole	m.nom.sg	1		2	dcs:299488
hiraṇyayebhiḥ	hiraṇyaya	ADJ	slot-conflict	m.instr.pl	1	hiraṇyayaiḥ	2	dcs:593244
hiraṇyayāsa	hiraṇyaya	ADJ	slot-conflict	m.nom.pl	1	hiraṇyayāḥ	2	dcs:601883
hiṃsebhiḥ	hiṃsā	NOUN	coverage-hole	n.instr.pl	1		2	dcs:477240
hiṅgulikena	hiṅgulikā	NOUN	coverage-hole	n.instr.sg	1		2	dcs:163044
hotaram	hotṛ	NOUN	slot-conflict	m.acc.sg	1	hotāram	2	dcs:747684
huvām	hu	NOUN	coverage-hole	m.gen.pl	1		2	dcs:552214
hārataḥ	hāra	NOUN	slot-conflict	m.abl.sg	1	hārāt	2	dcs:623181
hṛdayadravām	hṛdayadrava	NOUN	coverage-hole	f.acc.sg	1		2	dcs:33671
icchātaḥ	icchā	NOUN	slot-conflict	f.abl.sg	2	icchāyāḥ	2	dcs:772310
idambhyām	idam	NOUN	coverage-hole	m.abl.du	1		2	dcs:553617
idi	id	NOUN	coverage-hole	m.loc.sg	1		2	dcs:85708
ikṣurakām	ikṣuraka	NOUN	coverage-hole	f.acc.sg	1		2	dcs:52945
ikṣvākvaḥ	ikṣvāku	NOUN	slot-conflict	f.gen.sg	1	ikṣvākoḥ ikṣvākvāḥ	2	dcs:374709
ikṣvākūṇi	ikṣvāku	NOUN	coverage-hole	n.acc.pl	1		2	dcs:58180
imābhyaḥ	idam	PRON	coverage-hole	f.dat.pl	1		2	dcs:435768
inas	ina	ADJ	slot-conflict	m.nom.sg	1	inaḥ	2	dcs:593024
indhanān	indhana	NOUN	coverage-hole	m.acc.pl	1		2	dcs:766082
indindireṇa	indindirā	NOUN	coverage-hole	m.instr.sg	1		2	dcs:563556
indrakāḥ	indraka	NOUN	coverage-hole	m.nom.pl	1		2	dcs:644015
indravantā	indravat	ADJ	slot-conflict	m.nom.du	1	indravantau	2	dcs:594288_1
indriyebhiḥ	indriya	ADJ	slot-conflict	m.instr.pl	1	indriyaiḥ	2	dcs:598714
ināsaḥ	ina	ADJ	slot-conflict	m.nom.pl	1	ināḥ	2	dcs:600021_2
irammada	iraṃmada	NOUN	compound-member		1		2	dcs:552362
irammadam	iraṃmada	NOUN	slot-conflict	m.acc.sg	1	iraṃmadam	2	dcs:501913
itaretaraiḥ	itaretara	PRON	coverage-hole	m.instr.pl	1		2	dcs:479260
itaretarān	itaretara	PRON	coverage-hole	m.acc.pl	1		2	dcs:358235
itthamsu	ittham	NOUN	coverage-hole	m.loc.pl	1		2	dcs:552716
ive	iva	NOUN	coverage-hole	m.loc.sg	1		2	dcs:553813
ivāt	iva	NOUN	coverage-hole	m.abl.sg	1		2	dcs:553787
iyānti	iyat	ADJ	slot-conflict	n.acc.pl	1	iyanti	2	dcs:601030
iḍāvatsarīyāṃ	idāvatsarīya	ADJ	coverage-hole	f.acc.sg	1		2	dcs:756012
iṅganāḥ	iṅgana	NOUN	coverage-hole	m.nom.pl	1		2	dcs:150361
iṅgudābhiḥ	iṅguda	NOUN	coverage-hole	f.instr.pl	1		2	dcs:13071
iṣirebhiḥ	iṣira	ADJ	slot-conflict	m.instr.pl	2	iṣiraiḥ	2	dcs:597846
iṣudhīṃr	iṣudhi	NOUN	slot-conflict	m.acc.pl	1	iṣudhīn	2	dcs:592534
iṣvasanān	iṣvasana	NOUN	coverage-hole	m.acc.pl	1		2	dcs:243878
iṣṭadevataḥ	iṣṭadevatā	NOUN	coverage-hole	m.nom.sg	1		2	dcs:396600
iṣṭakebhiḥ	iṣṭakā	NOUN	coverage-hole	n.instr.pl	1		2	dcs:412063
iṣṭakāni	iṣṭakā	NOUN	coverage-hole	n.nom.pl	1		2	dcs:653950
iṣṭakāt	iṣṭakā	NOUN	coverage-hole	n.abl.sg	1		2	dcs:674693
iṣṭikaiḥ	iṣṭikā	NOUN	coverage-hole	m.voc.sg	1		2	dcs:428201
iṣṭikāni	iṣṭikā	NOUN	coverage-hole	n.nom.pl	1		2	dcs:72564
iṣṭutaḥ	iṣṭu	NOUN	slot-conflict	f.abl.sg	1	iṣṭoḥ iṣṭvāḥ	2	dcs:367109
iṭām	iṭ	NOUN	lexicon-gap	m.gen.pl	1		2	dcs:551562
jaganmātri	jaganmātṛ	NOUN	slot-conflict	f.voc.sg	2	jaganmātar	2	dcs:105892
jagattrayām	jagattraya	NOUN	coverage-hole	f.acc.sg	1		2	dcs:582501
jaitrāyāḥ	jaitra	ADJ	coverage-hole	f.gen.sg	2		2	dcs:283187
jaiṣṇavī	jaiṣṇava	ADJ	coverage-hole	f.nom.sg	1		2	dcs:359352
jaladhini	jaladhi	NOUN	coverage-hole	n.loc.sg	1		2	dcs:367747
jalodbhavebhiḥ	jalodbhavā	NOUN	coverage-hole	n.instr.pl	1		2	dcs:15261
janimānaḥ	janiman	NOUN	coverage-hole	m.nom.pl	1		2	dcs:603056
janitārā	janitṛ	NOUN	slot-conflict	m.nom.du	1	janitārau	2	dcs:601948
janmāntarau	janmāntara	NOUN	coverage-hole	m.nom.du	1		2	dcs:620892
jaratkārvaḥ	jaratkāru	NOUN	slot-conflict	f.gen.sg	1	jaratkāroḥ jaratkārvāḥ	2	dcs:574411
jatum	jatu	NOUN	coverage-hole	m.acc.sg	1		2	dcs:50982
jaṃhāḥ	jaṃhas	NOUN	coverage-hole	m.nom.sg	1		2	dcs:600579
jemanā	jeman	ADJ	slot-conflict	m.nom.du	1	jemānau	2	dcs:611759
jetri	jetṛ	ADJ	slot-conflict	m.loc.sg	1	jetari	2	dcs:142071
jetrīm	jetṛ	ADJ	slot-conflict	f.acc.sg	1	jetāram	2	dcs:624510
jighatsvam	jighatsu	ADJ	slot-conflict	m.acc.sg	1	jighatsum	2	dcs:633648
jighāṃsīyān	jighāṃsīyas	ADJ	coverage-hole	m.nom.sg	1		2	dcs:751700
jigīṣam	jigīṣā	NOUN	coverage-hole	n.nom.sg	1		2	dcs:564086
jigīṣasya	jigīṣā	NOUN	coverage-hole	m.gen.sg	1		2	dcs:626990
jigīṣeṇa	jigīṣā	NOUN	coverage-hole	m.instr.sg	1		2	dcs:616509
jitvānā	jitvan	ADJ	slot-conflict	m.acc.du	1	jitvānau	2	dcs:596931
jmāyantam	jmāyat	ADJ	slot-conflict	m.acc.sg	1	jmāyatam	2	dcs:606161
jrayāḥ	jrayas	NOUN	coverage-hole	m.nom.sg	1		2	dcs:597573_1
jugupsān	jugupsā	NOUN	coverage-hole	m.acc.pl	1		2	dcs:309109
juṣṭatamāsaḥ	juṣṭatama	ADJ	slot-conflict	m.nom.pl	1	juṣṭatamāḥ	2	dcs:593616_1
jvāleśvarau	jvāleśvara	NOUN	coverage-hole	m.nom.du	1		2	dcs:422575
jyeṣṭhataḥ	jyeṣṭha	ADJ	slot-conflict	m.abl.sg	2	jyeṣṭhāt	2	dcs:680241
jyotiṣmāṁ	jyotiṣmat	ADJ	slot-conflict	m.nom.sg	1	jyotiṣmān	2	dcs:639986
jyotsnaḥ	jyotsnā	NOUN	coverage-hole	m.nom.sg	1		2	dcs:630456
jyāyasyai	jyāyas	ADJ	slot-conflict	f.dat.sg	1	jyāyase	2	dcs:594513
jāgatyā	jāgata	ADJ	coverage-hole	f.instr.sg	1		2	dcs:681054
jāgatīṃ	jāgata	ADJ	coverage-hole	f.acc.sg	1		2	dcs:687335
jāgṛbhyaḥ	jāgṛ	NOUN	lexicon-gap	m.abl.pl	1		2	dcs:552213
jālakām	jālaka	NOUN	coverage-hole	f.acc.sg	1		2	dcs:152701
jālmām	jālma	ADJ	coverage-hole	f.acc.sg	2		2	dcs:224827
jāmātri	jāmātṛ	NOUN	slot-conflict	m.loc.sg	2	jāmātari	2	dcs:528223
jātakarmā	jātakarman	NOUN	coverage-hole	m.nom.sg	1		2	dcs:463783_1
jātiphalām	jātiphala	NOUN	coverage-hole	f.acc.sg	1		2	dcs:39429
jātvoḥ	jātu	NOUN	coverage-hole	m.loc.du	1		2	dcs:552655
jāṃbukaṃ	jāmbuka	ADJ	slot-conflict	m.acc.sg	1	jāmbukam	2	dcs:757666
jīvātma	jīvātman	NOUN	compound-member		1		2	dcs:77715
jūṭikaḥ	jūṭikā	NOUN	coverage-hole	m.nom.sg	1		2	dcs:562458
jṛmbhaṇī	jṛmbhaṇa	ADJ	coverage-hole	f.nom.sg	1		2	dcs:436502
kadruvai	kadru	NOUN	slot-conflict	f.dat.sg	1	kadrave kadrvai	2	dcs:436802
kadruvaḥ	kadru	NOUN	slot-conflict	f.gen.sg	1	kadroḥ kadrvāḥ	2	dcs:605589_1
kakkaṭāsaḥ	kakkaṭa	NOUN	slot-conflict	m.nom.pl	1	kakkaṭāḥ	2	dcs:647378_1
kakuhāsaḥ	kakuha	ADJ	slot-conflict	m.nom.pl	2	kakuhāḥ	2	dcs:592850
kakundarau	kakundara	NOUN	coverage-hole	m.nom.du	1		2	dcs:23984
kakṣadharāṇi	kakṣadhara	NOUN	coverage-hole	n.nom.pl	1		2	dcs:6275
kakṣāṇi	kakṣa	NOUN	coverage-hole	n.nom.pl	1		2	dcs:449143
kalatrām	kalatra	NOUN	coverage-hole	f.acc.sg	1		2	dcs:525038
kalaṅkakalam	kalaṅkakalā	NOUN	coverage-hole	m.acc.sg	1		2	dcs:368089
kalaṅkayā	kalaṅka	NOUN	coverage-hole	f.instr.sg	1		2	dcs:487743
kalevarayā	kalevara	NOUN	coverage-hole	f.instr.sg	1		2	dcs:367553
kalyāṇābhiḥ	kalyāṇa	ADJ	coverage-hole	f.instr.pl	1		2	dcs:270531
kalyāṇāyāḥ	kalyāṇa	ADJ	coverage-hole	f.gen.sg	1		2	dcs:125407
kamalasambhave	kamalasaṃbhava	NOUN	slot-conflict	m.loc.sg	1	kamalasaṃbhave	2	dcs:629542
kambūkāṁ	kambūka	NOUN	slot-conflict	m.acc.pl	1	kambūkān	2	dcs:639084
kanakapurītaḥ	kanakapurī	NOUN	slot-conflict	f.abl.sg	1	kanakapuryāḥ	2	dcs:621485
kandinī	kandin	ADJ	coverage-hole	f.nom.sg	1		2	dcs:362162
kapardikaḥ	kapardikā	NOUN	coverage-hole	m.nom.sg	1		2	dcs:561560
kapolabhittini	kapolabhitti	NOUN	coverage-hole	n.loc.sg	1		2	dcs:103007
kapālikam	kapālikā	NOUN	coverage-hole	m.acc.sg	1		2	dcs:429153
karapallavām	karapallava	NOUN	coverage-hole	f.acc.sg	1		2	dcs:585038
karaṇḍakām	karaṇḍaka	NOUN	coverage-hole	f.acc.sg	1		2	dcs:562501
karaṭāmukhān	karaṭāmukha	NOUN	coverage-hole	m.acc.pl	1		2	dcs:179889
karhyoḥ	karhi	NOUN	coverage-hole	m.loc.du	1		2	dcs:552518
karmendriyāḥ	karmendriya	NOUN	coverage-hole	m.nom.pl	1		2	dcs:578364
karmmaṇām	karman	NOUN	slot-conflict	m.gen.pl	1	karmaṇām	2	dcs:561607
karpaṭām	karpaṭa	NOUN	coverage-hole	f.acc.sg	1		2	dcs:527491
karvarebhiḥ	karvara	NOUN	slot-conflict	n.instr.pl	1	karvaraiḥ	2	dcs:673869
karṇabhūṣaṇā	karṇabhūṣaṇa	NOUN	coverage-hole	f.nom.sg	1		2	dcs:562098
karṇejapāni	karṇejapa	NOUN	coverage-hole	n.nom.pl	1		2	dcs:578273
karṇikebhiḥ	karṇikā	NOUN	coverage-hole	n.instr.pl	1		2	dcs:123402
karṣām	karṣa	NOUN	coverage-hole	f.acc.sg	1		2	dcs:493935
katakāni	kataka	NOUN	coverage-hole	n.nom.pl	1		2	dcs:12178
katamānām	katama	PRON	slot-conflict	m.gen.pl	1	katameṣām	2	dcs:551388
kathami	katham	NOUN	coverage-hole	m.loc.sg	1		2	dcs:552656
kathaṃkathaḥ	kathaṃkathā	NOUN	coverage-hole	m.nom.sg	1		2	dcs:721856
kaupīnāḥ	kaupīna	NOUN	coverage-hole	m.nom.pl	1		2	dcs:307945
kauraveyāṇi	kauraveya	ADJ	coverage-hole	n.acc.pl	1		2	dcs:252687
kautukau	kautuka	NOUN	coverage-hole	m.nom.du	1		2	dcs:6485
kauśalābhiḥ	kauśala	NOUN	coverage-hole	f.instr.pl	1		2	dcs:489354
kauśalām	kauśala	NOUN	coverage-hole	f.acc.sg	1		2	dcs:489390
kauṇḍinyakāḥ	kauṇḍinyaka	NOUN	coverage-hole	m.nom.pl	1		2	dcs:10823
kavitvanā	kavitvana	NOUN	slot-conflict	n.instr.sg	1	kavitvanena	2	dcs:605362
kaśāvantā	kaśāvat	ADJ	slot-conflict	m.acc.du	1	kaśāvantau	2	dcs:604947
kaṅgunīpattraḥ	kaṅgunīpattrā	NOUN	coverage-hole	m.nom.sg	1		2	dcs:20773
kaṇḍūni	kaṇḍu	NOUN	coverage-hole	n.nom.pl	1		2	dcs:40294
kaṇṭakāyām	kaṇṭaka	NOUN	coverage-hole	f.loc.sg	1		2	dcs:632563
kaṇṭhikam	kaṇṭhikā	NOUN	coverage-hole	m.acc.sg	1		2	dcs:526378
kaṇṭhikebhiḥ	kaṇṭhikā	NOUN	coverage-hole	n.instr.pl	1		2	dcs:408698
kaṣkaṣāsa	kaṣkaṣa	NOUN	slot-conflict	m.nom.pl	1	kaṣkaṣāḥ	2	dcs:635501
kaṭakām	kaṭaka	NOUN	coverage-hole	f.acc.sg	1		2	dcs:568377
kaṭapūtanataḥ	kaṭapūtana	NOUN	slot-conflict	m.abl.sg	1	kaṭapūtanāt	2	dcs:655467
kaṭhallā	kaṭhalla	NOUN	coverage-hole	f.nom.sg	1		2	dcs:643009
kaṭhalyā	kaṭhalya	NOUN	coverage-hole	f.nom.sg	1		2	dcs:658675
kaṭphalāni	kaṭphala	NOUN	coverage-hole	n.nom.pl	1		2	dcs:58315
kekam	kekā	NOUN	coverage-hole	n.nom.sg	1		2	dcs:522706
ketakāni	ketaka	NOUN	coverage-hole	n.nom.pl	1		2	dcs:338510
ketasāpaḥ	ketasap	ADJ	slot-conflict	m.nom.pl	1	ketasapaḥ	2	dcs:599657
ketuna	ketu	NOUN	slot-conflict	m.instr.sg	1	ketunā	2	dcs:599812
ketāṁ	keta	NOUN	slot-conflict	m.acc.pl	1	ketān	2	dcs:594965
keśara	kesara	NOUN	compound-member		1		2	dcs:666471
keśavantā	keśavat	ADJ	slot-conflict	m.acc.du	1	keśavantau	2	dcs:611734
keśayā	keśa	ADJ	coverage-hole	f.instr.sg	1		2	dcs:159049
keśāntāni	keśānta	NOUN	coverage-hole	n.nom.pl	1		2	dcs:192765
keśāsu	keśa	NOUN	coverage-hole	f.loc.pl	1		2	dcs:485736
keśāyāḥ	keśa	ADJ	coverage-hole	f.gen.sg	1		2	dcs:562594
khaci	khac	NOUN	lexicon-gap	m.loc.sg	1		2	dcs:554651
khalvāni	khalva	NOUN	coverage-hole	n.nom.pl	1		2	dcs:154824
khanitrī	khanitṛ	ADJ	coverage-hole	f.nom.sg	1		2	dcs:162711
khurāṇi	khura	NOUN	coverage-hole	n.acc.pl	1		2	dcs:33392
khādirābhiḥ	khādira	ADJ	coverage-hole	f.instr.pl	1		2	dcs:466126
kikkisāni	kikkisa	NOUN	coverage-hole	n.acc.pl	1		2	dcs:29923
kirātatiktakāni	kirātatiktaka	NOUN	coverage-hole	n.nom.pl	1		2	dcs:2797
kirātatiktāni	kirātatikta	NOUN	coverage-hole	n.acc.pl	1		2	dcs:7557
kisalayām	kisalaya	NOUN	coverage-hole	f.acc.sg	1		2	dcs:573406
kiyan	kiyat	ADJ	coverage-hole	m.nom.sg	1		2	dcs:620237
kiyāti	kiyat	ADJ	coverage-hole	m.loc.sg	1		2	dcs:594191
kiṃpuruṣau	kimpuruṣa	NOUN	slot-conflict	m.nom.du	1	kimpuruṣau	2	dcs:631412
kiṃpāka	kimpāka	NOUN	compound-member		1		2	dcs:625463
kleśayā	kleśa	NOUN	coverage-hole	f.instr.sg	1		2	dcs:622721
kodravāṇi	kodrava	NOUN	coverage-hole	n.nom.pl	1		2	dcs:747833
kośinīḥ	kośin	ADJ	coverage-hole	f.nom.pl	1		2	dcs:683119
koṇām	koṇa	NOUN	coverage-hole	f.acc.sg	1		2	dcs:439091
koṇāni	koṇa	NOUN	coverage-hole	n.acc.pl	1		2	dcs:629882
koṣṭhāgārāḥ	koṣṭhāgāra	NOUN	coverage-hole	m.nom.pl	1		2	dcs:655694
kratumantā	kratumat	ADJ	slot-conflict	m.nom.du	1	kratumantau	2	dcs:595630
kratūṃr	kratu	NOUN	slot-conflict	m.acc.pl	1	kratūn	2	dcs:686536
krayaṇyāḥ	krayaṇa	ADJ	coverage-hole	f.gen.sg	1		2	dcs:685934
krayaṇī	krayaṇa	ADJ	coverage-hole	f.nom.sg	1		2	dcs:685939
krayaṇīm	krayaṇa	ADJ	coverage-hole	f.acc.sg	1		2	dcs:650394_1
kretri	kretṛ	ADJ	slot-conflict	m.loc.sg	1	kretari	2	dcs:482580
krośanāsaḥ	krośana	ADJ	slot-conflict	m.nom.pl	1	krośanāḥ	2	dcs:609834_1
kroḥ	kṛ	NOUN	lexicon-gap	n.gen.du	1		2	dcs:551850
kruśoḥ	kruś	NOUN	lexicon-gap	m.gen.du	1		2	dcs:552472
krāmaṇā	krāmaṇa	NOUN	coverage-hole	f.nom.sg	1		2	dcs:434221
kukkuṭavratāḥ	kukkuṭavrata	NOUN	coverage-hole	m.nom.pl	1		2	dcs:629765
kulastriyāḥ	kulastrī	NOUN	slot-conflict	f.gen.sg	1	kulastryāḥ	2	dcs:752369
kulmalām	kulmala	NOUN	coverage-hole	f.acc.sg	1		2	dcs:634237_1
kumbataḥ	kumba	NOUN	slot-conflict	m.abl.sg	1	kumbāt	2	dcs:670277
kumāryaṃ	kumārī	NOUN	slot-conflict	f.acc.sg	1	kumārīm	2	dcs:640731
kumārābhiḥ	kumāra	ADJ	coverage-hole	f.instr.pl	1		2	dcs:355098
kurkuṭāni	kurkuṭa	NOUN	coverage-hole	n.nom.pl	1		2	dcs:101005
kustriyaḥ	kustrī	NOUN	slot-conflict	f.abl.sg	1	kustryāḥ	2	dcs:619725
kusuruvinda	kusurubinda	NOUN	slot-conflict	m.nom.sg	1	kusurubindaḥ	2	dcs:772265
kutukām	kutuka	NOUN	coverage-hole	f.acc.sg	1		2	dcs:365815
kuśāmbu	kuśāmba	NOUN	compound-member		1		2	dcs:513475
kuśīlā	kuśīla	ADJ	coverage-hole	f.nom.sg	1		2	dcs:421960
kuśīlāṃ	kuśīla	ADJ	coverage-hole	f.acc.sg	1		2	dcs:111917
kuḍubaḥ	kuḍava	NOUN	slot-conflict	m.nom.sg	1	kuḍavaḥ	2	dcs:465326
kuṃbham	kumbha	NOUN	slot-conflict	m.acc.sg	1	kumbham	2	dcs:465909
kuṇḍataḥ	kuṇḍa	NOUN	slot-conflict	n.abl.sg	1	kuṇḍāt	2	dcs:624698
kuṣṭhikam	kuṣṭhikā	NOUN	coverage-hole	m.acc.sg	1		2	dcs:744692_1
kuṭīrakāṇi	kuṭīraka	NOUN	coverage-hole	n.acc.pl	1		2	dcs:365001
kvāthāni	kvātha	NOUN	coverage-hole	n.nom.pl	1		2	dcs:27513
kālabavi	kālabavin	NOUN	compound-member		1		2	dcs:696266
kāmabhiḥ	kāma	NOUN	slot-conflict	m.instr.pl	1	kāmaiḥ	2	dcs:628575_1
kāmasūtrām	kāmasūtra	NOUN	coverage-hole	f.acc.sg	1		2	dcs:449977
kāmbhoja	kāmboja	NOUN	compound-member		1		2	dcs:513209
kāmikīm	kāmika	ADJ	coverage-hole	f.acc.sg	1		2	dcs:306955
kāmāyūḥ	kāmāyus	NOUN	slot-conflict	m.nom.sg	1	kāmāyuḥ	2	dcs:590357
kānanān	kānana	NOUN	coverage-hole	m.acc.pl	1		2	dcs:129655
kāntinā	kānti	NOUN	coverage-hole	n.instr.sg	1		2	dcs:619191
kārakāyāḥ	kāraka	ADJ	coverage-hole	f.gen.sg	1		2	dcs:449985
kārikam	kārikā	NOUN	coverage-hole	m.acc.sg	1		2	dcs:467570
kārṣakāṇi	kārṣaka	ADJ	coverage-hole	n.acc.pl	1		2	dcs:429826
kāvyebhiḥ	kāvya	NOUN	slot-conflict	n.instr.pl	2	kāvyaiḥ	2	dcs:697039
kāvān	kāva	NOUN	coverage-hole	m.acc.pl	1		2	dcs:342707
kāyataḥ	kāya	NOUN	slot-conflict	m.abl.sg	2	kāyāt	2	dcs:645853
kāyām	kāya	NOUN	coverage-hole	f.acc.sg	1		2	dcs:333880
kāśiyoḥ	kāśi	NOUN	slot-conflict	m.loc.du	1	kāśyoḥ	2	dcs:439349
kāśmaryāṇi	kāśmarya	NOUN	coverage-hole	n.nom.pl	1		2	dcs:64934
kāṣṭhadāruṇī	kāṣṭhadāru	NOUN	coverage-hole	n.nom.du	1		2	dcs:483540
kīlikam	kīlikā	NOUN	coverage-hole	n.nom.sg	1		2	dcs:627355
kīstāsaḥ	kīsta	NOUN	slot-conflict	m.nom.pl	2	kīstāḥ	2	dcs:594571
kūdyaṃ	kūdī	NOUN	slot-conflict	f.acc.sg	1	kūdīm	2	dcs:635405
kūśmāṇḍa	kūṣmāṇḍa	NOUN	compound-member		1		2	dcs:746158
kṛsarebhiḥ	kṛsarā	NOUN	coverage-hole	n.instr.pl	1		2	dcs:6897
kṛśanebhiḥ	kṛśana	NOUN	slot-conflict	m.instr.pl	1	kṛśanaiḥ	2	dcs:610762_1
kṛśāsa	kṛśa	ADJ	slot-conflict	m.nom.pl	1	kṛśāḥ	2	dcs:518881
kṛṣīvalām	kṛṣīvala	NOUN	coverage-hole	f.acc.sg	1		2	dcs:612418
kṣadmā	kṣadman	NOUN	coverage-hole	m.nom.sg	1		2	dcs:592493
kṣatrān	kṣatra	NOUN	coverage-hole	m.acc.pl	1		2	dcs:601592
kṣattryāṃ	kṣatrī	NOUN	slot-conflict	f.loc.sg	1	kṣatryām	2	dcs:519083
kṣaudraśarkarebhiḥ	kṣaudraśarkarā	NOUN	coverage-hole	n.instr.pl	1		2	dcs:9671
kṣaumām	kṣauma	NOUN	coverage-hole	f.acc.sg	1		2	dcs:763632
kṣaṇām	kṣaṇa	NOUN	coverage-hole	f.acc.sg	1		2	dcs:177657
kṣemadhanva	kṣemadhanvan	NOUN	compound-member		1		2	dcs:759024
kṣemebhiḥ	kṣema	NOUN	slot-conflict	n.instr.pl	1	kṣemaiḥ	2	dcs:606599
kṣetrān	kṣetra	NOUN	coverage-hole	m.acc.pl	1		2	dcs:324267
kṣobhām	kṣobha	NOUN	coverage-hole	f.acc.sg	1		2	dcs:293899
kṣṇuvaḥ	kṣṇu	NOUN	lexicon-gap	f.abl.sg	1		2	dcs:551769
laghuvoḥ	laghu	ADJ	slot-conflict	m.gen.du	1	laghvoḥ	2	dcs:42035
laghīyāḥ	laghīyas	ADJ	coverage-hole	m.nom.sg	2		2	dcs:187724
laktakān	laktaka	NOUN	coverage-hole	m.acc.pl	1		2	dcs:65813
lakuli	lakulin	NOUN	compound-member		1		2	dcs:377231
lalitakau	lalitaka	ADJ	coverage-hole	m.nom.du	1		2	dcs:763270
lalāṭau	lalāṭa	NOUN	coverage-hole	m.nom.du	1		2	dcs:302126
lalāṭā	lalāṭa	NOUN	coverage-hole	f.nom.sg	1		2	dcs:489168
lalāṭābhiḥ	lalāṭa	NOUN	coverage-hole	f.instr.pl	1		2	dcs:630430
lalāṭān	lalāṭa	NOUN	coverage-hole	m.acc.pl	1		2	dcs:142230
lalāṭī	lalāṭa	ADJ	coverage-hole	f.nom.sg	1		2	dcs:666730
latebhiḥ	latā	NOUN	coverage-hole	n.instr.pl	1		2	dcs:487747
latena	latā	NOUN	coverage-hole	m.instr.sg	1		2	dcs:355058
latāni	latā	NOUN	coverage-hole	n.nom.pl	1		2	dcs:573916
laukikāṃ	laukika	ADJ	coverage-hole	f.acc.sg	1		2	dcs:387734
lekhyataḥ	lekhya	NOUN	slot-conflict	n.abl.sg	2	lekhyāt	2	dcs:668486
lekhāni	lekhā	NOUN	coverage-hole	n.acc.pl	1		2	dcs:357521
lepabhāgi	lepabhāgin	NOUN	compound-member		1		2	dcs:334575
lipsena	lipsā	NOUN	coverage-hole	m.instr.sg	1		2	dcs:614672
liyaḥ	lī	NOUN	slot-conflict	f.gen.sg	1	lyāḥ	2	dcs:551774
lokamātryāḥ	lokamātṛ	NOUN	slot-conflict	f.gen.sg	2	lokamātuḥ	2	dcs:68240
lokayātraḥ	lokayātrā	NOUN	coverage-hole	m.nom.sg	1		2	dcs:90421
lomnyā	loman	NOUN	coverage-hole	f.instr.sg	1		2	dcs:389656_1
lomnīm	loman	NOUN	coverage-hole	f.acc.sg	1		2	dcs:424297
lomānam	loman	NOUN	coverage-hole	m.acc.sg	1		2	dcs:140665
lomānaḥ	loman	NOUN	coverage-hole	m.nom.pl	1		2	dcs:767794
loṣṭha	loṣṭa	NOUN	compound-member		1		2	dcs:424492_1
luṭaḥ	luṭ	NOUN	lexicon-gap	m.gen.sg	1		2	dcs:552175
luṭhanāyāḥ	luṭhana	NOUN	coverage-hole	f.gen.sg	1		2	dcs:563408
luṭi	luṭ	NOUN	lexicon-gap	m.loc.sg	1		2	dcs:551797
luṭoḥ	luṭ	NOUN	lexicon-gap	m.loc.du	1		2	dcs:552208
lvaḥ	lū	NOUN	lexicon-gap	f.abl.sg	1		2	dcs:552324
lvoḥ	lū	NOUN	lexicon-gap	f.gen.du	1		2	dcs:552541
lākṣam	lākṣā	NOUN	coverage-hole	n.nom.sg	1		2	dcs:40223
lālāṭāyām	lālāṭa	ADJ	coverage-hole	f.loc.sg	2		2	dcs:39583
lāvaṇām	lāvaṇa	ADJ	coverage-hole	f.acc.sg	1		2	dcs:359782
lāñchanām	lāñchana	NOUN	coverage-hole	f.acc.sg	1		2	dcs:616679
lāñchanāḥ	lāñchana	NOUN	coverage-hole	m.nom.pl	1		2	dcs:577661
lāṅgalākhyām	lāṅgalākhya	NOUN	coverage-hole	f.acc.sg	1		2	dcs:16041
lāṅgulau	lāṅgula	NOUN	coverage-hole	m.nom.du	1		2	dcs:60726
lāṅgūlām	lāṅgūla	NOUN	coverage-hole	f.acc.sg	1		2	dcs:444439
līlasya	līlā	NOUN	coverage-hole	m.gen.sg	1		2	dcs:355311
madhuchandaḥ	madhucchandas	NOUN	compound-member		1		2	dcs:748676_2
madhurima	madhuriman	NOUN	compound-member		1		2	dcs:365852
madhyāyuva	madhyāyu	ADJ	slot-conflict	f.nom.pl	1	madhyāyavaḥ	2	dcs:595491
mahendravarma	mahendravarman	NOUN	compound-member		1		2	dcs:615433
mahimāni	mahiman	NOUN	coverage-hole	n.nom.pl	1		2	dcs:88478
mahāmātrataḥ	mahāmātra	NOUN	slot-conflict	m.abl.sg	1	mahāmātrāt	2	dcs:644215
mahāmāṃsā	mahāmāṃsa	NOUN	coverage-hole	f.nom.sg	1		2	dcs:618655
mahānarma	mahānarman	NOUN	compound-member		1		2	dcs:100363
mahārathyam	mahārathyā	NOUN	coverage-hole	n.nom.sg	1		2	dcs:180066
mahāsālasya	mahāśāla	NOUN	slot-conflict	m.gen.sg	1	mahāśālasya	2	dcs:760121
mahāyogi	mahāyogin	NOUN	compound-member		1		2	dcs:337450
mainākasvasrī	mainākasvasṛ	NOUN	slot-conflict	f.nom.sg	1	mainākasvasā	2	dcs:590303
maitrayā	maitra	ADJ	coverage-hole	f.instr.sg	1		2	dcs:92344
maitrām	maitra	ADJ	coverage-hole	f.acc.sg	2		2	dcs:196132
majjanām	majjan	NOUN	slot-conflict	m.gen.pl	1	majjñām	2	dcs:7842
makhasyuvam	makhasyu	ADJ	slot-conflict	f.acc.sg	1	makhasyum	2	dcs:608135
makhasyuvaḥ	makhasyu	ADJ	slot-conflict	f.nom.pl	1	makhasyavaḥ	2	dcs:607813
makhāsaḥ	makha	NOUN	slot-conflict	m.nom.pl	1	makhāḥ	2	dcs:593577
makuṭāḥ	makuṭa	NOUN	coverage-hole	m.nom.pl	1		2	dcs:394190
makṣūbhiḥ	makṣū	ADJ	coverage-hole	m.instr.pl	1		2	dcs:604959
malinīkaraṇāḥ	malinīkaraṇa	NOUN	coverage-hole	m.nom.pl	1		2	dcs:443007
malāpahaḥ	malāpahā	NOUN	coverage-hole	m.nom.sg	1		2	dcs:404404
manaskau	manaska	NOUN	coverage-hole	m.acc.du	1		2	dcs:487214
mandirām	mandira	NOUN	coverage-hole	f.acc.sg	1		2	dcs:576983
mandirāyām	mandira	NOUN	coverage-hole	f.loc.sg	1		2	dcs:621526
manohvam	manohvā	NOUN	coverage-hole	n.acc.sg	1		2	dcs:38679
manorathāni	manoratha	NOUN	coverage-hole	n.acc.pl	1		2	dcs:357532
mantrebhiḥ	mantra	NOUN	slot-conflict	m.instr.pl	1	mantraiḥ	2	dcs:593278
maraṇau	maraṇa	NOUN	coverage-hole	m.acc.du	1		2	dcs:584291
martyatvanā	martyatvana	NOUN	slot-conflict	n.instr.sg	1	martyatvanena	2	dcs:606717
maryataḥ	marya	NOUN	slot-conflict	m.abl.sg	1	maryāt	2	dcs:609822_1
maryādātaḥ	maryādā	NOUN	slot-conflict	f.abl.sg	1	maryādāyāḥ	2	dcs:474374
maryāsaḥ	marya	NOUN	slot-conflict	m.nom.pl	2	maryāḥ	2	dcs:600144
maskari	maskarin	NOUN	compound-member		1		2	dcs:655907
maskariṇī	maskarin	ADJ	coverage-hole	f.nom.sg	1		2	dcs:364247
matimantā	matimat	ADJ	slot-conflict	m.nom.du	1	matimantau	2	dcs:674472
mañjiṣṭhebhiḥ	mañjiṣṭhā	NOUN	coverage-hole	n.instr.pl	1		2	dcs:38946
maṃhiṣṭhāsaḥ	maṃhiṣṭha	ADJ	slot-conflict	m.nom.pl	1	maṃhiṣṭhāḥ	2	dcs:603748_2
maṃhīyān	maṃhīyas	ADJ	coverage-hole	m.nom.sg	1		2	dcs:608238
maṇibandhanā	maṇibandhana	NOUN	coverage-hole	f.nom.sg	1		2	dcs:322534
maṇīni	maṇi	NOUN	coverage-hole	n.acc.pl	1		2	dcs:358313
maṇḍakāni	maṇḍaka	NOUN	coverage-hole	n.nom.pl	1		2	dcs:356822
maṇḍalikam	maṇḍalikā	NOUN	coverage-hole	n.nom.sg	1		2	dcs:450035
medhasātā	medhasāti	NOUN	slot-conflict	f.loc.sg	1	medhasātau medhasātyām	2	dcs:612425
medhāsaḥ	medha	NOUN	slot-conflict	m.voc.pl	1	medhāḥ	2	dcs:603006
mekhalebhiḥ	mekhalā	NOUN	coverage-hole	n.instr.pl	1		2	dcs:357349
mekṣaṇā	mekṣaṇa	NOUN	coverage-hole	f.nom.sg	1		2	dcs:670360
mekṣaṇām	mekṣaṇa	NOUN	coverage-hole	f.acc.sg	1		2	dcs:670358
menīn	meni	NOUN	coverage-hole	m.acc.pl	1		2	dcs:635114
meṣye	meṣī	NOUN	slot-conflict	f.dat.sg	1	meṣyai	2	dcs:592790_1
midaḥ	mid	NOUN	lexicon-gap	m.abl.sg	1		2	dcs:552486
middhā	middha	NOUN	coverage-hole	f.nom.sg	1		2	dcs:645510
mithyājñānā	mithyājñāna	NOUN	coverage-hole	f.nom.sg	1		2	dcs:480190
mittrayoḥ	mitra	NOUN	slot-conflict	m.gen.du	1	mitrayoḥ	2	dcs:619492
mittrābhyām	mitra	NOUN	slot-conflict	m.instr.du	1	mitrābhyām	2	dcs:619518
mittrāvasoḥ	mitrāvasu	NOUN	slot-conflict	m.abl.sg	1	mitrāvasoḥ	2	dcs:619297
mittrāvasuṃ	mitrāvasu	NOUN	slot-conflict	m.acc.sg	1	mitrāvasum	2	dcs:619628
mittrāṇām	mitra	NOUN	slot-conflict	m.gen.pl	1	mitrāṇām	2	dcs:619479
modamānīṃ	modamāna	ADJ	coverage-hole	f.acc.sg	1		2	dcs:462985
moktrī	moktṛ	ADJ	slot-conflict	f.nom.sg	1	moktā	2	dcs:537834
mudraṇā	mudraṇa	NOUN	coverage-hole	f.nom.sg	1		2	dcs:360768
mudrikam	mudrikā	NOUN	coverage-hole	n.nom.sg	1		2	dcs:29229
muniyoḥ	muni	NOUN	slot-conflict	m.gen.du	1	munyoḥ	2	dcs:548156
muṣkāṁ	muṣka	NOUN	slot-conflict	m.acc.pl	1	muṣkān	2	dcs:639637
muṣṭiyoḥ	muṣṭi	NOUN	slot-conflict	m.gen.du	1	muṣṭyoḥ	2	dcs:6374
mādhucchandasī	mādhucchandasa	ADJ	coverage-hole	f.nom.sg	1		2	dcs:751154_3
mādhuchandase	mādhucchandasa	NOUN	slot-conflict	n.loc.sg	1	mādhucchandase	2	dcs:504923
māheśām	māheśa	NOUN	coverage-hole	f.acc.sg	1		2	dcs:393995
māhiṣām	māhiṣa	NOUN	coverage-hole	f.acc.sg	1		2	dcs:687545
māhātmyā	māhātmya	NOUN	coverage-hole	f.nom.sg	1		2	dcs:487439
mālebhiḥ	mālā	NOUN	coverage-hole	n.instr.pl	1		2	dcs:485450
mānayā	māna	NOUN	coverage-hole	f.instr.sg	1		2	dcs:361874
māndhuka	mādhuka	ADJ	slot-conflict	m.nom.sg	1	mādhukaḥ	2	dcs:702933
māndāravāṇi	māndārava	NOUN	coverage-hole	n.acc.pl	1		2	dcs:644242
mānuṣyakī	mānuṣyaka	ADJ	coverage-hole	f.nom.sg	1		2	dcs:658512
māraṇāyai	māraṇa	NOUN	coverage-hole	f.dat.sg	1		2	dcs:384903
māraṇāyām	māraṇa	NOUN	coverage-hole	f.loc.sg	1		2	dcs:330213
mārutenā	māruta	ADJ	slot-conflict	m.instr.sg	1	mārutena	2	dcs:597270
māsāyāḥ	māsa	NOUN	coverage-hole	f.gen.sg	1		2	dcs:30022
mātrataḥ	mātra	NOUN	slot-conflict	n.abl.sg	1	mātrāt	2	dcs:49091
mātṛmātrī	mātṛmātṛ	NOUN	slot-conflict	f.nom.sg	1	mātṛmātā	2	dcs:590300
mātṛṣvasrīyāyām	mātṛṣvasrīya	ADJ	coverage-hole	f.loc.sg	1		2	dcs:447623
māṃpaśyam	māmpaśya	ADJ	slot-conflict	n.acc.sg	1	māmpaśyam	2	dcs:636802_1
māṃsām	māṃsa	NOUN	coverage-hole	f.acc.sg	1		2	dcs:40450
mūlakām	mūlaka	NOUN	coverage-hole	f.acc.sg	1		2	dcs:401132
mūradevāṁ	mūradeva	NOUN	slot-conflict	m.acc.pl	1	mūradevān	2	dcs:638646
mūrdhanām	mūrdhan	NOUN	slot-conflict	m.gen.pl	1	mūrdhnām	2	dcs:223026
mūrdhva	mūrdhvan	NOUN	compound-member		1		2	dcs:45470
mūrāsaḥ	mūra	ADJ	slot-conflict	m.nom.pl	1	mūrāḥ	2	dcs:604738_1
mūtrābhiḥ	mūtra	NOUN	coverage-hole	f.instr.pl	1		2	dcs:544372
mṛdvīkam	mṛdvīkā	NOUN	coverage-hole	n.nom.sg	1		2	dcs:64996
mṛgapakṣi	mṛgapakṣin	NOUN	compound-member		1		2	dcs:85102
mṛgendrataḥ	mṛgendra	NOUN	slot-conflict	m.abl.sg	1	mṛgendrāt	2	dcs:619447
mṛttikebhiḥ	mṛttikā	NOUN	coverage-hole	n.instr.pl	1		2	dcs:36339
mṛḍīkāyai	mṛḍīka	NOUN	coverage-hole	f.dat.sg	1		2	dcs:504703
nabhastalāḥ	nabhastala	NOUN	coverage-hole	m.nom.pl	1		2	dcs:579334
nabhastaḥ	nabhas	NOUN	slot-conflict	n.abl.sg	2	nabhasaḥ	2	dcs:619860
nadanumāṁ	nadanumat	ADJ	slot-conflict	m.nom.sg	1	nadanumān	2	dcs:600898
nagarītaḥ	nagarī	NOUN	slot-conflict	f.abl.sg	1	nagaryāḥ	2	dcs:657375
nahuṣī	nahus	NOUN	slot-conflict	m.voc.du	1	nahuṣau	2	dcs:611385
naiyagrodhībhyāṃ	naiyagrodha	ADJ	coverage-hole	f.instr.du	1		2	dcs:673455
naiyyagrodham	naiyagrodha	ADJ	slot-conflict	m.acc.sg	1	naiyagrodham	2	dcs:424803_1
naiḥśreyasām	naiḥśreyasa	ADJ	coverage-hole	f.acc.sg	2		2	dcs:159892
nakhayā	nakha	NOUN	coverage-hole	f.instr.sg	1		2	dcs:63495
naktabhiḥ	nakta	NOUN	slot-conflict	n.instr.pl	2	naktaiḥ	2	dcs:637412
nakṣatrebhiḥ	nakṣatra	NOUN	slot-conflict	m.instr.pl	1	nakṣatraiḥ	2	dcs:610762_1
namasvantā	namasvat	ADJ	slot-conflict	m.nom.du	1	namasvantau	2	dcs:600185
namasyebhiḥ	namasya	ADJ	slot-conflict	m.instr.pl	1	namasyaiḥ	2	dcs:601928
namām	nam	NOUN	lexicon-gap	m.gen.pl	1		2	dcs:552264
namīṃ	nami	NOUN	slot-conflict	m.acc.sg	1	namim	2	dcs:600963
nanau	nanu	NOUN	coverage-hole	m.loc.sg	1		2	dcs:552445
nandayitrīm	nandayitṛ	ADJ	slot-conflict	f.acc.sg	1	nandayitāram	2	dcs:531878
naptrye	naptrī	NOUN	slot-conflict	f.dat.sg	1	naptryai	2	dcs:715233
nastataḥ	nasta	NOUN	slot-conflict	m.abl.sg	1	nastāt	2	dcs:764582
naukān	naukā	NOUN	coverage-hole	m.acc.pl	1		2	dcs:257345
navarāṣṭrā	navarāṣṭra	NOUN	coverage-hole	m.nom.pl	1		2	dcs:342367
navyāṃsam	navyas	ADJ	slot-conflict	m.acc.sg	1	navyasam	2	dcs:592368
nañbhyām	nañ	NOUN	coverage-hole	m.abl.du	1		2	dcs:553604
naḍada	nalada	NOUN	compound-member		1		2	dcs:747820
nedīyāṃsaṃ	nedīyas	ADJ	coverage-hole	m.acc.sg	1		2	dcs:531851
nemasmai	nema	ADJ	slot-conflict	m.dat.sg	1	nemāya	2	dcs:551341
nemasmin	nema	ADJ	slot-conflict	m.loc.sg	1	neme	2	dcs:610300
nepālakān	nepālaka	NOUN	coverage-hole	m.acc.pl	1		2	dcs:360073
nibarhaṇīḥ	nibarhaṇa	ADJ	coverage-hole	f.acc.pl	1		2	dcs:758351
nibhataḥ	nibha	ADJ	slot-conflict	n.abl.sg	1	nibhāt	2	dcs:621954
nicayām	nicaya	NOUN	coverage-hole	f.acc.sg	1		2	dcs:406662
niculāni	nicula	NOUN	coverage-hole	n.acc.pl	1		2	dcs:58185
nidarśikā	nidarśaka	ADJ	coverage-hole	f.nom.sg	1		2	dcs:645322
nidhini	nidhi	NOUN	coverage-hole	n.loc.sg	1		2	dcs:562889
nidhuvanā	nidhuvana	NOUN	coverage-hole	f.nom.sg	1		2	dcs:563586
nidigdhikāt	nidigdhikā	NOUN	coverage-hole	m.abl.sg	1		2	dcs:30126
nidreṇa	nidrā	NOUN	coverage-hole	m.instr.sg	1		2	dcs:143589
nidrāya	nidrā	NOUN	coverage-hole	m.dat.sg	1		2	dcs:60080
nidrāṇi	nidrā	NOUN	coverage-hole	n.nom.pl	1		2	dcs:771409
nihantrī	nihantṛ	ADJ	coverage-hole	f.nom.sg	1		2	dcs:451842
nikāmāsaḥ	nikāma	ADJ	slot-conflict	m.nom.pl	1	nikāmāḥ	2	dcs:609768_1
nikṛntanām	nikṛntana	ADJ	coverage-hole	f.acc.sg	1		2	dcs:398962
nilayanām	nilayana	NOUN	coverage-hole	f.acc.sg	1		2	dcs:573247
nilayanāḥ	nilayana	NOUN	coverage-hole	m.nom.pl	1		2	dcs:117587
nilayāni	nilaya	NOUN	coverage-hole	n.nom.pl	1		2	dcs:439854
nimbāni	nimba	NOUN	coverage-hole	n.acc.pl	1		2	dcs:73719
nimeṣayā	nimeṣa	NOUN	coverage-hole	f.instr.sg	1		2	dcs:625135
nimeṣāṇi	nimeṣa	NOUN	coverage-hole	n.nom.pl	1		2	dcs:312734
nimnagam	nimnagā	NOUN	coverage-hole	m.acc.sg	1		2	dcs:618324
nindaṃ	nind	NOUN	lexicon-gap	m.acc.sg	1		2	dcs:100004
nipānā	nipāna	NOUN	slot-conflict	n.acc.pl	1	nipānāni	2	dcs:673922
niravalaṃbanam	niravalambana	ADJ	slot-conflict	m.acc.sg	1	niravalambanam	2	dcs:630758
niraḥ	nis	NOUN	coverage-hole	m.abl.sg	1		2	dcs:554881
nirbandhām	nirbandha	NOUN	coverage-hole	f.acc.sg	1		2	dcs:523205
nirmocanām	nirmocana	ADJ	coverage-hole	f.acc.sg	1		2	dcs:340955
nirmokām	nirmoka	NOUN	coverage-hole	f.acc.sg	1		2	dcs:527948
nirmātāraṃ	nirmātṛ	NOUN	slot-conflict	m.acc.sg	1	nirmātaram	2	dcs:44775
niryāṇataḥ	niryāṇa	NOUN	slot-conflict	n.abl.sg	1	niryāṇāt	2	dcs:668486
nisūdana	niṣūdana	NOUN	compound-member		1		2	dcs:666462
nisūdanasya	niṣūdana	NOUN	slot-conflict	m.gen.sg	1	niṣūdanasya	2	dcs:666470
nityakriyaḥ	nityakriyā	NOUN	coverage-hole	m.nom.sg	1		2	dcs:394664
nivacanā	nivacana	NOUN	slot-conflict	n.acc.pl	1	nivacanāni	2	dcs:598009
nivasanau	nivasana	NOUN	coverage-hole	m.nom.du	1		2	dcs:489465
nivāpām	nivāpa	NOUN	coverage-hole	f.acc.sg	1		2	dcs:329893
nivāraṇi	nivāraṇa	ADJ	coverage-hole	f.voc.sg	1		2	dcs:674501_1
niyamām	niyama	NOUN	coverage-hole	f.acc.sg	1		2	dcs:116327
niyantrī	niyantṛ	ADJ	coverage-hole	f.nom.sg	1		2	dcs:451610
niyoktrī	niyoktṛ	ADJ	coverage-hole	f.nom.sg	1		2	dcs:49254
niyutvas	niyutvat	ADJ	slot-conflict	m.voc.sg	2	niyutvan	2	dcs:593934
niyāmakām	niyāmaka	ADJ	coverage-hole	f.acc.sg	2		2	dcs:451020
niṇyoḥ	niṇya	ADJ	slot-conflict	m.gen.du	1	niṇyayoḥ	2	dcs:609358_1
niṣekāṇi	niṣeka	NOUN	coverage-hole	n.acc.pl	1		2	dcs:329996
niṣpatra	niṣpattra	ADJ	compound-member		1		2	dcs:629849
niṣpatrāt	niṣpattra	ADJ	slot-conflict	m.abl.sg	1	niṣpattrāt	2	dcs:553897
niṣyandena	nisyanda	NOUN	slot-conflict	m.instr.sg	1	nisyandena	2	dcs:644208
niṣyandām	nisyanda	NOUN	coverage-hole	f.acc.sg	1		2	dcs:668157
niṣūdām	niṣūda	NOUN	coverage-hole	f.acc.sg	1		2	dcs:440197
niṣṭhataḥ	niṣṭhā	NOUN	coverage-hole	n.abl.sg	1		2	dcs:654056
nri	nṛ	NOUN	slot-conflict	m.loc.sg	2	nari	2	dcs:75767
nyaṅgām	nyaṅga	NOUN	coverage-hole	f.acc.sg	1		2	dcs:650925
nyāsayā	nyāsa	NOUN	coverage-hole	f.instr.sg	1		2	dcs:489463
nādābhiḥ	nāda	NOUN	coverage-hole	f.instr.pl	1		2	dcs:618325
nādām	nāda	NOUN	coverage-hole	f.acc.sg	1		2	dcs:531824
nādāni	nāda	NOUN	coverage-hole	n.acc.pl	1		2	dcs:344733
nāgamātrīm	nāgamātṛ	NOUN	slot-conflict	f.acc.sg	2	nāgamātaram	2	dcs:130952
nāgarakayā	nāgaraka	ADJ	coverage-hole	f.instr.sg	1		2	dcs:528607
nāgaśarma	nāgaśarman	NOUN	compound-member		1		2	dcs:624696
nāhām	nāha	NOUN	coverage-hole	f.acc.sg	1		2	dcs:748619
nāki	nākin	NOUN	compound-member		1		2	dcs:590070
nāmadheyām	nāmadheya	NOUN	coverage-hole	f.acc.sg	1		2	dcs:448700
nāmbhyām	nāman	NOUN	slot-conflict	n.instr.du	2	nāmabhyām	2	dcs:184519
nāndyaṃ	nāndī	NOUN	slot-conflict	f.acc.sg	1	nāndīm	2	dcs:592567
nāndye	nāndī	NOUN	slot-conflict	f.dat.sg	1	nāndyai	2	dcs:594957
nānāni	nāna	ADJ	coverage-hole	n.nom.pl	1		2	dcs:649600
nāsikebhiḥ	nāsikā	NOUN	coverage-hole	n.instr.pl	1		2	dcs:259554
nāsāni	nāsā	NOUN	coverage-hole	n.nom.pl	1		2	dcs:192765
nāṣṭram	nāṣṭrā	NOUN	coverage-hole	n.acc.sg	1		2	dcs:648081
nāṣṭreṇa	nāṣṭrā	NOUN	coverage-hole	m.instr.sg	1		2	dcs:495758
nībhyaḥ	nī	NOUN	lexicon-gap	f.abl.pl	1		2	dcs:555069
nīrājanā	nīrājana	NOUN	compound-member		1		2	dcs:629863
nīthāsaḥ	nītha	NOUN	slot-conflict	m.nom.pl	1	nīthāḥ	2	dcs:600253
nīvaraṇāḥ	nīvaraṇa	NOUN	coverage-hole	m.nom.pl	1		2	dcs:722573
nīvinā	nīvi	NOUN	coverage-hole	n.instr.sg	1		2	dcs:358375
nūtanebhiḥ	nūtana	ADJ	slot-conflict	m.instr.pl	1	nūtanaiḥ	2	dcs:597292
nṛdharma	nṛdharman	NOUN	compound-member		1		2	dcs:590273
nṛtyāyām	nṛtya	NOUN	coverage-hole	f.loc.sg	1		2	dcs:488121
nṛṣātā	nṛṣāti	NOUN	slot-conflict	f.loc.sg	1	nṛṣātau nṛṣātyām	2	dcs:602508
odanāsu	odana	NOUN	coverage-hole	f.loc.pl	1		2	dcs:71883
odmnā	odman	NOUN	slot-conflict	n.instr.sg	1	odmanā	2	dcs:712811
ogaṇāsa	ogaṇa	ADJ	slot-conflict	m.nom.pl	1	ogaṇāḥ	2	dcs:611292
okasam	oka	NOUN	slot-conflict	m.acc.sg	1	okam	2	dcs:593156_1
omanā	oman	NOUN	slot-conflict	m.instr.sg	1	omnā	2	dcs:603177
oṣṭhām	oṣṭha	NOUN	coverage-hole	f.acc.sg	1		2	dcs:124977
oṣṭhāni	oṣṭha	NOUN	coverage-hole	n.acc.pl	1		2	dcs:264367
padebhiḥ	pada	NOUN	slot-conflict	m.instr.pl	1	padaiḥ	2	dcs:595051
padmarāgāṇi	padmarāga	NOUN	coverage-hole	n.nom.pl	1		2	dcs:57322
padmaśriyā	padmaśrī	NOUN	slot-conflict	f.instr.sg	1	padmaśryā	2	dcs:720995
padārthābhiḥ	padārtha	NOUN	coverage-hole	f.instr.pl	1		2	dcs:96687
padārthāni	padārtha	NOUN	coverage-hole	n.nom.pl	1		2	dcs:348551
padāyāḥ	pada	NOUN	coverage-hole	f.gen.sg	1		2	dcs:742987
paitṛṣvaseyām	paitṛṣvaseya	ADJ	coverage-hole	f.acc.sg	2		2	dcs:447612
paiśunyā	paiśunya	ADJ	coverage-hole	m.nom.pl	1		2	dcs:418852
paiśunām	paiśuna	NOUN	coverage-hole	f.acc.sg	1		2	dcs:291350
paiṣṭām	paiṣṭa	ADJ	coverage-hole	f.acc.sg	1		2	dcs:341086
pakṣapātayā	pakṣapāta	NOUN	coverage-hole	f.instr.sg	1		2	dcs:357679
pakṣatīn	pakṣati	NOUN	coverage-hole	m.acc.pl	1		2	dcs:526577
pakṣmām	pakṣma	NOUN	coverage-hole	f.acc.sg	1		2	dcs:131306
pakṣmāṇam	pakṣman	NOUN	coverage-hole	m.acc.sg	1		2	dcs:37638
palaṇḍu	palāṇḍu	NOUN	compound-member		1		2	dcs:745050
palvalām	palvala	NOUN	coverage-hole	f.acc.sg	1		2	dcs:406698
panasyuvaḥ	panasyu	ADJ	slot-conflict	f.nom.pl	1	panasyavaḥ	2	dcs:608614
panyasīṃ	panyas	ADJ	slot-conflict	f.acc.sg	1	panyasam	2	dcs:601223
panyāṃsaṃ	panyas	ADJ	slot-conflict	m.acc.sg	1	panyasam	2	dcs:606367
paramākṣarām	paramākṣara	ADJ	coverage-hole	f.acc.sg	2		2	dcs:332324
paramāṇuvoḥ	paramāṇu	NOUN	slot-conflict	m.gen.du	1	paramāṇvoḥ	2	dcs:387764
paranirmitavaśavartīnām	paranirmitavaśavartin	NOUN	slot-conflict	m.gen.pl	1	paranirmitavaśavartinām	2	dcs:668572
parapravādi	parapravādin	NOUN	compound-member		1		2	dcs:666470
parasparaiḥ	paraspara	PRON	coverage-hole	m.instr.pl	1		2	dcs:358069
parasparān	paraspara	PRON	coverage-hole	m.acc.pl	1		2	dcs:152574
parasparāt	paraspara	PRON	coverage-hole	m.abl.sg	1		2	dcs:455572
paraśumāṁ	paraśumat	ADJ	slot-conflict	m.nom.sg	1	paraśumān	2	dcs:606359
paraśvadhāni	paraśvadha	NOUN	coverage-hole	n.acc.pl	1		2	dcs:140654
paraṃparātaḥ	paramparā	NOUN	slot-conflict	f.abl.sg	1	paramparāyāḥ	2	dcs:725239
paraṇīm	paraṇa	ADJ	coverage-hole	f.acc.sg	1		2	dcs:611632
parebhiḥ	para	PRON	slot-conflict	m.instr.pl	1	paraiḥ	2	dcs:639905
paribhiḥ	pari	NOUN	coverage-hole	m.instr.pl	1		2	dcs:552027
paricayām	paricaya	NOUN	coverage-hole	f.acc.sg	1		2	dcs:449277
paricārayā	paricāra	NOUN	coverage-hole	f.instr.sg	1		2	dcs:488560
parighām	parigha	NOUN	coverage-hole	f.acc.sg	1		2	dcs:112493
parighāyai	parigha	NOUN	coverage-hole	f.dat.sg	1		2	dcs:568513
parigrahāṇi	parigraha	NOUN	coverage-hole	n.nom.pl	1		2	dcs:98242
parijanāni	parijana	NOUN	coverage-hole	n.nom.pl	1		2	dcs:630064
parijmane	parijman	ADJ	coverage-hole	m.dat.sg	1		2	dcs:597989
parijmānaḥ	parijman	ADJ	coverage-hole	f.nom.pl	1		2	dcs:599267_1
parijmānā	parijman	ADJ	coverage-hole	m.nom.du	1		2	dcs:611753
parikartikam	parikartikā	NOUN	coverage-hole	n.nom.sg	1		2	dcs:31624
parikartikaḥ	parikartikā	NOUN	coverage-hole	m.nom.sg	1		2	dcs:14383
parikartikāt	parikartikā	NOUN	coverage-hole	m.abl.sg	1		2	dcs:64992
parikhaiḥ	parikhā	NOUN	coverage-hole	n.instr.pl	1		2	dcs:95010
parikṣepām	parikṣepa	NOUN	coverage-hole	f.acc.sg	1		2	dcs:525279
parimalām	parimala	NOUN	coverage-hole	f.acc.sg	1		2	dcs:365832
parimalāni	parimala	NOUN	coverage-hole	n.nom.pl	1		2	dcs:630347
parimāṇau	parimāṇa	NOUN	coverage-hole	m.nom.du	1		2	dcs:2612
parimāṇayā	parimāṇa	NOUN	coverage-hole	f.instr.sg	1		2	dcs:391282
pariniṣpattitaḥ	pariniṣpatti	NOUN	slot-conflict	f.abl.sg	1	pariniṣpatteḥ pariniṣpattyāḥ	2	dcs:644371
parirakṣaṇām	parirakṣaṇa	ADJ	coverage-hole	f.acc.sg	1		2	dcs:143917
paristomāni	paristoma	NOUN	coverage-hole	n.acc.pl	1		2	dcs:233257
parivarttakena	parivartaka	NOUN	slot-conflict	m.instr.sg	1	parivartakena	2	dcs:751649
parivarttanam	parivartana	NOUN	slot-conflict	n.nom.sg	1	parivartanam	2	dcs:752337
parivartāyāḥ	parivarta	NOUN	coverage-hole	f.gen.sg	1		2	dcs:725027
parivatsarāṇi	parivatsara	NOUN	coverage-hole	n.acc.pl	1		2	dcs:167109
parivāraṇau	parivāraṇa	NOUN	coverage-hole	m.nom.du	1		2	dcs:264703
parivāraṇān	parivāraṇa	NOUN	coverage-hole	m.acc.pl	1		2	dcs:186954
parivāraṇāḥ	parivāraṇa	NOUN	coverage-hole	m.nom.pl	1		2	dcs:235010
pariśavaḥ	parśu	NOUN	slot-conflict	m.nom.pl	1	parśavaḥ	2	dcs:663529
pariṇāmām	pariṇāma	NOUN	coverage-hole	f.acc.sg	1		2	dcs:574045
pariṇāyakāni	pariṇāyaka	ADJ	coverage-hole	n.nom.pl	1		2	dcs:721043
pariṣvaṅgāyāḥ	pariṣvaṅga	NOUN	coverage-hole	f.gen.sg	1		2	dcs:448747
paroḍāśān	puroḍāśa	NOUN	slot-conflict	m.acc.pl	1	puroḍāśān	2	dcs:726059
parusta	parus	NOUN	slot-conflict	n.abl.sg	1	paruṣaḥ	2	dcs:754751
paruḥsu	parus	NOUN	slot-conflict	n.loc.pl	1	paruḥṣu	2	dcs:649713
paruṣṇiyām	paruṣṇī	NOUN	slot-conflict	f.loc.sg	1	paruṣṇyām	2	dcs:647386_2
parvatebhiḥ	parvata	NOUN	slot-conflict	m.instr.pl	1	parvataiḥ	2	dcs:598689
parāntikayā	parāntaka	ADJ	coverage-hole	f.instr.sg	1		2	dcs:653508
parībhogam	paribhoga	NOUN	slot-conflict	m.acc.sg	1	paribhogam	2	dcs:465120
parīdhānā	parīdhāna	NOUN	coverage-hole	f.nom.sg	1		2	dcs:528525
parīdhānām	parīdhāna	NOUN	coverage-hole	f.acc.sg	1		2	dcs:332914
parīkṣaḥ	parīkṣā	NOUN	coverage-hole	m.nom.sg	1		2	dcs:98299
parīvārām	parīvāra	NOUN	coverage-hole	f.acc.sg	1		2	dcs:524637
parṇakāni	parṇaka	NOUN	coverage-hole	n.acc.pl	1		2	dcs:656700
parṇebhiḥ	parṇa	NOUN	slot-conflict	n.instr.pl	1	parṇaiḥ	2	dcs:609265
pastyoḥ	pastya	NOUN	untagged		1		2	dcs:611504_1
patattriṇi	patatrin	NOUN	slot-conflict	m.loc.sg	1	patatriṇi	2	dcs:629799
patattriṇā	patatrin	NOUN	slot-conflict	m.instr.sg	1	patatriṇā	2	dcs:614853
patniyām	patnī	NOUN	slot-conflict	f.loc.sg	1	patnyām	2	dcs:708200
patnīvas	patnīvat	ADJ	slot-conflict	m.voc.sg	2	patnīvan	2	dcs:729674
patrakā	pattraka	NOUN	coverage-hole	f.nom.sg	1		2	dcs:469104
patraratheṣu	pattraratha	NOUN	slot-conflict	m.loc.pl	1	pattraratheṣu	2	dcs:630724
patrau	pattra	NOUN	slot-conflict	m.acc.du	1	pattrau	2	dcs:631649
patrābhyām	pattra	NOUN	slot-conflict	m.instr.du	1	pattrābhyām	2	dcs:761514
patrām	pattra	NOUN	coverage-hole	f.acc.sg	1		2	dcs:756704
pattata	pad	NOUN	lexicon-gap	m.abl.sg	1		2	dcs:636562
patīni	pati	NOUN	coverage-hole	n.nom.pl	1		2	dcs:164359
paurvikayā	paurvika	ADJ	coverage-hole	f.instr.sg	1		2	dcs:722370
paurām	paura	NOUN	coverage-hole	f.acc.sg	1		2	dcs:517063
paurṇamāsāyām	paurṇamāsa	ADJ	coverage-hole	f.loc.sg	1		2	dcs:430771_1
pauṣṭikāyai	pauṣṭika	ADJ	coverage-hole	f.dat.sg	1		2	dcs:384904
pavitravantā	pavitravat	ADJ	slot-conflict	m.nom.du	1	pavitravantau	2	dcs:609833_1
pavīravi	pavīru	NOUN	slot-conflict	m.loc.sg	1	pavīrau	2	dcs:674207
pañcadaśāyām	pañcadaśa	ADJ	coverage-hole	f.loc.sg	2		2	dcs:337352
pañcalavaṇāḥ	pañcalavaṇa	NOUN	coverage-hole	m.nom.pl	1		2	dcs:34840
pañcamāyāḥ	pañcama	ADJ	coverage-hole	f.gen.sg	1		2	dcs:117792
pañcārcīḥ	pañcārcis	NOUN	slot-conflict	m.nom.sg	2	pañcārciḥ	2	dcs:590129
paśumāṁ	paśumat	ADJ	slot-conflict	m.nom.sg	1	paśumān	2	dcs:597716
paṅktībhiḥ	paṅkti	NOUN	slot-conflict	f.instr.pl	1	paṅktibhiḥ	2	dcs:763570
paṅktīm	paṅkti	NOUN	slot-conflict	f.acc.sg	1	paṅktim	2	dcs:753141_1
paṭukāni	paṭuka	ADJ	coverage-hole	n.acc.pl	1		2	dcs:642974
paṭṭāni	paṭṭa	NOUN	coverage-hole	n.acc.pl	1		2	dcs:396356
pebhiḥ	pā	ADJ	coverage-hole	n.instr.pl	1		2	dcs:598865_1
peśasas	peśas	NOUN	coverage-hole	f.acc.pl	1		2	dcs:596506_1
peśikam	peśikā	NOUN	coverage-hole	n.nom.sg	1		2	dcs:33903
peśāsu	peśa	NOUN	coverage-hole	f.loc.pl	1		2	dcs:595974
phalakoṣāyām	phalakośa	NOUN	coverage-hole	f.loc.sg	1		2	dcs:8268
phaṇijjhakāni	phaṇijjhakā	NOUN	coverage-hole	n.acc.pl	1		2	dcs:62207
pidhānayā	pidhāna	NOUN	coverage-hole	f.instr.sg	1		2	dcs:488973
pitryāsaḥ	pitrya	ADJ	slot-conflict	m.voc.pl	1	pitryāḥ	2	dcs:602064
piturbhyām	pituḥ	NOUN	lexicon-gap	m.abl.du	1		2	dcs:555437
pitve	pitu	NOUN	slot-conflict	m.dat.sg	1	pitave	2	dcs:102752
pitāmahebhiḥ	pitāmaha	NOUN	slot-conflict	m.instr.pl	1	pitāmahaiḥ	2	dcs:435957
piñcholāḥ	piccholā	NOUN	slot-conflict	f.acc.pl	1	piccholāḥ	2	dcs:672912
piñjūlayā	piñjūlī	NOUN	slot-conflict	f.instr.sg	1	piñjūlyā	2	dcs:754736
piślam	miśla	ADJ	slot-conflict	m.acc.sg	1	miślam	2	dcs:468744
piśācaki	piśācakin	NOUN	compound-member		1		2	dcs:590272
piśācataḥ	piśāca	NOUN	slot-conflict	m.abl.sg	1	piśācāt	2	dcs:70701_1
piṇḍamustaṃ	piṇḍamustā	NOUN	coverage-hole	n.nom.sg	1		2	dcs:366378
piṇḍītakāni	piṇḍītaka	NOUN	coverage-hole	n.nom.pl	1		2	dcs:2736
piṣām	piṣ	NOUN	lexicon-gap	m.gen.pl	1		2	dcs:552073
pliha	plihan	NOUN	compound-member		1		2	dcs:15502
poṣāyai	poṣa	NOUN	coverage-hole	f.dat.sg	1		2	dcs:70643
poṭalikam	poṭalikā	NOUN	coverage-hole	n.acc.sg	1		2	dcs:104425
prabandhāni	prabandha	NOUN	coverage-hole	n.acc.pl	1		2	dcs:629789
prabarhām	prabarha	ADJ	coverage-hole	f.acc.sg	1		2	dcs:305776
prabhedāni	prabheda	NOUN	coverage-hole	n.nom.pl	1		2	dcs:551130
prabhāsām	prabhāsa	ADJ	coverage-hole	f.acc.sg	1		2	dcs:674015_1
prabhāṇān	prabhāṇa	NOUN	lexicon-gap	m.acc.pl	1		2	dcs:63408
pracchāyā	pracchāya	NOUN	coverage-hole	f.nom.sg	1		2	dcs:447954
pracyavanī	pracyavana	ADJ	coverage-hole	f.nom.sg	1		2	dcs:647783
pradhamanā	pradhamana	NOUN	coverage-hole	f.nom.sg	1		2	dcs:403648
pradānān	pradāna	NOUN	coverage-hole	m.acc.pl	1		2	dcs:699625_1
pradāyikā	pradāyaka	ADJ	coverage-hole	f.nom.sg	1		2	dcs:560774
pradīpām	pradīpa	NOUN	coverage-hole	f.acc.sg	1		2	dcs:477362
pragāmā	pragāman	NOUN	coverage-hole	m.nom.sg	1		2	dcs:592364
praiṣāṇi	praiṣa	NOUN	coverage-hole	n.acc.pl	1		2	dcs:699203_1
prajananī	prajanana	ADJ	slot-conflict	n.nom.du	1	prajanane	2	dcs:661476
prajanva	prajanu	NOUN	slot-conflict	f.nom.pl	1	prajanavaḥ	2	dcs:637919
prakartrī	prakartṛ	ADJ	slot-conflict	f.nom.sg	1	prakartā	2	dcs:465871
prakaṭīṃ	prakaṭī	NOUN	coverage-hole	f.acc.sg	1		2	dcs:423206
praketebhiḥ	praketa	NOUN	slot-conflict	m.instr.pl	1	praketaiḥ	2	dcs:595465
prakoṣṭhām	prakoṣṭha	NOUN	coverage-hole	f.acc.sg	1		2	dcs:152700
prakṛtinā	prakṛti	NOUN	coverage-hole	m.instr.sg	1		2	dcs:467950
pralāpām	pralāpa	NOUN	coverage-hole	f.acc.sg	1		2	dcs:449606
pramādāyām	pramāda	NOUN	coverage-hole	f.loc.sg	1		2	dcs:488731
pramāpaṇām	pramāpaṇa	ADJ	coverage-hole	f.acc.sg	1		2	dcs:482628
prapathī	prapathin	NOUN	coverage-hole	m.nom.sg	1		2	dcs:603748_2
prapañcābhiḥ	prapañca	NOUN	coverage-hole	f.instr.pl	1		2	dcs:525243
prapitāmahebhiḥ	prapitāmaha	NOUN	slot-conflict	m.instr.pl	1	prapitāmahaiḥ	2	dcs:435957
prasalī	prasalavi	ADV	indeclinable		1		2	dcs:754008
prasitāsaḥ	prasita	ADJ	slot-conflict	m.nom.pl	1	prasitāḥ	2	dcs:610929
prasthānāḥ	prasthāna	NOUN	coverage-hole	m.nom.pl	1		2	dcs:280442
prasādāni	prasāda	NOUN	coverage-hole	n.acc.pl	1		2	dcs:466757
prasṛtinā	prasṛti	NOUN	coverage-hole	m.instr.sg	1		2	dcs:71958
prathamasyām	prathama	ADJ	coverage-hole	f.loc.sg	1		2	dcs:696808
prathamāsaḥ	prathama	ADJ	slot-conflict	m.nom.pl	1	prathamāḥ	2	dcs:609384_2
pratidanti	pratidantin	NOUN	compound-member		1		2	dcs:359413
pratigrahītṛta	pratigrahītṛ	ADJ	slot-conflict	m.abl.sg	1	pratigrahītuḥ	2	dcs:745685
pratigrāhikām	pratigrāhaka	ADJ	coverage-hole	f.acc.sg	1		2	dcs:653047
pratikarmā	pratikarman	NOUN	coverage-hole	f.nom.sg	1		2	dcs:524781
pratimāt	pratimā	NOUN	coverage-hole	n.abl.sg	1		2	dcs:307593
pratiniḥsargāyai	pratiniḥsarga	NOUN	coverage-hole	f.dat.sg	1		2	dcs:666796
pratipādanā	pratipādana	ADJ	coverage-hole	f.nom.sg	1		2	dcs:464116_2
pratisaṃmodana	pratisammodana	NOUN	compound-member		1		2	dcs:667370
pratisaṃmodanaṃ	pratisammodana	NOUN	slot-conflict	n.acc.sg	1	pratisammodanam	2	dcs:657873
pratisāraṇāṃ	pratisāraṇa	NOUN	coverage-hole	f.acc.sg	1		2	dcs:67937
pratiśrutkāni	pratiśrutkā	NOUN	coverage-hole	n.nom.pl	1		2	dcs:387538
pratiṣeddhāraḥ	pratiṣeddhṛ	ADJ	coverage-hole	m.nom.pl	1		2	dcs:180496
pratiṣeddhāraṃ	pratiṣeddhṛ	ADJ	coverage-hole	m.acc.sg	1		2	dcs:177442
pratiṣevaṇām	pratiṣevaṇa	NOUN	coverage-hole	f.acc.sg	1		2	dcs:436167
pratiṣevaṇāḥ	pratiṣevaṇa	NOUN	coverage-hole	f.acc.pl	1		2	dcs:436064
pratyavarohaṇata	pratyavarohaṇa	NOUN	slot-conflict	n.abl.sg	1	pratyavarohaṇāt	2	dcs:673669
pratyekasmin	pratyeka	ADJ	slot-conflict	n.loc.sg	1	pratyeke	2	dcs:656099
pratīrūpasya	pratirūpa	NOUN	slot-conflict	n.gen.sg	1	pratirūpasya	2	dcs:648606_1
pravapanau	pravapana	NOUN	lexicon-gap	m.acc.du	1		2	dcs:102279_1
pravayaṇataḥ	pravayaṇa	NOUN	slot-conflict	n.abl.sg	1	pravayaṇāt	2	dcs:651041
praveśakāni	praveśaka	NOUN	coverage-hole	n.nom.pl	1		2	dcs:657894
praveśāṇi	praveśa	NOUN	coverage-hole	n.acc.pl	1		2	dcs:9694
pravāhikāt	pravāhikā	NOUN	coverage-hole	m.abl.sg	1		2	dcs:32773
pravṛttīni	pravṛtti	NOUN	coverage-hole	n.nom.pl	1		2	dcs:62511
prayantārā	prayantṛ	ADJ	slot-conflict	m.nom.du	1	prayantārau	2	dcs:598395
prayojanau	prayojana	NOUN	coverage-hole	m.nom.du	1		2	dcs:62242
prayojanān	prayojana	NOUN	coverage-hole	m.acc.pl	1		2	dcs:218301
praśamanī	praśamana	ADJ	coverage-hole	f.nom.sg	1		2	dcs:644041
praṇayanī	praṇayana	ADJ	coverage-hole	f.nom.sg	1		2	dcs:755759
praṇayām	praṇaya	NOUN	coverage-hole	f.acc.sg	1		2	dcs:582707
praṇālikāni	praṇālikā	NOUN	coverage-hole	n.nom.pl	1		2	dcs:342728
prekṣam	prekṣā	NOUN	coverage-hole	n.acc.sg	1		2	dcs:538778
prekṣasya	prekṣā	NOUN	coverage-hole	m.gen.sg	1		2	dcs:120460
prekṣaṇā	prekṣaṇa	NOUN	coverage-hole	f.nom.sg	1		2	dcs:387108
prekṣaṇābhiḥ	prekṣaṇa	ADJ	coverage-hole	f.instr.pl	1		2	dcs:33984
prepsuvoḥ	prepsu	ADJ	slot-conflict	m.gen.du	1	prepsvoḥ	2	dcs:250079
pretinā	preti	NOUN	coverage-hole	m.instr.sg	1		2	dcs:717045
pretārā	pretṛ	ADJ	slot-conflict	m.nom.du	1	pretārau	2	dcs:598799_1
preyāṃsaḥ	preyas	ADJ	coverage-hole	m.nom.pl	2		2	dcs:103042
priyasāsa	priyasa	ADJ	slot-conflict	m.nom.pl	1	priyasāḥ	2	dcs:608915
priyebhiḥ	priya	ADJ	slot-conflict	m.instr.pl	2	priyaiḥ	2	dcs:597714
protsāhanām	protsāhana	NOUN	coverage-hole	f.acc.sg	1		2	dcs:725251
proṣṭhapadyāḥ	proṣṭhapada	NOUN	coverage-hole	f.gen.sg	1		2	dcs:431438_1
prābhavām	prābhava	NOUN	coverage-hole	f.acc.sg	1		2	dcs:573298
prācetasīm	prācetasa	ADJ	coverage-hole	f.acc.sg	1		2	dcs:630163
prādurbhyām	prādur	NOUN	coverage-hole	m.abl.du	1		2	dcs:555439
prādurbhāvāni	prādurbhāva	NOUN	coverage-hole	n.nom.pl	1		2	dcs:667327
prāgbhārām	prāgbhāra	NOUN	coverage-hole	f.acc.sg	1		2	dcs:656314
prāgbhārāṇi	prāgbhāra	NOUN	coverage-hole	n.nom.pl	1		2	dcs:655370
prākāśyā	prākāśya	NOUN	coverage-hole	f.nom.sg	1		2	dcs:666622
prāpām	prāpa	NOUN	coverage-hole	f.acc.sg	1		2	dcs:449292
prārthanān	prārthanā	NOUN	coverage-hole	m.acc.pl	1		2	dcs:567524
prātassavanena	prātaḥsavana	NOUN	slot-conflict	n.instr.sg	1	prātaḥsavanena	2	dcs:663197
prāvāhaṇya	prāvāhaṇi	NOUN	coverage-hole	f.nom.pl	1		2	dcs:565038
prāśanān	prāśana	NOUN	coverage-hole	m.acc.pl	1		2	dcs:113080
psarāḥ	psaras	NOUN	coverage-hole	m.nom.sg	1		2	dcs:609083_1
pucchataḥ	puccha	NOUN	slot-conflict	n.abl.sg	1	pucchāt	2	dcs:756372
pulkaśāḥ	pulkasa	NOUN	slot-conflict	m.nom.pl	1	pulkasāḥ	2	dcs:89168
punarvasūbhyāṃ	punarvasu	NOUN	slot-conflict	m.dat.du	1	punarvasubhyām	2	dcs:367372
purasaḥ	puras	NOUN	coverage-hole	m.abl.sg	1		2	dcs:553082
purasoḥ	puras	NOUN	coverage-hole	m.gen.du	1		2	dcs:555392
purassade	puraḥsad	ADJ	slot-conflict	m.dat.sg	1	puraḥsade	2	dcs:736059
puraścaraṇataḥ	puraścaraṇa	NOUN	slot-conflict	n.abl.sg	2	puraścaraṇāt	2	dcs:498681
purogavāsaḥ	purogava	NOUN	slot-conflict	m.nom.pl	1	purogavāḥ	2	dcs:652566
purolāśam	puroḍāśa	NOUN	slot-conflict	m.acc.sg	1	puroḍāśam	2	dcs:697142_1
purolāśe	puroḍāśa	NOUN	slot-conflict	m.loc.sg	1	puroḍāśe	2	dcs:697126_1
puronuvākyaḥ	puronuvākyā	NOUN	coverage-hole	m.nom.sg	1		2	dcs:743500
puronuvākyeṣu	puronuvākyā	NOUN	coverage-hole	m.loc.pl	1		2	dcs:741134
puroḍā	puroḍāś	NOUN	slot-conflict	m.nom.sg	1	puroḍāṭ	2	dcs:597137
purujātitaḥ	purujāti	NOUN	slot-conflict	m.abl.sg	1	purujāteḥ	2	dcs:760282
puruṇīthā	puruṇītha	NOUN	slot-conflict	n.acc.pl	1	puruṇīthāni	2	dcs:602231
purīṣān	purīṣa	NOUN	coverage-hole	m.acc.pl	1		2	dcs:150988
purūtamāsaḥ	purutama	ADJ	slot-conflict	m.nom.pl	1	purutamāḥ	2	dcs:606106
pustakām	pustaka	NOUN	coverage-hole	f.acc.sg	1		2	dcs:339205
putravantya	putravat	ADJ	coverage-hole	f.nom.pl	1		2	dcs:752392
puṅkhābhiḥ	puṅkha	NOUN	coverage-hole	f.instr.pl	1		2	dcs:580255
puṇḍari	puṇḍarin	NOUN	compound-member		1		2	dcs:701453
puṣkarasārim	puṣkarasārī	NOUN	slot-conflict	f.acc.sg	1	puṣkarasārīm	2	dcs:668157
puṣkasa	pukkasa	NOUN	compound-member		1		2	dcs:666596
puṣpadāmā	puṣpadāman	NOUN	coverage-hole	m.nom.sg	1		2	dcs:348614
puṣparāgāṇi	puṣparāga	NOUN	coverage-hole	n.nom.pl	1		2	dcs:342774
puṣṭimāṁ	puṣṭimat	ADJ	slot-conflict	m.nom.sg	1	puṣṭimān	2	dcs:716504
puṣṭinā	puṣṭi	NOUN	slot-conflict	f.instr.sg	1	puṣṭyā	2	dcs:687893
pādapāni	pādapa	NOUN	coverage-hole	n.acc.pl	1		2	dcs:477484
pākayajñānt	pākayajña	NOUN	slot-conflict	m.acc.pl	1	pākayajñān	2	dcs:431043_1
pākhaṇḍinā	pāṣaṇḍin	ADJ	slot-conflict	m.instr.sg	1	pāṣaṇḍinā	2	dcs:621455
pākṣikām	pākṣika	ADJ	coverage-hole	f.acc.sg	1		2	dcs:322650
pālākalasya	pālāgala	NOUN	slot-conflict	m.gen.sg	1	pālāgalasya	2	dcs:695238
pālākalīm	pālāgalī	NOUN	slot-conflict	f.acc.sg	1	pālāgalīm	2	dcs:696283
pālāśābhiḥ	pālāśa	ADJ	coverage-hole	f.instr.pl	2		2	dcs:62261
pālāśāyām	pālāśa	ADJ	coverage-hole	f.loc.sg	2		2	dcs:7699
pāpacelikam	pāpacelikā	NOUN	coverage-hole	n.acc.sg	1		2	dcs:64901
pāpīyāṃsau	pāpīyas	ADJ	coverage-hole	m.nom.du	1		2	dcs:663395
pāradāri	pāradārin	NOUN	compound-member		1		2	dcs:82635
pāratalpikān	pāratalpika	ADJ	coverage-hole	m.acc.pl	1		2	dcs:465670
pāraṃparya	pāramparya	NOUN	compound-member		1		2	dcs:751909
pāraṃparyāt	pāramparya	NOUN	slot-conflict	n.abl.sg	2	pāramparyāt	2	dcs:768305
pāribarhāni	pāribarha	NOUN	coverage-hole	n.acc.pl	1		2	dcs:171021
pāribhāṣikām	pāribhāṣika	ADJ	coverage-hole	f.acc.sg	2		2	dcs:7736
pārthām	pārtha	NOUN	coverage-hole	f.acc.sg	1		2	dcs:580748
pārāsaḥ	pāra	NOUN	slot-conflict	m.nom.pl	1	pārāḥ	2	dcs:597450
pātheyā	pātheya	NOUN	coverage-hole	f.nom.sg	1		2	dcs:619124
pāvakebhiḥ	pāvaka	ADJ	slot-conflict	m.instr.pl	1	pāvakaiḥ	2	dcs:600136_1
pāvamānābhiḥ	pāvamāna	ADJ	coverage-hole	f.instr.pl	1		2	dcs:490349_1
pāyuni	pāyu	NOUN	coverage-hole	n.loc.sg	1		2	dcs:15892
pāśupatām	pāśupata	ADJ	coverage-hole	f.acc.sg	2		2	dcs:372629
pāṃsukān	pāṃsuka	NOUN	coverage-hole	m.acc.pl	1		2	dcs:217284
pāṃśulena	pāṃsula	ADJ	slot-conflict	n.instr.sg	1	pāṃsulena	2	dcs:629619
pāṇitaḥ	pāṇi	NOUN	slot-conflict	m.abl.sg	1	pāṇeḥ	2	dcs:730567_1
pāṣāṇabhedinī	pāṣāṇabhedin	NOUN	coverage-hole	f.nom.sg	1		2	dcs:50966
pāṭhanām	pāṭhana	NOUN	coverage-hole	f.acc.sg	1		2	dcs:527865
pīnasām	pīnasa	NOUN	coverage-hole	f.acc.sg	1		2	dcs:40133
pīṭhikam	pīṭhikā	NOUN	coverage-hole	n.nom.sg	1		2	dcs:562197
pūjau	pūjā	NOUN	coverage-hole	m.nom.du	1		2	dcs:290478
pūlyān	pūlya	NOUN	coverage-hole	m.acc.pl	1		2	dcs:72951
pūrvadakṣiṇataḥ	pūrvadakṣiṇa	ADJ	slot-conflict	m.abl.sg	1	pūrvadakṣiṇāt	2	dcs:390042
pūrṇāyūḥ	pūrṇāyus	NOUN	slot-conflict	m.nom.sg	1	pūrṇāyuḥ	2	dcs:343826
pṛdākvam	pṛdākū	NOUN	slot-conflict	f.acc.sg	1	pṛdākūm	2	dcs:638503
pṛthaktvataḥ	pṛthaktva	NOUN	slot-conflict	n.abl.sg	1	pṛthaktvāt	2	dcs:741404
pṛthuroma	pṛthuroman	NOUN	compound-member		1		2	dcs:357140
pṛthviyāṃ	pṛthvī	NOUN	slot-conflict	f.loc.sg	1	pṛthvyām	2	dcs:674182
pṛthyā	pṛthi	NOUN	slot-conflict	m.gen.sg	1	pṛtheḥ	2	dcs:612438
pṛtsuṣu	pṛt	NOUN	coverage-hole	?.loc.pl	1		2	dcs:594620
pṛśanāyuvaḥ	pṛśanāyu	ADJ	slot-conflict	f.nom.pl	1	pṛśanāyavaḥ	2	dcs:593551
pṛṣanta	pṛṣat	ADJ	slot-conflict	m.nom.pl	1	pṛṣataḥ	2	dcs:696392
pṛṣantaṃ	pṛṣat	ADJ	slot-conflict	m.acc.sg	1	pṛṣatam	2	dcs:598922
pṛṣataya	pṛṣatī	NOUN	slot-conflict	f.nom.pl	1	pṛṣatyaḥ	2	dcs:669664
pṛṣṭhāsaḥ	pṛṣṭha	NOUN	coverage-hole	m.nom.pl	1		2	dcs:606015
rabhasvāṁ	rabhasvat	ADJ	slot-conflict	m.nom.sg	1	rabhasvān	2	dcs:609342_1
rabhasāsaḥ	rabhasa	ADJ	slot-conflict	m.nom.pl	2	rabhasāḥ	2	dcs:595374
rabhīyāṃsau	rabhīyas	ADJ	coverage-hole	m.acc.du	1		2	dcs:742355
radani	radanin	NOUN	compound-member		1		2	dcs:24085
raeḥ	rai	NOUN	slot-conflict	m.gen.sg	2	rāyaḥ	2	dcs:462312
raivatāsaḥ	raivata	ADJ	slot-conflict	m.nom.pl	1	raivatāḥ	2	dcs:600128_1
raktikaiḥ	raktikā	NOUN	coverage-hole	m.voc.sg	1		2	dcs:392458
raktikaṃ	raktikā	NOUN	coverage-hole	n.acc.sg	1		2	dcs:356930
rakṣitārā	rakṣitṛ	ADJ	slot-conflict	m.nom.du	1	rakṣitārau	2	dcs:596592
ratnakūṭataḥ	ratnakūṭa	NOUN	slot-conflict	n.abl.sg	1	ratnakūṭāt	2	dcs:625080
ratnasaṃbhavaṃ	ratnasambhava	NOUN	coverage-hole	n.nom.sg	1		2	dcs:722939
ratnayā	ratna	NOUN	coverage-hole	f.instr.sg	1		2	dcs:91736
ratnāsu	ratna	NOUN	coverage-hole	f.loc.pl	1		2	dcs:524913
ratīni	rati	NOUN	coverage-hole	n.acc.pl	1		2	dcs:358557
raukṣyāḥ	raukṣya	NOUN	coverage-hole	m.nom.pl	1		2	dcs:150505
rauravakāḥ	rauravaka	NOUN	coverage-hole	m.nom.pl	1		2	dcs:535511
raviṇas	ravi	NOUN	coverage-hole	n.gen.sg	1		2	dcs:428118
ravāṇi	rava	NOUN	coverage-hole	n.acc.pl	1		2	dcs:236191
rayiṣācaḥ	rayiṣac	ADJ	slot-conflict	m.nom.pl	1	rayiṣacaḥ	2	dcs:595591
raśmiyoḥ	raśmi	NOUN	slot-conflict	m.gen.du	1	raśmyoḥ	2	dcs:81327
raśmiṇi	raśmi	NOUN	coverage-hole	n.loc.sg	1		2	dcs:87968
rikthām	riktha	NOUN	coverage-hole	f.acc.sg	1		2	dcs:752227
rogataḥ	roga	NOUN	slot-conflict	m.abl.sg	1	rogāt	2	dcs:622392
rogāṇi	roga	NOUN	coverage-hole	n.acc.pl	1		2	dcs:111843
rohitāsa	rohita	ADJ	slot-conflict	m.nom.pl	1	rohitāḥ	2	dcs:598086
romaphalaṃ	romaphalā	NOUN	coverage-hole	n.nom.sg	1		2	dcs:43832
romarājinā	romarāji	NOUN	coverage-hole	n.instr.sg	1		2	dcs:358376
rudraśarma	rudraśarman	NOUN	compound-member		1		2	dcs:616389
rukmāṁ	rukma	NOUN	slot-conflict	m.acc.pl	1	rukmān	2	dcs:593230_2
ruśadgavi	ruśadgu	ADJ	slot-conflict	m.loc.sg	1	ruśadgau	2	dcs:600220
rājinī	rājin	ADJ	coverage-hole	n.nom.du	1		2	dcs:364193
rākṣasayā	rākṣasa	ADJ	coverage-hole	f.instr.sg	2		2	dcs:137513
rāmaśarma	rāmaśarman	NOUN	compound-member		1		2	dcs:364080
rāsabhām	rāsabha	NOUN	coverage-hole	f.acc.sg	1		2	dcs:521280
rāthyebhiḥ	rāthya	NOUN	slot-conflict	n.instr.pl	1	rāthyaiḥ	2	dcs:595090
rātriṃdivasān	rātriṃdivasa	NOUN	coverage-hole	m.acc.pl	1		2	dcs:657507
rāṣṭrām	rāṣṭra	NOUN	coverage-hole	f.acc.sg	1		2	dcs:121950
rāṣṭrāyām	rāṣṭra	NOUN	coverage-hole	f.loc.sg	1		2	dcs:764385
sadassu	sadas	NOUN	slot-conflict	n.loc.pl	1	sadaḥsu	2	dcs:603378
sadhamādyāsaḥ	sadhamādya	ADJ	slot-conflict	m.nom.pl	1	sadhamādyāḥ	2	dcs:611711
sadhryañcā	sadhryañc	ADJ	coverage-hole	m.nom.du	1		2	dcs:594058
sadhrīm	sadhri	ADJ	slot-conflict	m.acc.sg	1	sadhrim	2	dcs:596056
sadāmattakā	sadāmattaka	NOUN	coverage-hole	m.nom.pl	1		2	dcs:657315
sadṛkṣāsaḥ	sadṛkṣa	ADJ	slot-conflict	m.nom.pl	1	sadṛkṣāḥ	2	dcs:684466
saharṣīṃ	saharṣa	ADJ	coverage-hole	f.acc.sg	1		2	dcs:102541
sahasraṃbharaḥ	sahasrambhara	ADJ	slot-conflict	m.nom.sg	1	sahasrambharaḥ	2	dcs:682780
sahasrām	sahasra	NUM	coverage-hole	f.acc.sg	1		2	dcs:183133_1
sahasrārcīḥ	sahasrārcis	NOUN	slot-conflict	m.nom.sg	2	sahasrārciḥ	2	dcs:557798
sahāṃpatinā	sahāmpati	NOUN	slot-conflict	m.instr.sg	1	sahāmpatinā	2	dcs:721005
sahīyā	sahīyas	ADJ	coverage-hole	f.nom.sg	1		2	dcs:478642
saidhrakīṃ	saidhraka	ADJ	coverage-hole	f.acc.sg	1		2	dcs:425091
sakthyaḥ	sakthi	NOUN	coverage-hole	f.nom.pl	1		2	dcs:764191
sambhyaḥ	sam	ADP	coverage-hole	m.abl.pl	1		2	dcs:552505
sambhyām	sam	ADP	coverage-hole	m.abl.du	1		2	dcs:553965
sambhārataḥ	sambhāra	NOUN	slot-conflict	m.abl.sg	1	sambhārāt	2	dcs:632938
sambhāṣaṇā	sambhāṣaṇa	NOUN	coverage-hole	f.nom.sg	1		2	dcs:447915
sameddhā	sameddhṛ	ADJ	coverage-hole	m.nom.sg	1		2	dcs:701177
samithāni	samitha	NOUN	coverage-hole	n.acc.pl	1		2	dcs:593074
sammātarā	saṃmātṛ	ADJ	lexicon-gap	m.nom.du	1		2	dcs:611982
sampādayitrīṃ	sampādayitṛ	ADJ	slot-conflict	f.acc.sg	1	sampādayitāram	2	dcs:485115
samudbhavāni	samudbhava	NOUN	coverage-hole	n.acc.pl	1		2	dcs:15411
samudrāsaḥ	samudra	NOUN	slot-conflict	m.nom.pl	1	samudrāḥ	2	dcs:608509_2
samutthānau	samutthāna	NOUN	coverage-hole	m.acc.du	1		2	dcs:13144
samyaksaṃbuddhayoḥ	samyaksambuddha	ADJ	slot-conflict	m.gen.du	1	samyaksambuddhayoḥ	2	dcs:724664
samākhyam	samākhyā	NOUN	coverage-hole	m.acc.sg	1		2	dcs:61530
samānasmāt	samāna	ADJ	slot-conflict	n.abl.sg	1	samānāt	2	dcs:600510
samāpanīḥ	samāpana	ADJ	coverage-hole	f.acc.pl	1		2	dcs:71165
samūhāni	samūha	NOUN	coverage-hole	n.acc.pl	1		2	dcs:124364
sanīyān	sanīyas	ADJ	coverage-hole	m.nom.sg	1		2	dcs:670544
sanīḍebhiḥ	sanīḍa	ADJ	slot-conflict	m.instr.pl	1	sanīḍaiḥ	2	dcs:611585
sapiṇḍāyā	sapiṇḍa	ADJ	coverage-hole	f.gen.sg	1		2	dcs:447564
saptapañcāśatī	saptapañcāśat	NOUN	slot-conflict	f.nom.sg	2	saptapañcāśat	2	dcs:27910
saptarātrikī	saptarātrika	ADJ	coverage-hole	f.nom.sg	1		2	dcs:764306
saptīvantā	saptīvat	ADJ	slot-conflict	m.acc.du	1	saptīvantau	2	dcs:603511
sarajantam	sarajat	ADJ	slot-conflict	m.acc.sg	1	sarajatam	2	dcs:611935
sarjikaḥ	sarjikā	NOUN	coverage-hole	m.nom.sg	1		2	dcs:404362
sarvatomukhāyai	sarvatomukha	ADJ	coverage-hole	f.dat.sg	2		2	dcs:540980
sasthāvānā	sasthāvan	ADJ	slot-conflict	m.acc.du	1	sasthāvānau	2	dcs:605309
satomahānta	satomahat	ADJ	coverage-hole	m.nom.pl	1		2	dcs:605064
sattrām	sattra	NOUN	coverage-hole	f.acc.sg	1		2	dcs:526522
sattrān	sattra	NOUN	coverage-hole	m.acc.pl	1		2	dcs:631235
satyavarmaṇau	satyavarman	NOUN	slot-conflict	m.nom.du	1	satyavarmāṇau	2	dcs:487445
saubhāgyā	saubhāgya	NOUN	coverage-hole	f.nom.sg	1		2	dcs:364791
saudhanvanebhiḥ	saudhanvana	NOUN	slot-conflict	m.instr.pl	1	saudhanvanaiḥ	2	dcs:597842
saumāraudrīm	saumāraudra	ADJ	coverage-hole	f.acc.sg	1		2	dcs:680104
sauṣṭhavāḥ	sauṣṭhava	NOUN	coverage-hole	f.nom.pl	1		2	dcs:394473
savyetarataḥ	savyetara	ADJ	slot-conflict	m.abl.sg	1	savyetarāt	2	dcs:93536
saṃbahulaiḥ	sambahula	ADJ	slot-conflict	m.instr.pl	1	sambahulaiḥ	2	dcs:655011
saṃbandhakāt	sambandhaka	ADJ	slot-conflict	n.abl.sg	1	sambandhakāt	2	dcs:240667
saṃbandheṣu	sambandha	NOUN	slot-conflict	m.loc.pl	1	sambandheṣu	2	dcs:744828_1
saṃbandhini	sambandhin	ADJ	slot-conflict	n.loc.sg	1	sambandhini	2	dcs:772413
saṃbandhinyāṃ	sambandhin	ADJ	coverage-hole	f.loc.sg	1		2	dcs:773176
saṃbandhām	sambandha	NOUN	coverage-hole	f.acc.sg	1		2	dcs:746150
saṃbandhāni	sambandha	NOUN	slot-conflict	n.nom.pl	1	sambandhāni	2	dcs:745880
saṃbhalasya	sambhala	NOUN	slot-conflict	m.gen.sg	1	sambhalasya	2	dcs:640867
saṃbhalaḥ	sambhala	NOUN	slot-conflict	m.nom.sg	2	sambhalaḥ	2	dcs:633854
saṃbhalaṃ	sambhala	NOUN	slot-conflict	m.acc.sg	1	sambhalam	2	dcs:72221
saṃbhale	sambhala	NOUN	slot-conflict	m.loc.sg	1	sambhale	2	dcs:640868
saṃbhalāyai	sambhala	NOUN	coverage-hole	f.dat.sg	1		2	dcs:640644
saṃbharaṇam	sambharaṇa	NOUN	slot-conflict	n.nom.sg	1	sambharaṇam	2	dcs:771341
saṃbhedāt	sambheda	NOUN	slot-conflict	m.abl.sg	2	sambhedāt	2	dcs:686979
saṃbhogaiḥ	sambhoga	NOUN	slot-conflict	m.instr.pl	1	sambhogaiḥ	2	dcs:614778
saṃbhogaṃ	sambhoga	NOUN	slot-conflict	m.acc.sg	1	sambhogam	2	dcs:755808
saṃbhogena	sambhoga	NOUN	slot-conflict	m.instr.sg	1	sambhogena	2	dcs:752347
saṃbhogā	sambhoga	NOUN	coverage-hole	f.nom.sg	1		2	dcs:623054
saṃbhojanāt	sambhojana	NOUN	slot-conflict	n.abl.sg	1	sambhojanāt	2	dcs:674304
saṃbhramāḥ	sambhrama	NOUN	coverage-hole	f.nom.pl	1		2	dcs:617768
saṃbhrāntyā	sambhrānti	NOUN	slot-conflict	f.instr.sg	1	sambhrāntyā	2	dcs:349015
saṃbhārām	sambhāra	NOUN	coverage-hole	f.acc.sg	1		2	dcs:520243
saṃbhāvanānām	sambhāvanā	NOUN	slot-conflict	f.gen.pl	1	sambhāvanānām	2	dcs:630394
saṃbhāvanāyāḥ	sambhāvanā	NOUN	slot-conflict	f.gen.sg	1	sambhāvanāyāḥ	2	dcs:616610
saṃbhūtiṣu	sambhūti	NOUN	slot-conflict	f.loc.pl	1	sambhūtiṣu	2	dcs:513516
saṃbādheṣu	sambādha	NOUN	slot-conflict	m.loc.pl	1	sambādheṣu	2	dcs:436533
saṃbādhām	sambādha	NOUN	coverage-hole	f.acc.sg	1		2	dcs:767549
saṃdeśataḥ	saṃdeśa	NOUN	slot-conflict	m.abl.sg	1	saṃdeśāt	2	dcs:616443
saṃdṛśī	saṃdṛś	NOUN	coverage-hole	n.nom.du	1		2	dcs:647364_2
saṃghām	saṃgha	NOUN	coverage-hole	f.acc.sg	1		2	dcs:264984
saṃgrahām	saṃgraha	NOUN	coverage-hole	f.acc.sg	1		2	dcs:573118
saṃgrahītri	saṃgrahītṛ	ADJ	slot-conflict	f.voc.sg	1	saṃgrahītar	2	dcs:166247
saṃjñikaḥ	saṃjñikā	NOUN	coverage-hole	m.nom.sg	1		2	dcs:361679
saṃkarīkaraṇāḥ	saṃkarīkaraṇa	NOUN	coverage-hole	m.nom.pl	1		2	dcs:443004
saṃketāni	saṃketa	NOUN	coverage-hole	n.nom.pl	1		2	dcs:645895
saṃkocām	saṃkoca	NOUN	coverage-hole	f.acc.sg	1		2	dcs:533918
saṃkramām	saṃkrama	NOUN	coverage-hole	f.acc.sg	1		2	dcs:246062
saṃkrāntitaḥ	saṃkrānti	NOUN	slot-conflict	f.abl.sg	1	saṃkrānteḥ saṃkrāntyāḥ	2	dcs:644853
saṃmadāḥ	sammada	NOUN	slot-conflict	m.nom.pl	1	sammadāḥ	2	dcs:469635
saṃmanasaṃ	sammanas	ADJ	slot-conflict	m.acc.sg	1	sammanasam	2	dcs:649279
saṃmanāḥ	sammanas	ADJ	slot-conflict	m.nom.sg	1	sammanāḥ	2	dcs:634307
saṃmarśanasya	sammarśana	NOUN	slot-conflict	n.gen.sg	1	sammarśanasya	2	dcs:496230
saṃmarśanāt	sammarśana	NOUN	slot-conflict	n.abl.sg	1	sammarśanāt	2	dcs:697681
saṃmohanī	sammohana	ADJ	coverage-hole	f.nom.sg	1		2	dcs:655223
saṃmohāḥ	sammoha	NOUN	slot-conflict	m.nom.pl	1	sammohāḥ	2	dcs:26946
saṃmukhasya	sammukha	ADJ	slot-conflict	m.gen.sg	1	sammukhasya	2	dcs:553583
saṃmukhāni	sammukha	ADJ	slot-conflict	n.nom.pl	1	sammukhāni	2	dcs:728429
saṃmukhāṃ	sammukha	ADJ	coverage-hole	f.acc.sg	1		2	dcs:496527
saṃmārjanāya	sammārjana	NOUN	slot-conflict	n.dat.sg	1	sammārjanāya	2	dcs:697742
saṃmīlyena	sammīlya	NOUN	slot-conflict	n.instr.sg	1	sammīlyena	2	dcs:751498
saṃnidhānāḥ	saṃnidhāna	NOUN	coverage-hole	m.nom.pl	1		2	dcs:480072
saṃpakva	sampakva	ADJ	compound-member		1		2	dcs:764876
saṃpatnīyaṃ	sampatnīya	NOUN	slot-conflict	m.acc.sg	1	sampatnīyam	2	dcs:747076
saṃpattaye	sampatti	NOUN	slot-conflict	f.dat.sg	1	sampattaye sampattyai	2	dcs:725892
saṃpattyai	sampatti	NOUN	slot-conflict	f.dat.sg	1	sampattaye sampattyai	2	dcs:673226
saṃpeṣaṇa	sampeṣaṇa	NOUN	compound-member		1		2	dcs:747803
saṃpibaḥ	sampiba	ADJ	slot-conflict	m.nom.sg	1	sampibaḥ	2	dcs:636596
saṃpradānāt	sampradāna	NOUN	slot-conflict	n.abl.sg	1	sampradānāt	2	dcs:768972
saṃpraiṣaiḥ	sampraiṣa	NOUN	slot-conflict	m.instr.pl	1	sampraiṣaiḥ	2	dcs:754427
saṃpraiṣasya	sampraiṣa	NOUN	slot-conflict	m.gen.sg	1	sampraiṣasya	2	dcs:729704
saṃpraiṣān	sampraiṣa	NOUN	slot-conflict	m.acc.pl	1	sampraiṣān	2	dcs:755990
saṃprakāśakaḥ	samprakāśaka	ADJ	slot-conflict	m.nom.sg	1	samprakāśakaḥ	2	dcs:668985
saṃprakāśakāḥ	samprakāśaka	ADJ	slot-conflict	m.nom.pl	1	samprakāśakāḥ	2	dcs:721324
saṃpramoṣaṃ	sampramoṣa	NOUN	slot-conflict	m.acc.sg	1	sampramoṣam	2	dcs:725512
saṃprasādāt	samprasāda	NOUN	slot-conflict	m.abl.sg	1	samprasādāt	2	dcs:668228
saṃprasāraṇam	samprasāraṇa	NOUN	slot-conflict	n.nom.sg	1	samprasāraṇam	2	dcs:554028
saṃpratipattau	sampratipatti	NOUN	slot-conflict	f.loc.sg	1	sampratipattau sampratipattyām	2	dcs:771821
saṃpratipatti	sampratipatti	NOUN	compound-member		1		2	dcs:771642
saṃpratyayaṃ	sampratyaya	NOUN	slot-conflict	m.acc.sg	1	sampratyayam	2	dcs:772822
saṃpraśna	sampraśna	NOUN	compound-member		1		2	dcs:552674
saṃprekṣakā	samprekṣaka	ADJ	slot-conflict	m.nom.pl	1	samprekṣakāḥ	2	dcs:765673
saṃpreṣam	sampreṣa	NOUN	slot-conflict	m.acc.sg	1	sampreṣam	2	dcs:755952
saṃpreṣaṇam	sampreṣaṇa	NOUN	slot-conflict	n.nom.sg	1	sampreṣaṇam	2	dcs:642618
saṃpuṣṭyai	sampuṣṭi	NOUN	slot-conflict	f.dat.sg	1	sampuṣṭaye sampuṣṭyai	2	dcs:726509_1
saṃpuṭau	sampuṭa	NOUN	slot-conflict	m.nom.du	1	sampuṭau	2	dcs:724049
saṃpādakam	sampādaka	ADJ	slot-conflict	m.acc.sg	1	sampādakam	2	dcs:629874
saṃpāraṇāya	sampāraṇa	NOUN	slot-conflict	n.dat.sg	1	sampāraṇāya	2	dcs:685691
saṃpātānām	sampāta	NOUN	slot-conflict	m.gen.pl	1	sampātānām	2	dcs:726548
saṃpīḍām	sampīḍa	NOUN	coverage-hole	f.acc.sg	1		2	dcs:104057
saṃpīḍāḥ	sampīḍa	NOUN	slot-conflict	m.nom.pl	1	sampīḍāḥ	2	dcs:770197
saṃpūjitena	sampūjita	NOUN	slot-conflict	m.instr.sg	1	sampūjitena	2	dcs:666443
saṃpūrṇaḥ	sampūrṇa	NOUN	slot-conflict	m.nom.sg	2	sampūrṇaḥ	2	dcs:641925
saṃrādhanī	saṃrādhana	ADJ	coverage-hole	f.nom.sg	1		2	dcs:434882
saṃrāje	samrāj	NOUN	slot-conflict	m.dat.sg	1	samrāje	2	dcs:674005
saṃsargataḥ	saṃsarga	NOUN	slot-conflict	m.abl.sg	1	saṃsargāt	2	dcs:388345
saṃskārāṇi	saṃskāra	NOUN	coverage-hole	n.nom.pl	1		2	dcs:392131
saṃsmaraṇā	saṃsmaraṇa	NOUN	coverage-hole	f.nom.sg	1		2	dcs:629835
saṃtoṣaṇāyai	saṃtoṣaṇa	NOUN	coverage-hole	f.dat.sg	1		2	dcs:666889
saṃvahanāḥ	saṃvahana	NOUN	coverage-hole	m.nom.pl	1		2	dcs:549911
saṃvardhayitrīṃ	saṃvardhayitṛ	ADJ	slot-conflict	f.acc.sg	1	saṃvardhayitāram	2	dcs:478476
saṃvvatsare	saṃvatsara	NOUN	slot-conflict	m.loc.sg	1	saṃvatsare	2	dcs:565141_6
saṃvāhanām	saṃvāhana	NOUN	coverage-hole	f.acc.sg	1		2	dcs:523100
saṃyavanī	saṃyavana	ADJ	coverage-hole	f.nom.sg	1		2	dcs:747807
saṭālu	śalāṭu	NOUN	compound-member		1		2	dcs:424037
senāsaḥ	senā	NOUN	coverage-hole	m.nom.pl	1		2	dcs:602670_1
sevanān	sevana	NOUN	coverage-hole	m.acc.pl	1		2	dcs:414380
silikamadhyamāsaḥ	silikamadhyama	ADJ	slot-conflict	m.nom.pl	1	silikamadhyamāḥ	2	dcs:595214
simasmai	sima	PRON	slot-conflict	m.dat.sg	1	simāya	2	dcs:594242
simasmāt	sima	PRON	slot-conflict	m.abl.sg	1	simāt	2	dcs:593828_1
sindhūṁ	sindhu	NOUN	slot-conflict	m.acc.pl	1	sindhūn	2	dcs:612240
sipuna	sipunā	NOUN	compound-member		1		2	dcs:70262
sitavarma	sitavarman	NOUN	compound-member		1		2	dcs:487444
sitebhiḥ	sitā	NOUN	coverage-hole	n.instr.pl	1		2	dcs:327509
sitīvāra	sitivāra	NOUN	compound-member		1		2	dcs:71071
siṃhyaṃ	siṃhī	NOUN	slot-conflict	f.acc.sg	1	siṃhīm	2	dcs:602363
siṃhāsanām	siṃhāsana	NOUN	coverage-hole	f.acc.sg	1		2	dcs:572910
skabhīyān	skabhīyas	ADJ	coverage-hole	m.nom.sg	1		2	dcs:611859
skambhanebhiḥ	skambhana	NOUN	slot-conflict	n.instr.pl	1	skambhanaiḥ	2	dcs:595121
skambhāsa	skambha	NOUN	slot-conflict	m.nom.pl	1	skambhāḥ	2	dcs:592563
skandamātrī	skandamātṛ	NOUN	slot-conflict	f.nom.sg	2	skandamātā	2	dcs:423450
skandamātrīm	skandamātṛ	NOUN	slot-conflict	f.acc.sg	1	skandamātaram	2	dcs:423221
smaśānaṃ	śmaśāna	NOUN	slot-conflict	n.acc.sg	1	śmaśānam	2	dcs:468355
smaśāne	śmaśāna	NOUN	slot-conflict	n.loc.sg	1	śmaśāne	2	dcs:618716
smyoḥ	smi	NOUN	lexicon-gap	m.gen.du	1		2	dcs:551772
snāvānaṃ	snāvan	NOUN	coverage-hole	m.acc.sg	1		2	dcs:687285
snīhitīṣu	snīhiti	NOUN	slot-conflict	f.loc.pl	1	snīhitiṣu	2	dcs:593377
sobharyā	sobhari	NOUN	slot-conflict	m.gen.sg	1	sobhareḥ	2	dcs:607108
sodarāṃ	sodara	ADJ	coverage-hole	f.acc.sg	1		2	dcs:181800
somanandi	somanandin	NOUN	compound-member		1		2	dcs:105077
somaśarma	somaśarman	NOUN	compound-member		1		2	dcs:614134
somyebhiḥ	somya	ADJ	slot-conflict	m.instr.pl	1	somyaiḥ	2	dcs:634871_3
sopānām	sopāna	NOUN	coverage-hole	f.acc.sg	1		2	dcs:132018
sopānāyām	sopāna	NOUN	coverage-hole	f.loc.sg	1		2	dcs:724198
sopānāyāḥ	sopāna	NOUN	coverage-hole	f.gen.sg	1		2	dcs:622064
sphigyaṃ	sphigī	NOUN	slot-conflict	f.acc.sg	1	sphigīm	2	dcs:603904
sphuroḥ	sphur	NOUN	lexicon-gap	m.gen.du	1		2	dcs:554050
spṛhaiḥ	spṛhā	NOUN	coverage-hole	m.instr.pl	1		2	dcs:525765
sravaṇām	sravaṇa	NOUN	coverage-hole	f.acc.sg	1		2	dcs:121249
stanayā	stana	NOUN	coverage-hole	f.instr.sg	1		2	dcs:563434
stanābhiḥ	stana	ADJ	coverage-hole	f.instr.pl	1		2	dcs:477902
stanābhyaḥ	stana	NOUN	coverage-hole	f.abl.pl	1		2	dcs:485433
steyān	steya	NOUN	coverage-hole	m.acc.pl	1		2	dcs:26741
sthalāyām	sthala	NOUN	coverage-hole	f.loc.sg	1		2	dcs:573305
sthavīyasam	sthavīyas	ADJ	coverage-hole	m.acc.sg	1		2	dcs:389330_1
sthema	stheman	NOUN	compound-member		1		2	dcs:47427
sthāmataḥ	sthāman	NOUN	slot-conflict	n.abl.sg	1	sthāmnaḥ	2	dcs:644048
sthāpayitrī	sthāpayitṛ	ADJ	slot-conflict	f.nom.sg	1	sthāpayitā	2	dcs:223650
strīmukhāḥ	strīmukha	NOUN	coverage-hole	m.nom.pl	1		2	dcs:543933
subhyaḥ	su	NOUN	coverage-hole	m.abl.pl	1		2	dcs:553957
subhyām	su	NOUN	coverage-hole	m.abl.du	1		2	dcs:554391
sudhaiḥ	sudhā	NOUN	coverage-hole	m.instr.pl	1		2	dcs:630247
suhavīḥ	suhavis	NOUN	slot-conflict	m.nom.sg	2	suhaviḥ	2	dcs:167469
sukhavarcā	sukhavarcas	NOUN	coverage-hole	m.nom.sg	1		2	dcs:19589
sulomi	suloma	ADJ	coverage-hole	f.voc.sg	1		2	dcs:367071
sumnāyuvaḥ	sumnāyu	ADJ	slot-conflict	f.nom.pl	1	sumnāyavaḥ	2	dcs:675468
sundarāyai	sundara	ADJ	coverage-hole	f.dat.sg	1		2	dcs:397860
sunāmnau	sunāman	NOUN	slot-conflict	m.acc.du	1	sunāmānau	2	dcs:184511
suparṇikaḥ	suparṇikā	NOUN	coverage-hole	m.nom.sg	1		2	dcs:546555
supiṣṭāṃ	supiṣṭa	ADJ	coverage-hole	f.acc.sg	1		2	dcs:10704
suptakau	suptaka	ADJ	coverage-hole	m.nom.du	1		2	dcs:550639
surabhinas	surabhi	ADJ	slot-conflict	n.gen.sg	1	surabhiṇaḥ	2	dcs:387156
surālayām	surālaya	NOUN	coverage-hole	f.acc.sg	1		2	dcs:527697
susaṃprasthitena	susamprasthita	NOUN	slot-conflict	m.instr.sg	1	susamprasthitena	2	dcs:720997
sutegṛbhaṃ	sutegṛbh	ADJ	coverage-hole	m.acc.sg	1		2	dcs:599806
sutukebhiḥ	sutuka	ADJ	slot-conflict	m.instr.pl	1	sutukaiḥ	2	dcs:609342_1
suvarbhānuḥ	svarbhānu	NOUN	slot-conflict	m.nom.sg	1	svarbhānuḥ	2	dcs:701598_1
suvarci	suvarcin	NOUN	coverage-hole	n.nom.sg	1		2	dcs:366755
suvratāsaḥ	suvrata	ADJ	slot-conflict	m.voc.pl	1	suvratāḥ	2	dcs:594537
suvāhanām	suvāhana	ADJ	coverage-hole	f.acc.sg	1		2	dcs:423117
suyajūḥ	suyajus	NOUN	slot-conflict	m.nom.sg	1	suyajuḥ	2	dcs:167469
suṣu	su	NOUN	coverage-hole	m.loc.pl	1		2	dcs:552639
suṣumāṁ	suṣumat	ADJ	slot-conflict	m.nom.sg	1	suṣumān	2	dcs:609329_1
svadhāvāṁ	svadhāvat	ADJ	slot-conflict	m.nom.sg	1	svadhāvān	2	dcs:595483
svargastriyāṃ	svargastrī	NOUN	slot-conflict	f.loc.sg	1	svargastryām	2	dcs:631752
svarvāṁ	svarvat	ADJ	slot-conflict	m.nom.sg	1	svarvān	2	dcs:606911
svarṇagairikayā	svarṇagairika	NOUN	coverage-hole	f.instr.sg	1		2	dcs:329782
svarṇapuṣpikam	svarṇapuṣpikā	NOUN	coverage-hole	m.acc.sg	1		2	dcs:405571
svayaṃbhojaḥ	svayambhoja	NOUN	slot-conflict	m.nom.sg	1	svayambhojaḥ	2	dcs:760677
svayaṃbhojāt	svayambhoja	NOUN	slot-conflict	m.abl.sg	1	svayambhojāt	2	dcs:760677
svayaṃbhuṃ	svayambhu	NOUN	slot-conflict	m.acc.sg	1	svayambhum	2	dcs:666431
svaḥstriyaḥ	svaḥstrī	NOUN	slot-conflict	f.nom.pl	1	svaḥstryaḥ	2	dcs:94081
svedebhiḥ	sveda	ADJ	slot-conflict	m.instr.pl	1	svedaiḥ	2	dcs:610731
svādhyāyataḥ	svādhyāya	NOUN	slot-conflict	m.abl.sg	1	svādhyāyāt	2	dcs:723910
svādīyāṃsaṃ	svādīyas	ADJ	coverage-hole	m.acc.sg	1		2	dcs:649735
svāpateyām	svāpateya	NOUN	coverage-hole	f.acc.sg	1		2	dcs:630654
svāsaḥ	sva	ADJ	slot-conflict	m.nom.pl	1	sve svāḥ	2	dcs:609336_1
svātīm	svāti	NOUN	slot-conflict	f.acc.sg	1	svātim	2	dcs:764851
svāyaṃbhuvena	svāyambhuva	ADJ	slot-conflict	m.instr.sg	1	svāyambhuvena	2	dcs:764303
syādvādi	syādvādin	NOUN	compound-member		1		2	dcs:589944
syūmanā	syūman	NOUN	slot-conflict	n.instr.sg	1	syūmnā	2	dcs:594205
sādhayitryai	sādhayitṛ	ADJ	slot-conflict	f.dat.sg	1	sādhayitre	2	dcs:712810
sāhasikām	sāhasika	ADJ	coverage-hole	f.acc.sg	1		2	dcs:487677
sākaṃprasthāyyasya	sākamprasthāyya	NOUN	slot-conflict	m.gen.sg	1	sākamprasthāyyasya	2	dcs:712762
sākaṃprasthāyyena	sākamprasthāyya	NOUN	slot-conflict	m.instr.sg	1	sākamprasthāyyena	2	dcs:712763
sākaṃprasthāyīyena	sākamprasthāyīya	NOUN	slot-conflict	m.instr.sg	1	sākamprasthāyīyena	2	dcs:696606
sālabhañjikābhiḥ	śālabhañjikā	NOUN	slot-conflict	f.instr.pl	1	śālabhañjikābhiḥ	2	dcs:466633
sālvena	śālva	NOUN	slot-conflict	m.instr.sg	1	śālvena	2	dcs:769195
sālvāt	śālva	NOUN	slot-conflict	m.abl.sg	1	śālvāt	2	dcs:553119
sālāvṛkāṁ	śālāvṛka	NOUN	slot-conflict	m.acc.pl	1	śālāvṛkān	2	dcs:633758_1
sāmagryataḥ	sāmagrya	NOUN	slot-conflict	n.abl.sg	1	sāmagryāt	2	dcs:632949
sāmarthyām	sāmarthya	NOUN	coverage-hole	f.acc.sg	1		2	dcs:365600
sāmarthyāḥ	sāmarthya	NOUN	coverage-hole	m.nom.pl	1		2	dcs:480072
sāmyāḥ	sāmya	NOUN	coverage-hole	m.nom.pl	1		2	dcs:45516
sāmāyikān	sāmāyika	NOUN	coverage-hole	m.acc.pl	1		2	dcs:399184
sānāthyā	sānāthya	NOUN	coverage-hole	f.nom.sg	1		2	dcs:521821
sāpiṇḍyā	sāpiṇḍya	NOUN	coverage-hole	f.nom.sg	1		2	dcs:447620
sāramahatīm	sāramahat	ADJ	slot-conflict	f.acc.sg	1	sāramahatam	2	dcs:488029
sārasvatebhiḥ	sārasvata	NOUN	slot-conflict	m.instr.pl	2	sārasvataiḥ	2	dcs:596776
sārdrāṃ	sārdra	ADJ	coverage-hole	f.acc.sg	1		2	dcs:52408
sārvakāmikām	sārvakāmika	ADJ	coverage-hole	f.acc.sg	2		2	dcs:180351
sāsnaiḥ	sāsnā	NOUN	coverage-hole	m.voc.sg	1		2	dcs:560488
sāttvikayā	sāttvika	ADJ	coverage-hole	f.instr.sg	1		2	dcs:77292
sāyaṃbhavaṃ	sāyambhava	NOUN	slot-conflict	m.acc.sg	1	sāyambhavam	2	dcs:638376
sāṃmadaḥ	sāmmada	NOUN	slot-conflict	m.nom.sg	1	sāmmadaḥ	2	dcs:743954_1
sāṃmanasyāni	sāmmanasya	NOUN	slot-conflict	n.nom.pl	1	sāmmanasyāni	2	dcs:70330_1
sāṃpadānām	sāmpada	ADJ	slot-conflict	m.gen.pl	1	sāmpadānām	2	dcs:71690
sāṃparāyeṇa	sāmparāya	NOUN	slot-conflict	m.instr.sg	1	sāmparāyeṇa	2	dcs:745886
sāṃpratasya	sāmprata	ADJ	slot-conflict	m.gen.sg	1	sāmpratasya	2	dcs:758528
sāṃprate	sāmprata	ADJ	slot-conflict	n.loc.sg	1	sāmprate	2	dcs:758475
sāṃvatsarām	sāṃvatsara	ADJ	coverage-hole	f.acc.sg	1		2	dcs:542963
sīdhve	sīdhu	NOUN	slot-conflict	f.dat.sg	1	sīdhave sīdhvai	2	dcs:367923
sīmam	sīmā	NOUN	coverage-hole	n.nom.sg	1		2	dcs:571843
sīmantāyām	sīmanta	NOUN	coverage-hole	f.loc.sg	1		2	dcs:437512
sīmantāyāḥ	sīmanta	NOUN	coverage-hole	f.gen.sg	1		2	dcs:446697
sīmān	sīmā	NOUN	coverage-hole	m.acc.pl	1		2	dcs:118512
sītāsaḥ	sītā	NOUN	coverage-hole	m.nom.pl	1		2	dcs:594848
sūbhyaḥ	sū	NOUN	coverage-hole	f.abl.pl	1		2	dcs:552482
sūbhyām	sū	NOUN	coverage-hole	f.dat.du	1		2	dcs:741252
sūcakām	sūcaka	ADJ	coverage-hole	f.acc.sg	1		2	dcs:468137
sūktebhiḥ	sūkta	NOUN	slot-conflict	n.instr.pl	2	sūktaiḥ	2	dcs:592607
sūnavi	sūnu	NOUN	slot-conflict	m.loc.sg	1	sūnau	2	dcs:606185
sūni	sūnin	NOUN	compound-member		1		2	dcs:481614
sūnuvoḥ	sūnu	NOUN	slot-conflict	m.gen.du	1	sūnvoḥ	2	dcs:254789
sūtradhārām	sūtradhāra	ADJ	coverage-hole	f.acc.sg	1		2	dcs:568358
sūtrām	sūtra	NOUN	coverage-hole	f.acc.sg	1		2	dcs:629547
sūtrāma	sūtrāman	NOUN	compound-member		1		2	dcs:560463
sṛdhaḥ	sridh	NOUN	slot-conflict	f.acc.pl	2	sridhaḥ	2	dcs:633557
sṛtyāyām	sṛtya	NOUN	coverage-hole	f.loc.sg	1		2	dcs:664882
tadbhyaḥ	tad	NOUN	coverage-hole	m.abl.pl	1		2	dcs:554381
tailvakīṃ	tailvaka	ADJ	coverage-hole	f.acc.sg	1		2	dcs:756268
talataḥ	tala	NOUN	slot-conflict	n.abl.sg	1	talāt	2	dcs:89269
talāśa	talāśā	NOUN	compound-member		1		2	dcs:70262
tamālapatra	tamālapattra	NOUN	compound-member		1		2	dcs:725357
tamālām	tamāla	NOUN	coverage-hole	f.acc.sg	1		2	dcs:531878
tandryaḥ	tandrā	NOUN	slot-conflict	f.acc.pl	1	tandrāḥ	2	dcs:638361
tanutrān	tanutra	NOUN	coverage-hole	m.acc.pl	1		2	dcs:264423
tanutrāḥ	tanutra	NOUN	coverage-hole	m.nom.pl	1		2	dcs:766239
tanuvām	tanū	NOUN	slot-conflict	f.loc.sg	1	tanvām	2	dcs:705744
tanīyāṃsa	tanīyas	ADJ	coverage-hole	m.nom.pl	1		2	dcs:492168
tanūnaptā	tanūnapāt	NOUN	slot-conflict	m.nom.sg	1	tanūnapāt	2	dcs:494702
tapīyān	tapīyas	ADJ	coverage-hole	m.nom.sg	1		2	dcs:89549
tarakṣutaḥ	tarakṣu	NOUN	slot-conflict	m.abl.sg	1	tarakṣoḥ	2	dcs:655467
taraṇāṁ	taraṇa	NOUN	slot-conflict	m.acc.pl	1	taraṇān	2	dcs:598346
tarṇakāni	tarṇaka	NOUN	coverage-hole	n.acc.pl	1		2	dcs:629789
tathayoḥ	tathā	NOUN	coverage-hole	f.loc.du	1		2	dcs:552717
taviṣebhiḥ	taviṣa	ADJ	slot-conflict	m.instr.pl	1	taviṣaiḥ	2	dcs:601787_1
taviṣāsa	taviṣa	ADJ	slot-conflict	m.nom.pl	1	taviṣāḥ	2	dcs:610204
taviṣīvas	taviṣīvat	ADJ	slot-conflict	m.voc.sg	2	taviṣīvan	2	dcs:598370
tavyāṃsam	tavyas	ADJ	slot-conflict	m.acc.sg	1	tavyasam	2	dcs:599341
taṇḍulāni	taṇḍula	NOUN	coverage-hole	n.acc.pl	1		2	dcs:629789
taṭāsu	taṭa	NOUN	coverage-hole	f.loc.pl	1		2	dcs:91014
tejanenaṃ	tejana	NOUN	slot-conflict	n.instr.sg	1	tejanena	2	dcs:594103
tejanyam	tejanī	NOUN	slot-conflict	f.acc.sg	1	tejanīm	2	dcs:646876_2
tejohvebhiḥ	tejohvā	NOUN	coverage-hole	n.instr.pl	1		2	dcs:39440
tilām	tila	NOUN	coverage-hole	f.acc.sg	1		2	dcs:33049
tilāni	tila	NOUN	coverage-hole	n.acc.pl	1		2	dcs:370868
tilāyai	tila	NOUN	coverage-hole	f.dat.sg	1		2	dcs:696172
tintiḍikaṃ	tintiḍikā	NOUN	coverage-hole	n.acc.sg	1		2	dcs:429766
tirasaḥ	tiras	NOUN	coverage-hole	m.gen.sg	2		2	dcs:554512
tiryaggāmi	tiryaggāmin	NOUN	compound-member		1		2	dcs:17368
tmanam	tman	NOUN	coverage-hole	m.acc.sg	1		2	dcs:593220_1
tmānam	tman	NOUN	coverage-hole	m.acc.sg	1		2	dcs:603833_1
toyavāhām	toyavāha	NOUN	coverage-hole	f.acc.sg	1		2	dcs:407920
trasadasyavi	trasadasyu	NOUN	slot-conflict	m.loc.sg	1	trasadasyau	2	dcs:674168
trayodaśām	trayodaśa	ADJ	coverage-hole	f.acc.sg	2		2	dcs:311425
trayām	traya	NOUN	coverage-hole	f.acc.sg	1		2	dcs:429544
tretau	tretā	NOUN	coverage-hole	m.nom.du	1		2	dcs:441134
tricaiḥ	tṛca	NOUN	slot-conflict	m.instr.pl	1	tṛcaiḥ	2	dcs:699435
tricena	tṛca	NOUN	slot-conflict	n.instr.sg	1	tṛcena	2	dcs:500336
tricāni	tṛca	NOUN	slot-conflict	n.nom.pl	1	tṛcāni	2	dcs:504263
tridaṇḍi	tridaṇḍin	NOUN	compound-member		1		2	dcs:527709
tridhāmn	tridhāman	NOUN	slot-conflict	m.voc.sg	1	tridhāman	2	dcs:572862
tripañcāśatī	tripañcāśat	NOUN	slot-conflict	f.nom.sg	1	tripañcāśat	2	dcs:534980
triphalebhiḥ	triphalā	NOUN	coverage-hole	n.instr.pl	1		2	dcs:396879
tryaṅgāḥ	tryaṅga	NOUN	coverage-hole	m.nom.pl	1		2	dcs:229712
tryūṣaṇābhiḥ	tryūṣaṇa	NOUN	coverage-hole	f.instr.pl	1		2	dcs:431925
trāsanām	trāsana	ADJ	coverage-hole	f.acc.sg	2		2	dcs:220469
trāsayā	trāsa	NOUN	coverage-hole	f.instr.sg	1		2	dcs:488613
trātrāsaḥ	trātra	NOUN	slot-conflict	m.nom.pl	1	trātrāḥ	2	dcs:601606
trātrī	trātṛ	ADJ	coverage-hole	f.nom.sg	1		2	dcs:561220
tsarūṇi	tsaru	NOUN	coverage-hole	n.acc.pl	1		2	dcs:687508
tulyataḥ	tulya	ADJ	slot-conflict	m.abl.sg	1	tulyāt	2	dcs:752407
tumbikebhiḥ	tumbikā	NOUN	coverage-hole	n.instr.pl	1		2	dcs:355771
turvaśāsaḥ	turvaśa	NOUN	slot-conflict	m.nom.pl	1	turvaśāḥ	2	dcs:673907
tutthakān	tutthaka	NOUN	coverage-hole	m.acc.pl	1		2	dcs:427704
tuvigrebhiḥ	tuvigra	ADJ	slot-conflict	m.instr.pl	1	tuvigraiḥ	2	dcs:594858
tuṇḍayā	tuṇḍa	NOUN	coverage-hole	f.instr.sg	1		2	dcs:400781
tvaktaḥ	tvac	NOUN	slot-conflict	f.abl.sg	1	tvacaḥ	2	dcs:749958
tvareṇa	tvarā	NOUN	coverage-hole	n.instr.sg	1		2	dcs:568170
tvarāt	tvara	NOUN	coverage-hole	m.abl.sg	1		2	dcs:141094
tveṣāsaḥ	tveṣa	ADJ	slot-conflict	m.nom.pl	2	tveṣāḥ	2	dcs:592644
tviṣīmāṁ	tviṣīmat	ADJ	slot-conflict	m.nom.sg	1	tviṣīmān	2	dcs:596228
tvādūtāsaḥ	tvādūta	ADJ	slot-conflict	m.nom.pl	2	tvādūtāḥ	2	dcs:595980
tvānām	tva	NOUN	slot-conflict	n.gen.pl	1	tveṣām	2	dcs:38898
tvāvṛdhebhiḥ	tvāvṛdha	ADJ	slot-conflict	m.instr.pl	1	tvāvṛdhaiḥ	2	dcs:610783
tvāyan	tvāyat	ADJ	slot-conflict	m.nom.sg	1	tvāyat	2	dcs:647278_1
tvāyantaṃ	tvāyat	ADJ	slot-conflict	m.acc.sg	1	tvāyatam	2	dcs:594528
tvāṣṭrīsām	tvāṣṭrīsāman	NOUN	slot-conflict	n.nom.sg	2	tvāṣṭrīsāma	2	dcs:566348
tālukau	tālukā	NOUN	coverage-hole	m.nom.du	1		2	dcs:527921
tālukān	tāluka	NOUN	coverage-hole	m.acc.pl	1		2	dcs:441060
tāmarā	tāmara	NOUN	coverage-hole	m.nom.pl	1		2	dcs:229728
tāmasāsu	tāmasa	ADJ	coverage-hole	f.loc.pl	1		2	dcs:83136_1
tāmbūlayā	tāmbūla	NOUN	coverage-hole	f.instr.sg	1		2	dcs:449284
tāmraliptītaḥ	tāmraliptī	NOUN	slot-conflict	f.abl.sg	1	tāmraliptyāḥ	2	dcs:627952
tāpāni	tāpa	NOUN	coverage-hole	n.acc.pl	1		2	dcs:7698
tārayitrī	tārayitṛ	ADJ	slot-conflict	f.nom.sg	1	tārayitā	2	dcs:105482
tāraṇām	tāraṇa	ADJ	coverage-hole	f.acc.sg	1		2	dcs:526224
tāruṇyāḥ	tāruṇya	NOUN	coverage-hole	f.acc.pl	1		2	dcs:526611
tāvanmātrāṃ	tāvanmātra	ADJ	coverage-hole	f.acc.sg	1		2	dcs:101906
tāvāṁ	tāvat	ADJ	slot-conflict	m.nom.sg	1	tāvān	2	dcs:594056
tāḍitīm	tāḍita	ADJ	coverage-hole	f.acc.sg	1		2	dcs:629857
tīrthāsu	tīrtha	NOUN	coverage-hole	f.loc.pl	1		2	dcs:762856
tūpura	tūpara	ADJ	slot-conflict	m.nom.sg	1	tūparaḥ	2	dcs:772438
tūpuram	tūpara	ADJ	slot-conflict	m.acc.sg	1	tūparam	2	dcs:772436
tūṇīrāṇi	tūṇīra	NOUN	coverage-hole	n.acc.pl	1		2	dcs:233259
tūṣṇīmbhāvena	tūṣṇīṃbhāva	NOUN	slot-conflict	m.instr.sg	1	tūṣṇīṃbhāvena	2	dcs:658620
tūṣṇīmi	tūṣṇīm	NOUN	coverage-hole	m.loc.sg	1		2	dcs:552752
tūṣṇīṃgaṅgāṃ	tūṣṇīṃgaṅga	NOUN	coverage-hole	f.acc.sg	1		2	dcs:312921
tṛptitaḥ	tṛpti	NOUN	slot-conflict	f.abl.sg	1	tṛpteḥ tṛptyāḥ	2	dcs:657695
tṛtīyasmai	tṛtīya	ADJ	slot-conflict	m.dat.sg	1	tṛtīyāya	2	dcs:551445
tṛṣṇaiḥ	tṛṣṇā	NOUN	coverage-hole	m.voc.sg	1		2	dcs:301042
tṛṣṇena	tṛṣṇā	NOUN	coverage-hole	m.instr.sg	1		2	dcs:657101
ubhayamukhām	ubhayamukha	ADJ	coverage-hole	f.acc.sg	1		2	dcs:341335
ubhayatodan	ubhayatodat	ADJ	slot-conflict	m.nom.sg	1	ubhayatodat	2	dcs:680993
ubhayatrā	ubhayatra	ADV	indeclinable		1		2	dcs:597641
ubhayīṣām	ubhaya	ADJ	slot-conflict	f.gen.pl	1	ubhayāsām	2	dcs:705288
ucathā	ucatha	NOUN	slot-conflict	n.acc.pl	1	ucathāni	2	dcs:596204
ucaḥ	uc	NOUN	lexicon-gap	m.gen.sg	1		2	dcs:555017
uccaiśśravasam	uccaiḥśravas	NOUN	slot-conflict	m.acc.sg	1	uccaiḥśravasam	2	dcs:711312_1
ucchrāyām	ucchrāya	NOUN	coverage-hole	f.acc.sg	1		2	dcs:434411
uccāṭanāyai	uccāṭana	NOUN	coverage-hole	f.dat.sg	1		2	dcs:384905
udadhīṃr	udadhi	NOUN	slot-conflict	m.acc.pl	1	udadhīn	2	dcs:597537_1
udahāryam	udahāra	ADJ	coverage-hole	f.acc.sg	1		2	dcs:638844
udakakriyam	udakakriyā	NOUN	coverage-hole	m.acc.sg	1		2	dcs:527648
udakayā	udaka	NOUN	coverage-hole	f.instr.sg	1		2	dcs:632913
udakumbhām	udakumbha	NOUN	coverage-hole	f.acc.sg	1		2	dcs:339697
udakāyai	udaka	NOUN	coverage-hole	f.dat.sg	1		2	dcs:435135
udanimāṁ	udanimat	ADJ	slot-conflict	m.nom.sg	1	udanimān	2	dcs:599757
udanyuvaḥ	udanyu	ADJ	slot-conflict	f.nom.pl	1	udanyavaḥ	2	dcs:608634
udanā	udan	NOUN	slot-conflict	n.instr.sg	1	udnā	2	dcs:382073
udarau	udara	NOUN	coverage-hole	m.nom.du	1		2	dcs:11470
udarāyām	udara	ADJ	coverage-hole	f.loc.sg	1		2	dcs:74412
udarāyāḥ	udara	ADJ	coverage-hole	f.gen.sg	1		2	dcs:487742
udarīṇām	udara	ADJ	coverage-hole	f.gen.pl	1		2	dcs:632044
udayanām	udayana	NOUN	coverage-hole	f.acc.sg	1		2	dcs:615349
udaṅmukhām	udaṅmukha	ADJ	coverage-hole	f.acc.sg	1		2	dcs:338687
uddeśām	uddeśa	NOUN	coverage-hole	f.acc.sg	1		2	dcs:133601
uddeśāni	uddeśa	NOUN	coverage-hole	n.acc.pl	1		2	dcs:465467
uddhīni	uddhi	NOUN	coverage-hole	n.acc.pl	1		2	dcs:755993
uddīpanīṣu	uddīpana	ADJ	coverage-hole	f.loc.pl	1		2	dcs:763583
udgārām	udgāra	NOUN	coverage-hole	f.acc.sg	1		2	dcs:30086
udgātaram	udgātṛ	NOUN	slot-conflict	m.acc.sg	1	udgātāram	2	dcs:727796
udhā	udhan	NOUN	coverage-hole	m.nom.sg	1		2	dcs:597773
uduṃbara	udumbara	NOUN	slot-conflict	m.nom.sg	1	udumbaraḥ	2	dcs:772492
udyamām	udyama	NOUN	coverage-hole	f.acc.sg	1		2	dcs:485605
udyānā	udyāna	NOUN	coverage-hole	f.nom.sg	1		2	dcs:119759
udāsu	uda	NOUN	coverage-hole	f.loc.pl	1		2	dcs:149199
udāsāyai	udāsa	NOUN	coverage-hole	f.dat.sg	1		2	dcs:660471
udāyi	udāyin	NOUN	compound-member		1		2	dcs:477661
ugryam	ugrī	NOUN	slot-conflict	f.acc.sg	1	ugrīm	2	dcs:674332
ugrāsaḥ	ugra	ADJ	slot-conflict	m.nom.pl	2	ugrāḥ	2	dcs:604679
ukṣaṇā	ukṣan	NOUN	slot-conflict	m.instr.sg	1	ukṣṇā	2	dcs:281583
ullaṅghanā	ullaṅghana	NOUN	coverage-hole	f.nom.sg	1		2	dcs:537550
ulumbān	ulumbā	NOUN	coverage-hole	m.acc.pl	1		2	dcs:8703
umebhiḥ	umā	NOUN	coverage-hole	n.instr.pl	1		2	dcs:548173
unmathanāḥ	unmathana	NOUN	coverage-hole	m.nom.pl	1		2	dcs:358409
unmukhayā	unmukha	NOUN	coverage-hole	f.instr.sg	1		2	dcs:368107
unmukhābhiḥ	unmukha	ADJ	coverage-hole	f.instr.pl	1		2	dcs:386958
unmukhāyāḥ	unmukha	ADJ	coverage-hole	f.gen.sg	1		2	dcs:45893
upabarhāyām	upabarha	NOUN	coverage-hole	f.loc.sg	1		2	dcs:630766
upabhogāni	upabhoga	NOUN	coverage-hole	n.nom.pl	1		2	dcs:344297
upacaraṇā	upacaraṇa	NOUN	coverage-hole	f.nom.sg	1		2	dcs:741331
upacārayā	upacāra	NOUN	coverage-hole	f.instr.sg	1		2	dcs:282272
upacārāyāḥ	upacāra	NOUN	coverage-hole	f.gen.sg	1		2	dcs:666721
upacārāṇi	upacāra	NOUN	coverage-hole	n.acc.pl	1		2	dcs:567991
upadaṃśām	upadaṃśa	NOUN	coverage-hole	f.acc.sg	1		2	dcs:15358
upadaṃśāni	upadaṃśa	NOUN	coverage-hole	n.acc.pl	1		2	dcs:448626
upadeśataḥ	upadeśa	NOUN	slot-conflict	m.abl.sg	1	upadeśāt	2	dcs:518201
upadeśām	upadeśa	NOUN	coverage-hole	f.acc.sg	1		2	dcs:485168
upadeṣṭrī	upadeṣṭṛ	ADJ	coverage-hole	f.nom.sg	1		2	dcs:451862
upadeṣṭrīṃ	upadeṣṭṛ	ADJ	coverage-hole	f.acc.sg	1		2	dcs:49706
upadhān	upadhā	NOUN	coverage-hole	m.acc.pl	1		2	dcs:283903
upadohanām	upadohana	NOUN	coverage-hole	f.acc.sg	1		2	dcs:309499
upadāsīnām	upadāsa	ADJ	coverage-hole	f.gen.pl	1		2	dcs:757342
upagūhanau	upagūhana	NOUN	coverage-hole	m.nom.du	1		2	dcs:486323
upahārāṇi	upahāra	NOUN	coverage-hole	n.acc.pl	1		2	dcs:377832
upahāsayā	upahāsa	NOUN	coverage-hole	f.instr.sg	1		2	dcs:623112
upajihvaḥ	upajihvā	NOUN	coverage-hole	m.nom.sg	1		2	dcs:39171
upajñam	upajñā	NOUN	coverage-hole	n.nom.sg	1		2	dcs:573203
upakaraṇau	upakaraṇa	NOUN	coverage-hole	m.nom.du	1		2	dcs:59990
upakaṇṭhī	upakaṇṭha	ADJ	coverage-hole	f.nom.sg	1		2	dcs:465243
upalakṣaṇau	upalakṣaṇa	NOUN	coverage-hole	m.nom.du	1		2	dcs:511154
upalambhataḥ	upalambha	NOUN	slot-conflict	m.abl.sg	1	upalambhāt	2	dcs:535710
upamasyāṃ	upama	ADJ	coverage-hole	f.loc.sg	1		2	dcs:594958
upanahā	upānah	NOUN	slot-conflict	f.acc.du	1	upānahau	2	dcs:699308
upaniveśām	upaniveśa	NOUN	coverage-hole	f.acc.sg	1		2	dcs:767596
upanāsikām	upanāsika	ADJ	coverage-hole	f.acc.sg	1		2	dcs:29365
upapakṣām	upapakṣa	NOUN	coverage-hole	f.acc.sg	1		2	dcs:670417
upapattinā	upapatti	NOUN	coverage-hole	m.instr.sg	1		2	dcs:520873
uparodhakāḥ	uparodhaka	ADJ	coverage-hole	m.nom.pl	1		2	dcs:535351
uparodhataḥ	uparodha	NOUN	slot-conflict	m.abl.sg	1	uparodhāt	2	dcs:79304
upasadanān	upasadana	NOUN	coverage-hole	m.acc.pl	1		2	dcs:172325
upasampattau	upasaṃpatti	NOUN	slot-conflict	f.loc.sg	1	upasaṃpattau upasaṃpattyām	2	dcs:554275
upasargām	upasarga	NOUN	coverage-hole	f.acc.sg	1		2	dcs:59232
upasarpaṇā	upasarpaṇa	NOUN	coverage-hole	f.nom.sg	1		2	dcs:641671
upasaṃbhāṣam	upasaṃbhāṣā	NOUN	coverage-hole	m.acc.sg	1		2	dcs:357874
upasaṃgrahaṇau	upasaṃgrahaṇa	NOUN	coverage-hole	m.acc.du	1		2	dcs:629624
upasevanān	upasevana	NOUN	coverage-hole	m.acc.pl	1		2	dcs:34462
upaskarayā	upaskara	NOUN	coverage-hole	f.instr.sg	1		2	dcs:80060
upasnehām	upasneha	NOUN	coverage-hole	f.acc.sg	1		2	dcs:464749
upavaktaḥ	upavaktṛ	NOUN	slot-conflict	m.voc.sg	1	upavaktar	2	dcs:742699
upavanām	upavana	NOUN	coverage-hole	f.acc.sg	1		2	dcs:182043
upavañcanā	upavañcana	ADJ	coverage-hole	f.nom.sg	1		2	dcs:609645_2
upavāhāni	upavāha	NOUN	coverage-hole	n.nom.pl	1		2	dcs:344535
upayogāni	upayoga	NOUN	coverage-hole	n.nom.pl	1		2	dcs:727959
upayoḥ	upa	NOUN	coverage-hole	m.loc.du	1		2	dcs:552552
upaśamāni	upaśama	NOUN	coverage-hole	n.nom.pl	1		2	dcs:88499
upe	upa	NOUN	coverage-hole	m.loc.sg	1		2	dcs:552398
upebhyaḥ	upa	NOUN	coverage-hole	m.abl.pl	1		2	dcs:554133
upādānāḥ	upādāna	NOUN	coverage-hole	m.nom.pl	1		2	dcs:44477
upānahāni	upānaha	NOUN	coverage-hole	n.nom.pl	1		2	dcs:653171
upānaḍbhyām	upānah	NOUN	slot-conflict	f.abl.du	1	upānadbhyām	2	dcs:501000
upāyanām	upāyana	NOUN	coverage-hole	f.acc.sg	1		2	dcs:449606
upāṅgām	upāṅga	NOUN	coverage-hole	f.acc.sg	1		2	dcs:96499
utkarām	utkara	NOUN	coverage-hole	f.acc.sg	1		2	dcs:116027
utkaṭikam	utkaṭikā	NOUN	coverage-hole	m.acc.sg	1		2	dcs:100151
utkṣepaṇau	utkṣepaṇa	ADJ	coverage-hole	m.acc.du	1		2	dcs:436869
utsedhayā	utsedha	NOUN	coverage-hole	f.instr.sg	1		2	dcs:157029
utsāṁ	utsa	NOUN	slot-conflict	m.acc.pl	1	utsān	2	dcs:599555
uttamasyām	uttama	ADJ	coverage-hole	f.loc.sg	1		2	dcs:652715_3
uttamebhiḥ	uttama	ADJ	slot-conflict	n.instr.pl	1	uttamaiḥ	2	dcs:601760
uttamāṅgau	uttamāṅga	NOUN	coverage-hole	m.nom.du	1		2	dcs:630381
uttamāṅgān	uttamāṅga	NOUN	coverage-hole	m.acc.pl	1		2	dcs:273707
uttaravastinā	uttaravasti	NOUN	coverage-hole	m.instr.sg	1		2	dcs:5778
uttaravastīn	uttaravasti	NOUN	coverage-hole	m.acc.pl	1		2	dcs:13508
uttaraṇī	uttaraṇa	ADJ	coverage-hole	f.nom.sg	1		2	dcs:770926
uttarāṣāḍhaiḥ	uttarāṣāḍhā	NOUN	coverage-hole	m.voc.sg	1		2	dcs:338339
uttarīyān	uttarīya	NOUN	coverage-hole	m.acc.pl	1		2	dcs:178535
utthāpanām	utthāpana	NOUN	coverage-hole	f.acc.sg	1		2	dcs:365196
uṣar	uṣas	NOUN	slot-conflict	f.voc.sg	1	uṣaḥ	2	dcs:592935
uṣaraḥ	ūṣara	NOUN	slot-conflict	m.nom.sg	1	ūṣaraḥ	2	dcs:18349
uṣmābhiḥ	uṣma	NOUN	coverage-hole	f.instr.pl	1		2	dcs:387163
uṣāsau	uṣas	NOUN	slot-conflict	f.nom.du	1	uṣasau	2	dcs:686352
uṣṭārā	uṣṭṛ	NOUN	slot-conflict	m.nom.du	1	uṣṭārau	2	dcs:611750
vacasyuvam	vacasyu	ADJ	slot-conflict	f.acc.sg	1	vacasyum	2	dcs:596136_1
vadanataḥ	vadana	NOUN	slot-conflict	n.abl.sg	1	vadanāt	2	dcs:623025
vadhrīṃr	vadhri	ADJ	slot-conflict	m.acc.pl	1	vadhrīn	2	dcs:596309_1
vadhukaḥ	vadhukā	NOUN	coverage-hole	m.nom.sg	1		2	dcs:528297
vadhūmantā	vadhūmat	ADJ	slot-conflict	m.acc.du	1	vadhūmantau	2	dcs:602373
vahniyoḥ	vahni	NOUN	slot-conflict	m.gen.du	1	vahnyoḥ	2	dcs:547608
vahīyāṃsau	vahīyas	ADJ	coverage-hole	m.nom.du	1		2	dcs:771073
vaidikām	vaidika	ADJ	coverage-hole	f.acc.sg	2		2	dcs:558914
vaipaścitīm	vaipaścita	ADJ	coverage-hole	f.acc.sg	1		2	dcs:629782
vairocanīm	vairocana	ADJ	coverage-hole	f.acc.sg	1		2	dcs:674507_1
vaisarjanīyām	vaisarjanīya	ADJ	coverage-hole	f.acc.sg	1		2	dcs:710886
vaistārikīṃ	vaistārika	ADJ	coverage-hole	f.acc.sg	1		2	dcs:645581
vaitahavyāṁ	vaitahavya	NOUN	slot-conflict	m.acc.pl	1	vaitahavyān	2	dcs:635373
vaivasvatām	vaivasvata	ADJ	coverage-hole	f.acc.sg	2		2	dcs:266507
vaiyāghrībhyāṃ	vaiyāghra	ADJ	coverage-hole	f.instr.du	1		2	dcs:673693
vaiyākhyāḥ	vaiyākhya	NOUN	coverage-hole	m.nom.pl	1		2	dcs:157239
vaiśeṣikām	vaiśeṣika	ADJ	coverage-hole	f.acc.sg	2		2	dcs:274325
vaiśvānarām	vaiśvānara	ADJ	coverage-hole	f.acc.sg	2		2	dcs:287799
vaiśvānarāyai	vaiśvānara	NOUN	coverage-hole	f.dat.sg	1		2	dcs:424882
vaiśāradayā	vaiśārada	ADJ	coverage-hole	f.instr.sg	1		2	dcs:97202
vaiṇavābhiḥ	vaiṇava	ADJ	coverage-hole	f.instr.pl	2		2	dcs:154881
vajrarātrataḥ	vajrarātra	NOUN	slot-conflict	n.abl.sg	1	vajrarātrāt	2	dcs:627991
vaktrābhiḥ	vaktra	NOUN	coverage-hole	f.instr.pl	1		2	dcs:8095
vaktrāyām	vaktra	NOUN	coverage-hole	f.loc.sg	1		2	dcs:575048
vaktrī	vaktṛ	ADJ	slot-conflict	f.nom.sg	1	vaktā	2	dcs:536889
valabhid	balabhid	NOUN	compound-member		1		2	dcs:365748
valabhītaḥ	valabhi	NOUN	slot-conflict	f.abl.sg	1	valabheḥ valabhyāḥ	2	dcs:622699
vanikam	vanikā	NOUN	coverage-hole	n.nom.sg	1		2	dcs:144610
vanikena	vanikā	NOUN	coverage-hole	m.instr.sg	1		2	dcs:666400
vaniṣṭum	vaniṣṭhu	NOUN	slot-conflict	m.acc.sg	1	vaniṣṭhum	2	dcs:742294
vantrīḥ	vantṛ	ADJ	coverage-hole	f.acc.pl	1		2	dcs:686813
vapurdharām	vapurdhara	NOUN	coverage-hole	f.acc.sg	1		2	dcs:439811
varayitrī	varayitṛ	ADJ	coverage-hole	f.nom.sg	1		2	dcs:105939
varddhanam	vardhana	ADJ	slot-conflict	m.acc.sg	1	vardhanam	2	dcs:752072
vargāṇi	varga	NOUN	coverage-hole	n.acc.pl	1		2	dcs:400744
varimāṇi	variman	NOUN	coverage-hole	n.nom.pl	1		2	dcs:647558
varivasyāta	varivasyā	NOUN	slot-conflict	f.abl.sg	1	varivasyāyāḥ	2	dcs:610905
varāsīṃ	barāsī	NOUN	slot-conflict	f.acc.sg	1	barāsīm	2	dcs:732446
varīyāṃsaḥ	varīyas	ADJ	coverage-hole	m.nom.pl	1		2	dcs:650378_1
varṣavān	varṣavat	ADJ	coverage-hole	m.nom.sg	1		2	dcs:123721
varṣmaṇau	varṣman	NOUN	slot-conflict	m.acc.du	1	varṣmāṇau	2	dcs:275247
vasantabhānuṃ	vasantabhānu	NOUN	coverage-hole	m.acc.sg	1		2	dcs:489498
vasantakām	vasantaka	NOUN	coverage-hole	f.acc.sg	1		2	dcs:616890
vasmanas	vasman	NOUN	slot-conflict	n.gen.sg	1	vasmanaḥ	2	dcs:596416
vastrakā	vastraka	NOUN	coverage-hole	f.nom.sg	1		2	dcs:412638
vasudham	vasudhā	NOUN	coverage-hole	m.acc.sg	1		2	dcs:763172
vasumāṁ	vasumat	ADJ	slot-conflict	m.nom.sg	1	vasumān	2	dcs:603206
vasuṣ	vasu	ADJ	slot-conflict	m.nom.sg	1	vasuḥ	2	dcs:593441
vasūṃr	vasu	NOUN	slot-conflict	m.acc.pl	1	vasūn	2	dcs:592826
vatinā	vati	NOUN	coverage-hole	n.instr.sg	1		2	dcs:364107
vatoḥ	vatu	NOUN	coverage-hole	m.abl.sg	1		2	dcs:553464
vatuṣu	vatu	NOUN	coverage-hole	m.loc.pl	1		2	dcs:554507
vayasīm	vayas	NOUN	coverage-hole	f.acc.sg	1		2	dcs:751931
vaśitaiḥ	vaśitā	NOUN	coverage-hole	m.instr.pl	1		2	dcs:388074
vaḍavaḥ	vaḍaba	NOUN	slot-conflict	m.nom.sg	1	vaḍabaḥ	2	dcs:726928
vaḍave	vaḍaba	NOUN	slot-conflict	m.loc.sg	1	vaḍabe	2	dcs:198409
vaḍavābhyaḥ	vaḍabā	NOUN	slot-conflict	f.abl.pl	1	vaḍabābhyaḥ	2	dcs:504889
vaḍavāgnau	vaḍabāgni	NOUN	slot-conflict	m.loc.sg	1	vaḍabāgnau	2	dcs:621239
vaḍavān	vaḍaba	NOUN	slot-conflict	m.acc.pl	1	vaḍabān	2	dcs:757196
vaṃsu	van	NOUN	lexicon-gap	m.loc.pl	1		2	dcs:608650
vaṃśalocanaṃ	vaṃśalocanā	NOUN	coverage-hole	n.acc.sg	1		2	dcs:74044
vaṅkṣaṇān	vaṅkṣaṇa	NOUN	coverage-hole	m.acc.pl	1		2	dcs:729684
vaṭākarām	vaṭākara	NOUN	coverage-hole	f.acc.sg	1		2	dcs:300218
vedasas	vedas	NOUN	slot-conflict	n.abl.sg	1	vedasaḥ	2	dcs:596152
veddhāraḥ	veddhṛ	ADJ	coverage-hole	m.nom.pl	1		2	dcs:465123
vedhanāḥ	vedhana	NOUN	coverage-hole	m.nom.pl	1		2	dcs:465125
vegāni	vega	NOUN	coverage-hole	n.acc.pl	1		2	dcs:208843
vegāsaḥ	vega	NOUN	slot-conflict	m.nom.pl	1	vegāḥ	2	dcs:634568
vegāyām	vega	NOUN	coverage-hole	f.loc.sg	1		2	dcs:2690
velājalān	velājala	NOUN	coverage-hole	m.acc.pl	1		2	dcs:462682
vetanān	vetana	NOUN	coverage-hole	m.acc.pl	1		2	dcs:464287
veśmānam	veśman	NOUN	coverage-hole	m.acc.sg	1		2	dcs:292026
veśābhiḥ	veśa	NOUN	coverage-hole	f.instr.pl	1		2	dcs:630430
veṣṭanām	veṣṭana	NOUN	coverage-hole	f.acc.sg	1		2	dcs:360979
vibandhām	vibandha	NOUN	coverage-hole	f.acc.sg	1		2	dcs:63436
vibhaktinaḥ	vibhakti	NOUN	coverage-hole	m.gen.sg	1		2	dcs:72018
vibhramāṇi	vibhrama	NOUN	coverage-hole	n.acc.pl	1		2	dcs:357607
vibhve	vibhu	NOUN	slot-conflict	m.dat.sg	1	vibhave	2	dcs:606889
vibhāgāni	vibhāga	NOUN	coverage-hole	n.nom.pl	1		2	dcs:287647
vibhīṣikebhiḥ	vibhīṣikā	NOUN	coverage-hole	n.instr.pl	1		2	dcs:448779
vibhūmana	vibhūman	NOUN	slot-conflict	m.gen.sg	1	vibhūmnaḥ	2	dcs:756823
vibālyaṃ	vibālī	NOUN	slot-conflict	f.acc.sg	1	vibālīm	2	dcs:598549
vicā	vic	NOUN	lexicon-gap	m.instr.sg	1		2	dcs:754965
vidathi	vidathin	NOUN	compound-member		1		2	dcs:554722
vidhānāsu	vidhāna	NOUN	coverage-hole	f.loc.pl	1		2	dcs:630154
vidyutas	vidyut	NOUN	slot-conflict	f.gen.sg	1	vidyutaḥ	2	dcs:592244
vidāhāyām	vidāha	NOUN	coverage-hole	f.loc.sg	1		2	dcs:33877
vigrīvāsaḥ	vigrīva	ADJ	slot-conflict	m.nom.pl	2	vigrīvāḥ	2	dcs:637424
vihantrī	vihantṛ	ADJ	slot-conflict	f.nom.sg	1	vihantā	2	dcs:532373
vijñānān	vijñāna	NOUN	coverage-hole	m.acc.pl	1		2	dcs:278738
vijāmataḥ	vijāman	NOUN	slot-conflict	n.abl.sg	1	vijāmnaḥ	2	dcs:646294
vijṛmbhikaḥ	vijṛmbhikā	NOUN	coverage-hole	m.nom.sg	1		2	dcs:29526
vikramām	vikrama	NOUN	coverage-hole	f.acc.sg	1		2	dcs:92992
vikramāṇi	vikrama	NOUN	coverage-hole	n.acc.pl	1		2	dcs:477218
vikriyaiḥ	vikriyā	NOUN	coverage-hole	m.instr.pl	1		2	dcs:167957
vikriyāt	vikriyā	NOUN	coverage-hole	m.abl.sg	1		2	dcs:95972
vikriyāṇi	vikriyā	NOUN	coverage-hole	n.nom.pl	1		2	dcs:358688
vikārayā	vikāra	ADJ	coverage-hole	f.instr.sg	1		2	dcs:298206
vikāsayā	vikāsa	NOUN	coverage-hole	f.instr.sg	1		2	dcs:615112
vikīrṇarom	vikīrṇaroman	NOUN	slot-conflict	n.nom.sg	1	vikīrṇaroma	2	dcs:22378
vikṣepāṇi	vikṣepa	NOUN	coverage-hole	n.acc.pl	1		2	dcs:668088
viliptyaṃ	viliptī	NOUN	slot-conflict	f.acc.sg	1	viliptīm	2	dcs:640163
vimalakīrtti	vimalakīrti	NOUN	compound-member		1		2	dcs:640988
vinirmātrī	vinirmātṛ	ADJ	coverage-hole	f.nom.sg	1		2	dcs:451859
vinivāraṇām	vinivāraṇa	ADJ	coverage-hole	f.acc.sg	1		2	dcs:415189
vināyakām	vināyaka	NOUN	coverage-hole	f.acc.sg	1		2	dcs:393994
vināśanām	vināśana	ADJ	coverage-hole	f.acc.sg	1		2	dcs:452481
vināśayitrīm	vināśayitṛ	ADJ	slot-conflict	f.acc.sg	1	vināśayitāram	2	dcs:477549
vipanyuvaḥ	vipanyu	ADJ	slot-conflict	f.nom.pl	1	vipanyavaḥ	2	dcs:608614
vipaśyi	vipaśyin	NOUN	compound-member		1		2	dcs:723532
viprakārām	viprakāra	NOUN	coverage-hole	f.acc.sg	1		2	dcs:357977
vipralabdhāraḥ	vipralabdhṛ	ADJ	coverage-hole	m.nom.pl	1		2	dcs:358807
viprekṣaṇā	viprekṣaṇa	ADJ	coverage-hole	f.nom.sg	1		2	dcs:125885
viprekṣitau	viprekṣita	NOUN	coverage-hole	m.nom.du	1		2	dcs:126837
vipremāṇam	vipreman	NOUN	coverage-hole	m.acc.sg	1		2	dcs:650368_1
viroddhāram	viroddhṛ	ADJ	coverage-hole	m.acc.sg	1		2	dcs:187142
virāṣāṭ	virāṣah	ADJ	slot-conflict	f.nom.sg	1	virāṣaṭ	2	dcs:592594_3
virūpaśarma	virūpaśarman	NOUN	compound-member		1		2	dcs:626529
visarpiṇyaḥ	visarpin	ADJ	coverage-hole	f.nom.pl	1		2	dcs:708869
vistārāṇi	vistāra	NOUN	coverage-hole	n.nom.pl	1		2	dcs:747807
vivekataḥ	viveka	NOUN	slot-conflict	m.abl.sg	1	vivekāt	2	dcs:456915
vivāhāṁ	vivāha	NOUN	slot-conflict	m.acc.pl	1	vivāhān	2	dcs:640231
vivītāni	vivīta	NOUN	coverage-hole	n.acc.pl	1		2	dcs:464660
viyogayā	viyoga	NOUN	coverage-hole	f.instr.sg	1		2	dcs:617135
viśikhāsaḥ	viśikha	ADJ	slot-conflict	m.nom.pl	1	viśikhāḥ	2	dcs:684267
viśpatyā	viśpati	NOUN	slot-conflict	m.instr.sg	1	viśpatinā	2	dcs:680407
viśrāntīni	viśrānti	NOUN	coverage-hole	n.nom.pl	1		2	dcs:48260
viśvajyotīḥ	viśvajyotis	NOUN	slot-conflict	m.nom.sg	1	viśvajyotiḥ	2	dcs:455528
viśvaminvebhiḥ	viśvaminva	ADJ	slot-conflict	m.instr.pl	1	viśvaminvaiḥ	2	dcs:600136_1
viśvatūr	viśvatur	ADJ	slot-conflict	m.nom.sg	1	viśvatūḥ	2	dcs:606974
viśvāyuva	viśvāyu	ADJ	slot-conflict	f.nom.pl	1	viśvāyavaḥ	2	dcs:747355
viśvāṣāh	viśvāsah	ADJ	slot-conflict	m.nom.sg	2	viśvāsaṭ	2	dcs:639830
viśātanām	viśātana	ADJ	coverage-hole	f.acc.sg	1		2	dcs:90867
viṣamuṣṭinā	viṣamuṣṭi	NOUN	coverage-hole	m.instr.sg	1		2	dcs:428184
viṣphāra	visphāra	NOUN	compound-member		1		2	dcs:531880
viṣpitā	viṣpita	NOUN	slot-conflict	n.acc.pl	1	viṣpitāni	2	dcs:606569_1
viṣṇuvantā	viṣṇuvat	ADJ	slot-conflict	m.nom.du	1	viṣṇuvantau	2	dcs:605267
viṣṇuvoḥ	viṣṇu	NOUN	slot-conflict	m.gen.du	1	viṣṇvoḥ	2	dcs:440838
viṣṇuśarma	viṣṇuśarman	NOUN	compound-member		1		2	dcs:351364
vratadugham	vrataduh	NOUN	slot-conflict	f.acc.sg	1	vrataduham	2	dcs:672597
vratatyau	vratati	NOUN	slot-conflict	f.acc.du	1	vratatī	2	dcs:431824
vrātapatām	vrātapata	ADJ	coverage-hole	f.acc.sg	1		2	dcs:518624_1
vrīḍebhiḥ	vrīḍā	NOUN	coverage-hole	n.instr.pl	1		2	dcs:103029
vyajanau	vyajana	NOUN	coverage-hole	m.acc.du	1		2	dcs:759768
vyajaninī	vyajanin	ADJ	coverage-hole	f.nom.sg	1		2	dcs:365859
vyapekṣaiḥ	vyapekṣā	NOUN	coverage-hole	m.voc.sg	1		2	dcs:45083
vyasanān	vyasana	NOUN	coverage-hole	m.acc.pl	1		2	dcs:283512
vyatheṣu	vyathā	NOUN	coverage-hole	m.loc.pl	1		2	dcs:99846
vyavacchedayā	vyavaccheda	NOUN	coverage-hole	f.instr.sg	1		2	dcs:629803
vyavasthaḥ	vyavasthā	NOUN	coverage-hole	m.nom.sg	1		2	dcs:630025
vyavasthāpanayā	vyavasthāpana	NOUN	coverage-hole	f.instr.sg	1		2	dcs:422869
vyañjanī	vyañjana	ADJ	coverage-hole	f.nom.sg	1		2	dcs:747248
vyaḍambakāḥ	vyaḍambaka	NOUN	coverage-hole	m.nom.pl	1		2	dcs:75845
vyombhiḥ	vyoman	NOUN	slot-conflict	n.instr.pl	1	vyomabhiḥ	2	dcs:533861
vyāghāraṇāḥ	vyāghāraṇa	ADJ	coverage-hole	m.nom.pl	1		2	dcs:728960
vyāhāvām	vyāhāva	NOUN	coverage-hole	f.acc.sg	1		2	dcs:651261
vyāhṛtībhyāṃ	vyāhṛti	NOUN	slot-conflict	f.instr.du	1	vyāhṛtibhyām	2	dcs:746240
vyājataḥ	vyāja	NOUN	slot-conflict	m.abl.sg	1	vyājāt	2	dcs:616283
vyāmayā	vyāma	NOUN	coverage-hole	f.instr.sg	1		2	dcs:698069
vyāmām	vyāma	NOUN	coverage-hole	f.acc.sg	1		2	dcs:277718
vyāmāni	vyāma	NOUN	coverage-hole	n.nom.pl	1		2	dcs:6148
vyāpakām	vyāpaka	ADJ	coverage-hole	f.acc.sg	1		2	dcs:537223
vyāpārāṇi	vyāpāra	NOUN	coverage-hole	n.nom.pl	1		2	dcs:772223
vyāyāmataḥ	vyāyāma	NOUN	slot-conflict	m.abl.sg	1	vyāyāmāt	2	dcs:26725
vyūhāni	vyūha	NOUN	coverage-hole	n.acc.pl	1		2	dcs:667408
vācayitrī	vācayitṛ	ADJ	slot-conflict	f.nom.sg	1	vācayitā	2	dcs:664029
vāditrān	vāditra	NOUN	coverage-hole	m.acc.pl	1		2	dcs:454240
vāhanībhiḥ	vāhana	ADJ	coverage-hole	f.instr.pl	1		2	dcs:695612
vāhanīm	vāhana	ADJ	coverage-hole	f.acc.sg	1		2	dcs:674497_1
vāhanīḥ	vāhana	ADJ	coverage-hole	f.nom.pl	1		2	dcs:612777
vāhyakāḥ	vāhyaka	NOUN	coverage-hole	f.nom.pl	1		2	dcs:521797
vāhāsaḥ	vāha	ADJ	slot-conflict	m.nom.pl	1	vāhāḥ	2	dcs:600094
vāhīka	bāhīka	ADJ	compound-member		1		2	dcs:553101
vājavantā	vājavat	ADJ	slot-conflict	m.nom.du	1	vājavantau	2	dcs:605269
vājābhiḥ	vāja	NOUN	coverage-hole	f.instr.pl	1		2	dcs:600680
vākovākyāḥ	vākovākya	NOUN	coverage-hole	m.nom.pl	1		2	dcs:688782_1
vāksu	vāc	NOUN	slot-conflict	f.loc.pl	1	vākṣu	2	dcs:728689
vākyau	vākya	NOUN	coverage-hole	m.nom.du	1		2	dcs:302479
vālukebhiḥ	vālukā	NOUN	coverage-hole	n.instr.pl	1		2	dcs:123399
vāpanāḥ	vāpana	NOUN	coverage-hole	m.nom.pl	1		2	dcs:111524
vāpikam	vāpikā	NOUN	coverage-hole	n.acc.sg	1		2	dcs:624336
vāraṅgāṇi	vāraṅga	NOUN	coverage-hole	n.nom.pl	1		2	dcs:1141
vārdhuṣike	vārddhuṣika	NOUN	slot-conflict	m.loc.sg	1	vārddhuṣike	2	dcs:751666
vārdhuṣiṃ	vārddhuṣi	NOUN	slot-conflict	m.acc.sg	1	vārddhuṣim	2	dcs:751193
vāriṇām	vāri	NOUN	slot-conflict	n.gen.pl	1	vārīṇām	2	dcs:632124
vārkṣāṃ	vārkṣa	ADJ	coverage-hole	f.acc.sg	1		2	dcs:100379
vārtaiḥ	vārttā	NOUN	coverage-hole	m.instr.pl	1		2	dcs:630513
vārtābhiḥ	vārttā	NOUN	slot-conflict	f.instr.pl	1	vārttābhiḥ	2	dcs:629948
vārtānām	vārttā	NOUN	coverage-hole	m.gen.pl	1		2	dcs:88739
vārāsaḥ	vāra	NOUN	slot-conflict	m.nom.pl	1	vārāḥ	2	dcs:605666
vāsagṛhām	vāsagṛha	NOUN	coverage-hole	f.acc.sg	1		2	dcs:624141
vāsanebhiḥ	vāsanā	NOUN	coverage-hole	n.instr.pl	1		2	dcs:523013
vātāsaḥ	vāta	NOUN	slot-conflict	m.nom.pl	2	vātāḥ	2	dcs:610938
vāyuvoḥ	vāyu	NOUN	slot-conflict	m.loc.du	1	vāyvoḥ	2	dcs:538059
vāñcham	vāñchā	NOUN	coverage-hole	m.acc.sg	1		2	dcs:560526
vāḍava	vāḍaba	NOUN	slot-conflict	m.nom.sg	1	vāḍabaḥ	2	dcs:630796
vāḍavāt	vāḍaba	NOUN	slot-conflict	m.abl.sg	1	vāḍabāt	2	dcs:553026
vīdhriyāya	vīdhrya	ADJ	slot-conflict	m.dat.sg	1	vīdhryāya	2	dcs:684204
vīradhanva	vīradhanvan	NOUN	compound-member		1		2	dcs:247344
vīravarma	vīravarman	NOUN	compound-member		1		2	dcs:618260
vīrāsanāḥ	vīrāsana	NOUN	coverage-hole	m.nom.pl	1		2	dcs:371321
vīvartaḥ	vivarta	NOUN	slot-conflict	m.nom.sg	2	vivartaḥ	2	dcs:737757
vīṇaiḥ	vīṇā	NOUN	coverage-hole	m.instr.pl	1		2	dcs:560491
vīṇam	vīṇā	NOUN	coverage-hole	n.acc.sg	1		2	dcs:524456
vīṇena	vīṇā	NOUN	coverage-hole	m.instr.sg	1		2	dcs:630356
vīṭakān	vīṭaka	NOUN	coverage-hole	m.acc.pl	1		2	dcs:630347
vṛbhyaḥ	vṛ	NOUN	lexicon-gap	m.abl.pl	1		2	dcs:554659
vṛkyaṃ	vṛkī	NOUN	slot-conflict	f.acc.sg	1	vṛkīm	2	dcs:612158
vṛttīn	vṛtti	NOUN	coverage-hole	m.acc.pl	1		2	dcs:316338
vṛṣapāṇāsa	vṛṣapāṇa	ADJ	slot-conflict	m.nom.pl	1	vṛṣapāṇāḥ	2	dcs:594825
vṛṣatvanā	vṛṣatvana	NOUN	slot-conflict	n.instr.sg	1	vṛṣatvanena	2	dcs:604463
vṛṣaṇām	vṛṣaṇa	NOUN	coverage-hole	f.acc.sg	1		2	dcs:430875
yajatebhiḥ	yajata	ADJ	slot-conflict	m.instr.pl	1	yajataiḥ	2	dcs:599095
yajyūṃr	yajyu	ADJ	slot-conflict	m.acc.pl	1	yajyūn	2	dcs:599552
yajñopavītā	yajñopavīta	NOUN	coverage-hole	f.nom.sg	1		2	dcs:414824
yajñāṁ	yajña	NOUN	slot-conflict	m.acc.pl	1	yajñān	2	dcs:596882
yakat	yaka	PRON	slot-conflict	n.nom.sg	1	yakam	2	dcs:646916_1
yakne	yakṛt	NOUN	slot-conflict	n.dat.sg	1	yakṛte	2	dcs:649798
yakṣmāṁ	yakṣma	NOUN	slot-conflict	m.acc.pl	1	yakṣmān	2	dcs:636099
yameśvarau	yameśvara	NOUN	coverage-hole	m.nom.du	1		2	dcs:408148
yamiṣṭhāsaḥ	yamiṣṭha	ADJ	slot-conflict	m.nom.pl	1	yamiṣṭhāḥ	2	dcs:593079
yamuna	yamunā	NOUN	compound-member		1		2	dcs:674137
yantrāsaḥ	yantra	NOUN	coverage-hole	m.nom.pl	1		2	dcs:611436_1
yantrāyāḥ	yantra	NOUN	coverage-hole	f.gen.sg	1		2	dcs:448433
yantārā	yantṛ	NOUN	slot-conflict	m.nom.du	1	yantārau	2	dcs:595188
yathābhyām	yathā	NOUN	coverage-hole	f.instr.du	1		2	dcs:555206
yathācchandasam	yathāchandasam	ADV	indeclinable		1		2	dcs:737184
yathāsaṃbhavi	yathāsambhavin	ADJ	slot-conflict	n.acc.sg	1	yathāsambhavi	2	dcs:620239
yatnāyāḥ	yatna	NOUN	coverage-hole	f.gen.sg	1		2	dcs:478086
yatrayoḥ	yatra	NOUN	coverage-hole	m.loc.du	1		2	dcs:552661
yavāguṃ	yavāgū	NOUN	slot-conflict	f.acc.sg	1	yavāgūm	2	dcs:727972
yaḍbhyaḥ	yaj	ADJ	lexicon-gap	m.dat.pl	1		2	dcs:741810
yaṣṭimadhukebhiḥ	yaṣṭimadhukā	NOUN	coverage-hole	n.instr.pl	1		2	dcs:38437
yaṣṭyāhvāni	yaṣṭyāhva	NOUN	coverage-hole	n.nom.pl	1		2	dcs:38511
yevāṣāsaḥ	yevāṣa	NOUN	slot-conflict	m.nom.pl	1	yevāṣāḥ	2	dcs:635501
yodhīyān	yodhīyas	ADJ	coverage-hole	m.nom.sg	1		2	dcs:595481
yogāni	yoga	NOUN	coverage-hole	n.nom.pl	1		2	dcs:73864
yojanyām	yojana	NOUN	coverage-hole	f.loc.sg	1		2	dcs:622332
yoktrakā	yoktraka	NOUN	coverage-hole	f.nom.sg	1		2	dcs:631596
yoktrān	yoktra	NOUN	coverage-hole	m.acc.pl	1		2	dcs:214834
yoktrāyāḥ	yoktra	NOUN	coverage-hole	f.gen.sg	1		2	dcs:698540
yoktrī	yoktṛ	ADJ	slot-conflict	f.nom.sg	1	yoktā	2	dcs:531357
yoniyoḥ	yoni	NOUN	slot-conflict	m.gen.du	1	yonyoḥ	2	dcs:81695
yonīṃr	yoni	NOUN	slot-conflict	m.acc.pl	1	yonīn	2	dcs:731591_1
yopanīm	yopana	ADJ	coverage-hole	f.acc.sg	1		2	dcs:635405
yopanīḥ	yopana	ADJ	coverage-hole	f.acc.pl	1		2	dcs:647268
yoṣitaiḥ	yoṣitā	NOUN	coverage-hole	m.instr.pl	1		2	dcs:398723
yoṣātaḥ	yoṣā	NOUN	slot-conflict	f.abl.sg	1	yoṣāyāḥ	2	dcs:748908
yugau	yuga	NOUN	coverage-hole	m.nom.du	1		2	dcs:195758
yācñam	yācñā	NOUN	coverage-hole	m.acc.sg	1		2	dcs:617191
yāmalām	yāmala	NOUN	coverage-hole	f.acc.sg	1		2	dcs:533925
yāmebhiḥ	yāma	NOUN	slot-conflict	m.instr.pl	2	yāmaiḥ	2	dcs:604118
yāvantyaḥ	yāvat	ADJ	coverage-hole	f.nom.pl	1		2	dcs:668418
yāśavaḥ	yāśu	NOUN	coverage-hole	m.nom.pl	1		2	dcs:612507
yūpataḥ	yūpa	NOUN	slot-conflict	m.abl.sg	1	yūpāt	2	dcs:94358
ābandhanā	ābandhana	NOUN	coverage-hole	f.nom.sg	1		2	dcs:117342
ābharaṇān	ābharaṇa	NOUN	coverage-hole	m.acc.pl	1		2	dcs:143841
ābharaṇāsu	ābharaṇa	NOUN	coverage-hole	f.loc.pl	1		2	dcs:763585
ābhicārikām	ābhicārika	ADJ	coverage-hole	f.acc.sg	1		2	dcs:357980
ābhāsanayā	ābhāsana	NOUN	coverage-hole	f.instr.sg	1		2	dcs:47672
ābhāsanāyām	ābhāsana	NOUN	coverage-hole	f.loc.sg	1		2	dcs:533158
ācaraṇām	ācaraṇa	NOUN	coverage-hole	f.acc.sg	1		2	dcs:630819
ācchādanau	ācchādana	NOUN	coverage-hole	m.nom.du	1		2	dcs:6278
ācchādanā	ācchādana	NOUN	coverage-hole	f.nom.sg	1		2	dcs:286405
āchad	ācchad	NOUN	compound-member		1		2	dcs:640615
āchadi	ācchad	NOUN	slot-conflict	f.loc.sg	1	ācchadi	2	dcs:755399
āchettā	ācchettṛ	NOUN	slot-conflict	m.nom.sg	1	ācchettā	2	dcs:727002
āchādanaṃ	ācchādana	NOUN	slot-conflict	n.nom.sg	1	ācchādanam	2	dcs:773315
āchādanāt	ācchādana	NOUN	slot-conflict	n.abl.sg	1	ācchādanāt	2	dcs:698611
ādarāṇi	ādara	NOUN	coverage-hole	n.nom.pl	1		2	dcs:629944
ādhipatyām	ādhipatya	NOUN	coverage-hole	f.acc.sg	1		2	dcs:357678
ādhmānau	ādhmāna	NOUN	coverage-hole	m.acc.du	1		2	dcs:6481
ādhānān	ādhāna	NOUN	coverage-hole	m.acc.pl	1		2	dcs:98370
ādityavarma	ādityavarman	NOUN	compound-member		1		2	dcs:613953
ādānataḥ	ādāna	NOUN	slot-conflict	n.abl.sg	1	ādānāt	2	dcs:18333
ādībhyām	ādi	NOUN	slot-conflict	n.instr.du	1	ādibhyām	2	dcs:70849
āghrāṇataḥ	āghrāṇa	NOUN	slot-conflict	n.abl.sg	1	āghrāṇāt	2	dcs:616051
āgnyādheyikāṃ	āgnyādheyika	ADJ	coverage-hole	f.acc.sg	1		2	dcs:689026
āgnāvaiṣṇavyau	āgnāvaiṣṇava	ADJ	coverage-hole	f.nom.du	1		2	dcs:650087_1
āgnīdhrīyāyai	āgnīdhrīya	ADJ	coverage-hole	f.dat.sg	1		2	dcs:652310
āgrayaṇakāḥ	āgrayaṇaka	NOUN	coverage-hole	m.nom.pl	1		2	dcs:123367
āhvayanāḥ	āhvayana	NOUN	coverage-hole	m.nom.pl	1		2	dcs:121071
āhvayāni	āhvaya	NOUN	coverage-hole	n.acc.pl	1		2	dcs:383745
āhārikām	āhārika	ADJ	coverage-hole	f.acc.sg	1		2	dcs:645645
āhāvāni	āhāva	NOUN	coverage-hole	n.nom.pl	1		2	dcs:692213
ājagarām	ājagara	ADJ	coverage-hole	f.acc.sg	1		2	dcs:583576
ājīvanī	ājīvana	ADJ	coverage-hole	f.nom.sg	1		2	dcs:364992
ākenipāsaḥ	ākenipa	ADJ	slot-conflict	m.nom.pl	1	ākenipāḥ	2	dcs:598872_1
ākharestha	ākhareṣṭha	ADJ	slot-conflict	m.nom.sg	1	ākhareṣṭhaḥ	2	dcs:746578
ākhuni	ākhu	NOUN	slot-conflict	m.loc.sg	1	ākhau	2	dcs:669892
ākrandām	ākranda	NOUN	coverage-hole	f.acc.sg	1		2	dcs:527231
ākrandāyāḥ	ākranda	NOUN	coverage-hole	f.gen.sg	1		2	dcs:526343
ākṛtinī	ākṛti	NOUN	coverage-hole	n.nom.du	1		2	dcs:29162
ākṛṣṭinā	ākṛṣṭi	NOUN	coverage-hole	m.instr.sg	1		2	dcs:361249
ālayām	ālaya	NOUN	coverage-hole	f.acc.sg	1		2	dcs:340034
ālayāyāḥ	ālaya	NOUN	coverage-hole	f.gen.sg	1		2	dcs:573270
ālohinīm	ālohita	ADJ	coverage-hole	f.acc.sg	1		2	dcs:630394
ālokām	āloka	NOUN	coverage-hole	f.acc.sg	1		2	dcs:347902
ālokāyāḥ	āloka	NOUN	coverage-hole	f.gen.sg	1		2	dcs:666439
āmalakāsu	āmalaka	NOUN	coverage-hole	f.loc.pl	1		2	dcs:64389
āmiṣān	āmiṣa	NOUN	coverage-hole	m.acc.pl	1		2	dcs:443659
ānandyā	ānandā	NOUN	slot-conflict	f.abl.sg	1	ānandāyāḥ	2	dcs:653952
ānanābhiḥ	ānana	NOUN	coverage-hole	f.instr.pl	1		2	dcs:477902
āndhrāsu	āndhra	ADJ	coverage-hole	f.loc.pl	1		2	dcs:448380
āntarikṣāsu	āntarikṣa	ADJ	coverage-hole	f.loc.pl	1		2	dcs:12131
ānukūlyā	ānukūlya	NOUN	coverage-hole	f.nom.sg	1		2	dcs:358430
ānuṣṭubhām	ānuṣṭubha	ADJ	coverage-hole	f.acc.sg	1		2	dcs:749143
ānvāhikām	ānvāhika	ADJ	coverage-hole	f.acc.sg	1		2	dcs:78802
āparāhṇikī	āparāhṇika	ADJ	coverage-hole	f.acc.du	1		2	dcs:670903
āpattīni	āpatti	NOUN	coverage-hole	n.acc.pl	1		2	dcs:749587
āpbhyaḥ	āp	NOUN	lexicon-gap	m.abl.pl	1		2	dcs:554064
āranālayā	āranāla	NOUN	coverage-hole	f.instr.sg	1		2	dcs:562944
āranālāḥ	āranāla	NOUN	coverage-hole	m.nom.pl	1		2	dcs:403904
ārhatayā	ārhata	ADJ	coverage-hole	f.instr.sg	1		2	dcs:631450
ārjaka	arjaka	NOUN	compound-member		1		2	dcs:27372
ārtagalāni	ārtagala	NOUN	coverage-hole	n.nom.pl	1		2	dcs:12451
ārtavebhiḥ	ārtava	NOUN	slot-conflict	m.instr.pl	1	ārtavaiḥ	2	dcs:674424
ārtavāsu	ārtava	ADJ	coverage-hole	f.loc.pl	1		2	dcs:58827
ārttiḥ	ārti	NOUN	slot-conflict	f.nom.sg	1	ārtiḥ	2	dcs:424754
ārtvijyā	ārtvijya	NOUN	slot-conflict	n.acc.pl	1	ārtvijyāni	2	dcs:593794
āryaduhitrī	āryaduhitṛ	NOUN	slot-conflict	f.nom.sg	1	āryaduhitā	2	dcs:523712
āryavarma	āryavarman	NOUN	compound-member		1		2	dcs:618148
ārādhanataḥ	ārādhana	NOUN	slot-conflict	n.abl.sg	1	ārādhanāt	2	dcs:624129
ārṣeyām	ārṣeya	NOUN	coverage-hole	f.acc.sg	1		2	dcs:751931
ārṣām	ārṣa	NOUN	coverage-hole	f.acc.sg	1		2	dcs:313307
āsadām	āsada	NOUN	coverage-hole	f.acc.sg	1		2	dcs:491038
āsanān	āsana	NOUN	coverage-hole	m.acc.pl	1		2	dcs:94606
āsravāṇi	āsrava	NOUN	coverage-hole	n.nom.pl	1		2	dcs:479386
āsthaiḥ	āsthā	NOUN	coverage-hole	n.instr.pl	1		2	dcs:625848
āsvādataḥ	āsvāda	NOUN	slot-conflict	m.abl.sg	1	āsvādāt	2	dcs:632938
āsyebhiḥ	āsya	NOUN	slot-conflict	m.instr.pl	1	āsyaiḥ	2	dcs:609256
ātmaghāti	ātmaghātin	NOUN	compound-member		1		2	dcs:547002
ātmakāsu	ātmaka	ADJ	coverage-hole	f.loc.pl	1		2	dcs:46325
ātmakāyāḥ	ātmaka	ADJ	coverage-hole	f.gen.sg	1		2	dcs:467841
ātmasaṃbhavā	ātmasambhavā	NOUN	slot-conflict	f.nom.sg	1	ātmasambhavā	2	dcs:627919
ātyantikām	ātyantika	ADJ	coverage-hole	f.acc.sg	1		2	dcs:545947
āveśayā	āveśa	NOUN	coverage-hole	f.instr.sg	1		2	dcs:683482
āvyādhām	āvyādha	NOUN	coverage-hole	f.acc.sg	1		2	dcs:640734
āvāpām	āvāpa	NOUN	coverage-hole	f.acc.sg	1		2	dcs:263967
āvāsām	āvāsa	NOUN	coverage-hole	f.acc.sg	1		2	dcs:164427
āyavanān	āyavana	NOUN	coverage-hole	m.acc.pl	1		2	dcs:72647
āyudhebhiḥ	āyudha	NOUN	slot-conflict	n.instr.pl	1	āyudhaiḥ	2	dcs:602429
āyudhām	āyudha	NOUN	coverage-hole	f.acc.sg	1		2	dcs:233162
āyuṣkau	āyuṣka	NOUN	coverage-hole	m.nom.du	1		2	dcs:350540
āyāmāni	āyāma	NOUN	coverage-hole	n.acc.pl	1		2	dcs:29125
āñjasayā	āñjasa	ADJ	coverage-hole	f.instr.sg	1		2	dcs:487382
āḍambarām	āḍambara	NOUN	coverage-hole	f.acc.sg	1		2	dcs:577574
īkṣaṇayā	īkṣaṇa	NOUN	coverage-hole	f.instr.sg	1		2	dcs:529435
īkṣaṇāyāḥ	īkṣaṇa	NOUN	coverage-hole	f.gen.sg	1		2	dcs:573333
īpsvaḥ	īpsu	ADJ	slot-conflict	f.nom.pl	1	īpsavaḥ	2	dcs:751069_1
īrmāntāsaḥ	īrmānta	ADJ	slot-conflict	m.nom.pl	1	īrmāntāḥ	2	dcs:595214
īśitrī	īśitṛ	ADJ	coverage-hole	f.nom.sg	1		2	dcs:532804
śailaduhitrī	śailaduhitṛ	NOUN	slot-conflict	f.nom.sg	1	śailaduhitā	2	dcs:348537
śaityā	śaitya	NOUN	coverage-hole	f.nom.sg	1		2	dcs:21331
śaivām	śaiva	ADJ	coverage-hole	f.acc.sg	2		2	dcs:370847
śaiśirāsu	śaiśira	ADJ	coverage-hole	f.loc.pl	1		2	dcs:349237
śakali	śakalin	NOUN	compound-member		1		2	dcs:633400_1
śakramātrī	śakramātṛ	NOUN	slot-conflict	f.nom.sg	2	śakramātā	2	dcs:437965
śakṛdi	śakṛt	NOUN	slot-conflict	n.loc.sg	1	śakṛti	2	dcs:747915
śakṛtam	śakṛt	NOUN	coverage-hole	m.acc.sg	1		2	dcs:338964
śalyakāni	śalyaka	NOUN	coverage-hole	n.nom.pl	1		2	dcs:466126
śambhyām	śam	NOUN	coverage-hole	m.abl.du	1		2	dcs:553715
śamitārā	śamitṛ	NOUN	slot-conflict	m.nom.du	1	śamitārau	2	dcs:599771
śamvatyaḥ	śaṃvat	ADJ	coverage-hole	f.acc.pl	1		2	dcs:746096
śamyorvākasya	śaṃyorvāka	NOUN	slot-conflict	m.gen.sg	1	śaṃyorvākasya	2	dcs:712870
śamyorvākaḥ	śaṃyorvāka	NOUN	slot-conflict	m.nom.sg	1	śaṃyorvākaḥ	2	dcs:712617
śamyum	śaṃyu	NOUN	slot-conflict	m.acc.sg	1	śaṃyum	2	dcs:704048
śamyuvākau	śaṃyuvāka	NOUN	slot-conflict	m.acc.du	1	śaṃyuvākau	2	dcs:712108_1
śantamebhiḥ	śaṃtama	ADJ	slot-conflict	n.instr.pl	1	śaṃtamaiḥ	2	dcs:596447
śapathebhiḥ	śapatha	NOUN	slot-conflict	m.instr.pl	1	śapathaiḥ	2	dcs:633986
śapharukāṇi	śapharuka	NOUN	coverage-hole	n.nom.pl	1		2	dcs:630347
śapi	śap	NOUN	coverage-hole	m.loc.sg	1		2	dcs:554582
śapām	śap	NOUN	coverage-hole	m.gen.pl	1		2	dcs:551831
śapāyāḥ	śapa	NOUN	coverage-hole	f.gen.sg	1		2	dcs:349307
śaracchaśi	śaracchaśin	NOUN	compound-member		1		2	dcs:89898
śarayā	śara	NOUN	coverage-hole	f.instr.sg	1		2	dcs:626322
śarkarebhiḥ	śarkarā	NOUN	coverage-hole	n.instr.pl	1		2	dcs:15199
śarmāṇā	śarman	NOUN	slot-conflict	m.nom.du	1	śarmāṇau	2	dcs:593772
śarāvāpāṇi	śarāvāpa	NOUN	coverage-hole	n.acc.pl	1		2	dcs:275999
śastrakāḥ	śastraka	NOUN	coverage-hole	m.nom.pl	1		2	dcs:154902
śastrapadā	śastrapada	NOUN	coverage-hole	f.nom.sg	1		2	dcs:29515
śatadan	śatadat	ADJ	slot-conflict	m.nom.sg	1	śatadat	2	dcs:640870
śatapatraiḥ	śatapattra	NOUN	slot-conflict	m.instr.pl	1	śatapattraiḥ	2	dcs:93140
śataprasavataḥ	śataprasava	NOUN	slot-conflict	m.abl.sg	1	śataprasavāt	2	dcs:760565
śatavedhi	śatavedhin	NOUN	compound-member		1		2	dcs:483442
śatrutaḥ	śatru	NOUN	slot-conflict	m.abl.sg	2	śatroḥ	2	dcs:174038
śatrūṣāhaḥ	śatrūṣah	ADJ	slot-conflict	m.nom.pl	1	śatrūṣahaḥ	2	dcs:605924
śatāhvayebhiḥ	śatāhvayā	NOUN	coverage-hole	n.instr.pl	1		2	dcs:9885
śatāhvaḥ	śatāhvā	NOUN	coverage-hole	m.nom.sg	1		2	dcs:10313
śatāhvena	śatāhvā	NOUN	coverage-hole	m.instr.sg	1		2	dcs:9978
śatārdhāḥ	śatārdha	NOUN	coverage-hole	f.acc.pl	1		2	dcs:118077
śaucābhyaḥ	śauca	NOUN	coverage-hole	f.abl.pl	1		2	dcs:449149
śaucāyām	śauca	NOUN	coverage-hole	f.loc.sg	1		2	dcs:176192
śayyam	śayyā	NOUN	coverage-hole	n.acc.sg	1		2	dcs:486150
śayyān	śayyā	NOUN	coverage-hole	m.acc.pl	1		2	dcs:126509
śaśvattamāsaḥ	śaśvattama	ADJ	slot-conflict	m.nom.pl	1	śaśvattamāḥ	2	dcs:610095_1
śaśvāṁ	śaśvat	ADJ	slot-conflict	m.nom.sg	1	śaśvān	2	dcs:596570
śaśīyāṃsam	śaśīyas	ADJ	coverage-hole	m.acc.sg	1		2	dcs:598609
śaṃbaraḥ	śambara	NOUN	slot-conflict	m.nom.sg	1	śambaraḥ	2	dcs:516410
śaṃbhau	śambhu	NOUN	slot-conflict	m.loc.sg	1	śambhau	2	dcs:613192
śaṃbhubhyāṃ	śambhu	ADJ	slot-conflict	m.instr.du	1	śambhubhyām	2	dcs:647927
śevṛdhāsaḥ	śevṛdha	ADJ	slot-conflict	m.nom.pl	1	śevṛdhāḥ	2	dcs:596987
śikhāni	śikhā	NOUN	coverage-hole	n.acc.pl	1		2	dcs:358698
śilpavatyaḥ	śilpavat	ADJ	coverage-hole	f.nom.pl	1		2	dcs:464292
śilājatavaḥ	śilājatu	NOUN	coverage-hole	m.nom.pl	1		2	dcs:629800
śilājatum	śilājatu	NOUN	coverage-hole	m.acc.sg	1		2	dcs:50571
śiraspadām	śiraspada	NOUN	coverage-hole	f.acc.sg	1		2	dcs:150710
śirastrāṇāḥ	śirastrāṇa	NOUN	coverage-hole	m.nom.pl	1		2	dcs:261380
śirālā	sirāla	ADJ	slot-conflict	m.nom.pl	1	sirālāḥ	2	dcs:629799
śivavarma	śivavarman	NOUN	compound-member		1		2	dcs:613954
śiśve	śiśu	NOUN	slot-conflict	m.dat.sg	1	śiśave	2	dcs:596490_1
śiṃśumāryai	śiśumārī	NOUN	slot-conflict	f.dat.sg	1	śiśumāryai	2	dcs:661977
śiṃśumārī	śiśumārī	NOUN	slot-conflict	f.nom.sg	1	śiśumārī	2	dcs:661978
ślokayantrāsaḥ	ślokayantra	ADJ	slot-conflict	m.nom.pl	1	ślokayantrāḥ	2	dcs:608432
ślokām	śloka	ADJ	coverage-hole	f.acc.sg	1		2	dcs:558212
śmaśrau	śmaśru	NOUN	coverage-hole	m.loc.sg	1		2	dcs:493084
śmaśrukarmāṇaḥ	śmaśrukarman	NOUN	coverage-hole	m.nom.pl	1		2	dcs:442311
śnyaptre	śnaptra	NOUN	slot-conflict	n.nom.du	1	śnaptre	2	dcs:670955
śociṣas	śocis	NOUN	slot-conflict	n.gen.sg	1	śociṣaḥ	2	dcs:599199
śociṣmāṁ	śociṣmat	ADJ	slot-conflict	m.nom.sg	1	śociṣmān	2	dcs:595897_1
śophāni	śopha	NOUN	coverage-hole	n.nom.pl	1		2	dcs:10932
śramayuvaḥ	śramayu	ADJ	slot-conflict	f.nom.pl	1	śramayavaḥ	2	dcs:593338
śramāsaḥ	śrama	NOUN	slot-conflict	m.nom.pl	1	śramāḥ	2	dcs:601001
śromatebhiḥ	śromata	NOUN	slot-conflict	n.instr.pl	1	śromataiḥ	2	dcs:600944
śrīdhāmn	śrīdhāman	NOUN	coverage-hole	m.voc.sg	1		2	dcs:339674
śrīdāma	śrīdāman	NOUN	compound-member		1		2	dcs:763864
śrīkāṇi	śrīka	ADJ	coverage-hole	n.nom.pl	1		2	dcs:344294
śrīparṇinām	śrīparṇī	NOUN	coverage-hole	m.gen.pl	1		2	dcs:751432
śubhrāsaḥ	śubhra	ADJ	slot-conflict	m.nom.pl	1	śubhrāḥ	2	dcs:596537
śuddhadantīṣu	śuddhadat	ADJ	slot-conflict	f.loc.pl	1	śuddhadatsu	2	dcs:674389
śuddhitaḥ	śuddhi	NOUN	slot-conflict	f.abl.sg	1	śuddheḥ śuddhyāḥ	2	dcs:532272
śuddhiyoḥ	śuddhi	NOUN	coverage-hole	m.gen.du	1		2	dcs:355288
śuśrūṣaiḥ	śuśrūṣā	NOUN	coverage-hole	m.voc.sg	1		2	dcs:204526
śuśrūṣikā	śuśrūṣaka	ADJ	coverage-hole	f.nom.sg	1		2	dcs:657865
śuśumāra	śiśumāra	NOUN	compound-member		1		2	dcs:657522
śuṣmint	śuṣmin	ADJ	slot-conflict	m.voc.sg	1	śuṣmin	2	dcs:635025
śvajīvi	śvajīvin	NOUN	compound-member		1		2	dcs:443274
śvaśruve	śvaśrū	NOUN	slot-conflict	f.dat.sg	1	śvaśrvai	2	dcs:618265
śvaśruvāḥ	śvaśrū	NOUN	slot-conflict	f.abl.sg	1	śvaśrvāḥ	2	dcs:647220_1
śvaḥstotriyā	śvaḥstotriya	NOUN	coverage-hole	m.nom.pl	1		2	dcs:743500
śvetavāji	śvetavājin	NOUN	compound-member		1		2	dcs:195774
śvibhyaḥ	śvi	NOUN	lexicon-gap	m.abl.pl	1		2	dcs:552233
śvitnyebhiḥ	śvitnya	ADJ	slot-conflict	m.instr.pl	1	śvitnyaiḥ	2	dcs:593914
śvyoḥ	śvi	NOUN	lexicon-gap	m.gen.du	1		2	dcs:552224
śākhebhiḥ	śākhā	NOUN	coverage-hole	n.instr.pl	1		2	dcs:106298
śāmyavākam	śāmyavākā	NOUN	coverage-hole	m.acc.sg	1		2	dcs:470125
śārṅgadhanūḥ	śārṅgadhanus	NOUN	slot-conflict	m.nom.sg	1	śārṅgadhanuḥ	2	dcs:364251
śāsām	śās	NOUN	lexicon-gap	m.gen.pl	1		2	dcs:596258_1
śātakaumbhīṃ	śātakaumbha	ADJ	coverage-hole	f.acc.sg	1		2	dcs:629857
śātanām	śātana	ADJ	coverage-hole	f.acc.sg	1		2	dcs:133891
śāśvatāyai	śāśvata	ADJ	coverage-hole	f.dat.sg	1		2	dcs:509191
śāṃbhavā	śāmbhava	ADJ	slot-conflict	m.nom.pl	1	śāmbhavāḥ	2	dcs:615868
śīghrajanma	śīghrajanman	NOUN	coverage-hole	n.nom.sg	1		2	dcs:27211
śīrṣaṇā	śīrṣan	NOUN	slot-conflict	n.instr.sg	2	śīrṣṇā	2	dcs:91600
śīrṣṇyaḥ	śīrṣan	NOUN	coverage-hole	f.nom.pl	1		2	dcs:499339
śīrṣṭeṣu	śīṣṭa	NOUN	slot-conflict	m.loc.pl	1	śīṣṭeṣu	2	dcs:674237
śūghanāsaḥ	śūghana	ADJ	slot-conflict	m.nom.pl	1	śūghanāḥ	2	dcs:599065_1
śūnyataḥ	śūnya	ADJ	slot-conflict	m.abl.sg	1	śūnyāt	2	dcs:632942
śūrebhiḥ	śūra	ADJ	slot-conflict	m.instr.pl	2	śūraiḥ	2	dcs:591910
śūṣebhiḥ	śūṣa	NOUN	slot-conflict	m.instr.pl	1	śūṣaiḥ	2	dcs:609377_1
śṛṅgaverāṇi	śṛṅgavera	NOUN	coverage-hole	n.nom.pl	1		2	dcs:2874
śṛṅgivera	śṛṅgavera	NOUN	compound-member		1		2	dcs:465299
śṛṅgāṭām	śṛṅgāṭa	NOUN	coverage-hole	f.acc.sg	1		2	dcs:241410
śṝbhyaḥ	śṝ	NOUN	lexicon-gap	m.abl.pl	1		2	dcs:552479
ūdhassu	ūdhas	NOUN	slot-conflict	n.loc.pl	1	ūdhaḥsu	2	dcs:610323
ūdhnaḥ	ūdhas	NOUN	slot-conflict	n.abl.sg	1	ūdhasaḥ	2	dcs:598411
ūrddhvaṃ	ūrdhva	ADJ	slot-conflict	n.acc.sg	1	ūrdhvam	2	dcs:49838
ūrdhvavātāyām	ūrdhvavāta	NOUN	coverage-hole	f.loc.sg	1		2	dcs:33820
ūruṇī	ūru	NOUN	coverage-hole	n.nom.du	1		2	dcs:543975
ūrvaṣṭīve	ūrvaṣṭhīva	NOUN	slot-conflict	n.nom.du	1	ūrvaṣṭhīve	2	dcs:684610
ūrṇebhiḥ	ūrṇā	NOUN	coverage-hole	n.instr.pl	1		2	dcs:431900
ūrṇoḥ	ūrṇu	NOUN	lexicon-gap	m.abl.sg	1		2	dcs:551634
ūrṇāvābhayaḥ	ūrṇavābhi	NOUN	slot-conflict	m.nom.pl	1	ūrṇavābhayaḥ	2	dcs:677288
ṛbhumantā	ṛbhumat	ADJ	slot-conflict	m.nom.du	1	ṛbhumantau	2	dcs:605269
ṛbhumāṁ	ṛbhumat	ADJ	slot-conflict	m.nom.sg	1	ṛbhumān	2	dcs:594111
ṛcharā	ṛccharā	NOUN	slot-conflict	f.nom.pl	1	ṛccharāḥ	2	dcs:638950
ṛddhinā	ṛddhi	NOUN	coverage-hole	m.instr.sg	1		2	dcs:624317
ṛdhām	ṛdh	NOUN	lexicon-gap	m.gen.pl	1		2	dcs:555128
ṛjipyāsaḥ	ṛjipya	ADJ	slot-conflict	m.nom.pl	1	ṛjipyāḥ	2	dcs:596482_1
ṛjīnasi	ṛjūnas	NOUN	slot-conflict	m.loc.sg	1	ṛjūnasi	2	dcs:674213
ṛkṣataḥ	ṛkṣa	ADJ	slot-conflict	n.abl.sg	2	ṛkṣāt	2	dcs:706329
ṛtenā	ṛta	NOUN	slot-conflict	n.instr.sg	1	ṛtena	2	dcs:612326
ṛtuvoḥ	ṛtu	NOUN	slot-conflict	m.gen.du	1	ṛtvoḥ	2	dcs:150913
ṛtvijbhyām	ṛtvij	NOUN	slot-conflict	m.abl.du	1	ṛtvigbhyām	2	dcs:553512
ṛṣiyoḥ	ṛṣi	NOUN	slot-conflict	m.gen.du	1	ṛṣyoḥ	2	dcs:177095
ṛṣiṇām	ṛṣi	NOUN	slot-conflict	m.gen.pl	1	ṛṣīṇām	2	dcs:761931
ṛṣiṣāh	ṛṣiṣah	ADJ	slot-conflict	m.nom.sg	1	ṛṣiṣaṭ	2	dcs:608474_2
ṛṣvāsaḥ	ṛṣva	ADJ	slot-conflict	m.nom.pl	1	ṛṣvāḥ	2	dcs:593226_1
ṛṣīvas	ṛṣīvat	ADJ	slot-conflict	m.voc.sg	1	ṛṣīvan	2	dcs:603812_4
ṛṣṭini	ṛṣṭi	NOUN	coverage-hole	n.loc.sg	1		2	dcs:264882
ṣamidhā	samidh	NOUN	slot-conflict	f.instr.sg	1	samidhā	2	dcs:599243
ṣaṣṭhayā	ṣaṣṭha	ADJ	coverage-hole	f.instr.sg	1		2	dcs:364722
ṣaṭpañcāśatīm	ṣaṭpañcāśat	NOUN	slot-conflict	f.acc.sg	2	ṣaṭpañcāśatam	2	dcs:301979
ṣṭhiram	sthira	ADJ	slot-conflict	m.acc.sg	1	sthiram	2	dcs:593252
ṭaṅkaṇāni	ṭaṅkaṇa	NOUN	coverage-hole	n.nom.pl	1		2	dcs:390488
abhisaṃbandhaḥ	abhisambandha	NOUN	slot-conflict	m.nom.sg	1	abhisambandhaḥ	1	dcs:772372
abhiśocanau	abhiśocana	ADJ	coverage-hole	m.nom.du	1		1	dcs:649645
abālāni	abāla	ADJ	coverage-hole	n.acc.pl	1		1	dcs:64498
acakrebhiḥ	acakra	ADJ	slot-conflict	m.instr.pl	1	acakraiḥ	1	dcs:599748
acetanyaḥ	acetana	ADJ	coverage-hole	f.nom.pl	1		1	dcs:668086
acirataḥ	acira	ADJ	slot-conflict	n.abl.sg	1	acirāt	1	dcs:93515
adhaśśayyaḥ	adhaḥśayya	ADJ	slot-conflict	m.nom.sg	1	adhaḥśayyaḥ	1	dcs:746485
adhrigāvaḥ	adhrigu	NOUN	slot-conflict	m.nom.pl	1	adhrigavaḥ	1	dcs:604765
adhvanau	adhvan	NOUN	slot-conflict	m.nom.du	1	adhvānau	1	dcs:480575
adhyayanataḥ	adhyayana	NOUN	slot-conflict	n.abl.sg	1	adhyayanāt	1	dcs:552095
adhṛṣṭāsaḥ	adhṛṣṭa	ADJ	slot-conflict	m.nom.pl	1	adhṛṣṭāḥ	1	dcs:600507
adyatanām	adyatana	ADJ	coverage-hole	f.acc.sg	1		1	dcs:526261
adābhyāsaḥ	adābhya	ADJ	slot-conflict	m.nom.pl	1	adābhyāḥ	1	dcs:608370
adātri	adātṛ	ADJ	slot-conflict	m.loc.sg	1	adātari	1	dcs:81065
agnikībhiḥ	agnika	ADJ	coverage-hole	f.instr.pl	1		1	dcs:469885
ahanyebhiḥ	ahanya	ADJ	slot-conflict	m.instr.pl	1	ahanyaiḥ	1	dcs:599884
aharbhyaḥ	ahar	NOUN	slot-conflict	n.dat.pl	1	ahārbhyaḥ	1	dcs:566129
aikṣvākām	aikṣvāka	NOUN	coverage-hole	f.acc.sg	1		1	dcs:375337
aikṣvākāyām	aikṣvāka	NOUN	coverage-hole	f.loc.sg	1		1	dcs:167485
aindavām	aindava	ADJ	coverage-hole	f.acc.sg	1		1	dcs:40363
aiśānāyām	aiśāna	ADJ	coverage-hole	f.loc.sg	1		1	dcs:47700
ajyānībhiḥ	ajyāni	NOUN	slot-conflict	f.instr.pl	1	ajyānibhiḥ	1	dcs:469976
akavebhiḥ	akava	ADJ	slot-conflict	n.instr.pl	1	akavaiḥ	1	dcs:601760
akuśalīḥ	akuśala	ADJ	coverage-hole	f.acc.pl	1		1	dcs:679770
alpakām	alpaka	ADJ	coverage-hole	f.acc.sg	1		1	dcs:79105
alātṛṇāsaḥ	alātṛṇa	ADJ	slot-conflict	m.nom.pl	1	alātṛṇāḥ	1	dcs:595368
amitebhiḥ	amita	ADJ	slot-conflict	n.instr.pl	1	amitaiḥ	1	dcs:686776
amuṣmān	adas	PRON	coverage-hole	m.acc.pl	1		1	dcs:690687
amṛtavapūḥ	amṛtavapus	NOUN	slot-conflict	m.nom.sg	1	amṛtavapuḥ	1	dcs:380955
andhakūpataḥ	andhakūpa	NOUN	slot-conflict	m.abl.sg	1	andhakūpāt	1	dcs:613845
andhaṃbhāvukaḥ	andhambhāvuka	ADJ	slot-conflict	m.nom.sg	1	andhambhāvukaḥ	1	dcs:70166
antamebhiḥ	antama	ADJ	slot-conflict	m.instr.pl	1	antamaiḥ	1	dcs:595334
anāgatavidhātri	anāgatavidhātṛ	NOUN	slot-conflict	m.loc.sg	1	anāgatavidhātari	1	dcs:486753
apakartri	apakartṛ	ADJ	slot-conflict	m.loc.sg	1	apakartari	1	dcs:353488
aparebhiḥ	apara	ADJ	slot-conflict	m.instr.pl	1	aparaiḥ	1	dcs:601452
apavāhataḥ	apavāha	NOUN	slot-conflict	m.abl.sg	1	apavāhāt	1	dcs:708535
apikakṣebhiḥ	apikakṣa	NOUN	slot-conflict	m.instr.pl	1	apikakṣaiḥ	1	dcs:612265
aprāyuvaḥ	aprāyu	ADJ	slot-conflict	f.nom.pl	1	aprāyavaḥ	1	dcs:593640
apsarābhiḥ	apsaras	NOUN	slot-conflict	f.instr.pl	1	apsarobhiḥ	1	dcs:646172
apāṃpatiḥ	apāmpati	NOUN	slot-conflict	m.nom.sg	1	apāmpatiḥ	1	dcs:694761
araṃgamāsaḥ	araṃgama	ADJ	slot-conflict	m.nom.pl	1	araṃgamāḥ	1	dcs:640445
ariṣṭāsaḥ	ariṣṭa	ADJ	slot-conflict	m.nom.pl	1	ariṣṭāḥ	1	dcs:636865
aruṇāsaḥ	aruṇa	ADJ	slot-conflict	m.nom.pl	1	aruṇāḥ	1	dcs:601860
arvaśebhiḥ	arvaśa	ADJ	slot-conflict	m.instr.pl	1	arvaśaiḥ	1	dcs:611373
arvācīnāsaḥ	arvācīna	ADJ	slot-conflict	m.nom.pl	1	arvācīnāḥ	1	dcs:601068
asaścantī	asaścat	ADJ	slot-conflict	f.nom.sg	1	asaścat	1	dcs:605077
asthabhyaḥ	asthi	NOUN	slot-conflict	n.dat.pl	1	asthibhyaḥ	1	dcs:704348
asṛkpāṇi	asṛkpa	ADJ	coverage-hole	n.nom.pl	1		1	dcs:244241
atichandaḥ	aticchandas	NOUN	slot-conflict	n.nom.sg	1	aticchandaḥ	1	dcs:690124
atṛdilāsaḥ	atṛdila	ADJ	slot-conflict	m.nom.pl	1	atṛdilāḥ	1	dcs:611442
audumbarām	audumbara	ADJ	coverage-hole	f.acc.sg	1		1	dcs:340727
auttaṅkām	auttaṅka	ADJ	coverage-hole	f.acc.sg	1		1	dcs:320839
avarāsaḥ	avara	ADJ	slot-conflict	m.nom.pl	1	avare avarāḥ	1	dcs:600988
avataraṇīm	avataraṇa	ADJ	coverage-hole	f.acc.sg	1		1	dcs:625575
ayātayām	ayātayāman	ADJ	slot-conflict	n.nom.sg	1	ayātayāma	1	dcs:566781
aṃhoyuvaḥ	aṃhoyu	ADJ	slot-conflict	f.acc.pl	1	aṃhoyūḥ	1	dcs:599325
aṃhāriḥ	aṅghāri	NOUN	slot-conflict	m.nom.sg	1	aṅghāriḥ	1	dcs:742604
aṅkataḥ	aṅka	NOUN	slot-conflict	m.abl.sg	1	aṅkāt	1	dcs:619894
aṣṭatriṃśatī	aṣṭatriṃśat	NUM	slot-conflict	f.nom.sg	1	aṣṭatriṃśat	1	dcs:6362
barhirjyotīḥ	barhirjyotis	NOUN	slot-conflict	m.nom.sg	1	barhirjyotiḥ	1	dcs:332974
bhautikām	bhautika	ADJ	coverage-hole	f.acc.sg	1		1	dcs:6098
bhiyai	bhī	NOUN	slot-conflict	f.dat.sg	1	bhyai	1	dcs:606417
bhrātṛvyataḥ	bhrātṛvya	NOUN	slot-conflict	m.abl.sg	1	bhrātṛvyāt	1	dcs:671413
bhāllavinaḥ	bhāllavi	NOUN	slot-conflict	m.gen.sg	1	bhāllaveḥ	1	dcs:751554
bhānumas	bhānumat	ADJ	slot-conflict	m.voc.sg	1	bhānuman	1	dcs:599095
bhīruvaḥ	bhīru	ADJ	slot-conflict	f.nom.pl	1	bhīravaḥ	1	dcs:367033
bimboṣṭhām	bimboṣṭha	ADJ	coverage-hole	f.acc.sg	1		1	dcs:174567
bistāt	vista	NOUN	slot-conflict	m.abl.sg	1	vistāt	1	dcs:553472
brahmajyotīḥ	brahmajyotis	NOUN	slot-conflict	m.nom.sg	1	brahmajyotiḥ	1	dcs:155240
brahmnaḥ	brahman	NOUN	slot-conflict	m.acc.pl	1	brahmaṇaḥ	1	dcs:86910
brahmīyāḥ	brahmīyas	ADJ	coverage-hole	m.nom.sg	1		1	dcs:566811
bārhadukthībhiḥ	bārhaduktha	ADJ	coverage-hole	f.instr.pl	1		1	dcs:504739
bārhaspatām	bārhaspata	ADJ	coverage-hole	f.acc.sg	1		1	dcs:310337
bārhatayā	bārhata	ADJ	coverage-hole	f.instr.sg	1		1	dcs:571503
bārhatām	bārhata	ADJ	coverage-hole	f.acc.sg	1		1	dcs:571515
bāṣpataḥ	bāṣpa	NOUN	coverage-hole	n.abl.sg	1		1	dcs:26950
bībhatsuvaḥ	bībhatsu	ADJ	slot-conflict	f.nom.pl	1	bībhatsavaḥ	1	dcs:612113
caitrikāni	caitrika	ADJ	coverage-hole	n.acc.pl	1		1	dcs:436878
candrasām	candrasāman	NOUN	slot-conflict	n.nom.sg	1	candrasāma	1	dcs:443484
catuḥpadī	catuṣpada	ADJ	coverage-hole	f.nom.sg	1		1	dcs:686864
catuḥpañcāśat	catuṣpañcāśat	NOUN	slot-conflict	f.nom.sg	1	catuṣpañcāśat	1	dcs:364961
churudhaḥ	śurudh	NOUN	slot-conflict	f.acc.pl	1	śurudhaḥ	1	dcs:593347
cākṣuṣām	cākṣuṣa	ADJ	coverage-hole	f.acc.sg	1		1	dcs:575906
cāndrām	cāndra	ADJ	coverage-hole	f.acc.sg	1		1	dcs:18245
dahanataḥ	dahana	NOUN	slot-conflict	m.abl.sg	1	dahanāt	1	dcs:631373
daityahn	daityahan	NOUN	slot-conflict	m.voc.sg	1	daityahan	1	dcs:149146
daivāyāḥ	daiva	ADJ	coverage-hole	f.gen.sg	1		1	dcs:489503
dakṣebhiḥ	dakṣa	ADJ	slot-conflict	n.instr.pl	1	dakṣaiḥ	1	dcs:611906
dauṣyantām	dauṣyanta	ADJ	coverage-hole	f.acc.sg	1		1	dcs:337656
davīyasam	davīyas	ADJ	coverage-hole	f.acc.sg	1		1	dcs:616803
daśamām	daśama	ADJ	coverage-hole	f.acc.sg	1		1	dcs:300377
daṃśataḥ	daṃśa	NOUN	slot-conflict	m.abl.sg	1	daṃśāt	1	dcs:645853
devakarmebhiḥ	devakarma	NOUN	slot-conflict	m.instr.pl	1	devakarmaiḥ	1	dcs:612196
dhanataḥ	dhana	NOUN	slot-conflict	n.abl.sg	1	dhanāt	1	dcs:763006
dhanutarau	dhanutṛ	ADJ	slot-conflict	m.acc.du	1	dhanutārau	1	dcs:598706
dhiṣṇiyāsaḥ	dhiṣṇya	ADJ	slot-conflict	m.nom.pl	1	dhiṣṇyāḥ	1	dcs:425184
dhūmataḥ	dhūma	NOUN	slot-conflict	m.abl.sg	1	dhūmāt	1	dcs:431851
divābhiḥ	diva	ADJ	coverage-hole	f.instr.pl	1		1	dcs:743195
diśācakṣūḥ	diśācakṣus	NOUN	slot-conflict	m.nom.sg	1	diśācakṣuḥ	1	dcs:222976
druhyavi	druhyu	NOUN	slot-conflict	m.loc.sg	1	druhyau	1	dcs:604275
durnāmsu	durnāman	NOUN	coverage-hole	n.loc.pl	1		1	dcs:36196
duvasanāsaḥ	duvasana	ADJ	slot-conflict	m.nom.pl	1	duvasanāḥ	1	dcs:598089
duḥṣahāsaḥ	duḥṣaha	ADJ	slot-conflict	m.nom.pl	1	duḥṣahāḥ	1	dcs:608747
duṣṣvapnyāt	duḥṣvapnya	NOUN	slot-conflict	n.abl.sg	1	duḥṣvapnyāt	1	dcs:605722
duṣṭutāt	duḥṣṭuta	NOUN	slot-conflict	n.abl.sg	1	duḥṣṭutāt	1	dcs:463882
dveṣṭri	dveṣṭṛ	ADJ	slot-conflict	m.loc.sg	1	dveṣṭari	1	dcs:355215
dvicatvāriṃśatī	dvicatvāriṃśat	NUM	slot-conflict	f.nom.sg	1	dvicatvāriṃśat	1	dcs:158552
dvijātiyoḥ	dvijāti	NOUN	slot-conflict	m.gen.du	1	dvijātyoḥ	1	dcs:301718
dvāpañcāśatī	dvāpañcāśat	NOUN	slot-conflict	f.nom.sg	1	dvāpañcāśat	1	dcs:506800
dvāpañcāśatīm	dvāpañcāśat	NOUN	slot-conflict	f.acc.sg	1	dvāpañcāśatam	1	dcs:261680
dyumas	dyumat	ADJ	slot-conflict	m.voc.sg	1	dyuman	1	dcs:600674
dyutbhyaḥ	dyut	NOUN	slot-conflict	m.abl.pl	1	dyudbhyaḥ	1	dcs:551795
dīpanām	dīpana	ADJ	coverage-hole	f.acc.sg	1		1	dcs:64889
dūḍabhāsaḥ	dūḍabha	ADJ	slot-conflict	m.nom.pl	1	dūḍabhāḥ	1	dcs:603022
ehimāyāsaḥ	ehimāya	ADJ	slot-conflict	m.voc.pl	1	ehimāyāḥ	1	dcs:591816
ekādaśāyām	ekādaśa	ADJ	coverage-hole	f.loc.sg	1		1	dcs:86987
etādṛśām	etādṛśa	ADJ	coverage-hole	f.acc.sg	1		1	dcs:255298
gajabandhanā	gajabandhana	NOUN	coverage-hole	f.nom.sg	1		1	dcs:76663
ghoṇṭaḥ	ghoṇṭā	NOUN	coverage-hole	m.nom.sg	1		1	dcs:43443
giriduhitryā	giriduhitṛ	NOUN	slot-conflict	f.instr.sg	1	giriduhitrā	1	dcs:488735
giriyoḥ	giri	NOUN	slot-conflict	m.gen.du	1	giryoḥ	1	dcs:78214
gotaḥ	go	NOUN	slot-conflict	m.abl.sg	1	goḥ	1	dcs:554822
grāmāsaḥ	grāma	NOUN	slot-conflict	m.nom.pl	1	grāmāḥ	1	dcs:612156
grāvsu	grāvan	NOUN	slot-conflict	m.loc.pl	1	grāvasu	1	dcs:565457
gurvā	guru	ADJ	coverage-hole	f.instr.sg	1		1	dcs:256877
guṇebhiḥ	guṇa	NOUN	slot-conflict	m.instr.pl	1	guṇaiḥ	1	dcs:638902
gāndharvayā	gāndharva	ADJ	coverage-hole	f.instr.sg	1		1	dcs:176504
hiraṇmayābhiḥ	hiraṇmaya	ADJ	coverage-hole	f.instr.pl	1		1	dcs:197708
idaḥ	id	NOUN	coverage-hole	m.gen.sg	1		1	dcs:554946
imasmai	idam	PRON	coverage-hole	m.dat.sg	1		1	dcs:749165
indindiraḥ	indindirā	NOUN	coverage-hole	m.nom.sg	1		1	dcs:44023
indriyāvas	indriyāvat	ADJ	slot-conflict	m.voc.sg	1	indriyāvan	1	dcs:708177
iṅgudāyām	iṅguda	NOUN	coverage-hole	f.loc.sg	1		1	dcs:483470
iṣaṇaḥ	iṣan	NOUN	slot-conflict	n.gen.sg	1	iṣṇaḥ	1	dcs:598243
iṣirāsaḥ	iṣira	ADJ	slot-conflict	m.nom.pl	1	iṣirāḥ	1	dcs:608435
iṭataḥ	iṭa	NOUN	slot-conflict	m.abl.sg	1	iṭāt	1	dcs:612653
jaganmātryāḥ	jaganmātṛ	NOUN	slot-conflict	f.gen.sg	1	jaganmātuḥ	1	dcs:348125
jajjhatīḥ	jajhjhatī	NOUN	slot-conflict	f.acc.pl	1	jajhjhatīḥ	1	dcs:599951
jalajambukasya	jalajambukā	NOUN	coverage-hole	m.gen.sg	1		1	dcs:427687
jambhebhiḥ	jambha	NOUN	slot-conflict	m.instr.pl	1	jambhaiḥ	1	dcs:602195
jambhyebhiḥ	jambhya	NOUN	slot-conflict	m.instr.pl	1	jambhyaiḥ	1	dcs:696533
jambhāsaḥ	jambha	NOUN	slot-conflict	m.nom.pl	1	jambhāḥ	1	dcs:605939
jihvātaḥ	jihvā	NOUN	slot-conflict	f.abl.sg	1	jihvāyāḥ	1	dcs:645853
jāguḥ	jāgṛ	NOUN	lexicon-gap	m.abl.sg	1		1	dcs:552490
jīvāsaḥ	jīva	ADJ	slot-conflict	m.nom.pl	1	jīvāḥ	1	dcs:639908
kalyāṇayā	kalyāṇa	ADJ	coverage-hole	f.instr.sg	1		1	dcs:176764
karmakartri	karmakartṛ	NOUN	slot-conflict	m.loc.sg	1	karmakartari	1	dcs:42867
katamāt	katama	PRON	slot-conflict	m.abl.sg	1	katamasmāt	1	dcs:527328
katarāya	katara	PRON	slot-conflict	m.dat.sg	1	katarasmai	1	dcs:309042
kausīdām	kausīda	ADJ	coverage-hole	f.acc.sg	1		1	dcs:81029
kaṇvebhiḥ	kaṇva	NOUN	slot-conflict	m.instr.pl	1	kaṇvaiḥ	1	dcs:605171
ketebhiḥ	keta	NOUN	slot-conflict	m.instr.pl	1	ketaiḥ	1	dcs:597846
khajyotīḥ	khajyotis	NOUN	slot-conflict	m.nom.sg	1	khajyotiḥ	1	dcs:24340
kitavāsaḥ	kitava	NOUN	slot-conflict	m.nom.pl	1	kitavāḥ	1	dcs:600490
kiṃkarmaṇau	kiṃkarman	ADJ	slot-conflict	m.nom.du	1	kiṃkarmāṇau	1	dcs:222703
kiṃnām	kiṃnāman	ADJ	slot-conflict	n.nom.sg	1	kiṃnāma	1	dcs:418061
kratvāmaghāsaḥ	kratvāmagha	ADJ	slot-conflict	m.nom.pl	1	kratvāmaghāḥ	1	dcs:599593
krodhataḥ	krodha	NOUN	slot-conflict	m.abl.sg	1	krodhāt	1	dcs:520577
kukarmaṇau	kukarman	ADJ	slot-conflict	m.nom.du	1	kukarmāṇau	1	dcs:341197
kulmalabarhīḥ	kulmalabarhis	NOUN	slot-conflict	m.nom.sg	1	kulmalabarhiḥ	1	dcs:566974
kuśarāsaḥ	kuśara	NOUN	slot-conflict	m.nom.pl	1	kuśarāḥ	1	dcs:595776
kvajanmanau	kvajanman	ADJ	slot-conflict	m.nom.du	1	kvajanmānau	1	dcs:222703
kācchapām	kācchapa	ADJ	coverage-hole	f.acc.sg	1		1	dcs:417696
kāmadhenvaḥ	kāmadhenu	NOUN	slot-conflict	f.gen.sg	1	kāmadhenoḥ kāmadhenvāḥ	1	dcs:421582
kāsamardāyāḥ	kāsamarda	NOUN	coverage-hole	f.gen.sg	1		1	dcs:50860
kāñcanayā	kāñcana	ADJ	coverage-hole	f.instr.sg	1		1	dcs:91736
kāñcanāsu	kāñcana	ADJ	coverage-hole	f.loc.pl	1		1	dcs:148156
kāśeyām	kāśeya	ADJ	coverage-hole	f.acc.sg	1		1	dcs:147530
kīdṛśāyām	kīdṛśa	ADJ	coverage-hole	f.loc.sg	1		1	dcs:308196
kīṭamātrī	kīṭamātṛ	NOUN	slot-conflict	f.nom.sg	1	kīṭamātā	1	dcs:366476
kṛtakarmṇaḥ	kṛtakarman	ADJ	slot-conflict	m.acc.pl	1	kṛtakarmaṇaḥ	1	dcs:128955
kṛṣṇebhiḥ	kṛṣṇa	ADJ	slot-conflict	n.instr.pl	1	kṛṣṇaiḥ	1	dcs:593195
kṛṣṇāsaḥ	kṛṣṇa	ADJ	slot-conflict	m.nom.pl	1	kṛṣṇāḥ	1	dcs:594883
kṣaireyām	kṣaireya	ADJ	coverage-hole	f.acc.sg	1		1	dcs:33049
kṣmaḥ	kṣam	NOUN	slot-conflict	f.abl.sg	1	kṣamaḥ	1	dcs:593908
kṣodīyasam	kṣodīyas	ADJ	coverage-hole	m.acc.sg	1		1	dcs:572985
kṣodīyāṃsaḥ	kṣodīyas	ADJ	coverage-hole	m.nom.pl	1		1	dcs:736127
kṣullikāḥ	kṣullaka	ADJ	coverage-hole	f.nom.pl	1		1	dcs:663224
kṣātrām	kṣātra	ADJ	coverage-hole	f.acc.sg	1		1	dcs:314607
labdhuḥ	labdhṛ	ADJ	coverage-hole	m.gen.sg	1		1	dcs:84978
laukikayā	laukika	ADJ	coverage-hole	f.instr.sg	1		1	dcs:430950
laukikāsu	laukika	ADJ	coverage-hole	f.loc.pl	1		1	dcs:299362
lelitakām	lelitaka	NOUN	coverage-hole	f.acc.sg	1		1	dcs:36440
madebhiḥ	mada	NOUN	slot-conflict	m.instr.pl	1	madaiḥ	1	dcs:598714
madhupebhiḥ	madhupa	ADJ	slot-conflict	n.instr.pl	1	madhupaiḥ	1	dcs:592578
mahiṣāsaḥ	mahiṣa	NOUN	slot-conflict	m.nom.pl	1	mahiṣāḥ	1	dcs:593236
mahāsālaḥ	mahāśāla	NOUN	slot-conflict	m.nom.sg	1	mahāśālaḥ	1	dcs:760119
mahīmayāyām	mahīmaya	ADJ	coverage-hole	f.loc.sg	1		1	dcs:87356
makṣūtamebhiḥ	makṣūtama	ADJ	slot-conflict	n.instr.pl	1	makṣūtamaiḥ	1	dcs:607862
mandrayuvaḥ	mandrayu	ADJ	slot-conflict	f.nom.pl	1	mandrayavaḥ	1	dcs:608614
mandrebhiḥ	mandra	ADJ	slot-conflict	n.instr.pl	1	mandraiḥ	1	dcs:605474
mandrāsaḥ	mandra	ADJ	slot-conflict	m.nom.pl	1	mandrāḥ	1	dcs:743736
manojavebhiḥ	manojava	ADJ	slot-conflict	m.instr.pl	1	manojavaiḥ	1	dcs:601818
manuṣyāsaḥ	manuṣya	NOUN	slot-conflict	m.nom.pl	1	manuṣyāḥ	1	dcs:610794
manyvaḥ	manyu	NOUN	slot-conflict	f.gen.sg	1	manyoḥ manyvāḥ	1	dcs:190823
martyebhiḥ	martya	ADJ	slot-conflict	m.instr.pl	1	martyaiḥ	1	dcs:608741
martyendramātrī	martyendramātṛ	NOUN	slot-conflict	f.nom.sg	1	martyendramātā	1	dcs:19736
mathurātaḥ	mathurā	NOUN	slot-conflict	f.abl.sg	1	mathurāyāḥ	1	dcs:625385
matsyāsaḥ	matsya	NOUN	slot-conflict	m.nom.pl	1	matsyāḥ	1	dcs:602341
maurvām	maurva	ADJ	coverage-hole	f.acc.sg	1		1	dcs:102320
maśakataḥ	maśaka	NOUN	slot-conflict	m.abl.sg	1	maśakāt	1	dcs:645853
maṇḍūkamātrī	maṇḍūkamātṛ	NOUN	slot-conflict	f.nom.sg	1	maṇḍūkamātā	1	dcs:18912
medhirāsaḥ	medhira	ADJ	slot-conflict	m.nom.pl	1	medhirāḥ	1	dcs:605449
mithoavadyapebhiḥ	mithoavadyapa	ADJ	slot-conflict	m.instr.pl	1	mithoavadyapaiḥ	1	dcs:610733
mitrataḥ	mitra	NOUN	slot-conflict	n.abl.sg	1	mitrāt	1	dcs:766490
mitrāyuvaḥ	mitrāyu	ADJ	slot-conflict	f.nom.pl	1	mitrāyavaḥ	1	dcs:595491
mumukṣvaḥ	mumukṣu	ADJ	slot-conflict	f.nom.pl	1	mumukṣavaḥ	1	dcs:594848
mādhurām	mādhura	ADJ	coverage-hole	f.acc.sg	1		1	dcs:150032
mādṛśāyāḥ	mādṛśa	ADJ	coverage-hole	f.gen.sg	1		1	dcs:529187
māhendrām	māhendra	ADJ	coverage-hole	f.acc.sg	1		1	dcs:524372
māndhātri	māndhātṛ	NOUN	slot-conflict	m.loc.sg	1	māndhātari	1	dcs:148451
mānebhiḥ	māna	NOUN	slot-conflict	m.instr.pl	1	mānaiḥ	1	dcs:595648
mārḍīkebhiḥ	mārḍīka	NOUN	slot-conflict	n.instr.pl	1	mārḍīkaiḥ	1	dcs:604165
mātāraḥ	mātṛ	NOUN	slot-conflict	m.nom.pl	1	mātaraḥ	1	dcs:276093
mīḍhvasam	mīḍhvas	ADJ	coverage-hole	f.acc.sg	1		1	dcs:430950
mīḍhvase	mīḍhvas	ADJ	slot-conflict	m.dat.sg	1	mīḍhuṣe	1	dcs:317904
mṛtyutaḥ	mṛtyu	NOUN	slot-conflict	m.abl.sg	1	mṛtyoḥ	1	dcs:466593
nahuṣyebhiḥ	nahuṣya	ADJ	slot-conflict	m.instr.pl	1	nahuṣyaiḥ	1	dcs:608740
naidāghām	naidāgha	ADJ	coverage-hole	f.acc.sg	1		1	dcs:148828
naiyagrodhyau	naiyagrodha	ADJ	coverage-hole	f.acc.du	1		1	dcs:673433
naiṣādām	naiṣāda	ADJ	coverage-hole	f.acc.sg	1		1	dcs:147913
nao	nau	NOUN	slot-conflict	f.voc.sg	1	nauḥ	1	dcs:217704
naryebhiḥ	narya	NOUN	slot-conflict	m.instr.pl	1	naryaiḥ	1	dcs:611600
navebhiḥ	nava	ADJ	slot-conflict	m.instr.pl	1	navaiḥ	1	dcs:598365
navyasīṣu	navyas	ADJ	slot-conflict	f.loc.pl	1	navyaḥsu	1	dcs:594877
nañi	nañ	NOUN	coverage-hole	m.loc.sg	1		1	dcs:552625
nicirāsaḥ	nicira	ADJ	slot-conflict	m.nom.pl	1	nicirāḥ	1	dcs:596878
nimajjanām	nimajjana	ADJ	coverage-hole	f.acc.sg	1		1	dcs:242181
nirātmataḥ	nirātman	ADJ	slot-conflict	m.abl.sg	1	nirātmanaḥ	1	dcs:632942
nitośanāsaḥ	nitośana	ADJ	slot-conflict	m.nom.pl	1	nitośanāḥ	1	dcs:603472
nāndīmukhām	nāndīmukha	ADJ	coverage-hole	f.acc.sg	1		1	dcs:120261
nārakām	nāraka	ADJ	coverage-hole	f.acc.sg	1		1	dcs:98022
nārakāyām	nāraka	ADJ	coverage-hole	f.loc.sg	1		1	dcs:92392
nārāyaṇām	nārāyaṇa	ADJ	coverage-hole	f.acc.sg	1		1	dcs:559642
ojiṣṭhebhiḥ	ojiṣṭha	ADJ	slot-conflict	m.instr.pl	1	ojiṣṭhaiḥ	1	dcs:598358
paitrāyāḥ	paitra	ADJ	coverage-hole	f.gen.sg	1		1	dcs:422230
paittalām	paittala	ADJ	coverage-hole	f.acc.sg	1		1	dcs:392299
paittām	paitta	ADJ	coverage-hole	f.acc.sg	1		1	dcs:40215
paitāmahām	paitāmaha	ADJ	coverage-hole	f.acc.sg	1		1	dcs:168871
pajrāsaḥ	pajra	NOUN	slot-conflict	m.nom.pl	1	pajrāḥ	1	dcs:594316
pakthāsaḥ	paktha	NOUN	slot-conflict	m.nom.pl	1	pakthāḥ	1	dcs:602343
pakṣebhiḥ	pakṣa	NOUN	slot-conflict	m.instr.pl	1	pakṣaiḥ	1	dcs:612265
parimārjanā	parimārjana	ADJ	coverage-hole	f.nom.sg	1		1	dcs:345800
paro'śīteṣu	parośīta	ADJ	slot-conflict	m.loc.pl	1	parośīteṣu	1	dcs:503162
parśānāsaḥ	parśāna	NOUN	slot-conflict	m.nom.pl	1	parśānāḥ	1	dcs:604172
pauruṣeyām	pauruṣeya	ADJ	coverage-hole	f.acc.sg	1		1	dcs:530256
pauruṣām	pauruṣa	ADJ	coverage-hole	f.acc.sg	1		1	dcs:302377
paurāsaḥ	paura	NOUN	slot-conflict	m.nom.pl	1	paurāḥ	1	dcs:605850
pautrām	pautra	ADJ	coverage-hole	f.acc.sg	1		1	dcs:113866
pauṣṭikām	pauṣṭika	ADJ	coverage-hole	f.acc.sg	1		1	dcs:64377
pañcatayām	pañcataya	ADJ	coverage-hole	f.acc.sg	1		1	dcs:520716
paśutaḥ	paśu	NOUN	slot-conflict	m.abl.sg	1	paśoḥ	1	dcs:770870
paṭīyasam	paṭīyas	ADJ	coverage-hole	m.acc.sg	1		1	dcs:489466
plāvanā	plāvana	ADJ	coverage-hole	f.nom.sg	1		1	dcs:400577
poṭṭalām	poṭṭala	NOUN	coverage-hole	f.acc.sg	1		1	dcs:391587
pramātryai	pramātṛ	NOUN	slot-conflict	f.dat.sg	1	pramātre	1	dcs:512011
prathamasmin	prathama	ADJ	slot-conflict	m.loc.sg	1	prathame	1	dcs:469368
prathīyasam	prathīyas	ADJ	coverage-hole	f.acc.sg	1		1	dcs:560281
pratibādhanā	pratibādhana	ADJ	coverage-hole	f.nom.sg	1		1	dcs:183568
pratisadṛkṣāsaḥ	pratisadṛkṣa	ADJ	slot-conflict	m.nom.pl	1	pratisadṛkṣāḥ	1	dcs:684466
pratisaṃvidsu	pratisaṃvid	NOUN	slot-conflict	f.loc.pl	1	pratisaṃvitsu	1	dcs:645230
prāktanām	prāktana	ADJ	coverage-hole	f.acc.sg	1		1	dcs:410874
prāsaṅgikām	prāsaṅgika	ADJ	coverage-hole	f.acc.sg	1		1	dcs:46310
prāyogikām	prāyogika	ADJ	coverage-hole	f.acc.sg	1		1	dcs:58389
prāśavyān	prāśavya	NOUN	coverage-hole	m.acc.pl	1		1	dcs:605081
prāśuṣāṭ	prāśuṣah	ADJ	slot-conflict	m.nom.sg	1	prāśuṣaṭ	1	dcs:598477
prāṇimātrī	prāṇimātṛ	NOUN	slot-conflict	f.nom.sg	1	prāṇimātā	1	dcs:19938
purassadaḥ	puraḥsad	ADJ	slot-conflict	m.nom.pl	1	puraḥsadaḥ	1	dcs:736046
purutamāsaḥ	purutama	ADJ	slot-conflict	m.nom.pl	1	purutamāḥ	1	dcs:696767
puñjiṣṭebhyaḥ	puñjiṣṭha	NOUN	slot-conflict	m.dat.pl	1	puñjiṣṭhebhyaḥ	1	dcs:684159
puṃnām	puṃnāman	ADJ	slot-conflict	n.nom.sg	1	puṃnāma	1	dcs:333834
pālanām	pālana	ADJ	coverage-hole	f.acc.sg	1		1	dcs:357659
pālaṅkāyām	pālaṅka	NOUN	coverage-hole	f.loc.sg	1		1	dcs:75984
pārameśvarām	pārameśvara	ADJ	coverage-hole	f.acc.sg	1		1	dcs:49343
pāramārthikām	pāramārthika	ADJ	coverage-hole	f.acc.sg	1		1	dcs:49344
pārokṣāyām	pārokṣa	ADJ	coverage-hole	f.loc.sg	1		1	dcs:537711
pārvatām	pārvata	ADJ	coverage-hole	f.acc.sg	1		1	dcs:320156
pāñcabhautikām	pāñcabhautika	ADJ	coverage-hole	f.acc.sg	1		1	dcs:6260
pāñcanadāyāḥ	pāñcanada	ADJ	coverage-hole	f.gen.sg	1		1	dcs:540060
pūrvottarataḥ	pūrvottara	ADJ	slot-conflict	m.abl.sg	1	pūrvottarāt	1	dcs:390043
pṛṣṭībhiḥ	pṛṣṭi	NOUN	slot-conflict	f.instr.pl	1	pṛṣṭibhiḥ	1	dcs:639787
raayaḥ	rai	NOUN	slot-conflict	m.nom.pl	1	rāyaḥ	1	dcs:91976
raaye	rai	NOUN	slot-conflict	m.dat.sg	1	rāye	1	dcs:570790
raghutaḥ	raghu	NOUN	slot-conflict	m.abl.sg	1	raghoḥ	1	dcs:759018
raktri	raktṛ	NOUN	slot-conflict	m.loc.sg	1	raktari	1	dcs:364793
rakṣaṇebhiḥ	rakṣaṇa	NOUN	slot-conflict	n.instr.pl	1	rakṣaṇaiḥ	1	dcs:598004
rasavantyaḥ	rasavat	ADJ	coverage-hole	f.nom.pl	1		1	dcs:490781
rasavantī	rasavat	ADJ	coverage-hole	f.nom.sg	1		1	dcs:762686
raucanikām	raucanika	ADJ	coverage-hole	f.acc.sg	1		1	dcs:358153
raukmām	raukma	ADJ	coverage-hole	f.acc.sg	1		1	dcs:240572
raṇvāsaḥ	raṇva	ADJ	slot-conflict	m.nom.pl	1	raṇvāḥ	1	dcs:611937
rebhāsaḥ	rebha	NOUN	slot-conflict	m.nom.pl	1	rebhāḥ	1	dcs:606931
rohitavas	rohitavat	ADJ	slot-conflict	m.voc.sg	1	rohitavan	1	dcs:749560
rukmebhiḥ	rukma	NOUN	slot-conflict	n.instr.pl	1	rukmaiḥ	1	dcs:600056
rukmāsaḥ	rukma	NOUN	slot-conflict	m.nom.pl	1	rukmāḥ	1	dcs:604677
ruśamāsaḥ	ruśama	NOUN	slot-conflict	m.nom.pl	1	ruśamāḥ	1	dcs:599521
rāspirāsaḥ	rāspira	ADJ	slot-conflict	m.nom.pl	1	rāspirāḥ	1	dcs:599791
rātriṣām	rātriṣāman	NOUN	slot-conflict	n.nom.sg	1	rātriṣāma	1	dcs:565930
rūkṣataḥ	rūkṣa	ADJ	slot-conflict	n.abl.sg	1	rūkṣāt	1	dcs:632177
sahasrajyotīḥ	sahasrajyotis	NOUN	slot-conflict	m.nom.sg	1	sahasrajyotiḥ	1	dcs:157227
sahasrebhiḥ	sahasra	NUM	slot-conflict	n.instr.pl	1	sahasraiḥ	1	dcs:606355
samantadugdhaḥ	samantadugdhā	NOUN	coverage-hole	m.nom.sg	1		1	dcs:20595
samanīkataḥ	samanīka	NOUN	slot-conflict	n.abl.sg	1	samanīkāt	1	dcs:652212
samasmin	sama	PRON	slot-conflict	m.loc.sg	1	same	1	dcs:604724
sammiślāsaḥ	sammiśla	ADJ	slot-conflict	m.nom.pl	1	sammiślāḥ	1	dcs:593242
samānebhiḥ	samāna	ADJ	slot-conflict	n.instr.pl	1	samānaiḥ	1	dcs:595338
sannakaṇṭhayā	sannakaṇṭha	ADJ	coverage-hole	f.instr.sg	1		1	dcs:514708
sanāyuvaḥ	sanāyu	ADJ	slot-conflict	f.nom.pl	1	sanāyavaḥ	1	dcs:593200
saprem	sapreman	ADJ	slot-conflict	n.acc.sg	1	saprema	1	dcs:90325
sapsarāsaḥ	sapsara	ADJ	slot-conflict	m.nom.pl	1	sapsarāḥ	1	dcs:595425
saptapañcāśatyā	saptapañcāśat	NOUN	slot-conflict	f.instr.sg	1	saptapañcāśatā	1	dcs:535628
saptatriṃśatīm	saptatriṃśat	NUM	slot-conflict	f.acc.sg	1	saptatriṃśatam	1	dcs:301979
saptatriṃśatīṣu	saptatriṃśat	NUM	slot-conflict	f.loc.pl	1	saptatriṃśatsu	1	dcs:532466
saptebhiḥ	sapta	NOUN	slot-conflict	m.instr.pl	1	saptaiḥ	1	dcs:673888
sarjanām	sarjanāman	NOUN	slot-conflict	n.acc.sg	1	sarjanāma	1	dcs:6762
sarāhuvoḥ	sarāhu	ADJ	slot-conflict	m.gen.du	1	sarāhvoḥ	1	dcs:91169
sarīsṛpataḥ	sarīsṛpa	NOUN	slot-conflict	m.abl.sg	1	sarīsṛpāt	1	dcs:645853
satrāṣāh	satrāsāh	ADJ	slot-conflict	m.nom.sg	1	satrāsāṭ	1	dcs:602407
saṃbhṛtīḥ	sambhṛti	NOUN	slot-conflict	f.nom.pl	1	sambhṛtayaḥ	1	dcs:746345
saṃbodhāt	sambodha	NOUN	slot-conflict	m.abl.sg	1	sambodhāt	1	dcs:770198
saṃbādhāt	sambādha	NOUN	slot-conflict	m.abl.sg	1	sambādhāt	1	dcs:365002
saṃdhiyoḥ	saṃdhi	NOUN	slot-conflict	m.loc.du	1	saṃdhyoḥ	1	dcs:558645
saṃjananām	saṃjanana	ADJ	coverage-hole	f.acc.sg	1		1	dcs:131480
saṃmiślaḥ	sammiśla	ADJ	slot-conflict	m.nom.sg	1	sammiślaḥ	1	dcs:684838
saṃmātarar	saṃmātṛ	ADJ	lexicon-gap	f.nom.pl	1		1	dcs:637583
saṃpadbhyaḥ	sampad	NOUN	slot-conflict	f.dat.pl	1	sampadbhyaḥ	1	dcs:694874
saṃpatnīḥ	sampatnī	NOUN	slot-conflict	f.acc.pl	1	sampatnīḥ	1	dcs:717944
saṃpravādaḥ	sampravāda	NOUN	slot-conflict	m.nom.sg	1	sampravādaḥ	1	dcs:749283
saṃrājaḥ	samrāj	NOUN	slot-conflict	m.nom.pl	1	samrājaḥ	1	dcs:713899
saṃyājyātaḥ	saṃyājyā	NOUN	slot-conflict	f.abl.sg	1	saṃyājyāyāḥ	1	dcs:712675
siṃhataḥ	siṃha	NOUN	slot-conflict	m.abl.sg	1	siṃhāt	1	dcs:655467
snaihikām	snaihika	ADJ	coverage-hole	f.acc.sg	1		1	dcs:58391
somamādaḥ	somamad	ADJ	slot-conflict	m.nom.pl	1	somamadaḥ	1	dcs:602425
sotvāsaḥ	sotva	ADJ	slot-conflict	m.nom.pl	1	sotvāḥ	1	dcs:612549
sphyau	sphya	NOUN	coverage-hole	m.nom.du	1		1	dcs:639173
sphyāḥ	sphya	NOUN	coverage-hole	m.nom.pl	1		1	dcs:497975
sraṣṭri	sraṣṭṛ	NOUN	slot-conflict	m.loc.sg	1	sraṣṭari	1	dcs:49617
stambhanām	stambhana	ADJ	coverage-hole	f.acc.sg	1		1	dcs:29410
sthavirāsaḥ	sthavira	ADJ	slot-conflict	m.nom.pl	1	sthavirāḥ	1	dcs:603139
sthavīyāṃsaḥ	sthavīyas	ADJ	coverage-hole	m.nom.pl	1		1	dcs:500577
sthirebhiḥ	sthira	ADJ	slot-conflict	n.instr.pl	1	sthiraiḥ	1	dcs:596461
sthirāyūḥ	sthirāyus	NOUN	slot-conflict	m.nom.sg	1	sthirāyuḥ	1	dcs:75835
sthāvirīḥ	sthāvira	ADJ	coverage-hole	f.acc.pl	1		1	dcs:608589
stokāsaḥ	stoka	NOUN	slot-conflict	m.nom.pl	1	stokāḥ	1	dcs:597043
stomataḥ	stoma	NOUN	slot-conflict	m.abl.sg	1	stomāt	1	dcs:749127
straiṇābhiḥ	straiṇa	ADJ	coverage-hole	f.instr.pl	1		1	dcs:528941
sudhitebhiḥ	sudhita	ADJ	slot-conflict	m.instr.pl	1	sudhitaiḥ	1	dcs:601177
sumitrebhiḥ	sumitra	NOUN	slot-conflict	m.instr.pl	1	sumitraiḥ	1	dcs:610781
surūpakām	surūpaka	ADJ	coverage-hole	f.acc.sg	1		1	dcs:523607
svakṣatrebhiḥ	svakṣatra	ADJ	slot-conflict	m.instr.pl	1	svakṣatraiḥ	1	dcs:595334
svarṇamātrī	svarṇamātṛ	NOUN	slot-conflict	f.nom.sg	1	svarṇamātā	1	dcs:21618
svayaṃprabhāyāḥ	svayamprabhā	NOUN	slot-conflict	f.gen.sg	1	svayamprabhāyāḥ	1	dcs:622445
svedamātrī	svedamātṛ	NOUN	slot-conflict	f.nom.sg	1	svedamātā	1	dcs:24017
svābhāvikām	svābhāvika	ADJ	coverage-hole	f.acc.sg	1		1	dcs:441335
svābhāvikāyām	svābhāvika	ADJ	coverage-hole	f.loc.sg	1		1	dcs:152854
svānebhiḥ	svāna	NOUN	slot-conflict	m.instr.pl	1	svānaiḥ	1	dcs:604138
sādhvā	sādhu	ADJ	coverage-hole	f.instr.sg	1		1	dcs:80068
sādhīyāḥ	sādhīyas	ADJ	coverage-hole	f.nom.sg	1		1	dcs:488219
sāmagebhiḥ	sāmaga	NOUN	slot-conflict	m.instr.pl	1	sāmagaiḥ	1	dcs:633628
sāmbhyām	sāman	NOUN	slot-conflict	n.instr.du	1	sāmabhyām	1	dcs:565861
sāmpratikāyāḥ	sāmpratika	ADJ	coverage-hole	f.gen.sg	1		1	dcs:62607
sāptebhiḥ	sāpta	NOUN	slot-conflict	n.instr.pl	1	sāptaiḥ	1	dcs:605908
sāraghebhiḥ	sāragha	NOUN	slot-conflict	n.instr.pl	1	sāraghaiḥ	1	dcs:673943
sārasvatām	sārasvata	ADJ	coverage-hole	f.acc.sg	1		1	dcs:195175
sāvitrām	sāvitra	ADJ	coverage-hole	f.acc.sg	1		1	dcs:359360
sāṃprataḥ	sāmprata	ADJ	slot-conflict	m.nom.sg	1	sāmprataḥ	1	dcs:758411
sīmātaḥ	sīmā	NOUN	slot-conflict	f.abl.sg	1	sīmāyāḥ	1	dcs:474374
sūdayitnvaḥ	sūdayitnu	ADJ	slot-conflict	f.nom.pl	1	sūdayitnavaḥ	1	dcs:610641
sūrpe	śūrpa	NOUN	slot-conflict	m.loc.sg	1	śūrpe	1	dcs:772585
sūrpāt	śūrpa	NOUN	slot-conflict	m.abl.sg	1	śūrpāt	1	dcs:772590
tanūnaptuḥ	tanūnapāt	NOUN	slot-conflict	m.gen.sg	1	tanūnapātaḥ	1	dcs:494674
tanūnapāyāḥ	tanūnapa	NOUN	coverage-hole	f.abl.sg	1		1	dcs:352573
tarīyān	tarīyas	ADJ	coverage-hole	m.nom.sg	1		1	dcs:599713
tejīyasam	tejīyas	ADJ	coverage-hole	m.acc.sg	1		1	dcs:91676
tilottamātaḥ	tilottamā	NOUN	slot-conflict	f.abl.sg	1	tilottamāyāḥ	1	dcs:622838
tokmāṇī	tokman	NOUN	coverage-hole	n.acc.du	1		1	dcs:436280
tottrān	tottra	NOUN	coverage-hole	m.acc.pl	1		1	dcs:233260
trayastriṃśatīṣu	trayastriṃśat	NUM	slot-conflict	f.loc.pl	1	trayastriṃśatsu	1	dcs:439620
tricatvāriṃśatyā	tricatvāriṃśat	NUM	slot-conflict	f.instr.sg	1	tricatvāriṃśatā	1	dcs:534649
tridhāmbhiḥ	tridhāman	NOUN	slot-conflict	m.instr.pl	1	tridhāmabhiḥ	1	dcs:90377
triyaviḥ	tryavi	NOUN	slot-conflict	m.nom.sg	1	tryaviḥ	1	dcs:686570
triṣaptāsaḥ	triṣapta	ADJ	slot-conflict	m.voc.pl	1	triṣaptāḥ	1	dcs:640266
tuvidyumnāsaḥ	tuvidyumna	ADJ	slot-conflict	m.nom.pl	1	tuvidyumnāḥ	1	dcs:593632
tuviṣmas	tuviṣmat	ADJ	slot-conflict	m.voc.sg	1	tuviṣman	1	dcs:602409
tuṇḍulān	taṇḍula	NOUN	slot-conflict	m.acc.pl	1	taṇḍulān	1	dcs:692802
tvaṣṭri	tvaṣṭṛ	NOUN	slot-conflict	m.loc.sg	1	tvaṣṭari	1	dcs:97559
tvādattebhiḥ	tvādatta	ADJ	slot-conflict	n.instr.pl	1	tvādattaiḥ	1	dcs:596447
tvādṛśāyāḥ	tvādṛśa	ADJ	coverage-hole	f.gen.sg	1		1	dcs:526911
tādṛśāsu	tādṛśa	ADJ	coverage-hole	f.loc.pl	1		1	dcs:529222
tādṛśāyāḥ	tādṛśa	ADJ	coverage-hole	f.gen.sg	1		1	dcs:111760
tāmalām	tāmala	ADJ	coverage-hole	f.acc.sg	1		1	dcs:389497
tārāriṇi	tārāri	NOUN	coverage-hole	n.loc.sg	1		1	dcs:57055
tāvakām	tāvaka	ADJ	coverage-hole	f.acc.sg	1		1	dcs:357731
ubhayebhiḥ	ubhaya	ADJ	slot-conflict	n.instr.pl	1	ubhayaiḥ	1	dcs:595659
ubhāt	ubha	NOUN	slot-conflict	m.abl.sg	1	ubhasmāt	1	dcs:553621
udakataḥ	udaka	NOUN	slot-conflict	n.abl.sg	1	udakāt	1	dcs:655467
udarcīḥ	udarcis	NOUN	slot-conflict	m.nom.sg	1	udarciḥ	1	dcs:485498
ukṣaṇām	ukṣan	NOUN	slot-conflict	m.gen.pl	1	ukṣṇām	1	dcs:310324
unmīlanā	unmīlana	ADJ	coverage-hole	f.nom.sg	1		1	dcs:506252
upamebhiḥ	upama	ADJ	slot-conflict	m.instr.pl	1	upamaiḥ	1	dcs:592533
upasecanāsaḥ	upasecana	ADJ	slot-conflict	m.nom.pl	1	upasecanāḥ	1	dcs:603609
upaśākebhiḥ	upaśāka	NOUN	slot-conflict	m.instr.pl	1	upaśākaiḥ	1	dcs:592536
utpātataḥ	utpāta	NOUN	slot-conflict	m.abl.sg	1	utpātāt	1	dcs:645853
vacanebhiḥ	vacana	NOUN	slot-conflict	n.instr.pl	1	vacanaiḥ	1	dcs:611906
vaidarbhām	vaidarbha	ADJ	coverage-hole	f.acc.sg	1		1	dcs:196303
vaidikayā	vaidika	ADJ	coverage-hole	f.instr.sg	1		1	dcs:533708
vaigandhikaḥ	vaigandhikā	NOUN	coverage-hole	m.nom.sg	1		1	dcs:40931
vairiñcāyām	vairiñca	ADJ	coverage-hole	f.loc.sg	1		1	dcs:97694
vairājīḥ	vairāja	ADJ	coverage-hole	f.nom.pl	1		1	dcs:714546
vaiśikām	vaiśika	ADJ	coverage-hole	f.acc.sg	1		1	dcs:568114
vaiśvadevāyām	vaiśvadeva	ADJ	coverage-hole	f.loc.sg	1		1	dcs:565291
vaiśvānarayā	vaiśvānara	ADJ	coverage-hole	f.instr.sg	1		1	dcs:443546
vaiṣuvatām	vaiṣuvata	ADJ	coverage-hole	f.acc.sg	1		1	dcs:510337
vaiṣṇavāsu	vaiṣṇava	ADJ	coverage-hole	f.loc.pl	1		1	dcs:565984
vajrāsaḥ	vajra	NOUN	slot-conflict	m.nom.pl	1	vajrāḥ	1	dcs:593471
vakaḥ	baka	NOUN	slot-conflict	m.nom.sg	1	bakaḥ	1	dcs:732965
vakranālām	vakranāla	NOUN	coverage-hole	f.acc.sg	1		1	dcs:360778
vaneṣāh	vaneṣah	ADJ	slot-conflict	m.nom.sg	1	vaneṣaṭ	1	dcs:610552
vapuḥsu	vapus	NOUN	slot-conflict	n.loc.pl	1	vapuḥṣu	1	dcs:358601
vardhanebhiḥ	vardhana	NOUN	slot-conflict	n.instr.pl	1	vardhanaiḥ	1	dcs:597372
varuṇasām	varuṇasāman	NOUN	slot-conflict	n.nom.sg	1	varuṇasāma	1	dcs:566657
varākayā	varāka	ADJ	coverage-hole	f.instr.sg	1		1	dcs:488900
varīyasam	varīyas	ADJ	coverage-hole	m.acc.sg	1		1	dcs:452135
vedamātryai	vedamātṛ	NOUN	slot-conflict	f.dat.sg	1	vedamātre	1	dcs:542572
vedīyān	vedīyas	ADJ	coverage-hole	m.nom.sg	1		1	dcs:603561
vemacitriḥ	vemacitrin	NOUN	slot-conflict	m.nom.sg	1	vemacitrī	1	dcs:655574
vidradhiyoḥ	vidradhi	NOUN	coverage-hole	m.loc.du	1		1	dcs:8000
vidvasau	vidvas	ADJ	coverage-hole	m.nom.du	1		1	dcs:375316
vihahlaḥ	vihalha	NOUN	slot-conflict	m.nom.sg	1	vihalhaḥ	1	dcs:635829
vismāpanām	vismāpana	ADJ	coverage-hole	f.acc.sg	1		1	dcs:252103
vitrāsanām	vitrāsana	ADJ	coverage-hole	f.acc.sg	1		1	dcs:139098
vivarmaṇau	vivarman	ADJ	slot-conflict	m.nom.du	1	vivarmāṇau	1	dcs:250335
viśvāmitrebhiḥ	viśvāmitra	NOUN	slot-conflict	m.instr.pl	1	viśvāmitraiḥ	1	dcs:596703
viṣvagjyotīḥ	viṣvagjyotis	NOUN	slot-conflict	m.nom.sg	1	viṣvagjyotiḥ	1	dcs:543900
vyañjanataḥ	vyañjana	NOUN	slot-conflict	n.abl.sg	1	vyañjanāt	1	dcs:723518
vyāghrataḥ	vyāghra	NOUN	slot-conflict	m.abl.sg	1	vyāghrāt	1	dcs:655467
vāhīkeṣu	bāhīka	ADJ	slot-conflict	m.loc.pl	1	bāhīkeṣu	1	dcs:553831
vāraṇapuṣpām	vāraṇapuṣpa	NOUN	coverage-hole	f.acc.sg	1		1	dcs:308671
vārdhrābhiḥ	vārdhra	NOUN	coverage-hole	f.instr.pl	1		1	dcs:565932
vārtrāghnau	vārtraghna	ADJ	slot-conflict	m.acc.du	1	vārtraghnau	1	dcs:469933
vārttākām	vārttāka	NOUN	coverage-hole	f.acc.sg	1		1	dcs:515
vāruṇāyām	vāruṇa	ADJ	coverage-hole	f.loc.sg	1		1	dcs:429878
vāsavadattātaḥ	vāsavadattā	NOUN	slot-conflict	f.abl.sg	1	vāsavadattāyāḥ	1	dcs:617377
vātataḥ	vāta	NOUN	slot-conflict	m.abl.sg	1	vātāt	1	dcs:645853
vāyasām	vāyasa	ADJ	coverage-hole	f.acc.sg	1		1	dcs:281803
vāyavāyām	vāyava	ADJ	coverage-hole	f.loc.sg	1		1	dcs:100327
vāṅgām	vāṅga	ADJ	coverage-hole	f.acc.sg	1		1	dcs:363676
vīravas	vīravat	ADJ	slot-conflict	m.voc.sg	1	vīravan	1	dcs:607641
vṛkyayoḥ	vṛkka	NOUN	slot-conflict	m.gen.du	1	vṛkkayoḥ	1	dcs:670261
vṛkṣāsaḥ	vṛkṣa	NOUN	slot-conflict	m.nom.pl	1	vṛkṣāḥ	1	dcs:647988
vṛtbhyaḥ	vṛt	NOUN	slot-conflict	m.abl.pl	1	vṛdbhyaḥ	1	dcs:551796
vṛttikarām	vṛttikara	ADJ	coverage-hole	f.acc.sg	1		1	dcs:89954
yamasvasryāḥ	yamasvasṛ	NOUN	slot-conflict	f.gen.sg	1	yamasvasuḥ	1	dcs:90016
yamasvasrī	yamasvasṛ	NOUN	slot-conflict	f.nom.sg	1	yamasvasā	1	dcs:22930
yaugikām	yaugika	ADJ	coverage-hole	f.acc.sg	1		1	dcs:578338
yavīyāṃsaḥ	yavīyas	ADJ	coverage-hole	m.nom.pl	1		1	dcs:759155
yaśaskarām	yaśaskara	ADJ	coverage-hole	f.acc.sg	1		1	dcs:242221
yojanebhiḥ	yojana	NOUN	slot-conflict	n.instr.pl	1	yojanaiḥ	1	dcs:601824
yujyāsaḥ	yujya	ADJ	slot-conflict	m.nom.pl	1	yujyāḥ	1	dcs:611589
yuvsu	yuvan	NOUN	coverage-hole	m.loc.pl	1		1	dcs:562986
yādṛcchikām	yādṛcchika	ADJ	coverage-hole	f.acc.sg	1		1	dcs:488955
yādṛśābhiḥ	yādṛśa	ADJ	coverage-hole	f.instr.pl	1		1	dcs:5851
yātebhiḥ	yāta	NOUN	slot-conflict	n.instr.pl	1	yātaiḥ	1	dcs:649148
yāthātmyataḥ	yāthātmya	NOUN	slot-conflict	n.abl.sg	1	yāthātmyāt	1	dcs:632788
ābhogataḥ	ābhoga	NOUN	slot-conflict	m.abl.sg	1	ābhogāt	1	dcs:633013
ādevāsaḥ	ādeva	ADJ	slot-conflict	m.nom.pl	1	ādevāḥ	1	dcs:603472
ādityataḥ	āditya	NOUN	slot-conflict	m.abl.sg	1	ādityāt	1	dcs:474852
āghātanā	āghātana	ADJ	coverage-hole	f.nom.sg	1		1	dcs:311550
āhavanīyataḥ	āhavanīya	NOUN	slot-conflict	m.abl.sg	1	āhavanīyāt	1	dcs:755090
ājamīḍhāsaḥ	ājamīḍha	NOUN	slot-conflict	m.nom.pl	1	ājamīḍhāḥ	1	dcs:598858
āmalakāyām	āmalaka	NOUN	coverage-hole	f.loc.sg	1		1	dcs:483488
āmuṣmikām	āmuṣmika	ADJ	coverage-hole	f.acc.sg	1		1	dcs:391946
āpātataḥ	āpāta	NOUN	slot-conflict	m.abl.sg	1	āpātāt	1	dcs:645853
āraṃbhaṇataḥ	ārambhaṇa	NOUN	slot-conflict	n.abl.sg	1	ārambhaṇāt	1	dcs:771013
ārtniyoḥ	ārtnī	NOUN	slot-conflict	f.loc.du	1	ārtnyoḥ	1	dcs:702975
āñjasām	āñjasa	ADJ	coverage-hole	f.acc.sg	1		1	dcs:487374
āśvatarām	āśvatara	ADJ	coverage-hole	f.acc.sg	1		1	dcs:421229
āṅgūṣebhiḥ	āṅgūṣa	NOUN	slot-conflict	m.instr.pl	1	āṅgūṣaiḥ	1	dcs:598518
īkṣeṇyāsaḥ	īkṣeṇya	ADJ	slot-conflict	m.nom.pl	1	īkṣeṇyāḥ	1	dcs:608483
īrmataḥ	īrma	NOUN	slot-conflict	m.abl.sg	1	īrmāt	1	dcs:666085
śairīṣām	śairīṣa	ADJ	coverage-hole	f.acc.sg	1		1	dcs:579197
śaktīvas	śaktīvat	ADJ	slot-conflict	m.voc.sg	1	śaktīvan	1	dcs:599538
śamanām	śamana	ADJ	coverage-hole	f.acc.sg	1		1	dcs:91873
śamayitrībhiḥ	śamayitṛ	ADJ	coverage-hole	f.instr.pl	1		1	dcs:772535
śatadrvaḥ	śatadru	NOUN	slot-conflict	f.gen.sg	1	śatadroḥ śatadrvāḥ	1	dcs:22942
śatrūṣāh	śatrūṣah	ADJ	slot-conflict	m.nom.sg	1	śatrūṣaṭ	1	dcs:635433
śavasānebhiḥ	śavasāna	ADJ	slot-conflict	m.instr.pl	1	śavasānaiḥ	1	dcs:611598
śiśvaḥ	śiśu	NOUN	slot-conflict	m.gen.sg	1	śiśoḥ	1	dcs:594471
śreṣṭhebhiḥ	śreṣṭha	ADJ	slot-conflict	m.instr.pl	1	śreṣṭhaiḥ	1	dcs:603282
śuciṣmas	śuciṣmat	ADJ	slot-conflict	m.voc.sg	1	śuciṣman	1	dcs:600622
śukatuṇḍām	śukatuṇḍa	NOUN	coverage-hole	f.acc.sg	1		1	dcs:109703
śunaśśepaḥ	śunaḥśepa	NOUN	slot-conflict	m.nom.sg	1	śunaḥśepaḥ	1	dcs:736902
śunāsīrāṇi	śunāsīra	ADJ	coverage-hole	n.acc.pl	1		1	dcs:73002
śvaśruvaḥ	śvaśrū	NOUN	slot-conflict	f.nom.pl	1	śvaśrvaḥ	1	dcs:436333
śvānām	śvāna	ADJ	coverage-hole	f.acc.sg	1		1	dcs:286526
śvātrāsaḥ	śvātra	ADJ	slot-conflict	m.nom.pl	1	śvātrāḥ	1	dcs:610259
śyenebhiḥ	śyena	NOUN	slot-conflict	m.instr.pl	1	śyenaiḥ	1	dcs:603944
śyetāsaḥ	śyeta	ADJ	slot-conflict	m.nom.pl	1	śyetāḥ	1	dcs:599592
śāḍvalavati	śādvalavat	ADJ	slot-conflict	m.loc.sg	1	śādvalavati	1	dcs:424670
śūkavṛntābhiḥ	śūkavṛnta	NOUN	coverage-hole	f.instr.pl	1		1	dcs:11411
śūraṇāsaḥ	śūraṇa	ADJ	slot-conflict	m.nom.pl	1	śūraṇāḥ	1	dcs:595214
ūmebhiḥ	ūma	NOUN	slot-conflict	m.instr.pl	1	ūmaiḥ	1	dcs:599910
ūmāsaḥ	ūma	NOUN	slot-conflict	m.nom.pl	1	ūmāḥ	1	dcs:595360
ṛbhutaḥ	ṛbhu	NOUN	slot-conflict	m.abl.sg	1	ṛbhoḥ	1	dcs:598723
ṛjrebhiḥ	ṛjra	ADJ	slot-conflict	m.instr.pl	1	ṛjraiḥ	1	dcs:594324
ṛjrāsaḥ	ṛjra	ADJ	slot-conflict	m.nom.pl	1	ṛjrāḥ	1	dcs:602376
ṛjvā	ṛju	ADJ	coverage-hole	f.instr.sg	1		1	dcs:40021
ṛtadhāmn	ṛtadhāman	NOUN	slot-conflict	m.voc.sg	1	ṛtadhāman	1	dcs:301028
ṣadhasthāt	sadhastha	NOUN	slot-conflict	n.abl.sg	1	sadhasthāt	1	dcs:599544
ṣaḍviṃśatyām	ṣaḍviṃśat	NUM	slot-conflict	f.loc.sg	1	ṣaḍviṃśati	1	dcs:521711
