period	period_key	lemma_slp1	lemma_iast	a6_count	tsv_count	delta	ratio	ratio_log2
до -800	1 -800	indra	indra	5476	3395	2081	1.613	0.690
до -800	1 -800	agni	agni	4943	3003	1940	1.646	0.719
до -800	1 -800	deva	deva	5144	3351	1793	1.535	0.618
до -800	1 -800	as	as	4442	2847	1595	1.560	0.642
до -800	1 -800	BU	bhū	3796	2694	1102	1.409	0.495
до -800	1 -800	kf	kṛ	3787	2426	1361	1.561	0.642
до -800	1 -800	soma	soma	2620	1541	1079	1.700	0.766
до -800	1 -800	DA	dhā	2396	1571	825	1.525	0.609
до -800	1 -800	div	div	2240	1266	974	1.769	0.823
до -800	1 -800	vid	vid	1882	1574	308	1.196	0.258
до -800	1 -800	ap	ap	1792	969	823	1.849	0.887
до -800	1 -800	i	i	1847	1103	744	1.675	0.744
до -800	1 -800	yajYa	yajña	1755	1271	484	1.381	0.466
до -800	1 -800	go	go	1530	811	719	1.887	0.916
до -800	1 -800	jan	jan	1454	876	578	1.660	0.731
до -800	1 -800	gam	gam	1379	836	543	1.650	0.722
до -800	1 -800	vac	vac	1201	399	802	3.010	1.590
до -800	1 -800	brahman	brahman	1260	797	463	1.581	0.661
до -800	1 -800	pU	pū	1165	752	413	1.549	0.632
до -800	1 -800	yaj	yaj	1168	774	394	1.509	0.594
до -800	1 -800	raTa	ratha	1193	643	550	1.855	0.892
до -800	1 -800	pfTivI	pṛthivī	1172	571	601	2.053	1.037
до -800	1 -800	vAc	vāc	1081	622	459	1.738	0.797
до -800	1 -800	loka	loka	1141	841	300	1.357	0.440
до -800	1 -800	dA	dā	1078	691	387	1.560	0.642
до -800	1 -800	manas	manas	1103	500	603	2.206	1.141
до -800	1 -800	yA	yā	1117	659	458	1.695	0.761
до -800	1 -800	rUpa	rūpa	928	721	207	1.287	0.364
до -800	1 -800	prARa	prāṇa	956	485	471	1.971	0.979
до -800	1 -800	pitf	pitṛ	1060	527	533	2.011	1.008
до -800	1 -800	hu	hu	929	390	539	2.382	1.252
до -800	1 -800	sTA	sthā	1014	570	444	1.779	0.831
до -800	1 -800	Bf	bhṛ	1032	577	455	1.789	0.839
до -800	1 -800	han	han	992	776	216	1.278	0.354
до -800	1 -800	tri	tri	928	696	232	1.333	0.415
до -800	1 -800	ahar	ahar	1029	1070	-41	0.962	-0.056
до -800	1 -800	varuRa	varuṇa	1095	569	526	1.924	0.944
до -800	1 -800	sUrya	sūrya	993	548	445	1.812	0.858
до -800	1 -800	pA	pā	946	992	-46	0.954	-0.068
до -800	1 -800	hvA	hvā	959	580	379	1.653	0.725
до -800	1 -800	su	su	975	2516	-1541	0.388	-1.368
до -800	1 -800	ah	ah	834	582	252	1.433	0.519
до -800	1 -800	aSvin	aśvin	946	539	407	1.755	0.812
до -800	1 -800	marut	marut	980	525	455	1.867	0.900
до -800	1 -800	nf	nṛ	900	521	379	1.727	0.789
до -800	1 -800	pati	pati	937	474	463	1.977	0.983
до -800	1 -800	brU	brū	813	550	263	1.478	0.564
до -800	1 -800	SaMs	śaṁs	815	541	274	1.506	0.591
до -800	1 -800	Atman	ātman	878	239	639	3.674	1.877
до -800	1 -800	aSva	aśva	860	501	359	1.717	0.780
до -800	1 -800	vAja	vāja	862	476	386	1.811	0.857
до -800	1 -800	vah	vah	833	485	348	1.718	0.780
до -800	1 -800	Sru	śru	812	415	397	1.957	0.968
до -800	1 -800	fta	ṛta	810	490	320	1.653	0.725
до -800	1 -800	mahat	mahat	798	420	378	1.900	0.926
до -800	1 -800	rAjan	rājan	804	412	392	1.951	0.965
до -800	1 -800	hotf	hotṛ	805	478	327	1.684	0.752
до -800	1 -800	av	av	779	446	333	1.747	0.805
до -800	1 -800	jana	jana	755	424	331	1.781	0.832
до -800	1 -800	paSu	paśu	779	780	-1	0.999	-0.002
до -800	1 -800	mitra	mitra	762	420	342	1.814	0.859
до -800	1 -800	vfD	vṛdh	715	440	275	1.625	0.700
до -800	1 -800	bfhat	bṛhat	751	409	342	1.836	0.877
до -800	1 -800	Aditya	āditya	712	354	358	2.011	1.008
до -800	1 -800	uttara	uttara	643	183	460	3.514	1.813
до -800	1 -800	namas	namas	635	465	170	1.366	0.450
до -800	1 -800	vfzan	vṛṣan	670	537	133	1.248	0.319
до -800	1 -800	praTama	prathama	718	415	303	1.730	0.791
до -800	1 -800	maDu	madhu	682	399	283	1.709	0.773
до -800	1 -800	uzas	uṣas	692	386	306	1.793	0.842
до -800	1 -800	kAma	kāma	667	401	266	1.663	0.734
до -800	1 -800	prajA	prajā	703	370	333	1.900	0.926
до -800	1 -800	mAtf	mātṛ	654	320	334	2.044	1.031
до -800	1 -800	sahasra	sahasra	667	349	318	1.911	0.934
до -800	1 -800	mah	mah	652	423	229	1.541	0.624
до -800	1 -800	Uti	ūti	621	400	221	1.552	0.635
до -800	1 -800	sva	sva	665	402	263	1.654	0.726
до -800	1 -800	yam	yam	630	371	259	1.698	0.764
до -800	1 -800	havis	havis	651	334	317	1.949	0.963
до -800	1 -800	savitf	savitṛ	656	357	299	1.838	0.878
до -800	1 -800	vIra	vīra	616	348	268	1.770	0.824
до -800	1 -800	gir	gir	645	365	280	1.767	0.821
до -800	1 -800	puruza	puruṣa	649	204	445	3.181	1.670
до -800	1 -800	Sata	śata	609	341	268	1.786	0.837
до -800	1 -800	priya	priya	621	365	256	1.701	0.767
до -800	1 -800	vAyu	vāyu	598	294	304	2.034	1.024
до -800	1 -800	putra	putra	623	270	353	2.307	1.206
до -800	1 -800	stu	stu	590	664	-74	0.889	-0.170
до -800	1 -800	puru	puru	620	351	269	1.766	0.821
до -800	1 -800	car	car	614	324	290	1.895	0.922
до -800	1 -800	rayi	rayi	605	337	268	1.795	0.844
до -800	1 -800	juz	juṣ	595	326	269	1.825	0.868
до -800	1 -800	vasu	vasu	616	667	-51	0.924	-0.115
до -800	1 -800	indu	indu	579	356	223	1.626	0.702
до -800	1 -800	ji	ji	548	349	199	1.570	0.651
до -800	1 -800	saKi	sakhi	561	344	217	1.631	0.706
до -800	1 -800	yuj	yuj	537	486	51	1.105	0.144
до -800	1 -800	DI	dhī	556	345	211	1.612	0.688
до -800	1 -800	sfj	sṛj	552	400	152	1.380	0.465
до -800	1 -800	dfS	dṛś	539	207	332	2.604	1.381
до -800	1 -800	tanU	tanū	593	361	232	1.643	0.716
до -800	1 -800	pA	pā	567	992	-425	0.572	-0.807
до -800	1 -800	anna	anna	546	285	261	1.916	0.938
до -800	1 -800	mada	mada	539	324	215	1.664	0.734
до -800	1 -800	vad	vad	508	290	218	1.752	0.809
до -800	1 -800	Ayus	āyus	515	258	257	1.996	0.997
до -800	1 -800	pada	pada	546	310	236	1.761	0.817
до -800	1 -800	kratu	kratu	526	303	223	1.736	0.796
до -800	1 -800	saptan	saptan	497	358	139	1.388	0.473
до -800	1 -800	Gfta	ghṛta	531	292	239	1.818	0.863
до -800	1 -800	rE	rai	533	287	246	1.857	0.893
до -800	1 -800	amfta	amṛta	524	364	160	1.440	0.526
до -800	1 -800	stoma	stoma	497	427	70	1.164	0.219
до -800	1 -800	svasti	svasti	402	295	107	1.363	0.446
до -800	1 -800	vid	vid	506	1574	-1068	0.321	-1.637
до -800	1 -800	antarikza	antarikṣa	512	287	225	1.784	0.835
до -800	1 -800	kavi	kavi	507	298	209	1.701	0.767
до -800	1 -800	vrata	vrata	490	296	194	1.655	0.727
до -800	1 -800	iz	iṣ	499	495	4	1.008	0.012
до -800	1 -800	prajApati	prajāpati	433	319	114	1.357	0.441
до -800	1 -800	aDvara	adhvara	484	272	212	1.779	0.831
до -800	1 -800	ugra	ugra	491	280	211	1.754	0.810
до -800	1 -800	jyotis	jyotis	492	288	204	1.708	0.773
до -800	1 -800	man	man	469	223	246	2.103	1.073
до -800	1 -800	muc	muc	467	258	209	1.810	0.856
до -800	1 -800	sad	sad	467	301	166	1.551	0.634
до -800	1 -800	tva	tva	433	323	110	1.341	0.423
до -800	1 -800	aS	aś	428	373	55	1.147	0.198
до -800	1 -800	fzi	ṛṣi	473	262	211	1.805	0.852
до -800	1 -800	viS	viś	462	442	20	1.045	0.064
до -800	1 -800	vIrya	vīrya	471	350	121	1.346	0.428
до -800	1 -800	nI	nī	476	264	212	1.803	0.850
до -800	1 -800	paS	paś	452	297	155	1.522	0.606
до -800	1 -800	ojas	ojas	470	296	174	1.588	0.667
до -800	1 -800	mad	mad	443	6940	-6497	0.064	-3.970
до -800	1 -800	cakzus	cakṣus	433	176	257	2.460	1.299
до -800	1 -800	devatA	devatā	447	235	212	1.902	0.928
до -800	1 -800	brahman	brahman	442	797	-355	0.555	-0.851
до -800	1 -800	bfhaspati	bṛhaspati	448	258	190	1.736	0.796
до -800	1 -800	aditi	aditi	455	250	205	1.820	0.864
до -800	1 -800	vajra	vajra	454	303	151	1.498	0.583
до -800	1 -800	grah	grah	426	193	233	2.207	1.142
до -800	1 -800	samudra	samudra	431	242	189	1.781	0.833
до -800	1 -800	sinDu	sindhu	442	234	208	1.889	0.918
до -800	1 -800	karman	karman	432	147	285	2.939	1.555
до -800	1 -800	Buvana	bhuvana	436	236	200	1.847	0.886
до -800	1 -800	jAtavedas	jātavedas	419	234	185	1.791	0.840
до -800	1 -800	barhis	barhis	434	213	221	2.038	1.027
до -800	1 -800	paTin	pathin	429	229	200	1.873	0.906
до -800	1 -800	garBa	garbha	426	240	186	1.775	0.828
до -800	1 -800	yoni	yoni	427	262	165	1.630	0.705
до -800	1 -800	dAS	dāś	415	237	178	1.751	0.808
до -800	1 -800	upAs	upās	360	50	310	7.200	2.848
до -800	1 -800	uru	uru	428	251	177	1.705	0.770
до -800	1 -800	dvi	dvi	375	248	127	1.512	0.597
до -800	1 -800	duh	duh	427	252	175	1.694	0.761
до -800	1 -800	brAhmaRa	brāhmaṇa	395	221	174	1.787	0.838
до -800	1 -800	agra	agra	423	217	206	1.949	0.963
до -800	1 -800	Candas	chandas	382	354	28	1.079	0.110
до -800	1 -800	maGavan	maghavan	434	392	42	1.107	0.147
до -800	1 -800	nAman	nāman	406	169	237	2.402	1.264
до -800	1 -800	e	e	383	189	194	2.026	1.019
до -800	1 -800	asura	asura	421	284	137	1.482	0.568
до -800	1 -800	gf	gṛ	404	245	159	1.649	0.722
до -800	1 -800	ukTa	uktha	397	265	132	1.498	0.583
до -800	1 -800	vftra	vṛtra	412	342	70	1.205	0.269
до -800	1 -800	rudra	rudra	389	209	180	1.861	0.896
до -800	1 -800	mahi	mahi	392	224	168	1.750	0.807
до -800	1 -800	havya	havya	410	220	190	1.864	0.898
до -800	1 -800	devI	devī	382	217	165	1.760	0.816
до -800	1 -800	tf	tṛ	371	230	141	1.613	0.690
до -800	1 -800	Ajya	ājya	353	123	230	2.870	1.521
до -800	1 -800	vAta	vāta	364	203	161	1.793	0.842
до -800	1 -800	vfzaBa	vṛṣabha	397	214	183	1.855	0.892
до -800	1 -800	fc	ṛc	337	167	170	2.018	1.013
до -800	1 -800	Badra	bhadra	339	222	117	1.527	0.611
до -800	1 -800	sAman	sāman	370	295	75	1.254	0.327
до -800	1 -800	sahas	sahas	383	214	169	1.790	0.840
до -800	1 -800	vf	vṛ	325	356	-31	0.913	-0.131
до -800	1 -800	avas	avas	363	219	144	1.658	0.729
до -800	1 -800	hari	hari	368	328	40	1.122	0.166
до -800	1 -800	iz	iṣ	331	495	-164	0.669	-0.581
до -800	1 -800	hasta	hasta	356	164	192	2.171	1.118
до -800	1 -800	diS	diś	360	201	159	1.791	0.841
до -800	1 -800	satya	satya	339	307	32	1.104	0.143
до -800	1 -800	Dana	dhana	339	194	145	1.747	0.805
до -800	1 -800	Savas	śavas	364	197	167	1.848	0.886
до -800	1 -800	sac	sac	351	199	152	1.764	0.819
до -800	1 -800	cit	cit	345	891	-546	0.387	-1.369
до -800	1 -800	vipra	vipra	356	284	72	1.254	0.326
до -800	1 -800	dakziRa	dakṣiṇa	318	69	249	4.609	2.204
до -800	1 -800	Baga	bhaga	345	189	156	1.825	0.868
до -800	1 -800	hava	hava	314	197	117	1.594	0.673
до -800	1 -800	rADas	rādhas	341	193	148	1.767	0.821
до -800	1 -800	vizRu	viṣṇu	315	191	124	1.649	0.722
до -800	1 -800	anta	anta	350	164	186	2.134	1.094
до -800	1 -800	citra	citra	338	194	144	1.742	0.801
до -800	1 -800	prAYc	prāñc	327	103	224	3.175	1.667
до -800	1 -800	catur	catur	297	167	130	1.778	0.831
до -800	1 -800	jIv	jīv	310	129	181	2.403	1.265
до -800	1 -800	payas	payas	333	185	148	1.800	0.848
до -800	1 -800	rajas	rajas	338	175	163	1.931	0.950
до -800	1 -800	savana	savana	336	232	104	1.448	0.534
до -800	1 -800	SUra	śūra	331	196	135	1.689	0.756
до -800	1 -800	paYcan	pañcan	301	233	68	1.292	0.369
до -800	1 -800	ozaDi	oṣadhi	320	172	148	1.860	0.896
до -800	1 -800	IS	īś	320	190	130	1.684	0.752
до -800	1 -800	gfha	gṛha	315	166	149	1.898	0.924
до -800	1 -800	saMvatsara	saṁvatsara	297	246	51	1.207	0.272
до -800	1 -800	aMhas	aṁhas	248	177	71	1.401	0.487
до -800	1 -800	satya	satya	302	307	-5	0.984	-0.024
до -800	1 -800	DArA	dhārā	324	183	141	1.770	0.824
до -800	1 -800	svarga	svarga	326	355	-29	0.918	-0.123
до -800	1 -800	BUmi	bhūmi	306	167	139	1.832	0.874
до -800	1 -800	Ahuti	āhuti	332	106	226	3.132	1.647
до -800	1 -800	mftyu	mṛtyu	304	124	180	2.452	1.294
до -800	1 -800	hi	hi	303	1489	-1186	0.203	-2.297
до -800	1 -800	amfta	amṛta	317	364	-47	0.871	-0.199
до -800	1 -800	martya	martya	307	216	91	1.421	0.507
до -800	1 -800	rodas	rodas	295	170	125	1.735	0.795
до -800	1 -800	Suci	śuci	307	175	132	1.754	0.811
до -800	1 -800	pUzan	pūṣan	288	152	136	1.895	0.922
до -800	1 -800	tan	tan	307	209	98	1.469	0.555
до -800	1 -800	retas	retas	303	168	135	1.804	0.851
до -800	1 -800	rakz	rakṣ	300	169	131	1.775	0.828
до -800	1 -800	maGavan	maghavan	311	392	-81	0.793	-0.334
до -800	1 -800	Sravas	śravas	308	168	140	1.833	0.874
до -800	1 -800	vasu	vasu	314	667	-353	0.471	-1.087
до -800	1 -800	dyAvApfTivI	dyāvāpṛthivī	286	155	131	1.845	0.884
до -800	1 -800	Sarman	śarman	308	169	139	1.822	0.866
до -800	1 -800	UrDva	ūrdhva	277	162	115	1.710	0.774
до -800	1 -800	tamas	tamas	303	176	127	1.722	0.784
до -800	1 -800	SrI	śrī	267	230	37	1.161	0.215
до -800	1 -800	sUkta	sūkta	298	169	129	1.763	0.818
до -800	1 -800	Iq	īḍ	275	159	116	1.730	0.790
до -800	1 -800	parvata	parvata	295	157	138	1.879	0.910
до -800	1 -800	Denu	dhenu	297	164	133	1.811	0.857
до -800	1 -800	tejas	tejas	295	137	158	2.153	1.107
до -800	1 -800	vaS	vaś	291	176	115	1.653	0.725
до -800	1 -800	mati	mati	296	158	138	1.873	0.906
до -800	1 -800	rasa	rasa	289	149	140	1.940	0.956
до -800	1 -800	dviz	dviṣ	267	291	-24	0.918	-0.124
до -800	1 -800	van	van	269	168	101	1.601	0.679
до -800	1 -800	vacas	vacas	284	150	134	1.893	0.921
до -800	1 -800	tap	tap	277	156	121	1.776	0.828
до -800	1 -800	aNga	aṅga	273	222	51	1.230	0.298
до -800	1 -800	saKya	sakhya	292	156	136	1.872	0.904
до -800	1 -800	BUta	bhūta	274	68	206	4.029	2.011
до -800	1 -800	bAhu	bāhu	276	148	128	1.865	0.899
до -800	1 -800	janay	janay	287	145	142	1.979	0.985
до -800	1 -800	DAman	dhāman	275	161	114	1.708	0.772
до -800	1 -800	BAga	bhāga	284	129	155	2.202	1.139
до -800	1 -800	aryaman	aryaman	286	140	146	2.043	1.031
до -800	1 -800	daSan	daśan	261	183	78	1.426	0.512
до -800	1 -800	arc	arc	268	154	114	1.740	0.799
до -800	1 -800	Ap	āp	251	183	68	1.372	0.456
до -800	1 -800	BUri	bhūri	268	157	111	1.707	0.771
до -800	1 -800	marta	marta	278	150	128	1.853	0.890
до -800	1 -800	uttama	uttama	251	173	78	1.451	0.537
до -800	1 -800	pratizWA	pratiṣṭhā	243	412	-169	0.590	-0.762
до -800	1 -800	adri	adri	274	152	122	1.803	0.850
до -800	1 -800	han	han	281	776	-495	0.362	-1.465
до -800	1 -800	pratyaYc	pratyañc	265	144	121	1.840	0.880
до -800	1 -800	vasu	vasu	265	667	-402	0.397	-1.332
до -800	1 -800	pavitra	pavitra	272	138	134	1.971	0.979
до -800	1 -800	fC	ṛch	266	157	109	1.694	0.761
до -800	1 -800	maDya	madhya	268	153	115	1.752	0.809
до -800	1 -800	tftIya	tṛtīya	247	166	81	1.488	0.573
до -800	1 -800	ftu	ṛtu	261	191	70	1.366	0.450
до -800	1 -800	yaSas	yaśas	265	167	98	1.587	0.666
до -800	1 -800	DAray	dhāray	251	131	120	1.916	0.938
до -800	1 -800	rA	rā	262	149	113	1.758	0.814
до -800	1 -800	ADA	ādhā	246	209	37	1.177	0.235
до -800	1 -800	rakzas	rakṣas	262	189	73	1.386	0.471
до -800	1 -800	Agam	āgam	234	122	112	1.918	0.940
до -800	1 -800	samAna	samāna	238	182	56	1.308	0.387
до -800	1 -800	bahu	bahu	255	130	125	1.962	0.972
до -800	1 -800	kft	kṛt	272	161	111	1.689	0.757
до -800	1 -800	samiD	samidh	251	90	161	2.789	1.480
до -800	1 -800	vf	vṛ	243	356	-113	0.683	-0.551
до -800	1 -800	gA	gā	250	277	-27	0.903	-0.148
до -800	1 -800	parama	parama	267	131	136	2.038	1.027
до -800	1 -800	Bagavat	bhagavat	251	41	210	6.122	2.614
до -800	1 -800	yama	yama	249	146	103	1.705	0.770
до -800	1 -800	muKa	mukha	252	128	124	1.969	0.977
до -800	1 -800	divya	divya	262	136	126	1.926	0.946
до -800	1 -800	hfdaya	hṛdaya	260	61	199	4.262	2.092
до -800	1 -800	Satru	śatru	253	136	117	1.860	0.896
до -800	1 -800	As	ās	233	152	81	1.533	0.616
до -800	1 -800	hA	hā	247	169	78	1.462	0.547
до -800	1 -800	akzara	akṣara	250	232	18	1.078	0.108
до -800	1 -800	Sukra	śukra	251	174	77	1.443	0.529
до -800	1 -800	kzatra	kṣatra	249	159	90	1.566	0.647
до -800	1 -800	sah	sah	246	150	96	1.640	0.714
до -800	1 -800	yajYiya	yajñiya	242	150	92	1.613	0.690
до -800	1 -800	suta	suta	245	153	92	1.601	0.679
до -800	1 -800	sumati	sumati	255	131	124	1.947	0.961
до -800	1 -800	arka	arka	253	134	119	1.888	0.917
до -800	1 -800	vanaspati	vanaspati	230	115	115	2.000	1.000
до -800	1 -800	Sri	śri	230	129	101	1.783	0.834
до -800	1 -800	jaritf	jaritṛ	246	131	115	1.878	0.909
до -800	1 -800	tapas	tapas	246	141	105	1.745	0.803
до -800	1 -800	aYj	añj	230	125	105	1.840	0.880
до -800	1 -800	I	ī	210	150	60	1.400	0.485
до -800	1 -800	SarIra	śarīra	242	51	191	4.745	2.246
до -800	1 -800	fz	ṛṣ	232	133	99	1.744	0.803
до -800	1 -800	hiraRya	hiraṇya	232	165	67	1.406	0.492
до -800	1 -800	ad	ad	221	141	80	1.567	0.648
до -800	1 -800	inD	indh	239	132	107	1.811	0.856
до -800	1 -800	ahi	ahi	238	132	106	1.803	0.850
до -800	1 -800	raSmi	raśmi	231	126	105	1.833	0.874
до -800	1 -800	dakziRA	dakṣiṇā	216	136	80	1.588	0.667
до -800	1 -800	vidaTa	vidatha	253	126	127	2.008	1.006
до -800	1 -800	niDA	nidhā	231	96	135	2.406	1.267
до -800	1 -800	aNgiras	aṅgiras	232	141	91	1.645	0.718
до -800	1 -800	Siva	śiva	229	126	103	1.817	0.862
до -800	1 -800	aS	aś	200	373	-173	0.536	-0.899
до -800	1 -800	Srotra	śrotra	205	37	168	5.541	2.470
до -800	1 -800	vayas	vayas	235	157	78	1.497	0.582
до -800	1 -800	vAjin	vājin	215	235	-20	0.915	-0.128
до -800	1 -800	veda	veda	219	81	138	2.704	1.435
до -800	1 -800	Urj	ūrj	220	147	73	1.497	0.582
до -800	1 -800	vft	vṛt	222	130	92	1.708	0.772
до -800	1 -800	mitrAvaruRa	mitrāvaruṇa	221	132	89	1.674	0.744
до -800	1 -800	patnI	patnī	225	113	112	1.991	0.994
до -800	1 -800	jihvA	jihvā	216	114	102	1.895	0.922
до -800	1 -800	pat	pat	226	120	106	1.883	0.913
до -800	1 -800	ratna	ratna	223	121	102	1.843	0.882
до -800	1 -800	vatsa	vatsa	228	121	107	1.884	0.914
до -800	1 -800	vana	vana	222	122	100	1.820	0.864
до -800	1 -800	vESvAnara	vaiśvānara	212	125	87	1.696	0.762
до -800	1 -800	maDumat	madhumat	218	125	93	1.744	0.802
до -800	1 -800	Df	dhṛ	210	131	79	1.603	0.681
до -800	1 -800	dUta	dūta	221	114	107	1.939	0.955
до -800	1 -800	sic	sic	205	127	78	1.614	0.691
до -800	1 -800	vI	vī	209	161	48	1.298	0.376
до -800	1 -800	manyu	manyu	208	120	88	1.733	0.794
до -800	1 -800	varcas	varcas	211	115	96	1.835	0.876
до -800	1 -800	dIrGa	dīrgha	223	93	130	2.398	1.262
до -800	1 -800	pfzWa	pṛṣṭha	227	146	81	1.555	0.637
до -800	1 -800	odana	odana	197	98	99	2.010	1.007
до -800	1 -800	pracC	pracch	192	95	97	2.021	1.015
до -800	1 -800	manuzya	manuṣya	216	113	103	1.912	0.935
до -800	1 -800	somya	somya	208	62	146	3.355	1.746
до -800	1 -800	viS	viś	188	442	-254	0.425	-1.233
до -800	1 -800	pf	pṛ	204	221	-17	0.923	-0.115
до -800	1 -800	zaz	ṣaṣ	194	135	59	1.437	0.523
до -800	1 -800	uBaya	ubhaya	192	109	83	1.761	0.817
до -800	1 -800	san	san	203	128	75	1.586	0.665
до -800	1 -800	sajozas	sajoṣas	199	116	83	1.716	0.779
до -800	1 -800	aDvaryu	adhvaryu	177	127	50	1.394	0.479
до -800	1 -800	dvitIya	dvitīya	187	112	75	1.670	0.740
до -800	1 -800	sarasvatI	sarasvatī	204	116	88	1.759	0.814
до -800	1 -800	sUnu	sūnu	205	111	94	1.847	0.885
до -800	1 -800	pf	pṛ	197	221	-24	0.891	-0.166
до -800	1 -800	pre	pre	184	121	63	1.521	0.605
до -800	1 -800	saminD	samindh	187	114	73	1.640	0.714
до -800	1 -800	kfzRa	kṛṣṇa	194	96	98	2.021	1.015
до -800	1 -800	anDas	andhas	205	124	81	1.653	0.725
до -800	1 -800	Baj	bhaj	200	120	80	1.667	0.737
до -800	1 -800	nAsatya	nāsatya	201	110	91	1.827	0.870
до -800	1 -800	aha	aha	196	229	-33	0.856	-0.224
до -800	1 -800	ketu	ketu	201	107	94	1.879	0.910
до -800	1 -800	tvazwf	tvaṣṭṛ	196	109	87	1.798	0.847
до -800	1 -800	hari	hari	202	328	-126	0.616	-0.699
до -800	1 -800	pUrvya	pūrvya	196	111	85	1.766	0.820
до -800	1 -800	riz	riṣ	182	111	71	1.640	0.713
до -800	1 -800	amitra	amitra	204	111	93	1.838	0.878
до -800	1 -800	vAsas	vāsas	198	55	143	3.600	1.848
до -800	1 -800	vftra	vṛtra	209	342	-133	0.611	-0.710
до -800	1 -800	dIdI	dīdī	197	116	81	1.698	0.764
до -800	1 -800	nABi	nābhi	191	102	89	1.873	0.905
до -800	1 -800	svaDA	svadhā	199	95	104	2.095	1.067
до -800	1 -800	mA	mā	201	875	-674	0.230	-2.122
до -800	1 -800	arvAYc	arvāñc	190	112	78	1.696	0.763
до -800	1 -800	hfd	hṛd	191	105	86	1.819	0.863
до -800	1 -800	gomat	gomat	189	108	81	1.750	0.807
до -800	1 -800	pratizWA	pratiṣṭhā	188	412	-224	0.456	-1.132
до -800	1 -800	vfj	vṛj	184	135	49	1.363	0.447
до -800	1 -800	banD	bandh	164	82	82	2.000	1.000
до -800	1 -800	fBu	ṛbhu	191	113	78	1.690	0.757
до -800	1 -800	gA	gā	179	277	-98	0.646	-0.630
до -800	1 -800	ruh	ruh	191	125	66	1.528	0.612
до -800	1 -800	cakzas	cakṣas	191	106	85	1.802	0.850
до -800	1 -800	pAda	pāda	187	64	123	2.922	1.547
до -800	1 -800	pIti	pīti	162	110	52	1.473	0.558
до -800	1 -800	dEvya	daivya	184	109	75	1.688	0.755
до -800	1 -800	mantra	mantra	183	53	130	3.453	1.788
до -800	1 -800	hf	hṛ	167	102	65	1.637	0.711
до -800	1 -800	saMDA	saṁdhā	164	61	103	2.689	1.427
до -800	1 -800	upasTa	upastha	184	79	105	2.329	1.220
до -800	1 -800	varRa	varṇa	187	96	91	1.948	0.962
до -800	1 -800	sUri	sūri	193	122	71	1.582	0.662
до -800	1 -800	sAti	sāti	180	110	70	1.636	0.710
до -800	1 -800	bala	bala	187	87	100	2.149	1.104
до -800	1 -800	pyA	pyā	183	103	80	1.777	0.829
до -800	1 -800	maRi	maṇi	194	72	122	2.694	1.430
до -800	1 -800	nadI	nadī	186	82	104	2.268	1.182
до -800	1 -800	jyezWa	jyeṣṭha	181	92	89	1.967	0.976
до -800	1 -800	Siras	śiras	181	85	96	2.129	1.090
до -800	1 -800	vfkza	vṛkṣa	173	82	91	2.110	1.077
до -800	1 -800	ozaDI	oṣadhī	184	98	86	1.878	0.909
до -800	1 -800	ari	ari	183	108	75	1.694	0.761
до -800	1 -800	ASu	āśu	185	108	77	1.713	0.776
до -800	1 -800	yajus	yajus	179	53	126	3.377	1.756
до -800	1 -800	dakza	dakṣa	193	150	43	1.287	0.364
до -800	1 -800	kram	kram	178	107	71	1.664	0.734
до -800	1 -800	cakra	cakra	188	98	90	1.918	0.940
до -800	1 -800	udaYc	udañc	181	43	138	4.209	2.074
до -800	1 -800	dyumna	dyumna	185	94	91	1.968	0.977
до -800	1 -800	mUrDan	mūrdhan	181	61	120	2.967	1.569
до -800	1 -800	pur	pur	186	101	85	1.842	0.881
до -800	1 -800	udi	udi	157	98	59	1.602	0.680
до -800	1 -800	ftAvan	ṛtāvan	174	98	76	1.776	0.828
до -800	1 -800	jAyA	jāyā	174	76	98	2.289	1.195
до -800	1 -800	dvAdaSan	dvādaśan	160	168	-8	0.952	-0.070
до -800	1 -800	stotf	stotṛ	189	104	85	1.817	0.862
до -800	1 -800	Socis	śocis	180	98	82	1.837	0.877
до -800	1 -800	dasyu	dasyu	179	97	82	1.845	0.884
до -800	1 -800	viD	vidh	156	102	54	1.529	0.613
до -800	1 -800	rAtri	rātri	175	123	52	1.423	0.509
до -800	1 -800	jYA	jñā	167	97	70	1.722	0.784
до -800	1 -800	sU	sū	156	109	47	1.431	0.517
до -800	1 -800	SI	śī	165	80	85	2.062	1.044
до -800	1 -800	mfj	mṛj	164	110	54	1.491	0.576
до -800	1 -800	Druva	dhruva	155	106	49	1.462	0.548
до -800	1 -800	rAti	rāti	169	98	71	1.724	0.786
до -800	1 -800	vAjin	vājin	168	235	-67	0.715	-0.484
до -800	1 -800	BI	bhī	174	138	36	1.261	0.334
до -800	1 -800	arTa	artha	172	47	125	3.660	1.872
до -800	1 -800	rodasI	rodasī	171	95	76	1.800	0.848
до -800	1 -800	strI	strī	163	52	111	3.135	1.648
до -800	1 -800	gAyatrI	gāyatrī	157	202	-45	0.777	-0.364
до -800	1 -800	vas	vas	182	209	-27	0.871	-0.200
до -800	1 -800	nakzatra	nakṣatra	168	38	130	4.421	2.144
до -800	1 -800	varDay	vardhay	167	95	72	1.758	0.814
до -800	1 -800	prayam	prayam	151	91	60	1.659	0.731
до -800	1 -800	gopA	gopā	172	98	74	1.755	0.812
до -800	1 -800	SrezWa	śreṣṭha	158	82	76	1.927	0.946
до -800	1 -800	mAyA	māyā	165	93	72	1.774	0.827
до -800	1 -800	vijYA	vijñā	160	23	137	6.957	2.798
до -800	1 -800	udaka	udaka	169	37	132	4.568	2.191
до -800	1 -800	yuj	yuj	158	486	-328	0.325	-1.621
до -800	1 -800	duhitf	duhitṛ	179	85	94	2.106	1.074
до -800	1 -800	Suzma	śuṣma	165	100	65	1.650	0.722
до -800	1 -800	darBa	darbha	166	11	155	15.091	3.916
до -800	1 -800	tfp	tṛp	152	33	119	4.606	2.204
до -800	1 -800	pinv	pinv	171	93	78	1.839	0.879
до -800	1 -800	candramas	candramas	162	45	117	3.600	1.848
до -800	1 -800	pARi	pāṇi	175	37	138	4.730	2.242
до -800	1 -800	suBaga	subhaga	174	84	90	2.071	1.051
до -800	1 -800	takz	takṣ	161	93	68	1.731	0.792
до -800	1 -800	mf	mṛ	160	84	76	1.905	0.930
до -800	1 -800	anvah	anvah	137	92	45	1.489	0.574
до -800	1 -800	ajara	ajara	169	88	81	1.920	0.941
до -800	1 -800	Bezaja	bheṣaja	160	117	43	1.368	0.452
до -800	1 -800	yava	yava	168	62	106	2.710	1.438
до -800	1 -800	durita	durita	165	93	72	1.774	0.827
до -800	1 -800	deva	deva	159	3351	-3192	0.047	-4.397
до -800	1 -800	pAtra	pātra	167	67	100	2.493	1.318
до -800	1 -800	pApman	pāpman	166	98	68	1.694	0.760
до -800	1 -800	Sak	śak	156	75	81	2.080	1.057
до -800	1 -800	vi	vi	161	1327	-1166	0.121	-3.043
до -800	1 -800	manu	manu	168	103	65	1.631	0.706
до -800	1 -800	mahiman	mahiman	167	88	79	1.898	0.924
до -800	1 -800	hiraRyaya	hiraṇyaya	152	90	62	1.689	0.756
до -800	1 -800	vidyut	vidyut	160	70	90	2.286	1.193
до -800	1 -800	puMs	puṁs	151	59	92	2.559	1.356
до -800	1 -800	Bid	bhid	162	97	65	1.670	0.740
до -800	1 -800	vftrahan	vṛtrahan	160	87	73	1.839	0.879
до -800	1 -800	arvant	arvant	156	90	66	1.733	0.794
до -800	1 -800	aSman	aśman	156	57	99	2.737	1.453
до -800	1 -800	mAnuza	mānuṣa	157	142	15	1.106	0.145
до -800	1 -800	mAsa	māsa	165	108	57	1.528	0.611
до -800	1 -800	kAmay	kāmay	136	116	20	1.172	0.229
до -800	1 -800	vidvas	vidvas	142	17	125	8.353	3.062
до -800	1 -800	vipra	vipra	158	284	-126	0.556	-0.846
до -800	1 -800	parAvat	parāvat	159	94	65	1.691	0.758
до -800	1 -800	dA	dā	160	691	-531	0.232	-2.111
до -800	1 -800	BAnu	bhānu	158	87	71	1.816	0.861
до -800	1 -800	AkASa	ākāśa	146	12	134	12.167	3.605
до -800	1 -800	vfzan	vṛṣan	158	537	-379	0.294	-1.765
до -800	1 -800	cAru	cāru	164	85	79	1.929	0.948
до -800	1 -800	vara	vara	143	113	30	1.265	0.340
до -800	1 -800	bAD	bādh	163	84	79	1.940	0.956
до -800	1 -800	amartya	amartya	152	89	63	1.708	0.772
до -800	1 -800	ruc	ruc	151	125	26	1.208	0.273
до -800	1 -800	AdA	ādā	148	62	86	2.387	1.255
до -800	1 -800	BU	bhū	153	2694	-2541	0.057	-4.138
до -800	1 -800	sapatna	sapatna	152	80	72	1.900	0.926
до -800	1 -800	vajrin	vajrin	160	95	65	1.684	0.752
до -800	1 -800	Syena	śyena	146	91	55	1.604	0.682
до -800	1 -800	vfzwi	vṛṣṭi	150	91	59	1.648	0.721
до -800	1 -800	jap	jap	130	15	115	8.667	3.115
до -800	1 -800	upe	upe	139	153	-14	0.908	-0.138
до -800	1 -800	yAjYavalkya	yājñavalkya	136	2	134	68.000	6.087
до -800	1 -800	sumna	sumna	159	83	76	1.916	0.938
до -800	1 -800	samBU	sambhū	139	82	57	1.695	0.761
до -800	1 -800	Sikz	śikṣ	144	82	62	1.756	0.812
до -800	1 -800	Urmi	ūrmi	155	83	72	1.867	0.901
до -800	1 -800	DIti	dhīti	148	84	64	1.762	0.817
до -800	1 -800	draviRa	draviṇa	159	86	73	1.849	0.887
до -800	1 -800	Acakz	ācakṣ	128	45	83	2.844	1.508
до -800	1 -800	aja	aja	136	95	41	1.432	0.518
до -800	1 -800	atiTi	atithi	138	81	57	1.704	0.769
до -800	1 -800	manman	manman	144	83	61	1.735	0.795
до -800	1 -800	pArTiva	pārthiva	149	80	69	1.863	0.897
до -800	1 -800	svasf	svasṛ	147	72	75	2.042	1.030
до -800	1 -800	Ahu	āhu	143	84	59	1.702	0.768
до -800	1 -800	vaDa	vadha	142	81	61	1.753	0.810
до -800	1 -800	tman	tman	142	80	62	1.775	0.828
до -800	1 -800	kzi	kṣi	145	109	36	1.330	0.412
до -800	1 -800	carzaRi	carṣaṇi	139	79	60	1.759	0.815
до -800	1 -800	Ayu	āyu	138	141	-3	0.979	-0.031
до -800	1 -800	iqA	iḍā	128	125	3	1.024	0.034
до -800	1 -800	kzaya	kṣaya	149	87	62	1.713	0.776
до -800	1 -800	Endra	aindra	124	100	24	1.240	0.310
до -800	1 -800	vIti	vīti	142	82	60	1.732	0.792
до -800	1 -800	nud	nud	137	89	48	1.539	0.622
до -800	1 -800	SuB	śubh	136	109	27	1.248	0.319
до -800	1 -800	buD	budh	126	76	50	1.658	0.729
до -800	1 -800	mAday	māday	124	74	50	1.676	0.745
до -800	1 -800	caturTa	caturtha	135	81	54	1.667	0.737
до -800	1 -800	vid	vid	136	1574	-1438	0.086	-3.533
до -800	1 -800	toka	toka	148	77	71	1.922	0.943
до -800	1 -800	sudAnu	sudānu	134	75	59	1.787	0.837
до -800	1 -800	Sam	śam	127	284	-157	0.447	-1.161
до -800	1 -800	praviS	praviś	131	60	71	2.183	1.127
до -800	1 -800	tA	tā	143	81	62	1.765	0.820
до -800	1 -800	aruza	aruṣa	147	79	68	1.861	0.896
до -800	1 -800	ganDarva	gandharva	144	61	83	2.361	1.239
до -800	1 -800	grAvan	grāvan	131	84	47	1.560	0.641
до -800	1 -800	nU	nū	137	76	61	1.803	0.850
до -800	1 -800	sf	sṛ	138	74	64	1.865	0.899
до -800	1 -800	napAt	napāt	143	76	67	1.882	0.912
до -800	1 -800	manIzA	manīṣā	131	76	55	1.724	0.785
до -800	1 -800	manus	manus	147	74	73	1.986	0.990
до -800	1 -800	mandra	mandra	129	75	54	1.720	0.782
до -800	1 -800	AcArya	ācārya	122	24	98	5.083	2.346
до -800	1 -800	kalpay	kalpay	125	67	58	1.866	0.900
до -800	1 -800	vas	vas	131	209	-78	0.627	-0.674
до -800	1 -800	rAj	rāj	123	90	33	1.367	0.451
до -800	1 -800	kftyA	kṛtyā	133	80	53	1.663	0.733
до -800	1 -800	sadana	sadana	145	77	68	1.883	0.913
до -800	1 -800	Ayatana	āyatana	133	73	60	1.822	0.865
до -800	1 -800	Darman	dharman	131	76	55	1.724	0.785
до -800	1 -800	pariDA	paridhā	113	62	51	1.823	0.866
до -800	1 -800	mI	mī	131	73	58	1.795	0.844
до -800	1 -800	apAna	apāna	136	100	36	1.360	0.444
до -800	1 -800	suparRa	suparṇa	121	66	55	1.833	0.874
до -800	1 -800	SaMsa	śaṁsa	137	98	39	1.398	0.483
до -800	1 -800	giri	giri	129	72	57	1.792	0.841
до -800	1 -800	puruhUta	puruhūta	139	71	68	1.958	0.969
до -800	1 -800	pfTu	pṛthu	136	74	62	1.838	0.878
до -800	1 -800	dah	dah	127	72	55	1.764	0.819
до -800	1 -800	vas	vas	124	209	-85	0.593	-0.753
до -800	1 -800	pratna	pratna	120	72	48	1.667	0.737
до -800	1 -800	mfq	mṛḍ	127	72	55	1.764	0.819
до -800	1 -800	atya	atya	131	72	59	1.819	0.863
до -800	1 -800	nirfti	nirṛti	137	71	66	1.930	0.948
до -800	1 -800	nAka	nāka	130	69	61	1.884	0.914
до -800	1 -800	vahni	vahni	127	74	53	1.716	0.779
до -800	1 -800	Satakratu	śatakratu	133	69	64	1.928	0.947
до -800	1 -800	viza	viṣa	119	84	35	1.417	0.503
до -800	1 -800	veDas	vedhas	129	81	48	1.593	0.671
до -800	1 -800	pftanA	pṛtanā	138	72	66	1.917	0.939
до -800	1 -800	kzar	kṣar	125	80	45	1.562	0.644
до -800	1 -800	cakz	cakṣ	126	73	53	1.726	0.787
до -800	1 -800	DAv	dhāv	123	81	42	1.519	0.603
до -800	1 -800	Iray	īray	122	70	52	1.743	0.801
до -800	1 -800	prAS	prāś	125	84	41	1.488	0.573
до -800	1 -800	avara	avara	130	52	78	2.500	1.322
до -800	1 -800	AyuDa	āyudha	128	71	57	1.803	0.850
до -800	1 -800	yAvat	yāvat	113	96	17	1.177	0.235
до -800	1 -800	tftIyasavana	tṛtīyasavana	127	114	13	1.114	0.156
до -800	1 -800	trizwuB	triṣṭubh	118	134	-16	0.881	-0.183
до -800	1 -800	miTuna	mithuna	122	104	18	1.173	0.230
до -800	1 -800	brahmacArin	brahmacārin	111	43	68	2.581	1.368
до -800	1 -800	brahmaRaspati	brahmaṇaspati	118	69	49	1.710	0.774
до -800	1 -800	aDI	adhī	109	28	81	3.893	1.961
до -800	1 -800	hiMs	hiṁs	123	68	55	1.809	0.855
до -800	1 -800	kaRva	kaṇva	123	71	52	1.732	0.793
до -800	1 -800	parjanya	parjanya	127	56	71	2.268	1.181
до -800	1 -800	yAman	yāman	129	74	55	1.743	0.802
до -800	1 -800	varza	varṣa	126	43	83	2.930	1.551
до -800	1 -800	Danvan	dhanvan	125	75	50	1.667	0.737
до -800	1 -800	naS	naś	124	127	-3	0.976	-0.034
до -800	1 -800	puz	puṣ	121	72	49	1.681	0.749
до -800	1 -800	stf	stṛ	111	75	36	1.480	0.566
до -800	1 -800	samfD	samṛdh	114	93	21	1.226	0.294
до -800	1 -800	parAYc	parāñc	128	100	28	1.280	0.356
до -800	1 -800	apas	apas	134	98	36	1.367	0.451
до -800	1 -800	annAdya	annādya	125	135	-10	0.926	-0.111
до -800	1 -800	udgITa	udgītha	127	9	118	14.111	3.819
до -800	1 -800	vid	vid	124	1574	-1450	0.079	-3.666
до -800	1 -800	brahmavarcasa	brahmavarcasa	124	71	53	1.746	0.804
до -800	1 -800	Buj	bhuj	108	66	42	1.636	0.710
до -800	1 -800	SA	śā	123	70	53	1.757	0.813
до -800	1 -800	Suc	śuc	122	98	24	1.245	0.316
до -800	1 -800	Sam	śam	94	284	-190	0.331	-1.595
до -800	1 -800	kumAra	kumāra	121	32	89	3.781	1.919
до -800	1 -800	DIra	dhīra	122	72	50	1.694	0.761
до -800	1 -800	tura	tura	120	67	53	1.791	0.841
до -800	1 -800	tvac	tvac	122	67	55	1.821	0.865
до -800	1 -800	sTira	sthira	124	47	77	2.638	1.400
до -800	1 -800	maya	maya	133	42	91	3.167	1.663
до -800	1 -800	Sarad	śarad	130	53	77	2.453	1.294
до -800	1 -800	kziti	kṣiti	128	77	51	1.662	0.733
до -800	1 -800	yu	yu	122	94	28	1.298	0.376
до -800	1 -800	prI	prī	115	70	45	1.643	0.716
до -800	1 -800	AviS	āviś	105	50	55	2.100	1.070
до -800	1 -800	Ahf	āhṛ	117	57	60	2.053	1.037
до -800	1 -800	upasTA	upasthā	99	40	59	2.475	1.307
до -800	1 -800	Bara	bhara	127	76	51	1.671	0.741
до -800	1 -800	gaRa	gaṇa	121	80	41	1.512	0.597
до -800	1 -800	rAD	rādh	112	81	31	1.383	0.468
до -800	1 -800	keSa	keśa	123	27	96	4.556	2.188
до -800	1 -800	agnihotra	agnihotra	117	69	48	1.696	0.762
до -800	1 -800	BUyas	bhūyas	120	88	32	1.364	0.447
до -800	1 -800	nivid	nivid	119	94	25	1.266	0.340
до -800	1 -800	marutvat	marutvat	117	72	45	1.625	0.700
до -800	1 -800	DAtf	dhātṛ	105	57	48	1.842	0.881
до -800	1 -800	vAra	vāra	122	133	-11	0.917	-0.125
до -800	1 -800	Aji	āji	123	84	39	1.464	0.550
до -800	1 -800	izu	iṣu	120	77	43	1.558	0.640
до -800	1 -800	yAtuDAna	yātudhāna	119	67	52	1.776	0.829
до -800	1 -800	pASa	pāśa	121	57	64	2.123	1.086
до -800	1 -800	SacI	śacī	107	65	42	1.646	0.719
до -800	1 -800	gAtu	gātu	127	71	56	1.789	0.839
до -800	1 -800	jU	jū	125	84	41	1.488	0.573
до -800	1 -800	vyaD	vyadh	122	64	58	1.906	0.931
до -800	1 -800	vaD	vadh	111	64	47	1.734	0.794
до -800	1 -800	Garma	gharma	122	70	52	1.743	0.801
до -800	1 -800	yakzma	yakṣma	126	65	61	1.938	0.955
до -800	1 -800	rocana	rocana	122	69	53	1.768	0.822
до -800	1 -800	dyumat	dyumat	120	65	55	1.846	0.885
до -800	1 -800	suzwuti	suṣṭuti	113	64	49	1.766	0.820
до -800	1 -800	sru	sru	101	68	33	1.485	0.571
до -800	1 -800	atri	atri	112	67	45	1.672	0.741
до -800	1 -800	aDvan	adhvan	120	63	57	1.905	0.930
до -800	1 -800	anIka	anīka	123	64	59	1.922	0.943
до -800	1 -800	arAti	arāti	108	83	25	1.301	0.380
до -800	1 -800	indriya	indriya	112	124	-12	0.903	-0.147
до -800	1 -800	tigma	tigma	112	65	47	1.723	0.785
до -800	1 -800	senA	senā	108	61	47	1.770	0.824
до -800	1 -800	havizmat	haviṣmat	118	65	53	1.815	0.860
до -800	1 -800	sAnu	sānu	117	65	52	1.800	0.848
до -800	1 -800	vfjana	vṛjana	124	63	61	1.968	0.977
до -800	1 -800	krand	krand	114	61	53	1.869	0.902
до -800	1 -800	aMSu	aṁśu	115	61	54	1.885	0.915
до -800	1 -800	BrAtf	bhrātṛ	115	54	61	2.130	1.091
до -800	1 -800	ftvij	ṛtvij	113	59	54	1.915	0.938
до -800	1 -800	DUma	dhūma	115	33	82	3.485	1.801
до -800	1 -800	vArya	vārya	106	74	32	1.432	0.518
до -800	1 -800	revat	revat	109	70	39	1.557	0.639
до -800	1 -800	janman	janman	114	75	39	1.520	0.604
до -800	1 -800	diva	diva	111	116	-5	0.957	-0.064
до -800	1 -800	banDu	bandhu	113	65	48	1.738	0.798
до -800	1 -800	praT	prath	113	60	53	1.883	0.913
до -800	1 -800	ram	ram	112	51	61	2.196	1.135
до -800	1 -800	tarpay	tarpay	82	20	62	4.100	2.036
до -800	1 -800	apI	apī	87	41	46	2.122	1.085
до -800	1 -800	nO	nau	117	60	57	1.950	0.963
до -800	1 -800	pad	pad	118	104	14	1.135	0.182
до -800	1 -800	acyuta	acyuta	92	58	34	1.586	0.666
до -800	1 -800	saDasTa	sadhastha	114	63	51	1.810	0.856
до -800	1 -800	azwan	aṣṭan	105	71	34	1.479	0.564
до -800	1 -800	ukTya	ukthya	93	77	16	1.208	0.272
до -800	1 -800	yajatra	yajatra	108	62	46	1.742	0.801
до -800	1 -800	vasizWa	vasiṣṭha	102	77	25	1.325	0.406
до -800	1 -800	pAra	pāra	113	61	52	1.852	0.889
до -800	1 -800	pracetas	pracetas	110	66	44	1.667	0.737
до -800	1 -800	karRa	karṇa	110	50	60	2.200	1.138
до -800	1 -800	tveza	tveṣa	109	59	50	1.847	0.886
до -800	1 -800	vraja	vraja	110	58	52	1.897	0.923
до -800	1 -800	mfga	mṛga	109	66	43	1.652	0.724
до -800	1 -800	kﾱp	kﾱp	101	0	101	inf	inf
до -800	1 -800	jinv	jinv	107	89	18	1.202	0.266
до -800	1 -800	jf	jṛ	105	80	25	1.312	0.392
до -800	1 -800	jAgf	jāgṛ	104	60	44	1.733	0.794
до -800	1 -800	devay	devay	111	61	50	1.820	0.864
до -800	1 -800	sampad	sampad	102	43	59	2.372	1.246
до -800	1 -800	kfzwi	kṛṣṭi	107	62	45	1.726	0.787
до -800	1 -800	arDa	ardha	107	94	13	1.138	0.187
до -800	1 -800	mAruta	māruta	112	72	40	1.556	0.637
до -800	1 -800	sOBaga	saubhaga	97	59	38	1.644	0.717
до -800	1 -800	samrAj	samrāj	105	48	57	2.188	1.129
до -800	1 -800	heti	heti	111	71	40	1.563	0.645
до -800	1 -800	SAs	śās	109	66	43	1.652	0.724
до -800	1 -800	trA	trā	101	59	42	1.712	0.776
до -800	1 -800	pratipad	pratipad	96	107	-11	0.897	-0.157
до -800	1 -800	prAtaHsavana	prātaḥsavana	114	90	24	1.267	0.341
до -800	1 -800	harivat	harivat	114	66	48	1.727	0.788
до -800	1 -800	pA	pā	115	992	-877	0.116	-3.109
до -800	1 -800	koSa	kośa	111	53	58	2.094	1.066
до -800	1 -800	maDyama	madhyama	111	59	52	1.881	0.912
до -800	1 -800	UDas	ūdhas	106	58	48	1.828	0.870
до -800	1 -800	enas	enas	107	67	40	1.597	0.675
до -800	1 -800	sADu	sādhu	107	38	69	2.816	1.494
до -800	1 -800	pradiS	pradiś	110	60	50	1.833	0.874
до -800	1 -800	dAsa	dāsa	108	71	37	1.521	0.605
до -800	1 -800	as	as	101	2847	-2746	0.035	-4.817
до -800	1 -800	pac	pac	110	71	39	1.549	0.632
до -800	1 -800	apahan	apahan	95	95	0	1.000	0.000
до -800	1 -800	SrI	śrī	100	230	-130	0.435	-1.202
до -800	1 -800	Asad	āsad	90	61	29	1.475	0.561
до -800	1 -800	prajan	prajan	96	87	9	1.103	0.142
до -800	1 -800	saMhitA	saṁhitā	80	0	80	inf	inf
до -800	1 -800	antara	antara	107	34	73	3.147	1.654
до -800	1 -800	kAru	kāru	101	57	44	1.772	0.825
до -800	1 -800	mahas	mahas	107	61	46	1.754	0.811
до -800	1 -800	navan	navan	91	82	9	1.110	0.150
до -800	1 -800	arcis	arcis	110	42	68	2.619	1.389
до -800	1 -800	rAzwra	rāṣṭra	107	89	18	1.202	0.266
до -800	1 -800	vAma	vāma	96	79	17	1.215	0.281
до -800	1 -800	mAnuza	mānuṣa	103	142	-39	0.725	-0.463
до -800	1 -800	jIva	jīva	103	70	33	1.471	0.557
до -800	1 -800	dEva	daiva	102	42	60	2.429	1.280
до -800	1 -800	pAvaka	pāvaka	103	92	11	1.120	0.163
до -800	1 -800	darSata	darśata	104	54	50	1.926	0.946
до -800	1 -800	brAhmaRa	brāhmaṇa	78	221	-143	0.353	-1.503
до -800	1 -800	BA	bhā	103	51	52	2.020	1.014
до -800	1 -800	yuD	yudh	105	99	6	1.061	0.085
до -800	1 -800	utkram	utkram	92	26	66	3.538	1.823
до -800	1 -800	adabDa	adabdha	102	54	48	1.889	0.918
до -800	1 -800	kalaSa	kalaśa	108	63	45	1.714	0.778
до -800	1 -800	kAvya	kāvya	97	69	28	1.406	0.491
до -800	1 -800	aBizwi	abhiṣṭi	99	58	41	1.707	0.771
до -800	1 -800	maDyaMdina	madhyaṁdina	102	69	33	1.478	0.564
до -800	1 -800	mahadvat	mahadvat	65	17	48	3.824	1.935
до -800	1 -800	indrAvaruRa	indrāvaruṇa	92	56	36	1.643	0.716
до -800	1 -800	vareRya	vareṇya	102	55	47	1.855	0.891
до -800	1 -800	bfhant	bṛhant	96	137	-41	0.701	-0.513
до -800	1 -800	prajYA	prajñā	77	54	23	1.426	0.512
до -800	1 -800	dru	dru	100	77	23	1.299	0.377
до -800	1 -800	naS	naś	86	127	-41	0.677	-0.562
до -800	1 -800	pfc	pṛc	109	59	50	1.847	0.886
до -800	1 -800	aBivad	abhivad	85	56	29	1.518	0.602
до -800	1 -800	catuzpada	catuṣpada	99	53	46	1.868	0.901
до -800	1 -800	sadas	sadas	104	64	40	1.625	0.700
до -800	1 -800	nitya	nitya	92	37	55	2.486	1.314
до -800	1 -800	yuvan	yuvan	100	109	-9	0.917	-0.124
до -800	1 -800	vIruD	vīrudh	100	59	41	1.695	0.761
до -800	1 -800	poza	poṣa	109	56	53	1.946	0.961
до -800	1 -800	prajAvat	prajāvat	99	51	48	1.941	0.957
до -800	1 -800	prayas	prayas	98	55	43	1.782	0.833
до -800	1 -800	nam	nam	100	63	37	1.587	0.667
до -800	1 -800	nizad	niṣad	100	61	39	1.639	0.713
до -800	1 -800	tuvi	tuvi	105	59	46	1.780	0.832
до -800	1 -800	paRi	paṇi	102	53	49	1.925	0.945
до -800	1 -800	martya	martya	104	216	-112	0.481	-1.054
до -800	1 -800	DfzRu	dhṛṣṇu	100	54	46	1.852	0.889
до -800	1 -800	yuga	yuga	98	51	47	1.922	0.942
до -800	1 -800	mAMsa	māṁsa	92	35	57	2.629	1.394
до -800	1 -800	daDi	dadhi	97	23	74	4.217	2.076
до -800	1 -800	kzetra	kṣetra	97	60	37	1.617	0.693
до -800	1 -800	dasra	dasra	101	57	44	1.772	0.825
до -800	1 -800	vAjay	vājay	101	56	45	1.804	0.851
до -800	1 -800	aGa	agha	85	81	4	1.049	0.070
до -800	1 -800	maDu	madhu	103	399	-296	0.258	-1.954
до -800	1 -800	Sloka	śloka	82	34	48	2.412	1.270
до -800	1 -800	nava	nava	91	49	42	1.857	0.893
до -800	1 -800	yuvan	yuvan	95	109	-14	0.872	-0.198
до -800	1 -800	yajata	yajata	100	54	46	1.852	0.889
до -800	1 -800	dvezas	dveṣas	98	53	45	1.849	0.887
до -800	1 -800	homa	homa	88	13	75	6.769	2.759
до -800	1 -800	SIrzan	śīrṣan	96	58	38	1.655	0.727
до -800	1 -800	grAma	grāma	90	35	55	2.571	1.363
до -800	1 -800	AgA	āgā	96	48	48	2.000	1.000
до -800	1 -800	mand	mand	96	53	43	1.811	0.857
до -800	1 -800	aktu	aktu	98	52	46	1.885	0.914
до -800	1 -800	parvan	parvan	95	35	60	2.714	1.441
до -800	1 -800	zazWa	ṣaṣṭha	100	106	-6	0.943	-0.084
до -800	1 -800	vAra	vāra	102	133	-31	0.767	-0.383
до -800	1 -800	citta	citta	92	42	50	2.190	1.131
до -800	1 -800	hUti	hūti	77	53	24	1.453	0.539
до -800	1 -800	Adi	ādi	92	8	84	11.500	3.524
до -800	1 -800	vaSA	vaśā	86	78	8	1.103	0.141
до -800	1 -800	vAjasAti	vājasāti	92	54	38	1.704	0.769
до -800	1 -800	mahiza	mahiṣa	100	54	46	1.852	0.889
до -800	1 -800	tAvat	tāvat	97	62	35	1.565	0.646
до -800	1 -800	dama	dama	95	62	33	1.532	0.616
до -800	1 -800	savya	savya	78	27	51	2.889	1.531
до -800	1 -800	mUla	mūla	94	26	68	3.615	1.854
до -800	1 -800	vap	vap	97	39	58	2.487	1.315
до -800	1 -800	avaruD	avarudh	88	124	-36	0.710	-0.495
до -800	1 -800	Aruh	āruh	91	47	44	1.936	0.953
до -800	1 -800	pratizWApay	pratiṣṭhāpay	71	65	6	1.092	0.127
до -800	1 -800	jagant	jagant	95	56	39	1.696	0.763
до -800	1 -800	samBf	sambhṛ	90	64	26	1.406	0.492
до -800	1 -800	jA	jā	101	74	27	1.365	0.449
до -800	1 -800	paYcama	pañcama	90	68	22	1.324	0.404
до -800	1 -800	nfmRa	nṛmṇa	98	52	46	1.885	0.914
до -800	1 -800	samad	samad	93	52	41	1.788	0.839
до -800	1 -800	fzva	ṛṣva	94	53	41	1.774	0.827
до -800	1 -800	tfRa	tṛṇa	92	23	69	4.000	2.000
до -800	1 -800	sUra	sūra	94	59	35	1.593	0.672
до -800	1 -800	sahasrin	sahasrin	89	50	39	1.780	0.832
до -800	1 -800	sAvitrI	sāvitrī	86	35	51	2.457	1.297
до -800	1 -800	SiSu	śiśu	92	62	30	1.484	0.569
до -800	1 -800	coday	coday	86	52	34	1.654	0.726
до -800	1 -800	vand	vand	95	51	44	1.863	0.897
до -800	1 -800	ABf	ābhṛ	89	54	35	1.648	0.721
до -800	1 -800	prajYA	prajñā	83	54	29	1.537	0.620
до -800	1 -800	praRI	praṇī	92	56	36	1.643	0.716
до -800	1 -800	mah	mah	92	423	-331	0.217	-2.201
до -800	1 -800	Bojana	bhojana	83	37	46	2.243	1.166
до -800	1 -800	nakta	nakta	86	50	36	1.720	0.782
до -800	1 -800	ASis	āśis	96	50	46	1.920	0.941
до -800	1 -800	mahitva	mahitva	94	50	44	1.880	0.911
до -800	1 -800	hotrA	hotrā	85	53	32	1.604	0.681
до -800	1 -800	yat	yat	99	1773	-1674	0.056	-4.163
до -800	1 -800	gamay	gamay	83	49	34	1.694	0.760
до -800	1 -800	Dfz	dhṛṣ	91	54	37	1.685	0.753
до -800	1 -800	saMskf	saṁskṛ	77	31	46	2.484	1.313
до -800	1 -800	sapary	sapary	90	47	43	1.915	0.937
до -800	1 -800	Bfgu	bhṛgu	84	54	30	1.556	0.637
до -800	1 -800	arizwa	ariṣṭa	85	51	34	1.667	0.737
до -800	1 -800	maha	maha	89	54	35	1.648	0.721
до -800	1 -800	carman	carman	93	28	65	3.321	1.732
до -800	1 -800	mADyaMdina	mādhyaṁdina	91	79	12	1.152	0.204
до -800	1 -800	dfQa	dṛḍha	92	52	40	1.769	0.823
до -800	1 -800	dviz	dviṣ	77	291	-214	0.265	-1.918
до -800	1 -800	tavas	tavas	95	51	44	1.863	0.897
до -800	1 -800	brahmacarya	brahmacarya	77	24	53	3.208	1.682
до -800	1 -800	vartay	vartay	91	50	41	1.820	0.864
до -800	1 -800	Sram	śram	71	45	26	1.578	0.658
до -800	1 -800	AnI	ānī	82	11	71	7.455	2.898
до -800	1 -800	pare	pare	89	59	30	1.508	0.593
до -800	1 -800	Dur	dhur	93	53	40	1.755	0.811
до -800	1 -800	raTI	rathī	90	58	32	1.552	0.634
до -800	1 -800	aTarvan	atharvan	79	51	28	1.549	0.631
до -800	1 -800	parRa	parṇa	92	39	53	2.359	1.238
до -800	1 -800	fzaBa	ṛṣabha	93	47	46	1.979	0.985
до -800	1 -800	meDa	medha	92	64	28	1.438	0.524
до -800	1 -800	trita	trita	83	48	35	1.729	0.790
до -800	1 -800	jIra	jīra	96	49	47	1.959	0.970
до -800	1 -800	tanaya	tanaya	96	70	26	1.371	0.456
до -800	1 -800	svizwakft	sviṣṭakṛt	80	14	66	5.714	2.515
до -800	1 -800	ganDa	gandha	83	20	63	4.150	2.053
до -800	1 -800	virAj	virāj	83	134	-51	0.619	-0.691
до -800	1 -800	puRya	puṇya	88	29	59	3.034	1.601
до -800	1 -800	dAna	dāna	89	56	33	1.589	0.668
до -800	1 -800	dAnu	dānu	69	57	12	1.211	0.276
до -800	1 -800	KyA	khyā	90	47	43	1.915	0.937
до -800	1 -800	izay	iṣay	94	49	45	1.918	0.940
до -800	1 -800	anubrU	anubrū	80	42	38	1.905	0.930
до -800	1 -800	navyas	navyas	89	48	41	1.854	0.891
до -800	1 -800	adrivat	adrivat	87	49	38	1.776	0.828
до -800	1 -800	anfta	anṛta	89	56	33	1.589	0.668
до -800	1 -800	raTaMtara	rathaṁtara	83	131	-48	0.634	-0.658
до -800	1 -800	ruSat	ruśat	89	47	42	1.894	0.921
до -800	1 -800	meDA	medhā	82	43	39	1.907	0.931
до -800	1 -800	yavizWa	yaviṣṭha	89	47	42	1.894	0.921
до -800	1 -800	vidyA	vidyā	91	11	80	8.273	3.048
до -800	1 -800	Ir	īr	78	47	31	1.660	0.731
до -800	1 -800	vfz	vṛṣ	78	40	38	1.950	0.963
до -800	1 -800	kan	kan	81	48	33	1.688	0.755
до -800	1 -800	svap	svap	76	33	43	2.303	1.204
до -800	1 -800	prasU	prasū	84	66	18	1.273	0.348
до -800	1 -800	camasa	camasa	90	33	57	2.727	1.447
до -800	1 -800	dvAr	dvār	85	44	41	1.932	0.950
до -800	1 -800	pakva	pakva	88	39	49	2.256	1.174
до -800	1 -800	BIma	bhīma	86	46	40	1.870	0.903
до -800	1 -800	tantu	tantu	84	45	39	1.867	0.900
до -800	1 -800	SradDA	śraddhā	80	55	25	1.455	0.541
до -800	1 -800	gAyatra	gāyatra	80	143	-63	0.559	-0.838
до -800	1 -800	kzIra	kṣīra	87	41	46	2.122	1.085
до -800	1 -800	pOMsya	pauṁsya	78	46	32	1.696	0.762
до -800	1 -800	prAyaScitti	prāyaścitti	78	72	6	1.083	0.115
до -800	1 -800	kzi	kṣi	82	109	-27	0.752	-0.411
до -800	1 -800	nakz	nakṣ	85	47	38	1.809	0.855
до -800	1 -800	ric	ric	82	53	29	1.547	0.630
до -800	1 -800	snA	snā	73	17	56	4.294	2.102
до -800	1 -800	Acam	ācam	70	10	60	7.000	2.807
до -800	1 -800	vizvaYc	viṣvañc	84	48	36	1.750	0.807
до -800	1 -800	johav	johav	80	46	34	1.739	0.798
до -800	1 -800	BrAtfvya	bhrātṛvya	80	87	-7	0.920	-0.121
до -800	1 -800	vapus	vapus	82	47	35	1.745	0.803
до -800	1 -800	rAtra	rātra	83	28	55	2.964	1.568
до -800	1 -800	yajamAna	yajamāna	81	77	4	1.052	0.073
до -800	1 -800	dvipad	dvipad	89	44	45	2.023	1.016
до -800	1 -800	suvita	suvita	88	51	37	1.725	0.787
до -800	1 -800	hiraRya	hiraṇya	85	165	-80	0.515	-0.957
до -800	1 -800	bali	bali	83	19	64	4.368	2.127
до -800	1 -800	pravat	pravat	81	52	29	1.558	0.639
до -800	1 -800	akzi	akṣi	78	30	48	2.600	1.379
до -800	1 -800	SoSuc	śośuc	83	46	37	1.804	0.851
до -800	1 -800	pA	pā	84	992	-908	0.085	-3.562
до -800	1 -800	aDyAtma	adhyātma	59	11	48	5.364	2.423
до -800	1 -800	pakza	pakṣa	82	46	36	1.783	0.834
до -800	1 -800	avya	avya	80	45	35	1.778	0.830
до -800	1 -800	ukzan	ukṣan	77	48	29	1.604	0.682
до -800	1 -800	yuj	yuj	79	486	-407	0.163	-2.621
до -800	1 -800	varivas	varivas	87	44	43	1.977	0.984
до -800	1 -800	vaSa	vaśa	78	42	36	1.857	0.893
до -800	1 -800	mAtariSvan	mātariśvan	76	44	32	1.727	0.788
до -800	1 -800	suvfkti	suvṛkti	83	49	34	1.694	0.760
до -800	1 -800	trEzwuBa	traiṣṭubha	68	70	-2	0.971	-0.042
до -800	1 -800	dakza	dakṣa	82	150	-68	0.547	-0.871
до -800	1 -800	sumanas	sumanas	86	39	47	2.205	1.141
до -800	1 -800	SfNga	śṛṅga	83	47	36	1.766	0.820
до -800	1 -800	pfSni	pṛśni	84	67	17	1.254	0.326
до -800	1 -800	sAday	sāday	72	55	17	1.309	0.389
до -800	1 -800	anumantray	anumantray	64	16	48	4.000	2.000
до -800	1 -800	ri	ri	85	43	42	1.977	0.983
до -800	1 -800	ruj	ruj	79	42	37	1.881	0.911
до -800	1 -800	prAR	prāṇ	82	26	56	3.154	1.657
до -800	1 -800	saMvid	saṁvid	80	48	32	1.667	0.737
до -800	1 -800	aBra	abhra	68	36	32	1.889	0.918
до -800	1 -800	arasa	arasa	67	48	19	1.396	0.481
до -800	1 -800	ftAvfD	ṛtāvṛdh	80	43	37	1.860	0.896
до -800	1 -800	Asya	āsya	78	42	36	1.857	0.893
до -800	1 -800	jAmi	jāmi	77	81	-4	0.951	-0.073
до -800	1 -800	sruc	sruc	82	43	39	1.907	0.931
до -800	1 -800	girvaRas	girvaṇas	74	43	31	1.721	0.783
до -800	1 -800	puraMDi	puraṁdhi	76	41	35	1.854	0.890
до -800	1 -800	dasma	dasma	81	50	31	1.620	0.696
до -800	1 -800	vraSc	vraśc	73	41	32	1.780	0.832
до -800	1 -800	SuD	śudh	76	44	32	1.727	0.788
до -800	1 -800	utTA	utthā	75	49	26	1.531	0.614
до -800	1 -800	Goza	ghoṣa	79	49	30	1.612	0.689
до -800	1 -800	saMtap	saṁtap	63	43	20	1.465	0.551
до -800	1 -800	sat	sat	80	48	32	1.667	0.737
до -800	1 -800	mayoBu	mayobhu	80	40	40	2.000	1.000
до -800	1 -800	saMdfS	saṁdṛś	75	45	30	1.667	0.737
до -800	1 -800	maGa	magha	75	43	32	1.744	0.803
до -800	1 -800	manIzin	manīṣin	74	42	32	1.762	0.817
до -800	1 -800	narya	narya	80	50	30	1.600	0.678
до -800	1 -800	AkUti	ākūti	81	36	45	2.250	1.170
до -800	1 -800	yAjyA	yājyā	74	44	30	1.682	0.750
до -800	1 -800	yozA	yoṣā	79	39	40	2.026	1.018
до -800	1 -800	loman	loman	75	32	43	2.344	1.229
до -800	1 -800	yAma	yāma	78	52	26	1.500	0.585
до -800	1 -800	duroRa	duroṇa	81	44	37	1.841	0.880
до -800	1 -800	janiman	janiman	82	42	40	1.952	0.965
до -800	1 -800	janus	janus	82	44	38	1.864	0.898
до -800	1 -800	Darma	dharma	73	20	53	3.650	1.868
до -800	1 -800	DAtu	dhātu	76	35	41	2.171	1.119
до -800	1 -800	tavizI	taviṣī	82	42	40	1.952	0.965
до -800	1 -800	stotra	stotra	80	81	-1	0.988	-0.018
до -800	1 -800	Sakra	śakra	78	58	20	1.345	0.427
до -800	1 -800	Sabda	śabda	76	4	72	19.000	4.248
до -800	1 -800	vfka	vṛka	74	40	34	1.850	0.888
до -800	1 -800	raB	rabh	75	46	29	1.630	0.705
до -800	1 -800	DU	dhū	75	50	25	1.500	0.585
до -800	1 -800	maT	math	73	42	31	1.738	0.798
до -800	1 -800	aBimantray	abhimantray	61	4	57	15.250	3.931
до -800	1 -800	AraB	ārabh	72	59	13	1.220	0.287
до -800	1 -800	upaviS	upaviś	73	9	64	8.111	3.020
до -800	1 -800	pratigrah	pratigrah	67	33	34	2.030	1.022
до -800	1 -800	aDipati	adhipati	79	44	35	1.795	0.844
до -800	1 -800	naB	nabh	83	43	40	1.930	0.949
до -800	1 -800	adButa	adbhuta	71	33	38	2.152	1.105
до -800	1 -800	anuzwuB	anuṣṭubh	72	111	-39	0.649	-0.624
до -800	1 -800	anehas	anehas	69	41	28	1.683	0.751
до -800	1 -800	anyaka	anyaka	48	41	7	1.171	0.227
до -800	1 -800	nftama	nṛtama	79	41	38	1.927	0.946
до -800	1 -800	nArI	nārī	75	35	40	2.143	1.100
до -800	1 -800	usriyA	usriyā	69	41	28	1.683	0.751
до -800	1 -800	navya	navya	74	44	30	1.682	0.750
до -800	1 -800	vicakzaRa	vicakṣaṇa	74	40	34	1.850	0.888
до -800	1 -800	SuBra	śubhra	70	42	28	1.667	0.737
до -800	1 -800	SAlA	śālā	77	32	45	2.406	1.267
до -800	1 -800	miSra	miśra	80	4	76	20.000	4.322
до -800	1 -800	puzwi	puṣṭi	72	47	25	1.532	0.615
до -800	1 -800	iz	iṣ	78	495	-417	0.158	-2.666
до -800	1 -800	anuvac	anuvac	71	37	34	1.919	0.940
до -800	1 -800	parI	parī	71	42	29	1.690	0.757
до -800	1 -800	praSaMs	praśaṁs	72	47	25	1.532	0.615
до -800	1 -800	prAv	prāv	78	41	37	1.902	0.928
до -800	1 -800	mIQvas	mīḍhvas	75	42	33	1.786	0.837
до -800	1 -800	vakz	vakṣ	65	42	23	1.548	0.630
до -800	1 -800	ajAtaSatru	ajātaśatru	78	0	78	inf	inf
до -800	1 -800	anDa	andha	76	30	46	2.533	1.341
до -800	1 -800	kIrti	kīrti	75	24	51	3.125	1.644
до -800	1 -800	mayas	mayas	75	45	30	1.667	0.737
до -800	1 -800	nara	nara	69	41	28	1.683	0.751
до -800	1 -800	jit	jit	70	64	6	1.094	0.129
до -800	1 -800	skamBa	skambha	71	46	25	1.543	0.626
до -800	1 -800	hastin	hastin	66	23	43	2.870	1.521
до -800	1 -800	vyoman	vyoman	67	38	29	1.763	0.818
до -800	1 -800	SamI	śamī	74	33	41	2.242	1.165
до -800	1 -800	mAs	mās	79	41	38	1.927	0.946
до -800	1 -800	fD	ṛdh	64	57	7	1.123	0.167
до -800	1 -800	Cid	chid	74	37	37	2.000	1.000
до -800	1 -800	Danv	dhanv	70	41	29	1.707	0.772
до -800	1 -800	atI	atī	65	36	29	1.806	0.852
до -800	1 -800	upasamADA	upasamādhā	75	1	74	75.000	6.229
до -800	1 -800	dAtf	dātṛ	77	51	26	1.510	0.594
до -800	1 -800	mfqay	mṛḍay	58	44	14	1.318	0.399
до -800	1 -800	aBidAs	abhidās	73	40	33	1.825	0.868
до -800	1 -800	haryata	haryata	73	43	30	1.698	0.764
до -800	1 -800	Seva	śeva	76	38	38	2.000	1.000
до -800	1 -800	sani	sani	74	60	14	1.233	0.303
до -800	1 -800	avi	avi	74	48	26	1.542	0.624
до -800	1 -800	udara	udara	66	34	32	1.941	0.957
до -800	1 -800	Api	āpi	71	54	17	1.315	0.395
до -800	1 -800	Ayu	āyu	78	141	-63	0.553	-0.854
до -800	1 -800	yuD	yudh	68	99	-31	0.687	-0.542
до -800	1 -800	yuvati	yuvati	76	38	38	2.000	1.000
до -800	1 -800	varUTa	varūtha	73	39	34	1.872	0.904
до -800	1 -800	SuzRa	śuṣṇa	73	39	34	1.872	0.904
до -800	1 -800	pratIka	pratīka	74	38	36	1.947	0.962
до -800	1 -800	BUz	bhūṣ	75	38	37	1.974	0.981
до -800	1 -800	Sf	śṛ	70	51	19	1.373	0.457
до -800	1 -800	AlaB	ālabh	69	78	-9	0.885	-0.177
до -800	1 -800	vitan	vitan	75	43	32	1.744	0.803
до -800	1 -800	camU	camū	77	39	38	1.974	0.981
до -800	1 -800	Svan	śvan	71	31	40	2.290	1.196
до -800	1 -800	vazawkf	vaṣaṭkṛ	67	45	22	1.489	0.574
до -800	1 -800	dviz	dviṣ	61	291	-230	0.210	-2.254
до -800	1 -800	yaSas	yaśas	69	167	-98	0.413	-1.275
до -800	1 -800	pfR	pṛṇ	70	42	28	1.667	0.737
до -800	1 -800	DA	dhā	73	1571	-1498	0.046	-4.428
до -800	1 -800	kanyA	kanyā	67	18	49	3.722	1.896
до -800	1 -800	akza	akṣa	75	81	-6	0.926	-0.111
до -800	1 -800	aGnyA	aghnyā	71	39	32	1.821	0.864
до -800	1 -800	sadman	sadman	71	40	31	1.775	0.828
до -800	1 -800	kutsa	kutsa	71	49	22	1.449	0.535
до -800	1 -800	mahan	mahan	73	40	33	1.825	0.868
до -800	1 -800	navIyas	navīyas	72	39	33	1.846	0.885
до -800	1 -800	ucCizwa	ucchiṣṭa	67	35	32	1.914	0.937
до -800	1 -800	utsa	utsa	69	37	32	1.865	0.899
до -800	1 -800	uda	uda	67	15	52	4.467	2.159
до -800	1 -800	azwama	aṣṭama	70	61	9	1.148	0.199
до -800	1 -800	Agneya	āgneya	63	49	14	1.286	0.363
до -800	1 -800	trivft	trivṛt	70	87	-17	0.805	-0.314
до -800	1 -800	jaWara	jaṭhara	75	37	38	2.027	1.019
до -800	1 -800	draviRas	draviṇas	69	41	28	1.683	0.751
до -800	1 -800	daRqa	daṇḍa	67	8	59	8.375	3.066
до -800	1 -800	svapna	svapna	59	22	37	2.682	1.423
до -800	1 -800	svaDAvat	svadhāvat	68	38	30	1.789	0.840
до -800	1 -800	graha	graha	68	34	34	2.000	1.000
до -800	1 -800	gaBasti	gabhasti	71	38	33	1.868	0.902
до -800	1 -800	SAKA	śākhā	69	19	50	3.632	1.861
до -800	1 -800	vIravat	vīravat	74	37	37	2.000	1.000
до -800	1 -800	vedi	vedi	67	35	32	1.914	0.937
до -800	1 -800	puroqAS	puroḍāś	68	37	31	1.838	0.878
до -800	1 -800	fj	ṛj	67	41	26	1.634	0.709
до -800	1 -800	DyA	dhyā	65	18	47	3.611	1.852
до -800	1 -800	pad	pad	67	104	-37	0.644	-0.634
до -800	1 -800	sA	sā	71	77	-6	0.922	-0.117
до -800	1 -800	DI	dhī	71	345	-274	0.206	-2.281
до -800	1 -800	aBitap	abhitap	70	32	38	2.188	1.129
до -800	1 -800	alaMkf	alaṁkṛ	64	7	57	9.143	3.193
до -800	1 -800	vrIhi	vrīhi	71	20	51	3.550	1.828
до -800	1 -800	ej	ej	63	36	27	1.750	0.807
до -800	1 -800	niyut	niyut	72	39	33	1.846	0.885
до -800	1 -800	SavizWa	śaviṣṭha	73	38	35	1.921	0.942
до -800	1 -800	DAyyA	dhāyyā	65	43	22	1.512	0.596
до -800	1 -800	aDara	adhara	68	37	31	1.838	0.878
до -800	1 -800	payasvat	payasvat	65	35	30	1.857	0.893
до -800	1 -800	marya	marya	72	37	35	1.946	0.960
до -800	1 -800	naBas	nabhas	67	37	30	1.811	0.857
до -800	1 -800	citti	citti	66	36	30	1.833	0.874
до -800	1 -800	Asan	āsan	63	41	22	1.537	0.620
до -800	1 -800	yoga	yoga	68	44	24	1.545	0.628
до -800	1 -800	jani	jani	69	31	38	2.226	1.154
до -800	1 -800	jAgata	jāgata	60	62	-2	0.968	-0.047
до -800	1 -800	drapsa	drapsa	58	34	24	1.706	0.771
до -800	1 -800	pAjas	pājas	68	37	31	1.838	0.878
до -800	1 -800	pApa	pāpa	70	43	27	1.628	0.703
до -800	1 -800	hatya	hatya	70	39	31	1.795	0.844
до -800	1 -800	kzatriya	kṣatriya	70	16	54	4.375	2.129
до -800	1 -800	viSpati	viśpati	70	37	33	1.892	0.920
до -800	1 -800	pratipad	pratipad	72	107	-35	0.673	-0.572
до -800	1 -800	vfzRya	vṛṣṇya	65	43	22	1.512	0.596
до -800	1 -800	baBru	babhru	66	50	16	1.320	0.401
до -800	1 -800	arh	arh	65	38	27	1.711	0.774
до -800	1 -800	ukz	ukṣ	66	35	31	1.886	0.915
до -800	1 -800	cyu	cyu	69	61	8	1.131	0.178
до -800	1 -800	stamB	stambh	65	39	26	1.667	0.737
до -800	1 -800	sAD	sādh	69	37	32	1.865	0.899
до -800	1 -800	parigrah	parigrah	64	30	34	2.133	1.093
до -800	1 -800	pravac	pravac	56	30	26	1.867	0.900
до -800	1 -800	prAp	prāp	64	12	52	5.333	2.415
до -800	1 -800	janitf	janitṛ	68	41	27	1.659	0.730
до -800	1 -800	sizAs	siṣās	66	38	28	1.737	0.796
до -800	1 -800	vivAs	vivās	61	38	23	1.605	0.683
до -800	1 -800	uruzy	uruṣy	65	40	25	1.625	0.700
до -800	1 -800	adABya	adābhya	59	36	23	1.639	0.713
до -800	1 -800	anAgas	anāgas	67	36	31	1.861	0.896
до -800	1 -800	apsaras	apsaras	68	44	24	1.545	0.628
до -800	1 -800	kula	kula	67	6	61	11.167	3.481
до -800	1 -800	matsara	matsara	64	41	23	1.561	0.642
до -800	1 -800	nirRij	nirṇij	65	37	28	1.757	0.813
до -800	1 -800	aruRa	aruṇa	68	41	27	1.659	0.730
до -800	1 -800	jagatI	jagatī	66	87	-21	0.759	-0.399
до -800	1 -800	aSvAvat	aśvāvat	62	35	27	1.771	0.825
до -800	1 -800	rAjya	rājya	47	42	5	1.119	0.162
до -800	1 -800	mAtrA	mātrā	62	27	35	2.296	1.199
до -800	1 -800	mAyin	māyin	66	37	29	1.784	0.835
до -800	1 -800	devatya	devatya	66	55	11	1.200	0.263
до -800	1 -800	sUnftA	sūnṛtā	64	35	29	1.829	0.871
до -800	1 -800	sTAna	sthāna	55	21	34	2.619	1.389
до -800	1 -800	sarpis	sarpis	67	27	40	2.481	1.311
до -800	1 -800	vESvadeva	vaiśvadeva	62	59	3	1.051	0.072
до -800	1 -800	vyAhfti	vyāhṛti	60	17	43	3.529	1.819
до -800	1 -800	SarDas	śardhas	69	36	33	1.917	0.939
до -800	1 -800	vivasvant	vivasvant	69	38	31	1.816	0.861
до -800	1 -800	vedas	vedas	70	72	-2	0.972	-0.041
до -800	1 -800	buDna	budhna	70	34	36	2.059	1.042
до -800	1 -800	prajAti	prajāti	56	48	8	1.167	0.222
до -800	1 -800	guh	guh	64	38	26	1.684	0.752
до -800	1 -800	nirvap	nirvap	68	54	14	1.259	0.333
до -800	1 -800	vihf	vihṛ	58	47	11	1.234	0.303
до -800	1 -800	Ada	āda	72	21	51	3.429	1.778
до -800	1 -800	kanikrad	kanikrad	60	38	22	1.579	0.659
до -800	1 -800	akzita	akṣita	59	37	22	1.595	0.673
до -800	1 -800	agnizwoma	agniṣṭoma	61	77	-16	0.792	-0.336
до -800	1 -800	aYjali	añjali	68	0	68	inf	inf
до -800	1 -800	etAvat	etāvat	52	30	22	1.733	0.794
до -800	1 -800	oka	oka	60	40	20	1.500	0.585
до -800	1 -800	arRas	arṇas	66	35	31	1.886	0.915
до -800	1 -800	ahata	ahata	64	0	64	inf	inf
до -800	1 -800	AhavanIya	āhavanīya	61	42	19	1.452	0.538
до -800	1 -800	vartani	vartani	64	32	32	2.000	1.000
до -800	1 -800	devayu	devayu	57	36	21	1.583	0.663
до -800	1 -800	ga	ga	59	28	31	2.107	1.075
до -800	1 -800	vIqu	vīḍu	62	35	27	1.771	0.825
до -800	1 -800	bahula	bahula	69	32	37	2.156	1.109
до -800	1 -800	aj	aj	63	35	28	1.800	0.848
до -800	1 -800	BrAj	bhrāj	66	36	30	1.833	0.874
до -800	1 -800	aBimfS	abhimṛś	55	7	48	7.857	2.974
до -800	1 -800	dyut	dyut	56	40	16	1.400	0.485
до -800	1 -800	daB	dabh	67	35	32	1.914	0.937
до -800	1 -800	Gftavat	ghṛtavat	64	33	31	1.939	0.956
до -800	1 -800	vyAKyA	vyākhyā	46	3	43	15.333	3.939
до -800	1 -800	kevala	kevala	64	37	27	1.730	0.791
до -800	1 -800	stanay	stanay	70	30	40	2.333	1.222
до -800	1 -800	vfDa	vṛdha	63	35	28	1.800	0.848
до -800	1 -800	ranDay	randhay	58	36	22	1.611	0.688
до -800	1 -800	hary	hary	62	38	24	1.632	0.706
до -800	1 -800	praSasti	praśasti	66	35	31	1.886	0.915
до -800	1 -800	paTyA	pathyā	58	35	23	1.657	0.729
до -800	1 -800	saptama	saptama	60	57	3	1.053	0.074
до -800	1 -800	aBaya	abhaya	56	43	13	1.302	0.381
до -800	1 -800	kAla	kāla	64	6	58	10.667	3.415
до -800	1 -800	Sveta	śveta	56	29	27	1.931	0.949
до -800	1 -800	DizaRA	dhiṣaṇā	66	36	30	1.833	0.874
до -800	1 -800	vicarzaRi	vicarṣaṇi	60	34	26	1.765	0.819
до -800	1 -800	asu	asu	64	33	31	1.939	0.956
до -800	1 -800	iDma	idhma	55	16	39	3.438	1.781
до -800	1 -800	izira	iṣira	67	32	35	2.094	1.066
до -800	1 -800	devatAti	devatāti	67	35	32	1.914	0.937
до -800	1 -800	stana	stana	61	27	34	2.259	1.176
до -800	1 -800	syona	syona	63	34	29	1.853	0.890
до -800	1 -800	sruva	sruva	55	4	51	13.750	3.781
до -800	1 -800	vyuzwi	vyuṣṭi	65	34	31	1.912	0.935
до -800	1 -800	svAdu	svādu	55	39	16	1.410	0.496
до -800	1 -800	gozWa	goṣṭha	60	26	34	2.308	1.206
до -800	1 -800	Suzmin	śuṣmin	60	33	27	1.818	0.862
до -800	1 -800	Seza	śeṣa	62	2	60	31.000	4.954
до -800	1 -800	gavya	gavya	63	37	26	1.703	0.768
до -800	1 -800	praBfti	prabhṛti	67	9	58	7.444	2.896
до -800	1 -800	vedas	vedas	59	72	-13	0.819	-0.287
до -800	1 -800	pUruza	pūruṣa	58	30	28	1.933	0.951
до -800	1 -800	bfhatI	bṛhatī	61	76	-15	0.803	-0.317
до -800	1 -800	praRIti	praṇīti	61	34	27	1.794	0.843
до -800	1 -800	ci	ci	64	56	8	1.143	0.193
до -800	1 -800	vA	vā	66	771	-705	0.086	-3.546
до -800	1 -800	siD	sidh	64	39	25	1.641	0.715
до -800	1 -800	hA	hā	57	169	-112	0.337	-1.568
до -800	1 -800	Bakzay	bhakṣay	55	40	15	1.375	0.459
до -800	1 -800	samarDay	samardhay	39	40	-1	0.975	-0.037
до -800	1 -800	anaquh	anaḍuh	57	41	16	1.390	0.475
до -800	1 -800	adruh	adruh	62	33	29	1.879	0.910
до -800	1 -800	sapti	sapti	60	34	26	1.765	0.819
до -800	1 -800	parus	parus	62	58	4	1.069	0.096
до -800	1 -800	BUti	bhūti	59	28	31	2.107	1.075
до -800	1 -800	maMhizWa	maṁhiṣṭha	60	33	27	1.818	0.862
до -800	1 -800	eva	eva	60	3048	-2988	0.020	-5.667
до -800	1 -800	navati	navati	66	36	30	1.833	0.874
до -800	1 -800	raRa	raṇa	60	37	23	1.622	0.697
до -800	1 -800	vaDU	vadhū	56	18	38	3.111	1.637
до -800	1 -800	yavasa	yavasa	61	34	27	1.794	0.843
до -800	1 -800	yahva	yahva	63	33	30	1.909	0.933
до -800	1 -800	varDana	vardhana	64	41	23	1.561	0.642
до -800	1 -800	varman	varman	64	32	32	2.000	1.000
до -800	1 -800	deSa	deśa	59	2	57	29.500	4.883
до -800	1 -800	jaya	jaya	60	2	58	30.000	4.907
до -800	1 -800	tanu	tanu	64	36	28	1.778	0.830
до -800	1 -800	vipaScit	vipaścit	65	33	32	1.970	0.978
до -800	1 -800	mfD	mṛdh	64	50	14	1.280	0.356
до -800	1 -800	Pala	phala	62	13	49	4.769	2.254
до -800	1 -800	prAjApatya	prājāpatya	54	26	28	2.077	1.054
до -800	1 -800	vfh	vṛh	51	33	18	1.545	0.628
до -800	1 -800	ape	ape	51	18	33	2.833	1.503
до -800	1 -800	Avap	āvap	49	4	45	12.250	3.615
до -800	1 -800	upasad	upasad	55	72	-17	0.764	-0.389
до -800	1 -800	Gora	ghora	61	31	30	1.968	0.977
до -800	1 -800	agnIzoma	agnīṣoma	51	29	22	1.759	0.814
до -800	1 -800	saMSA	saṁśā	63	32	31	1.969	0.977
до -800	1 -800	prA	prā	56	55	1	1.018	0.026
до -800	1 -800	inv	inv	55	33	22	1.667	0.737
до -800	1 -800	fBukzan	ṛbhukṣan	63	33	30	1.909	0.933
до -800	1 -800	tan	tan	60	209	-149	0.287	-1.800
до -800	1 -800	satvan	satvan	62	39	23	1.590	0.669
до -800	1 -800	avarudDi	avaruddhi	37	96	-59	0.385	-1.376
до -800	1 -800	mEtrAvaruRa	maitrāvaruṇa	61	71	-10	0.859	-0.219
до -800	1 -800	vaSin	vaśin	54	29	25	1.862	0.897
до -800	1 -800	jamBa	jambha	62	32	30	1.938	0.954
до -800	1 -800	pAvaka	pāvaka	58	92	-34	0.630	-0.666
до -800	1 -800	sarga	sarga	60	33	27	1.818	0.862
до -800	1 -800	viBu	vibhu	62	32	30	1.938	0.954
до -800	1 -800	SuB	śubh	62	109	-47	0.569	-0.814
до -800	1 -800	SiprA	śiprā	61	33	28	1.848	0.886
до -800	1 -800	mfqIka	mṛḍīka	56	32	24	1.750	0.807
до -800	1 -800	pradiv	pradiv	63	32	31	1.969	0.977
до -800	1 -800	pft	pṛt	64	32	32	2.000	1.000
до -800	1 -800	bArhata	bārhata	58	49	9	1.184	0.243
до -800	1 -800	peSas	peśas	58	33	25	1.758	0.814
до -800	1 -800	pragATa	pragātha	61	51	10	1.196	0.258
до -800	1 -800	grIvA	grīvā	59	28	31	2.107	1.075
до -800	1 -800	sfp	sṛp	53	39	14	1.359	0.443
до -800	1 -800	spfS	spṛś	55	27	28	2.037	1.026
до -800	1 -800	Avf	āvṛ	60	27	33	2.222	1.152
до -800	1 -800	viBA	vibhā	62	33	29	1.879	0.910
до -800	1 -800	visfj	visṛj	55	34	21	1.618	0.694
до -800	1 -800	saMsfj	saṁsṛj	59	20	39	2.950	1.561
до -800	1 -800	day	day	59	32	27	1.844	0.883
до -800	1 -800	rej	rej	61	34	27	1.794	0.843
до -800	1 -800	candra	candra	61	54	7	1.130	0.176
до -800	1 -800	ran	ran	57	35	22	1.629	0.704
до -800	1 -800	sA	sā	64	77	-13	0.831	-0.267
до -800	1 -800	kfta	kṛta	51	31	20	1.645	0.718
до -800	1 -800	pariDi	paridhi	58	25	33	2.320	1.214
до -800	1 -800	sampAta	sampāta	56	17	39	3.294	1.720
до -800	1 -800	aBiSasti	abhiśasti	62	30	32	2.067	1.047
до -800	1 -800	ama	ama	50	18	32	2.778	1.474
до -800	1 -800	niDana	nidhana	53	96	-43	0.552	-0.857
до -800	1 -800	fzwi	ṛṣṭi	55	29	26	1.897	0.923
до -800	1 -800	ekEka	ekaika	58	14	44	4.143	2.051
до -800	1 -800	avasyu	avasyu	59	32	27	1.844	0.883
до -800	1 -800	uttAna	uttāna	58	24	34	2.417	1.273
до -800	1 -800	aSvya	aśvya	56	49	7	1.143	0.193
до -800	1 -800	ahorAtra	ahorātra	53	20	33	2.650	1.406
до -800	1 -800	izwi	iṣṭi	55	57	-2	0.965	-0.052
до -800	1 -800	lohita	lohita	53	16	37	3.312	1.728
до -800	1 -800	ruc	ruc	55	125	-70	0.440	-1.184
до -800	1 -800	mahina	mahina	57	36	21	1.583	0.663
до -800	1 -800	jAta	jāta	59	28	31	2.107	1.075
до -800	1 -800	druh	druh	58	46	12	1.261	0.334
до -800	1 -800	pAyu	pāyu	58	31	27	1.871	0.904
до -800	1 -800	jyAyas	jyāyas	59	32	27	1.844	0.883
до -800	1 -800	takman	takman	51	33	18	1.545	0.628
до -800	1 -800	haMsa	haṁsa	47	27	20	1.741	0.800
до -800	1 -800	gArhapatya	gārhapatya	60	39	21	1.538	0.621
до -800	1 -800	gfhapati	gṛhapati	57	46	11	1.239	0.309
до -800	1 -800	gaya	gaya	54	31	23	1.742	0.801
до -800	1 -800	puroqASa	puroḍāśa	56	35	21	1.600	0.678
до -800	1 -800	tuj	tuj	59	39	20	1.513	0.597
до -800	1 -800	dfh	dṛh	54	39	15	1.385	0.469
до -800	1 -800	anvAraB	anvārabh	55	8	47	6.875	2.781
до -800	1 -800	udyam	udyam	58	40	18	1.450	0.536
до -800	1 -800	daSasy	daśasy	52	31	21	1.677	0.746
до -800	1 -800	viBaj	vibhaj	54	35	19	1.543	0.626
до -800	1 -800	vAcay	vācay	44	4	40	11.000	3.459
до -800	1 -800	sTAlIpAka	sthālīpāka	48	0	48	inf	inf
до -800	1 -800	acCAvAka	acchāvāka	54	44	10	1.227	0.295
до -800	1 -800	BUman	bhūman	45	53	-8	0.849	-0.236
до -800	1 -800	arati	arati	59	33	26	1.788	0.838
до -800	1 -800	navama	navama	57	72	-15	0.792	-0.337
до -800	1 -800	BaradvAja	bharadvāja	52	31	21	1.677	0.746
до -800	1 -800	ja	ja	55	20	35	2.750	1.459
до -800	1 -800	udgAtf	udgātṛ	52	47	5	1.106	0.146
до -800	1 -800	ASA	āśā	52	39	13	1.333	0.415
до -800	1 -800	vastu	vastu	56	33	23	1.697	0.763
до -800	1 -800	vastra	vastra	54	20	34	2.700	1.433
до -800	1 -800	sUryA	sūryā	55	27	28	2.037	1.026
до -800	1 -800	svara	svara	48	26	22	1.846	0.885
до -800	1 -800	gOtama	gautama	55	6	49	9.167	3.196
до -800	1 -800	Suna	śuna	35	39	-4	0.897	-0.156
до -800	1 -800	kzA	kṣā	58	30	28	1.933	0.951
до -800	1 -800	vivAha	vivāha	46	5	41	9.200	3.202
до -800	1 -800	piSAca	piśāca	57	28	29	2.036	1.026
до -800	1 -800	aBizic	abhiṣic	49	35	14	1.400	0.485
до -800	1 -800	svar	svar	51	282	-231	0.181	-2.467
до -800	1 -800	rad	rad	57	30	27	1.900	0.926
до -800	1 -800	upaveSay	upaveśay	54	1	53	54.000	5.755
до -800	1 -800	vI	vī	54	161	-107	0.335	-1.576
до -800	1 -800	samaYj	samañj	57	19	38	3.000	1.585
до -800	1 -800	aMsa	aṁsa	57	20	37	2.850	1.511
до -800	1 -800	vayuna	vayuna	59	33	26	1.788	0.838
до -800	1 -800	samyaYc	samyañc	52	31	21	1.677	0.746
до -800	1 -800	aGa	agha	56	81	-25	0.691	-0.532
до -800	1 -800	aNgAra	aṅgāra	57	9	48	6.333	2.663
до -800	1 -800	satpati	satpati	49	29	20	1.690	0.757
до -800	1 -800	kumBa	kumbha	55	11	44	5.000	2.322
до -800	1 -800	nid	nid	51	30	21	1.700	0.766
до -800	1 -800	Uru	ūru	48	25	23	1.920	0.941
до -800	1 -800	fjIzin	ṛjīṣin	53	28	25	1.893	0.921
до -800	1 -800	Ananda	ānanda	45	7	38	6.429	2.684
до -800	1 -800	ASir	āśir	51	33	18	1.545	0.628
до -800	1 -800	raRva	raṇva	55	30	25	1.833	0.874
до -800	1 -800	yajizWa	yajiṣṭha	55	29	26	1.897	0.923
до -800	1 -800	yAna	yāna	54	38	16	1.421	0.507
до -800	1 -800	vala	vala	53	31	22	1.710	0.774
до -800	1 -800	durga	durga	52	31	21	1.677	0.746
до -800	1 -800	dUra	dūra	51	42	9	1.214	0.280
до -800	1 -800	damUnas	damūnas	54	29	25	1.862	0.897
до -800	1 -800	sarpa	sarpa	51	25	26	2.040	1.029
до -800	1 -800	sudAs	sudās	54	31	23	1.742	0.801
до -800	1 -800	harita	harita	56	30	26	1.867	0.900
до -800	1 -800	siMha	siṁha	50	25	25	2.000	1.000
до -800	1 -800	vESya	vaiśya	44	15	29	2.933	1.553
до -800	1 -800	kravyAd	kravyād	54	50	4	1.080	0.111
до -800	1 -800	purohita	purohita	54	36	18	1.500	0.585
до -800	1 -800	puruzwuta	puruṣṭuta	52	33	19	1.576	0.656
до -800	1 -800	Dam	dham	57	29	28	1.966	0.975
до -800	1 -800	aBiGAray	abhighāray	46	9	37	5.111	2.354
до -800	1 -800	Avft	āvṛt	51	40	11	1.275	0.350
до -800	1 -800	prakzAlay	prakṣālay	50	0	50	inf	inf
до -800	1 -800	oMkAra	oṁkāra	41	23	18	1.783	0.834
до -800	1 -800	maDumattama	madhumattama	50	32	18	1.562	0.644
до -800	1 -800	spArha	spārha	57	29	28	1.966	0.975
до -800	1 -800	akza	akṣa	49	81	-32	0.605	-0.725
до -800	1 -800	nUtana	nūtana	52	28	24	1.857	0.893
до -800	1 -800	netf	netṛ	55	31	24	1.774	0.827
до -800	1 -800	niDi	nidhi	53	23	30	2.304	1.204
до -800	1 -800	upara	upara	55	29	26	1.897	0.923
до -800	1 -800	Baya	bhaya	56	22	34	2.545	1.348
до -800	1 -800	caru	caru	53	49	4	1.082	0.113
до -800	1 -800	yUTa	yūtha	52	28	24	1.857	0.893
до -800	1 -800	varaRa	varaṇa	50	31	19	1.613	0.690
до -800	1 -800	vartis	vartis	53	28	25	1.893	0.921
до -800	1 -800	rohita	rohita	51	27	24	1.889	0.918
до -800	1 -800	pitrya	pitrya	51	20	31	2.550	1.350
до -800	1 -800	sahasvat	sahasvat	47	28	19	1.679	0.747
до -800	1 -800	sukratu	sukratu	47	29	18	1.621	0.697
до -800	1 -800	vyAna	vyāna	53	19	34	2.789	1.480
до -800	1 -800	Adf	ādṛ	35	26	9	1.346	0.429
до -800	1 -800	nASay	nāśay	40	27	13	1.481	0.567
до -800	1 -800	viDA	vidhā	54	35	19	1.543	0.626
до -800	1 -800	candra	candra	48	54	-6	0.889	-0.170
до -800	1 -800	pAd	pād	51	28	23	1.821	0.865
до -800	1 -800	rih	rih	50	28	22	1.786	0.837
до -800	1 -800	nonAv	nonāv	49	29	20	1.690	0.757
до -800	1 -800	saMkalpa	saṁkalpa	50	4	46	12.500	3.644
до -800	1 -800	anumati	anumati	46	18	28	2.556	1.354
до -800	1 -800	nemi	nemi	48	26	22	1.846	0.885
до -800	1 -800	Sruzwi	śruṣṭi	50	27	23	1.852	0.889
до -800	1 -800	Sreyas	śreyas	52	35	17	1.486	0.571
до -800	1 -800	Bakza	bhakṣa	48	25	23	1.920	0.941
до -800	1 -800	avitf	avitṛ	53	27	26	1.963	0.973
до -800	1 -800	avyaya	avyaya	48	30	18	1.600	0.678
до -800	1 -800	asTi	asthi	46	26	20	1.769	0.823
до -800	1 -800	As	ās	50	152	-102	0.329	-1.604
до -800	1 -800	indriya	indriya	51	124	-73	0.411	-1.282
до -800	1 -800	yUpa	yūpa	53	37	16	1.432	0.518
до -800	1 -800	rapas	rapas	46	30	16	1.533	0.617
до -800	1 -800	varpas	varpas	52	27	25	1.926	0.946
до -800	1 -800	tIvra	tīvra	48	27	21	1.778	0.830
до -800	1 -800	duGa	dugha	54	27	27	2.000	1.000
до -800	1 -800	duzwara	duṣṭara	48	28	20	1.714	0.778
до -800	1 -800	jAra	jāra	54	26	28	2.077	1.054
до -800	1 -800	daMsas	daṁsas	47	27	20	1.741	0.800
до -800	1 -800	sarvatAti	sarvatāti	51	28	23	1.821	0.865
до -800	1 -800	sukfta	sukṛta	49	18	31	2.722	1.445
до -800	1 -800	SaMtama	śaṁtama	51	29	22	1.759	0.814
до -800	1 -800	SarDa	śardha	41	28	13	1.464	0.550
до -800	1 -800	gotra	gotra	50	18	32	2.778	1.474
до -800	1 -800	syand	syand	53	24	29	2.208	1.143
до -800	1 -800	spfD	spṛdh	47	60	-13	0.783	-0.352
до -800	1 -800	df	dṛ	48	33	15	1.455	0.541
до -800	1 -800	DA	dhā	49	1571	-1522	0.031	-5.003
до -800	1 -800	ruD	rudh	46	29	17	1.586	0.666
до -800	1 -800	pAray	pāray	44	30	14	1.467	0.553
до -800	1 -800	upastf	upastṛ	48	11	37	4.364	2.126
до -800	1 -800	parizic	pariṣic	49	16	33	3.062	1.615
до -800	1 -800	hantama	hantama	50	27	23	1.852	0.889
до -800	1 -800	SaSvat	śaśvat	47	91	-44	0.516	-0.953
до -800	1 -800	aNguzWa	aṅguṣṭha	47	0	47	inf	inf
до -800	1 -800	atrin	atrin	49	26	23	1.885	0.914
до -800	1 -800	kAmya	kāmya	47	22	25	2.136	1.095
до -800	1 -800	fju	ṛju	47	25	22	1.880	0.911
до -800	1 -800	evaMvid	evaṁvid	47	2	45	23.500	4.555
до -800	1 -800	DAnA	dhānā	45	14	31	3.214	1.684
до -800	1 -800	upama	upama	50	32	18	1.562	0.644
до -800	1 -800	Bavat	bhavat	48	14	34	3.429	1.778
до -800	1 -800	BAs	bhās	52	22	30	2.364	1.241
до -800	1 -800	arDa	ardha	44	94	-50	0.468	-1.095
до -800	1 -800	ATarvaRa	ātharvaṇa	49	22	27	2.227	1.155
до -800	1 -800	Arya	ārya	47	48	-1	0.979	-0.030
до -800	1 -800	asta	asta	51	42	9	1.214	0.280
до -800	1 -800	ISAna	īśāna	44	14	30	3.143	1.652
до -800	1 -800	raTya	rathya	52	29	23	1.793	0.842
до -800	1 -800	riSAdas	riśādas	47	26	21	1.808	0.854
до -800	1 -800	yAvan	yāvan	46	28	18	1.643	0.716
до -800	1 -800	vAjinIvat	vājinīvat	44	22	22	2.000	1.000
до -800	1 -800	vARI	vāṇī	48	24	24	2.000	1.000
до -800	1 -800	mahAvyAhfti	mahāvyāhṛti	36	11	25	3.273	1.710
до -800	1 -800	pANkta	pāṅkta	44	52	-8	0.846	-0.241
до -800	1 -800	sTAlI	sthālī	46	3	43	15.333	3.939
до -800	1 -800	SamBu	śambhu	46	22	24	2.091	1.064
до -800	1 -800	vyacas	vyacas	47	27	20	1.741	0.800
до -800	1 -800	guhya	guhya	50	28	22	1.786	0.837
до -800	1 -800	Scandra	ścandra	51	26	25	1.962	0.972
до -800	1 -800	gaBIra	gabhīra	49	26	23	1.885	0.914
до -800	1 -800	vfza	vṛṣa	50	28	22	1.786	0.837
до -800	1 -800	puruspfh	puruspṛh	43	25	18	1.720	0.782
до -800	1 -800	pfkz	pṛkṣ	50	28	22	1.786	0.837
до -800	1 -800	puzpa	puṣpa	48	9	39	5.333	2.415
до -800	1 -800	daSama	daśama	51	32	19	1.594	0.672
до -800	1 -800	Uh	ūh	42	37	5	1.135	0.183
до -800	1 -800	Kan	khan	45	26	19	1.731	0.791
до -800	1 -800	vAS	vāś	48	27	21	1.778	0.830
до -800	1 -800	dIkz	dīkṣ	46	64	-18	0.719	-0.476
до -800	1 -800	viz	viṣ	44	29	15	1.517	0.601
до -800	1 -800	avasfj	avasṛj	43	30	13	1.433	0.519
до -800	1 -800	upaspfS	upaspṛś	46	9	37	5.111	2.354
до -800	1 -800	upahvA	upahvā	36	59	-23	0.610	-0.713
до -800	1 -800	prapad	prapad	50	11	39	4.545	2.184
до -800	1 -800	sad	sad	49	301	-252	0.163	-2.619
до -800	1 -800	mahay	mahay	49	25	24	1.960	0.971
до -800	1 -800	pftany	pṛtany	44	22	22	2.000	1.000
до -800	1 -800	yos	yos	44	25	19	1.760	0.816
до -800	1 -800	Srut	śrut	48	26	22	1.846	0.885
до -800	1 -800	apas	apas	48	98	-50	0.490	-1.030
до -800	1 -800	uSij	uśij	46	32	14	1.438	0.524
до -800	1 -800	fgveda	ṛgveda	44	12	32	3.667	1.874
до -800	1 -800	etaSa	etaśa	46	25	21	1.840	0.880
до -800	1 -800	zazwi	ṣaṣṭi	46	23	23	2.000	1.000
до -800	1 -800	upanizad	upaniṣad	42	3	39	14.000	3.807
до -800	1 -800	vAhas	vāhas	45	38	7	1.184	0.244
до -800	1 -800	vijYAna	vijñāna	37	3	34	12.333	3.624
до -800	1 -800	Bizaj	bhiṣaj	50	26	24	1.923	0.943
до -800	1 -800	arvan	arvan	42	25	17	1.680	0.748
до -800	1 -800	udan	udan	46	25	21	1.840	0.880
до -800	1 -800	Ayasa	āyasa	45	23	22	1.957	0.968
до -800	1 -800	asat	asat	42	24	18	1.750	0.807
до -800	1 -800	Avft	āvṛt	44	40	4	1.100	0.138
до -800	1 -800	vasyas	vasyas	43	47	-4	0.915	-0.128
до -800	1 -800	mahI	mahī	45	26	19	1.731	0.791
до -800	1 -800	turIya	turīya	48	27	21	1.778	0.830
до -800	1 -800	dunduBi	dundubhi	45	25	20	1.800	0.848
до -800	1 -800	DaruRa	dharuṇa	49	44	5	1.114	0.155
до -800	1 -800	pavamAna	pavamāna	39	55	-16	0.709	-0.496
до -800	1 -800	pApa	pāpa	48	43	5	1.116	0.159
до -800	1 -800	suraBi	surabhi	45	20	25	2.250	1.170
до -800	1 -800	suDita	sudhita	48	25	23	1.920	0.941
до -800	1 -800	haryaSva	haryaśva	49	26	23	1.885	0.914
до -800	1 -800	hotra	hotra	48	27	21	1.778	0.830
до -800	1 -800	sAmaveda	sāmaveda	41	12	29	3.417	1.773
до -800	1 -800	SaMsa	śaṁsa	49	98	-49	0.500	-1.000
до -800	1 -800	Saru	śaru	49	25	24	1.960	0.971
до -800	1 -800	Sukla	śukla	48	6	42	8.000	3.000
до -800	1 -800	viSvAmitra	viśvāmitra	40	18	22	2.222	1.152
до -800	1 -800	pramati	pramati	48	24	24	2.000	1.000
до -800	1 -800	purARa	purāṇa	43	29	14	1.483	0.568
до -800	1 -800	prasava	prasava	49	29	20	1.690	0.757
до -800	1 -800	prAcIna	prācīna	44	20	24	2.200	1.138
до -800	1 -800	Ikz	īkṣ	37	16	21	2.312	1.209
до -800	1 -800	vye	vye	43	26	17	1.654	0.726
до -800	1 -800	apiDA	apidhā	47	17	30	2.765	1.467
до -800	1 -800	vyaT	vyath	48	18	30	2.667	1.415
до -800	1 -800	GftaScut	ghṛtaścut	48	26	22	1.846	0.885
до -800	1 -800	prahi	prahi	45	23	22	1.957	0.968
до -800	1 -800	krimi	krimi	44	34	10	1.294	0.372
до -800	1 -800	ASay	āśay	35	6	29	5.833	2.544
до -800	1 -800	roro	roro	42	27	15	1.556	0.637
до -800	1 -800	janitrI	janitrī	44	31	13	1.419	0.505
до -800	1 -800	yu	yu	44	94	-50	0.468	-1.095
до -800	1 -800	acCidra	acchidra	40	23	17	1.739	0.798
до -800	1 -800	ajasra	ajasra	42	25	17	1.680	0.748
до -800	1 -800	ananta	ananta	44	14	30	3.143	1.652
до -800	1 -800	anas	anas	42	26	16	1.615	0.692
до -800	1 -800	saMDi	saṁdhi	41	15	26	2.733	1.451
до -800	1 -800	sapraTas	saprathas	43	26	17	1.654	0.726
до -800	1 -800	apatya	apatya	45	24	21	1.875	0.907
до -800	1 -800	saMpAtavat	saṁpātavat	43	0	43	inf	inf
до -800	1 -800	amIvA	amīvā	44	25	19	1.760	0.816
до -800	1 -800	ayas	ayas	44	19	25	2.316	1.212
до -800	1 -800	ekAdaSan	ekādaśan	46	67	-21	0.687	-0.543
до -800	1 -800	DAyas	dhāyas	44	41	3	1.073	0.102
до -800	1 -800	BI	bhī	42	138	-96	0.304	-1.716
до -800	1 -800	aSani	aśani	47	21	26	2.238	1.162
до -800	1 -800	ANgirasa	āṅgirasa	47	43	4	1.093	0.128
до -800	1 -800	rAjanya	rājanya	45	36	9	1.250	0.322
до -800	1 -800	yajurveda	yajurveda	45	11	34	4.091	2.032
до -800	1 -800	vazawkAra	vaṣaṭkāra	41	29	12	1.414	0.500
до -800	1 -800	vasUyu	vasūyu	45	25	20	1.800	0.848
до -800	1 -800	tfca	tṛca	46	43	3	1.070	0.097
до -800	1 -800	jaras	jaras	47	22	25	2.136	1.095
до -800	1 -800	jAgfvi	jāgṛvi	42	27	15	1.556	0.637
до -800	1 -800	jAmi	jāmi	43	81	-38	0.531	-0.914
до -800	1 -800	juhU	juhū	43	25	18	1.720	0.782
до -800	1 -800	Dartf	dhartṛ	39	26	13	1.500	0.585
до -800	1 -800	sUtra	sūtra	44	12	32	3.667	1.874
до -800	1 -800	sTavira	sthavira	48	18	30	2.667	1.415
до -800	1 -800	sava	sava	42	26	16	1.615	0.692
до -800	1 -800	haras	haras	48	30	18	1.600	0.678
до -800	1 -800	SacIpati	śacīpati	41	24	17	1.708	0.773
до -800	1 -800	kzema	kṣema	45	25	20	1.800	0.848
до -800	1 -800	viSvAyu	viśvāyu	46	24	22	1.917	0.939
до -800	1 -800	pratihAra	pratihāra	47	4	43	11.750	3.555
до -800	1 -800	pradakziRa	pradakṣiṇa	42	2	40	21.000	4.392
до -800	1 -800	vena	vena	42	28	14	1.500	0.585
до -800	1 -800	purUvasu	purūvasu	44	26	18	1.692	0.759
до -800	1 -800	puroDA	purodhā	48	40	8	1.200	0.263
до -800	1 -800	bAlAki	bālāki	44	0	44	inf	inf
до -800	1 -800	prastAva	prastāva	46	6	40	7.667	2.939
до -800	1 -800	krIq	krīḍ	45	24	21	1.875	0.907
до -800	1 -800	tfd	tṛd	44	24	20	1.833	0.874
до -800	1 -800	ve	ve	42	24	18	1.750	0.807
до -800	1 -800	anuSaMs	anuśaṁs	39	34	5	1.147	0.198
до -800	1 -800	nah	nah	43	23	20	1.870	0.903
до -800	1 -800	yAc	yāc	43	18	25	2.389	1.256
до -800	1 -800	aBizwu	abhiṣṭu	41	28	13	1.464	0.550
до -800	1 -800	pracyu	pracyu	33	23	10	1.435	0.521
до -800	1 -800	prahf	prahṛ	40	31	9	1.290	0.368
до -800	1 -800	sami	sami	46	24	22	1.917	0.939
до -800	1 -800	marmfj	marmṛj	41	24	17	1.708	0.773
до -800	1 -800	patay	patay	46	24	22	1.917	0.939
до -800	1 -800	SaSvat	śaśvat	41	91	-50	0.451	-1.150
до -800	1 -800	paty	paty	42	24	18	1.750	0.807
до -800	1 -800	rakzas	rakṣas	46	189	-143	0.243	-2.039
до -800	1 -800	aNguli	aṅguli	43	5	38	8.600	3.104
до -800	1 -800	antaryAmin	antaryāmin	46	0	46	inf	inf
до -800	1 -800	kalyARa	kalyāṇa	41	19	22	2.158	1.110
до -800	1 -800	paraSu	paraśu	44	16	28	2.750	1.459
до -800	1 -800	parijman	parijman	44	29	15	1.517	0.601
до -800	1 -800	Boja	bhoja	35	28	7	1.250	0.322
до -800	1 -800	majjan	majjan	40	18	22	2.222	1.152
до -800	1 -800	nizkfta	niṣkṛta	40	26	14	1.538	0.621
до -800	1 -800	nIla	nīla	42	10	32	4.200	2.070
до -800	1 -800	aBIka	abhīka	38	25	13	1.520	0.604
до -800	1 -800	manTa	mantha	40	8	32	5.000	2.322
до -800	1 -800	mandin	mandin	44	24	20	1.833	0.874
до -800	1 -800	upasad	upasad	43	72	-29	0.597	-0.744
до -800	1 -800	viMSati	viṁśati	42	21	21	2.000	1.000
до -800	1 -800	arRava	arṇava	43	35	8	1.229	0.297
до -800	1 -800	asta	asta	42	42	0	1.000	0.000
до -800	1 -800	astamita	astamita	35	6	29	5.833	2.544
до -800	1 -800	asmayu	asmayu	35	25	10	1.400	0.485
до -800	1 -800	iza	iṣa	45	22	23	2.045	1.032
до -800	1 -800	izwi	iṣṭi	43	57	-14	0.754	-0.407
до -800	1 -800	yojana	yojana	42	24	18	1.750	0.807
до -800	1 -800	vaMSa	vaṁśa	39	5	34	7.800	2.963
до -800	1 -800	varIyas	varīyas	43	31	12	1.387	0.472
до -800	1 -800	yAtu	yātu	44	29	15	1.517	0.601
до -800	1 -800	vAGant	vāghant	39	25	14	1.560	0.642
до -800	1 -800	tUya	tūya	45	23	22	1.957	0.968
до -800	1 -800	trayastriMSat	trayastriṁśat	35	33	2	1.061	0.085
до -800	1 -800	jAtavedasya	jātavedasya	44	24	20	1.833	0.874
до -800	1 -800	Danus	dhanus	39	23	16	1.696	0.762
до -800	1 -800	piRqa	piṇḍa	45	2	43	22.500	4.492
до -800	1 -800	jrayas	jrayas	45	23	22	1.957	0.968
до -800	1 -800	tvAvat	tvāvat	39	23	16	1.696	0.762
до -800	1 -800	sOmya	saumya	40	29	11	1.379	0.464
до -800	1 -800	sumeDas	sumedhas	37	22	15	1.682	0.750
до -800	1 -800	sraj	sraj	43	7	36	6.143	2.619
до -800	1 -800	svarvat	svarvat	46	24	22	1.917	0.939
до -800	1 -800	gotama	gotama	40	24	16	1.667	0.737
до -800	1 -800	virUpa	virūpa	43	35	8	1.229	0.297
до -800	1 -800	brAhmaRAcCaMsin	brāhmaṇācchaṁsin	43	33	10	1.303	0.382
до -800	1 -800	arpay	arpay	39	20	19	1.950	0.963
до -800	1 -800	anuvid	anuvid	41	16	25	2.562	1.358
до -800	1 -800	piS	piś	44	23	21	1.913	0.936
до -800	1 -800	aBI	abhī	42	24	18	1.750	0.807
до -800	1 -800	Atan	ātan	39	23	16	1.696	0.762
до -800	1 -800	nirmA	nirmā	38	26	12	1.462	0.547
до -800	1 -800	paristf	paristṛ	44	1	43	44.000	5.459
до -800	1 -800	prAh	prāh	30	8	22	3.750	1.907
до -800	1 -800	prokz	prokṣ	44	4	40	11.000	3.459
до -800	1 -800	saMsTA	saṁsthā	40	39	1	1.026	0.037
до -800	1 -800	saMgam	saṁgam	42	27	15	1.556	0.637
до -800	1 -800	mahIy	mahīy	35	14	21	2.500	1.322
до -800	1 -800	yamay	yamay	44	1	43	44.000	5.459
до -800	1 -800	parizkf	pariṣkṛ	39	19	20	2.053	1.037
до -800	1 -800	vijijiYAs	vijijiñās	33	0	33	inf	inf
до -800	1 -800	viBAvan	vibhāvan	40	23	17	1.739	0.798
до -800	1 -800	jf	jṛ	40	80	-40	0.500	-1.000
до -800	1 -800	anarvan	anarvan	40	24	16	1.667	0.737
до -800	1 -800	prA	prā	43	55	-12	0.782	-0.355
до -800	1 -800	aGAyu	aghāyu	40	23	17	1.739	0.798
до -800	1 -800	saDamAda	sadhamāda	40	23	17	1.739	0.798
до -800	1 -800	apriya	apriya	44	17	27	2.588	1.372
до -800	1 -800	kumArI	kumārī	34	7	27	4.857	2.280
до -800	1 -800	BUyizWa	bhūyiṣṭha	39	38	1	1.026	0.037
до -800	1 -800	nedIyas	nedīyas	42	31	11	1.355	0.438
до -800	1 -800	samanta	samanta	38	25	13	1.520	0.604
до -800	1 -800	aBva	abhva	33	23	10	1.435	0.521
до -800	1 -800	araRya	araṇya	37	12	25	3.083	1.624
до -800	1 -800	marutvatIya	marutvatīya	39	24	15	1.625	0.700
до -800	1 -800	Sravasyu	śravasyu	36	24	12	1.500	0.585
до -800	1 -800	naKa	nakha	38	9	29	4.222	2.078
до -800	1 -800	avama	avama	43	26	17	1.654	0.726
до -800	1 -800	aSvatTa	aśvattha	34	23	11	1.478	0.564
до -800	1 -800	astf	astṛ	41	22	19	1.864	0.898
до -800	1 -800	reBa	rebha	37	22	15	1.682	0.750
до -800	1 -800	trAtf	trātṛ	40	22	18	1.818	0.862
до -800	1 -800	joza	joṣa	41	23	18	1.783	0.834
до -800	1 -800	pavi	pavi	42	22	20	1.909	0.933
до -800	1 -800	pATas	pāthas	40	22	18	1.818	0.862
до -800	1 -800	tvota	tvota	36	22	14	1.636	0.710
до -800	1 -800	dampati	dampati	43	17	26	2.529	1.339
до -800	1 -800	stena	stena	40	20	20	2.000	1.000
до -800	1 -800	hiNkAra	hiṅkāra	44	14	30	3.143	1.652
до -800	1 -800	svaDiti	svadhiti	40	17	23	2.353	1.234
до -800	1 -800	gArgya	gārgya	40	0	40	inf	inf
до -800	1 -800	SAnti	śānti	37	32	5	1.156	0.209
до -800	1 -800	kzetriya	kṣetriya	41	27	14	1.519	0.603
до -800	1 -800	Ka	kha	37	14	23	2.643	1.402
до -800	1 -800	vfzAkapi	vṛṣākapi	40	26	14	1.538	0.621
до -800	1 -800	tfz	tṛṣ	41	23	18	1.783	0.834
до -800	1 -800	pAyay	pāyay	37	7	30	5.286	2.402
до -800	1 -800	aBipad	abhipad	43	18	25	2.389	1.256
до -800	1 -800	AhvA	āhvā	35	21	14	1.667	0.737
до -800	1 -800	prabrU	prabrū	40	16	24	2.500	1.322
до -800	1 -800	prasTA	prasthā	42	20	22	2.100	1.070
до -800	1 -800	Sukra	śukra	43	174	-131	0.247	-2.017
до -800	1 -800	saMtan	saṁtan	29	33	-4	0.879	-0.186
до -800	1 -800	samADA	samādhā	39	14	25	2.786	1.478
до -800	1 -800	Bikz	bhikṣ	40	18	22	2.222	1.152
до -800	1 -800	vivakz	vivakṣ	22	22	0	1.000	0.000
до -800	1 -800	Svi	śvi	41	21	20	1.952	0.965
до -800	1 -800	nyAYc	nyāñc	39	25	14	1.560	0.642
до -800	1 -800	niyutvat	niyutvat	39	24	15	1.625	0.700
до -800	1 -800	duvasy	duvasy	39	22	17	1.773	0.826
до -800	1 -800	majman	majman	42	22	20	1.909	0.933
до -800	1 -800	pitu	pitu	33	25	8	1.320	0.401
до -800	1 -800	akAma	akāma	41	5	36	8.200	3.036
до -800	1 -800	nAmaDeya	nāmadheya	40	6	34	6.667	2.737
до -800	1 -800	usrA	usrā	39	21	18	1.857	0.893
до -800	1 -800	arbudi	arbudi	29	22	7	1.318	0.399
до -800	1 -800	avata	avata	42	21	21	2.000	1.000
до -800	1 -800	vara	vara	37	113	-76	0.327	-1.611
до -800	1 -800	ripu	ripu	40	31	9	1.290	0.368
до -800	1 -800	yatama	yatama	42	21	21	2.000	1.000
до -800	1 -800	varzizWa	varṣiṣṭha	39	23	16	1.696	0.762
до -800	1 -800	vasyas	vasyas	38	47	-9	0.809	-0.307
до -800	1 -800	vAjinIvasu	vājinīvasu	33	21	12	1.571	0.652
до -800	1 -800	lAja	lāja	40	0	40	inf	inf
до -800	1 -800	tila	tila	39	4	35	9.750	3.285
до -800	1 -800	triMSat	triṁśat	37	27	10	1.370	0.455
до -800	1 -800	dureva	dureva	41	21	20	1.952	0.965
до -800	1 -800	duvas	duvas	35	22	13	1.591	0.670
до -800	1 -800	jarAyu	jarāyu	37	24	13	1.542	0.624
до -800	1 -800	jizRu	jiṣṇu	39	20	19	1.950	0.963
до -800	1 -800	pAka	pāka	42	16	26	2.625	1.392
до -800	1 -800	jyotizmat	jyotiṣmat	34	25	9	1.360	0.444
до -800	1 -800	taraRi	taraṇi	38	22	16	1.727	0.788
до -800	1 -800	sotf	sotṛ	38	23	15	1.652	0.724
до -800	1 -800	stanayitnu	stanayitnu	38	17	21	2.235	1.160
до -800	1 -800	sADana	sādhana	40	23	17	1.739	0.798
до -800	1 -800	sAya	sāya	34	4	30	8.500	3.087
до -800	1 -800	Sambara	śambara	37	22	15	1.682	0.750
до -800	1 -800	vESvadeva	vaiśvadeva	39	59	-20	0.661	-0.597
до -800	1 -800	gAyatra	gāyatra	34	143	-109	0.238	-2.072
до -800	1 -800	kzura	kṣura	37	6	31	6.167	2.624
до -800	1 -800	viSvacarzaRi	viśvacarṣaṇi	36	19	17	1.895	0.922
до -800	1 -800	purutama	purutama	35	21	14	1.667	0.737
до -800	1 -800	pUru	pūru	41	21	20	1.952	0.965
до -800	1 -800	pfSni	pṛśni	40	67	-27	0.597	-0.744
до -800	1 -800	gup	gup	36	20	16	1.800	0.848
до -800	1 -800	skand	skand	33	15	18	2.200	1.138
до -800	1 -800	piz	piṣ	37	19	18	1.947	0.962
до -800	1 -800	boDay	bodhay	36	19	17	1.895	0.922
до -800	1 -800	riB	ribh	34	21	13	1.619	0.695
до -800	1 -800	cyAvay	cyāvay	40	29	11	1.379	0.464
до -800	1 -800	ASAs	āśās	26	23	3	1.130	0.177
до -800	1 -800	pradA	pradā	41	14	27	2.929	1.550
до -800	1 -800	vimA	vimā	42	19	23	2.211	1.144
до -800	1 -800	vimuc	vimuc	35	22	13	1.591	0.670
до -800	1 -800	aDidEvata	adhidaivata	18	2	16	9.000	3.170
до -800	1 -800	catuzpAd	catuṣpād	39	21	18	1.857	0.893
до -800	1 -800	viriz	viriṣ	38	22	16	1.727	0.788
до -800	1 -800	namasy	namasy	40	21	19	1.905	0.930
до -800	1 -800	Srapay	śrapay	36	4	32	9.000	3.170
до -800	1 -800	anvAyat	anvāyat	41	2	39	20.500	4.358
до -800	1 -800	cyut	cyut	42	22	20	1.909	0.933
до -800	1 -800	madintama	madintama	38	22	16	1.727	0.788
до -800	1 -800	iyakz	iyakṣ	40	22	18	1.818	0.862
до -800	1 -800	nAD	nādh	40	21	19	1.905	0.930
до -800	1 -800	citay	citay	42	21	21	2.000	1.000
до -800	1 -800	saDryaYc	sadhryañc	36	22	14	1.636	0.710
до -800	1 -800	yA	yā	42	659	-617	0.064	-3.972
до -800	1 -800	dAti	dāti	39	21	18	1.857	0.893
до -800	1 -800	SfD	śṛdh	41	21	20	1.952	0.965
до -800	1 -800	karaRa	karaṇa	35	14	21	2.500	1.322
до -800	1 -800	agriya	agriya	39	26	13	1.500	0.585
до -800	1 -800	aYji	añji	38	25	13	1.520	0.604
до -800	1 -800	anamIva	anamīva	38	20	18	1.900	0.926
до -800	1 -800	anuvAka	anuvāka	34	0	34	inf	inf
до -800	1 -800	kalA	kalā	36	11	25	3.273	1.710
до -800	1 -800	paNkti	paṅkti	37	34	3	1.088	0.122
до -800	1 -800	kimIdin	kimīdin	37	20	17	1.850	0.888
до -800	1 -800	kukzi	kukṣi	38	19	19	2.000	1.000
до -800	1 -800	ojizWa	ojiṣṭha	36	20	16	1.800	0.848
до -800	1 -800	Duni	dhuni	35	24	11	1.458	0.544
до -800	1 -800	cAra	cāra	38	2	36	19.000	4.248
до -800	1 -800	CAyA	chāyā	37	13	24	2.846	1.509
до -800	1 -800	avadya	avadya	37	26	11	1.423	0.509
до -800	1 -800	ADI	ādhī	37	20	17	1.850	0.888
до -800	1 -800	Agas	āgas	37	20	17	1.850	0.888
до -800	1 -800	yujya	yujya	39	26	13	1.500	0.585
до -800	1 -800	vakzas	vakṣas	40	20	20	2.000	1.000
до -800	1 -800	vapA	vapā	35	29	6	1.207	0.271
до -800	1 -800	vayA	vayā	36	19	17	1.895	0.922
до -800	1 -800	rATaMtara	rāthaṁtara	37	44	-7	0.841	-0.250
до -800	1 -800	meDira	medhira	34	21	13	1.619	0.695
до -800	1 -800	turvaSa	turvaśa	37	20	17	1.850	0.888
до -800	1 -800	tUzRIMSaMsa	tūṣṇīṁśaṁsa	34	24	10	1.417	0.503
до -800	1 -800	dIkzA	dīkṣā	34	25	9	1.360	0.444
до -800	1 -800	durmati	durmati	38	26	12	1.462	0.547
до -800	1 -800	janaka	janaka	30	1	29	30.000	4.907
до -800	1 -800	jYa	jña	40	15	25	2.667	1.415
до -800	1 -800	dyukza	dyukṣa	37	19	18	1.947	0.962
до -800	1 -800	dvAra	dvāra	38	12	26	3.167	1.663
до -800	1 -800	tAdfS	tādṛś	30	28	2	1.071	0.100
до -800	1 -800	somin	somin	37	20	17	1.850	0.888
до -800	1 -800	salila	salila	38	20	18	1.900	0.926
до -800	1 -800	suga	suga	37	25	12	1.480	0.566
до -800	1 -800	havyavAha	havyavāha	37	21	16	1.762	0.817
до -800	1 -800	Sakti	śakti	39	18	21	2.167	1.115
до -800	1 -800	Sara	śara	37	18	19	2.056	1.040
до -800	1 -800	SaraRa	śaraṇa	37	22	15	1.682	0.750
до -800	1 -800	Soka	śoka	34	15	19	2.267	1.181
до -800	1 -800	gavizwi	gaviṣṭi	35	20	15	1.750	0.807
до -800	1 -800	kzam	kṣam	37	29	8	1.276	0.351
до -800	1 -800	vfzaRvasu	vṛṣaṇvasu	37	20	17	1.850	0.888
до -800	1 -800	purukzu	purukṣu	35	20	15	1.750	0.807
до -800	1 -800	peya	peya	38	20	18	1.900	0.926
до -800	1 -800	muh	muh	33	18	15	1.833	0.874
до -800	1 -800	antarDA	antardhā	37	10	27	3.700	1.888
до -800	1 -800	aByukz	abhyukṣ	36	2	34	18.000	4.170
до -800	1 -800	avaDA	avadhā	33	11	22	3.000	1.585
до -800	1 -800	ABU	ābhū	29	34	-5	0.853	-0.229
до -800	1 -800	Avah	āvah	34	22	12	1.545	0.628
до -800	1 -800	AsTA	āsthā	33	17	16	1.941	0.957
до -800	1 -800	utTApay	utthāpay	30	5	25	6.000	2.585
до -800	1 -800	utsfj	utsṛj	25	17	8	1.471	0.556
до -800	1 -800	udgA	udgā	38	42	-4	0.905	-0.144
до -800	1 -800	upanI	upanī	28	8	20	3.500	1.807
до -800	1 -800	Bojay	bhojay	31	0	31	inf	inf
до -800	1 -800	SradDA	śraddhā	35	55	-20	0.636	-0.652
до -800	1 -800	prASay	prāśay	33	0	33	inf	inf
до -800	1 -800	jiGAMs	jighāṁs	39	23	16	1.696	0.762
до -800	1 -800	vajrivat	vajrivat	30	20	10	1.500	0.585
до -800	1 -800	gfBAy	gṛbhāy	34	21	13	1.619	0.695
до -800	1 -800	fkvan	ṛkvan	38	21	17	1.810	0.856
до -800	1 -800	Odumbara	audumbara	30	7	23	4.286	2.100
до -800	1 -800	kUrca	kūrca	30	1	29	30.000	4.907
до -800	1 -800	keSin	keśin	35	28	7	1.250	0.322
до -800	1 -800	adeva	adeva	34	25	9	1.360	0.444
до -800	1 -800	anavadya	anavadya	36	19	17	1.895	0.922
до -800	1 -800	pataMga	pataṁga	35	12	23	2.917	1.544
до -800	1 -800	parAyaRa	parāyaṇa	35	8	27	4.375	2.129
до -800	1 -800	sattra	sattra	36	43	-7	0.837	-0.256
до -800	1 -800	annavat	annavat	38	1	37	38.000	5.248
до -800	1 -800	aprayucCat	aprayucchat	28	19	9	1.474	0.559
до -800	1 -800	nfpati	nṛpati	38	19	19	2.000	1.000
до -800	1 -800	nfvat	nṛvat	36	19	17	1.895	0.922
до -800	1 -800	samfdDi	samṛddhi	33	19	14	1.737	0.796
до -800	1 -800	aBirUpa	abhirūpa	33	24	9	1.375	0.459
до -800	1 -800	amAvAsyA	amāvāsyā	31	11	20	2.818	1.495
до -800	1 -800	Urva	ūrva	37	24	13	1.542	0.624
до -800	1 -800	fta	ṛta	35	490	-455	0.071	-3.807
до -800	1 -800	ftviya	ṛtviya	35	21	14	1.667	0.737
до -800	1 -800	BAgaDeya	bhāgadheya	33	33	0	1.000	0.000
до -800	1 -800	BAj	bhāj	34	25	9	1.360	0.444
до -800	1 -800	cetas	cetas	33	20	13	1.650	0.722
до -800	1 -800	Cardis	chardis	33	20	13	1.650	0.722
до -800	1 -800	udapAtra	udapātra	33	0	33	inf	inf
до -800	1 -800	Apti	āpti	23	13	10	1.769	0.823
до -800	1 -800	Arya	ārya	33	48	-15	0.688	-0.541
до -800	1 -800	aSasti	aśasti	35	19	16	1.842	0.881
до -800	1 -800	ina	ina	34	20	14	1.700	0.766
до -800	1 -800	irA	irā	36	8	28	4.500	2.170
до -800	1 -800	vara	vara	33	113	-80	0.292	-1.776
до -800	1 -800	meza	meṣa	31	15	16	2.067	1.047
до -800	1 -800	yajIyas	yajīyas	33	19	14	1.737	0.796
до -800	1 -800	devayajana	devayajana	19	18	1	1.056	0.078
до -800	1 -800	palASa	palāśa	36	11	25	3.273	1.710
до -800	1 -800	pAna	pāna	36	18	18	2.000	1.000
до -800	1 -800	pAkayajYa	pākayajña	32	3	29	10.667	3.415
до -800	1 -800	tapus	tapus	37	19	18	1.947	0.962
до -800	1 -800	sUnfta	sūnṛta	27	21	6	1.286	0.363
до -800	1 -800	havana	havana	38	21	17	1.810	0.856
до -800	1 -800	sriD	sridh	29	31	-2	0.935	-0.096
до -800	1 -800	Samitf	śamitṛ	36	21	15	1.714	0.778
до -800	1 -800	vitta	vitta	37	15	22	2.467	1.303
до -800	1 -800	SUza	śūṣa	36	25	11	1.440	0.526
до -800	1 -800	SmaSru	śmaśru	37	14	23	2.643	1.402
до -800	1 -800	krama	krama	37	16	21	2.312	1.209
до -800	1 -800	vfzaRvat	vṛṣaṇvat	38	26	12	1.462	0.547
до -800	1 -800	vfjina	vṛjina	37	28	9	1.321	0.402
до -800	1 -800	bElva	bailva	36	3	33	12.000	3.585
до -800	1 -800	pOrRamAsI	paurṇamāsī	32	10	22	3.200	1.678
до -800	1 -800	prOga	prauga	37	23	14	1.609	0.686
до -800	1 -800	prAyaRIya	prāyaṇīya	33	39	-6	0.846	-0.241
до -800	1 -800	gras	gras	36	19	17	1.895	0.922
до -800	1 -800	mA	mā	36	875	-839	0.041	-4.603
до -800	1 -800	laB	labh	34	7	27	4.857	2.280
до -800	1 -800	yAtay	yātay	33	24	9	1.375	0.459
до -800	1 -800	yAvay	yāvay	30	20	10	1.500	0.585
до -800	1 -800	nind	nind	33	15	18	2.200	1.138
до -800	1 -800	AdiS	ādiś	32	17	15	1.882	0.913
до -800	1 -800	AbanD	ābandh	36	6	30	6.000	2.585
до -800	1 -800	raD	radh	35	18	17	1.944	0.959
до -800	1 -800	utpU	utpū	32	7	25	4.571	2.193
до -800	1 -800	udvAsay	udvāsay	34	6	28	5.667	2.503
до -800	1 -800	niKan	nikhan	26	7	19	3.714	1.893
до -800	1 -800	ninI	ninī	30	4	26	7.500	2.907
до -800	1 -800	paryukz	paryukṣ	33	1	32	33.000	5.044
до -800	1 -800	samutTA	samutthā	34	0	34	inf	inf
до -800	1 -800	vAyavya	vāyavya	29	20	9	1.450	0.536
до -800	1 -800	carkar	carkar	36	19	17	1.895	0.922
до -800	1 -800	sas	sas	33	23	10	1.435	0.521
до -800	1 -800	mADvI	mādhvī	37	20	17	1.850	0.888
до -800	1 -800	nyUNKay	nyūṅkhay	31	24	7	1.292	0.369
до -800	1 -800	aMSa	aṁśa	34	24	10	1.417	0.503
до -800	1 -800	keta	keta	34	18	16	1.889	0.918
до -800	1 -800	ajira	ajira	32	19	13	1.684	0.752
до -800	1 -800	aDama	adhama	35	17	18	2.059	1.042
до -800	1 -800	anucara	anucara	34	18	16	1.889	0.918
до -800	1 -800	antevAsin	antevāsin	34	4	30	8.500	3.087
до -800	1 -800	antama	antama	29	17	12	1.706	0.771
до -800	1 -800	aBaya	abhaya	35	43	-8	0.814	-0.297
до -800	1 -800	kAzWA	kāṣṭhā	36	18	18	2.000	1.000
до -800	1 -800	amati	amati	33	32	1	1.031	0.044
до -800	1 -800	arAti	arāti	31	83	-52	0.373	-1.421
до -800	1 -800	arepas	arepas	33	18	15	1.833	0.874
до -800	1 -800	madvat	madvat	36	22	14	1.636	0.710
до -800	1 -800	uras	uras	34	12	22	2.833	1.503
до -800	1 -800	urvI	urvī	33	16	17	2.062	1.044
до -800	1 -800	urvarA	urvarā	35	14	21	2.500	1.322
до -800	1 -800	Srotriya	śrotriya	33	5	28	6.600	2.722
до -800	1 -800	zoqaSin	ṣoḍaśin	35	61	-26	0.574	-0.801
до -800	1 -800	upanayana	upanayana	27	1	26	27.000	4.755
до -800	1 -800	cit	cit	33	891	-858	0.037	-4.755
до -800	1 -800	arci	arci	31	18	13	1.722	0.784
до -800	1 -800	arya	arya	36	19	17	1.895	0.922
до -800	1 -800	arvAcIna	arvācīna	32	18	14	1.778	0.830
до -800	1 -800	udAna	udāna	31	10	21	3.100	1.632
до -800	1 -800	Ama	āma	34	18	16	1.889	0.918
до -800	1 -800	avfka	avṛka	36	20	16	1.800	0.848
до -800	1 -800	aSIti	aśīti	30	5	25	6.000	2.585
до -800	1 -800	asmAka	asmāka	34	18	16	1.889	0.918
до -800	1 -800	vanin	vanin	36	21	15	1.714	0.778
до -800	1 -800	vanDura	vandhura	36	18	18	2.000	1.000
до -800	1 -800	rAj	rāj	35	90	-55	0.389	-1.363
до -800	1 -800	rukma	rukma	33	32	1	1.031	0.044
до -800	1 -800	jantu	jantu	35	19	16	1.842	0.881
до -800	1 -800	jamadagni	jamadagni	32	18	14	1.778	0.830
до -800	1 -800	jarA	jarā	34	13	21	2.615	1.387
до -800	1 -800	DaruRa	dharuṇa	35	44	-9	0.795	-0.330
до -800	1 -800	palASa	palāśa	27	11	16	2.455	1.295
до -800	1 -800	pAlASa	pālāśa	29	4	25	7.250	2.858
до -800	1 -800	taRqula	taṇḍula	33	11	22	3.000	1.585
до -800	1 -800	taviza	taviṣa	35	22	13	1.591	0.670
до -800	1 -800	tArkzya	tārkṣya	29	19	10	1.526	0.610
до -800	1 -800	stoka	stoka	31	20	11	1.550	0.632
до -800	1 -800	sAsahi	sāsahi	36	18	18	2.000	1.000
до -800	1 -800	sinIvAlI	sinīvālī	32	13	19	2.462	1.300
до -800	1 -800	hima	hima	32	20	12	1.600	0.678
до -800	1 -800	Sastra	śastra	31	28	3	1.107	0.147
до -800	1 -800	SacIvat	śacīvat	32	18	14	1.778	0.830
до -800	1 -800	Sakuni	śakuni	30	14	16	2.143	1.100
до -800	1 -800	gomaya	gomaya	35	0	35	inf	inf
до -800	1 -800	SIrza	śīrṣa	33	18	15	1.833	0.874
до -800	1 -800	Suzka	śuṣka	34	11	23	3.091	1.628
до -800	1 -800	gATA	gāthā	32	13	19	2.462	1.300
до -800	1 -800	SAkalya	śākalya	29	0	29	inf	inf
до -800	1 -800	kravyAd	kravyād	31	50	-19	0.620	-0.690
до -800	1 -800	virapSin	virapśin	33	19	14	1.737	0.796
до -800	1 -800	meKalA	mekhalā	34	8	26	4.250	2.087
до -800	1 -800	viSvakarman	viśvakarman	32	20	12	1.600	0.678
до -800	1 -800	divodAsa	divodāsa	36	19	17	1.895	0.922
до -800	1 -800	buDnya	budhnya	33	21	12	1.571	0.652
до -800	1 -800	prAtaranuvAka	prātaranuvāka	34	19	15	1.789	0.840
до -800	1 -800	prota	prota	27	0	27	inf	inf
до -800	1 -800	praSna	praśna	28	12	16	2.333	1.222
до -800	1 -800	und	und	30	14	16	2.143	1.100
до -800	1 -800	kfz	kṛṣ	29	14	15	2.071	1.051
до -800	1 -800	kruD	krudh	29	15	14	1.933	0.951
до -800	1 -800	Gas	ghas	35	18	17	1.944	0.959
до -800	1 -800	atikram	atikram	31	10	21	3.100	1.632
до -800	1 -800	atiSaMs	atiśaṁs	22	22	0	1.000	0.000
до -800	1 -800	ven	ven	32	18	14	1.778	0.830
до -800	1 -800	Sap	śap	30	23	7	1.304	0.383
до -800	1 -800	anvi	anvi	32	11	21	2.909	1.541
до -800	1 -800	anviz	anviṣ	32	13	19	2.462	1.300
до -800	1 -800	spf	spṛ	30	32	-2	0.938	-0.093
до -800	1 -800	SnaT	śnath	32	17	15	1.882	0.913
до -800	1 -800	hfz	hṛṣ	34	19	15	1.789	0.840
до -800	1 -800	Ayam	āyam	33	13	20	2.538	1.344
до -800	1 -800	Asic	āsic	34	9	25	3.778	1.918
до -800	1 -800	udDf	uddhṛ	34	16	18	2.125	1.087
до -800	1 -800	vikf	vikṛ	28	20	8	1.400	0.485
до -800	1 -800	vizWA	viṣṭhā	35	26	9	1.346	0.429
до -800	1 -800	saMvad	saṁvad	36	5	31	7.200	2.848
до -800	1 -800	same	same	33	13	20	2.538	1.344
до -800	1 -800	marjay	marjay	31	18	13	1.722	0.784
до -800	1 -800	aBiSram	abhiśram	31	18	13	1.722	0.784
до -800	1 -800	tiryaYc	tiryañc	30	24	6	1.250	0.322
до -800	1 -800	divispfS	divispṛś	32	18	14	1.778	0.830
до -800	1 -800	asurya	asurya	32	36	-4	0.889	-0.170
до -800	1 -800	dardar	dardar	33	19	14	1.737	0.796
до -800	1 -800	Bas	bhas	32	18	14	1.778	0.830
до -800	1 -800	jaNGan	jaṅghan	32	18	14	1.778	0.830
до -800	1 -800	ajurya	ajurya	32	18	14	1.778	0.830
до -800	1 -800	sAtama	sātama	30	18	12	1.667	0.737
до -800	1 -800	AvivAs	āvivās	32	18	14	1.778	0.830
до -800	1 -800	aRiman	aṇiman	27	2	25	13.500	3.755
до -800	1 -800	atirAtra	atirātra	33	33	0	1.000	0.000
до -800	1 -800	atka	atka	32	17	15	1.882	0.913
до -800	1 -800	sacetas	sacetas	31	17	14	1.824	0.867
до -800	1 -800	anuvAkyA	anuvākyā	33	16	17	2.062	1.044
до -800	1 -800	kalpa	kalpa	28	8	20	3.500	1.807
до -800	1 -800	kaSA	kaśā	32	17	15	1.882	0.913
до -800	1 -800	saBA	sabhā	26	11	15	2.364	1.241
до -800	1 -800	parokza	parokṣa	24	36	-12	0.667	-0.585
до -800	1 -800	Bezaja	bheṣaja	33	117	-84	0.282	-1.826
до -800	1 -800	samA	samā	25	21	4	1.190	0.252
до -800	1 -800	samana	samana	34	20	14	1.700	0.766
до -800	1 -800	samiTa	samitha	33	17	16	1.941	0.957
до -800	1 -800	sampad	sampad	26	43	-17	0.605	-0.726
до -800	1 -800	aBISu	abhīśu	31	18	13	1.722	0.784
до -800	1 -800	ara	ara	32	22	10	1.455	0.541
до -800	1 -800	araRa	araṇa	34	18	16	1.889	0.918
до -800	1 -800	fRa	ṛṇa	30	19	11	1.579	0.659
до -800	1 -800	ekAdaSa	ekādaśa	27	12	15	2.250	1.170
до -800	1 -800	SrEzWya	śraiṣṭhya	34	16	18	2.125	1.087
до -800	1 -800	DAyas	dhāyas	30	41	-11	0.732	-0.451
до -800	1 -800	DizRya	dhiṣṇya	30	24	6	1.250	0.322
до -800	1 -800	DenA	dhenā	34	16	18	2.125	1.087
до -800	1 -800	upAka	upāka	31	17	14	1.824	0.867
до -800	1 -800	vAha	vāha	34	23	11	1.478	0.564
до -800	1 -800	vicetas	vicetas	32	17	15	1.882	0.913
-800..-300	2 -300	mahat	mahat	6172	121	6051	51.008	5.673
-800..-300	2 -300	indra	indra	5647	158	5489	35.741	5.159
-800..-300	2 -300	kf	kṛ	5549	456	5093	12.169	3.605
-800..-300	2 -300	rAma	rāma	4552	2	4550	2276.000	11.152
-800..-300	2 -300	deva	deva	4195	464	3731	9.041	3.176
-800..-300	2 -300	as	as	4121	823	3298	5.007	2.324
-800..-300	2 -300	BU	bhū	3712	1095	2617	3.390	1.761
-800..-300	2 -300	gam	gam	3654	120	3534	30.450	4.928
-800..-300	2 -300	agni	agni	3513	778	2735	4.515	2.175
-800..-300	2 -300	dfS	dṛś	3452	189	3263	18.265	4.191
-800..-300	2 -300	vac	vac	2358	584	1774	4.038	2.014
-800..-300	2 -300	rAjan	rājan	2675	110	2565	24.318	4.604
-800..-300	2 -300	Sru	śru	2450	92	2358	26.630	4.735
-800..-300	2 -300	brU	brū	1888	223	1665	8.466	3.082
-800..-300	2 -300	rAkzasa	rākṣasa	2270	3	2267	756.667	9.564
-800..-300	2 -300	soma	soma	2075	88	1987	23.580	4.559
-800..-300	2 -300	rAGava	rāghava	1807	0	1807	inf	inf
-800..-300	2 -300	han	han	1841	78	1763	23.603	4.561
-800..-300	2 -300	div	div	1834	108	1726	16.981	4.086
-800..-300	2 -300	raTa	ratha	1822	50	1772	36.440	5.187
-800..-300	2 -300	lakzmaRa	lakṣmaṇa	1727	0	1727	inf	inf
-800..-300	2 -300	bala	bala	1717	40	1677	42.925	5.424
-800..-300	2 -300	rAvaRa	rāvaṇa	1681	0	1681	inf	inf
-800..-300	2 -300	vAnara	vānara	1640	0	1640	inf	inf
-800..-300	2 -300	DA	dhā	1653	132	1521	12.523	3.646
-800..-300	2 -300	putra	putra	1703	157	1546	10.847	3.439
-800..-300	2 -300	vana	vana	1602	3	1599	534.000	9.061
-800..-300	2 -300	sTA	sthā	1540	108	1432	14.259	3.834
-800..-300	2 -300	Darma	dharma	1614	70	1544	23.057	4.527
-800..-300	2 -300	pitf	pitṛ	1472	189	1283	7.788	2.961
-800..-300	2 -300	vIra	vīra	1507	20	1487	75.350	6.236
-800..-300	2 -300	yA	yā	1410	15	1395	94.000	6.555
-800..-300	2 -300	sItA	sītā	1446	6	1440	241.000	7.913
-800..-300	2 -300	dA	dā	1355	179	1176	7.570	2.920
-800..-300	2 -300	vAkya	vākya	1453	3	1450	484.333	8.920
-800..-300	2 -300	Atman	ātman	1363	591	772	2.306	1.206
-800..-300	2 -300	hari	hari	1338	5	1333	267.600	8.064
-800..-300	2 -300	go	go	1299	145	1154	8.959	3.163
-800..-300	2 -300	arTa	artha	1272	82	1190	15.512	3.955
-800..-300	2 -300	jan	jan	1218	123	1095	9.902	3.308
-800..-300	2 -300	loka	loka	1297	456	841	2.844	1.508
-800..-300	2 -300	yajYa	yajña	1153	110	1043	10.482	3.390
-800..-300	2 -300	i	i	1162	144	1018	8.069	3.012
-800..-300	2 -300	jana	jana	1082	33	1049	32.788	5.035
-800..-300	2 -300	sva	sva	1112	89	1023	12.494	3.643
-800..-300	2 -300	ap	ap	1078	311	767	3.466	1.793
-800..-300	2 -300	priya	priya	1052	106	946	9.925	3.311
-800..-300	2 -300	pU	pū	1008	49	959	20.571	4.363
-800..-300	2 -300	fzi	ṛṣi	1054	51	1003	20.667	4.369
-800..-300	2 -300	sUrya	sūrya	1064	63	1001	16.889	4.078
-800..-300	2 -300	mahAtman	mahātman	1028	7	1021	146.857	7.198
-800..-300	2 -300	vid	vid	1025	569	456	1.801	0.849
-800..-300	2 -300	manas	manas	1063	303	760	3.508	1.811
-800..-300	2 -300	vacana	vacana	963	20	943	48.150	5.589
-800..-300	2 -300	rakzas	rakṣas	1012	14	998	72.286	6.176
-800..-300	2 -300	BrAtf	bhrātṛ	1010	17	993	59.412	5.893
-800..-300	2 -300	parama	parama	1040	52	988	20.000	4.322
-800..-300	2 -300	sahasra	sahasra	1023	52	971	19.673	4.298
-800..-300	2 -300	Sara	śara	961	11	950	87.364	6.449
-800..-300	2 -300	sugrIva	sugrīva	1006	0	1006	inf	inf
-800..-300	2 -300	tejas	tejas	993	135	858	7.356	2.879
-800..-300	2 -300	karman	karman	949	182	767	5.214	2.382
-800..-300	2 -300	pA	pā	894	59	835	15.153	3.921
-800..-300	2 -300	Agam	āgam	811	59	752	13.746	3.781
-800..-300	2 -300	kAla	kāla	882	56	826	15.750	3.977
-800..-300	2 -300	su	su	863	100	763	8.630	3.109
-800..-300	2 -300	nf	nṛ	865	5	860	173.000	7.435
-800..-300	2 -300	Bf	bhṛ	866	38	828	22.789	4.510
-800..-300	2 -300	bahu	bahu	872	75	797	11.627	3.539
-800..-300	2 -300	Barata	bharata	871	1	870	871.000	9.767
-800..-300	2 -300	aSva	aśva	871	44	827	19.795	4.307
-800..-300	2 -300	bAhu	bāhu	904	28	876	32.286	5.013
-800..-300	2 -300	yuj	yuj	878	51	827	17.216	4.106
-800..-300	2 -300	vacas	vacas	824	9	815	91.556	6.517
-800..-300	2 -300	pati	pati	861	89	772	9.674	3.274
-800..-300	2 -300	pfTivI	pṛthivī	899	123	776	7.309	2.870
-800..-300	2 -300	marut	marut	877	14	863	62.643	5.969
-800..-300	2 -300	varuRa	varuṇa	877	47	830	18.660	4.222
-800..-300	2 -300	hanumant	hanumant	827	0	827	inf	inf
-800..-300	2 -300	vAja	vāja	829	5	824	165.800	7.373
-800..-300	2 -300	tri	tri	743	239	504	3.109	1.636
-800..-300	2 -300	kAma	kāma	824	258	566	3.194	1.675
-800..-300	2 -300	aSvin	aśvin	787	36	751	21.861	4.450
-800..-300	2 -300	rUpa	rūpa	834	250	584	3.336	1.738
-800..-300	2 -300	hvA	hvā	767	6	761	127.833	6.998
-800..-300	2 -300	uttama	uttama	715	41	674	17.439	4.124
-800..-300	2 -300	Sata	śata	749	96	653	7.802	2.964
-800..-300	2 -300	muni	muni	795	3	792	265.000	8.050
-800..-300	2 -300	prAp	prāp	802	38	764	21.105	4.400
-800..-300	2 -300	iz	iṣ	732	67	665	10.925	3.450
-800..-300	2 -300	mAtf	mātṛ	755	82	673	9.207	3.203
-800..-300	2 -300	vIrya	vīrya	778	25	753	31.120	4.960
-800..-300	2 -300	mitra	mitra	766	21	745	36.476	5.189
-800..-300	2 -300	parvata	parvata	735	10	725	73.500	6.200
-800..-300	2 -300	Soka	śoka	764	17	747	44.941	5.490
-800..-300	2 -300	paS	paś	706	72	634	9.806	3.294
-800..-300	2 -300	kapi	kapi	707	0	707	inf	inf
-800..-300	2 -300	vfD	vṛdh	707	12	695	58.917	5.881
-800..-300	2 -300	nara	nara	720	3	717	240.000	7.907
-800..-300	2 -300	vah	vah	695	16	679	43.438	5.441
-800..-300	2 -300	fta	ṛta	689	17	672	40.529	5.341
-800..-300	2 -300	grah	grah	704	139	565	5.065	2.340
-800..-300	2 -300	Gora	ghora	736	4	732	184.000	7.524
-800..-300	2 -300	pat	pat	700	22	678	31.818	4.992
-800..-300	2 -300	gir	gir	660	6	654	110.000	6.781
-800..-300	2 -300	man	man	617	99	518	6.232	2.640
-800..-300	2 -300	av	av	641	26	615	24.654	4.624
-800..-300	2 -300	bfhat	bṛhat	655	22	633	29.773	4.896
-800..-300	2 -300	praviS	praviś	616	61	555	10.098	3.336
-800..-300	2 -300	vfzan	vṛṣan	607	6	601	101.167	6.661
-800..-300	2 -300	vEdehI	vaidehī	671	0	671	inf	inf
-800..-300	2 -300	SrezWa	śreṣṭha	670	33	637	20.303	4.344
-800..-300	2 -300	vara	vara	631	54	577	11.685	3.547
-800..-300	2 -300	rAjya	rājya	608	4	604	152.000	7.248
-800..-300	2 -300	uzas	uṣas	630	4	626	157.500	7.299
-800..-300	2 -300	brahman	brahman	626	533	93	1.174	0.232
-800..-300	2 -300	Uti	ūti	582	2	580	291.000	8.185
-800..-300	2 -300	Baya	bhaya	613	18	595	34.056	5.090
-800..-300	2 -300	tapas	tapas	608	47	561	12.936	3.693
-800..-300	2 -300	giri	giri	600	4	596	150.000	7.229
-800..-300	2 -300	SUra	śūra	618	3	615	206.000	7.687
-800..-300	2 -300	mada	mada	607	0	607	inf	inf
-800..-300	2 -300	indu	indu	589	0	589	inf	inf
-800..-300	2 -300	car	car	606	62	544	9.774	3.289
-800..-300	2 -300	arh	arh	472	8	464	59.000	5.883
-800..-300	2 -300	yaj	yaj	574	80	494	7.175	2.843
-800..-300	2 -300	raRa	raṇa	594	0	594	inf	inf
-800..-300	2 -300	devI	devī	598	22	576	27.182	4.765
-800..-300	2 -300	puru	puru	591	1	590	591.000	9.207
-800..-300	2 -300	laNkA	laṅkā	611	0	611	inf	inf
-800..-300	2 -300	vajra	vajra	597	7	590	85.286	6.414
-800..-300	2 -300	gaRa	gaṇa	605	4	601	151.250	7.241
-800..-300	2 -300	divya	divya	594	10	584	59.400	5.892
-800..-300	2 -300	mah	mah	567	3	564	189.000	7.562
-800..-300	2 -300	puruza	puruṣa	575	302	273	1.904	0.929
-800..-300	2 -300	vega	vega	603	1	602	603.000	9.236
-800..-300	2 -300	citra	citra	570	10	560	57.000	5.833
-800..-300	2 -300	hotf	hotṛ	560	25	535	22.400	4.485
-800..-300	2 -300	yudDa	yuddha	566	2	564	283.000	8.145
-800..-300	2 -300	muc	muc	536	30	506	17.867	4.159
-800..-300	2 -300	saKi	sakhi	537	15	522	35.800	5.162
-800..-300	2 -300	vAc	vāc	550	354	196	1.554	0.636
-800..-300	2 -300	Satru	śatru	562	3	559	187.333	7.549
-800..-300	2 -300	vAyu	vāyu	536	146	390	3.671	1.876
-800..-300	2 -300	juz	juṣ	526	28	498	18.786	4.232
-800..-300	2 -300	SuBa	śubha	523	6	517	87.167	6.446
-800..-300	2 -300	BUmi	bhūmi	541	32	509	16.906	4.079
-800..-300	2 -300	mad	mad	516	1353	-837	0.381	-1.391
-800..-300	2 -300	maDu	madhu	534	91	443	5.868	2.553
-800..-300	2 -300	samudra	samudra	527	33	494	15.970	3.997
-800..-300	2 -300	bARa	bāṇa	529	1	528	529.000	9.047
-800..-300	2 -300	nihan	nihan	508	6	502	84.667	6.404
-800..-300	2 -300	DI	dhī	521	14	507	37.214	5.218
-800..-300	2 -300	yam	yam	512	13	499	39.385	5.300
-800..-300	2 -300	satya	satya	513	174	339	2.948	1.560
-800..-300	2 -300	vasu	vasu	528	48	480	11.000	3.459
-800..-300	2 -300	jYA	jñā	507	43	464	11.791	3.560
-800..-300	2 -300	vf	vṛ	483	37	446	13.054	3.706
-800..-300	2 -300	agra	agra	541	91	450	5.945	2.572
-800..-300	2 -300	kratu	kratu	504	11	493	45.818	5.518
-800..-300	2 -300	ji	ji	491	61	430	8.049	3.009
-800..-300	2 -300	sahas	sahas	539	2	537	269.500	8.074
-800..-300	2 -300	BIma	bhīma	533	0	533	inf	inf
-800..-300	2 -300	rayi	rayi	509	13	496	39.154	5.291
-800..-300	2 -300	brahman	brahman	512	533	-21	0.961	-0.058
-800..-300	2 -300	upama	upama	457	2	455	228.500	7.836
-800..-300	2 -300	vrata	vrata	501	64	437	7.828	2.969
-800..-300	2 -300	sfj	sṛj	485	38	447	12.763	3.674
-800..-300	2 -300	fzaBa	ṛṣabha	446	22	424	20.273	4.341
-800..-300	2 -300	ojas	ojas	477	8	469	59.625	5.898
-800..-300	2 -300	duHKa	duḥkha	507	17	490	29.824	4.898
-800..-300	2 -300	suta	suta	479	0	479	inf	inf
-800..-300	2 -300	nI	nī	494	34	460	14.529	3.861
-800..-300	2 -300	tva	tva	497	78	419	6.372	2.672
-800..-300	2 -300	vaDa	vadha	491	14	477	35.071	5.132
-800..-300	2 -300	strI	strī	468	79	389	5.924	2.567
-800..-300	2 -300	darSana	darśana	441	13	428	33.923	5.084
-800..-300	2 -300	paTin	pathin	492	39	453	12.615	3.657
-800..-300	2 -300	stu	stu	449	22	427	20.409	4.351
-800..-300	2 -300	rE	rai	484	2	482	242.000	7.919
-800..-300	2 -300	Pala	phala	480	38	442	12.632	3.659
-800..-300	2 -300	vft	vṛt	457	12	445	38.083	5.251
-800..-300	2 -300	ugra	ugra	474	10	464	47.400	5.567
-800..-300	2 -300	Aditya	āditya	476	202	274	2.356	1.237
-800..-300	2 -300	kruD	krudh	481	5	476	96.200	6.588
-800..-300	2 -300	vas	vas	449	56	393	8.018	3.003
-800..-300	2 -300	vikrama	vikrama	430	0	430	inf	inf
-800..-300	2 -300	Bartf	bhartṛ	480	6	474	80.000	6.322
-800..-300	2 -300	Bavat	bhavat	413	19	394	21.737	4.442
-800..-300	2 -300	aDvara	adhvara	449	3	446	149.667	7.226
-800..-300	2 -300	kavi	kavi	460	9	451	51.111	5.676
-800..-300	2 -300	kAkutsTa	kākutstha	490	0	490	inf	inf
-800..-300	2 -300	ASrama	āśrama	439	4	435	109.750	6.778
-800..-300	2 -300	pA	pā	464	59	405	7.864	2.975
-800..-300	2 -300	mati	mati	439	9	430	48.778	5.608
-800..-300	2 -300	sad	sad	440	28	412	15.714	3.974
-800..-300	2 -300	sAgara	sāgara	414	0	414	inf	inf
-800..-300	2 -300	mfga	mṛga	443	0	443	inf	inf
-800..-300	2 -300	rakz	rakṣ	431	12	419	35.917	5.167
-800..-300	2 -300	diS	diś	421	124	297	3.395	1.763
-800..-300	2 -300	sOmitri	saumitri	452	0	452	inf	inf
-800..-300	2 -300	iz	iṣ	433	67	366	6.463	2.692
-800..-300	2 -300	jYa	jña	463	14	449	33.071	5.048
-800..-300	2 -300	Dana	dhana	414	20	394	20.700	4.372
-800..-300	2 -300	asura	asura	430	25	405	17.200	4.104
-800..-300	2 -300	nadI	nadī	422	24	398	17.583	4.136
-800..-300	2 -300	ratna	ratna	432	4	428	108.000	6.755
-800..-300	2 -300	SEla	śaila	431	1	430	431.000	8.752
-800..-300	2 -300	hA	hā	423	43	380	9.837	3.298
-800..-300	2 -300	svasti	svasti	321	29	292	11.069	3.468
-800..-300	2 -300	kroDa	krodha	440	5	435	88.000	6.459
-800..-300	2 -300	saptan	saptan	408	57	351	7.158	2.840
-800..-300	2 -300	vid	vid	413	569	-156	0.726	-0.462
-800..-300	2 -300	BUta	bhūta	442	162	280	2.728	1.448
-800..-300	2 -300	sura	sura	423	0	423	inf	inf
-800..-300	2 -300	gfha	gṛha	392	48	344	8.167	3.030
-800..-300	2 -300	Atmaja	ātmaja	384	0	384	inf	inf
-800..-300	2 -300	daSan	daśan	386	57	329	6.772	2.760
-800..-300	2 -300	tf	tṛ	402	24	378	16.750	4.066
-800..-300	2 -300	vAlin	vālin	417	1	416	417.000	8.704
-800..-300	2 -300	daSaraTa	daśaratha	422	0	422	inf	inf
-800..-300	2 -300	vara	vara	400	54	346	7.407	2.889
-800..-300	2 -300	stoma	stoma	386	12	374	32.167	5.007
-800..-300	2 -300	viBIzaRa	vibhīṣaṇa	353	0	353	inf	inf
-800..-300	2 -300	namas	namas	373	113	260	3.301	1.723
-800..-300	2 -300	yaSas	yaśas	373	75	298	4.973	2.314
-800..-300	2 -300	Danus	dhanus	385	11	374	35.000	5.129
-800..-300	2 -300	vftra	vṛtra	415	6	409	69.167	6.112
-800..-300	2 -300	dAS	dāś	390	1	389	390.000	8.607
-800..-300	2 -300	vipra	vipra	411	10	401	41.100	5.361
-800..-300	2 -300	BAryA	bhāryā	404	21	383	19.238	4.266
-800..-300	2 -300	varza	varṣa	410	50	360	8.200	3.036
-800..-300	2 -300	jIv	jīv	353	80	273	4.412	2.142
-800..-300	2 -300	mETilI	maithilī	371	0	371	inf	inf
-800..-300	2 -300	vfkza	vṛkṣa	389	40	349	9.725	3.282
-800..-300	2 -300	hasta	hasta	402	84	318	4.786	2.259
-800..-300	2 -300	SrI	śrī	365	35	330	10.429	3.382
-800..-300	2 -300	viS	viś	382	15	367	25.467	4.671
-800..-300	2 -300	sinDu	sindhu	396	6	390	66.000	6.044
-800..-300	2 -300	kArya	kārya	392	5	387	78.400	6.293
-800..-300	2 -300	budDi	buddhi	378	13	365	29.077	4.862
-800..-300	2 -300	nAman	nāman	375	103	272	3.641	1.864
-800..-300	2 -300	guRa	guṇa	385	20	365	19.250	4.267
-800..-300	2 -300	deSa	deśa	375	47	328	7.979	2.996
-800..-300	2 -300	saMkASa	saṁkāśa	411	0	411	inf	inf
-800..-300	2 -300	gf	gṛ	382	4	378	95.500	6.577
-800..-300	2 -300	hfz	hṛṣ	384	2	382	192.000	7.585
-800..-300	2 -300	maGavan	maghavan	398	13	385	30.615	4.936
-800..-300	2 -300	amfta	amṛta	398	229	169	1.738	0.797
-800..-300	2 -300	vizRu	viṣṇu	367	54	313	6.796	2.765
-800..-300	2 -300	tala	tala	336	0	336	inf	inf
-800..-300	2 -300	tyaj	tyaj	369	4	365	92.250	6.527
-800..-300	2 -300	tanU	tanū	393	17	376	23.118	4.531
-800..-300	2 -300	Siras	śiras	377	52	325	7.250	2.858
-800..-300	2 -300	praTama	prathama	387	67	320	5.776	2.530
-800..-300	2 -300	prARa	prāṇa	389	498	-109	0.781	-0.356
-800..-300	2 -300	vad	vad	350	99	251	3.535	1.822
-800..-300	2 -300	havis	havis	374	67	307	5.582	2.481
-800..-300	2 -300	Sak	śak	350	42	308	8.333	3.059
-800..-300	2 -300	anta	anta	380	136	244	2.794	1.482
-800..-300	2 -300	maDya	madhya	372	73	299	5.096	2.349
-800..-300	2 -300	pada	pada	367	52	315	7.058	2.819
-800..-300	2 -300	uru	uru	369	3	366	123.000	6.943
-800..-300	2 -300	Sakra	śakra	368	1	367	368.000	8.524
-800..-300	2 -300	Suci	śuci	358	37	321	9.676	3.274
-800..-300	2 -300	SrImat	śrīmat	386	1	385	386.000	8.592
-800..-300	2 -300	mahi	mahi	361	3	358	120.333	6.911
-800..-300	2 -300	vasizWa	vasiṣṭha	339	23	316	14.739	3.882
-800..-300	2 -300	purI	purī	356	0	356	inf	inf
-800..-300	2 -300	rAja	rāja	384	4	380	96.000	6.585
-800..-300	2 -300	sTa	stha	385	11	374	35.000	5.129
-800..-300	2 -300	Bid	bhid	348	10	338	34.800	5.121
-800..-300	2 -300	avas	avas	351	0	351	inf	inf
-800..-300	2 -300	astra	astra	345	1	344	345.000	8.430
-800..-300	2 -300	aNgada	aṅgada	312	0	312	inf	inf
-800..-300	2 -300	Buvana	bhuvana	356	15	341	23.733	4.569
-800..-300	2 -300	savitf	savitṛ	360	63	297	5.714	2.515
-800..-300	2 -300	vfzaBa	vṛṣabha	366	5	361	73.200	6.194
-800..-300	2 -300	hf	hṛ	328	49	279	6.694	2.743
-800..-300	2 -300	ISvara	īśvara	309	12	297	25.750	4.687
-800..-300	2 -300	satya	satya	328	174	154	1.885	0.915
-800..-300	2 -300	barhis	barhis	348	34	314	10.235	3.355
-800..-300	2 -300	prI	prī	343	7	336	49.000	5.615
-800..-300	2 -300	aDipa	adhipa	316	7	309	45.143	5.496
-800..-300	2 -300	aS	aś	299	111	188	2.694	1.430
-800..-300	2 -300	aditi	aditi	346	34	312	10.176	3.347
-800..-300	2 -300	dIna	dīna	354	0	354	inf	inf
-800..-300	2 -300	viviDa	vividha	345	2	343	172.500	7.430
-800..-300	2 -300	Savas	śavas	342	1	341	342.000	8.418
-800..-300	2 -300	Badra	bhadra	310	13	297	23.846	4.576
-800..-300	2 -300	Arta	ārta	342	7	335	48.857	5.610
-800..-300	2 -300	dIp	dīp	345	16	329	21.562	4.430
-800..-300	2 -300	Gfta	ghṛta	339	51	288	6.647	2.733
-800..-300	2 -300	rudra	rudra	326	49	277	6.653	2.734
-800..-300	2 -300	ganDarva	gandharva	345	35	310	9.857	3.301
-800..-300	2 -300	praBA	prabhā	298	0	298	inf	inf
-800..-300	2 -300	rADas	rādhas	327	1	326	327.000	8.353
-800..-300	2 -300	AdA	ādā	326	68	258	4.794	2.261
-800..-300	2 -300	rajas	rajas	329	7	322	47.000	5.555
-800..-300	2 -300	vf	vṛ	292	37	255	7.892	2.980
-800..-300	2 -300	jyotis	jyotis	336	77	259	4.364	2.126
-800..-300	2 -300	havya	havya	342	8	334	42.750	5.418
-800..-300	2 -300	puzpa	puṣpa	324	26	298	12.462	3.639
-800..-300	2 -300	hu	hu	310	425	-115	0.729	-0.455
-800..-300	2 -300	dUta	dūta	328	6	322	54.667	5.773
-800..-300	2 -300	puMgava	puṁgava	287	0	287	inf	inf
-800..-300	2 -300	saKya	sakhya	328	8	320	41.000	5.358
-800..-300	2 -300	sEnya	sainya	333	0	333	inf	inf
-800..-300	2 -300	brAhmaRa	brāhmaṇa	294	239	55	1.230	0.299
-800..-300	2 -300	vAta	vāta	308	15	293	20.533	4.360
-800..-300	2 -300	sADu	sādhu	298	34	264	8.765	3.132
-800..-300	2 -300	viSvAmitra	viśvāmitra	312	12	300	26.000	4.700
-800..-300	2 -300	ah	ah	318	167	151	1.904	0.929
-800..-300	2 -300	kumBakarRa	kumbhakarṇa	300	0	300	inf	inf
-800..-300	2 -300	niSAcara	niśācara	287	0	287	inf	inf
-800..-300	2 -300	DAray	dhāray	304	38	266	8.000	3.000
-800..-300	2 -300	AyuDa	āyudha	298	2	296	149.000	7.219
-800..-300	2 -300	jIvita	jīvita	275	7	268	39.286	5.296
-800..-300	2 -300	pracC	pracch	291	54	237	5.389	2.430
-800..-300	2 -300	catur	catur	290	85	205	3.412	1.771
-800..-300	2 -300	yama	yama	313	16	297	19.562	4.290
-800..-300	2 -300	DArA	dhārā	313	11	302	28.455	4.831
-800..-300	2 -300	muKa	mukha	311	91	220	3.418	1.773
-800..-300	2 -300	kEkeyI	kaikeyī	307	0	307	inf	inf
-800..-300	2 -300	vAjin	vājin	298	2	296	149.000	7.219
-800..-300	2 -300	cit	cit	299	9	290	33.222	5.054
-800..-300	2 -300	mUla	mūla	316	48	268	6.583	2.719
-800..-300	2 -300	SaMs	śaṁs	285	43	242	6.628	2.729
-800..-300	2 -300	yoni	yoni	294	52	242	5.654	2.499
-800..-300	2 -300	prajA	prajā	287	146	141	1.966	0.975
-800..-300	2 -300	kula	kula	301	39	262	7.718	2.948
-800..-300	2 -300	martya	martya	295	24	271	12.292	3.620
-800..-300	2 -300	sac	sac	298	0	298	inf	inf
-800..-300	2 -300	rodas	rodas	282	0	282	inf	inf
-800..-300	2 -300	janay	janay	305	28	277	10.893	3.445
-800..-300	2 -300	vaSa	vaśa	305	6	299	50.833	5.668
-800..-300	2 -300	druma	druma	281	0	281	inf	inf
-800..-300	2 -300	hava	hava	261	0	261	inf	inf
-800..-300	2 -300	maGavan	maghavan	301	13	288	23.154	4.533
-800..-300	2 -300	nfpa	nṛpa	289	0	289	inf	inf
-800..-300	2 -300	Sravas	śravas	297	0	297	inf	inf
-800..-300	2 -300	Ayus	āyus	291	103	188	2.825	1.498
-800..-300	2 -300	aNga	aṅga	302	63	239	4.794	2.261
-800..-300	2 -300	adri	adri	288	1	287	288.000	8.170
-800..-300	2 -300	varRa	varṇa	301	39	262	7.718	2.948
-800..-300	2 -300	vid	vid	285	569	-284	0.501	-0.997
-800..-300	2 -300	gati	gati	249	20	229	12.450	3.638
-800..-300	2 -300	tap	tap	286	38	248	7.526	2.912
-800..-300	2 -300	candra	candra	293	32	261	9.156	3.195
-800..-300	2 -300	ahar	ahar	282	104	178	2.712	1.439
-800..-300	2 -300	siMha	siṁha	286	6	280	47.667	5.575
-800..-300	2 -300	gaja	gaja	271	0	271	inf	inf
-800..-300	2 -300	nipat	nipat	280	3	277	93.333	6.544
-800..-300	2 -300	arka	arka	290	19	271	15.263	3.932
-800..-300	2 -300	uttara	uttara	250	365	-115	0.685	-0.546
-800..-300	2 -300	antarikza	antarikṣa	279	61	218	4.574	2.193
-800..-300	2 -300	mAyA	māyā	276	5	271	55.200	5.787
-800..-300	2 -300	sOmya	saumya	292	4	288	73.000	6.190
-800..-300	2 -300	parAkrama	parākrama	248	0	248	inf	inf
-800..-300	2 -300	tamas	tamas	281	19	262	14.789	3.886
-800..-300	2 -300	laB	labh	282	37	245	7.622	2.930
-800..-300	2 -300	ramya	ramya	294	0	294	inf	inf
-800..-300	2 -300	daSagrIva	daśagrīva	285	0	285	inf	inf
-800..-300	2 -300	AsAday	āsāday	285	5	280	57.000	5.833
-800..-300	2 -300	sampad	sampad	287	60	227	4.783	2.258
-800..-300	2 -300	BU	bhū	266	1095	-829	0.243	-2.041
-800..-300	2 -300	pura	pura	269	7	262	38.429	5.264
-800..-300	2 -300	Kara	khara	264	3	261	88.000	6.459
-800..-300	2 -300	Sarman	śarman	282	3	279	94.000	6.555
-800..-300	2 -300	Iq	īḍ	256	9	247	28.444	4.830
-800..-300	2 -300	hi	hi	263	379	-116	0.694	-0.527
-800..-300	2 -300	paYcan	pañcan	268	63	205	4.254	2.089
-800..-300	2 -300	guru	guru	259	53	206	4.887	2.289
-800..-300	2 -300	IS	īś	265	16	249	16.562	4.050
-800..-300	2 -300	viS	viś	256	15	241	17.067	4.093
-800..-300	2 -300	SI	śī	272	31	241	8.774	3.133
-800..-300	2 -300	ram	ram	256	20	236	12.800	3.678
-800..-300	2 -300	ukTa	uktha	271	21	250	12.905	3.690
-800..-300	2 -300	dIrGa	dīrgha	263	34	229	7.735	2.951
-800..-300	2 -300	pAda	pāda	273	91	182	3.000	1.585
-800..-300	2 -300	SArdUla	śārdūla	287	2	285	143.500	7.165
-800..-300	2 -300	vaS	vaś	264	6	258	44.000	5.459
-800..-300	2 -300	suKa	sukha	264	23	241	11.478	3.521
-800..-300	2 -300	muhUrta	muhūrta	255	6	249	42.500	5.409
-800..-300	2 -300	bfhaspati	bṛhaspati	263	40	223	6.575	2.717
-800..-300	2 -300	marta	marta	267	1	266	267.000	8.061
-800..-300	2 -300	pARi	pāṇi	258	71	187	3.634	1.861
-800..-300	2 -300	dvi	dvi	241	91	150	2.648	1.405
-800..-300	2 -300	mUrDan	mūrdhan	247	61	186	4.049	2.018
-800..-300	2 -300	samara	samara	274	1	273	274.000	8.098
-800..-300	2 -300	rAkzasI	rākṣasī	262	0	262	inf	inf
-800..-300	2 -300	pAvaka	pāvaka	233	6	227	38.833	5.279
-800..-300	2 -300	jyezWa	jyeṣṭha	254	28	226	9.071	3.181
-800..-300	2 -300	vyAGra	vyāghra	279	5	274	55.800	5.802
-800..-300	2 -300	patnI	patnī	264	30	234	8.800	3.138
-800..-300	2 -300	ayoDyA	ayodhyā	259	0	259	inf	inf
-800..-300	2 -300	yUTapa	yūthapa	224	0	224	inf	inf
-800..-300	2 -300	sahita	sahita	272	0	272	inf	inf
-800..-300	2 -300	duh	duh	263	6	257	43.833	5.454
-800..-300	2 -300	kOsalyA	kausalyā	252	0	252	inf	inf
-800..-300	2 -300	meGa	megha	260	9	251	28.889	4.852
-800..-300	2 -300	arc	arc	245	3	242	81.667	6.352
-800..-300	2 -300	tan	tan	250	8	242	31.250	4.966
-800..-300	2 -300	ambara	ambara	221	1	220	221.000	7.788
-800..-300	2 -300	garBa	garbha	255	67	188	3.806	1.928
-800..-300	2 -300	SatruGna	śatrughna	254	0	254	inf	inf
-800..-300	2 -300	As	ās	243	62	181	3.919	1.971
-800..-300	2 -300	SuB	śubh	240	0	240	inf	inf
-800..-300	2 -300	utTA	utthā	219	22	197	9.955	3.315
-800..-300	2 -300	mftyu	mṛtyu	250	114	136	2.193	1.133
-800..-300	2 -300	prativac	prativac	261	4	257	65.250	6.028
-800..-300	2 -300	dvija	dvija	234	0	234	inf	inf
-800..-300	2 -300	vaD	vadh	228	4	224	57.000	5.833
-800..-300	2 -300	han	han	246	78	168	3.154	1.657
-800..-300	2 -300	yuD	yudh	243	1	242	243.000	7.925
-800..-300	2 -300	vasu	vasu	242	48	194	5.042	2.334
-800..-300	2 -300	hfdaya	hṛdaya	254	135	119	1.881	0.912
-800..-300	2 -300	banD	bandh	235	35	200	6.714	2.747
-800..-300	2 -300	BUri	bhūri	236	2	234	118.000	6.883
-800..-300	2 -300	Bagavat	bhagavat	236	140	96	1.686	0.753
-800..-300	2 -300	cAru	cāru	246	1	245	246.000	7.943
-800..-300	2 -300	SfNga	śṛṅga	258	6	252	43.000	5.426
-800..-300	2 -300	AnI	ānī	234	44	190	5.318	2.411
-800..-300	2 -300	vIryavat	vīryavat	221	4	217	55.250	5.788
-800..-300	2 -300	Denu	dhenu	240	13	227	18.462	4.206
-800..-300	2 -300	mahI	mahī	246	4	242	61.500	5.943
-800..-300	2 -300	jAtavedas	jātavedas	235	15	220	15.667	3.970
-800..-300	2 -300	prIti	prīti	250	2	248	125.000	6.966
-800..-300	2 -300	pUjay	pūjay	220	2	218	110.000	6.781
-800..-300	2 -300	AsTA	āsthā	241	5	236	48.200	5.591
-800..-300	2 -300	Baga	bhaga	243	24	219	10.125	3.340
-800..-300	2 -300	dakziRa	dakṣiṇa	236	192	44	1.229	0.298
-800..-300	2 -300	pf	pṛ	250	33	217	7.576	2.921
-800..-300	2 -300	rA	rā	239	3	236	79.667	6.316
-800..-300	2 -300	cakzus	cakṣus	229	169	60	1.355	0.438
-800..-300	2 -300	Sabda	śabda	229	52	177	4.404	2.139
-800..-300	2 -300	fz	ṛṣ	230	0	230	inf	inf
-800..-300	2 -300	Baj	bhaj	233	7	226	33.286	5.057
-800..-300	2 -300	antara	antara	200	89	111	2.247	1.168
-800..-300	2 -300	cintay	cintay	217	3	214	72.333	6.177
-800..-300	2 -300	cakra	cakra	239	13	226	18.385	4.200
-800..-300	2 -300	anna	anna	231	256	-25	0.902	-0.148
-800..-300	2 -300	raSmi	raśmi	231	20	211	11.550	3.530
-800..-300	2 -300	sUnu	sūnu	233	0	233	inf	inf
-800..-300	2 -300	suta	suta	231	0	231	inf	inf
-800..-300	2 -300	van	van	226	2	224	113.000	6.820
-800..-300	2 -300	sadfSa	sadṛśa	228	2	226	114.000	6.833
-800..-300	2 -300	araRya	araṇya	247	16	231	15.438	3.948
-800..-300	2 -300	jala	jala	227	5	222	45.400	5.505
-800..-300	2 -300	dAruRa	dāruṇa	209	1	208	209.000	7.707
-800..-300	2 -300	sah	sah	238	8	230	29.750	4.895
-800..-300	2 -300	yuD	yudh	226	1	225	226.000	7.820
-800..-300	2 -300	vAsa	vāsa	242	9	233	26.889	4.749
-800..-300	2 -300	vasu	vasu	243	48	195	5.062	2.340
-800..-300	2 -300	Sakti	śakti	234	8	226	29.250	4.870
-800..-300	2 -300	Sukra	śukra	231	21	210	11.000	3.459
-800..-300	2 -300	SUla	śūla	226	3	223	75.333	6.235
-800..-300	2 -300	I	ī	198	1	197	198.000	7.629
-800..-300	2 -300	pUzan	pūṣan	211	31	180	6.806	2.767
-800..-300	2 -300	dah	dah	219	9	210	24.333	4.605
-800..-300	2 -300	saMSaya	saṁśaya	182	5	177	36.400	5.186
-800..-300	2 -300	jaritf	jaritṛ	234	2	232	117.000	6.870
-800..-300	2 -300	pApa	pāpa	230	35	195	6.571	2.716
-800..-300	2 -300	svana	svana	208	0	208	inf	inf
-800..-300	2 -300	muKya	mukhya	239	8	231	29.875	4.901
-800..-300	2 -300	BA	bhā	229	27	202	8.481	3.084
-800..-300	2 -300	BaYj	bhañj	228	0	228	inf	inf
-800..-300	2 -300	indriya	indriya	191	37	154	5.162	2.368
-800..-300	2 -300	Avf	āvṛ	215	19	196	11.316	3.500
-800..-300	2 -300	Arya	ārya	211	8	203	26.375	4.721
-800..-300	2 -300	ASu	āśu	228	0	228	inf	inf
-800..-300	2 -300	vatsa	vatsa	230	33	197	6.970	2.801
-800..-300	2 -300	vayas	vayas	230	18	212	12.778	3.676
-800..-300	2 -300	BI	bhī	225	12	213	18.750	4.229
-800..-300	2 -300	mantrin	mantrin	205	0	205	inf	inf
-800..-300	2 -300	pArTiva	pārthiva	217	5	212	43.400	5.440
-800..-300	2 -300	SarIra	śarīra	221	111	110	1.991	0.993
-800..-300	2 -300	aryaman	aryaman	226	23	203	9.826	3.297
-800..-300	2 -300	Cid	chid	215	14	201	15.357	3.941
-800..-300	2 -300	upasTA	upasthā	191	60	131	3.183	1.671
-800..-300	2 -300	tIkzRa	tīkṣṇa	226	2	224	113.000	6.820
-800..-300	2 -300	prAYjali	prāñjali	225	1	224	225.000	7.814
-800..-300	2 -300	prahfz	prahṛṣ	195	0	195	inf	inf
-800..-300	2 -300	vijYA	vijñā	216	117	99	1.846	0.885
-800..-300	2 -300	raGunandana	raghunandana	187	0	187	inf	inf
-800..-300	2 -300	tAta	tāta	222	1	221	222.000	7.794
-800..-300	2 -300	SA	śā	212	1	211	212.000	7.728
-800..-300	2 -300	aBivAday	abhivāday	183	3	180	61.000	5.931
-800..-300	2 -300	adButa	adbhuta	201	8	193	25.125	4.651
-800..-300	2 -300	amfta	amṛta	220	229	-9	0.961	-0.058
-800..-300	2 -300	Aruh	āruh	207	23	184	9.000	3.170
-800..-300	2 -300	udyam	udyam	213	4	209	53.250	5.735
-800..-300	2 -300	payas	payas	210	30	180	7.000	2.807
-800..-300	2 -300	Anana	ānana	200	1	199	200.000	7.644
-800..-300	2 -300	dAnava	dānava	212	0	212	inf	inf
-800..-300	2 -300	ruc	ruc	195	4	191	48.750	5.607
-800..-300	2 -300	buD	budh	191	6	185	31.833	4.992
-800..-300	2 -300	yojana	yojana	210	1	209	210.000	7.714
-800..-300	2 -300	ripu	ripu	200	1	199	200.000	7.644
-800..-300	2 -300	devatA	devatā	195	146	49	1.336	0.418
-800..-300	2 -300	hari	hari	212	5	207	42.400	5.406
-800..-300	2 -300	Sakya	śakya	202	0	202	inf	inf
-800..-300	2 -300	padma	padma	200	0	200	inf	inf
-800..-300	2 -300	udaka	udaka	191	102	89	1.873	0.905
-800..-300	2 -300	rAtri	rātri	198	42	156	4.714	2.237
-800..-300	2 -300	mAnuza	mānuṣa	193	12	181	16.083	4.007
-800..-300	2 -300	sumati	sumati	214	4	210	53.500	5.741
-800..-300	2 -300	pratigrah	pratigrah	181	34	147	5.324	2.412
-800..-300	2 -300	sattama	sattama	177	1	176	177.000	7.468
-800..-300	2 -300	vidaTa	vidatha	221	3	218	73.667	6.203
-800..-300	2 -300	dAna	dāna	209	21	188	9.952	3.315
-800..-300	2 -300	mAnuza	mānuṣa	203	12	191	16.917	4.080
-800..-300	2 -300	pavitra	pavitra	205	48	157	4.271	2.095
-800..-300	2 -300	bAzpa	bāṣpa	199	0	199	inf	inf
-800..-300	2 -300	DImat	dhīmat	188	0	188	inf	inf
-800..-300	2 -300	dfQa	dṛḍha	208	2	206	104.000	6.700
-800..-300	2 -300	suhfd	suhṛd	203	12	191	16.917	4.080
-800..-300	2 -300	hita	hita	194	5	189	38.800	5.278
-800..-300	2 -300	puRya	puṇya	208	51	157	4.078	2.028
-800..-300	2 -300	plavaMgama	plavaṁgama	174	0	174	inf	inf
-800..-300	2 -300	anugam	anugam	193	6	187	32.167	5.007
-800..-300	2 -300	coday	coday	175	0	175	inf	inf
-800..-300	2 -300	saMniBa	saṁnibha	182	0	182	inf	inf
-800..-300	2 -300	AkASa	ākāśa	204	113	91	1.805	0.852
-800..-300	2 -300	savana	savana	199	13	186	15.308	3.936
-800..-300	2 -300	kaTay	kathay	183	1	182	183.000	7.516
-800..-300	2 -300	rud	rud	192	15	177	12.800	3.678
-800..-300	2 -300	prayA	prayā	192	4	188	48.000	5.585
-800..-300	2 -300	ketu	ketu	197	12	185	16.417	4.037
-800..-300	2 -300	nAga	nāga	200	2	198	100.000	6.644
-800..-300	2 -300	Urmi	ūrmi	199	2	197	99.500	6.637
-800..-300	2 -300	yajYiya	yajñiya	191	5	186	38.200	5.256
-800..-300	2 -300	senA	senā	200	7	193	28.571	4.837
-800..-300	2 -300	harza	harṣa	196	2	194	98.000	6.615
-800..-300	2 -300	hfd	hṛd	195	16	179	12.188	3.607
-800..-300	2 -300	vfzwi	vṛṣṭi	186	15	171	12.400	3.632
-800..-300	2 -300	Buj	bhuj	183	45	138	4.067	2.024
-800..-300	2 -300	vI	vī	188	15	173	12.533	3.648
-800..-300	2 -300	san	san	190	1	189	190.000	7.570
-800..-300	2 -300	viDA	vidhā	186	14	172	13.286	3.732
-800..-300	2 -300	akza	akṣa	210	18	192	11.667	3.544
-800..-300	2 -300	jihvA	jihvā	193	22	171	8.773	3.133
-800..-300	2 -300	paSu	paśu	188	137	51	1.372	0.457
-800..-300	2 -300	gAtra	gātra	201	3	198	67.000	6.066
-800..-300	2 -300	vfdDa	vṛddha	194	5	189	38.800	5.278
-800..-300	2 -300	inD	indh	195	5	190	39.000	5.285
-800..-300	2 -300	gA	gā	182	39	143	4.667	2.222
-800..-300	2 -300	samAhita	samāhita	161	2	159	80.500	6.331
-800..-300	2 -300	BAga	bhāga	200	61	139	3.279	1.713
-800..-300	2 -300	dvAra	dvāra	193	14	179	13.786	3.785
-800..-300	2 -300	haya	haya	183	6	177	30.500	4.931
-800..-300	2 -300	maya	maya	201	164	37	1.226	0.293
-800..-300	2 -300	pUrvya	pūrvya	188	2	186	94.000	6.555
-800..-300	2 -300	saMkruD	saṁkrudh	204	0	204	inf	inf
-800..-300	2 -300	fC	ṛch	195	9	186	21.667	4.437
-800..-300	2 -300	sajozas	sajoṣas	185	0	185	inf	inf
-800..-300	2 -300	oGa	ogha	202	2	200	101.000	6.658
-800..-300	2 -300	roza	roṣa	186	1	185	186.000	7.539
-800..-300	2 -300	duHKita	duḥkhita	161	0	161	inf	inf
-800..-300	2 -300	sUta	sūta	188	4	184	47.000	5.555
-800..-300	2 -300	gadA	gadā	187	0	187	inf	inf
-800..-300	2 -300	Df	dhṛ	186	16	170	11.625	3.539
-800..-300	2 -300	kAYcana	kāñcana	175	1	174	175.000	7.451
-800..-300	2 -300	mantra	mantra	192	70	122	2.743	1.456
-800..-300	2 -300	DAman	dhāman	180	9	171	20.000	4.322
-800..-300	2 -300	ja	ja	188	20	168	9.400	3.233
-800..-300	2 -300	rAj	rāj	179	2	177	89.500	6.484
-800..-300	2 -300	AKyA	ākhyā	178	12	166	14.833	3.891
-800..-300	2 -300	nAsatya	nāsatya	187	0	187	inf	inf
-800..-300	2 -300	kanyA	kanyā	185	25	160	7.400	2.888
-800..-300	2 -300	Badra	bhadra	197	13	184	15.154	3.922
-800..-300	2 -300	vipula	vipula	195	0	195	inf	inf
-800..-300	2 -300	vftra	vṛtra	195	6	189	32.500	5.022
-800..-300	2 -300	ahi	ahi	187	1	186	187.000	7.547
-800..-300	2 -300	ASri	āśri	172	2	170	86.000	6.426
-800..-300	2 -300	samIkz	samīkṣ	169	7	162	24.143	4.594
-800..-300	2 -300	anDas	andhas	184	0	184	inf	inf
-800..-300	2 -300	ABaraRa	ābharaṇa	185	0	185	inf	inf
-800..-300	2 -300	tulya	tulya	186	7	179	26.571	4.732
-800..-300	2 -300	vimAna	vimāna	183	0	183	inf	inf
-800..-300	2 -300	gomat	gomat	176	1	175	176.000	7.459
-800..-300	2 -300	jval	jval	184	11	173	16.727	4.064
-800..-300	2 -300	e	e	158	65	93	2.431	1.281
-800..-300	2 -300	vilap	vilap	157	0	157	inf	inf
-800..-300	2 -300	niveday	niveday	151	6	145	25.167	4.653
-800..-300	2 -300	anIka	anīka	186	2	184	93.000	6.539
-800..-300	2 -300	ikzvAku	ikṣvāku	163	1	162	163.000	7.349
-800..-300	2 -300	IkzaRa	īkṣaṇa	164	0	164	inf	inf
-800..-300	2 -300	kziti	kṣiti	178	1	177	178.000	7.476
-800..-300	2 -300	praBu	prabhu	167	4	163	41.750	5.384
-800..-300	2 -300	Suc	śuc	177	12	165	14.750	3.883
-800..-300	2 -300	saMyuga	saṁyuga	159	0	159	inf	inf
-800..-300	2 -300	vAsas	vāsas	168	91	77	1.846	0.885
-800..-300	2 -300	yaSasvin	yaśasvin	169	6	163	28.167	4.816
-800..-300	2 -300	Dara	dhara	186	0	186	inf	inf
-800..-300	2 -300	sAti	sāti	172	0	172	inf	inf
-800..-300	2 -300	kAYcana	kāñcana	172	1	171	172.000	7.426
-800..-300	2 -300	samAna	samāna	166	33	133	5.030	2.331
-800..-300	2 -300	ari	ari	177	2	175	88.500	6.468
-800..-300	2 -300	heman	heman	176	1	175	176.000	7.459
-800..-300	2 -300	pIti	pīti	147	1	146	147.000	7.200
-800..-300	2 -300	utpat	utpat	177	2	175	88.500	6.468
-800..-300	2 -300	manyu	manyu	171	14	157	12.214	3.610
-800..-300	2 -300	fkza	ṛkṣa	169	1	168	169.000	7.401
-800..-300	2 -300	ruDira	rudhira	180	1	179	180.000	7.492
-800..-300	2 -300	janakAtmajA	janakātmajā	148	0	148	inf	inf
-800..-300	2 -300	Satakratu	śatakratu	170	2	168	85.000	6.409
-800..-300	2 -300	pfzWa	pṛṣṭha	184	17	167	10.824	3.436
-800..-300	2 -300	aBihan	abhihan	179	1	178	179.000	7.484
-800..-300	2 -300	kft	kṛt	177	14	163	12.643	3.660
-800..-300	2 -300	aYjali	añjali	166	48	118	3.458	1.790
-800..-300	2 -300	nAda	nāda	187	0	187	inf	inf
-800..-300	2 -300	maDura	madhura	180	0	180	inf	inf
-800..-300	2 -300	jAla	jāla	184	3	181	61.333	5.939
-800..-300	2 -300	dakza	dakṣa	180	0	180	inf	inf
-800..-300	2 -300	sAnu	sānu	176	0	176	inf	inf
-800..-300	2 -300	Siva	śiva	177	27	150	6.556	2.713
-800..-300	2 -300	mitrAvaruRa	mitrāvaruṇa	168	6	162	28.000	4.807
-800..-300	2 -300	kzip	kṣip	175	2	173	87.500	6.451
-800..-300	2 -300	gA	gā	167	39	128	4.282	2.098
-800..-300	2 -300	kAraRa	kāraṇa	151	3	148	50.333	5.653
-800..-300	2 -300	cApa	cāpa	180	1	179	180.000	7.492
-800..-300	2 -300	indrajit	indrajit	163	0	163	inf	inf
-800..-300	2 -300	duhitf	duhitṛ	177	9	168	19.667	4.298
-800..-300	2 -300	sUri	sūri	178	1	177	178.000	7.476
-800..-300	2 -300	stotf	stotṛ	181	2	179	90.500	6.500
-800..-300	2 -300	kzatra	kṣatra	173	46	127	3.761	1.911
-800..-300	2 -300	kzaya	kṣaya	165	1	164	165.000	7.366
-800..-300	2 -300	mfj	mṛj	165	1	164	165.000	7.366
-800..-300	2 -300	arday	arday	156	0	156	inf	inf
-800..-300	2 -300	saminD	samindh	160	9	151	17.778	4.152
-800..-300	2 -300	kfzRa	kṛṣṇa	168	38	130	4.421	2.144
-800..-300	2 -300	doza	doṣa	166	14	152	11.857	3.568
-800..-300	2 -300	pAdapa	pādapa	154	0	154	inf	inf
-800..-300	2 -300	daRqa	daṇḍa	169	45	124	3.756	1.909
-800..-300	2 -300	gfDra	gṛdhra	170	1	169	170.000	7.409
-800..-300	2 -300	SiKara	śikhara	177	0	177	inf	inf
-800..-300	2 -300	viSAla	viśāla	174	0	174	inf	inf
-800..-300	2 -300	balavat	balavat	173	5	168	34.600	5.113
-800..-300	2 -300	sic	sic	162	7	155	23.143	4.532
-800..-300	2 -300	saciva	saciva	167	1	166	167.000	7.384
-800..-300	2 -300	samIpa	samīpa	169	0	169	inf	inf
-800..-300	2 -300	SoRita	śoṇita	168	1	167	168.000	7.392
-800..-300	2 -300	gaNgA	gaṅgā	166	0	166	inf	inf
-800..-300	2 -300	aYj	añj	167	20	147	8.350	3.062
-800..-300	2 -300	bAD	bādh	168	2	166	84.000	6.392
-800..-300	2 -300	AviS	āviś	159	29	130	5.483	2.455
-800..-300	2 -300	nivft	nivṛt	141	6	135	23.500	4.555
-800..-300	2 -300	camU	camū	175	0	175	inf	inf
-800..-300	2 -300	Asana	āsana	157	15	142	10.467	3.388
-800..-300	2 -300	vadana	vadana	177	3	174	59.000	5.883
-800..-300	2 -300	dyumna	dyumna	170	9	161	18.889	4.239
-800..-300	2 -300	sAyaka	sāyaka	153	0	153	inf	inf
-800..-300	2 -300	svarga	svarga	169	51	118	3.314	1.728
-800..-300	2 -300	vidyut	vidyut	165	61	104	2.705	1.436
-800..-300	2 -300	Sastra	śastra	168	11	157	15.273	3.933
-800..-300	2 -300	SilA	śilā	163	1	162	163.000	7.349
-800..-300	2 -300	pf	pṛ	158	33	125	4.788	2.259
-800..-300	2 -300	pyA	pyā	163	0	163	inf	inf
-800..-300	2 -300	visfj	visṛj	158	12	146	13.167	3.719
-800..-300	2 -300	samAgam	samāgam	150	2	148	75.000	6.229
-800..-300	2 -300	sat	sat	162	5	157	32.400	5.018
-800..-300	2 -300	aMhas	aṁhas	159	2	157	79.500	6.313
-800..-300	2 -300	pakzin	pakṣin	165	2	163	82.500	6.366
-800..-300	2 -300	manu	manu	172	8	164	21.500	4.426
-800..-300	2 -300	UrDva	ūrdhva	151	36	115	4.194	2.068
-800..-300	2 -300	tIra	tīra	171	4	167	42.750	5.418
-800..-300	2 -300	daRqaka	daṇḍaka	167	0	167	inf	inf
-800..-300	2 -300	aBigam	abhigam	154	3	151	51.333	5.682
-800..-300	2 -300	Bakzay	bhakṣay	157	11	146	14.273	3.835
-800..-300	2 -300	anuttama	anuttama	143	1	142	143.000	7.160
-800..-300	2 -300	niBa	nibha	176	0	176	inf	inf
-800..-300	2 -300	fBu	ṛbhu	161	0	161	inf	inf
-800..-300	2 -300	ABa	ābha	175	0	175	inf	inf
-800..-300	2 -300	locana	locana	149	0	149	inf	inf
-800..-300	2 -300	mahABAga	mahābhāga	166	0	166	inf	inf
-800..-300	2 -300	rodasI	rodasī	159	0	159	inf	inf
-800..-300	2 -300	hita	hita	168	5	163	33.600	5.070
-800..-300	2 -300	nad	nad	152	0	152	inf	inf
-800..-300	2 -300	Asad	āsad	145	1	144	145.000	7.180
-800..-300	2 -300	Dvaja	dhvaja	157	1	156	157.000	7.295
-800..-300	2 -300	vajrin	vajrin	165	1	164	165.000	7.366
-800..-300	2 -300	naS	naś	152	9	143	16.889	4.078
-800..-300	2 -300	upAgam	upāgam	136	0	136	inf	inf
-800..-300	2 -300	pradA	pradā	158	20	138	7.900	2.982
-800..-300	2 -300	dIdI	dīdī	161	0	161	inf	inf
-800..-300	2 -300	nitya	nitya	144	36	108	4.000	2.000
-800..-300	2 -300	Buja	bhuja	158	1	157	158.000	7.304
-800..-300	2 -300	rasa	rasa	161	85	76	1.894	0.922
-800..-300	2 -300	rAti	rāti	151	3	148	50.333	5.653
-800..-300	2 -300	vAdin	vādin	143	11	132	13.000	3.700
-800..-300	2 -300	pitAmaha	pitāmaha	143	6	137	23.833	4.575
-800..-300	2 -300	ga	ga	153	12	141	12.750	3.672
-800..-300	2 -300	BUzay	bhūṣay	151	0	151	inf	inf
-800..-300	2 -300	plavaga	plavaga	169	0	169	inf	inf
-800..-300	2 -300	nArI	nārī	161	9	152	17.889	4.161
-800..-300	2 -300	sneha	sneha	165	5	160	33.000	5.044
-800..-300	2 -300	salila	salila	163	7	156	23.286	4.541
-800..-300	2 -300	Socis	śocis	156	0	156	inf	inf
-800..-300	2 -300	dasyu	dasyu	156	1	155	156.000	7.285
-800..-300	2 -300	kAya	kāya	161	0	161	inf	inf
-800..-300	2 -300	sattva	sattva	160	14	146	11.429	3.515
-800..-300	2 -300	BUzaRa	bhūṣaṇa	151	0	151	inf	inf
-800..-300	2 -300	BAva	bhāva	159	23	136	6.913	2.789
-800..-300	2 -300	tattva	tattva	152	13	139	11.692	3.547
-800..-300	2 -300	SAsana	śāsana	131	0	131	inf	inf
-800..-300	2 -300	banDu	bandhu	156	16	140	9.750	3.285
-800..-300	2 -300	Ayam	āyam	152	9	143	16.889	4.078
-800..-300	2 -300	cakzas	cakṣas	150	2	148	75.000	6.229
-800..-300	2 -300	praSaMs	praśaṁs	145	8	137	18.125	4.180
-800..-300	2 -300	vipra	vipra	152	10	142	15.200	3.926
-800..-300	2 -300	kaTA	kathā	141	5	136	28.200	4.818
-800..-300	2 -300	anyonya	anyonya	144	5	139	28.800	4.848
-800..-300	2 -300	ariMdama	ariṁdama	130	0	130	inf	inf
-800..-300	2 -300	maDumat	madhumat	156	13	143	12.000	3.585
-800..-300	2 -300	Bavana	bhavana	160	0	160	inf	inf
-800..-300	2 -300	BAnu	bhānu	152	0	152	inf	inf
-800..-300	2 -300	arvant	arvant	148	0	148	inf	inf
-800..-300	2 -300	Ahava	āhava	128	1	127	128.000	7.000
-800..-300	2 -300	vyasana	vyasana	153	0	153	inf	inf
-800..-300	2 -300	Sri	śri	143	15	128	9.533	3.253
-800..-300	2 -300	BAz	bhāṣ	135	9	126	15.000	3.907
-800..-300	2 -300	upe	upe	156	31	125	5.032	2.331
-800..-300	2 -300	kuYjara	kuñjara	130	1	129	130.000	7.022
-800..-300	2 -300	maRi	maṇi	148	47	101	3.149	1.655
-800..-300	2 -300	pAtay	pātay	144	1	143	144.000	7.170
-800..-300	2 -300	jagant	jagant	144	8	136	18.000	4.170
-800..-300	2 -300	tA	tā	146	31	115	4.710	2.236
-800..-300	2 -300	pApa	pāpa	153	35	118	4.371	2.128
-800..-300	2 -300	sumna	sumna	157	0	157	inf	inf
-800..-300	2 -300	puzpita	puṣpita	142	0	142	inf	inf
-800..-300	2 -300	balin	balin	143	1	142	143.000	7.160
-800..-300	2 -300	vi	vi	146	15	131	9.733	3.283
-800..-300	2 -300	kAnana	kānana	133	0	133	inf	inf
-800..-300	2 -300	paraMtapa	paraṁtapa	120	0	120	inf	inf
-800..-300	2 -300	nimitta	nimitta	132	7	125	18.857	4.237
-800..-300	2 -300	cArin	cārin	133	6	127	22.167	4.470
-800..-300	2 -300	IdfSa	īdṛśa	127	3	124	42.333	5.404
-800..-300	2 -300	yakza	yakṣa	155	5	150	31.000	4.954
-800..-300	2 -300	varDana	vardhana	139	1	138	139.000	7.119
-800..-300	2 -300	vAjin	vājin	143	2	141	71.500	6.160
-800..-300	2 -300	mArga	mārga	149	3	146	49.667	5.634
-800..-300	2 -300	Suzma	śuṣma	144	1	143	144.000	7.170
-800..-300	2 -300	vfj	vṛj	141	7	134	20.143	4.332
-800..-300	2 -300	darSay	darśay	134	8	126	16.750	4.066
-800..-300	2 -300	vicar	vicar	144	0	144	inf	inf
-800..-300	2 -300	amAtya	amātya	144	2	142	72.000	6.170
-800..-300	2 -300	yuga	yuga	143	13	130	11.000	3.459
-800..-300	2 -300	mAruta	māruta	140	3	137	46.667	5.544
-800..-300	2 -300	dyAvApfTivI	dyāvāpṛthivī	137	20	117	6.850	2.776
-800..-300	2 -300	hetu	hetu	147	6	141	24.500	4.615
-800..-300	2 -300	pur	pur	150	4	146	37.500	5.229
-800..-300	2 -300	cyu	cyu	132	9	123	14.667	3.874
-800..-300	2 -300	takz	takṣ	142	2	140	71.000	6.150
-800..-300	2 -300	dru	dru	138	1	137	138.000	7.109
-800..-300	2 -300	sev	sev	125	0	125	inf	inf
-800..-300	2 -300	mA	mā	150	191	-41	0.785	-0.349
-800..-300	2 -300	SAs	śās	145	12	133	12.083	3.595
-800..-300	2 -300	vand	vand	143	1	142	143.000	7.160
-800..-300	2 -300	aBizic	abhiṣic	128	12	116	10.667	3.415
-800..-300	2 -300	niSA	niśā	154	13	141	11.846	3.566
-800..-300	2 -300	manman	manman	140	0	140	inf	inf
-800..-300	2 -300	mAMsa	māṁsa	146	35	111	4.171	2.061
-800..-300	2 -300	dEvya	daivya	142	2	140	71.000	6.150
-800..-300	2 -300	suKa	sukha	145	23	122	6.304	2.656
-800..-300	2 -300	mf	mṛ	141	40	101	3.525	1.818
-800..-300	2 -300	utsfj	utsṛj	143	27	116	5.296	2.405
-800..-300	2 -300	vftrahan	vṛtrahan	140	1	139	140.000	7.129
-800..-300	2 -300	ftAvan	ṛtāvan	138	0	138	inf	inf
-800..-300	2 -300	aDvan	adhvan	142	11	131	12.909	3.690
-800..-300	2 -300	tman	tman	138	0	138	inf	inf
-800..-300	2 -300	pUrRa	pūrṇa	148	10	138	14.800	3.888
-800..-300	2 -300	avekz	avekṣ	125	12	113	10.417	3.381
-800..-300	2 -300	nizad	niṣad	143	8	135	17.875	4.160
-800..-300	2 -300	gopA	gopā	142	0	142	inf	inf
-800..-300	2 -300	aNgiras	aṅgiras	142	11	131	12.909	3.690
-800..-300	2 -300			0	0	0	inf	inf
-800..-300	2 -300	amitra	amitra	140	3	137	46.667	5.544
-800..-300	2 -300	DIti	dhīti	140	1	139	140.000	7.129
-800..-300	2 -300	arRava	arṇava	124	3	121	41.333	5.369
-800..-300	2 -300	aSani	aśani	140	3	137	46.667	5.544
-800..-300	2 -300	mAlya	mālya	144	7	137	20.571	4.363
-800..-300	2 -300	durDarza	durdharṣa	150	0	150	inf	inf
-800..-300	2 -300	sTAna	sthāna	145	34	111	4.265	2.092
-800..-300	2 -300	sarasvatI	sarasvatī	132	16	116	8.250	3.044
-800..-300	2 -300	SIGra	śīghra	143	0	143	inf	inf
-800..-300	2 -300	prahasta	prahasta	134	1	133	134.000	7.066
-800..-300	2 -300	vas	vas	145	56	89	2.589	1.373
-800..-300	2 -300	viD	vidh	125	2	123	62.500	5.966
-800..-300	2 -300	parizvaj	pariṣvaj	136	2	134	68.000	6.087
-800..-300	2 -300	atiTi	atithi	141	14	127	10.071	3.332
-800..-300	2 -300	vapus	vapus	138	1	137	138.000	7.109
-800..-300	2 -300	janman	janman	137	14	123	9.786	3.291
-800..-300	2 -300	pAra	pāra	142	11	131	12.909	3.690
-800..-300	2 -300	sumantra	sumantra	132	0	132	inf	inf
-800..-300	2 -300	sAraTi	sārathi	129	5	124	25.800	4.689
-800..-300	2 -300	svaDA	svadhā	142	20	122	7.100	2.828
-800..-300	2 -300	vESvAnara	vaiśvānara	134	24	110	5.583	2.481
-800..-300	2 -300	guhA	guhā	134	13	121	10.308	3.366
-800..-300	2 -300	mAsa	māsa	139	63	76	2.206	1.142
-800..-300	2 -300	pfTu	pṛthu	144	1	143	144.000	7.170
-800..-300	2 -300	pAlay	pālay	122	1	121	122.000	6.931
-800..-300	2 -300	prasTA	prasthā	130	2	128	65.000	6.022
-800..-300	2 -300	prekz	prekṣ	141	12	129	11.750	3.555
-800..-300	2 -300	Druva	dhruva	130	43	87	3.023	1.596
-800..-300	2 -300	vAsava	vāsava	113	2	111	56.500	5.820
-800..-300	2 -300	SacI	śacī	123	1	122	123.000	6.943
-800..-300	2 -300	svara	svara	129	29	100	4.448	2.153
-800..-300	2 -300	puz	puṣ	133	4	129	33.250	5.055
-800..-300	2 -300	prayam	prayam	141	51	90	2.765	1.467
-800..-300	2 -300	akza	akṣa	146	18	128	8.111	3.020
-800..-300	2 -300	kowi	koṭi	134	0	134	inf	inf
-800..-300	2 -300	ajara	ajara	137	6	131	22.833	4.513
-800..-300	2 -300	pakza	pakṣa	142	32	110	4.438	2.150
-800..-300	2 -300	pariGa	parigha	135	3	132	45.000	5.492
-800..-300	2 -300	kumAra	kumāra	132	49	83	2.694	1.430
-800..-300	2 -300	aruza	aruṣa	143	0	143	inf	inf
-800..-300	2 -300	Urj	ūrj	130	18	112	7.222	2.852
-800..-300	2 -300	BaradvAja	bharadvāja	139	3	136	46.333	5.534
-800..-300	2 -300	Ayu	āyu	128	6	122	21.333	4.415
-800..-300	2 -300	vahni	vahni	129	2	127	64.500	6.011
-800..-300	2 -300	mAtra	mātra	141	30	111	4.700	2.233
-800..-300	2 -300	suBaga	subhaga	141	9	132	15.667	3.970
-800..-300	2 -300	hiraRya	hiraṇya	130	46	84	2.826	1.499
-800..-300	2 -300	Kaqga	khaḍga	138	3	135	46.000	5.524
-800..-300	2 -300	ganDa	gandha	134	50	84	2.680	1.422
-800..-300	2 -300	pIqay	pīḍay	124	0	124	inf	inf
-800..-300	2 -300	upagam	upagam	98	4	94	24.500	4.615
-800..-300	2 -300	samprAp	samprāp	137	1	136	137.000	7.098
-800..-300	2 -300	kopa	kopa	137	0	137	inf	inf
-800..-300	2 -300	paruza	paruṣa	133	0	133	inf	inf
-800..-300	2 -300	aBra	abhra	138	13	125	10.615	3.408
-800..-300	2 -300	durAtman	durātman	121	0	121	inf	inf
-800..-300	2 -300	pASa	pāśa	136	26	110	5.231	2.387
-800..-300	2 -300	tApasa	tāpasa	126	3	123	42.000	5.392
-800..-300	2 -300	tArA	tārā	130	0	130	inf	inf
-800..-300	2 -300	haMsa	haṁsa	121	11	110	11.000	3.459
-800..-300	2 -300	Syena	śyena	133	5	128	26.600	4.733
-800..-300	2 -300	muzwi	muṣṭi	125	5	120	25.000	4.644
-800..-300	2 -300	purohita	purohita	119	5	114	23.800	4.573
-800..-300	2 -300	prasAda	prasāda	129	5	124	25.800	4.689
-800..-300	2 -300	svap	svap	125	30	95	4.167	2.059
-800..-300	2 -300	nO	nau	137	7	130	19.571	4.291
-800..-300	2 -300	pattra	pattra	138	4	134	34.500	5.109
-800..-300	2 -300	nATa	nātha	135	5	130	27.000	4.755
-800..-300	2 -300	cetas	cetas	117	3	114	39.000	5.285
-800..-300	2 -300	yuj	yuj	126	51	75	2.471	1.305
-800..-300	2 -300	SaraRa	śaraṇa	135	8	127	16.875	4.077
-800..-300	2 -300	krUra	krūra	137	0	137	inf	inf
-800..-300	2 -300	dAra	dāra	136	4	132	34.000	5.087
-800..-300	2 -300	Ap	āp	125	76	49	1.645	0.718
-800..-300	2 -300	nU	nū	129	0	129	inf	inf
-800..-300	2 -300	mud	mud	131	9	122	14.556	3.863
-800..-300	2 -300	varDay	vardhay	126	6	120	21.000	4.392
-800..-300	2 -300	pragrah	pragrah	131	1	130	131.000	7.033
-800..-300	2 -300	niSAmay	niśāmay	136	0	136	inf	inf
-800..-300	2 -300	amartya	amartya	127	1	126	127.000	6.989
-800..-300	2 -300	manus	manus	139	0	139	inf	inf
-800..-300	2 -300	uras	uras	128	8	120	16.000	4.000
-800..-300	2 -300	jAmbavant	jāmbavant	122	0	122	inf	inf
-800..-300	2 -300	vfzan	vṛṣan	129	6	123	21.500	4.426
-800..-300	2 -300	kram	kram	128	2	126	64.000	6.000
-800..-300	2 -300	KyA	khyā	132	1	131	132.000	7.044
-800..-300	2 -300	riz	riṣ	114	22	92	5.182	2.373
-800..-300	2 -300	saMvf	saṁvṛ	123	5	118	24.600	4.621
-800..-300	2 -300	arha	arha	138	9	129	15.333	3.939
-800..-300	2 -300	dA	dā	128	179	-51	0.715	-0.484
-800..-300	2 -300	kfta	kṛta	115	4	111	28.750	4.845
-800..-300	2 -300	kAmarUpin	kāmarūpin	108	2	106	54.000	5.755
-800..-300	2 -300	mandra	mandra	120	2	118	60.000	5.907
-800..-300	2 -300	sudAnu	sudānu	121	1	120	121.000	6.919
-800..-300	2 -300	svasf	svasṛ	123	13	110	9.462	3.242
-800..-300	2 -300	puruhUta	puruhūta	133	2	131	66.500	6.055
-800..-300	2 -300	smf	smṛ	110	12	98	9.167	3.196
-800..-300	2 -300	vyaT	vyath	129	8	121	16.125	4.011
-800..-300	2 -300	pinv	pinv	130	4	126	32.500	5.022
-800..-300	2 -300	aMSu	aṁśu	125	6	119	20.833	4.381
-800..-300	2 -300	atya	atya	125	0	125	inf	inf
-800..-300	2 -300	anuja	anuja	124	0	124	inf	inf
-800..-300	2 -300	upasTa	upastha	124	29	95	4.276	2.096
-800..-300	2 -300	uBaya	ubhaya	126	38	88	3.316	1.729
-800..-300	2 -300	carzaRi	carṣaṇi	120	4	116	30.000	4.907
-800..-300	2 -300	Alaya	ālaya	106	2	104	53.000	5.728
-800..-300	2 -300	yUTa	yūtha	127	0	127	inf	inf
-800..-300	2 -300	mArutAtmaja	mārutātmaja	113	0	113	inf	inf
-800..-300	2 -300	tvazwf	tvaṣṭṛ	123	9	114	13.667	3.773
-800..-300	2 -300	vyaD	vyadh	126	20	106	6.300	2.655
-800..-300	2 -300	vartay	vartay	118	1	117	118.000	6.883
-800..-300	2 -300	sru	sru	110	5	105	22.000	4.459
-800..-300	2 -300	Ahu	āhu	120	6	114	20.000	4.322
-800..-300	2 -300	niDA	nidhā	128	70	58	1.829	0.871
-800..-300	2 -300	puraskf	puraskṛ	123	0	123	inf	inf
-800..-300	2 -300	ozaDI	oṣadhī	123	13	110	9.462	3.242
-800..-300	2 -300	mI	mī	123	2	121	61.500	5.943
-800..-300	2 -300	aDvaryu	adhvaryu	110	18	92	6.111	2.611
-800..-300	2 -300	manIzA	manīṣā	118	2	116	59.000	5.883
-800..-300	2 -300	DArmika	dhārmika	110	3	107	36.667	5.196
-800..-300	2 -300	DIra	dhīra	123	20	103	6.150	2.621
-800..-300	2 -300	naga	naga	123	0	123	inf	inf
-800..-300	2 -300	vastra	vastra	124	13	111	9.538	3.254
-800..-300	2 -300	suparRa	suparṇa	120	11	109	10.909	3.447
-800..-300	2 -300	vIti	vīti	122	0	122	inf	inf
-800..-300	2 -300	pOra	paura	125	2	123	62.500	5.966
-800..-300	2 -300	prajApati	prajāpati	111	139	-28	0.799	-0.325
-800..-300	2 -300	prAjYa	prājña	133	4	129	33.250	5.055
-800..-300	2 -300	kzi	kṣi	123	30	93	4.100	2.036
-800..-300	2 -300	plu	plu	121	0	121	inf	inf
-800..-300	2 -300	upakram	upakram	79	1	78	79.000	6.304
-800..-300	2 -300	napAt	napāt	127	0	127	inf	inf
-800..-300	2 -300	karRa	karṇa	124	26	98	4.769	2.254
-800..-300	2 -300	nIla	nīla	125	19	106	6.579	2.718
-800..-300	2 -300	nABi	nābhi	117	29	88	4.034	2.012
-800..-300	2 -300	ftu	ṛtu	112	50	62	2.240	1.163
-800..-300	2 -300	ozaDi	oṣadhi	122	34	88	3.588	1.843
-800..-300	2 -300	vaktra	vaktra	130	4	126	32.500	5.022
-800..-300	2 -300	janaka	janaka	123	21	102	5.857	2.550
-800..-300	2 -300	DaraRI	dharaṇī	128	0	128	inf	inf
-800..-300	2 -300	pArTiva	pārthiva	126	5	121	25.200	4.655
-800..-300	2 -300	pArSva	pārśva	121	6	115	20.167	4.334
-800..-300	2 -300	sTira	sthira	118	24	94	4.917	2.298
-800..-300	2 -300	kzar	kṣar	115	1	114	115.000	6.845
-800..-300	2 -300	naS	naś	119	9	110	13.222	3.725
-800..-300	2 -300	saMyuj	saṁyuj	119	18	101	6.611	2.725
-800..-300	2 -300	saMhfz	saṁhṛṣ	128	0	128	inf	inf
-800..-300	2 -300	Sikz	śikṣ	117	1	116	117.000	6.870
-800..-300	2 -300	antaHpura	antaḥpura	111	0	111	inf	inf
-800..-300	2 -300	anvita	anvita	114	2	112	57.000	5.833
-800..-300	2 -300	nIla	nīla	108	19	89	5.684	2.507
-800..-300	2 -300	nagara	nagara	118	1	117	118.000	6.883
-800..-300	2 -300	yoga	yoga	120	24	96	5.000	2.322
-800..-300	2 -300	yAman	yāman	124	0	124	inf	inf
-800..-300	2 -300	toka	toka	125	2	123	62.500	5.966
-800..-300	2 -300	dakziRA	dakṣiṇā	120	55	65	2.182	1.126
-800..-300	2 -300	vyakta	vyakta	121	2	119	60.500	5.919
-800..-300	2 -300	SIla	śīla	120	14	106	8.571	3.100
-800..-300	2 -300	gamana	gamana	127	8	119	15.875	3.989
-800..-300	2 -300	kzaya	kṣaya	111	1	110	111.000	6.794
-800..-300	2 -300	praBAva	prabhāva	122	1	121	122.000	6.931
-800..-300	2 -300	trA	trā	120	9	111	13.333	3.737
-800..-300	2 -300	pravac	pravac	114	24	90	4.750	2.248
-800..-300	2 -300	saMDA	saṁdhā	114	69	45	1.652	0.724
-800..-300	2 -300	pratna	pratna	109	2	107	54.500	5.768
-800..-300	2 -300	apas	apas	126	1	125	126.000	6.977
-800..-300	2 -300	koSa	kośa	120	12	108	10.000	3.322
-800..-300	2 -300	saMGa	saṁgha	127	1	126	127.000	6.989
-800..-300	2 -300	apsaras	apsaras	111	6	105	18.500	4.209
-800..-300	2 -300	nfpati	nṛpati	124	0	124	inf	inf
-800..-300	2 -300	amara	amara	112	1	111	112.000	6.807
-800..-300	2 -300	vAsin	vāsin	99	4	95	24.750	4.629
-800..-300	2 -300	Asya	āsya	119	11	108	10.818	3.435
-800..-300	2 -300	izu	iṣu	115	7	108	16.429	4.038
-800..-300	2 -300	mahiman	mahiman	118	18	100	6.556	2.713
-800..-300	2 -300	jaya	jaya	118	36	82	3.278	1.713
-800..-300	2 -300	jAnakI	jānakī	100	0	100	inf	inf
-800..-300	2 -300	sutA	sutā	121	0	121	inf	inf
-800..-300	2 -300	SoBay	śobhay	105	0	105	inf	inf
-800..-300	2 -300	niyam	niyam	122	3	119	40.667	5.346
-800..-300	2 -300	parAvat	parāvat	116	1	115	116.000	6.858
-800..-300	2 -300	vid	vid	111	569	-458	0.195	-2.358
-800..-300	2 -300	Bojana	bhojana	111	18	93	6.167	2.624
-800..-300	2 -300	ari	ari	123	2	121	61.500	5.943
-800..-300	2 -300	uraga	uraga	111	0	111	inf	inf
-800..-300	2 -300	yuvan	yuvan	115	6	109	19.167	4.261
-800..-300	2 -300	moha	moha	123	9	114	13.667	3.773
-800..-300	2 -300	tIvra	tīvra	115	0	115	inf	inf
-800..-300	2 -300	janasTAna	janasthāna	117	0	117	inf	inf
-800..-300	2 -300	hiraRyaya	hiraṇyaya	111	1	110	111.000	6.794
-800..-300	2 -300	sf	sṛ	117	1	116	117.000	6.870
-800..-300	2 -300	spfS	spṛś	115	19	96	6.053	2.598
-800..-300	2 -300	Ahan	āhan	115	6	109	19.167	4.261
-800..-300	2 -300	Ahf	āhṛ	104	37	67	2.811	1.491
-800..-300	2 -300	udi	udi	111	44	67	2.523	1.335
-800..-300	2 -300	mAday	māday	101	8	93	12.625	3.658
-800..-300	2 -300	niryA	niryā	117	0	117	inf	inf
-800..-300	2 -300	prasad	prasad	106	2	104	53.000	5.728
-800..-300	2 -300	agastya	agastya	113	2	111	56.500	5.820
-800..-300	2 -300	dvAr	dvār	122	8	114	15.250	3.931
-800..-300	2 -300	kara	kara	117	4	113	29.250	4.870
-800..-300	2 -300	kalaSa	kalaśa	120	0	120	inf	inf
-800..-300	2 -300	pannaga	pannaga	99	0	99	inf	inf
-800..-300	2 -300	sadana	sadana	121	8	113	15.125	3.919
-800..-300	2 -300	niScaya	niścaya	101	0	101	inf	inf
-800..-300	2 -300	Bara	bhara	118	0	118	inf	inf
-800..-300	2 -300	Adi	ādi	112	80	32	1.400	0.485
-800..-300	2 -300	rakta	rakta	114	10	104	11.400	3.511
-800..-300	2 -300	mahiza	mahiṣa	121	1	120	121.000	6.919
-800..-300	2 -300	dUra	dūra	115	3	112	38.333	5.261
-800..-300	2 -300	veSman	veśman	118	4	114	29.500	4.883
-800..-300	2 -300	vfjana	vṛjana	122	0	122	inf	inf
-800..-300	2 -300	veDas	vedhas	111	0	111	inf	inf
-800..-300	2 -300	puzpaka	puṣpaka	109	0	109	inf	inf
-800..-300	2 -300	bAla	bāla	112	13	99	8.615	3.107
-800..-300	2 -300	vas	vas	110	56	54	1.964	0.974
-800..-300	2 -300	aDipati	adhipati	121	17	104	7.118	2.831
-800..-300	2 -300	samarTa	samartha	116	0	116	inf	inf
-800..-300	2 -300	nava	nava	112	9	103	12.444	3.637
-800..-300	2 -300	aSru	aśru	117	0	117	inf	inf
-800..-300	2 -300	vasuDA	vasudhā	119	0	119	inf	inf
-800..-300	2 -300	dEvata	daivata	98	10	88	9.800	3.293
-800..-300	2 -300	Ka	kha	115	21	94	5.476	2.453
-800..-300	2 -300	prakfti	prakṛti	99	5	94	19.800	4.307
-800..-300	2 -300	DAv	dhāv	104	10	94	10.400	3.379
-800..-300	2 -300	Apat	āpat	91	4	87	22.750	4.508
-800..-300	2 -300	prahas	prahas	104	0	104	inf	inf
-800..-300	2 -300	vikram	vikram	114	1	113	114.000	6.833
-800..-300	2 -300	same	same	110	7	103	15.714	3.974
-800..-300	2 -300	viBUzay	vibhūṣay	97	0	97	inf	inf
-800..-300	2 -300	kaRva	kaṇva	105	0	105	inf	inf
-800..-300	2 -300	atri	atri	109	2	107	54.500	5.768
-800..-300	2 -300	saMDyA	saṁdhyā	106	6	100	17.667	4.143
-800..-300	2 -300	BAskara	bhāskara	100	2	98	50.000	5.644
-800..-300	2 -300	Aji	āji	113	4	109	28.250	4.820
-800..-300	2 -300	varcas	varcas	103	26	77	3.962	1.986
-800..-300	2 -300	durita	durita	115	2	113	57.500	5.845
-800..-300	2 -300	DAtu	dhātu	114	9	105	12.667	3.663
-800..-300	2 -300	SaMsa	śaṁsa	113	2	111	56.500	5.820
-800..-300	2 -300	bAnDava	bāndhava	99	2	97	49.500	5.629
-800..-300	2 -300	sU	sū	108	4	104	27.000	4.755
-800..-300	2 -300	Sam	śam	112	76	36	1.474	0.559
-800..-300	2 -300	yu	yu	110	0	110	inf	inf
-800..-300	2 -300	yAc	yāc	101	11	90	9.182	3.199
-800..-300	2 -300	Iray	īray	103	3	100	34.333	5.102
-800..-300	2 -300	Goza	ghoṣa	112	9	103	12.444	3.637
-800..-300	2 -300	pravft	pravṛt	103	3	100	34.333	5.102
-800..-300	2 -300	caraRa	caraṇa	113	7	106	16.143	4.013
-800..-300	2 -300	saMtap	saṁtap	118	0	118	inf	inf
-800..-300	2 -300	acala	acala	100	0	100	inf	inf
-800..-300	2 -300	anfta	anṛta	107	24	83	4.458	2.157
-800..-300	2 -300	kAvya	kāvya	103	0	103	inf	inf
-800..-300	2 -300	amita	amita	116	1	115	116.000	6.858
-800..-300	2 -300	iqA	iḍā	103	8	95	12.875	3.687
-800..-300	2 -300	vaMSa	vaṁśa	116	25	91	4.640	2.214
-800..-300	2 -300	mahIpati	mahīpati	100	0	100	inf	inf
-800..-300	2 -300	suzwuti	suṣṭuti	104	0	104	inf	inf
-800..-300	2 -300	vimala	vimala	116	1	115	116.000	6.858
-800..-300	2 -300	medinI	medinī	92	0	92	inf	inf
-800..-300	2 -300	dASaraTi	dāśarathi	102	0	102	inf	inf
-800..-300	2 -300	dAsa	dāsa	107	4	103	26.750	4.741
-800..-300	2 -300	vfz	vṛṣ	96	13	83	7.385	2.885
-800..-300	2 -300	praT	prath	107	2	105	53.500	5.741
-800..-300	2 -300	BrAj	bhrāj	110	8	102	13.750	3.781
-800..-300	2 -300	AyA	āyā	112	6	106	18.667	4.222
-800..-300	2 -300	upAs	upās	104	266	-162	0.391	-1.355
-800..-300	2 -300	samAsAday	samāsāday	109	2	107	54.500	5.768
-800..-300	2 -300	kArmuka	kārmuka	105	0	105	inf	inf
-800..-300	2 -300	maRqala	maṇḍala	102	8	94	12.750	3.672
-800..-300	2 -300	netra	netra	111	3	108	37.000	5.209
-800..-300	2 -300	samiD	samidh	106	84	22	1.262	0.336
-800..-300	2 -300	aBizeka	abhiṣeka	103	0	103	inf	inf
-800..-300	2 -300	manuzya	manuṣya	111	69	42	1.609	0.686
-800..-300	2 -300	nayana	nayana	109	0	109	inf	inf
-800..-300	2 -300	alpa	alpa	101	9	92	11.222	3.488
-800..-300	2 -300	Akula	ākula	104	0	104	inf	inf
-800..-300	2 -300	vanaspati	vanaspati	102	41	61	2.488	1.315
-800..-300	2 -300	tridaSa	tridaśa	111	0	111	inf	inf
-800..-300	2 -300	sidDa	siddha	114	0	114	inf	inf
-800..-300	2 -300	havizmat	haviṣmat	108	2	106	54.000	5.755
-800..-300	2 -300	sAla	sāla	106	0	106	inf	inf
-800..-300	2 -300	Seza	śeṣa	109	45	64	2.422	1.276
-800..-300	2 -300	veda	veda	107	89	18	1.202	0.266
-800..-300	2 -300	diva	diva	104	3	101	34.667	5.115
-800..-300	2 -300	cakz	cakṣ	106	1	105	106.000	6.728
-800..-300	2 -300	tvar	tvar	108	0	108	inf	inf
-800..-300	2 -300	jAgf	jāgṛ	97	9	88	10.778	3.430
-800..-300	2 -300	parI	parī	111	14	97	7.929	2.987
-800..-300	2 -300	praRam	praṇam	106	2	104	53.000	5.728
-800..-300	2 -300	vikf	vikṛ	108	6	102	18.000	4.170
-800..-300	2 -300	vimuc	vimuc	97	14	83	6.929	2.793
-800..-300	2 -300	vizad	viṣad	100	0	100	inf	inf
-800..-300	2 -300	parivAray	parivāray	88	0	88	inf	inf
-800..-300	2 -300	naBas	nabhas	109	2	107	54.500	5.768
-800..-300	2 -300	aSoka	aśoka	100	1	99	100.000	6.644
-800..-300	2 -300	yajatra	yajatra	100	0	100	inf	inf
-800..-300	2 -300	retas	retas	109	68	41	1.603	0.681
-800..-300	2 -300	rOdra	raudra	106	5	101	21.200	4.406
-800..-300	2 -300	tura	tura	102	4	98	25.500	4.672
-800..-300	2 -300	pratijYA	pratijñā	103	6	97	17.167	4.102
-800..-300	2 -300	jf	jṛ	102	12	90	8.500	3.087
-800..-300	2 -300	atikram	atikram	92	11	81	8.364	3.064
-800..-300	2 -300	yat	yat	111	106	5	1.047	0.066
-800..-300	2 -300	vinad	vinad	95	0	95	inf	inf
-800..-300	2 -300	vihA	vihā	102	8	94	12.750	3.672
-800..-300	2 -300	kftsna	kṛtsna	107	12	95	8.917	3.157
-800..-300	2 -300	kfzwi	kṛṣṭi	101	0	101	inf	inf
-800..-300	2 -300	aDarma	adharma	96	6	90	16.000	4.000
-800..-300	2 -300	vAra	vāra	105	0	105	inf	inf
-800..-300	2 -300	cIra	cīra	104	3	101	34.667	5.115
-800..-300	2 -300	AkAra	ākāra	110	3	107	36.667	5.196
-800..-300	2 -300	mArIca	mārīca	104	0	104	inf	inf
-800..-300	2 -300	revat	revat	100	0	100	inf	inf
-800..-300	2 -300	rocana	rocana	107	4	103	26.750	4.741
-800..-300	2 -300	toya	toya	110	0	110	inf	inf
-800..-300	2 -300	dyumat	dyumat	107	0	107	inf	inf
-800..-300	2 -300	somya	somya	104	81	23	1.284	0.361
-800..-300	2 -300	sumitrA	sumitrā	108	0	108	inf	inf
-800..-300	2 -300	vinASa	vināśa	104	3	101	34.667	5.115
-800..-300	2 -300	pradakziRa	pradakṣiṇa	91	26	65	3.500	1.807
-800..-300	2 -300	parityaj	parityaj	104	0	104	inf	inf
-800..-300	2 -300	vinaS	vinaś	83	5	78	16.600	4.053
-800..-300	2 -300	pad	pad	106	13	93	8.154	3.027
-800..-300	2 -300	parRa	parṇa	104	16	88	6.500	2.700
-800..-300	2 -300	kIrti	kīrti	105	17	88	6.176	2.627
-800..-300	2 -300	niveSana	niveśana	85	3	82	28.333	4.824
-800..-300	2 -300	marutvat	marutvat	99	0	99	inf	inf
-800..-300	2 -300	narendra	narendra	106	1	105	106.000	6.728
-800..-300	2 -300	vicitra	vicitra	103	0	103	inf	inf
-800..-300	2 -300	cintA	cintā	103	0	103	inf	inf
-800..-300	2 -300	rAvaRi	rāvaṇi	95	0	95	inf	inf
-800..-300	2 -300	dizwi	diṣṭi	81	2	79	40.500	5.340
-800..-300	2 -300	Darman	dharman	102	4	98	25.500	4.672
-800..-300	2 -300	Sayana	śayana	105	10	95	10.500	3.392
-800..-300	2 -300	viBu	vibhu	97	10	87	9.700	3.278
-800..-300	2 -300			0	0	0	inf	inf
-800..-300	2 -300	gAtu	gātu	108	0	108	inf	inf
-800..-300	2 -300	vizaya	viṣaya	102	4	98	25.500	4.672
-800..-300	2 -300	pftanA	pṛtanā	107	2	105	53.500	5.741
-800..-300	2 -300	prayas	prayas	98	0	98	inf	inf
-800..-300	2 -300	ad	ad	98	42	56	2.333	1.222
-800..-300	2 -300	mUrCay	mūrchay	91	2	89	45.500	5.508
-800..-300	2 -300	avasTA	avasthā	93	7	86	13.286	3.732
-800..-300	2 -300	Acakz	ācakṣ	95	53	42	1.792	0.842
-800..-300	2 -300	vyAhf	vyāhṛ	102	4	98	25.500	4.672
-800..-300	2 -300	saMgrAma	saṁgrāma	102	1	101	102.000	6.672
-800..-300	2 -300	anila	anila	94	4	90	23.500	4.555
-800..-300	2 -300	aBimuKa	abhimukha	105	4	101	26.250	4.714
-800..-300	2 -300	vArya	vārya	90	3	87	30.000	4.907
-800..-300	2 -300	Avaha	āvaha	82	2	80	41.000	5.358
-800..-300	2 -300	lakzaRa	lakṣaṇa	89	14	75	6.357	2.668
-800..-300	2 -300	tigma	tigma	95	1	94	95.000	6.570
-800..-300	2 -300	durga	durga	100	7	93	14.286	3.837
-800..-300	2 -300	deva	deva	97	464	-367	0.209	-2.258
-800..-300	2 -300	deha	deha	104	3	101	34.667	5.115
-800..-300	2 -300	saras	saras	97	1	96	97.000	6.600
-800..-300	2 -300	sarit	sarit	103	0	103	inf	inf
-800..-300	2 -300	sahasrAkza	sahasrākṣa	104	0	104	inf	inf
-800..-300	2 -300	krIq	krīḍ	97	1	96	97.000	6.600
-800..-300	2 -300	aBidru	abhidru	90	6	84	15.000	3.907
-800..-300	2 -300	pre	pre	90	47	43	1.915	0.937
-800..-300	2 -300	viSru	viśru	81	0	81	inf	inf
-800..-300	2 -300	kAru	kāru	94	1	93	94.000	6.555
-800..-300	2 -300	vijaya	vijaya	99	2	97	49.500	5.629
-800..-300	2 -300	ukTya	ukthya	80	2	78	40.000	5.322
-800..-300	2 -300	yAna	yāna	96	19	77	5.053	2.337
-800..-300	2 -300	pAna	pāna	103	9	94	11.444	3.517
-800..-300	2 -300	viDi	vidhi	99	12	87	8.250	3.044
-800..-300	2 -300	krand	krand	97	3	94	32.333	5.015
-800..-300	2 -300	grAvan	grāvan	91	1	90	91.000	6.508
-800..-300	2 -300	Gana	ghana	100	4	96	25.000	4.644
-800..-300	2 -300	Dfz	dhṛṣ	98	2	96	49.000	5.615
-800..-300	2 -300	caturdaSan	caturdaśan	72	0	72	inf	inf
-800..-300	2 -300	saMgam	saṁgam	90	1	89	90.000	6.492
-800..-300	2 -300	vftta	vṛtta	101	2	99	50.500	5.658
-800..-300	2 -300	mand	mand	96	0	96	inf	inf
-800..-300	2 -300	tuvi	tuvi	101	0	101	inf	inf
-800..-300	2 -300	Sam	śam	71	76	-5	0.934	-0.098
-800..-300	2 -300	kovida	kovida	79	0	79	inf	inf
-800..-300	2 -300	antara	antara	96	89	7	1.079	0.109
-800..-300	2 -300	ftvij	ṛtvij	86	29	57	2.966	1.568
-800..-300	2 -300	vAra	vāra	102	0	102	inf	inf
-800..-300	2 -300	vAhinI	vāhinī	88	2	86	44.000	5.459
-800..-300	2 -300	aSana	aśana	89	8	81	11.125	3.476
-800..-300	2 -300	vatsala	vatsala	87	0	87	inf	inf
-800..-300	2 -300	vanOkas	vanaukas	86	0	86	inf	inf
-800..-300	2 -300	mahodara	mahodara	82	0	82	inf	inf
-800..-300	2 -300	trElokya	trailokya	99	0	99	inf	inf
-800..-300	2 -300	Danvan	dhanvan	91	4	87	22.750	4.508
-800..-300	2 -300	tveza	tveṣa	94	1	93	94.000	6.555
-800..-300	2 -300	snigDa	snigdha	94	0	94	inf	inf
-800..-300	2 -300	SuBra	śubhra	92	4	88	23.000	4.524
-800..-300	2 -300	SAstra	śāstra	94	3	91	31.333	4.970
-800..-300	2 -300	SiSu	śiśu	94	2	92	47.000	5.555
-800..-300	2 -300	kzatriya	kṣatriya	88	36	52	2.444	1.290
-800..-300	2 -300	pracetas	pracetas	94	0	94	inf	inf
-800..-300	2 -300	ruh	ruh	96	5	91	19.200	4.263
-800..-300	2 -300	aBivft	abhivṛt	76	0	76	inf	inf
-800..-300	2 -300	alaMkf	alaṁkṛ	81	39	42	2.077	1.054
-800..-300	2 -300	nirIkz	nirīkṣ	88	0	88	inf	inf
-800..-300	2 -300	harivat	harivat	101	0	101	inf	inf
-800..-300	2 -300	aktu	aktu	96	0	96	inf	inf
-800..-300	2 -300	anaGa	anagha	80	0	80	inf	inf
-800..-300	2 -300	kalpa	kalpa	99	18	81	5.500	2.459
-800..-300	2 -300	UDas	ūdhas	93	0	93	inf	inf
-800..-300	2 -300	Srama	śrama	89	3	86	29.667	4.891
-800..-300	2 -300	DUma	dhūma	96	36	60	2.667	1.415
-800..-300	2 -300	rAjarzi	rājarṣi	94	0	94	inf	inf
-800..-300	2 -300	vAjasAti	vājasāti	90	0	90	inf	inf
-800..-300	2 -300	latA	latā	89	0	89	inf	inf
-800..-300	2 -300	dyuti	dyuti	82	0	82	inf	inf
-800..-300	2 -300	draviRa	draviṇa	100	2	98	50.000	5.644
-800..-300	2 -300	sahAya	sahāya	95	1	94	95.000	6.570
-800..-300	2 -300	vraja	vraja	93	4	89	23.250	4.539
-800..-300	2 -300	prAsAda	prāsāda	91	0	91	inf	inf
-800..-300	2 -300	guh	guh	93	13	80	7.154	2.839
-800..-300	2 -300	vraj	vraj	79	16	63	4.938	2.304
-800..-300	2 -300	tras	tras	99	0	99	inf	inf
-800..-300	2 -300	aBiBAz	abhibhāṣ	72	0	72	inf	inf
-800..-300	2 -300	arvAYc	arvāñc	89	9	80	9.889	3.306
-800..-300	2 -300	aha	aha	88	37	51	2.378	1.250
-800..-300	2 -300	pA	pā	98	59	39	1.661	0.732
-800..-300	2 -300	kara	kara	92	4	88	23.000	4.524
-800..-300	2 -300	aDika	adhika	90	11	79	8.182	3.032
-800..-300	2 -300	saMkula	saṁkula	85	1	84	85.000	6.409
-800..-300	2 -300	paRi	paṇi	94	1	93	94.000	6.555
-800..-300	2 -300	saMtApa	saṁtāpa	96	0	96	inf	inf
-800..-300	2 -300	paraspara	paraspara	80	0	80	inf	inf
-800..-300	2 -300	parvan	parvan	81	25	56	3.240	1.696
-800..-300	2 -300	Sveta	śveta	87	5	82	17.400	4.121
-800..-300	2 -300	Arya	ārya	88	8	80	11.000	3.459
-800..-300	2 -300	asi	asi	93	2	91	46.500	5.539
-800..-300	2 -300	tumula	tumula	94	0	94	inf	inf
-800..-300	2 -300	pAvaka	pāvaka	90	6	84	15.000	3.907
-800..-300	2 -300	himavant	himavant	91	1	90	91.000	6.508
-800..-300	2 -300	sahasrin	sahasrin	87	1	86	87.000	6.443
-800..-300	2 -300	darSata	darśata	90	5	85	18.000	4.170
-800..-300	2 -300	pravara	pravara	98	2	96	49.000	5.615
-800..-300	2 -300	devay	devay	93	1	92	93.000	6.539
-800..-300	2 -300	nirji	nirji	83	0	83	inf	inf
-800..-300	2 -300	vAjay	vājay	93	1	92	93.000	6.539
-800..-300	2 -300	adabDa	adabdha	91	2	89	45.500	5.508
-800..-300	2 -300	parAyaRa	parāyaṇa	80	19	61	4.211	2.074
-800..-300	2 -300	aBizwi	abhiṣṭi	85	3	82	28.333	4.824
-800..-300	2 -300	fzva	ṛṣva	91	1	90	91.000	6.508
-800..-300	2 -300	zaz	ṣaṣ	83	52	31	1.596	0.675
-800..-300	2 -300	BAra	bhāra	94	2	92	47.000	5.555
-800..-300	2 -300	arjuna	arjuna	82	0	82	inf	inf
-800..-300	2 -300	mAnasa	mānasa	79	6	73	13.167	3.719
-800..-300	2 -300	tejasvin	tejasvin	98	5	93	19.600	4.293
-800..-300	2 -300	pARqura	pāṇḍura	77	1	76	77.000	6.267
-800..-300	2 -300	dama	dama	89	2	87	44.500	5.476
-800..-300	2 -300	sAman	sāman	90	171	-81	0.526	-0.926
-800..-300	2 -300	Sarad	śarad	93	29	64	3.207	1.681
-800..-300	2 -300	darpa	darpa	93	0	93	inf	inf
-800..-300	2 -300	avAp	avāp	74	5	69	14.800	3.888
-800..-300	2 -300	Akf	ākṛ	98	0	98	inf	inf
-800..-300	2 -300	Apad	āpad	96	9	87	10.667	3.415
-800..-300	2 -300	utsah	utsah	68	0	68	inf	inf
-800..-300	2 -300	niveSay	niveśay	82	0	82	inf	inf
-800..-300	2 -300	pradIp	pradīp	89	0	89	inf	inf
-800..-300	2 -300	tapasvin	tapasvin	82	1	81	82.000	6.358
-800..-300	2 -300	paScima	paścima	89	2	87	44.500	5.476
-800..-300	2 -300	mah	mah	88	3	85	29.333	4.874
-800..-300	2 -300	atula	atula	90	0	90	inf	inf
-800..-300	2 -300	saMKya	saṁkhya	91	1	90	91.000	6.508
-800..-300	2 -300	antaka	antaka	78	1	77	78.000	6.285
-800..-300	2 -300	saDasTa	sadhastha	90	0	90	inf	inf
-800..-300	2 -300	DfzRu	dhṛṣṇu	89	1	88	89.000	6.476
-800..-300	2 -300	viSArada	viśārada	75	0	75	inf	inf
-800..-300	2 -300	cira	cira	92	2	90	46.000	5.524
-800..-300	2 -300	tftIya	tṛtīya	86	62	24	1.387	0.472
-800..-300	2 -300	dvitIya	dvitīya	82	62	20	1.323	0.403
-800..-300	2 -300	dvezas	dveṣas	89	1	88	89.000	6.476
-800..-300	2 -300	dakza	dakṣa	90	0	90	inf	inf
-800..-300	2 -300	vEra	vaira	93	0	93	inf	inf
-800..-300	2 -300	jU	jū	93	0	93	inf	inf
-800..-300	2 -300	vA	vā	89	812	-723	0.110	-3.190
-800..-300	2 -300	nipAtay	nipātay	71	3	68	23.667	4.565
-800..-300	2 -300	nizkram	niṣkram	92	5	87	18.400	4.202
-800..-300	2 -300	adrivat	adrivat	87	0	87	inf	inf
-800..-300	2 -300	kArin	kārin	78	5	73	15.600	3.963
-800..-300	2 -300	sadas	sadas	92	4	88	23.000	4.524
-800..-300	2 -300	niSA	niśā	86	13	73	6.615	2.726
-800..-300	2 -300	samad	samad	86	0	86	inf	inf
-800..-300	2 -300	samaya	samaya	90	3	87	30.000	4.907
-800..-300	2 -300	mahas	mahas	86	10	76	8.600	3.104
-800..-300	2 -300	nakzatra	nakṣatra	89	74	15	1.203	0.266
-800..-300	2 -300	arDa	ardha	84	53	31	1.585	0.664
-800..-300	2 -300	AjYA	ājñā	83	2	81	41.500	5.375
-800..-300	2 -300	aSman	aśman	89	52	37	1.712	0.775
-800..-300	2 -300	rucira	rucira	88	0	88	inf	inf
-800..-300	2 -300	meru	meru	85	0	85	inf	inf
-800..-300	2 -300	toraRa	toraṇa	79	0	79	inf	inf
-800..-300	2 -300	tAmra	tāmra	92	2	90	46.000	5.524
-800..-300	2 -300	setu	setu	81	8	73	10.125	3.340
-800..-300	2 -300	vidyA	vidyā	88	89	-1	0.989	-0.016
-800..-300	2 -300	Sizya	śiṣya	82	6	76	13.667	3.773
-800..-300	2 -300	virUpa	virūpa	83	1	82	83.000	6.375
-800..-300	2 -300	dasra	dasra	88	1	87	88.000	6.459
-800..-300	2 -300	jinv	jinv	84	0	84	inf	inf
-800..-300	2 -300	duz	duṣ	88	10	78	8.800	3.138
-800..-300	2 -300	sTApay	sthāpay	88	4	84	22.000	4.459
-800..-300	2 -300	upaSoBay	upaśobhay	74	0	74	inf	inf
-800..-300	2 -300	prezay	preṣay	82	0	82	inf	inf
-800..-300	2 -300	samAvf	samāvṛ	77	0	77	inf	inf
-800..-300	2 -300	prAYc	prāñc	83	120	-37	0.692	-0.532
-800..-300	2 -300	kuSala	kuśala	85	14	71	6.071	2.602
-800..-300	2 -300	aNka	aṅka	87	10	77	8.700	3.121
-800..-300	2 -300	anala	anala	66	2	64	33.000	5.044
-800..-300	2 -300	kANkzin	kāṅkṣin	72	0	72	inf	inf
-800..-300	2 -300	parjanya	parjanya	86	17	69	5.059	2.339
-800..-300	2 -300	apatya	apatya	83	6	77	13.833	3.790
-800..-300	2 -300	Bftya	bhṛtya	84	3	81	28.000	4.807
-800..-300	2 -300	nfSaMsa	nṛśaṁsa	83	0	83	inf	inf
-800..-300	2 -300	maDu	madhu	91	91	0	1.000	0.000
-800..-300	2 -300	maDyama	madhyama	88	23	65	3.826	1.936
-800..-300	2 -300	saMvatsara	saṁvatsara	77	105	-28	0.733	-0.447
-800..-300	2 -300	avara	avara	84	37	47	2.270	1.183
-800..-300	2 -300	indrAvaruRa	indrāvaruṇa	77	0	77	inf	inf
-800..-300	2 -300	yajata	yajata	89	0	89	inf	inf
-800..-300	2 -300	laGu	laghu	84	7	77	12.000	3.585
-800..-300	2 -300	tanaya	tanaya	92	1	91	92.000	6.524
-800..-300	2 -300	viza	viṣa	83	1	82	83.000	6.375
-800..-300	2 -300	dAnu	dānu	65	0	65	inf	inf
-800..-300	2 -300	pOMsya	pauṁsya	78	1	77	78.000	6.285
-800..-300	2 -300	praharaRa	praharaṇa	84	0	84	inf	inf
-800..-300	2 -300	ci	ci	87	6	81	14.500	3.858
-800..-300	2 -300	tAqay	tāḍay	84	0	84	inf	inf
-800..-300	2 -300	aDigam	adhigam	72	7	65	10.286	3.363
-800..-300	2 -300	mohay	mohay	71	1	70	71.000	6.150
-800..-300	2 -300	virAj	virāj	83	22	61	3.773	1.916
-800..-300	2 -300	satkf	satkṛ	81	0	81	inf	inf
-800..-300	2 -300	pratyaYc	pratyañc	82	30	52	2.733	1.451
-800..-300	2 -300	kuSala	kuśala	85	14	71	6.071	2.602
-800..-300	2 -300	apriya	apriya	76	9	67	8.444	3.078
-800..-300	2 -300	manda	manda	87	1	86	87.000	6.443
-800..-300	2 -300	udaDi	udadhi	69	0	69	inf	inf
-800..-300	2 -300	azwan	aṣṭan	80	37	43	2.162	1.112
-800..-300	2 -300	rajanI	rajanī	73	0	73	inf	inf
-800..-300	2 -300	mAlA	mālā	82	2	80	41.000	5.358
-800..-300	2 -300	jIra	jīra	90	0	90	inf	inf
-800..-300	2 -300	vyoman	vyoman	86	6	80	14.333	3.841
-800..-300	2 -300	puraMdara	puraṁdara	70	0	70	inf	inf
-800..-300	2 -300	priya	priya	83	106	-23	0.783	-0.353
-800..-300	2 -300	ukz	ukṣ	76	3	73	25.333	4.663
-800..-300	2 -300	kruS	kruś	81	0	81	inf	inf
-800..-300	2 -300	karSay	karśay	76	0	76	inf	inf
-800..-300	2 -300	muh	muh	84	9	75	9.333	3.222
-800..-300	2 -300	kan	kan	77	0	77	inf	inf
-800..-300	2 -300	viBA	vibhā	83	8	75	10.375	3.375
-800..-300	2 -300	vIkz	vīkṣ	77	4	73	19.250	4.267
-800..-300	2 -300	samman	samman	71	1	70	71.000	6.150
-800..-300	2 -300	sapary	sapary	81	4	77	20.250	4.340
-800..-300	2 -300	navyas	navyas	83	0	83	inf	inf
-800..-300	2 -300	BfSa	bhṛśa	85	1	84	85.000	6.409
-800..-300	2 -300	vicakzaRa	vicakṣaṇa	76	3	73	25.333	4.663
-800..-300	2 -300	citta	citta	86	27	59	3.185	1.671
-800..-300	2 -300	arTin	arthin	79	1	78	79.000	6.304
-800..-300	2 -300	avya	avya	80	0	80	inf	inf
-800..-300	2 -300	varivas	varivas	87	0	87	inf	inf
-800..-300	2 -300	rAkzaseSvara	rākṣaseśvara	79	0	79	inf	inf
-800..-300	2 -300	vAma	vāma	72	9	63	8.000	3.000
-800..-300	2 -300	mahArha	mahārha	80	0	80	inf	inf
-800..-300	2 -300	mAna	māna	85	2	83	42.500	5.409
-800..-300	2 -300	lakzmI	lakṣmī	85	0	85	inf	inf
-800..-300	2 -300	triSiras	triśiras	80	0	80	inf	inf
-800..-300	2 -300	jYAti	jñāti	78	13	65	6.000	2.585
-800..-300	2 -300	suvfkti	suvṛkti	83	0	83	inf	inf
-800..-300	2 -300	suvita	suvita	87	1	86	87.000	6.443
-800..-300	2 -300	sUra	sūra	81	0	81	inf	inf
-800..-300	2 -300	daMzwra	daṁṣṭra	88	1	87	88.000	6.459
-800..-300	2 -300	SApa	śāpa	82	2	80	41.000	5.358
-800..-300	2 -300	kzetra	kṣetra	81	13	68	6.231	2.639
-800..-300	2 -300	vismaya	vismaya	83	0	83	inf	inf
-800..-300	2 -300	puMs	puṁs	81	57	24	1.421	0.507
-800..-300	2 -300	bAla	bāla	81	13	68	6.231	2.639
-800..-300	2 -300	bila	bila	79	6	73	13.167	3.719
-800..-300	2 -300	Ir	īr	72	1	71	72.000	6.170
-800..-300	2 -300	tfp	tṛp	70	110	-40	0.636	-0.652
-800..-300	2 -300	upaviS	upaviś	74	45	29	1.644	0.718
-800..-300	2 -300	Gna	ghna	88	11	77	8.000	3.000
-800..-300	2 -300	pratipad	pratipad	61	35	26	1.743	0.801
-800..-300	2 -300	sampf	sampṛ	83	1	82	83.000	6.375
-800..-300	2 -300	nagarI	nagarī	82	0	82	inf	inf
-800..-300	2 -300	Dur	dhur	84	0	84	inf	inf
-800..-300	2 -300	raTI	rathī	82	0	82	inf	inf
-800..-300	2 -300	anATa	anātha	72	0	72	inf	inf
-800..-300	2 -300	kumBa	kumbha	82	23	59	3.565	1.834
-800..-300	2 -300	maha	maha	78	0	78	inf	inf
-800..-300	2 -300	arcis	arcis	79	21	58	3.762	1.911
-800..-300	2 -300	vakzas	vakṣas	81	0	81	inf	inf
-800..-300	2 -300	vareRya	vareṇya	78	8	70	9.750	3.285
-800..-300	2 -300	vARI	vāṇī	83	2	81	41.500	5.375
-800..-300	2 -300	dunduBi	dundubhi	77	11	66	7.000	2.807
-800..-300	2 -300	tavas	tavas	83	0	83	inf	inf
-800..-300	2 -300	sidDi	siddhi	79	9	70	8.778	3.134
-800..-300	2 -300	hutASana	hutāśana	67	0	67	inf	inf
-800..-300	2 -300	gagana	gagana	83	0	83	inf	inf
-800..-300	2 -300	gaBasti	gabhasti	80	0	80	inf	inf
-800..-300	2 -300	kzama	kṣama	67	1	66	67.000	6.066
-800..-300	2 -300	dasma	dasma	81	0	81	inf	inf
-800..-300	2 -300	prAkAra	prākāra	81	0	81	inf	inf
-800..-300	2 -300	ADA	ādhā	74	83	-9	0.892	-0.166
-800..-300	2 -300	niyuj	niyuj	73	3	70	24.333	4.605
-800..-300	2 -300	niSci	niści	71	1	70	71.000	6.150
-800..-300	2 -300	prakAS	prakāś	74	3	71	24.667	4.624
-800..-300	2 -300	paTa	patha	78	3	75	26.000	4.700
-800..-300	2 -300	maGa	magha	75	0	75	inf	inf
-800..-300	2 -300	manIzin	manīṣin	74	2	72	37.000	5.209
-800..-300	2 -300	Uru	ūru	76	9	67	8.444	3.078
-800..-300	2 -300	navan	navan	71	14	57	5.071	2.342
-800..-300	2 -300	ruSat	ruśat	80	0	80	inf	inf
-800..-300	2 -300	yAma	yāma	78	0	78	inf	inf
-800..-300	2 -300	mAruta	māruta	79	3	76	26.333	4.719
-800..-300	2 -300	durmati	durmati	67	0	67	inf	inf
-800..-300	2 -300	tanu	tanu	80	4	76	20.000	4.322
-800..-300	2 -300	taruRa	taruṇa	71	4	67	17.750	4.150
-800..-300	2 -300	tavizI	taviṣī	82	0	82	inf	inf
-800..-300	2 -300	tvac	tvac	78	27	51	2.889	1.531
-800..-300	2 -300	graha	graha	78	29	49	2.690	1.427
-800..-300	2 -300	kzaRa	kṣaṇa	75	1	74	75.000	6.229
-800..-300	2 -300	izay	iṣay	82	0	82	inf	inf
-800..-300	2 -300	pfc	pṛc	82	2	80	41.000	5.358
-800..-300	2 -300	aBiDAv	abhidhāv	76	2	74	38.000	5.248
-800..-300	2 -300	AgA	āgā	77	22	55	3.500	1.807
-800..-300	2 -300	ASvAsay	āśvāsay	68	0	68	inf	inf
-800..-300	2 -300	Garma	gharma	76	2	74	38.000	5.248
-800..-300	2 -300	nirmA	nirmā	76	3	73	25.333	4.663
-800..-300	2 -300	prasAday	prasāday	67	0	67	inf	inf
-800..-300	2 -300	prasU	prasū	79	24	55	3.292	1.719
-800..-300	2 -300	vizWA	viṣṭhā	71	2	69	35.500	5.150
-800..-300	2 -300	samfD	samṛdh	70	18	52	3.889	1.959
-800..-300	2 -300	mArg	mārg	71	0	71	inf	inf
-800..-300	2 -300	mfq	mṛḍ	74	1	73	74.000	6.209
-800..-300	2 -300	anindita	anindita	68	3	65	22.667	4.503
-800..-300	2 -300	anyaka	anyaka	48	0	48	inf	inf
-800..-300	2 -300	nftama	nṛtama	79	0	79	inf	inf
-800..-300	2 -300	nfmRa	nṛmṇa	78	0	78	inf	inf
-800..-300	2 -300	martya	martya	79	24	55	3.292	1.719
-800..-300	2 -300	DArin	dhārin	67	1	66	67.000	6.066
-800..-300	2 -300	Ayasa	āyasa	76	3	73	25.333	4.663
-800..-300	2 -300	AhAra	āhāra	79	6	73	13.167	3.719
-800..-300	2 -300	rAzwra	rāṣṭra	78	3	75	26.000	4.700
-800..-300	2 -300	yatna	yatna	77	1	76	77.000	6.267
-800..-300	2 -300	yavizWa	yaviṣṭha	77	1	76	77.000	6.267
-800..-300	2 -300	trita	trita	71	0	71	inf	inf
-800..-300	2 -300	suzeRa	suṣeṇa	73	0	73	inf	inf
-800..-300	2 -300	sOBaga	saubhaga	68	4	64	17.000	4.087
-800..-300	2 -300	svAdu	svādu	69	3	66	23.000	4.524
-800..-300	2 -300	girvaRas	girvaṇas	72	0	72	inf	inf
-800..-300	2 -300	vivasvant	vivasvant	71	0	71	inf	inf
-800..-300	2 -300	pramadA	pramadā	77	0	77	inf	inf
-800..-300	2 -300	kzi	kṣi	74	30	44	2.467	1.303
-800..-300	2 -300	nam	nam	74	2	72	37.000	5.209
-800..-300	2 -300	ric	ric	74	1	73	74.000	6.209
-800..-300	2 -300	SaNk	śaṅk	70	0	70	inf	inf
-800..-300	2 -300	Sap	śap	67	3	64	22.333	4.481
-800..-300	2 -300	AjYApay	ājñāpay	63	1	62	63.000	5.977
-800..-300	2 -300	Aplu	āplu	75	8	67	9.375	3.229
-800..-300	2 -300	upapad	upapad	67	3	64	22.333	4.481
-800..-300	2 -300	vigam	vigam	79	0	79	inf	inf
-800..-300	2 -300	da	da	80	14	66	5.714	2.515
-800..-300	2 -300	pratimA	pratimā	81	3	78	27.000	4.755
-800..-300	2 -300	vakz	vakṣ	65	0	65	inf	inf
-800..-300	2 -300	kuSa	kuśa	71	14	57	5.071	2.342
-800..-300	2 -300	kftya	kṛtya	75	2	73	37.500	5.229
-800..-300	2 -300	aklizwa	akliṣṭa	79	0	79	inf	inf
-800..-300	2 -300	saMjYA	saṁjñā	75	5	70	15.000	3.907
-800..-300	2 -300	sattva	sattva	75	14	61	5.357	2.421
-800..-300	2 -300	nidrA	nidrā	73	0	73	inf	inf
-800..-300	2 -300	nakta	nakta	70	11	59	6.364	2.670
-800..-300	2 -300	narya	narya	76	1	75	76.000	6.248
-800..-300	2 -300	navya	navya	72	0	72	inf	inf
-800..-300	2 -300	citrakUwa	citrakūṭa	71	0	71	inf	inf
-800..-300	2 -300	udAra	udāra	76	0	76	inf	inf
-800..-300	2 -300	Atmavat	ātmavat	60	1	59	60.000	5.907
-800..-300	2 -300	Agamana	āgamana	68	0	68	inf	inf
-800..-300	2 -300	yuj	yuj	73	51	22	1.431	0.517
-800..-300	2 -300	yuvan	yuvan	71	6	65	11.833	3.565
-800..-300	2 -300	mahitva	mahitva	75	0	75	inf	inf
-800..-300	2 -300	tIrTa	tīrtha	78	8	70	9.750	3.285
-800..-300	2 -300	durAsada	durāsada	63	0	63	inf	inf
-800..-300	2 -300	dfzwi	dṛṣṭi	74	8	66	9.250	3.209
-800..-300	2 -300	hastin	hastin	68	26	42	2.615	1.387
-800..-300	2 -300	vinDya	vindhya	72	1	71	72.000	6.170
-800..-300	2 -300	SAKA	śākhā	75	30	45	2.500	1.322
-800..-300	2 -300	puraMDi	puraṁdhi	70	3	67	23.333	4.544
-800..-300	2 -300	divAkara	divākara	63	0	63	inf	inf
-800..-300	2 -300	pOruza	pauruṣa	71	1	70	71.000	6.150
-800..-300	2 -300	nakz	nakṣ	73	0	73	inf	inf
-800..-300	2 -300	anujYA	anujñā	68	13	55	5.231	2.387
-800..-300	2 -300	varjay	varjay	62	20	42	3.100	1.632
-800..-300	2 -300	ri	ri	77	1	76	77.000	6.267
-800..-300	2 -300	DU	dhū	72	5	67	14.400	3.848
-800..-300	2 -300	pravfD	pravṛdh	71	0	71	inf	inf
-800..-300	2 -300	pratApavat	pratāpavat	75	0	75	inf	inf
-800..-300	2 -300	narADipa	narādhipa	69	0	69	inf	inf
-800..-300	2 -300	naB	nabh	80	0	80	inf	inf
-800..-300	2 -300	akzara	akṣara	64	106	-42	0.604	-0.728
-800..-300	2 -300	sagara	sagara	76	0	76	inf	inf
-800..-300	2 -300	anuga	anuga	63	1	62	63.000	5.977
-800..-300	2 -300	anehas	anehas	65	0	65	inf	inf
-800..-300	2 -300	kuRqala	kuṇḍala	73	2	71	36.500	5.190
-800..-300	2 -300	Boga	bhoga	74	8	66	9.250	3.209
-800..-300	2 -300	samAkula	samākula	65	0	65	inf	inf
-800..-300	2 -300	arAti	arāti	67	8	59	8.375	3.066
-800..-300	2 -300	aruRa	aruṇa	72	2	70	36.000	5.170
-800..-300	2 -300	marman	marman	70	3	67	23.333	4.544
-800..-300	2 -300	vAhana	vāhana	66	4	62	16.500	4.044
-800..-300	2 -300	durga	durga	76	7	69	10.857	3.441
-800..-300	2 -300	janapada	janapada	67	17	50	3.941	1.979
-800..-300	2 -300	dvipa	dvipa	59	0	59	inf	inf
-800..-300	2 -300	sahalakzmaRa	sahalakṣmaṇa	61	0	61	inf	inf
-800..-300	2 -300	svapna	svapna	62	26	36	2.385	1.254
-800..-300	2 -300	SuzRa	śuṣṇa	73	0	73	inf	inf
-800..-300	2 -300	daSAnana	daśānana	61	0	61	inf	inf
-800..-300	2 -300	bahuviDa	bahuvidha	64	0	64	inf	inf
-800..-300	2 -300	brahmaRaspati	brahmaṇaspati	60	5	55	12.000	3.585
-800..-300	2 -300	pramuKa	pramukha	73	0	73	inf	inf
-800..-300	2 -300	kAray	kāray	63	12	51	5.250	2.392
-800..-300	2 -300	stf	stṛ	64	10	54	6.400	2.678
-800..-300	2 -300	ruD	rudh	71	1	70	71.000	6.150
-800..-300	2 -300	vici	vici	68	2	66	34.000	5.087
-800..-300	2 -300	vinI	vinī	72	3	69	24.000	4.585
-800..-300	2 -300	candana	candana	67	1	66	67.000	6.066
-800..-300	2 -300	dviz	dviṣ	61	45	16	1.356	0.439
-800..-300	2 -300	haryata	haryata	71	0	71	inf	inf
-800..-300	2 -300	kamala	kamala	75	0	75	inf	inf
-800..-300	2 -300	kfcCra	kṛcchra	69	6	63	11.500	3.524
-800..-300	2 -300	saMniDi	saṁnidhi	62	1	61	62.000	5.954
-800..-300	2 -300	apratima	apratima	69	0	69	inf	inf
-800..-300	2 -300	kizkinDA	kiṣkindhā	74	0	74	inf	inf
-800..-300	2 -300	nirGoza	nirghoṣa	76	0	76	inf	inf
-800..-300	2 -300	upAya	upāya	67	2	65	33.500	5.066
-800..-300	2 -300	asta	asta	70	19	51	3.684	1.881
-800..-300	2 -300	yuvati	yuvati	73	2	71	36.500	5.190
-800..-300	2 -300	rAtra	rātra	71	63	8	1.127	0.172
-800..-300	2 -300	yAtuDAna	yātudhāna	67	0	67	inf	inf
-800..-300	2 -300	dEva	daiva	68	36	32	1.889	0.918
-800..-300	2 -300	danta	danta	70	12	58	5.833	2.544
-800..-300	2 -300	vEqUrya	vaiḍūrya	71	0	71	inf	inf
-800..-300	2 -300	SUdra	śūdra	57	29	28	1.966	0.975
-800..-300	2 -300	SaSin	śaśin	73	0	73	inf	inf
-800..-300	2 -300	SiKA	śikhā	70	7	63	10.000	3.322
-800..-300	2 -300	prajAvat	prajāvat	71	6	65	11.833	3.565
-800..-300	2 -300	gup	gup	74	2	72	37.000	5.209
-800..-300	2 -300	tuz	tuṣ	69	2	67	34.500	5.109
-800..-300	2 -300	Danv	dhanv	67	1	66	67.000	6.066
-800..-300	2 -300	ruj	ruj	68	3	65	22.667	4.503
-800..-300	2 -300	Aropay	āropay	68	4	64	17.000	4.087
-800..-300	2 -300	nirdah	nirdah	70	1	69	70.000	6.129
-800..-300	2 -300	nizev	niṣev	59	0	59	inf	inf
-800..-300	2 -300	pratijYA	pratijñā	58	6	52	9.667	3.273
-800..-300	2 -300	prapad	prapad	63	45	18	1.400	0.485
-800..-300	2 -300	nErfta	nairṛta	66	0	66	inf	inf
-800..-300	2 -300	aNga	aṅga	72	63	9	1.143	0.193
-800..-300	2 -300	sadman	sadman	68	1	67	68.000	6.087
-800..-300	2 -300	apaSyat	apaśyat	65	1	64	65.000	6.022
-800..-300	2 -300	kutsa	kutsa	69	0	69	inf	inf
-800..-300	2 -300	arizwa	ariṣṭa	67	4	63	16.750	4.066
-800..-300	2 -300	etAvat	etāvat	50	23	27	2.174	1.120
-800..-300	2 -300	Sloka	śloka	72	25	47	2.880	1.526
-800..-300	2 -300	naKa	nakha	64	17	47	3.765	1.913
-800..-300	2 -300	navIyas	navīyas	70	0	70	inf	inf
-800..-300	2 -300	carman	carman	67	29	38	2.310	1.208
-800..-300	2 -300	uttara	uttara	68	365	-297	0.186	-2.424
-800..-300	2 -300	udaya	udaya	61	7	54	8.714	3.123
-800..-300	2 -300	ukzan	ukṣan	64	3	61	21.333	4.415
-800..-300	2 -300	varUTa	varūtha	69	0	69	inf	inf
-800..-300	2 -300	mAyin	māyin	68	2	66	34.000	5.087
-800..-300	2 -300	duroRa	duroṇa	71	1	70	71.000	6.150
-800..-300	2 -300	duzkara	duṣkara	65	0	65	inf	inf
-800..-300	2 -300	java	java	69	0	69	inf	inf
-800..-300	2 -300	draviRas	draviṇas	67	0	67	inf	inf
-800..-300	2 -300	taras	taras	70	0	70	inf	inf
-800..-300	2 -300	samrAj	samrāj	63	38	25	1.658	0.729
-800..-300	2 -300	vESravaRa	vaiśravaṇa	61	1	60	61.000	5.931
-800..-300	2 -300	SIta	śīta	73	3	70	24.333	4.605
-800..-300	2 -300	SUnya	śūnya	68	1	67	68.000	6.087
-800..-300	2 -300	viSvakarman	viśvakarman	56	4	52	14.000	3.807
-800..-300	2 -300	pUjA	pūjā	71	3	68	23.667	4.565
-800..-300	2 -300	praKyA	prakhyā	74	0	74	inf	inf
-800..-300	2 -300	kzam	kṣam	66	0	66	inf	inf
-800..-300	2 -300	grAma	grāma	69	37	32	1.865	0.899
-800..-300	2 -300	BUz	bhūṣ	71	2	69	35.500	5.150
-800..-300	2 -300	nard	nard	70	0	70	inf	inf
-800..-300	2 -300	vAray	vāray	63	1	62	63.000	5.977
-800..-300	2 -300	Darzay	dharṣay	61	0	61	inf	inf
-800..-300	2 -300	sAD	sādh	69	0	69	inf	inf
-800..-300	2 -300	Amantray	āmantray	65	12	53	5.417	2.437
-800..-300	2 -300	AhvA	āhvā	63	6	57	10.500	3.392
-800..-300	2 -300	parivf	parivṛ	65	1	64	65.000	6.022
-800..-300	2 -300	prAv	prāv	70	0	70	inf	inf
-800..-300	2 -300	samutpat	samutpat	66	0	66	inf	inf
-800..-300	2 -300	vAri	vāri	67	0	67	inf	inf
-800..-300	2 -300	niyut	niyut	70	0	70	inf	inf
-800..-300	2 -300	vivAs	vivās	61	0	61	inf	inf
-800..-300	2 -300	keSa	keśa	66	56	10	1.179	0.237
-800..-300	2 -300	kElAsa	kailāsa	58	0	58	inf	inf
-800..-300	2 -300	anArya	anārya	64	2	62	32.000	5.000
-800..-300	2 -300	pampA	pampā	68	0	68	inf	inf
-800..-300	2 -300	nirRij	nirṇij	65	6	59	10.833	3.437
-800..-300	2 -300	ftAvfD	ṛtāvṛdh	66	0	66	inf	inf
-800..-300	2 -300	BAminI	bhāminī	59	0	59	inf	inf
-800..-300	2 -300	BIru	bhīru	69	2	67	34.500	5.109
-800..-300	2 -300	utsAha	utsāha	69	0	69	inf	inf
-800..-300	2 -300	jananI	jananī	64	0	64	inf	inf
-800..-300	2 -300	sarga	sarga	67	2	65	33.500	5.066
-800..-300	2 -300	sarpa	sarpa	67	11	56	6.091	2.607
-800..-300	2 -300	hatya	hatya	68	0	68	inf	inf
-800..-300	2 -300	vizAda	viṣāda	65	0	65	inf	inf
-800..-300	2 -300	vftti	vṛtti	58	20	38	2.900	1.536
-800..-300	2 -300	prAsa	prāsa	66	0	66	inf	inf
-800..-300	2 -300	as	as	64	823	-759	0.078	-3.685
-800..-300	2 -300	kup	kup	69	0	69	inf	inf
-800..-300	2 -300	atI	atī	58	20	38	2.900	1.536
-800..-300	2 -300	SrI	śrī	64	35	29	1.829	0.871
-800..-300	2 -300	snA	snā	65	44	21	1.477	0.563
-800..-300	2 -300	Acar	ācar	63	8	55	7.875	2.977
-800..-300	2 -300	upayA	upayā	65	2	63	32.500	5.022
-800..-300	2 -300	nASay	nāśay	63	1	62	63.000	5.977
-800..-300	2 -300	nirgam	nirgam	65	0	65	inf	inf
-800..-300	2 -300	nivas	nivas	61	0	61	inf	inf
-800..-300	2 -300	nizpat	niṣpat	64	0	64	inf	inf
-800..-300	2 -300	parigrah	parigrah	63	28	35	2.250	1.170
-800..-300	2 -300	prasvap	prasvap	68	2	66	34.000	5.087
-800..-300	2 -300	vivfD	vivṛdh	68	0	68	inf	inf
-800..-300	2 -300	cara	cara	66	5	61	13.200	3.722
-800..-300	2 -300	saMraYj	saṁrañj	63	0	63	inf	inf
-800..-300	2 -300	saMjan	saṁjan	68	1	67	68.000	6.087
-800..-300	2 -300	samutTA	samutthā	60	20	40	3.000	1.585
-800..-300	2 -300	samBram	sambhram	68	0	68	inf	inf
-800..-300	2 -300	kevala	kevala	65	3	62	21.667	4.437
-800..-300	2 -300	candramas	candramas	58	70	-12	0.829	-0.271
-800..-300	2 -300	mIQvas	mīḍhvas	67	1	66	67.000	6.066
-800..-300	2 -300	mayoBu	mayobhu	66	4	62	16.500	4.044
-800..-300	2 -300	SavizWa	śaviṣṭha	69	0	69	inf	inf
-800..-300	2 -300	karuRa	karuṇa	68	0	68	inf	inf
-800..-300	2 -300	kftAYjali	kṛtāñjali	67	1	66	67.000	6.066
-800..-300	2 -300	ajina	ajina	65	11	54	5.909	2.563
-800..-300	2 -300	adABya	adābhya	57	1	56	57.000	5.833
-800..-300	2 -300	aDama	adhama	59	2	57	29.500	4.883
-800..-300	2 -300	anurUpa	anurūpa	62	1	61	62.000	5.954
-800..-300	2 -300	antarAtman	antarātman	48	10	38	4.800	2.263
-800..-300	2 -300	sani	sani	66	6	60	11.000	3.459
-800..-300	2 -300	saMdfS	saṁdṛś	63	5	58	12.600	3.655
-800..-300	2 -300	ambuda	ambuda	53	0	53	inf	inf
-800..-300	2 -300	mahan	mahan	67	0	67	inf	inf
-800..-300	2 -300	ulkA	ulkā	64	3	61	21.333	4.415
-800..-300	2 -300	fc	ṛc	58	124	-66	0.468	-1.096
-800..-300	2 -300	enas	enas	64	5	59	12.800	3.678
-800..-300	2 -300	arRas	arṇas	66	0	66	inf	inf
-800..-300	2 -300	avaDya	avadhya	62	1	61	62.000	5.954
-800..-300	2 -300	Api	āpi	65	0	65	inf	inf
-800..-300	2 -300	yuta	yuta	61	1	60	61.000	5.931
-800..-300	2 -300	yozA	yoṣā	67	3	64	22.333	4.481
-800..-300	2 -300	rava	rava	66	0	66	inf	inf
-800..-300	2 -300	janiman	janiman	69	2	67	34.500	5.109
-800..-300	2 -300	janus	janus	68	0	68	inf	inf
-800..-300	2 -300	dEtya	daitya	64	0	64	inf	inf
-800..-300	2 -300	dvivida	dvivida	64	0	64	inf	inf
-800..-300	2 -300	jyA	jyā	63	5	58	12.600	3.655
-800..-300	2 -300	tanaya	tanaya	68	1	67	68.000	6.087
-800..-300	2 -300	tapasvinI	tapasvinī	62	0	62	inf	inf
-800..-300	2 -300	suvarRa	suvarṇa	63	17	46	3.706	1.890
-800..-300	2 -300	samBrama	sambhrama	62	0	62	inf	inf
-800..-300	2 -300	hiraRya	hiraṇya	63	46	17	1.370	0.454
-800..-300	2 -300	svayamBu	svayambhu	63	3	60	21.000	4.392
-800..-300	2 -300	vipaScit	vipaścit	66	3	63	22.000	4.459
-800..-300	2 -300	praBu	prabhu	61	4	57	15.250	3.931
-800..-300	2 -300	vfka	vṛka	61	3	58	20.333	4.346
-800..-300	2 -300	bali	bali	64	52	12	1.231	0.300
-800..-300	2 -300	rocay	rocay	60	0	60	inf	inf
-800..-300	2 -300	saYj	sañj	66	5	61	13.200	3.722
-800..-300	2 -300	anuprAp	anuprāp	66	0	66	inf	inf
-800..-300	2 -300	pracoday	pracoday	54	3	51	18.000	4.170
-800..-300	2 -300	prAh	prāh	68	21	47	3.238	1.695
-800..-300	2 -300	vitan	vitan	68	6	62	11.333	3.503
-800..-300	2 -300	vismi	vismi	60	0	60	inf	inf
-800..-300	2 -300	samBU	sambhū	66	44	22	1.500	0.585
-800..-300	2 -300	kanikrad	kanikrad	58	0	58	inf	inf
-800..-300	2 -300	niyama	niyama	54	11	43	4.909	2.295
-800..-300	2 -300	nisvana	nisvana	55	0	55	inf	inf
-800..-300	2 -300	nAka	nāka	60	7	53	8.571	3.100
-800..-300	2 -300	maraRa	maraṇa	61	3	58	20.333	4.346
-800..-300	2 -300	marya	marya	66	1	65	66.000	6.044
-800..-300	2 -300	zazwi	ṣaṣṭi	62	7	55	8.857	3.147
-800..-300	2 -300	Ananda	ānanda	67	43	24	1.558	0.640
-800..-300	2 -300	Ardra	ārdra	67	10	57	6.700	2.744
-800..-300	2 -300	yOvarAjya	yauvarājya	64	0	64	inf	inf
-800..-300	2 -300	yavasa	yavasa	65	2	63	32.500	5.022
-800..-300	2 -300	tfRa	tṛṇa	63	39	24	1.615	0.692
-800..-300	2 -300	dUzaRa	dūṣaṇa	61	0	61	inf	inf
-800..-300	2 -300	syandana	syandana	60	0	60	inf	inf
-800..-300	2 -300	vyuzwi	vyuṣṭi	65	1	64	65.000	6.022
-800..-300	2 -300	SaNKa	śaṅkha	53	6	47	8.833	3.143
-800..-300	2 -300	vEvasvata	vaivasvata	63	1	62	63.000	5.977
-800..-300	2 -300	SarDas	śardhas	65	0	65	inf	inf
-800..-300	2 -300	SASvata	śāśvata	54	5	49	10.800	3.433
-800..-300	2 -300	vedi	vedi	62	14	48	4.429	2.147
-800..-300	2 -300	bahula	bahula	66	5	61	13.200	3.722
-800..-300	2 -300	pravat	pravat	62	1	61	62.000	5.954
-800..-300	2 -300	kalpay	kalpay	50	15	35	3.333	1.737
-800..-300	2 -300	pUray	pūray	55	15	40	3.667	1.874
-800..-300	2 -300	dyut	dyut	52	5	47	10.400	3.379
-800..-300	2 -300	AraB	ārabh	60	22	38	2.727	1.447
-800..-300	2 -300	upahan	upahan	62	8	54	7.750	2.954
-800..-300	2 -300	niHSvas	niḥśvas	56	2	54	28.000	4.807
-800..-300	2 -300	vidru	vidru	54	0	54	inf	inf
-800..-300	2 -300	saMsTA	saṁsthā	55	18	37	3.056	1.611
-800..-300	2 -300	samAnI	samānī	61	0	61	inf	inf
-800..-300	2 -300	mfqay	mṛḍay	47	0	47	inf	inf
-800..-300	2 -300	sizAs	siṣās	60	0	60	inf	inf
-800..-300	2 -300	pfR	pṛṇ	60	0	60	inf	inf
-800..-300	2 -300	aNganA	aṅganā	52	0	52	inf	inf
-800..-300	2 -300	aprameya	aprameya	57	0	57	inf	inf
-800..-300	2 -300	Bezaja	bheṣaja	59	5	54	11.800	3.561
-800..-300	2 -300	maMhizWa	maṁhiṣṭha	60	0	60	inf	inf
-800..-300	2 -300	matsara	matsara	58	0	58	inf	inf
-800..-300	2 -300	mandara	mandara	54	0	54	inf	inf
-800..-300	2 -300	eva	eva	60	1452	-1392	0.041	-4.597
-800..-300	2 -300	nandana	nandana	56	0	56	inf	inf
-800..-300	2 -300	vicarzaRi	vicarṣaṇi	59	0	59	inf	inf
-800..-300	2 -300	cetanA	cetanā	56	0	56	inf	inf
-800..-300	2 -300	aSvAvat	aśvāvat	57	1	56	57.000	5.833
-800..-300	2 -300	ucita	ucita	59	0	59	inf	inf
-800..-300	2 -300	yoDa	yodha	62	0	62	inf	inf
-800..-300	2 -300	vanikA	vanikā	63	0	63	inf	inf
-800..-300	2 -300	mEnda	mainda	56	0	56	inf	inf
-800..-300	2 -300	lANgUla	lāṅgūla	58	0	58	inf	inf
-800..-300	2 -300	devayu	devayu	56	0	56	inf	inf
-800..-300	2 -300	jAmi	jāmi	57	0	57	inf	inf
-800..-300	2 -300	jAyA	jāyā	60	35	25	1.714	0.778
-800..-300	2 -300	dviz	dviṣ	57	45	12	1.267	0.341
-800..-300	2 -300	Danya	dhanya	54	0	54	inf	inf
-800..-300	2 -300	skanDa	skandha	63	3	60	21.000	4.392
-800..-300	2 -300	SoBana	śobhana	51	1	50	51.000	5.672
-800..-300	2 -300	garuqa	garuḍa	60	0	60	inf	inf
-800..-300	2 -300	mud	mud	63	9	54	7.000	2.807
-800..-300	2 -300	vIravat	vīravat	64	3	61	21.333	4.415
-800..-300	2 -300	vedas	vedas	64	1	63	64.000	6.000
-800..-300	2 -300	prahAra	prahāra	59	0	59	inf	inf
-800..-300	2 -300	praharza	praharṣa	60	0	60	inf	inf
-800..-300	2 -300	maT	math	57	7	50	8.143	3.026
-800..-300	2 -300	vip	vip	60	0	60	inf	inf
-800..-300	2 -300	stamB	stambh	59	1	58	59.000	5.883
-800..-300	2 -300	vihf	vihṛ	63	11	52	5.727	2.518
-800..-300	2 -300	vyavasTA	vyavasthā	50	3	47	16.667	4.059
-800..-300	2 -300	arcay	arcay	57	4	53	14.250	3.833
-800..-300	2 -300	Seva	śeva	63	2	61	31.500	4.977
-800..-300	2 -300	fBukzan	ṛbhukṣan	63	0	63	inf	inf
-800..-300	2 -300	vfDa	vṛdha	59	0	59	inf	inf
-800..-300	2 -300	uruzy	uruṣy	59	0	59	inf	inf
-800..-300	2 -300	praSasti	praśasti	62	0	62	inf	inf
-800..-300	2 -300	kftArTa	kṛtārtha	58	2	56	29.000	4.858
-800..-300	2 -300	adfzwa	adṛṣṭa	52	4	48	13.000	3.700
-800..-300	2 -300	adruh	adruh	60	0	60	inf	inf
-800..-300	2 -300	sakASa	sakāśa	57	1	56	57.000	5.833
-800..-300	2 -300	aneka	aneka	56	8	48	7.000	2.807
-800..-300	2 -300	kalyARa	kalyāṇa	56	12	44	4.667	2.222
-800..-300	2 -300	usriyA	usriyā	54	0	54	inf	inf
-800..-300	2 -300	DizaRA	dhiṣaṇā	62	1	61	62.000	5.954
-800..-300	2 -300	hrada	hrada	53	7	46	7.571	2.921
-800..-300	2 -300	avyagra	avyagra	63	0	63	inf	inf
-800..-300	2 -300	yozit	yoṣit	47	1	46	47.000	5.555
-800..-300	2 -300	yOvana	yauvana	59	2	57	29.500	4.883
-800..-300	2 -300	yava	yava	59	48	11	1.229	0.298
-800..-300	2 -300	yahva	yahva	61	0	61	inf	inf
-800..-300	2 -300	mahApArSva	mahāpārśva	63	0	63	inf	inf
-800..-300	2 -300	mAtariSvan	mātariśvan	57	2	55	28.500	4.833
-800..-300	2 -300	mAruti	māruti	56	0	56	inf	inf
-800..-300	2 -300	lavaRa	lavaṇa	62	19	43	3.263	1.706
-800..-300	2 -300	durlaBa	durlabha	53	1	52	53.000	5.728
-800..-300	2 -300	devatAti	devatāti	63	0	63	inf	inf
-800..-300	2 -300	jawA	jaṭā	59	8	51	7.375	2.883
-800..-300	2 -300	jaWara	jaṭhara	63	1	62	63.000	5.977
-800..-300	2 -300	sruc	sruc	61	4	57	15.250	3.931
-800..-300	2 -300	svaDAvat	svadhāvat	58	0	58	inf	inf
-800..-300	2 -300	gavAkza	gavākṣa	61	0	61	inf	inf
-800..-300	2 -300	kriyA	kriyā	54	4	50	13.500	3.755
-800..-300	2 -300	viSpati	viśpati	61	1	60	61.000	5.931
-800..-300	2 -300	vIqu	vīḍu	56	0	56	inf	inf
-800..-300	2 -300	puNKa	puṅkha	61	0	61	inf	inf
-800..-300	2 -300	pft	pṛt	64	0	64	inf	inf
-800..-300	2 -300	darSin	darśin	51	1	50	51.000	5.672
-800..-300	2 -300	pfSni	pṛśni	62	1	61	62.000	5.954
-800..-300	2 -300	prAkfta	prākṛta	55	2	53	27.500	4.781
-800..-300	2 -300	fj	ṛj	57	0	57	inf	inf
-800..-300	2 -300	garj	garj	54	0	54	inf	inf
-800..-300	2 -300	ativft	ativṛt	54	2	52	27.000	4.755
-800..-300	2 -300	anuSAs	anuśās	54	13	41	4.154	2.054
-800..-300	2 -300	sAntvay	sāntvay	54	0	54	inf	inf
-800..-300	2 -300	avatf	avatṛ	56	0	56	inf	inf
-800..-300	2 -300	lakzay	lakṣay	51	0	51	inf	inf
-800..-300	2 -300	udvij	udvij	55	0	55	inf	inf
-800..-300	2 -300	nirBid	nirbhid	60	9	51	6.667	2.737
-800..-300	2 -300	viBaj	vibhaj	58	13	45	4.462	2.158
-800..-300	2 -300	vI	vī	61	15	46	4.067	2.024
-800..-300	2 -300	samAviS	samāviś	59	0	59	inf	inf
-800..-300	2 -300	vizvaYc	viṣvañc	58	5	53	11.600	3.536
-800..-300	2 -300	candra	candra	61	32	29	1.906	0.931
-800..-300	2 -300	ran	ran	57	0	57	inf	inf
-800..-300	2 -300	pA	pā	59	59	0	1.000	0.000
-800..-300	2 -300	DA	dhā	59	132	-73	0.447	-1.162
-800..-300	2 -300	kUwa	kūṭa	61	2	59	30.500	4.931
-800..-300	2 -300	agraja	agraja	54	0	54	inf	inf
-800..-300	2 -300	atikAya	atikāya	51	0	51	inf	inf
-800..-300	2 -300	kavaca	kavaca	59	0	59	inf	inf
-800..-300	2 -300	pakva	pakva	60	8	52	7.500	2.907
-800..-300	2 -300	sapti	sapti	56	0	56	inf	inf
-800..-300	2 -300	aBaya	abhaya	59	21	38	2.810	1.490
-800..-300	2 -300	Bfgu	bhṛgu	60	2	58	30.000	4.907
-800..-300	2 -300	aBizecana	abhiṣecana	52	0	52	inf	inf
-800..-300	2 -300	amBas	ambhas	52	2	50	26.000	4.700
-800..-300	2 -300	ezin	eṣin	47	1	46	47.000	5.555
-800..-300	2 -300	vAraRa	vāraṇa	56	0	56	inf	inf
-800..-300	2 -300	viGna	vighna	61	0	61	inf	inf
-800..-300	2 -300	BAzita	bhāṣita	54	0	54	inf	inf
-800..-300	2 -300	cAraRa	cāraṇa	57	1	56	57.000	5.833
-800..-300	2 -300	avasyu	avasyu	59	0	59	inf	inf
-800..-300	2 -300	varAha	varāha	56	7	49	8.000	3.000
-800..-300	2 -300	rAkzasa	rākṣasa	56	3	53	18.667	4.222
-800..-300	2 -300	rukma	rukma	57	4	53	14.250	3.833
-800..-300	2 -300	mahina	mahina	57	0	57	inf	inf
-800..-300	2 -300	mAlin	mālin	52	1	51	52.000	5.700
-800..-300	2 -300	durADarza	durādharṣa	60	0	60	inf	inf
-800..-300	2 -300	durjaya	durjaya	48	0	48	inf	inf
-800..-300	2 -300	drapsa	drapsa	47	3	44	15.667	3.970
-800..-300	2 -300	pAtra	pātra	56	48	8	1.167	0.222
-800..-300	2 -300	pAjas	pājas	57	1	56	57.000	5.833
-800..-300	2 -300	suvrata	suvrata	50	0	50	inf	inf
-800..-300	2 -300	savya	savya	57	46	11	1.239	0.309
-800..-300	2 -300	harzaRa	harṣaṇa	59	1	58	59.000	5.883
-800..-300	2 -300	hotra	hotra	60	1	59	60.000	5.907
-800..-300	2 -300	sraj	sraj	51	21	30	2.429	1.280
-800..-300	2 -300	svaBAva	svabhāva	56	5	51	11.200	3.485
-800..-300	2 -300	Suka	śuka	58	3	55	19.333	4.273
-800..-300	2 -300	gamBIra	gambhīra	56	0	56	inf	inf
-800..-300	2 -300	SiprA	śiprā	60	0	60	inf	inf
-800..-300	2 -300	SAlin	śālin	56	0	56	inf	inf
-800..-300	2 -300	musala	musala	58	2	56	29.000	4.858
-800..-300	2 -300	mfdu	mṛdu	58	2	56	29.000	4.858
-800..-300	2 -300	pramARa	pramāṇa	54	4	50	13.500	3.755
-800..-300	2 -300	prARin	prāṇin	58	4	54	14.500	3.858
-800..-300	2 -300	aS	aś	55	111	-56	0.495	-1.013
-800..-300	2 -300	iz	iṣ	58	67	-9	0.866	-0.208
-800..-300	2 -300	cal	cal	56	1	55	56.000	5.807
-800..-300	2 -300	yojay	yojay	52	5	47	10.400	3.379
-800..-300	2 -300	aBiBU	abhibhū	60	4	56	15.000	3.907
-800..-300	2 -300	avagam	avagam	55	1	54	55.000	5.781
-800..-300	2 -300	daSasy	daśasy	52	0	52	inf	inf
-800..-300	2 -300	vikfz	vikṛṣ	55	2	53	27.500	4.781
-800..-300	2 -300	vikf	vikṛ	57	6	51	9.500	3.248
-800..-300	2 -300	vistf	vistṛ	57	0	57	inf	inf
-800..-300	2 -300	saMdiS	saṁdiś	50	0	50	inf	inf
-800..-300	2 -300	Svan	śvan	51	18	33	2.833	1.503
-800..-300	2 -300	muktA	muktā	55	1	54	55.000	5.781
-800..-300	2 -300	johav	johav	52	0	52	inf	inf
-800..-300	2 -300	tan	tan	56	8	48	7.000	2.807
-800..-300	2 -300	sA	sā	62	3	59	20.667	4.369
-800..-300	2 -300	aGa	agha	51	11	40	4.636	2.213
-800..-300	2 -300	sAdana	sādana	46	2	44	23.000	4.524
-800..-300	2 -300	kiMnara	kiṁnara	56	0	56	inf	inf
-800..-300	2 -300	BUman	bhūman	45	7	38	6.429	2.684
-800..-300	2 -300	manuja	manuja	56	0	56	inf	inf
-800..-300	2 -300	fzwi	ṛṣṭi	53	2	51	26.500	4.728
-800..-300	2 -300	ESvarya	aiśvarya	55	3	52	18.333	4.196
-800..-300	2 -300	DAtf	dhātṛ	56	15	41	3.733	1.900
-800..-300	2 -300	viMSati	viṁśati	51	9	42	5.667	2.503
-800..-300	2 -300	CAyA	chāyā	55	12	43	4.583	2.196
-800..-300	2 -300	hUti	hūti	53	1	52	53.000	5.728
-800..-300	2 -300	AcArya	ācārya	42	90	-48	0.467	-1.100
-800..-300	2 -300	Ayuta	āyuta	49	0	49	inf	inf
-800..-300	2 -300	izwi	iṣṭi	53	5	48	10.600	3.406
-800..-300	2 -300	vaDU	vadhū	51	18	33	2.833	1.503
-800..-300	2 -300	vartani	vartani	55	3	52	18.333	4.196
-800..-300	2 -300	jYAna	jñāna	56	15	41	3.733	1.900
-800..-300	2 -300	dvijAti	dvijāti	50	4	46	12.500	3.644
-800..-300	2 -300	pAyu	pāyu	57	3	54	19.000	4.248
-800..-300	2 -300	tantu	tantu	52	7	45	7.429	2.893
-800..-300	2 -300	tarasvin	tarasvin	50	0	50	inf	inf
-800..-300	2 -300	sUnftA	sūnṛtā	54	1	53	54.000	5.755
-800..-300	2 -300	tvarita	tvarita	55	0	55	inf	inf
-800..-300	2 -300	hantf	hantṛ	57	2	55	28.500	4.833
-800..-300	2 -300	SIrza	śīrṣa	57	1	56	57.000	5.833
-800..-300	2 -300	gavya	gavya	55	1	54	55.000	5.781
-800..-300	2 -300	pradiv	pradiv	59	0	59	inf	inf
-800..-300	2 -300	brahmarzi	brahmarṣi	53	1	52	53.000	5.728
-800..-300	2 -300	prasravaRa	prasravaṇa	52	0	52	inf	inf
-800..-300	2 -300	anuyA	anuyā	53	0	53	inf	inf
-800..-300	2 -300	anuvft	anuvṛt	51	0	51	inf	inf
-800..-300	2 -300	hA	hā	51	43	8	1.186	0.246
-800..-300	2 -300	Akram	ākram	55	11	44	5.000	2.322
-800..-300	2 -300	utpAway	utpāṭay	57	0	57	inf	inf
-800..-300	2 -300	nyas	nyas	55	0	55	inf	inf
-800..-300	2 -300	pariSram	pariśram	56	0	56	inf	inf
-800..-300	2 -300	viji	viji	51	5	46	10.200	3.350
-800..-300	2 -300	DUmrAkza	dhūmrākṣa	50	0	50	inf	inf
-800..-300	2 -300	rej	rej	57	0	57	inf	inf
-800..-300	2 -300	inv	inv	50	0	50	inf	inf
-800..-300	2 -300	aja	aja	50	29	21	1.724	0.786
-800..-300	2 -300	anDa	andha	57	20	37	2.850	1.511
-800..-300	2 -300	kubja	kubja	55	0	55	inf	inf
-800..-300	2 -300	arati	arati	57	0	57	inf	inf
-800..-300	2 -300	nid	nid	51	0	51	inf	inf
-800..-300	2 -300	maDu	madhu	55	91	-36	0.604	-0.726
-800..-300	2 -300	oka	oka	53	0	53	inf	inf
-800..-300	2 -300	Sreyas	śreyas	52	19	33	2.737	1.453
-800..-300	2 -300	naya	naya	53	0	53	inf	inf
-800..-300	2 -300	Bakza	bhakṣa	53	17	36	3.118	1.640
-800..-300	2 -300	BAs	bhās	57	9	48	6.333	2.663
-800..-300	2 -300	utsa	utsa	53	1	52	53.000	5.728
-800..-300	2 -300	avyaya	avyaya	48	7	41	6.857	2.778
-800..-300	2 -300	aSvya	aśvya	52	1	51	52.000	5.700
-800..-300	2 -300	asita	asita	52	2	50	26.000	4.700
-800..-300	2 -300	ASIviza	āśīviṣa	53	0	53	inf	inf
-800..-300	2 -300	izira	iṣira	57	2	55	28.500	4.833
-800..-300	2 -300	ISa	īśa	54	13	41	4.154	2.054
-800..-300	2 -300	raGu	raghu	54	0	54	inf	inf
-800..-300	2 -300	raRva	raṇva	55	0	55	inf	inf
-800..-300	2 -300	yajizWa	yajiṣṭha	55	0	55	inf	inf
-800..-300	2 -300	vasuMDarA	vasuṁdharā	46	0	46	inf	inf
-800..-300	2 -300	roman	roman	56	2	54	28.000	4.807
-800..-300	2 -300	pavana	pavana	56	0	56	inf	inf
-800..-300	2 -300	gulma	gulma	56	0	56	inf	inf
-800..-300	2 -300	kOSika	kauśika	50	9	41	5.556	2.474
-800..-300	2 -300	pratIka	pratīka	54	5	49	10.800	3.433
-800..-300	2 -300	praBAta	prabhāta	42	1	41	42.000	5.392
-800..-300	2 -300	vegavat	vegavat	49	0	49	inf	inf
-800..-300	2 -300	peSas	peśas	52	1	51	52.000	5.700
-800..-300	2 -300	aj	aj	51	0	51	inf	inf
-800..-300	2 -300	tuj	tuj	55	0	55	inf	inf
-800..-300	2 -300	pac	pac	57	5	52	11.400	3.511
-800..-300	2 -300	anuraYj	anurañj	52	0	52	inf	inf
-800..-300	2 -300	vAS	vāś	53	1	52	53.000	5.728
-800..-300	2 -300	apahf	apahṛ	50	6	44	8.333	3.059
-800..-300	2 -300	aByanujYA	abhyanujñā	55	0	55	inf	inf
-800..-300	2 -300	utpad	utpad	54	5	49	10.800	3.433
-800..-300	2 -300	udDf	uddhṛ	47	15	32	3.133	1.648
-800..-300	2 -300	niviS	niviś	52	1	51	52.000	5.700
-800..-300	2 -300	pramad	pramad	52	5	47	10.400	3.379
-800..-300	2 -300	vici	vici	51	2	49	25.500	4.672
-800..-300	2 -300	samADA	samādhā	54	11	43	4.909	2.295
-800..-300	2 -300	vidvas	vidvas	54	103	-49	0.524	-0.932
-800..-300	2 -300	parizkf	pariṣkṛ	49	8	41	6.125	2.615
-800..-300	2 -300	prA	prā	48	2	46	24.000	4.585
-800..-300	2 -300	spArha	spārha	57	0	57	inf	inf
-800..-300	2 -300	kanaka	kanaka	52	0	52	inf	inf
-800..-300	2 -300	kabanDa	kabandha	49	2	47	24.500	4.615
-800..-300	2 -300	kuSika	kuśika	55	0	55	inf	inf
-800..-300	2 -300	acintya	acintya	50	1	49	50.000	5.644
-800..-300	2 -300	satpati	satpati	47	0	47	inf	inf
-800..-300	2 -300	patAkA	patākā	51	0	51	inf	inf
-800..-300	2 -300	satvan	satvan	54	0	54	inf	inf
-800..-300	2 -300	samAgama	samāgama	44	0	44	inf	inf
-800..-300	2 -300	manTarA	mantharā	50	0	50	inf	inf
-800..-300	2 -300	nala	nala	52	2	50	26.000	4.700
-800..-300	2 -300	navati	navati	56	0	56	inf	inf
-800..-300	2 -300	Bakti	bhakti	54	1	53	54.000	5.755
-800..-300	2 -300	BAsvara	bhāsvara	50	1	49	50.000	5.644
-800..-300	2 -300	caya	caya	55	0	55	inf	inf
-800..-300	2 -300	udara	udara	54	14	40	3.857	1.948
-800..-300	2 -300	aSvameDa	aśvamedha	52	12	40	4.333	2.115
-800..-300	2 -300	ASir	āśir	49	1	48	49.000	5.615
-800..-300	2 -300	vartis	vartis	53	0	53	inf	inf
-800..-300	2 -300	mAnava	mānava	53	3	50	17.667	4.143
-800..-300	2 -300	rUpin	rūpin	44	3	41	14.667	3.874
-800..-300	2 -300	tomara	tomara	52	0	52	inf	inf
-800..-300	2 -300	toyada	toyada	40	0	40	inf	inf
-800..-300	2 -300	jIva	jīva	51	27	24	1.889	0.918
-800..-300	2 -300	Danada	dhanada	51	0	51	inf	inf
-800..-300	2 -300	tAla	tāla	54	1	53	54.000	5.755
-800..-300	2 -300	sUkzma	sūkṣma	51	9	42	5.667	2.503
-800..-300	2 -300	sparSa	sparśa	53	17	36	3.118	1.640
-800..-300	2 -300	sarayU	sarayū	55	0	55	inf	inf
-800..-300	2 -300	homa	homa	51	61	-10	0.836	-0.258
-800..-300	2 -300	vESya	vaiśya	46	49	-3	0.939	-0.091
-800..-300	2 -300	viDAna	vidhāna	53	2	51	26.500	4.728
-800..-300	2 -300	SuB	śubh	55	0	55	inf	inf
-800..-300	2 -300	Sukla	śukla	52	30	22	1.733	0.794
-800..-300	2 -300	SUrpaRaKA	śūrpaṇakhā	41	0	41	inf	inf
-800..-300	2 -300	Suzmin	śuṣmin	48	2	46	24.000	4.585
-800..-300	2 -300	SarvarI	śarvarī	46	0	46	inf	inf
-800..-300	2 -300	kzuD	kṣudh	54	3	51	18.000	4.170
-800..-300	2 -300	mfqIka	mṛḍīka	48	1	47	48.000	5.585
-800..-300	2 -300	puruzwuta	puruṣṭuta	51	0	51	inf	inf
-800..-300	2 -300	budDimat	buddhimat	51	1	50	51.000	5.672
-800..-300	2 -300	buDna	budhna	54	4	50	13.500	3.755
-800..-300	2 -300	praRIti	praṇīti	50	0	50	inf	inf
-800..-300	2 -300	aDizWA	adhiṣṭhā	48	15	33	3.200	1.678
-800..-300	2 -300	nud	nud	51	6	45	8.500	3.087
-800..-300	2 -300	DI	dhī	51	14	37	3.643	1.865
-800..-300	2 -300	aBipad	abhipad	47	5	42	9.400	3.233
-800..-300	2 -300	sUday	sūday	50	0	50	inf	inf
-800..-300	2 -300	AdiS	ādiś	47	11	36	4.273	2.095
-800..-300	2 -300	uddiS	uddiś	54	0	54	inf	inf
-800..-300	2 -300	udDan	uddhan	50	8	42	6.250	2.644
-800..-300	2 -300	nikft	nikṛt	44	2	42	22.000	4.459
-800..-300	2 -300	nigrah	nigrah	49	0	49	inf	inf
-800..-300	2 -300	pratizWA	pratiṣṭhā	45	171	-126	0.263	-1.926
-800..-300	2 -300	samAyuj	samāyuj	55	0	55	inf	inf
-800..-300	2 -300	janitf	janitṛ	50	4	46	12.500	3.644
-800..-300	2 -300	hary	hary	50	0	50	inf	inf
-800..-300	2 -300	yaSas	yaśas	54	75	-21	0.720	-0.474
-800..-300	2 -300	kusuma	kusuma	47	0	47	inf	inf
-800..-300	2 -300	kfSa	kṛśa	51	3	48	17.000	4.087
-800..-300	2 -300	anuvrata	anuvrata	44	4	40	11.000	3.459
-800..-300	2 -300	nirfti	nirṛti	52	11	41	4.727	2.241
-800..-300	2 -300	nUtana	nūtana	50	0	50	inf	inf
-800..-300	2 -300	ayuta	ayuta	52	0	52	inf	inf
-800..-300	2 -300	manasvin	manasvin	45	0	45	inf	inf
-800..-300	2 -300	manohara	manohara	43	0	43	inf	inf
-800..-300	2 -300	fju	ṛju	49	2	47	24.500	4.615
-800..-300	2 -300	Sruzwi	śruṣṭi	50	0	50	inf	inf
-800..-300	2 -300	DyAna	dhyāna	51	14	37	3.643	1.865
-800..-300	2 -300	vAlmIki	vālmīki	52	0	52	inf	inf
-800..-300	2 -300	avyaya	avyaya	48	7	41	6.857	2.778
-800..-300	2 -300	loman	loman	54	33	21	1.636	0.710
-800..-300	2 -300	vastu	vastu	50	0	50	inf	inf
-800..-300	2 -300	jawAyus	jaṭāyus	47	0	47	inf	inf
-800..-300	2 -300	jImUta	jīmūta	49	0	49	inf	inf
-800..-300	2 -300	tapoDana	tapodhana	44	0	44	inf	inf
-800..-300	2 -300	daMsas	daṁsas	47	0	47	inf	inf
-800..-300	2 -300	sidDArTa	siddhārtha	47	0	47	inf	inf
-800..-300	2 -300	haryaSva	haryaśva	52	0	52	inf	inf
-800..-300	2 -300	harmya	harmya	45	0	45	inf	inf
-800..-300	2 -300	hima	hima	49	1	48	49.000	5.615
-800..-300	2 -300	sAraRa	sāraṇa	43	0	43	inf	inf
-800..-300	2 -300	Sambara	śambara	45	0	45	inf	inf
-800..-300	2 -300	SaraBa	śarabha	49	0	49	inf	inf
-800..-300	2 -300	gOrava	gaurava	49	0	49	inf	inf
-800..-300	2 -300	Suzka	śuṣka	51	9	42	5.667	2.503
-800..-300	2 -300	SyAma	śyāma	50	3	47	16.667	4.059
-800..-300	2 -300	kzA	kṣā	53	0	53	inf	inf
-800..-300	2 -300	kzema	kṣema	50	0	50	inf	inf
-800..-300	2 -300	mfD	mṛdh	52	0	52	inf	inf
-800..-300	2 -300	viSeza	viśeṣa	51	4	47	12.750	3.672
-800..-300	2 -300	puzwi	puṣṭi	49	9	40	5.444	2.445
-800..-300	2 -300	divasa	divasa	45	1	44	45.000	5.492
-800..-300	2 -300	kf	kṛ	51	456	-405	0.112	-3.160
-800..-300	2 -300	kfz	kṛṣ	50	4	46	12.500	3.644
-800..-300	2 -300	jap	jap	50	85	-35	0.588	-0.766
-800..-300	2 -300	DvaMs	dhvaṁs	54	0	54	inf	inf
-800..-300	2 -300	Dam	dham	53	3	50	17.667	4.143
-800..-300	2 -300	df	dṛ	48	1	47	48.000	5.585
-800..-300	2 -300	nAday	nāday	42	0	42	inf	inf
-800..-300	2 -300	aBipat	abhipat	48	0	48	inf	inf
-800..-300	2 -300	SuD	śudh	41	26	15	1.577	0.657
-800..-300	2 -300	harzay	harṣay	43	0	43	inf	inf
-800..-300	2 -300	avakf	avakṛ	41	5	36	8.200	3.036
-800..-300	2 -300	ABA	ābhā	44	0	44	inf	inf
-800..-300	2 -300	parikzip	parikṣip	53	0	53	inf	inf
-800..-300	2 -300	paripracC	paripracch	48	0	48	inf	inf
-800..-300	2 -300	visarjay	visarjay	38	0	38	inf	inf
-800..-300	2 -300	vayuna	vayuna	53	2	51	26.500	4.728
-800..-300	2 -300	day	day	49	2	47	24.500	4.615
-800..-300	2 -300	maDumattama	madhumattama	46	1	45	46.000	5.524
-800..-300	2 -300	kakzyA	kakṣyā	52	0	52	inf	inf
-800..-300	2 -300	kfpaRa	kṛpaṇa	51	1	50	51.000	5.672
-800..-300	2 -300	agrya	agrya	51	3	48	17.000	4.087
-800..-300	2 -300	saMcaya	saṁcaya	49	0	49	inf	inf
-800..-300	2 -300	Bft	bhṛt	52	3	49	17.333	4.115
-800..-300	2 -300	nilaya	nilaya	52	0	52	inf	inf
-800..-300	2 -300	samagra	samagra	48	1	47	48.000	5.585
-800..-300	2 -300	nigraha	nigraha	43	1	42	43.000	5.426
-800..-300	2 -300	niDi	nidhi	47	9	38	5.222	2.385
-800..-300	2 -300	mayas	mayas	47	5	42	9.400	3.233
-800..-300	2 -300	saMyoga	saṁyoga	47	11	36	4.273	2.095
-800..-300	2 -300	DErya	dhairya	51	1	50	51.000	5.672
-800..-300	2 -300	Cattra	chattra	49	8	41	6.125	2.615
-800..-300	2 -300	avitf	avitṛ	51	0	51	inf	inf
-800..-300	2 -300	Atura	ātura	42	1	41	42.000	5.392
-800..-300	2 -300	As	ās	48	62	-14	0.774	-0.369
-800..-300	2 -300	Asan	āsan	46	0	46	inf	inf
-800..-300	2 -300	Ahuti	āhuti	49	101	-52	0.485	-1.044
-800..-300	2 -300	yugAnta	yugānta	50	0	50	inf	inf
-800..-300	2 -300	raTya	rathya	52	0	52	inf	inf
-800..-300	2 -300	varizWa	variṣṭha	45	4	41	11.250	3.492
-800..-300	2 -300	ravi	ravi	45	1	44	45.000	5.492
-800..-300	2 -300	varpas	varpas	51	0	51	inf	inf
-800..-300	2 -300	mAtaMga	mātaṁga	49	0	49	inf	inf
-800..-300	2 -300	trAtf	trātṛ	49	1	48	49.000	5.615
-800..-300	2 -300	trAsa	trāsa	51	0	51	inf	inf
-800..-300	2 -300	tridiva	tridiva	49	0	49	inf	inf
-800..-300	2 -300	duzwara	duṣṭara	46	0	46	inf	inf
-800..-300	2 -300	dUra	dūra	49	3	46	16.333	4.030
-800..-300	2 -300	jani	jani	49	6	43	8.167	3.030
-800..-300	2 -300	jAmbUnada	jāmbūnada	49	0	49	inf	inf
-800..-300	2 -300	jAra	jāra	52	1	51	52.000	5.700
-800..-300	2 -300	jvara	jvara	41	1	40	41.000	5.358
-800..-300	2 -300	tvadviDa	tvadvidha	48	0	48	inf	inf
-800..-300	2 -300	sambADa	sambādha	51	1	50	51.000	5.672
-800..-300	2 -300	sarvatAti	sarvatāti	50	0	50	inf	inf
-800..-300	2 -300	sukratu	sukratu	43	0	43	inf	inf
-800..-300	2 -300	sudAs	sudās	49	0	49	inf	inf
-800..-300	2 -300	sumanas	sumanas	48	17	31	2.824	1.497
-800..-300	2 -300	SarDa	śardha	39	1	38	39.000	5.285
-800..-300	2 -300	Scandra	ścandra	51	0	51	inf	inf
-800..-300	2 -300	SradDA	śraddhā	45	35	10	1.286	0.363
-800..-300	2 -300	pradiS	pradiś	49	2	47	24.500	4.615
-800..-300	2 -300	praBava	prabhava	50	4	46	12.500	3.644
-800..-300	2 -300	purARa	purāṇa	45	20	25	2.250	1.170
-800..-300	2 -300	pfkz	pṛkṣ	50	0	50	inf	inf
-800..-300	2 -300	pUrvaja	pūrvaja	47	2	45	23.500	4.555
-800..-300	2 -300	diti	diti	50	1	49	50.000	5.644
-800..-300	2 -300	pravIra	pravīra	48	0	48	inf	inf
-800..-300	2 -300	fD	ṛdh	44	5	39	8.800	3.138
-800..-300	2 -300	vap	vap	50	26	24	1.923	0.943
-800..-300	2 -300	aDiruh	adhiruh	44	3	41	14.667	3.874
-800..-300	2 -300	mantray	mantray	44	2	42	22.000	4.459
-800..-300	2 -300	siD	sidh	50	13	37	3.846	1.943
-800..-300	2 -300	tarpay	tarpay	44	51	-7	0.863	-0.213
-800..-300	2 -300	viz	viṣ	44	1	43	44.000	5.459
-800..-300	2 -300	Bram	bhram	50	1	49	50.000	5.644
-800..-300	2 -300	svar	svar	43	55	-12	0.782	-0.355
-800..-300	2 -300	AjYA	ājñā	51	2	49	25.500	4.672
-800..-300	2 -300	ABf	ābhṛ	46	4	42	11.500	3.524
-800..-300	2 -300	nivartay	nivartay	42	0	42	inf	inf
-800..-300	2 -300	paryAp	paryāp	47	1	46	47.000	5.555
-800..-300	2 -300	praRaS	praṇaś	45	1	44	45.000	5.492
-800..-300	2 -300	pratiBAz	pratibhāṣ	36	0	36	inf	inf
-800..-300	2 -300	pratIkz	pratīkṣ	44	2	42	22.000	4.459
-800..-300	2 -300	pradru	pradru	44	1	43	44.000	5.459
-800..-300	2 -300	pramud	pramud	49	2	47	24.500	4.615
-800..-300	2 -300	vidAray	vidāray	42	1	41	42.000	5.392
-800..-300	2 -300	samprekz	samprekṣ	51	1	50	51.000	5.672
-800..-300	2 -300	dAtf	dātṛ	48	2	46	24.000	4.585
-800..-300	2 -300	akzi	akṣi	48	28	20	1.714	0.778
-800..-300	2 -300	visPAray	visphāray	48	0	48	inf	inf
-800..-300	2 -300	rAhu	rāhu	45	11	34	4.091	2.032
-800..-300	2 -300	virUpAkza	virūpākṣa	48	4	44	12.000	3.585
-800..-300	2 -300	hantama	hantama	49	0	49	inf	inf
-800..-300	2 -300	kaRWa	kaṇṭha	48	4	44	12.000	3.585
-800..-300	2 -300	kandara	kandara	44	0	44	inf	inf
-800..-300	2 -300	aNgada	aṅgada	45	0	45	inf	inf
-800..-300	2 -300	saKI	sakhī	43	4	39	10.750	3.426
-800..-300	2 -300	kAmya	kāmya	46	6	40	7.667	2.939
-800..-300	2 -300	sanAtana	sanātana	43	7	36	6.143	2.619
-800..-300	2 -300	paraSvaDa	paraśvadha	41	0	41	inf	inf
-800..-300	2 -300	nemi	nemi	45	4	41	11.250	3.492
-800..-300	2 -300	nikumBa	nikumbha	42	0	42	inf	inf
-800..-300	2 -300	manoraTa	manoratha	37	0	37	inf	inf
-800..-300	2 -300	manorama	manorama	41	0	41	inf	inf
-800..-300	2 -300	uSij	uśij	46	0	46	inf	inf
-800..-300	2 -300	fjIzin	ṛjīṣin	46	1	45	46.000	5.524
-800..-300	2 -300	etaSa	etaśa	46	0	46	inf	inf
-800..-300	2 -300	SlakzRa	ślakṣṇa	49	2	47	24.500	4.615
-800..-300	2 -300	upama	upama	48	2	46	24.000	4.585
-800..-300	2 -300	upara	upara	49	0	49	inf	inf
-800..-300	2 -300	cAra	cāra	43	20	23	2.150	1.104
-800..-300	2 -300	avasTA	avasthā	41	7	34	5.857	2.550
-800..-300	2 -300	utpala	utpala	48	0	48	inf	inf
-800..-300	2 -300	uddeSa	uddeśa	47	0	47	inf	inf
-800..-300	2 -300	Ajya	ājya	47	163	-116	0.288	-1.794
-800..-300	2 -300	rajanIcara	rajanīcara	39	0	39	inf	inf
-800..-300	2 -300	meDA	medhā	47	23	24	2.043	1.031
-800..-300	2 -300	duzkfta	duṣkṛta	42	10	32	4.200	2.070
-800..-300	2 -300	jantu	jantu	49	3	46	16.333	4.030
-800..-300	2 -300	jAta	jāta	47	4	43	11.750	3.555
-800..-300	2 -300	dvaMdva	dvaṁdva	48	5	43	9.600	3.263
-800..-300	2 -300	taru	taru	48	0	48	inf	inf
-800..-300	2 -300	suraBi	surabhi	50	8	42	6.250	2.644
-800..-300	2 -300	tvarA	tvarā	44	0	44	inf	inf
-800..-300	2 -300	damUnas	damūnas	47	1	46	47.000	5.555
-800..-300	2 -300	suDita	sudhita	48	0	48	inf	inf
-800..-300	2 -300	SaMtama	śaṁtama	46	2	44	23.000	4.524
-800..-300	2 -300	svAgata	svāgata	42	1	41	42.000	5.392
-800..-300	2 -300	SIrzan	śīrṣan	47	6	41	7.833	2.970
-800..-300	2 -300	gOtama	gautama	41	47	-6	0.872	-0.197
-800..-300	2 -300	Suna	śuna	29	0	29	inf	inf
-800..-300	2 -300	gAmin	gāmin	41	1	40	41.000	5.358
-800..-300	2 -300	gaya	gaya	44	3	41	14.667	3.874
-800..-300	2 -300	mudgara	mudgara	46	0	46	inf	inf
-800..-300	2 -300	vfzRya	vṛṣṇya	43	0	43	inf	inf
-800..-300	2 -300	puruspfh	puruspṛh	41	1	40	41.000	5.358
-800..-300	2 -300	prakASa	prakāśa	50	2	48	25.000	4.644
-800..-300	2 -300	Uh	ūh	41	0	41	inf	inf
-800..-300	2 -300	kft	kṛt	46	14	32	3.286	1.716
-800..-300	2 -300	gras	gras	46	0	46	inf	inf
-800..-300	2 -300	DyA	dhyā	46	41	5	1.122	0.166
-800..-300	2 -300	sA	sā	46	3	43	15.333	3.939
-800..-300	2 -300	kAmay	kāmay	45	40	5	1.125	0.170
-800..-300	2 -300	anupaS	anupaś	38	7	31	5.429	2.441
-800..-300	2 -300	vraSc	vraśc	41	7	34	5.857	2.550
-800..-300	2 -300	Sf	śṛ	46	7	39	6.571	2.716
-800..-300	2 -300	aBikram	abhikram	47	2	45	23.500	4.555
-800..-300	2 -300	dih	dih	50	2	48	25.000	4.644
-800..-300	2 -300	aBiDA	abhidhā	45	1	44	45.000	5.492
-800..-300	2 -300	Sram	śram	47	8	39	5.875	2.555
-800..-300	2 -300	BraMS	bhraṁś	46	0	46	inf	inf
-800..-300	2 -300	hiMs	hiṁs	41	20	21	2.050	1.036
-800..-300	2 -300	pratipUjay	pratipūjay	38	0	38	inf	inf
-800..-300	2 -300	pratiBA	pratibhā	35	2	33	17.500	4.129
-800..-300	2 -300	prayuj	prayuj	45	14	31	3.214	1.684
-800..-300	2 -300	viKyA	vikhyā	50	0	50	inf	inf
-800..-300	2 -300	saMskf	saṁskṛ	42	23	19	1.826	0.869
-800..-300	2 -300	samudyam	samudyam	43	0	43	inf	inf
-800..-300	2 -300	namasy	namasy	48	0	48	inf	inf
-800..-300	2 -300	jA	jā	48	4	44	12.000	3.585
-800..-300	2 -300	Srut	śrut	46	0	46	inf	inf
-800..-300	2 -300	aMSa	aṁśa	42	9	33	4.667	2.222
-800..-300	2 -300	pataga	pataga	48	0	48	inf	inf
-800..-300	2 -300	BerI	bherī	44	1	43	44.000	5.459
-800..-300	2 -300	ayukta	ayukta	40	2	38	20.000	4.322
-800..-300	2 -300	nArAyaRa	nārāyaṇa	39	2	37	19.500	4.285
-800..-300	2 -300	nArAca	nārāca	46	0	46	inf	inf
-800..-300	2 -300	urvI	urvī	44	2	42	22.000	4.459
-800..-300	2 -300	arGya	arghya	44	16	28	2.750	1.459
-800..-300	2 -300	udyAna	udyāna	44	0	44	inf	inf
-800..-300	2 -300	AtiTya	ātithya	44	4	40	11.000	3.459
-800..-300	2 -300	asat	asat	45	9	36	5.000	2.322
-800..-300	2 -300	asta	asta	48	19	29	2.526	1.337
-800..-300	2 -300	vayasya	vayasya	46	1	45	46.000	5.524
-800..-300	2 -300	rAjamArga	rājamārga	44	0	44	inf	inf
-800..-300	2 -300	riSAdas	riśādas	44	0	44	inf	inf
-800..-300	2 -300	varman	varman	47	2	45	23.500	4.555
-800..-300	2 -300	vasUyu	vasūyu	45	0	45	inf	inf
-800..-300	2 -300	mAtula	mātula	44	3	41	14.667	3.874
-800..-300	2 -300	mAlyavant	mālyavant	42	0	42	inf	inf
-800..-300	2 -300	reRu	reṇu	43	0	43	inf	inf
-800..-300	2 -300	turaga	turaga	47	0	47	inf	inf
-800..-300	2 -300	triMSat	triṁśat	43	2	41	21.500	4.426
-800..-300	2 -300	Danvin	dhanvin	44	0	44	inf	inf
-800..-300	2 -300	pAMsu	pāṁsu	43	7	36	6.143	2.619
-800..-300	2 -300	sUdana	sūdana	35	0	35	inf	inf
-800..-300	2 -300	sEnya	sainya	48	0	48	inf	inf
-800..-300	2 -300	samBava	sambhava	40	3	37	13.333	3.737
-800..-300	2 -300	suKin	sukhin	39	0	39	inf	inf
-800..-300	2 -300	hAra	hāra	45	1	44	45.000	5.492
-800..-300	2 -300	sAra	sāra	45	0	45	inf	inf
-800..-300	2 -300	sArasa	sārasa	43	0	43	inf	inf
-800..-300	2 -300	SacIpati	śacīpati	45	0	45	inf	inf
-800..-300	2 -300	veza	veṣa	46	2	44	23.000	4.524
-800..-300	2 -300	gIta	gīta	42	7	35	6.000	2.585
-800..-300	2 -300	guRavat	guṇavat	44	3	41	14.667	3.874
-800..-300	2 -300	gaBIra	gabhīra	44	0	44	inf	inf
-800..-300	2 -300	virADa	virādha	44	0	44	inf	inf
-800..-300	2 -300	viSvAyu	viśvāyu	46	0	46	inf	inf
-800..-300	2 -300	vfza	vṛṣa	43	2	41	21.500	4.426
-800..-300	2 -300	purogama	purogama	40	0	40	inf	inf
-800..-300	2 -300	puzkara	puṣkara	45	5	40	9.000	3.170
-800..-300	2 -300	dAman	dāman	46	2	44	23.000	4.524
-800..-300	2 -300	Pulla	phulla	43	0	43	inf	inf
-800..-300	2 -300	kzuB	kṣubh	44	1	43	44.000	5.459
-800..-300	2 -300	boDay	bodhay	44	3	41	14.667	3.874
-800..-300	2 -300	siD	sidh	43	13	30	3.308	1.726
-800..-300	2 -300	sPur	sphur	45	0	45	inf	inf
-800..-300	2 -300	trAsay	trāsay	46	0	46	inf	inf
-800..-300	2 -300	majj	majj	47	3	44	15.667	3.970
-800..-300	2 -300	ASaMs	āśaṁs	46	1	45	46.000	5.524
-800..-300	2 -300	Gftavat	ghṛtavat	44	2	42	22.000	4.459
-800..-300	2 -300	niras	niras	44	11	33	4.000	2.000
-800..-300	2 -300	parituz	parituṣ	36	0	36	inf	inf
-800..-300	2 -300	prajYA	prajñā	41	81	-40	0.506	-0.982
-800..-300	2 -300	prajval	prajval	46	2	44	23.000	4.524
-800..-300	2 -300	saMraB	saṁrabh	45	3	42	15.000	3.907
-800..-300	2 -300	samprahfz	samprahṛṣ	42	0	42	inf	inf
-800..-300	2 -300	niHsvana	niḥsvana	40	0	40	inf	inf
-800..-300	2 -300	vivakz	vivakṣ	25	0	25	inf	inf
-800..-300	2 -300	ranDay	randhay	40	0	40	inf	inf
-800..-300	2 -300	yos	yos	40	1	39	40.000	5.322
-800..-300	2 -300	patay	patay	46	0	46	inf	inf
-800..-300	2 -300	SoSuc	śośuc	44	1	43	44.000	5.459
-800..-300	2 -300	aMSumant	aṁśumant	36	0	36	inf	inf
-800..-300	2 -300	paTya	pathya	43	3	40	14.333	3.841
-800..-300	2 -300	padminI	padminī	41	0	41	inf	inf
-800..-300	2 -300	Boja	bhoja	35	0	35	inf	inf
-800..-300	2 -300	nizkfta	niṣkṛta	40	0	40	inf	inf
-800..-300	2 -300	sampAti	sampāti	40	0	40	inf	inf
-800..-300	2 -300	aBIka	abhīka	38	0	38	inf	inf
-800..-300	2 -300	amoGa	amogha	36	3	33	12.000	3.585
-800..-300	2 -300	nibarhaRa	nibarhaṇa	39	0	39	inf	inf
-800..-300	2 -300	narAntaka	narāntaka	37	0	37	inf	inf
-800..-300	2 -300	narmadA	narmadā	42	0	42	inf	inf
-800..-300	2 -300	upADyAya	upādhyāya	43	1	42	43.000	5.426
-800..-300	2 -300	vAhas	vāhas	41	0	41	inf	inf
-800..-300	2 -300	BAzin	bhāṣin	36	0	36	inf	inf
-800..-300	2 -300	indriya	indriya	43	37	6	1.162	0.217
-800..-300	2 -300	yukta	yukta	46	2	44	23.000	4.524
-800..-300	2 -300	ruc	ruc	40	4	36	10.000	3.322
-800..-300	2 -300	yAvan	yāvan	40	0	40	inf	inf
-800..-300	2 -300	vala	vala	42	0	42	inf	inf
-800..-300	2 -300	vasana	vasana	46	17	29	2.706	1.436
-800..-300	2 -300	jamBa	jambha	45	1	44	45.000	5.492
-800..-300	2 -300	dvAdaSan	dvādaśan	37	44	-7	0.841	-0.250
-800..-300	2 -300	jrayas	jrayas	45	0	45	inf	inf
-800..-300	2 -300	sukfta	sukṛta	42	19	23	2.211	1.144
-800..-300	2 -300	suganDi	sugandhi	46	1	45	46.000	5.524
-800..-300	2 -300	vinaya	vinaya	43	1	42	43.000	5.426
-800..-300	2 -300	gocara	gocara	35	1	34	35.000	5.129
-800..-300	2 -300	gotra	gotra	42	16	26	2.625	1.392
-800..-300	2 -300	SAlA	śālā	45	14	31	3.214	1.684
-800..-300	2 -300	SArada	śārada	40	0	40	inf	inf
-800..-300	2 -300	kzataja	kṣataja	43	0	43	inf	inf
-800..-300	2 -300	mIna	mīna	45	0	45	inf	inf
-800..-300	2 -300	pratyaya	pratyaya	42	1	41	42.000	5.392
-800..-300	2 -300	vihvala	vihvala	37	0	37	inf	inf
-800..-300	2 -300	vedas	vedas	39	1	38	39.000	5.285
-800..-300	2 -300	purUvasu	purūvasu	42	0	42	inf	inf
-800..-300	2 -300	putrI	putrī	45	0	45	inf	inf
-800..-300	2 -300	putraka	putraka	33	0	33	inf	inf
-800..-300	2 -300	brAhma	brāhma	41	5	36	8.200	3.036
-800..-300	2 -300	peya	peya	45	0	45	inf	inf
-800..-300	2 -300	banDa	bandha	44	2	42	22.000	4.459
-800..-300	2 -300	grIvA	grīvā	44	8	36	5.500	2.459
-800..-300	2 -300	vye	vye	40	0	40	inf	inf
-800..-300	2 -300	vfh	vṛh	39	0	39	inf	inf
-800..-300	2 -300	antarDA	antardhā	37	18	19	2.056	1.040
-800..-300	2 -300	anviz	anviṣ	44	12	32	3.667	1.874
-800..-300	2 -300	ucCri	ucchri	39	0	39	inf	inf
-800..-300	2 -300	daB	dabh	43	0	43	inf	inf
-800..-300	2 -300	upalaB	upalabh	36	3	33	12.000	3.585
-800..-300	2 -300	niram	niram	45	1	44	45.000	5.492
-800..-300	2 -300	pare	pare	41	1	40	41.000	5.358
-800..-300	2 -300	praSAs	praśās	40	3	37	13.333	3.737
-800..-300	2 -300	vitras	vitras	45	0	45	inf	inf
-800..-300	2 -300	viDam	vidham	41	0	41	inf	inf
-800..-300	2 -300	vinihan	vinihan	40	0	40	inf	inf
-800..-300	2 -300	vivf	vivṛ	42	6	36	7.000	2.807
-800..-300	2 -300	anantara	anantara	35	7	28	5.000	2.322
-800..-300	2 -300	catuzpada	catuṣpada	40	15	25	2.667	1.415
-800..-300	2 -300	saMSri	saṁśri	38	1	37	38.000	5.248
-800..-300	2 -300	viBAvasu	vibhāvasu	34	0	34	inf	inf
-800..-300	2 -300	aBizecay	abhiṣecay	35	0	35	inf	inf
-800..-300	2 -300	samASvAsay	samāśvāsay	41	0	41	inf	inf
-800..-300	2 -300	rih	rih	43	5	38	8.600	3.104
-800..-300	2 -300	viBAvan	vibhāvan	40	0	40	inf	inf
-800..-300	2 -300	marmfj	marmṛj	39	0	39	inf	inf
-800..-300	2 -300	jf	jṛ	40	12	28	3.333	1.737
-800..-300	2 -300	paty	paty	40	0	40	inf	inf
-800..-300	2 -300	SaSvat	śaśvat	39	5	34	7.800	2.963
-800..-300	2 -300	akampana	akampana	34	0	34	inf	inf
-800..-300	2 -300	kUla	kūla	43	4	39	10.750	3.426
-800..-300	2 -300	kftajYa	kṛtajña	42	0	42	inf	inf
-800..-300	2 -300	ajira	ajira	32	0	32	inf	inf
-800..-300	2 -300	saMskAra	saṁskāra	37	12	25	3.083	1.624
-800..-300	2 -300	anAgas	anāgas	42	0	42	inf	inf
-800..-300	2 -300	paTyA	pathyā	43	1	42	43.000	5.426
-800..-300	2 -300	saBA	sabhā	40	9	31	4.444	2.152
-800..-300	2 -300	parijman	parijman	42	0	42	inf	inf
-800..-300	2 -300	paryAkula	paryākula	44	0	44	inf	inf
-800..-300	2 -300	aBijYAna	abhijñāna	39	0	39	inf	inf
-800..-300	2 -300	kiMkara	kiṁkara	39	0	39	inf	inf
-800..-300	2 -300	ambu	ambu	40	2	38	20.000	4.322
-800..-300	2 -300	nASa	nāśa	43	5	38	8.600	3.104
-800..-300	2 -300	uzwra	uṣṭra	43	5	38	8.600	3.104
-800..-300	2 -300	evaMviDa	evaṁvidha	34	0	34	inf	inf
-800..-300	2 -300	Srotra	śrotra	43	130	-87	0.331	-1.596
-800..-300	2 -300	SvaSura	śvaśura	42	5	37	8.400	3.070
-800..-300	2 -300	nandana	nandana	35	0	35	inf	inf
-800..-300	2 -300	upavAsa	upavāsa	40	4	36	10.000	3.322
-800..-300	2 -300	visaMjYa	visaṁjña	42	0	42	inf	inf
-800..-300	2 -300	vicetas	vicetas	40	0	40	inf	inf
-800..-300	2 -300	BaginI	bhaginī	40	2	38	20.000	4.322
-800..-300	2 -300	BI	bhī	38	12	26	3.167	1.663
-800..-300	2 -300	arvan	arvan	37	1	36	37.000	5.209
-300..200	3200	mahat	mahat	29503	18302	11201	1.612	0.689
-300..200	3200	vac	vac	21518	15073	6445	1.428	0.514
-300..200	3200	rAjan	rājan	19951	12313	7638	1.620	0.696
-300..200	3200	kf	kṛ	19233	13960	5273	1.378	0.462
-300..200	3200	BU	bhū	15002	13062	1940	1.149	0.200
-300..200	3200	dfS	dṛś	13273	8269	5004	1.605	0.683
-300..200	3200	gam	gam	12592	8431	4161	1.494	0.579
-300..200	3200	as	as	13041	9126	3915	1.429	0.515
-300..200	3200	Darma	dharma	11520	8093	3427	1.423	0.509
-300..200	3200	putra	putra	10033	6275	3758	1.599	0.677
-300..200	3200	Sru	śru	8205	5210	2995	1.575	0.655
-300..200	3200	brU	brū	7066	4959	2107	1.425	0.511
-300..200	3200	raTa	ratha	7935	4932	3003	1.609	0.686
-300..200	3200	deva	deva	7999	5175	2824	1.546	0.628
-300..200	3200	loka	loka	8190	4888	3302	1.676	0.745
-300..200	3200	arTa	artha	7675	5489	2186	1.398	0.484
-300..200	3200	Atman	ātman	7309	4930	2379	1.483	0.568
-300..200	3200	bala	bala	6647	4747	1900	1.400	0.486
-300..200	3200	han	han	6460	4693	1767	1.377	0.461
-300..200	3200	karman	karman	6461	4761	1700	1.357	0.440
-300..200	3200	pARqava	pāṇḍava	5747	3473	2274	1.655	0.727
-300..200	3200	Sara	śara	5703	3400	2303	1.677	0.746
-300..200	3200	rAma	rāma	5612	3174	2438	1.768	0.822
-300..200	3200	sTA	sthā	5056	3442	1614	1.469	0.555
-300..200	3200	kAla	kāla	5065	3835	1230	1.321	0.401
-300..200	3200	indra	indra	5167	2977	2190	1.736	0.795
-300..200	3200	nara	nara	4873	3104	1769	1.570	0.651
-300..200	3200	fzi	ṛṣi	4678	2869	1809	1.631	0.705
-300..200	3200	prAp	prāp	4811	2892	1919	1.664	0.734
-300..200	3200	dA	dā	4534	3249	1285	1.396	0.481
-300..200	3200	mahAtman	mahātman	4310	2520	1790	1.710	0.774
-300..200	3200	pitf	pitṛ	4369	2866	1503	1.524	0.608
-300..200	3200	vIra	vīra	4635	2502	2133	1.853	0.889
-300..200	3200	bahu	bahu	4266	2797	1469	1.525	0.609
-300..200	3200	rAja	rāja	4596	2416	2180	1.902	0.928
-300..200	3200	vana	vana	4023	2461	1562	1.635	0.709
-300..200	3200	yuDizWira	yudhiṣṭhira	3293	2271	1022	1.450	0.536
-300..200	3200	sva	sva	4182	2947	1235	1.419	0.505
-300..200	3200	manas	manas	4080	2599	1481	1.570	0.651
-300..200	3200	brAhmaRa	brāhmaṇa	3890	2665	1225	1.460	0.546
-300..200	3200	puruza	puruṣa	4118	2662	1456	1.547	0.629
-300..200	3200	vid	vid	3806	4473	-667	0.851	-0.233
-300..200	3200	kAma	kāma	3961	2705	1256	1.464	0.550
-300..200	3200	raRa	raṇa	3809	2140	1669	1.780	0.832
-300..200	3200	tapas	tapas	3768	2362	1406	1.595	0.674
-300..200	3200	iz	iṣ	3552	2400	1152	1.480	0.566
-300..200	3200	BIzma	bhīṣma	3209	2115	1094	1.517	0.601
-300..200	3200	yudDa	yuddha	3787	2107	1680	1.797	0.846
-300..200	3200	rAkzasa	rākṣasa	3581	2127	1454	1.684	0.752
-300..200	3200	parama	parama	3748	2135	1613	1.756	0.812
-300..200	3200	bAhu	bāhu	3789	2080	1709	1.822	0.865
-300..200	3200	fzaBa	ṛṣabha	3150	2006	1144	1.570	0.651
-300..200	3200	BArata	bhārata	3013	2295	718	1.313	0.393
-300..200	3200	rUpa	rūpa	3627	2450	1177	1.480	0.566
-300..200	3200	pArTa	pārtha	3627	2055	1572	1.765	0.820
-300..200	3200	tejas	tejas	3463	2054	1409	1.686	0.754
-300..200	3200	karRa	karṇa	3403	2148	1255	1.584	0.664
-300..200	3200	man	man	3258	2204	1054	1.478	0.564
-300..200	3200	vAkya	vākya	3596	2056	1540	1.749	0.807
-300..200	3200	Barata	bharata	3535	1888	1647	1.872	0.905
-300..200	3200	BUta	bhūta	3435	2108	1327	1.630	0.704
-300..200	3200	Agam	āgam	2995	2028	967	1.477	0.562
-300..200	3200	uttama	uttama	2997	1984	1013	1.511	0.595
-300..200	3200	vara	vara	3017	2687	330	1.123	0.167
-300..200	3200	jan	jan	3050	2282	768	1.337	0.419
-300..200	3200	Pala	phala	3130	2443	687	1.281	0.358
-300..200	3200	vacana	vacana	3041	1843	1198	1.650	0.722
-300..200	3200	BrAtf	bhrātṛ	3097	1792	1305	1.728	0.789
-300..200	3200	paS	paś	2859	1765	1094	1.620	0.696
-300..200	3200	Bavat	bhavat	2860	1792	1068	1.596	0.674
-300..200	3200	Bagavant	bhagavant	2737	2371	366	1.154	0.207
-300..200	3200	SrezWa	śreṣṭha	3223	1757	1466	1.834	0.875
-300..200	3200	yuj	yuj	3082	2237	845	1.378	0.462
-300..200	3200	droRa	droṇa	2896	1740	1156	1.664	0.735
-300..200	3200	agni	agni	2894	2397	497	1.207	0.272
-300..200	3200	sahasra	sahasra	3085	1947	1138	1.584	0.664
-300..200	3200	kuru	kuru	3036	1672	1364	1.816	0.861
-300..200	3200	nfpa	nṛpa	2746	1708	1038	1.608	0.685
-300..200	3200	brahman	brahman	2853	2413	440	1.182	0.242
-300..200	3200	Baya	bhaya	2827	1814	1013	1.558	0.640
-300..200	3200	arjuna	arjuna	2569	1655	914	1.552	0.634
-300..200	3200	tri	tri	2777	2343	434	1.185	0.245
-300..200	3200	suta	suta	2799	1669	1130	1.677	0.746
-300..200	3200	guRa	guṇa	2763	2251	512	1.227	0.296
-300..200	3200	Sata	śata	2757	2107	650	1.308	0.388
-300..200	3200	muni	muni	2760	1637	1123	1.686	0.754
-300..200	3200	jYA	jñā	2701	1908	793	1.416	0.501
-300..200	3200	yA	yā	2673	1729	944	1.546	0.629
-300..200	3200	budDi	buddhi	2717	1722	995	1.578	0.658
-300..200	3200	priya	priya	2676	1796	880	1.490	0.575
-300..200	3200	duHKa	duḥkha	2724	1780	944	1.530	0.614
-300..200	3200	nihan	nihan	2610	1549	1061	1.685	0.753
-300..200	3200	grah	grah	2564	1660	904	1.545	0.627
-300..200	3200	jana	jana	2543	1564	979	1.626	0.701
-300..200	3200	pati	pati	2503	1539	964	1.626	0.702
-300..200	3200	tva	tva	2692	2478	214	1.086	0.120
-300..200	3200	Gora	ghora	2712	1484	1228	1.827	0.870
-300..200	3200	arh	arh	2048	1504	544	1.362	0.445
-300..200	3200	astra	astra	2417	1493	924	1.619	0.695
-300..200	3200	vacas	vacas	2242	1372	870	1.634	0.709
-300..200	3200	ji	ji	2430	1562	868	1.556	0.638
-300..200	3200	pat	pat	2361	1440	921	1.640	0.713
-300..200	3200	aSva	aśva	2463	1448	1015	1.701	0.766
-300..200	3200	rAjya	rājya	2438	1430	1008	1.705	0.770
-300..200	3200	divya	divya	2395	1521	874	1.575	0.655
-300..200	3200	ah	ah	2372	1769	603	1.341	0.423
-300..200	3200	duryoDana	duryodhana	2095	1315	780	1.593	0.672
-300..200	3200	bARa	bāṇa	2303	1275	1028	1.806	0.853
-300..200	3200	car	car	2219	1553	666	1.429	0.515
-300..200	3200	BIma	bhīma	2220	1925	295	1.153	0.206
-300..200	3200	vft	vṛt	2111	1360	751	1.552	0.634
-300..200	3200	samara	samara	2342	1232	1110	1.901	0.927
-300..200	3200	kruD	krudh	2266	1267	999	1.788	0.839
-300..200	3200	laB	labh	2108	1397	711	1.509	0.594
-300..200	3200	BImasena	bhīmasena	2141	1216	925	1.761	0.816
-300..200	3200	strI	strī	2099	1661	438	1.264	0.338
-300..200	3200	gaRa	gaṇa	2184	1481	703	1.475	0.560
-300..200	3200	kula	kula	2194	1874	320	1.171	0.227
-300..200	3200	kaTay	kathay	1969	1307	662	1.507	0.591
-300..200	3200	varza	varṣa	2253	1412	841	1.596	0.674
-300..200	3200	suKa	sukha	2102	1941	161	1.083	0.115
-300..200	3200	Bagavat	bhagavat	2134	2124	10	1.005	0.007
-300..200	3200	Danus	dhanus	2061	1267	794	1.627	0.702
-300..200	3200	SuBa	śubha	2056	1331	725	1.545	0.627
-300..200	3200	Sakra	śakra	2077	1280	797	1.623	0.698
-300..200	3200	vESampAyana	vaiśampāyana	1231	1190	41	1.034	0.049
-300..200	3200	muc	muc	2056	1274	782	1.614	0.690
-300..200	3200	kfzRa	kṛṣṇa	2098	1545	553	1.358	0.441
-300..200	3200	yajYa	yajña	2089	1332	757	1.568	0.649
-300..200	3200	Soka	śoka	2127	1268	859	1.677	0.746
-300..200	3200	satya	satya	2045	2000	45	1.022	0.032
-300..200	3200	praviS	praviś	1961	1234	727	1.589	0.668
-300..200	3200	SUra	śūra	2098	1169	929	1.795	0.844
-300..200	3200	rAGava	rāghava	1876	1090	786	1.721	0.783
-300..200	3200	pfTivI	pṛthivī	1982	1151	831	1.722	0.784
-300..200	3200	nAga	nāga	2000	1270	730	1.575	0.655
-300..200	3200	saMjaya	saṁjaya	1387	1097	290	1.264	0.338
-300..200	3200	lakzmaRa	lakṣmaṇa	1872	1080	792	1.733	0.794
-300..200	3200	Satru	śatru	2002	1123	879	1.783	0.834
-300..200	3200	vIrya	vīrya	2031	1299	732	1.564	0.645
-300..200	3200	Cid	chid	1918	1250	668	1.534	0.618
-300..200	3200	pArTiva	pārthiva	1774	1160	614	1.529	0.613
-300..200	3200	tAta	tāta	2024	1070	954	1.892	0.920
-300..200	3200	go	go	1882	1391	491	1.353	0.436
-300..200	3200	BUmi	bhūmi	1949	1255	694	1.553	0.635
-300..200	3200	vAc	vāc	1957	1202	755	1.628	0.703
-300..200	3200	sEnya	sainya	1984	1202	782	1.651	0.723
-300..200	3200	vAnara	vānara	1843	1116	727	1.651	0.724
-300..200	3200	paYcan	pañcan	1875	1523	352	1.231	0.300
-300..200	3200	diS	diś	1871	1175	696	1.592	0.671
-300..200	3200	AdA	ādā	1901	1179	722	1.612	0.689
-300..200	3200	rAvaRa	rāvaṇa	1820	1052	768	1.730	0.791
-300..200	3200	sattama	sattama	1627	1035	592	1.572	0.653
-300..200	3200	vipra	vipra	1940	1184	756	1.639	0.712
-300..200	3200	darSana	darśana	1710	1248	462	1.370	0.454
-300..200	3200	hA	hā	1851	1481	370	1.250	0.322
-300..200	3200	vas	vas	1782	1148	634	1.552	0.634
-300..200	3200	puRya	puṇya	1904	1425	479	1.336	0.418
-300..200	3200	dvija	dvija	1735	1151	584	1.507	0.592
-300..200	3200	kroDa	krodha	1874	1123	751	1.669	0.739
-300..200	3200	Siras	śiras	1830	1407	423	1.301	0.379
-300..200	3200	parvata	parvata	1714	1028	686	1.667	0.738
-300..200	3200	jYa	jña	1921	1184	737	1.622	0.698
-300..200	3200	sahita	sahita	1850	1042	808	1.775	0.828
-300..200	3200	gati	gati	1659	1169	490	1.419	0.505
-300..200	3200	pUjay	pūjay	1674	1170	504	1.431	0.517
-300..200	3200	mAtf	mātṛ	1752	1215	537	1.442	0.528
-300..200	3200	sTa	stha	1867	1207	660	1.547	0.629
-300..200	3200	veda	veda	1715	1170	545	1.466	0.552
-300..200	3200	vyaD	vyadh	1773	1147	626	1.546	0.628
-300..200	3200	guru	guru	1712	1694	18	1.011	0.015
-300..200	3200	DftarAzwra	dhṛtarāṣṭra	1542	972	570	1.586	0.666
-300..200	3200	vaDa	vadha	1716	1064	652	1.613	0.690
-300..200	3200	vega	vega	1803	1148	655	1.571	0.651
-300..200	3200	tyaj	tyaj	1661	1003	658	1.656	0.728
-300..200	3200	Sak	śak	1652	964	688	1.714	0.777
-300..200	3200	pracC	pracch	1621	990	631	1.637	0.711
-300..200	3200	Sabda	śabda	1606	1151	455	1.395	0.481
-300..200	3200	kArya	kārya	1671	1139	532	1.467	0.553
-300..200	3200	yuD	yudh	1599	1646	-47	0.971	-0.042
-300..200	3200	indriya	indriya	1477	1267	210	1.166	0.221
-300..200	3200	vrata	vrata	1505	971	534	1.550	0.632
-300..200	3200	DanaMjaya	dhanaṁjaya	1397	884	513	1.580	0.660
-300..200	3200	muKa	mukha	1612	1369	243	1.178	0.236
-300..200	3200	maDya	madhya	1624	1145	479	1.418	0.504
-300..200	3200	ASrama	āśrama	1507	921	586	1.636	0.710
-300..200	3200	daSan	daśan	1508	1241	267	1.215	0.281
-300..200	3200	vid	vid	1554	4473	-2919	0.347	-1.525
-300..200	3200	gfha	gṛha	1507	1051	456	1.434	0.520
-300..200	3200	anta	anta	1630	1121	509	1.454	0.540
-300..200	3200	tA	tā	1566	1617	-51	0.968	-0.046
-300..200	3200	saMSaya	saṁśaya	1278	933	345	1.370	0.454
-300..200	3200	sItA	sītā	1544	854	690	1.808	0.854
-300..200	3200	prajA	prajā	1469	973	496	1.510	0.594
-300..200	3200	viviDa	vividha	1574	1022	552	1.540	0.623
-300..200	3200	Dana	dhana	1526	1028	498	1.484	0.570
-300..200	3200	manuzya	manuṣya	1528	986	542	1.550	0.632
-300..200	3200	vyAGra	vyāghra	1634	870	764	1.878	0.909
-300..200	3200	pitAmaha	pitāmaha	1298	846	452	1.534	0.618
-300..200	3200	haya	haya	1468	874	594	1.680	0.748
-300..200	3200	pARqu	pāṇḍu	1550	1067	483	1.453	0.539
-300..200	3200	upama	upama	1379	934	445	1.476	0.562
-300..200	3200	ganDarva	gandharva	1532	863	669	1.775	0.828
-300..200	3200	deSa	deśa	1509	1119	390	1.349	0.431
-300..200	3200	rakzas	rakṣas	1486	874	612	1.700	0.766
-300..200	3200	prARa	prāṇa	1510	1038	472	1.455	0.541
-300..200	3200	gaja	gaja	1417	881	536	1.608	0.686
-300..200	3200	pAda	pāda	1522	1165	357	1.306	0.386
-300..200	3200	yoga	yoga	1503	1223	280	1.229	0.297
-300..200	3200	kzatriya	kṣatriya	1452	924	528	1.571	0.652
-300..200	3200	hf	hṛ	1383	959	424	1.442	0.528
-300..200	3200	sUrya	sūrya	1463	857	606	1.707	0.772
-300..200	3200	svarga	svarga	1464	837	627	1.749	0.807
-300..200	3200	sADu	sādhu	1408	1018	390	1.383	0.468
-300..200	3200	hari	hari	1412	829	583	1.703	0.768
-300..200	3200	smf	smṛ	1231	1106	125	1.113	0.154
-300..200	3200	giri	giri	1367	795	572	1.719	0.782
-300..200	3200	AsTA	āsthā	1399	818	581	1.710	0.774
-300..200	3200	vikrama	vikrama	1283	786	497	1.632	0.707
-300..200	3200	catur	catur	1346	1202	144	1.120	0.163
-300..200	3200	dAna	dāna	1410	902	508	1.563	0.644
-300..200	3200	ISvara	īśvara	1240	807	433	1.537	0.620
-300..200	3200	tala	tala	1273	861	412	1.479	0.564
-300..200	3200	rakz	rakṣ	1339	876	463	1.529	0.612
-300..200	3200	SrI	śrī	1289	896	393	1.439	0.525
-300..200	3200	BAryA	bhāryā	1382	835	547	1.655	0.727
-300..200	3200	jYAna	jñāna	1357	1055	302	1.286	0.363
-300..200	3200	vara	vara	1330	2687	-1357	0.495	-1.015
-300..200	3200	yama	yama	1347	787	560	1.712	0.775
-300..200	3200	sura	sura	1365	770	595	1.773	0.826
-300..200	3200	asura	asura	1327	803	524	1.653	0.725
-300..200	3200	yaSas	yaśas	1293	779	514	1.660	0.731
-300..200	3200	SarIra	śarīra	1328	1321	7	1.005	0.008
-300..200	3200	varRa	varṇa	1380	1237	143	1.116	0.158
-300..200	3200	prI	prī	1360	783	577	1.737	0.797
-300..200	3200	ratna	ratna	1355	957	398	1.416	0.502
-300..200	3200	hetu	hetu	1341	1104	237	1.215	0.281
-300..200	3200	BAva	bhāva	1345	1071	274	1.256	0.329
-300..200	3200	gadA	gadā	1311	758	553	1.730	0.790
-300..200	3200	mUla	mūla	1370	1323	47	1.036	0.050
-300..200	3200	Dvaja	dhvaja	1313	770	543	1.705	0.770
-300..200	3200	Bartf	bhartṛ	1351	825	526	1.638	0.712
-300..200	3200	pApa	pāpa	1321	1580	-259	0.836	-0.258
-300..200	3200	jIv	jīv	1239	848	391	1.461	0.547
-300..200	3200	sUta	sūta	1229	726	503	1.693	0.759
-300..200	3200	ja	ja	1293	1573	-280	0.822	-0.283
-300..200	3200	senA	senā	1300	718	582	1.811	0.856
-300..200	3200	Sastra	śastra	1313	905	408	1.451	0.537
-300..200	3200	prayA	prayā	1254	718	536	1.747	0.804
-300..200	3200	Adi	ādi	1312	1721	-409	0.762	-0.391
-300..200	3200	vaSa	vaśa	1325	764	561	1.734	0.794
-300..200	3200	Buj	bhuj	1247	1049	198	1.189	0.249
-300..200	3200	vAyu	vāyu	1267	1005	262	1.261	0.334
-300..200	3200	pApa	pāpa	1277	1580	-303	0.808	-0.307
-300..200	3200	siMha	siṁha	1246	743	503	1.677	0.746
-300..200	3200	vad	vad	1177	855	322	1.377	0.461
-300..200	3200	sampad	sampad	1241	957	284	1.297	0.375
-300..200	3200	dah	dah	1225	873	352	1.403	0.489
-300..200	3200	mftyu	mṛtyu	1253	770	483	1.627	0.702
-300..200	3200	Arta	ārta	1270	831	439	1.528	0.612
-300..200	3200	kanyA	kanyā	1273	833	440	1.528	0.612
-300..200	3200	yuD	yudh	1166	1646	-480	0.708	-0.497
-300..200	3200	ram	ram	1169	723	446	1.617	0.693
-300..200	3200	mfga	mṛga	1194	772	422	1.547	0.629
-300..200	3200	avAp	avāp	1068	736	332	1.451	0.537
-300..200	3200	agra	agra	1274	834	440	1.528	0.611
-300..200	3200	jIvita	jīvita	1126	741	385	1.520	0.604
-300..200	3200	hfz	hṛṣ	1226	702	524	1.746	0.804
-300..200	3200	viDA	vidhā	1142	905	237	1.262	0.336
-300..200	3200	satya	satya	1240	2000	-760	0.620	-0.690
-300..200	3200	devI	devī	1231	694	537	1.774	0.827
-300..200	3200	viS	viś	1287	996	291	1.292	0.370
-300..200	3200	Bid	bhid	1167	907	260	1.287	0.364
-300..200	3200	tattva	tattva	1177	744	433	1.582	0.662
-300..200	3200	Bikzu	bhikṣu	1094	798	296	1.371	0.455
-300..200	3200	kOnteya	kaunteya	1246	651	595	1.914	0.937
-300..200	3200	vAsudeva	vāsudeva	1118	663	455	1.686	0.754
-300..200	3200	hasta	hasta	1210	834	376	1.451	0.537
-300..200	3200	Atmaja	ātmaja	1083	651	432	1.664	0.734
-300..200	3200	aNga	aṅga	1228	1211	17	1.014	0.020
-300..200	3200	DImat	dhīmat	1131	681	450	1.661	0.732
-300..200	3200	citra	citra	1205	731	474	1.648	0.721
-300..200	3200	doza	doṣa	1172	1828	-656	0.641	-0.641
-300..200	3200	sAgara	sāgara	1080	658	422	1.641	0.715
-300..200	3200	dIp	dīp	1184	690	494	1.716	0.779
-300..200	3200	prIti	prīti	1184	676	508	1.751	0.809
-300..200	3200	vaD	vadh	1031	642	389	1.606	0.683
-300..200	3200	anyonya	anyonya	1101	687	414	1.603	0.680
-300..200	3200	cintay	cintay	1050	666	384	1.577	0.657
-300..200	3200	div	div	1129	637	492	1.772	0.826
-300..200	3200	sugrIva	sugrīva	1155	624	531	1.851	0.888
-300..200	3200	pravac	pravac	1158	789	369	1.468	0.554
-300..200	3200	mati	mati	1012	673	339	1.504	0.589
-300..200	3200	BU	bhū	1071	13062	-11991	0.082	-3.608
-300..200	3200	Sakti	śakti	1129	710	419	1.590	0.669
-300..200	3200	AsAday	āsāday	1162	665	497	1.747	0.805
-300..200	3200	kAraRa	kāraṇa	1009	813	196	1.241	0.312
-300..200	3200	pravft	pravṛt	994	758	236	1.311	0.391
-300..200	3200	nadI	nadī	1097	719	378	1.526	0.609
-300..200	3200	saMgrAma	saṁgrāma	1166	620	546	1.881	0.911
-300..200	3200	utTA	utthā	982	705	277	1.393	0.478
-300..200	3200	BIma	bhīma	1143	1925	-782	0.594	-0.752
-300..200	3200	pAYcAla	pāñcāla	1091	633	458	1.724	0.785
-300..200	3200	BAz	bhāṣ	963	664	299	1.450	0.536
-300..200	3200	pura	pura	1073	676	397	1.587	0.667
-300..200	3200	mahI	mahī	1069	606	463	1.764	0.819
-300..200	3200	aDipa	adhipa	1009	599	410	1.684	0.752
-300..200	3200	puzpa	puṣpa	1099	832	267	1.321	0.402
-300..200	3200	saMyuga	saṁyuga	932	580	352	1.607	0.684
-300..200	3200	suhfd	suhṛd	1075	615	460	1.748	0.806
-300..200	3200	saptan	saptan	1023	815	208	1.255	0.328
-300..200	3200	nagara	nagara	1081	631	450	1.713	0.777
-300..200	3200	anIka	anīka	1070	605	465	1.769	0.823
-300..200	3200	DArtarAzwra	dhārtarāṣṭra	1077	612	465	1.760	0.815
-300..200	3200	vfdDa	vṛddha	1056	729	327	1.449	0.535
-300..200	3200	Ahava	āhava	919	580	339	1.584	0.664
-300..200	3200	Sakya	śakya	990	609	381	1.626	0.701
-300..200	3200	brahman	brahman	1051	2413	-1362	0.436	-1.199
-300..200	3200	sat	sat	1032	637	395	1.620	0.696
-300..200	3200	vijYA	vijñā	1022	775	247	1.319	0.399
-300..200	3200	jaya	jaya	988	588	400	1.680	0.749
-300..200	3200	jala	jala	1021	768	253	1.329	0.411
-300..200	3200	nipat	nipat	1001	586	415	1.708	0.772
-300..200	3200	viDi	vidhi	1025	940	85	1.090	0.125
-300..200	3200	kOrava	kaurava	964	599	365	1.609	0.686
-300..200	3200	vfkza	vṛkṣa	1021	667	354	1.531	0.614
-300..200	3200	tap	tap	1020	604	416	1.689	0.756
-300..200	3200	praBA	prabhā	930	685	245	1.358	0.441
-300..200	3200	samaya	samaya	936	630	306	1.486	0.571
-300..200	3200	kzaya	kṣaya	953	989	-36	0.964	-0.053
-300..200	3200	nAman	nāman	987	673	314	1.467	0.552
-300..200	3200	prasAda	prasāda	1002	633	369	1.583	0.663
-300..200	3200	pradA	pradā	998	595	403	1.677	0.746
-300..200	3200	dAnava	dānava	958	554	404	1.729	0.790
-300..200	3200	sAtyaki	sātyaki	900	540	360	1.667	0.737
-300..200	3200	anna	anna	961	1071	-110	0.897	-0.156
-300..200	3200	daRqa	daṇḍa	1002	926	76	1.082	0.114
-300..200	3200	pARi	pāṇi	961	681	280	1.411	0.497
-300..200	3200	maya	maya	1017	754	263	1.349	0.432
-300..200	3200	jagant	jagant	960	578	382	1.661	0.732
-300..200	3200	prAjYa	prājña	1025	578	447	1.773	0.826
-300..200	3200	kAya	kāya	1022	696	326	1.468	0.554
-300..200	3200	yoDa	yodha	989	534	455	1.852	0.889
-300..200	3200	DAray	dhāray	942	694	248	1.357	0.441
-300..200	3200	vajra	vajra	977	569	408	1.717	0.780
-300..200	3200	utsfj	utsṛj	966	573	393	1.686	0.753
-300..200	3200	izvAsa	iṣvāsa	1045	533	512	1.961	0.971
-300..200	3200	sattva	sattva	972	1471	-499	0.661	-0.598
-300..200	3200	Aditya	āditya	956	568	388	1.683	0.751
-300..200	3200	DarmarAja	dharmarāja	981	528	453	1.858	0.894
-300..200	3200	dvi	dvi	927	1125	-198	0.824	-0.279
-300..200	3200	saMGa	saṁgha	993	592	401	1.677	0.746
-300..200	3200	sfj	sṛj	942	622	320	1.514	0.599
-300..200	3200	ugra	ugra	971	605	366	1.605	0.683
-300..200	3200	mArga	mārga	990	686	304	1.443	0.529
-300..200	3200	balavat	balavat	989	621	368	1.593	0.671
-300..200	3200	samudra	samudra	955	571	384	1.673	0.742
-300..200	3200	antara	antara	877	968	-91	0.906	-0.142
-300..200	3200	SAstra	śāstra	972	679	293	1.432	0.518
-300..200	3200	nivft	nivṛt	853	580	273	1.471	0.556
-300..200	3200	nandana	nandana	841	615	226	1.367	0.452
-300..200	3200	tIrTa	tīrtha	950	565	385	1.681	0.750
-300..200	3200	paraspara	paraspara	844	568	276	1.486	0.571
-300..200	3200	praBu	prabhu	830	1000	-170	0.830	-0.269
-300..200	3200	upe	upe	947	675	272	1.403	0.488
-300..200	3200	sTAna	sthāna	966	804	162	1.201	0.265
-300..200	3200	pratigrah	pratigrah	841	535	306	1.572	0.653
-300..200	3200	dAruRa	dāruṇa	864	618	246	1.398	0.483
-300..200	3200	SI	śī	921	564	357	1.633	0.708
-300..200	3200	citta	citta	954	817	137	1.168	0.224
-300..200	3200	hita	hita	959	1608	-649	0.596	-0.746
-300..200	3200	Suci	śuci	920	637	283	1.444	0.530
-300..200	3200	saMkruD	saṁkrudh	972	506	466	1.921	0.942
-300..200	3200	upasTA	upasthā	814	529	285	1.539	0.622
-300..200	3200	vIryavat	vīryavat	828	500	328	1.656	0.728
-300..200	3200	aDarma	adharma	859	573	286	1.499	0.584
-300..200	3200	kuntI	kuntī	923	542	381	1.703	0.768
-300..200	3200	SEla	śaila	921	533	388	1.728	0.789
-300..200	3200	parAkrama	parākrama	809	509	300	1.589	0.668
-300..200	3200	Asana	āsana	903	618	285	1.461	0.547
-300..200	3200	deha	deha	922	747	175	1.234	0.304
-300..200	3200	keSava	keśava	837	503	334	1.664	0.735
-300..200	3200	banD	bandh	873	647	226	1.349	0.432
-300..200	3200	vf	vṛ	819	817	2	1.002	0.004
-300..200	3200	samAgam	samāgam	839	491	348	1.709	0.773
-300..200	3200	hanumant	hanumant	893	492	401	1.815	0.860
-300..200	3200	mitra	mitra	906	600	306	1.510	0.595
-300..200	3200	sadfSa	sadṛśa	900	555	345	1.622	0.697
-300..200	3200	Dfzwadyumna	dhṛṣṭadyumna	837	487	350	1.719	0.781
-300..200	3200	devatA	devatā	823	564	259	1.459	0.545
-300..200	3200	pada	pada	882	583	299	1.513	0.597
-300..200	3200	pAvaka	pāvaka	808	500	308	1.616	0.692
-300..200	3200	hfdaya	hṛdaya	895	635	260	1.409	0.495
-300..200	3200	vid	vid	802	4473	-3671	0.179	-2.480
-300..200	3200	mantra	mantra	903	621	282	1.454	0.540
-300..200	3200	meGa	megha	908	514	394	1.767	0.821
-300..200	3200	nI	nī	893	521	372	1.714	0.777
-300..200	3200	niSA	niśā	916	673	243	1.361	0.445
-300..200	3200	tIkzRa	tīkṣṇa	921	715	206	1.288	0.365
-300..200	3200	nfpati	nṛpati	899	506	393	1.777	0.829
-300..200	3200	yaj	yaj	847	510	337	1.661	0.732
-300..200	3200	moha	moha	902	592	310	1.524	0.608
-300..200	3200	ganDa	gandha	894	738	156	1.211	0.277
-300..200	3200	cakzus	cakṣus	831	592	239	1.404	0.489
-300..200	3200	SrImat	śrīmat	918	487	431	1.885	0.915
-300..200	3200	SArdUla	śārdūla	924	483	441	1.913	0.936
-300..200	3200	balin	balin	823	517	306	1.592	0.671
-300..200	3200	BI	bhī	862	571	291	1.510	0.594
-300..200	3200	oGa	ogha	896	500	396	1.792	0.842
-300..200	3200	lakzaRa	lakṣaṇa	782	921	-139	0.849	-0.236
-300..200	3200	vizaya	viṣaya	848	557	291	1.522	0.606
-300..200	3200	budDa	buddha	844	726	118	1.163	0.217
-300..200	3200	niyam	niyam	875	575	300	1.522	0.606
-300..200	3200	nArada	nārada	758	478	280	1.586	0.665
-300..200	3200	SIla	śīla	879	590	289	1.490	0.575
-300..200	3200	muhUrta	muhūrta	796	498	298	1.598	0.677
-300..200	3200	yakza	yakṣa	859	526	333	1.633	0.708
-300..200	3200	vimuc	vimuc	787	532	255	1.479	0.565
-300..200	3200	AyuDa	āyudha	821	486	335	1.689	0.756
-300..200	3200	kapi	kapi	798	474	324	1.684	0.752
-300..200	3200	praBu	prabhu	707	1000	-293	0.707	-0.500
-300..200	3200	vizRu	viṣṇu	828	487	341	1.700	0.766
-300..200	3200	pAtay	pātay	776	474	302	1.637	0.711
-300..200	3200	mahABAga	mahābhāga	862	462	400	1.866	0.900
-300..200	3200	hita	hita	810	1608	-798	0.504	-0.989
-300..200	3200	Buja	bhuja	822	471	351	1.745	0.803
-300..200	3200	AviS	āviś	770	495	275	1.556	0.637
-300..200	3200	muKya	mukhya	866	497	369	1.742	0.801
-300..200	3200	kfpa	kṛpa	802	451	351	1.778	0.830
-300..200	3200	As	ās	831	495	336	1.679	0.747
-300..200	3200	dakziRa	dakṣiṇa	796	543	253	1.466	0.552
-300..200	3200	paraMtapa	paraṁtapa	681	445	236	1.530	0.614
-300..200	3200	anvita	anvita	765	587	178	1.303	0.382
-300..200	3200	candra	candra	820	500	320	1.640	0.714
-300..200	3200	aBigam	abhigam	748	458	290	1.633	0.708
-300..200	3200	AKyA	ākhyā	765	598	167	1.279	0.355
-300..200	3200	mUrDan	mūrdhan	765	523	242	1.463	0.549
-300..200	3200	tulya	tulya	822	572	250	1.437	0.523
-300..200	3200	vidura	vidura	759	467	292	1.625	0.701
-300..200	3200	nitya	nitya	794	563	231	1.410	0.496
-300..200	3200	cetas	cetas	737	480	257	1.535	0.619
-300..200	3200	gaNgA	gaṅgā	802	511	291	1.569	0.650
-300..200	3200	ariMdama	ariṁdama	665	439	226	1.515	0.599
-300..200	3200	vAsa	vāsa	828	480	348	1.725	0.787
-300..200	3200	mAtra	mātra	840	601	239	1.398	0.483
-300..200	3200	drORi	drauṇi	804	436	368	1.844	0.883
-300..200	3200	kumAra	kumāra	789	627	162	1.258	0.332
-300..200	3200	AkASa	ākāśa	804	498	306	1.614	0.691
-300..200	3200	saBA	sabhā	789	456	333	1.730	0.791
-300..200	3200	druma	druma	721	466	255	1.547	0.630
-300..200	3200	sAyaka	sāyaka	740	429	311	1.725	0.787
-300..200	3200	anaGa	anagha	666	438	228	1.521	0.605
-300..200	3200	Suc	śuc	748	490	258	1.527	0.610
-300..200	3200	amAtya	amātya	778	489	289	1.591	0.670
-300..200	3200	tvar	tvar	785	439	346	1.788	0.838
-300..200	3200	alpa	alpa	747	883	-136	0.846	-0.241
-300..200	3200	ASri	āśri	737	514	223	1.434	0.520
-300..200	3200	cakra	cakra	794	494	300	1.607	0.685
-300..200	3200	tamas	tamas	758	549	209	1.381	0.465
-300..200	3200	Salya	śalya	721	636	85	1.134	0.181
-300..200	3200	pA	pā	754	1207	-453	0.625	-0.679
-300..200	3200	aBidru	abhidru	749	426	323	1.758	0.814
-300..200	3200	sAraTi	sārathi	745	424	321	1.757	0.813
-300..200	3200	ari	ari	766	456	310	1.680	0.748
-300..200	3200	zaz	ṣaṣ	768	729	39	1.053	0.075
-300..200	3200	yuga	yuga	768	516	252	1.488	0.574
-300..200	3200	narADipa	narādhipa	673	423	250	1.591	0.670
-300..200	3200	gOtama	gautama	730	457	273	1.597	0.676
-300..200	3200	samprAp	samprāp	781	426	355	1.833	0.874
-300..200	3200	udyam	udyam	712	432	280	1.648	0.721
-300..200	3200	vidvas	vidvas	785	470	315	1.670	0.740
-300..200	3200	parivAray	parivāray	642	416	226	1.543	0.626
-300..200	3200	vidyA	vidyā	759	555	204	1.368	0.452
-300..200	3200	kzatra	kṣatra	767	459	308	1.671	0.741
-300..200	3200	jval	jval	740	430	310	1.721	0.783
-300..200	3200	visfj	visṛj	744	436	308	1.706	0.771
-300..200	3200	puMgava	puṁgava	666	407	259	1.636	0.710
-300..200	3200	adButa	adbhuta	687	568	119	1.210	0.274
-300..200	3200	prativac	prativac	775	411	364	1.886	0.915
-300..200	3200	kuSala	kuśala	780	801	-21	0.974	-0.038
-300..200	3200	Dara	dhara	762	441	321	1.728	0.789
-300..200	3200	prayam	prayam	724	482	242	1.502	0.587
-300..200	3200	dIrGa	dīrgha	730	518	212	1.409	0.495
-300..200	3200	samBU	sambhū	715	486	229	1.471	0.557
-300..200	3200	niScaya	niścaya	655	430	225	1.523	0.607
-300..200	3200	vAsava	vāsava	654	425	229	1.539	0.622
-300..200	3200	ap	ap	725	580	145	1.250	0.322
-300..200	3200	Ayuzmat	āyuṣmat	613	651	-38	0.942	-0.087
-300..200	3200	pIqay	pīḍay	657	525	132	1.251	0.324
-300..200	3200	amita	amita	780	414	366	1.884	0.914
-300..200	3200	BaYj	bhañj	724	452	272	1.602	0.680
-300..200	3200	uttara	uttara	709	773	-64	0.917	-0.125
-300..200	3200	rAtri	rātri	707	529	178	1.336	0.418
-300..200	3200	muh	muh	726	436	290	1.665	0.736
-300..200	3200	kftsna	kṛtsna	759	459	300	1.654	0.726
-300..200	3200	Arya	ārya	696	547	149	1.272	0.348
-300..200	3200	ojas	ojas	661	463	198	1.428	0.514
-300..200	3200	sev	sev	673	539	134	1.249	0.320
-300..200	3200	same	same	683	415	268	1.646	0.719
-300..200	3200	harza	harṣa	736	472	264	1.559	0.641
-300..200	3200	darSay	darśay	684	423	261	1.617	0.693
-300..200	3200	dfQa	dṛḍha	740	449	291	1.648	0.721
-300..200	3200	kzip	kṣip	704	437	267	1.611	0.688
-300..200	3200	mf	mṛ	675	505	170	1.337	0.419
-300..200	3200	mAyA	māyā	694	491	203	1.413	0.499
-300..200	3200	SA	śā	697	388	309	1.796	0.845
-300..200	3200	vAray	vāray	642	410	232	1.566	0.647
-300..200	3200	yaSasvin	yaśasvin	662	404	258	1.639	0.712
-300..200	3200	saMKya	saṁkhya	756	389	367	1.943	0.959
-300..200	3200	dIna	dīna	742	414	328	1.792	0.842
-300..200	3200	vEdehI	vaidehī	742	390	352	1.903	0.928
-300..200	3200	heman	heman	717	408	309	1.757	0.813
-300..200	3200	saMkASa	saṁkāśa	761	395	366	1.927	0.946
-300..200	3200	Avf	āvṛ	665	463	202	1.436	0.522
-300..200	3200	upapad	upapad	634	555	79	1.142	0.192
-300..200	3200	paTin	pathin	702	424	278	1.656	0.727
-300..200	3200	mAMsa	māṁsa	725	985	-260	0.736	-0.442
-300..200	3200	mAnava	mānava	639	494	145	1.294	0.371
-300..200	3200	vftti	vṛtti	727	494	233	1.472	0.557
-300..200	3200	prakfti	prakṛti	667	670	-3	0.996	-0.006
-300..200	3200	coday	coday	629	403	226	1.561	0.642
-300..200	3200	kaTA	kathā	686	439	247	1.563	0.644
-300..200	3200	vfD	vṛdh	663	479	184	1.384	0.469
-300..200	3200	padma	padma	692	508	184	1.362	0.446
-300..200	3200	AnI	ānī	663	410	253	1.617	0.693
-300..200	3200	jAla	jāla	734	422	312	1.739	0.799
-300..200	3200	vipula	vipula	730	458	272	1.594	0.673
-300..200	3200			0	0	0	inf	inf
-300..200	3200	vAdin	vādin	628	417	211	1.506	0.591
-300..200	3200	prAh	prāh	733	397	336	1.846	0.885
-300..200	3200	Ap	āp	639	445	194	1.436	0.522
-300..200	3200	sidDi	siddhi	688	506	182	1.360	0.443
-300..200	3200	naS	naś	663	452	211	1.467	0.553
-300..200	3200	parvan	parvan	630	494	136	1.275	0.351
-300..200	3200	apsaras	apsaras	674	395	279	1.706	0.771
-300..200	3200	matsya	matsya	699	488	211	1.432	0.518
-300..200	3200	viBu	vibhu	594	383	211	1.551	0.633
-300..200	3200	maRi	maṇi	697	468	229	1.489	0.575
-300..200	3200	vijaya	vijaya	692	410	282	1.688	0.755
-300..200	3200	SaraRa	śaraṇa	698	409	289	1.707	0.771
-300..200	3200	samAsAday	samāsāday	688	370	318	1.859	0.895
-300..200	3200	mahIpati	mahīpati	602	378	224	1.593	0.671
-300..200	3200	kfzRA	kṛṣṇā	688	417	271	1.650	0.722
-300..200	3200	buD	budh	645	445	200	1.449	0.535
-300..200	3200	ruDira	rudhira	687	447	240	1.537	0.620
-300..200	3200	drOpadI	draupadī	635	380	255	1.671	0.741
-300..200	3200	janArdana	janārdana	588	371	217	1.585	0.664
-300..200	3200	vftta	vṛtta	691	520	171	1.329	0.410
-300..200	3200	gAtra	gātra	704	551	153	1.278	0.354
-300..200	3200	dyuti	dyuti	594	369	225	1.610	0.687
-300..200	3200	kAray	kāray	605	589	16	1.027	0.039
-300..200	3200	soma	soma	679	462	217	1.470	0.556
-300..200	3200	svana	svana	627	394	233	1.591	0.670
-300..200	3200	arday	arday	605	407	198	1.486	0.572
-300..200	3200	vAsas	vāsas	642	448	194	1.433	0.519
-300..200	3200	vasizWa	vasiṣṭha	636	399	237	1.594	0.673
-300..200	3200	vah	vah	646	389	257	1.661	0.732
-300..200	3200	aBivAday	abhivāday	591	385	206	1.535	0.618
-300..200	3200	sattva	sattva	664	1471	-807	0.451	-1.148
-300..200	3200	dvAra	dvāra	666	438	228	1.521	0.605
-300..200	3200	rAzwra	rāṣṭra	683	433	250	1.577	0.658
-300..200	3200	mokza	mokṣa	679	414	265	1.640	0.714
-300..200	3200	boDisattva	bodhisattva	680	1089	-409	0.624	-0.679
-300..200	3200	puraskf	puraskṛ	665	368	297	1.807	0.854
-300..200	3200	raTin	rathin	626	392	234	1.597	0.675
-300..200	3200	nad	nad	593	355	238	1.670	0.740
-300..200	3200	prekz	prekṣ	651	383	268	1.700	0.765
-300..200	3200	ramya	ramya	685	369	316	1.856	0.892
-300..200	3200	vaMSa	vaṁśa	678	414	264	1.638	0.712
-300..200	3200	Sakuni	śakuni	630	365	265	1.726	0.787
-300..200	3200	prasad	prasad	623	421	202	1.480	0.565
-300..200	3200	SAsana	śāsana	593	387	206	1.532	0.616
-300..200	3200	kriyA	kriyā	619	716	-97	0.865	-0.210
-300..200	3200	pratipad	pratipad	557	418	139	1.333	0.414
-300..200	3200	dAra	dāra	660	412	248	1.602	0.680
-300..200	3200	bAnDava	bāndhava	603	396	207	1.523	0.607
-300..200	3200	garBa	garbha	665	690	-25	0.964	-0.053
-300..200	3200	Aruh	āruh	642	370	272	1.735	0.795
-300..200	3200	sanAtana	sanātana	532	379	153	1.404	0.489
-300..200	3200	AcArya	ācārya	628	419	209	1.499	0.584
-300..200	3200	rasa	rasa	658	1496	-838	0.440	-1.185
-300..200	3200	sahadeva	sahadeva	630	353	277	1.785	0.836
-300..200	3200	udaka	udaka	628	710	-82	0.885	-0.177
-300..200	3200	vAta	vāta	659	1408	-749	0.468	-1.095
-300..200	3200	laNkA	laṅkā	658	347	311	1.896	0.923
-300..200	3200	pakza	pakṣa	648	463	185	1.400	0.485
-300..200	3200	aBihan	abhihan	630	408	222	1.544	0.627
-300..200	3200	upasaMkram	upasaṁkram	450	405	45	1.111	0.152
-300..200	3200	prahas	prahas	594	353	241	1.683	0.751
-300..200	3200	jyezWa	jyeṣṭha	636	412	224	1.544	0.626
-300..200	3200	yat	yat	635	1574	-939	0.403	-1.310
-300..200	3200	saMyuj	saṁyuj	668	442	226	1.511	0.596
-300..200	3200	niveday	niveday	561	373	188	1.504	0.589
-300..200	3200	vyAsa	vyāsa	577	387	190	1.491	0.576
-300..200	3200	i	i	586	407	179	1.440	0.526
-300..200	3200	prahfz	prahṛṣ	605	353	252	1.714	0.777
-300..200	3200	suvarRa	suvarṇa	610	447	163	1.365	0.449
-300..200	3200	sneha	sneha	650	986	-336	0.659	-0.601
-300..200	3200	han	han	569	4693	-4124	0.121	-3.044
-300..200	3200	sahas	sahas	657	381	276	1.724	0.786
-300..200	3200	anugam	anugam	604	393	211	1.537	0.620
-300..200	3200	Acakz	ācakṣ	631	411	220	1.535	0.619
-300..200	3200	cApa	cāpa	651	346	305	1.882	0.912
-300..200	3200	antarDA	antardhā	516	499	17	1.034	0.048
-300..200	3200	rudra	rudra	607	377	230	1.610	0.687
-300..200	3200	vAjin	vājin	611	363	248	1.683	0.751
-300..200	3200	janman	janman	631	431	200	1.464	0.550
-300..200	3200	kara	kara	644	1176	-532	0.548	-0.869
-300..200	3200	locana	locana	565	351	214	1.610	0.687
-300..200	3200	SoRita	śoṇita	607	681	-74	0.891	-0.166
-300..200	3200	araRya	araṇya	641	370	271	1.732	0.793
-300..200	3200	utpad	utpad	613	462	151	1.327	0.408
-300..200	3200	duHKita	duḥkhita	544	349	195	1.559	0.640
-300..200	3200	drupada	drupada	598	363	235	1.647	0.720
-300..200	3200	Sizya	śiṣya	608	400	208	1.520	0.604
-300..200	3200	svap	svap	604	415	189	1.455	0.541
-300..200	3200	patnI	patnī	633	366	267	1.730	0.790
-300..200	3200	nakula	nakula	569	361	208	1.576	0.656
-300..200	3200	AyA	āyā	612	357	255	1.714	0.778
-300..200	3200	prezay	preṣay	609	344	265	1.770	0.824
-300..200	3200	mADava	mādhava	565	336	229	1.682	0.750
-300..200	3200	upagam	upagam	504	361	143	1.396	0.481
-300..200	3200	nAda	nāda	636	340	296	1.871	0.903
-300..200	3200	jYAti	jñāti	584	369	215	1.583	0.662
-300..200	3200	SiKaRqin	śikhaṇḍin	545	341	204	1.598	0.676
-300..200	3200	pAlay	pālay	545	343	202	1.589	0.668
-300..200	3200	nArAyaRa	nārāyaṇa	577	369	208	1.564	0.645
-300..200	3200	vfkodara	vṛkodara	540	335	205	1.612	0.689
-300..200	3200	praSaMs	praśaṁs	580	510	70	1.137	0.186
-300..200	3200	Sreyas	śreyas	612	534	78	1.146	0.197
-300..200	3200	viji	viji	589	343	246	1.717	0.780
-300..200	3200	amitra	amitra	620	346	274	1.792	0.841
-300..200	3200	viSvAmitra	viśvāmitra	570	346	224	1.647	0.720
-300..200	3200	avasTA	avasthā	507	592	-85	0.856	-0.224
-300..200	3200	vinASa	vināśa	615	369	246	1.667	0.737
-300..200	3200	vicar	vicar	590	340	250	1.735	0.795
-300..200	3200	loBa	lobha	596	382	214	1.560	0.642
-300..200	3200	aDigam	adhigam	541	385	156	1.405	0.491
-300..200	3200	azwan	aṣṭan	556	547	9	1.016	0.024
-300..200	3200	rajas	rajas	588	439	149	1.339	0.422
-300..200	3200	vfzRi	vṛṣṇi	598	344	254	1.738	0.798
-300..200	3200	viSeza	viśeṣa	598	715	-117	0.836	-0.258
-300..200	3200	saMvf	saṁvṛ	564	364	200	1.549	0.632
-300..200	3200	upAya	upāya	569	416	153	1.368	0.452
-300..200	3200	gfhapati	gṛhapati	598	362	236	1.652	0.724
-300..200	3200	mAsa	māsa	595	555	40	1.072	0.100
-300..200	3200	kOravya	kauravya	614	327	287	1.878	0.909
-300..200	3200	snA	snā	593	390	203	1.521	0.605
-300..200	3200	pakzin	pakṣin	584	367	217	1.591	0.670
-300..200	3200	parAyaRa	parāyaṇa	497	326	171	1.525	0.608
-300..200	3200	rud	rud	574	341	233	1.683	0.751
-300..200	3200	amfta	amṛta	565	439	126	1.287	0.364
-300..200	3200	mAnuza	mānuṣa	569	633	-64	0.899	-0.154
-300..200	3200	kara	kara	584	1176	-592	0.497	-1.010
-300..200	3200	nimitta	nimitta	553	569	-16	0.972	-0.041
-300..200	3200	aneka	aneka	545	409	136	1.333	0.414
-300..200	3200	ahar	ahar	538	485	53	1.109	0.150
-300..200	3200	ambara	ambara	522	338	184	1.544	0.627
-300..200	3200	pratApavat	pratāpavat	552	314	238	1.758	0.814
-300..200	3200	duHSAsana	duḥśāsana	526	315	211	1.670	0.740
-300..200	3200	nizad	niṣad	521	346	175	1.506	0.591
-300..200	3200	vicitra	vicitra	580	337	243	1.721	0.783
-300..200	3200	vastra	vastra	583	418	165	1.395	0.480
-300..200	3200	mAriza	māriṣa	520	309	211	1.683	0.751
-300..200	3200	sUtaputra	sūtaputra	580	312	268	1.859	0.895
-300..200	3200	AraB	ārabh	498	368	130	1.353	0.436
-300..200	3200	madra	madra	563	318	245	1.770	0.824
-300..200	3200	izu	iṣu	552	323	229	1.709	0.773
-300..200	3200	yatna	yatna	576	351	225	1.641	0.715
-300..200	3200	yoni	yoni	567	521	46	1.088	0.122
-300..200	3200	virAwa	virāṭa	538	315	223	1.708	0.772
-300..200	3200	arTin	arthin	559	369	190	1.515	0.599
-300..200	3200	dEva	daiva	547	463	84	1.181	0.241
-300..200	3200	pf	pṛ	560	367	193	1.526	0.610
-300..200	3200	mad	mad	568	24586	-24018	0.023	-5.436
-300..200	3200	sidDa	siddha	573	353	220	1.623	0.699
-300..200	3200	SaNKa	śaṅkha	549	512	37	1.072	0.101
-300..200	3200	atikram	atikram	525	350	175	1.500	0.585
-300..200	3200	Apad	āpad	566	705	-139	0.803	-0.317
-300..200	3200	anuttama	anuttama	479	315	164	1.521	0.605
-300..200	3200	Ayus	āyus	567	570	-3	0.995	-0.008
-300..200	3200	vyasana	vyasana	563	332	231	1.696	0.762
-300..200	3200	viS	viś	560	996	-436	0.562	-0.831
-300..200	3200	IdfSa	īdṛśa	481	313	168	1.537	0.620
-300..200	3200	prajYA	prajñā	555	521	34	1.065	0.091
-300..200	3200	saMjYA	saṁjñā	571	589	-18	0.969	-0.045
-300..200	3200	prajApati	prajāpati	491	336	155	1.461	0.547
-300..200	3200	SuB	śubh	538	306	232	1.758	0.814
-300..200	3200	upAs	upās	516	351	165	1.470	0.556
-300..200	3200	kavaca	kavaca	565	306	259	1.846	0.885
-300..200	3200	Kaqga	khaḍga	578	315	263	1.835	0.876
-300..200	3200	ripu	ripu	531	319	212	1.665	0.735
-300..200	3200	pannaga	pannaga	502	310	192	1.619	0.695
-300..200	3200	kuYjara	kuñjara	480	311	169	1.543	0.626
-300..200	3200	Badra	bhadra	578	588	-10	0.983	-0.025
-300..200	3200	janamejaya	janamejaya	418	303	115	1.380	0.464
-300..200	3200	tuz	tuṣ	540	313	227	1.725	0.787
-300..200	3200	Apat	āpat	405	301	104	1.346	0.428
-300..200	3200	akza	akṣa	587	728	-141	0.806	-0.311
-300..200	3200	tAvaka	tāvaka	533	297	236	1.795	0.844
-300..200	3200	SASvata	śāśvata	505	332	173	1.521	0.605
-300..200	3200	cyu	cyu	511	341	170	1.499	0.584
-300..200	3200	janay	janay	545	471	74	1.157	0.211
-300..200	3200	AhAra	āhāra	566	662	-96	0.855	-0.226
-300..200	3200	bAla	bāla	539	714	-175	0.755	-0.406
-300..200	3200	hu	hu	543	350	193	1.551	0.634
-300..200	3200	vf	vṛ	506	817	-311	0.619	-0.691
-300..200	3200	mud	mud	528	487	41	1.084	0.117
-300..200	3200	ABaraRa	ābharaṇa	550	315	235	1.746	0.804
-300..200	3200	spfS	spṛś	531	394	137	1.348	0.431
-300..200	3200	Sayana	śayana	560	362	198	1.547	0.629
-300..200	3200	SUdra	śūdra	523	432	91	1.211	0.276
-300..200	3200	BA	bhā	548	320	228	1.712	0.776
-300..200	3200	dvipa	dvipa	472	299	173	1.579	0.659
-300..200	3200	kIrti	kīrti	542	305	237	1.777	0.829
-300..200	3200	viSru	viśru	478	294	184	1.626	0.701
-300..200	3200	tumula	tumula	536	327	209	1.639	0.713
-300..200	3200	avekz	avekṣ	482	368	114	1.310	0.389
-300..200	3200	Ahan	āhan	540	298	242	1.812	0.858
-300..200	3200	purI	purī	510	293	217	1.741	0.800
-300..200	3200	dakziRA	dakṣiṇā	499	315	184	1.584	0.664
-300..200	3200	Palguna	phalguna	491	288	203	1.705	0.770
-300..200	3200	amara	amara	495	360	135	1.375	0.459
-300..200	3200	satkf	satkṛ	494	328	166	1.506	0.591
-300..200	3200	kuRqala	kuṇḍala	503	291	212	1.729	0.790
-300..200	3200	sutA	sutā	515	297	218	1.734	0.794
-300..200	3200	BArata	bhārata	444	2295	-1851	0.193	-2.370
-300..200	3200	pragrah	pragrah	508	285	223	1.782	0.834
-300..200	3200	kArmuka	kārmuka	489	287	202	1.704	0.769
-300..200	3200	mAnuza	mānuṣa	479	633	-154	0.757	-0.402
-300..200	3200	anujYA	anujñā	482	323	159	1.492	0.577
-300..200	3200	narendra	narendra	513	290	223	1.769	0.823
-300..200	3200	vEra	vaira	524	299	225	1.753	0.809
-300..200	3200	vimAna	vimāna	511	309	202	1.654	0.726
-300..200	3200	bfhaspati	bṛhaspati	465	290	175	1.603	0.681
-300..200	3200	vraj	vraj	455	343	112	1.327	0.408
-300..200	3200	pratizWA	pratiṣṭhā	435	369	66	1.179	0.237
-300..200	3200	antika	antika	483	296	187	1.632	0.706
-300..200	3200	sOmya	saumya	521	327	194	1.593	0.672
-300..200	3200	Df	dhṛ	504	294	210	1.714	0.778
-300..200	3200	Amantray	āmantray	520	282	238	1.844	0.883
-300..200	3200	vihf	vihṛ	512	300	212	1.707	0.771
-300..200	3200	arha	arha	532	304	228	1.750	0.807
-300..200	3200	kAYcana	kāñcana	506	524	-18	0.966	-0.050
-300..200	3200	asi	asi	506	280	226	1.807	0.854
-300..200	3200	samAhita	samāhita	442	320	122	1.381	0.466
-300..200	3200	manda	manda	521	428	93	1.217	0.284
-300..200	3200	tapasvin	tapasvin	468	295	173	1.586	0.666
-300..200	3200	kalyARa	kalyāṇa	514	367	147	1.401	0.486
-300..200	3200	rOdra	raudra	521	294	227	1.772	0.825
-300..200	3200	dEtya	daitya	522	283	239	1.845	0.883
-300..200	3200	hastin	hastin	494	353	141	1.399	0.485
-300..200	3200	Seza	śeṣa	511	527	-16	0.970	-0.044
-300..200	3200	kratu	kratu	481	283	198	1.700	0.765
-300..200	3200	nibuD	nibudh	448	331	117	1.353	0.437
-300..200	3200	parityaj	parityaj	499	296	203	1.686	0.753
-300..200	3200	Ananda	ānanda	502	386	116	1.301	0.379
-300..200	3200	sarpa	sarpa	510	380	130	1.342	0.424
-300..200	3200	pOra	paura	504	298	206	1.691	0.758
-300..200	3200	pravara	pravara	526	302	224	1.742	0.801
-300..200	3200	SfNga	śṛṅga	517	313	204	1.652	0.724
-300..200	3200	da	da	512	325	187	1.575	0.656
-300..200	3200	SilA	śilā	508	300	208	1.693	0.760
-300..200	3200	pUjA	pūjā	510	353	157	1.445	0.531
-300..200	3200	nArI	nārī	513	348	165	1.474	0.560
-300..200	3200	yAna	yāna	510	374	136	1.364	0.447
-300..200	3200	mAna	māna	514	398	116	1.291	0.369
-300..200	3200	nirji	nirji	472	280	192	1.686	0.753
-300..200	3200	maRqala	maṇḍala	474	349	125	1.358	0.442
-300..200	3200	mada	mada	517	387	130	1.336	0.418
-300..200	3200	Bavana	bhavana	512	284	228	1.803	0.850
-300..200	3200	anuprAp	anuprāp	458	284	174	1.613	0.689
-300..200	3200	parivf	parivṛ	480	389	91	1.234	0.303
-300..200	3200	maDura	madhura	512	811	-299	0.631	-0.664
-300..200	3200	kAkutsTa	kākutstha	522	265	257	1.970	0.978
-300..200	3200	sOmitri	saumitri	504	267	237	1.888	0.917
-300..200	3200	SApa	śāpa	499	289	210	1.727	0.788
-300..200	3200	veSman	veśman	491	310	181	1.584	0.663
-300..200	3200	bAla	bāla	488	714	-226	0.683	-0.549
-300..200	3200	mAlya	mālya	513	332	181	1.545	0.628
-300..200	3200	duhitf	duhitṛ	494	470	24	1.051	0.072
-300..200	3200	dvAdaSan	dvādaśan	485	379	106	1.280	0.356
-300..200	3200	dviz	dviṣ	498	372	126	1.339	0.421
-300..200	3200	samIpa	samīpa	491	282	209	1.741	0.800
-300..200	3200	manyu	manyu	470	273	197	1.722	0.784
-300..200	3200	dEvata	daivata	461	295	166	1.563	0.644
-300..200	3200	Goza	ghoṣa	511	287	224	1.780	0.832
-300..200	3200	suKa	sukha	494	1941	-1447	0.255	-1.974
-300..200	3200	mantrin	mantrin	455	302	153	1.507	0.591
-300..200	3200	netra	netra	495	412	83	1.201	0.265
-300..200	3200	varuRa	varuṇa	480	288	192	1.667	0.737
-300..200	3200	dizwi	diṣṭi	393	298	95	1.319	0.399
-300..200	3200	kzaRa	kṣaṇa	447	290	157	1.541	0.624
-300..200	3200	Acar	ācar	444	366	78	1.213	0.279
-300..200	3200	Ahf	āhṛ	464	340	124	1.365	0.449
-300..200	3200	salila	salila	483	322	161	1.500	0.585
-300..200	3200	vinaS	vinaś	418	308	110	1.357	0.441
-300..200	3200	vasu	vasu	466	407	59	1.145	0.195
-300..200	3200	ga	ga	464	347	117	1.337	0.419
-300..200	3200	pfzWa	pṛṣṭha	494	352	142	1.403	0.489
-300..200	3200	kft	kṛt	468	486	-18	0.963	-0.054
-300..200	3200	rAjarzi	rājarṣi	478	266	212	1.797	0.846
-300..200	3200	durAtman	durātman	441	261	180	1.690	0.757
-300..200	3200	tapoDana	tapodhana	425	263	162	1.616	0.692
-300..200	3200	SUla	śūla	466	610	-144	0.764	-0.388
-300..200	3200	alaMkf	alaṁkṛ	439	270	169	1.626	0.701
-300..200	3200	Anana	ānana	444	293	151	1.515	0.600
-300..200	3200	bAzpa	bāṣpa	467	277	190	1.686	0.754
-300..200	3200	praRam	praṇam	464	265	199	1.751	0.808
-300..200	3200	Bojana	bhojana	451	423	28	1.066	0.092
-300..200	3200	uraga	uraga	439	266	173	1.650	0.723
-300..200	3200	roza	roṣa	458	264	194	1.735	0.795
-300..200	3200	Bf	bhṛ	467	300	167	1.557	0.638
-300..200	3200	Sama	śama	456	288	168	1.583	0.663
-300..200	3200	kopa	kopa	478	325	153	1.471	0.557
-300..200	3200	pArSva	pārśva	474	418	56	1.134	0.181
-300..200	3200	viBIzaRa	vibhīṣaṇa	401	275	126	1.458	0.544
-300..200	3200	praBAva	prabhāva	467	334	133	1.398	0.484
-300..200	3200	camU	camū	455	259	196	1.757	0.813
-300..200	3200	vyavasTA	vyavasthā	387	292	95	1.325	0.406
-300..200	3200	agrya	agrya	474	292	182	1.623	0.699
-300..200	3200	antaka	antaka	420	282	138	1.489	0.575
-300..200	3200	AkAra	ākāra	489	307	182	1.593	0.672
-300..200	3200	yAc	yāc	448	272	176	1.647	0.720
-300..200	3200	Ayam	āyam	480	310	170	1.548	0.631
-300..200	3200	antarikza	antarikṣa	430	260	170	1.654	0.726
-300..200	3200	pattra	pattra	486	458	28	1.061	0.086
-300..200	3200	IkzaRa	īkṣaṇa	425	269	156	1.580	0.660
-300..200	3200	jAti	jāti	457	361	96	1.266	0.340
-300..200	3200	dvitIya	dvitīya	453	337	116	1.344	0.427
-300..200	3200	prAYjali	prāñjali	474	253	221	1.874	0.906
-300..200	3200	Baj	bhaj	448	335	113	1.337	0.419
-300..200	3200	AhvA	āhvā	441	270	171	1.633	0.708
-300..200	3200	viSArada	viśārada	401	268	133	1.496	0.581
-300..200	3200	utsah	utsah	393	254	139	1.547	0.630
-300..200	3200	Balla	bhalla	456	251	205	1.817	0.861
-300..200	3200	atI	atī	449	306	143	1.467	0.553
-300..200	3200	Sam	śam	466	314	152	1.484	0.570
-300..200	3200	Bakzay	bhakṣay	439	344	95	1.276	0.352
-300..200	3200	nf	nṛ	446	380	66	1.174	0.231
-300..200	3200	Bft	bhṛt	482	262	220	1.840	0.879
-300..200	3200	Boga	bhoga	478	315	163	1.517	0.602
-300..200	3200	SIGra	śīghra	475	291	184	1.632	0.707
-300..200	3200	vyaT	vyath	458	260	198	1.762	0.817
-300..200	3200	aDika	adhika	440	400	40	1.100	0.138
-300..200	3200	ABa	ābha	490	331	159	1.480	0.566
-300..200	3200	durDarza	durdharṣa	482	256	226	1.883	0.913
-300..200	3200	paSu	paśu	448	346	102	1.295	0.373
-300..200	3200	pramARa	pramāṇa	428	462	-34	0.926	-0.110
-300..200	3200	daSaraTa	daśaratha	460	248	212	1.855	0.891
-300..200	3200	saMniBa	saṁnibha	408	276	132	1.478	0.564
-300..200	3200	vAlin	vālin	456	250	206	1.824	0.867
-300..200	3200	vistara	vistara	441	315	126	1.400	0.485
-300..200	3200	BUzay	bhūṣay	430	258	172	1.667	0.737
-300..200	3200	niSAmay	niśāmay	451	255	196	1.769	0.823
-300..200	3200	ezin	eṣin	377	258	119	1.461	0.547
-300..200	3200	sfYjaya	sṛñjaya	436	244	192	1.787	0.837
-300..200	3200	puMs	puṁs	445	319	126	1.395	0.480
-300..200	3200	divasa	divasa	431	329	102	1.310	0.390
-300..200	3200	niveSana	niveśana	382	248	134	1.540	0.623
-300..200	3200	krUra	krūra	468	281	187	1.665	0.736
-300..200	3200	kzam	kṣam	443	259	184	1.710	0.774
-300..200	3200	cArin	cārin	408	261	147	1.563	0.645
-300..200	3200	sparSa	sparśa	465	344	121	1.352	0.435
-300..200	3200	sahAya	sahāya	451	267	184	1.689	0.756
-300..200	3200	viza	viṣa	461	747	-286	0.617	-0.696
-300..200	3200	nipAtay	nipātay	358	252	106	1.421	0.507
-300..200	3200	samman	samman	406	266	140	1.526	0.610
-300..200	3200	Bfgu	bhṛgu	427	266	161	1.605	0.683
-300..200	3200	saMDA	saṁdhā	406	360	46	1.128	0.173
-300..200	3200	rAga	rāga	449	364	85	1.234	0.303
-300..200	3200	sTApay	sthāpay	426	350	76	1.217	0.283
-300..200	3200	prapad	prapad	399	271	128	1.472	0.558
-300..200	3200	viSiz	viśiṣ	407	282	125	1.443	0.529
-300..200	3200	BAga	bhāga	454	546	-92	0.832	-0.266
-300..200	3200	dvijAti	dvijāti	402	281	121	1.431	0.517
-300..200	3200	haMsa	haṁsa	423	269	154	1.572	0.653
-300..200	3200	tAqay	tāḍay	409	257	152	1.591	0.670
-300..200	3200	prasTA	prasthā	424	242	182	1.752	0.809
-300..200	3200	nArAca	nārāca	457	237	220	1.928	0.947
-300..200	3200	Badra	bhadra	454	588	-134	0.772	-0.373
-300..200	3200	rADeya	rādheya	452	237	215	1.907	0.931
-300..200	3200	janapada	janapada	443	285	158	1.554	0.636
-300..200	3200	mohay	mohay	392	247	145	1.587	0.666
-300..200	3200	vikram	vikram	449	239	210	1.879	0.910
-300..200	3200	samIkz	samīkṣ	413	259	154	1.595	0.673
-300..200	3200	vAsin	vāsin	392	269	123	1.457	0.543
-300..200	3200	himavant	himavant	426	247	179	1.725	0.786
-300..200	3200	vftra	vṛtra	440	242	198	1.818	0.862
-300..200	3200	SaMs	śaṁs	419	345	74	1.214	0.280
-300..200	3200	varjay	varjay	392	398	-6	0.985	-0.022
-300..200	3200	aBiyA	abhiyā	394	237	157	1.662	0.733
-300..200	3200	udAhf	udāhṛ	378	276	102	1.370	0.454
-300..200	3200	kftavarman	kṛtavarman	414	238	176	1.739	0.799
-300..200	3200	dama	dama	428	271	157	1.579	0.659
-300..200	3200	SAnti	śānti	441	310	131	1.423	0.509
-300..200	3200	grAma	grāma	439	330	109	1.330	0.412
-300..200	3200	saKi	sakhi	428	263	165	1.627	0.703
-300..200	3200	arka	arka	442	343	99	1.289	0.366
-300..200	3200	BAra	bhāra	442	274	168	1.613	0.690
-300..200	3200	aSuBa	aśubha	421	297	124	1.418	0.503
-300..200	3200	yojana	yojana	439	328	111	1.338	0.421
-300..200	3200	sarit	sarit	437	245	192	1.784	0.835
-300..200	3200	banDu	bandhu	434	268	166	1.619	0.695
-300..200	3200	stu	stu	424	257	167	1.650	0.722
-300..200	3200	atiTi	atithi	423	269	154	1.572	0.653
-300..200	3200	vAhinI	vāhinī	383	237	146	1.616	0.692
-300..200	3200	vikf	vikṛ	434	402	32	1.080	0.110
-300..200	3200	kalpa	kalpa	437	535	-98	0.817	-0.292
-300..200	3200	vaktra	vaktra	447	315	132	1.419	0.505
-300..200	3200	kIrtay	kīrtay	408	310	98	1.316	0.396
-300..200	3200	kAYcana	kāñcana	395	524	-129	0.754	-0.408
-300..200	3200	manuja	manuja	435	249	186	1.747	0.805
-300..200	3200	maraRa	maraṇa	424	337	87	1.258	0.331
-300..200	3200	BAradvAja	bhāradvāja	437	239	198	1.828	0.871
-300..200	3200	aSru	aśru	435	264	171	1.648	0.720
-300..200	3200	jarA	jarā	418	299	119	1.398	0.483
-300..200	3200	vismaya	vismaya	427	230	197	1.857	0.893
-300..200	3200	bali	bali	411	306	105	1.343	0.426
-300..200	3200	utpat	utpat	410	236	174	1.737	0.797
-300..200	3200	BAskara	bhāskara	368	242	126	1.521	0.605
-300..200	3200	vimala	vimala	439	263	176	1.669	0.739
-300..200	3200	ESvarya	aiśvarya	427	251	176	1.701	0.767
-300..200	3200	vatsa	vatsa	428	266	162	1.609	0.686
-300..200	3200	gamana	gamana	434	299	135	1.452	0.538
-300..200	3200	Ka	kha	430	272	158	1.581	0.661
-300..200	3200	BUzaRa	bhūṣaṇa	402	244	158	1.648	0.720
-300..200	3200	nala	nala	418	258	160	1.620	0.696
-300..200	3200	cintA	cintā	418	256	162	1.633	0.707
-300..200	3200	prARin	prāṇin	425	318	107	1.336	0.418
-300..200	3200	vigam	vigam	440	250	190	1.760	0.816
-300..200	3200	vihA	vihā	412	243	169	1.695	0.762
-300..200	3200	BfSa	bhṛśa	438	256	182	1.711	0.775
-300..200	3200	uBaya	ubhaya	405	325	80	1.246	0.317
-300..200	3200	darSin	darśin	368	252	116	1.460	0.546
-300..200	3200	aBizic	abhiṣic	368	238	130	1.546	0.629
-300..200	3200	kfta	kṛta	385	247	138	1.559	0.640
-300..200	3200	aBimuKa	abhimukha	434	252	182	1.722	0.784
-300..200	3200	niDana	nidhana	430	237	193	1.814	0.859
-300..200	3200	BArgava	bhārgava	391	235	156	1.664	0.735
-300..200	3200	avyaya	avyaya	365	266	99	1.372	0.456
-300..200	3200	aSani	aśani	416	240	176	1.733	0.794
-300..200	3200	dravya	dravya	383	671	-288	0.571	-0.809
-300..200	3200	samyaksambudDa	samyaksambuddha	442	364	78	1.214	0.280
-300..200	3200	gAnDArI	gāndhārī	401	228	173	1.759	0.815
-300..200	3200	taTAgata	tathāgata	438	458	-20	0.956	-0.064
-300..200	3200	niyama	niyama	404	258	146	1.566	0.647
-300..200	3200	tIvra	tīvra	419	293	126	1.430	0.516
-300..200	3200	sUkzma	sūkṣma	417	338	79	1.234	0.303
-300..200	3200	hfd	hṛd	414	386	28	1.073	0.101
-300..200	3200	graha	graha	398	354	44	1.124	0.169
-300..200	3200	viBUzay	vibhūṣay	371	232	139	1.599	0.677
-300..200	3200	vapus	vapus	419	241	178	1.739	0.798
-300..200	3200	mETilI	maithilī	384	222	162	1.730	0.791
-300..200	3200	duzkara	duṣkara	378	254	124	1.488	0.574
-300..200	3200	sEnDava	saindhava	398	434	-36	0.917	-0.125
-300..200	3200	sObala	saubala	392	227	165	1.727	0.788
-300..200	3200	avatf	avatṛ	360	233	127	1.545	0.628
-300..200	3200	pradru	pradru	401	223	178	1.798	0.847
-300..200	3200	antara	antara	417	968	-551	0.431	-1.215
-300..200	3200	sarasvatI	sarasvatī	365	235	130	1.553	0.635
-300..200	3200	savyasAcin	savyasācin	375	224	151	1.674	0.743
-300..200	3200	navan	navan	417	271	146	1.539	0.622
-300..200	3200	vyakta	vyakta	403	254	149	1.587	0.666
-300..200	3200	vilap	vilap	369	232	137	1.591	0.669
-300..200	3200	samarTa	samartha	403	253	150	1.593	0.672
-300..200	3200	Srama	śrama	407	316	91	1.288	0.365
-300..200	3200	vasuDA	vasudhā	414	226	188	1.832	0.873
-300..200	3200	trElokya	trailokya	415	223	192	1.861	0.896
-300..200	3200	pArzata	pārṣata	376	231	145	1.628	0.703
-300..200	3200	apriya	apriya	391	241	150	1.622	0.698
-300..200	3200	mAnasa	mānasa	369	408	-39	0.904	-0.145
-300..200	3200	dru	dru	380	224	156	1.696	0.763
-300..200	3200	SAs	śās	413	240	173	1.721	0.783
-300..200	3200	upAgam	upāgam	360	220	140	1.636	0.710
-300..200	3200	uras	uras	402	298	104	1.349	0.432
-300..200	3200	saras	saras	380	248	132	1.532	0.616
-300..200	3200	mfdu	mṛdu	391	486	-95	0.805	-0.314
-300..200	3200	niBa	nibha	429	251	178	1.709	0.773
-300..200	3200	Bava	bhava	401	256	145	1.566	0.647
-300..200	3200	Sap	śap	369	225	144	1.640	0.714
-300..200	3200	paripracC	paripracch	370	230	140	1.609	0.686
-300..200	3200	mAruta	māruta	378	419	-41	0.902	-0.149
-300..200	3200	vfzwi	vṛṣṭi	391	232	159	1.685	0.753
-300..200	3200	arcay	arcay	367	260	107	1.412	0.497
-300..200	3200	nakzatra	nakṣatra	403	247	156	1.632	0.706
-300..200	3200	vAhana	vāhana	374	246	128	1.520	0.604
-300..200	3200	skanDa	skandha	417	322	95	1.295	0.373
-300..200	3200	sArTavAha	sārthavāha	405	252	153	1.607	0.684
-300..200	3200	bahuviDa	bahuvidha	381	256	125	1.488	0.574
-300..200	3200	prayuj	prayuj	404	406	-2	0.995	-0.007
-300..200	3200	aNgada	aṅgada	351	318	33	1.104	0.142
-300..200	3200	aBra	abhra	412	229	183	1.799	0.847
-300..200	3200	maDusUdana	madhusūdana	363	214	149	1.696	0.762
-300..200	3200	dUta	dūta	409	278	131	1.471	0.557
-300..200	3200	puNKa	puṅkha	417	215	202	1.940	0.956
-300..200	3200	aBiDAv	abhidhāv	359	217	142	1.654	0.726
-300..200	3200	rati	rati	402	245	157	1.641	0.714
-300..200	3200	varman	varman	397	222	175	1.788	0.839
-300..200	3200	saMgam	saṁgam	373	220	153	1.695	0.762
-300..200	3200	udaya	udaya	373	249	124	1.498	0.583
-300..200	3200	svara	svara	378	341	37	1.109	0.149
-300..200	3200	purohita	purohita	357	237	120	1.506	0.591
-300..200	3200	upaviS	upaviś	341	244	97	1.398	0.483
-300..200	3200	manIzin	manīṣin	328	230	98	1.426	0.512
-300..200	3200	tIra	tīra	405	217	188	1.866	0.900
-300..200	3200	suyoDana	suyodhana	333	213	120	1.563	0.645
-300..200	3200	SAMtanava	śāṁtanava	383	213	170	1.798	0.846
-300..200	3200	vfz	vṛṣ	372	228	144	1.632	0.706
-300..200	3200	aBiBAz	abhibhāṣ	330	219	111	1.507	0.592
-300..200	3200	vadana	vadana	407	273	134	1.491	0.576
-300..200	3200	java	java	383	220	163	1.741	0.800
-300..200	3200	Bftya	bhṛtya	391	247	144	1.583	0.663
-300..200	3200	pratijYA	pratijñā	378	441	-63	0.857	-0.222
-300..200	3200	gA	gā	383	262	121	1.462	0.548
-300..200	3200	vAraRa	vāraṇa	386	252	134	1.532	0.615
-300..200	3200	cAru	cāru	390	218	172	1.789	0.839
-300..200	3200	Cattra	chattra	387	249	138	1.554	0.636
-300..200	3200	aBimanyu	abhimanyu	340	207	133	1.643	0.716
-300..200	3200	itihAsa	itihāsa	391	215	176	1.819	0.863
-300..200	3200	Atmaka	ātmaka	365	375	-10	0.973	-0.039
-300..200	3200	kfcCra	kṛcchra	381	392	-11	0.972	-0.041
-300..200	3200	kowi	koṭi	387	310	77	1.248	0.320
-300..200	3200	anfta	anṛta	369	346	23	1.066	0.093
-300..200	3200	niSAcara	niśācara	340	211	129	1.611	0.688
-300..200	3200	nATa	nātha	388	213	175	1.822	0.865
-300..200	3200	pAtra	pātra	396	297	99	1.333	0.415
-300..200	3200	Kara	khara	365	335	30	1.090	0.124
-300..200	3200	ruc	ruc	335	219	116	1.530	0.613
-300..200	3200	aBinand	abhinand	322	220	102	1.464	0.550
-300..200	3200	Dfti	dhṛti	376	234	142	1.607	0.684
-300..200	3200	varDana	vardhana	331	316	15	1.047	0.067
-300..200	3200	svaBAva	svabhāva	353	334	19	1.057	0.080
-300..200	3200	pramuKa	pramukha	391	258	133	1.516	0.600
-300..200	3200	aBivft	abhivṛt	341	204	137	1.672	0.741
-300..200	3200	Bakti	bhakti	388	231	157	1.680	0.748
-300..200	3200	gARqIva	gāṇḍīva	362	203	159	1.783	0.835
-300..200	3200	yoDay	yodhay	353	210	143	1.681	0.749
-300..200	3200	dam	dam	390	226	164	1.726	0.787
-300..200	3200	nfSaMsa	nṛśaṁsa	366	206	160	1.777	0.829
-300..200	3200	Sruti	śruti	337	239	98	1.410	0.496
-300..200	3200	raSmi	raśmi	374	222	152	1.685	0.752
-300..200	3200	smita	smita	378	238	140	1.588	0.667
-300..200	3200	acala	acala	311	290	21	1.072	0.101
-300..200	3200	durlaBa	durlabha	326	218	108	1.495	0.581
-300..200	3200	tAdfSa	tādṛśa	344	218	126	1.578	0.658
-300..200	3200	tf	tṛ	361	212	149	1.703	0.768
-300..200	3200	prahf	prahṛ	354	216	138	1.639	0.713
-300..200	3200	udAra	udāra	384	229	155	1.677	0.746
-300..200	3200	yUTapa	yūthapa	317	222	95	1.428	0.514
-300..200	3200	dyUta	dyūta	365	225	140	1.622	0.698
-300..200	3200	pASa	pāśa	387	218	169	1.775	0.828
-300..200	3200	kalpay	kalpay	319	257	62	1.241	0.312
-300..200	3200	aBiBU	abhibhū	375	262	113	1.431	0.517
-300..200	3200	anuga	anuga	332	226	106	1.469	0.555
-300..200	3200	DArmika	dhārmika	344	223	121	1.543	0.625
-300..200	3200	arRava	arṇava	325	257	68	1.265	0.339
-300..200	3200	Apad	āpad	351	705	-354	0.498	-1.006
-300..200	3200	ASIviza	āśīviṣa	363	210	153	1.729	0.790
-300..200	3200	anuyA	anuyā	335	207	128	1.618	0.695
-300..200	3200	kftya	kṛtya	365	216	149	1.690	0.757
-300..200	3200	naraka	naraka	372	300	72	1.240	0.310
-300..200	3200	mAdrI	mādrī	358	215	143	1.665	0.736
-300..200	3200	toya	toya	379	299	80	1.268	0.342
-300..200	3200	pratijYA	pratijñā	326	441	-115	0.739	-0.436
-300..200	3200	samAgama	samāgama	298	208	90	1.433	0.519
-300..200	3200	Alaya	ālaya	321	213	108	1.507	0.592
-300..200	3200	samBava	sambhava	330	325	5	1.015	0.022
-300..200	3200	kziti	kṣiti	339	217	122	1.562	0.644
-300..200	3200	KyA	khyā	383	208	175	1.841	0.881
-300..200	3200	udi	udi	317	208	109	1.524	0.608
-300..200	3200	kumBakarRa	kumbhakarṇa	347	196	151	1.770	0.824
-300..200	3200	fdDi	ṛddhi	370	225	145	1.644	0.718
-300..200	3200	AcAra	ācāra	370	287	83	1.289	0.366
-300..200	3200	sOBadra	saubhadra	369	200	169	1.845	0.884
-300..200	3200	gAmin	gāmin	295	212	83	1.392	0.477
-300..200	3200	pravIra	pravīra	368	204	164	1.804	0.851
-300..200	3200	kzi	kṣi	356	369	-13	0.965	-0.052
-300..200	3200	parizvaj	pariṣvaj	355	205	150	1.732	0.792
-300..200	3200	pUrRa	pūrṇa	366	384	-18	0.953	-0.069
-300..200	3200	divAkara	divākara	315	197	118	1.599	0.677
-300..200	3200	avaman	avaman	328	218	110	1.505	0.589
-300..200	3200	Gna	ghna	385	628	-243	0.613	-0.706
-300..200	3200	virAj	virāj	342	211	131	1.621	0.697
-300..200	3200	saMhfz	saṁhṛṣ	375	199	176	1.884	0.914
-300..200	3200	nIla	nīla	348	391	-43	0.890	-0.168
-300..200	3200	rakta	rakta	357	815	-458	0.438	-1.191
-300..200	3200	tridaSa	tridaśa	368	200	168	1.840	0.880
-300..200	3200	jayadraTa	jayadratha	316	194	122	1.629	0.704
-300..200	3200	Siva	śiva	354	349	5	1.014	0.021
-300..200	3200	saMraB	saṁrabh	366	202	164	1.812	0.857
-300..200	3200	puRya	puṇya	370	1425	-1055	0.260	-1.945
-300..200	3200	gup	gup	366	213	153	1.718	0.781
-300..200	3200	nigrah	nigrah	347	217	130	1.599	0.677
-300..200	3200	nivas	nivas	340	207	133	1.643	0.716
-300..200	3200	aDipati	adhipati	372	209	163	1.780	0.832
-300..200	3200	nisvana	nisvana	320	197	123	1.624	0.700
-300..200	3200	marman	marman	357	345	12	1.035	0.049
-300..200	3200	Sruta	śruta	348	231	117	1.506	0.591
-300..200	3200	Asya	āsya	366	311	55	1.177	0.235
-300..200	3200	pariGa	parigha	357	202	155	1.767	0.822
-300..200	3200	cira	cira	356	245	111	1.453	0.539
-300..200	3200	tApasa	tāpasa	347	215	132	1.614	0.691
-300..200	3200	kleSa	kleśa	357	242	115	1.475	0.561
-300..200	3200	niryA	niryā	340	210	130	1.619	0.695
-300..200	3200	vinad	vinad	323	192	131	1.682	0.750
-300..200	3200	arDa	ardha	347	451	-104	0.769	-0.378
-300..200	3200	tejasvin	tejasvin	367	197	170	1.863	0.898
-300..200	3200	vinI	vinī	353	216	137	1.634	0.709
-300..200	3200	aYjali	añjali	346	209	137	1.656	0.727
-300..200	3200	ASraya	āśraya	325	276	49	1.178	0.236
-300..200	3200	tomara	tomara	342	189	153	1.810	0.856
-300..200	3200	DaraRI	dharaṇī	368	191	177	1.927	0.946
-300..200	3200	niSci	niści	319	197	122	1.619	0.695
-300..200	3200	siMhanAda	siṁhanāda	357	193	164	1.850	0.887
-300..200	3200	svasti	svasti	336	210	126	1.600	0.678
-300..200	3200	gir	gir	311	191	120	1.628	0.703
-300..200	3200	pOruza	pauruṣa	332	213	119	1.559	0.640
-300..200	3200	siD	sidh	345	640	-295	0.539	-0.891
-300..200	3200	candana	candana	345	377	-32	0.915	-0.128
-300..200	3200	kfSa	kṛśa	314	279	35	1.125	0.170
-300..200	3200	Sveta	śveta	339	331	8	1.024	0.034
-300..200	3200	asat	asat	312	256	56	1.219	0.285
-300..200	3200	hutASana	hutāśana	297	195	102	1.523	0.607
-300..200	3200	SoBana	śobhana	303	202	101	1.500	0.585
-300..200	3200	viSAla	viśāla	353	205	148	1.722	0.784
-300..200	3200	purogama	purogama	312	189	123	1.651	0.723
-300..200	3200	kruS	kruś	332	189	143	1.757	0.813
-300..200	3200	vand	vand	356	221	135	1.611	0.688
-300..200	3200	avakf	avakṛ	295	199	96	1.482	0.568
-300..200	3200	nizev	niṣev	306	244	62	1.254	0.327
-300..200	3200	saMjan	saṁjan	326	220	106	1.482	0.567
-300..200	3200	ekAnta	ekānta	321	256	65	1.254	0.326
-300..200	3200	namas	namas	282	240	42	1.175	0.233
-300..200	3200	Aji	āji	364	185	179	1.968	0.976
-300..200	3200	aSvatTAman	aśvatthāman	308	187	121	1.647	0.720
-300..200	3200	Avaha	āvaha	300	231	69	1.299	0.377
-300..200	3200	yayAti	yayāti	285	196	89	1.454	0.540
-300..200	3200	dvijasattama	dvijasattama	295	187	108	1.578	0.658
-300..200	3200	pAna	pāna	360	479	-119	0.752	-0.412
-300..200	3200	gfDra	gṛdhra	342	212	130	1.613	0.690
-300..200	3200	gATA	gāthā	317	191	126	1.660	0.731
-300..200	3200	aDI	adhī	321	235	86	1.366	0.450
-300..200	3200	kfpaRa	kṛpaṇa	346	195	151	1.774	0.827
-300..200	3200	anila	anila	326	526	-200	0.620	-0.690
-300..200	3200	rAkzasI	rākṣasī	331	193	138	1.715	0.778
-300..200	3200	vESya	vaiśya	343	272	71	1.261	0.335
-300..200	3200	medinI	medinī	297	187	110	1.588	0.667
-300..200	3200	pre	pre	350	241	109	1.452	0.538
-300..200	3200	vismi	vismi	329	186	143	1.769	0.823
-300..200	3200	carman	carman	343	260	83	1.319	0.400
-300..200	3200	Danvin	dhanvin	315	200	115	1.575	0.655
-300..200	3200	vitta	vitta	350	209	141	1.675	0.744
-300..200	3200	darpa	darpa	340	195	145	1.744	0.802
-300..200	3200	Gawotkaca	ghaṭotkaca	288	186	102	1.548	0.631
-300..200	3200	e	e	313	205	108	1.527	0.611
-300..200	3200	martya	martya	351	211	140	1.664	0.734
-300..200	3200	dfzwi	dṛṣṭi	340	329	11	1.033	0.047
-300..200	3200	vidyut	vidyut	332	209	123	1.589	0.668
-300..200	3200	duz	duṣ	334	331	3	1.009	0.013
-300..200	3200	prasAday	prasāday	310	189	121	1.640	0.714
-300..200	3200	anuBAva	anubhāva	334	196	138	1.704	0.769
-300..200	3200	padAti	padāti	315	187	128	1.684	0.752
-300..200	3200	kirIwin	kirīṭin	299	199	100	1.503	0.587
-300..200	3200	evaMviDa	evaṁvidha	303	239	64	1.268	0.342
-300..200	3200	aSvameDa	aśvamedha	331	187	144	1.770	0.824
-300..200	3200	tyAga	tyāga	337	222	115	1.518	0.602
-300..200	3200	budDimat	buddhimat	319	265	54	1.204	0.268
-300..200	3200	aDvan	adhvan	335	225	110	1.489	0.574
-300..200	3200	mata	mata	328	199	129	1.648	0.721
-300..200	3200	arhant	arhant	346	254	92	1.362	0.446
-300..200	3200	janADipa	janādhipa	289	181	108	1.597	0.675
-300..200	3200	mud	mud	334	487	-153	0.686	-0.544
-300..200	3200	utpAday	utpāday	315	253	62	1.245	0.316
-300..200	3200	pOtra	pautra	345	193	152	1.788	0.838
-300..200	3200	kEkeyI	kaikeyī	331	180	151	1.839	0.879
-300..200	3200	mArkaRqeya	mārkaṇḍeya	226	183	43	1.235	0.304
-300..200	3200	DAtu	dhātu	332	569	-237	0.583	-0.777
-300..200	3200	pAdapa	pādapa	311	183	128	1.699	0.765
-300..200	3200	antaHpura	antaḥpura	319	198	121	1.611	0.688
-300..200	3200	CAday	chāday	324	190	134	1.705	0.770
-300..200	3200	nivAray	nivāray	284	192	92	1.479	0.565
-300..200	3200	Agama	āgama	313	258	55	1.213	0.279
-300..200	3200	purAtana	purātana	339	191	148	1.775	0.828
-300..200	3200	upalaB	upalabh	286	283	3	1.011	0.015
-300..200	3200	kfzRa	kṛṣṇa	327	1545	-1218	0.212	-2.240
-300..200	3200	vArzReya	vārṣṇeya	338	180	158	1.878	0.909
-300..200	3200	SiKara	śikhara	336	183	153	1.836	0.877
-300..200	3200	praBava	prabhava	337	261	76	1.291	0.369
-300..200	3200	daSagrIva	daśagrīva	332	177	155	1.876	0.907
-300..200	3200	prArTay	prārthay	324	185	139	1.751	0.808
-300..200	3200	saMvft	saṁvṛt	285	319	-34	0.893	-0.163
-300..200	3200	keSa	keśa	329	293	36	1.123	0.167
-300..200	3200	patAkA	patākā	331	206	125	1.607	0.684
-300..200	3200	aBAva	abhāva	307	244	63	1.258	0.331
-300..200	3200	rAtra	rātra	340	333	7	1.021	0.030
-300..200	3200	laGu	laghu	326	460	-134	0.709	-0.497
-300..200	3200	jyotis	jyotis	330	204	126	1.618	0.694
-300..200	3200	sTira	sthira	318	303	15	1.050	0.070
-300..200	3200	SUnya	śūnya	320	222	98	1.441	0.528
-300..200	3200	aBiDA	abhidhā	314	286	28	1.098	0.135
-300..200	3200	nirIkz	nirīkṣ	300	184	116	1.630	0.705
-300..200	3200	nizkram	niṣkram	321	187	134	1.717	0.780
-300..200	3200	caraRa	caraṇa	336	243	93	1.383	0.468
-300..200	3200	meru	meru	318	177	141	1.797	0.845
-300..200	3200	Satakratu	śatakratu	271	175	96	1.549	0.631
-300..200	3200	puraMdara	puraṁdara	276	175	101	1.577	0.657
-300..200	3200	kekaya	kekaya	316	177	139	1.785	0.836
-300..200	3200	Uru	ūru	322	221	101	1.457	0.543
-300..200	3200	DyAna	dhyāna	315	221	94	1.425	0.511
-300..200	3200	aDama	adhama	288	193	95	1.492	0.577
-300..200	3200	yOvana	yauvana	317	201	116	1.577	0.657
-300..200	3200	dvijottama	dvijottama	291	197	94	1.477	0.563
-300..200	3200	anala	anala	277	218	59	1.271	0.346
-300..200	3200	svaDarma	svadharma	321	194	127	1.655	0.727
-300..200	3200	agastya	agastya	295	182	113	1.621	0.697
-300..200	3200	sakASa	sakāśa	325	181	144	1.796	0.844
-300..200	3200	durmati	durmati	274	175	99	1.566	0.647
-300..200	3200	jantu	jantu	305	277	28	1.101	0.139
-300..200	3200	sAtvata	sātvata	309	180	129	1.717	0.780
-300..200	3200	pratyaya	pratyaya	330	213	117	1.549	0.632
-300..200	3200	brahmacarya	brahmacarya	303	200	103	1.515	0.599
-300..200	3200	prajYApAramitA	prajñāpāramitā	335	878	-543	0.382	-1.390
-300..200	3200	DyA	dhyā	320	182	138	1.758	0.814
-300..200	3200	vinihan	vinihan	313	175	138	1.789	0.839
-300..200	3200	apatya	apatya	309	238	71	1.298	0.377
-300..200	3200	marut	marut	321	179	142	1.793	0.843
-300..200	3200	Akula	ākula	305	187	118	1.631	0.706
-300..200	3200	vayas	vayas	314	288	26	1.090	0.125
-300..200	3200	jyA	jyā	302	180	122	1.678	0.747
-300..200	3200	SOca	śauca	319	249	70	1.281	0.357
-300..200	3200	praTama	prathama	307	248	59	1.238	0.308
-300..200	3200	pradAna	pradāna	324	207	117	1.565	0.646
-300..200	3200	kevala	kevala	284	264	20	1.076	0.105
-300..200	3200	anindita	anindita	261	173	88	1.509	0.593
-300..200	3200	pradakziRa	pradakṣiṇa	283	183	100	1.546	0.629
-300..200	3200	saYj	sañj	313	197	116	1.589	0.668
-300..200	3200	cara	cara	301	224	77	1.344	0.426
-300..200	3200	kArin	kārin	283	208	75	1.361	0.444
-300..200	3200	mahAdeva	mahādeva	314	170	144	1.847	0.885
-300..200	3200	vyUha	vyūha	315	194	121	1.624	0.699
-300..200	3200	cal	cal	305	188	117	1.622	0.698
-300..200	3200	mAnay	mānay	313	218	95	1.436	0.522
-300..200	3200	kalpa	kalpa	325	535	-210	0.607	-0.719
-300..200	3200	kAnana	kānana	276	175	101	1.577	0.657
-300..200	3200	paruza	paruṣa	315	246	69	1.280	0.357
-300..200	3200	vahni	vahni	311	213	98	1.460	0.546
-300..200	3200	Suka	śuka	305	187	118	1.631	0.706
-300..200	3200	pratyakza	pratyakṣa	279	249	30	1.120	0.164
-300..200	3200	parigrah	parigrah	310	236	74	1.314	0.393
-300..200	3200	paRqita	paṇḍita	285	221	64	1.290	0.367
-300..200	3200	yuta	yuta	277	321	-44	0.863	-0.213
-300..200	3200	pARqaveya	pāṇḍaveya	312	174	138	1.793	0.842
-300..200	3200	kzamA	kṣamā	288	187	101	1.540	0.623
-300..200	3200	pfTivIpati	pṛthivīpati	276	173	103	1.595	0.674
-300..200	3200	krIq	krīḍ	294	178	116	1.652	0.724
-300..200	3200	lakzay	lakṣay	270	202	68	1.337	0.419
-300..200	3200	udvij	udvij	304	188	116	1.617	0.693
-300..200	3200	samADA	samādhā	292	173	119	1.688	0.755
-300..200	3200	koSa	kośa	303	226	77	1.341	0.423
-300..200	3200	saciva	saciva	301	168	133	1.792	0.841
-300..200	3200	nayana	nayana	319	236	83	1.352	0.435
-300..200	3200	sAhasra	sāhasra	328	363	-35	0.904	-0.146
-300..200	3200	sah	sah	311	185	126	1.681	0.749
-300..200	3200	maDu	madhu	303	637	-334	0.476	-1.072
-300..200	3200	Druva	dhruva	290	216	74	1.343	0.425
-300..200	3200	mahIpAla	mahīpāla	306	164	142	1.866	0.900
-300..200	3200	gANgeya	gāṅgeya	315	171	144	1.842	0.881
-300..200	3200	putraka	putraka	249	166	83	1.500	0.585
-300..200	3200	saMtap	saṁtap	321	177	144	1.814	0.859
-300..200	3200	anuttara	anuttara	319	310	9	1.029	0.041
-300..200	3200	amBas	ambhas	270	232	38	1.164	0.219
-300..200	3200	aSana	aśana	288	265	23	1.087	0.120
-300..200	3200	govinda	govinda	315	163	152	1.933	0.950
-300..200	3200	aBijYA	abhijñā	290	214	76	1.355	0.438
-300..200	3200	Akf	ākṛ	323	174	149	1.856	0.892
-300..200	3200	uddiS	uddiś	310	276	34	1.123	0.168
-300..200	3200	saMDyA	saṁdhyā	296	198	98	1.495	0.580
-300..200	3200	ayoDyA	ayodhyā	298	162	136	1.840	0.879
-300..200	3200	ftu	ṛtu	282	273	9	1.033	0.047
-300..200	3200	sEnika	sainika	256	164	92	1.561	0.642
-300..200	3200	prAsa	prāsa	301	164	137	1.835	0.876
-300..200	3200	karSay	karśay	276	188	88	1.468	0.554
-300..200	3200	vI	vī	308	184	124	1.674	0.743
-300..200	3200	kASyapa	kāśyapa	295	180	115	1.639	0.713
-300..200	3200	Badanta	bhadanta	274	163	111	1.681	0.749
-300..200	3200	mahAsattva	mahāsattva	308	392	-84	0.786	-0.348
-300..200	3200	maheSvara	maheśvara	242	165	77	1.467	0.553
-300..200	3200	lABa	lābha	301	218	83	1.381	0.465
-300..200	3200	kOSika	kauśika	291	492	-201	0.591	-0.758
-300..200	3200	kOsalyA	kausalyā	289	162	127	1.784	0.835
-300..200	3200	samfD	samṛdh	285	177	108	1.610	0.687
-300..200	3200	nirGoza	nirghoṣa	317	168	149	1.887	0.916
-300..200	3200	BAminI	bhāminī	252	163	89	1.546	0.629
-300..200	3200	aSvin	aśvin	280	184	96	1.522	0.606
-300..200	3200	tanaya	tanaya	298	169	129	1.763	0.818
-300..200	3200	SIta	śīta	303	779	-476	0.389	-1.362
-300..200	3200	puzpita	puṣpita	282	175	107	1.611	0.688
-300..200	3200	prAsAda	prāsāda	291	180	111	1.617	0.693
-300..200	3200	AjYA	ājñā	300	317	-17	0.946	-0.080
-300..200	3200	Svan	śvan	284	229	55	1.240	0.311
-300..200	3200	akzaya	akṣaya	280	195	85	1.436	0.522
-300..200	3200	BIru	bhīru	299	192	107	1.557	0.639
-300..200	3200	durbala	durbala	271	252	19	1.075	0.105
-300..200	3200	garuqa	garuḍa	298	194	104	1.536	0.619
-300..200	3200	divOkas	divaukas	263	163	100	1.613	0.690
-300..200	3200	anuvft	anuvṛt	269	197	72	1.365	0.449
-300..200	3200	prAdurBU	prādurbhū	255	198	57	1.288	0.365
-300..200	3200	manu	manu	284	209	75	1.359	0.442
-300..200	3200	Sreyas	śreyas	288	534	-246	0.539	-0.891
-300..200	3200	gras	gras	287	174	113	1.649	0.722
-300..200	3200	SoBay	śobhay	266	162	104	1.642	0.715
-300..200	3200	yojay	yojay	269	245	24	1.098	0.135
-300..200	3200	Aropay	āropay	294	172	122	1.709	0.773
-300..200	3200	droRaputra	droṇaputra	296	159	137	1.862	0.897
-300..200	3200	anuja	anuja	277	160	117	1.731	0.792
-300..200	3200	aprameya	aprameya	289	210	79	1.376	0.461
-300..200	3200	niSA	niśā	279	673	-394	0.415	-1.270
-300..200	3200	nASa	nāśa	302	224	78	1.348	0.431
-300..200	3200	ekEka	ekaika	284	248	36	1.145	0.196
-300..200	3200	AScarya	āścarya	269	177	92	1.520	0.604
-300..200	3200	janaka	janaka	281	164	117	1.713	0.777
-300..200	3200	Darmya	dharmya	293	182	111	1.610	0.687
-300..200	3200	kzama	kṣama	256	174	82	1.471	0.557
-300..200	3200	tarpay	tarpay	278	175	103	1.589	0.668
-300..200	3200	upayA	upayā	267	177	90	1.508	0.593
-300..200	3200	nikft	nikṛt	264	164	100	1.610	0.687
-300..200	3200	parI	parī	305	183	122	1.667	0.737
-300..200	3200	nyas	nyas	279	176	103	1.585	0.665
-300..200	3200	prakf	prakṛ	266	195	71	1.364	0.448
-300..200	3200	pravraj	pravraj	251	165	86	1.521	0.605
-300..200	3200	vyAhf	vyāhṛ	282	180	102	1.567	0.648
-300..200	3200	samprekz	samprekṣ	299	158	141	1.892	0.920
-300..200	3200	anDa	andha	283	194	89	1.459	0.545
-300..200	3200	SramaRa	śramaṇa	285	168	117	1.696	0.763
-300..200	3200	DArin	dhārin	267	170	97	1.571	0.651
-300..200	3200	ikzvAku	ikṣvāku	270	192	78	1.406	0.492
-300..200	3200	svaka	svaka	278	191	87	1.455	0.542
-300..200	3200	SAKA	śākhā	291	217	74	1.341	0.423
-300..200	3200	kzudra	kṣudra	289	172	117	1.680	0.749
-300..200	3200	tfp	tṛp	277	177	100	1.565	0.646
-300..200	3200	prahi	prahi	290	156	134	1.859	0.895
-300..200	3200	kzetra	kṣetra	271	211	60	1.284	0.361
-300..200	3200	SuD	śudh	285	273	12	1.044	0.062
-300..200	3200	sampUjay	sampūjay	247	163	84	1.515	0.600
-300..200	3200	ayuta	ayuta	289	167	122	1.731	0.791
-300..200	3200	pravftti	pravṛtti	265	222	43	1.194	0.255
-300..200	3200	apahf	apahṛ	260	226	34	1.150	0.202
-300..200	3200	vizad	viṣad	266	157	109	1.694	0.761
-300..200	3200	apratima	apratima	288	153	135	1.882	0.913
-300..200	3200	kiMnara	kiṁnara	291	194	97	1.500	0.585
-300..200	3200	manasvin	manasvin	255	153	102	1.667	0.737
-300..200	3200	ISa	īśa	291	181	110	1.608	0.685
-300..200	3200	havis	havis	270	186	84	1.452	0.538
-300..200	3200	vinaya	vinaya	288	171	117	1.684	0.752
-300..200	3200	nirmA	nirmā	266	161	105	1.652	0.724
-300..200	3200	rukma	rukma	269	164	105	1.640	0.714
-300..200	3200	liNga	liṅga	269	451	-182	0.596	-0.746
-300..200	3200	durAsada	durāsada	241	151	90	1.596	0.674
-300..200	3200	devarAja	devarāja	283	151	132	1.874	0.906
-300..200	3200	vartay	vartay	253	172	81	1.471	0.557
-300..200	3200	aBipat	abhipat	267	153	114	1.745	0.803
-300..200	3200	aByanujYA	abhyanujñā	286	177	109	1.616	0.692
-300..200	3200	vAri	vāri	279	222	57	1.257	0.330
-300..200	3200	namaskf	namaskṛ	264	182	82	1.451	0.537
-300..200	3200	anugraha	anugraha	266	185	81	1.438	0.524
-300..200	3200	paTa	patha	282	194	88	1.454	0.540
-300..200	3200	aBizeka	abhiṣeka	267	161	106	1.658	0.730
-300..200	3200	naBas	nabhas	271	163	108	1.663	0.733
-300..200	3200	durga	durga	282	269	13	1.048	0.068
-300..200	3200	svADyAya	svādhyāya	279	168	111	1.661	0.732
-300..200	3200	dAraka	dāraka	246	179	67	1.374	0.459
-300..200	3200	aS	aś	205	394	-189	0.520	-0.943
-300..200	3200	kuSala	kuśala	270	801	-531	0.337	-1.569
-300..200	3200	DErya	dhairya	288	160	128	1.800	0.848
-300..200	3200	vasuMDarA	vasuṁdharā	220	151	69	1.457	0.543
-300..200	3200	mAlA	mālā	283	179	104	1.581	0.661
-300..200	3200	lakzmI	lakṣmī	283	153	130	1.850	0.887
-300..200	3200	dvIpa	dvīpa	278	174	104	1.598	0.676
-300..200	3200	SEneya	śaineya	274	150	124	1.827	0.869
-300..200	3200	aDizWA	adhiṣṭhā	261	189	72	1.381	0.466
-300..200	3200	pUray	pūray	255	189	66	1.349	0.432
-300..200	3200	adButa	adbhuta	259	568	-309	0.456	-1.133
-300..200	3200	saMkalpa	saṁkalpa	278	163	115	1.706	0.770
-300..200	3200	cedi	cedi	258	153	105	1.686	0.754
-300..200	3200	yuyuDAna	yuyudhāna	282	149	133	1.893	0.920
-300..200	3200	vivfD	vivṛdh	260	169	91	1.538	0.621
-300..200	3200	nahuza	nahuṣa	271	163	108	1.663	0.733
-300..200	3200	saMyoga	saṁyoga	265	282	-17	0.940	-0.090
-300..200	3200	vijYAna	vijñāna	280	375	-95	0.747	-0.421
-300..200	3200	jaNgama	jaṅgama	263	175	88	1.503	0.588
-300..200	3200	prayatna	prayatna	256	195	61	1.313	0.393
-300..200	3200	pU	pū	276	183	93	1.508	0.593
-300..200	3200	ADA	ādhā	249	164	85	1.518	0.602
-300..200	3200	praRaS	praṇaś	246	169	77	1.456	0.542
-300..200	3200	viKyA	vikhyā	288	155	133	1.858	0.894
-300..200	3200	viSuD	viśudh	275	227	48	1.211	0.277
-300..200	3200	etAvat	etāvat	224	167	57	1.341	0.424
-300..200	3200	DIra	dhīra	279	236	43	1.182	0.241
-300..200	3200	naga	naga	264	157	107	1.682	0.750
-300..200	3200	latA	latā	260	176	84	1.477	0.563
-300..200	3200	sTAvara	sthāvara	274	184	90	1.489	0.574
-300..200	3200	yam	yam	277	156	121	1.776	0.828
-300..200	3200	tras	tras	276	155	121	1.781	0.832
-300..200	3200	saMlakzay	saṁlakṣay	231	148	83	1.561	0.642
-300..200	3200	kovida	kovida	232	158	74	1.468	0.554
-300..200	3200	anarTa	anartha	260	180	80	1.444	0.531
-300..200	3200	nidrA	nidrā	266	238	28	1.118	0.160
-300..200	3200	Atura	ātura	239	334	-95	0.716	-0.483
-300..200	3200	yuvan	yuvan	258	161	97	1.602	0.680
-300..200	3200	nam	nam	277	154	123	1.799	0.847
-300..200	3200	upadiS	upadiś	259	460	-201	0.563	-0.829
-300..200	3200	upAdA	upādā	274	223	51	1.229	0.297
-300..200	3200	pratiBAz	pratibhāṣ	225	146	79	1.541	0.624
-300..200	3200	BaradvAja	bharadvāja	247	165	82	1.497	0.582
-300..200	3200	citrasena	citrasena	258	144	114	1.792	0.841
-300..200	3200	hrada	hrada	260	157	103	1.656	0.728
-300..200	3200	SatruGna	śatrughna	266	144	122	1.847	0.885
-300..200	3200	vyUh	vyūh	261	148	113	1.764	0.818
-300..200	3200	amarza	amarṣa	262	150	112	1.747	0.805
-300..200	3200	SrAvaka	śrāvaka	269	194	75	1.387	0.472
-300..200	3200	AjYA	ājñā	253	317	-64	0.798	-0.325
-300..200	3200	mAgaDa	māgadha	260	161	99	1.615	0.691
-300..200	3200	suKin	sukhin	247	159	88	1.553	0.635
-300..200	3200	smfti	smṛti	268	237	31	1.131	0.177
-300..200	3200	guhA	guhā	249	152	97	1.638	0.712
-300..200	3200	purARa	purāṇa	269	292	-23	0.921	-0.118
-300..200	3200	puzkara	puṣkara	238	211	27	1.128	0.174
-300..200	3200	anuSAs	anuśās	251	156	95	1.609	0.686
-300..200	3200	has	has	235	160	75	1.469	0.555
-300..200	3200	udDf	uddhṛ	245	284	-39	0.863	-0.213
-300..200	3200	prasU	prasū	256	228	28	1.123	0.167
-300..200	3200	acyuta	acyuta	218	233	-15	0.936	-0.096
-300..200	3200	kartf	kartṛ	258	338	-80	0.763	-0.390
-300..200	3200	sattra	sattra	269	156	113	1.724	0.786
-300..200	3200	samAkula	samākula	231	144	87	1.604	0.682
-300..200	3200	drOpadeya	draupadeya	257	141	116	1.823	0.866
-300..200	3200	pAYcAlya	pāñcālya	276	161	115	1.714	0.778
-300..200	3200	kzuD	kṣudh	259	247	12	1.049	0.068
-300..200	3200	nirgam	nirgam	248	162	86	1.531	0.614
-300..200	3200	pad	pad	269	153	116	1.758	0.814
-300..200	3200	ajYAna	ajñāna	249	181	68	1.376	0.460
-300..200	3200	zazwi	ṣaṣṭi	245	154	91	1.591	0.670
-300..200	3200	varcas	varcas	235	209	26	1.124	0.169
-300..200	3200	rava	rava	253	151	102	1.675	0.745
-300..200	3200	mAtula	mātula	249	150	99	1.660	0.731
-300..200	3200	harzaRa	harṣaṇa	237	161	76	1.472	0.558
-300..200	3200	svayamBu	svayambhu	242	150	92	1.613	0.690
-300..200	3200	velA	velā	270	161	109	1.677	0.746
-300..200	3200	anuzWA	anuṣṭhā	240	167	73	1.437	0.523
-300..200	3200	kanaka	kanaka	260	155	105	1.677	0.746
-300..200	3200	jihvA	jihvā	266	250	16	1.064	0.089
-300..200	3200	svapna	svapna	249	280	-31	0.889	-0.169
-300..200	3200	SAlva	śālva	265	156	109	1.699	0.764
-300..200	3200	muzwi	muṣṭi	245	159	86	1.541	0.624
-300..200	3200	kup	kup	256	214	42	1.196	0.259
-300..200	3200	rAj	rāj	263	220	43	1.195	0.258
-300..200	3200	trA	trā	261	143	118	1.825	0.868
-300..200	3200	ASaMs	āśaṁs	256	160	96	1.600	0.678
-300..200	3200	samAvf	samāvṛ	231	143	88	1.615	0.692
-300..200	3200	saMSita	saṁśita	271	139	132	1.950	0.963
-300..200	3200	Bakta	bhakta	260	395	-135	0.658	-0.603
-300..200	3200	Atmavat	ātmavat	227	163	64	1.393	0.478
-300..200	3200	danta	danta	259	293	-34	0.884	-0.178
-300..200	3200	suBUti	subhūti	256	682	-426	0.375	-1.414
-300..200	3200	samutTA	samutthā	248	164	84	1.512	0.597
-300..200	3200	saMkula	saṁkula	234	167	67	1.401	0.487
-300..200	3200	saMvatsara	saṁvatsara	228	187	41	1.219	0.286
-300..200	3200	avyakta	avyakta	233	292	-59	0.798	-0.326
-300..200	3200	ASu	āśu	261	633	-372	0.412	-1.278
-300..200	3200	yozit	yoṣit	223	176	47	1.267	0.341
-300..200	3200	mahArha	mahārha	255	139	116	1.835	0.875
-300..200	3200	vyADi	vyādhi	258	521	-263	0.495	-1.014
-300..200	3200	SradDA	śraddhā	253	312	-59	0.811	-0.302
-300..200	3200	mfDa	mṛdha	221	137	84	1.613	0.690
-300..200	3200	prajval	prajval	245	146	99	1.678	0.747
-300..200	3200	pradIp	pradīp	251	146	105	1.719	0.782
-300..200	3200	vIkz	vīkṣ	255	172	83	1.483	0.568
-300..200	3200	Ipsay	īpsay	225	142	83	1.585	0.664
-300..200	3200	kftAYjali	kṛtāñjali	242	138	104	1.754	0.810
-300..200	3200	saMsAra	saṁsāra	258	150	108	1.720	0.782
-300..200	3200	nyAya	nyāya	239	152	87	1.572	0.653
-300..200	3200	avasTA	avasthā	234	592	-358	0.395	-1.339
-300..200	3200	dUra	dūra	250	187	63	1.337	0.419
-300..200	3200	putrI	putrī	264	140	124	1.886	0.915
-300..200	3200	bahula	bahula	264	206	58	1.282	0.358
-300..200	3200	priya	priya	249	1796	-1547	0.139	-2.851
-300..200	3200	Asad	āsad	248	145	103	1.710	0.774
-300..200	3200	pramuc	pramuc	206	154	52	1.338	0.420
-300..200	3200	saMcintay	saṁcintay	219	140	79	1.564	0.646
-300..200	3200	bIBatsu	bībhatsu	256	192	64	1.333	0.415
-300..200	3200	fkza	ṛkṣa	246	164	82	1.500	0.585
-300..200	3200	mAnasa	mānasa	249	408	-159	0.610	-0.712
-300..200	3200	rUpin	rūpin	236	142	94	1.662	0.733
-300..200	3200	tArA	tārā	248	137	111	1.810	0.856
-300..200	3200	viDAna	vidhāna	251	281	-30	0.893	-0.163
-300..200	3200	vfdDi	vṛddhi	258	331	-73	0.779	-0.359
-300..200	3200	kANkz	kāṅkṣ	247	144	103	1.715	0.778
-300..200	3200	nO	nau	249	159	90	1.566	0.647
-300..200	3200	BAzita	bhāṣita	249	142	107	1.754	0.810
-300..200	3200	taras	taras	259	136	123	1.904	0.929
-300..200	3200	anupaS	anupaś	223	136	87	1.640	0.713
-300..200	3200	niyuj	niyuj	239	164	75	1.457	0.543
-300..200	3200	caturTa	caturtha	242	212	30	1.142	0.191
-300..200	3200	saMyam	saṁyam	248	155	93	1.600	0.678
-300..200	3200	saMSri	saṁśri	230	175	55	1.314	0.394
-300..200	3200	paScima	paścima	239	179	60	1.335	0.417
-300..200	3200	anurUpa	anurūpa	242	161	81	1.503	0.588
-300..200	3200	parigraha	parigraha	226	174	52	1.299	0.377
-300..200	3200	DArA	dhārā	252	221	31	1.140	0.189
-300..200	3200	Aroha	āroha	262	147	115	1.782	0.834
-300..200	3200	loman	loman	266	171	95	1.556	0.637
-300..200	3200	mahAmati	mahāmati	220	137	83	1.606	0.683
-300..200	3200	mAtaMga	mātaṁga	256	141	115	1.816	0.860
-300..200	3200	turaga	turaga	255	140	115	1.821	0.865
-300..200	3200	senApati	senāpati	226	144	82	1.569	0.650
-300..200	3200	suparRa	suparṇa	239	141	98	1.695	0.761
-300..200	3200	gIta	gīta	249	149	100	1.671	0.741
-300..200	3200	brahmarzi	brahmarṣi	243	139	104	1.748	0.806
-300..200	3200	majj	majj	249	149	100	1.671	0.741
-300..200	3200	prakram	prakram	179	152	27	1.178	0.236
-300..200	3200	akza	akṣa	263	728	-465	0.361	-1.469
-300..200	3200	ajina	ajina	253	145	108	1.745	0.803
-300..200	3200	BUri	bhūri	259	141	118	1.837	0.877
-300..200	3200	Agamana	āgamana	231	159	72	1.453	0.539
-300..200	3200	vfza	vṛṣa	225	166	59	1.355	0.439
-300..200	3200	ASvAsay	āśvāsay	222	140	82	1.586	0.665
-300..200	3200	upakram	upakram	172	181	-9	0.950	-0.074
-300..200	3200	vivarjay	vivarjay	206	202	4	1.020	0.028
-300..200	3200	aNga	aṅga	260	1211	-951	0.215	-2.220
-300..200	3200	rajanI	rajanī	236	179	57	1.318	0.399
-300..200	3200	vaRij	vaṇij	221	147	74	1.503	0.588
-300..200	3200	jvara	jvara	203	777	-574	0.261	-1.936
-300..200	3200	veza	veṣa	256	152	104	1.684	0.752
-300..200	3200	vESravaRa	vaiśravaṇa	228	143	85	1.594	0.673
-300..200	3200	prakASa	prakāśa	246	244	2	1.008	0.012
-300..200	3200	sAntvay	sāntvay	235	136	99	1.728	0.789
-300..200	3200	prapat	prapat	246	140	106	1.757	0.813
-300..200	3200	viDam	vidham	246	132	114	1.864	0.898
-300..200	3200	vyavasA	vyavasā	233	166	67	1.404	0.489
-300..200	3200	samAviS	samāviś	239	139	100	1.719	0.782
-300..200	3200	DAtf	dhātṛ	244	136	108	1.794	0.843
-300..200	3200	dunduBi	dundubhi	241	137	104	1.759	0.815
-300..200	3200	damayantI	damayantī	228	132	96	1.727	0.788
-300..200	3200	brAhma	brāhma	238	163	75	1.460	0.546
-300..200	3200	praharaRa	praharaṇa	235	141	94	1.667	0.737
-300..200	3200	mUrCay	mūrchay	227	144	83	1.576	0.657
-300..200	3200	upaspfS	upaspṛś	231	155	76	1.490	0.576
-300..200	3200	parAji	parāji	213	139	74	1.532	0.616
-300..200	3200	SradDA	śraddhā	226	312	-86	0.724	-0.465
-300..200	3200	karaRa	karaṇa	242	242	0	1.000	0.000
-300..200	3200	uzRa	uṣṇa	246	823	-577	0.299	-1.742
-300..200	3200	AQya	āḍhya	252	171	81	1.474	0.559
-300..200	3200	mAlin	mālin	218	145	73	1.503	0.588
-300..200	3200	pAra	pāra	249	142	107	1.754	0.810
-300..200	3200	daMzwra	daṁṣṭra	251	153	98	1.641	0.714
-300..200	3200	Sukla	śukla	231	298	-67	0.775	-0.367
-300..200	3200	vihAra	vihāra	235	181	54	1.298	0.377
-300..200	3200	kAmay	kāmay	231	140	91	1.650	0.722
-300..200	3200	parivft	parivṛt	208	135	73	1.541	0.624
-300..200	3200	praSam	praśam	232	183	49	1.268	0.342
-300..200	3200	prahA	prahā	235	133	102	1.767	0.821
-300..200	3200	saMskAra	saṁskāra	247	235	12	1.051	0.072
-300..200	3200	aparAjita	aparājita	200	146	54	1.370	0.454
-300..200	3200	viraTa	viratha	216	129	87	1.674	0.744
-300..200	3200	vigraha	vigraha	231	155	76	1.490	0.576
-300..200	3200	durmada	durmada	215	139	76	1.547	0.629
-300..200	3200	dehin	dehin	195	209	-14	0.933	-0.100
-300..200	3200	somaka	somaka	225	130	95	1.731	0.791
-300..200	3200	kzaya	kṣaya	173	989	-816	0.175	-2.515
-300..200	3200	luB	lubh	237	143	94	1.657	0.729
-300..200	3200	vidru	vidru	221	132	89	1.674	0.744
-300..200	3200	candramas	candramas	218	137	81	1.591	0.670
-300..200	3200	kAzWa	kāṣṭha	228	201	27	1.134	0.182
-300..200	3200	ulkA	ulkā	240	136	104	1.765	0.819
-300..200	3200	SrAdDa	śrāddha	234	182	52	1.286	0.363
-300..200	3200	BaginI	bhaginī	237	140	97	1.693	0.759
-300..200	3200	rucira	rucira	239	132	107	1.811	0.856
-300..200	3200	tanu	tanu	231	296	-65	0.780	-0.358
-300..200	3200	gagana	gagana	246	131	115	1.878	0.909
-300..200	3200	DA	dhā	208	149	59	1.396	0.481
-300..200	3200	AjYApay	ājñāpay	212	130	82	1.631	0.706
-300..200	3200	nirdah	nirdah	230	132	98	1.742	0.801
-300..200	3200	saMnam	saṁnam	248	127	121	1.953	0.966
-300..200	3200	kaRWa	kaṇṭha	241	256	-15	0.941	-0.087
-300..200	3200	ketu	ketu	241	130	111	1.854	0.891
-300..200	3200	anATa	anātha	221	133	88	1.662	0.733
-300..200	3200	apramatta	apramatta	234	142	92	1.648	0.721
-300..200	3200	BerI	bherī	233	137	96	1.701	0.766
-300..200	3200	ftvij	ṛtvij	208	148	60	1.405	0.491
-300..200	3200	Arjava	ārjava	228	141	87	1.617	0.693
-300..200	3200	praDAna	pradhāna	236	268	-32	0.881	-0.183
-300..200	3200	kf	kṛ	230	13960	-13730	0.016	-5.924
-300..200	3200	smi	smi	224	127	97	1.764	0.819
-300..200	3200	aByAgam	abhyāgam	212	129	83	1.643	0.717
-300..200	3200	pravartay	pravartay	230	212	18	1.085	0.118
-300..200	3200	vikfz	vikṛṣ	232	131	101	1.771	0.825
-300..200	3200	cikIrz	cikīrṣ	210	135	75	1.556	0.637
-300..200	3200	paYcama	pañcama	219	180	39	1.217	0.283
-300..200	3200	saMtApa	saṁtāpa	237	180	57	1.317	0.397
-300..200	3200	saMDi	saṁdhi	229	340	-111	0.674	-0.570
-300..200	3200	cetanA	cetanā	202	151	51	1.338	0.420
-300..200	3200	asta	asta	235	131	104	1.794	0.843
-300..200	3200	vatsala	vatsala	210	129	81	1.628	0.703
-300..200	3200	vAma	vāma	234	177	57	1.322	0.403
-300..200	3200	pfTA	pṛthā	231	139	92	1.662	0.733
-300..200	3200	dASArha	dāśārha	249	129	120	1.930	0.949
-300..200	3200	niram	niram	242	129	113	1.876	0.908
-300..200	3200	samASri	samāśri	222	143	79	1.552	0.635
-300..200	3200	aNgiras	aṅgiras	226	134	92	1.687	0.754
-300..200	3200	Beda	bheda	234	281	-47	0.833	-0.264
-300..200	3200	saMvAda	saṁvāda	245	126	119	1.944	0.959
-300..200	3200	sahasrAkza	sahasrākṣa	239	126	113	1.897	0.924
-300..200	3200	guRavat	guṇavat	228	145	83	1.572	0.653
-300..200	3200	praKyA	prakhyā	244	163	81	1.497	0.582
-300..200	3200	Akram	ākram	231	139	92	1.662	0.733
-300..200	3200	praBU	prabhū	233	144	89	1.618	0.694
-300..200	3200	samprasTA	samprasthā	185	157	28	1.178	0.237
-300..200	3200	dAtf	dātṛ	234	162	72	1.444	0.531
-300..200	3200	nivAsin	nivāsin	214	130	84	1.646	0.719
-300..200	3200	yogin	yogin	232	143	89	1.622	0.698
-300..200	3200	bIja	bīja	218	349	-131	0.625	-0.679
-300..200	3200	samAsTA	samāsthā	222	126	96	1.762	0.817
-300..200	3200	anitya	anitya	214	161	53	1.329	0.411
-300..200	3200	sAdin	sādin	209	136	73	1.537	0.620
-300..200	3200	upADyAya	upādhyāya	203	146	57	1.390	0.476
-300..200	3200	ucita	ucita	219	142	77	1.542	0.625
-300..200	3200	mAnin	mānin	218	134	84	1.627	0.702
-300..200	3200	tftIya	tṛtīya	217	195	22	1.113	0.154
-300..200	3200	tarasvin	tarasvin	214	124	90	1.726	0.787
-300..200	3200	Sibira	śibira	224	126	98	1.778	0.830
-300..200	3200	vizAda	viṣāda	222	135	87	1.644	0.718
-300..200	3200	anviz	anviṣ	228	140	88	1.629	0.704
-300..200	3200	ucCri	ucchri	212	144	68	1.472	0.558
-300..200	3200	caryA	caryā	242	137	105	1.766	0.821
-300..200	3200	ananta	ananta	227	195	32	1.164	0.219
-300..200	3200	viSiKa	viśikha	226	123	103	1.837	0.878
-300..200	3200	Bujaga	bhujaga	228	126	102	1.810	0.856
-300..200	3200	avaDya	avadhya	202	124	78	1.629	0.704
-300..200	3200	utsAha	utsāha	237	150	87	1.580	0.660
-300..200	3200	Ayasa	āyasa	217	154	63	1.409	0.495
-300..200	3200	yoDin	yodhin	214	152	62	1.408	0.494
-300..200	3200	raGunandana	raghunandana	192	121	71	1.587	0.666
-300..200	3200	lomaSa	lomaśa	161	121	40	1.331	0.412
-300..200	3200	ravi	ravi	210	129	81	1.628	0.703
-300..200	3200	skanda	skanda	214	144	70	1.486	0.572
-300..200	3200	sAra	sāra	236	270	-34	0.874	-0.194
-300..200	3200	dayita	dayita	226	124	102	1.823	0.866
-300..200	3200	dAsI	dāsī	219	142	77	1.542	0.625
-300..200	3200	Sram	śram	221	139	82	1.590	0.669
-300..200	3200	niHSvas	niḥśvas	221	124	97	1.782	0.834
-300..200	3200	prajYA	prajñā	199	521	-322	0.382	-1.389
-300..200	3200	pratizWApay	pratiṣṭhāpay	213	176	37	1.210	0.275
-300..200	3200	visarjay	visarjay	197	124	73	1.589	0.668
-300..200	3200	aNka	aṅka	228	134	94	1.701	0.767
-300..200	3200	patti	patti	221	136	85	1.625	0.700
-300..200	3200	yAdfSa	yādṛśa	193	145	48	1.331	0.413
-300..200	3200	tfRa	tṛṇa	219	172	47	1.273	0.349
-300..200	3200	piRqa	piṇḍa	234	209	25	1.120	0.163
-300..200	3200	sEnya	sainya	231	1202	-971	0.192	-2.379
-300..200	3200	kzattf	kṣattṛ	225	130	95	1.731	0.791
-300..200	3200	nft	nṛt	223	130	93	1.715	0.779
-300..200	3200	BraMS	bhraṁś	225	147	78	1.531	0.614
-300..200	3200	kaSyapa	kaśyapa	208	129	79	1.612	0.689
-300..200	3200	aparADa	aparādha	212	134	78	1.582	0.662
-300..200	3200	aBaya	abhaya	211	153	58	1.379	0.464
-300..200	3200	nigraha	nigraha	212	179	33	1.184	0.244
-300..200	3200	hiraRya	hiraṇya	211	155	56	1.361	0.445
-300..200	3200	vEqUrya	vaiḍūrya	221	138	83	1.601	0.679
-300..200	3200	pIta	pīta	229	216	13	1.060	0.084
-300..200	3200	juz	juṣ	230	162	68	1.420	0.506
-300..200	3200	Aplu	āplu	208	143	65	1.455	0.541
-300..200	3200	vicintay	vicintay	202	122	80	1.656	0.727
-300..200	3200	anantara	anantara	198	155	43	1.277	0.353
-300..200	3200	kamala	kamala	227	131	96	1.733	0.793
-300..200	3200	Bagadatta	bhagadatta	217	119	98	1.824	0.867
-300..200	3200	duzkfta	duṣkṛta	198	148	50	1.338	0.420
-300..200	3200	Darmaputra	dharmaputra	228	118	110	1.932	0.950
-300..200	3200	snigDa	snigdha	215	538	-323	0.400	-1.323
-300..200	3200	svAgata	svāgata	203	220	-17	0.923	-0.116
-300..200	3200	gamBIra	gambhīra	221	207	14	1.068	0.094
-300..200	3200	sad	sad	215	162	53	1.327	0.408
-300..200	3200	niveSay	niveśay	191	145	46	1.317	0.398
-300..200	3200	saMniDi	saṁnidhi	195	131	64	1.489	0.574
-300..200	3200	asTi	asthi	214	392	-178	0.546	-0.873
-300..200	3200	raNga	raṅga	221	123	98	1.797	0.845
-300..200	3200	vasu	vasu	212	407	-195	0.521	-0.941
-300..200	3200	pavana	pavana	223	201	22	1.109	0.150
-300..200	3200	samyaksamboDi	samyaksambodhi	228	240	-12	0.950	-0.074
-300..200	3200	pUrRa	pūrṇa	199	384	-185	0.518	-0.948
-300..200	3200	bfhat	bṛhat	214	131	83	1.634	0.708
-300..200	3200	aBipUjay	abhipūjay	182	125	57	1.456	0.542
-300..200	3200	mfd	mṛd	203	235	-32	0.864	-0.211
-300..200	3200	prativyaD	prativyadh	200	119	81	1.681	0.749
-300..200	3200	saMGAta	saṁghāta	224	151	73	1.483	0.569
-300..200	3200	samA	samā	198	134	64	1.478	0.563
-300..200	3200	Srotra	śrotra	212	170	42	1.247	0.319
-300..200	3200	vikarRa	vikarṇa	215	119	96	1.807	0.853
-300..200	3200	Adya	ādya	222	262	-40	0.847	-0.239
-300..200	3200	yAtrA	yātrā	215	133	82	1.617	0.693
-300..200	3200	dveza	dveṣa	227	157	70	1.446	0.532
-300..200	3200	syandana	syandana	219	126	93	1.738	0.798
-300..200	3200	prapaS	prapaś	205	120	85	1.708	0.773
-300..200	3200	niraya	niraya	218	122	96	1.787	0.837
-300..200	3200	viMSati	viṁśati	212	181	31	1.171	0.228
-300..200	3200	jAmadagnya	jāmadagnya	207	122	85	1.697	0.763
-300..200	3200	tvarA	tvarā	211	122	89	1.730	0.790
-300..200	3200	kfz	kṛṣ	206	134	72	1.537	0.620
-300..200	3200	upaSoBay	upaśobhay	182	124	58	1.468	0.554
-300..200	3200	niviS	niviś	207	127	80	1.630	0.705
-300..200	3200	aNganA	aṅganā	190	131	59	1.450	0.536
-300..200	3200	atula	atula	214	115	99	1.861	0.896
-300..200	3200	saMsad	saṁsad	183	123	60	1.488	0.573
-300..200	3200	BUyizWa	bhūyiṣṭha	221	204	17	1.083	0.115
-300..200	3200	samAna	samāna	206	232	-26	0.888	-0.171
-300..200	3200	DOmya	dhaumya	207	121	86	1.711	0.775
-300..200	3200	avyagra	avyagra	224	116	108	1.931	0.949
-300..200	3200	lAGava	lāghava	176	163	13	1.080	0.111
-300..200	3200	jarAsaMDa	jarāsaṁdha	211	114	97	1.851	0.888
-300..200	3200	snuzA	snuṣā	203	122	81	1.664	0.735
-300..200	3200	guru	guru	214	1694	-1480	0.126	-2.985
-300..200	3200	mantray	mantray	196	135	61	1.452	0.538
-300..200	3200	mfz	mṛṣ	193	116	77	1.664	0.734
-300..200	3200	sADay	sādhay	199	467	-268	0.426	-1.231
-300..200	3200	upahan	upahan	216	187	29	1.155	0.208
-300..200	3200	saMsTA	saṁsthā	200	183	17	1.093	0.128
-300..200	3200	samAyuj	samāyuj	223	125	98	1.784	0.835
-300..200	3200	samalaMkf	samalaṁkṛ	191	120	71	1.592	0.671
-300..200	3200	aMSa	aṁśa	214	210	4	1.019	0.027
-300..200	3200	atyanta	atyanta	205	137	68	1.496	0.581
-300..200	3200	kilbiza	kilbiṣa	179	135	44	1.326	0.407
-300..200	3200	kukzi	kukṣi	220	227	-7	0.969	-0.045
-300..200	3200	vAha	vāha	218	129	89	1.690	0.757
-300..200	3200	cyavana	cyavana	199	135	64	1.474	0.560
-300..200	3200	dAsa	dāsa	213	138	75	1.543	0.626
-300..200	3200	akzara	akṣara	201	216	-15	0.931	-0.104
-300..200	3200	saMcaya	saṁcaya	197	146	51	1.349	0.432
-300..200	3200	Bakta	bhakta	215	395	-180	0.544	-0.878
-300..200	3200	ahiMsA	ahiṁsā	186	132	54	1.409	0.495
-300..200	3200	lohita	lohita	202	209	-7	0.967	-0.049
-300..200	3200	tAmra	tāmra	219	228	-9	0.961	-0.058
-300..200	3200	kOtUhala	kautūhala	183	114	69	1.605	0.683
-300..200	3200	plavaMgama	plavaṁgama	182	113	69	1.611	0.688
-300..200	3200	SaNk	śaṅk	200	121	79	1.653	0.725
-300..200	3200	aBipad	abhipad	194	129	65	1.504	0.589
-300..200	3200	GAtay	ghātay	200	131	69	1.527	0.610
-300..200	3200	GAtin	ghātin	186	122	64	1.525	0.608
-300..200	3200	prasah	prasah	200	132	68	1.515	0.599
-300..200	3200	anAgata	anāgata	204	153	51	1.333	0.415
-300..200	3200	paryAya	paryāya	209	152	57	1.375	0.459
-300..200	3200	nIla	nīla	204	391	-187	0.522	-0.939
-300..200	3200	nidarSana	nidarśana	170	128	42	1.328	0.409
-300..200	3200	maDyama	madhyama	201	226	-25	0.889	-0.169
-300..200	3200	DUma	dhūma	204	302	-98	0.675	-0.566
-300..200	3200	AKyAna	ākhyāna	211	135	76	1.563	0.644
-300..200	3200	rakzaRa	rakṣaṇa	198	145	53	1.366	0.449
-300..200	3200	yaTAkAma	yathākāma	214	113	101	1.894	0.921
-300..200	3200	janeSvara	janeśvara	185	112	73	1.652	0.724
-300..200	3200	sarga	sarga	192	123	69	1.561	0.642
-300..200	3200	SaNKa	śaṅkha	199	512	-313	0.389	-1.363
-300..200	3200	vEkartana	vaikartana	206	113	93	1.823	0.866
-300..200	3200	piSAca	piśāca	215	134	81	1.604	0.682
-300..200	3200	daMSay	daṁśay	183	113	70	1.619	0.696
-300..200	3200	pratiBA	pratibhā	174	130	44	1.338	0.421
-300..200	3200	samutpad	samutpad	216	126	90	1.714	0.778
-300..200	3200	tiryaYc	tiryañc	206	145	61	1.421	0.507
-300..200	3200	aDyAtma	adhyātma	204	137	67	1.489	0.574
-300..200	3200	kANkzin	kāṅkṣin	171	112	59	1.527	0.610
-300..200	3200	anDaka	andhaka	211	115	96	1.835	0.876
-300..200	3200	aByaDika	abhyadhika	198	124	74	1.597	0.675
-300..200	3200	nava	nava	204	195	9	1.046	0.065
-300..200	3200	udaDi	udadhi	181	114	67	1.588	0.667
-300..200	3200	yadfcCA	yadṛcchā	178	128	50	1.391	0.476
-300..200	3200	pARqura	pāṇḍura	179	121	58	1.479	0.565
-300..200	3200	vEvasvata	vaivasvata	202	120	82	1.683	0.751
-300..200	3200	boDi	bodhi	214	157	57	1.363	0.447
-300..200	3200	praSna	praśna	209	142	67	1.472	0.558
-300..200	3200	jap	jap	204	144	60	1.417	0.503
-300..200	3200	grahaRa	grahaṇa	193	191	2	1.010	0.015
-300..200	3200	bAD	bādh	194	135	59	1.437	0.523
-300..200	3200	varDay	vardhay	199	140	59	1.421	0.507
-300..200	3200	varay	varay	204	111	93	1.838	0.878
-300..200	3200	parirakz	parirakṣ	178	119	59	1.496	0.581
-300..200	3200	prakAS	prakāś	185	122	63	1.516	0.601
-300..200	3200	pramad	pramad	190	118	72	1.610	0.687
-300..200	3200	vistf	vistṛ	208	129	79	1.612	0.689
-300..200	3200	vyAKyA	vyākhyā	178	549	-371	0.324	-1.625
-300..200	3200	mAmaka	māmaka	188	133	55	1.414	0.499
-300..200	3200	kartf	kartṛ	203	338	-135	0.601	-0.736
-300..200	3200	cIra	cīra	203	112	91	1.812	0.858
-300..200	3200	mAtali	mātali	187	110	77	1.700	0.766
-300..200	3200	jvalana	jvalana	212	138	74	1.536	0.619
-300..200	3200	sraj	sraj	199	130	69	1.531	0.614
-300..200	3200	dasyu	dasyu	198	121	77	1.636	0.710
-300..200	3200	rocay	rocay	176	120	56	1.467	0.553
-300..200	3200	nAday	nāday	188	112	76	1.679	0.747
-300..200	3200	aBivfz	abhivṛṣ	193	111	82	1.739	0.798
-300..200	3200	tozay	toṣay	186	110	76	1.691	0.758
-300..200	3200	praSAs	praśās	187	110	77	1.700	0.766
-300..200	3200	akza	akṣa	190	728	-538	0.261	-1.938
-300..200	3200	Boja	bhoja	201	110	91	1.827	0.870
-300..200	3200	SrAvastI	śrāvastī	198	116	82	1.707	0.771
-300..200	3200	SlakzRa	ślakṣṇa	210	185	25	1.135	0.183
-300..200	3200	aSoka	aśoka	196	143	53	1.371	0.455
-300..200	3200	aSman	aśman	188	149	39	1.262	0.335
-300..200	3200	yukta	yukta	208	120	88	1.733	0.794
-300..200	3200	meDAvin	medhāvin	207	128	79	1.617	0.693
-300..200	3200	durjaya	durjaya	170	135	35	1.259	0.333
-300..200	3200	hfzIkeSa	hṛṣīkeśa	213	109	104	1.954	0.967
-300..200	3200	Bram	bhram	200	127	73	1.575	0.655
-300..200	3200	hiMs	hiṁs	177	146	31	1.212	0.278
-300..200	3200	pratimA	pratimā	211	120	91	1.758	0.814
-300..200	3200	amarzaRa	amarṣaṇa	173	110	63	1.573	0.653
-300..200	3200	kaNka	kaṅka	207	118	89	1.754	0.811
-300..200	3200	saMgraha	saṁgraha	194	185	9	1.049	0.069
-300..200	3200	BUriSravas	bhūriśravas	175	107	68	1.636	0.710
-300..200	3200	cAraRa	cāraṇa	202	117	85	1.726	0.788
-300..200	3200	ASA	āśā	191	137	54	1.394	0.479
-300..200	3200	lokapAla	lokapāla	196	112	84	1.750	0.807
-300..200	3200	rAjasUya	rājasūya	200	111	89	1.802	0.849
-300..200	3200	vAditra	vāditra	188	118	70	1.593	0.672
-300..200	3200	sAvitrI	sāvitrī	180	125	55	1.440	0.526
-300..200	3200	vizama	viṣama	195	307	-112	0.635	-0.655
-300..200	3200	vicAray	vicāray	177	117	60	1.513	0.597
-300..200	3200	viSvas	viśvas	188	123	65	1.528	0.612
-300..200	3200	caturdaSan	caturdaśan	165	123	42	1.341	0.424
-300..200	3200	paripAlay	paripālay	166	111	55	1.495	0.581
-300..200	3200	trigarta	trigarta	195	107	88	1.822	0.866
-300..200	3200	kAmyA	kāmyā	154	115	39	1.339	0.421
-300..200	3200	viGna	vighna	205	113	92	1.814	0.859
-300..200	3200	dIpa	dīpa	181	144	37	1.257	0.330
-300..200	3200	jIva	jīva	201	218	-17	0.922	-0.117
-300..200	3200	taruRa	taruṇa	188	166	22	1.133	0.180
-300..200	3200	stamBa	stambha	197	183	14	1.077	0.106
-300..200	3200	sva	sva	203	2947	-2744	0.069	-3.860
-300..200	3200	SyAma	śyāma	191	129	62	1.481	0.566
-300..200	3200	paryAp	paryāp	194	113	81	1.717	0.780
-300..200	3200	prabrU	prabrū	184	112	72	1.643	0.716
-300..200	3200	samADi	samādhi	196	142	54	1.380	0.465
-300..200	3200	nAnAviDa	nānāvidha	184	124	60	1.484	0.569
-300..200	3200	rakzA	rakṣā	195	145	50	1.345	0.427
-300..200	3200	ramaRIya	ramaṇīya	188	110	78	1.709	0.773
-300..200	3200	jananI	jananī	193	109	84	1.771	0.824
-300..200	3200	pAnIya	pānīya	183	135	48	1.356	0.439
-300..200	3200	SaMtanu	śaṁtanu	194	122	72	1.590	0.669
-300..200	3200	SiKA	śikhā	197	108	89	1.824	0.867
-300..200	3200	krama	krama	193	219	-26	0.881	-0.182
-300..200	3200	as	as	185	9126	-8941	0.020	-5.624
-300..200	3200	kliS	kliś	197	128	69	1.539	0.622
-300..200	3200	Gana	ghana	184	199	-15	0.925	-0.113
-300..200	3200	vA	vā	180	8724	-8544	0.021	-5.599
-300..200	3200	trAsay	trāsay	194	109	85	1.780	0.832
-300..200	3200	nASay	nāśay	186	136	50	1.368	0.452
-300..200	3200	carita	carita	203	120	83	1.692	0.758
-300..200	3200	satkAra	satkāra	202	117	85	1.726	0.788
-300..200	3200	kali	kali	191	122	69	1.566	0.647
-300..200	3200	anyatama	anyatama	174	207	-33	0.841	-0.251
-300..200	3200	ozaDi	oṣadhi	190	173	17	1.098	0.135
-300..200	3200	upapatti	upapatti	179	164	15	1.091	0.126
-300..200	3200	indrajit	indrajit	181	106	75	1.708	0.772
-300..200	3200	vAda	vāda	199	131	68	1.519	0.603
-300..200	3200	buDa	budha	167	212	-45	0.788	-0.344
-300..200	3200	banDana	bandhana	181	159	22	1.138	0.187
-300..200	3200	garj	garj	185	109	76	1.697	0.763
-300..200	3200	BAvay	bhāvay	189	172	17	1.099	0.136
-300..200	3200	karuRa	karuṇa	204	111	93	1.838	0.878
-300..200	3200	kftAstra	kṛtāstra	192	107	85	1.794	0.843
-300..200	3200	saMkzaya	saṁkṣaya	168	122	46	1.377	0.462
-300..200	3200	saMKyA	saṁkhyā	194	237	-43	0.819	-0.289
-300..200	3200	ambuda	ambuda	154	118	36	1.305	0.384
-300..200	3200	naya	naya	185	110	75	1.682	0.750
-300..200	3200	tridiva	tridiva	190	107	83	1.776	0.828
-300..200	3200	sAntva	sāntva	191	109	82	1.752	0.809
-300..200	3200	sPIta	sphīta	198	105	93	1.886	0.915
-300..200	3200	SrAvay	śrāvay	182	116	66	1.569	0.650
-300..200	3200	paryupAs	paryupās	162	111	51	1.459	0.545
-300..200	3200	samAnI	samānī	187	114	73	1.640	0.714
-300..200	3200	vAcay	vācay	196	180	16	1.089	0.123
-300..200	3200	mokzay	mokṣay	183	115	68	1.591	0.670
-300..200	3200	acintya	acintya	189	147	42	1.286	0.363
-300..200	3200	kumBa	kumbha	197	155	42	1.271	0.346
-300..200	3200	hrI	hrī	194	112	82	1.732	0.793
-300..200	3200	durbudDi	durbuddhi	192	105	87	1.829	0.871
-300..200	3200	vibuDa	vibudha	192	108	84	1.778	0.830
-300..200	3200	SaSin	śaśin	190	109	81	1.743	0.802
-300..200	3200	preta	preta	193	150	43	1.287	0.364
-300..200	3200	praT	prath	193	111	82	1.739	0.798
-300..200	3200	avabuD	avabudh	141	113	28	1.248	0.319
-300..200	3200	kuSa	kuśa	185	150	35	1.233	0.303
-300..200	3200	aNgada	aṅgada	194	318	-124	0.610	-0.713
-300..200	3200	antarAtman	antarātman	153	114	39	1.342	0.424
-300..200	3200	BUti	bhūti	191	106	85	1.802	0.850
-300..200	3200	amoGa	amogha	177	110	67	1.609	0.686
-300..200	3200	ninada	ninada	187	103	84	1.816	0.860
-300..200	3200	udyAna	udyāna	189	134	55	1.410	0.496
-300..200	3200	guh	guh	188	156	32	1.205	0.269
-300..200	3200	anuraYj	anurañj	182	113	69	1.611	0.688
-300..200	3200	anusmf	anusmṛ	161	107	54	1.505	0.589
-300..200	3200	nirBid	nirbhid	183	103	80	1.777	0.829
-300..200	3200	saMsaYj	saṁsañj	186	105	81	1.771	0.825
-300..200	3200	maNgala	maṅgala	170	164	6	1.037	0.052
-300..200	3200	samasta	samasta	182	146	36	1.247	0.318
-300..200	3200	nikfti	nikṛti	178	107	71	1.664	0.734
-300..200	3200	manorama	manorama	177	103	74	1.718	0.781
-300..200	3200	uddeSa	uddeśa	195	123	72	1.585	0.665
-300..200	3200	varizWa	variṣṭha	190	111	79	1.712	0.775
-300..200	3200	jawA	jaṭā	184	111	73	1.658	0.729
-300..200	3200	nivartay	nivartay	167	103	64	1.621	0.697
-300..200	3200	pratiSru	pratiśru	169	100	69	1.690	0.757
-300..200	3200	fC	ṛch	165	127	38	1.299	0.378
-300..200	3200	kaliNga	kaliṅga	179	105	74	1.705	0.770
-300..200	3200	BUyas	bhūyas	173	940	-767	0.184	-2.442
-300..200	3200	uttara	uttara	173	773	-600	0.224	-2.160
-300..200	3200	tfzRA	tṛṣṇā	187	302	-115	0.619	-0.692
-300..200	3200	dvaya	dvaya	190	194	-4	0.979	-0.030
-300..200	3200	hantf	hantṛ	186	118	68	1.576	0.657
-300..200	3200	musala	musala	185	115	70	1.609	0.686
-300..200	3200	deSay	deśay	187	175	12	1.069	0.096
-300..200	3200	aBirakz	abhirakṣ	159	107	52	1.486	0.571
-300..200	3200	tAray	tāray	171	116	55	1.474	0.560
-300..200	3200	upadru	upadru	131	135	-4	0.970	-0.043
-300..200	3200	saMtyaj	saṁtyaj	182	101	81	1.802	0.850
-300..200	3200	samAcar	samācar	138	150	-12	0.920	-0.120
-300..200	3200	sampf	sampṛ	189	118	71	1.602	0.680
-300..200	3200	satyavatI	satyavatī	181	106	75	1.708	0.772
-300..200	3200	kubera	kubera	182	104	78	1.750	0.807
-300..200	3200	niDi	nidhi	175	122	53	1.434	0.520
-300..200	3200	udara	udara	188	278	-90	0.676	-0.564
-300..200	3200	avyakta	avyakta	177	292	-115	0.606	-0.722
-300..200	3200	mAtA	mātā	170	127	43	1.339	0.421
-300..200	3200	devayAnI	devayānī	160	118	42	1.356	0.439
-300..200	3200	janakAtmajA	janakātmajā	152	98	54	1.551	0.633
-300..200	3200	pAYcAlI	pāñcālī	192	105	87	1.829	0.871
-300..200	3200	tvac	tvac	171	430	-259	0.398	-1.330
-300..200	3200	daRqaka	daṇḍaka	183	109	74	1.679	0.748
-300..200	3200	svasTa	svastha	184	143	41	1.287	0.364
-300..200	3200	SuSrUzA	śuśrūṣā	181	119	62	1.521	0.605
-300..200	3200	brahmacArin	brahmacārin	170	180	-10	0.944	-0.082
-300..200	3200	prahAra	prahāra	181	118	63	1.534	0.617
-300..200	3200	ativft	ativṛt	150	125	25	1.200	0.263
-300..200	3200	kampay	kampay	181	101	80	1.792	0.842
-300..200	3200	plu	plu	181	116	65	1.560	0.642
-300..200	3200	akzOhiRI	akṣauhiṇī	152	98	54	1.551	0.633
-300..200	3200	ajira	ajira	140	97	43	1.443	0.529
-300..200	3200	atyaya	atyaya	170	135	35	1.259	0.333
-300..200	3200	sAdana	sādana	120	99	21	1.212	0.278
-300..200	3200	parANmuKa	parāṅmukha	146	103	43	1.417	0.503
-300..200	3200	nivAsa	nivāsa	187	106	81	1.764	0.819
-300..200	3200	SravaRa	śravaṇa	173	164	9	1.055	0.077
-300..200	3200	naKa	nakha	181	242	-61	0.748	-0.419
-300..200	3200	yadu	yadu	181	100	81	1.810	0.856
-300..200	3200	jalada	jalada	170	98	72	1.735	0.795
-300..200	3200	tAla	tāla	185	139	46	1.331	0.412
-300..200	3200	savya	savya	183	116	67	1.578	0.658
-300..200	3200	gfhasTa	gṛhastha	172	116	56	1.483	0.568
-300..200	3200	darSanIya	darśanīya	184	105	79	1.752	0.809
-300..200	3200	aS	aś	185	394	-209	0.470	-1.091
-300..200	3200	aBye	abhye	178	98	80	1.816	0.861
-300..200	3200	Alokay	ālokay	177	102	75	1.735	0.795
-300..200	3200	pratipUjay	pratipūjay	149	101	48	1.475	0.561
-300..200	3200	pramaT	pramath	174	98	76	1.776	0.828
-300..200	3200	prAYc	prāñc	174	165	9	1.055	0.077
-300..200	3200	plavaga	plavaga	191	98	93	1.949	0.963
-300..200	3200	aklizwa	akliṣṭa	190	104	86	1.827	0.869
-300..200	3200	kAmboja	kāmboja	179	100	79	1.790	0.840
-300..200	3200	pattrin	pattrin	157	125	32	1.256	0.329
-300..200	3200	BErava	bhairava	181	108	73	1.676	0.745
-300..200	3200	makara	makara	185	103	82	1.796	0.845
-300..200	3200	Ayatana	āyatana	173	140	33	1.236	0.305
-300..200	3200	puruzottama	puruṣottama	142	97	45	1.464	0.550
-300..200	3200	puz	puṣ	178	111	67	1.604	0.681
-300..200	3200	AdiS	ādiś	166	186	-20	0.892	-0.164
-300..200	3200	pratI	pratī	169	116	53	1.457	0.543
-300..200	3200	pramud	pramud	176	97	79	1.814	0.860
-300..200	3200	prAduras	prāduras	174	100	74	1.740	0.799
-300..200	3200	aDyayana	adhyayana	183	138	45	1.326	0.407
-300..200	3200	parRa	parṇa	183	110	73	1.664	0.734
-300..200	3200	kurukzetra	kurukṣetra	183	98	85	1.867	0.901
-300..200	3200	vikAra	vikāra	169	443	-274	0.381	-1.390
-300..200	3200	vakzas	vakṣas	174	121	53	1.438	0.524
-300..200	3200	suvrata	suvrata	157	97	60	1.619	0.695
-300..200	3200	somadatta	somadatta	180	97	83	1.856	0.892
-300..200	3200	sukfta	sukṛta	171	131	40	1.305	0.384
-300..200	3200	hArdikya	hārdikya	182	95	87	1.916	0.938
-300..200	3200	vipAka	vipāka	174	204	-30	0.853	-0.229
-300..200	3200	gOrava	gaurava	164	217	-53	0.756	-0.404
-300..200	3200	SuBra	śubhra	188	98	90	1.918	0.940
-300..200	3200	gARqIvaDanvan	gāṇḍīvadhanvan	150	95	55	1.579	0.659
-300..200	3200	viSvakarman	viśvakarman	157	107	50	1.467	0.553
-300..200	3200	ukz	ukṣ	170	98	72	1.735	0.795
-300..200	3200	kamp	kamp	171	99	72	1.727	0.788
-300..200	3200	aBI	abhī	182	113	69	1.611	0.688
-300..200	3200	nirdiS	nirdiś	175	170	5	1.029	0.042
-300..200	3200	samAdA	samādā	177	111	66	1.595	0.673
-300..200	3200	sami	sami	177	100	77	1.770	0.824
-300..200	3200	samBram	sambhram	175	95	80	1.842	0.881
-300..200	3200	uttaNka	uttaṅka	162	99	63	1.636	0.710
-300..200	3200	kavi	kavi	174	105	69	1.657	0.729
-300..200	3200	SaMkara	śaṁkara	149	104	45	1.433	0.519
-300..200	3200	bila	bila	173	99	74	1.747	0.805
-300..200	3200	nimajj	nimajj	168	105	63	1.600	0.678
-300..200	3200	nirmuc	nirmuc	182	104	78	1.750	0.807
-300..200	3200	prajan	prajan	160	132	28	1.212	0.278
-300..200	3200	praRI	praṇī	174	130	44	1.338	0.421
-300..200	3200	vivf	vivṛ	175	131	44	1.336	0.418
-300..200	3200	viSf	viśṛ	164	108	56	1.519	0.603
-300..200	3200	atandrita	atandrita	140	128	12	1.094	0.129
-300..200	3200	anizwa	aniṣṭa	163	129	34	1.264	0.338
-300..200	3200	parjanya	parjanya	175	95	80	1.842	0.881
-300..200	3200	UrDva	ūrdhva	169	191	-22	0.885	-0.177
-300..200	3200	upavAsa	upavāsa	167	125	42	1.336	0.418
-300..200	3200	BARqa	bhāṇḍa	180	145	35	1.241	0.312
-300..200	3200	jiGAMsu	jighāṁsu	166	99	67	1.677	0.746
-300..200	3200	dvaMdva	dvaṁdva	165	120	45	1.375	0.459
-300..200	3200	Sukra	śukra	154	449	-295	0.343	-1.544
-300..200	3200	kzura	kṣura	172	96	76	1.792	0.841
-300..200	3200	vihvala	vihvala	156	95	61	1.642	0.716
-300..200	3200	pfTu	pṛthu	182	145	37	1.255	0.328
-300..200	3200	vizWA	viṣṭhā	149	105	44	1.419	0.505
-300..200	3200	nagarI	nagarī	176	94	82	1.872	0.905
-300..200	3200	kftArTa	kṛtārtha	165	95	70	1.737	0.796
-300..200	3200	adri	adri	159	94	65	1.691	0.758
-300..200	3200	anArya	anārya	159	106	53	1.500	0.585
-300..200	3200	kIcaka	kīcaka	163	94	69	1.734	0.794
-300..200	3200	nizWA	niṣṭhā	179	147	32	1.218	0.284
-300..200	3200	CAyA	chāyā	172	149	23	1.154	0.207
-300..200	3200	AtmajA	ātmajā	158	92	66	1.717	0.780
-300..200	3200	vaDU	vadhū	163	99	64	1.646	0.719
-300..200	3200	trARa	trāṇa	184	103	81	1.786	0.837
-300..200	3200	sambanDin	sambandhin	175	100	75	1.750	0.807
-300..200	3200	viniScaya	viniścaya	142	117	25	1.214	0.279
-300..200	3200	gAlava	gālava	156	95	61	1.642	0.716
-300..200	3200	SAstf	śāstṛ	179	121	58	1.479	0.565
-300..200	3200	Sini	śini	178	94	84	1.894	0.921
-300..200	3200	vAhlIka	vāhlīka	169	99	70	1.707	0.772
-300..200	3200	arc	arc	169	102	67	1.657	0.728
-300..200	3200	KAd	khād	176	148	28	1.189	0.250
-300..200	3200	DAv	dhāv	151	155	-4	0.974	-0.038
-300..200	3200	nard	nard	168	93	75	1.806	0.853
-300..200	3200	vikf	vikṛ	171	402	-231	0.425	-1.233
-300..200	3200	vitras	vitras	179	93	86	1.925	0.945
-300..200	3200	viBaj	vibhaj	166	144	22	1.153	0.205
-300..200	3200	niS	niś	167	117	50	1.427	0.513
-300..200	3200	kzetrajYa	kṣetrajña	173	118	55	1.466	0.552
-300..200	3200	kElAsa	kailāsa	154	92	62	1.674	0.743
-300..200	3200	akfta	akṛta	159	116	43	1.371	0.455
-300..200	3200	acyuta	acyuta	145	233	-88	0.622	-0.684
-300..200	3200	saMSaptaka	saṁśaptaka	156	95	61	1.642	0.716
-300..200	3200	karSana	karśana	153	105	48	1.457	0.543
-300..200	3200	paraSvaDa	paraśvadha	154	92	62	1.674	0.743
-300..200	3200	niyoga	niyoga	167	100	67	1.670	0.740
-300..200	3200	matimat	matimat	177	149	28	1.188	0.248
-300..200	3200	Bakza	bhakṣa	168	96	72	1.750	0.807
-300..200	3200	cala	cala	167	135	32	1.237	0.307
-300..200	3200	raTopasTa	rathopastha	179	91	88	1.967	0.976
-300..200	3200	yaTAgata	yathāgata	144	92	52	1.565	0.646
-300..200	3200	roman	roman	178	174	4	1.023	0.033
-300..200	3200	pipAsA	pipāsā	177	183	-6	0.967	-0.048
-300..200	3200	prada	prada	151	151	0	1.000	0.000
-300..200	3200	Cad	chad	174	110	64	1.582	0.662
-300..200	3200	BrAj	bhrāj	169	92	77	1.837	0.877
-300..200	3200	pratIkz	pratīkṣ	163	97	66	1.680	0.749
-300..200	3200	pratyudyA	pratyudyā	169	91	78	1.857	0.893
-300..200	3200	payas	payas	162	463	-301	0.350	-1.515
-300..200	3200	saMDA	saṁdhā	178	360	-182	0.494	-1.016
-300..200	3200	BEkza	bhaikṣa	162	122	40	1.328	0.409
-300..200	3200	nIti	nīti	174	97	77	1.794	0.843
-300..200	3200	ArAma	ārāma	152	104	48	1.462	0.547
-300..200	3200	varAha	varāha	167	129	38	1.295	0.372
-300..200	3200	jAnapada	jānapada	168	107	61	1.570	0.651
-300..200	3200	jAmbUnada	jāmbūnada	163	109	54	1.495	0.581
-300..200	3200	Salya	śalya	169	636	-467	0.266	-1.912
-300..200	3200	prItimat	prītimat	165	91	74	1.813	0.859
-300..200	3200	prAkfta	prākṛta	160	102	58	1.569	0.650
-300..200	3200	Akzip	ākṣip	162	101	61	1.604	0.682
-300..200	3200	pravfD	pravṛdh	160	132	28	1.212	0.278
-300..200	3200	aKila	akhila	166	108	58	1.537	0.620
-300..200	3200	udvaha	udvaha	147	139	8	1.058	0.081
-300..200	3200	Ardra	ārdra	169	136	33	1.243	0.313
-300..200	3200	deveSa	deveśa	175	90	85	1.944	0.959
-300..200	3200	tvarita	tvarita	172	94	78	1.830	0.872
-300..200	3200	SAkya	śākya	171	132	39	1.295	0.373
-300..200	3200	vfzaBa	vṛṣabha	158	102	56	1.549	0.631
-300..200	3200	banDa	bandha	172	170	2	1.012	0.017
-300..200	3200	anuBU	anubhū	160	98	62	1.633	0.707
-300..200	3200	paripf	paripṛ	165	118	47	1.398	0.484
-300..200	3200	saMskf	saṁskṛ	150	133	17	1.128	0.174
-300..200	3200	pratima	pratima	174	104	70	1.673	0.743
-300..200	3200	DAraRa	dhāraṇa	155	163	-8	0.951	-0.073
-300..200	3200	cIvara	cīvara	175	100	75	1.750	0.807
-300..200	3200	AnfSaMsya	ānṛśaṁsya	160	104	56	1.538	0.621
-300..200	3200	asaMKyeya	asaṁkhyeya	163	133	30	1.226	0.293
-300..200	3200	ahaMkAra	ahaṁkāra	151	116	35	1.302	0.380
-300..200	3200	ahita	ahita	158	199	-41	0.794	-0.333
-300..200	3200	moGa	mogha	157	92	65	1.707	0.771
-300..200	3200	jizRu	jiṣṇu	169	96	73	1.760	0.816
-300..200	3200	pAraga	pāraga	144	94	50	1.532	0.615
-300..200	3200	tvadIya	tvadīya	158	88	70	1.795	0.844
-300..200	3200	samBrama	sambhrama	156	97	59	1.608	0.685
-300..200	3200	sADya	sādhya	161	116	45	1.388	0.473
-300..200	3200	svAgata	svāgata	158	220	-62	0.718	-0.478
-300..200	3200	goptf	goptṛ	171	93	78	1.839	0.879
-300..200	3200	SiSu	śiśu	153	127	26	1.205	0.269
-300..200	3200	prAkAra	prākāra	161	100	61	1.610	0.687
-300..200	3200	gad	gad	150	91	59	1.648	0.721
-300..200	3200	unmad	unmad	164	109	55	1.505	0.589
-300..200	3200	upekz	upekṣ	143	122	21	1.172	0.229
-300..200	3200	saMraYj	saṁrañj	164	89	75	1.843	0.882
-300..200	3200	Sikz	śikṣ	165	204	-39	0.809	-0.306
-300..200	3200	ajYAta	ajñāta	161	98	63	1.643	0.716
-300..200	3200	kAmarUpin	kāmarūpin	142	91	51	1.560	0.642
-300..200	3200	DI	dhī	144	100	44	1.440	0.526
-300..200	3200	yamunA	yamunā	165	88	77	1.875	0.907
-300..200	3200	devadeva	devadeva	163	88	75	1.852	0.889
-300..200	3200	dvirada	dvirada	161	93	68	1.731	0.792
-300..200	3200	prAtihArya	prātihārya	162	100	62	1.620	0.696
-300..200	3200	prasenajit	prasenajit	171	112	59	1.527	0.610
-300..200	3200	kft	kṛt	155	486	-331	0.319	-1.649
-300..200	3200	grAha	grāha	173	97	76	1.784	0.835
-300..200	3200	apanI	apanī	153	106	47	1.443	0.529
-300..200	3200	udDU	uddhū	166	92	74	1.804	0.851
-300..200	3200	nikzip	nikṣip	149	104	45	1.433	0.519
-300..200	3200	vyAp	vyāp	167	110	57	1.518	0.602
-300..200	3200	saMhf	saṁhṛ	156	113	43	1.381	0.465
-300..200	3200	saMnah	saṁnah	155	100	55	1.550	0.632
-300..200	3200	samAhvA	samāhvā	159	91	68	1.747	0.805
-300..200	3200	aha	aha	169	228	-59	0.741	-0.432
-300..200	3200	kUpa	kūpa	163	107	56	1.523	0.607
-300..200	3200	maryAdA	maryādā	165	101	64	1.634	0.708
-300..200	3200	cAra	cāra	151	109	42	1.385	0.470
-300..200	3200	cEtya	caitya	167	104	63	1.606	0.683
-300..200	3200	lalAwa	lalāṭa	161	132	29	1.220	0.287
-300..200	3200	Danvan	dhanvan	168	115	53	1.461	0.547
-300..200	3200	suzeRa	suṣeṇa	151	86	65	1.756	0.812
-300..200	3200	sUdana	sūdana	129	92	37	1.402	0.488
-300..200	3200	setu	setu	153	106	47	1.443	0.529
-300..200	3200	hara	hara	161	502	-341	0.321	-1.641
-300..200	3200	gAnDAra	gāndhāra	149	88	61	1.693	0.760
-300..200	3200	SikzA	śikṣā	168	89	79	1.888	0.917
-300..200	3200	Iray	īray	151	133	18	1.135	0.183
-300..200	3200	viSram	viśram	154	94	60	1.638	0.712
-300..200	3200	saMdfS	saṁdṛś	149	96	53	1.552	0.634
-300..200	3200	samudyam	samudyam	150	86	64	1.744	0.803
-300..200	3200	kusuma	kusuma	158	119	39	1.328	0.409
-300..200	3200	Bojya	bhojya	162	113	49	1.434	0.520
-300..200	3200	manoraTa	manoratha	135	87	48	1.552	0.634
-300..200	3200	Bakzya	bhakṣya	155	170	-15	0.912	-0.133
-300..200	3200	utpala	utpala	167	217	-50	0.770	-0.378
-300..200	3200	yAvat	yāvat	147	1009	-862	0.146	-2.779
-300..200	3200	devarzi	devarṣi	147	88	59	1.670	0.740
-300..200	3200	pavitra	pavitra	156	140	16	1.114	0.156
-300..200	3200	sTavira	sthavira	151	124	27	1.218	0.284
-300..200	3200	supriya	supriya	130	92	38	1.413	0.499
-300..200	3200	sAman	sāman	148	185	-37	0.800	-0.322
-300..200	3200	vyavasAya	vyavasāya	152	95	57	1.600	0.678
-300..200	3200	SudDodana	śuddhodana	165	117	48	1.410	0.496
-300..200	3200	SastraBft	śastrabhṛt	162	86	76	1.884	0.914
-300..200	3200	mAhAtmya	māhātmya	164	91	73	1.802	0.850
-300..200	3200	mUrti	mūrti	158	114	44	1.386	0.471
-300..200	3200	vivAha	vivāha	163	123	40	1.325	0.406
-300..200	3200	pramadA	pramadā	158	100	58	1.580	0.660
-300..200	3200	vedanA	vedanā	159	370	-211	0.430	-1.218
-300..200	3200	vip	vip	153	91	62	1.681	0.750
-300..200	3200	praveSay	praveśay	143	117	26	1.222	0.290
-300..200	3200	prasvap	prasvap	154	98	56	1.571	0.652
-300..200	3200	samupasTA	samupasthā	138	85	53	1.624	0.699
-300..200	3200	muktA	muktā	161	110	51	1.464	0.550
-300..200	3200	kaRwaka	kaṇṭaka	134	125	9	1.072	0.100
-300..200	3200	kftakftya	kṛtakṛtya	155	87	68	1.782	0.833
-300..200	3200	saptama	saptama	140	122	18	1.148	0.199
-300..200	3200	ambu	ambu	158	235	-77	0.672	-0.573
-300..200	3200	nAwya	nāṭya	164	94	70	1.745	0.803
-300..200	3200	jAnu	jānu	161	135	26	1.193	0.254
-300..200	3200	Danya	dhanya	129	98	31	1.316	0.397
-300..200	3200	pAta	pāta	166	96	70	1.729	0.790
-300..200	3200	tapasvinI	tapasvinī	141	84	57	1.679	0.747
-300..200	3200	SayyA	śayyā	156	135	21	1.156	0.209
-300..200	3200	gatAsu	gatāsu	148	91	57	1.626	0.702
-300..200	3200	ganDamAdana	gandhamādana	137	88	49	1.557	0.639
-300..200	3200	vidAray	vidāray	150	103	47	1.456	0.542
-300..200	3200	saMgrah	saṁgrah	151	105	46	1.438	0.524
-300..200	3200	jiGAMs	jighāṁs	151	87	64	1.736	0.795
-300..200	3200	akArya	akārya	151	104	47	1.452	0.538
-300..200	3200	kUwa	kūṭa	161	107	54	1.505	0.589
-300..200	3200	anATapiRqada	anāthapiṇḍada	143	84	59	1.702	0.768
-300..200	3200	aBiprAya	abhiprāya	144	102	42	1.412	0.497
-300..200	3200	BUmipa	bhūmipa	140	92	48	1.522	0.606
-300..200	3200	samagra	samagra	153	95	58	1.611	0.688
-300..200	3200	SvaSura	śvaśura	153	86	67	1.779	0.831
-300..200	3200	zazWa	ṣaṣṭha	151	135	16	1.119	0.162
-300..200	3200	yaTAvftta	yathāvṛtta	155	91	64	1.703	0.768
-300..200	3200	tUrya	tūrya	145	91	54	1.593	0.672
-300..200	3200	toraRa	toraṇa	146	89	57	1.640	0.714
-300..200	3200	jAtarUpa	jātarūpa	155	88	67	1.761	0.817
-300..200	3200	dvEpAyana	dvaipāyana	140	92	48	1.522	0.606
-300..200	3200	Danurveda	dhanurveda	155	86	69	1.802	0.850
-300..200	3200	pAMsu	pāṁsu	146	98	48	1.490	0.575
-300..200	3200	pAkaSAsana	pākaśāsana	138	84	54	1.643	0.716
-300..200	3200	sOhfda	sauhṛda	146	89	57	1.640	0.714
-300..200	3200	sAMKya	sāṁkhya	143	135	8	1.059	0.083
-300..200	3200	pUrvaka	pūrvaka	145	130	15	1.115	0.158
-300..200	3200	balIyas	balīyas	143	91	52	1.571	0.652
-300..200	3200	prahasta	prahasta	147	84	63	1.750	0.807
-300..200	3200	kzuB	kṣubh	149	92	57	1.620	0.696
-300..200	3200	pariSram	pariśram	153	90	63	1.700	0.766
-300..200	3200	vyatI	vyatī	153	88	65	1.739	0.798
-300..200	3200	samAp	samāp	132	97	35	1.361	0.444
-300..200	3200	adIna	adīna	158	84	74	1.881	0.911
-300..200	3200	adfSya	adṛśya	150	88	62	1.705	0.769
-300..200	3200	nanda	nanda	142	84	58	1.690	0.757
-300..200	3200	upakaraRa	upakaraṇa	148	127	21	1.165	0.221
-300..200	3200	utkawa	utkaṭa	136	87	49	1.563	0.645
-300..200	3200	mahizI	mahiṣī	159	92	67	1.728	0.789
-300..200	3200	mAnDAtf	māndhātṛ	154	85	69	1.812	0.857
-300..200	3200	takzaka	takṣaka	151	97	54	1.557	0.638
-300..200	3200	vyaTA	vyathā	138	103	35	1.340	0.422
-300..200	3200	SIrza	śīrṣa	157	96	61	1.635	0.710
-300..200	3200	vedi	vedi	153	84	69	1.821	0.865
-300..200	3200	prayoga	prayoga	147	229	-82	0.642	-0.640
-300..200	3200	ci	ci	147	99	48	1.485	0.570
-300..200	3200	DU	dhū	154	90	64	1.711	0.775
-300..200	3200	ape	ape	143	98	45	1.459	0.545
-300..200	3200	avaSiz	avaśiṣ	145	115	30	1.261	0.334
-300..200	3200	Avft	āvṛt	134	91	43	1.473	0.558
-300..200	3200	pracoday	pracoday	131	83	48	1.578	0.658
-300..200	3200	viruc	viruc	148	84	64	1.762	0.817
-300..200	3200	saMhan	saṁhan	145	113	32	1.283	0.360
-300..200	3200	kfzRadvEpAyana	kṛṣṇadvaipāyana	144	84	60	1.714	0.778
-300..200	3200	saKya	sakhya	152	91	61	1.670	0.740
-300..200	3200	DAnya	dhānya	159	175	-16	0.909	-0.138
-300..200	3200	rASi	rāśi	154	109	45	1.413	0.499
-300..200	3200	yati	yati	152	109	43	1.394	0.480
-300..200	3200	yantf	yantṛ	158	83	75	1.904	0.929
-300..200	3200	dvijaSrezWa	dvijaśreṣṭha	156	81	75	1.926	0.946
-300..200	3200	dayA	dayā	146	86	60	1.698	0.764
-300..200	3200	sarvajYa	sarvajña	153	191	-38	0.801	-0.320
-300..200	3200	viparIta	viparīta	139	178	-39	0.781	-0.357
-300..200	3200	SAradvata	śāradvata	143	81	62	1.765	0.820
-300..200	3200	praBfti	prabhṛti	159	377	-218	0.422	-1.246
-300..200	3200	vegavat	vegavat	145	87	58	1.667	0.737
-300..200	3200	dASaraTi	dāśarathi	138	81	57	1.704	0.769
-300..200	3200	GaRwA	ghaṇṭā	148	103	45	1.437	0.523
-300..200	3200	sru	sru	148	175	-27	0.846	-0.242
-300..200	3200	apakram	apakram	143	94	49	1.521	0.605
-300..200	3200	Darzay	dharṣay	140	82	58	1.707	0.772
-300..200	3200	parIkz	parīkṣ	144	177	-33	0.814	-0.298
-300..200	3200	pratipAday	pratipāday	127	93	34	1.366	0.450
-300..200	3200	pratilaB	pratilabh	135	100	35	1.350	0.433
-300..200	3200	pratihan	pratihan	140	99	41	1.414	0.500
-300..200	3200	vitan	vitan	151	86	65	1.756	0.812
-300..200	3200	vidarSay	vidarśay	121	89	32	1.360	0.443
-300..200	3200	viDU	vidhū	144	85	59	1.694	0.761
-300..200	3200	Arocay	ārocay	141	83	58	1.699	0.765
-300..200	3200	saMgama	saṁgama	153	89	64	1.719	0.782
-300..200	3200	manohara	manohara	124	83	41	1.494	0.579
-300..200	3200	mandara	mandara	141	80	61	1.762	0.818
-300..200	3200	arGya	arghya	146	80	66	1.825	0.868
-300..200	3200	utpAda	utpāda	158	121	37	1.306	0.385
-300..200	3200	ASin	āśin	146	128	18	1.141	0.190
-300..200	3200	vanOkas	vanaukas	133	80	53	1.663	0.733
-300..200	3200	roga	roga	154	703	-549	0.219	-2.191
-300..200	3200	vimuKa	vimukha	147	87	60	1.690	0.757
-300..200	3200	purARa	purāṇa	151	292	-141	0.517	-0.951
-300..200	3200	bAlya	bālya	147	83	64	1.771	0.825
-300..200	3200	grIvA	grīvā	151	150	1	1.007	0.010
-300..200	3200	niHsf	niḥsṛ	148	96	52	1.542	0.624
-300..200	3200	pracCAday	pracchāday	152	87	65	1.747	0.805
-300..200	3200	sagara	sagara	148	80	68	1.850	0.888
-300..200	3200	apaSyat	apaśyat	137	80	57	1.712	0.776
-300..200	3200	sampad	sampad	137	957	-820	0.143	-2.804
-300..200	3200	Urmi	ūrmi	142	84	58	1.690	0.757
-300..200	3200	arcis	arcis	148	158	-10	0.937	-0.094
-300..200	3200	Amiza	āmiṣa	134	102	32	1.314	0.394
-300..200	3200	yAdava	yādava	138	98	40	1.408	0.494
-300..200	3200	varavarRinI	varavarṇinī	123	80	43	1.538	0.621
-300..200	3200	yaTAtaTa	yathātatha	113	84	29	1.345	0.428
-300..200	3200	vasana	vasana	148	96	52	1.542	0.624
-300..200	3200	durADarza	durādharṣa	155	79	76	1.962	0.972
-300..200	3200	sOvarRa	sauvarṇa	144	95	49	1.516	0.600
-300..200	3200	sambADa	sambādha	158	98	60	1.612	0.689
-300..200	3200	hiMsA	hiṁsā	149	112	37	1.330	0.412
-300..200	3200	mfgayA	mṛgayā	149	84	65	1.774	0.827
-300..200	3200	Dam	dham	148	87	61	1.701	0.767
-300..200	3200	ruD	rudh	142	100	42	1.420	0.506
-300..200	3200	niDA	nidhā	152	147	5	1.034	0.048
-300..200	3200	prakzip	prakṣip	147	122	25	1.205	0.269
-300..200	3200	samutpat	samutpat	139	83	56	1.675	0.744
-300..200	3200	sampat	sampat	148	79	69	1.873	0.906
-300..200	3200	maGavan	maghavan	141	79	62	1.785	0.836
-300..200	3200	kuSalin	kuśalin	142	80	62	1.775	0.828
-300..200	3200	saNga	saṅga	152	175	-23	0.869	-0.203
-300..200	3200	nistriMSa	nistriṁśa	153	84	69	1.821	0.865
-300..200	3200	urvI	urvī	151	81	70	1.864	0.899
-300..200	3200	BAjana	bhājana	142	113	29	1.257	0.330
-300..200	3200	yUTa	yūtha	147	88	59	1.670	0.740
-300..200	3200	mahADana	mahādhana	138	81	57	1.704	0.769
-300..200	3200	Siva	śiva	141	349	-208	0.404	-1.308
-300..200	3200	pramAda	pramāda	138	91	47	1.516	0.601
-300..200	3200	pIna	pīna	152	89	63	1.708	0.772
-300..200	3200	bAhya	bāhya	143	151	-8	0.947	-0.079
-300..200	3200	kﾱp	kﾱp	120	0	120	inf	inf
-300..200	3200	sic	sic	143	102	41	1.402	0.487
-300..200	3200	prakIrtay	prakīrtay	131	131	0	1.000	0.000
-300..200	3200	visPAray	visphāray	134	78	56	1.718	0.781
-300..200	3200	samarpay	samarpay	121	81	40	1.494	0.579
-300..200	3200	mahIy	mahīy	96	82	14	1.171	0.227
-300..200	3200	SarAsana	śarāsana	137	79	58	1.734	0.794
-300..200	3200	kadana	kadana	144	77	67	1.870	0.903
-300..200	3200	atri	atri	136	88	48	1.545	0.628
-300..200	3200	paNka	paṅka	152	103	49	1.476	0.561
-300..200	3200	nimeza	nimeṣa	139	89	50	1.562	0.643
-300..200	3200	Sloka	śloka	143	196	-53	0.730	-0.455
-300..200	3200	vArzika	vārṣika	136	90	46	1.511	0.596
-300..200	3200	arTavat	arthavat	127	83	44	1.530	0.614
-300..200	3200	Arya	ārya	137	547	-410	0.250	-1.997
-300..200	3200	DarmatA	dharmatā	119	87	32	1.368	0.452
-300..200	3200	sTiti	sthiti	143	125	18	1.144	0.194
-300..200	3200	sArTa	sārtha	134	83	51	1.614	0.691
-300..200	3200	Syena	śyena	140	88	52	1.591	0.670
-300..200	3200	pradeSa	pradeśa	146	131	15	1.115	0.156
-300..200	3200	bAhlika	bāhlika	131	81	50	1.617	0.694
-300..200	3200	baka	baka	142	94	48	1.511	0.595
-300..200	3200	aDiruh	adhiruh	128	81	47	1.580	0.660
-300..200	3200	jAgf	jāgṛ	129	99	30	1.303	0.382
-300..200	3200	Gfta	ghṛta	133	619	-486	0.215	-2.219
-300..200	3200	cakravartin	cakravartin	146	114	32	1.281	0.357
-300..200	3200	caturviDa	caturvidha	123	148	-25	0.831	-0.267
200..700	4700	kf	kṛ	5674	4545	1129	1.248	0.320
200..700	4700	vac	vac	5030	4017	1013	1.252	0.324
200..700	4700	BU	bhū	4837	4227	610	1.144	0.194
200..700	4700	as	as	3856	3468	388	1.112	0.153
200..700	4700	arTa	artha	3022	2304	718	1.312	0.391
200..700	4700	mahat	mahat	2859	1902	957	1.503	0.588
200..700	4700	gam	gam	2524	1802	722	1.401	0.486
200..700	4700	Adi	ādi	2724	2920	-196	0.933	-0.100
200..700	4700	Darma	dharma	2454	1336	1118	1.837	0.877
200..700	4700	deva	deva	2407	1676	731	1.436	0.522
200..700	4700	dfS	dṛś	2039	1660	379	1.228	0.297
200..700	4700	dA	dā	2101	1703	398	1.234	0.303
200..700	4700	Atman	ātman	2081	1405	676	1.481	0.567
200..700	4700	rAjan	rājan	2024	1158	866	1.748	0.806
200..700	4700	putra	putra	2038	1271	767	1.603	0.681
200..700	4700	karman	karman	1832	1034	798	1.772	0.825
200..700	4700	tva	tva	1868	1608	260	1.162	0.216
200..700	4700	loka	loka	1786	1058	728	1.688	0.755
200..700	4700	sva	sva	1706	1443	263	1.182	0.242
200..700	4700	kAla	kāla	1533	1169	364	1.311	0.391
200..700	4700	jan	jan	1387	1013	374	1.369	0.453
200..700	4700	pitf	pitṛ	1386	953	433	1.454	0.540
200..700	4700	rUpa	rūpa	1456	1011	445	1.440	0.526
200..700	4700	sTA	sthā	1307	1081	226	1.209	0.274
200..700	4700	ah	ah	912	910	2	1.002	0.003
200..700	4700	Sru	śru	1250	793	457	1.576	0.657
200..700	4700	smf	smṛ	1059	848	211	1.249	0.321
200..700	4700	Pala	phala	1262	982	280	1.285	0.362
200..700	4700	kAma	kāma	1201	626	575	1.919	0.940
200..700	4700	muni	muni	1126	724	402	1.555	0.637
200..700	4700	tri	tri	1106	923	183	1.198	0.261
200..700	4700	agni	agni	1137	1075	62	1.058	0.081
200..700	4700	strI	strī	1049	729	320	1.439	0.525
200..700	4700	brahman	brahman	1054	957	97	1.101	0.139
200..700	4700	manas	manas	1043	655	388	1.592	0.671
200..700	4700	Bagavant	bhagavant	1000	563	437	1.776	0.829
200..700	4700	puruza	puruṣa	1021	805	216	1.268	0.343
200..700	4700	prAp	prāp	1043	655	388	1.592	0.671
200..700	4700	bala	bala	958	831	127	1.153	0.205
200..700	4700	brAhmaRa	brāhmaṇa	926	580	346	1.597	0.675
200..700	4700	yA	yā	973	644	329	1.511	0.595
200..700	4700	Sata	śata	968	605	363	1.600	0.678
200..700	4700	tapas	tapas	930	645	285	1.442	0.528
200..700	4700	guRa	guṇa	941	782	159	1.203	0.267
200..700	4700	grah	grah	920	637	283	1.444	0.530
200..700	4700	indra	indra	938	588	350	1.595	0.674
200..700	4700	han	han	861	764	97	1.127	0.172
200..700	4700	daRqa	daṇḍa	878	371	507	2.367	1.243
200..700	4700	yuj	yuj	903	826	77	1.093	0.129
200..700	4700	dvija	dvija	833	524	309	1.590	0.669
200..700	4700	brU	brū	748	572	176	1.308	0.387
200..700	4700	sahasra	sahasra	928	514	414	1.805	0.852
200..700	4700	dEtya	daitya	927	512	415	1.811	0.856
200..700	4700	vizRu	viṣṇu	890	546	344	1.630	0.705
200..700	4700	yoga	yoga	864	619	245	1.396	0.481
200..700	4700	vid	vid	773	799	-26	0.967	-0.048
200..700	4700	fzi	ṛṣi	791	609	182	1.299	0.377
200..700	4700	jYA	jñā	847	544	303	1.557	0.639
200..700	4700	go	go	829	638	191	1.299	0.378
200..700	4700	BUta	bhūta	816	532	284	1.534	0.617
200..700	4700	duHKa	duḥkha	787	533	254	1.477	0.562
200..700	4700	anta	anta	848	671	177	1.264	0.338
200..700	4700	suta	suta	789	501	288	1.575	0.655
200..700	4700	jagant	jagant	775	489	286	1.585	0.664
200..700	4700	tA	tā	783	1029	-246	0.761	-0.394
200..700	4700	vipra	vipra	784	422	362	1.858	0.894
200..700	4700	nara	nara	740	466	274	1.588	0.667
200..700	4700	BAva	bhāva	750	531	219	1.412	0.498
200..700	4700	dvi	dvi	711	812	-101	0.876	-0.192
200..700	4700	varza	varṣa	746	487	259	1.532	0.615
200..700	4700	jana	jana	741	546	195	1.357	0.441
200..700	4700	parama	parama	751	443	308	1.695	0.762
200..700	4700	doza	doṣa	712	881	-169	0.808	-0.307
200..700	4700	uttama	uttama	654	381	273	1.717	0.779
200..700	4700	paYcan	pañcan	697	523	174	1.333	0.414
200..700	4700	guru	guru	699	699	0	1.000	0.000
200..700	4700	viDi	vidhi	673	489	184	1.376	0.461
200..700	4700	nfpa	nṛpa	649	392	257	1.656	0.727
200..700	4700	Agam	āgam	639	476	163	1.342	0.425
200..700	4700	iz	iṣ	634	583	51	1.087	0.121
200..700	4700	catur	catur	664	448	216	1.482	0.568
200..700	4700	vizaya	viṣaya	686	411	275	1.669	0.739
200..700	4700	muKa	mukha	678	719	-41	0.943	-0.085
200..700	4700	kArya	kārya	685	481	204	1.424	0.510
200..700	4700	car	car	630	349	281	1.805	0.852
200..700	4700	vana	vana	658	385	273	1.709	0.773
200..700	4700	gfha	gṛha	668	419	249	1.594	0.673
200..700	4700	indriya	indriya	626	408	218	1.534	0.618
200..700	4700	hetu	hetu	623	437	186	1.426	0.512
200..700	4700	jYAna	jñāna	632	477	155	1.325	0.406
200..700	4700	pAda	pāda	654	604	50	1.083	0.115
200..700	4700	bahu	bahu	637	546	91	1.167	0.222
200..700	4700	suKa	sukha	638	578	60	1.104	0.142
200..700	4700	dAnava	dānava	638	380	258	1.679	0.748
200..700	4700	citta	citta	660	590	70	1.119	0.162
200..700	4700	darSana	darśana	605	444	161	1.363	0.446
200..700	4700	kAraRa	kāraṇa	585	480	105	1.219	0.285
200..700	4700	daSan	daśan	597	418	179	1.428	0.514
200..700	4700	maya	maya	658	502	156	1.311	0.390
200..700	4700	asura	asura	625	366	259	1.708	0.772
200..700	4700	Bavat	bhavat	615	496	119	1.240	0.310
200..700	4700	pravac	pravac	619	388	231	1.595	0.674
200..700	4700	varRa	varṇa	600	424	176	1.415	0.501
200..700	4700	yajYa	yajña	592	384	208	1.542	0.624
200..700	4700	deSa	deśa	605	495	110	1.222	0.290
200..700	4700	jala	jala	603	533	70	1.131	0.178
200..700	4700	nAman	nāman	601	415	186	1.448	0.534
200..700	4700	Dana	dhana	591	373	218	1.584	0.664
200..700	4700	sUrya	sūrya	598	337	261	1.774	0.827
200..700	4700	Buj	bhuj	559	489	70	1.143	0.193
200..700	4700	man	man	524	375	149	1.397	0.483
200..700	4700	vad	vad	527	418	109	1.261	0.334
200..700	4700	mUla	mūla	601	529	72	1.136	0.184
200..700	4700	parASara	parāśara	320	329	-9	0.973	-0.040
200..700	4700	veda	veda	557	308	249	1.808	0.855
200..700	4700	saptan	saptan	578	444	134	1.302	0.381
200..700	4700	namas	namas	448	702	-254	0.638	-0.648
200..700	4700	anna	anna	560	558	2	1.004	0.005
200..700	4700	kula	kula	554	335	219	1.654	0.726
200..700	4700	vrata	vrata	537	345	192	1.557	0.638
200..700	4700	hA	hā	550	379	171	1.451	0.537
200..700	4700	kriyA	kriyā	528	524	4	1.008	0.011
200..700	4700	laB	labh	527	422	105	1.249	0.321
200..700	4700	Adya	ādya	553	504	49	1.097	0.134
200..700	4700	ISvara	īśvara	483	403	80	1.199	0.261
200..700	4700	sura	sura	541	388	153	1.394	0.480
200..700	4700	sTAna	sthāna	547	410	137	1.334	0.416
200..700	4700	SarIra	śarīra	535	338	197	1.583	0.663
200..700	4700	budDi	buddhi	538	380	158	1.416	0.502
200..700	4700	BUmi	bhūmi	558	361	197	1.546	0.628
200..700	4700	pada	pada	516	614	-98	0.840	-0.251
200..700	4700	gaRa	gaṇa	528	450	78	1.173	0.231
200..700	4700	Sabda	śabda	487	432	55	1.127	0.173
200..700	4700	gati	gati	491	401	90	1.224	0.292
200..700	4700	prajA	prajā	489	255	234	1.918	0.939
200..700	4700	kfzRa	kṛṣṇa	516	477	39	1.082	0.113
200..700	4700	pat	pat	505	368	137	1.372	0.457
200..700	4700	pUjay	pūjay	503	307	196	1.638	0.712
200..700	4700	kanyA	kanyā	513	362	151	1.417	0.503
200..700	4700	muc	muc	489	418	71	1.170	0.226
200..700	4700	pApa	pāpa	523	468	55	1.118	0.160
200..700	4700	arh	arh	400	213	187	1.878	0.909
200..700	4700	janman	janman	482	333	149	1.447	0.534
200..700	4700	raTa	ratha	502	298	204	1.685	0.752
200..700	4700	sTa	stha	532	425	107	1.252	0.324
200..700	4700	vftti	vṛtti	507	372	135	1.363	0.447
200..700	4700	hari	hari	460	299	161	1.538	0.621
200..700	4700	divya	divya	503	399	104	1.261	0.334
200..700	4700	BU	bhū	491	4227	-3736	0.116	-3.106
200..700	4700	Baya	bhaya	503	351	152	1.433	0.519
200..700	4700	pati	pati	476	404	72	1.178	0.237
200..700	4700	hasta	hasta	504	359	145	1.404	0.489
200..700	4700	lakzaRa	lakṣaṇa	456	522	-66	0.874	-0.195
200..700	4700	mAtra	mātra	519	396	123	1.311	0.390
200..700	4700	pracC	pracch	473	305	168	1.551	0.633
200..700	4700	kaTay	kathay	443	357	86	1.241	0.311
200..700	4700	ja	ja	480	727	-247	0.660	-0.599
200..700	4700	avAp	avāp	440	273	167	1.612	0.689
200..700	4700	vara	vara	458	613	-155	0.747	-0.421
200..700	4700	yuga	yuga	446	346	100	1.289	0.366
200..700	4700	viSeza	viśeṣa	460	325	135	1.415	0.501
200..700	4700	ap	ap	456	338	118	1.349	0.432
200..700	4700	AdA	ādā	474	287	187	1.652	0.724
200..700	4700	puzpa	puṣpa	481	362	119	1.329	0.410
200..700	4700	mantra	mantra	457	276	181	1.656	0.728
200..700	4700	uttara	uttara	441	408	33	1.081	0.112
200..700	4700	brahman	brahman	461	957	-496	0.482	-1.054
200..700	4700	vidyA	vidyā	451	256	195	1.762	0.817
200..700	4700	priya	priya	452	443	9	1.020	0.029
200..700	4700	satya	satya	425	327	98	1.300	0.378
200..700	4700	dAna	dāna	454	338	116	1.343	0.426
200..700	4700	tejas	tejas	448	325	123	1.378	0.463
200..700	4700	pravft	pravṛt	408	363	45	1.124	0.169
200..700	4700	soma	soma	441	296	145	1.490	0.575
200..700	4700	SuBa	śubha	390	292	98	1.336	0.418
200..700	4700	aNga	aṅga	455	613	-158	0.742	-0.430
200..700	4700	vAc	vāc	445	332	113	1.340	0.423
200..700	4700	hf	hṛ	429	315	114	1.362	0.446
200..700	4700	tyaj	tyaj	426	318	108	1.340	0.422
200..700	4700	kzaya	kṣaya	428	387	41	1.106	0.145
200..700	4700	rAga	rāga	429	327	102	1.312	0.392
200..700	4700	vft	vṛt	392	266	126	1.474	0.559
200..700	4700	vas	vas	398	257	141	1.549	0.631
200..700	4700	maDya	madhya	441	470	-29	0.938	-0.092
200..700	4700	mEtreya	maitreya	414	234	180	1.769	0.823
200..700	4700	SUdra	śūdra	416	261	155	1.594	0.673
200..700	4700	puRya	puṇya	431	347	84	1.242	0.313
200..700	4700	azwan	aṣṭan	419	316	103	1.326	0.407
200..700	4700	vacana	vacana	422	318	104	1.327	0.408
200..700	4700	pura	pura	415	247	168	1.680	0.749
200..700	4700	udaka	udaka	419	300	119	1.397	0.482
200..700	4700	vijYA	vijñā	403	234	169	1.722	0.784
200..700	4700	antara	antara	399	552	-153	0.723	-0.468
200..700	4700	manuzya	manuṣya	419	175	244	2.394	1.260
200..700	4700	Sakti	śakti	425	314	111	1.354	0.437
200..700	4700	svarga	svarga	422	218	204	1.936	0.953
200..700	4700	mAtf	mātṛ	398	297	101	1.340	0.422
200..700	4700	rudra	rudra	386	278	108	1.388	0.474
200..700	4700	SAstra	śāstra	413	258	155	1.601	0.679
200..700	4700	candra	candra	405	289	116	1.401	0.487
200..700	4700	rasa	rasa	421	797	-376	0.528	-0.921
200..700	4700	paSu	paśu	400	230	170	1.739	0.798
200..700	4700	vAyu	vāyu	397	371	26	1.070	0.098
200..700	4700	pA	pā	391	837	-446	0.467	-1.098
200..700	4700	kalpa	kalpa	399	266	133	1.500	0.585
200..700	4700	zaz	ṣaṣ	382	266	116	1.436	0.522
200..700	4700	jAti	jāti	376	210	166	1.790	0.840
200..700	4700	Ap	āp	384	262	122	1.466	0.552
200..700	4700	dravya	dravya	395	283	112	1.396	0.481
200..700	4700	devI	devī	388	328	60	1.183	0.242
200..700	4700	praviS	praviś	359	242	117	1.483	0.569
200..700	4700	garBa	garbha	395	311	84	1.270	0.345
200..700	4700	cakra	cakra	394	240	154	1.642	0.715
200..700	4700	manu	manu	365	195	170	1.872	0.904
200..700	4700	kAray	kāray	337	176	161	1.915	0.937
200..700	4700	vaDa	vadha	379	227	152	1.670	0.740
200..700	4700	ratna	ratna	394	293	101	1.345	0.427
200..700	4700	mAsa	māsa	390	318	72	1.226	0.294
200..700	4700	pfTivI	pṛthivī	383	205	178	1.868	0.902
200..700	4700	parvata	parvata	368	233	135	1.579	0.659
200..700	4700	Asana	āsana	382	187	195	2.043	1.031
200..700	4700	dakziRa	dakṣiṇa	369	250	119	1.476	0.562
200..700	4700	aKila	akhila	382	220	162	1.736	0.796
200..700	4700	rAjya	rājya	379	208	171	1.822	0.866
200..700	4700	paS	paś	349	232	117	1.504	0.589
200..700	4700	Bagavat	bhagavat	366	219	147	1.671	0.741
200..700	4700	alpa	alpa	361	448	-87	0.806	-0.311
200..700	4700	giri	giri	356	217	139	1.641	0.714
200..700	4700	ji	ji	334	360	-26	0.928	-0.108
200..700	4700	yama	yama	336	218	118	1.541	0.624
200..700	4700	diS	diś	359	314	45	1.143	0.193
200..700	4700	budDa	buddha	336	99	237	3.394	1.763
200..700	4700	div	div	353	195	158	1.810	0.856
200..700	4700	nadI	nadī	346	221	125	1.566	0.647
200..700	4700	pramARa	pramāṇa	339	271	68	1.251	0.323
200..700	4700	aBAva	abhāva	322	265	57	1.215	0.281
200..700	4700	Bartf	bhartṛ	354	248	106	1.427	0.513
200..700	4700	aSva	aśva	363	190	173	1.911	0.934
200..700	4700	BAryA	bhāryā	353	180	173	1.961	0.972
200..700	4700	puMs	puṁs	336	310	26	1.084	0.116
200..700	4700	cintay	cintay	274	210	64	1.305	0.384
200..700	4700	BAga	bhāga	366	285	81	1.284	0.361
200..700	4700	ganDa	gandha	346	296	50	1.169	0.225
200..700	4700	prasAda	prasāda	335	201	134	1.667	0.737
200..700	4700	SrI	śrī	318	350	-32	0.909	-0.138
200..700	4700	ahar	ahar	318	268	50	1.187	0.247
200..700	4700	saMjYA	saṁjñā	346	276	70	1.254	0.326
200..700	4700	aSeza	aśeṣa	347	241	106	1.440	0.526
200..700	4700	mArga	mārga	347	257	90	1.350	0.433
200..700	4700	sTiti	sthiti	322	217	105	1.484	0.569
200..700	4700	Sakra	śakra	336	183	153	1.836	0.877
200..700	4700	sidDi	siddhi	308	249	59	1.237	0.307
200..700	4700	prIti	prīti	335	217	118	1.544	0.626
200..700	4700	tala	tala	324	222	102	1.459	0.545
200..700	4700	vfkza	vṛkṣa	323	211	112	1.531	0.614
200..700	4700	Siras	śiras	332	431	-99	0.770	-0.377
200..700	4700	sfj	sṛj	314	217	97	1.447	0.533
200..700	4700	viDA	vidhā	291	328	-37	0.887	-0.173
200..700	4700	bAhu	bāhu	332	220	112	1.509	0.594
200..700	4700	agra	agra	331	301	30	1.100	0.137
200..700	4700	pakza	pakṣa	335	247	88	1.356	0.440
200..700	4700	vastra	vastra	338	232	106	1.457	0.543
200..700	4700	hfdaya	hṛdaya	329	291	38	1.131	0.177
200..700	4700	dah	dah	315	299	16	1.054	0.075
200..700	4700	maRqala	maṇḍala	315	277	38	1.137	0.185
200..700	4700	mahAtman	mahātman	298	188	110	1.585	0.665
200..700	4700	ganDarva	gandharva	329	203	126	1.621	0.697
200..700	4700	bAla	bāla	309	383	-74	0.807	-0.310
200..700	4700	vAkya	vākya	324	213	111	1.521	0.605
200..700	4700	cetas	cetas	296	200	96	1.480	0.566
200..700	4700	ASrama	āśrama	305	185	120	1.649	0.721
200..700	4700	mAyA	māyā	303	202	101	1.500	0.585
200..700	4700	pARi	pāṇi	314	244	70	1.287	0.364
200..700	4700	tattva	tattva	309	203	106	1.522	0.606
200..700	4700	nimitta	nimitta	315	191	124	1.649	0.722
200..700	4700	tIrTa	tīrtha	315	221	94	1.425	0.511
200..700	4700	jYa	jña	329	200	129	1.645	0.718
200..700	4700	graha	graha	296	289	7	1.024	0.035
200..700	4700	nI	nī	299	314	-15	0.952	-0.071
200..700	4700	vid	vid	302	799	-497	0.378	-1.404
200..700	4700	Suci	śuci	302	228	74	1.325	0.406
200..700	4700	grAma	grāma	298	162	136	1.840	0.879
200..700	4700	Bid	bhid	305	308	-3	0.990	-0.014
200..700	4700	aMSa	aṁśa	314	313	1	1.003	0.005
200..700	4700	mati	mati	313	177	136	1.768	0.822
200..700	4700	rAtri	rātri	311	184	127	1.690	0.757
200..700	4700	pAtra	pātra	317	215	102	1.474	0.560
200..700	4700	antara	antara	314	552	-238	0.569	-0.814
200..700	4700	vara	vara	301	613	-312	0.491	-1.026
200..700	4700	jarA	jarā	293	133	160	2.203	1.139
200..700	4700	kara	kara	310	522	-212	0.594	-0.752
200..700	4700	nitya	nitya	290	215	75	1.349	0.432
200..700	4700	SEla	śaila	316	207	109	1.527	0.610
200..700	4700	SrAdDa	śrāddha	305	192	113	1.589	0.668
200..700	4700	vAsas	vāsas	296	193	103	1.534	0.617
200..700	4700	Atmaka	ātmaka	296	247	49	1.198	0.261
200..700	4700	sat	sat	303	195	108	1.554	0.636
200..700	4700	mitra	mitra	308	181	127	1.702	0.767
200..700	4700	mf	mṛ	275	254	21	1.083	0.115
200..700	4700	deha	deha	303	313	-10	0.968	-0.047
200..700	4700	varjay	varjay	267	257	10	1.039	0.055
200..700	4700	sUta	sūta	194	167	27	1.162	0.216
200..700	4700	aBiDA	abhidhā	210	204	6	1.029	0.042
200..700	4700	grahaRa	grahaṇa	286	211	75	1.355	0.439
200..700	4700	kara	kara	294	522	-228	0.563	-0.828
200..700	4700	padma	padma	296	218	78	1.358	0.441
200..700	4700	Beda	bheda	299	356	-57	0.840	-0.252
200..700	4700	samasta	samasta	280	191	89	1.466	0.552
200..700	4700	moha	moha	299	220	79	1.359	0.443
200..700	4700	vfdDi	vṛddhi	299	251	48	1.191	0.252
200..700	4700	utpad	utpad	271	226	45	1.199	0.262
200..700	4700	Aditya	āditya	288	191	97	1.508	0.592
200..700	4700	astra	astra	286	213	73	1.343	0.425
200..700	4700	mfga	mṛga	287	199	88	1.442	0.528
200..700	4700	siD	sidh	239	460	-221	0.520	-0.945
200..700	4700	kAya	kāya	289	232	57	1.246	0.317
200..700	4700	maRi	maṇi	287	197	90	1.457	0.543
200..700	4700	dviguRa	dviguṇa	280	166	114	1.687	0.754
200..700	4700	snAna	snāna	282	231	51	1.221	0.288
200..700	4700	karaRa	karaṇa	273	237	36	1.152	0.204
200..700	4700	Bakti	bhakti	282	167	115	1.689	0.756
200..700	4700	prayA	prayā	274	184	90	1.489	0.574
200..700	4700	aDika	adhika	276	277	-1	0.996	-0.005
200..700	4700	prARa	prāṇa	269	249	20	1.080	0.111
200..700	4700	hu	hu	282	212	70	1.330	0.412
200..700	4700	samudra	samudra	284	166	118	1.711	0.775
200..700	4700	Bava	bhava	267	197	70	1.355	0.439
200..700	4700	Seza	śeṣa	284	295	-11	0.963	-0.055
200..700	4700	kroDa	krodha	286	199	87	1.437	0.523
200..700	4700	pratyaya	pratyaya	285	198	87	1.439	0.525
200..700	4700	paraspara	paraspara	243	185	58	1.314	0.393
200..700	4700	tamas	tamas	275	209	66	1.316	0.396
200..700	4700	kleSa	kleśa	265	175	90	1.514	0.599
200..700	4700	vacas	vacas	261	174	87	1.500	0.585
200..700	4700	SIla	śīla	284	177	107	1.605	0.682
200..700	4700	praTama	prathama	265	188	77	1.410	0.495
200..700	4700	vIrya	vīrya	280	220	60	1.273	0.348
200..700	4700	saMSaya	saṁśaya	234	185	49	1.265	0.339
200..700	4700	siMha	siṁha	249	159	90	1.566	0.647
200..700	4700	anvita	anvita	234	308	-74	0.760	-0.396
200..700	4700	prakfti	prakṛti	266	279	-13	0.953	-0.069
200..700	4700	prajApati	prajāpati	238	157	81	1.516	0.600
200..700	4700	prayam	prayam	249	147	102	1.694	0.760
200..700	4700	AcArya	ācārya	239	147	92	1.626	0.701
200..700	4700	AKyA	ākhyā	275	378	-103	0.728	-0.459
200..700	4700	sattama	sattama	213	152	61	1.401	0.487
200..700	4700	SrezWa	śreṣṭha	268	176	92	1.523	0.607
200..700	4700	vaMSa	vaṁśa	267	179	88	1.492	0.577
200..700	4700	suvarRa	suvarṇa	247	135	112	1.830	0.872
200..700	4700	mftyu	mṛtyu	267	159	108	1.679	0.748
200..700	4700	aneka	aneka	247	198	49	1.247	0.319
200..700	4700	uBaya	ubhaya	230	198	32	1.162	0.216
200..700	4700	rati	rati	260	179	81	1.453	0.539
200..700	4700	devatA	devatā	238	163	75	1.460	0.546
200..700	4700	sADu	sādhu	243	218	25	1.115	0.157
200..700	4700	banD	bandh	247	282	-35	0.876	-0.191
200..700	4700	sakala	sakala	259	211	48	1.227	0.296
200..700	4700	yogin	yogin	248	199	49	1.246	0.318
200..700	4700	yoni	yoni	255	226	29	1.128	0.174
200..700	4700	Sayana	śayana	268	155	113	1.729	0.790
200..700	4700	bIja	bīja	258	223	35	1.157	0.210
200..700	4700	SuD	śudh	240	247	-7	0.972	-0.041
200..700	4700	matsya	matsya	224	161	63	1.391	0.476
200..700	4700	upAya	upāya	246	183	63	1.344	0.427
200..700	4700	mAMsa	māṁsa	263	407	-144	0.646	-0.630
200..700	4700	aDarma	adharma	247	135	112	1.830	0.872
200..700	4700	citra	citra	254	168	86	1.512	0.596
200..700	4700	prAh	prāh	258	163	95	1.583	0.662
200..700	4700	arka	arka	255	220	35	1.159	0.213
200..700	4700	dvaya	dvaya	262	317	-55	0.826	-0.275
200..700	4700	As	ās	244	162	82	1.506	0.591
200..700	4700	upe	upe	256	212	44	1.208	0.272
200..700	4700	da	da	259	212	47	1.222	0.289
200..700	4700	sattva	sattva	247	380	-133	0.650	-0.621
200..700	4700	BrAtf	bhrātṛ	250	147	103	1.701	0.766
200..700	4700	ASraya	āśraya	239	218	21	1.096	0.133
200..700	4700	Sara	śara	241	200	41	1.205	0.269
200..700	4700	SOca	śauca	252	118	134	2.136	1.095
200..700	4700	kzatriya	kṣatriya	254	136	118	1.868	0.901
200..700	4700	cakzus	cakṣus	246	202	44	1.218	0.284
200..700	4700	dvAdaSan	dvādaśan	243	153	90	1.588	0.667
200..700	4700	Boga	bhoga	248	169	79	1.467	0.553
200..700	4700	amara	amara	251	183	68	1.372	0.456
200..700	4700	ambara	ambara	248	152	96	1.632	0.706
200..700	4700	Ayus	āyus	248	182	66	1.363	0.446
200..700	4700	vESya	vaiśya	241	136	105	1.772	0.825
200..700	4700	viviDa	vividha	246	161	85	1.528	0.612
200..700	4700	Bikzu	bhikṣu	235	47	188	5.000	2.322
200..700	4700	vaSa	vaśa	248	144	104	1.722	0.784
200..700	4700	sidDa	siddha	239	152	87	1.572	0.653
200..700	4700	atI	atī	243	141	102	1.723	0.785
200..700	4700	janay	janay	234	186	48	1.258	0.331
200..700	4700			0	0	0	inf	inf
200..700	4700	Atmaja	ātmaja	222	136	86	1.632	0.707
200..700	4700	krama	krama	227	181	46	1.254	0.327
200..700	4700	kzetra	kṣetra	236	161	75	1.466	0.552
200..700	4700	naS	naś	225	182	43	1.236	0.306
200..700	4700	Gora	ghora	248	177	71	1.401	0.487
200..700	4700	apsaras	apsaras	232	127	105	1.827	0.869
200..700	4700	amfta	amṛta	238	200	38	1.190	0.251
200..700	4700	traya	traya	223	228	-5	0.978	-0.032
200..700	4700	viza	viṣa	235	362	-127	0.649	-0.623
200..700	4700	praBu	prabhu	210	275	-65	0.764	-0.389
200..700	4700	BAz	bhāṣ	221	126	95	1.754	0.811
200..700	4700	Sak	śak	230	160	70	1.438	0.524
200..700	4700	niyam	niyam	238	98	140	2.429	1.280
200..700	4700	vidvas	vidvas	247	105	142	2.352	1.234
200..700	4700	saMsAra	saṁsāra	233	116	117	2.009	1.006
200..700	4700	naraka	naraka	245	172	73	1.424	0.510
200..700	4700	ISa	īśa	241	177	64	1.362	0.445
200..700	4700	patnI	patnī	243	150	93	1.620	0.696
200..700	4700	mokza	mokṣa	240	137	103	1.752	0.809
200..700	4700	arDa	ardha	238	381	-143	0.625	-0.679
200..700	4700	yozit	yoṣit	217	146	71	1.486	0.572
200..700	4700	Dara	dhara	246	156	90	1.577	0.657
200..700	4700	Cid	chid	218	211	7	1.033	0.047
200..700	4700	rakz	rakṣ	217	150	67	1.447	0.533
200..700	4700	i	i	211	165	46	1.279	0.355
200..700	4700	vraj	vraj	209	134	75	1.560	0.641
200..700	4700	vyAKyA	vyākhyā	159	209	-50	0.761	-0.394
200..700	4700	gaja	gaja	228	166	62	1.373	0.458
200..700	4700	bARa	bāṇa	239	159	80	1.503	0.588
200..700	4700	jIv	jīv	229	173	56	1.324	0.405
200..700	4700	nAga	nāga	224	136	88	1.647	0.720
200..700	4700	yudDa	yuddha	229	135	94	1.696	0.762
200..700	4700	yakza	yakṣa	230	132	98	1.742	0.801
200..700	4700	Sastra	śastra	229	180	49	1.272	0.347
200..700	4700	Siva	śiva	218	224	-6	0.973	-0.039
200..700	4700	kali	kali	215	140	75	1.536	0.619
200..700	4700	DAtu	dhātu	220	200	20	1.100	0.138
200..700	4700	yaj	yaj	201	126	75	1.595	0.674
200..700	4700	AkAra	ākāra	230	179	51	1.285	0.362
200..700	4700	mahI	mahī	221	128	93	1.727	0.788
200..700	4700	dfzwi	dṛṣṭi	225	246	-21	0.915	-0.129
200..700	4700	pArTiva	pārthiva	200	134	66	1.493	0.578
200..700	4700	smfti	smṛti	220	147	73	1.497	0.582
200..700	4700	kft	kṛt	220	262	-42	0.840	-0.252
200..700	4700	AkASa	ākāśa	211	156	55	1.353	0.436
200..700	4700	AhAra	āhāra	218	170	48	1.282	0.359
200..700	4700	tulya	tulya	226	248	-22	0.911	-0.134
200..700	4700	samBava	sambhava	196	179	17	1.095	0.131
200..700	4700	pravftti	pravṛtti	204	153	51	1.333	0.415
200..700	4700	tap	tap	221	173	48	1.277	0.353
200..700	4700	Acar	ācar	198	201	-3	0.985	-0.022
200..700	4700	utTA	utthā	214	151	63	1.417	0.503
200..700	4700	dApay	dāpay	217	165	52	1.315	0.395
200..700	4700	samBU	sambhū	212	159	53	1.333	0.415
200..700	4700	nf	nṛ	212	138	74	1.536	0.619
200..700	4700	asat	asat	210	155	55	1.355	0.438
200..700	4700	viDAna	vidhāna	209	113	96	1.850	0.887
200..700	4700	prasad	prasad	194	145	49	1.338	0.420
200..700	4700	dIrGa	dīrgha	206	165	41	1.248	0.320
200..700	4700	piRqa	piṇḍa	221	155	66	1.426	0.512
200..700	4700	kzip	kṣip	210	148	62	1.419	0.505
200..700	4700	svap	svap	202	152	50	1.329	0.410
200..700	4700	pattra	pattra	223	259	-36	0.861	-0.216
200..700	4700	sTApay	sthāpay	193	124	69	1.556	0.638
200..700	4700	snA	snā	200	183	17	1.093	0.128
200..700	4700	vapus	vapus	209	164	45	1.274	0.350
200..700	4700	yayAti	yayāti	157	110	47	1.427	0.513
200..700	4700	Sizya	śiṣya	203	127	76	1.598	0.677
200..700	4700	ananta	ananta	211	167	44	1.263	0.337
200..700	4700	arTin	arthin	212	180	32	1.178	0.236
200..700	4700	vatsa	vatsa	199	127	72	1.567	0.648
200..700	4700	mahABAga	mahābhāga	217	132	85	1.644	0.717
200..700	4700	janArdana	janārdana	184	116	68	1.586	0.666
200..700	4700	Soka	śoka	211	127	84	1.661	0.732
200..700	4700	mada	mada	213	200	13	1.065	0.091
200..700	4700	ravi	ravi	196	129	67	1.519	0.603
200..700	4700	dvitIya	dvitīya	197	152	45	1.296	0.374
200..700	4700	sarga	sarga	194	153	41	1.268	0.343
200..700	4700	ram	ram	193	129	64	1.496	0.581
200..700	4700	kopa	kopa	208	183	25	1.137	0.185
200..700	4700	mAnava	mānava	189	101	88	1.871	0.904
200..700	4700	liNga	liṅga	196	261	-65	0.751	-0.413
200..700	4700	kzi	kṣi	196	206	-10	0.951	-0.072
200..700	4700	ASri	āśri	195	179	16	1.089	0.124
200..700	4700	parigraha	parigraha	186	110	76	1.691	0.758
200..700	4700	kumAra	kumāra	200	171	29	1.170	0.226
200..700	4700	ari	ari	186	94	92	1.979	0.985
200..700	4700	nArI	nārī	203	149	54	1.362	0.446
200..700	4700	icCA	icchā	196	155	41	1.265	0.339
200..700	4700	mAna	māna	209	188	21	1.112	0.153
200..700	4700	kzaRa	kṣaṇa	196	244	-48	0.803	-0.316
200..700	4700	niyama	niyama	192	130	62	1.477	0.563
200..700	4700	sUkzma	sūkṣma	196	218	-22	0.899	-0.153
200..700	4700	svAmin	svāmin	192	151	41	1.272	0.347
200..700	4700	gopa	gopa	203	121	82	1.678	0.746
200..700	4700	vistara	vistara	181	126	55	1.437	0.523
200..700	4700	utsfj	utsṛj	190	104	86	1.827	0.869
200..700	4700	Gfta	ghṛta	206	596	-390	0.346	-1.533
200..700	4700	nivft	nivṛt	189	160	29	1.181	0.240
200..700	4700	ESvarya	aiśvarya	202	127	75	1.591	0.670
200..700	4700	tanaya	tanaya	204	123	81	1.659	0.730
200..700	4700	nibuD	nibudh	148	85	63	1.741	0.800
200..700	4700	keSava	keśava	184	112	72	1.643	0.716
200..700	4700	samaya	samaya	201	122	79	1.648	0.720
200..700	4700	saMyoga	saṁyoga	201	144	57	1.396	0.481
200..700	4700	vaktra	vaktra	207	177	30	1.169	0.226
200..700	4700	vajra	vajra	194	122	72	1.590	0.669
200..700	4700	yaSas	yaśas	201	111	90	1.811	0.857
200..700	4700	tftIya	tṛtīya	192	138	54	1.391	0.476
200..700	4700	druma	druma	192	119	73	1.613	0.690
200..700	4700	SudDi	śuddhi	205	172	33	1.192	0.253
200..700	4700	sev	sev	187	127	60	1.472	0.558
200..700	4700	pradA	pradā	190	123	67	1.545	0.627
200..700	4700	nArada	nārada	176	111	65	1.586	0.665
200..700	4700	maDyama	madhyama	189	105	84	1.800	0.848
200..700	4700	navan	navan	182	126	56	1.444	0.531
200..700	4700	utpatti	utpatti	183	121	62	1.512	0.597
200..700	4700	salila	salila	207	170	37	1.218	0.284
200..700	4700	stu	stu	181	160	21	1.131	0.178
200..700	4700	AyuDa	āyudha	191	113	78	1.690	0.757
200..700	4700	yatna	yatna	202	133	69	1.519	0.603
200..700	4700	dvIpa	dvīpa	195	124	71	1.573	0.653
200..700	4700	sADana	sādhana	195	174	21	1.121	0.164
200..700	4700	vega	vega	201	221	-20	0.910	-0.137
200..700	4700	bfhaspati	bṛhaspati	181	119	62	1.521	0.605
200..700	4700	Bojana	bhojana	183	188	-5	0.973	-0.039
200..700	4700	SAnti	śānti	193	106	87	1.821	0.865
200..700	4700	pfzWa	pṛṣṭha	188	172	16	1.093	0.128
200..700	4700	bali	bali	186	118	68	1.576	0.657
200..700	4700	vid	vid	165	799	-634	0.207	-2.276
200..700	4700	praRam	praṇam	189	153	36	1.235	0.305
200..700	4700	DyAna	dhyāna	185	109	76	1.697	0.763
200..700	4700	mAnasa	mānasa	176	223	-47	0.789	-0.341
200..700	4700	dvAra	dvāra	185	129	56	1.434	0.520
200..700	4700	Sukla	śukla	178	207	-29	0.860	-0.218
200..700	4700	prada	prada	168	161	7	1.043	0.061
200..700	4700	Bf	bhṛ	181	132	49	1.371	0.455
200..700	4700	spfS	spṛś	186	174	12	1.069	0.096
200..700	4700	upasTA	upasthā	175	135	40	1.296	0.374
200..700	4700	kuSala	kuśala	196	115	81	1.704	0.769
200..700	4700	kfta	kṛta	173	116	57	1.491	0.577
200..700	4700	kalA	kalā	177	145	32	1.221	0.288
200..700	4700	lABa	lābha	186	136	50	1.368	0.452
200..700	4700	tila	tila	192	226	-34	0.850	-0.235
200..700	4700	sneha	sneha	195	362	-167	0.539	-0.893
200..700	4700	vyavahAra	vyavahāra	187	107	80	1.748	0.805
200..700	4700	praDAna	pradhāna	183	271	-88	0.675	-0.566
200..700	4700	Baj	bhaj	168	132	36	1.273	0.348
200..700	4700	avasTA	avasthā	169	242	-73	0.698	-0.518
200..700	4700	Adika	ādika	187	178	9	1.051	0.071
200..700	4700	paTin	pathin	187	113	74	1.655	0.727
200..700	4700	sadfSa	sadṛśa	190	103	87	1.845	0.883
200..700	4700	udaya	udaya	174	170	4	1.024	0.034
200..700	4700	rAja	rāja	199	104	95	1.913	0.936
200..700	4700	toya	toya	199	210	-11	0.948	-0.078
200..700	4700	saMDyA	saṁdhyā	174	133	41	1.308	0.388
200..700	4700	nArAyaRa	nārāyaṇa	185	112	73	1.652	0.724
200..700	4700	viBu	vibhu	174	147	27	1.184	0.243
200..700	4700	praBA	prabhā	177	160	17	1.106	0.146
200..700	4700	AraB	ārabh	164	91	73	1.802	0.850
200..700	4700	kowi	koṭi	196	124	72	1.581	0.661
200..700	4700	yOvana	yauvana	175	118	57	1.483	0.569
200..700	4700	mAlya	mālya	195	108	87	1.806	0.852
200..700	4700	gAtra	gātra	189	164	25	1.152	0.205
200..700	4700	jap	jap	172	126	46	1.365	0.449
200..700	4700	maDu	madhu	178	420	-242	0.424	-1.239
200..700	4700	DAnya	dhānya	169	140	29	1.207	0.272
200..700	4700	Druva	dhruva	161	146	15	1.103	0.141
200..700	4700	nanda	nanda	168	37	131	4.541	2.183
200..700	4700	yojana	yojana	174	121	53	1.438	0.524
200..700	4700	tripura	tripura	190	105	85	1.810	0.856
200..700	4700	gamana	gamana	184	126	58	1.460	0.546
200..700	4700	mUrti	mūrti	177	124	53	1.427	0.513
200..700	4700	dina	dina	175	212	-37	0.825	-0.277
200..700	4700	banDu	bandhu	180	122	58	1.475	0.561
200..700	4700	arcay	arcay	171	114	57	1.500	0.585
200..700	4700	raRa	raṇa	175	125	50	1.400	0.485
200..700	4700	vinASa	vināśa	176	89	87	1.978	0.984
200..700	4700	praBu	prabhu	158	275	-117	0.575	-0.800
200..700	4700	buDa	budha	163	165	-2	0.988	-0.018
200..700	4700	nASa	nāśa	185	140	45	1.321	0.402
200..700	4700	AcAra	ācāra	182	139	43	1.309	0.389
200..700	4700	pitAmaha	pitāmaha	156	148	8	1.054	0.076
200..700	4700	saMyuj	saṁyuj	188	124	64	1.516	0.600
200..700	4700	jaya	jaya	174	152	22	1.145	0.195
200..700	4700	svarUpa	svarūpa	185	114	71	1.623	0.698
200..700	4700	vyaya	vyaya	179	67	112	2.672	1.418
200..700	4700	vfD	vṛdh	170	122	48	1.393	0.479
200..700	4700	aDigam	adhigam	165	83	82	1.988	0.991
200..700	4700	saMGa	saṁgha	183	54	129	3.389	1.761
200..700	4700	aDipa	adhipa	160	123	37	1.301	0.379
200..700	4700	BUzaRa	bhūṣaṇa	161	118	43	1.364	0.448
200..700	4700	netra	netra	183	218	-35	0.839	-0.252
200..700	4700	Basman	bhasman	167	131	36	1.275	0.350
200..700	4700	Buja	bhuja	171	137	34	1.248	0.320
200..700	4700	locana	locana	163	163	0	1.000	0.000
200..700	4700	mUrDan	mūrdhan	176	179	-3	0.983	-0.024
200..700	4700	AsTA	āsthā	178	114	64	1.561	0.643
200..700	4700	kaTA	kathā	172	142	30	1.211	0.277
200..700	4700	samADi	samādhi	162	126	36	1.286	0.363
200..700	4700	sAkzin	sākṣin	161	248	-87	0.649	-0.623
200..700	4700	smita	smita	181	92	89	1.967	0.976
200..700	4700	dAra	dāra	176	104	72	1.692	0.759
200..700	4700	prayatna	prayatna	165	103	62	1.602	0.680
200..700	4700	DAray	dhāray	162	136	26	1.191	0.252
200..700	4700	nAyaka	nāyaka	158	129	29	1.225	0.293
200..700	4700	Arta	ārta	173	165	8	1.048	0.068
200..700	4700	vAdin	vādin	162	161	1	1.006	0.009
200..700	4700	jyezWa	jyeṣṭha	156	94	62	1.660	0.731
200..700	4700	SaraRa	śaraṇa	169	109	60	1.550	0.633
200..700	4700	Sam	śam	173	136	37	1.272	0.347
200..700	4700	Bram	bhram	163	128	35	1.273	0.349
200..700	4700	keSa	keśa	169	155	14	1.090	0.125
200..700	4700	oGa	ogha	160	108	52	1.481	0.567
200..700	4700	vijYAna	vijñāna	169	167	2	1.012	0.017
200..700	4700	Agama	āgama	158	139	19	1.137	0.185
200..700	4700	vayas	vayas	170	121	49	1.405	0.491
200..700	4700	homa	homa	172	105	67	1.638	0.712
200..700	4700	sAgara	sāgara	156	112	44	1.393	0.478
200..700	4700	mUtra	mūtra	170	395	-225	0.430	-1.216
200..700	4700	ambu	ambu	173	283	-110	0.611	-0.710
200..700	4700	yuta	yuta	165	224	-59	0.737	-0.441
200..700	4700	rAtra	rātra	174	168	6	1.036	0.051
200..700	4700	tanu	tanu	162	249	-87	0.651	-0.620
200..700	4700	dama	dama	147	87	60	1.690	0.757
200..700	4700	heman	heman	166	124	42	1.339	0.421
200..700	4700	bAnDava	bāndhava	151	90	61	1.678	0.747
200..700	4700	vah	vah	157	142	15	1.106	0.145
200..700	4700	upapad	upapad	157	52	105	3.019	1.594
200..700	4700	saMskAra	saṁskāra	169	122	47	1.385	0.470
200..700	4700	paRa	paṇa	160	65	95	2.462	1.300
200..700	4700	sattva	sattva	165	380	-215	0.434	-1.204
200..700	4700	lakzmI	lakṣmī	164	133	31	1.233	0.302
200..700	4700	trElokya	trailokya	166	107	59	1.551	0.634
200..700	4700	vitta	vitta	169	104	65	1.625	0.700
200..700	4700	kzIra	kṣīra	167	457	-290	0.365	-1.452
200..700	4700	meGa	megha	165	118	47	1.398	0.484
200..700	4700	duz	duṣ	159	203	-44	0.783	-0.352
200..700	4700	darSay	darśay	149	139	10	1.072	0.100
200..700	4700	AKyA	ākhyā	152	378	-226	0.402	-1.314
200..700	4700	Aruh	āruh	162	125	37	1.296	0.374
200..700	4700	Avf	āvṛ	159	164	-5	0.970	-0.045
200..700	4700	utpAday	utpāday	143	107	36	1.336	0.418
200..700	4700	raSmi	raśmi	164	99	65	1.657	0.728
200..700	4700	devayAnI	devayānī	141	89	52	1.584	0.664
200..700	4700	jyotis	jyotis	166	115	51	1.443	0.530
200..700	4700	svapna	svapna	162	151	11	1.073	0.101
200..700	4700	nihan	nihan	158	149	9	1.060	0.085
200..700	4700	pre	pre	167	70	97	2.386	1.254
200..700	4700	karRa	karṇa	164	221	-57	0.742	-0.430
200..700	4700	nATa	nātha	169	120	49	1.408	0.494
200..700	4700	ftu	ṛtu	147	135	12	1.089	0.123
200..700	4700	Bavana	bhavana	166	116	50	1.431	0.517
200..700	4700	meru	meru	153	96	57	1.594	0.672
200..700	4700	sambanDa	sambandha	159	105	54	1.514	0.599
200..700	4700	aDI	adhī	148	79	69	1.873	0.906
200..700	4700	prayuj	prayuj	152	190	-38	0.800	-0.322
200..700	4700	niveday	niveday	133	112	21	1.188	0.248
200..700	4700	nIla	nīla	163	154	9	1.058	0.082
200..700	4700	maya	maya	153	502	-349	0.305	-1.714
200..700	4700	upama	upama	152	134	18	1.134	0.182
200..700	4700	jAla	jāla	160	139	21	1.151	0.203
200..700	4700	pAna	pāna	162	270	-108	0.600	-0.737
200..700	4700	pApa	pāpa	164	468	-304	0.350	-1.513
200..700	4700	pArSva	pārśva	163	216	-53	0.755	-0.406
200..700	4700	pratizeDa	pratiṣedha	128	87	41	1.471	0.557
200..700	4700	banDa	bandha	163	145	18	1.124	0.169
200..700	4700	prayoga	prayoga	145	95	50	1.526	0.610
200..700	4700	anfta	anṛta	148	90	58	1.644	0.718
200..700	4700	nava	nava	151	196	-45	0.770	-0.376
200..700	4700	vahni	vahni	155	170	-15	0.912	-0.133
200..700	4700	tAraka	tāraka	141	109	32	1.294	0.371
200..700	4700	sarpa	sarpa	158	98	60	1.612	0.689
200..700	4700	svaBAva	svabhāva	155	184	-29	0.842	-0.247
200..700	4700	gaNgA	gaṅgā	147	103	44	1.427	0.513
200..700	4700	prApti	prāpti	158	94	64	1.681	0.749
200..700	4700	aDikf	adhikṛ	140	96	44	1.458	0.544
200..700	4700	anyonya	anyonya	155	124	31	1.250	0.322
200..700	4700	apatya	apatya	152	109	43	1.394	0.480
200..700	4700	Ananda	ānanda	161	81	80	1.988	0.991
200..700	4700	yAna	yāna	161	101	60	1.594	0.673
200..700	4700	sUtra	sūtra	155	114	41	1.360	0.443
200..700	4700	SayyA	śayyā	151	104	47	1.452	0.538
200..700	4700	guh	guh	155	101	54	1.535	0.618
200..700	4700	SI	śī	156	78	78	2.000	1.000
200..700	4700	BI	bhī	150	143	7	1.049	0.069
200..700	4700	prI	prī	146	109	37	1.339	0.422
200..700	4700	saMyuta	saṁyuta	129	149	-20	0.866	-0.208
200..700	4700	nakzatra	nakṣatra	154	93	61	1.656	0.728
200..700	4700	ramya	ramya	156	137	19	1.139	0.187
200..700	4700	Satru	śatru	150	93	57	1.613	0.690
200..700	4700	SaMkara	śaṁkara	142	118	24	1.203	0.267
200..700	4700	SfNga	śṛṅga	159	142	17	1.120	0.163
200..700	4700	purARa	purāṇa	154	171	-17	0.901	-0.151
200..700	4700	bAhya	bāhya	148	153	-5	0.967	-0.048
200..700	4700	jval	jval	140	88	52	1.591	0.670
200..700	4700	upagam	upagam	143	82	61	1.744	0.802
200..700	4700	caturTa	caturtha	150	110	40	1.364	0.447
200..700	4700	saMsTA	saṁsthā	144	115	29	1.252	0.324
200..700	4700	vftta	vṛtta	157	134	23	1.172	0.229
200..700	4700	aNganA	aṅganā	145	119	26	1.218	0.285
200..700	4700	kumBa	kumbha	157	127	30	1.236	0.306
200..700	4700	rAzwra	rāṣṭra	146	53	93	2.755	1.462
200..700	4700	duhitf	duhitṛ	158	145	13	1.090	0.124
200..700	4700	dvijottama	dvijottama	126	73	53	1.726	0.787
200..700	4700	aDizWA	adhiṣṭhā	148	94	54	1.574	0.655
200..700	4700	sADay	sādhay	142	360	-218	0.394	-1.342
200..700	4700	pratipad	pratipad	127	121	6	1.050	0.070
200..700	4700	vyavasTA	vyavasthā	129	99	30	1.303	0.382
200..700	4700	sampad	sampad	159	180	-21	0.883	-0.179
200..700	4700	sampUjay	sampūjay	145	85	60	1.706	0.771
200..700	4700	vIra	vīra	160	92	68	1.739	0.798
200..700	4700	Dvaja	dhvaja	146	85	61	1.718	0.780
200..700	4700	naKa	nakha	156	156	0	1.000	0.000
200..700	4700	vikalpa	vikalpa	142	168	-26	0.845	-0.243
200..700	4700	Ayatana	āyatana	149	108	41	1.380	0.464
200..700	4700	Arya	ārya	146	130	16	1.123	0.167
200..700	4700	vasu	vasu	147	118	29	1.246	0.317
200..700	4700	mAnuza	mānuṣa	149	150	-1	0.993	-0.010
200..700	4700	dveza	dveṣa	154	98	56	1.571	0.652
200..700	4700	hiraRya	hiraṇya	152	66	86	2.303	1.204
200..700	4700	ga	ga	136	207	-71	0.657	-0.606
200..700	4700	viS	viś	145	139	6	1.043	0.061
200..700	4700	Df	dhṛ	145	118	27	1.229	0.297
200..700	4700	vivarjay	vivarjay	113	111	2	1.018	0.026
200..700	4700	abda	abda	153	85	68	1.800	0.848
200..700	4700	amBas	ambhas	148	198	-50	0.747	-0.420
200..700	4700	ekEka	ekaika	139	95	44	1.463	0.549
200..700	4700	Sruti	śruti	134	98	36	1.367	0.451
200..700	4700	nagara	nagara	141	87	54	1.621	0.697
200..700	4700	Anana	ānana	134	165	-31	0.812	-0.300
200..700	4700	indu	indu	152	156	-4	0.974	-0.037
200..700	4700	rakta	rakta	149	470	-321	0.317	-1.657
200..700	4700	loBa	lobha	146	78	68	1.872	0.904
200..700	4700	sOmya	saumya	146	90	56	1.622	0.698
200..700	4700	hita	hita	149	414	-265	0.360	-1.474
200..700	4700	hfd	hṛd	136	225	-89	0.604	-0.726
200..700	4700	AyA	āyā	145	127	18	1.142	0.191
200..700	4700	payas	payas	148	330	-182	0.448	-1.157
200..700	4700	manvantara	manvantara	133	86	47	1.547	0.629
200..700	4700	Sveta	śveta	136	108	28	1.259	0.333
200..700	4700	sEnya	sainya	155	97	58	1.598	0.676
200..700	4700	muh	muh	147	153	-6	0.961	-0.058
200..700	4700	dIp	dīp	147	115	32	1.278	0.354
200..700	4700	pratigrah	pratigrah	122	60	62	2.033	1.024
200..700	4700	acala	acala	127	114	13	1.114	0.156
200..700	4700	paRya	paṇya	144	53	91	2.717	1.442
200..700	4700	nayana	nayana	155	161	-6	0.963	-0.055
200..700	4700	varuRa	varuṇa	149	90	59	1.656	0.727
200..700	4700	rUpin	rūpin	139	98	41	1.418	0.504
200..700	4700	hastin	hastin	141	64	77	2.203	1.140
200..700	4700	anugam	anugam	141	97	44	1.454	0.540
200..700	4700	Ahf	āhṛ	143	106	37	1.349	0.432
200..700	4700	samAcar	samācar	120	89	31	1.348	0.431
200..700	4700	ajYAna	ajñāna	140	93	47	1.505	0.590
200..700	4700	kAvya	kāvya	142	99	43	1.434	0.520
200..700	4700	samAna	samāna	132	139	-7	0.950	-0.075
200..700	4700	Uru	ūru	140	155	-15	0.903	-0.147
200..700	4700	CAyA	chāyā	147	140	7	1.050	0.070
200..700	4700	vastu	vastu	145	133	12	1.090	0.125
200..700	4700	sAra	sāra	148	139	9	1.065	0.091
200..700	4700	mfd	mṛd	142	173	-31	0.821	-0.285
200..700	4700	pUjA	pūjā	143	77	66	1.857	0.893
200..700	4700	pUrvaka	pūrvaka	131	111	20	1.180	0.239
200..700	4700	paW	paṭh	128	111	17	1.153	0.206
200..700	4700	pIqay	pīḍay	132	133	-1	0.992	-0.011
200..700	4700	Bakzay	bhakṣay	116	108	8	1.074	0.103
200..700	4700	samprAp	samprāp	145	92	53	1.576	0.656
200..700	4700	Svan	śvan	143	79	64	1.810	0.856
200..700	4700	kfzRa	kṛṣṇa	141	477	-336	0.296	-1.758
200..700	4700	SrAvaka	śrāvaka	151	44	107	3.432	1.779
200..700	4700	BAra	bhāra	141	115	26	1.226	0.294
200..700	4700	ABa	ābha	148	168	-20	0.881	-0.183
200..700	4700	rajas	rajas	136	221	-85	0.615	-0.700
200..700	4700	rAma	rāma	141	76	65	1.855	0.892
200..700	4700	saras	saras	135	111	24	1.216	0.282
200..700	4700	SaNKa	śaṅkha	140	148	-8	0.946	-0.080
200..700	4700	vyakta	vyakta	123	189	-66	0.651	-0.620
200..700	4700	Sukra	śukra	130	230	-100	0.565	-0.823
200..700	4700	gadA	gadā	146	88	58	1.659	0.730
200..700	4700	nipat	nipat	147	75	72	1.960	0.971
200..700	4700	parityaj	parityaj	132	99	33	1.333	0.415
200..700	4700	viSuD	viśudh	131	98	33	1.337	0.419
200..700	4700	vihf	vihṛ	131	53	78	2.472	1.306
200..700	4700	anugraha	anugraha	137	74	63	1.851	0.889
200..700	4700	kArin	kārin	132	144	-12	0.917	-0.126
200..700	4700	maraRa	maraṇa	146	136	10	1.074	0.102
200..700	4700	BARqa	bhāṇḍa	143	58	85	2.466	1.302
200..700	4700	sita	sita	139	136	3	1.022	0.031
200..700	4700	SUnya	śūnya	139	105	34	1.324	0.405
200..700	4700	mfdu	mṛdu	134	202	-68	0.663	-0.592
200..700	4700	praBAva	prabhāva	141	95	46	1.484	0.570
200..700	4700	prahlAda	prahlāda	117	79	38	1.481	0.567
200..700	4700	tuz	tuṣ	139	94	45	1.479	0.564
200..700	4700	AsAday	āsāday	139	108	31	1.287	0.364
200..700	4700	vimuc	vimuc	133	85	48	1.565	0.646
200..700	4700	akzaya	akṣaya	127	89	38	1.427	0.513
200..700	4700	akza	akṣa	145	215	-70	0.674	-0.568
200..700	4700	kartf	kartṛ	141	159	-18	0.887	-0.173
200..700	4700	upadeSa	upadeśa	135	98	37	1.378	0.462
200..700	4700	udara	udara	135	233	-98	0.579	-0.787
200..700	4700	AramBa	ārambha	135	89	46	1.517	0.601
200..700	4700	Danus	dhanus	132	107	25	1.234	0.303
200..700	4700	danta	danta	140	182	-42	0.769	-0.379
200..700	4700	vyADi	vyādhi	141	174	-33	0.810	-0.303
200..700	4700	kIrtay	kīrtay	124	85	39	1.459	0.545
200..700	4700	paScima	paścima	136	84	52	1.619	0.695
200..700	4700	atyanta	atyanta	133	91	42	1.462	0.547
200..700	4700	BAskara	bhāskara	130	85	45	1.529	0.613
200..700	4700	tfRa	tṛṇa	134	117	17	1.145	0.196
200..700	4700	dvijAti	dvijāti	133	71	62	1.873	0.906
200..700	4700	dakziRA	dakṣiṇā	122	95	27	1.284	0.361
200..700	4700	harza	harṣa	133	117	16	1.137	0.185
200..700	4700	hita	hita	130	414	-284	0.314	-1.671
200..700	4700	govinda	govinda	143	76	67	1.882	0.912
200..700	4700	SAsana	śāsana	130	58	72	2.241	1.164
200..700	4700	mAhAtmya	māhātmya	133	80	53	1.663	0.733
200..700	4700	apahf	apahṛ	131	106	25	1.236	0.306
200..700	4700	avatf	avatṛ	129	73	56	1.767	0.821
200..700	4700	kftsna	kṛtsna	130	71	59	1.831	0.873
200..700	4700	atiTi	atithi	127	93	34	1.366	0.450
200..700	4700	anarTa	anartha	134	75	59	1.787	0.837
200..700	4700	anitya	anitya	128	51	77	2.510	1.328
200..700	4700	nfpati	nṛpati	135	61	74	2.213	1.146
200..700	4700	ftvij	ṛtvij	128	63	65	2.032	1.023
200..700	4700	fRa	ṛṇa	129	121	8	1.066	0.092
200..700	4700	AjYA	ājñā	124	118	6	1.051	0.072
200..700	4700	ugra	ugra	138	121	17	1.140	0.190
200..700	4700	vyasana	vyasana	136	70	66	1.943	0.958
200..700	4700	pradAna	pradāna	137	100	37	1.370	0.454
200..700	4700	alaMkf	alaṁkṛ	133	85	48	1.565	0.646
200..700	4700	vAri	vāri	130	145	-15	0.897	-0.158
200..700	4700	kaMsa	kaṁsa	122	74	48	1.649	0.721
200..700	4700	anala	anala	131	143	-12	0.916	-0.126
200..700	4700	Bftya	bhṛtya	134	63	71	2.127	1.089
200..700	4700	vasizWa	vasiṣṭha	126	90	36	1.400	0.485
200..700	4700	vAta	vāta	136	599	-463	0.227	-2.139
200..700	4700	tfpti	tṛpti	136	86	50	1.581	0.661
200..700	4700	tAta	tāta	135	101	34	1.337	0.419
200..700	4700	gA	gā	118	131	-13	0.901	-0.151
200..700	4700	ArADay	ārādhay	118	102	16	1.157	0.210
200..700	4700	viSiz	viśiṣ	112	68	44	1.647	0.720
200..700	4700	viSru	viśru	112	77	35	1.455	0.541
200..700	4700	kfcCra	kṛcchra	131	179	-48	0.732	-0.450
200..700	4700	saptama	saptama	119	83	36	1.434	0.520
200..700	4700	saMvatsara	saṁvatsara	117	90	27	1.300	0.379
200..700	4700	DImat	dhīmat	118	85	33	1.388	0.473
200..700	4700	rAkzasa	rākṣasa	128	111	17	1.153	0.206
200..700	4700	yadu	yadu	128	71	57	1.803	0.850
200..700	4700	janapada	janapada	129	48	81	2.688	1.426
200..700	4700	sahita	sahita	138	108	30	1.278	0.354
200..700	4700	SApa	śāpa	133	95	38	1.400	0.485
200..700	4700	muhUrta	muhūrta	128	93	35	1.376	0.461
200..700	4700	vfdDa	vṛddha	132	155	-23	0.852	-0.232
200..700	4700	DyA	dhyā	123	83	40	1.482	0.567
200..700	4700	pAtay	pātay	121	93	28	1.301	0.380
200..700	4700	udDf	uddhṛ	127	164	-37	0.774	-0.369
200..700	4700	saMKyA	saṁkhyā	129	115	14	1.122	0.166
200..700	4700	fc	ṛc	120	71	49	1.690	0.757
200..700	4700	upaBoga	upabhoga	131	76	55	1.724	0.785
200..700	4700	vikraya	vikraya	119	60	59	1.983	0.988
200..700	4700	vadana	vadana	134	133	1	1.008	0.011
200..700	4700	tEla	taila	132	435	-303	0.303	-1.720
200..700	4700	tyAga	tyāga	134	72	62	1.861	0.896
200..700	4700	dEva	daiva	122	170	-48	0.718	-0.479
200..700	4700	hiMsA	hiṁsā	121	69	52	1.754	0.810
200..700	4700	hiraRyakaSipu	hiraṇyakaśipu	104	72	32	1.444	0.531
200..700	4700	vinaya	vinaya	131	57	74	2.298	1.201
200..700	4700	viBAga	vibhāga	122	105	17	1.162	0.216
200..700	4700	prARin	prāṇin	127	64	63	1.984	0.989
200..700	4700	prasaNga	prasaṅga	116	67	49	1.731	0.792
200..700	4700	vinaS	vinaś	113	66	47	1.712	0.776
200..700	4700	taTAgata	tathāgata	135	81	54	1.667	0.737
200..700	4700	kuSa	kuśa	128	101	27	1.267	0.342
200..700	4700	paYcama	pañcama	117	97	20	1.206	0.270
200..700	4700	samAhita	samāhita	116	59	57	1.966	0.975
200..700	4700	aByAsa	abhyāsa	120	78	42	1.538	0.621
200..700	4700	upapatti	upapatti	115	10	105	11.500	3.524
200..700	4700	arDa	ardha	127	381	-254	0.333	-1.585
200..700	4700	Alaya	ālaya	119	79	40	1.506	0.591
200..700	4700	maheSvara	maheśvara	111	81	30	1.370	0.455
200..700	4700	latA	latā	127	168	-41	0.756	-0.404
200..700	4700	jantu	jantu	119	95	24	1.253	0.325
200..700	4700	prakIrtay	prakīrtay	99	79	20	1.253	0.326
200..700	4700	Sama	śama	122	80	42	1.525	0.609
200..700	4700	kusuma	kusuma	130	160	-30	0.812	-0.300
200..700	4700	kiMnara	kiṁnara	121	48	73	2.521	1.334
200..700	4700	marut	marut	127	115	12	1.104	0.143
200..700	4700	ojas	ojas	112	114	-2	0.982	-0.026
200..700	4700	SravaRa	śravaṇa	123	88	35	1.398	0.483
200..700	4700	mAnasa	mānasa	115	223	-108	0.516	-0.955
200..700	4700	gfhasTa	gṛhastha	115	55	60	2.091	1.064
200..700	4700	divasa	divasa	120	93	27	1.290	0.368
200..700	4700	preta	preta	127	88	39	1.443	0.529
200..700	4700	aS	aś	120	149	-29	0.805	-0.312
200..700	4700	buD	budh	120	81	39	1.481	0.567
200..700	4700	AviS	āviś	120	89	31	1.348	0.431
200..700	4700	prAYc	prāñc	115	108	7	1.065	0.091
200..700	4700	aha	aha	128	205	-77	0.624	-0.679
200..700	4700	araRya	araṇya	127	67	60	1.896	0.923
200..700	4700	Sreyas	śreyas	115	78	37	1.474	0.560
200..700	4700	vikAra	vikāra	114	130	-16	0.877	-0.189
200..700	4700	utpAda	utpāda	118	53	65	2.226	1.155
200..700	4700	Akula	ākula	118	123	-5	0.959	-0.060
200..700	4700	jIvita	jīvita	114	147	-33	0.776	-0.367
200..700	4700	dyuti	dyuti	115	102	13	1.127	0.173
200..700	4700	stana	stana	119	177	-58	0.672	-0.573
200..700	4700	hara	hara	119	272	-153	0.438	-1.193
200..700	4700	viparyaya	viparyaya	95	127	-32	0.748	-0.419
200..700	4700	SradDA	śraddhā	117	86	31	1.360	0.444
200..700	4700	vfza	vṛṣa	123	103	20	1.194	0.256
200..700	4700	vfzwi	vṛṣṭi	121	99	22	1.222	0.290
200..700	4700	kalpay	kalpay	108	159	-51	0.679	-0.558
200..700	4700	coday	coday	108	72	36	1.500	0.585
200..700	4700	BaYj	bhañj	121	70	51	1.729	0.790
200..700	4700	nyas	nyas	125	104	21	1.202	0.265
200..700	4700	pakzin	pakṣin	119	78	41	1.526	0.609
200..700	4700	vAsa	vāsa	122	66	56	1.848	0.886
200..700	4700	vAsin	vāsin	110	79	31	1.392	0.478
200..700	4700	BIma	bhīma	127	106	21	1.198	0.261
200..700	4700	triviDa	trividha	109	92	17	1.185	0.245
200..700	4700	sparSa	sparśa	125	148	-23	0.845	-0.244
200..700	4700	sAman	sāman	121	102	19	1.186	0.246
200..700	4700	SASvata	śāśvata	106	58	48	1.828	0.870
200..700	4700	krIqA	krīḍā	121	93	28	1.301	0.380
200..700	4700	divAkara	divākara	111	57	54	1.947	0.962
200..700	4700	bAla	bāla	117	383	-266	0.305	-1.711
200..700	4700	kaRWa	kaṇṭha	121	191	-70	0.634	-0.659
200..700	4700	anAgata	anāgata	117	62	55	1.887	0.916
200..700	4700	niScaya	niścaya	110	44	66	2.500	1.322
200..700	4700	uzRa	uṣṇa	123	386	-263	0.319	-1.650
200..700	4700	vAsudeva	vāsudeva	117	79	38	1.481	0.567
200..700	4700	vikrama	vikrama	109	64	45	1.703	0.768
200..700	4700	asTi	asthi	123	217	-94	0.567	-0.819
200..700	4700	Akfti	ākṛti	107	134	-27	0.799	-0.325
200..700	4700	Asya	āsya	126	175	-49	0.720	-0.474
200..700	4700	taru	taru	119	99	20	1.202	0.265
200..700	4700	daDi	dadhi	117	178	-61	0.657	-0.605
200..700	4700	sTira	sthira	119	127	-8	0.937	-0.094
200..700	4700	SilA	śilā	128	95	33	1.347	0.430
200..700	4700	vivAda	vivāda	118	79	39	1.494	0.579
200..700	4700	prayAga	prayāga	119	70	49	1.700	0.766
200..700	4700	Ayam	āyam	122	88	34	1.386	0.471
200..700	4700	praSaMs	praśaṁs	108	88	20	1.227	0.295
200..700	4700	caraRa	caraṇa	122	146	-24	0.836	-0.259
200..700	4700	anulepana	anulepana	108	79	29	1.367	0.451
200..700	4700	aBimuKa	abhimukha	121	74	47	1.635	0.709
200..700	4700	ASaya	āśaya	112	116	-4	0.966	-0.051
200..700	4700	vAma	vāma	118	87	31	1.356	0.440
200..700	4700	suhfd	suhṛd	120	104	16	1.154	0.206
200..700	4700	sfzwi	sṛṣṭi	120	77	43	1.558	0.640
200..700	4700	steya	steya	118	55	63	2.145	1.101
200..700	4700	pf	pṛ	119	97	22	1.227	0.295
200..700	4700	avekz	avekṣ	110	60	50	1.833	0.874
200..700	4700	mad	mad	112	4825	-4713	0.023	-5.429
200..700	4700	upalaB	upalabh	109	88	21	1.239	0.309
200..700	4700	DArin	dhārin	108	80	28	1.350	0.433
200..700	4700	tIkzRa	tīkṣṇa	114	222	-108	0.514	-0.962
200..700	4700	jAnu	jānu	115	81	34	1.420	0.506
200..700	4700	skanDa	skandha	115	102	13	1.127	0.173
200..700	4700	SUla	śūla	121	216	-95	0.560	-0.836
200..700	4700	Ka	kha	113	93	20	1.215	0.281
200..700	4700	pIta	pīta	116	123	-7	0.943	-0.085
200..700	4700	kruD	krudh	112	95	17	1.179	0.237
200..700	4700	saYj	sañj	114	69	45	1.652	0.724
200..700	4700	vistf	vistṛ	110	74	36	1.486	0.572
200..700	4700	aNka	aṅka	118	75	43	1.573	0.654
200..700	4700	acyuta	acyuta	104	80	24	1.300	0.379
200..700	4700	anila	anila	116	293	-177	0.396	-1.337
200..700	4700	samIpa	samīpa	117	91	26	1.286	0.363
200..700	4700	amala	amala	115	83	32	1.386	0.470
200..700	4700	Dfti	dhṛti	113	65	48	1.738	0.798
200..700	4700	narendra	narendra	116	42	74	2.762	1.466
200..700	4700	BAj	bhāj	111	103	8	1.078	0.108
200..700	4700	avayava	avayava	107	80	27	1.337	0.420
200..700	4700	utpala	utpala	116	145	-29	0.800	-0.322
200..700	4700	yava	yava	111	204	-93	0.544	-0.878
200..700	4700	roga	roga	117	310	-193	0.377	-1.406
200..700	4700	tAvat	tāvat	111	329	-218	0.337	-1.568
200..700	4700	pAvaka	pāvaka	102	76	26	1.342	0.424
200..700	4700	vivAha	vivāha	116	83	33	1.398	0.483
200..700	4700	puRya	puṇya	116	347	-231	0.334	-1.581
200..700	4700	buDa	budha	103	165	-62	0.624	-0.680
200..700	4700	brahmacArin	brahmacārin	109	70	39	1.557	0.639
200..700	4700	prajYA	prajñā	113	74	39	1.527	0.611
200..700	4700	cal	cal	108	81	27	1.333	0.415
200..700	4700	vaD	vadh	108	63	45	1.714	0.778
200..700	4700	hfz	hṛṣ	116	88	28	1.318	0.399
200..700	4700	daRqay	daṇḍay	115	80	35	1.438	0.524
200..700	4700	prakf	prakṛ	112	62	50	1.806	0.853
200..700	4700	viBaj	vibhaj	106	129	-23	0.822	-0.283
200..700	4700	antika	antika	106	71	35	1.493	0.578
200..700	4700	anDa	andha	111	76	35	1.461	0.546
200..700	4700	vicitra	vicitra	114	81	33	1.407	0.493
200..700	4700	cala	cala	115	103	12	1.117	0.159
200..700	4700	cintA	cintā	111	77	34	1.442	0.528
200..700	4700	avasTA	avasthā	111	242	-131	0.459	-1.124
200..700	4700	avyakta	avyakta	106	158	-52	0.671	-0.576
200..700	4700	mahIpati	mahīpati	89	60	29	1.483	0.569
200..700	4700	jihvA	jihvā	112	124	-12	0.903	-0.147
200..700	4700	dakza	dakṣa	112	114	-2	0.982	-0.026
200..700	4700	hara	hara	107	272	-165	0.393	-1.346
200..700	4700	gotra	gotra	113	85	28	1.329	0.411
200..700	4700	kzuD	kṣudh	108	84	24	1.286	0.363
200..700	4700	brAhma	brāhma	103	66	37	1.561	0.642
200..700	4700	prAjYa	prājña	119	49	70	2.429	1.280
200..700	4700	vyaD	vyadh	110	113	-3	0.973	-0.039
200..700	4700	vf	vṛ	102	138	-36	0.739	-0.436
200..700	4700	Acakz	ācakṣ	101	84	17	1.202	0.266
200..700	4700	Bojay	bhojay	107	77	30	1.390	0.475
200..700	4700	praRaS	praṇaś	102	42	60	2.429	1.280
200..700	4700	prasU	prasū	110	68	42	1.618	0.694
200..700	4700	apadeSa	apadeśa	95	60	35	1.583	0.663
200..700	4700	samarTa	samartha	102	68	34	1.500	0.585
200..700	4700	mantrin	mantrin	99	72	27	1.375	0.459
200..700	4700	ozaDi	oṣadhi	110	80	30	1.375	0.459
200..700	4700	Sloka	śloka	95	69	26	1.377	0.461
200..700	4700	cAru	cāru	115	101	14	1.139	0.187
200..700	4700	Apad	āpad	103	145	-42	0.710	-0.493
200..700	4700	IkzaRa	īkṣaṇa	97	102	-5	0.951	-0.073
200..700	4700	jYAti	jñāti	111	53	58	2.094	1.066
200..700	4700	tArA	tārā	114	65	49	1.754	0.811
200..700	4700	sutA	sutā	111	73	38	1.521	0.605
200..700	4700	havis	havis	111	65	46	1.708	0.772
200..700	4700	darBa	darbha	114	89	25	1.281	0.357
200..700	4700	balin	balin	113	101	12	1.119	0.162
200..700	4700	anuBU	anubhū	100	121	-21	0.826	-0.275
200..700	4700	antarDA	antardhā	108	42	66	2.571	1.363
200..700	4700	vihA	vihā	109	68	41	1.603	0.681
200..700	4700	anyatama	anyatama	107	39	68	2.744	1.456
200..700	4700	kIrti	kīrti	111	74	37	1.500	0.585
200..700	4700	manda	manda	104	210	-106	0.495	-1.014
200..700	4700	Srama	śrama	115	93	22	1.237	0.306
200..700	4700	DAtf	dhātṛ	106	67	39	1.582	0.662
200..700	4700	upacAra	upacāra	98	77	21	1.273	0.348
200..700	4700	uraga	uraga	107	66	41	1.621	0.697
200..700	4700	carman	carman	107	95	12	1.126	0.172
200..700	4700	avidyA	avidyā	95	60	35	1.583	0.663
200..700	4700	AgAra	āgāra	110	47	63	2.340	1.227
200..700	4700	lavaRa	lavaṇa	105	237	-132	0.443	-1.174
200..700	4700	durga	durga	101	50	51	2.020	1.014
200..700	4700	dehin	dehin	88	71	17	1.239	0.310
200..700	4700	dvApara	dvāpara	99	67	32	1.478	0.563
200..700	4700	sahAya	sahāya	111	66	45	1.682	0.750
200..700	4700	vipAka	vipāka	105	76	29	1.382	0.466
200..700	4700	vipula	vipula	113	71	42	1.592	0.670
200..700	4700	mukti	mukti	114	74	40	1.541	0.623
200..700	4700	vistAra	vistāra	108	68	40	1.588	0.667
200..700	4700	brahmacarya	brahmacarya	96	61	35	1.574	0.654
200..700	4700	pOra	paura	114	41	73	2.780	1.475
200..700	4700	pratigraha	pratigraha	97	50	47	1.940	0.956
200..700	4700	SaMs	śaṁs	102	145	-43	0.703	-0.507
200..700	4700	prapad	prapad	92	84	8	1.095	0.131
200..700	4700	tiryaYc	tiryañc	110	87	23	1.264	0.338
200..700	4700	kamala	kamala	112	110	2	1.018	0.026
200..700	4700	aDama	adhama	101	55	46	1.836	0.877
200..700	4700	nija	nija	104	140	-36	0.743	-0.429
200..700	4700	DErya	dhairya	111	51	60	2.176	1.122
200..700	4700	BaNga	bhaṅga	110	118	-8	0.932	-0.101
200..700	4700	ujjvala	ujjvala	98	68	30	1.441	0.527
200..700	4700	ADAra	ādhāra	106	68	38	1.559	0.640
200..700	4700	tretA	tretā	104	65	39	1.600	0.678
200..700	4700	dEvata	daivata	104	63	41	1.651	0.723
200..700	4700	svADyAya	svādhyāya	94	57	37	1.649	0.722
200..700	4700	Siva	śiva	107	224	-117	0.478	-1.066
200..700	4700	dAruRa	dāruṇa	100	102	-2	0.980	-0.029
200..700	4700	cyu	cyu	105	69	36	1.522	0.606
200..700	4700	mud	mud	107	106	1	1.009	0.014
200..700	4700	udAhf	udāhṛ	81	77	4	1.052	0.073
200..700	4700	niDA	nidhā	107	103	4	1.039	0.055
200..700	4700	nizkram	niṣkram	106	50	56	2.120	1.084
200..700	4700	niSAmay	niśāmay	101	42	59	2.405	1.266
200..700	4700	koSa	kośa	100	68	32	1.471	0.556
200..700	4700	saKI	sakhī	102	157	-55	0.650	-0.622
200..700	4700	saMniBa	saṁnibha	94	83	11	1.133	0.180
200..700	4700	nABi	nābhi	103	123	-20	0.837	-0.256
200..700	4700	vAhana	vāhana	101	61	40	1.656	0.727
200..700	4700	BikzA	bhikṣā	101	67	34	1.507	0.592
200..700	4700	ABaraRa	ābharaṇa	106	80	26	1.325	0.406
200..700	4700	azwama	aṣṭama	104	68	36	1.529	0.613
200..700	4700	varga	varga	101	93	8	1.086	0.119
200..700	4700	ripu	ripu	95	74	21	1.284	0.360
200..700	4700	lIlA	līlā	99	106	-7	0.934	-0.099
200..700	4700	tIvra	tīvra	101	115	-14	0.878	-0.187
200..700	4700	snigDa	snigdha	107	278	-171	0.385	-1.377
200..700	4700	guru	guru	103	699	-596	0.147	-2.763
200..700	4700	gocara	gocara	91	128	-37	0.711	-0.492
200..700	4700	SUra	śūra	106	62	44	1.710	0.774
200..700	4700	SOnaka	śaunaka	67	59	8	1.136	0.183
200..700	4700	garuqa	garuḍa	106	34	72	3.118	1.640
200..700	4700	kzatra	kṣatra	107	58	49	1.845	0.883
200..700	4700	kziti	kṣiti	99	59	40	1.678	0.747
200..700	4700	mUlya	mūlya	108	73	35	1.479	0.565
200..700	4700	vismaya	vismaya	100	65	35	1.538	0.621
200..700	4700	pUrRa	pūrṇa	97	80	17	1.212	0.278
200..700	4700	dAyAda	dāyāda	108	59	49	1.831	0.872
200..700	4700	prayojana	prayojana	94	70	24	1.343	0.425
200..700	4700	atikram	atikram	105	65	40	1.615	0.692
200..700	4700	AnI	ānī	95	98	-3	0.969	-0.045
200..700	4700	nirmA	nirmā	98	67	31	1.463	0.549
200..700	4700	satkf	satkṛ	108	26	82	4.154	2.054
200..700	4700	aDipati	adhipati	103	98	5	1.051	0.072
200..700	4700	akzara	akṣara	104	97	7	1.072	0.101
200..700	4700	parvan	parvan	95	93	2	1.022	0.031
200..700	4700	Srotra	śrotra	94	97	-3	0.969	-0.045
200..700	4700	Srotriya	śrotriya	95	48	47	1.979	0.985
200..700	4700	Denu	dhenu	107	60	47	1.783	0.835
200..700	4700	naBas	nabhas	100	101	-1	0.990	-0.014
200..700	4700	udBava	udbhava	97	184	-87	0.527	-0.924
200..700	4700	rakzas	rakṣas	96	74	22	1.297	0.376
200..700	4700	vakzas	vakṣas	100	75	25	1.333	0.415
200..700	4700	yamunA	yamunā	104	55	49	1.891	0.919
200..700	4700	vAda	vāda	100	96	4	1.042	0.059
200..700	4700	mAlA	mālā	108	105	3	1.029	0.041
200..700	4700	sraj	sraj	102	68	34	1.500	0.585
200..700	4700	mAs	mās	101	83	18	1.217	0.283
200..700	4700	pramuKa	pramukha	109	65	44	1.677	0.746
200..700	4700	yAc	yāc	100	88	12	1.136	0.184
200..700	4700	vf	vṛ	94	138	-44	0.681	-0.554
200..700	4700	avagam	avagam	91	56	35	1.625	0.700
200..700	4700	Apad	āpad	103	145	-42	0.710	-0.493
200..700	4700	anantara	anantara	93	74	19	1.257	0.330
200..700	4700	SarmizWA	śarmiṣṭhā	95	56	39	1.696	0.763
200..700	4700	aja	aja	93	89	4	1.045	0.063
200..700	4700	maDusUdana	madhusūdana	84	59	25	1.424	0.510
200..700	4700	DArmika	dhārmika	89	47	42	1.894	0.921
200..700	4700	BAjana	bhājana	101	56	45	1.804	0.851
200..700	4700	AQya	āḍhya	107	82	25	1.305	0.384
200..700	4700	Atura	ātura	94	90	4	1.044	0.063
200..700	4700	avyaya	avyaya	85	99	-14	0.859	-0.220
200..700	4700	durlaBa	durlabha	86	86	0	1.000	0.000
200..700	4700	pavana	pavana	108	141	-33	0.766	-0.385
200..700	4700	sarit	sarit	100	73	27	1.370	0.454
200..700	4700	haMsa	haṁsa	99	93	6	1.065	0.090
200..700	4700	pU	pū	104	119	-15	0.874	-0.194
200..700	4700	yojay	yojay	92	155	-63	0.594	-0.753
200..700	4700	aBizic	abhiṣic	94	77	17	1.221	0.288
200..700	4700	Acam	ācam	98	74	24	1.324	0.405
200..700	4700	niveSay	niveśay	82	70	12	1.171	0.228
200..700	4700	vinI	vinī	95	69	26	1.377	0.461
200..700	4700	candana	candana	102	165	-63	0.618	-0.694
200..700	4700	saNga	saṅga	101	97	4	1.041	0.058
200..700	4700	aDyayana	adhyayana	96	59	37	1.627	0.702
200..700	4700	saptarzi	saptarṣi	90	61	29	1.475	0.561
200..700	4700	niroDa	nirodha	94	68	26	1.382	0.467
200..700	4700	sampad	sampad	89	180	-91	0.494	-1.016
200..700	4700	amAtya	amātya	97	34	63	2.853	1.512
200..700	4700	aSuci	aśuci	93	64	29	1.453	0.539
200..700	4700	pASa	pāśa	98	69	29	1.420	0.506
200..700	4700	tvac	tvac	96	291	-195	0.330	-1.600
200..700	4700	sTAvara	sthāvara	101	83	18	1.217	0.283
200..700	4700	vimAna	vimāna	94	73	21	1.288	0.365
200..700	4700	veSman	veśman	97	54	43	1.796	0.845
200..700	4700	banDana	bandhana	90	98	-8	0.918	-0.123
200..700	4700	krIq	krīḍ	102	50	52	2.040	1.029
200..700	4700	yuD	yudh	99	73	26	1.356	0.440
200..700	4700	udi	udi	84	64	20	1.312	0.392
200..700	4700	BAvay	bhāvay	92	148	-56	0.622	-0.686
200..700	4700	udyam	udyam	91	69	22	1.319	0.399
200..700	4700	unmad	unmad	91	69	22	1.319	0.399
200..700	4700	niyuj	niyuj	96	67	29	1.433	0.519
200..700	4700	carita	carita	102	78	24	1.308	0.387
200..700	4700	dAtf	dātṛ	98	51	47	1.922	0.942
200..700	4700	adri	adri	96	77	19	1.247	0.318
200..700	4700	saMSraya	saṁśraya	91	64	27	1.422	0.508
200..700	4700	aDyakza	adhyakṣa	97	31	66	3.129	1.646
200..700	4700	aDvan	adhvan	97	74	23	1.311	0.390
200..700	4700	kAzWa	kāṣṭha	96	63	33	1.524	0.608
200..700	4700	Buvana	bhuvana	101	78	23	1.295	0.373
200..700	4700	evaMviDa	evaṁvidha	92	36	56	2.556	1.354
200..700	4700	zazwi	ṣaṣṭi	91	57	34	1.596	0.675
200..700	4700	BArgava	bhārgava	88	51	37	1.725	0.787
200..700	4700	cOra	caura	95	64	31	1.484	0.570
200..700	4700	IdfSa	īdṛśa	89	80	9	1.113	0.154
200..700	4700	yuDizWira	yudhiṣṭhira	78	53	25	1.472	0.557
200..700	4700	yantra	yantra	92	75	17	1.227	0.295
200..700	4700	tfzRA	tṛṣṇā	97	130	-33	0.746	-0.422
200..700	4700	pavitra	pavitra	97	79	18	1.228	0.296
200..700	4700	tantra	tantra	97	79	18	1.228	0.296
200..700	4700	sOBAgya	saubhāgya	100	72	28	1.389	0.474
200..700	4700	SIta	śīta	101	391	-290	0.258	-1.953
200..700	4700	muKya	mukhya	102	68	34	1.500	0.585
200..700	4700	praBava	prabhava	101	58	43	1.741	0.800
200..700	4700	dAsa	dāsa	98	83	15	1.181	0.240
200..700	4700	gup	gup	97	50	47	1.940	0.956
200..700	4700	SAs	śās	91	59	32	1.542	0.625
200..700	4700	has	has	88	64	24	1.375	0.459
200..700	4700	aBinand	abhinand	72	40	32	1.800	0.848
200..700	4700	nind	nind	93	57	36	1.632	0.706
200..700	4700	parIkz	parīkṣ	88	54	34	1.630	0.705
200..700	4700	visfj	visṛj	97	82	15	1.183	0.242
200..700	4700	purI	purī	92	61	31	1.508	0.593
200..700	4700	anAdi	anādi	86	64	22	1.344	0.426
200..700	4700	kartf	kartṛ	90	159	-69	0.566	-0.821
200..700	4700	nidrA	nidrā	98	126	-28	0.778	-0.363
200..700	4700	zazWa	ṣaṣṭha	88	73	15	1.205	0.270
200..700	4700	Arogya	ārogya	97	72	25	1.347	0.430
200..700	4700	vasudeva	vasudeva	89	53	36	1.679	0.748
200..700	4700	tIra	tīra	94	70	24	1.343	0.425
200..700	4700	sva	sva	92	1443	-1351	0.064	-3.971
200..700	4700	Sakya	śakya	91	61	30	1.492	0.577
200..700	4700	SudDa	śuddha	101	95	6	1.063	0.088
200..700	4700	diti	diti	89	53	36	1.679	0.748
200..700	4700	balavat	balavat	99	84	15	1.179	0.237
200..700	4700	BA	bhā	92	77	15	1.195	0.257
200..700	4700	rud	rud	85	72	13	1.181	0.239
200..700	4700	aBiBU	abhibhū	97	61	36	1.590	0.669
200..700	4700	e	e	95	71	24	1.338	0.420
200..700	4700	prasaYj	prasañj	97	38	59	2.553	1.352
200..700	4700	saMsfj	saṁsṛj	94	80	14	1.175	0.233
200..700	4700	sanAtana	sanātana	76	50	26	1.520	0.604
200..700	4700	samA	samā	90	65	25	1.385	0.469
200..700	4700	mala	mala	93	203	-110	0.458	-1.126
200..700	4700	yAdava	yādava	89	54	35	1.648	0.721
200..700	4700	rahita	rahita	96	79	17	1.215	0.281
200..700	4700	dviviDa	dvividha	82	75	7	1.093	0.129
200..700	4700	pAta	pāta	98	86	12	1.140	0.188
200..700	4700	sAmAnya	sāmānya	93	115	-22	0.809	-0.306
200..700	4700	gagana	gagana	97	66	31	1.470	0.556
200..700	4700	viveka	viveka	93	65	28	1.431	0.517
200..700	4700	pradakziRa	pradakṣiṇa	85	58	27	1.466	0.551
200..700	4700	mAnay	mānay	100	18	82	5.556	2.474
200..700	4700	aBiyuj	abhiyuj	87	85	2	1.024	0.034
200..700	4700	nivas	nivas	95	67	28	1.418	0.504
200..700	4700	praBU	prabhū	85	65	20	1.308	0.387
200..700	4700	prasiD	prasidh	85	53	32	1.604	0.681
200..700	4700	kevala	kevala	85	96	-11	0.885	-0.176
200..700	4700	akzi	akṣi	96	172	-76	0.558	-0.841
200..700	4700	aYjana	añjana	94	186	-92	0.505	-0.985
200..700	4700	saMjYita	saṁjñita	75	60	15	1.250	0.322
200..700	4700	anuttama	anuttama	80	49	31	1.633	0.707
200..700	4700	kAYcana	kāñcana	93	102	-9	0.912	-0.133
200..700	4700	paTa	patha	92	61	31	1.508	0.593
200..700	4700	anvaya	anvaya	90	58	32	1.552	0.634
200..700	4700	maryAdA	maryādā	87	50	37	1.740	0.799
200..700	4700	uzwra	uṣṭra	92	58	34	1.586	0.666
200..700	4700	arjuna	arjuna	83	77	6	1.078	0.108
200..700	4700	AdAna	ādāna	95	55	40	1.727	0.788
200..700	4700	rakzaRa	rakṣaṇa	84	44	40	1.909	0.933
200..700	4700	mahAmati	mahāmati	79	466	-387	0.170	-2.560
200..700	4700	dfQa	dṛḍha	90	80	10	1.125	0.170
200..700	4700	surA	surā	85	87	-2	0.977	-0.034
200..700	4700	stena	stena	88	27	61	3.259	1.705
200..700	4700	sasya	sasya	88	58	30	1.517	0.601
200..700	4700	viparIta	viparīta	87	107	-20	0.813	-0.299
200..700	4700	gIta	gīta	87	79	8	1.101	0.139
200..700	4700	gAyatrI	gāyatrī	86	81	5	1.062	0.086
200..700	4700	prARAyAma	prāṇāyāma	84	64	20	1.312	0.392
200..700	4700	KyA	khyā	95	61	34	1.557	0.639
200..700	4700	nam	nam	93	89	4	1.045	0.063
200..700	4700	upavas	upavas	88	70	18	1.257	0.330
200..700	4700	prArTay	prārthay	85	72	13	1.181	0.239
200..700	4700	prekz	prekṣ	93	44	49	2.114	1.080
200..700	4700	han	han	83	764	-681	0.109	-3.202
200..700	4700	akfta	akṛta	79	50	29	1.580	0.660
200..700	4700	antaHpura	antaḥpura	86	59	27	1.458	0.544
200..700	4700	satya	satya	87	327	-240	0.266	-1.910
200..700	4700	saMtati	saṁtati	83	60	23	1.383	0.468
200..700	4700	parAkrama	parākrama	88	55	33	1.600	0.678
200..700	4700	nirvARa	nirvāṇa	92	56	36	1.643	0.716
200..700	4700	maDura	madhura	94	185	-91	0.508	-0.977
200..700	4700	martya	martya	94	62	32	1.516	0.600
200..700	4700	SrImat	śrīmat	95	55	40	1.727	0.788
200..700	4700	aSvin	aśvin	90	59	31	1.525	0.609
200..700	4700	yAvat	yāvat	75	346	-271	0.217	-2.206
200..700	4700	tridaSa	tridaśa	90	64	26	1.406	0.492
200..700	4700	dUra	dūra	81	90	-9	0.900	-0.152
200..700	4700	tApa	tāpa	89	72	17	1.236	0.306
200..700	4700	sTala	sthala	92	61	31	1.508	0.593
200..700	4700	gAmin	gāmin	82	80	2	1.025	0.036
200..700	4700	gATA	gāthā	80	27	53	2.963	1.567
200..700	4700	kzama	kṣama	81	64	17	1.266	0.340
200..700	4700	veSyA	veśyā	84	52	32	1.615	0.692
200..700	4700	puMgava	puṁgava	78	59	19	1.322	0.403
200..700	4700	prakAra	prakāra	90	67	23	1.343	0.426
200..700	4700	gad	gad	78	51	27	1.529	0.613
200..700	4700	Akram	ākram	88	71	17	1.239	0.310
200..700	4700	parivf	parivṛ	94	38	56	2.474	1.307
200..700	4700	praRipat	praṇipat	91	57	34	1.596	0.675
200..700	4700	vigam	vigam	92	51	41	1.804	0.851
200..700	4700	saMskf	saṁskṛ	89	64	25	1.391	0.476
200..700	4700	aDikAra	adhikāra	91	57	34	1.596	0.675
200..700	4700	saMGAta	saṁghāta	91	74	17	1.230	0.298
200..700	4700	saBA	sabhā	79	57	22	1.386	0.471
200..700	4700	maNgala	maṅgala	85	77	8	1.104	0.143
200..700	4700	niyoga	niyoga	77	46	31	1.674	0.743
200..700	4700	nivftti	nivṛtti	80	53	27	1.509	0.594
200..700	4700	amita	amita	93	55	38	1.691	0.758
200..700	4700	fkza	ṛkṣa	90	97	-7	0.928	-0.108
200..700	4700	DUma	dhūma	87	124	-37	0.702	-0.511
200..700	4700	cezwA	ceṣṭā	85	62	23	1.371	0.455
200..700	4700	aSvameDa	aśvamedha	80	58	22	1.379	0.464
200..700	4700	yajus	yajus	90	51	39	1.765	0.819
200..700	4700	devakI	devakī	89	47	42	1.894	0.921
200..700	4700	pratyakza	pratyakṣa	85	92	-7	0.924	-0.114
200..700	4700	pfTu	pṛthu	86	105	-19	0.819	-0.288
200..700	4700	prAsAda	prāsāda	87	44	43	1.977	0.984
200..700	4700	aByarc	abhyarc	87	24	63	3.625	1.858
200..700	4700	caturviDa	caturvidha	71	61	10	1.164	0.219
200..700	4700	cara	cara	85	55	30	1.545	0.628
200..700	4700	kanaka	kanaka	84	63	21	1.333	0.415
200..700	4700	adfzwa	adṛṣṭa	81	49	32	1.653	0.725
200..700	4700	anurAga	anurāga	89	55	34	1.618	0.694
200..700	4700	anurUpa	anurūpa	86	61	25	1.410	0.496
200..700	4700	kuRqala	kuṇḍala	79	49	30	1.612	0.689
200..700	4700	BEkza	bhaikṣa	85	32	53	2.656	1.409
200..700	4700	arhant	arhant	90	16	74	5.625	2.492
200..700	4700	avamAna	avamāna	81	52	29	1.558	0.639
200..700	4700	udAra	udāra	87	58	29	1.500	0.585
200..700	4700	udyAna	udyāna	86	67	19	1.284	0.360
200..700	4700	aSana	aśana	85	95	-10	0.895	-0.160
200..700	4700	himavant	himavant	79	65	14	1.215	0.281
200..700	4700	Sarad	śarad	85	92	-7	0.924	-0.114
200..700	4700	gir	gir	79	67	12	1.179	0.238
200..700	4700	guqa	guḍa	85	187	-102	0.455	-1.138
200..700	4700	kratu	kratu	84	53	31	1.585	0.664
200..700	4700	viS	viś	87	139	-52	0.626	-0.676
200..700	4700	daSana	daśana	91	75	16	1.213	0.279
200..700	4700	boDi	bodhi	90	50	40	1.800	0.848
200..700	4700	prahAra	prahāra	88	55	33	1.600	0.678
200..700	4700	rAj	rāj	83	64	19	1.297	0.375
200..700	4700	aBigam	abhigam	79	42	37	1.881	0.911
200..700	4700	GAtay	ghātay	71	38	33	1.868	0.902
200..700	4700	Aropay	āropay	86	67	19	1.284	0.360
200..700	4700	kftya	kṛtya	83	56	27	1.482	0.568
200..700	4700	aNgula	aṅgula	80	150	-70	0.533	-0.907
200..700	4700	sakASa	sakāśa	87	48	39	1.812	0.858
200..700	4700	saMgraha	saṁgraha	78	52	26	1.500	0.585
200..700	4700	kAYcana	kāñcana	77	102	-25	0.755	-0.406
200..700	4700	saMniDi	saṁnidhi	73	71	2	1.028	0.040
200..700	4700	paryAya	paryāya	76	67	9	1.134	0.182
200..700	4700	BrU	bhrū	80	94	-14	0.851	-0.233
200..700	4700	madana	madana	87	88	-1	0.989	-0.016
200..700	4700	ayuta	ayuta	87	54	33	1.611	0.688
200..700	4700	niDi	nidhi	78	51	27	1.529	0.613
200..700	4700	DAman	dhāman	90	93	-3	0.968	-0.047
200..700	4700	DUpa	dhūpa	88	66	22	1.333	0.415
200..700	4700	cArin	cārin	81	57	24	1.421	0.507
200..700	4700	vaRij	vaṇij	83	51	32	1.627	0.703
200..700	4700	dUta	dūta	79	55	24	1.436	0.522
200..700	4700	veza	veṣa	89	66	23	1.348	0.431
200..700	4700	vidyut	vidyut	80	50	30	1.600	0.678
200..700	4700	KyAti	khyāti	83	62	21	1.339	0.421
200..700	4700	krUra	krūra	89	68	21	1.309	0.388
200..700	4700	vizama	viṣama	87	108	-21	0.806	-0.312
200..700	4700	pradeSa	pradeśa	88	81	7	1.086	0.120
200..700	4700	praDAna	pradhāna	79	271	-192	0.292	-1.778
200..700	4700	vihAra	vihāra	88	49	39	1.796	0.845
200..700	4700	puruzottama	puruṣottama	75	50	25	1.500	0.585
200..700	4700	vfz	vṛṣ	77	51	26	1.510	0.594
200..700	4700	Iray	īray	75	63	12	1.190	0.252
200..700	4700	prahA	prahā	85	19	66	4.474	2.161
200..700	4700	vikrI	vikrī	78	52	26	1.500	0.585
200..700	4700	virAj	virāj	80	55	25	1.455	0.541
200..700	4700	mahIy	mahīy	55	49	6	1.122	0.167
200..700	4700	Seza	śeṣa	79	295	-216	0.268	-1.901
200..700	4700	akrUra	akrūra	74	47	27	1.574	0.655
200..700	4700	kalpa	kalpa	83	266	-183	0.312	-1.680
200..700	4700	nyAya	nyāya	75	61	14	1.230	0.298
200..700	4700	fdDi	ṛddhi	84	51	33	1.647	0.720
200..700	4700	Sruta	śruta	77	44	33	1.750	0.807
200..700	4700	zoqaSan	ṣoḍaśan	66	70	-4	0.943	-0.085
200..700	4700	upavAsa	upavāsa	82	75	7	1.093	0.129
200..700	4700	aSuBa	aśubha	83	47	36	1.766	0.820
200..700	4700	mArkaRqeya	mārkaṇḍeya	66	48	18	1.375	0.459
200..700	4700	tulA	tulā	69	81	-12	0.852	-0.231
200..700	4700	sAhasa	sāhasa	78	98	-20	0.796	-0.329
200..700	4700	sAhasra	sāhasra	86	38	48	2.263	1.178
200..700	4700	svasTa	svastha	80	52	28	1.538	0.621
200..700	4700	svaka	svaka	81	46	35	1.761	0.816
200..700	4700	gopI	gopī	80	47	33	1.702	0.767
200..700	4700	SoBana	śobhana	62	51	11	1.216	0.282
200..700	4700	prAya	prāya	86	82	4	1.049	0.069
200..700	4700	kup	kup	81	121	-40	0.669	-0.579
200..700	4700	dUzay	dūṣay	74	99	-25	0.747	-0.420
200..700	4700	tarpay	tarpay	79	103	-24	0.767	-0.383
200..700	4700	upAs	upās	73	51	22	1.431	0.517
200..700	4700	Gna	ghna	86	233	-147	0.369	-1.438
200..700	4700	vilokay	vilokay	76	81	-5	0.938	-0.092
200..700	4700	visarjay	visarjay	74	40	34	1.850	0.888
200..700	4700	OzaDa	auṣadha	76	176	-100	0.432	-1.212
200..700	4700	aNgiras	aṅgiras	80	46	34	1.739	0.798
200..700	4700	saMkzaya	saṁkṣaya	67	60	7	1.117	0.159
200..700	4700	anuBAva	anubhāva	82	36	46	2.278	1.188
200..700	4700	saMDi	saṁdhi	78	160	-82	0.487	-1.037
200..700	4700	arGya	arghya	82	56	26	1.464	0.550
200..700	4700	hrada	hrada	76	48	28	1.583	0.663
200..700	4700	Ardra	ārdra	82	99	-17	0.828	-0.272
200..700	4700	ahorAtra	ahorātra	74	66	8	1.121	0.165
200..700	4700	AvaraRa	āvaraṇa	77	51	26	1.510	0.594
200..700	4700	mahAdeva	mahādeva	74	67	7	1.104	0.143
200..700	4700	mahiza	mahiṣa	76	60	16	1.267	0.341
200..700	4700	devadeva	devadeva	84	67	17	1.254	0.326
200..700	4700	sTUla	sthūla	74	83	-9	0.892	-0.166
200..700	4700	vraja	vraja	79	43	36	1.837	0.878
200..700	4700	vitarka	vitarka	69	23	46	3.000	1.585
200..700	4700	Sulka	śulka	80	36	44	2.222	1.152
200..700	4700	SAKA	śākhā	83	90	-7	0.922	-0.117
200..700	4700	kraya	kraya	80	46	34	1.739	0.798
200..700	4700	vetana	vetana	72	14	58	5.143	2.363
200..700	4700	purohita	purohita	74	35	39	2.114	1.080
200..700	4700	prakASa	prakāśa	79	96	-17	0.823	-0.281
200..700	4700	Gana	ghana	77	231	-154	0.333	-1.585
200..700	4700	tAqay	tāḍay	72	56	16	1.286	0.363
200..700	4700	pAlay	pālay	77	58	19	1.328	0.409
200..700	4700	avaman	avaman	73	40	33	1.825	0.868
200..700	4700	upaviS	upaviś	77	53	24	1.453	0.539
200..700	4700	samAp	samāp	69	47	22	1.468	0.554
200..700	4700	niS	niś	72	77	-5	0.935	-0.097
200..700	4700	candramas	candramas	76	53	23	1.434	0.520
200..700	4700	agrya	agrya	79	43	36	1.837	0.878
200..700	4700	aYjali	añjali	78	71	7	1.099	0.136
200..700	4700	anuttara	anuttara	84	14	70	6.000	2.585
200..700	4700	paNka	paṅka	83	54	29	1.537	0.620
200..700	4700	parAyaRa	parāyaṇa	63	61	2	1.033	0.047
200..700	4700	pariRAma	pariṇāma	70	78	-8	0.897	-0.156
200..700	4700	Bfgu	bhṛgu	70	57	13	1.228	0.296
200..700	4700	aBiyoga	abhiyoga	79	63	16	1.254	0.327
200..700	4700	maDya	madhya	83	470	-387	0.177	-2.501
200..700	4700	fzaBa	ṛṣabha	70	39	31	1.795	0.844
200..700	4700	DAraRa	dhāraṇa	75	68	7	1.103	0.141
200..700	4700	upakaraRa	upakaraṇa	78	31	47	2.516	1.331
200..700	4700	viMSati	viṁśati	70	58	12	1.207	0.271
200..700	4700	Barata	bharata	70	43	27	1.628	0.703
200..700	4700	arcis	arcis	56	33	23	1.697	0.763
200..700	4700	arRava	arṇava	75	86	-11	0.872	-0.197
200..700	4700	avasTAna	avasthāna	71	41	30	1.732	0.792
200..700	4700	udaDi	udadhi	75	62	13	1.210	0.275
200..700	4700	loha	loha	74	86	-12	0.860	-0.217
200..700	4700	rahas	rahas	78	71	7	1.099	0.136
200..700	4700	vasuDA	vasudhā	81	53	28	1.528	0.612
200..700	4700	dIpa	dīpa	75	67	8	1.119	0.163
200..700	4700	dyUta	dyūta	73	51	22	1.431	0.517
200..700	4700	Danin	dhanin	81	38	43	2.132	1.092
200..700	4700	pAtAla	pātāla	76	48	28	1.583	0.663
200..700	4700	tapoDana	tapodhana	73	53	20	1.377	0.462
200..700	4700	savitf	savitṛ	78	57	21	1.368	0.453
200..700	4700	haya	haya	77	41	36	1.878	0.909
200..700	4700	svaDarma	svadharma	78	35	43	2.229	1.156
200..700	4700	gOrava	gaurava	68	99	-31	0.687	-0.542
200..700	4700	SoRita	śoṇita	74	114	-40	0.649	-0.623
200..700	4700	bAzpa	bāṣpa	79	47	32	1.681	0.749
200..700	4700	prAyaScitta	prāyaścitta	75	86	-11	0.872	-0.197
200..700	4700	Sap	śap	72	43	29	1.674	0.744
200..700	4700	vand	vand	80	38	42	2.105	1.074
200..700	4700	nizad	niṣad	79	53	26	1.491	0.576
200..700	4700	carAcara	carācara	71	43	28	1.651	0.723
200..700	4700	vyAp	vyāp	82	71	11	1.155	0.208
200..700	4700	aditi	aditi	71	41	30	1.732	0.792
200..700	4700	adButa	adbhuta	75	65	10	1.154	0.206
200..700	4700	saMkalpa	saṁkalpa	74	44	30	1.682	0.750
200..700	4700	antarikza	antarikṣa	78	44	34	1.773	0.826
200..700	4700	kaSyapa	kaśyapa	77	53	24	1.453	0.539
200..700	4700	Buj	bhuj	80	489	-409	0.164	-2.612
200..700	4700	utsava	utsava	80	87	-7	0.920	-0.121
200..700	4700	Atmaka	ātmaka	74	247	-173	0.300	-1.739
200..700	4700	rata	rata	61	62	-1	0.984	-0.023
200..700	4700	mAruta	māruta	76	144	-68	0.528	-0.922
200..700	4700	roman	roman	78	99	-21	0.788	-0.344
200..700	4700	lalAwa	lalāṭa	79	80	-1	0.988	-0.018
200..700	4700	japa	japa	73	57	16	1.281	0.357
200..700	4700	jamBa	jambha	78	43	35	1.814	0.859
200..700	4700	pAla	pāla	76	48	28	1.583	0.663
200..700	4700	vyAsa	vyāsa	74	92	-18	0.804	-0.314
200..700	4700	SAstf	śāstṛ	80	14	66	5.714	2.515
200..700	4700	pUru	pūru	77	42	35	1.833	0.874
200..700	4700	ad	ad	76	56	20	1.357	0.441
200..700	4700	varRay	varṇay	73	57	16	1.281	0.357
200..700	4700	arha	arha	79	41	38	1.927	0.946
200..700	4700	atyaya	atyaya	70	30	40	2.333	1.222
200..700	4700	kAraka	kāraka	67	54	13	1.241	0.311
200..700	4700	samiD	samidh	75	65	10	1.154	0.206
200..700	4700	nirmala	nirmala	68	49	19	1.388	0.473
200..700	4700	urvaSI	urvaśī	66	41	25	1.610	0.687
200..700	4700	ekAnta	ekānta	78	53	25	1.472	0.557
200..700	4700	DI	dhī	72	74	-2	0.973	-0.040
200..700	4700	DIra	dhīra	71	45	26	1.578	0.658
200..700	4700	umA	umā	66	81	-15	0.815	-0.295
200..700	4700	cihna	cihna	77	66	11	1.167	0.222
200..700	4700	cUrRa	cūrṇa	79	181	-102	0.436	-1.196
200..700	4700	Ceda	cheda	77	85	-8	0.906	-0.143
200..700	4700	arjana	arjana	70	53	17	1.321	0.401
200..700	4700	aSru	aśru	78	87	-9	0.897	-0.158
200..700	4700	vAtsyAyana	vātsyāyana	45	40	5	1.125	0.170
200..700	4700	sAkzya	sākṣya	76	43	33	1.767	0.822
200..700	4700	vEzRava	vaiṣṇava	73	55	18	1.327	0.408
200..700	4700	viyoga	viyoga	74	48	26	1.542	0.624
200..700	4700	pratIkAra	pratīkāra	72	26	46	2.769	1.469
200..700	4700	puwa	puṭa	80	37	43	2.162	1.112
200..700	4700	purIza	purīṣa	76	67	9	1.134	0.182
200..700	4700	praveSa	praveśa	77	53	24	1.453	0.539
200..700	4700	vAray	vāray	69	54	15	1.278	0.354
200..700	4700	anuzWA	anuṣṭhā	62	53	9	1.170	0.226
200..700	4700	BraMS	bhraṁś	75	55	20	1.364	0.447
200..700	4700	ADA	ādhā	76	80	-4	0.950	-0.074
200..700	4700	Alokay	ālokay	69	49	20	1.408	0.494
200..700	4700	AhvA	āhvā	72	74	-2	0.973	-0.040
200..700	4700	BUzay	bhūṣay	68	56	12	1.214	0.280
200..700	4700	nirIkz	nirīkṣ	66	52	14	1.269	0.344
200..700	4700	cakravartin	cakravartin	77	28	49	2.750	1.459
200..700	4700	prakzip	prakṣip	79	53	26	1.491	0.576
200..700	4700	pratizWA	pratiṣṭhā	69	90	-21	0.767	-0.383
200..700	4700	prahi	prahi	74	60	14	1.233	0.303
200..700	4700	saMvf	saṁvṛ	67	46	21	1.457	0.543
200..700	4700	saMjan	saṁjan	73	59	14	1.237	0.307
200..700	4700	aNguli	aṅguli	73	102	-29	0.716	-0.483
200..700	4700	saMsTAna	saṁsthāna	77	49	28	1.571	0.652
200..700	4700	saMhitA	saṁhitā	71	42	29	1.690	0.757
200..700	4700	parameSvara	parameśvara	54	49	5	1.102	0.140
200..700	4700	kilbiza	kilbiṣa	59	32	27	1.844	0.883
200..700	4700	BEzajya	bhaiṣajya	76	31	45	2.452	1.294
200..700	4700	niBa	nibha	77	80	-3	0.963	-0.055
200..700	4700	urvI	urvī	73	37	36	1.973	0.980
200..700	4700	evamAdi	evamādi	58	52	6	1.115	0.158
200..700	4700	nakta	nakta	71	60	11	1.183	0.243
200..700	4700	nandana	nandana	64	74	-10	0.865	-0.209
200..700	4700	upalabDi	upalabdhi	62	27	35	2.296	1.199
200..700	4700	vArttA	vārttā	70	54	16	1.296	0.374
200..700	4700	vigraha	vigraha	67	61	6	1.098	0.135
200..700	4700	Badra	bhadra	59	99	-40	0.596	-0.747
200..700	4700	BAvin	bhāvin	66	56	10	1.179	0.237
200..700	4700	Atmavat	ātmavat	70	22	48	3.182	1.670
200..700	4700	asta	asta	76	50	26	1.520	0.604
200..700	4700	rakzA	rakṣā	76	68	8	1.118	0.160
200..700	4700	rava	rava	77	58	19	1.328	0.409
200..700	4700	trayI	trayī	69	32	37	2.156	1.109
200..700	4700	durAtman	durātman	64	49	15	1.306	0.385
200..700	4700	sUnu	sūnu	73	61	12	1.197	0.259
200..700	4700	sADaka	sādhaka	70	63	7	1.111	0.152
200..700	4700	sAmarTya	sāmarthya	64	44	20	1.455	0.541
200..700	4700	SamBu	śambhu	73	76	-3	0.961	-0.058
200..700	4700	vimala	vimala	72	58	14	1.241	0.312
200..700	4700	SIGra	śīghra	73	90	-17	0.811	-0.302
200..700	4700	SmaSAna	śmaśāna	72	55	17	1.309	0.389
200..700	4700	viSudDi	viśuddhi	70	51	19	1.373	0.457
200..700	4700	pramaTa	pramatha	71	49	22	1.449	0.535
200..700	4700	velA	velā	76	46	30	1.652	0.724
200..700	4700	jf	jṛ	69	127	-58	0.543	-0.880
200..700	4700	lakzay	lakṣay	63	81	-18	0.778	-0.363
200..700	4700	Ahan	āhan	71	56	15	1.268	0.342
200..700	4700	upahan	upahan	69	63	6	1.095	0.131
200..700	4700	parI	parī	77	42	35	1.833	0.874
200..700	4700	viKyA	vikhyā	76	41	35	1.854	0.890
200..700	4700	aByas	abhyas	71	42	29	1.690	0.757
200..700	4700	pOtra	pautra	72	46	26	1.565	0.646
200..700	4700	kaca	kaca	69	56	13	1.232	0.301
200..700	4700	kUwa	kūṭa	71	62	9	1.145	0.196
200..700	4700	kUpa	kūpa	72	65	7	1.108	0.148
200..700	4700	kfzi	kṛṣi	67	32	35	2.094	1.066
200..700	4700	atri	atri	68	43	25	1.581	0.661
200..700	4700	saMgama	saṁgama	67	60	7	1.117	0.159
200..700	4700	saMgrAma	saṁgrāma	73	46	27	1.587	0.666
200..700	4700	anuga	anuga	65	52	13	1.250	0.322
200..700	4700	anupalabDi	anupalabdhi	63	12	51	5.250	2.392
200..700	4700	sadBAva	sadbhāva	67	36	31	1.861	0.896
200..700	4700	BUpati	bhūpati	63	47	16	1.340	0.423
200..700	4700	niSA	niśā	68	148	-80	0.459	-1.122
200..700	4700	nAnAviDa	nānāvidha	70	42	28	1.667	0.737
200..700	4700	maDu	madhu	66	420	-354	0.157	-2.670
200..700	4700	manoraTa	manoratha	66	68	-2	0.971	-0.043
200..700	4700	Bakzya	bhakṣya	68	52	16	1.308	0.387
200..700	4700	ASin	āśin	75	86	-11	0.872	-0.197
200..700	4700	lokapAla	lokapāla	67	40	27	1.675	0.744
200..700	4700	yAtrA	yātrā	71	43	28	1.651	0.723
200..700	4700	vApI	vāpī	69	47	22	1.468	0.554
200..700	4700	dEva	daiva	70	170	-100	0.412	-1.280
200..700	4700	havya	havya	75	27	48	2.778	1.474
200..700	4700	sArTavAha	sārthavāha	74	16	58	4.625	2.209
200..700	4700	sAhasa	sāhasa	67	98	-31	0.684	-0.549
200..700	4700	vyoman	vyoman	72	58	14	1.241	0.312
200..700	4700	svaDA	svadhā	67	45	22	1.489	0.574
200..700	4700	vyAGra	vyāghra	74	51	23	1.451	0.537
200..700	4700	viBUzaRa	vibhūṣaṇa	65	39	26	1.667	0.737
200..700	4700	SaSin	śaśin	71	63	8	1.127	0.172
200..700	4700	vfzaBa	vṛṣabha	70	42	28	1.667	0.737
200..700	4700	purARa	purāṇa	65	171	-106	0.380	-1.395
200..700	4700	puzya	puṣya	69	31	38	2.226	1.154
200..700	4700	pracAra	pracāra	68	26	42	2.615	1.387
200..700	4700	pratyeka	pratyeka	74	28	46	2.643	1.402
200..700	4700	kfz	kṛṣ	64	41	23	1.561	0.642
200..700	4700	DA	dhā	67	110	-43	0.609	-0.715
200..700	4700	udBU	udbhū	75	53	22	1.415	0.501
200..700	4700	upAgam	upāgam	59	54	5	1.093	0.128
200..700	4700	vicar	vicar	66	32	34	2.062	1.044
200..700	4700	pracCad	pracchad	70	35	35	2.000	1.000
200..700	4700	kaRwaka	kaṇṭaka	63	52	11	1.212	0.277
200..700	4700	aDizWAna	adhiṣṭhāna	69	49	20	1.408	0.494
200..700	4700	kAzWA	kāṣṭhā	63	46	17	1.370	0.454
200..700	4700	kukzi	kukṣi	73	77	-4	0.948	-0.077
200..700	4700	kuru	kuru	67	38	29	1.763	0.818
200..700	4700	nAda	nāda	68	64	4	1.062	0.087
200..700	4700	enas	enas	66	20	46	3.300	1.722
200..700	4700	Sreyas	śreyas	61	78	-17	0.782	-0.355
200..700	4700	Bakta	bhakta	67	104	-37	0.644	-0.634
200..700	4700	Bakta	bhakta	70	104	-34	0.673	-0.571
200..700	4700	ASu	āśu	72	223	-151	0.323	-1.631
200..700	4700	izu	iṣu	70	69	1	1.014	0.021
200..700	4700	yuvan	yuvan	68	57	11	1.193	0.255
200..700	4700	yati	yati	66	45	21	1.467	0.553
200..700	4700	tuzwi	tuṣṭi	69	66	3	1.045	0.064
200..700	4700	dIna	dīna	65	61	4	1.066	0.092
200..700	4700	pAdapa	pādapa	66	47	19	1.404	0.490
200..700	4700	tawa	taṭa	69	80	-11	0.863	-0.213
200..700	4700	tanu	tanu	69	249	-180	0.277	-1.851
200..700	4700	suKa	sukha	69	578	-509	0.119	-3.066
200..700	4700	hEma	haima	70	42	28	1.667	0.737
200..700	4700	guRavat	guṇavat	68	38	30	1.789	0.840
200..700	4700	Kara	khara	71	77	-6	0.922	-0.117
200..700	4700	gras	gras	69	60	9	1.150	0.202
200..700	4700	sU	sū	70	43	27	1.628	0.703
200..700	4700	pUray	pūray	63	60	3	1.050	0.070
200..700	4700	aBipUjay	abhipūjay	62	42	20	1.476	0.562
200..700	4700	upadiS	upadiś	62	56	6	1.107	0.147
200..700	4700	upanI	upanī	62	44	18	1.409	0.495
200..700	4700	praSam	praśam	65	40	25	1.625	0.700
200..700	4700	udaYc	udañc	69	47	22	1.468	0.554
200..700	4700	BEkzya	bhaikṣya	62	54	8	1.148	0.199
200..700	4700	anubanDa	anubandha	66	58	8	1.138	0.186
200..700	4700	apUrva	apūrva	68	34	34	2.000	1.000
200..700	4700	apratizeDa	apratiṣedha	37	1	36	37.000	5.209
200..700	4700	ozWa	oṣṭha	69	85	-16	0.812	-0.301
200..700	4700	Druva	dhruva	65	146	-81	0.445	-1.167
200..700	4700	caru	caru	62	39	23	1.590	0.669
200..700	4700	cira	cira	65	79	-14	0.823	-0.281
200..700	4700	arRava	arṇava	65	86	-21	0.756	-0.404
200..700	4700	ADipatya	ādhipatya	69	37	32	1.865	0.899
200..700	4700	ArAma	ārāma	61	23	38	2.652	1.407
200..700	4700	ahiMsA	ahiṁsā	55	32	23	1.719	0.781
200..700	4700	ikzu	ikṣu	68	86	-18	0.791	-0.339
200..700	4700	yogya	yogya	69	63	6	1.095	0.131
200..700	4700	rASi	rāśi	67	62	5	1.081	0.112
200..700	4700	mAtA	mātā	63	39	24	1.615	0.692
200..700	4700	Danya	dhanya	63	43	20	1.465	0.551
200..700	4700	stamBa	stambha	69	94	-25	0.734	-0.446
200..700	4700	haraRa	haraṇa	67	47	20	1.426	0.512
200..700	4700	vEra	vaira	71	47	24	1.511	0.595
200..700	4700	svara	svara	65	103	-38	0.631	-0.664
200..700	4700	viBava	vibhava	70	34	36	2.059	1.042
200..700	4700	mud	mud	65	106	-41	0.613	-0.706
200..700	4700	praBfti	prabhṛti	71	114	-43	0.623	-0.683
200..700	4700	pA	pā	69	837	-768	0.082	-3.601
200..700	4700	lip	lip	58	64	-6	0.906	-0.142
200..700	4700	aByAgam	abhyāgam	67	42	25	1.595	0.674
200..700	4700	parigrah	parigrah	63	39	24	1.615	0.692
200..700	4700	praRI	praṇī	67	33	34	2.030	1.022
200..700	4700	catuzwaya	catuṣṭaya	56	44	12	1.273	0.348
200..700	4700	paYcASat	pañcāśat	67	44	23	1.523	0.607
200..700	4700	viBUzay	vibhūṣay	59	48	11	1.229	0.298
200..700	4700	kzetrajYa	kṣetrajña	64	42	22	1.524	0.608
200..700	4700	ketu	ketu	64	45	19	1.422	0.508
200..700	4700	anizwa	aniṣṭa	64	31	33	2.065	1.046
200..700	4700	kalaha	kalaha	62	44	18	1.409	0.495
200..700	4700	kAnti	kānti	66	81	-15	0.815	-0.295
200..700	4700	parityAga	parityāga	70	14	56	5.000	2.322
200..700	4700	aByaDika	abhyadhika	65	42	23	1.548	0.630
200..700	4700	aBra	abhra	68	41	27	1.659	0.730
200..700	4700	mandara	mandara	63	39	24	1.615	0.692
200..700	4700	mayUra	mayūra	64	42	22	1.524	0.608
200..700	4700	saMyama	saṁyama	59	37	22	1.595	0.673
200..700	4700	upaskara	upaskara	67	38	29	1.763	0.818
200..700	4700	BAnu	bhānu	69	53	16	1.302	0.381
200..700	4700	arGa	argha	62	29	33	2.138	1.096
200..700	4700	avara	avara	64	38	26	1.684	0.752
200..700	4700	ahaMkAra	ahaṁkāra	61	124	-63	0.492	-1.023
200..700	4700	vAjin	vājin	65	37	28	1.757	0.813
200..700	4700	retas	retas	66	40	26	1.650	0.722
200..700	4700	laya	laya	62	43	19	1.442	0.528
200..700	4700	triMSat	triṁśat	60	56	4	1.071	0.100
200..700	4700	jvAlA	jvālā	66	46	20	1.435	0.521
200..700	4700	tAmra	tāmra	60	135	-75	0.444	-1.170
200..700	4700	sarpis	sarpis	64	304	-240	0.211	-2.248
200..700	4700	hAni	hāni	67	61	6	1.098	0.135
200..700	4700	hima	hima	65	161	-96	0.404	-1.309
200..700	4700	guhA	guhā	69	41	28	1.683	0.751
200..700	4700	gOrI	gaurī	63	48	15	1.312	0.392
200..700	4700	SAka	śāka	69	93	-24	0.742	-0.431
200..700	4700	viroDa	virodha	62	37	25	1.676	0.745
200..700	4700	vivasvant	vivasvant	57	45	12	1.267	0.341
200..700	4700	pIqA	pīḍā	66	59	7	1.119	0.162
200..700	4700	darpa	darpa	67	35	32	1.914	0.937
200..700	4700	dAsI	dāsī	66	48	18	1.375	0.459
200..700	4700	grAha	grāha	70	58	12	1.207	0.271
200..700	4700	maT	math	59	51	8	1.157	0.210
200..700	4700	aBiman	abhiman	61	45	16	1.356	0.439
200..700	4700	aBihan	abhihan	64	46	18	1.391	0.476
200..700	4700	udIray	udīray	49	63	-14	0.778	-0.363
200..700	4700	caryA	caryā	57	43	14	1.326	0.407
200..700	4700	vismi	vismi	61	36	25	1.694	0.761
200..700	4700	vI	vī	65	40	25	1.625	0.700
200..700	4700	savarRa	savarṇa	59	50	9	1.180	0.239
200..700	4700	parizkAra	pariṣkāra	70	8	62	8.750	3.129
200..700	4700	aNkura	aṅkura	64	74	-10	0.865	-0.209
200..700	4700	ajYAta	ajñāta	59	28	31	2.107	1.075
200..700	4700	saMsarga	saṁsarga	65	50	15	1.300	0.379
200..700	4700	saMdeha	saṁdeha	55	44	11	1.250	0.322
200..700	4700	parANmuKa	parāṅmukha	57	33	24	1.727	0.788
200..700	4700	pala	pala	60	239	-179	0.251	-1.994
200..700	4700	BUti	bhūti	62	49	13	1.265	0.339
200..700	4700	nizWA	niṣṭhā	60	36	24	1.667	0.737
200..700	4700	ayas	ayas	65	57	8	1.140	0.189
200..700	4700	manIzin	manīṣin	50	30	20	1.667	0.737
200..700	4700	UrDva	ūrdhva	60	122	-62	0.492	-1.024
200..700	4700	SrezWin	śreṣṭhin	66	5	61	13.200	3.722
200..700	4700	DArA	dhārā	63	79	-16	0.797	-0.327
200..700	4700	cAra	cāra	64	27	37	2.370	1.245
200..700	4700	jaNgama	jaṅgama	65	36	29	1.806	0.852
200..700	4700	inDana	indhana	56	29	27	1.931	0.949
200..700	4700	yukti	yukti	64	76	-12	0.842	-0.248
200..700	4700	varAha	varāha	66	44	22	1.500	0.585
200..700	4700	mEtrI	maitrī	60	25	35	2.400	1.263
200..700	4700	varDana	vardhana	54	70	-16	0.771	-0.374
200..700	4700	rOdra	raudra	65	47	18	1.383	0.468
200..700	4700	setu	setu	61	37	24	1.649	0.721
200..700	4700	sOvarRa	sauvarṇa	64	41	23	1.561	0.642
200..700	4700	hAra	hāra	63	57	6	1.105	0.144
200..700	4700	Sukla	śukla	64	207	-143	0.309	-1.693
200..700	4700	mudgara	mudgara	57	41	16	1.390	0.475
200..700	4700	musala	musala	63	42	21	1.500	0.585
200..700	4700	viraha	viraha	64	52	12	1.231	0.300
200..700	4700	pramAda	pramāda	57	39	18	1.462	0.547
200..700	4700	darSin	darśin	63	36	27	1.750	0.807
200..700	4700	Gawa	ghaṭa	61	68	-7	0.897	-0.157
200..700	4700	bAD	bādh	63	48	15	1.312	0.392
200..700	4700	sah	sah	63	60	3	1.050	0.070
200..700	4700	Akfz	ākṛṣ	60	58	2	1.034	0.049
200..700	4700	upayuj	upayuj	52	51	1	1.020	0.028
200..700	4700	nizev	niṣev	55	35	20	1.571	0.652
200..700	4700	vikf	vikṛ	64	76	-12	0.842	-0.248
200..700	4700	viruD	virudh	59	69	-10	0.855	-0.226
200..700	4700	saMtyaj	saṁtyaj	62	31	31	2.000	1.000
200..700	4700	samASri	samāśri	55	40	15	1.375	0.459
200..700	4700	gurukf	gurukṛ	68	0	68	inf	inf
200..700	4700	aBaya	abhaya	57	41	16	1.390	0.475
200..700	4700	aBimAna	abhimāna	54	38	16	1.421	0.507
200..700	4700	nizpatti	niṣpatti	52	22	30	2.364	1.241
200..700	4700	nikzepa	nikṣepa	56	15	41	3.733	1.900
200..700	4700	nigraha	nigraha	61	38	23	1.605	0.683
200..700	4700	DAraRA	dhāraṇā	51	32	19	1.594	0.672
200..700	4700	nagna	nagna	61	47	14	1.298	0.376
200..700	4700	vAsanA	vāsanā	59	68	-9	0.868	-0.205
200..700	4700	cIvara	cīvara	65	5	60	13.000	3.700
200..700	4700	Cattra	chattra	62	48	14	1.292	0.369
200..700	4700	jaGana	jaghana	61	61	0	1.000	0.000
200..700	4700	alaMkAra	alaṁkāra	61	50	11	1.220	0.287
200..700	4700	aviSeza	aviśeṣa	48	42	6	1.143	0.193
200..700	4700	utkfzwa	utkṛṣṭa	62	27	35	2.296	1.199
200..700	4700	Akara	ākara	59	40	19	1.475	0.561
200..700	4700	ugrasena	ugrasena	55	33	22	1.667	0.737
200..700	4700	vatsara	vatsara	59	45	14	1.311	0.391
200..700	4700	roza	roṣa	62	43	19	1.442	0.528
200..700	4700	vallaBa	vallabha	59	58	1	1.017	0.025
200..700	4700	vaSya	vaśya	62	45	17	1.378	0.462
200..700	4700	mAtrA	mātrā	62	73	-11	0.849	-0.236
200..700	4700	mAnuza	mānuṣa	52	150	-98	0.347	-1.528
200..700	4700	laGu	laghu	62	180	-118	0.344	-1.538
200..700	4700	tftIyA	tṛtīyā	59	42	17	1.405	0.490
200..700	4700	dfS	dṛś	59	1660	-1601	0.036	-4.814
200..700	4700	pAtaka	pātaka	52	29	23	1.793	0.842
200..700	4700	dayA	dayā	63	56	7	1.125	0.170
200..700	4700	vyAla	vyāla	61	30	31	2.033	1.024
200..700	4700	svayamBu	svayambhu	55	31	24	1.774	0.827
200..700	4700	SIta	śīta	63	391	-328	0.161	-2.634
200..700	4700	Kaqga	khaḍga	58	51	7	1.137	0.186
200..700	4700	SiKara	śikhara	65	58	7	1.121	0.164
200..700	4700	Silpa	śilpa	64	35	29	1.829	0.871
200..700	4700	miTuna	mithuna	56	54	2	1.037	0.052
200..700	4700	meKalA	mekhalā	58	58	0	1.000	0.000
200..700	4700	pratizWA	pratiṣṭhā	62	90	-28	0.689	-0.538
200..700	4700	pratyakza	pratyakṣa	48	92	-44	0.522	-0.939
200..700	4700	vIraka	vīraka	59	33	26	1.788	0.838
200..700	4700	dAya	dāya	65	22	43	2.955	1.563
200..700	4700	praRaya	praṇaya	62	46	16	1.348	0.431
200..700	4700	pralaya	pralaya	60	52	8	1.154	0.206
200..700	4700	prANmuKa	prāṅmukha	64	35	29	1.829	0.871
200..700	4700	atiric	atiric	60	26	34	2.308	1.206
200..700	4700	sru	sru	56	120	-64	0.467	-1.100
200..700	4700	dviz	dviṣ	60	97	-37	0.619	-0.693
200..700	4700	aByupe	abhyupe	51	37	14	1.378	0.463
200..700	4700	niruD	nirudh	53	54	-1	0.981	-0.027
200..700	4700	pratI	pratī	49	33	16	1.485	0.570
200..700	4700	pravartay	pravartay	51	55	-4	0.927	-0.109
200..700	4700	viji	viji	61	47	14	1.298	0.376
200..700	4700	vinyas	vinyas	60	41	19	1.463	0.549
200..700	4700	viBAvay	vibhāvay	58	57	1	1.018	0.025
200..700	4700	caRqAla	caṇḍāla	57	50	7	1.140	0.189
200..700	4700	vIkz	vīkṣ	62	57	5	1.088	0.121
200..700	4700	samAgam	samāgam	57	59	-2	0.966	-0.050
200..700	4700	samutpad	samutpad	63	47	16	1.340	0.423
200..700	4700	sambuD	sambudh	63	23	40	2.739	1.454
200..700	4700	tapasvin	tapasvin	54	44	10	1.227	0.295
200..700	4700	aRu	aṇu	55	68	-13	0.809	-0.306
200..700	4700	muktA	muktā	65	45	20	1.444	0.531
200..700	4700	kalApa	kalāpa	64	31	33	2.065	1.046
200..700	4700	nindA	nindā	58	33	25	1.758	0.814
200..700	4700	DIra	dhīra	63	45	18	1.400	0.485
200..700	4700	upakAra	upakāra	63	39	24	1.615	0.692
200..700	4700	upasTAna	upasthāna	56	15	41	3.733	1.900
200..700	4700	cumbana	cumbana	61	40	21	1.525	0.609
200..700	4700	udBava	udbhava	60	184	-124	0.326	-1.617
200..700	4700	aSakta	aśakta	54	41	13	1.317	0.397
200..700	4700	aSIti	aśīti	58	28	30	2.071	1.051
200..700	4700	asi	asi	61	56	5	1.089	0.123
200..700	4700	lOkika	laukika	58	38	20	1.526	0.610
200..700	4700	mAna	māna	59	188	-129	0.314	-1.672
200..700	4700	rohiRI	rohiṇī	55	44	11	1.250	0.322
200..700	4700	lajjA	lajjā	59	63	-4	0.937	-0.095
200..700	4700	turaga	turaga	59	27	32	2.185	1.128
200..700	4700	dvArakA	dvārakā	62	33	29	1.879	0.910
200..700	4700	Darmya	dharmya	58	20	38	2.900	1.536
200..700	4700	sAvitrI	sāvitrī	62	37	25	1.676	0.745
200..700	4700	vErAgya	vairāgya	58	48	10	1.208	0.273
200..700	4700	SyAma	śyāma	59	51	8	1.157	0.210
200..700	4700	vizkamBa	viṣkambha	57	31	26	1.839	0.879
200..700	4700	puraHsara	puraḥsara	52	38	14	1.368	0.453
200..700	4700	balaBadra	balabhadra	60	41	19	1.463	0.549
200..700	4700	tfp	tṛp	58	47	11	1.234	0.303
200..700	4700	anuprAp	anuprāp	63	15	48	4.200	2.070
200..700	4700	anviz	anviṣ	57	42	15	1.357	0.441
200..700	4700	AdiS	ādiś	53	71	-18	0.746	-0.422
200..700	4700	SrAvay	śrāvay	59	51	8	1.157	0.210
200..700	4700	ucCri	ucchri	57	36	21	1.583	0.663
200..700	4700	uddiS	uddiś	61	50	11	1.220	0.287
200..700	4700	nirvap	nirvap	55	26	29	2.115	1.081
200..700	4700	nizpad	niṣpad	52	27	25	1.926	0.946
200..700	4700	pariRam	pariṇam	61	40	21	1.525	0.609
200..700	4700	pratipAday	pratipāday	55	29	26	1.897	0.923
200..700	4700	pramad	pramad	58	27	31	2.148	1.103
200..700	4700	pramuc	pramuc	49	32	17	1.531	0.615
200..700	4700	caturdaSan	caturdaśan	51	42	9	1.214	0.280
200..700	4700	SradDA	śraddhā	59	86	-27	0.686	-0.544
200..700	4700	saMhf	saṁhṛ	57	35	22	1.629	0.704
200..700	4700	saMDA	saṁdhā	55	45	10	1.222	0.290
200..700	4700	same	same	58	52	6	1.115	0.158
200..700	4700	saMprayoga	saṁprayoga	54	31	23	1.742	0.801
200..700	4700	anaGa	anagha	47	48	-1	0.979	-0.030
200..700	4700	ananta	ananta	57	167	-110	0.341	-1.551
200..700	4700	paNkaja	paṅkaja	54	53	1	1.019	0.027
200..700	4700	kIwa	kīṭa	60	44	16	1.364	0.447
200..700	4700	kuYjara	kuñjara	46	27	19	1.704	0.769
200..700	4700	BUpAla	bhūpāla	58	35	23	1.657	0.729
200..700	4700	BUri	bhūri	60	66	-6	0.909	-0.138
200..700	4700	niDana	nidhana	58	39	19	1.487	0.573
200..700	4700	ekAdaSan	ekādaśan	54	60	-6	0.900	-0.152
200..700	4700	vijaya	vijaya	55	54	1	1.019	0.026
200..700	4700	cApa	cāpa	59	52	7	1.135	0.182
200..700	4700	Cidra	chidra	58	63	-5	0.921	-0.119
200..700	4700	udaNmuKa	udaṅmukha	52	32	20	1.625	0.700
200..700	4700	Ajya	ājya	61	121	-60	0.504	-0.988
200..700	4700	aSman	aśman	54	57	-3	0.947	-0.078
200..700	4700	Avaha	āvaha	50	41	9	1.220	0.286
200..700	4700	vaDU	vadhū	59	110	-51	0.536	-0.899
200..700	4700	yAma	yāma	57	25	32	2.280	1.189
200..700	4700	mahAmati	mahāmati	45	466	-421	0.097	-3.372
200..700	4700	lakza	lakṣa	60	44	16	1.364	0.447
200..700	4700	devarAja	devarāja	58	34	24	1.706	0.771
200..700	4700	jyA	jyā	60	42	18	1.429	0.515
200..700	4700	tAla	tāla	57	48	9	1.188	0.248
200..700	4700	sADAraRa	sādhāraṇa	59	62	-3	0.952	-0.072
200..700	4700	gOtama	gautama	55	22	33	2.500	1.322
200..700	4700	SuSrUzA	śuśrūṣā	61	32	29	1.906	0.931
200..700	4700	Suzka	śuṣka	59	120	-61	0.492	-1.024
200..700	4700	viSAla	viśāla	62	42	20	1.476	0.562
200..700	4700	pradIpa	pradīpa	51	34	17	1.500	0.585
200..700	4700	veRu	veṇu	58	30	28	1.933	0.951
200..700	4700	daridra	daridra	54	35	19	1.543	0.626
200..700	4700	divOkas	divaukas	51	23	28	2.217	1.149
200..700	4700	kﾱp	kﾱp	48	0	48	inf	inf
200..700	4700	tf	tṛ	54	37	17	1.459	0.545
200..700	4700	dru	dru	55	65	-10	0.846	-0.241
200..700	4700	sad	sad	55	38	17	1.447	0.533
200..700	4700	kAmay	kāmay	53	37	16	1.432	0.518
200..700	4700	anujYA	anujñā	58	60	-2	0.967	-0.049
200..700	4700	ave	ave	53	18	35	2.944	1.558
200..700	4700	mohay	mohay	51	38	13	1.342	0.424
200..700	4700	sPur	sphur	58	69	-11	0.841	-0.251
200..700	4700	apekz	apekṣ	51	52	-1	0.981	-0.028
200..700	4700	trA	trā	55	41	14	1.341	0.424
200..700	4700	avalokay	avalokay	50	55	-5	0.909	-0.138
200..700	4700	AkarRay	ākarṇay	57	61	-4	0.934	-0.098
200..700	4700	udvah	udvah	55	43	12	1.279	0.355
200..700	4700	upAdA	upādā	57	30	27	1.900	0.926
200..700	4700	nigrah	nigrah	58	40	18	1.450	0.536
200..700	4700	nirgam	nirgam	57	81	-24	0.704	-0.507
200..700	4700	nivAray	nivāray	53	54	-1	0.981	-0.027
200..700	4700	parikIrtay	parikīrtay	45	43	2	1.047	0.066
200..700	4700	caRqa	caṇḍa	56	43	13	1.302	0.381
200..700	4700	pracoday	pracoday	51	33	18	1.545	0.628
200..700	4700	prajan	prajan	51	32	19	1.594	0.672
200..700	4700	prasAday	prasāday	49	39	10	1.256	0.329
200..700	4700	vicAray	vicāray	52	43	9	1.209	0.274
200..700	4700	samAKyA	samākhyā	60	35	25	1.714	0.778
200..700	4700	aDigama	adhigama	59	43	16	1.372	0.456
200..700	4700	trayodaSan	trayodaśan	56	33	23	1.697	0.763
200..700	4700	pad	pad	55	32	23	1.719	0.781
200..700	4700	aMSu	aṁśu	55	68	-13	0.809	-0.306
200..700	4700	kapila	kapila	56	41	15	1.366	0.450
200..700	4700	saMsTa	saṁstha	54	30	24	1.800	0.848
200..700	4700	saMkara	saṁkara	52	52	0	1.000	0.000
200..700	4700	satkAra	satkāra	60	16	44	3.750	1.907
200..700	4700	anukrama	anukrama	46	39	7	1.179	0.238
200..700	4700	paRqita	paṇḍita	53	43	10	1.233	0.302
200..700	4700	aBiDAna	abhidhāna	54	23	31	2.348	1.231
200..700	4700	Bft	bhṛt	57	34	23	1.676	0.745
200..700	4700	makara	makara	57	30	27	1.900	0.926
200..700	4700	nimi	nimi	52	34	18	1.529	0.613
200..700	4700	samUha	samūha	55	48	7	1.146	0.196
200..700	4700	amitra	amitra	57	23	34	2.478	1.309
200..700	4700	mahant	mahant	54	78	-24	0.692	-0.531
200..700	4700	nareSvara	nareśvara	44	30	14	1.467	0.553
200..700	4700	vicakzaRa	vicakṣaṇa	46	27	19	1.704	0.769
200..700	4700	BAzita	bhāṣita	60	9	51	6.667	2.737
200..700	4700	BIzaRa	bhīṣaṇa	48	45	3	1.067	0.093
200..700	4700	Bukti	bhukti	60	59	1	1.017	0.024
200..700	4700	cora	cora	51	22	29	2.318	1.213
200..700	4700	Ayati	āyati	54	30	24	1.800	0.848
200..700	4700	Ahuti	āhuti	56	32	24	1.750	0.807
200..700	4700	Ahava	āhava	45	35	10	1.286	0.363
200..700	4700	ikzvAku	ikṣvāku	52	30	22	1.733	0.794
200..700	4700	mahizI	mahiṣī	57	41	16	1.390	0.475
200..700	4700	mAGa	māgha	47	35	12	1.343	0.425
200..700	4700	rUpya	rūpya	57	20	37	2.850	1.511
200..700	4700	duHKita	duḥkhita	48	44	4	1.091	0.126
200..700	4700	dfzwAnta	dṛṣṭānta	47	20	27	2.350	1.233
200..700	4700	deveSa	deveśa	57	54	3	1.056	0.078
200..700	4700	dvaMdva	dvaṁdva	56	43	13	1.302	0.381
200..700	4700	DarmatA	dharmatā	58	9	49	6.444	2.688
200..700	4700	pitrya	pitrya	55	42	13	1.310	0.389
200..700	4700	tApasa	tāpasa	53	28	25	1.893	0.921
200..700	4700	samyaksambudDa	samyaksambuddha	60	0	60	inf	inf
200..700	4700	vyAhfti	vyāhṛti	54	40	14	1.350	0.433
200..700	4700	gocara	gocara	48	128	-80	0.375	-1.415
200..700	4700	SiSu	śiśu	56	53	3	1.057	0.079
200..700	4700	puzkara	puṣkara	57	69	-12	0.826	-0.276
200..700	4700	brAhmaRI	brāhmaṇī	47	40	7	1.175	0.233
200..700	4700	pfTivIpati	pṛthivīpati	51	28	23	1.821	0.865
200..700	4700	pravaRa	pravaṇa	56	24	32	2.333	1.222
200..700	4700	aS	aś	43	149	-106	0.289	-1.793
200..700	4700	arpay	arpay	52	67	-15	0.776	-0.366
200..700	4700	kANkz	kāṅkṣ	55	16	39	3.438	1.781
200..700	4700	krI	krī	49	48	1	1.021	0.030
200..700	4700	kzam	kṣam	55	36	19	1.528	0.611
200..700	4700	raYj	rañj	54	36	18	1.500	0.585
200..700	4700	varDay	vardhay	53	45	8	1.178	0.236
200..700	4700	mUrC	mūrch	56	48	8	1.167	0.222
200..700	4700	Akzip	ākṣip	48	47	1	1.021	0.030
200..700	4700	upaci	upaci	59	34	25	1.735	0.795
200..700	4700	upadarSay	upadarśay	59	4	55	14.750	3.883
200..700	4700	vicintay	vicintay	52	35	17	1.486	0.571
200..700	4700	caturdaSI	caturdaśī	54	22	32	2.455	1.295
200..700	4700	capala	capala	53	32	21	1.656	0.728
200..700	4700	saMstu	saṁstu	56	34	22	1.647	0.720
200..700	4700	samutTA	samutthā	55	33	22	1.667	0.737
200..700	4700	Pal	phal	53	21	32	2.524	1.336
200..700	4700	sampf	sampṛ	60	43	17	1.395	0.481
200..700	4700	vIryavat	vīryavat	54	37	17	1.459	0.545
200..700	4700	ApyAyay	āpyāyay	54	35	19	1.543	0.626
200..700	4700	saKi	sakhi	57	48	9	1.188	0.248
200..700	4700	grasana	grasana	54	32	22	1.688	0.755
200..700	4700	leKya	lekhya	54	102	-48	0.529	-0.918
200..700	4700	kapAla	kapāla	56	65	-9	0.862	-0.215
200..700	4700	kara	kara	51	522	-471	0.098	-3.355
200..700	4700	kftArTa	kṛtārtha	49	29	20	1.690	0.757
200..700	4700	kfpaRa	kṛpaṇa	54	18	36	3.000	1.585
200..700	4700	atiSaya	atiśaya	50	54	-4	0.926	-0.111
200..700	4700	atula	atula	57	28	29	2.036	1.026
200..700	4700	aparADa	aparādha	52	53	-1	0.981	-0.027
200..700	4700	apramatta	apramatta	54	13	41	4.154	2.054
200..700	4700	kumArI	kumārī	56	37	19	1.514	0.598
200..700	4700	aBizeka	abhiṣeka	52	40	12	1.300	0.379
200..700	4700	ayana	ayana	48	42	6	1.143	0.193
200..700	4700	nASana	nāśana	41	89	-48	0.461	-1.118
200..700	4700	manohara	manohara	46	59	-13	0.780	-0.359
200..700	4700	uzRIza	uṣṇīṣa	45	11	34	4.091	2.032
200..700	4700	nakula	nakula	55	33	22	1.667	0.737
200..700	4700	naga	naga	52	49	3	1.061	0.086
200..700	4700	BAvanA	bhāvanā	52	51	1	1.020	0.028
200..700	4700	uttara	uttara	51	408	-357	0.125	-3.000
200..700	4700	utsarga	utsarga	54	41	13	1.317	0.397
200..700	4700	ADi	ādhi	48	56	-8	0.857	-0.222
200..700	4700	azwaka	aṣṭaka	39	51	-12	0.765	-0.387
200..700	4700	AlApa	ālāpa	55	45	10	1.222	0.290
200..700	4700	vasana	vasana	58	34	24	1.706	0.771
200..700	4700	mAza	māṣa	50	70	-20	0.714	-0.485
200..700	4700	lavaRa	lavaṇa	57	237	-180	0.241	-2.056
200..700	4700	lola	lola	55	44	11	1.250	0.322
200..700	4700	jina	jina	58	45	13	1.289	0.366
200..700	4700	dEteya	daiteya	58	30	28	1.933	0.951
200..700	4700	pApman	pāpman	53	40	13	1.325	0.406
200..700	4700	sImA	sīmā	52	29	23	1.793	0.842
200..700	4700	suBaga	subhaga	57	49	8	1.163	0.218
200..700	4700	hutASana	hutāśana	47	38	9	1.237	0.307
200..700	4700	sAkzin	sākṣin	49	248	-199	0.198	-2.339
200..700	4700	sAraTi	sārathi	51	23	28	2.217	1.149
200..700	4700	SaNkA	śaṅkā	51	42	9	1.214	0.280
200..700	4700	Sarva	śarva	47	46	1	1.022	0.031
200..700	4700	viBrama	vibhrama	53	62	-9	0.855	-0.226
200..700	4700	SAWya	śāṭhya	58	33	25	1.758	0.814
200..700	4700	praBAta	prabhāta	48	40	8	1.200	0.263
200..700	4700	piSAca	piśāca	58	41	17	1.415	0.500
200..700	4700	pUjana	pūjana	53	36	17	1.472	0.558
200..700	4700	prakASa	prakāśa	52	96	-44	0.542	-0.885
200..700	4700	pratipakza	pratipakṣa	51	26	25	1.962	0.972
200..700	4700	pravara	pravara	57	33	24	1.727	0.788
200..700	4700	Gana	ghana	55	231	-176	0.238	-2.070
200..700	4700	anuvft	anuvṛt	52	34	18	1.529	0.613
200..700	4700	antargam	antargam	54	25	29	2.160	1.111
200..700	4700	liK	likh	52	77	-25	0.675	-0.566
200..700	4700	tozay	toṣay	52	32	20	1.625	0.700
200..700	4700	nikzip	nikṣip	47	49	-2	0.959	-0.060
200..700	4700	nirdiS	nirdiś	48	62	-14	0.774	-0.369
200..700	4700	pariBU	paribhū	47	32	15	1.469	0.555
200..700	4700	parihf	parihṛ	51	44	7	1.159	0.213
200..700	4700	pracakz	pracakṣ	36	22	14	1.636	0.710
200..700	4700	viyuj	viyuj	53	27	26	1.963	0.973
200..700	4700	saMvft	saṁvṛt	50	21	29	2.381	1.252
200..700	4700	saMhan	saṁhan	52	40	12	1.300	0.379
200..700	4700	aMsa	aṁsa	58	52	6	1.115	0.158
200..700	4700	Orva	aurva	42	29	13	1.448	0.534
200..700	4700	acintya	acintya	53	51	2	1.039	0.055
200..700	4700	aRqa	aṇḍa	49	38	11	1.289	0.367
200..700	4700	anumAna	anumāna	51	38	13	1.342	0.424
200..700	4700	antya	antya	52	36	16	1.444	0.531
200..700	4700	paNkti	paṅkti	54	56	-2	0.964	-0.052
200..700	4700	pakva	pakva	52	169	-117	0.308	-1.700
200..700	4700	satI	satī	53	40	13	1.325	0.406
200..700	4700	aputra	aputra	45	29	16	1.552	0.634
200..700	4700	apekzA	apekṣā	55	47	8	1.170	0.227
200..700	4700	kAlanemi	kālanemi	47	30	17	1.567	0.648
200..700	4700	samudBava	samudbhava	49	36	13	1.361	0.445
200..700	4700	nAsA	nāsā	51	86	-35	0.593	-0.754
200..700	4700	manmaTa	manmatha	50	54	-4	0.926	-0.111
200..700	4700	marIci	marīci	47	56	-9	0.839	-0.253
200..700	4700	ulkA	ulkā	52	30	22	1.733	0.794
200..700	4700	naya	naya	51	52	-1	0.981	-0.028
200..700	4700	vAruRa	vāruṇa	55	40	15	1.375	0.459
200..700	4700	vAsava	vāsava	45	36	9	1.250	0.322
200..700	4700	Ayuzmat	āyuṣmat	51	13	38	3.923	1.972
200..700	4700	ahi	ahi	55	46	9	1.196	0.258
200..700	4700	ISAna	īśāna	51	43	8	1.186	0.246
200..700	4700	raNga	raṅga	53	27	26	1.963	0.973
200..700	4700	lohita	lohita	54	68	-14	0.794	-0.333
200..700	4700	ruDira	rudhira	54	76	-22	0.711	-0.493
200..700	4700	mETuna	maithuna	51	36	15	1.417	0.503
200..700	4700	mOna	mauna	56	39	17	1.436	0.522
200..700	4700	vartin	vartin	51	65	-14	0.785	-0.350
200..700	4700	varya	varya	54	29	25	1.862	0.897
200..700	4700	rogin	rogin	52	61	-9	0.852	-0.230
200..700	4700	durjaya	durjaya	48	31	17	1.548	0.631
200..700	4700	jaWara	jaṭhara	56	68	-12	0.824	-0.280
200..700	4700	jIva	jīva	54	53	1	1.019	0.027
200..700	4700	pAlana	pālana	54	25	29	2.160	1.111
200..700	4700	piRqapAta	piṇḍapāta	56	0	56	inf	inf
200..700	4700	taRqula	taṇḍula	51	53	-2	0.962	-0.055
200..700	4700	tatpara	tatpara	47	35	12	1.343	0.425
200..700	4700	tanayA	tanayā	51	43	8	1.186	0.246
200..700	4700	taraMga	taraṁga	55	47	8	1.170	0.227
200..700	4700	samBAra	sambhāra	53	23	30	2.304	1.204
200..700	4700	samyaksamboDi	samyaksambodhi	56	3	53	18.667	4.222
200..700	4700	sarasvatI	sarasvatī	45	45	0	1.000	0.000
200..700	4700	sukfta	sukṛta	52	45	7	1.156	0.209
200..700	4700	sADya	sādhya	53	32	21	1.656	0.728
200..700	4700	sAman	sāman	44	102	-58	0.431	-1.213
200..700	4700	sAmya	sāmya	53	45	8	1.178	0.236
200..700	4700	spfhA	spṛhā	52	27	25	1.926	0.946
200..700	4700	syandana	syandana	51	37	14	1.378	0.463
200..700	4700	vyaYjana	vyañjana	52	21	31	2.476	1.308
200..700	4700	svAyamBuva	svāyambhuva	49	43	6	1.140	0.188
200..700	4700	viBUti	vibhūti	46	39	7	1.179	0.238
200..700	4700	geha	geha	55	27	28	2.037	1.026
200..700	4700	Suka	śuka	53	37	16	1.432	0.518
200..700	4700	KaRqa	khaṇḍa	54	52	2	1.038	0.054
200..700	4700	SibikA	śibikā	50	32	18	1.562	0.644
200..700	4700	kzoBa	kṣobha	53	40	13	1.325	0.406
200..700	4700	kzamA	kṣamā	51	43	8	1.186	0.246
200..700	4700	vedi	vedi	55	51	4	1.078	0.109
200..700	4700	puzwi	puṣṭi	55	62	-7	0.887	-0.173
200..700	4700	dala	dala	51	57	-6	0.895	-0.160
200..700	4700	boDisattva	bodhisattva	55	111	-56	0.495	-1.013
200..700	4700	praRiDAna	praṇidhāna	50	23	27	2.174	1.120
200..700	4700	prakaraRa	prakaraṇa	53	32	21	1.656	0.728
200..700	4700	arc	arc	53	25	28	2.120	1.084
200..700	4700	Ikz	īkṣ	46	65	-19	0.708	-0.499
200..700	4700	daMS	daṁś	52	71	-19	0.732	-0.449
200..700	4700	tAray	tāray	52	30	22	1.733	0.794
200..700	4700	unnam	unnam	50	80	-30	0.625	-0.678
200..700	4700	upakram	upakram	43	43	0	1.000	0.000
200..700	4700	upayam	upayam	43	32	11	1.344	0.426
200..700	4700	upasaMkram	upasaṁkram	56	2	54	28.000	4.807
200..700	4700	nirji	nirji	43	36	7	1.194	0.256
200..700	4700	pratiziD	pratiṣidh	44	34	10	1.294	0.372
200..700	4700	kzapay	kṣapay	53	26	27	2.038	1.027
200..700	4700	pratimA	pratimā	54	33	21	1.636	0.710
200..700	4700	oMkAra	oṁkāra	42	30	12	1.400	0.485
200..700	4700	kandara	kandara	50	29	21	1.724	0.786
200..700	4700	kavi	kavi	52	33	19	1.576	0.656
200..700	4700	kavya	kavya	51	15	36	3.400	1.766
200..700	4700	kAka	kāka	43	47	-4	0.915	-0.128
200..700	4700	padArTa	padārtha	49	29	20	1.690	0.757
200..700	4700	pannaga	pannaga	45	28	17	1.607	0.684
200..700	4700	paramAtman	paramātman	50	37	13	1.351	0.434
200..700	4700	paricaya	paricaya	54	21	33	2.571	1.363
200..700	4700	aprApta	aprāpta	50	29	21	1.724	0.786
200..700	4700	apriya	apriya	46	32	14	1.438	0.524
200..700	4700	aBijana	abhijana	48	21	27	2.286	1.193
200..700	4700	kupya	kupya	52	4	48	13.000	3.700
200..700	4700	Bojya	bhojya	54	39	15	1.385	0.469
200..700	4700	maTurA	mathurā	46	28	18	1.643	0.716
200..700	4700	nirdeSa	nirdeśa	47	28	19	1.679	0.747
200..700	4700	samAsa	samāsa	46	48	-2	0.958	-0.061
200..700	4700	samAgama	samāgama	45	40	5	1.125	0.170
200..700	4700	ambuja	ambuja	50	42	8	1.190	0.252
200..700	4700	manorama	manorama	43	49	-6	0.878	-0.188
200..700	4700	marman	marman	47	103	-56	0.456	-1.132
200..700	4700	uras	uras	51	100	-49	0.510	-0.971
200..700	4700	upaGAta	upaghāta	52	28	24	1.857	0.893
200..700	4700	vikzepa	vikṣepa	48	37	11	1.297	0.376
200..700	4700	BaginI	bhaginī	47	35	12	1.343	0.425
200..700	4700	Badanta	bhadanta	54	0	54	inf	inf
200..700	4700	Cedana	chedana	50	28	22	1.786	0.837
200..700	4700	avakASa	avakāśa	49	38	11	1.289	0.367
200..700	4700	uddeSa	uddeśa	46	41	5	1.122	0.166
200..700	4700	Arya	ārya	52	130	-78	0.400	-1.322
200..700	4700	aSoka	aśoka	49	48	1	1.021	0.030
200..700	4700	ahetu	ahetu	35	11	24	3.182	1.670
200..700	4700	yuvati	yuvati	49	37	12	1.324	0.405
200..700	4700	rahasya	rahasya	51	62	-11	0.823	-0.282
200..700	4700	rAjarzi	rājarṣi	52	23	29	2.261	1.177
200..700	4700	mahoraga	mahoraga	52	3	49	17.333	4.115
200..700	4700	tUrya	tūrya	52	26	26	2.000	1.000
200..700	4700	Danada	dhanada	49	27	22	1.815	0.860
200..700	4700	pAyasa	pāyasa	51	42	9	1.214	0.280
200..700	4700	pAruzya	pāruṣya	49	42	7	1.167	0.222
200..700	4700	taskara	taskara	47	30	17	1.567	0.648
200..700	4700	tAdfSa	tādṛśa	50	38	12	1.316	0.396
200..700	4700	tAmra	tāmra	51	135	-84	0.378	-1.404
200..700	4700	sambanDin	sambandhin	52	29	23	1.793	0.842
200..700	4700	harmya	harmya	50	28	22	1.786	0.837
200..700	4700	smaraRa	smaraṇa	50	29	21	1.724	0.786
200..700	4700	SarkarA	śarkarā	49	142	-93	0.345	-1.535
200..700	4700	kzudra	kṣudra	49	32	17	1.531	0.615
200..700	4700	purogama	purogama	41	31	10	1.323	0.403
200..700	4700	purUravas	purūravas	48	29	19	1.655	0.727
200..700	4700	pfTvI	pṛthvī	48	32	16	1.500	0.585
200..700	4700	nft	nṛt	48	32	16	1.500	0.585
200..700	4700	anugrah	anugrah	49	52	-3	0.942	-0.086
200..700	4700	anusmf	anusmṛ	45	26	19	1.731	0.791
200..700	4700	deSay	deśay	52	48	4	1.083	0.115
200..700	4700	Sram	śram	51	33	18	1.545	0.628
200..700	4700	BrAmay	bhrāmay	47	27	20	1.741	0.800
200..700	4700	nigad	nigad	45	31	14	1.452	0.538
200..700	4700	niviS	niviś	49	31	18	1.581	0.661
200..700	4700	prakAS	prakāś	38	39	-1	0.974	-0.037
200..700	4700	prakalpay	prakalpay	36	47	-11	0.766	-0.385
200..700	4700	prasah	prasah	44	36	8	1.222	0.290
200..700	4700	vivad	vivad	52	29	23	1.793	0.842
200..700	4700	saMyam	saṁyam	48	25	23	1.920	0.941
200..700	4700	AKya	ākhya	54	42	12	1.286	0.363
200..700	4700	maRqay	maṇḍay	50	35	15	1.429	0.515
200..700	4700	akza	akṣa	45	215	-170	0.209	-2.256
200..700	4700	aNgAra	aṅgāra	51	43	8	1.186	0.246
200..700	4700	aDara	adhara	51	96	-45	0.531	-0.913
200..700	4700	saMkASa	saṁkāśa	52	42	10	1.238	0.308
200..700	4700	saMkzepa	saṁkṣepa	50	32	18	1.562	0.644
200..700	4700	aDIna	adhīna	52	39	13	1.333	0.415
200..700	4700	anIka	anīka	50	26	24	1.923	0.943
200..700	4700	anupapatti	anupapatti	42	4	38	10.500	3.392
200..700	4700	pawa	paṭa	51	57	-6	0.895	-0.160
200..700	4700	pariBava	paribhava	46	28	18	1.643	0.716
200..700	4700	paruza	paruṣa	48	45	3	1.067	0.093
200..700	4700	parRa	parṇa	48	37	11	1.297	0.376
200..700	4700	anDaka	andhaka	49	32	17	1.531	0.615
200..700	4700	apavarga	apavarga	43	26	17	1.654	0.726
200..700	4700	BUpa	bhūpa	51	30	21	1.700	0.766
200..700	4700	nivAsin	nivāsin	39	32	7	1.219	0.285
200..700	4700	UrRA	ūrṇā	49	10	39	4.900	2.293
200..700	4700	SramaRa	śramaṇa	52	3	49	17.333	4.115
200..700	4700	SrAvastI	śrāvastī	48	8	40	6.000	2.585
200..700	4700	BaradvAja	bharadvāja	47	32	15	1.469	0.555
200..700	4700	Bavitf	bhavitṛ	48	42	6	1.143	0.193
200..700	4700	ucCizwa	ucchiṣṭa	47	52	-5	0.904	-0.146
200..700	4700	ucita	ucita	49	60	-11	0.817	-0.292
200..700	4700	rajata	rajata	49	38	11	1.289	0.367
200..700	4700	rAjata	rājata	46	35	11	1.314	0.394
200..700	4700	ruci	ruci	49	76	-27	0.645	-0.633
200..700	4700	durbala	durbala	47	67	-20	0.701	-0.512
200..700	4700	jawA	jaṭā	51	54	-3	0.944	-0.082
200..700	4700	dvAtriMSat	dvātriṁśat	51	16	35	3.188	1.672
200..700	4700	DarA	dharā	48	33	15	1.455	0.541
200..700	4700	pallava	pallava	46	116	-70	0.397	-1.334
200..700	4700	pAka	pāka	48	174	-126	0.276	-1.858
200..700	4700	taqAga	taḍāga	50	26	24	1.923	0.943
200..700	4700	sUkta	sūkta	52	32	20	1.625	0.700
200..700	4700	senA	senā	48	32	16	1.500	0.585
200..700	4700	vidyunmAlin	vidyunmālin	43	28	15	1.536	0.619
200..700	4700	viyant	viyant	50	40	10	1.250	0.322
200..700	4700	gozWI	goṣṭhī	49	33	16	1.485	0.570
200..700	4700	miSra	miśra	50	59	-9	0.847	-0.239
200..700	4700	medinI	medinī	45	32	13	1.406	0.492
200..700	4700	pUrvAhRa	pūrvāhṇa	49	27	22	1.815	0.860
200..700	4700	daSama	daśama	47	33	14	1.424	0.510
200..700	4700	bAlaka	bālaka	46	47	-1	0.979	-0.031
200..700	4700	bindu	bindu	50	55	-5	0.909	-0.138
200..700	4700	priyA	priyā	50	40	10	1.250	0.322
200..700	4700	praSama	praśama	51	29	22	1.759	0.814
200..700	4700	Suc	śuc	43	44	-1	0.977	-0.033
200..700	4700	anuyA	anuyā	44	39	5	1.128	0.174
200..700	4700	aBiram	abhiram	50	20	30	2.500	1.322
200..700	4700	avagAh	avagāh	42	47	-5	0.894	-0.162
200..700	4700	hiMs	hiṁs	47	24	23	1.958	0.970
200..700	4700	udvij	udvij	50	24	26	2.083	1.059
200..700	4700	nirdah	nirdah	47	31	16	1.516	0.600
200..700	4700	caturyuga	caturyuga	41	31	10	1.323	0.403
200..700	4700	praveSay	praveśay	44	46	-2	0.957	-0.064
200..700	4700	prokz	prokṣ	51	37	14	1.378	0.463
200..700	4700	vikalpay	vikalpay	46	39	7	1.179	0.238
200..700	4700	saMSri	saṁśri	46	36	10	1.278	0.354
200..700	4700	GAta	ghāta	45	37	8	1.216	0.282
200..700	4700	fC	ṛch	40	16	24	2.500	1.322
200..700	4700	prAvizkf	prāviṣkṛ	52	0	52	inf	inf
200..700	4700	kEvalya	kaivalya	41	41	0	1.000	0.000
200..700	4700	adarSana	adarśana	41	27	14	1.519	0.603
200..700	4700	saMcaya	saṁcaya	38	38	0	1.000	0.000
200..700	4700	kazwa	kaṣṭa	40	47	-7	0.851	-0.233
200..700	4700	kAnta	kānta	45	89	-44	0.506	-0.984
200..700	4700	patana	patana	48	32	16	1.500	0.585
200..700	4700	pariGa	parigha	43	24	19	1.792	0.841
200..700	4700	aBiniveSa	abhiniveśa	48	59	-11	0.814	-0.298
200..700	4700	BErava	bhairava	42	34	8	1.235	0.305
200..700	4700	nAsikA	nāsikā	49	62	-13	0.790	-0.339
200..700	4700	maDyAhna	madhyāhna	45	36	9	1.250	0.322
200..700	4700	Una	ūna	43	46	-3	0.935	-0.097
200..700	4700	fBu	ṛbhu	35	27	8	1.296	0.374
200..700	4700	BArata	bhārata	41	48	-7	0.854	-0.227
200..700	4700	BIru	bhīru	47	31	16	1.516	0.600
200..700	4700	cAndrAyaRa	cāndrāyaṇa	42	43	-1	0.977	-0.034
200..700	4700	utkarza	utkarṣa	45	33	12	1.364	0.447
200..700	4700	udvega	udvega	44	31	13	1.419	0.505
200..700	4700	Anantya	ānantya	47	27	20	1.741	0.800
200..700	4700	Aya	āya	46	12	34	3.833	1.939
200..700	4700	avyakta	avyakta	41	158	-117	0.259	-1.946
200..700	4700	aSeza	aśeṣa	44	241	-197	0.183	-2.453
200..700	4700	Arza	ārṣa	43	31	12	1.387	0.472
200..700	4700	yajamAna	yajamāna	44	28	16	1.571	0.652
200..700	4700	vasati	vasati	47	43	4	1.093	0.128
200..700	4700	mAtAmaha	mātāmaha	40	31	9	1.290	0.368
200..700	4700	mAra	māra	45	12	33	3.750	1.907
200..700	4700	jambu	jambu	46	52	-6	0.885	-0.177
200..700	4700	pAzaRqa	pāṣaṇḍa	41	25	16	1.640	0.714
200..700	4700	jvalana	jvalana	49	35	14	1.400	0.485
200..700	4700	tapana	tapana	46	16	30	2.875	1.524
200..700	4700	tArakA	tārakā	42	35	7	1.200	0.263
200..700	4700	daMzwra	daṁṣṭra	46	42	4	1.095	0.131
200..700	4700	savya	savya	46	29	17	1.586	0.666
200..700	4700	sahas	sahas	47	48	-1	0.979	-0.030
200..700	4700	sugata	sugata	48	17	31	2.824	1.497
200..700	4700	sahasrAkza	sahasrākṣa	49	28	21	1.750	0.807
200..700	4700	sPuwa	sphuṭa	46	59	-13	0.780	-0.359
200..700	4700	svana	svana	44	39	5	1.128	0.174
200..700	4700	sveda	sveda	45	181	-136	0.249	-2.008
200..700	4700	gulma	gulma	46	225	-179	0.204	-2.290
200..700	4700	gfhin	gṛhin	33	26	7	1.269	0.344
200..700	4700	gOra	gaura	50	49	1	1.020	0.029
200..700	4700	KARqikya	khāṇḍikya	42	25	17	1.680	0.748
200..700	4700	SiKA	śikhā	48	57	-9	0.842	-0.248
200..700	4700	muzwi	muṣṭi	46	56	-10	0.821	-0.284
200..700	4700	pratijYA	pratijñā	41	36	5	1.139	0.188
200..700	4700	viz	viṣ	47	129	-82	0.364	-1.457
200..700	4700	vfzRi	vṛṣṇi	45	26	19	1.731	0.791
200..700	4700	putraka	putraka	42	29	13	1.448	0.534
200..700	4700	dAru	dāru	47	62	-15	0.758	-0.400
200..700	4700	bahula	bahula	49	39	10	1.256	0.329
200..700	4700	bfhat	bṛhat	47	50	-3	0.940	-0.089
200..700	4700	pracetas	pracetas	43	29	14	1.483	0.568
200..700	4700	puz	puṣ	45	43	2	1.047	0.066
200..700	4700	SoDay	śodhay	45	56	-11	0.804	-0.316
200..700	4700	aBilaz	abhilaṣ	46	31	15	1.484	0.569
200..700	4700	aBI	abhī	47	25	22	1.880	0.911
200..700	4700	majj	majj	42	48	-6	0.875	-0.193
200..700	4700	Asad	āsad	44	44	0	1.000	0.000
200..700	4700	udgam	udgam	48	31	17	1.548	0.631
200..700	4700	upaspfS	upaspṛś	40	21	19	1.905	0.930
200..700	4700	vitan	vitan	48	64	-16	0.750	-0.415
200..700	4700	viraYj	virañj	45	26	19	1.731	0.791
200..700	4700	viram	viram	39	37	2	1.054	0.076
200..700	4700	saMspfS	saṁspṛś	46	32	14	1.438	0.524
200..700	4700	aBivAday	abhivāday	37	20	17	1.850	0.888
200..700	4700	nO	nau	43	28	15	1.536	0.619
200..700	4700	rAhu	rāhu	49	33	16	1.485	0.570
200..700	4700	antari	antari	49	42	7	1.167	0.222
200..700	4700	parivAray	parivāray	45	25	20	1.800	0.848
200..700	4700	kftyA	kṛtyā	42	21	21	2.000	1.000
200..700	4700	kfmi	kṛmi	40	108	-68	0.370	-1.433
200..700	4700	keyUra	keyūra	48	26	22	1.846	0.885
200..700	4700	kElAsa	kailāsa	44	27	17	1.630	0.705
200..700	4700	akAla	akāla	45	30	15	1.500	0.585
200..700	4700	agnihotra	agnihotra	46	27	19	1.704	0.769
200..700	4700	ajina	ajina	47	51	-4	0.922	-0.118
200..700	4700	sagara	sagara	38	23	15	1.652	0.724
200..700	4700	anusArin	anusārin	48	35	13	1.371	0.456
200..700	4700	antaka	antaka	43	48	-5	0.896	-0.159
200..700	4700	kalyARa	kalyāṇa	47	59	-12	0.797	-0.328
200..700	4700	kAnana	kānana	40	42	-2	0.952	-0.070
200..700	4700	paryanta	paryanta	48	61	-13	0.787	-0.346
200..700	4700	kiyat	kiyat	41	37	4	1.108	0.148
200..700	4700	kuwumba	kuṭumba	44	29	15	1.517	0.601
200..700	4700	nIti	nīti	46	27	19	1.704	0.769
200..700	4700	samAja	samāja	47	30	17	1.567	0.648
200..700	4700	amfta	amṛta	47	200	-153	0.235	-2.089
200..700	4700	ambuda	ambuda	37	32	5	1.156	0.209
200..700	4700	nidAGa	nidāgha	42	39	3	1.077	0.107
200..700	4700	madya	madya	46	154	-108	0.299	-1.743
200..700	4700	manuja	manuja	44	29	15	1.517	0.601
200..700	4700	mandira	mandira	36	52	-16	0.692	-0.531
200..700	4700	BAgin	bhāgin	40	22	18	1.818	0.862
200..700	4700	cAturvarRya	cāturvarṇya	40	30	10	1.333	0.415
200..700	4700	cetanA	cetanā	44	29	15	1.517	0.601
200..700	4700	arcana	arcana	48	33	15	1.455	0.541
200..700	4700	alABa	alābha	45	26	19	1.731	0.791
200..700	4700	avatAra	avatāra	46	34	12	1.353	0.436
200..700	4700	avasAna	avasāna	44	40	4	1.100	0.138
200..700	4700	Atapa	ātapa	44	75	-31	0.587	-0.769
200..700	4700	ADyAtmika	ādhyātmika	42	33	9	1.273	0.348
200..700	4700	azwAdaSan	aṣṭādaśan	43	31	12	1.387	0.472
200..700	4700	Alambana	ālambana	45	34	11	1.324	0.404
200..700	4700	meza	meṣa	47	32	15	1.469	0.555
200..700	4700	varzA	varṣā	44	37	7	1.189	0.250
200..700	4700	valaya	valaya	45	45	0	1.000	0.000
200..700	4700	mADava	mādhava	40	39	1	1.026	0.037
200..700	4700	leKA	lekhā	46	46	0	1.000	0.000
200..700	4700	trAsa	trāsa	46	50	-4	0.920	-0.120
200..700	4700	durBikza	durbhikṣa	43	20	23	2.150	1.104
200..700	4700	duzkfta	duṣkṛta	45	30	15	1.500	0.585
200..700	4700	deya	deya	48	2	46	24.000	4.585
200..700	4700	deSanA	deśanā	43	32	11	1.344	0.426
200..700	4700	jaNGA	jaṅghā	47	52	-5	0.904	-0.146
200..700	4700	jananI	jananī	42	40	2	1.050	0.070
200..700	4700	dEnya	dainya	48	21	27	2.286	1.193
200..700	4700	pArijAta	pārijāta	44	23	21	1.913	0.936
200..700	4700	suvrata	suvrata	36	31	5	1.161	0.216
200..700	4700	tvarA	tvarā	43	40	3	1.075	0.104
200..700	4700	hArin	hārin	47	49	-2	0.959	-0.060
200..700	4700	sAmAnya	sāmānya	39	115	-76	0.339	-1.560
200..700	4700	Satakratu	śatakratu	42	23	19	1.826	0.869
200..700	4700	vyApin	vyāpin	46	44	2	1.045	0.064
200..700	4700	SUdrA	śūdrā	40	26	14	1.538	0.621
200..700	4700	mukuwa	mukuṭa	46	28	18	1.643	0.716
200..700	4700	pratipatti	pratipatti	40	35	5	1.143	0.193
200..700	4700	vfka	vṛka	38	32	6	1.188	0.248
200..700	4700	vfzaparvan	vṛṣaparvan	35	24	11	1.458	0.544
200..700	4700	dAraka	dāraka	46	17	29	2.706	1.436
200..700	4700	prasava	prasava	43	48	-5	0.896	-0.159
200..700	4700	prasUti	prasūti	41	27	14	1.519	0.603
200..700	4700	garh	garh	42	18	24	2.333	1.222
200..700	4700	juz	juṣ	46	27	19	1.704	0.769
200..700	4700	yat	yat	43	348	-305	0.124	-3.017
200..700	4700	aDyApay	adhyāpay	40	24	16	1.667	0.737
200..700	4700	anuman	anuman	40	45	-5	0.889	-0.170
200..700	4700	luB	lubh	46	34	12	1.353	0.436
200..700	4700	DU	dhū	46	31	15	1.484	0.569
200..700	4700	apAs	apās	46	28	18	1.643	0.716
200..700	4700	grAhay	grāhay	41	33	8	1.242	0.313
200..700	4700	AsaYj	āsañj	47	42	5	1.119	0.162
200..700	4700	utpat	utpat	43	23	20	1.870	0.903
200..700	4700	nimajj	nimajj	42	31	11	1.355	0.438
200..700	4700	nivartay	nivartay	38	31	7	1.226	0.294
200..700	4700	parikalpay	parikalpay	44	44	0	1.000	0.000
200..700	4700	parivarjay	parivarjay	32	33	-1	0.970	-0.044
200..700	4700	parivft	parivṛt	40	21	19	1.905	0.930
200..700	4700	pravraj	pravraj	46	9	37	5.111	2.354
200..700	4700	saMgam	saṁgam	39	45	-6	0.867	-0.206
200..700	4700	namaskf	namaskṛ	43	26	17	1.654	0.726
200..700	4700	ozaDI	oṣadhī	40	29	11	1.379	0.464
200..700	4700	kretf	kretṛ	42	27	15	1.556	0.637
200..700	4700	kapola	kapola	45	53	-8	0.849	-0.236
200..700	4700	karuRA	karuṇā	45	21	24	2.143	1.100
200..700	4700	kUrma	kūrma	44	31	13	1.419	0.505
200..700	4700	akzata	akṣata	45	50	-5	0.900	-0.152
200..700	4700	aGa	agha	43	30	13	1.433	0.519
200..700	4700	ajara	ajara	42	24	18	1.750	0.807
200..700	4700	ajAta	ajāta	37	27	10	1.370	0.455
200..700	4700	aDikaraRa	adhikaraṇa	41	25	16	1.640	0.714
200..700	4700	anukampA	anukampā	43	20	23	2.150	1.104
200..700	4700	anuzWAna	anuṣṭhāna	43	29	14	1.483	0.568
200..700	4700	kala	kala	41	42	-1	0.976	-0.035
200..700	4700	kAru	kāru	43	10	33	4.300	2.104
200..700	4700	nyUna	nyūna	39	31	8	1.258	0.331
200..700	4700	saptamI	saptamī	40	32	8	1.250	0.322
200..700	4700	apAya	apāya	41	27	14	1.519	0.603
200..700	4700	nimna	nimna	46	34	12	1.353	0.436
200..700	4700	nIca	nīca	42	31	11	1.355	0.438
200..700	4700	samara	samara	43	33	10	1.303	0.382
200..700	4700	amAvAsyA	amāvāsyā	41	26	15	1.577	0.657
200..700	4700	aruRa	aruṇa	43	113	-70	0.381	-1.394
200..700	4700	uSanas	uśanas	40	27	13	1.481	0.567
200..700	4700	fkza	ṛkṣa	38	97	-59	0.392	-1.352
200..700	4700	ErAvata	airāvata	45	30	15	1.500	0.585
200..700	4700	Srotf	śrotṛ	43	11	32	3.909	1.967
200..700	4700	Dvani	dhvani	43	56	-13	0.768	-0.381
200..700	4700	nandin	nandin	38	57	-19	0.667	-0.585
200..700	4700	namaskAra	namaskāra	40	26	14	1.538	0.621
200..700	4700	vAraRa	vāraṇa	43	43	0	1.000	0.000
200..700	4700	BujaMga	bhujaṁga	39	35	4	1.114	0.156
200..700	4700	udyama	udyama	40	30	10	1.333	0.415
200..700	4700	AyAma	āyāma	42	31	11	1.355	0.438
200..700	4700	Arti	ārti	44	71	-27	0.620	-0.690
200..700	4700	ArADana	ārādhana	45	44	1	1.023	0.032
200..700	4700	azwaguRa	aṣṭaguṇa	40	39	1	1.026	0.037
200..700	4700	yAtanA	yātanā	43	24	19	1.792	0.841
200..700	4700	rakzin	rakṣin	43	28	15	1.536	0.619
200..700	4700	vanitA	vanitā	45	44	1	1.023	0.032
200..700	4700	vara	vara	42	613	-571	0.069	-3.867
200..700	4700	meDya	medhya	46	33	13	1.394	0.479
200..700	4700	yazwi	yaṣṭi	41	57	-16	0.719	-0.475
200..700	4700	vAnaprasTa	vānaprastha	38	27	11	1.407	0.493
200..700	4700	mahApadma	mahāpadma	44	11	33	4.000	2.000
200..700	4700	mahAsattva	mahāsattva	45	67	-22	0.672	-0.574
200..700	4700	tuzita	tuṣita	44	11	33	4.000	2.000
200..700	4700	triguRa	triguṇa	44	76	-32	0.579	-0.788
200..700	4700	trivarga	trivarga	39	27	12	1.444	0.531
200..700	4700	duzkara	duṣkara	40	25	15	1.600	0.678
200..700	4700	janaka	janaka	39	41	-2	0.951	-0.072
200..700	4700	jambUdvIpa	jambūdvīpa	38	24	14	1.583	0.663
200..700	4700	dvijasattama	dvijasattama	36	23	13	1.565	0.646
200..700	4700	DaraRI	dharaṇī	45	35	10	1.286	0.363
200..700	4700	Darmin	dharmin	41	33	8	1.242	0.313
200..700	4700	paSupati	paśupati	36	29	7	1.241	0.312
200..700	4700	pArzRi	pārṣṇi	44	20	24	2.200	1.138
200..700	4700	jvara	jvara	40	376	-336	0.106	-3.233
200..700	4700	tAmasa	tāmasa	44	41	3	1.073	0.102
200..700	4700	samBrama	sambhrama	37	47	-10	0.787	-0.345
200..700	4700	suDA	sudhā	42	43	-1	0.977	-0.034
200..700	4700	hiraRmaya	hiraṇmaya	41	25	16	1.640	0.714
200..700	4700	sADarmya	sādharmya	37	13	24	2.846	1.509
200..700	4700	sAmanta	sāmanta	42	32	10	1.312	0.392
200..700	4700	srotas	srotas	45	117	-72	0.385	-1.379
200..700	4700	vEqUrya	vaiḍūrya	43	22	21	1.955	0.967
200..700	4700	vESvadeva	vaiśvadeva	41	42	-1	0.976	-0.035
200..700	4700	viDavA	vidhavā	40	15	25	2.667	1.415
200..700	4700	gamBIra	gambhīra	44	58	-14	0.759	-0.399
200..700	4700	kOtUhala	kautūhala	39	18	21	2.167	1.115
200..700	4700	SaSa	śaśa	41	43	-2	0.953	-0.069
200..700	4700	SAkya	śākya	45	4	41	11.250	3.492
200..700	4700	viSezaRa	viśeṣaṇa	33	27	6	1.222	0.290
200..700	4700	pradyumna	pradyumna	39	26	13	1.500	0.585
200..700	4700	putrI	putrī	42	31	11	1.355	0.438
200..700	4700	pUrvokta	pūrvokta	34	21	13	1.619	0.695
200..700	4700	dayita	dayita	43	50	-7	0.860	-0.218
200..700	4700	boDa	bodha	42	22	20	1.909	0.933
200..700	4700	pOrRamAsI	paurṇamāsī	43	27	16	1.593	0.671
200..700	4700	prAkfta	prākṛta	43	40	3	1.075	0.104
200..700	4700	ci	ci	42	70	-28	0.600	-0.737
200..700	4700	glAna	glāna	46	0	46	inf	inf
200..700	4700	ruc	ruc	32	48	-16	0.667	-0.585
200..700	4700	ruD	rudh	43	77	-34	0.558	-0.841
200..700	4700	apagam	apagam	42	23	19	1.826	0.869
200..700	4700	SlAG	ślāgh	44	29	15	1.517	0.601
200..700	4700	aByaYj	abhyañj	44	53	-9	0.830	-0.268
200..700	4700	arday	arday	41	41	0	1.000	0.000
200..700	4700	udDan	uddhan	38	50	-12	0.760	-0.396
200..700	4700	prakzAlay	prakṣālay	42	43	-1	0.977	-0.034
200..700	4700	pratibuD	pratibudh	41	20	21	2.050	1.036
200..700	4700	pratihan	pratihan	41	37	4	1.108	0.148
200..700	4700	prahf	prahṛ	40	34	6	1.176	0.234
200..700	4700	vikf	vikṛ	46	76	-30	0.605	-0.724
200..700	4700	vijan	vijan	34	23	11	1.478	0.564
200..700	4700	vivf	vivṛ	44	45	-1	0.978	-0.032
200..700	4700	viSoDay	viśodhay	41	36	5	1.139	0.188
200..700	4700	vyavasA	vyavasā	38	16	22	2.375	1.248
200..700	4700	saMkf	saṁkṛ	40	33	7	1.212	0.278
200..700	4700	saMkalpay	saṁkalpay	42	32	10	1.312	0.392
200..700	4700	saMgrah	saṁgrah	43	25	18	1.720	0.782
200..700	4700	samave	samave	44	22	22	2.000	1.000
200..700	4700	samudBU	samudbhū	45	30	15	1.500	0.585
200..700	4700	samfD	samṛdh	44	26	18	1.692	0.759
200..700	4700	samBf	sambhṛ	41	36	5	1.139	0.188
200..700	4700	akuSala	akuśala	40	21	19	1.905	0.930
200..700	4700	aNga	aṅga	41	613	-572	0.067	-3.902
200..700	4700	atandrita	atandrita	37	14	23	2.643	1.402
200..700	4700	aDyAtma	adhyātma	40	19	21	2.105	1.074
200..700	4700	satyaBAmA	satyabhāmā	41	22	19	1.864	0.898
200..700	4700	sattrin	sattrin	36	4	32	9.000	3.170
200..700	4700	saMnikarza	saṁnikarṣa	44	13	31	3.385	1.759
200..700	4700	apasavya	apasavya	37	18	19	2.056	1.040
200..700	4700	kAla	kāla	43	1169	-1126	0.037	-4.765
200..700	4700	kASi	kāśi	36	24	12	1.500	0.585
200..700	4700	BrAnti	bhrānti	42	31	11	1.355	0.438
200..700	4700	maKa	makha	39	20	19	1.950	0.963
200..700	4700	nftya	nṛtya	41	55	-14	0.745	-0.424
200..700	4700	ekAgra	ekāgra	40	28	12	1.429	0.515
200..700	4700	ezin	eṣin	37	25	12	1.480	0.566
200..700	4700	SlakzRa	ślakṣṇa	41	63	-22	0.651	-0.620
200..700	4700	zazWI	ṣaṣṭhī	34	27	7	1.259	0.333
200..700	4700	narmadA	narmadā	39	28	11	1.393	0.478
200..700	4700	vArzika	vārṣika	40	18	22	2.222	1.152
200..700	4700	vikretf	vikretṛ	41	24	17	1.708	0.773
200..700	4700	viGna	vighna	43	36	7	1.194	0.256
200..700	4700	vicAra	vicāra	40	40	0	1.000	0.000
200..700	4700	Badra	bhadra	43	99	-56	0.434	-1.203
200..700	4700	Bavizya	bhaviṣya	39	38	1	1.026	0.037
200..700	4700	avadAta	avadāta	43	12	31	3.583	1.841
200..700	4700	avijYAta	avijñāta	40	7	33	5.714	2.515
200..700	4700	asfj	asṛj	42	140	-98	0.300	-1.737
200..700	4700	iNgita	iṅgita	40	18	22	2.222	1.152
200..700	4700	rajju	rajju	40	31	9	1.290	0.368
200..700	4700	ranDra	randhra	43	48	-5	0.896	-0.159
200..700	4700	varcas	varcas	38	56	-18	0.679	-0.559
200..700	4700	rAjamAtra	rājamātra	44	0	44	inf	inf
200..700	4700	valkala	valkala	43	40	3	1.075	0.104
200..700	4700	mahiman	mahiman	41	31	10	1.323	0.403
200..700	4700	mAnDAtf	māndhātṛ	38	18	20	2.111	1.078
200..700	4700	lABin	lābhin	44	9	35	4.889	2.290
200..700	4700	tridiva	tridiva	41	17	24	2.412	1.270
200..700	4700	dUtI	dūtī	41	30	11	1.367	0.451
200..700	4700	jaqa	jaḍa	42	30	12	1.400	0.485
200..700	4700	janamejaya	janamejaya	36	21	15	1.714	0.778
200..700	4700	dvijanman	dvijanman	32	21	11	1.524	0.608
200..700	4700	pAramitA	pāramitā	43	4	39	10.750	3.426
200..700	4700	pinAkin	pinākin	42	36	6	1.167	0.222
200..700	4700	sevA	sevā	43	35	8	1.229	0.297
200..700	4700	tvazwf	tvaṣṭṛ	36	23	13	1.565	0.646
200..700	4700	snAtaka	snātaka	41	10	31	4.100	2.036
200..700	4700	Sakawa	śakaṭa	44	23	21	1.913	0.936
200..700	4700	gokula	gokula	36	23	13	1.565	0.646
200..700	4700	gomaya	gomaya	38	50	-12	0.760	-0.396
200..700	4700	Keda	kheda	43	33	10	1.303	0.382
200..700	4700	gaReSvara	gaṇeśvara	37	24	13	1.542	0.624
200..700	4700	ganDamAdana	gandhamādana	35	28	7	1.250	0.322
200..700	4700	gantf	gantṛ	32	6	26	5.333	2.415
200..700	4700	Sibi	śibi	35	22	13	1.591	0.670
200..700	4700	viSvAmitra	viśvāmitra	38	30	8	1.267	0.341
200..700	4700	pramadA	pramadā	39	37	2	1.054	0.076
200..700	4700	pIna	pīna	43	28	15	1.536	0.619
200..700	4700	pulastya	pulastya	41	21	20	1.952	0.965
200..700	4700	pOruza	pauruṣa	35	54	-19	0.648	-0.626
200..700	4700	baladeva	baladeva	39	23	16	1.696	0.762
200..700	4700	prasTa	prastha	42	138	-96	0.304	-1.716
200..700	4700	prAkAra	prākāra	36	25	11	1.440	0.526
200..700	4700	arjay	arjay	39	32	7	1.219	0.285
200..700	4700	vA	vā	41	3467	-3426	0.012	-6.402
200..700	4700	vartay	vartay	39	19	20	2.053	1.037
200..700	4700	SaNk	śaṅk	36	31	5	1.161	0.216
200..700	4700	Siz	śiṣ	39	21	18	1.857	0.893
200..700	4700	SoBay	śobhay	34	25	9	1.360	0.444
200..700	4700	lI	lī	39	47	-8	0.830	-0.269
200..700	4700	duh	duh	42	19	23	2.211	1.144
200..700	4700	aBiBAz	abhibhāṣ	35	21	14	1.667	0.737
200..700	4700	avaDAray	avadhāray	32	29	3	1.103	0.142
200..700	4700	AkANkz	ākāṅkṣ	38	9	29	4.222	2.078
200..700	4700	Avft	āvṛt	32	23	9	1.391	0.476
200..700	4700	parAji	parāji	37	26	11	1.423	0.509
200..700	4700	pragrah	pragrah	40	22	18	1.818	0.862
200..700	4700	pratijYA	pratijñā	38	36	2	1.056	0.078
200..700	4700	prativas	prativas	33	18	15	1.833	0.874
200..700	4700	prayojay	prayojay	37	78	-41	0.474	-1.076
200..700	4700	vivfD	vivṛdh	37	43	-6	0.860	-0.217
200..700	4700	catuHzazwi	catuḥṣaṣṭi	43	27	16	1.593	0.671
200..700	4700	vyapoh	vyapoh	32	27	5	1.185	0.245
200..700	4700	saMcintay	saṁcintay	32	22	10	1.455	0.541
200..700	4700	samAvf	samāvṛ	37	24	13	1.542	0.624
200..700	4700	agastya	agastya	41	26	15	1.577	0.657
200..700	4700	prAdurBU	prādurbhū	41	19	22	2.158	1.110
200..700	4700	narADipa	narādhipa	37	19	18	1.947	0.962
200..700	4700	kawi	kaṭi	38	65	-27	0.585	-0.774
200..700	4700	aMSuka	aṁśuka	39	47	-8	0.830	-0.269
200..700	4700	keSin	keśin	40	23	17	1.739	0.798
200..700	4700	akzara	akṣara	39	97	-58	0.402	-1.315
200..700	4700	acala	acala	40	114	-74	0.351	-1.511
200..700	4700	saMsTiti	saṁsthiti	34	22	12	1.545	0.628
200..700	4700	saMhAra	saṁhāra	40	26	14	1.538	0.621
200..700	4700	saMgrahaRa	saṁgrahaṇa	40	21	19	1.905	0.930
200..700	4700	saMcAra	saṁcāra	41	19	22	2.158	1.110
200..700	4700	aDyApana	adhyāpana	36	7	29	5.143	2.363
200..700	4700	aDyAya	adhyāya	36	52	-16	0.692	-0.531
200..700	4700	anindita	anindita	38	25	13	1.520	0.604
200..700	4700	anukUla	anukūla	40	31	9	1.290	0.368
200..700	4700	antaHkaraRa	antaḥkaraṇa	40	31	9	1.290	0.368
200..700	4700	kaluza	kaluṣa	37	40	-3	0.925	-0.112
200..700	4700	kalpanA	kalpanā	35	39	-4	0.897	-0.156
200..700	4700	paramparA	paramparā	39	12	27	3.250	1.700
200..700	4700	sapatnI	sapatnī	39	27	12	1.444	0.531
200..700	4700	apara	apara	34	315	-281	0.108	-3.212
200..700	4700	BUDara	bhūdhara	38	33	5	1.152	0.204
200..700	4700	maRqapa	maṇḍapa	39	30	9	1.300	0.379
200..700	4700	nizkfti	niṣkṛti	35	22	13	1.591	0.670
200..700	4700	nEmittika	naimittika	39	37	2	1.054	0.076
200..700	4700	nAka	nāka	39	24	15	1.625	0.700
200..700	4700	nizPala	niṣphala	38	24	14	1.583	0.663
200..700	4700	manyu	manyu	37	38	-1	0.974	-0.038
200..700	4700	SvAsa	śvāsa	40	201	-161	0.199	-2.329
200..700	4700	upavana	upavana	37	32	5	1.156	0.209
200..700	4700	upasaMhAra	upasaṁhāra	36	16	20	2.250	1.170
200..700	4700	vimatsara	vimatsara	36	21	15	1.714	0.778
200..700	4700	Baga	bhaga	39	30	9	1.300	0.379
200..700	4700	cAmara	cāmara	40	34	6	1.176	0.234
200..700	4700	cEtra	caitra	35	26	9	1.346	0.429
200..700	4700	Candas	chandas	39	27	12	1.444	0.531
200..700	4700	avApti	avāpti	41	30	11	1.367	0.451
200..700	4700	utpAta	utpāta	41	24	17	1.708	0.773
200..700	4700	hrI	hrī	39	32	7	1.219	0.285
200..700	4700	ADAna	ādhāna	40	19	21	2.105	1.074
200..700	4700	avyaya	avyaya	30	99	-69	0.303	-1.722
200..700	4700	aSani	aśani	42	30	12	1.400	0.485
200..700	4700	aharniSa	aharniśa	32	22	10	1.455	0.541
200..700	4700	Aloka	āloka	39	30	9	1.300	0.379
200..700	4700	ijyA	ijyā	38	18	20	2.111	1.078
200..700	4700	IrzyA	īrṣyā	40	32	8	1.250	0.322
200..700	4700	yAdfSa	yādṛśa	29	12	17	2.417	1.273
200..700	4700	rukmin	rukmin	41	23	18	1.783	0.834
200..700	4700	yadfcCA	yadṛcchā	36	26	10	1.385	0.469
200..700	4700	vAyasa	vāyasa	33	29	4	1.138	0.186
200..700	4700	mAtula	mātula	40	24	16	1.667	0.737
200..700	4700	timira	timira	41	84	-43	0.488	-1.035
200..700	4700	tyAgin	tyāgin	41	21	20	1.952	0.965
200..700	4700	jalada	jalada	39	44	-5	0.886	-0.174
200..700	4700	dOhitra	dauhitra	41	17	24	2.412	1.270
200..700	4700	dvipa	dvipa	37	21	16	1.762	0.817
200..700	4700	dviz	dviṣ	37	97	-60	0.381	-1.390
200..700	4700	pAra	pāra	41	29	12	1.414	0.500
200..700	4700	taTAviDa	tathāvidha	37	23	14	1.609	0.686
200..700	4700	suraBi	surabhi	40	63	-23	0.635	-0.655
200..700	4700	dakza	dakṣa	42	114	-72	0.368	-1.441
200..700	4700	samplava	samplava	35	18	17	1.944	0.959
200..700	4700	hAna	hāna	33	20	13	1.650	0.722
200..700	4700	sAtmya	sātmya	38	51	-13	0.745	-0.424
200..700	4700	SapaTa	śapatha	37	32	5	1.156	0.209
200..700	4700	SaMtanu	śaṁtanu	35	18	17	1.944	0.959
200..700	4700	Sambara	śambara	39	24	15	1.625	0.700
200..700	4700	SarIrin	śarīrin	34	22	12	1.545	0.628
200..700	4700	vyavasAya	vyavasāya	38	11	27	3.455	1.788
200..700	4700	vibuDa	vibudha	40	25	15	1.600	0.678
200..700	4700	vimokza	vimokṣa	39	21	18	1.857	0.893
200..700	4700	guhya	guhya	41	38	3	1.079	0.110
200..700	4700	gozWa	goṣṭha	41	24	17	1.708	0.773
200..700	4700	SuBra	śubhra	42	26	16	1.615	0.692
200..700	4700	Kala	khala	40	29	11	1.379	0.464
200..700	4700	garIyas	garīyas	27	37	-10	0.730	-0.455
200..700	4700	SaSANka	śaśāṅka	37	40	-3	0.925	-0.112
200..700	4700	SArIra	śārīra	33	36	-3	0.917	-0.126
200..700	4700	krATana	krāthana	38	22	16	1.727	0.788
200..700	4700	klIba	klība	41	55	-14	0.745	-0.424
200..700	4700	kzAma	kṣāma	42	54	-12	0.778	-0.363
200..700	4700	vivara	vivara	41	31	10	1.323	0.403
200..700	4700	viSvAtman	viśvātman	41	24	17	1.708	0.773
200..700	4700	vIRA	vīṇā	35	29	6	1.207	0.271
200..700	4700	vedanA	vedanā	36	113	-77	0.319	-1.650
200..700	4700	piSita	piśita	39	47	-8	0.830	-0.269
200..700	4700	dAyin	dāyin	33	25	8	1.320	0.401
200..700	4700	dAha	dāha	41	258	-217	0.159	-2.654
200..700	4700	baka	baka	31	26	5	1.192	0.254
200..700	4700	prAjApatya	prājāpatya	39	80	-41	0.487	-1.037
200..700	4700	kamp	kamp	38	32	6	1.188	0.248
200..700	4700	kzan	kṣan	41	60	-19	0.683	-0.549
200..700	4700	cezw	ceṣṭ	33	43	-10	0.767	-0.382
200..700	4700	grIzma	grīṣma	38	45	-7	0.844	-0.244
200..700	4700	nad	nad	39	22	17	1.773	0.826
200..700	4700	plAvay	plāvay	38	25	13	1.520	0.604
200..700	4700	anumA	anumā	38	31	7	1.226	0.294
200..700	4700	anuraYj	anurañj	41	25	16	1.640	0.714
200..700	4700	vezway	veṣṭay	35	42	-7	0.833	-0.263
200..700	4700	apanI	apanī	34	58	-24	0.586	-0.771
200..700	4700	ape	ape	39	34	5	1.147	0.198
200..700	4700	aBijan	abhijan	37	24	13	1.542	0.624
200..700	4700	Astf	āstṛ	40	27	13	1.481	0.567
200..700	4700	upacar	upacar	30	32	-2	0.938	-0.093
200..700	4700	upaBuj	upabhuj	38	27	11	1.407	0.493
200..700	4700	nibanD	nibandh	40	34	6	1.176	0.234
200..700	4700	parigam	parigam	39	14	25	2.786	1.478
200..700	4700	cakrin	cakrin	30	25	5	1.200	0.263
200..700	4700	praRiDA	praṇidhā	35	17	18	2.059	1.042
200..700	4700	vinivft	vinivṛt	42	28	14	1.500	0.585
200..700	4700	vyAhf	vyāhṛ	37	38	-1	0.974	-0.038
200..700	4700	saMtarpay	saṁtarpay	40	11	29	3.636	1.862
200..700	4700	ApUray	āpūray	37	26	11	1.423	0.509
200..700	4700	udDf	uddhṛ	40	164	-124	0.244	-2.036
200..700	4700	pariBraMS	paribhraṁś	41	22	19	1.864	0.898
200..700	4700	vikrayin	vikrayin	33	24	9	1.375	0.459
200..700	4700	Dfk	dhṛk	37	21	16	1.762	0.817
200..700	4700	kadamba	kadamba	35	48	-13	0.729	-0.456
200..700	4700	akAma	akāma	35	16	19	2.188	1.129
200..700	4700	kamaRqalu	kamaṇḍalu	39	23	16	1.696	0.762
200..700	4700	kftin	kṛtin	35	22	13	1.591	0.670
200..700	4700	agraja	agraja	33	24	9	1.375	0.459
200..700	4700	aNguzWa	aṅguṣṭha	37	55	-18	0.673	-0.572
200..700	4700	awavI	aṭavī	35	34	1	1.029	0.042
200..700	4700	anaDyAya	anadhyāya	39	10	29	3.900	1.963
200..700	4700	karmAnta	karmānta	38	2	36	19.000	4.248
200..700	4700	payasvinI	payasvinī	30	22	8	1.364	0.447
200..700	4700	payoDara	payodhara	34	47	-13	0.723	-0.467
200..700	4700	saMtAna	saṁtāna	39	51	-12	0.765	-0.387
200..700	4700	saMniveSa	saṁniveśa	38	31	7	1.226	0.294
200..700	4700	parijana	parijana	38	48	-10	0.792	-0.337
200..700	4700	parjanya	parjanya	35	21	14	1.667	0.737
200..700	4700	abja	abja	39	25	14	1.560	0.642
200..700	4700	aBiprAya	abhiprāya	39	30	9	1.300	0.379
200..700	4700	kimpuruza	kimpuruṣa	37	25	12	1.480	0.566
200..700	4700	kuNkuma	kuṅkuma	38	56	-18	0.679	-0.559
200..700	4700	BUyizWa	bhūyiṣṭha	36	32	4	1.125	0.170
200..700	4700	Bfti	bhṛti	34	27	7	1.259	0.333
200..700	4700	niSAkara	niśākara	29	26	3	1.115	0.158
200..700	4700	aByantara	abhyantara	37	47	-10	0.787	-0.345
200..700	4700	amoGa	amogha	36	28	8	1.286	0.363
200..700	4700	naraka	naraka	38	172	-134	0.221	-2.178
200..700	4700	upajIvin	upajīvin	36	16	20	2.250	1.170
200..700	4700	upahAra	upahāra	39	24	15	1.625	0.700
200..700	4700	BAminI	bhāminī	29	22	7	1.318	0.399
200..700	4700	Bizaj	bhiṣaj	34	65	-31	0.523	-0.935
200..700	4700	cAkzuza	cākṣuṣa	33	24	9	1.375	0.459
200..700	4700	cAraRa	cāraṇa	36	22	14	1.636	0.710
200..700	4700	avaDya	avadhya	33	24	9	1.375	0.459
200..700	4700	avidita	avidita	38	13	25	2.923	1.547
200..700	4700	utTa	uttha	40	96	-56	0.417	-1.263
200..700	4700	hrasva	hrasva	37	48	-11	0.771	-0.376
200..700	4700	Adara	ādara	34	65	-31	0.523	-0.935
200..700	4700	Amiza	āmiṣa	38	44	-6	0.864	-0.212
200..700	4700	aSvatTa	aśvattha	36	29	7	1.241	0.312
200..700	4700	asaMskfta	asaṁskṛta	32	18	14	1.778	0.830
200..700	4700	asAra	asāra	38	26	12	1.462	0.547
200..700	4700	Agneya	āgneya	38	42	-4	0.905	-0.144
200..700	4700	ASA	āśā	37	55	-18	0.673	-0.572
200..700	4700	AScarya	āścarya	34	22	12	1.545	0.628
200..700	4700	yukta	yukta	35	24	11	1.458	0.544
200..700	4700	yuD	yudh	39	73	-34	0.534	-0.904
200..700	4700	vawa	vaṭa	36	41	-5	0.878	-0.188
200..700	4700	vanaspati	vanaspati	34	31	3	1.097	0.133
200..700	4700	rAvaRa	rāvaṇa	35	24	11	1.458	0.544
200..700	4700	rikTa	riktha	40	21	19	1.905	0.930
200..700	4700	mlecCa	mleccha	38	29	9	1.310	0.390
200..700	4700	yavIyas	yavīyas	33	11	22	3.000	1.585
200..700	4700	vasA	vasā	38	65	-27	0.585	-0.774
200..700	4700	vasuMDarA	vasuṁdharā	33	28	5	1.179	0.237
200..700	4700	mahIDara	mahīdhara	31	24	7	1.292	0.369
200..700	4700	mAgaDa	māgadha	38	26	12	1.462	0.547
200..700	4700	turaMga	turaṁga	36	19	17	1.895	0.922
200..700	4700	trARa	trāṇa	39	25	14	1.560	0.642
200..700	4700	drazwf	draṣṭṛ	26	28	-2	0.929	-0.107
200..700	4700	dvAdaSI	dvādaśī	38	27	11	1.407	0.493
200..700	4700	pAkaSAsana	pākaśāsana	30	24	6	1.250	0.322
200..700	4700	tarpaRa	tarpaṇa	34	69	-35	0.493	-1.021
200..700	4700	surata	surata	36	47	-11	0.766	-0.385
200..700	4700	sUkara	sūkara	36	17	19	2.118	1.082
200..700	4700	samBUti	sambhūti	37	23	14	1.609	0.686
200..700	4700	hiMsra	hiṁsra	34	8	26	4.250	2.087
200..700	4700	sAyaka	sāyaka	36	40	-4	0.900	-0.152
200..700	4700	vEdika	vaidika	33	10	23	3.300	1.722
200..700	4700	vErin	vairin	38	26	12	1.462	0.547
200..700	4700	vEvasvata	vaivasvata	36	35	1	1.029	0.041
200..700	4700	vyavasTAna	vyavasthāna	37	17	20	2.176	1.122
200..700	4700	svarRa	svarṇa	38	27	11	1.407	0.493
200..700	4700	viprayoga	viprayoga	37	10	27	3.700	1.888
200..700	4700	vinDya	vindhya	36	35	1	1.029	0.041
200..700	4700	vimukti	vimukti	37	22	15	1.682	0.750
200..700	4700	giriSa	giriśa	39	26	13	1.500	0.585
200..700	4700	SalAkA	śalākā	37	34	3	1.088	0.122
200..700	4700	Kura	khura	39	32	7	1.219	0.285
200..700	4700	gAnDarva	gāndharva	38	31	7	1.226	0.294
200..700	4700	Sarman	śarman	38	16	22	2.375	1.248
200..700	4700	krOYca	krauñca	35	32	3	1.094	0.129
200..700	4700	mUrtimat	mūrtimat	35	25	10	1.400	0.485
200..700	4700	virUpa	virūpa	33	24	9	1.375	0.459
200..700	4700	viSvAsa	viśvāsa	36	23	13	1.565	0.646
200..700	4700	praRiDi	praṇidhi	38	23	15	1.652	0.724
200..700	4700	praRava	praṇava	33	28	5	1.179	0.237
200..700	4700	praSna	praśna	38	34	4	1.118	0.160
200..700	4700	aYj	añj	35	53	-18	0.660	-0.599
200..700	4700	kaT	kath	35	23	12	1.522	0.606
200..700	4700	kliS	kliś	35	34	1	1.029	0.042
200..700	4700	mantray	mantray	31	10	21	3.100	1.632
200..700	4700	raYjay	rañjay	34	32	2	1.062	0.087
200..700	4700	sic	sic	37	48	-11	0.771	-0.376
200..700	4700	aBiSaMs	abhiśaṁs	34	20	14	1.700	0.766
200..700	4700	Avah	āvah	32	27	5	1.185	0.245
200..700	4700	Avarjay	āvarjay	36	15	21	2.400	1.263
200..700	4700	upaSoBay	upaśobhay	32	27	5	1.185	0.245
200..700	4700	nipAtay	nipātay	33	25	8	1.320	0.401
200..700	4700	nizpAday	niṣpāday	31	27	4	1.148	0.199
200..700	4700	paripf	paripṛ	37	8	29	4.625	2.209
200..700	4700	paripracC	paripracch	35	22	13	1.591	0.670
200..700	4700	pratilaB	pratilabh	39	20	19	1.950	0.963
200..700	4700	pratizWApay	pratiṣṭhāpay	39	9	30	4.333	2.115
200..700	4700	pravas	pravas	38	37	1	1.027	0.038
200..700	4700	pravfD	pravṛdh	35	38	-3	0.921	-0.119
200..700	4700	vivic	vivic	39	20	19	1.950	0.963
200..700	4700	aRu	aṇu	37	68	-31	0.544	-0.878
200..700	4700	saMKyA	saṁkhyā	38	115	-77	0.330	-1.598
200..700	4700	samADA	samādhā	35	27	8	1.296	0.374
200..700	4700	samutsfj	samutsṛj	36	19	17	1.895	0.922
200..700	4700	sambanD	sambandh	37	30	7	1.233	0.303
200..700	4700	vrIqA	vrīḍā	38	33	5	1.152	0.204
200..700	4700	Sikz	śikṣ	40	11	29	3.636	1.862
200..700	4700	pravAsay	pravāsay	29	3	26	9.667	3.273
200..700	4700	pratApavat	pratāpavat	31	22	9	1.409	0.495
200..700	4700	nahuza	nahuṣa	36	16	20	2.250	1.170
200..700	4700	akza	akṣa	40	215	-175	0.186	-2.426
200..700	4700	Ipsay	īpsay	34	26	8	1.308	0.387
200..700	4700	kapilA	kapilā	33	27	6	1.222	0.290
200..700	4700	kfpA	kṛpā	32	37	-5	0.865	-0.209
200..700	4700	kfSa	kṛśa	34	69	-35	0.493	-1.021
200..700	4700	adatta	adatta	32	25	7	1.280	0.356
200..700	4700	saMsTA	saṁsthā	33	115	-82	0.287	-1.801
200..700	4700	anArya	anārya	30	9	21	3.333	1.737
200..700	4700	anAvfzwi	anāvṛṣṭi	35	18	17	1.944	0.959
200..700	4700	kalatra	kalatra	35	29	6	1.207	0.271
200..700	4700	kAntA	kāntā	34	38	-4	0.895	-0.160
200..700	4700	kAmin	kāmin	35	44	-9	0.795	-0.330
200..700	4700	kArmuka	kārmuka	34	28	6	1.214	0.280
200..700	4700	padmarAga	padmarāga	36	22	14	1.636	0.710
200..700	4700	saBya	sabhya	36	50	-14	0.720	-0.474
200..700	4700	paricCada	paricchada	31	12	19	2.583	1.369
200..700	4700	parizad	pariṣad	37	11	26	3.364	1.750
200..700	4700	aparAhRa	aparāhṇa	32	21	11	1.524	0.608
200..700	4700	kukkuwa	kukkuṭa	37	29	8	1.276	0.351
200..700	4700	kuwumbin	kuṭumbin	34	18	16	1.889	0.918
200..700	4700	BUBft	bhūbhṛt	33	28	5	1.179	0.237
200..700	4700	BOma	bhauma	35	41	-6	0.854	-0.228
200..700	4700	nimeza	nimeṣa	36	28	8	1.286	0.363
200..700	4700	amarza	amarṣa	37	32	5	1.156	0.209
200..700	4700	nAmaDeya	nāmadheya	28	25	3	1.120	0.163
200..700	4700	niDAna	nidhāna	35	15	20	2.333	1.222
200..700	4700	nipAta	nipāta	35	30	5	1.167	0.222
200..700	4700	fju	ṛju	32	39	-7	0.821	-0.285
200..700	4700	etAvat	etāvat	29	35	-6	0.829	-0.271
200..700	4700	SreRi	śreṇi	33	28	5	1.179	0.237
200..700	4700	upaSama	upaśama	36	21	15	1.714	0.778
200..700	4700	upasTa	upastha	34	31	3	1.097	0.133
200..700	4700	vAsara	vāsara	35	35	0	1.000	0.000
200..700	4700	viklava	viklava	34	10	24	3.400	1.766
200..700	4700	jagatpati	jagatpati	31	25	6	1.240	0.310
200..700	4700	avaSa	avaśa	33	10	23	3.300	1.722
200..700	4700	utsaNga	utsaṅga	34	40	-6	0.850	-0.234
200..700	4700	uda	uda	34	20	14	1.700	0.766
200..700	4700	Atyantika	ātyantika	37	24	13	1.542	0.624
200..700	4700	asita	asita	38	87	-49	0.437	-1.195
200..700	4700	ASIviza	āśīviṣa	35	17	18	2.059	1.042
200..700	4700	ASramin	āśramin	35	13	22	2.692	1.429
200..700	4700	Asura	āsura	35	23	12	1.522	0.606
200..700	4700	vatsala	vatsala	30	24	6	1.250	0.322
200..700	4700	rAjanya	rājanya	36	25	11	1.440	0.526
200..700	4700	rukmiRI	rukmiṇī	33	19	14	1.737	0.796
200..700	4700	rucira	rucira	36	39	-3	0.923	-0.115
200..700	4700	yajana	yajana	32	16	16	2.000	1.000
200..700	4700	yaSodA	yaśodā	34	19	15	1.789	0.840
200..700	4700	yAjana	yājana	36	9	27	4.000	2.000
200..700	4700	vasanta	vasanta	34	51	-17	0.667	-0.585
200..700	4700	rOrava	raurava	36	15	21	2.400	1.263
200..700	4700	japya	japya	32	32	0	1.000	0.000
200..700	4700	tarza	tarṣa	37	3	34	12.333	3.624
200..700	4700	daRqanIti	daṇḍanīti	36	14	22	2.571	1.363
200..700	4700	dampati	dampati	37	24	13	1.542	0.624
200..700	4700	stotra	stotra	34	27	7	1.259	0.333
200..700	4700	snuzA	snuṣā	33	20	13	1.650	0.722
200..700	4700	sambADa	sambādha	38	15	23	2.533	1.341
200..700	4700	saha	saha	37	714	-677	0.052	-4.270
200..700	4700	hAsa	hāsa	36	39	-3	0.923	-0.115
200..700	4700	sADu	sādhu	33	218	-185	0.151	-2.724
200..700	4700	sADya	sādhya	29	32	-3	0.906	-0.142
200..700	4700	sAyujya	sāyujya	33	21	12	1.571	0.652
200..700	4700	sPawika	sphaṭika	32	27	5	1.185	0.245
200..700	4700	syamantaka	syamantaka	32	21	11	1.524	0.608
200..700	4700	Sakuni	śakuni	37	23	14	1.609	0.686
200..700	4700	vyakti	vyakti	31	23	8	1.348	0.431
200..700	4700	svABAvika	svābhāvika	35	18	17	1.944	0.959
200..700	4700	svAyamBuva	svāyambhuva	34	43	-9	0.791	-0.339
200..700	4700	vitAna	vitāna	38	27	11	1.407	0.493
200..700	4700	vinASana	vināśana	30	33	-3	0.909	-0.138
200..700	4700	gfDra	gṛdhra	38	40	-2	0.950	-0.074
200..700	4700	garva	garva	37	21	16	1.762	0.817
200..700	4700	Sava	śava	37	32	5	1.156	0.209
200..700	4700	SArNga	śārṅga	34	22	12	1.545	0.628
200..700	4700	SAlin	śālin	30	42	-12	0.714	-0.485
200..700	4700	Silpin	śilpin	35	23	12	1.522	0.606
200..700	4700	kOSala	kauśala	36	37	-1	0.973	-0.040
200..700	4700	mUka	mūka	37	17	20	2.176	1.122
200..700	4700	vivfdDi	vivṛddhi	35	26	9	1.346	0.429
200..700	4700	vizARa	viṣāṇa	36	35	1	1.029	0.041
200..700	4700	vfdDa	vṛddha	35	155	-120	0.226	-2.147
200..700	4700	darpaRa	darpaṇa	37	22	15	1.682	0.750
200..700	4700	dasyu	dasyu	36	17	19	2.118	1.082
200..700	4700	budDimat	buddhimat	30	17	13	1.765	0.819
200..700	4700	Pena	phena	38	50	-12	0.760	-0.396
200..700	4700	Sri	śri	31	21	10	1.476	0.562
200..700	4700	plu	plu	32	39	-7	0.821	-0.285
200..700	4700	lal	lal	36	26	10	1.385	0.469
200..700	4700	varay	varay	33	29	4	1.138	0.186
200..700	4700	avatAray	avatāray	32	27	5	1.185	0.245
200..700	4700	AjYApay	ājñāpay	30	25	5	1.200	0.263
200..700	4700	Adf	ādṛ	30	27	3	1.111	0.152
200..700	4700	ApyA	āpyā	33	22	11	1.500	0.585
200..700	4700	ucCiz	ucchiṣ	37	17	20	2.176	1.122
200..700	4700	upaniSri	upaniśri	38	0	38	inf	inf
200..700	4700	upekz	upekṣ	30	51	-21	0.588	-0.766
200..700	4700	GAtin	ghātin	33	30	3	1.100	0.138
200..700	4700	niyojay	niyojay	31	29	2	1.069	0.096
200..700	4700	pradakziRIkf	pradakṣiṇīkṛ	36	8	28	4.500	2.170
200..700	4700	prabrU	prabrū	34	18	16	1.889	0.918
200..700	4700	vikram	vikram	36	17	19	2.118	1.082
200..700	4700	viSf	viśṛ	34	29	5	1.172	0.229
200..700	4700	anyatva	anyatva	38	26	12	1.462	0.547
200..700	4700	vyatI	vyatī	35	25	10	1.400	0.485
200..700	4700	paYcadaSan	pañcadaśan	35	20	15	1.750	0.807
200..700	4700	hasita	hasita	33	28	5	1.179	0.237
200..700	4700	vAcay	vācay	37	28	9	1.321	0.402
200..700	4700	codana	codana	29	20	9	1.450	0.536
200..700	4700	piDA	pidhā	32	29	3	1.103	0.142
200..700	4700	aDivAsay	adhivāsay	35	8	27	4.375	2.129
200..700	4700	cezwita	ceṣṭita	27	14	13	1.929	0.948
200..700	4700	akAra	akāra	21	17	4	1.235	0.305
200..700	4700	karin	karin	34	37	-3	0.919	-0.122
200..700	4700	kuSIlava	kuśīlava	31	7	24	4.429	2.147
200..700	4700	kftakftya	kṛtakṛtya	32	17	15	1.882	0.913
200..700	4700	aNga	aṅga	32	613	-581	0.052	-4.260
200..700	4700	acetana	acetana	28	42	-14	0.667	-0.585
200..700	4700	aja	aja	32	89	-57	0.360	-1.476
200..700	4700	ajita	ajita	36	19	17	1.895	0.922
200..700	4700	anujYA	anujñā	33	60	-27	0.550	-0.862
200..700	4700	karRikA	karṇikā	32	29	3	1.103	0.142
200..700	4700	kAMsya	kāṁsya	36	34	2	1.059	0.082
200..700	4700	kAmya	kāmya	30	21	9	1.429	0.515
200..700	4700	nyagroDa	nyagrodha	29	35	-6	0.829	-0.271
200..700	4700	pawala	paṭala	35	32	3	1.094	0.129
200..700	4700	patAkA	patākā	36	21	15	1.714	0.778
200..700	4700	saMtoza	saṁtoṣa	30	20	10	1.500	0.585
200..700	4700	saMdarSana	saṁdarśana	34	18	16	1.889	0.918
200..700	4700	sapatna	sapatna	33	15	18	2.200	1.138
200..700	4700	saPala	saphala	33	21	12	1.571	0.652
200..700	4700	kAla	kāla	31	1169	-1138	0.027	-5.237
200..700	4700	kiMkara	kiṁkara	32	34	-2	0.941	-0.087
200..700	4700	kIdfSa	kīdṛśa	27	19	8	1.421	0.507
200..700	4700	nizaDa	niṣadha	31	19	12	1.632	0.706
200..700	4700	samApatti	samāpatti	34	16	18	2.125	1.087
200..700	4700	aBivyakti	abhivyakti	28	18	10	1.556	0.637
200..700	4700	nAhuza	nāhuṣa	33	17	16	1.941	0.957
200..700	4700	nirBaya	nirbhaya	29	26	3	1.115	0.158
200..700	4700	mandAra	mandāra	32	23	9	1.391	0.476
200..700	4700	malina	malina	35	41	-6	0.854	-0.228
200..700	4700	zoqaSa	ṣoḍaśa	28	21	7	1.333	0.415
200..700	4700	uparAga	uparāga	33	22	11	1.500	0.585
200..700	4700	vAsuki	vāsuki	35	22	13	1.591	0.670
200..700	4700	Bikzuka	bhikṣuka	33	17	16	1.941	0.957
200..700	4700	cetana	cetana	35	36	-1	0.972	-0.041
200..700	4700	Canda	chanda	35	17	18	2.059	1.042
200..700	4700	jagannATa	jagannātha	36	22	14	1.636	0.710
200..700	4700	arbuda	arbuda	35	54	-19	0.648	-0.626
200..700	4700	avaDAraRa	avadhāraṇa	31	18	13	1.722	0.784
200..700	4700	avaboDa	avabodha	36	23	13	1.565	0.646
200..700	4700	utsAha	utsāha	35	37	-2	0.946	-0.080
200..700	4700	udDAra	uddhāra	35	13	22	2.692	1.429
200..700	4700	unmuKa	unmukha	33	29	4	1.138	0.186
200..700	4700	Apti	āpti	33	16	17	2.062	1.044
200..700	4700	Ayasa	āyasa	34	32	2	1.062	0.087
200..700	4700	avyAhata	avyāhata	35	21	14	1.667	0.737
200..700	4700	azwamI	aṣṭamī	34	22	12	1.545	0.628
200..700	4700	ahita	ahita	32	35	-3	0.914	-0.129
200..700	4700	Agamana	āgamana	35	43	-8	0.814	-0.297
200..700	4700	Avarta	āvarta	34	30	4	1.133	0.181
200..700	4700	Asanna	āsanna	33	30	3	1.100	0.138
200..700	4700	Aspada	āspada	32	32	0	1.000	0.000
200..700	4700	yAjYavalkya	yājñavalkya	30	19	11	1.579	0.659
200..700	4700	yugma	yugma	34	46	-12	0.739	-0.436
200..700	4700	rakta	rakta	36	470	-434	0.077	-3.707
200..700	4700	raTyA	rathyā	31	28	3	1.107	0.147
200..700	4700	lozwa	loṣṭa	35	23	12	1.522	0.606
200..700	4700	vanya	vanya	32	23	9	1.391	0.476
200..700	4700	rUpavat	rūpavat	31	17	14	1.824	0.867
200..700	4700	meDA	medhā	34	53	-19	0.642	-0.640
200..700	4700	vartman	vartman	31	93	-62	0.333	-1.585
200..700	4700	varman	varman	33	16	17	2.062	1.044
200..700	4700	vaSin	vaśin	32	26	6	1.231	0.300
200..700	4700	vAgyata	vāgyata	33	16	17	2.062	1.044
200..700	4700	vAdya	vādya	36	38	-2	0.947	-0.078
200..700	4700	vAnara	vānara	31	28	3	1.107	0.147
200..700	4700	mahendra	mahendra	32	20	12	1.600	0.678
200..700	4700	mAnin	mānin	31	32	-1	0.969	-0.046
200..700	4700	rEvata	raivata	33	19	14	1.737	0.796
200..700	4700	lava	lava	35	33	2	1.061	0.085
200..700	4700	lubDaka	lubdhaka	24	18	6	1.333	0.415
200..700	4700	tiTi	tithi	34	22	12	1.545	0.628
200..700	4700	turvasu	turvasu	31	18	13	1.722	0.784
200..700	4700	jaGanya	jaghanya	33	15	18	2.200	1.138
200..700	4700	jAtIya	jātīya	35	19	16	1.842	0.881
200..700	4700	jAnapada	jānapada	35	10	25	3.500	1.807
200..700	4700	jIvin	jīvin	34	27	7	1.259	0.333
200..700	4700	pAMsu	pāṁsu	30	23	7	1.304	0.383
200..700	4700	pARqu	pāṇḍu	33	186	-153	0.177	-2.495
200..700	4700	pAdANguzWa	pādāṅguṣṭha	34	6	28	5.667	2.503
200..700	4700	pArTiva	pārthiva	32	134	-102	0.239	-2.066
200..700	4700	jyotsnA	jyotsnā	32	29	3	1.103	0.142
200..700	4700	sOra	saura	33	20	13	1.650	0.722
200..700	4700	sarzapa	sarṣapa	33	78	-45	0.423	-1.241
200..700	4700	sahadeva	sahadeva	29	21	8	1.381	0.466
200..700	4700	hAsya	hāsya	36	25	11	1.440	0.526
200..700	4700	hfdya	hṛdya	35	68	-33	0.515	-0.958
200..700	4700	hetuka	hetuka	34	34	0	1.000	0.000
200..700	4700	srazwf	sraṣṭṛ	34	35	-1	0.971	-0.042
200..700	4700	vrAtya	vrātya	33	16	17	2.062	1.044
200..700	4700	SanEScara	śanaiścara	27	20	7	1.350	0.433
200..700	4700	svAdu	svādu	32	102	-70	0.314	-1.672
200..700	4700	vyADa	vyādha	32	19	13	1.684	0.752
200..700	4700	svasti	svasti	33	23	10	1.435	0.521
200..700	4700	grAsa	grāsa	34	36	-2	0.944	-0.082
200..700	4700	SuSrUzu	śuśrūṣu	32	16	16	2.000	1.000
200..700	4700	SOrya	śaurya	34	24	10	1.417	0.503
200..700	4700	gaRikA	gaṇikā	35	38	-3	0.921	-0.119
200..700	4700	gardaBa	gardabha	32	17	15	1.882	0.913
200..700	4700	SAyin	śāyin	32	40	-8	0.800	-0.322
200..700	4700	kOtuka	kautuka	33	27	6	1.222	0.290
200..700	4700	kzetrika	kṣetrika	24	15	9	1.600	0.678
200..700	4700	mUrKa	mūrkha	34	24	10	1.417	0.503
200..700	4700	virahita	virahita	35	14	21	2.500	1.322
200..700	4700	viSvakarman	viśvakarman	33	21	12	1.571	0.652
200..700	4700	pratyAhAra	pratyāhāra	30	18	12	1.667	0.737
200..700	4700	vfnda	vṛnda	33	36	-3	0.917	-0.126
200..700	4700	pucCa	puccha	35	20	15	1.750	0.807
200..700	4700	pUrvaja	pūrvaja	30	16	14	1.875	0.907
200..700	4700	brahmahatyA	brahmahatyā	26	20	6	1.300	0.379
200..700	4700	brahmARqa	brahmāṇḍa	31	20	11	1.550	0.632
200..700	4700	praRAma	praṇāma	33	31	2	1.065	0.090
200..700	4700	prasena	prasena	33	19	14	1.737	0.796
200..700	4700	prahARa	prahāṇa	34	8	26	4.250	2.087
200..700	4700	praharaRa	praharaṇa	35	20	15	1.750	0.807
200..700	4700	kruS	kruś	31	11	20	2.818	1.495
200..700	4700	kzuB	kṣubh	33	24	9	1.375	0.459
200..700	4700	grIvA	grīvā	35	44	-9	0.795	-0.330
200..700	4700	GaRwA	ghaṇṭā	36	18	18	2.000	1.000
200..700	4700	vap	vap	34	11	23	3.091	1.628
200..700	4700	pac	pac	35	203	-168	0.172	-2.536
200..700	4700	praT	prath	31	23	8	1.348	0.431
200..700	4700	veday	veday	33	14	19	2.357	1.237
200..700	4700	avaBAsay	avabhāsay	36	4	32	9.000	3.170
200..700	4700	muz	muṣ	32	36	-4	0.889	-0.170
200..700	4700	Amantray	āmantray	30	20	10	1.500	0.585
200..700	4700	uttf	uttṛ	33	18	15	1.833	0.874
200..700	4700	upalakzay	upalakṣay	31	25	6	1.240	0.310
200..700	4700	Goza	ghoṣa	34	23	11	1.478	0.564
200..700	4700	nASay	nāśay	30	40	-10	0.750	-0.415
200..700	4700	cakravAka	cakravāka	33	28	5	1.179	0.237
200..700	4700	prakASay	prakāśay	34	35	-1	0.971	-0.042
200..700	4700	pradIp	pradīp	30	12	18	2.500	1.322
200..700	4700	prasf	prasṛ	34	29	5	1.172	0.229
200..700	4700	prApay	prāpay	30	23	7	1.304	0.383
200..700	4700	prezay	preṣay	30	25	5	1.200	0.263
200..700	4700	vicCid	vicchid	31	39	-8	0.795	-0.331
200..700	4700	vijYApay	vijñāpay	27	34	-7	0.794	-0.333
200..700	4700	viDU	vidhū	32	28	4	1.143	0.193
200..700	4700	caturguRa	caturguṇa	30	45	-15	0.667	-0.585
200..700	4700	caturmuKa	caturmukha	29	22	7	1.318	0.399
200..700	4700	vyatiric	vyatiric	32	22	10	1.455	0.541
200..700	4700	saMraYj	saṁrañj	34	16	18	2.125	1.087
200..700	4700	saMviS	saṁviś	32	19	13	1.684	0.752
200..700	4700	saMsmf	saṁsmṛ	30	20	10	1.500	0.585
200..700	4700	samAsAday	samāsāday	34	22	12	1.545	0.628
200..700	4700	samIkz	samīkṣ	30	21	9	1.429	0.515
200..700	4700	samudAhf	samudāhṛ	27	24	3	1.125	0.170
200..700	4700	vrIhi	vrīhi	32	35	-3	0.914	-0.129
200..700	4700	vaYcay	vañcay	28	19	9	1.474	0.559
200..700	4700	akanizWa	akaniṣṭha	34	3	31	11.333	3.503
200..700	4700	kfttikA	kṛttikā	28	21	7	1.333	0.415
200..700	4700	keSiDvaja	keśidhvaja	29	17	12	1.706	0.771
200..700	4700	agamya	agamya	30	24	6	1.250	0.322
200..700	4700	saMvid	saṁvid	31	27	4	1.148	0.199
200..700	4700	saMkula	saṁkula	31	27	4	1.148	0.199
200..700	4700	anfta	anṛta	32	90	-58	0.356	-1.492
200..700	4700	kalaSa	kalaśa	34	30	4	1.133	0.181
200..700	4700	kavaca	kavaca	33	21	12	1.571	0.652
200..700	4700	kARqa	kāṇḍa	33	27	6	1.222	0.290
200..700	4700	kAnta	kānta	33	89	-56	0.371	-1.431
200..700	4700	paYcagavya	pañcagavya	28	40	-12	0.700	-0.515
200..700	4700	paYcadaSI	pañcadaśī	31	23	8	1.348	0.431
200..700	4700	pataMga	pataṁga	33	24	9	1.375	0.459
200..700	4700	saMtApa	saṁtāpa	34	25	9	1.360	0.444
200..700	4700	saMniDAna	saṁnidhāna	22	20	2	1.100	0.138
200..700	4700	paricAraka	paricāraka	32	14	18	2.286	1.193
200..700	4700	paritoza	paritoṣa	34	15	19	2.267	1.181
200..700	4700	anDakAra	andhakāra	31	33	-2	0.939	-0.090
200..700	4700	anyAya	anyāya	29	19	10	1.526	0.610
200..700	4700	kAzAya	kāṣāya	33	11	22	3.000	1.585
200..700	4700	kulIna	kulīna	33	20	13	1.650	0.722
200..700	4700	nimnagA	nimnagā	27	18	9	1.500	0.585
200..700	4700	nirmARa	nirmāṇa	33	20	13	1.650	0.722
200..700	4700	nirvfti	nirvṛti	25	26	-1	0.962	-0.057
200..700	4700	nivAsa	nivāsa	31	23	8	1.348	0.431
200..700	4700	niveSana	niveśana	29	14	15	2.071	1.051
200..700	4700	nisarga	nisarga	31	26	5	1.192	0.254
200..700	4700	aBilAza	abhilāṣa	31	31	0	1.000	0.000
200..700	4700	aByudaya	abhyudaya	32	24	8	1.333	0.415
200..700	4700	araRi	araṇi	32	20	12	1.600	0.678
200..700	4700	niHSeza	niḥśeṣa	28	30	-2	0.933	-0.100
200..700	4700	matimat	matimat	33	23	10	1.435	0.521
200..700	4700	malla	malla	33	18	15	1.833	0.874
200..700	4700	SvaSura	śvaśura	33	30	3	1.100	0.138
200..700	4700	DAtrI	dhātrī	30	92	-62	0.326	-1.617
200..700	4700	uparama	uparama	34	18	16	1.889	0.918
200..700	4700	upAdAna	upādāna	32	21	11	1.524	0.608
200..700	4700	vAstu	vāstu	31	10	21	3.100	1.632
200..700	4700	BAgya	bhāgya	34	26	8	1.308	0.387
200..700	4700	Cala	chala	30	25	5	1.200	0.263
200..700	4700	alabDa	alabdha	29	15	14	1.933	0.951
200..700	4700	udagra	udagra	33	20	13	1.650	0.722
200..700	4700	ApyAyana	āpyāyana	29	15	14	1.933	0.951
200..700	4700	ABIra	ābhīra	33	19	14	1.737	0.796
200..700	4700	aSakya	aśakya	31	28	3	1.107	0.147
200..700	4700	AzAQa	āṣāḍha	29	19	10	1.526	0.610
200..700	4700	ucca	ucca	33	35	-2	0.943	-0.085
200..700	4700	ramBA	rambhā	30	19	11	1.579	0.659
200..700	4700	vaMSya	vaṁśya	31	18	13	1.722	0.784
200..700	4700	vakra	vakra	28	43	-15	0.651	-0.619
200..700	4700	varja	varja	31	22	9	1.409	0.495
200..700	4700	yavana	yavana	33	22	11	1.500	0.585
200..700	4700	yAga	yāga	32	26	6	1.231	0.300
200..700	4700	mahAmAtra	mahāmātra	34	12	22	2.833	1.503
200..700	4700	mArjAra	mārjāra	28	26	2	1.077	0.107
200..700	4700	durmati	durmati	27	24	3	1.125	0.170
200..700	4700	jAta	jāta	34	35	-1	0.971	-0.042
200..700	4700	jIrRa	jīrṇa	33	25	8	1.320	0.401
200..700	4700	pAzARa	pāṣāṇa	33	18	15	1.833	0.874
200..700	4700	tAmbUla	tāmbūla	33	32	1	1.031	0.044
200..700	4700	stuti	stuti	30	31	-1	0.968	-0.047
200..700	4700	sTAlI	sthālī	32	28	4	1.143	0.193
200..700	4700	sparSana	sparśana	33	35	-2	0.943	-0.085
200..700	4700	sidDAnta	siddhānta	25	11	14	2.273	1.184
200..700	4700	sIsa	sīsa	29	12	17	2.417	1.273
200..700	4700	suKin	sukhin	31	42	-11	0.738	-0.438
200..700	4700	suparRa	suparṇa	33	17	16	1.941	0.957
200..700	4700	sAMKya	sāṁkhya	28	24	4	1.167	0.222
200..700	4700	sAmba	sāmba	32	18	14	1.778	0.830
200..700	4700	smara	smara	32	46	-14	0.696	-0.524
200..700	4700	smArta	smārta	32	19	13	1.684	0.752
200..700	4700	vyADita	vyādhita	32	20	12	1.600	0.678
200..700	4700	svarUpin	svarūpin	32	19	13	1.684	0.752
200..700	4700	svalpa	svalpa	32	17	15	1.882	0.913
200..700	4700	vyApaka	vyāpaka	23	21	2	1.095	0.131
200..700	4700	svAhA	svāhā	31	110	-79	0.282	-1.827
200..700	4700	hantf	hantṛ	33	29	4	1.138	0.186
200..700	4700	vinivftti	vinivṛtti	26	20	6	1.300	0.379
200..700	4700	gopAla	gopāla	34	20	14	1.700	0.766
200..700	4700	SOri	śauri	31	17	14	1.824	0.867
200..700	4700	SmaSru	śmaśru	33	19	14	1.737	0.796
200..700	4700	garutmant	garutmant	27	21	6	1.286	0.363
200..700	4700	SiKin	śikhin	32	46	-14	0.696	-0.524
200..700	4700	SiTila	śithila	33	32	1	1.031	0.044
200..700	4700	krIqanaka	krīḍanaka	33	19	14	1.737	0.796
200..700	4700	kzatriyA	kṣatriyā	30	18	12	1.667	0.737
200..700	4700	mfRAla	mṛṇāla	34	24	10	1.417	0.503
200..700	4700	vilAsa	vilāsa	31	33	-2	0.939	-0.090
200..700	4700	prapitAmaha	prapitāmaha	28	25	3	1.120	0.163
200..700	4700	vftta	vṛtta	31	134	-103	0.231	-2.112
200..700	4700	puRyAha	puṇyāha	31	21	10	1.476	0.562
200..700	4700	bAlA	bālā	31	35	-4	0.886	-0.175
200..700	4700	pfTu	pṛthu	32	105	-73	0.305	-1.714
200..700	4700	prAsa	prāsa	31	17	14	1.824	0.867
200..700	4700	prAgBAra	prāgbhāra	33	6	27	5.500	2.459
200..700	4700	prAjApatya	prājāpatya	30	80	-50	0.375	-1.415
200..700	4700	Cad	chad	32	34	-2	0.941	-0.087
200..700	4700	grAmya	grāmya	29	29	0	1.000	0.000
200..700	4700	yam	yam	30	32	-2	0.938	-0.093
200..700	4700	SuB	śubh	31	20	11	1.550	0.632
200..700	4700	gamay	gamay	30	31	-1	0.968	-0.047
200..700	4700	Sikzay	śikṣay	26	21	5	1.238	0.308
200..700	4700	apakfz	apakṛṣ	31	20	11	1.550	0.632
200..700	4700	Sf	śṛ	31	32	-1	0.969	-0.046
200..700	4700	dih	dih	34	27	7	1.259	0.333
200..700	4700	vam	vam	32	61	-29	0.525	-0.931
200..700	4700	aBivyaYj	abhivyañj	26	18	8	1.444	0.531
200..700	4700	snApay	snāpay	32	22	10	1.455	0.541
200..700	4700	aByarTay	abhyarthay	30	18	12	1.667	0.737
200..700	4700	dam	dam	33	18	15	1.833	0.874
200..700	4700	racay	racay	33	42	-9	0.786	-0.348
200..700	4700	Akf	ākṛ	34	31	3	1.097	0.133
200..700	4700	Ayat	āyat	31	26	5	1.192	0.254
200..700	4700	AvAhay	āvāhay	31	22	9	1.409	0.495
200..700	4700	upapAday	upapāday	24	26	-2	0.923	-0.115
200..700	4700	upayA	upayā	26	25	1	1.040	0.057
200..700	4700	Garma	gharma	34	33	1	1.030	0.043
200..700	4700	niHsf	niḥsṛ	28	32	-4	0.875	-0.193
200..700	4700	niras	niras	30	42	-12	0.714	-0.485
200..700	4700	nirmuc	nirmuc	32	17	15	1.882	0.913
200..700	4700	parizvaj	pariṣvaj	32	23	9	1.391	0.476
200..700	4700	prasTA	prasthā	30	37	-7	0.811	-0.303
200..700	4700	prasvap	prasvap	30	21	9	1.429	0.515
200..700	4700	prahas	prahas	29	23	6	1.261	0.334
200..700	4700	preray	preray	29	29	0	1.000	0.000
200..700	4700	vAsay	vāsay	30	39	-9	0.769	-0.379
200..700	4700	vikfz	vikṛṣ	30	20	10	1.500	0.585
200..700	4700	vikzip	vikṣip	31	34	-3	0.912	-0.133
200..700	4700	vigarh	vigarh	25	6	19	4.167	2.059
200..700	4700	vinirmuc	vinirmuc	33	18	15	1.833	0.874
200..700	4700	vilap	vilap	29	16	13	1.812	0.858
200..700	4700	caraRa	caraṇa	34	146	-112	0.233	-2.102
200..700	4700	saMtap	saṁtap	32	24	8	1.333	0.415
200..700	4700	vyatikrama	vyatikrama	26	16	10	1.625	0.700
200..700	4700	BagaRa	bhagaṇa	34	19	15	1.789	0.840
200..700	4700	samanvAgam	samanvāgam	34	7	27	4.857	2.280
200..700	4700	apekza	apekṣa	33	15	18	2.200	1.138
200..700	4700	kuSala	kuśala	29	115	-86	0.252	-1.988
200..700	4700	kuhU	kuhū	26	19	7	1.368	0.453
200..700	4700	kftaka	kṛtaka	27	19	8	1.421	0.507
200..700	4700	kovida	kovida	22	16	6	1.375	0.459
200..700	4700	aklizwa	akliṣṭa	31	20	11	1.550	0.632
200..700	4700	akza	akṣa	29	215	-186	0.135	-2.890
200..700	4700	aNGri	aṅghri	30	29	1	1.034	0.049
200..700	4700	ajYa	ajña	26	19	7	1.368	0.453
200..700	4700	aduzwa	aduṣṭa	29	27	2	1.074	0.103
200..700	4700	aDomuKa	adhomukha	28	26	2	1.077	0.107
200..700	4700	saMjanana	saṁjanana	32	1	31	32.000	5.000
200..700	4700	ananya	ananya	29	35	-6	0.829	-0.271
200..700	4700	anATapiRqada	anāthapiṇḍada	29	0	29	inf	inf
200..700	4700	aniyama	aniyama	23	13	10	1.769	0.823
200..700	4700	anu	anu	28	140	-112	0.200	-2.322
200..700	4700	anuSAsana	anuśāsana	25	13	12	1.923	0.943
200..700	4700	kardama	kardama	30	32	-2	0.938	-0.093
200..700	4700	kAminI	kāminī	28	26	2	1.077	0.107
200..700	4700	kAruRika	kāruṇika	31	4	27	7.750	2.954
200..700	4700	paYcaviDa	pañcavidha	28	17	11	1.647	0.720
200..700	4700	paramARu	paramāṇu	27	51	-24	0.529	-0.918
200..700	4700	paramArTa	paramārtha	30	35	-5	0.857	-0.222
200..700	4700	saMdaMSa	saṁdaṁśa	31	18	13	1.722	0.784
200..700	4700	sapiRqa	sapiṇḍa	30	17	13	1.765	0.819
200..700	4700	paraSvaDa	paraśvadha	24	17	7	1.412	0.497
200..700	4700	paricArikA	paricārikā	31	18	13	1.722	0.784
200..700	4700	aBijYa	abhijña	31	20	11	1.550	0.632
200..700	4700	kAlasUtra	kālasūtra	32	4	28	8.000	3.000
200..700	4700	kubera	kubera	30	16	14	1.875	0.907
200..700	4700	BUyas	bhūyas	25	270	-245	0.093	-3.433
200..700	4700	nirveda	nirveda	31	17	14	1.824	0.867
200..700	4700	nizAda	niṣāda	30	11	19	2.727	1.447
200..700	4700	nUpura	nūpura	31	36	-5	0.861	-0.216
200..700	4700	aBUta	abhūta	31	18	13	1.722	0.784
200..700	4700	aByantara	abhyantara	29	47	-18	0.617	-0.697
200..700	4700	ameDya	amedhya	29	45	-16	0.644	-0.634
200..700	4700	ayukta	ayukta	22	30	-8	0.733	-0.447
200..700	4700	arizwa	ariṣṭa	28	60	-32	0.467	-1.100
200..700	4700	niKila	nikhila	31	19	12	1.632	0.706
200..700	4700	manojYa	manojña	31	32	-1	0.969	-0.046
200..700	4700	malaya	malaya	30	34	-4	0.882	-0.181
200..700	4700	mastaka	mastaka	27	29	-2	0.931	-0.103
200..700	4700	uzRa	uṣṇa	28	386	-358	0.073	-3.785
200..700	4700	fta	ṛta	28	15	13	1.867	0.900
200..700	4700	ekArRava	ekārṇava	27	18	9	1.500	0.585
200..700	4700	navama	navama	28	20	8	1.400	0.485
200..700	4700	upakrama	upakrama	28	31	-3	0.903	-0.147
200..700	4700	upala	upala	31	31	0	1.000	0.000
200..700	4700	vAra	vāra	31	22	9	1.409	0.495
200..700	4700	viSArada	viśārada	26	22	4	1.182	0.241
200..700	4700	BArata	bhārata	28	48	-20	0.583	-0.778
200..700	4700	BIma	bhīma	30	106	-76	0.283	-1.821
200..700	4700	BIzma	bhīṣma	28	17	11	1.647	0.720
200..700	4700	Bujaga	bhujaga	29	19	10	1.526	0.610
200..700	4700	cARUra	cāṇūra	26	16	10	1.625	0.700
200..700	4700	cIra	cīra	30	17	13	1.765	0.819
200..700	4700	aryaman	aryaman	31	16	15	1.938	0.954
200..700	4700	avIci	avīci	30	11	19	2.727	1.447
200..700	4700	utkawa	utkaṭa	29	34	-5	0.853	-0.229
200..700	4700	uttAnapAda	uttānapāda	26	17	9	1.529	0.613
200..700	4700	utTAna	utthāna	30	29	1	1.034	0.049
200..700	4700	utsuka	utsuka	28	28	0	1.000	0.000
200..700	4700	AcaraRa	ācaraṇa	30	24	6	1.250	0.322
200..700	4700	Anulomya	ānulomya	30	19	11	1.579	0.659
200..700	4700	Apta	āpta	28	43	-15	0.651	-0.619
200..700	4700	AyAsa	āyāsa	30	44	-14	0.682	-0.553
200..700	4700	Avali	āvali	28	42	-14	0.667	-0.585
200..700	4700	ASOca	āśauca	31	41	-10	0.756	-0.403
200..700	4700	itihAsa	itihāsa	29	23	6	1.261	0.334
200..700	4700	yAmya	yāmya	28	21	7	1.333	0.415
200..700	4700	vaktf	vaktṛ	28	27	1	1.037	0.052
200..700	4700	rUkza	rūkṣa	27	189	-162	0.143	-2.807
200..700	4700	yaTAkAma	yathākāma	30	25	5	1.200	0.263
200..700	4700	mahApAtaka	mahāpātaka	28	21	7	1.333	0.415
200..700	4700	mAtaMga	mātaṁga	32	35	-3	0.914	-0.129
200..700	4700	lAlasa	lālasa	25	15	10	1.667	0.737
200..700	4700	leKa	lekha	31	12	19	2.583	1.369
200..700	4700	toyada	toyada	28	24	4	1.167	0.222
200..700	4700	durjana	durjana	28	21	7	1.333	0.415
200..700	4700	jambuka	jambuka	28	20	8	1.400	0.485
200..700	4700	jAhnavI	jāhnavī	29	21	8	1.381	0.466
200..700	4700	jetavana	jetavana	32	0	32	inf	inf
200..700	4700	droRa	droṇa	31	62	-31	0.500	-1.000
200..700	4700	pArTa	pārtha	29	28	1	1.036	0.051
200..700	4700	tanmAtra	tanmātra	30	112	-82	0.268	-1.900
200..700	4700	sudarSana	sudarśana	31	10	21	3.100	1.632
200..700	4700	sundarI	sundarī	29	23	6	1.261	0.334
200..700	4700	sAttvika	sāttvika	29	32	-3	0.906	-0.142
200..700	4700	sAya	sāya	32	29	3	1.103	0.142
200..700	4700	sAhAyya	sāhāyya	31	25	6	1.240	0.310
200..700	4700	svatantra	svatantra	30	31	-1	0.968	-0.047
200..700	4700	vyUha	vyūha	31	13	18	2.385	1.254
200..700	4700	vEdehaka	vaidehaka	30	6	24	5.000	2.322
200..700	4700	vinAyaka	vināyaka	23	15	8	1.533	0.617
200..700	4700	vimuKa	vimukha	30	12	18	2.500	1.322
200..700	4700			0	0	0	inf	inf
200..700	4700	gfhapati	gṛhapati	32	6	26	5.333	2.415
200..700	4700	gomAyu	gomāyu	24	17	7	1.412	0.497
200..700	4700	SIGra	śīghra	32	90	-58	0.356	-1.492
200..700	4700	Syena	śyena	27	17	10	1.588	0.667
200..700	4700	gata	gata	28	9	19	3.111	1.637
200..700	4700	SArdUla	śārdūla	32	27	5	1.185	0.245
200..700	4700	SivA	śivā	27	22	5	1.227	0.295
200..700	4700	kzAnti	kṣānti	29	22	7	1.318	0.399
200..700	4700	vizAda	viṣāda	30	29	1	1.034	0.049
200..700	4700	praBUta	prabhūta	30	23	7	1.304	0.383
200..700	4700	vedapAraga	vedapāraga	24	15	9	1.600	0.678
200..700	4700	vena	vena	29	15	14	1.933	0.951
200..700	4700	pudgala	pudgala	30	17	13	1.765	0.819
200..700	4700	pUzan	pūṣan	29	22	7	1.318	0.399
200..700	4700	ditija	ditija	30	17	13	1.765	0.819
200..700	4700	bahuviDa	bahuvidha	31	18	13	1.722	0.784
200..700	4700	bimba	bimba	31	61	-30	0.508	-0.977
200..700	4700	pEtfka	paitṛka	29	25	4	1.160	0.214
200..700	4700	prAvfz	prāvṛṣ	28	24	4	1.167	0.222
200..700	4700	preman	preman	32	59	-27	0.542	-0.883
200..700	4700	balAhaka	balāhaka	26	24	2	1.083	0.115
200..700	4700	Palaka	phalaka	31	27	4	1.148	0.199
200..700	4700	pravAsa	pravāsa	30	20	10	1.500	0.585
200..700	4700	prasravaRa	prasravaṇa	28	18	10	1.556	0.637
200..700	4700	prADAnya	prādhānya	26	16	10	1.625	0.700
200..700	4700	Kan	khan	26	15	11	1.733	0.794
200..700	4700	garj	garj	26	17	9	1.529	0.613
200..700	4700	jfmB	jṛmbh	28	16	12	1.750	0.807
200..700	4700	aNkay	aṅkay	30	31	-1	0.968	-0.047
200..700	4700	DAv	dhāv	28	45	-17	0.622	-0.684
200..700	4700	ruh	ruh	30	55	-25	0.545	-0.874
200..700	4700	ativft	ativṛt	24	25	-1	0.960	-0.059
200..700	4700	piz	piṣ	29	140	-111	0.207	-2.271
200..700	4700	anupraviS	anupraviś	30	15	15	2.000	1.000
200..700	4700	mfj	mṛj	29	30	-1	0.967	-0.049
200..700	4700	aBijYA	abhijñā	24	28	-4	0.857	-0.222
200..700	4700	aBimantray	abhimantray	28	23	5	1.217	0.284
200..700	4700	avanam	avanam	30	20	10	1.500	0.585
200..700	4700	avaropay	avaropay	31	3	28	10.333	3.369
200..700	4700	uccAray	uccāray	23	23	0	1.000	0.000
200..700	4700	vAday	vāday	26	17	9	1.529	0.613
200..700	4700	niSci	niści	29	41	-12	0.707	-0.500
200..700	4700	prativac	prativac	30	18	12	1.667	0.737
200..700	4700	pratyupasTA	pratyupasthā	32	4	28	8.000	3.000
200..700	4700	prahfz	prahṛṣ	28	21	7	1.333	0.415
200..700	4700	prAS	prāś	30	25	5	1.200	0.263
200..700	4700	Sukra	śukra	31	230	-199	0.135	-2.891
200..700	4700	vidAray	vidāray	30	22	8	1.364	0.447
200..700	4700	vimfS	vimṛś	28	17	11	1.647	0.720
200..700	4700	caturTI	caturthī	21	18	3	1.167	0.222
200..700	4700	saMci	saṁci	30	22	8	1.364	0.447
200..700	4700	samAyuj	samāyuj	32	20	12	1.600	0.678
200..700	4700	anaNga	anaṅga	31	56	-25	0.554	-0.853
200..700	4700	aBigamana	abhigamana	30	30	0	1.000	0.000
200..700	4700	vinirmA	vinirmā	27	19	8	1.421	0.507
200..700	4700	mamatva	mamatva	32	17	15	1.882	0.913
200..700	4700	dvAr	dvār	32	23	9	1.391	0.476
200..700	4700	pAvay	pāvay	30	19	11	1.579	0.659
200..700	4700	vAyavya	vāyavya	29	22	7	1.318	0.399
200..700	4700	kASyapa	kāśyapa	28	20	8	1.400	0.485
200..700	4700	aByASa	abhyāśa	32	20	12	1.600	0.678
200..700	4700	pratima	pratima	32	10	22	3.200	1.678
200..700	4700	Orasa	aurasa	21	15	6	1.400	0.485
200..700	4700	kakza	kakṣa	28	41	-13	0.683	-0.550
200..700	4700	kakzyA	kakṣyā	28	9	19	3.111	1.637
200..700	4700	kadala	kadala	28	27	1	1.037	0.052
200..700	4700	akAraRa	akāraṇa	30	18	12	1.667	0.737
200..700	4700	akArya	akārya	29	17	12	1.706	0.771
200..700	4700	karAla	karāla	27	23	4	1.174	0.231
200..700	4700	karuRa	karuṇa	30	16	14	1.875	0.907
200..700	4700	kokila	kokila	28	25	3	1.120	0.163
200..700	4700	akzayya	akṣayya	29	26	3	1.115	0.158
200..700	4700	ajamIQa	ajamīḍha	22	15	7	1.467	0.553
200..700	4700	adfSya	adṛśya	25	25	0	1.000	0.000
200..700	4700	anAtman	anātman	27	11	16	2.455	1.295
200..700	4700	anirudDa	aniruddha	24	21	3	1.143	0.193
200..700	4700	anucara	anucara	28	29	-1	0.966	-0.051
200..700	4700	anupUrva	anupūrva	29	7	22	4.143	2.051
200..700	4700	anuSaya	anuśaya	29	15	14	1.933	0.951
200..700	4700	antarAtman	antarātman	25	17	8	1.471	0.556
200..700	4700	kAntAra	kāntāra	29	15	14	1.933	0.951
200..700	4700	nyAsa	nyāsa	30	25	5	1.200	0.263
200..700	4700	parimARa	parimāṇa	28	23	5	1.217	0.284
200..700	4700	parihAra	parihāra	29	14	15	2.071	1.051
200..700	4700	aprakASa	aprakāśa	28	15	13	1.867	0.900
200..700	4700	aprameya	aprameya	28	29	-1	0.966	-0.051
200..700	4700	kitava	kitava	27	21	6	1.286	0.363
200..700	4700	kIrtana	kīrtana	25	18	7	1.389	0.474
200..700	4700	kujamBa	kujambha	25	16	9	1.562	0.644
200..700	4700	Boga	bhoga	29	169	-140	0.172	-2.543
200..700	4700	nirRaya	nirṇaya	22	28	-6	0.786	-0.348
200..700	4700	nIvi	nīvi	26	14	12	1.857	0.893
200..700	4700	nErAtmya	nairātmya	29	43	-14	0.674	-0.568
200..700	4700	sampatti	sampatti	28	21	7	1.333	0.415
200..700	4700	aBeda	abheda	28	22	6	1.273	0.348
200..700	4700	amUrta	amūrta	25	20	5	1.250	0.322
200..700	4700	nAga	nāga	30	136	-106	0.221	-2.181
200..700	4700	nAyikA	nāyikā	25	16	9	1.562	0.644
200..700	4700	nirapekza	nirapekṣa	27	16	11	1.688	0.755
200..700	4700	nirguRa	nirguṇa	26	24	2	1.083	0.115
200..700	4700	nirmAlya	nirmālya	25	19	6	1.316	0.396
200..700	4700	manasvin	manasvin	27	19	8	1.421	0.507
200..700	4700	manda	manda	29	210	-181	0.138	-2.856
200..700	4700	Urmi	ūrmi	27	28	-1	0.964	-0.052
200..700	4700	ekAdaSa	ekādaśa	26	15	11	1.733	0.794
200..700	4700	SrOta	śrauta	27	19	8	1.421	0.507
200..700	4700	Slezman	śleṣman	27	225	-198	0.120	-3.059
200..700	4700	BavAnI	bhavānī	29	28	1	1.036	0.051
200..700	4700	BAvanA	bhāvanā	24	51	-27	0.471	-1.087
200..700	4700	arTavat	arthavat	23	17	6	1.353	0.436
200..700	4700	alaka	alaka	28	40	-12	0.700	-0.515
200..700	4700	avalepa	avalepa	27	22	5	1.227	0.295
200..700	4700	uttAna	uttāna	26	38	-12	0.684	-0.547
200..700	4700	unmAda	unmāda	29	64	-35	0.453	-1.142
200..700	4700	Acamana	ācamana	27	23	4	1.174	0.231
200..700	4700	hrAsa	hrāsa	26	12	14	2.167	1.115
200..700	4700	AtmajA	ātmajā	28	23	5	1.217	0.284
200..700	4700	Ayuzya	āyuṣya	28	33	-5	0.848	-0.237
200..700	4700	azwakA	aṣṭakā	29	15	14	1.933	0.951
200..700	4700	asaNga	asaṅga	28	18	10	1.556	0.637
200..700	4700	asteya	asteya	25	13	12	1.923	0.943
200..700	4700	asmitA	asmitā	28	18	10	1.556	0.637
200..700	4700	asvatantra	asvatantra	23	23	0	1.000	0.000
200..700	4700	AvasaTa	āvasatha	28	11	17	2.545	1.348
200..700	4700	AsTA	āsthā	26	114	-88	0.228	-2.132
200..700	4700	ilAvfta	ilāvṛta	26	18	8	1.444	0.531
200..700	4700	ucca	ucca	29	35	-6	0.829	-0.271
200..700	4700	yUTa	yūtha	26	20	6	1.300	0.379
200..700	4700	raji	raji	24	17	7	1.412	0.497
200..700	4700	ramaRa	ramaṇa	28	23	5	1.217	0.284
200..700	4700	vapra	vapra	28	28	0	1.000	0.000
200..700	4700	varavarRinI	varavarṇinī	24	22	2	1.091	0.126
200..700	4700	rAjagfha	rājagṛha	30	0	30	inf	inf
200..700	4700	rAjamArga	rājamārga	28	9	19	3.111	1.637
200..700	4700	rukma	rukma	29	9	20	3.222	1.688
200..700	4700	yaTArha	yathārha	24	22	2	1.091	0.126
200..700	4700	mahABUta	mahābhūta	25	43	-18	0.581	-0.782
200..700	4700	mahArOrava	mahāraurava	30	4	26	7.500	2.907
200..700	4700	rOpya	raupya	28	23	5	1.217	0.284
200..700	4700	laNkA	laṅkā	29	46	-17	0.630	-0.666
200..700	4700	tiryagyoni	tiryagyoni	28	23	5	1.217	0.284
200..700	4700	trika	trika	27	31	-4	0.871	-0.199
200..700	4700	dIpti	dīpti	27	25	2	1.080	0.111
200..700	4700	duHKAnta	duḥkhānta	27	19	8	1.421	0.507
200..700	4700	duzwa	duṣṭa	24	54	-30	0.444	-1.170
200..700	4700	jarAsaMDa	jarāsaṁdha	27	16	11	1.688	0.755
200..700	4700	java	java	25	35	-10	0.714	-0.485
700..1200	5 1200	vac	vac	7042	8713	-1671	0.808	-0.307
700..1200	5 1200	kf	kṛ	6508	8194	-1686	0.794	-0.332
700..1200	5 1200	deva	deva	5434	4006	1428	1.356	0.440
700..1200	5 1200	BU	bhū	5054	8538	-3484	0.592	-0.756
700..1200	5 1200	as	as	4555	5839	-1284	0.780	-0.358
700..1200	5 1200	mahat	mahat	4370	3629	741	1.204	0.268
700..1200	5 1200	gam	gam	3725	4175	-450	0.892	-0.165
700..1200	5 1200	Atman	ātman	3829	3620	209	1.058	0.081
700..1200	5 1200	dfS	dṛś	3059	3939	-880	0.777	-0.365
700..1200	5 1200	loka	loka	3349	2259	1090	1.483	0.568
700..1200	5 1200	Adi	ādi	3206	6413	-3207	0.500	-1.000
700..1200	5 1200	arTa	artha	2779	3181	-402	0.874	-0.195
700..1200	5 1200	brahman	brahman	2583	2704	-121	0.955	-0.066
700..1200	5 1200	dA	dā	2555	2800	-245	0.912	-0.132
700..1200	5 1200	sva	sva	2536	2965	-429	0.855	-0.225
700..1200	5 1200	muni	muni	2304	1837	467	1.254	0.327
700..1200	5 1200	SrI	śrī	1463	2067	-604	0.708	-0.499
700..1200	5 1200	rAjan	rājan	2302	2850	-548	0.808	-0.308
700..1200	5 1200	Sru	śru	2118	2641	-523	0.802	-0.318
700..1200	5 1200	tIrTa	tīrtha	2052	1441	611	1.424	0.510
700..1200	5 1200	Bagavant	bhagavant	2169	1289	880	1.683	0.751
700..1200	5 1200	Darma	dharma	2054	1759	295	1.168	0.224
700..1200	5 1200	putra	putra	1961	2039	-78	0.962	-0.056
700..1200	5 1200	karman	karman	1885	1941	-56	0.971	-0.042
700..1200	5 1200	sTA	sthā	1750	2171	-421	0.806	-0.311
700..1200	5 1200	rudra	rudra	1850	1388	462	1.333	0.415
700..1200	5 1200	kAla	kāla	1807	2171	-364	0.832	-0.265
700..1200	5 1200	rUpa	rūpa	1840	2329	-489	0.790	-0.340
700..1200	5 1200	tva	tva	1852	3894	-2042	0.476	-1.072
700..1200	5 1200	pitf	pitṛ	1675	1361	314	1.231	0.299
700..1200	5 1200	pApa	pāpa	1760	1323	437	1.330	0.412
700..1200	5 1200	Siva	śiva	1662	1891	-229	0.879	-0.186
700..1200	5 1200	guRa	guṇa	1586	1888	-302	0.840	-0.251
700..1200	5 1200	yoga	yoga	1644	1930	-286	0.852	-0.231
700..1200	5 1200	ISvara	īśvara	1451	1244	207	1.166	0.222
700..1200	5 1200	jan	jan	1564	2306	-742	0.678	-0.560
700..1200	5 1200	Pala	phala	1590	1831	-241	0.868	-0.204
700..1200	5 1200	namas	namas	1216	2028	-812	0.600	-0.738
700..1200	5 1200	tapas	tapas	1557	1033	524	1.507	0.592
700..1200	5 1200	vizRu	viṣṇu	1551	1193	358	1.300	0.379
700..1200	5 1200	indra	indra	1571	1161	410	1.353	0.436
700..1200	5 1200	parama	parama	1541	1123	418	1.372	0.457
700..1200	5 1200	vipra	vipra	1552	1068	484	1.453	0.539
700..1200	5 1200	uttama	uttama	1260	1161	99	1.085	0.118
700..1200	5 1200	smf	smṛ	1251	1392	-141	0.899	-0.154
700..1200	5 1200	manas	manas	1413	1203	210	1.175	0.232
700..1200	5 1200	BUta	bhūta	1408	1117	291	1.261	0.334
700..1200	5 1200	fzi	ṛṣi	1259	851	408	1.479	0.565
700..1200	5 1200	brAhmaRa	brāhmaṇa	1330	873	457	1.523	0.607
700..1200	5 1200	dvija	dvija	1270	1006	264	1.262	0.336
700..1200	5 1200	tri	tri	1321	1670	-349	0.791	-0.338
700..1200	5 1200	devI	devī	1388	1711	-323	0.811	-0.302
700..1200	5 1200	yA	yā	1318	1743	-425	0.756	-0.403
700..1200	5 1200	Bakti	bhakti	1354	832	522	1.627	0.703
700..1200	5 1200	puruza	puruṣa	1269	1048	221	1.211	0.276
700..1200	5 1200	agni	agni	1199	1533	-334	0.782	-0.355
700..1200	5 1200	jYAna	jñāna	1229	1340	-111	0.917	-0.125
700..1200	5 1200	laB	labh	1156	1033	123	1.119	0.162
700..1200	5 1200	jagant	jagant	1195	950	245	1.258	0.331
700..1200	5 1200	pUjay	pūjay	1148	1225	-77	0.937	-0.094
700..1200	5 1200	liNga	liṅga	1222	965	257	1.266	0.341
700..1200	5 1200	nfpa	nṛpa	1120	1054	66	1.063	0.088
700..1200	5 1200	kAma	kāma	1176	915	261	1.285	0.362
700..1200	5 1200	SuBa	śubha	1024	957	67	1.070	0.098
700..1200	5 1200	prAp	prāp	1125	1418	-293	0.793	-0.334
700..1200	5 1200	sahasra	sahasra	1130	1046	84	1.080	0.111
700..1200	5 1200	nara	nara	1050	1083	-33	0.970	-0.045
700..1200	5 1200	snA	snā	1063	693	370	1.534	0.617
700..1200	5 1200	veda	veda	1050	761	289	1.380	0.464
700..1200	5 1200	kaTay	kathay	991	1181	-190	0.839	-0.253
700..1200	5 1200	vid	vid	990	1590	-600	0.623	-0.684
700..1200	5 1200	hari	hari	1006	1021	-15	0.985	-0.021
700..1200	5 1200	mahAdeva	mahādeva	1105	618	487	1.788	0.838
700..1200	5 1200	muc	muc	1047	981	66	1.067	0.094
700..1200	5 1200	puRya	puṇya	1090	917	173	1.189	0.249
700..1200	5 1200	pravac	pravac	1062	1156	-94	0.919	-0.122
700..1200	5 1200	jYA	jñā	985	1358	-373	0.725	-0.463
700..1200	5 1200	gaRa	gaṇa	1003	785	218	1.278	0.354
700..1200	5 1200	anta	anta	1059	1426	-367	0.743	-0.429
700..1200	5 1200	brahman	brahman	1038	2704	-1666	0.384	-1.381
700..1200	5 1200	brU	brū	855	1552	-697	0.551	-0.860
700..1200	5 1200	Bavat	bhavat	961	890	71	1.080	0.111
700..1200	5 1200	strI	strī	938	933	5	1.005	0.008
700..1200	5 1200	Sata	śata	975	1274	-299	0.765	-0.386
700..1200	5 1200	dAna	dāna	1008	763	245	1.321	0.402
700..1200	5 1200	divya	divya	991	1188	-197	0.834	-0.262
700..1200	5 1200	suta	suta	943	1039	-96	0.908	-0.140
700..1200	5 1200	maheSvara	maheśvara	835	600	235	1.392	0.477
700..1200	5 1200	sura	sura	994	764	230	1.301	0.380
700..1200	5 1200	Adya	ādya	968	1023	-55	0.946	-0.080
700..1200	5 1200	tA	tā	906	1925	-1019	0.471	-1.087
700..1200	5 1200	maya	maya	923	966	-43	0.955	-0.066
700..1200	5 1200	iz	iṣ	862	789	73	1.093	0.128
700..1200	5 1200	pAda	pāda	900	916	-16	0.983	-0.025
700..1200	5 1200	gati	gati	810	671	139	1.207	0.272
700..1200	5 1200	aDyAya	adhyāya	499	723	-224	0.690	-0.535
700..1200	5 1200	tejas	tejas	866	694	172	1.248	0.319
700..1200	5 1200	SaMkara	śaṁkara	831	631	200	1.317	0.397
700..1200	5 1200	BAva	bhāva	878	957	-79	0.917	-0.124
700..1200	5 1200	pada	pada	799	1016	-217	0.786	-0.347
700..1200	5 1200	Agam	āgam	777	967	-190	0.804	-0.316
700..1200	5 1200	bala	bala	831	1133	-302	0.733	-0.447
700..1200	5 1200	jana	jana	816	780	36	1.046	0.065
700..1200	5 1200	varza	varṣa	859	814	45	1.055	0.078
700..1200	5 1200	praBu	prabhu	699	791	-92	0.884	-0.178
700..1200	5 1200	guru	guru	782	1559	-777	0.502	-0.995
700..1200	5 1200	gfha	gṛha	801	1051	-250	0.762	-0.392
700..1200	5 1200	mAyA	māyā	819	751	68	1.091	0.125
700..1200	5 1200	muKa	mukha	813	1078	-265	0.754	-0.407
700..1200	5 1200	ISa	īśa	859	657	202	1.307	0.387
700..1200	5 1200	yajYa	yajña	815	579	236	1.408	0.493
700..1200	5 1200	han	han	799	1359	-560	0.588	-0.766
700..1200	5 1200	yuj	yuj	838	1141	-303	0.734	-0.445
700..1200	5 1200	pati	pati	809	839	-30	0.964	-0.053
700..1200	5 1200	narmadA	narmadā	810	458	352	1.769	0.823
700..1200	5 1200	bahu	bahu	786	823	-37	0.955	-0.066
700..1200	5 1200	grah	grah	779	1152	-373	0.676	-0.564
700..1200	5 1200	go	go	769	907	-138	0.848	-0.238
700..1200	5 1200	jala	jala	778	967	-189	0.805	-0.314
700..1200	5 1200	vara	vara	790	1254	-464	0.630	-0.667
700..1200	5 1200	sTAna	sthāna	799	724	75	1.104	0.142
700..1200	5 1200	kArya	kārya	759	913	-154	0.831	-0.267
700..1200	5 1200	duHKa	duḥkha	791	735	56	1.076	0.106
700..1200	5 1200	sTa	stha	826	1052	-226	0.785	-0.349
700..1200	5 1200	ah	ah	750	1495	-745	0.502	-0.995
700..1200	5 1200	aNga	aṅga	791	999	-208	0.792	-0.337
700..1200	5 1200	nAman	nāman	767	811	-44	0.946	-0.080
700..1200	5 1200	mantra	mantra	737	1322	-585	0.557	-0.843
700..1200	5 1200	kAraRa	kāraṇa	694	994	-300	0.698	-0.518
700..1200	5 1200	Bava	bhava	727	583	144	1.247	0.318
700..1200	5 1200	tattva	tattva	754	1154	-400	0.653	-0.614
700..1200	5 1200	uttara	uttara	741	789	-48	0.939	-0.091
700..1200	5 1200	mArkaRqeya	mārkaṇḍeya	687	409	278	1.680	0.748
700..1200	5 1200	sfj	sṛj	700	533	167	1.313	0.393
700..1200	5 1200	indriya	indriya	708	720	-12	0.983	-0.024
700..1200	5 1200	saMSaya	saṁśaya	561	661	-100	0.849	-0.237
700..1200	5 1200	Sakti	śakti	714	1279	-565	0.558	-0.841
700..1200	5 1200	devadeva	devadeva	739	410	329	1.802	0.850
700..1200	5 1200	deha	deha	725	1091	-366	0.665	-0.590
700..1200	5 1200	mAtra	mātra	754	1155	-401	0.653	-0.615
700..1200	5 1200	yogin	yogin	686	660	26	1.039	0.056
700..1200	5 1200	vara	vara	663	1254	-591	0.529	-0.919
700..1200	5 1200	varRa	varṇa	686	899	-213	0.763	-0.390
700..1200	5 1200	viDi	vidhi	689	914	-225	0.754	-0.408
700..1200	5 1200	priya	priya	661	1093	-432	0.605	-0.726
700..1200	5 1200	mahApurARa	mahāpurāṇa	734	554	180	1.325	0.406
700..1200	5 1200	dvi	dvi	640	853	-213	0.750	-0.414
700..1200	5 1200	Baya	bhaya	678	645	33	1.051	0.072
700..1200	5 1200	vana	vana	686	606	80	1.132	0.179
700..1200	5 1200	saMhitA	saṁhitā	716	379	337	1.889	0.918
700..1200	5 1200	vrata	vrata	631	576	55	1.095	0.132
700..1200	5 1200	catur	catur	636	788	-152	0.807	-0.309
700..1200	5 1200	vad	vad	606	1078	-472	0.562	-0.831
700..1200	5 1200	ja	ja	664	965	-301	0.688	-0.539
700..1200	5 1200	da	da	663	729	-66	0.909	-0.137
700..1200	5 1200	nArAyaRa	nārāyaṇa	618	480	138	1.288	0.365
700..1200	5 1200	car	car	639	591	48	1.081	0.113
700..1200	5 1200	janman	janman	641	598	43	1.072	0.100
700..1200	5 1200	maDya	madhya	679	1081	-402	0.628	-0.671
700..1200	5 1200	Bagavat	bhagavat	668	500	168	1.336	0.418
700..1200	5 1200	sUta	sūta	465	1354	-889	0.343	-1.542
700..1200	5 1200	sidDi	siddhi	650	990	-340	0.657	-0.607
700..1200	5 1200	snAna	snāna	641	496	145	1.292	0.370
700..1200	5 1200	paYcan	pañcan	628	951	-323	0.660	-0.599
700..1200	5 1200	pat	pat	607	671	-64	0.905	-0.145
700..1200	5 1200	praRam	praṇam	626	444	182	1.410	0.496
700..1200	5 1200	saptan	saptan	613	992	-379	0.618	-0.694
700..1200	5 1200	ji	ji	611	758	-147	0.806	-0.311
700..1200	5 1200	man	man	567	781	-214	0.726	-0.462
700..1200	5 1200	mAtf	mātṛ	592	609	-17	0.972	-0.041
700..1200	5 1200	BU	bhū	578	8538	-7960	0.068	-3.885
700..1200	5 1200	yuga	yuga	608	449	159	1.354	0.437
700..1200	5 1200	hasta	hasta	627	643	-16	0.975	-0.036
700..1200	5 1200	hA	hā	601	679	-78	0.885	-0.176
700..1200	5 1200	sUrya	sūrya	612	559	53	1.095	0.131
700..1200	5 1200	tyaj	tyaj	593	778	-185	0.762	-0.392
700..1200	5 1200	suKa	sukha	600	733	-133	0.819	-0.289
700..1200	5 1200	vacana	vacana	594	528	66	1.125	0.170
700..1200	5 1200	daSan	daśan	587	722	-135	0.813	-0.299
700..1200	5 1200	paYcama	pañcama	626	426	200	1.469	0.555
700..1200	5 1200	prajA	prajā	579	432	147	1.340	0.423
700..1200	5 1200	prARa	prāṇa	595	841	-246	0.707	-0.499
700..1200	5 1200	deSa	deśa	594	672	-78	0.884	-0.178
700..1200	5 1200	puzpa	puṣpa	600	725	-125	0.828	-0.273
700..1200	5 1200	vAc	vāc	606	493	113	1.229	0.298
700..1200	5 1200	puMs	puṁs	570	424	146	1.344	0.427
700..1200	5 1200	kula	kula	588	608	-20	0.967	-0.048
700..1200	5 1200	prasAda	prasāda	561	453	108	1.238	0.308
700..1200	5 1200	diS	diś	583	547	36	1.066	0.092
700..1200	5 1200	stu	stu	553	377	176	1.467	0.553
700..1200	5 1200	viDA	vidhā	549	719	-170	0.764	-0.389
700..1200	5 1200	dravya	dravya	545	777	-232	0.701	-0.512
700..1200	5 1200	Buj	bhuj	567	702	-135	0.808	-0.308
700..1200	5 1200	arh	arh	482	404	78	1.193	0.255
700..1200	5 1200	mahAtman	mahātman	538	367	171	1.466	0.552
700..1200	5 1200	BAga	bhāga	609	1036	-427	0.588	-0.767
700..1200	5 1200	vAyu	vāyu	549	557	-8	0.986	-0.021
700..1200	5 1200	kfzRa	kṛṣṇa	562	991	-429	0.567	-0.818
700..1200	5 1200	Sabda	śabda	537	934	-397	0.575	-0.799
700..1200	5 1200	mf	mṛ	528	890	-362	0.593	-0.753
700..1200	5 1200	paS	paś	531	649	-118	0.818	-0.290
700..1200	5 1200	viBu	vibhu	491	384	107	1.279	0.355
700..1200	5 1200	Siras	śiras	550	532	18	1.034	0.048
700..1200	5 1200	parameSvara	parameśvara	461	477	-16	0.966	-0.049
700..1200	5 1200	Dana	dhana	547	560	-13	0.977	-0.034
700..1200	5 1200	vidyA	vidyā	537	728	-191	0.738	-0.439
700..1200	5 1200	jap	jap	530	460	70	1.152	0.204
700..1200	5 1200	dakziRa	dakṣiṇa	534	539	-5	0.991	-0.013
700..1200	5 1200	tamas	tamas	519	440	79	1.180	0.238
700..1200	5 1200	SrezWa	śreṣṭha	573	440	133	1.302	0.381
700..1200	5 1200	DyA	dhyā	519	558	-39	0.930	-0.105
700..1200	5 1200	mUla	mūla	535	791	-256	0.676	-0.564
700..1200	5 1200	vas	vas	487	436	51	1.117	0.160
700..1200	5 1200	anna	anna	531	580	-49	0.916	-0.127
700..1200	5 1200	Ap	āp	460	429	31	1.072	0.101
700..1200	5 1200	darSana	darśana	494	525	-31	0.941	-0.088
700..1200	5 1200	pracC	pracch	497	953	-456	0.522	-0.939
700..1200	5 1200	citta	citta	534	346	188	1.543	0.626
700..1200	5 1200	asura	asura	524	386	138	1.358	0.441
700..1200	5 1200	BUmi	bhūmi	531	538	-7	0.987	-0.019
700..1200	5 1200	ganDa	gandha	527	824	-297	0.640	-0.645
700..1200	5 1200	kanyA	kanyā	502	500	2	1.004	0.006
700..1200	5 1200	ram	ram	506	396	110	1.278	0.354
700..1200	5 1200	sattama	sattama	425	292	133	1.455	0.541
700..1200	5 1200	budDi	buddhi	497	678	-181	0.733	-0.448
700..1200	5 1200	kriyA	kriyā	496	521	-25	0.952	-0.071
700..1200	5 1200	pitAmaha	pitāmaha	438	323	115	1.356	0.439
700..1200	5 1200	prAh	prāh	531	465	66	1.142	0.191
700..1200	5 1200	ASrama	āśrama	499	352	147	1.418	0.503
700..1200	5 1200	mUrti	mūrti	499	403	96	1.238	0.308
700..1200	5 1200	kowi	koṭi	501	569	-68	0.880	-0.184
700..1200	5 1200	kalpa	kalpa	493	451	42	1.093	0.128
700..1200	5 1200	sidDa	siddha	511	532	-21	0.961	-0.058
700..1200	5 1200	KaRqa	khaṇḍa	535	490	45	1.092	0.127
700..1200	5 1200	kzaRa	kṣaṇa	465	909	-444	0.512	-0.967
700..1200	5 1200	devatA	devatā	468	482	-14	0.971	-0.043
700..1200	5 1200	sAhasra	sāhasra	534	333	201	1.604	0.681
700..1200	5 1200	vft	vṛt	459	421	38	1.090	0.125
700..1200	5 1200	daRqa	daṇḍa	510	303	207	1.683	0.751
700..1200	5 1200	svarga	svarga	500	392	108	1.276	0.351
700..1200	5 1200	dvijottama	dvijottama	405	275	130	1.473	0.558
700..1200	5 1200	ap	ap	450	295	155	1.525	0.609
700..1200	5 1200	vid	vid	459	1590	-1131	0.289	-1.792
700..1200	5 1200	soma	soma	473	410	63	1.154	0.206
700..1200	5 1200	maRqala	maṇḍala	460	589	-129	0.781	-0.357
700..1200	5 1200	doza	doṣa	469	895	-426	0.524	-0.932
700..1200	5 1200	Gora	ghora	503	467	36	1.077	0.107
700..1200	5 1200	hetu	hetu	453	681	-228	0.665	-0.588
700..1200	5 1200	mahABAga	mahābhāga	493	263	230	1.875	0.907
700..1200	5 1200	As	ās	444	450	-6	0.987	-0.019
700..1200	5 1200	sTApay	sthāpay	452	408	44	1.108	0.148
700..1200	5 1200	prakfti	prakṛti	460	451	9	1.020	0.029
700..1200	5 1200	pura	pura	455	506	-51	0.899	-0.153
700..1200	5 1200	sattva	sattva	459	1121	-662	0.409	-1.288
700..1200	5 1200	agra	agra	472	576	-104	0.819	-0.287
700..1200	5 1200	vAkya	vākya	477	412	65	1.158	0.211
700..1200	5 1200	praviS	praviś	424	587	-163	0.722	-0.469
700..1200	5 1200	ISAna	īśāna	456	303	153	1.505	0.590
700..1200	5 1200	mAsa	māsa	454	672	-218	0.676	-0.566
700..1200	5 1200	dah	dah	431	552	-121	0.781	-0.357
700..1200	5 1200	padma	padma	450	418	32	1.077	0.106
700..1200	5 1200	sat	sat	447	508	-61	0.880	-0.185
700..1200	5 1200	parvata	parvata	412	308	104	1.338	0.420
700..1200	5 1200	tap	tap	441	401	40	1.100	0.137
700..1200	5 1200	anuttama	anuttama	395	252	143	1.567	0.648
700..1200	5 1200	BAryA	bhāryā	435	547	-112	0.795	-0.331
700..1200	5 1200	Sam	śam	443	397	46	1.116	0.158
700..1200	5 1200	SAstra	śāstra	433	585	-152	0.740	-0.434
700..1200	5 1200	yama	yama	404	335	69	1.206	0.270
700..1200	5 1200	skAnda	skānda	468	235	233	1.991	0.994
700..1200	5 1200	Suci	śuci	419	325	94	1.289	0.367
700..1200	5 1200	aDika	adhika	432	468	-36	0.923	-0.115
700..1200	5 1200	ekASIti	ekāśīti	466	246	220	1.894	0.922
700..1200	5 1200	hfdaya	hṛdaya	446	558	-112	0.799	-0.323
700..1200	5 1200	satya	satya	411	720	-309	0.571	-0.809
700..1200	5 1200	Bartf	bhartṛ	420	419	1	1.002	0.003
700..1200	5 1200	SrAdDa	śrāddha	418	306	112	1.366	0.450
700..1200	5 1200	Bakta	bhakta	438	353	85	1.241	0.311
700..1200	5 1200	Avantya	āvantya	462	235	227	1.966	0.975
700..1200	5 1200	SamBu	śambhu	432	317	115	1.363	0.447
700..1200	5 1200	avAp	avāp	378	383	-5	0.987	-0.019
700..1200	5 1200	revAKaRqa	revākhaṇḍa	458	231	227	1.983	0.987
700..1200	5 1200	tuz	tuṣ	416	330	86	1.261	0.334
700..1200	5 1200	prasad	prasad	382	315	67	1.213	0.278
700..1200	5 1200	candra	candra	412	460	-48	0.896	-0.159
700..1200	5 1200	mftyu	mṛtyu	426	489	-63	0.871	-0.199
700..1200	5 1200	azwan	aṣṭan	411	639	-228	0.643	-0.637
700..1200	5 1200	deveSa	deveśa	440	230	210	1.913	0.936
700..1200	5 1200	Asana	āsana	400	359	41	1.114	0.156
700..1200	5 1200	nadI	nadī	407	317	90	1.284	0.361
700..1200	5 1200	lakzaRa	lakṣaṇa	393	711	-318	0.553	-0.855
700..1200	5 1200	AdA	ādā	394	461	-67	0.855	-0.227
700..1200	5 1200	aBAva	abhāva	389	457	-68	0.851	-0.232
700..1200	5 1200	yaj	yaj	380	345	35	1.101	0.139
700..1200	5 1200	dAnava	dānava	393	288	105	1.365	0.448
700..1200	5 1200	SarIra	śarīra	390	696	-306	0.560	-0.836
700..1200	5 1200	pA	pā	397	849	-452	0.468	-1.097
700..1200	5 1200	anvita	anvita	355	418	-63	0.849	-0.236
700..1200	5 1200	AKyA	ākhyā	427	1061	-634	0.402	-1.313
700..1200	5 1200	ratna	ratna	416	527	-111	0.789	-0.341
700..1200	5 1200	SUdra	śūdra	369	216	153	1.708	0.773
700..1200	5 1200	paSu	paśu	386	382	4	1.010	0.015
700..1200	5 1200	antara	antara	379	1134	-755	0.334	-1.581
700..1200	5 1200	yuDizWira	yudhiṣṭhira	287	353	-66	0.813	-0.299
700..1200	5 1200	samBava	sambhava	354	362	-8	0.978	-0.032
700..1200	5 1200	rasa	rasa	412	3212	-2800	0.128	-2.963
700..1200	5 1200	kzetra	kṣetra	400	317	83	1.262	0.336
700..1200	5 1200	vftti	vṛtti	388	396	-8	0.980	-0.029
700..1200	5 1200	vyAsa	vyāsa	358	301	57	1.189	0.250
700..1200	5 1200	viviDa	vividha	401	313	88	1.281	0.357
700..1200	5 1200	naS	naś	396	355	41	1.115	0.158
700..1200	5 1200	ganDarva	gandharva	397	276	121	1.438	0.524
700..1200	5 1200	upe	upe	394	305	89	1.292	0.369
700..1200	5 1200	Atmaka	ātmaka	366	725	-359	0.505	-0.986
700..1200	5 1200	antara	antara	392	1134	-742	0.346	-1.532
700..1200	5 1200	tala	tala	368	358	10	1.028	0.040
700..1200	5 1200	nI	nī	357	550	-193	0.649	-0.624
700..1200	5 1200	nf	nṛ	361	319	42	1.132	0.178
700..1200	5 1200	nArada	nārada	341	326	15	1.046	0.065
700..1200	5 1200	varjay	varjay	325	460	-135	0.707	-0.501
700..1200	5 1200	cetas	cetas	359	320	39	1.122	0.166
700..1200	5 1200	mArga	mārga	386	339	47	1.139	0.187
700..1200	5 1200	vijYA	vijñā	368	365	3	1.008	0.012
700..1200	5 1200	saMsTA	saṁsthā	332	270	62	1.230	0.298
700..1200	5 1200	pakza	pakṣa	390	407	-17	0.958	-0.062
700..1200	5 1200			0	0	0	inf	inf
700..1200	5 1200	mokza	mokṣa	376	440	-64	0.855	-0.227
700..1200	5 1200	arcay	arcay	343	299	44	1.147	0.198
700..1200	5 1200	vacas	vacas	363	431	-68	0.842	-0.248
700..1200	5 1200	kroDa	krodha	380	365	15	1.041	0.058
700..1200	5 1200	cakra	cakra	390	574	-184	0.679	-0.558
700..1200	5 1200	SoBana	śobhana	325	311	14	1.045	0.064
700..1200	5 1200	prayatna	prayatna	326	393	-67	0.830	-0.270
700..1200	5 1200	vastra	vastra	382	499	-117	0.766	-0.385
700..1200	5 1200	kara	kara	368	957	-589	0.385	-1.379
700..1200	5 1200	Aditya	āditya	367	228	139	1.610	0.687
700..1200	5 1200	SaraRa	śaraṇa	379	259	120	1.463	0.549
700..1200	5 1200	viBAga	vibhāga	379	240	139	1.579	0.659
700..1200	5 1200	aMSa	aṁśa	368	1222	-854	0.301	-1.731
700..1200	5 1200	dEtya	daitya	374	314	60	1.191	0.252
700..1200	5 1200	hf	hṛ	367	516	-149	0.711	-0.492
700..1200	5 1200	aKila	akhila	373	324	49	1.151	0.203
700..1200	5 1200	amfta	amṛta	362	546	-184	0.663	-0.593
700..1200	5 1200	tanu	tanu	352	412	-60	0.854	-0.227
700..1200	5 1200	sarga	sarga	367	322	45	1.140	0.189
700..1200	5 1200	nitya	nitya	334	342	-8	0.977	-0.034
700..1200	5 1200	hara	hara	317	665	-348	0.477	-1.069
700..1200	5 1200	dvAdaSan	dvādaśan	347	377	-30	0.920	-0.120
700..1200	5 1200	AsTA	āsthā	334	261	73	1.280	0.356
700..1200	5 1200	umA	umā	342	208	134	1.644	0.717
700..1200	5 1200	Dara	dhara	352	280	72	1.257	0.330
700..1200	5 1200	viSeza	viśeṣa	350	548	-198	0.639	-0.647
700..1200	5 1200	prajApati	prajāpati	287	226	61	1.270	0.345
700..1200	5 1200	ASri	āśri	325	316	9	1.028	0.041
700..1200	5 1200	DyAna	dhyāna	345	360	-15	0.958	-0.061
700..1200	5 1200	suvrata	suvrata	282	210	72	1.343	0.425
700..1200	5 1200	bAhu	bāhu	358	257	101	1.393	0.478
700..1200	5 1200	cintay	cintay	318	433	-115	0.734	-0.445
700..1200	5 1200	raTa	ratha	332	490	-158	0.678	-0.562
700..1200	5 1200	gA	gā	330	356	-26	0.927	-0.109
700..1200	5 1200	vAsudeva	vāsudeva	338	231	107	1.463	0.549
700..1200	5 1200	arDa	ardha	333	691	-358	0.482	-1.053
700..1200	5 1200	jYa	jña	364	380	-16	0.958	-0.062
700..1200	5 1200	SuD	śudh	317	795	-478	0.399	-1.326
700..1200	5 1200	sakala	sakala	349	343	6	1.017	0.025
700..1200	5 1200	mati	mati	319	257	62	1.241	0.312
700..1200	5 1200	naraka	naraka	328	223	105	1.471	0.557
700..1200	5 1200	pfTivI	pṛthivī	319	365	-46	0.874	-0.194
700..1200	5 1200	Beda	bheda	343	809	-466	0.424	-1.238
700..1200	5 1200	locana	locana	309	319	-10	0.969	-0.046
700..1200	5 1200	graha	graha	334	361	-27	0.925	-0.112
700..1200	5 1200	vraj	vraj	274	469	-195	0.584	-0.775
700..1200	5 1200	DI	dhī	326	357	-31	0.913	-0.131
700..1200	5 1200	tAta	tāta	347	261	86	1.330	0.411
700..1200	5 1200	rajas	rajas	329	375	-46	0.877	-0.189
700..1200	5 1200	hfd	hṛd	337	400	-63	0.843	-0.247
700..1200	5 1200	giri	giri	336	285	51	1.179	0.237
700..1200	5 1200	kalA	kalā	334	496	-162	0.673	-0.570
700..1200	5 1200	DImat	dhīmat	312	237	75	1.316	0.397
700..1200	5 1200	udaka	udaka	319	298	21	1.070	0.098
700..1200	5 1200	mAnasa	mānasa	291	439	-148	0.663	-0.593
700..1200	5 1200	hita	hita	331	486	-155	0.681	-0.554
700..1200	5 1200	Sakra	śakra	332	314	18	1.057	0.080
700..1200	5 1200	viDAna	vidhāna	322	276	46	1.167	0.222
700..1200	5 1200	banD	bandh	320	788	-468	0.406	-1.300
700..1200	5 1200	Bid	bhid	323	439	-116	0.736	-0.443
700..1200	5 1200	kara	kara	329	957	-628	0.344	-1.540
700..1200	5 1200	paramezWin	parameṣṭhin	283	190	93	1.489	0.575
700..1200	5 1200	mAhAtmya	māhātmya	345	214	131	1.612	0.689
700..1200	5 1200	kzaya	kṣaya	315	548	-233	0.575	-0.799
700..1200	5 1200	purARa	purāṇa	333	285	48	1.168	0.225
700..1200	5 1200	jIv	jīv	306	569	-263	0.538	-0.895
700..1200	5 1200	patnI	patnī	326	235	91	1.387	0.472
700..1200	5 1200	traya	traya	310	753	-443	0.412	-1.280
700..1200	5 1200	pARi	pāṇi	316	277	39	1.141	0.190
700..1200	5 1200	ahar	ahar	309	261	48	1.184	0.244
700..1200	5 1200	kaTA	kathā	318	473	-155	0.672	-0.573
700..1200	5 1200	revA	revā	329	179	150	1.838	0.878
700..1200	5 1200	dakza	dakṣa	325	279	46	1.165	0.220
700..1200	5 1200	hu	hu	299	217	82	1.378	0.462
700..1200	5 1200	prI	prī	311	283	28	1.099	0.136
700..1200	5 1200	aneka	aneka	306	264	42	1.159	0.213
700..1200	5 1200	zaz	ṣaṣ	308	555	-247	0.555	-0.850
700..1200	5 1200	avyaya	avyaya	280	221	59	1.267	0.341
700..1200	5 1200	toya	toya	331	373	-42	0.887	-0.172
700..1200	5 1200	tawa	taṭa	315	262	53	1.202	0.266
700..1200	5 1200	sampad	sampad	320	365	-45	0.877	-0.190
700..1200	5 1200	saMyoga	saṁyoga	306	295	11	1.037	0.053
700..1200	5 1200	vahni	vahni	318	581	-263	0.547	-0.870
700..1200	5 1200	ananta	ananta	311	405	-94	0.768	-0.381
700..1200	5 1200	sanatkumAra	sanatkumāra	201	88	113	2.284	1.192
700..1200	5 1200	vid	vid	277	1590	-1313	0.174	-2.521
700..1200	5 1200	sADu	sādhu	304	404	-100	0.752	-0.410
700..1200	5 1200	mfga	mṛga	304	283	21	1.074	0.103
700..1200	5 1200	puMgava	puṁgava	250	185	65	1.351	0.434
700..1200	5 1200	div	div	300	296	4	1.014	0.019
700..1200	5 1200	saMsAra	saṁsāra	307	287	20	1.070	0.097
700..1200	5 1200	apsaras	apsaras	307	201	106	1.527	0.611
700..1200	5 1200	samAhita	samāhita	250	198	52	1.263	0.336
700..1200	5 1200	asat	asat	296	276	20	1.072	0.101
700..1200	5 1200	pravft	pravṛt	284	375	-91	0.757	-0.401
700..1200	5 1200	nArI	nārī	309	305	4	1.013	0.019
700..1200	5 1200	ASraya	āśraya	278	312	-34	0.891	-0.166
700..1200	5 1200	hara	hara	312	665	-353	0.469	-1.092
700..1200	5 1200	kAray	kāray	274	516	-242	0.531	-0.913
700..1200	5 1200	muh	muh	305	339	-34	0.900	-0.152
700..1200	5 1200	parAyaRa	parāyaṇa	250	203	47	1.232	0.300
700..1200	5 1200	saMyuj	saṁyuj	320	364	-44	0.879	-0.186
700..1200	5 1200	Bfgu	bhṛgu	276	182	94	1.516	0.601
700..1200	5 1200	rAga	rāga	305	353	-48	0.864	-0.211
700..1200	5 1200	pradA	pradā	294	274	20	1.073	0.102
700..1200	5 1200	amBas	ambhas	297	233	64	1.275	0.350
700..1200	5 1200	AkASa	ākāśa	282	280	2	1.007	0.010
700..1200	5 1200	yoni	yoni	293	293	0	1.000	0.000
700..1200	5 1200	kali	kali	283	197	86	1.437	0.523
700..1200	5 1200	paW	paṭh	275	282	-7	0.975	-0.036
700..1200	5 1200	vizaya	viṣaya	289	433	-144	0.667	-0.583
700..1200	5 1200	vaDa	vadha	292	233	59	1.253	0.326
700..1200	5 1200	Boga	bhoga	292	423	-131	0.690	-0.535
700..1200	5 1200	vAdin	vādin	259	274	-15	0.945	-0.081
700..1200	5 1200	rUpin	rūpin	263	289	-26	0.910	-0.136
700..1200	5 1200	praBA	prabhā	277	373	-96	0.743	-0.429
700..1200	5 1200	sampUjay	sampūjay	284	212	72	1.340	0.422
700..1200	5 1200	netra	netra	301	319	-18	0.944	-0.084
700..1200	5 1200	rAja	rāja	312	316	-4	0.987	-0.018
700..1200	5 1200	janArdana	janārdana	246	203	43	1.212	0.277
700..1200	5 1200	dvaya	dvaya	290	610	-320	0.475	-1.073
700..1200	5 1200	vidvas	vidvas	307	217	90	1.415	0.501
700..1200	5 1200	kAya	kāya	272	252	20	1.079	0.110
700..1200	5 1200	dvitIya	dvitīya	276	385	-109	0.717	-0.480
700..1200	5 1200	Ananda	ānanda	300	369	-69	0.813	-0.299
700..1200	5 1200	prada	prada	251	366	-115	0.686	-0.544
700..1200	5 1200	sev	sev	269	413	-144	0.651	-0.619
700..1200	5 1200	Gfta	ghṛta	278	458	-180	0.607	-0.720
700..1200	5 1200	vijYAna	vijñāna	289	271	18	1.066	0.093
700..1200	5 1200	ArADay	ārādhay	275	223	52	1.233	0.302
700..1200	5 1200	manu	manu	284	263	21	1.080	0.111
700..1200	5 1200	vIrya	vīrya	296	476	-180	0.622	-0.685
700..1200	5 1200	AjYA	ājñā	263	226	37	1.164	0.219
700..1200	5 1200	DA	dhā	282	188	94	1.500	0.585
700..1200	5 1200	BArata	bhārata	235	222	13	1.059	0.082
700..1200	5 1200	rAjya	rājya	285	372	-87	0.766	-0.384
700..1200	5 1200	pramARa	pramāṇa	263	392	-129	0.671	-0.576
700..1200	5 1200	bAla	bāla	272	452	-180	0.602	-0.733
700..1200	5 1200	vAsas	vāsas	272	177	95	1.537	0.620
700..1200	5 1200	vfkza	vṛkṣa	271	293	-22	0.925	-0.113
700..1200	5 1200	puRya	puṇya	284	917	-633	0.310	-1.691
700..1200	5 1200	utTA	utthā	271	327	-56	0.829	-0.271
700..1200	5 1200	prapad	prapad	250	164	86	1.524	0.608
700..1200	5 1200	sanAtana	sanātana	236	205	31	1.151	0.203
700..1200	5 1200	praBu	prabhu	235	791	-556	0.297	-1.751
700..1200	5 1200	martya	martya	286	208	78	1.375	0.459
700..1200	5 1200	Basman	bhasman	259	598	-339	0.433	-1.207
700..1200	5 1200	Bf	bhṛ	251	201	50	1.249	0.320
700..1200	5 1200	praTama	prathama	268	433	-165	0.619	-0.692
700..1200	5 1200	nam	nam	267	207	60	1.290	0.367
700..1200	5 1200	darSay	darśay	255	456	-201	0.559	-0.839
700..1200	5 1200	aja	aja	259	197	62	1.315	0.395
700..1200	5 1200	saMgama	saṁgama	247	211	36	1.171	0.227
700..1200	5 1200	vasizWa	vasiṣṭha	270	178	92	1.517	0.601
700..1200	5 1200	gaNgA	gaṅgā	250	268	-18	0.933	-0.100
700..1200	5 1200	Sizya	śiṣya	271	411	-140	0.659	-0.601
700..1200	5 1200	lIlA	līlā	263	173	90	1.520	0.604
700..1200	5 1200	pApa	pāpa	276	1323	-1047	0.209	-2.261
700..1200	5 1200	garBa	garbha	266	507	-241	0.525	-0.931
700..1200	5 1200	vistara	vistara	228	231	-3	0.987	-0.019
700..1200	5 1200	vivarjay	vivarjay	217	280	-63	0.775	-0.368
700..1200	5 1200	caraRa	caraṇa	276	234	42	1.179	0.238
700..1200	5 1200	akzaya	akṣaya	256	198	58	1.293	0.371
700..1200	5 1200	dfzwi	dṛṣṭi	270	269	1	1.004	0.005
700..1200	5 1200	mUrDan	mūrdhan	266	286	-20	0.930	-0.105
700..1200	5 1200	sTiti	sthiti	249	359	-110	0.694	-0.528
700..1200	5 1200	sarit	sarit	261	169	92	1.544	0.627
700..1200	5 1200	viSru	viśru	255	170	85	1.500	0.585
700..1200	5 1200	arka	arka	273	480	-207	0.569	-0.814
700..1200	5 1200	ga	ga	252	424	-172	0.594	-0.751
700..1200	5 1200	praBAva	prabhāva	261	372	-111	0.702	-0.511
700..1200	5 1200	cakzus	cakṣus	258	249	9	1.036	0.051
700..1200	5 1200	rAtri	rātri	249	361	-112	0.690	-0.536
700..1200	5 1200	trElokya	trailokya	270	198	72	1.364	0.447
700..1200	5 1200	spfS	spṛś	244	310	-66	0.787	-0.345
700..1200	5 1200	Baj	bhaj	241	339	-98	0.711	-0.492
700..1200	5 1200	tila	tila	247	322	-75	0.767	-0.383
700..1200	5 1200	aSeza	aśeṣa	261	249	12	1.048	0.068
700..1200	5 1200	pArTa	pārtha	264	320	-56	0.825	-0.278
700..1200	5 1200	sparSa	sparśa	267	321	-54	0.832	-0.266
700..1200	5 1200	vimala	vimala	267	251	16	1.064	0.089
700..1200	5 1200	vimAna	vimāna	257	185	72	1.389	0.474
700..1200	5 1200	hfz	hṛṣ	262	233	29	1.124	0.169
700..1200	5 1200	kumAra	kumāra	254	146	108	1.740	0.799
700..1200	5 1200	Sruti	śruti	226	259	-33	0.873	-0.197
700..1200	5 1200	saMyuta	saṁyuta	221	391	-170	0.565	-0.823
700..1200	5 1200	vatsa	vatsa	256	381	-125	0.672	-0.574
700..1200	5 1200	sahita	sahita	264	335	-71	0.788	-0.344
700..1200	5 1200	kIrtay	kīrtay	236	199	37	1.186	0.246
700..1200	5 1200	BI	bhī	247	265	-18	0.932	-0.101
700..1200	5 1200	namaskf	namaskṛ	237	215	22	1.102	0.141
700..1200	5 1200	IkzaRa	īkṣaṇa	227	185	42	1.227	0.295
700..1200	5 1200	mAnava	mānava	231	196	35	1.179	0.237
700..1200	5 1200	lakzmI	lakṣmī	252	241	11	1.046	0.064
700..1200	5 1200	tulya	tulya	257	728	-471	0.353	-1.502
700..1200	5 1200	durlaBa	durlabha	222	245	-23	0.906	-0.142
700..1200	5 1200	sUkzma	sūkṣma	247	377	-130	0.655	-0.610
700..1200	5 1200	SradDA	śraddhā	245	228	17	1.075	0.104
700..1200	5 1200	bIja	bīja	256	971	-715	0.264	-1.923
700..1200	5 1200	nATa	nātha	264	245	19	1.078	0.108
700..1200	5 1200	yaSas	yaśas	251	220	31	1.141	0.190
700..1200	5 1200	Acar	ācar	206	217	-11	0.949	-0.075
700..1200	5 1200	Aruh	āruh	249	325	-76	0.766	-0.384
700..1200	5 1200	utpad	utpad	233	245	-12	0.951	-0.072
700..1200	5 1200	vIra	vīra	257	542	-285	0.474	-1.077
700..1200	5 1200	arcana	arcana	244	220	24	1.109	0.149
700..1200	5 1200	BAvay	bhāvay	220	697	-477	0.316	-1.664
700..1200	5 1200	pAtra	pātra	252	509	-257	0.495	-1.014
700..1200	5 1200	pAtaka	pātaka	215	183	32	1.175	0.232
700..1200	5 1200	piRqa	piṇḍa	243	350	-107	0.694	-0.526
700..1200	5 1200	AviS	āviś	252	208	44	1.212	0.277
700..1200	5 1200	anugraha	anugraha	236	242	-6	0.975	-0.036
700..1200	5 1200	rAtra	rātra	246	203	43	1.212	0.277
700..1200	5 1200	dina	dina	233	1328	-1095	0.175	-2.511
700..1200	5 1200	BAz	bhāṣ	218	484	-266	0.450	-1.151
700..1200	5 1200	vyavasTA	vyavasthā	203	201	2	1.010	0.014
700..1200	5 1200	vapus	vapus	240	291	-51	0.825	-0.278
700..1200	5 1200	tIra	tīra	248	202	46	1.228	0.296
700..1200	5 1200	praDAna	pradhāna	237	343	-106	0.691	-0.533
700..1200	5 1200	prIti	prīti	251	294	-43	0.854	-0.228
700..1200	5 1200	Buja	bhuja	250	230	20	1.087	0.120
700..1200	5 1200	muKya	mukhya	243	282	-39	0.862	-0.215
700..1200	5 1200	pUjA	pūjā	242	346	-104	0.699	-0.516
700..1200	5 1200	samprAp	samprāp	236	203	33	1.163	0.217
700..1200	5 1200	saMniDi	saṁnidhi	206	165	41	1.248	0.320
700..1200	5 1200	samudra	samudra	234	196	38	1.194	0.256
700..1200	5 1200	aSva	aśva	243	258	-15	0.942	-0.086
700..1200	5 1200	yakza	yakṣa	243	201	42	1.209	0.274
700..1200	5 1200	jyotis	jyotis	238	189	49	1.259	0.333
700..1200	5 1200	Sak	śak	230	261	-31	0.881	-0.182
700..1200	5 1200	niyama	niyama	245	231	14	1.061	0.085
700..1200	5 1200	Ayus	āyus	235	407	-172	0.577	-0.792
700..1200	5 1200	suhfd	suhṛd	245	278	-33	0.881	-0.182
700..1200	5 1200	samBU	sambhū	230	223	7	1.031	0.045
700..1200	5 1200	saMjYA	saṁjñā	239	252	-13	0.948	-0.076
700..1200	5 1200	AkAra	ākāra	248	395	-147	0.628	-0.672
700..1200	5 1200	moha	moha	244	313	-69	0.780	-0.359
700..1200	5 1200	mAlA	mālā	248	248	0	1.000	0.000
700..1200	5 1200	smfti	smṛti	231	206	25	1.121	0.165
700..1200	5 1200	vfza	vṛṣa	222	159	63	1.396	0.482
700..1200	5 1200	Bram	bhram	226	246	-20	0.919	-0.122
700..1200	5 1200	saMDyA	saṁdhyā	217	228	-11	0.952	-0.071
700..1200	5 1200	banDu	bandhu	229	199	30	1.151	0.203
700..1200	5 1200	saMGa	saṁgha	242	140	102	1.729	0.790
700..1200	5 1200	anaGa	anagha	198	120	78	1.650	0.722
700..1200	5 1200	SrImat	śrīmat	242	289	-47	0.837	-0.256
700..1200	5 1200	alpa	alpa	224	317	-93	0.707	-0.501
700..1200	5 1200	jaya	jaya	226	230	-4	0.983	-0.025
700..1200	5 1200	dAra	dāra	237	210	27	1.129	0.174
700..1200	5 1200	nandin	nandin	212	129	83	1.643	0.717
700..1200	5 1200	Anana	ānana	217	212	5	1.024	0.034
700..1200	5 1200	buDa	budha	186	331	-145	0.562	-0.832
700..1200	5 1200	pU	pū	232	154	78	1.506	0.591
700..1200	5 1200	homa	homa	237	187	50	1.267	0.342
700..1200	5 1200	sAgara	sāgara	215	194	21	1.108	0.148
700..1200	5 1200	amara	amara	226	204	22	1.108	0.148
700..1200	5 1200	Atmaja	ātmaja	216	253	-37	0.854	-0.228
700..1200	5 1200	rakta	rakta	221	754	-533	0.293	-1.771
700..1200	5 1200	mitra	mitra	233	319	-86	0.730	-0.453
700..1200	5 1200	viS	viś	218	342	-124	0.637	-0.650
700..1200	5 1200	siD	sidh	218	382	-164	0.571	-0.809
700..1200	5 1200	vimuc	vimuc	205	201	4	1.020	0.028
700..1200	5 1200	icCA	icchā	220	349	-129	0.630	-0.666
700..1200	5 1200	japa	japa	224	241	-17	0.929	-0.106
700..1200	5 1200	SUla	śūla	226	288	-62	0.785	-0.350
700..1200	5 1200	dApay	dāpay	205	169	36	1.213	0.279
700..1200	5 1200	samasta	samasta	223	301	-78	0.741	-0.433
700..1200	5 1200	maDu	madhu	221	594	-373	0.372	-1.426
700..1200	5 1200	vaktra	vaktra	224	345	-121	0.649	-0.623
700..1200	5 1200	vadana	vadana	235	207	28	1.135	0.183
700..1200	5 1200	mAna	māna	231	360	-129	0.642	-0.640
700..1200	5 1200	sAkzin	sākṣin	215	79	136	2.722	1.444
700..1200	5 1200	SApa	śāpa	227	314	-87	0.723	-0.468
700..1200	5 1200	praRava	praṇava	208	172	36	1.209	0.274
700..1200	5 1200	AsAday	āsāday	226	175	51	1.291	0.369
700..1200	5 1200	BUzay	bhūṣay	198	155	43	1.277	0.353
700..1200	5 1200	BAskara	bhāskara	207	206	1	1.005	0.007
700..1200	5 1200	tftIya	tṛtīya	206	251	-45	0.821	-0.285
700..1200	5 1200	dEva	daiva	216	224	-8	0.964	-0.052
700..1200	5 1200	salila	salila	223	221	2	1.009	0.013
700..1200	5 1200	svaBAva	svabhāva	211	393	-182	0.537	-0.897
700..1200	5 1200	SIla	śīla	227	219	8	1.037	0.052
700..1200	5 1200	atI	atī	216	166	50	1.301	0.380
700..1200	5 1200	Df	dhṛ	217	222	-5	0.977	-0.033
700..1200	5 1200	Bojana	bhojana	202	292	-90	0.692	-0.532
700..1200	5 1200	BrAtf	bhrātṛ	218	281	-63	0.776	-0.366
700..1200	5 1200	maRi	maṇi	220	260	-40	0.846	-0.241
700..1200	5 1200	prayam	prayam	212	158	54	1.342	0.424
700..1200	5 1200	aDarma	adharma	215	189	26	1.138	0.186
700..1200	5 1200	yatna	yatna	217	264	-47	0.822	-0.283
700..1200	5 1200	dIpa	dīpa	214	198	16	1.081	0.112
700..1200	5 1200	pASa	pāśa	225	283	-58	0.795	-0.331
700..1200	5 1200	grAma	grāma	208	206	2	1.010	0.014
700..1200	5 1200	rakz	rakṣ	209	376	-167	0.556	-0.847
700..1200	5 1200	Bojay	bhojay	203	146	57	1.390	0.476
700..1200	5 1200	nivft	nivṛt	196	229	-33	0.856	-0.224
700..1200	5 1200	rati	rati	213	174	39	1.224	0.292
700..1200	5 1200	mEtreya	maitreya	126	116	10	1.086	0.119
700..1200	5 1200	mahI	mahī	206	230	-24	0.896	-0.159
700..1200	5 1200	vf	vṛ	193	266	-73	0.726	-0.463
700..1200	5 1200	Adika	ādika	216	442	-226	0.489	-1.033
700..1200	5 1200	SEla	śaila	215	186	29	1.156	0.209
700..1200	5 1200	paraspara	paraspara	190	204	-14	0.931	-0.103
700..1200	5 1200	vipula	vipula	225	228	-3	0.987	-0.019
700..1200	5 1200	Seza	śeṣa	220	431	-211	0.510	-0.970
700..1200	5 1200	Soka	śoka	215	321	-106	0.670	-0.578
700..1200	5 1200	janay	janay	214	238	-24	0.899	-0.153
700..1200	5 1200	Avf	āvṛ	195	241	-46	0.809	-0.306
700..1200	5 1200	akzara	akṣara	210	269	-59	0.781	-0.357
700..1200	5 1200	payas	payas	200	263	-63	0.760	-0.395
700..1200	5 1200	paramAtman	paramātman	192	146	46	1.315	0.395
700..1200	5 1200	Alaya	ālaya	177	146	31	1.212	0.278
700..1200	5 1200	latA	latā	222	163	59	1.362	0.446
700..1200	5 1200	jAti	jāti	204	204	0	1.000	0.000
700..1200	5 1200	pattra	pattra	215	724	-509	0.297	-1.752
700..1200	5 1200	BUzaRa	bhūṣaṇa	187	211	-24	0.886	-0.174
700..1200	5 1200	mada	mada	209	231	-22	0.905	-0.144
700..1200	5 1200	nASana	nāśana	170	251	-81	0.677	-0.562
700..1200	5 1200	SOca	śauca	211	132	79	1.598	0.677
700..1200	5 1200	gaja	gaja	211	284	-73	0.743	-0.429
700..1200	5 1200	mukti	mukti	209	287	-78	0.728	-0.458
700..1200	5 1200	kalpay	kalpay	187	237	-50	0.789	-0.342
700..1200	5 1200	KyA	khyā	218	257	-39	0.848	-0.237
700..1200	5 1200	udDf	uddhṛ	190	266	-76	0.714	-0.485
700..1200	5 1200	vAri	vāri	204	214	-10	0.953	-0.069
700..1200	5 1200	karRa	karṇa	209	494	-285	0.423	-1.241
700..1200	5 1200	nija	nija	213	489	-276	0.436	-1.199
700..1200	5 1200	Satru	śatru	206	232	-26	0.888	-0.171
700..1200	5 1200	ambara	ambara	209	228	-19	0.917	-0.126
700..1200	5 1200	ugra	ugra	207	188	19	1.101	0.139
700..1200	5 1200	ramya	ramya	214	141	73	1.518	0.602
700..1200	5 1200	vaMSa	vaṁśa	206	248	-42	0.831	-0.268
700..1200	5 1200	gadA	gadā	214	233	-19	0.918	-0.123
700..1200	5 1200	kzatriya	kṣatriya	201	162	39	1.241	0.311
700..1200	5 1200	krIq	krīḍ	190	171	19	1.111	0.152
700..1200	5 1200	aBiDA	abhidhā	180	429	-249	0.420	-1.253
700..1200	5 1200	aRqa	aṇḍa	193	205	-12	0.941	-0.087
700..1200	5 1200	nABi	nābhi	199	221	-22	0.900	-0.151
700..1200	5 1200	nayana	nayana	209	183	26	1.142	0.192
700..1200	5 1200	ABaraRa	ābharaṇa	206	217	-11	0.949	-0.075
700..1200	5 1200	ravi	ravi	197	271	-74	0.727	-0.460
700..1200	5 1200	sAra	sāra	208	339	-131	0.614	-0.705
700..1200	5 1200	smita	smita	194	158	36	1.228	0.296
700..1200	5 1200	Satatama	śatatama	216	108	108	2.000	1.000
700..1200	5 1200	krama	krama	190	619	-429	0.307	-1.704
700..1200	5 1200	mud	mud	182	222	-40	0.820	-0.287
700..1200	5 1200	mohay	mohay	186	148	38	1.257	0.330
700..1200	5 1200	AyA	āyā	201	458	-257	0.439	-1.188
700..1200	5 1200	samAcar	samācar	166	153	13	1.085	0.118
700..1200	5 1200	niveday	niveday	166	276	-110	0.601	-0.733
700..1200	5 1200	amala	amala	197	152	45	1.296	0.374
700..1200	5 1200	upavAsa	upavāsa	198	135	63	1.467	0.553
700..1200	5 1200	uBaya	ubhaya	193	171	22	1.129	0.175
700..1200	5 1200	utpatti	utpatti	191	199	-8	0.960	-0.059
700..1200	5 1200	mAMsa	māṁsa	200	362	-162	0.552	-0.856
700..1200	5 1200	vESya	vaiśya	179	103	76	1.738	0.797
700..1200	5 1200	SudDi	śuddhi	194	281	-87	0.690	-0.535
700..1200	5 1200	viBaj	vibhaj	181	98	83	1.847	0.885
700..1200	5 1200	saMjan	saṁjan	201	186	15	1.081	0.112
700..1200	5 1200	saMKyA	saṁkhyā	187	252	-65	0.742	-0.430
700..1200	5 1200	duhitf	duhitṛ	194	117	77	1.658	0.730
700..1200	5 1200	gAyatrI	gāyatrī	184	139	45	1.324	0.405
700..1200	5 1200	vah	vah	192	223	-31	0.861	-0.216
700..1200	5 1200	svap	svap	188	252	-64	0.746	-0.423
700..1200	5 1200	niyam	niyam	193	183	10	1.055	0.077
700..1200	5 1200	nirmA	nirmā	186	157	29	1.185	0.245
700..1200	5 1200	mahIy	mahīy	126	108	18	1.167	0.222
700..1200	5 1200	keSava	keśava	184	194	-10	0.948	-0.076
700..1200	5 1200	ojas	ojas	166	145	21	1.145	0.195
700..1200	5 1200	yuta	yuta	179	350	-171	0.511	-0.967
700..1200	5 1200	haMsa	haṁsa	188	181	7	1.039	0.055
700..1200	5 1200	pratyaya	pratyaya	185	206	-21	0.898	-0.155
700..1200	5 1200	SI	śī	188	116	72	1.621	0.697
700..1200	5 1200	ESvarya	aiśvarya	198	190	8	1.042	0.060
700..1200	5 1200	udaya	udaya	182	324	-142	0.562	-0.832
700..1200	5 1200	jantu	jantu	192	182	10	1.055	0.077
700..1200	5 1200	sOmya	saumya	192	171	21	1.123	0.167
700..1200	5 1200	sarasvatI	sarasvatī	170	185	-15	0.919	-0.122
700..1200	5 1200	nihan	nihan	183	227	-44	0.806	-0.311
700..1200	5 1200	navan	navan	174	235	-61	0.740	-0.434
700..1200	5 1200	arRava	arṇava	190	169	21	1.124	0.169
700..1200	5 1200	aSvameDa	aśvamedha	190	121	69	1.570	0.651
700..1200	5 1200	astra	astra	195	378	-183	0.516	-0.955
700..1200	5 1200	yojana	yojana	179	246	-67	0.728	-0.459
700..1200	5 1200	rAma	rāma	184	330	-146	0.558	-0.843
700..1200	5 1200	upasTA	upasthā	163	114	49	1.430	0.516
700..1200	5 1200	prakIrtay	prakīrtay	152	185	-33	0.822	-0.283
700..1200	5 1200	prayA	prayā	186	350	-164	0.531	-0.912
700..1200	5 1200	viKyA	vikhyā	201	151	50	1.331	0.413
700..1200	5 1200	purI	purī	193	205	-12	0.941	-0.087
700..1200	5 1200	kamala	kamala	197	195	2	1.010	0.015
700..1200	5 1200	nAga	nāga	192	754	-562	0.255	-1.973
700..1200	5 1200	Arta	ārta	197	178	19	1.107	0.146
700..1200	5 1200	dvAra	dvāra	196	309	-113	0.634	-0.657
700..1200	5 1200	dvIpa	dvīpa	190	184	6	1.033	0.046
700..1200	5 1200	kzip	kṣip	178	953	-775	0.187	-2.421
700..1200	5 1200	sADay	sādhay	175	249	-74	0.703	-0.509
700..1200	5 1200	upAs	upās	177	140	37	1.264	0.338
700..1200	5 1200	kUla	kūla	198	124	74	1.597	0.675
700..1200	5 1200	pArSva	pārśva	191	235	-44	0.813	-0.299
700..1200	5 1200	tanaya	tanaya	199	232	-33	0.858	-0.221
700..1200	5 1200	devadeveSa	devadeveśa	197	99	98	1.990	0.993
700..1200	5 1200	aha	aha	191	356	-165	0.537	-0.898
700..1200	5 1200	anDaka	andhaka	168	126	42	1.333	0.415
700..1200	5 1200	Badra	bhadra	196	233	-37	0.841	-0.249
700..1200	5 1200	indu	indu	196	248	-52	0.790	-0.339
700..1200	5 1200	gir	gir	168	213	-45	0.789	-0.342
700..1200	5 1200	i	i	177	179	-2	0.989	-0.016
700..1200	5 1200	antarDA	antardhā	145	123	22	1.179	0.237
700..1200	5 1200	viSuD	viśudh	181	179	2	1.011	0.016
700..1200	5 1200	citra	citra	186	289	-103	0.644	-0.636
700..1200	5 1200	AcAra	ācāra	182	377	-195	0.483	-1.051
700..1200	5 1200	SaNKa	śaṅkha	180	335	-155	0.537	-0.896
700..1200	5 1200	vand	vand	180	228	-48	0.789	-0.341
700..1200	5 1200	paTin	pathin	176	157	19	1.121	0.165
700..1200	5 1200	DAman	dhāman	193	196	-3	0.985	-0.022
700..1200	5 1200	vyADi	vyādhi	179	338	-159	0.530	-0.917
700..1200	5 1200	Sukla	śukla	178	265	-87	0.672	-0.574
700..1200	5 1200	kzIra	kṣīra	183	773	-590	0.237	-2.079
700..1200	5 1200	aDizWA	adhiṣṭhā	160	142	18	1.127	0.172
700..1200	5 1200	DAray	dhāray	163	281	-118	0.580	-0.786
700..1200	5 1200	praRipat	praṇipat	183	107	76	1.710	0.774
700..1200	5 1200	samAgam	samāgam	168	132	36	1.273	0.348
700..1200	5 1200	kaRWa	kaṇṭha	187	232	-45	0.806	-0.311
700..1200	5 1200	aNganA	aṅganā	180	122	58	1.475	0.561
700..1200	5 1200	mala	mala	173	424	-251	0.408	-1.293
700..1200	5 1200	yati	yati	179	115	64	1.557	0.638
700..1200	5 1200	vaSa	vaśa	187	272	-85	0.688	-0.541
700..1200	5 1200	Sarva	śarva	180	111	69	1.622	0.697
700..1200	5 1200	Siva	śiva	167	1891	-1724	0.088	-3.501
700..1200	5 1200	viza	viṣa	171	556	-385	0.308	-1.701
700..1200	5 1200	bARa	bāṇa	184	210	-26	0.876	-0.191
700..1200	5 1200	kuSa	kuśa	173	150	23	1.153	0.206
700..1200	5 1200	kfzRa	kṛṣṇa	168	991	-823	0.170	-2.560
700..1200	5 1200	kIrti	kīrti	179	138	41	1.297	0.375
700..1200	5 1200	samIpa	samīpa	174	155	19	1.123	0.167
700..1200	5 1200	heman	heman	177	857	-680	0.207	-2.276
700..1200	5 1200	sADana	sādhana	171	203	-32	0.842	-0.247
700..1200	5 1200	Sara	śara	181	341	-160	0.531	-0.914
700..1200	5 1200	Cid	chid	173	328	-155	0.527	-0.923
700..1200	5 1200	pf	pṛ	181	311	-130	0.582	-0.781
700..1200	5 1200	kUrmapurARa	kūrmapurāṇa	190	95	95	2.000	1.000
700..1200	5 1200	anala	anala	172	237	-65	0.726	-0.462
700..1200	5 1200	anila	anila	176	225	-49	0.782	-0.354
700..1200	5 1200	kArin	kārin	157	216	-59	0.727	-0.460
700..1200	5 1200	zawsAhasrI	ṣaṭsāhasrī	190	95	95	2.000	1.000
700..1200	5 1200	dIrGa	dīrgha	173	254	-81	0.681	-0.554
700..1200	5 1200	vikf	vikṛ	179	152	27	1.178	0.236
700..1200	5 1200	saKI	sakhī	175	267	-92	0.655	-0.609
700..1200	5 1200	fzaBa	ṛṣabha	160	120	40	1.333	0.415
700..1200	5 1200	DIra	dhīra	181	200	-19	0.905	-0.144
700..1200	5 1200	Bavana	bhavana	180	131	49	1.374	0.458
700..1200	5 1200	meru	meru	171	164	7	1.043	0.060
700..1200	5 1200	vastu	vastu	162	243	-81	0.667	-0.585
700..1200	5 1200	dvijAti	dvijāti	156	111	45	1.405	0.491
700..1200	5 1200	tarpay	tarpay	172	154	18	1.117	0.159
700..1200	5 1200	kfcCra	kṛcchra	176	181	-5	0.972	-0.040
700..1200	5 1200	aYjali	añjali	170	141	29	1.206	0.270
700..1200	5 1200	oGa	ogha	183	130	53	1.408	0.493
700..1200	5 1200	nandana	nandana	150	186	-36	0.806	-0.310
700..1200	5 1200	dehin	dehin	143	147	-4	0.973	-0.040
700..1200	5 1200	kleSa	kleśa	170	116	54	1.466	0.551
700..1200	5 1200	banDa	bandha	174	312	-138	0.558	-0.842
700..1200	5 1200	avasTA	avasthā	155	420	-265	0.369	-1.438
700..1200	5 1200	kevala	kevala	168	195	-27	0.862	-0.215
700..1200	5 1200	kft	kṛt	162	355	-193	0.456	-1.132
700..1200	5 1200	nIla	nīla	158	291	-133	0.543	-0.881
700..1200	5 1200	manuzya	manuṣya	169	145	24	1.166	0.221
700..1200	5 1200	vicitra	vicitra	170	206	-36	0.825	-0.277
700..1200	5 1200	udara	udara	175	284	-109	0.616	-0.699
700..1200	5 1200	suvarRa	suvarṇa	151	247	-96	0.611	-0.710
700..1200	5 1200	aDI	adhī	153	120	33	1.275	0.350
700..1200	5 1200	parityaj	parityaj	167	179	-12	0.933	-0.100
700..1200	5 1200	caturdaSI	caturdaśī	174	129	45	1.349	0.432
700..1200	5 1200	kfta	kṛta	161	108	53	1.491	0.576
700..1200	5 1200	nimitta	nimitta	169	181	-12	0.934	-0.099
700..1200	5 1200	maraRa	maraṇa	168	203	-35	0.828	-0.273
700..1200	5 1200	udBava	udbhava	156	300	-144	0.520	-0.943
700..1200	5 1200	IdfSa	īdṛśa	153	200	-47	0.765	-0.386
700..1200	5 1200	mAnasa	mānasa	168	439	-271	0.383	-1.386
700..1200	5 1200	loBa	lobha	180	147	33	1.224	0.292
700..1200	5 1200	upavas	upavas	154	85	69	1.812	0.857
700..1200	5 1200	vyapoh	vyapoh	136	99	37	1.374	0.458
700..1200	5 1200	han	han	171	1359	-1188	0.126	-2.990
700..1200	5 1200	kusuma	kusuma	175	183	-8	0.956	-0.064
700..1200	5 1200	sattva	sattva	164	1121	-957	0.146	-2.773
700..1200	5 1200	mahant	mahant	157	140	17	1.121	0.165
700..1200	5 1200	upAya	upāya	171	367	-196	0.466	-1.102
700..1200	5 1200	vigraha	vigraha	155	179	-24	0.866	-0.208
700..1200	5 1200	astrI	astrī	159	3	156	53.000	5.728
700..1200	5 1200	ASaya	āśaya	158	178	-20	0.888	-0.172
700..1200	5 1200	vismaya	vismaya	160	150	10	1.067	0.093
700..1200	5 1200	prakf	prakṛ	167	172	-5	0.971	-0.043
700..1200	5 1200	saNga	saṅga	166	174	-8	0.954	-0.068
700..1200	5 1200	kartf	kartṛ	160	424	-264	0.377	-1.406
700..1200	5 1200	saMvatsara	saṁvatsara	142	140	2	1.014	0.020
700..1200	5 1200	rAkzasa	rākṣasa	163	225	-62	0.724	-0.465
700..1200	5 1200	jIvita	jīvita	154	200	-46	0.770	-0.377
700..1200	5 1200	svapna	svapna	161	260	-99	0.619	-0.691
700..1200	5 1200	bali	bali	161	227	-66	0.709	-0.496
700..1200	5 1200	nft	nṛt	161	150	11	1.073	0.102
700..1200	5 1200	AKyA	ākhyā	156	1061	-905	0.147	-2.766
700..1200	5 1200	saMjYita	saṁjñita	139	109	30	1.275	0.351
700..1200	5 1200	naBas	nabhas	161	198	-37	0.813	-0.298
700..1200	5 1200	upama	upama	149	223	-74	0.668	-0.582
700..1200	5 1200	dEvata	daivata	158	119	39	1.328	0.409
700..1200	5 1200	dyuti	dyuti	137	115	22	1.191	0.253
700..1200	5 1200	saras	saras	162	153	9	1.059	0.082
700..1200	5 1200	svAmin	svāmin	157	180	-23	0.872	-0.197
700..1200	5 1200	SASvata	śāśvata	155	119	36	1.303	0.381
700..1200	5 1200	vinirmuc	vinirmuc	176	124	52	1.419	0.505
700..1200	5 1200	AyuDa	āyudha	158	140	18	1.129	0.174
700..1200	5 1200	ahaMkAra	ahaṁkāra	157	180	-23	0.872	-0.197
700..1200	5 1200	dakziRA	dakṣiṇā	150	143	7	1.049	0.069
700..1200	5 1200	vyoman	vyoman	168	305	-137	0.551	-0.860
700..1200	5 1200	vinASa	vināśa	169	141	28	1.199	0.261
700..1200	5 1200	utpAday	utpāday	150	93	57	1.613	0.690
700..1200	5 1200	nirIkz	nirīkṣ	150	103	47	1.456	0.542
700..1200	5 1200	vihA	vihā	162	162	0	1.000	0.000
700..1200	5 1200	nASa	nāśa	166	180	-14	0.922	-0.117
700..1200	5 1200	arTin	arthin	163	228	-65	0.715	-0.484
700..1200	5 1200	SfNga	śṛṅga	158	136	22	1.162	0.216
700..1200	5 1200	aS	aś	142	173	-31	0.821	-0.285
700..1200	5 1200	grahaRa	grahaṇa	160	264	-104	0.606	-0.722
700..1200	5 1200	ADA	ādhā	156	137	19	1.139	0.187
700..1200	5 1200	visfj	visṛj	149	141	8	1.057	0.080
700..1200	5 1200	niSAmay	niśāmay	140	130	10	1.077	0.107
700..1200	5 1200	narADipa	narādhipa	135	104	31	1.298	0.376
700..1200	5 1200	saMkzepa	saṁkṣepa	153	132	21	1.159	0.213
700..1200	5 1200	satI	satī	147	121	26	1.215	0.281
700..1200	5 1200	sadfSa	sadṛśa	164	263	-99	0.624	-0.681
700..1200	5 1200	DArmika	dhārmika	144	95	49	1.516	0.600
700..1200	5 1200	sfzwi	sṛṣṭi	158	227	-69	0.696	-0.523
700..1200	5 1200	sita	sita	151	269	-118	0.561	-0.833
700..1200	5 1200	himavant	himavant	147	103	44	1.427	0.513
700..1200	5 1200	sAman	sāman	153	129	24	1.186	0.246
700..1200	5 1200	puruzottama	puruṣottama	129	109	20	1.183	0.243
700..1200	5 1200	dAruRa	dāruṇa	141	152	-11	0.928	-0.108
700..1200	5 1200	nyas	nyas	153	291	-138	0.526	-0.927
700..1200	5 1200	Gna	ghna	168	363	-195	0.463	-1.112
700..1200	5 1200	vIkz	vīkṣ	149	176	-27	0.847	-0.240
700..1200	5 1200	satya	satya	156	720	-564	0.217	-2.206
700..1200	5 1200	saMdeha	saṁdeha	163	181	-18	0.901	-0.151
700..1200	5 1200	DUpa	dhūpa	159	144	15	1.104	0.143
700..1200	5 1200	nakzatra	nakṣatra	153	139	14	1.101	0.138
700..1200	5 1200	BAra	bhāra	165	160	5	1.031	0.044
700..1200	5 1200	yudDa	yuddha	160	240	-80	0.667	-0.585
700..1200	5 1200	dfS	dṛś	162	3939	-3777	0.041	-4.604
700..1200	5 1200	daMzwra	daṁṣṭra	141	113	28	1.248	0.319
700..1200	5 1200	Suka	śuka	160	269	-109	0.595	-0.750
700..1200	5 1200	meGa	megha	158	159	-1	0.994	-0.009
700..1200	5 1200	vfdDa	vṛddha	157	244	-87	0.643	-0.636
700..1200	5 1200	carAcara	carācara	129	101	28	1.277	0.353
700..1200	5 1200	prAYc	prāñc	144	175	-31	0.823	-0.281
700..1200	5 1200	paScima	paścima	153	178	-25	0.860	-0.218
700..1200	5 1200	karaRa	karaṇa	157	351	-194	0.447	-1.161
700..1200	5 1200	vAsa	vāsa	156	153	3	1.020	0.028
700..1200	5 1200	asTi	asthi	150	212	-62	0.708	-0.499
700..1200	5 1200	lokapAla	lokapāla	154	106	48	1.453	0.539
700..1200	5 1200	vajra	vajra	151	785	-634	0.192	-2.378
700..1200	5 1200	vAma	vāma	150	268	-118	0.560	-0.837
700..1200	5 1200	SAnti	śānti	142	204	-62	0.696	-0.523
700..1200	5 1200	dIp	dīp	159	162	-3	0.981	-0.027
700..1200	5 1200	nirgam	nirgam	152	191	-39	0.796	-0.330
700..1200	5 1200	akza	akṣa	160	351	-191	0.456	-1.133
700..1200	5 1200	aNgiras	aṅgiras	154	104	50	1.481	0.566
700..1200	5 1200	aNGri	aṅghri	155	95	60	1.632	0.706
700..1200	5 1200	acyuta	acyuta	140	137	3	1.022	0.031
700..1200	5 1200	saMskAra	saṁskāra	150	221	-71	0.679	-0.559
700..1200	5 1200	samADi	samādhi	152	142	10	1.070	0.098
700..1200	5 1200	samaya	samaya	154	184	-30	0.837	-0.257
700..1200	5 1200	avyakta	avyakta	149	330	-181	0.452	-1.147
700..1200	5 1200	stana	stana	151	156	-5	0.968	-0.047
700..1200	5 1200	vEzRava	vaiṣṇava	155	150	5	1.033	0.047
700..1200	5 1200	gIta	gīta	155	113	42	1.372	0.456
700..1200	5 1200	kratu	kratu	145	114	31	1.272	0.347
700..1200	5 1200	pradAna	pradāna	159	102	57	1.559	0.640
700..1200	5 1200	snApay	snāpay	144	101	43	1.426	0.512
700..1200	5 1200	kopa	kopa	157	243	-86	0.646	-0.630
700..1200	5 1200	saptama	saptama	145	156	-11	0.929	-0.105
700..1200	5 1200	ari	ari	151	109	42	1.385	0.470
700..1200	5 1200	SudDa	śuddha	151	183	-32	0.825	-0.277
700..1200	5 1200	AraB	ārabh	146	223	-77	0.655	-0.611
700..1200	5 1200	vitan	vitan	146	94	52	1.553	0.635
700..1200	5 1200	caturTa	caturtha	148	170	-22	0.871	-0.200
700..1200	5 1200	varuRa	varuṇa	141	113	28	1.248	0.319
700..1200	5 1200	raSmi	raśmi	146	114	32	1.281	0.357
700..1200	5 1200	tatpara	tatpara	129	116	13	1.112	0.153
700..1200	5 1200	sneha	sneha	149	328	-179	0.454	-1.138
700..1200	5 1200	harza	harṣa	152	188	-36	0.809	-0.307
700..1200	5 1200	pfzWa	pṛṣṭha	156	223	-67	0.700	-0.515
700..1200	5 1200	banDana	bandhana	134	224	-90	0.598	-0.741
700..1200	5 1200	alaMkf	alaṁkṛ	135	103	32	1.311	0.390
700..1200	5 1200	AnI	ānī	136	228	-92	0.596	-0.745
700..1200	5 1200	saMhf	saṁhṛ	147	116	31	1.267	0.342
700..1200	5 1200	keSa	keśa	146	225	-79	0.649	-0.624
700..1200	5 1200	adButa	adbhuta	133	154	-21	0.864	-0.212
700..1200	5 1200	zazWa	ṣaṣṭha	143	159	-16	0.899	-0.153
700..1200	5 1200	avasTA	avasthā	148	420	-272	0.352	-1.505
700..1200	5 1200	AcArya	ācārya	137	207	-70	0.662	-0.595
700..1200	5 1200	Akfti	ākṛti	145	223	-78	0.650	-0.621
700..1200	5 1200	sarpa	sarpa	144	193	-49	0.746	-0.423
700..1200	5 1200	vErAgya	vairāgya	150	124	26	1.210	0.275
700..1200	5 1200	arpay	arpay	138	151	-13	0.914	-0.130
700..1200	5 1200	uddiS	uddiś	152	137	15	1.109	0.150
700..1200	5 1200	upalaB	upalabh	134	130	4	1.031	0.044
700..1200	5 1200	ambuja	ambuja	133	130	3	1.023	0.033
700..1200	5 1200	fc	ṛc	139	87	52	1.598	0.676
700..1200	5 1200	Druva	dhruva	135	176	-41	0.767	-0.383
700..1200	5 1200	cAru	cāru	147	121	26	1.215	0.281
700..1200	5 1200	avyakta	avyakta	148	330	-182	0.448	-1.157
700..1200	5 1200	rakzas	rakṣas	144	147	-3	0.980	-0.030
700..1200	5 1200	jihvA	jihvā	146	138	8	1.058	0.081
700..1200	5 1200	dviguRa	dviguṇa	140	205	-65	0.683	-0.550
700..1200	5 1200	sTAvara	sthāvara	148	109	39	1.358	0.441
700..1200	5 1200	gAtra	gātra	154	130	24	1.185	0.244
700..1200	5 1200	guh	guh	147	115	32	1.278	0.354
700..1200	5 1200	buD	budh	138	266	-128	0.519	-0.947
700..1200	5 1200	carita	carita	148	132	16	1.121	0.165
700..1200	5 1200	abda	abda	150	170	-20	0.882	-0.181
700..1200	5 1200	ftu	ṛtu	131	138	-7	0.949	-0.075
700..1200	5 1200	vArARasI	vārāṇasī	136	121	15	1.124	0.169
700..1200	5 1200	arDa	ardha	139	691	-552	0.201	-2.314
700..1200	5 1200	dIna	dīna	148	120	28	1.233	0.303
700..1200	5 1200	hiraRya	hiraṇya	136	91	45	1.495	0.580
700..1200	5 1200	pratyakza	pratyakṣa	136	196	-60	0.694	-0.527
700..1200	5 1200	pUrvaka	pūrvaka	131	150	-19	0.873	-0.195
700..1200	5 1200	pAlay	pālay	137	133	4	1.030	0.043
700..1200	5 1200	avatf	avatṛ	135	168	-33	0.804	-0.316
700..1200	5 1200	Ahf	āhṛ	137	188	-51	0.729	-0.457
700..1200	5 1200	parikIrtay	parikīrtay	113	128	-15	0.883	-0.180
700..1200	5 1200	prArTay	prārthay	139	111	28	1.252	0.325
700..1200	5 1200	ajYAna	ajñāna	131	161	-30	0.814	-0.297
700..1200	5 1200	atri	atri	134	97	37	1.381	0.466
700..1200	5 1200	Buvana	bhuvana	143	186	-43	0.769	-0.379
700..1200	5 1200	maNgala	maṅgala	131	161	-30	0.814	-0.297
700..1200	5 1200	nidrA	nidrā	141	168	-27	0.839	-0.253
700..1200	5 1200	CAyA	chāyā	135	271	-136	0.498	-1.005
700..1200	5 1200	aSru	aśru	142	108	34	1.315	0.395
700..1200	5 1200	Akula	ākula	145	244	-99	0.594	-0.751
700..1200	5 1200	vAta	vāta	146	545	-399	0.268	-1.900
700..1200	5 1200	jyezWa	jyeṣṭha	137	161	-24	0.851	-0.233
700..1200	5 1200	vitta	vitta	144	115	29	1.252	0.324
700..1200	5 1200	viSvAtman	viśvātman	151	81	70	1.864	0.899
700..1200	5 1200	vfdDi	vṛddhi	145	269	-124	0.539	-0.892
700..1200	5 1200	preta	preta	141	104	37	1.356	0.439
700..1200	5 1200	rud	rud	133	130	3	1.023	0.033
700..1200	5 1200	viSiz	viśiṣ	132	157	-25	0.841	-0.250
700..1200	5 1200	parASara	parāśara	116	91	25	1.275	0.350
700..1200	5 1200	Bftya	bhṛtya	143	169	-26	0.846	-0.241
700..1200	5 1200	ambu	ambu	144	185	-41	0.778	-0.361
700..1200	5 1200	ayuta	ayuta	138	156	-18	0.885	-0.177
700..1200	5 1200	nava	nava	138	157	-19	0.879	-0.186
700..1200	5 1200	uraga	uraga	136	97	39	1.402	0.488
700..1200	5 1200	cAndrAyaRa	cāndrāyaṇa	128	83	45	1.542	0.625
700..1200	5 1200	SayyA	śayyā	136	125	11	1.088	0.122
700..1200	5 1200	bAnDava	bāndhava	125	130	-5	0.962	-0.057
700..1200	5 1200	bAhya	bāhya	137	233	-96	0.588	-0.766
700..1200	5 1200	anyonya	anyonya	131	154	-23	0.851	-0.233
700..1200	5 1200	BrU	bhrū	133	110	23	1.209	0.274
700..1200	5 1200	niyoga	niyoga	125	88	37	1.420	0.506
700..1200	5 1200	vAsin	vāsin	118	126	-8	0.937	-0.095
700..1200	5 1200	BAj	bhāj	124	133	-9	0.932	-0.101
700..1200	5 1200	Adara	ādara	129	146	-17	0.884	-0.179
700..1200	5 1200	yAna	yāna	142	101	41	1.406	0.492
700..1200	5 1200	maheSa	maheśa	144	88	56	1.636	0.710
700..1200	5 1200	Ikz	īkṣ	121	123	-2	0.984	-0.024
700..1200	5 1200	SaMs	śaṁs	129	191	-62	0.675	-0.566
700..1200	5 1200	aBizic	abhiṣic	131	105	26	1.248	0.319
700..1200	5 1200	udyam	udyam	126	149	-23	0.846	-0.242
700..1200	5 1200	niDA	nidhā	134	163	-29	0.822	-0.283
700..1200	5 1200	prayuj	prayuj	131	162	-31	0.809	-0.306
700..1200	5 1200	aDipa	adhipa	138	151	-13	0.914	-0.130
700..1200	5 1200	anAdi	anādi	126	113	13	1.115	0.157
700..1200	5 1200	saMniBa	saṁnibha	121	253	-132	0.478	-1.064
700..1200	5 1200	manda	manda	132	236	-104	0.559	-0.838
700..1200	5 1200	Apad	āpad	127	243	-116	0.523	-0.936
700..1200	5 1200	ABa	ābha	143	264	-121	0.542	-0.885
700..1200	5 1200	Arti	ārti	144	110	34	1.309	0.389
700..1200	5 1200	aSana	aśana	132	111	21	1.189	0.250
700..1200	5 1200	duHKita	duḥkhita	119	99	20	1.202	0.265
700..1200	5 1200	sUtra	sūtra	131	223	-92	0.587	-0.767
700..1200	5 1200	guhA	guhā	141	101	40	1.396	0.481
700..1200	5 1200	gamana	gamana	135	151	-16	0.894	-0.162
700..1200	5 1200	Ayam	āyam	140	121	19	1.157	0.210
700..1200	5 1200	utsfj	utsṛj	126	118	8	1.068	0.095
700..1200	5 1200	pratizWA	pratiṣṭhā	123	193	-70	0.637	-0.650
700..1200	5 1200	pramuc	pramuc	100	86	14	1.163	0.218
700..1200	5 1200	ananta	ananta	123	405	-282	0.304	-1.719
700..1200	5 1200	nIlalohita	nīlalohita	117	70	47	1.671	0.741
700..1200	5 1200	Uru	ūru	135	120	15	1.125	0.170
700..1200	5 1200	Agama	āgama	121	200	-79	0.605	-0.725
700..1200	5 1200	ripu	ripu	132	120	12	1.100	0.138
700..1200	5 1200	lABa	lābha	134	147	-13	0.912	-0.134
700..1200	5 1200	jAla	jāla	143	157	-14	0.911	-0.135
700..1200	5 1200	daDi	dadhi	128	135	-7	0.948	-0.077
700..1200	5 1200	brahmahatyA	brahmahatyā	120	90	30	1.333	0.415
700..1200	5 1200	anugrah	anugrah	129	105	24	1.229	0.297
700..1200	5 1200	anuBU	anubhū	126	79	47	1.595	0.673
700..1200	5 1200	Ipsay	īpsay	118	100	18	1.180	0.239
700..1200	5 1200	aGa	agha	135	89	46	1.517	0.601
700..1200	5 1200	kumBa	kumbha	137	179	-42	0.765	-0.386
700..1200	5 1200	sampad	sampad	121	365	-244	0.332	-1.593
700..1200	5 1200	fRa	ṛṇa	124	36	88	3.444	1.784
700..1200	5 1200	BAnu	bhānu	129	116	13	1.112	0.153
700..1200	5 1200	pAna	pāna	134	220	-86	0.609	-0.715
700..1200	5 1200	sUnu	sūnu	130	97	33	1.340	0.422
700..1200	5 1200	kziti	kṣiti	124	170	-46	0.729	-0.455
700..1200	5 1200	yAc	yāc	121	153	-32	0.791	-0.339
700..1200	5 1200	pIqay	pīḍay	119	152	-33	0.783	-0.353
700..1200	5 1200	Apad	āpad	136	243	-107	0.560	-0.837
700..1200	5 1200	prahas	prahas	128	77	51	1.662	0.733
700..1200	5 1200	saMvf	saṁvṛ	119	97	22	1.227	0.295
700..1200	5 1200	vicAraRA	vicāraṇā	89	116	-27	0.767	-0.382
700..1200	5 1200	yajus	yajus	129	75	54	1.720	0.782
700..1200	5 1200	yadu	yadu	132	83	49	1.590	0.669
700..1200	5 1200	vAda	vāda	133	94	39	1.415	0.501
700..1200	5 1200	SiKA	śikhā	135	151	-16	0.894	-0.162
700..1200	5 1200	SAsana	śāsana	115	133	-18	0.865	-0.210
700..1200	5 1200	vega	vega	136	142	-6	0.958	-0.062
700..1200	5 1200	vf	vṛ	130	266	-136	0.489	-1.033
700..1200	5 1200	SrAvay	śrāvay	115	77	38	1.494	0.579
700..1200	5 1200	vilokay	vilokay	120	159	-39	0.755	-0.406
700..1200	5 1200	kUwa	kūṭa	125	86	39	1.453	0.540
700..1200	5 1200	ambA	ambā	125	102	23	1.225	0.293
700..1200	5 1200	roman	roman	133	108	25	1.231	0.300
700..1200	5 1200	Danus	dhanus	123	141	-18	0.872	-0.197
700..1200	5 1200	pinAkin	pinākin	119	76	43	1.566	0.647
700..1200	5 1200	brahmacArin	brahmacārin	107	128	-21	0.836	-0.259
700..1200	5 1200	jval	jval	125	149	-24	0.839	-0.253
700..1200	5 1200	kapAla	kapāla	126	102	24	1.235	0.305
700..1200	5 1200	pakzin	pakṣin	122	141	-19	0.865	-0.209
700..1200	5 1200	Sveta	śveta	123	344	-221	0.358	-1.484
700..1200	5 1200	lakza	lakṣa	123	269	-146	0.457	-1.129
700..1200	5 1200	dfQa	dṛḍha	123	276	-153	0.446	-1.166
700..1200	5 1200	SiKara	śikhara	136	121	15	1.124	0.169
700..1200	5 1200	tfp	tṛp	115	112	3	1.027	0.038
700..1200	5 1200	uru	uru	132	67	65	1.970	0.978
700..1200	5 1200	DAtf	dhātṛ	119	125	-6	0.952	-0.071
700..1200	5 1200	vikrama	vikrama	121	147	-26	0.823	-0.281
700..1200	5 1200	avayava	avayava	127	114	13	1.114	0.156
700..1200	5 1200	AhAra	āhāra	129	292	-163	0.442	-1.179
700..1200	5 1200	jIva	jīva	128	293	-165	0.437	-1.195
700..1200	5 1200	hita	hita	125	486	-361	0.257	-1.959
700..1200	5 1200	sAyujya	sāyujya	131	79	52	1.658	0.730
700..1200	5 1200	veza	veṣa	130	84	46	1.548	0.630
700..1200	5 1200	guru	guru	121	1559	-1438	0.078	-3.688
700..1200	5 1200	SUlin	śūlin	108	83	25	1.301	0.380
700..1200	5 1200	prARAyAma	prāṇāyāma	115	106	9	1.085	0.118
700..1200	5 1200	kzi	kṣi	121	211	-90	0.573	-0.802
700..1200	5 1200	sU	sū	123	109	14	1.128	0.174
700..1200	5 1200	has	has	117	141	-24	0.830	-0.269
700..1200	5 1200	pratipad	pratipad	99	194	-95	0.510	-0.971
700..1200	5 1200	candana	candana	121	138	-17	0.877	-0.190
700..1200	5 1200	vyAKyA	vyākhyā	87	111	-24	0.784	-0.351
700..1200	5 1200	leKya	lekhya	126	4	122	31.500	4.977
700..1200	5 1200	kftsna	kṛtsna	129	106	23	1.217	0.283
700..1200	5 1200	atiTi	atithi	113	114	-1	0.991	-0.013
700..1200	5 1200	saMkASa	saṁkāśa	130	130	0	1.000	0.000
700..1200	5 1200	avatAra	avatāra	125	105	20	1.190	0.252
700..1200	5 1200	yAvat	yāvat	105	1103	-998	0.095	-3.393
700..1200	5 1200	vatsala	vatsala	109	88	21	1.239	0.309
700..1200	5 1200	vaDU	vadhū	126	160	-34	0.787	-0.345
700..1200	5 1200	vasu	vasu	122	173	-51	0.705	-0.504
700..1200	5 1200	mAlya	mālya	128	102	26	1.255	0.328
700..1200	5 1200	tAvat	tāvat	114	889	-775	0.128	-2.963
700..1200	5 1200	DarA	dharā	119	127	-8	0.937	-0.094
700..1200	5 1200	pARqu	pāṇḍu	131	292	-161	0.449	-1.156
700..1200	5 1200	pAtAla	pātāla	119	112	7	1.062	0.087
700..1200	5 1200	tryambaka	tryambaka	116	80	36	1.450	0.536
700..1200	5 1200	sarvajYa	sarvajña	119	147	-28	0.810	-0.305
700..1200	5 1200	vyakta	vyakta	119	182	-63	0.654	-0.613
700..1200	5 1200	brAhma	brāhma	111	100	11	1.110	0.151
700..1200	5 1200	AhvA	āhvā	110	131	-21	0.840	-0.252
700..1200	5 1200	udAhf	udāhṛ	99	127	-28	0.780	-0.359
700..1200	5 1200	vistf	vistṛ	116	112	4	1.036	0.051
700..1200	5 1200	oMkAra	oṁkāra	104	104	0	1.000	0.000
700..1200	5 1200	aGora	aghora	116	130	-14	0.892	-0.164
700..1200	5 1200	antika	antika	108	173	-65	0.624	-0.680
700..1200	5 1200	samAna	samāna	117	159	-42	0.736	-0.443
700..1200	5 1200	samudBava	samudbhava	98	98	0	1.000	0.000
700..1200	5 1200	umApati	umāpati	100	78	22	1.282	0.358
700..1200	5 1200	jagadguru	jagadguru	104	68	36	1.529	0.613
700..1200	5 1200	jagannATa	jagannātha	130	72	58	1.806	0.852
700..1200	5 1200	udBava	udbhava	112	300	-188	0.373	-1.421
700..1200	5 1200	aSuBa	aśubha	118	147	-29	0.803	-0.317
700..1200	5 1200	rakzA	rakṣā	125	128	-3	0.977	-0.034
700..1200	5 1200	rahita	rahita	124	166	-42	0.747	-0.421
700..1200	5 1200	mahAmati	mahāmati	100	77	23	1.299	0.377
700..1200	5 1200	dveza	dveṣa	121	104	17	1.163	0.218
700..1200	5 1200	pASupata	pāśupata	114	94	20	1.213	0.278
700..1200	5 1200	danta	danta	118	157	-39	0.752	-0.412
700..1200	5 1200	Sayana	śayana	119	114	5	1.044	0.062
700..1200	5 1200	muhUrta	muhūrta	120	136	-16	0.882	-0.181
700..1200	5 1200	bfhat	bṛhat	121	70	51	1.729	0.790
700..1200	5 1200	preman	preman	128	77	51	1.662	0.733
700..1200	5 1200	kup	kup	107	157	-50	0.682	-0.553
700..1200	5 1200	pA	pā	119	849	-730	0.140	-2.835
700..1200	5 1200	mad	mad	109	10806	-10697	0.010	-6.631
700..1200	5 1200	AkarRay	ākarṇay	108	151	-43	0.715	-0.484
700..1200	5 1200	kavi	kavi	116	129	-13	0.899	-0.153
700..1200	5 1200	kaSyapa	kaśyapa	119	100	19	1.190	0.251
700..1200	5 1200	aBaya	abhaya	117	114	3	1.026	0.037
700..1200	5 1200	kilbiza	kilbiṣa	89	83	6	1.072	0.101
700..1200	5 1200	kuru	kuru	121	209	-88	0.579	-0.788
700..1200	5 1200	amita	amita	128	66	62	1.939	0.956
700..1200	5 1200	manvantara	manvantara	101	75	26	1.347	0.429
700..1200	5 1200	mandira	mandira	110	163	-53	0.675	-0.567
700..1200	5 1200	DAnya	dhānya	111	216	-105	0.514	-0.960
700..1200	5 1200	Dvaja	dhvaja	114	121	-7	0.942	-0.086
700..1200	5 1200	Baga	bhaga	112	99	13	1.131	0.178
700..1200	5 1200	utsava	utsava	117	170	-53	0.688	-0.539
700..1200	5 1200	AScarya	āścarya	113	132	-19	0.856	-0.224
700..1200	5 1200	Asya	āsya	121	126	-5	0.960	-0.058
700..1200	5 1200	dvApara	dvāpara	114	70	44	1.629	0.704
700..1200	5 1200	svayamBu	svayambhu	112	85	27	1.318	0.398
700..1200	5 1200	SilA	śilā	119	322	-203	0.370	-1.436
700..1200	5 1200	Ka	kha	118	196	-78	0.602	-0.732
700..1200	5 1200	mfd	mṛd	113	565	-452	0.200	-2.322
700..1200	5 1200	bAla	bāla	116	452	-336	0.257	-1.962
700..1200	5 1200	prasaNga	prasaṅga	113	114	-1	0.991	-0.013
700..1200	5 1200	gad	gad	114	224	-110	0.509	-0.974
700..1200	5 1200	duz	duṣ	114	145	-31	0.786	-0.347
700..1200	5 1200	Alokay	ālokay	119	178	-59	0.669	-0.581
700..1200	5 1200	udi	udi	116	123	-7	0.943	-0.085
700..1200	5 1200	kUrma	kūrma	121	153	-32	0.791	-0.339
700..1200	5 1200	kElAsa	kailāsa	114	93	21	1.226	0.294
700..1200	5 1200	kartf	kartṛ	120	424	-304	0.283	-1.821
700..1200	5 1200	paNkaja	paṅkaja	114	72	42	1.583	0.663
700..1200	5 1200	parvan	parvan	108	115	-7	0.939	-0.091
700..1200	5 1200	kiMnara	kiṁnara	115	82	33	1.402	0.488
700..1200	5 1200	nAda	nāda	118	139	-21	0.849	-0.236
700..1200	5 1200	niDi	nidhi	109	165	-56	0.661	-0.598
700..1200	5 1200	Sreyas	śreyas	117	155	-38	0.755	-0.406
700..1200	5 1200	zoqaSan	ṣoḍaśan	112	294	-182	0.381	-1.392
700..1200	5 1200	vAhana	vāhana	115	123	-8	0.935	-0.097
700..1200	5 1200	AvaraRa	āvaraṇa	114	133	-19	0.857	-0.222
700..1200	5 1200	mahAdevI	mahādevī	124	89	35	1.393	0.478
700..1200	5 1200	jawA	jaṭā	114	92	22	1.239	0.309
700..1200	5 1200	pAvaka	pāvaka	109	121	-12	0.901	-0.151
700..1200	5 1200	taru	taru	119	149	-30	0.799	-0.324
700..1200	5 1200	mUtra	mūtra	122	427	-305	0.286	-1.807
700..1200	5 1200	divAkara	divākara	99	95	4	1.042	0.060
700..1200	5 1200	BA	bhā	117	210	-93	0.557	-0.844
700..1200	5 1200	pOtra	pautra	120	72	48	1.667	0.737
700..1200	5 1200	aDama	adhama	101	118	-17	0.856	-0.224
700..1200	5 1200	nyAya	nyāya	110	97	13	1.134	0.181
700..1200	5 1200	nizWA	niṣṭhā	119	103	16	1.155	0.208
700..1200	5 1200	maDyama	madhyama	103	147	-44	0.701	-0.513
700..1200	5 1200	naKa	nakha	119	141	-22	0.844	-0.245
700..1200	5 1200	carman	carman	116	101	15	1.149	0.200
700..1200	5 1200	izu	iṣu	119	60	59	1.983	0.988
700..1200	5 1200	yAtrA	yātrā	119	129	-10	0.922	-0.116
700..1200	5 1200	mAnuza	mānuṣa	111	171	-60	0.649	-0.623
700..1200	5 1200	Danya	dhanya	95	141	-46	0.674	-0.570
700..1200	5 1200	pArTiva	pārthiva	106	199	-93	0.533	-0.909
700..1200	5 1200	dayA	dayā	120	84	36	1.429	0.515
700..1200	5 1200	samman	samman	101	77	24	1.312	0.391
700..1200	5 1200	kapila	kapila	107	106	1	1.009	0.014
700..1200	5 1200	apatya	apatya	110	78	32	1.410	0.496
700..1200	5 1200	nftya	nṛtya	113	65	48	1.738	0.798
700..1200	5 1200	nareSvara	nareśvara	97	88	9	1.102	0.140
700..1200	5 1200	vijaya	vijaya	113	122	-9	0.926	-0.111
700..1200	5 1200	yozit	yoṣit	105	135	-30	0.778	-0.363
700..1200	5 1200	tfRa	tṛṇa	108	138	-30	0.783	-0.354
700..1200	5 1200	tretA	tretā	113	63	50	1.794	0.843
700..1200	5 1200	DAtu	dhātu	113	294	-181	0.384	-1.379
700..1200	5 1200	siMha	siṁha	104	181	-77	0.575	-0.799
700..1200	5 1200	svADyAya	svādhyāya	110	70	40	1.571	0.652
700..1200	5 1200	SaSin	śaśin	117	141	-24	0.830	-0.269
700..1200	5 1200	Sastra	śastra	113	169	-56	0.669	-0.581
700..1200	5 1200	viSAla	viśāla	119	101	18	1.178	0.237
700..1200	5 1200	pradakziRa	pradakṣiṇa	99	96	3	1.031	0.044
700..1200	5 1200	pIta	pīta	110	308	-198	0.357	-1.485
700..1200	5 1200	tan	tan	108	69	39	1.565	0.646
700..1200	5 1200	SoBay	śobhay	101	89	12	1.135	0.182
700..1200	5 1200	Iray	īray	99	115	-16	0.861	-0.216
700..1200	5 1200	Bakzay	bhakṣay	107	318	-211	0.336	-1.571
700..1200	5 1200	nipat	nipat	115	143	-28	0.804	-0.314
700..1200	5 1200	niram	niram	113	80	33	1.413	0.498
700..1200	5 1200	koSa	kośa	116	94	22	1.234	0.303
700..1200	5 1200	acala	acala	109	168	-59	0.649	-0.624
700..1200	5 1200	adri	adri	112	90	22	1.244	0.316
700..1200	5 1200	anDa	andha	109	143	-34	0.762	-0.392
700..1200	5 1200	aBimuKa	abhimukha	114	85	29	1.341	0.423
700..1200	5 1200	niScaya	niścaya	103	143	-40	0.720	-0.473
700..1200	5 1200	maDura	madhura	113	390	-277	0.290	-1.787
700..1200	5 1200	DArin	dhārin	98	86	12	1.140	0.188
700..1200	5 1200	viGna	vighna	108	137	-29	0.788	-0.343
700..1200	5 1200	cintA	cintā	113	155	-42	0.729	-0.456
700..1200	5 1200	Ayatana	āyatana	108	108	0	1.000	0.000
700..1200	5 1200	azwamI	aṣṭamī	102	96	6	1.062	0.087
700..1200	5 1200	raRa	raṇa	110	176	-66	0.625	-0.678
700..1200	5 1200	vayas	vayas	112	102	10	1.098	0.135
700..1200	5 1200	roga	roga	109	515	-406	0.212	-2.240
700..1200	5 1200	pallava	pallava	116	81	35	1.432	0.518
700..1200	5 1200	tvac	tvac	110	184	-74	0.598	-0.742
700..1200	5 1200	hAra	hāra	113	116	-3	0.974	-0.038
700..1200	5 1200	hiMsA	hiṁsā	104	60	44	1.733	0.794
700..1200	5 1200	svaDarma	svadharma	105	72	33	1.458	0.544
700..1200	5 1200	svara	svara	108	118	-10	0.915	-0.128
700..1200	5 1200	viBUti	vibhūti	103	91	12	1.132	0.179
700..1200	5 1200	SUnya	śūnya	108	206	-98	0.524	-0.932
700..1200	5 1200	gAmin	gāmin	96	87	9	1.103	0.142
700..1200	5 1200	mAs	mās	111	102	9	1.088	0.122
700..1200	5 1200	divasa	divasa	104	247	-143	0.421	-1.248
700..1200	5 1200	brahmacarya	brahmacarya	109	74	35	1.473	0.559
700..1200	5 1200	gras	gras	111	153	-42	0.725	-0.463
700..1200	5 1200	vfD	vṛdh	104	160	-56	0.650	-0.621
700..1200	5 1200	pUray	pūray	102	208	-106	0.490	-1.028
700..1200	5 1200	AdiS	ādiś	102	166	-64	0.614	-0.703
700..1200	5 1200	nibuD	nibudh	88	79	9	1.114	0.156
700..1200	5 1200	aDipati	adhipati	116	134	-18	0.866	-0.208
700..1200	5 1200	nirguRa	nirguṇa	102	80	22	1.275	0.350
700..1200	5 1200	marut	marut	107	96	11	1.115	0.157
700..1200	5 1200	SravaRa	śravaṇa	110	146	-36	0.753	-0.408
700..1200	5 1200	vArttA	vārttā	104	84	20	1.238	0.308
700..1200	5 1200	tridaSa	tridaśa	112	86	26	1.302	0.381
700..1200	5 1200	jvAlA	jvālā	108	127	-19	0.850	-0.234
700..1200	5 1200	guhya	guhya	107	149	-42	0.718	-0.478
700..1200	5 1200	SArdUla	śārdūla	116	64	52	1.812	0.858
700..1200	5 1200	kzuD	kṣudh	103	109	-6	0.945	-0.082
700..1200	5 1200	vfzwi	vṛṣṭi	110	156	-46	0.705	-0.504
700..1200	5 1200	piSAca	piśāca	112	97	15	1.155	0.207
700..1200	5 1200	dAsa	dāsa	112	71	41	1.577	0.658
700..1200	5 1200	prAyaScitta	prāyaścitta	112	82	30	1.366	0.450
700..1200	5 1200	pravftti	pravṛtti	98	145	-47	0.676	-0.565
700..1200	5 1200	aDigam	adhigam	97	67	30	1.448	0.534
700..1200	5 1200	vinaS	vinaś	102	129	-27	0.791	-0.339
700..1200	5 1200	vyAp	vyāp	108	147	-39	0.735	-0.445
700..1200	5 1200	samAvf	samāvṛ	90	63	27	1.429	0.515
700..1200	5 1200	viBUzay	vibhūṣay	95	82	13	1.159	0.212
700..1200	5 1200	ananya	ananya	105	60	45	1.750	0.807
700..1200	5 1200	paNkti	paṅkti	112	71	41	1.577	0.658
700..1200	5 1200	kAla	kāla	109	2171	-2062	0.050	-4.316
700..1200	5 1200	kuRqala	kuṇḍala	104	117	-13	0.889	-0.170
700..1200	5 1200	UrDva	ūrdhva	112	288	-176	0.389	-1.363
700..1200	5 1200	ozaDi	oṣadhi	107	108	-1	0.991	-0.013
700..1200	5 1200	Srotra	śrotra	105	92	13	1.141	0.191
700..1200	5 1200	zazwi	ṣaṣṭi	94	121	-27	0.777	-0.364
700..1200	5 1200	vikAra	vikāra	105	216	-111	0.486	-1.041
700..1200	5 1200	AQya	āḍhya	115	146	-31	0.788	-0.344
700..1200	5 1200	Arya	ārya	105	113	-8	0.929	-0.106
700..1200	5 1200	vartman	vartman	103	81	22	1.272	0.347
700..1200	5 1200	sraj	sraj	109	86	23	1.267	0.342
700..1200	5 1200	bfhaspati	bṛhaspati	82	90	-8	0.911	-0.134
700..1200	5 1200	balavat	balavat	109	128	-19	0.852	-0.232
700..1200	5 1200	anugam	anugam	104	131	-27	0.794	-0.333
700..1200	5 1200	tozay	toṣay	104	98	6	1.061	0.086
700..1200	5 1200	dAtf	dātṛ	106	105	1	1.010	0.014
700..1200	5 1200	Svan	śvan	97	107	-10	0.907	-0.142
700..1200	5 1200	saMkalpa	saṁkalpa	99	137	-38	0.723	-0.469
700..1200	5 1200	kAYcana	kāñcana	107	423	-316	0.253	-1.983
700..1200	5 1200	manyu	manyu	102	85	17	1.200	0.263
700..1200	5 1200	DUma	dhūma	107	162	-55	0.660	-0.598
700..1200	5 1200	BavAnI	bhavānī	107	55	52	1.945	0.960
700..1200	5 1200	Cattra	chattra	105	108	-3	0.972	-0.041
700..1200	5 1200	arGya	arghya	104	112	-8	0.929	-0.107
700..1200	5 1200	lalAwa	lalāṭa	103	85	18	1.212	0.277
700..1200	5 1200	druma	druma	102	98	4	1.041	0.058
700..1200	5 1200	sambanDa	sambandha	102	208	-106	0.490	-1.028
700..1200	5 1200	gAna	gāna	103	60	43	1.717	0.780
700..1200	5 1200	vistAra	vistāra	109	88	21	1.239	0.309
700..1200	5 1200	cyu	cyu	108	107	1	1.009	0.013
700..1200	5 1200	apahf	apahṛ	98	40	58	2.450	1.293
700..1200	5 1200	pre	pre	108	42	66	2.571	1.363
700..1200	5 1200	vijYApay	vijñāpay	101	96	5	1.052	0.073
700..1200	5 1200	vinyas	vinyas	105	145	-40	0.724	-0.466
700..1200	5 1200	samASri	samāśri	104	72	32	1.444	0.531
700..1200	5 1200	aNga	aṅga	108	999	-891	0.108	-3.209
700..1200	5 1200	kuRqa	kuṇḍa	100	127	-27	0.787	-0.345
700..1200	5 1200	uras	uras	102	70	32	1.457	0.543
700..1200	5 1200	Candas	chandas	100	74	26	1.351	0.434
700..1200	5 1200	ADAra	ādhāra	101	148	-47	0.682	-0.551
700..1200	5 1200	azwama	aṣṭama	97	160	-63	0.606	-0.722
700..1200	5 1200	asi	asi	105	59	46	1.780	0.832
700..1200	5 1200	tyAga	tyāga	102	120	-18	0.850	-0.234
700..1200	5 1200	pARqava	pāṇḍava	100	203	-103	0.493	-1.021
700..1200	5 1200	sutA	sutā	104	239	-135	0.435	-1.200
700..1200	5 1200	viparyaya	viparyaya	81	108	-27	0.750	-0.415
700..1200	5 1200	SAKA	śākhā	108	96	12	1.125	0.170
700..1200	5 1200	vfzaDvaja	vṛṣadhvaja	81	87	-6	0.931	-0.103
700..1200	5 1200	coday	coday	102	77	25	1.325	0.406
700..1200	5 1200	Acam	ācam	94	80	14	1.175	0.233
700..1200	5 1200	vyAhf	vyāhṛ	103	71	32	1.451	0.537
700..1200	5 1200	kfpA	kṛpā	106	103	3	1.029	0.041
700..1200	5 1200	niBa	nibha	109	158	-49	0.690	-0.536
700..1200	5 1200	ESvara	aiśvara	99	74	25	1.338	0.420
700..1200	5 1200	Dfti	dhṛti	102	97	5	1.052	0.073
700..1200	5 1200	Badra	bhadra	107	233	-126	0.459	-1.123
700..1200	5 1200	utpala	utpala	107	96	11	1.115	0.157
700..1200	5 1200	Ajya	ājya	102	266	-164	0.383	-1.383
700..1200	5 1200	ArADana	ārādhana	104	73	31	1.425	0.511
700..1200	5 1200	mADava	mādhava	87	154	-67	0.565	-0.824
700..1200	5 1200	dama	dama	88	52	36	1.692	0.759
700..1200	5 1200	vyasana	vyasana	100	105	-5	0.952	-0.070
700..1200	5 1200	vidyut	vidyut	97	103	-6	0.942	-0.087
700..1200	5 1200	gfhasTa	gṛhastha	99	66	33	1.500	0.585
700..1200	5 1200	gotra	gotra	101	73	28	1.384	0.468
700..1200	5 1200	gOrava	gaurava	97	123	-26	0.789	-0.343
700..1200	5 1200	krIqA	krīḍā	105	110	-5	0.955	-0.067
700..1200	5 1200	purARa	purāṇa	102	285	-183	0.358	-1.482
700..1200	5 1200	buDa	budha	94	331	-237	0.284	-1.816
700..1200	5 1200	niSci	niści	102	111	-9	0.919	-0.122
700..1200	5 1200	samAviS	samāviś	96	77	19	1.247	0.318
700..1200	5 1200	kapilA	kapilā	98	62	36	1.581	0.661
700..1200	5 1200	anuBAva	anubhāva	100	45	55	2.222	1.152
700..1200	5 1200	paryanta	paryanta	105	189	-84	0.556	-0.848
700..1200	5 1200	nfpati	nṛpati	101	160	-59	0.631	-0.664
700..1200	5 1200	aByAsa	abhyāsa	107	151	-44	0.709	-0.497
700..1200	5 1200	ambikA	ambikā	95	89	6	1.067	0.094
700..1200	5 1200	marIci	marīci	95	80	15	1.188	0.248
700..1200	5 1200	etAvat	etāvat	77	107	-30	0.720	-0.475
700..1200	5 1200	udDava	uddhava	99	56	43	1.768	0.822
700..1200	5 1200	vAmadeva	vāmadeva	95	66	29	1.439	0.525
700..1200	5 1200	tIvra	tīvra	105	193	-88	0.544	-0.878
700..1200	5 1200	tripura	tripura	102	63	39	1.619	0.695
700..1200	5 1200	devakI	devakī	102	71	31	1.437	0.523
700..1200	5 1200	sAvitrI	sāvitrī	97	62	35	1.565	0.646
700..1200	5 1200	pralaya	pralaya	102	114	-12	0.895	-0.160
700..1200	5 1200	anuzWA	anuṣṭhā	86	86	0	1.000	0.000
700..1200	5 1200	lakzay	lakṣay	88	151	-63	0.583	-0.779
700..1200	5 1200	nivas	nivas	95	83	12	1.145	0.195
700..1200	5 1200	tapasvin	tapasvin	95	73	22	1.301	0.380
700..1200	5 1200	akzi	akṣi	102	114	-12	0.895	-0.160
700..1200	5 1200	vftta	vṛtta	103	175	-72	0.589	-0.765
700..1200	5 1200	aMSu	aṁśu	101	81	20	1.247	0.318
700..1200	5 1200	matsya	matsya	92	220	-128	0.418	-1.258
700..1200	5 1200	avidyA	avidyā	87	90	-3	0.967	-0.049
700..1200	5 1200	ahi	ahi	99	111	-12	0.892	-0.165
700..1200	5 1200	varAha	varāha	97	86	11	1.128	0.174
700..1200	5 1200	rASi	rāśi	101	157	-56	0.643	-0.636
700..1200	5 1200	rOdra	raudra	102	103	-1	0.990	-0.014
700..1200	5 1200	havis	havis	93	55	38	1.691	0.758
700..1200	5 1200	gOtama	gautama	92	84	8	1.095	0.131
700..1200	5 1200	gamBIra	gambhīra	102	107	-5	0.953	-0.069
700..1200	5 1200	tf	tṛ	92	89	3	1.034	0.048
700..1200	5 1200	yojay	yojay	83	289	-206	0.287	-1.800
700..1200	5 1200	vaD	vadh	92	125	-33	0.736	-0.442
700..1200	5 1200	Acakz	ācakṣ	92	93	-1	0.989	-0.016
700..1200	5 1200	saMspfS	saṁspṛś	95	76	19	1.250	0.322
700..1200	5 1200	saMgam	saṁgam	81	86	-5	0.942	-0.086
700..1200	5 1200	saMhAra	saṁhāra	98	173	-75	0.566	-0.820
700..1200	5 1200	mantrin	mantrin	94	308	-214	0.305	-1.712
700..1200	5 1200	naga	naga	99	49	50	2.020	1.015
700..1200	5 1200	varga	varga	101	189	-88	0.534	-0.904
700..1200	5 1200	mahiman	mahiman	101	75	26	1.347	0.429
700..1200	5 1200	pArvatI	pārvatī	88	159	-71	0.553	-0.853
700..1200	5 1200	pAvana	pāvana	83	74	9	1.122	0.166
700..1200	5 1200	tapoDana	tapodhana	81	45	36	1.800	0.848
700..1200	5 1200	tAdfSa	tādṛśa	94	131	-37	0.718	-0.479
700..1200	5 1200	daDIca	dadhīca	94	57	37	1.649	0.722
700..1200	5 1200	skanda	skanda	97	82	15	1.183	0.242
700..1200	5 1200	stava	stava	95	49	46	1.939	0.955
700..1200	5 1200	Sarad	śarad	94	88	6	1.068	0.095
700..1200	5 1200	vinASana	vināśana	79	121	-42	0.653	-0.615
700..1200	5 1200	mud	mud	94	222	-128	0.423	-1.240
700..1200	5 1200	pramuKa	pramukha	102	82	20	1.244	0.315
700..1200	5 1200	cal	cal	100	128	-28	0.781	-0.356
700..1200	5 1200	praSaMs	praśaṁs	94	186	-92	0.505	-0.985
700..1200	5 1200	prasU	prasū	90	72	18	1.250	0.322
700..1200	5 1200	Sama	śama	98	64	34	1.531	0.615
700..1200	5 1200	maRqay	maṇḍay	91	80	11	1.137	0.186
700..1200	5 1200	aravinda	aravinda	93	50	43	1.860	0.895
700..1200	5 1200	aruRa	aruṇa	100	151	-51	0.662	-0.595
700..1200	5 1200	Srama	śrama	96	111	-15	0.865	-0.209
700..1200	5 1200	cira	cira	92	134	-42	0.687	-0.543
700..1200	5 1200	Ardra	ārdra	92	115	-23	0.800	-0.322
700..1200	5 1200	yogya	yogya	97	170	-73	0.571	-0.809
700..1200	5 1200	rahasya	rahasya	92	90	2	1.022	0.032
700..1200	5 1200	vallaBa	vallabha	87	97	-10	0.897	-0.157
700..1200	5 1200	laya	laya	93	121	-28	0.769	-0.380
700..1200	5 1200	dvijasattama	dvijasattama	79	50	29	1.580	0.660
700..1200	5 1200	DaraRI	dharaṇī	96	74	22	1.297	0.376
700..1200	5 1200	Sakya	śakya	93	119	-26	0.782	-0.356
700..1200	5 1200	mAheSvara	māheśvara	94	67	27	1.403	0.488
700..1200	5 1200	purogama	purogama	75	58	17	1.293	0.371
700..1200	5 1200	pfTu	pṛthu	93	139	-46	0.669	-0.580
700..1200	5 1200	pravara	pravara	101	82	19	1.232	0.301
700..1200	5 1200	e	e	89	179	-90	0.497	-1.008
700..1200	5 1200	samutpad	samutpad	101	74	27	1.365	0.449
700..1200	5 1200	kanaka	kanaka	94	272	-178	0.346	-1.533
700..1200	5 1200	kanyakA	kanyakā	91	154	-63	0.591	-0.759
700..1200	5 1200	kftAYjali	kṛtāñjali	82	66	16	1.242	0.313
700..1200	5 1200	akzara	akṣara	91	269	-178	0.338	-1.564
700..1200	5 1200	anurUpa	anurūpa	95	63	32	1.508	0.593
700..1200	5 1200	BUyas	bhūyas	89	370	-281	0.241	-2.056
700..1200	5 1200	BAgavata	bhāgavata	97	89	8	1.090	0.124
700..1200	5 1200	udyAna	udyāna	91	115	-24	0.791	-0.338
700..1200	5 1200	AramBa	ārambha	91	94	-3	0.968	-0.047
700..1200	5 1200	ASu	āśu	93	255	-162	0.365	-1.455
700..1200	5 1200	rahas	rahas	95	95	0	1.000	0.000
700..1200	5 1200	yadfcCA	yadṛcchā	86	64	22	1.344	0.426
700..1200	5 1200	varDana	vardhana	77	95	-18	0.811	-0.303
700..1200	5 1200	tuzwi	tuṣṭi	92	64	28	1.438	0.524
700..1200	5 1200	pavitra	pavitra	88	131	-43	0.672	-0.574
700..1200	5 1200	sevA	sevā	87	174	-87	0.500	-1.000
700..1200	5 1200	stotra	stotra	96	102	-6	0.941	-0.087
700..1200	5 1200	suBaga	subhaga	97	151	-54	0.642	-0.638
700..1200	5 1200	hastin	hastin	84	100	-16	0.840	-0.252
700..1200	5 1200	sva	sva	95	2965	-2870	0.032	-4.964
700..1200	5 1200	vyAGra	vyāghra	91	108	-17	0.843	-0.247
700..1200	5 1200	SuklatIrTa	śuklatīrtha	89	53	36	1.679	0.748
700..1200	5 1200	SyAma	śyāma	92	120	-28	0.767	-0.383
700..1200	5 1200	puwa	puṭa	97	678	-581	0.143	-2.805
700..1200	5 1200	praSna	praśna	93	91	2	1.022	0.031
700..1200	5 1200	kzam	kṣam	80	78	2	1.026	0.037
700..1200	5 1200	rAj	rāj	80	103	-23	0.777	-0.365
700..1200	5 1200	Suc	śuc	84	171	-87	0.491	-1.026
700..1200	5 1200	Sap	śap	93	108	-15	0.861	-0.216
700..1200	5 1200	nivAray	nivāray	84	94	-10	0.894	-0.162
700..1200	5 1200	viji	viji	92	110	-18	0.836	-0.258
700..1200	5 1200	aDyayana	adhyayana	93	71	22	1.310	0.389
700..1200	5 1200	anitya	anitya	70	63	7	1.111	0.152
700..1200	5 1200	araRya	araṇya	93	85	8	1.094	0.130
700..1200	5 1200	nirmala	nirmala	92	145	-53	0.634	-0.656
700..1200	5 1200	Avaha	āvaha	76	81	-5	0.938	-0.092
700..1200	5 1200	skanDa	skandha	91	102	-11	0.892	-0.165
700..1200	5 1200	hfzIkeSa	hṛṣīkeśa	92	57	35	1.614	0.691
700..1200	5 1200	svarRa	svarṇa	91	458	-367	0.199	-2.331
700..1200	5 1200	Sukra	śukra	87	317	-230	0.274	-1.865
700..1200	5 1200	SElAdi	śailādi	64	43	21	1.488	0.574
700..1200	5 1200	gaReSvara	gaṇeśvara	82	53	29	1.547	0.630
700..1200	5 1200	vivAda	vivāda	91	50	41	1.820	0.864
700..1200	5 1200	pulastya	pulastya	85	60	25	1.417	0.503
700..1200	5 1200	dAsI	dāsī	95	59	36	1.610	0.687
700..1200	5 1200	prARin	prāṇin	89	130	-41	0.685	-0.547
700..1200	5 1200	prAjYa	prājña	98	102	-4	0.961	-0.058
700..1200	5 1200	kﾱp	kﾱp	76	0	76	inf	inf
700..1200	5 1200	juz	juṣ	97	92	5	1.054	0.076
700..1200	5 1200	puz	puṣ	88	89	-1	0.989	-0.016
700..1200	5 1200	SAs	śās	90	80	10	1.125	0.170
700..1200	5 1200	nind	nind	81	131	-50	0.618	-0.694
700..1200	5 1200	Akram	ākram	91	142	-51	0.641	-0.642
700..1200	5 1200	nizev	niṣev	82	71	11	1.155	0.208
700..1200	5 1200	praRaS	praṇaś	73	59	14	1.237	0.307
700..1200	5 1200	vicintay	vicintay	81	110	-29	0.736	-0.442
700..1200	5 1200	same	same	87	70	17	1.243	0.314
700..1200	5 1200	parigraha	parigraha	75	78	-3	0.962	-0.057
700..1200	5 1200	kAzWa	kāṣṭha	82	132	-50	0.621	-0.687
700..1200	5 1200	samavAya	samavāya	85	69	16	1.232	0.301
700..1200	5 1200	nizkala	niṣkala	89	76	13	1.171	0.228
700..1200	5 1200	Dvani	dhvani	94	108	-14	0.870	-0.200
700..1200	5 1200	nagara	nagara	82	148	-66	0.554	-0.852
700..1200	5 1200	BikzA	bhikṣā	86	75	11	1.147	0.197
700..1200	5 1200	Adideva	ādideva	84	48	36	1.750	0.807
700..1200	5 1200	AKyAna	ākhyāna	92	47	45	1.957	0.969
700..1200	5 1200	itihAsa	itihāsa	88	52	36	1.692	0.759
700..1200	5 1200	jarA	jarā	89	272	-183	0.327	-1.612
700..1200	5 1200	svaka	svaka	92	52	40	1.769	0.823
700..1200	5 1200	SUlaBeda	śūlabheda	90	49	41	1.837	0.877
700..1200	5 1200	SuBra	śubhra	96	109	-13	0.881	-0.183
700..1200	5 1200	Kaqga	khaḍga	90	160	-70	0.562	-0.830
700..1200	5 1200	kzamA	kṣamā	76	62	14	1.226	0.294
700..1200	5 1200	miTuna	mithuna	92	70	22	1.314	0.394
700..1200	5 1200	darBa	darbha	86	71	15	1.211	0.277
700..1200	5 1200	dayita	dayita	92	85	7	1.082	0.114
700..1200	5 1200	prakASa	prakāśa	83	281	-198	0.295	-1.759
700..1200	5 1200	aByarc	abhyarc	87	72	15	1.208	0.273
700..1200	5 1200	dam	dam	94	53	41	1.774	0.827
700..1200	5 1200	upAgam	upāgam	76	98	-22	0.776	-0.367
700..1200	5 1200	daRqay	daṇḍay	77	14	63	5.500	2.459
700..1200	5 1200	viruD	virudh	86	169	-83	0.509	-0.975
700..1200	5 1200	samAyuj	samāyuj	95	126	-31	0.754	-0.407
700..1200	5 1200	kftya	kṛtya	91	78	13	1.167	0.222
700..1200	5 1200	aDara	adhara	92	111	-19	0.829	-0.271
700..1200	5 1200	paTa	patha	90	85	5	1.059	0.082
700..1200	5 1200	saMtati	saṁtati	80	85	-5	0.941	-0.087
700..1200	5 1200	nUpura	nūpura	84	73	11	1.151	0.202
700..1200	5 1200	manoraTa	manoratha	82	86	-4	0.953	-0.069
700..1200	5 1200	DAraRA	dhāraṇā	81	74	7	1.095	0.130
700..1200	5 1200	Barata	bharata	89	102	-13	0.873	-0.197
700..1200	5 1200	rAjavAhana	rājavāhana	87	0	87	inf	inf
700..1200	5 1200	vasudeva	vasudeva	86	64	22	1.344	0.426
700..1200	5 1200	jIva	jīva	90	293	-203	0.307	-1.703
700..1200	5 1200	pavana	pavana	86	116	-30	0.741	-0.432
700..1200	5 1200	snigDa	snigdha	87	273	-186	0.319	-1.650
700..1200	5 1200	haya	haya	88	130	-42	0.677	-0.563
700..1200	5 1200	gagana	gagana	87	195	-108	0.446	-1.164
700..1200	5 1200	mUlya	mūlya	89	88	1	1.011	0.016
700..1200	5 1200	pradeSa	pradeśa	90	60	30	1.500	0.585
700..1200	5 1200	bindu	bindu	89	167	-78	0.533	-0.908
700..1200	5 1200	pOruza	pauruṣa	84	81	3	1.037	0.052
700..1200	5 1200	balin	balin	84	128	-44	0.656	-0.608
700..1200	5 1200	Gana	ghana	87	308	-221	0.282	-1.824
700..1200	5 1200	upaviS	upaviś	80	117	-37	0.684	-0.548
700..1200	5 1200	upaSoBay	upaśobhay	76	55	21	1.382	0.467
700..1200	5 1200	prasTA	prasthā	79	135	-56	0.585	-0.773
700..1200	5 1200	vicar	vicar	84	77	7	1.091	0.126
700..1200	5 1200	vicAray	vicāray	77	76	1	1.013	0.019
700..1200	5 1200	saMyam	saṁyam	87	77	10	1.130	0.176
700..1200	5 1200	akza	akṣa	94	351	-257	0.268	-1.901
700..1200	5 1200	antaka	antaka	76	123	-47	0.618	-0.695
700..1200	5 1200	pawa	paṭa	86	141	-55	0.610	-0.713
700..1200	5 1200	pativratA	pativratā	68	69	-1	0.986	-0.021
700..1200	5 1200	parAkrama	parākrama	81	104	-23	0.779	-0.361
700..1200	5 1200	Sruta	śruta	80	59	21	1.356	0.439
700..1200	5 1200	viSArada	viśārada	73	71	2	1.028	0.040
700..1200	5 1200	BaNga	bhaṅga	88	119	-31	0.739	-0.435
700..1200	5 1200	cit	cit	88	267	-179	0.330	-1.601
700..1200	5 1200	avimukta	avimukta	83	54	29	1.537	0.620
700..1200	5 1200	Atmaka	ātmaka	77	725	-648	0.106	-3.235
700..1200	5 1200	yava	yava	78	101	-23	0.772	-0.373
700..1200	5 1200	dvaMdva	dvaṁdva	81	175	-94	0.463	-1.111
700..1200	5 1200	govinda	govinda	88	94	-6	0.936	-0.095
700..1200	5 1200	pratizWA	pratiṣṭhā	88	193	-105	0.456	-1.133
700..1200	5 1200	purAtana	purātana	81	50	31	1.620	0.696
700..1200	5 1200	kruD	krudh	80	181	-101	0.442	-1.178
700..1200	5 1200	gA	gā	73	356	-283	0.205	-2.286
700..1200	5 1200	yam	yam	87	68	19	1.279	0.355
700..1200	5 1200	dviz	dviṣ	79	90	-11	0.878	-0.188
700..1200	5 1200	racay	racay	89	96	-7	0.927	-0.109
700..1200	5 1200	niyuj	niyuj	85	56	29	1.518	0.602
700..1200	5 1200	niras	niras	87	66	21	1.318	0.399
700..1200	5 1200	caturdaSan	caturdaśan	72	116	-44	0.621	-0.688
700..1200	5 1200	cara	cara	78	84	-6	0.929	-0.107
700..1200	5 1200	vI	vī	79	76	3	1.039	0.056
700..1200	5 1200	tiryaYc	tiryañc	81	72	9	1.125	0.170
700..1200	5 1200	aNgula	aṅgula	87	261	-174	0.333	-1.585
700..1200	5 1200	aNguli	aṅguli	74	123	-49	0.602	-0.733
700..1200	5 1200	atula	atula	89	44	45	2.023	1.016
700..1200	5 1200	BUri	bhūri	82	90	-8	0.911	-0.134
700..1200	5 1200	nivftti	nivṛtti	79	96	-17	0.823	-0.281
700..1200	5 1200	udAra	udāra	83	93	-10	0.892	-0.164
700..1200	5 1200	Atura	ātura	75	84	-9	0.893	-0.163
700..1200	5 1200	vakzas	vakṣas	79	74	5	1.068	0.094
700..1200	5 1200	vartin	vartin	82	109	-27	0.752	-0.411
700..1200	5 1200	mahIpAla	mahīpāla	87	81	6	1.074	0.103
700..1200	5 1200	mAtrA	mātrā	79	141	-62	0.560	-0.836
700..1200	5 1200	dUra	dūra	79	156	-77	0.506	-0.982
700..1200	5 1200	stamBa	stambha	82	131	-49	0.626	-0.676
700..1200	5 1200	stuti	stuti	82	85	-3	0.965	-0.052
700..1200	5 1200	sTira	sthira	85	138	-53	0.616	-0.699
700..1200	5 1200	suKin	sukhin	79	96	-17	0.823	-0.281
700..1200	5 1200	vyavahAra	vyavahāra	77	63	14	1.222	0.290
700..1200	5 1200	kzema	kṣema	89	58	31	1.534	0.618
700..1200	5 1200	vivAha	vivāha	84	88	-4	0.955	-0.067
700..1200	5 1200	praBava	prabhava	88	81	7	1.086	0.120
700..1200	5 1200	vihvala	vihvala	75	71	4	1.056	0.079
700..1200	5 1200	pUjana	pūjana	76	116	-40	0.655	-0.610
700..1200	5 1200	bimba	bimba	88	82	6	1.073	0.102
700..1200	5 1200	boDa	bodha	88	137	-49	0.642	-0.639
700..1200	5 1200	tAqay	tāḍay	81	100	-19	0.810	-0.304
700..1200	5 1200	atikram	atikram	86	76	10	1.132	0.178
700..1200	5 1200	DAv	dhāv	77	129	-52	0.597	-0.744
700..1200	5 1200	anviz	anviṣ	84	75	9	1.120	0.163
700..1200	5 1200	atyanta	atyanta	80	93	-13	0.860	-0.217
700..1200	5 1200	anucara	anucara	80	55	25	1.455	0.541
700..1200	5 1200	kalmaza	kalmaṣa	78	50	28	1.560	0.642
700..1200	5 1200	kAnana	kānana	76	107	-31	0.710	-0.494
700..1200	5 1200	kAraka	kāraka	69	136	-67	0.507	-0.979
700..1200	5 1200	saBA	sabhā	78	109	-31	0.716	-0.483
700..1200	5 1200	mandara	mandara	77	77	0	1.000	0.000
700..1200	5 1200	cAraRa	cāraṇa	79	105	-26	0.752	-0.410
700..1200	5 1200	jaNgama	jaṅgama	75	78	-3	0.962	-0.057
700..1200	5 1200	udaDi	udadhi	80	63	17	1.270	0.345
700..1200	5 1200	Ahvaya	āhvaya	78	76	2	1.026	0.037
700..1200	5 1200	yOvana	yauvana	82	120	-38	0.683	-0.549
700..1200	5 1200	rAzwra	rāṣṭra	79	57	22	1.386	0.471
700..1200	5 1200	varya	varya	86	50	36	1.720	0.782
700..1200	5 1200	lajjA	lajjā	82	112	-30	0.732	-0.450
700..1200	5 1200	triviDa	trividha	82	148	-66	0.554	-0.852
700..1200	5 1200	pAta	pāta	86	107	-21	0.804	-0.315
700..1200	5 1200	pAraga	pāraga	64	55	9	1.164	0.219
700..1200	5 1200	tanmAtra	tanmātra	83	111	-28	0.748	-0.419
700..1200	5 1200	sAkzin	sākṣin	78	79	-1	0.987	-0.018
700..1200	5 1200	hatyA	hatyā	82	71	11	1.155	0.208
700..1200	5 1200	viBava	vibhava	84	119	-35	0.706	-0.503
700..1200	5 1200	Sukla	śukla	83	265	-182	0.313	-1.675
700..1200	5 1200	SilAda	śilāda	79	31	48	2.548	1.350
700..1200	5 1200	kzama	kṣama	75	90	-15	0.833	-0.263
700..1200	5 1200	vedANga	vedāṅga	83	47	36	1.766	0.820
700..1200	5 1200	puzkara	puṣkara	72	100	-28	0.720	-0.474
700..1200	5 1200	dala	dala	82	240	-158	0.342	-1.549
700..1200	5 1200	prayAga	prayāga	75	57	18	1.316	0.396
700..1200	5 1200	prAkfta	prākṛta	78	78	0	1.000	0.000
700..1200	5 1200	Gana	ghana	80	308	-228	0.260	-1.945
700..1200	5 1200	majj	majj	84	80	4	1.050	0.070
700..1200	5 1200	AsaYj	āsañj	81	72	9	1.125	0.170
700..1200	5 1200	nASay	nāśay	77	71	6	1.085	0.117
700..1200	5 1200	saMsTApay	saṁsthāpay	78	78	0	1.000	0.000
700..1200	5 1200	samAKyA	samākhyā	86	91	-5	0.945	-0.082
700..1200	5 1200	arha	arha	86	89	-3	0.966	-0.049
700..1200	5 1200	aByarcay	abhyarcay	78	43	35	1.814	0.859
700..1200	5 1200	kUpa	kūpa	79	84	-5	0.940	-0.089
700..1200	5 1200	aDvan	adhvan	79	197	-118	0.401	-1.318
700..1200	5 1200	sattra	sattra	78	62	16	1.258	0.331
700..1200	5 1200	madana	madana	80	133	-53	0.602	-0.733
700..1200	5 1200	Druva	dhruva	76	176	-100	0.432	-1.212
700..1200	5 1200	vicAra	vicāra	74	82	-8	0.902	-0.148
700..1200	5 1200	BIma	bhīma	80	277	-197	0.289	-1.792
700..1200	5 1200	mahIpati	mahīpati	74	101	-27	0.733	-0.449
700..1200	5 1200	tApasa	tāpasa	76	58	18	1.310	0.390
700..1200	5 1200	tAmasa	tāmasa	71	79	-8	0.899	-0.154
700..1200	5 1200	sEnya	sainya	84	132	-48	0.636	-0.652
700..1200	5 1200	sAgra	sāgra	84	52	32	1.615	0.692
700..1200	5 1200	SUra	śūra	79	105	-26	0.752	-0.410
700..1200	5 1200	SAka	śāka	79	115	-36	0.687	-0.542
700..1200	5 1200	boDi	bodhi	78	7	71	11.143	3.478
700..1200	5 1200	prAya	prāya	81	92	-11	0.880	-0.184
700..1200	5 1200	prAYjali	prāñjali	82	34	48	2.412	1.270
700..1200	5 1200	gup	gup	79	121	-42	0.653	-0.615
700..1200	5 1200	vezway	veṣṭay	75	189	-114	0.397	-1.333
700..1200	5 1200	sPur	sphur	77	157	-80	0.490	-1.028
700..1200	5 1200	aBiyuj	abhiyuj	74	26	48	2.846	1.509
700..1200	5 1200	nirBid	nirbhid	73	69	4	1.058	0.081
700..1200	5 1200	pracoday	pracoday	54	50	4	1.080	0.111
700..1200	5 1200	samAsAday	samāsāday	82	61	21	1.344	0.427
700..1200	5 1200	aNka	aṅka	82	118	-36	0.695	-0.525
700..1200	5 1200	ayana	ayana	72	76	-4	0.947	-0.078
700..1200	5 1200	manIzin	manīṣin	62	48	14	1.292	0.369
700..1200	5 1200	vAruRa	vāruṇa	75	67	8	1.119	0.163
700..1200	5 1200	cApa	cāpa	82	85	-3	0.965	-0.052
700..1200	5 1200	aSuci	aśuci	75	39	36	1.923	0.943
700..1200	5 1200	Agneya	āgneya	78	147	-69	0.531	-0.914
700..1200	5 1200	ucita	ucita	71	178	-107	0.399	-1.326
700..1200	5 1200	mAna	māna	82	360	-278	0.228	-2.134
700..1200	5 1200	pArTiva	pārthiva	73	199	-126	0.367	-1.447
700..1200	5 1200	sTUla	sthūla	78	198	-120	0.394	-1.344
700..1200	5 1200	sADu	sādhu	76	404	-328	0.188	-2.410
700..1200	5 1200	sAMniDya	sāṁnidhya	78	54	24	1.444	0.531
700..1200	5 1200	svarUpa	svarūpa	83	255	-172	0.325	-1.619
700..1200	5 1200	gOrI	gaurī	76	98	-22	0.776	-0.367
700..1200	5 1200	garuqa	garuḍa	77	123	-46	0.626	-0.676
700..1200	5 1200	krUra	krūra	80	93	-13	0.860	-0.217
700..1200	5 1200	miSra	miśra	79	78	1	1.013	0.018
700..1200	5 1200	mfdu	mṛdu	78	267	-189	0.292	-1.775
700..1200	5 1200	praDAna	pradhāna	76	343	-267	0.222	-2.174
700..1200	5 1200	praBAta	prabhāta	70	95	-25	0.737	-0.441
700..1200	5 1200	pUrRa	pūrṇa	75	107	-32	0.701	-0.513
700..1200	5 1200	anuprAp	anuprāp	84	50	34	1.680	0.748
700..1200	5 1200	Akf	ākṛ	81	66	15	1.227	0.295
700..1200	5 1200	nikzip	nikṣip	73	254	-181	0.287	-1.799
700..1200	5 1200	vismi	vismi	72	84	-12	0.857	-0.222
700..1200	5 1200	candramas	candramas	72	50	22	1.440	0.526
700..1200	5 1200	sampf	sampṛ	79	108	-29	0.731	-0.451
700..1200	5 1200	saKi	sakhi	76	139	-63	0.547	-0.871
700..1200	5 1200	karAla	karāla	80	60	20	1.333	0.415
700..1200	5 1200	adarSana	adarśana	78	68	10	1.147	0.198
700..1200	5 1200	anfta	anṛta	78	56	22	1.393	0.478
700..1200	5 1200	karRikA	karṇikā	78	84	-6	0.929	-0.107
700..1200	5 1200	kAmyA	kāmyā	52	46	6	1.130	0.177
700..1200	5 1200	BUti	bhūti	78	65	13	1.200	0.263
700..1200	5 1200	nilaya	nilaya	79	56	23	1.411	0.496
700..1200	5 1200	niSA	niśā	71	188	-117	0.378	-1.405
700..1200	5 1200	nAnAviDa	nānāvidha	76	54	22	1.407	0.493
700..1200	5 1200	nAsA	nāsā	74	101	-27	0.733	-0.449
700..1200	5 1200	maDu	madhu	73	594	-521	0.123	-3.024
700..1200	5 1200	ekAnta	ekānta	76	83	-7	0.916	-0.127
700..1200	5 1200	ahorAtra	ahorātra	67	104	-37	0.644	-0.634
700..1200	5 1200	Avali	āvali	73	80	-7	0.912	-0.132
700..1200	5 1200	lohita	lohita	73	91	-18	0.802	-0.318
700..1200	5 1200	rAjYI	rājñī	72	86	-14	0.837	-0.256
700..1200	5 1200	mAnuza	mānuṣa	72	171	-99	0.421	-1.248
700..1200	5 1200	triguRa	triguṇa	74	166	-92	0.446	-1.166
700..1200	5 1200	trilocana	trilocana	68	45	23	1.511	0.596
700..1200	5 1200	paSupati	paśupati	72	46	26	1.565	0.646
700..1200	5 1200	sTala	sthala	79	82	-3	0.963	-0.054
700..1200	5 1200	srazwf	sraṣṭṛ	75	40	35	1.875	0.907
700..1200	5 1200	vEdika	vaidika	77	49	28	1.571	0.652
700..1200	5 1200	vyaTA	vyathā	72	59	13	1.220	0.287
700..1200	5 1200	svasTa	svastha	74	87	-13	0.851	-0.233
700..1200	5 1200	vidura	vidura	59	94	-35	0.628	-0.672
700..1200	5 1200	kzayaMkara	kṣayaṁkara	54	44	10	1.227	0.295
700..1200	5 1200	musala	musala	78	53	25	1.472	0.557
700..1200	5 1200	viS	viś	78	342	-264	0.228	-2.132
700..1200	5 1200	vedapAraga	vedapāraga	64	42	22	1.524	0.608
700..1200	5 1200	vfzaBa	vṛṣabha	74	58	16	1.276	0.351
700..1200	5 1200	bAlaka	bālaka	75	75	0	1.000	0.000
700..1200	5 1200	bAzpa	bāṣpa	82	75	7	1.093	0.129
700..1200	5 1200	pOra	paura	77	96	-19	0.802	-0.318
700..1200	5 1200	bAD	bādh	67	91	-24	0.736	-0.442
700..1200	5 1200	saYj	sañj	73	76	-3	0.961	-0.058
700..1200	5 1200	varRay	varṇay	71	128	-57	0.555	-0.850
700..1200	5 1200	tAray	tāray	76	57	19	1.333	0.415
700..1200	5 1200	prapaS	prapaś	71	42	29	1.690	0.757
700..1200	5 1200	prAdurBU	prādurbhū	72	51	21	1.412	0.497
700..1200	5 1200	aRu	aṇu	72	175	-103	0.411	-1.281
700..1200	5 1200	kaMsa	kaṁsa	78	60	18	1.300	0.379
700..1200	5 1200	kuSala	kuśala	74	119	-45	0.622	-0.685
700..1200	5 1200	aNguzWa	aṅguṣṭha	66	113	-47	0.584	-0.776
700..1200	5 1200	saMsTa	saṁstha	78	62	16	1.258	0.331
700..1200	5 1200	anuga	anuga	70	117	-47	0.598	-0.741
700..1200	5 1200	nyAsa	nyāsa	72	147	-75	0.490	-1.030
700..1200	5 1200	aprameya	aprameya	71	36	35	1.972	0.980
700..1200	5 1200	kAzWA	kāṣṭhā	74	48	26	1.542	0.624
700..1200	5 1200	kurukzetra	kurukṣetra	74	65	9	1.138	0.187
700..1200	5 1200	Bft	bhṛt	76	66	10	1.152	0.204
700..1200	5 1200	amfta	amṛta	71	546	-475	0.130	-2.943
700..1200	5 1200	BIma	bhīma	68	277	-209	0.245	-2.026
700..1200	5 1200	cihna	cihna	77	49	28	1.571	0.652
700..1200	5 1200	AdeSa	ādeśa	76	69	7	1.101	0.139
700..1200	5 1200	rajata	rajata	77	82	-5	0.939	-0.091
700..1200	5 1200	tEla	taila	70	551	-481	0.127	-2.977
700..1200	5 1200	pavitra	pavitra	69	131	-62	0.527	-0.925
700..1200	5 1200	tArA	tārā	71	83	-12	0.855	-0.225
700..1200	5 1200	sUri	sūri	65	41	24	1.585	0.665
700..1200	5 1200	sahas	sahas	78	57	21	1.368	0.453
700..1200	5 1200	suKa	sukha	74	733	-659	0.101	-3.308
700..1200	5 1200	hiraRyagarBa	hiraṇyagarbha	64	63	1	1.016	0.023
700..1200	5 1200	sahAya	sahāya	74	62	12	1.194	0.255
700..1200	5 1200	sAMKya	sāṁkhya	75	90	-15	0.833	-0.263
700..1200	5 1200	Sakti	śakti	76	1279	-1203	0.059	-4.073
700..1200	5 1200	vidyADara	vidyādhara	70	202	-132	0.347	-1.529
700..1200	5 1200	gaRapa	gaṇapa	77	21	56	3.667	1.874
700..1200	5 1200	budDa	buddha	68	18	50	3.778	1.918
700..1200	5 1200	praRASana	praṇāśana	61	44	17	1.386	0.471
700..1200	5 1200	arjay	arjay	69	88	-19	0.784	-0.351
700..1200	5 1200	gf	gṛ	69	50	19	1.380	0.465
700..1200	5 1200	Gawa	ghaṭa	73	243	-170	0.300	-1.735
700..1200	5 1200	aNkay	aṅkay	74	71	3	1.042	0.060
700..1200	5 1200	vfz	vṛṣ	71	63	8	1.127	0.172
700..1200	5 1200	boDay	bodhay	72	71	1	1.014	0.020
700..1200	5 1200	viDU	vidhū	73	47	26	1.553	0.635
700..1200	5 1200	samaByarcay	samabhyarcay	75	52	23	1.442	0.528
700..1200	5 1200	saMkula	saṁkula	66	72	-6	0.917	-0.126
700..1200	5 1200	antarikza	antarikṣa	73	55	18	1.327	0.408
700..1200	5 1200	kAka	kāka	68	129	-61	0.527	-0.924
700..1200	5 1200	anvaya	anvaya	71	87	-16	0.816	-0.293
700..1200	5 1200	kAla	kāla	75	2171	-2096	0.035	-4.855
700..1200	5 1200	samA	samā	63	59	4	1.068	0.095
700..1200	5 1200	samAgama	samāgama	57	62	-5	0.919	-0.121
700..1200	5 1200	niDana	nidhana	75	75	0	1.000	0.000
700..1200	5 1200	manorama	manorama	66	36	30	1.833	0.874
700..1200	5 1200	uzRa	uṣṇa	71	397	-326	0.179	-2.483
700..1200	5 1200	asu	asu	71	45	26	1.578	0.658
700..1200	5 1200	vatsara	vatsara	68	125	-57	0.544	-0.878
700..1200	5 1200	rAjarzi	rājarṣi	76	41	35	1.854	0.890
700..1200	5 1200	mETuna	maithuna	72	72	0	1.000	0.000
700..1200	5 1200	vasuMDarA	vasuṁdharā	65	47	18	1.383	0.468
700..1200	5 1200	mahizI	mahiṣī	75	87	-12	0.862	-0.214
700..1200	5 1200	mAruta	māruta	68	100	-32	0.680	-0.556
700..1200	5 1200	tfzRA	tṛṣṇā	69	157	-88	0.439	-1.186
700..1200	5 1200	hArin	hārin	67	100	-33	0.670	-0.578
700..1200	5 1200	svAyamBuva	svāyambhuva	70	76	-6	0.921	-0.119
700..1200	5 1200	SmaSAna	śmaśāna	73	81	-8	0.901	-0.150
700..1200	5 1200	SivA	śivā	67	119	-52	0.563	-0.829
700..1200	5 1200	vfnda	vṛnda	74	61	13	1.213	0.279
700..1200	5 1200	puzwi	puṣṭi	72	77	-5	0.935	-0.097
700..1200	5 1200	prajYA	prajñā	75	77	-2	0.974	-0.038
700..1200	5 1200	praRAma	praṇāma	76	56	20	1.357	0.441
700..1200	5 1200	liK	likh	67	114	-47	0.588	-0.767
700..1200	5 1200	aBinand	abhinand	68	69	-1	0.986	-0.021
700..1200	5 1200	varay	varay	69	44	25	1.568	0.649
700..1200	5 1200	trA	trā	74	56	18	1.321	0.402
700..1200	5 1200	Akzip	ākṣip	71	52	19	1.365	0.449
700..1200	5 1200	Aropay	āropay	74	80	-6	0.925	-0.112
700..1200	5 1200	upadiS	upadiś	67	132	-65	0.508	-0.978
700..1200	5 1200	upapad	upapad	66	103	-37	0.641	-0.642
700..1200	5 1200	niHsf	niḥsṛ	69	64	5	1.078	0.109
700..1200	5 1200	prakalpay	prakalpay	59	71	-12	0.831	-0.267
700..1200	5 1200	saMtyaj	saṁtyaj	70	66	4	1.061	0.085
700..1200	5 1200	samAyA	samāyā	76	90	-14	0.844	-0.244
700..1200	5 1200	kfzRadvEpAyana	kṛṣṇadvaipāyana	68	43	25	1.581	0.661
700..1200	5 1200	aDvara	adhvara	71	37	34	1.919	0.940
700..1200	5 1200	kalaSa	kalaśa	68	90	-22	0.756	-0.404
700..1200	5 1200	paramARu	paramāṇu	69	53	16	1.302	0.381
700..1200	5 1200	sadASiva	sadāśiva	62	101	-39	0.614	-0.704
700..1200	5 1200	anDakAra	andhakāra	70	39	31	1.795	0.844
700..1200	5 1200	maKa	makha	68	58	10	1.172	0.229
700..1200	5 1200	nirvARa	nirvāṇa	72	68	4	1.059	0.082
700..1200	5 1200	manuja	manuja	74	40	34	1.850	0.888
700..1200	5 1200	ekAdaSan	ekādaśan	68	78	-10	0.872	-0.198
700..1200	5 1200	BArgava	bhārgava	66	84	-18	0.786	-0.348
700..1200	5 1200	arjuna	arjuna	66	240	-174	0.275	-1.862
700..1200	5 1200	uttara	uttara	65	789	-724	0.082	-3.602
700..1200	5 1200	ASin	āśin	68	87	-19	0.782	-0.355
700..1200	5 1200	tfpti	tṛpti	73	76	-3	0.961	-0.058
700..1200	5 1200	trayI	trayī	73	47	26	1.553	0.635
700..1200	5 1200	steya	steya	67	27	40	2.481	1.311
700..1200	5 1200	gocara	gocara	67	135	-68	0.496	-1.011
700..1200	5 1200	SItala	śītala	72	120	-48	0.600	-0.737
700..1200	5 1200	meKalA	mekhalā	70	46	24	1.522	0.606
700..1200	5 1200	virAj	virāj	67	122	-55	0.549	-0.865
700..1200	5 1200	vfzaBaDvaja	vṛṣabhadhvaja	58	52	6	1.115	0.158
700..1200	5 1200	putrI	putrī	71	154	-83	0.461	-1.117
700..1200	5 1200	pOrRamAsI	paurṇamāsī	62	50	12	1.240	0.310
700..1200	5 1200	prakAra	prakāra	68	146	-78	0.466	-1.102
700..1200	5 1200	pratigraha	pratigraha	60	49	11	1.224	0.292
700..1200	5 1200	prasUti	prasūti	68	49	19	1.388	0.473
700..1200	5 1200	sah	sah	67	103	-36	0.650	-0.620
700..1200	5 1200	smi	smi	62	51	11	1.216	0.282
700..1200	5 1200	mocay	mocay	67	67	0	1.000	0.000
700..1200	5 1200	upahan	upahan	71	43	28	1.651	0.723
700..1200	5 1200	gopAy	gopāy	72	33	39	2.182	1.126
700..1200	5 1200	Goza	ghoṣa	72	88	-16	0.818	-0.290
700..1200	5 1200	pratI	pratī	64	63	1	1.016	0.023
700..1200	5 1200	praSam	praśam	65	72	-7	0.903	-0.148
700..1200	5 1200	virAj	virāj	60	122	-62	0.492	-1.024
700..1200	5 1200	aRu	aṇu	65	175	-110	0.371	-1.429
700..1200	5 1200	SradDA	śraddhā	64	228	-164	0.281	-1.833
700..1200	5 1200	saMniDA	saṁnidhā	67	53	14	1.264	0.338
700..1200	5 1200	dvAr	dvār	70	87	-17	0.805	-0.314
700..1200	5 1200	pad	pad	66	65	1	1.015	0.022
700..1200	5 1200	SaraRya	śaraṇya	71	46	25	1.543	0.626
700..1200	5 1200	Sveta	śveta	68	344	-276	0.198	-2.339
700..1200	5 1200	kapardin	kapardin	63	44	19	1.432	0.518
700..1200	5 1200	kalevara	kalevara	58	51	7	1.137	0.186
700..1200	5 1200	sanAtana	sanātana	61	205	-144	0.298	-1.749
700..1200	5 1200	madIya	madīya	71	70	1	1.014	0.020
700..1200	5 1200	manohara	manohara	58	93	-35	0.624	-0.681
700..1200	5 1200	Denu	dhenu	66	65	1	1.015	0.022
700..1200	5 1200	DErya	dhairya	66	78	-12	0.846	-0.241
700..1200	5 1200	ucCizwa	ucchiṣṭa	64	39	25	1.641	0.715
700..1200	5 1200	ityAdi	ityādi	69	894	-825	0.077	-3.696
700..1200	5 1200	roza	roṣa	68	46	22	1.478	0.564
700..1200	5 1200	mahApAtaka	mahāpātaka	70	39	31	1.795	0.844
700..1200	5 1200	tAmra	tāmra	66	444	-378	0.149	-2.750
700..1200	5 1200	sAmAnya	sāmānya	59	247	-188	0.239	-2.066
700..1200	5 1200	sAmya	sāmya	71	102	-31	0.696	-0.523
700..1200	5 1200	vEra	vaira	69	65	4	1.062	0.086
700..1200	5 1200	vinaya	vinaya	71	71	0	1.000	0.000
700..1200	5 1200	viBrama	vibhrama	68	75	-7	0.907	-0.141
700..1200	5 1200	Suzka	śuṣka	71	188	-117	0.378	-1.405
700..1200	5 1200	KyAti	khyāti	67	54	13	1.241	0.311
700..1200	5 1200	pulaha	pulaha	67	46	21	1.457	0.543
700..1200	5 1200	prAsAda	prāsāda	67	96	-29	0.698	-0.519
700..1200	5 1200	ruD	rudh	69	464	-395	0.149	-2.749
700..1200	5 1200	arday	arday	65	59	6	1.102	0.140
700..1200	5 1200	udBU	udbhū	69	94	-25	0.734	-0.446
700..1200	5 1200	unmad	unmad	67	53	14	1.264	0.338
700..1200	5 1200	saMsmf	saṁsmṛ	64	50	14	1.280	0.356
700..1200	5 1200	saMcintay	saṁcintay	62	73	-11	0.849	-0.236
700..1200	5 1200	samAsTA	samāsthā	70	34	36	2.059	1.042
700..1200	5 1200	sampravac	sampravac	66	66	0	1.000	0.000
700..1200	5 1200	anaNga	anaṅga	67	54	13	1.241	0.311
700..1200	5 1200	agraja	agraja	65	41	24	1.585	0.665
700..1200	5 1200	saMgraha	saṁgraha	59	110	-51	0.536	-0.899
700..1200	5 1200	anuja	anuja	67	97	-30	0.691	-0.534
700..1200	5 1200	kardama	kardama	66	65	1	1.015	0.022
700..1200	5 1200	aparADa	aparādha	63	44	19	1.432	0.518
700..1200	5 1200	nivAsin	nivāsin	61	54	7	1.130	0.176
700..1200	5 1200	nAyaka	nāyaka	65	50	15	1.300	0.379
700..1200	5 1200	fkza	ṛkṣa	67	111	-44	0.604	-0.728
700..1200	5 1200	evamAdi	evamādi	45	62	-17	0.726	-0.462
700..1200	5 1200	zoqaSa	ṣoḍaśa	59	117	-58	0.504	-0.988
700..1200	5 1200	DizRya	dhiṣṇya	68	42	26	1.619	0.695
700..1200	5 1200	upadeSa	upadeśa	68	131	-63	0.519	-0.946
700..1200	5 1200	cArin	cārin	65	87	-22	0.747	-0.421
700..1200	5 1200	alaMkAra	alaṁkāra	68	81	-13	0.840	-0.252
700..1200	5 1200	ArAma	ārāma	66	46	20	1.435	0.521
700..1200	5 1200	ASis	āśis	66	47	19	1.404	0.490
700..1200	5 1200	ASOca	āśauca	62	18	44	3.444	1.784
700..1200	5 1200	ranDra	randhra	69	59	10	1.169	0.226
700..1200	5 1200	lokapitAmaha	lokapitāmaha	68	32	36	2.125	1.087
700..1200	5 1200	ruDira	rudhira	64	100	-36	0.640	-0.644
700..1200	5 1200	valaya	valaya	71	69	2	1.029	0.041
700..1200	5 1200	vasanta	vasanta	60	92	-32	0.652	-0.617
700..1200	5 1200	vARI	vāṇī	67	64	3	1.047	0.066
700..1200	5 1200	janaka	janaka	62	112	-50	0.554	-0.853
700..1200	5 1200	jananI	jananī	66	82	-16	0.805	-0.313
700..1200	5 1200	sOKya	saukhya	71	58	13	1.224	0.292
700..1200	5 1200	hiraRmaya	hiraṇmaya	58	48	10	1.208	0.273
700..1200	5 1200	hutASana	hutāśana	56	54	2	1.037	0.052
700..1200	5 1200	hEma	haima	63	55	8	1.145	0.196
700..1200	5 1200	sAhasra	sāhasra	70	333	-263	0.210	-2.250
700..1200	5 1200	svaDA	svadhā	65	49	16	1.327	0.408
700..1200	5 1200	viDAtf	vidhātṛ	67	55	12	1.218	0.285
700..1200	5 1200	vibuDa	vibudha	67	70	-3	0.957	-0.063
700..1200	5 1200	giriSa	giriśa	71	43	28	1.651	0.723
700..1200	5 1200	kOSika	kauśika	63	70	-7	0.900	-0.152
700..1200	5 1200	mukuwa	mukuṭa	68	51	17	1.333	0.415
700..1200	5 1200	vizAda	viṣāda	68	91	-23	0.747	-0.420
700..1200	5 1200	pratyakza	pratyakṣa	56	196	-140	0.286	-1.807
700..1200	5 1200	vIraBadra	vīrabhadra	66	48	18	1.375	0.459
700..1200	5 1200	dAru	dāru	68	75	-7	0.907	-0.141
700..1200	5 1200	divOkas	divaukas	59	41	18	1.439	0.525
700..1200	5 1200	lI	lī	70	114	-44	0.614	-0.704
700..1200	5 1200	BaYj	bhañj	65	133	-68	0.489	-1.033
700..1200	5 1200	yuD	yudh	69	196	-127	0.352	-1.506
700..1200	5 1200	vAYC	vāñch	63	77	-14	0.818	-0.290
700..1200	5 1200	Akfz	ākṛṣ	67	129	-62	0.519	-0.945
700..1200	5 1200	nigrah	nigrah	68	35	33	1.943	0.958
700..1200	5 1200	niruD	nirudh	66	131	-65	0.504	-0.989
700..1200	5 1200	nirdah	nirdah	66	57	9	1.158	0.212
700..1200	5 1200	prekz	prekṣ	68	56	12	1.214	0.280
700..1200	5 1200	saMstu	saṁstu	58	36	22	1.611	0.688
700..1200	5 1200	saMtuz	saṁtuṣ	67	53	14	1.264	0.338
700..1200	5 1200	samutTA	samutthā	58	75	-17	0.773	-0.371
700..1200	5 1200	catuzwaya	catuṣṭaya	63	144	-81	0.438	-1.193
700..1200	5 1200	niS	niś	69	160	-91	0.431	-1.213
700..1200	5 1200	aByas	abhyas	63	76	-13	0.829	-0.271
700..1200	5 1200	visarjay	visarjay	53	69	-16	0.768	-0.381
700..1200	5 1200	gARapatya	gāṇapatya	67	36	31	1.861	0.896
700..1200	5 1200	kapola	kapola	65	52	13	1.250	0.322
700..1200	5 1200	kara	kara	65	957	-892	0.068	-3.880
700..1200	5 1200	ajina	ajina	67	39	28	1.718	0.781
700..1200	5 1200	adfzwa	adṛṣṭa	59	119	-60	0.496	-1.012
700..1200	5 1200	aDikAra	adhikāra	65	120	-55	0.542	-0.885
700..1200	5 1200	anukrama	anukrama	54	47	7	1.149	0.200
700..1200	5 1200	padavI	padavī	67	31	36	2.161	1.112
700..1200	5 1200	saMDi	saṁdhi	63	172	-109	0.366	-1.449
700..1200	5 1200	saMnyAsa	saṁnyāsa	63	60	3	1.050	0.070
700..1200	5 1200	aBra	abhra	70	366	-296	0.191	-2.386
700..1200	5 1200	manmaTa	manmatha	69	49	20	1.408	0.494
700..1200	5 1200	Urmi	ūrmi	63	41	22	1.537	0.620
700..1200	5 1200	naya	naya	65	46	19	1.413	0.499
700..1200	5 1200	BayaMkara	bhayaṁkara	56	54	2	1.037	0.052
700..1200	5 1200	Bukti	bhukti	66	81	-15	0.815	-0.295
700..1200	5 1200	Ceda	cheda	67	93	-26	0.720	-0.473
700..1200	5 1200	Atmavat	ātmavat	61	37	24	1.649	0.721
700..1200	5 1200	azwaka	aṣṭaka	63	178	-115	0.354	-1.498
700..1200	5 1200	Akara	ākara	62	70	-8	0.886	-0.175
700..1200	5 1200	AvAsa	āvāsa	66	59	7	1.119	0.162
700..1200	5 1200	vaRij	vaṇij	60	243	-183	0.247	-2.018
700..1200	5 1200	rava	rava	67	33	34	2.030	1.022
700..1200	5 1200	tulA	tulā	63	63	0	1.000	0.000
700..1200	5 1200	triMSat	triṁśat	60	85	-25	0.706	-0.503
700..1200	5 1200	jAgaraRa	jāgaraṇa	67	48	19	1.396	0.481
700..1200	5 1200	jAnu	jānu	63	105	-42	0.600	-0.737
700..1200	5 1200	dEva	daiva	61	224	-163	0.272	-1.877
700..1200	5 1200	dvijaSrezWa	dvijaśreṣṭha	67	36	31	1.861	0.896
700..1200	5 1200	sOra	saura	62	60	2	1.033	0.047
700..1200	5 1200	sAhasa	sāhasa	65	39	26	1.667	0.737
700..1200	5 1200	vyApin	vyāpin	65	67	-2	0.970	-0.044
700..1200	5 1200	SIta	śīta	67	290	-223	0.231	-2.114
700..1200	5 1200	SoBA	śobhā	66	61	5	1.082	0.114
700..1200	5 1200	Kura	khura	64	45	19	1.422	0.508
700..1200	5 1200	viraha	viraha	68	108	-40	0.630	-0.667
700..1200	5 1200	vIRA	vīṇā	66	114	-48	0.579	-0.788
700..1200	5 1200	vfttAnta	vṛttānta	67	170	-103	0.394	-1.343
700..1200	5 1200	pUruza	pūruṣa	60	45	15	1.333	0.415
700..1200	5 1200	pfTu	pṛthu	65	139	-74	0.468	-1.097
700..1200	5 1200	priyA	priyā	66	91	-25	0.725	-0.463
700..1200	5 1200	ad	ad	62	47	15	1.319	0.400
700..1200	5 1200	anujYA	anujñā	64	108	-44	0.593	-0.755
700..1200	5 1200	dUzay	dūṣay	62	81	-19	0.765	-0.386
700..1200	5 1200	nad	nad	61	57	4	1.070	0.098
700..1200	5 1200	tras	tras	67	57	10	1.175	0.233
700..1200	5 1200	duh	duh	67	47	20	1.426	0.512
700..1200	5 1200	aBiBU	abhibhū	62	60	2	1.033	0.047
700..1200	5 1200	vinI	vinī	61	43	18	1.419	0.504
700..1200	5 1200	viraYj	virañj	62	71	-9	0.873	-0.196
700..1200	5 1200	vihf	vihṛ	62	59	3	1.051	0.072
700..1200	5 1200	nirUpay	nirūpay	55	127	-72	0.433	-1.207
700..1200	5 1200	vIryavat	vīryavat	58	52	6	1.115	0.158
700..1200	5 1200	virUpAkza	virūpākṣa	66	39	27	1.692	0.759
700..1200	5 1200	Seza	śeṣa	63	431	-368	0.146	-2.774
700..1200	5 1200	atandrita	atandrita	53	44	9	1.205	0.268
700..1200	5 1200	anulepana	anulepana	51	52	-1	0.981	-0.028
700..1200	5 1200	antarAtman	antarātman	58	42	16	1.381	0.466
700..1200	5 1200	nirRaya	nirṇaya	56	29	27	1.931	0.949
700..1200	5 1200	nfsiMha	nṛsiṁha	65	42	23	1.548	0.630
700..1200	5 1200	samUha	samūha	60	44	16	1.364	0.447
700..1200	5 1200	aBizeka	abhiṣeka	66	68	-2	0.971	-0.043
700..1200	5 1200	amAtya	amātya	67	37	30	1.811	0.857
700..1200	5 1200	mastaka	mastaka	55	65	-10	0.846	-0.241
700..1200	5 1200	ekArRava	ekārṇava	58	37	21	1.568	0.649
700..1200	5 1200	ekAkin	ekākin	65	49	16	1.327	0.408
700..1200	5 1200	evaMviDa	evaṁvidha	52	89	-37	0.584	-0.775
700..1200	5 1200	upakAra	upakāra	66	65	1	1.015	0.022
700..1200	5 1200	vAsava	vāsava	55	61	-6	0.902	-0.149
700..1200	5 1200	BAvin	bhāvin	55	92	-37	0.598	-0.742
700..1200	5 1200	avani	avani	67	26	41	2.577	1.366
700..1200	5 1200	yugala	yugala	68	44	24	1.545	0.628
700..1200	5 1200	rasAtala	rasātala	63	42	21	1.500	0.585
700..1200	5 1200	yamunA	yamunā	65	84	-19	0.774	-0.370
700..1200	5 1200	mahiza	mahiṣa	61	64	-3	0.953	-0.069
700..1200	5 1200	mAnin	mānin	55	86	-31	0.640	-0.645
700..1200	5 1200	mAlin	mālin	61	44	17	1.386	0.471
700..1200	5 1200	rogin	rogin	61	47	14	1.298	0.376
700..1200	5 1200	duzwa	duṣṭa	63	50	13	1.260	0.333
700..1200	5 1200	jYAti	jñāti	64	38	26	1.684	0.752
700..1200	5 1200	tApa	tāpa	65	129	-64	0.504	-0.989
700..1200	5 1200	sOBAgya	saubhāgya	60	78	-18	0.769	-0.379
700..1200	5 1200	sItA	sītā	66	96	-30	0.688	-0.541
700..1200	5 1200	hAsa	hāsa	65	69	-4	0.942	-0.086
700..1200	5 1200	sADya	sādhya	68	78	-10	0.872	-0.198
700..1200	5 1200	sPuwa	sphuṭa	63	164	-101	0.384	-1.380
700..1200	5 1200	vivasvant	vivasvant	59	39	20	1.513	0.597
700..1200	5 1200	dru	dru	60	429	-369	0.140	-2.838
700..1200	5 1200	vartay	vartay	59	42	17	1.405	0.490
700..1200	5 1200	pAtay	pātay	59	195	-136	0.303	-1.725
700..1200	5 1200	avekz	avekṣ	61	34	27	1.794	0.843
700..1200	5 1200	aBiman	abhiman	60	80	-20	0.750	-0.415
700..1200	5 1200	niveSay	niveśay	57	101	-44	0.564	-0.825
700..1200	5 1200	nizad	niṣad	60	38	22	1.579	0.659
700..1200	5 1200	prajan	prajan	56	112	-56	0.500	-1.000
700..1200	5 1200	prahfz	prahṛṣ	60	71	-11	0.845	-0.243
700..1200	5 1200	prezay	preṣay	61	81	-20	0.753	-0.409
700..1200	5 1200	vigam	vigam	65	55	10	1.182	0.241
700..1200	5 1200	vijan	vijan	51	54	-3	0.944	-0.082
700..1200	5 1200	viBid	vibhid	62	43	19	1.442	0.528
700..1200	5 1200	viBAvay	vibhāvay	52	49	3	1.061	0.086
700..1200	5 1200	saMDA	saṁdhā	58	79	-21	0.734	-0.446
700..1200	5 1200	samAs	samās	64	39	25	1.641	0.715
700..1200	5 1200	apekza	apekṣa	61	41	20	1.488	0.573
700..1200	5 1200	aMSuka	aṁśuka	63	57	6	1.105	0.144
700..1200	5 1200	akfta	akṛta	56	40	16	1.400	0.485
700..1200	5 1200	kalyARa	kalyāṇa	62	72	-10	0.861	-0.216
700..1200	5 1200	kAnti	kānti	63	141	-78	0.447	-1.162
700..1200	5 1200	apavarga	apavarga	64	56	8	1.143	0.193
700..1200	5 1200	kuwumba	kuṭumba	56	42	14	1.333	0.415
700..1200	5 1200	BErava	bhairava	60	289	-229	0.208	-2.268
700..1200	5 1200	nirvfti	nirvṛti	55	55	0	1.000	0.000
700..1200	5 1200	nivAsa	nivāsa	66	54	12	1.222	0.290
700..1200	5 1200	nIla	nīla	56	291	-235	0.192	-2.378
700..1200	5 1200	aByudaya	abhyudaya	57	36	21	1.583	0.663
700..1200	5 1200	amBoja	ambhoja	66	53	13	1.245	0.316
700..1200	5 1200	arAti	arāti	63	32	31	1.969	0.977
700..1200	5 1200	nagna	nagna	54	44	10	1.227	0.295
700..1200	5 1200	BARqa	bhāṇḍa	63	203	-140	0.310	-1.688
700..1200	5 1200	jaGana	jaghana	63	67	-4	0.940	-0.089
700..1200	5 1200	ujjvala	ujjvala	56	108	-52	0.519	-0.948
700..1200	5 1200	avyaya	avyaya	48	221	-173	0.217	-2.203
700..1200	5 1200	Agamana	āgamana	63	58	5	1.086	0.119
700..1200	5 1200	duzkfta	duṣkṛta	55	42	13	1.310	0.389
700..1200	5 1200	tantra	tantra	63	165	-102	0.382	-1.389
700..1200	5 1200	tarpaRa	tarpaṇa	56	87	-31	0.644	-0.636
700..1200	5 1200	sureSvara	sureśvara	55	45	10	1.222	0.290
700..1200	5 1200	vyakti	vyakti	64	78	-14	0.821	-0.285
700..1200	5 1200	vitAna	vitāna	64	39	25	1.641	0.715
700..1200	5 1200	guRavat	guṇavat	60	61	-1	0.984	-0.024
700..1200	5 1200	SiSu	śiśu	58	87	-29	0.667	-0.585
700..1200	5 1200	vfzRi	vṛṣṇi	61	79	-18	0.772	-0.373
700..1200	5 1200	putraka	putraka	56	88	-32	0.636	-0.652
700..1200	5 1200	daSama	daśama	61	73	-12	0.836	-0.259
700..1200	5 1200	brahmarzi	brahmarṣi	61	33	28	1.848	0.886
700..1200	5 1200	brahmARqa	brahmāṇḍa	58	63	-5	0.921	-0.119
700..1200	5 1200	aS	aś	49	173	-124	0.283	-1.820
700..1200	5 1200	ape	ape	60	44	16	1.364	0.447
700..1200	5 1200	aBivand	abhivand	57	30	27	1.900	0.926
700..1200	5 1200	avagAh	avagāh	57	31	26	1.839	0.879
700..1200	5 1200	udIray	udīray	52	83	-31	0.627	-0.675
700..1200	5 1200	upaspfS	upaspṛś	55	38	17	1.447	0.533
700..1200	5 1200	nirdiS	nirdiś	56	118	-62	0.475	-1.075
700..1200	5 1200	prakzAlay	prakṣālay	56	62	-6	0.903	-0.147
700..1200	5 1200	saMskf	saṁskṛ	56	90	-34	0.622	-0.684
700..1200	5 1200	saMgrah	saṁgrah	63	77	-14	0.818	-0.290
700..1200	5 1200	pradApay	pradāpay	54	104	-50	0.519	-0.946
700..1200	5 1200	BEkzya	bhaikṣya	61	34	27	1.794	0.843
700..1200	5 1200	pratApavat	pratāpavat	56	36	20	1.556	0.637
700..1200	5 1200	mARqavya	māṇḍavya	52	42	10	1.238	0.308
700..1200	5 1200	saMgrAma	saṁgrāma	59	64	-5	0.922	-0.117
700..1200	5 1200	antaHpura	antaḥpura	58	85	-27	0.682	-0.551
700..1200	5 1200	paRa	paṇa	59	45	14	1.311	0.391
700..1200	5 1200	saBya	sabhya	54	10	44	5.400	2.433
700..1200	5 1200	parRa	parṇa	61	75	-14	0.813	-0.298
700..1200	5 1200	kAlAgni	kālāgni	57	51	6	1.118	0.160
700..1200	5 1200	kIrtana	kīrtana	51	39	12	1.308	0.387
700..1200	5 1200	samarTa	samartha	57	70	-13	0.814	-0.296
700..1200	5 1200	ambarIza	ambarīṣa	52	42	10	1.238	0.308
700..1200	5 1200	Srotriya	śrotriya	57	46	11	1.239	0.309
700..1200	5 1200	SvAsa	śvāsa	64	136	-72	0.471	-1.087
700..1200	5 1200	nanda	nanda	58	101	-43	0.574	-0.800
700..1200	5 1200	cOra	caura	59	64	-5	0.922	-0.117
700..1200	5 1200	jagatpati	jagatpati	52	34	18	1.529	0.613
700..1200	5 1200	AyAma	āyāma	60	38	22	1.579	0.659
700..1200	5 1200	asita	asita	61	80	-19	0.762	-0.391
700..1200	5 1200	rAvaRa	rāvaṇa	59	80	-21	0.738	-0.439
700..1200	5 1200	vAcika	vācika	52	33	19	1.576	0.656
700..1200	5 1200	triSUla	triśūla	61	62	-1	0.984	-0.023
700..1200	5 1200	dunduBi	dundubhi	57	50	7	1.140	0.189
700..1200	5 1200	jaqa	jaḍa	61	117	-56	0.521	-0.940
700..1200	5 1200	japya	japya	58	42	16	1.381	0.466
700..1200	5 1200	jApya	jāpya	63	35	28	1.800	0.848
700..1200	5 1200	savitf	savitṛ	61	45	16	1.356	0.439
700..1200	5 1200	sasya	sasya	57	36	21	1.583	0.663
700..1200	5 1200	sundara	sundara	55	100	-45	0.550	-0.862
700..1200	5 1200	suparRa	suparṇa	58	36	22	1.611	0.688
700..1200	5 1200	vyUha	vyūha	63	88	-25	0.716	-0.482
700..1200	5 1200	vraja	vraja	57	32	25	1.781	0.833
700..1200	5 1200	svasti	svasti	60	57	3	1.053	0.074
700..1200	5 1200	sveda	sveda	60	145	-85	0.414	-1.273
700..1200	5 1200	SuSrUzA	śuśrūṣā	60	38	22	1.579	0.659
700..1200	5 1200	garIyas	garīyas	56	29	27	1.931	0.949
700..1200	5 1200	kzattf	kṣattṛ	61	40	21	1.525	0.609
700..1200	5 1200	Kaga	khaga	58	57	1	1.018	0.025
700..1200	5 1200	mumukzu	mumukṣu	53	52	1	1.019	0.027
700..1200	5 1200	viSvAmitra	viśvāmitra	52	48	4	1.083	0.115
700..1200	5 1200	vizama	viṣama	58	166	-108	0.349	-1.517
700..1200	5 1200	prapitAmaha	prapitāmaha	57	34	23	1.676	0.745
700..1200	5 1200	pIqA	pīḍā	62	54	8	1.148	0.199
700..1200	5 1200	bAlA	bālā	59	81	-22	0.728	-0.457
700..1200	5 1200	ruc	ruc	43	66	-23	0.652	-0.618
700..1200	5 1200	anuvft	anuvṛt	51	38	13	1.342	0.424
700..1200	5 1200	Ahan	āhan	60	75	-15	0.800	-0.322
700..1200	5 1200	nirmuc	nirmuc	63	86	-23	0.733	-0.449
700..1200	5 1200	parIkz	parīkṣ	52	58	-6	0.897	-0.158
700..1200	5 1200	pratizWApay	pratiṣṭhāpay	55	34	21	1.618	0.694
700..1200	5 1200	pravad	pravad	57	39	18	1.462	0.547
700..1200	5 1200	prasvap	prasvap	55	48	7	1.146	0.196
700..1200	5 1200	vivfD	vivṛdh	55	48	7	1.146	0.196
700..1200	5 1200	caturmuKa	caturmukha	51	51	0	1.000	0.000
700..1200	5 1200	samAp	samāp	54	73	-19	0.740	-0.435
700..1200	5 1200	nO	nau	59	39	20	1.513	0.597
700..1200	5 1200	pratimA	pratimā	57	46	11	1.239	0.309
700..1200	5 1200	vittama	vittama	48	37	11	1.297	0.376
700..1200	5 1200	viSvasfj	viśvasṛj	56	31	25	1.806	0.853
700..1200	5 1200	dviSatatama	dviśatatama	64	35	29	1.829	0.871
700..1200	5 1200	kfmi	kṛmi	54	93	-39	0.581	-0.784
700..1200	5 1200	acala	acala	56	168	-112	0.333	-1.585
700..1200	5 1200	sadyojAta	sadyojāta	51	45	6	1.133	0.181
700..1200	5 1200	abja	abja	57	100	-43	0.570	-0.811
700..1200	5 1200	BUpati	bhūpati	56	186	-130	0.301	-1.732
700..1200	5 1200	niroDa	nirodha	58	54	4	1.074	0.103
700..1200	5 1200	nizka	niṣka	58	196	-138	0.296	-1.757
700..1200	5 1200	mata	mata	57	116	-59	0.491	-1.025
700..1200	5 1200	ftvij	ṛtvij	55	38	17	1.447	0.533
700..1200	5 1200	ekEka	ekaika	52	203	-151	0.256	-1.965
700..1200	5 1200	DArA	dhārā	60	93	-33	0.645	-0.632
700..1200	5 1200	nakta	nakta	54	54	0	1.000	0.000
700..1200	5 1200	BAgya	bhāgya	59	49	10	1.204	0.268
700..1200	5 1200	BIzaRa	bhīṣaṇa	57	59	-2	0.966	-0.050
700..1200	5 1200	utsuka	utsuka	54	68	-14	0.794	-0.333
700..1200	5 1200	hrada	hrada	56	53	3	1.057	0.079
700..1200	5 1200	asra	asra	61	90	-29	0.678	-0.561
700..1200	5 1200	ASA	āśā	62	136	-74	0.456	-1.133
700..1200	5 1200	ISvarA	īśvarā	49	76	-27	0.645	-0.633
700..1200	5 1200	yuvan	yuvan	56	101	-45	0.554	-0.851
700..1200	5 1200	loha	loha	58	667	-609	0.087	-3.524
700..1200	5 1200	yajamAna	yajamāna	55	32	23	1.719	0.781
700..1200	5 1200	yazwi	yaṣṭi	61	30	31	2.033	1.024
700..1200	5 1200	vasana	vasana	59	56	3	1.054	0.075
700..1200	5 1200	tEjasa	taijasa	51	50	1	1.020	0.029
700..1200	5 1200	java	java	56	44	12	1.273	0.348
700..1200	5 1200	taraMga	taraṁga	60	50	10	1.200	0.263
700..1200	5 1200	setu	setu	55	36	19	1.528	0.611
700..1200	5 1200	sevana	sevana	51	69	-18	0.739	-0.436
700..1200	5 1200	sADvasa	sādhvasa	60	20	40	3.000	1.585
700..1200	5 1200	svasf	svasṛ	57	61	-4	0.934	-0.098
700..1200	5 1200	vinDya	vindhya	60	80	-20	0.750	-0.415
700..1200	5 1200	guhya	guhya	60	149	-89	0.403	-1.312
700..1200	5 1200	gadgada	gadgada	60	43	17	1.395	0.481
700..1200	5 1200	gayA	gayā	52	85	-33	0.612	-0.709
700..1200	5 1200	SaSANka	śaśāṅka	61	47	14	1.298	0.376
700..1200	5 1200	SikzA	śikṣā	54	30	24	1.800	0.848
700..1200	5 1200	pramAda	pramāda	58	41	17	1.415	0.500
700..1200	5 1200	vedanA	vedanā	55	75	-20	0.733	-0.447
700..1200	5 1200	veDas	vedhas	49	39	10	1.256	0.329
700..1200	5 1200	krI	krī	50	37	13	1.351	0.434
700..1200	5 1200	Cad	chad	58	53	5	1.094	0.130
700..1200	5 1200	grAha	grāha	56	25	31	2.240	1.163
700..1200	5 1200	yat	yat	54	539	-485	0.100	-3.319
700..1200	5 1200	vAray	vāray	53	85	-32	0.624	-0.681
700..1200	5 1200	upanI	upanī	53	44	9	1.205	0.268
700..1200	5 1200	nimajj	nimajj	58	52	6	1.115	0.158
700..1200	5 1200	preray	preray	59	110	-51	0.536	-0.899
700..1200	5 1200	caryA	caryā	61	58	3	1.052	0.073
700..1200	5 1200	samADA	samādhā	56	48	8	1.167	0.222
700..1200	5 1200	samudBU	samudbhū	62	54	8	1.148	0.199
700..1200	5 1200	samprekz	samprekṣ	55	31	24	1.774	0.827
700..1200	5 1200	sanaka	sanaka	54	38	16	1.421	0.507
700..1200	5 1200	kaRwaka	kaṇṭaka	57	71	-14	0.803	-0.317
700..1200	5 1200	kesara	kesara	57	61	-4	0.934	-0.098
700..1200	5 1200	kEvalya	kaivalya	56	52	4	1.077	0.107
700..1200	5 1200	akzata	akṣata	56	71	-15	0.789	-0.342
700..1200	5 1200	agrya	agrya	58	44	14	1.318	0.399
700..1200	5 1200	aNgAra	aṅgāra	52	80	-28	0.650	-0.621
700..1200	5 1200	ajYa	ajña	58	43	15	1.349	0.432
700..1200	5 1200	aDyakza	adhyakṣa	55	40	15	1.375	0.459
700..1200	5 1200	anasUyA	anasūyā	48	39	9	1.231	0.300
700..1200	5 1200	kAnta	kānta	52	516	-464	0.101	-3.311
700..1200	5 1200	paRqita	paṇḍita	49	103	-54	0.476	-1.072
700..1200	5 1200	kiraRa	kiraṇa	58	67	-9	0.866	-0.208
700..1200	5 1200	maRqapa	maṇḍapa	59	67	-8	0.881	-0.183
700..1200	5 1200	nirvfta	nirvṛta	44	36	8	1.222	0.290
700..1200	5 1200	samAkula	samākula	47	32	15	1.469	0.555
700..1200	5 1200	amoGa	amogha	57	37	20	1.541	0.623
700..1200	5 1200	arunDatI	arundhatī	50	38	12	1.316	0.396
700..1200	5 1200	nirAhAra	nirāhāra	59	57	2	1.035	0.050
700..1200	5 1200	nindA	nindā	55	53	2	1.038	0.053
700..1200	5 1200	urvaSI	urvaśī	50	50	0	1.000	0.000
700..1200	5 1200	uzwra	uṣṭra	56	41	15	1.366	0.450
700..1200	5 1200	fta	ṛta	53	39	14	1.359	0.443
700..1200	5 1200	SrOta	śrauta	52	36	16	1.444	0.531
700..1200	5 1200	DAtrI	dhātrī	58	97	-39	0.598	-0.742
700..1200	5 1200	DAraRa	dhāraṇa	48	111	-63	0.432	-1.209
700..1200	5 1200	namaskAra	namaskāra	55	51	4	1.078	0.109
700..1200	5 1200	upacAra	upacāra	54	85	-31	0.635	-0.655
700..1200	5 1200	upendra	upendra	56	38	18	1.474	0.559
700..1200	5 1200	viMSati	viṁśati	51	84	-33	0.607	-0.720
700..1200	5 1200	vikraya	vikraya	54	24	30	2.250	1.170
700..1200	5 1200	Bikzu	bhikṣu	52	53	-1	0.981	-0.027
700..1200	5 1200	citrasena	citrasena	46	35	11	1.314	0.394
700..1200	5 1200	arRava	arṇava	50	169	-119	0.296	-1.757
700..1200	5 1200	udvAha	udvāha	55	36	19	1.528	0.611
700..1200	5 1200	ahiMsA	ahiṁsā	45	54	-9	0.833	-0.263
700..1200	5 1200	rAjanya	rājanya	49	20	29	2.450	1.293
700..1200	5 1200	ruci	ruci	57	91	-34	0.626	-0.675
700..1200	5 1200	rucira	rucira	58	74	-16	0.784	-0.351
700..1200	5 1200	vAnara	vānara	55	72	-17	0.764	-0.389
700..1200	5 1200	mAlava	mālava	55	16	39	3.438	1.781
700..1200	5 1200	retas	retas	54	42	12	1.286	0.363
700..1200	5 1200	dviz	dviṣ	53	90	-37	0.589	-0.764
700..1200	5 1200	pAka	pāka	53	239	-186	0.222	-2.173
700..1200	5 1200	pAra	pāra	58	59	-1	0.983	-0.025
700..1200	5 1200	surA	surā	54	64	-10	0.844	-0.245
700..1200	5 1200	havya	havya	56	44	12	1.273	0.348
700..1200	5 1200	SoRita	śoṇita	50	130	-80	0.385	-1.379
700..1200	5 1200	SAlin	śālin	54	139	-85	0.388	-1.364
700..1200	5 1200	medinI	medinī	51	62	-11	0.823	-0.282
700..1200	5 1200	viSvatomuKa	viśvatomukha	52	30	22	1.733	0.794
700..1200	5 1200	pUzan	pūṣan	52	34	18	1.529	0.613
700..1200	5 1200	dAyAda	dāyāda	60	35	25	1.714	0.778
700..1200	5 1200	bahula	bahula	56	59	-3	0.949	-0.075
700..1200	5 1200	praRaya	praṇaya	58	64	-6	0.906	-0.142
700..1200	5 1200	prAjApatya	prājāpatya	53	50	3	1.060	0.084
700..1200	5 1200	cezw	ceṣṭ	51	39	12	1.308	0.387
700..1200	5 1200	grIvA	grīvā	55	56	-1	0.982	-0.026
700..1200	5 1200	aDiruh	adhiruh	53	28	25	1.893	0.921
700..1200	5 1200	SoDay	śodhay	53	148	-95	0.358	-1.482
700..1200	5 1200	AliNgay	āliṅgay	55	67	-12	0.821	-0.285
700..1200	5 1200	udvij	udvij	55	37	18	1.486	0.572
700..1200	5 1200	upagam	upagam	48	74	-26	0.649	-0.624
700..1200	5 1200	GrARa	ghrāṇa	54	68	-14	0.794	-0.333
700..1200	5 1200	apahArin	apahārin	49	34	15	1.441	0.527
700..1200	5 1200	samarpay	samarpay	53	72	-19	0.736	-0.442
700..1200	5 1200	ruz	ruṣ	57	52	5	1.096	0.132
700..1200	5 1200	asaMSaya	asaṁśaya	38	33	5	1.152	0.204
700..1200	5 1200	aYjana	añjana	52	104	-52	0.500	-1.000
700..1200	5 1200	anumAna	anumāna	47	100	-53	0.470	-1.089
700..1200	5 1200	kAnta	kānta	57	516	-459	0.110	-3.178
700..1200	5 1200	patana	patana	49	38	11	1.289	0.367
700..1200	5 1200	parameSvarI	parameśvarī	46	93	-47	0.495	-1.016
700..1200	5 1200	kuNkuma	kuṅkuma	53	107	-54	0.495	-1.014
700..1200	5 1200	nEmiza	naimiṣa	53	37	16	1.432	0.518
700..1200	5 1200	nigraha	nigraha	53	60	-7	0.883	-0.179
700..1200	5 1200	SlakzRa	ślakṣṇa	58	76	-18	0.763	-0.390
700..1200	5 1200	narendra	narendra	51	55	-4	0.927	-0.109
700..1200	5 1200	vicakzaRa	vicakṣaṇa	48	79	-31	0.608	-0.719
700..1200	5 1200	Bara	bhara	57	66	-9	0.864	-0.212
700..1200	5 1200	BAjana	bhājana	50	92	-42	0.543	-0.880
700..1200	5 1200	BAvanA	bhāvanā	55	122	-67	0.451	-1.149
700..1200	5 1200	uttAnapAda	uttānapāda	40	34	6	1.176	0.234
700..1200	5 1200	utsaNga	utsaṅga	47	51	-4	0.922	-0.118
700..1200	5 1200	asta	asta	54	63	-9	0.857	-0.222
700..1200	5 1200	ASA	āśā	56	136	-80	0.412	-1.280
700..1200	5 1200	rakzaRa	rakṣaṇa	53	61	-8	0.869	-0.203
700..1200	5 1200	rAjata	rājata	47	38	9	1.237	0.307
700..1200	5 1200	laGu	laghu	52	224	-172	0.232	-2.107
700..1200	5 1200	durAtman	durātman	55	33	22	1.667	0.737
700..1200	5 1200	duzkara	duṣkara	52	45	7	1.156	0.209
700..1200	5 1200	pAdapa	pādapa	45	63	-18	0.714	-0.485
700..1200	5 1200	pAla	pāla	57	32	25	1.781	0.833
700..1200	5 1200	damBa	dambha	53	59	-6	0.898	-0.155
700..1200	5 1200	sarpis	sarpis	47	144	-97	0.326	-1.615
700..1200	5 1200	sarvAtman	sarvātman	53	35	18	1.514	0.599
700..1200	5 1200	sundarI	sundarī	45	91	-46	0.495	-1.016
700..1200	5 1200	hiraRyakaSipu	hiraṇyakaśipu	52	38	14	1.368	0.453
700..1200	5 1200	sADaka	sādhaka	48	256	-208	0.188	-2.415
700..1200	5 1200	vEkuRWa	vaikuṇṭha	54	36	18	1.500	0.585
700..1200	5 1200	gulma	gulma	57	116	-59	0.491	-1.025
700..1200	5 1200	gopa	gopa	54	46	8	1.174	0.231
700..1200	5 1200	gaReSa	gaṇeśa	54	49	5	1.102	0.140
700..1200	5 1200	kzuDA	kṣudhā	55	47	8	1.170	0.227
700..1200	5 1200	muzwi	muṣṭi	53	62	-9	0.855	-0.226
700..1200	5 1200	velA	velā	57	64	-7	0.891	-0.167
700..1200	5 1200	priya	priya	49	1093	-1044	0.045	-4.479
700..1200	5 1200	gal	gal	53	64	-11	0.828	-0.272
700..1200	5 1200	Sri	śri	49	80	-31	0.613	-0.707
700..1200	5 1200	laNGay	laṅghay	47	28	19	1.679	0.747
700..1200	5 1200	Sikzay	śikṣay	53	62	-9	0.855	-0.226
700..1200	5 1200	GAtin	ghātin	51	41	10	1.244	0.315
700..1200	5 1200	praBU	prabhū	51	61	-10	0.836	-0.258
700..1200	5 1200	prahi	prahi	53	86	-33	0.616	-0.698
700..1200	5 1200	anantara	anantara	53	102	-49	0.520	-0.945
700..1200	5 1200	saMhan	saṁhan	51	56	-5	0.911	-0.135
700..1200	5 1200	samAdA	samādā	56	102	-46	0.549	-0.865
700..1200	5 1200	samudDf	samuddhṛ	47	255	-208	0.184	-2.440
700..1200	5 1200	puratraya	puratraya	50	29	21	1.724	0.786
700..1200	5 1200	karuRa	karuṇa	54	39	15	1.385	0.469
700..1200	5 1200	kfSa	kṛśa	53	79	-26	0.671	-0.576
700..1200	5 1200	kovida	kovida	46	60	-14	0.767	-0.383
700..1200	5 1200	aNkura	aṅkura	52	72	-20	0.722	-0.469
700..1200	5 1200	acintya	acintya	48	42	6	1.143	0.193
700..1200	5 1200	adfSya	adṛśya	52	70	-18	0.743	-0.429
700..1200	5 1200	saMsTAna	saṁsthāna	54	63	-9	0.857	-0.222
700..1200	5 1200	saMhati	saṁhati	46	16	30	2.875	1.524
700..1200	5 1200	anarTa	anartha	51	57	-6	0.895	-0.160
700..1200	5 1200	paNka	paṅka	53	55	-2	0.964	-0.053
700..1200	5 1200	pannaga	pannaga	53	93	-40	0.570	-0.811
700..1200	5 1200	payoDara	payodhara	52	29	23	1.793	0.842
700..1200	5 1200	aBimAnin	abhimānin	53	40	13	1.325	0.406
700..1200	5 1200	kiMkara	kiṁkara	51	31	20	1.645	0.718
700..1200	5 1200	niraYjana	nirañjana	47	49	-2	0.959	-0.060
700..1200	5 1200	narmadAmAhAtmya	narmadāmāhātmya	56	28	28	2.000	1.000
700..1200	5 1200	vikalpa	vikalpa	51	172	-121	0.297	-1.754
700..1200	5 1200	BaginI	bhaginī	49	51	-2	0.961	-0.058
700..1200	5 1200	caru	caru	48	36	12	1.333	0.415
700..1200	5 1200	caya	caya	52	30	22	1.733	0.794
700..1200	5 1200	cezwA	ceṣṭā	51	66	-15	0.773	-0.372
700..1200	5 1200	alaka	alaka	56	27	29	2.074	1.052
700..1200	5 1200	avaDya	avadhya	44	40	4	1.100	0.138
700..1200	5 1200	aSoka	aśoka	54	72	-18	0.750	-0.415
700..1200	5 1200	yAmya	yāmya	52	34	18	1.529	0.613
700..1200	5 1200	lOkika	laukika	49	52	-3	0.942	-0.086
700..1200	5 1200	rUpavat	rūpavat	50	47	3	1.064	0.089
700..1200	5 1200	mAnuzya	mānuṣya	52	38	14	1.368	0.453
700..1200	5 1200	reRu	reṇu	52	38	14	1.368	0.453
700..1200	5 1200	lava	lava	52	49	3	1.061	0.086
700..1200	5 1200	trAsa	trāsa	53	42	11	1.262	0.336
700..1200	5 1200	duScara	duścara	44	21	23	2.095	1.067
700..1200	5 1200	jAtavedas	jātavedas	43	30	13	1.433	0.519
700..1200	5 1200	jizRu	jiṣṇu	50	37	13	1.351	0.434
700..1200	5 1200	dyUta	dyūta	46	54	-8	0.852	-0.231
700..1200	5 1200	pARqura	pāṇḍura	51	54	-3	0.944	-0.082
700..1200	5 1200	jvalana	jvalana	53	39	14	1.359	0.443
700..1200	5 1200	senA	senā	51	94	-43	0.543	-0.882
700..1200	5 1200	hiraRyAkza	hiraṇyākṣa	51	38	13	1.342	0.424
700..1200	5 1200	hEmavatI	haimavatī	56	34	22	1.647	0.720
700..1200	5 1200	sAyaka	sāyaka	50	71	-21	0.704	-0.506
700..1200	5 1200	smaraRa	smaraṇa	52	63	-11	0.825	-0.277
700..1200	5 1200	smArta	smārta	52	30	22	1.733	0.794
700..1200	5 1200	SaNKa	śaṅkha	48	335	-287	0.143	-2.803
700..1200	5 1200	vinAyaka	vināyaka	47	50	-3	0.940	-0.089
700..1200	5 1200	viyoga	viyoga	53	90	-37	0.589	-0.764
700..1200	5 1200	geha	geha	55	91	-36	0.604	-0.726
700..1200	5 1200	SAyin	śāyin	50	45	5	1.111	0.152
700..1200	5 1200	Salya	śalya	54	94	-40	0.574	-0.800
700..1200	5 1200	kzatra	kṣatra	52	79	-27	0.658	-0.603
700..1200	5 1200	viSudDi	viśuddhi	50	59	-9	0.847	-0.239
700..1200	5 1200	viSvakarman	viśvakarman	50	42	8	1.190	0.252
700..1200	5 1200	darSin	darśin	42	66	-24	0.636	-0.652
700..1200	5 1200	prApti	prāpti	49	125	-76	0.392	-1.351
700..1200	5 1200	Kid	khid	51	60	-9	0.850	-0.234
700..1200	5 1200	SuB	śubh	51	65	-14	0.785	-0.350
700..1200	5 1200	kAmay	kāmay	49	54	-5	0.907	-0.140
700..1200	5 1200	avasA	avasā	45	23	22	1.957	0.968
700..1200	5 1200	AGrA	āghrā	51	31	20	1.645	0.718
700..1200	5 1200	pravartay	pravartay	48	51	-3	0.941	-0.087
700..1200	5 1200	vimohay	vimohay	44	42	2	1.048	0.067
700..1200	5 1200	samavAp	samavāp	52	26	26	2.000	1.000
700..1200	5 1200	samave	samave	51	43	8	1.186	0.246
700..1200	5 1200	kzetrajYa	kṣetrajña	48	41	7	1.171	0.227
700..1200	5 1200	puRyatama	puṇyatama	53	31	22	1.710	0.774
700..1200	5 1200	anivartika	anivartika	53	28	25	1.893	0.921
700..1200	5 1200	kadamba	kadamba	48	39	9	1.231	0.300
700..1200	5 1200	akAma	akāma	47	27	20	1.741	0.800
700..1200	5 1200	atiSaya	atiśaya	51	69	-18	0.739	-0.436
700..1200	5 1200	aDokzaja	adhokṣaja	47	31	16	1.516	0.600
700..1200	5 1200	saMSraya	saṁśraya	42	58	-16	0.724	-0.466
700..1200	5 1200	saMkzaya	saṁkṣaya	49	54	-5	0.907	-0.140
700..1200	5 1200	saMcaya	saṁcaya	45	67	-22	0.672	-0.574
700..1200	5 1200	aDyAtma	adhyātma	50	39	11	1.282	0.358
700..1200	5 1200	anATa	anātha	49	41	8	1.195	0.257
700..1200	5 1200	parijana	parijana	51	23	28	2.217	1.149
700..1200	5 1200	kubera	kubera	48	48	0	1.000	0.000
700..1200	5 1200	nIca	nīca	49	60	-11	0.817	-0.292
700..1200	5 1200	samiD	samidh	48	29	19	1.655	0.727
700..1200	5 1200	samara	samara	50	106	-56	0.472	-1.084
700..1200	5 1200	ayukta	ayukta	51	43	8	1.186	0.246
700..1200	5 1200	nizPala	niṣphala	42	49	-7	0.857	-0.222
700..1200	5 1200	malina	malina	46	71	-25	0.648	-0.626
700..1200	5 1200	UrDvaretas	ūrdhvaretas	41	34	7	1.206	0.270
700..1200	5 1200	fdDi	ṛddhi	51	45	6	1.133	0.181
700..1200	5 1200	SvaSura	śvaśura	51	62	-11	0.823	-0.282
700..1200	5 1200	nandISvara	nandīśvara	46	17	29	2.706	1.436
700..1200	5 1200	navama	navama	47	66	-19	0.712	-0.490
700..1200	5 1200	upalabDi	upalabdhi	41	48	-7	0.854	-0.227
700..1200	5 1200	Buj	bhuj	51	702	-651	0.073	-3.783
700..1200	5 1200	cEtra	caitra	47	57	-10	0.825	-0.278
700..1200	5 1200	arcA	arcā	48	40	8	1.200	0.263
700..1200	5 1200	arTin	arthin	45	228	-183	0.197	-2.341
700..1200	5 1200	uttarIya	uttarīya	52	21	31	2.476	1.308
700..1200	5 1200	ukti	ukti	49	87	-38	0.563	-0.828
700..1200	5 1200	vanaspati	vanaspati	41	26	15	1.577	0.657
700..1200	5 1200	vanitA	vanitā	53	21	32	2.524	1.336
700..1200	5 1200	varAnanA	varānanā	42	75	-33	0.560	-0.837
700..1200	5 1200	varizWa	variṣṭha	52	24	28	2.167	1.115
700..1200	5 1200	varRana	varṇana	46	27	19	1.704	0.769
700..1200	5 1200	vasuDA	vasudhā	52	58	-6	0.897	-0.158
700..1200	5 1200	mAyin	māyin	50	32	18	1.562	0.644
700..1200	5 1200	lavaRa	lavaṇa	43	273	-230	0.158	-2.666
700..1200	5 1200	triloka	triloka	50	24	26	2.083	1.059
700..1200	5 1200	durmati	durmati	45	26	19	1.731	0.791
700..1200	5 1200	durgA	durgā	48	61	-13	0.787	-0.346
700..1200	5 1200	dUta	dūta	48	99	-51	0.485	-1.044
700..1200	5 1200	devarzi	devarṣi	48	30	18	1.600	0.678
700..1200	5 1200	jAta	jāta	53	26	27	2.038	1.027
700..1200	5 1200	dvAdaSI	dvādaśī	47	52	-5	0.904	-0.146
700..1200	5 1200	pAnIya	pānīya	47	52	-5	0.904	-0.146
700..1200	5 1200	pAyasa	pāyasa	48	67	-19	0.716	-0.481
700..1200	5 1200	jvara	jvara	47	315	-268	0.149	-2.745
700..1200	5 1200	taruRa	taruṇa	51	92	-41	0.554	-0.851
700..1200	5 1200	sAttvika	sāttvika	45	59	-14	0.763	-0.391
700..1200	5 1200	spfhA	spṛhā	46	45	1	1.022	0.032
700..1200	5 1200	SarIrin	śarīrin	42	74	-32	0.568	-0.817
700..1200	5 1200	vyaya	vyaya	45	43	2	1.047	0.066
700..1200	5 1200	svAhA	svāhā	49	227	-178	0.216	-2.212
700..1200	5 1200	gfDra	gṛdhra	50	88	-38	0.568	-0.816
700..1200	5 1200	gomaya	gomaya	48	93	-45	0.516	-0.954
700..1200	5 1200	veRu	veṇu	51	52	-1	0.981	-0.028
700..1200	5 1200	vedAnta	vedānta	44	37	7	1.189	0.250
700..1200	5 1200	vedi	vedi	46	36	10	1.278	0.354
700..1200	5 1200	daridra	daridra	47	87	-40	0.540	-0.888
700..1200	5 1200	bilva	bilva	49	93	-44	0.527	-0.924
700..1200	5 1200	DvaMs	dhvaṁs	52	34	18	1.529	0.613
700..1200	5 1200	mAnay	mānay	46	46	0	1.000	0.000
700..1200	5 1200	luB	lubh	51	61	-10	0.836	-0.258
700..1200	5 1200	apanI	apanī	52	30	22	1.733	0.794
700..1200	5 1200	Sram	śram	52	60	-8	0.867	-0.206
700..1200	5 1200	avalamb	avalamb	50	26	24	1.923	0.943
700..1200	5 1200	avalokay	avalokay	48	81	-33	0.593	-0.755
700..1200	5 1200	udvah	udvah	50	23	27	2.174	1.120
700..1200	5 1200	nirji	nirji	51	57	-6	0.895	-0.160
700..1200	5 1200	prativac	prativac	48	51	-3	0.941	-0.087
700..1200	5 1200	pradarSay	pradarśay	42	64	-22	0.656	-0.608
700..1200	5 1200	prasiD	prasidh	48	110	-62	0.436	-1.196
700..1200	5 1200	vinind	vinind	50	27	23	1.852	0.889
700..1200	5 1200	viram	viram	51	52	-1	0.981	-0.028
700..1200	5 1200	caturviDa	caturvidha	38	87	-49	0.437	-1.195
700..1200	5 1200	saMkzip	saṁkṣip	49	51	-2	0.961	-0.058
700..1200	5 1200	saMtarpay	saṁtarpay	49	43	6	1.140	0.188
700..1200	5 1200	vinirmA	vinirmā	45	39	6	1.154	0.206
700..1200	5 1200	OzaDa	auṣadha	45	145	-100	0.310	-1.688
700..1200	5 1200	aditi	aditi	43	35	8	1.229	0.297
700..1200	5 1200	saMsarga	saṁsarga	50	72	-22	0.694	-0.526
700..1200	5 1200	kArttika	kārttika	40	40	0	1.000	0.000
700..1200	5 1200	paramArTa	paramārtha	47	60	-13	0.783	-0.352
700..1200	5 1200	aputra	aputra	37	30	7	1.233	0.303
700..1200	5 1200	kAverI	kāverī	43	31	12	1.387	0.472
700..1200	5 1200	kIwa	kīṭa	43	63	-20	0.683	-0.551
700..1200	5 1200	kumArI	kumārī	49	90	-41	0.544	-0.877
700..1200	5 1200	samavAyin	samavāyin	49	33	16	1.485	0.570
700..1200	5 1200	arcis	arcis	50	44	6	1.136	0.184
700..1200	5 1200	ADipatya	ādhipatya	50	27	23	1.852	0.889
700..1200	5 1200	aSani	aśani	50	50	0	1.000	0.000
700..1200	5 1200	aSman	aśman	49	44	5	1.114	0.155
700..1200	5 1200	aSvin	aśvin	48	36	12	1.333	0.415
700..1200	5 1200	Avarta	āvarta	49	71	-22	0.690	-0.535
700..1200	5 1200	iBa	ibha	48	31	17	1.548	0.631
700..1200	5 1200	ugra	ugra	42	188	-146	0.223	-2.162
700..1200	5 1200	rAjahaMsa	rājahaṁsa	45	41	4	1.098	0.134
700..1200	5 1200	ruc	ruc	49	66	-17	0.742	-0.430
700..1200	5 1200	mOna	mauna	49	58	-9	0.845	-0.243
700..1200	5 1200	yaTAkAma	yathākāma	51	32	19	1.594	0.672
700..1200	5 1200	vasumatI	vasumatī	50	16	34	3.125	1.644
700..1200	5 1200	vAmana	vāmana	48	61	-13	0.787	-0.346
700..1200	5 1200	mAtA	mātā	38	27	11	1.407	0.493
700..1200	5 1200	lAvaRya	lāvaṇya	50	38	12	1.316	0.396
700..1200	5 1200	triBuvana	tribhuvana	49	26	23	1.885	0.914
700..1200	5 1200	Danamitra	dhanamitra	48	0	48	inf	inf
700..1200	5 1200	tantu	tantu	47	77	-30	0.610	-0.712
700..1200	5 1200	tAmra	tāmra	49	444	-395	0.110	-3.180
700..1200	5 1200	saroja	saroja	51	24	27	2.125	1.087
700..1200	5 1200	sPawika	sphaṭika	49	80	-31	0.613	-0.707
700..1200	5 1200	srotas	srotas	50	76	-26	0.658	-0.604
700..1200	5 1200	SaNkA	śaṅkā	42	114	-72	0.368	-1.441
700..1200	5 1200	viBUzaRa	vibhūṣaṇa	39	59	-20	0.661	-0.597
700..1200	5 1200	SUlapARi	śūlapāṇi	50	28	22	1.786	0.837
700..1200	5 1200	kOtUhala	kautūhala	36	26	10	1.385	0.469
700..1200	5 1200	Sava	śava	45	40	5	1.125	0.170
700..1200	5 1200	mUrDaja	mūrdhaja	44	41	3	1.073	0.102
700..1200	5 1200	vilAsa	vilāsa	50	73	-23	0.685	-0.546
700..1200	5 1200	viSada	viśada	51	34	17	1.500	0.585
700..1200	5 1200	viz	viṣ	47	75	-28	0.627	-0.674
700..1200	5 1200	viSvarUpa	viśvarūpa	47	38	9	1.237	0.307
700..1200	5 1200	veSman	veśman	47	73	-26	0.644	-0.635
700..1200	5 1200	diti	diti	42	29	13	1.448	0.534
700..1200	5 1200	brahmaRya	brahmaṇya	47	25	22	1.880	0.911
700..1200	5 1200	prayoga	prayoga	48	220	-172	0.218	-2.196
700..1200	5 1200	pravartaka	pravartaka	45	41	4	1.098	0.134
700..1200	5 1200	prAkAra	prākāra	46	43	3	1.070	0.097
700..1200	5 1200	vA	vā	46	3996	-3950	0.012	-6.441
700..1200	5 1200	SaNk	śaṅk	46	82	-36	0.561	-0.834
700..1200	5 1200	raYj	rañj	40	51	-11	0.784	-0.350
700..1200	5 1200	anusmf	anusmṛ	42	30	12	1.400	0.485
700..1200	5 1200	aBihan	abhihan	46	30	16	1.533	0.617
700..1200	5 1200	Amantray	āmantray	41	89	-48	0.461	-1.118
700..1200	5 1200	parizvaj	pariṣvaj	45	44	1	1.023	0.032
700..1200	5 1200	prasAday	prasāday	42	62	-20	0.677	-0.562
700..1200	5 1200	Sukra	śukra	51	317	-266	0.161	-2.636
700..1200	5 1200	viracay	viracay	50	37	13	1.351	0.434
700..1200	5 1200	saMtap	saṁtap	50	71	-21	0.704	-0.506
700..1200	5 1200	saMnyas	saṁnyas	45	29	16	1.552	0.634
700..1200	5 1200	samAkf	samākṛ	52	28	24	1.857	0.893
700..1200	5 1200	udaYc	udañc	48	53	-5	0.906	-0.143
700..1200	5 1200	vrIqA	vrīḍā	49	35	14	1.400	0.485
700..1200	5 1200	saMmA	saṁmā	43	39	4	1.103	0.141
700..1200	5 1200	vAyavya	vāyavya	49	60	-11	0.817	-0.292
700..1200	5 1200	pAdya	pādya	47	38	9	1.237	0.307
700..1200	5 1200	karin	karin	48	47	1	1.021	0.030
700..1200	5 1200	kuSala	kuśala	45	119	-74	0.378	-1.403
700..1200	5 1200	ketu	ketu	45	47	-2	0.957	-0.063
700..1200	5 1200	akza	akṣa	44	351	-307	0.125	-2.996
700..1200	5 1200	aRiman	aṇiman	45	49	-4	0.918	-0.123
700..1200	5 1200	saMsfti	saṁsṛti	42	29	13	1.448	0.534
700..1200	5 1200	anAmaya	anāmaya	43	57	-14	0.754	-0.407
700..1200	5 1200	kala	kala	49	40	9	1.225	0.293
700..1200	5 1200	paYcagavya	pañcagavya	44	33	11	1.333	0.415
700..1200	5 1200	satyavatI	satyavatī	48	47	1	1.021	0.030
700..1200	5 1200	saMnikarza	saṁnikarṣa	48	32	16	1.500	0.585
700..1200	5 1200	apriya	apriya	42	43	-1	0.977	-0.034
700..1200	5 1200	aBiDAna	abhidhāna	48	167	-119	0.287	-1.799
700..1200	5 1200	nIlakaRWa	nīlakaṇṭha	45	41	4	1.098	0.134
700..1200	5 1200	amara	amara	42	204	-162	0.206	-2.280
700..1200	5 1200	nAqI	nāḍī	44	92	-48	0.478	-1.064
700..1200	5 1200	niScala	niścala	45	60	-15	0.750	-0.415
700..1200	5 1200	nipuRa	nipuṇa	45	30	15	1.500	0.585
700..1200	5 1200	maDusUdana	madhusūdana	38	38	0	1.000	0.000
700..1200	5 1200	marman	marman	49	70	-21	0.700	-0.515
700..1200	5 1200	ekAdaSI	ekādaśī	44	55	-11	0.800	-0.322
700..1200	5 1200	Sloka	śloka	47	67	-20	0.701	-0.512
700..1200	5 1200	nAstika	nāstika	41	23	18	1.783	0.834
700..1200	5 1200	upavana	upavana	45	33	12	1.364	0.447
700..1200	5 1200	BAvana	bhāvana	42	26	16	1.615	0.692
700..1200	5 1200	cetanA	cetanā	48	63	-15	0.762	-0.392
700..1200	5 1200	Cidra	chidra	48	91	-43	0.527	-0.923
700..1200	5 1200	alasa	alasa	48	42	6	1.143	0.193
700..1200	5 1200	Atapa	ātapa	47	157	-110	0.299	-1.740
700..1200	5 1200	AtmajA	ātmajā	48	56	-8	0.857	-0.222
700..1200	5 1200	AyAsa	āyāsa	49	50	-1	0.980	-0.029
700..1200	5 1200	rajanI	rajanī	48	96	-48	0.500	-1.000
700..1200	5 1200	rajasvalA	rajasvalā	38	26	12	1.462	0.547
700..1200	5 1200	vaSya	vaśya	49	39	10	1.256	0.329
700..1200	5 1200	mAtaMga	mātaṁga	48	65	-17	0.738	-0.437
700..1200	5 1200	tIkzRa	tīkṣṇa	45	364	-319	0.124	-3.016
700..1200	5 1200	toraRa	toraṇa	42	34	8	1.235	0.305
700..1200	5 1200	jIvana	jīvana	43	85	-42	0.506	-0.983
700..1200	5 1200	Danada	dhanada	43	44	-1	0.977	-0.033
700..1200	5 1200	Darmin	dharmin	44	52	-8	0.846	-0.241
700..1200	5 1200	tAraka	tāraka	49	80	-31	0.613	-0.707
700..1200	5 1200	sTARu	sthāṇu	46	54	-8	0.852	-0.231
700..1200	5 1200	sparSana	sparśana	45	77	-32	0.584	-0.775
700..1200	5 1200	sarvaga	sarvaga	46	52	-6	0.885	-0.177
700..1200	5 1200	sukfta	sukṛta	45	40	5	1.125	0.170
700..1200	5 1200	suganDi	sugandhi	47	46	1	1.022	0.031
700..1200	5 1200	sAmAnya	sāmānya	41	247	-206	0.166	-2.591
700..1200	5 1200	smara	smara	43	106	-63	0.406	-1.302
700..1200	5 1200	vyAla	vyāla	46	47	-1	0.979	-0.031
700..1200	5 1200	vidviz	vidviṣ	40	30	10	1.333	0.415
700..1200	5 1200	goptf	goptṛ	50	39	11	1.282	0.358
700..1200	5 1200	SuBa	śubha	42	957	-915	0.044	-4.510
700..1200	5 1200	SEva	śaiva	47	49	-2	0.959	-0.060
700..1200	5 1200	mukunda	mukunda	47	35	12	1.343	0.425
700..1200	5 1200	pratizeDa	pratiṣedha	43	23	20	1.870	0.903
700..1200	5 1200	pIWa	pīṭha	45	60	-15	0.750	-0.415
700..1200	5 1200	puzkara	puṣkara	42	100	-58	0.420	-1.252
700..1200	5 1200	dAru	dāru	44	75	-31	0.587	-0.769
700..1200	5 1200	dAha	dāha	42	193	-151	0.218	-2.200
700..1200	5 1200	bila	bila	45	64	-19	0.703	-0.508
700..1200	5 1200	budDimat	buddhimat	45	66	-21	0.682	-0.553
700..1200	5 1200	boDisattva	bodhisattva	46	2	44	23.000	4.524
700..1200	5 1200	pfTvI	pṛthvī	47	68	-21	0.691	-0.533
700..1200	5 1200	prAjApatya	prājāpatya	37	50	-13	0.740	-0.434
700..1200	5 1200	prARatyAga	prāṇatyāga	45	27	18	1.667	0.737
700..1200	5 1200	GaRwA	ghaṇṭā	47	62	-15	0.758	-0.400
700..1200	5 1200	sad	sad	42	61	-19	0.689	-0.538
700..1200	5 1200	pac	pac	49	885	-836	0.055	-4.175
700..1200	5 1200	anuman	anuman	41	25	16	1.640	0.714
700..1200	5 1200	anuyA	anuyā	45	32	13	1.406	0.492
700..1200	5 1200	anuraYj	anurañj	42	37	5	1.135	0.183
700..1200	5 1200	aBigam	abhigam	41	22	19	1.864	0.898
700..1200	5 1200	mUrCay	mūrchay	45	97	-52	0.464	-1.108
700..1200	5 1200	aByupe	abhyupe	44	25	19	1.760	0.816
700..1200	5 1200	daMS	daṁś	46	43	3	1.070	0.097
700..1200	5 1200	upAdA	upādā	47	68	-21	0.691	-0.533
700..1200	5 1200	niyojay	niyojay	45	94	-49	0.479	-1.063
700..1200	5 1200	pralI	pralī	44	41	3	1.073	0.102
700..1200	5 1200	vimfS	vimṛś	41	50	-9	0.820	-0.286
700..1200	5 1200	vilap	vilap	43	49	-6	0.878	-0.188
700..1200	5 1200	samfD	samṛdh	47	30	17	1.567	0.648
700..1200	5 1200	aBivAday	abhivāday	38	37	1	1.027	0.038
700..1200	5 1200	taqit	taḍit	49	32	17	1.531	0.615
700..1200	5 1200	muktA	muktā	50	71	-21	0.704	-0.506
700..1200	5 1200	kanda	kanda	45	258	-213	0.174	-2.519
700..1200	5 1200	kfpaRa	kṛpaṇa	47	53	-6	0.887	-0.173
700..1200	5 1200	ajita	ajita	47	40	7	1.175	0.233
700..1200	5 1200	saMGAta	saṁghāta	46	71	-25	0.648	-0.626
700..1200	5 1200	aDIna	adhīna	43	55	-12	0.782	-0.355
700..1200	5 1200	anukUla	anukūla	45	40	5	1.125	0.170
700..1200	5 1200	kalpanA	kalpanā	40	54	-14	0.741	-0.433
700..1200	5 1200	kavya	kavya	46	35	11	1.314	0.394
700..1200	5 1200	kAYcana	kāñcana	44	423	-379	0.104	-3.265
700..1200	5 1200	pakva	pakva	43	228	-185	0.189	-2.407
700..1200	5 1200	padmayoni	padmayoni	43	28	15	1.536	0.619
700..1200	5 1200	saMtApa	saṁtāpa	45	72	-27	0.625	-0.678
700..1200	5 1200	parimARa	parimāṇa	43	42	1	1.024	0.034
700..1200	5 1200	apadeSa	apadeśa	46	18	28	2.556	1.354
700..1200	5 1200	apekzA	apekṣā	45	88	-43	0.511	-0.968
700..1200	5 1200	kunda	kunda	47	78	-31	0.603	-0.731
700..1200	5 1200	BEkza	bhaikṣa	46	27	19	1.704	0.769
700..1200	5 1200	nIlotpala	nīlotpala	39	34	5	1.147	0.198
700..1200	5 1200	samopeta	samopeta	48	30	18	1.600	0.678
700..1200	5 1200	ameDya	amedhya	39	10	29	3.900	1.963
700..1200	5 1200	nASin	nāśin	39	69	-30	0.565	-0.823
700..1200	5 1200	nAsikA	nāsikā	42	39	3	1.077	0.107
700..1200	5 1200	niHSreyasa	niḥśreyasa	47	31	16	1.516	0.600
700..1200	5 1200	nitamba	nitamba	48	24	24	2.000	1.000
700..1200	5 1200	ulUka	ulūka	43	39	4	1.103	0.141
700..1200	5 1200	Una	ūna	43	31	12	1.387	0.472
700..1200	5 1200	ekAdaSa	ekādaśa	42	39	3	1.077	0.107
700..1200	5 1200	upAsana	upāsana	43	30	13	1.433	0.519
700..1200	5 1200	vAsuki	vāsuki	41	49	-8	0.837	-0.257
700..1200	5 1200	Cala	chala	46	31	15	1.484	0.569
700..1200	5 1200	avajYA	avajñā	47	55	-8	0.855	-0.227
700..1200	5 1200	uddeSa	uddeśa	45	49	-4	0.918	-0.123
700..1200	5 1200	vareRya	vareṇya	46	27	19	1.704	0.769
700..1200	5 1200	mOli	mauli	46	57	-11	0.807	-0.309
700..1200	5 1200	vasu	vasu	44	173	-129	0.254	-1.975
700..1200	5 1200	vAditra	vāditra	46	29	17	1.586	0.666
700..1200	5 1200	mAGa	māgha	41	47	-6	0.872	-0.197
700..1200	5 1200	tiTi	tithi	40	79	-39	0.506	-0.982
700..1200	5 1200	durBaga	durbhaga	38	42	-4	0.905	-0.144
700..1200	5 1200	jImUta	jīmūta	44	38	6	1.158	0.212
700..1200	5 1200	droha	droha	45	31	14	1.452	0.538
700..1200	5 1200	piSaNga	piśaṅga	46	19	27	2.421	1.276
700..1200	5 1200	tanayA	tanayā	47	81	-34	0.580	-0.785
700..1200	5 1200	tvarA	tvarā	43	64	-21	0.672	-0.574
700..1200	5 1200			0	0	0	inf	inf
700..1200	5 1200	daRqin	daṇḍin	47	26	21	1.808	0.854
700..1200	5 1200	suDA	sudhā	46	128	-82	0.359	-1.476
700..1200	5 1200	sahasrAkza	sahasrākṣa	46	37	9	1.243	0.314
700..1200	5 1200	sADAraRa	sādhāraṇa	44	60	-16	0.733	-0.447
700..1200	5 1200	syandana	syandana	44	57	-13	0.772	-0.373
700..1200	5 1200	vEnya	vainya	42	30	12	1.400	0.485
700..1200	5 1200	vyAja	vyāja	46	45	1	1.022	0.032
700..1200	5 1200	viyant	viyant	44	19	25	2.316	1.212
700..1200	5 1200	gOra	gaura	47	42	5	1.119	0.162
700..1200	5 1200	SarvarI	śarvarī	40	37	3	1.081	0.112
700..1200	5 1200	gaRikA	gaṇikā	45	38	7	1.184	0.244
700..1200	5 1200	SAMkara	śāṁkara	44	36	8	1.222	0.290
700..1200	5 1200	kroSa	krośa	46	43	3	1.070	0.097
700..1200	5 1200	mUrKa	mūrkha	45	93	-48	0.484	-1.047
700..1200	5 1200	viroDin	virodhin	42	42	0	1.000	0.000
700..1200	5 1200	viveka	viveka	42	64	-22	0.656	-0.608
700..1200	5 1200	viSveSa	viśveśa	47	28	19	1.679	0.747
700..1200	5 1200	viSveSvara	viśveśvara	40	31	9	1.290	0.368
700..1200	5 1200	viSvAsa	viśvāsa	48	71	-23	0.676	-0.565
700..1200	5 1200	vedin	vedin	41	44	-3	0.932	-0.102
700..1200	5 1200	pfTaktva	pṛthaktva	42	39	3	1.077	0.107
700..1200	5 1200	dAyin	dāyin	37	103	-66	0.359	-1.477
700..1200	5 1200	divya	divya	48	1188	-1140	0.040	-4.629
700..1200	5 1200	baka	baka	42	74	-32	0.568	-0.817
700..1200	5 1200	arc	arc	46	65	-19	0.708	-0.499
700..1200	5 1200	kzuB	kṣubh	46	48	-2	0.958	-0.061
700..1200	5 1200	praT	prath	46	55	-9	0.836	-0.258
700..1200	5 1200	plAvay	plāvay	42	37	5	1.135	0.183
700..1200	5 1200	anumA	anumā	42	68	-26	0.618	-0.695
700..1200	5 1200	Sf	śṛ	40	42	-2	0.952	-0.070
700..1200	5 1200	aBye	abhye	45	107	-62	0.421	-1.250
700..1200	5 1200	BraMS	bhraṁś	43	84	-41	0.512	-0.966
700..1200	5 1200	upekz	upekṣ	42	53	-11	0.792	-0.336
700..1200	5 1200	tiroDA	tirodhā	38	42	-4	0.905	-0.144
700..1200	5 1200	nizkram	niṣkram	43	37	6	1.162	0.217
700..1200	5 1200	parivf	parivṛ	46	32	14	1.438	0.524
700..1200	5 1200	parihf	parihṛ	36	46	-10	0.783	-0.354
700..1200	5 1200	parI	parī	44	22	22	2.000	1.000
700..1200	5 1200	prabuD	prabudh	39	108	-69	0.361	-1.469
700..1200	5 1200	pramad	pramad	44	33	11	1.333	0.415
700..1200	5 1200	prasah	prasah	41	19	22	2.158	1.110
700..1200	5 1200	tAqana	tāḍana	45	41	4	1.098	0.134
700..1200	5 1200	viSoDay	viśodhay	41	33	8	1.242	0.313
700..1200	5 1200	samAruh	samāruh	48	52	-4	0.923	-0.115
700..1200	5 1200	trayodaSan	trayodaśan	38	48	-10	0.792	-0.337
700..1200	5 1200	paYcASat	pañcāśat	44	62	-18	0.710	-0.495
700..1200	5 1200	AKya	ākhya	48	118	-70	0.407	-1.298
700..1200	5 1200	kedAra	kedāra	39	45	-6	0.867	-0.206
700..1200	5 1200	komala	komala	44	54	-10	0.815	-0.295
700..1200	5 1200	acira	acira	43	40	3	1.075	0.104
700..1200	5 1200	acetana	acetana	38	65	-27	0.585	-0.774
700..1200	5 1200	ajara	ajara	44	45	-1	0.978	-0.032
700..1200	5 1200	adfzwa	adṛṣṭa	40	119	-79	0.336	-1.573
700..1200	5 1200	saMkarzaRa	saṁkarṣaṇa	39	46	-7	0.848	-0.238
700..1200	5 1200	anujYA	anujñā	40	108	-68	0.370	-1.433
700..1200	5 1200	anuvrata	anuvrata	35	22	13	1.591	0.670
700..1200	5 1200	paYcAkzara	pañcākṣara	46	27	19	1.704	0.769
700..1200	5 1200	paYcaka	pañcaka	38	138	-100	0.275	-1.861
700..1200	5 1200	satvara	satvara	38	41	-3	0.927	-0.110
700..1200	5 1200	saMtoza	saṁtoṣa	41	63	-22	0.651	-0.620
700..1200	5 1200	sapiRqa	sapiṇḍa	43	18	25	2.389	1.256
700..1200	5 1200	parANmuKa	parāṅmukha	38	44	-6	0.864	-0.212
700..1200	5 1200	apaha	apaha	34	184	-150	0.185	-2.436
700..1200	5 1200	apramatta	apramatta	42	33	9	1.273	0.348
700..1200	5 1200	kirIwa	kirīṭa	46	36	10	1.278	0.354
700..1200	5 1200	kisalaya	kisalaya	46	12	34	3.833	1.939
700..1200	5 1200	nimeza	nimeṣa	40	41	-1	0.976	-0.036
700..1200	5 1200	nirveda	nirveda	45	46	-1	0.978	-0.032
700..1200	5 1200	niKila	nikhila	44	63	-19	0.698	-0.518
700..1200	5 1200	maya	maya	44	966	-922	0.046	-4.456
700..1200	5 1200	mayUra	mayūra	40	57	-17	0.702	-0.511
700..1200	5 1200	fkza	ṛkṣa	38	111	-73	0.342	-1.546
700..1200	5 1200	SrIvatsa	śrīvatsa	43	44	-1	0.977	-0.033
700..1200	5 1200	upaBoga	upabhoga	44	46	-2	0.957	-0.064
700..1200	5 1200	upamanyu	upamanyu	41	33	8	1.242	0.313
700..1200	5 1200	upavItin	upavītin	37	25	12	1.480	0.566
700..1200	5 1200	vArAha	vārāha	44	64	-20	0.688	-0.541
700..1200	5 1200	BAgavata	bhāgavata	42	89	-47	0.472	-1.083
700..1200	5 1200	jagattraya	jagattraya	39	37	2	1.054	0.076
700..1200	5 1200	avasAna	avasāna	46	44	2	1.045	0.064
700..1200	5 1200	utpAta	utpāta	42	31	11	1.355	0.438
700..1200	5 1200	hrasva	hrasva	43	57	-14	0.754	-0.407
700..1200	5 1200	Atapatra	ātapatra	44	27	17	1.630	0.705
700..1200	5 1200	Amiza	āmiṣa	42	46	-4	0.913	-0.131
700..1200	5 1200	aSeza	aśeṣa	43	249	-206	0.173	-2.534
700..1200	5 1200	AlApa	ālāpa	42	97	-55	0.433	-1.208
700..1200	5 1200	yAtanA	yātanā	43	25	18	1.720	0.782
700..1200	5 1200	varcas	varcas	38	43	-5	0.884	-0.178
700..1200	5 1200	meDA	medhā	45	46	-1	0.978	-0.032
700..1200	5 1200	mlecCa	mleccha	39	45	-6	0.867	-0.206
700..1200	5 1200	yantra	yantra	44	269	-225	0.164	-2.612
700..1200	5 1200	vAdin	vādin	43	274	-231	0.157	-2.672
700..1200	5 1200	maheSvarI	maheśvarī	37	44	-7	0.841	-0.250
700..1200	5 1200	romaharzaRa	romaharṣaṇa	31	29	2	1.069	0.096
700..1200	5 1200	liKita	likhita	38	7	31	5.429	2.441
700..1200	5 1200	leSa	leśa	41	38	3	1.079	0.110
700..1200	5 1200	lola	lola	43	54	-11	0.796	-0.329
700..1200	5 1200	triSUlin	triśūlin	41	24	17	1.708	0.773
700..1200	5 1200	dIkzA	dīkṣā	38	228	-190	0.167	-2.585
700..1200	5 1200	durAsada	durāsada	34	20	14	1.700	0.766
700..1200	5 1200	devarAja	devarāja	37	26	11	1.423	0.509
700..1200	5 1200	jAhnavI	jāhnavī	41	53	-12	0.774	-0.370
700..1200	5 1200	jYAnin	jñānin	42	57	-15	0.737	-0.441
700..1200	5 1200	pitrya	pitrya	39	28	11	1.393	0.478
700..1200	5 1200	tadIya	tadīya	42	56	-14	0.750	-0.415
700..1200	5 1200	tanu	tanu	44	412	-368	0.107	-3.227
700..1200	5 1200	talpa	talpa	44	39	5	1.128	0.174
700..1200	5 1200	taskara	taskara	45	30	15	1.500	0.585
700..1200	5 1200	sUkara	sūkara	42	38	4	1.105	0.144
700..1200	5 1200	sUkta	sūkta	42	28	14	1.500	0.585
700..1200	5 1200	tvazwf	tvaṣṭṛ	43	39	4	1.103	0.141
700..1200	5 1200	sOvarRa	sauvarṇa	34	42	-8	0.810	-0.305
700..1200	5 1200	samBrama	sambhrama	42	65	-23	0.646	-0.630
700..1200	5 1200	sarva	sarva	44	8407	-8363	0.005	-7.578
700..1200	5 1200	sAraTi	sārathi	43	49	-6	0.878	-0.188
700..1200	5 1200	SanEScara	śanaiścara	33	39	-6	0.846	-0.241
700..1200	5 1200	vEkArika	vaikārika	32	36	-4	0.889	-0.170
700..1200	5 1200	vEqUrya	vaiḍūrya	44	53	-9	0.830	-0.268
700..1200	5 1200	viparIta	viparīta	38	112	-74	0.339	-1.559
700..1200	5 1200	vimukti	vimukti	37	35	2	1.057	0.080
700..1200	5 1200	guhyaka	guhyaka	40	35	5	1.143	0.193
700..1200	5 1200	kzIroda	kṣīroda	42	24	18	1.750	0.807
700..1200	5 1200	viriYca	viriñca	44	32	12	1.375	0.459
700..1200	5 1200	pradyumna	pradyumna	42	48	-6	0.875	-0.193
700..1200	5 1200	vihAra	vihāra	42	36	6	1.167	0.222
700..1200	5 1200	purohita	purohita	39	55	-16	0.709	-0.496
700..1200	5 1200	pUrvaja	pūrvaja	42	29	13	1.448	0.534
700..1200	5 1200	pracetas	pracetas	40	30	10	1.333	0.415
700..1200	5 1200	ruh	ruh	43	70	-27	0.614	-0.703
700..1200	5 1200	aDikf	adhikṛ	45	47	-2	0.957	-0.063
700..1200	5 1200	maT	math	42	47	-5	0.894	-0.162
700..1200	5 1200	utTApay	utthāpay	41	39	2	1.051	0.072
700..1200	5 1200	upayA	upayā	39	34	5	1.147	0.198
700..1200	5 1200	nibanD	nibandh	43	44	-1	0.977	-0.033
700..1200	5 1200	praRI	praṇī	41	33	8	1.242	0.313
700..1200	5 1200	pratigrah	pratigrah	35	32	3	1.094	0.129
700..1200	5 1200	prasaYj	prasañj	40	51	-11	0.784	-0.350
700..1200	5 1200	prahf	prahṛ	42	31	11	1.355	0.438
700..1200	5 1200	viSram	viśram	44	90	-46	0.489	-1.032
700..1200	5 1200	vismf	vismṛ	40	76	-36	0.526	-0.926
700..1200	5 1200	vyatI	vyatī	41	19	22	2.158	1.110
700..1200	5 1200	samBf	sambhṛ	32	33	-1	0.970	-0.044
700..1200	5 1200	samarcay	samarcay	34	37	-3	0.919	-0.122
700..1200	5 1200	guhyatama	guhyatama	40	27	13	1.481	0.567
700..1200	5 1200	aMsa	aṁsa	42	28	14	1.500	0.585
700..1200	5 1200	vaYcay	vañcay	41	77	-36	0.532	-0.909
700..1200	5 1200	muKa	mukha	45	1078	-1033	0.042	-4.582
700..1200	5 1200	amAvAsI	amāvāsī	44	26	18	1.692	0.759
700..1200	5 1200	vikrayin	vikrayin	41	18	23	2.278	1.188
700..1200	5 1200	kaMDara	kaṁdhara	40	35	5	1.143	0.193
700..1200	5 1200	kamaRqalu	kamaṇḍalu	36	28	8	1.286	0.363
700..1200	5 1200	kfti	kṛti	40	18	22	2.222	1.152
700..1200	5 1200	kfttivAsas	kṛttivāsas	41	23	18	1.783	0.834
700..1200	5 1200	saMvid	saṁvid	39	361	-322	0.108	-3.210
700..1200	5 1200	anindita	anindita	36	24	12	1.500	0.585
700..1200	5 1200	anurAga	anurāga	42	48	-6	0.875	-0.193
700..1200	5 1200	kalatra	kalatra	41	40	1	1.025	0.036
700..1200	5 1200	kalpa	kalpa	41	451	-410	0.091	-3.459
700..1200	5 1200	kazwa	kaṣṭa	39	91	-52	0.429	-1.222
700..1200	5 1200	pataMga	pataṁga	39	28	11	1.393	0.478
700..1200	5 1200	paryAya	paryāya	42	54	-12	0.778	-0.363
700..1200	5 1200	apANga	apāṅga	40	18	22	2.222	1.152
700..1200	5 1200	apAna	apāna	43	72	-29	0.597	-0.744
700..1200	5 1200	aBimAna	abhimāna	39	56	-17	0.696	-0.522
700..1200	5 1200	kimpuruza	kimpuruṣa	40	28	12	1.429	0.515
700..1200	5 1200	kirAta	kirāta	37	16	21	2.312	1.209
700..1200	5 1200	BrAnti	bhrānti	42	41	1	1.024	0.035
700..1200	5 1200	maNgala	maṅgala	41	161	-120	0.255	-1.973
700..1200	5 1200	nizaDa	niṣadha	38	28	10	1.357	0.441
700..1200	5 1200	nEvedya	naivedya	42	65	-23	0.646	-0.630
700..1200	5 1200	aBiyoga	abhiyoga	41	15	26	2.733	1.451
700..1200	5 1200	aByaDika	abhyadhika	42	44	-2	0.955	-0.067
700..1200	5 1200	nAka	nāka	40	29	11	1.379	0.464
700..1200	5 1200	nAla	nāla	44	76	-32	0.579	-0.788
700..1200	5 1200	nikara	nikara	44	32	12	1.375	0.459
700..1200	5 1200	maDyAhna	madhyāhna	33	47	-14	0.702	-0.510
700..1200	5 1200	mahas	mahas	40	46	-6	0.870	-0.202
700..1200	5 1200	mahAtman	mahātman	33	367	-334	0.090	-3.475
700..1200	5 1200	ulkA	ulkā	43	35	8	1.229	0.297
700..1200	5 1200	vArAha	vārāha	37	64	-27	0.578	-0.791
700..1200	5 1200	BaradvAja	bharadvāja	42	76	-34	0.553	-0.856
700..1200	5 1200	BAgin	bhāgin	36	55	-19	0.655	-0.611
700..1200	5 1200	BArata	bhārata	38	222	-184	0.171	-2.546
700..1200	5 1200	BAzaRa	bhāṣaṇa	41	30	11	1.367	0.451
700..1200	5 1200	cAmara	cāmara	41	59	-18	0.695	-0.525
700..1200	5 1200	cintaka	cintaka	28	27	1	1.037	0.052
700..1200	5 1200	AdAna	ādāna	42	56	-14	0.750	-0.415
700..1200	5 1200	ADi	ādhi	36	22	14	1.636	0.710
700..1200	5 1200	ADi	ādhi	41	22	19	1.864	0.898
700..1200	5 1200	aSakta	aśakta	37	40	-3	0.925	-0.112
700..1200	5 1200	aSvatTa	aśvattha	42	64	-22	0.656	-0.608
700..1200	5 1200	azwAdaSan	aṣṭādaśan	35	77	-42	0.455	-1.138
700..1200	5 1200	asfj	asṛj	40	64	-24	0.625	-0.678
700..1200	5 1200	yukti	yukti	40	191	-151	0.209	-2.256
700..1200	5 1200	rajju	rajju	44	34	10	1.294	0.372
700..1200	5 1200	vAnaprasTa	vānaprastha	39	25	14	1.560	0.642
700..1200	5 1200	rOrava	raurava	38	39	-1	0.974	-0.037
700..1200	5 1200	tfz	tṛṣ	43	60	-17	0.717	-0.481
700..1200	5 1200	trinetra	trinetra	40	40	0	1.000	0.000
700..1200	5 1200	janapada	janapada	40	29	11	1.379	0.464
700..1200	5 1200	jAmbUnada	jāmbūnada	36	43	-7	0.837	-0.256
700..1200	5 1200	dEvika	daivika	42	13	29	3.231	1.692
700..1200	5 1200	taqAga	taḍāga	40	29	11	1.379	0.464
700..1200	5 1200	suraBi	surabhi	40	63	-23	0.635	-0.655
700..1200	5 1200	sOhfda	sauhṛda	39	26	13	1.500	0.585
700..1200	5 1200	haraRa	haraṇa	44	54	-10	0.815	-0.295
700..1200	5 1200	hartf	hartṛ	42	60	-18	0.700	-0.515
700..1200	5 1200	sAnu	sānu	40	17	23	2.353	1.234
700..1200	5 1200	sAmanta	sāmanta	36	11	25	3.273	1.710
700..1200	5 1200	Satakratu	śatakratu	37	44	-7	0.841	-0.250
700..1200	5 1200	vyatikara	vyatikara	44	28	16	1.571	0.652
700..1200	5 1200	vyADa	vyādha	38	51	-13	0.745	-0.424
700..1200	5 1200	svana	svana	39	43	-4	0.907	-0.141
700..1200	5 1200	Suc	śuc	40	171	-131	0.234	-2.096
700..1200	5 1200	SOnaka	śaunaka	31	41	-10	0.756	-0.403
700..1200	5 1200	Kara	khara	37	128	-91	0.289	-1.791
700..1200	5 1200	kzmA	kṣmā	40	34	6	1.176	0.234
700..1200	5 1200	pramaTa	pramatha	42	23	19	1.826	0.869
700..1200	5 1200	pramadA	pramadā	41	53	-12	0.774	-0.370
700..1200	5 1200	pur	pur	41	30	11	1.367	0.451
700..1200	5 1200	priyatama	priyatama	42	20	22	2.100	1.070
700..1200	5 1200	praveSa	praveśa	43	85	-42	0.506	-0.983
700..1200	5 1200	kamp	kamp	42	80	-38	0.525	-0.930
700..1200	5 1200	grIzma	grīṣma	38	54	-16	0.704	-0.507
700..1200	5 1200	jf	jṛ	41	484	-443	0.085	-3.561
700..1200	5 1200	BrAj	bhrāj	41	26	15	1.577	0.657
700..1200	5 1200	avaman	avaman	36	29	7	1.241	0.312
700..1200	5 1200	AliK	ālikh	36	27	9	1.333	0.415
700..1200	5 1200	hiMs	hiṁs	41	22	19	1.864	0.898
700..1200	5 1200	udDan	uddhan	39	20	19	1.950	0.963
700..1200	5 1200	GfRA	ghṛṇā	42	24	18	1.750	0.807
700..1200	5 1200	paryaw	paryaṭ	39	25	14	1.560	0.642
700..1200	5 1200	prakzip	prakṣip	38	61	-23	0.623	-0.683
700..1200	5 1200	pragrah	pragrah	38	26	12	1.462	0.547
700..1200	5 1200	pratiziD	pratiṣidh	40	26	14	1.538	0.621
700..1200	5 1200	vikzip	vikṣip	40	20	20	2.000	1.000
700..1200	5 1200	vivic	vivic	40	41	-1	0.976	-0.036
700..1200	5 1200	viSf	viśṛ	39	36	3	1.083	0.115
700..1200	5 1200	caRqAla	caṇḍāla	36	34	2	1.059	0.082
700..1200	5 1200	caturviMSati	caturviṁśati	41	41	0	1.000	0.000
700..1200	5 1200	satkf	satkṛ	40	35	5	1.143	0.193
700..1200	5 1200	patnIka	patnīka	39	25	14	1.560	0.642
700..1200	5 1200	devatIrTa	devatīrtha	37	22	15	1.682	0.750
700..1200	5 1200	akAra	akāra	36	29	7	1.241	0.312
700..1200	5 1200	kaRa	kaṇa	42	38	4	1.105	0.144
700..1200	5 1200	kaRva	kaṇva	40	35	5	1.143	0.193
700..1200	5 1200	kapota	kapota	36	65	-29	0.554	-0.852
700..1200	5 1200	karuRA	karuṇā	39	58	-19	0.672	-0.573
700..1200	5 1200	kftaGna	kṛtaghna	40	32	8	1.250	0.322
700..1200	5 1200	kftArTa	kṛtārtha	40	40	0	1.000	0.000
700..1200	5 1200	kokila	kokila	37	35	2	1.057	0.080
700..1200	5 1200	agnizwoma	agniṣṭoma	39	27	12	1.444	0.531
700..1200	5 1200	aNga	aṅga	39	999	-960	0.039	-4.679
700..1200	5 1200	aNgAraka	aṅgāraka	36	49	-13	0.735	-0.445
700..1200	5 1200	acyuta	acyuta	34	137	-103	0.248	-2.011
700..1200	5 1200	awavI	aṭavī	39	51	-12	0.765	-0.387
700..1200	5 1200	paRya	paṇya	39	16	23	2.438	1.285
700..1200	5 1200	parArDa	parārdha	40	35	5	1.143	0.193
700..1200	5 1200	sadas	sadas	37	30	7	1.233	0.303
700..1200	5 1200	sadya	sadya	34	23	11	1.478	0.564
700..1200	5 1200	anyatama	anyatama	36	41	-5	0.878	-0.188
700..1200	5 1200	apratima	apratima	39	25	14	1.560	0.642
700..1200	5 1200	kAvya	kāvya	40	68	-28	0.588	-0.766
700..1200	5 1200	kukzi	kukṣi	41	44	-3	0.932	-0.102
700..1200	5 1200	BUtAdi	bhūtādi	37	29	8	1.276	0.351
700..1200	5 1200	Bramara	bhramara	41	55	-14	0.745	-0.424
700..1200	5 1200	nizWa	niṣṭha	40	39	1	1.026	0.037
700..1200	5 1200	samAsa	samāsa	37	33	4	1.121	0.165
700..1200	5 1200	nirantara	nirantara	38	32	6	1.188	0.248
700..1200	5 1200	nirapekza	nirapekṣa	38	44	-6	0.864	-0.212
700..1200	5 1200	nirmama	nirmama	37	26	11	1.423	0.509
700..1200	5 1200	DUmra	dhūmra	41	38	3	1.079	0.110
700..1200	5 1200	upAnah	upānah	36	30	6	1.200	0.263
700..1200	5 1200	BakzaRa	bhakṣaṇa	38	95	-57	0.400	-1.322
700..1200	5 1200	BAnumatI	bhānumatī	38	22	16	1.727	0.788
700..1200	5 1200	BAs	bhās	39	94	-55	0.415	-1.269
700..1200	5 1200	cEla	caila	40	13	27	3.077	1.621
700..1200	5 1200	jagatI	jagatī	38	18	20	2.111	1.078
700..1200	5 1200	arGa	argha	41	38	3	1.079	0.110
700..1200	5 1200	alABa	alābha	38	26	12	1.462	0.547
700..1200	5 1200	ali	ali	42	22	20	1.909	0.933
700..1200	5 1200	aviSeza	aviśeṣa	34	37	-3	0.919	-0.122
700..1200	5 1200	ucCvAsa	ucchvāsa	28	19	9	1.474	0.559
700..1200	5 1200	utTa	uttha	41	163	-122	0.252	-1.991
700..1200	5 1200	utPulla	utphulla	40	31	9	1.290	0.368
700..1200	5 1200	ABAsa	ābhāsa	40	48	-8	0.833	-0.263
700..1200	5 1200	Arogya	ārogya	35	65	-30	0.538	-0.893
700..1200	5 1200	aSOca	aśauca	38	22	16	1.727	0.788
700..1200	5 1200	azwamUrti	aṣṭamūrti	34	23	11	1.478	0.564
700..1200	5 1200	Aspada	āspada	36	50	-14	0.720	-0.474
700..1200	5 1200	rAj	rāj	36	103	-67	0.350	-1.517
700..1200	5 1200	rukma	rukma	41	35	6	1.171	0.228
700..1200	5 1200	menA	menā	36	25	11	1.440	0.526
700..1200	5 1200	yaTArTa	yathārtha	33	27	6	1.222	0.290
700..1200	5 1200	yAga	yāga	37	89	-52	0.416	-1.266
700..1200	5 1200	vAjin	vājin	39	65	-26	0.600	-0.737
700..1200	5 1200	vApI	vāpī	34	40	-6	0.850	-0.234
700..1200	5 1200	mahIyas	mahīyas	39	23	16	1.696	0.762
700..1200	5 1200	reKA	rekhā	41	87	-46	0.471	-1.085
700..1200	5 1200	rohiRI	rohiṇī	34	66	-32	0.515	-0.957
700..1200	5 1200	trARa	trāṇa	38	35	3	1.086	0.119
700..1200	5 1200	dizwi	diṣṭi	31	43	-12	0.721	-0.472
700..1200	5 1200	dIpti	dīpti	39	32	7	1.219	0.285
700..1200	5 1200	devadAru	devadāru	39	37	2	1.054	0.076
700..1200	5 1200	jalaDi	jaladhi	41	50	-9	0.820	-0.286
700..1200	5 1200	jAgara	jāgara	35	63	-28	0.556	-0.848
700..1200	5 1200	jina	jina	40	12	28	3.333	1.737
700..1200	5 1200	drazwf	draṣṭṛ	36	35	1	1.029	0.041
700..1200	5 1200	dvEpAyana	dvaipāyana	37	24	13	1.542	0.624
700..1200	5 1200	taRqula	taṇḍula	38	66	-28	0.576	-0.796
700..1200	5 1200	tArakA	tārakā	37	36	1	1.028	0.040
700..1200	5 1200	suraBi	surabhi	41	63	-22	0.651	-0.620
700..1200	5 1200	sopAna	sopāna	40	39	1	1.026	0.037
700..1200	5 1200	sTaRqila	sthaṇḍila	34	49	-15	0.694	-0.527
700..1200	5 1200	sinDu	sindhu	39	76	-37	0.513	-0.963
700..1200	5 1200	sAkzya	sākṣya	41	2	39	20.500	4.358
700..1200	5 1200	sruva	sruva	40	26	14	1.538	0.621
700..1200	5 1200	Saktimat	śaktimat	37	62	-25	0.597	-0.745
700..1200	5 1200	SatarUpA	śatarūpā	40	24	16	1.667	0.737
700..1200	5 1200	SarIrin	śarīrin	34	74	-40	0.459	-1.122
700..1200	5 1200	vEtaraRI	vaitaraṇī	41	31	10	1.323	0.403
700..1200	5 1200	svarAj	svarāj	35	21	14	1.667	0.737
700..1200	5 1200	svarBAnu	svarbhānu	40	30	10	1.333	0.415
700..1200	5 1200	girijA	girijā	40	28	12	1.429	0.515
700..1200	5 1200	granTi	granthi	40	88	-48	0.455	-1.138
700..1200	5 1200	grAsa	grāsa	39	136	-97	0.287	-1.802
700..1200	5 1200	Suci	śuci	36	325	-289	0.111	-3.174
700..1200	5 1200	SeKara	śekhara	35	43	-8	0.814	-0.297
700..1200	5 1200	SAli	śāli	40	40	0	1.000	0.000
700..1200	5 1200	Siva	śiva	40	1891	-1851	0.021	-5.563
700..1200	5 1200	kraya	kraya	41	9	32	4.556	2.188
700..1200	5 1200	klIba	klība	39	32	7	1.219	0.285
700..1200	5 1200	mIna	mīna	40	38	2	1.053	0.074
700..1200	5 1200	vilocana	vilocana	37	38	-1	0.974	-0.038
700..1200	5 1200	vedikA	vedikā	38	27	11	1.407	0.493
700..1200	5 1200	prakASa	prakāśa	39	281	-242	0.139	-2.849
700..1200	5 1200	prayojana	prayojana	34	106	-72	0.321	-1.640
700..1200	5 1200	prahlAda	prahlāda	40	33	7	1.212	0.278
700..1200	5 1200	Ih	īh	37	40	-3	0.925	-0.112
700..1200	5 1200	kliS	kliś	41	33	8	1.242	0.313
700..1200	5 1200	jakz	jakṣ	41	31	10	1.323	0.403
700..1200	5 1200	tvar	tvar	34	33	1	1.030	0.043
700..1200	5 1200	eD	edh	38	18	20	2.111	1.078
700..1200	5 1200	anunI	anunī	38	14	24	2.714	1.441
700..1200	5 1200	plu	plu	37	59	-22	0.627	-0.673
700..1200	5 1200	mfj	mṛj	36	22	14	1.636	0.710
700..1200	5 1200	sic	sic	40	96	-56	0.417	-1.263
700..1200	5 1200	DU	dhū	38	22	16	1.727	0.788
700..1200	5 1200	aBipUjay	abhipūjay	34	18	16	1.889	0.918
700..1200	5 1200	avaguRWay	avaguṇṭhay	37	22	15	1.682	0.750
700..1200	5 1200	avaDU	avadhū	39	11	28	3.545	1.826
700..1200	5 1200	muz	muṣ	40	34	6	1.176	0.234
700..1200	5 1200	Apat	āpat	31	39	-8	0.795	-0.331
700..1200	5 1200	las	las	40	30	10	1.333	0.415
700..1200	5 1200	Asad	āsad	37	54	-17	0.685	-0.545
700..1200	5 1200	uccAray	uccāray	37	30	7	1.233	0.303
700..1200	5 1200	uparam	uparam	38	22	16	1.727	0.788
700..1200	5 1200	nipAtay	nipātay	38	84	-46	0.452	-1.144
700..1200	5 1200	niziD	niṣidh	34	57	-23	0.596	-0.745
700..1200	5 1200	vikas	vikas	40	26	14	1.538	0.621
700..1200	5 1200	viBA	vibhā	34	56	-22	0.607	-0.720
700..1200	5 1200	vimuh	vimuh	36	31	5	1.161	0.216
700..1200	5 1200	saMsiD	saṁsidh	39	25	14	1.560	0.642
700..1200	5 1200	saMci	saṁci	37	30	7	1.233	0.303
700..1200	5 1200	samuddiS	samuddiś	42	33	9	1.273	0.348
700..1200	5 1200	sambanD	sambandh	38	52	-14	0.731	-0.453
700..1200	5 1200	ulbaRa	ulbaṇa	36	39	-3	0.923	-0.115
700..1200	5 1200	nizkriya	niṣkriya	34	25	9	1.360	0.444
700..1200	5 1200	vAcay	vācay	38	22	16	1.727	0.788
700..1200	5 1200	savarRa	savarṇa	35	16	19	2.188	1.129
700..1200	5 1200	piDA	pidhā	40	57	-17	0.702	-0.511
700..1200	5 1200	kUwasTa	kūṭastha	36	33	3	1.091	0.126
700..1200	5 1200	akza	akṣa	37	351	-314	0.105	-3.246
700..1200	5 1200	atIndriya	atīndriya	36	30	6	1.200	0.263
700..1200	5 1200	saMketa	saṁketa	38	36	2	1.056	0.078
700..1200	5 1200	anAgata	anāgata	34	40	-6	0.850	-0.234
700..1200	5 1200	anusAra	anusāra	35	50	-15	0.700	-0.515
700..1200	5 1200	antarAla	antarāla	39	15	24	2.600	1.379
700..1200	5 1200	kAMsya	kāṁsya	35	73	-38	0.479	-1.061
700..1200	5 1200	kAruRya	kāruṇya	38	38	0	1.000	0.000
700..1200	5 1200	kArttikI	kārttikī	33	21	12	1.571	0.652
700..1200	5 1200	parameSa	parameśa	34	43	-9	0.791	-0.339
700..1200	5 1200	saMtAna	saṁtāna	38	68	-30	0.559	-0.840
700..1200	5 1200	parokza	parokṣa	34	47	-13	0.723	-0.467
700..1200	5 1200	anvezaRa	anveṣaṇa	40	7	33	5.714	2.515
700..1200	5 1200	BUman	bhūman	38	21	17	1.810	0.856
700..1200	5 1200	BUrloka	bhūrloka	32	20	12	1.600	0.678
700..1200	5 1200	Boja	bhoja	38	34	4	1.118	0.160
700..1200	5 1200	makAra	makāra	38	22	16	1.727	0.788
700..1200	5 1200	magaDa	magadha	37	41	-4	0.902	-0.148
700..1200	5 1200	niraya	niraya	37	35	2	1.057	0.080
700..1200	5 1200	nizkfti	niṣkṛti	31	28	3	1.107	0.147
700..1200	5 1200	samakza	samakṣa	35	16	19	2.188	1.129
700..1200	5 1200	samagra	samagra	39	46	-7	0.848	-0.238
700..1200	5 1200	amarza	amarṣa	39	15	24	2.600	1.379
700..1200	5 1200	ayonija	ayonija	31	22	9	1.409	0.495
700..1200	5 1200	nAmaDeya	nāmadheya	35	20	15	1.750	0.807
700..1200	5 1200	maDya	madhya	39	1081	-1042	0.036	-4.793
700..1200	5 1200	matimat	matimat	39	47	-8	0.830	-0.269
700..1200	5 1200	urvI	urvī	38	24	14	1.583	0.663
700..1200	5 1200	ekAgra	ekāgra	37	35	2	1.057	0.080
700..1200	5 1200	ErAvata	airāvata	31	25	6	1.240	0.310
700..1200	5 1200	SrIpati	śrīpati	38	29	9	1.310	0.390
700..1200	5 1200	narottama	narottama	32	37	-5	0.865	-0.209
700..1200	5 1200	vAraRa	vāraṇa	38	34	4	1.118	0.160
700..1200	5 1200	viSiKa	viśikha	38	54	-16	0.704	-0.507
700..1200	5 1200	Bakzya	bhakṣya	35	54	-19	0.648	-0.626
700..1200	5 1200	Bakta	bhakta	37	353	-316	0.105	-3.254
700..1200	5 1200	aryaman	aryaman	35	28	7	1.250	0.322
700..1200	5 1200	avasara	avasara	34	38	-4	0.895	-0.160
700..1200	5 1200	utsAha	utsāha	37	73	-36	0.507	-0.980
700..1200	5 1200	uda	uda	38	25	13	1.520	0.604
700..1200	5 1200	hrI	hrī	38	37	1	1.027	0.038
700..1200	5 1200	aSmaka	aśmaka	32	11	21	2.909	1.541
700..1200	5 1200	Ahuti	āhuti	38	48	-10	0.792	-0.337
700..1200	5 1200	ikzvAku	ikṣvāku	34	36	-2	0.944	-0.082
700..1200	5 1200	yugma	yugma	40	88	-48	0.455	-1.138
700..1200	5 1200	raMhas	raṁhas	37	28	9	1.321	0.402
700..1200	5 1200	rakta	rakta	32	754	-722	0.042	-4.558
700..1200	5 1200	rukmiRI	rukmiṇī	35	39	-4	0.897	-0.156
700..1200	5 1200	yAtuDAna	yātudhāna	37	22	15	1.682	0.750
700..1200	5 1200	tftIyA	tṛtīyā	34	33	1	1.030	0.043
700..1200	5 1200	durjaya	durjaya	33	53	-20	0.623	-0.684
700..1200	5 1200	jalada	jalada	34	46	-12	0.739	-0.436
700..1200	5 1200	jAyA	jāyā	35	52	-17	0.673	-0.571
700..1200	5 1200	dvipa	dvipa	35	32	3	1.094	0.129
700..1200	5 1200	DanaMjaya	dhanaṁjaya	30	89	-59	0.337	-1.569
700..1200	5 1200	DaritrI	dharitrī	35	21	14	1.667	0.737
700..1200	5 1200	piNgala	piṅgala	37	48	-11	0.771	-0.376
700..1200	5 1200	jyezWa	jyeṣṭha	29	161	-132	0.180	-2.473
700..1200	5 1200	tatpuruza	tatpuruṣa	34	37	-3	0.919	-0.122
700..1200	5 1200	taptakfcCra	taptakṛcchra	34	16	18	2.125	1.087
700..1200	5 1200	tAla	tāla	40	175	-135	0.229	-2.129
700..1200	5 1200	dakza	dakṣa	37	279	-242	0.133	-2.915
700..1200	5 1200	saha	saha	37	1299	-1262	0.028	-5.134
700..1200	5 1200	hAhA	hāhā	34	21	13	1.619	0.695
700..1200	5 1200	Sabara	śabara	35	65	-30	0.538	-0.893
700..1200	5 1200	hantf	hantṛ	40	49	-9	0.816	-0.293
700..1200	5 1200	vipAka	vipāka	39	137	-98	0.285	-1.813
700..1200	5 1200	gocara	gocara	35	135	-100	0.259	-1.948
700..1200	5 1200	gopura	gopura	36	15	21	2.400	1.263
700..1200	5 1200	SuSrUzaRa	śuśrūṣaṇa	35	17	18	2.059	1.042
700..1200	5 1200	gahana	gahana	39	52	-13	0.750	-0.415
700..1200	5 1200	SiKaRqin	śikhaṇḍin	36	64	-28	0.562	-0.830
700..1200	5 1200	kOSala	kauśala	38	22	16	1.727	0.788
700..1200	5 1200	krOYca	krauñca	34	34	0	1.000	0.000
700..1200	5 1200	viriYci	viriñci	39	23	16	1.696	0.762
700..1200	5 1200	mudrA	mudrā	35	81	-46	0.432	-1.211
700..1200	5 1200	vivara	vivara	39	43	-4	0.907	-0.141
700..1200	5 1200	visarga	visarga	38	105	-67	0.362	-1.466
700..1200	5 1200	prapaYca	prapañca	36	76	-40	0.474	-1.078
700..1200	5 1200	praBAsa	prabhāsa	35	42	-7	0.833	-0.263
700..1200	5 1200	vIruD	vīrudh	35	17	18	2.059	1.042
700..1200	5 1200	vftta	vṛtta	37	175	-138	0.211	-2.242
700..1200	5 1200	vena	vena	37	26	11	1.423	0.509
700..1200	5 1200	daSA	daśā	36	83	-47	0.434	-1.205
700..1200	5 1200	bAlacandrikA	bālacandrikā	35	0	35	inf	inf
700..1200	5 1200	kzan	kṣan	40	20	20	2.000	1.000
700..1200	5 1200	garh	garh	33	24	9	1.375	0.459
700..1200	5 1200	sru	sru	35	58	-23	0.603	-0.729
700..1200	5 1200	aDyApay	adhyāpay	34	23	11	1.478	0.564
700..1200	5 1200	aBijan	abhijan	28	30	-2	0.933	-0.100
700..1200	5 1200	avagam	avagam	34	38	-4	0.895	-0.160
700..1200	5 1200	avaSiz	avaśiṣ	36	52	-16	0.692	-0.531
700..1200	5 1200	Adf	ādṛ	35	38	-3	0.921	-0.119
700..1200	5 1200	Anam	ānam	39	34	5	1.147	0.198
700..1200	5 1200	Aplu	āplu	37	35	2	1.057	0.080
700..1200	5 1200	uttf	uttṛ	35	54	-19	0.648	-0.626
700..1200	5 1200	niviS	niviś	36	28	8	1.286	0.363
1200..1700	6 1700	vac	vac	5507	1288	4219	4.276	2.096
1200..1700	6 1700	kf	kṛ	6058	2636	3422	2.298	1.200
1200..1700	6 1700	BU	bhū	5544	2047	3497	2.708	1.437
1200..1700	6 1700	Adi	ādi	5451	1842	3609	2.959	1.565
1200..1700	6 1700	as	as	4373	1952	2421	2.240	1.164
1200..1700	6 1700	tva	tva	3323	908	2415	3.660	1.872
1200..1700	6 1700	gam	gam	2698	316	2382	8.538	3.094
1200..1700	6 1700	rAjan	rājan	2721	71	2650	38.324	5.260
1200..1700	6 1700	arTa	artha	2430	875	1555	2.777	1.474
1200..1700	6 1700	dfS	dṛś	2469	268	2201	9.213	3.204
1200..1700	6 1700	sva	sva	2407	271	2136	8.882	3.151
1200..1700	6 1700	Atman	ātman	2265	167	2098	13.563	3.762
1200..1700	6 1700	tA	tā	2135	442	1693	4.830	2.272
1200..1700	6 1700	rasa	rasa	2049	3129	-1080	0.655	-0.611
1200..1700	6 1700	Sru	śru	1769	121	1648	14.620	3.870
1200..1700	6 1700	sTA	sthā	1800	307	1493	5.863	2.552
1200..1700	6 1700	rUpa	rūpa	1954	324	1630	6.031	2.592
1200..1700	6 1700	mahat	mahat	1894	352	1542	5.381	2.428
1200..1700	6 1700	dA	dā	1822	1095	727	1.664	0.735
1200..1700	6 1700	kAla	kāla	1553	226	1327	6.872	2.781
1200..1700	6 1700	jan	jan	1553	575	978	2.701	1.433
1200..1700	6 1700	yA	yā	1469	181	1288	8.116	3.021
1200..1700	6 1700	deva	deva	1551	155	1396	10.006	3.323
1200..1700	6 1700	putra	putra	1567	74	1493	21.176	4.404
1200..1700	6 1700	ah	ah	1351	743	608	1.818	0.863
1200..1700	6 1700	prAp	prāp	1472	143	1329	10.294	3.364
1200..1700	6 1700	brU	brū	1241	40	1201	31.025	4.955
1200..1700	6 1700	jYA	jñā	1324	495	829	2.675	1.419
1200..1700	6 1700	karman	karman	1319	340	979	3.879	1.956
1200..1700	6 1700	Sakti	śakti	1235	136	1099	9.081	3.183
1200..1700	6 1700	guRa	guṇa	1210	689	521	1.756	0.812
1200..1700	6 1700	han	han	1194	483	711	2.472	1.306
1200..1700	6 1700	mantra	mantra	1194	304	890	3.928	1.974
1200..1700	6 1700	devI	devī	1249	216	1033	5.782	2.532
1200..1700	6 1700	tattva	tattva	1191	98	1093	12.153	3.603
1200..1700	6 1700	Darma	dharma	1163	125	1038	9.304	3.218
1200..1700	6 1700	SrI	śrī	910	218	692	4.174	2.062
1200..1700	6 1700	guru	guru	1084	591	493	1.834	0.875
1200..1700	6 1700	ityAdi	ityādi	817	554	263	1.475	0.560
1200..1700	6 1700	yoga	yoga	1105	507	598	2.179	1.124
1200..1700	6 1700	anta	anta	1133	208	925	5.447	2.445
1200..1700	6 1700	jYAna	jñāna	1058	107	951	9.888	3.306
1200..1700	6 1700	Pala	phala	1038	469	569	2.213	1.146
1200..1700	6 1700	Siva	śiva	975	195	780	5.000	2.322
1200..1700	6 1700	vad	vad	979	202	777	4.847	2.277
1200..1700	6 1700	muni	muni	975	108	867	9.028	3.174
1200..1700	6 1700	grah	grah	948	378	570	2.508	1.327
1200..1700	6 1700	AKyA	ākhyā	1060	261	799	4.061	2.022
1200..1700	6 1700	pracC	pracch	961	17	944	56.529	5.821
1200..1700	6 1700	smf	smṛ	818	426	392	1.920	0.941
1200..1700	6 1700	loka	loka	971	121	850	8.025	3.004
1200..1700	6 1700	agni	agni	937	713	224	1.314	0.394
1200..1700	6 1700	bala	bala	928	408	520	2.275	1.186
1200..1700	6 1700	deha	deha	907	283	624	3.205	1.680
1200..1700	6 1700	pitf	pitṛ	892	77	815	11.584	3.534
1200..1700	6 1700	suta	suta	882	19	863	46.421	5.537
1200..1700	6 1700	BAva	bhāva	853	136	717	6.272	2.649
1200..1700	6 1700	doza	doṣa	875	829	46	1.055	0.078
1200..1700	6 1700	tri	tri	868	724	144	1.199	0.262
1200..1700	6 1700	aMSa	aṁśa	911	457	454	1.993	0.995
1200..1700	6 1700	kzaRa	kṣaṇa	765	126	639	6.071	2.602
1200..1700	6 1700	Sata	śata	828	254	574	3.260	1.705
1200..1700	6 1700	Beda	bheda	826	242	584	3.413	1.771
1200..1700	6 1700	pada	pada	807	113	694	7.142	2.836
1200..1700	6 1700	muKa	mukha	824	440	384	1.873	0.905
1200..1700	6 1700	yuj	yuj	797	502	295	1.588	0.667
1200..1700	6 1700	nfpa	nṛpa	778	13	765	59.846	5.903
1200..1700	6 1700	mAtra	mātra	869	417	452	2.084	1.059
1200..1700	6 1700	manas	manas	789	152	637	5.191	2.376
1200..1700	6 1700	viDi	vidhi	783	328	455	2.387	1.255
1200..1700	6 1700	sTa	stha	855	174	681	4.914	2.297
1200..1700	6 1700	Sabda	śabda	789	181	608	4.359	2.124
1200..1700	6 1700	Agam	āgam	732	73	659	10.027	3.326
1200..1700	6 1700	gfha	gṛha	777	45	732	17.267	4.110
1200..1700	6 1700	brahman	brahman	724	145	579	4.993	2.320
1200..1700	6 1700	strI	strī	760	203	557	3.744	1.905
1200..1700	6 1700	prARa	prāṇa	774	117	657	6.615	2.726
1200..1700	6 1700	viDA	vidhā	716	289	427	2.478	1.309
1200..1700	6 1700	maDya	madhya	779	526	253	1.481	0.567
1200..1700	6 1700	kAraRa	kāraṇa	708	73	635	9.699	3.278
1200..1700	6 1700	heman	heman	728	466	262	1.562	0.644
1200..1700	6 1700	kArya	kārya	752	131	621	5.740	2.521
1200..1700	6 1700	pravac	pravac	751	574	177	1.308	0.388
1200..1700	6 1700	nija	nija	733	86	647	8.523	3.091
1200..1700	6 1700	man	man	672	335	337	2.006	1.004
1200..1700	6 1700	priya	priya	677	78	599	8.679	3.118
1200..1700	6 1700	paYcan	pañcan	674	317	357	2.126	1.088
1200..1700	6 1700	kaTay	kathay	669	383	286	1.747	0.805
1200..1700	6 1700	pUjay	pūjay	669	119	550	5.622	2.491
1200..1700	6 1700	jana	jana	665	69	596	9.638	3.269
1200..1700	6 1700	laB	labh	672	102	570	6.588	2.720
1200..1700	6 1700	tyaj	tyaj	678	144	534	4.708	2.235
1200..1700	6 1700	muc	muc	670	208	462	3.221	1.688
1200..1700	6 1700	maya	maya	690	168	522	4.107	2.038
1200..1700	6 1700	Adya	ādya	700	234	466	2.991	1.581
1200..1700	6 1700	vIra	vīra	690	29	661	23.793	4.572
1200..1700	6 1700	SarIra	śarīra	630	172	458	3.663	1.873
1200..1700	6 1700	nara	nara	614	178	436	3.449	1.786
1200..1700	6 1700	lakzaRa	lakṣaṇa	629	209	420	3.010	1.590
1200..1700	6 1700	sidDi	siddhi	640	259	381	2.471	1.305
1200..1700	6 1700	hetu	hetu	624	135	489	4.622	2.209
1200..1700	6 1700	puruza	puruṣa	650	101	549	6.436	2.686
1200..1700	6 1700	vid	vid	618	229	389	2.699	1.432
1200..1700	6 1700	antara	antara	652	294	358	2.218	1.149
1200..1700	6 1700	vidyA	vidyā	620	103	517	6.019	2.590
1200..1700	6 1700	bahu	bahu	621	188	433	3.303	1.724
1200..1700	6 1700	karRa	karṇa	619	61	558	10.148	3.343
1200..1700	6 1700	budDi	buddhi	608	74	534	8.216	3.038
1200..1700	6 1700	varRa	varṇa	630	436	194	1.445	0.531
1200..1700	6 1700	krama	krama	579	159	420	3.642	1.865
1200..1700	6 1700	pati	pati	601	42	559	14.310	3.839
1200..1700	6 1700	deSa	deśa	594	124	470	4.790	2.260
1200..1700	6 1700	bIja	bīja	594	499	95	1.190	0.251
1200..1700	6 1700	pAda	pāda	604	246	358	2.455	1.296
1200..1700	6 1700	sattva	sattva	597	782	-185	0.763	-0.389
1200..1700	6 1700	nAman	nāman	595	301	294	1.977	0.983
1200..1700	6 1700	cakra	cakra	600	81	519	7.407	2.889
1200..1700	6 1700	BU	bhū	559	2047	-1488	0.273	-1.873
1200..1700	6 1700	nI	nī	564	78	486	7.231	2.854
1200..1700	6 1700	jala	jala	563	523	40	1.076	0.106
1200..1700	6 1700	banD	bandh	575	284	291	2.025	1.018
1200..1700	6 1700	pat	pat	576	126	450	4.571	2.193
1200..1700	6 1700	divya	divya	578	97	481	5.959	2.575
1200..1700	6 1700	dvi	dvi	571	520	51	1.098	0.135
1200..1700	6 1700	vAta	vāta	571	845	-274	0.676	-0.565
1200..1700	6 1700	duHKa	duḥkha	578	60	518	9.633	3.268
1200..1700	6 1700	suKa	sukha	550	143	407	3.846	1.943
1200..1700	6 1700	kAma	kāma	571	136	435	4.199	2.070
1200..1700	6 1700	indra	indra	568	90	478	6.311	2.658
1200..1700	6 1700	hfdaya	hṛdaya	567	51	516	11.118	3.475
1200..1700	6 1700	iz	iṣ	512	118	394	4.339	2.117
1200..1700	6 1700	ISvara	īśvara	522	63	459	8.286	3.051
1200..1700	6 1700	rudra	rudra	548	68	480	8.059	3.011
1200..1700	6 1700	jagant	jagant	543	57	486	9.526	3.252
1200..1700	6 1700	ja	ja	545	526	19	1.036	0.051
1200..1700	6 1700	Dana	dhana	527	42	485	12.548	3.649
1200..1700	6 1700	hari	hari	467	87	380	5.368	2.424
1200..1700	6 1700	kzaya	kṣaya	531	299	232	1.776	0.829
1200..1700	6 1700	Atmaka	ātmaka	514	91	423	5.648	2.498
1200..1700	6 1700	dina	dina	516	611	-95	0.845	-0.244
1200..1700	6 1700	pitta	pitta	543	864	-321	0.628	-0.670
1200..1700	6 1700	AyA	āyā	500	82	418	6.098	2.608
1200..1700	6 1700	parama	parama	536	111	425	4.829	2.272
1200..1700	6 1700	Buj	bhuj	511	147	364	3.476	1.798
1200..1700	6 1700	praviS	praviś	498	30	468	16.600	4.053
1200..1700	6 1700	BUta	bhūta	511	167	344	3.060	1.613
1200..1700	6 1700	darSay	darśay	451	106	345	4.255	2.089
1200..1700	6 1700	raTa	ratha	516	6	510	86.000	6.426
1200..1700	6 1700	vizRu	viṣṇu	523	74	449	7.068	2.821
1200..1700	6 1700	mAyA	māyā	498	17	481	29.294	4.873
1200..1700	6 1700	viza	viṣa	514	770	-256	0.668	-0.583
1200..1700	6 1700	viSeza	viśeṣa	505	225	280	2.244	1.166
1200..1700	6 1700	praTama	prathama	532	111	421	4.793	2.261
1200..1700	6 1700	kriyA	kriyā	497	93	404	5.344	2.418
1200..1700	6 1700	BAryA	bhāryā	520	24	496	21.667	4.437
1200..1700	6 1700	mUla	mūla	519	358	161	1.450	0.536
1200..1700	6 1700	paS	paś	497	30	467	16.567	4.050
1200..1700	6 1700	antara	antara	431	294	137	1.466	0.552
1200..1700	6 1700	sahasra	sahasra	518	152	366	3.408	1.769
1200..1700	6 1700	vipra	vipra	512	52	460	9.846	3.300
1200..1700	6 1700	aNga	aṅga	519	239	280	2.172	1.119
1200..1700	6 1700	Baya	bhaya	509	74	435	6.878	2.782
1200..1700	6 1700	SAstra	śāstra	496	127	369	3.906	1.966
1200..1700	6 1700	saptan	saptan	507	517	-10	0.981	-0.028
1200..1700	6 1700	AcAra	ācāra	525	24	501	21.875	4.451
1200..1700	6 1700	dvaya	dvaya	493	400	93	1.232	0.302
1200..1700	6 1700	tapas	tapas	489	34	455	14.382	3.846
1200..1700	6 1700	kaTA	kathā	477	30	447	15.900	3.991
1200..1700	6 1700	mf	mṛ	477	538	-61	0.887	-0.174
1200..1700	6 1700	kula	kula	487	62	425	7.855	2.974
1200..1700	6 1700	Sara	śara	480	34	446	14.118	3.819
1200..1700	6 1700	namas	namas	425	108	317	3.935	1.976
1200..1700	6 1700	indriya	indriya	471	65	406	7.246	2.857
1200..1700	6 1700	saMvid	saṁvid	456	27	429	16.889	4.078
1200..1700	6 1700	ratna	ratna	491	166	325	2.958	1.565
1200..1700	6 1700	hA	hā	473	122	351	3.877	1.955
1200..1700	6 1700	hf	hṛ	467	138	329	3.384	1.759
1200..1700	6 1700	dravya	dravya	477	395	82	1.208	0.272
1200..1700	6 1700	prayA	prayā	492	26	466	18.923	4.242
1200..1700	6 1700	sat	sat	467	77	390	6.065	2.600
1200..1700	6 1700	ji	ji	448	144	304	3.111	1.637
1200..1700	6 1700	uttama	uttama	393	231	162	1.701	0.767
1200..1700	6 1700	astra	astra	476	15	461	31.733	4.988
1200..1700	6 1700	dvija	dvija	444	49	395	9.061	3.180
1200..1700	6 1700	agra	agra	491	110	381	4.464	2.158
1200..1700	6 1700	maRqala	maṇḍala	444	82	362	5.415	2.437
1200..1700	6 1700	go	go	451	322	129	1.401	0.486
1200..1700	6 1700	vana	vana	440	45	395	9.778	3.290
1200..1700	6 1700	Siras	śiras	460	86	374	5.349	2.419
1200..1700	6 1700	traya	traya	444	333	111	1.333	0.415
1200..1700	6 1700	sTAna	sthāna	451	100	351	4.510	2.173
1200..1700	6 1700	BAz	bhāṣ	383	19	364	20.158	4.333
1200..1700	6 1700	hasta	hasta	471	138	333	3.413	1.771
1200..1700	6 1700	svaBAva	svabhāva	456	52	404	8.769	3.132
1200..1700	6 1700	aBiDA	abhidhā	403	212	191	1.901	0.927
1200..1700	6 1700	kaPa	kapha	449	844	-395	0.532	-0.911
1200..1700	6 1700	SuD	śudh	431	627	-196	0.687	-0.541
1200..1700	6 1700	BAga	bhāga	453	678	-225	0.668	-0.582
1200..1700	6 1700	sTiti	sthiti	414	35	379	11.829	3.564
1200..1700	6 1700	rAjya	rājya	444	15	429	29.600	4.888
1200..1700	6 1700	vahni	vahni	446	484	-38	0.921	-0.118
1200..1700	6 1700	Bavat	bhavat	413	32	381	12.906	3.690
1200..1700	6 1700	BUmi	bhūmi	440	152	288	2.895	1.533
1200..1700	6 1700	yogin	yogin	382	115	267	3.322	1.732
1200..1700	6 1700	gaRa	gaṇa	413	117	296	3.530	1.820
1200..1700	6 1700	kalA	kalā	410	86	324	4.767	2.253
1200..1700	6 1700	kfzRa	kṛṣṇa	415	336	79	1.235	0.305
1200..1700	6 1700	Adika	ādika	415	230	185	1.804	0.851
1200..1700	6 1700	vajra	vajra	407	391	16	1.041	0.058
1200..1700	6 1700	ga	ga	385	106	279	3.632	1.861
1200..1700	6 1700	aDyAya	adhyāya	253	38	215	6.658	2.735
1200..1700	6 1700	azwan	aṣṭan	420	317	103	1.325	0.406
1200..1700	6 1700	sUta	sūta	426	1047	-621	0.407	-1.297
1200..1700	6 1700	zaz	ṣaṣ	393	288	105	1.365	0.448
1200..1700	6 1700	vatsa	vatsa	417	9	408	46.333	5.534
1200..1700	6 1700	catur	catur	405	362	43	1.119	0.162
1200..1700	6 1700	vara	vara	388	217	171	1.788	0.838
1200..1700	6 1700	darSana	darśana	383	59	324	6.492	2.699
1200..1700	6 1700	upAya	upāya	413	31	382	13.323	3.736
1200..1700	6 1700	da	da	393	371	22	1.059	0.083
1200..1700	6 1700	mala	mala	406	244	162	1.664	0.735
1200..1700	6 1700	sura	sura	402	36	366	11.167	3.481
1200..1700	6 1700	puzpa	puṣpa	417	196	221	2.128	1.089
1200..1700	6 1700	vrata	vrata	394	24	370	16.417	4.037
1200..1700	6 1700	karaRa	karaṇa	403	144	259	2.799	1.485
1200..1700	6 1700	vacas	vacas	394	23	371	17.130	4.098
1200..1700	6 1700	vizaya	viṣaya	407	88	319	4.625	2.209
1200..1700	6 1700	brAhmaRa	brāhmaṇa	395	61	334	6.475	2.695
1200..1700	6 1700	dah	dah	390	141	249	2.766	1.468
1200..1700	6 1700	mantrin	mantrin	403	16	387	25.188	4.655
1200..1700	6 1700	diS	diś	401	97	304	4.134	2.048
1200..1700	6 1700	garBa	garbha	399	197	202	2.025	1.018
1200..1700	6 1700	aBAva	abhāva	393	106	287	3.708	1.890
1200..1700	6 1700	tejas	tejas	394	80	314	4.925	2.300
1200..1700	6 1700	dAna	dāna	400	65	335	6.154	2.621
1200..1700	6 1700	vraj	vraj	333	73	260	4.562	2.190
1200..1700	6 1700	icCA	icchā	376	25	351	15.040	3.911
1200..1700	6 1700	mAtf	mātṛ	372	68	304	5.471	2.452
1200..1700	6 1700	daSan	daśan	364	259	105	1.405	0.491
1200..1700	6 1700	Bid	bhid	373	76	297	4.908	2.295
1200..1700	6 1700	rakz	rakṣ	375	26	349	14.423	3.850
1200..1700	6 1700	Boga	bhoga	390	52	338	7.500	2.907
1200..1700	6 1700	loha	loha	390	933	-543	0.418	-1.258
1200..1700	6 1700	jvara	jvara	371	456	-85	0.814	-0.298
1200..1700	6 1700	SuBa	śubha	367	160	207	2.294	1.198
1200..1700	6 1700	pf	pṛ	393	85	308	4.624	2.209
1200..1700	6 1700	cintay	cintay	342	21	321	16.286	4.026
1200..1700	6 1700	udaya	udaya	371	77	294	4.818	2.268
1200..1700	6 1700	janman	janman	368	44	324	8.364	3.064
1200..1700	6 1700	KaRqa	khaṇḍa	407	93	314	4.376	2.130
1200..1700	6 1700	uttara	uttara	361	111	250	3.252	1.701
1200..1700	6 1700	ISa	īśa	394	21	373	18.762	4.230
1200..1700	6 1700	mAMsa	māṁsa	382	155	227	2.465	1.301
1200..1700	6 1700	Sizya	śiṣya	379	31	348	12.226	3.612
1200..1700	6 1700	pura	pura	377	40	337	9.425	3.236
1200..1700	6 1700	DyA	dhyā	367	31	336	11.839	3.565
1200..1700	6 1700	AdA	ādā	376	73	303	5.151	2.365
1200..1700	6 1700	cit	cit	376	26	350	14.462	3.854
1200..1700	6 1700	tulya	tulya	369	412	-43	0.896	-0.159
1200..1700	6 1700	gati	gati	345	92	253	3.750	1.907
1200..1700	6 1700	pravft	pravṛt	346	16	330	21.625	4.435
1200..1700	6 1700	rAga	rāga	358	102	256	3.510	1.811
1200..1700	6 1700	rAma	rāma	336	30	306	11.200	3.485
1200..1700	6 1700	maDura	madhura	371	595	-224	0.624	-0.681
1200..1700	6 1700	mokza	mokṣa	366	61	305	6.000	2.585
1200..1700	6 1700	car	car	348	120	228	2.900	1.536
1200..1700	6 1700	kanyA	kanyā	362	98	264	3.694	1.885
1200..1700	6 1700	aDika	adhika	356	224	132	1.589	0.668
1200..1700	6 1700	ganDa	gandha	352	552	-200	0.638	-0.649
1200..1700	6 1700	uzRa	uṣṇa	366	771	-405	0.475	-1.075
1200..1700	6 1700	satya	satya	332	103	229	3.223	1.689
1200..1700	6 1700	vaRij	vaṇij	355	4	351	88.750	6.472
1200..1700	6 1700	hfd	hṛd	352	96	256	3.667	1.874
1200..1700	6 1700	BAvay	bhāvay	328	376	-48	0.872	-0.197
1200..1700	6 1700	Soka	śoka	362	19	343	19.053	4.252
1200..1700	6 1700	vAyu	vāyu	348	98	250	3.551	1.828
1200..1700	6 1700	roga	roga	358	675	-317	0.530	-0.915
1200..1700	6 1700	anna	anna	338	116	222	2.914	1.543
1200..1700	6 1700	tAra	tāra	348	296	52	1.176	0.233
1200..1700	6 1700	mitra	mitra	355	5	350	71.000	6.150
1200..1700	6 1700	vftti	vṛtti	346	71	275	4.873	2.285
1200..1700	6 1700	mahApurARa	mahāpurāṇa	374	0	374	inf	inf
1200..1700	6 1700	sUrya	sūrya	341	116	225	2.940	1.556
1200..1700	6 1700	kAray	kāray	308	163	145	1.890	0.918
1200..1700	6 1700	Gora	ghora	353	34	319	10.382	3.376
1200..1700	6 1700	prAh	prāh	363	36	327	10.083	3.334
1200..1700	6 1700	BIzma	bhīṣma	337	2	335	168.500	7.397
1200..1700	6 1700	pApa	pāpa	356	103	253	3.456	1.789
1200..1700	6 1700	gAruqa	gāruḍa	367	1	366	367.000	8.520
1200..1700	6 1700	arjuna	arjuna	321	12	309	26.750	4.741
1200..1700	6 1700	vacana	vacana	344	51	293	6.745	2.754
1200..1700	6 1700	svarUpa	svarūpa	351	67	284	5.239	2.389
1200..1700	6 1700	Ananda	ānanda	349	55	294	6.345	2.666
1200..1700	6 1700	kzIra	kṣīra	348	321	27	1.084	0.117
1200..1700	6 1700	kara	kara	335	562	-227	0.596	-0.746
1200..1700	6 1700	kopa	kopa	343	47	296	7.298	2.867
1200..1700	6 1700	arDa	ardha	343	358	-15	0.958	-0.062
1200..1700	6 1700	pArTa	pārtha	342	3	339	114.000	6.833
1200..1700	6 1700	pattra	pattra	345	554	-209	0.623	-0.683
1200..1700	6 1700	droRa	droṇa	337	7	330	48.143	5.589
1200..1700	6 1700	Cid	chid	340	27	313	12.593	3.655
1200..1700	6 1700	alpa	alpa	334	142	192	2.352	1.234
1200..1700	6 1700	amfta	amṛta	333	159	174	2.094	1.066
1200..1700	6 1700	Seza	śeṣa	331	230	101	1.439	0.525
1200..1700	6 1700	dvitIya	dvitīya	301	136	165	2.213	1.146
1200..1700	6 1700	kARqa	kāṇḍa	348	16	332	21.750	4.443
1200..1700	6 1700	prakfti	prakṛti	309	31	278	9.968	3.317
1200..1700	6 1700	buD	budh	279	41	238	6.805	2.767
1200..1700	6 1700	pARqu	pāṇḍu	329	216	113	1.523	0.607
1200..1700	6 1700	viS	viś	316	38	278	8.316	3.056
1200..1700	6 1700	muh	muh	329	34	295	9.676	3.274
1200..1700	6 1700	arka	arka	323	254	69	1.272	0.347
1200..1700	6 1700	jYa	jña	328	90	238	3.644	1.866
1200..1700	6 1700	jIv	jīv	300	53	247	5.660	2.501
1200..1700	6 1700	BIma	bhīma	301	11	290	27.364	4.774
1200..1700	6 1700	varjay	varjay	266	159	107	1.673	0.742
1200..1700	6 1700	kft	kṛt	299	361	-62	0.828	-0.272
1200..1700	6 1700	SrImat	śrīmat	308	38	270	8.105	3.019
1200..1700	6 1700	moha	moha	307	47	260	6.532	2.708
1200..1700	6 1700	pUjA	pūjā	317	57	260	5.561	2.475
1200..1700	6 1700	kara	kara	314	562	-248	0.559	-0.840
1200..1700	6 1700	dIkzA	dīkṣā	310	13	297	23.846	4.576
1200..1700	6 1700	praBAva	prabhāva	302	67	235	4.507	2.172
1200..1700	6 1700	avAp	avāp	269	35	234	7.686	2.942
1200..1700	6 1700	pakza	pakṣa	309	136	173	2.272	1.184
1200..1700	6 1700	rAtri	rātri	305	75	230	4.067	2.024
1200..1700	6 1700	varza	varṣa	314	101	213	3.109	1.636
1200..1700	6 1700	kzip	kṣip	306	773	-467	0.396	-1.337
1200..1700	6 1700	gad	gad	295	15	280	19.667	4.298
1200..1700	6 1700	pramARa	pramāṇa	303	144	159	2.104	1.073
1200..1700	6 1700	devatA	devatā	283	41	242	6.902	2.787
1200..1700	6 1700	sAra	sāra	315	151	164	2.086	1.061
1200..1700	6 1700	SApa	śāpa	304	3	301	101.333	6.663
1200..1700	6 1700	vIrya	vīrya	305	379	-74	0.805	-0.313
1200..1700	6 1700	vft	vṛt	289	47	242	6.149	2.620
1200..1700	6 1700	candra	candra	312	102	210	3.059	1.613
1200..1700	6 1700	rakta	rakta	282	499	-217	0.565	-0.823
1200..1700	6 1700	rakta	rakta	296	499	-203	0.593	-0.753
1200..1700	6 1700	banDa	bandha	302	180	122	1.678	0.747
1200..1700	6 1700	Dam	dham	307	270	37	1.137	0.185
1200..1700	6 1700	Baj	bhaj	290	61	229	4.754	2.249
1200..1700	6 1700	citta	citta	304	66	238	4.606	2.204
1200..1700	6 1700	jf	jṛ	292	363	-71	0.804	-0.314
1200..1700	6 1700	parameSvara	parameśvara	279	7	272	39.857	5.317
1200..1700	6 1700	dakziRa	dakṣiṇa	279	68	211	4.103	2.037
1200..1700	6 1700	sneha	sneha	296	85	211	3.482	1.800
1200..1700	6 1700	marday	marday	283	545	-262	0.519	-0.945
1200..1700	6 1700	Aruh	āruh	290	16	274	18.125	4.180
1200..1700	6 1700	Ayus	āyus	290	92	198	3.152	1.656
1200..1700	6 1700	yudDa	yuddha	300	7	293	42.857	5.421
1200..1700	6 1700	liNga	liṅga	290	91	199	3.187	1.672
1200..1700	6 1700	kowi	koṭi	295	80	215	3.688	1.883
1200..1700	6 1700	Bartf	bhartṛ	294	17	277	17.294	4.112
1200..1700	6 1700	vapus	vapus	288	53	235	5.434	2.442
1200..1700	6 1700	vAc	vāc	289	72	217	4.014	2.005
1200..1700	6 1700	vaSa	vaśa	289	54	235	5.352	2.420
1200..1700	6 1700	paSu	paśu	274	26	248	10.538	3.398
1200..1700	6 1700	nAga	nāga	286	475	-189	0.602	-0.732
1200..1700	6 1700	mftyu	mṛtyu	282	152	130	1.855	0.892
1200..1700	6 1700	prakASa	prakāśa	281	54	227	5.204	2.380
1200..1700	6 1700	rAja	rāja	303	16	287	18.938	4.243
1200..1700	6 1700	Bagavant	bhagavant	288	37	251	7.784	2.960
1200..1700	6 1700	Akula	ākula	273	16	257	17.062	4.093
1200..1700	6 1700	mAsa	māsa	291	176	115	1.653	0.725
1200..1700	6 1700	mukti	mukti	277	69	208	4.014	2.005
1200..1700	6 1700	AkAra	ākāra	293	164	129	1.787	0.837
1200..1700	6 1700	Ap	āp	256	107	149	2.393	1.259
1200..1700	6 1700	padma	padma	287	82	205	3.500	1.807
1200..1700	6 1700	avasTA	avasthā	283	49	234	5.776	2.530
1200..1700	6 1700	pA	pā	273	235	38	1.162	0.216
1200..1700	6 1700	DI	dhī	256	42	214	6.095	2.608
1200..1700	6 1700	AhAra	āhāra	280	34	246	8.235	3.042
1200..1700	6 1700	tikta	tikta	291	612	-321	0.475	-1.073
1200..1700	6 1700	svapna	svapna	272	13	259	20.923	4.387
1200..1700	6 1700	utTA	utthā	265	44	221	6.023	2.590
1200..1700	6 1700	vijYA	vijñā	270	161	109	1.677	0.746
1200..1700	6 1700	niveday	niveday	230	12	218	19.167	4.261
1200..1700	6 1700	sUkzma	sūkṣma	284	178	106	1.596	0.674
1200..1700	6 1700	pfTivI	pṛthivī	268	55	213	4.873	2.285
1200..1700	6 1700	Gna	ghna	298	688	-390	0.433	-1.207
1200..1700	6 1700	aDvan	adhvan	271	19	252	14.263	3.834
1200..1700	6 1700	nyas	nyas	267	82	185	3.256	1.703
1200..1700	6 1700	BrAtf	bhrātṛ	272	16	256	17.000	4.087
1200..1700	6 1700	pAtra	pātra	285	336	-51	0.848	-0.237
1200..1700	6 1700	pARqava	pāṇḍava	264	0	264	inf	inf
1200..1700	6 1700	sutA	sutā	269	17	252	15.824	3.984
1200..1700	6 1700	sahita	sahita	290	131	159	2.214	1.146
1200..1700	6 1700	graha	graha	265	72	193	3.681	1.880
1200..1700	6 1700	mUtra	mūtra	278	334	-56	0.832	-0.265
1200..1700	6 1700	siD	sidh	263	201	62	1.308	0.388
1200..1700	6 1700	tanu	tanu	254	97	157	2.619	1.389
1200..1700	6 1700	puMs	puṁs	269	119	150	2.261	1.177
1200..1700	6 1700	prIti	prīti	280	28	252	10.000	3.322
1200..1700	6 1700	kuru	kuru	278	3	275	92.667	6.534
1200..1700	6 1700	pASa	pāśa	265	13	252	20.385	4.349
1200..1700	6 1700	piRqa	piṇḍa	276	132	144	2.091	1.064
1200..1700	6 1700	tanaya	tanaya	281	4	277	70.250	6.134
1200..1700	6 1700	sakala	sakala	265	145	120	1.828	0.870
1200..1700	6 1700	maDu	madhu	266	300	-34	0.887	-0.174
1200..1700	6 1700	UrDva	ūrdhva	257	177	80	1.452	0.538
1200..1700	6 1700	BUpati	bhūpati	242	3	239	80.667	6.334
1200..1700	6 1700	netra	netra	280	169	111	1.657	0.728
1200..1700	6 1700	dfS	dṛś	260	268	-8	0.970	-0.044
1200..1700	6 1700	Sakra	śakra	274	9	265	30.444	4.928
1200..1700	6 1700	vAkya	vākya	270	45	225	6.000	2.585
1200..1700	6 1700	tala	tala	251	143	108	1.755	0.812
1200..1700	6 1700	svap	svap	245	19	226	12.895	3.689
1200..1700	6 1700	kfzRa	kṛṣṇa	255	336	-81	0.759	-0.398
1200..1700	6 1700	anvita	anvita	236	140	96	1.686	0.753
1200..1700	6 1700	Basman	bhasman	256	514	-258	0.498	-1.006
1200..1700	6 1700	tEla	taila	263	396	-133	0.664	-0.590
1200..1700	6 1700	kanaka	kanaka	258	163	95	1.583	0.662
1200..1700	6 1700	DyAna	dhyāna	259	26	233	9.962	3.316
1200..1700	6 1700	Bagavat	bhagavat	262	13	249	20.154	4.333
1200..1700	6 1700	dvAra	dvāra	261	69	192	3.783	1.919
1200..1700	6 1700	kartf	kartṛ	266	46	220	5.783	2.532
1200..1700	6 1700	samasta	samasta	247	69	178	3.580	1.840
1200..1700	6 1700	vyADi	vyādhi	257	156	101	1.647	0.720
1200..1700	6 1700	gaja	gaja	251	54	197	4.648	2.217
1200..1700	6 1700	brahman	brahman	256	145	111	1.766	0.820
1200..1700	6 1700	saKI	sakhī	251	27	224	9.296	3.217
1200..1700	6 1700	ucita	ucita	247	31	216	7.968	2.994
1200..1700	6 1700	locana	locana	225	19	206	11.842	3.566
1200..1700	6 1700	tamas	tamas	253	19	234	13.316	3.735
1200..1700	6 1700	guru	guru	256	591	-335	0.433	-1.207
1200..1700	6 1700	muKya	mukhya	253	47	206	5.383	2.428
1200..1700	6 1700	yuDizWira	yudhiṣṭhira	218	0	218	inf	inf
1200..1700	6 1700	yajYa	yajña	256	22	234	11.636	3.541
1200..1700	6 1700	Sam	śam	256	26	230	9.846	3.300
1200..1700	6 1700	kArin	kārin	242	118	124	2.051	1.036
1200..1700	6 1700	mArga	mārga	261	63	198	4.143	2.051
1200..1700	6 1700	kroDa	krodha	257	25	232	10.280	3.362
1200..1700	6 1700	prada	prada	243	241	2	1.008	0.012
1200..1700	6 1700	dAha	dāha	261	351	-90	0.744	-0.427
1200..1700	6 1700	fzi	ṛṣi	247	28	219	8.821	3.141
1200..1700	6 1700	vastra	vastra	257	261	-4	0.985	-0.022
1200..1700	6 1700	sfzwi	sṛṣṭi	233	27	206	8.630	3.109
1200..1700	6 1700	raRa	raṇa	254	5	249	50.800	5.667
1200..1700	6 1700	Bakzay	bhakṣay	239	154	85	1.552	0.634
1200..1700	6 1700	maRi	maṇi	250	103	147	2.427	1.279
1200..1700	6 1700	mAkzika	mākṣika	224	337	-113	0.665	-0.589
1200..1700	6 1700	soma	soma	241	20	221	12.050	3.591
1200..1700	6 1700	vyoman	vyoman	253	85	168	2.976	1.574
1200..1700	6 1700	praRam	praṇam	235	23	212	10.217	3.353
1200..1700	6 1700	AnI	ānī	238	32	206	7.438	2.895
1200..1700	6 1700	saMsAra	saṁsāra	243	33	210	7.364	2.880
1200..1700	6 1700	vara	vara	237	217	20	1.092	0.127
1200..1700	6 1700	svarga	svarga	247	20	227	12.350	3.626
1200..1700	6 1700	praBA	prabhā	219	87	132	2.517	1.332
1200..1700	6 1700	matsya	matsya	240	54	186	4.444	2.152
1200..1700	6 1700	nitya	nitya	237	86	151	2.756	1.462
1200..1700	6 1700	udara	udara	238	246	-8	0.967	-0.048
1200..1700	6 1700	rajas	rajas	242	157	85	1.541	0.624
1200..1700	6 1700	jIvita	jīvita	225	30	195	7.500	2.907
1200..1700	6 1700	DAtu	dhātu	238	268	-30	0.888	-0.171
1200..1700	6 1700	dru	dru	238	179	59	1.330	0.411
1200..1700	6 1700	saMSaya	saṁśaya	193	204	-11	0.946	-0.080
1200..1700	6 1700	arTin	arthin	238	34	204	7.000	2.807
1200..1700	6 1700	veda	veda	233	54	179	4.315	2.109
1200..1700	6 1700	bAhya	bāhya	236	53	183	4.453	2.155
1200..1700	6 1700	BErava	bhairava	236	31	205	7.613	2.928
1200..1700	6 1700	utsava	utsava	213	8	205	26.625	4.735
1200..1700	6 1700	Atmaja	ātmaja	200	8	192	25.000	4.644
1200..1700	6 1700	rasAyana	rasāyana	209	372	-163	0.562	-0.832
1200..1700	6 1700	rAkzasa	rākṣasa	223	37	186	6.027	2.591
1200..1700	6 1700	div	div	232	9	223	25.778	4.688
1200..1700	6 1700	vastu	vastu	232	35	197	6.629	2.729
1200..1700	6 1700	lakzmI	lakṣmī	234	32	202	7.312	2.870
1200..1700	6 1700	Satru	śatru	242	47	195	5.149	2.364
1200..1700	6 1700	Suka	śuka	234	6	228	39.000	5.285
1200..1700	6 1700	ganDaka	gandhaka	227	654	-427	0.347	-1.527
1200..1700	6 1700	BA	bhā	229	11	218	20.818	4.380
1200..1700	6 1700	kaRWa	kaṇṭha	240	168	72	1.429	0.515
1200..1700	6 1700	sPuwa	sphuṭa	209	43	166	4.860	2.281
1200..1700	6 1700	sev	sev	217	162	55	1.340	0.422
1200..1700	6 1700	yuta	yuta	236	186	50	1.269	0.343
1200..1700	6 1700	SilA	śilā	235	290	-55	0.810	-0.303
1200..1700	6 1700	vfdDi	vṛddhi	234	134	100	1.746	0.804
1200..1700	6 1700	Sak	śak	226	22	204	10.273	3.361
1200..1700	6 1700	Akfti	ākṛti	207	58	149	3.569	1.836
1200..1700	6 1700	ASraya	āśraya	218	44	174	4.955	2.309
1200..1700	6 1700	yukti	yukti	214	85	129	2.518	1.332
1200..1700	6 1700	kzi	kṣi	223	52	171	4.288	2.100
1200..1700	6 1700	spfS	spṛś	217	22	195	9.864	3.302
1200..1700	6 1700	nihan	nihan	225	135	90	1.667	0.737
1200..1700	6 1700	vaDa	vadha	232	30	202	7.733	2.951
1200..1700	6 1700	saMjYA	saṁjñā	235	125	110	1.880	0.911
1200..1700	6 1700	vikalpa	vikalpa	213	16	197	13.312	3.735
1200..1700	6 1700	snigDa	snigdha	233	375	-142	0.621	-0.687
1200..1700	6 1700	grahaRa	grahaṇa	229	76	153	3.013	1.591
1200..1700	6 1700	samaya	samaya	229	47	182	4.872	2.285
1200..1700	6 1700	tIrTa	tīrtha	231	18	213	12.833	3.682
1200..1700	6 1700	puwa	puṭa	231	578	-347	0.400	-1.323
1200..1700	6 1700	sADay	sādhay	211	112	99	1.884	0.914
1200..1700	6 1700	saMhAra	saṁhāra	228	23	205	9.913	3.309
1200..1700	6 1700	mada	mada	224	76	148	2.947	1.559
1200..1700	6 1700	nAga	nāga	228	475	-247	0.480	-1.059
1200..1700	6 1700	duryoDana	duryodhana	197	0	197	inf	inf
1200..1700	6 1700	pArSva	pārśva	229	81	148	2.827	1.499
1200..1700	6 1700	hara	hara	226	525	-299	0.430	-1.216
1200..1700	6 1700	kAYcana	kāñcana	196	52	144	3.769	1.914
1200..1700	6 1700	Buvana	bhuvana	223	20	203	11.150	3.479
1200..1700	6 1700	Bojana	bhojana	212	68	144	3.118	1.640
1200..1700	6 1700	DAman	dhāman	229	20	209	11.450	3.517
1200..1700	6 1700	vAra	vāra	227	480	-253	0.473	-1.080
1200..1700	6 1700	hita	hita	210	189	21	1.111	0.152
1200..1700	6 1700	SUla	śūla	228	351	-123	0.650	-0.622
1200..1700	6 1700	bARa	bāṇa	225	26	199	8.654	3.113
1200..1700	6 1700	prasAda	prasāda	222	38	184	5.842	2.546
1200..1700	6 1700	kalpay	kalpay	200	28	172	7.143	2.837
1200..1700	6 1700	tuz	tuṣ	208	8	200	26.000	4.700
1200..1700	6 1700	cUrRa	cūrṇa	222	694	-472	0.320	-1.644
1200..1700	6 1700	vaktra	vaktra	231	94	137	2.457	1.297
1200..1700	6 1700	dIrGa	dīrgha	216	119	97	1.815	0.860
1200..1700	6 1700	dfzwi	dṛṣṭi	222	61	161	3.639	1.864
1200..1700	6 1700	jaya	jaya	214	10	204	21.400	4.420
1200..1700	6 1700	SUnya	śūnya	219	41	178	5.341	2.417
1200..1700	6 1700	Bava	bhava	220	119	101	1.849	0.887
1200..1700	6 1700	SaNKa	śaṅkha	214	127	87	1.685	0.753
1200..1700	6 1700	gir	gir	205	13	192	15.769	3.979
1200..1700	6 1700	Sulva	śulva	218	39	179	5.590	2.483
1200..1700	6 1700	sfj	sṛj	213	16	197	13.312	3.735
1200..1700	6 1700	kartf	kartṛ	215	46	169	4.674	2.225
1200..1700	6 1700	Agama	āgama	208	25	183	8.320	3.057
1200..1700	6 1700	dvAdaSan	dvādaśan	218	128	90	1.703	0.768
1200..1700	6 1700	Gfta	ghṛta	213	298	-85	0.715	-0.484
1200..1700	6 1700	anala	anala	212	67	145	3.164	1.662
1200..1700	6 1700	sadfSa	sadṛśa	222	101	121	2.198	1.136
1200..1700	6 1700	SAlin	śālin	192	11	181	17.455	4.126
1200..1700	6 1700	vfdDa	vṛddha	216	44	172	4.909	2.295
1200..1700	6 1700	puRya	puṇya	221	55	166	4.018	2.007
1200..1700	6 1700	anila	anila	213	132	81	1.614	0.690
1200..1700	6 1700	pala	pala	215	386	-171	0.557	-0.844
1200..1700	6 1700	citra	citra	210	57	153	3.684	1.881
1200..1700	6 1700	udaka	udaka	205	67	138	3.060	1.613
1200..1700	6 1700	hara	hara	197	525	-328	0.375	-1.414
1200..1700	6 1700	vah	vah	200	56	144	3.571	1.837
1200..1700	6 1700	aBiDAna	abhidhāna	213	58	155	3.672	1.877
1200..1700	6 1700	yatna	yatna	218	73	145	2.986	1.578
1200..1700	6 1700	daRqa	daṇḍa	221	69	152	3.203	1.679
1200..1700	6 1700	Kaqga	khaḍga	212	11	201	19.273	4.268
1200..1700	6 1700	Gawa	ghaṭa	205	80	125	2.562	1.358
1200..1700	6 1700	naS	naś	211	80	131	2.638	1.399
1200..1700	6 1700	ASri	āśri	198	38	160	5.211	2.381
1200..1700	6 1700	aKila	akhila	206	64	142	3.219	1.687
1200..1700	6 1700	cetas	cetas	197	22	175	8.955	3.163
1200..1700	6 1700	CAyA	chāyā	219	79	140	2.772	1.471
1200..1700	6 1700	varga	varga	214	134	80	1.597	0.675
1200..1700	6 1700	ravi	ravi	203	98	105	2.071	1.051
1200..1700	6 1700	vyAsa	vyāsa	208	16	192	13.000	3.700
1200..1700	6 1700	vid	vid	198	229	-31	0.865	-0.210
1200..1700	6 1700	vas	vas	197	39	158	5.051	2.337
1200..1700	6 1700	SIta	śīta	206	396	-190	0.520	-0.943
1200..1700	6 1700	gadA	gadā	217	5	212	43.400	5.440
1200..1700	6 1700	prayatna	prayatna	195	144	51	1.354	0.437
1200..1700	6 1700	As	ās	189	34	155	5.559	2.475
1200..1700	6 1700	i	i	196	51	145	3.843	1.942
1200..1700	6 1700	jap	jap	205	132	73	1.553	0.635
1200..1700	6 1700	snA	snā	203	29	174	7.000	2.807
1200..1700	6 1700	saMskAra	saṁskāra	206	157	49	1.312	0.392
1200..1700	6 1700	AcArya	ācārya	199	31	168	6.419	2.682
1200..1700	6 1700	ASaya	āśaya	182	9	173	20.222	4.338
1200..1700	6 1700	tfzRA	tṛṣṇā	201	81	120	2.481	1.311
1200..1700	6 1700	sparSa	sparśa	208	43	165	4.837	2.274
1200..1700	6 1700	SudDi	śuddhi	212	188	24	1.128	0.173
1200..1700	6 1700	bAla	bāla	198	82	116	2.415	1.272
1200..1700	6 1700	e	e	201	9	192	22.333	4.481
1200..1700	6 1700	vilokay	vilokay	182	8	174	22.750	4.508
1200..1700	6 1700	indu	indu	208	36	172	5.778	2.531
1200..1700	6 1700	mAna	māna	203	163	40	1.245	0.317
1200..1700	6 1700	rUpin	rūpin	183	27	156	6.778	2.761
1200..1700	6 1700	sambanDa	sambandha	193	52	141	3.712	1.892
1200..1700	6 1700	prajA	prajā	189	13	176	14.538	3.862
1200..1700	6 1700	yuD	yudh	197	3	194	65.667	6.037
1200..1700	6 1700	Buja	bhuja	202	19	183	10.632	3.410
1200..1700	6 1700	aSva	aśva	204	33	171	6.182	2.628
1200..1700	6 1700	mahI	mahī	190	17	173	11.176	3.482
1200..1700	6 1700	SaMkara	śaṁkara	183	33	150	5.545	2.471
1200..1700	6 1700	Sastra	śastra	200	31	169	6.452	2.690
1200..1700	6 1700	Bram	bhram	190	25	165	7.600	2.926
1200..1700	6 1700	anugraha	anugraha	205	6	199	34.167	5.095
1200..1700	6 1700	paryanta	paryanta	206	51	155	4.039	2.014
1200..1700	6 1700	nfpati	nṛpati	205	3	202	68.333	6.095
1200..1700	6 1700	vAsavadattA	vāsavadattā	181	0	181	inf	inf
1200..1700	6 1700	vizama	viṣama	192	32	160	6.000	2.585
1200..1700	6 1700	pIta	pīta	201	277	-76	0.726	-0.463
1200..1700	6 1700	banDu	bandhu	195	18	177	10.833	3.437
1200..1700	6 1700	upe	upe	194	96	98	2.021	1.015
1200..1700	6 1700	saMyuj	saṁyuj	207	202	5	1.025	0.035
1200..1700	6 1700	kawu	kaṭu	199	524	-325	0.380	-1.397
1200..1700	6 1700	Asana	āsana	193	46	147	4.196	2.069
1200..1700	6 1700	japa	japa	194	35	159	5.543	2.471
1200..1700	6 1700	gagana	gagana	200	117	83	1.709	0.773
1200..1700	6 1700	prayoga	prayoga	193	99	94	1.949	0.963
1200..1700	6 1700	snAna	snāna	189	42	147	4.500	2.170
1200..1700	6 1700	putrI	putrī	203	2	201	101.500	6.665
1200..1700	6 1700	sPur	sphur	180	38	142	4.737	2.244
1200..1700	6 1700	Kowa	khoṭa	193	55	138	3.509	1.811
1200..1700	6 1700	nArada	nārada	183	15	168	12.200	3.609
1200..1700	6 1700	sUtra	sūtra	198	46	152	4.304	2.106
1200..1700	6 1700	viBu	vibhu	184	11	173	16.727	4.064
1200..1700	6 1700	kzetra	kṣetra	187	45	142	4.156	2.055
1200..1700	6 1700	vfttAnta	vṛttānta	199	1	198	199.000	7.637
1200..1700	6 1700	hfz	hṛṣ	197	3	194	65.667	6.037
1200..1700	6 1700	cakzus	cakṣus	189	33	156	5.727	2.518
1200..1700	6 1700	nagara	nagara	195	18	177	10.833	3.437
1200..1700	6 1700	pARi	pāṇi	189	24	165	7.875	2.977
1200..1700	6 1700	pApa	pāpa	194	103	91	1.883	0.913
1200..1700	6 1700	svAtantrya	svātantrya	186	2	184	93.000	6.539
1200..1700	6 1700	mil	mil	187	123	64	1.520	0.604
1200..1700	6 1700	aBraka	abhraka	183	303	-120	0.604	-0.727
1200..1700	6 1700	vaNga	vaṅga	183	328	-145	0.558	-0.842
1200..1700	6 1700	mAnasa	mānasa	171	25	146	6.840	2.774
1200..1700	6 1700	mfga	mṛga	189	57	132	3.316	1.729
1200..1700	6 1700	praBu	prabhu	169	24	145	7.042	2.816
1200..1700	6 1700	vfkza	vṛkṣa	189	76	113	2.487	1.314
1200..1700	6 1700	saMyoga	saṁyoga	177	87	90	2.034	1.025
1200..1700	6 1700	nirgam	nirgam	178	17	161	10.471	3.388
1200..1700	6 1700	niyama	niyama	189	36	153	5.250	2.392
1200..1700	6 1700	ekEka	ekaika	173	66	107	2.621	1.390
1200..1700	6 1700	Slezman	śleṣman	191	269	-78	0.710	-0.494
1200..1700	6 1700	naBas	nabhas	175	12	163	14.583	3.866
1200..1700	6 1700	vaDU	vadhū	187	14	173	13.357	3.740
1200..1700	6 1700	yaSas	yaśas	187	10	177	18.700	4.225
1200..1700	6 1700	mfdu	mṛdu	186	179	7	1.039	0.055
1200..1700	6 1700	vivarjay	vivarjay	162	57	105	2.842	1.507
1200..1700	6 1700	antika	antika	167	6	161	27.833	4.799
1200..1700	6 1700	yoni	yoni	178	64	114	2.781	1.476
1200..1700	6 1700	vAma	vāma	175	51	124	3.431	1.779
1200..1700	6 1700	dEtya	daitya	189	8	181	23.625	4.562
1200..1700	6 1700	sEnya	sainya	194	6	188	32.333	5.015
1200..1700	6 1700	praDAna	pradhāna	179	43	136	4.163	2.058
1200..1700	6 1700	bAla	bāla	179	82	97	2.183	1.126
1200..1700	6 1700	aBye	abhye	191	1	190	191.000	7.577
1200..1700	6 1700	pradA	pradā	191	86	105	2.221	1.151
1200..1700	6 1700	niS	niś	163	25	138	6.520	2.705
1200..1700	6 1700	toya	toya	189	201	-12	0.940	-0.089
1200..1700	6 1700	dEva	daiva	176	19	157	9.263	3.212
1200..1700	6 1700	sidDa	siddha	184	86	98	2.140	1.097
1200..1700	6 1700	harza	harṣa	192	11	181	17.455	4.126
1200..1700	6 1700	mUrti	mūrti	182	22	160	8.273	3.048
1200..1700	6 1700	arh	arh	135	19	116	7.105	2.829
1200..1700	6 1700	yaj	yaj	162	17	145	9.529	3.252
1200..1700	6 1700	sTApay	sthāpay	183	146	37	1.253	0.326
1200..1700	6 1700	kAya	kāya	182	48	134	3.792	1.923
1200..1700	6 1700	saMDi	saṁdhi	180	96	84	1.875	0.907
1200..1700	6 1700	nATa	nātha	186	24	162	7.750	2.954
1200..1700	6 1700	vikAra	vikāra	179	70	109	2.557	1.355
1200..1700	6 1700	Bakti	bhakti	189	43	146	4.395	2.136
1200..1700	6 1700	vaMSa	vaṁśa	181	37	144	4.892	2.290
1200..1700	6 1700	vAdin	vādin	178	29	149	6.138	2.618
1200..1700	6 1700	tila	tila	172	105	67	1.638	0.712
1200..1700	6 1700	samBava	sambhava	158	119	39	1.328	0.409
1200..1700	6 1700	sarga	sarga	181	4	177	45.250	5.500
1200..1700	6 1700	sADu	sādhu	177	13	164	13.615	3.767
1200..1700	6 1700	Ka	kha	169	35	134	4.829	2.272
1200..1700	6 1700	pAtay	pātay	162	74	88	2.189	1.130
1200..1700	6 1700	yAc	yāc	169	4	165	42.250	5.401
1200..1700	6 1700	utpad	utpad	171	37	134	4.622	2.208
1200..1700	6 1700	Sukra	śukra	170	95	75	1.789	0.840
1200..1700	6 1700	jAray	jāray	169	144	25	1.174	0.231
1200..1700	6 1700	saMDyA	saṁdhyā	172	19	153	9.053	3.178
1200..1700	6 1700	SrAdDa	śrāddha	181	9	172	20.111	4.330
1200..1700	6 1700	saMyuta	saṁyuta	168	165	3	1.018	0.026
1200..1700	6 1700	Anana	ānana	159	21	138	7.571	2.921
1200..1700	6 1700	lakza	lakṣa	177	65	112	2.723	1.445
1200..1700	6 1700	jAti	jāti	176	98	78	1.796	0.845
1200..1700	6 1700	pAka	pāka	182	241	-59	0.755	-0.405
1200..1700	6 1700	suhfd	suhṛd	179	10	169	17.900	4.162
1200..1700	6 1700	sUtaka	sūtaka	152	130	22	1.169	0.226
1200..1700	6 1700	janay	janay	184	64	120	2.875	1.524
1200..1700	6 1700	nivft	nivṛt	172	11	161	15.636	3.967
1200..1700	6 1700	saMniBa	saṁnibha	134	74	60	1.811	0.857
1200..1700	6 1700	laGu	laghu	173	467	-294	0.370	-1.433
1200..1700	6 1700	sita	sita	180	126	54	1.429	0.515
1200..1700	6 1700	siMha	siṁha	179	22	157	8.136	3.024
1200..1700	6 1700	SIla	śīla	178	19	159	9.368	3.228
1200..1700	6 1700	ram	ram	174	30	144	5.800	2.536
1200..1700	6 1700	AdiS	ādiś	161	10	151	16.100	4.009
1200..1700	6 1700	aneka	aneka	168	32	136	5.250	2.392
1200..1700	6 1700	nayana	nayana	182	42	140	4.333	2.115
1200..1700	6 1700	yama	yama	174	31	143	5.613	2.489
1200..1700	6 1700	lABa	lābha	178	31	147	5.742	2.522
1200..1700	6 1700	bali	bali	170	116	54	1.466	0.551
1200..1700	6 1700	paW	paṭh	168	50	118	3.360	1.748
1200..1700	6 1700	yojay	yojay	160	207	-47	0.773	-0.372
1200..1700	6 1700	BaYj	bhañj	170	18	152	9.444	3.239
1200..1700	6 1700	caraRa	caraṇa	183	37	146	4.946	2.306
1200..1700	6 1700	saKi	sakhi	162	20	142	8.100	3.018
1200..1700	6 1700	sampad	sampad	150	31	119	4.839	2.275
1200..1700	6 1700	maraRa	maraṇa	178	63	115	2.825	1.498
1200..1700	6 1700	azwaka	aṣṭaka	174	39	135	4.462	2.158
1200..1700	6 1700	sTUla	sthūla	166	114	52	1.456	0.542
1200..1700	6 1700	pUray	pūray	153	101	52	1.515	0.599
1200..1700	6 1700	vIkz	vīkṣ	167	17	150	9.824	3.296
1200..1700	6 1700	arcay	arcay	165	22	143	7.500	2.907
1200..1700	6 1700	vikrama	vikrama	152	10	142	15.200	3.926
1200..1700	6 1700	rUkza	rūkṣa	169	236	-67	0.716	-0.482
1200..1700	6 1700	jAla	jāla	181	24	157	7.542	2.915
1200..1700	6 1700	waNkaRa	ṭaṅkaṇa	175	323	-148	0.542	-0.884
1200..1700	6 1700	taru	taru	168	17	151	9.882	3.305
1200..1700	6 1700	spanda	spanda	177	9	168	19.667	4.298
1200..1700	6 1700	SAnti	śānti	167	72	95	2.319	1.214
1200..1700	6 1700	kOrava	kaurava	171	1	170	171.000	7.418
1200..1700	6 1700	ahar	ahar	167	50	117	3.340	1.740
1200..1700	6 1700	nArI	nārī	178	64	114	2.781	1.476
1200..1700	6 1700	mandira	mandira	150	10	140	15.000	3.907
1200..1700	6 1700	vijYAna	vijñāna	176	17	159	10.353	3.372
1200..1700	6 1700	vipula	vipula	178	13	165	13.692	3.775
1200..1700	6 1700	mUrDan	mūrdhan	168	28	140	6.000	2.585
1200..1700	6 1700	mUzA	mūṣā	168	361	-193	0.465	-1.104
1200..1700	6 1700	banDana	bandhana	150	89	61	1.685	0.753
1200..1700	6 1700	BI	bhī	172	15	157	11.467	3.519
1200..1700	6 1700	Avf	āvṛ	162	28	134	5.786	2.532
1200..1700	6 1700	samBU	sambhū	159	59	100	2.695	1.430
1200..1700	6 1700	kuzWa	kuṣṭha	173	477	-304	0.363	-1.463
1200..1700	6 1700	aByAsa	abhyāsa	164	60	104	2.733	1.451
1200..1700	6 1700	Sruti	śruti	155	34	121	4.559	2.189
1200..1700	6 1700	Arta	ārta	175	29	146	6.034	2.593
1200..1700	6 1700	giri	giri	170	74	96	2.297	1.200
1200..1700	6 1700	gaNgA	gaṅgā	164	27	137	6.074	2.603
1200..1700	6 1700	praSaMs	praśaṁs	157	99	58	1.586	0.665
1200..1700	6 1700	nirUpay	nirūpay	128	31	97	4.129	2.046
1200..1700	6 1700	mati	mati	161	31	130	5.194	2.377
1200..1700	6 1700	nava	nava	160	84	76	1.905	0.930
1200..1700	6 1700	tIkzRa	tīkṣṇa	162	329	-167	0.492	-1.022
1200..1700	6 1700	Danus	dhanus	160	5	155	32.000	5.000
1200..1700	6 1700	pitAmaha	pitāmaha	146	9	137	16.222	4.020
1200..1700	6 1700	tantra	tantra	157	60	97	2.617	1.388
1200..1700	6 1700	boDa	bodha	161	35	126	4.600	2.202
1200..1700	6 1700	arpay	arpay	154	7	147	22.000	4.459
1200..1700	6 1700	kup	kup	162	6	156	27.000	4.755
1200..1700	6 1700	grAma	grāma	169	27	142	6.259	2.646
1200..1700	6 1700	stu	stu	159	14	145	11.357	3.506
1200..1700	6 1700	nf	nṛ	153	111	42	1.378	0.463
1200..1700	6 1700	saMKyA	saṁkhyā	168	105	63	1.600	0.678
1200..1700	6 1700	SaMs	śaṁs	147	122	25	1.205	0.269
1200..1700	6 1700	Df	dhṛ	163	118	45	1.381	0.466
1200..1700	6 1700	AkarRay	ākarṇay	139	3	136	46.333	5.534
1200..1700	6 1700	udyam	udyam	152	2	150	76.000	6.248
1200..1700	6 1700	nipat	nipat	158	22	136	7.182	2.844
1200..1700	6 1700	kAnta	kānta	152	248	-96	0.613	-0.706
1200..1700	6 1700	niSA	niśā	154	50	104	3.080	1.623
1200..1700	6 1700	niDi	nidhi	147	15	132	9.800	3.293
1200..1700	6 1700	DAnya	dhānya	161	104	57	1.548	0.630
1200..1700	6 1700	cintA	cintā	162	31	131	5.226	2.386
1200..1700	6 1700	yOgaMDarAyaRa	yaugaṁdharāyaṇa	147	0	147	inf	inf
1200..1700	6 1700	sarpa	sarpa	164	52	112	3.154	1.657
1200..1700	6 1700	bindu	bindu	159	138	21	1.152	0.204
1200..1700	6 1700	Akram	ākram	165	9	156	18.333	4.196
1200..1700	6 1700	purI	purī	147	9	138	16.333	4.030
1200..1700	6 1700	kazAya	kaṣāya	161	438	-277	0.368	-1.444
1200..1700	6 1700			0	0	0	inf	inf
1200..1700	6 1700	amla	amla	160	522	-362	0.307	-1.706
1200..1700	6 1700	upadeSa	upadeśa	163	30	133	5.433	2.442
1200..1700	6 1700	tftIya	tṛtīya	153	96	57	1.594	0.672
1200..1700	6 1700	jit	jit	152	323	-171	0.471	-1.087
1200..1700	6 1700	sADaka	sādhaka	149	65	84	2.292	1.197
1200..1700	6 1700	vidyADara	vidyādhara	150	22	128	6.818	2.769
1200..1700	6 1700	buDa	budha	130	128	2	1.016	0.022
1200..1700	6 1700	pfzWa	pṛṣṭha	159	49	110	3.245	1.698
1200..1700	6 1700	aNgula	aṅgula	154	247	-93	0.623	-0.682
1200..1700	6 1700	ananta	ananta	155	25	130	6.200	2.632
1200..1700	6 1700	samara	samara	165	1	164	165.000	7.366
1200..1700	6 1700	nASa	nāśa	166	69	97	2.406	1.267
1200..1700	6 1700	SvAsa	śvāsa	163	301	-138	0.542	-0.885
1200..1700	6 1700	DIra	dhīra	164	24	140	6.833	2.773
1200..1700	6 1700	navan	navan	155	120	35	1.292	0.369
1200..1700	6 1700	dIpa	dīpa	155	33	122	4.697	2.232
1200..1700	6 1700	sAmAnya	sāmānya	153	53	100	2.887	1.529
1200..1700	6 1700	kruD	krudh	157	6	151	26.167	4.710
1200..1700	6 1700	parityaj	parityaj	160	36	124	4.444	2.152
1200..1700	6 1700	vihA	vihā	162	26	136	6.231	2.639
1200..1700	6 1700	asura	asura	154	18	136	8.556	3.097
1200..1700	6 1700	ASrama	āśrama	156	19	137	8.211	3.037
1200..1700	6 1700	yogya	yogya	160	62	98	2.581	1.368
1200..1700	6 1700	sUta	sūta	114	1047	-933	0.109	-3.199
1200..1700	6 1700	sarasvatI	sarasvatī	143	11	132	13.000	3.700
1200..1700	6 1700	sAtyaki	sātyaki	148	0	148	inf	inf
1200..1700	6 1700	svAmin	svāmin	161	9	152	17.889	4.161
1200..1700	6 1700	gamana	gamana	157	42	115	3.738	1.902
1200..1700	6 1700	divasa	divasa	151	80	71	1.887	0.916
1200..1700	6 1700	Alokay	ālokay	160	10	150	16.000	4.000
1200..1700	6 1700	kevala	kevala	137	56	81	2.446	1.291
1200..1700	6 1700	aDipa	adhipa	146	3	143	48.667	5.605
1200..1700	6 1700	satya	satya	150	103	47	1.456	0.542
1200..1700	6 1700	IdfSa	īdṛśa	139	12	127	11.583	3.534
1200..1700	6 1700	vadana	vadana	156	41	115	3.805	1.928
1200..1700	6 1700	tAvat	tāvat	145	206	-61	0.704	-0.507
1200..1700	6 1700	dviguRa	dviguṇa	149	144	5	1.035	0.049
1200..1700	6 1700	pAna	pāna	161	79	82	2.038	1.027
1200..1700	6 1700	sveda	sveda	158	83	75	1.904	0.929
1200..1700	6 1700	SiKA	śikhā	153	38	115	4.026	2.009
1200..1700	6 1700	viviDa	vividha	154	63	91	2.444	1.290
1200..1700	6 1700	lakzay	lakṣay	143	44	99	3.250	1.700
1200..1700	6 1700	AsAday	āsāday	157	9	148	17.444	4.125
1200..1700	6 1700	upadiS	upadiś	140	26	114	5.385	2.429
1200..1700	6 1700	anyonya	anyonya	148	14	134	10.571	3.402
1200..1700	6 1700	nABi	nābhi	154	58	96	2.655	1.409
1200..1700	6 1700	nadI	nadī	144	30	114	4.800	2.263
1200..1700	6 1700	upama	upama	129	76	53	1.697	0.763
1200..1700	6 1700	uBaya	ubhaya	146	78	68	1.872	0.904
1200..1700	6 1700	ahaMkAra	ahaṁkāra	145	6	139	24.167	4.595
1200..1700	6 1700	svatantra	svatantra	143	4	139	35.750	5.160
1200..1700	6 1700	Akfz	ākṛṣ	160	37	123	4.324	2.112
1200..1700	6 1700	nimitta	nimitta	140	8	132	17.500	4.129
1200..1700	6 1700	nIla	nīla	153	157	-4	0.975	-0.037
1200..1700	6 1700	nASana	nāśana	132	349	-217	0.378	-1.403
1200..1700	6 1700	vicitra	vicitra	148	22	126	6.727	2.750
1200..1700	6 1700	rahita	rahita	153	74	79	2.068	1.048
1200..1700	6 1700	mAna	māna	151	163	-12	0.926	-0.110
1200..1700	6 1700	SaNkA	śaṅkā	153	12	141	12.750	3.672
1200..1700	6 1700	prApti	prāpti	156	22	134	7.091	2.826
1200..1700	6 1700	raYjay	rañjay	137	50	87	2.740	1.454
1200..1700	6 1700	vAri	vāri	152	134	18	1.134	0.182
1200..1700	6 1700	akza	akṣa	152	61	91	2.492	1.317
1200..1700	6 1700	payas	payas	146	106	40	1.377	0.462
1200..1700	6 1700	kumBa	kumbha	154	57	97	2.702	1.434
1200..1700	6 1700	Bftya	bhṛtya	156	2	154	78.000	6.285
1200..1700	6 1700	niScaya	niścaya	135	27	108	5.000	2.322
1200..1700	6 1700	aBra	abhra	151	373	-222	0.405	-1.305
1200..1700	6 1700	nidrA	nidrā	152	32	120	4.750	2.248
1200..1700	6 1700	rakzas	rakṣas	142	13	129	10.923	3.449
1200..1700	6 1700	kOtuka	kautuka	132	12	120	11.000	3.459
1200..1700	6 1700	pratyaya	pratyaya	146	32	114	4.562	2.190
1200..1700	6 1700	bAhu	bāhu	154	15	139	10.267	3.360
1200..1700	6 1700	pramAtf	pramātṛ	143	1	142	143.000	7.160
1200..1700	6 1700	pravftti	pravṛtti	150	20	130	7.500	2.907
1200..1700	6 1700	tap	tap	146	189	-43	0.772	-0.372
1200..1700	6 1700	vyaD	vyadh	147	43	104	3.419	1.773
1200..1700	6 1700	duz	duṣ	152	29	123	5.241	2.390
1200..1700	6 1700	Suc	śuc	146	6	140	24.333	4.605
1200..1700	6 1700	pratipad	pratipad	130	17	113	7.647	2.935
1200..1700	6 1700	samprAp	samprāp	154	23	131	6.696	2.743
1200..1700	6 1700	ajYAna	ajñāna	145	6	139	24.167	4.595
1200..1700	6 1700	aDikAra	adhikāra	147	23	124	6.391	2.676
1200..1700	6 1700	nAda	nāda	146	57	89	2.561	1.357
1200..1700	6 1700	nArAyaRa	nārāyaṇa	133	15	118	8.867	3.148
1200..1700	6 1700	vigraha	vigraha	130	26	104	5.000	2.322
1200..1700	6 1700	Apad	āpad	147	38	109	3.868	1.952
1200..1700	6 1700	tawa	taṭa	145	16	129	9.062	3.180
1200..1700	6 1700	visarga	visarga	136	0	136	inf	inf
1200..1700	6 1700	Gana	ghana	147	216	-69	0.681	-0.555
1200..1700	6 1700	Gana	ghana	147	216	-69	0.681	-0.555
1200..1700	6 1700	vfD	vṛdh	144	33	111	4.364	2.126
1200..1700	6 1700	dIp	dīp	151	51	100	2.961	1.566
1200..1700	6 1700	AviS	āviś	129	5	124	25.800	4.689
1200..1700	6 1700	viruD	virudh	136	15	121	9.067	3.181
1200..1700	6 1700	vyAp	vyāp	149	20	129	7.450	2.897
1200..1700	6 1700	prAYc	prāñc	144	19	125	7.579	2.922
1200..1700	6 1700	utpatti	utpatti	144	37	107	3.892	1.960
1200..1700	6 1700	tyAga	tyāga	149	9	140	16.556	4.049
1200..1700	6 1700	SamBu	śambhu	147	37	110	3.973	1.990
1200..1700	6 1700	kziti	kṣiti	128	41	87	3.122	1.642
1200..1700	6 1700	kAnti	kānti	149	123	26	1.211	0.277
1200..1700	6 1700	SrezWa	śreṣṭha	150	184	-34	0.815	-0.295
1200..1700	6 1700	zoqaSan	ṣoḍaśan	133	119	14	1.118	0.160
1200..1700	6 1700	DftarAzwra	dhṛtarāṣṭra	138	0	138	inf	inf
1200..1700	6 1700	naKa	nakha	143	28	115	5.107	2.353
1200..1700	6 1700	asTi	asthi	148	44	104	3.364	1.750
1200..1700	6 1700	dfQa	dṛḍha	142	207	-65	0.686	-0.544
1200..1700	6 1700	jaqa	jaḍa	138	25	113	5.520	2.465
1200..1700	6 1700	jantu	jantu	148	68	80	2.176	1.122
1200..1700	6 1700	vismaya	vismaya	136	2	134	68.000	6.087
1200..1700	6 1700	veDa	vedha	151	89	62	1.697	0.763
1200..1700	6 1700	lip	lip	139	213	-74	0.653	-0.616
1200..1700	6 1700	sah	sah	139	20	119	6.950	2.797
1200..1700	6 1700	udi	udi	128	28	100	4.571	2.193
1200..1700	6 1700	veDay	vedhay	122	26	96	4.692	2.230
1200..1700	6 1700	kanyakA	kanyakā	130	44	86	2.955	1.563
1200..1700	6 1700	kusuma	kusuma	145	55	90	2.636	1.399
1200..1700	6 1700	keSa	keśa	143	60	83	2.383	1.253
1200..1700	6 1700	nyAsa	nyāsa	143	16	127	8.938	3.160
1200..1700	6 1700	patnI	patnī	141	16	125	8.812	3.140
1200..1700	6 1700	paraspara	paraspara	130	25	105	5.200	2.379
1200..1700	6 1700	dUra	dūra	142	32	110	4.438	2.150
1200..1700	6 1700	viSrAnti	viśrānti	145	4	141	36.250	5.180
1200..1700	6 1700	Bf	bhṛ	141	47	94	3.000	1.585
1200..1700	6 1700	avatf	avatṛ	123	5	118	24.600	4.621
1200..1700	6 1700	avasTA	avasthā	142	49	93	2.898	1.535
1200..1700	6 1700	aRu	aṇu	143	6	137	23.833	4.575
1200..1700	6 1700	anuja	anuja	138	1	137	138.000	7.109
1200..1700	6 1700	paYcama	pañcama	120	64	56	1.875	0.907
1200..1700	6 1700	ESvarya	aiśvarya	143	9	134	15.889	3.990
1200..1700	6 1700	DUma	dhūma	141	92	49	1.533	0.616
1200..1700	6 1700	mAlA	mālā	141	34	107	4.147	2.052
1200..1700	6 1700	latA	latā	142	35	107	4.057	2.020
1200..1700	6 1700	laya	laya	135	32	103	4.219	2.077
1200..1700	6 1700	suvarRa	suvarṇa	138	183	-45	0.754	-0.407
1200..1700	6 1700	gOrava	gaurava	126	35	91	3.600	1.848
1200..1700	6 1700	kzatriya	kṣatriya	144	44	100	3.273	1.710
1200..1700	6 1700	darpa	darpa	148	25	123	5.920	2.566
1200..1700	6 1700	dala	dala	146	160	-14	0.912	-0.132
1200..1700	6 1700	jval	jval	139	52	87	2.673	1.419
1200..1700	6 1700	aNka	aṅka	134	32	102	4.188	2.066
1200..1700	6 1700	aRqa	aṇḍa	132	9	123	14.667	3.874
1200..1700	6 1700	aDarma	adharma	136	5	131	27.200	4.766
1200..1700	6 1700	kalpa	kalpa	139	50	89	2.780	1.475
1200..1700	6 1700	apaha	apaha	122	561	-439	0.217	-2.201
1200..1700	6 1700	yozit	yoṣit	128	14	114	9.143	3.193
1200..1700	6 1700	ripu	ripu	134	23	111	5.826	2.543
1200..1700	6 1700	yantra	yantra	144	283	-139	0.509	-0.975
1200..1700	6 1700	vartin	vartin	130	23	107	5.652	2.499
1200..1700	6 1700	DanaMjaya	dhanaṁjaya	123	7	116	17.571	4.135
1200..1700	6 1700	sADana	sādhana	137	76	61	1.803	0.850
1200..1700	6 1700	vfzwi	vṛṣṭi	136	7	129	19.429	4.280
1200..1700	6 1700	balin	balin	131	18	113	7.278	2.863
1200..1700	6 1700	kamala	kamala	139	41	98	3.390	1.761
1200..1700	6 1700	Adara	ādara	130	5	125	26.000	4.700
1200..1700	6 1700	ADAra	ādhāra	140	44	96	3.182	1.670
1200..1700	6 1700	ABa	ābha	146	194	-48	0.753	-0.410
1200..1700	6 1700	AkASa	ākāśa	133	46	87	2.891	1.532
1200..1700	6 1700	durlaBa	durlabha	117	62	55	1.887	0.916
1200..1700	6 1700	drORi	drauṇi	134	0	134	inf	inf
1200..1700	6 1700	suyoDana	suyodhana	116	0	116	inf	inf
1200..1700	6 1700	sevA	sevā	138	18	120	7.667	2.939
1200..1700	6 1700	salila	salila	130	69	61	1.884	0.914
1200..1700	6 1700	suBaga	subhaga	132	26	106	5.077	2.344
1200..1700	6 1700	SAsana	śāsana	126	1	125	126.000	6.977
1200..1700	6 1700	vaD	vadh	129	12	117	10.750	3.426
1200..1700	6 1700	prasad	prasad	131	19	112	6.895	2.785
1200..1700	6 1700	anuga	anuga	127	4	123	31.750	4.989
1200..1700	6 1700	kAsa	kāsa	138	318	-180	0.434	-1.204
1200..1700	6 1700	kuntI	kuntī	139	0	139	inf	inf
1200..1700	6 1700	ambu	ambu	139	175	-36	0.794	-0.332
1200..1700	6 1700	BAj	bhāj	126	28	98	4.500	2.170
1200..1700	6 1700	AjYA	ājñā	127	14	113	9.071	3.181
1200..1700	6 1700	tfRa	tṛṇa	134	37	97	3.622	1.857
1200..1700	6 1700	danta	danta	137	41	96	3.341	1.740
1200..1700	6 1700	suDA	sudhā	136	66	70	2.061	1.043
1200..1700	6 1700	vyakta	vyakta	133	27	106	4.926	2.300
1200..1700	6 1700	vidUzaka	vidūṣaka	106	1	105	106.000	6.728
1200..1700	6 1700	Suzka	śuṣka	126	99	27	1.273	0.348
1200..1700	6 1700	Acar	ācar	114	47	67	2.426	1.278
1200..1700	6 1700	sampad	sampad	130	31	99	4.194	2.068
1200..1700	6 1700	paTin	pathin	119	22	97	5.409	2.435
1200..1700	6 1700	kalka	kalka	134	141	-7	0.950	-0.073
1200..1700	6 1700	kAka	kāka	127	23	104	5.522	2.465
1200..1700	6 1700	pakzin	pakṣin	132	27	105	4.889	2.290
1200..1700	6 1700	manu	manu	125	87	38	1.437	0.523
1200..1700	6 1700	cira	cira	123	27	96	4.556	2.188
1200..1700	6 1700	arcana	arcana	140	22	118	6.364	2.670
1200..1700	6 1700	ABaraRa	ābharaṇa	140	7	133	20.000	4.322
1200..1700	6 1700	asat	asat	122	13	109	9.385	3.230
1200..1700	6 1700	yOvana	yauvana	129	8	121	16.125	4.011
1200..1700	6 1700	ruj	ruj	128	94	34	1.362	0.445
1200..1700	6 1700	meGa	megha	133	26	107	5.115	2.355
1200..1700	6 1700	DAray	dhāray	128	105	23	1.219	0.286
1200..1700	6 1700	niDA	nidhā	129	105	24	1.229	0.297
1200..1700	6 1700	prabuD	prabudh	132	5	127	26.400	4.722
1200..1700	6 1700	saMgraha	saṁgraha	116	38	78	3.053	1.610
1200..1700	6 1700	abDi	abdhi	135	24	111	5.625	2.492
1200..1700	6 1700	rati	rati	128	55	73	2.327	1.219
1200..1700	6 1700	tIvra	tīvra	127	106	21	1.198	0.261
1200..1700	6 1700	taTAviDa	tathāvidha	127	6	121	21.167	4.404
1200..1700	6 1700	svAdu	svādu	128	187	-59	0.684	-0.547
1200..1700	6 1700	nIti	nīti	131	2	129	65.500	6.033
1200..1700	6 1700	cAra	cāra	129	11	118	11.727	3.552
1200..1700	6 1700	AyuDa	āyudha	124	5	119	24.800	4.632
1200..1700	6 1700	deveSI	deveśī	136	39	97	3.487	1.802
1200..1700	6 1700	dvIpa	dvīpa	127	9	118	14.111	3.819
1200..1700	6 1700	viDAna	vidhāna	127	274	-147	0.464	-1.109
1200..1700	6 1700	viparIta	viparīta	122	15	107	8.133	3.024
1200..1700	6 1700	mUrKa	mūrkha	128	6	122	21.333	4.415
1200..1700	6 1700	daSA	daśā	126	14	112	9.000	3.170
1200..1700	6 1700	varRay	varṇay	109	30	79	3.633	1.861
1200..1700	6 1700	upaviS	upaviś	128	6	122	21.333	4.415
1200..1700	6 1700	niSci	niści	115	18	97	6.389	2.676
1200..1700	6 1700	BUBuj	bhūbhuj	120	2	118	60.000	5.907
1200..1700	6 1700	BaNga	bhaṅga	134	22	112	6.091	2.607
1200..1700	6 1700	Atmaka	ātmaka	116	91	25	1.275	0.350
1200..1700	6 1700	rakzA	rakṣā	130	16	114	8.125	3.022
1200..1700	6 1700	tIkzRa	tīkṣṇa	128	329	-201	0.389	-1.362
1200..1700	6 1700	tritaya	tritaya	128	57	71	2.246	1.167
1200..1700	6 1700	senA	senā	127	5	122	25.400	4.667
1200..1700	6 1700	viBAga	vibhāga	128	30	98	4.267	2.093
1200..1700	6 1700	viBava	vibhava	129	7	122	18.429	4.204
1200..1700	6 1700	KyA	khyā	114	59	55	1.932	0.950
1200..1700	6 1700	cal	cal	123	27	96	4.556	2.188
1200..1700	6 1700	has	has	119	7	112	17.000	4.087
1200..1700	6 1700	niyam	niyam	122	41	81	2.976	1.573
1200..1700	6 1700	preray	preray	123	1	122	123.000	6.943
1200..1700	6 1700	visfj	visṛj	113	12	101	9.417	3.235
1200..1700	6 1700	saMjan	saṁjan	125	43	82	2.907	1.540
1200..1700	6 1700	ap	ap	125	43	82	2.907	1.540
1200..1700	6 1700	kfcCra	kṛcchra	126	56	70	2.250	1.170
1200..1700	6 1700	saNga	saṅga	124	26	98	4.769	2.254
1200..1700	6 1700	paYcaka	pañcaka	121	46	75	2.630	1.395
1200..1700	6 1700	parvata	parvata	121	40	81	3.025	1.597
1200..1700	6 1700	aruRa	aruṇa	129	66	63	1.955	0.967
1200..1700	6 1700	manda	manda	128	154	-26	0.831	-0.267
1200..1700	6 1700	BAvin	bhāvin	125	11	114	11.364	3.506
1200..1700	6 1700	aSeza	aśeṣa	130	40	90	3.250	1.700
1200..1700	6 1700	yAga	yāga	115	9	106	12.778	3.676
1200..1700	6 1700	lavaRa	lavaṇa	123	324	-201	0.380	-1.397
1200..1700	6 1700	jIva	jīva	123	57	66	2.158	1.110
1200..1700	6 1700	Danya	dhanya	118	10	108	11.800	3.561
1200..1700	6 1700	SaraRa	śaraṇa	127	6	121	21.167	4.404
1200..1700	6 1700	garuqa	garuḍa	122	11	111	11.091	3.471
1200..1700	6 1700	kzAra	kṣāra	122	369	-247	0.331	-1.597
1200..1700	6 1700	gup	gup	127	18	109	7.056	2.819
1200..1700	6 1700	prahi	prahi	129	3	126	43.000	5.426
1200..1700	6 1700	ananta	ananta	124	25	99	4.960	2.310
1200..1700	6 1700	pakva	pakva	115	164	-49	0.701	-0.512
1200..1700	6 1700	mata	mata	118	39	79	3.026	1.597
1200..1700	6 1700	vAsa	vāsa	129	16	113	8.062	3.011
1200..1700	6 1700	viGna	vighna	129	16	113	8.062	3.011
1200..1700	6 1700	yuga	yuga	124	24	100	5.167	2.369
1200..1700	6 1700	tIra	tīra	130	14	116	9.286	3.215
1200..1700	6 1700	haMsa	haṁsa	123	54	69	2.278	1.188
1200..1700	6 1700	dAra	dāra	124	11	113	11.273	3.495
1200..1700	6 1700	bAnDava	bāndhava	118	9	109	13.111	3.713
1200..1700	6 1700	balavat	balavat	125	14	111	8.929	3.158
1200..1700	6 1700	kIrtay	kīrtay	100	64	36	1.562	0.644
1200..1700	6 1700	prakIrtay	prakīrtay	92	106	-14	0.868	-0.204
1200..1700	6 1700	prasiD	prasidh	103	129	-26	0.798	-0.325
1200..1700	6 1700	kaTana	kathana	125	30	95	4.167	2.059
1200..1700	6 1700	Brama	bhrama	103	52	51	1.981	0.986
1200..1700	6 1700	samAna	samāna	122	64	58	1.906	0.931
1200..1700	6 1700	aBeda	abheda	120	6	114	20.000	4.322
1200..1700	6 1700	nirBara	nirbhara	109	0	109	inf	inf
1200..1700	6 1700	ugra	ugra	121	22	99	5.500	2.459
1200..1700	6 1700	yuvan	yuvan	114	16	98	7.125	2.833
1200..1700	6 1700	Dara	dhara	118	23	95	5.130	2.359
1200..1700	6 1700	suKin	sukhin	115	21	94	5.476	2.453
1200..1700	6 1700	SaSin	śaśin	121	23	98	5.261	2.395
1200..1700	6 1700	mfd	mṛd	120	398	-278	0.302	-1.730
1200..1700	6 1700	vega	vega	124	87	37	1.425	0.511
1200..1700	6 1700	prakAra	prakāra	118	159	-41	0.742	-0.430
1200..1700	6 1700	nam	nam	123	25	98	4.920	2.299
1200..1700	6 1700	arTay	arthay	109	2	107	54.500	5.768
1200..1700	6 1700	kalay	kalay	125	24	101	5.208	2.381
1200..1700	6 1700	maDya	madhya	121	526	-405	0.230	-2.120
1200..1700	6 1700	Dvaja	dhvaja	123	8	115	15.375	3.943
1200..1700	6 1700	vijaya	vijaya	125	5	120	25.000	4.644
1200..1700	6 1700	jvAlA	jvālā	125	25	100	5.000	2.322
1200..1700	6 1700	tAta	tāta	112	0	112	inf	inf
1200..1700	6 1700	stana	stana	119	33	86	3.606	1.850
1200..1700	6 1700	smfti	smṛti	110	54	56	2.037	1.026
1200..1700	6 1700	geha	geha	125	6	119	20.833	4.381
1200..1700	6 1700	grAsa	grāsa	118	151	-33	0.781	-0.356
1200..1700	6 1700	viSiz	viśiṣ	117	26	91	4.500	2.170
1200..1700	6 1700	anDa	andha	116	15	101	7.733	2.951
1200..1700	6 1700	apekzA	apekṣā	116	19	97	6.105	2.610
1200..1700	6 1700	amBas	ambhas	116	50	66	2.320	1.214
1200..1700	6 1700	amla	amla	122	522	-400	0.234	-2.097
1200..1700	6 1700	BAra	bhāra	123	45	78	2.733	1.451
1200..1700	6 1700	aSuBa	aśubha	113	14	99	8.071	3.013
1200..1700	6 1700	ASA	āśā	116	22	94	5.273	2.399
1200..1700	6 1700	mAnin	mānin	111	6	105	18.500	4.209
1200..1700	6 1700	lepa	lepa	114	104	10	1.096	0.132
1200..1700	6 1700	dUta	dūta	120	5	115	24.000	4.585
1200..1700	6 1700	dehin	dehin	103	20	83	5.150	2.365
1200..1700	6 1700	sundara	sundara	113	17	96	6.647	2.733
1200..1700	6 1700	smara	smara	118	19	99	6.211	2.635
1200..1700	6 1700	kzoBa	kṣobha	114	8	106	14.250	3.833
1200..1700	6 1700	gA	gā	103	22	81	4.682	2.227
1200..1700	6 1700	pIqay	pīḍay	107	15	92	7.133	2.835
1200..1700	6 1700	prI	prī	116	2	114	58.000	5.858
1200..1700	6 1700	vicintay	vicintay	106	9	97	11.778	3.558
1200..1700	6 1700	vimuc	vimuc	107	48	59	2.229	1.157
1200..1700	6 1700	kawuka	kaṭuka	118	211	-93	0.559	-0.838
1200..1700	6 1700	anIka	anīka	124	3	121	41.333	5.369
1200..1700	6 1700	kAraka	kāraka	94	110	-16	0.855	-0.227
1200..1700	6 1700	pawa	paṭa	115	41	74	2.805	1.488
1200..1700	6 1700	sadBAva	sadbhāva	119	1	118	119.000	6.895
1200..1700	6 1700	ambara	ambara	109	32	77	3.406	1.768
1200..1700	6 1700	Sveta	śveta	106	264	-158	0.402	-1.316
1200..1700	6 1700	utTa	uttha	122	104	18	1.173	0.230
1200..1700	6 1700	loBa	lobha	113	7	106	16.143	4.013
1200..1700	6 1700	pAta	pāta	121	51	70	2.373	1.246
1200..1700	6 1700	tAmra	tāmra	116	611	-495	0.190	-2.397
1200..1700	6 1700	tvac	tvac	112	144	-32	0.778	-0.363
1200..1700	6 1700	viyoga	viyoga	117	3	114	39.000	5.285
1200..1700	6 1700	anantara	anantara	107	20	87	5.350	2.420
1200..1700	6 1700	kanda	kanda	116	162	-46	0.716	-0.482
1200..1700	6 1700	kuYjara	kuñjara	112	11	101	10.182	3.348
1200..1700	6 1700	yojana	yojana	109	16	93	6.812	2.768
1200..1700	6 1700	rASi	rāśi	111	28	83	3.964	1.987
1200..1700	6 1700	maheSvara	maheśvara	93	22	71	4.227	2.080
1200..1700	6 1700	triguRa	triguṇa	114	92	22	1.239	0.309
1200..1700	6 1700	janaka	janaka	105	17	88	6.176	2.627
1200..1700	6 1700	pralaya	pralaya	115	10	105	11.500	3.524
1200..1700	6 1700	kamp	kamp	107	7	100	15.286	3.934
1200..1700	6 1700	pac	pac	106	421	-315	0.252	-1.990
1200..1700	6 1700	acala	acala	105	19	86	5.526	2.466
1200..1700	6 1700	saMkalpa	saṁkalpa	115	14	101	8.214	3.038
1200..1700	6 1700	samADi	samādhi	107	21	86	5.095	2.349
1200..1700	6 1700	arDa	ardha	113	358	-245	0.316	-1.664
1200..1700	6 1700	triviDa	trividha	104	82	22	1.268	0.343
1200..1700	6 1700	DarA	dharā	107	15	92	7.133	2.835
1200..1700	6 1700	saras	saras	114	6	108	19.000	4.248
1200..1700	6 1700	Saktideva	śaktideva	109	0	109	inf	inf
1200..1700	6 1700	SEla	śaila	116	39	77	2.974	1.573
1200..1700	6 1700	mUlya	mūlya	109	30	79	3.633	1.861
1200..1700	6 1700	praBu	prabhu	103	24	79	4.292	2.102
1200..1700	6 1700	prayojana	prayojana	105	10	95	10.500	3.392
1200..1700	6 1700	praveSa	praveśa	113	15	98	7.533	2.913
1200..1700	6 1700	cyu	cyu	105	16	89	6.562	2.714
1200..1700	6 1700	AraB	ārabh	107	35	72	3.057	1.612
1200..1700	6 1700	udDf	uddhṛ	104	82	22	1.268	0.343
1200..1700	6 1700	prasTA	prasthā	110	4	106	27.500	4.781
1200..1700	6 1700	vinaS	vinaś	101	23	78	4.391	2.135
1200..1700	6 1700	viSram	viśram	110	6	104	18.333	4.196
1200..1700	6 1700	atiTi	atithi	107	1	106	107.000	6.741
1200..1700	6 1700	parAkrama	parākrama	91	4	87	22.750	4.508
1200..1700	6 1700	abja	abja	114	10	104	11.400	3.511
1200..1700	6 1700	niBa	nibha	112	62	50	1.806	0.853
1200..1700	6 1700	Uru	ūru	114	20	94	5.700	2.511
1200..1700	6 1700	oGa	ogha	115	24	91	4.792	2.261
1200..1700	6 1700	DImat	dhīmat	108	28	80	3.857	1.948
1200..1700	6 1700	naraka	naraka	109	12	97	9.083	3.183
1200..1700	6 1700	Ceda	cheda	103	46	57	2.239	1.163
1200..1700	6 1700	AramBa	ārambha	116	12	104	9.667	3.273
1200..1700	6 1700	avyakta	avyakta	104	8	96	13.000	3.700
1200..1700	6 1700	vasu	vasu	105	43	62	2.442	1.288
1200..1700	6 1700	mahIpati	mahīpati	97	0	97	inf	inf
1200..1700	6 1700	vyasana	vyasana	117	6	111	19.500	4.285
1200..1700	6 1700	granTa	grantha	108	77	31	1.403	0.488
1200..1700	6 1700	ganDarva	gandharva	109	8	101	13.625	3.768
1200..1700	6 1700	kleSa	kleśa	111	12	99	9.250	3.209
1200..1700	6 1700	viraha	viraha	111	16	95	6.938	2.794
1200..1700	6 1700	prARin	prāṇin	109	18	91	6.056	2.598
1200..1700	6 1700	viji	viji	107	14	93	7.643	2.934
1200..1700	6 1700	vinyas	vinyas	103	49	54	2.102	1.072
1200..1700	6 1700	catuzwaya	catuṣṭaya	97	106	-9	0.915	-0.128
1200..1700	6 1700	paScima	paścima	99	26	73	3.808	1.929
1200..1700	6 1700	Svan	śvan	107	10	97	10.700	3.420
1200..1700	6 1700	akzaya	akṣaya	90	11	79	8.182	3.032
1200..1700	6 1700	akzara	akṣara	109	70	39	1.557	0.639
1200..1700	6 1700	aNguli	aṅguli	109	57	52	1.912	0.935
1200..1700	6 1700	saMgama	saṁgama	96	17	79	5.647	2.497
1200..1700	6 1700	kAnta	kānta	113	248	-135	0.456	-1.134
1200..1700	6 1700	kAntA	kāntā	108	20	88	5.400	2.433
1200..1700	6 1700	samudra	samudra	108	31	77	3.484	1.801
1200..1700	6 1700	BImasena	bhīmasena	103	2	101	51.500	5.687
1200..1700	6 1700	rahas	rahas	108	3	105	36.000	5.170
1200..1700	6 1700	lajjA	lajjā	110	9	101	12.222	3.611
1200..1700	6 1700	lavaRa	lavaṇa	105	324	-219	0.324	-1.626
1200..1700	6 1700	jarA	jarā	104	135	-31	0.770	-0.376
1200..1700	6 1700	jAraRa	jāraṇa	103	230	-127	0.448	-1.159
1200..1700	6 1700	dviviDa	dvividha	101	100	1	1.010	0.014
1200..1700	6 1700	tAdfSa	tādṛśa	99	23	76	4.304	2.106
1200..1700	6 1700	tApa	tāpa	113	93	20	1.215	0.281
1200..1700	6 1700	stamBa	stambha	112	70	42	1.600	0.678
1200..1700	6 1700	haya	haya	108	31	77	3.484	1.801
1200..1700	6 1700	sAmya	sāmya	114	55	59	2.073	1.052
1200..1700	6 1700	dAnava	dānava	100	9	91	11.111	3.474
1200..1700	6 1700	guh	guh	105	9	96	11.667	3.544
1200..1700	6 1700	vid	vid	107	229	-122	0.467	-1.098
1200..1700	6 1700	Sap	śap	107	1	106	107.000	6.741
1200..1700	6 1700	AsTA	āsthā	91	5	86	18.200	4.186
1200..1700	6 1700	upalaB	upalabh	104	9	95	11.556	3.531
1200..1700	6 1700	saMvitti	saṁvitti	108	6	102	18.000	4.170
1200..1700	6 1700	pavana	pavana	110	68	42	1.618	0.694
1200..1700	6 1700	sTira	sthira	104	69	35	1.507	0.592
1200..1700	6 1700	SyAma	śyāma	103	55	48	1.873	0.905
1200..1700	6 1700	vistara	vistara	98	42	56	2.333	1.222
1200..1700	6 1700	puRya	puṇya	110	55	55	2.000	1.000
1200..1700	6 1700	pA	pā	99	235	-136	0.421	-1.247
1200..1700	6 1700	nind	nind	103	9	94	11.444	3.517
1200..1700	6 1700	Amantray	āmantray	108	1	107	108.000	6.755
1200..1700	6 1700	upapad	upapad	92	7	85	13.143	3.716
1200..1700	6 1700	vidvas	vidvas	109	24	85	4.542	2.183
1200..1700	6 1700	namaskf	namaskṛ	109	8	101	13.625	3.768
1200..1700	6 1700	praBAvatI	prabhāvatī	89	0	89	inf	inf
1200..1700	6 1700	BUpAla	bhūpāla	110	1	109	110.000	6.781
1200..1700	6 1700	DAtf	dhātṛ	108	1	107	108.000	6.755
1200..1700	6 1700	nandana	nandana	95	4	91	23.750	4.570
1200..1700	6 1700	Ardra	ārdra	105	52	53	2.019	1.014
1200..1700	6 1700	avyakta	avyakta	91	8	83	11.375	3.508
1200..1700	6 1700	jihvA	jihvā	103	39	64	2.641	1.401
1200..1700	6 1700	dvaMdva	dvaṁdva	107	78	29	1.372	0.456
1200..1700	6 1700	sarpis	sarpis	99	57	42	1.737	0.796
1200..1700	6 1700	sItA	sītā	100	6	94	16.667	4.059
1200..1700	6 1700	SUdra	śūdra	103	47	56	2.191	1.132
1200..1700	6 1700	krAmaRa	krāmaṇa	96	65	31	1.477	0.563
1200..1700	6 1700	mUrCA	mūrchā	108	75	33	1.440	0.526
1200..1700	6 1700	gras	gras	104	57	47	1.825	0.868
1200..1700	6 1700	SaNk	śaṅk	102	6	96	17.000	4.087
1200..1700	6 1700	ArADay	ārādhay	102	14	88	7.286	2.865
1200..1700	6 1700	nipAtay	nipātay	80	11	69	7.273	2.862
1200..1700	6 1700	prayam	prayam	101	25	76	4.040	2.014
1200..1700	6 1700	saMsTA	saṁsthā	93	53	40	1.755	0.811
1200..1700	6 1700	sampf	sampṛ	106	16	90	6.625	2.728
1200..1700	6 1700	keSava	keśava	99	18	81	5.500	2.459
1200..1700	6 1700	koSa	kośa	99	7	92	14.143	3.822
1200..1700	6 1700	parAmarSa	parāmarśa	104	3	101	34.667	5.115
1200..1700	6 1700	samIpa	samīpa	107	17	90	6.294	2.654
1200..1700	6 1700	Dfti	dhṛti	100	7	93	14.286	3.837
1200..1700	6 1700	udyAna	udyāna	106	13	93	8.154	3.027
1200..1700	6 1700	reKA	rekhā	103	62	41	1.661	0.732
1200..1700	6 1700	vyApAra	vyāpāra	97	11	86	8.818	3.140
1200..1700	6 1700	svara	svara	104	41	63	2.537	1.343
1200..1700	6 1700	Sukra	śukra	97	95	2	1.021	0.030
1200..1700	6 1700	SiSu	śiśu	95	14	81	6.786	2.763
1200..1700	6 1700	mudrA	mudrā	101	126	-25	0.802	-0.319
1200..1700	6 1700	dAruRa	dāruṇa	93	20	73	4.650	2.217
1200..1700	6 1700	aS	aś	103	29	74	3.552	1.829
1200..1700	6 1700	atI	atī	99	19	80	5.211	2.381
1200..1700	6 1700	anugam	anugam	96	6	90	16.000	4.000
1200..1700	6 1700	mAray	māray	100	125	-25	0.800	-0.322
1200..1700	6 1700	lI	lī	97	34	63	2.853	1.512
1200..1700	6 1700	BUzaRa	bhūṣaṇa	91	6	85	15.167	3.923
1200..1700	6 1700	nirmala	nirmala	91	86	5	1.058	0.082
1200..1700	6 1700	evaMviDa	evaṁvidha	87	62	25	1.403	0.489
1200..1700	6 1700	vasti	vasti	103	35	68	2.943	1.557
1200..1700	6 1700	mAruta	māruta	96	62	34	1.548	0.631
1200..1700	6 1700	suSruta	suśruta	101	8	93	12.625	3.658
1200..1700	6 1700	vraRa	vraṇa	105	278	-173	0.378	-1.405
1200..1700	6 1700	vEcitrya	vaicitrya	108	3	105	36.000	5.170
1200..1700	6 1700	viBrama	vibhrama	81	12	69	6.750	2.755
1200..1700	6 1700	Sukla	śukla	99	53	46	1.868	0.901
1200..1700	6 1700	Suci	śuci	97	54	43	1.796	0.845
1200..1700	6 1700	krUra	krūra	100	16	84	6.250	2.644
1200..1700	6 1700	kzama	kṣama	84	30	54	2.800	1.485
1200..1700	6 1700	veDin	vedhin	106	35	71	3.029	1.599
1200..1700	6 1700	pUrRa	pūrṇa	101	39	62	2.590	1.373
1200..1700	6 1700	Ikz	īkṣ	79	10	69	7.900	2.982
1200..1700	6 1700	gA	gā	99	22	77	4.500	2.170
1200..1700	6 1700	DA	dhā	102	92	10	1.109	0.149
1200..1700	6 1700	Sri	śri	87	9	78	9.667	3.273
1200..1700	6 1700	vf	vṛ	97	6	91	16.167	4.015
1200..1700	6 1700	vAray	vāray	94	5	89	18.800	4.233
1200..1700	6 1700	prajan	prajan	82	86	-4	0.953	-0.069
1200..1700	6 1700	viSuD	viśudh	97	80	17	1.212	0.278
1200..1700	6 1700	vizad	viṣad	102	3	99	34.000	5.087
1200..1700	6 1700	caturTa	caturtha	92	104	-12	0.885	-0.177
1200..1700	6 1700	dAtf	dātṛ	97	12	85	8.083	3.015
1200..1700	6 1700	aha	aha	106	107	-1	0.991	-0.014
1200..1700	6 1700	kuSa	kuśa	98	9	89	10.889	3.445
1200..1700	6 1700	kUrma	kūrma	98	20	78	4.900	2.293
1200..1700	6 1700	kfSa	kṛśa	96	27	69	3.556	1.830
1200..1700	6 1700	keli	keli	101	9	92	11.222	3.488
1200..1700	6 1700	aYjali	añjali	92	7	85	13.143	3.716
1200..1700	6 1700	saptama	saptama	98	51	47	1.922	0.942
1200..1700	6 1700	anDamUzA	andhamūṣā	96	33	63	2.909	1.541
1200..1700	6 1700	nAqI	nāḍī	98	141	-43	0.695	-0.525
1200..1700	6 1700	maDyama	madhyama	96	72	24	1.333	0.415
1200..1700	6 1700	manuzya	manuṣya	97	23	74	4.217	2.076
1200..1700	6 1700	DErya	dhairya	103	5	98	20.600	4.365
1200..1700	6 1700	cikitsA	cikitsā	93	12	81	7.750	2.954
1200..1700	6 1700	azwama	aṣṭama	85	56	29	1.518	0.602
1200..1700	6 1700	ukti	ukti	93	15	78	6.200	2.632
1200..1700	6 1700	ruDira	rudhira	102	29	73	3.517	1.814
1200..1700	6 1700	vinASa	vināśa	98	41	57	2.390	1.257
1200..1700	6 1700	guwikA	guṭikā	96	105	-9	0.914	-0.129
1200..1700	6 1700	granTi	granthi	97	46	51	2.109	1.076
1200..1700	6 1700	gulma	gulma	100	207	-107	0.483	-1.050
1200..1700	6 1700	gfDra	gṛdhra	96	12	84	8.000	3.000
1200..1700	6 1700	SUra	śūra	99	15	84	6.600	2.722
1200..1700	6 1700	gayA	gayā	95	1	94	95.000	6.570
1200..1700	6 1700	Salya	śalya	92	13	79	7.077	2.823
1200..1700	6 1700	praBfti	prabhṛti	103	36	67	2.861	1.517
1200..1700	6 1700	udIray	udīray	73	24	49	3.042	1.605
1200..1700	6 1700	candana	candana	95	71	24	1.338	0.420
1200..1700	6 1700	kfmi	kṛmi	102	139	-37	0.734	-0.447
1200..1700	6 1700	saMjaya	saṁjaya	93	0	93	inf	inf
1200..1700	6 1700	anuttara	anuttara	88	2	86	44.000	5.459
1200..1700	6 1700	nyAya	nyāya	94	24	70	3.917	1.970
1200..1700	6 1700	saBA	sabhā	92	4	88	23.000	4.524
1200..1700	6 1700	madana	madana	99	66	33	1.500	0.585
1200..1700	6 1700	marman	marman	96	5	91	19.200	4.263
1200..1700	6 1700	SrIdatta	śrīdatta	99	0	99	inf	inf
1200..1700	6 1700	nanda	nanda	102	1	101	102.000	6.672
1200..1700	6 1700	Bukti	bhukti	101	8	93	12.625	3.658
1200..1700	6 1700	rasendra	rasendra	97	135	-38	0.719	-0.477
1200..1700	6 1700	rasaka	rasaka	93	103	-10	0.903	-0.147
1200..1700	6 1700	meru	meru	90	7	83	12.857	3.684
1200..1700	6 1700	vallaBa	vallabha	91	8	83	11.375	3.508
1200..1700	6 1700	jIva	jīva	97	57	40	1.702	0.767
1200..1700	6 1700	dveza	dveṣa	100	9	91	11.111	3.474
1200..1700	6 1700	hita	hita	95	189	-94	0.503	-0.992
1200..1700	6 1700	sAyaka	sāyaka	92	1	91	92.000	6.524
1200..1700	6 1700	vidura	vidura	96	2	94	48.000	5.585
1200..1700	6 1700	vipAka	vipāka	93	63	30	1.476	0.562
1200..1700	6 1700	SItala	śītala	96	208	-112	0.462	-1.115
1200..1700	6 1700	pUrvaka	pūrvaka	94	40	54	2.350	1.233
1200..1700	6 1700	liK	likh	86	60	26	1.433	0.519
1200..1700	6 1700	ADA	ādhā	94	16	78	5.875	2.555
1200..1700	6 1700	prakASay	prakāśay	87	19	68	4.579	2.195
1200..1700	6 1700	prayuj	prayuj	92	98	-6	0.939	-0.091
1200..1700	6 1700	nagarI	nagarī	98	2	96	49.000	5.615
1200..1700	6 1700	niSAmay	niśāmay	93	0	93	inf	inf
1200..1700	6 1700	kuRqala	kuṇḍala	86	5	81	17.200	4.104
1200..1700	6 1700	ari	ari	92	8	84	11.500	3.524
1200..1700	6 1700	cArin	cārin	91	9	82	10.111	3.338
1200..1700	6 1700	Avali	āvali	88	7	81	12.571	3.652
1200..1700	6 1700	mADava	mādhava	92	10	82	9.200	3.202
1200..1700	6 1700	lIlA	līlā	91	21	70	4.333	2.115
1200..1700	6 1700	pAYcAla	pāñcāla	96	0	96	inf	inf
1200..1700	6 1700	sUnu	sūnu	95	2	93	47.500	5.570
1200..1700	6 1700	dakza	dakṣa	94	25	69	3.760	1.911
1200..1700	6 1700	daDi	dadhi	93	106	-13	0.877	-0.189
1200..1700	6 1700	homa	homa	95	21	74	4.524	2.178
1200..1700	6 1700	srotas	srotas	96	8	88	12.000	3.585
1200..1700	6 1700	SoBana	śobhana	80	36	44	2.222	1.152
1200..1700	6 1700	gAtra	gātra	96	53	43	1.811	0.857
1200..1700	6 1700	medas	medas	100	52	48	1.923	0.943
1200..1700	6 1700	viSvAsa	viśvāsa	101	6	95	16.833	4.073
1200..1700	6 1700	vedanA	vedanā	90	12	78	7.500	2.907
1200..1700	6 1700	aDizWA	adhiṣṭhā	87	2	85	43.500	5.443
1200..1700	6 1700	hu	hu	90	40	50	2.250	1.170
1200..1700	6 1700	mad	mad	90	349	-259	0.258	-1.955
1200..1700	6 1700	ruD	rudh	90	148	-58	0.608	-0.718
1200..1700	6 1700	avalokay	avalokay	100	12	88	8.333	3.059
1200..1700	6 1700	Alocay	ālocay	85	0	85	inf	inf
1200..1700	6 1700	utsfj	utsṛj	98	10	88	9.800	3.293
1200..1700	6 1700	nikzip	nikṣip	89	161	-72	0.553	-0.855
1200..1700	6 1700	prakf	prakṛ	92	86	6	1.070	0.097
1200..1700	6 1700	kfpa	kṛpa	88	0	88	inf	inf
1200..1700	6 1700	kfpA	kṛpā	92	9	83	10.222	3.354
1200..1700	6 1700	saMkoca	saṁkoca	92	20	72	4.600	2.202
1200..1700	6 1700	kalaSa	kalaśa	93	15	78	6.200	2.632
1200..1700	6 1700	Bezaja	bheṣaja	88	36	52	2.444	1.290
1200..1700	6 1700	vAsanA	vāsanā	82	15	67	5.467	2.451
1200..1700	6 1700	cApa	cāpa	98	4	94	24.500	4.615
1200..1700	6 1700	Ajya	ājya	98	151	-53	0.649	-0.624
1200..1700	6 1700	IkzaRa	īkṣaṇa	86	17	69	5.059	2.339
1200..1700	6 1700	tanayA	tanayā	95	1	94	95.000	6.570
1200..1700	6 1700	skanDa	skandha	94	15	79	6.267	2.648
1200..1700	6 1700	sAgara	sāgara	86	23	63	3.739	1.903
1200..1700	6 1700	vyApaka	vyāpaka	91	27	64	3.370	1.753
1200..1700	6 1700	SoRita	śoṇita	95	29	66	3.276	1.712
1200..1700	6 1700	vivAha	vivāha	92	66	26	1.394	0.479
1200..1700	6 1700	veSman	veśman	89	5	84	17.800	4.154
1200..1700	6 1700	darada	darada	92	128	-36	0.719	-0.476
1200..1700	6 1700	prasaNga	prasaṅga	89	27	62	3.296	1.721
1200..1700	6 1700	tfp	tṛp	87	10	77	8.700	3.121
1200..1700	6 1700	OzaDa	auṣadha	84	186	-102	0.452	-1.147
1200..1700	6 1700	kftya	kṛtya	93	10	83	9.300	3.217
1200..1700	6 1700	aNguzWa	aṅguṣṭha	88	22	66	4.000	2.000
1200..1700	6 1700	aYjana	añjana	87	98	-11	0.888	-0.172
1200..1700	6 1700	kAnana	kānana	85	3	82	28.333	4.824
1200..1700	6 1700	mahAtman	mahātman	83	4	79	20.750	4.375
1200..1700	6 1700	etAvat	etāvat	85	7	78	12.143	3.602
1200..1700	6 1700	Srama	śrama	86	126	-40	0.683	-0.551
1200..1700	6 1700	vAsudeva	vāsudeva	85	18	67	4.722	2.239
1200..1700	6 1700	ujjvala	ujjvala	85	26	59	3.269	1.709
1200..1700	6 1700	utsAha	utsāha	92	11	81	8.364	3.064
1200..1700	6 1700	ISAna	īśāna	92	10	82	9.200	3.202
1200..1700	6 1700	varzin	varṣin	84	0	84	inf	inf
1200..1700	6 1700	trElokya	trailokya	88	17	71	5.176	2.372
1200..1700	6 1700	pArTiva	pārthiva	88	18	70	4.889	2.290
1200..1700	6 1700	tApya	tāpya	88	171	-83	0.515	-0.958
1200..1700	6 1700	Sayana	śayana	95	9	86	10.556	3.400
1200..1700	6 1700	viparyaya	viparyaya	81	17	64	4.765	2.252
1200..1700	6 1700	SmaSAna	śmaśāna	86	14	72	6.143	2.619
1200..1700	6 1700	gAmin	gāmin	85	14	71	6.071	2.602
1200..1700	6 1700	dAyin	dāyin	77	60	17	1.283	0.360
1200..1700	6 1700	dayita	dayita	86	3	83	28.667	4.841
1200..1700	6 1700	bAzpa	bāṣpa	93	15	78	6.200	2.632
1200..1700	6 1700	aBiman	abhiman	87	7	80	12.429	3.636
1200..1700	6 1700	uddiS	uddiś	91	35	56	2.600	1.379
1200..1700	6 1700	udBU	udbhū	91	31	60	2.935	1.554
1200..1700	6 1700	upAgam	upāgam	83	3	80	27.667	4.790
1200..1700	6 1700	dApay	dāpay	85	53	32	1.604	0.681
1200..1700	6 1700	samAyA	samāyā	83	3	80	27.667	4.790
1200..1700	6 1700	han	han	90	483	-393	0.186	-2.424
1200..1700	6 1700	aMSu	aṁśu	92	12	80	7.667	2.939
1200..1700	6 1700	kftin	kṛtin	80	17	63	4.706	2.234
1200..1700	6 1700	paRqita	paṇḍita	72	11	61	6.545	2.710
1200..1700	6 1700	abda	abda	94	33	61	2.848	1.510
1200..1700	6 1700	Bakta	bhakta	84	50	34	1.680	0.748
1200..1700	6 1700	Badra	bhadra	90	32	58	2.812	1.492
1200..1700	6 1700	BAjana	bhājana	79	73	6	1.082	0.114
1200..1700	6 1700	Cattra	chattra	89	9	80	9.889	3.306
1200..1700	6 1700	udBava	udbhava	87	146	-59	0.596	-0.747
1200..1700	6 1700	AQya	āḍhya	93	96	-3	0.969	-0.046
1200..1700	6 1700	ahi	ahi	83	37	46	2.243	1.166
1200..1700	6 1700	Asya	āsya	92	73	19	1.260	0.334
1200..1700	6 1700	vasantaka	vasantaka	80	2	78	40.000	5.322
1200..1700	6 1700	vasizWa	vasiṣṭha	86	13	73	6.615	2.726
1200..1700	6 1700	jAnu	jānu	88	13	75	6.769	2.759
1200..1700	6 1700	taruRa	taruṇa	90	24	66	3.750	1.907
1200..1700	6 1700	sEnDava	saindhava	89	179	-90	0.497	-1.008
1200..1700	6 1700	golaka	golaka	86	135	-49	0.637	-0.651
1200..1700	6 1700	viroDa	virodha	86	9	77	9.556	3.256
1200..1700	6 1700	priyA	priyā	84	13	71	6.462	2.692
1200..1700	6 1700	sAray	sāray	78	56	22	1.393	0.478
1200..1700	6 1700	rud	rud	90	10	80	9.000	3.170
1200..1700	6 1700	vezway	veṣṭay	77	84	-7	0.917	-0.126
1200..1700	6 1700	BraMS	bhraṁś	89	18	71	4.944	2.306
1200..1700	6 1700	ASvAsay	āśvāsay	88	1	87	88.000	6.459
1200..1700	6 1700	upasTA	upasthā	81	5	76	16.200	4.018
1200..1700	6 1700	nirdiS	nirdiś	89	40	49	2.225	1.154
1200..1700	6 1700	akzi	akṣi	92	42	50	2.190	1.131
1200..1700	6 1700	aDipati	adhipati	92	6	86	15.333	3.939
1200..1700	6 1700	dvAr	dvār	92	6	86	15.333	3.939
1200..1700	6 1700	BUri	bhūri	90	21	69	4.286	2.100
1200..1700	6 1700	ambuja	ambuja	81	14	67	5.786	2.532
1200..1700	6 1700	Sreyas	śreyas	88	13	75	6.769	2.759
1200..1700	6 1700	Barata	bharata	84	3	81	28.000	4.807
1200..1700	6 1700	uttara	uttara	89	111	-22	0.802	-0.319
1200..1700	6 1700	aSru	aśru	89	10	79	8.900	3.154
1200..1700	6 1700	asfj	asṛj	90	28	62	3.214	1.684
1200..1700	6 1700	yakza	yakṣa	89	14	75	6.357	2.668
1200..1700	6 1700	drupada	drupada	89	0	89	inf	inf
1200..1700	6 1700	hastin	hastin	86	21	65	4.095	2.034
1200..1700	6 1700	sva	sva	87	271	-184	0.321	-1.639
1200..1700	6 1700	SaktipAta	śaktipāta	88	2	86	44.000	5.459
1200..1700	6 1700	Sakya	śakya	83	16	67	5.188	2.375
1200..1700	6 1700	vyUha	vyūha	88	4	84	22.000	4.459
1200..1700	6 1700	Sabara	śabara	88	5	83	17.600	4.138
1200..1700	6 1700	vitta	vitta	93	9	84	10.333	3.369
1200..1700	6 1700	vinDya	vindhya	83	10	73	8.300	3.053
1200..1700	6 1700	pUjana	pūjana	85	25	60	3.400	1.766
1200..1700	6 1700	pfTu	pṛthu	87	16	71	5.438	2.443
1200..1700	6 1700	prAya	prāya	87	24	63	3.625	1.858
1200..1700	6 1700	lepay	lepay	81	124	-43	0.653	-0.614
1200..1700	6 1700	SoDay	śodhay	79	132	-53	0.598	-0.741
1200..1700	6 1700	Apad	āpad	92	38	54	2.421	1.276
1200..1700	6 1700	AhvA	āhvā	85	55	30	1.545	0.628
1200..1700	6 1700	unnam	unnam	89	7	82	12.714	3.668
1200..1700	6 1700	carita	carita	91	3	88	30.333	4.923
1200..1700	6 1700	awavI	aṭavī	84	7	77	12.000	3.585
1200..1700	6 1700	padmAvatI	padmāvatī	84	0	84	inf	inf
1200..1700	6 1700	saMniDi	saṁnidhi	86	8	78	10.750	3.426
1200..1700	6 1700	aBiDA	abhidhā	85	212	-127	0.401	-1.319
1200..1700	6 1700	BrU	bhrū	86	31	55	2.774	1.472
1200..1700	6 1700	samAveSa	samāveśa	87	19	68	4.579	2.195
1200..1700	6 1700	DAraRa	dhāraṇa	80	41	39	1.951	0.964
1200..1700	6 1700	vAhana	vāhana	82	7	75	11.714	3.550
1200..1700	6 1700	vAhinI	vāhinī	74	7	67	10.571	3.402
1200..1700	6 1700	Bavana	bhavana	88	10	78	8.800	3.138
1200..1700	6 1700	udAra	udāra	91	4	87	22.750	4.508
1200..1700	6 1700	rAtra	rātra	91	60	31	1.517	0.601
1200..1700	6 1700	tiTi	tithi	81	25	56	3.240	1.696
1200..1700	6 1700	duHKita	duḥkhita	80	0	80	inf	inf
1200..1700	6 1700	tanmAtra	tanmātra	84	1	83	84.000	6.392
1200..1700	6 1700	hAni	hāni	85	28	57	3.036	1.602
1200..1700	6 1700	vimala	vimala	86	86	0	1.000	0.000
1200..1700	6 1700	SfNga	śṛṅga	89	40	49	2.225	1.154
1200..1700	6 1700	bAlA	bālā	82	9	73	9.111	3.188
1200..1700	6 1700	prajApati	prajāpati	72	4	68	18.000	4.170
1200..1700	6 1700	praRaya	praṇaya	84	8	76	10.500	3.392
1200..1700	6 1700	arjay	arjay	77	8	69	9.625	3.267
1200..1700	6 1700	gal	gal	86	77	9	1.117	0.159
1200..1700	6 1700	mUrC	mūrch	79	11	68	7.182	2.844
1200..1700	6 1700	nivAray	nivāray	82	9	73	9.111	3.188
1200..1700	6 1700	samarpay	samarpay	74	9	65	8.222	3.040
1200..1700	6 1700	saMtApa	saṁtāpa	85	40	45	2.125	1.087
1200..1700	6 1700	kAzWa	kāṣṭha	86	72	14	1.194	0.256
1200..1700	6 1700	nivftti	nivṛtti	80	22	58	3.636	1.862
1200..1700	6 1700	aruci	aruci	84	77	7	1.091	0.126
1200..1700	6 1700	nidAna	nidāna	86	5	81	17.200	4.104
1200..1700	6 1700	manyu	manyu	81	0	81	inf	inf
1200..1700	6 1700	ojas	ojas	80	18	62	4.444	2.152
1200..1700	6 1700	zazWa	ṣaṣṭha	82	32	50	2.562	1.358
1200..1700	6 1700	vAsas	vāsas	82	38	44	2.158	1.110
1200..1700	6 1700	vAsin	vāsin	78	8	70	9.750	3.285
1200..1700	6 1700	BAvanA	bhāvanā	80	83	-3	0.964	-0.053
1200..1700	6 1700	cEtanya	caitanya	79	9	70	8.778	3.134
1200..1700	6 1700	iyat	iyat	73	12	61	6.083	2.605
1200..1700	6 1700	rasarAja	rasarāja	83	80	3	1.038	0.053
1200..1700	6 1700	mahAdeva	mahādeva	85	19	66	4.474	2.161
1200..1700	6 1700	mAnava	mānava	70	33	37	2.121	1.085
1200..1700	6 1700	jananI	jananī	84	8	76	10.500	3.392
1200..1700	6 1700	tAdAtmya	tādātmya	87	3	84	29.000	4.858
1200..1700	6 1700	sOmya	saumya	85	16	69	5.312	2.409
1200..1700	6 1700	hAra	hāra	86	13	73	6.615	2.726
1200..1700	6 1700	hArin	hārin	78	123	-45	0.634	-0.657
1200..1700	6 1700	vErAgya	vairāgya	87	3	84	29.000	4.858
1200..1700	6 1700	svEra	svaira	83	11	72	7.545	2.916
1200..1700	6 1700	vimarSa	vimarśa	83	2	81	41.500	5.375
1200..1700	6 1700	gOrI	gaurī	81	39	42	2.077	1.054
1200..1700	6 1700	pradAna	pradāna	87	7	80	12.429	3.636
1200..1700	6 1700	pOra	paura	89	4	85	22.250	4.476
1200..1700	6 1700	Palguna	phalguna	80	0	80	inf	inf
1200..1700	6 1700	upagam	upagam	73	9	64	8.111	3.020
1200..1700	6 1700	pratipAday	pratipāday	74	11	63	6.727	2.750
1200..1700	6 1700	vyAKyA	vyākhyā	69	23	46	3.000	1.585
1200..1700	6 1700	vijYapay	vijñapay	73	0	73	inf	inf
1200..1700	6 1700	kaRqU	kaṇḍū	83	103	-20	0.806	-0.311
1200..1700	6 1700	aNganA	aṅganā	76	19	57	4.000	2.000
1200..1700	6 1700	satI	satī	80	2	78	40.000	5.322
1200..1700	6 1700	saMramBa	saṁrambha	87	4	83	21.750	4.443
1200..1700	6 1700	Dvani	dhvani	70	19	51	3.684	1.881
1200..1700	6 1700	BAskara	bhāskara	78	22	56	3.545	1.826
1200..1700	6 1700	unmuKa	unmukha	80	4	76	20.000	4.322
1200..1700	6 1700	aSana	aśana	78	22	56	3.545	1.826
1200..1700	6 1700	rajanI	rajanī	81	34	47	2.382	1.252
1200..1700	6 1700	janArdana	janārdana	73	8	65	9.125	3.190
1200..1700	6 1700	damanaka	damanaka	76	1	75	76.000	6.248
1200..1700	6 1700	sindUra	sindūra	84	65	19	1.292	0.370
1200..1700	6 1700	sundarI	sundarī	80	17	63	4.706	2.234
1200..1700	6 1700	sAmAnya	sāmānya	74	53	21	1.396	0.482
1200..1700	6 1700	vEkrAnta	vaikrānta	77	108	-31	0.713	-0.488
1200..1700	6 1700	guqa	guḍa	80	111	-31	0.721	-0.472
1200..1700	6 1700	vfzya	vṛṣya	85	250	-165	0.340	-1.556
1200..1700	6 1700	putraka	putraka	79	1	78	79.000	6.304
1200..1700	6 1700	buDa	budha	81	128	-47	0.633	-0.660
1200..1700	6 1700	prakaraRa	prakaraṇa	80	15	65	5.333	2.415
1200..1700	6 1700	baka	baka	80	6	74	13.333	3.737
1200..1700	6 1700	anugrah	anugrah	76	1	75	76.000	6.248
1200..1700	6 1700	vand	vand	73	20	53	3.650	1.868
1200..1700	6 1700	racay	racay	84	27	57	3.111	1.637
1200..1700	6 1700	Ayam	āyam	81	21	60	3.857	1.948
1200..1700	6 1700	parikIrtay	parikīrtay	64	90	-26	0.711	-0.492
1200..1700	6 1700	prakAS	prakāś	67	15	52	4.467	2.159
1200..1700	6 1700	prezay	preṣay	85	2	83	42.500	5.409
1200..1700	6 1700	vitf	vitṛ	75	8	67	9.375	3.229
1200..1700	6 1700	vI	vī	86	7	79	12.286	3.619
1200..1700	6 1700	samAgam	samāgam	82	7	75	11.714	3.550
1200..1700	6 1700	kftsna	kṛtsna	85	7	78	12.143	3.602
1200..1700	6 1700	kfzRA	kṛṣṇā	79	42	37	1.881	0.911
1200..1700	6 1700	kaSyapa	kaśyapa	75	5	70	15.000	3.907
1200..1700	6 1700	sadASiva	sadāśiva	67	10	57	6.700	2.744
1200..1700	6 1700	parvan	parvan	79	7	72	11.286	3.496
1200..1700	6 1700	anvaya	anvaya	80	25	55	3.200	1.678
1200..1700	6 1700	kiyat	kiyat	79	21	58	3.762	1.911
1200..1700	6 1700	vikfti	vikṛti	73	24	49	3.042	1.605
1200..1700	6 1700	utkarza	utkarṣa	83	24	59	3.458	1.790
1200..1700	6 1700	Avarta	āvarta	84	22	62	3.818	1.933
1200..1700	6 1700	rAjYI	rājñī	82	5	77	16.400	4.036
1200..1700	6 1700	jIvana	jīvana	77	36	41	2.139	1.097
1200..1700	6 1700	dakziRA	dakṣiṇā	76	13	63	5.846	2.547
1200..1700	6 1700	SayyA	śayyā	86	4	82	21.500	4.426
1200..1700	6 1700	vyaTA	vyathā	71	14	57	5.071	2.342
1200..1700	6 1700	vEra	vaira	86	2	84	43.000	5.426
1200..1700	6 1700	vyAGra	vyāghra	83	9	74	9.222	3.205
1200..1700	6 1700	vinaya	vinaya	79	4	75	19.750	4.304
1200..1700	6 1700	guYjA	guñjā	81	234	-153	0.346	-1.531
1200..1700	6 1700	SAMtanava	śāṁtanava	79	0	79	inf	inf
1200..1700	6 1700	muhUrta	muhūrta	74	18	56	4.111	2.040
1200..1700	6 1700	sU	sū	77	6	71	12.833	3.682
1200..1700	6 1700	dUzay	dūṣay	70	11	59	6.364	2.670
1200..1700	6 1700	mA	mā	83	181	-98	0.459	-1.125
1200..1700	6 1700	tarpay	tarpay	80	8	72	10.000	3.322
1200..1700	6 1700	Ahan	āhan	79	14	65	5.643	2.496
1200..1700	6 1700	nigad	nigad	76	45	31	1.689	0.756
1200..1700	6 1700	niyojay	niyojay	69	45	24	1.533	0.617
1200..1700	6 1700	pradarSay	pradarśay	68	23	45	2.957	1.564
1200..1700	6 1700	saMskf	saṁskṛ	77	58	19	1.328	0.409
1200..1700	6 1700	saMgam	saṁgam	71	11	60	6.455	2.690
1200..1700	6 1700	samAyuj	samāyuj	85	50	35	1.700	0.766
1200..1700	6 1700	saMkzepa	saṁkṣepa	75	15	60	5.000	2.322
1200..1700	6 1700	anumAna	anumāna	78	16	62	4.875	2.285
1200..1700	6 1700	antaHpura	antaḥpura	78	2	76	39.000	5.285
1200..1700	6 1700	saMdeha	saṁdeha	77	40	37	1.925	0.945
1200..1700	6 1700	pariRAma	pariṇāma	77	24	53	3.208	1.682
1200..1700	6 1700	niKila	nikhila	79	25	54	3.160	1.660
1200..1700	6 1700	martya	martya	77	24	53	3.208	1.682
1200..1700	6 1700	DUpa	dhūpa	79	29	50	2.724	1.446
1200..1700	6 1700	upayoga	upayoga	80	11	69	7.273	2.862
1200..1700	6 1700	vAsara	vāsara	73	70	3	1.043	0.061
1200..1700	6 1700	BakzaRa	bhakṣaṇa	76	67	9	1.134	0.182
1200..1700	6 1700	ujjayinI	ujjayinī	74	0	74	inf	inf
1200..1700	6 1700	Agneya	āgneya	77	12	65	6.417	2.682
1200..1700	6 1700	yAtrA	yātrā	84	2	82	42.000	5.392
1200..1700	6 1700	vartman	vartman	69	9	60	7.667	2.939
1200..1700	6 1700	mAtrA	mātrā	76	101	-25	0.752	-0.410
1200..1700	6 1700	tridoza	tridoṣa	78	153	-75	0.510	-0.972
1200..1700	6 1700	durga	durga	81	3	78	27.000	4.755
1200..1700	6 1700	jyotis	jyotis	76	35	41	2.171	1.119
1200..1700	6 1700	vyakti	vyakti	78	19	59	4.105	2.037
1200..1700	6 1700	SudDa	śuddha	75	89	-14	0.843	-0.247
1200..1700	6 1700	gamBIra	gambhīra	78	14	64	5.571	2.478
1200..1700	6 1700	SiKara	śikhara	80	33	47	2.424	1.278
1200..1700	6 1700	krIqA	krīḍā	83	16	67	5.188	2.375
1200..1700	6 1700	praBAta	prabhāta	63	16	47	3.938	1.977
1200..1700	6 1700	daridra	daridra	79	10	69	7.900	2.982
1200..1700	6 1700	bfhaspati	bṛhaspati	74	3	71	24.667	4.624
1200..1700	6 1700	brahmacArin	brahmacārin	69	22	47	3.136	1.649
1200..1700	6 1700	preman	preman	77	15	62	5.133	2.360
1200..1700	6 1700	atiric	atiric	81	8	73	10.125	3.340
1200..1700	6 1700	luB	lubh	78	13	65	6.000	2.585
1200..1700	6 1700	niziD	niṣidh	73	11	62	6.636	2.730
1200..1700	6 1700	vismf	vismṛ	76	3	73	25.333	4.663
1200..1700	6 1700	sampUjay	sampūjay	81	10	71	8.100	3.018
1200..1700	6 1700	aNkura	aṅkura	75	18	57	4.167	2.059
1200..1700	6 1700	saKa	sakha	74	9	65	8.222	3.040
1200..1700	6 1700	apAna	apāna	76	27	49	2.815	1.493
1200..1700	6 1700	kIrti	kīrti	77	8	69	9.625	3.267
1200..1700	6 1700	amara	amara	71	43	28	1.651	0.723
1200..1700	6 1700	niDana	nidhana	81	3	78	27.000	4.755
1200..1700	6 1700	malina	malina	81	17	64	4.765	2.252
1200..1700	6 1700	Dfzwadyumna	dhṛṣṭadyumna	69	0	69	inf	inf
1200..1700	6 1700	BArgava	bhārgava	69	1	68	69.000	6.109
1200..1700	6 1700	Boktf	bhoktṛ	70	15	55	4.667	2.222
1200..1700	6 1700	cezwA	ceṣṭā	73	17	56	4.294	2.102
1200..1700	6 1700	unmeza	unmeṣa	71	7	64	10.143	3.342
1200..1700	6 1700	AvaraRa	āvaraṇa	80	4	76	20.000	4.322
1200..1700	6 1700	duHsaha	duḥsaha	72	8	64	9.000	3.170
1200..1700	6 1700	jAgara	jāgara	65	4	61	16.250	4.022
1200..1700	6 1700	pArada	pārada	73	408	-335	0.179	-2.483
1200..1700	6 1700	pAvaka	pāvaka	69	36	33	1.917	0.939
1200..1700	6 1700	snuhI	snuhī	72	69	3	1.043	0.061
1200..1700	6 1700	vyApti	vyāpti	78	9	69	8.667	3.115
1200..1700	6 1700	SAKA	śākhā	77	24	53	3.208	1.682
1200..1700	6 1700	SiKaRqin	śikhaṇḍin	68	4	64	17.000	4.087
1200..1700	6 1700	viSezaRa	viśeṣaṇa	70	16	54	4.375	2.129
1200..1700	6 1700	vfzRi	vṛṣṇi	77	2	75	38.500	5.267
1200..1700	6 1700	purohita	purohita	68	0	68	inf	inf
1200..1700	6 1700	DAv	dhāv	73	13	60	5.615	2.489
1200..1700	6 1700	ruh	ruh	72	3	69	24.000	4.585
1200..1700	6 1700	pAlay	pālay	74	6	68	12.333	3.624
1200..1700	6 1700	udAhf	udāhṛ	53	78	-25	0.679	-0.557
1200..1700	6 1700	vicAray	vicāray	62	5	57	12.400	3.632
1200..1700	6 1700	adButa	adbhuta	70	18	52	3.889	1.959
1200..1700	6 1700	aDama	adhama	68	31	37	2.194	1.133
1200..1700	6 1700	saMgrAma	saṁgrāma	74	4	70	18.500	4.209
1200..1700	6 1700	saMjYaka	saṁjñaka	71	98	-27	0.724	-0.465
1200..1700	6 1700	aBinna	abhinna	72	3	69	24.000	4.585
1200..1700	6 1700	kirIwin	kirīṭin	68	1	67	68.000	6.087
1200..1700	6 1700	BUyas	bhūyas	75	92	-17	0.815	-0.295
1200..1700	6 1700	Bfgu	bhṛgu	71	7	64	10.143	3.342
1200..1700	6 1700	araRya	araṇya	78	11	67	7.091	2.826
1200..1700	6 1700	nAsA	nāsā	73	37	36	1.973	0.980
1200..1700	6 1700	manoraTa	manoratha	60	2	58	30.000	4.907
1200..1700	6 1700	ozaDi	oṣadhi	75	44	31	1.705	0.769
1200..1700	6 1700	DUrta	dhūrta	76	36	40	2.111	1.078
1200..1700	6 1700	vicAra	vicāra	75	7	68	10.714	3.421
1200..1700	6 1700	avatAra	avatāra	74	1	73	74.000	6.209
1200..1700	6 1700	Aditya	āditya	75	17	58	4.412	2.141
1200..1700	6 1700	yukta	yukta	75	31	44	2.419	1.275
1200..1700	6 1700	yugma	yugma	74	80	-6	0.925	-0.112
1200..1700	6 1700	mAza	māṣa	72	132	-60	0.545	-0.874
1200..1700	6 1700	tAlaka	tālaka	72	168	-96	0.429	-1.222
1200..1700	6 1700	druma	druma	67	11	56	6.091	2.607
1200..1700	6 1700	stuti	stuti	71	9	62	7.889	2.980
1200..1700	6 1700	sarvajYa	sarvajña	71	6	65	11.833	3.565
1200..1700	6 1700	smita	smita	75	8	67	9.375	3.229
1200..1700	6 1700	Kala	khala	70	15	55	4.667	2.222
1200..1700	6 1700	mohay	mohay	64	8	56	8.000	3.000
1200..1700	6 1700	anviz	anviṣ	71	5	66	14.200	3.828
1200..1700	6 1700	vAYC	vāñch	75	18	57	4.167	2.059
1200..1700	6 1700	BAs	bhās	63	6	57	10.500	3.392
1200..1700	6 1700	upayuj	upayuj	70	20	50	3.500	1.807
1200..1700	6 1700	vyavasTA	vyavasthā	63	21	42	3.000	1.585
1200..1700	6 1700	samaBye	samabhye	77	0	77	inf	inf
1200..1700	6 1700	puw	puṭ	75	263	-188	0.285	-1.810
1200..1700	6 1700	AKya	ākhya	80	78	2	1.026	0.037
1200..1700	6 1700	aDikArin	adhikārin	67	5	62	13.400	3.744
1200..1700	6 1700	kalpanA	kalpanā	69	6	63	11.500	3.524
1200..1700	6 1700	paTa	patha	76	20	56	3.800	1.926
1200..1700	6 1700	pannaga	pannaga	68	8	60	8.500	3.087
1200..1700	6 1700	niyati	niyati	67	2	65	33.500	5.066
1200..1700	6 1700	madya	madya	69	47	22	1.468	0.554
1200..1700	6 1700	marut	marut	75	34	41	2.206	1.141
1200..1700	6 1700	ekAnta	ekānta	73	10	63	7.300	2.868
1200..1700	6 1700	zazwi	ṣaṣṭi	70	28	42	2.500	1.322
1200..1700	6 1700	BARqa	bhāṇḍa	78	198	-120	0.394	-1.344
1200..1700	6 1700	Cardi	chardi	77	69	8	1.116	0.158
1200..1700	6 1700	arGya	arghya	71	28	43	2.536	1.342
1200..1700	6 1700	utsuka	utsuka	70	4	66	17.500	4.129
1200..1700	6 1700	Ayurveda	āyurveda	67	1	66	67.000	6.066
1200..1700	6 1700	asta	asta	72	4	68	18.000	4.170
1200..1700	6 1700	asra	asra	77	214	-137	0.360	-1.475
1200..1700	6 1700	rAvaRa	rāvaṇa	69	5	64	13.800	3.787
1200..1700	6 1700	vAjin	vājin	69	32	37	2.156	1.109
1200..1700	6 1700	mahArasa	mahārasa	58	36	22	1.611	0.688
1200..1700	6 1700	roman	roman	72	26	46	2.769	1.469
1200..1700	6 1700	lalAwa	lalāṭa	73	11	62	6.636	2.730
1200..1700	6 1700	tfpti	tṛpti	74	9	65	8.222	3.040
1200..1700	6 1700	durjana	durjana	63	4	59	15.750	3.977
1200..1700	6 1700	pAtaka	pātaka	63	13	50	4.846	2.277
1200..1700	6 1700	jyezWa	jyeṣṭha	70	7	63	10.000	3.322
1200..1700	6 1700	tAla	tāla	72	182	-110	0.396	-1.338
1200..1700	6 1700	sOBAgya	saubhāgya	69	65	4	1.062	0.086
1200..1700	6 1700	Saktimat	śaktimat	66	6	60	11.000	3.459
1200..1700	6 1700	svarRa	svarṇa	74	310	-236	0.239	-2.067
1200..1700	6 1700	gfhiRI	gṛhiṇī	72	1	71	72.000	6.170
1200..1700	6 1700	Soza	śoṣa	77	89	-12	0.865	-0.209
1200..1700	6 1700	Sasya	śasya	71	9	62	7.889	2.980
1200..1700	6 1700	vetAla	vetāla	76	5	71	15.200	3.926
1200..1700	6 1700	prasara	prasara	75	11	64	6.818	2.769
1200..1700	6 1700	prAjYa	prājña	76	19	57	4.000	2.000
1200..1700	6 1700	saYj	sañj	75	4	71	18.750	4.229
1200..1700	6 1700	anuzWA	anuṣṭhā	72	5	67	14.400	3.848
1200..1700	6 1700	Iray	īray	55	73	-18	0.753	-0.408
1200..1700	6 1700	lag	lag	71	58	13	1.224	0.292
1200..1700	6 1700	niryA	niryā	73	7	66	10.429	3.382
1200..1700	6 1700	nivas	nivas	72	7	65	10.286	3.363
1200..1700	6 1700	niveSay	niveśay	67	63	4	1.063	0.089
1200..1700	6 1700	prasAday	prasāday	69	1	68	69.000	6.109
1200..1700	6 1700	vismi	vismi	73	4	69	18.250	4.190
1200..1700	6 1700	palAy	palāy	75	1	74	75.000	6.229
1200..1700	6 1700	vftta	vṛtta	75	59	16	1.271	0.346
1200..1700	6 1700	kadala	kadala	70	71	-1	0.986	-0.020
1200..1700	6 1700	acCa	accha	70	21	49	3.333	1.737
1200..1700	6 1700	atyanta	atyanta	66	29	37	2.276	1.186
1200..1700	6 1700	padArTa	padārtha	68	19	49	3.579	1.840
1200..1700	6 1700	parAyaRa	parāyaṇa	58	9	49	6.444	2.688
1200..1700	6 1700	saMtoza	saṁtoṣa	70	2	68	35.000	5.129
1200..1700	6 1700	apsaras	apsaras	66	1	65	66.000	6.044
1200..1700	6 1700	kuNkuma	kuṅkuma	72	54	18	1.333	0.415
1200..1700	6 1700	kumAra	kumāra	71	8	63	8.875	3.150
1200..1700	6 1700	madra	madra	71	0	71	inf	inf
1200..1700	6 1700	naya	naya	70	1	69	70.000	6.129
1200..1700	6 1700	cOra	caura	70	44	26	1.591	0.670
1200..1700	6 1700	Cidra	chidra	72	97	-25	0.742	-0.430
1200..1700	6 1700	udBava	udbhava	68	146	-78	0.466	-1.102
1200..1700	6 1700	Ayatana	āyatana	68	9	59	7.556	2.918
1200..1700	6 1700	ASin	āśin	67	17	50	3.941	1.979
1200..1700	6 1700	AScarya	āścarya	67	6	61	11.167	3.481
1200..1700	6 1700	vayas	vayas	73	44	29	1.659	0.730
1200..1700	6 1700	rOdra	raudra	70	15	55	4.667	2.222
1200..1700	6 1700	lola	lola	75	2	73	37.500	5.229
1200..1700	6 1700	vEdya	vaidya	70	79	-9	0.886	-0.174
1200..1700	6 1700	viqa	viḍa	66	166	-100	0.398	-1.331
1200..1700	6 1700	Sulba	śulba	70	128	-58	0.547	-0.871
1200..1700	6 1700	kratu	kratu	69	6	63	11.500	3.524
1200..1700	6 1700	pfTvI	pṛthvī	69	25	44	2.760	1.465
1200..1700	6 1700	kft	kṛt	67	361	-294	0.186	-2.430
1200..1700	6 1700	tAqay	tāḍay	60	8	52	7.500	2.907
1200..1700	6 1700	atikram	atikram	65	9	56	7.222	2.852
1200..1700	6 1700	puz	puṣ	71	16	55	4.438	2.150
1200..1700	6 1700	SAs	śās	71	10	61	7.100	2.828
1200..1700	6 1700	apekz	apekṣ	68	5	63	13.600	3.766
1200..1700	6 1700	aBinand	abhinand	63	0	63	inf	inf
1200..1700	6 1700	prArTay	prārthay	68	5	63	13.600	3.766
1200..1700	6 1700	vistf	vistṛ	66	50	16	1.320	0.401
1200..1700	6 1700	samutTA	samutthā	64	18	46	3.556	1.830
1200..1700	6 1700	kampa	kampa	73	23	50	3.174	1.666
1200..1700	6 1700	jAgrant	jāgrant	66	6	60	11.000	3.459
1200..1700	6 1700	kaRwaka	kaṇṭaka	64	12	52	5.333	2.415
1200..1700	6 1700	kfzi	kṛṣi	64	37	27	1.730	0.791
1200..1700	6 1700	saciva	saciva	72	5	67	14.400	3.848
1200..1700	6 1700	nEvedya	naivedya	71	16	55	4.438	2.150
1200..1700	6 1700	samarTa	samartha	71	21	50	3.381	1.757
1200..1700	6 1700	ambuDi	ambudhi	67	6	61	11.167	3.481
1200..1700	6 1700	ftu	ṛtu	61	36	25	1.694	0.761
1200..1700	6 1700	BIru	bhīru	69	13	56	5.308	2.408
1200..1700	6 1700	carman	carman	69	12	57	5.750	2.524
1200..1700	6 1700	avayava	avayava	70	22	48	3.182	1.670
1200..1700	6 1700	azwAdaSan	aṣṭādaśan	63	49	14	1.286	0.363
1200..1700	6 1700	ahorAtra	ahorātra	66	30	36	2.200	1.138
1200..1700	6 1700	AveSa	āveśa	70	10	60	7.000	2.807
1200..1700	6 1700	varuRa	varuṇa	64	17	47	3.765	1.913
1200..1700	6 1700	vAnara	vānara	67	3	64	22.333	4.481
1200..1700	6 1700	lakzmaRa	lakṣmaṇa	67	1	66	67.000	6.066
1200..1700	6 1700	palASa	palāśa	62	56	6	1.107	0.147
1200..1700	6 1700	pAtAla	pātāla	68	20	48	3.400	1.766
1200..1700	6 1700	dayA	dayā	69	5	64	13.800	3.787
1200..1700	6 1700	stotra	stotra	64	2	62	32.000	5.000
1200..1700	6 1700	sAmarTya	sāmarthya	70	5	65	14.000	3.807
1200..1700	6 1700	sPawika	sphaṭika	71	20	51	3.550	1.828
1200..1700	6 1700	vidyut	vidyut	71	13	58	5.462	2.449
1200..1700	6 1700	gAyatrI	gāyatrī	66	12	54	5.500	2.459
1200..1700	6 1700	gANgeya	gāṅgeya	72	6	66	12.000	3.585
1200..1700	6 1700	SiKin	śikhin	67	54	13	1.241	0.311
1200..1700	6 1700	viveka	viveka	69	7	62	9.857	3.301
1200..1700	6 1700	darSin	darśin	61	3	58	20.333	4.346
1200..1700	6 1700	prakarza	prakarṣa	71	7	64	10.143	3.342
1200..1700	6 1700	pratibimba	pratibimba	67	3	64	22.333	4.481
1200..1700	6 1700	praSna	praśna	67	5	62	13.400	3.744
1200..1700	6 1700	nft	nṛt	62	2	60	31.000	4.954
1200..1700	6 1700	rAj	rāj	61	7	54	8.714	3.123
1200..1700	6 1700	yoDay	yodhay	56	0	56	inf	inf
1200..1700	6 1700	sveday	sveday	67	147	-80	0.456	-1.134
1200..1700	6 1700	AKyA	ākhyā	68	261	-193	0.261	-1.940
1200..1700	6 1700	niras	niras	61	5	56	12.200	3.609
1200..1700	6 1700	prasf	prasṛ	66	16	50	4.125	2.044
1200..1700	6 1700	prahfz	prahṛṣ	69	0	69	inf	inf
1200..1700	6 1700	sUcay	sūcay	60	21	39	2.857	1.515
1200..1700	6 1700	aByas	abhyas	65	28	37	2.321	1.215
1200..1700	6 1700	akza	akṣa	74	61	13	1.213	0.279
1200..1700	6 1700	karuRA	karuṇā	66	15	51	4.400	2.138
1200..1700	6 1700	koRa	koṇa	68	39	29	1.744	0.802
1200..1700	6 1700	acyuta	acyuta	61	13	48	4.692	2.230
1200..1700	6 1700	adri	adri	72	25	47	2.880	1.526
1200..1700	6 1700	aDara	adhara	67	29	38	2.310	1.208
1200..1700	6 1700	saMsarga	saṁsarga	70	14	56	5.000	2.322
1200..1700	6 1700	saMGawwa	saṁghaṭṭa	66	4	62	16.500	4.044
1200..1700	6 1700	kArmuka	kārmuka	63	5	58	12.600	3.655
1200..1700	6 1700	parigraha	parigraha	54	3	51	18.000	4.170
1200..1700	6 1700	parivAra	parivāra	71	3	68	23.667	4.565
1200..1700	6 1700	aBimAna	abhimāna	67	4	63	16.750	4.066
1200..1700	6 1700	niyogin	niyogin	60	0	60	inf	inf
1200..1700	6 1700	DArA	dhārā	66	36	30	1.833	0.874
1200..1700	6 1700	nakula	nakula	66	2	64	33.000	5.044
1200..1700	6 1700	upacAra	upacāra	66	27	39	2.444	1.290
1200..1700	6 1700	vicakzaRa	vicakṣaṇa	57	37	20	1.541	0.623
1200..1700	6 1700	BadrA	bhadrā	68	20	48	3.400	1.766
1200..1700	6 1700	BaradvAja	bharadvāja	65	2	63	32.500	5.022
1200..1700	6 1700	Bitti	bhitti	69	11	58	6.273	2.649
1200..1700	6 1700	yAvat	yāvat	59	355	-296	0.166	-2.589
1200..1700	6 1700	yava	yava	66	67	-1	0.985	-0.022
1200..1700	6 1700	vasuDA	vasudhā	71	5	66	14.200	3.828
1200..1700	6 1700	mAnuza	mānuṣa	63	28	35	2.250	1.170
1200..1700	6 1700	janana	janana	68	49	19	1.388	0.473
1200..1700	6 1700	tarala	tarala	68	5	63	13.600	3.766
1200..1700	6 1700	hAsa	hāsa	69	6	63	11.500	3.524
1200..1700	6 1700	svasTa	svastha	64	30	34	2.133	1.093
1200..1700	6 1700	vEzRava	vaiṣṇava	65	6	59	10.833	3.437
1200..1700	6 1700	hantf	hantṛ	70	24	46	2.917	1.544
1200..1700	6 1700	vinASana	vināśana	49	139	-90	0.353	-1.504
1200..1700	6 1700	gIta	gīta	68	10	58	6.800	2.766
1200..1700	6 1700	kzatra	kṣatra	67	7	60	9.571	3.259
1200..1700	6 1700	pratijYA	pratijñā	69	6	63	11.500	3.524
1200..1700	6 1700	viz	viṣ	67	25	42	2.680	1.422
1200..1700	6 1700	dASa	dāśa	69	0	69	inf	inf
1200..1700	6 1700	bimba	bimba	64	25	39	2.560	1.356
1200..1700	6 1700	grAhaka	grāhaka	68	14	54	4.857	2.280
1200..1700	6 1700	aNkay	aṅkay	67	11	56	6.091	2.607
1200..1700	6 1700	SuB	śubh	60	5	55	12.000	3.585
1200..1700	6 1700	jIvay	jīvay	60	8	52	7.500	2.907
1200..1700	6 1700	niHSvas	niḥśvas	65	0	65	inf	inf
1200..1700	6 1700	niyuj	niyuj	66	23	43	2.870	1.521
1200..1700	6 1700	nirmA	nirmā	64	36	28	1.778	0.830
1200..1700	6 1700	pratizWA	pratiṣṭhā	60	17	43	3.529	1.819
1200..1700	6 1700	vitan	vitan	64	20	44	3.200	1.678
1200..1700	6 1700	capala	capala	68	48	20	1.417	0.503
1200..1700	6 1700	vyatiric	vyatiric	71	9	62	7.889	2.980
1200..1700	6 1700	saMcintay	saṁcintay	48	1	47	48.000	5.585
1200..1700	6 1700	arha	arha	71	11	60	6.455	2.690
1200..1700	6 1700	pradApay	pradāpay	56	39	17	1.436	0.522
1200..1700	6 1700	kavaca	kavaca	67	8	59	8.375	3.066
1200..1700	6 1700	magaDa	magadha	64	2	62	32.000	5.000
1200..1700	6 1700	ayuta	ayuta	67	35	32	1.914	0.937
1200..1700	6 1700	Srotra	śrotra	59	11	48	5.364	2.423
1200..1700	6 1700	saMvatsara	saṁvatsara	63	16	47	3.938	1.977
1200..1700	6 1700	nakzatra	nakṣatra	61	23	38	2.652	1.407
1200..1700	6 1700	Bawa	bhaṭa	63	3	60	21.000	4.392
1200..1700	6 1700	Bara	bhara	67	21	46	3.190	1.674
1200..1700	6 1700	arSas	arśas	67	171	-104	0.392	-1.352
1200..1700	6 1700	avaDi	avadhi	59	65	-6	0.908	-0.140
1200..1700	6 1700	Amaya	āmaya	65	273	-208	0.238	-2.070
1200..1700	6 1700	Akara	ākara	59	22	37	2.682	1.423
1200..1700	6 1700	varAha	varāha	64	19	45	3.368	1.752
1200..1700	6 1700	rUpatA	rūpatā	68	1	67	68.000	6.087
1200..1700	6 1700	lakzya	lakṣya	69	23	46	3.000	1.585
1200..1700	6 1700	tridaSa	tridaśa	66	11	55	6.000	2.585
1200..1700	6 1700	jaNGA	jaṅghā	70	6	64	11.667	3.544
1200..1700	6 1700	dyuti	dyuti	61	23	38	2.652	1.407
1200..1700	6 1700	Danvin	dhanvin	58	8	50	7.250	2.858
1200..1700	6 1700	pAWa	pāṭha	64	12	52	5.333	2.415
1200..1700	6 1700	sirA	sirā	66	8	58	8.250	3.044
1200..1700	6 1700	haraRa	haraṇa	63	27	36	2.333	1.222
1200..1700	6 1700	vyavahAra	vyavahāra	68	24	44	2.833	1.503
1200..1700	6 1700	vyAja	vyāja	68	6	62	11.333	3.503
1200..1700	6 1700	vipad	vipad	60	7	53	8.571	3.100
1200..1700	6 1700	vimAna	vimāna	63	6	57	10.500	3.392
1200..1700	6 1700	gocara	gocara	58	12	46	4.833	2.273
1200..1700	6 1700	gopAlaka	gopālaka	56	0	56	inf	inf
1200..1700	6 1700	Sukla	śukla	64	53	11	1.208	0.272
1200..1700	6 1700	gada	gada	62	162	-100	0.383	-1.386
1200..1700	6 1700	kruD	krudh	58	6	52	9.667	3.273
1200..1700	6 1700	praBava	prabhava	62	21	41	2.952	1.562
1200..1700	6 1700	vfzaDvaja	vṛṣadhvaja	57	2	55	28.500	4.833
1200..1700	6 1700	purIza	purīṣa	69	15	54	4.600	2.202
1200..1700	6 1700	prADAnya	prādhānya	69	14	55	4.929	2.301
1200..1700	6 1700	piz	piṣ	66	300	-234	0.220	-2.184
1200..1700	6 1700	majj	majj	61	21	40	2.905	1.538
1200..1700	6 1700	parivarjay	parivarjay	53	11	42	4.818	2.268
1200..1700	6 1700	praBU	prabhū	58	13	45	4.462	2.158
1200..1700	6 1700	vidAray	vidāray	57	3	54	19.000	4.248
1200..1700	6 1700	samAcar	samācar	52	32	20	1.625	0.700
1200..1700	6 1700	samAdA	samādā	67	35	32	1.914	0.937
1200..1700	6 1700	kzapay	kṣapay	63	7	56	9.000	3.170
1200..1700	6 1700	kUpa	kūpa	63	29	34	2.172	1.119
1200..1700	6 1700	aDizWAna	adhiṣṭhāna	63	3	60	21.000	4.392
1200..1700	6 1700	aBaya	abhaya	64	6	58	10.667	3.415
1200..1700	6 1700	BraMSa	bhraṁśa	67	7	60	9.571	3.259
1200..1700	6 1700	nUpura	nūpura	63	2	61	31.500	4.977
1200..1700	6 1700	amala	amala	63	39	24	1.615	0.692
1200..1700	6 1700	SravaRa	śravaṇa	60	27	33	2.222	1.152
1200..1700	6 1700	upaBoga	upabhoga	63	1	62	63.000	5.977
1200..1700	6 1700	viSiKa	viśikha	66	3	63	22.000	4.459
1200..1700	6 1700	Baga	bhaga	60	19	41	3.158	1.659
1200..1700	6 1700	avasara	avasara	55	6	49	9.167	3.196
1200..1700	6 1700	aSokadatta	aśokadatta	62	0	62	inf	inf
1200..1700	6 1700	ahita	ahita	58	7	51	8.286	3.051
1200..1700	6 1700	Alaya	ālaya	55	8	47	6.875	2.781
1200..1700	6 1700	Aspada	āspada	57	5	52	11.400	3.511
1200..1700	6 1700	triPalA	triphalā	63	234	-171	0.269	-1.893
1200..1700	6 1700	Danvantari	dhanvantari	41	8	33	5.125	2.358
1200..1700	6 1700	tatpara	tatpara	51	12	39	4.250	2.087
1200..1700	6 1700	tadIya	tadīya	62	5	57	12.400	3.632
1200..1700	6 1700	tarpaRa	tarpaṇa	60	27	33	2.222	1.152
1200..1700	6 1700	stanya	stanya	67	34	33	1.971	0.979
1200..1700	6 1700	sambanDin	sambandhin	67	19	48	3.526	1.818
1200..1700	6 1700	samBrama	sambhrama	61	1	60	61.000	5.931
1200..1700	6 1700	sahAya	sahāya	66	13	53	5.077	2.344
1200..1700	6 1700	sAkzin	sākṣin	60	3	57	20.000	4.322
1200..1700	6 1700	veza	veṣa	66	7	59	9.429	3.237
1200..1700	6 1700	vimuKa	vimukha	65	1	64	65.000	6.022
1200..1700	6 1700	gocara	gocara	58	12	46	4.833	2.273
1200..1700	6 1700	govinda	govinda	63	24	39	2.625	1.392
1200..1700	6 1700	SAka	śāka	65	53	12	1.226	0.294
1200..1700	6 1700	SivA	śivā	57	30	27	1.900	0.926
1200..1700	6 1700	kzuD	kṣudh	60	37	23	1.622	0.697
1200..1700	6 1700	pizwikA	piṣṭikā	60	40	20	1.500	0.585
1200..1700	6 1700	budDimat	buddhimat	63	15	48	4.200	2.070
1200..1700	6 1700	brAhmaRI	brāhmaṇī	63	6	57	10.500	3.392
1200..1700	6 1700	pratApa	pratāpa	66	10	56	6.600	2.722
1200..1700	6 1700	praRava	praṇava	57	12	45	4.750	2.248
1200..1700	6 1700	anuBU	anubhū	64	21	43	3.048	1.608
1200..1700	6 1700	Sikzay	śikṣay	53	10	43	5.300	2.406
1200..1700	6 1700	mUrCay	mūrchay	60	68	-8	0.882	-0.181
1200..1700	6 1700	Ahf	āhṛ	56	54	2	1.037	0.052
1200..1700	6 1700	uttf	uttṛ	59	22	37	2.682	1.423
1200..1700	6 1700	viraYj	virañj	61	4	57	15.250	3.931
1200..1700	6 1700	caturviDa	caturvidha	58	76	-18	0.763	-0.390
1200..1700	6 1700	caryA	caryā	64	12	52	5.333	2.415
1200..1700	6 1700	vihas	vihas	59	0	59	inf	inf
1200..1700	6 1700	saMhf	saṁhṛ	57	6	51	9.500	3.248
1200..1700	6 1700	saMDA	saṁdhā	59	6	53	9.833	3.298
1200..1700	6 1700	svIkf	svīkṛ	60	8	52	7.500	2.907
1200..1700	6 1700	vaYcay	vañcay	60	0	60	inf	inf
1200..1700	6 1700	Seza	śeṣa	62	230	-168	0.270	-1.891
1200..1700	6 1700	aMSuka	aṁśuka	57	5	52	11.400	3.511
1200..1700	6 1700	kozWa	koṣṭha	64	29	35	2.207	1.142
1200..1700	6 1700	akAla	akāla	59	6	53	9.833	3.298
1200..1700	6 1700	nikawa	nikaṭa	62	0	62	inf	inf
1200..1700	6 1700	Uzman	ūṣman	62	12	50	5.167	2.369
1200..1700	6 1700	upadrava	upadrava	53	8	45	6.625	2.728
1200..1700	6 1700	BAgin	bhāgin	52	3	49	17.333	4.115
1200..1700	6 1700	AyAsa	āyāsa	63	9	54	7.000	2.807
1200..1700	6 1700	yojana	yojana	49	16	33	3.062	1.615
1200..1700	6 1700	rahasya	rahasya	58	12	46	4.833	2.273
1200..1700	6 1700	rADeya	rādheya	63	0	63	inf	inf
1200..1700	6 1700	mOli	mauli	62	12	50	5.167	2.369
1200..1700	6 1700	mAtf	mātṛ	60	68	-8	0.882	-0.181
1200..1700	6 1700	mArjAra	mārjāra	62	9	53	6.889	2.784
1200..1700	6 1700	devadatta	devadatta	59	6	53	9.833	3.298
1200..1700	6 1700	pavitra	pavitra	64	19	45	3.368	1.752
1200..1700	6 1700	pArvatI	pārvatī	52	25	27	2.080	1.057
1200..1700	6 1700	sureSvarI	sureśvarī	46	21	25	2.190	1.131
1200..1700	6 1700	tvarA	tvarā	64	8	56	8.000	3.000
1200..1700	6 1700	mAhAtmya	māhātmya	62	15	47	4.133	2.047
1200..1700	6 1700	miSra	miśra	57	67	-10	0.851	-0.233
1200..1700	6 1700	pratipad	pratipad	63	17	46	3.706	1.890
1200..1700	6 1700	pratizWA	pratiṣṭhā	60	17	43	3.529	1.819
1200..1700	6 1700	pratyakza	pratyakṣa	59	27	32	2.185	1.128
1200..1700	6 1700	prapaYca	prapañca	62	11	51	5.636	2.495
1200..1700	6 1700	vfza	vṛṣa	59	18	41	3.278	1.713
1200..1700	6 1700	piSAca	piśāca	62	7	55	8.857	3.147
1200..1700	6 1700	prAsAda	prāsāda	60	9	51	6.667	2.737
1200..1700	6 1700	prAyaScitta	prāyaścitta	58	1	57	58.000	5.858
1200..1700	6 1700	kram	kram	59	25	34	2.360	1.239
1200..1700	6 1700	gaRay	gaṇay	55	10	45	5.500	2.459
1200..1700	6 1700	upAdA	upādā	64	9	55	7.111	2.830
1200..1700	6 1700	parIkz	parīkṣ	54	9	45	6.000	2.585
1200..1700	6 1700	praSam	praśam	60	4	56	15.000	3.907
1200..1700	6 1700	viBaj	vibhaj	56	9	47	6.222	2.637
1200..1700	6 1700	caturdaSan	caturdaśan	56	53	3	1.057	0.079
1200..1700	6 1700	SudDavidyA	śuddhavidyā	55	0	55	inf	inf
1200..1700	6 1700	saMtap	saṁtap	63	30	33	2.100	1.070
1200..1700	6 1700	samAp	samāp	56	7	49	8.000	3.000
1200..1700	6 1700	rAhu	rāhu	59	2	57	29.500	4.883
1200..1700	6 1700	AnAyay	ānāyay	58	0	58	inf	inf
1200..1700	6 1700	kapi	kapi	58	14	44	4.143	2.051
1200..1700	6 1700	adfzwa	adṛṣṭa	58	7	51	8.286	3.051
1200..1700	6 1700	saMGAta	saṁghāta	61	17	44	3.588	1.843
1200..1700	6 1700	saMcaya	saṁcaya	56	10	46	5.600	2.485
1200..1700	6 1700	anAdi	anādi	55	3	52	18.333	4.196
1200..1700	6 1700	kazwa	kaṣṭa	55	11	44	5.000	2.322
1200..1700	6 1700	paramArTa	paramārtha	56	1	55	56.000	5.807
1200..1700	6 1700	saMtati	saṁtati	56	6	50	9.333	3.222
1200..1700	6 1700	kAlarAtri	kālarātri	61	0	61	inf	inf
1200..1700	6 1700	kIwa	kīṭa	62	16	46	3.875	1.954
1200..1700	6 1700	aByupagama	abhyupagama	60	0	60	inf	inf
1200..1700	6 1700	Sloka	śloka	55	30	25	1.833	0.874
1200..1700	6 1700	SvaSura	śvaśura	56	0	56	inf	inf
1200..1700	6 1700	vijana	vijana	63	2	61	31.500	4.977
1200..1700	6 1700	jaGana	jaghana	62	6	56	10.333	3.369
1200..1700	6 1700	utpala	utpala	58	38	20	1.526	0.610
1200..1700	6 1700	uddeSa	uddeśa	59	9	50	6.556	2.713
1200..1700	6 1700	udyoga	udyoga	60	4	56	15.000	3.907
1200..1700	6 1700	Arti	ārti	63	172	-109	0.366	-1.449
1200..1700	6 1700	azwamI	aṣṭamī	54	13	41	4.154	2.054
1200..1700	6 1700	Agamana	āgamana	60	6	54	10.000	3.322
1200..1700	6 1700	yuD	yudh	59	3	56	19.667	4.298
1200..1700	6 1700	ruci	ruci	59	137	-78	0.431	-1.215
1200..1700	6 1700	mOna	mauna	57	5	52	11.400	3.511
1200..1700	6 1700	mahizI	mahiṣī	61	60	1	1.017	0.024
1200..1700	6 1700	mAnuza	mānuṣa	56	28	28	2.000	1.000
1200..1700	6 1700	tulA	tulā	59	19	40	3.105	1.635
1200..1700	6 1700	devadeva	devadeva	60	5	55	12.000	3.585
1200..1700	6 1700	jAyA	jāyā	60	3	57	20.000	4.322
1200..1700	6 1700	dos	dos	64	9	55	7.111	2.830
1200..1700	6 1700	DarmarAja	dharmarāja	62	0	62	inf	inf
1200..1700	6 1700	pAzARa	pāṣāṇa	62	69	-7	0.899	-0.154
1200..1700	6 1700	tatrasTa	tatrastha	54	3	51	18.000	4.170
1200..1700	6 1700	sahaja	sahaja	62	29	33	2.138	1.096
1200..1700	6 1700	himavant	himavant	62	6	56	10.333	3.369
1200..1700	6 1700	svasf	svasṛ	58	3	55	19.333	4.273
1200..1700	6 1700	haWa	haṭha	58	70	-12	0.829	-0.271
1200..1700	6 1700	viBeda	vibheda	59	2	57	29.500	4.883
1200..1700	6 1700	SIta	śīta	60	396	-336	0.152	-2.722
1200..1700	6 1700	SradDA	śraddhā	58	2	56	29.000	4.858
1200..1700	6 1700	praTA	prathā	58	13	45	4.462	2.158
1200..1700	6 1700	bilva	bilva	58	52	6	1.115	0.158
1200..1700	6 1700	krIq	krīḍ	60	10	50	6.000	2.585
1200..1700	6 1700	Kid	khid	60	6	54	10.000	3.322
1200..1700	6 1700	praT	prath	61	20	41	3.050	1.609
1200..1700	6 1700	SlAG	ślāgh	60	7	53	8.571	3.100
1200..1700	6 1700	aBizic	abhiṣic	51	3	48	17.000	4.087
1200..1700	6 1700	lajj	lajj	51	3	48	17.000	4.087
1200..1700	6 1700	ASaNk	āśaṅk	57	6	51	9.500	3.248
1200..1700	6 1700	caRqikA	caṇḍikā	57	1	56	57.000	5.833
1200..1700	6 1700	prapad	prapad	55	2	53	27.500	4.781
1200..1700	6 1700	caturdaSI	caturdaśī	56	5	51	11.200	3.485
1200..1700	6 1700	saMhan	saṁhan	54	0	54	inf	inf
1200..1700	6 1700	mUlamantra	mūlamantra	54	10	44	5.400	2.433
1200..1700	6 1700	pezay	peṣay	50	55	-5	0.909	-0.138
1200..1700	6 1700	muKa	mukha	62	440	-378	0.141	-2.827
1200..1700	6 1700	kapAla	kapāla	57	24	33	2.375	1.248
1200..1700	6 1700	aDIna	adhīna	59	3	56	19.667	4.298
1200..1700	6 1700	paramAtman	paramātman	56	13	43	4.308	2.107
1200..1700	6 1700	sadana	sadana	60	13	47	4.615	2.206
1200..1700	6 1700	saMDAna	saṁdhāna	55	46	9	1.196	0.258
1200..1700	6 1700	parIkzA	parīkṣā	57	11	46	5.182	2.373
1200..1700	6 1700	apatya	apatya	58	7	51	8.286	3.051
1200..1700	6 1700	aparADa	aparādha	59	0	59	inf	inf
1200..1700	6 1700	aBiprAya	abhiprāya	59	73	-14	0.808	-0.307
1200..1700	6 1700	kiraRa	kiraṇa	60	15	45	4.000	2.000
1200..1700	6 1700	kumArI	kumārī	54	86	-32	0.628	-0.671
1200..1700	6 1700	BUBft	bhūbhṛt	53	2	51	26.500	4.728
1200..1700	6 1700	nimna	nimna	55	37	18	1.486	0.572
1200..1700	6 1700	nud	nud	53	357	-304	0.148	-2.752
1200..1700	6 1700	mahant	mahant	57	5	52	11.400	3.511
1200..1700	6 1700	Denu	dhenu	56	16	40	3.500	1.807
1200..1700	6 1700	upakAra	upakāra	55	4	51	13.750	3.781
1200..1700	6 1700	BikzA	bhikṣā	55	6	49	9.167	3.196
1200..1700	6 1700	Bujaga	bhujaga	61	15	46	4.067	2.024
1200..1700	6 1700	udyama	udyama	48	6	42	8.000	3.000
1200..1700	6 1700	ahaMtA	ahaṁtā	58	2	56	29.000	4.858
1200..1700	6 1700	ranDra	randhra	61	36	25	1.694	0.761
1200..1700	6 1700	raSmi	raśmi	61	20	41	3.050	1.609
1200..1700	6 1700	roDa	rodha	59	26	33	2.269	1.182
1200..1700	6 1700	melaka	melaka	55	3	52	18.333	4.196
1200..1700	6 1700	vAyasa	vāyasa	52	4	48	13.000	3.700
1200..1700	6 1700	lAkzA	lākṣā	57	52	5	1.096	0.132
1200..1700	6 1700	lAGava	lāghava	56	17	39	3.294	1.720
1200..1700	6 1700	lubDaka	lubdhaka	57	0	57	inf	inf
1200..1700	6 1700	tuza	tuṣa	53	99	-46	0.535	-0.901
1200..1700	6 1700	tfz	tṛṣ	61	27	34	2.259	1.176
1200..1700	6 1700	duhitf	duhitṛ	56	12	44	4.667	2.222
1200..1700	6 1700	dyUta	dyūta	57	1	56	57.000	5.833
1200..1700	6 1700	druti	druti	54	134	-80	0.403	-1.311
1200..1700	6 1700	Davala	dhavala	58	24	34	2.417	1.273
1200..1700	6 1700	tAmra	tāmra	61	611	-550	0.100	-3.324
1200..1700	6 1700	sOBadra	saubhadra	58	0	58	inf	inf
1200..1700	6 1700	sTala	sthala	54	16	38	3.375	1.755
1200..1700	6 1700	suKa	sukha	54	143	-89	0.378	-1.405
1200..1700	6 1700	Sarad	śarad	59	27	32	2.185	1.128
1200..1700	6 1700	muzwi	muṣṭi	53	12	41	4.417	2.143
1200..1700	6 1700	pradakziRa	pradakṣiṇa	52	3	49	17.333	4.115
1200..1700	6 1700	vihvala	vihvala	54	1	53	54.000	5.755
1200..1700	6 1700	purARa	purāṇa	58	21	37	2.762	1.466
1200..1700	6 1700	darpaRa	darpaṇa	56	5	51	11.200	3.485
1200..1700	6 1700	dAsa	dāsa	58	8	50	7.250	2.858
1200..1700	6 1700	prajYA	prajñā	60	28	32	2.143	1.100
1200..1700	6 1700	pravara	pravara	56	23	33	2.435	1.284
1200..1700	6 1700	prahAra	prahāra	58	9	49	6.444	2.688
1200..1700	6 1700	kfz	kṛṣ	55	17	38	3.235	1.694
1200..1700	6 1700	Cad	chad	57	6	51	9.500	3.248
1200..1700	6 1700	aDikf	adhikṛ	58	5	53	11.600	3.536
1200..1700	6 1700	pAcay	pācay	54	112	-58	0.482	-1.052
1200..1700	6 1700	boDay	bodhay	54	6	48	9.000	3.170
1200..1700	6 1700	mantray	mantray	55	27	28	2.037	1.026
1200..1700	6 1700	GAtay	ghātay	53	3	50	17.667	4.143
1200..1700	6 1700	Akzip	ākṣip	58	5	53	11.600	3.536
1200..1700	6 1700	Avartay	āvartay	56	43	13	1.302	0.381
1200..1700	6 1700	AsaYj	āsañj	61	4	57	15.250	3.931
1200..1700	6 1700	ekIkf	ekīkṛ	58	34	24	1.706	0.771
1200..1700	6 1700	niHsf	niḥsṛ	58	17	41	3.412	1.771
1200..1700	6 1700	nirji	nirji	58	3	55	19.333	4.273
1200..1700	6 1700	prapUjay	prapūjay	48	24	24	2.000	1.000
1200..1700	6 1700	praveSay	praveśay	56	11	45	5.091	2.348
1200..1700	6 1700	prasaYj	prasañj	51	5	46	10.200	3.350
1200..1700	6 1700	viram	viram	58	6	52	9.667	3.273
1200..1700	6 1700	camU	camū	61	1	60	61.000	5.931
1200..1700	6 1700	samAdis	samādis	50	3	47	16.667	4.059
1200..1700	6 1700	same	same	52	16	36	3.250	1.700
1200..1700	6 1700	muktA	muktā	61	44	17	1.386	0.471
1200..1700	6 1700	piDA	pidhā	60	24	36	2.500	1.322
1200..1700	6 1700	kaWina	kaṭhina	58	45	13	1.289	0.366
1200..1700	6 1700	karin	karin	57	17	40	3.353	1.745
1200..1700	6 1700	kUwa	kūṭa	60	11	49	5.455	2.447
1200..1700	6 1700	aNga	aṅga	60	239	-179	0.251	-1.994
1200..1700	6 1700	atiSaya	atiśaya	56	17	39	3.294	1.720
1200..1700	6 1700	anuzWAna	anuṣṭhāna	57	2	55	28.500	4.833
1200..1700	6 1700	antya	antya	58	8	50	7.250	2.858
1200..1700	6 1700	kavaca	kavaca	55	8	47	6.875	2.781
1200..1700	6 1700	saMnipAta	saṁnipāta	55	84	-29	0.655	-0.611
1200..1700	6 1700	aBimuKa	abhimukha	60	6	54	10.000	3.322
1200..1700	6 1700	BUpa	bhūpa	58	7	51	8.286	3.051
1200..1700	6 1700	maRqapa	maṇḍapa	53	8	45	6.625	2.728
1200..1700	6 1700	niroDa	nirodha	58	16	42	3.625	1.858
1200..1700	6 1700	ambikA	ambikā	57	6	51	9.500	3.248
1200..1700	6 1700	maryAdA	maryādā	57	2	55	28.500	4.833
1200..1700	6 1700	ekAdaSI	ekādaśī	51	28	23	1.821	0.865
1200..1700	6 1700	ekAdaSan	ekādaśan	55	15	40	3.667	1.874
1200..1700	6 1700	narapati	narapati	58	2	56	29.000	4.858
1200..1700	6 1700	upahAra	upahāra	57	2	55	28.500	4.833
1200..1700	6 1700	upADyAya	upādhyāya	51	1	50	51.000	5.672
1200..1700	6 1700	BIma	bhīma	56	11	45	5.091	2.348
1200..1700	6 1700	BujaMga	bhujaṁga	60	15	45	4.000	2.000
1200..1700	6 1700	ujJita	ujjhita	51	21	30	2.429	1.280
1200..1700	6 1700	AdAna	ādāna	55	6	49	9.167	3.196
1200..1700	6 1700	aSudDa	aśuddha	56	59	-3	0.949	-0.075
1200..1700	6 1700	IdfS	īdṛś	46	4	42	11.500	3.524
1200..1700	6 1700	vakra	vakra	56	25	31	2.240	1.163
1200..1700	6 1700	rAzwra	rāṣṭra	59	0	59	inf	inf
1200..1700	6 1700	rucira	rucira	57	26	31	2.192	1.132
1200..1700	6 1700	rumaRvant	rumaṇvant	55	0	55	inf	inf
1200..1700	6 1700	meha	meha	59	176	-117	0.335	-1.577
1200..1700	6 1700	vasA	vasā	56	48	8	1.167	0.222
1200..1700	6 1700	rohiRI	rohiṇī	58	28	30	2.071	1.051
1200..1700	6 1700	turya	turya	49	30	19	1.633	0.708
1200..1700	6 1700	durbala	durbala	55	8	47	6.875	2.781
1200..1700	6 1700	dEvata	daivata	49	1	48	49.000	5.615
1200..1700	6 1700	palita	palita	59	67	-8	0.881	-0.183
1200..1700	6 1700	takzaka	takṣaka	53	3	50	17.667	4.143
1200..1700	6 1700	surA	surā	59	13	46	4.538	2.182
1200..1700	6 1700	sparSana	sparśana	52	12	40	4.333	2.115
1200..1700	6 1700	sarit	sarit	54	14	40	3.857	1.948
1200..1700	6 1700	hfdya	hṛdya	59	87	-28	0.678	-0.560
1200..1700	6 1700	sADAraRa	sādhāraṇa	47	31	16	1.516	0.600
1200..1700	6 1700	guRavat	guṇavat	54	15	39	3.600	1.848
1200..1700	6 1700	guRAQya	guṇāḍhya	54	1	53	54.000	5.755
1200..1700	6 1700	gomaya	gomaya	53	71	-18	0.746	-0.422
1200..1700	6 1700	gOtama	gautama	48	10	38	4.800	2.263
1200..1700	6 1700	SoDana	śodhana	51	202	-151	0.252	-1.986
1200..1700	6 1700	kOstuBa	kaustubha	55	3	52	18.333	4.196
1200..1700	6 1700	vilAsa	vilāsa	59	15	44	3.933	1.976
1200..1700	6 1700	vfkodara	vṛkodara	53	0	53	inf	inf
1200..1700	6 1700	veSyA	veśyā	59	5	54	11.800	3.561
1200..1700	6 1700	bila	bila	58	6	52	9.667	3.273
1200..1700	6 1700	prARAyAma	prāṇāyāma	48	25	23	1.920	0.941
1200..1700	6 1700	pramuKa	pramukha	59	5	54	11.800	3.561
1200..1700	6 1700	KAd	khād	60	44	16	1.364	0.447
1200..1700	6 1700	tf	tṛ	56	18	38	3.111	1.637
1200..1700	6 1700	bAD	bādh	52	12	40	4.333	2.115
1200..1700	6 1700	antarDA	antardhā	55	0	55	inf	inf
1200..1700	6 1700	Sram	śram	56	10	46	5.600	2.485
1200..1700	6 1700	aBIz	abhīṣ	53	5	48	10.600	3.406
1200..1700	6 1700	cUrRay	cūrṇay	50	129	-79	0.388	-1.367
1200..1700	6 1700	AvAhay	āvāhay	52	3	49	17.333	4.115
1200..1700	6 1700	niruD	nirudh	54	87	-33	0.621	-0.688
1200..1700	6 1700	caRqa	caṇḍa	54	11	43	4.909	2.295
1200..1700	6 1700	vikf	vikṛ	58	15	43	3.867	1.951
1200..1700	6 1700	vidru	vidru	49	21	28	2.333	1.222
1200..1700	6 1700	cara	cara	54	15	39	3.600	1.848
1200..1700	6 1700	samBAvay	sambhāvay	58	10	48	5.800	2.536
1200..1700	6 1700	citraka	citraka	53	121	-68	0.438	-1.191
1200..1700	6 1700	Sama	śama	56	16	40	3.500	1.807
1200..1700	6 1700	visarjay	visarjay	42	8	34	5.250	2.392
1200..1700	6 1700	kaNkaRa	kaṅkaṇa	50	2	48	25.000	4.644
1200..1700	6 1700	kanakapurI	kanakapurī	52	0	52	inf	inf
1200..1700	6 1700	gAQa	gāḍha	53	15	38	3.533	1.821
1200..1700	6 1700	saMkrAnti	saṁkrānti	49	2	47	24.500	4.615
1200..1700	6 1700	saMkzaya	saṁkṣaya	40	5	35	8.000	3.000
1200..1700	6 1700	anukta	anukta	52	20	32	2.600	1.379
1200..1700	6 1700	anurAga	anurāga	54	3	51	18.000	4.170
1200..1700	6 1700	anurUpa	anurūpa	55	14	41	3.929	1.974
1200..1700	6 1700	antaka	antaka	46	11	35	4.182	2.064
1200..1700	6 1700	karRikA	karṇikā	45	17	28	2.647	1.404
1200..1700	6 1700	kARaBUti	kāṇabhūti	52	0	52	inf	inf
1200..1700	6 1700	paryaNka	paryaṅka	58	1	57	58.000	5.858
1200..1700	6 1700	apUrva	apūrva	52	4	48	13.000	3.700
1200..1700	6 1700	Bft	bhṛt	51	3	48	17.000	4.087
1200..1700	6 1700	nirvfti	nirvṛti	47	1	46	47.000	5.555
1200..1700	6 1700	nIca	nīca	57	15	42	3.800	1.926
1200..1700	6 1700	samAgama	samāgama	48	7	41	6.857	2.778
1200..1700	6 1700	samAhita	samāhita	46	11	35	4.182	2.064
1200..1700	6 1700	aBizeka	abhiṣeka	53	7	46	7.571	2.921
1200..1700	6 1700	mahas	mahas	54	4	50	13.500	3.755
1200..1700	6 1700	upavAsa	upavāsa	55	6	49	9.167	3.196
1200..1700	6 1700	vArARasI	vārāṇasī	47	1	46	47.000	5.555
1200..1700	6 1700	cAmara	cāmara	54	3	51	18.000	4.170
1200..1700	6 1700	Arya	ārya	49	5	44	9.800	3.293
1200..1700	6 1700	avyaya	avyaya	49	13	36	3.769	1.914
1200..1700	6 1700	vakzas	vakṣas	51	10	41	5.100	2.350
1200..1700	6 1700	vatsara	vatsara	46	22	24	2.091	1.064
1200..1700	6 1700	rujA	rujā	57	66	-9	0.864	-0.212
1200..1700	6 1700	mOktika	mauktika	53	70	-17	0.757	-0.401
1200..1700	6 1700	yAma	yāma	49	352	-303	0.139	-2.845
1200..1700	6 1700	vAda	vāda	57	22	35	2.591	1.373
1200..1700	6 1700	mahiman	mahiman	57	9	48	6.333	2.663
1200..1700	6 1700	durjaya	durjaya	45	8	37	5.625	2.492
1200..1700	6 1700	java	java	49	14	35	3.500	1.807
1200..1700	6 1700	jImUtavAhana	jīmūtavāhana	51	0	51	inf	inf
1200..1700	6 1700	jYAnin	jñānin	57	6	51	9.500	3.248
1200..1700	6 1700	dESika	daiśika	48	1	47	48.000	5.585
1200..1700	6 1700	dvAdaSI	dvādaśī	49	26	23	1.885	0.914
1200..1700	6 1700	dvEta	dvaita	49	1	48	49.000	5.615
1200..1700	6 1700	surata	surata	53	11	42	4.818	2.268
1200..1700	6 1700	sTaRqila	sthaṇḍila	54	1	53	54.000	5.755
1200..1700	6 1700	hima	hima	51	170	-119	0.300	-1.737
1200..1700	6 1700	svacCanda	svacchanda	52	1	51	52.000	5.700
1200..1700	6 1700	SIGra	śīghra	49	20	29	2.450	1.293
1200..1700	6 1700	Suc	śuc	51	6	45	8.500	3.087
1200..1700	6 1700	SoTa	śotha	53	48	5	1.104	0.143
1200..1700	6 1700	SOrya	śaurya	56	3	53	18.667	4.222
1200..1700	6 1700	KecarI	khecarī	55	32	23	1.719	0.781
1200..1700	6 1700	pradeSa	pradeśa	56	14	42	4.000	2.000
1200..1700	6 1700	bAlaka	bālaka	54	27	27	2.000	1.000
1200..1700	6 1700	preta	preta	53	6	47	8.833	3.143
1200..1700	6 1700	kzam	kṣam	51	7	44	7.286	2.865
1200..1700	6 1700	SI	śī	52	9	43	5.778	2.531
1200..1700	6 1700	vfz	vṛṣ	55	6	49	9.167	3.196
1200..1700	6 1700	sru	sru	51	20	31	2.550	1.350
1200..1700	6 1700	aDI	adhī	47	9	38	5.222	2.385
1200..1700	6 1700	sic	sic	54	41	13	1.317	0.397
1200..1700	6 1700	Acakz	ācakṣ	49	3	46	16.333	4.030
1200..1700	6 1700	mocay	mocay	49	3	46	16.333	4.030
1200..1700	6 1700	Bojay	bhojay	49	11	38	4.455	2.155
1200..1700	6 1700	upekz	upekṣ	48	2	46	24.000	4.585
1200..1700	6 1700	pariRI	pariṇī	51	4	47	12.750	3.672
1200..1700	6 1700	cakravartin	cakravartin	52	1	51	52.000	5.700
1200..1700	6 1700	pIyUza	pīyūṣa	56	10	46	5.600	2.485
1200..1700	6 1700	paYcASat	pañcāśat	53	18	35	2.944	1.558
1200..1700	6 1700	ozaDI	oṣadhī	55	16	39	3.438	1.781
1200..1700	6 1700	vimala	vimala	54	86	-32	0.628	-0.671
1200..1700	6 1700	kawaka	kaṭaka	52	4	48	13.000	3.700
1200..1700	6 1700	saMvedana	saṁvedana	51	3	48	17.000	4.087
1200..1700	6 1700	saMkASa	saṁkāśa	56	42	14	1.333	0.415
1200..1700	6 1700	aDyayana	adhyayana	55	4	51	13.750	3.781
1200..1700	6 1700	anupapatti	anupapatti	44	6	38	7.333	2.874
1200..1700	6 1700	anusAra	anusāra	48	21	27	2.286	1.193
1200..1700	6 1700	kAYjika	kāñjika	52	219	-167	0.237	-2.074
1200..1700	6 1700	parameSa	parameśa	54	0	54	inf	inf
1200..1700	6 1700	satata	satata	53	8	45	6.625	2.728
1200..1700	6 1700	saMtAna	saṁtāna	53	7	46	7.571	2.921
1200..1700	6 1700	paryAya	paryāya	51	30	21	1.700	0.766
1200..1700	6 1700	BUti	bhūti	48	14	34	3.429	1.778
1200..1700	6 1700	maNgala	maṅgala	53	20	33	2.650	1.406
1200..1700	6 1700	nizWA	niṣṭhā	50	11	39	4.545	2.184
1200..1700	6 1700	nirAhAra	nirāhāra	55	1	54	55.000	5.781
1200..1700	6 1700	SrIkaRWa	śrīkaṇṭha	50	5	45	10.000	3.322
1200..1700	6 1700	viMSati	viṁśati	51	89	-38	0.573	-0.803
1200..1700	6 1700	BIti	bhīti	54	9	45	6.000	2.585
1200..1700	6 1700	Atura	ātura	49	13	36	3.769	1.914
1200..1700	6 1700	AtmajA	ātmajā	45	3	42	15.000	3.907
1200..1700	6 1700	mETuna	maithuna	51	23	28	2.217	1.149
1200..1700	6 1700	mahIBuj	mahībhuj	50	1	49	50.000	5.644
1200..1700	6 1700	mAlya	mālya	54	2	52	27.000	4.755
1200..1700	6 1700	dIna	dīna	53	7	46	7.571	2.921
1200..1700	6 1700	devasmitA	devasmitā	44	0	44	inf	inf
1200..1700	6 1700	jalaDi	jaladhi	56	9	47	6.222	2.637
1200..1700	6 1700	jAhnavI	jāhnavī	53	4	49	13.250	3.728
1200..1700	6 1700	tAdfS	tādṛś	51	14	37	3.643	1.865
1200..1700	6 1700	daMzwra	daṁṣṭra	55	4	51	13.750	3.781
1200..1700	6 1700	dakza	dakṣa	52	25	27	2.080	1.057
1200..1700	6 1700	syandana	syandana	53	2	51	26.500	4.728
1200..1700	6 1700	SakawAla	śakaṭāla	52	0	52	inf	inf
1200..1700	6 1700	vyaya	vyaya	54	4	50	13.500	3.755
1200..1700	6 1700	viBUti	vibhūti	44	12	32	3.667	1.874
1200..1700	6 1700	SOri	śauri	53	4	49	13.250	3.728
1200..1700	6 1700	gala	gala	53	26	27	2.038	1.027
1200..1700	6 1700	gARqIva	gāṇḍīva	53	0	53	inf	inf
1200..1700	6 1700	SAkta	śākta	50	3	47	16.667	4.059
1200..1700	6 1700	velA	velā	51	42	9	1.214	0.280
1200..1700	6 1700	puzwi	puṣṭi	54	146	-92	0.370	-1.435
1200..1700	6 1700	dahana	dahana	55	22	33	2.500	1.322
1200..1700	6 1700	brAhma	brāhma	50	38	12	1.316	0.396
1200..1700	6 1700	pOruza	pauruṣa	45	2	43	22.500	4.492
1200..1700	6 1700	kzuB	kṣubh	52	2	50	26.000	4.700
1200..1700	6 1700	Gawotkaca	ghaṭotkaca	45	0	45	inf	inf
1200..1700	6 1700	aNgIkf	aṅgīkṛ	48	7	41	6.857	2.778
1200..1700	6 1700	tApay	tāpay	46	20	26	2.300	1.202
1200..1700	6 1700	Ayat	āyat	52	8	44	6.500	2.700
1200..1700	6 1700	Asad	āsad	53	2	51	26.500	4.728
1200..1700	6 1700	sPuw	sphuṭ	48	16	32	3.000	1.585
1200..1700	6 1700	BUzay	bhūṣay	47	18	29	2.611	1.385
1200..1700	6 1700	pratijYA	pratijñā	50	6	44	8.333	3.059
1200..1700	6 1700	virAj	virāj	45	12	33	3.750	1.907
1200..1700	6 1700	caturguRa	caturguṇa	48	52	-4	0.923	-0.115
1200..1700	6 1700	aBimanyu	abhimanyu	47	0	47	inf	inf
1200..1700	6 1700	kawAkza	kaṭākṣa	51	9	42	5.667	2.503
1200..1700	6 1700	kuSala	kuśala	50	21	29	2.381	1.252
1200..1700	6 1700	kfpaRa	kṛpaṇa	53	10	43	5.300	2.406
1200..1700	6 1700	ketu	ketu	50	6	44	8.333	3.059
1200..1700	6 1700	kovida	kovida	37	9	28	4.111	2.040
1200..1700	6 1700	aGora	aghora	45	9	36	5.000	2.322
1200..1700	6 1700	saMSraya	saṁśraya	44	1	43	44.000	5.459
1200..1700	6 1700	anirudDa	aniruddha	48	1	47	48.000	5.585
1200..1700	6 1700	anuBava	anubhava	52	20	32	2.600	1.379
1200..1700	6 1700	anusaMDAna	anusaṁdhāna	49	7	42	7.000	2.807
1200..1700	6 1700	kavi	kavi	46	35	11	1.314	0.394
1200..1700	6 1700	kAminI	kāminī	50	34	16	1.471	0.556
1200..1700	6 1700	pawala	paṭala	53	27	26	1.963	0.973
1200..1700	6 1700	sattra	sattra	53	2	51	26.500	4.728
1200..1700	6 1700	parityAga	parityāga	52	5	47	10.400	3.379
1200..1700	6 1700	nizeDa	niṣedha	50	24	26	2.083	1.059
1200..1700	6 1700	nASin	nāśin	38	62	-24	0.613	-0.706
1200..1700	6 1700	nirvikalpa	nirvikalpa	51	5	46	10.200	3.350
1200..1700	6 1700	niScala	niścala	48	17	31	2.824	1.497
1200..1700	6 1700	mandara	mandara	47	0	47	inf	inf
1200..1700	6 1700	ekaviMSati	ekaviṁśati	43	61	-18	0.705	-0.504
1200..1700	6 1700	saMyama	saṁyama	46	0	46	inf	inf
1200..1700	6 1700	DAraRA	dhāraṇā	46	2	44	23.000	4.524
1200..1700	6 1700	Druva	dhruva	51	9	42	5.667	2.503
1200..1700	6 1700	umA	umā	48	8	40	6.000	2.585
1200..1700	6 1700	BaginI	bhaginī	47	16	31	2.938	1.555
1200..1700	6 1700	alakzita	alakṣita	47	0	47	inf	inf
1200..1700	6 1700	Arogya	ārogya	48	27	21	1.778	0.830
1200..1700	6 1700	aSani	aśani	53	2	51	26.500	4.728
1200..1700	6 1700	asita	asita	47	32	15	1.469	0.555
1200..1700	6 1700	Agneya	āgneya	51	12	39	4.250	2.087
1200..1700	6 1700	rakzaRa	rakṣaṇa	48	10	38	4.800	2.263
1200..1700	6 1700	ramya	ramya	51	38	13	1.342	0.424
1200..1700	6 1700	lohajaNGa	lohajaṅgha	48	0	48	inf	inf
1200..1700	6 1700	rAjahaMsa	rājahaṁsa	51	4	47	12.750	3.672
1200..1700	6 1700	mahiza	mahiṣa	51	18	33	2.833	1.503
1200..1700	6 1700	laNkA	laṅkā	52	5	47	10.400	3.379
1200..1700	6 1700	lAvaRya	lāvaṇya	53	9	44	5.889	2.558
1200..1700	6 1700	dUzaRa	dūṣaṇa	42	12	30	3.500	1.807
1200..1700	6 1700	jayadraTa	jayadratha	41	0	41	inf	inf
1200..1700	6 1700	draviRa	draviṇa	52	3	49	17.333	4.115
1200..1700	6 1700	pallava	pallava	49	15	34	3.267	1.708
1200..1700	6 1700	pAyasa	pāyasa	50	6	44	8.333	3.059
1200..1700	6 1700	damBa	dambha	50	4	46	12.500	3.644
1200..1700	6 1700	sTAvara	sthāvara	53	13	40	4.077	2.027
1200..1700	6 1700	sarzapa	sarṣapa	50	44	6	1.136	0.184
1200..1700	6 1700	hala	hala	41	2	39	20.500	4.358
1200..1700	6 1700	hft	hṛt	51	188	-137	0.271	-1.882
1200..1700	6 1700	sAraTi	sārathi	45	2	43	22.500	4.492
1200..1700	6 1700	spfhA	spṛhā	48	5	43	9.600	3.263
1200..1700	6 1700	svacCa	svaccha	47	69	-22	0.681	-0.554
1200..1700	6 1700	vyADa	vyādha	49	1	48	49.000	5.615
1200..1700	6 1700	vinASin	vināśin	43	39	4	1.103	0.141
1200..1700	6 1700	viplava	viplava	41	1	40	41.000	5.358
1200..1700	6 1700	guhya	guhya	50	9	41	5.556	2.474
1200..1700	6 1700	gErika	gairika	51	77	-26	0.662	-0.594
1200..1700	6 1700	kzamA	kṣamā	48	5	43	9.600	3.263
1200..1700	6 1700	mUzika	mūṣika	53	1	52	53.000	5.728
1200..1700	6 1700	viSAla	viśāla	51	14	37	3.643	1.865
1200..1700	6 1700	vizAda	viṣāda	51	1	50	51.000	5.672
1200..1700	6 1700	pratIhAra	pratīhāra	52	1	51	52.000	5.700
1200..1700	6 1700	puroDas	purodhas	47	0	47	inf	inf
1200..1700	6 1700	pIWa	pīṭha	51	27	24	1.889	0.918
1200..1700	6 1700	dasyu	dasyu	47	2	45	23.500	4.555
1200..1700	6 1700	pratyeka	pratyeka	51	51	0	1.000	0.000
1200..1700	6 1700	aDigam	adhigam	47	11	36	4.273	2.095
1200..1700	6 1700	mud	mud	50	23	27	2.174	1.120
1200..1700	6 1700	raYj	rañj	48	22	26	2.182	1.126
1200..1700	6 1700	vf	vṛ	51	6	45	8.500	3.087
1200..1700	6 1700	stamB	stambh	53	7	46	7.571	2.921
1200..1700	6 1700	AcCAday	ācchāday	49	55	-6	0.891	-0.167
1200..1700	6 1700	AliNgay	āliṅgay	50	3	47	16.667	4.059
1200..1700	6 1700	udgam	udgam	44	12	32	3.667	1.874
1200..1700	6 1700	guRay	guṇay	52	52	0	1.000	0.000
1200..1700	6 1700	caRqamahAsena	caṇḍamahāsena	49	0	49	inf	inf
1200..1700	6 1700	tiroDA	tirodhā	43	4	39	10.750	3.426
1200..1700	6 1700	drAvay	drāvay	52	66	-14	0.788	-0.344
1200..1700	6 1700	nASay	nāśay	39	95	-56	0.411	-1.284
1200..1700	6 1700	nimajj	nimajj	49	8	41	6.125	2.615
1200..1700	6 1700	nirBid	nirbhid	52	1	51	52.000	5.700
1200..1700	6 1700	nirvivah	nirvivah	49	46	3	1.065	0.091
1200..1700	6 1700	parikalpay	parikalpay	43	7	36	6.143	2.619
1200..1700	6 1700	prakzip	prakṣip	49	93	-44	0.527	-0.924
1200..1700	6 1700	vinirmuc	vinirmuc	54	23	31	2.348	1.231
1200..1700	6 1700	viBA	vibhā	50	8	42	6.250	2.644
1200..1700	6 1700	vihf	vihṛ	47	12	35	3.917	1.970
1200..1700	6 1700	tiryaYc	tiryañc	49	39	10	1.256	0.329
1200..1700	6 1700	vApay	vāpay	47	18	29	2.611	1.385
1200..1700	6 1700	saMkalikA	saṁkalikā	54	0	54	inf	inf
1200..1700	6 1700	kapota	kapota	46	27	19	1.704	0.769
1200..1700	6 1700	kara	kara	45	562	-517	0.080	-3.643
1200..1700	6 1700	karawaka	karaṭaka	41	0	41	inf	inf
1200..1700	6 1700	acetana	acetana	49	0	49	inf	inf
1200..1700	6 1700	atri	atri	47	4	43	11.750	3.555
1200..1700	6 1700	saMkara	saṁkara	43	18	25	2.389	1.256
1200..1700	6 1700	anitya	anitya	45	26	19	1.731	0.791
1200..1700	6 1700	paNka	paṅka	50	18	32	2.778	1.474
1200..1700	6 1700	paYjara	pañjara	45	6	39	7.500	2.907
1200..1700	6 1700	paRa	paṇa	49	0	49	inf	inf
1200..1700	6 1700	padmarAga	padmarāga	45	25	20	1.800	0.848
1200..1700	6 1700	parokza	parokṣa	43	4	39	10.750	3.426
1200..1700	6 1700	apavarga	apavarga	50	2	48	25.000	4.644
1200..1700	6 1700	kAsIsa	kāsīsa	45	81	-36	0.556	-0.848
1200..1700	6 1700	kuwila	kuṭila	50	25	25	2.000	1.000
1200..1700	6 1700	kurukzetra	kurukṣetra	46	1	45	46.000	5.524
1200..1700	6 1700	BUDara	bhūdhara	47	39	8	1.205	0.269
1200..1700	6 1700	aBilAza	abhilāṣa	44	1	43	44.000	5.459
1200..1700	6 1700	amAtya	amātya	51	2	49	25.500	4.672
1200..1700	6 1700	nAyaka	nāyaka	44	7	37	6.286	2.652
1200..1700	6 1700	nirapekza	nirapekṣa	49	1	48	49.000	5.615
1200..1700	6 1700	nigraha	nigraha	45	7	38	6.429	2.684
1200..1700	6 1700	mardana	mardana	46	120	-74	0.383	-1.383
1200..1700	6 1700	zawka	ṣaṭka	50	21	29	2.381	1.252
1200..1700	6 1700	zoqaSa	ṣoḍaśa	46	84	-38	0.548	-0.869
1200..1700	6 1700	narendra	narendra	50	3	47	16.667	4.059
1200..1700	6 1700	nareSvara	nareśvara	45	0	45	inf	inf
1200..1700	6 1700	cAru	cāru	49	14	35	3.500	1.807
1200..1700	6 1700	alasa	alasa	49	7	42	7.000	2.807
1200..1700	6 1700	ARava	āṇava	42	1	41	42.000	5.392
1200..1700	6 1700	rUQi	rūḍhi	49	1	48	49.000	5.615
1200..1700	6 1700	meza	meṣa	46	20	26	2.300	1.202
1200..1700	6 1700	vasanta	vasanta	48	19	29	2.526	1.337
1200..1700	6 1700	vApa	vāpa	48	32	16	1.500	0.585
1200..1700	6 1700	tuwi	tuṭi	49	0	49	inf	inf
1200..1700	6 1700	dugDa	dugdha	49	284	-235	0.173	-2.535
1200..1700	6 1700	jawA	jaṭā	50	49	1	1.020	0.029
1200..1700	6 1700	jambuka	jambuka	50	2	48	25.000	4.644
1200..1700	6 1700	dolA	dolā	49	30	19	1.633	0.708
1200..1700	6 1700	pARqura	pāṇḍura	47	44	3	1.068	0.095
1200..1700	6 1700	pippalI	pippalī	46	128	-82	0.359	-1.476
1200..1700	6 1700	tanu	tanu	49	97	-48	0.505	-0.985
1200..1700	6 1700	tantu	tantu	49	22	27	2.227	1.155
1200..1700	6 1700	tarka	tarka	47	4	43	11.750	3.555
1200..1700	6 1700	tArA	tārā	51	21	30	2.429	1.280
1200..1700	6 1700	senApati	senāpati	46	0	46	inf	inf
1200..1700	6 1700	saha	saha	50	323	-273	0.155	-2.692
1200..1700	6 1700	sAraRA	sāraṇā	46	25	21	1.840	0.880
1200..1700	6 1700	Sakft	śakṛt	50	26	24	1.923	0.943
1200..1700	6 1700	SaMtanu	śaṁtanu	49	0	49	inf	inf
1200..1700	6 1700	vESya	vaiśya	50	62	-12	0.806	-0.310
1200..1700	6 1700	gotra	gotra	50	17	33	2.941	1.556
1200..1700	6 1700	SuBra	śubhra	52	43	9	1.209	0.274
1200..1700	6 1700	SilAjatu	śilājatu	40	91	-51	0.440	-1.186
1200..1700	6 1700	kzAma	kṣāma	52	1	51	52.000	5.700
1200..1700	6 1700	vilocana	vilocana	43	6	37	7.167	2.841
1200..1700	6 1700	vivara	vivara	52	11	41	4.727	2.241
1200..1700	6 1700	viSvAmitra	viśvāmitra	46	2	44	23.000	4.524
1200..1700	6 1700	dayitA	dayitā	50	1	49	50.000	5.644
1200..1700	6 1700	bAlya	bālya	47	5	42	9.400	3.233
1200..1700	6 1700	brahmARqa	brahmāṇḍa	44	13	31	3.385	1.759
1200..1700	6 1700	dIkzay	dīkṣay	42	1	41	42.000	5.392
1200..1700	6 1700	daMS	daṁś	50	11	39	4.545	2.184
1200..1700	6 1700	alaMkf	alaṁkṛ	44	20	24	2.200	1.138
1200..1700	6 1700	ABA	ābhā	39	5	34	7.800	2.963
1200..1700	6 1700	utpAday	utpāday	48	11	37	4.364	2.126
1200..1700	6 1700	upAyA	upāyā	33	0	33	inf	inf
1200..1700	6 1700	nirIkz	nirīkṣ	46	9	37	5.111	2.354
1200..1700	6 1700	cakravAka	cakravāka	50	6	44	8.333	3.059
1200..1700	6 1700	pramA	pramā	48	42	6	1.143	0.193
1200..1700	6 1700	vinikzip	vinikṣip	47	135	-88	0.348	-1.522
1200..1700	6 1700	vimfS	vimṛś	43	4	39	10.750	3.426
1200..1700	6 1700	viSru	viśru	38	8	30	4.750	2.248
1200..1700	6 1700	saMtyaj	saṁtyaj	44	9	35	4.889	2.290
1200..1700	6 1700	parA	parā	43	3	40	14.333	3.841
1200..1700	6 1700	Ipsay	īpsay	42	5	37	8.400	3.070
1200..1700	6 1700	kftakftya	kṛtakṛtya	46	6	40	7.667	2.939
1200..1700	6 1700	kftavarman	kṛtavarman	39	0	39	inf	inf
1200..1700	6 1700	aNga	aṅga	44	239	-195	0.184	-2.441
1200..1700	6 1700	anarTa	anartha	49	2	47	24.500	4.615
1200..1700	6 1700	kalaha	kalaha	46	1	45	46.000	5.524
1200..1700	6 1700	kali	kali	46	34	12	1.353	0.436
1200..1700	6 1700	kAryatva	kāryatva	45	0	45	inf	inf
1200..1700	6 1700	pativratA	pativratā	37	0	37	inf	inf
1200..1700	6 1700	paTika	pathika	42	2	40	21.000	4.392
1200..1700	6 1700	satyavatI	satyavatī	47	0	47	inf	inf
1200..1700	6 1700	anDaka	andhaka	47	1	46	47.000	5.555
1200..1700	6 1700	samagra	samagra	46	15	31	3.067	1.617
1200..1700	6 1700	sampatti	sampatti	47	7	40	6.714	2.747
1200..1700	6 1700	niraYjana	nirañjana	39	17	22	2.294	1.198
1200..1700	6 1700	maru	maru	49	4	45	12.250	3.615
1200..1700	6 1700	nakta	nakta	49	6	43	8.167	3.030
1200..1700	6 1700	uparasa	uparasa	47	75	-28	0.627	-0.674
1200..1700	6 1700	upADi	upādhi	50	6	44	8.333	3.059
1200..1700	6 1700	vAsuki	vāsuki	47	7	40	6.714	2.747
1200..1700	6 1700	cEtra	caitra	43	6	37	7.167	2.841
1200..1700	6 1700	jaNgama	jaṅgama	43	10	33	4.300	2.104
1200..1700	6 1700	avakASa	avakāśa	47	10	37	4.700	2.233
1200..1700	6 1700	avaDAna	avadhāna	41	8	33	5.125	2.358
1200..1700	6 1700	Atapa	ātapa	49	101	-52	0.485	-1.044
1200..1700	6 1700	izu	iṣu	40	6	34	6.667	2.737
1200..1700	6 1700	lohita	lohita	46	50	-4	0.920	-0.120
1200..1700	6 1700	lalanA	lalanā	48	6	42	8.000	3.000
1200..1700	6 1700	tuzwi	tuṣṭi	45	8	37	5.625	2.492
1200..1700	6 1700	dIpana	dīpana	43	387	-344	0.111	-3.170
1200..1700	6 1700	jalada	jalada	44	10	34	4.400	2.138
1200..1700	6 1700	Danin	dhanin	41	1	40	41.000	5.358
1200..1700	6 1700	pAdapa	pādapa	39	5	34	7.800	2.963
1200..1700	6 1700	pArTiva	pārthiva	47	18	29	2.611	1.385
1200..1700	6 1700	tAmasa	tāmasa	43	5	38	8.600	3.104
1200..1700	6 1700	samprApti	samprāpti	44	0	44	inf	inf
1200..1700	6 1700	sAttvika	sāttvika	42	2	40	21.000	4.392
1200..1700	6 1700	sAhasa	sāhasa	43	9	34	4.778	2.256
1200..1700	6 1700	vyApin	vyāpin	47	8	39	5.875	2.555
1200..1700	6 1700	viBIzaRa	vibhīṣaṇa	41	2	39	20.500	4.358
1200..1700	6 1700	SeKara	śekhara	39	11	28	3.545	1.826
1200..1700	6 1700	SOca	śauca	49	4	45	12.250	3.615
1200..1700	6 1700	Kara	khara	44	82	-38	0.537	-0.898
1200..1700	6 1700	Keda	kheda	45	4	41	11.250	3.492
1200..1700	6 1700	kOnteya	kaunteya	49	1	48	49.000	5.615
1200..1700	6 1700	kzepa	kṣepa	50	28	22	1.786	0.837
1200..1700	6 1700	Kaga	khaga	44	60	-16	0.733	-0.447
1200..1700	6 1700	mfgayA	mṛgayā	47	18	29	2.611	1.385
1200..1700	6 1700	pratipatti	pratipatti	45	14	31	3.214	1.684
1200..1700	6 1700	pIqA	pīḍā	48	28	20	1.714	0.778
1200..1700	6 1700	puruzottama	puruṣottama	38	4	34	9.500	3.248
1200..1700	6 1700	darBa	darbha	48	9	39	5.333	2.415
1200..1700	6 1700	divAkara	divākara	42	4	38	10.500	3.392
1200..1700	6 1700	bahula	bahula	48	18	30	2.667	1.415
1200..1700	6 1700	PaRin	phaṇin	47	14	33	3.357	1.747
1200..1700	6 1700	prahara	prahara	47	68	-21	0.691	-0.533
1200..1700	6 1700	prAkfta	prākṛta	44	13	31	3.385	1.759
1200..1700	6 1700	yam	yam	45	10	35	4.500	2.170
1200..1700	6 1700	jAgf	jāgṛ	46	3	43	15.333	3.939
1200..1700	6 1700	dAray	dāray	45	1	44	45.000	5.492
1200..1700	6 1700	plu	plu	48	34	14	1.412	0.497
1200..1700	6 1700	aBipre	abhipre	42	4	38	10.500	3.392
1200..1700	6 1700	aByarTay	abhyarthay	45	4	41	11.250	3.492
1200..1700	6 1700	arday	arday	44	6	38	7.333	2.874
1200..1700	6 1700	Acam	ācam	39	5	34	7.800	2.963
1200..1700	6 1700	catuHzazwi	catuḥṣaṣṭi	41	59	-18	0.695	-0.525
1200..1700	6 1700	samAviS	samāviś	43	1	42	43.000	5.426
1200..1700	6 1700	paYcadaSan	pañcadaśan	45	36	9	1.250	0.322
1200..1700	6 1700	pad	pad	45	3	42	15.000	3.907
1200..1700	6 1700	parivAray	parivāray	39	0	39	inf	inf
1200..1700	6 1700	kaca	kaca	42	10	32	4.200	2.070
1200..1700	6 1700	aNgAra	aṅgāra	47	87	-40	0.540	-0.888
1200..1700	6 1700	adfSya	adṛśya	44	6	38	7.333	2.874
1200..1700	6 1700	saMketa	saṁketa	40	3	37	13.333	3.737
1200..1700	6 1700	saMjYita	saṁjñita	35	13	22	2.692	1.429
1200..1700	6 1700	anuttara	anuttara	39	2	37	19.500	4.285
1200..1700	6 1700	kalatra	kalatra	46	1	45	46.000	5.524
1200..1700	6 1700	kAkamAcI	kākamācī	41	45	-4	0.911	-0.134
1200..1700	6 1700	kAca	kāca	45	156	-111	0.288	-1.794
1200..1700	6 1700	apAya	apāya	46	1	45	46.000	5.524
1200..1700	6 1700	kuca	kuca	47	11	36	4.273	2.095
1200..1700	6 1700	makara	makara	42	6	36	7.000	2.807
1200..1700	6 1700	nilaya	nilaya	48	6	42	8.000	3.000
1200..1700	6 1700	niSAcara	niśācara	37	3	34	12.333	3.624
1200..1700	6 1700	aByaDika	abhyadhika	43	3	40	14.333	3.841
1200..1700	6 1700	ayana	ayana	41	3	38	13.667	3.773
1200..1700	6 1700	nizPala	niṣphala	45	11	34	4.091	2.032
1200..1700	6 1700	mayUra	mayūra	41	36	5	1.139	0.188
1200..1700	6 1700	ekAkin	ekākin	42	1	41	42.000	5.392
1200..1700	6 1700	Ekya	aikya	45	14	31	3.214	1.684
1200..1700	6 1700	upapatti	upapatti	44	3	41	14.667	3.874
1200..1700	6 1700	upayogin	upayogin	41	14	27	2.929	1.550
1200..1700	6 1700	vAsava	vāsava	43	2	41	21.500	4.426
1200..1700	6 1700	Bikzu	bhikṣu	44	2	42	22.000	4.459
1200..1700	6 1700	cetanA	cetanā	39	7	32	5.571	2.478
1200..1700	6 1700	aSoka	aśoka	44	11	33	4.000	2.000
1200..1700	6 1700	asaMBava	asaṁbhava	41	7	34	5.857	2.550
1200..1700	6 1700	AlApa	ālāpa	45	6	39	7.500	2.907
1200..1700	6 1700	rakzin	rakṣin	39	1	38	39.000	5.285
1200..1700	6 1700	vawa	vaṭa	43	44	-1	0.977	-0.033
1200..1700	6 1700	yamunA	yamunā	45	6	39	7.500	2.907
1200..1700	6 1700	valI	valī	47	35	12	1.343	0.425
1200..1700	6 1700	mAGa	māgha	41	2	39	20.500	4.358
1200..1700	6 1700	mAnasa	mānasa	45	25	20	1.800	0.848
1200..1700	6 1700	timira	timira	44	14	30	3.143	1.652
1200..1700	6 1700	triSUla	triśūla	44	4	40	11.000	3.459
1200..1700	6 1700	triMSat	triṁśat	41	73	-32	0.562	-0.832
1200..1700	6 1700	durgA	durgā	43	7	36	6.143	2.619
1200..1700	6 1700	dUtI	dūtī	45	2	43	22.500	4.492
1200..1700	6 1700	japya	japya	47	1	46	47.000	5.555
1200..1700	6 1700	sfYjaya	sṛñjaya	43	0	43	inf	inf
1200..1700	6 1700	savyasAcin	savyasācin	38	2	36	19.000	4.248
1200..1700	6 1700	sundaraka	sundaraka	40	0	40	inf	inf
1200..1700	6 1700	sAtmya	sātmya	41	8	33	5.125	2.358
1200..1700	6 1700	sAman	sāman	42	1	41	42.000	5.392
1200..1700	6 1700	Sakuni	śakuni	47	1	46	47.000	5.555
1200..1700	6 1700	SaWa	śaṭha	45	5	40	9.000	3.170
1200..1700	6 1700	svasti	svasti	43	1	42	43.000	5.426
1200..1700	6 1700	vibuDa	vibudha	44	8	36	5.500	2.459
1200..1700	6 1700	guhA	guhā	45	10	35	4.500	2.170
1200..1700	6 1700	SoPa	śopha	46	153	-107	0.301	-1.734
1200..1700	6 1700	SAyin	śāyin	46	2	44	23.000	4.524
1200..1700	6 1700	SAmBava	śāmbhava	44	7	37	6.286	2.652
1200..1700	6 1700	SASvata	śāśvata	42	3	39	14.000	3.807
1200..1700	6 1700	Sigru	śigru	45	75	-30	0.600	-0.737
1200..1700	6 1700	mAs	mās	45	22	23	2.045	1.032
1200..1700	6 1700	pradyumna	pradyumna	40	1	39	40.000	5.322
1200..1700	6 1700	praDAna	pradhāna	47	43	4	1.093	0.128
1200..1700	6 1700	puryazwaka	puryaṣṭaka	43	1	42	43.000	5.426
1200..1700	6 1700	prakASa	prakāśa	43	54	-11	0.796	-0.329
1200..1700	6 1700	pravAha	pravāha	45	8	37	5.625	2.492
1200..1700	6 1700	praSama	praśama	48	0	48	inf	inf
1200..1700	6 1700	ci	ci	47	12	35	3.917	1.970
1200..1700	6 1700	grIvA	grīvā	48	4	44	12.000	3.585
1200..1700	6 1700	GaRwA	ghaṇṭā	47	9	38	5.222	2.385
1200..1700	6 1700	pU	pū	47	27	20	1.741	0.800
1200..1700	6 1700	nad	nad	43	0	43	inf	inf
1200..1700	6 1700	lup	lup	44	4	40	11.000	3.459
1200..1700	6 1700	mfd	mṛd	46	398	-352	0.116	-3.113
1200..1700	6 1700	BaR	bhaṇ	40	11	29	3.636	1.862
1200..1700	6 1700	Aropay	āropay	40	18	22	2.222	1.152
1200..1700	6 1700	Avah	āvah	38	3	35	12.667	3.663
1200..1700	6 1700	utpat	utpat	47	2	45	23.500	4.555
1200..1700	6 1700	upanI	upanī	38	8	30	4.750	2.248
1200..1700	6 1700	nirRI	nirṇī	40	2	38	20.000	4.322
1200..1700	6 1700	vigam	vigam	48	14	34	3.429	1.778
1200..1700	6 1700	vilI	vilī	42	22	20	1.909	0.933
1200..1700	6 1700	vivf	vivṛ	48	2	46	24.000	4.585
1200..1700	6 1700	viSvas	viśvas	37	0	37	inf	inf
1200..1700	6 1700	vyApAday	vyāpāday	47	0	47	inf	inf
1200..1700	6 1700	saMyam	saṁyam	45	6	39	7.500	2.907
1200..1700	6 1700	saMgrah	saṁgrah	46	41	5	1.122	0.166
1200..1700	6 1700	samAKyA	samākhyā	48	39	9	1.231	0.300
1200..1700	6 1700	ajIrRa	ajīrṇa	45	79	-34	0.570	-0.812
1200..1700	6 1700	drava	drava	46	332	-286	0.139	-2.851
1200..1700	6 1700	kaYcuka	kañcuka	43	58	-15	0.741	-0.432
1200..1700	6 1700	kuSala	kuśala	45	21	24	2.143	1.100
1200..1700	6 1700	kesara	kesara	44	36	8	1.222	0.290
1200..1700	6 1700	aNgiras	aṅgiras	41	4	37	10.250	3.358
1200..1700	6 1700	aja	aja	43	30	13	1.433	0.519
1200..1700	6 1700	adarSana	adarśana	36	1	35	36.000	5.170
1200..1700	6 1700	saMsTAna	saṁsthāna	45	17	28	2.647	1.404
1200..1700	6 1700	saMgara	saṁgara	39	3	36	13.000	3.700
1200..1700	6 1700	antarmuKa	antarmukha	41	0	41	inf	inf
1200..1700	6 1700	karpUra	karpūra	42	64	-22	0.656	-0.608
1200..1700	6 1700	kAca	kāca	41	156	-115	0.263	-1.928
1200..1700	6 1700	kAruRya	kāruṇya	45	0	45	inf	inf
1200..1700	6 1700	patAkA	patākā	44	4	40	11.000	3.459
1200..1700	6 1700	parASara	parāśara	37	4	33	9.250	3.209
1200..1700	6 1700	kilbiza	kilbiṣa	43	3	40	14.333	3.841
1200..1700	6 1700	kIdfSa	kīdṛśa	40	19	21	2.105	1.074
1200..1700	6 1700	madIya	madīya	44	1	43	44.000	5.459
1200..1700	6 1700	nirUpaRa	nirūpaṇa	41	6	35	6.833	2.773
1200..1700	6 1700	aBivyakti	abhivyakti	43	4	39	10.750	3.426
1200..1700	6 1700	ayoga	ayoga	43	3	40	14.333	3.841
1200..1700	6 1700	niBfta	nibhṛta	46	5	41	9.200	3.202
1200..1700	6 1700	maDyAhna	madhyāhna	42	13	29	3.231	1.692
1200..1700	6 1700	mastaka	mastaka	39	30	9	1.300	0.379
1200..1700	6 1700	Uha	ūha	38	5	33	7.600	2.926
1200..1700	6 1700	zaqguRa	ṣaḍguṇa	41	53	-12	0.774	-0.370
1200..1700	6 1700	DArin	dhārin	40	12	28	3.333	1.737
1200..1700	6 1700	Durya	dhurya	46	5	41	9.200	3.202
1200..1700	6 1700	navama	navama	44	10	34	4.400	2.138
1200..1700	6 1700	BArata	bhārata	39	1	38	39.000	5.285
1200..1700	6 1700	avaSeza	avaśeṣa	44	6	38	7.333	2.874
1200..1700	6 1700	uccAra	uccāra	37	5	32	7.400	2.888
1200..1700	6 1700	AtiTya	ātithya	45	0	45	inf	inf
1200..1700	6 1700	Ama	āma	38	159	-121	0.239	-2.065
1200..1700	6 1700	aSvameDa	aśvamedha	41	9	32	4.556	2.188
1200..1700	6 1700	ahiMsA	ahiṁsā	40	2	38	20.000	4.322
1200..1700	6 1700	Ahuti	āhuti	42	4	38	10.500	3.392
1200..1700	6 1700	ikzu	ikṣu	38	27	11	1.407	0.493
1200..1700	6 1700	yugala	yugala	43	25	18	1.720	0.782
1200..1700	6 1700	rajju	rajju	39	11	28	3.545	1.826
1200..1700	6 1700	raRqA	raṇḍā	42	3	39	14.000	3.807
1200..1700	6 1700	rAGava	rāghava	38	1	37	38.000	5.248
1200..1700	6 1700	yadfcCA	yadṛcchā	38	1	37	38.000	5.248
1200..1700	6 1700	varman	varman	44	1	43	44.000	5.459
1200..1700	6 1700	valaya	valaya	46	21	25	2.190	1.131
1200..1700	6 1700	vAcaka	vācaka	38	8	30	4.750	2.248
1200..1700	6 1700	vARI	vāṇī	45	12	33	3.750	1.907
1200..1700	6 1700	mahABAga	mahābhāga	43	3	40	14.333	3.841
1200..1700	6 1700	mahAmAyA	mahāmāyā	45	5	40	9.000	3.170
1200..1700	6 1700	mAtfkA	mātṛkā	37	9	28	4.111	2.040
1200..1700	6 1700	trAsa	trāsa	46	8	38	5.750	2.524
1200..1700	6 1700	duHSAsana	duḥśāsana	40	0	40	inf	inf
1200..1700	6 1700	dfzwAnta	dṛṣṭānta	40	8	32	5.000	2.322
1200..1700	6 1700	jIvin	jīvin	37	8	29	4.625	2.209
1200..1700	6 1700	juz	juṣ	41	16	25	2.562	1.358
1200..1700	6 1700	pAlana	pālana	42	3	39	14.000	3.807
1200..1700	6 1700	taRqula	taṇḍula	41	31	10	1.323	0.403
1200..1700	6 1700	tAra	tāra	41	296	-255	0.139	-2.852
1200..1700	6 1700	tArkzya	tārkṣya	46	28	18	1.643	0.716
1200..1700	6 1700			0	0	0	inf	inf
1200..1700	6 1700	skanda	skanda	45	4	41	11.250	3.492
1200..1700	6 1700	sahas	sahas	44	11	33	4.000	2.000
1200..1700	6 1700	hariRa	hariṇa	40	10	30	4.000	2.000
1200..1700	6 1700	smaraRa	smaraṇa	42	19	23	2.211	1.144
1200..1700	6 1700	SaNKa	śaṅkha	41	127	-86	0.323	-1.631
1200..1700	6 1700	viBUzaRa	vibhūṣaṇa	36	2	34	18.000	4.170
1200..1700	6 1700	SoBA	śobhā	40	9	31	4.444	2.152
1200..1700	6 1700	garva	garva	46	3	43	15.333	3.939
1200..1700	6 1700	gARqIvaDanvan	gāṇḍīvadhanvan	35	0	35	inf	inf
1200..1700	6 1700	Sava	śava	45	8	37	5.625	2.492
1200..1700	6 1700	SaSANka	śaśāṅka	40	3	37	13.333	3.737
1200..1700	6 1700	kriyASakti	kriyāśakti	39	0	39	inf	inf
1200..1700	6 1700	kzudra	kṣudra	44	37	7	1.189	0.250
1200..1700	6 1700	pizwI	piṣṭī	44	68	-24	0.647	-0.628
1200..1700	6 1700	prakASana	prakāśana	38	3	35	12.667	3.663
1200..1700	6 1700	pralApa	pralāpa	40	7	33	5.714	2.515
1200..1700	6 1700	pravAda	pravāda	43	2	41	21.500	4.426
1200..1700	6 1700	garj	garj	44	1	43	44.000	5.459
1200..1700	6 1700	grIzma	grīṣma	44	25	19	1.760	0.816
1200..1700	6 1700	anumA	anumā	41	2	39	20.500	4.358
1200..1700	6 1700	Adru	ādru	26	1	25	26.000	4.700
1200..1700	6 1700	upAs	upās	39	13	26	3.000	1.585
1200..1700	6 1700	Goza	ghoṣa	44	34	10	1.294	0.372
1200..1700	6 1700	nibanD	nibandh	43	17	26	2.529	1.339
1200..1700	6 1700	nirdah	nirdah	39	5	34	7.800	2.963
1200..1700	6 1700	paripf	paripṛ	44	17	27	2.588	1.372
1200..1700	6 1700	pratI	pratī	41	72	-31	0.569	-0.812
1200..1700	6 1700	vikrI	vikrī	41	7	34	5.857	2.550
1200..1700	6 1700	vicar	vicar	38	3	35	12.667	3.663
1200..1700	6 1700	samAruh	samāruh	44	3	41	14.667	3.874
1200..1700	6 1700	sambanD	sambandh	36	9	27	4.000	2.000
1200..1700	6 1700	Pal	phal	43	6	37	7.167	2.841
1200..1700	6 1700	niHsva	niḥsva	39	1	38	39.000	5.285
1200..1700	6 1700	saMmarday	saṁmarday	45	91	-46	0.495	-1.016
1200..1700	6 1700	kawi	kaṭi	42	22	20	1.909	0.933
1200..1700	6 1700	kEvalya	kaivalya	39	5	34	7.800	2.963
1200..1700	6 1700	saMsparSa	saṁsparśa	42	5	37	8.400	3.070
1200..1700	6 1700	karza	karṣa	42	125	-83	0.336	-1.573
1200..1700	6 1700	kAtara	kātara	38	1	37	38.000	5.248
1200..1700	6 1700	paYcatva	pañcatva	41	10	31	4.100	2.036
1200..1700	6 1700	parABava	parābhava	36	0	36	inf	inf
1200..1700	6 1700	parihAra	parihāra	34	8	26	4.250	2.087
1200..1700	6 1700	apaTya	apathya	40	15	25	2.667	1.415
1200..1700	6 1700	apriya	apriya	40	1	39	40.000	5.322
1200..1700	6 1700	kunda	kunda	41	13	28	3.154	1.657
1200..1700	6 1700	kuraNga	kuraṅga	39	9	30	4.333	2.115
1200..1700	6 1700	niryAsa	niryāsa	44	33	11	1.333	0.415
1200..1700	6 1700	samavAya	samavāya	42	14	28	3.000	1.585
1200..1700	6 1700	ayukta	ayukta	35	8	27	4.375	2.129
1200..1700	6 1700	niHSeza	niḥśeṣa	40	30	10	1.333	0.415
1200..1700	6 1700	matimat	matimat	38	25	13	1.520	0.604
1200..1700	6 1700	manohara	manohara	36	26	10	1.385	0.469
1200..1700	6 1700	manmaTa	manmatha	38	3	35	12.667	3.663
1200..1700	6 1700	fkza	ṛkṣa	41	16	25	2.562	1.358
1200..1700	6 1700	DArA	dhārā	43	36	7	1.194	0.256
1200..1700	6 1700	nandana	nandana	41	4	37	10.250	3.358
1200..1700	6 1700	upasaMhAra	upasaṁhāra	40	1	39	40.000	5.322
1200..1700	6 1700	upAdAna	upādāna	43	4	39	10.750	3.426
1200..1700	6 1700	Bakzya	bhakṣya	42	13	29	3.231	1.692
1200..1700	6 1700	BAnu	bhānu	43	41	2	1.049	0.069
1200..1700	6 1700	arRava	arṇava	43	9	34	4.778	2.256
1200..1700	6 1700	utpAda	utpāda	39	0	39	inf	inf
1200..1700	6 1700	hrada	hrada	39	7	32	5.571	2.478
1200..1700	6 1700	AtmIya	ātmīya	43	2	41	21.500	4.426
1200..1700	6 1700	Amoda	āmoda	44	18	26	2.444	1.290
1200..1700	6 1700	aSakya	aśakya	38	5	33	7.600	2.926
1200..1700	6 1700	aSudDi	aśuddhi	43	2	41	21.500	4.426
1200..1700	6 1700	asADya	asādhya	40	29	11	1.379	0.464
1200..1700	6 1700	Alasya	ālasya	43	10	33	4.300	2.104
1200..1700	6 1700	Avaha	āvaha	31	48	-17	0.646	-0.631
1200..1700	6 1700	ISvarA	īśvarā	36	19	17	1.895	0.922
1200..1700	6 1700	vatsala	vatsala	38	2	36	19.000	4.248
1200..1700	6 1700	vartana	vartana	38	0	38	inf	inf
1200..1700	6 1700	vApI	vāpī	41	6	35	6.833	2.773
1200..1700	6 1700	mahIpAla	mahīpāla	44	0	44	inf	inf
1200..1700	6 1700	mAtuluNga	mātuluṅga	44	49	-5	0.898	-0.155
1200..1700	6 1700	mAdrI	mādrī	42	0	42	inf	inf
1200..1700	6 1700	mAyIya	māyīya	41	0	41	inf	inf
1200..1700	6 1700	mAlinI	mālinī	40	3	37	13.333	3.737
1200..1700	6 1700	dizwi	diṣṭi	31	0	31	inf	inf
1200..1700	6 1700	drOpadI	draupadī	40	0	40	inf	inf
1200..1700	6 1700	DaraRI	dharaṇī	41	11	30	3.727	1.898
1200..1700	6 1700	pAnIya	pānīya	41	31	10	1.323	0.403
1200..1700	6 1700	picCila	picchila	41	29	12	1.414	0.500
1200..1700	6 1700	tAla	tāla	37	182	-145	0.203	-2.298
1200..1700	6 1700	dampati	dampati	41	4	37	10.250	3.358
1200..1700	6 1700	sasyaka	sasyaka	39	34	5	1.147	0.198
1200..1700	6 1700	harmya	harmya	40	5	35	8.000	3.000
1200..1700	6 1700	sADaka	sādhaka	38	65	-27	0.585	-0.774
1200..1700	6 1700	SarkarA	śarkarā	39	83	-44	0.470	-1.090
1200..1700	6 1700	Sarva	śarva	41	4	37	10.250	3.358
1200..1700	6 1700	gaRanA	gaṇanā	41	6	35	6.833	2.773
1200..1700	6 1700	kOSAmbI	kauśāmbī	41	0	41	inf	inf
1200..1700	6 1700	klama	klama	41	10	31	4.100	2.036
1200..1700	6 1700	mumukzu	mumukṣu	37	0	37	inf	inf
1200..1700	6 1700	pratIti	pratīti	38	17	21	2.235	1.160
1200..1700	6 1700	vftta	vṛtta	38	59	-21	0.644	-0.635
1200..1700	6 1700	vfzaBa	vṛṣabha	43	6	37	7.167	2.841
1200..1700	6 1700	piSuna	piśuna	40	4	36	10.000	3.322
1200..1700	6 1700	puYja	puñja	44	10	34	4.400	2.138
1200..1700	6 1700	puraHsara	puraḥsara	32	10	22	3.200	1.678
1200..1700	6 1700	pUrRAhuti	pūrṇāhuti	36	0	36	inf	inf
1200..1700	6 1700	budDIndriya	buddhīndriya	40	3	37	13.333	3.737
1200..1700	6 1700	praRAma	praṇāma	40	5	35	8.000	3.000
1200..1700	6 1700	kﾱp	kﾱp	40	0	40	inf	inf
1200..1700	6 1700	grAhin	grāhin	42	87	-45	0.483	-1.051
1200..1700	6 1700	Sozay	śoṣay	38	99	-61	0.384	-1.381
1200..1700	6 1700	anusf	anusṛ	34	3	31	11.333	3.503
1200..1700	6 1700	aByarc	abhyarc	41	14	27	2.929	1.550
1200..1700	6 1700	avaDAray	avadhāray	35	5	30	7.000	2.807
1200..1700	6 1700	Akf	ākṛ	42	7	35	6.000	2.585
1200..1700	6 1700	unmad	unmad	42	9	33	4.667	2.222
1200..1700	6 1700	upavas	upavas	42	11	31	3.818	1.933
1200..1700	6 1700	parijYA	parijñā	40	3	37	13.333	3.737
1200..1700	6 1700	puraskf	puraskṛ	39	0	39	inf	inf
1200..1700	6 1700	pracakz	pracakṣ	30	15	15	2.000	1.000
1200..1700	6 1700	pratIkz	pratīkṣ	39	1	38	39.000	5.285
1200..1700	6 1700	vilup	vilup	40	0	40	inf	inf
1200..1700	6 1700	saMsfj	saṁsṛj	32	5	27	6.400	2.678
1200..1700	6 1700	saMspfS	saṁspṛś	43	6	37	7.167	2.841
1200..1700	6 1700	samman	samman	39	20	19	1.950	0.963
1200..1700	6 1700	drava	drava	39	332	-293	0.117	-3.090
1200..1700	6 1700	tapasvin	tapasvin	38	3	35	12.667	3.663
1200..1700	6 1700	avaSya	avaśya	40	1	39	40.000	5.322
1200..1700	6 1700	GAta	ghāta	44	18	26	2.444	1.290
1200..1700	6 1700	vaSIkf	vaśīkṛ	35	1	34	35.000	5.129
1200..1700	6 1700	samayin	samayin	38	0	38	inf	inf
1200..1700	6 1700	niHSvAsa	niḥśvāsa	41	2	39	20.500	4.358
1200..1700	6 1700	pracCad	pracchad	41	2	39	20.500	4.358
1200..1700	6 1700	kUla	kūla	40	8	32	5.000	2.322
1200..1700	6 1700	akfta	akṛta	34	12	22	2.833	1.503
1200..1700	6 1700	aDara	adhara	39	29	10	1.345	0.427
1200..1700	6 1700	saMgati	saṁgati	35	5	30	7.000	2.807
1200..1700	6 1700	saMGa	saṁgha	42	8	34	5.250	2.392
1200..1700	6 1700	sattA	sattā	41	1	40	41.000	5.358
1200..1700	6 1700	antaka	antaka	35	11	24	3.182	1.670
1200..1700	6 1700	kalyARa	kalyāṇa	38	19	19	2.000	1.000
1200..1700	6 1700	nyUna	nyūna	40	30	10	1.333	0.415
1200..1700	6 1700	paTya	pathya	39	209	-170	0.187	-2.422
1200..1700	6 1700	saMnyAsa	saṁnyāsa	40	10	30	4.000	2.000
1200..1700	6 1700	paruza	paruṣa	42	8	34	5.250	2.392
1200..1700	6 1700	kAlI	kālī	40	20	20	2.000	1.000
1200..1700	6 1700	kAlikA	kālikā	38	31	7	1.226	0.294
1200..1700	6 1700	kiwwa	kiṭṭa	36	104	-68	0.346	-1.531
1200..1700	6 1700	kukzi	kukṣi	41	10	31	4.100	2.036
1200..1700	6 1700	maTurA	mathurā	38	3	35	12.667	3.663
1200..1700	6 1700	nIla	nīla	36	157	-121	0.229	-2.125
1200..1700	6 1700	samudBava	samudbhava	33	24	9	1.375	0.459
1200..1700	6 1700	amBoDi	ambhodhi	40	5	35	8.000	3.000
1200..1700	6 1700	ayoDyA	ayodhyā	40	1	39	40.000	5.322
1200..1700	6 1700	arAti	arāti	42	5	37	8.400	3.070
1200..1700	6 1700	nAsikA	nāsikā	36	12	24	3.000	1.585
1200..1700	6 1700	nirDana	nirdhana	35	0	35	inf	inf
1200..1700	6 1700	nibiqa	nibiḍa	38	18	20	2.111	1.078
1200..1700	6 1700	mahAkAla	mahākāla	39	10	29	3.900	1.963
1200..1700	6 1700	ESAnI	aiśānī	39	5	34	7.800	2.963
1200..1700	6 1700	DUli	dhūli	40	9	31	4.444	2.152
1200..1700	6 1700	navamI	navamī	39	1	38	39.000	5.285
1200..1700	6 1700	upakoSA	upakośā	34	0	34	inf	inf
1200..1700	6 1700	vAhin	vāhin	35	14	21	2.500	1.322
1200..1700	6 1700	Bakta	bhakta	38	50	-12	0.760	-0.396
1200..1700	6 1700	avasTAna	avasthāna	36	4	32	9.000	3.170
1200..1700	6 1700	ucCeda	uccheda	39	2	37	19.500	4.285
1200..1700	6 1700	utPulla	utphulla	41	0	41	inf	inf
1200..1700	6 1700	utsaNga	utsaṅga	38	8	30	4.750	2.248
1200..1700	6 1700	udAna	udāna	34	6	28	5.667	2.503
1200..1700	6 1700	AdeSa	ādeśa	39	1	38	39.000	5.285
1200..1700	6 1700	ADmAna	ādhmāna	38	77	-39	0.494	-1.019
1200..1700	6 1700	Ayuza	āyuṣa	37	9	28	4.111	2.040
1200..1700	6 1700	ArADana	ārādhana	39	10	29	3.900	1.963
1200..1700	6 1700	aSvatTa	aśvattha	32	31	1	1.032	0.046
1200..1700	6 1700	asi	asi	38	7	31	5.429	2.441
1200..1700	6 1700	raktapitta	raktapitta	42	42	0	1.000	0.000
1200..1700	6 1700	rajata	rajata	40	85	-45	0.471	-1.087
1200..1700	6 1700	ramBA	rambhā	36	28	8	1.286	0.363
1200..1700	6 1700	rata	rata	40	7	33	5.714	2.515
1200..1700	6 1700	lOkika	laukika	38	3	35	12.667	3.663
1200..1700	6 1700	vamana	vamana	41	28	13	1.464	0.550
1200..1700	6 1700	vararuci	vararuci	37	0	37	inf	inf
1200..1700	6 1700	yati	yati	41	6	35	6.833	2.773
1200..1700	6 1700	vaSin	vaśin	32	2	30	16.000	4.000
1200..1700	6 1700	rogin	rogin	38	28	10	1.357	0.441
1200..1700	6 1700	lANgalI	lāṅgalī	33	51	-18	0.647	-0.628
1200..1700	6 1700	tridiva	tridiva	40	2	38	20.000	4.322
1200..1700	6 1700	durBikza	durbhikṣa	38	0	38	inf	inf
1200..1700	6 1700	jizRu	jiṣṇu	42	0	42	inf	inf
1200..1700	6 1700	Darmin	dharmin	36	2	34	18.000	4.170
1200..1700	6 1700	pArzata	pārṣata	41	0	41	inf	inf
1200..1700	6 1700	talpa	talpa	40	6	34	6.667	2.737
1200..1700	6 1700	sulaBa	sulabha	40	15	25	2.667	1.415
1200..1700	6 1700	sevana	sevana	39	30	9	1.300	0.379
1200..1700	6 1700	somadatta	somadatta	36	0	36	inf	inf
1200..1700	6 1700	sammuKa	sammukha	38	5	33	7.600	2.926
1200..1700	6 1700	haridrA	haridrā	36	61	-25	0.590	-0.761
1200..1700	6 1700	vrAta	vrāta	42	4	38	10.500	3.392
1200..1700	6 1700	Samana	śamana	42	177	-135	0.237	-2.075
1200..1700	6 1700	svarUpin	svarūpin	27	3	24	9.000	3.170
1200..1700	6 1700	svana	svana	32	9	23	3.556	1.830
1200..1700	6 1700	guhacandra	guhacandra	39	0	39	inf	inf
1200..1700	6 1700	SfgAla	śṛgāla	38	1	37	38.000	5.248
1200..1700	6 1700	SOnaka	śaunaka	36	1	35	36.000	5.170
1200..1700	6 1700	Kara	khara	41	82	-41	0.500	-1.000
1200..1700	6 1700	KyAti	khyāti	39	2	37	19.500	4.285
1200..1700	6 1700	kOSika	kauśika	36	6	30	6.000	2.585
1200..1700	6 1700	miTuna	mithuna	36	15	21	2.400	1.263
1200..1700	6 1700	mud	mud	35	23	12	1.522	0.606
1200..1700	6 1700	medinI	medinī	35	9	26	3.889	1.959
1200..1700	6 1700	mUlaka	mūlaka	38	44	-6	0.864	-0.212
1200..1700	6 1700	vfzya	vṛṣya	39	250	-211	0.156	-2.680
1200..1700	6 1700	puMgava	puṁgava	34	4	30	8.500	3.087
1200..1700	6 1700	punarnavA	punarnavā	36	70	-34	0.514	-0.959
1200..1700	6 1700	dAridrya	dāridrya	39	7	32	5.571	2.478
1200..1700	6 1700	divira	divira	40	0	40	inf	inf
1200..1700	6 1700	brahmacarya	brahmacarya	35	27	8	1.296	0.374
1200..1700	6 1700	pfTivIpati	pṛthivīpati	38	0	38	inf	inf
1200..1700	6 1700	praRayin	praṇayin	37	7	30	5.286	2.402
1200..1700	6 1700	Pena	phena	41	21	20	1.952	0.965
1200..1700	6 1700	vAhay	vāhay	38	26	12	1.462	0.547
1200..1700	6 1700	varDay	vardhay	36	20	16	1.800	0.848
1200..1700	6 1700	aBivyaYj	abhivyañj	36	3	33	12.000	3.585
1200..1700	6 1700	sKal	skhal	40	7	33	5.714	2.515
1200..1700	6 1700	lih	lih	40	69	-29	0.580	-0.787
1200..1700	6 1700	tozay	toṣay	39	2	37	19.500	4.285
1200..1700	6 1700	avaSiz	avaśiṣ	35	7	28	5.000	2.322
1200..1700	6 1700	udGAway	udghāṭay	37	6	31	6.167	2.624
1200..1700	6 1700	upahan	upahan	42	1	41	42.000	5.392
1200..1700	6 1700	parihf	parihṛ	40	5	35	8.000	3.000
1200..1700	6 1700	prasU	prasū	36	15	21	2.400	1.263
1200..1700	6 1700	viBid	vibhid	37	3	34	12.333	3.624
1200..1700	6 1700	vivfD	vivṛdh	30	4	26	7.500	2.907
1200..1700	6 1700	samutpad	samutpad	37	14	23	2.643	1.402
1200..1700	6 1700	agastya	agastya	36	25	11	1.440	0.526
1200..1700	6 1700	jambIra	jambīra	35	178	-143	0.197	-2.346
1200..1700	6 1700	oMkAra	oṁkāra	38	3	35	12.667	3.663
1200..1700	6 1700	pavitraka	pavitraka	35	4	31	8.750	3.129
1200..1700	6 1700	nahuza	nahuṣa	38	1	37	38.000	5.248
1200..1700	6 1700	kaNkuzWa	kaṅkuṣṭha	35	54	-19	0.648	-0.626
1200..1700	6 1700	kaRa	kaṇa	38	18	20	2.111	1.078
1200..1700	6 1700	kapola	kapola	39	5	34	7.800	2.963
1200..1700	6 1700	kftAYjali	kṛtāñjali	32	1	31	32.000	5.000
1200..1700	6 1700	kftrima	kṛtrima	36	46	-10	0.783	-0.354
1200..1700	6 1700	kElAsa	kailāsa	37	11	26	3.364	1.750
1200..1700	6 1700	akzama	akṣama	36	6	30	6.000	2.585
1200..1700	6 1700	akzara	akṣara	33	70	-37	0.471	-1.085
1200..1700	6 1700	ajara	ajara	38	18	20	2.111	1.078
1200..1700	6 1700	saMkarzaRa	saṁkarṣaṇa	34	1	33	34.000	5.087
1200..1700	6 1700	sattama	sattama	32	2	30	16.000	4.000
1200..1700	6 1700	anavacCinna	anavacchinna	36	0	36	inf	inf
1200..1700	6 1700	kardama	kardama	37	10	27	3.700	1.888
1200..1700	6 1700	paNkti	paṅkti	38	12	26	3.167	1.663
1200..1700	6 1700	saptamI	saptamī	34	5	29	6.800	2.766
1200..1700	6 1700	parANmuKa	parāṅmukha	30	3	27	10.000	3.322
1200..1700	6 1700	BUrja	bhūrja	38	36	2	1.056	0.078
1200..1700	6 1700	nirGoza	nirghoṣa	39	3	36	13.000	3.700
1200..1700	6 1700	nirvfta	nirvṛta	32	0	32	inf	inf
1200..1700	6 1700	nAla	nāla	38	62	-24	0.613	-0.706
1200..1700	6 1700	nipAta	nipāta	36	8	28	4.500	2.170
1200..1700	6 1700	fdDi	ṛddhi	36	21	15	1.714	0.778
1200..1700	6 1700	SrIvatsa	śrīvatsa	36	0	36	inf	inf
1200..1700	6 1700	SlakzRa	ślakṣṇa	34	46	-12	0.739	-0.436
1200..1700	6 1700	zawtriMSat	ṣaṭtriṁśat	37	6	31	6.167	2.624
1200..1700	6 1700	Druva	dhruva	37	9	28	4.111	2.040
1200..1700	6 1700	umApati	umāpati	33	0	33	inf	inf
1200..1700	6 1700	uraga	uraga	36	10	26	3.600	1.848
1200..1700	6 1700	vArttA	vārttā	39	6	33	6.500	2.700
1200..1700	6 1700	vikriyA	vikriyā	31	3	28	10.333	3.369
1200..1700	6 1700	Bagadatta	bhagadatta	38	0	38	inf	inf
1200..1700	6 1700	BAs	bhās	37	6	31	6.167	2.624
1200..1700	6 1700	BAsvara	bhāsvara	38	8	30	4.750	2.248
1200..1700	6 1700	BIzaRa	bhīṣaṇa	35	6	29	5.833	2.544
1200..1700	6 1700	cala	cala	38	23	15	1.652	0.724
1200..1700	6 1700	citA	citā	38	7	31	5.429	2.441
1200..1700	6 1700	arRa	arṇa	40	3	37	13.333	3.737
1200..1700	6 1700	avamAna	avamāna	37	0	37	inf	inf
1200..1700	6 1700	Antara	āntara	31	4	27	7.750	2.954
1200..1700	6 1700	ABAsa	ābhāsa	40	16	24	2.500	1.322
1200..1700	6 1700	Ama	āma	35	159	-124	0.220	-2.184
1200..1700	6 1700	Aroha	āroha	38	4	34	9.500	3.248
1200..1700	6 1700	Akulita	ākulita	40	3	37	13.333	3.737
1200..1700	6 1700	ASaNkA	āśaṅkā	38	4	34	9.500	3.248
1200..1700	6 1700	Asava	āsava	37	7	30	5.286	2.402
1200..1700	6 1700	AsvAda	āsvāda	37	12	25	3.083	1.624
1200..1700	6 1700	Ahvaya	āhvaya	33	205	-172	0.161	-2.635
1200..1700	6 1700	yAjYavalkya	yājñavalkya	27	18	9	1.500	0.585
1200..1700	6 1700	yogin	yogin	35	115	-80	0.304	-1.716
1200..1700	6 1700	raYjana	rañjana	36	79	-43	0.456	-1.134
1200..1700	6 1700	lokapAla	lokapāla	38	0	38	inf	inf
1200..1700	6 1700	vaYcana	vañcana	37	6	31	6.167	2.624
1200..1700	6 1700	rAkzasI	rākṣasī	37	1	36	37.000	5.209
1200..1700	6 1700	mEtrI	maitrī	34	1	33	34.000	5.087
1200..1700	6 1700	varza	varṣa	36	101	-65	0.356	-1.488
1200..1700	6 1700	vallI	vallī	38	35	3	1.086	0.119
1200..1700	6 1700	mAtaMga	mātaṁga	40	7	33	5.714	2.515
1200..1700	6 1700	leSa	leśa	39	7	32	5.571	2.478
1200..1700	6 1700	trARa	trāṇa	39	5	34	7.800	2.963
1200..1700	6 1700	devadAlI	devadālī	30	47	-17	0.638	-0.648
1200..1700	6 1700	dvArakA	dvārakā	35	1	34	35.000	5.129
1200..1700	6 1700	dvipa	dvipa	34	6	28	5.667	2.503
1200..1700	6 1700	pAdukA	pādukā	38	9	29	4.222	2.078
1200..1700	6 1700	sOzupta	sauṣupta	37	0	37	inf	inf
1200..1700	6 1700	snAyu	snāyu	39	2	37	19.500	4.285
1200..1700	6 1700	snuzA	snuṣā	36	0	36	inf	inf
1200..1700	6 1700	samBAra	sambhāra	39	7	32	5.571	2.478
1200..1700	6 1700	helA	helā	38	3	35	12.667	3.663
1200..1700	6 1700	sAMKya	sāṁkhya	35	1	34	35.000	5.129
1200..1700	6 1700	Sarvavarman	śarvavarman	35	0	35	inf	inf
1200..1700	6 1700	SarIrin	śarīrin	30	8	22	3.750	1.907
1200..1700	6 1700	vyAqi	vyāḍi	36	1	35	36.000	5.170
1200..1700	6 1700	svApa	svāpa	36	3	33	12.000	3.585
1200..1700	6 1700	vyagra	vyagra	39	4	35	9.750	3.285
1200..1700	6 1700	svABAvika	svābhāvika	33	7	26	4.714	2.237
1200..1700	6 1700	vipakza	vipakṣa	37	2	35	18.500	4.209
1200..1700	6 1700	guda	guda	36	42	-6	0.857	-0.222
1200..1700	6 1700	SmaSru	śmaśru	40	4	36	10.000	3.322
1200..1700	6 1700	gaRqa	gaṇḍa	40	12	28	3.333	1.737
1200..1700	6 1700	kvATa	kvātha	36	236	-200	0.153	-2.713
1200..1700	6 1700	pradIpa	pradīpa	37	5	32	7.400	2.888
1200..1700	6 1700	pfTu	pṛthu	37	16	21	2.312	1.209
1200..1700	6 1700	pOza	pauṣa	30	1	29	30.000	4.907
1200..1700	6 1700	prOQa	prauḍha	38	15	23	2.533	1.341
1200..1700	6 1700	prasidDi	prasiddhi	36	6	30	6.000	2.585
1200..1700	6 1700	prasava	prasava	37	15	22	2.467	1.303
1200..1700	6 1700	aS	aś	28	29	-1	0.966	-0.051
1200..1700	6 1700	krI	krī	38	2	36	19.000	4.248
1200..1700	6 1700	jalp	jalp	33	0	33	inf	inf
1200..1700	6 1700	anujYA	anujñā	37	7	30	5.286	2.402
1200..1700	6 1700	aBiDAv	abhidhāv	36	1	35	36.000	5.170
1200..1700	6 1700	svid	svid	39	90	-51	0.433	-1.206
1200..1700	6 1700	utkzip	utkṣip	36	3	33	12.000	3.585
1200..1700	6 1700	utsah	utsah	36	0	36	inf	inf
1200..1700	6 1700	upapAday	upapāday	29	2	27	14.500	3.858
1200..1700	6 1700	upalakzay	upalakṣay	33	11	22	3.000	1.585
1200..1700	6 1700	nirmuc	nirmuc	38	29	9	1.310	0.390
1200..1700	6 1700	prativac	prativac	31	0	31	inf	inf
1200..1700	6 1700	pratyaBijYA	pratyabhijñā	34	0	34	inf	inf
1200..1700	6 1700	prahf	prahṛ	36	2	34	18.000	4.170
1200..1700	6 1700	vipad	vipad	33	7	26	4.714	2.237
1200..1700	6 1700	vilap	vilap	35	1	34	35.000	5.129
1200..1700	6 1700	saMraB	saṁrabh	39	0	39	inf	inf
1200..1700	6 1700	saMvf	saṁvṛ	34	9	25	3.778	1.918
1200..1700	6 1700	saMkuYc	saṁkuñc	39	1	38	39.000	5.285
1200..1700	6 1700	saMtuz	saṁtuṣ	36	5	31	7.200	2.848
1200..1700	6 1700	saMnah	saṁnah	39	1	38	39.000	5.285
1200..1700	6 1700	dvAdaSAnta	dvādaśānta	38	1	37	38.000	5.248
1200..1700	6 1700	PAlguna	phālguna	38	3	35	12.667	3.663
1200..1700	6 1700	vAyavya	vāyavya	40	6	34	6.667	2.737
1200..1700	6 1700	kapawa	kapaṭa	36	0	36	inf	inf
1200..1700	6 1700	karkawa	karkaṭa	34	9	25	3.778	1.918
1200..1700	6 1700	kftArTa	kṛtārtha	35	1	34	35.000	5.129
1200..1700	6 1700	kfzaka	kṛṣaka	37	0	37	inf	inf
1200..1700	6 1700	akftrima	akṛtrima	30	7	23	4.286	2.100
1200..1700	6 1700	akza	akṣa	35	61	-26	0.574	-0.801
1200..1700	6 1700	aNkuSa	aṅkuśa	35	13	22	2.692	1.429
1200..1700	6 1700	acira	acira	34	6	28	5.667	2.503
1200..1700	6 1700	aDomuKa	adhomukha	35	36	-1	0.972	-0.041
1200..1700	6 1700	saktu	saktu	33	5	28	6.600	2.722
1200..1700	6 1700	aDyakza	adhyakṣa	35	1	34	35.000	5.129
1200..1700	6 1700	anuSaya	anuśaya	35	0	35	inf	inf
1200..1700	6 1700	kAMsya	kāṁsya	29	97	-68	0.299	-1.742
1200..1700	6 1700	nyagroDa	nyagrodha	28	12	16	2.333	1.222
1200..1700	6 1700	sattva	sattva	34	782	-748	0.043	-4.524
1200..1700	6 1700	BfSa	bhṛśa	38	1	37	38.000	5.248
1200..1700	6 1700	nimeza	nimeṣa	35	1	34	35.000	5.129
1200..1700	6 1700	nirvARa	nirvāṇa	38	8	30	4.750	2.248
1200..1700	6 1700	nirveda	nirveda	37	0	37	inf	inf
1200..1700	6 1700	nivAsa	nivāsa	34	8	26	4.250	2.087
1200..1700	6 1700	samA	samā	35	5	30	7.000	2.807
1200..1700	6 1700	samAna	samāna	30	64	-34	0.469	-1.093
1200..1700	6 1700	samucita	samucita	37	6	31	6.167	2.624
1200..1700	6 1700	ambA	ambā	35	1	34	35.000	5.129
1200..1700	6 1700	arocaka	arocaka	36	41	-5	0.878	-0.188
1200..1700	6 1700	nizkala	niṣkala	33	0	33	inf	inf
1200..1700	6 1700	maDu	madhu	30	300	-270	0.100	-3.322
1200..1700	6 1700	marica	marica	36	163	-127	0.221	-2.179
1200..1700	6 1700	fRa	ṛṇa	35	1	34	35.000	5.129
1200..1700	6 1700	Sreyas	śreyas	33	13	20	2.538	1.344
1200..1700	6 1700	Srotriya	śrotriya	36	0	36	inf	inf
1200..1700	6 1700	SvaSrU	śvaśrū	33	0	33	inf	inf
1200..1700	6 1700	zaqviDa	ṣaḍvidha	35	17	18	2.059	1.042
1200..1700	6 1700	DArmika	dhārmika	32	6	26	5.333	2.415
1200..1700	6 1700	vikAsa	vikāsa	35	11	24	3.182	1.670
1200..1700	6 1700	BAgya	bhāgya	35	10	25	3.500	1.807
1200..1700	6 1700	BAvanA	bhāvanā	29	83	-54	0.349	-1.517
1200..1700	6 1700	cewI	ceṭī	37	1	36	37.000	5.209
1200..1700	6 1700	utkawa	utkaṭa	30	17	13	1.765	0.819
1200..1700	6 1700	udaDi	udadhi	35	4	31	8.750	3.129
1200..1700	6 1700	hrasva	hrasva	34	14	20	2.429	1.280
1200..1700	6 1700	Atreya	ātreya	35	1	34	35.000	5.129
1200..1700	6 1700	ADikya	ādhikya	37	47	-10	0.787	-0.345
1200..1700	6 1700	Ardraka	ārdraka	32	93	-61	0.344	-1.539
1200..1700	6 1700	aSakta	aśakta	37	4	33	9.250	3.209
1200..1700	6 1700	yoDa	yodha	36	0	36	inf	inf
1200..1700	6 1700	rava	rava	31	12	19	2.583	1.369
1200..1700	6 1700	yaTezwa	yatheṣṭa	35	12	23	2.917	1.544
1200..1700	6 1700	varzA	varṣā	35	20	15	1.750	0.807
1200..1700	6 1700	vasana	vasana	37	11	26	3.364	1.750
1200..1700	6 1700	vAYCA	vāñchā	30	4	26	7.500	2.907
1200..1700	6 1700	lava	lava	35	13	22	2.692	1.429
1200..1700	6 1700	tAlu	tālu	36	15	21	2.400	1.263
1200..1700	6 1700	trika	trika	33	13	20	2.538	1.344
1200..1700	6 1700	jaWara	jaṭhara	38	51	-13	0.745	-0.424
1200..1700	6 1700	janamejaya	janamejaya	34	0	34	inf	inf
1200..1700	6 1700	jamadagni	jamadagni	36	0	36	inf	inf
1200..1700	6 1700	jAra	jāra	36	0	36	inf	inf
1200..1700	6 1700	dEnya	dainya	38	7	31	5.429	2.441
1200..1700	6 1700	dvijanman	dvijanman	29	1	28	29.000	4.858
1200..1700	6 1700	dvijAti	dvijāti	34	7	27	4.857	2.280
1200..1700	6 1700	dviz	dviṣ	30	8	22	3.750	1.907
1200..1700	6 1700	pAra	pāra	37	21	16	1.762	0.817
1200..1700	6 1700	pArameSvara	pārameśvara	35	0	35	inf	inf
1200..1700	6 1700	tandrA	tandrā	35	8	27	4.375	2.129
1200..1700	6 1700	tAmbUla	tāmbūla	38	27	11	1.407	0.493
1200..1700	6 1700	tAratamya	tāratamya	35	9	26	3.889	1.959
1200..1700	6 1700	sevaka	sevaka	34	12	22	2.833	1.503
1200..1700	6 1700	savya	savya	29	15	14	1.933	0.951
1200..1700	6 1700	sahadeva	sahadeva	36	0	36	inf	inf
1200..1700	6 1700	sudarSana	sudarśana	32	3	29	10.667	3.415
1200..1700	6 1700	harItakI	harītakī	30	52	-22	0.577	-0.794
1200..1700	6 1700	hAsya	hāsya	36	7	29	5.143	2.363
1200..1700	6 1700	hastinApura	hastināpura	26	0	26	inf	inf
1200..1700	6 1700	hikkA	hikkā	33	46	-13	0.717	-0.479
1200..1700	6 1700	hiNgula	hiṅgula	30	122	-92	0.246	-2.024
1200..1700	6 1700	sAman	sāman	36	1	35	36.000	5.170
1200..1700	6 1700	svalpa	svalpa	36	38	-2	0.947	-0.078
1200..1700	6 1700	svADyAya	svādhyāya	35	8	27	4.375	2.129
1200..1700	6 1700	svayamBu	svayambhu	35	2	33	17.500	4.129
1200..1700	6 1700	vyapadeSa	vyapadeśa	34	5	29	6.800	2.766
1200..1700	6 1700	viDAtf	vidhātṛ	34	2	32	17.000	4.087
1200..1700	6 1700	viPala	viphala	34	3	31	11.333	3.503
1200..1700	6 1700	Sukti	śukti	35	31	4	1.129	0.175
1200..1700	6 1700	Siva	śiva	29	195	-166	0.149	-2.749
1200..1700	6 1700	SiSira	śiśira	34	114	-80	0.298	-1.745
1200..1700	6 1700	kzapA	kṣapā	36	2	34	18.000	4.170
1200..1700	6 1700	muKara	mukhara	37	3	34	12.333	3.624
1200..1700	6 1700	mfttikA	mṛttikā	31	108	-77	0.287	-1.801
1200..1700	6 1700	pratiBA	pratibhā	37	7	30	5.286	2.402
1200..1700	6 1700	pratIkAra	pratīkāra	37	5	32	7.400	2.888
1200..1700	6 1700	puzpadanta	puṣpadanta	35	0	35	inf	inf
1200..1700	6 1700	dAsI	dāsī	32	9	23	3.556	1.830
1200..1700	6 1700	bfhat	bṛhat	32	13	19	2.462	1.300
1200..1700	6 1700	prakawa	prakaṭa	35	13	22	2.692	1.429
1200..1700	6 1700	pratigraha	pratigraha	27	0	27	inf	inf
1200..1700	6 1700	Gfz	ghṛṣ	35	70	-35	0.500	-1.000
1200..1700	6 1700	cumb	cumb	38	10	28	3.800	1.926
1200..1700	6 1700	jfmB	jṛmbh	29	2	27	14.500	3.858
1200..1700	6 1700	nand	nand	36	2	34	18.000	4.170
1200..1700	6 1700	anusaMDA	anusaṁdhā	36	4	32	9.000	3.170
1200..1700	6 1700	trA	trā	33	5	28	6.600	2.722
1200..1700	6 1700	Apat	āpat	31	1	30	31.000	4.954
1200..1700	6 1700	Bakz	bhakṣ	34	24	10	1.417	0.503
1200..1700	6 1700	Aveday	āveday	33	3	30	11.000	3.459
1200..1700	6 1700	unnI	unnī	25	3	22	8.333	3.059
1200..1700	6 1700	nizic	niṣic	36	18	18	2.000	1.000
1200..1700	6 1700	caYcu	cañcu	37	12	25	3.083	1.624
1200..1700	6 1700	prakalpay	prakalpay	31	49	-18	0.633	-0.661
1200..1700	6 1700	prApay	prāpay	32	4	28	8.000	3.000
1200..1700	6 1700	capala	capala	32	48	-16	0.667	-0.585
1200..1700	6 1700	samADA	samādhā	30	6	24	5.000	2.322
1200..1700	6 1700	samASri	samāśri	34	6	28	5.667	2.503
1200..1700	6 1700	sammantray	sammantray	30	0	30	inf	inf
1200..1700	6 1700	udaYc	udañc	35	4	31	8.750	3.129
1200..1700	6 1700	Samay	śamay	34	19	15	1.789	0.840
1200..1700	6 1700	dfkkriyA	dṛkkriyā	35	0	35	inf	inf
1200..1700	6 1700	niHsvana	niḥsvana	30	2	28	15.000	3.907
1200..1700	6 1700	akARqa	akāṇḍa	34	2	32	17.000	4.087
1200..1700	6 1700	akzOhiRI	akṣauhiṇī	26	0	26	inf	inf
1200..1700	6 1700	saMsad	saṁsad	32	3	29	10.667	3.415
1200..1700	6 1700	saMsTa	saṁstha	35	20	15	1.750	0.807
1200..1700	6 1700	saMcAra	saṁcāra	35	6	29	5.833	2.544
1200..1700	6 1700	saMjalpa	saṁjalpa	33	0	33	inf	inf
1200..1700	6 1700	anurasa	anurasa	32	2	30	16.000	4.000
1200..1700	6 1700	anulepana	anulepana	32	4	28	8.000	3.000
1200..1700	6 1700	antaHkaraRa	antaḥkaraṇa	34	8	26	4.250	2.087
1200..1700	6 1700	kalanA	kalanā	34	2	32	17.000	4.087
1200..1700	6 1700	kAra	kāra	34	18	16	1.889	0.918
1200..1700	6 1700	sanAtana	sanātana	30	5	25	6.000	2.585
1200..1700	6 1700	kuRqa	kuṇḍa	34	27	7	1.259	0.333
1200..1700	6 1700	kulatTa	kulattha	32	60	-28	0.533	-0.907
1200..1700	6 1700	Bedin	bhedin	32	32	0	1.000	0.000
1200..1700	6 1700	maKa	makha	32	2	30	16.000	4.000
1200..1700	6 1700	majjan	majjan	34	25	9	1.360	0.444
1200..1700	6 1700	maYjUzA	mañjūṣā	35	7	28	5.000	2.322
1200..1700	6 1700	maWa	maṭha	34	5	29	6.800	2.766
1200..1700	6 1700	nimba	nimba	31	71	-40	0.437	-1.196
1200..1700	6 1700	nirJara	nirjhara	28	3	25	9.333	3.222
1200..1700	6 1700	nirdeSa	nirdeśa	34	5	29	6.800	2.766
1200..1700	6 1700	nizeka	niṣeka	34	11	23	3.091	1.628
1200..1700	6 1700	nEmittika	naimittika	30	2	28	15.000	3.907
1200..1700	6 1700	samudAya	samudāya	35	5	30	7.000	2.807
1200..1700	6 1700	niHSaNka	niḥśaṅka	35	2	33	17.500	4.129
1200..1700	6 1700	nirguRa	nirguṇa	31	5	26	6.200	2.632
1200..1700	6 1700	niDAna	nidhāna	33	5	28	6.600	2.722
1200..1700	6 1700	mataMga	mataṁga	36	2	34	18.000	4.170
1200..1700	6 1700	malaya	malaya	34	9	25	3.778	1.918
1200..1700	6 1700	uras	uras	32	12	20	2.667	1.415
1200..1700	6 1700	ullAsa	ullāsa	35	15	20	2.333	1.222
1200..1700	6 1700	SrIDara	śrīdhara	30	0	30	inf	inf
1200..1700	6 1700	upalabDi	upalabdhi	33	2	31	16.500	4.044
1200..1700	6 1700	vAha	vāha	32	10	22	3.200	1.678
1200..1700	6 1700	BAradvAja	bhāradvāja	34	3	31	11.333	3.503
1200..1700	6 1700	BAzA	bhāṣā	33	11	22	3.000	1.585
1200..1700	6 1700	Bizaj	bhiṣaj	32	160	-128	0.200	-2.322
1200..1700	6 1700	BujaMgama	bhujaṁgama	30	5	25	6.000	2.585
1200..1700	6 1700	Buj	bhuj	33	147	-114	0.224	-2.155
1200..1700	6 1700	cihna	cihna	30	9	21	3.333	1.737
1200..1700	6 1700	avajYA	avajñā	34	1	33	34.000	5.087
1200..1700	6 1700	avaBAsa	avabhāsa	34	2	32	17.000	4.087
1200..1700	6 1700	avidyA	avidyā	34	0	34	inf	inf
1200..1700	6 1700	Apatti	āpatti	30	3	27	10.000	3.322
1200..1700	6 1700	Amiza	āmiṣa	31	24	7	1.292	0.369
1200..1700	6 1700	aSman	aśman	33	59	-26	0.559	-0.838
1200..1700	6 1700	AGAta	āghāta	34	7	27	4.857	2.280
1200..1700	6 1700	AvAhana	āvāhana	30	5	25	6.000	2.585
1200..1700	6 1700	IrzyA	īrṣyā	31	6	25	5.167	2.369
1200..1700	6 1700	yAdava	yādava	33	1	32	33.000	5.044
1200..1700	6 1700	yAmala	yāmala	31	1	30	31.000	4.954
1200..1700	6 1700	rAjikA	rājikā	32	51	-19	0.627	-0.672
1200..1700	6 1700	rukmiRI	rukmiṇī	30	2	28	15.000	3.907
1200..1700	6 1700	mlecCa	mleccha	35	29	6	1.207	0.271
1200..1700	6 1700	yaTocita	yathocita	29	5	24	5.800	2.536
1200..1700	6 1700	yayAti	yayāti	30	0	30	inf	inf
1200..1700	6 1700	yAna	yāna	34	6	28	5.667	2.503
1200..1700	6 1700	yAcaka	yācaka	31	2	29	15.500	3.954
1200..1700	6 1700	vAjIkaraRa	vājīkaraṇa	30	5	25	6.000	2.585
1200..1700	6 1700	mAgaDa	māgadha	32	1	31	32.000	5.000
1200..1700	6 1700	revatI	revatī	34	0	34	inf	inf
1200..1700	6 1700	laNGana	laṅghana	31	8	23	3.875	1.954
1200..1700	6 1700	leKA	lekhā	34	9	25	3.778	1.918
1200..1700	6 1700	lopa	lopa	33	3	30	11.000	3.459
1200..1700	6 1700	tilaka	tilaka	35	28	7	1.250	0.322
1200..1700	6 1700	turaMga	turaṁga	33	5	28	6.600	2.722
1200..1700	6 1700	dIpti	dīpti	33	29	4	1.138	0.186
1200..1700	6 1700	duzkara	duṣkara	34	2	32	17.000	4.087
1200..1700	6 1700	duzwa	duṣṭa	36	22	14	1.636	0.710
1200..1700	6 1700	jAnakI	jānakī	31	0	31	inf	inf
1200..1700	6 1700	pAyu	pāyu	34	4	30	8.500	3.087
1200..1700	6 1700	taraMga	taraṁga	35	5	30	7.000	2.807
1200..1700	6 1700	suvrata	suvrata	29	5	24	5.800	2.536
1200..1700	6 1700	dama	dama	33	3	30	11.000	3.459
1200..1700	6 1700	sukfta	sukṛta	34	6	28	5.667	2.503
1200..1700	6 1700	sugrIva	sugrīva	32	0	32	inf	inf
1200..1700	6 1700	suBadrA	subhadrā	28	3	25	9.333	3.222
1200..1700	6 1700	hutASana	hutāśana	31	9	22	3.444	1.784
1200..1700	6 1700	sahasraka	sahasraka	26	14	12	1.857	0.893
1200..1700	6 1700	sADu	sādhu	34	13	21	2.615	1.387
1200..1700	6 1700	sAMniDya	sāṁnidhya	35	2	33	17.500	4.129
1200..1700	6 1700	sPAra	sphāra	36	4	32	9.000	3.170
1200..1700	6 1700	sraj	sraj	34	3	31	11.333	3.503
1200..1700	6 1700	Satakratu	śatakratu	29	0	29	inf	inf
1200..1700	6 1700	vEkartana	vaikartana	30	0	30	inf	inf
1200..1700	6 1700	hatyA	hatyā	34	9	25	3.778	1.918
1200..1700	6 1700	vEzRavI	vaiṣṇavī	30	3	27	10.000	3.322
1200..1700	6 1700	svedana	svedana	32	80	-48	0.400	-1.322
1200..1700	6 1700	viDAyin	vidhāyin	31	9	22	3.444	1.784
1200..1700	6 1700	vinatA	vinatā	32	3	29	10.667	3.415
1200..1700	6 1700	gulPa	gulpha	32	24	8	1.333	0.415
1200..1700	6 1700	SoDaka	śodhaka	29	3	26	9.667	3.273
1200..1700	6 1700	Kalla	khalla	35	35	0	1.000	0.000
1200..1700	6 1700	gadADara	gadādhara	28	0	28	inf	inf
1200..1700	6 1700	gAnDarva	gāndharva	33	26	7	1.269	0.344
1200..1700	6 1700	SAtavAhana	śātavāhana	31	0	31	inf	inf
1200..1700	6 1700	SAka	śāka	31	53	-22	0.585	-0.774
1200..1700	6 1700	Sibira	śibira	35	0	35	inf	inf
1200..1700	6 1700	Siva	śiva	28	195	-167	0.144	-2.800
1200..1700	6 1700	kzata	kṣata	33	27	6	1.222	0.290
1200..1700	6 1700	mukuwa	mukuṭa	33	7	26	4.714	2.237
1200..1700	6 1700	pratipAdana	pratipādana	32	4	28	8.000	3.000
1200..1700	6 1700	vistAra	vistāra	35	35	0	1.000	0.000
1200..1700	6 1700	pizwi	piṣṭi	35	67	-32	0.522	-0.937
1200..1700	6 1700	pInasa	pīnasa	30	31	-1	0.968	-0.047
1200..1700	6 1700	pIna	pīna	34	7	27	4.857	2.280
1200..1700	6 1700	dAyaka	dāyaka	25	31	-6	0.806	-0.310
1200..1700	6 1700	brahmahatyA	brahmahatyā	33	7	26	4.714	2.237
1200..1700	6 1700	prakopa	prakopa	33	25	8	1.320	0.401
1200..1700	6 1700	cezw	ceṣṭ	29	8	21	3.625	1.858
1200..1700	6 1700	ruc	ruc	31	13	18	2.385	1.254
1200..1700	6 1700	kAmay	kāmay	31	13	18	2.385	1.254
1200..1700	6 1700	DAv	dhāv	35	13	22	2.692	1.429
1200..1700	6 1700	anuraYj	anurañj	34	2	32	17.000	4.087
1200..1700	6 1700	antargam	antargam	34	23	11	1.478	0.564
1200..1700	6 1700	coday	coday	26	1	25	26.000	4.700
1200..1700	6 1700	stamBay	stambhay	33	12	21	2.750	1.459
1200..1700	6 1700	aBihan	abhihan	34	0	34	inf	inf
1200..1700	6 1700	aByupagam	abhyupagam	32	7	25	4.571	2.193
1200..1700	6 1700	Adf	ādṛ	32	3	29	10.667	3.415
1200..1700	6 1700	Anam	ānam	34	1	33	34.000	5.087
1200..1700	6 1700	udyuj	udyuj	34	2	32	17.000	4.087
1200..1700	6 1700	upajan	upajan	32	5	27	6.400	2.678
1200..1700	6 1700	upasaMhf	upasaṁhṛ	31	3	28	10.333	3.369
1200..1700	6 1700	ullas	ullas	27	5	22	5.400	2.433
1200..1700	6 1700	niram	niram	36	4	32	9.000	3.170
1200..1700	6 1700	nizad	niṣad	35	2	33	17.500	4.129
1200..1700	6 1700	nizpiz	niṣpiṣ	32	8	24	4.000	2.000
1200..1700	6 1700	pratigrah	pratigrah	31	1	30	31.000	4.954
1200..1700	6 1700	pravfD	pravṛdh	30	2	28	15.000	3.907
1200..1700	6 1700	viKyA	vikhyā	34	32	2	1.062	0.087
1200..1700	6 1700	vilas	vilas	34	6	28	5.667	2.503
1200..1700	6 1700	carAcara	carācara	24	9	15	2.667	1.415
1200..1700	6 1700	saMsTApay	saṁsthāpay	33	31	2	1.065	0.090
1200..1700	6 1700	samudBU	samudbhū	36	9	27	4.000	2.000
1200..1700	6 1700	vrIhi	vrīhi	35	19	16	1.842	0.881
1200..1700	6 1700	anaNga	anaṅga	29	1	28	29.000	4.858
1200..1700	6 1700	miSray	miśray	31	69	-38	0.449	-1.154
1200..1700	6 1700	suravanditA	suravanditā	28	3	25	9.333	3.222
1200..1700	6 1700	hetutva	hetutva	32	1	31	32.000	5.000
1200..1700	6 1700	vIryavat	vīryavat	29	4	25	7.250	2.858
1200..1700	6 1700	viBUzay	vibhūṣay	28	12	16	2.333	1.222
1200..1700	6 1700	melay	melay	29	59	-30	0.492	-1.025
1200..1700	6 1700	saMjIvaka	saṁjīvaka	31	0	31	inf	inf
1200..1700	6 1700	rUpaRikA	rūpaṇikā	32	0	32	inf	inf
1200..1700	6 1700	kakza	kakṣa	31	4	27	7.750	2.954
1200..1700	6 1700	kftAnta	kṛtānta	33	0	33	inf	inf
1200..1700	6 1700	kfcCra	kṛcchra	28	56	-28	0.500	-1.000
1200..1700	6 1700	agrya	agrya	33	20	13	1.650	0.722
1200..1700	6 1700	ajYAta	ajñāta	31	4	27	7.750	2.954
1200..1700	6 1700	atIsAra	atīsāra	32	49	-17	0.653	-0.615
1200..1700	6 1700	saMsTiti	saṁsthiti	23	2	21	11.500	3.524
1200..1700	6 1700	sakASa	sakāśa	32	4	28	8.000	3.000
1200..1700	6 1700	saMkula	saṁkula	28	4	24	7.000	2.807
1200..1700	6 1700	anAgata	anāgata	31	5	26	6.200	2.632
1200..1700	6 1700	anucita	anucita	31	3	28	10.333	3.369
1200..1700	6 1700	anubanDa	anubandha	31	1	30	31.000	4.954
1200..1700	6 1700	antarikza	antarikṣa	31	6	25	5.167	2.369
1200..1700	6 1700	kaluza	kaluṣa	33	5	28	6.600	2.722
1200..1700	6 1700	kArpAsa	kārpāsa	31	17	14	1.824	0.867
1200..1700	6 1700	satyavrata	satyavrata	28	1	27	28.000	4.807
1200..1700	6 1700	satvara	satvara	32	7	25	4.571	2.193
1200..1700	6 1700	saMniveSa	saṁniveśa	28	4	24	7.000	2.807
1200..1700	6 1700	apagama	apagama	32	2	30	16.000	4.000
1200..1700	6 1700	kiMSuka	kiṁśuka	30	22	8	1.364	0.447
1200..1700	6 1700	kunawI	kunaṭī	31	30	1	1.033	0.047
1200..1700	6 1700	BUmipa	bhūmipa	25	0	25	inf	inf
1200..1700	6 1700	BUmipAla	bhūmipāla	31	0	31	inf	inf
1200..1700	6 1700	BfNga	bhṛṅga	32	81	-49	0.395	-1.340
1200..1700	6 1700	Bogin	bhogin	32	9	23	3.556	1.830
1200..1700	6 1700	niyAmaka	niyāmaka	28	27	1	1.037	0.052
1200..1700	6 1700	nirbanDa	nirbandha	27	1	26	27.000	4.755
1200..1700	6 1700	nftya	nṛtya	30	6	24	5.000	2.322
1200..1700	6 1700	sampuwa	sampuṭa	34	190	-156	0.179	-2.482
1200..1700	6 1700	aByupAya	abhyupāya	33	0	33	inf	inf
1200..1700	6 1700	ambuda	ambuda	28	5	23	5.600	2.485
1200..1700	6 1700	nirvikAra	nirvikāra	34	6	28	5.667	2.503
1200..1700	6 1700	nicaya	nicaya	31	6	25	5.167	2.369
1200..1700	6 1700	manaHSilA	manaḥśilā	29	129	-100	0.225	-2.153
1200..1700	6 1700	manasvin	manasvin	29	3	26	9.667	3.273
1200..1700	6 1700	marakata	marakata	32	23	9	1.391	0.476
1200..1700	6 1700	ekAgra	ekāgra	33	1	32	33.000	5.044
1200..1700	6 1700	Srotf	śrotṛ	31	1	30	31.000	4.954
1200..1700	6 1700	SvayaTu	śvayathu	33	26	7	1.269	0.344
1200..1700	6 1700	nagna	nagna	31	2	29	15.500	3.954
1200..1700	6 1700	narottama	narottama	33	0	33	inf	inf
1200..1700	6 1700	upaSama	upaśama	33	2	31	16.500	4.044
1200..1700	6 1700	vicAraRA	vicāraṇā	25	28	-3	0.893	-0.163
1200..1700	6 1700	BayaMkara	bhayaṁkara	26	2	24	13.000	3.700
1200..1700	6 1700	cAndrAyaRa	cāndrāyaṇa	28	5	23	5.600	2.485
1200..1700	6 1700	cApala	cāpala	29	10	19	2.900	1.536
1200..1700	6 1700	cAraRa	cāraṇa	31	71	-40	0.437	-1.196
1200..1700	6 1700	Cala	chala	31	0	31	inf	inf
1200..1700	6 1700	CAga	chāga	31	32	-1	0.969	-0.046
1200..1700	6 1700	arcA	arcā	33	5	28	6.600	2.722
1200..1700	6 1700	avacCeda	avaccheda	34	0	34	inf	inf
1200..1700	6 1700	avazwamBa	avaṣṭambha	34	1	33	34.000	5.087
1200..1700	6 1700	avasAna	avasāna	34	9	25	3.778	1.918
1200..1700	6 1700	utkfzwa	utkṛṣṭa	34	33	1	1.030	0.043
1200..1700	6 1700	uttarottara	uttarottara	30	15	15	2.000	1.000
1200..1700	6 1700	udDaraRa	uddharaṇa	33	3	30	11.000	3.459
1200..1700	6 1700	udvAha	udvāha	33	2	31	16.500	4.044
1200..1700	6 1700	Anantya	ānantya	29	3	26	9.667	3.273
1200..1700	6 1700	aSmarI	aśmarī	31	49	-18	0.633	-0.661
1200..1700	6 1700	AKu	ākhu	31	4	27	7.750	2.954
1200..1700	6 1700	Ahnika	āhnika	24	1	23	24.000	4.585
1200..1700	6 1700	indranIla	indranīla	29	18	11	1.611	0.688
1200..1700	6 1700	vajrin	vajrin	33	13	20	2.538	1.344
1200..1700	6 1700	vaSya	vaśya	31	21	10	1.476	0.562
1200..1700	6 1700	vAmA	vāmā	30	3	27	10.000	3.322
1200..1700	6 1700	mAtali	mātali	28	0	28	inf	inf
1200..1700	6 1700	tEjasa	taijasa	31	8	23	3.875	1.954
1200..1700	6 1700	trijagant	trijagant	33	3	30	11.000	3.459
1200..1700	6 1700	devayAnI	devayānī	33	0	33	inf	inf
1200..1700	6 1700	jayA	jayā	31	31	0	1.000	0.000
1200..1700	6 1700	jAqya	jāḍya	33	30	3	1.100	0.138
1200..1700	6 1700	dvAtriMSat	dvātriṁśat	30	22	8	1.364	0.447
1200..1700	6 1700	dvijottama	dvijottama	25	3	22	8.333	3.059
1200..1700	6 1700	Darmanandana	dharmanandana	27	0	27	inf	inf
1200..1700	6 1700	pallI	pallī	32	1	31	32.000	5.000
1200..1700	6 1700	pARqu	pāṇḍu	34	216	-182	0.157	-2.667
1200..1700	6 1700	tApasa	tāpasa	30	3	27	10.000	3.322
1200..1700	6 1700	dantin	dantin	29	8	21	3.625	1.858
1200..1700	6 1700	sOvarcala	sauvarcala	30	46	-16	0.652	-0.617
1200..1700	6 1700	sTErya	sthairya	30	27	3	1.111	0.152
1200..1700	6 1700	samBoga	sambhoga	33	12	21	2.750	1.459
1200..1700	6 1700	sinDu	sindhu	32	41	-9	0.780	-0.358
1200..1700	6 1700	sudarSana	sudarśana	30	3	27	10.000	3.322
1200..1700	6 1700	hiraRyagarBa	hiraṇyagarbha	34	0	34	inf	inf
1200..1700	6 1700	hiraRyaka	hiraṇyaka	31	0	31	inf	inf
1200..1700	6 1700	sahasrAnIka	sahasrānīka	34	0	34	inf	inf
1200..1700	6 1700	sAdara	sādara	33	9	24	3.667	1.874
1200..1700	6 1700	svaDarma	svadharma	32	3	29	10.667	3.415
1200..1700	6 1700	svaDA	svadhā	32	1	31	32.000	5.000
1200..1700	6 1700	vErin	vairin	28	3	25	9.333	3.222
1200..1700	6 1700	hanumant	hanumant	29	1	28	29.000	4.858
1200..1700	6 1700	vyatireka	vyatireka	31	8	23	3.875	1.954
1200..1700	6 1700	vyAna	vyāna	29	4	25	7.250	2.858
1200..1700	6 1700	vyasta	vyasta	33	10	23	3.300	1.722
1200..1700	6 1700	vyAKyAna	vyākhyāna	27	4	23	6.750	2.755
1200..1700	6 1700	vidyeSvara	vidyeśvara	32	0	32	inf	inf
1200..1700	6 1700	guggulu	guggulu	28	48	-20	0.583	-0.778
1200..1700	6 1700	gopAla	gopāla	33	2	31	16.500	4.044
1200..1700	6 1700	Kadira	khadira	31	35	-4	0.886	-0.175
1200..1700	6 1700	KARqava	khāṇḍava	27	0	27	inf	inf
1200..1700	6 1700	gardaBa	gardabha	30	6	24	5.000	2.322
1200..1700	6 1700	gAnDArI	gāndhārī	32	7	25	4.571	2.193
1200..1700	6 1700	SAli	śāli	30	51	-21	0.588	-0.766
1200..1700	6 1700	SiSira	śiśira	32	114	-82	0.281	-1.833
1200..1700	6 1700	kzuDA	kṣudhā	33	11	22	3.000	1.585
1200..1700	6 1700	kzOdra	kṣaudra	33	98	-65	0.337	-1.570
1200..1700	6 1700	Kecara	khecara	30	30	0	1.000	0.000
1200..1700	6 1700	virAwa	virāṭa	32	0	32	inf	inf
1200..1700	6 1700	mUka	mūka	34	6	28	5.667	2.503
1200..1700	6 1700	viroDin	virodhin	30	3	27	10.000	3.322
1200..1700	6 1700	vIRA	vīṇā	33	4	29	8.250	3.044
1200..1700	6 1700	vIci	vīci	34	8	26	4.250	2.087
1200..1700	6 1700	purUravas	purūravas	25	0	25	inf	inf
1200..1700	6 1700	bAhulya	bāhulya	31	10	21	3.100	1.632
1200..1700	6 1700	plIhan	plīhan	34	98	-64	0.347	-1.527
1200..1700	6 1700	prahva	prahva	34	3	31	11.333	3.503
1200..1700	6 1700	arc	arc	26	3	23	8.667	3.115
1200..1700	6 1700	Gaw	ghaṭ	27	5	22	5.400	2.433
1200..1700	6 1700	glAni	glāni	30	6	24	5.000	2.322
1200..1700	6 1700	grahaRI	grahaṇī	34	118	-84	0.288	-1.795
1200..1700	6 1700	DvaMs	dhvaṁs	32	3	29	10.667	3.415
1200..1700	6 1700	anuvft	anuvṛt	27	5	22	5.400	2.433
1200..1700	6 1700	maT	math	31	12	19	2.583	1.369
1200..1700	6 1700	val	val	32	5	27	6.400	2.678
1200..1700	6 1700	vyaT	vyath	32	0	32	inf	inf
1200..1700	6 1700	BrAmay	bhrāmay	28	7	21	4.000	2.000
1200..1700	6 1700	avakf	avakṛ	29	2	27	14.500	3.858
1200..1700	6 1700	KaRqay	khaṇḍay	32	11	21	2.909	1.541
1200..1700	6 1700	muz	muṣ	31	8	23	3.875	1.954
1200..1700	6 1700	udDU	uddhū	33	0	33	inf	inf
1200..1700	6 1700	parivft	parivṛt	29	1	28	29.000	4.858
1200..1700	6 1700	pratiBAz	pratibhāṣ	25	0	25	inf	inf
1200..1700	6 1700	vikf	vikṛ	30	15	15	2.000	1.000
1200..1700	6 1700	vigal	vigal	33	7	26	4.714	2.237
1200..1700	6 1700	vinirgam	vinirgam	31	2	29	15.500	3.954
1200..1700	6 1700	pratibimbita	pratibimbita	29	0	29	inf	inf
1200..1700	6 1700	camatkAra	camatkāra	32	1	31	32.000	5.000
1200..1700	6 1700	saMvid	saṁvid	28	27	1	1.037	0.052
1200..1700	6 1700	saMkram	saṁkram	33	0	33	inf	inf
1200..1700	6 1700	saMtarpay	saṁtarpay	32	7	25	4.571	2.193
1200..1700	6 1700	samAsAday	samāsāday	34	3	31	11.333	3.503
1200..1700	6 1700	vyaYj	vyañj	30	4	26	7.500	2.907
1200..1700	6 1700	pratimA	pratimā	33	8	25	4.125	2.044
1200..1700	6 1700	pOtra	pautra	32	2	30	16.000	4.000
1200..1700	6 1700	nizecay	niṣecay	28	23	5	1.217	0.284
1200..1700	6 1700	BOma	bhauma	31	7	24	4.429	2.147
1200..1700	6 1700	namasy	namasy	21	0	21	inf	inf
1200..1700	6 1700	kzetrajYa	kṣetrajña	30	1	29	30.000	4.907
1200..1700	6 1700	uttaNka	uttaṅka	26	0	26	inf	inf
1200..1700	6 1700	citravarRa	citravarṇa	32	0	32	inf	inf
1200..1700	6 1700	Darmatanaya	dharmatanaya	34	0	34	inf	inf
1200..1700	6 1700	kaMsa	kaṁsa	30	4	26	7.500	2.907
1200..1700	6 1700	kanizWA	kaniṣṭhā	29	3	26	9.667	3.273
1200..1700	6 1700	kapila	kapila	31	24	7	1.292	0.369
1200..1700	6 1700	karavIra	karavīra	30	26	4	1.154	0.206
1200..1700	6 1700	karAla	karāla	32	2	30	16.000	4.000
1200..1700	6 1700	kekaya	kekaya	26	0	26	inf	inf
1200..1700	6 1700	komala	komala	30	40	-10	0.750	-0.415
1200..1700	6 1700	aguru	aguru	31	18	13	1.722	0.784
1200..1700	6 1700	ajYa	ajña	25	1	24	25.000	4.644
1200..1700	6 1700	atireka	atireka	30	1	29	30.000	4.907
1200..1700	6 1700	saMvarta	saṁvarta	30	4	26	7.500	2.907
1200..1700	6 1700	anAmaya	anāmaya	23	3	20	7.667	2.939
1200..1700	6 1700	anukrama	anukrama	25	2	23	12.500	3.644
1200..1700	6 1700	anuguRa	anuguṇa	32	1	31	32.000	5.000
1200..1700	6 1700	anuttama	anuttama	25	18	7	1.389	0.474
1200..1700	6 1700	kartavya	kartavya	32	4	28	8.000	3.000
1200..1700	6 1700	karmendriya	karmendriya	29	1	28	29.000	4.858
1200..1700	6 1700	kalpana	kalpana	28	1	27	28.000	4.807
1200..1700	6 1700	paNkaja	paṅkaja	29	5	24	5.800	2.536
1200..1700	6 1700	paRqita	paṇḍita	29	11	18	2.636	1.399
1200..1700	6 1700	paramparA	paramparā	27	7	20	3.857	1.948
1200..1700	6 1700	saMdeSa	saṁdeśa	31	7	24	4.429	2.147
1200..1700	6 1700	anvarTa	anvartha	30	3	27	10.000	3.322
1200..1700	6 1700	apavAda	apavāda	30	4	26	7.500	2.907
1200..1700	6 1700	kAlAgni	kālāgni	28	0	28	inf	inf
1200..1700	6 1700	BUriSravas	bhūriśravas	26	0	26	inf	inf
1200..1700	6 1700	nivAsin	nivāsin	29	2	27	14.500	3.858
1200..1700	6 1700	amara	amara	29	43	-14	0.674	-0.568
1200..1700	6 1700	nirbIja	nirbīja	26	9	17	2.889	1.531
1200..1700	6 1700	nipuRa	nipuṇa	30	15	15	2.000	1.000
1200..1700	6 1700	nibanDana	nibandhana	27	4	23	6.750	2.755
1200..1700	6 1700	mantreSvara	mantreśvara	32	0	32	inf	inf
1200..1700	6 1700	marIci	marīci	25	10	15	2.500	1.322
1200..1700	6 1700	urvaSI	urvaśī	29	0	29	inf	inf
1200..1700	6 1700	uzwra	uṣṭra	30	8	22	3.750	1.907
1200..1700	6 1700	fkza	ṛkṣa	27	16	11	1.688	0.755
1200..1700	6 1700	eraRqa	eraṇḍa	27	60	-33	0.450	-1.152
1200..1700	6 1700	ESvara	aiśvara	26	1	25	26.000	4.700
1200..1700	6 1700	SrAdDin	śrāddhin	27	0	27	inf	inf
1200..1700	6 1700	saMvAda	saṁvāda	30	5	25	6.000	2.585
1200..1700	6 1700	DIvara	dhīvara	29	0	29	inf	inf
1200..1700	6 1700	DvaMsa	dhvaṁsa	31	14	17	2.214	1.147
1200..1700	6 1700	narman	narman	27	4	23	6.750	2.755
1200..1700	6 1700	upalamBa	upalambha	28	0	28	inf	inf
1200..1700	6 1700	upasarga	upasarga	28	1	27	28.000	4.807
1200..1700	6 1700	viraTa	viratha	29	0	29	inf	inf
1200..1700	6 1700	vikawa	vikaṭa	32	12	20	2.667	1.415
1200..1700	6 1700	viGAta	vighāta	30	10	20	3.000	1.585
1200..1700	6 1700	BastrA	bhastrā	29	27	2	1.074	0.103
1200..1700	6 1700	arpaRa	arpaṇa	28	4	24	7.000	2.807
1200..1700	6 1700	alaMkAra	alaṁkāra	31	12	19	2.583	1.369
1200..1700	6 1700	avara	avara	29	10	19	2.900	1.536
1200..1700	6 1700	ucCizwa	ucchiṣṭa	29	7	22	4.143	2.051
1200..1700	6 1700	udAharaRa	udāharaṇa	25	2	23	12.500	3.644
1200..1700	6 1700	udayana	udayana	29	1	28	29.000	4.858
1200..1700	6 1700	AmarSa	āmarśa	30	1	29	30.000	4.907
1200..1700	6 1700	Ara	āra	28	36	-8	0.778	-0.363
1200..1700	6 1700	Arjava	ārjava	30	1	29	30.000	4.907
1200..1700	6 1700	azwAvakra	aṣṭāvakra	17	0	17	inf	inf
1200..1700	6 1700	inDana	indhana	29	14	15	2.071	1.051
1200..1700	6 1700	icCu	icchu	32	3	29	10.667	3.415
1200..1700	6 1700	yoginI	yoginī	28	22	6	1.273	0.348
1200..1700	6 1700	varAka	varāka	29	0	29	inf	inf
1200..1700	6 1700	varjana	varjana	26	3	23	8.667	3.115
1200..1700	6 1700	rahasya	rahasya	28	12	16	2.333	1.222
1200..1700	6 1700	ruci	ruci	25	137	-112	0.182	-2.454
1200..1700	6 1700	ruru	ruru	27	8	19	3.375	1.755
1200..1700	6 1700	roza	roṣa	30	3	27	10.000	3.322
1200..1700	6 1700	rUpatva	rūpatva	32	3	29	10.667	3.415
1200..1700	6 1700	vasudeva	vasudeva	30	0	30	inf	inf
1200..1700	6 1700	mahAdevI	mahādevī	31	7	24	4.429	2.147
1200..1700	6 1700	reRu	reṇu	30	13	17	2.308	1.206
1200..1700	6 1700	tumburu	tumburu	29	7	22	4.143	2.051
1200..1700	6 1700	turaga	turaga	30	10	20	3.000	1.585
1200..1700	6 1700	trayodaSI	trayodaśī	32	5	27	6.400	2.678
1200..1700	6 1700	dustara	dustara	28	5	23	5.600	2.485
1200..1700	6 1700	devakI	devakī	30	1	29	30.000	4.907
1200..1700	6 1700	Darmaja	dharmaja	27	0	27	inf	inf
1200..1700	6 1700	pavitra	pavitra	31	19	12	1.632	0.706
1200..1700	6 1700	suzupta	suṣupta	32	2	30	16.000	4.000
1200..1700	6 1700	tryambaka	tryambaka	29	4	25	7.250	2.858
1200..1700	6 1700	dantakAzWa	dantakāṣṭha	27	1	26	27.000	4.755
1200..1700	6 1700	sOKya	saukhya	31	30	1	1.033	0.047
1200..1700	6 1700	spandana	spandana	29	3	26	9.667	3.273
1200..1700	6 1700	sasya	sasya	30	15	15	2.000	1.000
1200..1700	6 1700	hArIta	hārīta	29	20	9	1.450	0.536
1200..1700	6 1700	hfllAsa	hṛllāsa	30	14	16	2.143	1.100
1200..1700	6 1700	sArasa	sārasa	30	10	20	3.000	1.585
1200..1700	6 1700	SanEScara	śanaiścara	30	1	29	30.000	4.907
1200..1700	6 1700	vEqUrya	vaiḍūrya	32	39	-7	0.821	-0.285
1700..1956	7 1900	rasa	rasa	4650	303	4347	15.347	3.940
1700..1956	7 1900	kf	kṛ	4124	362	3762	11.392	3.510
1700..1956	7 1900	BU	bhū	3664	296	3368	12.378	3.630
1700..1956	7 1900	as	as	2387	139	2248	17.173	4.102
1700..1956	7 1900	Adi	ādi	2373	442	1931	5.369	2.425
1700..1956	7 1900	vac	vac	1774	347	1427	5.112	2.354
1700..1956	7 1900	kzip	kṣip	1858	32	1826	58.062	5.860
1700..1956	7 1900	dina	dina	1874	47	1827	39.872	5.317
1700..1956	7 1900	sUta	sūta	1934	56	1878	34.536	5.110
1700..1956	7 1900	dA	dā	1736	111	1625	15.640	3.967
1700..1956	7 1900	marday	marday	1485	19	1466	78.158	6.288
1700..1956	7 1900	pac	pac	1485	26	1459	57.115	5.836
1700..1956	7 1900	loha	loha	1491	139	1352	10.727	3.423
1700..1956	7 1900	tri	tri	1451	53	1398	27.377	4.775
1700..1956	7 1900	sattva	sattva	1418	82	1336	17.293	4.112
1700..1956	7 1900	jan	jan	1366	72	1294	18.972	4.246
1700..1956	7 1900	cUrRa	cūrṇa	1380	43	1337	32.093	5.004
1700..1956	7 1900	aMSa	aṁśa	1344	46	1298	29.217	4.869
1700..1956	7 1900	agni	agni	1288	98	1190	13.143	3.716
1700..1956	7 1900	puwa	puṭa	1191	46	1145	25.891	4.694
1700..1956	7 1900	Dam	dham	1110	31	1079	35.806	5.162
1700..1956	7 1900	pattra	pattra	1211	42	1169	28.833	4.850
1700..1956	7 1900	SuD	śudh	1080	38	1042	28.421	4.829
1700..1956	7 1900	tva	tva	1125	204	921	5.515	2.463
1700..1956	7 1900	ganDaka	gandhaka	1005	39	966	25.769	4.688
1700..1956	7 1900	drava	drava	994	47	947	21.149	4.403
1700..1956	7 1900	bIja	bīja	1036	67	969	15.463	3.951
1700..1956	7 1900	saptan	saptan	970	32	938	30.312	4.922
1700..1956	7 1900	tulya	tulya	1013	20	993	50.650	5.662
1700..1956	7 1900	gam	gam	1001	48	953	20.854	4.382
1700..1956	7 1900	mUzA	mūṣā	975	110	865	8.864	3.148
1700..1956	7 1900	vajra	vajra	957	37	920	25.865	4.693
1700..1956	7 1900	yoga	yoga	1015	101	914	10.050	3.329
1700..1956	7 1900	pala	pala	942	47	895	20.043	4.325
1700..1956	7 1900	mf	mṛ	917	43	874	21.326	4.415
1700..1956	7 1900	kzIra	kṣīra	979	20	959	48.950	5.613
1700..1956	7 1900	Pala	phala	940	40	900	23.500	4.555
1700..1956	7 1900	ganDa	gandha	929	26	903	35.731	5.159
1700..1956	7 1900	BAvay	bhāvay	873	14	859	62.357	5.962
1700..1956	7 1900	BAga	bhāga	911	116	795	7.853	2.973
1700..1956	7 1900	mAtra	mātra	957	48	909	19.938	4.317
1700..1956	7 1900	roga	roga	931	40	891	23.275	4.541
1700..1956	7 1900	tAmra	tāmra	898	49	849	18.327	4.196
1700..1956	7 1900	vAra	vāra	927	29	898	31.966	4.998
1700..1956	7 1900	guRa	guṇa	865	71	794	12.183	3.607
1700..1956	7 1900	arTa	artha	796	326	470	2.442	1.288
1700..1956	7 1900	tEla	taila	864	16	848	54.000	5.755
1700..1956	7 1900	Basman	bhasman	866	22	844	39.364	5.299
1700..1956	7 1900	heman	heman	843	27	816	31.222	4.965
1700..1956	7 1900	traya	traya	776	33	743	23.515	4.556
1700..1956	7 1900	maDya	madhya	872	74	798	11.784	3.559
1700..1956	7 1900	svarRa	svarṇa	814	64	750	12.719	3.669
1700..1956	7 1900	pravac	pravac	849	45	804	18.867	4.238
1700..1956	7 1900	ruD	rudh	811	18	793	45.056	5.494
1700..1956	7 1900	yuj	yuj	816	57	759	14.316	3.840
1700..1956	7 1900	muKa	mukha	792	102	690	7.765	2.957
1700..1956	7 1900	nAga	nāga	772	41	731	18.829	4.235
1700..1956	7 1900	ja	ja	796	47	749	16.936	4.082
1700..1956	7 1900	pArada	pārada	749	154	595	4.864	2.282
1700..1956	7 1900	mahat	mahat	785	40	745	19.625	4.295
1700..1956	7 1900	dvi	dvi	752	62	690	12.129	3.600
1700..1956	7 1900	piz	piṣ	767	11	756	69.727	6.124
1700..1956	7 1900	Sata	śata	748	29	719	25.793	4.689
1700..1956	7 1900	priya	priya	632	4	628	158.000	7.304
1700..1956	7 1900	jAray	jāray	685	11	674	62.273	5.961
1700..1956	7 1900	mUla	mūla	715	48	667	14.896	3.897
1700..1956	7 1900	banD	bandh	730	51	679	14.314	3.839
1700..1956	7 1900	jf	jṛ	668	41	627	16.293	4.026
1700..1956	7 1900	tA	tā	727	96	631	7.573	2.921
1700..1956	7 1900	varRa	varṇa	734	90	644	8.156	3.028
1700..1956	7 1900	devI	devī	739	5	734	147.800	7.208
1700..1956	7 1900	jala	jala	691	91	600	7.593	2.925
1700..1956	7 1900	divya	divya	729	7	722	104.143	6.702
1700..1956	7 1900	tAra	tāra	674	33	641	20.424	4.352
1700..1956	7 1900	catur	catur	670	65	605	10.308	3.366
1700..1956	7 1900	dravya	dravya	662	154	508	4.299	2.104
1700..1956	7 1900	sidDi	siddhi	697	54	643	12.907	3.690
1700..1956	7 1900	pA	pā	624	15	609	41.600	5.379
1700..1956	7 1900	yAma	yāma	670	31	639	21.613	4.434
1700..1956	7 1900	viza	viṣa	661	11	650	60.091	5.909
1700..1956	7 1900	go	go	644	18	626	35.778	5.161
1700..1956	7 1900	maDu	madhu	631	16	615	39.438	5.301
1700..1956	7 1900	sTA	sthā	649	61	588	10.639	3.411
1700..1956	7 1900	aBra	abhra	650	18	632	36.111	5.174
1700..1956	7 1900	karman	karman	612	52	560	11.769	3.557
1700..1956	7 1900	mfd	mṛd	635	96	539	6.615	2.726
1700..1956	7 1900	amla	amla	640	33	607	19.394	4.278
1700..1956	7 1900	doza	doṣa	631	71	560	8.887	3.152
1700..1956	7 1900	waNkaRa	ṭaṅkaṇa	602	15	587	40.133	5.327
1700..1956	7 1900	vahni	vahni	604	61	543	9.902	3.308
1700..1956	7 1900	dvaya	dvaya	594	60	534	9.900	3.307
1700..1956	7 1900	dru	dru	577	41	536	14.073	3.815
1700..1956	7 1900	lip	lip	599	29	570	20.655	4.368
1700..1956	7 1900	mAsa	māsa	594	16	578	37.125	5.214
1700..1956	7 1900	rasAyana	rasāyana	515	13	502	39.615	5.308
1700..1956	7 1900	daSan	daśan	585	23	562	25.435	4.669
1700..1956	7 1900	paYcan	pañcan	548	51	497	10.745	3.426
1700..1956	7 1900	anta	anta	596	30	566	19.867	4.312
1700..1956	7 1900	kAnta	kānta	562	11	551	51.091	5.675
1700..1956	7 1900	pAda	pāda	562	45	517	12.489	3.643
1700..1956	7 1900	azwan	aṣṭan	543	37	506	14.676	3.875
1700..1956	7 1900	pAtra	pātra	590	79	511	7.468	2.901
1700..1956	7 1900	mUtra	mūtra	576	20	556	28.800	4.848
1700..1956	7 1900	grah	grah	540	70	470	7.714	2.948
1700..1956	7 1900	deha	deha	572	56	516	10.214	3.353
1700..1956	7 1900	kara	kara	544	67	477	8.119	3.021
1700..1956	7 1900	deva	deva	551	23	528	23.957	4.582
1700..1956	7 1900	Gfta	ghṛta	524	13	511	40.308	5.333
1700..1956	7 1900	SrI	śrī	399	18	381	22.167	4.470
1700..1956	7 1900	vaNga	vaṅga	526	34	492	15.471	3.951
1700..1956	7 1900	vastra	vastra	530	29	501	18.276	4.192
1700..1956	7 1900	rUpa	rūpa	541	107	434	5.056	2.338
1700..1956	7 1900	kaTay	kathay	475	43	432	11.047	3.466
1700..1956	7 1900	dfS	dṛś	493	37	456	13.324	3.736
1700..1956	7 1900	puzpa	puṣpa	512	17	495	30.118	4.913
1700..1956	7 1900	lepay	lepay	459	4	455	114.750	6.842
1700..1956	7 1900	rakta	rakta	470	44	426	10.682	3.417
1700..1956	7 1900	bala	bala	471	18	453	26.167	4.710
1700..1956	7 1900	mantra	mantra	500	20	480	25.000	4.644
1700..1956	7 1900	nikzip	nikṣip	473	25	448	18.920	4.242
1700..1956	7 1900	zaz	ṣaṣ	451	27	424	16.704	4.062
1700..1956	7 1900	arka	arka	483	17	466	28.412	4.828
1700..1956	7 1900	viDi	vidhi	458	62	396	7.387	2.885
1700..1956	7 1900	kAray	kāray	418	24	394	17.417	4.122
1700..1956	7 1900	Gna	ghna	497	16	481	31.062	4.957
1700..1956	7 1900	saMSaya	saṁśaya	354	11	343	32.182	5.008
1700..1956	7 1900	nara	nara	429	23	406	18.652	4.221
1700..1956	7 1900	vIrya	vīrya	466	23	443	20.261	4.341
1700..1956	7 1900	viDA	vidhā	439	49	390	8.959	3.163
1700..1956	7 1900	ah	ah	421	272	149	1.548	0.630
1700..1956	7 1900	kfzRa	kṛṣṇa	459	23	436	19.957	4.319
1700..1956	7 1900	Sru	śru	458	11	447	41.636	5.380
1700..1956	7 1900	han	han	464	26	438	17.846	4.158
1700..1956	7 1900	aBraka	abhraka	447	24	423	18.625	4.219
1700..1956	7 1900	yantra	yantra	457	95	362	4.811	2.266
1700..1956	7 1900	guru	guru	431	33	398	13.061	3.707
1700..1956	7 1900	smf	smṛ	377	46	331	8.196	3.035
1700..1956	7 1900	karza	karṣa	435	11	424	39.545	5.305
1700..1956	7 1900	jIv	jīv	428	2	426	214.000	7.741
1700..1956	7 1900	mAkzika	mākṣika	408	14	394	29.143	4.865
1700..1956	7 1900	kzaRa	kṣaṇa	387	14	373	27.643	4.789
1700..1956	7 1900	vinikzip	vinikṣip	409	16	393	25.562	4.676
1700..1956	7 1900	SuBa	śubha	382	15	367	25.467	4.671
1700..1956	7 1900	sTa	stha	464	51	413	9.098	3.186
1700..1956	7 1900	saMyuta	saṁyuta	366	20	346	18.300	4.194
1700..1956	7 1900	sva	sva	438	46	392	9.522	3.251
1700..1956	7 1900	krama	krama	403	24	379	16.792	4.070
1700..1956	7 1900	samudDf	samuddhṛ	404	1	403	404.000	8.658
1700..1956	7 1900	hasta	hasta	444	32	412	13.875	3.794
1700..1956	7 1900	aha	aha	449	0	449	inf	inf
1700..1956	7 1900	arDa	ardha	444	55	389	8.073	3.013
1700..1956	7 1900	Kowa	khoṭa	424	21	403	20.190	4.336
1700..1956	7 1900	guYjA	guñjā	416	16	400	26.000	4.700
1700..1956	7 1900	cUrRay	cūrṇay	413	5	408	82.600	6.368
1700..1956	7 1900	Ajya	ājya	443	7	436	63.286	5.984
1700..1956	7 1900	muc	muc	418	10	408	41.800	5.385
1700..1956	7 1900	toya	toya	436	22	414	19.818	4.309
1700..1956	7 1900	kAYcana	kāñcana	341	2	339	170.500	7.414
1700..1956	7 1900	Sveta	śveta	362	36	326	10.056	3.330
1700..1956	7 1900	SilA	śilā	387	9	378	43.000	5.426
1700..1956	7 1900	triPalA	triphalā	392	6	386	65.333	6.030
1700..1956	7 1900	uttama	uttama	331	28	303	11.821	3.563
1700..1956	7 1900	jYA	jñā	402	44	358	9.136	3.192
1700..1956	7 1900	mfdu	mṛdu	386	17	369	22.706	4.505
1700..1956	7 1900	AKyA	ākhyā	405	30	375	13.500	3.755
1700..1956	7 1900	varza	varṣa	385	6	379	64.167	6.004
1700..1956	7 1900	dfQa	dṛḍha	378	36	342	10.500	3.392
1700..1956	7 1900	Siva	śiva	382	13	369	29.385	4.877
1700..1956	7 1900	snigDa	snigdha	386	10	376	38.600	5.271
1700..1956	7 1900	jAraRa	jāraṇa	344	71	273	4.845	2.277
1700..1956	7 1900	pitta	pitta	390	11	379	35.455	5.148
1700..1956	7 1900	yojay	yojay	313	20	293	15.650	3.968
1700..1956	7 1900	kanda	kanda	384	9	375	42.667	5.415
1700..1956	7 1900	BARqa	bhāṇḍa	382	61	321	6.262	2.647
1700..1956	7 1900	vad	vad	334	24	310	13.917	3.799
1700..1956	7 1900	saMyuj	saṁyuj	398	23	375	17.304	4.113
1700..1956	7 1900	vAta	vāta	371	5	366	74.200	6.213
1700..1956	7 1900	pIta	pīta	358	28	330	12.786	3.676
1700..1956	7 1900	Bakzay	bhakṣay	357	5	352	71.400	6.158
1700..1956	7 1900	sahasra	sahasra	363	12	351	30.250	4.919
1700..1956	7 1900	uzRa	uṣṇa	374	26	348	14.385	3.846
1700..1956	7 1900	hari	hari	295	4	291	73.750	6.205
1700..1956	7 1900	guru	guru	353	33	320	10.697	3.419
1700..1956	7 1900	sev	sev	365	4	361	91.250	6.512
1700..1956	7 1900	yuta	yuta	360	9	351	40.000	5.322
1700..1956	7 1900	Adya	ādya	375	24	351	15.625	3.966
1700..1956	7 1900	nizka	niṣka	360	5	355	72.000	6.170
1700..1956	7 1900	nAman	nāman	356	42	314	8.476	3.083
1700..1956	7 1900	druti	druti	340	7	333	48.571	5.602
1700..1956	7 1900	yA	yā	349	25	324	13.960	3.803
1700..1956	7 1900	kAla	kāla	355	51	304	6.961	2.799
1700..1956	7 1900	mfd	mṛd	350	96	254	3.646	1.866
1700..1956	7 1900	da	da	329	15	314	21.933	4.455
1700..1956	7 1900	kvATa	kvātha	354	13	341	27.231	4.767
1700..1956	7 1900	jarA	jarā	352	21	331	16.762	4.067
1700..1956	7 1900	drAva	drāva	360	6	354	60.000	5.907
1700..1956	7 1900	brahman	brahman	333	21	312	15.857	3.987
1700..1956	7 1900	hara	hara	341	8	333	42.625	5.414
1700..1956	7 1900	kAYjika	kāñjika	318	22	296	14.455	3.853
1700..1956	7 1900	zoqaSan	ṣoḍaśan	335	21	314	15.952	3.996
1700..1956	7 1900	dala	dala	343	17	326	20.176	4.335
1700..1956	7 1900	prayatna	prayatna	314	17	297	18.471	4.207
1700..1956	7 1900	pUjay	pūjay	313	8	305	39.125	5.290
1700..1956	7 1900	dugDa	dugdha	340	12	328	28.333	4.824
1700..1956	7 1900	puw	puṭ	313	19	294	16.474	4.042
1700..1956	7 1900	vimarday	vimarday	288	4	284	72.000	6.170
1700..1956	7 1900	strI	strī	318	11	307	28.909	4.853
1700..1956	7 1900	man	man	268	43	225	6.233	2.640
1700..1956	7 1900	aNga	aṅga	335	21	314	15.952	3.996
1700..1956	7 1900	Kalva	khalva	331	9	322	36.778	5.201
1700..1956	7 1900	pakva	pakva	320	8	312	40.000	5.322
1700..1956	7 1900	siD	sidh	308	41	267	7.512	2.909
1700..1956	7 1900	ABa	ābha	343	17	326	20.176	4.335
1700..1956	7 1900	tIkzRa	tīkṣṇa	315	23	292	13.696	3.776
1700..1956	7 1900	garBa	garbha	325	48	277	6.771	2.759
1700..1956	7 1900	jambIra	jambīra	315	9	306	35.000	5.129
1700..1956	7 1900	lavaRa	lavaṇa	313	30	283	10.433	3.383
1700..1956	7 1900	kzAra	kṣāra	305	30	275	10.167	3.346
1700..1956	7 1900	Sulba	śulba	312	3	309	104.000	6.700
1700..1956	7 1900	pAcay	pācay	293	2	291	146.500	7.195
1700..1956	7 1900	UrDva	ūrdhva	293	47	246	6.234	2.640
1700..1956	7 1900	banDa	bandha	316	45	271	7.022	2.812
1700..1956	7 1900	kalka	kalka	312	23	289	13.565	3.762
1700..1956	7 1900	bahu	bahu	304	21	283	14.476	3.856
1700..1956	7 1900	saKI	sakhī	290	1	289	290.000	8.180
1700..1956	7 1900	BUmi	bhūmi	305	48	257	6.354	2.668
1700..1956	7 1900	Atman	ātman	304	62	242	4.903	2.294
1700..1956	7 1900	maya	maya	305	51	254	5.980	2.580
1700..1956	7 1900	mftyu	mṛtyu	314	23	291	13.652	3.771
1700..1956	7 1900	drAvay	drāvay	281	2	279	140.500	7.134
1700..1956	7 1900	aNgula	aṅgula	305	91	214	3.352	1.745
1700..1956	7 1900	anvita	anvita	257	22	235	11.682	3.546
1700..1956	7 1900	mAray	māray	262	16	246	16.375	4.033
1700..1956	7 1900	apaha	apaha	254	9	245	28.222	4.819
1700..1956	7 1900	Atapa	ātapa	290	9	281	32.222	5.010
1700..1956	7 1900	ji	ji	270	3	267	90.000	6.492
1700..1956	7 1900	varjay	varjay	263	17	246	15.471	3.951
1700..1956	7 1900	aDika	adhika	277	27	250	10.259	3.359
1700..1956	7 1900	laGu	laghu	295	25	270	11.800	3.561
1700..1956	7 1900	hf	hṛ	273	11	262	24.818	4.633
1700..1956	7 1900	payas	payas	275	3	272	91.667	6.518
1700..1956	7 1900	vaktra	vaktra	294	19	275	15.474	3.952
1700..1956	7 1900	sidDa	siddha	284	11	273	25.818	4.690
1700..1956	7 1900	DAray	dhāray	283	27	256	10.481	3.390
1700..1956	7 1900	sampuwa	sampuṭa	283	7	276	40.429	5.337
1700..1956	7 1900	SrezWa	śreṣṭha	293	13	280	22.538	4.494
1700..1956	7 1900	gola	gola	282	9	273	31.333	4.970
1700..1956	7 1900	kzaya	kṣaya	287	14	273	20.500	4.358
1700..1956	7 1900	lih	lih	268	0	268	inf	inf
1700..1956	7 1900	Sozay	śoṣay	261	8	253	32.625	5.028
1700..1956	7 1900	guwikA	guṭikā	283	4	279	70.750	6.145
1700..1956	7 1900	loka	loka	285	33	252	8.636	3.110
1700..1956	7 1900	suvarRa	suvarṇa	261	19	242	13.737	3.780
1700..1956	7 1900	dvAdaSan	dvādaśan	266	22	244	12.091	3.596
1700..1956	7 1900	pezay	peṣay	257	7	250	36.714	5.198
1700..1956	7 1900	kara	kara	257	67	190	3.836	1.940
1700..1956	7 1900	AkAra	ākāra	291	51	240	5.706	2.512
1700..1956	7 1900	manas	manas	272	22	250	12.364	3.628
1700..1956	7 1900	rasendra	rasendra	251	2	249	125.500	6.972
1700..1956	7 1900	tApya	tāpya	258	5	253	51.600	5.689
1700..1956	7 1900	hita	hita	219	14	205	15.643	3.967
1700..1956	7 1900	Sakti	śakti	270	37	233	7.297	2.867
1700..1956	7 1900	SIta	śīta	268	18	250	14.889	3.896
1700..1956	7 1900	vara	vara	252	19	233	13.263	3.729
1700..1956	7 1900	jvara	jvara	262	8	254	32.750	5.033
1700..1956	7 1900	sveday	sveday	258	7	251	36.857	5.204
1700..1956	7 1900	maDura	madhura	257	7	250	36.714	5.198
1700..1956	7 1900	ratna	ratna	259	18	241	14.389	3.847
1700..1956	7 1900	SUla	śūla	275	5	270	55.000	5.781
1700..1956	7 1900	dah	dah	242	35	207	6.914	2.790
1700..1956	7 1900	OzaDa	auṣadha	244	26	218	9.385	3.230
1700..1956	7 1900	uttara	uttara	231	28	203	8.250	3.044
1700..1956	7 1900	Adika	ādika	253	28	225	9.036	3.176
1700..1956	7 1900	veDay	vedhay	237	4	233	59.250	5.889
1700..1956	7 1900	viqa	viḍa	247	31	216	7.968	2.994
1700..1956	7 1900	SudDi	śuddhi	259	18	241	14.389	3.847
1700..1956	7 1900	amfta	amṛta	243	8	235	30.375	4.925
1700..1956	7 1900	lakzaRa	lakṣaṇa	235	101	134	2.327	1.218
1700..1956	7 1900	sUkzma	sūkṣma	245	19	226	12.895	3.689
1700..1956	7 1900	AdA	ādā	246	5	241	49.200	5.621
1700..1956	7 1900	tila	tila	239	5	234	47.800	5.579
1700..1956	7 1900	sUtaka	sūtaka	229	2	227	114.500	6.839
1700..1956	7 1900	gajapuwa	gajapuṭa	261	11	250	23.727	4.568
1700..1956	7 1900	tap	tap	225	9	216	25.000	4.644
1700..1956	7 1900	vezway	veṣṭay	233	8	225	29.125	4.864
1700..1956	7 1900	palita	palita	262	4	258	65.500	6.033
1700..1956	7 1900	samAhf	samāhṛ	204	1	203	204.000	7.672
1700..1956	7 1900	kaPa	kapha	249	20	229	12.450	3.638
1700..1956	7 1900	tAlaka	tālaka	225	0	225	inf	inf
1700..1956	7 1900	golaka	golaka	224	1	223	224.000	7.807
1700..1956	7 1900	pat	pat	239	5	234	47.800	5.579
1700..1956	7 1900	niruD	nirudh	230	7	223	32.857	5.038
1700..1956	7 1900	mala	mala	247	37	210	6.676	2.739
1700..1956	7 1900	pAka	pāka	244	31	213	7.871	2.977
1700..1956	7 1900	sEnDava	saindhava	225	11	214	20.455	4.354
1700..1956	7 1900	veDa	vedha	251	35	216	7.171	2.842
1700..1956	7 1900	kuzWa	kuṣṭha	246	6	240	41.000	5.358
1700..1956	7 1900	kowi	koṭi	238	7	231	34.000	5.087
1700..1956	7 1900	CAyA	chāyā	238	8	230	29.750	4.895
1700..1956	7 1900	BUDara	bhūdhara	233	5	228	46.600	5.542
1700..1956	7 1900	sTApay	sthāpay	237	34	203	6.971	2.801
1700..1956	7 1900	Buj	bhuj	225	14	211	16.071	4.006
1700..1956	7 1900	vid	vid	216	54	162	4.000	2.000
1700..1956	7 1900	sneha	sneha	215	5	210	43.000	5.426
1700..1956	7 1900	car	car	222	14	208	15.857	3.987
1700..1956	7 1900	agra	agra	241	28	213	8.607	3.106
1700..1956	7 1900	anna	anna	239	9	230	26.556	4.731
1700..1956	7 1900	liNga	liṅga	234	2	232	117.000	6.870
1700..1956	7 1900	dvitIya	dvitīya	215	25	190	8.600	3.104
1700..1956	7 1900	tAla	tāla	232	4	228	58.000	5.858
1700..1956	7 1900			0	0	0	inf	inf
1700..1956	7 1900	nASana	nāśana	187	17	170	11.000	3.459
1700..1956	7 1900	Garma	gharma	239	2	237	119.500	6.901
1700..1956	7 1900	Ayus	āyus	225	4	221	56.250	5.814
1700..1956	7 1900	rUpya	rūpya	226	7	219	32.286	5.013
1700..1956	7 1900	dolAyantra	dolāyantra	224	7	217	32.000	5.000
1700..1956	7 1900	vEkrAnta	vaikrānta	222	3	219	74.000	6.209
1700..1956	7 1900	tyaj	tyaj	207	14	193	14.786	3.886
1700..1956	7 1900	SoDay	śodhay	210	10	200	21.000	4.392
1700..1956	7 1900	parama	parama	234	18	216	13.000	3.700
1700..1956	7 1900	tIvra	tīvra	231	6	225	38.500	5.267
1700..1956	7 1900	Sabda	śabda	218	76	142	2.868	1.520
1700..1956	7 1900	Bava	bhava	227	3	224	75.667	6.242
1700..1956	7 1900	jana	jana	227	11	216	20.636	4.367
1700..1956	7 1900	dviguRa	dviguṇa	223	15	208	14.867	3.894
1700..1956	7 1900	pada	pada	220	27	193	8.148	3.026
1700..1956	7 1900	Darma	dharma	217	3	214	72.333	6.177
1700..1956	7 1900	Suzka	śuṣka	212	12	200	17.667	4.143
1700..1956	7 1900	bali	bali	205	4	201	51.250	5.679
1700..1956	7 1900	vraj	vraj	189	15	174	12.600	3.655
1700..1956	7 1900	vajramUzA	vajramūṣā	220	6	214	36.667	5.196
1700..1956	7 1900	divasa	divasa	222	2	220	111.000	6.794
1700..1956	7 1900	mardana	mardana	210	40	170	5.250	2.392
1700..1956	7 1900	candra	candra	223	8	215	27.875	4.801
1700..1956	7 1900	utTa	uttha	230	1	229	230.000	7.845
1700..1956	7 1900	sTAlI	sthālī	207	26	181	7.962	2.993
1700..1956	7 1900	vyoman	vyoman	221	0	221	inf	inf
1700..1956	7 1900	upe	upe	226	10	216	22.600	4.498
1700..1956	7 1900	BUta	bhūta	211	4	207	52.750	5.721
1700..1956	7 1900	udara	udara	216	45	171	4.800	2.263
1700..1956	7 1900	rajas	rajas	213	10	203	21.300	4.413
1700..1956	7 1900	guqa	guḍa	207	16	191	12.938	3.693
1700..1956	7 1900	SudDa	śuddha	200	5	195	40.000	5.322
1700..1956	7 1900	kzOdra	kṣaudra	210	3	207	70.000	6.129
1700..1956	7 1900	prada	prada	198	14	184	14.143	3.822
1700..1956	7 1900	Beda	bheda	207	52	155	3.981	1.993
1700..1956	7 1900	karaRa	karaṇa	206	11	195	18.727	4.227
1700..1956	7 1900	saMniBa	saṁnibha	166	5	161	33.200	5.053
1700..1956	7 1900	Ahf	āhṛ	181	8	173	22.625	4.500
1700..1956	7 1900	ambu	ambu	205	7	198	29.286	4.872
1700..1956	7 1900	DAtu	dhātu	203	61	142	3.328	1.735
1700..1956	7 1900	rasaka	rasaka	188	12	176	15.667	3.970
1700..1956	7 1900	Gana	ghana	190	15	175	12.667	3.663
1700..1956	7 1900	prAp	prāp	209	39	170	5.359	2.422
1700..1956	7 1900	manda	manda	206	7	199	29.429	4.879
1700..1956	7 1900	indra	indra	208	4	204	52.000	5.700
1700..1956	7 1900	pARqu	pāṇḍu	217	4	213	54.250	5.762
1700..1956	7 1900	pAzARa	pāṣāṇa	200	26	174	7.692	2.943
1700..1956	7 1900	piRqa	piṇḍa	194	9	185	21.556	4.430
1700..1956	7 1900	sAray	sāray	179	4	175	44.750	5.484
1700..1956	7 1900	BUnAga	bhūnāga	188	10	178	18.800	4.233
1700..1956	7 1900	lepa	lepa	201	23	178	8.739	3.127
1700..1956	7 1900	sADaka	sādhaka	200	18	182	11.111	3.474
1700..1956	7 1900	citraka	citraka	188	6	182	31.333	4.970
1700..1956	7 1900	pramARa	pramāṇa	203	34	169	5.971	2.578
1700..1956	7 1900	vfdDi	vṛddhi	207	8	199	25.875	4.693
1700..1956	7 1900	BErava	bhairava	195	2	193	97.500	6.607
1700..1956	7 1900	amla	amla	194	33	161	5.879	2.556
1700..1956	7 1900	tala	tala	184	43	141	4.279	2.097
1700..1956	7 1900	vyADi	vyādhi	203	8	195	25.375	4.665
1700..1956	7 1900	krAmaRa	krāmaṇa	188	9	179	20.889	4.385
1700..1956	7 1900	nf	nṛ	182	3	179	60.667	5.923
1700..1956	7 1900	taptaKalva	taptakhalva	192	3	189	64.000	6.000
1700..1956	7 1900	udBava	udbhava	183	3	180	61.000	5.931
1700..1956	7 1900	hfdaya	hṛdaya	193	17	176	11.353	3.505
1700..1956	7 1900	puruza	puruṣa	192	16	176	12.000	3.585
1700..1956	7 1900	prayoga	prayoga	191	12	179	15.917	3.992
1700..1956	7 1900	BU	bhū	183	296	-113	0.618	-0.694
1700..1956	7 1900	kft	kṛt	171	9	162	19.000	4.248
1700..1956	7 1900	kAma	kāma	192	6	186	32.000	5.000
1700..1956	7 1900	mAza	māṣa	188	3	185	62.667	5.970
1700..1956	7 1900	udDf	uddhṛ	172	4	168	43.000	5.426
1700..1956	7 1900	mAna	māna	197	63	134	3.127	1.645
1700..1956	7 1900	vizRu	viṣṇu	183	10	173	18.300	4.194
1700..1956	7 1900	saMskAra	saṁskāra	188	29	159	6.483	2.697
1700..1956	7 1900	sakala	sakala	194	9	185	21.556	4.430
1700..1956	7 1900	sadfSa	sadṛśa	190	8	182	23.750	4.570
1700..1956	7 1900	anDamUzA	andhamūṣā	175	7	168	25.000	4.644
1700..1956	7 1900	ekEka	ekaika	174	3	171	58.000	5.858
1700..1956	7 1900	DAnya	dhānya	184	12	172	15.333	3.939
1700..1956	7 1900	tftIya	tṛtīya	174	11	163	15.818	3.984
1700..1956	7 1900	sAra	sāra	186	13	173	14.308	3.839
1700..1956	7 1900	SaNKa	śaṅkha	183	15	168	12.200	3.609
1700..1956	7 1900	Siras	śiras	187	11	176	17.000	4.087
1700..1956	7 1900	iz	iṣ	187	16	171	11.688	3.547
1700..1956	7 1900	Atmaka	ātmaka	176	21	155	8.381	3.067
1700..1956	7 1900	kArya	kārya	187	23	164	8.130	3.023
1700..1956	7 1900	valI	valī	176	0	176	inf	inf
1700..1956	7 1900	diS	diś	185	11	174	16.818	4.072
1700..1956	7 1900	dvAra	dvāra	179	26	153	6.885	2.783
1700..1956	7 1900	samBava	sambhava	163	9	154	18.111	4.179
1700..1956	7 1900	gfha	gṛha	192	7	185	27.429	4.778
1700..1956	7 1900	gAlay	gālay	171	2	169	85.500	6.418
1700..1956	7 1900	vijYA	vijñā	192	22	170	8.727	3.126
1700..1956	7 1900	vAri	vāri	178	9	169	19.778	4.306
1700..1956	7 1900	kanaka	kanaka	191	4	187	47.750	5.577
1700..1956	7 1900	lakza	lakṣa	183	7	176	26.143	4.708
1700..1956	7 1900	tvac	tvac	181	11	170	16.455	4.040
1700..1956	7 1900	dakziRa	dakṣiṇa	176	16	160	11.000	3.459
1700..1956	7 1900	praBA	prabhā	164	7	157	23.429	4.550
1700..1956	7 1900	AyA	āyā	175	7	168	25.000	4.644
1700..1956	7 1900	ayas	ayas	179	5	174	35.800	5.162
1700..1956	7 1900	tikta	tikta	188	13	175	14.462	3.854
1700..1956	7 1900	grAsa	grāsa	179	40	139	4.475	2.162
1700..1956	7 1900	KyA	khyā	190	29	161	6.552	2.712
1700..1956	7 1900	jvAlay	jvālay	168	7	161	24.000	4.585
1700..1956	7 1900	aMSaka	aṁśaka	176	1	175	176.000	7.459
1700..1956	7 1900	kalA	kalā	177	18	159	9.833	3.298
1700..1956	7 1900	rAjan	rājan	174	9	165	19.333	4.273
1700..1956	7 1900	laB	labh	176	12	164	14.667	3.874
1700..1956	7 1900	sADay	sādhay	177	39	138	4.538	2.182
1700..1956	7 1900	kanyA	kanyā	179	6	173	29.833	4.899
1700..1956	7 1900	rasarAja	rasarāja	180	2	178	90.000	6.492
1700..1956	7 1900	tuza	tuṣa	179	26	153	6.885	2.783
1700..1956	7 1900	gaRa	gaṇa	178	10	168	17.800	4.154
1700..1956	7 1900	prakf	prakṛ	177	7	170	25.286	4.660
1700..1956	7 1900	caturguRa	caturguṇa	154	12	142	12.833	3.682
1700..1956	7 1900	mAtraka	mātraka	149	1	148	149.000	7.219
1700..1956	7 1900	AKya	ākhya	189	18	171	10.500	3.392
1700..1956	7 1900	mil	mil	164	7	157	23.429	4.550
1700..1956	7 1900	keSa	keśa	185	9	176	20.556	4.361
1700..1956	7 1900	SvAsa	śvāsa	185	8	177	23.125	4.531
1700..1956	7 1900	Baya	bhaya	175	6	169	29.167	4.866
1700..1956	7 1900	Amaya	āmaya	182	4	178	45.500	5.508
1700..1956	7 1900	yatna	yatna	174	18	156	9.667	3.273
1700..1956	7 1900	vAyu	vāyu	173	37	136	4.676	2.225
1700..1956	7 1900	kaRWa	kaṇṭha	181	25	156	7.240	2.856
1700..1956	7 1900	pakza	pakṣa	171	12	159	14.250	3.833
1700..1956	7 1900	manu	manu	150	4	146	37.500	5.229
1700..1956	7 1900	prakAra	prakāra	163	28	135	5.821	2.541
1700..1956	7 1900	Baj	bhaj	162	2	160	81.000	6.340
1700..1956	7 1900	kAraRa	kāraṇa	152	25	127	6.080	2.604
1700..1956	7 1900	deSa	deśa	178	29	149	6.138	2.618
1700..1956	7 1900	pitf	pitṛ	169	5	164	33.800	5.079
1700..1956	7 1900	muni	muni	163	12	151	13.583	3.764
1700..1956	7 1900	banDana	bandhana	161	20	141	8.050	3.009
1700..1956	7 1900	nIla	nīla	166	6	160	27.667	4.790
1700..1956	7 1900	rAga	rāga	168	17	151	9.882	3.305
1700..1956	7 1900	sitA	sitā	171	3	168	57.000	5.833
1700..1956	7 1900	suDI	sudhī	147	10	137	14.700	3.878
1700..1956	7 1900	nAwya	nāṭya	178	1	177	178.000	7.476
1700..1956	7 1900	rUkza	rūkṣa	164	1	163	164.000	7.358
1700..1956	7 1900	stamBa	stambha	166	4	162	41.500	5.375
1700..1956	7 1900	snuhI	snuhī	163	2	161	81.500	6.349
1700..1956	7 1900	Bojana	bhojana	156	6	150	26.000	4.700
1700..1956	7 1900	zoqaSa	ṣoḍaśa	146	10	136	14.600	3.868
1700..1956	7 1900	arDa	ardha	161	55	106	2.927	1.550
1700..1956	7 1900	hA	hā	163	18	145	9.056	3.179
1700..1956	7 1900	pAtay	pātay	159	5	154	31.800	4.991
1700..1956	7 1900	antara	antara	175	103	72	1.699	0.765
1700..1956	7 1900	madana	madana	162	1	161	162.000	7.340
1700..1956	7 1900	namas	namas	148	6	142	24.667	4.624
1700..1956	7 1900	rakta	rakta	167	44	123	3.795	1.924
1700..1956	7 1900	sUrya	sūrya	162	15	147	10.800	3.433
1700..1956	7 1900	garta	garta	163	39	124	4.179	2.063
1700..1956	7 1900	praTama	prathama	149	13	136	11.462	3.519
1700..1956	7 1900	nI	nī	148	13	135	11.385	3.509
1700..1956	7 1900	niveSay	niveśay	140	13	127	10.769	3.429
1700..1956	7 1900	kalpa	kalpa	167	3	164	55.667	5.799
1700..1956	7 1900	azwama	aṣṭama	152	4	148	38.000	5.248
1700..1956	7 1900	ravi	ravi	166	7	159	23.714	4.568
1700..1956	7 1900	valla	valla	162	2	160	81.000	6.340
1700..1956	7 1900	mAMsa	māṁsa	169	10	159	16.900	4.079
1700..1956	7 1900	tejas	tejas	159	14	145	11.357	3.506
1700..1956	7 1900	sTAna	sthāna	165	25	140	6.600	2.722
1700..1956	7 1900	ga	ga	158	20	138	7.900	2.982
1700..1956	7 1900	gada	gada	169	3	166	56.333	5.816
1700..1956	7 1900	mA	mā	171	53	118	3.226	1.690
1700..1956	7 1900	maRqala	maṇḍala	155	9	146	17.222	4.106
1700..1956	7 1900	BAva	bhāva	153	40	113	3.825	1.935
1700..1956	7 1900	dvaMdva	dvaṁdva	159	2	157	79.500	6.313
1700..1956	7 1900	sura	sura	169	3	166	56.333	5.816
1700..1956	7 1900	SAstra	śāstra	165	37	128	4.459	2.157
1700..1956	7 1900	pfzWa	pṛṣṭha	159	21	138	7.571	2.921
1700..1956	7 1900	Ap	āp	144	9	135	16.000	4.000
1700..1956	7 1900	pUray	pūray	161	46	115	3.500	1.807
1700..1956	7 1900	pati	pati	155	2	153	77.500	6.276
1700..1956	7 1900	catuzwaya	catuṣṭaya	149	15	134	9.933	3.312
1700..1956	7 1900	tattva	tattva	152	52	100	2.923	1.547
1700..1956	7 1900	tanu	tanu	153	5	148	30.600	4.935
1700..1956	7 1900	kAsa	kāsa	162	9	153	18.000	4.170
1700..1956	7 1900	vAsara	vāsara	141	0	141	inf	inf
1700..1956	7 1900	devadAlI	devadālī	150	2	148	75.000	6.229
1700..1956	7 1900	suKa	sukha	166	21	145	7.905	2.983
1700..1956	7 1900	hiNgula	hiṅgula	140	15	125	9.333	3.222
1700..1956	7 1900	hetu	hetu	133	19	114	7.000	2.807
1700..1956	7 1900	sahita	sahita	164	32	132	5.125	2.358
1700..1956	7 1900	Seza	śeṣa	155	35	120	4.429	2.147
1700..1956	7 1900	bindu	bindu	155	9	146	17.222	4.106
1700..1956	7 1900	prARa	prāṇa	151	24	127	6.292	2.653
1700..1956	7 1900	upama	upama	139	5	134	27.800	4.797
1700..1956	7 1900	dIpana	dīpana	155	10	145	15.500	3.954
1700..1956	7 1900	viSeza	viśeṣa	148	81	67	1.827	0.870
1700..1956	7 1900	Df	dhṛ	155	32	123	4.844	2.276
1700..1956	7 1900	prakzip	prakṣip	153	20	133	7.650	2.935
1700..1956	7 1900	vicUrRay	vicūrṇay	144	1	143	144.000	7.170
1700..1956	7 1900	niBa	nibha	158	1	157	158.000	7.304
1700..1956	7 1900	Slezman	śleṣman	152	7	145	21.714	4.441
1700..1956	7 1900	zaqguRa	ṣaḍguṇa	144	7	137	20.571	4.363
1700..1956	7 1900	varA	varā	147	0	147	inf	inf
1700..1956	7 1900	rAtri	rātri	152	4	148	38.000	5.248
1700..1956	7 1900	pApa	pāpa	162	7	155	23.143	4.532
1700..1956	7 1900	sarpis	sarpis	154	2	152	77.000	6.267
1700..1956	7 1900	putra	putra	158	4	154	39.500	5.304
1700..1956	7 1900	paYcama	pañcama	136	5	131	27.200	4.766
1700..1956	7 1900	viMSati	viṁśati	150	16	134	9.375	3.229
1700..1956	7 1900	vana	vana	151	4	147	37.750	5.238
1700..1956	7 1900	pizwi	piṣṭi	143	3	140	47.667	5.575
1700..1956	7 1900	pUjA	pūjā	150	0	150	inf	inf
1700..1956	7 1900	sat	sat	148	9	139	16.444	4.040
1700..1956	7 1900	antara	antara	139	103	36	1.350	0.432
1700..1956	7 1900	nud	nud	126	1	125	126.000	6.977
1700..1956	7 1900	udaka	udaka	144	3	141	48.000	5.585
1700..1956	7 1900	mAraRa	māraṇa	144	12	132	12.000	3.585
1700..1956	7 1900	veDin	vedhin	158	7	151	22.571	4.496
1700..1956	7 1900	catuHzazwi	catuḥṣaṣṭi	144	17	127	8.471	3.082
1700..1956	7 1900	caturTa	caturtha	139	18	121	7.722	2.949
1700..1956	7 1900	saMmarday	saṁmarday	154	14	140	11.000	3.459
1700..1956	7 1900	kAMsya	kāṁsya	148	7	141	21.143	4.402
1700..1956	7 1900	saMDi	saṁdhi	152	33	119	4.606	2.204
1700..1956	7 1900	BfNga	bhṛṅga	150	1	149	150.000	7.229
1700..1956	7 1900	alpa	alpa	134	18	116	7.444	2.896
1700..1956	7 1900	vAc	vāc	140	4	136	35.000	5.129
1700..1956	7 1900	mAtrA	mātrā	136	16	120	8.500	3.087
1700..1956	7 1900	daRqa	daṇḍa	149	26	123	5.731	2.519
1700..1956	7 1900	sparSa	sparśa	152	4	148	38.000	5.248
1700..1956	7 1900	takra	takra	149	1	148	149.000	7.219
1700..1956	7 1900	kadala	kadala	141	7	134	20.143	4.332
1700..1956	7 1900	navan	navan	140	10	130	14.000	3.807
1700..1956	7 1900	sTUla	sthūla	138	34	104	4.059	2.021
1700..1956	7 1900	sita	sita	145	3	142	48.333	5.595
1700..1956	7 1900	gulma	gulma	143	6	137	23.833	4.575
1700..1956	7 1900	vfkza	vṛkṣa	150	7	143	21.429	4.421
1700..1956	7 1900	punarnavA	punarnavā	126	2	124	63.000	5.977
1700..1956	7 1900	vAhay	vāhay	142	0	142	inf	inf
1700..1956	7 1900	niDA	nidhā	139	33	106	4.212	2.075
1700..1956	7 1900	nyas	nyas	136	16	120	8.500	3.087
1700..1956	7 1900	caraRa	caraṇa	146	3	143	48.667	5.605
1700..1956	7 1900	satya	satya	138	7	131	19.714	4.301
1700..1956	7 1900	DAtrI	dhātrī	136	1	135	136.000	7.087
1700..1956	7 1900	vacana	vacana	136	2	134	68.000	6.087
1700..1956	7 1900	pAtana	pātana	140	23	117	6.087	2.606
1700..1956	7 1900	pArvatI	pārvatī	122	1	121	122.000	6.931
1700..1956	7 1900	buDa	budha	120	14	106	8.571	3.100
1700..1956	7 1900	banDay	bandhay	138	0	138	inf	inf
1700..1956	7 1900	kAsIsa	kāsīsa	133	4	129	33.250	5.055
1700..1956	7 1900	manaHSilA	manaḥśilā	120	10	110	12.000	3.585
1700..1956	7 1900	indu	indu	148	3	145	49.333	5.624
1700..1956	7 1900	raYjana	rañjana	135	5	130	27.000	4.755
1700..1956	7 1900	pArSva	pārśva	146	17	129	8.588	3.102
1700..1956	7 1900	stanya	stanya	142	1	141	142.000	7.150
1700..1956	7 1900	SarIra	śarīra	141	28	113	5.036	2.332
1700..1956	7 1900	Suka	śuka	142	0	142	inf	inf
1700..1956	7 1900	dApay	dāpay	128	5	123	25.600	4.678
1700..1956	7 1900	kawu	kaṭu	142	13	129	10.923	3.449
1700..1956	7 1900	aNgAra	aṅgāra	149	24	125	6.208	2.634
1700..1956	7 1900	karpUra	karpūra	139	5	134	27.800	4.797
1700..1956	7 1900	kumBa	kumbha	134	8	126	16.750	4.066
1700..1956	7 1900	SarkarA	śarkarā	134	13	121	10.308	3.366
1700..1956	7 1900	jap	jap	140	4	136	35.000	5.129
1700..1956	7 1900	kAkamAcI	kākamācī	130	0	130	inf	inf
1700..1956	7 1900	maRi	maṇi	136	7	129	19.429	4.280
1700..1956	7 1900	netra	netra	144	6	138	24.000	4.585
1700..1956	7 1900	DAnyABraka	dhānyābhraka	128	1	127	128.000	7.000
1700..1956	7 1900	AranAla	āranāla	141	1	140	141.000	7.140
1700..1956	7 1900	yukti	yukti	134	7	127	19.143	4.259
1700..1956	7 1900	rajata	rajata	139	8	131	17.375	4.119
1700..1956	7 1900	Kara	khara	137	7	130	19.571	4.291
1700..1956	7 1900	anDay	andhay	141	0	141	inf	inf
1700..1956	7 1900	kula	kula	141	2	139	70.500	6.140
1700..1956	7 1900	amlavarga	amlavarga	139	2	137	69.500	6.119
1700..1956	7 1900	nava	nava	131	3	128	43.667	5.448
1700..1956	7 1900	dIrGa	dīrgha	138	31	107	4.452	2.154
1700..1956	7 1900	deveSI	deveśī	143	1	142	143.000	7.160
1700..1956	7 1900	sindUra	sindūra	139	2	137	69.500	6.119
1700..1956	7 1900	sveda	sveda	130	17	113	7.647	2.935
1700..1956	7 1900	Sigru	śigru	137	2	135	68.500	6.098
1700..1956	7 1900	raYjay	rañjay	128	9	119	14.222	3.830
1700..1956	7 1900	parikIrtay	parikīrtay	103	13	90	7.923	2.986
1700..1956	7 1900	viSuD	viśudh	130	4	126	32.500	5.022
1700..1956	7 1900	saMjYA	saṁjñā	133	38	95	3.500	1.807
1700..1956	7 1900	giri	giri	133	10	123	13.300	3.733
1700..1956	7 1900	dAha	dāha	134	4	130	33.500	5.066
1700..1956	7 1900	bIjaka	bījaka	103	0	103	inf	inf
1700..1956	7 1900	brAhmaRa	brāhmaṇa	134	7	127	19.143	4.259
1700..1956	7 1900	naS	naś	120	6	114	20.000	4.322
1700..1956	7 1900	vah	vah	121	2	119	60.500	5.919
1700..1956	7 1900	pradA	pradā	135	2	133	67.500	6.077
1700..1956	7 1900	kAca	kāca	128	18	110	7.111	2.830
1700..1956	7 1900	mAtf	mātṛ	123	3	120	41.000	5.358
1700..1956	7 1900	triguRa	triguṇa	120	6	114	20.000	4.322
1700..1956	7 1900	devatA	devatā	130	4	126	32.500	5.022
1700..1956	7 1900	sUtra	sūtra	131	28	103	4.679	2.226
1700..1956	7 1900	SItala	śītala	126	8	118	15.750	3.977
1700..1956	7 1900	praBAva	prabhāva	120	3	117	40.000	5.322
1700..1956	7 1900	udAhf	udāhṛ	99	15	84	6.600	2.722
1700..1956	7 1900	karRa	karṇa	129	10	119	12.900	3.689
1700..1956	7 1900	saMKyA	saṁkhyā	126	14	112	9.000	3.170
1700..1956	7 1900	anala	anala	127	5	122	25.400	4.667
1700..1956	7 1900	kAzWa	kāṣṭha	132	10	122	13.200	3.722
1700..1956	7 1900	nirguRqI	nirguṇḍī	129	3	126	43.000	5.426
1700..1956	7 1900	Bizaj	bhiṣaj	129	18	111	7.167	2.841
1700..1956	7 1900	AQya	āḍhya	138	2	136	69.000	6.109
1700..1956	7 1900	asTi	asthi	132	10	122	13.200	3.722
1700..1956	7 1900	rati	rati	126	12	114	10.500	3.392
1700..1956	7 1900	dfzwi	dṛṣṭi	137	11	126	12.455	3.639
1700..1956	7 1900	haWa	haṭha	129	5	124	25.800	4.689
1700..1956	7 1900	SaMs	śaṁs	110	3	107	36.667	5.196
1700..1956	7 1900	nihan	nihan	134	7	127	19.143	4.259
1700..1956	7 1900	cakra	cakra	133	14	119	9.500	3.248
1700..1956	7 1900	kumArI	kumārī	121	3	118	40.333	5.334
1700..1956	7 1900	cullI	cullī	128	22	106	5.818	2.541
1700..1956	7 1900	ityAdi	ityādi	95	24	71	3.958	1.985
1700..1956	7 1900	mAtuluNga	mātuluṅga	124	0	124	inf	inf
1700..1956	7 1900	hIraka	hīraka	119	4	115	29.750	4.895
1700..1956	7 1900	vidyA	vidyā	129	7	122	18.429	4.204
1700..1956	7 1900	vipAka	vipāka	119	6	113	19.833	4.310
1700..1956	7 1900	mfttikA	mṛttikā	122	39	83	3.128	1.645
1700..1956	7 1900	kzAlay	kṣālay	126	3	123	42.000	5.392
1700..1956	7 1900	saMdeha	saṁdeha	134	2	132	67.000	6.066
1700..1956	7 1900	nija	nija	128	6	122	21.333	4.415
1700..1956	7 1900	maDyama	madhyama	122	7	115	17.429	4.123
1700..1956	7 1900	marica	marica	126	4	122	31.500	4.977
1700..1956	7 1900	ekaviMSati	ekaviṁśati	117	2	115	58.500	5.870
1700..1956	7 1900	vandAka	vandāka	135	0	135	inf	inf
1700..1956	7 1900	durlaBa	durlabha	105	7	98	15.000	3.907
1700..1956	7 1900	viDAna	vidhāna	118	24	94	4.917	2.298
1700..1956	7 1900	veda	veda	116	5	111	23.200	4.536
1700..1956	7 1900	Agam	āgam	118	4	114	29.500	4.883
1700..1956	7 1900	prakIrtay	prakīrtay	96	22	74	4.364	2.126
1700..1956	7 1900	aBAva	abhāva	113	34	79	3.324	1.733
1700..1956	7 1900	nirmala	nirmala	111	11	100	10.091	3.335
1700..1956	7 1900	DUma	dhūma	124	17	107	7.294	2.867
1700..1956	7 1900	vatsara	vatsara	112	1	111	112.000	6.807
1700..1956	7 1900	Karpara	kharpara	112	16	96	7.000	2.807
1700..1956	7 1900	vizaya	viṣaya	121	9	112	13.444	3.749
1700..1956	7 1900	Gawa	ghaṭa	122	46	76	2.652	1.407
1700..1956	7 1900	vivarjay	vivarjay	100	7	93	14.286	3.837
1700..1956	7 1900	kAca	kāca	121	18	103	6.722	2.749
1700..1956	7 1900	nArI	nārī	124	3	121	41.333	5.369
1700..1956	7 1900	nAla	nāla	125	31	94	4.032	2.012
1700..1956	7 1900	Cidra	chidra	122	42	80	2.905	1.538
1700..1956	7 1900	salila	salila	123	3	120	41.000	5.358
1700..1956	7 1900	SoBana	śobhana	88	6	82	14.667	3.874
1700..1956	7 1900	kriyA	kriyā	115	39	76	2.949	1.560
1700..1956	7 1900	pratyaya	pratyaya	130	2	128	65.000	6.022
1700..1956	7 1900	vfzya	vṛṣya	126	4	122	31.500	4.977
1700..1956	7 1900	dAna	dāna	126	5	121	25.200	4.655
1700..1956	7 1900	darada	darada	120	4	116	30.000	4.907
1700..1956	7 1900	Bid	bhid	117	14	103	8.357	3.063
1700..1956	7 1900	lag	lag	123	6	117	20.500	4.358
1700..1956	7 1900	kAya	kāya	129	14	115	9.214	3.204
1700..1956	7 1900	rudra	rudra	123	4	119	30.750	4.943
1700..1956	7 1900	vAma	vāma	121	20	101	6.050	2.597
1700..1956	7 1900	jit	jit	112	0	112	inf	inf
1700..1956	7 1900	suDA	sudhā	122	4	118	30.500	4.931
1700..1956	7 1900	hfd	hṛd	115	8	107	14.375	3.845
1700..1956	7 1900	svAdu	svādu	119	4	115	29.750	4.895
1700..1956	7 1900	graha	graha	117	2	115	58.500	5.870
1700..1956	7 1900	pizwI	piṣṭī	124	5	119	24.800	4.632
1700..1956	7 1900	pizwikA	piṣṭikā	114	7	107	16.286	4.026
1700..1956	7 1900	bAla	bāla	117	8	109	14.625	3.870
1700..1956	7 1900	prajan	prajan	101	14	87	7.214	2.851
1700..1956	7 1900	viSozay	viśoṣay	112	4	108	28.000	4.807
1700..1956	7 1900	paTya	pathya	120	6	114	20.000	4.322
1700..1956	7 1900	samasta	samasta	118	7	111	16.857	4.075
1700..1956	7 1900	Ardraka	ārdraka	115	2	113	57.500	5.845
1700..1956	7 1900	triviDa	trividha	118	14	104	8.429	3.075
1700..1956	7 1900	pAna	pāna	118	11	107	10.727	3.423
1700..1956	7 1900	daDi	dadhi	121	8	113	15.125	3.919
1700..1956	7 1900	svaBAva	svabhāva	113	12	101	9.417	3.235
1700..1956	7 1900	gagana	gagana	125	4	121	31.250	4.966
1700..1956	7 1900	puMs	puṁs	116	15	101	7.733	2.951
1700..1956	7 1900	gras	gras	108	13	95	8.308	3.054
1700..1956	7 1900	kAnti	kānti	122	5	117	24.400	4.609
1700..1956	7 1900	triMSat	triṁśat	107	6	101	17.833	4.157
1700..1956	7 1900	DyA	dhyā	119	18	101	6.611	2.725
1700..1956	7 1900	pf	pṛ	122	24	98	5.083	2.346
1700..1956	7 1900	pracC	pracch	124	0	124	inf	inf
1700..1956	7 1900	darSay	darśay	106	4	102	26.500	4.728
1700..1956	7 1900	AraB	ārabh	117	8	109	14.625	3.870
1700..1956	7 1900	svANgaSIta	svāṅgaśīta	109	2	107	54.500	5.768
1700..1956	7 1900	vadana	vadana	116	2	114	58.000	5.858
1700..1956	7 1900	vapus	vapus	116	3	113	38.667	5.273
1700..1956	7 1900	vasA	vasā	115	3	112	38.333	5.261
1700..1956	7 1900	jYAna	jñāna	121	15	106	8.067	3.012
1700..1956	7 1900	dvija	dvija	111	0	111	inf	inf
1700..1956	7 1900	tApa	tāpa	114	11	103	10.364	3.373
1700..1956	7 1900	snAna	snāna	107	1	106	107.000	6.741
1700..1956	7 1900	sAraRA	sāraṇā	111	10	101	11.100	3.472
1700..1956	7 1900	SaMkara	śaṁkara	113	4	109	28.250	4.820
1700..1956	7 1900	svedana	svedana	109	19	90	5.737	2.520
1700..1956	7 1900	gadyARa	gadyāṇa	119	0	119	inf	inf
1700..1956	7 1900	muh	muh	111	1	110	111.000	6.794
1700..1956	7 1900	mUrCay	mūrchay	108	6	102	18.000	4.170
1700..1956	7 1900	paryanta	paryanta	122	40	82	3.050	1.609
1700..1956	7 1900	BEravI	bhairavī	110	0	110	inf	inf
1700..1956	7 1900	latA	latā	113	1	112	113.000	6.820
1700..1956	7 1900	Damana	dhamana	112	7	105	16.000	4.000
1700..1956	7 1900	vyoza	vyoṣa	113	0	113	inf	inf
1700..1956	7 1900	Samana	śamana	111	2	109	55.500	5.794
1700..1956	7 1900	vEdya	vaidya	117	13	104	9.000	3.170
1700..1956	7 1900	svacCa	svaccha	114	1	113	114.000	6.833
1700..1956	7 1900	SoDana	śodhana	104	10	94	10.400	3.379
1700..1956	7 1900	viviDa	vividha	112	8	104	14.000	3.807
1700..1956	7 1900	carv	carv	114	4	110	28.500	4.833
1700..1956	7 1900	brU	brū	106	1	105	106.000	6.728
1700..1956	7 1900	vid	vid	109	54	55	2.019	1.013
1700..1956	7 1900	prayuj	prayuj	107	16	91	6.688	2.741
1700..1956	7 1900	pralepay	pralepay	98	2	96	49.000	5.615
1700..1956	7 1900	nABi	nābhi	114	21	93	5.429	2.441
1700..1956	7 1900	udaya	udaya	106	2	104	53.000	5.728
1700..1956	7 1900	Asya	āsya	117	16	101	7.312	2.870
1700..1956	7 1900	yogya	yogya	114	15	99	7.600	2.926
1700..1956	7 1900	sevA	sevā	104	0	104	inf	inf
1700..1956	7 1900	pratyeka	pratyeka	101	6	95	16.833	4.073
1700..1956	7 1900	sic	sic	115	1	114	115.000	6.845
1700..1956	7 1900	Acar	ācar	95	9	86	10.556	3.400
1700..1956	7 1900	secay	secay	99	0	99	inf	inf
1700..1956	7 1900	nirdiS	nirdiś	113	16	97	7.062	2.820
1700..1956	7 1900	praSaMs	praśaṁs	100	21	79	4.762	2.252
1700..1956	7 1900	kusuma	kusuma	110	1	109	110.000	6.781
1700..1956	7 1900	aYjana	añjana	107	3	104	35.667	5.157
1700..1956	7 1900	kiwwa	kiṭṭa	114	17	97	6.706	2.745
1700..1956	7 1900	kuNkuma	kuṅkuma	109	3	106	36.333	5.183
1700..1956	7 1900	niSA	niśā	107	3	104	35.667	5.157
1700..1956	7 1900	vartula	vartula	105	27	78	3.889	1.959
1700..1956	7 1900	jAti	jāti	110	7	103	15.714	3.974
1700..1956	7 1900	gati	gati	105	26	79	4.038	2.014
1700..1956	7 1900	grahaRa	grahaṇa	111	16	95	6.938	2.794
1700..1956	7 1900	jval	jval	99	1	98	99.000	6.629
1700..1956	7 1900	Iray	īray	84	9	75	9.333	3.222
1700..1956	7 1900	svid	svid	110	3	107	36.667	5.196
1700..1956	7 1900	vipra	vipra	109	3	106	36.333	5.183
1700..1956	7 1900	praBAvatI	prabhāvatī	93	0	93	inf	inf
1700..1956	7 1900	saMkASa	saṁkāśa	116	2	114	58.000	5.858
1700..1956	7 1900	kazAya	kaṣāya	111	13	98	8.538	3.094
1700..1956	7 1900	saptama	saptama	104	5	99	20.800	4.379
1700..1956	7 1900	uBaya	ubhaya	97	8	89	12.125	3.600
1700..1956	7 1900	vAraka	vāraka	93	2	91	46.500	5.539
1700..1956	7 1900	Bakti	bhakti	105	8	97	13.125	3.714
1700..1956	7 1900	meha	meha	112	1	111	112.000	6.807
1700..1956	7 1900	stana	stana	108	4	104	27.000	4.755
1700..1956	7 1900	vivAha	vivāha	106	0	106	inf	inf
1700..1956	7 1900	budDi	buddhi	108	5	103	21.600	4.433
1700..1956	7 1900	grahaRI	grahaṇī	110	0	110	inf	inf
1700..1956	7 1900	niroDay	nirodhay	82	2	80	41.000	5.358
1700..1956	7 1900	nirmuc	nirmuc	114	0	114	inf	inf
1700..1956	7 1900	samAdA	samādā	113	1	112	113.000	6.820
1700..1956	7 1900	samBU	sambhū	110	18	92	6.111	2.611
1700..1956	7 1900	aKila	akhila	111	8	103	13.875	3.794
1700..1956	7 1900	abda	abda	112	2	110	56.000	5.807
1700..1956	7 1900	kulatTa	kulattha	95	1	94	95.000	6.570
1700..1956	7 1900	nIra	nīra	113	9	104	12.556	3.650
1700..1956	7 1900	eraRqa	eraṇḍa	100	3	97	33.333	5.059
1700..1956	7 1900	AkASa	ākāśa	95	7	88	13.571	3.763
1700..1956	7 1900	yogin	yogin	106	38	68	2.789	1.480
1700..1956	7 1900	rAtra	rātra	112	8	104	14.000	3.807
1700..1956	7 1900	mAlA	mālā	108	2	106	54.000	5.755
1700..1956	7 1900	guggulu	guggulu	100	8	92	12.500	3.644
1700..1956	7 1900	Suci	śuci	99	2	97	49.500	5.629
1700..1956	7 1900	Sizya	śiṣya	108	4	104	27.000	4.755
1700..1956	7 1900	divyOzaDi	divyauṣadhi	98	5	93	19.600	4.293
1700..1956	7 1900	kUpI	kūpī	105	5	100	21.000	4.392
1700..1956	7 1900	paYcANga	pañcāṅga	98	0	98	inf	inf
1700..1956	7 1900	matsya	matsya	105	4	101	26.250	4.714
1700..1956	7 1900	SlakzRa	ślakṣṇa	108	8	100	13.500	3.755
1700..1956	7 1900	mokza	mokṣa	102	5	97	20.400	4.350
1700..1956	7 1900	mahizI	mahiṣī	103	6	97	17.167	4.102
1700..1956	7 1900	mArga	mārga	108	8	100	13.500	3.755
1700..1956	7 1900	tutTa	tuttha	104	2	102	52.000	5.700
1700..1956	7 1900	sADana	sādhana	92	27	65	3.407	1.769
1700..1956	7 1900	SarAva	śarāva	98	30	68	3.267	1.708
1700..1956	7 1900	puRya	puṇya	108	2	106	54.000	5.755
1700..1956	7 1900	prasAda	prasāda	103	8	95	12.875	3.687
1700..1956	7 1900	spfS	spṛś	99	6	93	16.500	4.044
1700..1956	7 1900	nigad	nigad	84	26	58	3.231	1.692
1700..1956	7 1900	CAyASuzka	chāyāśuṣka	103	1	102	103.000	6.687
1700..1956	7 1900	duHKa	duḥkha	109	6	103	18.167	4.183
1700..1956	7 1900	mUrCA	mūrchā	104	3	101	34.667	5.115
1700..1956	7 1900	darSana	darśana	93	5	88	18.600	4.217
1700..1956	7 1900	ram	ram	100	3	97	33.333	5.059
1700..1956	7 1900	niyojay	niyojay	81	4	77	20.250	4.340
1700..1956	7 1900	samuKa	samukha	89	6	83	14.833	3.891
1700..1956	7 1900	nAga	nāga	104	41	63	2.537	1.343
1700..1956	7 1900	rASi	rāśi	104	1	103	104.000	6.700
1700..1956	7 1900	yava	yava	93	11	82	8.455	3.080
1700..1956	7 1900	reKA	rekhā	105	18	87	5.833	2.544
1700..1956	7 1900	tIkzRa	tīkṣṇa	100	23	77	4.348	2.120
1700..1956	7 1900	palASa	palāśa	80	3	77	26.667	4.737
1700..1956	7 1900	gomaya	gomaya	99	7	92	14.143	3.822
1700..1956	7 1900	praviS	praviś	94	6	88	15.667	3.970
1700..1956	7 1900	candana	candana	100	1	99	100.000	6.644
1700..1956	7 1900	BasmIBU	bhasmībhū	93	8	85	11.625	3.539
1700..1956	7 1900	cUrRaka	cūrṇaka	84	1	83	84.000	6.392
1700..1956	7 1900	indriya	indriya	97	15	82	6.467	2.693
1700..1956	7 1900	varga	varga	104	6	98	17.333	4.115
1700..1956	7 1900	janman	janman	99	11	88	9.000	3.170
1700..1956	7 1900	jayA	jayā	99	0	99	inf	inf
1700..1956	7 1900	SamBu	śambhu	97	0	97	inf	inf
1700..1956	7 1900	svarasa	svarasa	97	7	90	13.857	3.793
1700..1956	7 1900	viraha	viraha	87	0	87	inf	inf
1700..1956	7 1900	prAh	prāh	101	4	97	25.250	4.658
1700..1956	7 1900	vinyas	vinyas	91	19	72	4.789	2.260
1700..1956	7 1900	jagant	jagant	100	2	98	50.000	5.644
1700..1956	7 1900	pradApay	pradāpay	85	2	83	42.500	5.409
1700..1956	7 1900	keSava	keśava	86	2	84	43.000	5.426
1700..1956	7 1900	anupAna	anupāna	86	1	85	86.000	6.426
1700..1956	7 1900	BakzaRa	bhakṣaṇa	98	7	91	14.000	3.807
1700..1956	7 1900	raNga	raṅga	94	6	88	15.667	3.970
1700..1956	7 1900	mAna	māna	91	63	28	1.444	0.531
1700..1956	7 1900	Dana	dhana	98	7	91	14.000	3.807
1700..1956	7 1900	pippalI	pippalī	97	4	93	24.250	4.600
1700..1956	7 1900	Sukla	śukla	92	9	83	10.222	3.354
1700..1956	7 1900	SivA	śivā	87	0	87	inf	inf
1700..1956	7 1900	mUrDan	mūrdhan	91	0	91	inf	inf
1700..1956	7 1900	vas	vas	94	3	91	31.333	4.970
1700..1956	7 1900	avAp	avāp	83	1	82	83.000	6.375
1700..1956	7 1900	ekIkf	ekīkṛ	86	7	79	12.286	3.619
1700..1956	7 1900	samAyuj	samāyuj	104	4	100	26.000	4.700
1700..1956	7 1900	kaWina	kaṭhina	82	14	68	5.857	2.550
1700..1956	7 1900	paYcaka	pañcaka	85	4	81	21.250	4.409
1700..1956	7 1900	parameSvarI	parameśvarī	76	0	76	inf	inf
1700..1956	7 1900	nimba	nimba	99	4	95	24.750	4.629
1700..1956	7 1900	maraRa	maraṇa	97	11	86	8.818	3.140
1700..1956	7 1900	Bavat	bhavat	94	0	94	inf	inf
1700..1956	7 1900	yugma	yugma	101	18	83	5.611	2.488
1700..1956	7 1900	ruj	ruj	99	1	98	99.000	6.629
1700..1956	7 1900	mahArasa	mahārasa	82	0	82	inf	inf
1700..1956	7 1900	dfS	dṛś	94	37	57	2.541	1.345
1700..1956	7 1900	jYa	jña	102	16	86	6.375	2.672
1700..1956	7 1900	suBaga	subhaga	94	0	94	inf	inf
1700..1956	7 1900	vinASana	vināśana	79	7	72	11.286	3.496
1700..1956	7 1900	saMjan	saṁjan	96	7	89	13.714	3.778
1700..1956	7 1900	niS	niś	86	1	85	86.000	6.426
1700..1956	7 1900	kaNkuzWa	kaṅkuṣṭha	93	2	91	46.500	5.539
1700..1956	7 1900	kaYcuka	kañcuka	87	19	68	4.579	2.195
1700..1956	7 1900	kaTA	kathā	90	0	90	inf	inf
1700..1956	7 1900	locana	locana	91	0	91	inf	inf
1700..1956	7 1900	vaMSa	vaṁśa	88	7	81	12.571	3.652
1700..1956	7 1900	rAji	rāji	91	0	91	inf	inf
1700..1956	7 1900	mADava	mādhava	87	2	85	43.500	5.443
1700..1956	7 1900	hft	hṛt	85	1	84	85.000	6.409
1700..1956	7 1900	vraRa	vraṇa	96	2	94	48.000	5.585
1700..1956	7 1900	saMskf	saṁskṛ	87	7	80	12.429	3.636
1700..1956	7 1900	kamala	kamala	92	4	88	23.000	4.524
1700..1956	7 1900	aBiDA	abhidhā	78	27	51	2.889	1.531
1700..1956	7 1900	rahita	rahita	93	18	75	5.167	2.369
1700..1956	7 1900	lANgalI	lāṅgalī	89	1	88	89.000	6.476
1700..1956	7 1900	brahman	brahman	92	21	71	4.381	2.131
1700..1956	7 1900	aBiDA	abhidhā	67	27	40	2.481	1.311
1700..1956	7 1900	Avartay	āvartay	86	2	84	43.000	5.426
1700..1956	7 1900	caturdaSan	caturdaśan	78	2	76	39.000	5.285
1700..1956	7 1900	vIra	vīra	93	4	89	23.250	4.539
1700..1956	7 1900	paScima	paścima	90	9	81	10.000	3.322
1700..1956	7 1900	koRa	koṇa	94	3	91	31.333	4.970
1700..1956	7 1900	anila	anila	92	6	86	15.333	3.939
1700..1956	7 1900	kazAya	kaṣāya	91	13	78	7.000	2.807
1700..1956	7 1900	padma	padma	92	9	83	10.222	3.354
1700..1956	7 1900	amBas	ambhas	93	3	90	31.000	4.954
1700..1956	7 1900	nASa	nāśa	93	9	84	10.333	3.369
1700..1956	7 1900	vAlukA	vālukā	82	27	55	3.037	1.603
1700..1956	7 1900	vAlukAyantra	vālukāyantra	91	7	84	13.000	3.700
1700..1956	7 1900	BAra	bhāra	92	5	87	18.400	4.202
1700..1956	7 1900	asra	asra	94	8	86	11.750	3.555
1700..1956	7 1900	Akfti	ākṛti	85	8	77	10.625	3.409
1700..1956	7 1900	ISvara	īśvara	86	4	82	21.500	4.426
1700..1956	7 1900	yuga	yuga	90	1	89	90.000	6.492
1700..1956	7 1900	tridoza	tridoṣa	83	2	81	41.500	5.375
1700..1956	7 1900	hAwaka	hāṭaka	88	0	88	inf	inf
1700..1956	7 1900	gErika	gairika	80	4	76	20.000	4.322
1700..1956	7 1900	gaja	gaja	82	9	73	9.111	3.188
1700..1956	7 1900	janay	janay	87	7	80	12.429	3.636
1700..1956	7 1900	sidDacUrRa	siddhacūrṇa	93	0	93	inf	inf
1700..1956	7 1900	aNguli	aṅguli	87	18	69	4.833	2.273
1700..1956	7 1900	kavi	kavi	87	0	87	inf	inf
1700..1956	7 1900	mada	mada	91	4	87	22.750	4.508
1700..1956	7 1900	nATa	nātha	85	1	84	85.000	6.409
1700..1956	7 1900	ciYcA	ciñcā	85	1	84	85.000	6.409
1700..1956	7 1900	Ama	āma	86	6	80	14.333	3.841
1700..1956	7 1900	azwaka	aṣṭaka	85	0	85	inf	inf
1700..1956	7 1900	dviviDa	dvividha	86	20	66	4.300	2.104
1700..1956	7 1900	svarUpa	svarūpa	84	26	58	3.231	1.692
1700..1956	7 1900	mukti	mukti	85	8	77	10.625	3.409
1700..1956	7 1900	vega	vega	91	9	82	10.111	3.338
1700..1956	7 1900	Gana	ghana	83	15	68	5.533	2.468
1700..1956	7 1900	vistf	vistṛ	87	21	66	4.143	2.051
1700..1956	7 1900	muRqa	muṇḍa	87	0	87	inf	inf
1700..1956	7 1900	miSray	miśray	75	8	67	9.375	3.229
1700..1956	7 1900	ahar	ahar	82	2	80	41.000	5.358
1700..1956	7 1900	kuRqa	kuṇḍa	90	6	84	15.000	3.907
1700..1956	7 1900	BfNgarAja	bhṛṅgarāja	84	2	82	42.000	5.392
1700..1956	7 1900	viGna	vighna	89	3	86	29.667	4.891
1700..1956	7 1900	vijayA	vijayā	88	0	88	inf	inf
1700..1956	7 1900	ahorAtra	ahorātra	81	3	78	27.000	4.755
1700..1956	7 1900	vawI	vaṭī	85	0	85	inf	inf
1700..1956	7 1900	bAhya	bāhya	81	11	70	7.364	2.880
1700..1956	7 1900	prahara	prahara	87	6	81	14.500	3.858
1700..1956	7 1900	prakalpay	prakalpay	67	1	66	67.000	6.066
1700..1956	7 1900	sUtendra	sūtendra	90	1	89	90.000	6.492
1700..1956	7 1900	saMgraha	saṁgraha	66	13	53	5.077	2.344
1700..1956	7 1900	kAraka	kāraka	70	13	57	5.385	2.429
1700..1956	7 1900	samAna	samāna	80	14	66	5.714	2.515
1700..1956	7 1900	nitya	nitya	81	7	74	11.571	3.532
1700..1956	7 1900	maDya	madhya	87	74	13	1.176	0.233
1700..1956	7 1900	masfRa	masṛṇa	88	2	86	44.000	5.459
1700..1956	7 1900	DAnyABra	dhānyābhra	76	3	73	25.333	4.663
1700..1956	7 1900	nayana	nayana	83	3	80	27.667	4.790
1700..1956	7 1900	pavana	pavana	84	3	81	28.000	4.807
1700..1956	7 1900	sureSvarI	sureśvarī	63	0	63	inf	inf
1700..1956	7 1900	suKa	sukha	83	21	62	3.952	1.983
1700..1956	7 1900	SatAvarI	śatāvarī	68	3	65	22.667	4.503
1700..1956	7 1900	vftti	vṛtti	85	7	78	12.143	3.602
1700..1956	7 1900	pUjana	pūjana	75	2	73	37.500	5.229
1700..1956	7 1900	daSaguRa	daśaguṇa	85	1	84	85.000	6.409
1700..1956	7 1900	KAd	khād	86	0	86	inf	inf
1700..1956	7 1900	utTA	utthā	77	5	72	15.400	3.945
1700..1956	7 1900	han	han	77	26	51	2.962	1.566
1700..1956	7 1900	unmA	unmā	84	1	83	84.000	6.392
1700..1956	7 1900	ajA	ajā	78	0	78	inf	inf
1700..1956	7 1900	saMjYaka	saṁjñaka	68	14	54	4.857	2.280
1700..1956	7 1900	ambara	ambara	83	5	78	16.600	4.053
1700..1956	7 1900	uparasa	uparasa	83	18	65	4.611	2.205
1700..1956	7 1900	aSva	aśva	84	11	73	7.636	2.933
1700..1956	7 1900	rajanI	rajanī	80	1	79	80.000	6.322
1700..1956	7 1900	ramBA	rambhā	81	7	74	11.571	3.532
1700..1956	7 1900	gaNgA	gaṅgā	77	0	77	inf	inf
1700..1956	7 1900	KaRqa	khaṇḍa	87	11	76	7.909	2.984
1700..1956	7 1900	dIp	dīp	84	8	76	10.500	3.392
1700..1956	7 1900	vAsA	vāsā	75	2	73	37.500	5.229
1700..1956	7 1900	melay	melay	73	2	71	36.500	5.190
1700..1956	7 1900	sUtarAja	sūtarāja	87	1	86	87.000	6.443
1700..1956	7 1900	akzara	akṣara	81	0	81	inf	inf
1700..1956	7 1900	kAminI	kāminī	80	1	79	80.000	6.322
1700..1956	7 1900	kArin	kārin	73	10	63	7.300	2.868
1700..1956	7 1900	apAmArga	apāmārga	74	2	72	37.000	5.209
1700..1956	7 1900	aruRa	aruṇa	84	4	80	21.000	4.392
1700..1956	7 1900	zazWa	ṣaṣṭha	73	2	71	36.500	5.190
1700..1956	7 1900	DAraRa	dhāraṇa	77	5	72	15.400	3.945
1700..1956	7 1900	vikAra	vikāra	74	3	71	24.667	4.624
1700..1956	7 1900	azwaguRa	aṣṭaguṇa	79	7	72	11.286	3.496
1700..1956	7 1900	drAvaRa	drāvaṇa	75	10	65	7.500	2.907
1700..1956	7 1900	danta	danta	82	8	74	10.250	3.358
1700..1956	7 1900	SuBra	śubhra	82	4	78	20.500	4.358
1700..1956	7 1900	Kadira	khadira	82	2	80	41.000	5.358
1700..1956	7 1900	musalI	musalī	82	1	81	82.000	6.358
1700..1956	7 1900	AcCAday	ācchāday	73	20	53	3.650	1.868
1700..1956	7 1900	svap	svap	63	1	62	63.000	5.977
1700..1956	7 1900	upayuj	upayuj	69	6	63	11.500	3.524
1700..1956	7 1900	pattraka	pattraka	67	3	64	22.333	4.481
1700..1956	7 1900	kozWI	koṣṭhī	74	31	43	2.387	1.255
1700..1956	7 1900	kawuka	kaṭuka	79	4	75	19.750	4.304
1700..1956	7 1900	samaya	samaya	79	6	73	13.167	3.719
1700..1956	7 1900	ayuta	ayuta	82	0	82	inf	inf
1700..1956	7 1900	BAj	bhāj	76	4	72	19.000	4.248
1700..1956	7 1900	moha	moha	80	2	78	40.000	5.322
1700..1956	7 1900	bilva	bilva	77	3	74	25.667	4.682
1700..1956	7 1900	pfTivI	pṛthivī	67	1	66	67.000	6.066
1700..1956	7 1900	aYj	añj	82	1	81	82.000	6.358
1700..1956	7 1900	vyaD	vyadh	73	4	69	18.250	4.190
1700..1956	7 1900	caRqa	caṇḍa	77	10	67	7.700	2.945
1700..1956	7 1900	pramA	pramā	81	6	75	13.500	3.755
1700..1956	7 1900	sampiz	sampiṣ	82	0	82	inf	inf
1700..1956	7 1900	rasAyana	rasāyana	69	13	56	5.308	2.408
1700..1956	7 1900	amlavetasa	amlavetasa	63	3	60	21.000	4.392
1700..1956	7 1900	cAraRa	cāraṇa	78	8	70	9.750	3.285
1700..1956	7 1900	Ananda	ānanda	79	23	56	3.435	1.780
1700..1956	7 1900	Arti	ārti	80	0	80	inf	inf
1700..1956	7 1900	vaDU	vadhū	77	0	77	inf	inf
1700..1956	7 1900	varAnanA	varānanā	61	0	61	inf	inf
1700..1956	7 1900	lAkzA	lākṣā	71	1	70	71.000	6.150
1700..1956	7 1900	tfRa	tṛṇa	75	10	65	7.500	2.907
1700..1956	7 1900	sOvIra	sauvīra	69	4	65	17.250	4.109
1700..1956	7 1900	sarzapa	sarṣapa	75	7	68	10.714	3.421
1700..1956	7 1900	suta	suta	78	1	77	78.000	6.285
1700..1956	7 1900	paS	paś	71	3	68	23.667	4.565
1700..1956	7 1900	Bf	bhṛ	70	2	68	35.000	5.129
1700..1956	7 1900	Bram	bhram	73	7	66	10.429	3.382
1700..1956	7 1900	guRay	guṇay	80	3	77	26.667	4.737
1700..1956	7 1900	kevala	kevala	66	11	55	6.000	2.585
1700..1956	7 1900	candrArka	candrārka	75	3	72	25.000	4.644
1700..1956	7 1900	veDaka	vedhaka	70	2	68	35.000	5.129
1700..1956	7 1900	kajjalI	kajjalī	72	14	58	5.143	2.363
1700..1956	7 1900	naKa	nakha	76	3	73	25.333	4.663
1700..1956	7 1900	vicAraRA	vicāraṇā	55	2	53	27.500	4.781
1700..1956	7 1900	BAjana	bhājana	66	7	59	9.429	3.237
1700..1956	7 1900	utpala	utpala	74	3	71	24.667	4.624
1700..1956	7 1900	rAjAvarta	rājāvarta	70	2	68	35.000	5.129
1700..1956	7 1900	SAnti	śānti	73	2	71	36.500	5.190
1700..1956	7 1900	kzetra	kṣetra	71	3	68	23.667	4.565
1700..1956	7 1900	plIhan	plīhan	80	4	76	20.000	4.322
1700..1956	7 1900	pravAla	pravāla	72	1	71	72.000	6.170
1700..1956	7 1900	Kan	khan	75	1	74	75.000	6.229
1700..1956	7 1900	GawikA	ghaṭikā	77	6	71	12.833	3.682
1700..1956	7 1900	cAlay	cālay	69	13	56	5.308	2.408
1700..1956	7 1900	nASay	nāśay	69	5	64	13.800	3.787
1700..1956	7 1900	caturviDa	caturvidha	58	8	50	7.250	2.858
1700..1956	7 1900	sTAlikA	sthālikā	70	5	65	14.000	3.807
1700..1956	7 1900	puway	puṭay	69	0	69	inf	inf
1700..1956	7 1900	zowa	ṣoṭa	74	0	74	inf	inf
1700..1956	7 1900	kfzRa	kṛṣṇa	73	23	50	3.174	1.666
1700..1956	7 1900	aNkola	aṅkola	70	1	69	70.000	6.129
1700..1956	7 1900	kAnta	kānta	69	11	58	6.273	2.649
1700..1956	7 1900	Boga	bhoga	74	13	61	5.692	2.509
1700..1956	7 1900	vicitra	vicitra	64	8	56	8.000	3.000
1700..1956	7 1900	Buja	bhuja	76	4	72	19.000	4.248
1700..1956	7 1900	citta	citta	73	10	63	7.300	2.868
1700..1956	7 1900	AcArya	ācārya	70	10	60	7.000	2.807
1700..1956	7 1900	Ayuzya	āyuṣya	77	0	77	inf	inf
1700..1956	7 1900	ramya	ramya	76	0	76	inf	inf
1700..1956	7 1900	rIti	rīti	73	6	67	12.167	3.605
1700..1956	7 1900	vAkya	vākya	73	21	52	3.476	1.798
1700..1956	7 1900	mAnasa	mānasa	67	4	63	16.750	4.066
1700..1956	7 1900	lakzmI	lakṣmī	71	1	70	71.000	6.150
1700..1956	7 1900	lepana	lepana	67	5	62	13.400	3.744
1700..1956	7 1900	jaWara	jaṭhara	77	8	69	9.625	3.267
1700..1956	7 1900	SuRWI	śuṇṭhī	73	3	70	24.333	4.605
1700..1956	7 1900	gAtra	gātra	74	5	69	14.800	3.888
1700..1956	7 1900	Gfz	ghṛṣ	74	1	73	74.000	6.209
1700..1956	7 1900	pU	pū	77	2	75	38.500	5.267
1700..1956	7 1900	kIrtay	kīrtay	61	13	48	4.692	2.230
1700..1956	7 1900	tApay	tāpay	72	0	72	inf	inf
1700..1956	7 1900	liK	likh	68	1	67	68.000	6.087
1700..1956	7 1900	nirgam	nirgam	76	16	60	4.750	2.248
1700..1956	7 1900	prakzAlay	prakṣālay	69	3	66	23.000	4.524
1700..1956	7 1900	viKyA	vikhyā	77	3	74	25.667	4.682
1700..1956	7 1900	drava	drava	72	47	25	1.532	0.615
1700..1956	7 1900	ap	ap	71	5	66	14.200	3.828
1700..1956	7 1900	akzi	akṣi	73	5	68	14.600	3.868
1700..1956	7 1900	pIWI	pīṭhī	70	0	70	inf	inf
1700..1956	7 1900	kaRA	kaṇā	69	3	66	23.000	4.524
1700..1956	7 1900	sattvaka	sattvaka	65	0	65	inf	inf
1700..1956	7 1900	saMyoga	saṁyoga	73	16	57	4.562	2.190
1700..1956	7 1900	upacAra	upacāra	64	1	63	64.000	6.000
1700..1956	7 1900	BAnu	bhānu	71	0	71	inf	inf
1700..1956	7 1900	cira	cira	70	4	66	17.500	4.129
1700..1956	7 1900	ASraya	āśraya	62	3	59	20.667	4.369
1700..1956	7 1900	vawa	vaṭa	68	1	67	68.000	6.087
1700..1956	7 1900	yama	yama	64	2	62	32.000	5.000
1700..1956	7 1900	mARikya	māṇikya	64	4	60	16.000	4.000
1700..1956	7 1900	mAndya	māndya	74	1	73	74.000	6.209
1700..1956	7 1900	sTira	sthira	66	18	48	3.667	1.874
1700..1956	7 1900	hima	hima	74	5	69	14.800	3.888
1700..1956	7 1900	smara	smara	71	0	71	inf	inf
1700..1956	7 1900	vESya	vaiśya	67	5	62	13.400	3.744
1700..1956	7 1900	SilAjatu	śilājatu	61	1	60	61.000	5.931
1700..1956	7 1900	vistara	vistara	68	7	61	9.714	3.280
1700..1956	7 1900	niKan	nikhan	74	3	71	24.667	4.624
1700..1956	7 1900	Sukra	śukra	71	6	65	11.833	3.565
1700..1956	7 1900	arcay	arcay	56	1	55	56.000	5.807
1700..1956	7 1900	QAlay	ḍhālay	70	0	70	inf	inf
1700..1956	7 1900	keli	keli	62	1	61	62.000	5.954
1700..1956	7 1900	akza	akṣa	63	6	57	10.500	3.392
1700..1956	7 1900	aDara	adhara	71	0	71	inf	inf
1700..1956	7 1900	kunda	kunda	72	1	71	72.000	6.170
1700..1956	7 1900	madya	madya	67	2	65	33.500	5.066
1700..1956	7 1900	DyAna	dhyāna	67	10	57	6.700	2.744
1700..1956	7 1900	BAryA	bhāryā	73	0	73	inf	inf
1700..1956	7 1900	jaGana	jaghana	72	0	72	inf	inf
1700..1956	7 1900	Anana	ānana	71	3	68	23.667	4.565
1700..1956	7 1900	Asana	āsana	67	22	45	3.045	1.607
1700..1956	7 1900	yuvan	yuvan	65	0	65	inf	inf
1700..1956	7 1900	vanDyA	vandhyā	66	0	66	inf	inf
1700..1956	7 1900	mOktika	mauktika	67	9	58	7.444	2.896
1700..1956	7 1900	maheSAnI	maheśānī	72	0	72	inf	inf
1700..1956	7 1900	rUpin	rūpin	64	1	63	64.000	6.000
1700..1956	7 1900	pAcana	pācana	66	3	63	22.000	4.459
1700..1956	7 1900	pAvaka	pāvaka	61	1	60	61.000	5.931
1700..1956	7 1900	haridrA	haridrā	66	6	60	11.000	3.459
1700..1956	7 1900	mUlaka	mūlaka	65	6	59	10.833	3.437
1700..1956	7 1900	meGanAda	meghanāda	68	0	68	inf	inf
1700..1956	7 1900	prakfti	prakṛti	66	10	56	6.600	2.722
1700..1956	7 1900	cal	cal	64	2	62	32.000	5.000
1700..1956	7 1900	vft	vṛt	59	10	49	5.900	2.561
1700..1956	7 1900	DA	dhā	68	1	67	68.000	6.087
1700..1956	7 1900	grAhay	grāhay	68	0	68	inf	inf
1700..1956	7 1900	caRaka	caṇaka	70	2	68	35.000	5.129
1700..1956	7 1900	vimuc	vimuc	62	2	60	31.000	4.954
1700..1956	7 1900	dvaMdvay	dvaṁdvay	64	1	63	64.000	6.000
1700..1956	7 1900	BUzaRa	bhūṣaṇa	57	3	54	19.000	4.248
1700..1956	7 1900	majjan	majjan	68	4	64	17.000	4.087
1700..1956	7 1900	Uru	ūru	69	13	56	5.308	2.408
1700..1956	7 1900	vArttika	vārttika	64	3	61	21.333	4.415
1700..1956	7 1900	ahi	ahi	69	7	62	9.857	3.301
1700..1956	7 1900	icCA	icchā	65	3	62	21.667	4.437
1700..1956	7 1900	yojana	yojana	68	3	65	22.667	4.503
1700..1956	7 1900	vajrI	vajrī	67	0	67	inf	inf
1700..1956	7 1900	rAjikA	rājikā	62	3	59	20.667	4.369
1700..1956	7 1900	vallI	vallī	70	1	69	70.000	6.129
1700..1956	7 1900	vaSa	vaśa	69	21	48	3.286	1.716
1700..1956	7 1900	vastu	vastu	67	3	64	22.333	4.481
1700..1956	7 1900	vAkucI	vākucī	62	1	61	62.000	5.954
1700..1956	7 1900	jIva	jīva	68	21	47	3.238	1.695
1700..1956	7 1900	taruRa	taruṇa	68	0	68	inf	inf
1700..1956	7 1900	sOBAgya	saubhāgya	62	3	59	20.667	4.369
1700..1956	7 1900	sarpAkzI	sarpākṣī	64	6	58	10.667	3.415
1700..1956	7 1900	vid	vid	64	54	10	1.185	0.245
1700..1956	7 1900	SyAma	śyāma	64	4	60	16.000	4.000
1700..1956	7 1900	SiKin	śikhin	68	1	67	68.000	6.087
1700..1956	7 1900	muKya	mukhya	66	8	58	8.250	3.044
1700..1956	7 1900	bAlA	bālā	63	0	63	inf	inf
1700..1956	7 1900	prakawa	prakaṭa	67	1	66	67.000	6.066
1700..1956	7 1900	kzi	kṣi	63	4	59	15.750	3.977
1700..1956	7 1900	kAntaloha	kāntaloha	61	0	61	inf	inf
1700..1956	7 1900	pawu	paṭu	66	2	64	33.000	5.044
1700..1956	7 1900	saptaka	saptaka	52	0	52	inf	inf
1700..1956	7 1900	manohara	manohara	55	2	53	27.500	4.781
1700..1956	7 1900	DImat	dhīmat	64	2	62	32.000	5.000
1700..1956	7 1900	DUrta	dhūrta	64	1	63	64.000	6.000
1700..1956	7 1900	nandin	nandin	64	0	64	inf	inf
1700..1956	7 1900	arSas	arśas	67	2	65	33.500	5.066
1700..1956	7 1900	ujjvala	ujjvala	58	4	54	14.500	3.858
1700..1956	7 1900	rADA	rādhā	65	0	65	inf	inf
1700..1956	7 1900	valaya	valaya	69	14	55	4.929	2.301
1700..1956	7 1900	lavaRa	lavaṇa	68	30	38	2.267	1.181
1700..1956	7 1900	tritaya	tritaya	68	2	66	34.000	5.087
1700..1956	7 1900	sIsa	sīsa	65	7	58	9.286	3.215
1700..1956	7 1900	haya	haya	69	5	64	13.800	3.787
1700..1956	7 1900	vyAGrI	vyāghrī	62	0	62	inf	inf
1700..1956	7 1900	mudga	mudga	69	2	67	34.500	5.109
1700..1956	7 1900	vftta	vṛtta	66	5	61	13.200	3.722
1700..1956	7 1900	pUrRa	pūrṇa	66	7	59	9.429	3.237
1700..1956	7 1900	snA	snā	69	0	69	inf	inf
1700..1956	7 1900	udBU	udbhū	67	6	61	11.167	3.481
1700..1956	7 1900	vacA	vacā	63	0	63	inf	inf
1700..1956	7 1900	vaNkanAla	vaṅkanāla	65	14	51	4.643	2.215
1700..1956	7 1900	kAkatuRqI	kākatuṇḍī	63	4	59	15.750	3.977
1700..1956	7 1900	kArpAsa	kārpāsa	62	0	62	inf	inf
1700..1956	7 1900	pawa	paṭa	61	1	60	61.000	5.931
1700..1956	7 1900	paTyA	pathyā	62	4	58	15.500	3.954
1700..1956	7 1900	saMnipAta	saṁnipāta	62	1	61	62.000	5.954
1700..1956	7 1900	nimna	nimna	63	16	47	3.938	1.977
1700..1956	7 1900	vAsas	vāsas	60	2	58	30.000	4.907
1700..1956	7 1900	avaSeza	avaśeṣa	66	4	62	16.500	4.044
1700..1956	7 1900	asura	asura	60	0	60	inf	inf
1700..1956	7 1900	yoni	yoni	61	7	54	8.714	3.123
1700..1956	7 1900	mezaSfNgI	meṣaśṛṅgī	58	1	57	58.000	5.858
1700..1956	7 1900	dvitaya	dvitaya	65	5	60	13.000	3.700
1700..1956	7 1900	sasyaka	sasyaka	60	2	58	30.000	4.907
1700..1956	7 1900	sundarI	sundarī	60	0	60	inf	inf
1700..1956	7 1900	smfti	smṛti	64	2	62	32.000	5.000
1700..1956	7 1900	SataguRa	śataguṇa	60	2	58	30.000	4.907
1700..1956	7 1900	haMsapAdI	haṁsapādī	59	1	58	59.000	5.883
1700..1956	7 1900	vimala	vimala	64	12	52	5.333	2.415
1700..1956	7 1900	vimalA	vimalā	61	0	61	inf	inf
1700..1956	7 1900	gamana	gamana	63	11	52	5.727	2.518
1700..1956	7 1900	Kecara	khecara	64	7	57	9.143	3.193
1700..1956	7 1900	prasTa	prastha	63	14	49	4.500	2.170
1700..1956	7 1900	caRqikA	caṇḍikā	64	1	63	64.000	6.000
1700..1956	7 1900	parityaj	parityaj	57	4	53	14.250	3.833
1700..1956	7 1900	capala	capala	57	6	51	9.500	3.248
1700..1956	7 1900	kfzi	kṛṣi	56	0	56	inf	inf
1700..1956	7 1900	aNga	aṅga	66	21	45	3.143	1.652
1700..1956	7 1900	aneka	aneka	61	5	56	12.200	3.609
1700..1956	7 1900	Bramara	bhramara	59	1	58	59.000	5.883
1700..1956	7 1900	nAsA	nāsā	62	16	46	3.875	1.954
1700..1956	7 1900	ABaraRa	ābharaṇa	66	0	66	inf	inf
1700..1956	7 1900	Arogya	ārogya	63	3	60	21.000	4.392
1700..1956	7 1900	aSman	aśman	61	5	56	12.200	3.609
1700..1956	7 1900	azwAdaSan	aṣṭādaśan	58	3	55	19.333	4.273
1700..1956	7 1900	AhAra	āhāra	60	5	55	12.000	3.585
1700..1956	7 1900	Ahvaya	āhvaya	47	2	45	23.500	4.555
1700..1956	7 1900	ISa	īśa	63	2	61	31.500	4.977
1700..1956	7 1900	vakzas	vakṣas	58	0	58	inf	inf
1700..1956	7 1900	vamana	vamana	55	2	53	27.500	4.781
1700..1956	7 1900	rucira	rucira	63	1	62	63.000	5.977
1700..1956	7 1900	dIpa	dīpa	65	5	60	13.000	3.700
1700..1956	7 1900	jayadeva	jayadeva	66	0	66	inf	inf
1700..1956	7 1900	jAnu	jānu	63	17	46	3.706	1.890
1700..1956	7 1900	pAta	pāta	62	10	52	6.200	2.632
1700..1956	7 1900	tantra	tantra	65	28	37	2.321	1.215
1700..1956	7 1900	sPuwa	sphuṭa	58	1	57	58.000	5.858
1700..1956	7 1900	svalpa	svalpa	56	5	51	11.200	3.485
1700..1956	7 1900	svara	svara	62	3	59	20.667	4.369
1700..1956	7 1900	gadyARaka	gadyāṇaka	62	0	62	inf	inf
1700..1956	7 1900	dAqima	dāḍima	58	5	53	11.600	3.536
1700..1956	7 1900	cAray	cāray	56	2	54	28.000	4.807
1700..1956	7 1900	BAz	bhāṣ	49	5	44	9.800	3.293
1700..1956	7 1900	BaR	bhaṇ	58	0	58	inf	inf
1700..1956	7 1900	avaSezay	avaśeṣay	51	0	51	inf	inf
1700..1956	7 1900	kalay	kalay	64	0	64	inf	inf
1700..1956	7 1900	kvATay	kvāthay	61	2	59	30.500	4.931
1700..1956	7 1900	nipat	nipat	59	2	57	29.500	4.883
1700..1956	7 1900	nirmA	nirmā	59	14	45	4.214	2.075
1700..1956	7 1900	saMsTA	saṁsthā	58	7	51	8.286	3.051
1700..1956	7 1900	vilepay	vilepay	51	5	46	10.200	3.350
1700..1956	7 1900	vApay	vāpay	55	2	53	27.500	4.781
1700..1956	7 1900	karIza	karīṣa	59	14	45	4.214	2.075
1700..1956	7 1900	kUpa	kūpa	58	2	56	29.000	4.858
1700..1956	7 1900	kali	kali	51	0	51	inf	inf
1700..1956	7 1900	satya	satya	61	7	54	8.714	3.123
1700..1956	7 1900	parvata	parvata	55	5	50	11.000	3.459
1700..1956	7 1900	nIlI	nīlī	56	1	55	56.000	5.807
1700..1956	7 1900	martya	martya	61	7	54	8.714	3.123
1700..1956	7 1900	malla	malla	59	11	48	5.364	2.423
1700..1956	7 1900	ftu	ṛtu	56	6	50	9.333	3.222
1700..1956	7 1900	saMvatsara	saṁvatsara	52	2	50	26.000	4.700
1700..1956	7 1900	DIra	dhīra	54	2	52	27.000	4.755
1700..1956	7 1900	nadI	nadī	61	0	61	inf	inf
1700..1956	7 1900	AcAra	ācāra	60	4	56	15.000	3.907
1700..1956	7 1900	ADAra	ādhāra	56	7	49	8.000	3.000
1700..1956	7 1900	aSeza	aśeṣa	57	1	56	57.000	5.833
1700..1956	7 1900	lOha	lauha	62	46	16	1.348	0.431
1700..1956	7 1900	dolA	dolā	57	1	56	57.000	5.833
1700..1956	7 1900	DattUra	dhattūra	59	2	57	29.500	4.883
1700..1956	7 1900	hArin	hārin	55	1	54	55.000	5.781
1700..1956	7 1900	sahasraka	sahasraka	54	0	54	inf	inf
1700..1956	7 1900	sADAraRa	sādhāraṇa	55	5	50	11.000	3.459
1700..1956	7 1900	sAraRa	sāraṇa	57	0	57	inf	inf
1700..1956	7 1900	SUdra	śūdra	62	4	58	15.500	3.954
1700..1956	7 1900	SaSin	śaśin	59	3	56	19.667	4.298
1700..1956	7 1900	Ka	kha	57	13	44	4.385	2.132
1700..1956	7 1900	vistAra	vistāra	63	30	33	2.100	1.070
1700..1956	7 1900	daSama	daśama	60	6	54	10.000	3.322
1700..1956	7 1900	brAhma	brāhma	55	1	54	55.000	5.781
1700..1956	7 1900	rakz	rakṣ	58	6	52	9.667	3.273
1700..1956	7 1900	has	has	54	0	54	inf	inf
1700..1956	7 1900	nimbU	nimbū	55	1	54	55.000	5.781
1700..1956	7 1900	muRqI	muṇḍī	59	2	57	29.500	4.883
1700..1956	7 1900	niveday	niveday	56	1	55	56.000	5.807
1700..1956	7 1900	nizecay	niṣecay	49	1	48	49.000	5.615
1700..1956	7 1900	nimbuka	nimbuka	58	2	56	29.000	4.858
1700..1956	7 1900	kfmi	kṛmi	58	7	51	8.286	3.051
1700..1956	7 1900	akzata	akṣata	61	0	61	inf	inf
1700..1956	7 1900	BUlatA	bhūlatā	52	0	52	inf	inf
1700..1956	7 1900	Bezaja	bheṣaja	60	17	43	3.529	1.819
1700..1956	7 1900	niryAsa	niryāsa	61	1	60	61.000	5.931
1700..1956	7 1900	Srama	śrama	60	20	40	3.000	1.585
1700..1956	7 1900	Sruti	śruti	59	3	56	19.667	4.298
1700..1956	7 1900	nakzatra	nakṣatra	58	2	56	29.000	4.858
1700..1956	7 1900	upala	upala	58	11	47	5.273	2.399
1700..1956	7 1900	vigraha	vigraha	53	2	51	26.500	4.728
1700..1956	7 1900	Ceda	cheda	57	0	57	inf	inf
1700..1956	7 1900	Ardra	ārdra	60	8	52	7.500	2.907
1700..1956	7 1900	ISvarA	īśvarā	51	2	49	25.500	4.672
1700..1956	7 1900	vawikA	vaṭikā	58	1	57	58.000	5.858
1700..1956	7 1900	vApa	vāpa	59	3	56	19.667	4.298
1700..1956	7 1900	tIrTa	tīrtha	55	4	51	13.750	3.781
1700..1956	7 1900	trikzAra	trikṣāra	47	0	47	inf	inf
1700..1956	7 1900	dIpana	dīpana	53	10	43	5.300	2.406
1700..1956	7 1900	Dara	dhara	60	3	57	20.000	4.322
1700..1956	7 1900	hiNgu	hiṅgu	61	2	59	30.500	4.931
1700..1956	7 1900	hita	hita	61	14	47	4.357	2.123
1700..1956	7 1900	SoPa	śopha	60	0	60	inf	inf
1700..1956	7 1900	gavya	gavya	56	4	52	14.000	3.807
1700..1956	7 1900	SiKA	śikhā	59	7	52	8.429	3.075
1700..1956	7 1900	mAhiza	māhiṣa	58	1	57	58.000	5.858
1700..1956	7 1900	kzepa	kṣepa	60	10	50	6.000	2.585
1700..1956	7 1900	kzIrakanda	kṣīrakanda	54	0	54	inf	inf
1700..1956	7 1900	mUzikA	mūṣikā	55	4	51	13.750	3.781
1700..1956	7 1900	pIWa	pīṭha	58	8	50	7.250	2.858
1700..1956	7 1900	purIza	purīṣa	62	5	57	12.400	3.632
1700..1956	7 1900	bfhatI	bṛhatī	61	0	61	inf	inf
1700..1956	7 1900	vfD	vṛdh	60	4	56	15.000	3.907
1700..1956	7 1900	recay	recay	47	16	31	2.938	1.555
1700..1956	7 1900	DmApay	dhmāpay	55	1	54	55.000	5.781
1700..1956	7 1900	ramay	ramay	59	0	59	inf	inf
1700..1956	7 1900	Sak	śak	51	6	45	8.500	3.087
1700..1956	7 1900	anusf	anusṛ	60	2	58	30.000	4.907
1700..1956	7 1900	AnI	ānī	56	4	52	14.000	3.807
1700..1956	7 1900	lakzay	lakṣay	50	16	34	3.125	1.644
1700..1956	7 1900	ASri	āśri	57	6	51	9.500	3.248
1700..1956	7 1900	saMgrah	saṁgrah	60	5	55	12.000	3.585
1700..1956	7 1900	divArAtra	divārātra	59	1	58	59.000	5.883
1700..1956	7 1900	piDA	pidhā	61	13	48	4.692	2.230
1700..1956	7 1900	vimala	vimala	51	12	39	4.250	2.087
1700..1956	7 1900	mfRmaya	mṛṇmaya	58	0	58	inf	inf
1700..1956	7 1900	kUrma	kūrma	57	6	51	9.500	3.248
1700..1956	7 1900	kopa	kopa	56	0	56	inf	inf
1700..1956	7 1900	komala	komala	53	2	51	26.500	4.728
1700..1956	7 1900	aDomuKa	adhomukha	49	5	44	9.800	3.293
1700..1956	7 1900	saptAha	saptāha	58	0	58	inf	inf
1700..1956	7 1900	vicakzaRa	vicakṣaṇa	42	6	36	7.000	2.807
1700..1956	7 1900	Bitti	bhitti	54	14	40	3.857	1.948
1700..1956	7 1900	aSvatTa	aśvattha	49	1	48	49.000	5.615
1700..1956	7 1900	Agama	āgama	53	4	49	13.250	3.728
1700..1956	7 1900	ikzu	ikṣu	59	1	58	59.000	5.883
1700..1956	7 1900	mAyA	māyā	58	7	51	8.286	3.051
1700..1956	7 1900	dyuti	dyuti	55	0	55	inf	inf
1700..1956	7 1900	dvAtriMSat	dvātriṁśat	54	7	47	7.714	2.948
1700..1956	7 1900	stoka	stoka	43	2	41	21.500	4.426
1700..1956	7 1900	haritAla	haritāla	53	12	41	4.417	2.143
1700..1956	7 1900	SaRa	śaṇa	59	9	50	6.556	2.713
1700..1956	7 1900	Sayana	śayana	58	3	55	19.333	4.273
1700..1956	7 1900	golaka	golaka	47	1	46	47.000	5.555
1700..1956	7 1900	SEla	śaila	54	3	51	18.000	4.170
1700..1956	7 1900	SiKara	śikhara	58	7	51	8.286	3.051
1700..1956	7 1900	vilAsa	vilāsa	59	9	50	6.556	2.713
1700..1956	7 1900	viSudDi	viśuddhi	51	2	49	25.500	4.672
1700..1956	7 1900	praBu	prabhu	46	2	44	23.000	4.524
1700..1956	7 1900	dayita	dayita	51	0	51	inf	inf
1700..1956	7 1900	gal	gal	56	5	51	11.200	3.485
1700..1956	7 1900	Cid	chid	54	5	49	10.800	3.433
1700..1956	7 1900	plu	plu	52	1	51	52.000	5.700
1700..1956	7 1900	sPur	sphur	50	0	50	inf	inf
1700..1956	7 1900	Akfz	ākṛṣ	57	13	44	4.385	2.132
1700..1956	7 1900	niDApay	nidhāpay	43	3	40	14.333	3.841
1700..1956	7 1900	vinirmuc	vinirmuc	60	2	58	30.000	4.907
1700..1956	7 1900	vipac	vipac	56	1	55	56.000	5.807
1700..1956	7 1900	pradAyaka	pradāyaka	44	3	41	14.667	3.874
1700..1956	7 1900	kacCapa	kacchapa	56	5	51	11.200	3.485
1700..1956	7 1900	kanyakA	kanyakā	56	0	56	inf	inf
1700..1956	7 1900	kozWa	koṣṭha	55	10	45	5.500	2.459
1700..1956	7 1900	pannaga	pannaga	50	1	49	50.000	5.644
1700..1956	7 1900	saMDyA	saṁdhyā	53	0	53	inf	inf
1700..1956	7 1900	parRa	parṇa	55	1	54	55.000	5.781
1700..1956	7 1900	kukkuwa	kukkuṭa	55	1	54	55.000	5.781
1700..1956	7 1900	kuwI	kuṭī	54	0	54	inf	inf
1700..1956	7 1900	BrU	bhrū	51	8	43	6.375	2.672
1700..1956	7 1900	nASin	nāśin	41	4	37	10.250	3.358
1700..1956	7 1900	elA	elā	52	3	49	17.333	4.115
1700..1956	7 1900	SrImat	śrīmat	52	6	46	8.667	3.115
1700..1956	7 1900	cetas	cetas	49	2	47	24.500	4.615
1700..1956	7 1900	CagaRa	chagaṇa	55	11	44	5.000	2.322
1700..1956	7 1900	utTApana	utthāpana	52	9	43	5.778	2.531
1700..1956	7 1900	yamunA	yamunā	55	0	55	inf	inf
1700..1956	7 1900	tAvat	tāvat	55	38	17	1.447	0.533
1700..1956	7 1900	tIra	tīra	56	0	56	inf	inf
1700..1956	7 1900	jayantI	jayantī	48	0	48	inf	inf
1700..1956	7 1900	paSu	paśu	53	5	48	10.600	3.406
1700..1956	7 1900	jyotis	jyotis	51	4	47	12.750	3.672
1700..1956	7 1900	tapas	tapas	51	0	51	inf	inf
1700..1956	7 1900	sUraRa	sūraṇa	57	0	57	inf	inf
1700..1956	7 1900	SIla	śīla	53	6	47	8.833	3.143
1700..1956	7 1900	kzatriya	kṣatriya	55	5	50	11.000	3.459
1700..1956	7 1900	kzAra	kṣāra	52	30	22	1.733	0.794
1700..1956	7 1900	mUlikA	mūlikā	47	7	40	6.714	2.747
1700..1956	7 1900	vfdDa	vṛddha	54	2	52	27.000	4.755
1700..1956	7 1900	bAla	bāla	51	8	43	6.375	2.672
1700..1956	7 1900	cintay	cintay	46	5	41	9.200	3.202
1700..1956	7 1900	nam	nam	54	8	46	6.750	2.755
1700..1956	7 1900	vartay	vartay	56	3	53	18.667	4.222
1700..1956	7 1900	racay	racay	55	4	51	13.750	3.781
1700..1956	7 1900	Gora	ghora	57	4	53	14.250	3.833
1700..1956	7 1900	prajvAlay	prajvālay	51	10	41	5.100	2.350
1700..1956	7 1900	prasiD	prasidh	43	34	9	1.265	0.339
1700..1956	7 1900	vilas	vilas	56	1	55	56.000	5.807
1700..1956	7 1900	samAvartay	samāvartay	55	0	55	inf	inf
1700..1956	7 1900	saMmA	saṁmā	49	5	44	9.800	3.293
1700..1956	7 1900	Barjay	bharjay	47	0	47	inf	inf
1700..1956	7 1900	kapota	kapota	48	2	46	24.000	4.585
1700..1956	7 1900	kokila	kokila	50	20	30	2.500	1.322
1700..1956	7 1900	aBiDAna	abhidhāna	50	2	48	25.000	4.644
1700..1956	7 1900	matsyAkzI	matsyākṣī	49	0	49	inf	inf
1700..1956	7 1900	sama	sama	45	82	-37	0.549	-0.866
1700..1956	7 1900	nasya	nasya	53	0	53	inf	inf
1700..1956	7 1900	nAgavallI	nāgavallī	46	1	45	46.000	5.524
1700..1956	7 1900	nArAyaRa	nārāyaṇa	46	3	43	15.333	3.939
1700..1956	7 1900	fzi	ṛṣi	52	2	50	26.000	4.700
1700..1956	7 1900	DmAna	dhmāna	55	32	23	1.719	0.781
1700..1956	7 1900	BAskara	bhāskara	49	4	45	12.250	3.615
1700..1956	7 1900	cAru	cāru	53	0	53	inf	inf
1700..1956	7 1900	arTin	arthin	50	0	50	inf	inf
1700..1956	7 1900	avaDi	avadhi	48	2	46	24.000	4.585
1700..1956	7 1900	utpatti	utpatti	48	15	33	3.200	1.678
1700..1956	7 1900	aSvaganDA	aśvagandhā	46	3	43	15.333	3.939
1700..1956	7 1900	ucita	ucita	52	6	46	8.667	3.115
1700..1956	7 1900	rADikA	rādhikā	31	0	31	inf	inf
1700..1956	7 1900	rAma	rāma	47	2	45	23.500	4.555
1700..1956	7 1900	rujA	rujā	55	4	51	13.750	3.781
1700..1956	7 1900	yakza	yakṣa	53	0	53	inf	inf
1700..1956	7 1900	yajYa	yajña	47	0	47	inf	inf
1700..1956	7 1900	maheSvara	maheśvara	47	6	41	7.833	2.970
1700..1956	7 1900	laSuna	laśuna	53	1	52	53.000	5.728
1700..1956	7 1900	dIkzA	dīkṣā	52	4	48	13.000	3.700
1700..1956	7 1900	tArA	tārā	53	0	53	inf	inf
1700..1956	7 1900	sevana	sevana	48	1	47	48.000	5.585
1700..1956	7 1900	dantI	dantī	51	1	50	51.000	5.672
1700..1956	7 1900	hAra	hāra	47	0	47	inf	inf
1700..1956	7 1900	sAndra	sāndra	53	1	52	53.000	5.728
1700..1956	7 1900	Sarad	śarad	51	5	46	10.200	3.350
1700..1956	7 1900	vyasta	vyasta	54	3	51	18.000	4.170
1700..1956	7 1900	SAlmalI	śālmalī	48	1	47	48.000	5.585
1700..1956	7 1900	mfga	mṛga	52	5	47	10.400	3.379
1700..1956	7 1900	dAyaka	dāyaka	43	8	35	5.375	2.426
1700..1956	7 1900	bAhu	bāhu	53	5	48	10.600	3.406
1700..1956	7 1900	prIti	prīti	55	3	52	18.333	4.196
1700..1956	7 1900	i	i	50	6	44	8.333	3.059
1700..1956	7 1900	kalpay	kalpay	43	8	35	5.375	2.426
1700..1956	7 1900	gad	gad	53	1	52	53.000	5.728
1700..1956	7 1900	grAma	grāma	55	0	55	inf	inf
1700..1956	7 1900	yaj	yaj	48	0	48	inf	inf
1700..1956	7 1900	lI	lī	43	0	43	inf	inf
1700..1956	7 1900	sah	sah	43	4	39	10.750	3.426
1700..1956	7 1900	Aloqay	āloḍay	52	2	50	26.000	4.700
1700..1956	7 1900	prayojay	prayojay	39	2	37	19.500	4.285
1700..1956	7 1900	viBAvay	vibhāvay	47	1	46	47.000	5.555
1700..1956	7 1900	vilip	vilip	44	3	41	14.667	3.874
1700..1956	7 1900	prAYc	prāñc	45	8	37	5.625	2.492
1700..1956	7 1900	BAgaka	bhāgaka	47	0	47	inf	inf
1700..1956	7 1900	pAtanAyantra	pātanāyantra	56	5	51	11.200	3.485
1700..1956	7 1900	aNka	aṅka	47	0	47	inf	inf
1700..1956	7 1900	aDyAya	adhyāya	47	23	24	2.043	1.031
1700..1956	7 1900	kartf	kartṛ	52	9	43	5.778	2.531
1700..1956	7 1900	kAnta	kānta	50	11	39	4.545	2.184
1700..1956	7 1900	kAntapAzARa	kāntapāṣāṇa	50	0	50	inf	inf
1700..1956	7 1900	padmarAga	padmarāga	45	1	44	45.000	5.492
1700..1956	7 1900	paraspara	paraspara	45	3	42	15.000	3.907
1700..1956	7 1900	kAlikA	kālikā	43	1	42	43.000	5.426
1700..1956	7 1900	Brama	bhrama	50	1	49	50.000	5.644
1700..1956	7 1900	nIla	nīla	51	6	45	8.500	3.087
1700..1956	7 1900	nfpa	nṛpa	50	0	50	inf	inf
1700..1956	7 1900	amftA	amṛtā	44	1	43	44.000	5.459
1700..1956	7 1900	ozaDi	oṣadhi	51	7	44	7.286	2.865
1700..1956	7 1900	zazwi	ṣaṣṭi	49	6	43	8.167	3.030
1700..1956	7 1900	DI	dhī	49	0	49	inf	inf
1700..1956	7 1900	nagara	nagara	52	1	51	52.000	5.700
1700..1956	7 1900	upadeSa	upadeśa	53	3	50	17.667	4.143
1700..1956	7 1900	Bakta	bhakta	52	1	51	52.000	5.700
1700..1956	7 1900	Bara	bhara	54	0	54	inf	inf
1700..1956	7 1900	Bartf	bhartṛ	51	0	51	inf	inf
1700..1956	7 1900	cipiwa	cipiṭa	51	2	49	25.500	4.672
1700..1956	7 1900	utkarza	utkarṣa	53	5	48	10.600	3.406
1700..1956	7 1900	Ayasa	āyasa	53	4	49	13.250	3.728
1700..1956	7 1900	izwikA	iṣṭikā	45	7	38	6.429	2.684
1700..1956	7 1900	yOvana	yauvana	52	7	45	7.429	2.893
1700..1956	7 1900	raktavarga	raktavarga	43	3	40	14.333	3.841
1700..1956	7 1900	vajrakanda	vajrakanda	49	0	49	inf	inf
1700..1956	7 1900	varRaka	varṇaka	43	2	41	21.500	4.426
1700..1956	7 1900	vasanta	vasanta	49	4	45	12.250	3.615
1700..1956	7 1900	pAtraka	pātraka	44	1	43	44.000	5.459
1700..1956	7 1900	pAcana	pācana	45	3	42	15.000	3.907
1700..1956	7 1900	pARqura	pāṇḍura	47	10	37	4.700	2.233
1700..1956	7 1900	jyotizmatI	jyotiṣmatī	46	1	45	46.000	5.524
1700..1956	7 1900	sambanDa	sambandha	42	14	28	3.000	1.585
1700..1956	7 1900	sarpa	sarpa	49	3	46	16.333	4.030
1700..1956	7 1900	saha	saha	49	68	-19	0.721	-0.473
1700..1956	7 1900	sArDa	sārdha	47	7	40	6.714	2.747
1700..1956	7 1900	vrata	vrata	47	0	47	inf	inf
1700..1956	7 1900	vEqUrya	vaiḍūrya	47	5	42	9.400	3.233
1700..1956	7 1900	vitasti	vitasti	48	25	23	1.920	0.941
1700..1956	7 1900	vinASa	vināśa	51	4	47	12.750	3.672
1700..1956	7 1900	granTi	granthi	48	3	45	16.000	4.000
1700..1956	7 1900	Sulva	śulva	51	1	50	51.000	5.672
1700..1956	7 1900	ganDASman	gandhāśman	48	0	48	inf	inf
1700..1956	7 1900	mustA	mustā	46	0	46	inf	inf
1700..1956	7 1900	dAyin	dāyin	44	1	43	44.000	5.459
1700..1956	7 1900	brAhmI	brāhmī	51	0	51	inf	inf
1700..1956	7 1900	balA	balā	50	2	48	25.000	4.644
1700..1956	7 1900	kup	kup	44	0	44	inf	inf
1700..1956	7 1900	grIzma	grīṣma	47	2	45	23.500	4.555
1700..1956	7 1900	Sam	śam	51	4	47	12.750	3.672
1700..1956	7 1900	paW	paṭh	45	1	44	45.000	5.492
1700..1956	7 1900	lolay	lolay	48	1	47	48.000	5.585
1700..1956	7 1900	utpad	utpad	48	9	39	5.333	2.415
1700..1956	7 1900	upadiS	upadiś	50	6	44	8.333	3.059
1700..1956	7 1900	praRam	praṇam	46	3	43	15.333	3.939
1700..1956	7 1900	praDam	pradham	44	5	39	8.800	3.138
1700..1956	7 1900	vitan	vitan	48	1	47	48.000	5.585
1700..1956	7 1900	saMsTApay	saṁsthāpay	52	20	32	2.600	1.379
1700..1956	7 1900	saMcUrRay	saṁcūrṇay	48	0	48	inf	inf
1700..1956	7 1900	samAcar	samācar	40	13	27	3.077	1.621
1700..1956	7 1900	sampravac	sampravac	42	3	39	14.000	3.807
1700..1956	7 1900	maDuka	madhuka	42	1	41	42.000	5.392
1700..1956	7 1900	powalI	poṭalī	50	9	41	5.556	2.474
1700..1956	7 1900	kajjala	kajjala	45	2	43	22.500	4.492
1700..1956	7 1900	kUpikA	kūpikā	48	2	46	24.000	4.585
1700..1956	7 1900	ketakI	ketakī	46	3	43	15.333	3.939
1700..1956	7 1900	maRqapa	maṇḍapa	44	1	43	44.000	5.459
1700..1956	7 1900	matkuRa	matkuṇa	49	1	48	49.000	5.615
1700..1956	7 1900	netrya	netrya	52	0	52	inf	inf
1700..1956	7 1900	mayUra	mayūra	42	4	38	10.500	3.392
1700..1956	7 1900	ekAdaSI	ekādaśī	44	0	44	inf	inf
1700..1956	7 1900	BAvanA	bhāvanā	45	11	34	4.091	2.032
1700..1956	7 1900	arcana	arcana	45	0	45	inf	inf
1700..1956	7 1900	ASin	āśin	51	0	51	inf	inf
1700..1956	7 1900	yuvati	yuvati	52	0	52	inf	inf
1700..1956	7 1900	vakra	vakra	48	5	43	9.600	3.263
1700..1956	7 1900	vacas	vacas	42	0	42	inf	inf
1700..1956	7 1900	vallaBa	vallabha	47	1	46	47.000	5.555
1700..1956	7 1900	vAda	vāda	51	1	50	51.000	5.672
1700..1956	7 1900	lakuca	lakuca	46	5	41	9.200	3.202
1700..1956	7 1900	tiTi	tithi	49	1	48	49.000	5.615
1700..1956	7 1900	tElaka	tailaka	46	0	46	inf	inf
1700..1956	7 1900	jihvA	jihvā	46	8	38	5.750	2.524
1700..1956	7 1900	jIvana	jīvana	49	4	45	12.250	3.615
1700..1956	7 1900	pallava	pallava	48	0	48	inf	inf
1700..1956	7 1900	pArTiva	pārthiva	48	3	45	16.000	4.000
1700..1956	7 1900	taRqula	taṇḍula	44	0	44	inf	inf
1700..1956	7 1900	tAmbUla	tāmbūla	47	0	47	inf	inf
1700..1956	7 1900	sTiti	sthiti	48	8	40	6.000	2.585
1700..1956	7 1900	snehana	snehana	44	0	44	inf	inf
1700..1956	7 1900	hara	hara	48	8	40	6.000	2.585
1700..1956	7 1900	homa	homa	47	4	43	11.750	3.555
1700..1956	7 1900	SfNga	śṛṅga	52	0	52	inf	inf
1700..1956	7 1900	Kalla	khalla	46	7	39	6.571	2.716
1700..1956	7 1900	gAnDarva	gāndharva	45	0	45	inf	inf
1700..1956	7 1900	kroDa	krodha	49	0	49	inf	inf
1700..1956	7 1900	miSra	miśra	48	14	34	3.429	1.778
1700..1956	7 1900	muhUrta	muhūrta	46	1	45	46.000	5.524
1700..1956	7 1900	puzparAga	puṣparāga	42	2	40	21.000	4.392
1700..1956	7 1900	brahmadina	brahmadina	52	0	52	inf	inf
1700..1956	7 1900	prARin	prāṇin	50	3	47	16.667	4.059
1700..1956	7 1900	preman	preman	46	1	45	46.000	5.524
1700..1956	7 1900	prameha	prameha	44	2	42	22.000	4.459
1700..1956	7 1900	arpay	arpay	48	0	48	inf	inf
1700..1956	7 1900	kram	kram	49	1	48	49.000	5.615
1700..1956	7 1900	SoBay	śobhay	45	0	45	inf	inf
1700..1956	7 1900	Bakz	bhakṣ	48	2	46	24.000	4.585
1700..1956	7 1900	pralip	pralip	47	0	47	inf	inf
1700..1956	7 1900	prasad	prasad	47	1	46	47.000	5.555
1700..1956	7 1900	vipAcay	vipācay	39	0	39	inf	inf
1700..1956	7 1900	DAmay	dhāmay	47	2	45	23.500	4.555
1700..1956	7 1900	kawi	kaṭi	44	1	43	44.000	5.459
1700..1956	7 1900	kodrava	kodrava	44	0	44	inf	inf
1700..1956	7 1900	aGora	aghora	42	1	41	42.000	5.392
1700..1956	7 1900	adfSya	adṛśya	47	4	43	11.750	3.555
1700..1956	7 1900	kastUrI	kastūrī	45	1	44	45.000	5.492
1700..1956	7 1900	paTa	patha	49	1	48	49.000	5.615
1700..1956	7 1900	BfNgI	bhṛṅgī	47	0	47	inf	inf
1700..1956	7 1900	samIpa	samīpa	41	2	39	20.500	4.358
1700..1956	7 1900	matimat	matimat	47	1	46	47.000	5.555
1700..1956	7 1900	mastaka	mastaka	48	5	43	9.600	3.263
1700..1956	7 1900	Bagavant	bhagavant	48	10	38	4.800	2.263
1700..1956	7 1900	astra	astra	50	8	42	6.250	2.644
1700..1956	7 1900	rakzA	rakṣā	45	2	43	22.500	4.492
1700..1956	7 1900	raYjaka	rañjaka	41	1	40	41.000	5.358
1700..1956	7 1900	vajravallI	vajravallī	42	1	41	42.000	5.392
1700..1956	7 1900	vaRij	vaṇij	48	0	48	inf	inf
1700..1956	7 1900	ruDira	rudhira	49	0	49	inf	inf
1700..1956	7 1900	varDana	vardhana	42	0	42	inf	inf
1700..1956	7 1900	vali	vali	48	0	48	inf	inf
1700..1956	7 1900	vasana	vasana	50	0	50	inf	inf
1700..1956	7 1900	japa	japa	46	2	44	23.000	4.524
1700..1956	7 1900	pitAmaha	pitāmaha	44	0	44	inf	inf
1700..1956	7 1900	tanu	tanu	47	5	42	9.400	3.233
1700..1956	7 1900	somadeva	somadeva	46	0	46	inf	inf
1700..1956	7 1900	sTAyin	sthāyin	44	3	41	14.667	3.874
1700..1956	7 1900	sparSana	sparśana	46	0	46	inf	inf
1700..1956	7 1900	sApiRqya	sāpiṇḍya	38	0	38	inf	inf
1700..1956	7 1900	viparIta	viparīta	43	3	40	14.333	3.841
1700..1956	7 1900	guda	guda	47	7	40	6.714	2.747
1700..1956	7 1900	granTa	grantha	42	27	15	1.556	0.637
1700..1956	7 1900	Kala	khala	43	1	42	43.000	5.426
1700..1956	7 1900	ganDarva	gandharva	46	0	46	inf	inf
1700..1956	7 1900	mudrA	mudrā	45	41	4	1.098	0.134
1700..1956	7 1900	puRya	puṇya	48	2	46	24.000	4.585
1700..1956	7 1900	pUrvaka	pūrvaka	43	13	30	3.308	1.726
1700..1956	7 1900	prakASa	prakāśa	46	10	36	4.600	2.202
1700..1956	7 1900	arc	arc	36	0	36	inf	inf
1700..1956	7 1900	krIq	krīḍ	46	0	46	inf	inf
1700..1956	7 1900	Suz	śuṣ	47	0	47	inf	inf
1700..1956	7 1900	vand	vand	41	0	41	inf	inf
1700..1956	7 1900	Aruh	āruh	46	4	42	11.500	3.524
1700..1956	7 1900	utTApay	utthāpay	44	4	40	11.000	3.459
1700..1956	7 1900	prasAray	prasāray	42	5	37	8.400	3.070
1700..1956	7 1900	cUrRIkf	cūrṇīkṛ	44	4	40	11.000	3.459
1700..1956	7 1900	mUlamantra	mūlamantra	47	0	47	inf	inf
1700..1956	7 1900	lehay	lehay	47	0	47	inf	inf
1700..1956	7 1900	mitrapaYcaka	mitrapañcaka	45	6	39	7.500	2.907
1700..1956	7 1900	arhaka	arhaka	45	0	45	inf	inf
1700..1956	7 1900	saMsAra	saṁsāra	44	6	38	7.333	2.874
1700..1956	7 1900	saMGAta	saṁghāta	47	0	47	inf	inf
1700..1956	7 1900	paYcalavaRa	pañcalavaṇa	48	1	47	48.000	5.585
1700..1956	7 1900	kIdfSa	kīdṛśa	29	2	27	14.500	3.858
1700..1956	7 1900	niyama	niyama	47	6	41	7.833	2.970
1700..1956	7 1900	nIlAYjana	nīlāñjana	41	9	32	4.556	2.188
1700..1956	7 1900	nAlikera	nālikera	38	0	38	inf	inf
1700..1956	7 1900	mantrin	mantrin	46	1	45	46.000	5.524
1700..1956	7 1900	malina	malina	44	3	41	14.667	3.874
1700..1956	7 1900	DAnyAmla	dhānyāmla	45	0	45	inf	inf
1700..1956	7 1900	upAya	upāya	43	4	39	10.750	3.426
1700..1956	7 1900	vidruma	vidruma	44	1	43	44.000	5.459
1700..1956	7 1900	Apad	āpad	45	7	38	6.429	2.684
1700..1956	7 1900	Amra	āmra	41	0	41	inf	inf
1700..1956	7 1900	aSmarI	aśmarī	43	1	42	43.000	5.426
1700..1956	7 1900	indragopa	indragopa	40	1	39	40.000	5.322
1700..1956	7 1900	yAvat	yāvat	41	66	-25	0.621	-0.687
1700..1956	7 1900	rAkzasa	rākṣasa	43	0	43	inf	inf
1700..1956	7 1900	rucya	rucya	46	0	46	inf	inf
1700..1956	7 1900	mAnava	mānava	40	1	39	40.000	5.322
1700..1956	7 1900	tulasI	tulasī	44	0	44	inf	inf
1700..1956	7 1900	jawA	jaṭā	48	4	44	12.000	3.585
1700..1956	7 1900	jantu	jantu	45	6	39	7.500	2.907
1700..1956	7 1900	Danus	dhanus	46	22	24	2.091	1.064
1700..1956	7 1900	tawa	taṭa	44	0	44	inf	inf
1700..1956	7 1900	tAla	tāla	45	4	41	11.250	3.492
1700..1956	7 1900	harza	harṣa	48	2	46	24.000	4.585
1700..1956	7 1900	sAmAnya	sāmānya	44	10	34	4.400	2.138
1700..1956	7 1900	sPawika	sphaṭika	47	2	45	23.500	4.555
1700..1956	7 1900	vinASin	vināśin	35	11	24	3.182	1.670
1700..1956	7 1900	viBAva	vibhāva	42	0	42	inf	inf
1700..1956	7 1900	gfhiRI	gṛhiṇī	44	0	44	inf	inf
1700..1956	7 1900	govinda	govinda	45	0	45	inf	inf
1700..1956	7 1900	Soza	śoṣa	45	1	44	45.000	5.492
1700..1956	7 1900	kzuD	kṣudh	42	1	41	42.000	5.392
1700..1956	7 1900	medas	medas	43	5	38	8.600	3.104
1700..1956	7 1900	puzwi	puṣṭi	48	7	41	6.857	2.778
1700..1956	7 1900	darpa	darpa	46	1	45	46.000	5.524
1700..1956	7 1900	brahmacArin	brahmacārin	42	0	42	inf	inf
1700..1956	7 1900	tan	tan	41	0	41	inf	inf
1700..1956	7 1900	duz	duṣ	43	1	42	43.000	5.426
1700..1956	7 1900	val	val	46	0	46	inf	inf
1700..1956	7 1900	Avezway	āveṣṭay	43	0	43	inf	inf
1700..1956	7 1900	uddiS	uddiś	44	11	33	4.000	2.000
1700..1956	7 1900	viSiz	viśiṣ	43	47	-4	0.915	-0.128
1700..1956	7 1900	kUzmARqa	kūṣmāṇḍa	44	1	43	44.000	5.459
1700..1956	7 1900	vimiSray	vimiśray	38	1	37	38.000	5.248
1700..1956	7 1900	parameSAnI	parameśānī	41	0	41	inf	inf
1700..1956	7 1900	nirmuKa	nirmukha	42	10	32	4.200	2.070
1700..1956	7 1900	Seza	śeṣa	41	35	6	1.171	0.228
1700..1956	7 1900	aYjali	añjali	43	5	38	8.600	3.104
1700..1956	7 1900	atiSaya	atiśaya	43	1	42	43.000	5.426
1700..1956	7 1900	saNga	saṅga	45	0	45	inf	inf
1700..1956	7 1900	karpara	karpara	43	0	43	inf	inf
1700..1956	7 1900	kAntA	kāntā	45	0	45	inf	inf
1700..1956	7 1900	kAmalA	kāmalā	42	0	42	inf	inf
1700..1956	7 1900	kimBUta	kimbhūta	11	1	10	11.000	3.459
1700..1956	7 1900	kunawI	kunaṭī	43	1	42	43.000	5.426
1700..1956	7 1900	samudBava	samudbhava	33	4	29	8.250	3.044
1700..1956	7 1900	nAqI	nāḍī	45	20	25	2.250	1.170
1700..1956	7 1900	evaMviDa	evaṁvidha	36	5	31	7.200	2.848
1700..1956	7 1900	odana	odana	44	1	43	44.000	5.459
1700..1956	7 1900	DUpa	dhūpa	44	1	43	44.000	5.459
1700..1956	7 1900	navanIta	navanīta	41	9	32	4.556	2.188
1700..1956	7 1900	upayoga	upayoga	43	25	18	1.720	0.782
1700..1956	7 1900	CAga	chāga	44	2	42	22.000	4.459
1700..1956	7 1900	arjuna	arjuna	38	6	32	6.333	2.663
1700..1956	7 1900	avayava	avayava	46	6	40	7.667	2.939
1700..1956	7 1900	avasTA	avasthā	42	36	6	1.167	0.222
1700..1956	7 1900	utseDa	utsedha	43	13	30	3.308	1.726
1700..1956	7 1900	AjYA	ājñā	42	3	39	14.000	3.807
1700..1956	7 1900	yukta	yukta	38	3	35	12.667	3.663
1700..1956	7 1900	ruci	ruci	46	4	42	11.500	3.524
1700..1956	7 1900	mOli	mauli	46	1	45	46.000	5.524
1700..1956	7 1900	yavakzAra	yavakṣāra	44	4	40	11.000	3.459
1700..1956	7 1900	rOpya	raupya	41	15	26	2.733	1.451
1700..1956	7 1900	trikawu	trikaṭu	42	0	42	inf	inf
1700..1956	7 1900	jIraka	jīraka	40	4	36	10.000	3.322
1700..1956	7 1900	pARi	pāṇi	40	4	36	10.000	3.322
1700..1956	7 1900	piDAna	pidhāna	40	13	27	3.077	1.621
1700..1956	7 1900	tarala	tarala	43	4	39	10.750	3.426
1700..1956	7 1900	suKin	sukhin	34	2	32	17.000	4.087
1700..1956	7 1900	harItakI	harītakī	36	3	33	12.000	3.585
1700..1956	7 1900	hiNgu	hiṅgu	44	2	42	22.000	4.459
1700..1956	7 1900	guqUcI	guḍūcī	40	3	37	13.333	3.737
1700..1956	7 1900	gulikA	gulikā	39	0	39	inf	inf
1700..1956	7 1900	goDUma	godhūma	43	2	41	21.500	4.426
1700..1956	7 1900	SUnya	śūnya	44	2	42	22.000	4.459
1700..1956	7 1900	Soka	śoka	42	3	39	14.000	3.807
1700..1956	7 1900	SARa	śāṇa	44	3	41	14.667	3.874
1700..1956	7 1900	kzama	kṣama	37	3	34	12.333	3.624
1700..1956	7 1900	praBAta	prabhāta	38	1	37	38.000	5.248
1700..1956	7 1900	bIjapUra	bījapūra	39	0	39	inf	inf
1700..1956	7 1900	arh	arh	38	1	37	38.000	5.248
1700..1956	7 1900	viS	viś	41	7	34	5.857	2.550
1700..1956	7 1900	pAyay	pāyay	39	2	37	19.500	4.285
1700..1956	7 1900	hu	hu	43	0	43	inf	inf
1700..1956	7 1900	anugam	anugam	46	0	46	inf	inf
1700..1956	7 1900	roDay	rodhay	38	2	36	19.000	4.248
1700..1956	7 1900	pIqay	pīḍay	40	6	34	6.667	2.737
1700..1956	7 1900	BaYj	bhañj	42	3	39	14.000	3.807
1700..1956	7 1900	stamBay	stambhay	41	0	41	inf	inf
1700..1956	7 1900	alaMkf	alaṁkṛ	41	0	41	inf	inf
1700..1956	7 1900	nizpad	niṣpad	39	4	35	9.750	3.285
1700..1956	7 1900	cakzus	cakṣus	41	2	39	20.500	4.358
1700..1956	7 1900	vinirdiS	vinirdiś	41	3	38	13.667	3.773
1700..1956	7 1900	samAKyA	samākhyā	46	15	31	3.067	1.617
1700..1956	7 1900	sampUjay	sampūjay	43	1	42	43.000	5.426
1700..1956	7 1900	SudDasUta	śuddhasūta	39	0	39	inf	inf
1700..1956	7 1900	arha	arha	43	6	37	7.167	2.841
1700..1956	7 1900	rakzay	rakṣay	40	0	40	inf	inf
1700..1956	7 1900	tiryaYc	tiryañc	37	17	20	2.176	1.122
1700..1956	7 1900	maRqay	maṇḍay	40	2	38	20.000	4.322
1700..1956	7 1900	SiKitra	śikhitra	35	7	28	5.000	2.322
1700..1956	7 1900	CARaka	chāṇaka	43	0	43	inf	inf
1700..1956	7 1900	catuHzazwitama	catuḥṣaṣṭitama	39	0	39	inf	inf
1700..1956	7 1900	kawutumbI	kaṭutumbī	37	1	36	37.000	5.209
1700..1956	7 1900	kaRwaka	kaṇṭaka	43	0	43	inf	inf
1700..1956	7 1900	kaTana	kathana	37	3	34	12.333	3.624
1700..1956	7 1900	kapAla	kapāla	41	7	34	5.857	2.550
1700..1956	7 1900	acCa	accha	35	2	33	17.500	4.129
1700..1956	7 1900	atisAra	atisāra	40	1	39	40.000	5.322
1700..1956	7 1900	aDama	adhama	39	6	33	6.500	2.700
1700..1956	7 1900	saMvid	saṁvid	43	12	31	3.583	1.841
1700..1956	7 1900	kartf	kartṛ	40	9	31	4.444	2.152
1700..1956	7 1900	nyAsa	nyāsa	39	1	38	39.000	5.285
1700..1956	7 1900	patnI	patnī	43	0	43	inf	inf
1700..1956	7 1900	paTika	pathika	38	0	38	inf	inf
1700..1956	7 1900	anDa	andha	36	1	35	36.000	5.170
1700..1956	7 1900	BUrja	bhūrja	39	1	38	39.000	5.285
1700..1956	7 1900	majjA	majjā	41	1	40	41.000	5.358
1700..1956	7 1900	aruci	aruci	42	1	41	42.000	5.392
1700..1956	7 1900	UrRA	ūrṇā	40	0	40	inf	inf
1700..1956	7 1900	navama	navama	35	2	33	17.500	4.129
1700..1956	7 1900	BaNga	bhaṅga	41	5	36	8.200	3.036
1700..1956	7 1900	BujaMga	bhujaṁga	43	3	40	14.333	3.841
1700..1956	7 1900	citra	citra	42	8	34	5.250	2.392
1700..1956	7 1900	ujJita	ujjhita	38	5	33	7.600	2.926
1700..1956	7 1900	uttara	uttara	43	28	15	1.536	0.619
1700..1956	7 1900	Aditya	āditya	39	0	39	inf	inf
1700..1956	7 1900	Arta	ārta	42	0	42	inf	inf
1700..1956	7 1900	yuj	yuj	41	57	-16	0.719	-0.475
1700..1956	7 1900	raYjana	rañjana	35	5	30	7.000	2.807
1700..1956	7 1900	ranDra	randhra	41	15	26	2.733	1.451
1700..1956	7 1900	vanamAlin	vanamālin	28	0	28	inf	inf
1700..1956	7 1900	meDA	medhā	41	0	41	inf	inf
1700..1956	7 1900	varzABU	varṣābhū	41	2	39	20.500	4.358
1700..1956	7 1900	vAnti	vānti	38	0	38	inf	inf
1700..1956	7 1900	roman	roman	40	0	40	inf	inf
1700..1956	7 1900	dvAdaSI	dvādaśī	39	1	38	39.000	5.285
1700..1956	7 1900	pAyasa	pāyasa	39	1	38	39.000	5.285
1700..1956	7 1900	tAraka	tāraka	34	0	34	inf	inf
1700..1956	7 1900	tArkzya	tārkṣya	42	1	41	42.000	5.392
1700..1956	7 1900	surata	surata	44	0	44	inf	inf
1700..1956	7 1900	sinDu	sindhu	41	3	38	13.667	3.773
1700..1956	7 1900	SaNkA	śaṅkā	40	0	40	inf	inf
1700..1956	7 1900	Sara	śara	44	17	27	2.588	1.372
1700..1956	7 1900	gojihvA	gojihvā	41	0	41	inf	inf
1700..1956	7 1900	gOrava	gaurava	41	2	39	20.500	4.358
1700..1956	7 1900	SilADAtu	śilādhātu	40	0	40	inf	inf
1700..1956	7 1900	vireka	vireka	39	0	39	inf	inf
1700..1956	7 1900	vizRukrAntA	viṣṇukrāntā	37	3	34	12.333	3.624
1700..1956	7 1900	dAridrya	dāridrya	44	0	44	inf	inf
1700..1956	7 1900	dArQya	dārḍhya	44	3	41	14.667	3.874
1700..1956	7 1900	divyOzaDa	divyauṣadha	40	0	40	inf	inf
1700..1956	7 1900	praSAnti	praśānti	34	0	34	inf	inf
1700..1956	7 1900	As	ās	38	2	36	19.000	4.248
1700..1956	7 1900	sfj	sṛj	43	3	40	14.333	3.841
1700..1956	7 1900	upanI	upanī	36	1	35	36.000	5.170
1700..1956	7 1900	Goza	ghoṣa	43	2	41	21.500	4.426
1700..1956	7 1900	niyam	niyam	40	4	36	10.000	3.322
1700..1956	7 1900	tAqana	tāḍana	42	5	37	8.400	3.070
1700..1956	7 1900	vidru	vidru	39	2	37	19.500	4.285
1700..1956	7 1900	vihA	vihā	42	11	31	3.818	1.933
1700..1956	7 1900	vIkz	vīkṣ	37	2	35	18.500	4.209
1700..1956	7 1900	agastya	agastya	36	0	36	inf	inf
1700..1956	7 1900	vaDa	vadha	43	0	43	inf	inf
1700..1956	7 1900	nirUpay	nirūpay	35	2	33	17.500	4.129
1700..1956	7 1900	paTin	pathin	38	1	37	38.000	5.248
1700..1956	7 1900	viBUzay	vibhūṣay	33	0	33	inf	inf
1700..1956	7 1900	muktA	muktā	41	3	38	13.667	3.773
1700..1956	7 1900	navasAra	navasāra	42	1	41	42.000	5.392
1700..1956	7 1900	kaNguRI	kaṅguṇī	39	0	39	inf	inf
1700..1956	7 1900	mUzAyantra	mūṣāyantra	39	0	39	inf	inf
1700..1956	7 1900	kuzWa	kuṣṭha	35	6	29	5.833	2.544
1700..1956	7 1900	adButa	adbhuta	34	0	34	inf	inf
1700..1956	7 1900	karRikA	karṇikā	39	3	36	13.000	3.700
1700..1956	7 1900	sadASiva	sadāśiva	31	2	29	15.500	3.954
1700..1956	7 1900	pariRAma	pariṇāma	38	2	36	19.000	4.248
1700..1956	7 1900	Beka	bheka	37	2	35	18.500	4.209
1700..1956	7 1900	nivftti	nivṛtti	35	3	32	11.667	3.544
1700..1956	7 1900	nAgArjuna	nāgārjuna	37	1	36	37.000	5.209
1700..1956	7 1900	nidrA	nidrā	40	2	38	20.000	4.322
1700..1956	7 1900	niDi	nidhi	39	0	39	inf	inf
1700..1956	7 1900	uras	uras	37	2	35	18.500	4.209
1700..1956	7 1900	Svitra	śvitra	41	0	41	inf	inf
1700..1956	7 1900	naBas	nabhas	34	0	34	inf	inf
1700..1956	7 1900	viSiKa	viśikha	40	0	40	inf	inf
1700..1956	7 1900	BAgika	bhāgika	37	0	37	inf	inf
1700..1956	7 1900	citra	citra	39	8	31	4.875	2.285
1700..1956	7 1900	Cavi	chavi	38	0	38	inf	inf
1700..1956	7 1900	ADikya	ādhikya	40	15	25	2.667	1.415
1700..1956	7 1900	lOha	lauha	41	46	-5	0.891	-0.166
1700..1956	7 1900	vawaka	vaṭaka	40	2	38	20.000	4.322
1700..1956	7 1900	varAwa	varāṭa	40	0	40	inf	inf
1700..1956	7 1900	rasakarman	rasakarman	33	4	29	8.250	3.044
1700..1956	7 1900	melana	melana	39	1	38	39.000	5.285
1700..1956	7 1900	mAlya	mālya	42	2	40	21.000	4.392
1700..1956	7 1900	lABa	lābha	35	3	32	11.667	3.544
1700..1956	7 1900	jaya	jaya	39	7	32	5.571	2.478
1700..1956	7 1900	jIva	jīva	39	21	18	1.857	0.893
1700..1956	7 1900	dEtya	daitya	41	0	41	inf	inf
1700..1956	7 1900	dEvata	daivata	40	0	40	inf	inf
1700..1956	7 1900	pARqu	pāṇḍu	41	4	37	10.250	3.358
1700..1956	7 1900	pAlASa	pālāśa	39	0	39	inf	inf
1700..1956	7 1900	pASa	pāśa	39	2	37	19.500	4.285
1700..1956	7 1900	tamas	tamas	38	2	36	19.000	4.248
1700..1956	7 1900	soma	soma	41	3	38	13.667	3.773
1700..1956	7 1900	dakziRA	dakṣiṇā	34	0	34	inf	inf
1700..1956	7 1900	sTala	sthala	38	4	34	9.500	3.248
1700..1956	7 1900	vyakta	vyakta	34	2	32	17.000	4.087
1700..1956	7 1900	SoRita	śoṇita	38	3	35	12.667	3.663
1700..1956	7 1900	SyAmA	śyāmā	37	7	30	5.286	2.402
1700..1956	7 1900	garva	garva	42	0	42	inf	inf
1700..1956	7 1900	SaSa	śaśa	35	1	34	35.000	5.129
1700..1956	7 1900	Sastra	śastra	37	17	20	2.176	1.122
1700..1956	7 1900	SAka	śāka	34	5	29	6.800	2.766
1700..1956	7 1900	mftsnA	mṛtsnā	38	1	37	38.000	5.248
1700..1956	7 1900	vizWA	viṣṭhā	40	0	40	inf	inf
1700..1956	7 1900	vizama	viṣama	38	2	36	19.000	4.248
1700..1956	7 1900	puwana	puṭana	39	11	28	3.545	1.826
1700..1956	7 1900	puzya	puṣya	36	4	32	9.000	3.170
1700..1956	7 1900	dAnava	dānava	40	0	40	inf	inf
1700..1956	7 1900	balavat	balavat	38	0	38	inf	inf
1700..1956	7 1900	gup	gup	36	18	18	2.000	1.000
1700..1956	7 1900	diS	diś	36	11	25	3.273	1.710
1700..1956	7 1900	anuBU	anubhū	36	8	28	4.500	2.170
1700..1956	7 1900	avaSiz	avaśiṣ	37	5	32	7.400	2.888
1700..1956	7 1900	Avf	āvṛ	40	9	31	4.444	2.152
1700..1956	7 1900	udi	udi	38	2	36	19.000	4.248
1700..1956	7 1900	nizev	niṣev	39	0	39	inf	inf
1700..1956	7 1900	prakASay	prakāśay	29	8	21	3.625	1.858
1700..1956	7 1900	prayA	prayā	39	3	36	13.000	3.700
1700..1956	7 1900	vinASay	vināśay	34	3	31	11.333	3.503
1700..1956	7 1900	saMtap	saṁtap	40	2	38	20.000	4.322
1700..1956	7 1900	samutTA	samutthā	37	3	34	12.333	3.624
1700..1956	7 1900	krAmaka	krāmaka	40	0	40	inf	inf
1700..1956	7 1900	hiDmA	hidhmā	41	0	41	inf	inf
1700..1956	7 1900	udDf	uddhṛ	32	4	28	8.000	3.000
1700..1956	7 1900	sampf	sampṛ	41	4	37	10.250	3.358
1700..1956	7 1900	BasmIkf	bhasmīkṛ	33	9	24	3.667	1.874
1700..1956	7 1900	mUtraka	mūtraka	33	0	33	inf	inf
1700..1956	7 1900	saMpezay	saṁpeṣay	40	1	39	40.000	5.322
1700..1956	7 1900	parimarday	parimarday	33	0	33	inf	inf
1700..1956	7 1900	kumpaka	kumpaka	36	0	36	inf	inf
1700..1956	7 1900	karaYja	karañja	35	0	35	inf	inf
1700..1956	7 1900	karkawa	karkaṭa	37	0	37	inf	inf
1700..1956	7 1900	kftrima	kṛtrima	39	13	26	3.000	1.585
1700..1956	7 1900	akzaya	akṣaya	32	3	29	10.667	3.415
1700..1956	7 1900	agaru	agaru	39	0	39	inf	inf
1700..1956	7 1900	aNguzWa	aṅguṣṭha	37	19	18	1.947	0.962
1700..1956	7 1900	anuBAva	anubhāva	35	2	33	17.500	4.129
1700..1956	7 1900	kalaSa	kalaśa	39	2	37	19.500	4.285
1700..1956	7 1900	paNka	paṅka	39	1	38	39.000	5.285
1700..1956	7 1900	kiraRa	kiraṇa	38	4	34	9.500	3.248
1700..1956	7 1900	kuca	kuca	40	0	40	inf	inf
1700..1956	7 1900	BrAmaka	bhrāmaka	34	2	32	17.000	4.087
1700..1956	7 1900	niyAmaka	niyāmaka	31	0	31	inf	inf
1700..1956	7 1900	amara	amara	39	4	35	9.750	3.285
1700..1956	7 1900	amala	amala	38	0	38	inf	inf
1700..1956	7 1900	nAda	nāda	39	8	31	4.875	2.285
1700..1956	7 1900	niHSeza	niḥśeṣa	36	2	34	18.000	4.170
1700..1956	7 1900	nirutTa	niruttha	36	10	26	3.600	1.848
1700..1956	7 1900	Bakta	bhakta	39	1	38	39.000	5.285
1700..1956	7 1900	BallAta	bhallāta	36	1	35	36.000	5.170
1700..1956	7 1900	udBava	udbhava	33	3	30	11.000	3.459
1700..1956	7 1900	Adara	ādara	38	0	38	inf	inf
1700..1956	7 1900	Amalaka	āmalaka	36	2	34	18.000	4.170
1700..1956	7 1900	aSana	aśana	38	0	38	inf	inf
1700..1956	7 1900	aSudDa	aśuddha	31	3	28	10.333	3.369
1700..1956	7 1900	indravAruRI	indravāruṇī	32	0	32	inf	inf
1700..1956	7 1900	yAmaka	yāmaka	30	0	30	inf	inf
1700..1956	7 1900	raktapitta	raktapitta	36	0	36	inf	inf
1700..1956	7 1900	vayas	vayas	38	4	34	9.500	3.248
1700..1956	7 1900	vara	vara	39	19	20	2.053	1.037
1700..1956	7 1900	rAmA	rāmā	36	0	36	inf	inf
1700..1956	7 1900	meza	meṣa	36	0	36	inf	inf
1700..1956	7 1900	mezI	meṣī	34	0	34	inf	inf
1700..1956	7 1900	valmIka	valmīka	34	5	29	6.800	2.766
1700..1956	7 1900	mahABUta	mahābhūta	36	0	36	inf	inf
1700..1956	7 1900	mAtula	mātula	36	0	36	inf	inf
1700..1956	7 1900	mAruta	māruta	37	4	33	9.250	3.209
1700..1956	7 1900	leKana	lekhana	36	0	36	inf	inf
1700..1956	7 1900	durnAman	durnāman	40	0	40	inf	inf
1700..1956	7 1900	jAWara	jāṭhara	33	3	30	11.000	3.459
1700..1956	7 1900	jAla	jāla	36	3	33	12.000	3.585
1700..1956	7 1900	Danya	dhanya	37	1	36	37.000	5.209
1700..1956	7 1900	waNka	ṭaṅka	35	1	34	35.000	5.129
1700..1956	7 1900	sUci	sūci	37	0	37	inf	inf
1700..1956	7 1900	snuh	snuh	35	0	35	inf	inf
1700..1956	7 1900	sahaja	sahaja	35	4	31	8.750	3.129
1700..1956	7 1900	sundara	sundara	36	0	36	inf	inf
1700..1956	7 1900	srotoYjana	srotoñjana	31	1	30	31.000	4.954
1700..1956	7 1900	gfDra	gṛdhra	38	1	37	38.000	5.248
1700..1956	7 1900	gotra	gotra	39	0	39	inf	inf
1700..1956	7 1900	gomeda	gomeda	35	4	31	8.750	3.129
1700..1956	7 1900	SfNgAra	śṛṅgāra	35	1	34	35.000	5.129
1700..1956	7 1900	Kani	khani	39	18	21	2.167	1.115
1700..1956	7 1900	SAlA	śālā	33	0	33	inf	inf
1700..1956	7 1900	SAli	śāli	37	9	28	4.111	2.040
1700..1956	7 1900	mUrCana	mūrchana	36	11	25	3.273	1.710
1700..1956	7 1900	mUrti	mūrti	39	7	32	5.571	2.478
1700..1956	7 1900	mUlaka	mūlaka	32	6	26	5.333	2.415
1700..1956	7 1900	viSada	viśada	37	1	36	37.000	5.209
1700..1956	7 1900	viz	viṣ	36	1	35	36.000	5.170
1700..1956	7 1900	bARa	bāṇa	38	25	13	1.520	0.604
1700..1956	7 1900	brahmavfkza	brahmavṛkṣa	36	0	36	inf	inf
1700..1956	7 1900	brahmacarya	brahmacarya	32	0	32	inf	inf
1700..1956	7 1900	badarI	badarī	36	1	35	36.000	5.170
1700..1956	7 1900	banDin	bandhin	25	0	25	inf	inf
1700..1956	7 1900	praSamana	praśamana	38	0	38	inf	inf
1700..1956	7 1900	grAhin	grāhin	38	1	37	38.000	5.248
1700..1956	7 1900	rud	rud	37	0	37	inf	inf
1700..1956	7 1900	majj	majj	35	4	31	8.750	3.129
1700..1956	7 1900	niyuj	niyuj	35	3	32	11.667	3.544
1700..1956	7 1900	prapUjay	prapūjay	32	3	29	10.667	3.415
1700..1956	7 1900	vinaS	vinaś	35	6	29	5.833	2.544
1700..1956	7 1900	sampad	sampad	37	6	31	6.167	2.624
1700..1956	7 1900	anaNga	anaṅga	38	0	38	inf	inf
1700..1956	7 1900	vidvas	vidvas	39	5	34	7.800	2.963
1700..1956	7 1900	BEkzya	bhaikṣya	37	0	37	inf	inf
1700..1956	7 1900	luNga	luṅga	38	1	37	38.000	5.248
1700..1956	7 1900	saMkalikA	saṁkalikā	38	0	38	inf	inf
1700..1956	7 1900	tArArizwa	tārāriṣṭa	35	0	35	inf	inf
1700..1956	7 1900	karkaSa	karkaśa	35	5	30	7.000	2.807
1700..1956	7 1900	atyanta	atyanta	35	6	29	5.833	2.544
1700..1956	7 1900	anukaraRa	anukaraṇa	34	0	34	inf	inf
1700..1956	7 1900	anusAra	anusāra	32	1	31	32.000	5.000
1700..1956	7 1900	kAka	kāka	34	4	30	8.500	3.087
1700..1956	7 1900	kAkinI	kākinī	35	0	35	inf	inf
1700..1956	7 1900	parpawI	parpaṭī	33	14	19	2.357	1.237
1700..1956	7 1900	anvaya	anvaya	31	4	27	7.750	2.954
1700..1956	7 1900	kAvya	kāvya	34	2	32	17.000	4.087
1700..1956	7 1900	kAsamarda	kāsamarda	32	0	32	inf	inf
1700..1956	7 1900	nizeDa	niṣedha	33	2	31	16.500	4.044
1700..1956	7 1900	amlaka	amlaka	31	1	30	31.000	4.954
1700..1956	7 1900	nikara	nikara	37	0	37	inf	inf
1700..1956	7 1900	vAsudeva	vāsudeva	32	0	32	inf	inf
1700..1956	7 1900	vikraya	vikraya	35	0	35	inf	inf
1700..1956	7 1900	Cardi	chardi	37	1	36	37.000	5.209
1700..1956	7 1900	unmatta	unmatta	35	1	34	35.000	5.129
1700..1956	7 1900	Ayasa	āyasa	30	4	26	7.500	2.907
1700..1956	7 1900	Agneya	āgneya	34	2	32	17.000	4.087
1700..1956	7 1900	Asura	āsura	34	1	33	34.000	5.087
1700..1956	7 1900	izwakA	iṣṭakā	34	6	28	5.667	2.503
1700..1956	7 1900	ukti	ukti	34	3	31	11.333	3.503
1700..1956	7 1900	yugala	yugala	37	4	33	9.250	3.209
1700..1956	7 1900	raSmi	raśmi	35	1	34	35.000	5.129
1700..1956	7 1900	lajjA	lajjā	37	0	37	inf	inf
1700..1956	7 1900	jIvita	jīvita	37	0	37	inf	inf
1700..1956	7 1900	drAkzA	drākṣā	33	3	30	11.000	3.459
1700..1956	7 1900	jvAlA	jvālā	36	10	26	3.600	1.848
1700..1956	7 1900	tarpaRa	tarpaṇa	33	2	31	16.500	4.044
1700..1956	7 1900	talpa	talpa	36	1	35	36.000	5.170
1700..1956	7 1900	tAdfSa	tādṛśa	31	12	19	2.583	1.369
1700..1956	7 1900	tryUzaRa	tryūṣaṇa	30	6	24	5.000	2.322
1700..1956	7 1900	sOKya	saukhya	36	1	35	36.000	5.170
1700..1956	7 1900	sOvarcala	sauvarcala	31	2	29	15.500	3.954
1700..1956	7 1900	sammiSra	sammiśra	38	0	38	inf	inf
1700..1956	7 1900	saras	saras	33	0	33	inf	inf
1700..1956	7 1900	sarasa	sarasa	36	0	36	inf	inf
1700..1956	7 1900	sahadevI	sahadevī	35	2	33	17.500	4.129
1700..1956	7 1900	sutA	sutā	36	0	36	inf	inf
1700..1956	7 1900	sAmudra	sāmudra	30	2	28	15.000	3.907
1700..1956	7 1900	sikatA	sikatā	36	1	35	36.000	5.170
1700..1956	7 1900	smita	smita	34	0	34	inf	inf
1700..1956	7 1900	svastika	svastika	34	2	32	17.000	4.087
1700..1956	7 1900	vipula	vipula	32	1	31	32.000	5.000
1700..1956	7 1900	SUraRa	śūraṇa	32	0	32	inf	inf
1700..1956	7 1900	Karpara	kharpara	34	16	18	2.125	1.087
1700..1956	7 1900	Kura	khura	38	1	37	38.000	5.248
1700..1956	7 1900	garBadrAvaRa	garbhadrāvaṇa	33	3	30	11.000	3.459
1700..1956	7 1900	kziti	kṣiti	28	12	16	2.333	1.222
1700..1956	7 1900	mitra	mitra	35	3	32	11.667	3.544
1700..1956	7 1900	meGa	megha	35	2	33	17.500	4.129
1700..1956	7 1900	praBava	prabhava	36	1	35	36.000	5.170
1700..1956	7 1900	dAruRa	dāruṇa	32	1	31	32.000	5.000
1700..1956	7 1900	bila	bila	35	0	35	inf	inf
1700..1956	7 1900	pfTvI	pṛthvī	34	0	34	inf	inf
1700..1956	7 1900	praRava	praṇava	32	2	30	16.000	4.000
1700..1956	7 1900	priyA	priyā	34	0	34	inf	inf
1700..1956	7 1900	gA	gā	33	3	30	11.000	3.459
1700..1956	7 1900	tfp	tṛp	32	0	32	inf	inf
1700..1956	7 1900	mad	mad	35	22	13	1.591	0.670
1700..1956	7 1900	sPuw	sphuṭ	36	2	34	18.000	4.170
1700..1956	7 1900	uccAray	uccāray	37	1	36	37.000	5.209
1700..1956	7 1900	viniDA	vinidhā	32	1	31	32.000	5.000
1700..1956	7 1900	samAgam	samāgam	37	0	37	inf	inf
1700..1956	7 1900	samprAp	samprāp	37	1	36	37.000	5.209
1700..1956	7 1900	krimi	krimi	37	1	36	37.000	5.209
1700..1956	7 1900	ajIrRa	ajīrṇa	35	9	26	3.889	1.959
1700..1956	7 1900	kokilAkza	kokilākṣa	35	0	35	inf	inf
1700..1956	7 1900	paYcadaSan	pañcadaśan	34	3	31	11.333	3.503
1700..1956	7 1900	Samay	śamay	35	0	35	inf	inf
1700..1956	7 1900	ozaDI	oṣadhī	34	3	31	11.333	3.503
1700..1956	7 1900	drutasUta	drutasūta	34	0	34	inf	inf
1700..1956	7 1900	kaca	kaca	34	0	34	inf	inf
1700..1956	7 1900	kaRa	kaṇa	35	7	28	5.000	2.322
1700..1956	7 1900	kara	kara	33	67	-34	0.493	-1.022
1700..1956	7 1900	karIzAgni	karīṣāgni	32	0	32	inf	inf
1700..1956	7 1900	aNkura	aṅkura	34	5	29	6.800	2.766
1700..1956	7 1900	aNGri	aṅghri	35	1	34	35.000	5.129
1700..1956	7 1900	aja	aja	35	5	30	7.000	2.807
1700..1956	7 1900	adri	adri	34	1	33	34.000	5.087
1700..1956	7 1900	kANkzI	kāṅkṣī	33	1	32	33.000	5.044
1700..1956	7 1900	kAravallI	kāravallī	32	0	32	inf	inf
1700..1956	7 1900	paYcaviDa	pañcavidha	33	1	32	33.000	5.044
1700..1956	7 1900	abDi	abdhi	34	0	34	inf	inf
1700..1956	7 1900	kisalaya	kisalaya	32	0	32	inf	inf
1700..1956	7 1900	BUri	bhūri	31	1	30	31.000	4.954
1700..1956	7 1900	nEvedya	naivedya	33	0	33	inf	inf
1700..1956	7 1900	aByaNga	abhyaṅga	32	0	32	inf	inf
1700..1956	7 1900	ambuja	ambuja	30	1	29	30.000	4.907
1700..1956	7 1900	amBoja	ambhoja	36	0	36	inf	inf
1700..1956	7 1900	nAnAviDa	nānāvidha	30	6	24	5.000	2.322
1700..1956	7 1900	manmaTa	manmatha	31	1	30	31.000	4.954
1700..1956	7 1900	marakata	marakata	31	3	28	10.333	3.369
1700..1956	7 1900	marut	marut	34	5	29	6.800	2.766
1700..1956	7 1900	SrIKaRqa	śrīkhaṇḍa	34	0	34	inf	inf
1700..1956	7 1900	DArA	dhārā	32	3	29	10.667	3.415
1700..1956	7 1900	DOta	dhauta	34	5	29	6.800	2.766
1700..1956	7 1900	nawa	naṭa	28	0	28	inf	inf
1700..1956	7 1900	Bakzya	bhakṣya	31	1	30	31.000	4.954
1700..1956	7 1900	cANgerI	cāṅgerī	32	2	30	16.000	4.000
1700..1956	7 1900	cumbana	cumbana	34	2	32	17.000	4.087
1700..1956	7 1900	Cada	chada	33	1	32	33.000	5.044
1700..1956	7 1900	ucCraya	ucchraya	31	2	29	15.500	3.954
1700..1956	7 1900	unmAda	unmāda	36	0	36	inf	inf
1700..1956	7 1900	ADmAna	ādhmāna	36	4	32	9.000	3.170
1700..1956	7 1900	AmnAya	āmnāya	22	1	21	22.000	4.459
1700..1956	7 1900	Akula	ākula	33	2	31	16.500	4.044
1700..1956	7 1900	ASaya	āśaya	31	5	26	6.200	2.632
1700..1956	7 1900	rudantI	rudantī	32	0	32	inf	inf
1700..1956	7 1900	yakzman	yakṣman	36	0	36	inf	inf
1700..1956	7 1900	vartI	vartī	34	1	33	34.000	5.087
1700..1956	7 1900	lIlA	līlā	33	1	32	33.000	5.044
1700..1956	7 1900	dUtI	dūtī	32	0	32	inf	inf
1700..1956	7 1900	devadAru	devadāru	30	0	30	inf	inf
1700..1956	7 1900	jalUkA	jalūkā	29	1	28	29.000	4.858
1700..1956	7 1900	jAtI	jātī	33	2	31	16.500	4.044
1700..1956	7 1900	pavi	pavi	33	0	33	inf	inf
1700..1956	7 1900	sulaBa	sulabha	35	0	35	inf	inf
1700..1956	7 1900	sOmya	saumya	35	3	32	11.667	3.544
1700..1956	7 1900	stotra	stotra	33	0	33	inf	inf
1700..1956	7 1900	sarvajYa	sarvajña	34	0	34	inf	inf
1700..1956	7 1900	sAgara	sāgara	33	3	30	11.000	3.459
1700..1956	7 1900	svAmin	svāmin	33	1	32	33.000	5.044
1700..1956	7 1900	gOrI	gaurī	32	1	31	32.000	5.000
1700..1956	7 1900	SoRa	śoṇa	36	2	34	18.000	4.170
1700..1956	7 1900	SalAkA	śalākā	34	7	27	4.857	2.280
1700..1956	7 1900	KawikA	khaṭikā	31	3	28	10.333	3.369
1700..1956	7 1900	gala	gala	34	8	26	4.250	2.087
1700..1956	7 1900	KApara	khāpara	33	0	33	inf	inf
1700..1956	7 1900	kzudra	kṣudra	34	11	23	3.091	1.628
1700..1956	7 1900	KecarI	khecarī	31	7	24	4.429	2.147
1700..1956	7 1900	miTuna	mithuna	31	0	31	inf	inf
1700..1956	7 1900	mfdula	mṛdula	35	3	32	11.667	3.544
1700..1956	7 1900	viSAla	viśāla	34	5	29	6.800	2.766
1700..1956	7 1900	darvI	darvī	36	8	28	4.500	2.170
1700..1956	7 1900	dahana	dahana	34	2	32	17.000	4.087
1700..1956	7 1900	bAzpa	bāṣpa	32	3	29	10.667	3.415
1700..1956	7 1900	bimba	bimba	35	3	32	11.667	3.544
1700..1956	7 1900	prAya	prāya	36	2	34	18.000	4.170
1700..1956	7 1900	prAdeSa	prādeśa	31	7	24	4.429	2.147
1700..1956	7 1900	kuwway	kuṭṭay	31	2	29	15.500	3.954
1700..1956	7 1900	CAday	chāday	30	1	29	30.000	4.907
1700..1956	7 1900	varDay	vardhay	30	1	29	30.000	4.907
1700..1956	7 1900	prI	prī	32	0	32	inf	inf
1700..1956	7 1900	niHsf	niḥsṛ	29	4	25	7.250	2.858
1700..1956	7 1900	parikalpay	parikalpay	23	5	18	4.600	2.202
1700..1956	7 1900	prayam	prayam	31	3	28	10.333	3.369
1700..1956	7 1900	prasf	prasṛ	33	1	32	33.000	5.044
1700..1956	7 1900	capala	capala	33	6	27	5.500	2.459
1700..1956	7 1900	saMvezway	saṁveṣṭay	36	1	35	36.000	5.170
1700..1956	7 1900	vrIhi	vrīhi	32	2	30	16.000	4.000
1700..1956	7 1900	loRa	loṇa	32	3	29	10.667	3.415
1700..1956	7 1900	mudray	mudray	33	1	32	33.000	5.044
1700..1956	7 1900	samarpay	samarpay	29	1	28	29.000	4.858
1700..1956	7 1900	piRqay	piṇḍay	29	0	29	inf	inf
1700..1956	7 1900	tuvarI	tuvarī	33	0	33	inf	inf
1700..1956	7 1900	TUTA	thūthā	28	0	28	inf	inf
1700..1956	7 1900	catvAriMSat	catvāriṁśat	32	5	27	6.400	2.678
1700..1956	7 1900	vanotpala	vanotpala	29	2	27	14.500	3.858
1700..1956	7 1900	muKIkf	mukhīkṛ	30	0	30	inf	inf
1700..1956	7 1900	kandarpa	kandarpa	28	0	28	inf	inf
1700..1956	7 1900	karavIra	karavīra	31	0	31	inf	inf
1700..1956	7 1900	kfzRA	kṛṣṇā	28	1	27	28.000	4.807
1700..1956	7 1900	kozWikA	koṣṭhikā	30	7	23	4.286	2.100
1700..1956	7 1900	acala	acala	30	3	27	10.000	3.322
1700..1956	7 1900	antaka	antaka	28	0	28	inf	inf
1700..1956	7 1900	paYcaguRa	pañcaguṇa	32	1	31	32.000	5.000
1700..1956	7 1900	parAkrama	parākrama	27	0	27	inf	inf
1700..1956	7 1900	aBayA	abhayā	30	0	30	inf	inf
1700..1956	7 1900	kiMSuka	kiṁśuka	32	1	31	32.000	5.000
1700..1956	7 1900	kuwaja	kuṭaja	29	2	27	14.500	3.858
1700..1956	7 1900	samIra	samīra	32	0	32	inf	inf
1700..1956	7 1900	samudra	samudra	30	0	30	inf	inf
1700..1956	7 1900	samUha	samūha	34	2	32	17.000	4.087
1700..1956	7 1900	aBizeka	abhiṣeka	32	1	31	32.000	5.000
1700..1956	7 1900	nAgara	nāgara	31	0	31	inf	inf
1700..1956	7 1900	niScala	niścala	31	2	29	15.500	3.954
1700..1956	7 1900	niKila	nikhila	34	3	31	11.333	3.503
1700..1956	7 1900	mata	mata	29	15	14	1.933	0.951
1700..1956	7 1900	manasija	manasija	34	1	33	34.000	5.087
1700..1956	7 1900	ekaviMSat	ekaviṁśat	30	1	29	30.000	4.907
1700..1956	7 1900	oGa	ogha	33	2	31	16.500	4.044
1700..1956	7 1900	SravaRa	śravaṇa	29	3	26	9.667	3.273
1700..1956	7 1900	SrISEla	śrīśaila	24	0	24	inf	inf
1700..1956	7 1900	Bagavat	bhagavat	33	1	32	33.000	5.044
1700..1956	7 1900	cApa	cāpa	34	20	14	1.700	0.766
1700..1956	7 1900	utkfzwa	utkṛṣṭa	29	3	26	9.667	3.273
1700..1956	7 1900	udAra	udāra	34	0	34	inf	inf
1700..1956	7 1900	Ayuzya	āyuṣya	32	0	32	inf	inf
1700..1956	7 1900	asat	asat	19	1	18	19.000	4.248
1700..1956	7 1900	AvaraRa	āvaraṇa	33	0	33	inf	inf
1700..1956	7 1900	IdfSa	īdṛśa	26	2	24	13.000	3.700
1700..1956	7 1900	yAjYavalkya	yājñavalkya	27	0	27	inf	inf
1700..1956	7 1900	vatsanABa	vatsanābha	31	0	31	inf	inf
1700..1956	7 1900	rAjI	rājī	33	1	32	33.000	5.044
1700..1956	7 1900	rAmaWa	rāmaṭha	30	0	30	inf	inf
1700..1956	7 1900	mahAdeva	mahādeva	32	2	30	16.000	4.000
1700..1956	7 1900	mahOzaDI	mahauṣadhī	29	1	28	29.000	4.858
1700..1956	7 1900	rohiRI	rohiṇī	30	1	29	30.000	4.907
1700..1956	7 1900	tilaparRI	tilaparṇī	31	0	31	inf	inf
1700..1956	7 1900	trElokya	trailokya	30	1	29	30.000	4.907
1700..1956	7 1900	dUra	dūra	29	12	17	2.417	1.273
1700..1956	7 1900	japA	japā	31	1	30	31.000	4.954
1700..1956	7 1900	jAmbUnada	jāmbūnada	33	0	33	inf	inf
1700..1956	7 1900	jIvin	jīvin	30	0	30	inf	inf
1700..1956	7 1900	pAWA	pāṭhā	29	0	29	inf	inf
1700..1956	7 1900	surA	surā	31	2	29	15.500	3.954
1700..1956	7 1900	somavallI	somavallī	30	2	28	15.000	3.907
1700..1956	7 1900	sinDUtTa	sindhūttha	33	1	32	33.000	5.044
1700..1956	7 1900	hArIta	hārīta	23	0	23	inf	inf
1700..1956	7 1900	smaraRa	smaraṇa	32	3	29	10.667	3.415
1700..1956	7 1900	Sakft	śakṛt	33	2	31	16.500	4.044
1700..1956	7 1900	SaNKa	śaṅkha	24	15	9	1.600	0.678
1700..1956	7 1900	guhya	guhya	33	4	29	8.250	3.044
1700..1956	7 1900	Sukti	śukti	31	7	24	4.429	2.147
1700..1956	7 1900	garala	garala	33	0	33	inf	inf
1700..1956	7 1900	SAka	śāka	34	5	29	6.800	2.766
1700..1956	7 1900	pratIti	pratīti	29	3	26	9.667	3.273
1700..1956	7 1900	veSman	veśman	32	1	31	32.000	5.000
1700..1956	7 1900	pizwa	piṣṭa	34	2	32	17.000	4.087
1700..1956	7 1900	pUrvokta	pūrvokta	25	0	25	inf	inf
1700..1956	7 1900	bahuviDa	bahuvidha	33	1	32	33.000	5.044
1700..1956	7 1900	balya	balya	34	0	34	inf	inf
1700..1956	7 1900	GawI	ghaṭī	32	9	23	3.556	1.830
1700..1956	7 1900	sad	sad	29	3	26	9.667	3.273
1700..1956	7 1900	nft	nṛt	30	0	30	inf	inf
1700..1956	7 1900	sru	sru	31	1	30	31.000	4.954
1700..1956	7 1900	varRay	varṇay	20	6	14	3.333	1.737
1700..1956	7 1900	aBiBU	abhibhū	27	0	27	inf	inf
1700..1956	7 1900	avatAray	avatāray	30	2	28	15.000	3.907
1700..1956	7 1900	AKyA	ākhyā	33	30	3	1.100	0.138
1700..1956	7 1900	uttf	uttṛ	33	1	32	33.000	5.044
1700..1956	7 1900	udIray	udīray	23	3	20	7.667	2.939
1700..1956	7 1900	BUzay	bhūṣay	28	0	28	inf	inf
1700..1956	7 1900	prajap	prajap	30	0	30	inf	inf
1700..1956	7 1900	vicintay	vicintay	28	1	27	28.000	4.807
1700..1956	7 1900	viracay	viracay	32	2	30	16.000	4.000
1700..1956	7 1900	virAj	virāj	30	1	29	30.000	4.907
1700..1956	7 1900	ApUray	āpūray	32	13	19	2.462	1.300
1700..1956	7 1900	azwottaraSata	aṣṭottaraśata	31	0	31	inf	inf
1700..1956	7 1900	vftta	vṛtta	26	5	21	5.200	2.379
1700..1956	7 1900	niScandra	niścandra	28	0	28	inf	inf
1700..1956	7 1900	kumpa	kumpa	29	0	29	inf	inf
1700..1956	7 1900	rasANkuSI	rasāṅkuśī	28	0	28	inf	inf
1700..1956	7 1900	pramarday	pramarday	24	0	24	inf	inf
1700..1956	7 1900	nirutTa	niruttha	29	10	19	2.900	1.536
1700..1956	7 1900	akza	akṣa	33	6	27	5.500	2.459
1700..1956	7 1900	muKa	mukha	33	102	-69	0.324	-1.628
1700..1956	7 1900	rasaliNga	rasaliṅga	32	0	32	inf	inf
1700..1956	7 1900	Basmay	bhasmay	29	0	29	inf	inf
1700..1956	7 1900	kawAha	kaṭāha	31	4	27	7.750	2.954
1700..1956	7 1900	aMSuka	aṁśuka	31	0	31	inf	inf
1700..1956	7 1900	kapawa	kapaṭa	31	0	31	inf	inf
1700..1956	7 1900	kapola	kapola	31	1	30	31.000	4.954
1700..1956	7 1900	aDvan	adhvan	29	3	26	9.667	3.273
1700..1956	7 1900	anukUla	anukūla	32	0	32	inf	inf
1700..1956	7 1900	anuBava	anubhava	30	12	18	2.500	1.322
1700..1956	7 1900	kArIza	kārīṣa	31	0	31	inf	inf
1700..1956	7 1900	anyonya	anyonya	29	0	29	inf	inf
1700..1956	7 1900	kuRqala	kuṇḍala	31	1	30	31.000	4.954
1700..1956	7 1900	BrAtf	bhrātṛ	30	0	30	inf	inf
1700..1956	7 1900	maYjizWA	mañjiṣṭhā	29	0	29	inf	inf
1700..1956	7 1900	nIlikA	nīlikā	29	0	29	inf	inf
1700..1956	7 1900	nUtana	nūtana	28	1	27	28.000	4.807
1700..1956	7 1900	mati	mati	31	1	30	31.000	4.954
1700..1956	7 1900	malaya	malaya	29	0	29	inf	inf
1700..1956	7 1900	DAman	dhāman	32	1	31	32.000	5.000
1700..1956	7 1900	DUli	dhūli	31	4	27	7.750	2.954
1700..1956	7 1900	nazwapizwa	naṣṭapiṣṭa	26	4	22	6.500	2.700
1700..1956	7 1900	upayogin	upayogin	24	22	2	1.091	0.126
1700..1956	7 1900	upavIta	upavīta	28	0	28	inf	inf
1700..1956	7 1900	BAvanA	bhāvanā	32	11	21	2.909	1.541
1700..1956	7 1900	Bukti	bhukti	32	1	31	32.000	5.000
1700..1956	7 1900	cikura	cikura	32	5	27	6.400	2.678
1700..1956	7 1900	cit	cit	32	3	29	10.667	3.415
1700..1956	7 1900	cintA	cintā	31	0	31	inf	inf
1700..1956	7 1900	hrasva	hrasva	27	2	25	13.500	3.755
1700..1956	7 1900	yoginI	yoginī	30	0	30	inf	inf
1700..1956	7 1900	lohita	lohita	24	4	20	6.000	2.585
1700..1956	7 1900	vajraka	vajraka	25	0	25	inf	inf
1700..1956	7 1900	vanopala	vanopala	29	8	21	3.625	1.858
1700..1956	7 1900	rasavara	rasavara	29	0	29	inf	inf
1700..1956	7 1900	rasanA	rasanā	28	4	24	7.000	2.807
1700..1956	7 1900	rAkzasa	rākṣasa	28	0	28	inf	inf
1700..1956	7 1900	vaSyA	vaśyā	30	0	30	inf	inf
1700..1956	7 1900	mahI	mahī	31	0	31	inf	inf
1700..1956	7 1900	rogin	rogin	24	3	21	8.000	3.000
1700..1956	7 1900	leha	leha	24	5	19	4.800	2.263
1700..1956	7 1900	digBAga	digbhāga	31	1	30	31.000	4.954
1700..1956	7 1900	jarA	jarā	31	21	10	1.476	0.562
1700..1956	7 1900	dEva	daiva	30	4	26	7.500	2.907
1700..1956	7 1900	pAtAlayantra	pātālayantra	30	0	30	inf	inf
1700..1956	7 1900	dakza	dakṣa	31	6	25	5.167	2.369
1700..1956	7 1900	hikkA	hikkā	29	1	28	29.000	4.858
1700..1956	7 1900	sADu	sādhu	32	2	30	16.000	4.000
1700..1956	7 1900	svapna	svapna	29	2	27	14.500	3.858
1700..1956	7 1900	haMsa	haṁsa	27	9	18	3.000	1.585
1700..1956	7 1900	viBAga	vibhāga	32	3	29	10.667	3.415
1700..1956	7 1900	SIrza	śīrṣa	32	2	30	16.000	4.000
1700..1956	7 1900	SfNKalA	śṛṅkhalā	30	4	26	7.500	2.907
1700..1956	7 1900	gartA	gartā	29	9	20	3.222	1.688
1700..1956	7 1900	SirIza	śirīṣa	27	1	26	27.000	4.755
1700..1956	7 1900	SiSira	śiśira	29	4	25	7.250	2.858
1700..1956	7 1900	mAs	mās	30	6	24	5.000	2.322
1700..1956	7 1900	mIna	mīna	32	0	32	inf	inf
1700..1956	7 1900	muzwi	muṣṭi	29	20	9	1.450	0.536
1700..1956	7 1900	viSAlA	viśālā	27	1	26	27.000	4.755
1700..1956	7 1900	praBfti	prabhṛti	32	9	23	3.556	1.830
1700..1956	7 1900	velA	velā	30	0	30	inf	inf
1700..1956	7 1900	veSyA	veśyā	28	0	28	inf	inf
1700..1956	7 1900	vedikA	vedikā	29	0	29	inf	inf
1700..1956	7 1900	pezaRa	peṣaṇa	27	6	21	4.500	2.170
1700..1956	7 1900	banDu	bandhu	29	1	28	29.000	4.858
1700..1956	7 1900	prasaNga	prasaṅga	25	5	20	5.000	2.322
1700..1956	7 1900	aS	aś	30	3	27	10.000	3.322
1700..1956	7 1900	tf	tṛ	31	5	26	6.200	2.632
1700..1956	7 1900	stu	stu	29	0	29	inf	inf
1700..1956	7 1900	aBimantray	abhimantray	30	1	29	30.000	4.907
1700..1956	7 1900	hfz	hṛṣ	29	0	29	inf	inf
1700..1956	7 1900	Garzay	gharṣay	27	1	26	27.000	4.755
1700..1956	7 1900	BraMS	bhraṁś	29	0	29	inf	inf
1700..1956	7 1900	ADA	ādhā	30	1	29	30.000	4.907
1700..1956	7 1900	upalaB	upalabh	27	8	19	3.375	1.755
1700..1956	7 1900	niryA	niryā	30	2	28	15.000	3.907
1700..1956	7 1900	pariSuD	pariśudh	23	0	23	inf	inf
1700..1956	7 1900	pravft	pravṛt	28	4	24	7.000	2.807
1700..1956	7 1900	vAsay	vāsay	27	2	25	13.500	3.755
1700..1956	7 1900	caryA	caryā	28	0	28	inf	inf
1700..1956	7 1900	saMyojay	saṁyojay	31	4	27	7.750	2.954
1700..1956	7 1900	samSozay	samśoṣay	30	5	25	6.000	2.585
1700..1956	7 1900	samAp	samāp	24	1	23	24.000	4.585
1700..1956	7 1900	garBayantra	garbhayantra	27	6	21	4.500	2.170
1700..1956	7 1900	uttaravAruRI	uttaravāruṇī	28	0	28	inf	inf
1700..1956	7 1900	vAritara	vāritara	29	5	24	5.800	2.536
1700..1956	7 1900	tulyaka	tulyaka	23	0	23	inf	inf
1700..1956	7 1900	karzaka	karṣaka	28	1	27	28.000	4.807
1700..1956	7 1900	vaYcay	vañcay	24	0	24	inf	inf
1700..1956	7 1900	gArA	gārā	22	17	5	1.294	0.372
1700..1956	7 1900	Basmaka	bhasmaka	25	0	25	inf	inf
1700..1956	7 1900	nigala	nigala	29	0	29	inf	inf
1700..1956	7 1900	viMSat	viṁśat	27	0	27	inf	inf
1700..1956	7 1900	liptamUzA	liptamūṣā	31	0	31	inf	inf
1700..1956	7 1900	kaYcukI	kañcukī	28	0	28	inf	inf
1700..1956	7 1900	kfpA	kṛpā	29	1	28	29.000	4.858
1700..1956	7 1900	aNkuSa	aṅkuśa	27	1	26	27.000	4.755
1700..1956	7 1900	saMhAra	saṁhāra	27	0	27	inf	inf
1700..1956	7 1900	saMgama	saṁgama	29	2	27	14.500	3.858
1700..1956	7 1900	anuga	anuga	23	0	23	inf	inf
1700..1956	7 1900	nyUna	nyūna	28	7	21	4.000	2.000
1700..1956	7 1900	paYcAmfta	pañcāmṛta	22	1	21	22.000	4.459
1700..1956	7 1900	pawwa	paṭṭa	28	0	28	inf	inf
1700..1956	7 1900	padArTa	padārtha	29	6	23	4.833	2.273
1700..1956	7 1900	aBimuKa	abhimukha	29	3	26	9.667	3.273
1700..1956	7 1900	kuRqalI	kuṇḍalī	26	6	20	4.333	2.115
1700..1956	7 1900	maNgala	maṅgala	28	7	21	4.000	2.000
1700..1956	7 1900	amara	amara	26	4	22	6.500	2.700
1700..1956	7 1900	nidAGa	nidāgha	29	2	27	14.500	3.858
1700..1956	7 1900	nibarhaRa	nibarhaṇa	22	0	22	inf	inf
1700..1956	7 1900	maDuripu	madhuripu	22	0	22	inf	inf
1700..1956	7 1900	manuzya	manuṣya	27	0	27	inf	inf
1700..1956	7 1900	manoraTa	manoratha	30	0	30	inf	inf
1700..1956	7 1900	Una	ūna	30	6	24	5.000	2.322
1700..1956	7 1900	ekAdaSan	ekādaśan	26	1	25	26.000	4.700
1700..1956	7 1900	Sloka	śloka	27	9	18	3.000	1.585
1700..1956	7 1900	DArin	dhārin	27	2	25	13.500	3.755
1700..1956	7 1900	vArAhI	vārāhī	25	0	25	inf	inf
1700..1956	7 1900	BastrA	bhastrā	25	15	10	1.667	0.737
1700..1956	7 1900	cUlikA	cūlikā	27	0	27	inf	inf
1700..1956	7 1900	CAgA	chāgā	28	0	28	inf	inf
1700..1956	7 1900	AQaka	āḍhaka	29	4	25	7.250	2.858
1700..1956	7 1900	Atmaka	ātmaka	25	21	4	1.190	0.252
1700..1956	7 1900	Ayuza	āyuṣa	26	0	26	inf	inf
1700..1956	7 1900	aSIti	aśīti	23	3	20	7.667	2.939
1700..1956	7 1900	ASrama	āśrama	23	1	22	23.000	4.524
1700..1956	7 1900	indranIla	indranīla	28	1	27	28.000	4.807
1700..1956	7 1900	varuRa	varuṇa	28	0	28	inf	inf
1700..1956	7 1900	rasAYjana	rasāñjana	22	2	20	11.000	3.459
1700..1956	7 1900	rAja	rāja	29	1	28	29.000	4.858
1700..1956	7 1900	rAjya	rājya	28	2	26	14.000	3.807
1700..1956	7 1900	rItikA	rītikā	23	2	21	11.500	3.524
1700..1956	7 1900	yakft	yakṛt	30	2	28	15.000	3.907
1700..1956	7 1900	yaTezwa	yatheṣṭa	27	1	26	27.000	4.755
1700..1956	7 1900	vasu	vasu	26	3	23	8.667	3.115
1700..1956	7 1900	vasti	vasti	25	5	20	5.000	2.322
1700..1956	7 1900	maheSvarI	maheśvarī	26	0	26	inf	inf
1700..1956	7 1900	mahiza	mahiṣa	27	0	27	inf	inf
1700..1956	7 1900	mAtfkA	mātṛkā	27	0	27	inf	inf
1700..1956	7 1900	tfzRA	tṛṣṇā	30	1	29	30.000	4.907
1700..1956	7 1900	dUrvA	dūrvā	24	0	24	inf	inf
1700..1956	7 1900	jambu	jambu	29	1	28	29.000	4.858
1700..1956	7 1900	Davala	dhavala	25	2	23	12.500	3.644
1700..1956	7 1900	pAtaka	pātaka	27	0	27	inf	inf
1700..1956	7 1900	sTErya	sthairya	28	2	26	14.000	3.807
1700..1956	7 1900	sara	sara	24	0	24	inf	inf
1700..1956	7 1900	sidDarasa	siddharasa	27	2	25	13.500	3.755
1700..1956	7 1900	hAlAhala	hālāhala	28	0	28	inf	inf
1700..1956	7 1900	hAsya	hāsya	28	0	28	inf	inf
1700..1956	7 1900	hfdya	hṛdya	28	0	28	inf	inf
1700..1956	7 1900	sAmAnya	sāmānya	25	10	15	2.500	1.322
1700..1956	7 1900	Satru	śatru	28	3	25	9.333	3.222
1700..1956	7 1900	Sakra	śakra	30	1	29	30.000	4.907
1700..1956	7 1900	vyApaka	vyāpaka	28	1	27	28.000	4.807
1700..1956	7 1900	viqaNga	viḍaṅga	25	2	23	12.500	3.644
1700..1956	7 1900	viDAyaka	vidhāyaka	21	0	21	inf	inf
1700..1956	7 1900	vinaya	vinaya	29	1	28	29.000	4.858
1700..1956	7 1900	geha	geha	29	0	29	inf	inf
1700..1956	7 1900	govara	govara	26	7	19	3.714	1.893
1700..1956	7 1900	SfNgavera	śṛṅgavera	29	0	29	inf	inf
1700..1956	7 1900	SyAmala	śyāmala	28	0	28	inf	inf
1700..1956	7 1900	SAKA	śākhā	28	1	27	28.000	4.807
1700..1956	7 1900	Siva	śiva	25	13	12	1.923	0.943
1700..1956	7 1900	kOtuka	kautuka	26	0	26	inf	inf
1700..1956	7 1900	vizAda	viṣāda	22	0	22	inf	inf
1700..1956	7 1900	praDAna	pradhāna	26	3	23	8.667	3.115
1700..1956	7 1900	veRu	veṇu	28	0	28	inf	inf
1700..1956	7 1900	vedin	vedin	23	1	22	23.000	4.524
1700..1956	7 1900	dardura	dardura	27	1	26	27.000	4.755
1700..1956	7 1900	prARAyAma	prāṇāyāma	24	21	3	1.143	0.193
1700..1956	7 1900	prApti	prāpti	28	0	28	inf	inf
1700..1956	7 1900	tuz	tuṣ	28	1	27	28.000	4.807
1700..1956	7 1900	anupA	anupā	29	0	29	inf	inf
1700..1956	7 1900	mantray	mantray	26	0	26	inf	inf
1700..1956	7 1900	BI	bhī	28	0	28	inf	inf
1700..1956	7 1900	muz	muṣ	25	1	24	25.000	4.644
1700..1956	7 1900	ArADay	ārādhay	29	1	28	29.000	4.858
1700..1956	7 1900	Aropay	āropay	28	3	25	9.333	3.222
1700..1956	7 1900	AsAday	āsāday	26	4	22	6.500	2.700
1700..1956	7 1900	upavas	upavas	28	1	27	28.000	4.807
1700..1956	7 1900	nibanD	nibandh	25	0	25	inf	inf
1700..1956	7 1900	pragrah	pragrah	27	0	27	inf	inf
1700..1956	7 1900	pratipad	pratipad	30	3	27	10.000	3.322
1700..1956	7 1900	prasU	prasū	27	1	26	27.000	4.755
1700..1956	7 1900	viji	viji	26	2	24	13.000	3.700
1700..1956	7 1900	viniveSay	viniveśay	26	0	26	inf	inf
1700..1956	7 1900	viruD	virudh	21	1	20	21.000	4.392
1700..1956	7 1900	visfj	visṛj	25	0	25	inf	inf
1700..1956	7 1900	pura	pura	29	6	23	4.833	2.273
1700..1956	7 1900	samuccAray	samuccāray	29	0	29	inf	inf
1700..1956	7 1900	namaskf	namaskṛ	26	1	25	26.000	4.700
1700..1956	7 1900	saMlip	saṁlip	30	1	29	30.000	4.907
1700..1956	7 1900	BfNgarAj	bhṛṅgarāj	25	2	23	12.500	3.644
1700..1956	7 1900	catuzpala	catuṣpala	24	3	21	8.000	3.000
1700..1956	7 1900	nirvApay	nirvāpay	25	2	23	12.500	3.644
1700..1956	7 1900	vidyADara	vidyādhara	26	4	22	6.500	2.700
1700..1956	7 1900	kawAkza	kaṭākṣa	27	0	27	inf	inf
1700..1956	7 1900	kElAsa	kailāsa	21	0	21	inf	inf
1700..1956	7 1900	aNgahAra	aṅgahāra	26	0	26	inf	inf
1700..1956	7 1900	kavaca	kavaca	27	1	26	27.000	4.755
1700..1956	7 1900	nyAya	nyāya	26	7	19	3.714	1.893
1700..1956	7 1900	padminI	padminī	25	0	25	inf	inf
1700..1956	7 1900	sadana	sadana	27	0	27	inf	inf
1700..1956	7 1900	aBinaya	abhinaya	27	0	27	inf	inf
1700..1956	7 1900	kAlakUwa	kālakūṭa	27	2	25	13.500	3.755
1700..1956	7 1900	kuwwinI	kuṭṭinī	26	0	26	inf	inf
1700..1956	7 1900	BfNga	bhṛṅga	27	1	26	27.000	4.755
1700..1956	7 1900	maRa	maṇa	26	0	26	inf	inf
1700..1956	7 1900	maRqUka	maṇḍūka	23	6	17	3.833	1.939
1700..1956	7 1900	niScaya	niścaya	23	4	19	5.750	2.524
1700..1956	7 1900	samagra	samagra	23	2	21	11.500	3.524
1700..1956	7 1900	samADi	samādhi	25	17	8	1.471	0.556
1700..1956	7 1900	samAveSa	samāveśa	24	0	24	inf	inf
1700..1956	7 1900	amla	amla	27	33	-6	0.818	-0.290
1700..1956	7 1900	nArada	nārada	18	1	17	18.000	4.170
1700..1956	7 1900	nirvAta	nirvāta	25	0	25	inf	inf
1700..1956	7 1900	maDu	madhu	23	16	7	1.438	0.524
1700..1956	7 1900	maDUka	madhūka	23	0	23	inf	inf
1700..1956	7 1900	markawI	markaṭī	25	0	25	inf	inf
1700..1956	7 1900	mallikA	mallikā	25	1	24	25.000	4.644
1700..1956	7 1900	fkza	ṛkṣa	27	0	27	inf	inf
1700..1956	7 1900	ESvarya	aiśvarya	26	0	26	inf	inf
1700..1956	7 1900	DOta	dhauta	26	5	21	5.200	2.379
1700..1956	7 1900	nalikA	nalikā	26	4	22	6.500	2.700
1700..1956	7 1900	vijaya	vijaya	26	1	25	26.000	4.700
1700..1956	7 1900	Bavana	bhavana	27	0	27	inf	inf
1700..1956	7 1900	BIti	bhīti	27	3	24	9.000	3.170
1700..1956	7 1900	carman	carman	28	8	20	3.500	1.807
1700..1956	7 1900	Cattra	chattra	27	0	27	inf	inf
1700..1956	7 1900	arGya	arghya	26	0	26	inf	inf
1700..1956	7 1900	utsava	utsava	26	0	26	inf	inf
1700..1956	7 1900	udumbara	udumbara	22	1	21	22.000	4.459
1700..1956	7 1900	ABAsa	ābhāsa	26	9	17	2.889	1.531
1700..1956	7 1900	Amalaka	āmalaka	24	2	22	12.000	3.585
1700..1956	7 1900	Ara	āra	27	0	27	inf	inf
1700..1956	7 1900	aSru	aśru	27	2	25	13.500	3.755
1700..1956	7 1900	Akara	ākara	25	3	22	8.333	3.059
1700..1956	7 1900	Avali	āvali	28	2	26	14.000	3.807
1700..1956	7 1900	Avaha	āvaha	23	0	23	inf	inf
1700..1956	7 1900	ASA	āśā	27	0	27	inf	inf
1700..1956	7 1900	ASu	āśu	27	5	22	5.400	2.433
1700..1956	7 1900	ravaka	ravaka	28	2	26	14.000	3.807
1700..1956	7 1900	roDana	rodhana	25	5	20	5.000	2.322
1700..1956	7 1900	meru	meru	24	1	23	24.000	4.585
1700..1956	7 1900	varzA	varṣā	26	4	22	6.500	2.700
1700..1956	7 1900	vAdin	vādin	24	7	17	3.429	1.778
1700..1956	7 1900	mahAdevI	mahādevī	28	0	28	inf	inf
1700..1956	7 1900	mAnuza	mānuṣa	25	3	22	8.333	3.059
1700..1956	7 1900	mArkava	mārkava	26	0	26	inf	inf
1700..1956	7 1900	retas	retas	26	7	19	3.714	1.893
1700..1956	7 1900	trimaDu	trimadhu	25	0	25	inf	inf
1700..1956	7 1900	dIna	dīna	28	0	28	inf	inf
1700..1956	7 1900	dUzaRa	dūṣaṇa	26	1	25	26.000	4.700
1700..1956	7 1900	jaqa	jaḍa	26	3	23	8.667	3.115
1700..1956	7 1900	janana	janana	27	8	19	3.375	1.755
1700..1956	7 1900	jAtya	jātya	26	0	26	inf	inf
1700..1956	7 1900	jAraRA	jāraṇā	25	16	9	1.562	0.644
1700..1956	7 1900	jUrti	jūrti	27	0	27	inf	inf
1700..1956	7 1900	dyUta	dyūta	26	0	26	inf	inf
1700..1956	7 1900	pArAvata	pārāvata	22	0	22	inf	inf
1700..1956	7 1900	pAlikA	pālikā	27	5	22	5.400	2.433
1700..1956	7 1900	tantu	tantu	22	5	17	4.400	2.138
1700..1956	7 1900	taru	taru	27	3	24	9.000	3.170
1700..1956	7 1900	sfzwi	sṛṣṭi	27	3	24	9.000	3.170
1700..1956	7 1900	sOrAzwrA	saurāṣṭrā	25	0	25	inf	inf
1700..1956	7 1900	sarasvatI	sarasvatī	23	0	23	inf	inf
1700..1956	7 1900	hima	hima	28	5	23	5.600	2.485
1700..1956	7 1900	sAmya	sāmya	26	3	23	8.667	3.115
1700..1956	7 1900	SamI	śamī	22	0	22	inf	inf
1700..1956	7 1900	SayyA	śayyā	28	0	28	inf	inf
1700..1956	7 1900	SaraRa	śaraṇa	28	2	26	14.000	3.807
1700..1956	7 1900	vyavahAra	vyavahāra	25	1	24	25.000	4.644
1700..1956	7 1900	vyAGra	vyāghra	27	2	25	13.500	3.755
1700..1956	7 1900	svarga	svarga	25	4	21	6.250	2.644
1700..1956	7 1900	vidyut	vidyut	25	0	25	inf	inf
1700..1956	7 1900	viBava	vibhava	25	2	23	12.500	3.644
1700..1956	7 1900	gokzura	gokṣura	24	0	24	inf	inf
1700..1956	7 1900	SIta	śīta	26	18	8	1.444	0.531
1700..1956	7 1900	mAhAtmya	māhātmya	27	0	27	inf	inf
1700..1956	7 1900	krIqA	krīḍā	28	2	26	14.000	3.807
1700..1956	7 1900	kleSa	kleśa	27	3	24	9.000	3.170
1700..1956	7 1900	mudrikA	mudrikā	25	3	22	8.333	3.059
1700..1956	7 1900	muktAPala	muktāphala	24	3	21	8.000	3.000
1700..1956	7 1900	medinI	medinī	23	0	23	inf	inf
1700..1956	7 1900	murAri	murāri	20	0	20	inf	inf
1700..1956	7 1900	virecana	virecana	25	1	24	25.000	4.644
1700..1956	7 1900	vivarDana	vivardhana	22	3	19	7.333	2.874
1700..1956	7 1900	viSvAsa	viśvāsa	27	1	26	27.000	4.755
1700..1956	7 1900	pratisAraRa	pratisāraṇa	24	1	23	24.000	4.585
1700..1956	7 1900	vella	vella	25	0	25	inf	inf
1700..1956	7 1900	pIqA	pīḍā	27	1	26	27.000	4.755
1700..1956	7 1900	pIna	pīna	25	0	25	inf	inf
1700..1956	7 1900	puwapAka	puṭapāka	24	4	20	6.000	2.585
1700..1956	7 1900	pulaka	pulaka	28	1	27	28.000	4.807
1700..1956	7 1900	daSA	daśā	28	3	25	9.333	3.222
1700..1956	7 1900	prajYA	prajñā	27	1	26	27.000	4.755
1700..1956	7 1900	prAvfz	prāvṛṣ	24	0	24	inf	inf
1700..1956	7 1900	Palaka	phalaka	28	5	23	5.600	2.485
1700..1956	7 1900	banDana	bandhana	21	20	1	1.050	0.070
1700..1956	7 1900	praSna	praśna	27	0	27	inf	inf
1700..1956	7 1900	praveSa	praveśa	24	5	19	4.800	2.263
1700..1956	7 1900	prAjYa	prājña	28	3	25	9.333	3.222
1700..1956	7 1900	atikram	atikram	23	2	21	11.500	3.524
1700..1956	7 1900	loqay	loḍay	24	0	24	inf	inf
1700..1956	7 1900	Sliz	śliṣ	23	2	21	11.500	3.524
1700..1956	7 1900	atI	atī	26	4	22	6.500	2.700
1700..1956	7 1900	aBilaz	abhilaṣ	27	2	25	13.500	3.755
1700..1956	7 1900	SlAG	ślāgh	26	0	26	inf	inf
1700..1956	7 1900	nind	nind	22	0	22	inf	inf
1700..1956	7 1900	trA	trā	24	0	24	inf	inf
1700..1956	7 1900	KaRqay	khaṇḍay	22	1	21	22.000	4.459
1700..1956	7 1900	avalokay	avalokay	26	4	22	6.500	2.700
1700..1956	7 1900	uttAray	uttāray	24	0	24	inf	inf
1700..1956	7 1900	unnam	unnam	26	3	23	8.667	3.115
1700..1956	7 1900	nivAray	nivāray	24	10	14	2.400	1.263
1700..1956	7 1900	caRa	caṇa	26	0	26	inf	inf
1700..1956	7 1900	pratizWA	pratiṣṭhā	23	1	22	23.000	4.524
1700..1956	7 1900	prezay	preṣay	28	0	28	inf	inf
1700..1956	7 1900	vigam	vigam	27	1	26	27.000	4.755
1700..1956	7 1900	vilokay	vilokay	26	1	25	26.000	4.700
1700..1956	7 1900	anantara	anantara	22	0	22	inf	inf
1700..1956	7 1900	vihf	vihṛ	24	2	22	12.000	3.585
1700..1956	7 1900	saMSuD	saṁśudh	26	1	25	26.000	4.700
1700..1956	7 1900	samAyA	samāyā	27	0	27	inf	inf
1700..1956	7 1900	yavaciYcA	yavaciñcā	24	0	24	inf	inf
1700..1956	7 1900	pakvamUzA	pakvamūṣā	24	3	21	8.000	3.000
1700..1956	7 1900	BastrikA	bhastrikā	23	4	19	5.750	2.524
1700..1956	7 1900	vAyavya	vāyavya	23	1	22	23.000	4.524
1700..1956	7 1900	koqIyaka	koḍīyaka	26	0	26	inf	inf
1700..1956	7 1900	vEkrAntaka	vaikrāntaka	27	0	27	inf	inf
