whitney_no,root_iast,homonym,talmud_root,talmud_whitney_ref,talmud_tip,talmud_ryad,talmud_set,mp1_grade,mp2_grade,mp3_grade,alternation_class,mp1_deviation,derivation_method,grade_confidence,match_kind,unclassifiable_reason
1,aṃh,,,,,,,,,,unclassifiable,,,,,no_authorial_binding
2,akṣ,1,akṣ,1 akṣ,II,A₁,veṭ,guna,guna,vrddhi,regular,guna_for_basic,talmud_appendix1_via_whitney_talmud,authorial,ref+hom,
3,akṣ,2,akṣ,2 akṣ,II,A₁,veṭ,guna,guna,vrddhi,regular,guna_for_basic,talmud_appendix1_via_whitney_talmud,authorial,ref+hom,
4,aṅg,,n̥g,aṅg,I,N₁,veṭ,basic,guna,vrddhi,regular,,talmud_appendix1_via_whitney_talmud,authorial,root-uniq,
5,ac,,n̥c,"ac, añc",I,N₁,veṭ,basic,guna,vrddhi,regular,,talmud_appendix1_via_whitney_talmud,authorial,root-uniq,
6,aj,,aj,aj,II,A₁,seṭ,guna,guna,vrddhi,regular,guna_for_basic,talmud_appendix1_via_whitney_talmud,authorial,root-uniq,
7,añj,,n̥j,añj,I,N₁,veṭ,basic,guna,vrddhi,regular,,talmud_appendix1_via_whitney_talmud,authorial,root-uniq,
8,aṭ,,aṭ,aṭ,II,A₁,seṭ,guna,guna,vrddhi,regular,guna_for_basic,talmud_appendix1_via_whitney_talmud,authorial,root-uniq,
9,aṇṭh,,anṭh,aṇṭh,II,N,seṭ,guna,guna,vrddhi,regular,guna_for_basic,talmud_appendix1_via_whitney_talmud,authorial,root-uniq,
10,at,,at,at,II,A₁,seṭ,guna,guna,vrddhi,regular,guna_for_basic,talmud_appendix1_via_whitney_talmud,authorial,root-uniq,
11,ad,,ad,ad,II,A₁,aniṭ,guna,guna,vrddhi,regular,guna_for_basic,talmud_appendix1_via_whitney_talmud,authorial,root-uniq,
12,an,,an,an,II,N,seṭ,guna,guna,vrddhi,regular,guna_for_basic,talmud_appendix1_via_whitney_talmud,authorial,root-uniq,
13,am,,m̥̄,am,I,M₂,veṭ,basic,guna,vrddhi,regular,,talmud_appendix1_via_whitney_talmud,authorial,root-uniq,
14,ay,,i,"1 i, ī, ay",I,I₁,veṭ,basic,guna,vrddhi,regular,,talmud_appendix1_via_whitney_talmud,authorial,spelling-alt,
15,arc,,ṛc,"arc, ṛc",I,R₁,seṭ,basic,guna,vrddhi,regular,,talmud_appendix1_via_whitney_talmud,authorial,root-uniq,
16,arj,,ṛj,"ṛj, ṛñj, arj",I,R₁,veṭ,basic,guna,vrddhi,regular,,talmud_appendix1_via_whitney_talmud,authorial,spelling-alt,
17,art,,,,,,,,,,unclassifiable,,,,,no_authorial_binding
18,arh,,ṛh,arh,I,R₁,seṭ,basic,guna,vrddhi,regular,,talmud_appendix1_via_whitney_talmud,authorial,root-uniq,
19,av,,o,av,II,U,seṭ,guna,guna,vrddhi,regular,guna_for_basic,talmud_appendix1_via_whitney_talmud,authorial,root-uniq,
20,aś,1,aś,"1 aś, aṃś",II,A₁,veṭ,guna,guna,vrddhi,regular,guna_for_basic,talmud_appendix1_via_whitney_talmud,authorial,ref+hom,
21,aś,2,aś,2 aś,II,A₁,seṭ,guna,guna,vrddhi,regular,guna_for_basic,talmud_appendix1_via_whitney_talmud,authorial,ref+hom,
22,as,1,øs,1 as,I,A₁,,basic,guna,vrddhi,regular,,talmud_appendix1_via_whitney_talmud,authorial,ref+hom,
23,as,2,as,2 as,II,A₁,veṭ,guna,guna,vrddhi,regular,guna_for_basic,talmud_appendix1_via_whitney_talmud,authorial,ref+hom,
24,ah,,ah,ah,II,A₁,,guna,guna,vrddhi,regular,guna_for_basic,talmud_appendix1_via_whitney_talmud,authorial,root-uniq,
25,āñch,,ānch,āñch,IV,N,seṭ,vrddhi,vrddhi,vrddhi,over-strong,,talmud_appendix1_via_whitney_talmud,authorial,root-uniq,
26,āp,,āp,āp,II,A₂,aniṭ,guna,guna,vrddhi,regular,guna_for_basic,talmud_appendix1_via_whitney_talmud,authorial,root-uniq,
27,ār,,ār,ār,IV,R,seṭ,vrddhi,vrddhi,vrddhi,over-strong,,talmud_appendix1_via_whitney_talmud,authorial,root-uniq,
28,ās,,ās,ās,II,A₂,seṭ,guna,guna,vrddhi,regular,guna_for_basic,talmud_appendix1_via_whitney_talmud,authorial,root-uniq,
29,i,1,i,"1 i, ī, ay",I,I₁,veṭ,basic,guna,vrddhi,regular,,talmud_appendix1_via_whitney_talmud,authorial,ref+hom,
30,i,2,in,"2 i, inv, in",III,I₁,seṭ,basic,basic,vrddhi,under-strong,,talmud_appendix1_via_whitney_talmud,authorial,ref+hom,
31,iṅg,,iṅg,iṅg,III,I₁,seṭ,basic,basic,vrddhi,under-strong,,talmud_appendix1_via_whitney_talmud,authorial,root-uniq,
32,ich,,iṣ,"is, ich",I,I₁,veṭ,basic,guna,vrddhi,regular,,talmud_appendix1_via_whitney_talmud,authorial,root-uniq,
33,iṭ,,,,,,,,,,unclassifiable,,,,,no_authorial_binding
34,iḍ,,,,,,,,,,unclassifiable,,,,,no_authorial_binding
35,idh,,idh,"idh, indh",I,I₁,veṭ,basic,guna,vrddhi,regular,,talmud_appendix1_via_whitney_talmud,authorial,root-uniq,
36,in,,in,"2 i, inv, in",III,I₁,seṭ,basic,basic,vrddhi,under-strong,,talmud_appendix1_via_whitney_talmud,authorial,spelling-alt,
37,inakṣ,,,,,,,,,,unclassifiable,,,,,no_authorial_binding
38,iyakṣ,,,,,,,,,,unclassifiable,,,,,no_authorial_binding
39,irajy,,irajy,irajy,II,A₁,,guna,guna,vrddhi,regular,guna_for_basic,talmud_appendix1_via_whitney_talmud,authorial,root-uniq,
40,iradh,,iradh,iradh,II,A₁,aniṭ,guna,guna,vrddhi,regular,guna_for_basic,talmud_appendix1_via_whitney_talmud,authorial,root-uniq,
41,il,,il,il,I,I₁,seṭ,basic,guna,vrddhi,regular,,talmud_appendix1_via_whitney_talmud,authorial,root-uniq,
42,iṣ,1,,,,,,,,,unclassifiable,,,,,no_authorial_binding
43,iṣ,2,iṣ,2 iṣ,I,I₁,seṭ,basic,guna,vrddhi,regular,,talmud_appendix1_via_whitney_talmud,authorial,ref+hom,
44,ī,,i,"1 i, ī, ay",I,I₁,veṭ,basic,guna,vrddhi,regular,,talmud_appendix1_via_whitney_talmud,authorial,spelling-alt,
45,īkṣ,,īkṣ,īkṣ,III,I₂,seṭ,basic,basic,vrddhi,under-strong,,talmud_appendix1_via_whitney_talmud,authorial,root-uniq,
46,īṅkh,,īṅkh,īṅkh,III,I₂,seṭ,basic,basic,vrddhi,under-strong,,talmud_appendix1_via_whitney_talmud,authorial,root-uniq,
47,īj,,ej,"ej, īj",II,I,seṭ,guna,guna,vrddhi,regular,guna_for_basic,talmud_appendix1_via_whitney_talmud,authorial,spelling-alt,
48,īḍ,,īḍ,īḍ,III,I₂,seṭ,basic,basic,vrddhi,under-strong,,talmud_appendix1_via_whitney_talmud,authorial,root-uniq,
49,īr,,īr,īr,III,I₂,seṭ,basic,basic,vrddhi,under-strong,,talmud_appendix1_via_whitney_talmud,authorial,root-uniq,
50,īrṣy,,īrṣy,īrṣy,III,I₂,seṭ,basic,basic,vrddhi,under-strong,,talmud_appendix1_via_whitney_talmud,authorial,root-uniq,
51,īś,,īś,īś,III,I₂,seṭ,basic,basic,vrddhi,under-strong,,talmud_appendix1_via_whitney_talmud,authorial,root-uniq,
52,īṣ,,īṣ,"īṣ, eṣ",III,I₂,seṭ,basic,basic,vrddhi,under-strong,,talmud_appendix1_via_whitney_talmud,authorial,root-uniq,
53,īh,,īh,īh,III,I₂,seṭ,basic,basic,vrddhi,under-strong,,talmud_appendix1_via_whitney_talmud,authorial,root-uniq,
54,u,,u,u,I,U₁,veṭ,basic,guna,vrddhi,regular,,talmud_appendix1_via_whitney_talmud,authorial,root-uniq,
55,ukṣ,1,,,,,,,,,unclassifiable,,,,,no_authorial_binding
56,ukṣ,2,,,,,,,,,unclassifiable,,,,,no_authorial_binding
57,uc,,uc,uc,I,U₁,seṭ,basic,guna,vrddhi,regular,,talmud_appendix1_via_whitney_talmud,authorial,root-uniq,
58,uch,,uøs,"1 vas, uṣ, uch",I,A₁,veṭ,basic,guna,vrddhi,regular,,talmud_appendix1_via_whitney_talmud,authorial,spelling-alt,
59,ujh,,ujh,ujh,III,U₁,seṭ,basic,basic,vrddhi,under-strong,,talmud_appendix1_via_whitney_talmud,authorial,root-uniq,
60,uñch,,uñch,uñch,III,U₁,seṭ,basic,basic,vrddhi,under-strong,,talmud_appendix1_via_whitney_talmud,authorial,root-uniq,
61,ud,,ud,"ud, und",I,U₁,veṭ,basic,guna,vrddhi,regular,,talmud_appendix1_via_whitney_talmud,authorial,root-uniq,
62,ubj,,ubj,ubj,III,U₁,seṭ,basic,basic,vrddhi,under-strong,,talmud_appendix1_via_whitney_talmud,authorial,root-uniq,
63,ubh,,umbh,"ubh, umbh",III,U₁,seṭ,basic,basic,vrddhi,under-strong,,talmud_appendix1_via_whitney_talmud,authorial,root-uniq,
64,uṣ,1,uøs,"1 vas, uṣ, uch",I,A₁,veṭ,basic,guna,vrddhi,regular,,talmud_appendix1_via_whitney_talmud,authorial,spelling-alt,
65,uṣ,2,uṣ,2 uṣ,I,U₁,veṭ,basic,guna,vrddhi,regular,,talmud_appendix1_via_whitney_talmud,authorial,ref+hom,
66,ūrṇu,1,,,,,,,,,unclassifiable,,,,,no_authorial_binding
67,ūh,1,ūh,1 ūh,III,U₂,veṭ,basic,basic,vrddhi,under-strong,,talmud_appendix1_via_whitney_talmud,authorial,ref+hom,
68,ūh,2,ūh,2 ūh,III,U₂,seṭ,basic,basic,vrddhi,under-strong,,talmud_appendix1_via_whitney_talmud,authorial,ref+hom,
69,ṛ,,ṛ,"ṛ, ṛch",I,R₁,veṭ,basic,guna,vrddhi,regular,,talmud_appendix1_via_whitney_talmud,authorial,root-uniq,
70,ṛc,,ṛc,"arc, ṛc",I,R₁,seṭ,basic,guna,vrddhi,regular,,talmud_appendix1_via_whitney_talmud,authorial,spelling-alt,
72,ṛj,2,ṛj,"ṛj, ṛñj, arj",I,R₁,veṭ,basic,guna,vrddhi,regular,,talmud_appendix1_via_whitney_talmud,authorial,root-uniq,
73,ṛt,,ṛt,ṛt,I,R₁,seṭ,basic,guna,vrddhi,regular,,talmud_appendix1_via_whitney_talmud,authorial,root-uniq,
74,ṛd,,ṛd,ṛd,I,R₁,seṭ,basic,guna,vrddhi,regular,,talmud_appendix1_via_whitney_talmud,authorial,root-uniq,
75,ṛdh,,ṛdh,ṛdh,I,R₁,veṭ,basic,guna,vrddhi,regular,,talmud_appendix1_via_whitney_talmud,authorial,root-uniq,
76,ṛś,,,,,,,,,,unclassifiable,,,,,no_authorial_binding
77,ṛṣ,,ṛṣ,ṛṣ,I,R₁,veṭ,basic,guna,vrddhi,regular,,talmud_appendix1_via_whitney_talmud,authorial,root-uniq,
78,ej,,ej,"ej, īj",II,I,seṭ,guna,guna,vrddhi,regular,guna_for_basic,talmud_appendix1_via_whitney_talmud,authorial,root-uniq,
79,edh,,edh,edh,II,I,seṭ,guna,guna,vrddhi,regular,guna_for_basic,talmud_appendix1_via_whitney_talmud,authorial,root-uniq,
80,katth,,katth,katth,II,A₁,seṭ,guna,guna,vrddhi,regular,guna_for_basic,talmud_appendix1_via_whitney_talmud,authorial,root-uniq,
81,kath,,,,,,,,,,unclassifiable,,,,,no_authorial_binding
82,kad,,,,,,,,,,unclassifiable,,,,,no_authorial_binding
83,kan,,kn̥̄,"kan, kā",I,N₂,veṭ,basic,guna,vrddhi,regular,,talmud_appendix1_via_whitney_talmud,authorial,root-uniq,
84,kam,,km̥̄,kam,I,M₂,seṭ,basic,guna,vrddhi,regular,,talmud_appendix1_via_whitney_talmud,authorial,root-uniq,
85,kamp,,kanp,kamp,II,N,seṭ,guna,guna,vrddhi,regular,guna_for_basic,talmud_appendix1_via_whitney_talmud,authorial,root-uniq,
86,kal,,kal,kal,II,L,seṭ,guna,guna,vrddhi,regular,guna_for_basic,talmud_appendix1_via_whitney_talmud,authorial,root-uniq,
87,kaṣ,,kaṣ,kaṣ,II,A₁,seṭ,guna,guna,vrddhi,regular,guna_for_basic,talmud_appendix1_via_whitney_talmud,authorial,root-uniq,
88,kas,,kas,kas,II,A₁,veṭ,guna,guna,vrddhi,regular,guna_for_basic,talmud_appendix1_via_whitney_talmud,authorial,root-uniq,
89,kā,,kn̥̄,"kan, kā",I,N₂,veṭ,basic,guna,vrddhi,regular,,talmud_appendix1_via_whitney_talmud,authorial,spelling-alt,
90,kāṅkṣ,,kānkṣ,kāṅkṣ,IV,N,seṭ,vrddhi,vrddhi,vrddhi,over-strong,,talmud_appendix1_via_whitney_talmud,authorial,root-uniq,
91,kāś,,kāś,kāś,II,A₂,seṭ,guna,guna,vrddhi,regular,guna_for_basic,talmud_appendix1_via_whitney_talmud,authorial,root-uniq,
92,kās,,kās,kās,II,A₂,veṭ,guna,guna,vrddhi,regular,guna_for_basic,talmud_appendix1_via_whitney_talmud,authorial,root-uniq,
93,ku,,,,,,,,,,unclassifiable,,,,,no_authorial_binding
94,kuc,,kuc,"kuc, kuñc",I,U₁,seṭ,basic,guna,vrddhi,regular,,talmud_appendix1_via_whitney_talmud,authorial,root-uniq,
95,kuñj,,,,,,,,,,unclassifiable,,,,,no_authorial_binding
96,kuṭṭ,,,,,,,,,,unclassifiable,,,,,no_authorial_binding
97,kuṇṭh,,,,,,,,,,unclassifiable,,,,,no_authorial_binding
98,kuth,,kuth,kuth,I,U₁,seṭ,basic,guna,vrddhi,regular,,talmud_appendix1_via_whitney_talmud,authorial,root-uniq,
99,kup,,kup,kup,I,U₁,veṭ,basic,guna,vrddhi,regular,,talmud_appendix1_via_whitney_talmud,authorial,root-uniq,
100,kuṣ,,kuṣ,kuṣ,I,U₁,veṭ,basic,guna,vrddhi,regular,,talmud_appendix1_via_whitney_talmud,authorial,root-uniq,
101,kū,,kū,kū,I,U₂,seṭ,basic,guna,vrddhi,regular,,talmud_appendix1_via_whitney_talmud,authorial,root-uniq,
102,kūj,,kūj,kūj,III,U₂,seṭ,basic,basic,vrddhi,under-strong,,talmud_appendix1_via_whitney_talmud,authorial,root-uniq,
103,kūḍ,,kūḍ,"kūḍ, kūl",III,U₂,seṭ,basic,basic,vrddhi,under-strong,,talmud_appendix1_via_whitney_talmud,authorial,root-uniq,
104,kūṇ,,kūṇ,kūṇ,III,U₂,seṭ,basic,basic,vrddhi,under-strong,,talmud_appendix1_via_whitney_talmud,authorial,root-uniq,
105,kūrd,,kūrd,kūrd,III,U₂,seṭ,basic,basic,vrddhi,under-strong,,talmud_appendix1_via_whitney_talmud,authorial,root-uniq,
106,kṛ,1,kṛ,1 kṛ (skṛ),I,R₁,veṭ,basic,guna,vrddhi,regular,,talmud_appendix1_via_whitney_talmud,authorial,ref+hom,
107,kṛ,2,kṝ,"2 kṛ, kir",I,R₂,seṭ,basic,guna,vrddhi,regular,,talmud_appendix1_via_whitney_talmud,authorial,ref+hom,
108,kṛ,3,kṝ,3 kṛ,I,R₂,seṭ,basic,guna,vrddhi,regular,,talmud_appendix1_via_whitney_talmud,authorial,ref+hom,
109,kṛt,1,kṛt,1 kṛt,I,R₁,veṭ,basic,guna,vrddhi,regular,,talmud_appendix1_via_whitney_talmud,authorial,ref+hom,
110,kṛt,2,kṛt,2 kṛt,I,R₁,veṭ,basic,guna,vrddhi,regular,,talmud_appendix1_via_whitney_talmud,authorial,ref+hom,
111,kṛp,,kṛp,kṛp,III,R₁,veṭ,basic,basic,vrddhi,under-strong,,talmud_appendix1_via_whitney_talmud,authorial,root-uniq,
112,kṛś,,kṛś,kṛś,I,R₁,seṭ,basic,guna,vrddhi,regular,,talmud_appendix1_via_whitney_talmud,authorial,root-uniq,
113,kṛṣ,,kṛṣ,kṛṣ,I,R₁,veṭ,basic,guna,vrddhi,regular,,talmud_appendix1_via_whitney_talmud,authorial,root-uniq,
114,kḷp,,kḷp,kḷp,I,L,veṭ,basic,guna,vrddhi,regular,,talmud_appendix1_via_whitney_talmud,authorial,root-uniq,
115,knū,,knū,knū,I,U₂,veṭ,basic,guna,vrddhi,regular,,talmud_appendix1_via_whitney_talmud,authorial,root-uniq,
116,krakṣ,,krakṣ,krakṣ,II,A₁,seṭ,guna,guna,vrddhi,regular,guna_for_basic,talmud_appendix1_via_whitney_talmud,authorial,root-uniq,
117,krath,,krath,krath,II,A₁,seṭ,guna,guna,vrddhi,regular,guna_for_basic,talmud_appendix1_via_whitney_talmud,authorial,root-uniq,
118,krand,,krn̥d,"krand, kland",I,N₁,seṭ,basic,guna,vrddhi,regular,,talmud_appendix1_via_whitney_talmud,authorial,root-uniq,
119,kram,,krm̥̄,kram,I,M₂,seṭ,basic,guna,vrddhi,regular,,talmud_appendix1_via_whitney_talmud,authorial,root-uniq,
120,krī,,krī,krī,I,I₂,aniṭ,basic,guna,vrddhi,regular,,talmud_appendix1_via_whitney_talmud,authorial,root-uniq,
121,krīḍ,,krīḍ,krīḍ,III,I₂,seṭ,basic,basic,vrddhi,under-strong,,talmud_appendix1_via_whitney_talmud,authorial,root-uniq,
122,kru,,,,,,,,,,unclassifiable,,,,,no_authorial_binding
123,krudh,,krudh,krudh,I,U₁,aniṭ,basic,guna,vrddhi,regular,,talmud_appendix1_via_whitney_talmud,authorial,root-uniq,
124,kruś,,kruś,kruś,I,U₁,aniṭ,basic,guna,vrddhi,regular,,talmud_appendix1_via_whitney_talmud,authorial,root-uniq,
125,krūḍ,,,,,,,,,,unclassifiable,,,,,no_authorial_binding
126,klath,,klath,klath,II,A₁,seṭ,guna,guna,vrddhi,regular,guna_for_basic,talmud_appendix1_via_whitney_talmud,authorial,root-uniq,
127,kland,,krn̥d,"krand, kland",I,N₁,seṭ,basic,guna,vrddhi,regular,,talmud_appendix1_via_whitney_talmud,authorial,spelling-alt,
128,klam,,klm̥̄,klam,I,M₂,veṭ,basic,guna,vrddhi,regular,,talmud_appendix1_via_whitney_talmud,authorial,root-uniq,
129,klav,,,,,,,,,,unclassifiable,,,,,no_authorial_binding
130,klid,,klid,klid,I,I₁,veṭ,basic,guna,vrddhi,regular,,talmud_appendix1_via_whitney_talmud,authorial,root-uniq,
131,kliś,,kliś,kliś,I,I₁,veṭ,basic,guna,vrddhi,regular,,talmud_appendix1_via_whitney_talmud,authorial,root-uniq,
132,kvaṇ,,kvaṇ,kvaṇ,II,N,seṭ,guna,guna,vrddhi,regular,guna_for_basic,talmud_appendix1_via_whitney_talmud,authorial,root-uniq,
133,kvath,,kvath,kvath,II,A₁,seṭ,guna,guna,vrddhi,regular,guna_for_basic,talmud_appendix1_via_whitney_talmud,authorial,root-uniq,
134,kṣad,,kṣad,kṣad,II,A₁,aniṭ,guna,guna,vrddhi,regular,guna_for_basic,talmud_appendix1_via_whitney_talmud,authorial,root-uniq,
135,kṣan,,kṣn̥,kṣan,I,N₁,seṭ,basic,guna,vrddhi,regular,,talmud_appendix1_via_whitney_talmud,authorial,root-uniq,
136,kṣap,,kṣap,kṣap,II,A₁,veṭ,guna,guna,vrddhi,regular,guna_for_basic,talmud_appendix1_via_whitney_talmud,authorial,root-uniq,
137,kṣam,,kṣm̥̄,kṣam,I,M₂,veṭ,basic,guna,vrddhi,regular,,talmud_appendix1_via_whitney_talmud,authorial,root-uniq,
138,kṣar,,kṣar,kṣar,II,R,seṭ,guna,guna,vrddhi,regular,guna_for_basic,talmud_appendix1_via_whitney_talmud,authorial,root-uniq,
139,kṣal,,,,,,,,,,unclassifiable,,,,,no_authorial_binding
140,kṣā,,kṣā,kṣā,II,A₂,aniṭ,guna,guna,vrddhi,regular,guna_for_basic,talmud_appendix1_via_whitney_talmud,authorial,root-uniq,
141,kṣi,1,kṣi,1 kṣi,I,I₁,aniṭ,basic,guna,vrddhi,regular,,talmud_appendix1_via_whitney_talmud,authorial,ref+hom,
142,kṣi,2,kṣi,2 kṣi,I,I₁,veṭ,basic,guna,vrddhi,regular,,talmud_appendix1_via_whitney_talmud,authorial,ref+hom,
143,kṣip,,kṣip,kṣip,I,I₁,veṭ,basic,guna,vrddhi,regular,,talmud_appendix1_via_whitney_talmud,authorial,root-uniq,
144,kṣu,,kṣu,kṣu,I,U₁,seṭ,basic,guna,vrddhi,regular,,talmud_appendix1_via_whitney_talmud,authorial,root-uniq,
145,kṣud,,kṣud,kṣud,I,U₁,aniṭ,basic,guna,vrddhi,regular,,talmud_appendix1_via_whitney_talmud,authorial,root-uniq,
146,kṣudh,,kṣudh,kṣudh,I,U₁,veṭ,basic,guna,vrddhi,regular,,talmud_appendix1_via_whitney_talmud,authorial,root-uniq,
147,kṣup,,kṣup,kṣup,I,U₁,aniṭ,basic,guna,vrddhi,regular,,talmud_appendix1_via_whitney_talmud,authorial,root-uniq,
148,kṣubh,,kṣubh,kṣubh,I,U₁,veṭ,basic,guna,vrddhi,regular,,talmud_appendix1_via_whitney_talmud,authorial,root-uniq,
149,kṣṇu,,kṣṇu,kṣṇu,I,U₁,veṭ,basic,guna,vrddhi,regular,,talmud_appendix1_via_whitney_talmud,authorial,root-uniq,
150,kṣmā,,kṣmai,kṣmā,IV,I,seṭ,vrddhi,vrddhi,vrddhi,over-strong,,talmud_appendix1_via_whitney_talmud,authorial,root-uniq,
151,kṣviḍ,,kṣviḍ,kṣviḍ,I,I₁,seṭ,basic,guna,vrddhi,regular,,talmud_appendix1_via_whitney_talmud,authorial,root-uniq,
152,kṣvid,,,,,,,,,,unclassifiable,,,,,no_authorial_binding
153,kṣvel,,kṣvel,kṣvel,II,I,seṭ,guna,guna,vrddhi,regular,guna_for_basic,talmud_appendix1_via_whitney_talmud,authorial,root-uniq,
154,khac,,khac,khac,II,A₁,seṭ,guna,guna,vrddhi,regular,guna_for_basic,talmud_appendix1_via_whitney_talmud,authorial,root-uniq,
155,khañj,,,,,,,,,,unclassifiable,,,,,no_authorial_binding
156,khad,,khad,khad,II,A₁,aniṭ,guna,guna,vrddhi,regular,guna_for_basic,talmud_appendix1_via_whitney_talmud,authorial,root-uniq,
157,khan,,khn̥̄,"khan, khā",I,N₂,seṭ,basic,guna,vrddhi,regular,,talmud_appendix1_via_whitney_talmud,authorial,root-uniq,
158,kharj,,kharj,kharj,II,R,seṭ,guna,guna,vrddhi,regular,guna_for_basic,talmud_appendix1_via_whitney_talmud,authorial,root-uniq,
159,khall,,khall,khall,II,A₁,seṭ,guna,guna,vrddhi,regular,guna_for_basic,talmud_appendix1_via_whitney_talmud,authorial,root-uniq,
160,khā,,khn̥̄,"khan, khā",I,N₂,seṭ,basic,guna,vrddhi,regular,,talmud_appendix1_via_whitney_talmud,authorial,spelling-alt,
161,khād,,khād,khād,II,A₂,seṭ,guna,guna,vrddhi,regular,guna_for_basic,talmud_appendix1_via_whitney_talmud,authorial,root-uniq,
162,khid,,khid,khid,I,I₁,veṭ,basic,guna,vrddhi,regular,,talmud_appendix1_via_whitney_talmud,authorial,root-uniq,
163,khud,,khud,khud,I,U₁,aniṭ,basic,guna,vrddhi,regular,,talmud_appendix1_via_whitney_talmud,authorial,root-uniq,
164,khel,,khel,khel,II,I,seṭ,guna,guna,vrddhi,regular,guna_for_basic,talmud_appendix1_via_whitney_talmud,authorial,root-uniq,
165,khyā,,khyā,khyā,II,A₂,aniṭ,guna,guna,vrddhi,regular,guna_for_basic,talmud_appendix1_via_whitney_talmud,authorial,root-uniq,
166,gach,,gm̥,"gam, gach",I,M₁,veṭ,basic,guna,vrddhi,regular,,talmud_appendix1_via_whitney_talmud,authorial,spelling-alt,
167,gad,,gad,gad,II,A₁,seṭ,guna,guna,vrddhi,regular,guna_for_basic,talmud_appendix1_via_whitney_talmud,authorial,root-uniq,
168,gadh,,gadh,gadh,II,A₁,seṭ,guna,guna,vrddhi,regular,guna_for_basic,talmud_appendix1_via_whitney_talmud,authorial,root-uniq,
169,gabh,,,,,,,,,,unclassifiable,,,,,no_authorial_binding
170,gam,,gm̥,"gam, gach",I,M₁,veṭ,basic,guna,vrddhi,regular,,talmud_appendix1_via_whitney_talmud,authorial,root-uniq,
171,garj,,garj,garj,II,R,seṭ,guna,guna,vrddhi,regular,guna_for_basic,talmud_appendix1_via_whitney_talmud,authorial,root-uniq,
172,gard,,,,,,,,,,unclassifiable,,,,,no_authorial_binding
173,garh,,garh,garh,II,R,seṭ,guna,guna,vrddhi,regular,guna_for_basic,talmud_appendix1_via_whitney_talmud,authorial,root-uniq,
174,gal,,gal,gal,II,L,seṭ,guna,guna,vrddhi,regular,guna_for_basic,talmud_appendix1_via_whitney_talmud,authorial,root-uniq,
175,galbh,,galbh,galbh,II,L,seṭ,guna,guna,vrddhi,regular,guna_for_basic,talmud_appendix1_via_whitney_talmud,authorial,root-uniq,
176,gā,1,gø̄,1 gā,I,A₂,aniṭ,basic,guna,vrddhi,regular,,talmud_appendix1_via_whitney_talmud,authorial,ref+hom,
177,gā,2,gø̄,2 gā,I,A₂,aniṭ,basic,guna,vrddhi,regular,,talmud_appendix1_via_whitney_talmud,authorial,ref+hom,
178,gāh,,gāh,gāh,II,A₂,veṭ,guna,guna,vrddhi,regular,guna_for_basic,talmud_appendix1_via_whitney_talmud,authorial,root-uniq,
179,gir,,gṝ,"2 gṛ, gir, gil",I,R₂,seṭ,basic,guna,vrddhi,regular,,talmud_appendix1_via_whitney_talmud,authorial,spelling-alt,
180,gu,,gu,gu,I,U₁,aniṭ,basic,guna,vrddhi,regular,,talmud_appendix1_via_whitney_talmud,authorial,root-uniq,
181,guñj,,guñj,guñj,III,U₁,seṭ,basic,basic,vrddhi,under-strong,,talmud_appendix1_via_whitney_talmud,authorial,root-uniq,
182,guṇṭh,,,,,,,,,,unclassifiable,,,,,no_authorial_binding
183,gup,,gup,gup,I,U₁,veṭ,basic,guna,vrddhi,regular,,talmud_appendix1_via_whitney_talmud,authorial,root-uniq,
184,guph,,,,,,,,,,unclassifiable,,,,,no_authorial_binding
185,gur,,gur,gur,III,U₁,veṭ,basic,basic,vrddhi,under-strong,,talmud_appendix1_via_whitney_talmud,authorial,root-uniq,
186,gulph,,,,,,,,,,unclassifiable,,,,,no_authorial_binding
187,guh,,guh,guh,I,U₁,aniṭ,basic,guna,vrddhi,regular,,talmud_appendix1_via_whitney_talmud,authorial,root-uniq,
188,gūrd,,,,,,,,,,unclassifiable,,,,,no_authorial_binding
189,gūrdh,,,,,,,,,,unclassifiable,,,,,no_authorial_binding
190,gṛ,1,gṝ,1 gṛ,I,R₂,seṭ,basic,guna,vrddhi,regular,,talmud_appendix1_via_whitney_talmud,authorial,ref+hom,
191,gṛ,2,gṝ,"2 gṛ, gir, gil",I,R₂,seṭ,basic,guna,vrddhi,regular,,talmud_appendix1_via_whitney_talmud,authorial,ref+hom,
192,gṛ,3,jāgṛ,"3 gṛ, jāgṛ",I,R₁,seṭ,basic,guna,vrddhi,regular,,talmud_appendix1_via_whitney_talmud,authorial,ref+hom,
193,gṛdh,,gṛdh,gṛdh,I,R₁,veṭ,basic,guna,vrddhi,regular,,talmud_appendix1_via_whitney_talmud,authorial,root-uniq,
194,gai,,,,,,,,,,unclassifiable,,,,,no_authorial_binding
195,grath,,grn̥th,"grath, granth",I,N₁,seṭ,basic,guna,vrddhi,regular,,talmud_appendix1_via_whitney_talmud,authorial,root-uniq,
196,grabh,,gṛøh,"grabh, grah",I,A₁,seṭ,basic,guna,vrddhi,regular,,talmud_appendix1_via_whitney_talmud,authorial,root-uniq,
197,gras,,gras,gras,II,A₁,veṭ,guna,guna,vrddhi,regular,guna_for_basic,talmud_appendix1_via_whitney_talmud,authorial,root-uniq,
198,glap,,,,,,,,,,unclassifiable,,,,,no_authorial_binding
199,glah,,glah,glah,II,A₁,veṭ,guna,guna,vrddhi,regular,guna_for_basic,talmud_appendix1_via_whitney_talmud,authorial,root-uniq,
200,glā,,glā,glā,II,A₂,aniṭ,guna,guna,vrddhi,regular,guna_for_basic,talmud_appendix1_via_whitney_talmud,authorial,root-uniq,
201,ghaṭ,,ghaṭ,ghaṭ,II,A₁,seṭ,guna,guna,vrddhi,regular,guna_for_basic,talmud_appendix1_via_whitney_talmud,authorial,root-uniq,
202,ghaṭṭ,,ghaṭṭ,ghaṭṭ,II,A₁,seṭ,guna,guna,vrddhi,regular,guna_for_basic,talmud_appendix1_via_whitney_talmud,authorial,root-uniq,
203,ghar,,,,,,,,,,unclassifiable,,,,,no_authorial_binding
204,ghas,,ghas,ghas,II,A₁,aniṭ,guna,guna,vrddhi,regular,guna_for_basic,talmud_appendix1_via_whitney_talmud,authorial,root-uniq,
205,ghuṭ,,ghuṭ,ghuṭ,I,U₁,seṭ,basic,guna,vrddhi,regular,,talmud_appendix1_via_whitney_talmud,authorial,root-uniq,
206,ghuṣ,,ghuṣ,ghuṣ,I,U₁,veṭ,basic,guna,vrddhi,regular,,talmud_appendix1_via_whitney_talmud,authorial,root-uniq,
207,ghūrṇ,,ghūrṇ,ghūrṇ,III,U₂,seṭ,basic,basic,vrddhi,under-strong,,talmud_appendix1_via_whitney_talmud,authorial,root-uniq,
208,ghṛ,,ghṛ,ghṛ,I,R₁,veṭ,basic,guna,vrddhi,regular,,talmud_appendix1_via_whitney_talmud,authorial,root-uniq,
209,ghṛṣ,,ghṛṣ,ghṛṣ,I,R₁,veṭ,basic,guna,vrddhi,regular,,talmud_appendix1_via_whitney_talmud,authorial,root-uniq,
210,ghrā,,ghrā,ghrā,II,A₂,aniṭ,guna,guna,vrddhi,regular,guna_for_basic,talmud_appendix1_via_whitney_talmud,authorial,root-uniq,
211,cak,,cak,cak,II,A₁,seṭ,guna,guna,vrddhi,regular,guna_for_basic,talmud_appendix1_via_whitney_talmud,authorial,root-uniq,
212,cakās,,,,,,,,,,unclassifiable,,,,,no_authorial_binding
213,cakṣ,,cakṣ,cakṣ,II,A₁,aniṭ,guna,guna,vrddhi,regular,guna_for_basic,talmud_appendix1_via_whitney_talmud,authorial,root-uniq,
214,cañc,,canc,cañc,II,N,seṭ,guna,guna,vrddhi,regular,guna_for_basic,talmud_appendix1_via_whitney_talmud,authorial,root-uniq,
215,caṭ,,caṭ,caṭ,II,A₁,seṭ,guna,guna,vrddhi,regular,guna_for_basic,talmud_appendix1_via_whitney_talmud,authorial,root-uniq,
216,cat,,cat,cat,II,A₁,veṭ,guna,guna,vrddhi,regular,guna_for_basic,talmud_appendix1_via_whitney_talmud,authorial,root-uniq,
217,can,,cn̥̄,can,I,N₂,seṭ,basic,guna,vrddhi,regular,,talmud_appendix1_via_whitney_talmud,authorial,root-uniq,
218,cand,,cn̥d,"ścand, cand",I,N₁,seṭ,basic,guna,vrddhi,regular,,talmud_appendix1_via_whitney_talmud,authorial,spelling-alt,
219,cam,,cm̥̄,cam,I,M₂,seṭ,basic,guna,vrddhi,regular,,talmud_appendix1_via_whitney_talmud,authorial,root-uniq,
220,car,,car,car,II,R,seṭ,guna,guna,vrddhi,regular,guna_for_basic,talmud_appendix1_via_whitney_talmud,authorial,root-uniq,
221,carc,,carc,carc,II,R,seṭ,guna,guna,vrddhi,regular,guna_for_basic,talmud_appendix1_via_whitney_talmud,authorial,root-uniq,
222,carv,,carv,carv,II,R,seṭ,guna,guna,vrddhi,regular,guna_for_basic,talmud_appendix1_via_whitney_talmud,authorial,root-uniq,
223,cal,,cal,cal,II,L,seṭ,guna,guna,vrddhi,regular,guna_for_basic,talmud_appendix1_via_whitney_talmud,authorial,root-uniq,
224,cāy,,cai,cāy,IV,I,seṭ,vrddhi,vrddhi,vrddhi,over-strong,,talmud_appendix1_via_whitney_talmud,authorial,root-uniq,
225,ci,1,ci,1 ci,I,I₁,veṭ,basic,guna,vrddhi,regular,,talmud_appendix1_via_whitney_talmud,authorial,ref+hom,
226,ci,2,ci,2 ci,I,I₁,aniṭ,basic,guna,vrddhi,regular,,talmud_appendix1_via_whitney_talmud,authorial,ref+hom,
227,cit,,cit,cit,I,I₁,veṭ,basic,guna,vrddhi,regular,,talmud_appendix1_via_whitney_talmud,authorial,root-uniq,
228,cint,,,,,,,,,,unclassifiable,,,,,no_authorial_binding
229,cud,,cud,cud,I,U₁,seṭ,basic,guna,vrddhi,regular,,talmud_appendix1_via_whitney_talmud,authorial,root-uniq,
230,cup,,cup,cup,I,U₁,seṭ,basic,guna,vrddhi,regular,,talmud_appendix1_via_whitney_talmud,authorial,root-uniq,
231,cumb,,cumb,cumb,III,U₁,seṭ,basic,basic,vrddhi,under-strong,,talmud_appendix1_via_whitney_talmud,authorial,root-uniq,
232,cur,,,,,,,,,,unclassifiable,,,,,no_authorial_binding
233,culump,,,,,,,,,,unclassifiable,,,,,no_authorial_binding
234,cūṣ,,cūṣ,cūṣ,III,U₂,seṭ,basic,basic,vrddhi,under-strong,,talmud_appendix1_via_whitney_talmud,authorial,root-uniq,
235,cṛt,,cṛt,cṛt,I,R₁,veṭ,basic,guna,vrddhi,regular,,talmud_appendix1_via_whitney_talmud,authorial,root-uniq,
236,ceṣṭ,,ceṣṭ,ceṣṭ,II,I,seṭ,guna,guna,vrddhi,regular,guna_for_basic,talmud_appendix1_via_whitney_talmud,authorial,root-uniq,
237,cyu,,cyu,cyu,I,U₁,aniṭ,basic,guna,vrddhi,regular,,talmud_appendix1_via_whitney_talmud,authorial,root-uniq,
238,cyut,,cyut,cyut,I,U₁,seṭ,basic,guna,vrddhi,regular,,talmud_appendix1_via_whitney_talmud,authorial,root-uniq,
239,chad,,chad,chad,II,A₁,aniṭ,guna,guna,vrddhi,regular,guna_for_basic,talmud_appendix1_via_whitney_talmud,authorial,root-uniq,
240,chand,,chn̥d,"chand, chad",I,N₁,aniṭ,basic,guna,vrddhi,regular,,talmud_appendix1_via_whitney_talmud,authorial,root-uniq,
241,chā,,chø̄,chā,I,A₂,aniṭ,basic,guna,vrddhi,regular,,talmud_appendix1_via_whitney_talmud,authorial,root-uniq,
242,chid,,chid,chid,I,I₁,aniṭ,basic,guna,vrddhi,regular,,talmud_appendix1_via_whitney_talmud,authorial,root-uniq,
243,chuṭ,,chuḍ,"chuṭ, chuḍ",I,U₁,seṭ,basic,guna,vrddhi,regular,,talmud_appendix1_via_whitney_talmud,authorial,root-uniq,
244,chur,,chur,chur,I,U₁,seṭ,basic,guna,vrddhi,regular,,talmud_appendix1_via_whitney_talmud,authorial,root-uniq,
245,chṛd,,chṛd,chṛd,I,R₁,veṭ,basic,guna,vrddhi,regular,,talmud_appendix1_via_whitney_talmud,authorial,root-uniq,
246,jakṣ,1,jakṣ,1 jakṣ,II,A₁,veṭ,guna,guna,vrddhi,regular,guna_for_basic,talmud_appendix1_via_whitney_talmud,authorial,ref+hom,
247,jakṣ,2,,,,,,,,,unclassifiable,,,,,no_authorial_binding
248,jagh,,jagh,jagh,II,A₁,veṭ,guna,guna,vrddhi,regular,guna_for_basic,talmud_appendix1_via_whitney_talmud,authorial,root-uniq,
249,jan,,jn̥̄,"jan, jā",I,N₂,seṭ,basic,guna,vrddhi,regular,,talmud_appendix1_via_whitney_talmud,authorial,root-uniq,
250,jap,,jap,jap,II,A₁,veṭ,guna,guna,vrddhi,regular,guna_for_basic,talmud_appendix1_via_whitney_talmud,authorial,root-uniq,
251,jam,,,,,,,,,,unclassifiable,,,,,no_authorial_binding
252,jambh,,jn̥bh,"jambh, jabh",I,N₁,veṭ,basic,guna,vrddhi,regular,,talmud_appendix1_via_whitney_talmud,authorial,root-uniq,
253,jar,,,,,,,,,,unclassifiable,,,,,no_authorial_binding
254,jalp,,jalp,jalp,II,L,seṭ,guna,guna,vrddhi,regular,guna_for_basic,talmud_appendix1_via_whitney_talmud,authorial,root-uniq,
255,jas,,jas,jas,II,A₁,veṭ,guna,guna,vrddhi,regular,guna_for_basic,talmud_appendix1_via_whitney_talmud,authorial,root-uniq,
256,jah,,,,,,,,,,unclassifiable,,,,,no_authorial_binding
257,jā,,jn̥̄,"jan, jā",I,N₂,seṭ,basic,guna,vrddhi,regular,,talmud_appendix1_via_whitney_talmud,authorial,spelling-alt,
258,ji,1,ji,1 ji,I,I₁,veṭ,basic,guna,vrddhi,regular,,talmud_appendix1_via_whitney_talmud,authorial,ref+hom,
259,ji,2,jinv,"2 ji, jinv",III,I₁,seṭ,basic,basic,vrddhi,under-strong,,talmud_appendix1_via_whitney_talmud,authorial,ref+hom,
260,jīv,,jīv,jīv,III,I₂,seṭ,basic,basic,vrddhi,under-strong,,talmud_appendix1_via_whitney_talmud,authorial,root-uniq,
261,jur,,jṝ,"1 jṛ, jur",I,R₂,seṭ,basic,guna,vrddhi,regular,,talmud_appendix1_via_whitney_talmud,authorial,spelling-alt,
262,juṣ,,juṣ,juṣ,I,U₁,veṭ,basic,guna,vrddhi,regular,,talmud_appendix1_via_whitney_talmud,authorial,root-uniq,
263,jū,,jū,jū,I,U₂,seṭ,basic,guna,vrddhi,regular,,talmud_appendix1_via_whitney_talmud,authorial,root-uniq,
264,jūrv,,,,,,,,,,unclassifiable,,,,,no_authorial_binding
265,jṛ,1,jṝ,"1 jṛ, jur",I,R₂,seṭ,basic,guna,vrddhi,regular,,talmud_appendix1_via_whitney_talmud,authorial,ref+hom,
266,jṛ,2,jṛ,2 jṛ,I,R₁,seṭ,basic,guna,vrddhi,regular,,talmud_appendix1_via_whitney_talmud,authorial,ref+hom,
267,jṛmbh,,jṛmbh,jṛmbh,III,R₁,seṭ,basic,basic,vrddhi,under-strong,,talmud_appendix1_via_whitney_talmud,authorial,root-uniq,
268,jeh,,jeh,jeh,II,I,seṭ,guna,guna,vrddhi,regular,guna_for_basic,talmud_appendix1_via_whitney_talmud,authorial,root-uniq,
269,jñā,,jñā,jñā,II,A₂,aniṭ,guna,guna,vrddhi,regular,guna_for_basic,talmud_appendix1_via_whitney_talmud,authorial,root-uniq,
270,jyā,,jīø̄,"jyā, jī",I,A₂,aniṭ,basic,guna,vrddhi,regular,,talmud_appendix1_via_whitney_talmud,authorial,root-uniq,
271,jyut,,jyut,jyut,I,U₁,veṭ,basic,guna,vrddhi,regular,,talmud_appendix1_via_whitney_talmud,authorial,root-uniq,
272,jri,,jri,jri,I,I₁,aniṭ,basic,guna,vrddhi,regular,,talmud_appendix1_via_whitney_talmud,authorial,root-uniq,
273,jvar,,jvar,jvar,II,R,seṭ,guna,guna,vrddhi,regular,guna_for_basic,talmud_appendix1_via_whitney_talmud,authorial,root-uniq,
274,jval,,jval,jval,II,L,seṭ,guna,guna,vrddhi,regular,guna_for_basic,talmud_appendix1_via_whitney_talmud,authorial,root-uniq,
275,jhaṭ,,,,,,,,,,unclassifiable,,,,,no_authorial_binding
276,jhaṇ,,,,,,,,,,unclassifiable,,,,,no_authorial_binding
277,jhar,,jhar,jhar,II,R,seṭ,guna,guna,vrddhi,regular,guna_for_basic,talmud_appendix1_via_whitney_talmud,authorial,root-uniq,
278,ṭaṅk,,,,,,,,,,unclassifiable,,,,,no_authorial_binding
279,ṭal,,ṭal,ṭal,II,L,seṭ,guna,guna,vrddhi,regular,guna_for_basic,talmud_appendix1_via_whitney_talmud,authorial,root-uniq,
280,ṭīk,,ṭīk,ṭīk,III,I₂,seṭ,basic,basic,vrddhi,under-strong,,talmud_appendix1_via_whitney_talmud,authorial,root-uniq,
281,ṭup,,,,,,,,,,unclassifiable,,,,,no_authorial_binding
282,ḍam,,ḍam,ḍam,II,M,seṭ,guna,guna,vrddhi,regular,guna_for_basic,talmud_appendix1_via_whitney_talmud,authorial,root-uniq,
283,ḍamb,,ḍanb,ḍamb,II,N,seṭ,guna,guna,vrddhi,regular,guna_for_basic,talmud_appendix1_via_whitney_talmud,authorial,root-uniq,
284,ḍī,,ḍī,ḍī,I,I₂,seṭ,basic,guna,vrddhi,regular,,talmud_appendix1_via_whitney_talmud,authorial,root-uniq,
285,ḍval,,,,,,,,,,unclassifiable,,,,,no_authorial_binding
286,ḍhauk,,ḍhauk,ḍhauk,IV,U,seṭ,vrddhi,vrddhi,vrddhi,over-strong,,talmud_appendix1_via_whitney_talmud,authorial,root-uniq,
287,taṃs,,tn̥s,"taṃs, tas",I,N₁,veṭ,basic,guna,vrddhi,regular,,talmud_appendix1_via_whitney_talmud,authorial,root-uniq,
288,tak,,tak,tak,II,A₁,veṭ,guna,guna,vrddhi,regular,guna_for_basic,talmud_appendix1_via_whitney_talmud,authorial,root-uniq,
289,takṣ,,takṣ,takṣ,II,A₁,veṭ,guna,guna,vrddhi,regular,guna_for_basic,talmud_appendix1_via_whitney_talmud,authorial,root-uniq,
290,tañc,,tn̥c,"tañc, tac",I,N₁,veṭ,basic,guna,vrddhi,regular,,talmud_appendix1_via_whitney_talmud,authorial,root-uniq,
291,taṭ,,,,,,,,,,unclassifiable,,,,,no_authorial_binding
292,taḍ,,taḍ,taḍ,II,A₁,seṭ,guna,guna,vrddhi,regular,guna_for_basic,talmud_appendix1_via_whitney_talmud,authorial,root-uniq,
293,tan,1,tn̥,"1 tan, tā",I,N₁,veṭ,basic,guna,vrddhi,regular,,talmud_appendix1_via_whitney_talmud,authorial,ref+hom,
294,tan,2,,,,,,,,,unclassifiable,,,,,no_authorial_binding
295,tand,,tand,tand,II,N,seṭ,guna,guna,vrddhi,regular,guna_for_basic,talmud_appendix1_via_whitney_talmud,authorial,root-uniq,
296,tap,,tap,tap,II,A₁,veṭ,guna,guna,vrddhi,regular,guna_for_basic,talmud_appendix1_via_whitney_talmud,authorial,root-uniq,
297,tam,,tm̥̄,tam,I,M₂,seṭ,basic,guna,vrddhi,regular,,talmud_appendix1_via_whitney_talmud,authorial,root-uniq,
298,tark,,,,,,,,,,unclassifiable,,,,,no_authorial_binding
299,tarj,,tarj,tarj,II,R,seṭ,guna,guna,vrddhi,regular,guna_for_basic,talmud_appendix1_via_whitney_talmud,authorial,root-uniq,
300,tas,,tn̥s,"taṃs, tas",I,N₁,veṭ,basic,guna,vrddhi,regular,,talmud_appendix1_via_whitney_talmud,authorial,spelling-alt,
301,tā,,tn̥,"1 tan, tā",I,N₁,veṭ,basic,guna,vrddhi,regular,,talmud_appendix1_via_whitney_talmud,authorial,spelling-alt,
302,tāy,,tai,tāy,II,I,seṭ,guna,guna,vrddhi,regular,guna_for_basic,talmud_appendix1_via_whitney_talmud,authorial,root-uniq,
303,tāv,,,,,,,,,,unclassifiable,,,,,no_authorial_binding
304,ti,,,,,,,,,,unclassifiable,,,,,no_authorial_binding
305,tij,,tij,tij,I,I₁,aniṭ,basic,guna,vrddhi,regular,,talmud_appendix1_via_whitney_talmud,authorial,root-uniq,
306,tim,,tim,tim,I,I₁,seṭ,basic,guna,vrddhi,regular,,talmud_appendix1_via_whitney_talmud,authorial,root-uniq,
307,tir,,tṝ,"tṛ, tir, tur",I,R₂,veṭ,basic,guna,vrddhi,regular,,talmud_appendix1_via_whitney_talmud,authorial,spelling-alt,
308,til,,,,,,,,,,unclassifiable,,,,,no_authorial_binding
309,tu,,tu,tu,I,U₁,seṭ,basic,guna,vrddhi,regular,,talmud_appendix1_via_whitney_talmud,authorial,root-uniq,
310,tuc,,,,,,,,,,unclassifiable,,,,,no_authorial_binding
311,tuj,,tuj,tuj,I,U₁,veṭ,basic,guna,vrddhi,regular,,talmud_appendix1_via_whitney_talmud,authorial,root-uniq,
312,tud,,tud,tud,I,U₁,aniṭ,basic,guna,vrddhi,regular,,talmud_appendix1_via_whitney_talmud,authorial,root-uniq,
313,tur,,tṝ,"tṛ, tir, tur",I,R₂,veṭ,basic,guna,vrddhi,regular,,talmud_appendix1_via_whitney_talmud,authorial,spelling-alt,
314,turv,,,,,,,,,,unclassifiable,,,,,no_authorial_binding
315,tul,,tul,tul,I,U₁,seṭ,basic,guna,vrddhi,regular,,talmud_appendix1_via_whitney_talmud,authorial,root-uniq,
316,tuś,,tuś,tuś,I,U₁,seṭ,basic,guna,vrddhi,regular,,talmud_appendix1_via_whitney_talmud,authorial,root-uniq,
317,tuṣ,,tuṣ,tuṣ,I,U₁,aniṭ,basic,guna,vrddhi,regular,,talmud_appendix1_via_whitney_talmud,authorial,root-uniq,
318,tūrv,,,,,,,,,,unclassifiable,,,,,no_authorial_binding
319,tṛ,,tṝ,"tṛ, tir, tur",I,R₂,veṭ,basic,guna,vrddhi,regular,,talmud_appendix1_via_whitney_talmud,authorial,root-uniq,
320,tṛd,,tṛd,tṛd,I,R₁,veṭ,basic,guna,vrddhi,regular,,talmud_appendix1_via_whitney_talmud,authorial,root-uniq,
321,tṛp,,tṛp,tṛp,I,R₁,veṭ,basic,guna,vrddhi,regular,,talmud_appendix1_via_whitney_talmud,authorial,root-uniq,
322,tṛṣ,,tṛṣ,tṛṣ,I,R₁,veṭ,basic,guna,vrddhi,regular,,talmud_appendix1_via_whitney_talmud,authorial,root-uniq,
323,tṛh,,tṛh,tṛh,I,R₁,veṭ,basic,guna,vrddhi,regular,,talmud_appendix1_via_whitney_talmud,authorial,root-uniq,
324,tyaj,,tyaj,tyaj,II,A₁,veṭ,guna,guna,vrddhi,regular,guna_for_basic,talmud_appendix1_via_whitney_talmud,authorial,root-uniq,
325,trap,,trap,trap,II,A₁,veṭ,guna,guna,vrddhi,regular,guna_for_basic,talmud_appendix1_via_whitney_talmud,authorial,root-uniq,
326,tras,,tras,tras,II,A₁,veṭ,guna,guna,vrddhi,regular,guna_for_basic,talmud_appendix1_via_whitney_talmud,authorial,root-uniq,
327,trā,,trā,trā,II,A₂,aniṭ,guna,guna,vrddhi,regular,guna_for_basic,talmud_appendix1_via_whitney_talmud,authorial,root-uniq,
328,truṭ,,truṭ,truṭ,I,U₁,seṭ,basic,guna,vrddhi,regular,,talmud_appendix1_via_whitney_talmud,authorial,root-uniq,
329,tvakṣ,,tvakṣ,tvakṣ,II,A₁,veṭ,guna,guna,vrddhi,regular,guna_for_basic,talmud_appendix1_via_whitney_talmud,authorial,root-uniq,
330,tvaṅg,,tvang,tvaṅg,II,N,seṭ,guna,guna,vrddhi,regular,guna_for_basic,talmud_appendix1_via_whitney_talmud,authorial,root-uniq,
331,tvac,,,,,,,,,,unclassifiable,,,,,no_authorial_binding
332,tvar,,,,,,,,,,unclassifiable,,,,,no_authorial_binding
333,tviṣ,,tviṣ,tviṣ,I,I₁,veṭ,basic,guna,vrddhi,regular,,talmud_appendix1_via_whitney_talmud,authorial,root-uniq,
334,tsar,,tsar,tsar,II,R,seṭ,guna,guna,vrddhi,regular,guna_for_basic,talmud_appendix1_via_whitney_talmud,authorial,root-uniq,
335,daṃś,,dn̥ś,"daṃś, daś",I,N₁,aniṭ,basic,guna,vrddhi,regular,,talmud_appendix1_via_whitney_talmud,authorial,root-uniq,
336,daṃs,,,,,,,,,,unclassifiable,,,,,no_authorial_binding
337,dakṣ,,dakṣ,dakṣ,II,A₁,seṭ,guna,guna,vrddhi,regular,guna_for_basic,talmud_appendix1_via_whitney_talmud,authorial,root-uniq,
338,dagh,,dagh,dagh,II,A₁,seṭ,guna,guna,vrddhi,regular,guna_for_basic,talmud_appendix1_via_whitney_talmud,authorial,root-uniq,
339,dad,,dø̄,"1 dā, dad",I,A₂,aniṭ,basic,guna,vrddhi,regular,,talmud_appendix1_via_whitney_talmud,authorial,spelling-alt,
340,dadh,,dhø̄,"1 dhā, dadh",I,A₂,aniṭ,basic,guna,vrddhi,regular,,talmud_appendix1_via_whitney_talmud,authorial,spelling-alt,
341,dan,,,,,,,,,,unclassifiable,,,,,no_authorial_binding
342,dabh,,dn̥bh,"dabh, dambh",I,N₁,veṭ,basic,guna,vrddhi,regular,,talmud_appendix1_via_whitney_talmud,authorial,root-uniq,
343,dam,,dm̥̄,dam,I,M₂,seṭ,basic,guna,vrddhi,regular,,talmud_appendix1_via_whitney_talmud,authorial,root-uniq,
344,day,,de,day,II,I,seṭ,guna,guna,vrddhi,regular,guna_for_basic,talmud_appendix1_via_whitney_talmud,authorial,root-uniq,
345,daridrā,,,,,,,,,,unclassifiable,,,,,no_authorial_binding
346,dal,,dal,dal,II,L,seṭ,guna,guna,vrddhi,regular,guna_for_basic,talmud_appendix1_via_whitney_talmud,authorial,root-uniq,
347,das,,das,"das, dās",II,A₁,veṭ,guna,guna,vrddhi,regular,guna_for_basic,talmud_appendix1_via_whitney_talmud,authorial,root-uniq,
348,dah,,dah,dah,II,A₁,veṭ,guna,guna,vrddhi,regular,guna_for_basic,talmud_appendix1_via_whitney_talmud,authorial,root-uniq,
349,dā,1,dø̄,"1 dā, dad",I,A₂,aniṭ,basic,guna,vrddhi,regular,,talmud_appendix1_via_whitney_talmud,authorial,ref+hom,
350,dā,2,dø̄,2 dā,I,A₂,aniṭ,basic,guna,vrddhi,regular,,talmud_appendix1_via_whitney_talmud,authorial,ref+hom,
351,dā,3,dø̄,"3 dā, di",I,A₂,aniṭ,basic,guna,vrddhi,regular,,talmud_appendix1_via_whitney_talmud,authorial,ref+hom,
352,dā,4,dā,4 dā,II,A₂,aniṭ,guna,guna,vrddhi,regular,guna_for_basic,talmud_appendix1_via_whitney_talmud,authorial,ref+hom,
353,dāś,,dāś,dāś,II,A₂,seṭ,guna,guna,vrddhi,regular,guna_for_basic,talmud_appendix1_via_whitney_talmud,authorial,root-uniq,
354,dās,,das,"das, dās",II,A₁,veṭ,guna,guna,vrddhi,regular,guna_for_basic,talmud_appendix1_via_whitney_talmud,authorial,spelling-alt,
355,div,,,,,,,,,,unclassifiable,,,,,no_authorial_binding
356,diś,,diś,diś,I,I₁,aniṭ,basic,guna,vrddhi,regular,,talmud_appendix1_via_whitney_talmud,authorial,root-uniq,
357,dih,,dih,dih,I,I₁,aniṭ,basic,guna,vrddhi,regular,,talmud_appendix1_via_whitney_talmud,authorial,root-uniq,
358,dī,1,,,,,,,,,unclassifiable,,,,,no_authorial_binding
359,dī,2,dī,"2 dī, dīdī",I,I₂,,basic,guna,vrddhi,regular,,talmud_appendix1_via_whitney_talmud,authorial,ref+hom,
360,dīkṣ,,dīkṣ,dīkṣ,III,I₂,seṭ,basic,basic,vrddhi,under-strong,,talmud_appendix1_via_whitney_talmud,authorial,root-uniq,
361,dīdhī,,dhī,"dhī, dīdhī",I,I₂,veṭ,basic,guna,vrddhi,regular,,talmud_appendix1_via_whitney_talmud,authorial,spelling-alt,
362,dīp,,dīp,dīp,III,I₂,veṭ,basic,basic,vrddhi,under-strong,,talmud_appendix1_via_whitney_talmud,authorial,root-uniq,
363,dīv,1,dīv,1 dīv,I,I₂,seṭ,basic,guna,vrddhi,regular,,talmud_appendix1_via_whitney_talmud,authorial,ref+hom,
364,dīv,2,dīv,2 dīv (dev),I,I₂,seṭ,basic,guna,vrddhi,regular,,talmud_appendix1_via_whitney_talmud,authorial,ref+hom,
365,du,,dū,"du, dū",I,U₂,aniṭ,basic,guna,vrddhi,regular,,talmud_appendix1_via_whitney_talmud,authorial,root-uniq,
366,dudh,,dudh,dudh,I,U₁,seṭ,basic,guna,vrddhi,regular,,talmud_appendix1_via_whitney_talmud,authorial,root-uniq,
367,dul,,,,,,,,,,unclassifiable,,,,,no_authorial_binding
368,duṣ,,duṣ,duṣ,I,U₁,aniṭ,basic,guna,vrddhi,regular,,talmud_appendix1_via_whitney_talmud,authorial,root-uniq,
369,duh,,duh,duh,I,U₁,aniṭ,basic,guna,vrddhi,regular,,talmud_appendix1_via_whitney_talmud,authorial,root-uniq,
370,dū,,dū,"du, dū",I,U₂,aniṭ,basic,guna,vrddhi,regular,,talmud_appendix1_via_whitney_talmud,authorial,spelling-alt,
371,dṛ,1,dṛ,1 dṛ,I,R₁,veṭ,basic,guna,vrddhi,regular,,talmud_appendix1_via_whitney_talmud,authorial,ref+hom,
372,dṛ,2,dṛ,2 dṛ,I,R₁,veṭ,basic,guna,vrddhi,regular,,talmud_appendix1_via_whitney_talmud,authorial,ref+hom,
373,dṛp,,dṛp,dṛp,I,R₁,veṭ,basic,guna,vrddhi,regular,,talmud_appendix1_via_whitney_talmud,authorial,root-uniq,
374,dṛbh,,dṛbh,dṛbh,I,R₁,veṭ,basic,guna,vrddhi,regular,,talmud_appendix1_via_whitney_talmud,authorial,root-uniq,
375,dṛś,,dṛś,dṛś,I,R₁,aniṭ,basic,guna,vrddhi,regular,,talmud_appendix1_via_whitney_talmud,authorial,root-uniq,
376,dṛh,,dṛh,"dṛh, dṛṃh",I,R₁,veṭ,basic,guna,vrddhi,regular,,talmud_appendix1_via_whitney_talmud,authorial,root-uniq,
377,dev,,,,,,,,,,unclassifiable,,,,,no_authorial_binding
378,dyu,,,,,,,,,,unclassifiable,,,,,no_authorial_binding
379,dyut,,dyut,dyut,I,U₁,veṭ,basic,guna,vrddhi,regular,,talmud_appendix1_via_whitney_talmud,authorial,root-uniq,
380,dram,,dram,dram,II,M,seṭ,guna,guna,vrddhi,regular,guna_for_basic,talmud_appendix1_via_whitney_talmud,authorial,root-uniq,
381,drā,1,drā,1 drā,II,A₂,aniṭ,guna,guna,vrddhi,regular,guna_for_basic,talmud_appendix1_via_whitney_talmud,authorial,ref+hom,
382,drā,2,drā,2 drā,II,A₂,aniṭ,guna,guna,vrddhi,regular,guna_for_basic,talmud_appendix1_via_whitney_talmud,authorial,ref+hom,
383,drāḍ,,,,,,,,,,unclassifiable,,,,,no_authorial_binding
384,dru,,dru,dru,I,U₁,aniṭ,basic,guna,vrddhi,regular,,talmud_appendix1_via_whitney_talmud,authorial,root-uniq,
385,druh,,druh,druh,I,U₁,veṭ,basic,guna,vrddhi,regular,,talmud_appendix1_via_whitney_talmud,authorial,root-uniq,
386,drū,,drū,drū,I,U₂,seṭ,basic,guna,vrddhi,regular,,talmud_appendix1_via_whitney_talmud,authorial,root-uniq,
388,dviṣ,,dviṣ,dviṣ,I,I₁,aniṭ,basic,guna,vrddhi,regular,,talmud_appendix1_via_whitney_talmud,authorial,root-uniq,
389,dhan,,,,,,,,,,unclassifiable,,,,,no_authorial_binding
390,dhanv,,,,,,,,,,unclassifiable,,,,,no_authorial_binding
391,dham,,dhmā,"dham, dhmā",II,A₂,aniṭ,guna,guna,vrddhi,regular,guna_for_basic,talmud_appendix1_via_whitney_talmud,authorial,root-uniq,
392,dhav,,,,,,,,,,unclassifiable,,,,,no_authorial_binding
393,dhā,1,dhø̄,"1 dhā, dadh",I,A₂,aniṭ,basic,guna,vrddhi,regular,,talmud_appendix1_via_whitney_talmud,authorial,ref+hom,
394,dhā,2,dhø̄,2 dhā,I,A₂,aniṭ,basic,guna,vrddhi,regular,,talmud_appendix1_via_whitney_talmud,authorial,ref+hom,
395,dhāv,1,dhau,1 dhāv,IV,U,seṭ,vrddhi,vrddhi,vrddhi,over-strong,,talmud_appendix1_via_whitney_talmud,authorial,ref+hom,
396,dhāv,2,dhau,2 dhāv,IV,U,veṭ,vrddhi,vrddhi,vrddhi,over-strong,,talmud_appendix1_via_whitney_talmud,authorial,ref+hom,
397,dhi,,dhinv,"dhi, dhinv",III,I₁,seṭ,basic,basic,vrddhi,under-strong,,talmud_appendix1_via_whitney_talmud,authorial,root-uniq,
398,dhī,,dhī,"dhī, dīdhī",I,I₂,veṭ,basic,guna,vrddhi,regular,,talmud_appendix1_via_whitney_talmud,authorial,root-uniq,
399,dhukṣ,,dhukṣ,dhukṣ,III,U₁,seṭ,basic,basic,vrddhi,under-strong,,talmud_appendix1_via_whitney_talmud,authorial,root-uniq,
400,dhū,,dhū,"dhū, dhu",I,U₂,seṭ,basic,guna,vrddhi,regular,,talmud_appendix1_via_whitney_talmud,authorial,root-uniq,
401,dhūrv,,,,,,,,,,unclassifiable,,,,,no_authorial_binding
402,dhṛ,,dhṛ,dhṛ,I,R₁,veṭ,basic,guna,vrddhi,regular,,talmud_appendix1_via_whitney_talmud,authorial,root-uniq,
403,dhṛṣ,,dhṛṣ,dhṛṣ,I,R₁,veṭ,basic,guna,vrddhi,regular,,talmud_appendix1_via_whitney_talmud,authorial,root-uniq,
404,dhmā,,dhmā,"dham, dhmā",II,A₂,aniṭ,guna,guna,vrddhi,regular,guna_for_basic,talmud_appendix1_via_whitney_talmud,authorial,spelling-alt,
405,dhyā,,dhyā,dhyā,II,A₂,aniṭ,guna,guna,vrddhi,regular,guna_for_basic,talmud_appendix1_via_whitney_talmud,authorial,root-uniq,
406,dhraj,,dhraj,"dhraj, dhrāj",II,A₁,aniṭ,guna,guna,vrddhi,regular,guna_for_basic,talmud_appendix1_via_whitney_talmud,authorial,root-uniq,
407,dhvaṃs,,dhvn̥s,"dhvaṃs, dhvas",I,N₁,veṭ,basic,guna,vrddhi,regular,,talmud_appendix1_via_whitney_talmud,authorial,root-uniq,
408,dhvan,,dhvan,dhvan,II,N,seṭ,guna,guna,vrddhi,regular,guna_for_basic,talmud_appendix1_via_whitney_talmud,authorial,root-uniq,
409,dhvṛ,,dhuṛ,"dhvṛ, dhur, dhru",I,R₁,veṭ,basic,guna,vrddhi,regular,,talmud_appendix1_via_whitney_talmud,authorial,root-uniq,
410,naṃś,,nn̥ś,"2 naś, naṃś",I,N₁,aniṭ,basic,guna,vrddhi,regular,,talmud_appendix1_via_whitney_talmud,authorial,spelling-alt,
411,nakṣ,,,,,,,,,,unclassifiable,,,,,no_authorial_binding
412,naṭ,,,,,,,,,,unclassifiable,,,,,no_authorial_binding
413,nad,,nad,nad,II,A₁,seṭ,guna,guna,vrddhi,regular,guna_for_basic,talmud_appendix1_via_whitney_talmud,authorial,root-uniq,
414,nand,,nand,nand,II,N,seṭ,guna,guna,vrddhi,regular,guna_for_basic,talmud_appendix1_via_whitney_talmud,authorial,root-uniq,
415,nabh,,nabh,nabh,II,A₁,seṭ,guna,guna,vrddhi,regular,guna_for_basic,talmud_appendix1_via_whitney_talmud,authorial,root-uniq,
416,nam,,nm̥,nam,I,M₁,veṭ,basic,guna,vrddhi,regular,,talmud_appendix1_via_whitney_talmud,authorial,root-uniq,
417,nard,,nard,nard,II,R,seṭ,guna,guna,vrddhi,regular,guna_for_basic,talmud_appendix1_via_whitney_talmud,authorial,root-uniq,
418,naś,1,naś,1 naś,II,A₁,veṭ,guna,guna,vrddhi,regular,guna_for_basic,talmud_appendix1_via_whitney_talmud,authorial,ref+hom,
419,naś,2,nn̥ś,"2 naś, naṃś",I,N₁,aniṭ,basic,guna,vrddhi,regular,,talmud_appendix1_via_whitney_talmud,authorial,ref+hom,
420,nas,,nas,nas,II,A₁,seṭ,guna,guna,vrddhi,regular,guna_for_basic,talmud_appendix1_via_whitney_talmud,authorial,root-uniq,
421,nah,,nah,nah,II,A₁,aniṭ,guna,guna,vrddhi,regular,guna_for_basic,talmud_appendix1_via_whitney_talmud,authorial,root-uniq,
422,nāth,,nāth,"nāth, nādh",II,A₂,seṭ,guna,guna,vrddhi,regular,guna_for_basic,talmud_appendix1_via_whitney_talmud,authorial,root-uniq,
423,niṃs,,niṃs,niṃs,III,I₁,seṭ,basic,basic,vrddhi,under-strong,,talmud_appendix1_via_whitney_talmud,authorial,root-uniq,
424,nikṣ,,nikṣ,nikṣ,III,I₁,veṭ,basic,basic,vrddhi,under-strong,,talmud_appendix1_via_whitney_talmud,authorial,root-uniq,
425,nij,,nij,nij,I,I₁,aniṭ,basic,guna,vrddhi,regular,,talmud_appendix1_via_whitney_talmud,authorial,root-uniq,
426,nind,,nind,"nind, nid",III,I₁,seṭ,basic,basic,vrddhi,under-strong,,talmud_appendix1_via_whitney_talmud,authorial,root-uniq,
427,nī,,nī,nī,I,I₂,veṭ,basic,guna,vrddhi,regular,,talmud_appendix1_via_whitney_talmud,authorial,root-uniq,
428,nīḍ,,,,,,,,,,unclassifiable,,,,,no_authorial_binding
429,nu,1,nu,"1 nu, nū",I,U₁,seṭ,basic,guna,vrddhi,regular,,talmud_appendix1_via_whitney_talmud,authorial,ref+hom,
430,nu,2,nu,2 nu,I,U₁,seṭ,basic,guna,vrddhi,regular,,talmud_appendix1_via_whitney_talmud,authorial,ref+hom,
431,nud,,nud,nud,I,U₁,aniṭ,basic,guna,vrddhi,regular,,talmud_appendix1_via_whitney_talmud,authorial,root-uniq,
432,nṛ,,,,,,,,,,unclassifiable,,,,,no_authorial_binding
433,nṛt,,nṛt,nṛt,I,R₁,veṭ,basic,guna,vrddhi,regular,,talmud_appendix1_via_whitney_talmud,authorial,root-uniq,
434,ned,,ned,ned,II,I,seṭ,guna,guna,vrddhi,regular,guna_for_basic,talmud_appendix1_via_whitney_talmud,authorial,root-uniq,
435,pac,,pac,pac,II,A₁,aniṭ,guna,guna,vrddhi,regular,guna_for_basic,talmud_appendix1_via_whitney_talmud,authorial,root-uniq,
436,paj,,paj,paj,II,A₁,,guna,guna,vrddhi,regular,guna_for_basic,talmud_appendix1_via_whitney_talmud,authorial,root-uniq,
437,paṭ,,paṭ,paṭ,II,A₁,seṭ,guna,guna,vrddhi,regular,guna_for_basic,talmud_appendix1_via_whitney_talmud,authorial,root-uniq,
438,paṭh,,paṭh,paṭh,II,A₁,seṭ,guna,guna,vrddhi,regular,guna_for_basic,talmud_appendix1_via_whitney_talmud,authorial,root-uniq,
439,paṇ,,paṇ,paṇ,II,N,seṭ,guna,guna,vrddhi,regular,guna_for_basic,talmud_appendix1_via_whitney_talmud,authorial,root-uniq,
440,pat,1,pat,1 pat,II,A₁,seṭ,guna,guna,vrddhi,regular,guna_for_basic,talmud_appendix1_via_whitney_talmud,authorial,ref+hom,
441,pat,2,,,,,,,,,unclassifiable,,,,,no_authorial_binding
442,path,,path,path,II,A₁,seṭ,guna,guna,vrddhi,regular,guna_for_basic,talmud_appendix1_via_whitney_talmud,authorial,root-uniq,
443,pad,,pad,pad,II,A₁,aniṭ,guna,guna,vrddhi,regular,guna_for_basic,talmud_appendix1_via_whitney_talmud,authorial,root-uniq,
444,pan,,pn̥,pan,I,N₁,seṭ,basic,guna,vrddhi,regular,,talmud_appendix1_via_whitney_talmud,authorial,root-uniq,
445,pard,,pard,pard,II,R,seṭ,guna,guna,vrddhi,regular,guna_for_basic,talmud_appendix1_via_whitney_talmud,authorial,root-uniq,
446,paś,1,spaś,"1 paś, spaś",II,A₁,veṭ,guna,guna,vrddhi,regular,guna_for_basic,talmud_appendix1_via_whitney_talmud,authorial,ref+hom,
447,paś,2,,,,,,,,,unclassifiable,,,,,no_authorial_binding
448,pā,1,pø̄,1 pā,I,A₂,aniṭ,basic,guna,vrddhi,regular,,talmud_appendix1_via_whitney_talmud,authorial,ref+hom,
449,pā,2,pā,2 pā,II,A₂,aniṭ,guna,guna,vrddhi,regular,guna_for_basic,talmud_appendix1_via_whitney_talmud,authorial,ref+hom,
450,pā,3,,,,,,,,,unclassifiable,,,,,no_authorial_binding
451,pāy,,pai,pāy,IV,I,seṭ,vrddhi,vrddhi,vrddhi,over-strong,,talmud_appendix1_via_whitney_talmud,authorial,root-uniq,
452,pi,,,,,,,,,,unclassifiable,,,,,no_authorial_binding
453,pinv,,pinv,pinv,III,I₁,seṭ,basic,basic,vrddhi,under-strong,,talmud_appendix1_via_whitney_talmud,authorial,root-uniq,
454,pibd,,pibd,pibd,III,I₁,seṭ,basic,basic,vrddhi,under-strong,,talmud_appendix1_via_whitney_talmud,authorial,root-uniq,
455,piś,,piś,piś,I,I₁,veṭ,basic,guna,vrddhi,regular,,talmud_appendix1_via_whitney_talmud,authorial,root-uniq,
456,piṣ,,piṣ,piṣ,I,I₁,aniṭ,basic,guna,vrddhi,regular,,talmud_appendix1_via_whitney_talmud,authorial,root-uniq,
457,pis,,pis,pis,I,I₁,aniṭ,basic,guna,vrddhi,regular,,talmud_appendix1_via_whitney_talmud,authorial,root-uniq,
458,pī,1,,,,,,,,,unclassifiable,,,,,no_authorial_binding
459,pī,2,,,,,,,,,unclassifiable,,,,,no_authorial_binding
460,pīḍ,,pīḍ,pīḍ,III,I₂,seṭ,basic,basic,vrddhi,under-strong,,talmud_appendix1_via_whitney_talmud,authorial,root-uniq,
461,pīy,,pīy,pīy,III,I₂,seṭ,basic,basic,vrddhi,under-strong,,talmud_appendix1_via_whitney_talmud,authorial,root-uniq,
462,puṭ,,puṭ,puṭ,I,U₁,seṭ,basic,guna,vrddhi,regular,,talmud_appendix1_via_whitney_talmud,authorial,root-uniq,
463,puth,,puth,puth,I,U₁,seṭ,basic,guna,vrddhi,regular,,talmud_appendix1_via_whitney_talmud,authorial,root-uniq,
464,puṣ,,puṣ,puṣ,I,U₁,veṭ,basic,guna,vrddhi,regular,,talmud_appendix1_via_whitney_talmud,authorial,root-uniq,
465,pū,,pū,pū,I,U₂,seṭ,basic,guna,vrddhi,regular,,talmud_appendix1_via_whitney_talmud,authorial,root-uniq,
466,pūj,,pūj,pūj,III,U₂,seṭ,basic,basic,vrddhi,under-strong,,talmud_appendix1_via_whitney_talmud,authorial,root-uniq,
467,pūy,,pūy,pūy,III,U₂,seṭ,basic,basic,vrddhi,under-strong,,talmud_appendix1_via_whitney_talmud,authorial,root-uniq,
468,pūr,,pṝ,"1 pṛ, pṛṇ, pūr",I,R₂,seṭ,basic,guna,vrddhi,regular,,talmud_appendix1_via_whitney_talmud,authorial,spelling-alt,
469,pṛ,1,pṝ,"1 pṛ, pṛṇ, pūr",I,R₂,seṭ,basic,guna,vrddhi,regular,,talmud_appendix1_via_whitney_talmud,authorial,ref+hom,
470,pṛ,2,pṛ,2 pṛ,I,R₁,aniṭ,basic,guna,vrddhi,regular,,talmud_appendix1_via_whitney_talmud,authorial,ref+hom,
471,pṛ,3,pṛ,3 pṛ,I,R₁,veṭ,basic,guna,vrddhi,regular,,talmud_appendix1_via_whitney_talmud,authorial,ref+hom,
472,pṛc,,pṛc,pṛc,I,R₁,veṭ,basic,guna,vrddhi,regular,,talmud_appendix1_via_whitney_talmud,authorial,root-uniq,
473,pṛṇ,,pṝ,"1 pṛ, pṛṇ, pūr",I,R₂,seṭ,basic,guna,vrddhi,regular,,talmud_appendix1_via_whitney_talmud,authorial,spelling-alt,
474,pṛt,,,,,,,,,,unclassifiable,,,,,no_authorial_binding
475,pṛś,,,,,,,,,,unclassifiable,,,,,no_authorial_binding
476,pyā,,pyā,pyā,II,A₂,aniṭ,guna,guna,vrddhi,regular,guna_for_basic,talmud_appendix1_via_whitney_talmud,authorial,root-uniq,
477,prach,,pṛøch,prach,I,A₁,aniṭ,basic,guna,vrddhi,regular,,talmud_appendix1_via_whitney_talmud,authorial,root-uniq,
478,prath,,prath,prath,II,A₁,seṭ,guna,guna,vrddhi,regular,guna_for_basic,talmud_appendix1_via_whitney_talmud,authorial,root-uniq,
479,prā,,prā,prā,II,A₂,aniṭ,guna,guna,vrddhi,regular,guna_for_basic,talmud_appendix1_via_whitney_talmud,authorial,root-uniq,
480,prī,,prī,prī,I,I₂,aniṭ,basic,guna,vrddhi,regular,,talmud_appendix1_via_whitney_talmud,authorial,root-uniq,
481,pru,,pru,pru,I,U₁,aniṭ,basic,guna,vrddhi,regular,,talmud_appendix1_via_whitney_talmud,authorial,root-uniq,
482,pruth,,pruth,pruth,I,U₁,seṭ,basic,guna,vrddhi,regular,,talmud_appendix1_via_whitney_talmud,authorial,root-uniq,
483,pruṣ,,pruṣ,pruṣ,I,U₁,veṭ,basic,guna,vrddhi,regular,,talmud_appendix1_via_whitney_talmud,authorial,root-uniq,
484,plī,,,,,,,,,,unclassifiable,,,,,no_authorial_binding
485,plu,,plu,plu,I,U₁,aniṭ,basic,guna,vrddhi,regular,,talmud_appendix1_via_whitney_talmud,authorial,root-uniq,
486,pluṣ,,pluṣ,pluṣ,I,U₁,veṭ,basic,guna,vrddhi,regular,,talmud_appendix1_via_whitney_talmud,authorial,root-uniq,
487,psā,,psø̄,psā,I,A₂,aniṭ,basic,guna,vrddhi,regular,,talmud_appendix1_via_whitney_talmud,authorial,root-uniq,
488,phakk,,phakk,phakk,II,A₁,seṭ,guna,guna,vrddhi,regular,guna_for_basic,talmud_appendix1_via_whitney_talmud,authorial,root-uniq,
489,phaṇ,,phaṇ,phaṇ,II,N,seṭ,guna,guna,vrddhi,regular,guna_for_basic,talmud_appendix1_via_whitney_talmud,authorial,root-uniq,
490,phar,,phar,phar,II,R,veṭ,guna,guna,vrddhi,regular,guna_for_basic,talmud_appendix1_via_whitney_talmud,authorial,root-uniq,
491,phal,1,phal,1 phal,II,L,seṭ,guna,guna,vrddhi,regular,guna_for_basic,talmud_appendix1_via_whitney_talmud,authorial,ref+hom,
492,phal,2,phal,2 phal,II,L,seṭ,guna,guna,vrddhi,regular,guna_for_basic,talmud_appendix1_via_whitney_talmud,authorial,ref+hom,
493,baṃh,,bn̥h,baṃh,I,N₁,veṭ,basic,guna,vrddhi,regular,,talmud_appendix1_via_whitney_talmud,authorial,root-uniq,
494,bandh,,bn̥dh,bandh,I,N₁,veṭ,basic,guna,vrddhi,regular,,talmud_appendix1_via_whitney_talmud,authorial,root-uniq,
495,bal,,bal,bal,II,L,seṭ,guna,guna,vrddhi,regular,guna_for_basic,talmud_appendix1_via_whitney_talmud,authorial,root-uniq,
496,bādh,,bādh,bādh,II,A₂,seṭ,guna,guna,vrddhi,regular,guna_for_basic,talmud_appendix1_via_whitney_talmud,authorial,root-uniq,
497,budh,,budh,budh,I,U₁,aniṭ,basic,guna,vrddhi,regular,,talmud_appendix1_via_whitney_talmud,authorial,root-uniq,
498,bul,,bul,bul,I,U₁,seṭ,basic,guna,vrddhi,regular,,talmud_appendix1_via_whitney_talmud,authorial,root-uniq,
499,bṛṃh,,vṛṃh,"vṛṃh, bṛṃh",III,R₁,seṭ,basic,basic,vrddhi,under-strong,,talmud_appendix1_via_whitney_talmud,authorial,spelling-alt,
500,bṛh,1,bṛh,1 bṛh,I,R₁,veṭ,basic,guna,vrddhi,regular,,talmud_appendix1_via_whitney_talmud,authorial,ref+hom,
501,bṛh,2,vṛh,"vṛh, bṛh",I,R₁,veṭ,basic,guna,vrddhi,regular,,talmud_appendix1_via_whitney_talmud,authorial,spelling-alt,
502,brū,,brū,brū,I,U₂,,basic,guna,vrddhi,regular,,talmud_appendix1_via_whitney_talmud,authorial,root-uniq,
503,blī,,vlī,"vlī, blī",I,I₂,aniṭ,basic,guna,vrddhi,regular,,talmud_appendix1_via_whitney_talmud,authorial,spelling-alt,
504,bhakṣ,,bhakṣ,bhakṣ,II,A₁,seṭ,guna,guna,vrddhi,regular,guna_for_basic,talmud_appendix1_via_whitney_talmud,authorial,root-uniq,
505,bhaj,,bhaj,bhaj,II,A₁,veṭ,guna,guna,vrddhi,regular,guna_for_basic,talmud_appendix1_via_whitney_talmud,authorial,root-uniq,
506,bhañj,,bhn̥j,bhañj,I,N₁,aniṭ,basic,guna,vrddhi,regular,,talmud_appendix1_via_whitney_talmud,authorial,root-uniq,
507,bhaṭ,,,,,,,,,,unclassifiable,,,,,no_authorial_binding
508,bhaṇ,,bhaṇ,bhaṇ,II,N,seṭ,guna,guna,vrddhi,regular,guna_for_basic,talmud_appendix1_via_whitney_talmud,authorial,root-uniq,
509,bhan,,,,,,,,,,unclassifiable,,,,,no_authorial_binding
510,bhand,,bhn̥d,bhand,I,N₁,aniṭ,basic,guna,vrddhi,regular,,talmud_appendix1_via_whitney_talmud,authorial,root-uniq,
511,bharts,,bharts,bharts,II,R,seṭ,guna,guna,vrddhi,regular,guna_for_basic,talmud_appendix1_via_whitney_talmud,authorial,root-uniq,
512,bharv,,bharv,bharv,II,R,seṭ,guna,guna,vrddhi,regular,guna_for_basic,talmud_appendix1_via_whitney_talmud,authorial,root-uniq,
513,bhal,,bhal,bhal,II,A₁,seṭ,guna,guna,vrddhi,regular,guna_for_basic,talmud_appendix1_via_whitney_talmud,authorial,root-uniq,
514,bhaṣ,,bhaṣ,bhaṣ,II,A₁,seṭ,guna,guna,vrddhi,regular,guna_for_basic,talmud_appendix1_via_whitney_talmud,authorial,root-uniq,
515,bhas,,bhas,bhas,II,A₁,seṭ,guna,guna,vrddhi,regular,guna_for_basic,talmud_appendix1_via_whitney_talmud,authorial,root-uniq,
516,bhā,,bhā,bhā,II,A₂,aniṭ,guna,guna,vrddhi,regular,guna_for_basic,talmud_appendix1_via_whitney_talmud,authorial,root-uniq,
517,bhām,,bhām,bhām,IV,M,seṭ,vrddhi,vrddhi,vrddhi,over-strong,,talmud_appendix1_via_whitney_talmud,authorial,root-uniq,
518,bhāṣ,,bhāṣ,bhāṣ,II,A₂,veṭ,guna,guna,vrddhi,regular,guna_for_basic,talmud_appendix1_via_whitney_talmud,authorial,root-uniq,
519,bhās,,bhās,bhās,II,A₂,seṭ,guna,guna,vrddhi,regular,guna_for_basic,talmud_appendix1_via_whitney_talmud,authorial,root-uniq,
520,bhikṣ,,bhikṣ,bhikṣ,III,I₁,seṭ,basic,basic,vrddhi,under-strong,,talmud_appendix1_via_whitney_talmud,authorial,root-uniq,
521,bhid,,bhid,bhid,I,I₁,aniṭ,basic,guna,vrddhi,regular,,talmud_appendix1_via_whitney_talmud,authorial,root-uniq,
522,bhiṣaj,,,,,,,,,,unclassifiable,,,,,no_authorial_binding
523,bhī,,bhī,"bhī, bhīṣ",I,I₂,aniṭ,basic,guna,vrddhi,regular,,talmud_appendix1_via_whitney_talmud,authorial,root-uniq,
524,bhuj,1,bhuj,1 bhuj,I,U₁,aniṭ,basic,guna,vrddhi,regular,,talmud_appendix1_via_whitney_talmud,authorial,ref+hom,
525,bhuj,2,bhuj,2 bhuj,I,U₁,aniṭ,basic,guna,vrddhi,regular,,talmud_appendix1_via_whitney_talmud,authorial,ref+hom,
526,bhur,,bhur,bhur,III,U₁,seṭ,basic,basic,vrddhi,under-strong,,talmud_appendix1_via_whitney_talmud,authorial,root-uniq,
527,bhuraj,,,,,,,,,,unclassifiable,,,,,no_authorial_binding
528,bhū,,bhū,bhū,I,U₂,seṭ,basic,guna,vrddhi,regular,,talmud_appendix1_via_whitney_talmud,authorial,root-uniq,
529,bhūṣ,,bhūṣ,bhūṣ,III,U₂,seṭ,basic,basic,vrddhi,under-strong,,talmud_appendix1_via_whitney_talmud,authorial,root-uniq,
530,bhṛ,,bhṛ,bhṛ,I,R₁,veṭ,basic,guna,vrddhi,regular,,talmud_appendix1_via_whitney_talmud,authorial,root-uniq,
531,bhṛjj,,bhṛjj,bhṛjj,I,R₁,veṭ,basic,guna,vrddhi,regular,,talmud_appendix1_via_whitney_talmud,authorial,root-uniq,
532,bhyas,,bhyas,bhyas,II,A₁,veṭ,guna,guna,vrddhi,regular,guna_for_basic,talmud_appendix1_via_whitney_talmud,authorial,root-uniq,
533,bhraṃś,,bhrn̥ś,"bhraṃś, bhraś",I,N₁,veṭ,basic,guna,vrddhi,regular,,talmud_appendix1_via_whitney_talmud,authorial,root-uniq,
534,bhram,,bhrm̥̄,bhram,I,M₂,seṭ,basic,guna,vrddhi,regular,,talmud_appendix1_via_whitney_talmud,authorial,root-uniq,
535,bhrāj,,bhrāj,bhrāj,II,A₂,veṭ,guna,guna,vrddhi,regular,guna_for_basic,talmud_appendix1_via_whitney_talmud,authorial,root-uniq,
536,bhrī,,bhrī,bhrī,I,I₂,aniṭ,basic,guna,vrddhi,regular,,talmud_appendix1_via_whitney_talmud,authorial,root-uniq,
537,bhreṣ,,bhreṣ,bhreṣ,II,I,seṭ,guna,guna,vrddhi,regular,guna_for_basic,talmud_appendix1_via_whitney_talmud,authorial,root-uniq,
538,maṃh,,mn̥h,"maṃh, mah",I,N₁,seṭ,basic,guna,vrddhi,regular,,talmud_appendix1_via_whitney_talmud,authorial,root-uniq,
539,majj,,majj,majj,II,A₁,seṭ,guna,guna,vrddhi,regular,guna_for_basic,talmud_appendix1_via_whitney_talmud,authorial,root-uniq,
540,mañc,,manc,mañc,II,N,seṭ,guna,guna,vrddhi,regular,guna_for_basic,talmud_appendix1_via_whitney_talmud,authorial,root-uniq,
541,maṇ,,,,,,,,,,unclassifiable,,,,,no_authorial_binding
542,maṇṭ,,,,,,,,,,unclassifiable,,,,,no_authorial_binding
543,maṇḍ,,,,,,,,,,unclassifiable,,,,,no_authorial_binding
544,math,,mn̥th,"math, manth",I,N₁,seṭ,basic,guna,vrddhi,regular,,talmud_appendix1_via_whitney_talmud,authorial,root-uniq,
545,mad,,mad,"mad, mand",II,A₁,seṭ,guna,guna,vrddhi,regular,guna_for_basic,talmud_appendix1_via_whitney_talmud,authorial,root-uniq,
546,man,,mn̥,man,I,N₁,veṭ,basic,guna,vrddhi,regular,,talmud_appendix1_via_whitney_talmud,authorial,root-uniq,
547,mah,,mn̥h,"maṃh, mah",I,N₁,seṭ,basic,guna,vrddhi,regular,,talmud_appendix1_via_whitney_talmud,authorial,spelling-alt,
548,mā,1,mø̄,1 mā,I,A₂,aniṭ,basic,guna,vrddhi,regular,,talmud_appendix1_via_whitney_talmud,authorial,ref+hom,
549,mā,2,mø̄,2 mā,I,A₂,aniṭ,basic,guna,vrddhi,regular,,talmud_appendix1_via_whitney_talmud,authorial,ref+hom,
550,mā,3,mi,3 mā,I,I₁,aniṭ,basic,guna,vrddhi,regular,,talmud_appendix1_via_whitney_talmud,authorial,ref+hom,
551,mārg,,mārg,mārg,IV,R,seṭ,vrddhi,vrddhi,vrddhi,over-strong,,talmud_appendix1_via_whitney_talmud,authorial,root-uniq,
553,mi,2,mi,1 mi,I,I₁,aniṭ,basic,guna,vrddhi,regular,,talmud_appendix1_via_whitney_talmud,authorial,root-uniq,
554,mikṣ,,mikṣ,mikṣ (miś),I,I₁,seṭ,basic,guna,vrddhi,regular,,talmud_appendix1_via_whitney_talmud,authorial,root-uniq,
555,migh,,,,,,,,,,unclassifiable,,,,,no_authorial_binding
556,mith,,mith,mith,I,I₁,seṭ,basic,guna,vrddhi,regular,,talmud_appendix1_via_whitney_talmud,authorial,root-uniq,
557,mid,,mid,med (mid),I,I₁,seṭ,basic,guna,vrddhi,regular,,talmud_appendix1_via_whitney_talmud,authorial,manualroot,
558,mil,,mil,mil,I,I₁,seṭ,basic,guna,vrddhi,regular,,talmud_appendix1_via_whitney_talmud,authorial,root-uniq,
559,miṣ,,miṣ,miṣ,I,I₁,seṭ,basic,guna,vrddhi,regular,,talmud_appendix1_via_whitney_talmud,authorial,root-uniq,
560,mih,,mih,mih,I,I₁,aniṭ,basic,guna,vrddhi,regular,,talmud_appendix1_via_whitney_talmud,authorial,root-uniq,
561,mī,,mø̄,"mī, mi",I,I₁,aniṭ,basic,guna,vrddhi,regular,,talmud_appendix1_via_whitney_talmud,authorial,root-uniq,
562,mīl,,mīl,mīl,III,I₂,seṭ,basic,basic,vrddhi,under-strong,,talmud_appendix1_via_whitney_talmud,authorial,root-uniq,
563,mīv,,mīv,"mīv, mū",III,I₂,seṭ,basic,basic,vrddhi,under-strong,,talmud_appendix1_via_whitney_talmud,authorial,root-uniq,
564,muc,,muc,muc,I,U₁,aniṭ,basic,guna,vrddhi,regular,,talmud_appendix1_via_whitney_talmud,authorial,root-uniq,
565,muṭ,,muṭ,muṭ,I,U₁,seṭ,basic,guna,vrddhi,regular,,talmud_appendix1_via_whitney_talmud,authorial,root-uniq,
566,mud,,mud,mud,I,U₁,seṭ,basic,guna,vrddhi,regular,,talmud_appendix1_via_whitney_talmud,authorial,root-uniq,
567,muṣ,,muṣ,muṣ,I,U₁,veṭ,basic,guna,vrddhi,regular,,talmud_appendix1_via_whitney_talmud,authorial,root-uniq,
568,muh,,muh,muh,I,U₁,veṭ,basic,guna,vrddhi,regular,,talmud_appendix1_via_whitney_talmud,authorial,root-uniq,
569,mū,,mīv,"mīv, mū",III,I₂,seṭ,basic,basic,vrddhi,under-strong,,talmud_appendix1_via_whitney_talmud,authorial,spelling-alt,
570,mūrch,,mūrch,"mūrch, mūr",III,U₂,seṭ,basic,basic,vrddhi,under-strong,,talmud_appendix1_via_whitney_talmud,authorial,root-uniq,
571,mṛ,1,mṛ,1 mṛ,I,R₁,veṭ,basic,guna,vrddhi,regular,,talmud_appendix1_via_whitney_talmud,authorial,ref+hom,
572,mṛ,2,mṝ,"2 mṛ, mṛṇ",I,R₂,veṭ,basic,guna,vrddhi,regular,,talmud_appendix1_via_whitney_talmud,authorial,ref+hom,
573,mṛkṣ,,mṛøkṣ,mṛkṣ,II,A₁,veṭ,guna,guna,vrddhi,regular,guna_for_basic,talmud_appendix1_via_whitney_talmud,authorial,root-uniq,
574,mṛc,,mṛc,mṛc,I,R₁,aniṭ,basic,guna,vrddhi,regular,,talmud_appendix1_via_whitney_talmud,authorial,root-uniq,
575,mṛch,,,,,,,,,,unclassifiable,,,,,no_authorial_binding
576,mṛj,,mṛj,mṛj,I,R₁,veṭ,basic,guna,vrddhi,regular,,talmud_appendix1_via_whitney_talmud,authorial,root-uniq,
577,mṛḍ,,,,,,,,,,unclassifiable,,,,,no_authorial_binding
578,mṛṇ,,mṝ,"2 mṛ, mṛṇ",I,R₂,veṭ,basic,guna,vrddhi,regular,,talmud_appendix1_via_whitney_talmud,authorial,spelling-alt,
579,mṛd,,mṛḍ,mṛd,I,R₁,seṭ,basic,guna,vrddhi,regular,,talmud_appendix1_via_whitney_talmud,authorial,root-uniq,
580,mṛdh,,mṛdh,mṛdh,I,R₁,aniṭ,basic,guna,vrddhi,regular,,talmud_appendix1_via_whitney_talmud,authorial,root-uniq,
581,mṛś,,mṛś,mṛś,I,R₁,aniṭ,basic,guna,vrddhi,regular,,talmud_appendix1_via_whitney_talmud,authorial,root-uniq,
582,mṛṣ,,mṛṣ,mṛṣ,I,R₁,seṭ,basic,guna,vrddhi,regular,,talmud_appendix1_via_whitney_talmud,authorial,root-uniq,
584,mokṣ,,,,,,,,,,unclassifiable,,,,,no_authorial_binding
585,mnā,,mnā,mnā,II,A₂,aniṭ,guna,guna,vrddhi,regular,guna_for_basic,talmud_appendix1_via_whitney_talmud,authorial,root-uniq,
586,myakṣ,,miøkṣ,myakṣ,II,A₁,aniṭ,guna,guna,vrddhi,regular,guna_for_basic,talmud_appendix1_via_whitney_talmud,authorial,root-uniq,
587,mrad,,mṛd,"mṛd, mrad",I,R₁,seṭ,basic,guna,vrddhi,regular,,talmud_appendix1_via_whitney_talmud,authorial,spelling-alt,
588,mrit,,mrit,"mrit, mlit",I,I₁,seṭ,basic,guna,vrddhi,regular,,talmud_appendix1_via_whitney_talmud,authorial,root-uniq,
589,mruc,,mluc,"mruc, mluc, mlup",I,U₁,veṭ,basic,guna,vrddhi,regular,,talmud_appendix1_via_whitney_talmud,authorial,root-uniq,
590,mreḍ,,mreḍ,mreḍ,II,I,seṭ,guna,guna,vrddhi,regular,guna_for_basic,talmud_appendix1_via_whitney_talmud,authorial,root-uniq,
591,mlā,,mlā,mlā,II,A₂,aniṭ,guna,guna,vrddhi,regular,guna_for_basic,talmud_appendix1_via_whitney_talmud,authorial,root-uniq,
592,mluc,,mluc,"mruc, mluc, mlup",I,U₁,veṭ,basic,guna,vrddhi,regular,,talmud_appendix1_via_whitney_talmud,authorial,spelling-alt,
593,mlup,,mluc,"mruc, mluc, mlup",I,U₁,veṭ,basic,guna,vrddhi,regular,,talmud_appendix1_via_whitney_talmud,authorial,spelling-alt,
594,mlech,,,,,,,,,,unclassifiable,,,,,no_authorial_binding
595,yakṣ,,yakṣ,yakṣ,II,A₁,aniṭ,guna,guna,vrddhi,regular,guna_for_basic,talmud_appendix1_via_whitney_talmud,authorial,root-uniq,
596,yach,,ym̥,"yam, yach",I,M₁,veṭ,basic,guna,vrddhi,regular,,talmud_appendix1_via_whitney_talmud,authorial,spelling-alt,
597,yaj,,iøj,yaj,I,A₁,aniṭ,basic,guna,vrddhi,regular,,talmud_appendix1_via_whitney_talmud,authorial,root-uniq,
598,yat,,yat,yat,II,A₁,veṭ,guna,guna,vrddhi,regular,guna_for_basic,talmud_appendix1_via_whitney_talmud,authorial,root-uniq,
599,yabh,,yabh,yabh,II,A₁,veṭ,guna,guna,vrddhi,regular,guna_for_basic,talmud_appendix1_via_whitney_talmud,authorial,root-uniq,
600,yam,,ym̥,"yam, yach",I,M₁,veṭ,basic,guna,vrddhi,regular,,talmud_appendix1_via_whitney_talmud,authorial,root-uniq,
601,yas,,yas,"yas, yeṣ",II,A₁,veṭ,guna,guna,vrddhi,regular,guna_for_basic,talmud_appendix1_via_whitney_talmud,authorial,root-uniq,
602,yah,,,,,,,,,,unclassifiable,,,,,no_authorial_binding
603,yā,,yā,yā,II,A₂,aniṭ,guna,guna,vrddhi,regular,guna_for_basic,talmud_appendix1_via_whitney_talmud,authorial,root-uniq,
604,yāc,,yāc,yāc,II,A₂,seṭ,guna,guna,vrddhi,regular,guna_for_basic,talmud_appendix1_via_whitney_talmud,authorial,root-uniq,
605,yād,,yād,yād,II,A₂,seṭ,guna,guna,vrddhi,regular,guna_for_basic,talmud_appendix1_via_whitney_talmud,authorial,root-uniq,
606,yu,1,yu,1 yu,I,U₁,seṭ,basic,guna,vrddhi,regular,,talmud_appendix1_via_whitney_talmud,authorial,ref+hom,
607,yu,2,yu,"2 yu, yuch",I,U₁,aniṭ,basic,guna,vrddhi,regular,,talmud_appendix1_via_whitney_talmud,authorial,ref+hom,
608,yuj,,yuj,yuj,I,U₁,aniṭ,basic,guna,vrddhi,regular,,talmud_appendix1_via_whitney_talmud,authorial,root-uniq,
609,yudh,,yudh,yudh,I,U₁,aniṭ,basic,guna,vrddhi,regular,,talmud_appendix1_via_whitney_talmud,authorial,root-uniq,
610,yup,,yup,yup,I,U₁,seṭ,basic,guna,vrddhi,regular,,talmud_appendix1_via_whitney_talmud,authorial,root-uniq,
611,yeṣ,,yas,"yas, yeṣ",II,A₁,veṭ,guna,guna,vrddhi,regular,guna_for_basic,talmud_appendix1_via_whitney_talmud,authorial,spelling-alt,
612,raṃh,,ranh,raṃh,II,N,seṭ,guna,guna,vrddhi,regular,guna_for_basic,talmud_appendix1_via_whitney_talmud,authorial,root-uniq,
613,rakṣ,,rakṣ,rakṣ,II,A₁,veṭ,guna,guna,vrddhi,regular,guna_for_basic,talmud_appendix1_via_whitney_talmud,authorial,root-uniq,
614,raṅg,,rang,raṅg,II,N,seṭ,guna,guna,vrddhi,regular,guna_for_basic,talmud_appendix1_via_whitney_talmud,authorial,root-uniq,
615,rac,,rac,rac,II,A₁,seṭ,guna,guna,vrddhi,regular,guna_for_basic,talmud_appendix1_via_whitney_talmud,authorial,root-uniq,
616,raj,1,,,,,,,,,unclassifiable,,,,,no_authorial_binding
617,raj,2,rn̥j,"2 raj, rañj",I,N₁,aniṭ,basic,guna,vrddhi,regular,,talmud_appendix1_via_whitney_talmud,authorial,ref+hom,
618,rañch,,,,,,,,,,unclassifiable,,,,,no_authorial_binding
619,raṭ,,raṭ,raṭ,II,A₁,seṭ,guna,guna,vrddhi,regular,guna_for_basic,talmud_appendix1_via_whitney_talmud,authorial,root-uniq,
620,raṇv,,,,,,,,,,unclassifiable,,,,,no_authorial_binding
621,rad,,rad,rad,II,A₁,seṭ,guna,guna,vrddhi,regular,guna_for_basic,talmud_appendix1_via_whitney_talmud,authorial,root-uniq,
622,radh,,radh,"radh, randh",II,A₁,veṭ,guna,guna,vrddhi,regular,guna_for_basic,talmud_appendix1_via_whitney_talmud,authorial,root-uniq,
623,ran,1,ran,1 ran,II,N,seṭ,guna,guna,vrddhi,regular,guna_for_basic,talmud_appendix1_via_whitney_talmud,authorial,ref+hom,
624,ran,2,ran,2 ran,II,N,seṭ,guna,guna,vrddhi,regular,guna_for_basic,talmud_appendix1_via_whitney_talmud,authorial,ref+hom,
625,rap,,,,,,,,,,unclassifiable,,,,,no_authorial_binding
626,rapś,,rapś,rapś,II,A₁,seṭ,guna,guna,vrddhi,regular,guna_for_basic,talmud_appendix1_via_whitney_talmud,authorial,root-uniq,
627,raph,,,,,,,,,,unclassifiable,,,,,no_authorial_binding
628,rabh,,rn̥bh,"rabh, rambh",I,N₁,aniṭ,basic,guna,vrddhi,regular,,talmud_appendix1_via_whitney_talmud,authorial,root-uniq,
629,ram,,rm̥,ram,I,M₁,aniṭ,basic,guna,vrddhi,regular,,talmud_appendix1_via_whitney_talmud,authorial,root-uniq,
630,ramb,,ranb,ramb,II,N,seṭ,guna,guna,vrddhi,regular,guna_for_basic,talmud_appendix1_via_whitney_talmud,authorial,root-uniq,
631,rambh,,ranbh,rambh,II,N,seṭ,guna,guna,vrddhi,regular,guna_for_basic,talmud_appendix1_via_whitney_talmud,authorial,root-uniq,
632,raś,,,,,,,,,,unclassifiable,,,,,no_authorial_binding
633,ras,,ras,ras,II,A₁,seṭ,guna,guna,vrddhi,regular,guna_for_basic,talmud_appendix1_via_whitney_talmud,authorial,root-uniq,
634,rah,,rah,rah,II,A₁,seṭ,guna,guna,vrddhi,regular,guna_for_basic,talmud_appendix1_via_whitney_talmud,authorial,root-uniq,
635,rā,1,rā,"1 rā, rās",II,A₂,aniṭ,guna,guna,vrddhi,regular,guna_for_basic,talmud_appendix1_via_whitney_talmud,authorial,ref+hom,
636,rā,2,rā,2 rā,II,A₂,aniṭ,guna,guna,vrddhi,regular,guna_for_basic,talmud_appendix1_via_whitney_talmud,authorial,ref+hom,
637,rāj,,rāj,rāj,II,A₂,seṭ,guna,guna,vrddhi,regular,guna_for_basic,talmud_appendix1_via_whitney_talmud,authorial,root-uniq,
638,rādh,,rādh,rādh,II,A₂,aniṭ,guna,guna,vrddhi,regular,guna_for_basic,talmud_appendix1_via_whitney_talmud,authorial,root-uniq,
639,rās,1,rās,1 rās,II,A₂,seṭ,guna,guna,vrddhi,regular,guna_for_basic,talmud_appendix1_via_whitney_talmud,authorial,ref+hom,
640,rās,2,,,,,,,,,unclassifiable,,,,,no_authorial_binding
641,ri,,ri,"ri, rī",I,I₁,aniṭ,basic,guna,vrddhi,regular,,talmud_appendix1_via_whitney_talmud,authorial,root-uniq,
642,rikh,,rikh,rikh,I,I₁,seṭ,basic,guna,vrddhi,regular,,talmud_appendix1_via_whitney_talmud,authorial,root-uniq,
643,riñkh,,riṅg,"riñkh, riñg",III,I₁,seṭ,basic,basic,vrddhi,under-strong,,talmud_appendix1_via_whitney_talmud,authorial,root-uniq,
644,ric,,ric,ric,I,I₁,aniṭ,basic,guna,vrddhi,regular,,talmud_appendix1_via_whitney_talmud,authorial,root-uniq,
645,rip,,,,,,,,,,unclassifiable,,,,,no_authorial_binding
646,riph,,riph,riph,I,I₁,seṭ,basic,guna,vrddhi,regular,,talmud_appendix1_via_whitney_talmud,authorial,root-uniq,
647,ribh,,ribh,ribh,I,I₁,seṭ,basic,guna,vrddhi,regular,,talmud_appendix1_via_whitney_talmud,authorial,root-uniq,
648,riś,,,,,,,,,,unclassifiable,,,,,no_authorial_binding
649,riṣ,,riṣ,riṣ,I,I₁,veṭ,basic,guna,vrddhi,regular,,talmud_appendix1_via_whitney_talmud,authorial,root-uniq,
650,rih,,,,,,,,,,unclassifiable,,,,,no_authorial_binding
651,rī,,ri,"ri, rī",I,I₁,aniṭ,basic,guna,vrddhi,regular,,talmud_appendix1_via_whitney_talmud,authorial,spelling-alt,
652,ru,1,ru,1 ru,I,U₁,veṭ,basic,guna,vrddhi,regular,,talmud_appendix1_via_whitney_talmud,authorial,ref+hom,
653,ru,2,ru,2 ru,I,U₁,veṭ,basic,guna,vrddhi,regular,,talmud_appendix1_via_whitney_talmud,authorial,ref+hom,
654,ruc,,ruc,ruc,I,U₁,seṭ,basic,guna,vrddhi,regular,,talmud_appendix1_via_whitney_talmud,authorial,root-uniq,
655,ruj,,ruj,ruj,I,U₁,aniṭ,basic,guna,vrddhi,regular,,talmud_appendix1_via_whitney_talmud,authorial,root-uniq,
656,ruṭh,,,,,,,,,,unclassifiable,,,,,no_authorial_binding
657,rud,,rud,rud,I,U₁,seṭ,basic,guna,vrddhi,regular,,talmud_appendix1_via_whitney_talmud,authorial,root-uniq,
658,rudh,1,,,,,,,,,unclassifiable,,,,,no_authorial_binding
659,rudh,2,rudh,2 rudh,I,U₁,aniṭ,basic,guna,vrddhi,regular,,talmud_appendix1_via_whitney_talmud,authorial,ref+hom,
660,rup,,rup,rup,I,U₁,seṭ,basic,guna,vrddhi,regular,,talmud_appendix1_via_whitney_talmud,authorial,root-uniq,
661,ruṣ,,ruṣ,ruṣ,I,U₁,veṭ,basic,guna,vrddhi,regular,,talmud_appendix1_via_whitney_talmud,authorial,root-uniq,
662,ruh,,ruh,ruh,I,U₁,veṭ,basic,guna,vrddhi,regular,,talmud_appendix1_via_whitney_talmud,authorial,root-uniq,
663,rūṣ,,rūṣ,rūṣ,III,U₂,seṭ,basic,basic,vrddhi,under-strong,,talmud_appendix1_via_whitney_talmud,authorial,root-uniq,
664,rej,,rej,rej,II,I,seṭ,guna,guna,vrddhi,regular,guna_for_basic,talmud_appendix1_via_whitney_talmud,authorial,root-uniq,
665,reḍ,,reḍ,reḍ,II,I,seṭ,guna,guna,vrddhi,regular,guna_for_basic,talmud_appendix1_via_whitney_talmud,authorial,root-uniq,
666,rebh,,,,,,,,,,unclassifiable,,,,,no_authorial_binding
667,lakṣ,,lakṣ,lakṣ,II,A₁,seṭ,guna,guna,vrddhi,regular,guna_for_basic,talmud_appendix1_via_whitney_talmud,authorial,root-uniq,
668,lag,,lag,lag,II,A₁,seṭ,guna,guna,vrddhi,regular,guna_for_basic,talmud_appendix1_via_whitney_talmud,authorial,root-uniq,
669,laṅgh,,langh,laṅgh,II,N,seṭ,guna,guna,vrddhi,regular,guna_for_basic,talmud_appendix1_via_whitney_talmud,authorial,root-uniq,
670,lajj,,lajj,lajj,II,A₁,seṭ,guna,guna,vrddhi,regular,guna_for_basic,talmud_appendix1_via_whitney_talmud,authorial,root-uniq,
671,laḍ,,laḍ,laḍ,II,A₁,seṭ,guna,guna,vrddhi,regular,guna_for_basic,talmud_appendix1_via_whitney_talmud,authorial,root-uniq,
672,lap,,lap,lap,II,A₁,veṭ,guna,guna,vrddhi,regular,guna_for_basic,talmud_appendix1_via_whitney_talmud,authorial,root-uniq,
673,labh,,labh,labh,II,A₁,veṭ,guna,guna,vrddhi,regular,guna_for_basic,talmud_appendix1_via_whitney_talmud,authorial,root-uniq,
674,lam,,,,,,,,,,unclassifiable,,,,,no_authorial_binding
675,lamb,,lanb,lamb,II,N,seṭ,guna,guna,vrddhi,regular,guna_for_basic,talmud_appendix1_via_whitney_talmud,authorial,root-uniq,
676,lal,,lal,lal,II,L,seṭ,guna,guna,vrddhi,regular,guna_for_basic,talmud_appendix1_via_whitney_talmud,authorial,root-uniq,
677,laṣ,,laṣ,laṣ,II,A₁,seṭ,guna,guna,vrddhi,regular,guna_for_basic,talmud_appendix1_via_whitney_talmud,authorial,root-uniq,
678,las,,las,las,II,A₁,seṭ,guna,guna,vrddhi,regular,guna_for_basic,talmud_appendix1_via_whitney_talmud,authorial,root-uniq,
679,lā,,lā,lā,II,A₂,aniṭ,guna,guna,vrddhi,regular,guna_for_basic,talmud_appendix1_via_whitney_talmud,authorial,root-uniq,
680,lāñch,,,,,,,,,,unclassifiable,,,,,no_authorial_binding
681,likh,,likh,likh,I,I₁,seṭ,basic,guna,vrddhi,regular,,talmud_appendix1_via_whitney_talmud,authorial,root-uniq,
682,lip,,lip,"lip, limp",I,I₁,aniṭ,basic,guna,vrddhi,regular,,talmud_appendix1_via_whitney_talmud,authorial,root-uniq,
683,liś,,liś,liś,I,I₁,aniṭ,basic,guna,vrddhi,regular,,talmud_appendix1_via_whitney_talmud,authorial,root-uniq,
684,lih,,lih,lih,I,I₁,aniṭ,basic,guna,vrddhi,regular,,talmud_appendix1_via_whitney_talmud,authorial,root-uniq,
685,lī,1,lī,1 lī,I,I₂,aniṭ,basic,guna,vrddhi,regular,,talmud_appendix1_via_whitney_talmud,authorial,ref+hom,
686,lī,2,lī,2 lī,I,I₂,,basic,guna,vrddhi,regular,,talmud_appendix1_via_whitney_talmud,authorial,ref+hom,
687,luñc,,luñc,luñc,III,U₁,seṭ,basic,basic,vrddhi,under-strong,,talmud_appendix1_via_whitney_talmud,authorial,root-uniq,
688,luṭh,1,luṭh,1 luṭh,I,U₁,seṭ,basic,guna,vrddhi,regular,,talmud_appendix1_via_whitney_talmud,authorial,ref+hom,
689,luṭh,2,luṇṭh,"2 luṭh, luṇṭh",III,U₁,seṭ,basic,basic,vrddhi,under-strong,,talmud_appendix1_via_whitney_talmud,authorial,ref+hom,
690,luḍ,,,,,,,,,,unclassifiable,,,,,no_authorial_binding
691,lup,,lup,lup,I,U₁,veṭ,basic,guna,vrddhi,regular,,talmud_appendix1_via_whitney_talmud,authorial,root-uniq,
692,lubh,,lubh,lubh,I,U₁,veṭ,basic,guna,vrddhi,regular,,talmud_appendix1_via_whitney_talmud,authorial,root-uniq,
693,lul,,lul,lul,I,U₁,seṭ,basic,guna,vrddhi,regular,,talmud_appendix1_via_whitney_talmud,authorial,root-uniq,
694,lū,,lū,lū,I,U₂,seṭ,basic,guna,vrddhi,regular,,talmud_appendix1_via_whitney_talmud,authorial,root-uniq,
695,lok,,,,,,,,,,unclassifiable,,,,,no_authorial_binding
696,loc,,loc,loc,II,U,seṭ,guna,guna,vrddhi,regular,guna_for_basic,talmud_appendix1_via_whitney_talmud,authorial,root-uniq,
697,vak,,,,,,,,,,unclassifiable,,,,,no_authorial_binding
698,vakṣ,,uøkṣ,"vakṣ, ukṣ",I,A₁,seṭ,basic,guna,vrddhi,regular,,talmud_appendix1_via_whitney_talmud,authorial,root-uniq,
699,vac,,uøc,vac,I,A₁,aniṭ,basic,guna,vrddhi,regular,,talmud_appendix1_via_whitney_talmud,authorial,root-uniq,
700,vaj,,uøj,vaj,I,A₁,aniṭ,basic,guna,vrddhi,regular,,talmud_appendix1_via_whitney_talmud,authorial,root-uniq,
701,vañc,,vn̥c,vañc,I,N₁,veṭ,basic,guna,vrddhi,regular,,talmud_appendix1_via_whitney_talmud,authorial,root-uniq,
702,vaṇṭ,,vanṭ,vaṇṭ,II,N,seṭ,guna,guna,vrddhi,regular,guna_for_basic,talmud_appendix1_via_whitney_talmud,authorial,root-uniq,
703,vat,,vat,vat,II,A₁,aniṭ,guna,guna,vrddhi,regular,guna_for_basic,talmud_appendix1_via_whitney_talmud,authorial,root-uniq,
704,vad,,uød,vad,I,A₁,seṭ,basic,guna,vrddhi,regular,,talmud_appendix1_via_whitney_talmud,authorial,root-uniq,
705,vadh,,vadh,"vadh, badh",II,A₁,seṭ,guna,guna,vrddhi,regular,guna_for_basic,talmud_appendix1_via_whitney_talmud,authorial,root-uniq,
706,van,,vn̥̄,"van, vā",I,N₂,veṭ,basic,guna,vrddhi,regular,,talmud_appendix1_via_whitney_talmud,authorial,root-uniq,
707,vand,,vand,vand,II,N,seṭ,guna,guna,vrddhi,regular,guna_for_basic,talmud_appendix1_via_whitney_talmud,authorial,root-uniq,
708,vap,1,uøp,1 vap,I,A₁,veṭ,basic,guna,vrddhi,regular,,talmud_appendix1_via_whitney_talmud,authorial,ref+hom,
709,vap,2,uøp,2 vap,I,A₁,aniṭ,basic,guna,vrddhi,regular,,talmud_appendix1_via_whitney_talmud,authorial,ref+hom,
710,vam,,vm̥̄,vam,I,M₂,seṭ,basic,guna,vrddhi,regular,,talmud_appendix1_via_whitney_talmud,authorial,root-uniq,
711,val,,val,val,II,L,seṭ,guna,guna,vrddhi,regular,guna_for_basic,talmud_appendix1_via_whitney_talmud,authorial,root-uniq,
712,valg,,valg,valg,II,L,seṭ,guna,guna,vrddhi,regular,guna_for_basic,talmud_appendix1_via_whitney_talmud,authorial,root-uniq,
713,valh,,valh,valh,II,L,seṭ,guna,guna,vrddhi,regular,guna_for_basic,talmud_appendix1_via_whitney_talmud,authorial,root-uniq,
714,vaś,,uøś,vaś,I,A₁,seṭ,basic,guna,vrddhi,regular,,talmud_appendix1_via_whitney_talmud,authorial,root-uniq,
715,vas,1,uøs,"1 vas, uṣ, uch",I,A₁,veṭ,basic,guna,vrddhi,regular,,talmud_appendix1_via_whitney_talmud,authorial,ref+hom,
716,vas,2,vas,2 vas,II,A₁,veṭ,guna,guna,vrddhi,regular,guna_for_basic,talmud_appendix1_via_whitney_talmud,authorial,ref+hom,
717,vas,3,uøs,3 vas,I,A₁,veṭ,basic,guna,vrddhi,regular,,talmud_appendix1_via_whitney_talmud,authorial,ref+hom,
718,vah,,uøh,vah,I,A₁,veṭ,basic,guna,vrddhi,regular,,talmud_appendix1_via_whitney_talmud,authorial,root-uniq,
719,vā,1,vā,1 vā,II,A₂,aniṭ,guna,guna,vrddhi,regular,guna_for_basic,talmud_appendix1_via_whitney_talmud,authorial,ref+hom,
720,vā,2,uø̄,"2 vā, vi, u",I,A₂,aniṭ,basic,guna,vrddhi,regular,,talmud_appendix1_via_whitney_talmud,authorial,ref+hom,
722,vāñch,,vānch,vāñch,IV,N,seṭ,vrddhi,vrddhi,vrddhi,over-strong,,talmud_appendix1_via_whitney_talmud,authorial,root-uniq,
723,vāś,,vāś,vāś,II,A₂,seṭ,guna,guna,vrddhi,regular,guna_for_basic,talmud_appendix1_via_whitney_talmud,authorial,root-uniq,
724,vāh,,vāh,vāh,II,A₂,seṭ,guna,guna,vrddhi,regular,guna_for_basic,talmud_appendix1_via_whitney_talmud,authorial,root-uniq,
725,vic,1,vic,1 vic,I,I₁,aniṭ,basic,guna,vrddhi,regular,,talmud_appendix1_via_whitney_talmud,authorial,ref+hom,
726,vic,2,viøc,"vyac, vic",I,A₁,seṭ,basic,guna,vrddhi,regular,,talmud_appendix1_via_whitney_talmud,authorial,spelling-alt,
727,vij,,vij,vij,I,I₁,seṭ,basic,guna,vrddhi,regular,,talmud_appendix1_via_whitney_talmud,authorial,root-uniq,
728,vid,1,vid,1 vid,I,I₁,veṭ,basic,guna,vrddhi,regular,,talmud_appendix1_via_whitney_talmud,authorial,ref+hom,
729,vid,2,vid,2 vid,I,I₁,veṭ,basic,guna,vrddhi,regular,,talmud_appendix1_via_whitney_talmud,authorial,ref+hom,
730,vidh,1,vidh,1 vidh,I,I₁,aniṭ,basic,guna,vrddhi,regular,,talmud_appendix1_via_whitney_talmud,authorial,ref+hom,
731,vidh,2,viødh,"vyadh, vidh",I,A₁,aniṭ,basic,guna,vrddhi,regular,,talmud_appendix1_via_whitney_talmud,authorial,spelling-alt,
732,vindh,,vidh,vindh,I,I₁,veṭ,basic,guna,vrddhi,regular,,talmud_appendix1_via_whitney_talmud,authorial,root-uniq,
733,vip,,vep,"vip, vep",II,I,seṭ,guna,guna,vrddhi,regular,guna_for_basic,talmud_appendix1_via_whitney_talmud,authorial,root-uniq,
734,viś,,viś,viś,I,I₁,aniṭ,basic,guna,vrddhi,regular,,talmud_appendix1_via_whitney_talmud,authorial,root-uniq,
735,viṣ,,viṣ,viṣ,I,I₁,aniṭ,basic,guna,vrddhi,regular,,talmud_appendix1_via_whitney_talmud,authorial,root-uniq,
736,viṣṭ,,viṣṭ,"viṣṭ, veṣṭ",I,I₁,seṭ,basic,guna,vrddhi,regular,,talmud_appendix1_via_whitney_talmud,authorial,root-uniq,
737,vī,,vī,vī,I,I₂,aniṭ,basic,guna,vrddhi,regular,,talmud_appendix1_via_whitney_talmud,authorial,root-uniq,
738,vīj,,vīøj,"vīj, vyaj",I,A₁,seṭ,basic,guna,vrddhi,regular,,talmud_appendix1_via_whitney_talmud,authorial,root-uniq,
739,vīḍ,,vīḍ,vīḍ,III,I₂,,basic,basic,vrddhi,under-strong,,talmud_appendix1_via_whitney_talmud,authorial,root-uniq,
740,vṛ,1,vṛ,1 vṛ,I,R₁,veṭ,basic,guna,vrddhi,regular,,talmud_appendix1_via_whitney_talmud,authorial,ref+hom,
741,vṛ,2,,,,,,,,,unclassifiable,,,,,no_authorial_binding
742,vṛṃh,,vṛṃh,"vṛṃh, bṛṃh",III,R₁,seṭ,basic,basic,vrddhi,under-strong,,talmud_appendix1_via_whitney_talmud,authorial,root-uniq,
743,vṛj,,vṛj,vṛj,I,R₁,veṭ,basic,guna,vrddhi,regular,,talmud_appendix1_via_whitney_talmud,authorial,root-uniq,
744,vṛt,,vṛt,vṛt,I,R₁,veṭ,basic,guna,vrddhi,regular,,talmud_appendix1_via_whitney_talmud,authorial,root-uniq,
745,vṛdh,,vṛdh,vṛdh,I,R₁,veṭ,basic,guna,vrddhi,regular,,talmud_appendix1_via_whitney_talmud,authorial,root-uniq,
746,vṛṣ,,vṛṣ,vṛṣ,I,R₁,veṭ,basic,guna,vrddhi,regular,,talmud_appendix1_via_whitney_talmud,authorial,root-uniq,
747,vṛh,,vṛh,"vṛh, bṛh",I,R₁,veṭ,basic,guna,vrddhi,regular,,talmud_appendix1_via_whitney_talmud,authorial,root-uniq,
748,ven,,ven,ven,II,I,seṭ,guna,guna,vrddhi,regular,guna_for_basic,talmud_appendix1_via_whitney_talmud,authorial,root-uniq,
749,vell,,vell,vell,II,I,seṭ,guna,guna,vrddhi,regular,guna_for_basic,talmud_appendix1_via_whitney_talmud,authorial,root-uniq,
750,veṣṭ,,viṣṭ,"viṣṭ, veṣṭ",I,I₁,seṭ,basic,guna,vrddhi,regular,,talmud_appendix1_via_whitney_talmud,authorial,spelling-alt,
751,vyac,,viøc,"vyac, vic",I,A₁,seṭ,basic,guna,vrddhi,regular,,talmud_appendix1_via_whitney_talmud,authorial,root-uniq,
752,vyaj,,vīøj,"vīj, vyaj",I,A₁,seṭ,basic,guna,vrddhi,regular,,talmud_appendix1_via_whitney_talmud,authorial,spelling-alt,
753,vyath,,vyath,vyath,II,A₁,seṭ,guna,guna,vrddhi,regular,guna_for_basic,talmud_appendix1_via_whitney_talmud,authorial,root-uniq,
754,vyadh,,viødh,"vyadh, vidh",I,A₁,aniṭ,basic,guna,vrddhi,regular,,talmud_appendix1_via_whitney_talmud,authorial,root-uniq,
755,vyay,,vye,vyay,II,I,seṭ,guna,guna,vrddhi,regular,guna_for_basic,talmud_appendix1_via_whitney_talmud,authorial,root-uniq,
756,vyā,,vīø̄,"vyā, vī",I,A₂,aniṭ,basic,guna,vrddhi,regular,,talmud_appendix1_via_whitney_talmud,authorial,root-uniq,
757,vraj,,vraj,vraj,II,A₁,seṭ,guna,guna,vrddhi,regular,guna_for_basic,talmud_appendix1_via_whitney_talmud,authorial,root-uniq,
758,vrad,,vrn̥d,"vrad, vrand",I,N₁,aniṭ,basic,guna,vrddhi,regular,,talmud_appendix1_via_whitney_talmud,authorial,root-uniq,
759,vran,,,,,,,,,,unclassifiable,,,,,no_authorial_binding
760,vraśc,,vṛøśc,vraśc,I,A₁,veṭ,basic,guna,vrddhi,regular,,talmud_appendix1_via_whitney_talmud,authorial,root-uniq,
761,vrādh,,vrādh,vrādh,II,A₂,seṭ,guna,guna,vrddhi,regular,guna_for_basic,talmud_appendix1_via_whitney_talmud,authorial,root-uniq,
762,vrīḍ,,vrīḍ,vrīḍ,III,I₂,seṭ,basic,basic,vrddhi,under-strong,,talmud_appendix1_via_whitney_talmud,authorial,root-uniq,
763,vruḍ,,vruḍ,vruḍ,I,U₁,seṭ,basic,guna,vrddhi,regular,,talmud_appendix1_via_whitney_talmud,authorial,root-uniq,
764,vlag,,vln̥g,"vlag, vlaṅg",I,N₁,aniṭ,basic,guna,vrddhi,regular,,talmud_appendix1_via_whitney_talmud,authorial,root-uniq,
765,vlī,,vlī,"vlī, blī",I,I₂,aniṭ,basic,guna,vrddhi,regular,,talmud_appendix1_via_whitney_talmud,authorial,root-uniq,
766,śaṃs,,śn̥s,śaṃs,I,N₁,veṭ,basic,guna,vrddhi,regular,,talmud_appendix1_via_whitney_talmud,authorial,root-uniq,
767,śak,,śak,śak,II,A₁,veṭ,guna,guna,vrddhi,regular,guna_for_basic,talmud_appendix1_via_whitney_talmud,authorial,root-uniq,
768,śaṅk,,śank,śaṅk,II,N,seṭ,guna,guna,vrddhi,regular,guna_for_basic,talmud_appendix1_via_whitney_talmud,authorial,root-uniq,
769,śat,,,,,,,,,,unclassifiable,,,,,no_authorial_binding
770,śad,1,śad,1 śad,II,A₁,aniṭ,guna,guna,vrddhi,regular,guna_for_basic,talmud_appendix1_via_whitney_talmud,authorial,ref+hom,
771,śad,2,śad,2 śad,II,A₁,aniṭ,guna,guna,vrddhi,regular,guna_for_basic,talmud_appendix1_via_whitney_talmud,authorial,ref+hom,
772,śap,,śap,śap,II,A₁,veṭ,guna,guna,vrddhi,regular,guna_for_basic,talmud_appendix1_via_whitney_talmud,authorial,root-uniq,
773,śam,1,śam,"1 śam, śim",II,M,seṭ,guna,guna,vrddhi,regular,guna_for_basic,talmud_appendix1_via_whitney_talmud,authorial,ref+hom,
774,śam,2,śm̥̄,2 śam,I,M₂,seṭ,basic,guna,vrddhi,regular,,talmud_appendix1_via_whitney_talmud,authorial,ref+hom,
775,śam,3,,,,,,,,,unclassifiable,,,,,no_authorial_binding
776,śal,,śal,śal,II,L,seṭ,guna,guna,vrddhi,regular,guna_for_basic,talmud_appendix1_via_whitney_talmud,authorial,root-uniq,
777,śaś,,śaś,śaś,II,A₁,seṭ,guna,guna,vrddhi,regular,guna_for_basic,talmud_appendix1_via_whitney_talmud,authorial,root-uniq,
778,śas,,śas,"śas, śās",II,A₁,veṭ,guna,guna,vrddhi,regular,guna_for_basic,talmud_appendix1_via_whitney_talmud,authorial,root-uniq,
779,śā,,śø̄,"śā, śi",I,A₂,aniṭ,basic,guna,vrddhi,regular,,talmud_appendix1_via_whitney_talmud,authorial,root-uniq,
780,śās,1,śø̄s,"1 śās, śiṣ",I,A₂,veṭ,basic,guna,vrddhi,regular,,talmud_appendix1_via_whitney_talmud,authorial,ref+hom,
781,śās,2,śas,"śas, śās",II,A₁,veṭ,guna,guna,vrddhi,regular,guna_for_basic,talmud_appendix1_via_whitney_talmud,authorial,spelling-alt,
782,śikṣ,,,,,,,,,,unclassifiable,,,,,no_authorial_binding
783,śiṅgh,,,,,,,,,,unclassifiable,,,,,no_authorial_binding
784,śiñj,,śiñj,śiñj,III,I₁,seṭ,basic,basic,vrddhi,under-strong,,talmud_appendix1_via_whitney_talmud,authorial,root-uniq,
785,śip,,,,,,,,,,unclassifiable,,,,,no_authorial_binding
786,śim,,śam,"1 śam, śim",II,M,seṭ,guna,guna,vrddhi,regular,guna_for_basic,talmud_appendix1_via_whitney_talmud,authorial,spelling-alt,
787,śiṣ,,śiṣ,śiṣ,I,I₁,aniṭ,basic,guna,vrddhi,regular,,talmud_appendix1_via_whitney_talmud,authorial,root-uniq,
788,śī,1,śīø̄,"śyā, śī",I,A₂,aniṭ,basic,guna,vrddhi,regular,,talmud_appendix1_via_whitney_talmud,authorial,spelling-alt,
789,śī,2,śe,2 śī,II,I,seṭ,guna,guna,vrddhi,regular,guna_for_basic,talmud_appendix1_via_whitney_talmud,authorial,ref+hom,
790,śuc,,śuc,śuc,I,U₁,veṭ,basic,guna,vrddhi,regular,,talmud_appendix1_via_whitney_talmud,authorial,root-uniq,
791,śuj,,śuj,śuj,I,U₁,,basic,guna,vrddhi,regular,,talmud_appendix1_via_whitney_talmud,authorial,root-uniq,
792,śudh,,śudh,"śudh, śundh",I,U₁,aniṭ,basic,guna,vrddhi,regular,,talmud_appendix1_via_whitney_talmud,authorial,root-uniq,
793,śubh,,śubh,"śubh, śumbh",I,U₁,seṭ,basic,guna,vrddhi,regular,,talmud_appendix1_via_whitney_talmud,authorial,root-uniq,
794,śuṣ,1,śuṣ,1 śuṣ,I,U₁,aniṭ,basic,guna,vrddhi,regular,,talmud_appendix1_via_whitney_talmud,authorial,ref+hom,
795,śuṣ,2,śvas,"śvas, śuṣ",II,A₁,veṭ,guna,guna,vrddhi,regular,guna_for_basic,talmud_appendix1_via_whitney_talmud,authorial,spelling-alt,
796,śū,,śvi,"śū, śvā, śvi",I,I₁,seṭ,basic,guna,vrddhi,regular,,talmud_appendix1_via_whitney_talmud,authorial,root-uniq,
797,śṛ,1,śṝ,1 śṛ,I,R₂,seṭ,basic,guna,vrddhi,regular,,talmud_appendix1_via_whitney_talmud,authorial,ref+hom,
798,śṛ,2,,,,,,,,,unclassifiable,,,,,no_authorial_binding
799,śṛ,3,,,,,,,,,unclassifiable,,,,,no_authorial_binding
800,śṛdh,,śṛdh,śṛdh,I,R₁,veṭ,basic,guna,vrddhi,regular,,talmud_appendix1_via_whitney_talmud,authorial,root-uniq,
801,ścand,,cn̥d,"ścand, cand",I,N₁,seṭ,basic,guna,vrddhi,regular,,talmud_appendix1_via_whitney_talmud,authorial,root-uniq,
802,ścam,,,,,,,,,,unclassifiable,,,,,no_authorial_binding
803,ścut,,ścut,ścut,I,U₁,seṭ,basic,guna,vrddhi,regular,,talmud_appendix1_via_whitney_talmud,authorial,root-uniq,
804,śnath,,śnath,śnath,II,A₁,seṭ,guna,guna,vrddhi,regular,guna_for_basic,talmud_appendix1_via_whitney_talmud,authorial,root-uniq,
805,śyā,,śīø̄,"śyā, śī",I,A₂,aniṭ,basic,guna,vrddhi,regular,,talmud_appendix1_via_whitney_talmud,authorial,root-uniq,
806,śrath,,śṛøth,"śrath, ślath",I,A₁,seṭ,basic,guna,vrddhi,regular,,talmud_appendix1_via_whitney_talmud,authorial,root-uniq,
807,śran,,śran,śran,II,N,seṭ,guna,guna,vrddhi,regular,guna_for_basic,talmud_appendix1_via_whitney_talmud,authorial,root-uniq,
808,śram,,śrm̥̄,śram,I,M₂,seṭ,basic,guna,vrddhi,regular,,talmud_appendix1_via_whitney_talmud,authorial,root-uniq,
809,śrambh,,śrn̥bh,śrambh,I,N₁,veṭ,basic,guna,vrddhi,regular,,talmud_appendix1_via_whitney_talmud,authorial,root-uniq,
810,śrā,,śrā,"śrā, 2 śrī, 2 śṛ",II,A₂,aniṭ,guna,guna,vrddhi,regular,guna_for_basic,talmud_appendix1_via_whitney_talmud,authorial,root-uniq,
811,śri,,śri,"śri, 3 śṛ",I,I₁,seṭ,basic,guna,vrddhi,regular,,talmud_appendix1_via_whitney_talmud,authorial,root-uniq,
812,śriṣ,,śliṣ,"śliṣ, śriṣ",I,I₁,aniṭ,basic,guna,vrddhi,regular,,talmud_appendix1_via_whitney_talmud,authorial,spelling-alt,
813,śrī,1,śrī,"1 śrī, śṛ",I,I₂,veṭ,basic,guna,vrddhi,regular,,talmud_appendix1_via_whitney_talmud,authorial,ref+hom,
814,śrī,2,,,,,,,,,unclassifiable,,,,,no_authorial_binding
815,śru,,śru,śru,I,U₁,aniṭ,basic,guna,vrddhi,regular,,talmud_appendix1_via_whitney_talmud,authorial,root-uniq,
816,śruṣ,,,,,,,,,,unclassifiable,,,,,no_authorial_binding
817,ślath,,śṛøth,"śrath, ślath",I,A₁,seṭ,basic,guna,vrddhi,regular,,talmud_appendix1_via_whitney_talmud,authorial,spelling-alt,
818,ślā,,,,,,,,,,unclassifiable,,,,,no_authorial_binding
819,ślāgh,,ślāgh,ślāgh,II,A₂,seṭ,guna,guna,vrddhi,regular,guna_for_basic,talmud_appendix1_via_whitney_talmud,authorial,root-uniq,
820,śliṣ,,śliṣ,"śliṣ, śriṣ",I,I₁,aniṭ,basic,guna,vrddhi,regular,,talmud_appendix1_via_whitney_talmud,authorial,root-uniq,
821,śvañc,,śvn̥c,śvañc,I,N₁,aniṭ,basic,guna,vrddhi,regular,,talmud_appendix1_via_whitney_talmud,authorial,root-uniq,
822,śvas,,śvas,"śvas, śuṣ",II,A₁,veṭ,guna,guna,vrddhi,regular,guna_for_basic,talmud_appendix1_via_whitney_talmud,authorial,root-uniq,
823,śvā,,śvi,"śū, śvā, śvi",I,I₁,seṭ,basic,guna,vrddhi,regular,,talmud_appendix1_via_whitney_talmud,authorial,spelling-alt,
824,śvit,,śvit,śvit,I,I₁,veṭ,basic,guna,vrddhi,regular,,talmud_appendix1_via_whitney_talmud,authorial,root-uniq,
825,ṣṭhīv,,ṣṭhīv,ṣṭhīv,I,I₂,seṭ,basic,guna,vrddhi,regular,,talmud_appendix1_via_whitney_talmud,authorial,root-uniq,
826,sakṣ,,,,,,,,,,unclassifiable,,,,,no_authorial_binding
827,sagh,,sagh,sagh,II,A₁,seṭ,guna,guna,vrddhi,regular,guna_for_basic,talmud_appendix1_via_whitney_talmud,authorial,root-uniq,
828,sac,,sac,sac,II,A₁,veṭ,guna,guna,vrddhi,regular,guna_for_basic,talmud_appendix1_via_whitney_talmud,authorial,root-uniq,
829,saj,,saj,"saj, sañj",II,A₁,aniṭ,guna,guna,vrddhi,regular,guna_for_basic,talmud_appendix1_via_whitney_talmud,authorial,root-uniq,
830,sad,,sad,sad,II,A₁,aniṭ,guna,guna,vrddhi,regular,guna_for_basic,talmud_appendix1_via_whitney_talmud,authorial,root-uniq,
831,san,,sn̥̄,"san, 2 sā",I,N₂,seṭ,basic,guna,vrddhi,regular,,talmud_appendix1_via_whitney_talmud,authorial,root-uniq,
832,sap,,sap,sap,II,A₁,veṭ,guna,guna,vrddhi,regular,guna_for_basic,talmud_appendix1_via_whitney_talmud,authorial,root-uniq,
833,sarj,,sarj,sarj,II,R,seṭ,guna,guna,vrddhi,regular,guna_for_basic,talmud_appendix1_via_whitney_talmud,authorial,root-uniq,
834,saśc,,,,,,,,,,unclassifiable,,,,,no_authorial_binding
835,sas,,sas,sas,II,A₁,veṭ,guna,guna,vrddhi,regular,guna_for_basic,talmud_appendix1_via_whitney_talmud,authorial,root-uniq,
836,sah,,sah,sah,II,A₁,seṭ,guna,guna,vrddhi,regular,guna_for_basic,talmud_appendix1_via_whitney_talmud,authorial,root-uniq,
837,sā,1,sø̄,"1 sā, si",I,A₂,aniṭ,basic,guna,vrddhi,regular,,talmud_appendix1_via_whitney_talmud,authorial,ref+hom,
838,sā,2,,,,,,,,,unclassifiable,,,,,no_authorial_binding
839,sādh,,sādh,"sādh, sadh",II,A₂,aniṭ,guna,guna,vrddhi,regular,guna_for_basic,talmud_appendix1_via_whitney_talmud,authorial,root-uniq,
840,si,,sø̄,"1 sā, si",I,A₂,aniṭ,basic,guna,vrddhi,regular,,talmud_appendix1_via_whitney_talmud,authorial,spelling-alt,
841,sic,,sic,sic,I,I₁,aniṭ,basic,guna,vrddhi,regular,,talmud_appendix1_via_whitney_talmud,authorial,root-uniq,
842,sidh,1,sidh,1 sidh,I,I₁,veṭ,basic,guna,vrddhi,regular,,talmud_appendix1_via_whitney_talmud,authorial,ref+hom,
843,sidh,2,sidh,2 sidh,I,I₁,aniṭ,basic,guna,vrddhi,regular,,talmud_appendix1_via_whitney_talmud,authorial,ref+hom,
844,sī,,,,,,,,,,unclassifiable,,,,,no_authorial_binding
845,sīv,,sīv,"sīv, syū",I,I₂,seṭ,basic,guna,vrddhi,regular,,talmud_appendix1_via_whitney_talmud,authorial,root-uniq,
846,su,,su,su,I,U₁,veṭ,basic,guna,vrddhi,regular,,talmud_appendix1_via_whitney_talmud,authorial,root-uniq,
847,sul,,,,,,,,,,unclassifiable,,,,,no_authorial_binding
848,subh,,subh,"subh, sumbh",I,U₁,veṭ,basic,guna,vrddhi,regular,,talmud_appendix1_via_whitney_talmud,authorial,root-uniq,
849,sū,,sū,"sū, su",I,U₂,veṭ,basic,guna,vrddhi,regular,,talmud_appendix1_via_whitney_talmud,authorial,root-uniq,
850,sūd,,sūd,sūd,III,U₂,seṭ,basic,basic,vrddhi,under-strong,,talmud_appendix1_via_whitney_talmud,authorial,root-uniq,
851,sūrkṣ,,sūrkṣ,sūrkṣ,III,U₂,seṭ,basic,basic,vrddhi,under-strong,,talmud_appendix1_via_whitney_talmud,authorial,root-uniq,
852,sṛ,,sṛ,sṛ,I,R₁,veṭ,basic,guna,vrddhi,regular,,talmud_appendix1_via_whitney_talmud,authorial,root-uniq,
853,sṛk,,,,,,,,,,unclassifiable,,,,,no_authorial_binding
854,sṛj,,sṛj,sṛj,I,R₁,aniṭ,basic,guna,vrddhi,regular,,talmud_appendix1_via_whitney_talmud,authorial,root-uniq,
855,sṛp,,sṛp,sṛp,I,R₁,aniṭ,basic,guna,vrddhi,regular,,talmud_appendix1_via_whitney_talmud,authorial,root-uniq,
856,sev,,sev,sev,II,I,seṭ,guna,guna,vrddhi,regular,guna_for_basic,talmud_appendix1_via_whitney_talmud,authorial,root-uniq,
857,skand,,skn̥d,skand,I,N₁,aniṭ,basic,guna,vrddhi,regular,,talmud_appendix1_via_whitney_talmud,authorial,root-uniq,
858,skambh,,skn̥bh,"skambh, skabh",I,N₁,seṭ,basic,guna,vrddhi,regular,,talmud_appendix1_via_whitney_talmud,authorial,root-uniq,
859,sku,,sku,sku,I,U₁,aniṭ,basic,guna,vrddhi,regular,,talmud_appendix1_via_whitney_talmud,authorial,root-uniq,
860,skṛ,,,,,,,,,,unclassifiable,,,,,no_authorial_binding
861,skhal,,skhal,skhal,II,L,seṭ,guna,guna,vrddhi,regular,guna_for_basic,talmud_appendix1_via_whitney_talmud,authorial,root-uniq,
862,stan,,stan,stan,II,N,seṭ,guna,guna,vrddhi,regular,guna_for_basic,talmud_appendix1_via_whitney_talmud,authorial,root-uniq,
863,stambh,,stn̥bh,"stambh, stabh",I,N₁,veṭ,basic,guna,vrddhi,regular,,talmud_appendix1_via_whitney_talmud,authorial,root-uniq,
864,stā,,,,,,,,,,unclassifiable,,,,,no_authorial_binding
865,stigh,,stigh,stigh,I,I₁,seṭ,basic,guna,vrddhi,regular,,talmud_appendix1_via_whitney_talmud,authorial,root-uniq,
866,stim,,stim,"stim, stīm",I,I₁,seṭ,basic,guna,vrddhi,regular,,talmud_appendix1_via_whitney_talmud,authorial,root-uniq,
867,stu,1,stu,1 stu,I,U₁,veṭ,basic,guna,vrddhi,regular,,talmud_appendix1_via_whitney_talmud,authorial,ref+hom,
868,stu,2,,,,,,,,,unclassifiable,,,,,no_authorial_binding
869,stubh,,stubh,stubh,I,U₁,veṭ,basic,guna,vrddhi,regular,,talmud_appendix1_via_whitney_talmud,authorial,root-uniq,
870,stṛ,,stṛ,stṛ,I,R₁,veṭ,basic,guna,vrddhi,regular,,talmud_appendix1_via_whitney_talmud,authorial,root-uniq,
871,stṛh,,,,,,,,,,unclassifiable,,,,,no_authorial_binding
872,styā,,styā,"styā, stī",II,A₂,aniṭ,guna,guna,vrddhi,regular,guna_for_basic,talmud_appendix1_via_whitney_talmud,authorial,root-uniq,
873,sthag,,sthag,sthag,II,A₁,seṭ,guna,guna,vrddhi,regular,guna_for_basic,talmud_appendix1_via_whitney_talmud,authorial,root-uniq,
874,sthā,,sthø̄,sthā,I,A₂,aniṭ,basic,guna,vrddhi,regular,,talmud_appendix1_via_whitney_talmud,authorial,root-uniq,
875,snā,,snā,snā,II,A₂,aniṭ,guna,guna,vrddhi,regular,guna_for_basic,talmud_appendix1_via_whitney_talmud,authorial,root-uniq,
876,snih,,snih,snih,I,I₁,veṭ,basic,guna,vrddhi,regular,,talmud_appendix1_via_whitney_talmud,authorial,root-uniq,
877,snu,,snu,snu,I,U₁,veṭ,basic,guna,vrddhi,regular,,talmud_appendix1_via_whitney_talmud,authorial,root-uniq,
878,spand,,spn̥d,spand,I,N₁,seṭ,basic,guna,vrddhi,regular,,talmud_appendix1_via_whitney_talmud,authorial,root-uniq,
879,spaś,,spaś,"1 paś, spaś",II,A₁,veṭ,guna,guna,vrddhi,regular,guna_for_basic,talmud_appendix1_via_whitney_talmud,authorial,spelling-alt,
880,spūrdh,,spṛdh,"spṛdh, spūrdh",I,R₁,seṭ,basic,guna,vrddhi,regular,,talmud_appendix1_via_whitney_talmud,authorial,spelling-alt,
881,spṛ,,spṛ,spṛ,I,R₁,veṭ,basic,guna,vrddhi,regular,,talmud_appendix1_via_whitney_talmud,authorial,root-uniq,
882,spṛdh,,spṛdh,"spṛdh, spūrdh",I,R₁,seṭ,basic,guna,vrddhi,regular,,talmud_appendix1_via_whitney_talmud,authorial,root-uniq,
883,spṛś,,spṛś,spṛś,I,R₁,aniṭ,basic,guna,vrddhi,regular,,talmud_appendix1_via_whitney_talmud,authorial,root-uniq,
884,spṛh,,spṛh,spṛh,III,R₁,aniṭ,basic,basic,vrddhi,under-strong,,talmud_appendix1_via_whitney_talmud,authorial,root-uniq,
885,sphaṭ,,,,,,,,,,unclassifiable,,,,,no_authorial_binding
886,sphar,,sphur,"sphṛ, sphar,",III,U₁,seṭ,basic,basic,vrddhi,under-strong,,talmud_appendix1_via_whitney_talmud,authorial,spelling-alt,
887,sphal,,sphal,sphal,II,L,seṭ,guna,guna,vrddhi,regular,guna_for_basic,talmud_appendix1_via_whitney_talmud,authorial,root-uniq,
888,sphā,,sphā,sphā,II,A₂,aniṭ,guna,guna,vrddhi,regular,guna_for_basic,talmud_appendix1_via_whitney_talmud,authorial,root-uniq,
889,sphuṭ,,sphuṭ,sphuṭ,I,U₁,seṭ,basic,guna,vrddhi,regular,,talmud_appendix1_via_whitney_talmud,authorial,root-uniq,
890,sphur,,,,,,,,,,unclassifiable,,,,,no_authorial_binding
891,sphūrj,,,,,,,,,,unclassifiable,,,,,no_authorial_binding
892,sphṛ,,sphur,"sphṛ, sphar,",III,U₁,seṭ,basic,basic,vrddhi,under-strong,,talmud_appendix1_via_whitney_talmud,authorial,root-uniq,
893,smi,,smi,smi,I,I₁,veṭ,basic,guna,vrddhi,regular,,talmud_appendix1_via_whitney_talmud,authorial,root-uniq,
894,smṛ,,smṛ,smṛ,I,R₁,veṭ,basic,guna,vrddhi,regular,,talmud_appendix1_via_whitney_talmud,authorial,root-uniq,
895,syand,,syn̥d,"syand, syad",I,N₁,veṭ,basic,guna,vrddhi,regular,,talmud_appendix1_via_whitney_talmud,authorial,root-uniq,
896,sraṃs,,srn̥s,"sraṃs, sras",I,N₁,veṭ,basic,guna,vrddhi,regular,,talmud_appendix1_via_whitney_talmud,authorial,root-uniq,
897,sridh,,sridh,sridh,I,I₁,aniṭ,basic,guna,vrddhi,regular,,talmud_appendix1_via_whitney_talmud,authorial,root-uniq,
898,srīv,,srīv,srīv,I,I₂,seṭ,basic,guna,vrddhi,regular,,talmud_appendix1_via_whitney_talmud,authorial,root-uniq,
899,sru,,sru,sru,I,U₁,seṭ,basic,guna,vrddhi,regular,,talmud_appendix1_via_whitney_talmud,authorial,root-uniq,
900,svaj,,svn̥j,"svaj, svañj",I,N₁,veṭ,basic,guna,vrddhi,regular,,talmud_appendix1_via_whitney_talmud,authorial,root-uniq,
901,svad,,svād,"svad, svād",II,A₂,veṭ,guna,guna,vrddhi,regular,guna_for_basic,talmud_appendix1_via_whitney_talmud,authorial,root-uniq,
902,svan,,svan,svan,II,N,seṭ,guna,guna,vrddhi,regular,guna_for_basic,talmud_appendix1_via_whitney_talmud,authorial,root-uniq,
903,svap,,suøp,svap,I,A₁,veṭ,basic,guna,vrddhi,regular,,talmud_appendix1_via_whitney_talmud,authorial,root-uniq,
904,svar,,svar,svar,II,R,seṭ,guna,guna,vrddhi,regular,guna_for_basic,talmud_appendix1_via_whitney_talmud,authorial,root-uniq,
905,svād,,svād,"svad, svād",II,A₂,veṭ,guna,guna,vrddhi,regular,guna_for_basic,talmud_appendix1_via_whitney_talmud,authorial,spelling-alt,
906,svid,,svid,svid,I,I₁,aniṭ,basic,guna,vrddhi,regular,,talmud_appendix1_via_whitney_talmud,authorial,root-uniq,
907,had,,had,had,II,A₁,aniṭ,guna,guna,vrddhi,regular,guna_for_basic,talmud_appendix1_via_whitney_talmud,authorial,root-uniq,
908,han,,hn̥,han,I,N₁,veṭ,basic,guna,vrddhi,regular,,talmud_appendix1_via_whitney_talmud,authorial,root-uniq,
909,har,,hari,har,II,R,seṭ,guna,guna,vrddhi,regular,guna_for_basic,talmud_appendix1_via_whitney_talmud,authorial,root-uniq,
910,has,,has,has,II,A₁,seṭ,guna,guna,vrddhi,regular,guna_for_basic,talmud_appendix1_via_whitney_talmud,authorial,root-uniq,
911,hā,1,hø̄,1 hā,I,A₂,aniṭ,basic,guna,vrddhi,regular,,talmud_appendix1_via_whitney_talmud,authorial,ref+hom,
912,hā,2,hā,2 hā,II,A₂,aniṭ,guna,guna,vrddhi,regular,guna_for_basic,talmud_appendix1_via_whitney_talmud,authorial,ref+hom,
913,hās,,hās,hās,II,A₂,seṭ,guna,guna,vrddhi,regular,guna_for_basic,talmud_appendix1_via_whitney_talmud,authorial,root-uniq,
914,hi,,hi,hi,I,I₁,aniṭ,basic,guna,vrddhi,regular,,talmud_appendix1_via_whitney_talmud,authorial,root-uniq,
915,hiṃs,,hiṃs,hiṃs,III,I₁,seṭ,basic,basic,vrddhi,under-strong,,talmud_appendix1_via_whitney_talmud,authorial,root-uniq,
916,hikk,,hikk,hikk,III,I₁,seṭ,basic,basic,vrddhi,under-strong,,talmud_appendix1_via_whitney_talmud,authorial,root-uniq,
917,hiṇḍ,,hiṇḍ,hiṇḍ,III,I₁,seṭ,basic,basic,vrddhi,under-strong,,talmud_appendix1_via_whitney_talmud,authorial,root-uniq,
918,hīḍ,,hīḍ,"hīḍ, hel",III,I₂,seṭ,basic,basic,vrddhi,under-strong,,talmud_appendix1_via_whitney_talmud,authorial,root-uniq,
919,hu,,hu,hu,I,U₁,aniṭ,basic,guna,vrddhi,regular,,talmud_appendix1_via_whitney_talmud,authorial,root-uniq,
921,hū,,hū,"hū, hvā, hve",I,U₂,aniṭ,basic,guna,vrddhi,regular,,talmud_appendix1_via_whitney_talmud,authorial,root-uniq,
922,hūrch,,hūrch,hūrch,III,U₂,seṭ,basic,basic,vrddhi,under-strong,,talmud_appendix1_via_whitney_talmud,authorial,root-uniq,
923,hṛ,1,hṛ,1 hṛ,I,R₁,veṭ,basic,guna,vrddhi,regular,,talmud_appendix1_via_whitney_talmud,authorial,ref+hom,
924,hṛ,2,hṛ,2 hṛ,I,R₁,veṭ,basic,guna,vrddhi,regular,,talmud_appendix1_via_whitney_talmud,authorial,ref+hom,
925,hṛṣ,,hṛṣ,hṛṣ,I,R₁,veṭ,basic,guna,vrddhi,regular,,talmud_appendix1_via_whitney_talmud,authorial,root-uniq,
926,heṭh,,,,,,,,,,unclassifiable,,,,,no_authorial_binding
927,heḍ,,,,,,,,,,unclassifiable,,,,,no_authorial_binding
928,heṣ,,heṣ,heṣ,II,I,seṭ,guna,guna,vrddhi,regular,guna_for_basic,talmud_appendix1_via_whitney_talmud,authorial,root-uniq,
929,hnu,,hnu,hnu,I,U₁,aniṭ,basic,guna,vrddhi,regular,,talmud_appendix1_via_whitney_talmud,authorial,root-uniq,
930,hras,,hras,hras,II,A₁,veṭ,guna,guna,vrddhi,regular,guna_for_basic,talmud_appendix1_via_whitney_talmud,authorial,root-uniq,
931,hrād,,hrād,hrād,II,A₂,seṭ,guna,guna,vrddhi,regular,guna_for_basic,talmud_appendix1_via_whitney_talmud,authorial,root-uniq,
932,hrī,,hrī,hrī,I,I₂,aniṭ,basic,guna,vrddhi,regular,,talmud_appendix1_via_whitney_talmud,authorial,root-uniq,
934,hreṣ,,hreṣ,hreṣ,II,I,seṭ,guna,guna,vrddhi,regular,guna_for_basic,talmud_appendix1_via_whitney_talmud,authorial,root-uniq,
935,hlād,,hlād,hlād,II,A₂,seṭ,guna,guna,vrddhi,regular,guna_for_basic,talmud_appendix1_via_whitney_talmud,authorial,root-uniq,
936,hval,,hval,hval,II,L,seṭ,guna,guna,vrddhi,regular,guna_for_basic,talmud_appendix1_via_whitney_talmud,authorial,root-uniq,
937,hvṛ,,hvṛ,"hvṛ, hru, hur",I,R₁,aniṭ,basic,guna,vrddhi,regular,,talmud_appendix1_via_whitney_talmud,authorial,root-uniq,
