rule	category	count	pct	examples
a a → ā	vowel coalescence	399	8.02	tābhir dharmārthau yad vidyāt tad vidyānāṃ vidyātvam dharma+arthau→dharmārthau · dharmādharmau trayyām arthānarthau vārttāyāṃ nayānayau daṇḍanītyāṃ balābale ca etāsāṃ hetubhir anvīkṣamāṇā lokasya upakaroti vyasane 'bhyudaye ca buddhim avasthāpayati prajñāvākyakriyāvaiśāradyaṃ ca karoti dharma+adharmau→dharmādharmau · dharmādharmau trayyām arthānarthau vārttāyāṃ nayānayau daṇḍanītyāṃ balābale ca etāsāṃ hetubhir anvīkṣamāṇā lokasya upakaroti vyasane 'bhyudaye ca buddhim avasthāpayati prajñāvākyakriyāvaiśāradyaṃ ca karoti artha+anarthau→arthānarthau · dharmādharmau trayyām arthānarthau vārttāyāṃ nayānayau daṇḍanītyāṃ balābale ca etāsāṃ hetubhir anvīkṣamāṇā lokasya upakaroti vyasane 'bhyudaye ca buddhim avasthāpayati prajñāvākyakriyāvaiśāradyaṃ ca karoti naya+anayau→nayānayau
m v → ṃ v	anusvāra / nasal	361	7.25	tābhir dharmārthau yad vidyāt tad vidyānāṃ vidyātvam vidyānāṃ+vidyā · karṇatvagakṣijihvāghrāṇendriyāṇāṃ śabdasparśarūparasagandheṣvavipratipattir indriyajayaḥ śāstrānuṣṭhānaṃ vā anuṣṭhānam→śāstrānuṣṭhānaṃ +vā · sa sattribhiḥ śapathapūrvam ekaikam amātyam upajāpayet adhārmiko 'yaṃ rājā sādhu dhārmikam anyam asya tatkulīnam aparuddhaṃ kulyam ekapragrahaṃ sāmantam āṭavikam aupapādikaṃ vā pratipādayāmaḥ sarveṣām etad rocate kathaṃ vā tava iti aupapādikaṃ+vā · sa sattribhiḥ śapathapūrvam ekaikam amātyam upajāpayet adhārmiko 'yaṃ rājā sādhu dhārmikam anyam asya tatkulīnam aparuddhaṃ kulyam ekapragrahaṃ sāmantam āṭavikam aupapādikaṃ vā pratipādayāmaḥ sarveṣām etad rocate kathaṃ vā tava iti kathaṃ+vā
m c → ṃ c	anusvāra / nasal	270	5.43	sāṃkhyaṃ yogo lokāyataṃ cetyānvīkṣikī lokāyataṃ+ca · dharmādharmau trayyām arthānarthau vārttāyāṃ nayānayau daṇḍanītyāṃ balābale ca etāsāṃ hetubhir anvīkṣamāṇā lokasya upakaroti vyasane 'bhyudaye ca buddhim avasthāpayati prajñāvākyakriyāvaiśāradyaṃ ca karoti vaiśāradyam→prajñāvākyakriyāvaiśāradyaṃ +ca · mānād rāvaṇaḥ paradārān aprayacchan duryodhano rājyād aṃśaṃ ca aṃśaṃ+ca · teṣāṃ janapadabhijanam avagrahaṃ cāptataḥ parīkṣeta samānavidyebhyaḥ śilpaṃ śāstracakṣuṣmattāṃ ca karmārambheṣu prajñāṃ dhārayiṣṇutāṃ dākṣyaṃ ca kathāyogeṣu vāgmitvaṃ prāgalbhyaṃ pratibhānavattvaṃ ca saṃvāsibhyaḥ śīlabalārogyasattvayogam astambham acāpalaṃ ca pratyakṣataḥ sampriyatvam avairatvaṃ ca avagrahaṃ+ca
m p → ṃ p	anusvāra / nasal	255	5.12	teṣāṃ janapadabhijanam avagrahaṃ cāptataḥ parīkṣeta samānavidyebhyaḥ śilpaṃ śāstracakṣuṣmattāṃ ca karmārambheṣu prajñāṃ dhārayiṣṇutāṃ dākṣyaṃ ca kathāyogeṣu vāgmitvaṃ prāgalbhyaṃ pratibhānavattvaṃ ca saṃvāsibhyaḥ śīlabalārogyasattvayogam astambham acāpalaṃ ca pratyakṣataḥ sampriyatvam avairatvaṃ ca prāgalbhyaṃ+pratibhānavat · teṣāṃ janapadabhijanam avagrahaṃ cāptataḥ parīkṣeta samānavidyebhyaḥ śilpaṃ śāstracakṣuṣmattāṃ ca karmārambheṣu prajñāṃ dhārayiṣṇutāṃ dākṣyaṃ ca kathāyogeṣu vāgmitvaṃ prāgalbhyaṃ pratibhānavattvaṃ ca saṃvāsibhyaḥ śīlabalārogyasattvayogam astambham acāpalaṃ ca pratyakṣataḥ sampriyatvam avairatvaṃ ca tvam→vāgmitvaṃ +prāgalbhyaṃ · svayaṃ dṛṣṭaṃ pratyakṣam dṛṣṭaṃ+pratyakṣam · paropadiṣṭaṃ parokṣam upadiṣṭam→paropadiṣṭaṃ +parokṣam
m k → ṃ k	anusvāra / nasal	213	4.28	purohitam uditoditakulaśīlaṃ sāṅge vede daive nimitte daṇḍanītyāṃ cābhivinītam āpadāṃ daivamānuṣīṇām atharvabhir upāyaiśca pratikartāraṃ kurvīta pratikartāraṃ+kurvīta · brāhmaṇenaidhitaṃ kṣatraṃ mantrimantrābhimantritam edhitam→brāhmaṇenaidhitaṃ +kṣatraṃ · sa sattribhiḥ śapathapūrvam ekaikam amātyam upajāpayet adhārmiko 'yaṃ rājā sādhu dhārmikam anyam asya tatkulīnam aparuddhaṃ kulyam ekapragrahaṃ sāmantam āṭavikam aupapādikaṃ vā pratipādayāmaḥ sarveṣām etad rocate kathaṃ vā tava iti aparuddhaṃ+kulyam · tasmād bāhyam adhiṣṭhānaṃ kṛtvā kārye caturvidhe adhiṣṭhānaṃ+kṛtvā
m s → ṃ s	anusvāra / nasal	173	3.48	purohitam uditoditakulaśīlaṃ sāṅge vede daive nimitte daṇḍanītyāṃ cābhivinītam āpadāṃ daivamānuṣīṇām atharvabhir upāyaiśca pratikartāraṃ kurvīta śīlam→uditoditakulaśīlaṃ +sa · sa sattribhiḥ śapathapūrvam ekaikam amātyam upajāpayet adhārmiko 'yaṃ rājā sādhu dhārmikam anyam asya tatkulīnam aparuddhaṃ kulyam ekapragrahaṃ sāmantam āṭavikam aupapādikaṃ vā pratipādayāmaḥ sarveṣām etad rocate kathaṃ vā tava iti pragraham→ekapragrahaṃ +sāmantam · sarvapravrajitāśca svaṃ svaṃ vargam evam upajapeyuḥ svaṃ+svaṃ · taṃ sattriṇaḥ saṃsthāsvarpayeyuḥ taṃ+sattriṇaḥ
a u → o	vowel coalescence	171	3.44	paropadiṣṭaṃ parokṣam para+upadiṣṭam→paropadiṣṭaṃ · purohitam uditoditakulaśīlaṃ sāṅge vede daive nimitte daṇḍanītyāṃ cābhivinītam āpadāṃ daivamānuṣīṇām atharvabhir upāyaiśca pratikartāraṃ kurvīta udita+udita→uditoditakulaśīlaṃ · iti dharmopadhā dharma+upadhā→dharmopadhā · iti kāmopadhā kāma+upadhā→kāmopadhā
m d → ṃ d	anusvāra / nasal	133	2.67	teṣāṃ janapadabhijanam avagrahaṃ cāptataḥ parīkṣeta samānavidyebhyaḥ śilpaṃ śāstracakṣuṣmattāṃ ca karmārambheṣu prajñāṃ dhārayiṣṇutāṃ dākṣyaṃ ca kathāyogeṣu vāgmitvaṃ prāgalbhyaṃ pratibhānavattvaṃ ca saṃvāsibhyaḥ śīlabalārogyasattvayogam astambham acāpalaṃ ca pratyakṣataḥ sampriyatvam avairatvaṃ ca tām→dhārayiṣṇutāṃ +dākṣyaṃ · svayaṃ dṛṣṭaṃ pratyakṣam svayaṃ+dṛṣṭaṃ · purohitam uditoditakulaśīlaṃ sāṅge vede daive nimitte daṇḍanītyāṃ cābhivinītam āpadāṃ daivamānuṣīṇām atharvabhir upāyaiśca pratikartāraṃ kurvīta āpadāṃ+daiva · na tveva kuryād ātmānaṃ devīṃ vā lakṣyam īśvaraḥ ātmānaṃ+devīṃ
aḥ v → o v	visarga	127	2.55	yathā dāṇḍakyo nāma bhojaḥ kāmād brāhmaṇakanyām abhimanyamānaḥ sabandhurāṣṭro vinanāśa karālaśca vaidehaḥ rāṣṭraḥ→sabandhurāṣṭro +vinanāśa · sabandhurāṣṭrā rājāno vineśur ajitendriyāḥ rājāno+vineśur · jānapado 'bhijātaḥ svavagrahaḥ kṛtaśilpaścakṣuṣmān prājño dhārayiṣṇur dakṣo vāgmī pragalbhaḥ pratipattimān utsāhaprabhāvayuktaḥ kleśasahaḥ śucir maitro dṛḍhabhaktiḥ śīlabalārogyasattvayuktaḥ stambhacāpalahīnaḥ sampriyo vairāṇām akartetyamātyasampat dakṣo+vāgmī · jānapado 'bhijātaḥ svavagrahaḥ kṛtaśilpaścakṣuṣmān prājño dhārayiṣṇur dakṣo vāgmī pragalbhaḥ pratipattimān utsāhaprabhāvayuktaḥ kleśasahaḥ śucir maitro dṛḍhabhaktiḥ śīlabalārogyasattvayuktaḥ stambhacāpalahīnaḥ sampriyo vairāṇām akartetyamātyasampat sampriyo+vairāṇām
aḥ d → o d	visarga	123	2.47	jānapado 'bhijātaḥ svavagrahaḥ kṛtaśilpaścakṣuṣmān prājño dhārayiṣṇur dakṣo vāgmī pragalbhaḥ pratipattimān utsāhaprabhāvayuktaḥ kleśasahaḥ śucir maitro dṛḍhabhaktiḥ śīlabalārogyasattvayuktaḥ stambhacāpalahīnaḥ sampriyo vairāṇām akartetyamātyasampat maitro+dṛḍha · sattriṇo dvaṃdvinas tīrthasabhāpūgajanasamavāyeṣu vivādaṃ kuryuḥ sattriṇo+dvaṃdvinas · sarvaguṇasampannaścāyaṃ rājā śrūyate na cāsya kaścid guṇo dṛśyate yaḥ paurajānapadān daṇḍakarābhyāṃ pīḍayati iti guṇo+dṛśyate · tathāpyatuṣyato daṇḍakarasādhanādhikāreṇa janapadavidveṣaṃ grāhayet atuṣyataḥ→tathāpyatuṣyato +daṇḍa
ḥ c → ś c	visarga	117	2.35	yathā dāṇḍakyo nāma bhojaḥ kāmād brāhmaṇakanyām abhimanyamānaḥ sabandhurāṣṭro vinanāśa karālaśca vaidehaḥ karālaḥ+ca→karālaśca · kopājjanamejayo brāhmaṇeṣu vikrāntaḥ tālajaṅghaśca bhṛguṣu tālajaṅghaḥ+ca→tālajaṅghaśca · lobhād ailaścāturvarṇyam atyāhārayamāṇaḥ sauvīraścājabinduḥ ailaḥ+cāturvarṇyam→ailaścāturvarṇyam · ambarīṣaśca nābhāgo bubhujāte ciraṃ mahīm ambarīṣaḥ+ca→ambarīṣaśca
m m → ṃ m	anusvāra / nasal	114	2.29	ambarīṣaśca nābhāgo bubhujāte ciraṃ mahīm ciraṃ+mahīm · brāhmaṇenaidhitaṃ kṣatraṃ mantrimantrābhimantritam kṣatraṃ+mantri · tam arthamānābhyāṃ protsāhya mantrī brūyāt rājānaṃ māṃ ca pramāṇaṃ kṛtvā yasya yad akuśalaṃ paśyasi tat tadānīm eva pratyādiśa iti rājānaṃ+māṃ · ye cāpy asaṃbandhino 'vaśyabhartavyāste lakṣaṇam aṅgavidyāṃ jambhakavidyāṃ māyāgatam āśramadharmaṃ nimittam antaracakram ityadhīyānāḥ sattriṇaḥ saṃsargavidyāṃ ca vidyām→jambhakavidyāṃ +māyā
a ā → ā	vowel coalescence	105	2.11	teṣāṃ janapadabhijanam avagrahaṃ cāptataḥ parīkṣeta samānavidyebhyaḥ śilpaṃ śāstracakṣuṣmattāṃ ca karmārambheṣu prajñāṃ dhārayiṣṇutāṃ dākṣyaṃ ca kathāyogeṣu vāgmitvaṃ prāgalbhyaṃ pratibhānavattvaṃ ca saṃvāsibhyaḥ śīlabalārogyasattvayogam astambham acāpalaṃ ca pratyakṣataḥ sampriyatvam avairatvaṃ ca karma+ārambheṣu→karmārambheṣu · karmaphalācca sarvapravrajitānāṃ grāsācchādanāvasathān pratividadhyāt grāsa+ācchādana→grāsācchādanāvasathān · evaṃ śatrau ca mitre ca madhyame cāvapeccarān ca+āvapet→cāvapeccarān · vane vanacarāḥ kāryāḥ śramaṇāṭavikādayaḥ śramaṇa+āṭavika→śramaṇāṭavikādayaḥ
m n → ṃ n	anusvāra / nasal	101	2.03	dharmādharmau trayyām arthānarthau vārttāyāṃ nayānayau daṇḍanītyāṃ balābale ca etāsāṃ hetubhir anvīkṣamāṇā lokasya upakaroti vyasane 'bhyudaye ca buddhim avasthāpayati prajñāvākyakriyāvaiśāradyaṃ ca karoti vārttāyāṃ+naya · nāgatvāntaṃ nivarteta sthitā sattvavatāṃ dhṛtau antam→nāgatvāntaṃ +nivarteta · ye cāpy asaṃbandhino 'vaśyabhartavyāste lakṣaṇam aṅgavidyāṃ jambhakavidyāṃ māyāgatam āśramadharmaṃ nimittam antaracakram ityadhīyānāḥ sattriṇaḥ saṃsargavidyāṃ ca dharmam→āśramadharmaṃ +nimittam · bhikṣukīpratiṣedhe dvāḥsthaparamparā mātāpitṛvyañjanāḥ śilpakārikāḥ kuśīlavā dāsyo vā gītapāṭhyavādyabhāṇḍagūḍhalekhyasaṃjñābhir vā cāraṃ nirhareyuḥ cāraṃ+nirhareyuḥ
m t → ṃ t	anusvāra / nasal	79	1.59	samedhāśāstibhiścābhigatānām aṅgavidyayā śiṣyasaṃjñābhiśca karmāṇyabhijane avasitānyādiśet alpalābham agnidāhaṃ corabhayaṃ dūṣyavadhaṃ tuṣṭidānaṃ videśapravṛttijñānam idam adya śvo vā bhaviṣyati idaṃ vā rājā kariṣyati iti vadham→dūṣyavadhaṃ +tuṣṭi · teṣāṃ muṇḍajaṭilavyañjanair yo yadbhaktiḥ kṛtyapakṣīyastaṃ tenopajāpayet tam→kṛtyapakṣīyastaṃ +tena · yad asya kāryam abhipretaṃ tatpratirūpakaṃ mantriṇaḥ pṛcchet kāryam idam evam āsīt evaṃ vā yadi bhavet tat kathaṃ kartavyam iti abhipretaṃ+tad · mahādoṣam upapannaṃ tu bhavati upapannaṃ+tu
m ś → ṃ ś	anusvāra / nasal	78	1.57	āśrayaḥ sarvadharmāṇāṃ śaśvad ānvīkṣikī matā dharmāṇām→sarvadharmāṇāṃ +śaśvad · karṇatvagakṣijihvāghrāṇendriyāṇāṃ śabdasparśarūparasagandheṣvavipratipattir indriyajayaḥ śāstrānuṣṭhānaṃ vā indriyāṇām→karṇatvagakṣijihvāghrāṇendriyāṇāṃ +śabda · teṣāṃ janapadabhijanam avagrahaṃ cāptataḥ parīkṣeta samānavidyebhyaḥ śilpaṃ śāstracakṣuṣmattāṃ ca karmārambheṣu prajñāṃ dhārayiṣṇutāṃ dākṣyaṃ ca kathāyogeṣu vāgmitvaṃ prāgalbhyaṃ pratibhānavattvaṃ ca saṃvāsibhyaḥ śīlabalārogyasattvayogam astambham acāpalaṃ ca pratyakṣataḥ sampriyatvam avairatvaṃ ca śilpaṃ+śāstra · tam ācāryaṃ śiṣyaḥ pitaraṃ putro bhṛtyaḥ svāminam iva cānuvarteta ācāryaṃ+śiṣyaḥ
m r → ṃ r	anusvāra / nasal	72	1.45	purohitam ayājyayājanādhyāpane niyuktam amṛṣyamāṇaṃ rājāvakṣipet amṛṣyamāṇaṃ+rājā · śaucāśaucam amātyānāṃ rājā mārgeta sattribhiḥ amātyānāṃ+rājā · sattvaprajñāvākyaśaktisampannānāṃ rājabhāgyam anuvyāharenmantrisaṃyogaṃ ca brūyāt sampannānām→sattvaprajñāvākyaśaktisampannānāṃ +rāja · pūjitāścārthamānābhyāṃ rājñā rājopajīvinām mānābhyām→pūjitāścārthamānābhyāṃ +rājñā
ḥ t → s t	visarga	71	1.43	ye ca kāraṇād abhikruddhāstān arthamānābhyāṃ śamayet akāraṇakruddhāṃstūṣṇīṃ daṇḍena rājadviṣṭakāriṇaśca abhikruddhāḥ+tān→abhikruddhāstān · ye janapade śūrāstyaktātmāno hastinaṃ vyālaṃ vā dravyahetoḥ pratiyodhayeyuste tīkṣṇāḥ śūrāḥ+tyakta→śūrāstyaktātmāno · ye janapade śūrāstyaktātmāno hastinaṃ vyālaṃ vā dravyahetoḥ pratiyodhayeyuste tīkṣṇāḥ pratiyodhayeyuḥ+te→pratiyodhayeyuste · teṣāṃ bāhyaṃ cāraṃ chattrabhṛṅgāravyajanapādukāsanayānavāhanopagrāhiṇas tīkṣṇā vidyuḥ upagrāhinaḥ→chattrabhṛṅgāravyajanapādukāsanayānavāhanopagrāhiṇas +tīkṣṇā
t a → d a	consonant / other	70	1.41	lobhād ailaścāturvarṇyam atyāhārayamāṇaḥ sauvīraścājabinduḥ lobhād+ailaḥ · mānād rāvaṇaḥ paradārān aprayacchan duryodhano rājyād aṃśaṃ ca rājyād+aṃśaṃ · yaugapadyāt tu karmaṇām anekatvād anekasthatvācca deśakālātyayo mā bhūd iti parokṣam amātyaiḥ kārayedityamātyakarma tvāt→anekatvād +aneka · tam arthamānābhyāṃ protsāhya mantrī brūyāt rājānaṃ māṃ ca pramāṇaṃ kṛtvā yasya yad akuśalaṃ paśyasi tat tadānīm eva pratyādiśa iti yad+akuśalaṃ
m bh → ṃ bh	anusvāra / nasal	68	1.37	sa vārttākarmapradiṣṭāyāṃ bhūmau prabhūtahiraṇyāntevāsī karma kārayet pradiṣṭāyām→vārttākarmapradiṣṭāyāṃ +bhūmau · sa kṛṣikarmapradiṣṭāyāṃ bhūmau iti samānaṃ pūrveṇa pradiṣṭāyām→kṛṣikarmapradiṣṭāyāṃ +bhūmau · sa vaṇikkarmapradiṣṭāyāṃ bhūmau iti samānaṃ pūrveṇa pradiṣṭāyām→vaṇikkarmapradiṣṭāyāṃ +bhūmau · taṃ bhikṣukyaḥ saṃsthāsvarpayeyuḥ taṃ+bhikṣukyaḥ
i a → y a	vowel coalescence	66	1.33	jayatyajitam atyantaṃ śāstrānugamaśastritam jayati+ajitam→jayatyajitam · ityarthopadhā iti+artha→ityarthopadhā · samedhāśāstibhiścābhigatānām aṅgavidyayā śiṣyasaṃjñābhiśca karmāṇyabhijane avasitānyādiśet alpalābham agnidāhaṃ corabhayaṃ dūṣyavadhaṃ tuṣṭidānaṃ videśapravṛttijñānam idam adya śvo vā bhaviṣyati idaṃ vā rājā kariṣyati iti karmāṇi+abhijane→karmāṇyabhijane · ye cāpy asaṃbandhino 'vaśyabhartavyāste lakṣaṇam aṅgavidyāṃ jambhakavidyāṃ māyāgatam āśramadharmaṃ nimittam antaracakram ityadhīyānāḥ sattriṇaḥ saṃsargavidyāṃ ca api→cāpy +a
m g → ṃ g	anusvāra / nasal	64	1.29	karmaphalācca sarvapravrajitānāṃ grāsācchādanāvasathān pratividadhyāt pravrajitānām→sarvapravrajitānāṃ +grāsa · tathāpyatuṣyato daṇḍakarasādhanādhikāreṇa janapadavidveṣaṃ grāhayet vidveṣam→janapadavidveṣaṃ +grāhayet · tair mantrayamāṇo hi mantrasiddhiṃ guptiṃ ca labhate iti siddhim→mantrasiddhiṃ +guptiṃ · aṭavyantapālapurarāṣṭramukhyaiśca pratisaṃsargaṃ gacchet pratisaṃsargaṃ+gacchet
ā a → ā	vowel coalescence	59	1.19	mantripurohitasakhaḥ sāmānyeṣvadhikaraṇeṣu sthāpayitvāmātyān upadhābhiḥ śodhayet sthāpayitvā+amātyān→sthāpayitvāmātyān · purohitam ayājyayājanādhyāpane niyuktam amṛṣyamāṇaṃ rājāvakṣipet rājā+avakṣipet→rājāvakṣipet · kāpaṭikaścātra pūrvāvaruddhasteṣām arthamānāvakṣiptam ekaikam amātyam upajapet asatpravṛtto 'yaṃ rājā sādhvenaṃ hatvānyaṃ pratipādayāmaḥ sarveṣām etad rocate kathaṃ vā tava iti hatvā+anyam→hatvānyaṃ · tathāpyatuṣyato daṇḍakarasādhanādhikāreṇa janapadavidveṣaṃ grāhayet tathā+api→tathāpyatuṣyato
ḥ a → r a	visarga	51	1.02	dharmādharmau trayyām arthānarthau vārttāyāṃ nayānayau daṇḍanītyāṃ balābale ca etāsāṃ hetubhir anvīkṣamāṇā lokasya upakaroti vyasane 'bhyudaye ca buddhim avasthāpayati prajñāvākyakriyāvaiśāradyaṃ ca karoti hetubhir+anvīkṣamāṇā · tadviruddhavṛttir avaśyendriyaś cāturanto api rājā sadyo vinaśyati vṛttiḥ→tadviruddhavṛttir +avaśya · harṣād vātāpir agastyam atyāsādayan vṛṣṇisaṃghaśca dvaipāyanam iti vātāpir+agastyam · sabandhurāṣṭrā rājāno vineśur ajitendriyāḥ vineśur+ajita
a e → ai	vowel coalescence	45	0.9	brāhmaṇenaidhitaṃ kṣatraṃ mantrimantrābhimantritam brāhmaṇena+edhitam→brāhmaṇenaidhitaṃ · vṛttikāmāṃścopajapet etenaiva veṣeṇa rājārthaścaritavyo bhaktavetanakāle copasthātavyam iti etena+eva→etenaiva · mantrī caiṣāṃ vṛttikarmabhyāṃ viyateta ca+eṣām→caiṣāṃ · parasya caite boddhavyāstādṛśair eva tādṛśāḥ ca+ete→caite
aḥ m → o m	visarga	44	0.88	yaugapadyāt tu karmaṇām anekatvād anekasthatvācca deśakālātyayo mā bhūd iti parokṣam amātyaiḥ kārayedityamātyakarma atyayaḥ→deśakālātyayo +mā · śilpavatyaḥ striyo mūkāścitrāśca mlecchajātayaḥ striyo+mūkāḥ · tasmād guhyam eko mantrayeta iti bhāradvājaḥ eko+mantrayeta · karmaṇām ārambhopāyaḥ puruṣadravyasampad deśakālavibhāgo vinipātapratīkāraḥ kāryasiddhir iti pañcāṅgo mantraḥ aṅgaḥ→pañcāṅgo +mantraḥ
ḥ v → Ø v	visarga	39	0.78	adhikuryād yathā śaucam ityācāryā vyavasthitāḥ ācāryāḥ→ityācāryā +vyavasthitāḥ · sa vārttākarmapradiṣṭāyāṃ bhūmau prabhūtahiraṇyāntevāsī karma kārayet sa+vārttā · sa vaṇikkarmapradiṣṭāyāṃ bhūmau iti samānaṃ pūrveṇa sa+vaṇikkarma · etayā muṇḍā vṛṣalyo vyākhyātāḥ muṇḍā+vṛṣalyo
aḥ n → o n	visarga	37	0.74	yathā dāṇḍakyo nāma bhojaḥ kāmād brāhmaṇakanyām abhimanyamānaḥ sabandhurāṣṭro vinanāśa karālaśca vaidehaḥ dāṇḍakyo+nāma · tasmād rājāno nāvamantavyāḥ rājāno+na · yathā caṇḍālodapānaścaṇḍālānām evopabhogyo nānyeṣām evam ayaṃ rājā nīco nīcānām evopabhogyo na tvadvidhānām āryāṇām asau rājā puruṣaviśeṣajñaḥ tatra gamyatām iti mānivargam upajāpayet nīco+nīcānām · yathā caṇḍālodapānaścaṇḍālānām evopabhogyo nānyeṣām evam ayaṃ rājā nīco nīcānām evopabhogyo na tvadvidhānām āryāṇām asau rājā puruṣaviśeṣajñaḥ tatra gamyatām iti mānivargam upajāpayet upabhogyaḥ→evopabhogyo +na
m h → ṃ h	anusvāra / nasal	36	0.72	saṃvaraṇamātraṃ hi trayī lokayātrāvida iti mātram→saṃvaraṇamātraṃ +hi · tasyāṃ hi sarvavidyārambhāḥ pratibaddhā iti tasyāṃ+hi · dharmādharmau trayyām arthānarthau vārttāyāṃ nayānayau daṇḍanītyāṃ balābale ca etāsāṃ hetubhir anvīkṣamāṇā lokasya upakaroti vyasane 'bhyudaye ca buddhim avasthāpayati prajñāvākyakriyāvaiśāradyaṃ ca karoti etāsāṃ+hetubhir · kṛtsnaṃ hi śāstram idam indriyajayaḥ kṛtsnaṃ+hi
t i → d i	consonant / other	36	0.72	yaugapadyāt tu karmaṇām anekatvād anekasthatvācca deśakālātyayo mā bhūd iti parokṣam amātyaiḥ kārayedityamātyakarma bhūd+iti · yaugapadyāt tu karmaṇām anekatvād anekasthatvācca deśakālātyayo mā bhūd iti parokṣam amātyaiḥ kārayedityamātyakarma kārayet+iti→kārayedityamātyakarma · tasya saṃvaraṇam āyuktapuruṣarakṣaṇam ā kāryakālād iti kālāt→kāryakālād +iti · tasmād imaṃ dvyakṣaṃ sahasrākṣam āhuḥ tasmād+imaṃ
ḥ v → r v	visarga	35	0.7	bhikṣukīpratiṣedhe dvāḥsthaparamparā mātāpitṛvyañjanāḥ śilpakārikāḥ kuśīlavā dāsyo vā gītapāṭhyavādyabhāṇḍagūḍhalekhyasaṃjñābhir vā cāraṃ nirhareyuḥ saṃjñābhiḥ→gītapāṭhyavādyabhāṇḍagūḍhalekhyasaṃjñābhir +vā · mantribhistribhiścaturbhir vā saha mantrayeta caturbhiḥ→mantribhistribhiścaturbhir +vā · kṛtyapakṣopajāpam akṛtyapakṣe gūḍhapraṇidhānaṃ rāgāparāgau bhartari randhraṃ ca prakṛtīnāṃ tāpasavaidehakavyañjanābhyām upalabheta tayor antevāsibhiścikitsakapāṣaṇḍavyañjanobhayavetanair vā vetanaiḥ→antevāsibhiścikitsakapāṣaṇḍavyañjanobhayavetanair +vā · teṣām asaṃbhāṣāyāṃ yācakamattonmattasuptapralāpaiḥ puṇyasthānadevagṛhacitralekhyasaṃjñābhir vā cāram upalabheta saṃjñābhiḥ→puṇyasthānadevagṛhacitralekhyasaṃjñābhir +vā
m y → ṃ y	anusvāra / nasal	34	0.68	sāṃkhyaṃ yogo lokāyataṃ cetyānvīkṣikī sāṃkhyaṃ+yogo · sa nagarābhyāśe prabhūtamuṇḍajaṭilāntevāsī śākaṃ yavamuṣṭiṃ vā māsadvimāsāntaraṃ prakāśam aśnīyāt gūḍham iṣṭam āhāram śākaṃ+yava · tena bhṛtā rājānaḥ prajānāṃ yogakṣemāvahāḥ prajānāṃ+yogakṣema · tasmād uñchaṣaḍbhāgam āraṇyakāpi nirvapanti tasyaitad bhāgadheyaṃ yo 'smān gopāyati iti bhāgadheyaṃ+yo
aḥ h → o h	visarga	31	0.62	trayīviśeṣo hyānvīkṣikīti viśeṣaḥ→trayīviśeṣo +hi · ye janapade śūrāstyaktātmāno hastinaṃ vyālaṃ vā dravyahetoḥ pratiyodhayeyuste tīkṣṇāḥ ātmānaḥ→śūrāstyaktātmāno +hastinaṃ · yathā madāndho hastī mattenādhiṣṭhito yad yad āsādayati tat sarvaṃ pramṛdnāti evam ayam aśāstracakṣur andho rājā paurajānapadavadhāyābhyutthitaḥ śakyam asya pratihastiprotsāhanenāpakartum amarṣaḥ kriyatām iti kruddhavargam upajāpayet andhaḥ→madāndho +hastī · mantrabhedo hi dūtāmātyasvāminām iṅgitākārābhyām bhedaḥ→mantrabhedo +hi
t v → d v	consonant / other	30	0.6	tābhir dharmārthau yad vidyāt tad vidyānāṃ vidyātvam yad+vidyāt · tābhir dharmārthau yad vidyāt tad vidyānāṃ vidyātvam tad+vidyānāṃ · harṣād vātāpir agastyam atyāsādayan vṛṣṇisaṃghaśca dvaipāyanam iti harṣād+vātāpir · saṃśrutyārthān vipralabdhaḥ tulyakāriṇoḥ śilpe vopakāre vā vimānitaḥ vallabhāvaruddhaḥ samāhūya parājitaḥ pravāsopataptaḥ kṛtvā vyayam alabdhakāryaḥ svadharmād dāyādyād voparuddhaḥ mānādhikārābhyāṃ bhraṣṭaḥ kulyair antarhitaḥ prasabhābhimṛṣṭastrīkaḥ kārābhinyastaḥ paroktadaṇḍitaḥ mithyācāravāritaḥ sarvasvam āhāritaḥ bandhanaparikliṣṭaḥ pravāsitabandhuḥ iti kruddhavargaḥ dāyādyād+vā
m b → ṃ b	anusvāra / nasal	27	0.54	teṣāṃ bāhyaṃ cāraṃ chattrabhṛṅgāravyajanapādukāsanayānavāhanopagrāhiṇas tīkṣṇā vidyuḥ teṣāṃ+bāhyaṃ · ye cāsya dhānyapaśuhiraṇyānyājīvanti tair upakurvanti vyasane 'bhyudaye vā kupitaṃ bandhuṃ rāṣṭraṃ vā vyāvartayanti amitram āṭavikaṃ vā pratiṣedhayanti teṣāṃ muṇḍajaṭilavyañjanāstuṣṭātuṣṭatvaṃ vidyuḥ kupitaṃ+bandhuṃ · śāsanaṃ ca yathoktaṃ brūyāt prāṇābādhe 'pi dṛṣṭe uktam→yathoktaṃ +brūyāt · taṃ brūyāt dūtamukhā hi rājānaḥ tvaṃ cānye ca taṃ+brūyāt
t m → n m	consonant / other	25	0.5	sattvaprajñāvākyaśaktisampannānāṃ rājabhāgyam anuvyāharenmantrisaṃyogaṃ ca brūyāt anuvyāharet+mantri→anuvyāharenmantrisaṃyogaṃ · tasmān mantroddeśam anāyukto nopagacchet tasmān+mantra · tasmād rakṣen mantram rakṣen+mantram · na kaṃcid avamanyeta sarvasya śṛṇuyān matam śṛṇuyān+matam
t u → d u	consonant / other	25	0.5	gṛhītaputradārāṃśca kuryād ubhayavetanān kuryād+ubhaya · tasmād uñchaṣaḍbhāgam āraṇyakāpi nirvapanti tasyaitad bhāgadheyaṃ yo 'smān gopāyati iti tasmād+uñcha · tasmād udyateṣvapi śastreṣu yathoktaṃ vaktāro dūtāḥ tasmād+udyateṣu · evam ayaṃ navabuddhir yad yad ucyate tat tatśāstropadeśam ivābhijānāti yad+ucyate
ḥ i → Ø i	visarga	24	0.48	saṃvaraṇamātraṃ hi trayī lokayātrāvida iti vidaḥ→lokayātrāvida +iti · tasyāṃ hi sarvavidyārambhāḥ pratibaddhā iti pratibaddhā+iti · catasra eva vidyā iti kauṭilyaḥ vidyā+iti · trayaḥ prācīnā rājamārgāstraya udīcīnā iti vāstuvibhāgaḥ udīcīnā+iti
aḥ a → o a	visarga	23	0.46	kāpaṭikaścātra pūrvāvaruddhasteṣām arthamānāvakṣiptam ekaikam amātyam upajapet asatpravṛtto 'yaṃ rājā sādhvenaṃ hatvānyaṃ pratipādayāmaḥ sarveṣām etad rocate kathaṃ vā tava iti pravṛttaḥ→asatpravṛtto +'yaṃ · ye cāpy asaṃbandhino 'vaśyabhartavyāste lakṣaṇam aṅgavidyāṃ jambhakavidyāṃ māyāgatam āśramadharmaṃ nimittam antaracakram ityadhīyānāḥ sattriṇaḥ saṃsargavidyāṃ ca saṃbandhinaḥ→asaṃbandhino +avaśya · śāsanam aniṣṭam uktvā bandhavadhabhayād avisṛṣṭo 'pyapagacchet anyathā niyamyeta avisṛṣṭo+api · mānuṣeṇāgninā trir apasavyaṃ parigatam antaḥpuram agnir anyo na dahati na cātrānyo 'gnir jvalati vaidyutena bhasmanā mṛtsaṃyuktena karakavāriṇāvaliptaṃ ca anyaḥ→cātrānyo +'gnir
a i → e	vowel coalescence	22	0.44	sāṃkhyaṃ yogo lokāyataṃ cetyānvīkṣikī ca+iti→cetyānvīkṣikī · tadviruddhavṛttir avaśyendriyaś cāturanto api rājā sadyo vinaśyati avaśya+indriyaḥ→avaśyendriyaś · sabandhurāṣṭrā rājāno vineśur ajitendriyāḥ ajita+indriyāḥ→ajitendriyāḥ · śatruṣaḍvargam utsṛjya jāmadagnyo jitendriyaḥ jita+indriyaḥ→jitendriyaḥ
aḥ r → o r	visarga	22	0.44	mānād rāvaṇaḥ paradārān aprayacchan duryodhano rājyād aṃśaṃ ca duryodhano+rājyād · svayam upahataḥ viprakṛtaḥ pāpakarmābhikhyātaḥ tulyadoṣadaṇḍenodvignaḥ paryāttabhūmiḥ daṇḍenopanataḥ sarvādhikaraṇasthaḥ sahasopacitārthaḥ tatkulīno vāśaṃsuḥ pradviṣṭo rājñā rājadveṣī ca iti bhītavargaḥ pradviṣṭo+rājñā · yathā madāndho hastī mattenādhiṣṭhito yad yad āsādayati tat sarvaṃ pramṛdnāti evam ayam aśāstracakṣur andho rājā paurajānapadavadhāyābhyutthitaḥ śakyam asya pratihastiprotsāhanenāpakartum amarṣaḥ kriyatām iti kruddhavargam upajāpayet andho+rājā · mantrabhedo hyayogakṣemakaro rājñastadāyuktapuruṣāṇāṃ ca karaḥ→hyayogakṣemakaro +rājñaḥ
m j → ṃ j	anusvāra / nasal	22	0.44	ye cāpy asaṃbandhino 'vaśyabhartavyāste lakṣaṇam aṅgavidyāṃ jambhakavidyāṃ māyāgatam āśramadharmaṃ nimittam antaracakram ityadhīyānāḥ sattriṇaḥ saṃsargavidyāṃ ca vidyām→aṅgavidyāṃ +jambhaka · pratyāpatter hi tad eva kāraṇaṃ jñātvāntapālasakhaḥ syāt kāraṇaṃ+jñātvā · anyatrāpada aiśvaryaṃ jyeṣṭhabhāgi tu pūjyate aiśvaryaṃ+jyeṣṭha · devīgṛhe līno hi bhrātā bhadrasenaṃ jaghāna mātuḥ śayyāntargataśca putraḥ kārūṣam bhadrasenaṃ+jaghāna
s p → ḥ p	consonant / other	21	0.42	ataḥ pādārdhaguṇahīnau madhyamāvarau ataḥ+pāda · tataḥ pareṣu kṛcchreṇārthaniścayo gamyate mantro vā rakṣyate tataḥ+pareṣu · tān ekaikaśaḥ pṛcchet samastāṃśca ekaikaśaḥ+pṛcchet · tataḥ paraṃ gandhamālyarasapaṇyāḥ prasādhanakāravaḥ kṣatriyāśca pūrvāṃ diśam adhivaseyuḥ tataḥ+paraṃ
aḥ g → o g	visarga	21	0.42	upadhābhiḥ śuddhāmātyavargo gūḍhapuruṣān utpādayet kāpaṭikodāsthitagṛhapatikavaidehakatāpasavyañjanān sattritīkṣṇarasadabhikṣukīśca vargaḥ→śuddhāmātyavargo +gūḍha · karṣako vṛttikṣīṇaḥ prajñāśaucayukto gṛhapatikavyañjanaḥ yuktaḥ→prajñāśaucayukto +gṛha · tataḥ pareṣu kṛcchreṇārthaniścayo gamyate mantro vā rakṣyate niścayaḥ→kṛcchreṇārthaniścayo +gamyate · śāsanam evaṃ vācyaḥ paraḥ sa vakṣyatyevam tasyedaṃ prativākyam evam atisaṃdhātavyam ityadhīyāno gacchet adhīyānaḥ→ityadhīyāno +gacchet
t e → d e	consonant / other	21	0.42	parasparād vā bhedayed enān sāmantāṭavikatatkulīnāparuddhebhyaśca bhedayed+enān · svadūtaiḥ kārayed etat paradūtāṃśca rakṣayet kārayed+etat · tasmād ekasthānāvarodhaḥ śreyān iti tasmād+eka · pratyāpatter hi tad eva kāraṇaṃ jñātvāntapālasakhaḥ syāt tad+eva
t c → c c	consonant / other	21	0.42	tatra ratnopadhāv uttamo daṇḍaḥ kartuḥ kārayituśca sāropadhau madhyamaḥ phalgukupyopadhau tacca tāvacca daṇḍaḥ tat+ca→tacca · tatra ratnopadhāv uttamo daṇḍaḥ kartuḥ kārayituśca sāropadhau madhyamaḥ phalgukupyopadhau tacca tāvacca daṇḍaḥ tāvat+ca→tāvacca · hrāsaṃ vyayasya ca prājñaḥ sādhayecca viparyayam sādhayet+ca→sādhayecca · tatra ratnopabhoge ghātaḥ sāropabhoge madhyamaḥ sāhasadaṇḍaḥ phalgukupyopabhoge tacca tāvacca daṇḍaḥ tat+ca→tacca
t ā → d ā	consonant / other	20	0.4	āśrayaḥ sarvadharmāṇāṃ śaśvad ānvīkṣikī matā śaśvad+ānvīkṣikī · na tveva kuryād ātmānaṃ devīṃ vā lakṣyam īśvaraḥ kuryād+ātmānaṃ · yathā madāndho hastī mattenādhiṣṭhito yad yad āsādayati tat sarvaṃ pramṛdnāti evam ayam aśāstracakṣur andho rājā paurajānapadavadhāyābhyutthitaḥ śakyam asya pratihastiprotsāhanenāpakartum amarṣaḥ kriyatām iti kruddhavargam upajāpayet yad+āsādayati · navaṃ hi dravyaṃ yena yenārthajātenopadihyate tat tad ācūṣati tad+ācūṣati
ḥ d → Ø d	visarga	20	0.4	bhikṣukīpratiṣedhe dvāḥsthaparamparā mātāpitṛvyañjanāḥ śilpakārikāḥ kuśīlavā dāsyo vā gītapāṭhyavādyabhāṇḍagūḍhalekhyasaṃjñābhir vā cāraṃ nirhareyuḥ kuśīlavā+dāsyo · durgeṣu vaṇijaḥ saṃsthā durgānte siddhatāpasāḥ saṃsthā+durga · sa doṣaḥ sa+doṣaḥ · aṣṭaśatagrāmyā madhye sthānīyam catuḥśatagrāmyā droṇamukham dviśatagrāmyāḥ kārvaṭikam daśagrāmīsaṃgraheṇa saṃgrahaṃ sthāpayet grāmyāḥ→catuḥśatagrāmyā +droṇamukham
m l → ṃ l	anusvāra / nasal	18	0.36	vyayakarmaṇi ca bhāgī syāt na cāṃśaṃ labheta aṃśam→cāṃśaṃ +labheta · kṛtapratighātāvasthaḥ sūcako niṣpannārthaḥ ṣaṣṭham aṃśaṃ labheta dvādaśam aṃśaṃ bhṛtakaḥ aṃśaṃ+labheta · prabhūtābhiyogād alpaniṣpattau niṣpannasyāṃśaṃ labheta aṃśam→niṣpannasyāṃśaṃ +labheta · aniṣpanne śārīraṃ hairaṇyaṃ vā daṇḍaṃ labheta na cānugrāhyaḥ daṇḍaṃ+labheta
t n → n n	consonant / other	17	0.34	tasmān nāsya pare vidyuḥ karma kiṃciccikīrṣitam tasmān+na · tasmād dharmyam arthyaṃ cāsyopadiśen nādharmyam anarthyaṃ ca upadiśet→cāsyopadiśen +na · sarvam ātyayikaṃ kāryaṃ śṛṇuyān nātipātayet śṛṇuyān+na · tasmān nityotthito rājā kuryād arthānuśāsanam tasmān+nitya
i ā → y ā	vowel coalescence	16	0.32	trayīviśeṣo hyānvīkṣikīti hi+ānvīkṣikī→hyānvīkṣikīti · adhikuryād yathā śaucam ityācāryā vyavasthitāḥ iti+ācāryāḥ→ityācāryā · samedhāśāstibhiścābhigatānām aṅgavidyayā śiṣyasaṃjñābhiśca karmāṇyabhijane avasitānyādiśet alpalābham agnidāhaṃ corabhayaṃ dūṣyavadhaṃ tuṣṭidānaṃ videśapravṛttijñānam idam adya śvo vā bhaviṣyati idaṃ vā rājā kariṣyati iti avasitāni+ādiśet→avasitānyādiśet · rakṣito rājā rājyaṃ rakṣatyāsannebhyaḥ parebhyaśca pūrvaṃ dārebhyaḥ putrebhyaśca rakṣati+āsannebhyaḥ→rakṣatyāsannebhyaḥ
t d → d d	consonant / other	16	0.32	madād dambhodbhavo bhūtāvamānī haihayaścārjunaḥ madād+dambhodbhavo · saṃśrutyārthān vipralabdhaḥ tulyakāriṇoḥ śilpe vopakāre vā vimānitaḥ vallabhāvaruddhaḥ samāhūya parājitaḥ pravāsopataptaḥ kṛtvā vyayam alabdhakāryaḥ svadharmād dāyādyād voparuddhaḥ mānādhikārābhyāṃ bhraṣṭaḥ kulyair antarhitaḥ prasabhābhimṛṣṭastrīkaḥ kārābhinyastaḥ paroktadaṇḍitaḥ mithyācāravāritaḥ sarvasvam āhāritaḥ bandhanaparikliṣṭaḥ pravāsitabandhuḥ iti kruddhavargaḥ svadharmād+dāyādyād · tasmād devatāśramapāṣaṇḍaśrotriyapaśupuṇyasthānānāṃ bālavṛddhavyādhitavyasanyanāthānāṃ strīṇāṃ ca krameṇa kāryāṇi paśyet kāryagauravād ātyayikavaśena vā tasmād+devatā · pracāracaritrasaṃsthānāny anupalabhamāno hi prakṛtaḥ samudayam ajñānena parihāpayati utthānakleśāsahatvād ālasyena śabdādiṣvindriyārtheṣu prasaktaḥ pramādena saṃkrośādharmānarthabhīrubhayena kāryārthiṣvanugrahabuddhiḥ kāmena hiṃsābuddhiḥ kopena vidyādravyavallabhāpāśrayād darpeṇa tulāmānatarkagaṇitāntaropadhānāl lobhena apāśrayāt→vidyādravyavallabhāpāśrayād +darpeṇa
aḥ bh → o bh	visarga	16	0.32	madād dambhodbhavo bhūtāvamānī haihayaścārjunaḥ dambhodbhavo+bhūta · tam ācāryaṃ śiṣyaḥ pitaraṃ putro bhṛtyaḥ svāminam iva cānuvarteta putro+bhṛtyaḥ · vṛttikāmāṃścopajapet etenaiva veṣeṇa rājārthaścaritavyo bhaktavetanakāle copasthātavyam iti caritavyaḥ→rājārthaścaritavyo +bhakta · śrūyate hi śukasārikābhir mantro bhinnaḥ śvabhir apyanyaiśca tiryagyonibhir iti mantro+bhinnaḥ
ā ā → ā	vowel coalescence	16	0.32	saṃśrutyārthān vipralabdhaḥ tulyakāriṇoḥ śilpe vopakāre vā vimānitaḥ vallabhāvaruddhaḥ samāhūya parājitaḥ pravāsopataptaḥ kṛtvā vyayam alabdhakāryaḥ svadharmād dāyādyād voparuddhaḥ mānādhikārābhyāṃ bhraṣṭaḥ kulyair antarhitaḥ prasabhābhimṛṣṭastrīkaḥ kārābhinyastaḥ paroktadaṇḍitaḥ mithyācāravāritaḥ sarvasvam āhāritaḥ bandhanaparikliṣṭaḥ pravāsitabandhuḥ iti kruddhavargaḥ mithyā+ācāra→mithyācāravāritaḥ · svayam upahataḥ viprakṛtaḥ pāpakarmābhikhyātaḥ tulyadoṣadaṇḍenodvignaḥ paryāttabhūmiḥ daṇḍenopanataḥ sarvādhikaraṇasthaḥ sahasopacitārthaḥ tatkulīno vāśaṃsuḥ pradviṣṭo rājñā rājadveṣī ca iti bhītavargaḥ vā+āśaṃsuḥ→vāśaṃsuḥ · tasmād devatāśramapāṣaṇḍaśrotriyapaśupuṇyasthānānāṃ bālavṛddhavyādhitavyasanyanāthānāṃ strīṇāṃ ca krameṇa kāryāṇi paśyet kāryagauravād ātyayikavaśena vā devatā+āśrama→devatāśramapāṣaṇḍaśrotriyapaśupuṇyasthānānāṃ · kośagṛhavidhānena madhye vāsagṛham gūḍhabhittisaṃcāraṃ mohanagṛhaṃ tanmadhye vā vāsagṛham bhūmigṛhaṃ vāsannacaityakāṣṭhadevatāpidhānadvāram anekasuruṅgāsaṃcāraṃ tasyopari prāsādaṃ gūḍhabhittisopānaṃ suṣirastambhapraveśāpasāraṃ vā vāsagṛhaṃ yantrabaddhatalāvapātaṃ kārayet āpatpratīkārārtham āpadi vā vā+āsanna→vāsannacaityakāṣṭhadevatāpidhānadvāram
aḥ l → o l	visarga	15	0.3	sāṃkhyaṃ yogo lokāyataṃ cetyānvīkṣikī yogo+lokāyataṃ · śulkaṃ daṇḍaḥ pautavaṃ nāgariko lakṣaṇādhyakṣo mudrādhyakṣaḥ surā sūnā sūtraṃ tailaṃ ghṛtaṃ kṣāraḥ sauvarṇikaḥ paṇyasaṃsthā veśyā dyūtaṃ vāstukaṃ kāruśilpigaṇo devatādhyakṣo dvārabāhirikādeyaṃ ca durgam nāgariko+lakṣaṇa · nityo nityotpādiko lābho lābhotpādika iti vyayaḥ lābho+lābha · nityo nityotpādiko lābho lābhotpādika iti vyayaḥ utpādikaḥ→nityotpādiko +lābho
t r → d r	consonant / other	15	0.3	mānād rāvaṇaḥ paradārān aprayacchan duryodhano rājyād aṃśaṃ ca mānād+rāvaṇaḥ · sa sattribhiḥ śapathapūrvam ekaikam amātyam upajāpayet adhārmiko 'yaṃ rājā sādhu dhārmikam anyam asya tatkulīnam aparuddhaṃ kulyam ekapragrahaṃ sāmantam āṭavikam aupapādikaṃ vā pratipādayāmaḥ sarveṣām etad rocate kathaṃ vā tava iti etad+rocate · senāpatir asatpragraheṇāvakṣiptaḥ sattribhir ekaikam amātyam upajāpayet lobhanīyenārthena rājavināśāya sarveṣām etad rocate kathaṃ vā tava iti etad+rocate · kāpaṭikaścātra pūrvāvaruddhasteṣām arthamānāvakṣiptam ekaikam amātyam upajapet asatpravṛtto 'yaṃ rājā sādhvenaṃ hatvānyaṃ pratipādayāmaḥ sarveṣām etad rocate kathaṃ vā tava iti etad+rocate
ḥ r → Ø r	visarga	15	0.3	sabandhurāṣṭrā rājāno vineśur ajitendriyāḥ rāṣṭrāḥ→sabandhurāṣṭrā +rājāno · sūdārālikasnāpakasaṃvāhakāstarakakalpakaprasādhakodakaparicārakā rasadāḥ kubjavāmanakirātamūkabadhirajaḍāndhacchadmāno naṭanartakagāyanavādakavāgjīvanakuśīlavāḥ striyaścābhyantaraṃ cāraṃ vidyuḥ paricārakāḥ→sūdārālikasnāpakasaṃvāhakāstarakakalpakaprasādhakodakaparicārakā +rasadāḥ · karṣakodāsthitā rāṣṭre rāṣṭrānte vrajavāsinaḥ udāsthitāḥ→karṣakodāsthitā +rāṣṭre · tena bhṛtā rājānaḥ prajānāṃ yogakṣemāvahāḥ bhṛtā+rājānaḥ
u a → v a	vowel coalescence	15	0.3	jānapado 'bhijātaḥ svavagrahaḥ kṛtaśilpaścakṣuṣmān prājño dhārayiṣṇur dakṣo vāgmī pragalbhaḥ pratipattimān utsāhaprabhāvayuktaḥ kleśasahaḥ śucir maitro dṛḍhabhaktiḥ śīlabalārogyasattvayuktaḥ stambhacāpalahīnaḥ sampriyo vairāṇām akartetyamātyasampat su+avagrahaḥ→svavagrahaḥ · mantripurohitasakhaḥ sāmānyeṣvadhikaraṇeṣu sthāpayitvāmātyān upadhābhiḥ śodhayet sāmānyeṣu+adhikaraṇeṣu→sāmānyeṣvadhikaraṇeṣu · taṃ sattriṇaḥ saṃsthāsvarpayeyuḥ saṃsthāsu+arpayeyuḥ→saṃsthāsvarpayeyuḥ · taṃ bhikṣukyaḥ saṃsthāsvarpayeyuḥ saṃsthāsu+arpayeyuḥ→saṃsthāsvarpayeyuḥ
m dh → ṃ dh	anusvāra / nasal	15	0.3	teṣāṃ janapadabhijanam avagrahaṃ cāptataḥ parīkṣeta samānavidyebhyaḥ śilpaṃ śāstracakṣuṣmattāṃ ca karmārambheṣu prajñāṃ dhārayiṣṇutāṃ dākṣyaṃ ca kathāyogeṣu vāgmitvaṃ prāgalbhyaṃ pratibhānavattvaṃ ca saṃvāsibhyaḥ śīlabalārogyasattvayogam astambham acāpalaṃ ca pratyakṣataḥ sampriyatvam avairatvaṃ ca prajñāṃ+dhārayiṣṇu · nāgatvāntaṃ nivarteta sthitā sattvavatāṃ dhṛtau sattvavatāṃ+dhṛtau · yathā śvagaṇināṃ dhenuḥ śvabhyo duhyate na brāhmaṇebhyaḥ evam ayaṃ rājā sattvaprajñāvākyaśaktihīnebhyo duhyate nātmaguṇasampannebhyaḥ asau rājā puruṣaviśeṣajñaḥ tatra gamyatām iti lubdhavargam upajāpayet gaṇinām→śvagaṇināṃ +dhenuḥ · savatsāṃ dhenuṃ vṛṣabhaṃ ca pradakṣiṇīkṛtyopasthānaṃ gacchet vatsām→savatsāṃ +dhenuṃ
ḥ u → r u	visarga	15	0.3	purohitam uditoditakulaśīlaṃ sāṅge vede daive nimitte daṇḍanītyāṃ cābhivinītam āpadāṃ daivamānuṣīṇām atharvabhir upāyaiśca pratikartāraṃ kurvīta atharvabhir+upāyaiḥ · kṛtā ca kaluṣā buddhir upadhābhiścaturvidhā buddhir+upadhābhiḥ · ātmasaṃbhāvitaḥ mānakāmaḥ śatrupūjāmarṣitaḥ nīcair upahitaḥ tīkṣṇaḥ sāhasikaḥ bhogenāsaṃtuṣṭaḥ iti mānivargaḥ nīcair+upahitaḥ · teṣāṃ hi pramādamadasuptapralāpāḥ kāmādir utsekaḥ pracchanno 'vamato vā mantraṃ bhinatti ādiḥ→kāmādir +utsekaḥ
s k → ḥ k	consonant / other	15	0.3	pṛṣṭhataḥ kakṣyāvibhāge strīniveśo garbhavyādhisaṃsthā vṛkṣodakasthānaṃ ca pṛṣṭhataḥ+kakṣyā · bahiḥ kanyākumārapuram bahiḥ+kanyā · niryāṇe 'bhiyāne ca rājamārgam ubhayataḥ kṛtārakṣaṃ śastribhir daṇḍibhiścāpāstaśastrahastapravrajitavyaṅgaṃ gacchet ubhayataḥ+kṛta · pūrvaṃ siddhaṃ paścād avatāritam paścāt siddhaṃ pūrvam avatāritam sādhyaṃ na siddham asādhyaṃ siddham siddham asiddhaṃ kṛtam asiddhaṃ siddhaṃ kṛtam alpasiddhaṃ bahu kṛtam bahusiddham alpaṃ kṛtam anyat siddham anyat kṛtam anyataḥ siddham anyataḥ kṛtam deyaṃ na dattam adeyaṃ dattam kāle na dattam akāle dattam alpaṃ dattaṃ bahu kṛtam bahu dattam alpaṃ kṛtam anyad dattam anyat kṛtam anyato dattam anyataḥ kṛtam praviṣṭam apraviṣṭaṃ kṛtam apraviṣṭaṃ praviṣṭaṃ kṛtam kupyam adattamūlyaṃ praviṣṭam dattamūlyaṃ na praviṣṭaṃ saṃkṣepo vikṣepaḥ kṛtaḥ vikṣepaḥ saṃkṣepo vā mahārgham alpārgheṇa parivartitam alpārghaṃ mahārgheṇa vā samāropito 'rghaḥ pratyavaropito vā saṃvatsaro māsaviṣamaḥ kṛtaḥ māso divasaviṣamo vā samāgamaviṣamaḥ mukhaviṣamaḥ kārmikaviṣamaḥ nirvartanaviṣamaḥ piṇḍaviṣamaḥ varṇaviṣamaḥ arghaviṣamaḥ mānaviṣamaḥ māpanaviṣamaḥ bhājanaviṣamaḥ iti haraṇopāyāḥ anyataḥ+kṛtam
aḥ a → o '	visarga	14	0.28	jānapado 'bhijātaḥ svavagrahaḥ kṛtaśilpaścakṣuṣmān prājño dhārayiṣṇur dakṣo vāgmī pragalbhaḥ pratipattimān utsāhaprabhāvayuktaḥ kleśasahaḥ śucir maitro dṛḍhabhaktiḥ śīlabalārogyasattvayuktaḥ stambhacāpalahīnaḥ sampriyo vairāṇām akartetyamātyasampat jānapado+'bhijātaḥ · prahavaṇanimittam eko 'mātyaḥ sarvān amātyān āvāhayet eko+'mātyaḥ · tasmād uñchaṣaḍbhāgam āraṇyakāpi nirvapanti tasyaitad bhāgadheyaṃ yo 'smān gopāyati iti yo+'smān · tān avamanyamānān daivo 'pi daṇḍaḥ spṛśati daivo+'pi
ḥ u → Ø u	visarga	14	0.28	pravrajyāpratyavasitaḥ prajñāśaucayukta udāsthitaḥ yuktaḥ→prajñāśaucayukta +udāsthitaḥ · trayaḥ prācīnā rājamārgāstraya udīcīnā iti vāstuvibhāgaḥ trayaḥ→rājamārgāstraya +udīcīnā · vaiḍūryam utpalavarṇaḥ śirīṣapuṣpaka udakavarṇo vaṃśarāgaḥ śukapattravarṇaḥ puṣyarāgo gomūtrako gomedakaḥ śirīṣapuṣpaka+udaka · avakṣepaḥ pratimānam agnir gaṇḍikā bhaṇḍikādhikaraṇī piñchaḥ sūtraṃ cellaṃ bollanaṃ śira utsaṅgo makṣikā svakāyekṣā dṛtir udakaśarāvam agniṣṭham iti kācaṃ vidyāt śira+utsaṅgo
aḥ y → o y	visarga	14	0.28	teṣāṃ muṇḍajaṭilavyañjanair yo yadbhaktiḥ kṛtyapakṣīyastaṃ tenopajāpayet yo+yad · yathā madāndho hastī mattenādhiṣṭhito yad yad āsādayati tat sarvaṃ pramṛdnāti evam ayam aśāstracakṣur andho rājā paurajānapadavadhāyābhyutthitaḥ śakyam asya pratihastiprotsāhanenāpakartum amarṣaḥ kriyatām iti kruddhavargam upajāpayet adhiṣṭhitaḥ→mattenādhiṣṭhito +yad · yathā līnaḥ sarpo yasmād bhayaṃ paśyati tatra viṣam utsṛjati evam ayaṃ rājā jātadoṣāśaṅkastvayi purā krodhaviṣam utsṛjati anyatra gamyatām iti bhītavargam upajāpayet sarpo+yasmād · sa dvādaśadvāro yuktodakabhramacchannapathaḥ dvāraḥ→dvādaśadvāro +yukta
d j → j j	consonant / other	14	0.28	tajjātakaraṇādhiṣṭhitaḥ purāṇaṃ navaṃ ca ratnaṃ sāraṃ phalgu kupyaṃ vā pratigṛhṇīyāt tad+jāta→tajjātakaraṇādhiṣṭhitaḥ · uttamamadhyamāvareṣu ca karmasu tajjātikam adhyakṣaṃ kuryāt sāmudayikeṣvavakﾱptikam vyayam upahatya rājā nānutapyeta tad+jātikam→tajjātikam · anugraho yo nṛpater nideśāt tajjñaḥ parīhāra iti vyavasyet tad+jñaḥ→tajjñaḥ · kośādhyakṣaḥ kośapraveśyaṃ ratnaṃ sāraṃ phalguṃ kupyaṃ vā tajjātakaraṇādhiṣṭhitaḥ pratigṛhṇīyāt tad+jāta→tajjātakaraṇādhiṣṭhitaḥ
aḥ b → o b	visarga	13	0.26	kopājjanamejayo brāhmaṇeṣu vikrāntaḥ tālajaṅghaśca bhṛguṣu janamejayaḥ→kopājjanamejayo +brāhmaṇeṣu · ambarīṣaśca nābhāgo bubhujāte ciraṃ mahīm nābhāgo+bubhujāte · ṛtvigācāryapurohitaśrotriyebhyo brahmadeyāny adaṇḍakarāṇy abhirūpadāyādakāni prayacchet adhyakṣasaṃkhyāyakādibhyo gopasthānikānīkasthacikitsakāśvadamakajaṅghākārikebhyaśca vikrayādhānavarjāni śrotriyebhyaḥ→ṛtvigācāryapurohitaśrotriyebhyo +brahma · tataḥ paraṃ nagararājadevatālohamaṇikāravo brāhmaṇāścottarāṃ diśam adhivaseyuḥ kāravaḥ→nagararājadevatālohamaṇikāravo +brāhmaṇāḥ
ā u → o	vowel coalescence	13	0.26	saṃśrutyārthān vipralabdhaḥ tulyakāriṇoḥ śilpe vopakāre vā vimānitaḥ vallabhāvaruddhaḥ samāhūya parājitaḥ pravāsopataptaḥ kṛtvā vyayam alabdhakāryaḥ svadharmād dāyādyād voparuddhaḥ mānādhikārābhyāṃ bhraṣṭaḥ kulyair antarhitaḥ prasabhābhimṛṣṭastrīkaḥ kārābhinyastaḥ paroktadaṇḍitaḥ mithyācāravāritaḥ sarvasvam āhāritaḥ bandhanaparikliṣṭaḥ pravāsitabandhuḥ iti kruddhavargaḥ vā+upakāre→vopakāre · saṃśrutyārthān vipralabdhaḥ tulyakāriṇoḥ śilpe vopakāre vā vimānitaḥ vallabhāvaruddhaḥ samāhūya parājitaḥ pravāsopataptaḥ kṛtvā vyayam alabdhakāryaḥ svadharmād dāyādyād voparuddhaḥ mānādhikārābhyāṃ bhraṣṭaḥ kulyair antarhitaḥ prasabhābhimṛṣṭastrīkaḥ kārābhinyastaḥ paroktadaṇḍitaḥ mithyācāravāritaḥ sarvasvam āhāritaḥ bandhanaparikliṣṭaḥ pravāsitabandhuḥ iti kruddhavargaḥ vā+uparuddhaḥ→voparuddhaḥ · svayam upahataḥ viprakṛtaḥ pāpakarmābhikhyātaḥ tulyadoṣadaṇḍenodvignaḥ paryāttabhūmiḥ daṇḍenopanataḥ sarvādhikaraṇasthaḥ sahasopacitārthaḥ tatkulīno vāśaṃsuḥ pradviṣṭo rājñā rājadveṣī ca iti bhītavargaḥ sahasā+upacita→sahasopacitārthaḥ · śāsanaṃ ca yathoktaṃ brūyāt prāṇābādhe 'pi dṛṣṭe yathā+uktam→yathoktaṃ
ḥ bh → Ø bh	visarga	13	0.26	tena hi dhvajenāditikauśikavad asya mātṛbāndhavā bhikṣeran bāndhavāḥ→mātṛbāndhavā +bhikṣeran · nāgavanapālā hastipakapādapāśikasaumikavanacarakapārikarmikasakhā hastimūtrapurīṣacchannagandhā bhallātakīśākhāpracchannāḥ pañcabhiḥ saptabhir vā hastibandhakībhiḥ saha carantaḥ śayyāsthānapadyāleṇḍakūlaghātoddeśena hastikulaparyagraṃ vidyuḥ gandhāḥ→hastimūtrapurīṣacchannagandhā +bhallātaka · sahagrāhiṇaḥ pratibhuvaḥ karmopajīvinaḥ putrā bhrātaro bhāryā duhitaro bhṛtyāścāsya karmacchedaṃ vaheyuḥ putrā+bhrātaro · saṃhatā bhakṣayeyuḥ vigṛhītā vināśayeyuḥ saṃhatā+bhakṣayeyuḥ
ḥ y → Ø y	visarga	12	0.24	sa yadyekaputraḥ putrotpattāvasya prayateta sa+yadi · matsyā yathāntaḥ salile caranto jñātuṃ na śakyāḥ salilaṃ pibantaḥ matsyā+yathā · udārakastulyaḥ yavā godhūmāśca kṣuṇṇāḥ tilā yavā mudgamāṣāśca ghṛṣṭāḥ tilā+yavā · abhūmiṣṭhānāṃ hi svabhūmiṣṭhā yuddhe pratilomā bhavanti sthāḥ→svabhūmiṣṭhā +yuddhe
ḥ ā → Ø ā	visarga	12	0.24	vāstucchidrānuśāleṣu śreṇīprapaṇinikāyā āvaseyuḥ prapaṇinikāyāḥ→śreṇīprapaṇinikāyā +āvaseyuḥ · bāhyeṣu tu pracchannam ahani kṣetrakhalaveśmāpaṇebhyaḥ kupyabhāṇḍam upaskaraṃ vā māṣamūlyād ūrdhvam ā pādamūlyād ityapaharatastripaṇo daṇḍaḥ gomayapradehena vā pralipyāvaghoṣaṇam ā dvipādamūlyād iti ṣaṭpaṇaḥ gomayabhasmanā vā pralipyāvaghoṣaṇam ā tripādamūlyād iti navapaṇaḥ gomayabhasmanā vā pralipyāvaghoṣaṇam śarāvamekhalayā vā ā paṇamūlyād iti dvādaśapaṇaḥ muṇḍanaṃ pravrājanaṃ vā ā dvipaṇamūlyād iti caturviṃśatipaṇaḥ muṇḍasyeṣṭakāśakalena pravrājanaṃ vā ā catuṣpaṇamūlyād iti ṣaṭtriṃśatpaṇa ā pañcapaṇamūlyād ityaṣṭacatvāriṃśatpaṇaḥ ā daśapaṇamūlyād iti pūrvaḥ sāhasadaṇḍa ā viṃśatipaṇamūlyād iti dviśata ā triṃśatpaṇamūlyād iti pañcaśata ā catvāriṃśatpaṇamūlyād iti sāhasra ā pañcāśatpaṇamūlyād iti vadhaḥ dviśata+ā · bāhyeṣu tu pracchannam ahani kṣetrakhalaveśmāpaṇebhyaḥ kupyabhāṇḍam upaskaraṃ vā māṣamūlyād ūrdhvam ā pādamūlyād ityapaharatastripaṇo daṇḍaḥ gomayapradehena vā pralipyāvaghoṣaṇam ā dvipādamūlyād iti ṣaṭpaṇaḥ gomayabhasmanā vā pralipyāvaghoṣaṇam ā tripādamūlyād iti navapaṇaḥ gomayabhasmanā vā pralipyāvaghoṣaṇam śarāvamekhalayā vā ā paṇamūlyād iti dvādaśapaṇaḥ muṇḍanaṃ pravrājanaṃ vā ā dvipaṇamūlyād iti caturviṃśatipaṇaḥ muṇḍasyeṣṭakāśakalena pravrājanaṃ vā ā catuṣpaṇamūlyād iti ṣaṭtriṃśatpaṇa ā pañcapaṇamūlyād ityaṣṭacatvāriṃśatpaṇaḥ ā daśapaṇamūlyād iti pūrvaḥ sāhasadaṇḍa ā viṃśatipaṇamūlyād iti dviśata ā triṃśatpaṇamūlyād iti pañcaśata ā catvāriṃśatpaṇamūlyād iti sāhasra ā pañcāśatpaṇamūlyād iti vadhaḥ pañcaśata+ā · bāhyeṣu tu pracchannam ahani kṣetrakhalaveśmāpaṇebhyaḥ kupyabhāṇḍam upaskaraṃ vā māṣamūlyād ūrdhvam ā pādamūlyād ityapaharatastripaṇo daṇḍaḥ gomayapradehena vā pralipyāvaghoṣaṇam ā dvipādamūlyād iti ṣaṭpaṇaḥ gomayabhasmanā vā pralipyāvaghoṣaṇam ā tripādamūlyād iti navapaṇaḥ gomayabhasmanā vā pralipyāvaghoṣaṇam śarāvamekhalayā vā ā paṇamūlyād iti dvādaśapaṇaḥ muṇḍanaṃ pravrājanaṃ vā ā dvipaṇamūlyād iti caturviṃśatipaṇaḥ muṇḍasyeṣṭakāśakalena pravrājanaṃ vā ā catuṣpaṇamūlyād iti ṣaṭtriṃśatpaṇa ā pañcapaṇamūlyād ityaṣṭacatvāriṃśatpaṇaḥ ā daśapaṇamūlyād iti pūrvaḥ sāhasadaṇḍa ā viṃśatipaṇamūlyād iti dviśata ā triṃśatpaṇamūlyād iti pañcaśata ā catvāriṃśatpaṇamūlyād iti sāhasra ā pañcāśatpaṇamūlyād iti vadhaḥ sāhasra+ā
t ū → d ū	consonant / other	12	0.24	māsād ūrdhvaṃ māsadviśatottaraṃ daṇḍaṃ dadyāt māsād+ūrdhvaṃ · ṣaḍaṅgulād ūrdhvam aṣṭāṅgulottarā daśa tulāḥ kārayel lohapalād ūrdhvam ekapalottarāḥ yantram ubhayataḥśikyaṃ vā aṅgulāt→ṣaḍaṅgulād +ūrdhvam · ṣaḍaṅgulād ūrdhvam aṣṭāṅgulottarā daśa tulāḥ kārayel lohapalād ūrdhvam ekapalottarāḥ yantram ubhayataḥśikyaṃ vā palāt→lohapalād +ūrdhvam · tasyāḥ śatapadād ūrdhvaṃ viṃśatiḥ pañcāśat śatam iti padāni kārayet padāt→śatapadād +ūrdhvaṃ
ḥ d → r d	visarga	11	0.22	jānapado 'bhijātaḥ svavagrahaḥ kṛtaśilpaścakṣuṣmān prājño dhārayiṣṇur dakṣo vāgmī pragalbhaḥ pratipattimān utsāhaprabhāvayuktaḥ kleśasahaḥ śucir maitro dṛḍhabhaktiḥ śīlabalārogyasattvayuktaḥ stambhacāpalahīnaḥ sampriyo vairāṇām akartetyamātyasampat dhārayiṣṇur+dakṣo · akṛtyān kṛtyapakṣīyair darśitān kāryahetubhiḥ pakṣīyaiḥ→kṛtyapakṣīyair +darśitān · śayanād utthitaḥ strīgaṇair dhanvibhiḥ parigṛhyate dvitīyasyāṃ kakṣyāyāṃ kaṃcukoṣṇīṣibhir varṣadharābhyāgārikaiḥ tṛtīyasyāṃ kubjavāmanakirātaiḥ caturthyāṃ mantribhiḥ sambandhibhir dauvārikaiśca prāsapāṇibhiḥ sambandhibhir+dauvārikaiḥ · niryāṇe 'bhiyāne ca rājamārgam ubhayataḥ kṛtārakṣaṃ śastribhir daṇḍibhiścāpāstaśastrahastapravrajitavyaṅgaṃ gacchet śastribhir+daṇḍibhiḥ
t y → d y	consonant / other	11	0.22	adhikuryād yathā śaucam ityācāryā vyavasthitāḥ adhikuryād+yathā · yathā madāndho hastī mattenādhiṣṭhito yad yad āsādayati tat sarvaṃ pramṛdnāti evam ayam aśāstracakṣur andho rājā paurajānapadavadhāyābhyutthitaḥ śakyam asya pratihastiprotsāhanenāpakartum amarṣaḥ kriyatām iti kruddhavargam upajāpayet yad+yad · evam ayaṃ navabuddhir yad yad ucyate tat tatśāstropadeśam ivābhijānāti yad+yad · bahuputraḥ pratyantam anyaviṣayaṃ vā preṣayed yatra garbhaḥ paṇyaṃ ḍimbo vā na bhavet preṣayed+yatra
ḥ m → Ø m	visarga	11	0.22	mātsyanyāyābhibhūtāḥ prajā manuṃ vaivasvataṃ rājānaṃ cakrire prajā+manuṃ · aṣṭaśatagrāmyā madhye sthānīyam catuḥśatagrāmyā droṇamukham dviśatagrāmyāḥ kārvaṭikam daśagrāmīsaṃgraheṇa saṃgrahaṃ sthāpayet grāmyāḥ→aṣṭaśatagrāmyā +madhye · dāśārṇāścāparāntāśca dvipānāṃ madhyamā matāḥ madhyamā+matāḥ · yaḥ pitṛpaitāmaham artham anyāyena bhakṣayati sa mūlaharaḥ sa+mūla
e a → e '	vowel coalescence	10	0.2	dharmādharmau trayyām arthānarthau vārttāyāṃ nayānayau daṇḍanītyāṃ balābale ca etāsāṃ hetubhir anvīkṣamāṇā lokasya upakaroti vyasane 'bhyudaye ca buddhim avasthāpayati prajñāvākyakriyāvaiśāradyaṃ ca karoti vyasane+'bhyudaye · ye cāsya dhānyapaśuhiraṇyānyājīvanti tair upakurvanti vyasane 'bhyudaye vā kupitaṃ bandhuṃ rāṣṭraṃ vā vyāvartayanti amitram āṭavikaṃ vā pratiṣedhayanti teṣāṃ muṇḍajaṭilavyañjanāstuṣṭātuṣṭatvaṃ vidyuḥ vyasane+'bhyudaye · śāsanaṃ ca yathoktaṃ brūyāt prāṇābādhe 'pi dṛṣṭe ābādhe+'pi · pratiṣṭhite 'hani saṃdhyām upāsīta pratiṣṭhite+'hani
ḥ h → Ø h	visarga	10	0.2	teṣāṃ kilbiṣam adaṇḍakarā harantyayogakṣemāvahāśca prajānām karāḥ→adaṇḍakarā +haranti · taṃ brūyāt dūtamukhā hi rājānaḥ tvaṃ cānye ca mukhāḥ→dūtamukhā +hi · sukhoparuddhā hi putrāḥ pitaraṃ nābhidruhyanti iti uparuddhāḥ→sukhoparuddhā +hi · nāgavanapālā hastipakapādapāśikasaumikavanacarakapārikarmikasakhā hastimūtrapurīṣacchannagandhā bhallātakīśākhāpracchannāḥ pañcabhiḥ saptabhir vā hastibandhakībhiḥ saha carantaḥ śayyāsthānapadyāleṇḍakūlaghātoddeśena hastikulaparyagraṃ vidyuḥ pālāḥ→nāgavanapālā +hastipaka
m kh → ṃ kh	anusvāra / nasal	10	0.2	tāvanmātram ekadvāraṃ khātaguptaṃ svāduphalagulmaguccham akaṇṭakidrumam uttānatoyāśayaṃ dāntamṛgacatuṣpadaṃ bhagnanakhadaṃṣṭravyālaṃ mārgayukahastihastinīkalabhaṃ mṛgavanaṃ vihārārthaṃ rājñaḥ kārayet dvāram→ekadvāraṃ +khāta · paścimadakṣiṇaṃ bhāgaṃ kharoṣṭraguptisthānaṃ karmagṛhaṃ ca paścimottaraṃ bhāgaṃ yānarathaśālāḥ bhāgaṃ+khara · caturaśrāṃ vāpīm anudakopasnehāṃ khānayitvā pṛthuśilābhir ubhayataḥ pārśvaṃ mūlaṃ ca pracitya sāradārupañjaraṃ bhūmisamaṃ tritalam anekavidhānaṃ kuṭṭimadeśasthānatalam ekadvāraṃ yantrayuktasopānaṃ bhūmigṛhaṃ kārayet upasnehām→anudakopasnehāṃ +khānayitvā · samāhartā durgaṃ rāṣṭraṃ khaniṃ setuṃ vanaṃ vrajaṃ vaṇikpathaṃ cāvekṣeta rāṣṭraṃ+khaniṃ
ā i → e	vowel coalescence	9	0.18	daṇḍanītir ekā vidyetyauśanasāḥ vidyā+iti→vidyetyauśanasāḥ · jānapado 'bhijātaḥ svavagrahaḥ kṛtaśilpaścakṣuṣmān prājño dhārayiṣṇur dakṣo vāgmī pragalbhaḥ pratipattimān utsāhaprabhāvayuktaḥ kleśasahaḥ śucir maitro dṛḍhabhaktiḥ śīlabalārogyasattvayuktaḥ stambhacāpalahīnaḥ sampriyo vairāṇām akartetyamātyasampat akartā+iti→akartetyamātyasampat · tatheti pratipannāṃstān saṃhitān paṇakarmaṇā tathā+iti→tatheti · lājān madhuneti viṣeṇa paryasya devī kāśirājam viṣadigdhena nūpureṇa vairantyam mekhalāmaṇinā sauvīram jālūtham ādarśena veṇyāṃ gūḍhaṃ śastraṃ kṛtvā devī vidūrathaṃ jaghāna madhunā+iti→madhuneti
aḥ j → o j	visarga	9	0.18	śatruṣaḍvargam utsṛjya jāmadagnyo jitendriyaḥ jāmadagnyo+jita · muṇḍo jaṭilo vā vṛttikāmastāpasavyañjanaḥ muṇḍo+jaṭilo · matsyā yathāntaḥ salile caranto jñātuṃ na śakyāḥ salilaṃ pibantaḥ caranto+jñātuṃ · indranīlo nīlāvalīyaḥ kalāyapuṣpako mahānīlo jambvābho jīmūtaprabho nandakaḥ sravanmadhyaḥ mahānīlo+jambu
ḥ n → Ø n	visarga	9	0.18	sa nagarābhyāśe prabhūtamuṇḍajaṭilāntevāsī śākaṃ yavamuṣṭiṃ vā māsadvimāsāntaraṃ prakāśam aśnīyāt gūḍham iṣṭam āhāram sa+nagara · naṭanartakagāyanavādakavāgjīvanakuśīlavā na karmavighnaṃ kuryuḥ kuśīlavāḥ→naṭanartakagāyanavādakavāgjīvanakuśīlavā +na · aśvasadharmāṇo hi manuṣyā niyuktāḥ karmasu vikurvate manuṣyā+niyuktāḥ · pītakās tāmrakāstāmrapītakā vā bhūmiprastaradhātavo bhinnā nīlarājīvanto mudgamāṣakṛsaravarṇā vā dadhibindupiṇḍacitrā haridrāharītakīpadmapattraśaivalayakṛtplīhānavadyavarṇā bhinnāś cuñcuvālukālekhābindusvastikavantaḥ sugulikā arciṣmantastāpyamānā na bhidyante bahuphenadhūmāśca suvarṇadhātavaḥ pratīvāpārthās tāmrarūpyavedhanāḥ bhinnā+nīla
n c → ṃś c	anusvāra / nasal	9	0.18	evaṃ svaviṣaye kṛtyān akṛtyāṃśca vicakṣaṇaḥ akṛtyān+ca→akṛtyāṃśca · labheta sāmadānābhyāṃ kṛtyāṃśca parabhūmiṣu kṛtyān+ca→kṛtyāṃśca · tān ekaikaśaḥ pṛcchet samastāṃśca samastān+ca→samastāṃśca · caturthe hiraṇyapratigraham adhyakṣāṃśca kurvīta adhyakṣān+ca→adhyakṣāṃśca
t bh → d bh	consonant / other	9	0.18	yathā līnaḥ sarpo yasmād bhayaṃ paśyati tatra viṣam utsṛjati evam ayaṃ rājā jātadoṣāśaṅkastvayi purā krodhaviṣam utsṛjati anyatra gamyatām iti bhītavargam upajāpayet yasmād+bhayaṃ · tatra yadbhūyiṣṭhā brūyuḥ kāryasiddhikaraṃ vā tat kuryāt yat+bhūyiṣṭhāḥ→yadbhūyiṣṭhā · yo yad yad utpadyate tat tad bhakṣayati sa tādātvikaḥ tad+bhakṣayati · yo 'haṃ sa bhavān yan mama dravyaṃ tad bhavataḥ ityupagrahaḥ sāntvam tad+bhavataḥ
ā e → ai	vowel coalescence	9	0.18	saiṣā mantriparamparā mantraṃ bhinatti sā+eṣā→saiṣā · tad rājā tathaiva pratibhuñjīta pūrvam agnaye vayobhyaśca baliṃ kṛtvā tathā+eva→tathaiva · rājñaḥ samīpe varakāram āha prajñāpanaiṣā vividhopadiṣṭā prajñāpanā+eṣā→prajñāpanaiṣā · saiva maṇimadhyā yaṣṭiḥ sā+eva→saiva
ḥ bh → r bh	visarga	9	0.18	nirāśrayatvād grāmāṇāṃ kṣetrābhiratatvācca puruṣāṇāṃ kośaviṣṭidravyadhānyarasavṛddhir bhavati vṛddhiḥ→kośaviṣṭidravyadhānyarasavṛddhir +bhavati · asmin evaṃ kṛta idam āvayor bhavati ityāśājananam āyatipradarśanam āvayor+bhavati · bhārikaḥ snigdho mṛduśca prastaradhātur bhūmibhāgo vā piṅgalo haritaḥ pāṭalo lohito vā tāmradhātuḥ dhātuḥ→prastaradhātur +bhūmi · sakesaraḥ snigdho mṛdur bhrājiṣṇuśca nikaṣarāgaḥ śreṣṭhaḥ mṛdur+bhrājiṣṇuḥ
ḥ a → ḥ '	visarga	9	0.18	liṅgavacanakālakārakāṇām anyathāprayogo 'paśabdaḥ prayogaḥ+'paśabdaḥ · maṇimadhyo 'rdhamāṇavakaḥ madhyaḥ+'rdhamāṇavakaḥ · hemamaṇimuktāntaro 'pavartakaḥ antaraḥ+'pavartakaḥ · pradeṣṭārastrayastrayo 'mātyāḥ kaṇṭakaśodhanaṃ kuryuḥ trayaḥ+'mātyāḥ
ḥ i → r i	visarga	8	0.16	vidyā vinayahetur indriyajayaḥ kāmakrodhalobhamānamadaharṣatyāgāt kāryaḥ hetuḥ→vinayahetur +indriya · karṇatvagakṣijihvāghrāṇendriyāṇāṃ śabdasparśarūparasagandheṣvavipratipattir indriyajayaḥ śāstrānuṣṭhānaṃ vā avipratipattiḥ→śabdasparśarūparasagandheṣvavipratipattir +indriya · śrūyate hi śukasārikābhir mantro bhinnaḥ śvabhir apyanyaiśca tiryagyonibhir iti tiryagyonibhir+iti · anupalabdhasya jñānam upalabdhasya niścitabalādhānam arthadvaidhasya saṃśayacchedanam ekadeśadṛṣṭasya śeṣopalabdhir iti mantrisādhyam etat upalabdhiḥ→śeṣopalabdhir +iti
ḥ m → r m	visarga	8	0.16	jānapado 'bhijātaḥ svavagrahaḥ kṛtaśilpaścakṣuṣmān prājño dhārayiṣṇur dakṣo vāgmī pragalbhaḥ pratipattimān utsāhaprabhāvayuktaḥ kleśasahaḥ śucir maitro dṛḍhabhaktiḥ śīlabalārogyasattvayuktaḥ stambhacāpalahīnaḥ sampriyo vairāṇām akartetyamātyasampat śucir+maitro · śrūyate hi śukasārikābhir mantro bhinnaḥ śvabhir apyanyaiśca tiryagyonibhir iti sārikābhiḥ→śukasārikābhir +mantro · tair mantrayamāṇo hi mantrasiddhiṃ guptiṃ ca labhate iti tair+mantrayamāṇo · kāryasyāsiddhāv uparudhyamānastarkayet kiṃ bhartur me vyasanam āsannaṃ paśyan svaṃ vā vyasanaṃ pratikartukāmaḥ pārṣṇigrāham āsāram antaḥkopam āṭavikaṃ vā samutthāpayitukāmaḥ mitram ākrandaṃ vā vyāghātayitukāmaḥ svaṃ vā parato vigraham antaḥkopam āṭavikaṃ vā pratikartukāmaḥ saṃsiddhaṃ vā me bhartur yātrākālam abhihantukāmaḥ sasyapaṇyakupyasaṃgrahaṃ durgakarma balasamuddhānaṃ vā kartukāmaḥ svasainyānāṃ vā vyāyāmasya deśakālāvākāṅkṣamāṇaḥ paribhavapramādābhyāṃ vā saṃsargānubandhārthī vā mām uparuṇaddhi iti bhartur+me
i u → y u	vowel coalescence	8	0.16	teṣām ajātasnehe pitaryupāṃśudaṇḍaḥ śreyān iti bhāradvājaḥ pitari+upāṃśu→pitaryupāṃśudaṇḍaḥ · ananurūpaṃ bhavataḥ ityupālambhaḥ iti+upālambhaḥ→ityupālambhaḥ · yo 'haṃ sa bhavān yan mama dravyaṃ tad bhavataḥ ityupagrahaḥ sāntvam iti+upagrahaḥ→ityupagrahaḥ · koṣṭhāgārādhyakṣaḥ sītārāṣṭrakrayimaparivartakaprāmityakāpamityakasaṃhanikānyajātavyayapratyāyopasthānāny upalabhet upasthānāni→sītārāṣṭrakrayimaparivartakaprāmityakāpamityakasaṃhanikānyajātavyayapratyāyopasthānāny +upalabhet
s s → ḥ s	consonant / other	7	0.14	teṣāṃ janapadabhijanam avagrahaṃ cāptataḥ parīkṣeta samānavidyebhyaḥ śilpaṃ śāstracakṣuṣmattāṃ ca karmārambheṣu prajñāṃ dhārayiṣṇutāṃ dākṣyaṃ ca kathāyogeṣu vāgmitvaṃ prāgalbhyaṃ pratibhānavattvaṃ ca saṃvāsibhyaḥ śīlabalārogyasattvayogam astambham acāpalaṃ ca pratyakṣataḥ sampriyatvam avairatvaṃ ca pratyakṣataḥ+sampriya · śāsanam evaṃ vācyaḥ paraḥ sa vakṣyatyevam tasyedaṃ prativākyam evam atisaṃdhātavyam ityadhīyāno gacchet paraḥ+sa · tataḥ sarvādhikaraṇānāṃ karaṇīyaṃ siddhaṃ śeṣam āyavyayau nīvīm upasthānaṃ pracāraṃ caritraṃ saṃsthānaṃ ca nibandhena prayacchet tataḥ+sarva · pūrvaṃ siddhaṃ paścād avatāritam paścāt siddhaṃ pūrvam avatāritam sādhyaṃ na siddham asādhyaṃ siddham siddham asiddhaṃ kṛtam asiddhaṃ siddhaṃ kṛtam alpasiddhaṃ bahu kṛtam bahusiddham alpaṃ kṛtam anyat siddham anyat kṛtam anyataḥ siddham anyataḥ kṛtam deyaṃ na dattam adeyaṃ dattam kāle na dattam akāle dattam alpaṃ dattaṃ bahu kṛtam bahu dattam alpaṃ kṛtam anyad dattam anyat kṛtam anyato dattam anyataḥ kṛtam praviṣṭam apraviṣṭaṃ kṛtam apraviṣṭaṃ praviṣṭaṃ kṛtam kupyam adattamūlyaṃ praviṣṭam dattamūlyaṃ na praviṣṭaṃ saṃkṣepo vikṣepaḥ kṛtaḥ vikṣepaḥ saṃkṣepo vā mahārgham alpārgheṇa parivartitam alpārghaṃ mahārgheṇa vā samāropito 'rghaḥ pratyavaropito vā saṃvatsaro māsaviṣamaḥ kṛtaḥ māso divasaviṣamo vā samāgamaviṣamaḥ mukhaviṣamaḥ kārmikaviṣamaḥ nirvartanaviṣamaḥ piṇḍaviṣamaḥ varṇaviṣamaḥ arghaviṣamaḥ mānaviṣamaḥ māpanaviṣamaḥ bhājanaviṣamaḥ iti haraṇopāyāḥ anyataḥ+siddham
i e → y e	vowel coalescence	7	0.14	jānīyuḥ śaucam ityetāḥ pañcasaṃsthāḥ prakīrtitāḥ iti+etāḥ→ityetāḥ · ityevaṃ kṣudrakān pratiṣedhayet iti+evam→ityevaṃ · anavasthā hyeṣā hi+eṣā→hyeṣā · mantrayamāṇo hyekenārthakṛcchreṣu niścayaṃ nādhigacchet hi+ekena→hyekenārthakṛcchreṣu
au u → āv u	vowel coalescence	7	0.14	kāryasyāsiddhāv uparudhyamānastarkayet kiṃ bhartur me vyasanam āsannaṃ paśyan svaṃ vā vyasanaṃ pratikartukāmaḥ pārṣṇigrāham āsāram antaḥkopam āṭavikaṃ vā samutthāpayitukāmaḥ mitram ākrandaṃ vā vyāghātayitukāmaḥ svaṃ vā parato vigraham antaḥkopam āṭavikaṃ vā pratikartukāmaḥ saṃsiddhaṃ vā me bhartur yātrākālam abhihantukāmaḥ sasyapaṇyakupyasaṃgrahaṃ durgakarma balasamuddhānaṃ vā kartukāmaḥ svasainyānāṃ vā vyāyāmasya deśakālāvākāṅkṣamāṇaḥ paribhavapramādābhyāṃ vā saṃsargānubandhārthī vā mām uparuṇaddhi iti asiddhau→kāryasyāsiddhāv +uparudhyamānaḥ · yauvanotsekāt parastrīṣu manaḥ kurvāṇam āryāvyañjanābhiḥ strībhir amedhyābhiḥ śūnyāgāreṣu rātrāv udvejayeyuḥ rātrāv+udvejayeyuḥ · śiṣyamāṇo dharmārthāv upalabhate cānutiṣṭhati ca buddhimān arthau→dharmārthāv +upalabhate · atyaktaṃ tulyaśīlābhiḥ strībhiḥ pānena mṛgayayā vā prasañjayitvā rātrāv upagṛhyānayeyuḥ rātrāv+upagṛhya
m gh → ṃ gh	anusvāra / nasal	7	0.14	śulkaṃ daṇḍaḥ pautavaṃ nāgariko lakṣaṇādhyakṣo mudrādhyakṣaḥ surā sūnā sūtraṃ tailaṃ ghṛtaṃ kṣāraḥ sauvarṇikaḥ paṇyasaṃsthā veśyā dyūtaṃ vāstukaṃ kāruśilpigaṇo devatādhyakṣo dvārabāhirikādeyaṃ ca durgam tailaṃ+ghṛtaṃ · madhumadhukam ajāpayaḥ satailaṃ ghṛtaguḍakiṇvayutaṃ sakandalīkam tailam→satailaṃ +ghṛta · rūpyabhāṇḍaṃ ghanaṃ suṣiraṃ vā suvarṇārdhenāvalepayet bhāṇḍam→rūpyabhāṇḍaṃ +ghanaṃ · rājyakāmukam antaḥpurapradharṣakam aṭavyamitrotsāhakaṃ durgarāṣṭradaṇḍakopakaṃ vā śirohastapradīpikaṃ ghātayet pradīpikam→śirohastapradīpikaṃ +ghātayet
e e → a e	vowel coalescence	7	0.14	eta eva maṇimadhyāstanmāṇavakā bhavanti eta+eva · kālakūṭavatsanābhahālāhalameṣaśṛṅgamustākuṣṭhamahāviṣavellitakagaurārdrabālakamārkaṭahaimavatakāliṅgakadāradakāṅkolasārakoṣṭrakādīni viṣāṇi sarpāḥ kīṭāśca ta eva kumbhagatāḥ viṣavargaḥ ta+eva · tulāmānābhyām atiriktābhyāṃ krītvā hīnābhyāṃ vikrīṇānasya ta eva dviguṇā daṇḍāḥ ta+eva · koṣṭhapaṇyakupyāyudhāgārebhyaḥ kupyabhāṇḍopaskarāpahāreṣvardhamūlyeṣu eta eva daṇḍāḥ eta+eva
ḥ e → Ø e	visarga	6	0.12	catasra eva vidyā iti kauṭilyaḥ catasra+eva · prāvṛttikaśca pratilekha eva sarvatragaśceti hi śāsanāni pratilekha+eva · sa eva paṭalasampuṭeṣvabhyuddhāryaḥ sa+eva · tasyāpihitakācakasyodake nimajjata ekadeśaḥ sīdati paṭalāntareṣu vā sūcyā bhidyate nimajjata+eka
t g → d g	consonant / other	6	0.12	tasmād guhyam eko mantrayeta iti bhāradvājaḥ tasmād+guhyam · tasmād grāmyasukheṣvenam avasṛjet tasmād+grāmya · nirāśrayatvād grāmāṇāṃ kṣetrābhiratatvācca puruṣāṇāṃ kośaviṣṭidravyadhānyarasavṛddhir bhavati tvāt→nirāśrayatvād +grāmāṇāṃ · dvātriṃśad gucchaḥ dvātriṃśad+gucchaḥ
d p → t p	consonant / other	6	0.12	yad asya kāryam abhipretaṃ tatpratirūpakaṃ mantriṇaḥ pṛcchet kāryam idam evam āsīt evaṃ vā yadi bhavet tat kathaṃ kartavyam iti tad+pratirūpakam→tatpratirūpakaṃ · kośagṛhavidhānena madhye vāsagṛham gūḍhabhittisaṃcāraṃ mohanagṛhaṃ tanmadhye vā vāsagṛham bhūmigṛhaṃ vāsannacaityakāṣṭhadevatāpidhānadvāram anekasuruṅgāsaṃcāraṃ tasyopari prāsādaṃ gūḍhabhittisopānaṃ suṣirastambhapraveśāpasāraṃ vā vāsagṛhaṃ yantrabaddhatalāvapātaṃ kārayet āpatpratīkārārtham āpadi vā āpad+pratīkāra→āpatpratīkārārtham · pracārasamṛddhiścaritrānugrahaścoranigraho yuktapratiṣedhaḥ sasyasampat paṇyabāhulyam upasargapramokṣaḥ parihārakṣayo hiraṇyopāyanam iti kośavṛddhiḥ saṃpad→sasyasampat +paṇya · tatpratirūpakam ugragandharasaṃ śilājatu vidyāt tad+pratirūpakam→tatpratirūpakam
as a → o '	consonant / other	6	0.12	ato 'nyathā vā vikalpayet sahādhyāyibhayāt ato+'nyathā · tatropayuktanidhāyakanibandhakapratigrāhakadāyakadāpakamantrivaiyāvṛtyakarān ekaikaśo 'nuyuñjīta ekaikaśo+'nuyuñjīta · tato 'rdham ardhamāṇavakaḥ tato+'rdham · tato 'rdham āpadarthaṃ jānapadānāṃ sthāpayed ardham upayuñjīta tato+'rdham
aḥ gh → o gh	visarga	6	0.12	corāṇām abhipradharṣaṇe citro ghātaḥ citro+ghātaḥ · acchaḥ snigdhaḥ saprabho ghoṣavān śītastīvrastanurāgaśca maṇidhātuḥ prabhaḥ→saprabho +ghoṣavān · viśeṣo ghāṇapiṇyākatulā kaṇakuṇḍakaṃ daśāḍhakaṃ vā viśeṣo+ghāṇa · roṣanimitto ghātaḥ nimittaḥ→roṣanimitto +ghātaḥ
ḥ g → r g	visarga	6	0.12	tatrābhijanaśarīrakarmaprakṛtiśrutadravyādīnāṃ guṇagrahaṇaṃ praśaṃsā stutir guṇasaṃkīrtanam stutir+guṇa · yavamāṣatilapalāśapīlukṣārair gokṣīrājakṣīrair vā kadalīvajrakandapratīvāpo mārdavakaraḥ kṣāraiḥ→yavamāṣatilapalāśapīlukṣārair +go · avakṣepaḥ pratimānam agnir gaṇḍikā bhaṇḍikādhikaraṇī piñchaḥ sūtraṃ cellaṃ bollanaṃ śira utsaṅgo makṣikā svakāyekṣā dṛtir udakaśarāvam agniṣṭham iti kācaṃ vidyāt agnir+gaṇḍikā · aṣṭāśītir gaurasarṣapā rūpyamāṣakaḥ aṣṭāśītir+gaurasarṣapā
d t → t t	consonant / other	6	0.12	sa cet tathā kuryād upadāgrāhaka iti pravāsyeta cet+tathā · sa cet tathā kuryād utkocaka iti pravāsyeta cet+tathā · te cet tathā kuryuḥ kūṭasākṣiṇa iti pravāsyeran cet+tathā · sa cet tathā kuryāt saṃvadanakāraka iti pravāsyeta cet+tathā
ḥ e → r e	visarga	5	0.1	daṇḍanītir ekā vidyetyauśanasāḥ daṇḍanītir+ekā · senāpatir asatpragraheṇāvakṣiptaḥ sattribhir ekaikam amātyam upajāpayet lobhanīyenārthena rājavināśāya sarveṣām etad rocate kathaṃ vā tava iti sattribhir+ekaikam · parasya caite boddhavyāstādṛśair eva tādṛśāḥ tādṛśaiḥ→boddhavyāstādṛśair +eva · pitari vikramabuddhiṃ tathā ityanupraviśya bhedayeyuḥ aprārthanīyo rājā vipanne ghātaḥ sampanne narakapātaḥ saṃkrośaḥ prajābhir ekaloṣṭavadhaśca iti prajābhir+eka
as v → o v	consonant / other	5	0.1	tadviruddhavṛttir avaśyendriyaś cāturanto api rājā sadyo vinaśyati sadyo+vinaśyati · samedhāśāstibhiścābhigatānām aṅgavidyayā śiṣyasaṃjñābhiśca karmāṇyabhijane avasitānyādiśet alpalābham agnidāhaṃ corabhayaṃ dūṣyavadhaṃ tuṣṭidānaṃ videśapravṛttijñānam idam adya śvo vā bhaviṣyati idaṃ vā rājā kariṣyati iti śvo+vā · kāryasyāsiddhāv uparudhyamānastarkayet kiṃ bhartur me vyasanam āsannaṃ paśyan svaṃ vā vyasanaṃ pratikartukāmaḥ pārṣṇigrāham āsāram antaḥkopam āṭavikaṃ vā samutthāpayitukāmaḥ mitram ākrandaṃ vā vyāghātayitukāmaḥ svaṃ vā parato vigraham antaḥkopam āṭavikaṃ vā pratikartukāmaḥ saṃsiddhaṃ vā me bhartur yātrākālam abhihantukāmaḥ sasyapaṇyakupyasaṃgrahaṃ durgakarma balasamuddhānaṃ vā kartukāmaḥ svasainyānāṃ vā vyāyāmasya deśakālāvākāṅkṣamāṇaḥ paribhavapramādābhyāṃ vā saṃsargānubandhārthī vā mām uparuṇaddhi iti parato+vigraham · kupyapradiṣṭānāṃ ca dravyāṇām ekaikaśo vanāni niveśayet dravyavanakarmāntān aṭavīśca dravyavanāpāśrayāḥ ekaikaśo+vanāni
aḥ dh → o dh	visarga	5	0.1	jānapado 'bhijātaḥ svavagrahaḥ kṛtaśilpaścakṣuṣmān prājño dhārayiṣṇur dakṣo vāgmī pragalbhaḥ pratipattimān utsāhaprabhāvayuktaḥ kleśasahaḥ śucir maitro dṛḍhabhaktiḥ śīlabalārogyasattvayuktaḥ stambhacāpalahīnaḥ sampriyo vairāṇām akartetyamātyasampat prājño+dhārayiṣṇur · śiṣyamāṇo dharmārthāv upalabhate cānutiṣṭhati ca buddhimān śiṣyamāṇo+dharma · apāyanityo dharmārthadveṣī ceti durbuddhiḥ nityaḥ→apāyanityo +dharma · śaṅkhakarpūrasphaṭikanavanītakapotapārāvatavimalakamayūragrīvāvarṇāḥ sasyakagomedakaguḍamatsyaṇḍikāvarṇāḥ kovidārapadmapāṭalīkalāyakṣaumātasīpuṣpavarṇāḥ sasīsāḥ sāñjanā visrā bhinnāḥ śvetābhāḥ kṛṣṇāḥ kṛṣṇābhāḥ śvetāḥ sarve vā lekhābinducitrā mṛdavo dhmāyamānā na sphuṭanti bahuphenadhūmāśca rūpyadhātavaḥ mṛdavo+dhmāyamānā
ḥ a → Ø a	visarga	5	0.1	ye bandhuṣu niḥsnehāḥ krūrā alasāśca te rasadāḥ krūrā+alasāḥ · mantriṇo hi vyavahitam arthaṃ vṛttam avṛttaṃ vā pṛṣṭā anādareṇa bruvanti prakāśayanti vā pṛṣṭā+anādareṇa · anyatrāpada aiśvaryaṃ jyeṣṭhabhāgi tu pūjyate āpadaḥ→anyatrāpada +aiśvaryaṃ · te yathāsaṃdeśam asaṃhatā avigṛhītāḥ karmāṇi kuryuḥ asaṃhatā+avigṛhītāḥ
ḥ g → Ø g	visarga	5	0.1	cārasaṃcāriṇaḥ saṃsthā gūḍhāścāgūḍhasaṃjñitāḥ saṃsthā+gūḍhāḥ · udārakastulyaḥ yavā godhūmāśca kṣuṇṇāḥ tilā yavā mudgamāṣāśca ghṛṣṭāḥ yavā+godhūmāḥ · gṛhītān samāhartā paurajānapadānāṃ darśayet coragrahaṇīṃ vidyām adhīte rājā tasyopadeśād ime corā gṛhītāḥ bhūyaśca grahīṣyāmi vārayitavyo vaḥ svajanaḥ pāpācāra iti corā+gṛhītāḥ · kṛṣṇacaturdaśyāṃ śastrahatāyā goḥ kapilāyāḥ pittena rājavṛkṣamayīm amitrapratimām añjyāt andhīkaraṇam hatāyāḥ→śastrahatāyā +goḥ
n t → ṃs t	anusvāra / nasal	5	0.1	atuṣṭāṃstuṣṭihetostyāgena sāmnā ca prasādayet atuṣṭān+tuṣṭi→atuṣṭāṃstuṣṭihetostyāgena · tatheti pratipannāṃstān saṃhitān paṇakarmaṇā pratipannān+tān→pratipannāṃstān · ekastham atha saṃrundhyāt putravāṃstu pravāsayet putravān+tu→putravāṃstu · aṅgārāṃstuṣān lohakarmāntabhittilepyānāṃ hārayet aṅgārān+tuṣān→aṅgārāṃstuṣān
ḥ y → r y	visarga	5	0.1	teṣāṃ muṇḍajaṭilavyañjanair yo yadbhaktiḥ kṛtyapakṣīyastaṃ tenopajāpayet vyañjanaiḥ→muṇḍajaṭilavyañjanair +yo · na dīrghakālaṃ mantrayeta na teṣāṃ pakṣīyair yeṣām apakuryāt pakṣīyair+yeṣām · kāryasyāsiddhāv uparudhyamānastarkayet kiṃ bhartur me vyasanam āsannaṃ paśyan svaṃ vā vyasanaṃ pratikartukāmaḥ pārṣṇigrāham āsāram antaḥkopam āṭavikaṃ vā samutthāpayitukāmaḥ mitram ākrandaṃ vā vyāghātayitukāmaḥ svaṃ vā parato vigraham antaḥkopam āṭavikaṃ vā pratikartukāmaḥ saṃsiddhaṃ vā me bhartur yātrākālam abhihantukāmaḥ sasyapaṇyakupyasaṃgrahaṃ durgakarma balasamuddhānaṃ vā kartukāmaḥ svasainyānāṃ vā vyāyāmasya deśakālāvākāṅkṣamāṇaḥ paribhavapramādābhyāṃ vā saṃsargānubandhārthī vā mām uparuṇaddhi iti bhartur+yātrā · evam ayaṃ navabuddhir yad yad ucyate tat tatśāstropadeśam ivābhijānāti buddhiḥ→navabuddhir +yad
ḥ ā → r ā	visarga	5	0.1	ārabdhārastu jānīyur ārabdhaṃ kṛtam eva vā jānīyur+ārabdhaṃ · anīkasthānayuddhapratigrahāpasārabhūmīr ātmanaḥ parasya cāvekṣeta bhūmīḥ→anīkasthānayuddhapratigrahāpasārabhūmīr +ātmanaḥ · bhartur ājñā bhaved yatra nigrahānugrahau prati bhartur+ājñā · vaṇijastu saṃvṛteṣu kakṣyāvibhāgeṣu svadāsībhiḥ peśalarūpābhir āgantūnāṃ vāstavyānāṃ cāryarūpāṇāṃ mattasuptānāṃ bhāvaṃ vidyuḥ rūpābhiḥ→peśalarūpābhir +āgantūnāṃ
ḥ i → n i	visarga	5	0.1	teṣām ajātasnehe pitaryupāṃśudaṇḍaḥ śreyān iti bhāradvājaḥ śreyān+iti · tasmād ekasthānāvarodhaḥ śreyān iti śreyān+iti · tasmād antapāladurge vāsaḥ śreyān iti śreyān+iti · tasmāt svaviṣayād apakṛṣṭe sāmantadurge vāsaḥ śreyān iti śreyān+iti
t l → l l	consonant / other	5	0.1	prāpyate phalam utthānāllabhate cārthasampadam utthānāt+labhate→utthānāllabhate · pracāracaritrasaṃsthānāny anupalabhamāno hi prakṛtaḥ samudayam ajñānena parihāpayati utthānakleśāsahatvād ālasyena śabdādiṣvindriyārtheṣu prasaktaḥ pramādena saṃkrośādharmānarthabhīrubhayena kāryārthiṣvanugrahabuddhiḥ kāmena hiṃsābuddhiḥ kopena vidyādravyavallabhāpāśrayād darpeṇa tulāmānatarkagaṇitāntaropadhānāl lobhena upadhānāt→tulāmānatarkagaṇitāntaropadhānāl +lobhena · vyayakriyābhārikam ākaraṃ bhāgena prakrayeṇa vā dadyāl lāghavikam ātmanā kārayet dadyāl+lāghavikam · ṣaḍaṅgulād ūrdhvam aṣṭāṅgulottarā daśa tulāḥ kārayel lohapalād ūrdhvam ekapalottarāḥ yantram ubhayataḥśikyaṃ vā kārayel+loha
m ph → ṃ ph	anusvāra / nasal	5	0.1	annasya ūṣmā mayūragrīvābhaḥ śaityam āśu kliṣṭasyeva vaivarṇyaṃ saudakatvam aklinnatvaṃ ca vyañjanānām āśu śuṣkatvaṃ ca kvāthadhyāmaphenapaṭalavicchinnabhāvo gandhasparśarasavadhaśca draveṣu hīnātiriktacchāyādarśanaṃ phenapaṭalasīmantordhvarājīdarśanaṃ ca rasasya madhye nīlā rājī payasastāmrā madyatoyayoḥ kālī dadhnaḥ śyāmā madhunaḥ śvetā dravyāṇām ārdrāṇām āśu pramlānatvam utpakvabhāvaḥ kvāthanīlaśyāvatā ca śuṣkāṇām āśu śātanaṃ vaivarṇyaṃ ca kaṭhinānāṃ mṛdutvaṃ mṛdūnāṃ ca kaṭhinatvam tadabhyāśe kṣudrasattvavadhaśca āstaraṇaprāvaraṇānāṃ dhyāmamaṇḍalatā tanturomapakṣmaśātanaṃ ca lohamaṇimayānāṃ paṅkamalopadehatā sneharāgagauravaprabhāvavarṇasparśavadhaśca iti viṣayuktasya liṅgāni darśanam→hīnātiriktacchāyādarśanaṃ +phena · tajjātakaraṇādhiṣṭhitaḥ purāṇaṃ navaṃ ca ratnaṃ sāraṃ phalgu kupyaṃ vā pratigṛhṇīyāt sāraṃ+phalgu · kośādhyakṣaḥ kośapraveśyaṃ ratnaṃ sāraṃ phalguṃ kupyaṃ vā tajjātakaraṇādhiṣṭhitaḥ pratigṛhṇīyāt sāraṃ+phalguṃ · śyāvapāṇipādadantanakhaṃ śithilamāṃsaromacarmāṇaṃ phenopadigdhamukhaṃ viṣahataṃ vidyāt carmāṇam→śithilamāṃsaromacarmāṇaṃ +phena
s ś → ḥ ś	consonant / other	5	0.1	bahiḥ parikhāyā dhanuḥśatāpakṛṣṭāś caityapuṇyasthānavanasetubandhāḥ kāryāḥ yathādiśaṃ ca digdevatāḥ dhanus+śata→dhanuḥśatāpakṛṣṭāś · tataḥ śulbakākaṇyuttarāpasāritā ā catuḥsīmāntād iti ṣoḍaśa varṇakāḥ tataḥ+śulba · ṣaḍaṅgulād ūrdhvam aṣṭāṅgulottarā daśa tulāḥ kārayel lohapalād ūrdhvam ekapalottarāḥ yantram ubhayataḥśikyaṃ vā ubhayatas+śikyam→ubhayataḥśikyaṃ · madhyamasyottare navabhāge rājavāstukaṃ dhanuḥśatāyāmam ardhavistāram paścimārdhe tasyāntaḥpuram dhanus+śata→dhanuḥśatāyāmam
ḥ n → r n	visarga	5	0.1	anugraho yo nṛpater nideśāt tajjñaḥ parīhāra iti vyavasyet nṛpater+nideśāt · saptaviṃśatir nakṣatramālā saptaviṃśatir+nakṣatramālā · vicitavastrahastaguhyāḥ kāñcanapṛṣatatvaṣṭṛtapanīyakāravo dhmāyakacarakapāṃsudhāvakāḥ praviśeyur niṣkaseyuśca praviśeyur+niṣkaseyuḥ · paraṃ pāpakarmaṇāṃ nava vetralatāḥ dvādaśa kaśāḥ dvāv ūruveṣṭau viṃśatir naktamālalatāḥ dvātriṃśattalāḥ dvau vṛścikabandhau ullambane ca dve sūcī hastasya yavāgūpītasya ekaparvadahanam aṅgulyāḥ snehapītasya pratāpanam ekam ahaḥ śiśirarātrau balbajāgraśayyā ca viṃśatir+naktamāla
m ṣ → ṃ ṣ	anusvāra / nasal	5	0.1	āgantulavaṇaṃ ṣaḍbhāgaṃ dadyāt lavaṇam→āgantulavaṇaṃ +ṣaṣ · anyatra nenijato vastropaghātaṃ ṣaṭpaṇaṃ ca daṇḍaṃ dadyuḥ upaghātam→vastropaghātaṃ +ṣaṣ · pañcarātrikaṃ tanurāgaṃ ṣaḍrātrikaṃ nīlaṃ puṣpalākṣāmañjiṣṭhāraktaṃ guruparikarma yatnopacāryaṃ jātyaṃ vāsaḥ saptarātrikam rāgam→tanurāgaṃ +ṣaṣ · vyāvahārikaṃ karmacatuṣkaṃ ṣaḍ daṇḍāḥ sapta kaśāḥ dvāv uparinibandhau udakanālikā ca catuṣkam→karmacatuṣkaṃ +ṣaḍ
ḥ dh → r dh	visarga	4	0.08	tābhir dharmārthau yad vidyāt tad vidyānāṃ vidyātvam tābhir+dharma · bandhavadhabhayād vā yaḥ sāmanto nyāyavṛttir dhārmikaḥ satyavāgavisaṃvādakaḥ pratigrahītā mānayitā cābhipannānāṃ tam āśrayeta vṛttiḥ→nyāyavṛttir +dhārmikaḥ · śayanād utthitaḥ strīgaṇair dhanvibhiḥ parigṛhyate dvitīyasyāṃ kakṣyāyāṃ kaṃcukoṣṇīṣibhir varṣadharābhyāgārikaiḥ tṛtīyasyāṃ kubjavāmanakirātaiḥ caturthyāṃ mantribhiḥ sambandhibhir dauvārikaiśca prāsapāṇibhiḥ gaṇaiḥ→strīgaṇair +dhanvibhiḥ · sīsānvayena bhidyamānaṃ śuṣkapaṭalair dhmāpayet paṭalaiḥ→śuṣkapaṭalair +dhmāpayet
t b → d b	consonant / other	4	0.08	yathā dāṇḍakyo nāma bhojaḥ kāmād brāhmaṇakanyām abhimanyamānaḥ sabandhurāṣṭro vinanāśa karālaśca vaidehaḥ kāmād+brāhmaṇa · tasmād bāhyam adhiṣṭhānaṃ kṛtvā kārye caturvidhe tasmād+bāhyam · tasmād buddhivṛddhaiḥ sārdham adhyāsīta mantram tasmād+buddhi · paścād bandhane ācitakapattraparīkṣāyāṃ vā rūpyarūpeṇa parivartanaṃ visrāvaṇam piṇḍavālukānāṃ lohapiṇḍavālukābhir vā paścād+bandhane
u e → v e	vowel coalescence	4	0.08	kāpaṭikaścātra pūrvāvaruddhasteṣām arthamānāvakṣiptam ekaikam amātyam upajapet asatpravṛtto 'yaṃ rājā sādhvenaṃ hatvānyaṃ pratipādayāmaḥ sarveṣām etad rocate kathaṃ vā tava iti sādhu+enam→sādhvenaṃ · na tveva kuryād ātmānaṃ devīṃ vā lakṣyam īśvaraḥ tu+eva→tveva · deśakālakāryavaśena tvekena saha dvābhyām eko vā yathāsāmarthyaṃ mantrayeta tu+ekena→tvekena · āptadoṣaṃ karma kārayenna tveva striyaṃ garbhiṇīṃ sūtikāṃ vā māsāvaraprajātām tu+eva→tveva
ī a → y a	vowel coalescence	4	0.08	parivrājikā vṛttikāmā daridrā vidhavā pragalbhā brāhmaṇyantaḥpure kṛtasatkārā mahāmātrakulānyabhigacchet brāhmaṇī+antaḥpure→brāhmaṇyantaḥpure · aṭavyantapālapurarāṣṭramukhyaiśca pratisaṃsargaṃ gacchet aṭavī+antapāla→aṭavyantapālapurarāṣṭramukhyaiśca · aṭavyantapālapurarāṣṭramukhyaiśca pratisaṃsargaṃ gacched anugrahārtham aṭavī+antapāla→aṭavyantapālapurarāṣṭramukhyaiśca · vṛścikālyahikṛttiśca pade yasya nikhanyate vṛścikālī+ahi→vṛścikālyahikṛttiśca
a dh → ā dh	consonant / other	4	0.08	puruṣādhiṣṭhitaśca saviśeṣam ādeśam anutiṣṭhet puruṣa+dhiṣṭhitaḥ→puruṣādhiṣṭhitaśca · kośādhiṣṭhitasya kośāvacchede ghātaḥ kośa+dhiṣṭhitasya→kośādhiṣṭhitasya · karaṇādhiṣṭhitam adhimāsakaṃ kuryāt karaṇa+dhiṣṭhitam→karaṇādhiṣṭhitam · apasarpādhiṣṭhitaṃca pracāram apasarpa+dhiṣṭhitam→apasarpādhiṣṭhitaṃca
d m → n m	consonant / other	4	0.08	kośagṛhavidhānena madhye vāsagṛham gūḍhabhittisaṃcāraṃ mohanagṛhaṃ tanmadhye vā vāsagṛham bhūmigṛhaṃ vāsannacaityakāṣṭhadevatāpidhānadvāram anekasuruṅgāsaṃcāraṃ tasyopari prāsādaṃ gūḍhabhittisopānaṃ suṣirastambhapraveśāpasāraṃ vā vāsagṛhaṃ yantrabaddhatalāvapātaṃ kārayet āpatpratīkārārtham āpadi vā tad+madhye→tanmadhye · alpāyatiścen mahāvyayo bhakṣayati ced→alpāyatiścen +mahā · śāsanapradhānā hi rājānaḥ tanmūlatvāt saṃdhivigrahayoḥ tad+mūla→tanmūlatvāt · tanmadhye śvāvidhaḥ śalyakena viddhvā yatraitena mantreṇa nikhanyate tat sarvaṃ prasvāpayati tad+madhye→tanmadhye
a a → a	vowel coalescence	4	0.08	annasya ūṣmā mayūragrīvābhaḥ śaityam āśu kliṣṭasyeva vaivarṇyaṃ saudakatvam aklinnatvaṃ ca vyañjanānām āśu śuṣkatvaṃ ca kvāthadhyāmaphenapaṭalavicchinnabhāvo gandhasparśarasavadhaśca draveṣu hīnātiriktacchāyādarśanaṃ phenapaṭalasīmantordhvarājīdarśanaṃ ca rasasya madhye nīlā rājī payasastāmrā madyatoyayoḥ kālī dadhnaḥ śyāmā madhunaḥ śvetā dravyāṇām ārdrāṇām āśu pramlānatvam utpakvabhāvaḥ kvāthanīlaśyāvatā ca śuṣkāṇām āśu śātanaṃ vaivarṇyaṃ ca kaṭhinānāṃ mṛdutvaṃ mṛdūnāṃ ca kaṭhinatvam tadabhyāśe kṣudrasattvavadhaśca āstaraṇaprāvaraṇānāṃ dhyāmamaṇḍalatā tanturomapakṣmaśātanaṃ ca lohamaṇimayānāṃ paṅkamalopadehatā sneharāgagauravaprabhāvavarṇasparśavadhaśca iti viṣayuktasya liṅgāni sa+audaka→saudakatvam · pānaṃ pānīyaṃ cauṣadhena vyākhyātam ca+auṣadhena→cauṣadhena · brāhmaindrayāmyasaināpatyāni dvārāṇi brāhma+aindra→brāhmaindrayāmyasaināpatyāni · so 'vyagramanā rājñaḥ saṃdeśaṃ śrutvā niścitārthaṃ lekhaṃ vidadhyāt deśaiśvaryavaṃśanāmadheyopacāram īśvarasya deśanāmadheyopacāram anīśvarasya deśa+aiśvarya→deśaiśvaryavaṃśanāmadheyopacāram
a ū → o	vowel coalescence	4	0.08	rājavarṣaṃ māsaḥ pakṣo divasaśca vyuṣṭam varṣāhemantagrīṣmāṇāṃ tṛtīyasaptamā divasonāḥ pakṣāḥ śeṣāḥ pūrṇāḥ pṛthagadhimāsakaḥ iti kālaḥ divasa+ūnāḥ→divasonāḥ · pādonā kalāyacamasī pāda+ūnā→pādonā · pādonaṃ strīṇām pāda+ūnam→pādonaṃ · sūtramūlyaṃ vānavetanaṃ kṣaumakauśeyānām adhyardhaguṇaṃ pattrorṇākambaladukūlānāṃ dviguṇam pattra+ūrṇā→pattrorṇākambaladukūlānāṃ
r p → ḥ p	consonant / other	4	0.08	triśataṃ catuḥpañcāśaccāhorātrāṇāṃ karmasaṃvatsaraḥ catur+pañcāśat→catuḥpañcāśaccāhorātrāṇāṃ · parvatānām abhijñātoddeśānāṃ bilaguhopatyakālayanagūḍhakhāteṣvantaḥ prasyandino jambūcūtatālaphalapakvaharidrābhedaguḍaharitālamanaḥśilākṣaudrahiṅgulukapuṇḍarīkaśukamayūrapattravarṇāḥ savarṇodakauṣadhiparyantāścikkaṇā viśadā bhārikāśca rasāḥ kāñcanikāḥ antar→bilaguhopatyakālayanagūḍhakhāteṣvantaḥ +prasyandino · saptarātrasyāntarmṛte śuddhavadhaḥ pakṣasyāntar uttamo māsasyāntaḥ pañcaśataḥ samutthānavyayaśca antar→māsasyāntaḥ +pañca · priyaṅgumañjiṣṭhātagaralākṣārasamadhukaharidrākṣaudrayogo rajjūdakaviṣaprahārapatananiḥsaṃjñānāṃ punaḥpratyānayanāya punar+pratyānayanāya→punaḥpratyānayanāya
u u → ū	vowel coalescence	4	0.08	arthapadākṣarāṇām anyūnātiriktatā hetūdāharaṇadṛṣṭāntair arthopavarṇanāśrāntapadateti paripūrṇatā hetu+udāharaṇa→hetūdāharaṇadṛṣṭāntair · lekhakaśced uktaṃ na likhati anuktaṃ likhati duruktam upalikhati sūktam ullikhati arthotpattiṃ vā vikalpayati iti pūrvam asmai sāhasadaṇḍaṃ kuryād yathāparādhaṃ vā su+uktam→sūktam · purastān nāyakaḥ madhye kalatraṃ svāmī ca pārśvayor aśvā bāhūtsāraḥ cakrānteṣu hastinaḥ prasāravṛddhir vā paścāt senāpatir yāyānniviśeta bāhu+utsāraḥ→bāhūtsāraḥ · priyaṅgumañjiṣṭhātagaralākṣārasamadhukaharidrākṣaudrayogo rajjūdakaviṣaprahārapatananiḥsaṃjñānāṃ punaḥpratyānayanāya rajju+udaka→rajjūdakaviṣaprahārapatananiḥsaṃjñānāṃ
d n → n n	consonant / other	4	0.08	yad api śatasahasradhā vibhinnaṃ bhavati mṛdu tribhir eva tanniṣekaiḥ tad+niṣekaiḥ→tanniṣekaiḥ · tannāśe vaṇijastacca tāvacca daṇḍaṃ dadyuḥ tad+nāśe→tannāśe · taccen niveditam āsādya pracchādayeyuḥ sācivyakaradoṣam āpnuyuḥ ced→taccen +niveditam · taccen niveditam āsādyeta rūpābhigṛhītam āgamaṃ pṛcchet kutaste labdham iti ced→taccen +niveditam
_ ś → śvāvidhaḥ ś	consonant / other	4	0.08	etenaiva kalpena śvāvidhaḥ śalyakaṃ trikālaṃ triśvetam asaṃkīrṇa ādahane nikhānayet śvāvidhaḥ+śalyakaṃ · śvāvidhaḥ śalyakaṃ caitat triśvetaṃ brahmanirmitam śvāvidhaḥ+śalyakaṃ · śvāvidhaḥ śalyakāni triśvetāni saptarātropoṣitaḥ kṛṣṇacaturdaśyāṃ khādirābhiḥ samidhābhir agnim etena mantreṇāṣṭaśatasampātaṃ kṛtvā madhughṛtābhyām abhijuhuyāt śvāvidhaḥ+śalyakāni · tanmadhye śvāvidhaḥ śalyakena viddhvā yatraitena mantreṇa nikhanyate tat sarvaṃ prasvāpayati śvāvidhaḥ+śalyakena
e i → ava i	vowel coalescence	3	0.06	sa sattribhiḥ śapathapūrvam ekaikam amātyam upajāpayet adhārmiko 'yaṃ rājā sādhu dhārmikam anyam asya tatkulīnam aparuddhaṃ kulyam ekapragrahaṃ sāmantam āṭavikam aupapādikaṃ vā pratipādayāmaḥ sarveṣām etad rocate kathaṃ vā tava iti tava+iti · senāpatir asatpragraheṇāvakṣiptaḥ sattribhir ekaikam amātyam upajāpayet lobhanīyenārthena rājavināśāya sarveṣām etad rocate kathaṃ vā tava iti tava+iti · kāpaṭikaścātra pūrvāvaruddhasteṣām arthamānāvakṣiptam ekaikam amātyam upajapet asatpravṛtto 'yaṃ rājā sādhvenaṃ hatvānyaṃ pratipādayāmaḥ sarveṣām etad rocate kathaṃ vā tava iti tava+iti
d k → t k	consonant / other	3	0.06	sa sattribhiḥ śapathapūrvam ekaikam amātyam upajāpayet adhārmiko 'yaṃ rājā sādhu dhārmikam anyam asya tatkulīnam aparuddhaṃ kulyam ekapragrahaṃ sāmantam āṭavikam aupapādikaṃ vā pratipādayāmaḥ sarveṣām etad rocate kathaṃ vā tava iti tad+kulīnam→tatkulīnam · mṛtkāṣṭhakoṣṭhāḥ snehasya pṛthivī lavaṇasya ca mṛd+kāṣṭha→mṛtkāṣṭhakoṣṭhāḥ · patiścet kṣameta visṛjyetobhayam ced→patiścet +kṣameta
ḥ k → Ø k	visarga	3	0.06	sa kṛṣikarmapradiṣṭāyāṃ bhūmau iti samānaṃ pūrveṇa sa+kṛṣi · sa karmadivasadravyamūlyapuruṣavetanāpahāreṣu yathāparādhaṃ daṇḍayitavyaḥ sa+karma · yo bhṛtyātmapīḍābhyām upacinotyarthaṃ sa kadaryaḥ sa+kadaryaḥ
e u → a u	vowel coalescence	3	0.06	ta ubhayavetanāḥ ta+ubhaya · ratnāpahāra uttamo daṇḍaḥ apahāre→ratnāpahāra +uttamo · tasyātikrama uttamo daṇḍaḥ kartuḥ kārayituśca karmaṇā vyāpādanena ca atikrame→tasyātikrama +uttamo
ḥ t → Ø t	visarga	3	0.06	sa taccakṣuḥ sa+tad · tasmād asya yo yasminn adhikaraṇe śāsanasthaḥ sa tasya karmaṇo yāthātathyam āyavyayau ca vyāsasamāsābhyām ācakṣīta sa+tasya · yo yad yad utpadyate tat tad bhakṣayati sa tādātvikaḥ sa+tādātvikaḥ
ḥ b → Ø b	visarga	3	0.06	tatra yadbhūyiṣṭhā brūyuḥ kāryasiddhikaraṃ vā tat kuryāt bhūyiṣṭhāḥ→yadbhūyiṣṭhā +brūyuḥ · bālavṛddhavyasanyanāthāṃśca rājā bibhṛyāt striyam aprajātāṃ prajātāyāśca putrān rājā+bibhṛyāt · purastān nāyakaḥ madhye kalatraṃ svāmī ca pārśvayor aśvā bāhūtsāraḥ cakrānteṣu hastinaḥ prasāravṛddhir vā paścāt senāpatir yāyānniviśeta aśvā+bāhu
ā c → ī c	consonant / other	3	0.06	tripauruṣī pauruṣī caturaṅgulā naṣṭacchāyo madhyāhneti catvāraḥ pūrve divasasyāṣṭabhāgāḥ pauruṣī+catur · śyāmikā kālikā kadalī candrottarā śākulā cārohajāḥ kadalī+candrottarā · madhukaniryūhayuktā kaṭaśarkarā varṇaprasādanī ca prasādanā→varṇaprasādanī +ca
s a → r a	consonant / other	3	0.06	mānuṣeṇāgninā trir apasavyaṃ parigatam antaḥpuram agnir anyo na dahati na cātrānyo 'gnir jvalati vaidyutena bhasmanā mṛtsaṃyuktena karakavāriṇāvaliptaṃ ca trir+apasavyaṃ · tāpo bahirantaśca samaḥ kiñjalkavarṇaḥ kuraṇḍakapuṣpavarṇo vā śreṣṭhaḥ bahis+antar→bahirantaśca · bahir antaśca karmāntā vibhaktāḥ sārvabhāṇḍikāḥ bahir+antar
r ś → ḥ ś	consonant / other	3	0.06	aṣṭaśatagrāmyā madhye sthānīyam catuḥśatagrāmyā droṇamukham dviśatagrāmyāḥ kārvaṭikam daśagrāmīsaṃgraheṇa saṃgrahaṃ sthāpayet catur+śata→catuḥśatagrāmyā · pakveṣṭakāstambhaṃ catuḥśālam ekadvāram anekasthānatalaṃ vivṛtastambhāpasāram ubhayataḥ paṇyagṛhaṃ koṣṭhāgāraṃ ca dīrghabahuśālaṃ kakṣyāvṛtakuḍyam antaḥ kupyagṛham tad eva bhūmigṛhayuktam āyudhāgāraṃ pṛthagdharmasthīyaṃ mahāmātrīyaṃ vibhaktastrīpuruṣasthānam apasārataḥ suguptakakṣyaṃ bandhanāgāraṃ kārayet catur+śālam→catuḥśālam · paraṃ pāpakarmaṇāṃ nava vetralatāḥ dvādaśa kaśāḥ dvāv ūruveṣṭau viṃśatir naktamālalatāḥ dvātriṃśattalāḥ dvau vṛścikabandhau ullambane ca dve sūcī hastasya yavāgūpītasya ekaparvadahanam aṅgulyāḥ snehapītasya pratāpanam ekam ahaḥ śiśirarātrau balbajāgraśayyā ca ahaḥ+śiśira
ḥ dh → Ø dh	visarga	3	0.06	bahiḥ parikhāyā dhanuḥśatāpakṛṣṭāś caityapuṇyasthānavanasetubandhāḥ kāryāḥ yathādiśaṃ ca digdevatāḥ parikhāyā+dhanus · yuktāstathā kāryavidhau niyuktā jñātuṃ na śakyā dhanam ādadānāḥ śakyā+dhanam · tālacāpadāravaśārṅgāṇi kārmukakodaṇḍadrūṇā dhanūṃṣi drūṇāḥ→kārmukakodaṇḍadrūṇā +dhanūṃṣi
m e → ṃ e	anusvāra / nasal	3	0.06	saṃsthānaṃ pracāraḥ śarīrāvasthāpanam ādānaṃ sarvasamudayapiṇḍaḥ saṃjātaṃ etat karaṇīyam saṃjātaṃ+etat · kośārpitaṃ rājahāraḥ puravyayaśca praviṣṭaṃ paramasaṃvatsarānuvṛttaṃ śāsanamuktaṃ mukhājñaptaṃ cāpātanīyaṃ etat siddham āpātanīyam→cāpātanīyaṃ +etat · siddhikarmayogaḥ daṇḍaśeṣam āharaṇīyaṃ balātkṛtapratiṣṭabdham avamṛṣṭaṃ ca praśodhyaṃ etaccheṣam asāram alpasāraṃ ca praśodhyaṃ+etat
as d → o d	consonant / other	3	0.06	pūrvaṃ siddhaṃ paścād avatāritam paścāt siddhaṃ pūrvam avatāritam sādhyaṃ na siddham asādhyaṃ siddham siddham asiddhaṃ kṛtam asiddhaṃ siddhaṃ kṛtam alpasiddhaṃ bahu kṛtam bahusiddham alpaṃ kṛtam anyat siddham anyat kṛtam anyataḥ siddham anyataḥ kṛtam deyaṃ na dattam adeyaṃ dattam kāle na dattam akāle dattam alpaṃ dattaṃ bahu kṛtam bahu dattam alpaṃ kṛtam anyad dattam anyat kṛtam anyato dattam anyataḥ kṛtam praviṣṭam apraviṣṭaṃ kṛtam apraviṣṭaṃ praviṣṭaṃ kṛtam kupyam adattamūlyaṃ praviṣṭam dattamūlyaṃ na praviṣṭaṃ saṃkṣepo vikṣepaḥ kṛtaḥ vikṣepaḥ saṃkṣepo vā mahārgham alpārgheṇa parivartitam alpārghaṃ mahārgheṇa vā samāropito 'rghaḥ pratyavaropito vā saṃvatsaro māsaviṣamaḥ kṛtaḥ māso divasaviṣamo vā samāgamaviṣamaḥ mukhaviṣamaḥ kārmikaviṣamaḥ nirvartanaviṣamaḥ piṇḍaviṣamaḥ varṇaviṣamaḥ arghaviṣamaḥ mānaviṣamaḥ māpanaviṣamaḥ bhājanaviṣamaḥ iti haraṇopāyāḥ anyato+dattam · tato dvārāpohamantreṇa dvārāṇyapohya praviśyatām iti brūyuḥ tato+dvāra · tato dakṣiṇaṃ vāmena vāmaṃ dakṣiṇena samabhyajya rātrau tamasi ca paśyati tato+dakṣiṇaṃ
ḥ j → Ø j	visarga	3	0.06	yaḥ samudayaṃ dviguṇam udbhāvayati sa janapadaṃ bhakṣayati sa+janapadaṃ · yuktāstathā kāryavidhau niyuktā jñātuṃ na śakyā dhanam ādadānāḥ niyuktā+jñātuṃ · grāmeṣvantaḥ sārthikā jñātasārā vaseyuḥ sārthikā+jñāta
r s → ḥ s	consonant / other	3	0.06	matsyā yathāntaḥ salile caranto jñātuṃ na śakyāḥ salilaṃ pibantaḥ antar→yathāntaḥ +salile · tataḥ śulbakākaṇyuttarāpasāritā ā catuḥsīmāntād iti ṣoḍaśa varṇakāḥ catur+sīmāntāt→catuḥsīmāntād · grāmeṣvantaḥ sārthikā jñātasārā vaseyuḥ antar→grāmeṣvantaḥ +sārthikā
ṣ bh → ḍ bh	consonant / other	3	0.06	āgantulavaṇaṃ ṣaḍbhāgaṃ dadyāt ṣaṣ+bhāgam→ṣaḍbhāgaṃ · tīkṣṇakākaṇī rūpyadviguṇaḥ rāgaprakṣepas tasya ṣaḍbhāgaḥ kṣayaḥ ṣaṣ+bhāgaḥ→ṣaḍbhāgaḥ · piṇḍakaraḥ ṣaḍbhāgaḥ senābhaktaṃ baliḥ kara utsaṅgaḥ pārśvaṃ pārihīṇikam aupāyanikaṃ kauṣṭheyakaṃ ca rāṣṭram ṣaṣ+bhāgaḥ→ṣaḍbhāgaḥ
ṣ p → ṭ p	consonant / other	3	0.06	anyatra nenijato vastropaghātaṃ ṣaṭpaṇaṃ ca daṇḍaṃ dadyuḥ ṣaṣ+paṇam→ṣaṭpaṇaṃ · bāhyeṣu tu pracchannam ahani kṣetrakhalaveśmāpaṇebhyaḥ kupyabhāṇḍam upaskaraṃ vā māṣamūlyād ūrdhvam ā pādamūlyād ityapaharatastripaṇo daṇḍaḥ gomayapradehena vā pralipyāvaghoṣaṇam ā dvipādamūlyād iti ṣaṭpaṇaḥ gomayabhasmanā vā pralipyāvaghoṣaṇam ā tripādamūlyād iti navapaṇaḥ gomayabhasmanā vā pralipyāvaghoṣaṇam śarāvamekhalayā vā ā paṇamūlyād iti dvādaśapaṇaḥ muṇḍanaṃ pravrājanaṃ vā ā dvipaṇamūlyād iti caturviṃśatipaṇaḥ muṇḍasyeṣṭakāśakalena pravrājanaṃ vā ā catuṣpaṇamūlyād iti ṣaṭtriṃśatpaṇa ā pañcapaṇamūlyād ityaṣṭacatvāriṃśatpaṇaḥ ā daśapaṇamūlyād iti pūrvaḥ sāhasadaṇḍa ā viṃśatipaṇamūlyād iti dviśata ā triṃśatpaṇamūlyād iti pañcaśata ā catvāriṃśatpaṇamūlyād iti sāhasra ā pañcāśatpaṇamūlyād iti vadhaḥ ṣaṣ+paṇaḥ→ṣaṭpaṇaḥ · vāstukapraśaste vāstuni nāyakavardhakimauhūrtikāḥ skandhāvāram vṛttaṃ dīrghaṃ caturaśraṃ vā bhūmivaśena vā caturdvāraṃ ṣaṭpathaṃ navasaṃsthānaṃ māpayeyuḥ khātavaprasāladvārāṭṭālakasampannaṃ bhaye sthāne ca ṣaṣ+patham→ṣaṭpathaṃ
as y → o y	consonant / other	3	0.06	tato yavavirūḍhamālām ābadhya naṣṭacchāyārūpaścarati tato+yava · tato yathāsvam abhyaktākṣo naṣṭacchāyārūpaścarati tato+yathāsvam · bhavatyapuruṣaḥ sadyo yāvat tan nāpanīyate sadyo+yāvat
m a → ṃ a	anusvāra / nasal	2	0.04	teṣāṃ janapadabhijanam avagrahaṃ cāptataḥ parīkṣeta samānavidyebhyaḥ śilpaṃ śāstracakṣuṣmattāṃ ca karmārambheṣu prajñāṃ dhārayiṣṇutāṃ dākṣyaṃ ca kathāyogeṣu vāgmitvaṃ prāgalbhyaṃ pratibhānavattvaṃ ca saṃvāsibhyaḥ śīlabalārogyasattvayogam astambham acāpalaṃ ca pratyakṣataḥ sampriyatvam avairatvaṃ ca teṣāṃ+avagrahaṃ · tāsāṃ moraṭāpalāśapattūrameṣaśṛṅgīkarañjakṣīravṛkṣakaṣāyabhāvitaṃ dagdhakaṭaśarkarācūrṇaṃ lodhracitrakavilaṅgapāṭhāmustākaliṅgayavadāruharidrendīvaraśatapuṣpāpāmārgasaptaparṇanimbāsphotakalkārdhayuktam antarnakho muṣṭiḥ kumbhīṃ rājapeyāṃ prasādayati cūrṇam→dagdhakaṭaśarkarācūrṇaṃ +antar
au c → yāṃ c	anusvāra / nasal	2	0.04	purohitam uditoditakulaśīlaṃ sāṅge vede daive nimitte daṇḍanītyāṃ cābhivinītam āpadāṃ daivamānuṣīṇām atharvabhir upāyaiśca pratikartāraṃ kurvīta daṇḍanītyāṃ+ca · parasya vāci vaktre dṛṣṭyāṃ ca prasādaṃ vākyapūjanam iṣṭaparipraśnaṃ guṇakathāsaṅgam āsannam āsanaṃ satkāram iṣṭeṣu smaraṇaṃ viśvāsagamanaṃ ca lakṣayet tuṣṭasya viparītam atuṣṭasya dṛṣṭyāṃ+ca
ḥ s → Ø s	visarga	2	0.04	sa sattribhiḥ śapathapūrvam ekaikam amātyam upajāpayet adhārmiko 'yaṃ rājā sādhu dhārmikam anyam asya tatkulīnam aparuddhaṃ kulyam ekapragrahaṃ sāmantam āṭavikam aupapādikaṃ vā pratipādayāmaḥ sarveṣām etad rocate kathaṃ vā tava iti sa+sattribhiḥ · yaścaiṣāṃ yathādiṣṭam arthaṃ saviśeṣaṃ vā karoti sa sthānamānau labheta sa+sthāna
ayam r → 'yaṃ r	anusvāra / nasal	2	0.04	sa sattribhiḥ śapathapūrvam ekaikam amātyam upajāpayet adhārmiko 'yaṃ rājā sādhu dhārmikam anyam asya tatkulīnam aparuddhaṃ kulyam ekapragrahaṃ sāmantam āṭavikam aupapādikaṃ vā pratipādayāmaḥ sarveṣām etad rocate kathaṃ vā tava iti 'yaṃ+rājā · kāpaṭikaścātra pūrvāvaruddhasteṣām arthamānāvakṣiptam ekaikam amātyam upajapet asatpravṛtto 'yaṃ rājā sādhvenaṃ hatvānyaṃ pratipādayāmaḥ sarveṣām etad rocate kathaṃ vā tava iti 'yaṃ+rājā
ḥ ch → ś ch	visarga	2	0.04	paramarmajñaḥ pragalbhaśchāttraḥ kāpaṭikaḥ pragalbhaḥ+chāttraḥ→pragalbhaśchāttraḥ · nāsya guhyaṃ pare vidyuśchidraṃ vidyāt parasya ca vidyuḥ+chidram→vidyuśchidraṃ
m ch → ṃ ch	anusvāra / nasal	2	0.04	teṣāṃ bāhyaṃ cāraṃ chattrabhṛṅgāravyajanapādukāsanayānavāhanopagrāhiṇas tīkṣṇā vidyuḥ cāraṃ+chattra · aśuddhaṃ chedayet aśuddhaṃ+chedayet
as a → o a	consonant / other	2	0.04	tuṣṭān bhūyo 'rthamānābhyāṃ pūjayet bhūyo+artha · tato 'nyatamenākṣicūrṇenābhyaktākṣo naṣṭacchāyārūpaścarati tato+anyatamena
e s → āḥ s	consonant / other	2	0.04	mantrapūrvāḥ sarvārambhāḥ pūrve→mantrapūrvāḥ +sarva · kośapūrvāḥ sarvārambhāḥ pūrve→kośapūrvāḥ +sarva
d c → c c	consonant / other	2	0.04	tasmān nāsya pare vidyuḥ karma kiṃciccikīrṣitam kiṃcid+cikīrṣitam→kiṃciccikīrṣitam · sa taccakṣuḥ tad+cakṣuḥ→taccakṣuḥ
api a → 'py a	consonant / other	2	0.04	teṣām antāvasāyino 'py avadhyāḥ kim aṅga punar brāhmaṇāḥ 'py+a · arthastathā hyarthacareṇa rājñaḥ svalpo 'py anāsvādayituṃ na śakyaḥ 'py+an
m ḍ → ṃ ḍ	anusvāra / nasal	2	0.04	bahuputraḥ pratyantam anyaviṣayaṃ vā preṣayed yatra garbhaḥ paṇyaṃ ḍimbo vā na bhavet paṇyaṃ+ḍimbo · naṣṭaprasmṛtam āyuktadaṇḍaḥ pārśvaṃ pārihīṇikam aupāyanikaṃ ḍamaragatakasvam aputrakaṃ nidhiścānyajātaḥ aupāyanikaṃ+ḍamara
ā p → ī p	consonant / other	2	0.04	tripauruṣī pauruṣī caturaṅgulā naṣṭacchāyo madhyāhneti catvāraḥ pūrve divasasyāṣṭabhāgāḥ pauruṣā→tripauruṣī +pauruṣī · cīnasī raktakālī pāṇḍukālī vā kālā→raktakālī +pāṇḍu
j ā → g ā	consonant / other	2	0.04	aṣṭame ṛtvigācāryapurohitasvastyayanāni pratigṛhṇīyāt cikitsakamāhānasikamauhūrtikāṃśca paśyet ṛtvij+ācārya→ṛtvigācāryapurohitasvastyayanāni · ṛtvigācāryapurohitaśrotriyebhyo brahmadeyāny adaṇḍakarāṇy abhirūpadāyādakāni prayacchet adhyakṣasaṃkhyāyakādibhyo gopasthānikānīkasthacikitsakāśvadamakajaṅghākārikebhyaśca vikrayādhānavarjāni ṛtvij+ācārya→ṛtvigācāryapurohitaśrotriyebhyo
āyām k → asyāṃ k	anusvāra / nasal	2	0.04	śayanād utthitaḥ strīgaṇair dhanvibhiḥ parigṛhyate dvitīyasyāṃ kakṣyāyāṃ kaṃcukoṣṇīṣibhir varṣadharābhyāgārikaiḥ tṛtīyasyāṃ kubjavāmanakirātaiḥ caturthyāṃ mantribhiḥ sambandhibhir dauvārikaiśca prāsapāṇibhiḥ dvitīyasyāṃ+kakṣyāyāṃ · śayanād utthitaḥ strīgaṇair dhanvibhiḥ parigṛhyate dvitīyasyāṃ kakṣyāyāṃ kaṃcukoṣṇīṣibhir varṣadharābhyāgārikaiḥ tṛtīyasyāṃ kubjavāmanakirātaiḥ caturthyāṃ mantribhiḥ sambandhibhir dauvārikaiśca prāsapāṇibhiḥ tṛtīyasyāṃ+kubja
ḥ j → r j	visarga	2	0.04	agner jvālādhūmanīlatā śabdasphoṭanaṃ ca viṣayuktasya vayasāṃ vipattiśca agner+jvālā · api śakyā gatir jñātuṃ patatāṃ khe patatriṇām gatir+jñātuṃ
ī ā → y ā	vowel coalescence	2	0.04	pratyante hastivanam aṭavyārakṣaṃ niveśayet aṭavī+ārakṣam→aṭavyārakṣaṃ · saṃnāminyutkīrṇikā bhinnamastakopakaṇṭhī kuśikyā sakaṭukakṣyā parivelyāyaskāntā ca duṣṭatulāḥ parivelī+āyaskāntā→parivelyāyaskāntā
c m → ṅ m	consonant / other	2	0.04	vāstuhṛdayād uttare navabhāge yathoktavidhānam antaḥpuraṃ prāṅmukham udaṅmukhaṃ vā kārayet prāc+mukham→prāṅmukham · akṣapaṭalam adhyakṣaḥ prāṅmukham udaṅmukhaṃ vā vibhaktopasthānaṃ nibandhapustakasthānaṃ kārayet prāc+mukham→prāṅmukham
k m → ṅ m	consonant / other	2	0.04	vāstuhṛdayād uttare navabhāge yathoktavidhānam antaḥpuraṃ prāṅmukham udaṅmukhaṃ vā kārayet udak+mukham→udaṅmukhaṃ · akṣapaṭalam adhyakṣaḥ prāṅmukham udaṅmukhaṃ vā vibhaktopasthānaṃ nibandhapustakasthānaṃ kārayet udak+mukham→udaṅmukhaṃ
o a → avā	vowel coalescence	2	0.04	uttarapaścimaṃ bhāgaṃ paṇyabhaiṣajyagṛham uttarapūrvaṃ bhāgaṃ kośo gavāśvaṃ ca go+aśvam→gavāśvaṃ · manuṣyāṇām akṣamātram gavāśvānāṃ dviguṇam caturguṇaṃ hastyuṣṭrāṇām go+aśvānām→gavāśvānāṃ
t ś → cch	consonant / other	2	0.04	siddhikarmayogaḥ daṇḍaśeṣam āharaṇīyaṃ balātkṛtapratiṣṭabdham avamṛṣṭaṃ ca praśodhyaṃ etaccheṣam asāram alpasāraṃ ca etat+śeṣam→etaccheṣam · purastād abhyāghāte makareṇa yāyāt paścācchakaṭena pārśvayor vajreṇa samantataḥ sarvatobhadreṇa ekāyane sūcyā paścāt+śakaṭena→paścācchakaṭena
a n → cā n	consonant / other	2	0.04	na cānivedya bhartuḥ kaṃcid ārambhaṃ kuryuḥ anyatrāpatpratīkārebhyaḥ a+nivedya→cānivedya · na cānivedya saṃsthādhyakṣasya purāṇabhāṇḍānām ādhānaṃ vikrayaṃ vā kuryuḥ a+nivedya→cānivedya
ḥ c → Ø c	visarga	2	0.04	sa ced ajñānādibhiḥ parihāpayati tad enaṃ yathāguṇaṃ dāpayet sa+ced · sa ced rājārtham upanayatyalpāparādhe vārayitavyaḥ mahati yathāparādhaṃ daṇḍayitavyaḥ sa+ced
ḥ p → Ø p	visarga	2	0.04	yaḥ samudayaṃ vyayam upanayati sa puruṣakarmāṇi bhakṣayati sa+puruṣa · sa pakṣavāṃśced anādeyaḥ viparyaye paryādātavyaḥ sa+pakṣavān
aḥ aham → o 'haṃ	visarga	2	0.04	yo 'haṃ sa bhavān yan mama dravyaṃ tad bhavataḥ ityupagrahaḥ sāntvam yo+'haṃ · yo 'haṃ sa bhavān yan mama dravyaṃ tad bhavatā svakṛtyeṣu prayojyatām ityātmopanidhānam yo+'haṃ
aham s → 'haṃ s	anusvāra / nasal	2	0.04	yo 'haṃ sa bhavān yan mama dravyaṃ tad bhavataḥ ityupagrahaḥ sāntvam 'haṃ+sa · yo 'haṃ sa bhavān yan mama dravyaṃ tad bhavatā svakṛtyeṣu prayojyatām ityātmopanidhānam 'haṃ+sa
a ī → e	vowel coalescence	2	0.04	yatreśvarāṃścādhikṛtāṃśca rājā rakṣopakārau pathikārtham āha yatra+īśvarān→yatreśvarāṃścādhikṛtāṃśca · kṣayavyayau ca jānīyāt kupyānām āyudheśvaraḥ āyudha+īśvaraḥ→āyudheśvaraḥ
a p → cā p	consonant / other	2	0.04	masūrakaṃ tripuṭakaṃ kūrmakam ardhacandrakaṃ kañcukitaṃ yamakaṃ kartakaṃ kharakaṃ siktakaṃ kāmaṇḍalukaṃ śyāvaṃ nīlaṃ durviddhaṃ cāpraśastam a+praśastam→cāpraśastam · naṣṭakoṇaṃ niraśri pārśvāpavṛttaṃ cāpraśastam a+praśastam→cāpraśastam
r c → ś c	consonant / other	2	0.04	sāyaṃ prātaśca lakṣitaṃ kartṛkārayitṛmudrābhyāṃ nidadhyāt prātar+ca→prātaśca · bahir antaśca karmāntā vibhaktāḥ sārvabhāṇḍikāḥ antar+ca→antaśca
s g → r g	consonant / other	2	0.04	tāram upaśuddhaṃ vā asthitutthe catuḥ samasīse catuḥ śuṣkatutthe catuḥ kapāle trir gomaye dvir evaṃ saptadaśatutthātikrāntaṃ saindhavikayojjvālitam trir+gomaye · bahirgrāmasya prakṛtāyāṃ mithyābhiśaṃsane ca dviguṇo daṇḍaḥ bahis+grāmasya→bahirgrāmasya
as m → o m	consonant / other	2	0.04	śeṣāṇām ato mṛgapaśupakṣivyālānām ekabhaktād anumānaṃ grāhayet ato+mṛga · karma ca vyavahāraṃ ca tato mārgaṇam ācaret tato+mārgaṇam
as l → o l	consonant / other	2	0.04	yato lābhastato gacched alābhaṃ parivarjayet yato+lābhaḥ · bāhyato lubdhakaśvagaṇinaḥ satūryāgnayaḥ gūḍhāścārakṣāḥ bāhyato+lubdhaka
as g → o g	consonant / other	2	0.04	yato lābhastato gacched alābhaṃ parivarjayet tatas→lābhastato +gacched · tato gandhamālyena pūjayitvā nikhānayet tato+gandha
ḥ gh → r gh	visarga	2	0.04	abhiyoge gūḍhabalair ghātayeyuḥ madanarasayuktena vā pathyadanena balaiḥ→gūḍhabalair +ghātayeyuḥ · praharaṇāvaraṇastenam anāyudhīyam iṣubhir ghātayet iṣubhir+ghātayet
s u → Ø u	consonant / other	2	0.04	viparyaye bāhyakṛtam ubhayata ubhayakṛtam ubhayata+ubhaya · etena viṣṭhāvakṣuṇṇā sadya utsādakārikā sadya+utsāda
r p → ṣ p	consonant / other	2	0.04	paṇyabhūmibhyo vā rājapaṇyaṃ māṣamūlyād ūrdhvam ā pādamūlyād ityapaharato dvādaśapaṇo daṇḍaḥ ā dvipādamūlyād iti caturviṃśatipaṇaḥ ā tripādamūlyād iti ṣaṭtriṃśatpaṇaḥ ā paṇamūlyād ityaṣṭacatvāriṃśatpaṇaḥ ā dvipaṇamūlyād iti pūrvaḥ sāhasadaṇḍaḥ ā catuṣpaṇamūlyād iti madhyamaḥ āṣṭapaṇamūlyād ityuttamaḥ ā daśapaṇamūlyād iti vadhaḥ catur+paṇa→catuṣpaṇamūlyād · bāhyeṣu tu pracchannam ahani kṣetrakhalaveśmāpaṇebhyaḥ kupyabhāṇḍam upaskaraṃ vā māṣamūlyād ūrdhvam ā pādamūlyād ityapaharatastripaṇo daṇḍaḥ gomayapradehena vā pralipyāvaghoṣaṇam ā dvipādamūlyād iti ṣaṭpaṇaḥ gomayabhasmanā vā pralipyāvaghoṣaṇam ā tripādamūlyād iti navapaṇaḥ gomayabhasmanā vā pralipyāvaghoṣaṇam śarāvamekhalayā vā ā paṇamūlyād iti dvādaśapaṇaḥ muṇḍanaṃ pravrājanaṃ vā ā dvipaṇamūlyād iti caturviṃśatipaṇaḥ muṇḍasyeṣṭakāśakalena pravrājanaṃ vā ā catuṣpaṇamūlyād iti ṣaṭtriṃśatpaṇa ā pañcapaṇamūlyād ityaṣṭacatvāriṃśatpaṇaḥ ā daśapaṇamūlyād iti pūrvaḥ sāhasadaṇḍa ā viṃśatipaṇamūlyād iti dviśata ā triṃśatpaṇamūlyād iti pañcaśata ā catvāriṃśatpaṇamūlyād iti sāhasra ā pañcāśatpaṇamūlyād iti vadhaḥ catur+paṇa→catuṣpaṇamūlyād
āyām c → asyāṃ c	anusvāra / nasal	2	0.04	dvitīyasyāṃ caturdaśyām uddhṛtya kumāryā peṣayitvā gulikāḥ kārayet dvitīyasyāṃ+caturdaśyām · dvitīyasyāṃ caturdaśyām uddhṛtyādahanabhasmanā saha yatraitena mantreṇa kṣipati tat sarvaṃ prasvāpayati dvitīyasyāṃ+caturdaśyām
s e → Ø e	consonant / other	2	0.04	tata ekāṃ gulikām abhimantrayitvā yatraitena mantreṇa kṣipati tat sarvaṃ prasvāpayati tata+ekāṃ · tata ekam etena mantreṇa grāmadvāri gṛhadvāri vā yatra nikhanyate tat sarvaṃ prasvāpayati tata+ekam
ama s → e s	consonant / other	2	0.04	vaśaṃ vaiśyāśca śūdrāśca vaśatāṃ yāntu me sadā me+sadā · apayāntu ca sarvāṇi vaśatāṃ yāntu me sadā me+sadā
v → śceti v	consonant / other	1	0.02	ānvīkṣikī trayī vārttā daṇḍanītiśceti vidyāḥ iti→daṇḍanītiśceti +vidyāḥ
m → śceti m	anusvāra / nasal	1	0.02	trayī vārttā daṇḍanītiśceti mānavāḥ iti→daṇḍanītiśceti +mānavāḥ
b → śceti b	consonant / other	1	0.02	vārttā daṇḍanītiśceti bārhaspatyāḥ iti→daṇḍanītiśceti +bārhaspatyāḥ
au b → yāṃ b	anusvāra / nasal	1	0.02	dharmādharmau trayyām arthānarthau vārttāyāṃ nayānayau daṇḍanītyāṃ balābale ca etāsāṃ hetubhir anvīkṣamāṇā lokasya upakaroti vyasane 'bhyudaye ca buddhim avasthāpayati prajñāvākyakriyāvaiśāradyaṃ ca karoti daṇḍanītyāṃ+bala
ḥ a → ś a	visarga	1	0.02	tadviruddhavṛttir avaśyendriyaś cāturanto api rājā sadyo vinaśyati indriyaḥ→avaśyendriyaś +api
p → aḥ p	consonant / other	1	0.02	teṣāṃ janapadabhijanam avagrahaṃ cāptataḥ parīkṣeta samānavidyebhyaḥ śilpaṃ śāstracakṣuṣmattāṃ ca karmārambheṣu prajñāṃ dhārayiṣṇutāṃ dākṣyaṃ ca kathāyogeṣu vāgmitvaṃ prāgalbhyaṃ pratibhānavattvaṃ ca saṃvāsibhyaḥ śīlabalārogyasattvayogam astambham acāpalaṃ ca pratyakṣataḥ sampriyatvam avairatvaṃ ca āptāt→cāptataḥ +parīkṣeta
aḥ ayam → o 'yaṃ	visarga	1	0.02	sa sattribhiḥ śapathapūrvam ekaikam amātyam upajāpayet adhārmiko 'yaṃ rājā sādhu dhārmikam anyam asya tatkulīnam aparuddhaṃ kulyam ekapragrahaṃ sāmantam āṭavikam aupapādikaṃ vā pratipādayāmaḥ sarveṣām etad rocate kathaṃ vā tava iti adhārmiko+'yaṃ
ā k → ṃ k	anusvāra / nasal	1	0.02	parivrājikā labdhaviśvāsāntaḥpure kṛtasatkārā mahāmātram ekaikam upajapet rājamahiṣī tvāṃ kāmayate kṛtasamāgamopāyā mahān arthaśca te bhaviṣyati iti tvāṃ+kāmayate
ḥ ayam → ḥ 'yaṃ	visarga	1	0.02	kāpaṭikaścātra pūrvāvaruddhasteṣām arthamānāvakṣiptam ekaikam amātyam upajapet asatpravṛtto 'yaṃ rājā sādhvenaṃ hatvānyaṃ pratipādayāmaḥ sarveṣām etad rocate kathaṃ vā tava iti pravṛttaḥ+'yaṃ
d h → dd h	consonant / other	1	0.02	kadāciddhi praduṣṭasya nādhigamyeta bheṣajam kadācid+hi→kadāciddhi
m s → ścainaṃ s	anusvāra / nasal	1	0.02	vaidehakāntevāsinaścainaṃ samiddhayogair arcayeyuḥ enam→vaidehakāntevāsinaścainaṃ +samiddha
_ n → kubjavāmanakirātamūkabadhirajaḍāndhacchadmāno n	consonant / other	1	0.02	sūdārālikasnāpakasaṃvāhakāstarakakalpakaprasādhakodakaparicārakā rasadāḥ kubjavāmanakirātamūkabadhirajaḍāndhacchadmāno naṭanartakagāyanavādakavāgjīvanakuśīlavāḥ striyaścābhyantaraṃ cāraṃ vidyuḥ _→kubjavāmanakirātamūkabadhirajaḍāndhacchadmāno +naṭa
m c → rastaṃ c	anusvāra / nasal	1	0.02	tatra ye 'nupraśaṃseyustān itarastaṃ ca pratiṣedhayet tam→itarastaṃ +ca
bh → ad bh	consonant / other	1	0.02	tasmād uñchaṣaḍbhāgam āraṇyakāpi nirvapanti tasyaitad bhāgadheyaṃ yo 'smān gopāyati iti etat→tasyaitad +bhāgadheyaṃ
ebhiḥ u → air u	visarga	1	0.02	ye cāsya dhānyapaśuhiraṇyānyājīvanti tair upakurvanti vyasane 'bhyudaye vā kupitaṃ bandhuṃ rāṣṭraṃ vā vyāvartayanti amitram āṭavikaṃ vā pratiṣedhayanti teṣāṃ muṇḍajaṭilavyañjanāstuṣṭātuṣṭatvaṃ vidyuḥ tair+upakurvanti
ataḥ v → ād v	visarga	1	0.02	parasparād vā bhedayed enān sāmantāṭavikatatkulīnāparuddhebhyaśca parasparād+vā
aḥ avamataḥ → o 'vamato	visarga	1	0.02	teṣāṃ hi pramādamadasuptapralāpāḥ kāmādir utsekaḥ pracchanno 'vamato vā mantraṃ bhinatti pracchanno+'vamato
avamataḥ v → 'vamato v	visarga	1	0.02	teṣāṃ hi pramādamadasuptapralāpāḥ kāmādir utsekaḥ pracchanno 'vamato vā mantraṃ bhinatti 'vamato+vā
aḥ api → o 'py	visarga	1	0.02	teṣām antāvasāyino 'py avadhyāḥ kim aṅga punar brāhmaṇāḥ antāvasāyino+'py
ḥ h → r h	visarga	1	0.02	suptamattayor hi bhāvajñānaṃ dṛṣṭam mattayoḥ→suptamattayor +hi
nām p → sāṃ p	anusvāra / nasal	1	0.02	pareṇa coktaḥ svāsāṃ prakṛtīnāṃ pramāṇaṃ nācakṣīta svāsāṃ+prakṛtīnāṃ
ama v → e v	consonant / other	1	0.02	kāryasyāsiddhāv uparudhyamānastarkayet kiṃ bhartur me vyasanam āsannaṃ paśyan svaṃ vā vyasanaṃ pratikartukāmaḥ pārṣṇigrāham āsāram antaḥkopam āṭavikaṃ vā samutthāpayitukāmaḥ mitram ākrandaṃ vā vyāghātayitukāmaḥ svaṃ vā parato vigraham antaḥkopam āṭavikaṃ vā pratikartukāmaḥ saṃsiddhaṃ vā me bhartur yātrākālam abhihantukāmaḥ sasyapaṇyakupyasaṃgrahaṃ durgakarma balasamuddhānaṃ vā kartukāmaḥ svasainyānāṃ vā vyāyāmasya deśakālāvākāṅkṣamāṇaḥ paribhavapramādābhyāṃ vā saṃsargānubandhārthī vā mām uparuṇaddhi iti me+vyasanam
ama bh → e bh	consonant / other	1	0.02	kāryasyāsiddhāv uparudhyamānastarkayet kiṃ bhartur me vyasanam āsannaṃ paśyan svaṃ vā vyasanaṃ pratikartukāmaḥ pārṣṇigrāham āsāram antaḥkopam āṭavikaṃ vā samutthāpayitukāmaḥ mitram ākrandaṃ vā vyāghātayitukāmaḥ svaṃ vā parato vigraham antaḥkopam āṭavikaṃ vā pratikartukāmaḥ saṃsiddhaṃ vā me bhartur yātrākālam abhihantukāmaḥ sasyapaṇyakupyasaṃgrahaṃ durgakarma balasamuddhānaṃ vā kartukāmaḥ svasainyānāṃ vā vyāyāmasya deśakālāvākāṅkṣamāṇaḥ paribhavapramādābhyāṃ vā saṃsargānubandhārthī vā mām uparuṇaddhi iti me+bhartur
yāḥ h → er h	visarga	1	0.02	pratyāpatter hi tad eva kāraṇaṃ jñātvāntapālasakhaḥ syāt pratyāpatter+hi
h → tseneva h	consonant / other	1	0.02	vatseneva hi dhenuṃ pitaram asya sāmanto duhyāt iva→vatseneva +hi
a → ikauśikavad a	vowel coalescence	1	0.02	tena hi dhvajenāditikauśikavad asya mātṛbāndhavā bhikṣeran vat→dhvajenāditikauśikavad +asya
t ṛ → d ṛ	consonant / other	1	0.02	tasmād ṛtumatyāṃ mahiṣyām ṛtvijaścarum aindrābārhaspatyaṃ nirvapeyuḥ tasmād+ṛtumatyāṃ
t dh → d dh	consonant / other	1	0.02	tasmād dharmyam arthyaṃ cāsyopadiśen nādharmyam anarthyaṃ ca tasmād+dharmyam
e s → ava s	consonant / other	1	0.02	sattriṇastvenaṃ tava smaḥ iti vadantaḥ pālayeyuḥ tava+smaḥ
ḥ d → mānāhāryabuddhir d	visarga	1	0.02	buddhimānāhāryabuddhir durbuddhir iti putraviśeṣāḥ buddhiḥ→buddhimānāhāryabuddhir +durbuddhir
_ p → mantripariṣadā p	consonant / other	1	0.02	pañcame mantripariṣadā pattrasampreṣaṇena mantrayeta cāraguhyabodhanīyāni ca budhyeta _→mantripariṣadā +pattra
ḥ agniḥ → ḥ 'gnir	visarga	1	0.02	mānuṣeṇāgninā trir apasavyaṃ parigatam antaḥpuram agnir anyo na dahati na cātrānyo 'gnir jvalati vaidyutena bhasmanā mṛtsaṃyuktena karakavāriṇāvaliptaṃ ca anyaḥ+'gnir
agniḥ j → 'gnir j	visarga	1	0.02	mānuṣeṇāgninā trir apasavyaṃ parigatam antaḥpuram agnir anyo na dahati na cātrānyo 'gnir jvalati vaidyutena bhasmanā mṛtsaṃyuktena karakavāriṇāvaliptaṃ ca 'gnir+jvalati
d s → t s	consonant / other	1	0.02	mānuṣeṇāgninā trir apasavyaṃ parigatam antaḥpuram agnir anyo na dahati na cātrānyo 'gnir jvalati vaidyutena bhasmanā mṛtsaṃyuktena karakavāriṇāvaliptaṃ ca mṛd+saṃyuktena→mṛtsaṃyuktena
āyām m → yāṃ m	anusvāra / nasal	1	0.02	śayanād utthitaḥ strīgaṇair dhanvibhiḥ parigṛhyate dvitīyasyāṃ kakṣyāyāṃ kaṃcukoṣṇīṣibhir varṣadharābhyāgārikaiḥ tṛtīyasyāṃ kubjavāmanakirātaiḥ caturthyāṃ mantribhiḥ sambandhibhir dauvārikaiśca prāsapāṇibhiḥ caturthyāṃ+mantribhiḥ
ā d → ī d	consonant / other	1	0.02	annasya ūṣmā mayūragrīvābhaḥ śaityam āśu kliṣṭasyeva vaivarṇyaṃ saudakatvam aklinnatvaṃ ca vyañjanānām āśu śuṣkatvaṃ ca kvāthadhyāmaphenapaṭalavicchinnabhāvo gandhasparśarasavadhaśca draveṣu hīnātiriktacchāyādarśanaṃ phenapaṭalasīmantordhvarājīdarśanaṃ ca rasasya madhye nīlā rājī payasastāmrā madyatoyayoḥ kālī dadhnaḥ śyāmā madhunaḥ śvetā dravyāṇām ārdrāṇām āśu pramlānatvam utpakvabhāvaḥ kvāthanīlaśyāvatā ca śuṣkāṇām āśu śātanaṃ vaivarṇyaṃ ca kaṭhinānāṃ mṛdutvaṃ mṛdūnāṃ ca kaṭhinatvam tadabhyāśe kṣudrasattvavadhaśca āstaraṇaprāvaraṇānāṃ dhyāmamaṇḍalatā tanturomapakṣmaśātanaṃ ca lohamaṇimayānāṃ paṅkamalopadehatā sneharāgagauravaprabhāvavarṇasparśavadhaśca iti viṣayuktasya liṅgāni kālī+dadhnaḥ
inas ś → naḥ ś	consonant / other	1	0.02	annasya ūṣmā mayūragrīvābhaḥ śaityam āśu kliṣṭasyeva vaivarṇyaṃ saudakatvam aklinnatvaṃ ca vyañjanānām āśu śuṣkatvaṃ ca kvāthadhyāmaphenapaṭalavicchinnabhāvo gandhasparśarasavadhaśca draveṣu hīnātiriktacchāyādarśanaṃ phenapaṭalasīmantordhvarājīdarśanaṃ ca rasasya madhye nīlā rājī payasastāmrā madyatoyayoḥ kālī dadhnaḥ śyāmā madhunaḥ śvetā dravyāṇām ārdrāṇām āśu pramlānatvam utpakvabhāvaḥ kvāthanīlaśyāvatā ca śuṣkāṇām āśu śātanaṃ vaivarṇyaṃ ca kaṭhinānāṃ mṛdutvaṃ mṛdūnāṃ ca kaṭhinatvam tadabhyāśe kṣudrasattvavadhaśca āstaraṇaprāvaraṇānāṃ dhyāmamaṇḍalatā tanturomapakṣmaśātanaṃ ca lohamaṇimayānāṃ paṅkamalopadehatā sneharāgagauravaprabhāvavarṇasparśavadhaśca iti viṣayuktasya liṅgāni dadhnaḥ+śyāmā
c s → k s	consonant / other	1	0.02	viṣapradasya tu śuṣkaśyāvavaktratā vāksaṅgaḥ svedo vijṛmbhaṇaṃ cātimātraṃ vepathuḥ praskhalanaṃ vākyaviprekṣaṇam āvegaḥ karmaṇi svabhūmau cānavasthānam iti vāc+saṅgaḥ→vāksaṅgaḥ
j bh → g bh	consonant / other	1	0.02	bhiṣagbhaiṣajyāgārād āsvādaviśuddham auṣadhaṃ gṛhītvā pācakapeṣakābhyām ātmanā ca pratisvādya rājñe prayacchet bhiṣaj+bhaiṣajya→bhiṣagbhaiṣajyāgārād
āt ā → asmād ā	consonant / other	1	0.02	etena parasmād āgatakaṃ vyākhyātam parasmād+āgatakaṃ
r t → s t	consonant / other	1	0.02	ātodyāni caiṣām antastiṣṭheyuḥ aśvarathadvipālaṃkārāśca antar+tiṣṭheyuḥ→antastiṣṭheyuḥ
aum c → āvaṃ c	anusvāra / nasal	1	0.02	āptapuruṣādhiṣṭhitaṃ yānavāhanam ārohet nāvaṃ cāptanāvikādhiṣṭhitam nāvaṃ+ca
aḥ aśvam → o 'śvaṃ	visarga	1	0.02	saṃnaddho 'śvaṃ hastinaṃ vārūḍhaḥ saṃnaddham anīkaṃ paśyet saṃnaddho+'śvaṃ
aśvam h → 'śvaṃ h	anusvāra / nasal	1	0.02	saṃnaddho 'śvaṃ hastinaṃ vārūḍhaḥ saṃnaddham anīkaṃ paśyet 'śvaṃ+hastinaṃ
u _ → u sīmnāṃ	anusvāra / nasal	1	0.02	nadīśailavanabhṛṣṭidarīsetubandhaśamīśālmalīkṣīravṛkṣān anteṣu sīmnāṃ sthāpayet anteṣu+sīmnāṃ
_ s → sīmnāṃ s	anusvāra / nasal	1	0.02	nadīśailavanabhṛṣṭidarīsetubandhaśamīśālmalīkṣīravṛkṣān anteṣu sīmnāṃ sthāpayet sīmnāṃ+sthāpayet
i p → y p	consonant / other	1	0.02	ṛtvigācāryapurohitaśrotriyebhyo brahmadeyāny adaṇḍakarāṇy abhirūpadāyādakāni prayacchet adhyakṣasaṃkhyāyakādibhyo gopasthānikānīkasthacikitsakāśvadamakajaṅghākārikebhyaśca vikrayādhānavarjāni karāṇi→adaṇḍakarāṇy +prayacchet
ā bh → au bh	consonant / other	1	0.02	apatyadāraṃ mātāpitarau bhrātṝn aprāptavyavahārān bhaginīḥ kanyā vidhavāścābibhrataḥ śaktimato dvādaśapaṇo daṇḍaḥ anyatra patitebhyaḥ anyatra mātuḥ pitarā→mātāpitarau +bhrātṝn
a ś → ī ś	consonant / other	1	0.02	nāgavanapālā hastipakapādapāśikasaumikavanacarakapārikarmikasakhā hastimūtrapurīṣacchannagandhā bhallātakīśākhāpracchannāḥ pañcabhiḥ saptabhir vā hastibandhakībhiḥ saha carantaḥ śayyāsthānapadyāleṇḍakūlaghātoddeśena hastikulaparyagraṃ vidyuḥ bhallātaka+śākhā→bhallātakīśākhāpracchannāḥ
i p → ī p	consonant / other	1	0.02	vāstucchidrānuśāleṣu śreṇīprapaṇinikāyā āvaseyuḥ śreṇi+prapaṇinikāyāḥ→śreṇīprapaṇinikāyā
ś d → g d	consonant / other	1	0.02	bahiḥ parikhāyā dhanuḥśatāpakṛṣṭāś caityapuṇyasthānavanasetubandhāḥ kāryāḥ yathādiśaṃ ca digdevatāḥ diś+devatāḥ→digdevatāḥ
t j → j j	consonant / other	1	0.02	kṣipejjanapade caitān sarvān vā dāpayet karān kṣipet+janapade→kṣipejjanapade
r k → ḥ k	consonant / other	1	0.02	pakveṣṭakāstambhaṃ catuḥśālam ekadvāram anekasthānatalaṃ vivṛtastambhāpasāram ubhayataḥ paṇyagṛhaṃ koṣṭhāgāraṃ ca dīrghabahuśālaṃ kakṣyāvṛtakuḍyam antaḥ kupyagṛham tad eva bhūmigṛhayuktam āyudhāgāraṃ pṛthagdharmasthīyaṃ mahāmātrīyaṃ vibhaktastrīpuruṣasthānam apasārataḥ suguptakakṣyaṃ bandhanāgāraṃ kārayet antaḥ+kupya
āt s → ataḥ s	consonant / other	1	0.02	pakveṣṭakāstambhaṃ catuḥśālam ekadvāram anekasthānatalaṃ vivṛtastambhāpasāram ubhayataḥ paṇyagṛhaṃ koṣṭhāgāraṃ ca dīrghabahuśālaṃ kakṣyāvṛtakuḍyam antaḥ kupyagṛham tad eva bhūmigṛhayuktam āyudhāgāraṃ pṛthagdharmasthīyaṃ mahāmātrīyaṃ vibhaktastrīpuruṣasthānam apasārataḥ suguptakakṣyaṃ bandhanāgāraṃ kārayet apasārataḥ+su
j n → k n	consonant / other	1	0.02	sītā bhāgo baliḥ karo vaṇik nadīpālastaro nāvaḥ pattanaṃ vivicitaṃ vartanī rajjuścorarajjuśca rāṣṭram vaṇik+nadī
k a → g a	consonant / other	1	0.02	rājavarṣaṃ māsaḥ pakṣo divasaśca vyuṣṭam varṣāhemantagrīṣmāṇāṃ tṛtīyasaptamā divasonāḥ pakṣāḥ śeṣāḥ pūrṇāḥ pṛthagadhimāsakaḥ iti kālaḥ pṛthak+adhimāsakaḥ→pṛthagadhimāsakaḥ
iḥ c → ī c	visarga	1	0.02	karaṇīyaṃ siddhaṃ śeṣam āyavyayau nīvī ca nīvī+ca
iḥ p → ī p	visarga	1	0.02	saṃjātād āyavyayaviśuddhā nīvī prāptā cānuvṛttā ca nīvī+prāptā
ḥ _ → ḥ pratibhuvaḥ	visarga	1	0.02	sahagrāhiṇaḥ pratibhuvaḥ karmopajīvinaḥ putrā bhrātaro bhāryā duhitaro bhṛtyāścāsya karmacchedaṃ vaheyuḥ grāhinaḥ+pratibhuvaḥ
_ k → pratibhuvaḥ k	consonant / other	1	0.02	sahagrāhiṇaḥ pratibhuvaḥ karmopajīvinaḥ putrā bhrātaro bhāryā duhitaro bhṛtyāścāsya karmacchedaṃ vaheyuḥ pratibhuvaḥ+karma
au v → yāṃ v	anusvāra / nasal	1	0.02	yaccāgrād āyasyāntaraparṇe nīvyāṃ vardheta vyayasya vā yat parihāpayet tad aṣṭaguṇam adhyakṣaṃ dāpayet nīvyāṃ+vardheta
p → rātrapakṣamāsacāturmāsyasaṃvatsaraiśca p	anusvāra / nasal	1	0.02	divasapañcarātrapakṣamāsacāturmāsyasaṃvatsaraiśca pratisamānayet ca→divasapañcarātrapakṣamāsacāturmāsyasaṃvatsaraiśca +pratisamānayet
im s → īṃ s	anusvāra / nasal	1	0.02	vyuṣṭadeśakālamukhānuvartanarūpalakṣaṇapramāṇanikṣepabhājanagopāyakaiś ca nīvīṃ samānayet nīvīṃ+samānayet
i i → ī	vowel coalescence	1	0.02	kﾱptam āyaṃ parihāpayati vyayaṃ vā vivardhayatīti parihāpaṇam vivardhayati+iti→vivardhayatīti
im v → īṃ v	anusvāra / nasal	1	0.02	siddham āyaṃ na praveśayati nibaddhaṃ vyayaṃ na prayacchati prāptāṃ nīvīṃ vipratijānīta ityapahāraḥ nīvīṃ+vipratijānīta
m gh → inaṃ gh	anusvāra / nasal	1	0.02	suvidite śatruśāsanāpadeśenainaṃ ghātayet enam→śatruśāsanāpadeśenainaṃ +ghātayet
ḥ api → ḥ 'py	visarga	1	0.02	arthastathā hyarthacareṇa rājñaḥ svalpo 'py anāsvādayituṃ na śakyaḥ alpaḥ+'py
āt v → ato v	consonant / other	1	0.02	na bhakṣayanti ye tvarthān nyāyato vardhayanti ca nyāyato+vardhayanti
a ṛ → ar	vowel coalescence	1	0.02	jātiṃ kulaṃ sthānavayaḥśrutāni karmarddhiśīlānyatha deśakālau karma+ṛddhi→karmarddhiśīlānyatha
yāḥ i → er i	visarga	1	0.02	prastutasyārthasyānuparodhād uttarasya vidhānam ā samāpter iti sambandhaḥ samāpter+iti
m s → a s	anusvāra / nasal	1	0.02	tatra nāma sattvābhidhāyi nāma+sattva
aḥ p → o p	visarga	1	0.02	anunayastrividho 'rthakṛtāvatikrame puruṣādivyasane ceti trividhaḥ→anunayastrividho +puruṣa
u u → stāv u	vowel coalescence	1	0.02	apyādhau paridāne vā bhavatastāv upagrahau tau→bhavatastāv +upagrahau
yāḥ v → er v	visarga	1	0.02	jāter viśeṣeṣu pareṣu caiva grāmeṣu deśeṣu ca teṣu teṣu jāter+viśeṣeṣu
m p → a p	anusvāra / nasal	1	0.02	tatra sāma pañcavidhaṃ guṇasaṃkīrtanam sambandhopākhyānam parasparopakārasaṃdarśanam āyatipradarśanam ātmopanidhānam iti sāma+pañcavidhaṃ
e i → a i	vowel coalescence	1	0.02	asmin evaṃ kṛta idam āvayor bhavati ityāśājananam āyatipradarśanam kṛta+idam
as ardham → o 'rdhaṃ	anusvāra / nasal	1	0.02	tato 'rdhaṃ vijayacchandaḥ tato+'rdhaṃ
ardham v → 'rdhaṃ v	anusvāra / nasal	1	0.02	tato 'rdhaṃ vijayacchandaḥ 'rdhaṃ+vijayacchandaḥ
tī r → d r	consonant / other	1	0.02	catuṣpañcāśad raśmikalāpaḥ catuṣpañcāśad+raśmikalāpaḥ
iḥ ś → ī ś	visarga	1	0.02	sūtram ekāvalī śuddhā āvaliḥ→ekāvalī +śuddhā
parāgaḥ g → yarāgo g	visarga	1	0.02	vaiḍūryam utpalavarṇaḥ śirīṣapuṣpaka udakavarṇo vaṃśarāgaḥ śukapattravarṇaḥ puṣyarāgo gomūtrako gomedakaḥ puṣyarāgo+gomūtrako
aḥ ahi → o 'hic	visarga	1	0.02	vimalakaḥ sasyako 'ñjanamūlakaḥ pittakaḥ sulabhako lohitākṣo mṛgāśmako jyotīrasako māleyako 'hicchatrakaḥ kūrpaḥ pratikūrpaḥ sugandhikūrpaḥ kṣīravakaḥ śukticūrṇakaḥ śilā pravālakaḥ pulakaḥ śuklapulaka ityantarajātayaḥ māleyako+'hicchatrakaḥ
c a → g a	consonant / other	1	0.02	laghu snigdham aśyānaṃ sarpiḥsnehalepi gandhasukhaṃ tvaganusāryanulbaṇam avirāgyuṣṇasahaṃ dāhagrāhi sukhasparśanam iti candanaguṇāḥ tvac+anusāri→tvaganusāryanulbaṇam
t → ndanāguruvacca t	consonant / other	1	0.02	candanāguruvacca teṣāṃ guṇāḥ ca→candanāguruvacca +teṣāṃ
ā h → ī h	consonant / other	1	0.02	paruṣā kadalī hastāyatā kadalī+hasta
a t → ī t	consonant / other	1	0.02	kadalītribhāgā śākulā koṭhamaṇḍalacitrā kṛtakarṇikājinacitrā vā kadala+tri→kadalītribhāgā
ā v → ī v	consonant / other	1	0.02	cīnasī raktakālī pāṇḍukālī vā kālā→pāṇḍukālī +vā
c → a c	consonant / other	1	0.02	carmaṇāṃ mṛdu snigdhaṃ bahularoma ca śreṣṭham rom→bahularoma +ca
ṣ ś → ṭch	consonant / other	1	0.02	kretā śulkaṃ rājapaṇyacchedānurūpaṃ ca vaidharaṇaṃ dadyāt anyatra kretā ṣaṭchatam atyayaṃ ca ṣaṣ+śatam→ṣaṭchatam
as anyaḥ → o 'nyo	visarga	1	0.02	ato 'nyo lavaṇakṣāravargaḥ śulkaṃ dadyāt ato+'nyo
anyaḥ l → 'nyo l	visarga	1	0.02	ato 'nyo lavaṇakṣāravargaḥ śulkaṃ dadyāt 'nyo+lavaṇa
j → rṇastenaiva j	consonant / other	1	0.02	āyukto vā sarūpyasuvarṇastenaiva jīyeta eva→sarūpyasuvarṇastenaiva +jīyeta
s e → r e	consonant / other	1	0.02	tāram upaśuddhaṃ vā asthitutthe catuḥ samasīse catuḥ śuṣkatutthe catuḥ kapāle trir gomaye dvir evaṃ saptadaśatutthātikrāntaṃ saindhavikayojjvālitam dvir+evaṃ
ī u → y u	vowel coalescence	1	0.02	saṃnāminyutkīrṇikā bhinnamastakopakaṇṭhī kuśikyā sakaṭukakṣyā parivelyāyaskāntā ca duṣṭatulāḥ saṃnāminī+utkīrṇikā→saṃnāminyutkīrṇikā
t gh → d gh	consonant / other	1	0.02	yad ghanānāṃ tīkṣṇenollikhanti tad ullekhanam yad+ghanānāṃ
ḥ l → Ø l	visarga	1	0.02	saindhavasāmudrabiḍayavakṣārasauvarcalodbhedajā lavaṇavargaḥ jāḥ→saindhavasāmudrabiḍayavakṣārasauvarcalodbhedajā +lavaṇa
a o → au	vowel coalescence	1	0.02	prasthaudanaḥ śunām prastha+odanaḥ→prasthaudanaḥ
as anyat → o 'nyad	consonant / other	1	0.02	kaṇikā dāsakarmakarasūpakārāṇām ato 'nyad audanikāpūpikebhyaḥ prayacchet ato+'nyad
anyat a → 'nyad a	consonant / other	1	0.02	kaṇikā dāsakarmakarasūpakārāṇām ato 'nyad audanikāpūpikebhyaḥ prayacchet 'nyad+audanika
s dh → r dh	consonant / other	1	0.02	uccair dhānyasya nikṣepo mūtāḥ kṣārasya saṃhatāḥ uccair+dhānyasya
r k → ṣ k	consonant / other	1	0.02	catuṣkarṣaṃ palam catur+karṣam→catuṣkarṣaṃ
ṣ a → ḍ a	consonant / other	1	0.02	ṣaḍaṅgulād ūrdhvam aṣṭāṅgulottarā daśa tulāḥ kārayel lohapalād ūrdhvam ekapalottarāḥ yantram ubhayataḥśikyaṃ vā ṣaṣ+aṅgulāt→ṣaḍaṅgulād
s ā → Ø ā	consonant / other	1	0.02	tata āśatād daśottaraṃ kārayet tata+ā
s ṣ → ḥ ṣ	consonant / other	1	0.02	dviguṇalohāṃ tulām ataḥ ṣaṇṇavatyaṅgulāyāmāṃ parimāṇīṃ kārayet ataḥ+ṣaṇṇavati
ṣ ś → ṭ ś	consonant / other	1	0.02	ṣaṭśatam atyayam anyatra kartṛkretṛvikretṝṇāṃ sthāpayet ṣaṣ+śatam→ṣaṭśatam
vam k → ṃ k	anusvāra / nasal	1	0.02	lakṣitam alpaṃ vā caturbhāgam ardhakuḍubaṃ kuḍubam ardhaprasthaṃ prasthaṃ veti jñātaśaucā nirhareyuḥ kuḍavam→ardhakuḍubaṃ +kuḍubam
ḥ a → strayo a	visarga	1	0.02	pradeṣṭārastrayastrayo 'mātyāḥ kaṇṭakaśodhanaṃ kuryuḥ trayaḥ→pradeṣṭārastrayastrayo +'mātyāḥ
ṣ r → ḍ r	consonant / other	1	0.02	pañcarātrikaṃ tanurāgaṃ ṣaḍrātrikaṃ nīlaṃ puṣpalākṣāmañjiṣṭhāraktaṃ guruparikarma yatnopacāryaṃ jātyaṃ vāsaḥ saptarātrikam ṣaṣ+rātrikam→ṣaḍrātrikaṃ
d → āṣakaṃ d	anusvāra / nasal	1	0.02	parārdhyānāṃ paṇo vetanaṃ madhyamānām ardhapaṇaḥ pratyavarāṇāṃ pādaḥ sthūlakānāṃ māṣakadvimāṣakaṃ dviguṇaṃ raktakānām māṣakam→māṣakadvimāṣakaṃ +dviguṇaṃ
j k → k k	consonant / other	1	0.02	evaṃ corān acorākhyān vaṇikkārukuśīlavān vaṇij+kāru→vaṇikkārukuśīlavān
a t → ity	consonant / other	1	0.02	sārabhāṇḍam ityasārabhāṇḍaṃ tajjātam ityatajjātaṃ rādhāyuktam ityupadhiyuktaṃ samudgaparivartimaṃ vā vikrayādhānaṃ nayato hīnamūlyaṃ catuṣpañcāśatpaṇo daṇḍaḥ paṇamūlyaṃ dviguṇo dvipaṇamūlyaṃ dviśataḥ a+tad→ityatajjātaṃ
j s → k s	consonant / other	1	0.02	yannisṛṣṭam upajīveyustad eṣāṃ divasasaṃjātaṃ saṃkhyāya vaṇik sthāpayet vaṇik+sthāpayet
s c → ś c	consonant / other	1	0.02	gṛhītān samāhartā paurajānapadānāṃ darśayet coragrahaṇīṃ vidyām adhīte rājā tasyopadeśād ime corā gṛhītāḥ bhūyaśca grahīṣyāmi vārayitavyo vaḥ svajanaḥ pāpācāra iti bhūyas+ca→bhūyaśca
d b → t b	consonant / other	1	0.02	sa cet brūyāt dāyādyād avāptam amuṣmāllabdhaṃ krītaṃ kāritam ādhipracchannam ayam asya deśaḥ kālaścopasamprāpter ayam asyārghaḥ pramāṇaṃ lakṣaṇaṃ mūlyaṃ ca iti tasyāgamasamādhau mucyeta cet+brūyāt
dh p → t p	consonant / other	1	0.02	mandāparādhaṃ bālaṃ vṛddhaṃ vyādhitaṃ mattam unmattaṃ kṣutpipāsādhvaklāntam atyāśitam āmakāśitaṃ durbalaṃ vā na karma kārayet kṣudh+pipāsā→kṣutpipāsādhvaklāntam
ṭ d → ḍ d	consonant / other	1	0.02	vyāvahārikaṃ karmacatuṣkaṃ ṣaḍ daṇḍāḥ sapta kaśāḥ dvāv uparinibandhau udakanālikā ca ṣaḍ+daṇḍāḥ
au ū → āv ū	vowel coalescence	1	0.02	paraṃ pāpakarmaṇāṃ nava vetralatāḥ dvādaśa kaśāḥ dvāv ūruveṣṭau viṃśatir naktamālalatāḥ dvātriṃśattalāḥ dvau vṛścikabandhau ullambane ca dve sūcī hastasya yavāgūpītasya ekaparvadahanam aṅgulyāḥ snehapītasya pratāpanam ekam ahaḥ śiśirarātrau balbajāgraśayyā ca dvāv+ūruveṣṭau
c p → k p	consonant / other	1	0.02	dharmasthaśced vivadamānaṃ puruṣaṃ tarjayati bhartsayatyapasārayatyabhigrasate vā pūrvam asmai sāhasadaṇḍaṃ kuryāt vākpāruṣye dviguṇam vāc+pāruṣye→vākpāruṣye
a t → vā t	consonant / other	1	0.02	mātṛpitṛputrabhrātrācāryatapasvighātakaṃ vātvakśiraḥpradīpikaṃ ghātayet a+tvac→vātvakśiraḥpradīpikaṃ
k y → g y	consonant / other	1	0.02	bahūnāṃ kanyāpahāriṇāṃ pṛthag yathoktā daṇḍāḥ pṛthag+yathā
a d → cā d	consonant / other	1	0.02	bhikṣukavaidehakau mattonmattau balād āpadi cātisaṃnikṛṣṭāḥ pravṛttapraveśāś cādaṇḍyāḥ anyatra pratiṣedhāt a+daṇḍyāḥ→cādaṇḍyāḥ
āt r → ato r	consonant / other	1	0.02	purastād upasthānam dakṣiṇataḥ kośaśāsanakāryakaraṇāni vāmato rājopavāhyānāṃ hastyaśvarathānāṃ sthānam vāmato+rāja
as dh → o dh	consonant / other	1	0.02	ato dhanuḥśatāntarāścatvāraḥ śakaṭamethīpratatistambhasālaparikṣepāḥ ato+dhanus
_ ś → dhanuḥśatāntarāścatvāraḥ ś	consonant / other	1	0.02	ato dhanuḥśatāntarāścatvāraḥ śakaṭamethīpratatistambhasālaparikṣepāḥ _→dhanuḥśatāntarāścatvāraḥ +śakaṭa
u ā → v ā	vowel coalescence	1	0.02	aśakto vā sainyeṣvāyojayet antareṣu vā nicinuyāt sainyeṣu+āyojayet→sainyeṣvāyojayet
ḥ ṛ → r ṛ	visarga	1	0.02	āśrayakārī sampannaghātī pārṣṇir āsāro madhyama udāsīno vā pratikartavyaḥ saṃkaṭo mārgaḥ śodhayitavyaḥ kośo daṇḍo mitrāmitrāṭavībalaṃ viṣṭir ṛtur vā pratīkṣyāḥ kṛtadurgakarmanicayarakṣākṣayaḥ krītabalanirvedo mitrabalanirvedaś cāgamiṣyati upajapitāro vā nātitvarayanti śatrur abhiprāyaṃ vā pūrayiṣyati iti śanair yāyāt viparyaye śīghram viṣṭir+ṛtur
s y → r y	consonant / other	1	0.02	āśrayakārī sampannaghātī pārṣṇir āsāro madhyama udāsīno vā pratikartavyaḥ saṃkaṭo mārgaḥ śodhayitavyaḥ kośo daṇḍo mitrāmitrāṭavībalaṃ viṣṭir ṛtur vā pratīkṣyāḥ kṛtadurgakarmanicayarakṣākṣayaḥ krītabalanirvedo mitrabalanirvedaś cāgamiṣyati upajapitāro vā nātitvarayanti śatrur abhiprāyaṃ vā pūrayiṣyati iti śanair yāyāt viparyaye śīghram śanair+yāyāt
ḥ b → r b	visarga	1	0.02	mārjāroṣṭravṛkavarāhaśvāvidvāgulīnaptṛkākolūkānām anyeṣāṃ vā niśācarāṇāṃ sattvānām ekasya dvayor bahūnāṃ vā dakṣiṇāni vāmāni cākṣīṇi gṛhītvā dvidhā cūrṇaṃ kārayet dvayor+bahūnāṃ
a s → aś	consonant / other	1	0.02	ekāmlakaṃ varāhākṣi khadyotaḥ kālaśārivā kāla+sārivā→kālaśārivā
as n → o n	consonant / other	1	0.02	tato niśācarāṇāṃ sattvānām anyatamasya śiraḥkapālam añjanena pūrayitvā mṛtāyāḥ striyā yonau praveśya dāhayet tato+niśā
a _ → a śvāvidhaḥ	consonant / other	1	0.02	etenaiva kalpena śvāvidhaḥ śalyakaṃ trikālaṃ triśvetam asaṃkīrṇa ādahane nikhānayet kalpena+śvāvidhaḥ
ām b → īṃ b	anusvāra / nasal	1	0.02	suvarṇapuṣpīṃ brahmāṇīṃ brahmāṇaṃ ca kuśadhvajam suvarṇapuṣpīṃ+brahmāṇīṃ
nam c → ṇaṃ c	anusvāra / nasal	1	0.02	suvarṇapuṣpīṃ brahmāṇīṃ brahmāṇaṃ ca kuśadhvajam brahmāṇaṃ+ca
ama b → e b	consonant / other	1	0.02	vaśaṃ me brāhmaṇā yāntu bhūmipālāśca kṣatriyāḥ me+brāhmaṇā
e _ → e śvāvidhaḥ	consonant / other	1	0.02	tanmadhye śvāvidhaḥ śalyakena viddhvā yatraitena mantreṇa nikhanyate tat sarvaṃ prasvāpayati madhye+śvāvidhaḥ
t ch → c ch	consonant / other	1	0.02	tataḥ sajyānāṃ dhanuṣāṃ yantrāṇāṃ ca purastācchedanaṃ jyāchedanaṃ karoti purastāt+chedanam→purastācchedanaṃ
m → a m	anusvāra / nasal	1	0.02	kapiroma manuṣyāsthi baddhvā mṛtakavāsasā rom→kapiroma +manuṣya
vanaḥ l → uno l	visarga	1	0.02	kṛṣṇacaturdaśyāṃ puṣyayoginyāṃ śuno lagnakasya yonau kālāyasīṃ mudrikāṃ preṣayet śuno+lagnakasya
ām m → īṃ m	anusvāra / nasal	1	0.02	kṛṣṇacaturdaśyāṃ puṣyayoginyāṃ śuno lagnakasya yonau kālāyasīṃ mudrikāṃ preṣayet kālāyasīṃ+mudrikāṃ
