rule	category	count	pct	examples
a a → ā	vowel coalescence	2261	8.17	śarkarākṣo hiraṇyākṣo lokākṣaḥ paiṅgireva ca loka+akṣaḥ→lokākṣaḥ · vaikhānasā vālakhilyāstathā cānye maharṣayaḥ ca+anye→cānye · tapasastejasā dīptā hūyamānā ivāgnayaḥ iva+agnayaḥ→ivāgnayaḥ · dharmārthakāmamokṣāṇāmārogyaṃ mūlam uttamam dharma+artha→dharmārthakāmamokṣāṇāmārogyaṃ
m v → ṃ v	anusvāra / nasal	1165	4.21	athāto dīrghaṃjīvitīyam adhyāyaṃ vyākhyāsyāmaḥ adhyāyaṃ+vyākhyāsyāmaḥ · ahamarthe niyujyeyam atreti prathamaṃ vacaḥ prathamaṃ+vacaḥ · provāca vinayāddhīmān ṛṣīṇāṃ vākyam uttamam ṛṣīṇāṃ+vākyam · dīrghamāyuścikīrṣanto vedaṃ vardhanamāyuṣaḥ vedaṃ+vardhanam
m p → ṃ p	anusvāra / nasal	1159	4.19	brahmaṇā hi yathāproktam āyurvedaṃ prajāpatiḥ āyurvedaṃ+prajāpatiḥ · tadā bhūteṣvanukrośaṃ puraskṛtya maharṣayaḥ anukrośam→bhūteṣvanukrośaṃ +puraskṛtya · padairalpairmatiṃ buddhvā vipulāṃ paramarṣaye vipulāṃ+parama · trisūtraṃ śāśvataṃ puṇyaṃ bubudhe yaṃ pitāmahaḥ śāśvataṃ+puṇyaṃ
m s → ṃ s	anusvāra / nasal	1139	4.12	hetuliṅgauṣadhajñānaṃ svasthāturaparāyaṇam jñānam→hetuliṅgauṣadhajñānaṃ +svastha · atha bhelādayaś cakruḥ svaṃ svaṃ tantraṃ kṛtāni ca svaṃ+svaṃ · śrāvayāmāsur ātreyaṃ sarṣisaṃghaṃ sumedhasaḥ ātreyaṃ+sa · śrāvayāmāsur ātreyaṃ sarṣisaṃghaṃ sumedhasaḥ saṃgham→sarṣisaṃghaṃ +sumedhasaḥ
m c → ṃ c	anusvāra / nasal	1089	3.94	sukhopaviṣṭāste tatra puṇyāṃ cakruḥ kathāmimām puṇyāṃ+cakruḥ · sāmānyaṃ ca viśeṣaṃ ca guṇān dravyāṇi karma ca sāmānyaṃ+ca · sāmānyaṃ ca viśeṣaṃ ca guṇān dravyāṇi karma ca viśeṣaṃ+ca · samavāyaṃ ca tajjñātvā tantroktaṃ vidhimāsthitāḥ samavāyaṃ+ca
a ā → ā	vowel coalescence	891	3.22	iti ha smāha bhagavānātreyaḥ sma+āha→smāha · agastyo vāmadevaśca mārkaṇḍeyāśvalāyanau mārkaṇḍeya+āśvalāyanau→mārkaṇḍeyāśvalāyanau · viśvāmitrāśmarathyau ca bhārgavaścyavano'bhijit viśvāmitra+āśmarathyau→viśvāmitrāśmarathyau · so 'bhigamya jayāśīrbhirabhinandya sureśvaram jaya+āśīrbhiḥ→jayāśīrbhirabhinandya
a u → o	vowel coalescence	750	2.71	sukhopaviṣṭāste tatra puṇyāṃ cakruḥ kathāmimām sukha+upaviṣṭāḥ→sukhopaviṣṭāste · kaḥ syātteṣāṃ śamopāya ityuktvā dhyānamāsthitāḥ śama+upāyaḥ→śamopāya · sa vakṣyati śamopāyaṃ yathāvad amaraprabhuḥ śama+upāyam→śamopāyaṃ · tadbrūhi me śamopāyaṃ yathāvadamaraprabho śama+upāyam→śamopāyaṃ
m t → ṃ t	anusvāra / nasal	727	2.63	so 'nantapāraṃ triskandhamāyurvedaṃ mahāmatiḥ pāram→'nantapāraṃ +tri · ṛṣibhyo'nadhikaṃ tacca śaśaṃsānavaśeṣayan anadhikam→ṛṣibhyo'nadhikaṃ +tat · atha bhelādayaś cakruḥ svaṃ svaṃ tantraṃ kṛtāni ca svaṃ+tantraṃ · sa pumāṃścetanaṃ tacca taccādhikaraṇaṃ smṛtam cetanam→pumāṃścetanaṃ +tat
ḥ c → ś c	visarga	655	2.37	aṅgirā jamadagniśca vasiṣṭhaḥ kaśyapo bhṛguḥ jamadagniḥ+ca→jamadagniśca · agastyo vāmadevaśca mārkaṇḍeyāśvalāyanau vāmadevaḥ+ca→vāmadevaśca · sāṃkṛtyo baijavāpiśca kuśiko bādarāyaṇaḥ baijavāpiḥ+ca→baijavāpiśca · śaunakaḥ śākuneyaśca maitreyo maimatāyaniḥ śākuneyaḥ+ca→śākuneyaśca
m k → ṃ k	anusvāra / nasal	653	2.36	atha bhelādayaś cakruḥ svaṃ svaṃ tantraṃ kṛtāni ca tantraṃ+kṛtāni · ityuktaṃ kāraṇaṃ kāryaṃ dhātusāmyamihocyate kāraṇaṃ+kāryaṃ · ityuktaṃ kāraṇaṃ kāryaṃ dhātusāmyamihocyate uktam→ityuktaṃ +kāraṇaṃ · tathā sukhānāṃ yogastu sukhānāṃ kāraṇaṃ samaḥ sukhānāṃ+kāraṇaṃ
m m → ṃ m	anusvāra / nasal	520	1.88	dharmārthakāmamokṣāṇāmārogyaṃ mūlam uttamam ārogyam→dharmārthakāmamokṣāṇāmārogyaṃ +mūlam · so 'nantapāraṃ triskandhamāyurvedaṃ mahāmatiḥ āyurvedam→triskandhamāyurvedaṃ +mahāmatiḥ · buddher viśeṣas tatrāsīnnopadeśāntaraṃ muneḥ antaram→tatrāsīnnopadeśāntaraṃ +muneḥ · tasyāyuṣaḥ puṇyatamo vedo vedavidāṃ mataḥ vidām→vedavidāṃ +mataḥ
i a → y a	vowel coalescence	501	1.81	praśāmyatyauṣadhaiḥ pūrvo daivayuktivyapāśrayaiḥ praśāmyati+auṣadhaiḥ→praśāmyatyauṣadhaiḥ · aṣṭau mūtrāṇi saṃkhyātānyaṣṭāveva payāṃsi ca saṃkhyātāni+aṣṭa→saṃkhyātānyaṣṭāveva · daśa yānyavaśiṣṭāni tānyuktāni virecane yāni+avaśiṣṭāni→yānyavaśiṣṭāni · uktāni lavaṇānyūrdhvaṃ mūtrāṇyaṣṭau nibodha me mūtrāṇi+aṣṭa→mūtrāṇyaṣṭau
ḥ t → s t	visarga	486	1.76	ṛṣiprokto bharadvājas tasmācchakram upāgamat bharadvājas+tasmāt · vaikhānasā vālakhilyāstathā cānye maharṣayaḥ vālakhilyāḥ+tathā→vālakhilyāstathā · tapasastejasā dīptā hūyamānā ivāgnayaḥ tapasaḥ+tejasā→tapasastejasā · rogāstasyāpahartāraḥ śreyaso jīvitasya ca rogāḥ+tasya→rogāstasyāpahartāraḥ
m ś → ṃ ś	anusvāra / nasal	469	1.7	kaḥ syātteṣāṃ śamopāya ityuktvā dhyānamāsthitāḥ teṣām→syātteṣāṃ +śama · atha te śaraṇaṃ śakraṃ dadṛśurdhyānacakṣuṣā śaraṇaṃ+śakraṃ · kaḥ sahasrākṣabhavanaṃ gacchet praṣṭuṃ śacīpatim praṣṭuṃ+śacīpatim · tasmai provāca bhagavānāyurvedaṃ śatakratuḥ āyurvedam→bhagavānāyurvedaṃ +śatakratuḥ
m n → ṃ n	anusvāra / nasal	466	1.68	sendriyaṃ cetanaṃ dravyaṃ nirindriyamacetanam dravyaṃ+nirindriyam · sa nityo yatra hi dravyaṃ na tatrāniyato guṇaḥ dravyaṃ+na · caitanye kāraṇaṃ nityo draṣṭā paśyati hi kriyāḥ kāraṇaṃ+nityo · sādhanaṃ na tvasādhyānāṃ vyādhīnāmupadiśyate sādhanaṃ+na
m y → ṃ y	anusvāra / nasal	433	1.57	sa vakṣyati śamopāyaṃ yathāvad amaraprabhuḥ upāyam→śamopāyaṃ +yathāvad · tadbrūhi me śamopāyaṃ yathāvadamaraprabho upāyam→śamopāyaṃ +yathāvat · kālabuddhīndriyārthānāṃ yogo mithyā na cāti ca arthānām→kālabuddhīndriyārthānāṃ +yogo · tathā sukhānāṃ yogastu sukhānāṃ kāraṇaṃ samaḥ sukhānāṃ+yogaḥ
m d → ṃ d	anusvāra / nasal	389	1.41	atha te śaraṇaṃ śakraṃ dadṛśurdhyānacakṣuṣā śakraṃ+dadṛśuḥ · dadarśa balahantāraṃ dīpyamānamivānalam balahantāraṃ+dīpyamānam · taṃ puṇyaṃ śuśruvuḥ śabdaṃ divi devarṣayaḥ sthitāḥ śabdaṃ+divi · hitāhitaṃ sukhaṃ duḥkham āyus tasya hitāhitam sukhaṃ+duḥkham
aḥ v → o v	visarga	362	1.31	agastyo vāmadevaśca mārkaṇḍeyāśvalāyanau agastyo+vāmadevaḥ · dīrghamāyuścikīrṣanto vedaṃ vardhanamāyuṣaḥ cikīrṣantaḥ→dīrghamāyuścikīrṣanto +vedaṃ · śivo vāyur vavau sarvā bhābhir unmīlitā diśaḥ śivo+vāyur · tasyāyuṣaḥ puṇyatamo vedo vedavidāṃ mataḥ puṇyatamo+vedo
a i → e	vowel coalescence	293	1.06	ahamarthe niyujyeyam atreti prathamaṃ vacaḥ atra+iti→atreti · śarīrendriyasattvātmasaṃyogo dhāri jīvitam śarīra+indriya→śarīrendriyasattvātmasaṃyogo · sendriyaṃ cetanaṃ dravyaṃ nirindriyamacetanam sa+indriyam→sendriyaṃ · dhāmārgavam athekṣvāku jīmūtaṃ kṛtavedhanam atha+ikṣvāku→athekṣvāku
t a → d a	consonant / other	292	1.06	sa vakṣyati śamopāyaṃ yathāvad amaraprabhuḥ yathāvad+amara · tadbrūhi me śamopāyaṃ yathāvadamaraprabho yathāvat+amara→yathāvadamaraprabho · yathāvadacirāt sarvaṃ bubudhe tanmanā muniḥ yathāvat+acirāt→yathāvadacirāt · vedasyāsya tadarthaṃ hi vedo 'yaṃ saṃprakāśitaḥ tat+artham→tadarthaṃ
ā a → ā	vowel coalescence	285	1.03	madhūni gorasāḥ pittaṃ vasā majjāsṛgāmiṣam majjā+asṛk→majjāsṛgāmiṣam · prakīryā codakīryā ca pratyakpuṣpā tathābhayā tathā+abhayā→tathābhayā · yathā viṣaṃ yathā śastraṃ yathāgniraśaniryathā yathā+agniḥ→yathāgniraśaniryathā · ṣaḍ virecanaśatāni iti yaduktaṃ tadiha saṃgraheṇodāhṛtya vistareṇa kalpopaniṣadi vyākhyāsyāmaḥ tatra trayastriṃśadyogaśataṃ praṇītaṃ phaleṣu ekonacatvāriṃśajjīmūtakeṣu yogāḥ pañcacatvāriṃśadikṣvākuṣu dhāmārgavaḥ ṣaṣṭidhā bhavati yogayuktaḥ kuṭajastvaṣṭādaśadhā yogameti kṛtavedhanaṃ ṣaṣṭidhā bhavati yogayuktaṃ śyāmātrivṛdyogaśataṃ praṇītaṃ daśāpare cātra bhavanti yogāḥ caturaṅgulo dvādaśadhā yogameti lodhraṃ vidhau ṣoḍaśayogayuktaṃ mahāvṛkṣo bhavati viṃśatiyogayuktaḥ ekonacatvāriṃśat saptalāśaṅkhinyoryogāḥ aṣṭacatvāriṃśaddantīdravantyoḥ iti ṣaḍvirecanaśatāni daśā+apare→daśāpare
m g → ṃ g	anusvāra / nasal	284	1.03	kaḥ sahasrākṣabhavanaṃ gacchet praṣṭuṃ śacīpatim bhavanam→sahasrākṣabhavanaṃ +gacchet · sa śakrabhavanaṃ gatvā surarṣigaṇamadhyagam bhavanam→śakrabhavanaṃ +gatvā · samavāyo 'pṛthagbhāvo bhūmyādīnāṃ guṇairmataḥ ādīnām→bhūmyādīnāṃ +guṇaiḥ · taddravyaṃ samavāyī tu niśceṣṭaḥ kāraṇaṃ guṇaḥ kāraṇaṃ+guṇaḥ
a e → ai	vowel coalescence	284	1.03	nipetuḥ sajalāś caiva divyāḥ kusumavṛṣṭayaḥ ca+eva→caiva · mūlinyaḥ ṣoḍaśaikonā phalinyo viṃśatiḥ smṛtāḥ ṣoḍaśa+ekonā→ṣoḍaśaikonā · mahāsnehāśca catvāraḥ pañcaiva lavaṇāni ca pañca+eva→pañcaiva · śvetā jyotiṣmatī caiva yojyā śīrṣavirecane ca+eva→caiva
m bh → ṃ bh	anusvāra / nasal	283	1.02	aśvibhyāṃ bhagavāñchakraḥ pratipede ha kevalam aśvibhyāṃ+bhagavān · bhavāya bhūtasaṃghānāṃ pratiṣṭhāṃ bhuvi lebhire pratiṣṭhāṃ+bhuvi · kṣārāḥ kṣīraṃ phalaṃ puṣpaṃ bhasma tailāni kaṇṭakāḥ puṣpaṃ+bhasma · yogādapi viṣaṃ tīkṣṇamuttamaṃ bheṣajaṃ bhavet bheṣajaṃ+bhavet
m j → ṃ j	anusvāra / nasal	255	0.92	dīrghaṃ jīvitamanvicchanbharadvāja upāgamat dīrghaṃ+jīvitam · tat punastrividhaṃ proktaṃ jaṅgamaudbhidapārthivam proktaṃ+jaṅgama · oṣadhīrnāmarūpābhyāṃ jānate hyajapā vane rūpābhyām→oṣadhīrnāmarūpābhyāṃ +jānate · dhīmatā kiṃcidādeyaṃ jīvitārogyakāṅkṣiṇā ādeyam→kiṃcidādeyaṃ +jīvita
aḥ n → o n	visarga	236	0.85	ātreyo gautamaḥ sāṃkhyaḥ pulastyo nārado'sitaḥ pulastyo+nāradaḥ · naro narakapātī syāttasya saṃbhāṣaṇādapi naro+naraka · śākairmāṃsaistilairmāṣaiḥ siddhā varco nirasyati varco+nirasyati · tathā vātakaphātmāno na bhavantyūrdhvajatrujāḥ ātmānaḥ→vātakaphātmāno +na
aḥ m → o m	visarga	236	0.85	kāṅkāyanaḥ kaikaśeyo dhaumyo mārīcakāśyapau dhaumyo+mārīca · śaunakaḥ śākuneyaśca maitreyo maimatāyaniḥ maitreyo+maimatāyaniḥ · prādurbhūto manuṣyāṇāmantarāyo mahān ayam prādurbhūto+manuṣyāṇām · prādurbhūto manuṣyāṇāmantarāyo mahān ayam antarāyaḥ→manuṣyāṇāmantarāyo +mahān
t y → d y	consonant / other	232	0.84	svedeṣvapi ca tadyuktamānāheṣvagadeṣu ca tat+yuktam→tadyuktamānāheṣvagadeṣu · tadyuktamupanāheṣu pariṣeke tathaiva ca tat+yuktam→tadyuktamupanāheṣu · ṣaḍ virecanaśatāni iti yaduktaṃ tadiha saṃgraheṇodāhṛtya vistareṇa kalpopaniṣadi vyākhyāsyāmaḥ tatra trayastriṃśadyogaśataṃ praṇītaṃ phaleṣu ekonacatvāriṃśajjīmūtakeṣu yogāḥ pañcacatvāriṃśadikṣvākuṣu dhāmārgavaḥ ṣaṣṭidhā bhavati yogayuktaḥ kuṭajastvaṣṭādaśadhā yogameti kṛtavedhanaṃ ṣaṣṭidhā bhavati yogayuktaṃ śyāmātrivṛdyogaśataṃ praṇītaṃ daśāpare cātra bhavanti yogāḥ caturaṅgulo dvādaśadhā yogameti lodhraṃ vidhau ṣoḍaśayogayuktaṃ mahāvṛkṣo bhavati viṃśatiyogayuktaḥ ekonacatvāriṃśat saptalāśaṅkhinyoryogāḥ aṣṭacatvāriṃśaddantīdravantyoḥ iti ṣaḍvirecanaśatāni trayastriṃśat+yoga→trayastriṃśadyogaśataṃ · pañcavidhaṃ kaṣāyakalpanamiti tadyathā svarasaḥ kalkaḥ śṛtaḥ śītaḥ phāṇṭaḥ kaṣāya iti tat+yathā→tadyathā
u a → v a	vowel coalescence	213	0.77	tadā bhūteṣvanukrośaṃ puraskṛtya maharṣayaḥ bhūteṣu+anukrośam→bhūteṣvanukrośaṃ · sādhu bhūteṣvanukrośa ityuccair abruvan samam bhūteṣu+anukrośaḥ→bhūteṣvanukrośa · sādhanaṃ na tvasādhyānāṃ vyādhīnāmupadiśyate tu+asādhyānām→tvasādhyānāṃ · svādvamlalavaṇā vāyuṃ kaṣāyasvādutiktakāḥ svādu+amla→svādvamlalavaṇā
m h → ṃ h	anusvāra / nasal	210	0.76	vedasyāsya tadarthaṃ hi vedo 'yaṃ saṃprakāśitaḥ artham→tadarthaṃ +hi · madanaṃ kuṭajaṃ caiva trapuṣaṃ hastiparṇinī trapuṣaṃ+hastiparṇinī · hāstikaṃ lavaṇaṃ mūtraṃ hitaṃ tu krimikuṣṭhinām mūtraṃ+hitaṃ · imāṃstrīnaparān vṛkṣānāhuryeṣāṃ hitāstvacaḥ yeṣām→vṛkṣānāhuryeṣāṃ +hitāḥ
t v → d v	consonant / other	209	0.76	ṣaḍvṛkṣāñchodhanānetānapi vidyādvicakṣaṇaḥ vidyāt+vicakṣaṇaḥ→vidyādvicakṣaṇaḥ · dūrādvinirgataḥ parvacchinno nāḍītanūkṛtaḥ dūrāt+vinirgataḥ→dūrādvinirgataḥ · dhanyaṃ maṅgalyamāyuṣyaṃ śrīmadvyasanasūdanam śrīmat+vyasana→śrīmadvyasanasūdanam · tasmādvasante karmāṇi vamanādīni kārayet tasmāt+vasante→tasmādvasante
m b → ṃ b	anusvāra / nasal	206	0.74	padairalpairmatiṃ buddhvā vipulāṃ paramarṣaye matim→padairalpairmatiṃ +buddhvā · trisūtraṃ śāśvataṃ puṇyaṃ bubudhe yaṃ pitāmahaḥ puṇyaṃ+bubudhe · yathāvadacirāt sarvaṃ bubudhe tanmanā muniḥ sarvaṃ+bubudhe · praśastaṃ baddhaviṇmūtraviṣaśleṣmāmayārśasām praśastaṃ+baddha
ḥ i → Ø i	visarga	201	0.73	tapasastejasā dīptā hūyamānā ivāgnayaḥ hūyamānā+iva · kaḥ syātteṣāṃ śamopāya ityuktvā dhyānamāsthitāḥ upāyaḥ→śamopāya +iti · sādhu bhūteṣvanukrośa ityuccair abruvan samam anukrośaḥ→bhūteṣvanukrośa +iti · ṣaḍ virecanāśrayā iti kṣīramūlatvakpatrapuṣpaphalānīti āśrayāḥ→virecanāśrayā +iti
m r → ṃ r	anusvāra / nasal	195	0.7	ghṛtaṃ ca siddhaṃ madhuśeṣayuktaṃ raktānilārtiṃ praṇudet pradehaḥ yuktam→madhuśeṣayuktaṃ +rakta · bādhiryamāndhyamūkatvaṃ raktapittaṃ śirobhramam tvam→bādhiryamāndhyamūkatvaṃ +raktapittaṃ · harṣaṇaṃ kāmyamojasyaṃ ratnābharaṇadhāraṇam ojasyam→kāmyamojasyaṃ +ratna · tatra ravirbhābhirādadāno jagataḥ snehaṃ vāyavastīvrarūkṣāś copaśoṣayantaḥ śiśiravasantagrīṣmeṣu yathākramaṃ raukṣyamutpādayanto rūkṣān rasāṃstiktakaṣāyakaṭukāṃś cābhivardhayanto nṛṇāṃ daurbalyamāvahanti yathākramaṃ+raukṣyam
ḥ v → Ø v	visarga	193	0.7	vaikhānasā vālakhilyāstathā cānye maharṣayaḥ vaikhānasā+vālakhilyāḥ · sa vakṣyati śamopāyaṃ yathāvad amaraprabhuḥ sa+vakṣyati · svādvamlalavaṇā vāyuṃ kaṣāyasvādutiktakāḥ lavaṇāḥ→svādvamlalavaṇā +vāyuṃ · ya etān vetti saṃyoktuṃ vikāreṣu sa vedavit sa+veda
ḥ a → r a	visarga	191	0.69	padairalpairmatiṃ buddhvā vipulāṃ paramarṣaye padaiḥ+alpaiḥ→padairalpairmatiṃ · tenāyur amitaṃ lebhe bharadvājaḥ sukhānvitam āyuḥ→tenāyur +amitaṃ · phalairvanaspatiḥ puṣpairvānaspatyaḥ phalairapi phalaiḥ+api→phalairapi · jihvānirlekhanāni syuratīkṣṇānyanṛjūni ca syuḥ+atīkṣṇāni→syuratīkṣṇānyanṛjūni
aḥ bh → o bh	visarga	179	0.65	ṛṣiprokto bharadvājas tasmācchakram upāgamat proktaḥ→ṛṣiprokto +bharadvājas · aṅgirā jamadagniśca vasiṣṭhaḥ kaśyapo bhṛguḥ kaśyapo+bhṛguḥ · pārikṣirbhikṣur ātreyo bharadvājaḥ kapiñjalaḥ ātreyo+bharadvājaḥ · samavāyo 'pṛthagbhāvo bhūmyādīnāṃ guṇairmataḥ bhāvaḥ→'pṛthagbhāvo +bhūmi
aḥ a → o a	visarga	172	0.62	so 'nantapāraṃ triskandhamāyurvedaṃ mahāmatiḥ so+ananta · samavāyo 'pṛthagbhāvo bhūmyādīnāṃ guṇairmataḥ samavāyo+apṛthak · rūkṣaḥ śīto laghuḥ sūkṣmaścalo 'tha viśadaḥ kharaḥ calaḥ→sūkṣmaścalo +'tha · svāduramlo 'tha lavaṇaḥ kaṭukastikta eva ca amlaḥ→svāduramlo +'tha
ḥ v → r v	visarga	171	0.62	śivo vāyur vavau sarvā bhābhir unmīlitā diśaḥ vāyur+vavau · bheṣajairvinivartante vikārāḥ sādhyasaṃmatāḥ bheṣajaiḥ+vinivartante→bheṣajairvinivartante · phalairvanaspatiḥ puṣpairvānaspatyaḥ phalairapi phalaiḥ+vanaspatiḥ→phalairvanaspatiḥ · phalairvanaspatiḥ puṣpairvānaspatyaḥ phalairapi puṣpaiḥ+vānaspatyaḥ→puṣpairvānaspatyaḥ
i ā → y ā	vowel coalescence	162	0.59	samavāyo 'pṛthagbhāvo bhūmyādīnāṃ guṇairmataḥ bhūmi+ādīnām→bhūmyādīnāṃ · etāni vamane caiva yojyānyāsthāpaneṣu ca yojyāni+āsthāpaneṣu→yojyānyāsthāpaneṣu · mukhyāni yāni diṣṭāni sarvāṇyātreyaśāsane sarvāṇi+ātreya→sarvāṇyātreyaśāsane · pīlūnyāragvadhaṃ drākṣāṃ dravantīṃ niculāni ca pīlūni+āragvadham→pīlūnyāragvadhaṃ
m l → ṃ l	anusvāra / nasal	154	0.56	tenāyur amitaṃ lebhe bharadvājaḥ sukhānvitam amitaṃ+lebhe · vakṣyate yan manuṣyāṇāṃ lokayor ubhayor hitam manuṣyāṇāṃ+lokayor · uṣṇaṃ tīkṣṇamatho 'rūkṣaṃ kaṭukaṃ lavaṇānvitam kaṭukaṃ+lavaṇa · hāstikaṃ lavaṇaṃ mūtraṃ hitaṃ tu krimikuṣṭhinām hāstikaṃ+lavaṇaṃ
aḥ h → o h	visarga	140	0.51	śarkarākṣo hiraṇyākṣo lokākṣaḥ paiṅgireva ca śarkarākṣo+hiraṇyākṣo · vyādhayo hi samutpannāḥ sarvaprāṇibhayaṃkarāḥ vyādhayo+hi · nabhasi snigdhagambhīro harṣādbhūtair udīritaḥ gambhīraḥ→snigdhagambhīro +harṣāt · dvayāśrayāṇāṃ vyādhīnāṃ trividho hetusaṃgrahaḥ trividho+hetu
ḥ bh → Ø bh	visarga	139	0.5	siddhāḥ paraṃ sarṣapatailayuktāścūrṇapradehā bhiṣajā prayojyāḥ pradehāḥ→sarṣapatailayuktāścūrṇapradehā +bhiṣajā · pañcāśanmahākaṣāyā iti yaduktaṃ tadanuvyākhyāsyāmaḥ tadyathā jīvanīyo bṛṃhaṇīyo lekhanīyo bhedanīyaḥ saṃdhānīyo dīpanīya iti ṣaṭkaḥ kaṣāyavargaḥ balyo varṇyaḥ kaṇṭhyo hṛdya iti catuṣkaḥ kaṣāyavargaḥ tṛptighno 'rśoghnaḥ kuṣṭhaghnaḥ kaṇḍūghnaḥ krimighno viṣaghna iti ṣaṭkaḥ kaṣāyavargaḥ stanyajananaḥ stanyaśodhanaḥ śukrajananaḥ śukraśodhana iti catuṣkaḥ kaṣāyavargaḥ snehopagaḥ svedopago vamanopago virecanopaga āsthāpanopago 'nuvāsanopagaḥ śirovirecanopaga iti saptakaḥ kaṣāyavargaḥ chardinigrahaṇastṛṣṇānigrahaṇo hikkānigrahaṇa iti trikaḥ kaṣāyavargaḥ purīṣasaṃgrahaṇīyaḥ purīṣavirajanīyo mūtrasaṃgrahaṇīyo mūtravirajanīyo mūtravirecanīya iti pañcakaḥ kaṣāyavargaḥ kāsaharaḥ śvāsaharaḥ śothaharo jvaraharaḥ śramahara iti pañcakaḥ kaṣāyavargaḥ dāhapraśamanaḥ śītapraśamana udardapraśamano 'ṅgamardapraśamanaḥ śūlapraśamana iti pañcakaḥ kaṣāyavargaḥ śoṇitasthāpano vedanāsthāpanaḥ saṃjñāsthāpanaḥ prajāsthāpano vayaḥsthāpana iti pañcakaḥ kaṣāyavargaḥ iti pañcāśanmahākaṣāyā mahatāṃ ca kaṣāyāṇāṃ lakṣaṇodāharaṇārthaṃ vyākhyātā bhavanti vyākhyātā+bhavanti · iti pañcakaṣāyaśatānyabhisamasya pañcāśanmahākaṣāyā mahatāṃ ca kaṣāyāṇāṃ lakṣaṇodāharaṇārthaṃ vyākhyātā bhavanti vyākhyātā+bhavanti · saṃyogaṃ ca prayogaṃ ca yo veda sa bhiṣagvaraḥ sa+bhiṣaj
aḥ y → o y	visarga	134	0.48	tantrasya kartā prathamam agniveśo yato 'bhavat agniveśo+yato · sa nityo yatra hi dravyaṃ na tatrāniyato guṇaḥ nityo+yatra · kaṣāyo yo 'bhiniryāti sa śītaḥ samudāhṛtaḥ kaṣāyo+yo · snaihikaṃ dhūmaje doṣe vāyuḥ pittānugo yadi anugaḥ→pittānugo +yadi
aḥ r → o r	visarga	134	0.48	mānasaḥ punaruddiṣṭo rajaśca tama eva ca uddiṣṭaḥ→punaruddiṣṭo +rajaḥ · rasanārtho rasastasya dravyamāpaḥ kṣitistathā arthaḥ→rasanārtho +rasaḥ · yaḥ piṇḍo rasapiṣṭānāṃ sa kalkaḥ parikīrtitaḥ piṇḍo+rasa · tatra ravirbhābhirādadāno jagataḥ snehaṃ vāyavastīvrarūkṣāś copaśoṣayantaḥ śiśiravasantagrīṣmeṣu yathākramaṃ raukṣyamutpādayanto rūkṣān rasāṃstiktakaṣāyakaṭukāṃś cābhivardhayanto nṛṇāṃ daurbalyamāvahanti utpādayantaḥ→raukṣyamutpādayanto +rūkṣān
aḥ d → o d	visarga	133	0.48	brahmajñānasya nidhayo damasya niyamasya ca nidhayo+damasya · śiṣyebhyo dattavān ṣaḍbhyaḥ sarvabhūtānukampayā śiṣyebhyo+dattavān · khādīnyātmā manaḥ kālo diśaśca dravyasaṃgrahaḥ kālo+diśaḥ · caitanye kāraṇaṃ nityo draṣṭā paśyati hi kriyāḥ nityo+draṣṭā
i u → y u	vowel coalescence	130	0.47	kaḥ syātteṣāṃ śamopāya ityuktvā dhyānamāsthitāḥ iti+uktvā→ityuktvā · sādhu bhūteṣvanukrośa ityuccair abruvan samam iti+uccais→ityuccair · ityuktaṃ kāraṇaṃ kāryaṃ dhātusāmyamihocyate iti+uktam→ityuktaṃ · ityuktā nāmakarmabhyāṃ mūlinyaḥ phalinīḥ śṛṇu iti+uktāḥ→ityuktā
ā u → o	vowel coalescence	126	0.46	ajīrṇānāhayorvāte gulme śūle tathodare tathā+udare→tathodare · sāmānyena mayoktastu pṛthaktvena pravakṣyate mayā+uktaḥ→mayoktastu · pāṇḍuroge 'mlapitte ca śoṣe gulme tathodare tathā+udare→tathodare · kṣiptvoṣṇatoye mṛditaṃ tat phāṇṭaṃ parikīrtitam kṣiptvā+uṣṇa→kṣiptvoṣṇatoye
i e → y e	vowel coalescence	124	0.45	nāmakarmabhiruktāni phalānyekonaviṃśatiḥ phalāni+ekonaviṃśatiḥ→phalānyekonaviṃśatiḥ · snehā hyete ca vihitā vātapittakaphāpahāḥ hi+ete→hyete · ajājīṃ cājagandhāṃ ca pīlūnyelāṃ hareṇukām pīlūni+elām→pīlūnyelāṃ · tailāktagātrasya kṛtāni cūrṇānyetāni dadyādavacūrṇanārtham cūrṇāni+etāni→cūrṇānyetāni
ḥ e → Ø e	visarga	119	0.43	mānasaḥ punaruddiṣṭo rajaśca tama eva ca tama+eva · svāduramlo 'tha lavaṇaḥ kaṭukastikta eva ca tiktaḥ→kaṭukastikta +eva · ya etān vetti saṃyoktuṃ vikāreṣu sa vedavit ya+etān · manaḥśilāle gṛhadhūma elā kāsīsalodhrārjunamustasarjāḥ gṛhadhūma+elā
ḥ m → Ø m	visarga	108	0.39	yathāvadacirāt sarvaṃ bubudhe tanmanā muniḥ tanmanā+muniḥ · pañcāśanmahākaṣāyā iti yaduktaṃ tadanuvyākhyāsyāmaḥ tadyathā jīvanīyo bṛṃhaṇīyo lekhanīyo bhedanīyaḥ saṃdhānīyo dīpanīya iti ṣaṭkaḥ kaṣāyavargaḥ balyo varṇyaḥ kaṇṭhyo hṛdya iti catuṣkaḥ kaṣāyavargaḥ tṛptighno 'rśoghnaḥ kuṣṭhaghnaḥ kaṇḍūghnaḥ krimighno viṣaghna iti ṣaṭkaḥ kaṣāyavargaḥ stanyajananaḥ stanyaśodhanaḥ śukrajananaḥ śukraśodhana iti catuṣkaḥ kaṣāyavargaḥ snehopagaḥ svedopago vamanopago virecanopaga āsthāpanopago 'nuvāsanopagaḥ śirovirecanopaga iti saptakaḥ kaṣāyavargaḥ chardinigrahaṇastṛṣṇānigrahaṇo hikkānigrahaṇa iti trikaḥ kaṣāyavargaḥ purīṣasaṃgrahaṇīyaḥ purīṣavirajanīyo mūtrasaṃgrahaṇīyo mūtravirajanīyo mūtravirecanīya iti pañcakaḥ kaṣāyavargaḥ kāsaharaḥ śvāsaharaḥ śothaharo jvaraharaḥ śramahara iti pañcakaḥ kaṣāyavargaḥ dāhapraśamanaḥ śītapraśamana udardapraśamano 'ṅgamardapraśamanaḥ śūlapraśamana iti pañcakaḥ kaṣāyavargaḥ śoṇitasthāpano vedanāsthāpanaḥ saṃjñāsthāpanaḥ prajāsthāpano vayaḥsthāpana iti pañcakaḥ kaṣāyavargaḥ iti pañcāśanmahākaṣāyā mahatāṃ ca kaṣāyāṇāṃ lakṣaṇodāharaṇārthaṃ vyākhyātā bhavanti mahākaṣāyāḥ→pañcāśanmahākaṣāyā +mahatāṃ · iti pañcakaṣāyaśatānyabhisamasya pañcāśanmahākaṣāyā mahatāṃ ca kaṣāyāṇāṃ lakṣaṇodāharaṇārthaṃ vyākhyātā bhavanti mahākaṣāyāḥ→pañcāśanmahākaṣāyā +mahatāṃ · guṇā mātrāśitīye 'smiṃstathoktā daṇḍadhāraṇe guṇā+mātrāśitīye
t d → d d	consonant / other	106	0.38	taddravyaṃ samavāyī tu niśceṣṭaḥ kāraṇaṃ guṇaḥ tat+dravyam→taddravyaṃ · yogamāsāṃ tu yo vidyāddeśakālopapāditam vidyāt+deśa→vidyāddeśakālopapāditam · dhūmayogyaḥ pibeddoṣe śiroghrāṇākṣisaṃśraye pibet+doṣe→pibeddoṣe · tailāddaśaguṇaṃ śeṣaṃ kaṣāyamavatārayet tailāt+daśaguṇam→tailāddaśaguṇaṃ
aḥ j → o j	visarga	104	0.38	rogāstasyāpahartāraḥ śreyaso jīvitasya ca śreyaso+jīvitasya · mānaso jñānavijñānadhairyasmṛtisamādhibhiḥ mānaso+jñāna · smṛtimān hetuyuktijño jitātmā pratipattimān jñaḥ→hetuyuktijño +jita · pañcāśanmahākaṣāyā iti yaduktaṃ tadanuvyākhyāsyāmaḥ tadyathā jīvanīyo bṛṃhaṇīyo lekhanīyo bhedanīyaḥ saṃdhānīyo dīpanīya iti ṣaṭkaḥ kaṣāyavargaḥ balyo varṇyaḥ kaṇṭhyo hṛdya iti catuṣkaḥ kaṣāyavargaḥ tṛptighno 'rśoghnaḥ kuṣṭhaghnaḥ kaṇḍūghnaḥ krimighno viṣaghna iti ṣaṭkaḥ kaṣāyavargaḥ stanyajananaḥ stanyaśodhanaḥ śukrajananaḥ śukraśodhana iti catuṣkaḥ kaṣāyavargaḥ snehopagaḥ svedopago vamanopago virecanopaga āsthāpanopago 'nuvāsanopagaḥ śirovirecanopaga iti saptakaḥ kaṣāyavargaḥ chardinigrahaṇastṛṣṇānigrahaṇo hikkānigrahaṇa iti trikaḥ kaṣāyavargaḥ purīṣasaṃgrahaṇīyaḥ purīṣavirajanīyo mūtrasaṃgrahaṇīyo mūtravirajanīyo mūtravirecanīya iti pañcakaḥ kaṣāyavargaḥ kāsaharaḥ śvāsaharaḥ śothaharo jvaraharaḥ śramahara iti pañcakaḥ kaṣāyavargaḥ dāhapraśamanaḥ śītapraśamana udardapraśamano 'ṅgamardapraśamanaḥ śūlapraśamana iti pañcakaḥ kaṣāyavargaḥ śoṇitasthāpano vedanāsthāpanaḥ saṃjñāsthāpanaḥ prajāsthāpano vayaḥsthāpana iti pañcakaḥ kaṣāyavargaḥ iti pañcāśanmahākaṣāyā mahatāṃ ca kaṣāyāṇāṃ lakṣaṇodāharaṇārthaṃ vyākhyātā bhavanti haraḥ→śothaharo +jvara
t c → c c	consonant / other	104	0.38	ṛṣibhyo'nadhikaṃ tacca śaśaṃsānavaśeṣayan tat+ca→tacca · mānaṃ ca tacca yatroktam āyurvedaḥ sa ucyate tat+ca→tacca · sa pumāṃścetanaṃ tacca taccādhikaraṇaṃ smṛtam tat+ca→tacca · tacca nityaṃ prayuñjīta svāsthyaṃ yenānuvartate tat+ca→tacca
t m → n m	consonant / other	102	0.37	vakṣyate yan manuṣyāṇāṃ lokayor ubhayor hitam yan+manuṣyāṇāṃ · iha khalu ṣaḍ virecanaśatāni bhavanti ṣaḍ virecanāśrayāḥ pañca kaṣāyayonayaḥ pañcavidhaṃ kaṣāyakalpanaṃ pañcāśanmahākaṣāyāḥ pañca kaṣāyaśatāni iti saṃgrahaḥ pañcāśat+mahā→pañcāśanmahākaṣāyāḥ · pañcāśanmahākaṣāyā iti yaduktaṃ tadanuvyākhyāsyāmaḥ tadyathā jīvanīyo bṛṃhaṇīyo lekhanīyo bhedanīyaḥ saṃdhānīyo dīpanīya iti ṣaṭkaḥ kaṣāyavargaḥ balyo varṇyaḥ kaṇṭhyo hṛdya iti catuṣkaḥ kaṣāyavargaḥ tṛptighno 'rśoghnaḥ kuṣṭhaghnaḥ kaṇḍūghnaḥ krimighno viṣaghna iti ṣaṭkaḥ kaṣāyavargaḥ stanyajananaḥ stanyaśodhanaḥ śukrajananaḥ śukraśodhana iti catuṣkaḥ kaṣāyavargaḥ snehopagaḥ svedopago vamanopago virecanopaga āsthāpanopago 'nuvāsanopagaḥ śirovirecanopaga iti saptakaḥ kaṣāyavargaḥ chardinigrahaṇastṛṣṇānigrahaṇo hikkānigrahaṇa iti trikaḥ kaṣāyavargaḥ purīṣasaṃgrahaṇīyaḥ purīṣavirajanīyo mūtrasaṃgrahaṇīyo mūtravirajanīyo mūtravirecanīya iti pañcakaḥ kaṣāyavargaḥ kāsaharaḥ śvāsaharaḥ śothaharo jvaraharaḥ śramahara iti pañcakaḥ kaṣāyavargaḥ dāhapraśamanaḥ śītapraśamana udardapraśamano 'ṅgamardapraśamanaḥ śūlapraśamana iti pañcakaḥ kaṣāyavargaḥ śoṇitasthāpano vedanāsthāpanaḥ saṃjñāsthāpanaḥ prajāsthāpano vayaḥsthāpana iti pañcakaḥ kaṣāyavargaḥ iti pañcāśanmahākaṣāyā mahatāṃ ca kaṣāyāṇāṃ lakṣaṇodāharaṇārthaṃ vyākhyātā bhavanti pañcāśat+mahākaṣāyāḥ→pañcāśanmahākaṣāyā · pañcāśanmahākaṣāyā iti yaduktaṃ tadanuvyākhyāsyāmaḥ tadyathā jīvanīyo bṛṃhaṇīyo lekhanīyo bhedanīyaḥ saṃdhānīyo dīpanīya iti ṣaṭkaḥ kaṣāyavargaḥ balyo varṇyaḥ kaṇṭhyo hṛdya iti catuṣkaḥ kaṣāyavargaḥ tṛptighno 'rśoghnaḥ kuṣṭhaghnaḥ kaṇḍūghnaḥ krimighno viṣaghna iti ṣaṭkaḥ kaṣāyavargaḥ stanyajananaḥ stanyaśodhanaḥ śukrajananaḥ śukraśodhana iti catuṣkaḥ kaṣāyavargaḥ snehopagaḥ svedopago vamanopago virecanopaga āsthāpanopago 'nuvāsanopagaḥ śirovirecanopaga iti saptakaḥ kaṣāyavargaḥ chardinigrahaṇastṛṣṇānigrahaṇo hikkānigrahaṇa iti trikaḥ kaṣāyavargaḥ purīṣasaṃgrahaṇīyaḥ purīṣavirajanīyo mūtrasaṃgrahaṇīyo mūtravirajanīyo mūtravirecanīya iti pañcakaḥ kaṣāyavargaḥ kāsaharaḥ śvāsaharaḥ śothaharo jvaraharaḥ śramahara iti pañcakaḥ kaṣāyavargaḥ dāhapraśamanaḥ śītapraśamana udardapraśamano 'ṅgamardapraśamanaḥ śūlapraśamana iti pañcakaḥ kaṣāyavargaḥ śoṇitasthāpano vedanāsthāpanaḥ saṃjñāsthāpanaḥ prajāsthāpano vayaḥsthāpana iti pañcakaḥ kaṣāyavargaḥ iti pañcāśanmahākaṣāyā mahatāṃ ca kaṣāyāṇāṃ lakṣaṇodāharaṇārthaṃ vyākhyātā bhavanti pañcāśat+mahākaṣāyāḥ→pañcāśanmahākaṣāyā
t u → d u	consonant / other	101	0.37	ṣaḍ virecanaśatāni iti yaduktaṃ tadiha saṃgraheṇodāhṛtya vistareṇa kalpopaniṣadi vyākhyāsyāmaḥ tatra trayastriṃśadyogaśataṃ praṇītaṃ phaleṣu ekonacatvāriṃśajjīmūtakeṣu yogāḥ pañcacatvāriṃśadikṣvākuṣu dhāmārgavaḥ ṣaṣṭidhā bhavati yogayuktaḥ kuṭajastvaṣṭādaśadhā yogameti kṛtavedhanaṃ ṣaṣṭidhā bhavati yogayuktaṃ śyāmātrivṛdyogaśataṃ praṇītaṃ daśāpare cātra bhavanti yogāḥ caturaṅgulo dvādaśadhā yogameti lodhraṃ vidhau ṣoḍaśayogayuktaṃ mahāvṛkṣo bhavati viṃśatiyogayuktaḥ ekonacatvāriṃśat saptalāśaṅkhinyoryogāḥ aṣṭacatvāriṃśaddantīdravantyoḥ iti ṣaḍvirecanaśatāni yat+uktam→yaduktaṃ · pañcāśanmahākaṣāyā iti yaduktaṃ tadanuvyākhyāsyāmaḥ tadyathā jīvanīyo bṛṃhaṇīyo lekhanīyo bhedanīyaḥ saṃdhānīyo dīpanīya iti ṣaṭkaḥ kaṣāyavargaḥ balyo varṇyaḥ kaṇṭhyo hṛdya iti catuṣkaḥ kaṣāyavargaḥ tṛptighno 'rśoghnaḥ kuṣṭhaghnaḥ kaṇḍūghnaḥ krimighno viṣaghna iti ṣaṭkaḥ kaṣāyavargaḥ stanyajananaḥ stanyaśodhanaḥ śukrajananaḥ śukraśodhana iti catuṣkaḥ kaṣāyavargaḥ snehopagaḥ svedopago vamanopago virecanopaga āsthāpanopago 'nuvāsanopagaḥ śirovirecanopaga iti saptakaḥ kaṣāyavargaḥ chardinigrahaṇastṛṣṇānigrahaṇo hikkānigrahaṇa iti trikaḥ kaṣāyavargaḥ purīṣasaṃgrahaṇīyaḥ purīṣavirajanīyo mūtrasaṃgrahaṇīyo mūtravirajanīyo mūtravirecanīya iti pañcakaḥ kaṣāyavargaḥ kāsaharaḥ śvāsaharaḥ śothaharo jvaraharaḥ śramahara iti pañcakaḥ kaṣāyavargaḥ dāhapraśamanaḥ śītapraśamana udardapraśamano 'ṅgamardapraśamanaḥ śūlapraśamana iti pañcakaḥ kaṣāyavargaḥ śoṇitasthāpano vedanāsthāpanaḥ saṃjñāsthāpanaḥ prajāsthāpano vayaḥsthāpana iti pañcakaḥ kaṣāyavargaḥ iti pañcāśanmahākaṣāyā mahatāṃ ca kaṣāyāṇāṃ lakṣaṇodāharaṇārthaṃ vyākhyātā bhavanti yat+uktam→yaduktaṃ · akāle cātipītaśca dhūmaḥ kuryādupadravān kuryāt+upadravān→kuryādupadravān · upaśete yadaucityādokaḥsātmyaṃ taducyate tat+ucyate→taducyate
aḥ b → o b	visarga	100	0.36	sāṃkṛtyo baijavāpiśca kuśiko bādarāyaṇaḥ sāṃkṛtyo+baijavāpiḥ · sāṃkṛtyo baijavāpiśca kuśiko bādarāyaṇaḥ kuśiko+bādarāyaṇaḥ · sārthā gurvādayo buddhiḥ prayatnāntāḥ parādayaḥ ādayaḥ→gurvādayo +buddhiḥ · pañcāśanmahākaṣāyā iti yaduktaṃ tadanuvyākhyāsyāmaḥ tadyathā jīvanīyo bṛṃhaṇīyo lekhanīyo bhedanīyaḥ saṃdhānīyo dīpanīya iti ṣaṭkaḥ kaṣāyavargaḥ balyo varṇyaḥ kaṇṭhyo hṛdya iti catuṣkaḥ kaṣāyavargaḥ tṛptighno 'rśoghnaḥ kuṣṭhaghnaḥ kaṇḍūghnaḥ krimighno viṣaghna iti ṣaṭkaḥ kaṣāyavargaḥ stanyajananaḥ stanyaśodhanaḥ śukrajananaḥ śukraśodhana iti catuṣkaḥ kaṣāyavargaḥ snehopagaḥ svedopago vamanopago virecanopaga āsthāpanopago 'nuvāsanopagaḥ śirovirecanopaga iti saptakaḥ kaṣāyavargaḥ chardinigrahaṇastṛṣṇānigrahaṇo hikkānigrahaṇa iti trikaḥ kaṣāyavargaḥ purīṣasaṃgrahaṇīyaḥ purīṣavirajanīyo mūtrasaṃgrahaṇīyo mūtravirajanīyo mūtravirecanīya iti pañcakaḥ kaṣāyavargaḥ kāsaharaḥ śvāsaharaḥ śothaharo jvaraharaḥ śramahara iti pañcakaḥ kaṣāyavargaḥ dāhapraśamanaḥ śītapraśamana udardapraśamano 'ṅgamardapraśamanaḥ śūlapraśamana iti pañcakaḥ kaṣāyavargaḥ śoṇitasthāpano vedanāsthāpanaḥ saṃjñāsthāpanaḥ prajāsthāpano vayaḥsthāpana iti pañcakaḥ kaṣāyavargaḥ iti pañcāśanmahākaṣāyā mahatāṃ ca kaṣāyāṇāṃ lakṣaṇodāharaṇārthaṃ vyākhyātā bhavanti jīvanīyo+bṛṃhaṇīyo
s p → ḥ p	consonant / other	97	0.35	nastaḥ pracchardane caiva pratyakpuṣpā vidhīyate nastaḥ+pracchardane · phaṇijjhako vatsakasaptaparṇau pīlūni kuṣṭhaṃ sumanaḥpravālāḥ sumanas+pravālāḥ→sumanaḥpravālāḥ · ubhe haridre kuṭajasya bījaṃ karañjabījaṃ sumanaḥpravālān sumanas+pravālān→sumanaḥpravālān · paraṃ tvataḥ pravakṣyāmi dhūmo yeṣāṃ vigarhitaḥ atas→tvataḥ +pravakṣyāmi
aḥ g → o g	visarga	96	0.35	ātreyo gautamaḥ sāṃkhyaḥ pulastyo nārado'sitaḥ ātreyo+gautamaḥ · sa nityo yatra hi dravyaṃ na tatrāniyato guṇaḥ aniyataḥ→tatrāniyato +guṇaḥ · patrāṇi śuṅgāḥ kandāśca prarohāścaudbhido gaṇaḥ audbhidaḥ→prarohāścaudbhido +gaṇaḥ · granthiśca bhaurjo laśunaḥ śirīṣaḥ salomaśo guggulukṛṣṇagandhe lomaśaḥ→salomaśo +guggulu
ḥ y → Ø y	visarga	95	0.34	vighnabhūtā yadā rogāḥ prādurbhūtāḥ śarīriṇām bhūtāḥ→vighnabhūtā +yadā · ekādaśāvaśiṣṭā yāḥ prayojyāstā virecane avaśiṣṭāḥ→ekādaśāvaśiṣṭā +yāḥ · eko 'pi hyanekāṃ saṃjñāṃ labhate kāryāntarāṇi kurvan tadyathā puruṣo bahūnāṃ karmaṇāṃ karaṇe samartho bhavati sa yadyat karma karoti tasya tasya karmaṇaḥ kartṛkaraṇakāryasamprayuktaṃ tattadgauṇaṃ nāmaviśeṣaṃ prāpnoti tadvadauṣadhadravyamapi draṣṭavyam sa+yat · varṣāśaraddhemanteṣu dakṣiṇābhimukhe'rke kālamārgameghavātavarṣābhihatapratāpe śaśini cāvyāhatabale māhendrasalilapraśāntasaṃtāpe jagati arūkṣā rasāḥ pravardhante'mlalavaṇamadhurā yathākramaṃ tatra balamupacīyate nṛṇāmiti madhurāḥ→pravardhante'mlalavaṇamadhurā +yathākramaṃ
ḥ n → Ø n	visarga	93	0.34	bharadvājo'bravīt tasmādṛṣibhiḥ sa niyojitaḥ sa+niyojitaḥ · sa nityo yatra hi dravyaṃ na tatrāniyato guṇaḥ sa+nityo · ityuktā nāmakarmabhyāṃ mūlinyaḥ phalinīḥ śṛṇu uktāḥ→ityuktā +nāma · na syuḥ śvetā na kapilāḥ keśāḥ śmaśrūṇi vā punaḥ śvetā+na
e a → e '	vowel coalescence	93	0.34	yathāvat sūtritam iti prahṛṣṭās te 'numenire te+'numenire · pāṇḍuroge 'mlapitte ca śoṣe gulme tathodare roge+'mlapitte · annapānādike 'dhyāye bhūyo vakṣyāmyaśeṣataḥ ādike+'dhyāye · gaurave śirasaḥ śūle pīnase 'rdhāvabhedake pīnase+'rdhāvabhedake
ḥ u → r u	visarga	88	0.32	nabhasi snigdhagambhīro harṣādbhūtair udīritaḥ bhūtaiḥ→harṣādbhūtair +udīritaḥ · śivo vāyur vavau sarvā bhābhir unmīlitā diśaḥ bhābhir+unmīlitā · nityagaś cānubandhaś ca paryāyair āyur ucyate āyur+ucyate · vakṣyate yan manuṣyāṇāṃ lokayor ubhayor hitam lokayor+ubhayor
ḥ u → Ø u	visarga	87	0.31	dīrghaṃ jīvitamanvicchanbharadvāja upāgamat bharadvājaḥ→jīvitamanvicchanbharadvāja +upāgamat · mānaṃ ca tacca yatroktam āyurvedaḥ sa ucyate sa+ucyate · pañcāśanmahākaṣāyā iti yaduktaṃ tadanuvyākhyāsyāmaḥ tadyathā jīvanīyo bṛṃhaṇīyo lekhanīyo bhedanīyaḥ saṃdhānīyo dīpanīya iti ṣaṭkaḥ kaṣāyavargaḥ balyo varṇyaḥ kaṇṭhyo hṛdya iti catuṣkaḥ kaṣāyavargaḥ tṛptighno 'rśoghnaḥ kuṣṭhaghnaḥ kaṇḍūghnaḥ krimighno viṣaghna iti ṣaṭkaḥ kaṣāyavargaḥ stanyajananaḥ stanyaśodhanaḥ śukrajananaḥ śukraśodhana iti catuṣkaḥ kaṣāyavargaḥ snehopagaḥ svedopago vamanopago virecanopaga āsthāpanopago 'nuvāsanopagaḥ śirovirecanopaga iti saptakaḥ kaṣāyavargaḥ chardinigrahaṇastṛṣṇānigrahaṇo hikkānigrahaṇa iti trikaḥ kaṣāyavargaḥ purīṣasaṃgrahaṇīyaḥ purīṣavirajanīyo mūtrasaṃgrahaṇīyo mūtravirajanīyo mūtravirecanīya iti pañcakaḥ kaṣāyavargaḥ kāsaharaḥ śvāsaharaḥ śothaharo jvaraharaḥ śramahara iti pañcakaḥ kaṣāyavargaḥ dāhapraśamanaḥ śītapraśamana udardapraśamano 'ṅgamardapraśamanaḥ śūlapraśamana iti pañcakaḥ kaṣāyavargaḥ śoṇitasthāpano vedanāsthāpanaḥ saṃjñāsthāpanaḥ prajāsthāpano vayaḥsthāpana iti pañcakaḥ kaṣāyavargaḥ iti pañcāśanmahākaṣāyā mahatāṃ ca kaṣāyāṇāṃ lakṣaṇodāharaṇārthaṃ vyākhyātā bhavanti praśamanaḥ→śītapraśamana +udarda · evaṃvādinaṃ bhagavantamātreyamagniveśa uvāca naitāni bhagavan pañca kaṣāyaśatāni pūryante tāni tāni hyevāṅgānyupaplavante teṣu teṣu mahākaṣāyeṣviti agniveśaḥ→bhagavantamātreyamagniveśa +uvāca
ā ā → ā	vowel coalescence	85	0.31	buddhiḥ siddhiḥ smṛtir medhā dhṛtiḥ kīrtiḥ kṣamādayaḥ kṣamā+ādayaḥ→kṣamādayaḥ · manaḥśilāle maṇayo lavaṇaṃ gairikāñjane manaḥśilā+āle→manaḥśilāle · manaḥśilāle gṛhadhūma elā kāsīsalodhrārjunamustasarjāḥ manaḥśilā+āle→manaḥśilāle · saugandhikaṃ sarjaraso viḍaṅgaṃ manaḥśilāle karavīrakatvak manaḥśilā+āle→manaḥśilāle
m dh → ṃ dh	anusvāra / nasal	83	0.3	ityuktaṃ kāraṇaṃ kāryaṃ dhātusāmyamihocyate kāryaṃ+dhātu · pippalīkuṭajekṣvākūṇyelāṃ dhāmārgavāṇi ca elām→pippalīkuṭajekṣvākūṇyelāṃ +dhāmārgavāṇi · snaihikaṃ dhūmaje doṣe vāyuḥ pittānugo yadi snaihikaṃ+dhūma · bastinetrasamadravyaṃ dhūmanetraṃ praśasyate dravyam→bastinetrasamadravyaṃ +dhūma
t ś → cch	consonant / other	77	0.28	ṛṣiprokto bharadvājas tasmācchakram upāgamat tasmāt+śakram→tasmācchakram · jyotiṣmatīṃ nāgaraṃ ca dadyācchīrṣavirecane dadyāt+śīrṣa→dadyācchīrṣavirecane · yavāgūrdīpanīyā syācchūlaghnī copasādhitā syāt+śūla→syācchūlaghnī · piṣṭvā limpecchareṣīkāṃ tāṃ vartiṃ yavasannibhām limpet+śara→limpecchareṣīkāṃ
ḥ ā → r ā	visarga	77	0.28	pārikṣirbhikṣur ātreyo bharadvājaḥ kapiñjalaḥ bhikṣuḥ→pārikṣirbhikṣur +ātreyo · śrāvayāmāsur ātreyaṃ sarṣisaṃghaṃ sumedhasaḥ śrāvayāmāsur+ātreyaṃ · nityagaś cānubandhaś ca paryāyair āyur ucyate paryāyair+āyur · viparītaguṇaiḥ pittaṃ dravyairāśu praśāmyati dravyaiḥ+āśu→dravyairāśu
aḥ a → o '	visarga	76	0.27	so 'bhigamya jayāśīrbhirabhinandya sureśvaram so+'bhigamya · kaṣāyo yo 'bhiniryāti sa śītaḥ samudāhṛtaḥ yo+'bhiniryāti · eko 'pi hyanekāṃ saṃjñāṃ labhate kāryāntarāṇi kurvan tadyathā puruṣo bahūnāṃ karmaṇāṃ karaṇe samartho bhavati sa yadyat karma karoti tasya tasya karmaṇaḥ kartṛkaraṇakāryasamprayuktaṃ tattadgauṇaṃ nāmaviśeṣaṃ prāpnoti tadvadauṣadhadravyamapi draṣṭavyam eko+'pi · ityagniveśakṛte tantre carakapratisaṃskṛte ślokasthāne navegāndhāraṇīyo nāma saptamo 'dhyāyāḥ saptamo+'dhyāyāḥ
t n → n n	consonant / other	74	0.27	tasmānna bhiṣajā yuktaṃ yuktibāhyena bheṣajam tasmāt+na→tasmānna · divā tanna prayoktavyaṃ netrayostīkṣṇamañjanam tat+na→tanna · na cāsya kaṇṭhaśoṣaḥ syānnauṣṭhayoḥ sphuṭanādbhayam syāt+na→syānnauṣṭhayoḥ · noccaiḥ śrutirna bādhiryaṃ syānnityaṃ karṇatarpaṇāt syāt+nityam→syānnityaṃ
i i → ī	vowel coalescence	71	0.26	itīhoktāni mūtrāṇi yathāsāmarthyayogataḥ iti+iha→itīhoktāni · jambvāmrapallavamātuluṅgāmlabadaradāḍimayavayaṣṭikośīramṛllājā iti daśemāni chardinigrahaṇāni bhavanti nāgaradhanvayavāsakamustaparpaṭakacandanakirātatiktakaguḍūcīhrīveradhānyakapaṭolānīti daśemāni tṛṣṇānigrahaṇāni bhavanti śaṭīpuṣkaramūlabadarabījakaṇṭakārikābṛhatīvṛkṣaruhābhayāpippalīdurālabhākulīraśṛṅgya iti daśemāni hikkānigrahaṇāni bhavantīti trikaḥ kaṣāyavargaḥ bhavanti+iti→bhavantīti · priyaṅgvanantāmrāsthikaṭvaṅgalodhramocarasasamaṅgādhātakīpuṣpapadmāpadmakesarāṇīti daśemāni purīṣasaṃgrahaṇīyāni bhavanti jambuśallakītvakkacchurāmadhūkaśālmalīśrīveṣṭakabhṛṣṭamṛtpayasyotpalatilakaṇā iti daśemāni purīṣavirajanīyāni bhavanti ambvāmraplakṣavaṭakapītanoḍumbarāśvatthabhallātakāśmantakasomavalkā iti daśemāni mūtrasaṃgrahaṇīyāni bhavanti padmotpalanalinakumudasaugandhikapuṇḍarīkaśatapatramadhukapriyaṅgudhātakīpuṣpāṇīti daśemāni mūtravirajanīyāni bhavanti vṛkṣādanīśvadaṃṣṭrāvasukavaśirapāṣāṇabhedadarbhakuśakāśagundretkaṭamūlānīti daśemāni mūtravirecanīyāni bhavantīti pañcakaḥ kaṣāyavargaḥ bhavanti+iti→bhavantīti · dṛṣṭirnirākulā bhāti nirmale nabhasīnduvat nabhasi+indu→nabhasīnduvat
u ā → v ā	vowel coalescence	70	0.25	jambvāmrāsthidadhitthāmlabilvaiḥ sāṅgrāhikī matā jambu+āmra→jambvāmrāsthidadhitthāmlabilvaiḥ · jambvāmrapallavamātuluṅgāmlabadaradāḍimayavayaṣṭikośīramṛllājā iti daśemāni chardinigrahaṇāni bhavanti nāgaradhanvayavāsakamustaparpaṭakacandanakirātatiktakaguḍūcīhrīveradhānyakapaṭolānīti daśemāni tṛṣṇānigrahaṇāni bhavanti śaṭīpuṣkaramūlabadarabījakaṇṭakārikābṛhatīvṛkṣaruhābhayāpippalīdurālabhākulīraśṛṅgya iti daśemāni hikkānigrahaṇāni bhavantīti trikaḥ kaṣāyavargaḥ jambu+āmra→jambvāmrapallavamātuluṅgāmlabadaradāḍimayavayaṣṭikośīramṛllājā · priyaṅgvanantāmrāsthikaṭvaṅgalodhramocarasasamaṅgādhātakīpuṣpapadmāpadmakesarāṇīti daśemāni purīṣasaṃgrahaṇīyāni bhavanti jambuśallakītvakkacchurāmadhūkaśālmalīśrīveṣṭakabhṛṣṭamṛtpayasyotpalatilakaṇā iti daśemāni purīṣavirajanīyāni bhavanti ambvāmraplakṣavaṭakapītanoḍumbarāśvatthabhallātakāśmantakasomavalkā iti daśemāni mūtrasaṃgrahaṇīyāni bhavanti padmotpalanalinakumudasaugandhikapuṇḍarīkaśatapatramadhukapriyaṅgudhātakīpuṣpāṇīti daśemāni mūtravirajanīyāni bhavanti vṛkṣādanīśvadaṃṣṭrāvasukavaśirapāṣāṇabhedadarbhakuśakāśagundretkaṭamūlānīti daśemāni mūtravirecanīyāni bhavantīti pañcakaḥ kaṣāyavargaḥ ambu+āmra→ambvāmraplakṣavaṭakapītanoḍumbarāśvatthabhallātakāśmantakasomavalkā · uktā mahācatuṣpāde yeṣvāyattaṃ bhiṣagjitam yeṣu+āyattam→yeṣvāyattaṃ
ḥ j → Ø j	visarga	68	0.25	aṅgirā jamadagniśca vasiṣṭhaḥ kaśyapo bhṛguḥ aṅgirā+jamadagniḥ · snehanā jīvanā varṇyā balopacayavardhanāḥ snehanā+jīvanā · puruṣaṃ puruṣaṃ vīkṣya sa jñeyo bhiṣaguttamaḥ sa+jñeyo · purāṇā jāṅgalair māṃsair bhojyā yūṣaiśca saṃskṛtaiḥ purāṇā+jāṅgalair
ḥ r → Ø r	visarga	68	0.25	varṣāśaraddhemanteṣu dakṣiṇābhimukhe'rke kālamārgameghavātavarṣābhihatapratāpe śaśini cāvyāhatabale māhendrasalilapraśāntasaṃtāpe jagati arūkṣā rasāḥ pravardhante'mlalavaṇamadhurā yathākramaṃ tatra balamupacīyate nṛṇāmiti arūkṣā+rasāḥ · veganigrahajā rogā ya ete parikīrtitāḥ jāḥ→veganigrahajā +rogā · parāpavādaratayaścapalā ripusevinaḥ capalāḥ→parāpavādaratayaścapalā +ripu · jñānaṃ caturvidhaṃ yasya sa rājārho bhiṣaktamaḥ sa+rāja
ḥ m → r m	visarga	67	0.24	buddhiḥ siddhiḥ smṛtir medhā dhṛtiḥ kīrtiḥ kṣamādayaḥ smṛtir+medhā · samavāyo 'pṛthagbhāvo bhūmyādīnāṃ guṇairmataḥ guṇaiḥ+mataḥ→guṇairmataḥ · apāmārgasya bījāni pippalīrmaricāni ca pippalīḥ+maricāni→pippalīrmaricāni · śākairmāṃsaistilairmāṣaiḥ siddhā varco nirasyati śākaiḥ+māṃsaiḥ→śākairmāṃsaistilairmāṣaiḥ
ḥ y → r y	visarga	66	0.24	maharṣayas te dadṛśuryathāvajjñānacakṣuṣā dadṛśuḥ+yathāvat→dadṛśuryathāvajjñānacakṣuṣā · mātrākālāśrayā yuktiḥ siddhiryuktau pratiṣṭhitā siddhiḥ+yuktau→siddhiryuktau · paktau hi kāraṇaṃ pakturyathā pātrendhanānalāḥ paktuḥ+yathā→pakturyathā · traya upastambhā iti āhāraḥ svapno brahmacaryamiti ebhis tribhir yuktiyuktair upastabdham upastambhaiḥ śarīraṃ balavarṇopacayopacitam anuvartate yāvadāyuḥsaṃskārāt saṃskāram ahitam anupasevamānasya ya ihaivopadekṣyate tribhir+yukti
t ā → d ā	consonant / other	66	0.24	udāvarte vibandheṣu yuñjyādāsthāpaneṣu ca yuñjyāt+āsthāpaneṣu→yuñjyādāsthāpaneṣu · dravyād āpothitāt toye pratapte niśi saṃsthitāt dravyād+āpothitāt · sevyamāno bhajedāsyāṃ muktāmaṇivibhūṣitaḥ bhajet+āsyām→bhajedāsyāṃ · tasmādātmahitaṃ cikīrṣatā sarveṇa sarvaṃ sarvadā smṛtimāsthāya sadvṛttamanuṣṭheyam tasmāt+ātma→tasmādātmahitaṃ
s s → ḥ s	consonant / other	66	0.24	pañcāśanmahākaṣāyā iti yaduktaṃ tadanuvyākhyāsyāmaḥ tadyathā jīvanīyo bṛṃhaṇīyo lekhanīyo bhedanīyaḥ saṃdhānīyo dīpanīya iti ṣaṭkaḥ kaṣāyavargaḥ balyo varṇyaḥ kaṇṭhyo hṛdya iti catuṣkaḥ kaṣāyavargaḥ tṛptighno 'rśoghnaḥ kuṣṭhaghnaḥ kaṇḍūghnaḥ krimighno viṣaghna iti ṣaṭkaḥ kaṣāyavargaḥ stanyajananaḥ stanyaśodhanaḥ śukrajananaḥ śukraśodhana iti catuṣkaḥ kaṣāyavargaḥ snehopagaḥ svedopago vamanopago virecanopaga āsthāpanopago 'nuvāsanopagaḥ śirovirecanopaga iti saptakaḥ kaṣāyavargaḥ chardinigrahaṇastṛṣṇānigrahaṇo hikkānigrahaṇa iti trikaḥ kaṣāyavargaḥ purīṣasaṃgrahaṇīyaḥ purīṣavirajanīyo mūtrasaṃgrahaṇīyo mūtravirajanīyo mūtravirecanīya iti pañcakaḥ kaṣāyavargaḥ kāsaharaḥ śvāsaharaḥ śothaharo jvaraharaḥ śramahara iti pañcakaḥ kaṣāyavargaḥ dāhapraśamanaḥ śītapraśamana udardapraśamano 'ṅgamardapraśamanaḥ śūlapraśamana iti pañcakaḥ kaṣāyavargaḥ śoṇitasthāpano vedanāsthāpanaḥ saṃjñāsthāpanaḥ prajāsthāpano vayaḥsthāpana iti pañcakaḥ kaṣāyavargaḥ iti pañcāśanmahākaṣāyā mahatāṃ ca kaṣāyāṇāṃ lakṣaṇodāharaṇārthaṃ vyākhyātā bhavanti vayas+sthāpanaḥ→vayaḥsthāpana · madhumadhukarudhiramocarasamṛtkapālalodhragairikapriyaṅguśarkarālājā iti daśemāni śoṇitasthāpanāni bhavanti śālakaṭphalakadambapadmakatumbamocarasaśirīṣavañjulailavālukāśokā iti daśemāni vedanāsthāpanāni bhavanti hiṅgukaiṭaryārimedāvacācorakavayasthāgolomījaṭilāpalaṅkaṣāśokarohiṇya iti daśemāni saṃjñāsthāpanāni bhavanti aindrībrāhmīśatavīryāsahasravīryāmoghāvyathāśivāriṣṭāvāṭyapuṣpīviṣvaksenakāntā iti daśemāni prajāsthāpanāni bhavanti amṛtābhayādhātrīmuktāśvetājīvantyatirasāmaṇḍūkaparṇīsthirāpunarnavā iti daśemāni vayaḥsthāpanāni bhavanti iti pañcakaḥ kaṣāyavargaḥ vayas+sthāpanāni→vayaḥsthāpanāni · dve adhaḥ sapta śirasi khāni svedamukhāni ca adhaḥ+sapta · ataḥ saṃśayaḥ kiṃnu khalvasti punarbhavo na veti ataḥ+saṃśayaḥ
ḥ d → Ø d	visarga	64	0.23	śivo vāyur vavau sarvā bhābhir unmīlitā diśaḥ unmīlitā+diśaḥ · śasyante dantapavane ye cāpyevaṃvidhā drumāḥ evaṃvidhāḥ→cāpyevaṃvidhā +drumāḥ · tailasya ye guṇā diṣṭāḥ śirastailaguṇāśca ye guṇā+diṣṭāḥ · guṇā mātrāśitīye 'smiṃstathoktā daṇḍadhāraṇe uktāḥ→'smiṃstathoktā +daṇḍa
ḥ h → Ø h	visarga	62	0.22	tapasastejasā dīptā hūyamānā ivāgnayaḥ dīptā+hūyamānā · snehā hyete ca vihitā vātapittakaphāpahāḥ snehā+hi · jāyante tatra viśrāmo vātaghnyaśca kriyā hitāḥ kriyā+hitāḥ · ityasātmyendriyārthasaṃyogaḥ prajñāparādhaḥ pariṇāmaśceti trayastrividhavikalpā hetavo vikārāṇāṃ samayogayuktāstu prakṛtihetavo bhavanti vikalpāḥ→trayastrividhavikalpā +hetavo
ḥ g → Ø g	visarga	62	0.22	sārthā gurvādayo buddhiḥ prayatnāntāḥ parādayaḥ arthāḥ→sārthā +guru · kuṣṭhahṛllāsavīsarpāśchardinigrahajā gadāḥ jāḥ→kuṣṭhahṛllāsavīsarpāśchardinigrahajā +gadāḥ · krameṇāpacitā doṣāḥ krameṇopacitā guṇāḥ upacitāḥ→krameṇopacitā +guṇāḥ · vṛddhopasevino vṛddhāḥ svabhāvajñā gatavyathāḥ jñāḥ→svabhāvajñā +gata
ā e → ai	vowel coalescence	62	0.22	tadyuktamupanāheṣu pariṣeke tathaiva ca tathā+eva→tathaiva · dadrūḥ sakaṇḍūḥ kiṭibhāni pāmā vicarcikā caiva tathaiti śāntim tathā+eti→tathaiti · uktāni saṃgraheṇeha tathaivaiṣāṃ ṣaḍāśrayāḥ tathā+eva→tathaivaiṣāṃ · na caivamukte dravye gurulāghavamakāraṇaṃ manyeta laghūni hi dravyāṇi vāyvagniguṇabahulāni bhavanti pṛthvīsomaguṇabahulānītarāṇi tasmāt svaguṇādapi laghūnyagnisaṃdhukṣaṇasvabhāvānyalpadoṣāṇi cocyante 'pi sauhityopayuktāni gurūṇi punar nāgnisaṃdhukṣaṇasvabhāvānyasāmānyāt ataścātimātraṃ doṣavanti sauhityopayuktānyanyatra vyāyāmāgnibalāt saiṣā bhavatyagnibalāpekṣiṇī mātrā sā+eṣā→saiṣā
a a → a	vowel coalescence	61	0.22	tat punastrividhaṃ proktaṃ jaṅgamaudbhidapārthivam jaṅgama+audbhida→jaṅgamaudbhidapārthivam · satiktaṃ śvāsakāsaghnam arśoghnaṃ cauṣṭramucyate ca+auṣṭram→cauṣṭramucyate · ata evauṣadhagaṇāt saṃkalpyamanuvāsanam eva+auṣadha→evauṣadhagaṇāt · snehaiścaturbhir daśamūlamiśrair gandhauṣadhaiś cānilahaḥ pradehaḥ gandha+auṣadhaiḥ→gandhauṣadhaiś
n c → ṃś c	anusvāra / nasal	58	0.21	sarva evāstuvaṃs tāṃś ca sarvabhūtahitaiṣiṇaḥ tāṃś+ca · sa pumāṃścetanaṃ tacca taccādhikaraṇaṃ smṛtam pumān+cetanam→pumāṃścetanaṃ · palāśaṃ kattṛṇaṃ caiva snehāṃśca lavaṇāni ca snehān+ca→snehāṃśca · matsyān dadhi ca māṣāṃśca yavakāṃśca na śīlayet māṣān+ca→māṣāṃśca
ḥ n → r n	visarga	58	0.21	oṣadhīrnāmarūpābhyāṃ jānate hyajapā vane oṣadhīḥ+nāma→oṣadhīrnāmarūpābhyāṃ · dṛṣṭirnirākulā bhāti nirmale nabhasīnduvat dṛṣṭiḥ+nirākulā→dṛṣṭirnirākulā · na tasya cakṣurna ghrāṇaṃ na śrotramupahanyate cakṣuḥ+na→cakṣurna · noccaiḥ śrutirna bādhiryaṃ syānnityaṃ karṇatarpaṇāt śrutiḥ+na→śrutirna
t e → d e	consonant / other	56	0.2	dadyādeṣo 'ṇutailasya nāvanīyasya saṃvidhiḥ dadyāt+eṣa→dadyādeṣo · vidyādekapathaṃ rogaṃ nātipūrṇacatuṣpadam vidyāt+eka→vidyādekapathaṃ · dharmadvārāvahitaiśca vyapagatabhayarāgadveṣalobhamohamānair brahmāgrairāptaiḥ karmavidbhir anupahatasattvabuddhipracāraiḥ pūrvaiḥ pūrvatarair maharṣibhir divyacakṣurbhir dṛṣṭopadiṣṭaḥ punarbhava iti vyavasyedevam vyavasyet+evam→vyavasyedevam · tatra buddhimatā mānasavyādhiparītenāpi satā buddhyā hitāhitam avekṣyāvekṣya dharmārthakāmānām ahitānām anupasevane hitānāṃ copasevane prayatitavyaṃ na hyantareṇa loke trayametanmānasaṃ kiṃcin niṣpadyate sukhaṃ vā duḥkhaṃ vā tasmādetaccānuṣṭheyaṃ tadvidyānāṃ copasevane prayatitavyam ātmadeśakulakālabalaśaktijñāne yathāvacceti tasmāt+etat→tasmādetaccānuṣṭheyaṃ
n t → ṃs t	anusvāra / nasal	55	0.2	sarva evāstuvaṃs tāṃś ca sarvabhūtahitaiṣiṇaḥ astuvan→evāstuvaṃs +tāṃś · aho sādhviti nirghoṣo lokāṃs trīn anvavādayat lokāṃs+trīn · imāṃstrīnaparān vṛkṣānāhuryeṣāṃ hitāstvacaḥ imān+trīn→imāṃstrīnaparān · viḍaṅgānyatha śigrūṇi sarṣapāṃstumburūṇi ca sarṣapān+tumburūṇi→sarṣapāṃstumburūṇi
u e → v e	vowel coalescence	55	0.2	teṣāṃ yathāpūrvaṃ balādhikyam ataḥ kaṣāyakalpanā vyādhyāturabalāpekṣiṇī na tvevaṃ khalu sarvāṇi sarvatropayogīni bhavanti tu+evam→tvevaṃ · vātaśleṣmasamutkleśaḥ kāleṣveṣu hi lakṣyate kāleṣu+eṣu→kāleṣveṣu · prayoge snaihike tvekaṃ vairecyaṃ tricatuḥ pibet tu+ekam→tvekaṃ · yasya tvete guṇāḥ sarve santi vidyādayaḥ śubhāḥ tu+ete→tvete
ḥ e → r e	visarga	51	0.18	śarkarākṣo hiraṇyākṣo lokākṣaḥ paiṅgireva ca paiṅgiḥ+eva→paiṅgireva · vidhireṣa vikārāṇām anutpattau nidarśitaḥ vidhiḥ+eṣa→vidhireṣa · gatirekā navatvaṃ ca rogasyopadravo na ca gatiḥ+ekā→gatirekā · tacchrutvā vākyaṃ kumāraśirā bharadvāja uvāca evametadyathā bhagavānāha eta eva vātaguṇā bhavanti sa tv evaṃguṇair evaṃdravyair evamprabhāvaiśca karmabhirabhyasyamānair vāyuḥ prakopamāpadyate samānaguṇābhyāso hi dhātūnāṃ vṛddhikāraṇamiti evaṃguṇair+evaṃdravyair
t bh → d bh	consonant / other	51	0.18	nabhasi snigdhagambhīro harṣādbhūtair udīritaḥ harṣāt+bhūtaiḥ→harṣādbhūtair · na cāsya kaṇṭhaśoṣaḥ syānnauṣṭhayoḥ sphuṭanādbhayam sphuṭanāt+bhayam→sphuṭanādbhayam · bhajedbhūmigṛhaṃ coṣṇamuṣṇaṃ garbhagṛhaṃ tathā bhajet+bhūmigṛham→bhajedbhūmigṛhaṃ · vasante nicitaḥ śleṣmā dinakṛdbhābhirīritaḥ dinakṛt+bhābhiḥ→dinakṛdbhābhirīritaḥ
ḥ i → r i	visarga	51	0.18	aṣṭāviṃśatirityetā yavāgvaḥ parikīrtitāḥ aṣṭāviṃśatiḥ+iti→aṣṭāviṃśatirityetā · tasmāddhaimantikaḥ sarvaḥ śiśire vidhiriṣyate vidhiḥ+iṣyate→vidhiriṣyate · pañcendriyadravyāṇi khaṃ vāyurjyotirāpo bhūriti bhūḥ+iti→bhūriti · acche saṃśodhane caiva snehe kā vṛttiriṣyate vṛttiḥ+iṣyate→vṛttiriṣyate
ḥ b → Ø b	visarga	49	0.18	indramugratapā buddhvā śaraṇyamamareśvaram tapāḥ→indramugratapā +buddhvā · snehanā jīvanā varṇyā balopacayavardhanāḥ varṇyā+bala · tatra śākhā raktādayo dhātavastvak ca sa bāhyo rogamārgaḥ marmāṇi punarvastihṛdayamūrdhādīni asthisandhayo'sthisaṃyogāstatropanibaddhāśca snāyukaṇḍarāḥ sa madhyamo rogamārgaḥ koṣṭhaḥ punarucyate mahāsrotaḥ śarīramadhyaṃ mahānimnamāmapakvāśayaśceti paryāyaśabdaistantre sa rogamārga ābhyantaraḥ sa+bāhyo · tatra gaṇḍapiḍakālajyapacīcarmakīlādhimāṃsamaṣakakuṣṭhavyaṅgādayo vikārā bahirmārgajāśca visarpaśvayathugulmārśovidradhyādayaḥ śākhānusāriṇo bhavanti rogāḥ pakṣavadhagrahāpatānakārditaśoṣarājayakṣmāsthisandhiśūlagudabhraṃśādayaḥ śirohṛdvastirogādayaśca madhyamamārgānusāriṇo bhavanti rogā jvarātīsārachardyalasakavisūcikākāsaśvāsahikkānāhodaraplīhādayo 'ntarmārgajāśca visarpaśvayathugulmārśovidradhyādayaḥ koṣṭhānusāriṇo bhavanti rogāḥ vikārā+bahis
aḥ l → o l	visarga	48	0.17	śarkarākṣo hiraṇyākṣo lokākṣaḥ paiṅgireva ca hiraṇyākṣo+loka · aho sādhviti nirghoṣo lokāṃs trīn anvavādayat nirghoṣo+lokāṃs · rūkṣaḥ śīto laghuḥ sūkṣmaścalo 'tha viśadaḥ kharaḥ śīto+laghuḥ · manaḥśilāle maṇayo lavaṇaṃ gairikāñjane maṇayo+lavaṇaṃ
t j → j j	consonant / other	48	0.17	ṛṣayaśca bharadvājājjagṛhus taṃ prajāhitam bharadvājāt+jagṛhuḥ→bharadvājājjagṛhus · samavāyaṃ ca tajjñātvā tantroktaṃ vidhimāsthitāḥ tat+jñātvā→tajjñātvā · yavāsamūlaṃ kuśakāśayośca nirvāpaṇaḥ syājjalamerakā ca syāt+jalam→syājjalamerakā · daurgandhyaṃ bhajate tena tasmājjihvāṃ vinirlikhet tasmāt+jihvām→tasmājjihvāṃ
t g → d g	consonant / other	48	0.17	na ca syādgṛdhrasīvātaḥ pādayoḥ sphuṭanaṃ na ca syāt+gṛdhrasī→syādgṛdhrasīvātaḥ · yuktiścaiṣā ṣaḍdhātusamudayād garbhajanma kartṛkaraṇasaṃyogāt kriyāḥ kṛtasya karmaṇaḥ phalaṃ nākṛtasya nāṅkurotpattir abījāt karmasadṛśaṃ phalaṃ nānyasmād bījādanyasyotpattiḥ iti yuktiḥ samudayāt→ṣaḍdhātusamudayād +garbha · kaphādgurutvaṃ tandrā ca śiroroge tridoṣaje kaphāt+guru→kaphādgurutvaṃ · tadatisthaulyam atisaṃpūraṇād gurumadhuraśītasnigdhopayogād avyāyāmād avyavāyād divāsvapnāddharṣanityatvād acintanād bījasvabhāvāccopajāyate sampūraṇāt→atisaṃpūraṇād +guru
e e → a e	vowel coalescence	46	0.17	sarva evāstuvaṃs tāṃś ca sarvabhūtahitaiṣiṇaḥ sarva+eva · veganigrahajā rogā ya ete parikīrtitāḥ ya+ete · tatra manaso manobuddheśca ta eva samānātihīnamithyāyogāḥ prakṛtivikṛtihetavo bhavanti ta+eva · maitreya mithyā cintyata ityātreyaḥ kiṃ kāraṇaṃ ye hyāturāḥ ṣoḍaśaguṇasamuditenānena bheṣajenopapadyamānā mriyanta ityuktaṃ tad anupapannaṃ na hi bheṣajasādhyānāṃ vyādhīnāṃ bheṣajamakāraṇaṃ bhavati ye punarāturāḥ kevalādbheṣajādṛte samuttiṣṭhante na teṣāṃ sampūrṇabheṣajopapādanāya samutthānaviśeṣo nāsti yathā hi patitaṃ puruṣaṃ samaratham utthānāyotthāpayan puruṣo balamasyopādadhyāt sa kṣiprataram aparikliṣṭa evottiṣṭhet tadvat sampūrṇabheṣajopalambhādāturāḥ ye cāturāḥ kevalādbheṣajādapi mriyante na ca sarva eva te bheṣajopapannāḥ samuttiṣṭheran nahi sarve vyādhayo bhavantyupāyasādhyāḥ na copāyasādhyānāṃ vyādhīnām anupāyena siddhirasti na cāsādhyānāṃ vyādhīnāṃ bheṣajasamudāyo 'yamasti na hyalaṃ jñānavān bhiṣaṅmumūrṣumāturamutthāpayituṃ parīkṣyakāriṇo hi kuśalā bhavanti yathā hi yogajño 'bhyāsanitya iṣvāso dhanur ādāyeṣumasyannātiviprakṛṣṭe mahati kāye nāparādhavān bhavati sampādayati ceṣṭakāryaṃ tathā bhiṣak svaguṇasampanna upakaraṇavān vīkṣya karmārabhamāṇaḥ sādhyarogamanaparādhaḥ sampādayatyevāturamārogyeṇa tasmānna bheṣajamabheṣajenāviśiṣṭaṃ bhavati sarva+eva
as v → o v	consonant / other	46	0.17	annapānādike 'dhyāye bhūyo vakṣyāmyaśeṣataḥ bhūyo+vakṣyāmi · tena tailaṃ kaṣāyeṇa daśakṛtvo vipācayet kṛtvas→daśakṛtvo +vipācayet · visarge punarvāyavo nātirūkṣāḥ pravānti itare punarādāne somaścāvyāhatabalaḥ śiśirābhirbhābhir āpūrayañjagadāpyāyayati śaśvat ato visargaḥ saumyaḥ ato+visargaḥ · rasaṃ hinastyato vāyuḥ śītaḥ śīte prakupyati atas→hinastyato +vāyuḥ
d p → t p	consonant / other	45	0.16	dṛśyante vātalāḥ kecitpittalāḥ śleṣmalāstathā kecid+pittalāḥ→kecitpittalāḥ · yathā vākledya mṛtpiṇḍamāsiktaṃ tvarayā jalam mṛd+piṇḍam→mṛtpiṇḍamāsiktaṃ · nijāḥ punaḥ snehasvedavamanavirecanāsthāpanānuvāsanaśirovirecanānām ayathāvatprayogānmithyāsaṃsarjanād vā chardyalasakavisūcikāśvāsakāsātisāraśoṣapāṇḍurogodarajvarapradarabhagandarārśovikārātikarśanairvā kuṣṭhakaṇḍūpiḍakādibhirvā chardikṣavathūdgāraśukravātamūtrapurīṣavegadhāraṇairvā karmarogopavāsādhvakarśitasya vā sahasātigurvamlalavaṇapiṣṭānnaphalaśākarāgadadhiharitakamadyamandakavirūḍhanavaśūkaśamīdhānyānūpaudakapiśitopayogān mṛtpaṅkaloṣṭabhakṣaṇāllavaṇātibhakṣaṇād garbhasampīḍanād āmagarbhaprapatanāt prajātānāṃ ca mithyopacārād udīrṇadoṣatvācca śophāḥ prādurbhavanti ityuktaḥ sāmānyo hetuḥ mṛd+paṅka→mṛtpaṅkaloṣṭabhakṣaṇāllavaṇātibhakṣaṇād · ūrdhvānulomikaṃ yacca tatprabhāvaprabhāvitam tad+prabhāva→tatprabhāvaprabhāvitam
m gh → ṃ gh	anusvāra / nasal	43	0.16	tatra cakṣuḥ śrotraṃ ghrāṇaṃ rasanaṃ sparśanamiti pañcendriyāṇi śrotraṃ+ghrāṇaṃ · tatrātiprabhāvatāṃ dṛśyānāmatimātraṃ darśanamatiyogaḥ sarvaśo'darśanamayogaḥ atiśliṣṭātiviprakṛṣṭaraudrabhairavādbhutadviṣṭabībhatsanavikṛtavitrāsanādirūpadarśanaṃ mithyāyogaḥ tathātimātrastanitapaṭahotkruṣṭādīnāṃ śabdānāmatimātraṃ śravaṇamatiyogaḥ sarvaśo'śravaṇam ayogaḥ paruṣeṣṭavināśopaghātapradharṣaṇabhīṣaṇādiśabdaśravaṇaṃ mithyāyogaḥ tathātitīkṣṇogrābhiṣyandināṃ gandhānāmatimātraṃ ghrāṇamatiyogaḥ sarvaśo'ghrāṇam ayogaḥ pūtidviṣṭāmedhyaklinnaviṣapavanakuṇapagandhādighrāṇaṃ mithyāyogaḥ tathā rasānāmatyādānamatiyogaḥ sarvaśo'nādānamayogaḥ mithyāyogo rāśivarjyeṣv āhāravidhiviśeṣāyataneṣūpadekṣyate tathātiśītoṣṇānāṃ spṛśyānāṃ snānābhyaṅgotsādanādīnāṃ cātyupasevanam atiyogaḥ sarvaśo'nupasevanamayogaḥ snānādīnāṃ śītoṣṇādīnāṃ ca spṛśyānām anānupūrvyopasevanaṃ viṣamasthānābhighātāśucibhūtasaṃsparśādayaś ceti mithyāyogaḥ atimātram→gandhānāmatimātraṃ +ghrāṇam · jalamuṣṇaṃ ghṛte peyaṃ yūṣastaile 'nu śasyate uṣṇam→jalamuṣṇaṃ +ghṛte · kṣīrasarpiśca tat siddhaṃ snehanīyaṃ ghṛtottamam snehanīyaṃ+ghṛta
t b → d b	consonant / other	42	0.15	tadbrūhi me śamopāyaṃ yathāvadamaraprabho tat+brūhi→tadbrūhi · mṛdvīkāmadhukamadhuparṇīmedāvidārīkākolīkṣīrakākolījīvakajīvantīśālaparṇya iti daśemāni snehopagāni bhavanti śobhāñjanakairaṇḍārkavṛścīrapunarnavāyavatilakulatthamāṣabadarāṇīti daśemāni svedopagāni bhavanti madhumadhukakovidārakarbudāranīpavidulabimbīśaṇapuṣpīsadāpuṣpāpratyakpuṣpā iti daśemāni vamanopagāni bhavanti drākṣākāśmaryaparūṣakābhayāmalakabibhītakakuvalabadarakarkandhupīlūnīti daśemāni virecanopagāni bhavanti trivṛdbilvapippalīkuṣṭhasarṣapavacāvatsakaphalaśatapuṣpāmadhukamadanaphalānīti daśemānyāsthāpanopagāni bhavanti rāsnāsuradārubilvamadanaśatapuṣpāvṛścīrapunarnavāśvadaṃṣṭrāgnimanthaśyonākā iti daśemānyanuvāsanopagāni bhavanti jyotiṣmatīkṣavakamaricapippalīviḍaṅgaśigrusarṣapāpāmārgataṇḍulaśvetāmahāśvetā iti daśemāni śirovirecanopagāni bhavanti iti saptakaḥ kaṣāyavargaḥ trivṛt+bilva→trivṛdbilvapippalīkuṣṭhasarṣapavacāvatsakaphalaśatapuṣpāmadhukamadanaphalānīti · na jātu bhuktavān khādenmātrāṃ khādedbubhukṣitaḥ khādet+bubhukṣitaḥ→khādedbubhukṣitaḥ · tasyāśitādyād āhārād balaṃ varṇaśca vardhate āhārād+balaṃ
s ś → ḥ ś	consonant / other	42	0.15	arśaḥśophodaraghnaṃ tu sakṣāraṃ māhiṣaṃ saram arśas+śopha→arśaḥśophodaraghnaṃ · tataḥ śleṣmaharaṃ karma hitaṃ dṛṣṭeḥ prasādanam tataḥ+śleṣma · manyāstambhaḥ śiraḥśūlamarditaṃ hanusaṃgrahaḥ śiras+śūlam→śiraḥśūlamarditaṃ · nityaṃ snehārdraśirasaḥ śiraḥśūlaṃ na jāyate śiras+śūlam→śiraḥśūlaṃ
d s → t s	consonant / other	42	0.15	vividhānāṃ vikārāṇāṃ tatsādhyānāṃ nivṛttaye tad+sādhyānām→tatsādhyānāṃ · tatra yadyadātmakamindriyaṃ viśeṣāttattadātmakamevārthamanugṛhṇāti tatsvabhāvādvibhutvācca tad+svabhāvāt→tatsvabhāvādvibhutvācca · taddhyanutiṣṭhan yugapat sampādayatyarthadvayam ārogyam indriyavijayaṃ ceti tat sadvṛttam akhilenopadekṣyāmo 'gniveśa tadyathā devagobrāhmaṇaguruvṛddhasiddhācāryānarcayet agnimupacaret oṣadhīḥ praśastā dhārayet dvau kālāvupaspṛśet malāyaneṣvabhīkṣṇaṃ pādayośca vaimalyamādadhyāt triḥ pakṣasya keśaśmaśrulomanakhān saṃhārayet nityam anupahatavāsāḥ sumanāḥ sugandhiḥ syāt sādhuveśaḥ prasiddhakeśaḥ mūrdhaśrotraghrāṇapādatailanityaḥ dhūmapaḥ pūrvābhibhāṣī sumukhaḥ durgeṣvabhyupapattā hotā yaṣṭā dātā catuṣpathānāṃ namaskartā balīnāmupahartā atithīnāṃ pūjakaḥ pitṛbhyaḥ piṇḍadaḥ kāle hitamitamadhurārthavādī vaśyātmā dharmātmā hetāvīrṣyuḥ phale nerṣyuḥ niścintaḥ nirbhīkaḥ hrīmān dhīmān mahotsāhaḥ dakṣaḥ kṣamāvān dhārmikaḥ āstikaḥ vinayabuddhividyābhijanavayovṛddhasiddhācāryāṇām upāsitā chattrī daṇḍī maulī sopānatko yugamātradṛgvicaret maṅgalācāraśīlaḥ kucelāsthikaṇṭakāmedhyakeśatuṣotkarabhasmakapālasnānabalibhūmīnāṃ parihartā prāk śramād vyāyāmavarjī syāt sarvaprāṇiṣu bandhubhūtaḥ syāt kruddhānām anunetā bhītānām āśvāsayitā dīnānām abhyupapattā satyasaṃdhaḥ sāmapradhānaḥ paraparuṣavacanasahiṣṇuḥ amarṣaghnaḥ praśamaguṇadarśī rāgadveṣahetūnāṃ hantā ca yugapat+sampādayati · yaccānyadapi kiṃcit syādanuktamiha pūjitam kiṃcit+syāt
s k → ḥ k	consonant / other	41	0.15	ataḥ kṣīrāṇi vakṣyante karma caiṣāṃ guṇāśca ye ataḥ+kṣīrāṇi · teṣāṃ yathāpūrvaṃ balādhikyam ataḥ kaṣāyakalpanā vyādhyāturabalāpekṣiṇī na tvevaṃ khalu sarvāṇi sarvatropayogīni bhavanti ataḥ+kaṣāya · pīnasārdhāvabhedau ca śiraḥkampaśca śāmyati śiras+kampaḥ→śiraḥkampaśca · sirāḥ śiraḥkapālānāṃ sandhayaḥ snāyukaṇḍarāḥ śiras+kapālānām→śiraḥkapālānāṃ
t i → d i	consonant / other	40	0.14	ṣaḍ virecanaśatāni iti yaduktaṃ tadiha saṃgraheṇodāhṛtya vistareṇa kalpopaniṣadi vyākhyāsyāmaḥ tatra trayastriṃśadyogaśataṃ praṇītaṃ phaleṣu ekonacatvāriṃśajjīmūtakeṣu yogāḥ pañcacatvāriṃśadikṣvākuṣu dhāmārgavaḥ ṣaṣṭidhā bhavati yogayuktaḥ kuṭajastvaṣṭādaśadhā yogameti kṛtavedhanaṃ ṣaṣṭidhā bhavati yogayuktaṃ śyāmātrivṛdyogaśataṃ praṇītaṃ daśāpare cātra bhavanti yogāḥ caturaṅgulo dvādaśadhā yogameti lodhraṃ vidhau ṣoḍaśayogayuktaṃ mahāvṛkṣo bhavati viṃśatiyogayuktaḥ ekonacatvāriṃśat saptalāśaṅkhinyoryogāḥ aṣṭacatvāriṃśaddantīdravantyoḥ iti ṣaḍvirecanaśatāni tat+iha→tadiha · ṣaḍ virecanaśatāni iti yaduktaṃ tadiha saṃgraheṇodāhṛtya vistareṇa kalpopaniṣadi vyākhyāsyāmaḥ tatra trayastriṃśadyogaśataṃ praṇītaṃ phaleṣu ekonacatvāriṃśajjīmūtakeṣu yogāḥ pañcacatvāriṃśadikṣvākuṣu dhāmārgavaḥ ṣaṣṭidhā bhavati yogayuktaḥ kuṭajastvaṣṭādaśadhā yogameti kṛtavedhanaṃ ṣaṣṭidhā bhavati yogayuktaṃ śyāmātrivṛdyogaśataṃ praṇītaṃ daśāpare cātra bhavanti yogāḥ caturaṅgulo dvādaśadhā yogameti lodhraṃ vidhau ṣoḍaśayogayuktaṃ mahāvṛkṣo bhavati viṃśatiyogayuktaḥ ekonacatvāriṃśat saptalāśaṅkhinyoryogāḥ aṣṭacatvāriṃśaddantīdravantyoḥ iti ṣaḍvirecanaśatāni pañcacatvāriṃśat+ikṣvākuṣu→pañcacatvāriṃśadikṣvākuṣu · brahmacaryajñānadānamaitrīkāruṇyaharṣopekṣāpraśamaparaśca syāditi syāt+iti→syāditi · kasmāt pratyakṣaṃ hyalpam analpam apratyakṣam asti yadāgamānumānayuktibhirupalabhyate yaireva tāvadindriyaiḥ pratyakṣamupalabhyate tānyeva santi cāpratyakṣāṇi tāvat+indriyaiḥ→tāvadindriyaiḥ
d k → t k	consonant / other	40	0.14	hṛtkaṇṭhendriyasaṃśuddhirlaghutvaṃ śirasaḥ śamaḥ hṛd+kaṇṭha→hṛtkaṇṭhendriyasaṃśuddhirlaghutvaṃ · śaratkāle praśasyante pradoṣe cenduraśmayaḥ śarad+kāle→śaratkāle · pratyakṣamapi copalabhyate mātāpitror visadṛśānyapatyāni tulyasaṃbhavānāṃ varṇasvarākṛtisattvabuddhibhāgyaviśeṣāḥ pravarāvarakulajanma dāsyaiśvaryaṃ sukhāsukhamāyuḥ āyuṣo vaiṣamyam iha kṛtasyāvāptiḥ aśikṣitānāṃ ca ruditastanapānahāsatrāsādīnāṃ pravṛttiḥ lakṣaṇotpattiḥ karmasādṛśye phalaviśeṣaḥ medhā kvacit kvacit karmaṇyamedhā jātismaraṇamihāgamanam itaścyutānāmiti samadarśane priyāpriyatvam kvacit+kvacit · pratyakṣamapi copalabhyate mātāpitror visadṛśānyapatyāni tulyasaṃbhavānāṃ varṇasvarākṛtisattvabuddhibhāgyaviśeṣāḥ pravarāvarakulajanma dāsyaiśvaryaṃ sukhāsukhamāyuḥ āyuṣo vaiṣamyam iha kṛtasyāvāptiḥ aśikṣitānāṃ ca ruditastanapānahāsatrāsādīnāṃ pravṛttiḥ lakṣaṇotpattiḥ karmasādṛśye phalaviśeṣaḥ medhā kvacit kvacit karmaṇyamedhā jātismaraṇamihāgamanam itaścyutānāmiti samadarśane priyāpriyatvam kvacit+karmaṇi
ḥ c → Ø c	visarga	39	0.14	para ātmā sa ceddheturiṣṭo'stu paranirmitiḥ sa+ced · tatrāptāgamastāvadvedaḥ yaścānyo'pi kaścidvedārthād aviparītaḥ parīkṣakaiḥ praṇītaḥ śiṣṭānumato lokānugrahapravṛttaḥ śāstravādaḥ sa cāptāgamaḥ āptāgamād upalabhyate dānatapoyajñasatyāhiṃsābrahmacaryāṇy abhyudayaniḥśreyasakarāṇīti sa+ca · sa cet suśītaṃ salilaṃ nāsādayati dahyate sa+cet · sa caivaujaḥ smṛtaḥ kāye sa ca pāpmopadiśyate sa+ca
t r → d r	consonant / other	39	0.14	paraṃ sravati yadraktaṃ medomāṃsodakopamam yat+raktam→yadraktaṃ · gandhād asātmyād āghrātād rajodhūmahimātapāt āghrātād+rajas · śiro'bhighātād duṣṭāmād rodanād bāṣpanigrahāt āmāt→duṣṭāmād +rodanād · yaḥ syād rasavikalpajñaḥ syācca doṣavikalpavit syād+rasa
t h → dd h	consonant / other	38	0.14	pratilomaṃ gato hyāśu dhūmo hiṃsyāddhi cakṣuṣī hiṃsyāt+hi→hiṃsyāddhi · tasmāddhaimantikaḥ sarvaḥ śiśire vidhiriṣyate tasmāt+haimantikaḥ→tasmāddhaimantikaḥ · prājñaḥ prāgeva tat kuryāddhitaṃ vidyādyadātmanaḥ kuryāt+hitam→kuryāddhitaṃ · yeṣāṃ vegā vidhāryāśca yadarthaṃ yaddhitāhitam yat+hita→yaddhitāhitam
ḥ bh → r bh	visarga	37	0.13	pārikṣirbhikṣur ātreyo bharadvājaḥ kapiñjalaḥ pārikṣiḥ+bhikṣuḥ→pārikṣirbhikṣur · visarge punarvāyavo nātirūkṣāḥ pravānti itare punarādāne somaścāvyāhatabalaḥ śiśirābhirbhābhir āpūrayañjagadāpyāyayati śaśvat ato visargaḥ saumyaḥ śiśirābhiḥ+bhābhiḥ→śiśirābhirbhābhir · tatra ravirbhābhirādadāno jagataḥ snehaṃ vāyavastīvrarūkṣāś copaśoṣayantaḥ śiśiravasantagrīṣmeṣu yathākramaṃ raukṣyamutpādayanto rūkṣān rasāṃstiktakaṣāyakaṭukāṃś cābhivardhayanto nṛṇāṃ daurbalyamāvahanti raviḥ+bhābhiḥ→ravirbhābhirādadāno · purāṇā jāṅgalair māṃsair bhojyā yūṣaiśca saṃskṛtaiḥ māṃsair+bhojyā
a ṛ → ar	vowel coalescence	36	0.13	sa śakrabhavanaṃ gatvā surarṣigaṇamadhyagam sura+ṛṣi→surarṣigaṇamadhyagam · padairalpairmatiṃ buddhvā vipulāṃ paramarṣaye parama+ṛṣaye→paramarṣaye · śrāvayāmāsur ātreyaṃ sarṣisaṃghaṃ sumedhasaḥ sa+ṛṣi→sarṣisaṃghaṃ · sāmarāḥ paramarṣīṇāṃ śrutvā mumudire param parama+ṛṣīṇām→paramarṣīṇāṃ
ā i → e	vowel coalescence	35	0.13	aindryṛṣabhyatirasarṣyaproktāpayasyāśvagandhāsthirārohiṇībalātibalā iti daśemāni balyāni bhavanti candanatuṅgapadmakośīramadhukamañjiṣṭhāsārivāpayasyāsitālatā iti daśemāni varṇyāni bhavanti sārivekṣumūlamadhukapippalīdrākṣāvidārīkaiṭaryahaṃsapādībṛhatīkaṇṭakārikā iti daśemāni kaṇṭhyāni bhavanti āmrāmrātakalikucakaramardavṛkṣāmlāmlavetasakuvalabadaradāḍimamātuluṅgānīti daśemāni hṛdyāni bhavanti iti catuṣkaḥ kaṣāyavargaḥ sārivā+ikṣu→sārivekṣumūlamadhukapippalīdrākṣāvidārīkaiṭaryahaṃsapādībṛhatīkaṇṭakārikā · mano mano'rtho buddhirātmā cetyadhyātmadravyaguṇasaṃgrahaḥ śubhāśubhapravṛttinivṛttihetuśca dravyāśritaṃ ca karma yaducyate kriyeti kriyā+iti→kriyeti · pravṛttirdhātusāmyārthā cikitsetyabhidhīyate cikitsā+iti→cikitsetyabhidhīyate · ataḥ saṃśayaḥ kiṃnu khalvasti punarbhavo na veti vā+iti→veti
e a → e'	vowel coalescence	35	0.13	varṣāśaraddhemanteṣu dakṣiṇābhimukhe'rke kālamārgameghavātavarṣābhihatapratāpe śaśini cāvyāhatabale māhendrasalilapraśāntasaṃtāpe jagati arūkṣā rasāḥ pravardhante'mlalavaṇamadhurā yathākramaṃ tatra balamupacīyate nṛṇāmiti pravardhante+amla→pravardhante'mlalavaṇamadhurā · hemante'bhyasyatas toyamuṣṇaṃ cāyurna hīyate hemante+abhyasyataḥ→hemante'bhyasyatas · hemantaśiśirau tulyau śiśire'lpaṃ viśeṣaṇam śiśire+alpam→śiśire'lpaṃ · vasante'nubhavetstrīṇāṃ kānanānāṃ ca yauvanam vasante+anubhavet→vasante'nubhavetstrīṇāṃ
aḥ dh → o dh	visarga	33	0.12	kāṅkāyanaḥ kaikaśeyo dhaumyo mārīcakāśyapau kaikaśeyo+dhaumyo · śarīrendriyasattvātmasaṃyogo dhāri jīvitam saṃyogaḥ→śarīrendriyasattvātmasaṃyogo +dhāri · śryāhvaḥ surāhvaḥ khadiro dhavaśca nimbo viḍaṅgaṃ karavīrakatvak khadiro+dhavaḥ · tatrordhvajatruke'bhyaṅgaḥ svedo dhūmaḥ sanāvanaḥ svedo+dhūmaḥ
ḥ j → r j	visarga	33	0.12	athāgniveśapramukhān viviśur jñānadevatāḥ viviśur+jñāna · āntarīkṣaṃ payaḥ sarpirjāṅgalaṃ madhu cābhyaset sarpiḥ+jāṅgalam→sarpirjāṅgalaṃ · mayūkhair jagataḥ snehaṃ grīṣme pepīyate raviḥ mayūkhair+jagataḥ · pañcendriyadravyāṇi khaṃ vāyurjyotirāpo bhūriti vāyuḥ+jyotiḥ→vāyurjyotirāpo
ḥ b → r b	visarga	33	0.12	siddhā varāhaniryūhe yavāgūrbṛṃhaṇī matā yavāgūḥ+bṛṃhaṇā→yavāgūrbṛṃhaṇī · sa varṣāsvanilādīnāṃ dūṣaṇairbādhyate punaḥ dūṣaṇaiḥ+bādhyate→dūṣaṇairbādhyate · jñānāni buddhirbrāhmī ca bhiṣajāṃ yā caturvidhā buddhiḥ+brāhmā→buddhirbrāhmī · dharmadvārāvahitaiśca vyapagatabhayarāgadveṣalobhamohamānair brahmāgrairāptaiḥ karmavidbhir anupahatasattvabuddhipracāraiḥ pūrvaiḥ pūrvatarair maharṣibhir divyacakṣurbhir dṛṣṭopadiṣṭaḥ punarbhava iti vyavasyedevam mānaiḥ→vyapagatabhayarāgadveṣalobhamohamānair +brahma
m ph → ṃ ph	anusvāra / nasal	32	0.12	kṣārāḥ kṣīraṃ phalaṃ puṣpaṃ bhasma tailāni kaṇṭakāḥ kṣīraṃ+phalaṃ · ṣaḍ virecanaśatāni iti yaduktaṃ tadiha saṃgraheṇodāhṛtya vistareṇa kalpopaniṣadi vyākhyāsyāmaḥ tatra trayastriṃśadyogaśataṃ praṇītaṃ phaleṣu ekonacatvāriṃśajjīmūtakeṣu yogāḥ pañcacatvāriṃśadikṣvākuṣu dhāmārgavaḥ ṣaṣṭidhā bhavati yogayuktaḥ kuṭajastvaṣṭādaśadhā yogameti kṛtavedhanaṃ ṣaṣṭidhā bhavati yogayuktaṃ śyāmātrivṛdyogaśataṃ praṇītaṃ daśāpare cātra bhavanti yogāḥ caturaṅgulo dvādaśadhā yogameti lodhraṃ vidhau ṣoḍaśayogayuktaṃ mahāvṛkṣo bhavati viṃśatiyogayuktaḥ ekonacatvāriṃśat saptalāśaṅkhinyoryogāḥ aṣṭacatvāriṃśaddantīdravantyoḥ iti ṣaḍvirecanaśatāni praṇītaṃ+phaleṣu · yuktiścaiṣā ṣaḍdhātusamudayād garbhajanma kartṛkaraṇasaṃyogāt kriyāḥ kṛtasya karmaṇaḥ phalaṃ nākṛtasya nāṅkurotpattir abījāt karmasadṛśaṃ phalaṃ nānyasmād bījādanyasyotpattiḥ iti yuktiḥ sadṛśam→karmasadṛśaṃ +phalaṃ · tanu rūkṣāruṇaṃ śyāvaṃ phenilaṃ vātavidradhī śyāvaṃ+phenilaṃ
m ṣ → ṃ ṣ	anusvāra / nasal	32	0.12	ṣaḍ virecanaśatāni iti yaduktaṃ tadiha saṃgraheṇodāhṛtya vistareṇa kalpopaniṣadi vyākhyāsyāmaḥ tatra trayastriṃśadyogaśataṃ praṇītaṃ phaleṣu ekonacatvāriṃśajjīmūtakeṣu yogāḥ pañcacatvāriṃśadikṣvākuṣu dhāmārgavaḥ ṣaṣṭidhā bhavati yogayuktaḥ kuṭajastvaṣṭādaśadhā yogameti kṛtavedhanaṃ ṣaṣṭidhā bhavati yogayuktaṃ śyāmātrivṛdyogaśataṃ praṇītaṃ daśāpare cātra bhavanti yogāḥ caturaṅgulo dvādaśadhā yogameti lodhraṃ vidhau ṣoḍaśayogayuktaṃ mahāvṛkṣo bhavati viṃśatiyogayuktaḥ ekonacatvāriṃśat saptalāśaṅkhinyoryogāḥ aṣṭacatvāriṃśaddantīdravantyoḥ iti ṣaḍvirecanaśatāni kṛtavedhanaṃ+ṣaṣṭidhā · uktāni saṃgraheṇeha tathaivaiṣāṃ ṣaḍāśrayāḥ eṣām→tathaivaiṣāṃ +ṣaṣ · iha khalu saṃvatsaraṃ ṣaḍaṅgam ṛtuvibhāgena vidyāt saṃvatsaraṃ+ṣaṣ · kāraṇaṃ ṣoḍaśaguṇaṃ siddhau pādacatuṣṭayam kāraṇaṃ+ṣoḍaśaguṇaṃ
ḥ s → Ø s	visarga	32	0.12	nāśuciruttamājyākṣatatilakuśasarṣapairagniṃ juhuyād ātmānam āśīrbhir āśāsānaḥ agnirme nāpagaccheccharīrādvāyurme prāṇānādadhātu viṣṇurme balamādadhātu indro me vīryaṃ śivā māṃ praviśantvāpa āpohiṣṭhetyapaḥ spṛśet dviḥ parimṛjyoṣṭhau pādau cābhyukṣya mūrdhani khāni copaspṛśed adbhir ātmānaṃ hṛdayaṃ śiraśca apaḥ→praviśantvāpa +spṛśet · sa samāḥ śatamavyādhirāyuṣā na viyujyate sa+samāḥ · mṛdukoṣṭhasya tasmāt sa suvirecyo naraḥ smṛtaḥ sa+su · yasya vā vipulaṃ dravyaṃ sa saṃśodhanamarhati sa+saṃśodhanam
m kh → ṃ kh	anusvāra / nasal	31	0.11	teṣāṃ yathāpūrvaṃ balādhikyam ataḥ kaṣāyakalpanā vyādhyāturabalāpekṣiṇī na tvevaṃ khalu sarvāṇi sarvatropayogīni bhavanti evam→tvevaṃ +khalu · na jātu bhuktavān khādenmātrāṃ khādedbubhukṣitaḥ mātrām→khādenmātrāṃ +khādet · balavānmāruto yeṣāṃ khāni cāvṛtya tiṣṭhati yeṣāṃ+khāni · raukṣyaṃ kharatvaṃ vaiśadyaṃ yat kuryāttaddhi rūkṣaṇam raukṣyaṃ+khara
u u → ū	vowel coalescence	31	0.11	ṛjvaṅgacakṣustaccetāḥ sūpaviṣṭastriparyayam su+upaviṣṭaḥ→sūpaviṣṭastriparyayam · gurūṣṇavāsā digdhāṅgo guruṇāguruṇā sadā guru+uṣṇa→gurūṣṇavāsā · kati mātrāḥ kathaṃmānāḥ kā ca keṣūpadiśyate keṣu+upadiśyate→keṣūpadiśyate · vasāmajjñostu maṇḍaḥ syāt sarveṣūṣṇamathāmbu vā sarveṣu+uṣṇam→sarveṣūṣṇamathāmbu
ḥ d → r d	visarga	30	0.11	yavāgūrdīpanīyā syācchūlaghnī copasādhitā yavāgūḥ+dīpanīyā→yavāgūrdīpanīyā · snehaiścaturbhir daśamūlamiśrair gandhauṣadhaiś cānilahaḥ pradehaḥ caturbhiḥ→snehaiścaturbhir +daśamūla · dharmadvārāvahitaiśca vyapagatabhayarāgadveṣalobhamohamānair brahmāgrairāptaiḥ karmavidbhir anupahatasattvabuddhipracāraiḥ pūrvaiḥ pūrvatarair maharṣibhir divyacakṣurbhir dṛṣṭopadiṣṭaḥ punarbhava iti vyavasyedevam ṛṣibhiḥ→maharṣibhir +divya · hastyaśvagokharoṣṭrāṇāṃ karīṣairdagdhapūrite karīṣaiḥ+dagdha→karīṣairdagdhapūrite
e i → a i	vowel coalescence	30	0.11	pañcāśanmahākaṣāyā iti yaduktaṃ tadanuvyākhyāsyāmaḥ tadyathā jīvanīyo bṛṃhaṇīyo lekhanīyo bhedanīyaḥ saṃdhānīyo dīpanīya iti ṣaṭkaḥ kaṣāyavargaḥ balyo varṇyaḥ kaṇṭhyo hṛdya iti catuṣkaḥ kaṣāyavargaḥ tṛptighno 'rśoghnaḥ kuṣṭhaghnaḥ kaṇḍūghnaḥ krimighno viṣaghna iti ṣaṭkaḥ kaṣāyavargaḥ stanyajananaḥ stanyaśodhanaḥ śukrajananaḥ śukraśodhana iti catuṣkaḥ kaṣāyavargaḥ snehopagaḥ svedopago vamanopago virecanopaga āsthāpanopago 'nuvāsanopagaḥ śirovirecanopaga iti saptakaḥ kaṣāyavargaḥ chardinigrahaṇastṛṣṇānigrahaṇo hikkānigrahaṇa iti trikaḥ kaṣāyavargaḥ purīṣasaṃgrahaṇīyaḥ purīṣavirajanīyo mūtrasaṃgrahaṇīyo mūtravirajanīyo mūtravirecanīya iti pañcakaḥ kaṣāyavargaḥ kāsaharaḥ śvāsaharaḥ śothaharo jvaraharaḥ śramahara iti pañcakaḥ kaṣāyavargaḥ dāhapraśamanaḥ śītapraśamana udardapraśamano 'ṅgamardapraśamanaḥ śūlapraśamana iti pañcakaḥ kaṣāyavargaḥ śoṇitasthāpano vedanāsthāpanaḥ saṃjñāsthāpanaḥ prajāsthāpano vayaḥsthāpana iti pañcakaḥ kaṣāyavargaḥ iti pañcāśanmahākaṣāyā mahatāṃ ca kaṣāyāṇāṃ lakṣaṇodāharaṇārthaṃ vyākhyātā bhavanti dīpanīya+iti · rasā lavaṇavarjyāśca kaṣāya iti saṃjñitāḥ kaṣāya+iti · maitreya mithyā cintyata ityātreyaḥ kiṃ kāraṇaṃ ye hyāturāḥ ṣoḍaśaguṇasamuditenānena bheṣajenopapadyamānā mriyanta ityuktaṃ tad anupapannaṃ na hi bheṣajasādhyānāṃ vyādhīnāṃ bheṣajamakāraṇaṃ bhavati ye punarāturāḥ kevalādbheṣajādṛte samuttiṣṭhante na teṣāṃ sampūrṇabheṣajopapādanāya samutthānaviśeṣo nāsti yathā hi patitaṃ puruṣaṃ samaratham utthānāyotthāpayan puruṣo balamasyopādadhyāt sa kṣiprataram aparikliṣṭa evottiṣṭhet tadvat sampūrṇabheṣajopalambhādāturāḥ ye cāturāḥ kevalādbheṣajādapi mriyante na ca sarva eva te bheṣajopapannāḥ samuttiṣṭheran nahi sarve vyādhayo bhavantyupāyasādhyāḥ na copāyasādhyānāṃ vyādhīnām anupāyena siddhirasti na cāsādhyānāṃ vyādhīnāṃ bheṣajasamudāyo 'yamasti na hyalaṃ jñānavān bhiṣaṅmumūrṣumāturamutthāpayituṃ parīkṣyakāriṇo hi kuśalā bhavanti yathā hi yogajño 'bhyāsanitya iṣvāso dhanur ādāyeṣumasyannātiviprakṛṣṭe mahati kāye nāparādhavān bhavati sampādayati ceṣṭakāryaṃ tathā bhiṣak svaguṇasampanna upakaraṇavān vīkṣya karmārabhamāṇaḥ sādhyarogamanaparādhaḥ sampādayatyevāturamārogyeṇa tasmānna bheṣajamabheṣajenāviśiṣṭaṃ bhavati cintyata+iti · tacchrutvā kāpyavaco bhagavān punarvasurātreya uvāca sarva eva bhavantaḥ samyag āhur anyatraikāntikavacanāt sarva eva khalu vātapittaśleṣmāṇaḥ prakṛtibhūtāḥ puruṣam avyāpannendriyaṃ balavarṇasukhopapannam āyuṣā mahatopapādayanti samyagevācaritā dharmārthakāmā iva niḥśreyasena mahatā puruṣamiha cāmuṣmiṃś ca loke vikṛtāstvenaṃ mahatā viparyayeṇopapādayanti kratavas traya iva vikṛtimāpannā lokamaśubhenopaghātakāla iti kāle→lokamaśubhenopaghātakāla +iti
r p → ḥ p	consonant / other	30	0.11	tadarthātiyogāyogamithyāyogāt samanaskamindriyaṃ vikṛtimāpadyamānaṃ yathāsvaṃ buddhyupaghātāya saṃpadyate sāmarthyayogāt punaḥ prakṛtimāpadyamānaṃ yathāsvaṃ buddhimāpyāyayati punaḥ+prakṛtim · kālaḥ punaḥ pariṇāma ucyate punaḥ+pariṇāma · śarīradoṣaprakope khalu śarīramevāśritya prāyaśastrividham auṣadhamicchanti antaḥparimārjanaṃ bahiḥparimārjanaṃ śastrapraṇidhānaṃ ceti antar+parimārjanam→antaḥparimārjanaṃ · śītodakaṃ punaḥ pītvā bhuktvā rūkṣānnamullikhet punaḥ+pītvā
r s → ḥ s	consonant / other	30	0.11	saṃśayaścātra kathaṃ bhaviṣyāma itaścyutā naveti kutaḥ punaḥ saṃśaya iti ucyate santi hyeke pratyakṣaparāḥ parokṣatvāt punarbhavasya nāstikyamāśritāḥ santi cāgamapratyayādeva punarbhavamicchanti śrutibhedācca punaḥ+saṃśaya · yathā hy enam asaṃghātam anavasthitamanāsādya prakopaṇapraśamanāni prakopayanti praśamayanti vā tathānuvyākhyāsyāmaḥ vātaprakopaṇāni khalu rūkṣalaghuśītadāruṇakharaviśadaśuṣirakarāṇi śarīrāṇāṃ tathāvidheṣu śarīreṣu vāyurāśrayaṃ gatvāpyāyamānaḥ prakopamāpadyate vātapraśamanāni punaḥ snigdhagurūṣṇaślakṣṇamṛdupicchilaghanakarāṇi śarīrāṇāṃ tathāvidheṣu śarīreṣu vāyur asajyamānaś caran praśāntimāpadyate punaḥ+snigdha · atha jentākaṃ cikīrṣurbhūmiṃ parīkṣeta tatra pūrvasyāṃ diśyuttarasyāṃ vā guṇavati praśaste bhūmibhāge kṛṣṇamadhuramṛttike suvarṇamṛttike vā parīvāpapuṣkariṇyādīnāṃ jalāśayānāmanyatamasya kūle dakṣiṇe paścime vā sūpatīrthe samasuvibhaktabhūmibhāge saptāṣṭau vāratnīr upakramyodakāt prāṅmukham udaṅmukhaṃ vābhimukhatīrthaṃ kūṭāgāraṃ kārayet utsedhavistārataḥ paramaratnīḥ ṣoḍaśa samantāt suvṛttaṃ mṛtkarmasampannam anekavātāyanam asya kūṭāgārasyāntaḥ samantato bhittimaratnivistārotsedhāṃ piṇḍikāṃ kārayed ā kapāṭāt madhye cāsya kūṭāgārasya catuṣkiṣkumātraṃ puruṣapramāṇaṃ mṛnmayaṃ kandusaṃsthānaṃ bahusūkṣmacchidramaṅgārakoṣṭhakastambhaṃ sapidhānaṃ kārayet taṃ ca khādirāṇām āśvakarṇādīnāṃ vā kāṣṭhānāṃ pūrayitvā pradīpayet sa yadā jānīyāt sādhu dagdhāni kāṣṭhāni gatadhūmānyavataptaṃ ca kevalamagninā tadagnigṛhaṃ svedayogyena coṣmaṇā yuktamiti tatrainaṃ puruṣaṃ vātaharābhyaktagātraṃ vastrāvacchannaṃ praveśayaṃścainamanuśiṣyāt saumya praviśa kalyāṇāyārogyāya ceti praviśya caināṃ piṇḍikāmadhiruhya pārśvāparapārśvābhyāṃ yathāsukhaṃ śayīthāḥ na ca tvayā svedamūrcchāparītenāpi satā piṇḍikaiṣā vimoktavyā ā prāṇocchvāsāt bhraśyamāno hyataḥ piṇḍivakāvakāśād dvāram anadhigacchan svedamūrcchāparītatayā sadyaḥ prāṇāñjahyāḥ tasmāt piṇḍikāmenāṃ na kathaṃcana muñcethāḥ tvaṃ yadā jānīyāḥ vigatābhiṣyandamātmānaṃ samyakprasrutasvedapicchaṃ sarvasrotovimuktaṃ laghūbhūtam apagatavibandhastambhasuptivedanāgauravam iti tatastāṃ piṇḍikāmanusaran dvāraṃ prapadyethāḥ niṣkramya ca na sahasā cakṣuṣoḥ paripālanārthaṃ śītodakam upaspṛśethāḥ apagatasantāpaklamastu muhūrtāt sukhoṣṇena vāriṇā yathānyāyaṃ pariṣikto 'śnīyāḥ iti jentākasvedaḥ antar→kūṭāgārasyāntaḥ +samantato · tadahaḥ svinnagātrastu vyāyāmaṃ varjayennaraḥ ahar→tadahaḥ +svinna
ḥ h → r h	visarga	30	0.11	aṇurhi prathamaṃ bhūtvā rogaḥ paścādvivardhate aṇuḥ+hi→aṇurhi · pippalībhirharītakyā siddhaistriphalayāpi vā pippalībhiḥ+harītakyā→pippalībhirharītakyā · śirogadāṃstāñchṛṇu me yathāsvairhetulakṣaṇaiḥ yathāsvaiḥ+hetu→yathāsvairhetulakṣaṇaiḥ · dvyulbaṇaikolbaṇaiḥ ṣaṭ syurhīnamadhyādhikaiśca ṣaṭ syuḥ+hīna→syurhīnamadhyādhikaiśca
ḥ k → Ø k	visarga	28	0.1	yaḥ piṇḍo rasapiṣṭānāṃ sa kalkaḥ parikīrtitaḥ sa+kalkaḥ · maitreya mithyā cintyata ityātreyaḥ kiṃ kāraṇaṃ ye hyāturāḥ ṣoḍaśaguṇasamuditenānena bheṣajenopapadyamānā mriyanta ityuktaṃ tad anupapannaṃ na hi bheṣajasādhyānāṃ vyādhīnāṃ bheṣajamakāraṇaṃ bhavati ye punarāturāḥ kevalādbheṣajādṛte samuttiṣṭhante na teṣāṃ sampūrṇabheṣajopapādanāya samutthānaviśeṣo nāsti yathā hi patitaṃ puruṣaṃ samaratham utthānāyotthāpayan puruṣo balamasyopādadhyāt sa kṣiprataram aparikliṣṭa evottiṣṭhet tadvat sampūrṇabheṣajopalambhādāturāḥ ye cāturāḥ kevalādbheṣajādapi mriyante na ca sarva eva te bheṣajopapannāḥ samuttiṣṭheran nahi sarve vyādhayo bhavantyupāyasādhyāḥ na copāyasādhyānāṃ vyādhīnām anupāyena siddhirasti na cāsādhyānāṃ vyādhīnāṃ bheṣajasamudāyo 'yamasti na hyalaṃ jñānavān bhiṣaṅmumūrṣumāturamutthāpayituṃ parīkṣyakāriṇo hi kuśalā bhavanti yathā hi yogajño 'bhyāsanitya iṣvāso dhanur ādāyeṣumasyannātiviprakṛṣṭe mahati kāye nāparādhavān bhavati sampādayati ceṣṭakāryaṃ tathā bhiṣak svaguṇasampanna upakaraṇavān vīkṣya karmārabhamāṇaḥ sādhyarogamanaparādhaḥ sampādayatyevāturamārogyeṇa tasmānna bheṣajamabheṣajenāviśiṣṭaṃ bhavati sa+kṣiprataram · śītoṣṇavarṣalakṣaṇāḥ punarhemantagrīṣmavarṣāḥ saṃvatsaraḥ sa kālaḥ sa+kālaḥ · ayaṃ tvatra viśeṣaḥ śītarūkṣalaghuviśadaśramopavāsātikarśanakṣapaṇādibhir vāyuḥ prakupitastvaṅmāṃsaśoṇitādīnyabhibhūya śophaṃ janayati sa kṣiprotthānapraśamo bhavati tathā śyāmāruṇavarṇaḥ prakṛtivarṇo vā calaḥ spandanaḥ kharaparuṣabhinnatvagromā chidyata iva bhidyata iva pīḍyata iva sūcībhiriva tudyata iva pipīlikābhiriva saṃsṛpyate sarṣapakalkāvalipta iva cimicimāyate saṃkucyata āyamyata iveti vātaśothaḥ sa+kṣipra
a o → au	vowel coalescence	28	0.1	gorasān ikṣuvikṛtīr vasāṃ tailaṃ navaudanam nava+odanam→navaudanam · snehavaddravamuṣṇaṃ ca tryahaṃ bhuktvā rasaudanam rasa+odanam→rasaudanam · tataḥ śīlaśaucācārānurāgadākṣyaprādakṣiṇyopapannān upacārakuśalān sarvakarmasu paryavadātān sūpaudanapācakasnāpakasaṃvāhakotthāpakasaṃveśakauṣadhapeṣakāṃśca paricārakān sarvakarmasv apratikūlān tathā gītavāditrollāpakaślokagāthākhyāyiketihāsapurāṇakuśalān abhiprāyajñān anumatāṃśca deśakālavidaḥ pāriṣadyāṃśca tathā lāvakapiñjalaśaśahariṇaiṇakālapucchakamṛgamātṛkorabhrān gāṃ dogdhrīṃ śīlavatīmanāturāṃ jīvadvatsāṃ suprativihitatṛṇaśaraṇapānīyāṃ pātryācamanīyodakoṣṭhamaṇikaghaṭapiṭharaparyogakumbhīkumbhakuṇḍaśarāvadarvīkaṭodañcanaparipacanamanthānacarmacelasūtrakārpāsorṇādīni ca śayanāsanādīni copanyastabhṛṅgārapratigrahāṇi suprayuktāstaraṇottarapracchadopadhānāni sopāśrayāṇi saṃveśanopaveśanasnehasvedābhyaṅgapradehapariṣekānulepanavamanavirecanāsthāpanānuvāsanaśirovirecanamūtroccārakarmaṇām upacārasukhāni suprakṣālitopadhānāśca suślakṣṇasvaramadhyamā dṛṣadaḥ śastrāṇi copakaraṇārthāni dhūmanetraṃ ca bastinetraṃ cottarabastikaṃ ca kuśahastakaṃ ca tulāṃ ca mānabhāṇḍaṃ ca ghṛtatailavasāmajjakṣaudraphāṇitalavaṇendhanodakamadhusīdhusurāsauvīrakatuṣodakamaireyamedakadadhidadhimaṇḍodasviddhānyāmlamūtrāṇi ca tathā śāliṣaṣṭikamudgamāṣayavatilakulatthabadaramṛdvīkākāśmaryaparūṣakābhayāmalakavibhītakāni nānāvidhāni ca snehasvedopakaraṇāni dravyāṇi tathaivordhvaharānulomikobhayabhāñji saṃgrahaṇīyadīpanīyapācanīyopaśamanīyavātaharādisamākhyātāni cauṣadhāni yaccānyadapi kiṃcid vyāpadaḥ parisaṃkhyāya pratīkārārthamupakaraṇaṃ vidyāt yacca pratibhogārthaṃ tattadupakalpayet sūpa+odana→sūpaudanapācakasnāpakasaṃvāhakotthāpakasaṃveśakauṣadhapeṣakāṃśca · vātaśleṣmakṣaye pittaṃ dehaujaḥ sraṃsayaccaret deha+ojaḥ→dehaujaḥ
ā ṛ → ar	vowel coalescence	27	0.1	tadā bhūteṣvanukrośaṃ puraskṛtya maharṣayaḥ mahā+ṛṣayaḥ→maharṣayaḥ · vaikhānasā vālakhilyāstathā cānye maharṣayaḥ mahā+ṛṣayaḥ→maharṣayaḥ · maharṣayas te dadṛśuryathāvajjñānacakṣuṣā mahā+ṛṣayaḥ→maharṣayas · dharmadvārāvahitaiśca vyapagatabhayarāgadveṣalobhamohamānair brahmāgrairāptaiḥ karmavidbhir anupahatasattvabuddhipracāraiḥ pūrvaiḥ pūrvatarair maharṣibhir divyacakṣurbhir dṛṣṭopadiṣṭaḥ punarbhava iti vyavasyedevam mahā+ṛṣibhiḥ→maharṣibhir
ḥ p → Ø p	visarga	27	0.1	sa pumāṃścetanaṃ tacca taccādhikaraṇaṃ smṛtam sa+pumān · yebhyo yebhyo hito yo yaḥ snehaḥ sa parikīrtitaḥ sa+parikīrtitaḥ · jāyante yasya piḍakāḥ sa pramehī na jīvati sa+pramehī · sarvā hi ceṣṭā vātena sa prāṇaḥ prāṇināṃ smṛtaḥ sa+prāṇaḥ
ḥ a → ḥ '	visarga	27	0.1	rūkṣaḥ śīto laghuḥ sūkṣmaścalo 'tha viśadaḥ kharaḥ calaḥ+'tha · svāduramlo 'tha lavaṇaḥ kaṭukastikta eva ca amlaḥ+'tha · nānṛtaṃ brūyāt nānyasvamādadīta nānyastriyamabhilaṣennānyaśriyaṃ na vairaṃ rocayet na kuryāt pāpaṃ na pāpe 'pi pāpī syāt nānyadoṣān brūyāt nānyarahasyam āgamayen nādhārmikairna narendradviṣṭaiḥ sahāsīta nonmattairna patitairna bhrūṇahantṛbhirna kṣudrairna duṣṭaiḥ na duṣṭayānānyāroheta na jānusamaṃ kaṭhinamāsanamadhyāsīta nānāstīrṇam anupahitam aviśālam asamaṃ vā śayanaṃ prapadyeta na giriviṣamamastakeṣvanucaret na drumamārohet na jalogravegamavagāheta na kulacchāyām upāsīta nāgnyutpātamabhitaścaret noccairhaset na śabdavantaṃ mārutaṃ muñcet nānāvṛtamukho jṛmbhāṃ kṣavathuṃ hāsyaṃ vā pravartayet na nāsikāṃ kuṣṇīyāt na dantān vighaṭṭayet na nakhān vādayet nāsthīnyabhihanyāt na bhūmiṃ vilikhet na chindyāttṛṇaṃ na loṣṭaṃ mṛdnīyāt na viguṇamaṅgaiśceṣṭeta jyotīṃṣy aniṣṭam amedhyam aśastaṃ ca nābhivīkṣeta na huṃkuryācchavaṃ na caityadhvajagurupūjyāśastacchāyām ākrāmet na kṣapāsv amarasadanacaityacatvaracatuṣpathopavanaśmaśānāghātanānyāseveta naikaḥ śūnyagṛhaṃ na cāṭavīmanupraviśet na pāpavṛttān strīmitrabhṛtyān bhajeta nottamairvirudhyeta nāvarānupāsīta na jihmaṃ rocayet nānāryamāśrayet na bhayamutpādayet na sāhasātisvapnaprajāgarasnānapānāśanānyāseveta nordhvajānuściraṃ tiṣṭhet na vyālānupasarpenna daṃṣṭriṇo na viṣāṇinaḥ purovātātapāvaśyāyātipravātāñjahyāt kaliṃ nārabheta nāsunibhṛto 'gnimupāsīta nocchiṣṭaḥ nādhaḥ kṛtvā pratāpayet nāvigataklamo nānāplutavadano na nagna upaspṛśet na snānaśāṭyā spṛśeduttamāṅgaṃ na keśāgrāṇyabhihanyāt nopaspṛśya te eva vāsasī bibhṛyāt nāspṛṣṭvā ratnājyapūjyamaṅgalasumanaso 'bhiniṣkrāmet na pūjyamaṅgalānyapasavyaṃ gacchennetarāṇyanudakṣiṇam sumanasaḥ+'bhiniṣkrāmet · śīte rātrau piban snehaṃ naraḥ śleṣmādhiko 'pi vā adhikaḥ+'pi
ḥ g → r g	visarga	27	0.1	snehaiścaturbhir daśamūlamiśrair gandhauṣadhaiś cānilahaḥ pradehaḥ miśraiḥ→daśamūlamiśrair +gandha · tadā saṃjāyate granthirgambhīrasthaḥ sudāruṇaḥ granthiḥ+gambhīra→granthirgambhīrasthaḥ · paṭubhir gītavāditraśabdaiścitraiśca darśanaiḥ paṭubhir+gīta · svādurgurutvādadhikaḥ kaṣāyāllavaṇo'varaḥ svāduḥ+guru→svādurgurutvādadhikaḥ
ḥ ā → Ø ā	visarga	27	0.1	pañcāśanmahākaṣāyā iti yaduktaṃ tadanuvyākhyāsyāmaḥ tadyathā jīvanīyo bṛṃhaṇīyo lekhanīyo bhedanīyaḥ saṃdhānīyo dīpanīya iti ṣaṭkaḥ kaṣāyavargaḥ balyo varṇyaḥ kaṇṭhyo hṛdya iti catuṣkaḥ kaṣāyavargaḥ tṛptighno 'rśoghnaḥ kuṣṭhaghnaḥ kaṇḍūghnaḥ krimighno viṣaghna iti ṣaṭkaḥ kaṣāyavargaḥ stanyajananaḥ stanyaśodhanaḥ śukrajananaḥ śukraśodhana iti catuṣkaḥ kaṣāyavargaḥ snehopagaḥ svedopago vamanopago virecanopaga āsthāpanopago 'nuvāsanopagaḥ śirovirecanopaga iti saptakaḥ kaṣāyavargaḥ chardinigrahaṇastṛṣṇānigrahaṇo hikkānigrahaṇa iti trikaḥ kaṣāyavargaḥ purīṣasaṃgrahaṇīyaḥ purīṣavirajanīyo mūtrasaṃgrahaṇīyo mūtravirajanīyo mūtravirecanīya iti pañcakaḥ kaṣāyavargaḥ kāsaharaḥ śvāsaharaḥ śothaharo jvaraharaḥ śramahara iti pañcakaḥ kaṣāyavargaḥ dāhapraśamanaḥ śītapraśamana udardapraśamano 'ṅgamardapraśamanaḥ śūlapraśamana iti pañcakaḥ kaṣāyavargaḥ śoṇitasthāpano vedanāsthāpanaḥ saṃjñāsthāpanaḥ prajāsthāpano vayaḥsthāpana iti pañcakaḥ kaṣāyavargaḥ iti pañcāśanmahākaṣāyā mahatāṃ ca kaṣāyāṇāṃ lakṣaṇodāharaṇārthaṃ vyākhyātā bhavanti upagaḥ→virecanopaga +āsthāpana · para ātmā sa ceddheturiṣṭo'stu paranirmitiḥ para+ātmā · tatra śākhā raktādayo dhātavastvak ca sa bāhyo rogamārgaḥ marmāṇi punarvastihṛdayamūrdhādīni asthisandhayo'sthisaṃyogāstatropanibaddhāśca snāyukaṇḍarāḥ sa madhyamo rogamārgaḥ koṣṭhaḥ punarucyate mahāsrotaḥ śarīramadhyaṃ mahānimnamāmapakvāśayaśceti paryāyaśabdaistantre sa rogamārga ābhyantaraḥ mārgaḥ→rogamārga +ābhyantaraḥ · tandrā sotkleśa ānāho jvaraḥ stambho visaṃjñatā utkleśaḥ→sotkleśa +ānāho
k a → g a	consonant / other	26	0.09	tatrendriyāṇāṃ samanaskānām anupataptānām anupatāpāya prakṛtibhāve prayatitavyamebhirhetubhiḥ tadyathā sātmyendriyārthasaṃyogena buddhyā samyagavekṣyāvekṣya karmaṇāṃ samyak pratipādanena deśakālātmaguṇaviparītopāsanena ceti samyak+avekṣya→samyagavekṣyāvekṣya · svasthavṛttaṃ yathoddiṣṭaṃ yaḥ samyaganutiṣṭhati samyak+anutiṣṭhati→samyaganutiṣṭhati · evaṃvādinaṃ bhagavantamātreyamagniveśa uvāca nanu bhagavan ādāveva jñānavatā tathā pratividhātavyaṃ yathā prativihite sidhyedevauṣadhamekāntena samyakprayoganimittā hi sarvakarmaṇāṃ siddhiriṣṭā vyāpaccāsamyakprayoganimittā atha samyagasamyak ca samārabdhaṃ karma sidhyati vyāpadyate vāniyamena tulyaṃ bhavati jñānam ajñāneneti samyak+asamyak→samyagasamyak · pṛthagamlādiyuktasya yogaḥ śeṣaiḥ pṛthagbhavet pṛthak+amla→pṛthagamlādiyuktasya
s c → ś c	consonant / other	25	0.09	yataśca pratikurvan sidhyati pratikurvan mriyate apratikurvan sidhyati apratikurvan mriyate tataścintyate bheṣajamabheṣajenāviśiṣṭamiti yatas+ca→yataśca · yataśca pratikurvan sidhyati pratikurvan mriyate apratikurvan sidhyati apratikurvan mriyate tataścintyate bheṣajamabheṣajenāviśiṣṭamiti tatas+cintyate→tataścintyate · saṃśayaścātra kathaṃ bhaviṣyāma itaścyutā naveti kutaḥ punaḥ saṃśaya iti ucyate santi hyeke pratyakṣaparāḥ parokṣatvāt punarbhavasya nāstikyamāśritāḥ santi cāgamapratyayādeva punarbhavamicchanti śrutibhedācca itas+cyutāḥ→itaścyutā · pratyakṣamapi copalabhyate mātāpitror visadṛśānyapatyāni tulyasaṃbhavānāṃ varṇasvarākṛtisattvabuddhibhāgyaviśeṣāḥ pravarāvarakulajanma dāsyaiśvaryaṃ sukhāsukhamāyuḥ āyuṣo vaiṣamyam iha kṛtasyāvāptiḥ aśikṣitānāṃ ca ruditastanapānahāsatrāsādīnāṃ pravṛttiḥ lakṣaṇotpattiḥ karmasādṛśye phalaviśeṣaḥ medhā kvacit kvacit karmaṇyamedhā jātismaraṇamihāgamanam itaścyutānāmiti samadarśane priyāpriyatvam itas+cyutānām→itaścyutānāmiti
d n → n n	consonant / other	24	0.09	tatra buddhimatā mānasavyādhiparītenāpi satā buddhyā hitāhitam avekṣyāvekṣya dharmārthakāmānām ahitānām anupasevane hitānāṃ copasevane prayatitavyaṃ na hyantareṇa loke trayametanmānasaṃ kiṃcin niṣpadyate sukhaṃ vā duḥkhaṃ vā tasmādetaccānuṣṭheyaṃ tadvidyānāṃ copasevane prayatitavyam ātmadeśakulakālabalaśaktijñāne yathāvacceti kiṃcin+niṣpadyate · vāyorvida uvāca bhiṣak pavanam atibalam atiparuṣam atiśīghrakāriṇam ātyayikaṃ cen nānuniśāmyet sahasā prakupitam atiprayataḥ kathamagre'bhirakṣitumabhidhāsyati prāgevainam atyayabhayāt vāyoryathārthā stutir api bhavatyārogyāya balavarṇavivṛddhaye varcasvitvāyopacayāya jñānopapattaye paramāyuḥprakarṣāya ceti cen+na · ojaḥ śarīre saṃkhyātaṃ tannāśānnā vinaśyati tad+nāśān→tannāśānnā · āsāṃ hṛnnābhibastijāḥ paripakvāḥ sānnipātikī ca maraṇāya śeṣāḥ punaḥ kuśalam āśupratikāriṇaṃ cikitsakamāsādyopaśāmyanti hṛd+nābhi→hṛnnābhibastijāḥ
m ch → ṃ ch	anusvāra / nasal	22	0.08	vāte sarakte saghṛtaṃ pradeho godhūmacūrṇaṃ chagalīpayaśca cūrṇam→godhūmacūrṇaṃ +chagalī · athāsya daśame pāke samāṃśaṃ chāgalaṃ payaḥ aṃśam→samāṃśaṃ +chāgalaṃ · gharmānilarajo'mbughnaṃ chatradhāraṇamucyate ghnam→gharmānilarajo'mbughnaṃ +chattra · yogena tu khalvenaṃ charditavantamabhisamīkṣya suprakṣālitapāṇipādāsyaṃ muhūrtamāśvāsya snaihikavairecanikopaśamanīyānāṃ dhūmānāmanyatamaṃ sāmarthyataḥ pāyayitvā punarevodakam upasparśayet enam→khalvenaṃ +charditavantam
n j → ñ j	consonant / other	22	0.08	kupitastu khalu śarīre śarīraṃ nānāvidhairvikārair upatapati balavarṇasukhāyuṣām upaghātāya mano vyāharṣayati sarvendriyāṇy upahanti vinihanti garbhān vikṛtimāpādayaty atikālaṃ vā dhārayati bhayaśokamohadainyātipralāpāñ janayati prāṇāṃścoparuṇaddhi atipralāpān→bhayaśokamohadainyātipralāpāñ +janayati · atha jentākaṃ cikīrṣurbhūmiṃ parīkṣeta tatra pūrvasyāṃ diśyuttarasyāṃ vā guṇavati praśaste bhūmibhāge kṛṣṇamadhuramṛttike suvarṇamṛttike vā parīvāpapuṣkariṇyādīnāṃ jalāśayānāmanyatamasya kūle dakṣiṇe paścime vā sūpatīrthe samasuvibhaktabhūmibhāge saptāṣṭau vāratnīr upakramyodakāt prāṅmukham udaṅmukhaṃ vābhimukhatīrthaṃ kūṭāgāraṃ kārayet utsedhavistārataḥ paramaratnīḥ ṣoḍaśa samantāt suvṛttaṃ mṛtkarmasampannam anekavātāyanam asya kūṭāgārasyāntaḥ samantato bhittimaratnivistārotsedhāṃ piṇḍikāṃ kārayed ā kapāṭāt madhye cāsya kūṭāgārasya catuṣkiṣkumātraṃ puruṣapramāṇaṃ mṛnmayaṃ kandusaṃsthānaṃ bahusūkṣmacchidramaṅgārakoṣṭhakastambhaṃ sapidhānaṃ kārayet taṃ ca khādirāṇām āśvakarṇādīnāṃ vā kāṣṭhānāṃ pūrayitvā pradīpayet sa yadā jānīyāt sādhu dagdhāni kāṣṭhāni gatadhūmānyavataptaṃ ca kevalamagninā tadagnigṛhaṃ svedayogyena coṣmaṇā yuktamiti tatrainaṃ puruṣaṃ vātaharābhyaktagātraṃ vastrāvacchannaṃ praveśayaṃścainamanuśiṣyāt saumya praviśa kalyāṇāyārogyāya ceti praviśya caināṃ piṇḍikāmadhiruhya pārśvāparapārśvābhyāṃ yathāsukhaṃ śayīthāḥ na ca tvayā svedamūrcchāparītenāpi satā piṇḍikaiṣā vimoktavyā ā prāṇocchvāsāt bhraśyamāno hyataḥ piṇḍivakāvakāśād dvāram anadhigacchan svedamūrcchāparītatayā sadyaḥ prāṇāñjahyāḥ tasmāt piṇḍikāmenāṃ na kathaṃcana muñcethāḥ tvaṃ yadā jānīyāḥ vigatābhiṣyandamātmānaṃ samyakprasrutasvedapicchaṃ sarvasrotovimuktaṃ laghūbhūtam apagatavibandhastambhasuptivedanāgauravam iti tatastāṃ piṇḍikāmanusaran dvāraṃ prapadyethāḥ niṣkramya ca na sahasā cakṣuṣoḥ paripālanārthaṃ śītodakam upaspṛśethāḥ apagatasantāpaklamastu muhūrtāt sukhoṣṇena vāriṇā yathānyāyaṃ pariṣikto 'śnīyāḥ iti jentākasvedaḥ prāṇān+jahyāḥ→prāṇāñjahyāḥ · pipāsānigrahaisteṣāmupavāsaiśca tāñjayet tān+jayet→tāñjayet · rogāñjayenmadhyabalān vyāyāmātapamārutaiḥ rogān+jayet→rogāñjayenmadhyabalān
a ū → o	vowel coalescence	21	0.08	adhobhāgordhvabhāgeṣu nirūheṣvanuvāsane adhobhāga+ūrdhva→adhobhāgordhvabhāgeṣu · tatrordhvajatruke'bhyaṅgaḥ svedo dhūmaḥ sanāvanaḥ tatra+ūrdhva→tatrordhvajatruke'bhyaṅgaḥ · nānṛtaṃ brūyāt nānyasvamādadīta nānyastriyamabhilaṣennānyaśriyaṃ na vairaṃ rocayet na kuryāt pāpaṃ na pāpe 'pi pāpī syāt nānyadoṣān brūyāt nānyarahasyam āgamayen nādhārmikairna narendradviṣṭaiḥ sahāsīta nonmattairna patitairna bhrūṇahantṛbhirna kṣudrairna duṣṭaiḥ na duṣṭayānānyāroheta na jānusamaṃ kaṭhinamāsanamadhyāsīta nānāstīrṇam anupahitam aviśālam asamaṃ vā śayanaṃ prapadyeta na giriviṣamamastakeṣvanucaret na drumamārohet na jalogravegamavagāheta na kulacchāyām upāsīta nāgnyutpātamabhitaścaret noccairhaset na śabdavantaṃ mārutaṃ muñcet nānāvṛtamukho jṛmbhāṃ kṣavathuṃ hāsyaṃ vā pravartayet na nāsikāṃ kuṣṇīyāt na dantān vighaṭṭayet na nakhān vādayet nāsthīnyabhihanyāt na bhūmiṃ vilikhet na chindyāttṛṇaṃ na loṣṭaṃ mṛdnīyāt na viguṇamaṅgaiśceṣṭeta jyotīṃṣy aniṣṭam amedhyam aśastaṃ ca nābhivīkṣeta na huṃkuryācchavaṃ na caityadhvajagurupūjyāśastacchāyām ākrāmet na kṣapāsv amarasadanacaityacatvaracatuṣpathopavanaśmaśānāghātanānyāseveta naikaḥ śūnyagṛhaṃ na cāṭavīmanupraviśet na pāpavṛttān strīmitrabhṛtyān bhajeta nottamairvirudhyeta nāvarānupāsīta na jihmaṃ rocayet nānāryamāśrayet na bhayamutpādayet na sāhasātisvapnaprajāgarasnānapānāśanānyāseveta nordhvajānuściraṃ tiṣṭhet na vyālānupasarpenna daṃṣṭriṇo na viṣāṇinaḥ purovātātapāvaśyāyātipravātāñjahyāt kaliṃ nārabheta nāsunibhṛto 'gnimupāsīta nocchiṣṭaḥ nādhaḥ kṛtvā pratāpayet nāvigataklamo nānāplutavadano na nagna upaspṛśet na snānaśāṭyā spṛśeduttamāṅgaṃ na keśāgrāṇyabhihanyāt nopaspṛśya te eva vāsasī bibhṛyāt nāspṛṣṭvā ratnājyapūjyamaṅgalasumanaso 'bhiniṣkrāmet na pūjyamaṅgalānyapasavyaṃ gacchennetarāṇyanudakṣiṇam na+ūrdhva→nordhvajānuściraṃ · atha jentākaṃ cikīrṣurbhūmiṃ parīkṣeta tatra pūrvasyāṃ diśyuttarasyāṃ vā guṇavati praśaste bhūmibhāge kṛṣṇamadhuramṛttike suvarṇamṛttike vā parīvāpapuṣkariṇyādīnāṃ jalāśayānāmanyatamasya kūle dakṣiṇe paścime vā sūpatīrthe samasuvibhaktabhūmibhāge saptāṣṭau vāratnīr upakramyodakāt prāṅmukham udaṅmukhaṃ vābhimukhatīrthaṃ kūṭāgāraṃ kārayet utsedhavistārataḥ paramaratnīḥ ṣoḍaśa samantāt suvṛttaṃ mṛtkarmasampannam anekavātāyanam asya kūṭāgārasyāntaḥ samantato bhittimaratnivistārotsedhāṃ piṇḍikāṃ kārayed ā kapāṭāt madhye cāsya kūṭāgārasya catuṣkiṣkumātraṃ puruṣapramāṇaṃ mṛnmayaṃ kandusaṃsthānaṃ bahusūkṣmacchidramaṅgārakoṣṭhakastambhaṃ sapidhānaṃ kārayet taṃ ca khādirāṇām āśvakarṇādīnāṃ vā kāṣṭhānāṃ pūrayitvā pradīpayet sa yadā jānīyāt sādhu dagdhāni kāṣṭhāni gatadhūmānyavataptaṃ ca kevalamagninā tadagnigṛhaṃ svedayogyena coṣmaṇā yuktamiti tatrainaṃ puruṣaṃ vātaharābhyaktagātraṃ vastrāvacchannaṃ praveśayaṃścainamanuśiṣyāt saumya praviśa kalyāṇāyārogyāya ceti praviśya caināṃ piṇḍikāmadhiruhya pārśvāparapārśvābhyāṃ yathāsukhaṃ śayīthāḥ na ca tvayā svedamūrcchāparītenāpi satā piṇḍikaiṣā vimoktavyā ā prāṇocchvāsāt bhraśyamāno hyataḥ piṇḍivakāvakāśād dvāram anadhigacchan svedamūrcchāparītatayā sadyaḥ prāṇāñjahyāḥ tasmāt piṇḍikāmenāṃ na kathaṃcana muñcethāḥ tvaṃ yadā jānīyāḥ vigatābhiṣyandamātmānaṃ samyakprasrutasvedapicchaṃ sarvasrotovimuktaṃ laghūbhūtam apagatavibandhastambhasuptivedanāgauravam iti tatastāṃ piṇḍikāmanusaran dvāraṃ prapadyethāḥ niṣkramya ca na sahasā cakṣuṣoḥ paripālanārthaṃ śītodakam upaspṛśethāḥ apagatasantāpaklamastu muhūrtāt sukhoṣṇena vāriṇā yathānyāyaṃ pariṣikto 'śnīyāḥ iti jentākasvedaḥ ca+ūṣmaṇā→coṣmaṇā
t l → l l	consonant / other	21	0.08	vināmo vaṅkṣaṇānāhaḥ syālliṅgaṃ mūtranigrahe syāt+liṅgam→syālliṅgaṃ · tatra nijaḥ śārīradoṣasamutthaḥ āgantur viṣavāyvagnisamprahārādisamutthaḥ mānasaḥ punariṣṭasya lābhāllābhāc cāniṣṭasyopajāyate lābhāt+lābhāt→lābhāllābhāc · yat kiṃcillāghavakaraṃ dehe tallaṅghanaṃ smṛtam tat+laṅghanam→tallaṅghanaṃ · kṛtātikṛtaliṅgaṃ yallaṅghite taddhi rūkṣite yat+laṅghite→yallaṅghite
ḥ l → Ø l	visarga	19	0.07	jaṅgamebhyaḥ prayujyante keśā lomāni rocanāḥ keśā+lomāni · rasā lavaṇavarjyāśca kaṣāya iti saṃjñitāḥ rasā+lavaṇa · tacchrutvā kāpyavaco bhagavān punarvasurātreya uvāca sarva eva bhavantaḥ samyag āhur anyatraikāntikavacanāt sarva eva khalu vātapittaśleṣmāṇaḥ prakṛtibhūtāḥ puruṣam avyāpannendriyaṃ balavarṇasukhopapannam āyuṣā mahatopapādayanti samyagevācaritā dharmārthakāmā iva niḥśreyasena mahatā puruṣamiha cāmuṣmiṃś ca loke vikṛtāstvenaṃ mahatā viparyayeṇopapādayanti kratavas traya iva vikṛtimāpannā lokamaśubhenopaghātakāla iti āpannāḥ→vikṛtimāpannā +lokam · doṣāḥ kadācit kupyanti jitā laṅghanapācanaiḥ jitā+laṅghana
as a → o a	consonant / other	19	0.07	yadi caikameva kiṃcid dravyam āsādayāmastathāguṇayuktaṃ yat sarvakarmaṇāṃ karaṇe samarthaṃ syāt kastato 'nyadicchedupadhārayitumupadeṣṭuṃ vā śiṣyebhya iti tatas→kastato +anyat · taṃ vistareṇopadiśanto bhūyastaramato 'nuvyākhyāsyāmaḥ atas→bhūyastaramato +'nuvyākhyāsyāmaḥ · tato 'nantaramapasmārābhinirvṛttireva tato+anantaram · athāhareti brūyāttilvakoddālakayordvau bilvamātrau piṇḍau ślakṣṇapiṣṭau viḍaṅgakaṣāyeṇa tadardhamātrau śyāmātrivṛtayoḥ ato 'rdhamātrau dantīdravantyoḥ ato 'rdhamātrau ca cavyacitrakayoriti ato+ardha
ī a → y a	vowel coalescence	18	0.07	śaṇapuṣpī ca bimbī ca chardane haimavatyapi haimavatī+api→haimavatyapi · śaṅkhinyatha viḍaṅgāni trapuṣaṃ madanāni ca śaṅkhinī+atha→śaṅkhinyatha · śastrakarmaṇi vartyarthamañjanotsādaneṣu ca vartī+artham→vartyarthamañjanotsādaneṣu · snuhyarkāśmantakāsteṣāmidaṃ karma pṛthak pṛthak snuhī+arka→snuhyarkāśmantakāsteṣāmidaṃ
ī ā → y ā	vowel coalescence	18	0.07	kaṇṭhyā yavānāṃ yamake pippalyāmalakaiḥ śṛtā pippalī+āmalakaiḥ→pippalyāmalakaiḥ · tataḥ śīlaśaucācārānurāgadākṣyaprādakṣiṇyopapannān upacārakuśalān sarvakarmasu paryavadātān sūpaudanapācakasnāpakasaṃvāhakotthāpakasaṃveśakauṣadhapeṣakāṃśca paricārakān sarvakarmasv apratikūlān tathā gītavāditrollāpakaślokagāthākhyāyiketihāsapurāṇakuśalān abhiprāyajñān anumatāṃśca deśakālavidaḥ pāriṣadyāṃśca tathā lāvakapiñjalaśaśahariṇaiṇakālapucchakamṛgamātṛkorabhrān gāṃ dogdhrīṃ śīlavatīmanāturāṃ jīvadvatsāṃ suprativihitatṛṇaśaraṇapānīyāṃ pātryācamanīyodakoṣṭhamaṇikaghaṭapiṭharaparyogakumbhīkumbhakuṇḍaśarāvadarvīkaṭodañcanaparipacanamanthānacarmacelasūtrakārpāsorṇādīni ca śayanāsanādīni copanyastabhṛṅgārapratigrahāṇi suprayuktāstaraṇottarapracchadopadhānāni sopāśrayāṇi saṃveśanopaveśanasnehasvedābhyaṅgapradehapariṣekānulepanavamanavirecanāsthāpanānuvāsanaśirovirecanamūtroccārakarmaṇām upacārasukhāni suprakṣālitopadhānāśca suślakṣṇasvaramadhyamā dṛṣadaḥ śastrāṇi copakaraṇārthāni dhūmanetraṃ ca bastinetraṃ cottarabastikaṃ ca kuśahastakaṃ ca tulāṃ ca mānabhāṇḍaṃ ca ghṛtatailavasāmajjakṣaudraphāṇitalavaṇendhanodakamadhusīdhusurāsauvīrakatuṣodakamaireyamedakadadhidadhimaṇḍodasviddhānyāmlamūtrāṇi ca tathā śāliṣaṣṭikamudgamāṣayavatilakulatthabadaramṛdvīkākāśmaryaparūṣakābhayāmalakavibhītakāni nānāvidhāni ca snehasvedopakaraṇāni dravyāṇi tathaivordhvaharānulomikobhayabhāñji saṃgrahaṇīyadīpanīyapācanīyopaśamanīyavātaharādisamākhyātāni cauṣadhāni yaccānyadapi kiṃcid vyāpadaḥ parisaṃkhyāya pratīkārārthamupakaraṇaṃ vidyāt yacca pratibhogārthaṃ tattadupakalpayet pātrī+ācamanīya→pātryācamanīyodakoṣṭhamaṇikaghaṭapiṭharaparyogakumbhīkumbhakuṇḍaśarāvadarvīkaṭodañcanaparipacanamanthānacarmacelasūtrakārpāsorṇādīni · gurulaghuśītoṣṇasnigdharūkṣādīnāṃ dravyāṇāṃ sāmānyaviśeṣābhyāṃ vṛddhihrāsau yathoktaṃ gurubhirabhyasyamānair gurūṇām upacayo bhavatyapacayo laghūnām evamevetareṣām iti eṣa bhāvasvabhāvo nityaḥ svalakṣaṇaṃ ca dravyāṇāṃ pṛthivyādīnāṃ santi tu dravyāṇi guṇāśca nityānityāḥ pṛthivī+ādīnām→pṛthivyādīnāṃ · tatra hīnamātram āhārarāśiṃ balavarṇopacayakṣayakaram atṛptikaram udāvartakaram anāyuṣyavṛṣyam anaujasyaṃ śarīramanobuddhīndriyopaghātakaraṃ sāravidhamanam alakṣmyāvaham aśīteśca vātavikārāṇām āyatanam ācakṣate atimātraṃ punaḥ sarvadoṣaprakopaṇam icchanti kuśalāḥ alakṣmī+āvaham→alakṣmyāvaham
d m → n m	consonant / other	18	0.07	peyo yathā yanmayaṃ ca netraṃ yasya ca yadvidham yad+mayam→yanmayaṃ · atha jentākaṃ cikīrṣurbhūmiṃ parīkṣeta tatra pūrvasyāṃ diśyuttarasyāṃ vā guṇavati praśaste bhūmibhāge kṛṣṇamadhuramṛttike suvarṇamṛttike vā parīvāpapuṣkariṇyādīnāṃ jalāśayānāmanyatamasya kūle dakṣiṇe paścime vā sūpatīrthe samasuvibhaktabhūmibhāge saptāṣṭau vāratnīr upakramyodakāt prāṅmukham udaṅmukhaṃ vābhimukhatīrthaṃ kūṭāgāraṃ kārayet utsedhavistārataḥ paramaratnīḥ ṣoḍaśa samantāt suvṛttaṃ mṛtkarmasampannam anekavātāyanam asya kūṭāgārasyāntaḥ samantato bhittimaratnivistārotsedhāṃ piṇḍikāṃ kārayed ā kapāṭāt madhye cāsya kūṭāgārasya catuṣkiṣkumātraṃ puruṣapramāṇaṃ mṛnmayaṃ kandusaṃsthānaṃ bahusūkṣmacchidramaṅgārakoṣṭhakastambhaṃ sapidhānaṃ kārayet taṃ ca khādirāṇām āśvakarṇādīnāṃ vā kāṣṭhānāṃ pūrayitvā pradīpayet sa yadā jānīyāt sādhu dagdhāni kāṣṭhāni gatadhūmānyavataptaṃ ca kevalamagninā tadagnigṛhaṃ svedayogyena coṣmaṇā yuktamiti tatrainaṃ puruṣaṃ vātaharābhyaktagātraṃ vastrāvacchannaṃ praveśayaṃścainamanuśiṣyāt saumya praviśa kalyāṇāyārogyāya ceti praviśya caināṃ piṇḍikāmadhiruhya pārśvāparapārśvābhyāṃ yathāsukhaṃ śayīthāḥ na ca tvayā svedamūrcchāparītenāpi satā piṇḍikaiṣā vimoktavyā ā prāṇocchvāsāt bhraśyamāno hyataḥ piṇḍivakāvakāśād dvāram anadhigacchan svedamūrcchāparītatayā sadyaḥ prāṇāñjahyāḥ tasmāt piṇḍikāmenāṃ na kathaṃcana muñcethāḥ tvaṃ yadā jānīyāḥ vigatābhiṣyandamātmānaṃ samyakprasrutasvedapicchaṃ sarvasrotovimuktaṃ laghūbhūtam apagatavibandhastambhasuptivedanāgauravam iti tatastāṃ piṇḍikāmanusaran dvāraṃ prapadyethāḥ niṣkramya ca na sahasā cakṣuṣoḥ paripālanārthaṃ śītodakam upaspṛśethāḥ apagatasantāpaklamastu muhūrtāt sukhoṣṇena vāriṇā yathānyāyaṃ pariṣikto 'śnīyāḥ iti jentākasvedaḥ mṛd+mayam→mṛnmayaṃ · tadyathā annaṃ vṛttikarāṇāṃ śreṣṭham udakamāśvāsakarāṇāṃ surā śramaharāṇāṃ kṣīraṃ jīvanīyānāṃ māṃsaṃ bṛṃhaṇīyānāṃ rasastarpaṇīyānāṃ lavaṇam annadravyarucikarāṇām amlaṃ hṛdyānāṃ kukkuṭo balyānāṃ nakrareto vṛṣyāṇāṃ madhu śleṣmapittapraśamanānāṃ sarpirvātapittapraśamanānāṃ tailaṃ vātaśleṣmapraśamanānāṃ vamanaṃ śleṣmaharāṇāṃ virecanaṃ pittaharāṇāṃ bastirvātaharāṇāṃ svedo mārdavakarāṇāṃ vyāyāmaḥ sthairyakarāṇāṃ kṣāraḥ puṃstvopaghātināṃ tindukam anannadravyarucikarāṇām āmaṃ kapittham utkaṇṭhyānām āvikaṃ sarpirahṛdyānām ajākṣīraṃ śoṣaghnastanyasātmyaraktasāṃgrāhikaraktapittapraśamanānām avikṣīraṃ śleṣmapittajananānāṃ mahiṣīkṣīraṃ svapnajananānāṃ mandakaṃ dadhyabhiṣyandakarāṇāṃ gavedhukānnaṃ karśanīyānām uddālakānnaṃ virūkṣaṇīyānām ikṣurmūtrajananānāṃ yavāḥ purīṣajananānāṃ jāmbavaṃ vātajananānāṃ śaṣkulyaḥ śleṣmapittajananānāṃ kulatthā amlapittajananānāṃ māṣāḥ śleṣmapittajananānāṃ madanaphalaṃ vamanāsthāpanānuvāsanopayogināṃ trivṛt sukhavirecanānāṃ caturaṅgulo mṛduvirecanānāṃ snukpayas tīkṣṇavirecanānāṃ pratyakpuṣpā śirovirecanānāṃ viḍaṅgaṃ krimighnānāṃ śirīṣo viṣaghnānāṃ khadiraḥ kuṣṭhaghnānāṃ rāsnā vātaharāṇām āmalakaṃ vayaḥsthāpanānāṃ harītakī pathyānām eraṇḍamūlaṃ vṛṣyavātaharāṇāṃ pippalīmūlaṃ dīpanīyapācanīyagudaśothārśaḥśūlaharāṇāṃ puṣkaramūlaṃ hikkāśvāsakāsapārśvaśūlaharāṇāṃ mustaṃ sāṃgrāhikadīpanīyapācanīyānām udīcyaṃ nirvāpaṇadīpanīyapācanīyacchardyatīsāraharāṇāṃ kaṭvaṅgaṃ sāṃgrāhikaraktapittapraśamanānām amṛtā sāṃgrāhikavātaharadīpanīyaśleṣmaśoṇitavibandhapraśamanānāṃ ativiṣā dīpanīyapācanīyasāṃgrāhikasarvadoṣaharāṇām utpalakumudapadmakiñjalkaḥ sāṃgrāhikaraktapittapraśamanānāṃ durālabhā pittaśleṣmapraśamanānāṃ gandhapriyaṅguḥ śoṇitapittātiyogapraśamanānāṃ kuṭajatvak śleṣmapittaraktasāṃgrāhikopaśoṣaṇānāṃ kāśmaryaphalaṃ raktasāṃgrāhikaraktapittapraśamanānāṃ pṛśniparṇī sāṃgrāhikavātaharadīpanīyavṛṣyāṇāṃ vidārigandhā vṛṣyasarvadoṣaharāṇāṃ balā sāṃgrāhikabalyavātaharāṇāṃ gokṣurako mūtrakṛcchrānilaharāṇāṃ hiṅguniryāsaś chedanīyadīpanīyānulomikavātakaphapraśamanānām amlavetaso bhedanīyadīpanīyānulomikavātaśleṣmaharāṇāṃ yāvaśūkaḥ sraṃsanīyapācanīyārśoghnānāṃ takrābhyāso grahaṇīdoṣaśophārśoghṛtavyāpatpraśamanānāṃ kravyānmāṃsarasābhyāso grahaṇīdoṣaśoṣārśoghnānāṃ kṣīraghṛtābhyāso rasāyanānāṃ samaghṛtasaktuprāśābhyāso vṛṣyodāvartaharānāṃ tailagaṇḍūṣābhyāso dantabalarucikarāṇāṃ candanaṃ durgandhaharadāhanirvāpaṇalepanānāṃ rāsnāguruṇī śītāpanayanapralepanānāṃ lāmajjakośīraṃ dāhatvagdoṣasvedāpanayanapralepanānāṃ kuṣṭhaṃ vātaharābhyaṅgopanāhopayogināṃ madhukaṃ cakṣuṣyavṛṣyakeśyakaṇṭhyavarṇyavirajanīyaropaṇīyānāṃ vāyuḥ prāṇasaṃjñāpradānahetūnām agnir āmastambhaśītaśūlodvepanapraśamanānāṃ jalaṃ stambhanīyānāṃ mṛdbhṛṣṭaloṣṭranirvāpitam udakaṃ tṛṣṇāchardyatiyogapraśamanānām atimātrāśanamāmapradoṣahetūnāṃ yathāgnyabhyavahāro 'gnisaṃdhukṣaṇānāṃ yathāsātmyaṃ ceṣṭābhyavahārau sevyānāṃ kālabhojanamārogyakarāṇāṃ tṛptirāhāraguṇānāṃ vegasaṃdhāraṇam anārogyakarāṇāṃ madyaṃ saumanasyajananānām madyākṣepo dhīdhṛtismṛtiharāṇāṃ gurubhojanaṃ durvipākakarāṇām ekāśanabhojanaṃ sukhapariṇāmakarāṇāṃ strīṣvatiprasaṅgaḥ śoṣakarāṇāṃ śukraveganigrahaḥ ṣāṇḍhyakarāṇāṃ parāghātanam annāśraddhājananānām anaśanamāyuṣo hrāsakarāṇāṃ pramitāśanaṃ karśanīyānām ajīrṇādhyaśanaṃ grahaṇīdūṣaṇānāṃ viṣamāśanamagnivaiṣamyakarāṇāṃ viruddhavīryāśanaṃ ninditavyādhikarāṇāṃ praśamaḥ pathyānāṃ āyāsaḥ sarvāpathyānāṃ mithyāyogo vyādhikarāṇāṃ rajasvalābhigamanamalakṣmīmukhānāṃ brahmacaryamāyuṣyāṇāṃ paradārābhigamanamanāyuṣyāṇāṃ saṅkalpo vṛṣyāṇāṃ daurmanasyam avṛṣyāṇām ayathābalamārambhaḥ prāṇoparodhināṃ viṣādo rogavardhanānāṃ snānaṃ śramaharāṇāṃ harṣaḥ prīṇanānāṃ śokaḥ śoṣaṇānāṃ nivṛttiḥ puṣṭikarāṇāṃ puṣṭiḥ svapnakarāṇām atisvapnastandrākarāṇāṃ sarvarasābhyāso balakarāṇām ekarasābhyāso daurbalyakarāṇāṃ garbhaśalyamāhāryāṇām ajīrṇamuddhāryāṇāṃ bālo mṛdubheṣajīyānāṃ vṛddho yāpyānāṃ garbhinī tīkṣṇauṣadhavyavāyavyāyāmavarjanīyānāṃ saumanasyaṃ garbhadhāraṇānāṃ sannipāto duścikitsyānām āmo viṣamacikitsyānāṃ jvaro rogāṇāṃ kuṣṭhaṃ dīrgharogāṇāṃ rājayakṣmā rogasamūhānāṃ prameho 'nuṣaṅgiṇāṃ jalaukaso 'nuśastrāṇāṃ bastistantrāṇāṃ himavānauṣadhibhūmīnāṃ soma oṣadhīnāṃ marubhūmirārogyadeśānām anūpo 'hitadeśānām nirdeśakāritvamāturaguṇānāṃ bhiṣak cikitsāṅgānāṃ nāstiko varjyānāṃ laulyaṃ kleśakarāṇām anirdeśakāritvamariṣṭānāṃ anirvedo vārttalakṣaṇānāṃ vaidyasamūho niḥsaṃśayakarāṇāṃ yogo vaidyaguṇānāṃ vijñānamauṣadhīnāṃ śāstrasahitastarkaḥ sādhanānāṃ sampratipattiḥ kālajñānaprayojanānām avyavasāyaḥ kālātipattihetūnāṃ dṛṣṭakarmatā niḥsaṃśayakarāṇām asamarthatā bhayakarāṇāṃ tadvidyasaṃbhāṣā buddhivardhanānām ācāryaḥ śāstrādhigamahetūnām āyurvedo 'mṛtānāṃ sadvacanamanuṣṭheyānām asadgrahaṇaṃ sarvāhitānāṃ sarvasaṃnyāsaḥ sukhānāmiti kravyād+māṃsa→kravyānmāṃsarasābhyāso · grāmyānūpaudakapiśitāni ca madhutilaguḍapayomāṣamūlakabisair virūḍhadhānyairvā naikadhyamadyāt tanmūlaṃ hi bādhiryāndhyavepathujāḍyakalamūkatāmaiṇmiṇyam athavā maraṇamāpnoti tad+mūlam→tanmūlaṃ
ḥ t → Ø t	visarga	18	0.07	sa trātāram anāsādya bālastyajati jīvitam sa+trātāram · tacchrutvā vākyaṃ kumāraśirā bharadvāja uvāca evametadyathā bhagavānāha eta eva vātaguṇā bhavanti sa tv evaṃguṇair evaṃdravyair evamprabhāvaiśca karmabhirabhyasyamānair vāyuḥ prakopamāpadyate samānaguṇābhyāso hi dhātūnāṃ vṛddhikāraṇamiti sa+tv · athainamanuśiṣyāt vivṛtoṣṭhatālukaṇṭho nātimahatā vyāyāmena vegānudīrṇānudīrayan kiṃcid avanamya grīvāmūrdhvaśarīram upavegam apravṛttān pravartayan suparilikhitanakhābhyām aṅgulibhyām utpalakumudasaugandhikanālair vā kaṇṭham abhispṛśan sukhaṃ pravartayasveti sa tathāvidhaṃ kuryāt tato 'sya vegān pratigrahagatānavekṣetāvahitaḥ vegaviśeṣadarśanāddhi kuśalo yogāyogātiyogaviśeṣān upalabheta vegaviśeṣānupalabheta vegaviśeṣadarśī punaḥ kṛtyaṃ yathārhamavabudhyeta lakṣaṇena tasmādvegānavekṣetāvahitaḥ sa+tathāvidhaṃ · sa tathā kuryāt sa+tathā
as bh → o bh	consonant / other	18	0.07	ato bhūyaḥ karmauṣadhānāṃ ca prādhānyataḥ sānubandhāni dravyāṇyanuvyākhyāsyāmaḥ ato+bhūyaḥ · evamādīni cānyāni nirdiśedrasato bhiṣak rasatas→nirdiśedrasato +bhiṣak · tanniśamyātreyavacanamanu bhadrakāpyo 'gniveśam uvāca sarvāneva matsyān payasā sahābhyavahared anyatraikasmāc cilicimāt sa punaḥ śakalī lohitanayanaḥ sarvato lohitarājī rohitākāraḥ prāyo bhūmau carati taṃ cet payasā sahābhyavaharenniḥsaṃśayaṃ śoṇitajānāṃ vibandhajānāṃ ca vyādhīnāmanyatamamathavā maraṇaṃ prāpnuyāditi prāyo+bhūmau · tantraniyatānām arthadurgāṇāṃ punarvibhāvanair uktam arthāvayavaśo bhavatyuktam avayavaśas→arthāvayavaśo +bhavati
as m → o m	consonant / other	17	0.06	prāyaśo madhuraṃ snigdhaṃ śītaṃ stanyaṃ payo matam prāyaśo+madhuraṃ · prāyo mandaṃ sthiraṃ ślakṣṇaṃ dravyaṃ bṛṃhaṇamucyate prāyo+mandaṃ · prāyo mandaṃ mṛdu ca yaddravyaṃ tatsnehanaṃ matam prāyo+mandaṃ · vātamūtrapurīṣāṇāṃ prāyo mokṣe sukhā matāḥ prāyo+mokṣe
s ū → Ø ū	consonant / other	17	0.06	ata ūrdhvaṃ pravakṣyāmi yavāgūrvividhauṣadhāḥ ata+ūrdhvaṃ · ata ūrdhvaṃ śarīrasya kāryamakṣyañjanādikam ata+ūrdhvaṃ · yathākramaṃ yathāyogyamata ūrdhvaṃ prayojayet atas→yathāyogyamata +ūrdhvaṃ · athainaṃ sāyāhne pare vāhni sukhodakapariṣiktaṃ purāṇānāṃ lohitaśālitaṇḍulānāṃ svavaklinnāṃ maṇḍapūrvāṃ sukhoṣṇāṃ yavāgūṃ pāyayedagnibalamabhisamīkṣya evaṃ dvitīye tṛtīye cānnakāle caturthe tvannakāle tathāvidhānāmeva śālitaṇḍulānām utsvinnāṃ vilepīm uṣṇodakadvitīyām asnehalavaṇām alpasnehalavaṇāṃ vā bhojayet evaṃ pañcame ṣaṣṭhe cānnakāle saptame tvannakāle tathāvidhānāmeva śālīnāṃ dviprasṛtaṃ susvinnam odanam uṣṇodakānupānaṃ tanunā tanusnehalavaṇopapannena mudgayūṣeṇa bhojayet evamaṣṭame navame cānnakāle daśame tvannakāle lāvakapiñjalādīnāmanyatamasya māṃsarasenaudakalāvaṇikena nātisāravatā bhojayed uṣṇodakānupānam evamekādaśe dvādaśe cānnakāle ata ūrdhvamannaguṇān krameṇopabhuñjānaḥ saptarātreṇa prakṛtibhojanamāgacchet ata+ūrdhvam
k v → g v	consonant / other	17	0.06	samyagviriktaliṅgāni kāyāgneścānuvartanam samyak+virikta→samyagviriktaliṅgāni · samyagvipākavīryāṇi prabhāvaścāpyudāhṛtaḥ samyak+vipāka→samyagvipākavīryāṇi · vividham aśitaṃ pītaṃ līḍhaṃ khāditaṃ jantorhitam antaragnisaṃdhukṣitabalena yathāsvenoṣmaṇā samyagvipacyamānaṃ kālavad anavasthitasarvadhātupākam anupahatasarvadhātūṣmamārutasrotaḥ kevalaṃ śarīramupacayabalavarṇasukhāyuṣā yojayati śarīradhātūn ūrjayati ca samyak+vipacyamānam→samyagvipacyamānaṃ · na hi samyaguddhṛteṣu saumya bhaiṣajyeṣu samyagvihiteṣu samyak cāvacāriteṣu janapadoddhvaṃsakarāṇāṃ vikārāṇāṃ kiṃcit pratīkāragauravaṃ bhavati samyak+vihiteṣu→samyagvihiteṣu
ḥ dh → Ø dh	visarga	16	0.06	gandhāścāgurupatrādyā dhūmaṃ mūrdhavirecane ādyāḥ→gandhāścāgurupatrādyā +dhūmaṃ · rogāstasya pravardhante dāruṇā dhūmavibhramāt dāruṇā+dhūma · varjyāḥ sevyāśca puruṣā dhīmatātmasukhārthinā puruṣā+dhīmatā · taddhyanutiṣṭhan yugapat sampādayatyarthadvayam ārogyam indriyavijayaṃ ceti tat sadvṛttam akhilenopadekṣyāmo 'gniveśa tadyathā devagobrāhmaṇaguruvṛddhasiddhācāryānarcayet agnimupacaret oṣadhīḥ praśastā dhārayet dvau kālāvupaspṛśet malāyaneṣvabhīkṣṇaṃ pādayośca vaimalyamādadhyāt triḥ pakṣasya keśaśmaśrulomanakhān saṃhārayet nityam anupahatavāsāḥ sumanāḥ sugandhiḥ syāt sādhuveśaḥ prasiddhakeśaḥ mūrdhaśrotraghrāṇapādatailanityaḥ dhūmapaḥ pūrvābhibhāṣī sumukhaḥ durgeṣvabhyupapattā hotā yaṣṭā dātā catuṣpathānāṃ namaskartā balīnāmupahartā atithīnāṃ pūjakaḥ pitṛbhyaḥ piṇḍadaḥ kāle hitamitamadhurārthavādī vaśyātmā dharmātmā hetāvīrṣyuḥ phale nerṣyuḥ niścintaḥ nirbhīkaḥ hrīmān dhīmān mahotsāhaḥ dakṣaḥ kṣamāvān dhārmikaḥ āstikaḥ vinayabuddhividyābhijanavayovṛddhasiddhācāryāṇām upāsitā chattrī daṇḍī maulī sopānatko yugamātradṛgvicaret maṅgalācāraśīlaḥ kucelāsthikaṇṭakāmedhyakeśatuṣotkarabhasmakapālasnānabalibhūmīnāṃ parihartā prāk śramād vyāyāmavarjī syāt sarvaprāṇiṣu bandhubhūtaḥ syāt kruddhānām anunetā bhītānām āśvāsayitā dīnānām abhyupapattā satyasaṃdhaḥ sāmapradhānaḥ paraparuṣavacanasahiṣṇuḥ amarṣaghnaḥ praśamaguṇadarśī rāgadveṣahetūnāṃ hantā ca praśastā+dhārayet
ḥ a → Ø a	visarga	16	0.06	tatra gaṇḍapiḍakālajyapacīcarmakīlādhimāṃsamaṣakakuṣṭhavyaṅgādayo vikārā bahirmārgajāśca visarpaśvayathugulmārśovidradhyādayaḥ śākhānusāriṇo bhavanti rogāḥ pakṣavadhagrahāpatānakārditaśoṣarājayakṣmāsthisandhiśūlagudabhraṃśādayaḥ śirohṛdvastirogādayaśca madhyamamārgānusāriṇo bhavanti rogā jvarātīsārachardyalasakavisūcikākāsaśvāsahikkānāhodaraplīhādayo 'ntarmārgajāśca visarpaśvayathugulmārśovidradhyādayaḥ koṣṭhānusāriṇo bhavanti rogāḥ rogā+antar · viṃśatiḥ kṛmijātaya iti yūkā pipīlikāśceti dvividhā bahirmalajāḥ keśādā lomādā lomadvīpāḥ saurasā audumbarā jantumātaraśceti ṣaṭ śoṇitajāḥ antrādā udarāveṣṭā hṛdayādāścuravo darbhapuṣpāḥ saugandhikā mahāgudāśceti sapta kaphajāḥ kakerukā makerukā lelihāḥ saśūlakāḥ sausurādāśceti pañca purīṣajāḥ viṃśatiḥ pramehā ityudakamehaś cekṣubālikārasamehaśca sāndramehaśca sāndraprasādamehaśca śuklamehaśca śukramehaśca śītamehaśca śanairmehaśca sikatāmehaśca lālāmehaśceti daśa śleṣmanimittāḥ kṣāramehaśca kālamehaśca nīlamehaśca lohitamehaśca mañjiṣṭhāmehaśca haridrāmehaśca hastimehaśca madhumehaśceti catvāro vātanimittāḥ iti viṃśatiḥ pramehāḥ viṃśatiryonivyāpada iti vātikī paittikī ślaiṣmikī sānnipātikī ceti catasro doṣajāḥ doṣadūṣyasaṃsargaprakṛtinirdeśairavaśiṣṭāḥ ṣoḍaśa nirdiśyante tadyathā raktayoniścārajaskā cācaraṇā cāticaraṇā ca prākcaraṇā copaplutā ca pariplutā codāvartinī ca karṇinī ca putraghnī cāntarmukhī ca sūcīmukhī ca śuṣkā ca vāminī ca ṣaṇḍhayoniśca mahāyoniśceti viṃśatiryonivyāpado bhavanti saurasā+audumbarā · tadyathā annaṃ vṛttikarāṇāṃ śreṣṭham udakamāśvāsakarāṇāṃ surā śramaharāṇāṃ kṣīraṃ jīvanīyānāṃ māṃsaṃ bṛṃhaṇīyānāṃ rasastarpaṇīyānāṃ lavaṇam annadravyarucikarāṇām amlaṃ hṛdyānāṃ kukkuṭo balyānāṃ nakrareto vṛṣyāṇāṃ madhu śleṣmapittapraśamanānāṃ sarpirvātapittapraśamanānāṃ tailaṃ vātaśleṣmapraśamanānāṃ vamanaṃ śleṣmaharāṇāṃ virecanaṃ pittaharāṇāṃ bastirvātaharāṇāṃ svedo mārdavakarāṇāṃ vyāyāmaḥ sthairyakarāṇāṃ kṣāraḥ puṃstvopaghātināṃ tindukam anannadravyarucikarāṇām āmaṃ kapittham utkaṇṭhyānām āvikaṃ sarpirahṛdyānām ajākṣīraṃ śoṣaghnastanyasātmyaraktasāṃgrāhikaraktapittapraśamanānām avikṣīraṃ śleṣmapittajananānāṃ mahiṣīkṣīraṃ svapnajananānāṃ mandakaṃ dadhyabhiṣyandakarāṇāṃ gavedhukānnaṃ karśanīyānām uddālakānnaṃ virūkṣaṇīyānām ikṣurmūtrajananānāṃ yavāḥ purīṣajananānāṃ jāmbavaṃ vātajananānāṃ śaṣkulyaḥ śleṣmapittajananānāṃ kulatthā amlapittajananānāṃ māṣāḥ śleṣmapittajananānāṃ madanaphalaṃ vamanāsthāpanānuvāsanopayogināṃ trivṛt sukhavirecanānāṃ caturaṅgulo mṛduvirecanānāṃ snukpayas tīkṣṇavirecanānāṃ pratyakpuṣpā śirovirecanānāṃ viḍaṅgaṃ krimighnānāṃ śirīṣo viṣaghnānāṃ khadiraḥ kuṣṭhaghnānāṃ rāsnā vātaharāṇām āmalakaṃ vayaḥsthāpanānāṃ harītakī pathyānām eraṇḍamūlaṃ vṛṣyavātaharāṇāṃ pippalīmūlaṃ dīpanīyapācanīyagudaśothārśaḥśūlaharāṇāṃ puṣkaramūlaṃ hikkāśvāsakāsapārśvaśūlaharāṇāṃ mustaṃ sāṃgrāhikadīpanīyapācanīyānām udīcyaṃ nirvāpaṇadīpanīyapācanīyacchardyatīsāraharāṇāṃ kaṭvaṅgaṃ sāṃgrāhikaraktapittapraśamanānām amṛtā sāṃgrāhikavātaharadīpanīyaśleṣmaśoṇitavibandhapraśamanānāṃ ativiṣā dīpanīyapācanīyasāṃgrāhikasarvadoṣaharāṇām utpalakumudapadmakiñjalkaḥ sāṃgrāhikaraktapittapraśamanānāṃ durālabhā pittaśleṣmapraśamanānāṃ gandhapriyaṅguḥ śoṇitapittātiyogapraśamanānāṃ kuṭajatvak śleṣmapittaraktasāṃgrāhikopaśoṣaṇānāṃ kāśmaryaphalaṃ raktasāṃgrāhikaraktapittapraśamanānāṃ pṛśniparṇī sāṃgrāhikavātaharadīpanīyavṛṣyāṇāṃ vidārigandhā vṛṣyasarvadoṣaharāṇāṃ balā sāṃgrāhikabalyavātaharāṇāṃ gokṣurako mūtrakṛcchrānilaharāṇāṃ hiṅguniryāsaś chedanīyadīpanīyānulomikavātakaphapraśamanānām amlavetaso bhedanīyadīpanīyānulomikavātaśleṣmaharāṇāṃ yāvaśūkaḥ sraṃsanīyapācanīyārśoghnānāṃ takrābhyāso grahaṇīdoṣaśophārśoghṛtavyāpatpraśamanānāṃ kravyānmāṃsarasābhyāso grahaṇīdoṣaśoṣārśoghnānāṃ kṣīraghṛtābhyāso rasāyanānāṃ samaghṛtasaktuprāśābhyāso vṛṣyodāvartaharānāṃ tailagaṇḍūṣābhyāso dantabalarucikarāṇāṃ candanaṃ durgandhaharadāhanirvāpaṇalepanānāṃ rāsnāguruṇī śītāpanayanapralepanānāṃ lāmajjakośīraṃ dāhatvagdoṣasvedāpanayanapralepanānāṃ kuṣṭhaṃ vātaharābhyaṅgopanāhopayogināṃ madhukaṃ cakṣuṣyavṛṣyakeśyakaṇṭhyavarṇyavirajanīyaropaṇīyānāṃ vāyuḥ prāṇasaṃjñāpradānahetūnām agnir āmastambhaśītaśūlodvepanapraśamanānāṃ jalaṃ stambhanīyānāṃ mṛdbhṛṣṭaloṣṭranirvāpitam udakaṃ tṛṣṇāchardyatiyogapraśamanānām atimātrāśanamāmapradoṣahetūnāṃ yathāgnyabhyavahāro 'gnisaṃdhukṣaṇānāṃ yathāsātmyaṃ ceṣṭābhyavahārau sevyānāṃ kālabhojanamārogyakarāṇāṃ tṛptirāhāraguṇānāṃ vegasaṃdhāraṇam anārogyakarāṇāṃ madyaṃ saumanasyajananānām madyākṣepo dhīdhṛtismṛtiharāṇāṃ gurubhojanaṃ durvipākakarāṇām ekāśanabhojanaṃ sukhapariṇāmakarāṇāṃ strīṣvatiprasaṅgaḥ śoṣakarāṇāṃ śukraveganigrahaḥ ṣāṇḍhyakarāṇāṃ parāghātanam annāśraddhājananānām anaśanamāyuṣo hrāsakarāṇāṃ pramitāśanaṃ karśanīyānām ajīrṇādhyaśanaṃ grahaṇīdūṣaṇānāṃ viṣamāśanamagnivaiṣamyakarāṇāṃ viruddhavīryāśanaṃ ninditavyādhikarāṇāṃ praśamaḥ pathyānāṃ āyāsaḥ sarvāpathyānāṃ mithyāyogo vyādhikarāṇāṃ rajasvalābhigamanamalakṣmīmukhānāṃ brahmacaryamāyuṣyāṇāṃ paradārābhigamanamanāyuṣyāṇāṃ saṅkalpo vṛṣyāṇāṃ daurmanasyam avṛṣyāṇām ayathābalamārambhaḥ prāṇoparodhināṃ viṣādo rogavardhanānāṃ snānaṃ śramaharāṇāṃ harṣaḥ prīṇanānāṃ śokaḥ śoṣaṇānāṃ nivṛttiḥ puṣṭikarāṇāṃ puṣṭiḥ svapnakarāṇām atisvapnastandrākarāṇāṃ sarvarasābhyāso balakarāṇām ekarasābhyāso daurbalyakarāṇāṃ garbhaśalyamāhāryāṇām ajīrṇamuddhāryāṇāṃ bālo mṛdubheṣajīyānāṃ vṛddho yāpyānāṃ garbhinī tīkṣṇauṣadhavyavāyavyāyāmavarjanīyānāṃ saumanasyaṃ garbhadhāraṇānāṃ sannipāto duścikitsyānām āmo viṣamacikitsyānāṃ jvaro rogāṇāṃ kuṣṭhaṃ dīrgharogāṇāṃ rājayakṣmā rogasamūhānāṃ prameho 'nuṣaṅgiṇāṃ jalaukaso 'nuśastrāṇāṃ bastistantrāṇāṃ himavānauṣadhibhūmīnāṃ soma oṣadhīnāṃ marubhūmirārogyadeśānām anūpo 'hitadeśānām nirdeśakāritvamāturaguṇānāṃ bhiṣak cikitsāṅgānāṃ nāstiko varjyānāṃ laulyaṃ kleśakarāṇām anirdeśakāritvamariṣṭānāṃ anirvedo vārttalakṣaṇānāṃ vaidyasamūho niḥsaṃśayakarāṇāṃ yogo vaidyaguṇānāṃ vijñānamauṣadhīnāṃ śāstrasahitastarkaḥ sādhanānāṃ sampratipattiḥ kālajñānaprayojanānām avyavasāyaḥ kālātipattihetūnāṃ dṛṣṭakarmatā niḥsaṃśayakarāṇām asamarthatā bhayakarāṇāṃ tadvidyasaṃbhāṣā buddhivardhanānām ācāryaḥ śāstrādhigamahetūnām āyurvedo 'mṛtānāṃ sadvacanamanuṣṭheyānām asadgrahaṇaṃ sarvāhitānāṃ sarvasaṃnyāsaḥ sukhānāmiti kulatthā+amlapitta · tasya yo 'ṃśaḥ śarīrasandhīnāviśati tenāsya jṛmbhāṅgamardo jvaraścopajāyate yastvāmāśayamabhyupaiti tena rogā bhavanti urasyā arocakaśca yaḥ kaṇṭhamabhiprapadyate kaṇṭhastenoddhvaṃsyate svaraścāvasīdati yaḥ prāṇavahāni srotāṃsyanveti tena śvāsaḥ pratiśyāyaśca jāyate yaḥ śirasyavatiṣṭhate śirastenopahanyate tataḥ kṣaṇanāccaivoraso viṣamagatitvācca vāyoḥ kaṇṭhasya coddhvaṃsanāt kāsaḥ satatamasya saṃjāyate sa kāsaprasaṅgādurasi kṣate śoṇitaṃ ṣṭhīvati śoṇitāgamanāccāsya daurbalyamupajāyate evamete sāhasaprabhavāḥ sāhasikamupadravāḥ spṛśanti urasyā+arocakaḥ
d t → t t	consonant / other	15	0.05	svasthavṛttau mataṃ kiṃcittrividhaṃ dravyamucyate kiṃcid+trividham→kiṃcittrividhaṃ · yogavit tvapyarūpajñas tāsāṃ tattvaviducyate vid→yogavit +tu · eko 'pi hyanekāṃ saṃjñāṃ labhate kāryāntarāṇi kurvan tadyathā puruṣo bahūnāṃ karmaṇāṃ karaṇe samartho bhavati sa yadyat karma karoti tasya tasya karmaṇaḥ kartṛkaraṇakāryasamprayuktaṃ tattadgauṇaṃ nāmaviśeṣaṃ prāpnoti tadvadauṣadhadravyamapi draṣṭavyam tad+tad→tattadgauṇaṃ · tatastaṃ puruṣaṃ yathoktābhyāṃ snehasvedābhyāṃ yathārhamupapādayet taṃ cedasminnantare mānasaḥ śārīro vā vyādhiḥ kaścittīvrataraḥ sahasābhyāgacchet tameva tāvadasyopāvartayituṃ yateta tatastamupāvartya tāvantamevainaṃ kālaṃ tathāvidhenaiva karmaṇopācaret kaścid+tīvrataraḥ→kaścittīvrataraḥ
k u → g u	consonant / other	15	0.05	brūyādupacareccāśu prāgupadravadarśanāt prāk+upadrava→prāgupadravadarśanāt · iti ṣaṭ sarvarogāṇāṃ proktāḥ samyagupakramāḥ samyak+upakramāḥ→samyagupakramāḥ · ityevamete ṣaḍrasāḥ pṛthaktvenaikatvena vā mātraśaḥ samyagupayujyamānā upakārāya bhavantyadhyātmalokasya apakārakarāḥ punarato'nyathā bhavantyupayujyamānāḥ tān vidvānupakārārthameva mātraśaḥ samyagupayojayediti samyak+upayujyamānāḥ→samyagupayujyamānā · ityevamete ṣaḍrasāḥ pṛthaktvenaikatvena vā mātraśaḥ samyagupayujyamānā upakārāya bhavantyadhyātmalokasya apakārakarāḥ punarato'nyathā bhavantyupayujyamānāḥ tān vidvānupakārārthameva mātraśaḥ samyagupayojayediti samyak+upayojayet→samyagupayojayediti
n ś → ñch	consonant / other	14	0.05	aśvibhyāṃ bhagavāñchakraḥ pratipede ha kevalam bhagavān+śakraḥ→bhagavāñchakraḥ · ṣaṣṭikāñchālimudgāṃśca saindhavāmalake yavān ṣaṣṭikān+śāli→ṣaṣṭikāñchālimudgāṃśca · lāvān kapiñjalān eṇān urabhrāñcharabhān śaśān urabhrān+śarabhān→urabhrāñcharabhān · pibeyuruttamāṃ mātrāṃ tasyāḥ pāne guṇāñchṛṇu guṇān+śṛṇu→guṇāñchṛṇu
u i → v i	vowel coalescence	14	0.05	aho sādhviti nirghoṣo lokāṃs trīn anvavādayat sādhu+iti→sādhviti · evaṃvādinaṃ bhagavantamātreyamagniveśa uvāca naitāni bhagavan pañca kaṣāyaśatāni pūryante tāni tāni hyevāṅgānyupaplavante teṣu teṣu mahākaṣāyeṣviti mahākaṣāyeṣu+iti→mahākaṣāyeṣviti · jīrṇajvareṣu tu sarveṣveva sarpiṣaḥ pānaṃ praśasyate yathāsvauṣadhasiddhasya sarpirhi snehādvātaṃ śamayati saṃskārāt kaphaṃ śaityātpittamūṣmāṇaṃ ca tasmāj jīrṇajvareṣu sarveṣveva sarpirhitam udakam ivāgnipluṣṭeṣu dravyeṣviti dravyeṣu+iti→dravyeṣviti · mārute hyupaśānte svalpenāpi prayatnena śakyo 'nyo 'pi doṣo niyantuṃ gulmeṣviti gulmeṣu+iti→gulmeṣviti
ḥ ch → ś ch	visarga	14	0.05	ativyāyāmataḥ kāso jvaraśchardiśca jāyate jvaraḥ+chardiḥ→jvaraśchardiśca · ādhmānam aruciśchardir adaurbalyam alāghavam aruciḥ+chardiḥ→aruciśchardir · tatrāgantavaś chedanabhedanakṣaṇanabhañjanapicchanotpeṣaṇaprahāravadhabandhanaveṣṭanavyadhanapīḍanādibhir vā bhallātakapuṣpaphalarasātmaguptāśūkakrimiśūkāhitapatralatāgulmasaṃsparśanair vā svedanaparisarpaṇāvamūtraṇairvā viṣiṇāṃ saviṣaprāṇidaṃṣṭrādantaviṣāṇanakhanipātair vā sāgaraviṣavātahimadahanasaṃsparśanairvā śothāḥ samupajāyante āgantavaḥ→tatrāgantavaś +chedana · kāyasya śirasaścaiva virekaśchardanaṃ bhayam virekaḥ+chardanam→virekaśchardanaṃ
r ś → ḥ ś	consonant / other	14	0.05	antaḥśarīre māṃsāsṛgāviśanti yadā malāḥ antar+śarīre→antaḥśarīre · tanniśamyātreyavacanamanu bhadrakāpyo 'gniveśam uvāca sarvāneva matsyān payasā sahābhyavahared anyatraikasmāc cilicimāt sa punaḥ śakalī lohitanayanaḥ sarvato lohitarājī rohitākāraḥ prāyo bhūmau carati taṃ cet payasā sahābhyavaharenniḥsaṃśayaṃ śoṇitajānāṃ vibandhajānāṃ ca vyādhīnāmanyatamamathavā maraṇaṃ prāpnuyāditi punaḥ+śakalī · gadyokto yaḥ punaḥ ślokairarthaḥ samanugīyate punaḥ+ślokaiḥ · kṣayamapi copagacchati retasi yadi manaḥ strībhyo naivāsya nivartate tasya cātipraṇītasaṅkalpasya maithunamāpadyamānasya na śukraṃ pravartate 'timātropakṣīṇaretastvāt tathāsya vāyurvyāyacchamānaśarīrasyaiva dhamanīranupraviśya śoṇitavāhinīstābhyaḥ śoṇitaṃ pracyāvayati tacchukrakṣayādasya punaḥ śukramārgeṇa śoṇitaṃ pravartate vātānusṛtaliṅgam punaḥ+śukra
r t → s t	consonant / other	13	0.05	jagrāha nikhilenādāv aśvinau tu punas tataḥ punas+tataḥ · tat punastrividhaṃ proktaṃ jaṅgamaudbhidapārthivam punar+trividham→punastrividhaṃ · sahajaṃ yaccharīrasattvayoḥ prākṛtaṃ kālakṛtamṛtuvibhāgajaṃ vayaḥkṛtaṃ ca yuktikṛtaṃ punastadyadāhāraceṣṭāyogajam punar+tad→punastadyadāhāraceṣṭāyogajam · teṣāṃ ṣaṇṇāṃ rasānāṃ yonirudakaṃ chedanopaśamane dve karmaṇī tayor miśrībhāvāt sādhāraṇatvaṃ svādvasvādutā bhaktiḥ hitāhitau prabhāvau pañcamahābhūtavikārās tv āśrayāḥ prakṛtivikṛtivicāradeśakālavaśāḥ teṣvāśrayeṣu dravyasaṃjñakeṣu guṇā gurulaghuśītoṣṇasnigdharūkṣādyāḥ kṣaraṇāt kṣāraḥ nāsau rasaḥ dravyaṃ tadanekarasasamutpannam anekarasaṃ kaṭukalavaṇabhūyiṣṭham anekendriyārthasamanvitaṃ karaṇābhinirvṛttam avyaktībhāvastu khalu rasānāṃ prakṛtau bhavatyanurase 'nurasasamanvite vā dravye aparisaṃkhyeyatvaṃ punas teṣām āśrayādīnāṃ bhāvānāṃ viśeṣāparisaṃkhyeyatvānna yuktam ekaiko 'pi hy eṣām āśrayādīnāṃ bhāvānāṃ viśeṣān āśrayate viśeṣāparisaṃkhyeyatvāt na ca tasmād anyatvam upapadyate parasārasaṃsṛṣṭabhūyiṣṭhatvānna caiṣām abhinirvṛtter guṇaprakṛtīnām aparisaṃkhyeyatvaṃ bhavati tasmānna saṃsṛṣṭānāṃ rasānāṃ karmopadiśanti buddhimantaḥ punas+teṣām
as a → o '	consonant / other	13	0.05	tantrasya kartā prathamam agniveśo yato 'bhavat yato+'bhavat · athainamanuśiṣyāt vivṛtoṣṭhatālukaṇṭho nātimahatā vyāyāmena vegānudīrṇānudīrayan kiṃcid avanamya grīvāmūrdhvaśarīram upavegam apravṛttān pravartayan suparilikhitanakhābhyām aṅgulibhyām utpalakumudasaugandhikanālair vā kaṇṭham abhispṛśan sukhaṃ pravartayasveti sa tathāvidhaṃ kuryāt tato 'sya vegān pratigrahagatānavekṣetāvahitaḥ vegaviśeṣadarśanāddhi kuśalo yogāyogātiyogaviśeṣān upalabheta vegaviśeṣānupalabheta vegaviśeṣadarśī punaḥ kṛtyaṃ yathārhamavabudhyeta lakṣaṇena tasmādvegānavekṣetāvahitaḥ tato+'sya · kṛśaṃ prāyo 'bhidhāvanti rogāśca grahaṇīgatāḥ prāyo+'bhidhāvanti · teṣāṃ guruḥ syānmadhuraḥ kaṭukāmlāv ato 'nyathā ato+'nyathā
s e → Ø e	consonant / other	13	0.05	ata evauṣadhagaṇāt saṃkalpyamanuvāsanam ata+eva · sadya evopaśāmyanti pādābhyaṅganiṣevaṇāt sadya+eva · ata evānumīyate yat svakṛtam aparihāryam avināśi paurvadehikaṃ daivasaṃjñakam ānubandhikaṃ karma tasyaitat phalam itaścānyadbhaviṣyatīti patadbījamanumīyate phalaṃ ca bījāt ata+eva · taṃ madhurāmlalavaṇasnigdhoṣṇairupakramair upakrameta snehasvedāsthāpanānuvāsananastaḥkarmabhojanābhyaṅgotsādanapariṣekādibhir vātaharair mātrāṃ kālaṃ ca pramāṇīkṛtya tatrāsthāpanānuvāsanaṃ tu khalu sarvatropakramebhyo vāte pradhānatamaṃ manyante bhiṣajaḥ taddhyādita eva pakvāśayamanupraviśya kevalaṃ vaikārikaṃ vātamūlaṃ chinatti tatrāvajite'pi vāte śarīrāntargatā vātavikārāḥ praśāntimāpadyante yathā vanaspatermūle chinne skandhaśākhāprarohakusumaphalapalāśādīnāṃ niyato vināśastadvat āditas→taddhyādita +eva
c m → ṅ m	consonant / other	13	0.05	hrīberamabhayaṃ vanyaṃ tvaṅmustaṃ sārivāṃ sthirām tvac+mustam→tvaṅmustaṃ · karma vāṅmanaḥśarīrapravṛttiḥ vāc+manas→vāṅmanaḥśarīrapravṛttiḥ · tatra vāṅmanaḥśarīrātipravṛttiratiyogaḥ sarvaśo'pravṛttirayogaḥ vegadhāraṇodīraṇaviṣamaskhalanapatanāṅgapraṇidhānāṅgapradūṣaṇaprahāramardanaprāṇoparodhasaṃkleśanādiḥ śārīro mithyāyogaḥ sūcakānṛtākālakalahāpriyābaddhānupacāraparuṣavacanādir vāṅmithyāyogaḥ bhayaśokakrodhalobhamohamānerṣyāmithyādarśanādir mānaso mithyāyogaḥ vāc+manas→vāṅmanaḥśarīrātipravṛttiratiyogaḥ · tatra vāṅmanaḥśarīrātipravṛttiratiyogaḥ sarvaśo'pravṛttirayogaḥ vegadhāraṇodīraṇaviṣamaskhalanapatanāṅgapraṇidhānāṅgapradūṣaṇaprahāramardanaprāṇoparodhasaṃkleśanādiḥ śārīro mithyāyogaḥ sūcakānṛtākālakalahāpriyābaddhānupacāraparuṣavacanādir vāṅmithyāyogaḥ bhayaśokakrodhalobhamohamānerṣyāmithyādarśanādir mānaso mithyāyogaḥ vāc+mithyāyogaḥ→vāṅmithyāyogaḥ
as d → o d	consonant / other	13	0.05	niṣkṛṣya rucimādhatte sadyo dantaviśodhanam sadyo+danta · śrute paryavadātatvaṃ bahuśo dṛṣṭakarmatā bahuśo+dṛṣṭakarma · ahitāhāropayogināṃ punaḥ kāraṇato na sadyo doṣavān bhavatyapacāraḥ sadyo+doṣavān · tatra khalvanekaraseṣu dravyeṣvanekadoṣātmakeṣu ca vikāreṣu rasadoṣaprabhāvam ekaikaśyenābhisamīkṣya tato dravyavikārayoḥ prabhāvatattvaṃ vyavasyet tato+dravya
j p → k p	consonant / other	13	0.05	bhiṣak pradhānaṃ pādebhyo yasmādvaidyastu yadguṇaḥ bhiṣak+pradhānaṃ · vāyorvida uvāca bhiṣak pavanam atibalam atiparuṣam atiśīghrakāriṇam ātyayikaṃ cen nānuniśāmyet sahasā prakupitam atiprayataḥ kathamagre'bhirakṣitumabhidhāsyati prāgevainam atyayabhayāt vāyoryathārthā stutir api bhavatyārogyāya balavarṇavivṛddhaye varcasvitvāyopacayāya jñānopapattaye paramāyuḥprakarṣāya ceti bhiṣak+pavanam · tataḥ karma bhiṣak paścājjñānapūrvaṃ samācaret bhiṣak+paścāt · pācanaistān bhiṣak prājñaḥ prāyeṇādāvupācaret bhiṣak+prājñaḥ
r k → ḥ k	consonant / other	13	0.05	ahorātramahaḥ kṛtsnamardhāhaṃ ca pratīkṣate ahar→ahorātramahaḥ +kṛtsnam · athainamanuśiṣyāt vivṛtoṣṭhatālukaṇṭho nātimahatā vyāyāmena vegānudīrṇānudīrayan kiṃcid avanamya grīvāmūrdhvaśarīram upavegam apravṛttān pravartayan suparilikhitanakhābhyām aṅgulibhyām utpalakumudasaugandhikanālair vā kaṇṭham abhispṛśan sukhaṃ pravartayasveti sa tathāvidhaṃ kuryāt tato 'sya vegān pratigrahagatānavekṣetāvahitaḥ vegaviśeṣadarśanāddhi kuśalo yogāyogātiyogaviśeṣān upalabheta vegaviśeṣānupalabheta vegaviśeṣadarśī punaḥ kṛtyaṃ yathārhamavabudhyeta lakṣaṇena tasmādvegānavekṣetāvahitaḥ punaḥ+kṛtyaṃ · āsāṃ hṛnnābhibastijāḥ paripakvāḥ sānnipātikī ca maraṇāya śeṣāḥ punaḥ kuśalam āśupratikāriṇaṃ cikitsakamāsādyopaśāmyanti punaḥ+kuśalam · ahitāhāropayogināṃ punaḥ kāraṇato na sadyo doṣavān bhavatyapacāraḥ punaḥ+kāraṇato
ḥ l → r l	visarga	12	0.04	sāmudreṇa sahaitāni pañca syurlavaṇāni ca syuḥ+lavaṇāni→syurlavaṇāni · kaṣāyamadhuro rūkṣaḥ śītaḥ pāke kaṭur laghuḥ kaṭur+laghuḥ · kaṣāyo viśado rūkṣaḥ śītaḥ pāke kaṭurlaghuḥ kaṭuḥ+laghuḥ→kaṭurlaghuḥ · tatra liṅgam ākṛtirlakṣaṇaṃ cihnaṃ saṃsthānaṃ vyañjanaṃ rūpam ityanarthāntaram ākṛtiḥ+lakṣaṇam→ākṛtirlakṣaṇaṃ
t ṛ → d ṛ	consonant / other	11	0.04	bharadvājo'bravīt tasmādṛṣibhiḥ sa niyojitaḥ tasmāt+ṛṣibhiḥ→tasmādṛṣibhiḥ · mṛddaṇḍacakrasūtrādyāḥ kumbhakārādṛte yathā kumbhakārāt+ṛte→kumbhakārādṛte · nāvahanti guṇaṃ vaidyādṛte pādatrayaṃ tathā vaidyāt+ṛte→vaidyādṛte · tadṛṣayaḥ sarva evānumenire vacanamātreyasya bhagavato'bhinananduś ceti tat+ṛṣayaḥ→tadṛṣayaḥ
ṣ m → ṇ m	consonant / other	11	0.04	viṇmūtracarmareto'sthisnāyuśṛṅganakhāḥ khurāḥ viṣ+mūtra→viṇmūtracarmareto'sthisnāyuśṛṅganakhāḥ · saṅgo viṇmūtravātānāmādhmānaṃ vedanā klamaḥ viṣ+mūtra→viṇmūtravātānāmādhmānaṃ · viṇmūtrasaṃgrahaḥ śūlaṃ jaṅghorutrikasaṃśrayam viṣ+mūtra→viṇmūtrasaṃgrahaḥ · yac cānutsṛjya viṇmūtraṃ bhuṅkte yaś cābubhukṣitaḥ viṣ+mūtram→viṇmūtraṃ
ṣ a → ḍ a	consonant / other	11	0.04	iha khalu saṃvatsaraṃ ṣaḍaṅgam ṛtuvibhāgena vidyāt ṣaṣ+aṅgam→ṣaḍaṅgam · iha khalvaṣṭāvudarāṇi aṣṭau mūtrāghātaḥ aṣṭau kṣīradoṣāḥ aṣṭau retodoṣāḥ sapta kuṣṭhāni sapta piḍakāḥ sapta visarpāḥ ṣaḍatīsārāḥ ṣaḍudāvartāḥ pañca gulmāḥ pañca plīhadoṣāḥ pañca kāsāḥ pañca śvāsāḥ pañca hikkāḥ pañca tṛṣṇāḥ pañca chardayaḥ pañca bhaktasyānaśanasthānāni pañca śirorogāḥ pañca hṛdrogāḥ pañca pāṇḍurogāḥ pañconmādāḥ catvāro 'pasmārāḥ catvāro 'kṣirogāḥ catvāraḥ karṇarogāḥ catvāraḥ pratiśyāyāḥ catvāro mukharogāḥ catvāro grahaṇīdoṣāḥ catvāro madāḥ catvāro mūrcchāyāḥ catvāraḥ śoṣāḥ catvāri klaibyāni trayaḥ śophāḥ trīṇi kilāsāni trividhaṃ lohitapittaṃ dvau jvarau dvau vraṇau dvāvāyāmau dve gṛdhrasyau dve kāmale dvividham āmaṃ dvividhaṃ vātaraktaṃ dvividhānyarśāṃsi eka ūrustambhaḥ ekaḥ saṃnyāsaḥ eko mahāgadaḥ viṃśatiḥ krimijātayaḥ viṃśatiḥ pramehāḥ viṃśatiryonivyāpadaḥ ityaṣṭacatvāriṃśadrogādhikaraṇānyasmin saṃgrahe samuddiṣṭāni ṣaṣ+atīsārāḥ→ṣaḍatīsārāḥ · ṣaḍatīsārā iti vātapittakaphasannipātabhayaśokajāḥ ṣaḍudāvartā iti vātamūtrapurīṣaśukracchardikṣavathujāḥ ṣaṣ+atīsārāḥ→ṣaḍatīsārā · saumyāḥ khalvāpo'ntarikṣaprabhavāḥ prakṛtiśītā laghvyaś cāvyaktarasāśca tāstvantarikṣādbhraśyamānā bhraṣṭāśca pañcamahāguṇasamanvitā jaṅgamasthāvarāṇāṃ bhūtānāṃ mūrtīr abhiprīṇayanti tāsu mūrtiṣu ṣaḍ abhimūrchanti rasāḥ ṣaḍ+abhimūrchanti
ṣ dh → ḍ dh	consonant / other	11	0.04	yuktiḥ ṣaḍdhātusaṃyogādgarbhāṇāṃ saṃbhavastathā ṣaṣ+dhātu→ṣaḍdhātusaṃyogādgarbhāṇāṃ · yuktiścaiṣā ṣaḍdhātusamudayād garbhajanma kartṛkaraṇasaṃyogāt kriyāḥ kṛtasya karmaṇaḥ phalaṃ nākṛtasya nāṅkurotpattir abījāt karmasadṛśaṃ phalaṃ nānyasmād bījādanyasyotpattiḥ iti yuktiḥ ṣaṣ+dhātu→ṣaḍdhātusamudayād · ṣaḍdhātujastu puruṣo rogāḥ ṣaḍdhātujāstathā ṣaṣ+dhātu→ṣaḍdhātujastu · ṣaḍdhātujastu puruṣo rogāḥ ṣaḍdhātujāstathā ṣaṣ+dhātu→ṣaḍdhātujāstathā
d c → c c	consonant / other	11	0.04	na khalu garbhasya na ca māturna piturna cātmanaḥ sarvabhāveṣu yatheṣṭakāritvamasti te kiṃcit svavaśāt kurvanti kiṃcit karmavaśāt kvaciccaiṣāṃ karaṇaśaktirbhavati kvacinna bhavati kvacid+ca→kvaciccaiṣāṃ · tadyathā balavatpuruṣe deśe janma balavatpuruṣe kāle ca sukhaśca kālayogaḥ bījakṣetraguṇasaṃpac ca āhārasaṃpac ca śarīrasaṃpac ca sātmyasaṃpac ca sattvasaṃpac ca svabhāvasaṃsiddhiśca yauvanaṃ ca karma ca saṃharṣaśceti saṃpad→bījakṣetraguṇasaṃpac +ca · tadyathā balavatpuruṣe deśe janma balavatpuruṣe kāle ca sukhaśca kālayogaḥ bījakṣetraguṇasaṃpac ca āhārasaṃpac ca śarīrasaṃpac ca sātmyasaṃpac ca sattvasaṃpac ca svabhāvasaṃsiddhiśca yauvanaṃ ca karma ca saṃharṣaśceti saṃpad→āhārasaṃpac +ca · tadyathā balavatpuruṣe deśe janma balavatpuruṣe kāle ca sukhaśca kālayogaḥ bījakṣetraguṇasaṃpac ca āhārasaṃpac ca śarīrasaṃpac ca sātmyasaṃpac ca sattvasaṃpac ca svabhāvasaṃsiddhiśca yauvanaṃ ca karma ca saṃharṣaśceti saṃpad→śarīrasaṃpac +ca
j s → k s	consonant / other	10	0.04	nāratnapāṇir nāsnāto nopahatavāsā nājapitvā nāhutvā devatābhyo nānirūpya pitṛbhyo nādattvā gurubhyo nātithibhyo nopāśritebhyo nāpuṇyagandho nāmālī nāprakṣālitapāṇipādavadano nāśuddhamukho nodaṅmukho na vimanā nābhaktāśiṣṭāśucikṣudhitaparicaro na pātrīṣvamedhyāsu nādeśe nākāle nākīrṇe nādattvāgramagnaye nāprokṣitaṃ prokṣaṇodakairna mantrair anabhimantritaṃ na kutsayanna kutsitaṃ na pratikūlopahitamannamādadīta na paryuṣitamanyatra māṃsaharitakaśuṣkaśākaphalabhakṣyebhyaḥ nāśeṣabhuk syādanyatra dadhimadhulavaṇasaktusarpirbhyaḥ na naktaṃ dadhi bhuñjīta na saktūn ekān aśnīyānna niśi na bhuktvā na bahūnna dvirnodakāntaritānna chittvā dvijairbhakṣayet bhuj→nāśeṣabhuk +syāt · tābhyāṃ bhiṣak suyuktābhyāṃ cikitsannāparādhyati bhiṣak+su · tasmāt prayatnamātiṣṭhedbhiṣak svaguṇasaṃpadi bhiṣaj→prayatnamātiṣṭhedbhiṣak +sva · maitreya mithyā cintyata ityātreyaḥ kiṃ kāraṇaṃ ye hyāturāḥ ṣoḍaśaguṇasamuditenānena bheṣajenopapadyamānā mriyanta ityuktaṃ tad anupapannaṃ na hi bheṣajasādhyānāṃ vyādhīnāṃ bheṣajamakāraṇaṃ bhavati ye punarāturāḥ kevalādbheṣajādṛte samuttiṣṭhante na teṣāṃ sampūrṇabheṣajopapādanāya samutthānaviśeṣo nāsti yathā hi patitaṃ puruṣaṃ samaratham utthānāyotthāpayan puruṣo balamasyopādadhyāt sa kṣiprataram aparikliṣṭa evottiṣṭhet tadvat sampūrṇabheṣajopalambhādāturāḥ ye cāturāḥ kevalādbheṣajādapi mriyante na ca sarva eva te bheṣajopapannāḥ samuttiṣṭheran nahi sarve vyādhayo bhavantyupāyasādhyāḥ na copāyasādhyānāṃ vyādhīnām anupāyena siddhirasti na cāsādhyānāṃ vyādhīnāṃ bheṣajasamudāyo 'yamasti na hyalaṃ jñānavān bhiṣaṅmumūrṣumāturamutthāpayituṃ parīkṣyakāriṇo hi kuśalā bhavanti yathā hi yogajño 'bhyāsanitya iṣvāso dhanur ādāyeṣumasyannātiviprakṛṣṭe mahati kāye nāparādhavān bhavati sampādayati ceṣṭakāryaṃ tathā bhiṣak svaguṇasampanna upakaraṇavān vīkṣya karmārabhamāṇaḥ sādhyarogamanaparādhaḥ sampādayatyevāturamārogyeṇa tasmānna bheṣajamabheṣajenāviśiṣṭaṃ bhavati bhiṣak+sva
ḥ dh → r dh	visarga	9	0.03	atha te śaraṇaṃ śakraṃ dadṛśurdhyānacakṣuṣā dadṛśuḥ+dhyānacakṣuṣā→dadṛśurdhyānacakṣuṣā · vṛttyupāyānniṣeveta ye syurdharmāvirodhinaḥ syuḥ+dharma→syurdharmāvirodhinaḥ · pravṛttirdhātusāmyārthā cikitsetyabhidhīyate pravṛttiḥ+dhātu→pravṛttirdhātusāmyārthā · evaṃ rasamalau svapramāṇāvasthitāv āśrayasya samadhātor dhātusāmyam anuvartayataḥ dhātoḥ→samadhātor +dhātu
aḥ ayam → o 'yaṃ	visarga	9	0.03	vedasyāsya tadarthaṃ hi vedo 'yaṃ saṃprakāśitaḥ vedo+'yaṃ · kaṣāyaśceti ṣaṭko 'yaṃ rasānāṃ saṃgrahaḥ smṛtaḥ ṣaṭko+'yaṃ · saṃpacceti catuṣko 'yaṃ dravyāṇāṃ guṇa ucyate catuṣko+'yaṃ · śaucaṃ ceti catuṣko 'yaṃ guṇaḥ paricare jane catuṣko+'yaṃ
as y → o y	consonant / other	9	0.03	bhūyaścāto yathādravyaṃ guṇakarmāṇi vakṣyate atas→bhūyaścāto +yathādravyaṃ · yato yāvanti yairdravyairvirecanaśatāni ṣaṭ yato+yāvanti · tasya ye ye 'vayavā yato yataḥ sambhavataḥ sambhavanti tān vibhajya mātṛjādīnavayavān pṛthak pṛthaguktamagre yato+yataḥ · tato yā yā yeṣāṃ yeṣāṃ janapadānāṃ manuṣyāṇāmanurūpaṃ putramāśāsīta sā sā teṣāṃ teṣāṃ janapadānāṃ manuṣyāṇām āhāravihāropacāraparicchadān anuvidhatsveti vācyā syāt tato+yā
ā v → ī v	consonant / other	9	0.03	pipāsāghnī viṣaghnī ca somarājīvipācitā ghnā→pipāsāghnī +viṣa · gatiśca dvividhā dṛṣṭā prākṛtī vaikṛtī ca yā prākṛtī+vaikṛtī · āgantukī vyādhyanuvartinī ca rātrisvabhāvaprabhavā ca nidrā āgantukī+vyādhi · āḍhakī kaphapittaghnī vātalā kaphavātanut ghnā→kaphapittaghnī +vātalā
t gh → d gh	consonant / other	9	0.03	takrasiddhā yavāgūḥ syādghṛtavyāpattināśinī syāt+ghṛta→syādghṛtavyāpattināśinī · īṣatpāṇḍu kaphādduṣṭaṃ picchilaṃ tantumadghanam tantumat+ghanam→tantumadghanam · kalkīkṛtaiśca vipacedghṛtaṃ jīrṇajvarāpaham vipacet+ghṛtam→vipacedghṛtaṃ · pradāya kalkaṃ vipacedghṛtaṃ tat sakṣaudramāśveva nihanti raktam vipacet+ghṛtam→vipacedghṛtaṃ
j a → g a	consonant / other	9	0.03	bhiṣagauṣadhasaṃyogaiścikitsāṃ kartumarhati bhiṣaj+auṣadha→bhiṣagauṣadhasaṃyogaiścikitsāṃ · vijñātā śāsitā yoktā pradhānaṃ bhiṣagatra tu bhiṣaj+atra→bhiṣagatra · sadvṛttairna vigṛhṇīyād bhiṣagalpaśruterapi bhiṣaj+alpa→bhiṣagalpaśruterapi · tasmād vyādhīn bhiṣag anupahatasattvabuddhir hetvādibhir bhāvair yathāvad anubudhyeta bhiṣag+an
e u → a u	vowel coalescence	9	0.03	yantraniṣpīḍitāddravyādrasaḥ svarasa ucyate svarasa+ucyate · dvau rasāv iti śākunteyo brāhmaṇaḥ chedanīya upaśamanīyaśceti chedanīya+upaśamanīyaḥ · sa evaṃguṇo'pyeka evātyartham upayujyamāno dantān harṣayati tarṣayati saṃmīlayatyakṣiṇī saṃvejayati lomāni kaphaṃ vilāpayati pittamabhivardhayati raktaṃ dūṣayati māṃsaṃ vidahati kāyaṃ śithilīkaroti kṣīṇakṣatakṛśadurbalānāṃ śvayathum āpādayati api ca kṣatābhihatadaṣṭadagdhabhagnaśūnapracyutāvamūtritaparisarpitamarditacchinnabhinnaviśliṣṭodviddhotpiṣṭādīni pācayatyāgneyasvabhāvāt paridahati kaṇṭhamuro hṛdayaṃ ca lavaṇo rasaḥ pācanaḥ kledano dīpanaścyāvanaśchedano bhedanas tīkṣṇaḥ saro vikāsy adhaḥsraṃsy avakāśakaro vātaharaḥ stambhabandhasaṃghātavidhamanaḥ sarvarasapratyanīkabhūtaḥ āsyamāsrāvayati kaphaṃ viṣyandayati mārgān viśodhayati sarvaśarīrāvayavān mṛdūkaroti rocayatyāhāram āhārayogī nātyarthaṃ guruḥ snigdha uṣṇaśca snigdha+uṣṇaḥ · bhavantyete manuṣyāṇāṃ vikārā ya udāhṛtāḥ ya+udāhṛtāḥ
c c → k c	consonant / other	9	0.03	tathā śarīramabhyaṅgāddṛḍhaṃ sutvak ca jāyate tvac→sutvak +ca · pañcendriyādhiṣṭhānāni akṣiṇī karṇau nāsike jihvā tvak ceti tvak+ca · tatra śākhā raktādayo dhātavastvak ca sa bāhyo rogamārgaḥ marmāṇi punarvastihṛdayamūrdhādīni asthisandhayo'sthisaṃyogāstatropanibaddhāśca snāyukaṇḍarāḥ sa madhyamo rogamārgaḥ koṣṭhaḥ punarucyate mahāsrotaḥ śarīramadhyaṃ mahānimnamāmapakvāśayaśceti paryāyaśabdaistantre sa rogamārga ābhyantaraḥ tvac→dhātavastvak +ca · tanutvak cātisārī ca pittaśothaḥ sa ucyate tvac→tanutvak +ca
k e → g e	consonant / other	9	0.03	nijānāmitareṣāṃ tu pṛthagevopadekṣyate pṛthak+eva→pṛthagevopadekṣyate · prājñaḥ prāgeva tat kuryāddhitaṃ vidyādyadātmanaḥ prāk+eva→prāgeva · tacchrutvā kāpyavaco bhagavān punarvasurātreya uvāca sarva eva bhavantaḥ samyag āhur anyatraikāntikavacanāt sarva eva khalu vātapittaśleṣmāṇaḥ prakṛtibhūtāḥ puruṣam avyāpannendriyaṃ balavarṇasukhopapannam āyuṣā mahatopapādayanti samyagevācaritā dharmārthakāmā iva niḥśreyasena mahatā puruṣamiha cāmuṣmiṃś ca loke vikṛtāstvenaṃ mahatā viparyayeṇopapādayanti kratavas traya iva vikṛtimāpannā lokamaśubhenopaghātakāla iti samyak+eva→samyagevācaritā · iha khalu rājānaṃ rājamātram anyaṃ vā vipuladravyaṃ vamanaṃ virecanaṃ vā pāyayitukāmena bhiṣajā prāgevauṣadhapānāt saṃbhārā upakalpanīyā bhavanti samyakcaiva hi gacchatyauṣadhe pratibhogārthāḥ vyāpanne cauṣadhe vyāpadaḥ parisaṃkhyāya pratīkārārthā na hi saṃnikṛṣṭe kāle prādurbhūtāyāmāpadi satyapi krayākraye sukaramāśu sambharaṇam auṣadhānāṃ yathāvaditi prāk+eva→prāgevauṣadhapānāt
r c → ś c	consonant / other	9	0.03	tatrāntaḥparimārjanaṃ yadantaḥśarīramanupraviśyauṣadham āhārajātavyādhīn pramārṣṭi yatpunar bahiḥsparśam āśrityābhyaṅgasvedapradehapariṣekonmardanādyair āmayān pramārṣṭi tadbahiḥparimārjanaṃ śastrapraṇidhānaṃ punaś chedanabhedanavyadhanadāraṇalekhanotpāṭanapracchanasīvanaiṣaṇakṣārajalaukasaś ceti punaś+ca · prakṛtibhistābhistābhir bhidyamāno dvividhastrividhaścaturvidhā saptavidho 'ṣṭavidhaśca śotha upalabhyate punaścaika evotsedhasāmānyāt punar+ca→punaścaika · tadyathā kukṣer aprapīḍanam āhāreṇa hṛdayasyānavarodhaḥ pārśvayor avipāṭanam anatigauravam udarasya prīṇanam indriyāṇāṃ kṣutpipāsoparamaḥ sthānāsanaśayanagamanocchvāsapraśvāsahāsyasaṃkathāsu sukhānuvṛttiḥ sāyaṃ prātaścasukhena pariṇamanaṃ balavarṇopacayakaratvaṃ ceti mātrāvato lakṣaṇamāhārasya bhavati prātar+ca→prātaścasukhena · punaś ca dhātubhedena caturviṃśatikaḥ smṛtaḥ punaś+ca
ṣ p → ṭ p	consonant / other	9	0.03	viṭpittakaphavātānām āgatānāṃ yathākramam viṣ+pitta→viṭpittakaphavātānām · ṣaṭ pañcabhūtaprabhavāḥ saṃkhyātāśca yathā rasāḥ ṣaṭ+pañcabhūta · ityete ṣaṭ pramehāḥ pittaprakopanimittā vyākhyātā bhavanti ṣaṭ+pramehāḥ · teṣu ṣaṭ pūrvāṇi marmasaṃkhyātāni ṣaṭ+pūrvāṇi
as g → o g	consonant / other	9	0.03	tasmādacirotthitāṃ vidradhīṃ śastrasarpavidyudagnitulyāṃ snehavirecanairāśvevopakramet sarvaśo gulmavacceti sarvaśo+gulma · vibhāgastu vibhaktiḥ syādviyogo bhāgaśo grahaḥ bhāgaśo+grahaḥ · pūrvaḥ pūrvaguṇaścaiva kramaśo guṇiṣu smṛtaḥ kramaśo+guṇiṣu · na cānyato garbho jāyate jāyamānaḥ nāṅkurotpattirabījāt anyatas→cānyato +garbho
s a → s '	consonant / other	9	0.03	athāto 'ṣṭauninditīyam adhyāyaṃ vyākhyāsyāmaḥ atas+'ṣṭauninditīyam · taṃ vistareṇopadiśanto bhūyastaramato 'nuvyākhyāsyāmaḥ atas+'nuvyākhyāsyāmaḥ · athāto 'tulyagotrīyam adhyāyaṃ vyākhyāsyāmaḥ atas+'tulyagotrīyam · eṣā prakṛtiḥ vikṛtiḥ punarato 'nyathā atas+'nyathā
s ch → ś ch	consonant / other	9	0.03	alasakam upadekṣyāmaḥ durbalasyālpāgner bahuśleṣmaṇo vātamūtrapurīṣavegavidhāriṇaḥ sthiragurubahurūkṣaśītaśuṣkānnasevinas tad annapānam anilaprapīḍitaṃ śleṣmaṇā ca vibaddhamārgam atimātrapralīnam alasatvānna bahirmukhībhavati tataśchardyatīsāravarjyāny āmapradoṣaliṅgāny abhidarśayaty atimātrāṇi tatas+chardi→tataśchardyatīsāravarjyāny · athāhareti brūyāt mūlakasarṣapalaśunakarañjaśigrumadhuśigrukharapuṣpābhūstṛṇasumukhasurasakuṭherakagaṇḍīrakālamālakaparṇāsakṣavakaphaṇijjhakāni sarvāṇyathavā yathālābhaṃ tānyāhṛtānyabhisamīkṣya khaṇḍaśaśchedayitvā prakṣālya pānīyena suprakṣālitāyāṃ sthālyāṃ samāvāpya gomūtreṇārdhodakenābhiṣicya sādhayet satatamavaghaṭṭayan darvyā tamupayuktabhūyiṣṭhe 'mbhasi gataraseṣvauṣadheṣu sthālīmavatārya suparipūtaṃ kaṣāyaṃ sukhoṣṇaṃ madanaphalapippalīviḍaṅgakalkatailopahitaṃ svarjikālavaṇitamabhyāsicya bastau vidhivadāsthāpayedenaṃ tathārkālarkakuṭajāḍhakīkuṣṭhakaiḍaryakaṣāyeṇa vā tathā śigrupīlukustumburukaṭukāsarṣapakaṣāyeṇa tathā āmalakaśṛṅgaveradāruharidrāpicumardakaṣāyeṇa madanaphalādisaṃyogasampāditena trivāraṃ saptarātraṃ vāsthāpayet khaṇḍaśas+chedayitvā→khaṇḍaśaśchedayitvā · yastvabhyavahāryavidhiḥ prakṛtivighātāyoktaḥ krimīṇāmatha tamanuvyākhyāsyāmaḥ mūlakaparṇīṃ samūlāgrapratānāmāhṛtya khaṇḍaśaśchedayitvolūkhale kṣodayitvā pāṇibhyāṃ pīḍayitvā rasaṃ gṛhṇīyāt tena rasena lohitaśālitaṇḍulapiṣṭaṃ samāloḍya pūpalikāṃ kṛtvā vidhūmeṣvaṅgāreṣūpakuḍya viḍaṅgatailalavaṇopahitāṃ krimikoṣṭhāya bhakṣayituṃ prayacchet anantaraṃ cāmlakāñjikamudaśvidvā pippalyādipañcavargasaṃsṛṣṭaṃ salavaṇam anupāyayet khaṇḍaśas+chedayitvā→khaṇḍaśaśchedayitvolūkhale · tadyathā jīvakarṣabhakau jīvantī vīrā tāmalakī kākolī kṣīrakākolī mudgaparṇī māṣaparṇī śālaparṇī pṛśniparṇyasanaparṇī medā mahāmedā karkaṭaśṛṅgī śṛṅgāṭikā chinnaruhā chattrāticchatrā śrāvaṇī mahāśrāvaṇī sahadevā viśvadevā śuklā kṣīraśuklā balātibalā vidārī kṣīravidārī kṣudrasahā mahāsahā ṛṣyagandhāśvagandhā vṛścīraḥ punarnavā bṛhatī kaṇṭakārikorubūko moraṭaḥ śvadaṃṣṭrā saṃharṣā śatāvarī śatapuṣpā madhūkapuṣpī yaṣṭīmadhu madhūlikā mṛdvīkā kharjūraṃ parūṣakamātmaguptā puṣkarabījaṃ kaśerukaṃ rājakaśerukaṃ rājādanaṃ katakaṃ kāśmaryaṃ śītapākyodanapākī tālakharjūramastakamikṣurikṣuvālikā darbhaḥ kuśaḥ kāśaḥ śālir gundretkaṭakaḥ śaramūlaṃ rājakṣavakaḥ ṛṣyaproktā dvāradā bhāradvājī vanatrapuṣyabhīrupattrī haṃsapādī kākanāsikā kuliṅgākṣī kṣīravallī kapolavallī kapotavallī somavallī gopavallī madhuvallī ceti eṣāmevaṃvidhānāmanyeṣāṃ ca madhuravargaparisaṃkhyātānāmauṣadhadravyāṇāṃ chedyāni khaṇḍaśaśchedayitvā bhedyāni cāṇuśo bhedayitvā prakṣālya pānīyena suprakṣālitāyāṃ sthālyāṃ samāvāpya payasārdhodakenābhyāsicya sādhayeddarvyā satatamavaghaṭṭayan tadupayuktabhūyiṣṭhe 'mbhasi gataraseṣvauṣadheṣu payasi cānupadagdhe sthālīmupahṛtya suparipūtaṃ payaḥ sukhoṣṇaṃ ghṛtatailavasāmajjalavaṇaphāṇitopahitaṃ bastiṃ vātavikāriṇe vidhijño vidhivaddadyāt śītaṃ tu madhusarpirbhyāmupasaṃsṛjya pittavikāriṇe vidhivaddadyāt khaṇḍaśas+chedayitvā→khaṇḍaśaśchedayitvā
ḥ ś → Ø ś	visarga	8	0.03	sa śakrabhavanaṃ gatvā surarṣigaṇamadhyagam sa+śakra · kaṣāyo yo 'bhiniryāti sa śītaḥ samudāhṛtaḥ sa+śītaḥ · tasmāt sa śīghraṃ jarayatyāhāraṃ cātikāṅkṣati sa+śīghraṃ · sa prakupito vāyurmahāsroto 'nupraviśya raukṣyāt kaṭhinībhūtam āplutya piṇḍito 'vasthānaṃ karoti hṛdi bastau pārśvayornābhyāṃ vā sa śūlamupajanayati granthīṃścānekavidhān piṇḍitaścāvatiṣṭhate sa piṇḍitatvād gulma ityabhidhīyate sa muhurādhamati muhuralpatvamāpadyate aniyatavipulāṇuvedanaśca bhavati calatvādvāyoḥ muhuḥ pipīlikāsampracāra ivāṅgeṣu todabhedasphuraṇāyāmasaṅkocasuptiharṣapralayodayabahulaḥ tadāturaḥ sūcyeva śaṅkuneva cābhisaṃviddham ātmānaṃ manyate api ca divasānte jvaryate śuṣyati cāsyāsyam ucchvāsaścoparudhyate hṛṣyanti cāsya romāṇi vedanāyāḥ prādurbhāve plīhāṭopāntrakūjanāvipākodāvartāṅgamardamanyāśiraḥśaṅkhaśūlabradhnarogāś cainamupadravanti kṛṣṇāruṇaparuṣatvaṅnakhanayanavadanamūtrapurīṣaśca bhavati nidānoktāni cāsya nopaśerate viparītāni copaśerata iti vātagulmaḥ sa+śūlam
t dh → d dh	consonant / other	8	0.03	provāca vinayāddhīmān ṛṣīṇāṃ vākyam uttamam vinayāt+dhīmān→vinayāddhīmān · na viriktaḥ pibeddhūmaṃ na kṛte bastikarmaṇi pibet+dhūmam→pibeddhūmaṃ · na vegān dhārayeddhīmāñjātān mūtrapurīṣayoḥ dhārayet+dhīmān→dhārayeddhīmāñjātān · tasya hyatimātramedasvino meda evopacīyate na tathetare dhātavaḥ tasmādasyāyuṣo hrāsaḥ śaithilyāt saukumāryādgurutvācca medaso javoparodhaḥ śukrābahutvānmedasāvṛtamārgatvācca kṛcchravyavāyatā daurbalyam asamatvād dhātūnāṃ daurgandhyaṃ medodoṣānmedasaḥ svabhāvāt svedanatvācca medasaḥ śleṣmasaṃsargād viṣyanditvād bahutvād gurutvād vyāyāmāsahatvācca svedābādhaḥ tīkṣṇāgnitvāt prabhūtakoṣṭhavāyutvācca kṣudatimātraṃ pipāsātiyogaśceti tvāt→asamatvād +dhātūnāṃ
as a → hāto a	consonant / other	8	0.03	athāto 'pāmārgataṇḍulīyamadhyāyaṃ vyākhyāsyāmaḥ atas→athāto +apāmārgataṇḍulīyam · athāto 'ṣṭodarīyamadhyāyaṃ vyākhyāsyāmaḥ atas→athāto +aṣṭodarīyam · athāto 'ṣṭauninditīyam adhyāyaṃ vyākhyāsyāmaḥ atas→athāto +'ṣṭauninditīyam · athāto 'pasmāranidānaṃ vyākhyāsyāmaḥ atas→athāto +'pasmāranidānaṃ
c s → k s	consonant / other	8	0.03	śaileyamelāguruṇī sakuṣṭhe caṇḍā nataṃ tvak suradāru rāsnā tvak+suradāru · bāhyā tvaksnāyumāṃsotthā kaṇḍarābhā mahārujā tvac+snāyu→tvaksnāyumāṃsotthā · tatra cet praṣṭāraḥ syuḥ caturṇām ṛksāmayajuratharvavedānāṃ kaṃ vedamupadiśantyāyurvedavidaḥ kimāyuḥ kasmādāyurvedaḥ kimartham āyurvedaḥ śāśvato'śāśvato vā kati kāni cāsyāṅgāni kaiścāyam adhyetavyaḥ kimarthaṃ ca iti ṛc+sāma→ṛksāmayajuratharvavedānāṃ · tatra bhiṣajā pṛṣṭenaivaṃ caturṇām ṛksāmayajuratharvavedānām ātmano 'tharvavede bhaktirādeśyā vedo hyātharvaṇo dānasvastyayanabalimaṅgalahomaniyamaprāyaścittopavāsamantrādiparigrahāccikitsāṃ prāha cikitsā cāyuṣo hitāyopadiśyate ṛc+sāma→ṛksāmayajuratharvavedānām
dh p → t p	consonant / other	8	0.03	nodgārasya na jṛmbhāyā na vegān kṣutpipāsayoḥ kṣudh+pipāsayoḥ→kṣutpipāsayoḥ · prabhūtasnehanityā ye kṣutpipāsāsahā narāḥ kṣudh+pipāsā→kṣutpipāsāsahā · vyāyāmamatisauhityaṃ kṣutpipāsāmayauṣadham kṣudh+pipāsā→kṣutpipāsāmayauṣadham · kṣutpipāsātapasahaḥ śītavyāyāmasaṃsahaḥ kṣudh+pipāsā→kṣutpipāsātapasahaḥ
j ā → g ā	consonant / other	8	0.03	caturṇāṃ bhiṣagādīnāṃ śastānāṃ dhātuvaikṛte bhiṣaj+ādīnām→bhiṣagādīnāṃ · daśavidhaṃ tu parīkṣyaṃ kāraṇādi yaduktamagre tadiha bhiṣagādiṣu saṃsārya saṃdarśayiṣyāmaḥ iha kāryaprāptau kāraṇaṃ bhiṣak karaṇaṃ punarbheṣajaṃ kāryayonirdhātuvaiṣamyaṃ kāryaṃ dhātusāmyaṃ kāryaphalaṃ sukhāvāptiḥ anubandhaḥ khalvāyuḥ deśo bhūmirāturaśca kālaḥ punaḥ saṃvatsaraścāturāvasthā ca pravṛttiḥ pratikarmasamārambhaḥ upāyastu bhiṣagādīnāṃ sauṣṭhavamabhividhānaṃ ca samyak bhiṣaj+ādiṣu→bhiṣagādiṣu · daśavidhaṃ tu parīkṣyaṃ kāraṇādi yaduktamagre tadiha bhiṣagādiṣu saṃsārya saṃdarśayiṣyāmaḥ iha kāryaprāptau kāraṇaṃ bhiṣak karaṇaṃ punarbheṣajaṃ kāryayonirdhātuvaiṣamyaṃ kāryaṃ dhātusāmyaṃ kāryaphalaṃ sukhāvāptiḥ anubandhaḥ khalvāyuḥ deśo bhūmirāturaśca kālaḥ punaḥ saṃvatsaraścāturāvasthā ca pravṛttiḥ pratikarmasamārambhaḥ upāyastu bhiṣagādīnāṃ sauṣṭhavamabhividhānaṃ ca samyak bhiṣaj+ādīnām→bhiṣagādīnāṃ · iti kāraṇādīni daśa daśasu bhiṣagādiṣu saṃsārya saṃdarśitāni tathaivānupūrvyaitaddaśavidhaṃ parīkṣyamuktaṃ ca bhiṣaj+ādiṣu→bhiṣagādiṣu
t ū → d ū	consonant / other	8	0.03	vyāyāmād ūṣmaṇas taikṣṇyāddhitasyānavacāraṇāt vyāyāmād+ūṣmaṇas · sa yadā prakupitaḥ praviśyāmāśayam ūṣmaṇā saha miśrībhūyād yam āhārapariṇāmadhātuṃ rasanāmānam anvavetya rasasvedavahāni srotāṃsi pidhāyāgnim upahatya paktisthānād ūṣmāṇaṃ bahirnirasya kevalaṃ śarīramanuprapadyate tadā jvaramabhinirvartayati sthānāt→paktisthānād +ūṣmāṇaṃ · tadyadā prakupitam āmāśayād ūṣmāṇam upasṛjyādyamāhārapariṇāmadhātuṃ rasanāmānam anvavetya rasasvedavahāni srotāṃsi pidhāya dravatvād agnim upahatya paktisthānād ūṣmāṇaṃ bahirnirasya prapīḍayat kevalaṃ śarīram anuprapadyate tadā jvaram abhinirvartayati āmāśayād+ūṣmāṇam · tadyadā prakupitam āmāśayād ūṣmāṇam upasṛjyādyamāhārapariṇāmadhātuṃ rasanāmānam anvavetya rasasvedavahāni srotāṃsi pidhāya dravatvād agnim upahatya paktisthānād ūṣmāṇaṃ bahirnirasya prapīḍayat kevalaṃ śarīram anuprapadyate tadā jvaram abhinirvartayati sthānāt→paktisthānād +ūṣmāṇaṃ
au a → āv a	vowel coalescence	7	0.03	jagrāha nikhilenādāv aśvinau tu punas tataḥ ādau→nikhilenādāv +aśvinau · teṣāṃ guruḥ syānmadhuraḥ kaṭukāmlāv ato 'nyathā amlau→kaṭukāmlāv +ato · yonāv ajāvike miśragocaratvādaniścite yonāv+ajāvike · doṣā malānāṃ kurvanti saṅgotsargāv atīva ca utsargau→saṅgotsargāv +atīva
ṣ v → ḍ v	consonant / other	7	0.03	śodhanārthāśca ṣaḍ vṛkṣāḥ punarvasunidarśitāḥ ṣaḍ+vṛkṣāḥ · iha khalu ṣaḍ virecanaśatāni bhavanti ṣaḍ virecanāśrayāḥ pañca kaṣāyayonayaḥ pañcavidhaṃ kaṣāyakalpanaṃ pañcāśanmahākaṣāyāḥ pañca kaṣāyaśatāni iti saṃgrahaḥ ṣaḍ+virecana · ṣaḍ virecanaśatāni iti yaduktaṃ tadiha saṃgraheṇodāhṛtya vistareṇa kalpopaniṣadi vyākhyāsyāmaḥ tatra trayastriṃśadyogaśataṃ praṇītaṃ phaleṣu ekonacatvāriṃśajjīmūtakeṣu yogāḥ pañcacatvāriṃśadikṣvākuṣu dhāmārgavaḥ ṣaṣṭidhā bhavati yogayuktaḥ kuṭajastvaṣṭādaśadhā yogameti kṛtavedhanaṃ ṣaṣṭidhā bhavati yogayuktaṃ śyāmātrivṛdyogaśataṃ praṇītaṃ daśāpare cātra bhavanti yogāḥ caturaṅgulo dvādaśadhā yogameti lodhraṃ vidhau ṣoḍaśayogayuktaṃ mahāvṛkṣo bhavati viṃśatiyogayuktaḥ ekonacatvāriṃśat saptalāśaṅkhinyoryogāḥ aṣṭacatvāriṃśaddantīdravantyoḥ iti ṣaḍvirecanaśatāni ṣaṣ+virecana→ṣaḍvirecanaśatāni · ṣaḍ virecanāśrayā iti kṣīramūlatvakpatrapuṣpaphalānīti ṣaḍ+virecana
i ū → y ū	vowel coalescence	7	0.03	uktāni lavaṇānyūrdhvaṃ mūtrāṇyaṣṭau nibodha me lavaṇāni+ūrdhvam→lavaṇānyūrdhvaṃ · tathā vātakaphātmāno na bhavantyūrdhvajatrujāḥ bhavanti+ūrdhva→bhavantyūrdhvajatrujāḥ · na cāsya rogāḥ sahasā prabhavantyūrdhvajatrujāḥ prabhavanti+ūrdhva→prabhavantyūrdhvajatrujāḥ · sa tatrāvasthitaḥ śleṣmāṇamuraḥsthamupasaṃgṛhya pittaṃ ca dūṣayan viharatyūrdhvam adhastiryak ca viharati+ūrdhvam→viharatyūrdhvam
j v → g v	consonant / other	7	0.03	saṃyogaṃ ca prayogaṃ ca yo veda sa bhiṣagvaraḥ bhiṣaj+varaḥ→bhiṣagvaraḥ · tacchrutvā vāyorvidavaco marīciruvāca yadyapyevam etat kimarthasyāsya vacane vijñāne vā sāmarthyamasti bhiṣagvidyāyāṃ bhiṣagvidyām adhikṛtyeyaṃ kathā pravṛtteti bhiṣaj+vidyāyām→bhiṣagvidyāyāṃ · tacchrutvā vāyorvidavaco marīciruvāca yadyapyevam etat kimarthasyāsya vacane vijñāne vā sāmarthyamasti bhiṣagvidyāyāṃ bhiṣagvidyām adhikṛtyeyaṃ kathā pravṛtteti bhiṣaj+vidyām→bhiṣagvidyām · na hy amānajño doṣādīnāṃ bhiṣag vyādhinigrahasamartho bhavati bhiṣag+vyādhi
āt s → ataḥ s	consonant / other	7	0.03	svasthavṛttimabhipretya guṇataḥ sampravakṣyate guṇataḥ+sampravakṣyate · ato bhūyaḥ karmauṣadhānāṃ ca prādhānyataḥ sānubandhāni dravyāṇyanuvyākhyāsyāmaḥ prādhānyataḥ+sa · yāni khalvasya garbhasya sātmyajāni yāni cāsya sātmyataḥ sambhavataḥ sambhavanti tānyanuvyākhyāsyāmaḥ tad yathārogyam anālasyam alolupatvam indriyaprasādaḥ svaravarṇabījasaṃpat praharṣabhūyastvaṃ ceti sātmyataḥ+sambhavataḥ · yāni tu khalvasya garbhasya rasajāni yāni cāsya rasataḥ sambhavataḥ sambhavanti tānyanuvyākhyāsyāmaḥ tad yathā śarīrasyābhinirvṛttirabhivṛddhiḥ prāṇānubandhastṛptiḥ puṣṭirutsāhaśceti rasataḥ+sambhavataḥ
j m → ṅ m	consonant / other	7	0.03	bhiṣaṅmānī nihantyāśu śatānyaniyatāyuṣām bhiṣaj+mānī→bhiṣaṅmānī · maitreya mithyā cintyata ityātreyaḥ kiṃ kāraṇaṃ ye hyāturāḥ ṣoḍaśaguṇasamuditenānena bheṣajenopapadyamānā mriyanta ityuktaṃ tad anupapannaṃ na hi bheṣajasādhyānāṃ vyādhīnāṃ bheṣajamakāraṇaṃ bhavati ye punarāturāḥ kevalādbheṣajādṛte samuttiṣṭhante na teṣāṃ sampūrṇabheṣajopapādanāya samutthānaviśeṣo nāsti yathā hi patitaṃ puruṣaṃ samaratham utthānāyotthāpayan puruṣo balamasyopādadhyāt sa kṣiprataram aparikliṣṭa evottiṣṭhet tadvat sampūrṇabheṣajopalambhādāturāḥ ye cāturāḥ kevalādbheṣajādapi mriyante na ca sarva eva te bheṣajopapannāḥ samuttiṣṭheran nahi sarve vyādhayo bhavantyupāyasādhyāḥ na copāyasādhyānāṃ vyādhīnām anupāyena siddhirasti na cāsādhyānāṃ vyādhīnāṃ bheṣajasamudāyo 'yamasti na hyalaṃ jñānavān bhiṣaṅmumūrṣumāturamutthāpayituṃ parīkṣyakāriṇo hi kuśalā bhavanti yathā hi yogajño 'bhyāsanitya iṣvāso dhanur ādāyeṣumasyannātiviprakṛṣṭe mahati kāye nāparādhavān bhavati sampādayati ceṣṭakāryaṃ tathā bhiṣak svaguṇasampanna upakaraṇavān vīkṣya karmārabhamāṇaḥ sādhyarogamanaparādhaḥ sampādayatyevāturamārogyeṇa tasmānna bheṣajamabheṣajenāviśiṣṭaṃ bhavati bhiṣaj+mumūrṣum→bhiṣaṅmumūrṣumāturamutthāpayituṃ · kathaṃ nu śarīramātradarśanādeva bhiṣaṅmuhyed ayam upacitatvād balavān ayamalpabalaḥ kṛśatvāt mahābalo 'yaṃ mahāśarīratvāt ayamalpaśarīratvādalpabala iti dṛśyante hyalpaśarīrāḥ kṛśāścaike balavantaḥ tatra pipīlikābhāraharaṇavat siddhiḥ bhiṣaj+muhyet→bhiṣaṅmuhyed · vakṣyāmo yad abhijñāya bhiṣaṅmaraṇamādiśet bhiṣaj+maraṇam→bhiṣaṅmaraṇamādiśet
i p → ī p	consonant / other	7	0.03	śleṣmavikārāṃśca viṃśatimata ūrdhvaṃ vyākhyāsyāmaḥ tadyathātṛptiśca tandrā ca nidrādhikyaṃ ca staimityaṃ ca gurugātratā ca ālasyaṃ ca mukhamādhuryaṃ ca mukhasrāvaśca śleṣmodgiraṇaṃ ca malasyādhikyaṃ ca balāsakaśca apaktiśca hṛdayopalepaśca kaṇṭhopalepaśca dhamanīpraticayaśca galagaṇḍaśca atisthaulyaṃ ca śītāgnitā ca udardaśca śvetāvabhāsatā ca śvetamūtranetravarcastvaṃ ca iti viṃśatiḥ śleṣmavikārāḥ śleṣmavikārāṇām aparisaṃkhyeyānāmāviṣkṛtatamā vyākhyātā bhavanti dhamani+praticayaḥ→dhamanīpraticayaśca · tasyemāni liṅgāni bhavanti tadyathā viṣamārambhavisargitvam ūṣmaṇo vaiṣamyaṃ tīvratanubhāvānavasthānāni jvarasya jaraṇānte divasānte niśānte gharmānte vā jvarasyābhyāgamanam abhivṛddhir vā viśeṣeṇa paruṣāruṇavarṇatvaṃ nakhanayanavadanamūtrapurīṣatvacām atyarthaṃ kﾱptībhāvaśca anekavidhopamāś calācalāśca vedanāsteṣāṃ teṣām aṅgāvayavānāṃ tadyathā pādayoḥ suptatā piṇḍikayor udveṣṭanaṃ jānunoḥ kevalānāṃ ca sandhīnāṃ viśleṣaṇam ūrvoḥ sādaḥ kaṭīpārśvapṛṣṭhaskandhabāhvaṃsorasāṃ ca bhagnarugṇamṛditamathitacaṭitāvapāṭitāvanunnatvam iva hanvoścāprasiddhiḥ svanaśca karṇayoḥ śaṅkhayornistodaḥ kaṣāyāsyatā āsyavairasyaṃ vā mukhatālukaṇṭhaśoṣaḥ pipāsā hṛdayagrahaḥ śuṣkacchardiḥ śuṣkakāsaḥ kṣavathūdgāravinigrahaḥ annarasakhedaḥ prasekārocakāvipākāḥ viṣādajṛmbhāvināmavepathuśramabhramapralāpaprajāgararomaharṣadantaharṣāḥ uṣṇābhiprāyatā nidānoktānām anupaśayo viparītopaśayaśceti vātajvarasya liṅgāni bhavanti kaṭi+pārśva→kaṭīpārśvapṛṣṭhaskandhabāhvaṃsorasāṃ · pratyakṣatastu khalu rogatattvaṃ bubhutsuḥ sarvairindriyaiḥ sarvānindriyārthān āturaśarīragatān parīkṣeta anyatra rasajñānāt tadyathā antrakūjanaṃ sandhisphuṭanam aṅgulīparvaṇāṃ ca svaraviśeṣāṃśca ye cānye'pi keciccharīropagatāḥ śabdāḥ syustāñchrotreṇa parīkṣeta varṇasaṃsthānapramāṇacchāyāḥ śarīraprakṛtivikārau cakṣurvaiṣayikāṇi yāni cānyānyanuktāni tāni cakṣuṣā parīkṣeta rasaṃ tu khalvāturaśarīragatam indriyavaiṣayikam apyanumānād avagacchet na hyasya pratyakṣeṇa grahaṇam upapadyate tasmādāturaparipraśnenaivāturamukharasaṃ vidyāt yūkāpasarpaṇena tvasya śarīravairasyaṃ makṣikopasarpaṇena śarīramādhuryaṃ lohitapittasaṃdehe tu kiṃ dhārilohitaṃ lohitapittaṃ veti śvakākabhakṣaṇāddhārilohitam abhakṣaṇāllohitapittam ityanumātavyam evam anyān apyāturaśarīragatān rasānanumimīta gandhāṃstu khalu sarvaśarīragatānāturasya prakṛtivaikārikān ghrāṇena parīkṣeta sparśaṃ ca pāṇinā prakṛtivikṛtiyuktam aṅguli+parvaṇām→aṅgulīparvaṇāṃ · tatra lokadoṣadarśino mumukṣorādita evācāryābhigamanaṃ tasyopadeśānuṣṭhānam agnerevopacaryā dharmaśāstrānugamanaṃ tadārthāvabodhaḥ tenāvaṣṭambhaḥ tatra yathoktāḥ kriyāḥ satāmupāsanam asatāṃ parivarjanam asaṃgatirjanena satyaṃ sarvabhūtahitam aparuṣam anatikāle parīkṣya vacanaṃ sarvaprāṇiṣu cātmanīvāvekṣā sarvāsām asmaraṇam asaṃkalpanam aprārthanam anabhibhāṣaṇaṃ ca strīṇāṃ sarvaparigrahatyāgaḥ kaupīnaṃ pracchādanārthaṃ dhāturāganivasanaṃ kanthāsīvanahetoḥ sūcīpippalakaṃ śaucādhānahetorjalakuṇḍikā daṇḍadhāraṇaṃ bhaikṣacaryārthaṃ pātraṃ prāṇadhāraṇārthamekakālamagrāmyo yathopapanno 'bhyavahāraḥ śramāpanayanārthaṃ śīrṇaśuṣkaparṇatṛṇāstaraṇopadhānaṃ dhyānahetoḥ kāyanibandhanaṃ vaneṣvaniketavāsaḥ tandrānidrālasyādikarmavarjanaṃ indriyārtheṣvanurāgopatāpanigrahaḥ suptasthitagataprekṣitāhāravihārapratyaṅgaceṣṭādikeṣvārambheṣu smṛtipūrvikā pravṛttiḥ satkārastutigarhāvamānakṣamatvaṃ kṣutpipāsāyāsaśramaśītoṣṇavātavarṣāsukhaduḥkhasaṃsparśasahatvaṃ śokadainyamānodvegamadalobharāgerṣyābhayakrodhādibhir asaṃcalanam ahaṅkārādiṣūpasargasaṃjñā lokapuruṣayoḥ sargādisāmānyāvekṣaṇaṃ kāryakālātyayabhayaṃ yogārambhe satatamanirvedaḥ sattvotsāhaḥ apavargāya dhīdhṛtismṛtibalādhānaṃ niyamanamindriyāṇāṃ cetasi cetasa ātmani ātmanaśca dhātubhedena śarīrāvayavasaṃkhyānamabhīkṣṇaṃ sarvaṃ kāraṇavadduḥkhamasvamanityamityabhyupagamaḥ sarvapravṛttiṣvaghasaṃjñā sarvasaṃnyāse sukhamityabhiniveśaḥ eṣa mārgo 'pavargāya ato 'nyathā badhyate ityudayanāni vyākhyātāni sūci+pippalakam→sūcīpippalakaṃ
a v → ab	consonant / other	7	0.03	snānamutsādanaṃ svapno madhurāḥ snehabastayaḥ sneha+vastayaḥ→snehabastayaḥ · trayāṇāmeṣāṃ nidānādiviśeṣāṇāṃ sannipāte kṣipraṃ śleṣmā prakopamāpadyate prāg atibhūyastvāt sa prakupitaḥ kṣiprameva śarīre visṛptiṃ labhate śarīraśaithilyāt sa visarpañ śarīre medasaivādito miśrībhāvaṃ gacchati medasaścaiva bahvabaddhatvān medasaś ca guṇaiḥ samānaguṇabhūyiṣṭhatvāt sa medasā miśrībhavan dūṣayatyenat vikṛtatvāt sa vikṛto duṣṭena medasopahitaḥ śarīrakledamāṃsābhyāṃ saṃsargaṃ gacchati kledamāṃsayor atipramāṇābhivṛddhatvāt sa māṃse māṃsapradoṣāt pūtimāṃsapiḍakāḥ śarāvikākacchapikādyāḥ saṃjanayati aprakṛtibhūtatvāt śarīrakledaṃ punardūṣayan mūtratvena pariṇamayati mūtravahānāṃ ca srotasāṃ vaṅkṣaṇabastiprabhavāṇāṃ medaḥkledopahitāni gurūṇi mukhānyāsādya pratirudhyate tataḥ pramehāṃsteṣāṃ sthairyamasādhyatāṃ vā janayati prakṛtivikṛtibhūtatvāt vaṅkṣaṇa+vasti→vaṅkṣaṇabastiprabhavāṇāṃ · peyāṃ vā raktaśālīnāṃ pārśvabastiśiroruji pārśva+vasti→pārśvabastiśiroruji · siddhaḥ sneho jvaraharaḥ snehabastiḥ praśasyate sneha+vastiḥ→snehabastiḥ
aḥ gh → o gh	visarga	7	0.03	tatra madhuro rasaḥ śarīrasātmyād rasarudhiramāṃsamedo'sthimajjaujaḥśukrābhivardhana āyuṣyaḥ ṣaḍindriyaprasādano balavarṇakaraḥ pittaviṣamārutaghnas tṛṣṇādāhapraśamanas tvacyaḥ keśyaḥ kaṇṭhyo balyaḥ prīṇano jīvanastarpaṇo bṛṃhaṇaḥ sthairyakaraḥ kṣīṇakṣatasaṃdhānakaro ghrāṇamukhakaṇṭhauṣṭhajihvāprahlādano dāhamūrchāpraśamanaḥ ṣaṭpadapipīlikānām iṣṭatamaḥ snigdhaḥ śīto guruśca karaḥ→kṣīṇakṣatasaṃdhānakaro +ghrāṇa · tatrāsyākāśātmakaṃ śabdaḥ śrotraṃ lāghavaṃ saukṣmyaṃ vivekaśca vāyvātmakaṃ sparśaḥ sparśanaṃ raukṣyaṃ preraṇaṃ dhātuvyūhanaṃ ceṣṭāśca śārīryaḥ agnyātmakaṃ rūpaṃ darśanaṃ prakāśaḥ paktirauṣṇyaṃ ca abātmakaṃ raso rasanaṃ śaityaṃ mārdavaṃ snehaḥ kledaśca pṛthivyātmakaṃ gandho ghrāṇaṃ gauravaṃ sthairyaṃ mūrtiśceti gandho+ghrāṇaṃ · yatra tvevaṃlakṣaṇena sāmānyena sāmānyavatām āhāravikārāṇām asānnidhyaṃ syāt saṃnihitānāṃ vāpy ayuktatvān nopayogo ghṛṇitvād anyasmādvā kāraṇāt sa ca dhāturabhivardhayitavyaḥ syāt tasya ye samānaguṇāḥ syurāhāravikārā asevyāśca tatra samānaguṇabhūyiṣṭhānām anyaprakṛtīnām apyāhāravikārāṇām upayogaḥ syāt upayogaḥ→nopayogo +ghṛṇitvād · tatra yad viśeṣataḥ sthūlaṃ sthiraṃ mūrtimadgurukharakaṭhinam aṅgaṃ nakhāsthidantamāṃsacarmavarcaḥkeśaśmaśrulomakaṇḍarādi tat pārthivaṃ gandho ghrāṇaṃ ca yad dravasaramandasnigdhamṛdupicchilaṃ rasarudhiravasākaphapittamūtrasvedādi tadāpyaṃ raso rasanaṃ ca yat pittam ūṣmā ca yo yā ca bhāḥ śarīre tat sarvamāgneyaṃ rūpaṃ darśanaṃ ca yad ucchvāsapraśvāsonmeṣanimeṣākuñcanaprasāraṇagamanapreraṇadhāraṇādi tad vāyavīyaṃ sparśaḥ sparśanaṃ ca yadviviktaṃ yaducyate mahānti cāṇūni srotāṃsi tadāntarīkṣaṃ śabdaḥ śrotraṃ ca yat prayoktṛ tat pradhānaṃ buddhirmanaśca gandho+ghrāṇaṃ
as n → o n	consonant / other	7	0.03	ahitāhāropayogināṃ punaḥ kāraṇato na sadyo doṣavān bhavatyapacāraḥ kāraṇato+na · evamevopaśamanaṃ sarvaśo nāsya vidyate sarvaśo+na · pratyāgate ca paścime bastau pratyāśvastaṃ tadaharevobhayatobhāgaharaṃ saṃśodhanaṃ pāyayedyuktyā tasya vidhir upadekṣyate madanaphalapippalīkaṣāyasyārdhāñjalimātreṇa trivṛtkalkākṣamātramāloḍya pātum asmai prayacchet tadasya doṣamubhayato nirharati sādhu evameva kalpoktāni vamanavirecanāni pratisaṃsṛjya pāyayedenaṃ buddhyā sarvaviśeṣānavekṣamāṇo bhiṣak ubhayatas→doṣamubhayato +nirharati · atyugraśabdaśravaṇācchravaṇāt sarvaśo na ca sarvaśo+na
d ś → cch	consonant / other	7	0.03	kṣayamapi copagacchati retasi yadi manaḥ strībhyo naivāsya nivartate tasya cātipraṇītasaṅkalpasya maithunamāpadyamānasya na śukraṃ pravartate 'timātropakṣīṇaretastvāt tathāsya vāyurvyāyacchamānaśarīrasyaiva dhamanīranupraviśya śoṇitavāhinīstābhyaḥ śoṇitaṃ pracyāvayati tacchukrakṣayādasya punaḥ śukramārgeṇa śoṇitaṃ pravartate vātānusṛtaliṅgam tad+śukra→tacchukrakṣayādasya · tadyathā kaṭutiktakaṣāyā vātaṃ janayanti madhurāmlalavaṇas tv enaṃ śamayanti kaṭvamlalavaṇāḥ pittaṃ janayanti madhuratiktakaṣāyās tv enacchamayanti madhurāmlalavaṇāḥ śleṣmāṇaṃ janayanti kaṭutiktakaṣāyāstvenaṃ śamayanti enad+śamayanti→enacchamayanti · pratyakṣatastu khalu rogatattvaṃ bubhutsuḥ sarvairindriyaiḥ sarvānindriyārthān āturaśarīragatān parīkṣeta anyatra rasajñānāt tadyathā antrakūjanaṃ sandhisphuṭanam aṅgulīparvaṇāṃ ca svaraviśeṣāṃśca ye cānye'pi keciccharīropagatāḥ śabdāḥ syustāñchrotreṇa parīkṣeta varṇasaṃsthānapramāṇacchāyāḥ śarīraprakṛtivikārau cakṣurvaiṣayikāṇi yāni cānyānyanuktāni tāni cakṣuṣā parīkṣeta rasaṃ tu khalvāturaśarīragatam indriyavaiṣayikam apyanumānād avagacchet na hyasya pratyakṣeṇa grahaṇam upapadyate tasmādāturaparipraśnenaivāturamukharasaṃ vidyāt yūkāpasarpaṇena tvasya śarīravairasyaṃ makṣikopasarpaṇena śarīramādhuryaṃ lohitapittasaṃdehe tu kiṃ dhārilohitaṃ lohitapittaṃ veti śvakākabhakṣaṇāddhārilohitam abhakṣaṇāllohitapittam ityanumātavyam evam anyān apyāturaśarīragatān rasānanumimīta gandhāṃstu khalu sarvaśarīragatānāturasya prakṛtivaikārikān ghrāṇena parīkṣeta sparśaṃ ca pāṇinā prakṛtivikṛtiyuktam kecid+śarīra→keciccharīropagatāḥ · prakṛtivighātastveṣāṃ kaṭutiktakaṣāyakṣāroṣṇānāṃ dravyāṇāmupayogaḥ yaccānyadapi kiṃcicchleṣmapurīṣapratyanīkabhūtaṃ tat syāt iti prakṛtivighātaḥ kiṃcid+śleṣma→kiṃcicchleṣmapurīṣapratyanīkabhūtaṃ
n a → nn a	consonant / other	7	0.03	yathopadeśaṃ ca kurvannadhyāpyaḥ ato 'nyathā tvanadhyāpyaḥ kurvan+adhyāpyaḥ→kurvannadhyāpyaḥ · adhikaraṇasiddhānto nāma sa yasminnadhikaraṇe prastūyamāne siddhānyanyānyapyadhikaraṇāni bhavanti yathā na muktaḥ karmānubandhikaṃ kurute nispṛhatvāt iti prastute siddhāḥ karmaphalamokṣapuruṣapretyabhāvā bhavanti yasmin+adhikaraṇe→yasminnadhikaraṇe · asti khalu sattvamaupapādukaṃ yajjīvaṃ spṛkśarīreṇābhisaṃbadhnāti yasminnapagamanapuraskṛte śīlamasya vyāvartate bhaktir viparyasyate sarvendriyāṇyupatapyante balaṃ hīyate vyādhaya āpyāyyante yasmāddhīnaḥ prāṇāñjahāti yad indriyāṇām abhigrāhakaṃ ca mana ityabhidhīyate tattrividham ākhyāyate śuddhaṃ rājasaṃ tāmasamiti yasmin+apagamana→yasminnapagamanapuraskṛte · jānannapi mṛdo 'bhāvāt kumbhakṛnna pravartate jānan+api→jānannapi
j u → g u	consonant / other	6	0.02	puruṣaṃ puruṣaṃ vīkṣya sa jñeyo bhiṣaguttamaḥ bhiṣaj+uttamaḥ→bhiṣaguttamaḥ · tacchrutvā vākyaṃ kāṅkāyano vāhlīkabhiṣag uvāca evametadyathā bhagavānāha etānyeva vātaprakopaṇāni bhavanti ato viparītāni vātasya praśamanāni bhavanti prakopaṇaviparyayo hi dhātūnāṃ praśamakāraṇamiti bhiṣaj→vāhlīkabhiṣag +uvāca · unmādān doṣajān sādhyān sādhayed bhiṣaguttamaḥ bhiṣaj+uttamaḥ→bhiṣaguttamaḥ · parīkṣā tvasya rugupaśamanaṃ svaravarṇayogaḥ śarīropacayaḥ balavṛddhiḥ abhyavahāryābhilāṣaḥ rucirāhārakāle abhyavahṛtasya cāhārasya kāle samyagjaraṇaṃ nidrālābho yathākālaṃ vaikāriṇāṃ ca svapnānāmadarśanaṃ sukhena ca pratibodhanaṃ vātamūtrapurīṣaretasāṃ muktiḥ sarvākārairmanobuddhīndriyāṇāṃ cāvyāpattiriti ruj+upaśamanam→rugupaśamanaṃ
ā c → ī c	consonant / other	6	0.02	yavāgūrdīpanīyā syācchūlaghnī copasādhitā ghnā→syācchūlaghnī +ca · pipāsāghnī viṣaghnī ca somarājīvipācitā ghnā→viṣaghnī +ca · jñānāni buddhirbrāhmī ca bhiṣajāṃ yā caturvidhā brāhmā→buddhirbrāhmī +ca · gatiśca dvividhā dṛṣṭā prākṛtī vaikṛtī ca yā vaikṛtī+ca
e atyartham → e 'tyarthaṃ	anusvāra / nasal	6	0.02	śiraśca bhramate 'tyarthaṃ mūrcchā cāsyopajāyate bhramate+'tyarthaṃ · indriyāṇyupatapyante dhūme 'tyarthaṃ niṣevite dhūme+'tyarthaṃ · vikāraṃ bhajate 'tyarthaṃ balakarmaṇi vā kvacit bhajate+'tyarthaṃ · annaṃ vyāpadyate 'tyarthaṃ jyotiścaivopaśāmyati vyāpadyate+'tyarthaṃ
ṣ ś → ṭ ś	consonant / other	6	0.02	prāvṛṭśaradvasanteṣu gatameghe nabhastale prāvṛṣ+śarad→prāvṛṭśaradvasanteṣu · tṛṭśvāsamāṃsasaṃkothamohahikkāmadajvarāḥ tṛṣ+śvāsa→tṛṭśvāsamāṃsasaṃkothamohahikkāmadajvarāḥ · viṃśatiḥ kṛmijātaya iti yūkā pipīlikāśceti dvividhā bahirmalajāḥ keśādā lomādā lomadvīpāḥ saurasā audumbarā jantumātaraśceti ṣaṭ śoṇitajāḥ antrādā udarāveṣṭā hṛdayādāścuravo darbhapuṣpāḥ saugandhikā mahāgudāśceti sapta kaphajāḥ kakerukā makerukā lelihāḥ saśūlakāḥ sausurādāśceti pañca purīṣajāḥ viṃśatiḥ pramehā ityudakamehaś cekṣubālikārasamehaśca sāndramehaśca sāndraprasādamehaśca śuklamehaśca śukramehaśca śītamehaśca śanairmehaśca sikatāmehaśca lālāmehaśceti daśa śleṣmanimittāḥ kṣāramehaśca kālamehaśca nīlamehaśca lohitamehaśca mañjiṣṭhāmehaśca haridrāmehaśca hastimehaśca madhumehaśceti catvāro vātanimittāḥ iti viṃśatiḥ pramehāḥ viṃśatiryonivyāpada iti vātikī paittikī ślaiṣmikī sānnipātikī ceti catasro doṣajāḥ doṣadūṣyasaṃsargaprakṛtinirdeśairavaśiṣṭāḥ ṣoḍaśa nirdiśyante tadyathā raktayoniścārajaskā cācaraṇā cāticaraṇā ca prākcaraṇā copaplutā ca pariplutā codāvartinī ca karṇinī ca putraghnī cāntarmukhī ca sūcīmukhī ca śuṣkā ca vāminī ca ṣaṇḍhayoniśca mahāyoniśceti viṃśatiryonivyāpado bhavanti ṣaṭ+śoṇita · atra khalu tāvat ṣoḍhā pravibhajya kāryam upadekṣyate hemanto grīṣmo varṣāśceti śītoṣṇavarṣalakṣaṇāstraya ṛtavo bhavanti teṣāmantareṣvitare sādhāraṇalakṣaṇāstraya ṛtavaḥ prāvṛṭśaradvasantā iti prāvṛṣ+śarad→prāvṛṭśaradvasantā
a ī → e	vowel coalescence	6	0.02	nairlajjyerṣyātirāgāṇāmabhidhyāyāśca buddhimān nairlajjya+īrṣyā→nairlajjyerṣyātirāgāṇāmabhidhyāyāśca · taddhyanutiṣṭhan yugapat sampādayatyarthadvayam ārogyam indriyavijayaṃ ceti tat sadvṛttam akhilenopadekṣyāmo 'gniveśa tadyathā devagobrāhmaṇaguruvṛddhasiddhācāryānarcayet agnimupacaret oṣadhīḥ praśastā dhārayet dvau kālāvupaspṛśet malāyaneṣvabhīkṣṇaṃ pādayośca vaimalyamādadhyāt triḥ pakṣasya keśaśmaśrulomanakhān saṃhārayet nityam anupahatavāsāḥ sumanāḥ sugandhiḥ syāt sādhuveśaḥ prasiddhakeśaḥ mūrdhaśrotraghrāṇapādatailanityaḥ dhūmapaḥ pūrvābhibhāṣī sumukhaḥ durgeṣvabhyupapattā hotā yaṣṭā dātā catuṣpathānāṃ namaskartā balīnāmupahartā atithīnāṃ pūjakaḥ pitṛbhyaḥ piṇḍadaḥ kāle hitamitamadhurārthavādī vaśyātmā dharmātmā hetāvīrṣyuḥ phale nerṣyuḥ niścintaḥ nirbhīkaḥ hrīmān dhīmān mahotsāhaḥ dakṣaḥ kṣamāvān dhārmikaḥ āstikaḥ vinayabuddhividyābhijanavayovṛddhasiddhācāryāṇām upāsitā chattrī daṇḍī maulī sopānatko yugamātradṛgvicaret maṅgalācāraśīlaḥ kucelāsthikaṇṭakāmedhyakeśatuṣotkarabhasmakapālasnānabalibhūmīnāṃ parihartā prāk śramād vyāyāmavarjī syāt sarvaprāṇiṣu bandhubhūtaḥ syāt kruddhānām anunetā bhītānām āśvāsayitā dīnānām abhyupapattā satyasaṃdhaḥ sāmapradhānaḥ paraparuṣavacanasahiṣṇuḥ amarṣaghnaḥ praśamaguṇadarśī rāgadveṣahetūnāṃ hantā ca na+īrṣyuḥ→nerṣyuḥ · tatra cāvasthitāḥ santo yadā hṛdayamindriyāyatanāni ceritāḥ kāmakrodhabhayalobhamohaharṣaśokacintodvegādibhiḥ sahasābhipūrayanti tadā janturapasmarati ca+īritāḥ→ceritāḥ · eṣāṃ viśeṣāḥ śubhāśubhaphalāḥ parasparopakārakā bhavanti tān bubhutseta buddhvā ca hitepsureva syāt na ca mohāt pramādādvā priyam ahitam asukhodarkam upasevyam āhārajātam anyadvā kiṃcit hita+īpsuḥ→hitepsureva
iḥ p → Ø p	visarga	6	0.02	atha jentākaṃ cikīrṣurbhūmiṃ parīkṣeta tatra pūrvasyāṃ diśyuttarasyāṃ vā guṇavati praśaste bhūmibhāge kṛṣṇamadhuramṛttike suvarṇamṛttike vā parīvāpapuṣkariṇyādīnāṃ jalāśayānāmanyatamasya kūle dakṣiṇe paścime vā sūpatīrthe samasuvibhaktabhūmibhāge saptāṣṭau vāratnīr upakramyodakāt prāṅmukham udaṅmukhaṃ vābhimukhatīrthaṃ kūṭāgāraṃ kārayet utsedhavistārataḥ paramaratnīḥ ṣoḍaśa samantāt suvṛttaṃ mṛtkarmasampannam anekavātāyanam asya kūṭāgārasyāntaḥ samantato bhittimaratnivistārotsedhāṃ piṇḍikāṃ kārayed ā kapāṭāt madhye cāsya kūṭāgārasya catuṣkiṣkumātraṃ puruṣapramāṇaṃ mṛnmayaṃ kandusaṃsthānaṃ bahusūkṣmacchidramaṅgārakoṣṭhakastambhaṃ sapidhānaṃ kārayet taṃ ca khādirāṇām āśvakarṇādīnāṃ vā kāṣṭhānāṃ pūrayitvā pradīpayet sa yadā jānīyāt sādhu dagdhāni kāṣṭhāni gatadhūmānyavataptaṃ ca kevalamagninā tadagnigṛhaṃ svedayogyena coṣmaṇā yuktamiti tatrainaṃ puruṣaṃ vātaharābhyaktagātraṃ vastrāvacchannaṃ praveśayaṃścainamanuśiṣyāt saumya praviśa kalyāṇāyārogyāya ceti praviśya caināṃ piṇḍikāmadhiruhya pārśvāparapārśvābhyāṃ yathāsukhaṃ śayīthāḥ na ca tvayā svedamūrcchāparītenāpi satā piṇḍikaiṣā vimoktavyā ā prāṇocchvāsāt bhraśyamāno hyataḥ piṇḍivakāvakāśād dvāram anadhigacchan svedamūrcchāparītatayā sadyaḥ prāṇāñjahyāḥ tasmāt piṇḍikāmenāṃ na kathaṃcana muñcethāḥ tvaṃ yadā jānīyāḥ vigatābhiṣyandamātmānaṃ samyakprasrutasvedapicchaṃ sarvasrotovimuktaṃ laghūbhūtam apagatavibandhastambhasuptivedanāgauravam iti tatastāṃ piṇḍikāmanusaran dvāraṃ prapadyethāḥ niṣkramya ca na sahasā cakṣuṣoḥ paripālanārthaṃ śītodakam upaspṛśethāḥ apagatasantāpaklamastu muhūrtāt sukhoṣṇena vāriṇā yathānyāyaṃ pariṣikto 'śnīyāḥ iti jentākasvedaḥ saumya+praviśa · dvividhastu khalu bhiṣajo bhavantyagniveśa prāṇānāmeke 'bhisarā hantāro rogāṇāṃ rogāṇāmeke 'bhisarā hantāraḥ prāṇānāmiti agniveśaiḥ→bhavantyagniveśa +prāṇānām · bhagavānuvāca ya ime kulīnāḥ paryavadātaśrutāḥ paridṛṣṭakarmāṇo dakṣāḥ śucayo jitahastā jitātmānaḥ sarvopakaraṇavantaḥ sarvendriyopapannāḥ prakṛtijñāḥ pratipattijñāśca te jñeyāḥ prāṇānāmabhisarā hantāro rogāṇāṃ tathāvidhā hi kevale śarīrajñāne śarīrābhinirvṛttijñāne prakṛtivikārajñāne ca niḥsaṃśayāḥ sukhasādhyakṛcchrasādhyayāpyapratyākhyeyānāṃ ca rogāṇāṃ samutthānapūrvarūpaliṅgavedanopaśayaviśeṣajñāne vyapagatasaṃdehāḥ trividhasyāyurvedasūtrasya sasaṃgrahavyākaraṇasya satrividhauṣadhagrāmasya pravaktāraḥ pañcatriṃśato mūlaphalānāṃ caturṇāṃ ca snehānāṃ pañcānāṃ ca lavaṇānāmaṣṭānāṃ ca mūtrāṇām aṣṭānāṃ ca kṣīrāṇāṃ kṣīratvagvṛkṣāṇāṃ ca ṣaṇṇāṃ śirovirecanādeśca pañcakarmāśrayasyauṣadhagaṇasyāṣṭāviṃśateśca yavāgūnāṃ dvātriṃśataścūrṇapradehānāṃ ṣaṇṇāṃ ca virecanaśatānāṃ pañcānāṃ ca kaṣāyaśatānāṃ prayoktāraḥ svasthavṛttavihitabhojanapānaniyamasthānacaṅkramaṇaśayanāsanamātrādravyāñjanadhūmanāvanābhyañjanaparimārjanavegāvidhāraṇavidhāraṇavyāyāmasātmyendriyaparīkṣopakramaṇasadvṛttakuśalāḥ catuṣpādopagṛhīte ca bheṣaje ṣoḍaśakale saviniścaye satriparyeṣaṇe savātakalākalajñāne vyapagatasandehāḥ caturvidhasya ca snehasya caturviṃśatyupanayasyopakalpanīyasya catuḥṣaṣṭiparyantasya ca vyavasthāpayitāraḥ bahuvidhavidhānayuktānāṃ ca snehyasvedyavamyavirecyavividhauṣadhopacārāṇāṃ ca kuśalāḥ śirorogāderdoṣāṃśavikalpajasya ca vyādhisaṃgrahasya sakṣayapiḍakāvidradhestrayāṇāṃ ca śophānāṃ bahuvidhaśophānubandhānāmaṣṭacatvāriṃśataśca rogādhikaraṇānāṃ catvāriṃśaduttarasya ca nānātmajasya vyādhiśatasya tathā vigarhitātisthūlātikṛśānāṃ sahetulakṣaṇopakramāṇāṃ svapnasya ca hitāhitasyāsvapnātisvapnasya ca sahetūpakramasya ṣaṇṇāṃ ca laṅghanādīnāmupakramāṇāṃ saṃtarpaṇāpatarpaṇajānāṃ ca rogāṇāṃ sarūpapraśamanānāṃ śoṇitajānāṃ ca vyādhīnāṃ madamūrcchāyasaṃnyāsānāṃ ca sakāraṇarūpauṣadhopacārāṇāṃ kuśalāḥ kuśalāścāhāravidhiviniścayasya prakṛtyā hitāhitānām āhāravikārāṇām agryasaṃgrahasyāsavānāṃ ca caturaśīterdravyaguṇakarmaviniścayasya rasānurasasaṃśrayasya savikalpavairodhikasya dvādaśavargāśrayasya cānnapānasya saguṇaprabhāvasya sānupānaguṇasya navavidhasyārthasaṃgrahasyāhāragateśca hitāhitopayogaviśeṣātmakasya ca śubhāśubhaviśeṣasya dhātvāśrayāṇāṃ ca rogāṇāṃ sauṣadhasaṃgrahāṇāṃ daśānāṃ ca prāṇāyatanānāṃ yaṃ ca vakṣyāmyarthedaśamahāmūlīye triṃśattamādhyāye tatra ca kṛtsnasya tantroddeśalakṣaṇasya tantrasya ca grahaṇadhāraṇavijñānaprayogakarmakāryakālakartṛkaraṇakuśalāḥ kuśalāśca smṛtimatiśāstrayuktijñānasyātmanaḥ śīlaguṇair avisaṃvādanena ca saṃpādanena sarvaprāṇiṣu cetaso maitrasya mātāpitṛbhrātṛbandhuvat evaṃyuktā bhavantyagniveśa prāṇānāmabhisarā hantāro rogāṇāmiti agniveśaiḥ→bhavantyagniveśa +prāṇānām · etattvāṃ dhīra pṛcchāmastanna ācakṣva buddhiman dhīra+pṛcchāmaḥ
s u → Ø u	consonant / other	6	0.02	athāta upakalpanīyamadhyāyaṃ vyākhyāsyāmaḥ atas→athāta +upakalpanīyam · ṣaḍvibhaktīḥ pravakṣyāmi rasānāmata uttaram atas→rasānāmata +uttaram · tadyathā yadā vai deśanagaranigamajanapadapradhānā dharmam utkramyādharmeṇa prajāṃ vartayanti tadāśritopāśritāḥ paurajanapadā vyavahāropajīvinaśca tamadharmam abhivardhayanti tataḥ so'dharmaḥ prasabhaṃ dharmam antardhatte tataste 'ntarhitadharmāṇo devatābhirapi tyajyante teṣāṃ tathāntarhitadharmaṇām adharmapradhānānām apakrāntadevatānām ṛtavo vyāpadyante tena nāpo yathākālaṃ devo varṣati na vā varṣati vikṛtaṃ vā varṣati vātā na samyagabhivānti kṣitirvyāpadyate salilānyupaśuṣyanti oṣadhayaḥ svabhāvaṃ parihāyāpadyante vikṛtiṃ tata uddhvaṃsante janapadāḥ spṛśyābhyavahāryadoṣāt tata+uddhvaṃsante · tābhyāmeva ca viṣamasevitābhyāṃ jātaḥ sadya upahanyate tarurivāciravyaparopito vātātapābhyām apratiṣṭhitamūlaḥ sadya+upahanyate
āt p → ataḥ p	consonant / other	6	0.02	yogena tu khalvenaṃ charditavantamabhisamīkṣya suprakṣālitapāṇipādāsyaṃ muhūrtamāśvāsya snaihikavairecanikopaśamanīyānāṃ dhūmānāmanyatamaṃ sāmarthyataḥ pāyayitvā punarevodakam upasparśayet sāmarthyataḥ+pāyayitvā · etān guṇān gurulāghavataḥ parasya caivātmanaśca tulayet gurulāghavataḥ+parasya · ataśca sārataḥ parīkṣetetyuktam sārataḥ+parīkṣeta · goṣṭhe jātasya nyagrodhasya prāguttarābhyāṃ śākhābhyāṃ śuṅge anupahate ādāya dvābhyāṃ dhānyamāṣābhyāṃ saṃpadupetābhyāṃ gaurasarṣapābhyāṃ vā saha dadhni prakṣipya puṣyeṇa pibet tathaivāparāñ jīvakarṣabhakāpāmārgasahacarakalkāṃśca yugapadekaikaśo yatheṣṭaṃ vāpyupasaṃskṛtya payasā kuḍyakīṭakaṃ matsyakaṃ vodakāñjalau prakṣipya puṣyeṇa pibet tathā kanakamayān rājatān āyasāṃśca puruṣakān agnivarṇān aṇuprabhāṇān dadhni payasyudakāñjalau vā prakṣipya pibed anavaśeṣataḥ puṣyeṇa puṣyeṇaiva ca śālipiṣṭasya pacyamānasyoṣmāṇam upāghrāya tasyaiva ca piṣṭasyodakasaṃsṛṣṭasya rasaṃ dehalyām upanidhāya dakṣiṇe nāsāpuṭe svayamāsiñcet picunā anavaśeṣataḥ+puṣyeṇa
ḥ ū → r ū	visarga	6	0.02	darśanaṃ paktirūṣmā ca kṣuttṛṣṇā dehamārdavam paktiḥ+ūṣmā→paktirūṣmā · tatrāgnimārutātmakā rasāḥ prāyeṇordhvabhājaḥ lāghavādutplavanatvāc ca vāyorūrdhvajvalanatvācca vahneḥ salilapṛthivyātmakāstu prāyeṇādhobhājaḥ pṛthivyā gurutvān nimnagatvāc codakasya vyāmiśrātmakāḥ punar ubhayatobhājaḥ vāyoḥ+ūrdhva→vāyorūrdhvajvalanatvācca · ṣaḍbhirūnāni pañcāśadvādamārgapadāni ca ṣaḍbhiḥ+ūnāni→ṣaḍbhirūnāni · kṣīṇaśoṇitamāṃsasya vāyurūrdhvagatiścaran vāyuḥ+ūrdhva→vāyurūrdhvagatiścaran
ḥ ū → Ø ū	visarga	6	0.02	eka ūrustambha ityāmatridoṣasamutthaḥ ekaḥ saṃnyāsa iti tridoṣātmako manaḥśarīrādhiṣṭhānaḥ eko mahāgada iti atattvābhiniveśaḥ eka+ūrustambha · purīṣajāstulyasamutthānāḥ śleṣmajaiḥ teṣāṃ sthānaṃ pakvāśayaḥ te pravardhamānāstvadho visarpanti yasya punarāmāśayābhimukhāḥ syuryadantaraṃ tadantaraṃ tasyodgāraniḥśvāsāḥ purīṣagandhinaḥ syuḥ saṃsthānavarṇaviśeṣāstu sūkṣmavṛttaparīṇāhāḥ śvetā dīrghā ūrṇāṃśusaṃkāśāḥ kecit kecit punaḥ sthūlavṛttaparīṇāhāḥ śyāvanīlaharitapītāḥ teṣāṃ nāmāni kakerukāḥ makerukāḥ lelihāḥ saśūlakāḥ sausurādāśceti prabhāvaḥ purīṣabhedaḥ kārśyaṃ pāruṣyaṃ lomaharṣābhinirvartanaṃ ca ta eva cāsya gudamukhaṃ paritudantaḥ kaṇḍūṃ copajanayanto gudamukhaṃ paryāsate ta eva jātaharṣā gudaniṣkramaṇamativelaṃ kurvanti ityeṣa śleṣmajānāṃ purīṣajānāṃ ca krimīṇāṃ samutthānādiviśeṣaḥ dīrghā+ūrṇā · garbhastu khalu mātuḥ pṛṣṭhābhimukha ūrdhvaśirāḥ saṃkucyāṅgānyāste 'ntaḥkukṣau abhimukhaḥ→pṛṣṭhābhimukha +ūrdhva · smayate 'pi ca kālāndha ūrdhvagānimiṣekṣaṇaḥ andhaḥ→kālāndha +ūrdhva
ṣ r → ḍ r	consonant / other	6	0.02	ṣaḍrasā iti vāyorvido rājarṣiḥ gurulaghuśītoṣṇasnigdharūkṣāḥ ṣaṣ+rasāḥ→ṣaḍrasā · ṣaṭ caivaikarasāni syur ekaṃ ṣaḍrasameva tu ṣaṣ+rasam→ṣaḍrasameva · ityevamete ṣaḍrasāḥ pṛthaktvenaikatvena vā mātraśaḥ samyagupayujyamānā upakārāya bhavantyadhyātmalokasya apakārakarāḥ punarato'nyathā bhavantyupayujyamānāḥ tān vidvānupakārārthameva mātraśaḥ samyagupayojayediti ṣaṣ+rasāḥ→ṣaḍrasāḥ · athainaṃ krimikoṣṭhamāturamagre ṣaḍrātraṃ saptarātraṃ vā snehasvedābhyāmupapādya śvobhūte enaṃ saṃśodhanaṃ pāyayitāsmīti kṣīraguḍadadhitilamatsyānūpamāṃsapiṣṭānnaparamānnakusumbhasnehasamprayuktair bhojyaiḥ sāyaṃ prātaścopapādayet samudīraṇārthaṃ krimīṇāṃ koṣṭhābhisaraṇārthaṃ ca bhiṣak ṣaṣ+rātram→ṣaḍrātraṃ
ḥ ayam → ḥ 'yaṃ	visarga	6	0.02	caturthaḥ śākavargo 'yaṃ pattrakandaphalāśrayaḥ vargaḥ+'yaṃ · sāmānyato vyāhṛteṣvartheṣu vā viśeṣagrahaṇārthaṃ yadvākyaṃ tadapyanuyojyaṃ yathā saṃśodhanasādhyo 'yaṃ vyādhiḥ ityukte kiṃ vamanasādhyo 'yaṃ kiṃvā virecanasādhyaḥ ityanuyujyate sādhyaḥ+'yaṃ · sāmānyato vyāhṛteṣvartheṣu vā viśeṣagrahaṇārthaṃ yadvākyaṃ tadapyanuyojyaṃ yathā saṃśodhanasādhyo 'yaṃ vyādhiḥ ityukte kiṃ vamanasādhyo 'yaṃ kiṃvā virecanasādhyaḥ ityanuyujyate sādhyaḥ+'yaṃ · tatra vākchalaṃ nāma yathā kaścid brūyānnavatantro 'yaṃ bhiṣagiti atha bhiṣag brūyānnāhaṃ navatantra ekatantro 'hamiti paro brūyānnāhaṃ bravīmi nava tantrāṇi taveti api tu navābhyastaṃ te tantramiti bhiṣak brūyānna mayā navābhyastaṃ tantram anekadhābhyastaṃ mayā tantramiti etadvākchalam tantraḥ+'yaṃ
as j → o j	consonant / other	6	0.02	ityetānyekaikaśo jvaraliṅgāni vyākhyātāni bhavanti vistarasamāsābhyām ekaikaśas→ityetānyekaikaśo +jvara · bhinnaṃ purīṣaṃ tṛṣṇā ca sadyo jahyāt sa jīvitam sadyo+jahyāt · bhinnaṃ purīṣaṃ tṛṣṇā ca sadyo jahyāt sa jīvitam sadyo+jahyāt · tṛṣṇā gudagrahaścograḥ sadyo jahyāt sa jīvitam sadyo+jahyāt
n ś → ñ ś	consonant / other	6	0.02	trayāṇāmeṣāṃ nidānādiviśeṣāṇāṃ sannipāte kṣipraṃ śleṣmā prakopamāpadyate prāg atibhūyastvāt sa prakupitaḥ kṣiprameva śarīre visṛptiṃ labhate śarīraśaithilyāt sa visarpañ śarīre medasaivādito miśrībhāvaṃ gacchati medasaścaiva bahvabaddhatvān medasaś ca guṇaiḥ samānaguṇabhūyiṣṭhatvāt sa medasā miśrībhavan dūṣayatyenat vikṛtatvāt sa vikṛto duṣṭena medasopahitaḥ śarīrakledamāṃsābhyāṃ saṃsargaṃ gacchati kledamāṃsayor atipramāṇābhivṛddhatvāt sa māṃse māṃsapradoṣāt pūtimāṃsapiḍakāḥ śarāvikākacchapikādyāḥ saṃjanayati aprakṛtibhūtatvāt śarīrakledaṃ punardūṣayan mūtratvena pariṇamayati mūtravahānāṃ ca srotasāṃ vaṅkṣaṇabastiprabhavāṇāṃ medaḥkledopahitāni gurūṇi mukhānyāsādya pratirudhyate tataḥ pramehāṃsteṣāṃ sthairyamasādhyatāṃ vā janayati prakṛtivikṛtibhūtatvāt visarpañ+śarīre · parīkṣamāṇastu khalu parāvarāntaramimān jalpakaguṇāñ śreyaskarān doṣavataśca parīkṣeta samyak tadyathāśrutaṃ vijñānaṃ dhāraṇaṃ pratibhānaṃ vacanaśaktiriti etān guṇān śreyaskarānāhuḥ imān punardoṣavataḥ tad yathā kopanatvam avaiśāradyaṃ bhīrutvamadhāraṇatvamanavahitatvamiti guṇān→jalpakaguṇāñ +śreyaskarān · śarīraṃ hi gate tasmiñśūnyāgāramacetanam tasmin+śūnya→tasmiñśūnyāgāramacetanam · tasya cedudare sirāḥ prakāśerañ śyāvatāmranīlahāridraśuklā vā syuḥ parāsuriti vidyāt prakāśerañ+śyāva
s → ṣṭhatīti s	consonant / other	6	0.02	asya prayogād varṣaśatamajaraṃ vayas tiṣṭhatīti samānaṃ pūrveṇa iti→tiṣṭhatīti +samānaṃ · āmalakacūrṇāḍhakam ekaviṃśatirātram āmalakasvarasaparipītaṃ madhughṛtāḍhakābhyāṃ dvābhyāmekīkṛtam aṣṭabhāgapippalīkaṃ śarkarācūrṇacaturbhāgasamprayuktaṃ ghṛtabhājanasthaṃ prāvṛṣi bhasmarāśau nidadhyāt tadvarṣānte sātmyapathyāśī prayojayet asya prayogād varṣaśatam ajaram āyus tiṣṭhatīti samānaṃ pūrveṇa iti→tiṣṭhatīti +samānaṃ · yathoktaguṇānāmāmalakānāṃ sahasramārdrapalāśadroṇyāṃ sapidhānāyāṃ bāṣpam anudvamantyām āraṇyagomayāgnibhir upasvedayet tāni susvinnaśītāny uddhṛtakulakāny āpothyāḍhakena pippalīcūrṇānāmāḍhakena ca viḍaṅgataṇḍulacūrṇānām adhyardhena cāḍhakena śarkarāyā dvābhyāṃ dvābhyām āḍhakābhyāṃ tailasya madhunaḥ sarpiṣaśca saṃyojya śucau dṛḍhe ghṛtabhāvite kumbhe sthāpayed ekaviṃśatirātram ata ūrdhvaṃ prayogaḥ asya prayogādvarṣaśatam ajaram āyus tiṣṭhatīti samānaṃ pūrveṇa iti→tiṣṭhatīti +samānaṃ · saṃvatsaraprayogādasya varṣaśatamajaraṃ vayastiṣṭhatīti samānaṃ pūrveṇa iti→vayastiṣṭhatīti +samānaṃ
as m → hāto m	consonant / other	5	0.02	athāto mātrāśitīyamadhyāyaṃ vyākhyāsyāmaḥ atas→athāto +mātrāśitīyam · athāto mahācatuṣpādam adhyāyaṃ vyākhyāsyāmaḥ atas→athāto +mahācatuṣpādam · athāto mahārogādhyāyaṃ vyākhyāsyāmaḥ atas→athāto +mahārogādhyāyaṃ · athāto mahatīṃ garbhāvakrāntiṃ śārīraṃ vyākhyāsyāmaḥ atas→athāto +mahatīṃ
c ā → g ā	consonant / other	5	0.02	sparśane 'bhyadhiko vāyuḥ sparśanaṃ ca tvagāśritam tvac+āśritam→tvagāśritam · iha vātādiṣu triṣu prakupiteṣu tvagādīṃścaturaḥ pradūṣayatsu vāte 'dhikatare kapālakuṣṭhamabhinirvartate pitte tvaudumbaraṃ śleṣmaṇi maṇḍalakuṣṭhaṃ vātapittayorṛṣyajihvaṃ pittaśleṣmaṇoḥ puṇḍarīkaṃ śleṣmamārutayoḥ sidhmakuṣṭhaṃ sarvadoṣābhivṛddhau kākaṇakamabhinirvartate evameṣa saptavidhaḥ kuṣṭhaviśeṣo bhavati tvac+ādīn→tvagādīṃścaturaḥ · tatredaṃ sarvakuṣṭhanidānaṃ samāsenopadekṣyāmaḥ śītoṣṇavyatyāsam anānupūrvyopasevamānasya tathā saṃtarpaṇāpatarpaṇābhyavahāryavyatyāsaṃ madhuphāṇitamatsyalakucamūlakakākamācīḥ satatamatimātramajīrṇe ca samaśnataḥ cilicimaṃ ca payasā hāyanakayavakacīnakoddālakakoradūṣaprāyāṇi cānnāni kṣīradadhitakrakolakulatthamāṣātasīkusumbhasnehavanti etairevātimātraṃ suhitasya ca vyavāyavyāyāmasaṃtāpānatyupasevamānasya bhayaśramasaṃtāpopahatasya ca sahasā śītodakamavatarataḥ vidagdhaṃ cāhārajātam anullikhya vidāhīnyabhyavaharataḥ chardiṃ ca pratighnataḥ snehāṃścāticarataḥ trayo doṣāḥ yugapat prakopamāpadyante tvagādayaścatvāraḥ śaithilyamāpadyante teṣu śithileṣu doṣāḥ prakupitāḥ sthānamadhigamya saṃtiṣṭhamānāstāneva tvagādīn dūṣayantaḥ kuṣṭhānyabhinirvartayanti tvac+ādayaḥ→tvagādayaścatvāraḥ · tatredaṃ sarvakuṣṭhanidānaṃ samāsenopadekṣyāmaḥ śītoṣṇavyatyāsam anānupūrvyopasevamānasya tathā saṃtarpaṇāpatarpaṇābhyavahāryavyatyāsaṃ madhuphāṇitamatsyalakucamūlakakākamācīḥ satatamatimātramajīrṇe ca samaśnataḥ cilicimaṃ ca payasā hāyanakayavakacīnakoddālakakoradūṣaprāyāṇi cānnāni kṣīradadhitakrakolakulatthamāṣātasīkusumbhasnehavanti etairevātimātraṃ suhitasya ca vyavāyavyāyāmasaṃtāpānatyupasevamānasya bhayaśramasaṃtāpopahatasya ca sahasā śītodakamavatarataḥ vidagdhaṃ cāhārajātam anullikhya vidāhīnyabhyavaharataḥ chardiṃ ca pratighnataḥ snehāṃścāticarataḥ trayo doṣāḥ yugapat prakopamāpadyante tvagādayaścatvāraḥ śaithilyamāpadyante teṣu śithileṣu doṣāḥ prakupitāḥ sthānamadhigamya saṃtiṣṭhamānāstāneva tvagādīn dūṣayantaḥ kuṣṭhānyabhinirvartayanti tvac+ādīn→tvagādīn
s m → r m	consonant / other	5	0.02	tatra gaṇḍapiḍakālajyapacīcarmakīlādhimāṃsamaṣakakuṣṭhavyaṅgādayo vikārā bahirmārgajāśca visarpaśvayathugulmārśovidradhyādayaḥ śākhānusāriṇo bhavanti rogāḥ pakṣavadhagrahāpatānakārditaśoṣarājayakṣmāsthisandhiśūlagudabhraṃśādayaḥ śirohṛdvastirogādayaśca madhyamamārgānusāriṇo bhavanti rogā jvarātīsārachardyalasakavisūcikākāsaśvāsahikkānāhodaraplīhādayo 'ntarmārgajāśca visarpaśvayathugulmārśovidradhyādayaḥ koṣṭhānusāriṇo bhavanti rogāḥ bahis+mārga→bahirmārgajāśca · yāni tu khalu vāyoḥ kupitākupitasya śarīrāśarīracarasya śarīreṣu carataḥ karmāṇi bahiḥśarīrebhyo vā bhavanti teṣāmavayavān pratyakṣānumānopadeśaiḥ sādhayitvā namaskṛtya vāyave yathāśakti pravakṣyāmaḥ vāyustantrayantradharaḥ prāṇodānasamānavyānāpānātmā pravartakaś ceṣṭānām uccāvacānāṃ niyantā praṇetā ca manasaḥ sarvendriyāṇām udyojakaḥ sarvendriyānām abhivoḍhā sarvaśarīradhātuvyūhakaraḥ saṃdhānakaraḥ śarīrasya pravartako vācaḥ prakṛtiḥ sparśaśabdayoḥ śrotrasparśanayormūlaṃ harṣotsāhayor yoniḥ samīraṇo'gneḥ doṣasaṃśoṣaṇaḥ kṣeptā bahirmalānāṃ sthūlāṇusrotasāṃ bhettā kartā garbhākṛtīnām āyuṣo'nuvṛttipratyayabhūto bhavatyakupitaḥ bahis+malānām→bahirmalānāṃ · viṃśatiḥ kṛmijātaya iti yūkā pipīlikāśceti dvividhā bahirmalajāḥ keśādā lomādā lomadvīpāḥ saurasā audumbarā jantumātaraśceti ṣaṭ śoṇitajāḥ antrādā udarāveṣṭā hṛdayādāścuravo darbhapuṣpāḥ saugandhikā mahāgudāśceti sapta kaphajāḥ kakerukā makerukā lelihāḥ saśūlakāḥ sausurādāśceti pañca purīṣajāḥ viṃśatiḥ pramehā ityudakamehaś cekṣubālikārasamehaśca sāndramehaśca sāndraprasādamehaśca śuklamehaśca śukramehaśca śītamehaśca śanairmehaśca sikatāmehaśca lālāmehaśceti daśa śleṣmanimittāḥ kṣāramehaśca kālamehaśca nīlamehaśca lohitamehaśca mañjiṣṭhāmehaśca haridrāmehaśca hastimehaśca madhumehaśceti catvāro vātanimittāḥ iti viṃśatiḥ pramehāḥ viṃśatiryonivyāpada iti vātikī paittikī ślaiṣmikī sānnipātikī ceti catasro doṣajāḥ doṣadūṣyasaṃsargaprakṛtinirdeśairavaśiṣṭāḥ ṣoḍaśa nirdiśyante tadyathā raktayoniścārajaskā cācaraṇā cāticaraṇā ca prākcaraṇā copaplutā ca pariplutā codāvartinī ca karṇinī ca putraghnī cāntarmukhī ca sūcīmukhī ca śuṣkā ca vāminī ca ṣaṇḍhayoniśca mahāyoniśceti viṃśatiryonivyāpado bhavanti bahis+mala→bahirmalajāḥ · alasakam upadekṣyāmaḥ durbalasyālpāgner bahuśleṣmaṇo vātamūtrapurīṣavegavidhāriṇaḥ sthiragurubahurūkṣaśītaśuṣkānnasevinas tad annapānam anilaprapīḍitaṃ śleṣmaṇā ca vibaddhamārgam atimātrapralīnam alasatvānna bahirmukhībhavati tataśchardyatīsāravarjyāny āmapradoṣaliṅgāny abhidarśayaty atimātrāṇi bahis+mukhībhavati→bahirmukhībhavati
s → u s	consonant / other	5	0.02	tritvenāṣṭau samuddiṣṭāḥ kṛṣṇātreyeṇa dhīmatā aṣṭa→tritvenāṣṭau +samuddiṣṭāḥ · tantrasyāsyāṣṭau sthānāni tadyathā ślokanidānavimānaśārīrendriyacikitsitakalpasiddhisthānāni aṣṭa→tantrasyāsyāṣṭau +sthānāni · āhāravidhyāyatanāni cāṣṭau samyak parīkṣyātmahitaṃ vidadhyāt aṣṭa→cāṣṭau +samyak · vakṣyante kāraṇānyaṣṭau smṛtiryairupajāyate aṣṭa→kāraṇānyaṣṭau +smṛtiḥ
as v → hāto v	consonant / other	5	0.02	athāto vātakalākalīyam adhyāyaṃ vyākhyāsyāmaḥ atas→athāto +vātakalākalīyam · athāto vidhiśoṇitīyamadhyāyaṃ vyākhyāsyāmaḥ atas→athāto +vidhiśoṇitīyam · athāto vividhāśitapītīyamadhyāyaṃ vyākhyāsyāmaḥ atas→athāto +vividhāśitapītīyam · athāto vyādhitarūpīyaṃ vimānaṃ vyākhyāsyāmaḥ atas→athāto +vyādhitarūpīyaṃ
ṣ t → ṭ t	consonant / other	5	0.02	saṃsarge nava ṣaṭ tebhya ekavṛddhyā samaistrayaḥ ṣaṭ+tebhya · ṣaṭtvaṃ tu nātivartante tritvaṃ vātādayo yathā ṣaṣ+tvam→ṣaṭtvaṃ · ṣaṭ tu pañcarasānyāhurekaikasyāpavarjanāt ṣaṭ+tu · śarīre ṣaṭ tvacaḥ tadyathā udakadharā tvagbāhyā dvitīyā tvasṛgdharā tṛtīyā sidhmakilāsasaṃbhavādhiṣṭhānā caturthī dadrūkuṣṭhasaṃbhavādhiṣṭhānā pañcamī tvalajīvidradhisaṃbhavādhiṣṭhānā ṣaṣṭhī tu yasyāṃ chinnāyāṃ tāmyatyandha iva ca tamaḥ praviśati yāṃ cāpyadhiṣṭhāyārūṃṣi jāyante parvasu kṛṣṇaraktāni sthūlamūlāni duścikitsyatamāni ca iti ṣaṭ tvacaḥ ṣaṭ+tvacaḥ
e ā → a ā	vowel coalescence	5	0.02	ayaṃ tvatra viśeṣaḥ śītarūkṣalaghuviśadaśramopavāsātikarśanakṣapaṇādibhir vāyuḥ prakupitastvaṅmāṃsaśoṇitādīnyabhibhūya śophaṃ janayati sa kṣiprotthānapraśamo bhavati tathā śyāmāruṇavarṇaḥ prakṛtivarṇo vā calaḥ spandanaḥ kharaparuṣabhinnatvagromā chidyata iva bhidyata iva pīḍyata iva sūcībhiriva tudyata iva pipīlikābhiriva saṃsṛpyate sarṣapakalkāvalipta iva cimicimāyate saṃkucyata āyamyata iveti vātaśothaḥ saṃkucyata+āyamyata · prajñāparādhāt sambhūte vyādhau karmaja ātmanaḥ je→karmaja +ātmanaḥ · ye hy enaṃ grāmanagaranigamajanapadāḥ satatam upayuñjate ta āndhyaṣāṇḍhyakhālityapālityabhājo hṛdayāpakartinaśca bhavanti tadyathā prācyāś cīnāśca tasmātkṣāraṃ nātyupayuñjīta ta+āndhya · atha prayojanaṃ prayojanaṃ nāma yadarthamārabhyanta ārambhāḥ yathā yadyakālamṛtyur asti tato 'ham ātmānam āyuṣyair upacariṣyāmyanāyuṣyāṇi ca parihariṣyāmi kathaṃ māmakālamṛtyuḥ prasaheteti ārabhyante→yadarthamārabhyanta +ārambhāḥ
ī i → ī	vowel coalescence	5	0.02	taṃ śīghrakāriṇaṃ rogaṃ rohiṇīti vinirdiśet rohiṇī+iti→rohiṇīti · jñaḥ sākṣītyucyate nājñaḥ sākṣī tvātmā yataḥ smṛtaḥ sākṣī+iti→sākṣītyucyate · vājīvātibalo yena yāty apratihataḥ striyaḥ vājī+iva→vājīvātibalo · prabhūtaśākhaḥ śākhīva yena caityo yathā mahān śākhī+iva→śākhīva
n l → ṃl l	anusvāra / nasal	5	0.02	bhagavaṃllaṅghanaṃ kiṃsvillaṅghanīyāśca kīdṛśāḥ bhagavan+laṅghanam→bhagavaṃllaṅghanaṃ · mukhastho madhuraścāsyaṃ vyāpnuvaṃllimpatīva ca vyāpnuvan+limpati→vyāpnuvaṃllimpatīva · vidyād āmalake sarvān rasāṃllavaṇavarjitān rasān+lavaṇa→rasāṃllavaṇavarjitān · tatra prathamata eva tāvadādyāṃl lobhābhidrohakopaprabhavān aṣṭau vyādhīnnidānapūrveṇa krameṇa vyākhyāsyāmaḥ tathā sūtrasaṃgrahamātraṃ cikitsāyāḥ ādyān→tāvadādyāṃl +lobha
iḥ s → Ø s	visarga	5	0.02	tamuvāca bhagavānātreyaḥ yadāhārajātamagniveśa samāṃścaiva śarīradhātūn prakṛtau sthāpayati viṣamāṃśca samīkarotītyetaddhitaṃ viddhi viparītaṃ tvahitamiti ityetaddhitāhitalakṣaṇam anapavādaṃ bhavati agniveśaiḥ→yadāhārajātamagniveśa +samān · sa eva doṣa saṃsṛṣṭayonirviruddhopakramo gambhīrānugataś cirasthitaḥ prāṇāyatanasamuttho marmopaghātī kaṣṭatamaḥ kṣiprakāritamaśca sampadyate doṣa+saṃsṛṣṭa · evametenānumānenānuktānāmapi lokapuruṣayoravayavaviśeṣāṇāmagniveśa sāmānyaṃ vidyāditi agniveśaiḥ→lokapuruṣayoravayavaviśeṣāṇāmagniveśa +sāmānyaṃ · bhagavān uvāca śṛṇvagniveśa sarvalokamātmanyātmānaṃ ca sarvaloke samamanupaśyataḥ satyā buddhiḥ samutpadyate agniveśaiḥ→śṛṇvagniveśa +sarva
u s → va s	consonant / other	5	0.02	teṣāṃ ṣaṇṇāṃ rasānāṃ yonirudakaṃ chedanopaśamane dve karmaṇī tayor miśrībhāvāt sādhāraṇatvaṃ svādvasvādutā bhaktiḥ hitāhitau prabhāvau pañcamahābhūtavikārās tv āśrayāḥ prakṛtivikṛtivicāradeśakālavaśāḥ teṣvāśrayeṣu dravyasaṃjñakeṣu guṇā gurulaghuśītoṣṇasnigdharūkṣādyāḥ kṣaraṇāt kṣāraḥ nāsau rasaḥ dravyaṃ tadanekarasasamutpannam anekarasaṃ kaṭukalavaṇabhūyiṣṭham anekendriyārthasamanvitaṃ karaṇābhinirvṛttam avyaktībhāvastu khalu rasānāṃ prakṛtau bhavatyanurase 'nurasasamanvite vā dravye aparisaṃkhyeyatvaṃ punas teṣām āśrayādīnāṃ bhāvānāṃ viśeṣāparisaṃkhyeyatvānna yuktam ekaiko 'pi hy eṣām āśrayādīnāṃ bhāvānāṃ viśeṣān āśrayate viśeṣāparisaṃkhyeyatvāt na ca tasmād anyatvam upapadyate parasārasaṃsṛṣṭabhūyiṣṭhatvānna caiṣām abhinirvṛtter guṇaprakṛtīnām aparisaṃkhyeyatvaṃ bhavati tasmānna saṃsṛṣṭānāṃ rasānāṃ karmopadiśanti buddhimantaḥ svādu+svādu→svādvasvādutā · teṣāṃ ṣaṇṇāṃ rasānāṃ yonirudakaṃ chedanopaśamane dve karmaṇī tayor miśrībhāvāt sādhāraṇatvaṃ svādvasvādutā bhaktiḥ hitāhitau prabhāvau pañcamahābhūtavikārās tv āśrayāḥ prakṛtivikṛtivicāradeśakālavaśāḥ teṣvāśrayeṣu dravyasaṃjñakeṣu guṇā gurulaghuśītoṣṇasnigdharūkṣādyāḥ kṣaraṇāt kṣāraḥ nāsau rasaḥ dravyaṃ tadanekarasasamutpannam anekarasaṃ kaṭukalavaṇabhūyiṣṭham anekendriyārthasamanvitaṃ karaṇābhinirvṛttam avyaktībhāvastu khalu rasānāṃ prakṛtau bhavatyanurase 'nurasasamanvite vā dravye aparisaṃkhyeyatvaṃ punas teṣām āśrayādīnāṃ bhāvānāṃ viśeṣāparisaṃkhyeyatvānna yuktam ekaiko 'pi hy eṣām āśrayādīnāṃ bhāvānāṃ viśeṣān āśrayate viśeṣāparisaṃkhyeyatvāt na ca tasmād anyatvam upapadyate parasārasaṃsṛṣṭabhūyiṣṭhatvānna caiṣām abhinirvṛtter guṇaprakṛtīnām aparisaṃkhyeyatvaṃ bhavati tasmānna saṃsṛṣṭānāṃ rasānāṃ karmopadiśanti buddhimantaḥ svādu+svādu→svādvasvādutā · teṣāṃ ṣaṇṇāṃ rasānāṃ yonirudakaṃ chedanopaśamane dve karmaṇī tayor miśrībhāvāt sādhāraṇatvaṃ svādvasvādutā bhaktiḥ hitāhitau prabhāvau pañcamahābhūtavikārās tv āśrayāḥ prakṛtivikṛtivicāradeśakālavaśāḥ teṣvāśrayeṣu dravyasaṃjñakeṣu guṇā gurulaghuśītoṣṇasnigdharūkṣādyāḥ kṣaraṇāt kṣāraḥ nāsau rasaḥ dravyaṃ tadanekarasasamutpannam anekarasaṃ kaṭukalavaṇabhūyiṣṭham anekendriyārthasamanvitaṃ karaṇābhinirvṛttam avyaktībhāvastu khalu rasānāṃ prakṛtau bhavatyanurase 'nurasasamanvite vā dravye aparisaṃkhyeyatvaṃ punas teṣām āśrayādīnāṃ bhāvānāṃ viśeṣāparisaṃkhyeyatvānna yuktam ekaiko 'pi hy eṣām āśrayādīnāṃ bhāvānāṃ viśeṣān āśrayate viśeṣāparisaṃkhyeyatvāt na ca tasmād anyatvam upapadyate parasārasaṃsṛṣṭabhūyiṣṭhatvānna caiṣām abhinirvṛtter guṇaprakṛtīnām aparisaṃkhyeyatvaṃ bhavati tasmānna saṃsṛṣṭānāṃ rasānāṃ karmopadiśanti buddhimantaḥ svādu+svādu→svādvasvādutā · teṣāṃ ṣaṇṇāṃ rasānāṃ yonirudakaṃ chedanopaśamane dve karmaṇī tayor miśrībhāvāt sādhāraṇatvaṃ svādvasvādutā bhaktiḥ hitāhitau prabhāvau pañcamahābhūtavikārās tv āśrayāḥ prakṛtivikṛtivicāradeśakālavaśāḥ teṣvāśrayeṣu dravyasaṃjñakeṣu guṇā gurulaghuśītoṣṇasnigdharūkṣādyāḥ kṣaraṇāt kṣāraḥ nāsau rasaḥ dravyaṃ tadanekarasasamutpannam anekarasaṃ kaṭukalavaṇabhūyiṣṭham anekendriyārthasamanvitaṃ karaṇābhinirvṛttam avyaktībhāvastu khalu rasānāṃ prakṛtau bhavatyanurase 'nurasasamanvite vā dravye aparisaṃkhyeyatvaṃ punas teṣām āśrayādīnāṃ bhāvānāṃ viśeṣāparisaṃkhyeyatvānna yuktam ekaiko 'pi hy eṣām āśrayādīnāṃ bhāvānāṃ viśeṣān āśrayate viśeṣāparisaṃkhyeyatvāt na ca tasmād anyatvam upapadyate parasārasaṃsṛṣṭabhūyiṣṭhatvānna caiṣām abhinirvṛtter guṇaprakṛtīnām aparisaṃkhyeyatvaṃ bhavati tasmānna saṃsṛṣṭānāṃ rasānāṃ karmopadiśanti buddhimantaḥ svādu+svādu→svādvasvādutā
ṣ c → ṭ c	consonant / other	5	0.02	ṣaṭ caivaikarasāni syur ekaṃ ṣaḍrasameva tu ṣaṭ+ca · daśa śleṣmakṛtā yasmāt pramehāḥ ṣaṭ ca pittajāḥ ṣaṭ+ca · tatra pādau catvāri ṣaṭ caturdaśāṅgulāni jaṅghe tvaṣṭādaśāṅgule ṣoḍaśāṅgulaparikṣepe ca jānunī caturaṅgule ṣoḍaśāṅgulaparikṣepe triṃśadaṅgulaparikṣepāvaṣṭādaśāṅgulāvūru ṣaḍaṅguladīrghau vṛṣaṇāvaṣṭāṅgulapariṇāhau śephaḥ ṣaḍaṅguladīrghaṃ pañcāṅgulapariṇāhaṃ dvādaśāṅgulipariṇāho bhagaḥ ṣoḍaśāṅgulavistārā kaṭī daśāṅgulaṃ vastiśiraḥ daśāṅgulavistāraṃ dvādaśāṅgulamudaraṃ daśāṅgulavistīrṇe dvādaśāṅgulāyāme pārśve dvādaśāṅgulaṃ stanāntaraṃ dvyaṅgulaṃ stanaparyantaṃ caturviṃśatyaṅgulaviśālaṃ dvādaśāṅgulotsedhamuraḥ dvyaṅgulaṃ hṛdayam aṣṭāṅgulau skandhau ṣaḍaṅgulāvaṃsau ṣoḍaśāṅgulau prabāhū pañcadaśāṅgulau prapāṇī hastau dvādaśāṅgulau kakṣāvaṣṭāṅgulau trikaṃ dvādaśāṅgulotsedham aṣṭādaśāṅgulotsedhaṃ pṛṣṭhaṃ caturaṅgulotsedhā dvāviṃśatyaṅgulapariṇāhā śirodharā dvādaśāṅgulotsedhaṃ caturviṃśatyaṅgulapariṇāhamānanaṃ pañcāṅgulamāsyaṃ cibukauṣṭhakarṇākṣimadhyanāsikālalāṭaṃ caturaṅgulaṃ ṣoḍaśāṅgulotsedhaṃ dvātriṃśadaṅgulapariṇāhaṃ śiraḥ iti pṛthaktvenāṅgāvayavānāṃ mānamuktam ṣaṭ+caturdaśa · rasātmamātāpitṛsaṃbhavāni bhūtāni vidyāddaśa ṣaṭ ca dehe ṣaṭ+ca
āt v → ato v	consonant / other	5	0.02	saṃskārato vīryataśca koṣṭhāvasthākramairapi saṃskārato+vīryāt · saṃskārato viruddhaṃ tadyadbhojyaṃ viṣavadbhavet saṃskārato+viruddhaṃ · saṃyogato viruddhaṃ tadyathāmlaṃ payasā saha saṃyogato+viruddhaṃ · yac cānyadapi kiṃcid dravyamevaṃ vātapittakaphebhyo guṇato viparītaṃ syāt tac caitāñjayaty abhyasyamānam guṇato+viparītaṃ
as r → hāto r	consonant / other	5	0.02	athāto raktapittanidānaṃ vyākhyāsyāmaḥ atas→athāto +raktapittanidānaṃ · athāto rasavimānaṃ vyākhyāsyāmaḥ atas→athāto +rasa · athāto rogānīkaṃ vimānaṃ vyākhyāsyāmaḥ atas→athāto +rogānīkaṃ · athāto rogabhiṣagjitīyaṃ vimānaṃ vyākhyāsyāmaḥ atas→athāto +rogabhiṣagjitīyaṃ
ḥ ṛ → Ø ṛ	visarga	5	0.02	pāratantryād avaiśāradyāt satatamupacārānurodhādvā vegān udīrṇān uparundhatyā āmagarbhe vāpyacirapatite 'thavāpyaciraprajātāyā ṛtau vā vātaprakopaṇānyāsevamānāyāḥ kṣipraṃ vātaḥ prakopamāpadyate prajātāyāḥ→'thavāpyaciraprajātāyā +ṛtau · atra khalu tāvat ṣoḍhā pravibhajya kāryam upadekṣyate hemanto grīṣmo varṣāśceti śītoṣṇavarṣalakṣaṇāstraya ṛtavo bhavanti teṣāmantareṣvitare sādhāraṇalakṣaṇāstraya ṛtavaḥ prāvṛṭśaradvasantā iti trayaḥ→śītoṣṇavarṣalakṣaṇāstraya +ṛtavo · atra khalu tāvat ṣoḍhā pravibhajya kāryam upadekṣyate hemanto grīṣmo varṣāśceti śītoṣṇavarṣalakṣaṇāstraya ṛtavo bhavanti teṣāmantareṣvitare sādhāraṇalakṣaṇāstraya ṛtavaḥ prāvṛṭśaradvasantā iti trayaḥ→sādhāraṇalakṣaṇāstraya +ṛtavaḥ · tatastasyā āśāsānāyā ṛtvik prajāpatim abhinirdiśya yonau tasyāḥ kāmaparipūraṇārthaṃ kāmyāmiṣṭiṃ nirvartayed viṣṇuryoniṃ kalpayatu ityanayarcā āśāsānāyā+ṛtvik
k i → g i	consonant / other	5	0.02	ātmānam abhisamīkṣya bhuñjīta samyag idaṃ mamopaśete idaṃ nopaśeta ityevaṃ viditaṃ hy asyātmana ātmasātmyaṃ bhavati tasmādātmānamabhisamīkṣya bhuñjīta samyagiti samyag+idaṃ · ātmānam abhisamīkṣya bhuñjīta samyag idaṃ mamopaśete idaṃ nopaśeta ityevaṃ viditaṃ hy asyātmana ātmasātmyaṃ bhavati tasmādātmānamabhisamīkṣya bhuñjīta samyagiti samyak+iti→samyagiti · yo hi mūrtānām āhārajātānāṃ sauhityaṃ gatvā dravaistṛptim āpadyate bhūyastasyām āśayagatā vātapittaśleṣmāṇo 'bhyavahāreṇātimātreṇātiprapīḍyamānāḥ sarve yugapat prakopam āpadyante te prakupitāstam evāhārarāśim apariṇatam āviśya kukṣyekadeśam annāśritā viṣṭambhayantaḥ sahasā vāpy uttarādharābhyāṃ mārgābhyāṃ pracyāvayantaḥ pṛthak pṛthagimān vikārān abhinirvartayantyatimātrabhoktuḥ pṛthak+imān→pṛthagimān · vimuktāmapradoṣasya punaḥ paripakvadoṣasya dīpte cāgnāvabhyaṅgāsthāpanānuvāsanaṃ vidhivat snehapānaṃ ca yuktyā prayojyaṃ prasamīkṣya doṣabheṣajadeśakālabalaśarīrāhārasātmyasattvaprakṛtivayasām avasthāntarāṇi vikārāṃśca samyagiti samyak+iti→samyagiti
m vastim → m bastiṃ	anusvāra / nasal	5	0.02	tadyathā jīvakarṣabhakau jīvantī vīrā tāmalakī kākolī kṣīrakākolī mudgaparṇī māṣaparṇī śālaparṇī pṛśniparṇyasanaparṇī medā mahāmedā karkaṭaśṛṅgī śṛṅgāṭikā chinnaruhā chattrāticchatrā śrāvaṇī mahāśrāvaṇī sahadevā viśvadevā śuklā kṣīraśuklā balātibalā vidārī kṣīravidārī kṣudrasahā mahāsahā ṛṣyagandhāśvagandhā vṛścīraḥ punarnavā bṛhatī kaṇṭakārikorubūko moraṭaḥ śvadaṃṣṭrā saṃharṣā śatāvarī śatapuṣpā madhūkapuṣpī yaṣṭīmadhu madhūlikā mṛdvīkā kharjūraṃ parūṣakamātmaguptā puṣkarabījaṃ kaśerukaṃ rājakaśerukaṃ rājādanaṃ katakaṃ kāśmaryaṃ śītapākyodanapākī tālakharjūramastakamikṣurikṣuvālikā darbhaḥ kuśaḥ kāśaḥ śālir gundretkaṭakaḥ śaramūlaṃ rājakṣavakaḥ ṛṣyaproktā dvāradā bhāradvājī vanatrapuṣyabhīrupattrī haṃsapādī kākanāsikā kuliṅgākṣī kṣīravallī kapolavallī kapotavallī somavallī gopavallī madhuvallī ceti eṣāmevaṃvidhānāmanyeṣāṃ ca madhuravargaparisaṃkhyātānāmauṣadhadravyāṇāṃ chedyāni khaṇḍaśaśchedayitvā bhedyāni cāṇuśo bhedayitvā prakṣālya pānīyena suprakṣālitāyāṃ sthālyāṃ samāvāpya payasārdhodakenābhyāsicya sādhayeddarvyā satatamavaghaṭṭayan tadupayuktabhūyiṣṭhe 'mbhasi gataraseṣvauṣadheṣu payasi cānupadagdhe sthālīmupahṛtya suparipūtaṃ payaḥ sukhoṣṇaṃ ghṛtatailavasāmajjalavaṇaphāṇitopahitaṃ bastiṃ vātavikāriṇe vidhijño vidhivaddadyāt śītaṃ tu madhusarpirbhyāmupasaṃsṛjya pittavikāriṇe vidhivaddadyāt upahitam+bastiṃ · saindhavasauvarcalakālaviḍapākyānūpakūpyavālukailamaulakasāmudraromakaudbhidauṣarapāṭeyakapāṃśujānyevaṃprakārāṇi cānyāni lavaṇavargaparisaṃkhyātāni etānyamlopahitānyuṣṇodakopahitāni vā snehavanti sukhoṣṇaṃ bastiṃ vātavikāriṇe vidhijño vidhivaddadyāt uṣṇam+bastiṃ · pippalīpippalīmūlahastipippalīcavyacitrakaśṛṅgaveramaricājamodārdrakaviḍaṅgakustumburupīlutejovatyelākuṣṭhabhallātakāsthihiṅguniryāsakilimamūlakasarṣapalaśunakarañjaśigrukamadhuśigrukakharapuṣpabhūstṛṇasumukhasurasa kuṭherakārjakagaṇḍīrakālamālakaparṇāsakṣavakaphaṇijjhakakṣāramūtrapittānīti eṣāmevaṃvidhānāṃ cānyeṣāṃ kaṭukavargaparisaṃkhyātānāmauṣadhadravyāṇāṃ chedyāni khaṇḍaśaśchedayitvā bhedyāni cāṇuśo bhedayitvā gomūtreṇa saha sādhayitvopasaṃskṛtya yathāvanmadhutailalavaṇopahitaṃ sukhoṣṇaṃ bastiṃ śleṣmavikāriṇe vidhijño vidhivaddadyāt uṣṇam+bastiṃ · candananaladakṛtamālanaktamālanimbatumburukuṭajaharidrādāruharidrāmustamūrvākirātatiktakakaṭukarohiṇītrāyamāṇākāravellikākarīrakaravīrakebukakaṭhillakavṛṣamaṇḍūkaparṇīkarkoṭaka vārtākukarkaśakākamācīkākodumbarikāsuṣavyativiṣāpaṭolakulakapāṭhāguḍūcīvetrāgravetasavikaṅkatabakulasomavalkasaptaparṇasumanārkāvalgujavacātagarāguruvālakośīrāṇīti eṣāmevaṃvidhānāṃ cānyeṣāṃ tiktavargaparisaṃkhyātānāmauṣadhadravyāṇāṃ chedyāni khaṇḍaśaśchedayitvā bhedyāni cāṇuśo bhedayitvā prakṣālya pānīyenābhyāsicya sādhayitvopasaṃskṛtya yathāvanmadhutailalavaṇopahitaṃ sukhoṣṇaṃ bastiṃ śleṣmavikāriṇe vidhijño vidhivaddadyāt śītaṃ tu madhusarpirbhyām upasaṃsṛjya pittavikāriṇe vidhijño vidhivaddadyāt uṣṇam+bastiṃ
s a → r a	consonant / other	4	0.01	sādhu bhūteṣvanukrośa ityuccair abruvan samam uccais→ityuccair +abruvan · tato 'nantaraṃ kuṣṭhānyabhinirvartante teṣāmidaṃ vedanāvarṇasaṃsthānaprabhāvanāmaviśeṣavijñānaṃ bhavati tadyathā rūkṣāruṇaparuṣāṇi viṣamavisṛtāni kharaparyantāni tanūnyudvṛttabahistanūni suptavatsuptāni hṛṣitalomācitāni nistodabahulāny alpakaṇḍūdāhapūyalasīkāny āśugatisamutthānāny āśubhedīni jantumanti kṛṣṇāruṇakapālavarṇāni ca kapālakuṣṭhānīti vidyāt tāmrāṇi tāmrakhararomarājībhiravanaddhāni bahalāni bahubahalapūyaraktalasīkāni kaṇḍūkledakothadāhapākavantyāśugatisamutthānabhedīni sasaṃtāpakrimīṇi pakvodumbaraphalavarṇānyaudumbarakuṣṭhānīti vidyāt snigdhāni gurūṇyutsedhavanti ślakṣṇasthirapītaparyantāni śuklaraktāvabhāsāni śuklaromarājīsantānāni bahubahalaśuklapicchilasrāvīṇi bahukledakaṇḍūkrimīṇi saktagatisamutthānabhedīni parimaṇḍalāni maṇḍalakuṣṭhāni vidyāt paruṣāṇyaruṇavarṇāni bahirantaḥśyāvāni nīlapītatāmrāvabhāsānyāśugatisamutthānānyalpakaṇḍūkledakrimīṇi dāhabhedanistodapākabahulāni śūkopahatopamavedanānyutsannamadhyāni tanuparyantāni karkaśapiḍakācitāni dīrghaparimaṇḍalānyṛṣyajihvākṛtīni ṛṣyajihvānīti vidyāt śuklaraktāvabhāsāni raktaparyantāni raktarājīsirāsaṃtatāny utsedhavanti bahubahalaraktapūyalasīkāni kaṇḍūkrimidāhapākavantyāśugatisamutthānabhedīni puṇḍarīkapalāśasaṃkāśāni puṇḍarīkāṇīti vidyāt paruṣāruṇāni viśīrṇabahistanūnyantaḥsnigdhāni śuklaraktāvabhāsāni bahūnyalpavedanānyalpakaṇḍūdāhapūyalasīkāni laghusamutthānānyalpabhedakrimīṇyalābupuṣpasaṅkāśāni sidhmakuṣṭhānīti vidyāt kākaṇantikāvarṇānyādau paścāttu sarvakuṣṭhaliṅgasamanvitāni pāpīyasā sarvakuṣṭhaliṅgasaṃbhavenānekavarṇāni kākaṇānīti vidyāt bahis+antar→bahirantaḥśyāvāni · athādhikamadhikaṃ nāma yannyūnaviparītaṃ yadvāyurvede bhāṣyamāṇe bārhaspatyamauśanasamanyadvā yatkiṃcid apratisaṃbaddhārthamucyate yadvā sambaddhārthamapi dvirabhidhīyate tat punaruktadoṣatvādadhikaṃ tacca punaruktaṃ dvividham arthapunaruktaṃ śabdapunaruktaṃ ca tatrārthapunaruktaṃ yathā bheṣajamauṣadhaṃ sādhanamiti śabdapunaruktaṃ punarbheṣajaṃ bheṣajamiti dvis+abhidhīyate→dvirabhidhīyate · atha nigrahasthānaṃ nigrahasthānaṃ nāma parājayaprāptiḥ tacca trirabhihitasya vākyasyāparijñānaṃ pariṣadi vijñānavatyāṃ yadvā ananuyojyasyānuyogo 'nuyojyasya cānanuyogaḥ tris+abhihitasya→trirabhihitasya
ayam s → 'yaṃ s	anusvāra / nasal	4	0.01	vedasyāsya tadarthaṃ hi vedo 'yaṃ saṃprakāśitaḥ 'yaṃ+saṃprakāśitaḥ · saptako 'yaṃ sadaurbalyaḥ śophopadravasaṃgrahaḥ 'yaṃ+sa · mantho 'yaṃ saktavastailaṃ hito lohodakāplutaḥ 'yaṃ+saktavaḥ · kolavallī ca yogo 'yaṃ saṃnipātajvarāpahaḥ 'yaṃ+saṃnipāta
ṇām s → nāṃ s	anusvāra / nasal	4	0.01	kaṣāyaśceti ṣaṭko 'yaṃ rasānāṃ saṃgrahaḥ smṛtaḥ rasānāṃ+saṃgrahaḥ · tatrātiprabhāvatāṃ dṛśyānāmatimātraṃ darśanamatiyogaḥ sarvaśo'darśanamayogaḥ atiśliṣṭātiviprakṛṣṭaraudrabhairavādbhutadviṣṭabībhatsanavikṛtavitrāsanādirūpadarśanaṃ mithyāyogaḥ tathātimātrastanitapaṭahotkruṣṭādīnāṃ śabdānāmatimātraṃ śravaṇamatiyogaḥ sarvaśo'śravaṇam ayogaḥ paruṣeṣṭavināśopaghātapradharṣaṇabhīṣaṇādiśabdaśravaṇaṃ mithyāyogaḥ tathātitīkṣṇogrābhiṣyandināṃ gandhānāmatimātraṃ ghrāṇamatiyogaḥ sarvaśo'ghrāṇam ayogaḥ pūtidviṣṭāmedhyaklinnaviṣapavanakuṇapagandhādighrāṇaṃ mithyāyogaḥ tathā rasānāmatyādānamatiyogaḥ sarvaśo'nādānamayogaḥ mithyāyogo rāśivarjyeṣv āhāravidhiviśeṣāyataneṣūpadekṣyate tathātiśītoṣṇānāṃ spṛśyānāṃ snānābhyaṅgotsādanādīnāṃ cātyupasevanam atiyogaḥ sarvaśo'nupasevanamayogaḥ snānādīnāṃ śītoṣṇādīnāṃ ca spṛśyānām anānupūrvyopasevanaṃ viṣamasthānābhighātāśucibhūtasaṃsparśādayaś ceti mithyāyogaḥ spṛśyānāṃ+snāna · teṣāṃ ṣaṇṇāṃ rasānāṃ somaguṇātirekānmadhuro rasaḥ pṛthivyagnibhūyiṣṭhatvādamlaḥ salilāgnibhūyiṣṭhatvāl lavaṇaḥ vāyvagnibhūyiṣṭhatvātkaṭukaḥ vāyvākāśātiriktatvāt tiktaḥ pavanapṛthivīvyatirekāt kaṣāya iti rasānāṃ+soma · spṛśyānāṃ saṃgraheṇoktaḥ sparśanendriyabādhakaḥ spṛśyānāṃ+saṃgrahena
k y → g y	consonant / other	4	0.01	athāpare trayo vṛkṣāḥ pṛthagye phalamūlibhiḥ pṛthak+ye→pṛthagye · yogaṃ śeṣaiḥ pṛthagyātaścatuṣkarasasaṃkhyayā pṛthak+yātaḥ→pṛthagyātaścatuṣkarasasaṃkhyayā · yuktau śeṣaiḥ pṛthagyogaṃ yātaḥ svādūṣaṇau tathā pṛthak+yogam→pṛthagyogaṃ · yātaḥ śeṣaiḥ pṛthagyogaṃ śeṣairamlakaṭū tathā pṛthak+yogam→pṛthagyogaṃ
m a → ṃ a	anusvāra / nasal	4	0.01	saśeṣamāturaṃ kuryānnatvajñamatam auṣadham āturam→saśeṣamāturaṃ +auṣadham · tadyathā lohitaśālayaḥ śūkadhānyānāṃ pathyatamatve śreṣṭhatamā bhavanti mudgāḥ śamīdhānyānām āntarikṣamudakānāṃ saindhavaṃ lavaṇānāṃ jīvantīśākaṃ śākānām aiṇeyaṃ mṛgamāṃsānāṃ lāvaḥ pakṣiṇāṃ godhā bileśayānāṃ rohito matsyānāṃ gavyaṃ sarpiḥ sarpiṣāṃ gokṣīraṃ kṣīrāṇāṃ tilatailaṃ sthāvarajātānāṃ snehānāṃ varāhavasā ānūpamṛgavasānāṃ culukīvasā matsyavasānāṃ pākahaṃsavasā jalacaravihaṅgavasānāṃ kukkuṭavasā viṣkiraśakunivasānāṃ ajamedaḥ śākhādamedasāṃ śṛṅgaveraṃ kandānāṃ mṛdvīkā phalānāṃ śarkarekṣuvikārāṇām iti prakṛtyaiva hitatamānām āhāravikārāṇāṃ prādhānyato dravyāṇi vyākhyātāni bhavanti vasānām→viṣkiraśakunivasānāṃ +aja · tadyathā annaṃ vṛttikarāṇāṃ śreṣṭham udakamāśvāsakarāṇāṃ surā śramaharāṇāṃ kṣīraṃ jīvanīyānāṃ māṃsaṃ bṛṃhaṇīyānāṃ rasastarpaṇīyānāṃ lavaṇam annadravyarucikarāṇām amlaṃ hṛdyānāṃ kukkuṭo balyānāṃ nakrareto vṛṣyāṇāṃ madhu śleṣmapittapraśamanānāṃ sarpirvātapittapraśamanānāṃ tailaṃ vātaśleṣmapraśamanānāṃ vamanaṃ śleṣmaharāṇāṃ virecanaṃ pittaharāṇāṃ bastirvātaharāṇāṃ svedo mārdavakarāṇāṃ vyāyāmaḥ sthairyakarāṇāṃ kṣāraḥ puṃstvopaghātināṃ tindukam anannadravyarucikarāṇām āmaṃ kapittham utkaṇṭhyānām āvikaṃ sarpirahṛdyānām ajākṣīraṃ śoṣaghnastanyasātmyaraktasāṃgrāhikaraktapittapraśamanānām avikṣīraṃ śleṣmapittajananānāṃ mahiṣīkṣīraṃ svapnajananānāṃ mandakaṃ dadhyabhiṣyandakarāṇāṃ gavedhukānnaṃ karśanīyānām uddālakānnaṃ virūkṣaṇīyānām ikṣurmūtrajananānāṃ yavāḥ purīṣajananānāṃ jāmbavaṃ vātajananānāṃ śaṣkulyaḥ śleṣmapittajananānāṃ kulatthā amlapittajananānāṃ māṣāḥ śleṣmapittajananānāṃ madanaphalaṃ vamanāsthāpanānuvāsanopayogināṃ trivṛt sukhavirecanānāṃ caturaṅgulo mṛduvirecanānāṃ snukpayas tīkṣṇavirecanānāṃ pratyakpuṣpā śirovirecanānāṃ viḍaṅgaṃ krimighnānāṃ śirīṣo viṣaghnānāṃ khadiraḥ kuṣṭhaghnānāṃ rāsnā vātaharāṇām āmalakaṃ vayaḥsthāpanānāṃ harītakī pathyānām eraṇḍamūlaṃ vṛṣyavātaharāṇāṃ pippalīmūlaṃ dīpanīyapācanīyagudaśothārśaḥśūlaharāṇāṃ puṣkaramūlaṃ hikkāśvāsakāsapārśvaśūlaharāṇāṃ mustaṃ sāṃgrāhikadīpanīyapācanīyānām udīcyaṃ nirvāpaṇadīpanīyapācanīyacchardyatīsāraharāṇāṃ kaṭvaṅgaṃ sāṃgrāhikaraktapittapraśamanānām amṛtā sāṃgrāhikavātaharadīpanīyaśleṣmaśoṇitavibandhapraśamanānāṃ ativiṣā dīpanīyapācanīyasāṃgrāhikasarvadoṣaharāṇām utpalakumudapadmakiñjalkaḥ sāṃgrāhikaraktapittapraśamanānāṃ durālabhā pittaśleṣmapraśamanānāṃ gandhapriyaṅguḥ śoṇitapittātiyogapraśamanānāṃ kuṭajatvak śleṣmapittaraktasāṃgrāhikopaśoṣaṇānāṃ kāśmaryaphalaṃ raktasāṃgrāhikaraktapittapraśamanānāṃ pṛśniparṇī sāṃgrāhikavātaharadīpanīyavṛṣyāṇāṃ vidārigandhā vṛṣyasarvadoṣaharāṇāṃ balā sāṃgrāhikabalyavātaharāṇāṃ gokṣurako mūtrakṛcchrānilaharāṇāṃ hiṅguniryāsaś chedanīyadīpanīyānulomikavātakaphapraśamanānām amlavetaso bhedanīyadīpanīyānulomikavātaśleṣmaharāṇāṃ yāvaśūkaḥ sraṃsanīyapācanīyārśoghnānāṃ takrābhyāso grahaṇīdoṣaśophārśoghṛtavyāpatpraśamanānāṃ kravyānmāṃsarasābhyāso grahaṇīdoṣaśoṣārśoghnānāṃ kṣīraghṛtābhyāso rasāyanānāṃ samaghṛtasaktuprāśābhyāso vṛṣyodāvartaharānāṃ tailagaṇḍūṣābhyāso dantabalarucikarāṇāṃ candanaṃ durgandhaharadāhanirvāpaṇalepanānāṃ rāsnāguruṇī śītāpanayanapralepanānāṃ lāmajjakośīraṃ dāhatvagdoṣasvedāpanayanapralepanānāṃ kuṣṭhaṃ vātaharābhyaṅgopanāhopayogināṃ madhukaṃ cakṣuṣyavṛṣyakeśyakaṇṭhyavarṇyavirajanīyaropaṇīyānāṃ vāyuḥ prāṇasaṃjñāpradānahetūnām agnir āmastambhaśītaśūlodvepanapraśamanānāṃ jalaṃ stambhanīyānāṃ mṛdbhṛṣṭaloṣṭranirvāpitam udakaṃ tṛṣṇāchardyatiyogapraśamanānām atimātrāśanamāmapradoṣahetūnāṃ yathāgnyabhyavahāro 'gnisaṃdhukṣaṇānāṃ yathāsātmyaṃ ceṣṭābhyavahārau sevyānāṃ kālabhojanamārogyakarāṇāṃ tṛptirāhāraguṇānāṃ vegasaṃdhāraṇam anārogyakarāṇāṃ madyaṃ saumanasyajananānām madyākṣepo dhīdhṛtismṛtiharāṇāṃ gurubhojanaṃ durvipākakarāṇām ekāśanabhojanaṃ sukhapariṇāmakarāṇāṃ strīṣvatiprasaṅgaḥ śoṣakarāṇāṃ śukraveganigrahaḥ ṣāṇḍhyakarāṇāṃ parāghātanam annāśraddhājananānām anaśanamāyuṣo hrāsakarāṇāṃ pramitāśanaṃ karśanīyānām ajīrṇādhyaśanaṃ grahaṇīdūṣaṇānāṃ viṣamāśanamagnivaiṣamyakarāṇāṃ viruddhavīryāśanaṃ ninditavyādhikarāṇāṃ praśamaḥ pathyānāṃ āyāsaḥ sarvāpathyānāṃ mithyāyogo vyādhikarāṇāṃ rajasvalābhigamanamalakṣmīmukhānāṃ brahmacaryamāyuṣyāṇāṃ paradārābhigamanamanāyuṣyāṇāṃ saṅkalpo vṛṣyāṇāṃ daurmanasyam avṛṣyāṇām ayathābalamārambhaḥ prāṇoparodhināṃ viṣādo rogavardhanānāṃ snānaṃ śramaharāṇāṃ harṣaḥ prīṇanānāṃ śokaḥ śoṣaṇānāṃ nivṛttiḥ puṣṭikarāṇāṃ puṣṭiḥ svapnakarāṇām atisvapnastandrākarāṇāṃ sarvarasābhyāso balakarāṇām ekarasābhyāso daurbalyakarāṇāṃ garbhaśalyamāhāryāṇām ajīrṇamuddhāryāṇāṃ bālo mṛdubheṣajīyānāṃ vṛddho yāpyānāṃ garbhinī tīkṣṇauṣadhavyavāyavyāyāmavarjanīyānāṃ saumanasyaṃ garbhadhāraṇānāṃ sannipāto duścikitsyānām āmo viṣamacikitsyānāṃ jvaro rogāṇāṃ kuṣṭhaṃ dīrgharogāṇāṃ rājayakṣmā rogasamūhānāṃ prameho 'nuṣaṅgiṇāṃ jalaukaso 'nuśastrāṇāṃ bastistantrāṇāṃ himavānauṣadhibhūmīnāṃ soma oṣadhīnāṃ marubhūmirārogyadeśānām anūpo 'hitadeśānām nirdeśakāritvamāturaguṇānāṃ bhiṣak cikitsāṅgānāṃ nāstiko varjyānāṃ laulyaṃ kleśakarāṇām anirdeśakāritvamariṣṭānāṃ anirvedo vārttalakṣaṇānāṃ vaidyasamūho niḥsaṃśayakarāṇāṃ yogo vaidyaguṇānāṃ vijñānamauṣadhīnāṃ śāstrasahitastarkaḥ sādhanānāṃ sampratipattiḥ kālajñānaprayojanānām avyavasāyaḥ kālātipattihetūnāṃ dṛṣṭakarmatā niḥsaṃśayakarāṇām asamarthatā bhayakarāṇāṃ tadvidyasaṃbhāṣā buddhivardhanānām ācāryaḥ śāstrādhigamahetūnām āyurvedo 'mṛtānāṃ sadvacanamanuṣṭheyānām asadgrahaṇaṃ sarvāhitānāṃ sarvasaṃnyāsaḥ sukhānāmiti praśamanānām→sāṃgrāhikavātaharadīpanīyaśleṣmaśoṇitavibandhapraśamanānāṃ +ativiṣā · tadyathā annaṃ vṛttikarāṇāṃ śreṣṭham udakamāśvāsakarāṇāṃ surā śramaharāṇāṃ kṣīraṃ jīvanīyānāṃ māṃsaṃ bṛṃhaṇīyānāṃ rasastarpaṇīyānāṃ lavaṇam annadravyarucikarāṇām amlaṃ hṛdyānāṃ kukkuṭo balyānāṃ nakrareto vṛṣyāṇāṃ madhu śleṣmapittapraśamanānāṃ sarpirvātapittapraśamanānāṃ tailaṃ vātaśleṣmapraśamanānāṃ vamanaṃ śleṣmaharāṇāṃ virecanaṃ pittaharāṇāṃ bastirvātaharāṇāṃ svedo mārdavakarāṇāṃ vyāyāmaḥ sthairyakarāṇāṃ kṣāraḥ puṃstvopaghātināṃ tindukam anannadravyarucikarāṇām āmaṃ kapittham utkaṇṭhyānām āvikaṃ sarpirahṛdyānām ajākṣīraṃ śoṣaghnastanyasātmyaraktasāṃgrāhikaraktapittapraśamanānām avikṣīraṃ śleṣmapittajananānāṃ mahiṣīkṣīraṃ svapnajananānāṃ mandakaṃ dadhyabhiṣyandakarāṇāṃ gavedhukānnaṃ karśanīyānām uddālakānnaṃ virūkṣaṇīyānām ikṣurmūtrajananānāṃ yavāḥ purīṣajananānāṃ jāmbavaṃ vātajananānāṃ śaṣkulyaḥ śleṣmapittajananānāṃ kulatthā amlapittajananānāṃ māṣāḥ śleṣmapittajananānāṃ madanaphalaṃ vamanāsthāpanānuvāsanopayogināṃ trivṛt sukhavirecanānāṃ caturaṅgulo mṛduvirecanānāṃ snukpayas tīkṣṇavirecanānāṃ pratyakpuṣpā śirovirecanānāṃ viḍaṅgaṃ krimighnānāṃ śirīṣo viṣaghnānāṃ khadiraḥ kuṣṭhaghnānāṃ rāsnā vātaharāṇām āmalakaṃ vayaḥsthāpanānāṃ harītakī pathyānām eraṇḍamūlaṃ vṛṣyavātaharāṇāṃ pippalīmūlaṃ dīpanīyapācanīyagudaśothārśaḥśūlaharāṇāṃ puṣkaramūlaṃ hikkāśvāsakāsapārśvaśūlaharāṇāṃ mustaṃ sāṃgrāhikadīpanīyapācanīyānām udīcyaṃ nirvāpaṇadīpanīyapācanīyacchardyatīsāraharāṇāṃ kaṭvaṅgaṃ sāṃgrāhikaraktapittapraśamanānām amṛtā sāṃgrāhikavātaharadīpanīyaśleṣmaśoṇitavibandhapraśamanānāṃ ativiṣā dīpanīyapācanīyasāṃgrāhikasarvadoṣaharāṇām utpalakumudapadmakiñjalkaḥ sāṃgrāhikaraktapittapraśamanānāṃ durālabhā pittaśleṣmapraśamanānāṃ gandhapriyaṅguḥ śoṇitapittātiyogapraśamanānāṃ kuṭajatvak śleṣmapittaraktasāṃgrāhikopaśoṣaṇānāṃ kāśmaryaphalaṃ raktasāṃgrāhikaraktapittapraśamanānāṃ pṛśniparṇī sāṃgrāhikavātaharadīpanīyavṛṣyāṇāṃ vidārigandhā vṛṣyasarvadoṣaharāṇāṃ balā sāṃgrāhikabalyavātaharāṇāṃ gokṣurako mūtrakṛcchrānilaharāṇāṃ hiṅguniryāsaś chedanīyadīpanīyānulomikavātakaphapraśamanānām amlavetaso bhedanīyadīpanīyānulomikavātaśleṣmaharāṇāṃ yāvaśūkaḥ sraṃsanīyapācanīyārśoghnānāṃ takrābhyāso grahaṇīdoṣaśophārśoghṛtavyāpatpraśamanānāṃ kravyānmāṃsarasābhyāso grahaṇīdoṣaśoṣārśoghnānāṃ kṣīraghṛtābhyāso rasāyanānāṃ samaghṛtasaktuprāśābhyāso vṛṣyodāvartaharānāṃ tailagaṇḍūṣābhyāso dantabalarucikarāṇāṃ candanaṃ durgandhaharadāhanirvāpaṇalepanānāṃ rāsnāguruṇī śītāpanayanapralepanānāṃ lāmajjakośīraṃ dāhatvagdoṣasvedāpanayanapralepanānāṃ kuṣṭhaṃ vātaharābhyaṅgopanāhopayogināṃ madhukaṃ cakṣuṣyavṛṣyakeśyakaṇṭhyavarṇyavirajanīyaropaṇīyānāṃ vāyuḥ prāṇasaṃjñāpradānahetūnām agnir āmastambhaśītaśūlodvepanapraśamanānāṃ jalaṃ stambhanīyānāṃ mṛdbhṛṣṭaloṣṭranirvāpitam udakaṃ tṛṣṇāchardyatiyogapraśamanānām atimātrāśanamāmapradoṣahetūnāṃ yathāgnyabhyavahāro 'gnisaṃdhukṣaṇānāṃ yathāsātmyaṃ ceṣṭābhyavahārau sevyānāṃ kālabhojanamārogyakarāṇāṃ tṛptirāhāraguṇānāṃ vegasaṃdhāraṇam anārogyakarāṇāṃ madyaṃ saumanasyajananānām madyākṣepo dhīdhṛtismṛtiharāṇāṃ gurubhojanaṃ durvipākakarāṇām ekāśanabhojanaṃ sukhapariṇāmakarāṇāṃ strīṣvatiprasaṅgaḥ śoṣakarāṇāṃ śukraveganigrahaḥ ṣāṇḍhyakarāṇāṃ parāghātanam annāśraddhājananānām anaśanamāyuṣo hrāsakarāṇāṃ pramitāśanaṃ karśanīyānām ajīrṇādhyaśanaṃ grahaṇīdūṣaṇānāṃ viṣamāśanamagnivaiṣamyakarāṇāṃ viruddhavīryāśanaṃ ninditavyādhikarāṇāṃ praśamaḥ pathyānāṃ āyāsaḥ sarvāpathyānāṃ mithyāyogo vyādhikarāṇāṃ rajasvalābhigamanamalakṣmīmukhānāṃ brahmacaryamāyuṣyāṇāṃ paradārābhigamanamanāyuṣyāṇāṃ saṅkalpo vṛṣyāṇāṃ daurmanasyam avṛṣyāṇām ayathābalamārambhaḥ prāṇoparodhināṃ viṣādo rogavardhanānāṃ snānaṃ śramaharāṇāṃ harṣaḥ prīṇanānāṃ śokaḥ śoṣaṇānāṃ nivṛttiḥ puṣṭikarāṇāṃ puṣṭiḥ svapnakarāṇām atisvapnastandrākarāṇāṃ sarvarasābhyāso balakarāṇām ekarasābhyāso daurbalyakarāṇāṃ garbhaśalyamāhāryāṇām ajīrṇamuddhāryāṇāṃ bālo mṛdubheṣajīyānāṃ vṛddho yāpyānāṃ garbhinī tīkṣṇauṣadhavyavāyavyāyāmavarjanīyānāṃ saumanasyaṃ garbhadhāraṇānāṃ sannipāto duścikitsyānām āmo viṣamacikitsyānāṃ jvaro rogāṇāṃ kuṣṭhaṃ dīrgharogāṇāṃ rājayakṣmā rogasamūhānāṃ prameho 'nuṣaṅgiṇāṃ jalaukaso 'nuśastrāṇāṃ bastistantrāṇāṃ himavānauṣadhibhūmīnāṃ soma oṣadhīnāṃ marubhūmirārogyadeśānām anūpo 'hitadeśānām nirdeśakāritvamāturaguṇānāṃ bhiṣak cikitsāṅgānāṃ nāstiko varjyānāṃ laulyaṃ kleśakarāṇām anirdeśakāritvamariṣṭānāṃ anirvedo vārttalakṣaṇānāṃ vaidyasamūho niḥsaṃśayakarāṇāṃ yogo vaidyaguṇānāṃ vijñānamauṣadhīnāṃ śāstrasahitastarkaḥ sādhanānāṃ sampratipattiḥ kālajñānaprayojanānām avyavasāyaḥ kālātipattihetūnāṃ dṛṣṭakarmatā niḥsaṃśayakarāṇām asamarthatā bhayakarāṇāṃ tadvidyasaṃbhāṣā buddhivardhanānām ācāryaḥ śāstrādhigamahetūnām āyurvedo 'mṛtānāṃ sadvacanamanuṣṭheyānām asadgrahaṇaṃ sarvāhitānāṃ sarvasaṃnyāsaḥ sukhānāmiti ariṣṭānām→anirdeśakāritvamariṣṭānāṃ +anirvedo
im c → īṃ c	anusvāra / nasal	4	0.01	ajājīṃ cājagandhāṃ ca pīlūnyelāṃ hareṇukām ajājīṃ+ca · sauvarcalamajājīṃ ca hapuṣāṃ ceti cūrṇayet ajājim→sauvarcalamajājīṃ +ca · dāḍimaṃ puṣkaraṃ dhānyamajājīṃ citrakaṃ vacām ajājim→dhānyamajājīṃ +citrakaṃ · ajājīṃ cājamodāṃ ca cūrṇaṃ kṛtvā prayojayet ajājīṃ+ca
ā p → ī p	consonant / other	4	0.01	peyā raktātisāraghnī pṛśniparṇyā ca sādhitā ghnā→raktātisāraghnī +pṛśniparṇyā · viṃśatiḥ kṛmijātaya iti yūkā pipīlikāśceti dvividhā bahirmalajāḥ keśādā lomādā lomadvīpāḥ saurasā audumbarā jantumātaraśceti ṣaṭ śoṇitajāḥ antrādā udarāveṣṭā hṛdayādāścuravo darbhapuṣpāḥ saugandhikā mahāgudāśceti sapta kaphajāḥ kakerukā makerukā lelihāḥ saśūlakāḥ sausurādāśceti pañca purīṣajāḥ viṃśatiḥ pramehā ityudakamehaś cekṣubālikārasamehaśca sāndramehaśca sāndraprasādamehaśca śuklamehaśca śukramehaśca śītamehaśca śanairmehaśca sikatāmehaśca lālāmehaśceti daśa śleṣmanimittāḥ kṣāramehaśca kālamehaśca nīlamehaśca lohitamehaśca mañjiṣṭhāmehaśca haridrāmehaśca hastimehaśca madhumehaśceti catvāro vātanimittāḥ iti viṃśatiḥ pramehāḥ viṃśatiryonivyāpada iti vātikī paittikī ślaiṣmikī sānnipātikī ceti catasro doṣajāḥ doṣadūṣyasaṃsargaprakṛtinirdeśairavaśiṣṭāḥ ṣoḍaśa nirdiśyante tadyathā raktayoniścārajaskā cācaraṇā cāticaraṇā ca prākcaraṇā copaplutā ca pariplutā codāvartinī ca karṇinī ca putraghnī cāntarmukhī ca sūcīmukhī ca śuṣkā ca vāminī ca ṣaṇḍhayoniśca mahāyoniśceti viṃśatiryonivyāpado bhavanti vātikī+paittikī · syāttaijasī prabhā sarvā sā tu saptavidhā smṛtā taijasā→syāttaijasī +prabhā · śūlānāhaharī peyā bījapūrarasena vā harā→śūlānāhaharī +peyā
ā s → ī s	consonant / other	4	0.01	takrasiddhā yavāgūḥ syāt krimighnī sasuvarcikā ghnā→krimighnī +sa · ślaiṣmikī sravati śvetaṃ picchilaṃ bahalaṃ bahu ślaiṣmikī+sravati · viṃśatiḥ kṛmijātaya iti yūkā pipīlikāśceti dvividhā bahirmalajāḥ keśādā lomādā lomadvīpāḥ saurasā audumbarā jantumātaraśceti ṣaṭ śoṇitajāḥ antrādā udarāveṣṭā hṛdayādāścuravo darbhapuṣpāḥ saugandhikā mahāgudāśceti sapta kaphajāḥ kakerukā makerukā lelihāḥ saśūlakāḥ sausurādāśceti pañca purīṣajāḥ viṃśatiḥ pramehā ityudakamehaś cekṣubālikārasamehaśca sāndramehaśca sāndraprasādamehaśca śuklamehaśca śukramehaśca śītamehaśca śanairmehaśca sikatāmehaśca lālāmehaśceti daśa śleṣmanimittāḥ kṣāramehaśca kālamehaśca nīlamehaśca lohitamehaśca mañjiṣṭhāmehaśca haridrāmehaśca hastimehaśca madhumehaśceti catvāro vātanimittāḥ iti viṃśatiḥ pramehāḥ viṃśatiryonivyāpada iti vātikī paittikī ślaiṣmikī sānnipātikī ceti catasro doṣajāḥ doṣadūṣyasaṃsargaprakṛtinirdeśairavaśiṣṭāḥ ṣoḍaśa nirdiśyante tadyathā raktayoniścārajaskā cācaraṇā cāticaraṇā ca prākcaraṇā copaplutā ca pariplutā codāvartinī ca karṇinī ca putraghnī cāntarmukhī ca sūcīmukhī ca śuṣkā ca vāminī ca ṣaṇḍhayoniśca mahāyoniśceti viṃśatiryonivyāpado bhavanti ślaiṣmikī+sānnipātikī · rūkṣā śyāvāruṇā yā tu vāyavī sā hataprabhā vāyavī+sā
ā m → ī m	consonant / other	4	0.01	siddhā varāhaniryūhe yavāgūrbṛṃhaṇī matā bṛṃhaṇā→yavāgūrbṛṃhaṇī +matā · tadyathā jīvakarṣabhakau jīvantī vīrā tāmalakī kākolī kṣīrakākolī mudgaparṇī māṣaparṇī śālaparṇī pṛśniparṇyasanaparṇī medā mahāmedā karkaṭaśṛṅgī śṛṅgāṭikā chinnaruhā chattrāticchatrā śrāvaṇī mahāśrāvaṇī sahadevā viśvadevā śuklā kṣīraśuklā balātibalā vidārī kṣīravidārī kṣudrasahā mahāsahā ṛṣyagandhāśvagandhā vṛścīraḥ punarnavā bṛhatī kaṇṭakārikorubūko moraṭaḥ śvadaṃṣṭrā saṃharṣā śatāvarī śatapuṣpā madhūkapuṣpī yaṣṭīmadhu madhūlikā mṛdvīkā kharjūraṃ parūṣakamātmaguptā puṣkarabījaṃ kaśerukaṃ rājakaśerukaṃ rājādanaṃ katakaṃ kāśmaryaṃ śītapākyodanapākī tālakharjūramastakamikṣurikṣuvālikā darbhaḥ kuśaḥ kāśaḥ śālir gundretkaṭakaḥ śaramūlaṃ rājakṣavakaḥ ṛṣyaproktā dvāradā bhāradvājī vanatrapuṣyabhīrupattrī haṃsapādī kākanāsikā kuliṅgākṣī kṣīravallī kapolavallī kapotavallī somavallī gopavallī madhuvallī ceti eṣāmevaṃvidhānāmanyeṣāṃ ca madhuravargaparisaṃkhyātānāmauṣadhadravyāṇāṃ chedyāni khaṇḍaśaśchedayitvā bhedyāni cāṇuśo bhedayitvā prakṣālya pānīyena suprakṣālitāyāṃ sthālyāṃ samāvāpya payasārdhodakenābhyāsicya sādhayeddarvyā satatamavaghaṭṭayan tadupayuktabhūyiṣṭhe 'mbhasi gataraseṣvauṣadheṣu payasi cānupadagdhe sthālīmupahṛtya suparipūtaṃ payaḥ sukhoṣṇaṃ ghṛtatailavasāmajjalavaṇaphāṇitopahitaṃ bastiṃ vātavikāriṇe vidhijño vidhivaddadyāt śītaṃ tu madhusarpirbhyāmupasaṃsṛjya pittavikāriṇe vidhivaddadyāt śrāvaṇī+mahāśrāvaṇī · śuddhavaidūryavimalā susnigdhā cāmbhasī matā āmbhasā→cāmbhasī +matā · athendras tadāyurvedāmṛtam ṛṣibhyaḥ saṃkramyovāca etatsarvamanuṣṭheyam ayaṃ ca śivaḥ kālo rasāyanānāṃ divyāścauṣadhayo himavatprabhavāḥ prāptavīryāḥ tadyathā aindrī brāhmī payasyā kṣīrapuṣpī śrāvaṇī mahāśrāvaṇī śatāvarī vidārī jīvantī punarnavā nāgabalā sthirā vacā chattrā aticchatrā medā mahāmedā jīvanīyāścānyāḥ payasā prayuktāḥ ṣaṇmāsāt paramāyurvayaśca taruṇamanāmayatvaṃ svaravarṇasampadam upacayaṃ medhāṃ smṛtimuttamabalam iṣṭāṃścāparān bhāvān āvahanti siddhāḥ śrāvaṇī+mahāśrāvaṇī
a ś → ī ś	consonant / other	4	0.01	daśamūlīśṛtā kāsahikkāśvāsakaphāpahā daśamūla+śṛtā→daśamūlīśṛtā · mucyate jvaritaḥ pītvā pañcamūlīśṛtaṃ payaḥ pañcamūla+śṛtam→pañcamūlīśṛtaṃ · savyoṣakṣāralavaṇaṃ daśamūlīśṛtaṃ ghṛtam daśamūla+śṛtam→daśamūlīśṛtaṃ · pañcamūlīśṛtaṃ toyaṃ purāṇaṃ vāruṇīrasam pañcamūla+śṛtam→pañcamūlīśṛtaṃ
s ā → Ø ā	consonant / other	4	0.01	athāta āragvadhīyamadhyāyaṃ vyākhyāsyāmaḥ atas→athāta +āragvadhīyam · athāta ātreyabhadrakāpyīyam adhyāyaṃ vyākhyāsyāmaḥ atas→athāta +ātreyabhadrakāpyīyam · athāta āyurvedasamutthānīyaṃ rasāyanapādaṃ vyākhyāsyāmaḥ atas→athāta +āyurvedasamutthānīyaṃ · athāta āsiktakṣīrikaṃ vājīkaraṇapādaṃ vyākhyāsyāmaḥ atas→athāta +āsiktakṣīrikaṃ
ṣ ā → ḍ ā	consonant / other	4	0.01	uktāni saṃgraheṇeha tathaivaiṣāṃ ṣaḍāśrayāḥ ṣaṣ+āśrayāḥ→ṣaḍāśrayāḥ · tadyathā āhāratvam āhārasyaikavidham arthābhedāt sa punardviyoniḥ sthāvarajaṅgamātmakatvāt dvividhaprabhāvaḥ hitāhitodarkaviśeṣāt caturvidhopayogaḥ pānāśanabhakṣyalehyopayogāt ṣaḍāsvādaḥ rasabhedataḥ ṣaḍvidhatvāt viṃśatiguṇaḥ gurulaghuśītoṣṇasnigdharūkṣamandatīkṣṇasthirasaramṛdukaṭhinaviśadapicchilaślakṣṇakharasūkṣmasthūlasāndradravānugamāt aparisaṃkhyeyavikalpaḥ dravyasaṃyogakaraṇabāhulyāt ṣaṣ+āsvādaḥ→ṣaḍāsvādaḥ · tasmāddravyāṇāṃ caikadeśamudāharaṇārthaṃ raseṣvanuvibhajya rasaikaikaśyena ca nāmalakṣaṇārthaṃ ṣaḍāsthāpanaskandhā rasato 'nuvibhajya vyākhyāsyante ṣaṣ+āsthāpana→ṣaḍāsthāpanaskandhā · ityete ṣaḍāsthāpanaskandhā rasato 'nuvibhajya vyākhyātāḥ ṣaṣ+āsthāpana→ṣaḍāsthāpanaskandhā
c e → g e	consonant / other	4	0.01	hrīveraṃ candanaṃ patraṃ tvagelośīrapadmakam tvac+elā→tvagelośīrapadmakam · palamekaṃ nidadhyācca tvagelāpattrakesarāt tvac+elā→tvagelāpattrakesarāt · kṣipeccūrṇapalaṃ caikaṃ tvagelāpatrakeśarāt tvac+elā→tvagelāpatrakeśarāt · tvagelākesarāṇāṃ ca cūrṇair ardhapalonmitaiḥ tvac+elā→tvagelākesarāṇāṃ
ām s → īṃ s	anusvāra / nasal	4	0.01	snehāktām agnisaṃpluṣṭāṃ pibet prāyogikīṃ sukhām prāyogikīṃ+sukhām · vyapagatavibandhāṃ caināṃ sukhasalilapariṣiktāṅgīṃ sthairyakaram avidāhinam āhāraṃ bhuktavatīṃ sāyaṃ madhurakasiddhena tailenānuvāsayet aṅgām→sukhasalilapariṣiktāṅgīṃ +sthairya · śṛtāṃ vidārīgandhādyair dīpanīṃ svedanīṃ naraḥ dīpanīṃ+svedanīṃ · ghṛtatailena cābhyaṅgaṃ pānārthaṃ taruṇīṃ surām taruṇīṃ+surām
a p → nā p	consonant / other	4	0.01	nāratnapāṇir nāsnāto nopahatavāsā nājapitvā nāhutvā devatābhyo nānirūpya pitṛbhyo nādattvā gurubhyo nātithibhyo nopāśritebhyo nāpuṇyagandho nāmālī nāprakṣālitapāṇipādavadano nāśuddhamukho nodaṅmukho na vimanā nābhaktāśiṣṭāśucikṣudhitaparicaro na pātrīṣvamedhyāsu nādeśe nākāle nākīrṇe nādattvāgramagnaye nāprokṣitaṃ prokṣaṇodakairna mantrair anabhimantritaṃ na kutsayanna kutsitaṃ na pratikūlopahitamannamādadīta na paryuṣitamanyatra māṃsaharitakaśuṣkaśākaphalabhakṣyebhyaḥ nāśeṣabhuk syādanyatra dadhimadhulavaṇasaktusarpirbhyaḥ na naktaṃ dadhi bhuñjīta na saktūn ekān aśnīyānna niśi na bhuktvā na bahūnna dvirnodakāntaritānna chittvā dvijairbhakṣayet a+prakṣālita→nāprakṣālitapāṇipādavadano · nāratnapāṇir nāsnāto nopahatavāsā nājapitvā nāhutvā devatābhyo nānirūpya pitṛbhyo nādattvā gurubhyo nātithibhyo nopāśritebhyo nāpuṇyagandho nāmālī nāprakṣālitapāṇipādavadano nāśuddhamukho nodaṅmukho na vimanā nābhaktāśiṣṭāśucikṣudhitaparicaro na pātrīṣvamedhyāsu nādeśe nākāle nākīrṇe nādattvāgramagnaye nāprokṣitaṃ prokṣaṇodakairna mantrair anabhimantritaṃ na kutsayanna kutsitaṃ na pratikūlopahitamannamādadīta na paryuṣitamanyatra māṃsaharitakaśuṣkaśākaphalabhakṣyebhyaḥ nāśeṣabhuk syādanyatra dadhimadhulavaṇasaktusarpirbhyaḥ na naktaṃ dadhi bhuñjīta na saktūn ekān aśnīyānna niśi na bhuktvā na bahūnna dvirnodakāntaritānna chittvā dvijairbhakṣayet a+prokṣitam→nāprokṣitaṃ · na kāryakālamatipātayet nāparīkṣitam abhiniviśet nendriyavaśagaḥ syāt na cañcalaṃ mano 'nubhrāmayet na buddhīndriyāṇāmatibhāramādadhyāt na cātidīrghasūtrī syāt na krodhaharṣāvanuvidadhyāt na śokamanuvaset na siddhāvutsekaṃ yacchennāsiddhau dainyaṃ prakṛtimabhīkṣṇaṃ smaret hetuprabhāvaniścitaḥ syāddhetvārambhanityaśca na kṛtamityāśvaset na vīryaṃ jahyāt nāpavādamanusmaret a+parīkṣitam→nāparīkṣitam · tāḥ sarvāḥ samavekṣya sarvaṃ vākyaṃ brūyāt nāprakṛtakam aśāstram aparīkṣitam asādhakam ākulam avyāpakaṃ vā a+prakṛtakam→nāprakṛtakam
j c → k c	consonant / other	4	0.01	naurmārutavaśevājño bhiṣak carati karmasu bhiṣak+carati · bhiṣak catuṣṭaye yuktaḥ prāṇābhisara ucyate bhiṣak+catuṣṭaye · tadyathā annaṃ vṛttikarāṇāṃ śreṣṭham udakamāśvāsakarāṇāṃ surā śramaharāṇāṃ kṣīraṃ jīvanīyānāṃ māṃsaṃ bṛṃhaṇīyānāṃ rasastarpaṇīyānāṃ lavaṇam annadravyarucikarāṇām amlaṃ hṛdyānāṃ kukkuṭo balyānāṃ nakrareto vṛṣyāṇāṃ madhu śleṣmapittapraśamanānāṃ sarpirvātapittapraśamanānāṃ tailaṃ vātaśleṣmapraśamanānāṃ vamanaṃ śleṣmaharāṇāṃ virecanaṃ pittaharāṇāṃ bastirvātaharāṇāṃ svedo mārdavakarāṇāṃ vyāyāmaḥ sthairyakarāṇāṃ kṣāraḥ puṃstvopaghātināṃ tindukam anannadravyarucikarāṇām āmaṃ kapittham utkaṇṭhyānām āvikaṃ sarpirahṛdyānām ajākṣīraṃ śoṣaghnastanyasātmyaraktasāṃgrāhikaraktapittapraśamanānām avikṣīraṃ śleṣmapittajananānāṃ mahiṣīkṣīraṃ svapnajananānāṃ mandakaṃ dadhyabhiṣyandakarāṇāṃ gavedhukānnaṃ karśanīyānām uddālakānnaṃ virūkṣaṇīyānām ikṣurmūtrajananānāṃ yavāḥ purīṣajananānāṃ jāmbavaṃ vātajananānāṃ śaṣkulyaḥ śleṣmapittajananānāṃ kulatthā amlapittajananānāṃ māṣāḥ śleṣmapittajananānāṃ madanaphalaṃ vamanāsthāpanānuvāsanopayogināṃ trivṛt sukhavirecanānāṃ caturaṅgulo mṛduvirecanānāṃ snukpayas tīkṣṇavirecanānāṃ pratyakpuṣpā śirovirecanānāṃ viḍaṅgaṃ krimighnānāṃ śirīṣo viṣaghnānāṃ khadiraḥ kuṣṭhaghnānāṃ rāsnā vātaharāṇām āmalakaṃ vayaḥsthāpanānāṃ harītakī pathyānām eraṇḍamūlaṃ vṛṣyavātaharāṇāṃ pippalīmūlaṃ dīpanīyapācanīyagudaśothārśaḥśūlaharāṇāṃ puṣkaramūlaṃ hikkāśvāsakāsapārśvaśūlaharāṇāṃ mustaṃ sāṃgrāhikadīpanīyapācanīyānām udīcyaṃ nirvāpaṇadīpanīyapācanīyacchardyatīsāraharāṇāṃ kaṭvaṅgaṃ sāṃgrāhikaraktapittapraśamanānām amṛtā sāṃgrāhikavātaharadīpanīyaśleṣmaśoṇitavibandhapraśamanānāṃ ativiṣā dīpanīyapācanīyasāṃgrāhikasarvadoṣaharāṇām utpalakumudapadmakiñjalkaḥ sāṃgrāhikaraktapittapraśamanānāṃ durālabhā pittaśleṣmapraśamanānāṃ gandhapriyaṅguḥ śoṇitapittātiyogapraśamanānāṃ kuṭajatvak śleṣmapittaraktasāṃgrāhikopaśoṣaṇānāṃ kāśmaryaphalaṃ raktasāṃgrāhikaraktapittapraśamanānāṃ pṛśniparṇī sāṃgrāhikavātaharadīpanīyavṛṣyāṇāṃ vidārigandhā vṛṣyasarvadoṣaharāṇāṃ balā sāṃgrāhikabalyavātaharāṇāṃ gokṣurako mūtrakṛcchrānilaharāṇāṃ hiṅguniryāsaś chedanīyadīpanīyānulomikavātakaphapraśamanānām amlavetaso bhedanīyadīpanīyānulomikavātaśleṣmaharāṇāṃ yāvaśūkaḥ sraṃsanīyapācanīyārśoghnānāṃ takrābhyāso grahaṇīdoṣaśophārśoghṛtavyāpatpraśamanānāṃ kravyānmāṃsarasābhyāso grahaṇīdoṣaśoṣārśoghnānāṃ kṣīraghṛtābhyāso rasāyanānāṃ samaghṛtasaktuprāśābhyāso vṛṣyodāvartaharānāṃ tailagaṇḍūṣābhyāso dantabalarucikarāṇāṃ candanaṃ durgandhaharadāhanirvāpaṇalepanānāṃ rāsnāguruṇī śītāpanayanapralepanānāṃ lāmajjakośīraṃ dāhatvagdoṣasvedāpanayanapralepanānāṃ kuṣṭhaṃ vātaharābhyaṅgopanāhopayogināṃ madhukaṃ cakṣuṣyavṛṣyakeśyakaṇṭhyavarṇyavirajanīyaropaṇīyānāṃ vāyuḥ prāṇasaṃjñāpradānahetūnām agnir āmastambhaśītaśūlodvepanapraśamanānāṃ jalaṃ stambhanīyānāṃ mṛdbhṛṣṭaloṣṭranirvāpitam udakaṃ tṛṣṇāchardyatiyogapraśamanānām atimātrāśanamāmapradoṣahetūnāṃ yathāgnyabhyavahāro 'gnisaṃdhukṣaṇānāṃ yathāsātmyaṃ ceṣṭābhyavahārau sevyānāṃ kālabhojanamārogyakarāṇāṃ tṛptirāhāraguṇānāṃ vegasaṃdhāraṇam anārogyakarāṇāṃ madyaṃ saumanasyajananānām madyākṣepo dhīdhṛtismṛtiharāṇāṃ gurubhojanaṃ durvipākakarāṇām ekāśanabhojanaṃ sukhapariṇāmakarāṇāṃ strīṣvatiprasaṅgaḥ śoṣakarāṇāṃ śukraveganigrahaḥ ṣāṇḍhyakarāṇāṃ parāghātanam annāśraddhājananānām anaśanamāyuṣo hrāsakarāṇāṃ pramitāśanaṃ karśanīyānām ajīrṇādhyaśanaṃ grahaṇīdūṣaṇānāṃ viṣamāśanamagnivaiṣamyakarāṇāṃ viruddhavīryāśanaṃ ninditavyādhikarāṇāṃ praśamaḥ pathyānāṃ āyāsaḥ sarvāpathyānāṃ mithyāyogo vyādhikarāṇāṃ rajasvalābhigamanamalakṣmīmukhānāṃ brahmacaryamāyuṣyāṇāṃ paradārābhigamanamanāyuṣyāṇāṃ saṅkalpo vṛṣyāṇāṃ daurmanasyam avṛṣyāṇām ayathābalamārambhaḥ prāṇoparodhināṃ viṣādo rogavardhanānāṃ snānaṃ śramaharāṇāṃ harṣaḥ prīṇanānāṃ śokaḥ śoṣaṇānāṃ nivṛttiḥ puṣṭikarāṇāṃ puṣṭiḥ svapnakarāṇām atisvapnastandrākarāṇāṃ sarvarasābhyāso balakarāṇām ekarasābhyāso daurbalyakarāṇāṃ garbhaśalyamāhāryāṇām ajīrṇamuddhāryāṇāṃ bālo mṛdubheṣajīyānāṃ vṛddho yāpyānāṃ garbhinī tīkṣṇauṣadhavyavāyavyāyāmavarjanīyānāṃ saumanasyaṃ garbhadhāraṇānāṃ sannipāto duścikitsyānām āmo viṣamacikitsyānāṃ jvaro rogāṇāṃ kuṣṭhaṃ dīrgharogāṇāṃ rājayakṣmā rogasamūhānāṃ prameho 'nuṣaṅgiṇāṃ jalaukaso 'nuśastrāṇāṃ bastistantrāṇāṃ himavānauṣadhibhūmīnāṃ soma oṣadhīnāṃ marubhūmirārogyadeśānām anūpo 'hitadeśānām nirdeśakāritvamāturaguṇānāṃ bhiṣak cikitsāṅgānāṃ nāstiko varjyānāṃ laulyaṃ kleśakarāṇām anirdeśakāritvamariṣṭānāṃ anirvedo vārttalakṣaṇānāṃ vaidyasamūho niḥsaṃśayakarāṇāṃ yogo vaidyaguṇānāṃ vijñānamauṣadhīnāṃ śāstrasahitastarkaḥ sādhanānāṃ sampratipattiḥ kālajñānaprayojanānām avyavasāyaḥ kālātipattihetūnāṃ dṛṣṭakarmatā niḥsaṃśayakarāṇām asamarthatā bhayakarāṇāṃ tadvidyasaṃbhāṣā buddhivardhanānām ācāryaḥ śāstrādhigamahetūnām āyurvedo 'mṛtānāṃ sadvacanamanuṣṭheyānām asadgrahaṇaṃ sarvāhitānāṃ sarvasaṃnyāsaḥ sukhānāmiti bhiṣak+cikitsā · viprativādāstvatra bahuvidhāḥ sūtrakṛtāmṛṣīṇāṃ santi sarveṣāṃ tānapi nibodhocyamānān śiraḥpūrvam abhinirvartate kukṣāviti kumāraśirā bharadvājaḥ paśyati sarvendriyāṇāṃ tadadhiṣṭhānamiti kṛtvā hṛdayamiti kāṅkāyano bāhlīkabhiṣak cetanādhiṣṭhānatvāt nābhiriti bhadrakāpyaḥ āhārāgama itikṛtvā pakvāśayagudam iti bhadraśaunakaḥ mārutādhiṣṭhānatvāt hastapādamiti baḍiśaḥ tatkaraṇatvātpuruṣasya indriyāṇīti janako vaidehaḥ tānyasya buddhyadhiṣṭhānānīti kṛtvā parokṣatvād acintyamiti mārīciḥ kaśyapaḥ sarvāṅgābhinirvṛttiryugapad iti dhanvantariḥ tadupapannaṃ sarvāṅgānāṃ tulyakālābhinirvṛttatvāddhṛdayaprabhṛtīnām bhiṣaj→bāhlīkabhiṣak +cetanā
d h → dd h	consonant / other	4	0.01	para ātmā sa ceddheturiṣṭo'stu paranirmitiḥ ced+hetuḥ→ceddheturiṣṭo'stu · na sa taddhetukaḥ kleśo na hyasti kṛtakṛtyatā tad+hetukaḥ→taddhetukaḥ · kaściddhi rogo rogasya heturbhūtvā praśāmyati kaścid+hi→kaściddhi · taddhetuvaśagaṃ hetorabhāvānnānuvartate tad+hetu→taddhetuvaśagaṃ
n i → nn i	consonant / other	4	0.01	evaṃ pramāṇaiścaturbhirupadiṣṭe punarbhave dharmadvāreṣv avadhīyeta tadyathā guruśuśrūṣāyām adhyayane vratacaryāyāṃ dārakriyāyāmapatyotpādane bhṛtyabharaṇe 'tithipūjāyāṃ dāne 'nabhidhyāyāṃ tapasyanasūyāyāṃ dehavāṅmānase karmaṇyakliṣṭe dehendriyamano'rthabuddhyātmaparīkṣāyāṃ manaḥsamādhāviti yāni cānyānyapyevaṃvidhāni karmāṇi satām avigarhitāni svargyāṇi vṛttipuṣṭikarāṇi vidyāt tānyārabheta kartuṃ tathā kurvanniha caiva yaśo labhate pretya ca svargam kurvan+iha→kurvanniha · kṣīṇe śakṛti cāntrāṇi pīḍayanniva mārutaḥ pīḍayan+iva→pīḍayanniva · tatredamupadiśanti buddhimantaḥ rogam ekaikam evaṃprakopaṇam evaṃyonim evamutthānam evamātmānam evamadhiṣṭhānam evaṃvedanam evaṃsaṃsthānam evaṃśabdasparśarūparasagandham evamupadravam evaṃvṛddhisthānakṣayasamanvitam evamudarkam evaṃnāmānam evaṃyogaṃ vidyāt tasminniyaṃ pratīkārārthā pravṛttirathavā nivṛttirityupadeśājjñāyate tasmin+iyam→tasminniyaṃ · nikaṣanniva yaḥ pādau cyutāṃsaḥ paridhāvati nikaṣan+iva→nikaṣanniva
iḥ y → Ø y	visarga	4	0.01	snehānāṃ dvividhā saumya yoniḥ sthāvarajaṅgamā saumya+yoniḥ · tamuvāca bhagavānātreyaḥ śakyaṃ tathā pratividhātum asmābhir asmadvidhair vāpyagniveśa yathā prativihite sidhyedevauṣadhamekāntena tacca prayogasauṣṭhavamupadeṣṭuṃ yathāvat nahi kaścidasti ya etadevamupadiṣṭamupadhārayitumutsaheta upadhārya vā tathā pratipattuṃ prayoktuṃ vā sūkṣmāṇi hi doṣabheṣajadeśakālabalaśarīrāhārasātmyasattvaprakṛtivayasām avasthāntarāṇi yānyanucintyamānāni vimalavipulabuddherapi buddhimākulīkuryuḥ kiṃ punaralpabuddheḥ tasmādubhayametadyathāvadupadekṣyāmaḥ samyakprayogaṃ cauṣadhānāṃ vyāpannānāṃ ca vyāpatsādhanāni siddhiṣūttarakālam agniveśaiḥ→vāpyagniveśa +yathā · śrūyatāmatra yā somya yuktirdṛṣṭā maharṣibhiḥ somya+yuktiḥ · tamuvāca bhagavānātreyaḥ śrūyatāmagniveśa yathā yānasamāyukto'kṣaḥ prakṛtyaivākṣaguṇairupetaḥ sa ca sarvaguṇopapanno vāhyamāno yathākālaṃ svapramāṇakṣayād evāvasānaṃ gacchet tathāyuḥ śarīropagataṃ balavatprakṛtyā yathāvadupacaryamāṇaṃ svapramāṇakṣayād evāvasānaṃ gacchati sa mṛtyuḥ kāle agniveśaiḥ→śrūyatāmagniveśa +yathā
ā ū → o	vowel coalescence	4	0.01	pāṣāṇān voṣmaṇā tena tatsthaḥ svidyati nā sukham vā+ūṣmaṇā→voṣmaṇā · jaṅghorusadanaṃ tandrā staimityaṃ pīnasāgamaḥ jaṅghā+ūru→jaṅghorusadanaṃ · pañca gulmā iti vātapittakaphasannipātaśoṇitajāḥ pañca plīhadoṣā iti gulmairvyākhyātāḥ pañca kāsā iti vātapittakaphakṣatakṣayajāḥ pañca śvāsā iti mahordhvacchinnatamakakṣudrāḥ pañca hikkā iti mahatī gambhīrā vyapetā kṣudrānnajā ca pañca tṛṣṇā iti vātapittāmakṣayopasargātmikāḥ pañca chardaya iti dviṣṭārthasaṃyogajā vātapittakaphasannipātodrekotthāśca pañca bhaktasyānaśanasthānānīti vātapittakaphasannipātadveṣāḥ pañca śirorogā iti pūrvoddeśamabhisamasya vātapittakaphasannipātakrimijāḥ pañca hṛdrogā iti śirorogairvyākhyātāḥ pañca pāṇḍurogā iti vātapittakaphasannipātamṛdbhakṣaṇajāḥ pañconmādā iti vātapittakaphasannipātāgantunimittāḥ mahā+ūrdhva→mahordhvacchinnatamakakṣudrāḥ · viṇmūtrasaṃgrahaḥ śūlaṃ jaṅghorutrikasaṃśrayam jaṅghā+ūru→jaṅghorutrikasaṃśrayam
s → aḥ s	consonant / other	4	0.01	ekāṅgasarvāṅgataḥ snigdho rūkṣastathaiva ca aṅgāt→ekāṅgasarvāṅgataḥ +snigdho · cūrṇatailaghṛtakṣaudrabhāgāḥ syurmānataḥ samāḥ mānāt→syurmānataḥ +samāḥ · tadāyur vedayatītyāyurvedaḥ kathamiti cet ucyate svalakṣaṇataḥ sukhāsukhato hitāhitataḥ pramāṇāpramāṇataśca yataścāyuṣyāṇyanāyuṣyāṇi ca dravyaguṇakarmāṇi vedayatyato'pyāyurvedaḥ lakṣaṇāt→svalakṣaṇataḥ +sukha · yatra tu khalu vamanādīnāṃ pravṛttiḥ yatra ca nivṛttiḥ tadvyāsataḥ siddhiṣūttaramupadekṣyāmaḥ vyāsāt→tadvyāsataḥ +siddhiṣu
s → tat s	consonant / other	4	0.01	tattat sevyaṃ yathāśakti vasanānyaśanāni ca tat→tattat +sevyaṃ · tattat sevyaṃ prayatnena praśamo jñānameva ca tat→tattat +sevyaṃ · etattat saumya vijñānaṃ yajjñātvā muktasaṃśayāḥ tat→etattat +saumya · kṛṣṇakapālikāśūrpeṇa cainamabhiniṣpuṇīyur yadyaceṣṭaḥ syād yāvat prāṇānāṃ pratyāgamanam tattat sarvameva kāryam tat→tattat +sarvam
s v → r v	consonant / other	4	0.01	sarpirvarṇaṃ madhurasaṃ lājagandhi prajāyate sarpis+varṇam→sarpirvarṇaṃ · pratyakṣatastu khalu rogatattvaṃ bubhutsuḥ sarvairindriyaiḥ sarvānindriyārthān āturaśarīragatān parīkṣeta anyatra rasajñānāt tadyathā antrakūjanaṃ sandhisphuṭanam aṅgulīparvaṇāṃ ca svaraviśeṣāṃśca ye cānye'pi keciccharīropagatāḥ śabdāḥ syustāñchrotreṇa parīkṣeta varṇasaṃsthānapramāṇacchāyāḥ śarīraprakṛtivikārau cakṣurvaiṣayikāṇi yāni cānyānyanuktāni tāni cakṣuṣā parīkṣeta rasaṃ tu khalvāturaśarīragatam indriyavaiṣayikam apyanumānād avagacchet na hyasya pratyakṣeṇa grahaṇam upapadyate tasmādāturaparipraśnenaivāturamukharasaṃ vidyāt yūkāpasarpaṇena tvasya śarīravairasyaṃ makṣikopasarpaṇena śarīramādhuryaṃ lohitapittasaṃdehe tu kiṃ dhārilohitaṃ lohitapittaṃ veti śvakākabhakṣaṇāddhārilohitam abhakṣaṇāllohitapittam ityanumātavyam evam anyān apyāturaśarīragatān rasānanumimīta gandhāṃstu khalu sarvaśarīragatānāturasya prakṛtivaikārikān ghrāṇena parīkṣeta sparśaṃ ca pāṇinā prakṛtivikṛtiyuktam cakṣus+vaiṣayikāṇi→cakṣurvaiṣayikāṇi · tadyathā ekaikajā mṛdavo'lpāḥ snigdhāḥ subaddhamūlāḥ kṛṣṇāḥ keśāḥ praśasyante sthirā bahalā tvak prakṛtyātisampannam īṣatpramāṇātivṛttam anurūpam ātapatropamaṃ śiraḥ vyūḍhaṃ dṛḍhaṃ samaṃ suśliṣṭaśaṅkhasandhyūrdhvavyañjanasampannam upacitaṃ valibham ardhacandrākṛti lalāṭaṃ bahalau vipulasamapīṭhau samau nīcair vṛddhau pṛṣṭhato'vanatau suśliṣṭakarṇaputrakau mahāchidrau karṇau īṣat pralambinyāvasaṃgate same saṃhate mahatyau bhruvau same samāhitadarśane vyaktabhāgavibhāge balavatī tejasopapanne svaṅgāpāṅge cakṣuṣī ṛjvī mahocchvāsā vaṃśasampanneṣadavanatāgrā nāsikā mahadṛjusuniviṣṭadantam āsyam āyāmavistāropapannā ślakṣṇā tanvī prakṛtivarṇayuktā jihvā ślakṣṇaṃ yuktopacayam ūṣmopapannaṃ raktaṃ tālu mahān adīnaḥ snigdho 'nunādī gambhīrasamuttho dhīraḥ svaraḥ nātisthūlau nātikṛśau vistāropapannāvāsyapracchādanau raktāvoṣṭhau mahatyau hanū vṛttā nātimahatī grīvā vyūḍhamupacitam uraḥ gūḍhaṃ jatru pṛṣṭhavaṃśaśca viprakṛṣṭāntarau stanau asaṃpātinī sthire pārśve vṛttaparipūrṇāyatau bāhū sakthinī aṅgulayaśca mahadupacitaṃ pāṇipādaṃ sthirā vṛttāḥ snigdhāstāmrāstuṅgāḥ kūrmākārāḥ karajāḥ pradakṣiṇāvartā sotsaṅgā ca nābhiḥ urastribhāgahīnā samā samupacitamāṃsā kaṭī vṛttau sthiropacitamāṃsau nātyunnatau nātyavanatau sphicau anupūrvaṃ vṛttāvupacayayuktāvūrū nātyupacite nātyapacite eṇīpade pragūḍhasirāsthisaṃdhī jaṅghe nātyupacitau nātyapacitau gulphau pūrvopadiṣṭaguṇau pādau kūrmākārau prakṛtiyuktāni vātamūtrapurīṣaguhyāni tathā svaprajāgaraṇāyāsasmitaruditastanagrahaṇāni yacca kiṃcid anyad apyanuktam asti tadapi sarvaṃ prakṛtisampannam iṣṭaṃ viparītaṃ punaraniṣṭam nīcair+vṛddhau · bahirvegasya liṅgāni sukhasādhyatvameva ca bahis+vegasya→bahirvegasya
ām p → īṃ p	anusvāra / nasal	4	0.01	vātikīṃ paittikīṃ tṛṣṇādāhamohamadajvaraiḥ vātikīṃ+paittikīṃ · āyuṣyāṃ pauṣṭikīṃ dhanyāṃ vayasaḥ sthāpanīṃ parām sthāpanīṃ+parām · gulmaśaithilyajananīṃ paktvā mātrāṃ prayojayet jananām→gulmaśaithilyajananīṃ +paktvā · traiphalenāyasīṃ pātrīṃ kalkenālepayen navām āyasām→traiphalenāyasīṃ +pātrīṃ
c p → k p	consonant / other	4	0.01	yaḥ pītanetravaktratvak pūrvaṃ madhyāt praśūyate tvac→pītanetravaktratvak +pūrvaṃ · etadyathāvatsaṃkhyātaṃ tvakprabhṛti dṛśyaṃ tarkyamataḥ param tvac+prabhṛti→tvakprabhṛti · tadyathā ekaikajā mṛdavo'lpāḥ snigdhāḥ subaddhamūlāḥ kṛṣṇāḥ keśāḥ praśasyante sthirā bahalā tvak prakṛtyātisampannam īṣatpramāṇātivṛttam anurūpam ātapatropamaṃ śiraḥ vyūḍhaṃ dṛḍhaṃ samaṃ suśliṣṭaśaṅkhasandhyūrdhvavyañjanasampannam upacitaṃ valibham ardhacandrākṛti lalāṭaṃ bahalau vipulasamapīṭhau samau nīcair vṛddhau pṛṣṭhato'vanatau suśliṣṭakarṇaputrakau mahāchidrau karṇau īṣat pralambinyāvasaṃgate same saṃhate mahatyau bhruvau same samāhitadarśane vyaktabhāgavibhāge balavatī tejasopapanne svaṅgāpāṅge cakṣuṣī ṛjvī mahocchvāsā vaṃśasampanneṣadavanatāgrā nāsikā mahadṛjusuniviṣṭadantam āsyam āyāmavistāropapannā ślakṣṇā tanvī prakṛtivarṇayuktā jihvā ślakṣṇaṃ yuktopacayam ūṣmopapannaṃ raktaṃ tālu mahān adīnaḥ snigdho 'nunādī gambhīrasamuttho dhīraḥ svaraḥ nātisthūlau nātikṛśau vistāropapannāvāsyapracchādanau raktāvoṣṭhau mahatyau hanū vṛttā nātimahatī grīvā vyūḍhamupacitam uraḥ gūḍhaṃ jatru pṛṣṭhavaṃśaśca viprakṛṣṭāntarau stanau asaṃpātinī sthire pārśve vṛttaparipūrṇāyatau bāhū sakthinī aṅgulayaśca mahadupacitaṃ pāṇipādaṃ sthirā vṛttāḥ snigdhāstāmrāstuṅgāḥ kūrmākārāḥ karajāḥ pradakṣiṇāvartā sotsaṅgā ca nābhiḥ urastribhāgahīnā samā samupacitamāṃsā kaṭī vṛttau sthiropacitamāṃsau nātyunnatau nātyavanatau sphicau anupūrvaṃ vṛttāvupacayayuktāvūrū nātyupacite nātyapacite eṇīpade pragūḍhasirāsthisaṃdhī jaṅghe nātyupacitau nātyapacitau gulphau pūrvopadiṣṭaguṇau pādau kūrmākārau prakṛtiyuktāni vātamūtrapurīṣaguhyāni tathā svaprajāgaraṇāyāsasmitaruditastanagrahaṇāni yacca kiṃcid anyad apyanuktam asti tadapi sarvaṃ prakṛtisampannam iṣṭaṃ viparītaṃ punaraniṣṭam tvak+prakṛtyā · dhanvani kuśāstīrṇe snigdhakṛṣṇamadhuramṛttike suvarṇavarṇamṛttike vā vyapagataviṣaśvāpadapavanasalilāgnidoṣe karṣaṇavalmīkaśmaśānacaityoṣarāvasathavarjite deśe yathartusukhapavanasalilādityasevite jātāny anupahatāny anadhyārūḍhāny abālāny ajīrṇāny adhigatavīryāṇi śīrṇapurāṇaparṇāny asaṃjātāny aparṇāni tapasi tapasye vā māse śuciḥ prayataḥ kṛtadevārcanaḥ svasti vācayitvā dvijātīn cale sumuhūrte nāgabalāmūlāny uddharet teṣāṃ suprakṣālitānāṃ tvakpiṇḍam āmramātram akṣamātraṃ vā ślakṣṇapiṣṭamāloḍya payasā prātaḥ prayojayet cūrṇīkṛtāni vā pibet payasā madhusarpirbhyāṃ vā saṃyojya bhakṣayet jīrṇe ca kṣīrasarpirbhyāṃ śāliṣaṣṭikam aśnīyāt tvac+piṇḍam→tvakpiṇḍam
c a → g a	consonant / other	4	0.01	pittavikārāṃścatvāriṃśatam ata ūrdhvamanuvyākhyāsyāmaḥ oṣaśca ploṣaśca dāhaśca davathuśca dhūmakaśca amlakaśca vidāhaśca antardāhaśca aṃsadāhaśca ūṣmādhikyaṃ ca atisvedaśca aṅgasvedaśca aṅgagandhaśca aṅgāvadaraṇaṃ ca śoṇitakledaśca māṃsakledaśca tvagdāhaśca māṃsadāhaśca tvagavadaraṇaṃ ca carmadalanaṃ ca raktakoṭhaśca raktavisphoṭaśca raktapittaṃ ca raktamaṇḍalāni ca haritatvaṃ ca hāridratvaṃ ca nīlikā ca kakṣā ca kāmalā ca tiktāsyatā ca lohitagandhāsyatā ca pūtimukhatā ca tṛṣṇādhikyaṃ ca atṛptiśca āsyavipākaśca galapākaśca akṣipākaśca gudapākaśca meḍhrapākaśca jīvādānaṃ ca tamaḥpraveśaśca haritahāridranetramūtravarcastvaṃ ca iti catvāriṃśatpittavikārāḥ pittavikārāṇām aparisaṃkhyeyānāmāviṣkṛtatamā vyākhyātāḥ tvac+avadaraṇam→tvagavadaraṇaṃ · tvagasthiśeṣo 'tikṛśaḥ sthūlaparvā naro mataḥ tvac+asthi→tvagasthiśeṣo · tadyathā daśodakasyāñjalayaḥ śarīre svenāñjalipramāṇena yattu pracyavamānaṃ purīṣamanubadhnātyatiyogena tathā mūtraṃ rudhiramanyāṃśca śarīradhātūn yattu sarvaśarīracaraṃ bāhyā tvagbibharti yattu tvagantare vraṇagataṃ lasīkāśabdaṃ labhate yaccoṣmaṇānubaddhaṃ lomakūpebhyo niṣpatat svedaśabdam avāpnoti tadudakaṃ daśāñjalipramāṇaṃ navāñjalayaḥ pūrvasyāhārapariṇāmadhātoḥ yaṃ rasa ityācakṣate aṣṭau śoṇitasya sapta purīṣasya ṣaṭ śleṣmaṇaḥ pañca pittasya catvāro mūtrasya trayo vasāyāḥ dvau medasaḥ eko majjāyāḥ mastiṣkasyārdhāñjaliḥ śukrasya tāvadeva pramāṇaṃ tāvadeva ślaiṣmikasyaujasa iti tvac+antare→tvagantare · pratatottānaśāyinyāḥ punargarbhasya nābhyāśrayā nāḍī kaṇṭhamanuveṣṭayati vivṛtaśāyinī naktaṃcāriṇī conmattaṃ janayati apasmāriṇaṃ punaḥ kalikalahaśīlā vyavāyaśīlā durvapuṣam ahrīkaṃ straiṇaṃ vā śokanityā bhītam apacitam alpāyuṣaṃ vā abhidhyātrī paropatāpinam īrṣyuṃ straiṇaṃ vā stenā tvāyāsabahulam atidrohiṇam akarmaśīlaṃ vā amarṣiṇī caṇḍamaupadhikam asūyakaṃ vā svapnanityā tandrālumabudham alpāgniṃ vā madyanityā pipāsālum alpasmṛtim anavasthitacittaṃ vā godhāmāṃsaprāyā śārkariṇam aśmariṇaṃ śanairmehiṇaṃ vā varāhamāṃsaprāyā raktākṣaṃ krathanam atiparuṣaromāṇaṃ vā matsyamāṃsanityā ciranimeṣaṃ stabdhākṣaṃ vā madhuranityā pramehiṇaṃ mūkamatisthūlaṃ vā amlanityā raktapittinaṃ tvagakṣirogiṇaṃ vā lavaṇanityā śīghravalīpalitaṃ khālityarogiṇaṃ vā kaṭukanityā durbalam alpaśukram anapatyaṃ vā tiktanityā śoṣiṇamabalamanupacitaṃ vā kaṣāyanityā śyāvam ānāhinam udāvartinaṃ vā yadyacca yasya yasya vyādher nidānamuktaṃ tattadāsevamānāntarvatnī tannimittavikārabahulam apatyaṃ janayati tvac+akṣi→tvagakṣirogiṇaṃ
p → u p	consonant / other	4	0.01	iha khalu śarīramadhikṛtyāṣṭau puruṣā ninditā bhavanti tadyathā atidīrghaśca atihrasvaśca atilomā ca alomā ca atikṛṣṇaśca atigauraśca atisthūlaśca atikṛśaśceti aṣṭa→śarīramadhikṛtyāṣṭau +puruṣā · sārataśceti sārāṇyaṣṭau puruṣāṇāṃ balamānaviśeṣajñānārthamupadiśyante tadyathā tvagraktamāṃsamedo'sthimajjaśukrasattvānīti aṣṭa→sārāṇyaṣṭau +puruṣāṇāṃ · iti sārāṇyaṣṭau puruṣāṇāṃ balapramāṇaviśeṣajñānārthamupadiṣṭāni bhavanti aṣṭa→sārāṇyaṣṭau +puruṣāṇāṃ · nidāne kāraṇānyaṣṭau pūrvoktāni vibhāgaśaḥ aṣṭa→kāraṇānyaṣṭau +pūrva
d l → l l	consonant / other	4	0.01	yat kiṃcillāghavakaraṃ dehe tallaṅghanaṃ smṛtam kiṃcid+lāghava→kiṃcillāghavakaraṃ · kecil laghūnām avaramicchanti lavaṇaṃ rasam kecil+laghūnām · vyapagatapipāsābubhukṣastu khalu garbhaḥ paratantravṛttir mātaramāśritya vartayatyupasnehopasvedābhyāṃ garbhāśaye sadasadbhūtāṅgāvayavaḥ tadanantaraṃ hyasya kaścil lomakūpāyanair upasnehaḥ kaścin nābhināḍyayanaiḥ kaścil+lomakūpa · sarvā mumūrṣatāṃ jñeyā na cellakṣyanimittajāḥ ced+lakṣya→cellakṣyanimittajāḥ
u ū → ū	vowel coalescence	4	0.01	hiṅgūṣaṇasamāyuktaṃ yāvat saṃjñāprabodhanam hiṅgu+ūṣaṇa→hiṅgūṣaṇasamāyuktaṃ · yuktau śeṣaiḥ pṛthagyogaṃ yātaḥ svādūṣaṇau tathā svādu+ūṣaṇau→svādūṣaṇau · kalpyate manasā tūrdhvaṃ guṇato doṣato'thavā tu+ūrdhvam→tūrdhvaṃ · paripākaṃ na saptāhenāpi yāti mṛdūṣmaṇām mṛdu+ūṣmaṇām→mṛdūṣmaṇām
d j → j j	consonant / other	4	0.01	kiṃnu bhoḥ puruṣo yajjastajjāstasyāmayāḥ smṛtāḥ yad+jaḥ→yajjastajjāstasyāmayāḥ · hitānyevāśitādīni na syus tajjās tathāmayāḥ tad+jāḥ→tajjās · tajjā hyahaṅkārasaṅgasaṃśayābhisaṃplavābhyavapātavipratyayāviśeṣānupāyās taruṇamiva drumamativipulaśākhāstaravo 'bhibhūya puruṣamavatatyaivottiṣṭhante yairabhibhūto na sattāmativartate tad+jāḥ→tajjā · atha cejjñātayastasya yāceran praṇipātataḥ ced+jñātayaḥ→cejjñātayastasya
ḥ o → Ø o	visarga	4	0.01	tadyathā annaṃ vṛttikarāṇāṃ śreṣṭham udakamāśvāsakarāṇāṃ surā śramaharāṇāṃ kṣīraṃ jīvanīyānāṃ māṃsaṃ bṛṃhaṇīyānāṃ rasastarpaṇīyānāṃ lavaṇam annadravyarucikarāṇām amlaṃ hṛdyānāṃ kukkuṭo balyānāṃ nakrareto vṛṣyāṇāṃ madhu śleṣmapittapraśamanānāṃ sarpirvātapittapraśamanānāṃ tailaṃ vātaśleṣmapraśamanānāṃ vamanaṃ śleṣmaharāṇāṃ virecanaṃ pittaharāṇāṃ bastirvātaharāṇāṃ svedo mārdavakarāṇāṃ vyāyāmaḥ sthairyakarāṇāṃ kṣāraḥ puṃstvopaghātināṃ tindukam anannadravyarucikarāṇām āmaṃ kapittham utkaṇṭhyānām āvikaṃ sarpirahṛdyānām ajākṣīraṃ śoṣaghnastanyasātmyaraktasāṃgrāhikaraktapittapraśamanānām avikṣīraṃ śleṣmapittajananānāṃ mahiṣīkṣīraṃ svapnajananānāṃ mandakaṃ dadhyabhiṣyandakarāṇāṃ gavedhukānnaṃ karśanīyānām uddālakānnaṃ virūkṣaṇīyānām ikṣurmūtrajananānāṃ yavāḥ purīṣajananānāṃ jāmbavaṃ vātajananānāṃ śaṣkulyaḥ śleṣmapittajananānāṃ kulatthā amlapittajananānāṃ māṣāḥ śleṣmapittajananānāṃ madanaphalaṃ vamanāsthāpanānuvāsanopayogināṃ trivṛt sukhavirecanānāṃ caturaṅgulo mṛduvirecanānāṃ snukpayas tīkṣṇavirecanānāṃ pratyakpuṣpā śirovirecanānāṃ viḍaṅgaṃ krimighnānāṃ śirīṣo viṣaghnānāṃ khadiraḥ kuṣṭhaghnānāṃ rāsnā vātaharāṇām āmalakaṃ vayaḥsthāpanānāṃ harītakī pathyānām eraṇḍamūlaṃ vṛṣyavātaharāṇāṃ pippalīmūlaṃ dīpanīyapācanīyagudaśothārśaḥśūlaharāṇāṃ puṣkaramūlaṃ hikkāśvāsakāsapārśvaśūlaharāṇāṃ mustaṃ sāṃgrāhikadīpanīyapācanīyānām udīcyaṃ nirvāpaṇadīpanīyapācanīyacchardyatīsāraharāṇāṃ kaṭvaṅgaṃ sāṃgrāhikaraktapittapraśamanānām amṛtā sāṃgrāhikavātaharadīpanīyaśleṣmaśoṇitavibandhapraśamanānāṃ ativiṣā dīpanīyapācanīyasāṃgrāhikasarvadoṣaharāṇām utpalakumudapadmakiñjalkaḥ sāṃgrāhikaraktapittapraśamanānāṃ durālabhā pittaśleṣmapraśamanānāṃ gandhapriyaṅguḥ śoṇitapittātiyogapraśamanānāṃ kuṭajatvak śleṣmapittaraktasāṃgrāhikopaśoṣaṇānāṃ kāśmaryaphalaṃ raktasāṃgrāhikaraktapittapraśamanānāṃ pṛśniparṇī sāṃgrāhikavātaharadīpanīyavṛṣyāṇāṃ vidārigandhā vṛṣyasarvadoṣaharāṇāṃ balā sāṃgrāhikabalyavātaharāṇāṃ gokṣurako mūtrakṛcchrānilaharāṇāṃ hiṅguniryāsaś chedanīyadīpanīyānulomikavātakaphapraśamanānām amlavetaso bhedanīyadīpanīyānulomikavātaśleṣmaharāṇāṃ yāvaśūkaḥ sraṃsanīyapācanīyārśoghnānāṃ takrābhyāso grahaṇīdoṣaśophārśoghṛtavyāpatpraśamanānāṃ kravyānmāṃsarasābhyāso grahaṇīdoṣaśoṣārśoghnānāṃ kṣīraghṛtābhyāso rasāyanānāṃ samaghṛtasaktuprāśābhyāso vṛṣyodāvartaharānāṃ tailagaṇḍūṣābhyāso dantabalarucikarāṇāṃ candanaṃ durgandhaharadāhanirvāpaṇalepanānāṃ rāsnāguruṇī śītāpanayanapralepanānāṃ lāmajjakośīraṃ dāhatvagdoṣasvedāpanayanapralepanānāṃ kuṣṭhaṃ vātaharābhyaṅgopanāhopayogināṃ madhukaṃ cakṣuṣyavṛṣyakeśyakaṇṭhyavarṇyavirajanīyaropaṇīyānāṃ vāyuḥ prāṇasaṃjñāpradānahetūnām agnir āmastambhaśītaśūlodvepanapraśamanānāṃ jalaṃ stambhanīyānāṃ mṛdbhṛṣṭaloṣṭranirvāpitam udakaṃ tṛṣṇāchardyatiyogapraśamanānām atimātrāśanamāmapradoṣahetūnāṃ yathāgnyabhyavahāro 'gnisaṃdhukṣaṇānāṃ yathāsātmyaṃ ceṣṭābhyavahārau sevyānāṃ kālabhojanamārogyakarāṇāṃ tṛptirāhāraguṇānāṃ vegasaṃdhāraṇam anārogyakarāṇāṃ madyaṃ saumanasyajananānām madyākṣepo dhīdhṛtismṛtiharāṇāṃ gurubhojanaṃ durvipākakarāṇām ekāśanabhojanaṃ sukhapariṇāmakarāṇāṃ strīṣvatiprasaṅgaḥ śoṣakarāṇāṃ śukraveganigrahaḥ ṣāṇḍhyakarāṇāṃ parāghātanam annāśraddhājananānām anaśanamāyuṣo hrāsakarāṇāṃ pramitāśanaṃ karśanīyānām ajīrṇādhyaśanaṃ grahaṇīdūṣaṇānāṃ viṣamāśanamagnivaiṣamyakarāṇāṃ viruddhavīryāśanaṃ ninditavyādhikarāṇāṃ praśamaḥ pathyānāṃ āyāsaḥ sarvāpathyānāṃ mithyāyogo vyādhikarāṇāṃ rajasvalābhigamanamalakṣmīmukhānāṃ brahmacaryamāyuṣyāṇāṃ paradārābhigamanamanāyuṣyāṇāṃ saṅkalpo vṛṣyāṇāṃ daurmanasyam avṛṣyāṇām ayathābalamārambhaḥ prāṇoparodhināṃ viṣādo rogavardhanānāṃ snānaṃ śramaharāṇāṃ harṣaḥ prīṇanānāṃ śokaḥ śoṣaṇānāṃ nivṛttiḥ puṣṭikarāṇāṃ puṣṭiḥ svapnakarāṇām atisvapnastandrākarāṇāṃ sarvarasābhyāso balakarāṇām ekarasābhyāso daurbalyakarāṇāṃ garbhaśalyamāhāryāṇām ajīrṇamuddhāryāṇāṃ bālo mṛdubheṣajīyānāṃ vṛddho yāpyānāṃ garbhinī tīkṣṇauṣadhavyavāyavyāyāmavarjanīyānāṃ saumanasyaṃ garbhadhāraṇānāṃ sannipāto duścikitsyānām āmo viṣamacikitsyānāṃ jvaro rogāṇāṃ kuṣṭhaṃ dīrgharogāṇāṃ rājayakṣmā rogasamūhānāṃ prameho 'nuṣaṅgiṇāṃ jalaukaso 'nuśastrāṇāṃ bastistantrāṇāṃ himavānauṣadhibhūmīnāṃ soma oṣadhīnāṃ marubhūmirārogyadeśānām anūpo 'hitadeśānām nirdeśakāritvamāturaguṇānāṃ bhiṣak cikitsāṅgānāṃ nāstiko varjyānāṃ laulyaṃ kleśakarāṇām anirdeśakāritvamariṣṭānāṃ anirvedo vārttalakṣaṇānāṃ vaidyasamūho niḥsaṃśayakarāṇāṃ yogo vaidyaguṇānāṃ vijñānamauṣadhīnāṃ śāstrasahitastarkaḥ sādhanānāṃ sampratipattiḥ kālajñānaprayojanānām avyavasāyaḥ kālātipattihetūnāṃ dṛṣṭakarmatā niḥsaṃśayakarāṇām asamarthatā bhayakarāṇāṃ tadvidyasaṃbhāṣā buddhivardhanānām ācāryaḥ śāstrādhigamahetūnām āyurvedo 'mṛtānāṃ sadvacanamanuṣṭheyānām asadgrahaṇaṃ sarvāhitānāṃ sarvasaṃnyāsaḥ sukhānāmiti soma+oṣadhīnāṃ · ta evaṃguṇayogācchleṣmalā balavanto vasumanto vidyāvanta ojasvinaḥ śāntā āyuṣmantaśca bhavanti vidyāvanta+ojasvinaḥ · upaplavante pāpmāna ojastejaśca naśyati pāpmāna+ojaḥ · śakyā oṣadhayo hy etāḥ sevituṃ viṣayābhijāḥ śakyā+oṣadhayo
t c → dy	consonant / other	4	0.01	pathyaṃ patho 'napetaṃ yadyaccoktaṃ manasaḥ priyam yat+ca→yadyaccoktaṃ · tebhyo bhiṣagbuddhimān parisaṃkhyātamapi yad yad dravyam ayaugikaṃ manyeta tattadapakarṣayet yadyaccānuktamapi yaugikaṃ manyeta tattadvidadhyāt vargamapi vargeṇopasaṃsṛjedekamekenānekena vā yuktiṃ pramāṇīkṛtya yat+ca→yadyaccānuktamapi · pratatottānaśāyinyāḥ punargarbhasya nābhyāśrayā nāḍī kaṇṭhamanuveṣṭayati vivṛtaśāyinī naktaṃcāriṇī conmattaṃ janayati apasmāriṇaṃ punaḥ kalikalahaśīlā vyavāyaśīlā durvapuṣam ahrīkaṃ straiṇaṃ vā śokanityā bhītam apacitam alpāyuṣaṃ vā abhidhyātrī paropatāpinam īrṣyuṃ straiṇaṃ vā stenā tvāyāsabahulam atidrohiṇam akarmaśīlaṃ vā amarṣiṇī caṇḍamaupadhikam asūyakaṃ vā svapnanityā tandrālumabudham alpāgniṃ vā madyanityā pipāsālum alpasmṛtim anavasthitacittaṃ vā godhāmāṃsaprāyā śārkariṇam aśmariṇaṃ śanairmehiṇaṃ vā varāhamāṃsaprāyā raktākṣaṃ krathanam atiparuṣaromāṇaṃ vā matsyamāṃsanityā ciranimeṣaṃ stabdhākṣaṃ vā madhuranityā pramehiṇaṃ mūkamatisthūlaṃ vā amlanityā raktapittinaṃ tvagakṣirogiṇaṃ vā lavaṇanityā śīghravalīpalitaṃ khālityarogiṇaṃ vā kaṭukanityā durbalam alpaśukram anapatyaṃ vā tiktanityā śoṣiṇamabalamanupacitaṃ vā kaṣāyanityā śyāvam ānāhinam udāvartinaṃ vā yadyacca yasya yasya vyādher nidānamuktaṃ tattadāsevamānāntarvatnī tannimittavikārabahulam apatyaṃ janayati yat+ca→yadyacca · yadyacca kiṃcin manasaḥ priyaṃ syādramyā vanāntāḥ pulināni śailāḥ yat+ca→yadyacca
au i → āv i	vowel coalescence	4	0.01	dvau rasāv iti śākunteyo brāhmaṇaḥ chedanīya upaśamanīyaśceti rasāv+iti · viḍaṅgataṇḍulacūrṇānām āḍhakamāḍhakaṃ pippalītaṇḍulānām adhyardhāḍhakaṃ sitopalāyāḥ sarpistailamadhvāḍhakaiḥ ṣaḍbhir ekīkṛtaṃ ghṛtabhājanasthaṃ prāvṛṣi bhasmarāśāv iti sarvaṃ samānaṃ pūrveṇa yāvad āśīḥ rāśau→bhasmarāśāv +iti · aśvinau devabhiṣajau yajñavāhāv iti smṛtau vāhau→yajñavāhāv +iti · babhūvaturbhṛśaṃ pūjyāv indrādīnāṃ mahātmanām pūjyāv+indra
k bh → g bh	consonant / other	4	0.01	pṛthagamlādiyuktasya yogaḥ śeṣaiḥ pṛthagbhavet pṛthak+bhavet→pṛthagbhavet · durbalo bahu bhuṅkte yaḥ prāgbhuktādannamāturaḥ prāk+bhuktāt→prāgbhuktādannamāturaḥ · vyāsato vidhibhedācca pṛthagbhinnasya cākṛtim pṛthak+bhinnasya→pṛthagbhinnasya · gulmo yadyanilādīnāṃ kṛte samyagbhiṣagjite samyak+bhiṣagjite→samyagbhiṣagjite
as l → o l	consonant / other	4	0.01	tanniśamyātreyavacanamanu bhadrakāpyo 'gniveśam uvāca sarvāneva matsyān payasā sahābhyavahared anyatraikasmāc cilicimāt sa punaḥ śakalī lohitanayanaḥ sarvato lohitarājī rohitākāraḥ prāyo bhūmau carati taṃ cet payasā sahābhyavaharenniḥsaṃśayaṃ śoṇitajānāṃ vibandhajānāṃ ca vyādhīnāmanyatamamathavā maraṇaṃ prāpnuyāditi sarvato+lohitarājī · putraṃ tvato liṅgaviparyayeṇa vyāmiśraliṅgā prakṛtiṃ tṛtīyām atas→tvato +liṅga · tato lehapalaṃ līḍhvā jagdhvā caikāṃ harītakīm tato+leha · palaṃ pūrvamato līḍhvā tato'nnam upayojayet atas→pūrvamato +līḍhvā
as h → o h	consonant / other	4	0.01	nādeśakāle kupyanti bhūyo hetupratīkṣiṇaḥ bhūyo+hetu · tatrāyurbalamojaḥ sukhamaiśvaryaṃ vittamiṣṭāścāpare bhāvā bhavantyāyattāḥ pramāṇavati śarīre viparyayastvato hīne 'dhike vā atas→viparyayastvato +hīne · sarvaśo hi praṇihitāḥ sarvarogeṣu jānatā sarvaśo+hi · kaṇṭhe ghurghurakaṃ kṛtvā sadyo harati jīvitam sadyo+harati
c v → g v	consonant / other	4	0.01	vāgviśuddhiḥ śamo dhairyam āśrayanti parīkṣakam vāc+viśuddhiḥ→vāgviśuddhiḥ · atha chalaṃ chalaṃ nāma pariśaṭhamarthābhāsamanarthakaṃ vāgvastumātrameva vāc+vastu→vāgvastumātrameva · yadi ca darśanādibhirātmā viṣayān vetti nirindriyo darśanādivirahādajñaḥ syāt ajñatvādakāraṇam akāraṇatvācca nātmeti vāgvastumātram etad vacanamanarthaṃ syāditi vāc+vastu→vāgvastumātram · vāgvastumātram etadvādam ṛṣayo manyante nākāle mṛtyurastīti vāc+vastu→vāgvastumātram
s n → r n	consonant / other	4	0.01	sa yadā prakupitaḥ praviśyāmāśayam ūṣmaṇā saha miśrībhūyād yam āhārapariṇāmadhātuṃ rasanāmānam anvavetya rasasvedavahāni srotāṃsi pidhāyāgnim upahatya paktisthānād ūṣmāṇaṃ bahirnirasya kevalaṃ śarīramanuprapadyate tadā jvaramabhinirvartayati bahis+nirasya→bahirnirasya · tadyadā prakupitam āmāśayād ūṣmāṇam upasṛjyādyamāhārapariṇāmadhātuṃ rasanāmānam anvavetya rasasvedavahāni srotāṃsi pidhāya dravatvād agnim upahatya paktisthānād ūṣmāṇaṃ bahirnirasya prapīḍayat kevalaṃ śarīram anuprapadyate tadā jvaram abhinirvartayati bahis+nirasya→bahirnirasya · sa yadā prakupitaḥ praviśyāmāśayam ūṣmaṇā saha miśrībhūyādyam āhārapariṇāmadhātuṃ rasanāmānam anvavetya rasasvedavahāni srotāṃsi pidhāyāgnimupahatya paktisthānād ūṣmāṇaṃ bahirnirasya prapīḍayan kevalaṃ śarīramanuprapadyate tadā jvaramabhinirvartayati bahis+nirasya→bahirnirasya · athainamagnisakāśe brāhmaṇasakāśe bhiṣaksakāśe cānuśiṣyād brahmacāriṇā śmaśrudhāriṇā satyavādināmāṃsādena medhyasevinā nirmatsareṇāśastradhāriṇā ca bhavitavyaṃ na ca te madvacanāt kiṃcid akāryaṃ syādanyatra rājadviṣṭāt prāṇaharād vipulād adharmyād anarthasamprayuktād vāpyarthāt madarpaṇena matpradhānena madadhīnena matpriyahitānuvartinā ca śaśvadbhavitavyaṃ putravad dāsavad arthivaccopacaratānuvastavyo 'ham anutsekenāvahitenānanyamanasā vinītenāvekṣyāvekṣyakāriṇānasūyakena cābhyanujñātena pravicaritavyam anujñātena pravicaratā pūrvaṃ gurvarthopāharaṇe yathāśakti prayatitavyaṃ karmasiddhimarthasiddhiṃ yaśolābhaṃ pretya ca svargamicchatā bhiṣajā tvayā gobrāhmaṇamādau kṛtvā sarvaprāṇabhṛtāṃ śarmāśāsitavyamaharaharuttiṣṭhatā copaviśatā ca sarvātmanā cāturāṇāmārohyāya prayatitavyaṃ jīvitahetorapi cāturebhyo nābhidrogdhavyaṃ manasāpi ca parastriyo nābhigamanīyāstathā sarvameva parasvaṃ nibhṛtaveśaparicchadena bhavitavyam aśauṇḍenāpāpenāpāpasahāyena ca ślakṣṇaśukladharmyaśarmyadhanyasatyahitamitavacasā deśakālavicāriṇā smṛtimatā jñānotthānopakaraṇasampatsu nityaṃ yatnavatā ca na ca kadācidrājadviṣṭānāṃ rājadveṣiṇāṃ vā mahājanadviṣṭānāṃ mahājanadveṣiṇāṃ vāpyauṣadham anuvidhātavyaṃ tathā sarveṣām atyarthanikṛtaduṣṭaduḥkhaśīlācāropacārāṇām anapavādapratikārāṇāṃ mumūrṣūṇāṃ ca tathaivāsannihiteśvarāṇāṃ strīṇāmanadhyakṣāṇāṃ vā na ca kadācit strīdattamāmiṣamādātavyamananujñātaṃ bhartrāthavādhyakṣeṇa āturakulaṃ cānupraviśatā viditenānumatapraveśinā sārdhaṃ puruṣeṇa susaṃvītenāvākśirasā smṛtimatā stimitenāvekṣyāvekṣya manasā sarvamācaratā samyaganupraveṣṭavyam anupraviśya ca vāṅmanobuddhīndriyāṇi na kvacit praṇidhātavyānyanyatrāturād āturopakārārthād āturagateṣvanyeṣu vā bhāveṣu na cāturakulapravṛttayo bahirniścārayitavyāḥ hrasitaṃ cāyuṣaḥ pramāṇamāturasya jānatāpi tvayā na varṇayitavyaṃ tatra yatrocyamānam āturasyānyasya vāpyupaghātāya sampadyate jñānavatāpi ca nātyarthamātmano jñāne vikatthitavyam āptādapi hi vikatthamānād atyartham udvijantyaneke bahis+niścārayitavyāḥ→bahirniścārayitavyāḥ
s u → r u	consonant / other	4	0.01	tadvyaktivyavasāyārthaṃ dviruktaṃ tanna garhyate dvis+uktam→dviruktaṃ · tataḥ sa upaśoṣaṇairetairupadravairupadrutaḥ śanaiḥ śanairupaśuṣyati śanais+upaśuṣyati→śanairupaśuṣyati · saṃdhāraṇaṃ śoṣasyāyatanamiti yaduktaṃ tadanuvyākhyāsyāmaḥyadā puruṣo rājasamīpe bhartuḥ samīpe vā gurorvā pādamūle dyūtasabhamanyaṃ vā satāṃ samājaṃ strīmadhyaṃ vā samanupraviśya yānairvāpyuccāvacair abhiyān bhayāt prasaṅgāddhrīmattvādghṛṇitvād vā niruṇaddhyāgatān vātamūtrapurīṣavegān tadā tasya saṃdhāraṇādvāyuḥ prakopamāpadyate sa prakupitaḥ pittaśleṣmāṇau samudīryordhvamadhastiryak ca viharati tataścāṃśaviśeṣeṇa pūrvavaccharīrāvayavaviśeṣaṃ praviśya śūlamupajanayati bhinatti purīṣamucchoṣayati vā pārśve cātirujati aṃsāvavamṛdnāti kaṇṭhamuraścāvadhamati śiraścopahanti kāsaṃ śvāsaṃ jvaraṃ svarabhedaṃ pratiśyāyaṃ copajanayati tataḥ sa upaśoṣaṇair etair upadravair upadrutaḥ śanaiḥ śanairupaśuṣyati śanais+upaśuṣyati→śanairupaśuṣyati · athāsya śukrakṣayācchoṇitapravartanācca sandhayaḥ śithilībhavanti raukṣyamupajāyate bhūyaḥ śarīraṃ daurbalyamāviśati vāyuḥ prakopamāpadyate sa prakupito vaśikaṃ śarīramanusarpannudīrya śleṣmapitte pariśoṣayati māṃsaśoṇite pracyāvayati śleṣmapitte saṃrujati pārśve avamṛdnātyaṃsau kaṇṭhamuddhvaṃsati śiraḥ śleṣmāṇam upakleśya pratipūrayati śleṣmaṇā sandhīṃśca prapīḍayan karotyaṅgamardamarocakāvipākau ca pittaśleṣmotkleśāt pratilomagatvācca vāyurjvaraṃ kāsaṃ śvāsaṃ svarabhedaṃ pratiśyāyaṃ copajanayati sa kāsaprasaṅgādurasi kṣate śoṇitaṃ ṣṭhīvati śoṇitagamanāccāsya daurbalyamupajāyate tataḥ sa upaśoṣaṇairetairupadravairupadrutaḥ śanaiḥ śanairupaśuṣyati śanais+upaśuṣyati→śanairupaśuṣyati
s p → ṣ p	consonant / other	4	0.01	yat kṛṣṇamathavā nīlaṃ yadvā śakradhanuṣprabham śakradhanus+prabham→śakradhanuṣprabham · tasmin hi dakṣādhvaradhvaṃse dehināṃ nānādikṣu vidravatām abhidravaṇataraṇadhāvanaplavanalaṅghanādyair dehavikṣobhaṇaiḥ purā gulmotpattirabhūt haviṣprāśāt pramehakuṣṭhānāṃ bhayatrāsaśokairunmādānāṃ vividhabhūtāśucisaṃsparśādapasmārāṇāṃ jvarastu khalu maheśvaralalāṭaprabhavaḥ tatsaṃtāpādraktapittam ativyavāyāt punarnakṣatrarājasya rājayakṣmeti havis+prāśāt→haviṣprāśāt · paripakveṣu doṣeṣu sarpiṣpānaṃ yathāmṛtam sarpis+pānam→sarpiṣpānaṃ · raktāvasecanaiḥ śīghraṃ sarpiṣpānaiśca taṃ jayet sarpis+pānaiḥ→sarpiṣpānaiśca
iḥ v → Ø v	visarga	4	0.01	tamuvāca bhagavānātreyaḥ sarveṣām apyagniveśa vāyvādīnāṃ yadvaiguṇyamutpadyate tasya mūlamadharmaḥ tanmūlaṃ vāsatkarma pūrvakṛtaṃ tayoryoniḥ prajñāparādha eva agniveśaiḥ→apyagniveśa +vāyu · athāsmai provāca bhagavānātreyaḥiha khalvagniveśa viṃśatividhāḥ krimayaḥ pūrvamuddiṣṭā nānāvidhena pravibhāgenānyatra sahajebhyaḥ te punaḥ prakṛtibhirvibhajyamānāścaturvidhā bhavanti tadyathāpurīṣajāḥ śleṣmajāḥ śoṇitajā malajāśceti agniveśaiḥ→khalvagniveśa +viṃśatividhāḥ · gṛhṇīṣva cedamaparaṃ bharadvāja vinirṇayam bharadvāja+vinirṇayam · etattat saumya vijñānaṃ yajjñātvā muktasaṃśayāḥ saumya+vijñānaṃ
ā t → ī t	consonant / other	4	0.01	kāryā tṛṣṇopaśamanī tathaivāmapradoṣikī upaśamanā→tṛṣṇopaśamanī +tathā · śarīre ṣaṭ tvacaḥ tadyathā udakadharā tvagbāhyā dvitīyā tvasṛgdharā tṛtīyā sidhmakilāsasaṃbhavādhiṣṭhānā caturthī dadrūkuṣṭhasaṃbhavādhiṣṭhānā pañcamī tvalajīvidradhisaṃbhavādhiṣṭhānā ṣaṣṭhī tu yasyāṃ chinnāyāṃ tāmyatyandha iva ca tamaḥ praviśati yāṃ cāpyadhiṣṭhāyārūṃṣi jāyante parvasu kṛṣṇaraktāni sthūlamūlāni duścikitsyatamāni ca iti ṣaṭ tvacaḥ pañcamī+tu · śarīre ṣaṭ tvacaḥ tadyathā udakadharā tvagbāhyā dvitīyā tvasṛgdharā tṛtīyā sidhmakilāsasaṃbhavādhiṣṭhānā caturthī dadrūkuṣṭhasaṃbhavādhiṣṭhānā pañcamī tvalajīvidradhisaṃbhavādhiṣṭhānā ṣaṣṭhī tu yasyāṃ chinnāyāṃ tāmyatyandha iva ca tamaḥ praviśati yāṃ cāpyadhiṣṭhāyārūṃṣi jāyante parvasu kṛṣṇaraktāni sthūlamūlāni duścikitsyatamāni ca iti ṣaṭ tvacaḥ ṣaṣṭhī+tu · vāyavī tu vināśāya kleśāya mahate 'pi vā vāyavī+tu
ū ā → v ā	vowel coalescence	4	0.01	pariṣiktaṃ cainaṃ nivātamāgāramanupraveśya pippalīpippalīmūlacavyacitrakaśṛṅgaverasiddhena yavāgvādinā krameṇopācaret vilepīkramāgataṃ cainam anuvāsayed viḍaṅgatailenaikāntaraṃ dvistrirvā yavāgū+ādinā→yavāgvādinā · vyapagatagarbhaśalyāṃ tu striyam āmagarbhāṃ surāsīdhvariṣṭamadhumadirāsavānām anyatamam agre sāmarthyataḥ pāyayed garbhakoṣṭhaśuddhyartham artivismaraṇārthaṃ praharṣaṇārthaṃ ca ataḥ paraṃ samprīṇanair balānurakṣibhir asnehasamprayuktair yavāgvādibhirvā tatkālayogibhir āhārair upacared doṣadhātukledaviśoṣaṇamātraṃ kālam yavāgū+ādibhiḥ→yavāgvādibhirvā · athāmalakaharītakīnām āmalakavibhītakānāṃ harītakīvibhītakānām āmalakaharītakīvibhītakānāṃ vā palāśatvagavanaddhānāṃ mṛdāvaliptānāṃ kukūlasvinnānām akulakānāṃ palasahasramulūkhale saṃpothya dadhighṛtamadhupalalatailaśarkarāsaṃyuktaṃ bhakṣayed anannabhug yathoktena vidhinā tasyānte yavāgvādibhiḥ pratyavasthāpanam abhyaṅgotsādanaṃ sarpiṣā yavacūrṇaiśca ayaṃca rasāyanaprayogaprakarṣo dvistāvadagnibalam abhisamīkṣya pratibhojanaṃ yūṣeṇa payasā vā ṣaṣṭikaḥ sasarpiṣkaḥ ataḥ paraṃ yathāsukhavihāraḥ kāmabhakṣyaḥ syāt yavāgū+ādibhiḥ→yavāgvādibhiḥ · adhogate yavāgvādirna cetsyānmāruto balī yavāgū+ādiḥ→yavāgvādirna
ābhiḥ a → ībhir a	visarga	4	0.01	tamupasthitamājñāya same śucau deśe prākpravaṇe udakpravaṇe vā catuṣkiṣkumātraṃ caturasraṃ sthaṇḍilaṃ gomayodakenopaliptaṃ kuśāstīrṇaṃ suparihitaṃ paridhibhiścaturdiśaṃ yathoktacandanodakumbhakṣaumahemahiraṇyarajatamaṇimuktāvidrumālaṃkṛtaṃ medhyabhakṣyagandhaśuklapuṣpalājasarṣapākṣatopaśobhitaṃ kṛtvā tatra pālāśībhir aiṅgudībhir audumbarībhir mādhukībhir vā samidbhiragnimupasamādhāya prāṅmukhaḥ śuciradhyayanavidhimanuvidhāya madhusarpirbhyāṃ tristrir juhuyād agnim āśīḥsamprayuktair mantrair brahmāṇamagniṃ dhanvantariṃ prajāpatimaśvināvindramṛṣīṃśca sūtrakārānabhimantrayamāṇaḥ pūrvaṃ svāheti pālāśībhir+aiṅgudībhir · tamupasthitamājñāya same śucau deśe prākpravaṇe udakpravaṇe vā catuṣkiṣkumātraṃ caturasraṃ sthaṇḍilaṃ gomayodakenopaliptaṃ kuśāstīrṇaṃ suparihitaṃ paridhibhiścaturdiśaṃ yathoktacandanodakumbhakṣaumahemahiraṇyarajatamaṇimuktāvidrumālaṃkṛtaṃ medhyabhakṣyagandhaśuklapuṣpalājasarṣapākṣatopaśobhitaṃ kṛtvā tatra pālāśībhir aiṅgudībhir audumbarībhir mādhukībhir vā samidbhiragnimupasamādhāya prāṅmukhaḥ śuciradhyayanavidhimanuvidhāya madhusarpirbhyāṃ tristrir juhuyād agnim āśīḥsamprayuktair mantrair brahmāṇamagniṃ dhanvantariṃ prajāpatimaśvināvindramṛṣīṃśca sūtrakārānabhimantrayamāṇaḥ pūrvaṃ svāheti aiṅgudībhir+audumbarībhir · tatropaviṣṭaḥ pālāśībhir aiṅgudībhir audumbarībhir mādhūkībhir vā samidbhir agnim upasamādhāya kuśaiḥ paristīrya paridhibhiśca paridhāya lājaiḥ śuklābhiśca gandhavatībhiḥ sumanobhirupakiret pālāśībhir+aiṅgudībhir · tatropaviṣṭaḥ pālāśībhir aiṅgudībhir audumbarībhir mādhūkībhir vā samidbhir agnim upasamādhāya kuśaiḥ paristīrya paridhibhiśca paridhāya lājaiḥ śuklābhiśca gandhavatībhiḥ sumanobhirupakiret aiṅgudībhir+audumbarībhir
yāḥ v → er v	visarga	3	0.01	buddher viśeṣas tatrāsīnnopadeśāntaraṃ muneḥ buddher+viśeṣas · tatraikaṃ sparśanamindriyāṇāmindriyavyāpakaṃ cetaḥ samavāyi sparśanavyāpter vyāpakamapi ca cetaḥ tasmāt sarvendriyāṇāṃ vyāpakasparśakṛto yo bhāvaviśeṣaḥ so'yam anupaśayāt pañcavidhastrividhavikalpo bhavatyasātmyendriyārthasaṃyogaḥ sātmyārtho hyupaśayārthaḥ vyāptyāḥ→sparśanavyāpter +vyāpakam · tasmāt prāguddhvaṃsāt prāk ca bhūmer virasībhāvād uddharadhvaṃ saumya bhaiṣajyāni yāvan nopahatarasavīryavipākaprabhāvāṇi bhavanti bhūmer+virasībhāvād
a m → u m	consonant / other	3	0.01	aṣṭau mūtrāṇi saṃkhyātānyaṣṭāveva payāṃsi ca aṣṭau+mūtrāṇi · iha khalvaṣṭāvudarāṇi aṣṭau mūtrāghātaḥ aṣṭau kṣīradoṣāḥ aṣṭau retodoṣāḥ sapta kuṣṭhāni sapta piḍakāḥ sapta visarpāḥ ṣaḍatīsārāḥ ṣaḍudāvartāḥ pañca gulmāḥ pañca plīhadoṣāḥ pañca kāsāḥ pañca śvāsāḥ pañca hikkāḥ pañca tṛṣṇāḥ pañca chardayaḥ pañca bhaktasyānaśanasthānāni pañca śirorogāḥ pañca hṛdrogāḥ pañca pāṇḍurogāḥ pañconmādāḥ catvāro 'pasmārāḥ catvāro 'kṣirogāḥ catvāraḥ karṇarogāḥ catvāraḥ pratiśyāyāḥ catvāro mukharogāḥ catvāro grahaṇīdoṣāḥ catvāro madāḥ catvāro mūrcchāyāḥ catvāraḥ śoṣāḥ catvāri klaibyāni trayaḥ śophāḥ trīṇi kilāsāni trividhaṃ lohitapittaṃ dvau jvarau dvau vraṇau dvāvāyāmau dve gṛdhrasyau dve kāmale dvividham āmaṃ dvividhaṃ vātaraktaṃ dvividhānyarśāṃsi eka ūrustambhaḥ ekaḥ saṃnyāsaḥ eko mahāgadaḥ viṃśatiḥ krimijātayaḥ viṃśatiḥ pramehāḥ viṃśatiryonivyāpadaḥ ityaṣṭacatvāriṃśadrogādhikaraṇānyasmin saṃgrahe samuddiṣṭāni aṣṭau+mūtrāghātaḥ · aṣṭāvudarāṇīti vātapittakaphasannipātaplīhabaddhacchidradakodarāṇi aṣṭau mūtrāghātā iti vātapittakaphasannipātāśmarīśarkarāśukraśoṇitajāḥ aṣṭau kṣīradoṣā iti vaivarṇyaṃ vaigandhyaṃ vairasyaṃ paicchilyaṃ phenasaṅghāto raukṣyaṃ gauravamatisnehaśca aṣṭau retodoṣā iti tanu śuṣkaṃ phenilam aśvetaṃ pūtyatipicchalamanyadhātūpahitamavasādi ca aṣṭau+mūtrāghātā
j d → g d	consonant / other	3	0.01	vamanārthaṃ prayuñjīta bhiṣagdehamadūṣayan bhiṣaj+deham→bhiṣagdehamadūṣayan · bhiṣagdravyāṇyupasthātā rogī pādacatuṣṭayam bhiṣaj+dravyāṇi→bhiṣagdravyāṇyupasthātā · snehasya sa bhiṣagdṛṣṭaḥ kalpaḥ prāthamakalpikaḥ bhiṣaj+dṛṣṭaḥ→bhiṣagdṛṣṭaḥ
ī m → i m	consonant / other	3	0.01	jīvantimūlaṃ saghṛtaṃ satailamālepanaṃ pārśvarujāsu koṣṇam jīvantī+mūlam→jīvantimūlaṃ · yathā ca sa evākṣo 'tibhārādhiṣṭhitatvād viṣamapathād apathād akṣacakrabhaṅgād vāhyavāhakadoṣād aṇimokṣād anupāṅgāt paryasanāccāntarāvasānam āpadyate tathāyurapyayathābalam ārambhād ayathāgnyabhyavaharaṇād viṣamābhyavaharaṇād viṣamaśarīranyāsād atimaithunād asatsaṃśrayād udīrṇavegavinigrahād vidhāryavegāvidhāraṇād bhūtaviṣavāyvagnyupatāpād abhighātād āhārapratīkāravivarjanāccāntarāvasānam āpadyate sa mṛtyurakāle tathā jvarādīn apyātaṅkān mithyopacaritān akālamṛtyūn paśyāma iti aṇī+mokṣāt→aṇimokṣād · śatāvarīdāḍimatintiḍīkaṃ kākolimede madhukaṃ vidārīm kākolī+mede→kākolimede
ḥ gh → r gh	visarga	3	0.01	pūtirghrāṇāsyagandhaśca dantaśūlamarocakaḥ pūtiḥ+ghrāṇa→pūtirghrāṇāsyagandhaśca · śālīn sayavagodhūmān sevyān āhurghanātyaye āhuḥ+ghanātyaye→āhurghanātyaye · kalkīkṛtairghṛtaṃ siddhaṃ sakṣīraṃ vātagulmanut kalkīkṛtaiḥ+ghṛtam→kalkīkṛtairghṛtaṃ
ī u → y u	vowel coalescence	3	0.01	śleṣmapraseko vaisvaryaṃ galaśuṇḍyupajihvikā galaśuṇḍī+upajihvikā→galaśuṇḍyupajihvikā · laghu bhinnaśakṛttiktaṃ lāṅgalakyuruvūkayoḥ lāṅgalakī+uruvūkayoḥ→lāṅgalakyuruvūkayoḥ · vacākuṣṭhakṣaumakahiṅgusarṣapātasīlaśunakaṇakaṇikānāṃ rakṣoghnasamākhyātānāṃ cauṣadhīnāṃ poṭṭalikāṃ baddhvā sūtikāgārasyottaradehalyāmavasṛjet tathā sūtikāyāḥ kaṇṭhe saputrāyāḥ sthālyudakakumbhaparyaṅkeṣvapi tathaiva ca dvayordvārapakṣayoḥ sthālī+udaka→sthālyudakakumbhaparyaṅkeṣvapi
ā ī → e	vowel coalescence	3	0.01	yatheritānāṃ doṣāṇāṃ samyakpītasya lakṣaṇam yathā+īritānām→yatheritānāṃ · ataḥ paramidaṃ brūyād devatāgnidvijaguruvṛddhasiddhācāryeṣu te nityaṃ samyagvartitavyaṃ teṣu te samyagvartamānasyāyamagniḥ sarvagandharasaratnabījāni yatheritāśca devatāḥ śivāya syuḥ ato 'nyathā vartamānasyāśivāyeti yathā+īritāḥ→yatheritāśca · vakrī tatherṣyābhiratiḥ kathaṃ vā saṃjāyate vātikaṣaṇḍako vā tathā+īrṣyābhiratiḥ→tatherṣyābhiratiḥ
ī k → i k	consonant / other	3	0.01	añjanaṃ dhūmavartiśca trividhā vartikalpanā vartī+kalpanā→vartikalpanā · tadyathā phalajīmūtakekṣvākudhāmārgavakuṭajakṛtavedhanaphalāni phalajīmūtakekṣvākudhāmārgavapatrapuṣpāṇi āragvadhavṛkṣakamadanasvādukaṇṭakāpāṭhāpāṭalāśārṅgeṣṭāmūrvāsaptaparṇanaktamālapicumardapaṭolasuṣavīguḍūcīcitrakasomavalkaśatāvarīdvīpīśigrumūlakaṣāyaiḥ madhukamadhūkakovidārakarbudāranīpavidulabimbīśaṇapuṣpīsadāpuṣpāpratyakpuṣpākaṣāyaiśca elāhareṇupriyaṅgupṛthvīkākustumburutagaranaladahrīveratālīśośīrakaṣāyaiśca ikṣukāṇḍekṣvikṣuvālikādarbhapoṭagalakālaṅkṛtakaṣāyaiśca sumanāsaumanasyāyanīharidrādāruharidrāvṛścīrapunarnavāmahāsahākṣudrasahākaṣāyaiśca śālmaliśālmalikabhadraparṇyelāparṇyupodikoddālakadhanvanarājādanopacitrāgopīśṛṅgāṭikākaṣāyaiśca pippalīpippalīmūlacavyacitrakaśṛṅgaverasarṣapaphāṇitakṣīrakṣāralavaṇodakaiśca yathālābhaṃ yatheṣṭaṃ vāpyupasaṃskṛtya vartikriyācūrṇāvalehasnehakaṣāyamāṃsarasayavāgūyūṣakāmbalikakṣīropadheyān modakān anyāṃśca bhakṣyaprakārān vividhānanuvidhāya yathārhaṃ vamanārhāya dadyādvidhivadvamanam vartī+kriyā→vartikriyācūrṇāvalehasnehakaṣāyamāṃsarasayavāgūyūṣakāmbalikakṣīropadheyān · virecanadravyāṇi tu śyāmātrivṛccaturaṅgulatilvakamahāvṛkṣasaptalāśaṅkhinīdantīdravantīnāṃ kṣīramūlatvakpatrapuṣpaphalāni yathāyogaṃ taistaiḥ kṣīramūlatvakpatrapuṣpaphalair vikliptāvikliptaiḥ ajagandhāśvagandhājaśṛṅgīkṣīriṇīnīlinīklītakakaṣāyaiśca prakīryodakīryāmasūravidalākampillakaviḍaṅgagavākṣīkaṣāyaiśca pīlupriyālamṛdvīkākāśmaryaparūṣakabadaradāḍimāmalakaharītakībibhītakavṛścīrapunarnavāvidārigandhādikaṣāyaiśca sīdhusurāsauvīrakatuṣodakamaireyamedakamadirāmadhumadhūlakadhānyāmlakuvalabadarakharjūrakarkandhubhiśca dadhidadhimaṇḍodaśvidbhiśca gomahiṣyajāvīnāṃ ca kṣīramūtrairyathālābhaṃ yatheṣṭaṃ vāpyupasaṃskṛtya vartikriyācūrṇāsavalehasnehakaṣāyamāṃsarasayūṣakāmbalikayavāgūkṣīropadheyān modakānanyāṃśca bhakṣyaprakārān vividhāṃśca yogānanuvidhāya yathārhaṃ virecanārhāya dadyādvirecanam vartī+kriyā→vartikriyācūrṇāsavalehasnehakaṣāyamāṃsarasayūṣakāmbalikayavāgūkṣīropadheyān
s i → Ø i	consonant / other	3	0.01	athāta indriyopakramaṇīyam adhyāyaṃ vyākhyāsyāmaḥ atas→athāta +indriyopakramaṇīyam · ataḥ prāṇino hrāsam avāpur āyuṣaḥ kramaśa iti kramaśa+iti · athāta indriyānīkamindriyaṃ vyākhyāsyāmaḥ atas→athāta +indriyānīkam
ḥ agniveśaiḥ → ḥ 'gniveśa	visarga	3	0.01	taddhyanutiṣṭhan yugapat sampādayatyarthadvayam ārogyam indriyavijayaṃ ceti tat sadvṛttam akhilenopadekṣyāmo 'gniveśa tadyathā devagobrāhmaṇaguruvṛddhasiddhācāryānarcayet agnimupacaret oṣadhīḥ praśastā dhārayet dvau kālāvupaspṛśet malāyaneṣvabhīkṣṇaṃ pādayośca vaimalyamādadhyāt triḥ pakṣasya keśaśmaśrulomanakhān saṃhārayet nityam anupahatavāsāḥ sumanāḥ sugandhiḥ syāt sādhuveśaḥ prasiddhakeśaḥ mūrdhaśrotraghrāṇapādatailanityaḥ dhūmapaḥ pūrvābhibhāṣī sumukhaḥ durgeṣvabhyupapattā hotā yaṣṭā dātā catuṣpathānāṃ namaskartā balīnāmupahartā atithīnāṃ pūjakaḥ pitṛbhyaḥ piṇḍadaḥ kāle hitamitamadhurārthavādī vaśyātmā dharmātmā hetāvīrṣyuḥ phale nerṣyuḥ niścintaḥ nirbhīkaḥ hrīmān dhīmān mahotsāhaḥ dakṣaḥ kṣamāvān dhārmikaḥ āstikaḥ vinayabuddhividyābhijanavayovṛddhasiddhācāryāṇām upāsitā chattrī daṇḍī maulī sopānatko yugamātradṛgvicaret maṅgalācāraśīlaḥ kucelāsthikaṇṭakāmedhyakeśatuṣotkarabhasmakapālasnānabalibhūmīnāṃ parihartā prāk śramād vyāyāmavarjī syāt sarvaprāṇiṣu bandhubhūtaḥ syāt kruddhānām anunetā bhītānām āśvāsayitā dīnānām abhyupapattā satyasaṃdhaḥ sāmapradhānaḥ paraparuṣavacanasahiṣṇuḥ amarṣaghnaḥ praśamaguṇadarśī rāgadveṣahetūnāṃ hantā ca upadekṣyāmaḥ+'gniveśa · tamuvāca bhagavānātreyaḥ dhānyaphalamūlasārapuṣpakāṇḍapattratvaco bhavantyāsavayonayo 'gniveśa saṃgraheṇāṣṭau śarkarānavamīkāḥ yonayaḥ+'gniveśa · tasmāddhitāhitāvabodhanārtham annapānavidhim akhile nopadekṣyāmo 'gniveśa upadekṣyāmaḥ+'gniveśa
e p → āḥ p	consonant / other	3	0.01	saṃśayaścātra kathaṃ bhaviṣyāma itaścyutā naveti kutaḥ punaḥ saṃśaya iti ucyate santi hyeke pratyakṣaparāḥ parokṣatvāt punarbhavasya nāstikyamāśritāḥ santi cāgamapratyayādeva punarbhavamicchanti śrutibhedācca pare→pratyakṣaparāḥ +parokṣa · jagmurvarṣasahasrāṇi rasāyanaparāḥ purā pare→rasāyanaparāḥ +purā · yogāḥ parāḥ pravakṣyante viṣamajvaranāśanāḥ parāḥ+pravakṣyante
a p → cā p	consonant / other	3	0.01	kasmāt pratyakṣaṃ hyalpam analpam apratyakṣam asti yadāgamānumānayuktibhirupalabhyate yaireva tāvadindriyaiḥ pratyakṣamupalabhyate tānyeva santi cāpratyakṣāṇi a+pratyakṣāṇi→cāpratyakṣāṇi · puruṣasyānupahataretasaḥ striyāś cāpraduṣṭayoniśoṇitagarbhāśayāyā yadā bhavati saṃsargaḥ ṛtukāle yadā cānayostathāyukte saṃsarge śukraśoṇitasaṃsargamantargarbhāśayagataṃ jīvo 'vakrāmati sattvasaṃprayogāttadā garbho 'bhinirvartate sa sātmyarasopayogādarogo 'bhivardhate samyagupacāraiścopacaryamāṇaḥ tataḥ prāptakālaḥ sarvendriyopapannaḥ paripūrṇaśarīro balavarṇasattvasaṃhananasaṃpadupetaḥ sukhena jāyate samudayādeṣāṃ bhāvānāṃ mātṛjaścāyaṃ garbhaḥ pitṛjaścātmajaśca sātmyajaśca rasajaśca asti ca khalu sattvamaupapādukamiti hovāca bhagavānātreyaḥ a+praduṣṭa→cāpraduṣṭayoniśoṇitagarbhāśayāyā · tābhyāṃ ca sattvaśarīrābhyāṃ duṣṭābhyāṃ vikṛtirupajāyate nopajāyate cāpraduṣṭābhyām a+praduṣṭābhyām→cāpraduṣṭābhyām
j ch → k ch	consonant / other	3	0.01	bhiṣakchadmacarāḥ santi santyeke siddhasādhitāḥ bhiṣaj+chadma→bhiṣakchadmacarāḥ · ato viparītā rogāṇāmabhisarā hantāraḥ prāṇānāṃ bhiṣakchadmapraticchannāḥ kaṇṭakabhūtā lokasya pratirūpakasadharmāṇo rājñāṃ pramādāccaranti rāṣṭrāṇi bhiṣaj+chadma→bhiṣakchadmapraticchannāḥ · bhiṣakchadma praviśyaivaṃ vyādhitāṃstarkayanti ye bhiṣaj+chadma→bhiṣakchadma
j ś → k ś	consonant / other	3	0.01	labhante ye bhiṣakśabdamajñāste pratirūpakāḥ bhiṣaj+śabdam→bhiṣakśabdamajñāste · kuṭīmadhye bhiṣak śayyāṃ svāstīrṇāmupakalpayet bhiṣak+śayyāṃ · śiśumārasya nakrasya bhiṣakśukrāṇi saṃharet bhiṣaj+śukrāṇi→bhiṣakśukrāṇi
ṣ i → ḍ i	consonant / other	3	0.01	atrovāca kuśaḥ sāṃkṛtyāyanaḥ rūkṣalaghuśītadāruṇakharaviśadāḥ ṣaḍime vātaguṇā bhavanti ṣaṣ+ime→ṣaḍime · tatra madhuro rasaḥ śarīrasātmyād rasarudhiramāṃsamedo'sthimajjaujaḥśukrābhivardhana āyuṣyaḥ ṣaḍindriyaprasādano balavarṇakaraḥ pittaviṣamārutaghnas tṛṣṇādāhapraśamanas tvacyaḥ keśyaḥ kaṇṭhyo balyaḥ prīṇano jīvanastarpaṇo bṛṃhaṇaḥ sthairyakaraḥ kṣīṇakṣatasaṃdhānakaro ghrāṇamukhakaṇṭhauṣṭhajihvāprahlādano dāhamūrchāpraśamanaḥ ṣaṭpadapipīlikānām iṣṭatamaḥ snigdhaḥ śīto guruśca ṣaṣ+indriya→ṣaḍindriyaprasādano · prāvṛḍiti prathamaḥ pravṛṣṭaḥ kālaḥ tasyānubandho hi varṣāḥ prāvṛṣ+iti→prāvṛḍiti
i o → y o	vowel coalescence	3	0.01	dīptyojaḥsmṛtimedhāgnibuddhīndriyabalārthinaḥ dīpti+ojas→dīptyojaḥsmṛtimedhāgnibuddhīndriyabalārthinaḥ · prathamaṃ jāyate hyojaḥ śarīre 'smiñcharīriṇām hi+ojaḥ→hyojaḥ · na pacatyodanaṃ samyaganilaprerito bahiḥ pacati+odanam→pacatyodanaṃ
ḥ gh → Ø gh	visarga	3	0.01	dīptāgnayaḥ kleśasahā ghasmarāḥ snehasevinaḥ sahāḥ→kleśasahā +ghasmarāḥ · śītaṃ praśamayantyāśu dhūpāścāgurujā ghanāḥ jāḥ→dhūpāścāgurujā +ghanāḥ · pippalyaḥ kiṃśukakṣārabhāvitā ghṛtabharjitāḥ bhāvitāḥ→kiṃśukakṣārabhāvitā +ghṛta
inas s → naḥ s	consonant / other	3	0.01	naraḥ snihyati pītvā vā saraṃ dadhnaḥ saphāṇitam dadhnaḥ+sa · dadhnaḥ sareṇa vā kāryaṃ ghṛtaṃ mārutagulmanut dadhnaḥ+sareṇa · dadhnaḥ saraṃ śaraccandrasaṃnibhaṃ doṣavarjitam dadhnaḥ+saraṃ
j t → k t	consonant / other	3	0.01	bhiṣak taimirikāṇāṃ ca na svedamavatārayet bhiṣak+taimirikāṇāṃ · āgacchanti bhiṣak teṣāṃ na bhartāramanuvrajet bhiṣak+teṣāṃ · nirdiṣṭā bheṣajādhyāye bhiṣaktānapi yojayet bhiṣaj+tān→bhiṣaktānapi
p → aḥ p	consonant / other	3	0.01	atha jentākaṃ cikīrṣurbhūmiṃ parīkṣeta tatra pūrvasyāṃ diśyuttarasyāṃ vā guṇavati praśaste bhūmibhāge kṛṣṇamadhuramṛttike suvarṇamṛttike vā parīvāpapuṣkariṇyādīnāṃ jalāśayānāmanyatamasya kūle dakṣiṇe paścime vā sūpatīrthe samasuvibhaktabhūmibhāge saptāṣṭau vāratnīr upakramyodakāt prāṅmukham udaṅmukhaṃ vābhimukhatīrthaṃ kūṭāgāraṃ kārayet utsedhavistārataḥ paramaratnīḥ ṣoḍaśa samantāt suvṛttaṃ mṛtkarmasampannam anekavātāyanam asya kūṭāgārasyāntaḥ samantato bhittimaratnivistārotsedhāṃ piṇḍikāṃ kārayed ā kapāṭāt madhye cāsya kūṭāgārasya catuṣkiṣkumātraṃ puruṣapramāṇaṃ mṛnmayaṃ kandusaṃsthānaṃ bahusūkṣmacchidramaṅgārakoṣṭhakastambhaṃ sapidhānaṃ kārayet taṃ ca khādirāṇām āśvakarṇādīnāṃ vā kāṣṭhānāṃ pūrayitvā pradīpayet sa yadā jānīyāt sādhu dagdhāni kāṣṭhāni gatadhūmānyavataptaṃ ca kevalamagninā tadagnigṛhaṃ svedayogyena coṣmaṇā yuktamiti tatrainaṃ puruṣaṃ vātaharābhyaktagātraṃ vastrāvacchannaṃ praveśayaṃścainamanuśiṣyāt saumya praviśa kalyāṇāyārogyāya ceti praviśya caināṃ piṇḍikāmadhiruhya pārśvāparapārśvābhyāṃ yathāsukhaṃ śayīthāḥ na ca tvayā svedamūrcchāparītenāpi satā piṇḍikaiṣā vimoktavyā ā prāṇocchvāsāt bhraśyamāno hyataḥ piṇḍivakāvakāśād dvāram anadhigacchan svedamūrcchāparītatayā sadyaḥ prāṇāñjahyāḥ tasmāt piṇḍikāmenāṃ na kathaṃcana muñcethāḥ tvaṃ yadā jānīyāḥ vigatābhiṣyandamātmānaṃ samyakprasrutasvedapicchaṃ sarvasrotovimuktaṃ laghūbhūtam apagatavibandhastambhasuptivedanāgauravam iti tatastāṃ piṇḍikāmanusaran dvāraṃ prapadyethāḥ niṣkramya ca na sahasā cakṣuṣoḥ paripālanārthaṃ śītodakam upaspṛśethāḥ apagatasantāpaklamastu muhūrtāt sukhoṣṇena vāriṇā yathānyāyaṃ pariṣikto 'śnīyāḥ iti jentākasvedaḥ vistārāt→utsedhavistārataḥ +param · sa caiṣa bhūyastaratamataḥ prakṛtau vikalpyamānāyāṃ bhūyasīṃ vikāravikalpasaṃkhyāmāpadyate taratamāt→bhūyastaratamataḥ +prakṛtau · yaddvādaśabhiradhyāyairvyāsataḥ parikīrtitam vyāsāt→yaddvādaśabhiradhyāyairvyāsataḥ +parikīrtitam
ṣ s → ṭ s	consonant / other	3	0.01	saṃgraheṇa ca ṣaṭ svedāḥ svedādhyāye nidarśitāḥ ṣaṭ+svedāḥ · dvyulbaṇaikolbaṇaiḥ ṣaṭ syurhīnamadhyādhikaiśca ṣaṭ ṣaṭ+syuḥ · iti ṣaṭ sarvarogāṇāṃ proktāḥ samyagupakramāḥ ṣaṭ+sarva
s bh → r bh	consonant / other	3	0.01	upaspṛṣṭodakaṃ cainaṃ nivātamāgāramanupraveśya saṃveśya cānuśiṣyāt uccairbhāṣyam atyāśanam atisthānam aticaṅkramaṇaṃ krodhaśokahimātapāvaśyāyātipravātān yānayānaṃ grāmyadharmam asvapanaṃ niśi divā svapnaṃ viruddhājīrṇāsātmyākālapramitātihīnaguruviṣamabhojanavegasaṃdhāraṇodīraṇam iti bhāvān etān manasāpyasevamānaḥ sarvamaho gamayasveti uccais+bhāṣyam→uccairbhāṣyam · uccairbhāṣyādavaśyāyāt prāgvātād atimaithunāt uccais+bhāṣyāt→uccairbhāṣyādavaśyāyāt · uccairbhāṣyātibhāṣyābhyāṃ tīkṣṇapānāt prajāgarāt uccais+bhāṣya→uccairbhāṣyātibhāṣyābhyāṃ
iḥ t → Ø t	visarga	3	0.01	pṛṣṭavānasi yat saumya tanme śṛṇu savistaram saumya+tat · tamuvāca bhagavānātreyo na hitāhāropayoginām agniveśa tannimittā vyādhayo jāyante na ca kevalaṃ hitāhāropayogādeva sarvavyādhibhayam atikrāntaṃ bhavati santi hy ṛte 'pyahitāhāropayogād anyā rogaprakṛtayaḥ tadyathā kālaviparyayaḥ prajñāparādhaḥ śabdasparśarūparasagandhāścāsātmyā iti agniveśa+tad · tamuvāca bhagavānātreyaḥ samutthānapūrvarūpaliṅgavedanopaśayaviśeṣebhyo viśeṣavijñānaṃ gulmānāṃ bhavatyanyeṣāṃ ca rogāṇāmagniveśa tattu khalu gulmeṣūcyamānaṃ nibodha agniveśaiḥ→rogāṇāmagniveśa +tat
āt ś → ataḥ ś	consonant / other	3	0.01	vadhyete svanataḥ śrotre niṣkṛṣyete ivākṣiṇī svanataḥ+śrotre · viruddhaṃ vīryato jñeyaṃ vīryataḥ śītalātmakam vīryataḥ+śītala · samāsenopadiṣṭasya vyāsataḥ śṛṇu lakṣaṇam vyāsataḥ+śṛṇu
iḥ c → ī c	visarga	3	0.01	alajī vinatākhyā ca vidradhī ceti saptamī vidradhī+ca · sarṣapī cālajī caiva vinatā vidradhī ca yāḥ vidradhī+ca · sapta kuṣṭhānīti kapālodumbaramaṇḍalarṣyajihvapuṇḍarīkasidhmakākaṇāni sapta piḍakā iti śarāvikā kacchapikā jālinī sarṣapyalajī vinatā vidradhī ca sapta visarpā iti vātapittakaphāgnikardamakagranthisannipātākhyāḥ vidradhī+ca
au v → yāṃ v	anusvāra / nasal	3	0.01	nābhyāṃ vaṅkṣaṇayorvāpi bastau vā tīvravedanaḥ nābhyāṃ+vaṅkṣaṇayoḥ · hikkāśvāse ca kāse ca vamyāṃ varcogadeṣu ca vamyāṃ+varcas · sa prakupito vāyurmahāsroto 'nupraviśya raukṣyāt kaṭhinībhūtam āplutya piṇḍito 'vasthānaṃ karoti hṛdi bastau pārśvayornābhyāṃ vā sa śūlamupajanayati granthīṃścānekavidhān piṇḍitaścāvatiṣṭhate sa piṇḍitatvād gulma ityabhidhīyate sa muhurādhamati muhuralpatvamāpadyate aniyatavipulāṇuvedanaśca bhavati calatvādvāyoḥ muhuḥ pipīlikāsampracāra ivāṅgeṣu todabhedasphuraṇāyāmasaṅkocasuptiharṣapralayodayabahulaḥ tadāturaḥ sūcyeva śaṅkuneva cābhisaṃviddham ātmānaṃ manyate api ca divasānte jvaryate śuṣyati cāsyāsyam ucchvāsaścoparudhyate hṛṣyanti cāsya romāṇi vedanāyāḥ prādurbhāve plīhāṭopāntrakūjanāvipākodāvartāṅgamardamanyāśiraḥśaṅkhaśūlabradhnarogāś cainamupadravanti kṛṣṇāruṇaparuṣatvaṅnakhanayanavadanamūtrapurīṣaśca bhavati nidānoktāni cāsya nopaśerate viparītāni copaśerata iti vātagulmaḥ nābhau→pārśvayornābhyāṃ +vā
i v → i b	consonant / other	3	0.01	nābhyāṃ vaṅkṣaṇayorvāpi bastau vā tīvravedanaḥ api+bastau · sa prakupito vāyurmahāsroto 'nupraviśya raukṣyāt kaṭhinībhūtam āplutya piṇḍito 'vasthānaṃ karoti hṛdi bastau pārśvayornābhyāṃ vā sa śūlamupajanayati granthīṃścānekavidhān piṇḍitaścāvatiṣṭhate sa piṇḍitatvād gulma ityabhidhīyate sa muhurādhamati muhuralpatvamāpadyate aniyatavipulāṇuvedanaśca bhavati calatvādvāyoḥ muhuḥ pipīlikāsampracāra ivāṅgeṣu todabhedasphuraṇāyāmasaṅkocasuptiharṣapralayodayabahulaḥ tadāturaḥ sūcyeva śaṅkuneva cābhisaṃviddham ātmānaṃ manyate api ca divasānte jvaryate śuṣyati cāsyāsyam ucchvāsaścoparudhyate hṛṣyanti cāsya romāṇi vedanāyāḥ prādurbhāve plīhāṭopāntrakūjanāvipākodāvartāṅgamardamanyāśiraḥśaṅkhaśūlabradhnarogāś cainamupadravanti kṛṣṇāruṇaparuṣatvaṅnakhanayanavadanamūtrapurīṣaśca bhavati nidānoktāni cāsya nopaśerate viparītāni copaśerata iti vātagulmaḥ hṛdi+bastau · lalāṭe mūrdhni bastau vā nīlā yasya prakāśate mūrdhni+bastau
au h → yāṃ h	anusvāra / nasal	3	0.01	athāsāṃ vidradhīnāṃ sādhyāsādhyatvaviśeṣajñānārthaṃ sthānakṛtaṃ liṅgaviśeṣamupadekṣyāmaḥ tatra pradhānamarmajāyāṃ vidradhyāṃ hṛdghaṭṭanatamakapramohakāsaśvāsāḥ klomajāyāṃ pipāsāmukhaśoṣagalagrahāḥ yakṛjjāyāṃ śvāsaḥ plīhajāyāmucchvāsoparodhaḥ kukṣijāyāṃ kukṣipārśvāntarāṃsaśūlaṃ vṛkkajāyāṃ pṛṣṭhakaṭigrahaḥ nābhijāyāṃ hikkā vaṅkṣaṇajāyāṃ sakthisādaḥ bastijāyāṃ kṛcchrapūtimūtravarcastvaṃ ceti vidradhyāṃ+hṛd · nābhyāṃ hyasya nāḍī prasaktā nāḍyāṃ cāparā aparā cāsya mātuḥ prasaktā hṛdaye mātṛhṛdayaṃ hyasya tām aparām abhisaṃplavate sirābhiḥ syandamānābhiḥ sa tasya raso balavarṇakaraḥ sampadyate sa ca sarvarasavān āhāraḥ nābhyāṃ+hi · bastau ca nābhyāṃ hṛdi pārśvayorvā sthānāni gulmasya bhavanti pañca nābhyāṃ+hṛdi
ṣ u → ḍ u	consonant / other	3	0.01	iha khalvaṣṭāvudarāṇi aṣṭau mūtrāghātaḥ aṣṭau kṣīradoṣāḥ aṣṭau retodoṣāḥ sapta kuṣṭhāni sapta piḍakāḥ sapta visarpāḥ ṣaḍatīsārāḥ ṣaḍudāvartāḥ pañca gulmāḥ pañca plīhadoṣāḥ pañca kāsāḥ pañca śvāsāḥ pañca hikkāḥ pañca tṛṣṇāḥ pañca chardayaḥ pañca bhaktasyānaśanasthānāni pañca śirorogāḥ pañca hṛdrogāḥ pañca pāṇḍurogāḥ pañconmādāḥ catvāro 'pasmārāḥ catvāro 'kṣirogāḥ catvāraḥ karṇarogāḥ catvāraḥ pratiśyāyāḥ catvāro mukharogāḥ catvāro grahaṇīdoṣāḥ catvāro madāḥ catvāro mūrcchāyāḥ catvāraḥ śoṣāḥ catvāri klaibyāni trayaḥ śophāḥ trīṇi kilāsāni trividhaṃ lohitapittaṃ dvau jvarau dvau vraṇau dvāvāyāmau dve gṛdhrasyau dve kāmale dvividham āmaṃ dvividhaṃ vātaraktaṃ dvividhānyarśāṃsi eka ūrustambhaḥ ekaḥ saṃnyāsaḥ eko mahāgadaḥ viṃśatiḥ krimijātayaḥ viṃśatiḥ pramehāḥ viṃśatiryonivyāpadaḥ ityaṣṭacatvāriṃśadrogādhikaraṇānyasmin saṃgrahe samuddiṣṭāni ṣaṣ+udāvartāḥ→ṣaḍudāvartāḥ · ṣaḍatīsārā iti vātapittakaphasannipātabhayaśokajāḥ ṣaḍudāvartā iti vātamūtrapurīṣaśukracchardikṣavathujāḥ ṣaṣ+udāvartāḥ→ṣaḍudāvartā · ityasmiṃllaṅghanādhyāye vyākhyātāḥ ṣaḍupakramāḥ ṣaṣ+upakramāḥ→ṣaḍupakramāḥ
aḥ apasmārāḥ → o 'pasmārā	visarga	3	0.01	catvāro 'pasmārā iti vātapittakaphasannipātanimittāḥ catvāro 'kṣirogāścatvāraḥ karṇarogāścatvāraḥ pratiśyāyāścatvāro mukharogāścatvāro grahaṇīdoṣāścatvāro madāścatvāro mūrcchāyā ityapasmārairvyākhyātāḥ catvāraḥ śoṣā iti sāhasasaṃdhāraṇakṣayaviṣamāśanajāḥ catvāri klaibyānīti bījopaghātāddhvajabhaṅgājjarāyāḥ śukrakṣayācca catvāro+'pasmārā · iha khalu catvāro 'pasmārā bhavanti vātapittakaphasannipātanimittāḥ catvāro+'pasmārā · iti catvāro 'pasmārā vyākhyātāḥ catvāro+'pasmārā
k j → g j	consonant / other	3	0.01	tatrānubandhaṃ prakṛtiṃ ca samyag jñātvā tataḥ karma samārabheta samyag+jñātvā · parīkṣā tvasya rugupaśamanaṃ svaravarṇayogaḥ śarīropacayaḥ balavṛddhiḥ abhyavahāryābhilāṣaḥ rucirāhārakāle abhyavahṛtasya cāhārasya kāle samyagjaraṇaṃ nidrālābho yathākālaṃ vaikāriṇāṃ ca svapnānāmadarśanaṃ sukhena ca pratibodhanaṃ vātamūtrapurīṣaretasāṃ muktiḥ sarvākārairmanobuddhīndriyāṇāṃ cāvyāpattiriti samyak+jaraṇam→samyagjaraṇaṃ · nidāne trividhā proktā yā pṛthagjvarākṛtiḥ pṛthak+jvara→pṛthagjvarākṛtiḥ
c d → g d	consonant / other	3	0.01	pittavikārāṃścatvāriṃśatam ata ūrdhvamanuvyākhyāsyāmaḥ oṣaśca ploṣaśca dāhaśca davathuśca dhūmakaśca amlakaśca vidāhaśca antardāhaśca aṃsadāhaśca ūṣmādhikyaṃ ca atisvedaśca aṅgasvedaśca aṅgagandhaśca aṅgāvadaraṇaṃ ca śoṇitakledaśca māṃsakledaśca tvagdāhaśca māṃsadāhaśca tvagavadaraṇaṃ ca carmadalanaṃ ca raktakoṭhaśca raktavisphoṭaśca raktapittaṃ ca raktamaṇḍalāni ca haritatvaṃ ca hāridratvaṃ ca nīlikā ca kakṣā ca kāmalā ca tiktāsyatā ca lohitagandhāsyatā ca pūtimukhatā ca tṛṣṇādhikyaṃ ca atṛptiśca āsyavipākaśca galapākaśca akṣipākaśca gudapākaśca meḍhrapākaśca jīvādānaṃ ca tamaḥpraveśaśca haritahāridranetramūtravarcastvaṃ ca iti catvāriṃśatpittavikārāḥ pittavikārāṇām aparisaṃkhyeyānāmāviṣkṛtatamā vyākhyātāḥ tvac+dāhaḥ→tvagdāhaśca · tvagdoṣāḥ praśamaṃ yānti tathā snehopasaṃhitaiḥ tvac+doṣāḥ→tvagdoṣāḥ · vāgdehamanasāṃ ceṣṭāmākṣipyātibalā malāḥ vāc+deha→vāgdehamanasāṃ
ebhiḥ a → air a	visarga	3	0.01	sarveṣvapi khalveteṣu pittavikāreṣūkteṣvanyeṣu cānukteṣu pittasyedamātmarūpamapariṇāmi karmaṇaśca svalakṣaṇaṃ yadupalabhya tadavayavaṃ vā vimuktasaṃdehāḥ pittavikāramevādhyavasyanti kuśalāḥ tadyathā auṣṇyaṃ taikṣṇyaṃ dravatvam anatisneho varṇaśca śuklāruṇavarjo gandhaśca visro rasau ca kaṭukāmlau saratvaṃ ca pittasyātmarūpāṇi evaṃvidhatvācca pittasya karmaṇaḥ svalakṣaṇamidamasya bhavati taṃ taṃ śarīrāvayavamāviśataḥ tadyathā dāhauṣṇyapākasvedakledakothakaṇḍūsrāvarāgā yathāsvaṃ ca gandhavarṇarasābhinirvartanaṃ pittasya karmāṇi tair anvitaṃ pittavikāram evādhyavasyet tair+anvitaṃ · atīndriyais tair atisūkṣmarūpair ātmā kadācin na viyuktarūpaḥ tair+ati · rasāyanānāṃ siddhānām āyur yair anuvartate yair+anuvartate
as r → o r	consonant / other	3	0.01	sakṣaudraścābhayāprāśaḥ prāyo rūkṣānnasevanam prāyo+rūkṣa · tatrābhighātaje vāyuḥ prāyo raktaṃ pradūṣayan prāyo+raktaṃ · ityannapānaṃ nirdiṣṭaṃ kramaśo raktapittanut kramaśo+raktapitta
āt d → ato d	consonant / other	3	0.01	tamuvāca bhagavānātreyaḥ yeṣāṃ hi viditamāhāratattvamagniveśa guṇato dravyataḥ karmataḥ sarvāvayavaśaśca mātrādayo bhāvāḥ ta etadevamupadiṣṭaṃ vijñātumutsahante guṇato+dravyataḥ · tadyathā lohitaśālayaḥ śūkadhānyānāṃ pathyatamatve śreṣṭhatamā bhavanti mudgāḥ śamīdhānyānām āntarikṣamudakānāṃ saindhavaṃ lavaṇānāṃ jīvantīśākaṃ śākānām aiṇeyaṃ mṛgamāṃsānāṃ lāvaḥ pakṣiṇāṃ godhā bileśayānāṃ rohito matsyānāṃ gavyaṃ sarpiḥ sarpiṣāṃ gokṣīraṃ kṣīrāṇāṃ tilatailaṃ sthāvarajātānāṃ snehānāṃ varāhavasā ānūpamṛgavasānāṃ culukīvasā matsyavasānāṃ pākahaṃsavasā jalacaravihaṅgavasānāṃ kukkuṭavasā viṣkiraśakunivasānāṃ ajamedaḥ śākhādamedasāṃ śṛṅgaveraṃ kandānāṃ mṛdvīkā phalānāṃ śarkarekṣuvikārāṇām iti prakṛtyaiva hitatamānām āhāravikārāṇāṃ prādhānyato dravyāṇi vyākhyātāni bhavanti prādhānyato+dravyāṇi · kalpyate manasā tūrdhvaṃ guṇato doṣato'thavā guṇato+doṣāt
m ā → ṃ ā	anusvāra / nasal	3	0.01	tadyathā annaṃ vṛttikarāṇāṃ śreṣṭham udakamāśvāsakarāṇāṃ surā śramaharāṇāṃ kṣīraṃ jīvanīyānāṃ māṃsaṃ bṛṃhaṇīyānāṃ rasastarpaṇīyānāṃ lavaṇam annadravyarucikarāṇām amlaṃ hṛdyānāṃ kukkuṭo balyānāṃ nakrareto vṛṣyāṇāṃ madhu śleṣmapittapraśamanānāṃ sarpirvātapittapraśamanānāṃ tailaṃ vātaśleṣmapraśamanānāṃ vamanaṃ śleṣmaharāṇāṃ virecanaṃ pittaharāṇāṃ bastirvātaharāṇāṃ svedo mārdavakarāṇāṃ vyāyāmaḥ sthairyakarāṇāṃ kṣāraḥ puṃstvopaghātināṃ tindukam anannadravyarucikarāṇām āmaṃ kapittham utkaṇṭhyānām āvikaṃ sarpirahṛdyānām ajākṣīraṃ śoṣaghnastanyasātmyaraktasāṃgrāhikaraktapittapraśamanānām avikṣīraṃ śleṣmapittajananānāṃ mahiṣīkṣīraṃ svapnajananānāṃ mandakaṃ dadhyabhiṣyandakarāṇāṃ gavedhukānnaṃ karśanīyānām uddālakānnaṃ virūkṣaṇīyānām ikṣurmūtrajananānāṃ yavāḥ purīṣajananānāṃ jāmbavaṃ vātajananānāṃ śaṣkulyaḥ śleṣmapittajananānāṃ kulatthā amlapittajananānāṃ māṣāḥ śleṣmapittajananānāṃ madanaphalaṃ vamanāsthāpanānuvāsanopayogināṃ trivṛt sukhavirecanānāṃ caturaṅgulo mṛduvirecanānāṃ snukpayas tīkṣṇavirecanānāṃ pratyakpuṣpā śirovirecanānāṃ viḍaṅgaṃ krimighnānāṃ śirīṣo viṣaghnānāṃ khadiraḥ kuṣṭhaghnānāṃ rāsnā vātaharāṇām āmalakaṃ vayaḥsthāpanānāṃ harītakī pathyānām eraṇḍamūlaṃ vṛṣyavātaharāṇāṃ pippalīmūlaṃ dīpanīyapācanīyagudaśothārśaḥśūlaharāṇāṃ puṣkaramūlaṃ hikkāśvāsakāsapārśvaśūlaharāṇāṃ mustaṃ sāṃgrāhikadīpanīyapācanīyānām udīcyaṃ nirvāpaṇadīpanīyapācanīyacchardyatīsāraharāṇāṃ kaṭvaṅgaṃ sāṃgrāhikaraktapittapraśamanānām amṛtā sāṃgrāhikavātaharadīpanīyaśleṣmaśoṇitavibandhapraśamanānāṃ ativiṣā dīpanīyapācanīyasāṃgrāhikasarvadoṣaharāṇām utpalakumudapadmakiñjalkaḥ sāṃgrāhikaraktapittapraśamanānāṃ durālabhā pittaśleṣmapraśamanānāṃ gandhapriyaṅguḥ śoṇitapittātiyogapraśamanānāṃ kuṭajatvak śleṣmapittaraktasāṃgrāhikopaśoṣaṇānāṃ kāśmaryaphalaṃ raktasāṃgrāhikaraktapittapraśamanānāṃ pṛśniparṇī sāṃgrāhikavātaharadīpanīyavṛṣyāṇāṃ vidārigandhā vṛṣyasarvadoṣaharāṇāṃ balā sāṃgrāhikabalyavātaharāṇāṃ gokṣurako mūtrakṛcchrānilaharāṇāṃ hiṅguniryāsaś chedanīyadīpanīyānulomikavātakaphapraśamanānām amlavetaso bhedanīyadīpanīyānulomikavātaśleṣmaharāṇāṃ yāvaśūkaḥ sraṃsanīyapācanīyārśoghnānāṃ takrābhyāso grahaṇīdoṣaśophārśoghṛtavyāpatpraśamanānāṃ kravyānmāṃsarasābhyāso grahaṇīdoṣaśoṣārśoghnānāṃ kṣīraghṛtābhyāso rasāyanānāṃ samaghṛtasaktuprāśābhyāso vṛṣyodāvartaharānāṃ tailagaṇḍūṣābhyāso dantabalarucikarāṇāṃ candanaṃ durgandhaharadāhanirvāpaṇalepanānāṃ rāsnāguruṇī śītāpanayanapralepanānāṃ lāmajjakośīraṃ dāhatvagdoṣasvedāpanayanapralepanānāṃ kuṣṭhaṃ vātaharābhyaṅgopanāhopayogināṃ madhukaṃ cakṣuṣyavṛṣyakeśyakaṇṭhyavarṇyavirajanīyaropaṇīyānāṃ vāyuḥ prāṇasaṃjñāpradānahetūnām agnir āmastambhaśītaśūlodvepanapraśamanānāṃ jalaṃ stambhanīyānāṃ mṛdbhṛṣṭaloṣṭranirvāpitam udakaṃ tṛṣṇāchardyatiyogapraśamanānām atimātrāśanamāmapradoṣahetūnāṃ yathāgnyabhyavahāro 'gnisaṃdhukṣaṇānāṃ yathāsātmyaṃ ceṣṭābhyavahārau sevyānāṃ kālabhojanamārogyakarāṇāṃ tṛptirāhāraguṇānāṃ vegasaṃdhāraṇam anārogyakarāṇāṃ madyaṃ saumanasyajananānām madyākṣepo dhīdhṛtismṛtiharāṇāṃ gurubhojanaṃ durvipākakarāṇām ekāśanabhojanaṃ sukhapariṇāmakarāṇāṃ strīṣvatiprasaṅgaḥ śoṣakarāṇāṃ śukraveganigrahaḥ ṣāṇḍhyakarāṇāṃ parāghātanam annāśraddhājananānām anaśanamāyuṣo hrāsakarāṇāṃ pramitāśanaṃ karśanīyānām ajīrṇādhyaśanaṃ grahaṇīdūṣaṇānāṃ viṣamāśanamagnivaiṣamyakarāṇāṃ viruddhavīryāśanaṃ ninditavyādhikarāṇāṃ praśamaḥ pathyānāṃ āyāsaḥ sarvāpathyānāṃ mithyāyogo vyādhikarāṇāṃ rajasvalābhigamanamalakṣmīmukhānāṃ brahmacaryamāyuṣyāṇāṃ paradārābhigamanamanāyuṣyāṇāṃ saṅkalpo vṛṣyāṇāṃ daurmanasyam avṛṣyāṇām ayathābalamārambhaḥ prāṇoparodhināṃ viṣādo rogavardhanānāṃ snānaṃ śramaharāṇāṃ harṣaḥ prīṇanānāṃ śokaḥ śoṣaṇānāṃ nivṛttiḥ puṣṭikarāṇāṃ puṣṭiḥ svapnakarāṇām atisvapnastandrākarāṇāṃ sarvarasābhyāso balakarāṇām ekarasābhyāso daurbalyakarāṇāṃ garbhaśalyamāhāryāṇām ajīrṇamuddhāryāṇāṃ bālo mṛdubheṣajīyānāṃ vṛddho yāpyānāṃ garbhinī tīkṣṇauṣadhavyavāyavyāyāmavarjanīyānāṃ saumanasyaṃ garbhadhāraṇānāṃ sannipāto duścikitsyānām āmo viṣamacikitsyānāṃ jvaro rogāṇāṃ kuṣṭhaṃ dīrgharogāṇāṃ rājayakṣmā rogasamūhānāṃ prameho 'nuṣaṅgiṇāṃ jalaukaso 'nuśastrāṇāṃ bastistantrāṇāṃ himavānauṣadhibhūmīnāṃ soma oṣadhīnāṃ marubhūmirārogyadeśānām anūpo 'hitadeśānām nirdeśakāritvamāturaguṇānāṃ bhiṣak cikitsāṅgānāṃ nāstiko varjyānāṃ laulyaṃ kleśakarāṇām anirdeśakāritvamariṣṭānāṃ anirvedo vārttalakṣaṇānāṃ vaidyasamūho niḥsaṃśayakarāṇāṃ yogo vaidyaguṇānāṃ vijñānamauṣadhīnāṃ śāstrasahitastarkaḥ sādhanānāṃ sampratipattiḥ kālajñānaprayojanānām avyavasāyaḥ kālātipattihetūnāṃ dṛṣṭakarmatā niḥsaṃśayakarāṇām asamarthatā bhayakarāṇāṃ tadvidyasaṃbhāṣā buddhivardhanānām ācāryaḥ śāstrādhigamahetūnām āyurvedo 'mṛtānāṃ sadvacanamanuṣṭheyānām asadgrahaṇaṃ sarvāhitānāṃ sarvasaṃnyāsaḥ sukhānāmiti pathyānāṃ+āyāsaḥ · tadyathā śukraśoṇitaprakṛtiṃ kālagarbhāśayaprakṛtiṃ āturāhāravihāraprakṛtiṃ mahābhūtavikāraprakṛtiṃ ca garbhaśarīramapekṣate prakṛtim→kālagarbhāśayaprakṛtiṃ +ātura · bṛṃhaṇaṃ svaryam āyuṣyaṃ plīhodaravināśanam bṛṃhaṇaṃ+āyuṣyaṃ
ṇām y → nāṃ y	anusvāra / nasal	3	0.01	teṣāṃ ṣaṇṇāṃ rasānāṃ yonirudakaṃ chedanopaśamane dve karmaṇī tayor miśrībhāvāt sādhāraṇatvaṃ svādvasvādutā bhaktiḥ hitāhitau prabhāvau pañcamahābhūtavikārās tv āśrayāḥ prakṛtivikṛtivicāradeśakālavaśāḥ teṣvāśrayeṣu dravyasaṃjñakeṣu guṇā gurulaghuśītoṣṇasnigdharūkṣādyāḥ kṣaraṇāt kṣāraḥ nāsau rasaḥ dravyaṃ tadanekarasasamutpannam anekarasaṃ kaṭukalavaṇabhūyiṣṭham anekendriyārthasamanvitaṃ karaṇābhinirvṛttam avyaktībhāvastu khalu rasānāṃ prakṛtau bhavatyanurase 'nurasasamanvite vā dravye aparisaṃkhyeyatvaṃ punas teṣām āśrayādīnāṃ bhāvānāṃ viśeṣāparisaṃkhyeyatvānna yuktam ekaiko 'pi hy eṣām āśrayādīnāṃ bhāvānāṃ viśeṣān āśrayate viśeṣāparisaṃkhyeyatvāt na ca tasmād anyatvam upapadyate parasārasaṃsṛṣṭabhūyiṣṭhatvānna caiṣām abhinirvṛtter guṇaprakṛtīnām aparisaṃkhyeyatvaṃ bhavati tasmānna saṃsṛṣṭānāṃ rasānāṃ karmopadiśanti buddhimantaḥ rasānāṃ+yoniḥ · pañcātmakānāṃ ṣaṭtvaṃ ca rasānāṃ yena hetunā rasānāṃ+yena · ṣaṇṇāmāsvādyamānānāṃ rasānāṃ yatsvalakṣaṇam rasānāṃ+yat
ṇām p → nāṃ p	anusvāra / nasal	3	0.01	teṣāṃ ṣaṇṇāṃ rasānāṃ yonirudakaṃ chedanopaśamane dve karmaṇī tayor miśrībhāvāt sādhāraṇatvaṃ svādvasvādutā bhaktiḥ hitāhitau prabhāvau pañcamahābhūtavikārās tv āśrayāḥ prakṛtivikṛtivicāradeśakālavaśāḥ teṣvāśrayeṣu dravyasaṃjñakeṣu guṇā gurulaghuśītoṣṇasnigdharūkṣādyāḥ kṣaraṇāt kṣāraḥ nāsau rasaḥ dravyaṃ tadanekarasasamutpannam anekarasaṃ kaṭukalavaṇabhūyiṣṭham anekendriyārthasamanvitaṃ karaṇābhinirvṛttam avyaktībhāvastu khalu rasānāṃ prakṛtau bhavatyanurase 'nurasasamanvite vā dravye aparisaṃkhyeyatvaṃ punas teṣām āśrayādīnāṃ bhāvānāṃ viśeṣāparisaṃkhyeyatvānna yuktam ekaiko 'pi hy eṣām āśrayādīnāṃ bhāvānāṃ viśeṣān āśrayate viśeṣāparisaṃkhyeyatvāt na ca tasmād anyatvam upapadyate parasārasaṃsṛṣṭabhūyiṣṭhatvānna caiṣām abhinirvṛtter guṇaprakṛtīnām aparisaṃkhyeyatvaṃ bhavati tasmānna saṃsṛṣṭānāṃ rasānāṃ karmopadiśanti buddhimantaḥ rasānāṃ+prakṛtau · taccaiva kāraṇamapekṣamāṇāḥ ṣaṇṇāṃ rasānāṃ paraspareṇāsaṃsṛṣṭānāṃ lakṣaṇapṛthaktvam upadekṣyāmaḥ rasānāṃ+paraspareṇa · etadvyavasthāhetoḥ ṣaṭtvam upadiśyate rasānāṃ paraspareṇāsaṃsṛṣṭānāṃ tritvaṃ ca doṣāṇām rasānāṃ+paraspareṇa
ḥ s → n s	visarga	3	0.01	varjayedāturo vidvān sarpāste pītamārutāḥ vidvān+sarpāḥ · sannipāte tu yo bhūyān sa doṣaḥ parikīrtitaḥ bhūyān+sa · prayogo yas triparyantaḥ sa kanīyān sa cābalaiḥ kanīyān+sa
as g → hāto g	consonant / other	3	0.01	athāto gulmanidānaṃ vyākhyāsyāmaḥ atas→athāto +gulmanidānaṃ · athāto gomayacūrṇīyamindriyaṃ vyākhyāsyāmaḥ atas→athāto +gomayacūrṇīyam · athāto gulmacikitsitaṃ vyākhyāsyāmaḥ atas→athāto +gulmacikitsitaṃ
_ _ → cāsthāne _	consonant / other	3	0.01	tasyemāni pūrvarūpāṇi tadyathā śirasaḥ śūnyatā cakṣuṣor ākulatā svanaḥ karṇayoḥ ucchvāsasyādhikyam āsyasaṃsravaṇam anannābhilāṣārocakāvipākāḥ hṛdgrahaḥ dhyānāyāsasammohodvegāś cāsthāne satataṃ lomaharṣaḥ jvaraś cābhīkṣṇam unmattacittatvam udarditvam arditākṛtikaraṇaṃ ca vyādheḥ svapne cābhīkṣṇaṃ darśanaṃ bhrāntacalitānavasthitānāṃ rūpāṇām apraśastānāṃ ca tilapīḍakacakrādhirohaṇaṃ vātakuṇḍalikābhiś conmathanaṃ nimajjanaṃ ca kaluṣāṇām ambhasām āvarte cakṣuṣoś cāpasarpaṇam iti _→cāsthāne +satataṃ · tatredam unmādaviśeṣavijñānaṃ bhavati tadyathā parisaraṇam ajasram akṣibhruvauṣṭhāṃsahanvagrahastapādāṅgavikṣepaṇam akasmāt satatam aniyatānāṃ ca girām utsargaḥ phenāgamanam āsyāt abhīkṣṇaṃ smitahasitanṛtyagītavāditrasaṃprayogāś cāsthāne vīṇāvaṃśaśaṅkhaśamyātālaśabdānukaraṇam asāmnā yānam ayānaiḥ alaṅkaraṇam analaṅkārikair dravyaiḥ lobhaś cābhyavahāryeṣv alabdheṣu labdheṣu cāvamānas tīvramātsaryaṃ ca kārśyaṃ pāruṣyam utpiṇḍitāruṇākṣatā vātopaśayaviparyāsād anupaśayatā ca iti vātonmādaliṅgāni bhavanti _→cāsthāne +_ · amarṣaḥ krodhaḥ saṃrambhaś cāsthāne śastraloṣṭakaśākāṣṭhamuṣṭibhir abhihananaṃ sveṣāṃ pareṣāṃ vā abhidravaṇaṃ pracchāyaśītodakānnābhilāṣaḥ saṃtāpaś cātivelaṃ tāmrahāritahāridrasaṃrabdhākṣatā pittopaśayaviparyāsād anupaśayatā ca iti pittonmadaliṅgāni bhavanti _→cāsthāne +_
_ _ → _ anupaśayatā	consonant / other	3	0.01	tatredam unmādaviśeṣavijñānaṃ bhavati tadyathā parisaraṇam ajasram akṣibhruvauṣṭhāṃsahanvagrahastapādāṅgavikṣepaṇam akasmāt satatam aniyatānāṃ ca girām utsargaḥ phenāgamanam āsyāt abhīkṣṇaṃ smitahasitanṛtyagītavāditrasaṃprayogāś cāsthāne vīṇāvaṃśaśaṅkhaśamyātālaśabdānukaraṇam asāmnā yānam ayānaiḥ alaṅkaraṇam analaṅkārikair dravyaiḥ lobhaś cābhyavahāryeṣv alabdheṣu labdheṣu cāvamānas tīvramātsaryaṃ ca kārśyaṃ pāruṣyam utpiṇḍitāruṇākṣatā vātopaśayaviparyāsād anupaśayatā ca iti vātonmādaliṅgāni bhavanti _+anupaśayatā · amarṣaḥ krodhaḥ saṃrambhaś cāsthāne śastraloṣṭakaśākāṣṭhamuṣṭibhir abhihananaṃ sveṣāṃ pareṣāṃ vā abhidravaṇaṃ pracchāyaśītodakānnābhilāṣaḥ saṃtāpaś cātivelaṃ tāmrahāritahāridrasaṃrabdhākṣatā pittopaśayaviparyāsād anupaśayatā ca iti pittonmadaliṅgāni bhavanti _+anupaśayatā · sthānam ekadeśe tūṣṇīṃbhāvaḥ alpaśaś caṅkramaṇaṃ lālāśiṅghāṇakasravaṇam anannābhilāṣaḥ rahaskāmatā bībhatsatvaṃ śaucadveṣaḥ svapnanityatā śvayathur ānane śuklastimitamalopadigdhākṣatvaṃ śleṣmopaśayaviparyāsād anupaśayatā ca iti śleṣmonmādaliṅgāni bhavanti _+anupaśayatā
_ c → anupaśayatā c	consonant / other	3	0.01	tatredam unmādaviśeṣavijñānaṃ bhavati tadyathā parisaraṇam ajasram akṣibhruvauṣṭhāṃsahanvagrahastapādāṅgavikṣepaṇam akasmāt satatam aniyatānāṃ ca girām utsargaḥ phenāgamanam āsyāt abhīkṣṇaṃ smitahasitanṛtyagītavāditrasaṃprayogāś cāsthāne vīṇāvaṃśaśaṅkhaśamyātālaśabdānukaraṇam asāmnā yānam ayānaiḥ alaṅkaraṇam analaṅkārikair dravyaiḥ lobhaś cābhyavahāryeṣv alabdheṣu labdheṣu cāvamānas tīvramātsaryaṃ ca kārśyaṃ pāruṣyam utpiṇḍitāruṇākṣatā vātopaśayaviparyāsād anupaśayatā ca iti vātonmādaliṅgāni bhavanti anupaśayatā+ca · amarṣaḥ krodhaḥ saṃrambhaś cāsthāne śastraloṣṭakaśākāṣṭhamuṣṭibhir abhihananaṃ sveṣāṃ pareṣāṃ vā abhidravaṇaṃ pracchāyaśītodakānnābhilāṣaḥ saṃtāpaś cātivelaṃ tāmrahāritahāridrasaṃrabdhākṣatā pittopaśayaviparyāsād anupaśayatā ca iti pittonmadaliṅgāni bhavanti anupaśayatā+ca · sthānam ekadeśe tūṣṇīṃbhāvaḥ alpaśaś caṅkramaṇaṃ lālāśiṅghāṇakasravaṇam anannābhilāṣaḥ rahaskāmatā bībhatsatvaṃ śaucadveṣaḥ svapnanityatā śvayathur ānane śuklastimitamalopadigdhākṣatvaṃ śleṣmopaśayaviparyāsād anupaśayatā ca iti śleṣmonmādaliṅgāni bhavanti anupaśayatā+ca
i _ → i tad	consonant / other	3	0.01	tatrāyam unmādakarāṇāṃ bhūtānām unmādayiṣyatām ārambhaviśeṣo bhavati tad yathā avalokayanto devā janayanty unmādaṃ guruvṛddhasiddhamaharṣayo 'bhiśapantaḥ pitaro darśayantaḥ spṛśanto gandharvāḥ samāviśanto yakṣāḥ rākṣasās tv ātmagandham āghrāpayantaḥ piśācāḥ punar āruhya vāhayantaḥ bhavati+tad · tasyemāni rūpāṇi bhavanti tad yathā atyātmabalavīryapauruṣaparākramagrahaṇadhāraṇasmaraṇajñānavacanavijñānāni aniyataś conmādakālaḥ bhavanti+tad · trividhaṃ tu khalūnmādakarāṇāṃ bhūtānām unmādane prayojanaṃ bhavati tad yathā hiṃsā ratiḥ abhyarcanaṃ ceti bhavati+tad
_ y → tad y	consonant / other	3	0.01	tatrāyam unmādakarāṇāṃ bhūtānām unmādayiṣyatām ārambhaviśeṣo bhavati tad yathā avalokayanto devā janayanty unmādaṃ guruvṛddhasiddhamaharṣayo 'bhiśapantaḥ pitaro darśayantaḥ spṛśanto gandharvāḥ samāviśanto yakṣāḥ rākṣasās tv ātmagandham āghrāpayantaḥ piśācāḥ punar āruhya vāhayantaḥ tad+yathā · tasyemāni rūpāṇi bhavanti tad yathā atyātmabalavīryapauruṣaparākramagrahaṇadhāraṇasmaraṇajñānavacanavijñānāni aniyataś conmādakālaḥ tad+yathā · trividhaṃ tu khalūnmādakarāṇāṃ bhūtānām unmādane prayojanaṃ bhavati tad yathā hiṃsā ratiḥ abhyarcanaṃ ceti tad+yathā
as j → hāto j	consonant / other	3	0.01	athāto janapadoddhvaṃsanīyaṃ vimānaṃ vyākhyāsyāmaḥ atas→athāto +janapadoddhvaṃsanīyaṃ · athāto jātisūtrīyaṃ śārīraṃ vyākhyāsyāmaḥ atas→athāto +jātisūtrīyaṃ · athāto jvaracikitsitaṃ vyākhyāsyāmaḥ atas→athāto +jvaracikitsitaṃ
iḥ n → Ø n	visarga	3	0.01	dṛśyante hi khalu saumya nakṣatragrahagaṇacandrasūryānilānalānāṃ diśāṃ cāprakṛtibhūtānāmṛtuvaikārikā bhāvāḥ acirādito bhūr api ca na yathāvad rasavīryavipākaprabhāvam oṣadhīnāṃ pratividhāsyati tadviyogāccātaṅkaprāyatā niyatā saumya+nakṣatra · sarvametadbharadvāja nirṇītaṃ jahi saṃśayam bharadvājaiḥ→sarvametadbharadvāja +nirṇītaṃ · jvarādhikāre yadvācyaṃ tat saumya nikhilaṃ śṛṇu saumya+nikhilaṃ
iḥ bh → Ø bh	visarga	3	0.01	tasmāt prāguddhvaṃsāt prāk ca bhūmer virasībhāvād uddharadhvaṃ saumya bhaiṣajyāni yāvan nopahatarasavīryavipākaprabhāvāṇi bhavanti saumya+bhaiṣajyāni · na hi samyaguddhṛteṣu saumya bhaiṣajyeṣu samyagvihiteṣu samyak cāvacāriteṣu janapadoddhvaṃsakarāṇāṃ vikārāṇāṃ kiṃcit pratīkāragauravaṃ bhavati saumya+bhaiṣajyeṣu · ihāgniveśa bhūtānām āyur yuktimapekṣate agniveśaiḥ→ihāgniveśa +bhūtānām
m c → a c	anusvāra / nasal	3	0.01	udakavahānāṃ srotasāṃ tālumūlaṃ kloma ca praduṣṭānāṃ tu khalveṣāmidaṃ viśeṣavijñānaṃ bhavati tadyathā jihvātālvoṣṭhakaṇṭhaklomaśoṣaṃ pipāsāṃ cātipravṛddhāṃ dṛṣṭvodakavahānyasya srotāṃsi praduṣṭānīti vidyāt kloma+ca · yāni khalvasya garbhasya mātṛjāni yāni cāsya mātṛtaḥ sambhavataḥ sambhavanti tānyanuvyākhyāsyāmaḥ tad yathā tvak ca lohitaṃ ca māṃsaṃ ca medaśca nābhiśca hṛdayaṃ ca kloma ca yakṛcca plīhā ca vṛkkau ca bastiśca purīṣādhānaṃ cāmāśayaśca pakvāśayaścottaragudaṃ cādharagudaṃ ca kṣudrāntraṃ ca sthūlāntraṃ ca vapā ca vapāvahanaṃ ceti kloma+ca · pañcadaśa koṣṭhāṅgāni tadyathā nābhiśca hṛdayaṃ ca kloma ca yakṛcca plīhā ca vṛkkau ca vastiśca purīṣādhāraśca āmāśayaśca pakvāśayaśca uttaragudaṃ ca adharagudaṃ ca kṣudrāntraṃ ca sthūlāntraṃ ca vapāvahanaṃ ceti kloma+ca
ā k → ī k	consonant / other	3	0.01	prāṇodakānnavāhānāṃ duṣṭānāṃ śvāsikī kriyā śvāsikī+kriyā · tathātisārikī kāryā tathā jvaracikitsikī ātisārikā→tathātisārikī +kāryā · śoṣeṇa sānubandhaṃ vā tasya saṃśamanī kriyā saṃśamanī+kriyā
ā y → ī y	consonant / other	3	0.01	atha tasmāddvitīyāt kumbhāt snehamādāya viḍaṅgataṇḍulacūrṇaiḥ snehārdhamātraiḥ pratisaṃsṛjyātape sarvamahaḥ sthāpayitvā tato 'smai mātrāṃ prayacchet pānāya tena sādhu viricyate viriktasya cānupūrvī yathoktā ānupūrvā→cānupūrvī +yathā · tato 'smai mātrāṃ prayacchet pānāya tena sādhu viricyate samyagapahṛtadoṣasya cānupūrvī yathoktā ānupūrvā→cānupūrvī +yathā · hantītyuktaṃ cikitsā tu naiṣṭhikī yā vinopadhām naiṣṭhikī+yā
ayam k → 'yaṃ k	anusvāra / nasal	3	0.01	vidhirdṛṣṭastridhā yo 'yaṃ krimīnuddiśya kīrtitaḥ 'yaṃ+krimīn · sāmānyato vyāhṛteṣvartheṣu vā viśeṣagrahaṇārthaṃ yadvākyaṃ tadapyanuyojyaṃ yathā saṃśodhanasādhyo 'yaṃ vyādhiḥ ityukte kiṃ vamanasādhyo 'yaṃ kiṃvā virecanasādhyaḥ ityanuyujyate 'yaṃ+kiṃvā · balādhiṣṭhānamārogyaṃ yadartho 'yaṃ kriyākramaḥ 'yaṃ+kriyā
j k → k k	consonant / other	3	0.01	tasmādbhiṣak kāryaṃ cikīrṣuḥ prāk kāryasamārambhāt parīkṣayā kevalaṃ parīkṣyaṃ parīkṣya karma samārabheta kartum bhiṣaj→tasmādbhiṣak +kāryaṃ · daśavidhaṃ tu parīkṣyaṃ kāraṇādi yaduktamagre tadiha bhiṣagādiṣu saṃsārya saṃdarśayiṣyāmaḥ iha kāryaprāptau kāraṇaṃ bhiṣak karaṇaṃ punarbheṣajaṃ kāryayonirdhātuvaiṣamyaṃ kāryaṃ dhātusāmyaṃ kāryaphalaṃ sukhāvāptiḥ anubandhaḥ khalvāyuḥ deśo bhūmirāturaśca kālaḥ punaḥ saṃvatsaraścāturāvasthā ca pravṛttiḥ pratikarmasamārambhaḥ upāyastu bhiṣagādīnāṃ sauṣṭhavamabhividhānaṃ ca samyak bhiṣak+karaṇaṃ · bhiṣakkumbhe samāvāpya gulmaṃ ghaṭamukhe nyaset bhiṣaj+kumbhe→bhiṣakkumbhe
n ā → nn ā	consonant / other	3	0.01	sa ca sarvadhātusāmyaṃ cikīrṣannātmānamevāditaḥ parīkṣeta guṇiṣu guṇataḥ kāryābhinirvṛttiṃ paśyan kaccidahamasya kāryasyābhinirvartane samartho na veti tatreme bhiṣagguṇā yairupapanno bhiṣagdhātusāmyābhinirvartane samartho bhavati tad yathā paryavadātaśrutatā paridṛṣṭakarmatā dākṣyaṃ śaucaṃ jitahastatā upakaraṇavattā sarvendriyopapannatā prakṛtijñatā pratipattijñatā ceti cikīrṣan+ātmānam→cikīrṣannātmānamevāditaḥ · na tasmai bheṣajaṃ dadyāt smarannātreyaśāsanam smaran+ātreya→smarannātreyaśāsanam · karapracitānāṃ yathoktaguṇānām āmalakānāmuddhṛtāsthnāṃ śuṣkacūrṇitānāṃ punarmāghe phālgune vā māse triḥsaptakṛtvaḥ svarasaparipītānāṃ punaḥ śuṣkacūrṇīkṛtānām āḍhakam ekaṃ grāhayet atha jīvanīyānāṃ bṛṃhaṇīyānāṃ stanyajananānāṃ śukrajananānāṃ vayaḥsthāpanānāṃ ṣaḍvirecanaśatāśritīyoktānām auṣadhagaṇānāṃ candanāgurudhavatiniśakhadiraśiṃśapāsanasārāṇāṃ cāṇuśaḥ kṛttānām abhayāvibhītakapippalīvacācavyacitrakaviḍaṅgānāṃ ca samastānāmāḍhakamekaṃ daśaguṇenāmbhasā sādhayet tasminnāḍhakāvaśeṣe rase supūte tāny āmalakacūrṇāni dattvā gomayāgnibhir vaṃśavidalaśaratejanāgnibhir vā sādhayed yāvad apanayādrasasya tam anupadagdham upahṛtyāyasīṣu pātrīṣvāstīrya śoṣayet suśuṣkaṃ tat kṛṣṇājinasyopari dṛṣadi ślakṣṇapiṣṭam ayaḥsthālyāṃ nidhāpayet samyak taccūrṇam ayaś cūrṇāṣṭabhāgasamprayuktaṃ madhusarpirbhyām agnibalam abhisamīkṣya prayojayediti tasmin+āḍhaka→tasminnāḍhakāvaśeṣe
āt a → ato '	consonant / other	3	0.01	tasmāddravyāṇāṃ caikadeśamudāharaṇārthaṃ raseṣvanuvibhajya rasaikaikaśyena ca nāmalakṣaṇārthaṃ ṣaḍāsthāpanaskandhā rasato 'nuvibhajya vyākhyāsyante rasato+'nuvibhajya · ityete ṣaḍāsthāpanaskandhā rasato 'nuvibhajya vyākhyātāḥ rasato+'nuvibhajya · yadi tvāturyaṃ kiṃcit kumāramāgacchet tat prakṛtinimittapūrvarūpaliṅgopaśayaviśeṣais tattvato 'nubudhya sarvaviśeṣān āturauṣadhadeśakālāśrayānavekṣamāṇaś cikitsitum ārabhetainaṃ madhuramṛdulaghusurabhiśītaśaṃkaraṃ karma pravartayan tattvato+'nubudhya
vastim ś → bastiṃ ś	anusvāra / nasal	3	0.01	pippalīpippalīmūlahastipippalīcavyacitrakaśṛṅgaveramaricājamodārdrakaviḍaṅgakustumburupīlutejovatyelākuṣṭhabhallātakāsthihiṅguniryāsakilimamūlakasarṣapalaśunakarañjaśigrukamadhuśigrukakharapuṣpabhūstṛṇasumukhasurasa kuṭherakārjakagaṇḍīrakālamālakaparṇāsakṣavakaphaṇijjhakakṣāramūtrapittānīti eṣāmevaṃvidhānāṃ cānyeṣāṃ kaṭukavargaparisaṃkhyātānāmauṣadhadravyāṇāṃ chedyāni khaṇḍaśaśchedayitvā bhedyāni cāṇuśo bhedayitvā gomūtreṇa saha sādhayitvopasaṃskṛtya yathāvanmadhutailalavaṇopahitaṃ sukhoṣṇaṃ bastiṃ śleṣmavikāriṇe vidhijño vidhivaddadyāt bastiṃ+śleṣma · candananaladakṛtamālanaktamālanimbatumburukuṭajaharidrādāruharidrāmustamūrvākirātatiktakakaṭukarohiṇītrāyamāṇākāravellikākarīrakaravīrakebukakaṭhillakavṛṣamaṇḍūkaparṇīkarkoṭaka vārtākukarkaśakākamācīkākodumbarikāsuṣavyativiṣāpaṭolakulakapāṭhāguḍūcīvetrāgravetasavikaṅkatabakulasomavalkasaptaparṇasumanārkāvalgujavacātagarāguruvālakośīrāṇīti eṣāmevaṃvidhānāṃ cānyeṣāṃ tiktavargaparisaṃkhyātānāmauṣadhadravyāṇāṃ chedyāni khaṇḍaśaśchedayitvā bhedyāni cāṇuśo bhedayitvā prakṣālya pānīyenābhyāsicya sādhayitvopasaṃskṛtya yathāvanmadhutailalavaṇopahitaṃ sukhoṣṇaṃ bastiṃ śleṣmavikāriṇe vidhijño vidhivaddadyāt śītaṃ tu madhusarpirbhyām upasaṃsṛjya pittavikāriṇe vidhijño vidhivaddadyāt bastiṃ+śleṣma · priyaṅgvanantāmrāsthyambaṣṭhakīkaṭvaṅgalodhramocarasasamaṅgādhātakīpuṣpapadmāpadmakeśarajambvāmraplakṣavaṭakapītanodumbarāśvatthabhallātakāsthyaśmantakaśirīṣaśiṃśapāsomavalkatindukapriyālabadarakhadirasaptaparṇāśvakarṇasyandanārjunārimedailavāluka paripelavakadambaśallakījiṅginīkāśakaśerukarājakaśerukaṭphalavaṃśapadmakāśokaśāladhavasarjabhūrjaśaṇakharapuṣpāpuraśamīmācīkavarakatuṅgājakarṇasphūrjakabibhītakakumbhīpuṣkarabījabisamṛṇālatālakharjūrataruṇānīti eṣāmevaṃvidhānāṃ cānyeṣāṃ kaṣāyavargaparisaṃkhyātānāmauṣadhadravyāṇāṃ chedyāni khaṇḍaśaśchedayitvā bhedyāni cāṇuśo bhedayitvā prakṣālya pānīyenābhyāsicya sādhayitvopasaṃskṛtya yathāvanmadhutailalavaṇopahitaṃ sukhoṣṇaṃ bastiṃ śleṣmavikāriṇe vidhijño vidhivaddadyāt śītaṃ tu madhusarpirbhyāmupasaṃsṛjya pittavikāriṇe dadyāt bastiṃ+śleṣma
ḥ o → r o	visarga	3	0.01	garbhaṃ hareyuryadi te na mātur labdhāvakāśā na hareyurojaḥ hareyuḥ+ojaḥ→hareyurojaḥ · varṣāsvamlavipākābhir adbhir oṣadhibhis tathā adbhir+oṣadhibhis · adbhiroṣadhibhiścaiva madhurābhiścitaḥ kaphaḥ adbhiḥ+oṣadhibhiḥ→adbhiroṣadhibhiścaiva
n e → nn e	consonant / other	3	0.01	tasminnekadivasātikrānte 'pi navamaṃ māsamupādāya prasavakālam ityāhur ā daśamānmāsāt tasmin+eka→tasminnekadivasātikrānte · bhiṣaṅ mumūrṣatāṃ veśma praviśanneva paśyati praviśan+eva→praviśanneva · tasminnevādhikaraṇe yat pūrvamabhiśabditam tasmin+eva→tasminnevādhikaraṇe
kim c → cāsya c	consonant / other	3	0.01	kiṃnu khalu garbhasyāṅgaṃ pūrvamabhinirvartate kukṣau kathaṃ cāntargatastiṣṭhati kimāhāraśca vartayati kathaṃbhūtaśca niṣkrāmati kaiścāyamāhāropacārair jātaḥ sadyo hanyate kair avyādhirabhivardhate kiṃ cāsya devādiprakopanimittā vikārāḥ sambhavanti āhosvinna kiṃ cāsya kālākālamṛtyvor bhāvābhāvayor bhagavān adhyavasyati kiṃ cāsya paramāyuḥ kāni cāsya paramāyuṣo nimittānīti cāsya+ca · kiṃnu khalu garbhasyāṅgaṃ pūrvamabhinirvartate kukṣau kathaṃ cāntargatastiṣṭhati kimāhāraśca vartayati kathaṃbhūtaśca niṣkrāmati kaiścāyamāhāropacārair jātaḥ sadyo hanyate kair avyādhirabhivardhate kiṃ cāsya devādiprakopanimittā vikārāḥ sambhavanti āhosvinna kiṃ cāsya kālākālamṛtyvor bhāvābhāvayor bhagavān adhyavasyati kiṃ cāsya paramāyuḥ kāni cāsya paramāyuṣo nimittānīti cāsya+ca · kiṃnu khalu garbhasyāṅgaṃ pūrvamabhinirvartate kukṣau kathaṃ cāntargatastiṣṭhati kimāhāraśca vartayati kathaṃbhūtaśca niṣkrāmati kaiścāyamāhāropacārair jātaḥ sadyo hanyate kair avyādhirabhivardhate kiṃ cāsya devādiprakopanimittā vikārāḥ sambhavanti āhosvinna kiṃ cāsya kālākālamṛtyvor bhāvābhāvayor bhagavān adhyavasyati kiṃ cāsya paramāyuḥ kāni cāsya paramāyuṣo nimittānīti cāsya+ca
ā d → ī d	consonant / other	3	0.01	śarīre ṣaṭ tvacaḥ tadyathā udakadharā tvagbāhyā dvitīyā tvasṛgdharā tṛtīyā sidhmakilāsasaṃbhavādhiṣṭhānā caturthī dadrūkuṣṭhasaṃbhavādhiṣṭhānā pañcamī tvalajīvidradhisaṃbhavādhiṣṭhānā ṣaṣṭhī tu yasyāṃ chinnāyāṃ tāmyatyandha iva ca tamaḥ praviśati yāṃ cāpyadhiṣṭhāyārūṃṣi jāyante parvasu kṛṣṇaraktāni sthūlamūlāni duścikitsyatamāni ca iti ṣaṭ tvacaḥ caturthī+dadrū · viśuddharaktā tvāgneyī dīptābhā darśanapriyā āgneyā→tvāgneyī +dīpta · jīvakarṣabhakau medāṃ jīvantīṃ śrāvaṇīdvayam śrāvaṇā+dvayam→śrāvaṇīdvayam
s g → r g	consonant / other	3	0.01	atastasyāḥ kalpanavidhim upadekṣyāmaḥ nābhibandhanāt prabhṛtyaṣṭāṅgulam abhijñānaṃ kṛtvā chedanāvakāśasya dvayorantarayoḥ śanairgṛhītvā tīkṣṇena raukmarājatāyasānāṃ chedanānām anyatamenārdhadhāreṇa chedayet śanais+gṛhītvā→śanairgṛhītvā · kalkaḥ sarpirguḍaḥ kṣaudraṃ jvaraghno bastiruttamaḥ sarpis+guḍaḥ→sarpirguḍaḥ · sarpirguḍā ye ca hitāḥ kṣatebhyaste raktapittaṃ śamayanti sadyaḥ sarpis+guḍāḥ→sarpirguḍā
as d → hāto d	consonant / other	2	0.01	athāto dīrghaṃjīvitīyam adhyāyaṃ vyākhyāsyāmaḥ atas→athāto +dīrghaṃjīvitīyam · athāto daśaprāṇāyatanīyamadhyāyaṃ vyākhyāsyāmaḥ atas→athāto +daśaprāṇāyatanīyam
ama ś → e ś	consonant / other	2	0.01	tadbrūhi me śamopāyaṃ yathāvadamaraprabho me+śama · pṛṣṭavānasi yat saumya tanme śṛṇu savistaram mama→tanme +śṛṇu
dh v → d v	consonant / other	2	0.01	vanaspatistathā vīrudvānaspatyastathauṣadhiḥ vīrudh+vānaspatyaḥ→vīrudvānaspatyastathauṣadhiḥ · kṣudveganigrahāttatra snigdhoṣṇaṃ laghu bhojanam kṣudh+vega→kṣudveganigrahāttatra
_ c → kaṇḍūṃ c	anusvāra / nasal	2	0.01	kaṇḍūṃ ca śamayet pītaṃ samyagdoṣodare hitam kaṇḍūṃ+ca · purīṣajāstulyasamutthānāḥ śleṣmajaiḥ teṣāṃ sthānaṃ pakvāśayaḥ te pravardhamānāstvadho visarpanti yasya punarāmāśayābhimukhāḥ syuryadantaraṃ tadantaraṃ tasyodgāraniḥśvāsāḥ purīṣagandhinaḥ syuḥ saṃsthānavarṇaviśeṣāstu sūkṣmavṛttaparīṇāhāḥ śvetā dīrghā ūrṇāṃśusaṃkāśāḥ kecit kecit punaḥ sthūlavṛttaparīṇāhāḥ śyāvanīlaharitapītāḥ teṣāṃ nāmāni kakerukāḥ makerukāḥ lelihāḥ saśūlakāḥ sausurādāśceti prabhāvaḥ purīṣabhedaḥ kārśyaṃ pāruṣyaṃ lomaharṣābhinirvartanaṃ ca ta eva cāsya gudamukhaṃ paritudantaḥ kaṇḍūṃ copajanayanto gudamukhaṃ paryāsate ta eva jātaharṣā gudaniṣkramaṇamativelaṃ kurvanti ityeṣa śleṣmajānāṃ purīṣajānāṃ ca krimīṇāṃ samutthānādiviśeṣaḥ kaṇḍūṃ+ca
k d → g d	consonant / other	2	0.01	kaṇḍūṃ ca śamayet pītaṃ samyagdoṣodare hitam samyak+doṣa→samyagdoṣodare · pṛthagdiṣṭāstu ye pañca saṃgrahe paramarṣibhiḥ pṛthak+diṣṭāḥ→pṛthagdiṣṭāstu
ṣ y → ḍ y	consonant / other	2	0.01	mūtraṃ kṣīrāṇi vṛkṣāśca ṣaḍ ye diṣṭapayastvacaḥ ṣaḍ+ye · abhayāmalakīye 'smin ṣaḍ yogāḥ parikīrtitāḥ ṣaḍ+yogāḥ
t o → d o	consonant / other	2	0.01	kiṃ punaryo vijānīyādoṣadhīḥ sarvathā bhiṣak vijānīyāt+oṣadhīḥ→vijānīyādoṣadhīḥ · hṛdyaṃ yat syādyad ojasyaṃ srotasāṃ yat prasādanam yat→syādyad +ojasyaṃ
ā o → au	vowel coalescence	2	0.01	tathauṣadham avijñātaṃ vijñātamamṛtaṃ yathā tathā+oṣadham→tathauṣadham · anenopadeśena nānauṣadhibhūtaṃ jagati kiṃcid dravyam upalabhyate tāṃ tāṃ yuktim arthaṃ ca taṃ tam abhipretya nānā+oṣadhi→nānauṣadhibhūtaṃ
ā g → ī g	consonant / other	2	0.01	pācanī grāhiṇī peyā savāte pāñcamūlikī pācanī+grāhiṇī · vāyavī garhitā tvāsāṃ catasraḥ syuḥ sukhodayāḥ vāyavī+garhitā
ḥ _ → Ø _	visarga	2	0.01	aṣṭāviṃśatirityetā yavāgvaḥ parikīrtitāḥ etāḥ→aṣṭāviṃśatirityetā +yavāgvaḥ · tataḥ śīlaśaucācārānurāgadākṣyaprādakṣiṇyopapannān upacārakuśalān sarvakarmasu paryavadātān sūpaudanapācakasnāpakasaṃvāhakotthāpakasaṃveśakauṣadhapeṣakāṃśca paricārakān sarvakarmasv apratikūlān tathā gītavāditrollāpakaślokagāthākhyāyiketihāsapurāṇakuśalān abhiprāyajñān anumatāṃśca deśakālavidaḥ pāriṣadyāṃśca tathā lāvakapiñjalaśaśahariṇaiṇakālapucchakamṛgamātṛkorabhrān gāṃ dogdhrīṃ śīlavatīmanāturāṃ jīvadvatsāṃ suprativihitatṛṇaśaraṇapānīyāṃ pātryācamanīyodakoṣṭhamaṇikaghaṭapiṭharaparyogakumbhīkumbhakuṇḍaśarāvadarvīkaṭodañcanaparipacanamanthānacarmacelasūtrakārpāsorṇādīni ca śayanāsanādīni copanyastabhṛṅgārapratigrahāṇi suprayuktāstaraṇottarapracchadopadhānāni sopāśrayāṇi saṃveśanopaveśanasnehasvedābhyaṅgapradehapariṣekānulepanavamanavirecanāsthāpanānuvāsanaśirovirecanamūtroccārakarmaṇām upacārasukhāni suprakṣālitopadhānāśca suślakṣṇasvaramadhyamā dṛṣadaḥ śastrāṇi copakaraṇārthāni dhūmanetraṃ ca bastinetraṃ cottarabastikaṃ ca kuśahastakaṃ ca tulāṃ ca mānabhāṇḍaṃ ca ghṛtatailavasāmajjakṣaudraphāṇitalavaṇendhanodakamadhusīdhusurāsauvīrakatuṣodakamaireyamedakadadhidadhimaṇḍodasviddhānyāmlamūtrāṇi ca tathā śāliṣaṣṭikamudgamāṣayavatilakulatthabadaramṛdvīkākāśmaryaparūṣakābhayāmalakavibhītakāni nānāvidhāni ca snehasvedopakaraṇāni dravyāṇi tathaivordhvaharānulomikobhayabhāñji saṃgrahaṇīyadīpanīyapācanīyopaśamanīyavātaharādisamākhyātāni cauṣadhāni yaccānyadapi kiṃcid vyāpadaḥ parisaṃkhyāya pratīkārārthamupakaraṇaṃ vidyāt yacca pratibhogārthaṃ tattadupakalpayet madhyamāḥ→suślakṣṇasvaramadhyamā +dṛṣadaḥ
ṣ e → ḍ e	consonant / other	2	0.01	ityardharūpairvihitāḥ ṣaḍete gopittapītāḥ punareva piṣṭāḥ ṣaṣ+ete→ṣaḍete · ṣaḍeva rasā ityuvāca bhagavānātreyaḥ punarvasuḥ madhurāmlalavaṇakaṭutiktakaṣāyāḥ ṣaṣ+eva→ṣaḍeva
tram t → raṃ t	anusvāra / nasal	2	0.01	hrīveraṃ candanaṃ patraṃ tvagelośīrapadmakam patraṃ+tvac · kakkolasya phalaṃ patraṃ tāmbūlasya śubhaṃ tathā patraṃ+tāmbūlasya
ām dh → īṃ dh	anusvāra / nasal	2	0.01	vartiṃ madhurakaiḥ kṛtvā snaihikīṃ dhūmamācaret snaihikīṃ+dhūmam · āyuṣyāṃ pauṣṭikīṃ dhanyāṃ vayasaḥ sthāpanīṃ parām pauṣṭikīṃ+dhanyāṃ
t ch → c ch	consonant / other	2	0.01	pibecchidraṃ pidhāyaikaṃ nāsayā dhūmamātmavān pibet+chidram→pibecchidraṃ · ajīrṇe yadi tu snehe tṛṣṇā syācchardayedbhiṣak syāt+chardayet→syācchardayedbhiṣak
e abhyadhikam → e 'bhyadhikaṃ	anusvāra / nasal	2	0.01	nāvanaprīṇitāścāsya labhante 'bhyadhikaṃ balam labhante+'bhyadhikaṃ · karoti jīrṇe 'bhyadhikaṃ prakopaṃ bhukte mṛdutvaṃ samupaiti yaśca jīrṇe+'bhyadhikaṃ
ṝṇām d → ṛṇāṃ d	anusvāra / nasal	2	0.01	tatra ravirbhābhirādadāno jagataḥ snehaṃ vāyavastīvrarūkṣāś copaśoṣayantaḥ śiśiravasantagrīṣmeṣu yathākramaṃ raukṣyamutpādayanto rūkṣān rasāṃstiktakaṣāyakaṭukāṃś cābhivardhayanto nṛṇāṃ daurbalyamāvahanti nṛṇāṃ+daurbalyam · saṃśoṣya nṛṇāṃ dehe kurutastṛṣṇāṃ mahābalāvetau nṛṇāṃ+dehe
ama n → e n	consonant / other	2	0.01	pṛthakpṛthakcikitsārthaṃ tānme nigadataḥ śṛṇu mama→tānme +nigadataḥ · nāśuciruttamājyākṣatatilakuśasarṣapairagniṃ juhuyād ātmānam āśīrbhir āśāsānaḥ agnirme nāpagaccheccharīrādvāyurme prāṇānādadhātu viṣṇurme balamādadhātu indro me vīryaṃ śivā māṃ praviśantvāpa āpohiṣṭhetyapaḥ spṛśet dviḥ parimṛjyoṣṭhau pādau cābhyukṣya mūrdhani khāni copaspṛśed adbhir ātmānaṃ hṛdayaṃ śiraśca mama→agnirme +na
k → aḥ k	consonant / other	2	0.01	ativyāyāmataḥ kāso jvaraśchardiśca jāyate vyāyāmāt→ativyāyāmataḥ +kāso · tasmātteṣāṃ tatsātmyataḥ krameṇāpagamanaṃ śreyaḥ sātmyāt→tatsātmyataḥ +krameṇa
aḥ atimātram → o 'timātraṃ	visarga	2	0.01	etānevaṃvidhāṃścānyān yo 'timātraṃ niṣevate yo+'timātraṃ · kṣayaḥ śoṣasyāyatanamiti yaduktaṃ tadanuvyākhyāsyāmaḥyadā puruṣo 'timātraṃ śokacintāparigatahṛdayo bhavati īrṣyotkaṇṭhābhayakrodhādibhirvā samāviśyate kṛśo vā san rūkṣānnapānasevī bhavati durbalaprakṛtiranāhāro 'lpāhāro vā bhavati tadā tasya hṛdayasthāyī rasaḥ kṣayamupaiti sa tasyopakṣayācchoṣaṃ prāpnoti apratīkārāccānubadhyate yakṣmaṇā yathopadekṣyamāṇarūpeṇa yadā vā puruṣo 'tiharṣādatiprasaktabhāvaḥ strīṣvatiprasaṅgamārabhate tasyātimātraprasaṅgādretaḥ kṣayameti puruṣo+'timātraṃ
a d → nā d	consonant / other	2	0.01	nāratnapāṇir nāsnāto nopahatavāsā nājapitvā nāhutvā devatābhyo nānirūpya pitṛbhyo nādattvā gurubhyo nātithibhyo nopāśritebhyo nāpuṇyagandho nāmālī nāprakṣālitapāṇipādavadano nāśuddhamukho nodaṅmukho na vimanā nābhaktāśiṣṭāśucikṣudhitaparicaro na pātrīṣvamedhyāsu nādeśe nākāle nākīrṇe nādattvāgramagnaye nāprokṣitaṃ prokṣaṇodakairna mantrair anabhimantritaṃ na kutsayanna kutsitaṃ na pratikūlopahitamannamādadīta na paryuṣitamanyatra māṃsaharitakaśuṣkaśākaphalabhakṣyebhyaḥ nāśeṣabhuk syādanyatra dadhimadhulavaṇasaktusarpirbhyaḥ na naktaṃ dadhi bhuñjīta na saktūn ekān aśnīyānna niśi na bhuktvā na bahūnna dvirnodakāntaritānna chittvā dvijairbhakṣayet a+dattvā→nādattvā · nāratnapāṇir nāsnāto nopahatavāsā nājapitvā nāhutvā devatābhyo nānirūpya pitṛbhyo nādattvā gurubhyo nātithibhyo nopāśritebhyo nāpuṇyagandho nāmālī nāprakṣālitapāṇipādavadano nāśuddhamukho nodaṅmukho na vimanā nābhaktāśiṣṭāśucikṣudhitaparicaro na pātrīṣvamedhyāsu nādeśe nākāle nākīrṇe nādattvāgramagnaye nāprokṣitaṃ prokṣaṇodakairna mantrair anabhimantritaṃ na kutsayanna kutsitaṃ na pratikūlopahitamannamādadīta na paryuṣitamanyatra māṃsaharitakaśuṣkaśākaphalabhakṣyebhyaḥ nāśeṣabhuk syādanyatra dadhimadhulavaṇasaktusarpirbhyaḥ na naktaṃ dadhi bhuñjīta na saktūn ekān aśnīyānna niśi na bhuktvā na bahūnna dvirnodakāntaritānna chittvā dvijairbhakṣayet a+dattvā→nādattvāgramagnaye
a ś → nā ś	consonant / other	2	0.01	nāratnapāṇir nāsnāto nopahatavāsā nājapitvā nāhutvā devatābhyo nānirūpya pitṛbhyo nādattvā gurubhyo nātithibhyo nopāśritebhyo nāpuṇyagandho nāmālī nāprakṣālitapāṇipādavadano nāśuddhamukho nodaṅmukho na vimanā nābhaktāśiṣṭāśucikṣudhitaparicaro na pātrīṣvamedhyāsu nādeśe nākāle nākīrṇe nādattvāgramagnaye nāprokṣitaṃ prokṣaṇodakairna mantrair anabhimantritaṃ na kutsayanna kutsitaṃ na pratikūlopahitamannamādadīta na paryuṣitamanyatra māṃsaharitakaśuṣkaśākaphalabhakṣyebhyaḥ nāśeṣabhuk syādanyatra dadhimadhulavaṇasaktusarpirbhyaḥ na naktaṃ dadhi bhuñjīta na saktūn ekān aśnīyānna niśi na bhuktvā na bahūnna dvirnodakāntaritānna chittvā dvijairbhakṣayet a+śuddha→nāśuddhamukho · na rajasvalāṃ nāturāṃ nāmedhyāṃ nāśastāṃ nāniṣṭarūpācāropacārāṃ nādakṣāṃ nādakṣiṇāṃ nākāmāṃ nānyakāmāṃ nānyastriyaṃ nānyayoniṃ nāyonau na caityacatvaracatuṣpathopavanaśmaśānāghātanasalilauṣadhidvijagurusurālayeṣu na sandhyayornātithiṣu nāśucirnājagdhabheṣajo nāpraṇītasaṅkalpo nānupasthitapraharṣo nābhuktavānnātyaśito na viṣamastho na mūtroccārapīḍito na śramavyāyāmopavāsaklamābhihato nārahasi vyavāyaṃ gacchet a+śastām→nāśastāṃ
s kh → ḥ kh	consonant / other	2	0.01	athātaḥ khuḍḍākacatuṣpādamadhyāyaṃ vyākhyāsyāmaḥ atas→athātaḥ +khuḍḍākacatuṣpādam · athātaḥ khuḍḍikāṃ garbhāvakrāntiṃ śārīraṃ vyākhyāsyāmaḥ atas→athātaḥ +khuḍḍikāṃ
k ā → g ā	consonant / other	2	0.01	tacchrutvā kāpyavaco bhagavān punarvasurātreya uvāca sarva eva bhavantaḥ samyag āhur anyatraikāntikavacanāt sarva eva khalu vātapittaśleṣmāṇaḥ prakṛtibhūtāḥ puruṣam avyāpannendriyaṃ balavarṇasukhopapannam āyuṣā mahatopapādayanti samyagevācaritā dharmārthakāmā iva niḥśreyasena mahatā puruṣamiha cāmuṣmiṃś ca loke vikṛtāstvenaṃ mahatā viparyayeṇopapādayanti kratavas traya iva vikṛtimāpannā lokamaśubhenopaghātakāla iti samyag+āhur · pītvā saṃśodhanaṃ samyagāyuṣā yujyate ciram samyak+āyuṣā→samyagāyuṣā
ā ś → ī ś	consonant / other	2	0.01	balyā punarnavakarī śarīrendriyacetasām karā→punarnavakarī +śarīra · viṃśatiḥ kṛmijātaya iti yūkā pipīlikāśceti dvividhā bahirmalajāḥ keśādā lomādā lomadvīpāḥ saurasā audumbarā jantumātaraśceti ṣaṭ śoṇitajāḥ antrādā udarāveṣṭā hṛdayādāścuravo darbhapuṣpāḥ saugandhikā mahāgudāśceti sapta kaphajāḥ kakerukā makerukā lelihāḥ saśūlakāḥ sausurādāśceti pañca purīṣajāḥ viṃśatiḥ pramehā ityudakamehaś cekṣubālikārasamehaśca sāndramehaśca sāndraprasādamehaśca śuklamehaśca śukramehaśca śītamehaśca śanairmehaśca sikatāmehaśca lālāmehaśceti daśa śleṣmanimittāḥ kṣāramehaśca kālamehaśca nīlamehaśca lohitamehaśca mañjiṣṭhāmehaśca haridrāmehaśca hastimehaśca madhumehaśceti catvāro vātanimittāḥ iti viṃśatiḥ pramehāḥ viṃśatiryonivyāpada iti vātikī paittikī ślaiṣmikī sānnipātikī ceti catasro doṣajāḥ doṣadūṣyasaṃsargaprakṛtinirdeśairavaśiṣṭāḥ ṣoḍaśa nirdiśyante tadyathā raktayoniścārajaskā cācaraṇā cāticaraṇā ca prākcaraṇā copaplutā ca pariplutā codāvartinī ca karṇinī ca putraghnī cāntarmukhī ca sūcīmukhī ca śuṣkā ca vāminī ca ṣaṇḍhayoniśca mahāyoniśceti viṃśatiryonivyāpado bhavanti paittikī+ślaiṣmikī
v → u v	consonant / other	2	0.01	atha jentākaṃ cikīrṣurbhūmiṃ parīkṣeta tatra pūrvasyāṃ diśyuttarasyāṃ vā guṇavati praśaste bhūmibhāge kṛṣṇamadhuramṛttike suvarṇamṛttike vā parīvāpapuṣkariṇyādīnāṃ jalāśayānāmanyatamasya kūle dakṣiṇe paścime vā sūpatīrthe samasuvibhaktabhūmibhāge saptāṣṭau vāratnīr upakramyodakāt prāṅmukham udaṅmukhaṃ vābhimukhatīrthaṃ kūṭāgāraṃ kārayet utsedhavistārataḥ paramaratnīḥ ṣoḍaśa samantāt suvṛttaṃ mṛtkarmasampannam anekavātāyanam asya kūṭāgārasyāntaḥ samantato bhittimaratnivistārotsedhāṃ piṇḍikāṃ kārayed ā kapāṭāt madhye cāsya kūṭāgārasya catuṣkiṣkumātraṃ puruṣapramāṇaṃ mṛnmayaṃ kandusaṃsthānaṃ bahusūkṣmacchidramaṅgārakoṣṭhakastambhaṃ sapidhānaṃ kārayet taṃ ca khādirāṇām āśvakarṇādīnāṃ vā kāṣṭhānāṃ pūrayitvā pradīpayet sa yadā jānīyāt sādhu dagdhāni kāṣṭhāni gatadhūmānyavataptaṃ ca kevalamagninā tadagnigṛhaṃ svedayogyena coṣmaṇā yuktamiti tatrainaṃ puruṣaṃ vātaharābhyaktagātraṃ vastrāvacchannaṃ praveśayaṃścainamanuśiṣyāt saumya praviśa kalyāṇāyārogyāya ceti praviśya caināṃ piṇḍikāmadhiruhya pārśvāparapārśvābhyāṃ yathāsukhaṃ śayīthāḥ na ca tvayā svedamūrcchāparītenāpi satā piṇḍikaiṣā vimoktavyā ā prāṇocchvāsāt bhraśyamāno hyataḥ piṇḍivakāvakāśād dvāram anadhigacchan svedamūrcchāparītatayā sadyaḥ prāṇāñjahyāḥ tasmāt piṇḍikāmenāṃ na kathaṃcana muñcethāḥ tvaṃ yadā jānīyāḥ vigatābhiṣyandamātmānaṃ samyakprasrutasvedapicchaṃ sarvasrotovimuktaṃ laghūbhūtam apagatavibandhastambhasuptivedanāgauravam iti tatastāṃ piṇḍikāmanusaran dvāraṃ prapadyethāḥ niṣkramya ca na sahasā cakṣuṣoḥ paripālanārthaṃ śītodakam upaspṛśethāḥ apagatasantāpaklamastu muhūrtāt sukhoṣṇena vāriṇā yathānyāyaṃ pariṣikto 'śnīyāḥ iti jentākasvedaḥ aṣṭa→saptāṣṭau +vā · ityevamaṣṭau vikṛtiprakārāḥ karmātmakānām upalakṣaṇīyāḥ aṣṭa→ityevamaṣṭau +vikṛti
k m → ṅ m	consonant / other	2	0.01	atha jentākaṃ cikīrṣurbhūmiṃ parīkṣeta tatra pūrvasyāṃ diśyuttarasyāṃ vā guṇavati praśaste bhūmibhāge kṛṣṇamadhuramṛttike suvarṇamṛttike vā parīvāpapuṣkariṇyādīnāṃ jalāśayānāmanyatamasya kūle dakṣiṇe paścime vā sūpatīrthe samasuvibhaktabhūmibhāge saptāṣṭau vāratnīr upakramyodakāt prāṅmukham udaṅmukhaṃ vābhimukhatīrthaṃ kūṭāgāraṃ kārayet utsedhavistārataḥ paramaratnīḥ ṣoḍaśa samantāt suvṛttaṃ mṛtkarmasampannam anekavātāyanam asya kūṭāgārasyāntaḥ samantato bhittimaratnivistārotsedhāṃ piṇḍikāṃ kārayed ā kapāṭāt madhye cāsya kūṭāgārasya catuṣkiṣkumātraṃ puruṣapramāṇaṃ mṛnmayaṃ kandusaṃsthānaṃ bahusūkṣmacchidramaṅgārakoṣṭhakastambhaṃ sapidhānaṃ kārayet taṃ ca khādirāṇām āśvakarṇādīnāṃ vā kāṣṭhānāṃ pūrayitvā pradīpayet sa yadā jānīyāt sādhu dagdhāni kāṣṭhāni gatadhūmānyavataptaṃ ca kevalamagninā tadagnigṛhaṃ svedayogyena coṣmaṇā yuktamiti tatrainaṃ puruṣaṃ vātaharābhyaktagātraṃ vastrāvacchannaṃ praveśayaṃścainamanuśiṣyāt saumya praviśa kalyāṇāyārogyāya ceti praviśya caināṃ piṇḍikāmadhiruhya pārśvāparapārśvābhyāṃ yathāsukhaṃ śayīthāḥ na ca tvayā svedamūrcchāparītenāpi satā piṇḍikaiṣā vimoktavyā ā prāṇocchvāsāt bhraśyamāno hyataḥ piṇḍivakāvakāśād dvāram anadhigacchan svedamūrcchāparītatayā sadyaḥ prāṇāñjahyāḥ tasmāt piṇḍikāmenāṃ na kathaṃcana muñcethāḥ tvaṃ yadā jānīyāḥ vigatābhiṣyandamātmānaṃ samyakprasrutasvedapicchaṃ sarvasrotovimuktaṃ laghūbhūtam apagatavibandhastambhasuptivedanāgauravam iti tatastāṃ piṇḍikāmanusaran dvāraṃ prapadyethāḥ niṣkramya ca na sahasā cakṣuṣoḥ paripālanārthaṃ śītodakam upaspṛśethāḥ apagatasantāpaklamastu muhūrtāt sukhoṣṇena vāriṇā yathānyāyaṃ pariṣikto 'śnīyāḥ iti jentākasvedaḥ udak+mukham→udaṅmukhaṃ · samyaṅmahati rogāṇāmadhyāye tattvadarśinā samyak+mahati→samyaṅmahati
ṣu s → bhiḥ s	consonant / other	2	0.01	tāpayitvā mārutaghnairdārubhiḥ sampradīpitaiḥ dāruṣu→mārutaghnairdārubhiḥ +sampradīpitaiḥ · śītalairgurubhiḥ snigdhairgulme jāte kaphātmake guruṣu→śītalairgurubhiḥ +snigdhaiḥ
_ p → vyāpadaḥ p	consonant / other	2	0.01	iha khalu rājānaṃ rājamātram anyaṃ vā vipuladravyaṃ vamanaṃ virecanaṃ vā pāyayitukāmena bhiṣajā prāgevauṣadhapānāt saṃbhārā upakalpanīyā bhavanti samyakcaiva hi gacchatyauṣadhe pratibhogārthāḥ vyāpanne cauṣadhe vyāpadaḥ parisaṃkhyāya pratīkārārthā na hi saṃnikṛṣṭe kāle prādurbhūtāyāmāpadi satyapi krayākraye sukaramāśu sambharaṇam auṣadhānāṃ yathāvaditi vyāpadaḥ+parisaṃkhyāya · tataḥ śīlaśaucācārānurāgadākṣyaprādakṣiṇyopapannān upacārakuśalān sarvakarmasu paryavadātān sūpaudanapācakasnāpakasaṃvāhakotthāpakasaṃveśakauṣadhapeṣakāṃśca paricārakān sarvakarmasv apratikūlān tathā gītavāditrollāpakaślokagāthākhyāyiketihāsapurāṇakuśalān abhiprāyajñān anumatāṃśca deśakālavidaḥ pāriṣadyāṃśca tathā lāvakapiñjalaśaśahariṇaiṇakālapucchakamṛgamātṛkorabhrān gāṃ dogdhrīṃ śīlavatīmanāturāṃ jīvadvatsāṃ suprativihitatṛṇaśaraṇapānīyāṃ pātryācamanīyodakoṣṭhamaṇikaghaṭapiṭharaparyogakumbhīkumbhakuṇḍaśarāvadarvīkaṭodañcanaparipacanamanthānacarmacelasūtrakārpāsorṇādīni ca śayanāsanādīni copanyastabhṛṅgārapratigrahāṇi suprayuktāstaraṇottarapracchadopadhānāni sopāśrayāṇi saṃveśanopaveśanasnehasvedābhyaṅgapradehapariṣekānulepanavamanavirecanāsthāpanānuvāsanaśirovirecanamūtroccārakarmaṇām upacārasukhāni suprakṣālitopadhānāśca suślakṣṇasvaramadhyamā dṛṣadaḥ śastrāṇi copakaraṇārthāni dhūmanetraṃ ca bastinetraṃ cottarabastikaṃ ca kuśahastakaṃ ca tulāṃ ca mānabhāṇḍaṃ ca ghṛtatailavasāmajjakṣaudraphāṇitalavaṇendhanodakamadhusīdhusurāsauvīrakatuṣodakamaireyamedakadadhidadhimaṇḍodasviddhānyāmlamūtrāṇi ca tathā śāliṣaṣṭikamudgamāṣayavatilakulatthabadaramṛdvīkākāśmaryaparūṣakābhayāmalakavibhītakāni nānāvidhāni ca snehasvedopakaraṇāni dravyāṇi tathaivordhvaharānulomikobhayabhāñji saṃgrahaṇīyadīpanīyapācanīyopaśamanīyavātaharādisamākhyātāni cauṣadhāni yaccānyadapi kiṃcid vyāpadaḥ parisaṃkhyāya pratīkārārthamupakaraṇaṃ vidyāt yacca pratibhogārthaṃ tattadupakalpayet vyāpadaḥ+parisaṃkhyāya
m p → tastaṃ p	anusvāra / nasal	2	0.01	tatastaṃ puruṣaṃ yathoktābhyāṃ snehasvedābhyāṃ yathārhamupapādayet taṃ cedasminnantare mānasaḥ śārīro vā vyādhiḥ kaścittīvrataraḥ sahasābhyāgacchet tameva tāvadasyopāvartayituṃ yateta tatastamupāvartya tāvantamevainaṃ kālaṃ tathāvidhenaiva karmaṇopācaret tam→tatastaṃ +puruṣaṃ · tatastaṃ puruṣaṃ snehasvedopapannam anupahatamanasam abhisamīkṣya sukhoṣitaṃ suprajīrṇabhaktaṃ śiraḥsnātamanuliptagātraṃ sragviṇam anupahatavastrasaṃvītaṃ devatāgnidvijaguruvṛddhavaidyānarcitavantamiṣṭe nakṣatratithikaraṇamuhūrte kārayitvā brāhmaṇān svastivācanaṃ prayuktābhir āśīrbhir abhimantritāṃ madhumadhukasaindhavaphāṇitopahitāṃ madanaphalakaṣāyamātrāṃ pāyayet tam→tatastaṃ +puruṣaṃ
c → u c	consonant / other	2	0.01	daśāṣṭau ca kṣayāḥ sapta piḍakā mādhumehikāḥ aṣṭa→daśāṣṭau +ca · dvikāścāṣṭau catuṣkāśca daśa dvādaśa pañcakāḥ aṣṭa→dvikāścāṣṭau +catuṣkāḥ
ḥ v → n v	visarga	2	0.01	tvareta jetuṃ taṃ vidvān vikāraṃ śīghrakāriṇam vidvān+vikāraṃ · etasmātkāraṇādvidvān vātike 'pyādito jvare vidvāḥ→etasmātkāraṇādvidvān +vātike
c r → g r	consonant / other	2	0.01	paruṣā sphuṭitā mlānā tvagrūkṣā raktasaṃkṣaye tvac+rūkṣā→tvagrūkṣā · sārataśceti sārāṇyaṣṭau puruṣāṇāṃ balamānaviśeṣajñānārthamupadiśyante tadyathā tvagraktamāṃsamedo'sthimajjaśukrasattvānīti tvac+rakta→tvagraktamāṃsamedo'sthimajjaśukrasattvānīti
ām t → īṃ t	anusvāra / nasal	2	0.01	vidradhiṃ dvividhām āhur bāhyām ābhyantarīṃ tathā ābhyantarīṃ+tathā · vātikīṃ paittikīṃ tṛṣṇādāhamohamadajvaraiḥ paittikīṃ+tṛṣṇā
ām v → īṃ v	anusvāra / nasal	2	0.01	jṛmbhotkleśārucistambhaśītakaiḥ ślaiṣmikīṃ viduḥ ślaiṣmikīṃ+viduḥ · kasmāt prajāṃ strī vikṛtāṃ prasūte hīnādhikāṅgīṃ vikalendriyāṃ vā aṅgām→hīnādhikāṅgīṃ +vikala
iḥ v → ī v	visarga	2	0.01	vidradhī vyamlatā yātā vṛścikairiva daśyate vidradhī+vyamla · tadyathā ekaikajā mṛdavo'lpāḥ snigdhāḥ subaddhamūlāḥ kṛṣṇāḥ keśāḥ praśasyante sthirā bahalā tvak prakṛtyātisampannam īṣatpramāṇātivṛttam anurūpam ātapatropamaṃ śiraḥ vyūḍhaṃ dṛḍhaṃ samaṃ suśliṣṭaśaṅkhasandhyūrdhvavyañjanasampannam upacitaṃ valibham ardhacandrākṛti lalāṭaṃ bahalau vipulasamapīṭhau samau nīcair vṛddhau pṛṣṭhato'vanatau suśliṣṭakarṇaputrakau mahāchidrau karṇau īṣat pralambinyāvasaṃgate same saṃhate mahatyau bhruvau same samāhitadarśane vyaktabhāgavibhāge balavatī tejasopapanne svaṅgāpāṅge cakṣuṣī ṛjvī mahocchvāsā vaṃśasampanneṣadavanatāgrā nāsikā mahadṛjusuniviṣṭadantam āsyam āyāmavistāropapannā ślakṣṇā tanvī prakṛtivarṇayuktā jihvā ślakṣṇaṃ yuktopacayam ūṣmopapannaṃ raktaṃ tālu mahān adīnaḥ snigdho 'nunādī gambhīrasamuttho dhīraḥ svaraḥ nātisthūlau nātikṛśau vistāropapannāvāsyapracchādanau raktāvoṣṭhau mahatyau hanū vṛttā nātimahatī grīvā vyūḍhamupacitam uraḥ gūḍhaṃ jatru pṛṣṭhavaṃśaśca viprakṛṣṭāntarau stanau asaṃpātinī sthire pārśve vṛttaparipūrṇāyatau bāhū sakthinī aṅgulayaśca mahadupacitaṃ pāṇipādaṃ sthirā vṛttāḥ snigdhāstāmrāstuṅgāḥ kūrmākārāḥ karajāḥ pradakṣiṇāvartā sotsaṅgā ca nābhiḥ urastribhāgahīnā samā samupacitamāṃsā kaṭī vṛttau sthiropacitamāṃsau nātyunnatau nātyavanatau sphicau anupūrvaṃ vṛttāvupacayayuktāvūrū nātyupacite nātyapacite eṇīpade pragūḍhasirāsthisaṃdhī jaṅghe nātyupacitau nātyapacitau gulphau pūrvopadiṣṭaguṇau pādau kūrmākārau prakṛtiyuktāni vātamūtrapurīṣaguhyāni tathā svaprajāgaraṇāyāsasmitaruditastanagrahaṇāni yacca kiṃcid anyad apyanuktam asti tadapi sarvaṃ prakṛtisampannam iṣṭaṃ viparītaṃ punaraniṣṭam kaṭī+vṛttau
ṃnipātikā c → nnipātikī c	consonant / other	2	0.01	āsāṃ hṛnnābhibastijāḥ paripakvāḥ sānnipātikī ca maraṇāya śeṣāḥ punaḥ kuśalam āśupratikāriṇaṃ cikitsakamāsādyopaśāmyanti sānnipātikī+ca · viṃśatiḥ kṛmijātaya iti yūkā pipīlikāśceti dvividhā bahirmalajāḥ keśādā lomādā lomadvīpāḥ saurasā audumbarā jantumātaraśceti ṣaṭ śoṇitajāḥ antrādā udarāveṣṭā hṛdayādāścuravo darbhapuṣpāḥ saugandhikā mahāgudāśceti sapta kaphajāḥ kakerukā makerukā lelihāḥ saśūlakāḥ sausurādāśceti pañca purīṣajāḥ viṃśatiḥ pramehā ityudakamehaś cekṣubālikārasamehaśca sāndramehaśca sāndraprasādamehaśca śuklamehaśca śukramehaśca śītamehaśca śanairmehaśca sikatāmehaśca lālāmehaśceti daśa śleṣmanimittāḥ kṣāramehaśca kālamehaśca nīlamehaśca lohitamehaśca mañjiṣṭhāmehaśca haridrāmehaśca hastimehaśca madhumehaśceti catvāro vātanimittāḥ iti viṃśatiḥ pramehāḥ viṃśatiryonivyāpada iti vātikī paittikī ślaiṣmikī sānnipātikī ceti catasro doṣajāḥ doṣadūṣyasaṃsargaprakṛtinirdeśairavaśiṣṭāḥ ṣoḍaśa nirdiśyante tadyathā raktayoniścārajaskā cācaraṇā cāticaraṇā ca prākcaraṇā copaplutā ca pariplutā codāvartinī ca karṇinī ca putraghnī cāntarmukhī ca sūcīmukhī ca śuṣkā ca vāminī ca ṣaṇḍhayoniśca mahāyoniśceti viṃśatiryonivyāpado bhavanti sānnipātikī+ca
ḥ u → n u	visarga	2	0.01	api yatnakṛtaṃ bālairna tān vidvānupācaret vidvāḥ+upācaret→vidvānupācaret · ityevamete ṣaḍrasāḥ pṛthaktvenaikatvena vā mātraśaḥ samyagupayujyamānā upakārāya bhavantyadhyātmalokasya apakārakarāḥ punarato'nyathā bhavantyupayujyamānāḥ tān vidvānupakārārthameva mātraśaḥ samyagupayojayediti vidvāḥ+upakāra→vidvānupakārārthameva
a k → u k	consonant / other	2	0.01	iha khalvaṣṭāvudarāṇi aṣṭau mūtrāghātaḥ aṣṭau kṣīradoṣāḥ aṣṭau retodoṣāḥ sapta kuṣṭhāni sapta piḍakāḥ sapta visarpāḥ ṣaḍatīsārāḥ ṣaḍudāvartāḥ pañca gulmāḥ pañca plīhadoṣāḥ pañca kāsāḥ pañca śvāsāḥ pañca hikkāḥ pañca tṛṣṇāḥ pañca chardayaḥ pañca bhaktasyānaśanasthānāni pañca śirorogāḥ pañca hṛdrogāḥ pañca pāṇḍurogāḥ pañconmādāḥ catvāro 'pasmārāḥ catvāro 'kṣirogāḥ catvāraḥ karṇarogāḥ catvāraḥ pratiśyāyāḥ catvāro mukharogāḥ catvāro grahaṇīdoṣāḥ catvāro madāḥ catvāro mūrcchāyāḥ catvāraḥ śoṣāḥ catvāri klaibyāni trayaḥ śophāḥ trīṇi kilāsāni trividhaṃ lohitapittaṃ dvau jvarau dvau vraṇau dvāvāyāmau dve gṛdhrasyau dve kāmale dvividham āmaṃ dvividhaṃ vātaraktaṃ dvividhānyarśāṃsi eka ūrustambhaḥ ekaḥ saṃnyāsaḥ eko mahāgadaḥ viṃśatiḥ krimijātayaḥ viṃśatiḥ pramehāḥ viṃśatiryonivyāpadaḥ ityaṣṭacatvāriṃśadrogādhikaraṇānyasmin saṃgrahe samuddiṣṭāni aṣṭau+kṣīra · aṣṭāvudarāṇīti vātapittakaphasannipātaplīhabaddhacchidradakodarāṇi aṣṭau mūtrāghātā iti vātapittakaphasannipātāśmarīśarkarāśukraśoṇitajāḥ aṣṭau kṣīradoṣā iti vaivarṇyaṃ vaigandhyaṃ vairasyaṃ paicchilyaṃ phenasaṅghāto raukṣyaṃ gauravamatisnehaśca aṣṭau retodoṣā iti tanu śuṣkaṃ phenilam aśvetaṃ pūtyatipicchalamanyadhātūpahitamavasādi ca aṣṭau+kṣīra
a r → u r	consonant / other	2	0.01	aṣṭāvudarāṇīti vātapittakaphasannipātaplīhabaddhacchidradakodarāṇi aṣṭau mūtrāghātā iti vātapittakaphasannipātāśmarīśarkarāśukraśoṇitajāḥ aṣṭau kṣīradoṣā iti vaivarṇyaṃ vaigandhyaṃ vairasyaṃ paicchilyaṃ phenasaṅghāto raukṣyaṃ gauravamatisnehaśca aṣṭau retodoṣā iti tanu śuṣkaṃ phenilam aśvetaṃ pūtyatipicchalamanyadhātūpahitamavasādi ca aṣṭau+retas · aṣṭau rasā iti baḍiśo dhāmārgavaḥ madhurāmlalavaṇakaṭutiktakaṣāyakṣārāvyaktāḥ aṣṭau+rasā
s u → u	consonant / other	2	0.01	tadyathā nakhabhedaśca vipādikā ca pādaśūlaṃ ca pādabhraṃśaśca pādasuptatā ca vātakhuḍḍatā ca gulphagrahaśca piṇḍikodveṣṭanaṃ ca gṛdhrasī ca jānubhedaśca jānuviśleṣaśca ūrustambhaśca ūrusādaśca pāṅgulyaṃ ca gudabhraṃśaśca gudārtiśca vṛṣaṇākṣepaśca śephastambhaśca vaṅkṣaṇānāhaśca śroṇibhedaśca viḍbhedaśca udāvartaśca khañjatvaṃ ca kubjatvaṃ ca vāmanatvaṃ ca trikagrahaśca pṛṣṭhagrahaśca pārśvāvamardaśca udarāveṣṭaśca hṛnmohaśca hṛddravaśca vakṣauddharṣaśca vakṣauparodhaśca vakṣastodaśca bāhuśoṣaśca grīvāstambhaśca manyāstambhaśca kaṇṭhoddhvaṃsaśca hanubhedaśca oṣṭhabhedaśca akṣibhedaśca dantabhedaśca dantaśaithilyaṃ ca mūkatvaṃ ca vāksaṅgaśca kaṣāyāsyatā ca mukhaśoṣaś ca arasajñatā ca ghrāṇanāśaśca karṇaśūlaṃ ca aśabdaśravaṇaṃ ca uccaiḥśrutiśca bādhiryaṃ ca vartmastambhaśca vartmasaṃkocaśca timiraṃ ca akṣiśūlaṃ ca akṣivyudāsaśca bhrūvyudāsaśca śaṅkhabhedaśca lalāṭabhedaśca śirorukca keśabhūmisphuṭanaṃ ca arditaṃ ca ekāṅgarogaśca sarvāṅgarogaśca pakṣavadhaśca ākṣepakaśca daṇḍakaś ca tamaśca bhramaśca vepathuśca jṛmbhā ca hikkā ca viṣādaśca atipralāpaśca raukṣyaṃ ca pāruṣyaṃ ca śyāvāruṇāvabhāsatā ca asvapnaśca anavasthitacittatvaṃ ca ityaśītirvātavikārā vātavikārāṇāmaparisaṃkhyeyānām āviṣkṛtatamā vyākhyātāḥ vakṣas+uddharṣaḥ→vakṣauddharṣaśca · tadyathā nakhabhedaśca vipādikā ca pādaśūlaṃ ca pādabhraṃśaśca pādasuptatā ca vātakhuḍḍatā ca gulphagrahaśca piṇḍikodveṣṭanaṃ ca gṛdhrasī ca jānubhedaśca jānuviśleṣaśca ūrustambhaśca ūrusādaśca pāṅgulyaṃ ca gudabhraṃśaśca gudārtiśca vṛṣaṇākṣepaśca śephastambhaśca vaṅkṣaṇānāhaśca śroṇibhedaśca viḍbhedaśca udāvartaśca khañjatvaṃ ca kubjatvaṃ ca vāmanatvaṃ ca trikagrahaśca pṛṣṭhagrahaśca pārśvāvamardaśca udarāveṣṭaśca hṛnmohaśca hṛddravaśca vakṣauddharṣaśca vakṣauparodhaśca vakṣastodaśca bāhuśoṣaśca grīvāstambhaśca manyāstambhaśca kaṇṭhoddhvaṃsaśca hanubhedaśca oṣṭhabhedaśca akṣibhedaśca dantabhedaśca dantaśaithilyaṃ ca mūkatvaṃ ca vāksaṅgaśca kaṣāyāsyatā ca mukhaśoṣaś ca arasajñatā ca ghrāṇanāśaśca karṇaśūlaṃ ca aśabdaśravaṇaṃ ca uccaiḥśrutiśca bādhiryaṃ ca vartmastambhaśca vartmasaṃkocaśca timiraṃ ca akṣiśūlaṃ ca akṣivyudāsaśca bhrūvyudāsaśca śaṅkhabhedaśca lalāṭabhedaśca śirorukca keśabhūmisphuṭanaṃ ca arditaṃ ca ekāṅgarogaśca sarvāṅgarogaśca pakṣavadhaśca ākṣepakaśca daṇḍakaś ca tamaśca bhramaśca vepathuśca jṛmbhā ca hikkā ca viṣādaśca atipralāpaśca raukṣyaṃ ca pāruṣyaṃ ca śyāvāruṇāvabhāsatā ca asvapnaśca anavasthitacittatvaṃ ca ityaśītirvātavikārā vātavikārāṇāmaparisaṃkhyeyānām āviṣkṛtatamā vyākhyātāḥ vakṣas+uparodhaḥ→vakṣauparodhaśca
dh a → d a	consonant / other	2	0.01	atisthūlasya tāvadāyuṣo hrāso javoparodhaḥ kṛcchravyavāyatā daurbalyaṃ daurgandhyaṃ svedābādhaḥ kṣudatimātraṃ pipāsātiyogāśceti bhavantyaṣṭau doṣāḥ kṣudh+atimātram→kṣudatimātraṃ · tasya hyatimātramedasvino meda evopacīyate na tathetare dhātavaḥ tasmādasyāyuṣo hrāsaḥ śaithilyāt saukumāryādgurutvācca medaso javoparodhaḥ śukrābahutvānmedasāvṛtamārgatvācca kṛcchravyavāyatā daurbalyam asamatvād dhātūnāṃ daurgandhyaṃ medodoṣānmedasaḥ svabhāvāt svedanatvācca medasaḥ śleṣmasaṃsargād viṣyanditvād bahutvād gurutvād vyāyāmāsahatvācca svedābādhaḥ tīkṣṇāgnitvāt prabhūtakoṣṭhavāyutvācca kṣudatimātraṃ pipāsātiyogaśceti kṣudh+atimātram→kṣudatimātraṃ
d → u d	consonant / other	2	0.01	atisthūlasya tāvadāyuṣo hrāso javoparodhaḥ kṛcchravyavāyatā daurbalyaṃ daurgandhyaṃ svedābādhaḥ kṣudatimātraṃ pipāsātiyogāśceti bhavantyaṣṭau doṣāḥ aṣṭa→bhavantyaṣṭau +doṣāḥ · palāni pṛthagaṣṭāṣṭau dattvā samyagvipācayet aṣṭa→pṛthagaṣṭāṣṭau +dattvā
ṇām b → nāṃ b	anusvāra / nasal	2	0.01	kṛśānāṃ bṛṃhaṇārthaṃ ca laghu saṃtarpaṇaṃ ca yat kṛśānāṃ+bṛṃhaṇa · tasmāt prayogānvakṣyāmo durbalānāṃ balapradān durbalānāṃ+bala
mbhramaḥ a → ṃbhramo a	visarga	2	0.01	manasaḥ saṃbhramo 'bhīkṣṇamūrdhvavātastamo hṛdi saṃbhramo+abhīkṣṇam · saṃbhramo 'tipralāpo 'tibhedo 'sthnām atidāruṇaḥ saṃbhramo+ati
as y → hāto y	consonant / other	2	0.01	athāto yajjaḥpuruṣīyamadhyāyaṃ vyākhyāsyāmaḥ atas→athāto +yajjaḥpuruṣīyam · athāto yasyaśyāvanimittīyamindriyaṃ vyākhyāsyāmaḥ atas→athāto +yasyaśyāvanimittīyam
ayam p → 'yaṃ p	anusvāra / nasal	2	0.01	ātmendriyamano'rthānāṃ yo 'yaṃ puruṣasaṃjñakaḥ 'yaṃ+puruṣa · caturthaḥ śākavargo 'yaṃ pattrakandaphalāśrayaḥ 'yaṃ+pattra
āt k → ataḥ k	consonant / other	2	0.01	tamuvāca bhagavānātreyaḥ yeṣāṃ hi viditamāhāratattvamagniveśa guṇato dravyataḥ karmataḥ sarvāvayavaśaśca mātrādayo bhāvāḥ ta etadevamupadiṣṭaṃ vijñātumutsahante dravyataḥ+karmataḥ · sa ca sarvadhātusāmyaṃ cikīrṣannātmānamevāditaḥ parīkṣeta guṇiṣu guṇataḥ kāryābhinirvṛttiṃ paśyan kaccidahamasya kāryasyābhinirvartane samartho na veti tatreme bhiṣagguṇā yairupapanno bhiṣagdhātusāmyābhinirvartane samartho bhavati tad yathā paryavadātaśrutatā paridṛṣṭakarmatā dākṣyaṃ śaucaṃ jitahastatā upakaraṇavattā sarvendriyopapannatā prakṛtijñatā pratipattijñatā ceti guṇataḥ+kārya
t a → t '	consonant / other	2	0.01	tāsveva dravyasaṃyogakaraṇato 'parisaṃkhyeyāsu yathāpathyatamānām āsavānāṃ caturaśītiṃ nibodha karaṇāt+'parisaṃkhyeyāsu · tadvyāsato 'nuvyākhyāsyāmaḥ tasya cet parimṛśyamānaṃ pṛthaktvena pādajaṅghorusphigudarapārśvapṛṣṭheṣikāpāṇigrīvātālvoṣṭhalalāṭaṃ svinnaṃ śītaṃ stabdhaṃ dāruṇaṃ vītamāṃsaśoṇitaṃ vā syāt parāsurayaṃ puruṣo na cirāt kālaṃ mariṣyatīti vidyāt vyāsāt+'nuvyākhyāsyāmaḥ
a → o a	vowel coalescence	2	0.01	tāsveva dravyasaṃyogakaraṇato 'parisaṃkhyeyāsu yathāpathyatamānām āsavānāṃ caturaśītiṃ nibodha karaṇāt→dravyasaṃyogakaraṇato +'parisaṃkhyeyāsu · tadvyāsato 'nuvyākhyāsyāmaḥ tasya cet parimṛśyamānaṃ pṛthaktvena pādajaṅghorusphigudarapārśvapṛṣṭheṣikāpāṇigrīvātālvoṣṭhalalāṭaṃ svinnaṃ śītaṃ stabdhaṃ dāruṇaṃ vītamāṃsaśoṇitaṃ vā syāt parāsurayaṃ puruṣo na cirāt kālaṃ mariṣyatīti vidyāt vyāsāt→tadvyāsato +'nuvyākhyāsyāmaḥ
k g → g g	consonant / other	2	0.01	svādvamlau sahitau yogaṃ lavaṇādyaiḥ pṛthaggatau pṛthak+gatau→pṛthaggatau · rasāḥ pṛthak pṛthag grāhyāḥ palāśakṣāra eva ca pṛthag+grāhyāḥ
ṇām ṣ → nāṃ ṣ	anusvāra / nasal	2	0.01	evameṣāṃ rasānāṃ ṣaṭtvam upapannaṃ nyūnātirekaviśeṣān mahābhūtānāṃ bhūtānāmiva sthāvarajaṅgamānāṃ nānāvarṇākṛtiviśeṣāḥ ṣaḍṛtukatvācca kālasyopapanno mahābhūtānāṃ nyūnātirekaviśeṣaḥ rasānāṃ+ṣaṭtvam · ṣaṇṇāṃ rasānāṃ ṣaṭtve ca savibhaktā vibhaktayaḥ rasānāṃ+ṣaṭtve
m _ → ṃ _	anusvāra / nasal	2	0.01	sa evaṃguṇo'pyeka evātyartham upayujyamānaḥ pittaṃ kopayati raktaṃ vardhayati tarṣayati mūrchayati tāpayati dārayati kuṣṇāti māṃsāni pragālayati kuṣṭhāni viṣaṃ vardhayati śophān sphoṭayati dantāṃścyāvayati puṃstvamupahanti indriyāṇyuparuṇaddhi valipalitakhālityamāpādayati api ca lohitapittāmlapittavīsarpavātaraktavicarcikendraluptaprabhṛtīn vikārān upajanayati kaṭuko raso vaktraṃ śodhayati agniṃ dīpayati bhuktaṃ śoṣayati ghrāṇamāsrāvayati cakṣurvirecayati sphuṭīkarotīndriyāṇi alasakaśvayathūpacayodardābhiṣyandasnehasvedakledamalān upahanti rocayatyaśanaṃ kaṇḍūrvināśayati vraṇān avasādayati krimīn hinasti māṃsaṃ vilikhati śoṇitasaṃghātaṃ bhinatti bandhāṃśchinatti mārgān vivṛṇoti śleṣmāṇaṃ śamayati laghuruṣṇo rūkṣaśca aśanam→rocayatyaśanaṃ +_ · amarṣaḥ krodhaḥ saṃrambhaś cāsthāne śastraloṣṭakaśākāṣṭhamuṣṭibhir abhihananaṃ sveṣāṃ pareṣāṃ vā abhidravaṇaṃ pracchāyaśītodakānnābhilāṣaḥ saṃtāpaś cātivelaṃ tāmrahāritahāridrasaṃrabdhākṣatā pittopaśayaviparyāsād anupaśayatā ca iti pittonmadaliṅgāni bhavanti ativelam→cātivelaṃ +_
ṇām v → nāṃ v	anusvāra / nasal	2	0.01	ṣaṇṇāṃ rasānāṃ vijñānamupadekṣyāmyataḥ param rasānāṃ+vijñānam · rasānāṃ viṣamādānam alpādānaṃ ca dūṣaṇam rasānāṃ+viṣama
ṇām g → nāṃ g	anusvāra / nasal	2	0.01	pravarāvaramadhyatvaṃ rasānāṃ gauravādiṣu rasānāṃ+gaurava · na caivāsamyagupayujyamānā rasā garbhamabhinirvartayanti na ca kevalaṃ samyagupayogādeva rasānāṃ garbhābhinirvṛttirbhavati samudāyo 'pyatra kāraṇamucyate rasānāṃ+garbha
avaḥ b → vyo b	visarga	2	0.01	madhurāḥ śītalā gurvyo balaghnyo rūkṣaṇātmikāḥ gurvyo+bala · tatra sarpistailamadhusaindhavasauvarcalakālaviḍlavaṇaviḍaṅgakuṣṭhakilimanāgarapippalīpippalīmūlahastipippalīmaṇḍūkaparṇyelālāṅgalīvacācavyacitrakacirabilvahiṅgusarṣapalaśunakatakakaṇakaṇikānīpātasībalvajabhūrjakulatthamaireyasurāsavāḥ saṃnihitāḥ syuḥ tathāśmānau dvau dve kuṇḍamusale dve udūkhale kharavṛṣabhaśca dvau ca tīkṣṇau sūcīpippalakau sauvarṇarājatau śastrāṇi ca tīkṣṇāyasāni dvau ca bilvamayau paryaṅkau taindukaiṅgudāni ca kāṣṭhānyagnisaṃdhukṣaṇāni striyaśca bahvyo bahuśaḥ prajātāḥ sauhārdayuktāḥ satatam anuraktāḥ pradakṣiṇācārāḥ pratipattikuśalāḥ prakṛtivatsalāstyaktaviṣādāḥ kleśasahinyo'bhimatāḥ brāhmaṇāścātharvavedavidaḥ yaccānyadapi tatra samarthaṃ manyeta yaccānyacca brāhmaṇā brūyuḥ striyaśca vṛddhāstat kāryam bahvyo+bahuśaḥ
ā b → ī b	consonant / other	2	0.01	vātapittapraśamanī bṛṃhaṇī balavardhanī bṛṃhaṇī+bala · vātapittapraśamanī bṛṃhaṇī balavardhanī praśamanā→vātapittapraśamanī +bṛṃhaṇī
avaḥ e → vya e	visarga	2	0.01	śītāḥ pīnasakartryaśca madhurā gurvya eva ca gurvya+eva · vyādherekasya cānekā bahūnāṃ bahvya eva ca bahvya+eva
au ā → āv ā	vowel coalescence	2	0.01	evaṃ rasamalau svapramāṇāvasthitāv āśrayasya samadhātor dhātusāmyam anuvartayataḥ avasthitau→svapramāṇāvasthitāv +āśrayasya · bhallātakānāṃ jarjarīkṛtānāṃ piṣṭasvedanaṃ pūrayitvā bhūmāv ākaṇṭhaṃ nikhātasya snehabhāvitasya dṛḍhasyopari kumbhasyāropyoḍupenāpidhāya kṛṣṇamṛttikāvaliptaṃ gomayāgnibhir upasvedayet teṣāṃ yaḥ svarasaḥ kumbhaṃ prapadyeta tam aṣṭabhāgamadhusamprayuktaṃ dviguṇaghṛtam adyāt tatprayogādvarṣaśatamajaraṃ vayastiṣṭhatīti samānaṃ pūrveṇa bhūmāv+ākaṇṭhaṃ
ḥ p → n p	visarga	2	0.01	jānīye yaḥ sa vai vidvān prāṇābhisara ucyate vidvān+prāṇa · imāṃ matiṃ bahuvidhahetusaṃśrayāṃ vijajñivān paramatavādasūdanīm vijajñivān+para
e abhisarāḥ → e 'bhisarā	visarga	2	0.01	dvividhastu khalu bhiṣajo bhavantyagniveśa prāṇānāmeke 'bhisarā hantāro rogāṇāṃ rogāṇāmeke 'bhisarā hantāraḥ prāṇānāmiti eke+'bhisarā · dvividhastu khalu bhiṣajo bhavantyagniveśa prāṇānāmeke 'bhisarā hantāro rogāṇāṃ rogāṇāmeke 'bhisarā hantāraḥ prāṇānāmiti eke+'bhisarā
abhisarāḥ h → 'bhisarā h	visarga	2	0.01	dvividhastu khalu bhiṣajo bhavantyagniveśa prāṇānāmeke 'bhisarā hantāro rogāṇāṃ rogāṇāmeke 'bhisarā hantāraḥ prāṇānāmiti 'bhisarā+hantāro · dvividhastu khalu bhiṣajo bhavantyagniveśa prāṇānāmeke 'bhisarā hantāro rogāṇāṃ rogāṇāmeke 'bhisarā hantāraḥ prāṇānāmiti 'bhisarā+hantāraḥ
d ph → t ph	consonant / other	2	0.01	tatphalā bahudhā vā tāḥ phalantīva mahāphalāḥ tad+phalāḥ→tatphalā · na hi karma mahatkiṃcit phalaṃ yasya na bhujyate kiṃcid→mahatkiṃcit +phalaṃ
d u → t u	consonant / other	2	0.01	tadāyur vedayatītyāyurvedaḥ kathamiti cet ucyate svalakṣaṇataḥ sukhāsukhato hitāhitataḥ pramāṇāpramāṇataśca yataścāyuṣyāṇyanāyuṣyāṇi ca dravyaguṇakarmāṇi vedayatyato'pyāyurvedaḥ cet+ucyate · saiva dvividhā satī trividhā punaranena kāraṇavibhāgena suhṛtpariṣat udāsīnapariṣat pratiniviṣṭapariṣacceti pariṣad→suhṛtpariṣat +udāsīna
y → o y	consonant / other	2	0.01	tatrāyuruktaṃ svalakṣaṇato yathāvadihaiva pūrvādhyāye ca lakṣaṇāt→svalakṣaṇato +yathāvat · tatra yāni puruṣam anāśritāni tānyupadeśato yuktitaśca parīkṣeta puruṣasaṃśrayāṇi punaḥ prakṛtito vikṛtitaśca upadeśāt→tānyupadeśato +yuktyāḥ
yāḥ a → er a	visarga	2	0.01	viṣamāśanād anaśanād annaparivartād ṛtuvyāpatter asātmyagandhopaghrāṇād viṣopahatasya codakasyopayogād garebhyo girīṇāṃ copaśleṣāt snehasvedavamanavirecanāsthāpanānuvāsanaśirovirecanānām ayathāvatprayogāt mithyāsaṃsarjanādvā strīṇāṃ ca viṣamaprajananāt prajātānāṃ ca mithyopacārād yathoktānāṃ ca hetūnāṃ miśrībhāvād yathānidānaṃ dvandvānām anyatamaḥ sarve vā trayo doṣā yugapat prakopam āpadyante te prakupitās tayaivānupūrvyā jvaram abhinirvartayanti vyāpattyāḥ→ṛtuvyāpatter +asātmya · ye 'pīha bhūmer atyūṣarā deśāsteṣvoṣadhivīrudvanaspativānaspatyā na jāyante'lpatejaso vā bhavanti lavaṇopahatatvāt bhūmer+atyūṣarā
ṃnipātikam v → nnipātikaṃ v	anusvāra / nasal	2	0.01	tatra tathoktānāṃ jvaraliṅgānāṃ miśrībhāvaviśeṣadarśanād dvāṃdvikam anyatamaṃ jvaraṃ sānnipātikaṃ vā vidyāt sānnipātikaṃ+vā · samavetasarvaliṅgamapasmāraṃ sānnipātikaṃ vidyāt tamasādhyamācakṣate sānnipātikaṃ+vidyāt
nām n → ṇāṃ n	anusvāra / nasal	2	0.01	pramehāṇāṃ nidāne 'smin kriyāsūtraṃ ca bhāṣitam pramehāṇāṃ+nidāne · dadhyakṣatadvijātīnāṃ vṛṣabhāṇāṃ nṛpasya ca vṛṣabhāṇāṃ+nṛpasya
as anantaram → o 'nantaraṃ	anusvāra / nasal	2	0.01	tato 'nantaraṃ kuṣṭhānyabhinirvartante teṣāmidaṃ vedanāvarṇasaṃsthānaprabhāvanāmaviśeṣavijñānaṃ bhavati tadyathā rūkṣāruṇaparuṣāṇi viṣamavisṛtāni kharaparyantāni tanūnyudvṛttabahistanūni suptavatsuptāni hṛṣitalomācitāni nistodabahulāny alpakaṇḍūdāhapūyalasīkāny āśugatisamutthānāny āśubhedīni jantumanti kṛṣṇāruṇakapālavarṇāni ca kapālakuṣṭhānīti vidyāt tāmrāṇi tāmrakhararomarājībhiravanaddhāni bahalāni bahubahalapūyaraktalasīkāni kaṇḍūkledakothadāhapākavantyāśugatisamutthānabhedīni sasaṃtāpakrimīṇi pakvodumbaraphalavarṇānyaudumbarakuṣṭhānīti vidyāt snigdhāni gurūṇyutsedhavanti ślakṣṇasthirapītaparyantāni śuklaraktāvabhāsāni śuklaromarājīsantānāni bahubahalaśuklapicchilasrāvīṇi bahukledakaṇḍūkrimīṇi saktagatisamutthānabhedīni parimaṇḍalāni maṇḍalakuṣṭhāni vidyāt paruṣāṇyaruṇavarṇāni bahirantaḥśyāvāni nīlapītatāmrāvabhāsānyāśugatisamutthānānyalpakaṇḍūkledakrimīṇi dāhabhedanistodapākabahulāni śūkopahatopamavedanānyutsannamadhyāni tanuparyantāni karkaśapiḍakācitāni dīrghaparimaṇḍalānyṛṣyajihvākṛtīni ṛṣyajihvānīti vidyāt śuklaraktāvabhāsāni raktaparyantāni raktarājīsirāsaṃtatāny utsedhavanti bahubahalaraktapūyalasīkāni kaṇḍūkrimidāhapākavantyāśugatisamutthānabhedīni puṇḍarīkapalāśasaṃkāśāni puṇḍarīkāṇīti vidyāt paruṣāruṇāni viśīrṇabahistanūnyantaḥsnigdhāni śuklaraktāvabhāsāni bahūnyalpavedanānyalpakaṇḍūdāhapūyalasīkāni laghusamutthānānyalpabhedakrimīṇyalābupuṣpasaṅkāśāni sidhmakuṣṭhānīti vidyāt kākaṇantikāvarṇānyādau paścāttu sarvakuṣṭhaliṅgasamanvitāni pāpīyasā sarvakuṣṭhaliṅgasaṃbhavenānekavarṇāni kākaṇānīti vidyāt tato+'nantaraṃ · etaddaśavidhamagre parīkṣyaṃ tato 'nantaraṃ kāryārthā pravṛttiriṣṭā tato+'nantaraṃ
anantaram k → 'nantaraṃ k	anusvāra / nasal	2	0.01	tato 'nantaraṃ kuṣṭhānyabhinirvartante teṣāmidaṃ vedanāvarṇasaṃsthānaprabhāvanāmaviśeṣavijñānaṃ bhavati tadyathā rūkṣāruṇaparuṣāṇi viṣamavisṛtāni kharaparyantāni tanūnyudvṛttabahistanūni suptavatsuptāni hṛṣitalomācitāni nistodabahulāny alpakaṇḍūdāhapūyalasīkāny āśugatisamutthānāny āśubhedīni jantumanti kṛṣṇāruṇakapālavarṇāni ca kapālakuṣṭhānīti vidyāt tāmrāṇi tāmrakhararomarājībhiravanaddhāni bahalāni bahubahalapūyaraktalasīkāni kaṇḍūkledakothadāhapākavantyāśugatisamutthānabhedīni sasaṃtāpakrimīṇi pakvodumbaraphalavarṇānyaudumbarakuṣṭhānīti vidyāt snigdhāni gurūṇyutsedhavanti ślakṣṇasthirapītaparyantāni śuklaraktāvabhāsāni śuklaromarājīsantānāni bahubahalaśuklapicchilasrāvīṇi bahukledakaṇḍūkrimīṇi saktagatisamutthānabhedīni parimaṇḍalāni maṇḍalakuṣṭhāni vidyāt paruṣāṇyaruṇavarṇāni bahirantaḥśyāvāni nīlapītatāmrāvabhāsānyāśugatisamutthānānyalpakaṇḍūkledakrimīṇi dāhabhedanistodapākabahulāni śūkopahatopamavedanānyutsannamadhyāni tanuparyantāni karkaśapiḍakācitāni dīrghaparimaṇḍalānyṛṣyajihvākṛtīni ṛṣyajihvānīti vidyāt śuklaraktāvabhāsāni raktaparyantāni raktarājīsirāsaṃtatāny utsedhavanti bahubahalaraktapūyalasīkāni kaṇḍūkrimidāhapākavantyāśugatisamutthānabhedīni puṇḍarīkapalāśasaṃkāśāni puṇḍarīkāṇīti vidyāt paruṣāruṇāni viśīrṇabahistanūnyantaḥsnigdhāni śuklaraktāvabhāsāni bahūnyalpavedanānyalpakaṇḍūdāhapūyalasīkāni laghusamutthānānyalpabhedakrimīṇyalābupuṣpasaṅkāśāni sidhmakuṣṭhānīti vidyāt kākaṇantikāvarṇānyādau paścāttu sarvakuṣṭhaliṅgasamanvitāni pāpīyasā sarvakuṣṭhaliṅgasaṃbhavenānekavarṇāni kākaṇānīti vidyāt 'nantaraṃ+kuṣṭhāni · etaddaśavidhamagre parīkṣyaṃ tato 'nantaraṃ kāryārthā pravṛttiriṣṭā 'nantaraṃ+kārya
v → meva v	consonant / other	2	0.01	evameva vikāro 'pi taruṇaḥ sādhyate sukham eva→evameva +vikāro · tatra prakṛtivarṇamardhaśarīre vikṛtivarṇamardhaśarīre dvāvapi varṇau maryādāvibhaktau dṛṣṭvā yadyevaṃ savyadakṣiṇavibhāgena yadyevaṃ pūrvapaścimavibhāgena yadyuttarādharavibhāgena yadyantarbahirvibhāgena āturasyāriṣṭam iti vidyāt evameva varṇabhedo mukhe'pyanyatra vartamāno maraṇāya bhavati eva→evameva +varṇa
m ś → a ś	anusvāra / nasal	2	0.01	āhārasya paraṃ dhāma śukraṃ tadrakṣyamātmanaḥ dhāma+śukraṃ · pippalyo lavaṇaṃ hema śaṅkhapuṣpī viṣaṃ ghṛtam hema+śaṅkhapuṣpī
_ _ → tasyemāni _	consonant / other	2	0.01	tasyemāni pūrvarūpāṇi tadyathā śirasaḥ śūnyatā cakṣuṣor ākulatā svanaḥ karṇayoḥ ucchvāsasyādhikyam āsyasaṃsravaṇam anannābhilāṣārocakāvipākāḥ hṛdgrahaḥ dhyānāyāsasammohodvegāś cāsthāne satataṃ lomaharṣaḥ jvaraś cābhīkṣṇam unmattacittatvam udarditvam arditākṛtikaraṇaṃ ca vyādheḥ svapne cābhīkṣṇaṃ darśanaṃ bhrāntacalitānavasthitānāṃ rūpāṇām apraśastānāṃ ca tilapīḍakacakrādhirohaṇaṃ vātakuṇḍalikābhiś conmathanaṃ nimajjanaṃ ca kaluṣāṇām ambhasām āvarte cakṣuṣoś cāpasarpaṇam iti _→tasyemāni +pūrvarūpāṇi · tasyemāni rūpāṇi bhavanti tad yathā atyātmabalavīryapauruṣaparākramagrahaṇadhāraṇasmaraṇajñānavacanavijñānāni aniyataś conmādakālaḥ _→tasyemāni +rūpāṇi
ḥ _ → ḥ bhūtānām	visarga	2	0.01	tatrāyam unmādakarāṇāṃ bhūtānām unmādayiṣyatām ārambhaviśeṣo bhavati tad yathā avalokayanto devā janayanty unmādaṃ guruvṛddhasiddhamaharṣayo 'bhiśapantaḥ pitaro darśayantaḥ spṛśanto gandharvāḥ samāviśanto yakṣāḥ rākṣasās tv ātmagandham āghrāpayantaḥ piśācāḥ punar āruhya vāhayantaḥ karaḥ+bhūtānām · trividhaṃ tu khalūnmādakarāṇāṃ bhūtānām unmādane prayojanaṃ bhavati tad yathā hiṃsā ratiḥ abhyarcanaṃ ceti karaḥ+bhūtānām
aḥ _ → āṇāṃ _	visarga	2	0.01	tatrāyam unmādakarāṇāṃ bhūtānām unmādayiṣyatām ārambhaviśeṣo bhavati tad yathā avalokayanto devā janayanty unmādaṃ guruvṛddhasiddhamaharṣayo 'bhiśapantaḥ pitaro darśayantaḥ spṛśanto gandharvāḥ samāviśanto yakṣāḥ rākṣasās tv ātmagandham āghrāpayantaḥ piśācāḥ punar āruhya vāhayantaḥ karaḥ→unmādakarāṇāṃ +bhūtānām · trividhaṃ tu khalūnmādakarāṇāṃ bhūtānām unmādane prayojanaṃ bhavati tad yathā hiṃsā ratiḥ abhyarcanaṃ ceti karaḥ→khalūnmādakarāṇāṃ +bhūtānām
a p → ' p	consonant / other	2	0.01	unmādayiṣyatām api khalu devarṣipitṛgandharvayakṣarākṣasapiśācānāṃ guruvṛddhasiddhānāṃ vā eṣvantareṣv abhigamanīyāḥ puruṣā bhavanti tad yathā pāpasya karmaṇaḥ samārambhe pūrvakṛtasya vā karmaṇaḥ pariṇāmakāle ekasya vā śūnyagṛhavāse catuṣpathādhiṣṭhāne vā sandhyāvelāyām aprayatabhāve vā parvasandhiṣu vā mithunībhāve rajasvalābhigamane vā viguṇe vādhyayanabalimaṅgalahomaprayoge niyamavratabrahmacaryabhaṅge vā mahāhave vā deśakulapuravināśe vā mahāgrahopagamane vā striyā vā prajananakāle vividhabhūtāśubhāśucisparśane vā vamanavirecanarudhirasrāve aśucer aprayatasya vā caityadevāyatanābhigamane vā māṃsamadhutilaguḍamadyocchiṣṭe vā digvāsasi vā niśi nagaranigamacatuṣpathopavanaśmaśānāghātanābhigamane vā dvijagurusurayatipūjyābhidharṣaṇe vā dharmākhyānavyatikrame vā anyasya vā karmaṇo 'praśastasyārambhe ityabhighātakālā vyākhyātā bhavanti a+praśastasya→'praśastasyārambhe · ityagniveśakṛte tantre carakapratisaṃskṛte 'prāpte dṛḍhabalasampūrite siddhisthāne uttarabastisiddhirnāma dvādaśo 'dhyāyaḥ a+prāpte→'prāpte
agnim p → 'gniṃ p	anusvāra / nasal	2	0.01	tatra hiṃsārthinonmādyamāno 'gniṃ praviśati apsu nimajjati sthalācchvabhre vā patati śastrakaśākāṣṭhaloṣṭamuṣṭibhir hantyātmānam anyacca prāṇavadhārthamārabhate kiṃcit tam asādhyaṃ vidyāt sādhyau punar dvāvitarau 'gniṃ+praviśati · yo 'gniṃ prakṛtivarṇasthaṃ nīlaṃ paśyati niṣprabham 'gniṃ+prakṛti
i _ → i bhiṣagvidaḥ	consonant / other	2	0.01	tadā sādhāraṇaṃ karma pravadanti bhiṣagvidaḥ pravadanti+bhiṣagvidaḥ · śītenoṣṇakṛtān rogāñchamayanti bhiṣagvidaḥ śamayanti+bhiṣagvidaḥ
p → meva p	consonant / other	2	0.01	sarpiḥ khalvevameva pittaṃ jayati mādhuryācchaityānmandatvācca pittaṃ hy amadhuram uṣṇaṃ tīkṣṇaṃ ca eva→khalvevameva +pittaṃ · evameva puruṣasya yadā bīje bījabhāgaḥ pradoṣamāpadyate tadā vandhyaṃ janayati yadā punarasya bīje bījabhāgāvayavaḥ pradoṣamāpadyate tadā pūtiprajaṃ janayati yadā tvasya bīje bījabhāgāvayavaḥ puruṣakarāṇāṃ ca śarīrabījabhāgānāmekadeśaḥ pradoṣamāpadyate tadā puruṣākṛtibhūyiṣṭhamapuruṣaṃ tṛṇaputrikaṃ nāma janayati tāṃ puruṣavyāpadamācakṣate eva→evameva +puruṣasya
a ā → āv ā	vowel coalescence	2	0.01	tatra khalvimānyaṣṭāv āhāravidhiviśeṣāyatanāni bhavanti tadyathā prakṛtikaraṇasaṃyogarāśideśakālopayogasaṃsthopayoktraṣṭamāni bhavanti aṣṭa→khalvimānyaṣṭāv +āhāra · ityaṣṭāv āhāravidhiviśeṣāyatanāni vyākhyātāni bhavanti aṣṭa→ityaṣṭāv +āhāra
ñcam c → k c	consonant / other	2	0.01	tasmāt prāguddhvaṃsāt prāk ca bhūmer virasībhāvād uddharadhvaṃ saumya bhaiṣajyāni yāvan nopahatarasavīryavipākaprabhāvāṇi bhavanti prāk+ca · prāk caivāsyā navamānmāsāt sūtikāgāraṃ kārayedapahṛtāsthiśarkarākapāle deśe praśastarūparasagandhāyāṃ bhūmau prāgdvāram udagdvāraṃ vā bailvānāṃ kāṣṭhānāṃ taindukaiṅgudakānāṃ bhāllātakānāṃ vāraṇānāṃ khādirāṇāṃ vā yāni cānyānyapi brāhmaṇāḥ śaṃseyur atharvavedavidasteṣāṃ vasanālepanācchādanāpidhānasaṃpadupetaṃ vāstuvidyāhṛdayayogāgnisalilodūkhalavarcaḥsthānasnānabhūmimahānasam ṛtusukhaṃ ca prāk+ca
bh → meva bh	consonant / other	2	0.01	ime tu khalvanye'pyevameva bhūyo'numānajñeyā bhavanti bhāvāḥ eva→khalvanye'pyevameva +bhūyas · evameva bhadradārusaralakāṣṭhasnehānupakalpya pātuṃ prayacchet eva→evameva +bhadradāru
āt t → ataḥ t	consonant / other	2	0.01	tatrāpakarṣaṇaṃhastenābhigṛhya vimṛśyopakaraṇavatāpanayanamanupakaraṇena vā sthānagatānāṃ tu krimīṇāṃ bheṣajenāpakarṣaṇaṃ nyāyataḥ taccaturvidhaṃ tadyathā śirovirecanaṃ vamanaṃ virecanam āsthāpanaṃ ca ityapakarṣaṇavidhiḥ nyāyataḥ+tat · upacārasādhanaṃ hyasya jñāne jñānaṃ ca liṅgataḥ tasmādiṣṭo liṅgopadeśaḥ liṅgataḥ+tasmāt
ābhiḥ m → ībhir m	visarga	2	0.01	tamupasthitamājñāya same śucau deśe prākpravaṇe udakpravaṇe vā catuṣkiṣkumātraṃ caturasraṃ sthaṇḍilaṃ gomayodakenopaliptaṃ kuśāstīrṇaṃ suparihitaṃ paridhibhiścaturdiśaṃ yathoktacandanodakumbhakṣaumahemahiraṇyarajatamaṇimuktāvidrumālaṃkṛtaṃ medhyabhakṣyagandhaśuklapuṣpalājasarṣapākṣatopaśobhitaṃ kṛtvā tatra pālāśībhir aiṅgudībhir audumbarībhir mādhukībhir vā samidbhiragnimupasamādhāya prāṅmukhaḥ śuciradhyayanavidhimanuvidhāya madhusarpirbhyāṃ tristrir juhuyād agnim āśīḥsamprayuktair mantrair brahmāṇamagniṃ dhanvantariṃ prajāpatimaśvināvindramṛṣīṃśca sūtrakārānabhimantrayamāṇaḥ pūrvaṃ svāheti audumbarībhir+mādhukībhir · tatropaviṣṭaḥ pālāśībhir aiṅgudībhir audumbarībhir mādhūkībhir vā samidbhir agnim upasamādhāya kuśaiḥ paristīrya paridhibhiśca paridhāya lājaiḥ śuklābhiśca gandhavatībhiḥ sumanobhirupakiret audumbarībhir+mādhūkībhir
ābhiḥ v → ībhir v	visarga	2	0.01	tamupasthitamājñāya same śucau deśe prākpravaṇe udakpravaṇe vā catuṣkiṣkumātraṃ caturasraṃ sthaṇḍilaṃ gomayodakenopaliptaṃ kuśāstīrṇaṃ suparihitaṃ paridhibhiścaturdiśaṃ yathoktacandanodakumbhakṣaumahemahiraṇyarajatamaṇimuktāvidrumālaṃkṛtaṃ medhyabhakṣyagandhaśuklapuṣpalājasarṣapākṣatopaśobhitaṃ kṛtvā tatra pālāśībhir aiṅgudībhir audumbarībhir mādhukībhir vā samidbhiragnimupasamādhāya prāṅmukhaḥ śuciradhyayanavidhimanuvidhāya madhusarpirbhyāṃ tristrir juhuyād agnim āśīḥsamprayuktair mantrair brahmāṇamagniṃ dhanvantariṃ prajāpatimaśvināvindramṛṣīṃśca sūtrakārānabhimantrayamāṇaḥ pūrvaṃ svāheti mādhukībhir+vā · tatropaviṣṭaḥ pālāśībhir aiṅgudībhir audumbarībhir mādhūkībhir vā samidbhir agnim upasamādhāya kuśaiḥ paristīrya paridhibhiśca paridhāya lājaiḥ śuklābhiśca gandhavatībhiḥ sumanobhirupakiret mādhūkībhir+vā
p → tat p	consonant / other	2	0.01	tatra sarvatantrasiddhānto nāma tasmiṃstasmin sarvasmiṃstantre tattat prasiddhaṃ yathā santi nidānāni santi vyādhayaḥ santi siddhyupāyāḥ sādhyānāmiti tat→tattat +prasiddhaṃ · pratitantrasiddhānto nāma tasmiṃstasminnekaikasmiṃstantre tattat prasiddhaṃ yathānyatrāṣṭau rasāḥ ṣaḍatra pañcendriyāṇyatra ṣaḍindriyāṇyanyatra tantre vātādikṛtāḥ sarve vikārā yathānyatra atra vātādikṛtā bhūtakṛtāśca prasiddhāḥ tat→tattat +prasiddhaṃ
j b → g b	consonant / other	2	0.01	tatra vākchalaṃ nāma yathā kaścid brūyānnavatantro 'yaṃ bhiṣagiti atha bhiṣag brūyānnāhaṃ navatantra ekatantro 'hamiti paro brūyānnāhaṃ bravīmi nava tantrāṇi taveti api tu navābhyastaṃ te tantramiti bhiṣak brūyānna mayā navābhyastaṃ tantram anekadhābhyastaṃ mayā tantramiti etadvākchalam bhiṣag+brūyāt · tebhyo bhiṣagbuddhimān parisaṃkhyātamapi yad yad dravyam ayaugikaṃ manyeta tattadapakarṣayet yadyaccānuktamapi yaugikaṃ manyeta tattadvidadhyāt vargamapi vargeṇopasaṃsṛjedekamekenānekena vā yuktiṃ pramāṇīkṛtya bhiṣaj+buddhimān→bhiṣagbuddhimān
j i → g i	consonant / other	2	0.01	tatra vākchalaṃ nāma yathā kaścid brūyānnavatantro 'yaṃ bhiṣagiti atha bhiṣag brūyānnāhaṃ navatantra ekatantro 'hamiti paro brūyānnāhaṃ bravīmi nava tantrāṇi taveti api tu navābhyastaṃ te tantramiti bhiṣak brūyānna mayā navābhyastaṃ tantram anekadhābhyastaṃ mayā tantramiti etadvākchalam bhiṣaj+iti→bhiṣagiti · kāraṇaṃ bhiṣagityuktamagre tasya parīkṣā bhiṣaṅnāma yo bhiṣajyati yaḥ sūtrārthaprayogakuśalaḥ yasya cāyuḥ sarvathā viditaṃ yathāvat bhiṣaj+iti→bhiṣagityuktamagre
j n → ṅ n	consonant / other	2	0.01	kāraṇaṃ bhiṣagityuktamagre tasya parīkṣā bhiṣaṅnāma yo bhiṣajyati yaḥ sūtrārthaprayogakuśalaḥ yasya cāyuḥ sarvathā viditaṃ yathāvat bhiṣaj+nāma→bhiṣaṅnāma · asṛṅniruddhaṃ pavanena nāryā garbhaṃ vyavasyantyabudhāḥ kadācit asṛj+niruddham→asṛṅniruddhaṃ
vastim v → bastiṃ v	anusvāra / nasal	2	0.01	tadyathā jīvakarṣabhakau jīvantī vīrā tāmalakī kākolī kṣīrakākolī mudgaparṇī māṣaparṇī śālaparṇī pṛśniparṇyasanaparṇī medā mahāmedā karkaṭaśṛṅgī śṛṅgāṭikā chinnaruhā chattrāticchatrā śrāvaṇī mahāśrāvaṇī sahadevā viśvadevā śuklā kṣīraśuklā balātibalā vidārī kṣīravidārī kṣudrasahā mahāsahā ṛṣyagandhāśvagandhā vṛścīraḥ punarnavā bṛhatī kaṇṭakārikorubūko moraṭaḥ śvadaṃṣṭrā saṃharṣā śatāvarī śatapuṣpā madhūkapuṣpī yaṣṭīmadhu madhūlikā mṛdvīkā kharjūraṃ parūṣakamātmaguptā puṣkarabījaṃ kaśerukaṃ rājakaśerukaṃ rājādanaṃ katakaṃ kāśmaryaṃ śītapākyodanapākī tālakharjūramastakamikṣurikṣuvālikā darbhaḥ kuśaḥ kāśaḥ śālir gundretkaṭakaḥ śaramūlaṃ rājakṣavakaḥ ṛṣyaproktā dvāradā bhāradvājī vanatrapuṣyabhīrupattrī haṃsapādī kākanāsikā kuliṅgākṣī kṣīravallī kapolavallī kapotavallī somavallī gopavallī madhuvallī ceti eṣāmevaṃvidhānāmanyeṣāṃ ca madhuravargaparisaṃkhyātānāmauṣadhadravyāṇāṃ chedyāni khaṇḍaśaśchedayitvā bhedyāni cāṇuśo bhedayitvā prakṣālya pānīyena suprakṣālitāyāṃ sthālyāṃ samāvāpya payasārdhodakenābhyāsicya sādhayeddarvyā satatamavaghaṭṭayan tadupayuktabhūyiṣṭhe 'mbhasi gataraseṣvauṣadheṣu payasi cānupadagdhe sthālīmupahṛtya suparipūtaṃ payaḥ sukhoṣṇaṃ ghṛtatailavasāmajjalavaṇaphāṇitopahitaṃ bastiṃ vātavikāriṇe vidhijño vidhivaddadyāt śītaṃ tu madhusarpirbhyāmupasaṃsṛjya pittavikāriṇe vidhivaddadyāt bastiṃ+vāta · saindhavasauvarcalakālaviḍapākyānūpakūpyavālukailamaulakasāmudraromakaudbhidauṣarapāṭeyakapāṃśujānyevaṃprakārāṇi cānyāni lavaṇavargaparisaṃkhyātāni etānyamlopahitānyuṣṇodakopahitāni vā snehavanti sukhoṣṇaṃ bastiṃ vātavikāriṇe vidhijño vidhivaddadyāt bastiṃ+vāta
ī o → y o	vowel coalescence	2	0.01	tadyathā jīvakarṣabhakau jīvantī vīrā tāmalakī kākolī kṣīrakākolī mudgaparṇī māṣaparṇī śālaparṇī pṛśniparṇyasanaparṇī medā mahāmedā karkaṭaśṛṅgī śṛṅgāṭikā chinnaruhā chattrāticchatrā śrāvaṇī mahāśrāvaṇī sahadevā viśvadevā śuklā kṣīraśuklā balātibalā vidārī kṣīravidārī kṣudrasahā mahāsahā ṛṣyagandhāśvagandhā vṛścīraḥ punarnavā bṛhatī kaṇṭakārikorubūko moraṭaḥ śvadaṃṣṭrā saṃharṣā śatāvarī śatapuṣpā madhūkapuṣpī yaṣṭīmadhu madhūlikā mṛdvīkā kharjūraṃ parūṣakamātmaguptā puṣkarabījaṃ kaśerukaṃ rājakaśerukaṃ rājādanaṃ katakaṃ kāśmaryaṃ śītapākyodanapākī tālakharjūramastakamikṣurikṣuvālikā darbhaḥ kuśaḥ kāśaḥ śālir gundretkaṭakaḥ śaramūlaṃ rājakṣavakaḥ ṛṣyaproktā dvāradā bhāradvājī vanatrapuṣyabhīrupattrī haṃsapādī kākanāsikā kuliṅgākṣī kṣīravallī kapolavallī kapotavallī somavallī gopavallī madhuvallī ceti eṣāmevaṃvidhānāmanyeṣāṃ ca madhuravargaparisaṃkhyātānāmauṣadhadravyāṇāṃ chedyāni khaṇḍaśaśchedayitvā bhedyāni cāṇuśo bhedayitvā prakṣālya pānīyena suprakṣālitāyāṃ sthālyāṃ samāvāpya payasārdhodakenābhyāsicya sādhayeddarvyā satatamavaghaṭṭayan tadupayuktabhūyiṣṭhe 'mbhasi gataraseṣvauṣadheṣu payasi cānupadagdhe sthālīmupahṛtya suparipūtaṃ payaḥ sukhoṣṇaṃ ghṛtatailavasāmajjalavaṇaphāṇitopahitaṃ bastiṃ vātavikāriṇe vidhijño vidhivaddadyāt śītaṃ tu madhusarpirbhyāmupasaṃsṛjya pittavikāriṇe vidhivaddadyāt śītapākī+odanapākī→śītapākyodanapākī · dhātrī tu yadā svādubahulaśuddhadugdhā syāttadā snātānuliptā śuklavastraṃ paridhāyaindrīṃ brāhmīṃ śatavīryāṃ sahasravīryām amoghām avyathāṃ śivām ariṣṭāṃ vāṭyapuṣpīṃ viṣvaksenakāntāṃ vā bibhratyoṣadhiṃ kumāraṃ prāṅmukhaṃ prathamaṃ dakṣiṇaṃ stanaṃ pāyayet bibhratī+oṣadhim→bibhratyoṣadhiṃ
t ś → c ś	consonant / other	2	0.01	na paśyati vibhuḥ kasmāc chailakuḍyatiraskṛtam kasmāc+śaila · karmātmakatvād viṣamāṃśabhedāc chukrāsṛjor vṛddhimupaiti kukṣau bhedāt→viṣamāṃśabhedāc +śukra
c i → g i	consonant / other	2	0.01	hastau pādau gudopasthaṃ vāgindriyam athāpi ca vāc+indriyam→vāgindriyam · varṇasvarāvagnibalaṃ vāgindriyamanobalam vāc+indriya→vāgindriyamanobalam
ḥ d → d	visarga	2	0.01	akālādeśasaṃcārau maitrī saṃkliṣṭakarmabhiḥ akālāḥ+deśa→akālādeśasaṃcārau · vāmādharāyāṃ daṃṣṭrāyāṃ tanmātraṃ syādaherviṣam syāḥ+daheḥ→syādaherviṣam
m _ → m arujam	anusvāra / nasal	2	0.01	yadyayam ātmātmānaṃ śakto janayituṃ syāt na tvenamiṣṭāsveva kathaṃ yoniṣu janayed vaśinam apratihatagatiṃ kāmarūpiṇaṃ tejobalajavavarṇasattvasaṃhananasamuditam ajaram arujam amaram evaṃvidhaṃ hyātmātmānam icchatyato vā bhūyaḥ ajaram+arujam · garbhātmā hyantarātmā yaḥ taṃ jīva ityācakṣate śāśvatam arujam ajaram amaram akṣayam abhedyam achedyam aloḍyaṃ viśvarūpaṃ viśvakarmāṇam avyaktam anādim anidhanam akṣaram api śāśvatam+arujam
_ a → arujam a	consonant / other	2	0.01	yadyayam ātmātmānaṃ śakto janayituṃ syāt na tvenamiṣṭāsveva kathaṃ yoniṣu janayed vaśinam apratihatagatiṃ kāmarūpiṇaṃ tejobalajavavarṇasattvasaṃhananasamuditam ajaram arujam amaram evaṃvidhaṃ hyātmātmānam icchatyato vā bhūyaḥ arujam+amaram · garbhātmā hyantarātmā yaḥ taṃ jīva ityācakṣate śāśvatam arujam ajaram amaram akṣayam abhedyam achedyam aloḍyaṃ viśvarūpaṃ viśvakarmāṇam avyaktam anādim anidhanam akṣaram api arujam+ajaram
s v → to v	consonant / other	2	0.01	yadyayam ātmātmānaṃ śakto janayituṃ syāt na tvenamiṣṭāsveva kathaṃ yoniṣu janayed vaśinam apratihatagatiṃ kāmarūpiṇaṃ tejobalajavavarṇasattvasaṃhananasamuditam ajaram arujam amaram evaṃvidhaṃ hyātmātmānam icchatyato vā bhūyaḥ atas→icchatyato +vā · yaddhi yasya dhātorvṛddhikaraṃ tattato viparītaguṇasya dhātoḥ pratyavāyakaraṃ sampadyate tatas→tattato +viparīta
m g → jaścāyaṃ g	anusvāra / nasal	2	0.01	asātmyajaścāyaṃ garbhaḥ ayam→asātmyajaścāyaṃ +garbhaḥ · sātmyajaścāyaṃ garbhaḥ ayam→sātmyajaścāyaṃ +garbhaḥ
ś ś → k ś	consonant / other	2	0.01	asti khalu sattvamaupapādukaṃ yajjīvaṃ spṛkśarīreṇābhisaṃbadhnāti yasminnapagamanapuraskṛte śīlamasya vyāvartate bhaktir viparyasyate sarvendriyāṇyupatapyante balaṃ hīyate vyādhaya āpyāyyante yasmāddhīnaḥ prāṇāñjahāti yad indriyāṇām abhigrāhakaṃ ca mana ityabhidhīyate tattrividham ākhyāyate śuddhaṃ rājasaṃ tāmasamiti spṛś+śarīreṇa→spṛkśarīreṇābhisaṃbadhnāti · ātreya uvāca purastādetat pratijñātaṃ sattvaṃ jīvaṃ spṛkśarīreṇābhisaṃbadhnātīti spṛś+śarīreṇa→spṛkśarīreṇābhisaṃbadhnātīti
ḥ ī → r ī	visarga	2	0.01	tadyathā ārtavādarśanam āsyasaṃsravaṇam anannābhilāṣaśchardir arocako 'mlakāmatā ca viśeṣeṇa śraddhāpraṇayanamuccāvaceṣu bhāveṣu gurugātratvaṃ cakṣuṣorglāniḥ stanayoḥ stanyamoṣṭhayoḥ stanamaṇḍalayośca kārṣṇyamatyarthaṃ śvayathuḥ pādayor īṣallomarājyudgamo yonyāścāṭālatvamiti garbhe paryāgate rūpāṇi bhavati pādayor+īṣat · ataścāmṛtakalpāni vidyāt karmabhirīdṛśaiḥ karmabhiḥ+īdṛśaiḥ→karmabhirīdṛśaiḥ
ṛ ā → r ā	vowel coalescence	2	0.01	mātrādīnāṃ khalu garbhakarāṇāṃ bhāvānāṃ saṃpadastathā vṛttasya sauṣṭhavānmātṛtaścaivopasnehopasvedābhyāṃ kālapariṇāmāt svabhāvasaṃsiddheśca kukṣau vṛddhiṃ prāpnoti mātṛ+ādīnām→mātrādīnāṃ · mātrādīnāmeva tu khalu garbhakarāṇāṃ bhāvānāṃ vyāpattinimittam asya ā janma bhavati mātṛ+ādīnām→mātrādīnāmeva
c b → g b	consonant / other	2	0.01	śarīre ṣaṭ tvacaḥ tadyathā udakadharā tvagbāhyā dvitīyā tvasṛgdharā tṛtīyā sidhmakilāsasaṃbhavādhiṣṭhānā caturthī dadrūkuṣṭhasaṃbhavādhiṣṭhānā pañcamī tvalajīvidradhisaṃbhavādhiṣṭhānā ṣaṣṭhī tu yasyāṃ chinnāyāṃ tāmyatyandha iva ca tamaḥ praviśati yāṃ cāpyadhiṣṭhāyārūṃṣi jāyante parvasu kṛṣṇaraktāni sthūlamūlāni duścikitsyatamāni ca iti ṣaṭ tvacaḥ tvac+bāhyā→tvagbāhyā · tadyathā daśodakasyāñjalayaḥ śarīre svenāñjalipramāṇena yattu pracyavamānaṃ purīṣamanubadhnātyatiyogena tathā mūtraṃ rudhiramanyāṃśca śarīradhātūn yattu sarvaśarīracaraṃ bāhyā tvagbibharti yattu tvagantare vraṇagataṃ lasīkāśabdaṃ labhate yaccoṣmaṇānubaddhaṃ lomakūpebhyo niṣpatat svedaśabdam avāpnoti tadudakaṃ daśāñjalipramāṇaṃ navāñjalayaḥ pūrvasyāhārapariṇāmadhātoḥ yaṃ rasa ityācakṣate aṣṭau śoṇitasya sapta purīṣasya ṣaṭ śleṣmaṇaḥ pañca pittasya catvāro mūtrasya trayo vasāyāḥ dvau medasaḥ eko majjāyāḥ mastiṣkasyārdhāñjaliḥ śukrasya tāvadeva pramāṇaṃ tāvadeva ślaiṣmikasyaujasa iti tvac+bibharti→tvagbibharti
jaḥ p → k p	visarga	2	0.01	tata ṛtvik prāguttarasyāṃ diśyagārasya prākpravaṇam udakpravaṇaṃ vā pradeśamabhisamīkṣya gomayodakābhyāṃ sthaṇḍilamupalipya prokṣya codakena vedīm asmin sthāpayet ṛtvik+prāñc · tatastasyā āśāsānāyā ṛtvik prajāpatim abhinirdiśya yonau tasyāḥ kāmaparipūraṇārthaṃ kāmyāmiṣṭiṃ nirvartayed viṣṇuryoniṃ kalpayatu ityanayarcā ṛtvik+prajāpatim
as b → o b	consonant / other	2	0.01	tataḥ putrakāmā paścimato'gniṃ dakṣiṇato brāhmaṇam upaviśyānvālabheta saha bhartrā yatheṣṭaṃ putram āśāsānā dakṣiṇato+brāhmaṇam · tato brāhmaṇān svasti vācayitvājyaśeṣaṃ prāśnīyāt pūrvaṃ pumān paścāt strī na cocchiṣṭamavaśeṣayet tato+brāhmaṇān
s j → r j	consonant / other	2	0.01	tataścaivājyena sthālīpākam abhighārya trir juhuyādyathāmnāyam trir+juhuyāt · āyurjñānaphalaṃ kṛtsnamāyurjñe hyanuvartate āyus+jñāna→āyurjñānaphalaṃ
a → muhur a	vowel coalescence	2	0.01	sā ced āvībhiḥ saṃkliśyamānā na prajāyetāthaināṃ brūyāt uttiṣṭha musalamanyataraṃ gṛhṇīṣva anenaitad ulūkhalaṃ dhānyapūrṇaṃ muhurmuhur abhijahi muhurmuhur avajṛmbhasva caṅkramasva cāntarāntareti evamupadiśantyeke muhur→muhurmuhur +abhijahi · sā ced āvībhiḥ saṃkliśyamānā na prajāyetāthaināṃ brūyāt uttiṣṭha musalamanyataraṃ gṛhṇīṣva anenaitad ulūkhalaṃ dhānyapūrṇaṃ muhurmuhur abhijahi muhurmuhur avajṛmbhasva caṅkramasva cāntarāntareti evamupadiśantyeke muhur→muhurmuhur +avajṛmbhasva
api a → 'py a	consonant / other	2	0.01	yathā hi kṣavathūdgāravātamūtrapurīṣavegān prayatamāno 'py aprāptakālān na labhate kṛcchreṇa vāpyavāpnoti tathānāgatakālaṃ garbhamapi pravāhamāṇā yathā caiṣāmeva kṣavathvādīnāṃ saṃdhāraṇam upaghātāyopapadyate tathā prāptakālasya garbhasyāpravāhaṇamiti 'py+a · iṣṭā hy ekaikaśo 'py arthāḥ paraṃ prītikarāḥ smṛtāḥ 'py+arthāḥ
u o → v o	vowel coalescence	2	0.01	athāsya tālvoṣṭhakaṇṭhajihvāpramārjanam ārabhetāṅgulyā suparilikhitanakhayā suprakṣālitopadhānakārpāsasapicumatyā tālu+oṣṭha→tālvoṣṭhakaṇṭhajihvāpramārjanam · tālvoṣṭhakaṇṭhajihvākarkaśatāṃ cittanāśaṃ ca tālu+oṣṭha→tālvoṣṭhakaṇṭhajihvākarkaśatāṃ
ā p → a p	consonant / other	2	0.01	mustaparpaṭakośīracandanodīcyanāgaraiḥ mustā+parpaṭaka→mustaparpaṭakośīracandanodīcyanāgaraiḥ · pākyaṃ śītakaṣāyaṃ vā mustaparpaṭakaṃ pibet mustā+parpaṭakam→mustaparpaṭakaṃ
ḥ v → rb	visarga	2	0.01	vātapradhānaṃ sarpirbhirbastibhiḥ sānuvāsanaiḥ sarpirbhiḥ+vastibhiḥ→sarpirbhirbastibhiḥ · śīto vidhirbastividhānamagryaṃ pittajvare yat praśamāya diṣṭam vidhiḥ+vasti→vidhirbastividhānamagryaṃ
s v → rb	consonant / other	2	0.01	snehaḥ svedaḥ sarpirbastiścūrṇāni bṛṃhaṇaṃ guḍikāḥ sarpis+vastiḥ→sarpirbastiścūrṇāni · sarpirbastirguṭikāścūrṇamariṣṭāśca sakṣārāḥ sarpis+vastiḥ→sarpirbastirguṭikāścūrṇamariṣṭāśca
ḥ t → u t	visarga	1	0.0	jagrāha nikhilenādāv aśvinau tu punas tataḥ aśvinau+tu
au u → āv u	vowel coalescence	1	0.0	baḍiśaḥ śaralomā ca kāpyakātyāyanāv ubhau kātyāyanau→kāpyakātyāyanāv +ubhau
ayoḥ h → or h	visarga	1	0.0	vakṣyate yan manuṣyāṇāṃ lokayor ubhayor hitam ubhayor+hitam
m a → mā	anusvāra / nasal	1	0.0	rasanārtho rasastasya dravyamāpaḥ kṣitistathā dravyam+apaḥ→dravyamāpaḥ
ayam r → 'yaṃ r	anusvāra / nasal	1	0.0	kaṣāyaśceti ṣaṭko 'yaṃ rasānāṃ saṃgrahaḥ smṛtaḥ 'yaṃ+rasānāṃ
ā a → y a	vowel coalescence	1	0.0	saptalā śvetanāmā ca pratyakśreṇī gavākṣyapi gavākṣā+api→gavākṣyapi
ī t → ā t	consonant / other	1	0.0	prakīryā codakīryā ca pratyakpuṣpā tathābhayā pratyakpuṣpā+tathā
ī v → ā v	consonant / other	1	0.0	nastaḥ pracchardane caiva pratyakpuṣpā vidhīyate pratyakpuṣpā+vidhīyate
n → u n	consonant / other	1	0.0	uktāni lavaṇānyūrdhvaṃ mūtrāṇyaṣṭau nibodha me aṣṭa→mūtrāṇyaṣṭau +nibodha
g → ajāmūtraṃ g	anusvāra / nasal	1	0.0	avimūtramajāmūtraṃ gomūtraṃ māhiṣaṃ ca yat mūtram→avimūtramajāmūtraṃ +go
o arūkṣam → o 'rūkṣaṃ	anusvāra / nasal	1	0.0	uṣṇaṃ tīkṣṇamatho 'rūkṣaṃ kaṭukaṃ lavaṇānvitam atho+'rūkṣaṃ
arūkṣam k → 'rūkṣaṃ k	anusvāra / nasal	1	0.0	uṣṇaṃ tīkṣṇamatho 'rūkṣaṃ kaṭukaṃ lavaṇānvitam 'rūkṣaṃ+kaṭukaṃ
g → ajākṣīraṃ g	anusvāra / nasal	1	0.0	avikṣīramajākṣīraṃ gokṣīraṃ māhiṣaṃ ca yat kṣīram→avikṣīramajākṣīraṃ +go
ānām v → īnāṃ v	anusvāra / nasal	1	0.0	uṣṭrīṇāmatha nāgīnāṃ vaḍavāyāḥ striyāstathā nāgīnāṃ+vaḍavāyāḥ
ṃdhānam v → ndhānaṃ v	anusvāra / nasal	1	0.0	hanti śoṇitapittaṃ ca sandhānaṃ vihatasya ca sandhānaṃ+vihatasya
e aśmantakam → e 'śmantakaṃ	anusvāra / nasal	1	0.0	vamane 'śmantakaṃ vidyāt snuhīkṣīraṃ virecane vamane+'śmantakaṃ
aśmantakam v → 'śmantakaṃ v	anusvāra / nasal	1	0.0	vamane 'śmantakaṃ vidyāt snuhīkṣīraṃ virecane 'śmantakaṃ+vidyāt
ṭ v → ḍ v	consonant / other	1	0.0	ṣaḍvṛkṣāñchodhanānetānapi vidyādvicakṣaṇaḥ ṣaṭ+vṛkṣān→ṣaḍvṛkṣāñchodhanānetānapi
ām c → īṃ c	anusvāra / nasal	1	0.0	kampillakaṃ gavākṣīṃ ca kṣīriṇīm udakīryakām gavākṣīṃ+ca
ā l → ī l	consonant / other	1	0.0	sarpiṣmatī bahutilā snehanī lavaṇānvitā snehanī+lavaṇa
ṃgrāhikā m → ṅgrāhikī m	consonant / other	1	0.0	jambvāmrāsthidadhitthāmlabilvaiḥ sāṅgrāhikī matā sāṅgrāhikī+matā
_ ś → tailavyāpadi ś	consonant / other	1	0.0	tailavyāpadi śastā syāttakrapiṇyākasādhitā _→tailavyāpadi +śastā
ḥ _ → ḥ yavāgvaḥ	visarga	1	0.0	aṣṭāviṃśatirityetā yavāgvaḥ parikīrtitāḥ etāḥ+yavāgvaḥ
_ p → yavāgvaḥ p	consonant / other	1	0.0	aṣṭāviṃśatirityetā yavāgvaḥ parikīrtitāḥ yavāgvaḥ+parikīrtitāḥ
_ s → dadrūḥ s	consonant / other	1	0.0	dadrūḥ sakaṇḍūḥ kiṭibhāni pāmā vicarcikā caiva tathaiti śāntim dadrūḥ+sa
c k → k k	consonant / other	1	0.0	manaḥśilā tvak kuṭajāt sakuṣṭhāt salomaśaḥ saiḍagajaḥ karañjaḥ tvak+kuṭajāt
ā p → aḥ p	consonant / other	1	0.0	snehaiścaturbhir daśamūlamiśrair gandhauṣadhaiś cānilahaḥ pradehaḥ hā→cānilahaḥ +pradehaḥ
ntaḥ h → to h	visarga	1	0.0	cūrṇapradehān vividhāmayaghnānāragvadhīye jagato hitārtham jagato+hita
s ṣ → ḥ ṣ	consonant / other	1	0.0	athātaḥ ṣaḍvirecanaśatāśritīyam adhyāyaṃ vyākhyāsyāmaḥ atas→athātaḥ +ṣaḍvirecanaśatāśritīyam
ī s → Ø s	consonant / other	1	0.0	ṣaḍ virecanaśatāni iti yaduktaṃ tadiha saṃgraheṇodāhṛtya vistareṇa kalpopaniṣadi vyākhyāsyāmaḥ tatra trayastriṃśadyogaśataṃ praṇītaṃ phaleṣu ekonacatvāriṃśajjīmūtakeṣu yogāḥ pañcacatvāriṃśadikṣvākuṣu dhāmārgavaḥ ṣaṣṭidhā bhavati yogayuktaḥ kuṭajastvaṣṭādaśadhā yogameti kṛtavedhanaṃ ṣaṣṭidhā bhavati yogayuktaṃ śyāmātrivṛdyogaśataṃ praṇītaṃ daśāpare cātra bhavanti yogāḥ caturaṅgulo dvādaśadhā yogameti lodhraṃ vidhau ṣoḍaśayogayuktaṃ mahāvṛkṣo bhavati viṃśatiyogayuktaḥ ekonacatvāriṃśat saptalāśaṅkhinyoryogāḥ aṣṭacatvāriṃśaddantīdravantyoḥ iti ṣaḍvirecanaśatāni ekonacatvāriṃśat+saptalā
_ v → kalpopaniṣadi v	consonant / other	1	0.0	ṣaḍ virecanaśatāni iti yaduktaṃ tadiha saṃgraheṇodāhṛtya vistareṇa kalpopaniṣadi vyākhyāsyāmaḥ tatra trayastriṃśadyogaśataṃ praṇītaṃ phaleṣu ekonacatvāriṃśajjīmūtakeṣu yogāḥ pañcacatvāriṃśadikṣvākuṣu dhāmārgavaḥ ṣaṣṭidhā bhavati yogayuktaḥ kuṭajastvaṣṭādaśadhā yogameti kṛtavedhanaṃ ṣaṣṭidhā bhavati yogayuktaṃ śyāmātrivṛdyogaśataṃ praṇītaṃ daśāpare cātra bhavanti yogāḥ caturaṅgulo dvādaśadhā yogameti lodhraṃ vidhau ṣoḍaśayogayuktaṃ mahāvṛkṣo bhavati viṃśatiyogayuktaḥ ekonacatvāriṃśat saptalāśaṅkhinyoryogāḥ aṣṭacatvāriṃśaddantīdravantyoḥ iti ṣaḍvirecanaśatāni _→kalpopaniṣadi +vyākhyāsyāmaḥ
ḥ c → k	visarga	1	0.0	pañca kaṣāyayonaya iti madhurakaṣāyo 'mlakaṣāyaḥ kaṭukaṣāyastiktakaṣāyaḥ kaṣāyakaṣāyaśceti tantre saṃjñā kaṣāyaḥ+ca→kaṣāyakaṣāyaśceti
ḥ h → stṛṣṇānigrahaṇo h	visarga	1	0.0	pañcāśanmahākaṣāyā iti yaduktaṃ tadanuvyākhyāsyāmaḥ tadyathā jīvanīyo bṛṃhaṇīyo lekhanīyo bhedanīyaḥ saṃdhānīyo dīpanīya iti ṣaṭkaḥ kaṣāyavargaḥ balyo varṇyaḥ kaṇṭhyo hṛdya iti catuṣkaḥ kaṣāyavargaḥ tṛptighno 'rśoghnaḥ kuṣṭhaghnaḥ kaṇḍūghnaḥ krimighno viṣaghna iti ṣaṭkaḥ kaṣāyavargaḥ stanyajananaḥ stanyaśodhanaḥ śukrajananaḥ śukraśodhana iti catuṣkaḥ kaṣāyavargaḥ snehopagaḥ svedopago vamanopago virecanopaga āsthāpanopago 'nuvāsanopagaḥ śirovirecanopaga iti saptakaḥ kaṣāyavargaḥ chardinigrahaṇastṛṣṇānigrahaṇo hikkānigrahaṇa iti trikaḥ kaṣāyavargaḥ purīṣasaṃgrahaṇīyaḥ purīṣavirajanīyo mūtrasaṃgrahaṇīyo mūtravirajanīyo mūtravirecanīya iti pañcakaḥ kaṣāyavargaḥ kāsaharaḥ śvāsaharaḥ śothaharo jvaraharaḥ śramahara iti pañcakaḥ kaṣāyavargaḥ dāhapraśamanaḥ śītapraśamana udardapraśamano 'ṅgamardapraśamanaḥ śūlapraśamana iti pañcakaḥ kaṣāyavargaḥ śoṇitasthāpano vedanāsthāpanaḥ saṃjñāsthāpanaḥ prajāsthāpano vayaḥsthāpana iti pañcakaḥ kaṣāyavargaḥ iti pañcāśanmahākaṣāyā mahatāṃ ca kaṣāyāṇāṃ lakṣaṇodāharaṇārthaṃ vyākhyātā bhavanti nigrahaṇaḥ→chardinigrahaṇastṛṣṇānigrahaṇo +hikkā
ā k → a k	consonant / other	1	0.0	tadyathā jīvakarṣabhakau medā mahāmedā kākolī kṣīrakākolī mudgaparṇīmāṣaparṇyau jīvantī madhukamiti daśemāni jīvanīyāni bhavanti kṣīriṇī rājakṣavakāśvagandhākākolīkṣīrakākolīvāṭyāyanībhadraudanībhāradvājīpayasyarṣyagandhā iti daśemāni bṛṃhaṇīyāni bhavanti mustakuṣṭhaharidrādāruharidrāvacātiviṣākaṭurohiṇīcitrakacirabilvahaimavatya iti daśemāni lekhanīyāni bhavanti suvahārkorubukāgnimukhīcitrācitrakacirabilvaśaṅkhinīśakulādanīsvarṇakṣīriṇya iti daśemāni bhedanīyāni bhavanti madhukamadhuparṇīpṛśniparṇyambaṣṭhakīsamaṅgāmocarasadhātakīlodhrapriyaṅgukaṭphalānīti daśemāni saṃdhānīyāni bhavanti pippalīpippalīmūlacavyacitrakaśṛṅgaverāmlavetasamaricājamodābhallātakāsthihiṅguniryāsā iti daśemāni dīpanīyāni bhavanti iti ṣaṭkaḥ kaṣāyavargaḥ mustā+kuṣṭha→mustakuṣṭhaharidrādāruharidrāvacātiviṣākaṭurohiṇīcitrakacirabilvahaimavatya
ī ṛ → y ṛ	vowel coalescence	1	0.0	aindryṛṣabhyatirasarṣyaproktāpayasyāśvagandhāsthirārohiṇībalātibalā iti daśemāni balyāni bhavanti candanatuṅgapadmakośīramadhukamañjiṣṭhāsārivāpayasyāsitālatā iti daśemāni varṇyāni bhavanti sārivekṣumūlamadhukapippalīdrākṣāvidārīkaiṭaryahaṃsapādībṛhatīkaṇṭakārikā iti daśemāni kaṇṭhyāni bhavanti āmrāmrātakalikucakaramardavṛkṣāmlāmlavetasakuvalabadaradāḍimamātuluṅgānīti daśemāni hṛdyāni bhavanti iti catuṣkaḥ kaṣāyavargaḥ aindrī+ṛṣabhī→aindryṛṣabhyatirasarṣyaproktāpayasyāśvagandhāsthirārohiṇībalātibalā
d → ḍaṅgamūrvāguḍūcīvacāmustapippalīpaṭolānīti d	consonant / other	1	0.0	nāgaracavyacitrakaviḍaṅgamūrvāguḍūcīvacāmustapippalīpaṭolānīti daśemāni tṛptighnāni bhavanti kuṭajabilvacitrakanāgarātiviṣābhayādhanvayāsakadāruharidrāvacācavyānīti daśemānyarśoghnāni bhavanti khadirābhayāmalakaharidrāruṣkarasaptaparṇāragvadhakaravīraviḍaṅgajātīpravālā iti daśemāni kuṣṭhaghnāni bhavanti candananaladakṛtamālanaktamālanimbakuṭajasarṣapamadhukadāruharidrāmustānīti daśemāni kaṇḍūghnāni bhavanti akṣīvamaricagaṇḍīrakebukaviḍaṅganirguṇḍīkiṇihīśvadaṃṣṭrāvṛṣaparṇikākhuparṇikā iti daśemāni krimighnāni bhavanti haridrāmañjiṣṭhāsuvahāsūkṣmailāpālindīcandanakatakaśirīṣasindhuvāraśleṣmātakā iti daśemāni viṣaghnāni bhavanti iti ṣaṭkaḥ kaṣāyavargaḥ iti→nāgaracavyacitrakaviḍaṅgamūrvāguḍūcīvacāmustapippalīpaṭolānīti +daśa
d → viṣābhayādhanvayāsakadāruharidrāvacācavyānīti d	consonant / other	1	0.0	nāgaracavyacitrakaviḍaṅgamūrvāguḍūcīvacāmustapippalīpaṭolānīti daśemāni tṛptighnāni bhavanti kuṭajabilvacitrakanāgarātiviṣābhayādhanvayāsakadāruharidrāvacācavyānīti daśemānyarśoghnāni bhavanti khadirābhayāmalakaharidrāruṣkarasaptaparṇāragvadhakaravīraviḍaṅgajātīpravālā iti daśemāni kuṣṭhaghnāni bhavanti candananaladakṛtamālanaktamālanimbakuṭajasarṣapamadhukadāruharidrāmustānīti daśemāni kaṇḍūghnāni bhavanti akṣīvamaricagaṇḍīrakebukaviḍaṅganirguṇḍīkiṇihīśvadaṃṣṭrāvṛṣaparṇikākhuparṇikā iti daśemāni krimighnāni bhavanti haridrāmañjiṣṭhāsuvahāsūkṣmailāpālindīcandanakatakaśirīṣasindhuvāraśleṣmātakā iti daśemāni viṣaghnāni bhavanti iti ṣaṭkaḥ kaṣāyavargaḥ iti→kuṭajabilvacitrakanāgarātiviṣābhayādhanvayāsakadāruharidrāvacācavyānīti +daśa
d → lakulatthamāṣabadarāṇīti d	consonant / other	1	0.0	mṛdvīkāmadhukamadhuparṇīmedāvidārīkākolīkṣīrakākolījīvakajīvantīśālaparṇya iti daśemāni snehopagāni bhavanti śobhāñjanakairaṇḍārkavṛścīrapunarnavāyavatilakulatthamāṣabadarāṇīti daśemāni svedopagāni bhavanti madhumadhukakovidārakarbudāranīpavidulabimbīśaṇapuṣpīsadāpuṣpāpratyakpuṣpā iti daśemāni vamanopagāni bhavanti drākṣākāśmaryaparūṣakābhayāmalakabibhītakakuvalabadarakarkandhupīlūnīti daśemāni virecanopagāni bhavanti trivṛdbilvapippalīkuṣṭhasarṣapavacāvatsakaphalaśatapuṣpāmadhukamadanaphalānīti daśemānyāsthāpanopagāni bhavanti rāsnāsuradārubilvamadanaśatapuṣpāvṛścīrapunarnavāśvadaṃṣṭrāgnimanthaśyonākā iti daśemānyanuvāsanopagāni bhavanti jyotiṣmatīkṣavakamaricapippalīviḍaṅgaśigrusarṣapāpāmārgataṇḍulaśvetāmahāśvetā iti daśemāni śirovirecanopagāni bhavanti iti saptakaḥ kaṣāyavargaḥ iti→śobhāñjanakairaṇḍārkavṛścīrapunarnavāyavatilakulatthamāṣabadarāṇīti +daśa
yaḥ i → ā i	visarga	1	0.0	mṛdvīkāmadhukamadhuparṇīmedāvidārīkākolīkṣīrakākolījīvakajīvantīśālaparṇya iti daśemāni snehopagāni bhavanti śobhāñjanakairaṇḍārkavṛścīrapunarnavāyavatilakulatthamāṣabadarāṇīti daśemāni svedopagāni bhavanti madhumadhukakovidārakarbudāranīpavidulabimbīśaṇapuṣpīsadāpuṣpāpratyakpuṣpā iti daśemāni vamanopagāni bhavanti drākṣākāśmaryaparūṣakābhayāmalakabibhītakakuvalabadarakarkandhupīlūnīti daśemāni virecanopagāni bhavanti trivṛdbilvapippalīkuṣṭhasarṣapavacāvatsakaphalaśatapuṣpāmadhukamadanaphalānīti daśemānyāsthāpanopagāni bhavanti rāsnāsuradārubilvamadanaśatapuṣpāvṛścīrapunarnavāśvadaṃṣṭrāgnimanthaśyonākā iti daśemānyanuvāsanopagāni bhavanti jyotiṣmatīkṣavakamaricapippalīviḍaṅgaśigrusarṣapāpāmārgataṇḍulaśvetāmahāśvetā iti daśemāni śirovirecanopagāni bhavanti iti saptakaḥ kaṣāyavargaḥ pratyakpuṣpyaḥ→madhumadhukakovidārakarbudāranīpavidulabimbīśaṇapuṣpīsadāpuṣpāpratyakpuṣpā +iti
d → ktakaguḍūcīhrīveradhānyakapaṭolānīti d	consonant / other	1	0.0	jambvāmrapallavamātuluṅgāmlabadaradāḍimayavayaṣṭikośīramṛllājā iti daśemāni chardinigrahaṇāni bhavanti nāgaradhanvayavāsakamustaparpaṭakacandanakirātatiktakaguḍūcīhrīveradhānyakapaṭolānīti daśemāni tṛṣṇānigrahaṇāni bhavanti śaṭīpuṣkaramūlabadarabījakaṇṭakārikābṛhatīvṛkṣaruhābhayāpippalīdurālabhākulīraśṛṅgya iti daśemāni hikkānigrahaṇāni bhavantīti trikaḥ kaṣāyavargaḥ iti→nāgaradhanvayavāsakamustaparpaṭakacandanakirātatiktakaguḍūcīhrīveradhānyakapaṭolānīti +daśa
a c → ā c	consonant / other	1	0.0	lājācandanakāśmaryaphalamadhūkaśarkarānīlotpalośīrasārivāguḍūcīhrīverāṇīti daśemāni dāhapraśamanāni bhavanti tagarāgurudhānyakaśṛṅgaverabhūtīkavacākaṇṭakāryagnimanthaśyonākapippalya iti daśemāni śītapraśamanāni bhavanti tindukapriyālabadarakhadirakadarasaptaparṇāśvakarṇārjunāsanārimedā iti daśemānyudardapraśamanāni bhavanti vidārīgandhāpṛśniparṇībṛhatīkaṇṭakārikairaṇḍakākolīcandanośīrailāmadhukānīti daśemānyaṅgamardapraśamanāni bhavanti pippalīpippalīmūlacavyacitrakaśṛṅgaveramaricājamodājagandhājājīgaṇḍīrāṇīti daśemāni śūlapraśamanāni bhavanti iti pañcakaḥ kaṣāyavargaḥ lāja+candana→lājācandanakāśmaryaphalamadhūkaśarkarānīlotpalośīrasārivāguḍūcīhrīverāṇīti
d → cājamodājagandhājājīgaṇḍīrāṇīti d	consonant / other	1	0.0	lājācandanakāśmaryaphalamadhūkaśarkarānīlotpalośīrasārivāguḍūcīhrīverāṇīti daśemāni dāhapraśamanāni bhavanti tagarāgurudhānyakaśṛṅgaverabhūtīkavacākaṇṭakāryagnimanthaśyonākapippalya iti daśemāni śītapraśamanāni bhavanti tindukapriyālabadarakhadirakadarasaptaparṇāśvakarṇārjunāsanārimedā iti daśemānyudardapraśamanāni bhavanti vidārīgandhāpṛśniparṇībṛhatīkaṇṭakārikairaṇḍakākolīcandanośīrailāmadhukānīti daśemānyaṅgamardapraśamanāni bhavanti pippalīpippalīmūlacavyacitrakaśṛṅgaveramaricājamodājagandhājājīgaṇḍīrāṇīti daśemāni śūlapraśamanāni bhavanti iti pañcakaḥ kaṣāyavargaḥ iti→pippalīpippalīmūlacavyacitrakaśṛṅgaveramaricājamodājagandhājājīgaṇḍīrāṇīti +daśa
v → ardhasauhityaṃ v	anusvāra / nasal	1	0.0	na ca nāpekṣate dravyaṃ dravyāpekṣayā ca tribhāgasauhityamardhasauhityaṃ vā gurūṇāmupadiśyate laghūnāmapi ca nātisauhityamagneryuktyartham sauhityam→tribhāgasauhityamardhasauhityaṃ +vā
ṇaḥ bh → to bh	visarga	1	0.0	cakṣustejomayaṃ tasya viśeṣācchleṣmato bhayam śleṣmaṇaḥ→viśeṣācchleṣmato +bhayam
saram n → śaraṃ n	anusvāra / nasal	1	0.0	hareṇukāṃ priyaṅguṃ ca pṛthvīkāṃ keśaraṃ nakham keśaraṃ+nakham
īm y → iṃ y	anusvāra / nasal	1	0.0	piṣṭvā limpecchareṣīkāṃ tāṃ vartiṃ yavasannibhām vartiṃ+yava
īm dh → iṃ dh	anusvāra / nasal	1	0.0	śuṣkāṃ nigarbhāṃ tāṃ vartiṃ dhūmanetrārpitāṃ naraḥ vartiṃ+dhūma
īm m → iṃ m	anusvāra / nasal	1	0.0	vartiṃ madhurakaiḥ kṛtvā snaihikīṃ dhūmamācaret vartiṃ+madhurakaiḥ
k → u k	consonant / other	1	0.0	prayogapāne tasyāṣṭau kālāḥ samparikīrtitāḥ aṣṭa→tasyāṣṭau +kālāḥ
ḥ t → r t	visarga	1	0.0	rogāstasya tu peyāḥ syur āpānās tristrayastrayaḥ syur+tris
āt h → ato h	consonant / other	1	0.0	pratilomaṃ gato hyāśu dhūmo hiṃsyāddhi cakṣuṣī gato+hi
c → ṃsyāddhi c	anusvāra / nasal	1	0.0	pratilomaṃ gato hyāśu dhūmo hiṃsyāddhi cakṣuṣī hi→hiṃsyāddhi +cakṣuṣī
uḥ r → ū r	visarga	1	0.0	tṛṣyate muhyate jantū raktaṃ ca sravate 'dhikam jantū+raktaṃ
atyartham m → 'tyarthaṃ m	anusvāra / nasal	1	0.0	śiraśca bhramate 'tyarthaṃ mūrcchā cāsyopajāyate 'tyarthaṃ+mūrcchā
atyartham n → 'tyarthaṃ n	anusvāra / nasal	1	0.0	indriyāṇyupatapyante dhūme 'tyarthaṃ niṣevite 'tyarthaṃ+niṣevite
e aṇutailam → e 'ṇutailaṃ	anusvāra / nasal	1	0.0	varṣe varṣe 'ṇutailaṃ ca kāleṣu triṣu nā caret varṣe+'ṇutailaṃ
aṇutailam c → 'ṇutailaṃ c	anusvāra / nasal	1	0.0	varṣe varṣe 'ṇutailaṃ ca kāleṣu triṣu nā caret 'ṇutailaṃ+ca
abhyadhikam b → 'bhyadhikaṃ b	anusvāra / nasal	1	0.0	nāvanaprīṇitāścāsya labhante 'bhyadhikaṃ balam 'bhyadhikaṃ+balam
tram d → raṃ d	anusvāra / nasal	1	0.0	candanāguruṇī patraṃ dārvītvaṅmadhukaṃ balām patraṃ+dārvī
a a → a '	vowel coalescence	1	0.0	dadyādeṣo 'ṇutailasya nāvanīyasya saṃvidhiḥ eṣa+'ṇutailasya
a a → o a	vowel coalescence	1	0.0	dadyādeṣo 'ṇutailasya nāvanīyasya saṃvidhiḥ eṣa→dadyādeṣo +'ṇutailasya
e abhyadhikaḥ → e 'bhyadhiko	visarga	1	0.0	sparśane 'bhyadhiko vāyuḥ sparśanaṃ ca tvagāśritam sparśane+'bhyadhiko
abhyadhikaḥ v → 'bhyadhiko v	visarga	1	0.0	sparśane 'bhyadhiko vāyuḥ sparśanaṃ ca tvagāśritam 'bhyadhiko+vāyuḥ
ś → āttaṃ ś	anusvāra / nasal	1	0.0	tvacyaśca paramabhyaṅgas tasmāttaṃ śīlayennaraḥ tam→tasmāttaṃ +śīlayet
atyartham b → 'tyarthaṃ b	anusvāra / nasal	1	0.0	vikāraṃ bhajate 'tyarthaṃ balakarmaṇi vā kvacit 'tyarthaṃ+bala
m _ → ṃ kaṇḍūṃ	anusvāra / nasal	1	0.0	daurgandhyaṃ gauravaṃ tandrāṃ kaṇḍūṃ malamarocakam tandrāṃ+kaṇḍūṃ
_ m → kaṇḍūṃ m	anusvāra / nasal	1	0.0	daurgandhyaṃ gauravaṃ tandrāṃ kaṇḍūṃ malamarocakam kaṇḍūṃ+malam
aḥ abhyāsaḥ → o 'bhyāso	visarga	1	0.0	dravyāṇāṃ garhito 'bhyāso yeṣāṃ yeṣāṃ ca śasyate garhito+'bhyāso
abhyāsaḥ y → 'bhyāso y	visarga	1	0.0	dravyāṇāṃ garhito 'bhyāso yeṣāṃ yeṣāṃ ca śasyate 'bhyāso+yeṣāṃ
d → tān d	consonant / other	1	0.0	tatrādityasyodagayanamādānaṃ ca trīnṛtūñchiśirādīngrīṣmāntān vyavasyet varṣādīn punar hemantāntān dakṣiṇāyanaṃ visargaṃ ca antān→hemantāntān +dakṣiṇāyanaṃ
s → guruṇā s	consonant / other	1	0.0	gurūṣṇavāsā digdhāṅgo guruṇāguruṇā sadā aguruṇā→guruṇāguruṇā +sadā
m s → gurudigdhāṅgīṃ s	anusvāra / nasal	1	0.0	āliṅgyāgurudigdhāṅgīṃ supyāt samadamanmathaḥ aṅgām→āliṅgyāgurudigdhāṅgīṃ +supyāt
as n → hāto n	consonant / other	1	0.0	athāto navegāndhāraṇīyam adhyāyaṃ vyākhyāsyāmaḥ atas→athāto +navegāndhāraṇīyam
yaḥ v → ayo v	visarga	1	0.0	svedābhyaṅgāvagāhāśca vartayo bastikarma ca vartayo+vasti
yaḥ bh → ayo bh	visarga	1	0.0	snehasvedavidhistatra vartayo bhojanāni ca vartayo+bhojanāni
atimātram n → 'timātraṃ n	anusvāra / nasal	1	0.0	etānevaṃvidhāṃścānyān yo 'timātraṃ niṣevate 'timātraṃ+niṣevate
e anāturaḥ → e 'nāturas	visarga	1	0.0	jāyante 'nāturas tasmāt svasthavṛttaparo bhavet jāyante+'nāturas
anāturaḥ t → 'nāturas t	visarga	1	0.0	jāyante 'nāturas tasmāt svasthavṛttaparo bhavet 'nāturas+tasmāt
s b → r b	consonant / other	1	0.0	pañcendriyabuddhayaḥ cakṣurbuddhyādikāḥ tāḥ punar indriyendriyārthasattvātmasannikarṣajāḥ kṣaṇikā niścayātmikāśca ityetat pañcapañcakam cakṣus+buddhi→cakṣurbuddhyādikāḥ
i → yātmikāśca i	vowel coalescence	1	0.0	pañcendriyabuddhayaḥ cakṣurbuddhyādikāḥ tāḥ punar indriyendriyārthasattvātmasannikarṣajāḥ kṣaṇikā niścayātmikāśca ityetat pañcapañcakam ca→niścayātmikāśca +iti
ḥ apaḥ → ḥ āpo	visarga	1	0.0	tatrānumānagamyānāṃ pañcamahābhūtavikārasamudāyātmakānāmapi satāmindriyāṇāṃ tejaścakṣuṣi khaṃ śrotre ghrāṇe kṣitiḥ āpo rasane sparśane 'nilo viśeṣeṇopapadyate kṣitiḥ+āpo
apaḥ r → āpo r	visarga	1	0.0	tatrānumānagamyānāṃ pañcamahābhūtavikārasamudāyātmakānāmapi satāmindriyāṇāṃ tejaścakṣuṣi khaṃ śrotre ghrāṇe kṣitiḥ āpo rasane sparśane 'nilo viśeṣeṇopapadyate āpo+rasane
e anilaḥ → e 'nilo	visarga	1	0.0	tatrānumānagamyānāṃ pañcamahābhūtavikārasamudāyātmakānāmapi satāmindriyāṇāṃ tejaścakṣuṣi khaṃ śrotre ghrāṇe kṣitiḥ āpo rasane sparśane 'nilo viśeṣeṇopapadyate sparśane+'nilo
anilaḥ v → 'nilo v	visarga	1	0.0	tatrānumānagamyānāṃ pañcamahābhūtavikārasamudāyātmakānāmapi satāmindriyāṇāṃ tejaścakṣuṣi khaṃ śrotre ghrāṇe kṣitiḥ āpo rasane sparśane 'nilo viśeṣeṇopapadyate 'nilo+viśeṣeṇa
agniveśaiḥ t → 'gniveśa t	visarga	1	0.0	taddhyanutiṣṭhan yugapat sampādayatyarthadvayam ārogyam indriyavijayaṃ ceti tat sadvṛttam akhilenopadekṣyāmo 'gniveśa tadyathā devagobrāhmaṇaguruvṛddhasiddhācāryānarcayet agnimupacaret oṣadhīḥ praśastā dhārayet dvau kālāvupaspṛśet malāyaneṣvabhīkṣṇaṃ pādayośca vaimalyamādadhyāt triḥ pakṣasya keśaśmaśrulomanakhān saṃhārayet nityam anupahatavāsāḥ sumanāḥ sugandhiḥ syāt sādhuveśaḥ prasiddhakeśaḥ mūrdhaśrotraghrāṇapādatailanityaḥ dhūmapaḥ pūrvābhibhāṣī sumukhaḥ durgeṣvabhyupapattā hotā yaṣṭā dātā catuṣpathānāṃ namaskartā balīnāmupahartā atithīnāṃ pūjakaḥ pitṛbhyaḥ piṇḍadaḥ kāle hitamitamadhurārthavādī vaśyātmā dharmātmā hetāvīrṣyuḥ phale nerṣyuḥ niścintaḥ nirbhīkaḥ hrīmān dhīmān mahotsāhaḥ dakṣaḥ kṣamāvān dhārmikaḥ āstikaḥ vinayabuddhividyābhijanavayovṛddhasiddhācāryāṇām upāsitā chattrī daṇḍī maulī sopānatko yugamātradṛgvicaret maṅgalācāraśīlaḥ kucelāsthikaṇṭakāmedhyakeśatuṣotkarabhasmakapālasnānabalibhūmīnāṃ parihartā prāk śramād vyāyāmavarjī syāt sarvaprāṇiṣu bandhubhūtaḥ syāt kruddhānām anunetā bhītānām āśvāsayitā dīnānām abhyupapattā satyasaṃdhaḥ sāmapradhānaḥ paraparuṣavacanasahiṣṇuḥ amarṣaghnaḥ praśamaguṇadarśī rāgadveṣahetūnāṃ hantā ca 'gniveśa+tat
a s → nā s	consonant / other	1	0.0	nānṛtaṃ brūyāt nānyasvamādadīta nānyastriyamabhilaṣennānyaśriyaṃ na vairaṃ rocayet na kuryāt pāpaṃ na pāpe 'pi pāpī syāt nānyadoṣān brūyāt nānyarahasyam āgamayen nādhārmikairna narendradviṣṭaiḥ sahāsīta nonmattairna patitairna bhrūṇahantṛbhirna kṣudrairna duṣṭaiḥ na duṣṭayānānyāroheta na jānusamaṃ kaṭhinamāsanamadhyāsīta nānāstīrṇam anupahitam aviśālam asamaṃ vā śayanaṃ prapadyeta na giriviṣamamastakeṣvanucaret na drumamārohet na jalogravegamavagāheta na kulacchāyām upāsīta nāgnyutpātamabhitaścaret noccairhaset na śabdavantaṃ mārutaṃ muñcet nānāvṛtamukho jṛmbhāṃ kṣavathuṃ hāsyaṃ vā pravartayet na nāsikāṃ kuṣṇīyāt na dantān vighaṭṭayet na nakhān vādayet nāsthīnyabhihanyāt na bhūmiṃ vilikhet na chindyāttṛṇaṃ na loṣṭaṃ mṛdnīyāt na viguṇamaṅgaiśceṣṭeta jyotīṃṣy aniṣṭam amedhyam aśastaṃ ca nābhivīkṣeta na huṃkuryācchavaṃ na caityadhvajagurupūjyāśastacchāyām ākrāmet na kṣapāsv amarasadanacaityacatvaracatuṣpathopavanaśmaśānāghātanānyāseveta naikaḥ śūnyagṛhaṃ na cāṭavīmanupraviśet na pāpavṛttān strīmitrabhṛtyān bhajeta nottamairvirudhyeta nāvarānupāsīta na jihmaṃ rocayet nānāryamāśrayet na bhayamutpādayet na sāhasātisvapnaprajāgarasnānapānāśanānyāseveta nordhvajānuściraṃ tiṣṭhet na vyālānupasarpenna daṃṣṭriṇo na viṣāṇinaḥ purovātātapāvaśyāyātipravātāñjahyāt kaliṃ nārabheta nāsunibhṛto 'gnimupāsīta nocchiṣṭaḥ nādhaḥ kṛtvā pratāpayet nāvigataklamo nānāplutavadano na nagna upaspṛśet na snānaśāṭyā spṛśeduttamāṅgaṃ na keśāgrāṇyabhihanyāt nopaspṛśya te eva vāsasī bibhṛyāt nāspṛṣṭvā ratnājyapūjyamaṅgalasumanaso 'bhiniṣkrāmet na pūjyamaṅgalānyapasavyaṃ gacchennetarāṇyanudakṣiṇam a+spṛṣṭvā→nāspṛṣṭvā
a r → nā r	consonant / other	1	0.0	nāratnapāṇir nāsnāto nopahatavāsā nājapitvā nāhutvā devatābhyo nānirūpya pitṛbhyo nādattvā gurubhyo nātithibhyo nopāśritebhyo nāpuṇyagandho nāmālī nāprakṣālitapāṇipādavadano nāśuddhamukho nodaṅmukho na vimanā nābhaktāśiṣṭāśucikṣudhitaparicaro na pātrīṣvamedhyāsu nādeśe nākāle nākīrṇe nādattvāgramagnaye nāprokṣitaṃ prokṣaṇodakairna mantrair anabhimantritaṃ na kutsayanna kutsitaṃ na pratikūlopahitamannamādadīta na paryuṣitamanyatra māṃsaharitakaśuṣkaśākaphalabhakṣyebhyaḥ nāśeṣabhuk syādanyatra dadhimadhulavaṇasaktusarpirbhyaḥ na naktaṃ dadhi bhuñjīta na saktūn ekān aśnīyānna niśi na bhuktvā na bahūnna dvirnodakāntaritānna chittvā dvijairbhakṣayet a+ratna→nāratnapāṇir
a j → nā j	consonant / other	1	0.0	nāratnapāṇir nāsnāto nopahatavāsā nājapitvā nāhutvā devatābhyo nānirūpya pitṛbhyo nādattvā gurubhyo nātithibhyo nopāśritebhyo nāpuṇyagandho nāmālī nāprakṣālitapāṇipādavadano nāśuddhamukho nodaṅmukho na vimanā nābhaktāśiṣṭāśucikṣudhitaparicaro na pātrīṣvamedhyāsu nādeśe nākāle nākīrṇe nādattvāgramagnaye nāprokṣitaṃ prokṣaṇodakairna mantrair anabhimantritaṃ na kutsayanna kutsitaṃ na pratikūlopahitamannamādadīta na paryuṣitamanyatra māṃsaharitakaśuṣkaśākaphalabhakṣyebhyaḥ nāśeṣabhuk syādanyatra dadhimadhulavaṇasaktusarpirbhyaḥ na naktaṃ dadhi bhuñjīta na saktūn ekān aśnīyānna niśi na bhuktvā na bahūnna dvirnodakāntaritānna chittvā dvijairbhakṣayet a+japitvā→nājapitvā
a h → nā h	consonant / other	1	0.0	nāratnapāṇir nāsnāto nopahatavāsā nājapitvā nāhutvā devatābhyo nānirūpya pitṛbhyo nādattvā gurubhyo nātithibhyo nopāśritebhyo nāpuṇyagandho nāmālī nāprakṣālitapāṇipādavadano nāśuddhamukho nodaṅmukho na vimanā nābhaktāśiṣṭāśucikṣudhitaparicaro na pātrīṣvamedhyāsu nādeśe nākāle nākīrṇe nādattvāgramagnaye nāprokṣitaṃ prokṣaṇodakairna mantrair anabhimantritaṃ na kutsayanna kutsitaṃ na pratikūlopahitamannamādadīta na paryuṣitamanyatra māṃsaharitakaśuṣkaśākaphalabhakṣyebhyaḥ nāśeṣabhuk syādanyatra dadhimadhulavaṇasaktusarpirbhyaḥ na naktaṃ dadhi bhuñjīta na saktūn ekān aśnīyānna niśi na bhuktvā na bahūnna dvirnodakāntaritānna chittvā dvijairbhakṣayet a+hutvā→nāhutvā
a n → nā n	consonant / other	1	0.0	nāratnapāṇir nāsnāto nopahatavāsā nājapitvā nāhutvā devatābhyo nānirūpya pitṛbhyo nādattvā gurubhyo nātithibhyo nopāśritebhyo nāpuṇyagandho nāmālī nāprakṣālitapāṇipādavadano nāśuddhamukho nodaṅmukho na vimanā nābhaktāśiṣṭāśucikṣudhitaparicaro na pātrīṣvamedhyāsu nādeśe nākāle nākīrṇe nādattvāgramagnaye nāprokṣitaṃ prokṣaṇodakairna mantrair anabhimantritaṃ na kutsayanna kutsitaṃ na pratikūlopahitamannamādadīta na paryuṣitamanyatra māṃsaharitakaśuṣkaśākaphalabhakṣyebhyaḥ nāśeṣabhuk syādanyatra dadhimadhulavaṇasaktusarpirbhyaḥ na naktaṃ dadhi bhuñjīta na saktūn ekān aśnīyānna niśi na bhuktvā na bahūnna dvirnodakāntaritānna chittvā dvijairbhakṣayet a+nirūpya→nānirūpya
j → mavamūtrayenna j	consonant / other	1	0.0	nānṛjuḥ kṣuyānnādyānna śayīta na vegito 'nyakāryaḥ syāt na vāyvagnisalilasomārkadvijagurupratimukhaṃ niṣṭhīvikāvarcomūtrāṇyutsṛjet na panthānamavamūtrayenna janavati nānnakāle na japahomādhyayanabalimaṅgalākriyāsu śleṣmasiṅghāṇakaṃ muñcet na→panthānamavamūtrayenna +janavati
ama v → e v	consonant / other	1	0.0	nāśuciruttamājyākṣatatilakuśasarṣapairagniṃ juhuyād ātmānam āśīrbhir āśāsānaḥ agnirme nāpagaccheccharīrādvāyurme prāṇānādadhātu viṣṇurme balamādadhātu indro me vīryaṃ śivā māṃ praviśantvāpa āpohiṣṭhetyapaḥ spṛśet dviḥ parimṛjyoṣṭhau pādau cābhyukṣya mūrdhani khāni copaspṛśed adbhir ātmānaṃ hṛdayaṃ śiraśca me+vīryaṃ
ama p → e p	consonant / other	1	0.0	nāśuciruttamājyākṣatatilakuśasarṣapairagniṃ juhuyād ātmānam āśīrbhir āśāsānaḥ agnirme nāpagaccheccharīrādvāyurme prāṇānādadhātu viṣṇurme balamādadhātu indro me vīryaṃ śivā māṃ praviśantvāpa āpohiṣṭhetyapaḥ spṛśet dviḥ parimṛjyoṣṭhau pādau cābhyukṣya mūrdhani khāni copaspṛśed adbhir ātmānaṃ hṛdayaṃ śiraśca mama→nāpagaccheccharīrādvāyurme +prāṇān
ama b → e b	consonant / other	1	0.0	nāśuciruttamājyākṣatatilakuśasarṣapairagniṃ juhuyād ātmānam āśīrbhir āśāsānaḥ agnirme nāpagaccheccharīrādvāyurme prāṇānādadhātu viṣṇurme balamādadhātu indro me vīryaṃ śivā māṃ praviśantvāpa āpohiṣṭhetyapaḥ spṛśet dviḥ parimṛjyoṣṭhau pādau cābhyukṣya mūrdhani khāni copaspṛśed adbhir ātmānaṃ hṛdayaṃ śiraśca mama→viṣṇurme +balam
u a → vā	vowel coalescence	1	0.0	nāśuciruttamājyākṣatatilakuśasarṣapairagniṃ juhuyād ātmānam āśīrbhir āśāsānaḥ agnirme nāpagaccheccharīrādvāyurme prāṇānādadhātu viṣṇurme balamādadhātu indro me vīryaṃ śivā māṃ praviśantvāpa āpohiṣṭhetyapaḥ spṛśet dviḥ parimṛjyoṣṭhau pādau cābhyukṣya mūrdhani khāni copaspṛśed adbhir ātmānaṃ hṛdayaṃ śiraśca praviśantu+apaḥ→praviśantvāpa
s → ryajñānadānamaitrīkāruṇyaharṣopekṣāpraśamaparaśca s	consonant / other	1	0.0	brahmacaryajñānadānamaitrīkāruṇyaharṣopekṣāpraśamaparaśca syāditi ca→brahmacaryajñānadānamaitrīkāruṇyaharṣopekṣāpraśamaparaśca +syāt
ayam d → 'yaṃ d	anusvāra / nasal	1	0.0	saṃpacceti catuṣko 'yaṃ dravyāṇāṃ guṇa ucyate 'yaṃ+dravyāṇāṃ
ayam g → 'yaṃ g	anusvāra / nasal	1	0.0	śaucaṃ ceti catuṣko 'yaṃ guṇaḥ paricare jane 'yaṃ+guṇaḥ
ā a → āv a	vowel coalescence	1	0.0	sati pādatraye jñājñau bhiṣajāvatra kāraṇam bhiṣajā+atra→bhiṣajāvatra
ṣ g → ḍ g	consonant / other	1	0.0	yasyaite ṣaḍguṇāstasya na sādhyamativartate ṣaṣ+guṇāḥ→ṣaḍguṇāstasya
ant p → ān p	consonant / other	1	0.0	catuṣpādaṃ ṣoḍaśakalaṃ bheṣajamiti bhiṣajo bhāṣante yaduktaṃ pūrvādhyāye ṣoḍaśaguṇamiti tadbheṣajaṃ yuktiyuktam alam ārogyāyeti bhagavān punarvasurātreyaḥ bhagavān+punarvasuḥ
e anupakaraṇāḥ → e 'nupakaraṇāś	visarga	1	0.0	neti maitreyaḥ kiṃ kāraṇaṃ dṛśyante hyāturāḥ kecidupakaraṇavantaśca paricārakasampannāścātmavantaśca kuśalaiśca bhiṣagbhiranuṣṭhitāḥ samuttiṣṭhamānāḥ tathāyuktāścāpare mriyamāṇāḥ tasmādbheṣajamakiṃcitkaraṃ bhavati tadyathā śvabhre sarasi ca prasiktamalpamudakaṃ nadyāṃ vā syandamānāyāṃ pāṃsudhāne vā pāṃsumuṣṭiḥ prakīrṇa iti tathāpare dṛśyante 'nupakaraṇāś cāparicārakāś cānātmavantaś cākuśalaiśca bhiṣagbhiranuṣṭhitāḥ samuttiṣṭhamānāḥ tathāyuktā mriyamāṇāścāpare dṛśyante+'nupakaraṇāś
anupakaraṇāḥ c → 'nupakaraṇāś c	visarga	1	0.0	neti maitreyaḥ kiṃ kāraṇaṃ dṛśyante hyāturāḥ kecidupakaraṇavantaśca paricārakasampannāścātmavantaśca kuśalaiśca bhiṣagbhiranuṣṭhitāḥ samuttiṣṭhamānāḥ tathāyuktāścāpare mriyamāṇāḥ tasmādbheṣajamakiṃcitkaraṃ bhavati tadyathā śvabhre sarasi ca prasiktamalpamudakaṃ nadyāṃ vā syandamānāyāṃ pāṃsudhāne vā pāṃsumuṣṭiḥ prakīrṇa iti tathāpare dṛśyante 'nupakaraṇāś cāparicārakāś cānātmavantaś cākuśalaiśca bhiṣagbhiranuṣṭhitāḥ samuttiṣṭhamānāḥ tathāyuktā mriyamāṇāścāpare 'nupakaraṇāś+ca
iḥ m → Ø m	visarga	1	0.0	maitreya mithyā cintyata ityātreyaḥ kiṃ kāraṇaṃ ye hyāturāḥ ṣoḍaśaguṇasamuditenānena bheṣajenopapadyamānā mriyanta ityuktaṃ tad anupapannaṃ na hi bheṣajasādhyānāṃ vyādhīnāṃ bheṣajamakāraṇaṃ bhavati ye punarāturāḥ kevalādbheṣajādṛte samuttiṣṭhante na teṣāṃ sampūrṇabheṣajopapādanāya samutthānaviśeṣo nāsti yathā hi patitaṃ puruṣaṃ samaratham utthānāyotthāpayan puruṣo balamasyopādadhyāt sa kṣiprataram aparikliṣṭa evottiṣṭhet tadvat sampūrṇabheṣajopalambhādāturāḥ ye cāturāḥ kevalādbheṣajādapi mriyante na ca sarva eva te bheṣajopapannāḥ samuttiṣṭheran nahi sarve vyādhayo bhavantyupāyasādhyāḥ na copāyasādhyānāṃ vyādhīnām anupāyena siddhirasti na cāsādhyānāṃ vyādhīnāṃ bheṣajasamudāyo 'yamasti na hyalaṃ jñānavān bhiṣaṅmumūrṣumāturamutthāpayituṃ parīkṣyakāriṇo hi kuśalā bhavanti yathā hi yogajño 'bhyāsanitya iṣvāso dhanur ādāyeṣumasyannātiviprakṛṣṭe mahati kāye nāparādhavān bhavati sampādayati ceṣṭakāryaṃ tathā bhiṣak svaguṇasampanna upakaraṇavān vīkṣya karmārabhamāṇaḥ sādhyarogamanaparādhaḥ sampādayatyevāturamārogyeṇa tasmānna bheṣajamabheṣajenāviśiṣṭaṃ bhavati maitreya+mithyā
aḥ asādhyam → o 'sādhyaṃ	visarga	1	0.0	prāpnuyānniyataṃ vaidyo yo 'sādhyaṃ samupācaret yo+'sādhyaṃ
asādhyam s → 'sādhyaṃ s	anusvāra / nasal	1	0.0	prāpnuyānniyataṃ vaidyo yo 'sādhyaṃ samupācaret 'sādhyaṃ+samupācaret
s → tuṣpādopapattiśca s	consonant / other	1	0.0	catuṣpādopapattiśca sukhasādhyasya lakṣaṇam ca→catuṣpādopapattiśca +sukha
v → turvidhavikalpāśca v	consonant / other	1	0.0	caturvidhavikalpāśca vyādhayaḥ svasvalakṣaṇāḥ ca→caturvidhavikalpāśca +vyādhayaḥ
j → ānnāstikyabuddhiṃ j	anusvāra / nasal	1	0.0	tatra buddhimānnāstikyabuddhiṃ jahyādvicikitsāṃ ca buddhim→buddhimānnāstikyabuddhiṃ +jahyāt
ṃnikarṣāt a → nnikarṣād a	consonant / other	1	0.0	satāṃ ca rūpāṇām atisannikarṣād ativiprakarṣād āvaraṇāt karaṇadaurbalyānmano'navasthānāt samānābhihārād abhibhavād atisaukṣmyācca pratyakṣānupalabdhiḥ tasmād aparīkṣitam etaducyate pratyakṣamevāsti nānyadastīti atisannikarṣād+ativiprakarṣād
n → kasyāsti n	consonant / other	1	0.0	nāstikasyāsti naivātmā yadṛcchopahatātmanaḥ asti→nāstikasyāsti +na
_ d → divyacakṣurbhir d	consonant / other	1	0.0	dharmadvārāvahitaiśca vyapagatabhayarāgadveṣalobhamohamānair brahmāgrairāptaiḥ karmavidbhir anupahatasattvabuddhipracāraiḥ pūrvaiḥ pūrvatarair maharṣibhir divyacakṣurbhir dṛṣṭopadiṣṭaḥ punarbhava iti vyavasyedevam _→divyacakṣurbhir +dṛṣṭa
p → ṣyatīti p	consonant / other	1	0.0	ata evānumīyate yat svakṛtam aparihāryam avināśi paurvadehikaṃ daivasaṃjñakam ānubandhikaṃ karma tasyaitat phalam itaścānyadbhaviṣyatīti patadbījamanumīyate phalaṃ ca bījāt iti→itaścānyadbhaviṣyatīti +patat
e anabhidhyāyām → e 'nabhidhyāyāṃ	anusvāra / nasal	1	0.0	evaṃ pramāṇaiścaturbhirupadiṣṭe punarbhave dharmadvāreṣv avadhīyeta tadyathā guruśuśrūṣāyām adhyayane vratacaryāyāṃ dārakriyāyāmapatyotpādane bhṛtyabharaṇe 'tithipūjāyāṃ dāne 'nabhidhyāyāṃ tapasyanasūyāyāṃ dehavāṅmānase karmaṇyakliṣṭe dehendriyamano'rthabuddhyātmaparīkṣāyāṃ manaḥsamādhāviti yāni cānyānyapyevaṃvidhāni karmāṇi satām avigarhitāni svargyāṇi vṛttipuṣṭikarāṇi vidyāt tānyārabheta kartuṃ tathā kurvanniha caiva yaśo labhate pretya ca svargam dāne+'nabhidhyāyāṃ
anabhidhyāyām t → 'nabhidhyāyāṃ t	anusvāra / nasal	1	0.0	evaṃ pramāṇaiścaturbhirupadiṣṭe punarbhave dharmadvāreṣv avadhīyeta tadyathā guruśuśrūṣāyām adhyayane vratacaryāyāṃ dārakriyāyāmapatyotpādane bhṛtyabharaṇe 'tithipūjāyāṃ dāne 'nabhidhyāyāṃ tapasyanasūyāyāṃ dehavāṅmānase karmaṇyakliṣṭe dehendriyamano'rthabuddhyātmaparīkṣāyāṃ manaḥsamādhāviti yāni cānyānyapyevaṃvidhāni karmāṇi satām avigarhitāni svargyāṇi vṛttipuṣṭikarāṇi vidyāt tānyārabheta kartuṃ tathā kurvanniha caiva yaśo labhate pretya ca svargam 'nabhidhyāyāṃ+tapasi
ḥ h → u h	visarga	1	0.0	sarveṣāmeva bhāvānāṃ bhāvābhāvau nāntareṇa yogāyogātiyogamithyāyogān samupalabhyete yathāsvayuktyapekṣiṇau hi bhāvābhāvau apekṣiṇaḥ→yathāsvayuktyapekṣiṇau +hi
t c → llābhāc c	consonant / other	1	0.0	tatra nijaḥ śārīradoṣasamutthaḥ āgantur viṣavāyvagnisamprahārādisamutthaḥ mānasaḥ punariṣṭasya lābhāllābhāc cāniṣṭasyopajāyate lābhāt→lābhāllābhāc +ca
ama k → e k	consonant / other	1	0.0	sarvasvenāpi me kaścidbhiṣagānīyatāmiti me+kaścid
ā _ → ā pravartakaś	consonant / other	1	0.0	yāni tu khalu vāyoḥ kupitākupitasya śarīrāśarīracarasya śarīreṣu carataḥ karmāṇi bahiḥśarīrebhyo vā bhavanti teṣāmavayavān pratyakṣānumānopadeśaiḥ sādhayitvā namaskṛtya vāyave yathāśakti pravakṣyāmaḥ vāyustantrayantradharaḥ prāṇodānasamānavyānāpānātmā pravartakaś ceṣṭānām uccāvacānāṃ niyantā praṇetā ca manasaḥ sarvendriyāṇām udyojakaḥ sarvendriyānām abhivoḍhā sarvaśarīradhātuvyūhakaraḥ saṃdhānakaraḥ śarīrasya pravartako vācaḥ prakṛtiḥ sparśaśabdayoḥ śrotrasparśanayormūlaṃ harṣotsāhayor yoniḥ samīraṇo'gneḥ doṣasaṃśoṣaṇaḥ kṣeptā bahirmalānāṃ sthūlāṇusrotasāṃ bhettā kartā garbhākṛtīnām āyuṣo'nuvṛttipratyayabhūto bhavatyakupitaḥ ātmā+pravartakaś
_ c → pravartakaś c	consonant / other	1	0.0	yāni tu khalu vāyoḥ kupitākupitasya śarīrāśarīracarasya śarīreṣu carataḥ karmāṇi bahiḥśarīrebhyo vā bhavanti teṣāmavayavān pratyakṣānumānopadeśaiḥ sādhayitvā namaskṛtya vāyave yathāśakti pravakṣyāmaḥ vāyustantrayantradharaḥ prāṇodānasamānavyānāpānātmā pravartakaś ceṣṭānām uccāvacānāṃ niyantā praṇetā ca manasaḥ sarvendriyāṇām udyojakaḥ sarvendriyānām abhivoḍhā sarvaśarīradhātuvyūhakaraḥ saṃdhānakaraḥ śarīrasya pravartako vācaḥ prakṛtiḥ sparśaśabdayoḥ śrotrasparśanayormūlaṃ harṣotsāhayor yoniḥ samīraṇo'gneḥ doṣasaṃśoṣaṇaḥ kṣeptā bahirmalānāṃ sthūlāṇusrotasāṃ bhettā kartā garbhākṛtīnām āyuṣo'nuvṛttipratyayabhūto bhavatyakupitaḥ pravartakaś+ceṣṭānām
a _ → a pravartako	consonant / other	1	0.0	yāni tu khalu vāyoḥ kupitākupitasya śarīrāśarīracarasya śarīreṣu carataḥ karmāṇi bahiḥśarīrebhyo vā bhavanti teṣāmavayavān pratyakṣānumānopadeśaiḥ sādhayitvā namaskṛtya vāyave yathāśakti pravakṣyāmaḥ vāyustantrayantradharaḥ prāṇodānasamānavyānāpānātmā pravartakaś ceṣṭānām uccāvacānāṃ niyantā praṇetā ca manasaḥ sarvendriyāṇām udyojakaḥ sarvendriyānām abhivoḍhā sarvaśarīradhātuvyūhakaraḥ saṃdhānakaraḥ śarīrasya pravartako vācaḥ prakṛtiḥ sparśaśabdayoḥ śrotrasparśanayormūlaṃ harṣotsāhayor yoniḥ samīraṇo'gneḥ doṣasaṃśoṣaṇaḥ kṣeptā bahirmalānāṃ sthūlāṇusrotasāṃ bhettā kartā garbhākṛtīnām āyuṣo'nuvṛttipratyayabhūto bhavatyakupitaḥ śarīrasya+pravartako
_ v → pravartako v	consonant / other	1	0.0	yāni tu khalu vāyoḥ kupitākupitasya śarīrāśarīracarasya śarīreṣu carataḥ karmāṇi bahiḥśarīrebhyo vā bhavanti teṣāmavayavān pratyakṣānumānopadeśaiḥ sādhayitvā namaskṛtya vāyave yathāśakti pravakṣyāmaḥ vāyustantrayantradharaḥ prāṇodānasamānavyānāpānātmā pravartakaś ceṣṭānām uccāvacānāṃ niyantā praṇetā ca manasaḥ sarvendriyāṇām udyojakaḥ sarvendriyānām abhivoḍhā sarvaśarīradhātuvyūhakaraḥ saṃdhānakaraḥ śarīrasya pravartako vācaḥ prakṛtiḥ sparśaśabdayoḥ śrotrasparśanayormūlaṃ harṣotsāhayor yoniḥ samīraṇo'gneḥ doṣasaṃśoṣaṇaḥ kṣeptā bahirmalānāṃ sthūlāṇusrotasāṃ bhettā kartā garbhākṛtīnām āyuṣo'nuvṛttipratyayabhūto bhavatyakupitaḥ pravartako+vācaḥ
ṣ d → ḍ d	consonant / other	1	0.0	guṇāḥ ṣaḍ dvividho hetur vividhaṃ karma yat punaḥ ṣaḍ+dvividho
ḥ _ → Ø vyāpadaḥ	visarga	1	0.0	ke mṛdukrūrakoṣṭhāḥ kā vyāpadaḥ siddhayaśca kāḥ kā+vyāpadaḥ
_ s → vyāpadaḥ s	consonant / other	1	0.0	ke mṛdukrūrakoṣṭhāḥ kā vyāpadaḥ siddhayaśca kāḥ vyāpadaḥ+siddhayaḥ
iḥ j → Ø j	visarga	1	0.0	snehasyāmitavijñāna jñānamicchāmi veditum vijñānaiḥ→snehasyāmitavijñāna +jñānam
aḥ asthīnām → o 'sthnāṃ	visarga	1	0.0	majjā viśeṣato 'sthnāṃ ca balakṛt snehane hitaḥ viśeṣato+'sthnāṃ
asthīnām c → 'sthnāṃ c	anusvāra / nasal	1	0.0	majjā viśeṣato 'sthnāṃ ca balakṛt snehane hitaḥ 'sthnāṃ+ca
hām p → chāṃ p	anusvāra / nasal	1	0.0	mūrcchāṃ pipāsāmunmādaṃ kāmalāṃ vā samīrayet mūrcchāṃ+pipāsām
ā a → īr a	vowel coalescence	1	0.0	tandrīr arucir utkeśaḥ syādatisnigdhalakṣaṇam tandrīr+arucir
sarām s → śarāṃ s	anusvāra / nasal	1	0.0	pāyasaṃ kṛśarāṃ sarpiḥ kāśmaryatriphalārasam kṛśarāṃ+sarpiḥ
c → stathaiva c	consonant / other	1	0.0	rūkṣapūrvo hitaḥ svedaḥ snehapūrvastathaiva ca eva→snehapūrvastathaiva +ca
ā ś → a ś	consonant / other	1	0.0	śūkaśamīdhānyapulākānāṃ veśavārapāyasakṛśarotkārikādīnāṃ vā prastare kauśeyāvikottarapracchade pañcāṅgulorubūkārkapatrapracchade vā svabhyaktasarvagātrasya śayānasyopasvedanaṃ prastarasveda iti vidyāt śūkā+śamī→śūkaśamīdhānyapulākānāṃ
ṇāḍyaḥ v → nāḍīr v	visarga	1	0.0	vātikottaravātikānāṃ punarmūlādīnām utkvāthaiḥ sukhoṣṇaiḥ kumbhīr varṣaṇikāḥ pranāḍīr vā pūrayitvā yathārhasiddhasnehābhyaktagātraṃ vastrāvacchannaṃ pariṣecayediti pariṣekaḥ pranāḍīr+vā
āyām d → asyāṃ d	anusvāra / nasal	1	0.0	atha jentākaṃ cikīrṣurbhūmiṃ parīkṣeta tatra pūrvasyāṃ diśyuttarasyāṃ vā guṇavati praśaste bhūmibhāge kṛṣṇamadhuramṛttike suvarṇamṛttike vā parīvāpapuṣkariṇyādīnāṃ jalāśayānāmanyatamasya kūle dakṣiṇe paścime vā sūpatīrthe samasuvibhaktabhūmibhāge saptāṣṭau vāratnīr upakramyodakāt prāṅmukham udaṅmukhaṃ vābhimukhatīrthaṃ kūṭāgāraṃ kārayet utsedhavistārataḥ paramaratnīḥ ṣoḍaśa samantāt suvṛttaṃ mṛtkarmasampannam anekavātāyanam asya kūṭāgārasyāntaḥ samantato bhittimaratnivistārotsedhāṃ piṇḍikāṃ kārayed ā kapāṭāt madhye cāsya kūṭāgārasya catuṣkiṣkumātraṃ puruṣapramāṇaṃ mṛnmayaṃ kandusaṃsthānaṃ bahusūkṣmacchidramaṅgārakoṣṭhakastambhaṃ sapidhānaṃ kārayet taṃ ca khādirāṇām āśvakarṇādīnāṃ vā kāṣṭhānāṃ pūrayitvā pradīpayet sa yadā jānīyāt sādhu dagdhāni kāṣṭhāni gatadhūmānyavataptaṃ ca kevalamagninā tadagnigṛhaṃ svedayogyena coṣmaṇā yuktamiti tatrainaṃ puruṣaṃ vātaharābhyaktagātraṃ vastrāvacchannaṃ praveśayaṃścainamanuśiṣyāt saumya praviśa kalyāṇāyārogyāya ceti praviśya caināṃ piṇḍikāmadhiruhya pārśvāparapārśvābhyāṃ yathāsukhaṃ śayīthāḥ na ca tvayā svedamūrcchāparītenāpi satā piṇḍikaiṣā vimoktavyā ā prāṇocchvāsāt bhraśyamāno hyataḥ piṇḍivakāvakāśād dvāram anadhigacchan svedamūrcchāparītatayā sadyaḥ prāṇāñjahyāḥ tasmāt piṇḍikāmenāṃ na kathaṃcana muñcethāḥ tvaṃ yadā jānīyāḥ vigatābhiṣyandamātmānaṃ samyakprasrutasvedapicchaṃ sarvasrotovimuktaṃ laghūbhūtam apagatavibandhastambhasuptivedanāgauravam iti tatastāṃ piṇḍikāmanusaran dvāraṃ prapadyethāḥ niṣkramya ca na sahasā cakṣuṣoḥ paripālanārthaṃ śītodakam upaspṛśethāḥ apagatasantāpaklamastu muhūrtāt sukhoṣṇena vāriṇā yathānyāyaṃ pariṣikto 'śnīyāḥ iti jentākasvedaḥ pūrvasyāṃ+diśi
ām ś → īṃ ś	anusvāra / nasal	1	0.0	śayānasya pramāṇena ghanāmaśmamayīṃ śilām mayām→ghanāmaśmamayīṃ +śilām
ṃdvam s → ndvaṃ s	anusvāra / nasal	1	0.0	ityetattrividhaṃ dvandvaṃ svedamuddiśya kīrtitam dvandvaṃ+svedam
mbhārāḥ u → ṃbhārā u	visarga	1	0.0	iha khalu rājānaṃ rājamātram anyaṃ vā vipuladravyaṃ vamanaṃ virecanaṃ vā pāyayitukāmena bhiṣajā prāgevauṣadhapānāt saṃbhārā upakalpanīyā bhavanti samyakcaiva hi gacchatyauṣadhe pratibhogārthāḥ vyāpanne cauṣadhe vyāpadaḥ parisaṃkhyāya pratīkārārthā na hi saṃnikṛṣṭe kāle prādurbhūtāyāmāpadi satyapi krayākraye sukaramāśu sambharaṇam auṣadhānāṃ yathāvaditi saṃbhārā+upakalpanīyā
e _ → e vyāpadaḥ	consonant / other	1	0.0	iha khalu rājānaṃ rājamātram anyaṃ vā vipuladravyaṃ vamanaṃ virecanaṃ vā pāyayitukāmena bhiṣajā prāgevauṣadhapānāt saṃbhārā upakalpanīyā bhavanti samyakcaiva hi gacchatyauṣadhe pratibhogārthāḥ vyāpanne cauṣadhe vyāpadaḥ parisaṃkhyāya pratīkārārthā na hi saṃnikṛṣṭe kāle prādurbhūtāyāmāpadi satyapi krayākraye sukaramāśu sambharaṇam auṣadhānāṃ yathāvaditi auṣadhe+vyāpadaḥ
ḥ _ → ḥ dṛṣadaḥ	visarga	1	0.0	tataḥ śīlaśaucācārānurāgadākṣyaprādakṣiṇyopapannān upacārakuśalān sarvakarmasu paryavadātān sūpaudanapācakasnāpakasaṃvāhakotthāpakasaṃveśakauṣadhapeṣakāṃśca paricārakān sarvakarmasv apratikūlān tathā gītavāditrollāpakaślokagāthākhyāyiketihāsapurāṇakuśalān abhiprāyajñān anumatāṃśca deśakālavidaḥ pāriṣadyāṃśca tathā lāvakapiñjalaśaśahariṇaiṇakālapucchakamṛgamātṛkorabhrān gāṃ dogdhrīṃ śīlavatīmanāturāṃ jīvadvatsāṃ suprativihitatṛṇaśaraṇapānīyāṃ pātryācamanīyodakoṣṭhamaṇikaghaṭapiṭharaparyogakumbhīkumbhakuṇḍaśarāvadarvīkaṭodañcanaparipacanamanthānacarmacelasūtrakārpāsorṇādīni ca śayanāsanādīni copanyastabhṛṅgārapratigrahāṇi suprayuktāstaraṇottarapracchadopadhānāni sopāśrayāṇi saṃveśanopaveśanasnehasvedābhyaṅgapradehapariṣekānulepanavamanavirecanāsthāpanānuvāsanaśirovirecanamūtroccārakarmaṇām upacārasukhāni suprakṣālitopadhānāśca suślakṣṇasvaramadhyamā dṛṣadaḥ śastrāṇi copakaraṇārthāni dhūmanetraṃ ca bastinetraṃ cottarabastikaṃ ca kuśahastakaṃ ca tulāṃ ca mānabhāṇḍaṃ ca ghṛtatailavasāmajjakṣaudraphāṇitalavaṇendhanodakamadhusīdhusurāsauvīrakatuṣodakamaireyamedakadadhidadhimaṇḍodasviddhānyāmlamūtrāṇi ca tathā śāliṣaṣṭikamudgamāṣayavatilakulatthabadaramṛdvīkākāśmaryaparūṣakābhayāmalakavibhītakāni nānāvidhāni ca snehasvedopakaraṇāni dravyāṇi tathaivordhvaharānulomikobhayabhāñji saṃgrahaṇīyadīpanīyapācanīyopaśamanīyavātaharādisamākhyātāni cauṣadhāni yaccānyadapi kiṃcid vyāpadaḥ parisaṃkhyāya pratīkārārthamupakaraṇaṃ vidyāt yacca pratibhogārthaṃ tattadupakalpayet madhyamāḥ+dṛṣadaḥ
_ ś → dṛṣadaḥ ś	consonant / other	1	0.0	tataḥ śīlaśaucācārānurāgadākṣyaprādakṣiṇyopapannān upacārakuśalān sarvakarmasu paryavadātān sūpaudanapācakasnāpakasaṃvāhakotthāpakasaṃveśakauṣadhapeṣakāṃśca paricārakān sarvakarmasv apratikūlān tathā gītavāditrollāpakaślokagāthākhyāyiketihāsapurāṇakuśalān abhiprāyajñān anumatāṃśca deśakālavidaḥ pāriṣadyāṃśca tathā lāvakapiñjalaśaśahariṇaiṇakālapucchakamṛgamātṛkorabhrān gāṃ dogdhrīṃ śīlavatīmanāturāṃ jīvadvatsāṃ suprativihitatṛṇaśaraṇapānīyāṃ pātryācamanīyodakoṣṭhamaṇikaghaṭapiṭharaparyogakumbhīkumbhakuṇḍaśarāvadarvīkaṭodañcanaparipacanamanthānacarmacelasūtrakārpāsorṇādīni ca śayanāsanādīni copanyastabhṛṅgārapratigrahāṇi suprayuktāstaraṇottarapracchadopadhānāni sopāśrayāṇi saṃveśanopaveśanasnehasvedābhyaṅgapradehapariṣekānulepanavamanavirecanāsthāpanānuvāsanaśirovirecanamūtroccārakarmaṇām upacārasukhāni suprakṣālitopadhānāśca suślakṣṇasvaramadhyamā dṛṣadaḥ śastrāṇi copakaraṇārthāni dhūmanetraṃ ca bastinetraṃ cottarabastikaṃ ca kuśahastakaṃ ca tulāṃ ca mānabhāṇḍaṃ ca ghṛtatailavasāmajjakṣaudraphāṇitalavaṇendhanodakamadhusīdhusurāsauvīrakatuṣodakamaireyamedakadadhidadhimaṇḍodasviddhānyāmlamūtrāṇi ca tathā śāliṣaṣṭikamudgamāṣayavatilakulatthabadaramṛdvīkākāśmaryaparūṣakābhayāmalakavibhītakāni nānāvidhāni ca snehasvedopakaraṇāni dravyāṇi tathaivordhvaharānulomikobhayabhāñji saṃgrahaṇīyadīpanīyapācanīyopaśamanīyavātaharādisamākhyātāni cauṣadhāni yaccānyadapi kiṃcid vyāpadaḥ parisaṃkhyāya pratīkārārthamupakaraṇaṃ vidyāt yacca pratibhogārthaṃ tattadupakalpayet dṛṣadaḥ+śastrāṇi
d _ → d vyāpadaḥ	consonant / other	1	0.0	tataḥ śīlaśaucācārānurāgadākṣyaprādakṣiṇyopapannān upacārakuśalān sarvakarmasu paryavadātān sūpaudanapācakasnāpakasaṃvāhakotthāpakasaṃveśakauṣadhapeṣakāṃśca paricārakān sarvakarmasv apratikūlān tathā gītavāditrollāpakaślokagāthākhyāyiketihāsapurāṇakuśalān abhiprāyajñān anumatāṃśca deśakālavidaḥ pāriṣadyāṃśca tathā lāvakapiñjalaśaśahariṇaiṇakālapucchakamṛgamātṛkorabhrān gāṃ dogdhrīṃ śīlavatīmanāturāṃ jīvadvatsāṃ suprativihitatṛṇaśaraṇapānīyāṃ pātryācamanīyodakoṣṭhamaṇikaghaṭapiṭharaparyogakumbhīkumbhakuṇḍaśarāvadarvīkaṭodañcanaparipacanamanthānacarmacelasūtrakārpāsorṇādīni ca śayanāsanādīni copanyastabhṛṅgārapratigrahāṇi suprayuktāstaraṇottarapracchadopadhānāni sopāśrayāṇi saṃveśanopaveśanasnehasvedābhyaṅgapradehapariṣekānulepanavamanavirecanāsthāpanānuvāsanaśirovirecanamūtroccārakarmaṇām upacārasukhāni suprakṣālitopadhānāśca suślakṣṇasvaramadhyamā dṛṣadaḥ śastrāṇi copakaraṇārthāni dhūmanetraṃ ca bastinetraṃ cottarabastikaṃ ca kuśahastakaṃ ca tulāṃ ca mānabhāṇḍaṃ ca ghṛtatailavasāmajjakṣaudraphāṇitalavaṇendhanodakamadhusīdhusurāsauvīrakatuṣodakamaireyamedakadadhidadhimaṇḍodasviddhānyāmlamūtrāṇi ca tathā śāliṣaṣṭikamudgamāṣayavatilakulatthabadaramṛdvīkākāśmaryaparūṣakābhayāmalakavibhītakāni nānāvidhāni ca snehasvedopakaraṇāni dravyāṇi tathaivordhvaharānulomikobhayabhāñji saṃgrahaṇīyadīpanīyapācanīyopaśamanīyavātaharādisamākhyātāni cauṣadhāni yaccānyadapi kiṃcid vyāpadaḥ parisaṃkhyāya pratīkārārthamupakaraṇaṃ vidyāt yacca pratibhogārthaṃ tattadupakalpayet kiṃcid+vyāpadaḥ
p → kasnāpakasaṃvāhakotthāpakasaṃveśakauṣadhapeṣakāṃśca p	anusvāra / nasal	1	0.0	tataḥ śīlaśaucācārānurāgadākṣyaprādakṣiṇyopapannān upacārakuśalān sarvakarmasu paryavadātān sūpaudanapācakasnāpakasaṃvāhakotthāpakasaṃveśakauṣadhapeṣakāṃśca paricārakān sarvakarmasv apratikūlān tathā gītavāditrollāpakaślokagāthākhyāyiketihāsapurāṇakuśalān abhiprāyajñān anumatāṃśca deśakālavidaḥ pāriṣadyāṃśca tathā lāvakapiñjalaśaśahariṇaiṇakālapucchakamṛgamātṛkorabhrān gāṃ dogdhrīṃ śīlavatīmanāturāṃ jīvadvatsāṃ suprativihitatṛṇaśaraṇapānīyāṃ pātryācamanīyodakoṣṭhamaṇikaghaṭapiṭharaparyogakumbhīkumbhakuṇḍaśarāvadarvīkaṭodañcanaparipacanamanthānacarmacelasūtrakārpāsorṇādīni ca śayanāsanādīni copanyastabhṛṅgārapratigrahāṇi suprayuktāstaraṇottarapracchadopadhānāni sopāśrayāṇi saṃveśanopaveśanasnehasvedābhyaṅgapradehapariṣekānulepanavamanavirecanāsthāpanānuvāsanaśirovirecanamūtroccārakarmaṇām upacārasukhāni suprakṣālitopadhānāśca suślakṣṇasvaramadhyamā dṛṣadaḥ śastrāṇi copakaraṇārthāni dhūmanetraṃ ca bastinetraṃ cottarabastikaṃ ca kuśahastakaṃ ca tulāṃ ca mānabhāṇḍaṃ ca ghṛtatailavasāmajjakṣaudraphāṇitalavaṇendhanodakamadhusīdhusurāsauvīrakatuṣodakamaireyamedakadadhidadhimaṇḍodasviddhānyāmlamūtrāṇi ca tathā śāliṣaṣṭikamudgamāṣayavatilakulatthabadaramṛdvīkākāśmaryaparūṣakābhayāmalakavibhītakāni nānāvidhāni ca snehasvedopakaraṇāni dravyāṇi tathaivordhvaharānulomikobhayabhāñji saṃgrahaṇīyadīpanīyapācanīyopaśamanīyavātaharādisamākhyātāni cauṣadhāni yaccānyadapi kiṃcid vyāpadaḥ parisaṃkhyāya pratīkārārthamupakaraṇaṃ vidyāt yacca pratibhogārthaṃ tattadupakalpayet ca→sūpaudanapācakasnāpakasaṃvāhakotthāpakasaṃveśakauṣadhapeṣakāṃśca +paricārakān
m g → yānaṃ g	anusvāra / nasal	1	0.0	upaspṛṣṭodakaṃ cainaṃ nivātamāgāramanupraveśya saṃveśya cānuśiṣyāt uccairbhāṣyam atyāśanam atisthānam aticaṅkramaṇaṃ krodhaśokahimātapāvaśyāyātipravātān yānayānaṃ grāmyadharmam asvapanaṃ niśi divā svapnaṃ viruddhājīrṇāsātmyākālapramitātihīnaguruviṣamabhojanavegasaṃdhāraṇodīraṇam iti bhāvān etān manasāpyasevamānaḥ sarvamaho gamayasveti yānam→yānayānaṃ +grāmyadharmam
ar g → o g	consonant / other	1	0.0	upaspṛṣṭodakaṃ cainaṃ nivātamāgāramanupraveśya saṃveśya cānuśiṣyāt uccairbhāṣyam atyāśanam atisthānam aticaṅkramaṇaṃ krodhaśokahimātapāvaśyāyātipravātān yānayānaṃ grāmyadharmam asvapanaṃ niśi divā svapnaṃ viruddhājīrṇāsātmyākālapramitātihīnaguruviṣamabhojanavegasaṃdhāraṇodīraṇam iti bhāvān etān manasāpyasevamānaḥ sarvamaho gamayasveti ahar→sarvamaho +gamayasva
mbhārāḥ y → ṃbhārā y	visarga	1	0.0	saṃbhārā ye yadarthaṃ ca samānīya prayojayet saṃbhārā+ye
dh t → t t	consonant / other	1	0.0	hṛdvarṇaśuddhiḥ kṣuttṛṣṇā kāle vegapravartanam kṣudh+tṛṣṇā→kṣuttṛṣṇā
a k → ā k	consonant / other	1	0.0	piḍakākoṭhakaṇḍūnāṃ saṃbhavo'ratireva ca piḍaka+koṭha→piḍakākoṭhakaṇḍūnāṃ
_ s → piḍakākoṭhakaṇḍūnāṃ s	anusvāra / nasal	1	0.0	piḍakākoṭhakaṇḍūnāṃ saṃbhavo'ratireva ca _→piḍakākoṭhakaṇḍūnāṃ +sambhavaḥ
ṇām c → nāṃ c	anusvāra / nasal	1	0.0	rogāṇāṃ prasavānāṃ ca gatānāmāgatirdhruvā prasavānāṃ+ca
ś → aḥ ś	consonant / other	1	0.0	doṣāṇāṃ trividhā coktā gatirvistarataḥ śṛṇu vistarāt→gatirvistarataḥ +śṛṇu
ama y → e y	consonant / other	1	0.0	śirogadāṃstāñchṛṇu me yathāsvairhetulakṣaṇaiḥ me+yathāsvaiḥ
_ m → śastrairjātakaṇḍūṃ m	anusvāra / nasal	1	0.0	chidyamānaṃ yathā śastrairjātakaṇḍūṃ mahārujam _→śastrairjātakaṇḍūṃ +mahā
s → ikasya s	consonant / other	1	0.0	vṛddhirekasya samatā caikasyaikasya saṃkṣayaḥ ekasya→caikasyaikasya +saṃkṣayaḥ
m _ → ṃ rujam	anusvāra / nasal	1	0.0	rundhyāttadā prakurvīta śītakaṃ gauravaṃ rujam gauravaṃ+rujam
iśoṣam d → īśoṣaṃ d	anusvāra / nasal	1	0.0	aṅgamardaṃ parīśoṣaṃ dūyanaṃ dhūpanaṃ tathā parīśoṣaṃ+dūyanaṃ
hām c → chāṃ c	anusvāra / nasal	1	0.0	ceṣṭāpraṇāśaṃ mūrcchāṃ ca vāksaṅgaṃ ca karoti hi mūrcchāṃ+ca
hām k → chāṃ k	anusvāra / nasal	1	0.0	glānimindriyadaurbalyaṃ tṛṣṇāṃ mūrcchāṃ kriyākṣayam mūrcchāṃ+kriyā
c g → g g	consonant / other	1	0.0	māṃsakṣaye viśeṣeṇa sphiggrīvodaraśuṣkatā sphic+grīvā→sphiggrīvodaraśuṣkatā
ṃdhīnām s → ndhīnāṃ s	anusvāra / nasal	1	0.0	sandhīnāṃ sphuṭanaṃ glānir akṣṇor āyāsa eva ca sandhīnāṃ+sphuṭanaṃ
iṇoḥ ā → ṇor ā	visarga	1	0.0	sandhīnāṃ sphuṭanaṃ glānir akṣṇor āyāsa eva ca akṣṇor+āyāsa
im t → īṃ t	anusvāra / nasal	1	0.0	rūkṣasyonnamayan kukṣīṃ tiryagūrdhvaṃ ca gacchati kukṣīṃ+tiryañcam
aḥ abhīkṣṇam → o 'bhīkṣṇaṃ	visarga	1	0.0	bibheti durbalo 'bhīkṣṇaṃ dhyāyati vyathitendriyaḥ durbalo+'bhīkṣṇaṃ
abhīkṣṇam dh → 'bhīkṣṇaṃ dh	anusvāra / nasal	1	0.0	bibheti durbalo 'bhīkṣṇaṃ dhyāyati vyathitendriyaḥ 'bhīkṣṇaṃ+dhyāyati
v → śānnā v	consonant / other	1	0.0	ojaḥ śarīre saṃkhyātaṃ tannāśānnā vinaśyati nā→tannāśānnā +vinaśyati
aḥ anaśanam → o 'naśanaṃ	visarga	1	0.0	vyāyāmo 'naśanaṃ cintā rūkṣālpapramitāśanam vyāyāmo+'naśanaṃ
anaśanam c → 'naśanaṃ c	anusvāra / nasal	1	0.0	vyāyāmo 'naśanaṃ cintā rūkṣālpapramitāśanam 'naśanaṃ+cintā
ā vastim → ā bastiṃ	anusvāra / nasal	1	0.0	yadā bastiṃ tadā kṛcchro madhumehaḥ pravartate yadā+bastiṃ
vastim t → bastiṃ t	anusvāra / nasal	1	0.0	yadā bastiṃ tadā kṛcchro madhumehaḥ pravartate bastiṃ+tadā
im ś → īṃ ś	anusvāra / nasal	1	0.0	tasmādacirotthitāṃ vidradhīṃ śastrasarpavidyudagnitulyāṃ snehavirecanairāśvevopakramet sarvaśo gulmavacceti vidradhīṃ+śastra
ḥ n → vaccaitā n	visarga	1	0.0	tāvaccaitā na lakṣyante yāvadvāstuparigrahaḥ etāḥ→tāvaccaitā +na
ś → tahimadahanasaṃsparśanairvā ś	anusvāra / nasal	1	0.0	tatrāgantavaś chedanabhedanakṣaṇanabhañjanapicchanotpeṣaṇaprahāravadhabandhanaveṣṭanavyadhanapīḍanādibhir vā bhallātakapuṣpaphalarasātmaguptāśūkakrimiśūkāhitapatralatāgulmasaṃsparśanair vā svedanaparisarpaṇāvamūtraṇairvā viṣiṇāṃ saviṣaprāṇidaṃṣṭrādantaviṣāṇanakhanipātair vā sāgaraviṣavātahimadahanasaṃsparśanairvā śothāḥ samupajāyante vā→sāgaraviṣavātahimadahanasaṃsparśanairvā +śothāḥ
k → sakāsātisāraśoṣapāṇḍurogodarajvarapradarabhagandarārśovikārātikarśanairvā k	consonant / other	1	0.0	nijāḥ punaḥ snehasvedavamanavirecanāsthāpanānuvāsanaśirovirecanānām ayathāvatprayogānmithyāsaṃsarjanād vā chardyalasakavisūcikāśvāsakāsātisāraśoṣapāṇḍurogodarajvarapradarabhagandarārśovikārātikarśanairvā kuṣṭhakaṇḍūpiḍakādibhirvā chardikṣavathūdgāraśukravātamūtrapurīṣavegadhāraṇairvā karmarogopavāsādhvakarśitasya vā sahasātigurvamlalavaṇapiṣṭānnaphalaśākarāgadadhiharitakamadyamandakavirūḍhanavaśūkaśamīdhānyānūpaudakapiśitopayogān mṛtpaṅkaloṣṭabhakṣaṇāllavaṇātibhakṣaṇād garbhasampīḍanād āmagarbhaprapatanāt prajātānāṃ ca mithyopacārād udīrṇadoṣatvācca śophāḥ prādurbhavanti ityuktaḥ sāmānyo hetuḥ vā→chardyalasakavisūcikāśvāsakāsātisāraśoṣapāṇḍurogodarajvarapradarabhagandarārśovikārātikarśanairvā +kuṣṭha
k → tamūtrapurīṣavegadhāraṇairvā k	consonant / other	1	0.0	nijāḥ punaḥ snehasvedavamanavirecanāsthāpanānuvāsanaśirovirecanānām ayathāvatprayogānmithyāsaṃsarjanād vā chardyalasakavisūcikāśvāsakāsātisāraśoṣapāṇḍurogodarajvarapradarabhagandarārśovikārātikarśanairvā kuṣṭhakaṇḍūpiḍakādibhirvā chardikṣavathūdgāraśukravātamūtrapurīṣavegadhāraṇairvā karmarogopavāsādhvakarśitasya vā sahasātigurvamlalavaṇapiṣṭānnaphalaśākarāgadadhiharitakamadyamandakavirūḍhanavaśūkaśamīdhānyānūpaudakapiśitopayogān mṛtpaṅkaloṣṭabhakṣaṇāllavaṇātibhakṣaṇād garbhasampīḍanād āmagarbhaprapatanāt prajātānāṃ ca mithyopacārād udīrṇadoṣatvācca śophāḥ prādurbhavanti ityuktaḥ sāmānyo hetuḥ vā→chardikṣavathūdgāraśukravātamūtrapurīṣavegadhāraṇairvā +karma
g → ibhakṣaṇād g	consonant / other	1	0.0	nijāḥ punaḥ snehasvedavamanavirecanāsthāpanānuvāsanaśirovirecanānām ayathāvatprayogānmithyāsaṃsarjanād vā chardyalasakavisūcikāśvāsakāsātisāraśoṣapāṇḍurogodarajvarapradarabhagandarārśovikārātikarśanairvā kuṣṭhakaṇḍūpiḍakādibhirvā chardikṣavathūdgāraśukravātamūtrapurīṣavegadhāraṇairvā karmarogopavāsādhvakarśitasya vā sahasātigurvamlalavaṇapiṣṭānnaphalaśākarāgadadhiharitakamadyamandakavirūḍhanavaśūkaśamīdhānyānūpaudakapiśitopayogān mṛtpaṅkaloṣṭabhakṣaṇāllavaṇātibhakṣaṇād garbhasampīḍanād āmagarbhaprapatanāt prajātānāṃ ca mithyopacārād udīrṇadoṣatvācca śophāḥ prādurbhavanti ityuktaḥ sāmānyo hetuḥ bhakṣaṇāt→mṛtpaṅkaloṣṭabhakṣaṇāllavaṇātibhakṣaṇād +garbha
ṃnipātikaḥ e → nnipātika e	visarga	1	0.0	yathāsvakāraṇākṛtisaṃsargāddvidoṣajāstrayaḥ śothā bhavanti yathāsvakāraṇākṛtisannipātāt sānnipātika ekaḥ evaṃ saptavidho bhedaḥ sānnipātika+ekaḥ
ḥ bh → stābhir bh	visarga	1	0.0	prakṛtibhistābhistābhir bhidyamāno dvividhastrividhaścaturvidhā saptavidho 'ṣṭavidhaśca śotha upalabhyate punaścaika evotsedhasāmānyāt tābhiḥ→prakṛtibhistābhistābhir +bhidyamāno
r → pantīva r	consonant / other	1	0.0	śūyante yasya gātrāṇi svapantīva rujanti ca iva→svapantīva +rujanti
ḥ bh → go bh	visarga	1	0.0	yastu pādābhinirvṛttaḥ śothaḥ sarvāṅgago bhavet gaḥ→sarvāṅgago +bhavet
aḥ atīsāraḥ → o 'tīsāra	visarga	1	0.0	chardiḥ śvāso 'rucistṛṣṇā jvaro 'tīsāra eva ca jvaro+'tīsāra
atīsāraḥ e → 'tīsāra e	visarga	1	0.0	chardiḥ śvāso 'rucistṛṣṇā jvaro 'tīsāra eva ca 'tīsāra+eva
v → ivāpyasādhyāśca v	consonant / other	1	0.0	sādhyāścaivāpyasādhyāśca vyādhayo dvividhāḥ smṛtāḥ ca→sādhyāścaivāpyasādhyāśca +vyādhayo
naḥ a → ato '	visarga	1	0.0	na hi sarvavikārāṇāṃ nāmato 'sti dhruvā sthitiḥ nāmato+'sti
e ū → a ū	vowel coalescence	1	0.0	iha khalvaṣṭāvudarāṇi aṣṭau mūtrāghātaḥ aṣṭau kṣīradoṣāḥ aṣṭau retodoṣāḥ sapta kuṣṭhāni sapta piḍakāḥ sapta visarpāḥ ṣaḍatīsārāḥ ṣaḍudāvartāḥ pañca gulmāḥ pañca plīhadoṣāḥ pañca kāsāḥ pañca śvāsāḥ pañca hikkāḥ pañca tṛṣṇāḥ pañca chardayaḥ pañca bhaktasyānaśanasthānāni pañca śirorogāḥ pañca hṛdrogāḥ pañca pāṇḍurogāḥ pañconmādāḥ catvāro 'pasmārāḥ catvāro 'kṣirogāḥ catvāraḥ karṇarogāḥ catvāraḥ pratiśyāyāḥ catvāro mukharogāḥ catvāro grahaṇīdoṣāḥ catvāro madāḥ catvāro mūrcchāyāḥ catvāraḥ śoṣāḥ catvāri klaibyāni trayaḥ śophāḥ trīṇi kilāsāni trividhaṃ lohitapittaṃ dvau jvarau dvau vraṇau dvāvāyāmau dve gṛdhrasyau dve kāmale dvividham āmaṃ dvividhaṃ vātaraktaṃ dvividhānyarśāṃsi eka ūrustambhaḥ ekaḥ saṃnyāsaḥ eko mahāgadaḥ viṃśatiḥ krimijātayaḥ viṃśatiḥ pramehāḥ viṃśatiryonivyāpadaḥ ityaṣṭacatvāriṃśadrogādhikaraṇānyasmin saṃgrahe samuddiṣṭāni eka+ūrustambhaḥ
_ i → viṃśatiryonivyāpadaḥ i	anusvāra / nasal	1	0.0	iha khalvaṣṭāvudarāṇi aṣṭau mūtrāghātaḥ aṣṭau kṣīradoṣāḥ aṣṭau retodoṣāḥ sapta kuṣṭhāni sapta piḍakāḥ sapta visarpāḥ ṣaḍatīsārāḥ ṣaḍudāvartāḥ pañca gulmāḥ pañca plīhadoṣāḥ pañca kāsāḥ pañca śvāsāḥ pañca hikkāḥ pañca tṛṣṇāḥ pañca chardayaḥ pañca bhaktasyānaśanasthānāni pañca śirorogāḥ pañca hṛdrogāḥ pañca pāṇḍurogāḥ pañconmādāḥ catvāro 'pasmārāḥ catvāro 'kṣirogāḥ catvāraḥ karṇarogāḥ catvāraḥ pratiśyāyāḥ catvāro mukharogāḥ catvāro grahaṇīdoṣāḥ catvāro madāḥ catvāro mūrcchāyāḥ catvāraḥ śoṣāḥ catvāri klaibyāni trayaḥ śophāḥ trīṇi kilāsāni trividhaṃ lohitapittaṃ dvau jvarau dvau vraṇau dvāvāyāmau dve gṛdhrasyau dve kāmale dvividham āmaṃ dvividhaṃ vātaraktaṃ dvividhānyarśāṃsi eka ūrustambhaḥ ekaḥ saṃnyāsaḥ eko mahāgadaḥ viṃśatiḥ krimijātayaḥ viṃśatiḥ pramehāḥ viṃśatiryonivyāpadaḥ ityaṣṭacatvāriṃśadrogādhikaraṇānyasmin saṃgrahe samuddiṣṭāni _→viṃśatiryonivyāpadaḥ +iti
a u → āv u	vowel coalescence	1	0.0	aṣṭāvudarāṇīti vātapittakaphasannipātaplīhabaddhacchidradakodarāṇi aṣṭau mūtrāghātā iti vātapittakaphasannipātāśmarīśarkarāśukraśoṇitajāḥ aṣṭau kṣīradoṣā iti vaivarṇyaṃ vaigandhyaṃ vairasyaṃ paicchilyaṃ phenasaṅghāto raukṣyaṃ gauravamatisnehaśca aṣṭau retodoṣā iti tanu śuṣkaṃ phenilam aśvetaṃ pūtyatipicchalamanyadhātūpahitamavasādi ca aṣṭa+udarāṇi→aṣṭāvudarāṇīti
apasmārāḥ i → 'pasmārā i	visarga	1	0.0	catvāro 'pasmārā iti vātapittakaphasannipātanimittāḥ catvāro 'kṣirogāścatvāraḥ karṇarogāścatvāraḥ pratiśyāyāścatvāro mukharogāścatvāro grahaṇīdoṣāścatvāro madāścatvāro mūrcchāyā ityapasmārairvyākhyātāḥ catvāraḥ śoṣā iti sāhasasaṃdhāraṇakṣayaviṣamāśanajāḥ catvāri klaibyānīti bījopaghātāddhvajabhaṅgājjarāyāḥ śukrakṣayācca 'pasmārā+iti
hāyāḥ i → chāyā i	visarga	1	0.0	catvāro 'pasmārā iti vātapittakaphasannipātanimittāḥ catvāro 'kṣirogāścatvāraḥ karṇarogāścatvāraḥ pratiśyāyāścatvāro mukharogāścatvāro grahaṇīdoṣāścatvāro madāścatvāro mūrcchāyā ityapasmārairvyākhyātāḥ catvāraḥ śoṣā iti sāhasasaṃdhāraṇakṣayaviṣamāśanajāḥ catvāri klaibyānīti bījopaghātāddhvajabhaṅgājjarāyāḥ śukrakṣayācca mūrcchāyā+iti
_ i → viṃśatiryonivyāpada i	anusvāra / nasal	1	0.0	viṃśatiḥ kṛmijātaya iti yūkā pipīlikāśceti dvividhā bahirmalajāḥ keśādā lomādā lomadvīpāḥ saurasā audumbarā jantumātaraśceti ṣaṭ śoṇitajāḥ antrādā udarāveṣṭā hṛdayādāścuravo darbhapuṣpāḥ saugandhikā mahāgudāśceti sapta kaphajāḥ kakerukā makerukā lelihāḥ saśūlakāḥ sausurādāśceti pañca purīṣajāḥ viṃśatiḥ pramehā ityudakamehaś cekṣubālikārasamehaśca sāndramehaśca sāndraprasādamehaśca śuklamehaśca śukramehaśca śītamehaśca śanairmehaśca sikatāmehaśca lālāmehaśceti daśa śleṣmanimittāḥ kṣāramehaśca kālamehaśca nīlamehaśca lohitamehaśca mañjiṣṭhāmehaśca haridrāmehaśca hastimehaśca madhumehaśceti catvāro vātanimittāḥ iti viṃśatiḥ pramehāḥ viṃśatiryonivyāpada iti vātikī paittikī ślaiṣmikī sānnipātikī ceti catasro doṣajāḥ doṣadūṣyasaṃsargaprakṛtinirdeśairavaśiṣṭāḥ ṣoḍaśa nirdiśyante tadyathā raktayoniścārajaskā cācaraṇā cāticaraṇā ca prākcaraṇā copaplutā ca pariplutā codāvartinī ca karṇinī ca putraghnī cāntarmukhī ca sūcīmukhī ca śuṣkā ca vāminī ca ṣaṇḍhayoniśca mahāyoniśceti viṃśatiryonivyāpado bhavanti _→viṃśatiryonivyāpada +iti
_ bh → viṃśatiryonivyāpado bh	anusvāra / nasal	1	0.0	viṃśatiḥ kṛmijātaya iti yūkā pipīlikāśceti dvividhā bahirmalajāḥ keśādā lomādā lomadvīpāḥ saurasā audumbarā jantumātaraśceti ṣaṭ śoṇitajāḥ antrādā udarāveṣṭā hṛdayādāścuravo darbhapuṣpāḥ saugandhikā mahāgudāśceti sapta kaphajāḥ kakerukā makerukā lelihāḥ saśūlakāḥ sausurādāśceti pañca purīṣajāḥ viṃśatiḥ pramehā ityudakamehaś cekṣubālikārasamehaśca sāndramehaśca sāndraprasādamehaśca śuklamehaśca śukramehaśca śītamehaśca śanairmehaśca sikatāmehaśca lālāmehaśceti daśa śleṣmanimittāḥ kṣāramehaśca kālamehaśca nīlamehaśca lohitamehaśca mañjiṣṭhāmehaśca haridrāmehaśca hastimehaśca madhumehaśceti catvāro vātanimittāḥ iti viṃśatiḥ pramehāḥ viṃśatiryonivyāpada iti vātikī paittikī ślaiṣmikī sānnipātikī ceti catasro doṣajāḥ doṣadūṣyasaṃsargaprakṛtinirdeśairavaśiṣṭāḥ ṣoḍaśa nirdiśyante tadyathā raktayoniścārajaskā cācaraṇā cāticaraṇā ca prākcaraṇā copaplutā ca pariplutā codāvartinī ca karṇinī ca putraghnī cāntarmukhī ca sūcīmukhī ca śuṣkā ca vāminī ca ṣaṇḍhayoniśca mahāyoniśceti viṃśatiryonivyāpado bhavanti _→viṃśatiryonivyāpado +bhavanti
d → tuṣkāśca d	consonant / other	1	0.0	dvikāścāṣṭau catuṣkāśca daśa dvādaśa pañcakāḥ ca→catuṣkāśca +daśa
e abhipravṛddhāḥ → e 'bhipravṛddhāś	visarga	1	0.0	sarve'pi tu khalvete 'bhipravṛddhāś catvāro rogāḥ parasparamanubadhnanti na cānyonyena saha saṃdehamāpadyante ete+'bhipravṛddhāś
abhipravṛddhāḥ c → 'bhipravṛddhāś c	visarga	1	0.0	sarve'pi tu khalvete 'bhipravṛddhāś catvāro rogāḥ parasparamanubadhnanti na cānyonyena saha saṃdehamāpadyante 'bhipravṛddhāś+catvāro
ś bh → ḍ bh	consonant / other	1	0.0	tadyathā nakhabhedaśca vipādikā ca pādaśūlaṃ ca pādabhraṃśaśca pādasuptatā ca vātakhuḍḍatā ca gulphagrahaśca piṇḍikodveṣṭanaṃ ca gṛdhrasī ca jānubhedaśca jānuviśleṣaśca ūrustambhaśca ūrusādaśca pāṅgulyaṃ ca gudabhraṃśaśca gudārtiśca vṛṣaṇākṣepaśca śephastambhaśca vaṅkṣaṇānāhaśca śroṇibhedaśca viḍbhedaśca udāvartaśca khañjatvaṃ ca kubjatvaṃ ca vāmanatvaṃ ca trikagrahaśca pṛṣṭhagrahaśca pārśvāvamardaśca udarāveṣṭaśca hṛnmohaśca hṛddravaśca vakṣauddharṣaśca vakṣauparodhaśca vakṣastodaśca bāhuśoṣaśca grīvāstambhaśca manyāstambhaśca kaṇṭhoddhvaṃsaśca hanubhedaśca oṣṭhabhedaśca akṣibhedaśca dantabhedaśca dantaśaithilyaṃ ca mūkatvaṃ ca vāksaṅgaśca kaṣāyāsyatā ca mukhaśoṣaś ca arasajñatā ca ghrāṇanāśaśca karṇaśūlaṃ ca aśabdaśravaṇaṃ ca uccaiḥśrutiśca bādhiryaṃ ca vartmastambhaśca vartmasaṃkocaśca timiraṃ ca akṣiśūlaṃ ca akṣivyudāsaśca bhrūvyudāsaśca śaṅkhabhedaśca lalāṭabhedaśca śirorukca keśabhūmisphuṭanaṃ ca arditaṃ ca ekāṅgarogaśca sarvāṅgarogaśca pakṣavadhaśca ākṣepakaśca daṇḍakaś ca tamaśca bhramaśca vepathuśca jṛmbhā ca hikkā ca viṣādaśca atipralāpaśca raukṣyaṃ ca pāruṣyaṃ ca śyāvāruṇāvabhāsatā ca asvapnaśca anavasthitacittatvaṃ ca ityaśītirvātavikārā vātavikārāṇāmaparisaṃkhyeyānām āviṣkṛtatamā vyākhyātāḥ viś+bhedaḥ→viḍbhedaśca
b → iḥśrutiśca b	consonant / other	1	0.0	tadyathā nakhabhedaśca vipādikā ca pādaśūlaṃ ca pādabhraṃśaśca pādasuptatā ca vātakhuḍḍatā ca gulphagrahaśca piṇḍikodveṣṭanaṃ ca gṛdhrasī ca jānubhedaśca jānuviśleṣaśca ūrustambhaśca ūrusādaśca pāṅgulyaṃ ca gudabhraṃśaśca gudārtiśca vṛṣaṇākṣepaśca śephastambhaśca vaṅkṣaṇānāhaśca śroṇibhedaśca viḍbhedaśca udāvartaśca khañjatvaṃ ca kubjatvaṃ ca vāmanatvaṃ ca trikagrahaśca pṛṣṭhagrahaśca pārśvāvamardaśca udarāveṣṭaśca hṛnmohaśca hṛddravaśca vakṣauddharṣaśca vakṣauparodhaśca vakṣastodaśca bāhuśoṣaśca grīvāstambhaśca manyāstambhaśca kaṇṭhoddhvaṃsaśca hanubhedaśca oṣṭhabhedaśca akṣibhedaśca dantabhedaśca dantaśaithilyaṃ ca mūkatvaṃ ca vāksaṅgaśca kaṣāyāsyatā ca mukhaśoṣaś ca arasajñatā ca ghrāṇanāśaśca karṇaśūlaṃ ca aśabdaśravaṇaṃ ca uccaiḥśrutiśca bādhiryaṃ ca vartmastambhaśca vartmasaṃkocaśca timiraṃ ca akṣiśūlaṃ ca akṣivyudāsaśca bhrūvyudāsaśca śaṅkhabhedaśca lalāṭabhedaśca śirorukca keśabhūmisphuṭanaṃ ca arditaṃ ca ekāṅgarogaśca sarvāṅgarogaśca pakṣavadhaśca ākṣepakaśca daṇḍakaś ca tamaśca bhramaśca vepathuśca jṛmbhā ca hikkā ca viṣādaśca atipralāpaśca raukṣyaṃ ca pāruṣyaṃ ca śyāvāruṇāvabhāsatā ca asvapnaśca anavasthitacittatvaṃ ca ityaśītirvātavikārā vātavikārāṇāmaparisaṃkhyeyānām āviṣkṛtatamā vyākhyātāḥ ca→uccaiḥśrutiśca +bādhiryaṃ
t → śca t	consonant / other	1	0.0	tadyathā nakhabhedaśca vipādikā ca pādaśūlaṃ ca pādabhraṃśaśca pādasuptatā ca vātakhuḍḍatā ca gulphagrahaśca piṇḍikodveṣṭanaṃ ca gṛdhrasī ca jānubhedaśca jānuviśleṣaśca ūrustambhaśca ūrusādaśca pāṅgulyaṃ ca gudabhraṃśaśca gudārtiśca vṛṣaṇākṣepaśca śephastambhaśca vaṅkṣaṇānāhaśca śroṇibhedaśca viḍbhedaśca udāvartaśca khañjatvaṃ ca kubjatvaṃ ca vāmanatvaṃ ca trikagrahaśca pṛṣṭhagrahaśca pārśvāvamardaśca udarāveṣṭaśca hṛnmohaśca hṛddravaśca vakṣauddharṣaśca vakṣauparodhaśca vakṣastodaśca bāhuśoṣaśca grīvāstambhaśca manyāstambhaśca kaṇṭhoddhvaṃsaśca hanubhedaśca oṣṭhabhedaśca akṣibhedaśca dantabhedaśca dantaśaithilyaṃ ca mūkatvaṃ ca vāksaṅgaśca kaṣāyāsyatā ca mukhaśoṣaś ca arasajñatā ca ghrāṇanāśaśca karṇaśūlaṃ ca aśabdaśravaṇaṃ ca uccaiḥśrutiśca bādhiryaṃ ca vartmastambhaśca vartmasaṃkocaśca timiraṃ ca akṣiśūlaṃ ca akṣivyudāsaśca bhrūvyudāsaśca śaṅkhabhedaśca lalāṭabhedaśca śirorukca keśabhūmisphuṭanaṃ ca arditaṃ ca ekāṅgarogaśca sarvāṅgarogaśca pakṣavadhaśca ākṣepakaśca daṇḍakaś ca tamaśca bhramaśca vepathuśca jṛmbhā ca hikkā ca viṣādaśca atipralāpaśca raukṣyaṃ ca pāruṣyaṃ ca śyāvāruṇāvabhāsatā ca asvapnaśca anavasthitacittatvaṃ ca ityaśītirvātavikārā vātavikārāṇāmaparisaṃkhyeyānām āviṣkṛtatamā vyākhyātāḥ ca→vartmasaṃkocaśca +timiraṃ
c → syatā c	consonant / other	1	0.0	pittavikārāṃścatvāriṃśatam ata ūrdhvamanuvyākhyāsyāmaḥ oṣaśca ploṣaśca dāhaśca davathuśca dhūmakaśca amlakaśca vidāhaśca antardāhaśca aṃsadāhaśca ūṣmādhikyaṃ ca atisvedaśca aṅgasvedaśca aṅgagandhaśca aṅgāvadaraṇaṃ ca śoṇitakledaśca māṃsakledaśca tvagdāhaśca māṃsadāhaśca tvagavadaraṇaṃ ca carmadalanaṃ ca raktakoṭhaśca raktavisphoṭaśca raktapittaṃ ca raktamaṇḍalāni ca haritatvaṃ ca hāridratvaṃ ca nīlikā ca kakṣā ca kāmalā ca tiktāsyatā ca lohitagandhāsyatā ca pūtimukhatā ca tṛṣṇādhikyaṃ ca atṛptiśca āsyavipākaśca galapākaśca akṣipākaśca gudapākaśca meḍhrapākaśca jīvādānaṃ ca tamaḥpraveśaśca haritahāridranetramūtravarcastvaṃ ca iti catvāriṃśatpittavikārāḥ pittavikārāṇām aparisaṃkhyeyānāmāviṣkṛtatamā vyākhyātāḥ tā→tiktāsyatā +ca
ś → tte'pi ś	consonant / other	1	0.0	taṃ madhuratiktakaṣāyaśītair upakramair upakrameta snehavirekapradehapariṣekābhyaṅgādibhiḥ pittaharair mātrāṃ kālaṃ ca pramāṇīkṛtya virecanaṃ tu sarvopakramebhyaḥ pitte pradhānatamaṃ manyante bhiṣajaḥ taddhyādita evāmāśayamanupraviśya kevalaṃ vaikārikaṃ pittamūlamapakarṣati tatrāvajite pitte'pi śarīrāntargatāḥ pittavikārāḥ praśāntim āpadyante yathāgnau vyapoḍhe kevalamagnigṛhaṃ śītībhavati tadvat api→pitte'pi +śarīra
g → yaśca g	consonant / other	1	0.0	śleṣmavikārāṃśca viṃśatimata ūrdhvaṃ vyākhyāsyāmaḥ tadyathātṛptiśca tandrā ca nidrādhikyaṃ ca staimityaṃ ca gurugātratā ca ālasyaṃ ca mukhamādhuryaṃ ca mukhasrāvaśca śleṣmodgiraṇaṃ ca malasyādhikyaṃ ca balāsakaśca apaktiśca hṛdayopalepaśca kaṇṭhopalepaśca dhamanīpraticayaśca galagaṇḍaśca atisthaulyaṃ ca śītāgnitā ca udardaśca śvetāvabhāsatā ca śvetamūtranetravarcastvaṃ ca iti viṃśatiḥ śleṣmavikārāḥ śleṣmavikārāṇām aparisaṃkhyeyānāmāviṣkṛtatamā vyākhyātā bhavanti ca→dhamanīpraticayaśca +galagaṇḍaḥ
bh → yogāśceti bh	consonant / other	1	0.0	atisthūlasya tāvadāyuṣo hrāso javoparodhaḥ kṛcchravyavāyatā daurbalyaṃ daurgandhyaṃ svedābādhaḥ kṣudatimātraṃ pipāsātiyogāśceti bhavantyaṣṭau doṣāḥ iti→pipāsātiyogāśceti +bhavanti
ḥ b → b	visarga	1	0.0	tasya hyatimātramedasvino meda evopacīyate na tathetare dhātavaḥ tasmādasyāyuṣo hrāsaḥ śaithilyāt saukumāryādgurutvācca medaso javoparodhaḥ śukrābahutvānmedasāvṛtamārgatvācca kṛcchravyavāyatā daurbalyam asamatvād dhātūnāṃ daurgandhyaṃ medodoṣānmedasaḥ svabhāvāt svedanatvācca medasaḥ śleṣmasaṃsargād viṣyanditvād bahutvād gurutvād vyāyāmāsahatvācca svedābādhaḥ tīkṣṇāgnitvāt prabhūtakoṣṭhavāyutvācca kṣudatimātraṃ pipāsātiyogaśceti śukrāḥ+bahutvāt→śukrābahutvānmedasāvṛtamārgatvācca
i j → ī j	consonant / other	1	0.0	śuṣkasphigudaragrīvo dhamanījālasaṃtataḥ dhamani+jāla→dhamanījālasaṃtataḥ
aḥ anuguṇāḥ → o 'nuguṇā	visarga	1	0.0	manaso 'nuguṇā gandhāḥ śabdāḥ saṃvāhanāni ca manaso+'nuguṇā
anuguṇāḥ g → 'nuguṇā g	visarga	1	0.0	manaso 'nuguṇā gandhāḥ śabdāḥ saṃvāhanāni ca 'nuguṇā+gandhāḥ
as l → hāto l	consonant / other	1	0.0	athāto laṅghanabṛṃhaṇīyamadhyāyaṃ vyākhyāsyāmaḥ atas→athāto +laṅghanabṛṃhaṇīyam
ṭ a → ḍ a	consonant / other	1	0.0	ṣaḍagniveśapramukhānuktavān paricodayan ṣaṭ+agniveśa→ṣaḍagniveśapramukhānuktavān
v → nānyupavāsaśca v	consonant / other	1	0.0	pācanānyupavāsaśca vyāyāmaśceti laṅghanam ca→pācanānyupavāsaśca +vyāyāmaḥ
ī p → i p	consonant / other	1	0.0	khalipiṇyākatakrāṇāṃ madhvādīnāṃ ca rūkṣaṇam khalī+piṇyāka→khalipiṇyākatakrāṇāṃ
i vastayaḥ → i bastayo	visarga	1	0.0	snānāni bastayo 'bhyaṅgāstarpaṇāśca ye snānāni+bastayo
vastayaḥ a → bastayo a	visarga	1	0.0	snānāni bastayo 'bhyaṅgāstarpaṇāśca ye bastayo+abhyaṅgāḥ
ṇām m → nāṃ m	anusvāra / nasal	1	0.0	jvarakāsaprasaktānāṃ kṛśānāṃ mūtrakṛcchriṇām kṛśānāṃ+mūtrakṛcchriṇām
iḥ r → ī r	visarga	1	0.0	vidradhī raktamehaśca pradaro vātaśoṇitam vidradhī+raktamehaḥ
mmohaḥ l → ṃmoho l	visarga	1	0.0	krodhapracuratā buddheḥ saṃmoho lavaṇāsyatā saṃmoho+lavaṇa
ū a → v a	vowel coalescence	1	0.0	kaṇḍvaruḥkoṭhapiḍakākuṣṭhacarmadalādayaḥ kaṇḍū+arus→kaṇḍvaruḥkoṭhapiḍakākuṣṭhacarmadalādayaḥ
ām k → īṃ k	anusvāra / nasal	1	0.0	kuryācchoṇitarogeṣu raktapittaharīṃ kriyām harām→raktapittaharīṃ +kriyām
ṣu p → bhiḥ p	consonant / other	1	0.0	gurubhiḥ prāvṛtairaṅgairyathaivārdreṇa carmaṇā gurubhiḥ+prāvṛtaiḥ
s ph → ḥ ph	consonant / other	1	0.0	prāṇairviyujyate śīghraṃ muktvā sadyaḥphalāḥ kriyāḥ sadyas+phalāḥ→sadyaḥphalāḥ
apaḥ h → āpo h	visarga	1	0.0	āpo hi rasavatyastāḥ smṛtā nirvṛttihetavaḥ āpo+hi
p → jastu p	consonant / other	1	0.0	ṣaḍdhātujastu puruṣo rogāḥ ṣaḍdhātujāstathā tu→ṣaḍdhātujastu +puruṣo
ḥ _ → r gor	visarga	1	0.0	puruṣaḥ puruṣād gaur gor aśvādaśvaḥ prajāyate gaur+gor
_ a → gor a	consonant / other	1	0.0	puruṣaḥ puruṣād gaur gor aśvādaśvaḥ prajāyate gor+aśvāt
p → uvācedaṃ p	anusvāra / nasal	1	0.0	tatharṣīṇāṃ vivadatāmuvācedaṃ punarvasuḥ idam→vivadatāmuvācedaṃ +punarvasuḥ
m v → ivaṃ v	anusvāra / nasal	1	0.0	muktvaivaṃ vādasaṃghaṭṭam adhyātmam anucintyatām evam→muktvaivaṃ +vāda
iḥ g → Ø g	visarga	1	0.0	tamuvāca bhagavānātreyaḥ yeṣāṃ hi viditamāhāratattvamagniveśa guṇato dravyataḥ karmataḥ sarvāvayavaśaśca mātrādayo bhāvāḥ ta etadevamupadiṣṭaṃ vijñātumutsahante agniveśaiḥ→viditamāhāratattvamagniveśa +guṇato
ṣ → aḥ ṣ	consonant / other	1	0.0	tadyathā āhāratvam āhārasyaikavidham arthābhedāt sa punardviyoniḥ sthāvarajaṅgamātmakatvāt dvividhaprabhāvaḥ hitāhitodarkaviśeṣāt caturvidhopayogaḥ pānāśanabhakṣyalehyopayogāt ṣaḍāsvādaḥ rasabhedataḥ ṣaḍvidhatvāt viṃśatiguṇaḥ gurulaghuśītoṣṇasnigdharūkṣamandatīkṣṇasthirasaramṛdukaṭhinaviśadapicchilaślakṣṇakharasūkṣmasthūlasāndradravānugamāt aparisaṃkhyeyavikalpaḥ dravyasaṃyogakaraṇabāhulyāt bhedāt→rasabhedataḥ +ṣaḍvidha
ī ś → ā ś	consonant / other	1	0.0	tadyathā annaṃ vṛttikarāṇāṃ śreṣṭham udakamāśvāsakarāṇāṃ surā śramaharāṇāṃ kṣīraṃ jīvanīyānāṃ māṃsaṃ bṛṃhaṇīyānāṃ rasastarpaṇīyānāṃ lavaṇam annadravyarucikarāṇām amlaṃ hṛdyānāṃ kukkuṭo balyānāṃ nakrareto vṛṣyāṇāṃ madhu śleṣmapittapraśamanānāṃ sarpirvātapittapraśamanānāṃ tailaṃ vātaśleṣmapraśamanānāṃ vamanaṃ śleṣmaharāṇāṃ virecanaṃ pittaharāṇāṃ bastirvātaharāṇāṃ svedo mārdavakarāṇāṃ vyāyāmaḥ sthairyakarāṇāṃ kṣāraḥ puṃstvopaghātināṃ tindukam anannadravyarucikarāṇām āmaṃ kapittham utkaṇṭhyānām āvikaṃ sarpirahṛdyānām ajākṣīraṃ śoṣaghnastanyasātmyaraktasāṃgrāhikaraktapittapraśamanānām avikṣīraṃ śleṣmapittajananānāṃ mahiṣīkṣīraṃ svapnajananānāṃ mandakaṃ dadhyabhiṣyandakarāṇāṃ gavedhukānnaṃ karśanīyānām uddālakānnaṃ virūkṣaṇīyānām ikṣurmūtrajananānāṃ yavāḥ purīṣajananānāṃ jāmbavaṃ vātajananānāṃ śaṣkulyaḥ śleṣmapittajananānāṃ kulatthā amlapittajananānāṃ māṣāḥ śleṣmapittajananānāṃ madanaphalaṃ vamanāsthāpanānuvāsanopayogināṃ trivṛt sukhavirecanānāṃ caturaṅgulo mṛduvirecanānāṃ snukpayas tīkṣṇavirecanānāṃ pratyakpuṣpā śirovirecanānāṃ viḍaṅgaṃ krimighnānāṃ śirīṣo viṣaghnānāṃ khadiraḥ kuṣṭhaghnānāṃ rāsnā vātaharāṇām āmalakaṃ vayaḥsthāpanānāṃ harītakī pathyānām eraṇḍamūlaṃ vṛṣyavātaharāṇāṃ pippalīmūlaṃ dīpanīyapācanīyagudaśothārśaḥśūlaharāṇāṃ puṣkaramūlaṃ hikkāśvāsakāsapārśvaśūlaharāṇāṃ mustaṃ sāṃgrāhikadīpanīyapācanīyānām udīcyaṃ nirvāpaṇadīpanīyapācanīyacchardyatīsāraharāṇāṃ kaṭvaṅgaṃ sāṃgrāhikaraktapittapraśamanānām amṛtā sāṃgrāhikavātaharadīpanīyaśleṣmaśoṇitavibandhapraśamanānāṃ ativiṣā dīpanīyapācanīyasāṃgrāhikasarvadoṣaharāṇām utpalakumudapadmakiñjalkaḥ sāṃgrāhikaraktapittapraśamanānāṃ durālabhā pittaśleṣmapraśamanānāṃ gandhapriyaṅguḥ śoṇitapittātiyogapraśamanānāṃ kuṭajatvak śleṣmapittaraktasāṃgrāhikopaśoṣaṇānāṃ kāśmaryaphalaṃ raktasāṃgrāhikaraktapittapraśamanānāṃ pṛśniparṇī sāṃgrāhikavātaharadīpanīyavṛṣyāṇāṃ vidārigandhā vṛṣyasarvadoṣaharāṇāṃ balā sāṃgrāhikabalyavātaharāṇāṃ gokṣurako mūtrakṛcchrānilaharāṇāṃ hiṅguniryāsaś chedanīyadīpanīyānulomikavātakaphapraśamanānām amlavetaso bhedanīyadīpanīyānulomikavātaśleṣmaharāṇāṃ yāvaśūkaḥ sraṃsanīyapācanīyārśoghnānāṃ takrābhyāso grahaṇīdoṣaśophārśoghṛtavyāpatpraśamanānāṃ kravyānmāṃsarasābhyāso grahaṇīdoṣaśoṣārśoghnānāṃ kṣīraghṛtābhyāso rasāyanānāṃ samaghṛtasaktuprāśābhyāso vṛṣyodāvartaharānāṃ tailagaṇḍūṣābhyāso dantabalarucikarāṇāṃ candanaṃ durgandhaharadāhanirvāpaṇalepanānāṃ rāsnāguruṇī śītāpanayanapralepanānāṃ lāmajjakośīraṃ dāhatvagdoṣasvedāpanayanapralepanānāṃ kuṣṭhaṃ vātaharābhyaṅgopanāhopayogināṃ madhukaṃ cakṣuṣyavṛṣyakeśyakaṇṭhyavarṇyavirajanīyaropaṇīyānāṃ vāyuḥ prāṇasaṃjñāpradānahetūnām agnir āmastambhaśītaśūlodvepanapraśamanānāṃ jalaṃ stambhanīyānāṃ mṛdbhṛṣṭaloṣṭranirvāpitam udakaṃ tṛṣṇāchardyatiyogapraśamanānām atimātrāśanamāmapradoṣahetūnāṃ yathāgnyabhyavahāro 'gnisaṃdhukṣaṇānāṃ yathāsātmyaṃ ceṣṭābhyavahārau sevyānāṃ kālabhojanamārogyakarāṇāṃ tṛptirāhāraguṇānāṃ vegasaṃdhāraṇam anārogyakarāṇāṃ madyaṃ saumanasyajananānām madyākṣepo dhīdhṛtismṛtiharāṇāṃ gurubhojanaṃ durvipākakarāṇām ekāśanabhojanaṃ sukhapariṇāmakarāṇāṃ strīṣvatiprasaṅgaḥ śoṣakarāṇāṃ śukraveganigrahaḥ ṣāṇḍhyakarāṇāṃ parāghātanam annāśraddhājananānām anaśanamāyuṣo hrāsakarāṇāṃ pramitāśanaṃ karśanīyānām ajīrṇādhyaśanaṃ grahaṇīdūṣaṇānāṃ viṣamāśanamagnivaiṣamyakarāṇāṃ viruddhavīryāśanaṃ ninditavyādhikarāṇāṃ praśamaḥ pathyānāṃ āyāsaḥ sarvāpathyānāṃ mithyāyogo vyādhikarāṇāṃ rajasvalābhigamanamalakṣmīmukhānāṃ brahmacaryamāyuṣyāṇāṃ paradārābhigamanamanāyuṣyāṇāṃ saṅkalpo vṛṣyāṇāṃ daurmanasyam avṛṣyāṇām ayathābalamārambhaḥ prāṇoparodhināṃ viṣādo rogavardhanānāṃ snānaṃ śramaharāṇāṃ harṣaḥ prīṇanānāṃ śokaḥ śoṣaṇānāṃ nivṛttiḥ puṣṭikarāṇāṃ puṣṭiḥ svapnakarāṇām atisvapnastandrākarāṇāṃ sarvarasābhyāso balakarāṇām ekarasābhyāso daurbalyakarāṇāṃ garbhaśalyamāhāryāṇām ajīrṇamuddhāryāṇāṃ bālo mṛdubheṣajīyānāṃ vṛddho yāpyānāṃ garbhinī tīkṣṇauṣadhavyavāyavyāyāmavarjanīyānāṃ saumanasyaṃ garbhadhāraṇānāṃ sannipāto duścikitsyānām āmo viṣamacikitsyānāṃ jvaro rogāṇāṃ kuṣṭhaṃ dīrgharogāṇāṃ rājayakṣmā rogasamūhānāṃ prameho 'nuṣaṅgiṇāṃ jalaukaso 'nuśastrāṇāṃ bastistantrāṇāṃ himavānauṣadhibhūmīnāṃ soma oṣadhīnāṃ marubhūmirārogyadeśānām anūpo 'hitadeśānām nirdeśakāritvamāturaguṇānāṃ bhiṣak cikitsāṅgānāṃ nāstiko varjyānāṃ laulyaṃ kleśakarāṇām anirdeśakāritvamariṣṭānāṃ anirvedo vārttalakṣaṇānāṃ vaidyasamūho niḥsaṃśayakarāṇāṃ yogo vaidyaguṇānāṃ vijñānamauṣadhīnāṃ śāstrasahitastarkaḥ sādhanānāṃ sampratipattiḥ kālajñānaprayojanānām avyavasāyaḥ kālātipattihetūnāṃ dṛṣṭakarmatā niḥsaṃśayakarāṇām asamarthatā bhayakarāṇāṃ tadvidyasaṃbhāṣā buddhivardhanānām ācāryaḥ śāstrādhigamahetūnām āyurvedo 'mṛtānāṃ sadvacanamanuṣṭheyānām asadgrahaṇaṃ sarvāhitānāṃ sarvasaṃnyāsaḥ sukhānāmiti pratyakpuṣpā+śirovirecanānāṃ
ṃkalpaḥ v → ṅkalpo v	visarga	1	0.0	tadyathā annaṃ vṛttikarāṇāṃ śreṣṭham udakamāśvāsakarāṇāṃ surā śramaharāṇāṃ kṣīraṃ jīvanīyānāṃ māṃsaṃ bṛṃhaṇīyānāṃ rasastarpaṇīyānāṃ lavaṇam annadravyarucikarāṇām amlaṃ hṛdyānāṃ kukkuṭo balyānāṃ nakrareto vṛṣyāṇāṃ madhu śleṣmapittapraśamanānāṃ sarpirvātapittapraśamanānāṃ tailaṃ vātaśleṣmapraśamanānāṃ vamanaṃ śleṣmaharāṇāṃ virecanaṃ pittaharāṇāṃ bastirvātaharāṇāṃ svedo mārdavakarāṇāṃ vyāyāmaḥ sthairyakarāṇāṃ kṣāraḥ puṃstvopaghātināṃ tindukam anannadravyarucikarāṇām āmaṃ kapittham utkaṇṭhyānām āvikaṃ sarpirahṛdyānām ajākṣīraṃ śoṣaghnastanyasātmyaraktasāṃgrāhikaraktapittapraśamanānām avikṣīraṃ śleṣmapittajananānāṃ mahiṣīkṣīraṃ svapnajananānāṃ mandakaṃ dadhyabhiṣyandakarāṇāṃ gavedhukānnaṃ karśanīyānām uddālakānnaṃ virūkṣaṇīyānām ikṣurmūtrajananānāṃ yavāḥ purīṣajananānāṃ jāmbavaṃ vātajananānāṃ śaṣkulyaḥ śleṣmapittajananānāṃ kulatthā amlapittajananānāṃ māṣāḥ śleṣmapittajananānāṃ madanaphalaṃ vamanāsthāpanānuvāsanopayogināṃ trivṛt sukhavirecanānāṃ caturaṅgulo mṛduvirecanānāṃ snukpayas tīkṣṇavirecanānāṃ pratyakpuṣpā śirovirecanānāṃ viḍaṅgaṃ krimighnānāṃ śirīṣo viṣaghnānāṃ khadiraḥ kuṣṭhaghnānāṃ rāsnā vātaharāṇām āmalakaṃ vayaḥsthāpanānāṃ harītakī pathyānām eraṇḍamūlaṃ vṛṣyavātaharāṇāṃ pippalīmūlaṃ dīpanīyapācanīyagudaśothārśaḥśūlaharāṇāṃ puṣkaramūlaṃ hikkāśvāsakāsapārśvaśūlaharāṇāṃ mustaṃ sāṃgrāhikadīpanīyapācanīyānām udīcyaṃ nirvāpaṇadīpanīyapācanīyacchardyatīsāraharāṇāṃ kaṭvaṅgaṃ sāṃgrāhikaraktapittapraśamanānām amṛtā sāṃgrāhikavātaharadīpanīyaśleṣmaśoṇitavibandhapraśamanānāṃ ativiṣā dīpanīyapācanīyasāṃgrāhikasarvadoṣaharāṇām utpalakumudapadmakiñjalkaḥ sāṃgrāhikaraktapittapraśamanānāṃ durālabhā pittaśleṣmapraśamanānāṃ gandhapriyaṅguḥ śoṇitapittātiyogapraśamanānāṃ kuṭajatvak śleṣmapittaraktasāṃgrāhikopaśoṣaṇānāṃ kāśmaryaphalaṃ raktasāṃgrāhikaraktapittapraśamanānāṃ pṛśniparṇī sāṃgrāhikavātaharadīpanīyavṛṣyāṇāṃ vidārigandhā vṛṣyasarvadoṣaharāṇāṃ balā sāṃgrāhikabalyavātaharāṇāṃ gokṣurako mūtrakṛcchrānilaharāṇāṃ hiṅguniryāsaś chedanīyadīpanīyānulomikavātakaphapraśamanānām amlavetaso bhedanīyadīpanīyānulomikavātaśleṣmaharāṇāṃ yāvaśūkaḥ sraṃsanīyapācanīyārśoghnānāṃ takrābhyāso grahaṇīdoṣaśophārśoghṛtavyāpatpraśamanānāṃ kravyānmāṃsarasābhyāso grahaṇīdoṣaśoṣārśoghnānāṃ kṣīraghṛtābhyāso rasāyanānāṃ samaghṛtasaktuprāśābhyāso vṛṣyodāvartaharānāṃ tailagaṇḍūṣābhyāso dantabalarucikarāṇāṃ candanaṃ durgandhaharadāhanirvāpaṇalepanānāṃ rāsnāguruṇī śītāpanayanapralepanānāṃ lāmajjakośīraṃ dāhatvagdoṣasvedāpanayanapralepanānāṃ kuṣṭhaṃ vātaharābhyaṅgopanāhopayogināṃ madhukaṃ cakṣuṣyavṛṣyakeśyakaṇṭhyavarṇyavirajanīyaropaṇīyānāṃ vāyuḥ prāṇasaṃjñāpradānahetūnām agnir āmastambhaśītaśūlodvepanapraśamanānāṃ jalaṃ stambhanīyānāṃ mṛdbhṛṣṭaloṣṭranirvāpitam udakaṃ tṛṣṇāchardyatiyogapraśamanānām atimātrāśanamāmapradoṣahetūnāṃ yathāgnyabhyavahāro 'gnisaṃdhukṣaṇānāṃ yathāsātmyaṃ ceṣṭābhyavahārau sevyānāṃ kālabhojanamārogyakarāṇāṃ tṛptirāhāraguṇānāṃ vegasaṃdhāraṇam anārogyakarāṇāṃ madyaṃ saumanasyajananānām madyākṣepo dhīdhṛtismṛtiharāṇāṃ gurubhojanaṃ durvipākakarāṇām ekāśanabhojanaṃ sukhapariṇāmakarāṇāṃ strīṣvatiprasaṅgaḥ śoṣakarāṇāṃ śukraveganigrahaḥ ṣāṇḍhyakarāṇāṃ parāghātanam annāśraddhājananānām anaśanamāyuṣo hrāsakarāṇāṃ pramitāśanaṃ karśanīyānām ajīrṇādhyaśanaṃ grahaṇīdūṣaṇānāṃ viṣamāśanamagnivaiṣamyakarāṇāṃ viruddhavīryāśanaṃ ninditavyādhikarāṇāṃ praśamaḥ pathyānāṃ āyāsaḥ sarvāpathyānāṃ mithyāyogo vyādhikarāṇāṃ rajasvalābhigamanamalakṣmīmukhānāṃ brahmacaryamāyuṣyāṇāṃ paradārābhigamanamanāyuṣyāṇāṃ saṅkalpo vṛṣyāṇāṃ daurmanasyam avṛṣyāṇām ayathābalamārambhaḥ prāṇoparodhināṃ viṣādo rogavardhanānāṃ snānaṃ śramaharāṇāṃ harṣaḥ prīṇanānāṃ śokaḥ śoṣaṇānāṃ nivṛttiḥ puṣṭikarāṇāṃ puṣṭiḥ svapnakarāṇām atisvapnastandrākarāṇāṃ sarvarasābhyāso balakarāṇām ekarasābhyāso daurbalyakarāṇāṃ garbhaśalyamāhāryāṇām ajīrṇamuddhāryāṇāṃ bālo mṛdubheṣajīyānāṃ vṛddho yāpyānāṃ garbhinī tīkṣṇauṣadhavyavāyavyāyāmavarjanīyānāṃ saumanasyaṃ garbhadhāraṇānāṃ sannipāto duścikitsyānām āmo viṣamacikitsyānāṃ jvaro rogāṇāṃ kuṣṭhaṃ dīrgharogāṇāṃ rājayakṣmā rogasamūhānāṃ prameho 'nuṣaṅgiṇāṃ jalaukaso 'nuśastrāṇāṃ bastistantrāṇāṃ himavānauṣadhibhūmīnāṃ soma oṣadhīnāṃ marubhūmirārogyadeśānām anūpo 'hitadeśānām nirdeśakāritvamāturaguṇānāṃ bhiṣak cikitsāṅgānāṃ nāstiko varjyānāṃ laulyaṃ kleśakarāṇām anirdeśakāritvamariṣṭānāṃ anirvedo vārttalakṣaṇānāṃ vaidyasamūho niḥsaṃśayakarāṇāṃ yogo vaidyaguṇānāṃ vijñānamauṣadhīnāṃ śāstrasahitastarkaḥ sādhanānāṃ sampratipattiḥ kālajñānaprayojanānām avyavasāyaḥ kālātipattihetūnāṃ dṛṣṭakarmatā niḥsaṃśayakarāṇām asamarthatā bhayakarāṇāṃ tadvidyasaṃbhāṣā buddhivardhanānām ācāryaḥ śāstrādhigamahetūnām āyurvedo 'mṛtānāṃ sadvacanamanuṣṭheyānām asadgrahaṇaṃ sarvāhitānāṃ sarvasaṃnyāsaḥ sukhānāmiti saṅkalpo+vṛṣyāṇāṃ
ṃnipātaḥ d → nnipāto d	visarga	1	0.0	tadyathā annaṃ vṛttikarāṇāṃ śreṣṭham udakamāśvāsakarāṇāṃ surā śramaharāṇāṃ kṣīraṃ jīvanīyānāṃ māṃsaṃ bṛṃhaṇīyānāṃ rasastarpaṇīyānāṃ lavaṇam annadravyarucikarāṇām amlaṃ hṛdyānāṃ kukkuṭo balyānāṃ nakrareto vṛṣyāṇāṃ madhu śleṣmapittapraśamanānāṃ sarpirvātapittapraśamanānāṃ tailaṃ vātaśleṣmapraśamanānāṃ vamanaṃ śleṣmaharāṇāṃ virecanaṃ pittaharāṇāṃ bastirvātaharāṇāṃ svedo mārdavakarāṇāṃ vyāyāmaḥ sthairyakarāṇāṃ kṣāraḥ puṃstvopaghātināṃ tindukam anannadravyarucikarāṇām āmaṃ kapittham utkaṇṭhyānām āvikaṃ sarpirahṛdyānām ajākṣīraṃ śoṣaghnastanyasātmyaraktasāṃgrāhikaraktapittapraśamanānām avikṣīraṃ śleṣmapittajananānāṃ mahiṣīkṣīraṃ svapnajananānāṃ mandakaṃ dadhyabhiṣyandakarāṇāṃ gavedhukānnaṃ karśanīyānām uddālakānnaṃ virūkṣaṇīyānām ikṣurmūtrajananānāṃ yavāḥ purīṣajananānāṃ jāmbavaṃ vātajananānāṃ śaṣkulyaḥ śleṣmapittajananānāṃ kulatthā amlapittajananānāṃ māṣāḥ śleṣmapittajananānāṃ madanaphalaṃ vamanāsthāpanānuvāsanopayogināṃ trivṛt sukhavirecanānāṃ caturaṅgulo mṛduvirecanānāṃ snukpayas tīkṣṇavirecanānāṃ pratyakpuṣpā śirovirecanānāṃ viḍaṅgaṃ krimighnānāṃ śirīṣo viṣaghnānāṃ khadiraḥ kuṣṭhaghnānāṃ rāsnā vātaharāṇām āmalakaṃ vayaḥsthāpanānāṃ harītakī pathyānām eraṇḍamūlaṃ vṛṣyavātaharāṇāṃ pippalīmūlaṃ dīpanīyapācanīyagudaśothārśaḥśūlaharāṇāṃ puṣkaramūlaṃ hikkāśvāsakāsapārśvaśūlaharāṇāṃ mustaṃ sāṃgrāhikadīpanīyapācanīyānām udīcyaṃ nirvāpaṇadīpanīyapācanīyacchardyatīsāraharāṇāṃ kaṭvaṅgaṃ sāṃgrāhikaraktapittapraśamanānām amṛtā sāṃgrāhikavātaharadīpanīyaśleṣmaśoṇitavibandhapraśamanānāṃ ativiṣā dīpanīyapācanīyasāṃgrāhikasarvadoṣaharāṇām utpalakumudapadmakiñjalkaḥ sāṃgrāhikaraktapittapraśamanānāṃ durālabhā pittaśleṣmapraśamanānāṃ gandhapriyaṅguḥ śoṇitapittātiyogapraśamanānāṃ kuṭajatvak śleṣmapittaraktasāṃgrāhikopaśoṣaṇānāṃ kāśmaryaphalaṃ raktasāṃgrāhikaraktapittapraśamanānāṃ pṛśniparṇī sāṃgrāhikavātaharadīpanīyavṛṣyāṇāṃ vidārigandhā vṛṣyasarvadoṣaharāṇāṃ balā sāṃgrāhikabalyavātaharāṇāṃ gokṣurako mūtrakṛcchrānilaharāṇāṃ hiṅguniryāsaś chedanīyadīpanīyānulomikavātakaphapraśamanānām amlavetaso bhedanīyadīpanīyānulomikavātaśleṣmaharāṇāṃ yāvaśūkaḥ sraṃsanīyapācanīyārśoghnānāṃ takrābhyāso grahaṇīdoṣaśophārśoghṛtavyāpatpraśamanānāṃ kravyānmāṃsarasābhyāso grahaṇīdoṣaśoṣārśoghnānāṃ kṣīraghṛtābhyāso rasāyanānāṃ samaghṛtasaktuprāśābhyāso vṛṣyodāvartaharānāṃ tailagaṇḍūṣābhyāso dantabalarucikarāṇāṃ candanaṃ durgandhaharadāhanirvāpaṇalepanānāṃ rāsnāguruṇī śītāpanayanapralepanānāṃ lāmajjakośīraṃ dāhatvagdoṣasvedāpanayanapralepanānāṃ kuṣṭhaṃ vātaharābhyaṅgopanāhopayogināṃ madhukaṃ cakṣuṣyavṛṣyakeśyakaṇṭhyavarṇyavirajanīyaropaṇīyānāṃ vāyuḥ prāṇasaṃjñāpradānahetūnām agnir āmastambhaśītaśūlodvepanapraśamanānāṃ jalaṃ stambhanīyānāṃ mṛdbhṛṣṭaloṣṭranirvāpitam udakaṃ tṛṣṇāchardyatiyogapraśamanānām atimātrāśanamāmapradoṣahetūnāṃ yathāgnyabhyavahāro 'gnisaṃdhukṣaṇānāṃ yathāsātmyaṃ ceṣṭābhyavahārau sevyānāṃ kālabhojanamārogyakarāṇāṃ tṛptirāhāraguṇānāṃ vegasaṃdhāraṇam anārogyakarāṇāṃ madyaṃ saumanasyajananānām madyākṣepo dhīdhṛtismṛtiharāṇāṃ gurubhojanaṃ durvipākakarāṇām ekāśanabhojanaṃ sukhapariṇāmakarāṇāṃ strīṣvatiprasaṅgaḥ śoṣakarāṇāṃ śukraveganigrahaḥ ṣāṇḍhyakarāṇāṃ parāghātanam annāśraddhājananānām anaśanamāyuṣo hrāsakarāṇāṃ pramitāśanaṃ karśanīyānām ajīrṇādhyaśanaṃ grahaṇīdūṣaṇānāṃ viṣamāśanamagnivaiṣamyakarāṇāṃ viruddhavīryāśanaṃ ninditavyādhikarāṇāṃ praśamaḥ pathyānāṃ āyāsaḥ sarvāpathyānāṃ mithyāyogo vyādhikarāṇāṃ rajasvalābhigamanamalakṣmīmukhānāṃ brahmacaryamāyuṣyāṇāṃ paradārābhigamanamanāyuṣyāṇāṃ saṅkalpo vṛṣyāṇāṃ daurmanasyam avṛṣyāṇām ayathābalamārambhaḥ prāṇoparodhināṃ viṣādo rogavardhanānāṃ snānaṃ śramaharāṇāṃ harṣaḥ prīṇanānāṃ śokaḥ śoṣaṇānāṃ nivṛttiḥ puṣṭikarāṇāṃ puṣṭiḥ svapnakarāṇām atisvapnastandrākarāṇāṃ sarvarasābhyāso balakarāṇām ekarasābhyāso daurbalyakarāṇāṃ garbhaśalyamāhāryāṇām ajīrṇamuddhāryāṇāṃ bālo mṛdubheṣajīyānāṃ vṛddho yāpyānāṃ garbhinī tīkṣṇauṣadhavyavāyavyāyāmavarjanīyānāṃ saumanasyaṃ garbhadhāraṇānāṃ sannipāto duścikitsyānām āmo viṣamacikitsyānāṃ jvaro rogāṇāṃ kuṣṭhaṃ dīrgharogāṇāṃ rājayakṣmā rogasamūhānāṃ prameho 'nuṣaṅgiṇāṃ jalaukaso 'nuśastrāṇāṃ bastistantrāṇāṃ himavānauṣadhibhūmīnāṃ soma oṣadhīnāṃ marubhūmirārogyadeśānām anūpo 'hitadeśānām nirdeśakāritvamāturaguṇānāṃ bhiṣak cikitsāṅgānāṃ nāstiko varjyānāṃ laulyaṃ kleśakarāṇām anirdeśakāritvamariṣṭānāṃ anirvedo vārttalakṣaṇānāṃ vaidyasamūho niḥsaṃśayakarāṇāṃ yogo vaidyaguṇānāṃ vijñānamauṣadhīnāṃ śāstrasahitastarkaḥ sādhanānāṃ sampratipattiḥ kālajñānaprayojanānām avyavasāyaḥ kālātipattihetūnāṃ dṛṣṭakarmatā niḥsaṃśayakarāṇām asamarthatā bhayakarāṇāṃ tadvidyasaṃbhāṣā buddhivardhanānām ācāryaḥ śāstrādhigamahetūnām āyurvedo 'mṛtānāṃ sadvacanamanuṣṭheyānām asadgrahaṇaṃ sarvāhitānāṃ sarvasaṃnyāsaḥ sukhānāmiti sannipāto+duścikitsyānām
aḥ anuṣaṅgiṇām → o 'nuṣaṅgiṇāṃ	visarga	1	0.0	tadyathā annaṃ vṛttikarāṇāṃ śreṣṭham udakamāśvāsakarāṇāṃ surā śramaharāṇāṃ kṣīraṃ jīvanīyānāṃ māṃsaṃ bṛṃhaṇīyānāṃ rasastarpaṇīyānāṃ lavaṇam annadravyarucikarāṇām amlaṃ hṛdyānāṃ kukkuṭo balyānāṃ nakrareto vṛṣyāṇāṃ madhu śleṣmapittapraśamanānāṃ sarpirvātapittapraśamanānāṃ tailaṃ vātaśleṣmapraśamanānāṃ vamanaṃ śleṣmaharāṇāṃ virecanaṃ pittaharāṇāṃ bastirvātaharāṇāṃ svedo mārdavakarāṇāṃ vyāyāmaḥ sthairyakarāṇāṃ kṣāraḥ puṃstvopaghātināṃ tindukam anannadravyarucikarāṇām āmaṃ kapittham utkaṇṭhyānām āvikaṃ sarpirahṛdyānām ajākṣīraṃ śoṣaghnastanyasātmyaraktasāṃgrāhikaraktapittapraśamanānām avikṣīraṃ śleṣmapittajananānāṃ mahiṣīkṣīraṃ svapnajananānāṃ mandakaṃ dadhyabhiṣyandakarāṇāṃ gavedhukānnaṃ karśanīyānām uddālakānnaṃ virūkṣaṇīyānām ikṣurmūtrajananānāṃ yavāḥ purīṣajananānāṃ jāmbavaṃ vātajananānāṃ śaṣkulyaḥ śleṣmapittajananānāṃ kulatthā amlapittajananānāṃ māṣāḥ śleṣmapittajananānāṃ madanaphalaṃ vamanāsthāpanānuvāsanopayogināṃ trivṛt sukhavirecanānāṃ caturaṅgulo mṛduvirecanānāṃ snukpayas tīkṣṇavirecanānāṃ pratyakpuṣpā śirovirecanānāṃ viḍaṅgaṃ krimighnānāṃ śirīṣo viṣaghnānāṃ khadiraḥ kuṣṭhaghnānāṃ rāsnā vātaharāṇām āmalakaṃ vayaḥsthāpanānāṃ harītakī pathyānām eraṇḍamūlaṃ vṛṣyavātaharāṇāṃ pippalīmūlaṃ dīpanīyapācanīyagudaśothārśaḥśūlaharāṇāṃ puṣkaramūlaṃ hikkāśvāsakāsapārśvaśūlaharāṇāṃ mustaṃ sāṃgrāhikadīpanīyapācanīyānām udīcyaṃ nirvāpaṇadīpanīyapācanīyacchardyatīsāraharāṇāṃ kaṭvaṅgaṃ sāṃgrāhikaraktapittapraśamanānām amṛtā sāṃgrāhikavātaharadīpanīyaśleṣmaśoṇitavibandhapraśamanānāṃ ativiṣā dīpanīyapācanīyasāṃgrāhikasarvadoṣaharāṇām utpalakumudapadmakiñjalkaḥ sāṃgrāhikaraktapittapraśamanānāṃ durālabhā pittaśleṣmapraśamanānāṃ gandhapriyaṅguḥ śoṇitapittātiyogapraśamanānāṃ kuṭajatvak śleṣmapittaraktasāṃgrāhikopaśoṣaṇānāṃ kāśmaryaphalaṃ raktasāṃgrāhikaraktapittapraśamanānāṃ pṛśniparṇī sāṃgrāhikavātaharadīpanīyavṛṣyāṇāṃ vidārigandhā vṛṣyasarvadoṣaharāṇāṃ balā sāṃgrāhikabalyavātaharāṇāṃ gokṣurako mūtrakṛcchrānilaharāṇāṃ hiṅguniryāsaś chedanīyadīpanīyānulomikavātakaphapraśamanānām amlavetaso bhedanīyadīpanīyānulomikavātaśleṣmaharāṇāṃ yāvaśūkaḥ sraṃsanīyapācanīyārśoghnānāṃ takrābhyāso grahaṇīdoṣaśophārśoghṛtavyāpatpraśamanānāṃ kravyānmāṃsarasābhyāso grahaṇīdoṣaśoṣārśoghnānāṃ kṣīraghṛtābhyāso rasāyanānāṃ samaghṛtasaktuprāśābhyāso vṛṣyodāvartaharānāṃ tailagaṇḍūṣābhyāso dantabalarucikarāṇāṃ candanaṃ durgandhaharadāhanirvāpaṇalepanānāṃ rāsnāguruṇī śītāpanayanapralepanānāṃ lāmajjakośīraṃ dāhatvagdoṣasvedāpanayanapralepanānāṃ kuṣṭhaṃ vātaharābhyaṅgopanāhopayogināṃ madhukaṃ cakṣuṣyavṛṣyakeśyakaṇṭhyavarṇyavirajanīyaropaṇīyānāṃ vāyuḥ prāṇasaṃjñāpradānahetūnām agnir āmastambhaśītaśūlodvepanapraśamanānāṃ jalaṃ stambhanīyānāṃ mṛdbhṛṣṭaloṣṭranirvāpitam udakaṃ tṛṣṇāchardyatiyogapraśamanānām atimātrāśanamāmapradoṣahetūnāṃ yathāgnyabhyavahāro 'gnisaṃdhukṣaṇānāṃ yathāsātmyaṃ ceṣṭābhyavahārau sevyānāṃ kālabhojanamārogyakarāṇāṃ tṛptirāhāraguṇānāṃ vegasaṃdhāraṇam anārogyakarāṇāṃ madyaṃ saumanasyajananānām madyākṣepo dhīdhṛtismṛtiharāṇāṃ gurubhojanaṃ durvipākakarāṇām ekāśanabhojanaṃ sukhapariṇāmakarāṇāṃ strīṣvatiprasaṅgaḥ śoṣakarāṇāṃ śukraveganigrahaḥ ṣāṇḍhyakarāṇāṃ parāghātanam annāśraddhājananānām anaśanamāyuṣo hrāsakarāṇāṃ pramitāśanaṃ karśanīyānām ajīrṇādhyaśanaṃ grahaṇīdūṣaṇānāṃ viṣamāśanamagnivaiṣamyakarāṇāṃ viruddhavīryāśanaṃ ninditavyādhikarāṇāṃ praśamaḥ pathyānāṃ āyāsaḥ sarvāpathyānāṃ mithyāyogo vyādhikarāṇāṃ rajasvalābhigamanamalakṣmīmukhānāṃ brahmacaryamāyuṣyāṇāṃ paradārābhigamanamanāyuṣyāṇāṃ saṅkalpo vṛṣyāṇāṃ daurmanasyam avṛṣyāṇām ayathābalamārambhaḥ prāṇoparodhināṃ viṣādo rogavardhanānāṃ snānaṃ śramaharāṇāṃ harṣaḥ prīṇanānāṃ śokaḥ śoṣaṇānāṃ nivṛttiḥ puṣṭikarāṇāṃ puṣṭiḥ svapnakarāṇām atisvapnastandrākarāṇāṃ sarvarasābhyāso balakarāṇām ekarasābhyāso daurbalyakarāṇāṃ garbhaśalyamāhāryāṇām ajīrṇamuddhāryāṇāṃ bālo mṛdubheṣajīyānāṃ vṛddho yāpyānāṃ garbhinī tīkṣṇauṣadhavyavāyavyāyāmavarjanīyānāṃ saumanasyaṃ garbhadhāraṇānāṃ sannipāto duścikitsyānām āmo viṣamacikitsyānāṃ jvaro rogāṇāṃ kuṣṭhaṃ dīrgharogāṇāṃ rājayakṣmā rogasamūhānāṃ prameho 'nuṣaṅgiṇāṃ jalaukaso 'nuśastrāṇāṃ bastistantrāṇāṃ himavānauṣadhibhūmīnāṃ soma oṣadhīnāṃ marubhūmirārogyadeśānām anūpo 'hitadeśānām nirdeśakāritvamāturaguṇānāṃ bhiṣak cikitsāṅgānāṃ nāstiko varjyānāṃ laulyaṃ kleśakarāṇām anirdeśakāritvamariṣṭānāṃ anirvedo vārttalakṣaṇānāṃ vaidyasamūho niḥsaṃśayakarāṇāṃ yogo vaidyaguṇānāṃ vijñānamauṣadhīnāṃ śāstrasahitastarkaḥ sādhanānāṃ sampratipattiḥ kālajñānaprayojanānām avyavasāyaḥ kālātipattihetūnāṃ dṛṣṭakarmatā niḥsaṃśayakarāṇām asamarthatā bhayakarāṇāṃ tadvidyasaṃbhāṣā buddhivardhanānām ācāryaḥ śāstrādhigamahetūnām āyurvedo 'mṛtānāṃ sadvacanamanuṣṭheyānām asadgrahaṇaṃ sarvāhitānāṃ sarvasaṃnyāsaḥ sukhānāmiti prameho+'nuṣaṅgiṇāṃ
anuṣaṅgiṇām j → 'nuṣaṅgiṇāṃ j	anusvāra / nasal	1	0.0	tadyathā annaṃ vṛttikarāṇāṃ śreṣṭham udakamāśvāsakarāṇāṃ surā śramaharāṇāṃ kṣīraṃ jīvanīyānāṃ māṃsaṃ bṛṃhaṇīyānāṃ rasastarpaṇīyānāṃ lavaṇam annadravyarucikarāṇām amlaṃ hṛdyānāṃ kukkuṭo balyānāṃ nakrareto vṛṣyāṇāṃ madhu śleṣmapittapraśamanānāṃ sarpirvātapittapraśamanānāṃ tailaṃ vātaśleṣmapraśamanānāṃ vamanaṃ śleṣmaharāṇāṃ virecanaṃ pittaharāṇāṃ bastirvātaharāṇāṃ svedo mārdavakarāṇāṃ vyāyāmaḥ sthairyakarāṇāṃ kṣāraḥ puṃstvopaghātināṃ tindukam anannadravyarucikarāṇām āmaṃ kapittham utkaṇṭhyānām āvikaṃ sarpirahṛdyānām ajākṣīraṃ śoṣaghnastanyasātmyaraktasāṃgrāhikaraktapittapraśamanānām avikṣīraṃ śleṣmapittajananānāṃ mahiṣīkṣīraṃ svapnajananānāṃ mandakaṃ dadhyabhiṣyandakarāṇāṃ gavedhukānnaṃ karśanīyānām uddālakānnaṃ virūkṣaṇīyānām ikṣurmūtrajananānāṃ yavāḥ purīṣajananānāṃ jāmbavaṃ vātajananānāṃ śaṣkulyaḥ śleṣmapittajananānāṃ kulatthā amlapittajananānāṃ māṣāḥ śleṣmapittajananānāṃ madanaphalaṃ vamanāsthāpanānuvāsanopayogināṃ trivṛt sukhavirecanānāṃ caturaṅgulo mṛduvirecanānāṃ snukpayas tīkṣṇavirecanānāṃ pratyakpuṣpā śirovirecanānāṃ viḍaṅgaṃ krimighnānāṃ śirīṣo viṣaghnānāṃ khadiraḥ kuṣṭhaghnānāṃ rāsnā vātaharāṇām āmalakaṃ vayaḥsthāpanānāṃ harītakī pathyānām eraṇḍamūlaṃ vṛṣyavātaharāṇāṃ pippalīmūlaṃ dīpanīyapācanīyagudaśothārśaḥśūlaharāṇāṃ puṣkaramūlaṃ hikkāśvāsakāsapārśvaśūlaharāṇāṃ mustaṃ sāṃgrāhikadīpanīyapācanīyānām udīcyaṃ nirvāpaṇadīpanīyapācanīyacchardyatīsāraharāṇāṃ kaṭvaṅgaṃ sāṃgrāhikaraktapittapraśamanānām amṛtā sāṃgrāhikavātaharadīpanīyaśleṣmaśoṇitavibandhapraśamanānāṃ ativiṣā dīpanīyapācanīyasāṃgrāhikasarvadoṣaharāṇām utpalakumudapadmakiñjalkaḥ sāṃgrāhikaraktapittapraśamanānāṃ durālabhā pittaśleṣmapraśamanānāṃ gandhapriyaṅguḥ śoṇitapittātiyogapraśamanānāṃ kuṭajatvak śleṣmapittaraktasāṃgrāhikopaśoṣaṇānāṃ kāśmaryaphalaṃ raktasāṃgrāhikaraktapittapraśamanānāṃ pṛśniparṇī sāṃgrāhikavātaharadīpanīyavṛṣyāṇāṃ vidārigandhā vṛṣyasarvadoṣaharāṇāṃ balā sāṃgrāhikabalyavātaharāṇāṃ gokṣurako mūtrakṛcchrānilaharāṇāṃ hiṅguniryāsaś chedanīyadīpanīyānulomikavātakaphapraśamanānām amlavetaso bhedanīyadīpanīyānulomikavātaśleṣmaharāṇāṃ yāvaśūkaḥ sraṃsanīyapācanīyārśoghnānāṃ takrābhyāso grahaṇīdoṣaśophārśoghṛtavyāpatpraśamanānāṃ kravyānmāṃsarasābhyāso grahaṇīdoṣaśoṣārśoghnānāṃ kṣīraghṛtābhyāso rasāyanānāṃ samaghṛtasaktuprāśābhyāso vṛṣyodāvartaharānāṃ tailagaṇḍūṣābhyāso dantabalarucikarāṇāṃ candanaṃ durgandhaharadāhanirvāpaṇalepanānāṃ rāsnāguruṇī śītāpanayanapralepanānāṃ lāmajjakośīraṃ dāhatvagdoṣasvedāpanayanapralepanānāṃ kuṣṭhaṃ vātaharābhyaṅgopanāhopayogināṃ madhukaṃ cakṣuṣyavṛṣyakeśyakaṇṭhyavarṇyavirajanīyaropaṇīyānāṃ vāyuḥ prāṇasaṃjñāpradānahetūnām agnir āmastambhaśītaśūlodvepanapraśamanānāṃ jalaṃ stambhanīyānāṃ mṛdbhṛṣṭaloṣṭranirvāpitam udakaṃ tṛṣṇāchardyatiyogapraśamanānām atimātrāśanamāmapradoṣahetūnāṃ yathāgnyabhyavahāro 'gnisaṃdhukṣaṇānāṃ yathāsātmyaṃ ceṣṭābhyavahārau sevyānāṃ kālabhojanamārogyakarāṇāṃ tṛptirāhāraguṇānāṃ vegasaṃdhāraṇam anārogyakarāṇāṃ madyaṃ saumanasyajananānām madyākṣepo dhīdhṛtismṛtiharāṇāṃ gurubhojanaṃ durvipākakarāṇām ekāśanabhojanaṃ sukhapariṇāmakarāṇāṃ strīṣvatiprasaṅgaḥ śoṣakarāṇāṃ śukraveganigrahaḥ ṣāṇḍhyakarāṇāṃ parāghātanam annāśraddhājananānām anaśanamāyuṣo hrāsakarāṇāṃ pramitāśanaṃ karśanīyānām ajīrṇādhyaśanaṃ grahaṇīdūṣaṇānāṃ viṣamāśanamagnivaiṣamyakarāṇāṃ viruddhavīryāśanaṃ ninditavyādhikarāṇāṃ praśamaḥ pathyānāṃ āyāsaḥ sarvāpathyānāṃ mithyāyogo vyādhikarāṇāṃ rajasvalābhigamanamalakṣmīmukhānāṃ brahmacaryamāyuṣyāṇāṃ paradārābhigamanamanāyuṣyāṇāṃ saṅkalpo vṛṣyāṇāṃ daurmanasyam avṛṣyāṇām ayathābalamārambhaḥ prāṇoparodhināṃ viṣādo rogavardhanānāṃ snānaṃ śramaharāṇāṃ harṣaḥ prīṇanānāṃ śokaḥ śoṣaṇānāṃ nivṛttiḥ puṣṭikarāṇāṃ puṣṭiḥ svapnakarāṇām atisvapnastandrākarāṇāṃ sarvarasābhyāso balakarāṇām ekarasābhyāso daurbalyakarāṇāṃ garbhaśalyamāhāryāṇām ajīrṇamuddhāryāṇāṃ bālo mṛdubheṣajīyānāṃ vṛddho yāpyānāṃ garbhinī tīkṣṇauṣadhavyavāyavyāyāmavarjanīyānāṃ saumanasyaṃ garbhadhāraṇānāṃ sannipāto duścikitsyānām āmo viṣamacikitsyānāṃ jvaro rogāṇāṃ kuṣṭhaṃ dīrgharogāṇāṃ rājayakṣmā rogasamūhānāṃ prameho 'nuṣaṅgiṇāṃ jalaukaso 'nuśastrāṇāṃ bastistantrāṇāṃ himavānauṣadhibhūmīnāṃ soma oṣadhīnāṃ marubhūmirārogyadeśānām anūpo 'hitadeśānām nirdeśakāritvamāturaguṇānāṃ bhiṣak cikitsāṅgānāṃ nāstiko varjyānāṃ laulyaṃ kleśakarāṇām anirdeśakāritvamariṣṭānāṃ anirvedo vārttalakṣaṇānāṃ vaidyasamūho niḥsaṃśayakarāṇāṃ yogo vaidyaguṇānāṃ vijñānamauṣadhīnāṃ śāstrasahitastarkaḥ sādhanānāṃ sampratipattiḥ kālajñānaprayojanānām avyavasāyaḥ kālātipattihetūnāṃ dṛṣṭakarmatā niḥsaṃśayakarāṇām asamarthatā bhayakarāṇāṃ tadvidyasaṃbhāṣā buddhivardhanānām ācāryaḥ śāstrādhigamahetūnām āyurvedo 'mṛtānāṃ sadvacanamanuṣṭheyānām asadgrahaṇaṃ sarvāhitānāṃ sarvasaṃnyāsaḥ sukhānāmiti 'nuṣaṅgiṇāṃ+jalaukaso
aḥ anuśastrāṇām → o 'nuśastrāṇāṃ	visarga	1	0.0	tadyathā annaṃ vṛttikarāṇāṃ śreṣṭham udakamāśvāsakarāṇāṃ surā śramaharāṇāṃ kṣīraṃ jīvanīyānāṃ māṃsaṃ bṛṃhaṇīyānāṃ rasastarpaṇīyānāṃ lavaṇam annadravyarucikarāṇām amlaṃ hṛdyānāṃ kukkuṭo balyānāṃ nakrareto vṛṣyāṇāṃ madhu śleṣmapittapraśamanānāṃ sarpirvātapittapraśamanānāṃ tailaṃ vātaśleṣmapraśamanānāṃ vamanaṃ śleṣmaharāṇāṃ virecanaṃ pittaharāṇāṃ bastirvātaharāṇāṃ svedo mārdavakarāṇāṃ vyāyāmaḥ sthairyakarāṇāṃ kṣāraḥ puṃstvopaghātināṃ tindukam anannadravyarucikarāṇām āmaṃ kapittham utkaṇṭhyānām āvikaṃ sarpirahṛdyānām ajākṣīraṃ śoṣaghnastanyasātmyaraktasāṃgrāhikaraktapittapraśamanānām avikṣīraṃ śleṣmapittajananānāṃ mahiṣīkṣīraṃ svapnajananānāṃ mandakaṃ dadhyabhiṣyandakarāṇāṃ gavedhukānnaṃ karśanīyānām uddālakānnaṃ virūkṣaṇīyānām ikṣurmūtrajananānāṃ yavāḥ purīṣajananānāṃ jāmbavaṃ vātajananānāṃ śaṣkulyaḥ śleṣmapittajananānāṃ kulatthā amlapittajananānāṃ māṣāḥ śleṣmapittajananānāṃ madanaphalaṃ vamanāsthāpanānuvāsanopayogināṃ trivṛt sukhavirecanānāṃ caturaṅgulo mṛduvirecanānāṃ snukpayas tīkṣṇavirecanānāṃ pratyakpuṣpā śirovirecanānāṃ viḍaṅgaṃ krimighnānāṃ śirīṣo viṣaghnānāṃ khadiraḥ kuṣṭhaghnānāṃ rāsnā vātaharāṇām āmalakaṃ vayaḥsthāpanānāṃ harītakī pathyānām eraṇḍamūlaṃ vṛṣyavātaharāṇāṃ pippalīmūlaṃ dīpanīyapācanīyagudaśothārśaḥśūlaharāṇāṃ puṣkaramūlaṃ hikkāśvāsakāsapārśvaśūlaharāṇāṃ mustaṃ sāṃgrāhikadīpanīyapācanīyānām udīcyaṃ nirvāpaṇadīpanīyapācanīyacchardyatīsāraharāṇāṃ kaṭvaṅgaṃ sāṃgrāhikaraktapittapraśamanānām amṛtā sāṃgrāhikavātaharadīpanīyaśleṣmaśoṇitavibandhapraśamanānāṃ ativiṣā dīpanīyapācanīyasāṃgrāhikasarvadoṣaharāṇām utpalakumudapadmakiñjalkaḥ sāṃgrāhikaraktapittapraśamanānāṃ durālabhā pittaśleṣmapraśamanānāṃ gandhapriyaṅguḥ śoṇitapittātiyogapraśamanānāṃ kuṭajatvak śleṣmapittaraktasāṃgrāhikopaśoṣaṇānāṃ kāśmaryaphalaṃ raktasāṃgrāhikaraktapittapraśamanānāṃ pṛśniparṇī sāṃgrāhikavātaharadīpanīyavṛṣyāṇāṃ vidārigandhā vṛṣyasarvadoṣaharāṇāṃ balā sāṃgrāhikabalyavātaharāṇāṃ gokṣurako mūtrakṛcchrānilaharāṇāṃ hiṅguniryāsaś chedanīyadīpanīyānulomikavātakaphapraśamanānām amlavetaso bhedanīyadīpanīyānulomikavātaśleṣmaharāṇāṃ yāvaśūkaḥ sraṃsanīyapācanīyārśoghnānāṃ takrābhyāso grahaṇīdoṣaśophārśoghṛtavyāpatpraśamanānāṃ kravyānmāṃsarasābhyāso grahaṇīdoṣaśoṣārśoghnānāṃ kṣīraghṛtābhyāso rasāyanānāṃ samaghṛtasaktuprāśābhyāso vṛṣyodāvartaharānāṃ tailagaṇḍūṣābhyāso dantabalarucikarāṇāṃ candanaṃ durgandhaharadāhanirvāpaṇalepanānāṃ rāsnāguruṇī śītāpanayanapralepanānāṃ lāmajjakośīraṃ dāhatvagdoṣasvedāpanayanapralepanānāṃ kuṣṭhaṃ vātaharābhyaṅgopanāhopayogināṃ madhukaṃ cakṣuṣyavṛṣyakeśyakaṇṭhyavarṇyavirajanīyaropaṇīyānāṃ vāyuḥ prāṇasaṃjñāpradānahetūnām agnir āmastambhaśītaśūlodvepanapraśamanānāṃ jalaṃ stambhanīyānāṃ mṛdbhṛṣṭaloṣṭranirvāpitam udakaṃ tṛṣṇāchardyatiyogapraśamanānām atimātrāśanamāmapradoṣahetūnāṃ yathāgnyabhyavahāro 'gnisaṃdhukṣaṇānāṃ yathāsātmyaṃ ceṣṭābhyavahārau sevyānāṃ kālabhojanamārogyakarāṇāṃ tṛptirāhāraguṇānāṃ vegasaṃdhāraṇam anārogyakarāṇāṃ madyaṃ saumanasyajananānām madyākṣepo dhīdhṛtismṛtiharāṇāṃ gurubhojanaṃ durvipākakarāṇām ekāśanabhojanaṃ sukhapariṇāmakarāṇāṃ strīṣvatiprasaṅgaḥ śoṣakarāṇāṃ śukraveganigrahaḥ ṣāṇḍhyakarāṇāṃ parāghātanam annāśraddhājananānām anaśanamāyuṣo hrāsakarāṇāṃ pramitāśanaṃ karśanīyānām ajīrṇādhyaśanaṃ grahaṇīdūṣaṇānāṃ viṣamāśanamagnivaiṣamyakarāṇāṃ viruddhavīryāśanaṃ ninditavyādhikarāṇāṃ praśamaḥ pathyānāṃ āyāsaḥ sarvāpathyānāṃ mithyāyogo vyādhikarāṇāṃ rajasvalābhigamanamalakṣmīmukhānāṃ brahmacaryamāyuṣyāṇāṃ paradārābhigamanamanāyuṣyāṇāṃ saṅkalpo vṛṣyāṇāṃ daurmanasyam avṛṣyāṇām ayathābalamārambhaḥ prāṇoparodhināṃ viṣādo rogavardhanānāṃ snānaṃ śramaharāṇāṃ harṣaḥ prīṇanānāṃ śokaḥ śoṣaṇānāṃ nivṛttiḥ puṣṭikarāṇāṃ puṣṭiḥ svapnakarāṇām atisvapnastandrākarāṇāṃ sarvarasābhyāso balakarāṇām ekarasābhyāso daurbalyakarāṇāṃ garbhaśalyamāhāryāṇām ajīrṇamuddhāryāṇāṃ bālo mṛdubheṣajīyānāṃ vṛddho yāpyānāṃ garbhinī tīkṣṇauṣadhavyavāyavyāyāmavarjanīyānāṃ saumanasyaṃ garbhadhāraṇānāṃ sannipāto duścikitsyānām āmo viṣamacikitsyānāṃ jvaro rogāṇāṃ kuṣṭhaṃ dīrgharogāṇāṃ rājayakṣmā rogasamūhānāṃ prameho 'nuṣaṅgiṇāṃ jalaukaso 'nuśastrāṇāṃ bastistantrāṇāṃ himavānauṣadhibhūmīnāṃ soma oṣadhīnāṃ marubhūmirārogyadeśānām anūpo 'hitadeśānām nirdeśakāritvamāturaguṇānāṃ bhiṣak cikitsāṅgānāṃ nāstiko varjyānāṃ laulyaṃ kleśakarāṇām anirdeśakāritvamariṣṭānāṃ anirvedo vārttalakṣaṇānāṃ vaidyasamūho niḥsaṃśayakarāṇāṃ yogo vaidyaguṇānāṃ vijñānamauṣadhīnāṃ śāstrasahitastarkaḥ sādhanānāṃ sampratipattiḥ kālajñānaprayojanānām avyavasāyaḥ kālātipattihetūnāṃ dṛṣṭakarmatā niḥsaṃśayakarāṇām asamarthatā bhayakarāṇāṃ tadvidyasaṃbhāṣā buddhivardhanānām ācāryaḥ śāstrādhigamahetūnām āyurvedo 'mṛtānāṃ sadvacanamanuṣṭheyānām asadgrahaṇaṃ sarvāhitānāṃ sarvasaṃnyāsaḥ sukhānāmiti jalaukaso+'nuśastrāṇāṃ
anuśastrāṇām v → 'nuśastrāṇāṃ v	anusvāra / nasal	1	0.0	tadyathā annaṃ vṛttikarāṇāṃ śreṣṭham udakamāśvāsakarāṇāṃ surā śramaharāṇāṃ kṣīraṃ jīvanīyānāṃ māṃsaṃ bṛṃhaṇīyānāṃ rasastarpaṇīyānāṃ lavaṇam annadravyarucikarāṇām amlaṃ hṛdyānāṃ kukkuṭo balyānāṃ nakrareto vṛṣyāṇāṃ madhu śleṣmapittapraśamanānāṃ sarpirvātapittapraśamanānāṃ tailaṃ vātaśleṣmapraśamanānāṃ vamanaṃ śleṣmaharāṇāṃ virecanaṃ pittaharāṇāṃ bastirvātaharāṇāṃ svedo mārdavakarāṇāṃ vyāyāmaḥ sthairyakarāṇāṃ kṣāraḥ puṃstvopaghātināṃ tindukam anannadravyarucikarāṇām āmaṃ kapittham utkaṇṭhyānām āvikaṃ sarpirahṛdyānām ajākṣīraṃ śoṣaghnastanyasātmyaraktasāṃgrāhikaraktapittapraśamanānām avikṣīraṃ śleṣmapittajananānāṃ mahiṣīkṣīraṃ svapnajananānāṃ mandakaṃ dadhyabhiṣyandakarāṇāṃ gavedhukānnaṃ karśanīyānām uddālakānnaṃ virūkṣaṇīyānām ikṣurmūtrajananānāṃ yavāḥ purīṣajananānāṃ jāmbavaṃ vātajananānāṃ śaṣkulyaḥ śleṣmapittajananānāṃ kulatthā amlapittajananānāṃ māṣāḥ śleṣmapittajananānāṃ madanaphalaṃ vamanāsthāpanānuvāsanopayogināṃ trivṛt sukhavirecanānāṃ caturaṅgulo mṛduvirecanānāṃ snukpayas tīkṣṇavirecanānāṃ pratyakpuṣpā śirovirecanānāṃ viḍaṅgaṃ krimighnānāṃ śirīṣo viṣaghnānāṃ khadiraḥ kuṣṭhaghnānāṃ rāsnā vātaharāṇām āmalakaṃ vayaḥsthāpanānāṃ harītakī pathyānām eraṇḍamūlaṃ vṛṣyavātaharāṇāṃ pippalīmūlaṃ dīpanīyapācanīyagudaśothārśaḥśūlaharāṇāṃ puṣkaramūlaṃ hikkāśvāsakāsapārśvaśūlaharāṇāṃ mustaṃ sāṃgrāhikadīpanīyapācanīyānām udīcyaṃ nirvāpaṇadīpanīyapācanīyacchardyatīsāraharāṇāṃ kaṭvaṅgaṃ sāṃgrāhikaraktapittapraśamanānām amṛtā sāṃgrāhikavātaharadīpanīyaśleṣmaśoṇitavibandhapraśamanānāṃ ativiṣā dīpanīyapācanīyasāṃgrāhikasarvadoṣaharāṇām utpalakumudapadmakiñjalkaḥ sāṃgrāhikaraktapittapraśamanānāṃ durālabhā pittaśleṣmapraśamanānāṃ gandhapriyaṅguḥ śoṇitapittātiyogapraśamanānāṃ kuṭajatvak śleṣmapittaraktasāṃgrāhikopaśoṣaṇānāṃ kāśmaryaphalaṃ raktasāṃgrāhikaraktapittapraśamanānāṃ pṛśniparṇī sāṃgrāhikavātaharadīpanīyavṛṣyāṇāṃ vidārigandhā vṛṣyasarvadoṣaharāṇāṃ balā sāṃgrāhikabalyavātaharāṇāṃ gokṣurako mūtrakṛcchrānilaharāṇāṃ hiṅguniryāsaś chedanīyadīpanīyānulomikavātakaphapraśamanānām amlavetaso bhedanīyadīpanīyānulomikavātaśleṣmaharāṇāṃ yāvaśūkaḥ sraṃsanīyapācanīyārśoghnānāṃ takrābhyāso grahaṇīdoṣaśophārśoghṛtavyāpatpraśamanānāṃ kravyānmāṃsarasābhyāso grahaṇīdoṣaśoṣārśoghnānāṃ kṣīraghṛtābhyāso rasāyanānāṃ samaghṛtasaktuprāśābhyāso vṛṣyodāvartaharānāṃ tailagaṇḍūṣābhyāso dantabalarucikarāṇāṃ candanaṃ durgandhaharadāhanirvāpaṇalepanānāṃ rāsnāguruṇī śītāpanayanapralepanānāṃ lāmajjakośīraṃ dāhatvagdoṣasvedāpanayanapralepanānāṃ kuṣṭhaṃ vātaharābhyaṅgopanāhopayogināṃ madhukaṃ cakṣuṣyavṛṣyakeśyakaṇṭhyavarṇyavirajanīyaropaṇīyānāṃ vāyuḥ prāṇasaṃjñāpradānahetūnām agnir āmastambhaśītaśūlodvepanapraśamanānāṃ jalaṃ stambhanīyānāṃ mṛdbhṛṣṭaloṣṭranirvāpitam udakaṃ tṛṣṇāchardyatiyogapraśamanānām atimātrāśanamāmapradoṣahetūnāṃ yathāgnyabhyavahāro 'gnisaṃdhukṣaṇānāṃ yathāsātmyaṃ ceṣṭābhyavahārau sevyānāṃ kālabhojanamārogyakarāṇāṃ tṛptirāhāraguṇānāṃ vegasaṃdhāraṇam anārogyakarāṇāṃ madyaṃ saumanasyajananānām madyākṣepo dhīdhṛtismṛtiharāṇāṃ gurubhojanaṃ durvipākakarāṇām ekāśanabhojanaṃ sukhapariṇāmakarāṇāṃ strīṣvatiprasaṅgaḥ śoṣakarāṇāṃ śukraveganigrahaḥ ṣāṇḍhyakarāṇāṃ parāghātanam annāśraddhājananānām anaśanamāyuṣo hrāsakarāṇāṃ pramitāśanaṃ karśanīyānām ajīrṇādhyaśanaṃ grahaṇīdūṣaṇānāṃ viṣamāśanamagnivaiṣamyakarāṇāṃ viruddhavīryāśanaṃ ninditavyādhikarāṇāṃ praśamaḥ pathyānāṃ āyāsaḥ sarvāpathyānāṃ mithyāyogo vyādhikarāṇāṃ rajasvalābhigamanamalakṣmīmukhānāṃ brahmacaryamāyuṣyāṇāṃ paradārābhigamanamanāyuṣyāṇāṃ saṅkalpo vṛṣyāṇāṃ daurmanasyam avṛṣyāṇām ayathābalamārambhaḥ prāṇoparodhināṃ viṣādo rogavardhanānāṃ snānaṃ śramaharāṇāṃ harṣaḥ prīṇanānāṃ śokaḥ śoṣaṇānāṃ nivṛttiḥ puṣṭikarāṇāṃ puṣṭiḥ svapnakarāṇām atisvapnastandrākarāṇāṃ sarvarasābhyāso balakarāṇām ekarasābhyāso daurbalyakarāṇāṃ garbhaśalyamāhāryāṇām ajīrṇamuddhāryāṇāṃ bālo mṛdubheṣajīyānāṃ vṛddho yāpyānāṃ garbhinī tīkṣṇauṣadhavyavāyavyāyāmavarjanīyānāṃ saumanasyaṃ garbhadhāraṇānāṃ sannipāto duścikitsyānām āmo viṣamacikitsyānāṃ jvaro rogāṇāṃ kuṣṭhaṃ dīrgharogāṇāṃ rājayakṣmā rogasamūhānāṃ prameho 'nuṣaṅgiṇāṃ jalaukaso 'nuśastrāṇāṃ bastistantrāṇāṃ himavānauṣadhibhūmīnāṃ soma oṣadhīnāṃ marubhūmirārogyadeśānām anūpo 'hitadeśānām nirdeśakāritvamāturaguṇānāṃ bhiṣak cikitsāṅgānāṃ nāstiko varjyānāṃ laulyaṃ kleśakarāṇām anirdeśakāritvamariṣṭānāṃ anirvedo vārttalakṣaṇānāṃ vaidyasamūho niḥsaṃśayakarāṇāṃ yogo vaidyaguṇānāṃ vijñānamauṣadhīnāṃ śāstrasahitastarkaḥ sādhanānāṃ sampratipattiḥ kālajñānaprayojanānām avyavasāyaḥ kālātipattihetūnāṃ dṛṣṭakarmatā niḥsaṃśayakarāṇām asamarthatā bhayakarāṇāṃ tadvidyasaṃbhāṣā buddhivardhanānām ācāryaḥ śāstrādhigamahetūnām āyurvedo 'mṛtānāṃ sadvacanamanuṣṭheyānām asadgrahaṇaṃ sarvāhitānāṃ sarvasaṃnyāsaḥ sukhānāmiti 'nuśastrāṇāṃ+vastiḥ
aḥ amṛtānām → o 'mṛtānāṃ	visarga	1	0.0	tadyathā annaṃ vṛttikarāṇāṃ śreṣṭham udakamāśvāsakarāṇāṃ surā śramaharāṇāṃ kṣīraṃ jīvanīyānāṃ māṃsaṃ bṛṃhaṇīyānāṃ rasastarpaṇīyānāṃ lavaṇam annadravyarucikarāṇām amlaṃ hṛdyānāṃ kukkuṭo balyānāṃ nakrareto vṛṣyāṇāṃ madhu śleṣmapittapraśamanānāṃ sarpirvātapittapraśamanānāṃ tailaṃ vātaśleṣmapraśamanānāṃ vamanaṃ śleṣmaharāṇāṃ virecanaṃ pittaharāṇāṃ bastirvātaharāṇāṃ svedo mārdavakarāṇāṃ vyāyāmaḥ sthairyakarāṇāṃ kṣāraḥ puṃstvopaghātināṃ tindukam anannadravyarucikarāṇām āmaṃ kapittham utkaṇṭhyānām āvikaṃ sarpirahṛdyānām ajākṣīraṃ śoṣaghnastanyasātmyaraktasāṃgrāhikaraktapittapraśamanānām avikṣīraṃ śleṣmapittajananānāṃ mahiṣīkṣīraṃ svapnajananānāṃ mandakaṃ dadhyabhiṣyandakarāṇāṃ gavedhukānnaṃ karśanīyānām uddālakānnaṃ virūkṣaṇīyānām ikṣurmūtrajananānāṃ yavāḥ purīṣajananānāṃ jāmbavaṃ vātajananānāṃ śaṣkulyaḥ śleṣmapittajananānāṃ kulatthā amlapittajananānāṃ māṣāḥ śleṣmapittajananānāṃ madanaphalaṃ vamanāsthāpanānuvāsanopayogināṃ trivṛt sukhavirecanānāṃ caturaṅgulo mṛduvirecanānāṃ snukpayas tīkṣṇavirecanānāṃ pratyakpuṣpā śirovirecanānāṃ viḍaṅgaṃ krimighnānāṃ śirīṣo viṣaghnānāṃ khadiraḥ kuṣṭhaghnānāṃ rāsnā vātaharāṇām āmalakaṃ vayaḥsthāpanānāṃ harītakī pathyānām eraṇḍamūlaṃ vṛṣyavātaharāṇāṃ pippalīmūlaṃ dīpanīyapācanīyagudaśothārśaḥśūlaharāṇāṃ puṣkaramūlaṃ hikkāśvāsakāsapārśvaśūlaharāṇāṃ mustaṃ sāṃgrāhikadīpanīyapācanīyānām udīcyaṃ nirvāpaṇadīpanīyapācanīyacchardyatīsāraharāṇāṃ kaṭvaṅgaṃ sāṃgrāhikaraktapittapraśamanānām amṛtā sāṃgrāhikavātaharadīpanīyaśleṣmaśoṇitavibandhapraśamanānāṃ ativiṣā dīpanīyapācanīyasāṃgrāhikasarvadoṣaharāṇām utpalakumudapadmakiñjalkaḥ sāṃgrāhikaraktapittapraśamanānāṃ durālabhā pittaśleṣmapraśamanānāṃ gandhapriyaṅguḥ śoṇitapittātiyogapraśamanānāṃ kuṭajatvak śleṣmapittaraktasāṃgrāhikopaśoṣaṇānāṃ kāśmaryaphalaṃ raktasāṃgrāhikaraktapittapraśamanānāṃ pṛśniparṇī sāṃgrāhikavātaharadīpanīyavṛṣyāṇāṃ vidārigandhā vṛṣyasarvadoṣaharāṇāṃ balā sāṃgrāhikabalyavātaharāṇāṃ gokṣurako mūtrakṛcchrānilaharāṇāṃ hiṅguniryāsaś chedanīyadīpanīyānulomikavātakaphapraśamanānām amlavetaso bhedanīyadīpanīyānulomikavātaśleṣmaharāṇāṃ yāvaśūkaḥ sraṃsanīyapācanīyārśoghnānāṃ takrābhyāso grahaṇīdoṣaśophārśoghṛtavyāpatpraśamanānāṃ kravyānmāṃsarasābhyāso grahaṇīdoṣaśoṣārśoghnānāṃ kṣīraghṛtābhyāso rasāyanānāṃ samaghṛtasaktuprāśābhyāso vṛṣyodāvartaharānāṃ tailagaṇḍūṣābhyāso dantabalarucikarāṇāṃ candanaṃ durgandhaharadāhanirvāpaṇalepanānāṃ rāsnāguruṇī śītāpanayanapralepanānāṃ lāmajjakośīraṃ dāhatvagdoṣasvedāpanayanapralepanānāṃ kuṣṭhaṃ vātaharābhyaṅgopanāhopayogināṃ madhukaṃ cakṣuṣyavṛṣyakeśyakaṇṭhyavarṇyavirajanīyaropaṇīyānāṃ vāyuḥ prāṇasaṃjñāpradānahetūnām agnir āmastambhaśītaśūlodvepanapraśamanānāṃ jalaṃ stambhanīyānāṃ mṛdbhṛṣṭaloṣṭranirvāpitam udakaṃ tṛṣṇāchardyatiyogapraśamanānām atimātrāśanamāmapradoṣahetūnāṃ yathāgnyabhyavahāro 'gnisaṃdhukṣaṇānāṃ yathāsātmyaṃ ceṣṭābhyavahārau sevyānāṃ kālabhojanamārogyakarāṇāṃ tṛptirāhāraguṇānāṃ vegasaṃdhāraṇam anārogyakarāṇāṃ madyaṃ saumanasyajananānām madyākṣepo dhīdhṛtismṛtiharāṇāṃ gurubhojanaṃ durvipākakarāṇām ekāśanabhojanaṃ sukhapariṇāmakarāṇāṃ strīṣvatiprasaṅgaḥ śoṣakarāṇāṃ śukraveganigrahaḥ ṣāṇḍhyakarāṇāṃ parāghātanam annāśraddhājananānām anaśanamāyuṣo hrāsakarāṇāṃ pramitāśanaṃ karśanīyānām ajīrṇādhyaśanaṃ grahaṇīdūṣaṇānāṃ viṣamāśanamagnivaiṣamyakarāṇāṃ viruddhavīryāśanaṃ ninditavyādhikarāṇāṃ praśamaḥ pathyānāṃ āyāsaḥ sarvāpathyānāṃ mithyāyogo vyādhikarāṇāṃ rajasvalābhigamanamalakṣmīmukhānāṃ brahmacaryamāyuṣyāṇāṃ paradārābhigamanamanāyuṣyāṇāṃ saṅkalpo vṛṣyāṇāṃ daurmanasyam avṛṣyāṇām ayathābalamārambhaḥ prāṇoparodhināṃ viṣādo rogavardhanānāṃ snānaṃ śramaharāṇāṃ harṣaḥ prīṇanānāṃ śokaḥ śoṣaṇānāṃ nivṛttiḥ puṣṭikarāṇāṃ puṣṭiḥ svapnakarāṇām atisvapnastandrākarāṇāṃ sarvarasābhyāso balakarāṇām ekarasābhyāso daurbalyakarāṇāṃ garbhaśalyamāhāryāṇām ajīrṇamuddhāryāṇāṃ bālo mṛdubheṣajīyānāṃ vṛddho yāpyānāṃ garbhinī tīkṣṇauṣadhavyavāyavyāyāmavarjanīyānāṃ saumanasyaṃ garbhadhāraṇānāṃ sannipāto duścikitsyānām āmo viṣamacikitsyānāṃ jvaro rogāṇāṃ kuṣṭhaṃ dīrgharogāṇāṃ rājayakṣmā rogasamūhānāṃ prameho 'nuṣaṅgiṇāṃ jalaukaso 'nuśastrāṇāṃ bastistantrāṇāṃ himavānauṣadhibhūmīnāṃ soma oṣadhīnāṃ marubhūmirārogyadeśānām anūpo 'hitadeśānām nirdeśakāritvamāturaguṇānāṃ bhiṣak cikitsāṅgānāṃ nāstiko varjyānāṃ laulyaṃ kleśakarāṇām anirdeśakāritvamariṣṭānāṃ anirvedo vārttalakṣaṇānāṃ vaidyasamūho niḥsaṃśayakarāṇāṃ yogo vaidyaguṇānāṃ vijñānamauṣadhīnāṃ śāstrasahitastarkaḥ sādhanānāṃ sampratipattiḥ kālajñānaprayojanānām avyavasāyaḥ kālātipattihetūnāṃ dṛṣṭakarmatā niḥsaṃśayakarāṇām asamarthatā bhayakarāṇāṃ tadvidyasaṃbhāṣā buddhivardhanānām ācāryaḥ śāstrādhigamahetūnām āyurvedo 'mṛtānāṃ sadvacanamanuṣṭheyānām asadgrahaṇaṃ sarvāhitānāṃ sarvasaṃnyāsaḥ sukhānāmiti āyurvedo+'mṛtānāṃ
amṛtānām s → 'mṛtānāṃ s	anusvāra / nasal	1	0.0	tadyathā annaṃ vṛttikarāṇāṃ śreṣṭham udakamāśvāsakarāṇāṃ surā śramaharāṇāṃ kṣīraṃ jīvanīyānāṃ māṃsaṃ bṛṃhaṇīyānāṃ rasastarpaṇīyānāṃ lavaṇam annadravyarucikarāṇām amlaṃ hṛdyānāṃ kukkuṭo balyānāṃ nakrareto vṛṣyāṇāṃ madhu śleṣmapittapraśamanānāṃ sarpirvātapittapraśamanānāṃ tailaṃ vātaśleṣmapraśamanānāṃ vamanaṃ śleṣmaharāṇāṃ virecanaṃ pittaharāṇāṃ bastirvātaharāṇāṃ svedo mārdavakarāṇāṃ vyāyāmaḥ sthairyakarāṇāṃ kṣāraḥ puṃstvopaghātināṃ tindukam anannadravyarucikarāṇām āmaṃ kapittham utkaṇṭhyānām āvikaṃ sarpirahṛdyānām ajākṣīraṃ śoṣaghnastanyasātmyaraktasāṃgrāhikaraktapittapraśamanānām avikṣīraṃ śleṣmapittajananānāṃ mahiṣīkṣīraṃ svapnajananānāṃ mandakaṃ dadhyabhiṣyandakarāṇāṃ gavedhukānnaṃ karśanīyānām uddālakānnaṃ virūkṣaṇīyānām ikṣurmūtrajananānāṃ yavāḥ purīṣajananānāṃ jāmbavaṃ vātajananānāṃ śaṣkulyaḥ śleṣmapittajananānāṃ kulatthā amlapittajananānāṃ māṣāḥ śleṣmapittajananānāṃ madanaphalaṃ vamanāsthāpanānuvāsanopayogināṃ trivṛt sukhavirecanānāṃ caturaṅgulo mṛduvirecanānāṃ snukpayas tīkṣṇavirecanānāṃ pratyakpuṣpā śirovirecanānāṃ viḍaṅgaṃ krimighnānāṃ śirīṣo viṣaghnānāṃ khadiraḥ kuṣṭhaghnānāṃ rāsnā vātaharāṇām āmalakaṃ vayaḥsthāpanānāṃ harītakī pathyānām eraṇḍamūlaṃ vṛṣyavātaharāṇāṃ pippalīmūlaṃ dīpanīyapācanīyagudaśothārśaḥśūlaharāṇāṃ puṣkaramūlaṃ hikkāśvāsakāsapārśvaśūlaharāṇāṃ mustaṃ sāṃgrāhikadīpanīyapācanīyānām udīcyaṃ nirvāpaṇadīpanīyapācanīyacchardyatīsāraharāṇāṃ kaṭvaṅgaṃ sāṃgrāhikaraktapittapraśamanānām amṛtā sāṃgrāhikavātaharadīpanīyaśleṣmaśoṇitavibandhapraśamanānāṃ ativiṣā dīpanīyapācanīyasāṃgrāhikasarvadoṣaharāṇām utpalakumudapadmakiñjalkaḥ sāṃgrāhikaraktapittapraśamanānāṃ durālabhā pittaśleṣmapraśamanānāṃ gandhapriyaṅguḥ śoṇitapittātiyogapraśamanānāṃ kuṭajatvak śleṣmapittaraktasāṃgrāhikopaśoṣaṇānāṃ kāśmaryaphalaṃ raktasāṃgrāhikaraktapittapraśamanānāṃ pṛśniparṇī sāṃgrāhikavātaharadīpanīyavṛṣyāṇāṃ vidārigandhā vṛṣyasarvadoṣaharāṇāṃ balā sāṃgrāhikabalyavātaharāṇāṃ gokṣurako mūtrakṛcchrānilaharāṇāṃ hiṅguniryāsaś chedanīyadīpanīyānulomikavātakaphapraśamanānām amlavetaso bhedanīyadīpanīyānulomikavātaśleṣmaharāṇāṃ yāvaśūkaḥ sraṃsanīyapācanīyārśoghnānāṃ takrābhyāso grahaṇīdoṣaśophārśoghṛtavyāpatpraśamanānāṃ kravyānmāṃsarasābhyāso grahaṇīdoṣaśoṣārśoghnānāṃ kṣīraghṛtābhyāso rasāyanānāṃ samaghṛtasaktuprāśābhyāso vṛṣyodāvartaharānāṃ tailagaṇḍūṣābhyāso dantabalarucikarāṇāṃ candanaṃ durgandhaharadāhanirvāpaṇalepanānāṃ rāsnāguruṇī śītāpanayanapralepanānāṃ lāmajjakośīraṃ dāhatvagdoṣasvedāpanayanapralepanānāṃ kuṣṭhaṃ vātaharābhyaṅgopanāhopayogināṃ madhukaṃ cakṣuṣyavṛṣyakeśyakaṇṭhyavarṇyavirajanīyaropaṇīyānāṃ vāyuḥ prāṇasaṃjñāpradānahetūnām agnir āmastambhaśītaśūlodvepanapraśamanānāṃ jalaṃ stambhanīyānāṃ mṛdbhṛṣṭaloṣṭranirvāpitam udakaṃ tṛṣṇāchardyatiyogapraśamanānām atimātrāśanamāmapradoṣahetūnāṃ yathāgnyabhyavahāro 'gnisaṃdhukṣaṇānāṃ yathāsātmyaṃ ceṣṭābhyavahārau sevyānāṃ kālabhojanamārogyakarāṇāṃ tṛptirāhāraguṇānāṃ vegasaṃdhāraṇam anārogyakarāṇāṃ madyaṃ saumanasyajananānām madyākṣepo dhīdhṛtismṛtiharāṇāṃ gurubhojanaṃ durvipākakarāṇām ekāśanabhojanaṃ sukhapariṇāmakarāṇāṃ strīṣvatiprasaṅgaḥ śoṣakarāṇāṃ śukraveganigrahaḥ ṣāṇḍhyakarāṇāṃ parāghātanam annāśraddhājananānām anaśanamāyuṣo hrāsakarāṇāṃ pramitāśanaṃ karśanīyānām ajīrṇādhyaśanaṃ grahaṇīdūṣaṇānāṃ viṣamāśanamagnivaiṣamyakarāṇāṃ viruddhavīryāśanaṃ ninditavyādhikarāṇāṃ praśamaḥ pathyānāṃ āyāsaḥ sarvāpathyānāṃ mithyāyogo vyādhikarāṇāṃ rajasvalābhigamanamalakṣmīmukhānāṃ brahmacaryamāyuṣyāṇāṃ paradārābhigamanamanāyuṣyāṇāṃ saṅkalpo vṛṣyāṇāṃ daurmanasyam avṛṣyāṇām ayathābalamārambhaḥ prāṇoparodhināṃ viṣādo rogavardhanānāṃ snānaṃ śramaharāṇāṃ harṣaḥ prīṇanānāṃ śokaḥ śoṣaṇānāṃ nivṛttiḥ puṣṭikarāṇāṃ puṣṭiḥ svapnakarāṇām atisvapnastandrākarāṇāṃ sarvarasābhyāso balakarāṇām ekarasābhyāso daurbalyakarāṇāṃ garbhaśalyamāhāryāṇām ajīrṇamuddhāryāṇāṃ bālo mṛdubheṣajīyānāṃ vṛddho yāpyānāṃ garbhinī tīkṣṇauṣadhavyavāyavyāyāmavarjanīyānāṃ saumanasyaṃ garbhadhāraṇānāṃ sannipāto duścikitsyānām āmo viṣamacikitsyānāṃ jvaro rogāṇāṃ kuṣṭhaṃ dīrgharogāṇāṃ rājayakṣmā rogasamūhānāṃ prameho 'nuṣaṅgiṇāṃ jalaukaso 'nuśastrāṇāṃ bastistantrāṇāṃ himavānauṣadhibhūmīnāṃ soma oṣadhīnāṃ marubhūmirārogyadeśānām anūpo 'hitadeśānām nirdeśakāritvamāturaguṇānāṃ bhiṣak cikitsāṅgānāṃ nāstiko varjyānāṃ laulyaṃ kleśakarāṇām anirdeśakāritvamariṣṭānāṃ anirvedo vārttalakṣaṇānāṃ vaidyasamūho niḥsaṃśayakarāṇāṃ yogo vaidyaguṇānāṃ vijñānamauṣadhīnāṃ śāstrasahitastarkaḥ sādhanānāṃ sampratipattiḥ kālajñānaprayojanānām avyavasāyaḥ kālātipattihetūnāṃ dṛṣṭakarmatā niḥsaṃśayakarāṇām asamarthatā bhayakarāṇāṃ tadvidyasaṃbhāṣā buddhivardhanānām ācāryaḥ śāstrādhigamahetūnām āyurvedo 'mṛtānāṃ sadvacanamanuṣṭheyānām asadgrahaṇaṃ sarvāhitānāṃ sarvasaṃnyāsaḥ sukhānāmiti 'mṛtānāṃ+sat
h p → k p	consonant / other	1	0.0	tadyathā annaṃ vṛttikarāṇāṃ śreṣṭham udakamāśvāsakarāṇāṃ surā śramaharāṇāṃ kṣīraṃ jīvanīyānāṃ māṃsaṃ bṛṃhaṇīyānāṃ rasastarpaṇīyānāṃ lavaṇam annadravyarucikarāṇām amlaṃ hṛdyānāṃ kukkuṭo balyānāṃ nakrareto vṛṣyāṇāṃ madhu śleṣmapittapraśamanānāṃ sarpirvātapittapraśamanānāṃ tailaṃ vātaśleṣmapraśamanānāṃ vamanaṃ śleṣmaharāṇāṃ virecanaṃ pittaharāṇāṃ bastirvātaharāṇāṃ svedo mārdavakarāṇāṃ vyāyāmaḥ sthairyakarāṇāṃ kṣāraḥ puṃstvopaghātināṃ tindukam anannadravyarucikarāṇām āmaṃ kapittham utkaṇṭhyānām āvikaṃ sarpirahṛdyānām ajākṣīraṃ śoṣaghnastanyasātmyaraktasāṃgrāhikaraktapittapraśamanānām avikṣīraṃ śleṣmapittajananānāṃ mahiṣīkṣīraṃ svapnajananānāṃ mandakaṃ dadhyabhiṣyandakarāṇāṃ gavedhukānnaṃ karśanīyānām uddālakānnaṃ virūkṣaṇīyānām ikṣurmūtrajananānāṃ yavāḥ purīṣajananānāṃ jāmbavaṃ vātajananānāṃ śaṣkulyaḥ śleṣmapittajananānāṃ kulatthā amlapittajananānāṃ māṣāḥ śleṣmapittajananānāṃ madanaphalaṃ vamanāsthāpanānuvāsanopayogināṃ trivṛt sukhavirecanānāṃ caturaṅgulo mṛduvirecanānāṃ snukpayas tīkṣṇavirecanānāṃ pratyakpuṣpā śirovirecanānāṃ viḍaṅgaṃ krimighnānāṃ śirīṣo viṣaghnānāṃ khadiraḥ kuṣṭhaghnānāṃ rāsnā vātaharāṇām āmalakaṃ vayaḥsthāpanānāṃ harītakī pathyānām eraṇḍamūlaṃ vṛṣyavātaharāṇāṃ pippalīmūlaṃ dīpanīyapācanīyagudaśothārśaḥśūlaharāṇāṃ puṣkaramūlaṃ hikkāśvāsakāsapārśvaśūlaharāṇāṃ mustaṃ sāṃgrāhikadīpanīyapācanīyānām udīcyaṃ nirvāpaṇadīpanīyapācanīyacchardyatīsāraharāṇāṃ kaṭvaṅgaṃ sāṃgrāhikaraktapittapraśamanānām amṛtā sāṃgrāhikavātaharadīpanīyaśleṣmaśoṇitavibandhapraśamanānāṃ ativiṣā dīpanīyapācanīyasāṃgrāhikasarvadoṣaharāṇām utpalakumudapadmakiñjalkaḥ sāṃgrāhikaraktapittapraśamanānāṃ durālabhā pittaśleṣmapraśamanānāṃ gandhapriyaṅguḥ śoṇitapittātiyogapraśamanānāṃ kuṭajatvak śleṣmapittaraktasāṃgrāhikopaśoṣaṇānāṃ kāśmaryaphalaṃ raktasāṃgrāhikaraktapittapraśamanānāṃ pṛśniparṇī sāṃgrāhikavātaharadīpanīyavṛṣyāṇāṃ vidārigandhā vṛṣyasarvadoṣaharāṇāṃ balā sāṃgrāhikabalyavātaharāṇāṃ gokṣurako mūtrakṛcchrānilaharāṇāṃ hiṅguniryāsaś chedanīyadīpanīyānulomikavātakaphapraśamanānām amlavetaso bhedanīyadīpanīyānulomikavātaśleṣmaharāṇāṃ yāvaśūkaḥ sraṃsanīyapācanīyārśoghnānāṃ takrābhyāso grahaṇīdoṣaśophārśoghṛtavyāpatpraśamanānāṃ kravyānmāṃsarasābhyāso grahaṇīdoṣaśoṣārśoghnānāṃ kṣīraghṛtābhyāso rasāyanānāṃ samaghṛtasaktuprāśābhyāso vṛṣyodāvartaharānāṃ tailagaṇḍūṣābhyāso dantabalarucikarāṇāṃ candanaṃ durgandhaharadāhanirvāpaṇalepanānāṃ rāsnāguruṇī śītāpanayanapralepanānāṃ lāmajjakośīraṃ dāhatvagdoṣasvedāpanayanapralepanānāṃ kuṣṭhaṃ vātaharābhyaṅgopanāhopayogināṃ madhukaṃ cakṣuṣyavṛṣyakeśyakaṇṭhyavarṇyavirajanīyaropaṇīyānāṃ vāyuḥ prāṇasaṃjñāpradānahetūnām agnir āmastambhaśītaśūlodvepanapraśamanānāṃ jalaṃ stambhanīyānāṃ mṛdbhṛṣṭaloṣṭranirvāpitam udakaṃ tṛṣṇāchardyatiyogapraśamanānām atimātrāśanamāmapradoṣahetūnāṃ yathāgnyabhyavahāro 'gnisaṃdhukṣaṇānāṃ yathāsātmyaṃ ceṣṭābhyavahārau sevyānāṃ kālabhojanamārogyakarāṇāṃ tṛptirāhāraguṇānāṃ vegasaṃdhāraṇam anārogyakarāṇāṃ madyaṃ saumanasyajananānām madyākṣepo dhīdhṛtismṛtiharāṇāṃ gurubhojanaṃ durvipākakarāṇām ekāśanabhojanaṃ sukhapariṇāmakarāṇāṃ strīṣvatiprasaṅgaḥ śoṣakarāṇāṃ śukraveganigrahaḥ ṣāṇḍhyakarāṇāṃ parāghātanam annāśraddhājananānām anaśanamāyuṣo hrāsakarāṇāṃ pramitāśanaṃ karśanīyānām ajīrṇādhyaśanaṃ grahaṇīdūṣaṇānāṃ viṣamāśanamagnivaiṣamyakarāṇāṃ viruddhavīryāśanaṃ ninditavyādhikarāṇāṃ praśamaḥ pathyānāṃ āyāsaḥ sarvāpathyānāṃ mithyāyogo vyādhikarāṇāṃ rajasvalābhigamanamalakṣmīmukhānāṃ brahmacaryamāyuṣyāṇāṃ paradārābhigamanamanāyuṣyāṇāṃ saṅkalpo vṛṣyāṇāṃ daurmanasyam avṛṣyāṇām ayathābalamārambhaḥ prāṇoparodhināṃ viṣādo rogavardhanānāṃ snānaṃ śramaharāṇāṃ harṣaḥ prīṇanānāṃ śokaḥ śoṣaṇānāṃ nivṛttiḥ puṣṭikarāṇāṃ puṣṭiḥ svapnakarāṇām atisvapnastandrākarāṇāṃ sarvarasābhyāso balakarāṇām ekarasābhyāso daurbalyakarāṇāṃ garbhaśalyamāhāryāṇām ajīrṇamuddhāryāṇāṃ bālo mṛdubheṣajīyānāṃ vṛddho yāpyānāṃ garbhinī tīkṣṇauṣadhavyavāyavyāyāmavarjanīyānāṃ saumanasyaṃ garbhadhāraṇānāṃ sannipāto duścikitsyānām āmo viṣamacikitsyānāṃ jvaro rogāṇāṃ kuṣṭhaṃ dīrgharogāṇāṃ rājayakṣmā rogasamūhānāṃ prameho 'nuṣaṅgiṇāṃ jalaukaso 'nuśastrāṇāṃ bastistantrāṇāṃ himavānauṣadhibhūmīnāṃ soma oṣadhīnāṃ marubhūmirārogyadeśānām anūpo 'hitadeśānām nirdeśakāritvamāturaguṇānāṃ bhiṣak cikitsāṅgānāṃ nāstiko varjyānāṃ laulyaṃ kleśakarāṇām anirdeśakāritvamariṣṭānāṃ anirvedo vārttalakṣaṇānāṃ vaidyasamūho niḥsaṃśayakarāṇāṃ yogo vaidyaguṇānāṃ vijñānamauṣadhīnāṃ śāstrasahitastarkaḥ sādhanānāṃ sampratipattiḥ kālajñānaprayojanānām avyavasāyaḥ kālātipattihetūnāṃ dṛṣṭakarmatā niḥsaṃśayakarāṇām asamarthatā bhayakarāṇāṃ tadvidyasaṃbhāṣā buddhivardhanānām ācāryaḥ śāstrādhigamahetūnām āyurvedo 'mṛtānāṃ sadvacanamanuṣṭheyānām asadgrahaṇaṃ sarvāhitānāṃ sarvasaṃnyāsaḥ sukhānāmiti snuh+payaḥ→snukpayas
c ś → k ś	consonant / other	1	0.0	tadyathā annaṃ vṛttikarāṇāṃ śreṣṭham udakamāśvāsakarāṇāṃ surā śramaharāṇāṃ kṣīraṃ jīvanīyānāṃ māṃsaṃ bṛṃhaṇīyānāṃ rasastarpaṇīyānāṃ lavaṇam annadravyarucikarāṇām amlaṃ hṛdyānāṃ kukkuṭo balyānāṃ nakrareto vṛṣyāṇāṃ madhu śleṣmapittapraśamanānāṃ sarpirvātapittapraśamanānāṃ tailaṃ vātaśleṣmapraśamanānāṃ vamanaṃ śleṣmaharāṇāṃ virecanaṃ pittaharāṇāṃ bastirvātaharāṇāṃ svedo mārdavakarāṇāṃ vyāyāmaḥ sthairyakarāṇāṃ kṣāraḥ puṃstvopaghātināṃ tindukam anannadravyarucikarāṇām āmaṃ kapittham utkaṇṭhyānām āvikaṃ sarpirahṛdyānām ajākṣīraṃ śoṣaghnastanyasātmyaraktasāṃgrāhikaraktapittapraśamanānām avikṣīraṃ śleṣmapittajananānāṃ mahiṣīkṣīraṃ svapnajananānāṃ mandakaṃ dadhyabhiṣyandakarāṇāṃ gavedhukānnaṃ karśanīyānām uddālakānnaṃ virūkṣaṇīyānām ikṣurmūtrajananānāṃ yavāḥ purīṣajananānāṃ jāmbavaṃ vātajananānāṃ śaṣkulyaḥ śleṣmapittajananānāṃ kulatthā amlapittajananānāṃ māṣāḥ śleṣmapittajananānāṃ madanaphalaṃ vamanāsthāpanānuvāsanopayogināṃ trivṛt sukhavirecanānāṃ caturaṅgulo mṛduvirecanānāṃ snukpayas tīkṣṇavirecanānāṃ pratyakpuṣpā śirovirecanānāṃ viḍaṅgaṃ krimighnānāṃ śirīṣo viṣaghnānāṃ khadiraḥ kuṣṭhaghnānāṃ rāsnā vātaharāṇām āmalakaṃ vayaḥsthāpanānāṃ harītakī pathyānām eraṇḍamūlaṃ vṛṣyavātaharāṇāṃ pippalīmūlaṃ dīpanīyapācanīyagudaśothārśaḥśūlaharāṇāṃ puṣkaramūlaṃ hikkāśvāsakāsapārśvaśūlaharāṇāṃ mustaṃ sāṃgrāhikadīpanīyapācanīyānām udīcyaṃ nirvāpaṇadīpanīyapācanīyacchardyatīsāraharāṇāṃ kaṭvaṅgaṃ sāṃgrāhikaraktapittapraśamanānām amṛtā sāṃgrāhikavātaharadīpanīyaśleṣmaśoṇitavibandhapraśamanānāṃ ativiṣā dīpanīyapācanīyasāṃgrāhikasarvadoṣaharāṇām utpalakumudapadmakiñjalkaḥ sāṃgrāhikaraktapittapraśamanānāṃ durālabhā pittaśleṣmapraśamanānāṃ gandhapriyaṅguḥ śoṇitapittātiyogapraśamanānāṃ kuṭajatvak śleṣmapittaraktasāṃgrāhikopaśoṣaṇānāṃ kāśmaryaphalaṃ raktasāṃgrāhikaraktapittapraśamanānāṃ pṛśniparṇī sāṃgrāhikavātaharadīpanīyavṛṣyāṇāṃ vidārigandhā vṛṣyasarvadoṣaharāṇāṃ balā sāṃgrāhikabalyavātaharāṇāṃ gokṣurako mūtrakṛcchrānilaharāṇāṃ hiṅguniryāsaś chedanīyadīpanīyānulomikavātakaphapraśamanānām amlavetaso bhedanīyadīpanīyānulomikavātaśleṣmaharāṇāṃ yāvaśūkaḥ sraṃsanīyapācanīyārśoghnānāṃ takrābhyāso grahaṇīdoṣaśophārśoghṛtavyāpatpraśamanānāṃ kravyānmāṃsarasābhyāso grahaṇīdoṣaśoṣārśoghnānāṃ kṣīraghṛtābhyāso rasāyanānāṃ samaghṛtasaktuprāśābhyāso vṛṣyodāvartaharānāṃ tailagaṇḍūṣābhyāso dantabalarucikarāṇāṃ candanaṃ durgandhaharadāhanirvāpaṇalepanānāṃ rāsnāguruṇī śītāpanayanapralepanānāṃ lāmajjakośīraṃ dāhatvagdoṣasvedāpanayanapralepanānāṃ kuṣṭhaṃ vātaharābhyaṅgopanāhopayogināṃ madhukaṃ cakṣuṣyavṛṣyakeśyakaṇṭhyavarṇyavirajanīyaropaṇīyānāṃ vāyuḥ prāṇasaṃjñāpradānahetūnām agnir āmastambhaśītaśūlodvepanapraśamanānāṃ jalaṃ stambhanīyānāṃ mṛdbhṛṣṭaloṣṭranirvāpitam udakaṃ tṛṣṇāchardyatiyogapraśamanānām atimātrāśanamāmapradoṣahetūnāṃ yathāgnyabhyavahāro 'gnisaṃdhukṣaṇānāṃ yathāsātmyaṃ ceṣṭābhyavahārau sevyānāṃ kālabhojanamārogyakarāṇāṃ tṛptirāhāraguṇānāṃ vegasaṃdhāraṇam anārogyakarāṇāṃ madyaṃ saumanasyajananānām madyākṣepo dhīdhṛtismṛtiharāṇāṃ gurubhojanaṃ durvipākakarāṇām ekāśanabhojanaṃ sukhapariṇāmakarāṇāṃ strīṣvatiprasaṅgaḥ śoṣakarāṇāṃ śukraveganigrahaḥ ṣāṇḍhyakarāṇāṃ parāghātanam annāśraddhājananānām anaśanamāyuṣo hrāsakarāṇāṃ pramitāśanaṃ karśanīyānām ajīrṇādhyaśanaṃ grahaṇīdūṣaṇānāṃ viṣamāśanamagnivaiṣamyakarāṇāṃ viruddhavīryāśanaṃ ninditavyādhikarāṇāṃ praśamaḥ pathyānāṃ āyāsaḥ sarvāpathyānāṃ mithyāyogo vyādhikarāṇāṃ rajasvalābhigamanamalakṣmīmukhānāṃ brahmacaryamāyuṣyāṇāṃ paradārābhigamanamanāyuṣyāṇāṃ saṅkalpo vṛṣyāṇāṃ daurmanasyam avṛṣyāṇām ayathābalamārambhaḥ prāṇoparodhināṃ viṣādo rogavardhanānāṃ snānaṃ śramaharāṇāṃ harṣaḥ prīṇanānāṃ śokaḥ śoṣaṇānāṃ nivṛttiḥ puṣṭikarāṇāṃ puṣṭiḥ svapnakarāṇām atisvapnastandrākarāṇāṃ sarvarasābhyāso balakarāṇām ekarasābhyāso daurbalyakarāṇāṃ garbhaśalyamāhāryāṇām ajīrṇamuddhāryāṇāṃ bālo mṛdubheṣajīyānāṃ vṛddho yāpyānāṃ garbhinī tīkṣṇauṣadhavyavāyavyāyāmavarjanīyānāṃ saumanasyaṃ garbhadhāraṇānāṃ sannipāto duścikitsyānām āmo viṣamacikitsyānāṃ jvaro rogāṇāṃ kuṣṭhaṃ dīrgharogāṇāṃ rājayakṣmā rogasamūhānāṃ prameho 'nuṣaṅgiṇāṃ jalaukaso 'nuśastrāṇāṃ bastistantrāṇāṃ himavānauṣadhibhūmīnāṃ soma oṣadhīnāṃ marubhūmirārogyadeśānām anūpo 'hitadeśānām nirdeśakāritvamāturaguṇānāṃ bhiṣak cikitsāṅgānāṃ nāstiko varjyānāṃ laulyaṃ kleśakarāṇām anirdeśakāritvamariṣṭānāṃ anirvedo vārttalakṣaṇānāṃ vaidyasamūho niḥsaṃśayakarāṇāṃ yogo vaidyaguṇānāṃ vijñānamauṣadhīnāṃ śāstrasahitastarkaḥ sādhanānāṃ sampratipattiḥ kālajñānaprayojanānām avyavasāyaḥ kālātipattihetūnāṃ dṛṣṭakarmatā niḥsaṃśayakarāṇām asamarthatā bhayakarāṇāṃ tadvidyasaṃbhāṣā buddhivardhanānām ācāryaḥ śāstrādhigamahetūnām āyurvedo 'mṛtānāṃ sadvacanamanuṣṭheyānām asadgrahaṇaṃ sarvāhitānāṃ sarvasaṃnyāsaḥ sukhānāmiti tvac→kuṭajatvak +śleṣma
inaḥ a → o a	visarga	1	0.0	pathyaṃ patho 'napetaṃ yadyaccoktaṃ manasaḥ priyam patho+an
agniveśaiḥ s → 'gniveśa s	visarga	1	0.0	tamuvāca bhagavānātreyaḥ dhānyaphalamūlasārapuṣpakāṇḍapattratvaco bhavantyāsavayonayo 'gniveśa saṃgraheṇāṣṭau śarkarānavamīkāḥ 'gniveśa+saṃgrahena
k r → g r	consonant / other	1	0.0	babhūvārthavidāṃ samyagrasāhāraviniścaye samyak+rasa→samyagrasāhāraviniścaye
j ā → k ā	consonant / other	1	0.0	aparisaṃkhyeyā rasā iti kāṅkāyano vāhlīkabhiṣak āśrayaguṇakarmasaṃsvādaviśeṣāṇām aparisaṃkhyeyatvāt bhiṣaj→vāhlīkabhiṣak +āśraya
yāḥ g → er g	visarga	1	0.0	teṣāṃ ṣaṇṇāṃ rasānāṃ yonirudakaṃ chedanopaśamane dve karmaṇī tayor miśrībhāvāt sādhāraṇatvaṃ svādvasvādutā bhaktiḥ hitāhitau prabhāvau pañcamahābhūtavikārās tv āśrayāḥ prakṛtivikṛtivicāradeśakālavaśāḥ teṣvāśrayeṣu dravyasaṃjñakeṣu guṇā gurulaghuśītoṣṇasnigdharūkṣādyāḥ kṣaraṇāt kṣāraḥ nāsau rasaḥ dravyaṃ tadanekarasasamutpannam anekarasaṃ kaṭukalavaṇabhūyiṣṭham anekendriyārthasamanvitaṃ karaṇābhinirvṛttam avyaktībhāvastu khalu rasānāṃ prakṛtau bhavatyanurase 'nurasasamanvite vā dravye aparisaṃkhyeyatvaṃ punas teṣām āśrayādīnāṃ bhāvānāṃ viśeṣāparisaṃkhyeyatvānna yuktam ekaiko 'pi hy eṣām āśrayādīnāṃ bhāvānāṃ viśeṣān āśrayate viśeṣāparisaṃkhyeyatvāt na ca tasmād anyatvam upapadyate parasārasaṃsṛṣṭabhūyiṣṭhatvānna caiṣām abhinirvṛtter guṇaprakṛtīnām aparisaṃkhyeyatvaṃ bhavati tasmānna saṃsṛṣṭānāṃ rasānāṃ karmopadiśanti buddhimantaḥ abhinirvṛtter+guṇa
ṇām k → nāṃ k	anusvāra / nasal	1	0.0	teṣāṃ ṣaṇṇāṃ rasānāṃ yonirudakaṃ chedanopaśamane dve karmaṇī tayor miśrībhāvāt sādhāraṇatvaṃ svādvasvādutā bhaktiḥ hitāhitau prabhāvau pañcamahābhūtavikārās tv āśrayāḥ prakṛtivikṛtivicāradeśakālavaśāḥ teṣvāśrayeṣu dravyasaṃjñakeṣu guṇā gurulaghuśītoṣṇasnigdharūkṣādyāḥ kṣaraṇāt kṣāraḥ nāsau rasaḥ dravyaṃ tadanekarasasamutpannam anekarasaṃ kaṭukalavaṇabhūyiṣṭham anekendriyārthasamanvitaṃ karaṇābhinirvṛttam avyaktībhāvastu khalu rasānāṃ prakṛtau bhavatyanurase 'nurasasamanvite vā dravye aparisaṃkhyeyatvaṃ punas teṣām āśrayādīnāṃ bhāvānāṃ viśeṣāparisaṃkhyeyatvānna yuktam ekaiko 'pi hy eṣām āśrayādīnāṃ bhāvānāṃ viśeṣān āśrayate viśeṣāparisaṃkhyeyatvāt na ca tasmād anyatvam upapadyate parasārasaṃsṛṣṭabhūyiṣṭhatvānna caiṣām abhinirvṛtter guṇaprakṛtīnām aparisaṃkhyeyatvaṃ bhavati tasmānna saṃsṛṣṭānāṃ rasānāṃ karmopadiśanti buddhimantaḥ rasānāṃ+karma
_ g → dravyasaṃjñakeṣu g	anusvāra / nasal	1	0.0	teṣāṃ ṣaṇṇāṃ rasānāṃ yonirudakaṃ chedanopaśamane dve karmaṇī tayor miśrībhāvāt sādhāraṇatvaṃ svādvasvādutā bhaktiḥ hitāhitau prabhāvau pañcamahābhūtavikārās tv āśrayāḥ prakṛtivikṛtivicāradeśakālavaśāḥ teṣvāśrayeṣu dravyasaṃjñakeṣu guṇā gurulaghuśītoṣṇasnigdharūkṣādyāḥ kṣaraṇāt kṣāraḥ nāsau rasaḥ dravyaṃ tadanekarasasamutpannam anekarasaṃ kaṭukalavaṇabhūyiṣṭham anekendriyārthasamanvitaṃ karaṇābhinirvṛttam avyaktībhāvastu khalu rasānāṃ prakṛtau bhavatyanurase 'nurasasamanvite vā dravye aparisaṃkhyeyatvaṃ punas teṣām āśrayādīnāṃ bhāvānāṃ viśeṣāparisaṃkhyeyatvānna yuktam ekaiko 'pi hy eṣām āśrayādīnāṃ bhāvānāṃ viśeṣān āśrayate viśeṣāparisaṃkhyeyatvāt na ca tasmād anyatvam upapadyate parasārasaṃsṛṣṭabhūyiṣṭhatvānna caiṣām abhinirvṛtter guṇaprakṛtīnām aparisaṃkhyeyatvaṃ bhavati tasmānna saṃsṛṣṭānāṃ rasānāṃ karmopadiśanti buddhimantaḥ _→dravyasaṃjñakeṣu +guṇā
ī k → Ø k	consonant / other	1	0.0	saṃyogāḥ saptapañcāśat kalpanā tu triṣaṣṭidhā saptapañcāśat+kalpanā
ṇām t → nāṃ t	anusvāra / nasal	1	0.0	rasānāṃ tatra yogyatvāt kalpitā rasacintakaiḥ rasānāṃ+tatra
ḥ anityaḥ → ḥ 'nitya	visarga	1	0.0	dravyāṇāṃ dvaṃdvasarvaikakarmajo 'nitya eva ca jaḥ+'nitya
anityaḥ e → 'nitya e	visarga	1	0.0	dravyāṇāṃ dvaṃdvasarvaikakarmajo 'nitya eva ca 'nitya+eva
avaḥ c → vyaś c	visarga	1	0.0	saumyāḥ khalvāpo'ntarikṣaprabhavāḥ prakṛtiśītā laghvyaś cāvyaktarasāśca tāstvantarikṣādbhraśyamānā bhraṣṭāśca pañcamahāguṇasamanvitā jaṅgamasthāvarāṇāṃ bhūtānāṃ mūrtīr abhiprīṇayanti tāsu mūrtiṣu ṣaḍ abhimūrchanti rasāḥ laghvyaś+ca
_ l → prāyeṇordhvabhājaḥ l	consonant / other	1	0.0	tatrāgnimārutātmakā rasāḥ prāyeṇordhvabhājaḥ lāghavādutplavanatvāc ca vāyorūrdhvajvalanatvācca vahneḥ salilapṛthivyātmakāstu prāyeṇādhobhājaḥ pṛthivyā gurutvān nimnagatvāc codakasya vyāmiśrātmakāḥ punar ubhayatobhājaḥ _→prāyeṇordhvabhājaḥ +lāghavāt
aḥ avaraḥ → o 'varas	visarga	1	0.0	gaurave lāghave caiva so 'varas tūbhayorapi so+'varas
avaraḥ t → 'varas t	visarga	1	0.0	gaurave lāghave caiva so 'varas tūbhayorapi 'varas+tu
c → ṃllimpatīva c	anusvāra / nasal	1	0.0	mukhastho madhuraścāsyaṃ vyāpnuvaṃllimpatīva ca iva→vyāpnuvaṃllimpatīva +ca
ṇām n → nāṃ n	anusvāra / nasal	1	0.0	saṃvejayedyo rasānāṃ nipāte tudatīva ca rasānāṃ+nipāte
aḥ r → edyo r	visarga	1	0.0	saṃvejayedyo rasānāṃ nipāte tudatīva ca yaḥ→saṃvejayedyo +rasānāṃ
ḥ r → stambhajāḍyairyo r	visarga	1	0.0	vaiśadyastambhajāḍyairyo rasanaṃ yojayedrasaḥ yaḥ→vaiśadyastambhajāḍyairyo +rasanaṃ
_ s → madhusarpiṣī s	consonant / other	1	0.0	madhusarpiṣī samadhṛte cāntarikṣaṃ samadhṛtaṃ madhu puṣkarabījaṃ madhu pītvoṣṇodakaṃ bhallātakoṣṇodakaṃ takrasiddhaḥ kampillakaḥ paryuṣitā kākamācī aṅgāraśūlyo bhāsaśceti viruddhāni _→madhusarpiṣī +samadhṛte
āt j → ato j	consonant / other	1	0.0	viruddhaṃ vīryato jñeyaṃ vīryataḥ śītalātmakam vīryato+jñeyaṃ
_ p → prāṇisaṃjñakānāṃ p	anusvāra / nasal	1	0.0	iṣṭavarṇagandharasasparśaṃ vidhivihitamannapānaṃ prāṇināṃ prāṇisaṃjñakānāṃ prāṇamācakṣate kuśalāḥ pratyakṣaphaladarśanāt tadindhanā hy antaragneḥ sthitiḥ tat sattvam ūrjayati taccharīradhātuvyūhabalavarṇendriyaprasādakaraṃ yathoktamupasevyamānaṃ viparītamahitāya sampadyate _→prāṇisaṃjñakānāṃ +prāṇam
aḥ jh → o jh	visarga	1	0.0	mukundo jhiṇṭigarmūṭī varukā varakāstathā mukundo+jhiṇṭi
naḥ r → ṇo r	visarga	1	0.0	madhurā madhurāḥ pāke grāhiṇo rūkṣaśītalāḥ grāhiṇo+rūkṣa
m → ṇakāśca m	anusvāra / nasal	1	0.0	caṇakāśca masūrāśca khaṇḍikāḥ sahareṇavaḥ ca→caṇakāśca +masūrāḥ
āḥ r → yo r	visarga	1	0.0	madhurāḥ śītalā gurvyo balaghnyo rūkṣaṇātmikāḥ ghnāḥ→balaghnyo +rūkṣaṇa
v → rtīrakaścaiva v	consonant / other	1	0.0	lāvo vartīrakaścaiva vārtīkaḥ sakapiñjalaḥ eva→vartīrakaścaiva +vārtīkaḥ
k → koraścopacakraśca k	consonant / other	1	0.0	cakoraścopacakraśca kukkubho raktavartmakaḥ ca→cakoraścopacakraśca +kukkubho
v → karaścaiva v	consonant / other	1	0.0	krakaro'vakaraścaiva vāraḍaśceti viṣkirāḥ eva→krakaro'vakaraścaiva +vāraḍaḥ
āḥ b → asī b	visarga	1	0.0	śreyasī bilvaparṇī ca bilvapattraṃ tu vātanut śreyasī+bilvaparṇī
avaḥ anyāḥ → vyo 'nyāś	visarga	1	0.0	sarpacchattrakavarjyās tu bahvyo 'nyāś chattrajātayaḥ bahvyo+'nyāś
anyāḥ ch → 'nyāś ch	visarga	1	0.0	sarpacchattrakavarjyās tu bahvyo 'nyāś chattrajātayaḥ 'nyāś+chattra
_ c → pīn	consonant / other	1	0.0	śītāḥ pīnasakartryaśca madhurā gurvya eva ca _+ca→pīnasakartryaśca
m ṭ → ṃ ṭ	anusvāra / nasal	1	0.0	kaṣāyamadhuraṃ ṭaṅkaṃ vātalaṃ guru śītalam madhuram→kaṣāyamadhuraṃ +ṭaṅkaṃ
_ ś → dhātuprasādasaṃjñakāni ś	anusvāra / nasal	1	0.0	puṣyanti tv āhārarasād rasarudhiramāṃsamedo'sthimajjaśukraujāṃsi pañcendriyadravyāṇi dhātuprasādasaṃjñakāni śarīrasaṃdhibandhapicchādayaś cāvayavāḥ _→dhātuprasādasaṃjñakāni +śarīra
i ṛ → y ṛ	vowel coalescence	1	0.0	tamuvāca bhagavānātreyo na hitāhāropayoginām agniveśa tannimittā vyādhayo jāyante na ca kevalaṃ hitāhāropayogādeva sarvavyādhibhayam atikrāntaṃ bhavati santi hy ṛte 'pyahitāhāropayogād anyā rogaprakṛtayaḥ tadyathā kālaviparyayaḥ prajñāparādhaḥ śabdasparśarūparasagandhāścāsātmyā iti hy+ṛte
ṇi a → ny a	consonant / other	1	0.0	śarīrāṇi cātisthūlānyatikṛśāny aniviṣṭamāṃsaśoṇitāsthīni durbalāny asātmyāhāropacitāny alpāhārāṇy alpasattvāni ca bhavantyavyādhisahāni viparītāni punarvyādhisahāni durbalāny+asātmya
nām p → ṇāṃ p	anusvāra / nasal	1	0.0	ninditāni pramehāṇāṃ pūrvarūpāṇi yāni ca pramehāṇāṃ+pūrvarūpāṇi
a v → u v	consonant / other	1	0.0	āharasya vidhāv aṣṭau viśeṣā hetusaṃjñakāḥ aṣṭau+viśeṣā
yāḥ m → o m	visarga	1	0.0	bhagavānuvāca ya ime kulīnāḥ paryavadātaśrutāḥ paridṛṣṭakarmāṇo dakṣāḥ śucayo jitahastā jitātmānaḥ sarvopakaraṇavantaḥ sarvendriyopapannāḥ prakṛtijñāḥ pratipattijñāśca te jñeyāḥ prāṇānāmabhisarā hantāro rogāṇāṃ tathāvidhā hi kevale śarīrajñāne śarīrābhinirvṛttijñāne prakṛtivikārajñāne ca niḥsaṃśayāḥ sukhasādhyakṛcchrasādhyayāpyapratyākhyeyānāṃ ca rogāṇāṃ samutthānapūrvarūpaliṅgavedanopaśayaviśeṣajñāne vyapagatasaṃdehāḥ trividhasyāyurvedasūtrasya sasaṃgrahavyākaraṇasya satrividhauṣadhagrāmasya pravaktāraḥ pañcatriṃśato mūlaphalānāṃ caturṇāṃ ca snehānāṃ pañcānāṃ ca lavaṇānāmaṣṭānāṃ ca mūtrāṇām aṣṭānāṃ ca kṣīrāṇāṃ kṣīratvagvṛkṣāṇāṃ ca ṣaṇṇāṃ śirovirecanādeśca pañcakarmāśrayasyauṣadhagaṇasyāṣṭāviṃśateśca yavāgūnāṃ dvātriṃśataścūrṇapradehānāṃ ṣaṇṇāṃ ca virecanaśatānāṃ pañcānāṃ ca kaṣāyaśatānāṃ prayoktāraḥ svasthavṛttavihitabhojanapānaniyamasthānacaṅkramaṇaśayanāsanamātrādravyāñjanadhūmanāvanābhyañjanaparimārjanavegāvidhāraṇavidhāraṇavyāyāmasātmyendriyaparīkṣopakramaṇasadvṛttakuśalāḥ catuṣpādopagṛhīte ca bheṣaje ṣoḍaśakale saviniścaye satriparyeṣaṇe savātakalākalajñāne vyapagatasandehāḥ caturvidhasya ca snehasya caturviṃśatyupanayasyopakalpanīyasya catuḥṣaṣṭiparyantasya ca vyavasthāpayitāraḥ bahuvidhavidhānayuktānāṃ ca snehyasvedyavamyavirecyavividhauṣadhopacārāṇāṃ ca kuśalāḥ śirorogāderdoṣāṃśavikalpajasya ca vyādhisaṃgrahasya sakṣayapiḍakāvidradhestrayāṇāṃ ca śophānāṃ bahuvidhaśophānubandhānāmaṣṭacatvāriṃśataśca rogādhikaraṇānāṃ catvāriṃśaduttarasya ca nānātmajasya vyādhiśatasya tathā vigarhitātisthūlātikṛśānāṃ sahetulakṣaṇopakramāṇāṃ svapnasya ca hitāhitasyāsvapnātisvapnasya ca sahetūpakramasya ṣaṇṇāṃ ca laṅghanādīnāmupakramāṇāṃ saṃtarpaṇāpatarpaṇajānāṃ ca rogāṇāṃ sarūpapraśamanānāṃ śoṇitajānāṃ ca vyādhīnāṃ madamūrcchāyasaṃnyāsānāṃ ca sakāraṇarūpauṣadhopacārāṇāṃ kuśalāḥ kuśalāścāhāravidhiviniścayasya prakṛtyā hitāhitānām āhāravikārāṇām agryasaṃgrahasyāsavānāṃ ca caturaśīterdravyaguṇakarmaviniścayasya rasānurasasaṃśrayasya savikalpavairodhikasya dvādaśavargāśrayasya cānnapānasya saguṇaprabhāvasya sānupānaguṇasya navavidhasyārthasaṃgrahasyāhāragateśca hitāhitopayogaviśeṣātmakasya ca śubhāśubhaviśeṣasya dhātvāśrayāṇāṃ ca rogāṇāṃ sauṣadhasaṃgrahāṇāṃ daśānāṃ ca prāṇāyatanānāṃ yaṃ ca vakṣyāmyarthedaśamahāmūlīye triṃśattamādhyāye tatra ca kṛtsnasya tantroddeśalakṣaṇasya tantrasya ca grahaṇadhāraṇavijñānaprayogakarmakāryakālakartṛkaraṇakuśalāḥ kuśalāśca smṛtimatiśāstrayuktijñānasyātmanaḥ śīlaguṇair avisaṃvādanena ca saṃpādanena sarvaprāṇiṣu cetaso maitrasya mātāpitṛbhrātṛbandhuvat evaṃyuktā bhavantyagniveśa prāṇānāmabhisarā hantāro rogāṇāmiti pañcatriṃśato+mūla
a _ → a yavāgūnāṃ	anusvāra / nasal	1	0.0	bhagavānuvāca ya ime kulīnāḥ paryavadātaśrutāḥ paridṛṣṭakarmāṇo dakṣāḥ śucayo jitahastā jitātmānaḥ sarvopakaraṇavantaḥ sarvendriyopapannāḥ prakṛtijñāḥ pratipattijñāśca te jñeyāḥ prāṇānāmabhisarā hantāro rogāṇāṃ tathāvidhā hi kevale śarīrajñāne śarīrābhinirvṛttijñāne prakṛtivikārajñāne ca niḥsaṃśayāḥ sukhasādhyakṛcchrasādhyayāpyapratyākhyeyānāṃ ca rogāṇāṃ samutthānapūrvarūpaliṅgavedanopaśayaviśeṣajñāne vyapagatasaṃdehāḥ trividhasyāyurvedasūtrasya sasaṃgrahavyākaraṇasya satrividhauṣadhagrāmasya pravaktāraḥ pañcatriṃśato mūlaphalānāṃ caturṇāṃ ca snehānāṃ pañcānāṃ ca lavaṇānāmaṣṭānāṃ ca mūtrāṇām aṣṭānāṃ ca kṣīrāṇāṃ kṣīratvagvṛkṣāṇāṃ ca ṣaṇṇāṃ śirovirecanādeśca pañcakarmāśrayasyauṣadhagaṇasyāṣṭāviṃśateśca yavāgūnāṃ dvātriṃśataścūrṇapradehānāṃ ṣaṇṇāṃ ca virecanaśatānāṃ pañcānāṃ ca kaṣāyaśatānāṃ prayoktāraḥ svasthavṛttavihitabhojanapānaniyamasthānacaṅkramaṇaśayanāsanamātrādravyāñjanadhūmanāvanābhyañjanaparimārjanavegāvidhāraṇavidhāraṇavyāyāmasātmyendriyaparīkṣopakramaṇasadvṛttakuśalāḥ catuṣpādopagṛhīte ca bheṣaje ṣoḍaśakale saviniścaye satriparyeṣaṇe savātakalākalajñāne vyapagatasandehāḥ caturvidhasya ca snehasya caturviṃśatyupanayasyopakalpanīyasya catuḥṣaṣṭiparyantasya ca vyavasthāpayitāraḥ bahuvidhavidhānayuktānāṃ ca snehyasvedyavamyavirecyavividhauṣadhopacārāṇāṃ ca kuśalāḥ śirorogāderdoṣāṃśavikalpajasya ca vyādhisaṃgrahasya sakṣayapiḍakāvidradhestrayāṇāṃ ca śophānāṃ bahuvidhaśophānubandhānāmaṣṭacatvāriṃśataśca rogādhikaraṇānāṃ catvāriṃśaduttarasya ca nānātmajasya vyādhiśatasya tathā vigarhitātisthūlātikṛśānāṃ sahetulakṣaṇopakramāṇāṃ svapnasya ca hitāhitasyāsvapnātisvapnasya ca sahetūpakramasya ṣaṇṇāṃ ca laṅghanādīnāmupakramāṇāṃ saṃtarpaṇāpatarpaṇajānāṃ ca rogāṇāṃ sarūpapraśamanānāṃ śoṇitajānāṃ ca vyādhīnāṃ madamūrcchāyasaṃnyāsānāṃ ca sakāraṇarūpauṣadhopacārāṇāṃ kuśalāḥ kuśalāścāhāravidhiviniścayasya prakṛtyā hitāhitānām āhāravikārāṇām agryasaṃgrahasyāsavānāṃ ca caturaśīterdravyaguṇakarmaviniścayasya rasānurasasaṃśrayasya savikalpavairodhikasya dvādaśavargāśrayasya cānnapānasya saguṇaprabhāvasya sānupānaguṇasya navavidhasyārthasaṃgrahasyāhāragateśca hitāhitopayogaviśeṣātmakasya ca śubhāśubhaviśeṣasya dhātvāśrayāṇāṃ ca rogāṇāṃ sauṣadhasaṃgrahāṇāṃ daśānāṃ ca prāṇāyatanānāṃ yaṃ ca vakṣyāmyarthedaśamahāmūlīye triṃśattamādhyāye tatra ca kṛtsnasya tantroddeśalakṣaṇasya tantrasya ca grahaṇadhāraṇavijñānaprayogakarmakāryakālakartṛkaraṇakuśalāḥ kuśalāśca smṛtimatiśāstrayuktijñānasyātmanaḥ śīlaguṇair avisaṃvādanena ca saṃpādanena sarvaprāṇiṣu cetaso maitrasya mātāpitṛbhrātṛbandhuvat evaṃyuktā bhavantyagniveśa prāṇānāmabhisarā hantāro rogāṇāmiti ca+yavāgūnāṃ
_ d → yavāgūnāṃ d	anusvāra / nasal	1	0.0	bhagavānuvāca ya ime kulīnāḥ paryavadātaśrutāḥ paridṛṣṭakarmāṇo dakṣāḥ śucayo jitahastā jitātmānaḥ sarvopakaraṇavantaḥ sarvendriyopapannāḥ prakṛtijñāḥ pratipattijñāśca te jñeyāḥ prāṇānāmabhisarā hantāro rogāṇāṃ tathāvidhā hi kevale śarīrajñāne śarīrābhinirvṛttijñāne prakṛtivikārajñāne ca niḥsaṃśayāḥ sukhasādhyakṛcchrasādhyayāpyapratyākhyeyānāṃ ca rogāṇāṃ samutthānapūrvarūpaliṅgavedanopaśayaviśeṣajñāne vyapagatasaṃdehāḥ trividhasyāyurvedasūtrasya sasaṃgrahavyākaraṇasya satrividhauṣadhagrāmasya pravaktāraḥ pañcatriṃśato mūlaphalānāṃ caturṇāṃ ca snehānāṃ pañcānāṃ ca lavaṇānāmaṣṭānāṃ ca mūtrāṇām aṣṭānāṃ ca kṣīrāṇāṃ kṣīratvagvṛkṣāṇāṃ ca ṣaṇṇāṃ śirovirecanādeśca pañcakarmāśrayasyauṣadhagaṇasyāṣṭāviṃśateśca yavāgūnāṃ dvātriṃśataścūrṇapradehānāṃ ṣaṇṇāṃ ca virecanaśatānāṃ pañcānāṃ ca kaṣāyaśatānāṃ prayoktāraḥ svasthavṛttavihitabhojanapānaniyamasthānacaṅkramaṇaśayanāsanamātrādravyāñjanadhūmanāvanābhyañjanaparimārjanavegāvidhāraṇavidhāraṇavyāyāmasātmyendriyaparīkṣopakramaṇasadvṛttakuśalāḥ catuṣpādopagṛhīte ca bheṣaje ṣoḍaśakale saviniścaye satriparyeṣaṇe savātakalākalajñāne vyapagatasandehāḥ caturvidhasya ca snehasya caturviṃśatyupanayasyopakalpanīyasya catuḥṣaṣṭiparyantasya ca vyavasthāpayitāraḥ bahuvidhavidhānayuktānāṃ ca snehyasvedyavamyavirecyavividhauṣadhopacārāṇāṃ ca kuśalāḥ śirorogāderdoṣāṃśavikalpajasya ca vyādhisaṃgrahasya sakṣayapiḍakāvidradhestrayāṇāṃ ca śophānāṃ bahuvidhaśophānubandhānāmaṣṭacatvāriṃśataśca rogādhikaraṇānāṃ catvāriṃśaduttarasya ca nānātmajasya vyādhiśatasya tathā vigarhitātisthūlātikṛśānāṃ sahetulakṣaṇopakramāṇāṃ svapnasya ca hitāhitasyāsvapnātisvapnasya ca sahetūpakramasya ṣaṇṇāṃ ca laṅghanādīnāmupakramāṇāṃ saṃtarpaṇāpatarpaṇajānāṃ ca rogāṇāṃ sarūpapraśamanānāṃ śoṇitajānāṃ ca vyādhīnāṃ madamūrcchāyasaṃnyāsānāṃ ca sakāraṇarūpauṣadhopacārāṇāṃ kuśalāḥ kuśalāścāhāravidhiviniścayasya prakṛtyā hitāhitānām āhāravikārāṇām agryasaṃgrahasyāsavānāṃ ca caturaśīterdravyaguṇakarmaviniścayasya rasānurasasaṃśrayasya savikalpavairodhikasya dvādaśavargāśrayasya cānnapānasya saguṇaprabhāvasya sānupānaguṇasya navavidhasyārthasaṃgrahasyāhāragateśca hitāhitopayogaviśeṣātmakasya ca śubhāśubhaviśeṣasya dhātvāśrayāṇāṃ ca rogāṇāṃ sauṣadhasaṃgrahāṇāṃ daśānāṃ ca prāṇāyatanānāṃ yaṃ ca vakṣyāmyarthedaśamahāmūlīye triṃśattamādhyāye tatra ca kṛtsnasya tantroddeśalakṣaṇasya tantrasya ca grahaṇadhāraṇavijñānaprayogakarmakāryakālakartṛkaraṇakuśalāḥ kuśalāśca smṛtimatiśāstrayuktijñānasyātmanaḥ śīlaguṇair avisaṃvādanena ca saṃpādanena sarvaprāṇiṣu cetaso maitrasya mātāpitṛbhrātṛbandhuvat evaṃyuktā bhavantyagniveśa prāṇānāmabhisarā hantāro rogāṇāmiti yavāgūnāṃ+dvātriṃśatyāḥ
p → nādeśca p	consonant / other	1	0.0	bhagavānuvāca ya ime kulīnāḥ paryavadātaśrutāḥ paridṛṣṭakarmāṇo dakṣāḥ śucayo jitahastā jitātmānaḥ sarvopakaraṇavantaḥ sarvendriyopapannāḥ prakṛtijñāḥ pratipattijñāśca te jñeyāḥ prāṇānāmabhisarā hantāro rogāṇāṃ tathāvidhā hi kevale śarīrajñāne śarīrābhinirvṛttijñāne prakṛtivikārajñāne ca niḥsaṃśayāḥ sukhasādhyakṛcchrasādhyayāpyapratyākhyeyānāṃ ca rogāṇāṃ samutthānapūrvarūpaliṅgavedanopaśayaviśeṣajñāne vyapagatasaṃdehāḥ trividhasyāyurvedasūtrasya sasaṃgrahavyākaraṇasya satrividhauṣadhagrāmasya pravaktāraḥ pañcatriṃśato mūlaphalānāṃ caturṇāṃ ca snehānāṃ pañcānāṃ ca lavaṇānāmaṣṭānāṃ ca mūtrāṇām aṣṭānāṃ ca kṣīrāṇāṃ kṣīratvagvṛkṣāṇāṃ ca ṣaṇṇāṃ śirovirecanādeśca pañcakarmāśrayasyauṣadhagaṇasyāṣṭāviṃśateśca yavāgūnāṃ dvātriṃśataścūrṇapradehānāṃ ṣaṇṇāṃ ca virecanaśatānāṃ pañcānāṃ ca kaṣāyaśatānāṃ prayoktāraḥ svasthavṛttavihitabhojanapānaniyamasthānacaṅkramaṇaśayanāsanamātrādravyāñjanadhūmanāvanābhyañjanaparimārjanavegāvidhāraṇavidhāraṇavyāyāmasātmyendriyaparīkṣopakramaṇasadvṛttakuśalāḥ catuṣpādopagṛhīte ca bheṣaje ṣoḍaśakale saviniścaye satriparyeṣaṇe savātakalākalajñāne vyapagatasandehāḥ caturvidhasya ca snehasya caturviṃśatyupanayasyopakalpanīyasya catuḥṣaṣṭiparyantasya ca vyavasthāpayitāraḥ bahuvidhavidhānayuktānāṃ ca snehyasvedyavamyavirecyavividhauṣadhopacārāṇāṃ ca kuśalāḥ śirorogāderdoṣāṃśavikalpajasya ca vyādhisaṃgrahasya sakṣayapiḍakāvidradhestrayāṇāṃ ca śophānāṃ bahuvidhaśophānubandhānāmaṣṭacatvāriṃśataśca rogādhikaraṇānāṃ catvāriṃśaduttarasya ca nānātmajasya vyādhiśatasya tathā vigarhitātisthūlātikṛśānāṃ sahetulakṣaṇopakramāṇāṃ svapnasya ca hitāhitasyāsvapnātisvapnasya ca sahetūpakramasya ṣaṇṇāṃ ca laṅghanādīnāmupakramāṇāṃ saṃtarpaṇāpatarpaṇajānāṃ ca rogāṇāṃ sarūpapraśamanānāṃ śoṇitajānāṃ ca vyādhīnāṃ madamūrcchāyasaṃnyāsānāṃ ca sakāraṇarūpauṣadhopacārāṇāṃ kuśalāḥ kuśalāścāhāravidhiviniścayasya prakṛtyā hitāhitānām āhāravikārāṇām agryasaṃgrahasyāsavānāṃ ca caturaśīterdravyaguṇakarmaviniścayasya rasānurasasaṃśrayasya savikalpavairodhikasya dvādaśavargāśrayasya cānnapānasya saguṇaprabhāvasya sānupānaguṇasya navavidhasyārthasaṃgrahasyāhāragateśca hitāhitopayogaviśeṣātmakasya ca śubhāśubhaviśeṣasya dhātvāśrayāṇāṃ ca rogāṇāṃ sauṣadhasaṃgrahāṇāṃ daśānāṃ ca prāṇāyatanānāṃ yaṃ ca vakṣyāmyarthedaśamahāmūlīye triṃśattamādhyāye tatra ca kṛtsnasya tantroddeśalakṣaṇasya tantrasya ca grahaṇadhāraṇavijñānaprayogakarmakāryakālakartṛkaraṇakuśalāḥ kuśalāśca smṛtimatiśāstrayuktijñānasyātmanaḥ śīlaguṇair avisaṃvādanena ca saṃpādanena sarvaprāṇiṣu cetaso maitrasya mātāpitṛbhrātṛbandhuvat evaṃyuktā bhavantyagniveśa prāṇānāmabhisarā hantāro rogāṇāmiti ca→śirovirecanādeśca +pañcakarma
_ → karmāśrayasyauṣadhagaṇasyāṣṭāviṃśateśca _	anusvāra / nasal	1	0.0	bhagavānuvāca ya ime kulīnāḥ paryavadātaśrutāḥ paridṛṣṭakarmāṇo dakṣāḥ śucayo jitahastā jitātmānaḥ sarvopakaraṇavantaḥ sarvendriyopapannāḥ prakṛtijñāḥ pratipattijñāśca te jñeyāḥ prāṇānāmabhisarā hantāro rogāṇāṃ tathāvidhā hi kevale śarīrajñāne śarīrābhinirvṛttijñāne prakṛtivikārajñāne ca niḥsaṃśayāḥ sukhasādhyakṛcchrasādhyayāpyapratyākhyeyānāṃ ca rogāṇāṃ samutthānapūrvarūpaliṅgavedanopaśayaviśeṣajñāne vyapagatasaṃdehāḥ trividhasyāyurvedasūtrasya sasaṃgrahavyākaraṇasya satrividhauṣadhagrāmasya pravaktāraḥ pañcatriṃśato mūlaphalānāṃ caturṇāṃ ca snehānāṃ pañcānāṃ ca lavaṇānāmaṣṭānāṃ ca mūtrāṇām aṣṭānāṃ ca kṣīrāṇāṃ kṣīratvagvṛkṣāṇāṃ ca ṣaṇṇāṃ śirovirecanādeśca pañcakarmāśrayasyauṣadhagaṇasyāṣṭāviṃśateśca yavāgūnāṃ dvātriṃśataścūrṇapradehānāṃ ṣaṇṇāṃ ca virecanaśatānāṃ pañcānāṃ ca kaṣāyaśatānāṃ prayoktāraḥ svasthavṛttavihitabhojanapānaniyamasthānacaṅkramaṇaśayanāsanamātrādravyāñjanadhūmanāvanābhyañjanaparimārjanavegāvidhāraṇavidhāraṇavyāyāmasātmyendriyaparīkṣopakramaṇasadvṛttakuśalāḥ catuṣpādopagṛhīte ca bheṣaje ṣoḍaśakale saviniścaye satriparyeṣaṇe savātakalākalajñāne vyapagatasandehāḥ caturvidhasya ca snehasya caturviṃśatyupanayasyopakalpanīyasya catuḥṣaṣṭiparyantasya ca vyavasthāpayitāraḥ bahuvidhavidhānayuktānāṃ ca snehyasvedyavamyavirecyavividhauṣadhopacārāṇāṃ ca kuśalāḥ śirorogāderdoṣāṃśavikalpajasya ca vyādhisaṃgrahasya sakṣayapiḍakāvidradhestrayāṇāṃ ca śophānāṃ bahuvidhaśophānubandhānāmaṣṭacatvāriṃśataśca rogādhikaraṇānāṃ catvāriṃśaduttarasya ca nānātmajasya vyādhiśatasya tathā vigarhitātisthūlātikṛśānāṃ sahetulakṣaṇopakramāṇāṃ svapnasya ca hitāhitasyāsvapnātisvapnasya ca sahetūpakramasya ṣaṇṇāṃ ca laṅghanādīnāmupakramāṇāṃ saṃtarpaṇāpatarpaṇajānāṃ ca rogāṇāṃ sarūpapraśamanānāṃ śoṇitajānāṃ ca vyādhīnāṃ madamūrcchāyasaṃnyāsānāṃ ca sakāraṇarūpauṣadhopacārāṇāṃ kuśalāḥ kuśalāścāhāravidhiviniścayasya prakṛtyā hitāhitānām āhāravikārāṇām agryasaṃgrahasyāsavānāṃ ca caturaśīterdravyaguṇakarmaviniścayasya rasānurasasaṃśrayasya savikalpavairodhikasya dvādaśavargāśrayasya cānnapānasya saguṇaprabhāvasya sānupānaguṇasya navavidhasyārthasaṃgrahasyāhāragateśca hitāhitopayogaviśeṣātmakasya ca śubhāśubhaviśeṣasya dhātvāśrayāṇāṃ ca rogāṇāṃ sauṣadhasaṃgrahāṇāṃ daśānāṃ ca prāṇāyatanānāṃ yaṃ ca vakṣyāmyarthedaśamahāmūlīye triṃśattamādhyāye tatra ca kṛtsnasya tantroddeśalakṣaṇasya tantrasya ca grahaṇadhāraṇavijñānaprayogakarmakāryakālakartṛkaraṇakuśalāḥ kuśalāśca smṛtimatiśāstrayuktijñānasyātmanaḥ śīlaguṇair avisaṃvādanena ca saṃpādanena sarvaprāṇiṣu cetaso maitrasya mātāpitṛbhrātṛbandhuvat evaṃyuktā bhavantyagniveśa prāṇānāmabhisarā hantāro rogāṇāmiti ca→pañcakarmāśrayasyauṣadhagaṇasyāṣṭāviṃśateśca +yavāgūnāṃ
r → tvāriṃśataśca r	anusvāra / nasal	1	0.0	bhagavānuvāca ya ime kulīnāḥ paryavadātaśrutāḥ paridṛṣṭakarmāṇo dakṣāḥ śucayo jitahastā jitātmānaḥ sarvopakaraṇavantaḥ sarvendriyopapannāḥ prakṛtijñāḥ pratipattijñāśca te jñeyāḥ prāṇānāmabhisarā hantāro rogāṇāṃ tathāvidhā hi kevale śarīrajñāne śarīrābhinirvṛttijñāne prakṛtivikārajñāne ca niḥsaṃśayāḥ sukhasādhyakṛcchrasādhyayāpyapratyākhyeyānāṃ ca rogāṇāṃ samutthānapūrvarūpaliṅgavedanopaśayaviśeṣajñāne vyapagatasaṃdehāḥ trividhasyāyurvedasūtrasya sasaṃgrahavyākaraṇasya satrividhauṣadhagrāmasya pravaktāraḥ pañcatriṃśato mūlaphalānāṃ caturṇāṃ ca snehānāṃ pañcānāṃ ca lavaṇānāmaṣṭānāṃ ca mūtrāṇām aṣṭānāṃ ca kṣīrāṇāṃ kṣīratvagvṛkṣāṇāṃ ca ṣaṇṇāṃ śirovirecanādeśca pañcakarmāśrayasyauṣadhagaṇasyāṣṭāviṃśateśca yavāgūnāṃ dvātriṃśataścūrṇapradehānāṃ ṣaṇṇāṃ ca virecanaśatānāṃ pañcānāṃ ca kaṣāyaśatānāṃ prayoktāraḥ svasthavṛttavihitabhojanapānaniyamasthānacaṅkramaṇaśayanāsanamātrādravyāñjanadhūmanāvanābhyañjanaparimārjanavegāvidhāraṇavidhāraṇavyāyāmasātmyendriyaparīkṣopakramaṇasadvṛttakuśalāḥ catuṣpādopagṛhīte ca bheṣaje ṣoḍaśakale saviniścaye satriparyeṣaṇe savātakalākalajñāne vyapagatasandehāḥ caturvidhasya ca snehasya caturviṃśatyupanayasyopakalpanīyasya catuḥṣaṣṭiparyantasya ca vyavasthāpayitāraḥ bahuvidhavidhānayuktānāṃ ca snehyasvedyavamyavirecyavividhauṣadhopacārāṇāṃ ca kuśalāḥ śirorogāderdoṣāṃśavikalpajasya ca vyādhisaṃgrahasya sakṣayapiḍakāvidradhestrayāṇāṃ ca śophānāṃ bahuvidhaśophānubandhānāmaṣṭacatvāriṃśataśca rogādhikaraṇānāṃ catvāriṃśaduttarasya ca nānātmajasya vyādhiśatasya tathā vigarhitātisthūlātikṛśānāṃ sahetulakṣaṇopakramāṇāṃ svapnasya ca hitāhitasyāsvapnātisvapnasya ca sahetūpakramasya ṣaṇṇāṃ ca laṅghanādīnāmupakramāṇāṃ saṃtarpaṇāpatarpaṇajānāṃ ca rogāṇāṃ sarūpapraśamanānāṃ śoṇitajānāṃ ca vyādhīnāṃ madamūrcchāyasaṃnyāsānāṃ ca sakāraṇarūpauṣadhopacārāṇāṃ kuśalāḥ kuśalāścāhāravidhiviniścayasya prakṛtyā hitāhitānām āhāravikārāṇām agryasaṃgrahasyāsavānāṃ ca caturaśīterdravyaguṇakarmaviniścayasya rasānurasasaṃśrayasya savikalpavairodhikasya dvādaśavargāśrayasya cānnapānasya saguṇaprabhāvasya sānupānaguṇasya navavidhasyārthasaṃgrahasyāhāragateśca hitāhitopayogaviśeṣātmakasya ca śubhāśubhaviśeṣasya dhātvāśrayāṇāṃ ca rogāṇāṃ sauṣadhasaṃgrahāṇāṃ daśānāṃ ca prāṇāyatanānāṃ yaṃ ca vakṣyāmyarthedaśamahāmūlīye triṃśattamādhyāye tatra ca kṛtsnasya tantroddeśalakṣaṇasya tantrasya ca grahaṇadhāraṇavijñānaprayogakarmakāryakālakartṛkaraṇakuśalāḥ kuśalāśca smṛtimatiśāstrayuktijñānasyātmanaḥ śīlaguṇair avisaṃvādanena ca saṃpādanena sarvaprāṇiṣu cetaso maitrasya mātāpitṛbhrātṛbandhuvat evaṃyuktā bhavantyagniveśa prāṇānāmabhisarā hantāro rogāṇāmiti ca→bahuvidhaśophānubandhānāmaṣṭacatvāriṃśataśca +roga
s j → j j	consonant / other	1	0.0	teṣāmidaṃ viśeṣavijñānaṃ bhavati atyarthaṃ vaidyaveṣena ślāghamānā viśikhāntaramanucaranti karmalobhāt śrutvā ca kasyacid āturyam abhitaḥ paripatanti saṃśravaṇe cāsyātmano vaidyaguṇānuccairvadanti yaścāsya vaidyaḥ pratikarma karoti tasya ca doṣānmuhurmuhurudāharanti āturamitrāṇi ca praharṣaṇopajāpopasevādibhir icchantyātmīkartuṃ svalpecchutāṃ cātmanaḥ khyāpayanti karma cāsādya muhurmuhuravalokayanti dākṣyeṇājñānamātmanaḥ pracchādayitukāmāḥ vyādhiṃ cāpāvartayitum aśaknuvato vyādhitam evānupakaraṇam aparicārakam anātmavantam upadiśanti antagataṃ cainam abhisamīkṣyānyam āśrayanti deśam apadeśam ātmanaḥ kṛtvā prākṛtajanasannipāte cātmanaḥ kauśalamakuśalavadvarṇayanti adhīravacca dhairyam apavadanti dhīrāṇāṃ vidvajjanasannipātaṃ cābhisamīkṣya pratibhayamiva kāntāramadhvagāḥ pariharanti dūrāt yaścaiṣāṃ kaścit sūtrāvayavo bhavatyupayuktastam aprakṛte prakṛtāntare vā satatamudāharanti na cānuyogamicchantyanuyoktuṃ vā mṛtyoriva cānuyogādudvijante na caiṣāmācāryaḥ śiṣyaḥ sabrahmacārī vaivādiko vā kaścit prajñāyata iti vidvas+jana→vidvajjanasannipātaṃ
v → aṅgaṃ v	anusvāra / nasal	1	0.0	ṣaḍaṅgamaṅgaṃ vijñānamindriyāṇyarthapañcakam aṅgam→ṣaḍaṅgamaṅgaṃ +vijñānam
ḥ v → to v	visarga	1	0.0	tatra cet praṣṭāraḥ syuḥ caturṇām ṛksāmayajuratharvavedānāṃ kaṃ vedamupadiśantyāyurvedavidaḥ kimāyuḥ kasmādāyurvedaḥ kimartham āyurvedaḥ śāśvato'śāśvato vā kati kāni cāsyāṅgāni kaiścāyam adhyetavyaḥ kimarthaṃ ca iti aśāśvataḥ→śāśvato'śāśvato +vā
h → o h	consonant / other	1	0.0	tadāyur vedayatītyāyurvedaḥ kathamiti cet ucyate svalakṣaṇataḥ sukhāsukhato hitāhitataḥ pramāṇāpramāṇataśca yataścāyuṣyāṇyanāyuṣyāṇi ca dravyaguṇakarmāṇi vedayatyato'pyāyurvedaḥ asukhāt→sukhāsukhato +hita
p → ataḥ p	consonant / other	1	0.0	tadāyur vedayatītyāyurvedaḥ kathamiti cet ucyate svalakṣaṇataḥ sukhāsukhato hitāhitataḥ pramāṇāpramāṇataśca yataścāyuṣyāṇyanāyuṣyāṇi ca dravyaguṇakarmāṇi vedayatyato'pyāyurvedaḥ ahitāt→hitāhitataḥ +pramāṇa
p → dihaiva p	consonant / other	1	0.0	tatrāyuruktaṃ svalakṣaṇato yathāvadihaiva pūrvādhyāye ca eva→yathāvadihaiva +pūrva
t → u t	consonant / other	1	0.0	tasyāyurvedasyāṅgānyaṣṭau tadyathā kāyacikitsā śālākyaṃ śalyāpahartṛkaṃ viṣagaravairodhikapraśamanaṃ bhūtavidyā kaumārabhṛtyakaṃ rasāyanaṃ vājīkaraṇamiti aṣṭa→tasyāyurvedasyāṅgānyaṣṭau +tat
s → aparigrahārthaṃ s	anusvāra / nasal	1	0.0	tatrānugrahārthaṃ prāṇināṃ brāhmaṇaiḥ ārakṣārthaṃ rājanyaiḥ vṛttyarthaṃ vaiśyaiḥ sāmānyato vā dharmārthakāmaparigrahārthaṃ sarvaiḥ artham→dharmārthakāmaparigrahārthaṃ +sarvaiḥ
s g → d g	consonant / other	1	0.0	tatra yadadhyātmavidāṃ dharmapathasthānāṃ dharmaprakāśakānāṃ vā mātṛpitṛbhrātṛbandhugurujanasya vā vikārapraśamane prayatnavān bhavati yaccāyurvedoktam adhyātmam anudhyāyati vedayatyanuvidhīyate vā so'sya paro dharmaḥ yā punar īśvarāṇāṃ vasumatāṃ vā sakāśāt sukhopahāranimittā bhavatyarthāvāptir ārakṣaṇaṃ ca yā ca svaparigṛhītānāṃ prāṇināmāturyādārakṣā so'syārthaḥ yat punarasya vidvadgrahaṇayaśaḥ śaraṇyatvaṃ ca yā ca saṃmānaśuśrūṣā yacceṣṭānāṃ viṣayāṇām ārogyamādhatte so'sya kāmaḥ vidvas+grahaṇa→vidvadgrahaṇayaśaḥ
eḥ e → ita e	visarga	1	0.0	atha bhiṣagādita eva bhiṣajā praṣṭavyo'ṣṭavidhaṃ bhavati tantraṃ tantrārthān sthānaṃ sthānārthān adhyāyam adhyāyārthān praśnaṃ praśnārthāṃśceti pṛṣṭena caitadvaktavyamaśeṣeṇa vākyaśo vākyārthaśo 'rthāvayavaśaśceti ādeḥ→bhiṣagādita +eva
m s → ṇāttantraṃ s	anusvāra / nasal	1	0.0	niruktaṃ tantraṇāttantraṃ sthānamarthapratiṣṭhayā tantram→tantraṇāttantraṃ +sthānam
mprāptiḥ j → ṃprāptir j	visarga	1	0.0	saṃprāptir jātir āgatir ityanarthāntaraṃ vyādheḥ saṃprāptir+jātir
a j → u j	consonant / other	1	0.0	saṃkhyā tāvadyathā aṣṭau jvarāḥ pañca gulmāḥ sapta kuṣṭhānyevamādiḥ aṣṭau+jvarāḥ
ḥ atisevitebhyaḥ → ḥ 'tisevitebhyo	visarga	1	0.0	rūkṣalaghuśītavamanavirecanāsthāpanaśirovirecanātiyogavyāyāmavegasaṃdhāraṇānaśanābhighātavyavāyodvegaśokaśoṇitātiṣekajāgaraṇaviṣamaśarīranyāsebhyo 'tisevitebhyo vāyuḥ prakopamāpadyate nyāsebhyaḥ+'tisevitebhyo
atisevitebhyaḥ v → 'tisevitebhyo v	visarga	1	0.0	rūkṣalaghuśītavamanavirecanāsthāpanaśirovirecanātiyogavyāyāmavegasaṃdhāraṇānaśanābhighātavyavāyodvegaśokaśoṇitātiṣekajāgaraṇaviṣamaśarīranyāsebhyo 'tisevitebhyo vāyuḥ prakopamāpadyate 'tisevitebhyo+vāyuḥ
ṃdhīnām v → ndhīnāṃ v	anusvāra / nasal	1	0.0	tasyemāni liṅgāni bhavanti tadyathā viṣamārambhavisargitvam ūṣmaṇo vaiṣamyaṃ tīvratanubhāvānavasthānāni jvarasya jaraṇānte divasānte niśānte gharmānte vā jvarasyābhyāgamanam abhivṛddhir vā viśeṣeṇa paruṣāruṇavarṇatvaṃ nakhanayanavadanamūtrapurīṣatvacām atyarthaṃ kﾱptībhāvaśca anekavidhopamāś calācalāśca vedanāsteṣāṃ teṣām aṅgāvayavānāṃ tadyathā pādayoḥ suptatā piṇḍikayor udveṣṭanaṃ jānunoḥ kevalānāṃ ca sandhīnāṃ viśleṣaṇam ūrvoḥ sādaḥ kaṭīpārśvapṛṣṭhaskandhabāhvaṃsorasāṃ ca bhagnarugṇamṛditamathitacaṭitāvapāṭitāvanunnatvam iva hanvoścāprasiddhiḥ svanaśca karṇayoḥ śaṅkhayornistodaḥ kaṣāyāsyatā āsyavairasyaṃ vā mukhatālukaṇṭhaśoṣaḥ pipāsā hṛdayagrahaḥ śuṣkacchardiḥ śuṣkakāsaḥ kṣavathūdgāravinigrahaḥ annarasakhedaḥ prasekārocakāvipākāḥ viṣādajṛmbhāvināmavepathuśramabhramapralāpaprajāgararomaharṣadantaharṣāḥ uṣṇābhiprāyatā nidānoktānām anupaśayo viparītopaśayaśceti vātajvarasya liṅgāni bhavanti sandhīnāṃ+viśleṣaṇam
v → lācalāśca v	consonant / other	1	0.0	tasyemāni liṅgāni bhavanti tadyathā viṣamārambhavisargitvam ūṣmaṇo vaiṣamyaṃ tīvratanubhāvānavasthānāni jvarasya jaraṇānte divasānte niśānte gharmānte vā jvarasyābhyāgamanam abhivṛddhir vā viśeṣeṇa paruṣāruṇavarṇatvaṃ nakhanayanavadanamūtrapurīṣatvacām atyarthaṃ kﾱptībhāvaśca anekavidhopamāś calācalāśca vedanāsteṣāṃ teṣām aṅgāvayavānāṃ tadyathā pādayoḥ suptatā piṇḍikayor udveṣṭanaṃ jānunoḥ kevalānāṃ ca sandhīnāṃ viśleṣaṇam ūrvoḥ sādaḥ kaṭīpārśvapṛṣṭhaskandhabāhvaṃsorasāṃ ca bhagnarugṇamṛditamathitacaṭitāvapāṭitāvanunnatvam iva hanvoścāprasiddhiḥ svanaśca karṇayoḥ śaṅkhayornistodaḥ kaṣāyāsyatā āsyavairasyaṃ vā mukhatālukaṇṭhaśoṣaḥ pipāsā hṛdayagrahaḥ śuṣkacchardiḥ śuṣkakāsaḥ kṣavathūdgāravinigrahaḥ annarasakhedaḥ prasekārocakāvipākāḥ viṣādajṛmbhāvināmavepathuśramabhramapralāpaprajāgararomaharṣadantaharṣāḥ uṣṇābhiprāyatā nidānoktānām anupaśayo viparītopaśayaśceti vātajvarasya liṅgāni bhavanti ca→calācalāśca +vedanāḥ
asmin v → e v	consonant / other	1	0.0	viṣamāśanād anaśanād annaparivartād ṛtuvyāpatter asātmyagandhopaghrāṇād viṣopahatasya codakasyopayogād garebhyo girīṇāṃ copaśleṣāt snehasvedavamanavirecanāsthāpanānuvāsanaśirovirecanānām ayathāvatprayogāt mithyāsaṃsarjanādvā strīṇāṃ ca viṣamaprajananāt prajātānāṃ ca mithyopacārād yathoktānāṃ ca hetūnāṃ miśrībhāvād yathānidānaṃ dvandvānām anyatamaḥ sarve vā trayo doṣā yugapat prakopam āpadyante te prakupitās tayaivānupūrvyā jvaram abhinirvartayanti sarve+vā
aye p → yai p	consonant / other	1	0.0	tasyāśukāriṇo dāvāgnerivāpatitasyātyayikasyāśu praśāntyai prayatitavyaṃ mātrāṃ deśaṃ kālaṃ cābhisamīkṣya saṃtarpaṇenāpatarpaṇena vā mṛdumadhuraśiśiratiktakaṣāyairabhyavahāryaiḥ pradehapariṣekāvagāhasaṃsparśanair vamanādyair vā tatrāvahiteneti praśāntyai+prayatitavyaṃ
a → yavyāyāmamadyaśokarucirvā a	vowel coalescence	1	0.0	yadā puruṣo vātalo viśeṣeṇa jvaravamanavirecanātīsārāṇāmanyatamena darśanena karśito vātalamāhāramāharati śītaṃ vā viśeṣeṇātimātram asnehapūrve vā vamanavirecane pibati anudīrṇāṃ vā chardimudīrayati udīrṇān vātamūtrapurīṣavegānniruṇaddhi atyaśito vā pibati navodakamatimātram atisaṃkṣobhiṇā vā yānena yāti ativyavāyavyāyāmamadyaśokarucirvā abhighātamṛcchati vā viṣamāsanaśayanasthānacaṅkramaṇasevī vā bhavati anyadvā kiṃcidevaṃvidhaṃ viṣamamatimātraṃ vyāyāmajātamārabhate tasyāpacārādvātaḥ prakopamāpadyate vā→ativyavāyavyāyāmamadyaśokarucirvā +abhighātam
aḥ avasthānam → o 'vasthānaṃ	visarga	1	0.0	sa prakupito vāyurmahāsroto 'nupraviśya raukṣyāt kaṭhinībhūtam āplutya piṇḍito 'vasthānaṃ karoti hṛdi bastau pārśvayornābhyāṃ vā sa śūlamupajanayati granthīṃścānekavidhān piṇḍitaścāvatiṣṭhate sa piṇḍitatvād gulma ityabhidhīyate sa muhurādhamati muhuralpatvamāpadyate aniyatavipulāṇuvedanaśca bhavati calatvādvāyoḥ muhuḥ pipīlikāsampracāra ivāṅgeṣu todabhedasphuraṇāyāmasaṅkocasuptiharṣapralayodayabahulaḥ tadāturaḥ sūcyeva śaṅkuneva cābhisaṃviddham ātmānaṃ manyate api ca divasānte jvaryate śuṣyati cāsyāsyam ucchvāsaścoparudhyate hṛṣyanti cāsya romāṇi vedanāyāḥ prādurbhāve plīhāṭopāntrakūjanāvipākodāvartāṅgamardamanyāśiraḥśaṅkhaśūlabradhnarogāś cainamupadravanti kṛṣṇāruṇaparuṣatvaṅnakhanayanavadanamūtrapurīṣaśca bhavati nidānoktāni cāsya nopaśerate viparītāni copaśerata iti vātagulmaḥ piṇḍito+'vasthānaṃ
avasthānam k → 'vasthānaṃ k	anusvāra / nasal	1	0.0	sa prakupito vāyurmahāsroto 'nupraviśya raukṣyāt kaṭhinībhūtam āplutya piṇḍito 'vasthānaṃ karoti hṛdi bastau pārśvayornābhyāṃ vā sa śūlamupajanayati granthīṃścānekavidhān piṇḍitaścāvatiṣṭhate sa piṇḍitatvād gulma ityabhidhīyate sa muhurādhamati muhuralpatvamāpadyate aniyatavipulāṇuvedanaśca bhavati calatvādvāyoḥ muhuḥ pipīlikāsampracāra ivāṅgeṣu todabhedasphuraṇāyāmasaṅkocasuptiharṣapralayodayabahulaḥ tadāturaḥ sūcyeva śaṅkuneva cābhisaṃviddham ātmānaṃ manyate api ca divasānte jvaryate śuṣyati cāsyāsyam ucchvāsaścoparudhyate hṛṣyanti cāsya romāṇi vedanāyāḥ prādurbhāve plīhāṭopāntrakūjanāvipākodāvartāṅgamardamanyāśiraḥśaṅkhaśūlabradhnarogāś cainamupadravanti kṛṣṇāruṇaparuṣatvaṅnakhanayanavadanamūtrapurīṣaśca bhavati nidānoktāni cāsya nopaśerate viparītāni copaśerata iti vātagulmaḥ 'vasthānaṃ+karoti
ebhiḥ e → air e	visarga	1	0.0	tair eva tu karśanaiḥ karśitasyāmlalavaṇakaṭukakṣāroṣṇatīkṣṇaśuktavyāpannamadyaharitakaphalāmlānāṃ vidāhināṃ ca śākadhānyamāṃsādīnām upayogād ajīrṇādhyaśanād raukṣyānugate cāmāśaye vamanam ativelaṃ saṃdhāraṇaṃ vātātapau cātisevamānasya pittaṃ saha mārutena prakopam āpadyate tair+eva
bh → śca bh	consonant / other	1	0.0	tat prakupitaṃ māruta āmāśayaikadeśe saṃvartya tāneva vedanāprakārānupajanayati ya uktā vātagulme pittaṃ tvenaṃ vidahati kukṣau hṛdyurasi kaṇṭhe ca sa vidahyamānaḥ sadhūmamivodgāramudgiratyamlānvitaṃ gulmāvakāśaścāsya dahyate dūyate dhūpyate ūṣmāyate svidyati klidyati śithila iva sparśāsaho 'lparomāñcaśca bhavati jvarabhramadavathupipāsāgalatālumukhaśoṣapramohaviḍbhedāś cainam upadravanti haritahāridratvaṅnakhanayanavadanamūtrapurīṣaśca bhavati nidānoktāni cāsya nopaśerate viparītānyupaśerata iti pittagulmaḥ ca→'lparomāñcaśca +bhavati
c n → ṅ n	consonant / other	1	0.0	taṃ prakupitaṃ māruta āmāśayaikadeśe saṃvartya tāneva vedanāprakārānupajanayati ya uktā vātagulme śleṣmā tvasya śītajvarārocakāvipākāṅgamardaharṣahṛdrogacchardinidrālasyastaimityagauravaśirobhitāpānupajanayati api ca gulmasya sthairyagauravakāṭhinyāvagāḍhasuptatāḥ tathā kāsaśvāsapratiśyāyān rājayakṣmāṇaṃ cātipravṛddhaḥ śvaityaṃ tvaṅnakhanayanavadanamūtrapurīṣeṣūpajanayati nidānoktāni cāsya nopaśerate viparītāni copaśerata iti śleṣmagulmaḥ tvac+nakha→tvaṅnakhanayanavadanamūtrapurīṣeṣūpajanayati
ṃnipātikam g → nnipātikaṃ g	anusvāra / nasal	1	0.0	tridoṣahetuliṅgasaṃnipāte tu sānnipātikaṃ gulmamupadiśanti kuśalāḥ sānnipātikaṃ+gulmam
yāḥ i → er i	visarga	1	0.0	eṣāṃ tu khalu pañcānāṃ gulmānāṃ prāg abhinivṛtter imāni pūrvarūpāṇi bhavanti tadyathānannābhilaṣaṇam arocakāvipākau agnivaiṣamyaṃ vidāho bhuktasya pākakāle cāyuktyā chardyudgārau vātamūtrapurīṣavegānāṃ cāprādurbhāvaḥ prādurbhūtānāṃ cāpravṛttirīṣadāgamanaṃ vā vātaśūlāṭopāntrakūjanāpariharṣaṇātivṛttapurīṣatāḥ abubhukṣā daurbalyaṃ sauhityasya cāsahatvamiti abhinivṛtter+imāni
aḥ anyaḥ → o 'nyo	visarga	1	0.0	mārute hyupaśānte svalpenāpi prayatnena śakyo 'nyo 'pi doṣo niyantuṃ gulmeṣviti śakyo+'nyo
anyaḥ a → 'nyo '	visarga	1	0.0	mārute hyupaśānte svalpenāpi prayatnena śakyo 'nyo 'pi doṣo niyantuṃ gulmeṣviti 'nyo+'pi
yāḥ i → ta i	visarga	1	0.0	bahv abaddhaṃ medo māṃsaṃ śarīrajakledaḥ śukraṃ śoṇitaṃ vasā majjā lasīkā rasaścaujaḥsaṃkhyāta iti dūṣyaviśeṣāḥ saṃkhyāyāḥ→rasaścaujaḥsaṃkhyāta +iti
p → ehinamāhustaṃ p	anusvāra / nasal	1	0.0	śītamehinamāhustaṃ puruṣaṃ śleṣmakopataḥ tam→śītamehinamāhustaṃ +puruṣaṃ
ā p → ni p	consonant / other	1	0.0	trayastu khalu doṣāḥ prakupitāḥ pramehānabhinirvartayiṣyanta imāni pūrvarūpāṇi darśayanti tadyathājaṭilībhāvaṃ keśeṣu mādhuryamāsyasya karapādayoḥ suptatādāhau mukhatālukaṇṭhaśoṣaṃ pipāsām ālasyaṃ malaṃ kāye kāyacchidreṣūpadehaṃ paridāhaṃ suptatāṃ cāṅgeṣu ṣaṭpadapipīlikābhiśca śarīramūtrābhisaraṇaṃ mūtre ca mūtradoṣān visraṃ śarīragandhaṃ nidrāṃ tandrāṃ ca sarvakālamiti imāni+pūrvarūpāṇi
nām t → ṇāṃ t	anusvāra / nasal	1	0.0	upadravāstu khalu pramehiṇāṃ tṛṣṇātīsārajvaradāhadaurbalyārocakāvipākāḥ pūtimāṃsapiḍakālajīvidradhyādayaśca tatprasaṅgādbhavanti pramehiṇāṃ+tṛṣṇā
nām c → ṇāṃ c	anusvāra / nasal	1	0.0	heturvyādhiviśeṣāṇāṃ pramehāṇāṃ ca kāraṇam pramehāṇāṃ+ca
aḥ aṣṭādaśavidhaḥ → o 'ṣṭādaśavidho	visarga	1	0.0	sa saptavidho 'ṣṭādaśavidho 'parisaṃkhyeyavidho vā bhavati saptavidho+'ṣṭādaśavidho
aṣṭādaśavidhaḥ aparisaṃkhyeyavidhaḥ → 'ṣṭādaśavidho 'parisaṃkhyeyavidho	visarga	1	0.0	sa saptavidho 'ṣṭādaśavidho 'parisaṃkhyeyavidho vā bhavati 'ṣṭādaśavidho+'parisaṃkhyeyavidho
aparisaṃkhyeyavidhaḥ v → 'parisaṃkhyeyavidho v	visarga	1	0.0	sa saptavidho 'ṣṭādaśavidho 'parisaṃkhyeyavidho vā bhavati 'parisaṃkhyeyavidho+vā
am v → īṃ v	anusvāra / nasal	1	0.0	sa caiṣa bhūyastaratamataḥ prakṛtau vikalpyamānāyāṃ bhūyasīṃ vikāravikalpasaṃkhyāmāpadyate bhūyasīṃ+vikāra
ḍ k → ṭ k	consonant / other	1	0.0	sādhyāni hi ṣaṭ kākaṇakavarjyāny acikitsyamānānyapacārato vā doṣair abhiṣyandamānānyasādhyatām upayānti ṣaṭ+kākaṇaka
v → o v	consonant / other	1	0.0	sādhyāni hi ṣaṭ kākaṇakavarjyāny acikitsyamānānyapacārato vā doṣair abhiṣyandamānānyasādhyatām upayānti apacārāt→acikitsyamānānyapacārato +vā
t → kāvipākāśca t	consonant / other	1	0.0	asyāṃ caivāvasthāyāmupadravāḥ kuṣṭhinaṃ spṛśanti tadyathā prasravaṇam aṅgabhedaḥ patanānyaṅgāvayavānāṃ tṛṣṇājvarātīsāradāhadaurbalyārocakāvipākāśca tathāvidhamasādhyaṃ vidyāditi ca→tṛṣṇājvarātīsāradāhadaurbalyārocakāvipākāśca +tathāvidham
y → kaśca y	consonant / other	1	0.0	tasya yo 'ṃśaḥ śarīrasandhīnāviśati tenāsya jṛmbhāṅgamardo jvaraścopajāyate yastvāmāśayamabhyupaiti tena rogā bhavanti urasyā arocakaśca yaḥ kaṇṭhamabhiprapadyate kaṇṭhastenoddhvaṃsyate svaraścāvasīdati yaḥ prāṇavahāni srotāṃsyanveti tena śvāsaḥ pratiśyāyaśca jāyate yaḥ śirasyavatiṣṭhate śirastenopahanyate tataḥ kṣaṇanāccaivoraso viṣamagatitvācca vāyoḥ kaṇṭhasya coddhvaṃsanāt kāsaḥ satatamasya saṃjāyate sa kāsaprasaṅgādurasi kṣate śoṇitaṃ ṣṭhīvati śoṇitāgamanāccāsya daurbalyamupajāyate evamete sāhasaprabhavāḥ sāhasikamupadravāḥ spṛśanti ca→arocakaśca +yaḥ
v → vād v	consonant / other	1	0.0	saṃdhāraṇaṃ śoṣasyāyatanamiti yaduktaṃ tadanuvyākhyāsyāmaḥyadā puruṣo rājasamīpe bhartuḥ samīpe vā gurorvā pādamūle dyūtasabhamanyaṃ vā satāṃ samājaṃ strīmadhyaṃ vā samanupraviśya yānairvāpyuccāvacair abhiyān bhayāt prasaṅgāddhrīmattvādghṛṇitvād vā niruṇaddhyāgatān vātamūtrapurīṣavegān tadā tasya saṃdhāraṇādvāyuḥ prakopamāpadyate sa prakupitaḥ pittaśleṣmāṇau samudīryordhvamadhastiryak ca viharati tataścāṃśaviśeṣeṇa pūrvavaccharīrāvayavaviśeṣaṃ praviśya śūlamupajanayati bhinatti purīṣamucchoṣayati vā pārśve cātirujati aṃsāvavamṛdnāti kaṇṭhamuraścāvadhamati śiraścopahanti kāsaṃ śvāsaṃ jvaraṃ svarabhedaṃ pratiśyāyaṃ copajanayati tataḥ sa upaśoṣaṇair etair upadravair upadrutaḥ śanaiḥ śanairupaśuṣyati tvāt→prasaṅgāddhrīmattvādghṛṇitvād +vā
atimātram ś → 'timātraṃ ś	anusvāra / nasal	1	0.0	kṣayaḥ śoṣasyāyatanamiti yaduktaṃ tadanuvyākhyāsyāmaḥyadā puruṣo 'timātraṃ śokacintāparigatahṛdayo bhavati īrṣyotkaṇṭhābhayakrodhādibhirvā samāviśyate kṛśo vā san rūkṣānnapānasevī bhavati durbalaprakṛtiranāhāro 'lpāhāro vā bhavati tadā tasya hṛdayasthāyī rasaḥ kṣayamupaiti sa tasyopakṣayācchoṣaṃ prāpnoti apratīkārāccānubadhyate yakṣmaṇā yathopadekṣyamāṇarūpeṇa yadā vā puruṣo 'tiharṣādatiprasaktabhāvaḥ strīṣvatiprasaṅgamārabhate tasyātimātraprasaṅgādretaḥ kṣayameti 'timātraṃ+śoka
_ t → somasyoḍurājasya t	consonant / other	1	0.0	taṃ sarvarogāṇāṃ kaṣṭatamatvādrājayakṣmāṇamācakṣate bhiṣajaḥ yasmādvā pūrvamāsīdbhagavataḥ somasyoḍurājasya tasmādrājayakṣmeti _→somasyoḍurājasya +tasmāt
m → ntarā m	anusvāra / nasal	1	0.0	tasyemāni pūrvarūpāṇi bhavanti tadyathāpratiśyāyaḥ kṣavathurabhīkṣṇaṃ śleṣmaprasekaḥ mukhamādhuryam anannābhilāṣaḥ annakāle cāyāsaḥ doṣadarśanamadoṣeṣvalpadoṣeṣu vā bhāveṣu pātrodakānnasūpāpūpopadaṃśapariveśakeṣu bhuktavataścāsya hṛllāsaḥ tathollekhanamapyāhārasyāntarāntarā mukhasya pādayośca śophaḥ pāṇyoścāvekṣaṇamatyartham akṣṇoḥ śvetāvabhāsatā cātimātraṃ bāhvośca pramāṇajijñāsā strīkāmatā nirghṛṇitvaṃ bībhatsadarśanatā cāsya kāye svapne cābhīkṣṇaṃ darśanamanudakānāmudakasthānānāṃ śūnyānāṃ ca grāmanagaranigamajanapadānāṃ śuṣkadagdhabhagnānāṃ ca vanānāṃ kṛkalāsamayūravānaraśukasarpakākolūkādibhiḥ saṃsparśanamadhirohaṇaṃ yānaṃ vā śvoṣṭrakharavarāhaiḥ keśāsthibhasmatuṣāṅgārarāśīnāṃ cādhirohaṇamiti śoṣapūrvarūpāṇi bhavanti antarā→tathollekhanamapyāhārasyāntarāntarā +mukhasya
c → vabhāsatā c	consonant / other	1	0.0	tasyemāni pūrvarūpāṇi bhavanti tadyathāpratiśyāyaḥ kṣavathurabhīkṣṇaṃ śleṣmaprasekaḥ mukhamādhuryam anannābhilāṣaḥ annakāle cāyāsaḥ doṣadarśanamadoṣeṣvalpadoṣeṣu vā bhāveṣu pātrodakānnasūpāpūpopadaṃśapariveśakeṣu bhuktavataścāsya hṛllāsaḥ tathollekhanamapyāhārasyāntarāntarā mukhasya pādayośca śophaḥ pāṇyoścāvekṣaṇamatyartham akṣṇoḥ śvetāvabhāsatā cātimātraṃ bāhvośca pramāṇajijñāsā strīkāmatā nirghṛṇitvaṃ bībhatsadarśanatā cāsya kāye svapne cābhīkṣṇaṃ darśanamanudakānāmudakasthānānāṃ śūnyānāṃ ca grāmanagaranigamajanapadānāṃ śuṣkadagdhabhagnānāṃ ca vanānāṃ kṛkalāsamayūravānaraśukasarpakākolūkādibhiḥ saṃsparśanamadhirohaṇaṃ yānaṃ vā śvoṣṭrakharavarāhaiḥ keśāsthibhasmatuṣāṅgārarāśīnāṃ cādhirohaṇamiti śoṣapūrvarūpāṇi bhavanti tā→śvetāvabhāsatā +ca
a t → i t	consonant / other	1	0.0	tasyemāni pūrvarūpāṇi bhavanti tadyathāpratiśyāyaḥ kṣavathurabhīkṣṇaṃ śleṣmaprasekaḥ mukhamādhuryam anannābhilāṣaḥ annakāle cāyāsaḥ doṣadarśanamadoṣeṣvalpadoṣeṣu vā bhāveṣu pātrodakānnasūpāpūpopadaṃśapariveśakeṣu bhuktavataścāsya hṛllāsaḥ tathollekhanamapyāhārasyāntarāntarā mukhasya pādayośca śophaḥ pāṇyoścāvekṣaṇamatyartham akṣṇoḥ śvetāvabhāsatā cātimātraṃ bāhvośca pramāṇajijñāsā strīkāmatā nirghṛṇitvaṃ bībhatsadarśanatā cāsya kāye svapne cābhīkṣṇaṃ darśanamanudakānāmudakasthānānāṃ śūnyānāṃ ca grāmanagaranigamajanapadānāṃ śuṣkadagdhabhagnānāṃ ca vanānāṃ kṛkalāsamayūravānaraśukasarpakākolūkādibhiḥ saṃsparśanamadhirohaṇaṃ yānaṃ vā śvoṣṭrakharavarāhaiḥ keśāsthibhasmatuṣāṅgārarāśīnāṃ cādhirohaṇamiti śoṣapūrvarūpāṇi bhavanti nirghṛṇa+tvam→nirghṛṇitvaṃ
s _ → Ø _	consonant / other	1	0.0	athāta unmādanidānaṃ vyākhyāsyāmaḥ atas→athāta +_
_ v → unmādanidānaṃ v	anusvāra / nasal	1	0.0	athāta unmādanidānaṃ vyākhyāsyāmaḥ _→unmādanidānaṃ +vyākhyāsyāmaḥ
a _ → a bhagavān	consonant / other	1	0.0	iti ha smāha bhagavān ātreyaḥ āha+bhagavān
_ _ → bhagavān ātreyaḥ	consonant / other	1	0.0	iti ha smāha bhagavān ātreyaḥ bhagavān+ātreyaḥ
_ bh → pañconmādā bh	consonant / other	1	0.0	iha khalu pañconmādā bhavanti tadyathā vātapittakaphasannipātāgantunimittāḥ _→pañconmādā +bhavanti
_ _ → _ catvāraḥ	consonant / other	1	0.0	tatra doṣanimittāś catvāraḥ puruṣāṇām evaṃvidhānāṃ kṣipram abhinirvartante tadyathā bhīrūṇām upakliṣṭasattvānām utsannadoṣāṇāṃ samalavikṛtopahitāny anucitāny āhārajātāni vaiṣamyayuktenopayogavidhinopayuñjānānāṃ tantraprayogam api viṣamam ācaratām anyāś ca śarīraceṣṭā viṣamāḥ samācaratām atyupakṣīṇadehānāṃ vyādhivegasamudbhramitānām upahatamanasāṃ vā kāmakrodhalobhaharṣabhayamohāyāsaśokacintodvegādibhir bhūyo 'bhighātābhyāhatānāṃ vā manasy upahate buddhau ca pracalitāyām abhyudīrṇā doṣāḥ prakupitā hṛdayam upasṛtya manovahāni srotāṃsy āvṛtya janayanty unmādam _+catvāraḥ
_ _ → catvāraḥ puruṣāṇām	consonant / other	1	0.0	tatra doṣanimittāś catvāraḥ puruṣāṇām evaṃvidhānāṃ kṣipram abhinirvartante tadyathā bhīrūṇām upakliṣṭasattvānām utsannadoṣāṇāṃ samalavikṛtopahitāny anucitāny āhārajātāni vaiṣamyayuktenopayogavidhinopayuñjānānāṃ tantraprayogam api viṣamam ācaratām anyāś ca śarīraceṣṭā viṣamāḥ samācaratām atyupakṣīṇadehānāṃ vyādhivegasamudbhramitānām upahatamanasāṃ vā kāmakrodhalobhaharṣabhayamohāyāsaśokacintodvegādibhir bhūyo 'bhighātābhyāhatānāṃ vā manasy upahate buddhau ca pracalitāyām abhyudīrṇā doṣāḥ prakupitā hṛdayam upasṛtya manovahāni srotāṃsy āvṛtya janayanty unmādam catvāraḥ+puruṣāṇām
_ _ → puruṣāṇām evaṃvidhānāṃ	anusvāra / nasal	1	0.0	tatra doṣanimittāś catvāraḥ puruṣāṇām evaṃvidhānāṃ kṣipram abhinirvartante tadyathā bhīrūṇām upakliṣṭasattvānām utsannadoṣāṇāṃ samalavikṛtopahitāny anucitāny āhārajātāni vaiṣamyayuktenopayogavidhinopayuñjānānāṃ tantraprayogam api viṣamam ācaratām anyāś ca śarīraceṣṭā viṣamāḥ samācaratām atyupakṣīṇadehānāṃ vyādhivegasamudbhramitānām upahatamanasāṃ vā kāmakrodhalobhaharṣabhayamohāyāsaśokacintodvegādibhir bhūyo 'bhighātābhyāhatānāṃ vā manasy upahate buddhau ca pracalitāyām abhyudīrṇā doṣāḥ prakupitā hṛdayam upasṛtya manovahāni srotāṃsy āvṛtya janayanty unmādam puruṣāṇām+evaṃvidhānāṃ
_ _ → evaṃvidhānāṃ kṣipram	anusvāra / nasal	1	0.0	tatra doṣanimittāś catvāraḥ puruṣāṇām evaṃvidhānāṃ kṣipram abhinirvartante tadyathā bhīrūṇām upakliṣṭasattvānām utsannadoṣāṇāṃ samalavikṛtopahitāny anucitāny āhārajātāni vaiṣamyayuktenopayogavidhinopayuñjānānāṃ tantraprayogam api viṣamam ācaratām anyāś ca śarīraceṣṭā viṣamāḥ samācaratām atyupakṣīṇadehānāṃ vyādhivegasamudbhramitānām upahatamanasāṃ vā kāmakrodhalobhaharṣabhayamohāyāsaśokacintodvegādibhir bhūyo 'bhighātābhyāhatānāṃ vā manasy upahate buddhau ca pracalitāyām abhyudīrṇā doṣāḥ prakupitā hṛdayam upasṛtya manovahāni srotāṃsy āvṛtya janayanty unmādam evaṃvidhānāṃ+kṣipram
_ a → kṣipram a	consonant / other	1	0.0	tatra doṣanimittāś catvāraḥ puruṣāṇām evaṃvidhānāṃ kṣipram abhinirvartante tadyathā bhīrūṇām upakliṣṭasattvānām utsannadoṣāṇāṃ samalavikṛtopahitāny anucitāny āhārajātāni vaiṣamyayuktenopayogavidhinopayuñjānānāṃ tantraprayogam api viṣamam ācaratām anyāś ca śarīraceṣṭā viṣamāḥ samācaratām atyupakṣīṇadehānāṃ vyādhivegasamudbhramitānām upahatamanasāṃ vā kāmakrodhalobhaharṣabhayamohāyāsaśokacintodvegādibhir bhūyo 'bhighātābhyāhatānāṃ vā manasy upahate buddhau ca pracalitāyām abhyudīrṇā doṣāḥ prakupitā hṛdayam upasṛtya manovahāni srotāṃsy āvṛtya janayanty unmādam kṣipram+abhinirvartante
ā _ → ā bhīrūṇām	consonant / other	1	0.0	tatra doṣanimittāś catvāraḥ puruṣāṇām evaṃvidhānāṃ kṣipram abhinirvartante tadyathā bhīrūṇām upakliṣṭasattvānām utsannadoṣāṇāṃ samalavikṛtopahitāny anucitāny āhārajātāni vaiṣamyayuktenopayogavidhinopayuñjānānāṃ tantraprayogam api viṣamam ācaratām anyāś ca śarīraceṣṭā viṣamāḥ samācaratām atyupakṣīṇadehānāṃ vyādhivegasamudbhramitānām upahatamanasāṃ vā kāmakrodhalobhaharṣabhayamohāyāsaśokacintodvegādibhir bhūyo 'bhighātābhyāhatānāṃ vā manasy upahate buddhau ca pracalitāyām abhyudīrṇā doṣāḥ prakupitā hṛdayam upasṛtya manovahāni srotāṃsy āvṛtya janayanty unmādam yathā+bhīrūṇām
_ _ → bhīrūṇām _	consonant / other	1	0.0	tatra doṣanimittāś catvāraḥ puruṣāṇām evaṃvidhānāṃ kṣipram abhinirvartante tadyathā bhīrūṇām upakliṣṭasattvānām utsannadoṣāṇāṃ samalavikṛtopahitāny anucitāny āhārajātāni vaiṣamyayuktenopayogavidhinopayuñjānānāṃ tantraprayogam api viṣamam ācaratām anyāś ca śarīraceṣṭā viṣamāḥ samācaratām atyupakṣīṇadehānāṃ vyādhivegasamudbhramitānām upahatamanasāṃ vā kāmakrodhalobhaharṣabhayamohāyāsaśokacintodvegādibhir bhūyo 'bhighātābhyāhatānāṃ vā manasy upahate buddhau ca pracalitāyām abhyudīrṇā doṣāḥ prakupitā hṛdayam upasṛtya manovahāni srotāṃsy āvṛtya janayanty unmādam bhīrūṇām+_
_ _ → _ anucitāny	consonant / other	1	0.0	tatra doṣanimittāś catvāraḥ puruṣāṇām evaṃvidhānāṃ kṣipram abhinirvartante tadyathā bhīrūṇām upakliṣṭasattvānām utsannadoṣāṇāṃ samalavikṛtopahitāny anucitāny āhārajātāni vaiṣamyayuktenopayogavidhinopayuñjānānāṃ tantraprayogam api viṣamam ācaratām anyāś ca śarīraceṣṭā viṣamāḥ samācaratām atyupakṣīṇadehānāṃ vyādhivegasamudbhramitānām upahatamanasāṃ vā kāmakrodhalobhaharṣabhayamohāyāsaśokacintodvegādibhir bhūyo 'bhighātābhyāhatānāṃ vā manasy upahate buddhau ca pracalitāyām abhyudīrṇā doṣāḥ prakupitā hṛdayam upasṛtya manovahāni srotāṃsy āvṛtya janayanty unmādam _+anucitāny
_ _ → anucitāny _	consonant / other	1	0.0	tatra doṣanimittāś catvāraḥ puruṣāṇām evaṃvidhānāṃ kṣipram abhinirvartante tadyathā bhīrūṇām upakliṣṭasattvānām utsannadoṣāṇāṃ samalavikṛtopahitāny anucitāny āhārajātāni vaiṣamyayuktenopayogavidhinopayuñjānānāṃ tantraprayogam api viṣamam ācaratām anyāś ca śarīraceṣṭā viṣamāḥ samācaratām atyupakṣīṇadehānāṃ vyādhivegasamudbhramitānām upahatamanasāṃ vā kāmakrodhalobhaharṣabhayamohāyāsaśokacintodvegādibhir bhūyo 'bhighātābhyāhatānāṃ vā manasy upahate buddhau ca pracalitāyām abhyudīrṇā doṣāḥ prakupitā hṛdayam upasṛtya manovahāni srotāṃsy āvṛtya janayanty unmādam anucitāny+_
i _ → i viṣamam	consonant / other	1	0.0	tatra doṣanimittāś catvāraḥ puruṣāṇām evaṃvidhānāṃ kṣipram abhinirvartante tadyathā bhīrūṇām upakliṣṭasattvānām utsannadoṣāṇāṃ samalavikṛtopahitāny anucitāny āhārajātāni vaiṣamyayuktenopayogavidhinopayuñjānānāṃ tantraprayogam api viṣamam ācaratām anyāś ca śarīraceṣṭā viṣamāḥ samācaratām atyupakṣīṇadehānāṃ vyādhivegasamudbhramitānām upahatamanasāṃ vā kāmakrodhalobhaharṣabhayamohāyāsaśokacintodvegādibhir bhūyo 'bhighātābhyāhatānāṃ vā manasy upahate buddhau ca pracalitāyām abhyudīrṇā doṣāḥ prakupitā hṛdayam upasṛtya manovahāni srotāṃsy āvṛtya janayanty unmādam api+viṣamam
_ _ → viṣamam ācaratām	consonant / other	1	0.0	tatra doṣanimittāś catvāraḥ puruṣāṇām evaṃvidhānāṃ kṣipram abhinirvartante tadyathā bhīrūṇām upakliṣṭasattvānām utsannadoṣāṇāṃ samalavikṛtopahitāny anucitāny āhārajātāni vaiṣamyayuktenopayogavidhinopayuñjānānāṃ tantraprayogam api viṣamam ācaratām anyāś ca śarīraceṣṭā viṣamāḥ samācaratām atyupakṣīṇadehānāṃ vyādhivegasamudbhramitānām upahatamanasāṃ vā kāmakrodhalobhaharṣabhayamohāyāsaśokacintodvegādibhir bhūyo 'bhighātābhyāhatānāṃ vā manasy upahate buddhau ca pracalitāyām abhyudīrṇā doṣāḥ prakupitā hṛdayam upasṛtya manovahāni srotāṃsy āvṛtya janayanty unmādam viṣamam+ācaratām
_ a → ācaratām a	consonant / other	1	0.0	tatra doṣanimittāś catvāraḥ puruṣāṇām evaṃvidhānāṃ kṣipram abhinirvartante tadyathā bhīrūṇām upakliṣṭasattvānām utsannadoṣāṇāṃ samalavikṛtopahitāny anucitāny āhārajātāni vaiṣamyayuktenopayogavidhinopayuñjānānāṃ tantraprayogam api viṣamam ācaratām anyāś ca śarīraceṣṭā viṣamāḥ samācaratām atyupakṣīṇadehānāṃ vyādhivegasamudbhramitānām upahatamanasāṃ vā kāmakrodhalobhaharṣabhayamohāyāsaśokacintodvegādibhir bhūyo 'bhighātābhyāhatānāṃ vā manasy upahate buddhau ca pracalitāyām abhyudīrṇā doṣāḥ prakupitā hṛdayam upasṛtya manovahāni srotāṃsy āvṛtya janayanty unmādam ācaratām+anyāś
a _ → a viṣamāḥ	consonant / other	1	0.0	tatra doṣanimittāś catvāraḥ puruṣāṇām evaṃvidhānāṃ kṣipram abhinirvartante tadyathā bhīrūṇām upakliṣṭasattvānām utsannadoṣāṇāṃ samalavikṛtopahitāny anucitāny āhārajātāni vaiṣamyayuktenopayogavidhinopayuñjānānāṃ tantraprayogam api viṣamam ācaratām anyāś ca śarīraceṣṭā viṣamāḥ samācaratām atyupakṣīṇadehānāṃ vyādhivegasamudbhramitānām upahatamanasāṃ vā kāmakrodhalobhaharṣabhayamohāyāsaśokacintodvegādibhir bhūyo 'bhighātābhyāhatānāṃ vā manasy upahate buddhau ca pracalitāyām abhyudīrṇā doṣāḥ prakupitā hṛdayam upasṛtya manovahāni srotāṃsy āvṛtya janayanty unmādam ca+viṣamāḥ
_ _ → viṣamāḥ samācaratām	consonant / other	1	0.0	tatra doṣanimittāś catvāraḥ puruṣāṇām evaṃvidhānāṃ kṣipram abhinirvartante tadyathā bhīrūṇām upakliṣṭasattvānām utsannadoṣāṇāṃ samalavikṛtopahitāny anucitāny āhārajātāni vaiṣamyayuktenopayogavidhinopayuñjānānāṃ tantraprayogam api viṣamam ācaratām anyāś ca śarīraceṣṭā viṣamāḥ samācaratām atyupakṣīṇadehānāṃ vyādhivegasamudbhramitānām upahatamanasāṃ vā kāmakrodhalobhaharṣabhayamohāyāsaśokacintodvegādibhir bhūyo 'bhighātābhyāhatānāṃ vā manasy upahate buddhau ca pracalitāyām abhyudīrṇā doṣāḥ prakupitā hṛdayam upasṛtya manovahāni srotāṃsy āvṛtya janayanty unmādam viṣamāḥ+samācaratām
_ _ → samācaratām _	consonant / other	1	0.0	tatra doṣanimittāś catvāraḥ puruṣāṇām evaṃvidhānāṃ kṣipram abhinirvartante tadyathā bhīrūṇām upakliṣṭasattvānām utsannadoṣāṇāṃ samalavikṛtopahitāny anucitāny āhārajātāni vaiṣamyayuktenopayogavidhinopayuñjānānāṃ tantraprayogam api viṣamam ācaratām anyāś ca śarīraceṣṭā viṣamāḥ samācaratām atyupakṣīṇadehānāṃ vyādhivegasamudbhramitānām upahatamanasāṃ vā kāmakrodhalobhaharṣabhayamohāyāsaśokacintodvegādibhir bhūyo 'bhighātābhyāhatānāṃ vā manasy upahate buddhau ca pracalitāyām abhyudīrṇā doṣāḥ prakupitā hṛdayam upasṛtya manovahāni srotāṃsy āvṛtya janayanty unmādam samācaratām+_
_ _ → _ vā	consonant / other	1	0.0	tatra doṣanimittāś catvāraḥ puruṣāṇām evaṃvidhānāṃ kṣipram abhinirvartante tadyathā bhīrūṇām upakliṣṭasattvānām utsannadoṣāṇāṃ samalavikṛtopahitāny anucitāny āhārajātāni vaiṣamyayuktenopayogavidhinopayuñjānānāṃ tantraprayogam api viṣamam ācaratām anyāś ca śarīraceṣṭā viṣamāḥ samācaratām atyupakṣīṇadehānāṃ vyādhivegasamudbhramitānām upahatamanasāṃ vā kāmakrodhalobhaharṣabhayamohāyāsaśokacintodvegādibhir bhūyo 'bhighātābhyāhatānāṃ vā manasy upahate buddhau ca pracalitāyām abhyudīrṇā doṣāḥ prakupitā hṛdayam upasṛtya manovahāni srotāṃsy āvṛtya janayanty unmādam _+vā
_ k → vā k	consonant / other	1	0.0	tatra doṣanimittāś catvāraḥ puruṣāṇām evaṃvidhānāṃ kṣipram abhinirvartante tadyathā bhīrūṇām upakliṣṭasattvānām utsannadoṣāṇāṃ samalavikṛtopahitāny anucitāny āhārajātāni vaiṣamyayuktenopayogavidhinopayuñjānānāṃ tantraprayogam api viṣamam ācaratām anyāś ca śarīraceṣṭā viṣamāḥ samācaratām atyupakṣīṇadehānāṃ vyādhivegasamudbhramitānām upahatamanasāṃ vā kāmakrodhalobhaharṣabhayamohāyāsaśokacintodvegādibhir bhūyo 'bhighātābhyāhatānāṃ vā manasy upahate buddhau ca pracalitāyām abhyudīrṇā doṣāḥ prakupitā hṛdayam upasṛtya manovahāni srotāṃsy āvṛtya janayanty unmādam vā+kāma
ḥ _ → ḥ bhūyo	visarga	1	0.0	tatra doṣanimittāś catvāraḥ puruṣāṇām evaṃvidhānāṃ kṣipram abhinirvartante tadyathā bhīrūṇām upakliṣṭasattvānām utsannadoṣāṇāṃ samalavikṛtopahitāny anucitāny āhārajātāni vaiṣamyayuktenopayogavidhinopayuñjānānāṃ tantraprayogam api viṣamam ācaratām anyāś ca śarīraceṣṭā viṣamāḥ samācaratām atyupakṣīṇadehānāṃ vyādhivegasamudbhramitānām upahatamanasāṃ vā kāmakrodhalobhaharṣabhayamohāyāsaśokacintodvegādibhir bhūyo 'bhighātābhyāhatānāṃ vā manasy upahate buddhau ca pracalitāyām abhyudīrṇā doṣāḥ prakupitā hṛdayam upasṛtya manovahāni srotāṃsy āvṛtya janayanty unmādam ādibhiḥ+bhūyo
_ _ → bhūyo vā	consonant / other	1	0.0	tatra doṣanimittāś catvāraḥ puruṣāṇām evaṃvidhānāṃ kṣipram abhinirvartante tadyathā bhīrūṇām upakliṣṭasattvānām utsannadoṣāṇāṃ samalavikṛtopahitāny anucitāny āhārajātāni vaiṣamyayuktenopayogavidhinopayuñjānānāṃ tantraprayogam api viṣamam ācaratām anyāś ca śarīraceṣṭā viṣamāḥ samācaratām atyupakṣīṇadehānāṃ vyādhivegasamudbhramitānām upahatamanasāṃ vā kāmakrodhalobhaharṣabhayamohāyāsaśokacintodvegādibhir bhūyo 'bhighātābhyāhatānāṃ vā manasy upahate buddhau ca pracalitāyām abhyudīrṇā doṣāḥ prakupitā hṛdayam upasṛtya manovahāni srotāṃsy āvṛtya janayanty unmādam bhūyo+vā
_ _ → vā manasy	consonant / other	1	0.0	tatra doṣanimittāś catvāraḥ puruṣāṇām evaṃvidhānāṃ kṣipram abhinirvartante tadyathā bhīrūṇām upakliṣṭasattvānām utsannadoṣāṇāṃ samalavikṛtopahitāny anucitāny āhārajātāni vaiṣamyayuktenopayogavidhinopayuñjānānāṃ tantraprayogam api viṣamam ācaratām anyāś ca śarīraceṣṭā viṣamāḥ samācaratām atyupakṣīṇadehānāṃ vyādhivegasamudbhramitānām upahatamanasāṃ vā kāmakrodhalobhaharṣabhayamohāyāsaśokacintodvegādibhir bhūyo 'bhighātābhyāhatānāṃ vā manasy upahate buddhau ca pracalitāyām abhyudīrṇā doṣāḥ prakupitā hṛdayam upasṛtya manovahāni srotāṃsy āvṛtya janayanty unmādam vā+manasy
_ _ → manasy buddhau	consonant / other	1	0.0	tatra doṣanimittāś catvāraḥ puruṣāṇām evaṃvidhānāṃ kṣipram abhinirvartante tadyathā bhīrūṇām upakliṣṭasattvānām utsannadoṣāṇāṃ samalavikṛtopahitāny anucitāny āhārajātāni vaiṣamyayuktenopayogavidhinopayuñjānānāṃ tantraprayogam api viṣamam ācaratām anyāś ca śarīraceṣṭā viṣamāḥ samācaratām atyupakṣīṇadehānāṃ vyādhivegasamudbhramitānām upahatamanasāṃ vā kāmakrodhalobhaharṣabhayamohāyāsaśokacintodvegādibhir bhūyo 'bhighātābhyāhatānāṃ vā manasy upahate buddhau ca pracalitāyām abhyudīrṇā doṣāḥ prakupitā hṛdayam upasṛtya manovahāni srotāṃsy āvṛtya janayanty unmādam manasy+buddhau
_ c → buddhau c	consonant / other	1	0.0	tatra doṣanimittāś catvāraḥ puruṣāṇām evaṃvidhānāṃ kṣipram abhinirvartante tadyathā bhīrūṇām upakliṣṭasattvānām utsannadoṣāṇāṃ samalavikṛtopahitāny anucitāny āhārajātāni vaiṣamyayuktenopayogavidhinopayuñjānānāṃ tantraprayogam api viṣamam ācaratām anyāś ca śarīraceṣṭā viṣamāḥ samācaratām atyupakṣīṇadehānāṃ vyādhivegasamudbhramitānām upahatamanasāṃ vā kāmakrodhalobhaharṣabhayamohāyāsaśokacintodvegādibhir bhūyo 'bhighātābhyāhatānāṃ vā manasy upahate buddhau ca pracalitāyām abhyudīrṇā doṣāḥ prakupitā hṛdayam upasṛtya manovahāni srotāṃsy āvṛtya janayanty unmādam buddhau+ca
a _ → a pracalitāyām	consonant / other	1	0.0	tatra doṣanimittāś catvāraḥ puruṣāṇām evaṃvidhānāṃ kṣipram abhinirvartante tadyathā bhīrūṇām upakliṣṭasattvānām utsannadoṣāṇāṃ samalavikṛtopahitāny anucitāny āhārajātāni vaiṣamyayuktenopayogavidhinopayuñjānānāṃ tantraprayogam api viṣamam ācaratām anyāś ca śarīraceṣṭā viṣamāḥ samācaratām atyupakṣīṇadehānāṃ vyādhivegasamudbhramitānām upahatamanasāṃ vā kāmakrodhalobhaharṣabhayamohāyāsaśokacintodvegādibhir bhūyo 'bhighātābhyāhatānāṃ vā manasy upahate buddhau ca pracalitāyām abhyudīrṇā doṣāḥ prakupitā hṛdayam upasṛtya manovahāni srotāṃsy āvṛtya janayanty unmādam ca+pracalitāyām
_ _ → pracalitāyām abhyudīrṇā	consonant / other	1	0.0	tatra doṣanimittāś catvāraḥ puruṣāṇām evaṃvidhānāṃ kṣipram abhinirvartante tadyathā bhīrūṇām upakliṣṭasattvānām utsannadoṣāṇāṃ samalavikṛtopahitāny anucitāny āhārajātāni vaiṣamyayuktenopayogavidhinopayuñjānānāṃ tantraprayogam api viṣamam ācaratām anyāś ca śarīraceṣṭā viṣamāḥ samācaratām atyupakṣīṇadehānāṃ vyādhivegasamudbhramitānām upahatamanasāṃ vā kāmakrodhalobhaharṣabhayamohāyāsaśokacintodvegādibhir bhūyo 'bhighātābhyāhatānāṃ vā manasy upahate buddhau ca pracalitāyām abhyudīrṇā doṣāḥ prakupitā hṛdayam upasṛtya manovahāni srotāṃsy āvṛtya janayanty unmādam pracalitāyām+abhyudīrṇā
_ _ → abhyudīrṇā doṣāḥ	consonant / other	1	0.0	tatra doṣanimittāś catvāraḥ puruṣāṇām evaṃvidhānāṃ kṣipram abhinirvartante tadyathā bhīrūṇām upakliṣṭasattvānām utsannadoṣāṇāṃ samalavikṛtopahitāny anucitāny āhārajātāni vaiṣamyayuktenopayogavidhinopayuñjānānāṃ tantraprayogam api viṣamam ācaratām anyāś ca śarīraceṣṭā viṣamāḥ samācaratām atyupakṣīṇadehānāṃ vyādhivegasamudbhramitānām upahatamanasāṃ vā kāmakrodhalobhaharṣabhayamohāyāsaśokacintodvegādibhir bhūyo 'bhighātābhyāhatānāṃ vā manasy upahate buddhau ca pracalitāyām abhyudīrṇā doṣāḥ prakupitā hṛdayam upasṛtya manovahāni srotāṃsy āvṛtya janayanty unmādam abhyudīrṇā+doṣāḥ
_ _ → doṣāḥ hṛdayam	consonant / other	1	0.0	tatra doṣanimittāś catvāraḥ puruṣāṇām evaṃvidhānāṃ kṣipram abhinirvartante tadyathā bhīrūṇām upakliṣṭasattvānām utsannadoṣāṇāṃ samalavikṛtopahitāny anucitāny āhārajātāni vaiṣamyayuktenopayogavidhinopayuñjānānāṃ tantraprayogam api viṣamam ācaratām anyāś ca śarīraceṣṭā viṣamāḥ samācaratām atyupakṣīṇadehānāṃ vyādhivegasamudbhramitānām upahatamanasāṃ vā kāmakrodhalobhaharṣabhayamohāyāsaśokacintodvegādibhir bhūyo 'bhighātābhyāhatānāṃ vā manasy upahate buddhau ca pracalitāyām abhyudīrṇā doṣāḥ prakupitā hṛdayam upasṛtya manovahāni srotāṃsy āvṛtya janayanty unmādam doṣāḥ+hṛdayam
_ u → hṛdayam u	consonant / other	1	0.0	tatra doṣanimittāś catvāraḥ puruṣāṇām evaṃvidhānāṃ kṣipram abhinirvartante tadyathā bhīrūṇām upakliṣṭasattvānām utsannadoṣāṇāṃ samalavikṛtopahitāny anucitāny āhārajātāni vaiṣamyayuktenopayogavidhinopayuñjānānāṃ tantraprayogam api viṣamam ācaratām anyāś ca śarīraceṣṭā viṣamāḥ samācaratām atyupakṣīṇadehānāṃ vyādhivegasamudbhramitānām upahatamanasāṃ vā kāmakrodhalobhaharṣabhayamohāyāsaśokacintodvegādibhir bhūyo 'bhighātābhyāhatānāṃ vā manasy upahate buddhau ca pracalitāyām abhyudīrṇā doṣāḥ prakupitā hṛdayam upasṛtya manovahāni srotāṃsy āvṛtya janayanty unmādam hṛdayam+upasṛtya
a _ → a srotāṃsy	anusvāra / nasal	1	0.0	tatra doṣanimittāś catvāraḥ puruṣāṇām evaṃvidhānāṃ kṣipram abhinirvartante tadyathā bhīrūṇām upakliṣṭasattvānām utsannadoṣāṇāṃ samalavikṛtopahitāny anucitāny āhārajātāni vaiṣamyayuktenopayogavidhinopayuñjānānāṃ tantraprayogam api viṣamam ācaratām anyāś ca śarīraceṣṭā viṣamāḥ samācaratām atyupakṣīṇadehānāṃ vyādhivegasamudbhramitānām upahatamanasāṃ vā kāmakrodhalobhaharṣabhayamohāyāsaśokacintodvegādibhir bhūyo 'bhighātābhyāhatānāṃ vā manasy upahate buddhau ca pracalitāyām abhyudīrṇā doṣāḥ prakupitā hṛdayam upasṛtya manovahāni srotāṃsy āvṛtya janayanty unmādam upasṛtya+srotāṃsy
_ ā → srotāṃsy ā	anusvāra / nasal	1	0.0	tatra doṣanimittāś catvāraḥ puruṣāṇām evaṃvidhānāṃ kṣipram abhinirvartante tadyathā bhīrūṇām upakliṣṭasattvānām utsannadoṣāṇāṃ samalavikṛtopahitāny anucitāny āhārajātāni vaiṣamyayuktenopayogavidhinopayuñjānānāṃ tantraprayogam api viṣamam ācaratām anyāś ca śarīraceṣṭā viṣamāḥ samācaratām atyupakṣīṇadehānāṃ vyādhivegasamudbhramitānām upahatamanasāṃ vā kāmakrodhalobhaharṣabhayamohāyāsaśokacintodvegādibhir bhūyo 'bhighātābhyāhatānāṃ vā manasy upahate buddhau ca pracalitāyām abhyudīrṇā doṣāḥ prakupitā hṛdayam upasṛtya manovahāni srotāṃsy āvṛtya janayanty unmādam srotāṃsy+āvṛtya
i _ → y unmādam	consonant / other	1	0.0	tatra doṣanimittāś catvāraḥ puruṣāṇām evaṃvidhānāṃ kṣipram abhinirvartante tadyathā bhīrūṇām upakliṣṭasattvānām utsannadoṣāṇāṃ samalavikṛtopahitāny anucitāny āhārajātāni vaiṣamyayuktenopayogavidhinopayuñjānānāṃ tantraprayogam api viṣamam ācaratām anyāś ca śarīraceṣṭā viṣamāḥ samācaratām atyupakṣīṇadehānāṃ vyādhivegasamudbhramitānām upahatamanasāṃ vā kāmakrodhalobhaharṣabhayamohāyāsaśokacintodvegādibhir bhūyo 'bhighātābhyāhatānāṃ vā manasy upahate buddhau ca pracalitāyām abhyudīrṇā doṣāḥ prakupitā hṛdayam upasṛtya manovahāni srotāṃsy āvṛtya janayanty unmādam janayanty+unmādam
_ _ → doṣanimittāś _	consonant / other	1	0.0	tatra doṣanimittāś catvāraḥ puruṣāṇām evaṃvidhānāṃ kṣipram abhinirvartante tadyathā bhīrūṇām upakliṣṭasattvānām utsannadoṣāṇāṃ samalavikṛtopahitāny anucitāny āhārajātāni vaiṣamyayuktenopayogavidhinopayuñjānānāṃ tantraprayogam api viṣamam ācaratām anyāś ca śarīraceṣṭā viṣamāḥ samācaratām atyupakṣīṇadehānāṃ vyādhivegasamudbhramitānām upahatamanasāṃ vā kāmakrodhalobhaharṣabhayamohāyāsaśokacintodvegādibhir bhūyo 'bhighātābhyāhatānāṃ vā manasy upahate buddhau ca pracalitāyām abhyudīrṇā doṣāḥ prakupitā hṛdayam upasṛtya manovahāni srotāṃsy āvṛtya janayanty unmādam _→doṣanimittāś +catvāraḥ
_ _ → upakliṣṭasattvānām _	consonant / other	1	0.0	tatra doṣanimittāś catvāraḥ puruṣāṇām evaṃvidhānāṃ kṣipram abhinirvartante tadyathā bhīrūṇām upakliṣṭasattvānām utsannadoṣāṇāṃ samalavikṛtopahitāny anucitāny āhārajātāni vaiṣamyayuktenopayogavidhinopayuñjānānāṃ tantraprayogam api viṣamam ācaratām anyāś ca śarīraceṣṭā viṣamāḥ samācaratām atyupakṣīṇadehānāṃ vyādhivegasamudbhramitānām upahatamanasāṃ vā kāmakrodhalobhaharṣabhayamohāyāsaśokacintodvegādibhir bhūyo 'bhighātābhyāhatānāṃ vā manasy upahate buddhau ca pracalitāyām abhyudīrṇā doṣāḥ prakupitā hṛdayam upasṛtya manovahāni srotāṃsy āvṛtya janayanty unmādam _→upakliṣṭasattvānām +_
_ _ → utsannadoṣāṇāṃ _	anusvāra / nasal	1	0.0	tatra doṣanimittāś catvāraḥ puruṣāṇām evaṃvidhānāṃ kṣipram abhinirvartante tadyathā bhīrūṇām upakliṣṭasattvānām utsannadoṣāṇāṃ samalavikṛtopahitāny anucitāny āhārajātāni vaiṣamyayuktenopayogavidhinopayuñjānānāṃ tantraprayogam api viṣamam ācaratām anyāś ca śarīraceṣṭā viṣamāḥ samācaratām atyupakṣīṇadehānāṃ vyādhivegasamudbhramitānām upahatamanasāṃ vā kāmakrodhalobhaharṣabhayamohāyāsaśokacintodvegādibhir bhūyo 'bhighātābhyāhatānāṃ vā manasy upahate buddhau ca pracalitāyām abhyudīrṇā doṣāḥ prakupitā hṛdayam upasṛtya manovahāni srotāṃsy āvṛtya janayanty unmādam _→utsannadoṣāṇāṃ +_
_ _ → samalavikṛtopahitāny _	consonant / other	1	0.0	tatra doṣanimittāś catvāraḥ puruṣāṇām evaṃvidhānāṃ kṣipram abhinirvartante tadyathā bhīrūṇām upakliṣṭasattvānām utsannadoṣāṇāṃ samalavikṛtopahitāny anucitāny āhārajātāni vaiṣamyayuktenopayogavidhinopayuñjānānāṃ tantraprayogam api viṣamam ācaratām anyāś ca śarīraceṣṭā viṣamāḥ samācaratām atyupakṣīṇadehānāṃ vyādhivegasamudbhramitānām upahatamanasāṃ vā kāmakrodhalobhaharṣabhayamohāyāsaśokacintodvegādibhir bhūyo 'bhighātābhyāhatānāṃ vā manasy upahate buddhau ca pracalitāyām abhyudīrṇā doṣāḥ prakupitā hṛdayam upasṛtya manovahāni srotāṃsy āvṛtya janayanty unmādam _→samalavikṛtopahitāny +anucitāny
_ _ → āhārajātāni _	consonant / other	1	0.0	tatra doṣanimittāś catvāraḥ puruṣāṇām evaṃvidhānāṃ kṣipram abhinirvartante tadyathā bhīrūṇām upakliṣṭasattvānām utsannadoṣāṇāṃ samalavikṛtopahitāny anucitāny āhārajātāni vaiṣamyayuktenopayogavidhinopayuñjānānāṃ tantraprayogam api viṣamam ācaratām anyāś ca śarīraceṣṭā viṣamāḥ samācaratām atyupakṣīṇadehānāṃ vyādhivegasamudbhramitānām upahatamanasāṃ vā kāmakrodhalobhaharṣabhayamohāyāsaśokacintodvegādibhir bhūyo 'bhighātābhyāhatānāṃ vā manasy upahate buddhau ca pracalitāyām abhyudīrṇā doṣāḥ prakupitā hṛdayam upasṛtya manovahāni srotāṃsy āvṛtya janayanty unmādam _→āhārajātāni +_
_ _ → vaiṣamyayuktenopayogavidhinopayuñjānānāṃ _	anusvāra / nasal	1	0.0	tatra doṣanimittāś catvāraḥ puruṣāṇām evaṃvidhānāṃ kṣipram abhinirvartante tadyathā bhīrūṇām upakliṣṭasattvānām utsannadoṣāṇāṃ samalavikṛtopahitāny anucitāny āhārajātāni vaiṣamyayuktenopayogavidhinopayuñjānānāṃ tantraprayogam api viṣamam ācaratām anyāś ca śarīraceṣṭā viṣamāḥ samācaratām atyupakṣīṇadehānāṃ vyādhivegasamudbhramitānām upahatamanasāṃ vā kāmakrodhalobhaharṣabhayamohāyāsaśokacintodvegādibhir bhūyo 'bhighātābhyāhatānāṃ vā manasy upahate buddhau ca pracalitāyām abhyudīrṇā doṣāḥ prakupitā hṛdayam upasṛtya manovahāni srotāṃsy āvṛtya janayanty unmādam _→vaiṣamyayuktenopayogavidhinopayuñjānānāṃ +_
_ a → tantraprayogam a	consonant / other	1	0.0	tatra doṣanimittāś catvāraḥ puruṣāṇām evaṃvidhānāṃ kṣipram abhinirvartante tadyathā bhīrūṇām upakliṣṭasattvānām utsannadoṣāṇāṃ samalavikṛtopahitāny anucitāny āhārajātāni vaiṣamyayuktenopayogavidhinopayuñjānānāṃ tantraprayogam api viṣamam ācaratām anyāś ca śarīraceṣṭā viṣamāḥ samācaratām atyupakṣīṇadehānāṃ vyādhivegasamudbhramitānām upahatamanasāṃ vā kāmakrodhalobhaharṣabhayamohāyāsaśokacintodvegādibhir bhūyo 'bhighātābhyāhatānāṃ vā manasy upahate buddhau ca pracalitāyām abhyudīrṇā doṣāḥ prakupitā hṛdayam upasṛtya manovahāni srotāṃsy āvṛtya janayanty unmādam _→tantraprayogam +api
_ _ → vyādhivegasamudbhramitānām _	consonant / other	1	0.0	tatra doṣanimittāś catvāraḥ puruṣāṇām evaṃvidhānāṃ kṣipram abhinirvartante tadyathā bhīrūṇām upakliṣṭasattvānām utsannadoṣāṇāṃ samalavikṛtopahitāny anucitāny āhārajātāni vaiṣamyayuktenopayogavidhinopayuñjānānāṃ tantraprayogam api viṣamam ācaratām anyāś ca śarīraceṣṭā viṣamāḥ samācaratām atyupakṣīṇadehānāṃ vyādhivegasamudbhramitānām upahatamanasāṃ vā kāmakrodhalobhaharṣabhayamohāyāsaśokacintodvegādibhir bhūyo 'bhighātābhyāhatānāṃ vā manasy upahate buddhau ca pracalitāyām abhyudīrṇā doṣāḥ prakupitā hṛdayam upasṛtya manovahāni srotāṃsy āvṛtya janayanty unmādam _→vyādhivegasamudbhramitānām +vā
ḥ _ → r _	visarga	1	0.0	tatra doṣanimittāś catvāraḥ puruṣāṇām evaṃvidhānāṃ kṣipram abhinirvartante tadyathā bhīrūṇām upakliṣṭasattvānām utsannadoṣāṇāṃ samalavikṛtopahitāny anucitāny āhārajātāni vaiṣamyayuktenopayogavidhinopayuñjānānāṃ tantraprayogam api viṣamam ācaratām anyāś ca śarīraceṣṭā viṣamāḥ samācaratām atyupakṣīṇadehānāṃ vyādhivegasamudbhramitānām upahatamanasāṃ vā kāmakrodhalobhaharṣabhayamohāyāsaśokacintodvegādibhir bhūyo 'bhighātābhyāhatānāṃ vā manasy upahate buddhau ca pracalitāyām abhyudīrṇā doṣāḥ prakupitā hṛdayam upasṛtya manovahāni srotāṃsy āvṛtya janayanty unmādam ādibhiḥ→kāmakrodhalobhaharṣabhayamohāyāsaśokacintodvegādibhir +bhūyo
_ p → unmādaṃ p	anusvāra / nasal	1	0.0	unmādaṃ punar manobuddhisaṃjñājñānasmṛtibhaktiśīlaceṣṭācāravibhramaṃ vidyāt unmādaṃ+punar
_ v → manobuddhisaṃjñājñānasmṛtibhaktiśīlaceṣṭācāravibhramaṃ v	anusvāra / nasal	1	0.0	unmādaṃ punar manobuddhisaṃjñājñānasmṛtibhaktiśīlaceṣṭācāravibhramaṃ vidyāt _→manobuddhisaṃjñājñānasmṛtibhaktiśīlaceṣṭācāravibhramaṃ +vidyāt
_ _ → _ pūrvarūpāṇi	consonant / other	1	0.0	tasyemāni pūrvarūpāṇi tadyathā śirasaḥ śūnyatā cakṣuṣor ākulatā svanaḥ karṇayoḥ ucchvāsasyādhikyam āsyasaṃsravaṇam anannābhilāṣārocakāvipākāḥ hṛdgrahaḥ dhyānāyāsasammohodvegāś cāsthāne satataṃ lomaharṣaḥ jvaraś cābhīkṣṇam unmattacittatvam udarditvam arditākṛtikaraṇaṃ ca vyādheḥ svapne cābhīkṣṇaṃ darśanaṃ bhrāntacalitānavasthitānāṃ rūpāṇām apraśastānāṃ ca tilapīḍakacakrādhirohaṇaṃ vātakuṇḍalikābhiś conmathanaṃ nimajjanaṃ ca kaluṣāṇām ambhasām āvarte cakṣuṣoś cāpasarpaṇam iti _+pūrvarūpāṇi
_ _ → pūrvarūpāṇi _	consonant / other	1	0.0	tasyemāni pūrvarūpāṇi tadyathā śirasaḥ śūnyatā cakṣuṣor ākulatā svanaḥ karṇayoḥ ucchvāsasyādhikyam āsyasaṃsravaṇam anannābhilāṣārocakāvipākāḥ hṛdgrahaḥ dhyānāyāsasammohodvegāś cāsthāne satataṃ lomaharṣaḥ jvaraś cābhīkṣṇam unmattacittatvam udarditvam arditākṛtikaraṇaṃ ca vyādheḥ svapne cābhīkṣṇaṃ darśanaṃ bhrāntacalitānavasthitānāṃ rūpāṇām apraśastānāṃ ca tilapīḍakacakrādhirohaṇaṃ vātakuṇḍalikābhiś conmathanaṃ nimajjanaṃ ca kaluṣāṇām ambhasām āvarte cakṣuṣoś cāpasarpaṇam iti pūrvarūpāṇi+_
ā _ → ā śirasaḥ	consonant / other	1	0.0	tasyemāni pūrvarūpāṇi tadyathā śirasaḥ śūnyatā cakṣuṣor ākulatā svanaḥ karṇayoḥ ucchvāsasyādhikyam āsyasaṃsravaṇam anannābhilāṣārocakāvipākāḥ hṛdgrahaḥ dhyānāyāsasammohodvegāś cāsthāne satataṃ lomaharṣaḥ jvaraś cābhīkṣṇam unmattacittatvam udarditvam arditākṛtikaraṇaṃ ca vyādheḥ svapne cābhīkṣṇaṃ darśanaṃ bhrāntacalitānavasthitānāṃ rūpāṇām apraśastānāṃ ca tilapīḍakacakrādhirohaṇaṃ vātakuṇḍalikābhiś conmathanaṃ nimajjanaṃ ca kaluṣāṇām ambhasām āvarte cakṣuṣoś cāpasarpaṇam iti yathā+śirasaḥ
_ _ → śirasaḥ śūnyatā	consonant / other	1	0.0	tasyemāni pūrvarūpāṇi tadyathā śirasaḥ śūnyatā cakṣuṣor ākulatā svanaḥ karṇayoḥ ucchvāsasyādhikyam āsyasaṃsravaṇam anannābhilāṣārocakāvipākāḥ hṛdgrahaḥ dhyānāyāsasammohodvegāś cāsthāne satataṃ lomaharṣaḥ jvaraś cābhīkṣṇam unmattacittatvam udarditvam arditākṛtikaraṇaṃ ca vyādheḥ svapne cābhīkṣṇaṃ darśanaṃ bhrāntacalitānavasthitānāṃ rūpāṇām apraśastānāṃ ca tilapīḍakacakrādhirohaṇaṃ vātakuṇḍalikābhiś conmathanaṃ nimajjanaṃ ca kaluṣāṇām ambhasām āvarte cakṣuṣoś cāpasarpaṇam iti śirasaḥ+śūnyatā
_ _ → śūnyatā cakṣuṣor	consonant / other	1	0.0	tasyemāni pūrvarūpāṇi tadyathā śirasaḥ śūnyatā cakṣuṣor ākulatā svanaḥ karṇayoḥ ucchvāsasyādhikyam āsyasaṃsravaṇam anannābhilāṣārocakāvipākāḥ hṛdgrahaḥ dhyānāyāsasammohodvegāś cāsthāne satataṃ lomaharṣaḥ jvaraś cābhīkṣṇam unmattacittatvam udarditvam arditākṛtikaraṇaṃ ca vyādheḥ svapne cābhīkṣṇaṃ darśanaṃ bhrāntacalitānavasthitānāṃ rūpāṇām apraśastānāṃ ca tilapīḍakacakrādhirohaṇaṃ vātakuṇḍalikābhiś conmathanaṃ nimajjanaṃ ca kaluṣāṇām ambhasām āvarte cakṣuṣoś cāpasarpaṇam iti śūnyatā+cakṣuṣor
_ _ → cakṣuṣor ākulatā	consonant / other	1	0.0	tasyemāni pūrvarūpāṇi tadyathā śirasaḥ śūnyatā cakṣuṣor ākulatā svanaḥ karṇayoḥ ucchvāsasyādhikyam āsyasaṃsravaṇam anannābhilāṣārocakāvipākāḥ hṛdgrahaḥ dhyānāyāsasammohodvegāś cāsthāne satataṃ lomaharṣaḥ jvaraś cābhīkṣṇam unmattacittatvam udarditvam arditākṛtikaraṇaṃ ca vyādheḥ svapne cābhīkṣṇaṃ darśanaṃ bhrāntacalitānavasthitānāṃ rūpāṇām apraśastānāṃ ca tilapīḍakacakrādhirohaṇaṃ vātakuṇḍalikābhiś conmathanaṃ nimajjanaṃ ca kaluṣāṇām ambhasām āvarte cakṣuṣoś cāpasarpaṇam iti cakṣuṣor+ākulatā
_ _ → ākulatā svanaḥ	consonant / other	1	0.0	tasyemāni pūrvarūpāṇi tadyathā śirasaḥ śūnyatā cakṣuṣor ākulatā svanaḥ karṇayoḥ ucchvāsasyādhikyam āsyasaṃsravaṇam anannābhilāṣārocakāvipākāḥ hṛdgrahaḥ dhyānāyāsasammohodvegāś cāsthāne satataṃ lomaharṣaḥ jvaraś cābhīkṣṇam unmattacittatvam udarditvam arditākṛtikaraṇaṃ ca vyādheḥ svapne cābhīkṣṇaṃ darśanaṃ bhrāntacalitānavasthitānāṃ rūpāṇām apraśastānāṃ ca tilapīḍakacakrādhirohaṇaṃ vātakuṇḍalikābhiś conmathanaṃ nimajjanaṃ ca kaluṣāṇām ambhasām āvarte cakṣuṣoś cāpasarpaṇam iti ākulatā+svanaḥ
_ _ → svanaḥ karṇayoḥ	consonant / other	1	0.0	tasyemāni pūrvarūpāṇi tadyathā śirasaḥ śūnyatā cakṣuṣor ākulatā svanaḥ karṇayoḥ ucchvāsasyādhikyam āsyasaṃsravaṇam anannābhilāṣārocakāvipākāḥ hṛdgrahaḥ dhyānāyāsasammohodvegāś cāsthāne satataṃ lomaharṣaḥ jvaraś cābhīkṣṇam unmattacittatvam udarditvam arditākṛtikaraṇaṃ ca vyādheḥ svapne cābhīkṣṇaṃ darśanaṃ bhrāntacalitānavasthitānāṃ rūpāṇām apraśastānāṃ ca tilapīḍakacakrādhirohaṇaṃ vātakuṇḍalikābhiś conmathanaṃ nimajjanaṃ ca kaluṣāṇām ambhasām āvarte cakṣuṣoś cāpasarpaṇam iti svanaḥ+karṇayoḥ
_ _ → karṇayoḥ _	consonant / other	1	0.0	tasyemāni pūrvarūpāṇi tadyathā śirasaḥ śūnyatā cakṣuṣor ākulatā svanaḥ karṇayoḥ ucchvāsasyādhikyam āsyasaṃsravaṇam anannābhilāṣārocakāvipākāḥ hṛdgrahaḥ dhyānāyāsasammohodvegāś cāsthāne satataṃ lomaharṣaḥ jvaraś cābhīkṣṇam unmattacittatvam udarditvam arditākṛtikaraṇaṃ ca vyādheḥ svapne cābhīkṣṇaṃ darśanaṃ bhrāntacalitānavasthitānāṃ rūpāṇām apraśastānāṃ ca tilapīḍakacakrādhirohaṇaṃ vātakuṇḍalikābhiś conmathanaṃ nimajjanaṃ ca kaluṣāṇām ambhasām āvarte cakṣuṣoś cāpasarpaṇam iti karṇayoḥ+_
_ _ → _ āsyasaṃsravaṇam	anusvāra / nasal	1	0.0	tasyemāni pūrvarūpāṇi tadyathā śirasaḥ śūnyatā cakṣuṣor ākulatā svanaḥ karṇayoḥ ucchvāsasyādhikyam āsyasaṃsravaṇam anannābhilāṣārocakāvipākāḥ hṛdgrahaḥ dhyānāyāsasammohodvegāś cāsthāne satataṃ lomaharṣaḥ jvaraś cābhīkṣṇam unmattacittatvam udarditvam arditākṛtikaraṇaṃ ca vyādheḥ svapne cābhīkṣṇaṃ darśanaṃ bhrāntacalitānavasthitānāṃ rūpāṇām apraśastānāṃ ca tilapīḍakacakrādhirohaṇaṃ vātakuṇḍalikābhiś conmathanaṃ nimajjanaṃ ca kaluṣāṇām ambhasām āvarte cakṣuṣoś cāpasarpaṇam iti _+āsyasaṃsravaṇam
_ _ → āsyasaṃsravaṇam _	anusvāra / nasal	1	0.0	tasyemāni pūrvarūpāṇi tadyathā śirasaḥ śūnyatā cakṣuṣor ākulatā svanaḥ karṇayoḥ ucchvāsasyādhikyam āsyasaṃsravaṇam anannābhilāṣārocakāvipākāḥ hṛdgrahaḥ dhyānāyāsasammohodvegāś cāsthāne satataṃ lomaharṣaḥ jvaraś cābhīkṣṇam unmattacittatvam udarditvam arditākṛtikaraṇaṃ ca vyādheḥ svapne cābhīkṣṇaṃ darśanaṃ bhrāntacalitānavasthitānāṃ rūpāṇām apraśastānāṃ ca tilapīḍakacakrādhirohaṇaṃ vātakuṇḍalikābhiś conmathanaṃ nimajjanaṃ ca kaluṣāṇām ambhasām āvarte cakṣuṣoś cāpasarpaṇam iti āsyasaṃsravaṇam+_
_ _ → _ hṛdgrahaḥ	consonant / other	1	0.0	tasyemāni pūrvarūpāṇi tadyathā śirasaḥ śūnyatā cakṣuṣor ākulatā svanaḥ karṇayoḥ ucchvāsasyādhikyam āsyasaṃsravaṇam anannābhilāṣārocakāvipākāḥ hṛdgrahaḥ dhyānāyāsasammohodvegāś cāsthāne satataṃ lomaharṣaḥ jvaraś cābhīkṣṇam unmattacittatvam udarditvam arditākṛtikaraṇaṃ ca vyādheḥ svapne cābhīkṣṇaṃ darśanaṃ bhrāntacalitānavasthitānāṃ rūpāṇām apraśastānāṃ ca tilapīḍakacakrādhirohaṇaṃ vātakuṇḍalikābhiś conmathanaṃ nimajjanaṃ ca kaluṣāṇām ambhasām āvarte cakṣuṣoś cāpasarpaṇam iti _+hṛdgrahaḥ
_ _ → hṛdgrahaḥ _	consonant / other	1	0.0	tasyemāni pūrvarūpāṇi tadyathā śirasaḥ śūnyatā cakṣuṣor ākulatā svanaḥ karṇayoḥ ucchvāsasyādhikyam āsyasaṃsravaṇam anannābhilāṣārocakāvipākāḥ hṛdgrahaḥ dhyānāyāsasammohodvegāś cāsthāne satataṃ lomaharṣaḥ jvaraś cābhīkṣṇam unmattacittatvam udarditvam arditākṛtikaraṇaṃ ca vyādheḥ svapne cābhīkṣṇaṃ darśanaṃ bhrāntacalitānavasthitānāṃ rūpāṇām apraśastānāṃ ca tilapīḍakacakrādhirohaṇaṃ vātakuṇḍalikābhiś conmathanaṃ nimajjanaṃ ca kaluṣāṇām ambhasām āvarte cakṣuṣoś cāpasarpaṇam iti hṛdgrahaḥ+_
_ _ → _ satataṃ	anusvāra / nasal	1	0.0	tasyemāni pūrvarūpāṇi tadyathā śirasaḥ śūnyatā cakṣuṣor ākulatā svanaḥ karṇayoḥ ucchvāsasyādhikyam āsyasaṃsravaṇam anannābhilāṣārocakāvipākāḥ hṛdgrahaḥ dhyānāyāsasammohodvegāś cāsthāne satataṃ lomaharṣaḥ jvaraś cābhīkṣṇam unmattacittatvam udarditvam arditākṛtikaraṇaṃ ca vyādheḥ svapne cābhīkṣṇaṃ darśanaṃ bhrāntacalitānavasthitānāṃ rūpāṇām apraśastānāṃ ca tilapīḍakacakrādhirohaṇaṃ vātakuṇḍalikābhiś conmathanaṃ nimajjanaṃ ca kaluṣāṇām ambhasām āvarte cakṣuṣoś cāpasarpaṇam iti _+satataṃ
_ _ → satataṃ lomaharṣaḥ	anusvāra / nasal	1	0.0	tasyemāni pūrvarūpāṇi tadyathā śirasaḥ śūnyatā cakṣuṣor ākulatā svanaḥ karṇayoḥ ucchvāsasyādhikyam āsyasaṃsravaṇam anannābhilāṣārocakāvipākāḥ hṛdgrahaḥ dhyānāyāsasammohodvegāś cāsthāne satataṃ lomaharṣaḥ jvaraś cābhīkṣṇam unmattacittatvam udarditvam arditākṛtikaraṇaṃ ca vyādheḥ svapne cābhīkṣṇaṃ darśanaṃ bhrāntacalitānavasthitānāṃ rūpāṇām apraśastānāṃ ca tilapīḍakacakrādhirohaṇaṃ vātakuṇḍalikābhiś conmathanaṃ nimajjanaṃ ca kaluṣāṇām ambhasām āvarte cakṣuṣoś cāpasarpaṇam iti satataṃ+lomaharṣaḥ
_ _ → lomaharṣaḥ jvaraś	consonant / other	1	0.0	tasyemāni pūrvarūpāṇi tadyathā śirasaḥ śūnyatā cakṣuṣor ākulatā svanaḥ karṇayoḥ ucchvāsasyādhikyam āsyasaṃsravaṇam anannābhilāṣārocakāvipākāḥ hṛdgrahaḥ dhyānāyāsasammohodvegāś cāsthāne satataṃ lomaharṣaḥ jvaraś cābhīkṣṇam unmattacittatvam udarditvam arditākṛtikaraṇaṃ ca vyādheḥ svapne cābhīkṣṇaṃ darśanaṃ bhrāntacalitānavasthitānāṃ rūpāṇām apraśastānāṃ ca tilapīḍakacakrādhirohaṇaṃ vātakuṇḍalikābhiś conmathanaṃ nimajjanaṃ ca kaluṣāṇām ambhasām āvarte cakṣuṣoś cāpasarpaṇam iti lomaharṣaḥ+jvaraś
_ c → jvaraś c	consonant / other	1	0.0	tasyemāni pūrvarūpāṇi tadyathā śirasaḥ śūnyatā cakṣuṣor ākulatā svanaḥ karṇayoḥ ucchvāsasyādhikyam āsyasaṃsravaṇam anannābhilāṣārocakāvipākāḥ hṛdgrahaḥ dhyānāyāsasammohodvegāś cāsthāne satataṃ lomaharṣaḥ jvaraś cābhīkṣṇam unmattacittatvam udarditvam arditākṛtikaraṇaṃ ca vyādheḥ svapne cābhīkṣṇaṃ darśanaṃ bhrāntacalitānavasthitānāṃ rūpāṇām apraśastānāṃ ca tilapīḍakacakrādhirohaṇaṃ vātakuṇḍalikābhiś conmathanaṃ nimajjanaṃ ca kaluṣāṇām ambhasām āvarte cakṣuṣoś cāpasarpaṇam iti jvaraś+ca
_ _ → _ udarditvam	consonant / other	1	0.0	tasyemāni pūrvarūpāṇi tadyathā śirasaḥ śūnyatā cakṣuṣor ākulatā svanaḥ karṇayoḥ ucchvāsasyādhikyam āsyasaṃsravaṇam anannābhilāṣārocakāvipākāḥ hṛdgrahaḥ dhyānāyāsasammohodvegāś cāsthāne satataṃ lomaharṣaḥ jvaraś cābhīkṣṇam unmattacittatvam udarditvam arditākṛtikaraṇaṃ ca vyādheḥ svapne cābhīkṣṇaṃ darśanaṃ bhrāntacalitānavasthitānāṃ rūpāṇām apraśastānāṃ ca tilapīḍakacakrādhirohaṇaṃ vātakuṇḍalikābhiś conmathanaṃ nimajjanaṃ ca kaluṣāṇām ambhasām āvarte cakṣuṣoś cāpasarpaṇam iti _+udarditvam
_ c → udarditvam c	consonant / other	1	0.0	tasyemāni pūrvarūpāṇi tadyathā śirasaḥ śūnyatā cakṣuṣor ākulatā svanaḥ karṇayoḥ ucchvāsasyādhikyam āsyasaṃsravaṇam anannābhilāṣārocakāvipākāḥ hṛdgrahaḥ dhyānāyāsasammohodvegāś cāsthāne satataṃ lomaharṣaḥ jvaraś cābhīkṣṇam unmattacittatvam udarditvam arditākṛtikaraṇaṃ ca vyādheḥ svapne cābhīkṣṇaṃ darśanaṃ bhrāntacalitānavasthitānāṃ rūpāṇām apraśastānāṃ ca tilapīḍakacakrādhirohaṇaṃ vātakuṇḍalikābhiś conmathanaṃ nimajjanaṃ ca kaluṣāṇām ambhasām āvarte cakṣuṣoś cāpasarpaṇam iti udarditvam+ca
a _ → a vyādheḥ	consonant / other	1	0.0	tasyemāni pūrvarūpāṇi tadyathā śirasaḥ śūnyatā cakṣuṣor ākulatā svanaḥ karṇayoḥ ucchvāsasyādhikyam āsyasaṃsravaṇam anannābhilāṣārocakāvipākāḥ hṛdgrahaḥ dhyānāyāsasammohodvegāś cāsthāne satataṃ lomaharṣaḥ jvaraś cābhīkṣṇam unmattacittatvam udarditvam arditākṛtikaraṇaṃ ca vyādheḥ svapne cābhīkṣṇaṃ darśanaṃ bhrāntacalitānavasthitānāṃ rūpāṇām apraśastānāṃ ca tilapīḍakacakrādhirohaṇaṃ vātakuṇḍalikābhiś conmathanaṃ nimajjanaṃ ca kaluṣāṇām ambhasām āvarte cakṣuṣoś cāpasarpaṇam iti ca+vyādheḥ
_ _ → vyādheḥ svapne	consonant / other	1	0.0	tasyemāni pūrvarūpāṇi tadyathā śirasaḥ śūnyatā cakṣuṣor ākulatā svanaḥ karṇayoḥ ucchvāsasyādhikyam āsyasaṃsravaṇam anannābhilāṣārocakāvipākāḥ hṛdgrahaḥ dhyānāyāsasammohodvegāś cāsthāne satataṃ lomaharṣaḥ jvaraś cābhīkṣṇam unmattacittatvam udarditvam arditākṛtikaraṇaṃ ca vyādheḥ svapne cābhīkṣṇaṃ darśanaṃ bhrāntacalitānavasthitānāṃ rūpāṇām apraśastānāṃ ca tilapīḍakacakrādhirohaṇaṃ vātakuṇḍalikābhiś conmathanaṃ nimajjanaṃ ca kaluṣāṇām ambhasām āvarte cakṣuṣoś cāpasarpaṇam iti vyādheḥ+svapne
_ c → svapne c	consonant / other	1	0.0	tasyemāni pūrvarūpāṇi tadyathā śirasaḥ śūnyatā cakṣuṣor ākulatā svanaḥ karṇayoḥ ucchvāsasyādhikyam āsyasaṃsravaṇam anannābhilāṣārocakāvipākāḥ hṛdgrahaḥ dhyānāyāsasammohodvegāś cāsthāne satataṃ lomaharṣaḥ jvaraś cābhīkṣṇam unmattacittatvam udarditvam arditākṛtikaraṇaṃ ca vyādheḥ svapne cābhīkṣṇaṃ darśanaṃ bhrāntacalitānavasthitānāṃ rūpāṇām apraśastānāṃ ca tilapīḍakacakrādhirohaṇaṃ vātakuṇḍalikābhiś conmathanaṃ nimajjanaṃ ca kaluṣāṇām ambhasām āvarte cakṣuṣoś cāpasarpaṇam iti svapne+ca
_ _ → _ darśanaṃ	anusvāra / nasal	1	0.0	tasyemāni pūrvarūpāṇi tadyathā śirasaḥ śūnyatā cakṣuṣor ākulatā svanaḥ karṇayoḥ ucchvāsasyādhikyam āsyasaṃsravaṇam anannābhilāṣārocakāvipākāḥ hṛdgrahaḥ dhyānāyāsasammohodvegāś cāsthāne satataṃ lomaharṣaḥ jvaraś cābhīkṣṇam unmattacittatvam udarditvam arditākṛtikaraṇaṃ ca vyādheḥ svapne cābhīkṣṇaṃ darśanaṃ bhrāntacalitānavasthitānāṃ rūpāṇām apraśastānāṃ ca tilapīḍakacakrādhirohaṇaṃ vātakuṇḍalikābhiś conmathanaṃ nimajjanaṃ ca kaluṣāṇām ambhasām āvarte cakṣuṣoś cāpasarpaṇam iti _+darśanaṃ
_ _ → darśanaṃ rūpāṇām	anusvāra / nasal	1	0.0	tasyemāni pūrvarūpāṇi tadyathā śirasaḥ śūnyatā cakṣuṣor ākulatā svanaḥ karṇayoḥ ucchvāsasyādhikyam āsyasaṃsravaṇam anannābhilāṣārocakāvipākāḥ hṛdgrahaḥ dhyānāyāsasammohodvegāś cāsthāne satataṃ lomaharṣaḥ jvaraś cābhīkṣṇam unmattacittatvam udarditvam arditākṛtikaraṇaṃ ca vyādheḥ svapne cābhīkṣṇaṃ darśanaṃ bhrāntacalitānavasthitānāṃ rūpāṇām apraśastānāṃ ca tilapīḍakacakrādhirohaṇaṃ vātakuṇḍalikābhiś conmathanaṃ nimajjanaṃ ca kaluṣāṇām ambhasām āvarte cakṣuṣoś cāpasarpaṇam iti darśanaṃ+rūpāṇām
_ a → rūpāṇām a	consonant / other	1	0.0	tasyemāni pūrvarūpāṇi tadyathā śirasaḥ śūnyatā cakṣuṣor ākulatā svanaḥ karṇayoḥ ucchvāsasyādhikyam āsyasaṃsravaṇam anannābhilāṣārocakāvipākāḥ hṛdgrahaḥ dhyānāyāsasammohodvegāś cāsthāne satataṃ lomaharṣaḥ jvaraś cābhīkṣṇam unmattacittatvam udarditvam arditākṛtikaraṇaṃ ca vyādheḥ svapne cābhīkṣṇaṃ darśanaṃ bhrāntacalitānavasthitānāṃ rūpāṇām apraśastānāṃ ca tilapīḍakacakrādhirohaṇaṃ vātakuṇḍalikābhiś conmathanaṃ nimajjanaṃ ca kaluṣāṇām ambhasām āvarte cakṣuṣoś cāpasarpaṇam iti rūpāṇām+a
_ _ → _ vātakuṇḍalikābhiś	consonant / other	1	0.0	tasyemāni pūrvarūpāṇi tadyathā śirasaḥ śūnyatā cakṣuṣor ākulatā svanaḥ karṇayoḥ ucchvāsasyādhikyam āsyasaṃsravaṇam anannābhilāṣārocakāvipākāḥ hṛdgrahaḥ dhyānāyāsasammohodvegāś cāsthāne satataṃ lomaharṣaḥ jvaraś cābhīkṣṇam unmattacittatvam udarditvam arditākṛtikaraṇaṃ ca vyādheḥ svapne cābhīkṣṇaṃ darśanaṃ bhrāntacalitānavasthitānāṃ rūpāṇām apraśastānāṃ ca tilapīḍakacakrādhirohaṇaṃ vātakuṇḍalikābhiś conmathanaṃ nimajjanaṃ ca kaluṣāṇām ambhasām āvarte cakṣuṣoś cāpasarpaṇam iti _+vātakuṇḍalikābhiś
_ c → vātakuṇḍalikābhiś c	consonant / other	1	0.0	tasyemāni pūrvarūpāṇi tadyathā śirasaḥ śūnyatā cakṣuṣor ākulatā svanaḥ karṇayoḥ ucchvāsasyādhikyam āsyasaṃsravaṇam anannābhilāṣārocakāvipākāḥ hṛdgrahaḥ dhyānāyāsasammohodvegāś cāsthāne satataṃ lomaharṣaḥ jvaraś cābhīkṣṇam unmattacittatvam udarditvam arditākṛtikaraṇaṃ ca vyādheḥ svapne cābhīkṣṇaṃ darśanaṃ bhrāntacalitānavasthitānāṃ rūpāṇām apraśastānāṃ ca tilapīḍakacakrādhirohaṇaṃ vātakuṇḍalikābhiś conmathanaṃ nimajjanaṃ ca kaluṣāṇām ambhasām āvarte cakṣuṣoś cāpasarpaṇam iti vātakuṇḍalikābhiś+ca
_ _ → _ nimajjanaṃ	anusvāra / nasal	1	0.0	tasyemāni pūrvarūpāṇi tadyathā śirasaḥ śūnyatā cakṣuṣor ākulatā svanaḥ karṇayoḥ ucchvāsasyādhikyam āsyasaṃsravaṇam anannābhilāṣārocakāvipākāḥ hṛdgrahaḥ dhyānāyāsasammohodvegāś cāsthāne satataṃ lomaharṣaḥ jvaraś cābhīkṣṇam unmattacittatvam udarditvam arditākṛtikaraṇaṃ ca vyādheḥ svapne cābhīkṣṇaṃ darśanaṃ bhrāntacalitānavasthitānāṃ rūpāṇām apraśastānāṃ ca tilapīḍakacakrādhirohaṇaṃ vātakuṇḍalikābhiś conmathanaṃ nimajjanaṃ ca kaluṣāṇām ambhasām āvarte cakṣuṣoś cāpasarpaṇam iti _+nimajjanaṃ
_ c → nimajjanaṃ c	anusvāra / nasal	1	0.0	tasyemāni pūrvarūpāṇi tadyathā śirasaḥ śūnyatā cakṣuṣor ākulatā svanaḥ karṇayoḥ ucchvāsasyādhikyam āsyasaṃsravaṇam anannābhilāṣārocakāvipākāḥ hṛdgrahaḥ dhyānāyāsasammohodvegāś cāsthāne satataṃ lomaharṣaḥ jvaraś cābhīkṣṇam unmattacittatvam udarditvam arditākṛtikaraṇaṃ ca vyādheḥ svapne cābhīkṣṇaṃ darśanaṃ bhrāntacalitānavasthitānāṃ rūpāṇām apraśastānāṃ ca tilapīḍakacakrādhirohaṇaṃ vātakuṇḍalikābhiś conmathanaṃ nimajjanaṃ ca kaluṣāṇām ambhasām āvarte cakṣuṣoś cāpasarpaṇam iti nimajjanaṃ+ca
a _ → a kaluṣāṇām	consonant / other	1	0.0	tasyemāni pūrvarūpāṇi tadyathā śirasaḥ śūnyatā cakṣuṣor ākulatā svanaḥ karṇayoḥ ucchvāsasyādhikyam āsyasaṃsravaṇam anannābhilāṣārocakāvipākāḥ hṛdgrahaḥ dhyānāyāsasammohodvegāś cāsthāne satataṃ lomaharṣaḥ jvaraś cābhīkṣṇam unmattacittatvam udarditvam arditākṛtikaraṇaṃ ca vyādheḥ svapne cābhīkṣṇaṃ darśanaṃ bhrāntacalitānavasthitānāṃ rūpāṇām apraśastānāṃ ca tilapīḍakacakrādhirohaṇaṃ vātakuṇḍalikābhiś conmathanaṃ nimajjanaṃ ca kaluṣāṇām ambhasām āvarte cakṣuṣoś cāpasarpaṇam iti ca+kaluṣāṇām
_ _ → kaluṣāṇām ambhasām	consonant / other	1	0.0	tasyemāni pūrvarūpāṇi tadyathā śirasaḥ śūnyatā cakṣuṣor ākulatā svanaḥ karṇayoḥ ucchvāsasyādhikyam āsyasaṃsravaṇam anannābhilāṣārocakāvipākāḥ hṛdgrahaḥ dhyānāyāsasammohodvegāś cāsthāne satataṃ lomaharṣaḥ jvaraś cābhīkṣṇam unmattacittatvam udarditvam arditākṛtikaraṇaṃ ca vyādheḥ svapne cābhīkṣṇaṃ darśanaṃ bhrāntacalitānavasthitānāṃ rūpāṇām apraśastānāṃ ca tilapīḍakacakrādhirohaṇaṃ vātakuṇḍalikābhiś conmathanaṃ nimajjanaṃ ca kaluṣāṇām ambhasām āvarte cakṣuṣoś cāpasarpaṇam iti kaluṣāṇām+ambhasām
_ _ → ambhasām āvarte	consonant / other	1	0.0	tasyemāni pūrvarūpāṇi tadyathā śirasaḥ śūnyatā cakṣuṣor ākulatā svanaḥ karṇayoḥ ucchvāsasyādhikyam āsyasaṃsravaṇam anannābhilāṣārocakāvipākāḥ hṛdgrahaḥ dhyānāyāsasammohodvegāś cāsthāne satataṃ lomaharṣaḥ jvaraś cābhīkṣṇam unmattacittatvam udarditvam arditākṛtikaraṇaṃ ca vyādheḥ svapne cābhīkṣṇaṃ darśanaṃ bhrāntacalitānavasthitānāṃ rūpāṇām apraśastānāṃ ca tilapīḍakacakrādhirohaṇaṃ vātakuṇḍalikābhiś conmathanaṃ nimajjanaṃ ca kaluṣāṇām ambhasām āvarte cakṣuṣoś cāpasarpaṇam iti ambhasām+āvarte
_ _ → āvarte cakṣuṣoś	consonant / other	1	0.0	tasyemāni pūrvarūpāṇi tadyathā śirasaḥ śūnyatā cakṣuṣor ākulatā svanaḥ karṇayoḥ ucchvāsasyādhikyam āsyasaṃsravaṇam anannābhilāṣārocakāvipākāḥ hṛdgrahaḥ dhyānāyāsasammohodvegāś cāsthāne satataṃ lomaharṣaḥ jvaraś cābhīkṣṇam unmattacittatvam udarditvam arditākṛtikaraṇaṃ ca vyādheḥ svapne cābhīkṣṇaṃ darśanaṃ bhrāntacalitānavasthitānāṃ rūpāṇām apraśastānāṃ ca tilapīḍakacakrādhirohaṇaṃ vātakuṇḍalikābhiś conmathanaṃ nimajjanaṃ ca kaluṣāṇām ambhasām āvarte cakṣuṣoś cāpasarpaṇam iti āvarte+cakṣuṣoś
_ c → cakṣuṣoś c	consonant / other	1	0.0	tasyemāni pūrvarūpāṇi tadyathā śirasaḥ śūnyatā cakṣuṣor ākulatā svanaḥ karṇayoḥ ucchvāsasyādhikyam āsyasaṃsravaṇam anannābhilāṣārocakāvipākāḥ hṛdgrahaḥ dhyānāyāsasammohodvegāś cāsthāne satataṃ lomaharṣaḥ jvaraś cābhīkṣṇam unmattacittatvam udarditvam arditākṛtikaraṇaṃ ca vyādheḥ svapne cābhīkṣṇaṃ darśanaṃ bhrāntacalitānavasthitānāṃ rūpāṇām apraśastānāṃ ca tilapīḍakacakrādhirohaṇaṃ vātakuṇḍalikābhiś conmathanaṃ nimajjanaṃ ca kaluṣāṇām ambhasām āvarte cakṣuṣoś cāpasarpaṇam iti cakṣuṣoś+ca
_ _ → ucchvāsasyādhikyam _	consonant / other	1	0.0	tasyemāni pūrvarūpāṇi tadyathā śirasaḥ śūnyatā cakṣuṣor ākulatā svanaḥ karṇayoḥ ucchvāsasyādhikyam āsyasaṃsravaṇam anannābhilāṣārocakāvipākāḥ hṛdgrahaḥ dhyānāyāsasammohodvegāś cāsthāne satataṃ lomaharṣaḥ jvaraś cābhīkṣṇam unmattacittatvam udarditvam arditākṛtikaraṇaṃ ca vyādheḥ svapne cābhīkṣṇaṃ darśanaṃ bhrāntacalitānavasthitānāṃ rūpāṇām apraśastānāṃ ca tilapīḍakacakrādhirohaṇaṃ vātakuṇḍalikābhiś conmathanaṃ nimajjanaṃ ca kaluṣāṇām ambhasām āvarte cakṣuṣoś cāpasarpaṇam iti _→ucchvāsasyādhikyam +āsyasaṃsravaṇam
_ _ → anannābhilāṣārocakāvipākāḥ _	consonant / other	1	0.0	tasyemāni pūrvarūpāṇi tadyathā śirasaḥ śūnyatā cakṣuṣor ākulatā svanaḥ karṇayoḥ ucchvāsasyādhikyam āsyasaṃsravaṇam anannābhilāṣārocakāvipākāḥ hṛdgrahaḥ dhyānāyāsasammohodvegāś cāsthāne satataṃ lomaharṣaḥ jvaraś cābhīkṣṇam unmattacittatvam udarditvam arditākṛtikaraṇaṃ ca vyādheḥ svapne cābhīkṣṇaṃ darśanaṃ bhrāntacalitānavasthitānāṃ rūpāṇām apraśastānāṃ ca tilapīḍakacakrādhirohaṇaṃ vātakuṇḍalikābhiś conmathanaṃ nimajjanaṃ ca kaluṣāṇām ambhasām āvarte cakṣuṣoś cāpasarpaṇam iti _→anannābhilāṣārocakāvipākāḥ +hṛdgrahaḥ
_ c → dhyānāyāsasammohodvegāś c	consonant / other	1	0.0	tasyemāni pūrvarūpāṇi tadyathā śirasaḥ śūnyatā cakṣuṣor ākulatā svanaḥ karṇayoḥ ucchvāsasyādhikyam āsyasaṃsravaṇam anannābhilāṣārocakāvipākāḥ hṛdgrahaḥ dhyānāyāsasammohodvegāś cāsthāne satataṃ lomaharṣaḥ jvaraś cābhīkṣṇam unmattacittatvam udarditvam arditākṛtikaraṇaṃ ca vyādheḥ svapne cābhīkṣṇaṃ darśanaṃ bhrāntacalitānavasthitānāṃ rūpāṇām apraśastānāṃ ca tilapīḍakacakrādhirohaṇaṃ vātakuṇḍalikābhiś conmathanaṃ nimajjanaṃ ca kaluṣāṇām ambhasām āvarte cakṣuṣoś cāpasarpaṇam iti _→dhyānāyāsasammohodvegāś +ca
_ _ → cābhīkṣṇam _	consonant / other	1	0.0	tasyemāni pūrvarūpāṇi tadyathā śirasaḥ śūnyatā cakṣuṣor ākulatā svanaḥ karṇayoḥ ucchvāsasyādhikyam āsyasaṃsravaṇam anannābhilāṣārocakāvipākāḥ hṛdgrahaḥ dhyānāyāsasammohodvegāś cāsthāne satataṃ lomaharṣaḥ jvaraś cābhīkṣṇam unmattacittatvam udarditvam arditākṛtikaraṇaṃ ca vyādheḥ svapne cābhīkṣṇaṃ darśanaṃ bhrāntacalitānavasthitānāṃ rūpāṇām apraśastānāṃ ca tilapīḍakacakrādhirohaṇaṃ vātakuṇḍalikābhiś conmathanaṃ nimajjanaṃ ca kaluṣāṇām ambhasām āvarte cakṣuṣoś cāpasarpaṇam iti _→cābhīkṣṇam +_
_ _ → unmattacittatvam _	consonant / other	1	0.0	tasyemāni pūrvarūpāṇi tadyathā śirasaḥ śūnyatā cakṣuṣor ākulatā svanaḥ karṇayoḥ ucchvāsasyādhikyam āsyasaṃsravaṇam anannābhilāṣārocakāvipākāḥ hṛdgrahaḥ dhyānāyāsasammohodvegāś cāsthāne satataṃ lomaharṣaḥ jvaraś cābhīkṣṇam unmattacittatvam udarditvam arditākṛtikaraṇaṃ ca vyādheḥ svapne cābhīkṣṇaṃ darśanaṃ bhrāntacalitānavasthitānāṃ rūpāṇām apraśastānāṃ ca tilapīḍakacakrādhirohaṇaṃ vātakuṇḍalikābhiś conmathanaṃ nimajjanaṃ ca kaluṣāṇām ambhasām āvarte cakṣuṣoś cāpasarpaṇam iti _→unmattacittatvam +udarditvam
_ _ → cābhīkṣṇaṃ _	anusvāra / nasal	1	0.0	tasyemāni pūrvarūpāṇi tadyathā śirasaḥ śūnyatā cakṣuṣor ākulatā svanaḥ karṇayoḥ ucchvāsasyādhikyam āsyasaṃsravaṇam anannābhilāṣārocakāvipākāḥ hṛdgrahaḥ dhyānāyāsasammohodvegāś cāsthāne satataṃ lomaharṣaḥ jvaraś cābhīkṣṇam unmattacittatvam udarditvam arditākṛtikaraṇaṃ ca vyādheḥ svapne cābhīkṣṇaṃ darśanaṃ bhrāntacalitānavasthitānāṃ rūpāṇām apraśastānāṃ ca tilapīḍakacakrādhirohaṇaṃ vātakuṇḍalikābhiś conmathanaṃ nimajjanaṃ ca kaluṣāṇām ambhasām āvarte cakṣuṣoś cāpasarpaṇam iti _→cābhīkṣṇaṃ +darśanaṃ
_ _ → tilapīḍakacakrādhirohaṇaṃ _	anusvāra / nasal	1	0.0	tasyemāni pūrvarūpāṇi tadyathā śirasaḥ śūnyatā cakṣuṣor ākulatā svanaḥ karṇayoḥ ucchvāsasyādhikyam āsyasaṃsravaṇam anannābhilāṣārocakāvipākāḥ hṛdgrahaḥ dhyānāyāsasammohodvegāś cāsthāne satataṃ lomaharṣaḥ jvaraś cābhīkṣṇam unmattacittatvam udarditvam arditākṛtikaraṇaṃ ca vyādheḥ svapne cābhīkṣṇaṃ darśanaṃ bhrāntacalitānavasthitānāṃ rūpāṇām apraśastānāṃ ca tilapīḍakacakrādhirohaṇaṃ vātakuṇḍalikābhiś conmathanaṃ nimajjanaṃ ca kaluṣāṇām ambhasām āvarte cakṣuṣoś cāpasarpaṇam iti _→tilapīḍakacakrādhirohaṇaṃ +vātakuṇḍalikābhiś
_ _ → conmathanaṃ _	anusvāra / nasal	1	0.0	tasyemāni pūrvarūpāṇi tadyathā śirasaḥ śūnyatā cakṣuṣor ākulatā svanaḥ karṇayoḥ ucchvāsasyādhikyam āsyasaṃsravaṇam anannābhilāṣārocakāvipākāḥ hṛdgrahaḥ dhyānāyāsasammohodvegāś cāsthāne satataṃ lomaharṣaḥ jvaraś cābhīkṣṇam unmattacittatvam udarditvam arditākṛtikaraṇaṃ ca vyādheḥ svapne cābhīkṣṇaṃ darśanaṃ bhrāntacalitānavasthitānāṃ rūpāṇām apraśastānāṃ ca tilapīḍakacakrādhirohaṇaṃ vātakuṇḍalikābhiś conmathanaṃ nimajjanaṃ ca kaluṣāṇām ambhasām āvarte cakṣuṣoś cāpasarpaṇam iti _→conmathanaṃ +nimajjanaṃ
_ i → cāpasarpaṇam i	consonant / other	1	0.0	tasyemāni pūrvarūpāṇi tadyathā śirasaḥ śūnyatā cakṣuṣor ākulatā svanaḥ karṇayoḥ ucchvāsasyādhikyam āsyasaṃsravaṇam anannābhilāṣārocakāvipākāḥ hṛdgrahaḥ dhyānāyāsasammohodvegāś cāsthāne satataṃ lomaharṣaḥ jvaraś cābhīkṣṇam unmattacittatvam udarditvam arditākṛtikaraṇaṃ ca vyādheḥ svapne cābhīkṣṇaṃ darśanaṃ bhrāntacalitānavasthitānāṃ rūpāṇām apraśastānāṃ ca tilapīḍakacakrādhirohaṇaṃ vātakuṇḍalikābhiś conmathanaṃ nimajjanaṃ ca kaluṣāṇām ambhasām āvarte cakṣuṣoś cāpasarpaṇam iti _→cāpasarpaṇam +iti
_ _ → tato 'nantaram	consonant / other	1	0.0	tato 'nantaram evam unmādābhinirvṛttir eva tato+'nantaram
_ e → 'nantaram e	consonant / other	1	0.0	tato 'nantaram evam unmādābhinirvṛttir eva 'nantaram+evam
_ e → unmādābhinirvṛttir e	consonant / other	1	0.0	tato 'nantaram evam unmādābhinirvṛttir eva _→unmādābhinirvṛttir +eva
ā _ → ā parisaraṇam	consonant / other	1	0.0	tatredam unmādaviśeṣavijñānaṃ bhavati tadyathā parisaraṇam ajasram akṣibhruvauṣṭhāṃsahanvagrahastapādāṅgavikṣepaṇam akasmāt satatam aniyatānāṃ ca girām utsargaḥ phenāgamanam āsyāt abhīkṣṇaṃ smitahasitanṛtyagītavāditrasaṃprayogāś cāsthāne vīṇāvaṃśaśaṅkhaśamyātālaśabdānukaraṇam asāmnā yānam ayānaiḥ alaṅkaraṇam analaṅkārikair dravyaiḥ lobhaś cābhyavahāryeṣv alabdheṣu labdheṣu cāvamānas tīvramātsaryaṃ ca kārśyaṃ pāruṣyam utpiṇḍitāruṇākṣatā vātopaśayaviparyāsād anupaśayatā ca iti vātonmādaliṅgāni bhavanti yathā+parisaraṇam
_ a → parisaraṇam a	consonant / other	1	0.0	tatredam unmādaviśeṣavijñānaṃ bhavati tadyathā parisaraṇam ajasram akṣibhruvauṣṭhāṃsahanvagrahastapādāṅgavikṣepaṇam akasmāt satatam aniyatānāṃ ca girām utsargaḥ phenāgamanam āsyāt abhīkṣṇaṃ smitahasitanṛtyagītavāditrasaṃprayogāś cāsthāne vīṇāvaṃśaśaṅkhaśamyātālaśabdānukaraṇam asāmnā yānam ayānaiḥ alaṅkaraṇam analaṅkārikair dravyaiḥ lobhaś cābhyavahāryeṣv alabdheṣu labdheṣu cāvamānas tīvramātsaryaṃ ca kārśyaṃ pāruṣyam utpiṇḍitāruṇākṣatā vātopaśayaviparyāsād anupaśayatā ca iti vātonmādaliṅgāni bhavanti parisaraṇam+ajasram
m _ → m akasmāt	anusvāra / nasal	1	0.0	tatredam unmādaviśeṣavijñānaṃ bhavati tadyathā parisaraṇam ajasram akṣibhruvauṣṭhāṃsahanvagrahastapādāṅgavikṣepaṇam akasmāt satatam aniyatānāṃ ca girām utsargaḥ phenāgamanam āsyāt abhīkṣṇaṃ smitahasitanṛtyagītavāditrasaṃprayogāś cāsthāne vīṇāvaṃśaśaṅkhaśamyātālaśabdānukaraṇam asāmnā yānam ayānaiḥ alaṅkaraṇam analaṅkārikair dravyaiḥ lobhaś cābhyavahāryeṣv alabdheṣu labdheṣu cāvamānas tīvramātsaryaṃ ca kārśyaṃ pāruṣyam utpiṇḍitāruṇākṣatā vātopaśayaviparyāsād anupaśayatā ca iti vātonmādaliṅgāni bhavanti vikṣepaṇam+akasmāt
_ _ → akasmāt satatam	consonant / other	1	0.0	tatredam unmādaviśeṣavijñānaṃ bhavati tadyathā parisaraṇam ajasram akṣibhruvauṣṭhāṃsahanvagrahastapādāṅgavikṣepaṇam akasmāt satatam aniyatānāṃ ca girām utsargaḥ phenāgamanam āsyāt abhīkṣṇaṃ smitahasitanṛtyagītavāditrasaṃprayogāś cāsthāne vīṇāvaṃśaśaṅkhaśamyātālaśabdānukaraṇam asāmnā yānam ayānaiḥ alaṅkaraṇam analaṅkārikair dravyaiḥ lobhaś cābhyavahāryeṣv alabdheṣu labdheṣu cāvamānas tīvramātsaryaṃ ca kārśyaṃ pāruṣyam utpiṇḍitāruṇākṣatā vātopaśayaviparyāsād anupaśayatā ca iti vātonmādaliṅgāni bhavanti akasmāt+satatam
_ _ → satatam aniyatānāṃ	anusvāra / nasal	1	0.0	tatredam unmādaviśeṣavijñānaṃ bhavati tadyathā parisaraṇam ajasram akṣibhruvauṣṭhāṃsahanvagrahastapādāṅgavikṣepaṇam akasmāt satatam aniyatānāṃ ca girām utsargaḥ phenāgamanam āsyāt abhīkṣṇaṃ smitahasitanṛtyagītavāditrasaṃprayogāś cāsthāne vīṇāvaṃśaśaṅkhaśamyātālaśabdānukaraṇam asāmnā yānam ayānaiḥ alaṅkaraṇam analaṅkārikair dravyaiḥ lobhaś cābhyavahāryeṣv alabdheṣu labdheṣu cāvamānas tīvramātsaryaṃ ca kārśyaṃ pāruṣyam utpiṇḍitāruṇākṣatā vātopaśayaviparyāsād anupaśayatā ca iti vātonmādaliṅgāni bhavanti satatam+aniyatānāṃ
_ c → aniyatānāṃ c	anusvāra / nasal	1	0.0	tatredam unmādaviśeṣavijñānaṃ bhavati tadyathā parisaraṇam ajasram akṣibhruvauṣṭhāṃsahanvagrahastapādāṅgavikṣepaṇam akasmāt satatam aniyatānāṃ ca girām utsargaḥ phenāgamanam āsyāt abhīkṣṇaṃ smitahasitanṛtyagītavāditrasaṃprayogāś cāsthāne vīṇāvaṃśaśaṅkhaśamyātālaśabdānukaraṇam asāmnā yānam ayānaiḥ alaṅkaraṇam analaṅkārikair dravyaiḥ lobhaś cābhyavahāryeṣv alabdheṣu labdheṣu cāvamānas tīvramātsaryaṃ ca kārśyaṃ pāruṣyam utpiṇḍitāruṇākṣatā vātopaśayaviparyāsād anupaśayatā ca iti vātonmādaliṅgāni bhavanti aniyatānāṃ+ca
a _ → a girām	consonant / other	1	0.0	tatredam unmādaviśeṣavijñānaṃ bhavati tadyathā parisaraṇam ajasram akṣibhruvauṣṭhāṃsahanvagrahastapādāṅgavikṣepaṇam akasmāt satatam aniyatānāṃ ca girām utsargaḥ phenāgamanam āsyāt abhīkṣṇaṃ smitahasitanṛtyagītavāditrasaṃprayogāś cāsthāne vīṇāvaṃśaśaṅkhaśamyātālaśabdānukaraṇam asāmnā yānam ayānaiḥ alaṅkaraṇam analaṅkārikair dravyaiḥ lobhaś cābhyavahāryeṣv alabdheṣu labdheṣu cāvamānas tīvramātsaryaṃ ca kārśyaṃ pāruṣyam utpiṇḍitāruṇākṣatā vātopaśayaviparyāsād anupaśayatā ca iti vātonmādaliṅgāni bhavanti ca+girām
_ _ → girām utsargaḥ	consonant / other	1	0.0	tatredam unmādaviśeṣavijñānaṃ bhavati tadyathā parisaraṇam ajasram akṣibhruvauṣṭhāṃsahanvagrahastapādāṅgavikṣepaṇam akasmāt satatam aniyatānāṃ ca girām utsargaḥ phenāgamanam āsyāt abhīkṣṇaṃ smitahasitanṛtyagītavāditrasaṃprayogāś cāsthāne vīṇāvaṃśaśaṅkhaśamyātālaśabdānukaraṇam asāmnā yānam ayānaiḥ alaṅkaraṇam analaṅkārikair dravyaiḥ lobhaś cābhyavahāryeṣv alabdheṣu labdheṣu cāvamānas tīvramātsaryaṃ ca kārśyaṃ pāruṣyam utpiṇḍitāruṇākṣatā vātopaśayaviparyāsād anupaśayatā ca iti vātonmādaliṅgāni bhavanti girām+utsargaḥ
_ _ → utsargaḥ _	consonant / other	1	0.0	tatredam unmādaviśeṣavijñānaṃ bhavati tadyathā parisaraṇam ajasram akṣibhruvauṣṭhāṃsahanvagrahastapādāṅgavikṣepaṇam akasmāt satatam aniyatānāṃ ca girām utsargaḥ phenāgamanam āsyāt abhīkṣṇaṃ smitahasitanṛtyagītavāditrasaṃprayogāś cāsthāne vīṇāvaṃśaśaṅkhaśamyātālaśabdānukaraṇam asāmnā yānam ayānaiḥ alaṅkaraṇam analaṅkārikair dravyaiḥ lobhaś cābhyavahāryeṣv alabdheṣu labdheṣu cāvamānas tīvramātsaryaṃ ca kārśyaṃ pāruṣyam utpiṇḍitāruṇākṣatā vātopaśayaviparyāsād anupaśayatā ca iti vātonmādaliṅgāni bhavanti utsargaḥ+_
_ _ → _ āsyāt	consonant / other	1	0.0	tatredam unmādaviśeṣavijñānaṃ bhavati tadyathā parisaraṇam ajasram akṣibhruvauṣṭhāṃsahanvagrahastapādāṅgavikṣepaṇam akasmāt satatam aniyatānāṃ ca girām utsargaḥ phenāgamanam āsyāt abhīkṣṇaṃ smitahasitanṛtyagītavāditrasaṃprayogāś cāsthāne vīṇāvaṃśaśaṅkhaśamyātālaśabdānukaraṇam asāmnā yānam ayānaiḥ alaṅkaraṇam analaṅkārikair dravyaiḥ lobhaś cābhyavahāryeṣv alabdheṣu labdheṣu cāvamānas tīvramātsaryaṃ ca kārśyaṃ pāruṣyam utpiṇḍitāruṇākṣatā vātopaśayaviparyāsād anupaśayatā ca iti vātonmādaliṅgāni bhavanti _+āsyāt
_ _ → āsyāt abhīkṣṇaṃ	anusvāra / nasal	1	0.0	tatredam unmādaviśeṣavijñānaṃ bhavati tadyathā parisaraṇam ajasram akṣibhruvauṣṭhāṃsahanvagrahastapādāṅgavikṣepaṇam akasmāt satatam aniyatānāṃ ca girām utsargaḥ phenāgamanam āsyāt abhīkṣṇaṃ smitahasitanṛtyagītavāditrasaṃprayogāś cāsthāne vīṇāvaṃśaśaṅkhaśamyātālaśabdānukaraṇam asāmnā yānam ayānaiḥ alaṅkaraṇam analaṅkārikair dravyaiḥ lobhaś cābhyavahāryeṣv alabdheṣu labdheṣu cāvamānas tīvramātsaryaṃ ca kārśyaṃ pāruṣyam utpiṇḍitāruṇākṣatā vātopaśayaviparyāsād anupaśayatā ca iti vātonmādaliṅgāni bhavanti āsyāt+abhīkṣṇaṃ
_ _ → abhīkṣṇaṃ _	anusvāra / nasal	1	0.0	tatredam unmādaviśeṣavijñānaṃ bhavati tadyathā parisaraṇam ajasram akṣibhruvauṣṭhāṃsahanvagrahastapādāṅgavikṣepaṇam akasmāt satatam aniyatānāṃ ca girām utsargaḥ phenāgamanam āsyāt abhīkṣṇaṃ smitahasitanṛtyagītavāditrasaṃprayogāś cāsthāne vīṇāvaṃśaśaṅkhaśamyātālaśabdānukaraṇam asāmnā yānam ayānaiḥ alaṅkaraṇam analaṅkārikair dravyaiḥ lobhaś cābhyavahāryeṣv alabdheṣu labdheṣu cāvamānas tīvramātsaryaṃ ca kārśyaṃ pāruṣyam utpiṇḍitāruṇākṣatā vātopaśayaviparyāsād anupaśayatā ca iti vātonmādaliṅgāni bhavanti abhīkṣṇaṃ+_
_ _ → _ asāmnā	consonant / other	1	0.0	tatredam unmādaviśeṣavijñānaṃ bhavati tadyathā parisaraṇam ajasram akṣibhruvauṣṭhāṃsahanvagrahastapādāṅgavikṣepaṇam akasmāt satatam aniyatānāṃ ca girām utsargaḥ phenāgamanam āsyāt abhīkṣṇaṃ smitahasitanṛtyagītavāditrasaṃprayogāś cāsthāne vīṇāvaṃśaśaṅkhaśamyātālaśabdānukaraṇam asāmnā yānam ayānaiḥ alaṅkaraṇam analaṅkārikair dravyaiḥ lobhaś cābhyavahāryeṣv alabdheṣu labdheṣu cāvamānas tīvramātsaryaṃ ca kārśyaṃ pāruṣyam utpiṇḍitāruṇākṣatā vātopaśayaviparyāsād anupaśayatā ca iti vātonmādaliṅgāni bhavanti _+asāmnā
_ _ → asāmnā yānam	consonant / other	1	0.0	tatredam unmādaviśeṣavijñānaṃ bhavati tadyathā parisaraṇam ajasram akṣibhruvauṣṭhāṃsahanvagrahastapādāṅgavikṣepaṇam akasmāt satatam aniyatānāṃ ca girām utsargaḥ phenāgamanam āsyāt abhīkṣṇaṃ smitahasitanṛtyagītavāditrasaṃprayogāś cāsthāne vīṇāvaṃśaśaṅkhaśamyātālaśabdānukaraṇam asāmnā yānam ayānaiḥ alaṅkaraṇam analaṅkārikair dravyaiḥ lobhaś cābhyavahāryeṣv alabdheṣu labdheṣu cāvamānas tīvramātsaryaṃ ca kārśyaṃ pāruṣyam utpiṇḍitāruṇākṣatā vātopaśayaviparyāsād anupaśayatā ca iti vātonmādaliṅgāni bhavanti asāmnā+yānam
_ _ → yānam ayānaiḥ	consonant / other	1	0.0	tatredam unmādaviśeṣavijñānaṃ bhavati tadyathā parisaraṇam ajasram akṣibhruvauṣṭhāṃsahanvagrahastapādāṅgavikṣepaṇam akasmāt satatam aniyatānāṃ ca girām utsargaḥ phenāgamanam āsyāt abhīkṣṇaṃ smitahasitanṛtyagītavāditrasaṃprayogāś cāsthāne vīṇāvaṃśaśaṅkhaśamyātālaśabdānukaraṇam asāmnā yānam ayānaiḥ alaṅkaraṇam analaṅkārikair dravyaiḥ lobhaś cābhyavahāryeṣv alabdheṣu labdheṣu cāvamānas tīvramātsaryaṃ ca kārśyaṃ pāruṣyam utpiṇḍitāruṇākṣatā vātopaśayaviparyāsād anupaśayatā ca iti vātonmādaliṅgāni bhavanti yānam+ayānaiḥ
_ _ → ayānaiḥ alaṅkaraṇam	consonant / other	1	0.0	tatredam unmādaviśeṣavijñānaṃ bhavati tadyathā parisaraṇam ajasram akṣibhruvauṣṭhāṃsahanvagrahastapādāṅgavikṣepaṇam akasmāt satatam aniyatānāṃ ca girām utsargaḥ phenāgamanam āsyāt abhīkṣṇaṃ smitahasitanṛtyagītavāditrasaṃprayogāś cāsthāne vīṇāvaṃśaśaṅkhaśamyātālaśabdānukaraṇam asāmnā yānam ayānaiḥ alaṅkaraṇam analaṅkārikair dravyaiḥ lobhaś cābhyavahāryeṣv alabdheṣu labdheṣu cāvamānas tīvramātsaryaṃ ca kārśyaṃ pāruṣyam utpiṇḍitāruṇākṣatā vātopaśayaviparyāsād anupaśayatā ca iti vātonmādaliṅgāni bhavanti ayānaiḥ+alaṅkaraṇam
_ _ → alaṅkaraṇam analaṅkārikair	consonant / other	1	0.0	tatredam unmādaviśeṣavijñānaṃ bhavati tadyathā parisaraṇam ajasram akṣibhruvauṣṭhāṃsahanvagrahastapādāṅgavikṣepaṇam akasmāt satatam aniyatānāṃ ca girām utsargaḥ phenāgamanam āsyāt abhīkṣṇaṃ smitahasitanṛtyagītavāditrasaṃprayogāś cāsthāne vīṇāvaṃśaśaṅkhaśamyātālaśabdānukaraṇam asāmnā yānam ayānaiḥ alaṅkaraṇam analaṅkārikair dravyaiḥ lobhaś cābhyavahāryeṣv alabdheṣu labdheṣu cāvamānas tīvramātsaryaṃ ca kārśyaṃ pāruṣyam utpiṇḍitāruṇākṣatā vātopaśayaviparyāsād anupaśayatā ca iti vātonmādaliṅgāni bhavanti alaṅkaraṇam+analaṅkārikair
_ _ → analaṅkārikair dravyaiḥ	consonant / other	1	0.0	tatredam unmādaviśeṣavijñānaṃ bhavati tadyathā parisaraṇam ajasram akṣibhruvauṣṭhāṃsahanvagrahastapādāṅgavikṣepaṇam akasmāt satatam aniyatānāṃ ca girām utsargaḥ phenāgamanam āsyāt abhīkṣṇaṃ smitahasitanṛtyagītavāditrasaṃprayogāś cāsthāne vīṇāvaṃśaśaṅkhaśamyātālaśabdānukaraṇam asāmnā yānam ayānaiḥ alaṅkaraṇam analaṅkārikair dravyaiḥ lobhaś cābhyavahāryeṣv alabdheṣu labdheṣu cāvamānas tīvramātsaryaṃ ca kārśyaṃ pāruṣyam utpiṇḍitāruṇākṣatā vātopaśayaviparyāsād anupaśayatā ca iti vātonmādaliṅgāni bhavanti analaṅkārikair+dravyaiḥ
_ _ → dravyaiḥ lobhaś	consonant / other	1	0.0	tatredam unmādaviśeṣavijñānaṃ bhavati tadyathā parisaraṇam ajasram akṣibhruvauṣṭhāṃsahanvagrahastapādāṅgavikṣepaṇam akasmāt satatam aniyatānāṃ ca girām utsargaḥ phenāgamanam āsyāt abhīkṣṇaṃ smitahasitanṛtyagītavāditrasaṃprayogāś cāsthāne vīṇāvaṃśaśaṅkhaśamyātālaśabdānukaraṇam asāmnā yānam ayānaiḥ alaṅkaraṇam analaṅkārikair dravyaiḥ lobhaś cābhyavahāryeṣv alabdheṣu labdheṣu cāvamānas tīvramātsaryaṃ ca kārśyaṃ pāruṣyam utpiṇḍitāruṇākṣatā vātopaśayaviparyāsād anupaśayatā ca iti vātonmādaliṅgāni bhavanti dravyaiḥ+lobhaś
_ c → lobhaś c	consonant / other	1	0.0	tatredam unmādaviśeṣavijñānaṃ bhavati tadyathā parisaraṇam ajasram akṣibhruvauṣṭhāṃsahanvagrahastapādāṅgavikṣepaṇam akasmāt satatam aniyatānāṃ ca girām utsargaḥ phenāgamanam āsyāt abhīkṣṇaṃ smitahasitanṛtyagītavāditrasaṃprayogāś cāsthāne vīṇāvaṃśaśaṅkhaśamyātālaśabdānukaraṇam asāmnā yānam ayānaiḥ alaṅkaraṇam analaṅkārikair dravyaiḥ lobhaś cābhyavahāryeṣv alabdheṣu labdheṣu cāvamānas tīvramātsaryaṃ ca kārśyaṃ pāruṣyam utpiṇḍitāruṇākṣatā vātopaśayaviparyāsād anupaśayatā ca iti vātonmādaliṅgāni bhavanti lobhaś+ca
_ _ → _ alabdheṣu	consonant / other	1	0.0	tatredam unmādaviśeṣavijñānaṃ bhavati tadyathā parisaraṇam ajasram akṣibhruvauṣṭhāṃsahanvagrahastapādāṅgavikṣepaṇam akasmāt satatam aniyatānāṃ ca girām utsargaḥ phenāgamanam āsyāt abhīkṣṇaṃ smitahasitanṛtyagītavāditrasaṃprayogāś cāsthāne vīṇāvaṃśaśaṅkhaśamyātālaśabdānukaraṇam asāmnā yānam ayānaiḥ alaṅkaraṇam analaṅkārikair dravyaiḥ lobhaś cābhyavahāryeṣv alabdheṣu labdheṣu cāvamānas tīvramātsaryaṃ ca kārśyaṃ pāruṣyam utpiṇḍitāruṇākṣatā vātopaśayaviparyāsād anupaśayatā ca iti vātonmādaliṅgāni bhavanti _+alabdheṣu
_ _ → alabdheṣu labdheṣu	consonant / other	1	0.0	tatredam unmādaviśeṣavijñānaṃ bhavati tadyathā parisaraṇam ajasram akṣibhruvauṣṭhāṃsahanvagrahastapādāṅgavikṣepaṇam akasmāt satatam aniyatānāṃ ca girām utsargaḥ phenāgamanam āsyāt abhīkṣṇaṃ smitahasitanṛtyagītavāditrasaṃprayogāś cāsthāne vīṇāvaṃśaśaṅkhaśamyātālaśabdānukaraṇam asāmnā yānam ayānaiḥ alaṅkaraṇam analaṅkārikair dravyaiḥ lobhaś cābhyavahāryeṣv alabdheṣu labdheṣu cāvamānas tīvramātsaryaṃ ca kārśyaṃ pāruṣyam utpiṇḍitāruṇākṣatā vātopaśayaviparyāsād anupaśayatā ca iti vātonmādaliṅgāni bhavanti alabdheṣu+labdheṣu
_ c → labdheṣu c	consonant / other	1	0.0	tatredam unmādaviśeṣavijñānaṃ bhavati tadyathā parisaraṇam ajasram akṣibhruvauṣṭhāṃsahanvagrahastapādāṅgavikṣepaṇam akasmāt satatam aniyatānāṃ ca girām utsargaḥ phenāgamanam āsyāt abhīkṣṇaṃ smitahasitanṛtyagītavāditrasaṃprayogāś cāsthāne vīṇāvaṃśaśaṅkhaśamyātālaśabdānukaraṇam asāmnā yānam ayānaiḥ alaṅkaraṇam analaṅkārikair dravyaiḥ lobhaś cābhyavahāryeṣv alabdheṣu labdheṣu cāvamānas tīvramātsaryaṃ ca kārśyaṃ pāruṣyam utpiṇḍitāruṇākṣatā vātopaśayaviparyāsād anupaśayatā ca iti vātonmādaliṅgāni bhavanti labdheṣu+ca
a _ → a kārśyaṃ	anusvāra / nasal	1	0.0	tatredam unmādaviśeṣavijñānaṃ bhavati tadyathā parisaraṇam ajasram akṣibhruvauṣṭhāṃsahanvagrahastapādāṅgavikṣepaṇam akasmāt satatam aniyatānāṃ ca girām utsargaḥ phenāgamanam āsyāt abhīkṣṇaṃ smitahasitanṛtyagītavāditrasaṃprayogāś cāsthāne vīṇāvaṃśaśaṅkhaśamyātālaśabdānukaraṇam asāmnā yānam ayānaiḥ alaṅkaraṇam analaṅkārikair dravyaiḥ lobhaś cābhyavahāryeṣv alabdheṣu labdheṣu cāvamānas tīvramātsaryaṃ ca kārśyaṃ pāruṣyam utpiṇḍitāruṇākṣatā vātopaśayaviparyāsād anupaśayatā ca iti vātonmādaliṅgāni bhavanti ca+kārśyaṃ
_ _ → kārśyaṃ pāruṣyam	anusvāra / nasal	1	0.0	tatredam unmādaviśeṣavijñānaṃ bhavati tadyathā parisaraṇam ajasram akṣibhruvauṣṭhāṃsahanvagrahastapādāṅgavikṣepaṇam akasmāt satatam aniyatānāṃ ca girām utsargaḥ phenāgamanam āsyāt abhīkṣṇaṃ smitahasitanṛtyagītavāditrasaṃprayogāś cāsthāne vīṇāvaṃśaśaṅkhaśamyātālaśabdānukaraṇam asāmnā yānam ayānaiḥ alaṅkaraṇam analaṅkārikair dravyaiḥ lobhaś cābhyavahāryeṣv alabdheṣu labdheṣu cāvamānas tīvramātsaryaṃ ca kārśyaṃ pāruṣyam utpiṇḍitāruṇākṣatā vātopaśayaviparyāsād anupaśayatā ca iti vātonmādaliṅgāni bhavanti kārśyaṃ+pāruṣyam
_ _ → pāruṣyam _	consonant / other	1	0.0	tatredam unmādaviśeṣavijñānaṃ bhavati tadyathā parisaraṇam ajasram akṣibhruvauṣṭhāṃsahanvagrahastapādāṅgavikṣepaṇam akasmāt satatam aniyatānāṃ ca girām utsargaḥ phenāgamanam āsyāt abhīkṣṇaṃ smitahasitanṛtyagītavāditrasaṃprayogāś cāsthāne vīṇāvaṃśaśaṅkhaśamyātālaśabdānukaraṇam asāmnā yānam ayānaiḥ alaṅkaraṇam analaṅkārikair dravyaiḥ lobhaś cābhyavahāryeṣv alabdheṣu labdheṣu cāvamānas tīvramātsaryaṃ ca kārśyaṃ pāruṣyam utpiṇḍitāruṇākṣatā vātopaśayaviparyāsād anupaśayatā ca iti vātonmādaliṅgāni bhavanti pāruṣyam+_
_ _ → tatredam _	consonant / other	1	0.0	tatredam unmādaviśeṣavijñānaṃ bhavati tadyathā parisaraṇam ajasram akṣibhruvauṣṭhāṃsahanvagrahastapādāṅgavikṣepaṇam akasmāt satatam aniyatānāṃ ca girām utsargaḥ phenāgamanam āsyāt abhīkṣṇaṃ smitahasitanṛtyagītavāditrasaṃprayogāś cāsthāne vīṇāvaṃśaśaṅkhaśamyātālaśabdānukaraṇam asāmnā yānam ayānaiḥ alaṅkaraṇam analaṅkārikair dravyaiḥ lobhaś cābhyavahāryeṣv alabdheṣu labdheṣu cāvamānas tīvramātsaryaṃ ca kārśyaṃ pāruṣyam utpiṇḍitāruṇākṣatā vātopaśayaviparyāsād anupaśayatā ca iti vātonmādaliṅgāni bhavanti _→tatredam +_
_ bh → unmādaviśeṣavijñānaṃ bh	anusvāra / nasal	1	0.0	tatredam unmādaviśeṣavijñānaṃ bhavati tadyathā parisaraṇam ajasram akṣibhruvauṣṭhāṃsahanvagrahastapādāṅgavikṣepaṇam akasmāt satatam aniyatānāṃ ca girām utsargaḥ phenāgamanam āsyāt abhīkṣṇaṃ smitahasitanṛtyagītavāditrasaṃprayogāś cāsthāne vīṇāvaṃśaśaṅkhaśamyātālaśabdānukaraṇam asāmnā yānam ayānaiḥ alaṅkaraṇam analaṅkārikair dravyaiḥ lobhaś cābhyavahāryeṣv alabdheṣu labdheṣu cāvamānas tīvramātsaryaṃ ca kārśyaṃ pāruṣyam utpiṇḍitāruṇākṣatā vātopaśayaviparyāsād anupaśayatā ca iti vātonmādaliṅgāni bhavanti _→unmādaviśeṣavijñānaṃ +bhavati
_ _ → phenāgamanam _	consonant / other	1	0.0	tatredam unmādaviśeṣavijñānaṃ bhavati tadyathā parisaraṇam ajasram akṣibhruvauṣṭhāṃsahanvagrahastapādāṅgavikṣepaṇam akasmāt satatam aniyatānāṃ ca girām utsargaḥ phenāgamanam āsyāt abhīkṣṇaṃ smitahasitanṛtyagītavāditrasaṃprayogāś cāsthāne vīṇāvaṃśaśaṅkhaśamyātālaśabdānukaraṇam asāmnā yānam ayānaiḥ alaṅkaraṇam analaṅkārikair dravyaiḥ lobhaś cābhyavahāryeṣv alabdheṣu labdheṣu cāvamānas tīvramātsaryaṃ ca kārśyaṃ pāruṣyam utpiṇḍitāruṇākṣatā vātopaśayaviparyāsād anupaśayatā ca iti vātonmādaliṅgāni bhavanti _→phenāgamanam +āsyāt
_ c → smitahasitanṛtyagītavāditrasaṃprayogāś c	anusvāra / nasal	1	0.0	tatredam unmādaviśeṣavijñānaṃ bhavati tadyathā parisaraṇam ajasram akṣibhruvauṣṭhāṃsahanvagrahastapādāṅgavikṣepaṇam akasmāt satatam aniyatānāṃ ca girām utsargaḥ phenāgamanam āsyāt abhīkṣṇaṃ smitahasitanṛtyagītavāditrasaṃprayogāś cāsthāne vīṇāvaṃśaśaṅkhaśamyātālaśabdānukaraṇam asāmnā yānam ayānaiḥ alaṅkaraṇam analaṅkārikair dravyaiḥ lobhaś cābhyavahāryeṣv alabdheṣu labdheṣu cāvamānas tīvramātsaryaṃ ca kārśyaṃ pāruṣyam utpiṇḍitāruṇākṣatā vātopaśayaviparyāsād anupaśayatā ca iti vātonmādaliṅgāni bhavanti _→smitahasitanṛtyagītavāditrasaṃprayogāś +ca
_ _ → vīṇāvaṃśaśaṅkhaśamyātālaśabdānukaraṇam _	anusvāra / nasal	1	0.0	tatredam unmādaviśeṣavijñānaṃ bhavati tadyathā parisaraṇam ajasram akṣibhruvauṣṭhāṃsahanvagrahastapādāṅgavikṣepaṇam akasmāt satatam aniyatānāṃ ca girām utsargaḥ phenāgamanam āsyāt abhīkṣṇaṃ smitahasitanṛtyagītavāditrasaṃprayogāś cāsthāne vīṇāvaṃśaśaṅkhaśamyātālaśabdānukaraṇam asāmnā yānam ayānaiḥ alaṅkaraṇam analaṅkārikair dravyaiḥ lobhaś cābhyavahāryeṣv alabdheṣu labdheṣu cāvamānas tīvramātsaryaṃ ca kārśyaṃ pāruṣyam utpiṇḍitāruṇākṣatā vātopaśayaviparyāsād anupaśayatā ca iti vātonmādaliṅgāni bhavanti _→vīṇāvaṃśaśaṅkhaśamyātālaśabdānukaraṇam +asāmnā
_ _ → cābhyavahāryeṣv _	consonant / other	1	0.0	tatredam unmādaviśeṣavijñānaṃ bhavati tadyathā parisaraṇam ajasram akṣibhruvauṣṭhāṃsahanvagrahastapādāṅgavikṣepaṇam akasmāt satatam aniyatānāṃ ca girām utsargaḥ phenāgamanam āsyāt abhīkṣṇaṃ smitahasitanṛtyagītavāditrasaṃprayogāś cāsthāne vīṇāvaṃśaśaṅkhaśamyātālaśabdānukaraṇam asāmnā yānam ayānaiḥ alaṅkaraṇam analaṅkārikair dravyaiḥ lobhaś cābhyavahāryeṣv alabdheṣu labdheṣu cāvamānas tīvramātsaryaṃ ca kārśyaṃ pāruṣyam utpiṇḍitāruṇākṣatā vātopaśayaviparyāsād anupaśayatā ca iti vātonmādaliṅgāni bhavanti _→cābhyavahāryeṣv +alabdheṣu
_ _ → cāvamānas _	consonant / other	1	0.0	tatredam unmādaviśeṣavijñānaṃ bhavati tadyathā parisaraṇam ajasram akṣibhruvauṣṭhāṃsahanvagrahastapādāṅgavikṣepaṇam akasmāt satatam aniyatānāṃ ca girām utsargaḥ phenāgamanam āsyāt abhīkṣṇaṃ smitahasitanṛtyagītavāditrasaṃprayogāś cāsthāne vīṇāvaṃśaśaṅkhaśamyātālaśabdānukaraṇam asāmnā yānam ayānaiḥ alaṅkaraṇam analaṅkārikair dravyaiḥ lobhaś cābhyavahāryeṣv alabdheṣu labdheṣu cāvamānas tīvramātsaryaṃ ca kārśyaṃ pāruṣyam utpiṇḍitāruṇākṣatā vātopaśayaviparyāsād anupaśayatā ca iti vātonmādaliṅgāni bhavanti _→cāvamānas +_
_ c → tīvramātsaryaṃ c	anusvāra / nasal	1	0.0	tatredam unmādaviśeṣavijñānaṃ bhavati tadyathā parisaraṇam ajasram akṣibhruvauṣṭhāṃsahanvagrahastapādāṅgavikṣepaṇam akasmāt satatam aniyatānāṃ ca girām utsargaḥ phenāgamanam āsyāt abhīkṣṇaṃ smitahasitanṛtyagītavāditrasaṃprayogāś cāsthāne vīṇāvaṃśaśaṅkhaśamyātālaśabdānukaraṇam asāmnā yānam ayānaiḥ alaṅkaraṇam analaṅkārikair dravyaiḥ lobhaś cābhyavahāryeṣv alabdheṣu labdheṣu cāvamānas tīvramātsaryaṃ ca kārśyaṃ pāruṣyam utpiṇḍitāruṇākṣatā vātopaśayaviparyāsād anupaśayatā ca iti vātonmādaliṅgāni bhavanti _→tīvramātsaryaṃ +ca
_ _ → utpiṇḍitāruṇākṣatā _	consonant / other	1	0.0	tatredam unmādaviśeṣavijñānaṃ bhavati tadyathā parisaraṇam ajasram akṣibhruvauṣṭhāṃsahanvagrahastapādāṅgavikṣepaṇam akasmāt satatam aniyatānāṃ ca girām utsargaḥ phenāgamanam āsyāt abhīkṣṇaṃ smitahasitanṛtyagītavāditrasaṃprayogāś cāsthāne vīṇāvaṃśaśaṅkhaśamyātālaśabdānukaraṇam asāmnā yānam ayānaiḥ alaṅkaraṇam analaṅkārikair dravyaiḥ lobhaś cābhyavahāryeṣv alabdheṣu labdheṣu cāvamānas tīvramātsaryaṃ ca kārśyaṃ pāruṣyam utpiṇḍitāruṇākṣatā vātopaśayaviparyāsād anupaśayatā ca iti vātonmādaliṅgāni bhavanti _→utpiṇḍitāruṇākṣatā +_
_ _ → vātopaśayaviparyāsād _	consonant / other	1	0.0	tatredam unmādaviśeṣavijñānaṃ bhavati tadyathā parisaraṇam ajasram akṣibhruvauṣṭhāṃsahanvagrahastapādāṅgavikṣepaṇam akasmāt satatam aniyatānāṃ ca girām utsargaḥ phenāgamanam āsyāt abhīkṣṇaṃ smitahasitanṛtyagītavāditrasaṃprayogāś cāsthāne vīṇāvaṃśaśaṅkhaśamyātālaśabdānukaraṇam asāmnā yānam ayānaiḥ alaṅkaraṇam analaṅkārikair dravyaiḥ lobhaś cābhyavahāryeṣv alabdheṣu labdheṣu cāvamānas tīvramātsaryaṃ ca kārśyaṃ pāruṣyam utpiṇḍitāruṇākṣatā vātopaśayaviparyāsād anupaśayatā ca iti vātonmādaliṅgāni bhavanti _→vātopaśayaviparyāsād +anupaśayatā
_ bh → vātonmādaliṅgāni bh	consonant / other	1	0.0	tatredam unmādaviśeṣavijñānaṃ bhavati tadyathā parisaraṇam ajasram akṣibhruvauṣṭhāṃsahanvagrahastapādāṅgavikṣepaṇam akasmāt satatam aniyatānāṃ ca girām utsargaḥ phenāgamanam āsyāt abhīkṣṇaṃ smitahasitanṛtyagītavāditrasaṃprayogāś cāsthāne vīṇāvaṃśaśaṅkhaśamyātālaśabdānukaraṇam asāmnā yānam ayānaiḥ alaṅkaraṇam analaṅkārikair dravyaiḥ lobhaś cābhyavahāryeṣv alabdheṣu labdheṣu cāvamānas tīvramātsaryaṃ ca kārśyaṃ pāruṣyam utpiṇḍitāruṇākṣatā vātopaśayaviparyāsād anupaśayatā ca iti vātonmādaliṅgāni bhavanti _→vātonmādaliṅgāni +bhavanti
_ _ → amarṣaḥ krodhaḥ	consonant / other	1	0.0	amarṣaḥ krodhaḥ saṃrambhaś cāsthāne śastraloṣṭakaśākāṣṭhamuṣṭibhir abhihananaṃ sveṣāṃ pareṣāṃ vā abhidravaṇaṃ pracchāyaśītodakānnābhilāṣaḥ saṃtāpaś cātivelaṃ tāmrahāritahāridrasaṃrabdhākṣatā pittopaśayaviparyāsād anupaśayatā ca iti pittonmadaliṅgāni bhavanti amarṣaḥ+krodhaḥ
_ _ → krodhaḥ saṃrambhaś	anusvāra / nasal	1	0.0	amarṣaḥ krodhaḥ saṃrambhaś cāsthāne śastraloṣṭakaśākāṣṭhamuṣṭibhir abhihananaṃ sveṣāṃ pareṣāṃ vā abhidravaṇaṃ pracchāyaśītodakānnābhilāṣaḥ saṃtāpaś cātivelaṃ tāmrahāritahāridrasaṃrabdhākṣatā pittopaśayaviparyāsād anupaśayatā ca iti pittonmadaliṅgāni bhavanti krodhaḥ+saṃrambhaś
_ c → saṃrambhaś c	anusvāra / nasal	1	0.0	amarṣaḥ krodhaḥ saṃrambhaś cāsthāne śastraloṣṭakaśākāṣṭhamuṣṭibhir abhihananaṃ sveṣāṃ pareṣāṃ vā abhidravaṇaṃ pracchāyaśītodakānnābhilāṣaḥ saṃtāpaś cātivelaṃ tāmrahāritahāridrasaṃrabdhākṣatā pittopaśayaviparyāsād anupaśayatā ca iti pittonmadaliṅgāni bhavanti saṃrambhaś+ca
_ _ → _ abhihananaṃ	anusvāra / nasal	1	0.0	amarṣaḥ krodhaḥ saṃrambhaś cāsthāne śastraloṣṭakaśākāṣṭhamuṣṭibhir abhihananaṃ sveṣāṃ pareṣāṃ vā abhidravaṇaṃ pracchāyaśītodakānnābhilāṣaḥ saṃtāpaś cātivelaṃ tāmrahāritahāridrasaṃrabdhākṣatā pittopaśayaviparyāsād anupaśayatā ca iti pittonmadaliṅgāni bhavanti _+abhihananaṃ
_ _ → abhihananaṃ sveṣāṃ	anusvāra / nasal	1	0.0	amarṣaḥ krodhaḥ saṃrambhaś cāsthāne śastraloṣṭakaśākāṣṭhamuṣṭibhir abhihananaṃ sveṣāṃ pareṣāṃ vā abhidravaṇaṃ pracchāyaśītodakānnābhilāṣaḥ saṃtāpaś cātivelaṃ tāmrahāritahāridrasaṃrabdhākṣatā pittopaśayaviparyāsād anupaśayatā ca iti pittonmadaliṅgāni bhavanti abhihananaṃ+sveṣāṃ
_ p → sveṣāṃ p	anusvāra / nasal	1	0.0	amarṣaḥ krodhaḥ saṃrambhaś cāsthāne śastraloṣṭakaśākāṣṭhamuṣṭibhir abhihananaṃ sveṣāṃ pareṣāṃ vā abhidravaṇaṃ pracchāyaśītodakānnābhilāṣaḥ saṃtāpaś cātivelaṃ tāmrahāritahāridrasaṃrabdhākṣatā pittopaśayaviparyāsād anupaśayatā ca iti pittonmadaliṅgāni bhavanti sveṣāṃ+pareṣāṃ
aḥ _ → eṣāṃ vā	visarga	1	0.0	amarṣaḥ krodhaḥ saṃrambhaś cāsthāne śastraloṣṭakaśākāṣṭhamuṣṭibhir abhihananaṃ sveṣāṃ pareṣāṃ vā abhidravaṇaṃ pracchāyaśītodakānnābhilāṣaḥ saṃtāpaś cātivelaṃ tāmrahāritahāridrasaṃrabdhākṣatā pittopaśayaviparyāsād anupaśayatā ca iti pittonmadaliṅgāni bhavanti pareṣāṃ+vā
_ _ → vā abhidravaṇaṃ	anusvāra / nasal	1	0.0	amarṣaḥ krodhaḥ saṃrambhaś cāsthāne śastraloṣṭakaśākāṣṭhamuṣṭibhir abhihananaṃ sveṣāṃ pareṣāṃ vā abhidravaṇaṃ pracchāyaśītodakānnābhilāṣaḥ saṃtāpaś cātivelaṃ tāmrahāritahāridrasaṃrabdhākṣatā pittopaśayaviparyāsād anupaśayatā ca iti pittonmadaliṅgāni bhavanti vā+abhidravaṇaṃ
_ _ → abhidravaṇaṃ _	anusvāra / nasal	1	0.0	amarṣaḥ krodhaḥ saṃrambhaś cāsthāne śastraloṣṭakaśākāṣṭhamuṣṭibhir abhihananaṃ sveṣāṃ pareṣāṃ vā abhidravaṇaṃ pracchāyaśītodakānnābhilāṣaḥ saṃtāpaś cātivelaṃ tāmrahāritahāridrasaṃrabdhākṣatā pittopaśayaviparyāsād anupaśayatā ca iti pittonmadaliṅgāni bhavanti abhidravaṇaṃ+_
_ _ → _ saṃtāpaś	anusvāra / nasal	1	0.0	amarṣaḥ krodhaḥ saṃrambhaś cāsthāne śastraloṣṭakaśākāṣṭhamuṣṭibhir abhihananaṃ sveṣāṃ pareṣāṃ vā abhidravaṇaṃ pracchāyaśītodakānnābhilāṣaḥ saṃtāpaś cātivelaṃ tāmrahāritahāridrasaṃrabdhākṣatā pittopaśayaviparyāsād anupaśayatā ca iti pittonmadaliṅgāni bhavanti _+saṃtāpaś
_ c → saṃtāpaś c	anusvāra / nasal	1	0.0	amarṣaḥ krodhaḥ saṃrambhaś cāsthāne śastraloṣṭakaśākāṣṭhamuṣṭibhir abhihananaṃ sveṣāṃ pareṣāṃ vā abhidravaṇaṃ pracchāyaśītodakānnābhilāṣaḥ saṃtāpaś cātivelaṃ tāmrahāritahāridrasaṃrabdhākṣatā pittopaśayaviparyāsād anupaśayatā ca iti pittonmadaliṅgāni bhavanti saṃtāpaś+ca
_ _ → śastraloṣṭakaśākāṣṭhamuṣṭibhir _	consonant / other	1	0.0	amarṣaḥ krodhaḥ saṃrambhaś cāsthāne śastraloṣṭakaśākāṣṭhamuṣṭibhir abhihananaṃ sveṣāṃ pareṣāṃ vā abhidravaṇaṃ pracchāyaśītodakānnābhilāṣaḥ saṃtāpaś cātivelaṃ tāmrahāritahāridrasaṃrabdhākṣatā pittopaśayaviparyāsād anupaśayatā ca iti pittonmadaliṅgāni bhavanti _→śastraloṣṭakaśākāṣṭhamuṣṭibhir +abhihananaṃ
_ _ → pracchāyaśītodakānnābhilāṣaḥ _	consonant / other	1	0.0	amarṣaḥ krodhaḥ saṃrambhaś cāsthāne śastraloṣṭakaśākāṣṭhamuṣṭibhir abhihananaṃ sveṣāṃ pareṣāṃ vā abhidravaṇaṃ pracchāyaśītodakānnābhilāṣaḥ saṃtāpaś cātivelaṃ tāmrahāritahāridrasaṃrabdhākṣatā pittopaśayaviparyāsād anupaśayatā ca iti pittonmadaliṅgāni bhavanti _→pracchāyaśītodakānnābhilāṣaḥ +saṃtāpaś
_ _ → tāmrahāritahāridrasaṃrabdhākṣatā _	anusvāra / nasal	1	0.0	amarṣaḥ krodhaḥ saṃrambhaś cāsthāne śastraloṣṭakaśākāṣṭhamuṣṭibhir abhihananaṃ sveṣāṃ pareṣāṃ vā abhidravaṇaṃ pracchāyaśītodakānnābhilāṣaḥ saṃtāpaś cātivelaṃ tāmrahāritahāridrasaṃrabdhākṣatā pittopaśayaviparyāsād anupaśayatā ca iti pittonmadaliṅgāni bhavanti _→tāmrahāritahāridrasaṃrabdhākṣatā +_
_ _ → pittopaśayaviparyāsād _	consonant / other	1	0.0	amarṣaḥ krodhaḥ saṃrambhaś cāsthāne śastraloṣṭakaśākāṣṭhamuṣṭibhir abhihananaṃ sveṣāṃ pareṣāṃ vā abhidravaṇaṃ pracchāyaśītodakānnābhilāṣaḥ saṃtāpaś cātivelaṃ tāmrahāritahāridrasaṃrabdhākṣatā pittopaśayaviparyāsād anupaśayatā ca iti pittonmadaliṅgāni bhavanti _→pittopaśayaviparyāsād +anupaśayatā
_ bh → pittonmadaliṅgāni bh	consonant / other	1	0.0	amarṣaḥ krodhaḥ saṃrambhaś cāsthāne śastraloṣṭakaśākāṣṭhamuṣṭibhir abhihananaṃ sveṣāṃ pareṣāṃ vā abhidravaṇaṃ pracchāyaśītodakānnābhilāṣaḥ saṃtāpaś cātivelaṃ tāmrahāritahāridrasaṃrabdhākṣatā pittopaśayaviparyāsād anupaśayatā ca iti pittonmadaliṅgāni bhavanti _→pittonmadaliṅgāni +bhavanti
_ _ → sthānam ekadeśe	consonant / other	1	0.0	sthānam ekadeśe tūṣṇīṃbhāvaḥ alpaśaś caṅkramaṇaṃ lālāśiṅghāṇakasravaṇam anannābhilāṣaḥ rahaskāmatā bībhatsatvaṃ śaucadveṣaḥ svapnanityatā śvayathur ānane śuklastimitamalopadigdhākṣatvaṃ śleṣmopaśayaviparyāsād anupaśayatā ca iti śleṣmonmādaliṅgāni bhavanti sthānam+ekadeśe
_ _ → ekadeśe tūṣṇīṃbhāvaḥ	anusvāra / nasal	1	0.0	sthānam ekadeśe tūṣṇīṃbhāvaḥ alpaśaś caṅkramaṇaṃ lālāśiṅghāṇakasravaṇam anannābhilāṣaḥ rahaskāmatā bībhatsatvaṃ śaucadveṣaḥ svapnanityatā śvayathur ānane śuklastimitamalopadigdhākṣatvaṃ śleṣmopaśayaviparyāsād anupaśayatā ca iti śleṣmonmādaliṅgāni bhavanti ekadeśe+tūṣṇīṃbhāvaḥ
_ _ → tūṣṇīṃbhāvaḥ alpaśaś	anusvāra / nasal	1	0.0	sthānam ekadeśe tūṣṇīṃbhāvaḥ alpaśaś caṅkramaṇaṃ lālāśiṅghāṇakasravaṇam anannābhilāṣaḥ rahaskāmatā bībhatsatvaṃ śaucadveṣaḥ svapnanityatā śvayathur ānane śuklastimitamalopadigdhākṣatvaṃ śleṣmopaśayaviparyāsād anupaśayatā ca iti śleṣmonmādaliṅgāni bhavanti tūṣṇīṃbhāvaḥ+alpaśaś
_ _ → alpaśaś caṅkramaṇaṃ	anusvāra / nasal	1	0.0	sthānam ekadeśe tūṣṇīṃbhāvaḥ alpaśaś caṅkramaṇaṃ lālāśiṅghāṇakasravaṇam anannābhilāṣaḥ rahaskāmatā bībhatsatvaṃ śaucadveṣaḥ svapnanityatā śvayathur ānane śuklastimitamalopadigdhākṣatvaṃ śleṣmopaśayaviparyāsād anupaśayatā ca iti śleṣmonmādaliṅgāni bhavanti alpaśaś+caṅkramaṇaṃ
_ _ → caṅkramaṇaṃ _	anusvāra / nasal	1	0.0	sthānam ekadeśe tūṣṇīṃbhāvaḥ alpaśaś caṅkramaṇaṃ lālāśiṅghāṇakasravaṇam anannābhilāṣaḥ rahaskāmatā bībhatsatvaṃ śaucadveṣaḥ svapnanityatā śvayathur ānane śuklastimitamalopadigdhākṣatvaṃ śleṣmopaśayaviparyāsād anupaśayatā ca iti śleṣmonmādaliṅgāni bhavanti caṅkramaṇaṃ+_
_ _ → _ anannābhilāṣaḥ	consonant / other	1	0.0	sthānam ekadeśe tūṣṇīṃbhāvaḥ alpaśaś caṅkramaṇaṃ lālāśiṅghāṇakasravaṇam anannābhilāṣaḥ rahaskāmatā bībhatsatvaṃ śaucadveṣaḥ svapnanityatā śvayathur ānane śuklastimitamalopadigdhākṣatvaṃ śleṣmopaśayaviparyāsād anupaśayatā ca iti śleṣmonmādaliṅgāni bhavanti _+anannābhilāṣaḥ
_ _ → anannābhilāṣaḥ rahaskāmatā	consonant / other	1	0.0	sthānam ekadeśe tūṣṇīṃbhāvaḥ alpaśaś caṅkramaṇaṃ lālāśiṅghāṇakasravaṇam anannābhilāṣaḥ rahaskāmatā bībhatsatvaṃ śaucadveṣaḥ svapnanityatā śvayathur ānane śuklastimitamalopadigdhākṣatvaṃ śleṣmopaśayaviparyāsād anupaśayatā ca iti śleṣmonmādaliṅgāni bhavanti anannābhilāṣaḥ+rahaskāmatā
_ _ → rahaskāmatā _	consonant / other	1	0.0	sthānam ekadeśe tūṣṇīṃbhāvaḥ alpaśaś caṅkramaṇaṃ lālāśiṅghāṇakasravaṇam anannābhilāṣaḥ rahaskāmatā bībhatsatvaṃ śaucadveṣaḥ svapnanityatā śvayathur ānane śuklastimitamalopadigdhākṣatvaṃ śleṣmopaśayaviparyāsād anupaśayatā ca iti śleṣmonmādaliṅgāni bhavanti rahaskāmatā+_
_ _ → _ śvayathur	consonant / other	1	0.0	sthānam ekadeśe tūṣṇīṃbhāvaḥ alpaśaś caṅkramaṇaṃ lālāśiṅghāṇakasravaṇam anannābhilāṣaḥ rahaskāmatā bībhatsatvaṃ śaucadveṣaḥ svapnanityatā śvayathur ānane śuklastimitamalopadigdhākṣatvaṃ śleṣmopaśayaviparyāsād anupaśayatā ca iti śleṣmonmādaliṅgāni bhavanti _+śvayathur
_ _ → śvayathur ānane	consonant / other	1	0.0	sthānam ekadeśe tūṣṇīṃbhāvaḥ alpaśaś caṅkramaṇaṃ lālāśiṅghāṇakasravaṇam anannābhilāṣaḥ rahaskāmatā bībhatsatvaṃ śaucadveṣaḥ svapnanityatā śvayathur ānane śuklastimitamalopadigdhākṣatvaṃ śleṣmopaśayaviparyāsād anupaśayatā ca iti śleṣmonmādaliṅgāni bhavanti śvayathur+ānane
_ _ → ānane _	consonant / other	1	0.0	sthānam ekadeśe tūṣṇīṃbhāvaḥ alpaśaś caṅkramaṇaṃ lālāśiṅghāṇakasravaṇam anannābhilāṣaḥ rahaskāmatā bībhatsatvaṃ śaucadveṣaḥ svapnanityatā śvayathur ānane śuklastimitamalopadigdhākṣatvaṃ śleṣmopaśayaviparyāsād anupaśayatā ca iti śleṣmonmādaliṅgāni bhavanti ānane+_
_ _ → lālāśiṅghāṇakasravaṇam _	consonant / other	1	0.0	sthānam ekadeśe tūṣṇīṃbhāvaḥ alpaśaś caṅkramaṇaṃ lālāśiṅghāṇakasravaṇam anannābhilāṣaḥ rahaskāmatā bībhatsatvaṃ śaucadveṣaḥ svapnanityatā śvayathur ānane śuklastimitamalopadigdhākṣatvaṃ śleṣmopaśayaviparyāsād anupaśayatā ca iti śleṣmonmādaliṅgāni bhavanti _→lālāśiṅghāṇakasravaṇam +anannābhilāṣaḥ
_ _ → bībhatsatvaṃ _	anusvāra / nasal	1	0.0	sthānam ekadeśe tūṣṇīṃbhāvaḥ alpaśaś caṅkramaṇaṃ lālāśiṅghāṇakasravaṇam anannābhilāṣaḥ rahaskāmatā bībhatsatvaṃ śaucadveṣaḥ svapnanityatā śvayathur ānane śuklastimitamalopadigdhākṣatvaṃ śleṣmopaśayaviparyāsād anupaśayatā ca iti śleṣmonmādaliṅgāni bhavanti _→bībhatsatvaṃ +_
_ _ → śaucadveṣaḥ _	consonant / other	1	0.0	sthānam ekadeśe tūṣṇīṃbhāvaḥ alpaśaś caṅkramaṇaṃ lālāśiṅghāṇakasravaṇam anannābhilāṣaḥ rahaskāmatā bībhatsatvaṃ śaucadveṣaḥ svapnanityatā śvayathur ānane śuklastimitamalopadigdhākṣatvaṃ śleṣmopaśayaviparyāsād anupaśayatā ca iti śleṣmonmādaliṅgāni bhavanti _→śaucadveṣaḥ +_
_ _ → svapnanityatā _	consonant / other	1	0.0	sthānam ekadeśe tūṣṇīṃbhāvaḥ alpaśaś caṅkramaṇaṃ lālāśiṅghāṇakasravaṇam anannābhilāṣaḥ rahaskāmatā bībhatsatvaṃ śaucadveṣaḥ svapnanityatā śvayathur ānane śuklastimitamalopadigdhākṣatvaṃ śleṣmopaśayaviparyāsād anupaśayatā ca iti śleṣmonmādaliṅgāni bhavanti _→svapnanityatā +śvayathur
_ _ → śuklastimitamalopadigdhākṣatvaṃ _	anusvāra / nasal	1	0.0	sthānam ekadeśe tūṣṇīṃbhāvaḥ alpaśaś caṅkramaṇaṃ lālāśiṅghāṇakasravaṇam anannābhilāṣaḥ rahaskāmatā bībhatsatvaṃ śaucadveṣaḥ svapnanityatā śvayathur ānane śuklastimitamalopadigdhākṣatvaṃ śleṣmopaśayaviparyāsād anupaśayatā ca iti śleṣmonmādaliṅgāni bhavanti _→śuklastimitamalopadigdhākṣatvaṃ +_
_ _ → śleṣmopaśayaviparyāsād _	consonant / other	1	0.0	sthānam ekadeśe tūṣṇīṃbhāvaḥ alpaśaś caṅkramaṇaṃ lālāśiṅghāṇakasravaṇam anannābhilāṣaḥ rahaskāmatā bībhatsatvaṃ śaucadveṣaḥ svapnanityatā śvayathur ānane śuklastimitamalopadigdhākṣatvaṃ śleṣmopaśayaviparyāsād anupaśayatā ca iti śleṣmonmādaliṅgāni bhavanti _→śleṣmopaśayaviparyāsād +anupaśayatā
_ bh → śleṣmonmādaliṅgāni bh	consonant / other	1	0.0	sthānam ekadeśe tūṣṇīṃbhāvaḥ alpaśaś caṅkramaṇaṃ lālāśiṅghāṇakasravaṇam anannābhilāṣaḥ rahaskāmatā bībhatsatvaṃ śaucadveṣaḥ svapnanityatā śvayathur ānane śuklastimitamalopadigdhākṣatvaṃ śleṣmopaśayaviparyāsād anupaśayatā ca iti śleṣmonmādaliṅgāni bhavanti _→śleṣmonmādaliṅgāni +bhavanti
u _ → u sānnipātikaṃ	anusvāra / nasal	1	0.0	tridoṣaliṅgasannipāte tu sānnipātikaṃ vidyāt tam asādhyam ācakṣate kuśalāḥ tu+sānnipātikaṃ
_ v → sānnipātikaṃ v	anusvāra / nasal	1	0.0	tridoṣaliṅgasannipāte tu sānnipātikaṃ vidyāt tam asādhyam ācakṣate kuśalāḥ sānnipātikaṃ+vidyāt
t _ → t tam	consonant / other	1	0.0	tridoṣaliṅgasannipāte tu sānnipātikaṃ vidyāt tam asādhyam ācakṣate kuśalāḥ vidyāt+tam
_ _ → tam asādhyam	consonant / other	1	0.0	tridoṣaliṅgasannipāte tu sānnipātikaṃ vidyāt tam asādhyam ācakṣate kuśalāḥ tam+asādhyam
_ ā → asādhyam ā	consonant / other	1	0.0	tridoṣaliṅgasannipāte tu sānnipātikaṃ vidyāt tam asādhyam ācakṣate kuśalāḥ asādhyam+ācakṣate
e _ → e kuśalāḥ	consonant / other	1	0.0	tridoṣaliṅgasannipāte tu sānnipātikaṃ vidyāt tam asādhyam ācakṣate kuśalāḥ ācakṣate+kuśalāḥ
_ t → tridoṣaliṅgasannipāte t	consonant / other	1	0.0	tridoṣaliṅgasannipāte tu sānnipātikaṃ vidyāt tam asādhyam ācakṣate kuśalāḥ _→tridoṣaliṅgasannipāte +tu
_ t → sādhyānāṃ t	anusvāra / nasal	1	0.0	sādhyānāṃ tu trayāṇāṃ sādhanāni snehasvedavamanavirecanāsthāpanānuvāsanopaśamanastaḥkarmadhūmadhūpanāñjanāvapīḍapradhamanābhyaṅgapradehapariṣekānulepanavadhabandhanāvarodhanavitrāsanavismāpanavismāraṇāpatarpaṇasirāvyadhanāni bhojanavidhānaṃ ca yathāsvaṃ yuktyā yac cānyad api kiṃcin nidānaviparītam auṣadhaṃ kāryaṃ tad api syād iti sādhyānāṃ+tu
u _ → u trayāṇāṃ	anusvāra / nasal	1	0.0	sādhyānāṃ tu trayāṇāṃ sādhanāni snehasvedavamanavirecanāsthāpanānuvāsanopaśamanastaḥkarmadhūmadhūpanāñjanāvapīḍapradhamanābhyaṅgapradehapariṣekānulepanavadhabandhanāvarodhanavitrāsanavismāpanavismāraṇāpatarpaṇasirāvyadhanāni bhojanavidhānaṃ ca yathāsvaṃ yuktyā yac cānyad api kiṃcin nidānaviparītam auṣadhaṃ kāryaṃ tad api syād iti tu+trayāṇāṃ
_ _ → trayāṇāṃ sādhanāni	anusvāra / nasal	1	0.0	sādhyānāṃ tu trayāṇāṃ sādhanāni snehasvedavamanavirecanāsthāpanānuvāsanopaśamanastaḥkarmadhūmadhūpanāñjanāvapīḍapradhamanābhyaṅgapradehapariṣekānulepanavadhabandhanāvarodhanavitrāsanavismāpanavismāraṇāpatarpaṇasirāvyadhanāni bhojanavidhānaṃ ca yathāsvaṃ yuktyā yac cānyad api kiṃcin nidānaviparītam auṣadhaṃ kāryaṃ tad api syād iti trayāṇāṃ+sādhanāni
_ _ → sādhanāni _	consonant / other	1	0.0	sādhyānāṃ tu trayāṇāṃ sādhanāni snehasvedavamanavirecanāsthāpanānuvāsanopaśamanastaḥkarmadhūmadhūpanāñjanāvapīḍapradhamanābhyaṅgapradehapariṣekānulepanavadhabandhanāvarodhanavitrāsanavismāpanavismāraṇāpatarpaṇasirāvyadhanāni bhojanavidhānaṃ ca yathāsvaṃ yuktyā yac cānyad api kiṃcin nidānaviparītam auṣadhaṃ kāryaṃ tad api syād iti sādhanāni+_
a _ → a yathāsvaṃ	anusvāra / nasal	1	0.0	sādhyānāṃ tu trayāṇāṃ sādhanāni snehasvedavamanavirecanāsthāpanānuvāsanopaśamanastaḥkarmadhūmadhūpanāñjanāvapīḍapradhamanābhyaṅgapradehapariṣekānulepanavadhabandhanāvarodhanavitrāsanavismāpanavismāraṇāpatarpaṇasirāvyadhanāni bhojanavidhānaṃ ca yathāsvaṃ yuktyā yac cānyad api kiṃcin nidānaviparītam auṣadhaṃ kāryaṃ tad api syād iti ca+yathāsvaṃ
_ _ → yathāsvaṃ yuktyā	anusvāra / nasal	1	0.0	sādhyānāṃ tu trayāṇāṃ sādhanāni snehasvedavamanavirecanāsthāpanānuvāsanopaśamanastaḥkarmadhūmadhūpanāñjanāvapīḍapradhamanābhyaṅgapradehapariṣekānulepanavadhabandhanāvarodhanavitrāsanavismāpanavismāraṇāpatarpaṇasirāvyadhanāni bhojanavidhānaṃ ca yathāsvaṃ yuktyā yac cānyad api kiṃcin nidānaviparītam auṣadhaṃ kāryaṃ tad api syād iti yathāsvaṃ+yuktyā
_ _ → yuktyā yac	consonant / other	1	0.0	sādhyānāṃ tu trayāṇāṃ sādhanāni snehasvedavamanavirecanāsthāpanānuvāsanopaśamanastaḥkarmadhūmadhūpanāñjanāvapīḍapradhamanābhyaṅgapradehapariṣekānulepanavadhabandhanāvarodhanavitrāsanavismāpanavismāraṇāpatarpaṇasirāvyadhanāni bhojanavidhānaṃ ca yathāsvaṃ yuktyā yac cānyad api kiṃcin nidānaviparītam auṣadhaṃ kāryaṃ tad api syād iti yuktyā+yac
_ c → yac c	consonant / other	1	0.0	sādhyānāṃ tu trayāṇāṃ sādhanāni snehasvedavamanavirecanāsthāpanānuvāsanopaśamanastaḥkarmadhūmadhūpanāñjanāvapīḍapradhamanābhyaṅgapradehapariṣekānulepanavadhabandhanāvarodhanavitrāsanavismāpanavismāraṇāpatarpaṇasirāvyadhanāni bhojanavidhānaṃ ca yathāsvaṃ yuktyā yac cānyad api kiṃcin nidānaviparītam auṣadhaṃ kāryaṃ tad api syād iti yac+ca
i _ → i kiṃcin	anusvāra / nasal	1	0.0	sādhyānāṃ tu trayāṇāṃ sādhanāni snehasvedavamanavirecanāsthāpanānuvāsanopaśamanastaḥkarmadhūmadhūpanāñjanāvapīḍapradhamanābhyaṅgapradehapariṣekānulepanavadhabandhanāvarodhanavitrāsanavismāpanavismāraṇāpatarpaṇasirāvyadhanāni bhojanavidhānaṃ ca yathāsvaṃ yuktyā yac cānyad api kiṃcin nidānaviparītam auṣadhaṃ kāryaṃ tad api syād iti api+kiṃcin
_ _ → kiṃcin _	anusvāra / nasal	1	0.0	sādhyānāṃ tu trayāṇāṃ sādhanāni snehasvedavamanavirecanāsthāpanānuvāsanopaśamanastaḥkarmadhūmadhūpanāñjanāvapīḍapradhamanābhyaṅgapradehapariṣekānulepanavadhabandhanāvarodhanavitrāsanavismāpanavismāraṇāpatarpaṇasirāvyadhanāni bhojanavidhānaṃ ca yathāsvaṃ yuktyā yac cānyad api kiṃcin nidānaviparītam auṣadhaṃ kāryaṃ tad api syād iti kiṃcin+_
_ _ → _ auṣadhaṃ	anusvāra / nasal	1	0.0	sādhyānāṃ tu trayāṇāṃ sādhanāni snehasvedavamanavirecanāsthāpanānuvāsanopaśamanastaḥkarmadhūmadhūpanāñjanāvapīḍapradhamanābhyaṅgapradehapariṣekānulepanavadhabandhanāvarodhanavitrāsanavismāpanavismāraṇāpatarpaṇasirāvyadhanāni bhojanavidhānaṃ ca yathāsvaṃ yuktyā yac cānyad api kiṃcin nidānaviparītam auṣadhaṃ kāryaṃ tad api syād iti _+auṣadhaṃ
_ _ → auṣadhaṃ kāryaṃ	anusvāra / nasal	1	0.0	sādhyānāṃ tu trayāṇāṃ sādhanāni snehasvedavamanavirecanāsthāpanānuvāsanopaśamanastaḥkarmadhūmadhūpanāñjanāvapīḍapradhamanābhyaṅgapradehapariṣekānulepanavadhabandhanāvarodhanavitrāsanavismāpanavismāraṇāpatarpaṇasirāvyadhanāni bhojanavidhānaṃ ca yathāsvaṃ yuktyā yac cānyad api kiṃcin nidānaviparītam auṣadhaṃ kāryaṃ tad api syād iti auṣadhaṃ+kāryaṃ
_ _ → kāryaṃ tad	anusvāra / nasal	1	0.0	sādhyānāṃ tu trayāṇāṃ sādhanāni snehasvedavamanavirecanāsthāpanānuvāsanopaśamanastaḥkarmadhūmadhūpanāñjanāvapīḍapradhamanābhyaṅgapradehapariṣekānulepanavadhabandhanāvarodhanavitrāsanavismāpanavismāraṇāpatarpaṇasirāvyadhanāni bhojanavidhānaṃ ca yathāsvaṃ yuktyā yac cānyad api kiṃcin nidānaviparītam auṣadhaṃ kāryaṃ tad api syād iti kāryaṃ+tad
_ a → tad a	consonant / other	1	0.0	sādhyānāṃ tu trayāṇāṃ sādhanāni snehasvedavamanavirecanāsthāpanānuvāsanopaśamanastaḥkarmadhūmadhūpanāñjanāvapīḍapradhamanābhyaṅgapradehapariṣekānulepanavadhabandhanāvarodhanavitrāsanavismāpanavismāraṇāpatarpaṇasirāvyadhanāni bhojanavidhānaṃ ca yathāsvaṃ yuktyā yac cānyad api kiṃcin nidānaviparītam auṣadhaṃ kāryaṃ tad api syād iti tad+api
_ c → bhojanavidhānaṃ c	anusvāra / nasal	1	0.0	sādhyānāṃ tu trayāṇāṃ sādhanāni snehasvedavamanavirecanāsthāpanānuvāsanopaśamanastaḥkarmadhūmadhūpanāñjanāvapīḍapradhamanābhyaṅgapradehapariṣekānulepanavadhabandhanāvarodhanavitrāsanavismāpanavismāraṇāpatarpaṇasirāvyadhanāni bhojanavidhānaṃ ca yathāsvaṃ yuktyā yac cānyad api kiṃcin nidānaviparītam auṣadhaṃ kāryaṃ tad api syād iti _→bhojanavidhānaṃ +ca
_ a → cānyad a	consonant / other	1	0.0	sādhyānāṃ tu trayāṇāṃ sādhanāni snehasvedavamanavirecanāsthāpanānuvāsanopaśamanastaḥkarmadhūmadhūpanāñjanāvapīḍapradhamanābhyaṅgapradehapariṣekānulepanavadhabandhanāvarodhanavitrāsanavismāpanavismāraṇāpatarpaṇasirāvyadhanāni bhojanavidhānaṃ ca yathāsvaṃ yuktyā yac cānyad api kiṃcin nidānaviparītam auṣadhaṃ kāryaṃ tad api syād iti _→cānyad +api
_ _ → nidānaviparītam _	consonant / other	1	0.0	sādhyānāṃ tu trayāṇāṃ sādhanāni snehasvedavamanavirecanāsthāpanānuvāsanopaśamanastaḥkarmadhūmadhūpanāñjanāvapīḍapradhamanābhyaṅgapradehapariṣekānulepanavadhabandhanāvarodhanavitrāsanavismāpanavismāraṇāpatarpaṇasirāvyadhanāni bhojanavidhānaṃ ca yathāsvaṃ yuktyā yac cānyad api kiṃcin nidānaviparītam auṣadhaṃ kāryaṃ tad api syād iti _→nidānaviparītam +auṣadhaṃ
_ _ → bhūtānām unmādayiṣyatām	consonant / other	1	0.0	tatrāyam unmādakarāṇāṃ bhūtānām unmādayiṣyatām ārambhaviśeṣo bhavati tad yathā avalokayanto devā janayanty unmādaṃ guruvṛddhasiddhamaharṣayo 'bhiśapantaḥ pitaro darśayantaḥ spṛśanto gandharvāḥ samāviśanto yakṣāḥ rākṣasās tv ātmagandham āghrāpayantaḥ piśācāḥ punar āruhya vāhayantaḥ bhūtānām+unmādayiṣyatām
_ _ → unmādayiṣyatām _	consonant / other	1	0.0	tatrāyam unmādakarāṇāṃ bhūtānām unmādayiṣyatām ārambhaviśeṣo bhavati tad yathā avalokayanto devā janayanty unmādaṃ guruvṛddhasiddhamaharṣayo 'bhiśapantaḥ pitaro darśayantaḥ spṛśanto gandharvāḥ samāviśanto yakṣāḥ rākṣasās tv ātmagandham āghrāpayantaḥ piśācāḥ punar āruhya vāhayantaḥ unmādayiṣyatām+_
ā _ → ā avalokayanto	consonant / other	1	0.0	tatrāyam unmādakarāṇāṃ bhūtānām unmādayiṣyatām ārambhaviśeṣo bhavati tad yathā avalokayanto devā janayanty unmādaṃ guruvṛddhasiddhamaharṣayo 'bhiśapantaḥ pitaro darśayantaḥ spṛśanto gandharvāḥ samāviśanto yakṣāḥ rākṣasās tv ātmagandham āghrāpayantaḥ piśācāḥ punar āruhya vāhayantaḥ yathā+avalokayanto
_ _ → avalokayanto devā	consonant / other	1	0.0	tatrāyam unmādakarāṇāṃ bhūtānām unmādayiṣyatām ārambhaviśeṣo bhavati tad yathā avalokayanto devā janayanty unmādaṃ guruvṛddhasiddhamaharṣayo 'bhiśapantaḥ pitaro darśayantaḥ spṛśanto gandharvāḥ samāviśanto yakṣāḥ rākṣasās tv ātmagandham āghrāpayantaḥ piśācāḥ punar āruhya vāhayantaḥ avalokayanto+devā
_ _ → devā janayanty	consonant / other	1	0.0	tatrāyam unmādakarāṇāṃ bhūtānām unmādayiṣyatām ārambhaviśeṣo bhavati tad yathā avalokayanto devā janayanty unmādaṃ guruvṛddhasiddhamaharṣayo 'bhiśapantaḥ pitaro darśayantaḥ spṛśanto gandharvāḥ samāviśanto yakṣāḥ rākṣasās tv ātmagandham āghrāpayantaḥ piśācāḥ punar āruhya vāhayantaḥ devā+janayanty
_ _ → janayanty unmādaṃ	anusvāra / nasal	1	0.0	tatrāyam unmādakarāṇāṃ bhūtānām unmādayiṣyatām ārambhaviśeṣo bhavati tad yathā avalokayanto devā janayanty unmādaṃ guruvṛddhasiddhamaharṣayo 'bhiśapantaḥ pitaro darśayantaḥ spṛśanto gandharvāḥ samāviśanto yakṣāḥ rākṣasās tv ātmagandham āghrāpayantaḥ piśācāḥ punar āruhya vāhayantaḥ janayanty+unmādaṃ
_ _ → unmādaṃ 'bhiśapantaḥ	anusvāra / nasal	1	0.0	tatrāyam unmādakarāṇāṃ bhūtānām unmādayiṣyatām ārambhaviśeṣo bhavati tad yathā avalokayanto devā janayanty unmādaṃ guruvṛddhasiddhamaharṣayo 'bhiśapantaḥ pitaro darśayantaḥ spṛśanto gandharvāḥ samāviśanto yakṣāḥ rākṣasās tv ātmagandham āghrāpayantaḥ piśācāḥ punar āruhya vāhayantaḥ unmādaṃ+'bhiśapantaḥ
_ p → 'bhiśapantaḥ p	consonant / other	1	0.0	tatrāyam unmādakarāṇāṃ bhūtānām unmādayiṣyatām ārambhaviśeṣo bhavati tad yathā avalokayanto devā janayanty unmādaṃ guruvṛddhasiddhamaharṣayo 'bhiśapantaḥ pitaro darśayantaḥ spṛśanto gandharvāḥ samāviśanto yakṣāḥ rākṣasās tv ātmagandham āghrāpayantaḥ piśācāḥ punar āruhya vāhayantaḥ 'bhiśapantaḥ+pitaro
aḥ _ → o darśayantaḥ	visarga	1	0.0	tatrāyam unmādakarāṇāṃ bhūtānām unmādayiṣyatām ārambhaviśeṣo bhavati tad yathā avalokayanto devā janayanty unmādaṃ guruvṛddhasiddhamaharṣayo 'bhiśapantaḥ pitaro darśayantaḥ spṛśanto gandharvāḥ samāviśanto yakṣāḥ rākṣasās tv ātmagandham āghrāpayantaḥ piśācāḥ punar āruhya vāhayantaḥ pitaro+darśayantaḥ
_ _ → darśayantaḥ spṛśanto	consonant / other	1	0.0	tatrāyam unmādakarāṇāṃ bhūtānām unmādayiṣyatām ārambhaviśeṣo bhavati tad yathā avalokayanto devā janayanty unmādaṃ guruvṛddhasiddhamaharṣayo 'bhiśapantaḥ pitaro darśayantaḥ spṛśanto gandharvāḥ samāviśanto yakṣāḥ rākṣasās tv ātmagandham āghrāpayantaḥ piśācāḥ punar āruhya vāhayantaḥ darśayantaḥ+spṛśanto
_ _ → spṛśanto gandharvāḥ	consonant / other	1	0.0	tatrāyam unmādakarāṇāṃ bhūtānām unmādayiṣyatām ārambhaviśeṣo bhavati tad yathā avalokayanto devā janayanty unmādaṃ guruvṛddhasiddhamaharṣayo 'bhiśapantaḥ pitaro darśayantaḥ spṛśanto gandharvāḥ samāviśanto yakṣāḥ rākṣasās tv ātmagandham āghrāpayantaḥ piśācāḥ punar āruhya vāhayantaḥ spṛśanto+gandharvāḥ
_ _ → gandharvāḥ samāviśanto	consonant / other	1	0.0	tatrāyam unmādakarāṇāṃ bhūtānām unmādayiṣyatām ārambhaviśeṣo bhavati tad yathā avalokayanto devā janayanty unmādaṃ guruvṛddhasiddhamaharṣayo 'bhiśapantaḥ pitaro darśayantaḥ spṛśanto gandharvāḥ samāviśanto yakṣāḥ rākṣasās tv ātmagandham āghrāpayantaḥ piśācāḥ punar āruhya vāhayantaḥ gandharvāḥ+samāviśanto
_ _ → samāviśanto yakṣāḥ	consonant / other	1	0.0	tatrāyam unmādakarāṇāṃ bhūtānām unmādayiṣyatām ārambhaviśeṣo bhavati tad yathā avalokayanto devā janayanty unmādaṃ guruvṛddhasiddhamaharṣayo 'bhiśapantaḥ pitaro darśayantaḥ spṛśanto gandharvāḥ samāviśanto yakṣāḥ rākṣasās tv ātmagandham āghrāpayantaḥ piśācāḥ punar āruhya vāhayantaḥ samāviśanto+yakṣāḥ
_ _ → yakṣāḥ rākṣasās	consonant / other	1	0.0	tatrāyam unmādakarāṇāṃ bhūtānām unmādayiṣyatām ārambhaviśeṣo bhavati tad yathā avalokayanto devā janayanty unmādaṃ guruvṛddhasiddhamaharṣayo 'bhiśapantaḥ pitaro darśayantaḥ spṛśanto gandharvāḥ samāviśanto yakṣāḥ rākṣasās tv ātmagandham āghrāpayantaḥ piśācāḥ punar āruhya vāhayantaḥ yakṣāḥ+rākṣasās
_ t → rākṣasās t	consonant / other	1	0.0	tatrāyam unmādakarāṇāṃ bhūtānām unmādayiṣyatām ārambhaviśeṣo bhavati tad yathā avalokayanto devā janayanty unmādaṃ guruvṛddhasiddhamaharṣayo 'bhiśapantaḥ pitaro darśayantaḥ spṛśanto gandharvāḥ samāviśanto yakṣāḥ rākṣasās tv ātmagandham āghrāpayantaḥ piśācāḥ punar āruhya vāhayantaḥ rākṣasās+tv
u _ → v _	consonant / other	1	0.0	tatrāyam unmādakarāṇāṃ bhūtānām unmādayiṣyatām ārambhaviśeṣo bhavati tad yathā avalokayanto devā janayanty unmādaṃ guruvṛddhasiddhamaharṣayo 'bhiśapantaḥ pitaro darśayantaḥ spṛśanto gandharvāḥ samāviśanto yakṣāḥ rākṣasās tv ātmagandham āghrāpayantaḥ piśācāḥ punar āruhya vāhayantaḥ tv+_
_ _ → _ āghrāpayantaḥ	consonant / other	1	0.0	tatrāyam unmādakarāṇāṃ bhūtānām unmādayiṣyatām ārambhaviśeṣo bhavati tad yathā avalokayanto devā janayanty unmādaṃ guruvṛddhasiddhamaharṣayo 'bhiśapantaḥ pitaro darśayantaḥ spṛśanto gandharvāḥ samāviśanto yakṣāḥ rākṣasās tv ātmagandham āghrāpayantaḥ piśācāḥ punar āruhya vāhayantaḥ _+āghrāpayantaḥ
_ _ → āghrāpayantaḥ piśācāḥ	consonant / other	1	0.0	tatrāyam unmādakarāṇāṃ bhūtānām unmādayiṣyatām ārambhaviśeṣo bhavati tad yathā avalokayanto devā janayanty unmādaṃ guruvṛddhasiddhamaharṣayo 'bhiśapantaḥ pitaro darśayantaḥ spṛśanto gandharvāḥ samāviśanto yakṣāḥ rākṣasās tv ātmagandham āghrāpayantaḥ piśācāḥ punar āruhya vāhayantaḥ āghrāpayantaḥ+piśācāḥ
_ p → piśācāḥ p	consonant / other	1	0.0	tatrāyam unmādakarāṇāṃ bhūtānām unmādayiṣyatām ārambhaviśeṣo bhavati tad yathā avalokayanto devā janayanty unmādaṃ guruvṛddhasiddhamaharṣayo 'bhiśapantaḥ pitaro darśayantaḥ spṛśanto gandharvāḥ samāviśanto yakṣāḥ rākṣasās tv ātmagandham āghrāpayantaḥ piśācāḥ punar āruhya vāhayantaḥ piśācāḥ+punar
a _ → a vāhayantaḥ	consonant / other	1	0.0	tatrāyam unmādakarāṇāṃ bhūtānām unmādayiṣyatām ārambhaviśeṣo bhavati tad yathā avalokayanto devā janayanty unmādaṃ guruvṛddhasiddhamaharṣayo 'bhiśapantaḥ pitaro darśayantaḥ spṛśanto gandharvāḥ samāviśanto yakṣāḥ rākṣasās tv ātmagandham āghrāpayantaḥ piśācāḥ punar āruhya vāhayantaḥ āruhya+vāhayantaḥ
_ _ → tatrāyam _	consonant / other	1	0.0	tatrāyam unmādakarāṇāṃ bhūtānām unmādayiṣyatām ārambhaviśeṣo bhavati tad yathā avalokayanto devā janayanty unmādaṃ guruvṛddhasiddhamaharṣayo 'bhiśapantaḥ pitaro darśayantaḥ spṛśanto gandharvāḥ samāviśanto yakṣāḥ rākṣasās tv ātmagandham āghrāpayantaḥ piśācāḥ punar āruhya vāhayantaḥ _→tatrāyam +_
_ bh → ārambhaviśeṣo bh	consonant / other	1	0.0	tatrāyam unmādakarāṇāṃ bhūtānām unmādayiṣyatām ārambhaviśeṣo bhavati tad yathā avalokayanto devā janayanty unmādaṃ guruvṛddhasiddhamaharṣayo 'bhiśapantaḥ pitaro darśayantaḥ spṛśanto gandharvāḥ samāviśanto yakṣāḥ rākṣasās tv ātmagandham āghrāpayantaḥ piśācāḥ punar āruhya vāhayantaḥ _→ārambhaviśeṣo +bhavati
_ _ → ātmagandham _	consonant / other	1	0.0	tatrāyam unmādakarāṇāṃ bhūtānām unmādayiṣyatām ārambhaviśeṣo bhavati tad yathā avalokayanto devā janayanty unmādaṃ guruvṛddhasiddhamaharṣayo 'bhiśapantaḥ pitaro darśayantaḥ spṛśanto gandharvāḥ samāviśanto yakṣāḥ rākṣasās tv ātmagandham āghrāpayantaḥ piśācāḥ punar āruhya vāhayantaḥ _→ātmagandham +āghrāpayantaḥ
_ _ → _ rūpāṇi	consonant / other	1	0.0	tasyemāni rūpāṇi bhavanti tad yathā atyātmabalavīryapauruṣaparākramagrahaṇadhāraṇasmaraṇajñānavacanavijñānāni aniyataś conmādakālaḥ _+rūpāṇi
_ bh → rūpāṇi bh	consonant / other	1	0.0	tasyemāni rūpāṇi bhavanti tad yathā atyātmabalavīryapauruṣaparākramagrahaṇadhāraṇasmaraṇajñānavacanavijñānāni aniyataś conmādakālaḥ rūpāṇi+bhavanti
_ _ → _ aniyataś	consonant / other	1	0.0	tasyemāni rūpāṇi bhavanti tad yathā atyātmabalavīryapauruṣaparākramagrahaṇadhāraṇasmaraṇajñānavacanavijñānāni aniyataś conmādakālaḥ _+aniyataś
_ c → aniyataś c	consonant / other	1	0.0	tasyemāni rūpāṇi bhavanti tad yathā atyātmabalavīryapauruṣaparākramagrahaṇadhāraṇasmaraṇajñānavacanavijñānāni aniyataś conmādakālaḥ aniyataś+ca
_ _ → atyātmabalavīryapauruṣaparākramagrahaṇadhāraṇasmaraṇajñānavacanavijñānāni _	consonant / other	1	0.0	tasyemāni rūpāṇi bhavanti tad yathā atyātmabalavīryapauruṣaparākramagrahaṇadhāraṇasmaraṇajñānavacanavijñānāni aniyataś conmādakālaḥ _→atyātmabalavīryapauruṣaparākramagrahaṇadhāraṇasmaraṇajñānavacanavijñānāni +aniyataś
_ t → trividhaṃ t	anusvāra / nasal	1	0.0	trividhaṃ tu khalūnmādakarāṇāṃ bhūtānām unmādane prayojanaṃ bhavati tad yathā hiṃsā ratiḥ abhyarcanaṃ ceti trividhaṃ+tu
_ _ → bhūtānām unmādane	consonant / other	1	0.0	trividhaṃ tu khalūnmādakarāṇāṃ bhūtānām unmādane prayojanaṃ bhavati tad yathā hiṃsā ratiḥ abhyarcanaṃ ceti bhūtānām+unmādane
_ _ → unmādane prayojanaṃ	anusvāra / nasal	1	0.0	trividhaṃ tu khalūnmādakarāṇāṃ bhūtānām unmādane prayojanaṃ bhavati tad yathā hiṃsā ratiḥ abhyarcanaṃ ceti unmādane+prayojanaṃ
_ bh → prayojanaṃ bh	anusvāra / nasal	1	0.0	trividhaṃ tu khalūnmādakarāṇāṃ bhūtānām unmādane prayojanaṃ bhavati tad yathā hiṃsā ratiḥ abhyarcanaṃ ceti prayojanaṃ+bhavati
ā _ → ā hiṃsā	anusvāra / nasal	1	0.0	trividhaṃ tu khalūnmādakarāṇāṃ bhūtānām unmādane prayojanaṃ bhavati tad yathā hiṃsā ratiḥ abhyarcanaṃ ceti yathā+hiṃsā
_ _ → hiṃsā ratiḥ	anusvāra / nasal	1	0.0	trividhaṃ tu khalūnmādakarāṇāṃ bhūtānām unmādane prayojanaṃ bhavati tad yathā hiṃsā ratiḥ abhyarcanaṃ ceti hiṃsā+ratiḥ
_ _ → ratiḥ abhyarcanaṃ	anusvāra / nasal	1	0.0	trividhaṃ tu khalūnmādakarāṇāṃ bhūtānām unmādane prayojanaṃ bhavati tad yathā hiṃsā ratiḥ abhyarcanaṃ ceti ratiḥ+abhyarcanaṃ
_ c → abhyarcanaṃ c	anusvāra / nasal	1	0.0	trividhaṃ tu khalūnmādakarāṇāṃ bhūtānām unmādane prayojanaṃ bhavati tad yathā hiṃsā ratiḥ abhyarcanaṃ ceti abhyarcanaṃ+ca
_ _ → teṣāṃ taṃ	anusvāra / nasal	1	0.0	teṣāṃ taṃ prayojanaviśeṣam unmattācāraviśeṣalakṣaṇair vidyāt teṣāṃ+taṃ
_ _ → taṃ _	anusvāra / nasal	1	0.0	teṣāṃ taṃ prayojanaviśeṣam unmattācāraviśeṣalakṣaṇair vidyāt taṃ+_
_ _ → prayojanaviśeṣam _	consonant / other	1	0.0	teṣāṃ taṃ prayojanaviśeṣam unmattācāraviśeṣalakṣaṇair vidyāt _→prayojanaviśeṣam +_
_ v → unmattācāraviśeṣalakṣaṇair v	consonant / other	1	0.0	teṣāṃ taṃ prayojanaviśeṣam unmattācāraviśeṣalakṣaṇair vidyāt _→unmattācāraviśeṣalakṣaṇair +vidyāt
ḥ agnim → ḥ 'gniṃ	visarga	1	0.0	tatra hiṃsārthinonmādyamāno 'gniṃ praviśati apsu nimajjati sthalācchvabhre vā patati śastrakaśākāṣṭhaloṣṭamuṣṭibhir hantyātmānam anyacca prāṇavadhārthamārabhate kiṃcit tam asādhyaṃ vidyāt sādhyau punar dvāvitarau unmādyamānaḥ+'gniṃ
r → tṝnnāpi r	consonant / other	1	0.0	nābhiśaṃsed budho devānna pitṝnnāpi rākṣasān api→pitṝnnāpi +rākṣasān
u t → no t	consonant / other	1	0.0	tasmācchreyaskaraṃ mārgaṃ pratipadyeta no traset u→no +traset
s apasmāranidānam → s 'pasmāranidānaṃ	anusvāra / nasal	1	0.0	athāto 'pasmāranidānaṃ vyākhyāsyāmaḥ atas+'pasmāranidānaṃ
apasmāranidānam v → 'pasmāranidānaṃ v	anusvāra / nasal	1	0.0	athāto 'pasmāranidānaṃ vyākhyāsyāmaḥ 'pasmāranidānaṃ+vyākhyāsyāmaḥ
apasmārāḥ bh → 'pasmārā bh	visarga	1	0.0	iha khalu catvāro 'pasmārā bhavanti vātapittakaphasannipātanimittāḥ 'pasmārā+bhavanti
ś → ratāmanyāśca ś	consonant / other	1	0.0	ta evaṃvidhānāṃ prāṇabhṛtāṃ kṣipramabhinirvartante tad yathā rajastamobhyām upahatacetasām udbhrāntaviṣamabahudoṣāṇāṃ samalavikṛtopahitānyaśucīnyabhyavahārajātāni vaiṣamyayuktenopayogavidhinopayuñjānānāṃ tantraprayogamapi ca viṣamamācaratāmanyāśca śarīraceṣṭā viṣamāḥ samācaratāmatyupakṣayādvā doṣāḥ prakupitā rajastamobhyām upahatacetasām antarātmanaḥ śreṣṭhatamamāyatanaṃ hṛdayamupasṛtyopari tiṣṭhante tathendriyāyatanāni ca ca→viṣamamācaratāmanyāśca +śarīra
ḥ aṅgamardaḥ → ḥ 'ṅgamardo	visarga	1	0.0	tasyemāni pūrvarūpāṇi bhavanti tadyathā bhrūvyudāsaḥ satatamakṣṇorvaikṛtamaśabdaśravaṇaṃ lālāsiṅghāṇaprasravaṇam anannābhilaṣaṇam arocakāvipākau hṛdayagrahaḥ kukṣerāṭopo daurbalyamasthibhedo 'ṅgamardo mohastamaso darśanaṃ mūrcchā bhramaścābhīkṣṇaṃ svapne ca madanartanavyadhanavyathanavepanapatanādīnīti bhedaḥ+'ṅgamardo
aṅgamardaḥ m → 'ṅgamardo m	visarga	1	0.0	tasyemāni pūrvarūpāṇi bhavanti tadyathā bhrūvyudāsaḥ satatamakṣṇorvaikṛtamaśabdaśravaṇaṃ lālāsiṅghāṇaprasravaṇam anannābhilaṣaṇam arocakāvipākau hṛdayagrahaḥ kukṣerāṭopo daurbalyamasthibhedo 'ṅgamardo mohastamaso darśanaṃ mūrcchā bhramaścābhīkṣṇaṃ svapne ca madanartanavyadhanavyathanavepanapatanādīnīti 'ṅgamardo+mohaḥ
apasmārāḥ v → 'pasmārā v	visarga	1	0.0	iti catvāro 'pasmārā vyākhyātāḥ 'pasmārā+vyākhyātāḥ
aḥ n → edyo n	visarga	1	0.0	nāsau viśuddhaḥ śuddhastu śamayedyo na kopayet yaḥ→śamayedyo +na
ḥ e → syaika e	visarga	1	0.0	eko heturanekasya tathaikasyaika eva hi ekaḥ→tathaikasyaika +eva
e b → ā b	consonant / other	1	0.0	vyādherekasya cānekā bahūnāṃ bahvya eva ca aneke→cānekā +bahūnāṃ
y → dvā y	consonant / other	1	0.0	pādāpacārāddaivādvā yānti bhāvāntaraṃ gadāḥ vā→pādāpacārāddaivādvā +yānti
aḥ agniveśaiḥ → o 'gniveśa	visarga	1	0.0	tasmād doṣādimānajñānārthaṃ vimānasthānam upadekṣyāmo 'gniveśa upadekṣyāmo+'gniveśa
ṣ m → ṭ m	consonant / other	1	0.0	tatrādau rasadravyadoṣavikāraprabhāvān vakṣyāmaḥ rasāstāvatṣaṭ madhurāmlalavaṇakaṭutiktakaṣāyāḥ te samyagupayujyamānāḥ śarīraṃ yāpayanti mithyopayujyamānāstu khalu doṣaprakopāyopakalpante ṣaṣ→rasāstāvatṣaṭ +madhura
_ bh → śarīropakārakā bh	consonant / other	1	0.0	te prakṛtibhūtāḥ śarīropakārakā bhavanti vikṛtimāpannāstu khalu nānāvidhair vikāraiḥ śarīram upatāpayanti _→śarīropakārakā +bhavanti
ḥ r → strayo r	visarga	1	0.0	tatra doṣamekaikaṃ trayastrayo rasā janayanti trayas trayaś copaśamayanti trayaḥ→trayastrayo +rasā
s → yavaprabhāvānumānenaiva s	consonant / other	1	0.0	na hi vikṛtiviṣamasamavetānāṃ nānātmakānāṃ paraspareṇa copahatānāmanyaiśca vikalpanair vikalpitānām avayavaprabhāvānumānenaiva samudāyaprabhāvatattvam adhyavasātuṃ śakyam eva→avayavaprabhāvānumānenaiva +samudāya
t c → d c	consonant / other	1	0.0	tasmād rasaprabhāvataś ca dravyaprabhāvataś ca doṣaprabhāvataś ca vikāraprabhāvataś ca tattvamupadekṣyāmaḥ tasmād+ca
avaḥ n → vyo n	visarga	1	0.0	pippalyo hi kaṭukāḥ satyo madhuravipākā gurvyo nātyarthaṃ snigdhoṣṇāḥ prakledinyo bheṣajābhimatāś ca tāḥ sadyaḥ śubhāśubhakāriṇyo bhavanti āpātabhadrāḥ prayogasamasādguṇyāt doṣasaṃcayānubandhāḥ satatam upayujyamānā hi guruprakleditvācchleṣmāṇam utkleśayanti auṣṇyāt pittaṃ na ca vātapraśamanāyopakalpante 'lpasnehoṣṇabhāvāt yogavāhinyastu khalu bhavanti tasmātpippalīr nātyupayuñjīta gurvyo+na
_ m → madhusarpiṣoḥ m	consonant / other	1	0.0	saṃyogaḥ punar dvayor bahūnāṃ vā dravyāṇāṃ saṃhatībhāvaḥ sa viśeṣamārabhate yaṃ punar naikaikaśo dravyāṇyārabhante tad yathā madhusarpiṣoḥ madhumatsyapayasāṃ ca saṃyogaḥ _→madhusarpiṣoḥ +madhu
_ bh → parasparopakārakā bh	consonant / other	1	0.0	eṣāṃ viśeṣāḥ śubhāśubhaphalāḥ parasparopakārakā bhavanti tān bubhutseta buddhvā ca hitepsureva syāt na ca mohāt pramādādvā priyam ahitam asukhodarkam upasevyam āhārajātam anyadvā kiṃcit _→parasparopakārakā +bhavanti
aḥ anyamanasaḥ → o 'nyamanasa	visarga	1	0.0	ajalpannahasan tanmanā jalpato hasato 'nyamanasa vā bhuñjānasya ta eva hi doṣā bhavanti ya evātidrutam aśnataḥ tasmād ajalpannahasaṃstanmanā bhuñjīta hasato+'nyamanasa
anyamanasaḥ v → 'nyamanasa v	visarga	1	0.0	ajalpannahasan tanmanā jalpato hasato 'nyamanasa vā bhuñjānasya ta eva hi doṣā bhavanti ya evātidrutam aśnataḥ tasmād ajalpannahasaṃstanmanā bhuñjīta 'nyamanasa+vā
bh → u bh	consonant / other	1	0.0	āhārāyatanānyaṣṭau bhojyasādguṇyameva ca aṣṭa→āhārāyatanānyaṣṭau +bhojya
m d → tastaṃ d	anusvāra / nasal	1	0.0	atimātrapraduṣṭāśca doṣāḥ praduṣṭām abaddhamārgās tiryaggacchantaḥ kadācideva kevalamasya śarīraṃ daṇḍavat stambhayanti tatastaṃ daṇḍālasakam asādhyaṃ bruvate tam→tatastaṃ +daṇḍālasakam
ṣūcikāyām t → sūcikāyāṃ t	anusvāra / nasal	1	0.0	visūcikāyāṃ tu laṅghanamevāgre viriktavaccānupūrvī visūcikāyāṃ+tu
ḥ e → i	visarga	1	0.0	api cāmapradoṣāhārauṣadhavibhramo 'tibalatvād uparatakāyāgniṃ saha saivāturam abalam atipātayet saḥ+eva→saivāturam
dh → ṃ dh	anusvāra / nasal	1	0.0	etattvāṃ dhīra pṛcchāmastanna ācakṣva buddhiman tvā→etattvāṃ +dhīra
ā r → a r	consonant / other	1	0.0	janapadamaṇḍale pañcālakṣetre dvijātivarādhyuṣite kāmpilyarājadhānyāṃ bhagavān punarvasurātreyo 'ntevāsigaṇaparivṛtaḥ paścime gharmamāse gaṅgātīre vanavicāram anuvicarañchiṣyam agniveśam abravīt kāmpilyā+rājadhānyām→kāmpilyarājadhānyāṃ
aḥ abhinirvartamānāḥ → o 'bhinirvartamānā	visarga	1	0.0	tamuvāca bhagavānātreyaḥ evam asāmānyāvatām apyebhir agniveśa prakṛtyādibhir bhāvair manuṣyāṇāṃ ye'nye bhāvāḥ sāmānyāstadvaiguṇyāt samānakālāḥ samānaliṅgāśca vyādhayo 'bhinirvartamānā janapadam uddhvaṃsayanti vyādhayo+'bhinirvartamānā
abhinirvartamānāḥ j → 'bhinirvartamānā j	visarga	1	0.0	tamuvāca bhagavānātreyaḥ evam asāmānyāvatām apyebhir agniveśa prakṛtyādibhir bhāvair manuṣyāṇāṃ ye'nye bhāvāḥ sāmānyāstadvaiguṇyāt samānakālāḥ samānaliṅgāśca vyādhayo 'bhinirvartamānā janapadam uddhvaṃsayanti 'bhinirvartamānā+janapadam
e v → ā v	consonant / other	1	0.0	ādikāle hyaditisutasamaujaso 'tivimalavipulaprabhāvāḥ pratyakṣadevadevarṣidharmayajñavidhividhānāḥ śailasārasaṃhatasthiraśarīrāḥ prasannavarṇendriyāḥ pavanasamabalajavaparākramāścārusphico 'bhirūpapramāṇākṛtiprasādopacayavantaḥ satyārjavānṛśaṃsyadānadamaniyamatapa'upavāsabrahmacaryavrataparā vyapagatabhayarāgadveṣamohalobhakrodhaśokamānaroganidrātandrāśramaklamālasyaparigrahāśca puruṣā babhūvur amitāyuṣaḥ pare→satyārjavānṛśaṃsyadānadamaniyamatapa'upavāsabrahmacaryavrataparā +vyapagata
mpannikānām s → ṃpannikānāṃ s	anusvāra / nasal	1	0.0	bhraśyati tu kṛtayuge keṣāṃcid atyādānāt sāṃpannikānāṃ sattvānāṃ śarīragauravam āsīt śarīragauravācchramaḥ śramādālasyam ālasyāt saṃcayaḥ saṃcayāt parigrahaḥ parigrahāllobhaḥ prādurāsīt kṛte sāṃpannikānāṃ+sattvānāṃ
ḥ t → smākaṃ t	visarga	1	0.0	api ca sarvacakṣuṣāmetat paraṃ yadaindraṃ cakṣuḥ idaṃ cāpyasmākaṃ tena pratyakṣaṃ yathā puruṣasahasrāṇām utthāyotthāyāhavaṃ kurvatām akurvatāṃ cātulyāyuṣṭvaṃ tathā jātamātrāṇām apratīkārāt pratīkārācca aviṣaviṣaprāśināṃ cāpy atulyāyuṣṭvam eva na ca tulyo yogakṣema udapānaghaṭānāṃ citraghaṭānāṃ cotsīdatāṃ tasmāddhitopacāramūlaṃ jīvitam ato viparyayānmṛtyuḥ naḥ→cāpyasmākaṃ +tena
t p → d p	consonant / other	1	0.0	yathā ca sa evākṣo 'tibhārādhiṣṭhitatvād viṣamapathād apathād akṣacakrabhaṅgād vāhyavāhakadoṣād aṇimokṣād anupāṅgāt paryasanāccāntarāvasānam āpadyate tathāyurapyayathābalam ārambhād ayathāgnyabhyavaharaṇād viṣamābhyavaharaṇād viṣamaśarīranyāsād atimaithunād asatsaṃśrayād udīrṇavegavinigrahād vidhāryavegāvidhāraṇād bhūtaviṣavāyvagnyupatāpād abhighātād āhārapratīkāravivarjanāccāntarāvasānam āpadyate sa mṛtyurakāle tathā jvarādīn apyātaṅkān mithyopacaritān akālamṛtyūn paśyāma iti mokṣāt→aṇimokṣād +paryasanāt
ḥ c → n	visarga	1	0.0	teṣāṃ prakopāt sthānasthāścaiva mārgagāśca śarīradhātavaḥ prakopamāpadyante itareṣāṃ prakopāditarāṇi ca sthāḥ+ca→sthānasthāścaiva
y → ātaṅkaśabdaṃ y	anusvāra / nasal	1	0.0	samāno hi rogaśabdo doṣeṣu ca vyādhiṣu ca doṣā hyapi rogaśabdamātaṅkaśabdaṃ yakṣmaśabdaṃ doṣaprakṛtiśabdaṃ vikāraśabdaṃ ca labhante vyādhayaśca rogaśabdam ātaṅkaśabdaṃ yakṣmaśabdaṃ doṣaprakṛtiśabdaṃ vikāraśabdaṃ ca labhante śabdam→rogaśabdamātaṅkaśabdaṃ +yakṣma
ḥ atas → ḥ 'taḥ	visarga	1	0.0	iti vyādhitarūpādhikāre vyādhitarūpasaṃkhyāgrasaṃbhavaṃ vyādhitarūpahetuvipratipattau kāraṇaṃ sāpavādaṃ saṃpratipattikāraṇaṃ cānapavādaṃ niśamya bhagavantamātreyamagniveśo 'taḥ paraṃ sarvakrimīṇāṃ purīṣasaṃśrayāṇāṃ samutthānasthānasaṃsthānavarṇanāmaprabhāvacikitsitaviśeṣān papracchopasaṃgṛhya pādau agniveśaḥ+'taḥ
atas p → 'taḥ p	consonant / other	1	0.0	iti vyādhitarūpādhikāre vyādhitarūpasaṃkhyāgrasaṃbhavaṃ vyādhitarūpahetuvipratipattau kāraṇaṃ sāpavādaṃ saṃpratipattikāraṇaṃ cānapavādaṃ niśamya bhagavantamātreyamagniveśo 'taḥ paraṃ sarvakrimīṇāṃ purīṣasaṃśrayāṇāṃ samutthānasthānasaṃsthānavarṇanāmaprabhāvacikitsitaviśeṣān papracchopasaṃgṛhya pādau 'taḥ+paraṃ
dumbarāḥ j → ḍumbarā j	visarga	1	0.0	śoṇitajānāṃ tu khalu kuṣṭhaiḥ samānaṃ samutthānaṃ sthānaṃ raktavāhinyo dhamanyaḥ saṃsthānamaṇavo vṛttāścāpādāśca sūkṣmatvāccaike bhavanty adṛśyāḥ varṇaḥ tāmraḥ nāmāni keśādā lomādā lomadvīpāḥ saurasā auḍumbarā jantumātaraśceti prabhāvaḥ keśaśmaśrunakhalomapakṣmāpadhvaṃsaḥ vraṇagatānāṃ ca harṣakaṇḍūtodasaṃsarpaṇāni ativṛddhānāṃ ca tvaksirāsnāyumāṃsataruṇāsthibhakṣaṇamiti cikitsitamapyeṣāṃ kuṣṭhaiḥ samānaṃ taduttarakālamupadekṣyāmaḥ auḍumbarā+jantumātāraḥ
ḥ _ → ḥ kaṇḍūṃ	visarga	1	0.0	purīṣajāstulyasamutthānāḥ śleṣmajaiḥ teṣāṃ sthānaṃ pakvāśayaḥ te pravardhamānāstvadho visarpanti yasya punarāmāśayābhimukhāḥ syuryadantaraṃ tadantaraṃ tasyodgāraniḥśvāsāḥ purīṣagandhinaḥ syuḥ saṃsthānavarṇaviśeṣāstu sūkṣmavṛttaparīṇāhāḥ śvetā dīrghā ūrṇāṃśusaṃkāśāḥ kecit kecit punaḥ sthūlavṛttaparīṇāhāḥ śyāvanīlaharitapītāḥ teṣāṃ nāmāni kakerukāḥ makerukāḥ lelihāḥ saśūlakāḥ sausurādāśceti prabhāvaḥ purīṣabhedaḥ kārśyaṃ pāruṣyaṃ lomaharṣābhinirvartanaṃ ca ta eva cāsya gudamukhaṃ paritudantaḥ kaṇḍūṃ copajanayanto gudamukhaṃ paryāsate ta eva jātaharṣā gudaniṣkramaṇamativelaṃ kurvanti ityeṣa śleṣmajānāṃ purīṣajānāṃ ca krimīṇāṃ samutthānādiviśeṣaḥ paritudantaḥ+kaṇḍūṃ
au s → yāṃ s	anusvāra / nasal	1	0.0	atha vyuṣṭāyāṃ rātryāṃ sukhoṣitaṃ suprajīrṇabhaktaṃ ca vijñāyāsthāpanavamanavirecanais tadahar evopapādayed upapādanīyaścet syāt sarvān parīkṣyaviśeṣān parīkṣya samyak rātryāṃ+sukha
a v → a b	consonant / other	1	0.0	athāhareti brūyāt mūlakasarṣapalaśunakarañjaśigrumadhuśigrukharapuṣpābhūstṛṇasumukhasurasakuṭherakagaṇḍīrakālamālakaparṇāsakṣavakaphaṇijjhakāni sarvāṇyathavā yathālābhaṃ tānyāhṛtānyabhisamīkṣya khaṇḍaśaśchedayitvā prakṣālya pānīyena suprakṣālitāyāṃ sthālyāṃ samāvāpya gomūtreṇārdhodakenābhiṣicya sādhayet satatamavaghaṭṭayan darvyā tamupayuktabhūyiṣṭhe 'mbhasi gataraseṣvauṣadheṣu sthālīmavatārya suparipūtaṃ kaṣāyaṃ sukhoṣṇaṃ madanaphalapippalīviḍaṅgakalkatailopahitaṃ svarjikālavaṇitamabhyāsicya bastau vidhivadāsthāpayedenaṃ tathārkālarkakuṭajāḍhakīkuṣṭhakaiḍaryakaṣāyeṇa vā tathā śigrupīlukustumburukaṭukāsarṣapakaṣāyeṇa tathā āmalakaśṛṅgaveradāruharidrāpicumardakaṣāyeṇa madanaphalādisaṃyogasampāditena trivāraṃ saptarātraṃ vāsthāpayet abhyāsicya+bastau
e v → e b	consonant / other	1	0.0	pratyāgate ca paścime bastau pratyāśvastaṃ tadaharevobhayatobhāgaharaṃ saṃśodhanaṃ pāyayedyuktyā tasya vidhir upadekṣyate madanaphalapippalīkaṣāyasyārdhāñjalimātreṇa trivṛtkalkākṣamātramāloḍya pātum asmai prayacchet tadasya doṣamubhayato nirharati sādhu evameva kalpoktāni vamanavirecanāni pratisaṃsṛjya pāyayedenaṃ buddhyā sarvaviśeṣānavekṣamāṇo bhiṣak paścime+bastau
k → meva k	consonant / other	1	0.0	pratyāgate ca paścime bastau pratyāśvastaṃ tadaharevobhayatobhāgaharaṃ saṃśodhanaṃ pāyayedyuktyā tasya vidhir upadekṣyate madanaphalapippalīkaṣāyasyārdhāñjalimātreṇa trivṛtkalkākṣamātramāloḍya pātum asmai prayacchet tadasya doṣamubhayato nirharati sādhu evameva kalpoktāni vamanavirecanāni pratisaṃsṛjya pāyayedenaṃ buddhyā sarvaviśeṣānavekṣamāṇo bhiṣak eva→evameva +kalpa
p → thairmūtrakṣārairvā p	consonant / other	1	0.0	tenaiva ca kaṣāyeṇa bāhyābhyantarān sarvodakārthān kārayecchaśvat tadabhāve kaṭutiktakaṣāyāṇāmauṣadhānāṃ kvāthairmūtrakṣārairvā pariṣecayet vā→kvāthairmūtrakṣārairvā +pariṣecayet
e k → asmin k	consonant / other	1	0.0	anena kalpena mārkavārkasahacaranīpanirguṇḍīsumukhasurasakuṭherakagaṇḍīrakālamālakaparṇāsakṣavakaphaṇijjhakabakulakuṭajasuvarṇakṣīrīsvarasānām anyatamasmin kārayet pūpalikāḥ tathā kiṇihīkirātatiktakasuvahāmalakaharītakībibhītakasvaraseṣu kārayet pūpalikāḥ svarasāṃścaiteṣāmekaikaśo dvaṃdvaśaḥ sarvaśo vā madhuvilulitān prātaranannāya pātuṃ prayacchet anyatamasmin+kārayet
m k → tastaṃ k	anusvāra / nasal	1	0.0	tathā bhallātakāsthīnyāhṛtya kalaśapramāṇena cāpothya snehabhāvite dṛḍhe kalaśe sūkṣmānekacchidrabradhne śarīram upaveṣṭya mṛdāvalipte samāvāpyoḍupena pidhāya bhūmāvākaṇṭhaṃ nikhātasya snehabhāvitasyaivānyasya dṛḍhasya kumbhasyopari samāropya samantādgomayairupacitya dāhayet sa yadā jānīyāt sādhu dagdhāni gomayāni vigatasnehāni ca bhallātakāsthīnīti tatastaṃ kumbhamuddharet tam→tatastaṃ +kumbham
mbhāram v → ṃbhāraṃ v	anusvāra / nasal	1	0.0	etaṃ saṃbhāraṃ viḍaṅgakaṣāyasyārdhāḍhakamātreṇa pratisaṃsṛjya tattailaprasthaṃ samāvāpya sarvamāloḍya mahati paryoge samāsicyāgnāvadhiśrityāsane samāsicyāgnāvadhiśrityāsane sukhopaviṣṭaḥ sarvataḥ snehamavalokayannajasraṃ mṛdvagninā sādhayeddarvyā satatamavaghaṭṭayan saṃbhāraṃ+viḍaṅga
ā s → au s	consonant / other	1	0.0	vyādhitau puruṣau jñājñau bhiṣajau saprayojanau bhiṣajau+sa
d → redagnivacca d	consonant / other	1	0.0	tamupasṛtyārirādhayiṣurupacaredagnivacca devavacca rājavacca pitṛvacca bhartṛvaccāpramattaḥ ca→tamupasṛtyārirādhayiṣurupacaredagnivacca +deva
r k → ṣ k	consonant / other	1	0.0	tamupasthitamājñāya same śucau deśe prākpravaṇe udakpravaṇe vā catuṣkiṣkumātraṃ caturasraṃ sthaṇḍilaṃ gomayodakenopaliptaṃ kuśāstīrṇaṃ suparihitaṃ paridhibhiścaturdiśaṃ yathoktacandanodakumbhakṣaumahemahiraṇyarajatamaṇimuktāvidrumālaṃkṛtaṃ medhyabhakṣyagandhaśuklapuṣpalājasarṣapākṣatopaśobhitaṃ kṛtvā tatra pālāśībhir aiṅgudībhir audumbarībhir mādhukībhir vā samidbhiragnimupasamādhāya prāṅmukhaḥ śuciradhyayanavidhimanuvidhāya madhusarpirbhyāṃ tristrir juhuyād agnim āśīḥsamprayuktair mantrair brahmāṇamagniṃ dhanvantariṃ prajāpatimaśvināvindramṛṣīṃśca sūtrakārānabhimantrayamāṇaḥ pūrvaṃ svāheti catur+kiṣku→catuṣkiṣkumātraṃ
j → trir j	consonant / other	1	0.0	tamupasthitamājñāya same śucau deśe prākpravaṇe udakpravaṇe vā catuṣkiṣkumātraṃ caturasraṃ sthaṇḍilaṃ gomayodakenopaliptaṃ kuśāstīrṇaṃ suparihitaṃ paridhibhiścaturdiśaṃ yathoktacandanodakumbhakṣaumahemahiraṇyarajatamaṇimuktāvidrumālaṃkṛtaṃ medhyabhakṣyagandhaśuklapuṣpalājasarṣapākṣatopaśobhitaṃ kṛtvā tatra pālāśībhir aiṅgudībhir audumbarībhir mādhukībhir vā samidbhiragnimupasamādhāya prāṅmukhaḥ śuciradhyayanavidhimanuvidhāya madhusarpirbhyāṃ tristrir juhuyād agnim āśīḥsamprayuktair mantrair brahmāṇamagniṃ dhanvantariṃ prajāpatimaśvināvindramṛṣīṃśca sūtrakārānabhimantrayamāṇaḥ pūrvaṃ svāheti tris→tristrir +juhuyād
ī s → īḥ s	consonant / other	1	0.0	tamupasthitamājñāya same śucau deśe prākpravaṇe udakpravaṇe vā catuṣkiṣkumātraṃ caturasraṃ sthaṇḍilaṃ gomayodakenopaliptaṃ kuśāstīrṇaṃ suparihitaṃ paridhibhiścaturdiśaṃ yathoktacandanodakumbhakṣaumahemahiraṇyarajatamaṇimuktāvidrumālaṃkṛtaṃ medhyabhakṣyagandhaśuklapuṣpalājasarṣapākṣatopaśobhitaṃ kṛtvā tatra pālāśībhir aiṅgudībhir audumbarībhir mādhukībhir vā samidbhiragnimupasamādhāya prāṅmukhaḥ śuciradhyayanavidhimanuvidhāya madhusarpirbhyāṃ tristrir juhuyād agnim āśīḥsamprayuktair mantrair brahmāṇamagniṃ dhanvantariṃ prajāpatimaśvināvindramṛṣīṃśca sūtrakārānabhimantrayamāṇaḥ pūrvaṃ svāheti āśī+samprayuktaiḥ→āśīḥsamprayuktair
y → arthasiddhiṃ y	anusvāra / nasal	1	0.0	athainamagnisakāśe brāhmaṇasakāśe bhiṣaksakāśe cānuśiṣyād brahmacāriṇā śmaśrudhāriṇā satyavādināmāṃsādena medhyasevinā nirmatsareṇāśastradhāriṇā ca bhavitavyaṃ na ca te madvacanāt kiṃcid akāryaṃ syādanyatra rājadviṣṭāt prāṇaharād vipulād adharmyād anarthasamprayuktād vāpyarthāt madarpaṇena matpradhānena madadhīnena matpriyahitānuvartinā ca śaśvadbhavitavyaṃ putravad dāsavad arthivaccopacaratānuvastavyo 'ham anutsekenāvahitenānanyamanasā vinītenāvekṣyāvekṣyakāriṇānasūyakena cābhyanujñātena pravicaritavyam anujñātena pravicaratā pūrvaṃ gurvarthopāharaṇe yathāśakti prayatitavyaṃ karmasiddhimarthasiddhiṃ yaśolābhaṃ pretya ca svargamicchatā bhiṣajā tvayā gobrāhmaṇamādau kṛtvā sarvaprāṇabhṛtāṃ śarmāśāsitavyamaharaharuttiṣṭhatā copaviśatā ca sarvātmanā cāturāṇāmārohyāya prayatitavyaṃ jīvitahetorapi cāturebhyo nābhidrogdhavyaṃ manasāpi ca parastriyo nābhigamanīyāstathā sarvameva parasvaṃ nibhṛtaveśaparicchadena bhavitavyam aśauṇḍenāpāpenāpāpasahāyena ca ślakṣṇaśukladharmyaśarmyadhanyasatyahitamitavacasā deśakālavicāriṇā smṛtimatā jñānotthānopakaraṇasampatsu nityaṃ yatnavatā ca na ca kadācidrājadviṣṭānāṃ rājadveṣiṇāṃ vā mahājanadviṣṭānāṃ mahājanadveṣiṇāṃ vāpyauṣadham anuvidhātavyaṃ tathā sarveṣām atyarthanikṛtaduṣṭaduḥkhaśīlācāropacārāṇām anapavādapratikārāṇāṃ mumūrṣūṇāṃ ca tathaivāsannihiteśvarāṇāṃ strīṇāmanadhyakṣāṇāṃ vā na ca kadācit strīdattamāmiṣamādātavyamananujñātaṃ bhartrāthavādhyakṣeṇa āturakulaṃ cānupraviśatā viditenānumatapraveśinā sārdhaṃ puruṣeṇa susaṃvītenāvākśirasā smṛtimatā stimitenāvekṣyāvekṣya manasā sarvamācaratā samyaganupraveṣṭavyam anupraviśya ca vāṅmanobuddhīndriyāṇi na kvacit praṇidhātavyānyanyatrāturād āturopakārārthād āturagateṣvanyeṣu vā bhāveṣu na cāturakulapravṛttayo bahirniścārayitavyāḥ hrasitaṃ cāyuṣaḥ pramāṇamāturasya jānatāpi tvayā na varṇayitavyaṃ tatra yatrocyamānam āturasyānyasya vāpyupaghātāya sampadyate jñānavatāpi ca nātyarthamātmano jñāne vikatthitavyam āptādapi hi vikatthamānād atyartham udvijantyaneke siddhim→karmasiddhimarthasiddhiṃ +yaśas
j bh → k bh	consonant / other	1	0.0	saṃbhāṣāvidhimata ūrdhvaṃ vyākhyāsyāmaḥ bhiṣak bhiṣajā saha sambhāṣeta bhiṣak+bhiṣajā
ā bh → ī bh	consonant / other	1	0.0	tadvidyasaṃbhāṣā hi jñānābhiyogasaṃharṣakarī bhavati vaiśāradyamapi cābhinirvartayati vacanaśaktimapi cādhatte yaśaścābhidīpayati pūrvaśrute ca saṃdehavataḥ punaḥ śravaṇācchrutasaṃśayamapakarṣati śrute cāsaṃdehavato bhūyo 'dhyavasāyamabhinirvartayati aśrutamapi ca kaṃcid arthaṃ śrotraviṣayamāpādayati yaccācāryaḥ śiṣyāya śuśrūṣave prasannaḥ krameṇopadiśati guhyābhimatam arthajātaṃ tat paraspareṇa saha jalpan piṇḍena vijigīṣurāha saṃharṣāt tasmāttadvidyasaṃbhāṣāmabhipraśaṃsanti kuśalāḥ karā→jñānābhiyogasaṃharṣakarī +bhavati
mbhāṣāyām j → ṃbhāṣāyāṃ j	anusvāra / nasal	1	0.0	ata ūrdhvamitareṇa saha vigṛhya saṃbhāṣāyāṃ jalpecchreyasā yogamātmanaḥ paśyan saṃbhāṣāyāṃ+jalpet
t → ivātmanaśca t	consonant / other	1	0.0	etān guṇān gurulāghavataḥ parasya caivātmanaśca tulayet ca→caivātmanaśca +tulayet
n → aḥ n	consonant / other	1	0.0	tatra trividhaḥ paraḥ sampadyate pravaraḥ pratyavaraḥ samo vā guṇavinikṣepataḥ natveva kārtsnyena vinikṣepāt→guṇavinikṣepataḥ +na
iḥ a → Ø a	visarga	1	0.0	yathānityaḥ puruṣa iti pratijñā hetuḥ aindriyakatvāditi dṛṣṭāntaḥ yathā ghaṭa iti upanayo yathā ghaṭa aindriyakaḥ sa cānityaḥ tathā cāyamiti nigamanaṃ tasmādanitya iti ghaṭa+aindriyakaḥ
m s → a s	anusvāra / nasal	1	0.0	atha siddhāntaḥ siddhānto nāma sa yaḥ parīkṣakairbahuvidhaṃ parīkṣya hetubhiśca sādhayitvā sthāpyate nirṇayaḥ nāma+sa
r → u r	consonant / other	1	0.0	pratitantrasiddhānto nāma tasmiṃstasminnekaikasmiṃstantre tattat prasiddhaṃ yathānyatrāṣṭau rasāḥ ṣaḍatra pañcendriyāṇyatra ṣaḍindriyāṇyanyatra tantre vātādikṛtāḥ sarve vikārā yathānyatra atra vātādikṛtā bhūtakṛtāśca prasiddhāḥ aṣṭa→yathānyatrāṣṭau +rasāḥ
a → turvidhaḥdṛṣṭārthaśca a	vowel coalescence	1	0.0	atha śabdaḥ śabdo nāma varṇasamāmnāyaḥ sa caturvidhaḥdṛṣṭārthaśca adṛṣṭārthaśca satyaśca anṛtaśceti ca→caturvidhaḥdṛṣṭārthaśca +adṛṣṭa
n → aitihyaṃ n	anusvāra / nasal	1	0.0	athaitihyamaitihyaṃ nāmāptopadeśo vedādiḥ aitihyam→athaitihyamaitihyaṃ +nāma
n → aupamyaṃ n	anusvāra / nasal	1	0.0	athaupamyamaupamyaṃ nāma yadanyenānyasya sādṛśyamadhikṛtya prakāśanaṃ yathā daṇḍena daṇḍakasya dhanuṣā dhanuḥstambhasya iṣvāsenārogyadasyeti aupamyam→athaupamyamaupamyaṃ +nāma
ayam v → 'yaṃ v	anusvāra / nasal	1	0.0	sāmānyato vyāhṛteṣvartheṣu vā viśeṣagrahaṇārthaṃ yadvākyaṃ tadapyanuyojyaṃ yathā saṃśodhanasādhyo 'yaṃ vyādhiḥ ityukte kiṃ vamanasādhyo 'yaṃ kiṃvā virecanasādhyaḥ ityanuyujyate 'yaṃ+vyādhiḥ
g → o g	consonant / other	1	0.0	athānarthakam anarthakaṃ nāma yadvacanamakṣaragrāmamātrameva syāt pañcavargavanna cārthato gṛhyate arthāt→cārthato +gṛhyate
_ bh → tatrāyurvaidikasamayaścatuṣpādaṃ bh	anusvāra / nasal	1	0.0	atha viruddhaṃ viruddhaṃ nāma yaddṛṣṭāntasiddhāntasamayairviruddhaṃ tatra pūrvaṃ dṛṣṭāntasiddhāntāvuktau samayaḥ punastridhā bhavati yathāyurvaidikasamayaḥ yājñikasamayaḥ mokṣaśāstrikasamayaśceti tatrāyurvaidikasamayaścatuṣpādaṃ bheṣajamiti yājñikasamayaḥ ālabhyā yajamānaiḥ paśava iti mokṣaśāstrikasamayaḥ sarvabhūteṣvahiṃseti tatra svasamayaviparītamucyamānaṃ viruddhaṃ bhavati _→tatrāyurvaidikasamayaścatuṣpādaṃ +bheṣajam
ayam bh → 'yaṃ bh	anusvāra / nasal	1	0.0	tatra vākchalaṃ nāma yathā kaścid brūyānnavatantro 'yaṃ bhiṣagiti atha bhiṣag brūyānnāhaṃ navatantra ekatantro 'hamiti paro brūyānnāhaṃ bravīmi nava tantrāṇi taveti api tu navābhyastaṃ te tantramiti bhiṣak brūyānna mayā navābhyastaṃ tantram anekadhābhyastaṃ mayā tantramiti etadvākchalam 'yaṃ+bhiṣaj
j b → k b	consonant / other	1	0.0	tatra vākchalaṃ nāma yathā kaścid brūyānnavatantro 'yaṃ bhiṣagiti atha bhiṣag brūyānnāhaṃ navatantra ekatantro 'hamiti paro brūyānnāhaṃ bravīmi nava tantrāṇi taveti api tu navābhyastaṃ te tantramiti bhiṣak brūyānna mayā navābhyastaṃ tantram anekadhābhyastaṃ mayā tantramiti etadvākchalam bhiṣak+brūyāt
e i → ave	vowel coalescence	1	0.0	tatra vākchalaṃ nāma yathā kaścid brūyānnavatantro 'yaṃ bhiṣagiti atha bhiṣag brūyānnāhaṃ navatantra ekatantro 'hamiti paro brūyānnāhaṃ bravīmi nava tantrāṇi taveti api tu navābhyastaṃ te tantramiti bhiṣak brūyānna mayā navābhyastaṃ tantram anekadhābhyastaṃ mayā tantramiti etadvākchalam te+iti→taveti
e aparam → e 'paraṃ	anusvāra / nasal	1	0.0	athārthāntaramarthāntaraṃ nāmaikasmin vaktavye 'paraṃ yadāha vaktavye+'paraṃ
aparam y → 'paraṃ y	anusvāra / nasal	1	0.0	athārthāntaramarthāntaraṃ nāmaikasmin vaktavye 'paraṃ yadāha 'paraṃ+yat
ā kh → ni kh	consonant / other	1	0.0	imāni khalu tāvadiha kānicit prakaraṇāni bhiṣajāṃ jñānārthamupadekṣyāmaḥ imāni+khalu
m t → a t	anusvāra / nasal	1	0.0	tatra kāraṇaṃ nāma tad yat karoti sa eva hetuḥ sa kartā nāma+tad
j _ → g _	consonant / other	1	0.0	tatra cedbhiṣag abhiṣagvā bhiṣajaṃ kaścidevaṃ khalu pṛcchedvamanavirecanāsthāpanānuvāsanaśirovirecanāni prayoktukāmena bhiṣajā katividhayā parīkṣayā katividhameva parīkṣyaṃ kaścātra parīkṣyaviśeṣaḥ kathaṃ ca parīkṣitavyaḥ kiṃprayojanā ca parīkṣā kva ca vamanādīnāṃ pravṛttiḥ kva ca nivṛttiḥ pravṛttinivṛttilakṣaṇasaṃyoge ca kiṃ naiṣṭhikaṃ kāni ca vamanādīnāṃ bheṣajadravyāṇyupayogaṃ gacchantīti bhiṣaj→cedbhiṣag +_
j g → g g	consonant / other	1	0.0	sa ca sarvadhātusāmyaṃ cikīrṣannātmānamevāditaḥ parīkṣeta guṇiṣu guṇataḥ kāryābhinirvṛttiṃ paśyan kaccidahamasya kāryasyābhinirvartane samartho na veti tatreme bhiṣagguṇā yairupapanno bhiṣagdhātusāmyābhinirvartane samartho bhavati tad yathā paryavadātaśrutatā paridṛṣṭakarmatā dākṣyaṃ śaucaṃ jitahastatā upakaraṇavattā sarvendriyopapannatā prakṛtijñatā pratipattijñatā ceti bhiṣaj+guṇāḥ→bhiṣagguṇā
j dh → g dh	consonant / other	1	0.0	sa ca sarvadhātusāmyaṃ cikīrṣannātmānamevāditaḥ parīkṣeta guṇiṣu guṇataḥ kāryābhinirvṛttiṃ paśyan kaccidahamasya kāryasyābhinirvartane samartho na veti tatreme bhiṣagguṇā yairupapanno bhiṣagdhātusāmyābhinirvartane samartho bhavati tad yathā paryavadātaśrutatā paridṛṣṭakarmatā dākṣyaṃ śaucaṃ jitahastatā upakaraṇavattā sarvendriyopapannatā prakṛtijñatā pratipattijñatā ceti bhiṣaj+dhātu→bhiṣagdhātusāmyābhinirvartane
m k → thāyaṃ k	anusvāra / nasal	1	0.0	tad yathāyaṃ kasmin bhūmideśe jātaḥ saṃvṛddho vyādhito vā tasmiṃśca bhūmideśe manuṣyāṇāmidamāhārajātam idaṃ vihārajātam idamācārajātam etāvacca balam evaṃvidhaṃ sattvam evaṃvidhaṃ sātmyam evaṃvidho doṣaḥ bhaktiriyam ime vyādhayaḥ hitamidam ahitamidamiti prāyograhaṇena ayam→yathāyaṃ +kasmin
kh → rastu kh	consonant / other	1	0.0	āturastu khalu kāryadeśaḥ tu→āturastu +khalu
āḥ a → yo '	visarga	1	0.0	etaccaiva kāraṇamapekṣamāṇā hīnabalam āturam aviṣādakarair mṛdusukumāraprāyair uttarottaragurubhir avibhramair anātyayikaiścopacarantyauṣadhaiḥ viśeṣataśca nārīḥ tā hyanavasthitamṛduvivṛtaviklavahṛdayāḥ prāyaḥ sukumāryo 'balāḥ parasaṃstabhyāśca sukumāryo+'balāḥ
d v → t v	consonant / other	1	0.0	tasmācchleṣmalāḥ prakṛtyā kecit pittalāḥ kecit vātalāḥ kecit saṃsṛṣṭāḥ kecit samadhātavaḥ kecidbhavanti kecit+vātalāḥ
a dh → ā dh	consonant / other	1	0.0	tasya snehācchleṣmalāḥ snigdhāṅgāḥ ślakṣṇatvācchlakṣṇāṅgāḥ mṛdutvāddṛṣṭisukhasukumārāvadātagātrāḥ mādhuryāt prabhūtaśukravyavāyāpatyāḥ sāratvāt sārasaṃhatasthiraśarīrāḥ sāndratvād upacitaparipūrṇasarvāṅgāḥ mandatvān mandaceṣṭāhāravyāhārāḥ staimityād aśīghrārambhakṣobhavikārāḥ gurutvāt sārādhiṣṭhitāvasthitagatayaḥ śaityādalpakṣuttṛṣṇāsaṃtāpasvedadoṣāḥ vijjalatvāt suśliṣṭasārasandhibandhanāḥ tathācchatvāt prasannadarśanānanāḥ prasannasnigdhavarṇasvarāśca bhavanti sāra+dhiṣṭhita→sārādhiṣṭhitāvasthitagatayaḥ
naḥ a → ṇo a	visarga	1	0.0	tasya raukṣyādvātalā rūkṣāpacitālpaśarīrāḥ pratatarūkṣakṣāmasannasaktajarjarasvarā jāgarūkāśca bhavanti laghutvāl laghucapalagaticeṣṭāhāravyāhārāḥ calatvād anavasthitasandhyakṣibhrūhanvoṣṭhajihvāśiraḥskandhapāṇipādāḥ bahutvād bahupralāpakaṇḍarāsirāpratānāḥ śīghratvācchīghrasamārambhakṣobhavikārāḥ śīghratrāsarāgavirāgāḥ śrutagrāhiṇo 'lpasmṛtayaśca śaityācchītāsahiṣṇavaḥ pratataśītakodvepakastambhāḥ pāruṣyāt paruṣakeśaśmaśruromanakhadaśanavadanapāṇipādāḥ vaiśadyāt sphuṭitāṅgāvayavāḥ satatasandhiśabdagāminaśca bhavanti ta evaṃ guṇayogādvātalāḥ prāyeṇālpabalāś cālpāyuṣaś cālpāpatyāś cālpasādhanāś cālpadhanāśca bhavanti grāhinaḥ→śrutagrāhiṇo +alpa
c t → k t	consonant / other	1	0.0	tatra snigdhaślakṣṇamṛduprasannasūkṣmālpagambhīrasukumāralomā saprabheva ca tvak tvaksārāṇām tvak+tvac
ś → śca ś	consonant / other	1	0.0	saumyāḥ saumyaprekṣiṇaḥ kṣīrapūrṇalocanā iva praharṣabahulāḥ snigdhavṛttasārasamasaṃhataśikharadaśanāḥ prasannasnigdhavarṇasvarā bhrājiṣṇavo mahāsphicaśca śukrasārāḥ ca→mahāsphicaśca +śukra
ayam m → 'yaṃ m	anusvāra / nasal	1	0.0	kathaṃ nu śarīramātradarśanādeva bhiṣaṅmuhyed ayam upacitatvād balavān ayamalpabalaḥ kṛśatvāt mahābalo 'yaṃ mahāśarīratvāt ayamalpaśarīratvādalpabala iti dṛśyante hyalpaśarīrāḥ kṛśāścaike balavantaḥ tatra pipīlikābhāraharaṇavat siddhiḥ 'yaṃ+mahā
iḥ d → ī d	visarga	1	0.0	tatra pādau catvāri ṣaṭ caturdaśāṅgulāni jaṅghe tvaṣṭādaśāṅgule ṣoḍaśāṅgulaparikṣepe ca jānunī caturaṅgule ṣoḍaśāṅgulaparikṣepe triṃśadaṅgulaparikṣepāvaṣṭādaśāṅgulāvūru ṣaḍaṅguladīrghau vṛṣaṇāvaṣṭāṅgulapariṇāhau śephaḥ ṣaḍaṅguladīrghaṃ pañcāṅgulapariṇāhaṃ dvādaśāṅgulipariṇāho bhagaḥ ṣoḍaśāṅgulavistārā kaṭī daśāṅgulaṃ vastiśiraḥ daśāṅgulavistāraṃ dvādaśāṅgulamudaraṃ daśāṅgulavistīrṇe dvādaśāṅgulāyāme pārśve dvādaśāṅgulaṃ stanāntaraṃ dvyaṅgulaṃ stanaparyantaṃ caturviṃśatyaṅgulaviśālaṃ dvādaśāṅgulotsedhamuraḥ dvyaṅgulaṃ hṛdayam aṣṭāṅgulau skandhau ṣaḍaṅgulāvaṃsau ṣoḍaśāṅgulau prabāhū pañcadaśāṅgulau prapāṇī hastau dvādaśāṅgulau kakṣāvaṣṭāṅgulau trikaṃ dvādaśāṅgulotsedham aṣṭādaśāṅgulotsedhaṃ pṛṣṭhaṃ caturaṅgulotsedhā dvāviṃśatyaṅgulapariṇāhā śirodharā dvādaśāṅgulotsedhaṃ caturviṃśatyaṅgulapariṇāhamānanaṃ pañcāṅgulamāsyaṃ cibukauṣṭhakarṇākṣimadhyanāsikālalāṭaṃ caturaṅgulaṃ ṣoḍaśāṅgulotsedhaṃ dvātriṃśadaṅgulapariṇāhaṃ śiraḥ iti pṛthaktvenāṅgāvayavānāṃ mānamuktam kaṭī+daśa
o ṣ → u ṣ	consonant / other	1	0.0	tatra pādau catvāri ṣaṭ caturdaśāṅgulāni jaṅghe tvaṣṭādaśāṅgule ṣoḍaśāṅgulaparikṣepe ca jānunī caturaṅgule ṣoḍaśāṅgulaparikṣepe triṃśadaṅgulaparikṣepāvaṣṭādaśāṅgulāvūru ṣaḍaṅguladīrghau vṛṣaṇāvaṣṭāṅgulapariṇāhau śephaḥ ṣaḍaṅguladīrghaṃ pañcāṅgulapariṇāhaṃ dvādaśāṅgulipariṇāho bhagaḥ ṣoḍaśāṅgulavistārā kaṭī daśāṅgulaṃ vastiśiraḥ daśāṅgulavistāraṃ dvādaśāṅgulamudaraṃ daśāṅgulavistīrṇe dvādaśāṅgulāyāme pārśve dvādaśāṅgulaṃ stanāntaraṃ dvyaṅgulaṃ stanaparyantaṃ caturviṃśatyaṅgulaviśālaṃ dvādaśāṅgulotsedhamuraḥ dvyaṅgulaṃ hṛdayam aṣṭāṅgulau skandhau ṣaḍaṅgulāvaṃsau ṣoḍaśāṅgulau prabāhū pañcadaśāṅgulau prapāṇī hastau dvādaśāṅgulau kakṣāvaṣṭāṅgulau trikaṃ dvādaśāṅgulotsedham aṣṭādaśāṅgulotsedhaṃ pṛṣṭhaṃ caturaṅgulotsedhā dvāviṃśatyaṅgulapariṇāhā śirodharā dvādaśāṅgulotsedhaṃ caturviṃśatyaṅgulapariṇāhamānanaṃ pañcāṅgulamāsyaṃ cibukauṣṭhakarṇākṣimadhyanāsikālalāṭaṃ caturaṅgulaṃ ṣoḍaśāṅgulotsedhaṃ dvātriṃśadaṅgulapariṇāhaṃ śiraḥ iti pṛthaktvenāṅgāvayavānāṃ mānamuktam ūro→triṃśadaṅgulaparikṣepāvaṣṭādaśāṅgulāvūru +ṣaṣ
bh → o bh	consonant / other	1	0.0	tatra ye ghṛtakṣīratailamāṃsarasasātmyāḥ sarvarasasātmyāśca te balavantaḥ kleśasahāścirajīvinaśca bhavanti rūkṣasātmyāḥ punarekarasasātmyāśca ye te prāyeṇālpabalā alpakleśasahā alpāyuṣo 'lpasādhanāśca bhavanti vyāmiśrasātmyāstu ye te madhyabalāḥ sātmyanimittato bhavanti nimittāt→sātmyanimittato +bhavanti
ṣ v → ṭ v	consonant / other	1	0.0	evamete saṃśodhanamadhikṛtya ṣaṭ vibhajyante ṛtavaḥ ṣaṭ+vibhajyante
d d → t d	consonant / other	1	0.0	tasya lakṣaṇaṃ bhiṣagādīnāṃ yathoktaguṇasaṃpat deśakālapramāṇasātmyakriyādibhiśca siddhikāraṇaiḥ samyagupapāditasyauṣadhasyāvacāraṇamiti saṃpad→yathoktaguṇasaṃpat +deśa
y → vyacitrakaśṛṅgaverasarṣapaphāṇitakṣīrakṣāralavaṇodakaiśca y	consonant / other	1	0.0	tadyathā phalajīmūtakekṣvākudhāmārgavakuṭajakṛtavedhanaphalāni phalajīmūtakekṣvākudhāmārgavapatrapuṣpāṇi āragvadhavṛkṣakamadanasvādukaṇṭakāpāṭhāpāṭalāśārṅgeṣṭāmūrvāsaptaparṇanaktamālapicumardapaṭolasuṣavīguḍūcīcitrakasomavalkaśatāvarīdvīpīśigrumūlakaṣāyaiḥ madhukamadhūkakovidārakarbudāranīpavidulabimbīśaṇapuṣpīsadāpuṣpāpratyakpuṣpākaṣāyaiśca elāhareṇupriyaṅgupṛthvīkākustumburutagaranaladahrīveratālīśośīrakaṣāyaiśca ikṣukāṇḍekṣvikṣuvālikādarbhapoṭagalakālaṅkṛtakaṣāyaiśca sumanāsaumanasyāyanīharidrādāruharidrāvṛścīrapunarnavāmahāsahākṣudrasahākaṣāyaiśca śālmaliśālmalikabhadraparṇyelāparṇyupodikoddālakadhanvanarājādanopacitrāgopīśṛṅgāṭikākaṣāyaiśca pippalīpippalīmūlacavyacitrakaśṛṅgaverasarṣapaphāṇitakṣīrakṣāralavaṇodakaiśca yathālābhaṃ yatheṣṭaṃ vāpyupasaṃskṛtya vartikriyācūrṇāvalehasnehakaṣāyamāṃsarasayavāgūyūṣakāmbalikakṣīropadheyān modakān anyāṃśca bhakṣyaprakārān vividhānanuvidhāya yathārhaṃ vamanārhāya dadyādvidhivadvamanam ca→pippalīpippalīmūlacavyacitrakaśṛṅgaverasarṣapaphāṇitakṣīrakṣāralavaṇodakaiśca +yathālābhaṃ
_ c → d	consonant / other	1	0.0	virecanadravyāṇi tu śyāmātrivṛccaturaṅgulatilvakamahāvṛkṣasaptalāśaṅkhinīdantīdravantīnāṃ kṣīramūlatvakpatrapuṣpaphalāni yathāyogaṃ taistaiḥ kṣīramūlatvakpatrapuṣpaphalair vikliptāvikliptaiḥ ajagandhāśvagandhājaśṛṅgīkṣīriṇīnīlinīklītakakaṣāyaiśca prakīryodakīryāmasūravidalākampillakaviḍaṅgagavākṣīkaṣāyaiśca pīlupriyālamṛdvīkākāśmaryaparūṣakabadaradāḍimāmalakaharītakībibhītakavṛścīrapunarnavāvidārigandhādikaṣāyaiśca sīdhusurāsauvīrakatuṣodakamaireyamedakamadirāmadhumadhūlakadhānyāmlakuvalabadarakharjūrakarkandhubhiśca dadhidadhimaṇḍodaśvidbhiśca gomahiṣyajāvīnāṃ ca kṣīramūtrairyathālābhaṃ yatheṣṭaṃ vāpyupasaṃskṛtya vartikriyācūrṇāsavalehasnehakaṣāyamāṃsarasayūṣakāmbalikayavāgūkṣīropadheyān modakānanyāṃśca bhakṣyaprakārān vividhāṃśca yogānanuvidhāya yathārhaṃ virecanārhāya dadyādvirecanam _+ca→dadhidadhimaṇḍodaśvidbhiśca
naḥ v → ato v	visarga	1	0.0	āsthāpaneṣu tu bhūyiṣṭhakalpāni dravyāṇi yāni yogamupayānti teṣu teṣvavasthāntareṣvāturāṇāṃ tāni dravyāṇi nāmato vistareṇopadiśyamānānyaparisaṃkhyeyāni syuratibahutvāt iṣṭaścānatisaṃkṣepavistaropadeśastantre iṣṭaṃ ca kevalaṃ jñānaṃ tasmādrasata eva tānyatra vyākhyāsyāmaḥ nāmato+vistareṇa
e → a e	vowel coalescence	1	0.0	āsthāpaneṣu tu bhūyiṣṭhakalpāni dravyāṇi yāni yogamupayānti teṣu teṣvavasthāntareṣvāturāṇāṃ tāni dravyāṇi nāmato vistareṇopadiśyamānānyaparisaṃkhyeyāni syuratibahutvāt iṣṭaścānatisaṃkṣepavistaropadeśastantre iṣṭaṃ ca kevalaṃ jñānaṃ tasmādrasata eva tānyatra vyākhyāsyāmaḥ rasāt→tasmādrasata +eva
ś → yoścaiva ś	consonant / other	1	0.0	āmrāmrātakalakucakaramardavṛkṣāmlāmlavetasakuvalabadaradāḍimamātuluṅgagaṇḍīrāmalakanandītakaśītakatintiṇḍīkadantaśaṭhairāvatakakośāmradhanvanānāṃ phalāni patrāṇi cāmrātakāśmantakacāṅgerīṇāṃ caturvidhānāṃ cāmlikānāṃ dvayośca kolayoścāmaśuṣkayordvayoścaiva śuṣkāmlikayorgrāmyāraṇyayoḥ āsavadravyāṇi ca surāsauvīrakatuṣodakamaireyamedakamadirāmadhuśuktaśīdhudadhidadhimaṇḍodaśviddhānyāmlādīni ca eṣāmevaṃvidhānāmanyeṣāṃ cāmlavargaparisaṃkhyātānāmauṣadhadravyāṇāṃ chedyāni khaṇḍaśaśchedayitvā bhedyāni cāṇuśo bhedayitvā dravaiḥ sthālyāmabhyāsicya sādhayitvopasaṃskṛtya yathāvattailavasāmajjalavaṇaphāṇitopahitaṃ sukhoṣṇaṃ vātavikāriṇe vidhijño vidhivaddadyāt eva→kolayoścāmaśuṣkayordvayoścaiva +śuṣka
e → viṣāpaṭolakulakapāṭhāguḍūcīvetrāgravetasavikaṅkatabakulasomavalkasaptaparṇasumanārkāvalgujavacātagarāguruvālakośīrāṇīti e	vowel coalescence	1	0.0	candananaladakṛtamālanaktamālanimbatumburukuṭajaharidrādāruharidrāmustamūrvākirātatiktakakaṭukarohiṇītrāyamāṇākāravellikākarīrakaravīrakebukakaṭhillakavṛṣamaṇḍūkaparṇīkarkoṭaka vārtākukarkaśakākamācīkākodumbarikāsuṣavyativiṣāpaṭolakulakapāṭhāguḍūcīvetrāgravetasavikaṅkatabakulasomavalkasaptaparṇasumanārkāvalgujavacātagarāguruvālakośīrāṇīti eṣāmevaṃvidhānāṃ cānyeṣāṃ tiktavargaparisaṃkhyātānāmauṣadhadravyāṇāṃ chedyāni khaṇḍaśaśchedayitvā bhedyāni cāṇuśo bhedayitvā prakṣālya pānīyenābhyāsicya sādhayitvopasaṃskṛtya yathāvanmadhutailalavaṇopahitaṃ sukhoṣṇaṃ bastiṃ śleṣmavikāriṇe vidhijño vidhivaddadyāt śītaṃ tu madhusarpirbhyām upasaṃsṛjya pittavikāriṇe vidhijño vidhivaddadyāt iti→vārtākukarkaśakākamācīkākodumbarikāsuṣavyativiṣāpaṭolakulakapāṭhāguḍūcīvetrāgravetasavikaṅkatabakulasomavalkasaptaparṇasumanārkāvalgujavacātagarāguruvālakośīrāṇīti +eṣām
v → dvā v	consonant / other	1	0.0	yathoktaṃ hi mārgamanugacchan bhiṣak saṃsādhayati kāryamanatimahattvādvā vinipātayatyanatihrasvatvād udāharaṇasyeti vā→kāryamanatimahattvādvā +vinipātayati
ś → irna ś	consonant / other	1	0.0	na sajjate paravacanāvamardanairna śakyate paravacanaiśca marditum na→paravacanāvamardanairna +śakyate
m → naiśca m	anusvāra / nasal	1	0.0	na sajjate paravacanāvamardanairna śakyate paravacanaiśca marditum ca→paravacanaiśca +marditum
tyāḥ a → ntyā a	visarga	1	0.0	bhaviṣyantyā asaṃprāptir atītāyā anāgamaḥ bhaviṣyantyā+asaṃprāptir
mpratikāyāḥ a → ṃpratikyā a	visarga	1	0.0	sāṃpratikyā api sthānaṃ nāsty arteḥ saṃśayo hy ataḥ sāṃpratikyā+api
i _ → i yebhyo	consonant / other	1	0.0	pañca karmānumeyāni yebhyo buddhiḥ pravartate anumeyāni+yebhyo
_ b → yebhyo b	consonant / other	1	0.0	pañca karmānumeyāni yebhyo buddhiḥ pravartate yebhyo+buddhiḥ
ḥ a → r ā	visarga	1	0.0	mahābhūtāni khaṃ vāyur agnir āpaḥ kṣitistathā agnir+āpaḥ
k → guṇaścaiva k	consonant / other	1	0.0	pūrvaḥ pūrvaguṇaścaiva kramaśo guṇiṣu smṛtaḥ eva→pūrvaguṇaścaiva +kramaśo
avaḥ v → vyo v	visarga	1	0.0	bhedātkāryendriyārthānāṃ bahvyo vai buddhayaḥ smṛtāḥ bahvyo+vai
k → kraiśca k	consonant / other	1	0.0	kṛtaṃ mṛddaṇḍacakraiśca kumbhakārādṛte ghaṭam ca→mṛddaṇḍacakraiśca +kumbhakārāt
s → kṣṇā s	consonant / other	1	0.0	dṛṣṭasya dakṣiṇenākṣṇā savyenāvagamastathā akṣiṇā→dakṣiṇenākṣṇā +savyena
as v → māto v	consonant / other	1	0.0	sarvāḥ sarvāśrayasthāstu nātmāto vetti vedanāḥ atas→nātmāto +vetti
m y → Ø y	anusvāra / nasal	1	0.0	āpastāḥ punarāgurmā yābhiḥ śasyaṃ purā hatam mām→punarāgurmā +yābhiḥ
p → rhi p	consonant / other	1	0.0	jñeyaḥ sa buddhivibhraṃśaḥ samaṃ buddhirhi paśyati hi→buddhirhi +paśyati
n → tādarthāddhṛtirhi n	consonant / other	1	0.0	niyantumahitādarthāddhṛtirhi niyamātmikā hi→niyantumahitādarthāddhṛtirhi +niyama
s → stu s	consonant / other	1	0.0	hetustu sukhaduḥkhasya yogo dṛṣṭaścaturvidhaḥ tu→hetustu +sukha
yāḥ u → er u	visarga	1	0.0	tattvasmṛter upasthānāt sarvametat pravartate smṛtyāḥ→tattvasmṛter +upasthānāt
_ v → chukrāsṛjor v	consonant / other	1	0.0	karmātmakatvād viṣamāṃśabhedāc chukrāsṛjor vṛddhimupaiti kukṣau _→chukrāsṛjor +vṛddhim
au ī → āv ī	vowel coalescence	1	0.0	īrṣyābhibhūtāvapi mandaharṣāv īrṣyārater eva vadanti hetum harṣau→mandaharṣāv +īrṣyārater
_ u → strīpuṃnapuṃsām u	anusvāra / nasal	1	0.0	garbhasya sadyo'nugatasya kukṣau strīpuṃnapuṃsām udarasthitānām _→strīpuṃnapuṃsām +udara
au g → yāṃ g	anusvāra / nasal	1	0.0	tṛptiśca bījagrahaṇaṃ ca yonyāṃ garbhasya sadyo'nugatasya liṅgam yonyāṃ+garbhasya
ḥ _ → Ø nityayuk	visarga	1	0.0	sa cetanādhāturatīndriyaśca sa nityayuk sānuśayaḥ sa eva sa+nityayuk
_ s → nityayuk s	consonant / other	1	0.0	sa cetanādhāturatīndriyaśca sa nityayuk sānuśayaḥ sa eva nityayuk+sānuśayaḥ
ḥ ṛ → r ṛ	visarga	1	0.0	nahi piturṛte garbhotpattiḥ syāt na ca janma jarāyujānām pituḥ+ṛte→piturṛte
ikām t → īkāṃ t	anusvāra / nasal	1	0.0	garbhāvakrāntimuddiśya khuḍḍīkāṃ tatprakāśitam khuḍḍīkāṃ+tat
uḥ ā → ṛta ā	visarga	1	0.0	mātṛtaḥ pitṛta ātmataḥ sātmyato rasataḥ sattvata ityetebhyo bhāvebhyaḥ samuditebhyo garbhaḥ sambhavati pitṛta+ātmataḥ
āt r → ato r	consonant / other	1	0.0	mātṛtaḥ pitṛta ātmataḥ sātmyato rasataḥ sattvata ityetebhyo bhāvebhyaḥ samuditebhyo garbhaḥ sambhavati sātmyato+rasataḥ
āt i → ata i	consonant / other	1	0.0	mātṛtaḥ pitṛta ātmataḥ sātmyato rasataḥ sattvata ityetebhyo bhāvebhyaḥ samuditebhyo garbhaḥ sambhavati sattvata+iti
e avayavāḥ → e 'vayavā	visarga	1	0.0	tasya ye ye 'vayavā yato yataḥ sambhavataḥ sambhavanti tān vibhajya mātṛjādīnavayavān pṛthak pṛthaguktamagre ye+'vayavā
avayavāḥ y → 'vayavā y	visarga	1	0.0	tasya ye ye 'vayavā yato yataḥ sambhavataḥ sambhavanti tān vibhajya mātṛjādīnavayavān pṛthak pṛthaguktamagre 'vayavā+yato
aḥ avyayaḥ → o 'vyayo	visarga	1	0.0	tatra pūrvaṃ cetanādhātuḥ sattvakaraṇo guṇagrahaṇāya pravartate sa hi hetuḥ kāraṇaṃ nimittamakṣaraṃ kartā mantā veditā boddhā draṣṭā dhātā brahmā viśvakarmā viśvarūpaḥ puruṣaḥ prabhavo 'vyayo nityo guṇī grahaṇaṃ pradhānamavyaktaṃ jīvo jñaḥ pudgalaścetanāvān vibhurbhūtātmā cendriyātmā cāntarātmā ceti prabhavo+'vyayo
avyayaḥ n → 'vyayo n	visarga	1	0.0	tatra pūrvaṃ cetanādhātuḥ sattvakaraṇo guṇagrahaṇāya pravartate sa hi hetuḥ kāraṇaṃ nimittamakṣaraṃ kartā mantā veditā boddhā draṣṭā dhātā brahmā viśvakarmā viśvarūpaḥ puruṣaḥ prabhavo 'vyayo nityo guṇī grahaṇaṃ pradhānamavyaktaṃ jīvo jñaḥ pudgalaścetanāvān vibhurbhūtātmā cendriyātmā cāntarātmā ceti 'vyayo+nityo
e antarikṣam → e 'ntarikṣaṃ	anusvāra / nasal	1	0.0	sa guṇopādānakāle 'ntarikṣaṃ pūrvamanyebhyo guṇebhya upādatte yathā pralayātyaye sisṛkṣurbhūtānyakṣarabhūta ātmā sattvopādānaḥ pūrvataramākāśaṃ sṛjati tataḥ krameṇa vyaktataraguṇān dhātūn vāyvādikāṃścaturaḥ tathā dehagrahaṇe 'pi pravartamānaḥ pūrvataramākāśamevopādatte tataḥ krameṇa vyaktataraguṇān dhātūn vāyvādikāṃścaturaḥ kāle+'ntarikṣaṃ
antarikṣam p → 'ntarikṣaṃ p	anusvāra / nasal	1	0.0	sa guṇopādānakāle 'ntarikṣaṃ pūrvamanyebhyo guṇebhya upādatte yathā pralayātyaye sisṛkṣurbhūtānyakṣarabhūta ātmā sattvopādānaḥ pūrvataramākāśaṃ sṛjati tataḥ krameṇa vyaktataraguṇān dhātūn vāyvādikāṃścaturaḥ tathā dehagrahaṇe 'pi pravartamānaḥ pūrvataramākāśamevopādatte tataḥ krameṇa vyaktataraguṇān dhātūn vāyvādikāṃścaturaḥ 'ntarikṣaṃ+pūrvam
p ā → b ā	consonant / other	1	0.0	tatrāsyākāśātmakaṃ śabdaḥ śrotraṃ lāghavaṃ saukṣmyaṃ vivekaśca vāyvātmakaṃ sparśaḥ sparśanaṃ raukṣyaṃ preraṇaṃ dhātuvyūhanaṃ ceṣṭāśca śārīryaḥ agnyātmakaṃ rūpaṃ darśanaṃ prakāśaḥ paktirauṣṇyaṃ ca abātmakaṃ raso rasanaṃ śaityaṃ mārdavaṃ snehaḥ kledaśca pṛthivyātmakaṃ gandho ghrāṇaṃ gauravaṃ sthairyaṃ mūrtiśceti ap+ātmakam→abātmakaṃ
_ s → rasavāhinībhiḥ s	consonant / other	1	0.0	mātṛjaṃ cāsya hṛdayaṃ mātṛhṛdayenābhisaṃbaddhaṃ bhavati rasavāhinībhiḥ saṃvāhinībhiḥ tasmāttayostābhirbhaktiḥ saṃspandate _→rasavāhinībhiḥ +saṃvāhinībhiḥ
yāḥ d → er d	visarga	1	0.0	tasyā garbhāpatter dvaihṛdayyasya ca vijñānārthaṃ liṅgāni samāsenopadekṣyāmaḥ āpattyāḥ→garbhāpatter +dvaihṛdayyasya
m → madhirohenna m	anusvāra / nasal	1	0.0	garbhopaghātakarāstvime bhāvā bhavanti tad yathā sarvam atigurūṣṇatīkṣṇaṃ dāruṇāśca ceṣṭāḥ imāṃścānyānupadiśanti vṛddhāḥ devatārakṣo'nucaraparirakṣaṇārthaṃ na raktāni vāsāṃsi bibhṛyānna madakarāṇi madyānyabhyavaharenna yānamadhirohenna māṃsamaśnīyāt sarvendriyapratikūlāṃśca bhāvān dūrataḥ parivarjayet yaccānyadapi kiṃcit striyo vidyuḥ na→yānamadhirohenna +māṃsam
uḥ g → ṛto g	visarga	1	0.0	aṣṭame māsi garbhaśca mātṛto garbhataśca mātā rasahāriṇībhiḥ saṃvāhinībhirmuhurmuhurojaḥ parasparata ādadāte garbhasya ā sampūrṇatvāt mātṛto+garbhāt
_ s → rasahāriṇībhiḥ s	consonant / other	1	0.0	aṣṭame māsi garbhaśca mātṛto garbhataśca mātā rasahāriṇībhiḥ saṃvāhinībhirmuhurmuhurojaḥ parasparata ādadāte garbhasya ā sampūrṇatvāt _→rasahāriṇībhiḥ +saṃvāhinībhiḥ
ḥ avayavaḥ → ḥ 'vayavo	visarga	1	0.0	yatastu kārtsnyenāvinaśyan vikṛtimāpadyate tad anuvyākhyāsyāmaḥ yadā striyā doṣaprakopaṇoktānyāsevamānāyā doṣāḥ prakupitāḥ śarīramupasarpantaḥ śoṇitagarbhāśayāvupapadyante na ca kārtsnyena śoṇitagarbhāśayau dūṣayanti tadeyaṃ garbhaṃ labhate strī tadā tasya garbhasya mātṛjānāmavayavānāmanyatamo 'vayavo vikṛtimāpadyata eko 'thavāneke yasya yasya hyavayavasya bīje bījabhāge vā doṣāḥ prakopamāpadyante taṃ tamavayavaṃ vikṛtirāviśati anyatamaḥ+'vayavo
avayavaḥ v → 'vayavo v	visarga	1	0.0	yatastu kārtsnyenāvinaśyan vikṛtimāpadyate tad anuvyākhyāsyāmaḥ yadā striyā doṣaprakopaṇoktānyāsevamānāyā doṣāḥ prakupitāḥ śarīramupasarpantaḥ śoṇitagarbhāśayāvupapadyante na ca kārtsnyena śoṇitagarbhāśayau dūṣayanti tadeyaṃ garbhaṃ labhate strī tadā tasya garbhasya mātṛjānāmavayavānāmanyatamo 'vayavo vikṛtimāpadyata eko 'thavāneke yasya yasya hyavayavasya bīje bījabhāge vā doṣāḥ prakopamāpadyante taṃ tamavayavaṃ vikṛtirāviśati 'vayavo+vikṛtim
tām n → āṃ n	anusvāra / nasal	1	0.0	yadā hyasyāḥ śoṇite garbhāśayabījabhāgaḥ pradoṣamāpadyate tadā vandhyāṃ janayati yadā punarasyāḥ śoṇite garbhāśayabījabhāgāvayavaḥ pradoṣamāpadyate tadā pūtiprajāṃ janayati yadā tvasyāḥ śoṇite garbhāśayabījabhāgāvayavaḥ strīkarāṇāṃ ca śarīrabījabhāgānāmekadeśaḥ pradoṣamāpadyate tadā stryākṛtibhūyiṣṭhāmastriyaṃ vārtāṃ nāma janayati tāṃ strīvyāpadamācakṣate vārtāṃ+nāma
īm v → iyaṃ v	anusvāra / nasal	1	0.0	yadā hyasyāḥ śoṇite garbhāśayabījabhāgaḥ pradoṣamāpadyate tadā vandhyāṃ janayati yadā punarasyāḥ śoṇite garbhāśayabījabhāgāvayavaḥ pradoṣamāpadyate tadā pūtiprajāṃ janayati yadā tvasyāḥ śoṇite garbhāśayabījabhāgāvayavaḥ strīkarāṇāṃ ca śarīrabījabhāgānāmekadeśaḥ pradoṣamāpadyate tadā stryākṛtibhūyiṣṭhāmastriyaṃ vārtāṃ nāma janayati tāṃ strīvyāpadamācakṣate astrīm→stryākṛtibhūyiṣṭhāmastriyaṃ +vārtāṃ
apuruṣaḥ ayam → 'puruṣo 'yaṃ	visarga	1	0.0	'puruṣo 'yaṃ lokasaṃmitaḥ ityuvāca bhagavān punarvasurātreyaḥ 'puruṣo+'yaṃ
ayam l → 'yaṃ l	anusvāra / nasal	1	0.0	'puruṣo 'yaṃ lokasaṃmitaḥ ityuvāca bhagavān punarvasurātreyaḥ 'yaṃ+loka
s anuvyākhyāyamānam → s 'nuvyākhyāyamānaṃ	anusvāra / nasal	1	0.0	yāvanto hi loke mūrtimanto bhāvaviśeṣāstāvantaḥ puruṣe yāvantaḥ puruṣe tāvanto loke ityevaṃvādinaṃ bhagavantamātreyamagniveśa uvāca naitāvatā vākyenoktaṃ vākyārthamavagāhāmahe bhagavatā buddhyā bhūyastaramato 'nuvyākhyāyamānaṃ śuśrūṣāmaha iti atas+'nuvyākhyāyamānaṃ
anuvyākhyāyamānam ś → 'nuvyākhyāyamānaṃ ś	anusvāra / nasal	1	0.0	yāvanto hi loke mūrtimanto bhāvaviśeṣāstāvantaḥ puruṣe yāvantaḥ puruṣe tāvanto loke ityevaṃvādinaṃ bhagavantamātreyamagniveśa uvāca naitāvatā vākyenoktaṃ vākyārthamavagāhāmahe bhagavatā buddhyā bhūyastaramato 'nuvyākhyāyamānaṃ śuśrūṣāmaha iti 'nuvyākhyāyamānaṃ+śuśrūṣāmaha
ī a → yā	vowel coalescence	1	0.0	ṣaḍdhātavaḥ samuditāḥ puruṣa iti śabdaṃ labhante tadyathā pṛthivyāpastejo vāyurākāśaṃ brahma cāvyaktamiti eta eva ca ṣaḍdhātavaḥ samuditāḥ puruṣa iti śabdaṃ labhante pṛthivī+apaḥ→pṛthivyāpastejo
ḥ a → ḥ ā	visarga	1	0.0	tasya puruṣasya pṛthivī mūrtiḥ āpaḥ kledaḥ tejo 'bhisaṃtāpaḥ vāyuḥ prāṇaḥ viyat suṣirāṇi brahma antarātmā mūrtiḥ+āpaḥ
naḥ v → ṇo v	visarga	1	0.0	yathā khalu brāhmī vibhūtirloke tathā puruṣe 'pyāntarātmikī vibhūtiḥ brahmaṇo vibhūtirloke prajāpatirantarātmano vibhūtiḥ puruṣe sattvaṃ yastvindro loke sa puruṣe 'haṅkāraḥ ādityastvādānaṃ rudro roṣaḥ somaḥ prasādaḥ vasavaḥ sukham aśvinau kāntiḥ marudutsāhaḥ viśvedevāḥ sarvendriyāṇi sarvendriyārthāśca tamo mohaḥ jyotirjñānaṃ yathā lokasya sargādistathā puruṣasya garbhādhānaṃ yathā kṛtayugamevaṃ bālyaṃ yathā tretā tathā yauvanaṃ yathā dvāparastathā sthāviryaṃ yathā kalirevamāturyaṃ yathā yugāntastathā maraṇamiti brahmaṇo+vibhūtiḥ
e ahaṃ → e 'haṅ	consonant / other	1	0.0	yathā khalu brāhmī vibhūtirloke tathā puruṣe 'pyāntarātmikī vibhūtiḥ brahmaṇo vibhūtirloke prajāpatirantarātmano vibhūtiḥ puruṣe sattvaṃ yastvindro loke sa puruṣe 'haṅkāraḥ ādityastvādānaṃ rudro roṣaḥ somaḥ prasādaḥ vasavaḥ sukham aśvinau kāntiḥ marudutsāhaḥ viśvedevāḥ sarvendriyāṇi sarvendriyārthāśca tamo mohaḥ jyotirjñānaṃ yathā lokasya sargādistathā puruṣasya garbhādhānaṃ yathā kṛtayugamevaṃ bālyaṃ yathā tretā tathā yauvanaṃ yathā dvāparastathā sthāviryaṃ yathā kalirevamāturyaṃ yathā yugāntastathā maraṇamiti puruṣe+'haṅkāraḥ
ḥ k → u k	visarga	1	0.0	yathā khalu brāhmī vibhūtirloke tathā puruṣe 'pyāntarātmikī vibhūtiḥ brahmaṇo vibhūtirloke prajāpatirantarātmano vibhūtiḥ puruṣe sattvaṃ yastvindro loke sa puruṣe 'haṅkāraḥ ādityastvādānaṃ rudro roṣaḥ somaḥ prasādaḥ vasavaḥ sukham aśvinau kāntiḥ marudutsāhaḥ viśvedevāḥ sarvendriyāṇi sarvendriyārthāśca tamo mohaḥ jyotirjñānaṃ yathā lokasya sargādistathā puruṣasya garbhādhānaṃ yathā kṛtayugamevaṃ bālyaṃ yathā tretā tathā yauvanaṃ yathā dvāparastathā sthāviryaṃ yathā kalirevamāturyaṃ yathā yugāntastathā maraṇamiti aśvinau+kāntiḥ
s → tyātmaiva s	consonant / other	1	0.0	sarvalokaṃ hyātmani paśyato bhavatyātmaiva sukhaduḥkhayoḥ kartā nānya iti eva→bhavatyātmaiva +sukha
m u → ṃ u	anusvāra / nasal	1	0.0	tatra heturutpattikāraṇaṃ utpattirjanma vṛddhirāpyāyanam upaplavo duḥkhāgamaḥ ṣaḍdhātuvibhāgo viyogaḥ sajīvāpagamaḥ sa prāṇanirodhaḥ sa bhaṅgaḥ sa lokasvabhāvaḥ kāraṇam→heturutpattikāraṇaṃ +utpattiḥ
a m → iṃ m	anusvāra / nasal	1	0.0	athāgniveśa uvāca kiṃmūlā bhagavan pravṛttiḥ nivṛttau ca ka upāya iti ka+mūlāḥ→kiṃmūlā
ṇaḥ m → no m	visarga	1	0.0	tatra lokadoṣadarśino mumukṣorādita evācāryābhigamanaṃ tasyopadeśānuṣṭhānam agnerevopacaryā dharmaśāstrānugamanaṃ tadārthāvabodhaḥ tenāvaṣṭambhaḥ tatra yathoktāḥ kriyāḥ satāmupāsanam asatāṃ parivarjanam asaṃgatirjanena satyaṃ sarvabhūtahitam aparuṣam anatikāle parīkṣya vacanaṃ sarvaprāṇiṣu cātmanīvāvekṣā sarvāsām asmaraṇam asaṃkalpanam aprārthanam anabhibhāṣaṇaṃ ca strīṇāṃ sarvaparigrahatyāgaḥ kaupīnaṃ pracchādanārthaṃ dhāturāganivasanaṃ kanthāsīvanahetoḥ sūcīpippalakaṃ śaucādhānahetorjalakuṇḍikā daṇḍadhāraṇaṃ bhaikṣacaryārthaṃ pātraṃ prāṇadhāraṇārthamekakālamagrāmyo yathopapanno 'bhyavahāraḥ śramāpanayanārthaṃ śīrṇaśuṣkaparṇatṛṇāstaraṇopadhānaṃ dhyānahetoḥ kāyanibandhanaṃ vaneṣvaniketavāsaḥ tandrānidrālasyādikarmavarjanaṃ indriyārtheṣvanurāgopatāpanigrahaḥ suptasthitagataprekṣitāhāravihārapratyaṅgaceṣṭādikeṣvārambheṣu smṛtipūrvikā pravṛttiḥ satkārastutigarhāvamānakṣamatvaṃ kṣutpipāsāyāsaśramaśītoṣṇavātavarṣāsukhaduḥkhasaṃsparśasahatvaṃ śokadainyamānodvegamadalobharāgerṣyābhayakrodhādibhir asaṃcalanam ahaṅkārādiṣūpasargasaṃjñā lokapuruṣayoḥ sargādisāmānyāvekṣaṇaṃ kāryakālātyayabhayaṃ yogārambhe satatamanirvedaḥ sattvotsāhaḥ apavargāya dhīdhṛtismṛtibalādhānaṃ niyamanamindriyāṇāṃ cetasi cetasa ātmani ātmanaśca dhātubhedena śarīrāvayavasaṃkhyānamabhīkṣṇaṃ sarvaṃ kāraṇavadduḥkhamasvamanityamityabhyupagamaḥ sarvapravṛttiṣvaghasaṃjñā sarvasaṃnyāse sukhamityabhiniveśaḥ eṣa mārgo 'pavargāya ato 'nyathā badhyate ityudayanāni vyākhyātāni darśiṇaḥ→lokadoṣadarśino +mumukṣoḥ
m i → ṃ i	anusvāra / nasal	1	0.0	tatra lokadoṣadarśino mumukṣorādita evācāryābhigamanaṃ tasyopadeśānuṣṭhānam agnerevopacaryā dharmaśāstrānugamanaṃ tadārthāvabodhaḥ tenāvaṣṭambhaḥ tatra yathoktāḥ kriyāḥ satāmupāsanam asatāṃ parivarjanam asaṃgatirjanena satyaṃ sarvabhūtahitam aparuṣam anatikāle parīkṣya vacanaṃ sarvaprāṇiṣu cātmanīvāvekṣā sarvāsām asmaraṇam asaṃkalpanam aprārthanam anabhibhāṣaṇaṃ ca strīṇāṃ sarvaparigrahatyāgaḥ kaupīnaṃ pracchādanārthaṃ dhāturāganivasanaṃ kanthāsīvanahetoḥ sūcīpippalakaṃ śaucādhānahetorjalakuṇḍikā daṇḍadhāraṇaṃ bhaikṣacaryārthaṃ pātraṃ prāṇadhāraṇārthamekakālamagrāmyo yathopapanno 'bhyavahāraḥ śramāpanayanārthaṃ śīrṇaśuṣkaparṇatṛṇāstaraṇopadhānaṃ dhyānahetoḥ kāyanibandhanaṃ vaneṣvaniketavāsaḥ tandrānidrālasyādikarmavarjanaṃ indriyārtheṣvanurāgopatāpanigrahaḥ suptasthitagataprekṣitāhāravihārapratyaṅgaceṣṭādikeṣvārambheṣu smṛtipūrvikā pravṛttiḥ satkārastutigarhāvamānakṣamatvaṃ kṣutpipāsāyāsaśramaśītoṣṇavātavarṣāsukhaduḥkhasaṃsparśasahatvaṃ śokadainyamānodvegamadalobharāgerṣyābhayakrodhādibhir asaṃcalanam ahaṅkārādiṣūpasargasaṃjñā lokapuruṣayoḥ sargādisāmānyāvekṣaṇaṃ kāryakālātyayabhayaṃ yogārambhe satatamanirvedaḥ sattvotsāhaḥ apavargāya dhīdhṛtismṛtibalādhānaṃ niyamanamindriyāṇāṃ cetasi cetasa ātmani ātmanaśca dhātubhedena śarīrāvayavasaṃkhyānamabhīkṣṇaṃ sarvaṃ kāraṇavadduḥkhamasvamanityamityabhyupagamaḥ sarvapravṛttiṣvaghasaṃjñā sarvasaṃnyāse sukhamityabhiniveśaḥ eṣa mārgo 'pavargāya ato 'nyathā badhyate ityudayanāni vyākhyātāni varjanam→tandrānidrālasyādikarmavarjanaṃ +indriya
_ ś → parāvaradṛśaḥ ś	consonant / other	1	0.0	parāvaradṛśaḥ śāntir jñānamūlā na naśyati _→parāvaradṛśaḥ +śāntir
s → meva s	consonant / other	1	0.0	evameva sarvadhātuguṇānāṃ sāmānyayogādvṛddhiḥ viparyayāddhrāsaḥ eva→evameva +sarva
ṃnidhyam s → nnidhyaṃ s	anusvāra / nasal	1	0.0	yatra tvevaṃlakṣaṇena sāmānyena sāmānyavatām āhāravikārāṇām asānnidhyaṃ syāt saṃnihitānāṃ vāpy ayuktatvān nopayogo ghṛṇitvād anyasmādvā kāraṇāt sa ca dhāturabhivardhayitavyaḥ syāt tasya ye samānaguṇāḥ syurāhāravikārā asevyāśca tatra samānaguṇabhūyiṣṭhānām anyaprakṛtīnām apyāhāravikārāṇām upayogaḥ syāt asānnidhyaṃ+syāt
ī e → y e	vowel coalescence	1	0.0	etāvatyeva duṣṭadoṣagatiryāvat saṃsparśanāccharīradhātūnām etāvatī+eva→etāvatyeva
u katham → u cāntargatastiṣṭhati	consonant / other	1	0.0	kiṃnu khalu garbhasyāṅgaṃ pūrvamabhinirvartate kukṣau kathaṃ cāntargatastiṣṭhati kimāhāraśca vartayati kathaṃbhūtaśca niṣkrāmati kaiścāyamāhāropacārair jātaḥ sadyo hanyate kair avyādhirabhivardhate kiṃ cāsya devādiprakopanimittā vikārāḥ sambhavanti āhosvinna kiṃ cāsya kālākālamṛtyvor bhāvābhāvayor bhagavān adhyavasyati kiṃ cāsya paramāyuḥ kāni cāsya paramāyuṣo nimittānīti kukṣau+cāntargatastiṣṭhati
katham c → cāntargatastiṣṭhati c	consonant / other	1	0.0	kiṃnu khalu garbhasyāṅgaṃ pūrvamabhinirvartate kukṣau kathaṃ cāntargatastiṣṭhati kimāhāraśca vartayati kathaṃbhūtaśca niṣkrāmati kaiścāyamāhāropacārair jātaḥ sadyo hanyate kair avyādhirabhivardhate kiṃ cāsya devādiprakopanimittā vikārāḥ sambhavanti āhosvinna kiṃ cāsya kālākālamṛtyvor bhāvābhāvayor bhagavān adhyavasyati kiṃ cāsya paramāyuḥ kāni cāsya paramāyuṣo nimittānīti cāntargatastiṣṭhati+ca
a vartayati → a kathaṃbhūtaśca	anusvāra / nasal	1	0.0	kiṃnu khalu garbhasyāṅgaṃ pūrvamabhinirvartate kukṣau kathaṃ cāntargatastiṣṭhati kimāhāraśca vartayati kathaṃbhūtaśca niṣkrāmati kaiścāyamāhāropacārair jātaḥ sadyo hanyate kair avyādhirabhivardhate kiṃ cāsya devādiprakopanimittā vikārāḥ sambhavanti āhosvinna kiṃ cāsya kālākālamṛtyvor bhāvābhāvayor bhagavān adhyavasyati kiṃ cāsya paramāyuḥ kāni cāsya paramāyuṣo nimittānīti ca+kathaṃbhūtaśca
vartayati k → kathaṃbhūtaśca k	anusvāra / nasal	1	0.0	kiṃnu khalu garbhasyāṅgaṃ pūrvamabhinirvartate kukṣau kathaṃ cāntargatastiṣṭhati kimāhāraśca vartayati kathaṃbhūtaśca niṣkrāmati kaiścāyamāhāropacārair jātaḥ sadyo hanyate kair avyādhirabhivardhate kiṃ cāsya devādiprakopanimittā vikārāḥ sambhavanti āhosvinna kiṃ cāsya kālākālamṛtyvor bhāvābhāvayor bhagavān adhyavasyati kiṃ cāsya paramāyuḥ kāni cāsya paramāyuṣo nimittānīti kathaṃbhūtaśca+kathaṃbhūtaḥ
a niṣkrāmati → a kaiścāyamāhāropacārair	consonant / other	1	0.0	kiṃnu khalu garbhasyāṅgaṃ pūrvamabhinirvartate kukṣau kathaṃ cāntargatastiṣṭhati kimāhāraśca vartayati kathaṃbhūtaśca niṣkrāmati kaiścāyamāhāropacārair jātaḥ sadyo hanyate kair avyādhirabhivardhate kiṃ cāsya devādiprakopanimittā vikārāḥ sambhavanti āhosvinna kiṃ cāsya kālākālamṛtyvor bhāvābhāvayor bhagavān adhyavasyati kiṃ cāsya paramāyuḥ kāni cāsya paramāyuṣo nimittānīti ca+kaiścāyamāhāropacārair
niṣkrāmati k → kaiścāyamāhāropacārair k	consonant / other	1	0.0	kiṃnu khalu garbhasyāṅgaṃ pūrvamabhinirvartate kukṣau kathaṃ cāntargatastiṣṭhati kimāhāraśca vartayati kathaṃbhūtaśca niṣkrāmati kaiścāyamāhāropacārair jātaḥ sadyo hanyate kair avyādhirabhivardhate kiṃ cāsya devādiprakopanimittā vikārāḥ sambhavanti āhosvinna kiṃ cāsya kālākālamṛtyvor bhāvābhāvayor bhagavān adhyavasyati kiṃ cāsya paramāyuḥ kāni cāsya paramāyuṣo nimittānīti kaiścāyamāhāropacārair+kaiḥ
ḥ jātaḥ → ḥ sadyo	visarga	1	0.0	kiṃnu khalu garbhasyāṅgaṃ pūrvamabhinirvartate kukṣau kathaṃ cāntargatastiṣṭhati kimāhāraśca vartayati kathaṃbhūtaśca niṣkrāmati kaiścāyamāhāropacārair jātaḥ sadyo hanyate kair avyādhirabhivardhate kiṃ cāsya devādiprakopanimittā vikārāḥ sambhavanti āhosvinna kiṃ cāsya kālākālamṛtyvor bhāvābhāvayor bhagavān adhyavasyati kiṃ cāsya paramāyuḥ kāni cāsya paramāyuṣo nimittānīti upacāraiḥ+sadyo
jātaḥ sadyas → sadyo hanyate	visarga	1	0.0	kiṃnu khalu garbhasyāṅgaṃ pūrvamabhinirvartate kukṣau kathaṃ cāntargatastiṣṭhati kimāhāraśca vartayati kathaṃbhūtaśca niṣkrāmati kaiścāyamāhāropacārair jātaḥ sadyo hanyate kair avyādhirabhivardhate kiṃ cāsya devādiprakopanimittā vikārāḥ sambhavanti āhosvinna kiṃ cāsya kālākālamṛtyvor bhāvābhāvayor bhagavān adhyavasyati kiṃ cāsya paramāyuḥ kāni cāsya paramāyuṣo nimittānīti sadyo+hanyate
sadyas hanyate → hanyate kair	consonant / other	1	0.0	kiṃnu khalu garbhasyāṅgaṃ pūrvamabhinirvartate kukṣau kathaṃ cāntargatastiṣṭhati kimāhāraśca vartayati kathaṃbhūtaśca niṣkrāmati kaiścāyamāhāropacārair jātaḥ sadyo hanyate kair avyādhirabhivardhate kiṃ cāsya devādiprakopanimittā vikārāḥ sambhavanti āhosvinna kiṃ cāsya kālākālamṛtyvor bhāvābhāvayor bhagavān adhyavasyati kiṃ cāsya paramāyuḥ kāni cāsya paramāyuṣo nimittānīti hanyate+kair
hanyate kaiḥ → kair avyādhirabhivardhate	visarga	1	0.0	kiṃnu khalu garbhasyāṅgaṃ pūrvamabhinirvartate kukṣau kathaṃ cāntargatastiṣṭhati kimāhāraśca vartayati kathaṃbhūtaśca niṣkrāmati kaiścāyamāhāropacārair jātaḥ sadyo hanyate kair avyādhirabhivardhate kiṃ cāsya devādiprakopanimittā vikārāḥ sambhavanti āhosvinna kiṃ cāsya kālākālamṛtyvor bhāvābhāvayor bhagavān adhyavasyati kiṃ cāsya paramāyuḥ kāni cāsya paramāyuṣo nimittānīti kair+avyādhirabhivardhate
kaiḥ a → avyādhirabhivardhate a	visarga	1	0.0	kiṃnu khalu garbhasyāṅgaṃ pūrvamabhinirvartate kukṣau kathaṃ cāntargatastiṣṭhati kimāhāraśca vartayati kathaṃbhūtaśca niṣkrāmati kaiścāyamāhāropacārair jātaḥ sadyo hanyate kair avyādhirabhivardhate kiṃ cāsya devādiprakopanimittā vikārāḥ sambhavanti āhosvinna kiṃ cāsya kālākālamṛtyvor bhāvābhāvayor bhagavān adhyavasyati kiṃ cāsya paramāyuḥ kāni cāsya paramāyuṣo nimittānīti avyādhirabhivardhate+avyādhiḥ
e kim → e cāsya	consonant / other	1	0.0	kiṃnu khalu garbhasyāṅgaṃ pūrvamabhinirvartate kukṣau kathaṃ cāntargatastiṣṭhati kimāhāraśca vartayati kathaṃbhūtaśca niṣkrāmati kaiścāyamāhāropacārair jātaḥ sadyo hanyate kair avyādhirabhivardhate kiṃ cāsya devādiprakopanimittā vikārāḥ sambhavanti āhosvinna kiṃ cāsya kālākālamṛtyvor bhāvābhāvayor bhagavān adhyavasyati kiṃ cāsya paramāyuḥ kāni cāsya paramāyuṣo nimittānīti abhivardhate+cāsya
ḥ vikārāḥ → ḥ sambhavanti	visarga	1	0.0	kiṃnu khalu garbhasyāṅgaṃ pūrvamabhinirvartate kukṣau kathaṃ cāntargatastiṣṭhati kimāhāraśca vartayati kathaṃbhūtaśca niṣkrāmati kaiścāyamāhāropacārair jātaḥ sadyo hanyate kair avyādhirabhivardhate kiṃ cāsya devādiprakopanimittā vikārāḥ sambhavanti āhosvinna kiṃ cāsya kālākālamṛtyvor bhāvābhāvayor bhagavān adhyavasyati kiṃ cāsya paramāyuḥ kāni cāsya paramāyuṣo nimittānīti nimittāḥ+sambhavanti
vikārāḥ sambhavanti → sambhavanti āhosvinna	visarga	1	0.0	kiṃnu khalu garbhasyāṅgaṃ pūrvamabhinirvartate kukṣau kathaṃ cāntargatastiṣṭhati kimāhāraśca vartayati kathaṃbhūtaśca niṣkrāmati kaiścāyamāhāropacārair jātaḥ sadyo hanyate kair avyādhirabhivardhate kiṃ cāsya devādiprakopanimittā vikārāḥ sambhavanti āhosvinna kiṃ cāsya kālākālamṛtyvor bhāvābhāvayor bhagavān adhyavasyati kiṃ cāsya paramāyuḥ kāni cāsya paramāyuṣo nimittānīti sambhavanti+āhosvinna
sambhavanti ā → āhosvinna ā	consonant / other	1	0.0	kiṃnu khalu garbhasyāṅgaṃ pūrvamabhinirvartate kukṣau kathaṃ cāntargatastiṣṭhati kimāhāraśca vartayati kathaṃbhūtaśca niṣkrāmati kaiścāyamāhāropacārair jātaḥ sadyo hanyate kair avyādhirabhivardhate kiṃ cāsya devādiprakopanimittā vikārāḥ sambhavanti āhosvinna kiṃ cāsya kālākālamṛtyvor bhāvābhāvayor bhagavān adhyavasyati kiṃ cāsya paramāyuḥ kāni cāsya paramāyuṣo nimittānīti āhosvinna+āhosvit
a kim → a cāsya	consonant / other	1	0.0	kiṃnu khalu garbhasyāṅgaṃ pūrvamabhinirvartate kukṣau kathaṃ cāntargatastiṣṭhati kimāhāraśca vartayati kathaṃbhūtaśca niṣkrāmati kaiścāyamāhāropacārair jātaḥ sadyo hanyate kair avyādhirabhivardhate kiṃ cāsya devādiprakopanimittā vikārāḥ sambhavanti āhosvinna kiṃ cāsya kālākālamṛtyvor bhāvābhāvayor bhagavān adhyavasyati kiṃ cāsya paramāyuḥ kāni cāsya paramāyuṣo nimittānīti na+cāsya
ḥ bhagavān → ḥ adhyavasyati	visarga	1	0.0	kiṃnu khalu garbhasyāṅgaṃ pūrvamabhinirvartate kukṣau kathaṃ cāntargatastiṣṭhati kimāhāraśca vartayati kathaṃbhūtaśca niṣkrāmati kaiścāyamāhāropacārair jātaḥ sadyo hanyate kair avyādhirabhivardhate kiṃ cāsya devādiprakopanimittā vikārāḥ sambhavanti āhosvinna kiṃ cāsya kālākālamṛtyvor bhāvābhāvayor bhagavān adhyavasyati kiṃ cāsya paramāyuḥ kāni cāsya paramāyuṣo nimittānīti abhāvayoḥ+adhyavasyati
bhagavān adhyavasyati → adhyavasyati kiṃ	anusvāra / nasal	1	0.0	kiṃnu khalu garbhasyāṅgaṃ pūrvamabhinirvartate kukṣau kathaṃ cāntargatastiṣṭhati kimāhāraśca vartayati kathaṃbhūtaśca niṣkrāmati kaiścāyamāhāropacārair jātaḥ sadyo hanyate kair avyādhirabhivardhate kiṃ cāsya devādiprakopanimittā vikārāḥ sambhavanti āhosvinna kiṃ cāsya kālākālamṛtyvor bhāvābhāvayor bhagavān adhyavasyati kiṃ cāsya paramāyuḥ kāni cāsya paramāyuṣo nimittānīti adhyavasyati+kiṃ
adhyavasyati kim → kiṃ cāsya	anusvāra / nasal	1	0.0	kiṃnu khalu garbhasyāṅgaṃ pūrvamabhinirvartate kukṣau kathaṃ cāntargatastiṣṭhati kimāhāraśca vartayati kathaṃbhūtaśca niṣkrāmati kaiścāyamāhāropacārair jātaḥ sadyo hanyate kair avyādhirabhivardhate kiṃ cāsya devādiprakopanimittā vikārāḥ sambhavanti āhosvinna kiṃ cāsya kālākālamṛtyvor bhāvābhāvayor bhagavān adhyavasyati kiṃ cāsya paramāyuḥ kāni cāsya paramāyuṣo nimittānīti kiṃ+cāsya
ḥ kāni → ḥ cāsya	visarga	1	0.0	kiṃnu khalu garbhasyāṅgaṃ pūrvamabhinirvartate kukṣau kathaṃ cāntargatastiṣṭhati kimāhāraśca vartayati kathaṃbhūtaśca niṣkrāmati kaiścāyamāhāropacārair jātaḥ sadyo hanyate kair avyādhirabhivardhate kiṃ cāsya devādiprakopanimittā vikārāḥ sambhavanti āhosvinna kiṃ cāsya kālākālamṛtyvor bhāvābhāvayor bhagavān adhyavasyati kiṃ cāsya paramāyuḥ kāni cāsya paramāyuṣo nimittānīti āyuḥ+cāsya
kāni c → cāsya c	consonant / other	1	0.0	kiṃnu khalu garbhasyāṅgaṃ pūrvamabhinirvartate kukṣau kathaṃ cāntargatastiṣṭhati kimāhāraśca vartayati kathaṃbhūtaśca niṣkrāmati kaiścāyamāhāropacārair jātaḥ sadyo hanyate kair avyādhirabhivardhate kiṃ cāsya devādiprakopanimittā vikārāḥ sambhavanti āhosvinna kiṃ cāsya kālākālamṛtyvor bhāvābhāvayor bhagavān adhyavasyati kiṃ cāsya paramāyuḥ kāni cāsya paramāyuṣo nimittānīti cāsya+ca
ti k → śca k	consonant / other	1	0.0	kiṃnu khalu garbhasyāṅgaṃ pūrvamabhinirvartate kukṣau kathaṃ cāntargatastiṣṭhati kimāhāraśca vartayati kathaṃbhūtaśca niṣkrāmati kaiścāyamāhāropacārair jātaḥ sadyo hanyate kair avyādhirabhivardhate kiṃ cāsya devādiprakopanimittā vikārāḥ sambhavanti āhosvinna kiṃ cāsya kālākālamṛtyvor bhāvābhāvayor bhagavān adhyavasyati kiṃ cāsya paramāyuḥ kāni cāsya paramāyuṣo nimittānīti tiṣṭhati→kimāhāraśca +kimāhāraḥ
v → rtayati v	consonant / other	1	0.0	kiṃnu khalu garbhasyāṅgaṃ pūrvamabhinirvartate kukṣau kathaṃ cāntargatastiṣṭhati kimāhāraśca vartayati kathaṃbhūtaśca niṣkrāmati kaiścāyamāhāropacārair jātaḥ sadyo hanyate kair avyādhirabhivardhate kiṃ cāsya devādiprakopanimittā vikārāḥ sambhavanti āhosvinna kiṃ cāsya kālākālamṛtyvor bhāvābhāvayor bhagavān adhyavasyati kiṃ cāsya paramāyuḥ kāni cāsya paramāyuṣo nimittānīti ca→vartayati +kathaṃbhūtaśca
n → ti n	consonant / other	1	0.0	kiṃnu khalu garbhasyāṅgaṃ pūrvamabhinirvartate kukṣau kathaṃ cāntargatastiṣṭhati kimāhāraśca vartayati kathaṃbhūtaśca niṣkrāmati kaiścāyamāhāropacārair jātaḥ sadyo hanyate kair avyādhirabhivardhate kiṃ cāsya devādiprakopanimittā vikārāḥ sambhavanti āhosvinna kiṃ cāsya kālākālamṛtyvor bhāvābhāvayor bhagavān adhyavasyati kiṃ cāsya paramāyuḥ kāni cāsya paramāyuṣo nimittānīti ca→niṣkrāmati +kaiścāyamāhāropacārair
d → nimittā d	consonant / other	1	0.0	kiṃnu khalu garbhasyāṅgaṃ pūrvamabhinirvartate kukṣau kathaṃ cāntargatastiṣṭhati kimāhāraśca vartayati kathaṃbhūtaśca niṣkrāmati kaiścāyamāhāropacārair jātaḥ sadyo hanyate kair avyādhirabhivardhate kiṃ cāsya devādiprakopanimittā vikārāḥ sambhavanti āhosvinna kiṃ cāsya kālākālamṛtyvor bhāvābhāvayor bhagavān adhyavasyati kiṃ cāsya paramāyuḥ kāni cāsya paramāyuṣo nimittānīti asya→devādiprakopanimittā +deva
na k → kiṃ k	anusvāra / nasal	1	0.0	kiṃnu khalu garbhasyāṅgaṃ pūrvamabhinirvartate kukṣau kathaṃ cāntargatastiṣṭhati kimāhāraśca vartayati kathaṃbhūtaśca niṣkrāmati kaiścāyamāhāropacārair jātaḥ sadyo hanyate kair avyādhirabhivardhate kiṃ cāsya devādiprakopanimittā vikārāḥ sambhavanti āhosvinna kiṃ cāsya kālākālamṛtyvor bhāvābhāvayor bhagavān adhyavasyati kiṃ cāsya paramāyuḥ kāni cāsya paramāyuṣo nimittānīti na→kiṃ +cāsya
a k → vor k	consonant / other	1	0.0	kiṃnu khalu garbhasyāṅgaṃ pūrvamabhinirvartate kukṣau kathaṃ cāntargatastiṣṭhati kimāhāraśca vartayati kathaṃbhūtaśca niṣkrāmati kaiścāyamāhāropacārair jātaḥ sadyo hanyate kair avyādhirabhivardhate kiṃ cāsya devādiprakopanimittā vikārāḥ sambhavanti āhosvinna kiṃ cāsya kālākālamṛtyvor bhāvābhāvayor bhagavān adhyavasyati kiṃ cāsya paramāyuḥ kāni cāsya paramāyuṣo nimittānīti asya→kālākālamṛtyvor +kāla
a p → uḥ p	consonant / other	1	0.0	kiṃnu khalu garbhasyāṅgaṃ pūrvamabhinirvartate kukṣau kathaṃ cāntargatastiṣṭhati kimāhāraśca vartayati kathaṃbhūtaśca niṣkrāmati kaiścāyamāhāropacārair jātaḥ sadyo hanyate kair avyādhirabhivardhate kiṃ cāsya devādiprakopanimittā vikārāḥ sambhavanti āhosvinna kiṃ cāsya kālākālamṛtyvor bhāvābhāvayor bhagavān adhyavasyati kiṃ cāsya paramāyuḥ kāni cāsya paramāyuṣo nimittānīti asya→paramāyuḥ +parama
yuḥ k → ni k	visarga	1	0.0	kiṃnu khalu garbhasyāṅgaṃ pūrvamabhinirvartate kukṣau kathaṃ cāntargatastiṣṭhati kimāhāraśca vartayati kathaṃbhūtaśca niṣkrāmati kaiścāyamāhāropacārair jātaḥ sadyo hanyate kair avyādhirabhivardhate kiṃ cāsya devādiprakopanimittā vikārāḥ sambhavanti āhosvinna kiṃ cāsya kālākālamṛtyvor bhāvābhāvayor bhagavān adhyavasyati kiṃ cāsya paramāyuḥ kāni cāsya paramāyuṣo nimittānīti āyuḥ→kāni +cāsya
a p → uṣo p	consonant / other	1	0.0	kiṃnu khalu garbhasyāṅgaṃ pūrvamabhinirvartate kukṣau kathaṃ cāntargatastiṣṭhati kimāhāraśca vartayati kathaṃbhūtaśca niṣkrāmati kaiścāyamāhāropacārair jātaḥ sadyo hanyate kair avyādhirabhivardhate kiṃ cāsya devādiprakopanimittā vikārāḥ sambhavanti āhosvinna kiṃ cāsya kālākālamṛtyvor bhāvābhāvayor bhagavān adhyavasyati kiṃ cāsya paramāyuḥ kāni cāsya paramāyuṣo nimittānīti asya→paramāyuṣo +parama
īnām s → nāṃ s	anusvāra / nasal	1	0.0	tadyathā dvātriṃśaddantāḥ dvātriṃśaddantolūkhalāni viṃśatirnakhāḥ ṣaṣṭiḥ pāṇipādāṅgulyasthīni viṃśatiḥ pāṇipādaśalākāḥ catvāri pāṇipādaśalākādhiṣṭhānāni dve pārṣṇyorasthinī catvāraḥ pādayor gulphāḥ dvau maṇikau hastayoḥ catvāryaratnyorasthīni catvāri jaṅghayoḥ dve jānunī dve jānukapālike dvāvūrunalakau dvau bāhunalakau dvāvaṃsau dve aṃsaphalake dvāvakṣakau ekaṃ jatru dve tāluke dve śroṇiphalake ekaṃ bhagāsthi pañcacatvāriṃśat pṛṣṭhagatānyasthīni pañcadaśa grīvāyāṃ caturdaśorasi dvayoḥ pārśvayoścaturviṃśatiḥ parśukāḥ tāvanti sthālakāni tāvanti caiva sthālakārbudāni ekaṃ hanvasthi dve hanumūlabandhane ekāsthi nāsikāgaṇḍakūṭalalāṭaṃ dvau śaṅkhau catvāri śiraḥkapālānīti evaṃ trīṇi saṣaṣṭīni śatāny asthnāṃ saha dantolūkhalanakheneti asthnāṃ+saha
c j → g j	consonant / other	1	0.0	pañcendriyādhiṣṭhānāni tadyathā tvag jihvā nāsikā akṣiṇī karṇau ca tvag+jihvā
ā m → ṇi m	consonant / other	1	0.0	teṣu ṣaṭ pūrvāṇi marmasaṃkhyātāni pūrvāṇi+marma
ī p → Ø p	consonant / other	1	0.0	ṣaṭpañcāśat pratyaṅgāni ṣaṭsvaṅgeṣūpanibaddhāni yānyaparisaṃkhyātāni pūrvamaṅgeṣu parisaṃkhyāyamāneṣu tānyanyaiḥ paryāyairiha prakāśyāni bhavanti ṣaṭpañcāśat+pratyaṅgāni
i ś → ī ś	consonant / other	1	0.0	tadyathā nava snāyuśatāni sapta sirāśatāni dve dhamanīśate catvāri peśīśatāni saptottaraṃ marmaśataṃ dve sandhiśate ekonatriṃśatsahasrāṇi nava ca śatāni ṣaṭpañcāśatkāni sirādhamanīnām aṇuśaḥ pravibhajyamānānāṃ mukhāgraparimāṇaṃ tāvanti caiva keśaśmaśrulomānīti dhamani+śate→dhamanīśate
a ś → u ś	consonant / other	1	0.0	tadyathā daśodakasyāñjalayaḥ śarīre svenāñjalipramāṇena yattu pracyavamānaṃ purīṣamanubadhnātyatiyogena tathā mūtraṃ rudhiramanyāṃśca śarīradhātūn yattu sarvaśarīracaraṃ bāhyā tvagbibharti yattu tvagantare vraṇagataṃ lasīkāśabdaṃ labhate yaccoṣmaṇānubaddhaṃ lomakūpebhyo niṣpatat svedaśabdam avāpnoti tadudakaṃ daśāñjalipramāṇaṃ navāñjalayaḥ pūrvasyāhārapariṇāmadhātoḥ yaṃ rasa ityācakṣate aṣṭau śoṇitasya sapta purīṣasya ṣaṭ śleṣmaṇaḥ pañca pittasya catvāro mūtrasya trayo vasāyāḥ dvau medasaḥ eko majjāyāḥ mastiṣkasyārdhāñjaliḥ śukrasya tāvadeva pramāṇaṃ tāvadeva ślaiṣmikasyaujasa iti aṣṭau+śoṇitasya
nām k → ṇāṃ k	anusvāra / nasal	1	0.0	teṣāṃ saṃyogavibhāge paramāṇūṇāṃ kāraṇaṃ vāyuḥ karmasvabhāvaśca paramāṇūṇāṃ+kāraṇaṃ
am p → īṃ p	anusvāra / nasal	1	0.0	strīpuṃsayor avyāpannaśukraśoṇitagarbhāśayayoḥ śreyasīṃ prajāmicchatos tadarthābhinirvṛttikaraṃ karmopadekṣyāmaḥ śreyasīṃ+prajām
m → recca m	anusvāra / nasal	1	0.0	saṃśuddhau cāsthāpanānuvāsanābhyām upācared upācarecca madhurauṣadhasaṃskṛtābhyāṃ ghṛtakṣīrābhyāṃ puruṣaṃ striyaṃ tu tailamāṣābhyām ca→upācarecca +madhura
ḥ s → u s	visarga	1	0.0	tataḥ śuklavāsasau sragviṇau subhanasāvanyonyamabhikāmau saṃvaseyātāṃ snānāt prabhṛti yugmeṣvahaḥsu putrakāmau ayugmeṣu duhitṛkāmau sragviṇau+subha
ama s → e s	consonant / other	1	0.0	bhago'tha mitrāvaruṇā vīraṃ dadatu me sutam me+sutam
antam v → āntaṃ v	anusvāra / nasal	1	0.0	sāyaṃ prātaśca śaśvacchvetaṃ mahāntaṃ vṛṣabhamājāneyaṃ vā haricandanāṅgadaṃ paśyet mahāntaṃ+vṛṣabham
s → nopacāraceṣṭāṃśca s	anusvāra / nasal	1	0.0	saumyākṛtivacanopacāraceṣṭāṃśca strīpuruṣān itarānapi cendriyārthānavadātān paśyet ca→saumyākṛtivacanopacāraceṣṭāṃśca +strī
e ahani → e 'hany	consonant / other	1	0.0	anena vidhinā saptarātraṃ sthitvāṣṭame 'hany āplutyādbhiḥ saśiraskaṃ saha bhartrā ahatāni vastrāṇyācchādayed avadātāni avadātāśca srajo bhūṣaṇāni ca bibhṛyāt aṣṭame+'hany
ahani s → 'hany s	consonant / other	1	0.0	anena vidhinā saptarātraṃ sthitvāṣṭame 'hany āplutyādbhiḥ saśiraskaṃ saha bhartrā ahatāni vastrāṇyācchādayed avadātāni avadātāśca srajo bhūṣaṇāni ca bibhṛyāt 'hany+saha
s ṛ → Ø ṛ	consonant / other	1	0.0	tata ṛtvik prāguttarasyāṃ diśyagārasya prākpravaṇam udakpravaṇaṃ vā pradeśamabhisamīkṣya gomayodakābhyāṃ sthaṇḍilamupalipya prokṣya codakena vedīm asmin sthāpayet tata+ṛtvik
k → lametadeva k	consonant / other	1	0.0	na khalu kevalametadeva karma varṇavaiśeṣyakaraṃ bhavati eva→kevalametadeva +karma
y → rakalkāṃśca y	anusvāra / nasal	1	0.0	goṣṭhe jātasya nyagrodhasya prāguttarābhyāṃ śākhābhyāṃ śuṅge anupahate ādāya dvābhyāṃ dhānyamāṣābhyāṃ saṃpadupetābhyāṃ gaurasarṣapābhyāṃ vā saha dadhni prakṣipya puṣyeṇa pibet tathaivāparāñ jīvakarṣabhakāpāmārgasahacarakalkāṃśca yugapadekaikaśo yatheṣṭaṃ vāpyupasaṃskṛtya payasā kuḍyakīṭakaṃ matsyakaṃ vodakāñjalau prakṣipya puṣyeṇa pibet tathā kanakamayān rājatān āyasāṃśca puruṣakān agnivarṇān aṇuprabhāṇān dadhni payasyudakāñjalau vā prakṣipya pibed anavaśeṣataḥ puṣyeṇa puṣyeṇaiva ca śālipiṣṭasya pacyamānasyoṣmāṇam upāghrāya tasyaiva ca piṣṭasyodakasaṃsṛṣṭasya rasaṃ dehalyām upanidhāya dakṣiṇe nāsāpuṭe svayamāsiñcet picunā ca→jīvakarṣabhakāpāmārgasahacarakalkāṃśca +yugapad
ḥ u → stair u	visarga	1	0.0	tathā sarvāsāṃ jīvanīyoktānām oṣadhīnāṃ sadopayogas taistair upayogavidhibhiḥ taiḥ→taistair +upayoga
nam m → ṇaṃ m	anusvāra / nasal	1	0.0	pratatottānaśāyinyāḥ punargarbhasya nābhyāśrayā nāḍī kaṇṭhamanuveṣṭayati vivṛtaśāyinī naktaṃcāriṇī conmattaṃ janayati apasmāriṇaṃ punaḥ kalikalahaśīlā vyavāyaśīlā durvapuṣam ahrīkaṃ straiṇaṃ vā śokanityā bhītam apacitam alpāyuṣaṃ vā abhidhyātrī paropatāpinam īrṣyuṃ straiṇaṃ vā stenā tvāyāsabahulam atidrohiṇam akarmaśīlaṃ vā amarṣiṇī caṇḍamaupadhikam asūyakaṃ vā svapnanityā tandrālumabudham alpāgniṃ vā madyanityā pipāsālum alpasmṛtim anavasthitacittaṃ vā godhāmāṃsaprāyā śārkariṇam aśmariṇaṃ śanairmehiṇaṃ vā varāhamāṃsaprāyā raktākṣaṃ krathanam atiparuṣaromāṇaṃ vā matsyamāṃsanityā ciranimeṣaṃ stabdhākṣaṃ vā madhuranityā pramehiṇaṃ mūkamatisthūlaṃ vā amlanityā raktapittinaṃ tvagakṣirogiṇaṃ vā lavaṇanityā śīghravalīpalitaṃ khālityarogiṇaṃ vā kaṭukanityā durbalam alpaśukram anapatyaṃ vā tiktanityā śoṣiṇamabalamanupacitaṃ vā kaṣāyanityā śyāvam ānāhinam udāvartinaṃ vā yadyacca yasya yasya vyādher nidānamuktaṃ tattadāsevamānāntarvatnī tannimittavikārabahulam apatyaṃ janayati pramehiṇaṃ+mūkam
ṣu v → bhir v	consonant / other	1	0.0	aṣṭamaṃ māsamupādāya vamanādisādhyeṣu punarvikāreṣvātyayikeṣu mṛdubhir vamanādibhis tadarthakāribhir vopacāraḥ syāt mṛdubhir+vamana
m b → devaināṃ b	anusvāra / nasal	1	0.0	puṣpadarśanādevaināṃ brūyāt śayanaṃ tāvanmṛdusukhaśiśirāstaraṇasaṃstīrṇam īṣadavanataśiraskaṃ pratipadyasveti enām→puṣpadarśanādevaināṃ +brūyāt
_ p → kṣīrasarpiṣoḥ p	consonant / other	1	0.0	tato yaṣṭīmadhukasarpirbhyāṃ paramaśiśiravāriṇi saṃsthitābhyāṃ picum āplāvyopasthasamīpe sthāpayet tasyāḥ tathā śatadhautasahasradhautābhyāṃ sarpirbhyāmadhonābheḥ sarvataḥ pradihyāt sarvataśca gavyena caināṃ payasā suśītena madhukāmbunā vā nyagrodhādikaṣāyeṇa vā pariṣecayedadho nābheḥ udakaṃ vā suśītam avagāhayet kṣīriṇāṃ kaṣāyadrumāṇāṃ ca svarasaparipītāni celāni grāhayet nyagrodhādiśuṅgāsiddhayor vā kṣīrasarpiṣoḥ picuṃ grāhayet ataścaivākṣamātraṃ prāśayet prāśayedvā kevalaṃ kṣīrasarpiḥ padmotpalakumudakiñjalkāṃścāsyai samadhuśarkarān lehārthaṃ dadyāt śṛṅgāṭakapuṣkarabījakaśerukān bhakṣaṇārthaṃ gandhapriyaṅgvasitotpalaśālūkodumbaraśalāṭunyagrodhaśuṅgāni vā pāyayedenāmājena payasā payasā caināṃ balātibalāśāliṣaṣṭikekṣumūlakākolīśṛtena samadhuśarkaraṃ raktaśālīnāmodanaṃ mṛdusurabhiśītalaṃ bhojayet lāvakapiñjalakuraṅgaśambaraśaśahariṇaiṇakālapucchakarasena vā ghṛtasusaṃskṛtena sukhaśiśiropavātadeśasthāṃ bhojayet krodhaśokāyāsavyavāyavyāyāmebhyaś cābhirakṣet saumyābhiścaināṃ kathābhir mano'nukūlābhir upāsīta tathāsyā garbhastiṣṭhati _→kṣīrasarpiṣoḥ +picuṃ
t → gvādibhirvā t	consonant / other	1	0.0	vyapagatagarbhaśalyāṃ tu striyam āmagarbhāṃ surāsīdhvariṣṭamadhumadirāsavānām anyatamam agre sāmarthyataḥ pāyayed garbhakoṣṭhaśuddhyartham artivismaraṇārthaṃ praharṣaṇārthaṃ ca ataḥ paraṃ samprīṇanair balānurakṣibhir asnehasamprayuktair yavāgvādibhirvā tatkālayogibhir āhārair upacared doṣadhātukledaviśoṣaṇamātraṃ kālam vā→yavāgvādibhirvā +tad
u _ → u kaṇḍvām	consonant / other	1	0.0	tatra kolodakena navanītamadhurauṣadhasiddhasya pāṇitalamātraṃ kāle kāle'syai pānārthaṃ dadyāt candanamṛṇālakalkaiścāsyāḥ stanodaraṃ vimṛdnīyāt śirīṣadhātakīsarṣapamadhukacūrṇair vā kuṭajārjakabījamustaharidrākalkairvā nimbakolasurasamañjiṣṭhākalkair vā pṛṣatahariṇaśaśarudhirayutayā triphalayā vā karavīrapatrasiddhena tailenābhyaṅgaḥ pariṣekaḥ punar mālatīmadhukasiddhenāmbhasā jātakaṇḍūśca kaṇḍūyanaṃ varjayettvagbhedavairūpyaparihārārtham asahyāyāṃ tu kaṇḍvām unmardanoddharṣaṇābhyāṃ parihāraḥ syāt madhuramāhārajātaṃ vātaharam alpam asnehalavaṇam alpodakānupānaṃ ca bhuñjīta tu+kaṇḍvām
_ u → kaṇḍvām u	consonant / other	1	0.0	tatra kolodakena navanītamadhurauṣadhasiddhasya pāṇitalamātraṃ kāle kāle'syai pānārthaṃ dadyāt candanamṛṇālakalkaiścāsyāḥ stanodaraṃ vimṛdnīyāt śirīṣadhātakīsarṣapamadhukacūrṇair vā kuṭajārjakabījamustaharidrākalkairvā nimbakolasurasamañjiṣṭhākalkair vā pṛṣatahariṇaśaśarudhirayutayā triphalayā vā karavīrapatrasiddhena tailenābhyaṅgaḥ pariṣekaḥ punar mālatīmadhukasiddhenāmbhasā jātakaṇḍūśca kaṇḍūyanaṃ varjayettvagbhedavairūpyaparihārārtham asahyāyāṃ tu kaṇḍvām unmardanoddharṣaṇābhyāṃ parihāraḥ syāt madhuramāhārajātaṃ vātaharam alpam asnehalavaṇam alpodakānupānaṃ ca bhuñjīta kaṇḍvām+unmardana
ḥ h → h	visarga	1	0.0	prāk caivāsyā navamānmāsāt sūtikāgāraṃ kārayedapahṛtāsthiśarkarākapāle deśe praśastarūparasagandhāyāṃ bhūmau prāgdvāram udagdvāraṃ vā bailvānāṃ kāṣṭhānāṃ taindukaiṅgudakānāṃ bhāllātakānāṃ vāraṇānāṃ khādirāṇāṃ vā yāni cānyānyapi brāhmaṇāḥ śaṃseyur atharvavedavidasteṣāṃ vasanālepanācchādanāpidhānasaṃpadupetaṃ vāstuvidyāhṛdayayogāgnisalilodūkhalavarcaḥsthānasnānabhūmimahānasam ṛtusukhaṃ ca vāstuvidyāḥ+hṛdaya→vāstuvidyāhṛdayayogāgnisalilodūkhalavarcaḥsthānasnānabhūmimahānasam
t g → ṃ g	anusvāra / nasal	1	0.0	sā ced āvībhiḥ saṃkliśyamānā na prajāyetāthaināṃ brūyāt uttiṣṭha musalamanyataraṃ gṛhṇīṣva anenaitad ulūkhalaṃ dhānyapūrṇaṃ muhurmuhur abhijahi muhurmuhur avajṛmbhasva caṅkramasva cāntarāntareti evamupadiśantyeke anyatarat→musalamanyataraṃ +gṛhṇīṣva
āyāḥ n → yā n	visarga	1	0.0	dāruṇavyāyāmavarjanaṃ hi garbhiṇyāḥ satatam upadiśyate viśeṣataśca prajananakāle pracalitasarvadhātudoṣāyāḥ sukumāryā nāryā musalavyāyāmasamīrito vāyurantaraṃ labdhvā prāṇān hiṃsyāt duṣpratīkāratamā hi tasmin kāle viśeṣeṇa bhavati garbhiṇī tasmānmusalagrahaṇaṃ parihāryamṛṣayo manyante jṛmbhaṇaṃ caṅkramaṇaṃ ca punaranuṣṭheyam iti sukumāryā+nāryā
k → ntarā k	consonant / other	1	0.0	tasyāścāntarāntarā kaṭīpārśvapṛṣṭhasakthideśān īṣad uṣṇena tailenābhyajyānusukham avamṛdnīyāt antarā→tasyāścāntarāntarā +kaṭi
ā s → ṃ s	anusvāra / nasal	1	0.0	sagarbhāṃ tvāṃ sadā pāntu vaiśalyaṃ ca diśantu te tvāṃ+sadā
m p → Ø p	anusvāra / nasal	1	0.0	tāścaināṃ yathoktaguṇāḥ striyo'nuśiṣyuḥ anāgatāvīr mā pravāhiṣṭhāḥ yā hyanāgatāvīḥ pravāhate vyarthamevāsyāstat karma bhavati prajā cāsyā vikṛtā vikṛtimāpannā ca śvāsakāsaśoṣaplīhaprasaktā vā bhavati mā+pravāhiṣṭhāḥ
iḥ m → īr m	visarga	1	0.0	tāścaināṃ yathoktaguṇāḥ striyo'nuśiṣyuḥ anāgatāvīr mā pravāhiṣṭhāḥ yā hyanāgatāvīḥ pravāhate vyarthamevāsyāstat karma bhavati prajā cāsyā vikṛtā vikṛtimāpannā ca śvāsakāsaśoṣaplīhaprasaktā vā bhavati āviḥ→anāgatāvīr +mā
aḥ api → o 'py	visarga	1	0.0	yathā hi kṣavathūdgāravātamūtrapurīṣavegān prayatamāno 'py aprāptakālān na labhate kṛcchreṇa vāpyavāpnoti tathānāgatakālaṃ garbhamapi pravāhamāṇā yathā caiṣāmeva kṣavathvādīnāṃ saṃdhāraṇam upaghātāyopapadyate tathā prāptakālasya garbhasyāpravāhaṇamiti prayatamāno+'py
v → metenaiva v	consonant / other	1	0.0	stanamata ūrdhvametenaiva vidhinā dakṣiṇaṃ pātuṃ purastāt prayacchet eva→ūrdhvametenaiva +vidhinā
n → o n	consonant / other	1	0.0	kaṇakakaṇṭakendhanavān agnis tindukakāṣṭhendhanaś cāgniḥ sūtikāgārasyābhyantarato nityaṃ syāt abhyantarāt→sūtikāgārasyābhyantarato +nityaṃ
ḥ d → ś d	visarga	1	0.0	striyaścaināṃ yathoktaguṇāḥ suhṛdaś cānuścānujāgṛyur daśāhaṃ dvādaśāhaṃ vā suhṛdaś+daśa
ñcam s → k s	consonant / other	1	0.0	ubhayataḥkālaṃ coṣṇodakena ca pariṣecayet prāk snehayavāgūpānābhyām prāk+sneha
a v → ' v	consonant / other	1	0.0	daśame tvahani saputrā strī sarvagandhauṣadhair gaurasarṣapalodhraiśca snātā laghvahataśucivastraṃ paridhāya pavitreṣṭalaghuvicitrabhūṣaṇavatī ca saṃspṛśya maṅgalānyucitām arcayitvā ca devatāṃ śikhinaḥ śuklavāsaso 'vyaṅgāṃśca brāhmaṇān svasti vācayitvā kumāramahatānāṃ ca vāsasāṃ saṃcaye prākśirasam udakśirasaṃ vā saṃveśya devatāpūrvaṃ dvijātibhyaḥ praṇamatītyuktvā kumārasya pitā dve nāmanī kārayennākṣatrikaṃ nāmābhiprāyikaṃ ca a+vyaṅgān→'vyaṅgāṃśca
uḥ m → vī m	visarga	1	0.0	tadyathā ekaikajā mṛdavo'lpāḥ snigdhāḥ subaddhamūlāḥ kṛṣṇāḥ keśāḥ praśasyante sthirā bahalā tvak prakṛtyātisampannam īṣatpramāṇātivṛttam anurūpam ātapatropamaṃ śiraḥ vyūḍhaṃ dṛḍhaṃ samaṃ suśliṣṭaśaṅkhasandhyūrdhvavyañjanasampannam upacitaṃ valibham ardhacandrākṛti lalāṭaṃ bahalau vipulasamapīṭhau samau nīcair vṛddhau pṛṣṭhato'vanatau suśliṣṭakarṇaputrakau mahāchidrau karṇau īṣat pralambinyāvasaṃgate same saṃhate mahatyau bhruvau same samāhitadarśane vyaktabhāgavibhāge balavatī tejasopapanne svaṅgāpāṅge cakṣuṣī ṛjvī mahocchvāsā vaṃśasampanneṣadavanatāgrā nāsikā mahadṛjusuniviṣṭadantam āsyam āyāmavistāropapannā ślakṣṇā tanvī prakṛtivarṇayuktā jihvā ślakṣṇaṃ yuktopacayam ūṣmopapannaṃ raktaṃ tālu mahān adīnaḥ snigdho 'nunādī gambhīrasamuttho dhīraḥ svaraḥ nātisthūlau nātikṛśau vistāropapannāvāsyapracchādanau raktāvoṣṭhau mahatyau hanū vṛttā nātimahatī grīvā vyūḍhamupacitam uraḥ gūḍhaṃ jatru pṛṣṭhavaṃśaśca viprakṛṣṭāntarau stanau asaṃpātinī sthire pārśve vṛttaparipūrṇāyatau bāhū sakthinī aṅgulayaśca mahadupacitaṃ pāṇipādaṃ sthirā vṛttāḥ snigdhāstāmrāstuṅgāḥ kūrmākārāḥ karajāḥ pradakṣiṇāvartā sotsaṅgā ca nābhiḥ urastribhāgahīnā samā samupacitamāṃsā kaṭī vṛttau sthiropacitamāṃsau nātyunnatau nātyavanatau sphicau anupūrvaṃ vṛttāvupacayayuktāvūrū nātyupacite nātyapacite eṇīpade pragūḍhasirāsthisaṃdhī jaṅghe nātyupacitau nātyapacitau gulphau pūrvopadiṣṭaguṇau pādau kūrmākārau prakṛtiyuktāni vātamūtrapurīṣaguhyāni tathā svaprajāgaraṇāyāsasmitaruditastanagrahaṇāni yacca kiṃcid anyad apyanuktam asti tadapi sarvaṃ prakṛtisampannam iṣṭaṃ viparītaṃ punaraniṣṭam ṛjvī+mahā
uḥ p → vī p	visarga	1	0.0	tadyathā ekaikajā mṛdavo'lpāḥ snigdhāḥ subaddhamūlāḥ kṛṣṇāḥ keśāḥ praśasyante sthirā bahalā tvak prakṛtyātisampannam īṣatpramāṇātivṛttam anurūpam ātapatropamaṃ śiraḥ vyūḍhaṃ dṛḍhaṃ samaṃ suśliṣṭaśaṅkhasandhyūrdhvavyañjanasampannam upacitaṃ valibham ardhacandrākṛti lalāṭaṃ bahalau vipulasamapīṭhau samau nīcair vṛddhau pṛṣṭhato'vanatau suśliṣṭakarṇaputrakau mahāchidrau karṇau īṣat pralambinyāvasaṃgate same saṃhate mahatyau bhruvau same samāhitadarśane vyaktabhāgavibhāge balavatī tejasopapanne svaṅgāpāṅge cakṣuṣī ṛjvī mahocchvāsā vaṃśasampanneṣadavanatāgrā nāsikā mahadṛjusuniviṣṭadantam āsyam āyāmavistāropapannā ślakṣṇā tanvī prakṛtivarṇayuktā jihvā ślakṣṇaṃ yuktopacayam ūṣmopapannaṃ raktaṃ tālu mahān adīnaḥ snigdho 'nunādī gambhīrasamuttho dhīraḥ svaraḥ nātisthūlau nātikṛśau vistāropapannāvāsyapracchādanau raktāvoṣṭhau mahatyau hanū vṛttā nātimahatī grīvā vyūḍhamupacitam uraḥ gūḍhaṃ jatru pṛṣṭhavaṃśaśca viprakṛṣṭāntarau stanau asaṃpātinī sthire pārśve vṛttaparipūrṇāyatau bāhū sakthinī aṅgulayaśca mahadupacitaṃ pāṇipādaṃ sthirā vṛttāḥ snigdhāstāmrāstuṅgāḥ kūrmākārāḥ karajāḥ pradakṣiṇāvartā sotsaṅgā ca nābhiḥ urastribhāgahīnā samā samupacitamāṃsā kaṭī vṛttau sthiropacitamāṃsau nātyunnatau nātyavanatau sphicau anupūrvaṃ vṛttāvupacayayuktāvūrū nātyupacite nātyapacite eṇīpade pragūḍhasirāsthisaṃdhī jaṅghe nātyupacitau nātyapacitau gulphau pūrvopadiṣṭaguṇau pādau kūrmākārau prakṛtiyuktāni vātamūtrapurīṣaguhyāni tathā svaprajāgaraṇāyāsasmitaruditastanagrahaṇāni yacca kiṃcid anyad apyanuktam asti tadapi sarvaṃ prakṛtisampannam iṣṭaṃ viparītaṃ punaraniṣṭam tanvī+prakṛti
ā ṛ → ad ṛ	vowel coalescence	1	0.0	tadyathā ekaikajā mṛdavo'lpāḥ snigdhāḥ subaddhamūlāḥ kṛṣṇāḥ keśāḥ praśasyante sthirā bahalā tvak prakṛtyātisampannam īṣatpramāṇātivṛttam anurūpam ātapatropamaṃ śiraḥ vyūḍhaṃ dṛḍhaṃ samaṃ suśliṣṭaśaṅkhasandhyūrdhvavyañjanasampannam upacitaṃ valibham ardhacandrākṛti lalāṭaṃ bahalau vipulasamapīṭhau samau nīcair vṛddhau pṛṣṭhato'vanatau suśliṣṭakarṇaputrakau mahāchidrau karṇau īṣat pralambinyāvasaṃgate same saṃhate mahatyau bhruvau same samāhitadarśane vyaktabhāgavibhāge balavatī tejasopapanne svaṅgāpāṅge cakṣuṣī ṛjvī mahocchvāsā vaṃśasampanneṣadavanatāgrā nāsikā mahadṛjusuniviṣṭadantam āsyam āyāmavistāropapannā ślakṣṇā tanvī prakṛtivarṇayuktā jihvā ślakṣṇaṃ yuktopacayam ūṣmopapannaṃ raktaṃ tālu mahān adīnaḥ snigdho 'nunādī gambhīrasamuttho dhīraḥ svaraḥ nātisthūlau nātikṛśau vistāropapannāvāsyapracchādanau raktāvoṣṭhau mahatyau hanū vṛttā nātimahatī grīvā vyūḍhamupacitam uraḥ gūḍhaṃ jatru pṛṣṭhavaṃśaśca viprakṛṣṭāntarau stanau asaṃpātinī sthire pārśve vṛttaparipūrṇāyatau bāhū sakthinī aṅgulayaśca mahadupacitaṃ pāṇipādaṃ sthirā vṛttāḥ snigdhāstāmrāstuṅgāḥ kūrmākārāḥ karajāḥ pradakṣiṇāvartā sotsaṅgā ca nābhiḥ urastribhāgahīnā samā samupacitamāṃsā kaṭī vṛttau sthiropacitamāṃsau nātyunnatau nātyavanatau sphicau anupūrvaṃ vṛttāvupacayayuktāvūrū nātyupacite nātyapacite eṇīpade pragūḍhasirāsthisaṃdhī jaṅghe nātyupacitau nātyapacitau gulphau pūrvopadiṣṭaguṇau pādau kūrmākārau prakṛtiyuktāni vātamūtrapurīṣaguhyāni tathā svaprajāgaraṇāyāsasmitaruditastanagrahaṇāni yacca kiṃcid anyad apyanuktam asti tadapi sarvaṃ prakṛtisampannam iṣṭaṃ viparītaṃ punaraniṣṭam mahā+ṛju→mahadṛjusuniviṣṭadantam
as dh → o dh	consonant / other	1	0.0	ato dhātrīparīkṣāmupadekṣyāmaḥ ato+dhātrī
d n → t n	consonant / other	1	0.0	tatreyaṃ stanasaṃpat nātyūrdhvau nātilambāvanatikṛśāvanatipīnau yuktapippalakau sukhaprapānau ceti stanasaṃpat saṃpad→stanasaṃpat +na
c → ārogyakaraṃ c	anusvāra / nasal	1	0.0	stanyasaṃpattu prakṛtivarṇagandharasasparśam udapātre ca duhyamānam udakaṃ vyeti prakṛtibhūtatvāt tat puṣṭikaramārogyakaraṃ ceti stanyasaṃpat karam→puṣṭikaramārogyakaraṃ +ca
nyaḥ c → ṇyaś c	visarga	1	0.0	kṣīrajananāni tu madyāni sīdhuvarjyāni grāmyānūpaudakāni ca śākadhānyamāṃsāni dravamadhurāmlalavaṇabhūyiṣṭhāś cāhārāḥ kṣīriṇyaś cauṣadhayaḥ kṣīrapānam anāyāsaśca vīraṇaṣaṣṭikaśālīkṣuvālikādarbhakuśakāśagundretkaṭamūlakaṣāyāṇāṃ na pānamiti kṣīrajananāni kṣīriṇyaś+ca
yāḥ dh → er dh	visarga	1	0.0	evamenaṃ kumāram ā yauvanaprāpter dharmārthakauśalāgamanāccānupālayet prāptyāḥ→yauvanaprāpter +dharma
e anasūyakaḥ → e 'nasūyaka	visarga	1	0.0	tadācaran yathoktairvidhibhiḥ pūjāṃ yatheṣṭaṃ labhate 'nasūyaka iti labhate+'nasūyaka
anasūyakaḥ i → 'nasūyaka i	visarga	1	0.0	tadācaran yathoktairvidhibhiḥ pūjāṃ yatheṣṭaṃ labhate 'nasūyaka iti 'nasūyaka+iti
ś → kṣuśca ś	consonant / other	1	0.0	iha khalu varṇaśca svaraśca gandhaśca rasaśca sparśaśca cakṣuśca śrotraṃ ca ghrāṇaṃ ca rasanaṃ ca sparśanaṃ ca sattvaṃ ca bhaktiśca śaucaṃ ca śīlaṃ cācāraśca smṛtiścākṛtiśca prakṛtiśca vikṛtiśca balaṃ ca glāniśca medhā ca harṣaśca raukṣyaṃ ca snehaśca tandrā cārambhaśca gauravaṃ ca lāghavaṃ ca guṇāścāhāraśca vihāraścāhārapariṇāmaścopāyaś cāpāyaśca vyādhiśca vyādhipūrvarūpaṃ ca vedanāścopadravāśca chāyā ca praticchāyā ca svapnadarśanaṃ ca dūtādhikāraśca pathi cautpātikaṃ cāturakule bhāvāvasthāntarāṇi ca bheṣajasaṃvṛttiśca bheṣajavikārayuktiśceti parīkṣyāṇi pratyakṣānumānopadeśair āyuṣaḥ pramāṇāvaśeṣaṃ jijñāsamānena bhiṣajā ca→cakṣuśca +śrotraṃ
p → śceti p	consonant / other	1	0.0	iha khalu varṇaśca svaraśca gandhaśca rasaśca sparśaśca cakṣuśca śrotraṃ ca ghrāṇaṃ ca rasanaṃ ca sparśanaṃ ca sattvaṃ ca bhaktiśca śaucaṃ ca śīlaṃ cācāraśca smṛtiścākṛtiśca prakṛtiśca vikṛtiśca balaṃ ca glāniśca medhā ca harṣaśca raukṣyaṃ ca snehaśca tandrā cārambhaśca gauravaṃ ca lāghavaṃ ca guṇāścāhāraśca vihāraścāhārapariṇāmaścopāyaś cāpāyaśca vyādhiśca vyādhipūrvarūpaṃ ca vedanāścopadravāśca chāyā ca praticchāyā ca svapnadarśanaṃ ca dūtādhikāraśca pathi cautpātikaṃ cāturakule bhāvāvasthāntarāṇi ca bheṣajasaṃvṛttiśca bheṣajavikārayuktiśceti parīkṣyāṇi pratyakṣānumānopadeśair āyuṣaḥ pramāṇāvaśeṣaṃ jijñāsamānena bhiṣajā iti→bheṣajavikārayuktiśceti +parīkṣyāṇi
yāḥ v → ito v	visarga	1	0.0	tatra yāni puruṣam anāśritāni tānyupadeśato yuktitaśca parīkṣeta puruṣasaṃśrayāṇi punaḥ prakṛtito vikṛtitaśca prakṛtito+vikṛtyāḥ
d ś → c ś	consonant / other	1	0.0	tatra lakṣaṇanimittā nāma sā yasyāḥ śarīre lakṣaṇānyeva hetubhūtāni bhavanti daivāt lakṣaṇāni hi kānicic charīropanibaddhāni bhavanti yāni hi tasmiṃstasmin kāle tatrādhiṣṭhānamāsādya tāṃ tāṃ vikṛtimutpādayanti kānicic+śarīra
iyoḥ a → yor a	visarga	1	0.0	oṣṭhayoḥ pādayoḥ pāṇyor akṣṇor mūtrapurīṣayoḥ pāṇyor+akṣṇor
iṇoḥ m → ṇor m	visarga	1	0.0	oṣṭhayoḥ pādayoḥ pāṇyor akṣṇor mūtrapurīṣayoḥ akṣṇor+mūtra
bh → lasyeha bh	consonant / other	1	0.0	puṣpaṃ yathā pūrvarūpaṃ phalasyeha bhaviṣyataḥ iha→phalasyeha +bhaviṣyataḥ
n → nasyeva n	consonant / other	1	0.0	puṣpitasya vanasyeva nānādrumalatāvataḥ iva→vanasyeva +nānā
ṇām bh → nāṃ bh	anusvāra / nasal	1	0.0	iti lakṣaṇaṃ spṛśyānāṃ bhāvānāmuktaṃ samāsena spṛśyānāṃ+bhāvānām
n p → t p	consonant / other	1	0.0	jāgrat paśyati yaḥ pretān rakṣāṃsi vividhāni ca jāgrat+paśyati
aḥ agnim → o 'gniṃ	visarga	1	0.0	yo 'gniṃ prakṛtivarṇasthaṃ nīlaṃ paśyati niṣprabham yo+'gniṃ
v → meghān v	consonant / other	1	0.0	marīcīn asato meghānmeghān vāpyasato 'mbare meghān→meghānmeghān +vā
e asat → e 'sad	consonant / other	1	0.0	paśyanti ye 'sad bahuśas teṣāṃ maraṇamādiśet ye+'sad
asat b → 'sad b	consonant / other	1	0.0	paśyanti ye 'sad bahuśas teṣāṃ maraṇamādiśet 'sad+bahuśas
j j → k j	consonant / other	1	0.0	maraṇaṃ jīvitaṃ caiva sa bhiṣak jñātumarhati bhiṣak+jñātum
n s → t s	consonant / other	1	0.0	bahūn bahuvidhān jāgrat so 'pasmāreṇa badhyate jāgrat+so
ś ch → k ch	consonant / other	1	0.0	sa cettādṛk chardayati pratibuddho na jīvati tādṛś→cettādṛk +chardayati
h y → d y	consonant / other	1	0.0	upānadyuganāśaśca prapātaḥ pādacarmaṇoḥ upānah+yuga→upānadyuganāśaśca
n u → nn u	consonant / other	1	0.0	raktamālī hasannuccairdigvāsā dakṣiṇāṃ diśam hasan+uccais→hasannuccairdigvāsā
aḥ atyartham → o 'tyarthaṃ	visarga	1	0.0	pāṇḍuraśca kṛśo 'tyarthaṃ tṛṣṇayābhipariplutaḥ kṛśo+'tyarthaṃ
atyartham t → 'tyarthaṃ t	anusvāra / nasal	1	0.0	pāṇḍuraśca kṛśo 'tyarthaṃ tṛṣṇayābhipariplutaḥ 'tyarthaṃ+tṛṣṇayā
au y → yāṃ y	anusvāra / nasal	1	0.0	dṛṣṭyāṃ yasya vijānīyāt pannarūpāṃ kumārikām dṛṣṭyāṃ+yasya
iṇoḥ n → ṇor n	visarga	1	0.0	praticchāyāmayīm akṣṇor nainamiccheccikitsitum akṣṇor+na
uḥ d → vī d	visarga	1	0.0	naṣṭā tanvī dvidhā chinnā vikṛtā viśirā ca yā tanvī+dvidhā
ā n → ī n	consonant / other	1	0.0	nābhasī nirmalā nīlā sasnehā saprabheva ca nābhasī+nirmalā
ṝṇām ś → ṛṇāṃ ś	anusvāra / nasal	1	0.0	nṛṇāṃ śubhāśubhotpattiṃ kāle chāyāprabhāśrayāḥ nṛṇāṃ+śubha
uḥ k → vī k	visarga	1	0.0	stabdhā niścetanā gurvī kaṇṭakopacitā bhṛśam gurvī+kaṇṭaka
n a → d a	consonant / other	1	0.0	dantān khādati yo jāgradasāmnā virudan hasan jāgran+asāmnā→jāgradasāmnā
ṃdhīnām m → ndhīnāṃ m	anusvāra / nasal	1	0.0	viśleṣaṇaṃ ca sandhīnāṃ mumūrṣorupajāyate sandhīnāṃ+mumūrṣoḥ
ā l → ni l	consonant / other	1	0.0	imāni liṅgāni nareṣu buddhimān vibhāvayetāvahito mumūrṣuṣu imāni+liṅgāni
ṅkṣaṇam c → ṃkṣaṇaṃ c	anusvāra / nasal	1	0.0	vaṃkṣaṇaṃ ca gudaṃ cobhe gṛhītvā māruto balī vaṃkṣaṇaṃ+ca
mmohaḥ g → ṃmoho g	visarga	1	0.0	śarīrakampaḥ saṃmoho gatirvacanameva ca saṃmoho+gatiḥ
ḥ asthī → ḥ 'sth	visarga	1	0.0	saṃbhramo 'tipralāpo 'tibhedo 'sthnām atidāruṇaḥ bhedaḥ+'sthnām
j bh → g bh	consonant / other	1	0.0	bhiṣagbheṣajapānānnagurumitradviṣaśca ye bhiṣaj+bheṣaja→bhiṣagbheṣajapānānnagurumitradviṣaśca
e _ → e bhiṣaji	consonant / other	1	0.0	supte bhiṣaji ye dūtāśchindatyapi ca bhindati supte+bhiṣaji
_ y → bhiṣaji y	consonant / other	1	0.0	supte bhiṣaji ye dūtāśchindatyapi ca bhindati bhiṣaji+ye
mprahāraḥ v → ṃprahāro v	visarga	1	0.0	ākrośaḥ saṃprahāro vā pratiṣedho vigarhaṇam saṃprahāro+vā
a m → ' m	consonant / other	1	0.0	śrūyate 'maṅgalaṃ yasya nāsti tasya cikitsitam a+maṅgalam→'maṅgalaṃ
atyartham j → 'tyarthaṃ j	anusvāra / nasal	1	0.0	annaṃ vyāpadyate 'tyarthaṃ jyotiścaivopaśāmyati 'tyarthaṃ+jyotiḥ
aḥ antyam → o 'ntyaṃ	visarga	1	0.0	tantrayantreṣu bhinneṣu tamo 'ntyaṃ pravivikṣatām tamo+'ntyaṃ
antyam p → 'ntyaṃ p	anusvāra / nasal	1	0.0	tantrayantreṣu bhinneṣu tamo 'ntyaṃ pravivikṣatām 'ntyaṃ+pravivikṣatām
ī ā → īr ā	vowel coalescence	1	0.0	autsukyaṃ bhajate sattvaṃ ceto bhīrāviśatyapi bhī+āviśati→bhīrāviśatyapi
atyartham bh → 'tyarthaṃ bh	anusvāra / nasal	1	0.0	śīlaṃ vyāvartate 'tyarthaṃ bhaktiśca parivartate 'tyarthaṃ+bhaktiḥ
atyartham v → 'tyarthaṃ v	anusvāra / nasal	1	0.0	prakṛtirhīyate 'tyarthaṃ vikṛtiścābhivardhate 'tyarthaṃ+vikṛtiḥ
i _ → i bhiṣagvidā	consonant / other	1	0.0	maraṇāyeha rūpāṇi paśyatāpi bhiṣagvidā api+bhiṣagvidā
a ś → cā ś	consonant / other	1	0.0	vinā deśam aśastaṃ cāśastautpātikalakṣaṇam a+śasta→cāśastautpātikalakṣaṇam
trāṇām c → rāṇāṃ c	anusvāra / nasal	1	0.0	haṃsānāṃ śatapatrāṇāṃ cāṣāṇāṃ śikhināṃ tathā śatapatrāṇāṃ+cāṣāṇāṃ
ṇām gh → nāṃ gh	anusvāra / nasal	1	0.0	matsyājadvijaśaṅkhānāṃ priyaṅgūnāṃ ghṛtasya ca priyaṅgūnāṃ+ghṛtasya
m _ → ṃ bhiṣagvidā	anusvāra / nasal	1	0.0	itīdamuktaṃ prakṛtaṃ yathātathaṃ tadanvavekṣyaṃ satataṃ bhiṣagvidā satataṃ+bhiṣagvidā
s abhayāmalakīyam → s 'bhayāmalakīyaṃ	anusvāra / nasal	1	0.0	athāto 'bhayāmalakīyaṃ rasāyanapādaṃ vyākhyāsyāmaḥ atas+'bhayāmalakīyaṃ
abhayāmalakīyam r → 'bhayāmalakīyaṃ r	anusvāra / nasal	1	0.0	athāto 'bhayāmalakīyaṃ rasāyanapādaṃ vyākhyāsyāmaḥ 'bhayāmalakīyaṃ+rasāyana
um v → vīṃ v	anusvāra / nasal	1	0.0	doṣānulomanīṃ laghvīṃ vidyāddīpanapācanīm laghvīṃ+vidyāt
ām l → īṃ l	anusvāra / nasal	1	0.0	doṣānulomanīṃ laghvīṃ vidyāddīpanapācanīm anulomanām→doṣānulomanīṃ +laghvīṃ
ām b → īṃ b	anusvāra / nasal	1	0.0	sarvarogapraśamanīṃ buddhīndriyabalapradām praśamanām→sarvarogapraśamanīṃ +buddhīndriya
d → ni d	consonant / other	1	0.0	vinīya tasminniryūhe cūrṇānīmāni dāpayet imā→cūrṇānīmāni +dāpayet
t _ → d anannabhug	consonant / other	1	0.0	athāmalakaharītakīnām āmalakavibhītakānāṃ harītakīvibhītakānām āmalakaharītakīvibhītakānāṃ vā palāśatvagavanaddhānāṃ mṛdāvaliptānāṃ kukūlasvinnānām akulakānāṃ palasahasramulūkhale saṃpothya dadhighṛtamadhupalalatailaśarkarāsaṃyuktaṃ bhakṣayed anannabhug yathoktena vidhinā tasyānte yavāgvādibhiḥ pratyavasthāpanam abhyaṅgotsādanaṃ sarpiṣā yavacūrṇaiśca ayaṃca rasāyanaprayogaprakarṣo dvistāvadagnibalam abhisamīkṣya pratibhojanaṃ yūṣeṇa payasā vā ṣaṣṭikaḥ sasarpiṣkaḥ ataḥ paraṃ yathāsukhavihāraḥ kāmabhakṣyaḥ syāt bhakṣayed+anannabhug
_ y → anannabhug y	consonant / other	1	0.0	athāmalakaharītakīnām āmalakavibhītakānāṃ harītakīvibhītakānām āmalakaharītakīvibhītakānāṃ vā palāśatvagavanaddhānāṃ mṛdāvaliptānāṃ kukūlasvinnānām akulakānāṃ palasahasramulūkhale saṃpothya dadhighṛtamadhupalalatailaśarkarāsaṃyuktaṃ bhakṣayed anannabhug yathoktena vidhinā tasyānte yavāgvādibhiḥ pratyavasthāpanam abhyaṅgotsādanaṃ sarpiṣā yavacūrṇaiśca ayaṃca rasāyanaprayogaprakarṣo dvistāvadagnibalam abhisamīkṣya pratibhojanaṃ yūṣeṇa payasā vā ṣaṣṭikaḥ sasarpiṣkaḥ ataḥ paraṃ yathāsukhavihāraḥ kāmabhakṣyaḥ syāt anannabhug+yathā
e abhayāmalakīyaḥ → e 'bhayāmalakīyo	visarga	1	0.0	ityagniveśakṛte tantre carakapratisaṃskṛte cikitsāsthāne rasāyanādhyāye 'bhayāmalakīyo nāma rasāyanapādaḥ prathamaḥ adhyāye+'bhayāmalakīyo
abhayāmalakīyaḥ n → 'bhayāmalakīyo n	visarga	1	0.0	ityagniveśakṛte tantre carakapratisaṃskṛte cikitsāsthāne rasāyanādhyāye 'bhayāmalakīyo nāma rasāyanapādaḥ prathamaḥ 'bhayāmalakīyo+nāma
m s → sāraṃ s	anusvāra / nasal	1	0.0	bṛhaccharīraṃ girisārasāraṃ sthirendriyaṃ cātibalendriyaṃ ca sāram→girisārasāraṃ +sthira
p → āḍhakaṃ p	anusvāra / nasal	1	0.0	viḍaṅgataṇḍulacūrṇānām āḍhakamāḍhakaṃ pippalītaṇḍulānām adhyardhāḍhakaṃ sitopalāyāḥ sarpistailamadhvāḍhakaiḥ ṣaḍbhir ekīkṛtaṃ ghṛtabhājanasthaṃ prāvṛṣi bhasmarāśāv iti sarvaṃ samānaṃ pūrveṇa yāvad āśīḥ āḍhakam→āḍhakamāḍhakaṃ +pippalī
c → ni c	consonant / other	1	0.0	bhallātakāni tīkṣṇāni pākīnyagnisamāni ca samā→pākīnyagnisamāni +ca
aḥ arthaḥ → o 'rtho	visarga	1	0.0	eko 'rtho nāmaparyāyairvividhairabhidhīyate eko+'rtho
arthaḥ n → 'rtho n	visarga	1	0.0	eko 'rtho nāmaparyāyairvividhairabhidhīyate 'rtho+nāma
āḥ ā → ya ā	visarga	1	0.0	ṛcaḥ paśupateryāśca śaivya āhatayaśca yāḥ śaivya+āhatayaḥ
s → ikṛtaścaiva s	consonant / other	1	0.0	prākṛto vaikṛtaścaiva sādhyaścāsādhya eva ca eva→vaikṛtaścaiva +sādhyaḥ
ḥ e → ścāsādhya e	visarga	1	0.0	prākṛto vaikṛtaścaiva sādhyaścāsādhya eva ca asādhyaḥ→sādhyaścāsādhya +eva
aḥ abhyadhikaḥ → o 'bhyadhiko	visarga	1	0.0	saṃtāpo 'bhyadhiko bāhyastṛṣṇādīnāṃ ca mārdavam saṃtāpo+'bhyadhiko
abhyadhikaḥ b → 'bhyadhiko b	visarga	1	0.0	saṃtāpo 'bhyadhiko bāhyastṛṣṇādīnāṃ ca mārdavam 'bhyadhiko+bāhyaḥ
s d → r d	consonant / other	1	0.0	gatir dvyekāntarānyedyur doṣasyoktānyathā paraiḥ anyedyus→dvyekāntarānyedyur +doṣasya
āram m → araṃ m	anusvāra / nasal	1	0.0	punarvivṛddhāḥ sve kāle jvarayanti naraṃ malāḥ naraṃ+malāḥ
aḥ a → to a	visarga	1	0.0	jaṅghābhyāṃ ślaiṣmikaḥ pūrvaṃ śirasto 'nilasaṃbhavaḥ śirasto+anila
j → śāccaiva j	consonant / other	1	0.0	kālamarthavaśāccaiva jvarastaṃ taṃ prapadyate eva→kālamarthavaśāccaiva +jvaraḥ
ṃtāpaḥ m → ntāpo m	visarga	1	0.0	santāpo madhyavegaśca vātaśleṣmajvarākṛtiḥ santāpo+madhya
t → syatā t	consonant / other	1	0.0	liptatiktāsyatā tandrā śleṣmapittajvarākṛtiḥ tā→liptatiktāsyatā +tandrā
ṣ b → ḍ b	consonant / other	1	0.0	raktaviṇmūtratā dāhaḥ svedastṛḍ balasaṃkṣayaḥ tṛṣ→svedastṛḍ +bala
ṃnipātam t → nnipātaṃ t	anusvāra / nasal	1	0.0	kapholbaṇaṃ sannipātaṃ tandrākāsena cādiśet sannipātaṃ+tandrā
_ k → sarujau k	consonant / other	1	0.0	sasvanau sarujau karṇau kaṇṭhaḥ śūkairivāvṛtaḥ _→sarujau +karṇau
p → ṅgatā p	consonant / other	1	0.0	paridagdhā kharasparśā jihvā srastāṅgatā param tā→srastāṅgatā +param
_ j → sarujaṃ j	anusvāra / nasal	1	0.0	savyathāśophavaivarṇyaṃ karoti sarujaṃ jvaram _→sarujaṃ +jvaram
ṣ j → ḍ j	consonant / other	1	0.0	na viḍ jīrṇā na ca glānirjvarasyāmasya lakṣaṇam viḍ+jīrṇā
dh k → t k	consonant / other	1	0.0	kṣut kṣāmatā laghutvaṃ ca gātrāṇāṃ jvaramārdavam kṣut+kṣāma
dh c → c c	consonant / other	1	0.0	vijvaratvaṃ laghutvaṃ ca kṣuccaivāsyopajāyate kṣudh+ca→kṣuccaivāsyopajāyate
aḥ _ → o _	visarga	1	0.0	laṅghanaṃ svedanaṃ kālo yavāgvastiktako rasaḥ kālo+_
āḥ j → yo j	visarga	1	0.0	jvaraghnyo jvarasātmyatvāttasmāt peyābhirāditaḥ ghnāḥ→jvaraghnyo +jvara
ū o → v o	vowel coalescence	1	0.0	yavāgvodanalājārthe jvaritānāṃ jvarāpahāḥ yavāgū+odana→yavāgvodanalājārthe
_ p → sṛṣṭaviṭ p	consonant / other	1	0.0	sṛṣṭaviṭ paittiko vātha śītāṃ madhuyutāṃ pibet _→sṛṣṭaviṭ +paittiko
ām n → īṃ n	anusvāra / nasal	1	0.0	śṛtāṃ vidārīgandhādyair dīpanīṃ svedanīṃ naraḥ svedanīṃ+naraḥ
_ p → saruji p	consonant / other	1	0.0	koṣṭhe vibaddhe saruji pibet peyāṃ śṛtāṃ jvarī _→saruji +pibet
tram k → raṃ k	anusvāra / nasal	1	0.0	kaliṅgakāḥ paṭolasya patraṃ kaṭukarohiṇī patraṃ+kaṭukarohiṇī
ā v → a v	consonant / other	1	0.0	nimbaḥ paṭolastriphalā mṛdvīkā mustavatsakau mustā+vatsakau→mustavatsakau
_ c → y	consonant / other	1	0.0	kaṣāyāśca yavāgvaśca pipāsājvaranāśanāḥ _+ca→yavāgvaśca
śīm dh → sīṃ dh	anusvāra / nasal	1	0.0	balāṃ śvadaṃṣṭrāṃ bṛhatīṃ kalasīṃ dhāvanīṃ sthirām kalasīṃ+dhāvanīṃ
veram r → beraṃ r	anusvāra / nasal	1	0.0	hrīberaṃ rohiṇī tiktā śvadaṃṣṭrā madanāni ca hrīberaṃ+rohiṇī
m vastim → ṃ bastiṃ	anusvāra / nasal	1	0.0	vatsakasya ca saṃyuktaṃ bastiṃ dadyājjvarāpaham saṃyuktaṃ+bastiṃ
vastim d → bastiṃ d	anusvāra / nasal	1	0.0	vatsakasya ca saṃyuktaṃ bastiṃ dadyājjvarāpaham bastiṃ+dadyāt
k dh → g dh	consonant / other	1	0.0	yacca nāvanikaṃ tailaṃ yāśca prāgdhūmavartayaḥ prāk+dhūma→prāgdhūmavartayaḥ
ānām c → īnāṃ c	anusvāra / nasal	1	0.0	kadalīnāṃ ca patreṣu kṣaumeṣu vimaleṣu ca kadalīnāṃ+ca
ś → ndrapādāśca ś	consonant / other	1	0.0	vāyavaścandrapādāśca śītā dāhajvarāpahāḥ ca→vāyavaścandrapādāśca +śītā
āḥ y → yo y	visarga	1	0.0	cārūpacitagātryaśca taruṇyo yauvanoṣmaṇā taruṇyo+yauvana
ṣu ś → bhiḥ ś	consonant / other	1	0.0	mṛdubhiḥ śodhanaiḥ śuddhiryāpanā bastayo hitāḥ mṛdubhiḥ+śodhanaiḥ
ḥ vastayaḥ → ḥ bastayo	visarga	1	0.0	mṛdubhiḥ śodhanaiḥ śuddhiryāpanā bastayo hitāḥ yāpanāḥ+bastayo
vastayaḥ h → bastayo h	visarga	1	0.0	mṛdubhiḥ śodhanaiḥ śuddhiryāpanā bastayo hitāḥ bastayo+hitāḥ
ḥ r → ṅgalāmiṣajā r	visarga	1	0.0	hitāśca laghavo yūṣā jāṅgalāmiṣajā rasāḥ jāḥ→jāṅgalāmiṣajā +rasāḥ
_ s → rogarāṭ s	consonant / other	1	0.0	rogarāṭ sarvabhūtānāmantakṛddāruṇo jvaraḥ rogarāṭ+sarva
c → añjanābhaṃ c	anusvāra / nasal	1	0.0	mecakāgāradhūmābhamañjanābhaṃ ca paittikam ābham→mecakāgāradhūmābhamañjanābhaṃ +ca
r → madhaścaiva r	consonant / other	1	0.0	gatirūrdhvamadhaścaiva raktapittasya darśitā eva→gatirūrdhvamadhaścaiva +raktapittasya
i _ → i pittāsṛk	consonant / other	1	0.0	vṛddhiṃ prayāti pittāsṛk tasmāttallaṅghyam āditaḥ prayāti+pittāsṛk
_ t → pittāsṛk t	consonant / other	1	0.0	vṛddhiṃ prayāti pittāsṛk tasmāttallaṅghyam āditaḥ pittāsṛk+tasmāt
ī p → a p	consonant / other	1	0.0	masūrapṛśniparṇyorvā sthirāmudgarase 'thavā masūrī+pṛśniparṇyoḥ→masūrapṛśniparṇyorvā
_ k → yavāgvaḥ k	consonant / other	1	0.0	yavāgvaḥ kalpanā caiṣā kāryā māṃsaraseṣvapi yavāgvaḥ+kalpanā
v → adhogaṃ v	anusvāra / nasal	1	0.0	virecanenordhvabhāgamadhogaṃ vamanena ca gam→virecanenordhvabhāgamadhogaṃ +vamanena
āyāḥ v → yā v	visarga	1	0.0	trāyamāṇāṃ gavākṣyā vā mūlamāmalakāni vā gavākṣyā+vā
o a → o'	vowel coalescence	1	0.0	yuktaṃ vā madhusarpirbhyāṃ lihyād go'śvaśakṛdrasam go+aśva→go'śvaśakṛdrasam
ā kh → a kh	consonant / other	1	0.0	śṛṅgāṭakānāṃ lājānāṃ mustakharjūrayorapi mustā+kharjūrayoḥ→mustakharjūrayorapi
r → bhyaste r	consonant / other	1	0.0	sarpirguḍā ye ca hitāḥ kṣatebhyaste raktapittaṃ śamayanti sadyaḥ te→kṣatebhyaste +raktapittaṃ
_ c → m	consonant / other	1	0.0	yuktasya yuktyā madhusarpiṣośca kṣārasya caivotpalanālajasya _+ca→madhusarpiṣośca
a d → ī d	consonant / other	1	0.0	patrāṇi puṣpāṇi ca vārijānāṃ kṣaumaṃ ca śītaṃ kadalīdalāni kadala+dalāni→kadalīdalāni
t → dvā t	consonant / other	1	0.0	viṭśleṣmapittātiparisravādvā taireva vṛddhaiḥ paripīḍanādvā vā→viṭśleṣmapittātiparisravādvā +tebhiḥ
aḥ abhighātaḥ → o 'bhighāto	visarga	1	0.0	śoko 'bhighāto 'timalakṣayaśca nirannatā cānilagulmahetuḥ śoko+'bhighāto
abhighātaḥ a → 'bhighāto a	visarga	1	0.0	śoko 'bhighāto 'timalakṣayaśca nirannatā cānilagulmahetuḥ 'bhighāto+ati
_ c → hṛtkukṣipārśvāṃsaśirorujaṃ c	anusvāra / nasal	1	0.0	śyāvāruṇatvaṃ śiśirajvaraṃ ca hṛtkukṣipārśvāṃsaśirorujaṃ ca _→hṛtkukṣipārśvāṃsaśirorujaṃ +ca
abhyadhikam p → 'bhyadhikaṃ p	anusvāra / nasal	1	0.0	karoti jīrṇe 'bhyadhikaṃ prakopaṃ bhukte mṛdutvaṃ samupaiti yaśca 'bhyadhikaṃ+prakopaṃ
mpūraṇam p → ṃpūraṇaṃ p	anusvāra / nasal	1	0.0	śītaṃ guru snigdhamaceṣṭanaṃ ca saṃpūraṇaṃ prasvapanaṃ divā ca saṃpūraṇaṃ+prasvapanaṃ
m c → laṃ c	anusvāra / nasal	1	0.0	nimittaliṅgānyupalabhya gulme dvidoṣaje doṣabalābalaṃ ca abalam→doṣabalābalaṃ +ca
_ d → mahārujaṃ d	anusvāra / nasal	1	0.0	mahārujaṃ dāhaparītamaśmavadghanonnataṃ śīghravidāhi dāruṇam _→mahārujaṃ +dāha
yaḥ g → ayo g	visarga	1	0.0	vartayo guṭikāścūrṇaṃ kaphavātaharaṃ hitam vartayo+guṭikāḥ
mpakvam g → ṃpakvaṃ g	anusvāra / nasal	1	0.0	tatraiva piṇḍite śūle saṃpakvaṃ gulmamādiśet saṃpakvaṃ+gulmam
k → ryaśca k	consonant / other	1	0.0	uṣṇair evopacaryaśca kṛte vamanalaṅghane ca→evopacaryaśca +kṛte
ḥ vastibhiḥ → ḥ bastibhir	visarga	1	0.0	sasnehair bastibhir vāpi śodhayeddāśamūlikaiḥ snehaiḥ+bastibhir
vastibhiḥ v → bastibhir v	visarga	1	0.0	sasnehair bastibhir vāpi śodhayeddāśamūlikaiḥ bastibhir+vā
a k → ī k	consonant / other	1	0.0	pañcamūlīkaṣāyeṇa sakṣāreṇa śilājatu pañcamūla+kaṣāyeṇa→pañcamūlīkaṣāyeṇa
u v → u b	consonant / other	1	0.0	gulmaghnā vividhā diṣṭāḥ siddhāḥ siddhiṣu bastayaḥ siddhiṣu+bastayaḥ
inas p → naḥ p	consonant / other	1	0.0	dadhnaḥ prasthena saṃyojya sudhākṣīrapalena ca dadhnaḥ+prasthena
as gh → o gh	consonant / other	1	0.0	tato ghṛtapalaṃ dadyādyavāgūmaṇḍamiśritam tato+ghṛta
r p → ṣ p	consonant / other	1	0.0	śṛtāccheṣaṃ ghṛtasamaṃ sarpiṣaśca catuṣpalam catur+palam→catuṣpalam
_ kh → yavāgūbhiḥ kh	consonant / other	1	0.0	yavāgūbhiḥ khaḍairyūṣaiḥ saṃdhukṣyo 'gnirvilaṅghite yavāgūbhiḥ+khaḍaiḥ
a gh → ī gh	consonant / other	1	0.0	iti daśamūlīghṛtam daśamūla+ghṛtam→daśamūlīghṛtam
m viḍam → ṃ biḍaṃ	anusvāra / nasal	1	0.0	viḍaṅgaṃ saindhavaṃ hiṅgu yāvaśūkaṃ biḍaṃ śaṭīm yāvaśūkaṃ+biḍaṃ
viḍam ś → biḍaṃ ś	anusvāra / nasal	1	0.0	viḍaṅgaṃ saindhavaṃ hiṅgu yāvaśūkaṃ biḍaṃ śaṭīm biḍaṃ+śaṭīm
m v → ṃ b	anusvāra / nasal	1	0.0	yavānīcūrṇitaṃ takraṃ biḍena lavaṇīkṛtam takraṃ+biḍena
vastim s → bastiṃ s	anusvāra / nasal	1	0.0	bastiṃ sakṣīragomūtraṃ sakṣāraṃ dāśamūlikam bastiṃ+sa
m c → lvoṣṭhakaṇṭhajihvākarkaśatāṃ c	anusvāra / nasal	1	0.0	tālvoṣṭhakaṇṭhajihvākarkaśatāṃ cittanāśaṃ ca tām→tālvoṣṭhakaṇṭhajihvākarkaśatāṃ +citta
p dh → b dh	consonant / other	1	0.0	abdhātuṃ dehasthaṃ kupitaḥ pavano yadā viśoṣayati ap+dhātum→abdhātuṃ
_ ś → sāndrāsṛk ś	consonant / other	1	0.0	snigdhaḥ pāṇḍuśca sāndrāsṛk śleṣmavyādhisamīraṇaḥ _→sāndrāsṛk +śleṣma
n ū → nn ū	consonant / other	1	0.0	vṛttabhogo mahākāyaḥ śvasannūrdhvekṣaṇaḥ pumān śvasan+ūrdhva→śvasannūrdhvekṣaṇaḥ
āt m → ato m	consonant / other	1	0.0	dūṣīviṣāḥ prāṇaharā iti saṃkṣepato matāḥ saṃkṣepato+matāḥ
t → jñānārthamasyaiva t	consonant / other	1	0.0	tattvajñānārthamasyaiva tantrasya guṇadoṣataḥ eva→tattvajñānārthamasyaiva +tantrasya
ā h → ī h	consonant / other	1	0.0	yasya dvādaśasāhasrī hṛdi tiṣṭhati saṃhitā dvādaśasāhasrī+hṛdi
aḥ _ → o 'ruk	visarga	1	0.0	ajaro 'ruk samābhyāsāj jīvec caiva samāḥ śatam ajaro+'ruk
_ s → 'ruk s	consonant / other	1	0.0	ajaro 'ruk samābhyāsāj jīvec caiva samāḥ śatam 'ruk+sama
v → ad v	consonant / other	1	0.0	rasāyanaṃ tadvidhibhistad vṛṣyaṃ tacca roganut tat→tadvidhibhistad +vṛṣyaṃ
s → ikaśca s	consonant / other	1	0.0	prayogaḥ saptasaptāhās trayaś caikaśca saptakaḥ ca→caikaśca +saptakaḥ
k → ardhapalaṃ k	anusvāra / nasal	1	0.0	palamardhapalaṃ karṣo mātrā tasya tridhā matā palam→palamardhapalaṃ +karṣo
ḥ _ → ḥ sahasradṛg	visarga	1	0.0	tān indraḥ sahasradṛg amaragurur abravītsvāgataṃ brahmavidāṃ jñānatapodhanānāṃ brahmarṣīṇām indraḥ+sahasradṛg
_ a → sahasradṛg a	consonant / other	1	0.0	tān indraḥ sahasradṛg amaragurur abravītsvāgataṃ brahmavidāṃ jñānatapodhanānāṃ brahmarṣīṇām sahasradṛg+amara
e p → ahyaṃ p	anusvāra / nasal	1	0.0	asti nanu vo glānir aprabhāvatvaṃ vaisvaryaṃ vaivarṇyaṃ ca grāmyavāsakṛtam asukham asukhānubandhaṃ ca grāmyo hi vāso mūlam aśastānāṃ tat kṛtaḥ puṇyakṛdbhir anugrahaḥ prajānāṃ svaśarīramavekṣituṃ kālaḥ kālaścāyamāyurvedopadeśasya brahmarṣīṇām ātmanaḥ prajānāṃ cānugrahārtham āyurvedamaśvinau mahyaṃ prāyacchatāṃ prajāpatiraśvibhyāṃ prajāpataye brahmā prajānām alpam āyur jarāvyādhibahulam asukham asukhānubandham alpatvād alpatapodamaniyamadānādhyayanasaṃcayaṃ matvā puṇyatamam āyuḥprakarṣakaraṃ jarāvyādhipraśamanam ūrjaskaram amṛtaṃ śivaṃ śaraṇyamudāraṃ bhavanto mattaḥ śrotumarhatāthopadhārayituṃ prakāśayituṃ ca prajānugrahārthamārṣaṃ brahma ca prati maitrīṃ kāruṇyam ātmanaś cānuttamaṃ puṇyamudāraṃ brāhmamakṣayaṃ karmeti mahyaṃ+prāyacchatāṃ
ḥ m → u m	visarga	1	0.0	asti nanu vo glānir aprabhāvatvaṃ vaisvaryaṃ vaivarṇyaṃ ca grāmyavāsakṛtam asukham asukhānubandhaṃ ca grāmyo hi vāso mūlam aśastānāṃ tat kṛtaḥ puṇyakṛdbhir anugrahaḥ prajānāṃ svaśarīramavekṣituṃ kālaḥ kālaścāyamāyurvedopadeśasya brahmarṣīṇām ātmanaḥ prajānāṃ cānugrahārtham āyurvedamaśvinau mahyaṃ prāyacchatāṃ prajāpatiraśvibhyāṃ prajāpataye brahmā prajānām alpam āyur jarāvyādhibahulam asukham asukhānubandham alpatvād alpatapodamaniyamadānādhyayanasaṃcayaṃ matvā puṇyatamam āyuḥprakarṣakaraṃ jarāvyādhipraśamanam ūrjaskaram amṛtaṃ śivaṃ śaraṇyamudāraṃ bhavanto mattaḥ śrotumarhatāthopadhārayituṃ prakāśayituṃ ca prajānugrahārthamārṣaṃ brahma ca prati maitrīṃ kāruṇyam ātmanaś cānuttamaṃ puṇyamudāraṃ brāhmamakṣayaṃ karmeti aśvinaḥ→āyurvedamaśvinau +mahyaṃ
d → rasenaiva d	consonant / other	1	0.0	svarasenaiva dātavyaṃ kṣaudrasyābhinavasya ca eva→svarasenaiva +dātavyaṃ
ām m → īṃ m	anusvāra / nasal	1	0.0	prakṣipya ṣoḍaśīṃ mātrāṃ vihāyāyāsamaithunam ṣoḍaśīṃ+mātrāṃ
aḥ i → āv i	visarga	1	0.0	aśvināv iva devendraḥ pūjayed atiśaktitaḥ aśvināv+iva
ḥ d → u d	visarga	1	0.0	aśvinau devabhiṣajau yajñavāhāv iti smṛtau aśvinau+deva
ā y → au y	consonant / other	1	0.0	aśvinau devabhiṣajau yajñavāhāv iti smṛtau bhiṣajā→devabhiṣajau +yajña
ṣu k → bhiḥ k	consonant / other	1	0.0	etaiścānyaiśca bahubhiḥ karmabhir bhiṣaguttamau bahubhiḥ+karmabhir
aḥ aśvibhyām → o 'śvibhyāṃ	visarga	1	0.0	prātaśca savane somaṃ śakro 'śvibhyāṃ sahāśnute śakro+'śvibhyāṃ
aśvibhyām s → 'śvibhyāṃ s	anusvāra / nasal	1	0.0	prātaśca savane somaṃ śakro 'śvibhyāṃ sahāśnute 'śvibhyāṃ+saha
ā i → v i	vowel coalescence	1	0.0	ete prayatairevamaśvinau bhiṣajāv iti bhiṣajāv+iti
ḥ bh → u bh	visarga	1	0.0	ete prayatairevamaśvinau bhiṣajāv iti aśvinaḥ→prayatairevamaśvinau +bhiṣajāv
a s → vā s	consonant / other	1	0.0	cikitsitastu saṃśrutya yo vāsaṃśrutya mānavaḥ a+saṃśrutya→vāsaṃśrutya
s api → s 'py	consonant / other	1	0.0	iṣṭā hy ekaikaśo 'py arthāḥ paraṃ prītikarāḥ smṛtāḥ ekaśas+'py
ī c → īś c	consonant / other	1	0.0	dharmārthau strīṣu lakṣmīśca strīṣu lokāḥ pratiṣṭhitāḥ lakṣmī+ca→lakṣmīśca
n → ikaśca n	consonant / other	1	0.0	aniṣṭagandhaścaikaśca nirapatyastathā naraḥ ca→aniṣṭagandhaścaikaśca +nirapatyaḥ
n → ikendriyaśca n	consonant / other	1	0.0	apratiṣṭhaśca nagnaśca śūnyaścaikendriyaśca nā ca→śūnyaścaikendriyaśca +nā
ūḥ b → ur b	visarga	1	0.0	bahucakṣur bahujñāno bahvātmā ca bahuprajaḥ cakṣūḥ→bahucakṣur +bahu
t g → vad g	consonant / other	1	0.0	ya icchedaśvavad gantuṃ prasektuṃ gajavac ca yaḥ vat→icchedaśvavad +gantuṃ
a a → āv a	vowel coalescence	1	0.0	aṣṭāv apatyakāmaiste prayojyāḥ pauruṣārthibhiḥ aṣṭāv+apatya
a ś → vā ś	consonant / other	1	0.0	kevalaṃ tu payastasyāḥ śṛtaṃ vāśṛtameva vā a+śṛtam→vāśṛtameva
m → ścaiva m	anusvāra / nasal	1	0.0	kuḍavaścaiva māṣāṇāṃ dvau dvau ca tilamudgayoḥ eva→kuḍavaścaiva +māṣāṇāṃ
