rule	category	count	pct	examples
a a → ā	vowel coalescence	544	9.95	mahādevānucaraśca nandī sahasreṇādhyāyānāṃ pṛthak kāmasūtraṃ provāca mahādeva+anucaraḥ→mahādevānucaraśca · mahādevānucaraśca nandī sahasreṇādhyāyānāṃ pṛthak kāmasūtraṃ provāca sahasreṇa+adhyāyānām→sahasreṇādhyāyānāṃ · tad eva tu punar adhyardhenādhyāyaśatena sādhāraṇasāmprayogikakanyāsaṃprayuktakabhāryādhikārikapāradārikavaiśikaupaniṣadikaḥ saptabhir adhikaraṇair bābhravyaḥ pāñcālaḥ saṃcikṣepa adhyardhena+adhyāya→adhyardhenādhyāyaśatena · tatra dattakādibhiḥ praṇītānāṃ śāstrāvayavānām ekadeśatvāt mahad iti ca bābhravīyasya duradhyeyatvāt saṃkṣipya sarvam artham alpena granthena kāmasūtram idaṃ praṇītam śāstra+avayavānām→śāstrāvayavānām
m c → ṃ c	anusvāra / nasal	282	5.16	iti bhāryādhikārikaṃ caturtham adhikaraṇam bhāryādhikārikaṃ+caturtham · kāmaṃ ca yauvane kāmaṃ+ca · sthāvire dharmaṃ mokṣaṃ ca mokṣaṃ+ca · dharmārthayoḥ pradhānayor evam anyeṣāṃ ca satāṃ pratyanīkatvāt anyeṣāṃ+ca
m p → ṃ p	anusvāra / nasal	215	3.93	tasyaikadeśikaṃ manuḥ svāyaṃbhuvo dharmādhikārikaṃ pṛthak cakāra ādhikārikam→dharmādhikārikaṃ +pṛthak · mahādevānucaraśca nandī sahasreṇādhyāyānāṃ pṛthak kāmasūtraṃ provāca kāmasūtraṃ+provāca · mahādevānucaraśca nandī sahasreṇādhyāyānāṃ pṛthak kāmasūtraṃ provāca adhyāyānām→sahasreṇādhyāyānāṃ +pṛthak · tasya ṣaṣṭhaṃ vaiśikam adhikaraṇaṃ pāṭaliputrikāṇāṃ gaṇikānāṃ niyogād dattakaḥ pṛthak cakāra adhikaraṇaṃ+pāṭaliputrikāṇāṃ
m s → ṃ s	anusvāra / nasal	209	3.82	prajāpatir hi prajāḥ sṛṣṭvā tāsāṃ sthitinibandhanaṃ trivargasya sādhanam adhyāyānāṃ śatasahasreṇāgre provāca tāsāṃ+sthiti · ityaupaniṣadikaṃ saptamam adhikaraṇam aupaniṣadikam→ityaupaniṣadikaṃ +saptamam · śatāyur vai puruṣo vibhajya kālam anyonyānubaddhaṃ parasparasyānupaghātakaṃ trivargaṃ seveta trivargaṃ+seveta · śrotratvakcakṣurjihvāghrāṇānām ātmasaṃyuktena manasādhiṣṭhitānāṃ sveṣu sveṣu viṣayeṣv ānukūlyataḥ pravṛttiḥ kāmaḥ dhiṣṭhitānām→manasādhiṣṭhitānāṃ +sveṣu
m v → ṃ v	anusvāra / nasal	208	3.8	tasya ṣaṣṭhaṃ vaiśikam adhikaraṇaṃ pāṭaliputrikāṇāṃ gaṇikānāṃ niyogād dattakaḥ pṛthak cakāra ṣaṣṭhaṃ+vaiśikam · anityatvād āyuṣo yathopapādaṃ vā seveta yathopapādaṃ+vā · tasmād vaiśvāsikājjanād rahasi prayogāñchāstram ekadeśaṃ vā strī gṛhṇīyāt ekadeśaṃ+vā · gītaṃ vādyaṃ nṛtyaṃ ālekhyaṃ viśeṣakachedyaṃ taṇḍulakusumavalivikārāḥ puṣpāstaraṇaṃ daśanavasanāṅgarāgaḥ maṇibhūmikākarma śayanaracanam udakavādyam udakāghātaḥ citrāśca yogāḥ mālyagrathanavikalpāḥ śekharakāpīḍayojanaṃ nepathyaprayogāḥ karṇapattrabhaṅgāḥ gandhayuktiḥ bhūṣaṇayojanam aindrajālāḥ kaucumārāś ca yogāḥ hastalāghavaṃ vicitraśākayūṣabhakṣyavikārakriyā pānakarasarāgāsavayojanaṃ sūcīvānakarmāṇi sūtrakrīḍā vīṇāḍamarukavādyāni prahelikā pratimālā durvācakayogāḥ pustakavācanaṃ nāṭakākhyāyikādarśanaṃ kāvyasamasyāpūraṇaṃ paṭṭikāvetravānavikalpāḥ takṣakarmāṇi takṣaṇaṃ vāstuvidyā rūpyaratnaparīkṣā dhātuvādaḥ maṇirāgākarajñānaṃ vṛkṣāyurvedayogāḥ meṣakukkuṭalāvakayuddhavidhiḥ śukasārikāpralāpanam utsādane saṃvāhane keśamardane ca kauśalyaṃ akṣaramuṣṭikākathanaṃ mlecchitavikalpāḥ deśabhāṣāvijñānaṃ puṣpaśakaṭikā nimittajñānaṃ yantramātṛkā dhāraṇamātṛkā sampāṭhyaṃ mānasī kāvyakriyā abhidhānakośaḥ chandojñānaṃ kriyākalpaḥ chalitakayogāḥ vastragopanāni dyūtaviśeṣā ākarṣakrīḍā bālakrīḍanakāni vainayikīnāṃ vaijayikīnāṃ vyāyāmikīnāṃ ca vidyānāṃ jñānam iti catuḥṣaṣṭir aṅgavidyāḥ kāmasūtrasyāvayavinyaḥ gītaṃ+vādyaṃ
a ā → ā	vowel coalescence	133	2.43	tasyaikadeśikaṃ manuḥ svāyaṃbhuvo dharmādhikārikaṃ pṛthak cakāra dharma+ādhikārikam→dharmādhikārikaṃ · bṛhaspatir arthādhikārikam artha+ādhikārikam→arthādhikārikam · tatra dattakādibhiḥ praṇītānāṃ śāstrāvayavānām ekadeśatvāt mahad iti ca bābhravīyasya duradhyeyatvāt saṃkṣipya sarvam artham alpena granthena kāmasūtram idaṃ praṇītam dattaka+ādibhiḥ→dattakādibhiḥ · iṅgitākārasūcanam iṅgita+ākāra→iṅgitākārasūcanam
ḥ c → ś c	visarga	120	2.19	vṛṣyāśca yogāḥ vṛṣyāḥ+ca→vṛṣyāśca · citrāśca yogāḥ citrāḥ+ca→citrāśca · alaukikatvād adṛṣṭārthatvād apravṛttānāṃ yajñādīnāṃ śāstrāt pravartanam laukikatvād dṛṣṭārthatvācca pravṛttebhyaśca māṃsabhakṣaṇādibhyaḥ śāstrād eva nivāraṇaṃ dharmaḥ pravṛttebhyaḥ+ca→pravṛttebhyaśca · arthaśca rājñaḥ arthaḥ+ca→arthaśca
m k → ṃ k	anusvāra / nasal	112	2.05	taṃ kāmasūtrān nāgarikajanasamavāyāc ca pratipadyeta taṃ+kāmasūtrān · ko hyabāliśo hastagataṃ paragataṃ kuryāt gatam→paragataṃ +kuryāt · tatsarvaṃ kālakāritam iti sarvam→tatsarvaṃ +kāla · kāla eva punar apyenaṃ karteti kālakāraṇikāḥ enam→apyenaṃ +kartā
a u → o	vowel coalescence	111	2.03	tadyuktāśca śītkṛtopakramāḥ śītkṛta+upakramāḥ→śītkṛtopakramāḥ · puruṣopasṛptāni puruṣa+upasṛptāni→puruṣopasṛptāni · prayojyasyopāvartanam prayojyasya+upāvartanam→prayojyasyopāvartanam · sā copāyapratipattiḥ kāmasūtrād iti vātsyāyanaḥ ca+upāya→copāyapratipattiḥ
m t → ṃ t	anusvāra / nasal	104	1.9	prajāpatir hi prajāḥ sṛṣṭvā tāsāṃ sthitinibandhanaṃ trivargasya sādhanam adhyāyānāṃ śatasahasreṇāgre provāca nibandhanam→sthitinibandhanaṃ +trivargasya · iti kanyāsamprayuktakaṃ tṛtīyam adhikaraṇam samprayuktakam→kanyāsamprayuktakaṃ +tṛtīyam · śatāyur vai puruṣo vibhajya kālam anyonyānubaddhaṃ parasparasyānupaghātakaṃ trivargaṃ seveta anupaghātakam→parasparasyānupaghātakaṃ +trivargaṃ · boddhavyaṃ tu doṣeṣviva boddhavyaṃ+tu
ā a → ā	vowel coalescence	97	1.77	kāntānuvartanam kāntā+anuvartanam→kāntānuvartanam · saṃkṣepam imam uktvāsya vistaro 'taḥ pravakṣyate uktvā+asya→uktvāsya · tathāśvārohā gajārohāścāśvān gajāṃścānadhigataśāstrā api vinayante tathā+aśva→tathāśvārohā · tathāsti rājeti dūrasthā api janapadā na maryādām ativartante tadvad etat tathā+asti→tathāsti
ḥ a → r a	visarga	96	1.76	bṛhaspatir arthādhikārikam bṛhaspatir+artha · tad eva tu pañcabhir adhyāyaśatair auddālakiḥ śvetaketuḥ saṃcikṣepa pañcabhir+adhyāya · tad eva tu pañcabhir adhyāyaśatair auddālakiḥ śvetaketuḥ saṃcikṣepa śataiḥ→adhyāyaśatair +auddālakiḥ · tad eva tu punar adhyardhenādhyāyaśatena sādhāraṇasāmprayogikakanyāsaṃprayuktakabhāryādhikārikapāradārikavaiśikaupaniṣadikaḥ saptabhir adhikaraṇair bābhravyaḥ pāñcālaḥ saṃcikṣepa saptabhir+adhikaraṇair
m n → ṃ n	anusvāra / nasal	93	1.7	tasya ṣaṣṭhaṃ vaiśikam adhikaraṇaṃ pāṭaliputrikāṇāṃ gaṇikānāṃ niyogād dattakaḥ pṛthak cakāra gaṇikānāṃ+niyogād · gītaṃ vādyaṃ nṛtyaṃ ālekhyaṃ viśeṣakachedyaṃ taṇḍulakusumavalivikārāḥ puṣpāstaraṇaṃ daśanavasanāṅgarāgaḥ maṇibhūmikākarma śayanaracanam udakavādyam udakāghātaḥ citrāśca yogāḥ mālyagrathanavikalpāḥ śekharakāpīḍayojanaṃ nepathyaprayogāḥ karṇapattrabhaṅgāḥ gandhayuktiḥ bhūṣaṇayojanam aindrajālāḥ kaucumārāś ca yogāḥ hastalāghavaṃ vicitraśākayūṣabhakṣyavikārakriyā pānakarasarāgāsavayojanaṃ sūcīvānakarmāṇi sūtrakrīḍā vīṇāḍamarukavādyāni prahelikā pratimālā durvācakayogāḥ pustakavācanaṃ nāṭakākhyāyikādarśanaṃ kāvyasamasyāpūraṇaṃ paṭṭikāvetravānavikalpāḥ takṣakarmāṇi takṣaṇaṃ vāstuvidyā rūpyaratnaparīkṣā dhātuvādaḥ maṇirāgākarajñānaṃ vṛkṣāyurvedayogāḥ meṣakukkuṭalāvakayuddhavidhiḥ śukasārikāpralāpanam utsādane saṃvāhane keśamardane ca kauśalyaṃ akṣaramuṣṭikākathanaṃ mlecchitavikalpāḥ deśabhāṣāvijñānaṃ puṣpaśakaṭikā nimittajñānaṃ yantramātṛkā dhāraṇamātṛkā sampāṭhyaṃ mānasī kāvyakriyā abhidhānakośaḥ chandojñānaṃ kriyākalpaḥ chalitakayogāḥ vastragopanāni dyūtaviśeṣā ākarṣakrīḍā bālakrīḍanakāni vainayikīnāṃ vaijayikīnāṃ vyāyāmikīnāṃ ca vidyānāṃ jñānam iti catuḥṣaṣṭir aṅgavidyāḥ kāmasūtrasyāvayavinyaḥ vādyaṃ+nṛtyaṃ · gītaṃ vādyaṃ nṛtyaṃ ālekhyaṃ viśeṣakachedyaṃ taṇḍulakusumavalivikārāḥ puṣpāstaraṇaṃ daśanavasanāṅgarāgaḥ maṇibhūmikākarma śayanaracanam udakavādyam udakāghātaḥ citrāśca yogāḥ mālyagrathanavikalpāḥ śekharakāpīḍayojanaṃ nepathyaprayogāḥ karṇapattrabhaṅgāḥ gandhayuktiḥ bhūṣaṇayojanam aindrajālāḥ kaucumārāś ca yogāḥ hastalāghavaṃ vicitraśākayūṣabhakṣyavikārakriyā pānakarasarāgāsavayojanaṃ sūcīvānakarmāṇi sūtrakrīḍā vīṇāḍamarukavādyāni prahelikā pratimālā durvācakayogāḥ pustakavācanaṃ nāṭakākhyāyikādarśanaṃ kāvyasamasyāpūraṇaṃ paṭṭikāvetravānavikalpāḥ takṣakarmāṇi takṣaṇaṃ vāstuvidyā rūpyaratnaparīkṣā dhātuvādaḥ maṇirāgākarajñānaṃ vṛkṣāyurvedayogāḥ meṣakukkuṭalāvakayuddhavidhiḥ śukasārikāpralāpanam utsādane saṃvāhane keśamardane ca kauśalyaṃ akṣaramuṣṭikākathanaṃ mlecchitavikalpāḥ deśabhāṣāvijñānaṃ puṣpaśakaṭikā nimittajñānaṃ yantramātṛkā dhāraṇamātṛkā sampāṭhyaṃ mānasī kāvyakriyā abhidhānakośaḥ chandojñānaṃ kriyākalpaḥ chalitakayogāḥ vastragopanāni dyūtaviśeṣā ākarṣakrīḍā bālakrīḍanakāni vainayikīnāṃ vaijayikīnāṃ vyāyāmikīnāṃ ca vidyānāṃ jñānam iti catuḥṣaṣṭir aṅgavidyāḥ kāmasūtrasyāvayavinyaḥ śekharakāpīḍayojanaṃ+nepathya · gītaṃ vādyaṃ nṛtyaṃ ālekhyaṃ viśeṣakachedyaṃ taṇḍulakusumavalivikārāḥ puṣpāstaraṇaṃ daśanavasanāṅgarāgaḥ maṇibhūmikākarma śayanaracanam udakavādyam udakāghātaḥ citrāśca yogāḥ mālyagrathanavikalpāḥ śekharakāpīḍayojanaṃ nepathyaprayogāḥ karṇapattrabhaṅgāḥ gandhayuktiḥ bhūṣaṇayojanam aindrajālāḥ kaucumārāś ca yogāḥ hastalāghavaṃ vicitraśākayūṣabhakṣyavikārakriyā pānakarasarāgāsavayojanaṃ sūcīvānakarmāṇi sūtrakrīḍā vīṇāḍamarukavādyāni prahelikā pratimālā durvācakayogāḥ pustakavācanaṃ nāṭakākhyāyikādarśanaṃ kāvyasamasyāpūraṇaṃ paṭṭikāvetravānavikalpāḥ takṣakarmāṇi takṣaṇaṃ vāstuvidyā rūpyaratnaparīkṣā dhātuvādaḥ maṇirāgākarajñānaṃ vṛkṣāyurvedayogāḥ meṣakukkuṭalāvakayuddhavidhiḥ śukasārikāpralāpanam utsādane saṃvāhane keśamardane ca kauśalyaṃ akṣaramuṣṭikākathanaṃ mlecchitavikalpāḥ deśabhāṣāvijñānaṃ puṣpaśakaṭikā nimittajñānaṃ yantramātṛkā dhāraṇamātṛkā sampāṭhyaṃ mānasī kāvyakriyā abhidhānakośaḥ chandojñānaṃ kriyākalpaḥ chalitakayogāḥ vastragopanāni dyūtaviśeṣā ākarṣakrīḍā bālakrīḍanakāni vainayikīnāṃ vaijayikīnāṃ vyāyāmikīnāṃ ca vidyānāṃ jñānam iti catuḥṣaṣṭir aṅgavidyāḥ kāmasūtrasyāvayavinyaḥ vācanam→pustakavācanaṃ +nāṭaka
aḥ v → o v	visarga	93	1.7	śatāyur vai puruṣo vibhajya kālam anyonyānubaddhaṃ parasparasyānupaghātakaṃ trivargaṃ seveta puruṣo+vibhajya · yathā dāṇḍakyo nāma bhojaḥ kāmād brāhmaṇakanyām abhimanyamānaḥ sabandhurāṣṭro vinanāśa rāṣṭraḥ→sabandhurāṣṭro +vinanāśa · naraḥ kalāsu kuśalo vācālaścāṭukārakaḥ kuśalo+vācālaḥ · tato yathāśraddham eṣāṃ darśanam utsargo vā utsargo+vā
m d → ṃ d	anusvāra / nasal	86	1.57	iti sāmprayogikaṃ dvitīyam adhikaraṇam sāmprayogikaṃ+dvitīyam · āntaḥpurikaṃ dārarakṣitakam āntaḥpurikaṃ+dārarakṣitakam · kāryaṃ tad api kurvīta na tv ekārthaṃ dvibādhakam artham→ekārthaṃ +dvi · gītaṃ vādyaṃ nṛtyaṃ ālekhyaṃ viśeṣakachedyaṃ taṇḍulakusumavalivikārāḥ puṣpāstaraṇaṃ daśanavasanāṅgarāgaḥ maṇibhūmikākarma śayanaracanam udakavādyam udakāghātaḥ citrāśca yogāḥ mālyagrathanavikalpāḥ śekharakāpīḍayojanaṃ nepathyaprayogāḥ karṇapattrabhaṅgāḥ gandhayuktiḥ bhūṣaṇayojanam aindrajālāḥ kaucumārāś ca yogāḥ hastalāghavaṃ vicitraśākayūṣabhakṣyavikārakriyā pānakarasarāgāsavayojanaṃ sūcīvānakarmāṇi sūtrakrīḍā vīṇāḍamarukavādyāni prahelikā pratimālā durvācakayogāḥ pustakavācanaṃ nāṭakākhyāyikādarśanaṃ kāvyasamasyāpūraṇaṃ paṭṭikāvetravānavikalpāḥ takṣakarmāṇi takṣaṇaṃ vāstuvidyā rūpyaratnaparīkṣā dhātuvādaḥ maṇirāgākarajñānaṃ vṛkṣāyurvedayogāḥ meṣakukkuṭalāvakayuddhavidhiḥ śukasārikāpralāpanam utsādane saṃvāhane keśamardane ca kauśalyaṃ akṣaramuṣṭikākathanaṃ mlecchitavikalpāḥ deśabhāṣāvijñānaṃ puṣpaśakaṭikā nimittajñānaṃ yantramātṛkā dhāraṇamātṛkā sampāṭhyaṃ mānasī kāvyakriyā abhidhānakośaḥ chandojñānaṃ kriyākalpaḥ chalitakayogāḥ vastragopanāni dyūtaviśeṣā ākarṣakrīḍā bālakrīḍanakāni vainayikīnāṃ vaijayikīnāṃ vyāyāmikīnāṃ ca vidyānāṃ jñānam iti catuḥṣaṣṭir aṅgavidyāḥ kāmasūtrasyāvayavinyaḥ puṣpāstaraṇaṃ+daśana
t a → d a	consonant / other	86	1.57	evaṃ ṣaṭtriṃśad adhyāyāḥ ṣaṭtriṃśad+adhyāyāḥ · alaukikatvād adṛṣṭārthatvād apravṛttānāṃ yajñādīnāṃ śāstrāt pravartanam laukikatvād dṛṣṭārthatvācca pravṛttebhyaśca māṃsabhakṣaṇādibhyaḥ śāstrād eva nivāraṇaṃ dharmaḥ tvāt→alaukikatvād +adṛṣṭārtha · alaukikatvād adṛṣṭārthatvād apravṛttānāṃ yajñādīnāṃ śāstrāt pravartanam laukikatvād dṛṣṭārthatvācca pravṛttebhyaśca māṃsabhakṣaṇādibhyaḥ śāstrād eva nivāraṇaṃ dharmaḥ tvāt→adṛṣṭārthatvād +apravṛttānāṃ · upāyapūrvakatvād arthasiddheḥ tvāt→upāyapūrvakatvād +artha
ḥ t → s t	visarga	83	1.52	evaṃ bahubhir ācāryaistacchāstraṃ khaṇḍaśaḥ praṇītam utsannakalpam abhūt ācāryaiḥ+tat→ācāryaistacchāstraṃ · na cārthaghnaṃ sukhaṃ ceti śiṣṭāstatra vyavasthitāḥ śiṣṭāḥ+tatra→śiṣṭāstatra · ācāryāstu kanyānāṃ pravṛttapuruṣasaṃprayogā sahasampravṛddhā dhātreyikā ācāryāḥ+tu→ācāryāstu · tāstāśca kalākrīḍāḥ tāḥ+tāḥ→tāstāśca
i a → y a	vowel coalescence	83	1.52	prakaraṇānyaṣṭau prakaraṇāni+aṣṭa→prakaraṇānyaṣṭau · ityaupaniṣadikaṃ saptamam adhikaraṇam iti+aupaniṣadikam→ityaupaniṣadikaṃ · devarājaścāhalyām atibalaśca kīcako draupadīṃ rāvaṇaśca sītām apare cānye ca bahavo dṛśyante kāmavaśagā vinaṣṭā ityarthacintakāḥ iti+artha→ityarthacintakāḥ · asti vyākaraṇam ityavaiyākaraṇā api yājñikā ūhaṃ kratuṣu prayuñjate iti+avaiyākaraṇāḥ→ityavaiyākaraṇā
a e → ai	vowel coalescence	81	1.48	yatra tu naiṣā śaṅkā tā dharmārthakāmebhyo namaḥ na+eṣā→naiṣā · tasyaikadeśikaṃ manuḥ svāyaṃbhuvo dharmādhikārikaṃ pṛthak cakāra tasya+eka→tasyaikadeśikaṃ · prayatnato 'pi hyete anuṣṭhīyamānā naiva kadācit syuḥ na+eva→naiva · anarthajanasaṃsargam asadvyavasāyam aśaucam anāyatiṃ caite puruṣasya janayanti ca+ete→caite
m m → ṃ m	anusvāra / nasal	78	1.43	tasyaikadeśikaṃ manuḥ svāyaṃbhuvo dharmādhikārikaṃ pṛthak cakāra deśikam→tasyaikadeśikaṃ +manuḥ · sthāvire dharmaṃ mokṣaṃ ca dharmaṃ+mokṣaṃ · gītaṃ vādyaṃ nṛtyaṃ ālekhyaṃ viśeṣakachedyaṃ taṇḍulakusumavalivikārāḥ puṣpāstaraṇaṃ daśanavasanāṅgarāgaḥ maṇibhūmikākarma śayanaracanam udakavādyam udakāghātaḥ citrāśca yogāḥ mālyagrathanavikalpāḥ śekharakāpīḍayojanaṃ nepathyaprayogāḥ karṇapattrabhaṅgāḥ gandhayuktiḥ bhūṣaṇayojanam aindrajālāḥ kaucumārāś ca yogāḥ hastalāghavaṃ vicitraśākayūṣabhakṣyavikārakriyā pānakarasarāgāsavayojanaṃ sūcīvānakarmāṇi sūtrakrīḍā vīṇāḍamarukavādyāni prahelikā pratimālā durvācakayogāḥ pustakavācanaṃ nāṭakākhyāyikādarśanaṃ kāvyasamasyāpūraṇaṃ paṭṭikāvetravānavikalpāḥ takṣakarmāṇi takṣaṇaṃ vāstuvidyā rūpyaratnaparīkṣā dhātuvādaḥ maṇirāgākarajñānaṃ vṛkṣāyurvedayogāḥ meṣakukkuṭalāvakayuddhavidhiḥ śukasārikāpralāpanam utsādane saṃvāhane keśamardane ca kauśalyaṃ akṣaramuṣṭikākathanaṃ mlecchitavikalpāḥ deśabhāṣāvijñānaṃ puṣpaśakaṭikā nimittajñānaṃ yantramātṛkā dhāraṇamātṛkā sampāṭhyaṃ mānasī kāvyakriyā abhidhānakośaḥ chandojñānaṃ kriyākalpaḥ chalitakayogāḥ vastragopanāni dyūtaviśeṣā ākarṣakrīḍā bālakrīḍanakāni vainayikīnāṃ vaijayikīnāṃ vyāyāmikīnāṃ ca vidyānāṃ jñānam iti catuḥṣaṣṭir aṅgavidyāḥ kāmasūtrasyāvayavinyaḥ kathanam→akṣaramuṣṭikākathanaṃ +mlecchita · bāhye ca vāsagṛhe suślakṣṇam ubhayopadhānaṃ madhye vinataṃ śuklottaracchadaṃ śayanīyaṃ syāt upadhānam→ubhayopadhānaṃ +madhye
t i → d i	consonant / other	62	1.13	tatra dattakādibhiḥ praṇītānāṃ śāstrāvayavānām ekadeśatvāt mahad iti ca bābhravīyasya duradhyeyatvāt saṃkṣipya sarvam artham alpena granthena kāmasūtram idaṃ praṇītam mahad+iti · sā copāyapratipattiḥ kāmasūtrād iti vātsyāyanaḥ kāmasūtrād+iti · prayogasya ca śāstrapūrvakatvād iti vātsyāyanaḥ tvāt→śāstrapūrvakatvād +iti · tatraitat syād upāyavailakṣaṇyavad eva hi kāryavailakṣaṇyam api kasmān na syād iti syād+iti
ḥ i → Ø i	visarga	61	1.12	devarājaścāhalyām atibalaśca kīcako draupadīṃ rāvaṇaśca sītām apare cānye ca bahavo dṛśyante kāmavaśagā vinaṣṭā ityarthacintakāḥ vinaṣṭā+iti · kāryāntarābhāvād etāsām api pūrvāsvevopalakṣaṇam tasmāccatasra eva nāyikā iti vātsyāyanaḥ nāyikā+iti · kaṇḍūtipratīkāro 'pi hi dīrghakālaṃ priya iti priya+iti · na hyasatyāṃ bhāvaprāptau garbhasaṃbhava iti bābhravīyāḥ sambhavaḥ→garbhasaṃbhava +iti
m ś → ṃ ś	anusvāra / nasal	54	0.99	prajāpatir hi prajāḥ sṛṣṭvā tāsāṃ sthitinibandhanaṃ trivargasya sādhanam adhyāyānāṃ śatasahasreṇāgre provāca adhyāyānāṃ+śata · tatra dattakādibhiḥ praṇītānāṃ śāstrāvayavānām ekadeśatvāt mahad iti ca bābhravīyasya duradhyeyatvāt saṃkṣipya sarvam artham alpena granthena kāmasūtram idaṃ praṇītam praṇītānāṃ+śāstra · sapādaṃ ślokasahasram pādam→sapādaṃ +śloka · alaukikatvād adṛṣṭārthatvād apravṛttānāṃ yajñādīnāṃ śāstrāt pravartanam laukikatvād dṛṣṭārthatvācca pravṛttebhyaśca māṃsabhakṣaṇādibhyaḥ śāstrād eva nivāraṇaṃ dharmaḥ ādīnām→yajñādīnāṃ +śāstrāt
a i → e	vowel coalescence	53	0.97	kiṃ syāt paratretyāśaṅkā kārye yasmin na jāyate paratra+iti→paratretyāśaṅkā · na cārthaghnaṃ sukhaṃ ceti śiṣṭāstatra vyavasthitāḥ ca+iti→ceti · paṭutā dhārṣṭyam iṅgitākārajñatā pratāraṇakālajñatā viṣahyabuddhitvaṃ laghvī pratipattiḥ sopāyā ceti dūtaguṇāḥ ca+iti→ceti · nāyikā punarmṛgī vaḍavā hastinī ceti ca+iti→ceti
aḥ a → o '	visarga	47	0.86	dharmārthāṅgavidyākālān anuparodhayan kāmasūtraṃ tadaṅgavidyāśca puruṣo 'dhīyīta puruṣo+'dhīyīta · asaṃstuto 'pi nārīṇāṃ cittam āśv eva vindati asaṃstuto+'pi · so 'ham anenopāyena taddhanam atimahad akṛcchrād adhigamiṣyāmi so+'ham · ciravege nāyake striyo 'nurajyante śīghravegasya bhāvam anāsādyāvasāne 'bhyasūyinyo bhavanti striyo+'nurajyante
m g → ṃ g	anusvāra / nasal	47	0.86	tathā pativiyoge ca vyasanaṃ dāruṇaṃ gatā dāruṇaṃ+gatā · kalānāṃ grahaṇād eva saubhāgyam upajāyate kalānāṃ+grahaṇād · daivasikīṃ ca yātrāṃ tatrānubhūya kukkuṭayuddhadyūtaiḥ prekṣābhir anukūlaiśca ceṣṭitaiḥ kālaṃ gamayitvā aparāhṇe gṛhītatadudyānopabhogacihnāstathaiva pratyāvrajeyuḥ kālaṃ+gamayitvā · etena racitodgrāhodakānāṃ grīṣme jalakrīḍāgamanaṃ vyākhyātam udakānām→racitodgrāhodakānāṃ +grīṣme
t v → d v	consonant / other	45	0.82	tam adhyakṣapracārād vārtāsamayavidbhyo vaṇigbhyaśceti pracārāt→adhyakṣapracārād +vārttā · śāstrasyānabhiśaṅkyatvād abhicārānuvyāhārayośca kvacit phaladarśanān nakṣatracandrasūryatārāgrahacakrasya lokārthaṃ buddhipūrvakam iva pravṛtter darśanād varṇāśramācārasthitilakṣaṇatvāc ca lokayātrāyā hastagatasya ca bījasya bhaviṣyataḥ sasyārthe tyāgadarśanāccared dharmān iti vātsyāyanaḥ darśanād+varṇa · anarthajanasaṃsargam asadvyavasāyam aśaucam anāyatiṃ caite puruṣasya janayanti asat+vyavasāyam→asadvyavasāyam · tasmād vaiśvāsikājjanād rahasi prayogāñchāstram ekadeśaṃ vā strī gṛhṇīyāt tasmād+vaiśvāsikāt
m y → ṃ y	anusvāra / nasal	42	0.77	alaukikatvād adṛṣṭārthatvād apravṛttānāṃ yajñādīnāṃ śāstrāt pravartanam laukikatvād dṛṣṭārthatvācca pravṛttebhyaśca māṃsabhakṣaṇādibhyaḥ śāstrād eva nivāraṇaṃ dharmaḥ apravṛttānāṃ+yajña · dharmasyālaukikatvāt tadabhidhāyakaṃ śāstraṃ yuktam śāstraṃ+yuktam · trivargasādhakaṃ yat syād dvayor ekasya vā punaḥ sādhakam→trivargasādhakaṃ +yat · gītaṃ vādyaṃ nṛtyaṃ ālekhyaṃ viśeṣakachedyaṃ taṇḍulakusumavalivikārāḥ puṣpāstaraṇaṃ daśanavasanāṅgarāgaḥ maṇibhūmikākarma śayanaracanam udakavādyam udakāghātaḥ citrāśca yogāḥ mālyagrathanavikalpāḥ śekharakāpīḍayojanaṃ nepathyaprayogāḥ karṇapattrabhaṅgāḥ gandhayuktiḥ bhūṣaṇayojanam aindrajālāḥ kaucumārāś ca yogāḥ hastalāghavaṃ vicitraśākayūṣabhakṣyavikārakriyā pānakarasarāgāsavayojanaṃ sūcīvānakarmāṇi sūtrakrīḍā vīṇāḍamarukavādyāni prahelikā pratimālā durvācakayogāḥ pustakavācanaṃ nāṭakākhyāyikādarśanaṃ kāvyasamasyāpūraṇaṃ paṭṭikāvetravānavikalpāḥ takṣakarmāṇi takṣaṇaṃ vāstuvidyā rūpyaratnaparīkṣā dhātuvādaḥ maṇirāgākarajñānaṃ vṛkṣāyurvedayogāḥ meṣakukkuṭalāvakayuddhavidhiḥ śukasārikāpralāpanam utsādane saṃvāhane keśamardane ca kauśalyaṃ akṣaramuṣṭikākathanaṃ mlecchitavikalpāḥ deśabhāṣāvijñānaṃ puṣpaśakaṭikā nimittajñānaṃ yantramātṛkā dhāraṇamātṛkā sampāṭhyaṃ mānasī kāvyakriyā abhidhānakośaḥ chandojñānaṃ kriyākalpaḥ chalitakayogāḥ vastragopanāni dyūtaviśeṣā ākarṣakrīḍā bālakrīḍanakāni vainayikīnāṃ vaijayikīnāṃ vyāyāmikīnāṃ ca vidyānāṃ jñānam iti catuḥṣaṣṭir aṅgavidyāḥ kāmasūtrasyāvayavinyaḥ jñānam→nimittajñānaṃ +yantramātṛkā
i i → ī	vowel coalescence	42	0.77	tiryagyoniṣvapi tu svayaṃ pravṛttatvāt kāmasya nityatvācca na śāstreṇa kṛtyam astītyācāryāḥ asti+iti→astītyācāryāḥ · na niṣkarmaṇo bhadram astīti vātsyāyanaḥ asti+iti→astīti · na hi bhikṣukāḥ santīti sthālyo nādhiśrīyante santi+iti→santīti · na hi mṛgāḥ santīti yavā nopyanta iti vātsyāyanaḥ santi+iti→santīti
m r → ṃ r	anusvāra / nasal	42	0.77	devarājaścāhalyām atibalaśca kīcako draupadīṃ rāvaṇaśca sītām apare cānye ca bahavo dṛśyante kāmavaśagā vinaṣṭā ityarthacintakāḥ draupadīṃ+rāvaṇaḥ · iti sāhasikyaṃ na kevalaṃ rāgād eva kevalaṃ+rāgād · saṃprayogo rataṃ rahaḥ śayanaṃ mohanaṃ surataparyāyāḥ rataṃ+rahaḥ · tadubhayaṃ rāgakāle ubhayam→tadubhayaṃ +rāga
t c → c c	consonant / other	41	0.75	taṃ śruter dharmajñasamavāyāc ca pratipadyeta samavāyāt→dharmajñasamavāyāc +ca · taṃ kāmasūtrān nāgarikajanasamavāyāc ca pratipadyeta samavāyāt→nāgarikajanasamavāyāc +ca · śāstrasyānabhiśaṅkyatvād abhicārānuvyāhārayośca kvacit phaladarśanān nakṣatracandrasūryatārāgrahacakrasya lokārthaṃ buddhipūrvakam iva pravṛtter darśanād varṇāśramācārasthitilakṣaṇatvāc ca lokayātrāyā hastagatasya ca bījasya bhaviṣyataḥ sasyārthe tyāgadarśanāccared dharmān iti vātsyāyanaḥ tvāt→varṇāśramācārasthitilakṣaṇatvāc +ca · sātatyācca saṃvṛtakakṣāsvedāpanodaḥ sātatyāt+ca→sātatyācca
aḥ n → o n	visarga	40	0.73	yathā dāṇḍakyo nāma bhojaḥ kāmād brāhmaṇakanyām abhimanyamānaḥ sabandhurāṣṭro vinanāśa dāṇḍakyo+nāma · na hi bhikṣukāḥ santīti sthālyo nādhiśrīyante sthālyo+na · veśyāsu punarbhūṣu ca na śiṣṭo na pratiṣiddhaḥ śiṣṭo+na · eka eva tu sārvalaukiko nāyakaḥ sārvalaukiko+nāyakaḥ
ḥ v → Ø v	visarga	39	0.71	devarājaścāhalyām atibalaśca kīcako draupadīṃ rāvaṇaśca sītām apare cānye ca bahavo dṛśyante kāmavaśagā vinaṣṭā ityarthacintakāḥ vaśagāḥ→kāmavaśagā +vinaṣṭā · pīṭhamardaviṭavidūṣakāyattā vyāpārāḥ āyattāḥ→pīṭhamardaviṭavidūṣakāyattā +vyāpārāḥ · etena taṃ taṃ devatāviśeṣam uddiśya saṃbhāvitasthitayo ghaṭā vyākhyātāḥ ghaṭā+vyākhyātāḥ · pūrvāhṇa eva svalaṃkṛtāsturagādhirūḍhā veśyābhiḥ saha paricārakānugatā gaccheyuḥ adhirūḍhāḥ→svalaṃkṛtāsturagādhirūḍhā +veśyābhiḥ
t e → d e	consonant / other	38	0.7	tad eva tu pañcabhir adhyāyaśatair auddālakiḥ śvetaketuḥ saṃcikṣepa tad+eva · tad eva tu punar adhyardhenādhyāyaśatena sādhāraṇasāmprayogikakanyāsaṃprayuktakabhāryādhikārikapāradārikavaiśikaupaniṣadikaḥ saptabhir adhikaraṇair bābhravyaḥ pāñcālaḥ saṃcikṣepa tad+eva · alaukikatvād adṛṣṭārthatvād apravṛttānāṃ yajñādīnāṃ śāstrāt pravartanam laukikatvād dṛṣṭārthatvācca pravṛttebhyaśca māṃsabhakṣaṇādibhyaḥ śāstrād eva nivāraṇaṃ dharmaḥ śāstrād+eva · avaśyaṃ bhāvino 'pyarthasyopāyapūrvakatvād eva tvāt→'pyarthasyopāyapūrvakatvād +eva
aḥ a → o a	visarga	37	0.68	avaśyaṃ bhāvino 'pyarthasyopāyapūrvakatvād eva bhāvino+api · pratiṣiddho 'varavarṇāsvaniravasitāsu pratiṣiddho+avara · kaṇḍūtipratīkāro 'pi hi dīrghakālaṃ priya iti pratīkāraḥ→kaṇḍūtipratīkāro +'pi · nānyo 'yam iti yatra syād anyasmin prītikāraṇe anyaḥ→nānyo +'yam
i ā → y ā	vowel coalescence	36	0.66	yoṣitāṃ śāstragrahaṇasyābhāvād anarthakam iha śāstre strīśāsanam ityācāryāḥ iti+ācāryāḥ→ityācāryāḥ · varṣapramṛṣṭanepathyānāṃ durdinābhisārikāṇāṃ svayam eva punar maṇḍanam mitrajanena vā paricaraṇam ityāhorātrikam iti+āhorātrikam→ityāhorātrikam · prāpnuvantyāśu tāḥ prītim ityācāryā vyavasthitāḥ prāpnuvanti+āśu→prāpnuvantyāśu · prāpnuvantyāśu tāḥ prītim ityācāryā vyavasthitāḥ iti+ācāryāḥ→ityācāryā
u a → v a	vowel coalescence	34	0.62	sparśaviśeṣaviṣayāt tv asyābhimānikasukhānuviddhā phalavatyarthapratītiḥ prādhānyāt kāmaḥ tv+asya · tiryagyoniṣvapi tu svayaṃ pravṛttatvāt kāmasya nityatvācca na śāstreṇa kṛtyam astītyācāryāḥ tiryagyoniṣu+api→tiryagyoniṣvapi · deśakālau tvapekṣyāsāṃ prayogaḥ sambhavenna vā tu+apekṣya→tvapekṣyāsāṃ · pūrvāhṇa eva svalaṃkṛtāsturagādhirūḍhā veśyābhiḥ saha paricārakānugatā gaccheyuḥ su+alaṃkṛtāḥ→svalaṃkṛtāsturagādhirūḍhā
t n → n n	consonant / other	34	0.62	taṃ kāmasūtrān nāgarikajanasamavāyāc ca pratipadyeta kāmasūtrān+nāgarika · varaṃ sāṃśayikān niṣkād asāṃśayikaḥ kārṣāpaṇaḥ sāṃśayikān+niṣkād · śāstrasyānabhiśaṅkyatvād abhicārānuvyāhārayośca kvacit phaladarśanān nakṣatracandrasūryatārāgrahacakrasya lokārthaṃ buddhipūrvakam iva pravṛtter darśanād varṇāśramācārasthitilakṣaṇatvāc ca lokayātrāyā hastagatasya ca bījasya bhaviṣyataḥ sasyārthe tyāgadarśanāccared dharmān iti vātsyāyanaḥ darśanāt→phaladarśanān +nakṣatra · tan na kevalam ihaiva tan+na
ā i → e	vowel coalescence	34	0.62	kāla eva punar apyenaṃ karteti kālakāraṇikāḥ kartā+iti→karteti · tathāsti rājeti dūrasthā api janapadā na maryādām ativartante tadvad etat rājā+iti→rājeti · lateva śālam āveṣṭayantī cumbanārthaṃ mukham avanamayet latā+iva→lateva · rāgāndhāv anapekṣitātyayau parasparam anuviśata ivotsaṅgagatāyām abhimukhopaviṣṭāyāṃ śayane veti kṣīrajalakam vā+iti→veti
m bh → ṃ bh	anusvāra / nasal	32	0.59	avaśyaṃ bhāvino 'pyarthasyopāyapūrvakatvād eva avaśyaṃ+bhāvino · tat sarvaṃ bhāvaprāpter aprāpteśca lakṣaṇam sarvaṃ+bhāva · na hyasatyāṃ bhāvaprāptau garbhasaṃbhava iti bābhravīyāḥ asatyām→hyasatyāṃ +bhāva · śayanagatāv evorūvyatyāsaṃ bhujavyatyāsaṃ ca sasaṃgharṣam iva ghanaṃ saṃsvajete tattilataṇḍulakam vyatyāsam→evorūvyatyāsaṃ +bhuja
ḥ v → r v	visarga	32	0.59	gṛhītavidyaḥ pratigrahajayakrayanirveśādhigatair arthair anvayāgatair ubhayair vā gārhasthyam adhigamya nāgarakavṛttaṃ varteta ubhayair+vā · tatra nāyikāstisraḥ kanyā punarbhūr veśyā ca punarbhūr+veśyā · pratyakṣā lokataḥ siddhā yā prītir viṣayātmikā prītir+viṣaya · saṃvāhikāyāstu nāyakam ākārayantyā nidrāvaśād akāmāyā iva tasyorvor vadanasya nidhānam ūrucumbanaṃ pādāṅguṣṭhacumbanaṃ cetyābhiyogikāni ūruvoḥ→tasyorvor +vadanasya
t ā → d ā	consonant / other	31	0.57	anityatvād āyuṣo yathopapādaṃ vā seveta tvāt→anityatvād +āyuṣo · śarīrasthitihetutvād āhārasadharmāṇo hi kāmāḥ tvāt→śarīrasthitihetutvād +āhāra · avibhavastu śarīramātro mallikāphenakakaṣāyamātraparicchadaḥ pūjyād deśād āgataḥ kalāsu vicakṣaṇastadupadeśena goṣṭhyāṃ veśocite ca vṛtte sādhayed ātmānam iti pīṭhamardaḥ deśād+āgataḥ · avibhavastu śarīramātro mallikāphenakakaṣāyamātraparicchadaḥ pūjyād deśād āgataḥ kalāsu vicakṣaṇastadupadeśena goṣṭhyāṃ veśocite ca vṛtte sādhayed ātmānam iti pīṭhamardaḥ sādhayed+ātmānam
t u → d u	consonant / other	31	0.57	yad ubhayoḥ sādhāraṇam ubhayatrodāraṃ viśeṣato nāyikāyāḥ suvisrabdhaṃ tatra dūtakarma yad+ubhayoḥ · katham etad upalabhyata iti cet puruṣo hi ratim adhigamya svecchayā viramati na striyam apekṣate na tvevaṃ strītyauddālakiḥ etad+upalabhyata · etad upapadyata eva etad+upapadyata · etad upapannataram etad+upapannataram
e i → a i	vowel coalescence	30	0.55	na hi mṛgāḥ santīti yavā nopyanta iti vātsyāyanaḥ upyante→nopyanta +iti · katham etad upalabhyata iti cet puruṣo hi ratim adhigamya svecchayā viramati na striyam apekṣate na tvevaṃ strītyauddālakiḥ upalabhyata+iti · yathā meṣayor abhighāte kapitthayor bhede mallayor yuddha iti yuddha+iti · balāt kāreṇa niyuktā mukhe mukham ādhatte na tu viceṣṭata iti nimittakam viceṣṭata+iti
ḥ e → Ø e	visarga	29	0.53	kāla eva hi puruṣān arthānarthayor jayaparājayayoḥ sukhaduḥkhayośca sthāpayati kāla+eva · kāla eva punar apyenaṃ karteti kālakāraṇikāḥ kāla+eva · bahavaśca kāmavaśagāḥ sagaṇā eva vinaṣṭāḥ śrūyante gaṇāḥ→sagaṇā +eva · kāryāntarābhāvād etāsām api pūrvāsvevopalakṣaṇam tasmāccatasra eva nāyikā iti vātsyāyanaḥ catasraḥ→tasmāccatasra +eva
m b → ṃ b	anusvāra / nasal	28	0.51	evaṃ bahubhir ācāryaistacchāstraṃ khaṇḍaśaḥ praṇītam utsannakalpam abhūt evaṃ+bahubhir · śāstrasyānabhiśaṅkyatvād abhicārānuvyāhārayośca kvacit phaladarśanān nakṣatracandrasūryatārāgrahacakrasya lokārthaṃ buddhipūrvakam iva pravṛtter darśanād varṇāśramācārasthitilakṣaṇatvāc ca lokayātrāyā hastagatasya ca bījasya bhaviṣyataḥ sasyārthe tyāgadarśanāccared dharmān iti vātsyāyanaḥ artham→lokārthaṃ +buddhi · gūḍhakam ucchūnakaṃ bindur bindumālā pravālamaṇir maṇimālā khaṇḍābhrakaṃ varāhacarvitakam iti daśanacchedanavikalpāḥ ucchūnakaṃ+bindur · tad ubhayaṃ bindur adharamadhya iti ubhayaṃ+bindur
aḥ m → o m	visarga	28	0.51	santyapi khalu śāstraprahatabuddhayo gaṇikā rājaputryo mahāmātraduhitaraśca rājaputryo+mahāmātra · avibhavastu śarīramātro mallikāphenakakaṣāyamātraparicchadaḥ pūjyād deśād āgataḥ kalāsu vicakṣaṇastadupadeśena goṣṭhyāṃ veśocite ca vṛtte sādhayed ātmānam iti pīṭhamardaḥ mātraḥ→śarīramātro +mallikā · rajakanāpitamālākāragāndhikasaurikabhikṣukagopālakatāmbūlikasauvarṇikapīṭhamardaviṭavidūṣakādayo mitrāṇi ādayaḥ→rajakanāpitamālākāragāndhikasaurikabhikṣukagopālakatāmbūlikasauvarṇikapīṭhamardaviṭavidūṣakādayo +mitrāṇi · tadācchuritakam ardhacandro maṇḍalaṃ rekhā vyāghranakhaṃ mayūrapadakaṃ śaśaplutakam utpalapatrakam iti rūpato 'ṣṭavikalpam ardhacandro+maṇḍalaṃ
ḥ e → r e	visarga	27	0.49	dharmārthayoḥ pradhānayor evam anyeṣāṃ ca satāṃ pratyanīkatvāt pradhānayor+evam · trivargasādhakaṃ yat syād dvayor ekasya vā punaḥ dvayor+ekasya · etair eva kāraṇair mahāmātrasambaddhā rājasambaddhā vā tatraikadeśacāriṇī kācid anyā vā kāryasaṃpādinī vidhavā pañcamīti cārāyaṇaḥ etair+eva · saṃhatya kārakair eko 'rtho 'bhinirvartyate kārakair+eko
m l → ṃ l	anusvāra / nasal	27	0.49	tathā pramādaṃ lāghavam apratyayam agrāhyatāṃ ca pramādaṃ+lāghavam · dvitīye ahani tebhyaḥ pūjā niyataṃ labheran niyataṃ+labheran · paṭutā dhārṣṭyam iṅgitākārajñatā pratāraṇakālajñatā viṣahyabuddhitvaṃ laghvī pratipattiḥ sopāyā ceti dūtaguṇāḥ tvam→viṣahyabuddhitvaṃ +laghvī · parasparānukūlyena tad evaṃ lajjamānayoḥ evaṃ+lajjamānayoḥ
aḥ d → o d	visarga	27	0.49	devarājaścāhalyām atibalaśca kīcako draupadīṃ rāvaṇaśca sītām apare cānye ca bahavo dṛśyante kāmavaśagā vinaṣṭā ityarthacintakāḥ kīcako+draupadīṃ · devarājaścāhalyām atibalaśca kīcako draupadīṃ rāvaṇaśca sītām apare cānye ca bahavo dṛśyante kāmavaśagā vinaṣṭā ityarthacintakāḥ bahavo+dṛśyante · sahakārabhañjikā abhyūṣakhādikā bisakhādikā navapattrikā udakakṣveḍikā pāñcālānuyānam ekaśālmalī kadambayuddhāni tāstāśca māhimānyo deśyāśca krīḍā janebhyo viśiṣṭam ācareyuḥ mānyaḥ→māhimānyo +deśyāḥ · ātmavān mitravān yukto bhāvajño deśakālavit jñaḥ→bhāvajño +deśa
d s → t s	consonant / other	26	0.48	tatsamayāvabodhakebhyaścācāryebhyaḥ tad+samaya→tatsamayāvabodhakebhyaścācāryebhyaḥ · prayatnato 'pi hyete anuṣṭhīyamānā naiva kadācit syuḥ kadācit+syuḥ · viśrabdhā tatsthānīyā vṛddhadāsī tad+sthānīyā→tatsthānīyā · ye api hyaśāstritāḥ kecit saṃyogā rāgavardhanāḥ kecit+saṃyogā
aḥ y → o y	visarga	26	0.48	anityatvād āyuṣo yathopapādaṃ vā seveta āyuṣo+yathopapādaṃ · kāmaścaturṣu varṇeṣu savarṇataḥ śāstrataścānanyapūrvāyāṃ prayujyamānaḥ putrīyo yaśasyo laukikaśca bhavati putrīyo+yaśasyo · yo yathā vartate bhāvastaṃ tathaiva prayojayet yo+yathā · paśyato yuvatiṃ dūrān nakhocchiṣṭapayodharām paśyato+yuvatiṃ
u e → v e	vowel coalescence	26	0.48	kāryaṃ tad api kurvīta na tv ekārthaṃ dvibādhakam tv+eka · asaṃstuto 'pi nārīṇāṃ cittam āśv eva vindati āśv+eva · kāryāntarābhāvād etāsām api pūrvāsvevopalakṣaṇam tasmāccatasra eva nāyikā iti vātsyāyanaḥ pūrvāsu+eva→pūrvāsvevopalakṣaṇam · katham etad upalabhyata iti cet puruṣo hi ratim adhigamya svecchayā viramati na striyam apekṣate na tvevaṃ strītyauddālakiḥ tu+evam→tvevaṃ
ḥ u → Ø u	visarga	25	0.46	deśyā upacārāḥ deśyā+upacārāḥ · bālāyā upakramāḥ bālāyā+upakramāḥ · tadviparīta uttamavarṇāsu paraparigṛhītāsu ca viparītaḥ→tadviparīta +uttama · deśasātmyācca yoṣita upacaret yoṣita+upacaret
t d → d d	consonant / other	24	0.44	tasya ṣaṣṭhaṃ vaiśikam adhikaraṇaṃ pāṭaliputrikāṇāṃ gaṇikānāṃ niyogād dattakaḥ pṛthak cakāra niyogād+dattakaḥ · alaukikatvād adṛṣṭārthatvād apravṛttānāṃ yajñādīnāṃ śāstrāt pravartanam laukikatvād dṛṣṭārthatvācca pravṛttebhyaśca māṃsabhakṣaṇādibhyaḥ śāstrād eva nivāraṇaṃ dharmaḥ tvāt→laukikatvād +dṛṣṭārtha · trivargasādhakaṃ yat syād dvayor ekasya vā punaḥ syād+dvayor · avibhavastu śarīramātro mallikāphenakakaṣāyamātraparicchadaḥ pūjyād deśād āgataḥ kalāsu vicakṣaṇastadupadeśena goṣṭhyāṃ veśocite ca vṛtte sādhayed ātmānam iti pīṭhamardaḥ pūjyād+deśād
aḥ bh → o bh	visarga	24	0.44	gonardīyo bhāryādhikārikam gonardīyo+bhāryādhikārikam · na niṣkarmaṇo bhadram astīti vātsyāyanaḥ niṣkarmaṇo+bhadram · kathāṃ goṣṭhīṣu kathayaṃlloke bahumato bhavet mataḥ→bahumato +bhavet · ātmavān mitravān yukto bhāvajño deśakālavit yukto+bhāva
ḥ a → Ø a	visarga	24	0.44	kucumāra aupaniṣadikam iti kucumāra+aupaniṣadikam · ananuṣṭhīyamānā api yadṛcchayā bhaveyuḥ ananuṣṭhīyamānā+api · asti vyākaraṇam ityavaiyākaraṇā api yājñikā ūhaṃ kratuṣu prayuñjate avaiyākaraṇāḥ→ityavaiyākaraṇā +api · tathāśvārohā gajārohāścāśvān gajāṃścānadhigataśāstrā api vinayante śāstrāḥ→gajāṃścānadhigataśāstrā +api
ā u → o	vowel coalescence	24	0.44	tasmāt tathopacaryā strī yathāgre prāpnuyād ratim tathā+upacaryā→tathopacaryā · tayoccatararatasyāpi parigrahaḥ tayā+uccatara→tayoccatararatasyāpi · vijane ca yathoktair āliṅganādibhir enām uddharṣayet yathā+uktaiḥ→yathoktair · tathotsaveṣu ca tathā+utsaveṣu→tathotsaveṣu
ḥ u → r u	visarga	23	0.42	saṃprayogaparādhīnatvāt strīpuṃsayor upāyam apekṣate puṃsayoḥ→strīpuṃsayor +upāyam · gṛhītavidyaḥ pratigrahajayakrayanirveśādhigatair arthair anvayāgatair ubhayair vā gārhasthyam adhigamya nāgarakavṛttaṃ varteta āgataiḥ→anvayāgatair +ubhayair · āgatānāṃ ca manoharair ālāpair upacāraiśca sasahāyasyopakramāḥ ālāpair+upacāraiḥ · utkrāntabālabhāvā kulayuvatir upacārānyatvād aṣṭamīti gonardīyaḥ yuvatiḥ→kulayuvatir +upacāra
ḥ n → Ø n	visarga	22	0.4	prayatnato 'pi hyete anuṣṭhīyamānā naiva kadācit syuḥ anuṣṭhīyamānā+na · na hi mṛgāḥ santīti yavā nopyanta iti vātsyāyanaḥ yavā+na · tathāsti rājeti dūrasthā api janapadā na maryādām ativartante tadvad etat janapadā+na · dvitīye ahani tebhyaḥ pūjā niyataṃ labheran pūjā+niyataṃ
ḥ i → r i	visarga	22	0.4	kālena balir indraḥ kṛtaḥ balir+indraḥ · punarbhūr iyam punarbhūr+iyam · tadyoṣinmitrāśca nāgarakāḥ syur iti vātsyāyanaḥ syur+iti · abhiyuktāham aneneti yuvatir iti vātsyāyanaḥ yuvatir+iti
i e → y e	vowel coalescence	20	0.37	prayatnato 'pi hyete anuṣṭhīyamānā naiva kadācit syuḥ hi+ete→hyete · kāla eva punar apyenaṃ karteti kālakāraṇikāḥ api+enam→apyenaṃ · abhyāsaprayojyāṃśca cātuḥṣaṣṭikān yogān kanyā rahasyekākinyabhyaset rahasi+ekākinī→rahasyekākinyabhyaset · pañcālasaṃbandhācca bahvṛcair eṣā pūjārthaṃ saṃjñā pravartitā ityeke iti+eke→ityeke
m j → ṃ j	anusvāra / nasal	19	0.35	gītaṃ vādyaṃ nṛtyaṃ ālekhyaṃ viśeṣakachedyaṃ taṇḍulakusumavalivikārāḥ puṣpāstaraṇaṃ daśanavasanāṅgarāgaḥ maṇibhūmikākarma śayanaracanam udakavādyam udakāghātaḥ citrāśca yogāḥ mālyagrathanavikalpāḥ śekharakāpīḍayojanaṃ nepathyaprayogāḥ karṇapattrabhaṅgāḥ gandhayuktiḥ bhūṣaṇayojanam aindrajālāḥ kaucumārāś ca yogāḥ hastalāghavaṃ vicitraśākayūṣabhakṣyavikārakriyā pānakarasarāgāsavayojanaṃ sūcīvānakarmāṇi sūtrakrīḍā vīṇāḍamarukavādyāni prahelikā pratimālā durvācakayogāḥ pustakavācanaṃ nāṭakākhyāyikādarśanaṃ kāvyasamasyāpūraṇaṃ paṭṭikāvetravānavikalpāḥ takṣakarmāṇi takṣaṇaṃ vāstuvidyā rūpyaratnaparīkṣā dhātuvādaḥ maṇirāgākarajñānaṃ vṛkṣāyurvedayogāḥ meṣakukkuṭalāvakayuddhavidhiḥ śukasārikāpralāpanam utsādane saṃvāhane keśamardane ca kauśalyaṃ akṣaramuṣṭikākathanaṃ mlecchitavikalpāḥ deśabhāṣāvijñānaṃ puṣpaśakaṭikā nimittajñānaṃ yantramātṛkā dhāraṇamātṛkā sampāṭhyaṃ mānasī kāvyakriyā abhidhānakośaḥ chandojñānaṃ kriyākalpaḥ chalitakayogāḥ vastragopanāni dyūtaviśeṣā ākarṣakrīḍā bālakrīḍanakāni vainayikīnāṃ vaijayikīnāṃ vyāyāmikīnāṃ ca vidyānāṃ jñānam iti catuḥṣaṣṭir aṅgavidyāḥ kāmasūtrasyāvayavinyaḥ vidyānāṃ+jñānam · sā punar ābhimānikena sukhena saṃsṛṣṭā rasāntaraṃ janayati antaram→rasāntaraṃ +janayati · kakṣau stanau galaḥ pṛṣṭhaṃ jaghanam ūrū ca sthānāni pṛṣṭhaṃ+jaghanam · śiro vinipātyordhvaṃ jaghanam utphullakam ūrdhvam→vinipātyordhvaṃ +jaghanam
i u → y u	vowel coalescence	19	0.35	sāmye apyuccāṅkaṃ nīcāṅkājjyāyaḥ api+ucca→apyuccāṅkaṃ · saṃvāhanam apyupagūhanaprakāram ityeke manyante saṃsparśatvāt api+upagūhana→apyupagūhanaprakāram · tasyāṃ cumbantyāmayam apyuttaraṃ gṛhṇīyāt api+uttaram→apyuttaraṃ · ityuttaracumbitam iti+uttara→ityuttaracumbitam
ḥ n → r n	visarga	18	0.33	ekacāriṇaśca vibhavasāmarthyād gaṇikāyā nāyikāyāśca sakhībhir nāgarakaiśca saha caritam etena vyākhyātam sakhībhir+nāgarakaiḥ · tamasi janasambādhe vijane vātha śanakair gacchator nātihrasvakālam uddharṣaṇaṃ parasparasya gātrāṇām uddhṛṣṭakam gacchator+na · tatra savyahastāni pratyagraśikharāṇi dvitriśikharāṇi caṇḍavegayor nakhāni syuḥ vegayoḥ→caṇḍavegayor +nakhāni · saṃvatsaraśatenāpi prītir na parihīyate prītir+na
as a → o '	consonant / other	18	0.33	anyato 'pi bahuśo vyavasitacāritrā tasyāṃ veśyāyām iva gamanam uttamavarṇinyām api na dharmapīḍāṃ kariṣyati anyato+'pi · pramattasya vivadamānasya vā anyato 'bhimukhasya suptābhimukhasya vā nidrāvyāghātārthaṃ calitakam anyato+'bhimukhasya · nāyakasya saṃtatābhyāsāt pariśramam upalabhya rāgasya cānupaśamam anumatā tena tam adho 'vapātya puruṣāyitena sāhāyyaṃ dadyāt adho+'vapātya · saṃstutā cet sakhīm anukūlām ubhayato 'pi visrabdhāṃ tām antarā kṛtvā kathāṃ yojayet ubhayato+'pi
s p → ḥ p	consonant / other	17	0.31	evaṃ bahubhir ācāryaistacchāstraṃ khaṇḍaśaḥ praṇītam utsannakalpam abhūt khaṇḍaśaḥ+praṇītam · tataḥ param atitvarayā viśeṣavatsamuccayena rāgasaṃdhukṣaṇārtham tataḥ+param · sakacagraham unnamya mukhaṃ tasya tataḥ pibet tataḥ+pibet · tatra yuktayantreṇaivetareṇotthāpyamānā tamadhaḥ pātayet adhas→tamadhaḥ +pātayet
ā e → ai	vowel coalescence	17	0.31	saiva pravrajitā ṣaṣṭhīti suvarṇanābhaḥ sā+eva→saiva · yo yathā vartate bhāvastaṃ tathaiva prayojayet tathā+eva→tathaiva · saiva vakrā vyāghranakhakam ā stanamukham sā+eva→saiva · tatra lāvakahaṃsavikūjitaṃ tvarayaiva tvarayā+eva→tvarayaiva
ḥ ā → r ā	visarga	16	0.29	evaṃ bahubhir ācāryaistacchāstraṃ khaṇḍaśaḥ praṇītam utsannakalpam abhūt bahubhir+ācāryaiḥ · āgatānāṃ ca manoharair ālāpair upacāraiśca sasahāyasyopakramāḥ manoharair+ālāpair · veśyābhavane sabhāyām anyatamasyodavasite vā samānavidyābuddhiśīlavittavayasāṃ saha veśyābhir anurūpair ālāpair āsanabandho goṣṭhī anurūpair+ālāpair · veśyābhavane sabhāyām anyatamasyodavasite vā samānavidyābuddhiśīlavittavayasāṃ saha veśyābhir anurūpair ālāpair āsanabandho goṣṭhī ālāpair+āsana
d p → t p	consonant / other	15	0.27	tatprasaṅgāccārāyaṇaḥ sādhāraṇam adhikaraṇaṃ pṛthak provāca tad+prasaṅgāt→tatprasaṅgāccārāyaṇaḥ · yaḥ kaścit pustakaḥ kaścit+pustakaḥ · katham etad upalabhyata iti cet puruṣo hi ratim adhigamya svecchayā viramati na striyam apekṣate na tvevaṃ strītyauddālakiḥ cet+puruṣo · caraṇena caraṇam ākramya dvitīyenorudeśam ākramantī veṣṭayantī vā tatpṛṣṭhasaktaikabāhur dvitīyenāṃsam avanamayantī īṣanmandaśītkṛtakūjitā cumbanārtham evādhiroḍhum icched iti vṛkṣādhirūḍhakam tad+pṛṣṭha→tatpṛṣṭhasaktaikabāhur
aḥ g → o g	visarga	15	0.27	eṣāṃ samavāye pūrvaḥ pūrvo garīyān pūrvo+garīyān · santyapi khalu śāstraprahatabuddhayo gaṇikā rājaputryo mahāmātraduhitaraśca buddhayaḥ→śāstraprahatabuddhayo +gaṇikā · veśyābhavane sabhāyām anyatamasyodavasite vā samānavidyābuddhiśīlavittavayasāṃ saha veśyābhir anurūpair ālāpair āsanabandho goṣṭhī bandhaḥ→āsanabandho +goṣṭhī · saṃmukhāgatāyāṃ prayojyāyām anyāpadeśena gacchato gātreṇa gātrasya sparśanaṃ spṛṣṭakam gacchato+gātreṇa
t r → d r	consonant / other	15	0.27	tasmād vaiśvāsikājjanād rahasi prayogāñchāstram ekadeśaṃ vā strī gṛhṇīyāt janāt→vaiśvāsikājjanād +rahasi · tasmāt tathopacaryā strī yathāgre prāpnuyād ratim prāpnuyād+ratim · tathābhūtatvād rāgasya tvāt→tathābhūtatvād +rāgasya · taiḥ suniyamitair hanudeśe stanayor adhare vā laghukaraṇam anudgatalekhaṃ sparśamātrajananād romāñcakaram ante saṃnipātavardhamānaśabdam ācchuritakam jananāt→sparśamātrajananād +romāñca
ḥ y → Ø y	visarga	14	0.26	ayatnasādhyā yoṣitaḥ sādhyāḥ→ayatnasādhyā +yoṣitaḥ · sa yadā manyate svairiṇīyam sa+yadā · puruṣaḥ śayanasthāyā yoṣitastad vacanavyākṣiptacittāyā iva nīvīṃ viśleṣayet sthāyāḥ→śayanasthāyā +yoṣitaḥ · na hi dṛṣṭabhāvā yoṣito deśe kāle ca prayujyamānā vyāvartanta iti vātsyāyanaḥ bhāvāḥ→dṛṣṭabhāvā +yoṣito
ā ā → ā	vowel coalescence	14	0.26	sa prātar utthāya kṛtaniyatakṛtyaḥ gṛhītadantadhāvanaḥ mātrayānulepanaṃ dhūpaṃ srajam iti ca gṛhītvā dattvā sikthakam alaktakaṃ ca dṛṣṭvādarśe mukham gṛhītamukhavāsatāmbūlaḥ kāryāṇyanutiṣṭhet dṛṣṭvā+ādarśe→dṛṣṭvādarśe · kanyām alabhyāṃ vātmādhīnām artharūpavatīṃ mayi saṃkrāmayiṣyati vā+ātma→vātmādhīnām · prītiḥ sābhyāsikī jñeyā mṛgayādiṣu karmasu sā+ābhyāsikā→sābhyāsikī · prītiḥ sābhyāsikī jñeyā mṛgayādiṣu karmasu mṛgayā+ādiṣu→mṛgayādiṣu
s s → ḥ s	consonant / other	14	0.26	bāhye satyupabhoge api nirvisrambhā bahiḥsukhāḥ bahis+sukhāḥ→bahiḥsukhāḥ · dūṣayitvā caināṃ śanaiḥ svajane prakāśayet śanaiḥ+sva · cakṣuḥprītir manaḥsaṅgaḥ saṃkalpotpattir nidrācchedastanutā viṣayebhyo vyāvṛttir lajjāpraṇāśa unmādo mūrchā maraṇam iti teṣāṃ liṅgāni manas+saṅgaḥ→manaḥsaṅgaḥ · tasmin prasṛte bhūyaḥ suptasaṃśleṣaṇam upakramet bhūyaḥ+supta
aḥ r → o r	visarga	13	0.24	pramāṇakālabhāvebhyo ratāvasthāpanam bhāvebhyaḥ→pramāṇakālabhāvebhyo +rata · tataḥ krameṇādhiko rāgayogaḥ śarīre nirapekṣatvam adhikaḥ→krameṇādhiko +rāga · raso ratiḥ prītir bhāvo rāgo vegaḥ samāptir iti ratiparyāyāḥ raso+ratiḥ · raso ratiḥ prītir bhāvo rāgo vegaḥ samāptir iti ratiparyāyāḥ bhāvo+rāgo
ḥ g → Ø g	visarga	13	0.24	tathāśvārohā gajārohāścāśvān gajāṃścānadhigataśāstrā api vinayante ārohāḥ→tathāśvārohā +gaja · pūrvāhṇa eva svalaṃkṛtāsturagādhirūḍhā veśyābhiḥ saha paricārakānugatā gaccheyuḥ anugatāḥ→paricārakānugatā +gaccheyuḥ · niratyayaṃ vāsyā gamanam arthānubaddham asyāḥ→vāsyā +gamanam · pratinivṛttya cāvrīḍāyamānayor ucitadeśopaviṣṭayostāmbūlagrahaṇam acchīkṛtaṃ candanam anyad vānulepanaṃ tasyā gātre svayam eva niveśayet tasyā+gātre
ḥ m → r m	visarga	13	0.24	etair eva kāraṇair mahāmātrasambaddhā rājasambaddhā vā tatraikadeśacāriṇī kācid anyā vā kāryasaṃpādinī vidhavā pañcamīti cārāyaṇaḥ kāraṇair+mahāmātra · gūḍhakam ucchūnakaṃ bindur bindumālā pravālamaṇir maṇimālā khaṇḍābhrakaṃ varāhacarvitakam iti daśanacchedanavikalpāḥ pravālamaṇir+maṇimālā · ādye saṃdarśane jāte pūrvaṃ ye syur manorathāḥ syur+manorathāḥ · cakṣuḥprītir manaḥsaṅgaḥ saṃkalpotpattir nidrācchedastanutā viṣayebhyo vyāvṛttir lajjāpraṇāśa unmādo mūrchā maraṇam iti teṣāṃ liṅgāni prītiḥ→cakṣuḥprītir +manas
m h → ṃ h	anusvāra / nasal	12	0.22	iṣṭaṃ hi viduṣāṃ loke samāsavyāsabhāṣaṇam iṣṭaṃ+hi · kathaṃ hi samānāyām evākṛtāvekārtham abhiprapannayoḥ kāryavailakṣaṇyaṃ syād upāyavailakṣaṇyād abhimānavailakṣaṇyācca kathaṃ+hi · uddiśya svakṛtaṃ cihnaṃ hased anyair alakṣitā cihnaṃ+hased · upasṛptakaṃ manthanaṃ hulo 'vamardanaṃ pīḍitakaṃ nirghāto varāhaghāto vṛṣāghātaścaṭakavilasitaṃ saṃpuṭa iti puruṣopasṛptāni manthanaṃ+hulo
m dh → ṃ dh	anusvāra / nasal	12	0.22	alaukikatvād adṛṣṭārthatvād apravṛttānāṃ yajñādīnāṃ śāstrāt pravartanam laukikatvād dṛṣṭārthatvācca pravṛttebhyaśca māṃsabhakṣaṇādibhyaḥ śāstrād eva nivāraṇaṃ dharmaḥ nivāraṇaṃ+dharmaḥ · sa prātar utthāya kṛtaniyatakṛtyaḥ gṛhītadantadhāvanaḥ mātrayānulepanaṃ dhūpaṃ srajam iti ca gṛhītvā dattvā sikthakam alaktakaṃ ca dṛṣṭvādarśe mukham gṛhītamukhavāsatāmbūlaḥ kāryāṇyanutiṣṭhet anulepanam→mātrayānulepanaṃ +dhūpaṃ · pitṛpaitāmaham avisaṃvādakam adṛṣṭavaikṛtaṃ vaśyaṃ dhruvam alobhaśīlam aparihāryam amantravisrāvīti mitrasaṃpat vaśyaṃ+dhruvam · bhūmau vā catuṣpadavad āsthitāyā vṛṣalīlayāvaskandanaṃ dhenukam avaskandanam→vṛṣalīlayāvaskandanaṃ +dhenukam
aḥ h → o h	visarga	12	0.22	ko hyabāliśo hastagataṃ paragataṃ kuryāt ko+hi · ko hyabāliśo hastagataṃ paragataṃ kuryāt abāliśaḥ→hyabāliśo +hasta · śarīrasthitihetutvād āhārasadharmāṇo hi kāmāḥ sadharmāṇaḥ→āhārasadharmāṇo +hi · katham etad upalabhyata iti cet puruṣo hi ratim adhigamya svecchayā viramati na striyam apekṣate na tvevaṃ strītyauddālakiḥ puruṣo+hi
s k → ḥ k	consonant / other	12	0.22	tasya bahiḥ krīḍāśakunipañjarāṇi bahiḥ+krīḍā · tataḥ krameṇādhiko rāgayogaḥ śarīre nirapekṣatvam tataḥ+krameṇa · tatra pṛṣṭham uraḥkarmāṇi labhate uras+karmāṇi→uraḥkarmāṇi · kaḥ kadā kiṃ kutaḥ kuryād iti ko jñātum arhati kutaḥ+kuryād
ḥ m → Ø m	visarga	12	0.22	tair bhikṣukyaḥ kalāvidagdhā muṇḍā vṛṣalyo vṛddhagaṇikāśca vyākhyātāḥ vidagdhāḥ→kalāvidagdhā +muṇḍā · yasya saṃprayogakāle prītir udāsīnā vīryam alpaṃ kṣatāni ca na sahate sa mandavegaḥ sa+manda · pariṣvaṅgacumbananakhadantacūṣaṇapradhānāḥ kṣatavarjitāḥ prahaṇanasādhyā mālavya ābhīryaśca sādhyāḥ→prahaṇanasādhyā +mālavya · caṇḍavegā mandaśītkṛtā āparāntikā lāṭhyaśca vegāḥ→caṇḍavegā +manda
ḥ d → Ø d	visarga	11	0.2	adhyāyā daśa adhyāyā+daśa · gaṇikāyā duhitā paricārikā vānanyapūrvā saptamīti ghoṭakamukhaḥ gaṇikāyā+duhitā · tasminn itaro 'pi jihvayāsyā daśanān ghaṭṭayet tālu jihvāṃ ceti jihvāyuddham asyāḥ→jihvayāsyā +daśanān · sa dvividhaḥ pārśvasaṃpuṭa uttānasaṃpuṭaśca sa+dvividhaḥ
n c → ṃś c	anusvāra / nasal	11	0.2	na dharmāṃścaret dharmān+caret→dharmāṃścaret · na kāmāṃścaret kāmān+caret→kāmāṃścaret · liṅgena samāhatya pīḍayaṃściram avatiṣṭhed iti pīḍitakam pīḍayan+ciram→pīḍayaṃściram · varaṇārtham upagatāṃśca bhadradarśanān pradakṣiṇavācaśca tatsaṃbandhisaṃgatān puruṣān maṅgalaiḥ pratigṛhṇīyuḥ upagatān+ca→upagatāṃśca
ḥ ā → Ø ā	visarga	11	0.2	gītaṃ vādyaṃ nṛtyaṃ ālekhyaṃ viśeṣakachedyaṃ taṇḍulakusumavalivikārāḥ puṣpāstaraṇaṃ daśanavasanāṅgarāgaḥ maṇibhūmikākarma śayanaracanam udakavādyam udakāghātaḥ citrāśca yogāḥ mālyagrathanavikalpāḥ śekharakāpīḍayojanaṃ nepathyaprayogāḥ karṇapattrabhaṅgāḥ gandhayuktiḥ bhūṣaṇayojanam aindrajālāḥ kaucumārāś ca yogāḥ hastalāghavaṃ vicitraśākayūṣabhakṣyavikārakriyā pānakarasarāgāsavayojanaṃ sūcīvānakarmāṇi sūtrakrīḍā vīṇāḍamarukavādyāni prahelikā pratimālā durvācakayogāḥ pustakavācanaṃ nāṭakākhyāyikādarśanaṃ kāvyasamasyāpūraṇaṃ paṭṭikāvetravānavikalpāḥ takṣakarmāṇi takṣaṇaṃ vāstuvidyā rūpyaratnaparīkṣā dhātuvādaḥ maṇirāgākarajñānaṃ vṛkṣāyurvedayogāḥ meṣakukkuṭalāvakayuddhavidhiḥ śukasārikāpralāpanam utsādane saṃvāhane keśamardane ca kauśalyaṃ akṣaramuṣṭikākathanaṃ mlecchitavikalpāḥ deśabhāṣāvijñānaṃ puṣpaśakaṭikā nimittajñānaṃ yantramātṛkā dhāraṇamātṛkā sampāṭhyaṃ mānasī kāvyakriyā abhidhānakośaḥ chandojñānaṃ kriyākalpaḥ chalitakayogāḥ vastragopanāni dyūtaviśeṣā ākarṣakrīḍā bālakrīḍanakāni vainayikīnāṃ vaijayikīnāṃ vyāyāmikīnāṃ ca vidyānāṃ jñānam iti catuḥṣaṣṭir aṅgavidyāḥ kāmasūtrasyāvayavinyaḥ viśeṣāḥ→dyūtaviśeṣā +ākarṣakrīḍā · madhyadeśyā āryaprāyāḥ śucyupacarāś cumbananakhadantapadadveṣiṇyaḥ deśyāḥ→madhyadeśyā +ārya · bāhlīkadeśyā āvantikāśca deśyāḥ→bāhlīkadeśyā +āvantikāḥ · pariṣvaṅgacumbananakhadantacūṣaṇapradhānāḥ kṣatavarjitāḥ prahaṇanasādhyā mālavya ābhīryaśca mālavya+ābhīryaḥ
ḥ bh → r bh	visarga	11	0.2	pūrvāhṇāparāhṇayor bhojanam aparāhṇayoḥ→pūrvāhṇāparāhṇayor +bhojanam · tatra kartrādhārayor bhinnalakṣaṇatvād ahetumat kāryavailakṣaṇyam anyāyyaṃ syāt ādhārayoḥ→kartrādhārayor +bhinna · yathā meṣayor abhighāte kapitthayor bhede mallayor yuddha iti kapitthayor+bhede · raso ratiḥ prītir bhāvo rāgo vegaḥ samāptir iti ratiparyāyāḥ prītir+bhāvo
d k → t k	consonant / other	11	0.2	vārikrīḍitakaṃ chāgalamaiṇeyam iti tatkarmānukṛtiyogāt tad+karma→tatkarmānukṛtiyogāt · tatra hiṃkārādīnām aniyamenābhyāsena vikalpena ca tatkālam eva prayogaḥ tad+kālam→tatkālam · tadyuvatīnām urasi kīlāni ca tatkṛtāni dṛśyante tad+kṛtāni→tatkṛtāni · tatkāryahetor anyatra saktayor vā kṛtrimarāgam tad+kārya→tatkāryahetor
as n → o n	consonant / other	11	0.2	hasteṇāgram avacchādya pārśvato nirdaśanam oṣṭhābhyām avapīḍya bhavatv etāvad iti sāntvayet pārśvato+nirdaśanam · tato nīvīviśleṣaṇādi yathoktam upakrameta tato+nīvi · vāryamāṇaśca tvam api māṃ pariṣvajasva tato naivam ācariṣyāmīti sthityā pariṣvañjayet tato+na · itaḥ svayam apasṛtastato niṣkāsitāpasṛtaḥ tatas→apasṛtastato +niṣkāsita
as a → o a	consonant / other	11	0.2	puruṣadveṣiṇī vā syād vidviṣṭā vā tato 'nyagā tato+anya · jalakrīḍāyāṃ taddūrato 'psu nimagnaḥ samīpam asyā gatvā spṛṣṭvā caināṃ tatraivonmajjet dūratas→taddūrato +'psu · na hyato 'nyad gṛhasthānāṃ cittagrāhakam astīti gonardīyaḥ atas→hyato +'nyad · na hyato 'nyad apratyayakāraṇam astīti gonardīyaḥ atas→hyato +'nyad
ḥ b → r b	visarga	10	0.18	tad eva tu punar adhyardhenādhyāyaśatena sādhāraṇasāmprayogikakanyāsaṃprayuktakabhāryādhikārikapāradārikavaiśikaupaniṣadikaḥ saptabhir adhikaraṇair bābhravyaḥ pāñcālaḥ saṃcikṣepa adhikaraṇair+bābhravyaḥ · gūḍhakam ucchūnakaṃ bindur bindumālā pravālamaṇir maṇimālā khaṇḍābhrakaṃ varāhacarvitakam iti daśanacchedanavikalpāḥ bindur+bindumālā · sarvair bindumālāyāśca sarvair+bindumālāyāḥ · lalāṭe corvor bindumālā ūruvoḥ→corvor +bindumālā
t g → d g	consonant / other	10	0.18	ekacāriṇaśca vibhavasāmarthyād gaṇikāyā nāyikāyāśca sakhībhir nāgarakaiśca saha caritam etena vyākhyātam sāmarthyāt→vibhavasāmarthyād +gaṇikāyā · tasmād guṇavatastyaktvā caturāṃstyāgino narān tasmād+guṇavataḥ · ratibhāvanām abhyarthyamānāyāḥ kṛcchrād guhyasaṃsparśanam kṛcchrād+guhya · tvām ajānatīm iva nāyako balād grahīṣyatīti tathā suparigṛhītaṃ syād iti yojayet balād+grahīṣyati
ḥ a → ḥ '	visarga	10	0.18	kaṇḍūtipratīkāro 'pi hi dīrghakālaṃ priya iti pratīkāraḥ+'pi · nānyo 'yam iti yatra syād anyasmin prītikāraṇe anyaḥ+'yam · grīvāyāṃ stanapṛṣṭhe ca vakro nakhapadaniveśo 'rdhacandrakaḥ niveśaḥ+'rdhacandrakaḥ · veśyākāmino 'yam adoṣaḥ kāminaḥ+'yam
t y → d y	consonant / other	10	0.18	sātatyād yuvatir ārambhāt prabhṛti bhāvam adhigacchati sātatyād+yuvatir · śāstrāṇāṃ viṣayastāvad yāvan mandarasā narāḥ tāvat→viṣayastāvad +yāvan · tad yathā tad+yathā · tasmād yāstvaupariṣṭakam ācaranti na tābhiḥ saha saṃsṛjyante prācyāḥ tasmād+yāḥ
ḥ y → r y	visarga	10	0.18	yathā meṣayor abhighāte kapitthayor bhede mallayor yuddha iti mallayor+yuddha · saṃkalpājjāyate prītir yā sā syād ābhimānikī prītir+yā · ūrdhvasthitayor yūnoḥ parasparāpāśrayayoḥ kuḍyastambhāpāśritayor vā sthitaratam sthitayoḥ→ūrdhvasthitayor +yūnoḥ · tatra cātuḥṣaṣṭikair yogaiḥ sātmyānuviddhaiḥ saṃdhukṣya saṃdhukṣya rāgaṃ pravarteta cātuḥṣaṣṭikair+yogaiḥ
aḥ j → o j	visarga	10	0.18	vaicitryācca parasparaṃ rāgo janayitavyaḥ rāgo+janayitavyaḥ · anyo jaghanamukham anyo madhyam anya iti vāraṃ vāreṇa vyatikareṇa cānutiṣṭheyuḥ anyo+jaghana · ratiyoge hi kīlayā gaṇikāṃ citrasenāṃ colarājo jaghāna rājaḥ→colarājo +jaghāna · kaḥ kadā kiṃ kutaḥ kuryād iti ko jñātum arhati ko+jñātum
u ā → v ā	vowel coalescence	9	0.16	śrotratvakcakṣurjihvāghrāṇānām ātmasaṃyuktena manasādhiṣṭhitānāṃ sveṣu sveṣu viṣayeṣv ānukūlyataḥ pravṛttiḥ kāmaḥ viṣayeṣv+ānukūlyataḥ · prayogagrahaṇaṃ tvāsām tu+āsām→tvāsām · svāstīrṇā preṅkhādolā vṛkṣavāṭikāyāṃ sapracchāyā su+āstīrṇā→svāstīrṇā · citrarateṣu tv āsām abhiniveśaḥ tv+āsām
ḥ r → Ø r	visarga	9	0.16	santyapi khalu śāstraprahatabuddhayo gaṇikā rājaputryo mahāmātraduhitaraśca gaṇikā+rājaputryo · gītaṃ vādyaṃ nṛtyaṃ ālekhyaṃ viśeṣakachedyaṃ taṇḍulakusumavalivikārāḥ puṣpāstaraṇaṃ daśanavasanāṅgarāgaḥ maṇibhūmikākarma śayanaracanam udakavādyam udakāghātaḥ citrāśca yogāḥ mālyagrathanavikalpāḥ śekharakāpīḍayojanaṃ nepathyaprayogāḥ karṇapattrabhaṅgāḥ gandhayuktiḥ bhūṣaṇayojanam aindrajālāḥ kaucumārāś ca yogāḥ hastalāghavaṃ vicitraśākayūṣabhakṣyavikārakriyā pānakarasarāgāsavayojanaṃ sūcīvānakarmāṇi sūtrakrīḍā vīṇāḍamarukavādyāni prahelikā pratimālā durvācakayogāḥ pustakavācanaṃ nāṭakākhyāyikādarśanaṃ kāvyasamasyāpūraṇaṃ paṭṭikāvetravānavikalpāḥ takṣakarmāṇi takṣaṇaṃ vāstuvidyā rūpyaratnaparīkṣā dhātuvādaḥ maṇirāgākarajñānaṃ vṛkṣāyurvedayogāḥ meṣakukkuṭalāvakayuddhavidhiḥ śukasārikāpralāpanam utsādane saṃvāhane keśamardane ca kauśalyaṃ akṣaramuṣṭikākathanaṃ mlecchitavikalpāḥ deśabhāṣāvijñānaṃ puṣpaśakaṭikā nimittajñānaṃ yantramātṛkā dhāraṇamātṛkā sampāṭhyaṃ mānasī kāvyakriyā abhidhānakośaḥ chandojñānaṃ kriyākalpaḥ chalitakayogāḥ vastragopanāni dyūtaviśeṣā ākarṣakrīḍā bālakrīḍanakāni vainayikīnāṃ vaijayikīnāṃ vyāyāmikīnāṃ ca vidyānāṃ jñānam iti catuḥṣaṣṭir aṅgavidyāḥ kāmasūtrasyāvayavinyaḥ vidyāḥ→vāstuvidyā +rūpyaratnaparīkṣā · ye api hyaśāstritāḥ kecit saṃyogā rāgavardhanāḥ saṃyogā+rāga · samāḥ snigdhacchāyā rāgagrāhiṇo yuktapramāṇā niśchidrāstīkṣṇāgrā iti daśanaguṇāḥ chāyāḥ→snigdhacchāyā +rāga
t bh → d bh	consonant / other	9	0.16	asadbhūtaṃ vā doṣaṃ śraddheyaṃ duṣparihāraṃ mayi kṣepsyati yena me vināśaḥ syāt asat+bhūtam→asadbhūtaṃ · pṛthak kālatvād bhinnaprayojanatvād asādhāraṇatvān neti vātsyāyanaḥ tvāt→kālatvād +bhinna · ubhāvapyūrū ūrdhvāv iti tad bhugnakam tad+bhugnakam · yuktayantrā cakravad bhramed iti bhramaraka ābhyāsikaḥ vat→cakravad +bhramed
t m → n m	consonant / other	9	0.16	caraṇena caraṇam ākramya dvitīyenorudeśam ākramantī veṣṭayantī vā tatpṛṣṭhasaktaikabāhur dvitīyenāṃsam avanamayantī īṣanmandaśītkṛtakūjitā cumbanārtham evādhiroḍhum icched iti vṛkṣādhirūḍhakam īṣat+manda→īṣanmandaśītkṛtakūjitā · śāstrāṇāṃ viṣayastāvad yāvan mandarasā narāḥ yāvan+manda · tasmān mālādvayam api galakakṣavaṅkṣaṇapradeśeṣu tasmān+mālā · mṛdyamānāścābhiyogān mandaṃ mandaṃ prasiñcante draviḍyaḥ abhiyogāt→mṛdyamānāścābhiyogān +mandaṃ
s e → Ø e	consonant / other	9	0.16	punar ārambheṇādita evopakramet āditas→ārambheṇādita +eva · yuktayantreṇopasṛpyamāṇā yato dṛṣṭim āvartayet tata evaināṃ pīḍayet tata+eva · ekata eva bhūyiṣṭham avalikhed iti varāhaghātaḥ ekata+eva · tatra niṣpratipattim anudvejayan sāntvanāyuktaṃ bahuśa eva pṛcchet bahuśa+eva
m kh → ṃ kh	anusvāra / nasal	8	0.15	evaṃ bahubhir ācāryaistacchāstraṃ khaṇḍaśaḥ praṇītam utsannakalpam abhūt śāstram→ācāryaistacchāstraṃ +khaṇḍaśaḥ · maṇḍalam iva viṣamakūṭakayuktaṃ khaṇḍābhrakaṃ stanapṛṣṭha eva yuktam→viṣamakūṭakayuktaṃ +khaṇḍābhrakaṃ · rāgavad āhāryarāgaṃ kṛtrimarāgaṃ vyavahitarāgaṃ poṭārataṃ khalaratam ayantritaratam iti rataviśeṣāḥ ratam→poṭārataṃ +khala · tathā veśyāyā grāmīṇena saha yāvadarthaṃ khalaratam yāvadarthaṃ+khala
ḥ h → Ø h	visarga	8	0.15	śāstrasyānabhiśaṅkyatvād abhicārānuvyāhārayośca kvacit phaladarśanān nakṣatracandrasūryatārāgrahacakrasya lokārthaṃ buddhipūrvakam iva pravṛtter darśanād varṇāśramācārasthitilakṣaṇatvāc ca lokayātrāyā hastagatasya ca bījasya bhaviṣyataḥ sasyārthe tyāgadarśanāccared dharmān iti vātsyāyanaḥ lokayātrāyā+hasta · tathā niśi prekṣaṇake svajanasamāje vā samīpe gatasya prayojyāyā hastāṅgulicumbanaṃ saṃviṣṭasya vā pādāṅgulicumbanam prayojyāyā+hasta · rasavīryavipākā hi śvamāṃsasyāpi vaidyake vipākāḥ→rasavīryavipākā +hi · karṇapattram aṅgulīyakaṃ srajaṃ vā tena yācitā sadhīram eva gātrād avatārya sakhyā haste dadāti sakhyā+haste
as y → o y	consonant / other	8	0.15	tato yathāśraddham eṣāṃ darśanam utsargo vā tato+yathāśraddham · teṣām ekaikaśo yugapacca yathāsātmyaṃ yathāyogaṃ ca rañjayeyuḥ ekaikaśo+yugapad · tato yantrayojanam tato+yantra · tato yathoktam abhiyuñjīta tato+yathoktam
e e → a e	vowel coalescence	8	0.15	pūrvāhṇa eva svalaṃkṛtāsturagādhirūḍhā veśyābhiḥ saha paricārakānugatā gaccheyuḥ pūrvāhṇa+eva · etad upapadyata eva upapadyata+eva · puruṣaḥ punar anta eva anta+eva · maṇḍalam iva viṣamakūṭakayuktaṃ khaṇḍābhrakaṃ stanapṛṣṭha eva pṛṣṭhe→stanapṛṣṭha +eva
n t → ṃs t	anusvāra / nasal	8	0.15	grāmavāsī ca sajātān vicakṣaṇān kautūhalikān protsāhya nāgarakajanasya vṛttaṃ varṇayañ śraddhāṃ ca janayaṃstad evānukurvīta janayan+tat→janayaṃstad · viśeṣataśca kanyāmātur anukūlāṃstadātvāyatiyuktān darśayeyuḥ anukūlān+tadātva→anukūlāṃstadātvāyatiyuktān · krīḍanakadravyāṇi yānyapūrvāṇi yānyanyāsāṃ viralaśo vidyeraṃstānyasyā ayatnena sampādayet vidyeran+tāni→vidyeraṃstānyasyā · kanyāyāḥ saṃprayogārthaṃ tāṃstān yogān vicintayet tān+tān→tāṃstān
as v → o v	consonant / other	8	0.15	anyato 'pi bahuśo vyavasitacāritrā tasyāṃ veśyāyām iva gamanam uttamavarṇinyām api na dharmapīḍāṃ kariṣyati bahuśo+vyavasita · apare punar asyānyato viśiṣṭena kanyālābhena kanyāmātaram unmādayeyuḥ anyatas→asyānyato +viśiṣṭena · krīḍanakadravyāṇi yānyapūrvāṇi yānyanyāsāṃ viralaśo vidyeraṃstānyasyā ayatnena sampādayet viralaśo+vidyeran · guṇeṣu sopabhogeṣu sukhasākalyaṃ tasmāt tato viśeṣa iti gonardīyaḥ tato+viśeṣa
s c → ś c	consonant / other	8	0.15	sāmānye api bhrāntisaṃskāre kulālacakrasya bhramarakasya vā bhrāntāv eva vartamānasya prārambhe mandavegatā tataśca krameṇa pūraṇam vegasyetyupapadyate tatas+ca→tataśca · cittaṃ sthiram api prāyaścalayatyeva yoṣitaḥ prāyas+calayati→prāyaścalayatyeva · bhūyaścoditā saṃmīlitauṣṭhī tasyāgraṃ niṣpīḍya karṣayantīva cumbet bhūyas+coditā→bhūyaścoditā · yasyāṃ manaścakṣuṣor nibandhastasyām ṛddhiḥ manas+cakṣuṣoḥ→manaścakṣuṣor
ḥ d → r d	visarga	8	0.15	tasmāt puruṣavad eva yoṣito 'pi rasavyaktir draṣṭavyā vyaktiḥ→rasavyaktir +draṣṭavyā · caraṇena caraṇam ākramya dvitīyenorudeśam ākramantī veṣṭayantī vā tatpṛṣṭhasaktaikabāhur dvitīyenāṃsam avanamayantī īṣanmandaśītkṛtakūjitā cumbanārtham evādhiroḍhum icched iti vṛkṣādhirūḍhakam bāhuḥ→tatpṛṣṭhasaktaikabāhur +dvitīyena · mālyānulepanavāsāṃsi cāsāṃ kañcukīyā mahattarikā vā rājño nivedayeyur devībhiḥ prahitam iti nivedayeyur+devībhiḥ · udyānagamanair bhogair dānaistajjñātipūjanaiḥ bhogair+dānaiḥ
a ū → o	vowel coalescence	8	0.15	caraṇena caraṇam ākramya dvitīyenorudeśam ākramantī veṣṭayantī vā tatpṛṣṭhasaktaikabāhur dvitīyenāṃsam avanamayantī īṣanmandaśītkṛtakūjitā cumbanārtham evādhiroḍhum icched iti vṛkṣādhirūḍhakam dvitīyena+ūru→dvitīyenorudeśam · śayanagatāv evorūvyatyāsaṃ bhujavyatyāsaṃ ca sasaṃgharṣam iva ghanaṃ saṃsvajete tattilataṇḍulakam eva+ūru→evorūvyatyāsaṃ · tatrorusaṃdaṃśenaikam ūrum ūrudvayaṃ vā sarvaprāṇaṃ pīḍayet ityūrūpagūhanam tatra+ūru→tatrorusaṃdaṃśenaikam · śiro vinipātyordhvaṃ jaghanam utphullakam vinipātya+ūrdhvam→vinipātyordhvaṃ
ḥ l → r l	visarga	8	0.15	ūrusaṃdhibāhunābhimūlayor lāṭānām mūlayoḥ→ūrusaṃdhibāhunābhimūlayor +lāṭānām · pañcabhir abhimukhair lekhā cūcukābhimukhī mayūrapadakam abhimukhair+lekhā · hallīsakakrīḍanakair gāyanair lāṭarāsakaiḥ gāyanair+lāṭa · pāṇim avalambya cāsyāḥ sākāraṃ nayanayor lalāṭe ca nidadhyāt nayanayor+lalāṭe
t b → d b	consonant / other	7	0.13	yathā dāṇḍakyo nāma bhojaḥ kāmād brāhmaṇakanyām abhimanyamānaḥ sabandhurāṣṭro vinanāśa kāmād+brāhmaṇa · parahiṃsātmikā yā ca na tām avatared budhaḥ avatared+budhaḥ · tatra jitā sārdharuditaṃ karaṃ vidhunuyāt praṇuded daśet parivartayed balād āhṛtā vivadet punar apyastu paṇa iti brūyāt parivartayed+balād · na tv etad brāhmaṇo vidvān mantrī vā rājadhūrdharaḥ etad+brāhmaṇo
ā i → ī	vowel coalescence	7	0.13	anyakāraṇavaśāt paraparigṛhītāpi pākṣikī caturthīti goṇikāputraḥ caturthā+iti→caturthīti · etair eva kāraṇair mahāmātrasambaddhā rājasambaddhā vā tatraikadeśacāriṇī kācid anyā vā kāryasaṃpādinī vidhavā pañcamīti cārāyaṇaḥ pañcamā+iti→pañcamīti · saiva pravrajitā ṣaṣṭhīti suvarṇanābhaḥ ṣaṣṭhā+iti→ṣaṣṭhīti · gaṇikāyā duhitā paricārikā vānanyapūrvā saptamīti ghoṭakamukhaḥ saptamā+iti→saptamīti
aḥ b → o b	visarga	7	0.13	śabdādibhyo bahirbhūtā yā karmābhyāsalakṣaṇā ādibhyaḥ→śabdādibhyo +bahis · yathā saptaparṇo vṛkṣaḥ pañcavarṇo balir iti vātsyāyanaḥ varṇaḥ→pañcavarṇo +balir · evaṃ cittānugo bālām upāyena prasādhayet anugaḥ→cittānugo +bālām · tvām ajānatīm iva nāyako balād grahīṣyatīti tathā suparigṛhītaṃ syād iti yojayet nāyako+balād
ḥ g → r g	visarga	7	0.13	cirotsṛṣṭeṣu rāgeṣu prītir gacchet parābhavam prītir+gacchet · tathā stanayoḥ saṃhatayor hastayoḥ kakṣayor aṃsayor grīvāyām iti ca aṃsayor+grīvāyām · hallīsakakrīḍanakair gāyanair lāṭarāsakaiḥ krīḍanakaiḥ→hallīsakakrīḍanakair +gāyanair · kalāsu kautukinīṃ tatkauśalena gītapriyāṃ śrutiharair gītaiḥ haraiḥ→śrutiharair +gītaiḥ
r p → ḥ p	consonant / other	7	0.13	nāyakasyāṃsa eko dvitīyakaḥ prasārita iti punaḥ punar vyatyāsena veṇudāritakam punaḥ+punar · sā prakīryamāṇakeśakusumā śvāsavicchinnahāsinī vaktrasaṃsargārthaṃ stanābhyām uraḥ pīḍayantī punaḥ punaḥ śiro nāmayantī yāśceṣṭāḥ pūrvam aṃsau darśitavāṃstā eva pratikurvīta punaḥ+punaḥ · nāgarakaḥ saha mitrajanena paricārakaiśca kṛtapuṣpopahāre saṃcāritasurabhidhūpe ratyāvāse prasādhite vāsagṛhe kṛtasnānaprasādhanāṃ yuktyā pītāṃ striyaṃ sāntvanaiḥ punaḥ pānena copakramet punaḥ+pānena · punaḥ pānenopacchandanam punaḥ+pānena
aḥ dh → o dh	visarga	7	0.13	eko dhārayed enām anyo niṣeveta eko+dhārayed · tathāyuktaśca mātulakulānuvartī dakṣiṇāpathe bāla eva mātrā ca pitrā ca viyuktaḥ paribhūtakalpo dhanotkarṣādalabhyāṃ mātuladuhitaram anyasmai vā pūrvadattāṃ sādhayet kalpaḥ→paribhūtakalpo +dhana · pūrvaḥ pūrvaḥ pradhānaṃ syād vivāho dharmataḥ sthiteḥ vivāho+dharmataḥ · kathākhyānakuśalo bālyāt prabhṛti saṃsṛṣṭaḥ pravṛddhayauvanaḥ krīḍanakarmādināgataviśvāsaḥ preṣaṇasya kartocitasaṃbhāṣaṇaḥ priyasya kartānyasya bhūtapūrvo dūto marmajña uttamayā prārthitaḥ sakhyā pracchannaṃ saṃsṛṣṭaḥ subhagābhikhyātaḥ saha saṃvṛddhaḥ prātiveśyaḥ kāmaśīlastathābhūtaś ca paricāriko dhātreyikāparigraho navavarakaḥ prekṣodyānatyāgaśīlo vṛṣa iti siddhapratāpaḥ sāhasikaḥ śūro vidyārūpaguṇopabhogaiḥ patyur atiśayitā mahārhaveṣopacāraśceti paricāriko+dhātreyikā
āt a → ato '	consonant / other	6	0.11	prayatnato 'pi hyete anuṣṭhīyamānā naiva kadācit syuḥ prayatnato+'pi · tadvat kālato 'pi śīghramadhyacirakālā nāyakāḥ kālato+'pi · sadṛśatvasya siddhatvāt kālayogīnyapi bhāvato 'pi kālataḥ pramāṇavad eva nava ratāni bhāvato+'pi · darśiteṅgitākārāṃ kanyām upāyato 'bhiyuñjīta upāyato+'bhiyuñjīta
t j → j j	consonant / other	6	0.11	tasmād vaiśvāsikājjanād rahasi prayogāñchāstram ekadeśaṃ vā strī gṛhṇīyāt vaiśvāsikāt+janāt→vaiśvāsikājjanād · nagare pattane kharvaṭe mahati vā sajjanāśraye sthānam sat+jana→sajjanāśraye · saṃkalpājjāyate prītir yā sā syād ābhimānikī saṃkalpāt+jāyate→saṃkalpājjāyate · jaghanena jaghanam avapīḍya prakīryamāṇakeśahastā nakhadaśanaprahaṇanacumbanaprayojanāya tadupari laṅghayet tajjaghanopagūhanam tat+jaghana→tajjaghanopagūhanam
ḥ b → Ø b	visarga	6	0.11	saṃhatāḥ pradīrghā bahvyo daśanapadarājayas tāmrāntarālā varāhacarvitakam pradīrghā+bahvyo · iti saṃveśanaprakārā bābhravīyāḥ prakārāḥ→saṃveśanaprakārā +bābhravīyāḥ · tasmān mṛdutvaṃ caṇḍatvaṃ yuvatyā balam eva ca yuvatyā+balam · prāyeṇa dhanināṃ dārā bahavo niravagrahāḥ dārā+bahavo
āt p → ataḥ p	consonant / other	5	0.09	śrotratvakcakṣurjihvāghrāṇānām ātmasaṃyuktena manasādhiṣṭhitānāṃ sveṣu sveṣu viṣayeṣv ānukūlyataḥ pravṛttiḥ kāmaḥ ānukūlyataḥ+pravṛttiḥ · sadṛśatvasya siddhatvāt kālayogīnyapi bhāvato 'pi kālataḥ pramāṇavad eva nava ratāni kālataḥ+pramāṇa · tatra samuccayena yogāñ śāstrataḥ paśyet śāstrataḥ+paśyet · deśapravṛttisātmyād vā brāhmaprājāpatyārṣadaivānām anyatamena vivāhena śāstrataḥ pariṇayet śāstrataḥ+pariṇayet
yāḥ a → er a	visarga	5	0.09	tiryagyoniṣu punar anāvṛtatvāt strījāteśca ṛtau yāvadarthaṃ pravṛtter abuddhipūrvakatvācca pravṛttīnām anupāyaḥ pratyayaḥ pravṛtter+abuddhi · tat sarvaṃ bhāvaprāpter aprāpteśca lakṣaṇam prāptyāḥ→bhāvaprāpter +aprāptyāḥ · ākṛter abhedād iti ākṛter+abhedād · jāter abhedād daṃpatyoḥ sadṛśaṃ sukham iṣyate jāter+abhedād
u i → v i	vowel coalescence	5	0.09	boddhavyaṃ tu doṣeṣviva doṣeṣu+iva→doṣeṣviva · vidhavā tvindriyadaurbalyād āturā bhoginaṃ guṇasampannaṃ ca yā punar vindet sā punarbhūḥ tu+indriya→tvindriyadaurbalyād · sa tu devatābhigamane yātrāyām udyānakrīḍāyāṃ jalāvataraṇe vivāhe yajñavyasanotsaveṣv agnyutpāte cauravibhrame janapadasya cakrārohaṇe prekṣāvyāpāreṣu teṣu teṣu ca kāryeṣv iti bābhravīyāḥ kāryeṣv+iti · iṣṭasvapnadarśane tatsaṃgamo mamāstv iti vacanam astu→mamāstv +iti
a o → au	vowel coalescence	5	0.09	vadane praveśitaṃ cauṣṭhaṃ manāgapatrapāvagrahītum icchantī syandayati svam oṣṭhaṃ nottaram utsahata iti sphuritakam ca+oṣṭham→cauṣṭhaṃ · uttarauṣṭham antarmukhaṃ nayanam iti muktvā cumbanavad daśanaradanasthānāni uttara+oṣṭham→uttarauṣṭham · dantauṣṭhasaṃyogābhyāsaniṣpādanāt pravālamaṇisiddhiḥ danta+oṣṭha→dantauṣṭhasaṃyogābhyāsaniṣpādanāt · bhūyaścoditā saṃmīlitauṣṭhī tasyāgraṃ niṣpīḍya karṣayantīva cumbet saṃmīlita+oṣṭhī→saṃmīlitauṣṭhī
m ṣ → ṃ ṣ	anusvāra / nasal	4	0.07	iti vaiśikaṃ ṣaṣṭham adhikaraṇam vaiśikaṃ+ṣaṣṭham · evaṃ ṣaṭtriṃśad adhyāyāḥ evaṃ+ṣaṭtriṃśad · ākarṣakrīḍā paṭṭikākrīḍā muṣṭidyūtakṣullakādidyūtāni madhyamāṅguligrahaṇaṃ ṣaṭpāṣāṇakādīni ca deśyāni tatsātmyāt tadāptadāsaceṭikābhis tayā ca sahānukrīḍeta grahaṇam→madhyamāṅguligrahaṇaṃ +ṣaṣ · etair eva kaṣāyaiḥ pakvena tailena parimardanaṃ ṣaṇmāsyam parimardanaṃ+ṣaṇmāsyam
d m → n m	consonant / other	4	0.07	tanmūlatvāllokayātrāyāḥ tad+mūla→tanmūlatvāllokayātrāyāḥ · tanmitreṣu viśvasiti tad+mitreṣu→tanmitreṣu · tanmitrāṇi copagṛhya tair bhaktim ātmanaḥ prakāśayet tad+mitrāṇi→tanmitrāṇi · apratyādeyatvāt sarvakāryāṇāṃ tanmūlatvāddhiraṇyada iti vātsyāyanaḥ tad+mūla→tanmūlatvāddhiraṇyada
ḥ j → r j	visarga	4	0.07	kāla eva hi puruṣān arthānarthayor jayaparājayayoḥ sukhaduḥkhayośca sthāpayati anarthayoḥ→arthānarthayor +jaya · pārśvayoḥ samam ūrū vinyasya pārśvayor jānunī nidadhyād ityabhyāsayogād indrāṇī pārśvayor+jānunī · rūpavatīr janapadayoṣitaḥ prītyapadeśena māsaṃ māsārdhaṃ vātivāsayanty antaḥpurikā vaidarbhāṇām rūpavatīr+janapada · svair eva putrair antaḥpurāṇi kāmacārair jananīvarjam upayujyante vaidarbhakāṇām cāraiḥ→kāmacārair +jananī
ḥ dh → Ø dh	visarga	4	0.07	gītaṃ vādyaṃ nṛtyaṃ ālekhyaṃ viśeṣakachedyaṃ taṇḍulakusumavalivikārāḥ puṣpāstaraṇaṃ daśanavasanāṅgarāgaḥ maṇibhūmikākarma śayanaracanam udakavādyam udakāghātaḥ citrāśca yogāḥ mālyagrathanavikalpāḥ śekharakāpīḍayojanaṃ nepathyaprayogāḥ karṇapattrabhaṅgāḥ gandhayuktiḥ bhūṣaṇayojanam aindrajālāḥ kaucumārāś ca yogāḥ hastalāghavaṃ vicitraśākayūṣabhakṣyavikārakriyā pānakarasarāgāsavayojanaṃ sūcīvānakarmāṇi sūtrakrīḍā vīṇāḍamarukavādyāni prahelikā pratimālā durvācakayogāḥ pustakavācanaṃ nāṭakākhyāyikādarśanaṃ kāvyasamasyāpūraṇaṃ paṭṭikāvetravānavikalpāḥ takṣakarmāṇi takṣaṇaṃ vāstuvidyā rūpyaratnaparīkṣā dhātuvādaḥ maṇirāgākarajñānaṃ vṛkṣāyurvedayogāḥ meṣakukkuṭalāvakayuddhavidhiḥ śukasārikāpralāpanam utsādane saṃvāhane keśamardane ca kauśalyaṃ akṣaramuṣṭikākathanaṃ mlecchitavikalpāḥ deśabhāṣāvijñānaṃ puṣpaśakaṭikā nimittajñānaṃ yantramātṛkā dhāraṇamātṛkā sampāṭhyaṃ mānasī kāvyakriyā abhidhānakośaḥ chandojñānaṃ kriyākalpaḥ chalitakayogāḥ vastragopanāni dyūtaviśeṣā ākarṣakrīḍā bālakrīḍanakāni vainayikīnāṃ vaijayikīnāṃ vyāyāmikīnāṃ ca vidyānāṃ jñānam iti catuḥṣaṣṭir aṅgavidyāḥ kāmasūtrasyāvayavinyaḥ rūpyaratnaparīkṣā+dhātuvādaḥ · gītaṃ vādyaṃ nṛtyaṃ ālekhyaṃ viśeṣakachedyaṃ taṇḍulakusumavalivikārāḥ puṣpāstaraṇaṃ daśanavasanāṅgarāgaḥ maṇibhūmikākarma śayanaracanam udakavādyam udakāghātaḥ citrāśca yogāḥ mālyagrathanavikalpāḥ śekharakāpīḍayojanaṃ nepathyaprayogāḥ karṇapattrabhaṅgāḥ gandhayuktiḥ bhūṣaṇayojanam aindrajālāḥ kaucumārāś ca yogāḥ hastalāghavaṃ vicitraśākayūṣabhakṣyavikārakriyā pānakarasarāgāsavayojanaṃ sūcīvānakarmāṇi sūtrakrīḍā vīṇāḍamarukavādyāni prahelikā pratimālā durvācakayogāḥ pustakavācanaṃ nāṭakākhyāyikādarśanaṃ kāvyasamasyāpūraṇaṃ paṭṭikāvetravānavikalpāḥ takṣakarmāṇi takṣaṇaṃ vāstuvidyā rūpyaratnaparīkṣā dhātuvādaḥ maṇirāgākarajñānaṃ vṛkṣāyurvedayogāḥ meṣakukkuṭalāvakayuddhavidhiḥ śukasārikāpralāpanam utsādane saṃvāhane keśamardane ca kauśalyaṃ akṣaramuṣṭikākathanaṃ mlecchitavikalpāḥ deśabhāṣāvijñānaṃ puṣpaśakaṭikā nimittajñānaṃ yantramātṛkā dhāraṇamātṛkā sampāṭhyaṃ mānasī kāvyakriyā abhidhānakośaḥ chandojñānaṃ kriyākalpaḥ chalitakayogāḥ vastragopanāni dyūtaviśeṣā ākarṣakrīḍā bālakrīḍanakāni vainayikīnāṃ vaijayikīnāṃ vyāyāmikīnāṃ ca vidyānāṃ jñānam iti catuḥṣaṣṭir aṅgavidyāḥ kāmasūtrasyāvayavinyaḥ yantramātṛkā+dhāraṇamātṛkā · te tv ārakṣakapuruṣā dharmādhikaraṇasthā daivajñā vikrāntāḥ śūrāḥ samānavidyāḥ kalāgrāhiṇaḥ pīṭhamardaviṭavidūṣakamālākāragandhikaśauṇḍikarajakanāpitabhikṣukās te ca te ca kāryayogāt puruṣāḥ→ārakṣakapuruṣā +dharma · niṣpīḍitārtham aphalam utsṛjantyā artham alabhamānāyā dharmaḥ syān na veti dharmasaṃśayaḥ labhamānāyāḥ→alabhamānāyā +dharmaḥ
n ś → ñ ś	consonant / other	4	0.07	grāmavāsī ca sajātān vicakṣaṇān kautūhalikān protsāhya nāgarakajanasya vṛttaṃ varṇayañ śraddhāṃ ca janayaṃstad evānukurvīta varṇayañ+śraddhāṃ · tatra samuccayena yogāñ śāstrataḥ paśyet yogāñ+śāstrataḥ · tasmāt kanyām abhijanopetāṃ mātāpitṛmatīṃ trivarṣāt prabhṛti nyūnavayasaṃ ślāghyācāre dhanavati pakṣavati kule saṃbandhipriye saṃbandhibhir ākule prasūtāṃ prabhūtamātṛpitṛpakṣāṃ rūpaśīlalakṣaṇasampannām anyūnādhikāvinaṣṭadantanakhakarṇakeśākṣistanīm arogiprakṛtiśarīrāṃ tathāvidha eva śrutavāñ śīlayet śrutavāñ+śīlayet · yogāñ śikṣayet yogāñ+śikṣayet
aḥ l → o l	visarga	4	0.07	kāmaścaturṣu varṇeṣu savarṇataḥ śāstrataścānanyapūrvāyāṃ prayujyamānaḥ putrīyo yaśasyo laukikaśca bhavati yaśasyo+laukikaḥ · savitāram udyantaṃ trayo lokāḥ paśyanti anūdyante ca trayo+lokāḥ · rājani mahāmātre vā siddho daivapramāṇo vittāvamānī gurūṇāṃ śāsanātigaḥ sajātānāṃ lakṣyabhūtaḥ savitta ekaputro liṅgī pracchannakāmaḥ śūro vaidyaśceti putraḥ→ekaputro +liṅgī · śrotriyasya brahmacāriṇo dīkṣitasya vratino liṅgino vā māṃ dṛṣṭvā jātarāgasya mumūrṣor mitravākyād ānṛśaṃsyācca gamanaṃ dharmo 'dharma iti saṃśayaḥ vratino+liṅgino
ī i → ī	vowel coalescence	4	0.07	sa yadā manyate svairiṇīyam svairiṇī+iyam→svairiṇīyam · katham etad upalabhyata iti cet puruṣo hi ratim adhigamya svecchayā viramati na striyam apekṣate na tvevaṃ strītyauddālakiḥ strī+iti→strītyauddālakiḥ · prasannāpi tu sakaṣāyair eva vākyair enaṃ tudatīva prasannaratikāṅkṣiṇī nāyakena parirabhyeta tudatī+iva→tudatīva · tejasvīti sādhvasam tejasvī+iti→tejasvīti
v → o v	consonant / other	4	0.07	uttamādhamamadhyamatāṃ tu guṇāguṇato vidyāt aguṇāt→guṇāguṇato +vidyāt · suvarṇarajatatāmrakāṃsyalohabhāṇḍopaskarāstaraṇaprāvaraṇavāsoviśeṣagandhadravyakaṭukabhāṇḍaghṛtatailadhānyapaśujātīnāṃ pūrvapūrvato viśeṣaḥ pūrvāt→pūrvapūrvato +viśeṣaḥ · tatrāpyātyayikato viśeṣaḥ ātyayikāt→tatrāpyātyayikato +viśeṣaḥ · tatrāpyatipātato viśeṣaḥ atipātāt→tatrāpyatipātato +viśeṣaḥ
s → raitat s	consonant / other	4	0.07	tatraitat syāt etat→tatraitat +syāt · tatraitat syāt etat→tatraitat +syāt · tatraitat syād upāyavailakṣaṇyavad eva hi kāryavailakṣaṇyam api kasmān na syād iti etat→tatraitat +syād · tatraitat syāt etat→tatraitat +syāt
au e → āv e	vowel coalescence	4	0.07	sāmānye api bhrāntisaṃskāre kulālacakrasya bhramarakasya vā bhrāntāv eva vartamānasya prārambhe mandavegatā tataśca krameṇa pūraṇam vegasyetyupapadyate bhrāntāv+eva · śayanagatāv evorūvyatyāsaṃ bhujavyatyāsaṃ ca sasaṃgharṣam iva ghanaṃ saṃsvajete tattilataṇḍulakam gatau→śayanagatāv +eva · svāṃ vā paricārikām ādāv eva sakhītvenāsyāḥ praṇidadhyāt ādāv+eva · svayam abhiyokṣyamāṇastv ādāv eva paricayaṃ kuryāt ādāv+eva
au i → āv i	vowel coalescence	4	0.07	ṛjuprasāritāv ubhāvapyubhayoścaraṇāv iti saṃpuṭaḥ caraṇau→ubhāvapyubhayoścaraṇāv +iti · ubhāvapyūrū ūrdhvāv iti tad bhugnakam ūrdhvāv+iti · śṛṇu vicitram idaṃ subhage tvāṃ kila dṛṣṭvāmutrāsāv itthaṃ gotraputro nāyakaścittonmādam anubhavati asau→dṛṣṭvāmutrāsāv +itthaṃ · kautukāccānurūpau yuktāv imau parasparasyetyasaṃstutayor api yuktāv+imau
m ph → ṃ ph	anusvāra / nasal	4	0.07	tatrāntarmukhena kūjitaṃ phūtkṛtaṃ ca kūjitaṃ+phūtkṛtaṃ · apraśastanāmadheyāṃ ca guptāṃ dattāṃ ghonāṃ pṛṣatām ṛṣabhāṃ vinatāṃ vikaṭāṃ vimuṇḍāṃ śucidūṣitāṃ sāṃkarikīṃ rākāṃ phalīnīṃ mitrāṃ svanujām varṣakarīṃ ca varjayet rākāṃ+phalīnīṃ · abhedyatāṃ gataḥ sadyo yatheṣṭaṃ phalam aśnute iṣṭam→yatheṣṭaṃ +phalam · teṣāṃ phalaṃ kṛtasya vyayasya niṣphalatvam anāyatirāgam iṣyato 'rthasya nivartanam āptasya niṣkramaṇaṃ pāruṣyasya prāptir gamyatā śarīrasya praghātaḥ keśānāṃ chedanaṃ pātanam aṅgavaikalyāpattiḥ teṣāṃ+phalaṃ
as d → o d	consonant / other	4	0.07	yuktayantreṇopasṛpyamāṇā yato dṛṣṭim āvartayet tata evaināṃ pīḍayet yato+dṛṣṭim · bhayaṃ vitrāsam udvegaṃ sadyo dveṣaṃ ca gacchati sadyo+dveṣaṃ · evam anyadviralaśo darśayet viralaśas→anyadviralaśo +darśayet · āgate ca prakṛtisthāyā eva prathamato darśanaṃ daivatapūjanam upahārāṇāṃ cāharaṇam iti pravāsacaryā prathamato+darśanaṃ
as bh → o bh	consonant / other	4	0.07	hastena liṅgaṃ sarvato bhrāmayet iti manthanam sarvato+bhrāmayet · jaghanam eva dolāyamānaṃ sarvato bhrāmayed iti preṅkholitakam sarvato+bhrāmayed · itaḥ pravṛttasaṃbhāṣo vā tato bhedam avāpsyati tato+bhedam · śvetāśvasya muṣkasvedaiḥ saptakṛtvo bhāvitenālaktakena rakto 'dharaḥ śveto bhavati kṛtvas→saptakṛtvo +bhāvitena
s ś → ḥ ś	consonant / other	4	0.07	tataḥ śanakair ekaikām aṅgulim abhispṛśet tataḥ+śanakair · tataḥ śrotriyāgārād agnim iti samānaṃ pūrveṇa tataḥ+śrotriya · vajrasnuhīgaṇḍakāni khaṇḍaśaḥ kṛtāni manaḥśilāgandhapāṣāṇacūrṇenābhyajya saptakṛtvaḥ śoṣitāni cūrṇayitvā madhunā liptaliṅgasya saṃprayogo vaśīkaraṇam kṛtvas→saptakṛtvaḥ +śoṣitāni · tataḥ śītaiḥ kaṣāyaiḥ kṛtavedanānigrahaṃ sopakrameṇa niṣpādayet tataḥ+śītaiḥ
r s → ḥ s	consonant / other	4	0.07	pūrvayogināṃ ca lābhātiśayena punaḥ saṃdhāne yatamānānām āviṣkṛtaḥ pratiṣedhaḥ punaḥ+saṃdhāne · sthitasya copaghātārthaṃ punaḥ saṃdhānam iṣyate punaḥ+saṃdhānam · arthaḥ parimitāvacchedaḥ anarthaḥ punaḥ sakṛtprasṛto na jñāyate kvāvatiṣṭhata iti vātsyāyanaḥ punaḥ+sakṛt · sarvāsāṃ cānurūpeṇa gamyāḥ sahāyāstad uparañjanam arthāgamopāyā niṣkāsanaṃ punaḥ sadhānaṃ lābhaviśeṣānubandhā arthānarthānubandhasaṃśayavicārāśceti vaiśikam punaḥ+sa
ḥ h → r h	visarga	3	0.05	prajāpatir hi prajāḥ sṛṣṭvā tāsāṃ sthitinibandhanaṃ trivargasya sādhanam adhyāyānāṃ śatasahasreṇāgre provāca prajāpatir+hi · taiḥ suniyamitair hanudeśe stanayor adhare vā laghukaraṇam anudgatalekhaṃ sparśamātrajananād romāñcakaram ante saṃnipātavardhamānaśabdam ācchuritakam niyamitaiḥ→suniyamitair +hanu · tathā stanayoḥ saṃhatayor hastayoḥ kakṣayor aṃsayor grīvāyām iti ca saṃhatayor+hastayoḥ
ī a → y a	vowel coalescence	3	0.05	sparśaviśeṣaviṣayāt tv asyābhimānikasukhānuviddhā phalavatyarthapratītiḥ prādhānyāt kāmaḥ phalavatī+artha→phalavatyarthapratītiḥ · mandāpadeśā guṇavatyapi kanyā dhanahīnā kulīnāpi samānair ayācyāmānā mātāpitṛviyuktā vā jñātikulavartinī vā prāptayauvanā pāṇigrahaṇaṃ svayam abhīpseta guṇavatī+api→guṇavatyapi · jāḍyadauḥśīlyadaurbhāgyebhyaḥ prajānutpatter ābhīkṣṇyena dārikotpatter nāyakacāpalād vā sapatnyadhivedanam sapatnī+adhivedanam→sapatnyadhivedanam
as m → o m	consonant / other	3	0.05	varam adya kapotaḥ śvo mayūrāt śvo+mayūrāt · tato mātari pitari ca prakāśayet tato+mātari · durvyāhṛtaṃ durnirīkṣitam anyato mantraṇaṃ dvāradeśāvasthānaṃ nirīkṣaṇaṃ vā niṣkuṭeṣu mantraṇaṃ vivikteṣu ciram avasthānam iti varjayet anyato+mantraṇaṃ
eḥ a → yur a	visarga	3	0.05	prattā ca patyur abhiprāyāt patyur+abhiprāyāt · kathākhyānakuśalo bālyāt prabhṛti saṃsṛṣṭaḥ pravṛddhayauvanaḥ krīḍanakarmādināgataviśvāsaḥ preṣaṇasya kartocitasaṃbhāṣaṇaḥ priyasya kartānyasya bhūtapūrvo dūto marmajña uttamayā prārthitaḥ sakhyā pracchannaṃ saṃsṛṣṭaḥ subhagābhikhyātaḥ saha saṃvṛddhaḥ prātiveśyaḥ kāmaśīlastathābhūtaś ca paricāriko dhātreyikāparigraho navavarakaḥ prekṣodyānatyāgaśīlo vṛṣa iti siddhapratāpaḥ sāhasikaḥ śūro vidyārūpaguṇopabhogaiḥ patyur atiśayitā mahārhaveṣopacāraśceti patyur+atiśayitā · prayojyāyāśca patyur anugrahocitasya dārān nityam antaḥpuram aucityāt praveśayet patyur+anugraha
ḥ p → Ø p	visarga	3	0.05	sa prātar utthāya kṛtaniyatakṛtyaḥ gṛhītadantadhāvanaḥ mātrayānulepanaṃ dhūpaṃ srajam iti ca gṛhītvā dattvā sikthakam alaktakaṃ ca dṛṣṭvādarśe mukham gṛhītamukhavāsatāmbūlaḥ kāryāṇyanutiṣṭhet sa+prātar · gaṇikā prāptayauvanāṃ svāṃ duhitaraṃ tasyā vijñānaśīlarūpānurūpyeṇa tān abhinimantrya sāreṇa yo 'syai idam idaṃ ca dadyāt sa pāṇiṃ gṛhṇīyād iti saṃsādhya rakṣayed iti sa+pāṇiṃ · śatāvaryāḥ śvadaṃṣṭrāyāḥ śrīparṇīphalānāṃ ca kṣuṇṇānāṃ caturguṇe jale pāka ā prakṛtyavasthānāt pāka+prakṛti
aḥ gh → o gh	visarga	3	0.05	etena taṃ taṃ devatāviśeṣam uddiśya saṃbhāvitasthitayo ghaṭā vyākhyātāḥ sthitayaḥ→saṃbhāvitasthitayo +ghaṭā · mahākulīno viddhān sarvasamayajñaḥ kavir ākhyānakuśalo vāgmī pragalbho vividhaśilpajño vṛddhadarśī sthūlalakṣo mahotsāho dṛḍhabhaktir anasūyakastyāgī mitravatsalo ghaṭāgoṣṭhīprekṣaṇakasamājasamasyākrīḍanaśīlo nīrujo 'vyaṅgaśarīraḥ prāṇavān amadyapo vṛṣo maitraḥ strīṇāṃ praṇetā lālayitā ca vatsalaḥ→mitravatsalo +ghaṭā · rāgo bhayam arthaḥ saṃgharṣo vairaniryātanaṃ jijñāsā pakṣaḥ khedo gharmo yaśo 'nukampā suhṛdvākyaṃ hrīḥ priyasādṛśyaṃ dhanyatā rāgāpanayaḥ sājātyaṃ sāhaveśyaṃ sātatyam āyatiśca gamanakāraṇāni bhavantītyācāryāḥ khedo+gharmo
aḥ arthaḥ → o 'rtho	visarga	3	0.05	saṃhatya kārakair eko 'rtho 'bhinirvartyate eko+'rtho · yasyottamasyābhigamane pratyakṣato 'rthalābho grahaṇīyatvam āyatir āgamaḥ prārthanīyatvaṃ cānyeṣāṃ syāt so 'rtho 'rthānubandhaḥ so+'rtho · lābhamātre kasyacid anyasya gamanaṃ so 'rtho niranubandhaḥ so+'rtho
āt s → ataḥ s	consonant / other	3	0.05	pratyakṣā lokataḥ siddhā yā prītir viṣayātmikā lokataḥ+siddhā · pūrvaḥ pūrvaḥ pradhānaṃ syād vivāho dharmataḥ sthiteḥ dharmataḥ+sthiteḥ · yatra parasyābhigamane arthaḥ saktācca saṃgharṣataḥ sa ubhayayo 'rthaḥ saṃgharṣataḥ+sa
a ī → e	vowel coalescence	3	0.05	nilīyeta daśeccaiva tatra tatra maderitā mada+īritā→maderitā · apratipadyamānāṃ svayam eveśvara āgatyopacāraiḥ sānvitāṃ rañjayitvā sambhūya ca sānurāgaṃ visṛjet eva+īśvaraḥ→eveśvara · bibhetyanyasya saṃyogād vyalīkāni ca nekṣate na+īkṣate→nekṣate
m ch → ṃ ch	anusvāra / nasal	3	0.05	etenaiva yogena śaunam aiṇeyaṃ chāgalaṃ gardabhākrāntaṃ mārjāralalitakaṃ vyāghrāvaskandanaṃ gajopamarditaṃ varāhaghṛṣṭakaṃ turagādhirūḍhakam iti yatra yatra viśeṣo yogo 'pūrvastat tad upalakṣayet aiṇeyaṃ+chāgalaṃ · vārikrīḍitakaṃ chāgalamaiṇeyam iti tatkarmānukṛtiyogāt vārikrīḍitakaṃ+chāgalam · teṣāṃ phalaṃ kṛtasya vyayasya niṣphalatvam anāyatirāgam iṣyato 'rthasya nivartanam āptasya niṣkramaṇaṃ pāruṣyasya prāptir gamyatā śarīrasya praghātaḥ keśānāṃ chedanaṃ pātanam aṅgavaikalyāpattiḥ keśānāṃ+chedanaṃ
r c → ś c	consonant / other	3	0.05	punaśca vrīḍāṃ darśayet punar+ca→punaśca · apratipadyamānāyām antaścāriṇīm anyāṃ kulapramadāṃ pūrvasaṃsṛṣṭāṃ prīyamāṇāṃ copagṛhya tayā saha viṣahyam avakāśam enām anyakāryāpadeśenānāyayet antar+cāriṇīm→antaścāriṇīm · nāyakasyānurāgaṃ ca punaśca ratikauśalam punar+ca→punaśca
t ś → cch	consonant / other	3	0.05	tatra subhṛśaḥ kalaho ruditam āyāsaḥ śiroruhāṇām avakṣodanaṃ prahaṇanam āsanācchayanād vā mahyāṃ patanaṃ mālyabhūṣaṇāvamokṣo bhūmau śayyā ca āsanāt+śayanāt→āsanācchayanād · adhividyamānā ca yāvacchaktiyogād ātmano 'dhikatvena sthitiṃ kārayet yāvat+śakti→yāvacchaktiyogād · paravākyābhidhāyinībhiśca gūḍhākārābhiḥ pramadābhir ātmadārān upadadhyācchaucāśaucaparijñānārtham iti bābhravīyāḥ upadadhyāt+śauca→upadadhyācchaucāśaucaparijñānārtham
au c → yāṃ c	anusvāra / nasal	3	0.05	āyatyāṃ ca tadānukūlyena pravṛttiṃ pratijānīyāt āyatyāṃ+ca · tatra siddhā dvitīye ahani vāci vaktre dṛṣṭyāṃ ca prasādam upalakṣya punar api kathāṃ pravartayet dṛṣṭyāṃ+ca · āyātyāṃ ca tadātve ca dūrād eva vivarjayet āyātyāṃ+ca
ḥ c → Ø c	visarga	3	0.05	bhaktapākārtham asyā mahānasikasya ca darśanam asyā+ca · sa ced avasitārtho vittavān sānurāgaśca tataḥ saṃdheyaḥ sa+ced · sa ced anyato bahulabhamānayā niṣkāsitaḥ syāt sasāro 'pi tayā roṣito mamāmarṣād bahu dāsyatīti saṃdheyaḥ sa+ced
ḥ dh → r dh	visarga	3	0.05	mātā caināṃ sakhībhir dhātreyikābhiśca saha tadabhimukhīṃ kuryāt sakhībhir+dhātreyikābhiḥ · tatrāpi dhanavadadhanavator dhanavati viśeṣaḥ adhanavatoḥ→dhanavadadhanavator +dhanavati · sā ca māturaviditā nāma nāgarikaputrair dhanibhir atyarthaṃ prīyeta putraiḥ→nāgarikaputrair +dhanibhir
as dh → o dh	consonant / other	3	0.05	adroho dharmastam api bhayājjahyād ato dharmabhayopadhāśuddhān iti vātsyāyanaḥ ato+dharma · vidyātantrācca vidyāyogāt prāptayauvanāṃ paricārikāṃ svāmī saṃvatsaramātram anyato dhārayet anyato+dhārayet · tato dhāritāṃ bālāṃ matvā lālasībhūteṣu gamyeṣu yo 'syāḥ saṃharṣeṇa bahu dadyāt tasmai visṛjed iti saubhāgyavardhanam tato+dhāritāṃ
aḥ anarthaḥ → o 'nartho	visarga	3	0.05	svena vyayena śūrasya mahāmātrasya prabhavato vā lubdhasya gamanaṃ niṣphalam api vyasanapratīkārārthaṃ mahataścārthaghnasya nimittasya praśamanam āyatijananaṃ vā so 'nartho 'rthānubandhaḥ so+'nartho · kadaryasya subhagamāninaḥ kṛtaghnasya vātisaṃdhānaśīlasya svair api vyayaistathārādhanam ante niṣphalaṃ so 'nartho niranubandhaḥ so+'nartho · tasyaiva rājavallabhasya krauryaprabhāvādhikasya tathaivārādhanam ante niṣphalaṃ niṣkāsanaṃ ca doṣakaraṃ so 'nartho 'narthānubandhaḥ so+'nartho
arthaḥ anyatas → 'rtho 'nyato	visarga	3	0.05	eteṣām eva vyatikare anyato 'rtho 'nyato 'nartho 'nyato 'rtho 'nyato 'rthasaṃśayo 'nyato 'rtho 'nyato 'narthasaṃśaya iti ṣaṭsaṃkīrṇayogāḥ 'rtho+'nyato · eteṣām eva vyatikare anyato 'rtho 'nyato 'nartho 'nyato 'rtho 'nyato 'rthasaṃśayo 'nyato 'rtho 'nyato 'narthasaṃśaya iti ṣaṭsaṃkīrṇayogāḥ 'rtho+'nyato · eteṣām eva vyatikare anyato 'rtho 'nyato 'nartho 'nyato 'rtho 'nyato 'rthasaṃśayo 'nyato 'rtho 'nyato 'narthasaṃśaya iti ṣaṭsaṃkīrṇayogāḥ 'rtho+'nyato
i ā → īty ā	vowel coalescence	3	0.05	śṛṅgāṭakakaserumadhūkāni kṣīrakākolyā saha piṣṭāni saśarkareṇa payasā ghṛtena mandāgninotkarikāṃ paktvā yāvadarthaṃ bhakṣitavān anantāḥ striyo gacchatīty ācakṣate iti→gacchatīty +ācakṣate · māṣakamalinīṃ payasā dhautām uṣṇena ghṛtena mṛdūkṛtyoddhṛtāṃ vṛddhavatsāyāḥ goḥ payaḥ siddhaṃ pāyasaṃ madhusarpirbhyām aśitvānantāḥ striyo gacchatīty ācakṣate iti→gacchatīty +ācakṣate · vidārī svayaṃguptā śarkarāmadhusarpirbhyāṃ godhūmacūrṇena polikāṃ kṛtvā yāvadarthaṃ bhakṣitavān anantāḥ striyo gacchatīty ācakṣate iti→gacchatīty +ācakṣate
aḥ atas → o 'taḥ	visarga	2	0.04	saṃkṣepam imam uktvāsya vistaro 'taḥ pravakṣyate vistaro+'taḥ · mandānām avabodhārthaṃ vistaro 'taḥ pravakṣyate vistaro+'taḥ
atas p → 'taḥ p	consonant / other	2	0.04	saṃkṣepam imam uktvāsya vistaro 'taḥ pravakṣyate 'taḥ+pravakṣyate · mandānām avabodhārthaṃ vistaro 'taḥ pravakṣyate 'taḥ+pravakṣyate
t dh → d dh	consonant / other	2	0.04	śāstrasyānabhiśaṅkyatvād abhicārānuvyāhārayośca kvacit phaladarśanān nakṣatracandrasūryatārāgrahacakrasya lokārthaṃ buddhipūrvakam iva pravṛtter darśanād varṇāśramācārasthitilakṣaṇatvāc ca lokayātrāyā hastagatasya ca bījasya bhaviṣyataḥ sasyārthe tyāgadarśanāccared dharmān iti vātsyāyanaḥ caret→tyāgadarśanāccared +dharmān · so 'ham anenopāyena taddhanam atimahad akṛcchrād adhigamiṣyāmi tat+dhanam→taddhanam
ḥ ū → Ø ū	visarga	2	0.04	asti vyākaraṇam ityavaiyākaraṇā api yājñikā ūhaṃ kratuṣu prayuñjate yājñikā+ūhaṃ · kuḍyāpāśritasya kaṇṭhāvasaktabāhupāśāyās taddhastapañjaropaviṣṭāyā ūrupāśena jaghanam abhiveṣṭayantyā kuḍye caraṇakrameṇa valantyā avalambitakaṃ ratam upaviṣṭāyāḥ→taddhastapañjaropaviṣṭāyā +ūru
m a → ṃ a	anusvāra / nasal	2	0.04	gītaṃ vādyaṃ nṛtyaṃ ālekhyaṃ viśeṣakachedyaṃ taṇḍulakusumavalivikārāḥ puṣpāstaraṇaṃ daśanavasanāṅgarāgaḥ maṇibhūmikākarma śayanaracanam udakavādyam udakāghātaḥ citrāśca yogāḥ mālyagrathanavikalpāḥ śekharakāpīḍayojanaṃ nepathyaprayogāḥ karṇapattrabhaṅgāḥ gandhayuktiḥ bhūṣaṇayojanam aindrajālāḥ kaucumārāś ca yogāḥ hastalāghavaṃ vicitraśākayūṣabhakṣyavikārakriyā pānakarasarāgāsavayojanaṃ sūcīvānakarmāṇi sūtrakrīḍā vīṇāḍamarukavādyāni prahelikā pratimālā durvācakayogāḥ pustakavācanaṃ nāṭakākhyāyikādarśanaṃ kāvyasamasyāpūraṇaṃ paṭṭikāvetravānavikalpāḥ takṣakarmāṇi takṣaṇaṃ vāstuvidyā rūpyaratnaparīkṣā dhātuvādaḥ maṇirāgākarajñānaṃ vṛkṣāyurvedayogāḥ meṣakukkuṭalāvakayuddhavidhiḥ śukasārikāpralāpanam utsādane saṃvāhane keśamardane ca kauśalyaṃ akṣaramuṣṭikākathanaṃ mlecchitavikalpāḥ deśabhāṣāvijñānaṃ puṣpaśakaṭikā nimittajñānaṃ yantramātṛkā dhāraṇamātṛkā sampāṭhyaṃ mānasī kāvyakriyā abhidhānakośaḥ chandojñānaṃ kriyākalpaḥ chalitakayogāḥ vastragopanāni dyūtaviśeṣā ākarṣakrīḍā bālakrīḍanakāni vainayikīnāṃ vaijayikīnāṃ vyāyāmikīnāṃ ca vidyānāṃ jñānam iti catuḥṣaṣṭir aṅgavidyāḥ kāmasūtrasyāvayavinyaḥ kauśalyaṃ+akṣaramuṣṭikā · nāyikā punarbuddhiśīlācāra ārjavaṃ kṛtajñatā dīrghadūradarśitvaṃ avisaṃvāditā deśakālajñatā nāgarakatā dainyātihāsapaiśunyaparivādakrodhalobhastambhacāpalavarjanaṃ pūrvābhibhāṣitā kāmasūtrakauśalaṃ tadaṅgavidyāsu ceti sādhāraṇaguṇāḥ tvam→dīrghadūradarśitvaṃ +avisaṃvādi
ā k → ī k	consonant / other	2	0.04	gītaṃ vādyaṃ nṛtyaṃ ālekhyaṃ viśeṣakachedyaṃ taṇḍulakusumavalivikārāḥ puṣpāstaraṇaṃ daśanavasanāṅgarāgaḥ maṇibhūmikākarma śayanaracanam udakavādyam udakāghātaḥ citrāśca yogāḥ mālyagrathanavikalpāḥ śekharakāpīḍayojanaṃ nepathyaprayogāḥ karṇapattrabhaṅgāḥ gandhayuktiḥ bhūṣaṇayojanam aindrajālāḥ kaucumārāś ca yogāḥ hastalāghavaṃ vicitraśākayūṣabhakṣyavikārakriyā pānakarasarāgāsavayojanaṃ sūcīvānakarmāṇi sūtrakrīḍā vīṇāḍamarukavādyāni prahelikā pratimālā durvācakayogāḥ pustakavācanaṃ nāṭakākhyāyikādarśanaṃ kāvyasamasyāpūraṇaṃ paṭṭikāvetravānavikalpāḥ takṣakarmāṇi takṣaṇaṃ vāstuvidyā rūpyaratnaparīkṣā dhātuvādaḥ maṇirāgākarajñānaṃ vṛkṣāyurvedayogāḥ meṣakukkuṭalāvakayuddhavidhiḥ śukasārikāpralāpanam utsādane saṃvāhane keśamardane ca kauśalyaṃ akṣaramuṣṭikākathanaṃ mlecchitavikalpāḥ deśabhāṣāvijñānaṃ puṣpaśakaṭikā nimittajñānaṃ yantramātṛkā dhāraṇamātṛkā sampāṭhyaṃ mānasī kāvyakriyā abhidhānakośaḥ chandojñānaṃ kriyākalpaḥ chalitakayogāḥ vastragopanāni dyūtaviśeṣā ākarṣakrīḍā bālakrīḍanakāni vainayikīnāṃ vaijayikīnāṃ vyāyāmikīnāṃ ca vidyānāṃ jñānam iti catuḥṣaṣṭir aṅgavidyāḥ kāmasūtrasyāvayavinyaḥ mānasī+kāvya · pṛṣṭā ca kiṃcit sasmitam avyaktākṣaram anavasitārthaṃ ca mandaṃ mandam adhomukhī kathayati adhomukhī+kathayati
ānām v → īnāṃ v	anusvāra / nasal	2	0.04	gītaṃ vādyaṃ nṛtyaṃ ālekhyaṃ viśeṣakachedyaṃ taṇḍulakusumavalivikārāḥ puṣpāstaraṇaṃ daśanavasanāṅgarāgaḥ maṇibhūmikākarma śayanaracanam udakavādyam udakāghātaḥ citrāśca yogāḥ mālyagrathanavikalpāḥ śekharakāpīḍayojanaṃ nepathyaprayogāḥ karṇapattrabhaṅgāḥ gandhayuktiḥ bhūṣaṇayojanam aindrajālāḥ kaucumārāś ca yogāḥ hastalāghavaṃ vicitraśākayūṣabhakṣyavikārakriyā pānakarasarāgāsavayojanaṃ sūcīvānakarmāṇi sūtrakrīḍā vīṇāḍamarukavādyāni prahelikā pratimālā durvācakayogāḥ pustakavācanaṃ nāṭakākhyāyikādarśanaṃ kāvyasamasyāpūraṇaṃ paṭṭikāvetravānavikalpāḥ takṣakarmāṇi takṣaṇaṃ vāstuvidyā rūpyaratnaparīkṣā dhātuvādaḥ maṇirāgākarajñānaṃ vṛkṣāyurvedayogāḥ meṣakukkuṭalāvakayuddhavidhiḥ śukasārikāpralāpanam utsādane saṃvāhane keśamardane ca kauśalyaṃ akṣaramuṣṭikākathanaṃ mlecchitavikalpāḥ deśabhāṣāvijñānaṃ puṣpaśakaṭikā nimittajñānaṃ yantramātṛkā dhāraṇamātṛkā sampāṭhyaṃ mānasī kāvyakriyā abhidhānakośaḥ chandojñānaṃ kriyākalpaḥ chalitakayogāḥ vastragopanāni dyūtaviśeṣā ākarṣakrīḍā bālakrīḍanakāni vainayikīnāṃ vaijayikīnāṃ vyāyāmikīnāṃ ca vidyānāṃ jñānam iti catuḥṣaṣṭir aṅgavidyāḥ kāmasūtrasyāvayavinyaḥ vainayikīnāṃ+vaijayikīnāṃ · gītaṃ vādyaṃ nṛtyaṃ ālekhyaṃ viśeṣakachedyaṃ taṇḍulakusumavalivikārāḥ puṣpāstaraṇaṃ daśanavasanāṅgarāgaḥ maṇibhūmikākarma śayanaracanam udakavādyam udakāghātaḥ citrāśca yogāḥ mālyagrathanavikalpāḥ śekharakāpīḍayojanaṃ nepathyaprayogāḥ karṇapattrabhaṅgāḥ gandhayuktiḥ bhūṣaṇayojanam aindrajālāḥ kaucumārāś ca yogāḥ hastalāghavaṃ vicitraśākayūṣabhakṣyavikārakriyā pānakarasarāgāsavayojanaṃ sūcīvānakarmāṇi sūtrakrīḍā vīṇāḍamarukavādyāni prahelikā pratimālā durvācakayogāḥ pustakavācanaṃ nāṭakākhyāyikādarśanaṃ kāvyasamasyāpūraṇaṃ paṭṭikāvetravānavikalpāḥ takṣakarmāṇi takṣaṇaṃ vāstuvidyā rūpyaratnaparīkṣā dhātuvādaḥ maṇirāgākarajñānaṃ vṛkṣāyurvedayogāḥ meṣakukkuṭalāvakayuddhavidhiḥ śukasārikāpralāpanam utsādane saṃvāhane keśamardane ca kauśalyaṃ akṣaramuṣṭikākathanaṃ mlecchitavikalpāḥ deśabhāṣāvijñānaṃ puṣpaśakaṭikā nimittajñānaṃ yantramātṛkā dhāraṇamātṛkā sampāṭhyaṃ mānasī kāvyakriyā abhidhānakośaḥ chandojñānaṃ kriyākalpaḥ chalitakayogāḥ vastragopanāni dyūtaviśeṣā ākarṣakrīḍā bālakrīḍanakāni vainayikīnāṃ vaijayikīnāṃ vyāyāmikīnāṃ ca vidyānāṃ jñānam iti catuḥṣaṣṭir aṅgavidyāḥ kāmasūtrasyāvayavinyaḥ vaijayikīnāṃ+vyāyāmikīnāṃ
ānām c → īnāṃ c	anusvāra / nasal	2	0.04	gītaṃ vādyaṃ nṛtyaṃ ālekhyaṃ viśeṣakachedyaṃ taṇḍulakusumavalivikārāḥ puṣpāstaraṇaṃ daśanavasanāṅgarāgaḥ maṇibhūmikākarma śayanaracanam udakavādyam udakāghātaḥ citrāśca yogāḥ mālyagrathanavikalpāḥ śekharakāpīḍayojanaṃ nepathyaprayogāḥ karṇapattrabhaṅgāḥ gandhayuktiḥ bhūṣaṇayojanam aindrajālāḥ kaucumārāś ca yogāḥ hastalāghavaṃ vicitraśākayūṣabhakṣyavikārakriyā pānakarasarāgāsavayojanaṃ sūcīvānakarmāṇi sūtrakrīḍā vīṇāḍamarukavādyāni prahelikā pratimālā durvācakayogāḥ pustakavācanaṃ nāṭakākhyāyikādarśanaṃ kāvyasamasyāpūraṇaṃ paṭṭikāvetravānavikalpāḥ takṣakarmāṇi takṣaṇaṃ vāstuvidyā rūpyaratnaparīkṣā dhātuvādaḥ maṇirāgākarajñānaṃ vṛkṣāyurvedayogāḥ meṣakukkuṭalāvakayuddhavidhiḥ śukasārikāpralāpanam utsādane saṃvāhane keśamardane ca kauśalyaṃ akṣaramuṣṭikākathanaṃ mlecchitavikalpāḥ deśabhāṣāvijñānaṃ puṣpaśakaṭikā nimittajñānaṃ yantramātṛkā dhāraṇamātṛkā sampāṭhyaṃ mānasī kāvyakriyā abhidhānakośaḥ chandojñānaṃ kriyākalpaḥ chalitakayogāḥ vastragopanāni dyūtaviśeṣā ākarṣakrīḍā bālakrīḍanakāni vainayikīnāṃ vaijayikīnāṃ vyāyāmikīnāṃ ca vidyānāṃ jñānam iti catuḥṣaṣṭir aṅgavidyāḥ kāmasūtrasyāvayavinyaḥ vyāyāmikīnāṃ+ca · ṛcāṃ daśatayīnāṃ ca saṃjñitatvāt daśatayīnāṃ+ca
ā c → ī c	consonant / other	2	0.04	pāñcālikī ca catuḥṣaṣṭir aparā pāñcālikī+ca · svinnakaracaraṇāṅguliḥ svinnamukhī ca bhavati mukhā→svinnamukhī +ca
ḥ bh → Ø bh	visarga	2	0.04	pakṣasya māsasya vā prajñāte ahani sarasvatyā bhavane niyuktānāṃ nityaṃ samājaḥ sarasvatyā+bhavane · vaicakṣaṇyayuktāśca gaṇikāstatkāminaśca parasparaṃ prārthanīyā bhavanti prārthanīyā+bhavanti
ḥ l → Ø l	visarga	2	0.04	tasyām ujjvalā lokakāntāḥ pūjyāḥ ujjvalā+loka · ākāraṃ cāsyā lakṣayet asyāḥ→cāsyā +lakṣayet
ām c → īṃ c	anusvāra / nasal	2	0.04	daivasikīṃ ca yātrāṃ tatrānubhūya kukkuṭayuddhadyūtaiḥ prekṣābhir anukūlaiśca ceṣṭitaiḥ kālaṃ gamayitvā aparāhṇe gṛhītatadudyānopabhogacihnāstathaiva pratyāvrajeyuḥ daivasikīṃ+ca · apraśastanāmadheyāṃ ca guptāṃ dattāṃ ghonāṃ pṛṣatām ṛṣabhāṃ vinatāṃ vikaṭāṃ vimuṇḍāṃ śucidūṣitāṃ sāṃkarikīṃ rākāṃ phalīnīṃ mitrāṃ svanujām varṣakarīṃ ca varjayet karām→varṣakarīṃ +ca
ḥ j → Ø j	visarga	2	0.04	sahakārabhañjikā abhyūṣakhādikā bisakhādikā navapattrikā udakakṣveḍikā pāñcālānuyānam ekaśālmalī kadambayuddhāni tāstāśca māhimānyo deśyāśca krīḍā janebhyo viśiṣṭam ācareyuḥ krīḍā+janebhyo · prattā janapadakanyā daśame ahani kiṃcid aupāyanikam upagṛhya praviśantyantaḥpuram upabhuktā eva visṛjyanta ityāndhrāṇām prattā+janapada
āt n → ato n	consonant / other	2	0.04	śaśo vṛṣo 'śva iti liṅgato nāyakaviśeṣāḥ liṅgato+nāyaka · iti pramāṇato navaratāni pramāṇato+nava
āt ś → ataḥ ś	consonant / other	2	0.04	prītīr etāḥ parāmṛśya śāstrataḥ śāstralakṣaṇāḥ śāstrataḥ+śāstra · anuktaṃ ca lokataḥ śīlayet puruṣaprakṛtitaśca lokataḥ+śīlayet
t l → l l	consonant / other	2	0.04	uddhṛtya mandaśītkṛtā tam āśritā vā kiṃcid rāmaṇīyakaṃ paśyet tallatāveṣṭitakam tat+latāveṣṭitakam→tallatāveṣṭitakam · tyakṣyāmyenam anyataḥ pratisaṃdhāsyāmi gamiṣyati dārair yokṣyate nāśayiṣyatyanarthān aṅkuśabhūta uttarādhyakṣo 'syāgamiṣyati svāmī pitā vā sthānabhraṃśo vāsya bhaviṣyati calacittaśceti manyamānā tadātve tasmāl lābham icchet tasmāl+lābham
k a → g a	consonant / other	2	0.04	vadane praveśitaṃ cauṣṭhaṃ manāgapatrapāvagrahītum icchantī syandayati svam oṣṭhaṃ nottaram utsahata iti sphuritakam manāk+apatrapā→manāgapatrapāvagrahītum · tasya sāradravyāṇi prāg avabodhād anyāpadeśena haste kurvīta prāg+avabodhād
au ā → āv ā	vowel coalescence	2	0.04	cirarātrāv āgatasya śayanasuptāyāḥ svābhiprāyacumbanaṃ prātibodhikam rātrau→cirarātrāv +āgatasya · surākumbhīnām āsavakumbhīnāṃ ca sthāpanaṃ tadupayogaḥ krayavikrayāv āyavyayāvekṣaṇam vikrayau→krayavikrayāv +āya
tyāḥ n → ntyā n	visarga	2	0.04	saṃvāhikāyāstu nāyakam ākārayantyā nidrāvaśād akāmāyā iva tasyorvor vadanasya nidhānam ūrucumbanaṃ pādāṅguṣṭhacumbanaṃ cetyābhiyogikāni ākārayantyā+nidrā · tadaṅkasaṃlīnāyāścandramasaṃ paśyantyā nakṣatrapaṅktivyaktīkaraṇam paśyantyā+nakṣatra
āt a → ato a	consonant / other	2	0.04	tadācchuritakam ardhacandro maṇḍalaṃ rekhā vyāghranakhaṃ mayūrapadakaṃ śaśaplutakam utpalapatrakam iti rūpato 'ṣṭavikalpam rūpato+aṣṭa · saināṃ śīlato 'nupraviśyākhyānakapaṭaiḥ subhagaṃkaraṇayogair lokavṛttāntaiḥ kavikathābhiḥ pāradārikakathābhiśca tasyāśca rūpavijñānadākṣiṇyaśīlānupraśaṃsābhiśca tāṃ rañjayet śīlato+anupraviśya
au u → āv u	vowel coalescence	2	0.04	ṛjuprasāritāv ubhāvapyubhayoścaraṇāv iti saṃpuṭaḥ prasāritau→ṛjuprasāritāv +ubhau · tatkuñcitāv utpīḍitakam kuñcitau→tatkuñcitāv +utpīḍitakam
au ū → āv ū	vowel coalescence	2	0.04	caraṇāv ūrdhvaṃ nāyako 'syā dhārayed iti jṛmbhitakam caraṇāv+ūrdhvaṃ · ūrdhvāv ūrū vyatyasyed iti pīḍitakam ūrdhvāv+ūrū
d h → dd h	consonant / other	2	0.04	kuḍyāpāśritasya kaṇṭhāvasaktabāhupāśāyās taddhastapañjaropaviṣṭāyā ūrupāśena jaghanam abhiveṣṭayantyā kuḍye caraṇakrameṇa valantyā avalambitakaṃ ratam tad+hasta→taddhastapañjaropaviṣṭāyā · taddhastād gṛhītatāmbūlayā goṣṭhīgamanodyatasya keśahastapuṣpayācanam tad+hastāt→taddhastād
d n → n n	consonant / other	2	0.04	nāstyatra gaṇanā kācin na ca śāstraparigrahaḥ kācin+na · mātrā vinā kiṃcin na ceṣṭeta kiṃcin+na
t gh → d gh	consonant / other	2	0.04	nīcīkṛtya jaghanam upariṣṭād ghaṭṭayed iti hulaḥ upariṣṭād+ghaṭṭayed · bhojanāvaśiṣṭād gorasād ghṛtakaraṇam tathā tailaguḍayoḥ gorasād+ghṛta
yāḥ ā → er ā	visarga	2	0.04	śiṣṭavipratipatteḥ smṛtivākyasya ca sāvakāśatvād deśasthiter ātmanaśca vṛttipratyayānurūpaṃ pravarteta sthityāḥ→deśasthiter +ātmanaḥ · jāḍyadauḥśīlyadaurbhāgyebhyaḥ prajānutpatter ābhīkṣṇyena dārikotpatter nāyakacāpalād vā sapatnyadhivedanam anutpattyāḥ→prajānutpatter +ābhīkṣṇyena
ḥ k → Ø k	visarga	2	0.04	yugapat samprayujyete sa kāmaḥ kākilaḥ smṛtaḥ sa+kāmaḥ · sa kāryayuktyā ṣaḍvidhaḥ sa+kārya
au i → yām i	vowel coalescence	2	0.04	keśahaste vastrānte nīvyām ityavalambanam nīvyām+iti · pratijñātam īśvareṇa pratigrahaṃ lapsyate adhikaraṇaṃ sthānaṃ vā prāpsyati vṛttikālo 'sya vā āsannaḥ vāhanam asyā gamiṣyati sthalapattraṃ vā sasyam asya pakṣyate kṛtam asmin na naśyati nityam avisaṃvādako vetyāyatyām icchet āyatau→vetyāyatyām +icchet
i v → ī v	consonant / other	2	0.04	tato nīvīviśleṣaṇādi yathoktam upakrameta nīvi+viśleṣaṇa→nīvīviśleṣaṇādi · tatra siddhāyā guhyadeśābhimarśanaṃ raśanāviyojanaṃ nīvīvisraṃsanaṃ vasanaparivartanam ūrumūlasaṃvāhanaṃ ca nīvi+visraṃsanam→nīvīvisraṃsanaṃ
s a → r a	consonant / other	2	0.04	tasya ca vacanam uttareṇa yojayantī vivṛddhakrodhā sakacagraham asyāsyam unnamayya pādena bāhau śirasi vakṣasi pṛṣṭhe vā sakṛd dvistrir avahanyāt tris→dvistrir +avahanyāt · antaḥpuracāriṇīnāṃ bahir aniṣkramo bāhyānāṃ cāpraveśaḥ bahir+aniṣkramo
as g → o g	consonant / other	2	0.04	atikruddhāpi tu na dvāradeśād bhūyo gacchet bhūyo+gacchet · anyāṃ bhedayituṃ gamyād anyato gamyam eva vā anyato+gamyam
s e → r e	consonant / other	2	0.04	sā tvaṃ kim atra vakṣyasīti bālavibhīṣikair bālapratyāyanaiśca śanair enāṃ pratārayet śanair+enāṃ · tataḥ śanakair ekaikām aṅgulim abhispṛśet śanakair+ekaikām
ḥ t → Ø t	visarga	2	0.04	kanyāvisrambhaṇaṃ vetti yaḥ sa tāsāṃ priyo bhavet sa+tāsāṃ · sa tu devatābhigamane yātrāyām udyānakrīḍāyāṃ jalāvataraṇe vivāhe yajñavyasanotsaveṣv agnyutpāte cauravibhrame janapadasya cakrārohaṇe prekṣāvyāpāreṣu teṣu teṣu ca kāryeṣv iti bābhravīyāḥ sa+tu
ḥ s → Ø s	visarga	2	0.04	videśagatiśīlaśca na sa saṃyogam arhati sa+saṃyogam · sapatnīkaśca sāpatyo na sa saṃyogam arhati sa+saṃyogam
s anyat → s 'nyad	consonant / other	2	0.04	na hyato 'nyad gṛhasthānāṃ cittagrāhakam astīti gonardīyaḥ atas+'nyad · na hyato 'nyad apratyayakāraṇam astīti gonardīyaḥ atas+'nyad
n j → ñ j	consonant / other	2	0.04	paripūteṣu ca haritaśākavaprān ikṣustambāñ jīrakasarṣapājamodaśatapuṣpātamālagulmāṃśca kārayet stambān→ikṣustambāñ +jīraka · karṣayantyo 'pi sarvārthāñ jñāyante naiva yoṣitaḥ arthān→sarvārthāñ +jñāyante
d j → j j	consonant / other	2	0.04	tajjaghanyānāṃ ca jīrṇavāsasāṃ saṃcayastair vividharāgaiḥ śuddhair vā kṛtakarmaṇāṃ paricārakāṇām anugraho mānārtheṣu ca dānam anyatra vopayogaḥ tad+jaghanyānām→tajjaghanyānāṃ · tajjñātiṣu cātisaṃbhramaḥ tad+jñātiṣu→tajjñātiṣu
āt e → ata e	consonant / other	2	0.04	yatra manyetārtham iyaṃ svayam api pratipatsyata iti tatrainām ādarata evānuśiṣyāt ādarata+eva · tasmāt tāni prayogata eva parasparaṃ rañjayeyuḥ prayogata+eva
u u → ū	vowel coalescence	2	0.04	daridrā bahūpabhogā bahu+upabhogā→bahūpabhogā · iṣṭeṣūtsaveṣu ca smarati iṣṭeṣu+utsaveṣu→iṣṭeṣūtsaveṣu
k e → g e	consonant / other	2	0.04	prāg eva svabhavanasthāṃ brūyāt prāg+eva · yatra cāsyā niyataṃ gamanam iti vidyāt tatra pracchannasya prāg evāvasthānam prāg+eva
p → aḥ p	consonant / other	2	0.04	yasyāṃ tu prītir vāsaka ṛtuv vā tatrābhiprāyataḥ pravartanta iti prācyopacārāḥ abhiprāyāt→tatrābhiprāyataḥ +pravartanta · yat tatra sāmyād vā dravyasāmye mitravākyād atipātitvād āyatito gamyaguṇataḥ prītitaśca viśeṣaḥ guṇāt→gamyaguṇataḥ +prītyāḥ
ī ā → y ā	vowel coalescence	2	0.04	tena vinā goṣṭhyādīnām agamanam iti goṣṭhī+ādīnām→goṣṭhyādīnām · harītakyāmrātakayoḥ śravaṇapriyaṃgukābhiśca piṣṭābhir liptāni lohabhāṇḍāni tāmrībhavanti harītakī+āmrātakayoḥ→harītakyāmrātakayoḥ
yāḥ v → ito v	visarga	2	0.04	tathāpi puruṣaprakṛtito viśeṣaḥ prakṛtyāḥ→puruṣaprakṛtito +viśeṣaḥ · tatrāpyāyatito viśeṣaḥ āyatyāḥ→tatrāpyāyatito +viśeṣaḥ
anarthaḥ a → 'nartho a	visarga	2	0.04	svena vyayena śūrasya mahāmātrasya prabhavato vā lubdhasya gamanaṃ niṣphalam api vyasanapratīkārārthaṃ mahataścārthaghnasya nimittasya praśamanam āyatijananaṃ vā so 'nartho 'rthānubandhaḥ 'nartho+artha · tasyaiva rājavallabhasya krauryaprabhāvādhikasya tathaivārādhanam ante niṣphalaṃ niṣkāsanaṃ ca doṣakaraṃ so 'nartho 'narthānubandhaḥ 'nartho+anartha
anyatas arthaḥ → 'nyato 'rtho	visarga	2	0.04	eteṣām eva vyatikare anyato 'rtho 'nyato 'nartho 'nyato 'rtho 'nyato 'rthasaṃśayo 'nyato 'rtho 'nyato 'narthasaṃśaya iti ṣaṭsaṃkīrṇayogāḥ 'nyato+'rtho · eteṣām eva vyatikare anyato 'rtho 'nyato 'nartho 'nyato 'rtho 'nyato 'rthasaṃśayo 'nyato 'rtho 'nyato 'narthasaṃśaya iti ṣaṭsaṃkīrṇayogāḥ 'nyato+'rtho
anyatas a → 'nyato a	consonant / other	2	0.04	eteṣām eva vyatikare anyato 'rtho 'nyato 'nartho 'nyato 'rtho 'nyato 'rthasaṃśayo 'nyato 'rtho 'nyato 'narthasaṃśaya iti ṣaṭsaṃkīrṇayogāḥ 'nyato+artha · eteṣām eva vyatikare anyato 'rtho 'nyato 'nartho 'nyato 'rtho 'nyato 'rthasaṃśayo 'nyato 'rtho 'nyato 'narthasaṃśaya iti ṣaṭsaṃkīrṇayogāḥ 'nyato+anartha
ḥ t → tra t	visarga	1	0.02	yatra tu naiṣā śaṅkā tā dharmārthakāmebhyo namaḥ kāmebhyaḥ→yatra +tu
mbhuvaḥ dh → ṃbhuvo dh	visarga	1	0.02	tasyaikadeśikaṃ manuḥ svāyaṃbhuvo dharmādhikārikaṃ pṛthak cakāra svāyaṃbhuvo+dharma
n → raśca n	consonant / other	1	0.02	mahādevānucaraśca nandī sahasreṇādhyāyānāṃ pṛthak kāmasūtraṃ provāca ca→mahādevānucaraśca +nandī
akāṇām g → ikāṇāṃ g	anusvāra / nasal	1	0.02	tasya ṣaṣṭhaṃ vaiśikam adhikaraṇaṃ pāṭaliputrikāṇāṃ gaṇikānāṃ niyogād dattakaḥ pṛthak cakāra pāṭaliputrikāṇāṃ+gaṇikānāṃ
vasām l → uṣāṃ l	anusvāra / nasal	1	0.02	iṣṭaṃ hi viduṣāṃ loke samāsavyāsabhāṣaṇam viduṣāṃ+loke
ūḥ v → ur v	visarga	1	0.02	śatāyur vai puruṣo vibhajya kālam anyonyānubaddhaṃ parasparasyānupaghātakaṃ trivargaṃ seveta āyūḥ→śatāyur +vai
u v → v v	consonant / other	1	0.02	brahmacaryam eva tv ā vidyāgrahaṇāt tv+vidyā
yāḥ dh → er dh	visarga	1	0.02	taṃ śruter dharmajñasamavāyāc ca pratipadyeta śruter+dharma
aḥ _ → o _	visarga	1	0.02	tam adhyakṣapracārād vārtāsamayavidbhyo vaṇigbhyaśceti vidbhyaḥ→vārtāsamayavidbhyo +_
_ c → v	consonant / other	1	0.02	tam adhyakṣapracārād vārtāsamayavidbhyo vaṇigbhyaśceti _+ca→vaṇigbhyaśceti
d ph → t ph	consonant / other	1	0.02	śāstrasyānabhiśaṅkyatvād abhicārānuvyāhārayośca kvacit phaladarśanān nakṣatracandrasūryatārāgrahacakrasya lokārthaṃ buddhipūrvakam iva pravṛtter darśanād varṇāśramācārasthitilakṣaṇatvāc ca lokayātrāyā hastagatasya ca bījasya bhaviṣyataḥ sasyārthe tyāgadarśanāccared dharmān iti vātsyāyanaḥ kvacit+phala
yāḥ d → er d	visarga	1	0.02	śāstrasyānabhiśaṅkyatvād abhicārānuvyāhārayośca kvacit phaladarśanān nakṣatracandrasūryatārāgrahacakrasya lokārthaṃ buddhipūrvakam iva pravṛtter darśanād varṇāśramācārasthitilakṣaṇatvāc ca lokayātrāyā hastagatasya ca bījasya bhaviṣyataḥ sasyārthe tyāgadarśanāccared dharmān iti vātsyāyanaḥ pravṛtter+darśanād
k y → g y	consonant / other	1	0.02	prāgyauvanāt strī prāk+yauvanāt→prāgyauvanāt
n ś → ñch	consonant / other	1	0.02	tasmād vaiśvāsikājjanād rahasi prayogāñchāstram ekadeśaṃ vā strī gṛhṇīyāt prayogān+śāstram→prayogāñchāstram
m ā → ṃ ā	anusvāra / nasal	1	0.02	gītaṃ vādyaṃ nṛtyaṃ ālekhyaṃ viśeṣakachedyaṃ taṇḍulakusumavalivikārāḥ puṣpāstaraṇaṃ daśanavasanāṅgarāgaḥ maṇibhūmikākarma śayanaracanam udakavādyam udakāghātaḥ citrāśca yogāḥ mālyagrathanavikalpāḥ śekharakāpīḍayojanaṃ nepathyaprayogāḥ karṇapattrabhaṅgāḥ gandhayuktiḥ bhūṣaṇayojanam aindrajālāḥ kaucumārāś ca yogāḥ hastalāghavaṃ vicitraśākayūṣabhakṣyavikārakriyā pānakarasarāgāsavayojanaṃ sūcīvānakarmāṇi sūtrakrīḍā vīṇāḍamarukavādyāni prahelikā pratimālā durvācakayogāḥ pustakavācanaṃ nāṭakākhyāyikādarśanaṃ kāvyasamasyāpūraṇaṃ paṭṭikāvetravānavikalpāḥ takṣakarmāṇi takṣaṇaṃ vāstuvidyā rūpyaratnaparīkṣā dhātuvādaḥ maṇirāgākarajñānaṃ vṛkṣāyurvedayogāḥ meṣakukkuṭalāvakayuddhavidhiḥ śukasārikāpralāpanam utsādane saṃvāhane keśamardane ca kauśalyaṃ akṣaramuṣṭikākathanaṃ mlecchitavikalpāḥ deśabhāṣāvijñānaṃ puṣpaśakaṭikā nimittajñānaṃ yantramātṛkā dhāraṇamātṛkā sampāṭhyaṃ mānasī kāvyakriyā abhidhānakośaḥ chandojñānaṃ kriyākalpaḥ chalitakayogāḥ vastragopanāni dyūtaviśeṣā ākarṣakrīḍā bālakrīḍanakāni vainayikīnāṃ vaijayikīnāṃ vyāyāmikīnāṃ ca vidyānāṃ jñānam iti catuḥṣaṣṭir aṅgavidyāḥ kāmasūtrasyāvayavinyaḥ nṛtyaṃ+ālekhyaṃ
ṃpāṭhyam m → mpāṭhyaṃ m	anusvāra / nasal	1	0.02	gītaṃ vādyaṃ nṛtyaṃ ālekhyaṃ viśeṣakachedyaṃ taṇḍulakusumavalivikārāḥ puṣpāstaraṇaṃ daśanavasanāṅgarāgaḥ maṇibhūmikākarma śayanaracanam udakavādyam udakāghātaḥ citrāśca yogāḥ mālyagrathanavikalpāḥ śekharakāpīḍayojanaṃ nepathyaprayogāḥ karṇapattrabhaṅgāḥ gandhayuktiḥ bhūṣaṇayojanam aindrajālāḥ kaucumārāś ca yogāḥ hastalāghavaṃ vicitraśākayūṣabhakṣyavikārakriyā pānakarasarāgāsavayojanaṃ sūcīvānakarmāṇi sūtrakrīḍā vīṇāḍamarukavādyāni prahelikā pratimālā durvācakayogāḥ pustakavācanaṃ nāṭakākhyāyikādarśanaṃ kāvyasamasyāpūraṇaṃ paṭṭikāvetravānavikalpāḥ takṣakarmāṇi takṣaṇaṃ vāstuvidyā rūpyaratnaparīkṣā dhātuvādaḥ maṇirāgākarajñānaṃ vṛkṣāyurvedayogāḥ meṣakukkuṭalāvakayuddhavidhiḥ śukasārikāpralāpanam utsādane saṃvāhane keśamardane ca kauśalyaṃ akṣaramuṣṭikākathanaṃ mlecchitavikalpāḥ deśabhāṣāvijñānaṃ puṣpaśakaṭikā nimittajñānaṃ yantramātṛkā dhāraṇamātṛkā sampāṭhyaṃ mānasī kāvyakriyā abhidhānakośaḥ chandojñānaṃ kriyākalpaḥ chalitakayogāḥ vastragopanāni dyūtaviśeṣā ākarṣakrīḍā bālakrīḍanakāni vainayikīnāṃ vaijayikīnāṃ vyāyāmikīnāṃ ca vidyānāṃ jñānam iti catuḥṣaṣṭir aṅgavidyāḥ kāmasūtrasyāvayavinyaḥ sampāṭhyaṃ+mānasī
a d → ā d	consonant / other	1	0.02	svāstīrṇā preṅkhādolā vṛkṣavāṭikāyāṃ sapracchāyā preṅkha+dolā→preṅkhādolā
ebhiḥ bh → air bh	visarga	1	0.02	tair bhikṣukyaḥ kalāvidagdhā muṇḍā vṛṣalyo vṛddhagaṇikāśca vyākhyātāḥ tair+bhikṣukyaḥ
n l → ṃl l	anusvāra / nasal	1	0.02	kathāṃ goṣṭhīṣu kathayaṃlloke bahumato bhavet kathayan+loke→kathayaṃlloke
ḥ l → ṃl l	visarga	1	0.02	goṣṭhyā sahacaran vidvāṃlloke siddhiṃ niyacchati vidvāḥ+loke→vidvāṃlloke
ś → aḥ ś	consonant / other	1	0.02	kāmaścaturṣu varṇeṣu savarṇataḥ śāstrataścānanyapūrvāyāṃ prayujyamānaḥ putrīyo yaśasyo laukikaśca bhavati varṇāt→savarṇataḥ +śāstrāt
u _ → u punarbhūṣu	consonant / other	1	0.02	veśyāsu punarbhūṣu ca na śiṣṭo na pratiṣiddhaḥ veśyāsu+punarbhūṣu
_ c → punarbhūṣu c	consonant / other	1	0.02	veśyāsu punarbhūṣu ca na śiṣṭo na pratiṣiddhaḥ punarbhūṣu+ca
p → gṛhītāpi p	consonant / other	1	0.02	anyakāraṇavaśāt paraparigṛhītāpi pākṣikī caturthīti goṇikāputraḥ api→paraparigṛhītāpi +pākṣikī
ama v → e v	consonant / other	1	0.02	asadbhūtaṃ vā doṣaṃ śraddheyaṃ duṣparihāraṃ mayi kṣepsyati yena me vināśaḥ syāt me+vināśaḥ
rī p → ā p	consonant / other	1	0.02	gaṇikāyā duhitā paricārikā vānanyapūrvā saptamīti ghoṭakamukhaḥ duhitā+paricārikā
ī u → y u	vowel coalescence	1	0.02	agamyāstvevaitāḥ kuṣṭhinyunmattā patitā bhinnarahasyā prakāśaprārthinī gataprāyayauvanātiśvetātikṛṣṇā durgandhā saṃbandhinī sakhī pravrajitā saṃbandhisakhiśrotriyarājadārāśca kuṣṭhinī+unmattā→kuṣṭhinyunmattā
ṛ a → r a	vowel coalescence	1	0.02	saha pāṃsukrīḍitam upakārasambaddhaṃ samānaśīlavyasanaṃ sahādhyāyinaṃ yaścāsya marmāṇi rahasyāni ca vidyāt yasya cāyaṃ vidyād vā dhātrapatyaṃ sahasaṃvṛddhaṃ mitram dhātṛ+apatyam→dhātrapatyaṃ
uḥ p → vī p	visarga	1	0.02	paṭutā dhārṣṭyam iṅgitākārajñatā pratāraṇakālajñatā viṣahyabuddhitvaṃ laghvī pratipattiḥ sopāyā ceti dūtaguṇāḥ laghvī+pratipattiḥ
p → kārajñatā p	consonant / other	1	0.02	paṭutā dhārṣṭyam iṅgitākārajñatā pratāraṇakālajñatā viṣahyabuddhitvaṃ laghvī pratipattiḥ sopāyā ceti dūtaguṇāḥ tā→iṅgitākārajñatā +pratāraṇa
v → raṇakālajñatā v	consonant / other	1	0.02	paṭutā dhārṣṭyam iṅgitākārajñatā pratāraṇakālajñatā viṣahyabuddhitvaṃ laghvī pratipattiḥ sopāyā ceti dūtaguṇāḥ tā→pratāraṇakālajñatā +viṣahya
aḥ aśvaḥ → o 'śva	visarga	1	0.02	śaśo vṛṣo 'śva iti liṅgato nāyakaviśeṣāḥ vṛṣo+'śva
aśvaḥ i → 'śva i	visarga	1	0.02	śaśo vṛṣo 'śva iti liṅgato nāyakaviśeṣāḥ 'śva+iti
ā ś → ni ś	consonant / other	1	0.02	teṣu samāni śreṣṭhāni samāni+śreṣṭhāni
īṇām v → iyāṃ v	anusvāra / nasal	1	0.02	tatra striyāṃ vivādaḥ striyāṃ+vivādaḥ
yāḥ c → eś c	visarga	1	0.02	puruṣapratīteś cānabhijñatvāt kathaṃ te sukham iti praṣṭum aśakyatvāt pratītyāḥ→puruṣapratīteś +ca
e abhyasūyinyaḥ → e 'bhyasūyinyo	visarga	1	0.02	ciravege nāyake striyo 'nurajyante śīghravegasya bhāvam anāsādyāvasāne 'bhyasūyinyo bhavanti avasāne+'bhyasūyinyo
abhyasūyinyaḥ bh → 'bhyasūyinyo bh	visarga	1	0.02	ciravege nāyake striyo 'nurajyante śīghravegasya bhāvam anāsādyāvasāne 'bhyasūyinyo bhavanti 'bhyasūyinyo+bhavanti
aḥ adhikaraṇam → o 'dhikaraṇaṃ	visarga	1	0.02	kartā hi puruṣo 'dhikaraṇaṃ yuvatiḥ puruṣo+'dhikaraṇaṃ
adhikaraṇam y → 'dhikaraṇaṃ y	anusvāra / nasal	1	0.02	kartā hi puruṣo 'dhikaraṇaṃ yuvatiḥ 'dhikaraṇaṃ+yuvatiḥ
t e → ilakṣaṇyavad e	consonant / other	1	0.02	tatraitat syād upāyavailakṣaṇyavad eva hi kāryavailakṣaṇyam api kasmān na syād iti vat→upāyavailakṣaṇyavad +eva
ṛ ā → r ā	vowel coalescence	1	0.02	tatra kartrādhārayor bhinnalakṣaṇatvād ahetumat kāryavailakṣaṇyam anyāyyaṃ syāt kartṛ+ādhārayoḥ→kartrādhārayor
arthaḥ a → 'rtho '	visarga	1	0.02	saṃhatya kārakair eko 'rtho 'bhinirvartyate 'rtho+'bhinirvartyate
ā s → ī s	consonant / other	1	0.02	tenobhayor api sadṛśī sukhapratipattir iti sadṛśī+sukha
mpratyayāt a → ṃpratyayād a	anusvāra / nasal	1	0.02	abhyāsād abhimānācca tathā saṃpratyayād api saṃpratyayād+api
s bh → r bh	consonant / other	1	0.02	śabdādibhyo bahirbhūtā yā karmābhyāsalakṣaṇā bahis+bhūtā→bahirbhūtā
ā j → ī j	consonant / other	1	0.02	prītiḥ sābhyāsikī jñeyā mṛgayādiṣu karmasu ābhyāsikā→sābhyāsikī +jñeyā
yāḥ y → er y	visarga	1	0.02	prakṛter yā tṛtīyasyāḥ striyāś caivopariṣṭake prakṛter+yā
a a → āv a	vowel coalescence	1	0.02	āliṅganacumbananakhacchedyadaśanacchedyasaṃveśanaśītkṛtapuruṣāyitopariṣṭakānām aṣṭānām aṣṭadhā vikalpabhedād aṣṭāvaṣṭakāścatuḥṣaṣṭir iti bābhravīyāḥ aṣṭa+aṣṭakāḥ→aṣṭāvaṣṭakāścatuḥṣaṣṭir
s g → r g	consonant / other	1	0.02	tamasi janasambādhe vijane vātha śanakair gacchator nātihrasvakālam uddharṣaṇaṃ parasparasya gātrāṇām uddhṛṣṭakam śanakair+gacchator
au a → āv a	vowel coalescence	1	0.02	rāgāndhāv anapekṣitātyayau parasparam anuviśata ivotsaṅgagatāyām abhimukhopaviṣṭāyāṃ śayane veti kṣīrajalakam andhau→rāgāndhāv +an
i ū → y ū	vowel coalescence	1	0.02	tatrorusaṃdaṃśenaikam ūrum ūrudvayaṃ vā sarvaprāṇaṃ pīḍayet ityūrūpagūhanam iti+ūru→ityūrūpagūhanam
iṇoḥ l → ṇor l	visarga	1	0.02	mukhe mukham āsajyākṣiṇī akṣṇor lalāṭena lalāṭam āhanyāt sā lalāṭikā akṣṇor+lalāṭena
m gh → ṃ gh	anusvāra / nasal	1	0.02	nimittakaṃ sphuritakaṃ ghaṭṭitakam iti trīṇi kanyācumbanāni sphuritakaṃ+ghaṭṭitakam
ñcam u → g u	consonant / other	1	0.02	samaṃ tiryag udbhrāntam avapīḍitakam iti caturvidham apare tiryag+udbhrāntam
ḥ ch → ś ch	visarga	1	0.02	ādarśe kuḍye salile vā prayojyāyāśchāyācumbanam ākārapradarśanārtham eva kāryam prayojyāyāḥ+chāyā→prayojyāyāśchāyācumbanam
ā m → ī m	consonant / other	1	0.02	pañcabhir abhimukhair lekhā cūcukābhimukhī mayūrapadakam abhimukhā→cūcukābhimukhī +mayūrapadakam
g → kṣaṇyayuktāśca g	consonant / other	1	0.02	vaicakṣaṇyayuktāśca gaṇikāstatkāminaśca parasparaṃ prārthanīyā bhavanti ca→vaicakṣaṇyayuktāśca +gaṇikāḥ
tyāḥ g → ntyā g	visarga	1	0.02	nakhakṣatāni paśyantyā gūḍhasthāneṣu yoṣitaḥ paśyantyā+gūḍha
naḥ y → ṇo y	visarga	1	0.02	samāḥ snigdhacchāyā rāgagrāhiṇo yuktapramāṇā niśchidrāstīkṣṇāgrā iti daśanaguṇāḥ grāhinaḥ→rāgagrāhiṇo +yukta
avaḥ d → vyo d	visarga	1	0.02	saṃhatāḥ pradīrghā bahvyo daśanapadarājayas tāmrāntarālā varāhacarvitakam bahvyo+daśana
avaḥ r → vyo r	visarga	1	0.02	prakṛtyā mṛdvyo ratipriyā aśucirucayo nirācārāścāndhryaḥ mṛdvyo+rati
ḥ anurāgavatyaḥ → ḥ 'nurāgavatyo	visarga	1	0.02	mṛdubhāṣiṇyo 'nurāgavatyo mṛdvyaṅgyaśca gauḍyaḥ bhāṣinyaḥ+'nurāgavatyo
anurāgavatyaḥ m → 'nurāgavatyo m	visarga	1	0.02	mṛdubhāṣiṇyo 'nurāgavatyo mṛdvyaṅgyaśca gauḍyaḥ 'nurāgavatyo+mṛduḥ
h → hrāsayantīva h	consonant / other	1	0.02	avahrāsayantīva hastinī nīcarate iva→avahrāsayantīva +hastinī
ñcam a → g a	consonant / other	1	0.02	anīce sakthinī tiryag avasajya pratīcched iti vijṛmbhitakam tiryag+avasajya
n → ḍaveva n	consonant / other	1	0.02	vaḍaveva niṣṭhuram avagṛhṇīyād iti vāḍavakam ābhyāsikam iva→vaḍaveva +niṣṭhuram
aḥ asyāḥ → o 'syā	visarga	1	0.02	caraṇāv ūrdhvaṃ nāyako 'syā dhārayed iti jṛmbhitakam nāyako+'syā
asyāḥ dh → 'syā dh	visarga	1	0.02	caraṇāv ūrdhvaṃ nāyako 'syā dhārayed iti jṛmbhitakam 'syā+dhārayed
a v → ab	consonant / other	1	0.02	saṃkucitau svabastideśe nidadhyād iti kārkaṭakam sva+vasti→svabastideśe
a v → a b	consonant / other	1	0.02	grāmanāriviṣaye strīrājye ca bāhlīke bahavo yuvāno 'ntaḥpurasadharmāṇa ekaikasyāḥ parigrahabhūtāḥ ca+bāhlīke
d c → c c	consonant / other	1	0.02	teṣām ekaikaśo yugapacca yathāsātmyaṃ yathāyogaṃ ca rañjayeyuḥ yugapad+ca→yugapacca
ṃgānām c → ṅgānāṃ c	anusvāra / nasal	1	0.02	paśūnāṃ mṛgajātīnāṃ pataṅgānāṃ ca vibhramaiḥ pataṅgānāṃ+ca
ḥ u → stair u	visarga	1	0.02	taistair upāyaiścittajño ratiyogān vivardhayet taiḥ→taistair +upāyaiḥ
ḥ bh → stair bh	visarga	1	0.02	tatsātmyād deśasātmyācca taistair bhāvaiḥ prayojitaiḥ taiḥ→taistair +bhāvaiḥ
yāḥ e → er e	visarga	1	0.02	na ciraṃ tasya caivānte prakṛter eva yojanam prakṛter+eva
ām dh → īṃ dh	anusvāra / nasal	1	0.02	yathā hi pañcamīṃ dhārām āsthāya turagaḥ pathi pañcamīṃ+dhārām
ḥ ayam → ḥ 'yaṃ	visarga	1	0.02	ityeko 'yaṃ mārgaḥ ekaḥ+'yaṃ
ayam m → 'yaṃ m	anusvāra / nasal	1	0.02	ityeko 'yaṃ mārgaḥ 'yaṃ+mārgaḥ
r ś → ḥ ś	consonant / other	1	0.02	sā prakīryamāṇakeśakusumā śvāsavicchinnahāsinī vaktrasaṃsargārthaṃ stanābhyām uraḥ pīḍayantī punaḥ punaḥ śiro nāmayantī yāśceṣṭāḥ pūrvam aṃsau darśitavāṃstā eva pratikurvīta punaḥ+śiro
im v → īṃ v	anusvāra / nasal	1	0.02	puruṣaḥ śayanasthāyā yoṣitastad vacanavyākṣiptacittāyā iva nīvīṃ viśleṣayet nīvīṃ+viśleṣayet
v → ad v	consonant / other	1	0.02	puruṣaḥ śayanasthāyā yoṣitastad vacanavyākṣiptacittāyā iva nīvīṃ viśleṣayet tat→yoṣitastad +vacana
nyām y → ṇyāṃ y	anusvāra / nasal	1	0.02	svairiṇyāṃ yathāsātmyaṃ yathāyogaṃ ca svairiṇyāṃ+yathā
s → yojaneti s	consonant / other	1	0.02	gātrāṇāṃ sraṃsanaṃ netranimīlanaṃ vrīḍānāśaḥ samadhikā ca ratiyojaneti strīṇāṃ bhāvalakṣaṇam iti→ratiyojaneti +strīṇāṃ
mbādham g → ṃbādhaṃ g	anusvāra / nasal	1	0.02	tasyāḥ prāgyantrayogāt kareṇa saṃbādhaṃ gaja eva kṣobhayet saṃbādhaṃ+gaja
aḥ avamardanam → o 'vamardanaṃ	visarga	1	0.02	upasṛptakaṃ manthanaṃ hulo 'vamardanaṃ pīḍitakaṃ nirghāto varāhaghāto vṛṣāghātaścaṭakavilasitaṃ saṃpuṭa iti puruṣopasṛptāni hulo+'vamardanaṃ
avamardanam p → 'vamardanaṃ p	anusvāra / nasal	1	0.02	upasṛptakaṃ manthanaṃ hulo 'vamardanaṃ pīḍitakaṃ nirghāto varāhaghāto vṛṣāghātaścaṭakavilasitaṃ saṃpuṭa iti puruṣopasṛptāni 'vamardanaṃ+pīḍitakaṃ
mpuṭaḥ i → ṃpuṭa i	visarga	1	0.02	upasṛptakaṃ manthanaṃ hulo 'vamardanaṃ pīḍitakaṃ nirghāto varāhaghāto vṛṣāghātaścaṭakavilasitaṃ saṃpuṭa iti puruṣopasṛptāni saṃpuṭa+iti
tyāḥ v → ntyā v	visarga	1	0.02	vāḍavena liṅgam avagṛhya niṣkarṣantyāḥ pīḍayantyā vā cirāvasthānaṃ saṃdaṃśaḥ pīḍayantyā+vā
a ṛ → ar	vowel coalescence	1	0.02	na tv evartau na prasūtāṃ na mṛgīṃ na ca garbhiṇīm na cātivyāyatāṃ nārīṃ yojayet puruṣāyite eva+ṛtau→evartau
as r → o r	consonant / other	1	0.02	sā tato ratim ābhimānikīṃ vṛttiṃ ca lipset tato+ratim
ām v → īṃ v	anusvāra / nasal	1	0.02	sā tato ratim ābhimānikīṃ vṛttiṃ ca lipset ābhimānikīṃ+vṛttiṃ
ḥ ū → r ū	visarga	1	0.02	saṃvāhane pariṣvajamāneva gātrair ūrū nāyakasya mṛdnīyāt gātrair+ūrū
g → jamāneva g	consonant / other	1	0.02	saṃvāhane pariṣvajamāneva gātrair ūrū nāyakasya mṛdnīyāt iva→pariṣvajamāneva +gātrair
aḥ antaḥsaṃdaṃśaḥ → o 'ntaḥsaṃdaṃśaś	visarga	1	0.02	nimitaṃ pārśvatodaṣṭaṃ bahiḥsaṃdaṃśo 'ntaḥsaṃdaṃśaś cumbitakaṃ parimṛṣṭakam āmracūṣitakaṃ saṃgara iti bahiḥsaṃdaṃśo+'ntaḥsaṃdaṃśaś
antaḥsaṃdaṃśaḥ c → 'ntaḥsaṃdaṃśaś c	visarga	1	0.02	nimitaṃ pārśvatodaṣṭaṃ bahiḥsaṃdaṃśo 'ntaḥsaṃdaṃśaś cumbitakaṃ parimṛṣṭakam āmracūṣitakaṃ saṃgara iti 'ntaḥsaṃdaṃśaś+cumbitakaṃ
e a → asminn a	vowel coalescence	1	0.02	itaraśca pūrvasminn abhyupagate taduttaram evāparaṃ nirdiśet pūrvasminn+abhyupagate
g → asyauṣṭhavad g	consonant / other	1	0.02	karāvalambitasyauṣṭhavad grahaṇaṃ cumbitakam vat→karāvalambitasyauṣṭhavad +grahaṇaṃ
as gh → o gh	consonant / other	1	0.02	tat kṛtvā jihvāgreṇa sarvato ghaṭṭanam agre ca vyadhanam iti parimṛṣṭakam sarvato+ghaṭṭanam
m → pīḍya m	anusvāra / nasal	1	0.02	tathābhūtam eva rāgavaśād ardhapraviṣṭaṃ nirdayam avapīḍyāvapīḍya muñcet avapīḍya→avapīḍyāvapīḍya +muñcet
ḥ m → n m	visarga	1	0.02	na tv etad brāhmaṇo vidvān mantrī vā rājadhūrdharaḥ vidvān+mantrī
m → vān m	anusvāra / nasal	1	0.02	arthasyāsya rahasyatvāccalatvān manasastathā tvāt→rahasyatvāccalatvān +manasaḥ
k ā → g ā	consonant / other	1	0.02	ratāvasānikaṃ rāgam ativāhyāsaṃstutayor iva savrīḍayoḥ parasparam apaśyatoḥ pṛthak pṛthag ācārabhūmigamanam pṛthag+ācāra
uvnaḥ r → ūno r	visarga	1	0.02	taistaiśca bhāvaiḥ saṃyukto yūno rāgo vivardhate yūno+rāgo
ḥ c → st	visarga	1	0.02	taistaiśca bhāvaiḥ saṃyukto yūno rāgo vivardhate taiḥ+ca→taistaiśca
_ c → grāmavrajapratyantayoṣidbhiś c	consonant / other	1	0.02	grāmavrajapratyantayoṣidbhiś ca nāgarakasya _→grāmavrajapratyantayoṣidbhiś +ca
yāḥ a → ito '	visarga	1	0.02	tatra yuktito 'nunīyamānā prasādam ākāṅkṣet yuktito+'nunīyamānā
s s → t s	consonant / other	1	0.02	vidvatsaṃsadi nātyarthaṃ kathāsu paripūjyate vidvas+saṃsadi→vidvatsaṃsadi
_ g → parayoṣidbhir g	consonant / other	1	0.02	kanyābhiḥ parayoṣidbhir gaṇikābhiśca bhāvataḥ _→parayoṣidbhir +gaṇikābhiḥ
āt adhigatāyām → ato 'dhigatāyāṃ	anusvāra / nasal	1	0.02	savarṇāyām ananyapūrvāyāṃ śāstrato 'dhigatāyāṃ dharmo 'rthaḥ putrāḥ saṃbandhaḥ pakṣavṛddhir anupaskṛtā ratiśca śāstrato+'dhigatāyāṃ
adhigatāyām dh → 'dhigatāyāṃ dh	anusvāra / nasal	1	0.02	savarṇāyām ananyapūrvāyāṃ śāstrato 'dhigatāyāṃ dharmo 'rthaḥ putrāḥ saṃbandhaḥ pakṣavṛddhir anupaskṛtā ratiśca 'dhigatāyāṃ+dharmo
mbandhibhiḥ ā → ṃbandhibhir ā	visarga	1	0.02	tasmāt kanyām abhijanopetāṃ mātāpitṛmatīṃ trivarṣāt prabhṛti nyūnavayasaṃ ślāghyācāre dhanavati pakṣavati kule saṃbandhipriye saṃbandhibhir ākule prasūtāṃ prabhūtamātṛpitṛpakṣāṃ rūpaśīlalakṣaṇasampannām anyūnādhikāvinaṣṭadantanakhakarṇakeśākṣistanīm arogiprakṛtiśarīrāṃ tathāvidha eva śrutavāñ śīlayet saṃbandhibhir+ākule
ām r → īṃ r	anusvāra / nasal	1	0.02	apraśastanāmadheyāṃ ca guptāṃ dattāṃ ghonāṃ pṛṣatām ṛṣabhāṃ vinatāṃ vikaṭāṃ vimuṇḍāṃ śucidūṣitāṃ sāṃkarikīṃ rākāṃ phalīnīṃ mitrāṃ svanujām varṣakarīṃ ca varjayet sāṃkarikīṃ+rākāṃ
t → śca t	consonant / other	1	0.02	varaṇārtham upagatāṃśca bhadradarśanān pradakṣiṇavācaśca tatsaṃbandhisaṃgatān puruṣān maṅgalaiḥ pratigṛhṇīyuḥ ca→pradakṣiṇavācaśca +tad
mbandhinām c → ṃbandhināṃ c	anusvāra / nasal	1	0.02	saṃgatayostrirātram adhaḥśayyā brahmacaryaṃ kṣāralavaṇavarjam āhārastathā saptāhaṃ satūryamaṅgalasnānaṃ prasādhanaṃ sahabhojanaṃ ca prekṣā saṃbandhināṃ ca pūjanam saṃbandhināṃ+ca
_ h → kusumasadharmāṇo h	consonant / other	1	0.02	kusumasadharmāṇo hi yoṣitaḥ sukumāropakramāḥ _→kusumasadharmāṇo +hi
d ś → cch	consonant / other	1	0.02	tacchravaṇārthaṃ yat kiṃcid alpākṣarābhidheyam ajānann iva pṛcchet tad+śravaṇa→tacchravaṇārthaṃ
i → n i	vowel coalescence	1	0.02	tacchravaṇārthaṃ yat kiṃcid alpākṣarābhidheyam ajānann iva pṛcchet jānan→ajānann +iva
ā v → ī v	consonant / other	1	0.02	tasminn adhomukhī vihaset adhomukhī+vihaset
e d → ava d	consonant / other	1	0.02	ahaṃ khalu tava dantapadānyadhare kariṣyāmi stanapṛṣṭhe ca nakhapadam tava+danta
āyām t → asyāṃ t	anusvāra / nasal	1	0.02	dvitīyasyāṃ tṛtīyasyāṃ ca rātrau kiṃcid adhikaṃ viśrambhitāṃ hastena yojayet dvitīyasyāṃ+tṛtīyasyāṃ
āyām c → asyāṃ c	anusvāra / nasal	1	0.02	dvitīyasyāṃ tṛtīyasyāṃ ca rātrau kiṃcid adhikaṃ viśrambhitāṃ hastena yojayet tṛtīyasyāṃ+ca
i y → ety y	consonant / other	1	0.02	atilajjānvitety eyaṃ yastu kanyām upekṣate iti→atilajjānvitety +yaḥ
aḥ p → o p	visarga	1	0.02	so 'nabhiprāyavedīti paśuvat paribhūyate so+paśu
ṣ p → ṭ p	consonant / other	1	0.02	ākarṣakrīḍā paṭṭikākrīḍā muṣṭidyūtakṣullakādidyūtāni madhyamāṅguligrahaṇaṃ ṣaṭpāṣāṇakādīni ca deśyāni tatsātmyāt tadāptadāsaceṭikābhis tayā ca sahānukrīḍeta ṣaṣ+pāṣāṇaka→ṣaṭpāṣāṇakādīni
b → yāṃśca b	anusvāra / nasal	1	0.02	paricayāṃśca budhyeta ca→paricayāṃśca +budhyeta
y → ṇi y	consonant / other	1	0.02	krīḍanakadravyāṇi yānyapūrvāṇi yānyanyāsāṃ viralaśo vidyeraṃstānyasyā ayatnena sampādayet pūrvā→yānyapūrvāṇi +yāni
āḥ d → īr d	visarga	1	0.02	tathā sūtradārugavalagajadantamayīr duhitṛkā madhūcchiṣṭapiṣṭamṛṇmayīśca mayāḥ→sūtradārugavalagajadantamayīr +duhitṛkā
_ c → k	consonant / other	1	0.02	vardhamānānurāgaṃ cākhyānake manaḥ kurvatīm anvarthābhiḥ kathābhiścittahāriṇībhiśca rañjayet _+ca→kathābhiścittahāriṇībhiśca
mmukham t → ṃmukhaṃ t	anusvāra / nasal	1	0.02	saṃmukhaṃ taṃ tu na vīkṣate saṃmukhaṃ+taṃ
s a → s '	consonant / other	1	0.02	jalakrīḍāyāṃ taddūrato 'psu nimagnaḥ samīpam asyā gatvā spṛṣṭvā caināṃ tatraivonmajjet dūratas+'psu
tīm p → ntīṃ p	anusvāra / nasal	1	0.02	na hyetad ṛte kanyayā anyena kāryam iti gacchantīṃ punar āgamanānubandham enāṃ visṛjet gacchantīṃ+punar
t ṛ → d ṛ	consonant / other	1	0.02	na hyetad ṛte kanyayā anyena kāryam iti gacchantīṃ punar āgamanānubandham enāṃ visṛjet etat→hyetad +ṛte
ām k → īṃ k	anusvāra / nasal	1	0.02	mātā caināṃ sakhībhir dhātreyikābhiśca saha tadabhimukhīṃ kuryāt abhimukhām→tadabhimukhīṃ +kuryāt
a a → a	vowel coalescence	1	0.02	kalākauśalaprakāśane vā saṃvāhane śirasaḥ pīḍane caucityadarśanam ca+aucitya→caucityadarśanam
ā a → m a	vowel coalescence	1	0.02	tvām ajānatīm iva nāyako balād grahīṣyatīti tathā suparigṛhītaṃ syād iti yojayet tvām+a
ai e → ā e	vowel coalescence	1	0.02	tadbāndhavāśca yathā kulasyādhaṃ pariharanto daṇḍabhayācca tasmā evaināṃ dadyustathā yojayet tasmā+eva
tīm v → ntīṃ v	anusvāra / nasal	1	0.02	grāmāntaram udyānaṃ vā gacchantīṃ viditvā susaṃbhṛtasahāyo nāyakastadā rakṣiṇo vitrāsya hatvā vā kanyām apaharet gacchantīṃ+viditvā
anyat g → 'nyad g	consonant / other	1	0.02	na hyato 'nyad gṛhasthānāṃ cittagrāhakam astīti gonardīyaḥ 'nyad+gṛhasthānāṃ
s u → r u	consonant / other	1	0.02	svaraṃ bahir upaśrutya bhavanam āgacchataḥ kiṃ kṛtyam iti bruvatī sajjā bhavanamadhye tiṣṭhet bahir+upaśrutya
anyat a → 'nyad a	consonant / other	1	0.02	na hyato 'nyad apratyayakāraṇam astīti gonardīyaḥ 'nyad+apratyaya
j a → g a	consonant / other	1	0.02	nāyakamitrāṇāṃ ca sraganulepanatāmbūladānaiḥ pūjanaṃ nyāyataḥ sraj+anulepana→sraganulepanatāmbūladānaiḥ
s h → r h	consonant / other	1	0.02	śvaśrūśvaśuraparicaryā tatpāratantryam anuttaravāditā parimitāpracaṇḍālāpakaraṇam anuccair hāsaḥ anuccair+hāsaḥ
tāyām s → āyāṃ s	anusvāra / nasal	1	0.02	pravāse maṅgalamātrābharaṇā devatopavāsaparā vārtāyāṃ sthitā gṛhān avekṣeta vārtāyāṃ+sthitā
yāḥ n → er n	visarga	1	0.02	jāḍyadauḥśīlyadaurbhāgyebhyaḥ prajānutpatter ābhīkṣṇyena dārikotpatter nāyakacāpalād vā sapatnyadhivedanam utpattyāḥ→dārikotpatter +nāyaka
t ī → d ī	consonant / other	1	0.02	āgatāṃ caināṃ bhaginīvad īkṣeta vat→bhaginīvad +īkṣeta
aḥ adhikām → o 'dhikāṃ	visarga	1	0.02	yāṃ tu nāyako 'dhikāṃ cikīrṣet tāṃ bhūtapūrvasubhagayā protsāhya kalahayet nāyako+'dhikāṃ
adhikām c → 'dhikāṃ c	anusvāra / nasal	1	0.02	yāṃ tu nāyako 'dhikāṃ cikīrṣet tāṃ bhūtapūrvasubhagayā protsāhya kalahayet 'dhikāṃ+cikīrṣet
s n → r n	consonant / other	1	0.02	tat tu ślāghayā rāgeṇa vā bahir nācakṣīta bahir+na
m _ → ṃ _	anusvāra / nasal	1	0.02	tadanantaraṃ punarbhuvastathaiva paśyet anantaram→tadanantaraṃ +_
p → stathaiva p	consonant / other	1	0.02	tadanantaraṃ punarbhuvastathaiva paśyet eva→punarbhuvastathaiva +paśyet
_ b → antaḥpuracāriṇīnāṃ b	anusvāra / nasal	1	0.02	antaḥpuracāriṇīnāṃ bahir aniṣkramo bāhyānāṃ cāpraveśaḥ _→antaḥpuracāriṇīnāṃ +bahir
yāḥ l → ito l	visarga	1	0.02	tatrākṛtito lakṣaṇataśca yuvatyāḥ śīlaṃ satyaṃ śaucaṃ sādhyatāṃ caṇḍavegatāṃ ca lakṣayed ityācāryāḥ ākṛtyāḥ→tatrākṛtito +lakṣaṇāt
o a → o '	vowel coalescence	1	0.02	tathābuddhiścābhiyujyamāno 'pi na sidhyati ano+'pi
ī t → i t	consonant / other	1	0.02	sakhitvenopacarita iti ca sakhī+tvena→sakhitvenopacarita
u i → astv i	vowel coalescence	1	0.02	ayatnasādhyā yoṣitastv imāḥ tu→yoṣitastv +imāḥ
āt j → ato j	consonant / other	1	0.02	icchā svabhāvato jātā kriyayā paribṛṃhitā svabhāvato+jātā
eḥ u → yur u	visarga	1	0.02	darśane cāsyāḥ satataṃ sākāraṃ prekṣaṇaṃ keśasaṃyamanaṃ nakhāchuraṇam ābharaṇaprahlādanam adharaoṣṭhavimardanaṃ tāstāśca līlā vayasyaiḥ saha prekṣamāṇāyās tatsambaddhāḥ parāpadeśinyaśca kathāstyāgopabhogaprakāśanaṃ sakhyur utsaṅganiṣaṇṇasya sāṅgabhaṅgaṃ jṛmbhaṇam ekabhrūkṣepaṇaṃ mandavākyatā tadvākyaśravaṇaṃ tām uddiśya bālenānyajanena vā sahānyopadiṣṭā dvyarthā kathā tasyāṃ svayaṃ manorathāvedanam anyāpadeśena tām evoddiśya bālacumbanam āliṅganaṃ ca jihvayā cāsya tāmbūladānaṃ pradeśinyā hanudeśaghaṭṭanaṃ tat tad yathāyogaṃ yathāvakāśaṃ ca prayoktavyam sakhyur+utsaṅga
g → o g	consonant / other	1	0.02	tatpratidinaṃ pratikṣaṇaṃ caikadeśato gṛhṇīyāt deśāt→caikadeśato +gṛhṇīyāt
a → o a	vowel coalescence	1	0.02	kṛtaparicayāṃ darśiteṅgitākārāṃ kanyām ivopāyato 'bhiyuñjīteti upāyāt→ivopāyato +abhiyuñjīta
uvoḥ u → vor u	visarga	1	0.02	alikaikadeśam ūrvor upari pātayati ūrvor+upari
u m → ū m	consonant / other	1	0.02	ūrūmūlasaṃvāhane niyuktā na pratilomayati ūru+mūla→ūrūmūlasaṃvāhane
nyām c → ṇyāṃ c	anusvāra / nasal	1	0.02	dhīrāyām apragalbhāyāṃ parīkṣiṇyāṃ ca yoṣiti parīkṣiṇyāṃ+ca
e s → ava s	consonant / other	1	0.02	na tava subhage dāsyam api kartuṃ yukta iti brūyāt tava+subhage
ai a → ā a	vowel coalescence	1	0.02	mandavegatām īrṣyālutāṃ śaṭhatām akṛtajñatāṃ cāsaṃbhogaśīlatāṃ kadaryatāṃ capalatām anyāni ca yāni tasmin guptānyasyā abhyāśe sati sadbhāve atiśayena bhāṣeta asyai→guptānyasyā +abhyāśe
ā k → ṃ k	anusvāra / nasal	1	0.02	śṛṇu vicitram idaṃ subhage tvāṃ kila dṛṣṭvāmutrāsāv itthaṃ gotraputro nāyakaścittonmādam anubhavati tvāṃ+kila
ī e → y e	vowel coalescence	1	0.02	dūtyenāṃ darśitākārāṃ nāyakābhijñānair upabṛṃhayet dūtī+enām→dūtyenāṃ
ś → padyasveti ś	consonant / other	1	0.02	evaṃ ca pratipadyasveti śrāvayet iti→pratipadyasveti +śrāvayet
ā ī → e	vowel coalescence	1	0.02	vidhavekṣaṇikā dāsī bhikṣukī śilpakārikā vidhavā+īkṣaṇikā→vidhavekṣaṇikā
ak k → ā k	consonant / other	1	0.02	tasmād aśakyatvād garhaṇīyatvācceti na te vṛthā kiṃcid ācareyuḥ vṛthā+kiṃcid
uvnaḥ g → ūno g	visarga	1	0.02	grāmādhipater ayuktakasya halotthavṛttiputrasya yūno grāmīṇayoṣito vacanamātrasādhyāḥ yūno+grāmīṇa
_ s → vrajayoṣidbhiḥ s	consonant / other	1	0.02	tathā vrajayoṣidbhiḥ saha gavādhyakṣasya _→vrajayoṣidbhiḥ +saha
o a → avā	vowel coalescence	1	0.02	tathā vrajayoṣidbhiḥ saha gavādhyakṣasya go+adhyakṣasya→gavādhyakṣasya
k bh → g bh	consonant / other	1	0.02	tatra cāpānakānte nagarastriyo yathāparicayam antaḥpurikāṇāṃ pṛthak pṛthag bhogāvāsakān praviśya kathābhir āsitvā pūjitāḥ prapītāścopapradoṣaṃ niṣkrāmayeyuḥ pṛthag+bhoga
e r → ava r	consonant / other	1	0.02	amuṣyāṃ krīḍāyāṃ tava rājabhavanasthānāni rāmaṇīyakāni darśayiṣyāmīti kāle ca yojayet tava+rāja
s i → r i	consonant / other	1	0.02	sā ca te bhartur mahāntam anarthaṃ nivartayiṣyatīti pratipannāṃ dvistrir iti praveśayet tris→dvistrir +iti
ṇām s → nāṃ s	anusvāra / nasal	1	0.02	etayā vṛttyarthināṃ mahāmātrābhitaptānāṃ balād vigṛhītānāṃ vyavahāre durbalānāṃ svabhogenāsaṃtuṣṭānāṃ rājani prītikāmānāṃ rājyajaneṣu paṅktim icchatāṃ sajātair bādhyamānānāṃ sajātān bādhitukāmānāṃ sūcakānām anyeṣāṃ kāryavaśināṃ jāyā vyākhyātāḥ durbalānāṃ+sva
e v → a v	consonant / other	1	0.02	yasyāṃ tu prītir vāsaka ṛtuv vā tatrābhiprāyataḥ pravartanta iti prācyopacārāḥ vāsaka+vā
s ā → Ø ā	consonant / other	1	0.02	sāpasāraṃ tu pramadavanāvagāḍhaṃ vibhaktadīrghakakṣyam alpapramattarakṣakaṃ proṣitārājakaṃ kāraṇāni samīkṣya bahuśa āhūyamāno 'rthabuddhyā kakṣyāpraveśaṃ ca dṛṣṭvā tābhir eva vihitopāyaḥ praviśet bahuśa+āhūyamāno
_ c → ant	consonant / other	1	0.02	tadalābhācca śokam antaḥpraveśinībhiśca dūtīkalpaṃ sakalam ācaret _+ca→antaḥpraveśinībhiśca
mpātaḥ a → ṃpāto a	visarga	1	0.02	yatra saṃpāto 'syāstatra citrakarmaṇastad yuktasya vyarthānāṃ gītavastukānāṃ krīḍanakānāṃ kṛtacihnānām āpīnakānām aṅgulīyakasya ca nidhānam saṃpāto+asyāḥ
bh → raitad bh	consonant / other	1	0.02	tatraitad bhavati etat→tatraitad +bhavati
uvnām n → ūnāṃ n	anusvāra / nasal	1	0.02	praveśanaṃ bhavet prāyo yūnāṃ niṣkramaṇaṃ tathā yūnāṃ+niṣkramaṇaṃ
ś i → śe	consonant / other	1	0.02	saṃhatya navadaśetyekaikaṃ yuvānaṃ pracchādayanti prācyānām iti navadaś+iti→navadaśetyekaikaṃ
_ e → ebhya e	consonant / other	1	0.02	ebhya eva ca kāraṇebhyaḥ svadārān rakṣet ebhya+eva
_ c → p	consonant / other	1	0.02	paravākyābhidhāyinībhiśca gūḍhākārābhiḥ pramadābhir ātmadārān upadadhyācchaucāśaucaparijñānārtham iti bābhravīyāḥ _+ca→paravākyābhidhāyinībhiśca
eḥ ī → yur ī	visarga	1	0.02	pravāse avasthānaṃ videśe nivāsaḥ svavṛttyupaghātaḥ svairiṇīsaṃsargaḥ patyur īrṣyālutā ceti strīṇāṃ vināśakāraṇāni patyur+īrṣyālu
āt y → ato y	consonant / other	1	0.02	saṃdṛśya śāstrato yogān pāradārikalakṣitān śāstrato+yogān
s ś → ś	consonant / other	1	0.02	saṃgharṣavān saṃtatāyaḥ subhagamānī ślāghanakaḥ ṣaṇḍakaśca puṃśabdārthī puṃs+śabda→puṃśabdārthī
a v → ' v	consonant / other	1	0.02	mahākulīno viddhān sarvasamayajñaḥ kavir ākhyānakuśalo vāgmī pragalbho vividhaśilpajño vṛddhadarśī sthūlalakṣo mahotsāho dṛḍhabhaktir anasūyakastyāgī mitravatsalo ghaṭāgoṣṭhīprekṣaṇakasamājasamasyākrīḍanaśīlo nīrujo 'vyaṅgaśarīraḥ prāṇavān amadyapo vṛṣo maitraḥ strīṇāṃ praṇetā lālayitā ca a+vyaṅga→'vyaṅgaśarīraḥ
ar r → ā r	consonant / other	1	0.02	nāyikāyāḥ punā rūpayauvanalakṣaṇamādhuryayoginī guṇeṣvanuraktā na tathārtheṣu prītisaṃyogaśīlā sthiram atirekajātīyā viśeṣārthinī nityam akadaryavṛttir goṣṭhīkalāpriyā ceti punā+rūpa
c k → k k	consonant / other	1	0.02	kṣayī rogī kṛmiśakṛdvāyasāsyaḥ priyakalatraḥ paruṣavāk kadaryo nirghṛṇo gurujanaparityaktaḥ steno dambhaśīlo mūlakarmaṇi prasakto mānāpamānayor anapekṣī dveṣyair apyarthahāryo vilajja ityagamyāḥ vāc→paruṣavāk +kadaryo
v → śceti v	consonant / other	1	0.02	artho 'narthapratīghātaḥ prītiśceti vātsyāyanaḥ iti→prītiśceti +vātsyāyanaḥ
a s → s	consonant / other	1	0.02	tebhyo nāyakasya śaucāśaucaṃ rāgāparāgau saktāsaktāṃ dānādāne ca vidyāt a+saktām→saktāsaktāṃ
m d → saktāṃ d	anusvāra / nasal	1	0.02	tebhyo nāyakasya śaucāśaucaṃ rāgāparāgau saktāsaktāṃ dānādāne ca vidyāt saktām→saktāsaktāṃ +dāna
a d → d	consonant / other	1	0.02	tebhyo nāyakasya śaucāśaucaṃ rāgāparāgau saktāsaktāṃ dānādāne ca vidyāt a+dāne→dānādāne
au ś → yāṃ ś	anusvāra / nasal	1	0.02	vyavāye tadupacāreṣu vismayaś catuḥṣaṣṭyāṃ śiṣyatvaṃ tadupadiṣṭānāṃ ca yogānām ābhīkṣṇyenānuyogas tatsātmyād rahasi vṛttir manorathānām ākhyānaṃ guhyānāṃ vaikṛtapracchādanaṃ śayane parāvṛttasyānupekṣaṇam ānulomyaṃ guhyasparśane suptasya cumbanam āliṅganaṃ ca catuḥṣaṣṭyāṃ+śiṣya
a d → cā d	consonant / other	1	0.02	kopaś cādīrghaḥ a+dīrghaḥ→cādīrghaḥ
au u → yām u	vowel coalescence	1	0.02	glānyām urasi lalāṭe ca karaṃ kurvīta glānyām+urasi
ama s → e s	consonant / other	1	0.02	sa eva ca me syād ityaurdhvadehikeṣu vacanam me+syād
aḥ artheṣu → o 'rtheṣv	visarga	1	0.02	nisṛṣṭabhāvaḥ samānavṛttiḥ prayojanakārī nirāśaṅko nirapekṣo 'rtheṣv iti saktalakṣaṇāni nirapekṣo+'rtheṣv
artheṣu i → 'rtheṣv i	consonant / other	1	0.02	nisṛṣṭabhāvaḥ samānavṛttiḥ prayojanakārī nirāśaṅko nirapekṣo 'rtheṣv iti saktalakṣaṇāni 'rtheṣv+iti
t d → n d	consonant / other	1	0.02	tad etan nirdarśanārthaṃ dattakaśāsanād uktam etan+dattaka
tyaḥ a → ntyo '	visarga	1	0.02	karṣayantyo 'pi sarvārthāñ jñāyante naiva yoṣitaḥ karṣayantyo+'pi
aḥ abhyadhikam → o 'bhyadhikaṃ	visarga	1	0.02	tāsu nāyakasamakṣam ātmano 'bhyadhikaṃ lābhaṃ bhūtam abhūtaṃ vā vrīḍitā nāma varṇayet ātmano+'bhyadhikaṃ
abhyadhikam l → 'bhyadhikaṃ l	anusvāra / nasal	1	0.02	tāsu nāyakasamakṣam ātmano 'bhyadhikaṃ lābhaṃ bhūtam abhūtaṃ vā vrīḍitā nāma varṇayet 'bhyadhikaṃ+lābhaṃ
yāḥ v → to v	visarga	1	0.02	viraktaṃ ca nityam eva prakṛtivikriyāto vidyāt mukhavarṇācca vikriyāyāḥ→prakṛtivikriyāto +vidyāt
m a → m '	anusvāra / nasal	1	0.02	asāraṃ tu niṣpratipattikam upāyayo 'pavāhayet niṣpratipattikam+'pavāhayet
_ v → sakthnor v	consonant / other	1	0.02	sakthnor vyatyāsaḥ sakthnor+vyatyāsaḥ
a p → cā p	consonant / other	1	0.02	tadvyalīkānāṃ vyasanānāṃ cāparihāryāṇām anukīrtanam a+parihāryāṇām→cāparihāryāṇām
ayoḥ g → or g	visarga	1	0.02	itastataśca svayam evāpasṛtyopajapati ced ubhayor guṇān apekṣī calabuddhir asaṃdheyaḥ ubhayor+guṇān
as b → o b	consonant / other	1	0.02	sa ced anyato bahulabhamānayā niṣkāsitaḥ syāt sasāro 'pi tayā roṣito mamāmarṣād bahu dāsyatīti saṃdheyaḥ anyato+bahu
v → tato v	consonant / other	1	0.02	viśeṣārthī cāgatastato viśeṣam apaśyann āgantukāmo māṃ jijñāsitukāmaḥ sa āgatya sānurāgatvād dāsyati tatas→cāgatastato +viśeṣam
aḥ anyasyām → o 'nyasyāṃ	visarga	1	0.02	mama guṇair bhāvito yo 'nyasyāṃ na ramate yo+'nyasyāṃ
anyasyām n → 'nyasyāṃ n	anusvāra / nasal	1	0.02	mama guṇair bhāvito yo 'nyasyāṃ na ramate 'nyasyāṃ+na
yāḥ g → ito g	visarga	1	0.02	yat tatra sāmyād vā dravyasāmye mitravākyād atipātitvād āyatito gamyaguṇataḥ prītitaśca viśeṣaḥ āyatito+gamya
_ p → tyāgiprayojanakartroḥ p	consonant / other	1	0.02	tyāgiprayojanakartroḥ prayojanakartari viśeṣaḥ pratyakṣa ityācāryāḥ _→tyāgiprayojanakartroḥ +prayojana
ḥ ṛ → Ø ṛ	visarga	1	0.02	prāyeṇa hi tejasvina ṛjavo 'nādṛtāśca tyāgino bhavanti tejasvina+ṛjavo
āt v → ato v	consonant / other	1	0.02	gamyam anyato nivārayitukāmā saktam anyasyām apahartukāmā vā anyāṃ vā lābhato viyuyukṣamāṇāgamyasaṃsargād ātmanaḥ sthānaṃ vṛddhim āyatim abhigamyatāṃ ca manyamānā anarthapratīkāre vā sāhāyam enaṃ kārayitukāmā saktasya vā anyasya vyalīkārthinī pūrvopakāram akṛtam iva paśyantī kevala prītyarthinī vā kalyāṇabuddher alpam api lābhaṃ pratigṛhṇīyāt lābhato+viyuyukṣamāṇā
aḥ adharmaḥ → o 'dharmo	visarga	1	0.02	anartho 'dharmo dveṣa ityanarthatrivargaḥ anartho+'dharmo
adharmaḥ d → 'dharmo d	visarga	1	0.02	anartho 'dharmo dveṣa ityanarthatrivargaḥ 'dharmo+dveṣa
arthaḥ a → 'rtho a	visarga	1	0.02	yasyottamasyābhigamane pratyakṣato 'rthalābho grahaṇīyatvam āyatir āgamaḥ prārthanīyatvaṃ cānyeṣāṃ syāt so 'rtho 'rthānubandhaḥ 'rtho+artha
arthaḥ n → 'rtho n	visarga	1	0.02	lābhamātre kasyacid anyasya gamanaṃ so 'rtho niranubandhaḥ 'rtho+niranubandhaḥ
anarthaḥ n → 'nartho n	visarga	1	0.02	kadaryasya subhagamāninaḥ kṛtaghnasya vātisaṃdhānaśīlasya svair api vyayaistathārādhanam ante niṣphalaṃ so 'nartho niranubandhaḥ 'nartho+niranubandhaḥ
tyāḥ a → ntyā a	visarga	1	0.02	niṣpīḍitārtham aphalam utsṛjantyā artham alabhamānāyā dharmaḥ syān na veti dharmasaṃśayaḥ utsṛjantyā+artham
ḥ anartham → ḥ 'narthaṃ	visarga	1	0.02	prabhāvavān kṣudro 'nabhimato 'narthaṃ kariṣyati na vetyanarthasaṃśayaḥ abhimataḥ+'narthaṃ
anartham k → 'narthaṃ k	anusvāra / nasal	1	0.02	prabhāvavān kṣudro 'nabhimato 'narthaṃ kariṣyati na vetyanarthasaṃśayaḥ 'narthaṃ+kariṣyati
aḥ anarthaḥ → o 'nartha	visarga	1	0.02	āgantor aviditaśīlasya vallabhasaṃśrayasya prabhaviṣṇor vā samupasthitasyārādhanam artho 'nartha iti saṃśayaḥ artho+'nartha
anarthaḥ i → 'nartha i	visarga	1	0.02	āgantor aviditaśīlasya vallabhasaṃśrayasya prabhaviṣṇor vā samupasthitasyārādhanam artho 'nartha iti saṃśayaḥ 'nartha+iti
aḥ adharmaḥ → o 'dharma	visarga	1	0.02	śrotriyasya brahmacāriṇo dīkṣitasya vratino liṅgino vā māṃ dṛṣṭvā jātarāgasya mumūrṣor mitravākyād ānṛśaṃsyācca gamanaṃ dharmo 'dharma iti saṃśayaḥ dharmo+'dharma
adharmaḥ i → 'dharma i	visarga	1	0.02	śrotriyasya brahmacāriṇo dīkṣitasya vratino liṅgino vā māṃ dṛṣṭvā jātarāgasya mumūrṣor mitravākyād ānṛśaṃsyācca gamanaṃ dharmo 'dharma iti saṃśayaḥ 'dharma+iti
ḥ a → Ø '	visarga	1	0.02	yatra parasyābhigamane arthaḥ saktācca saṃgharṣataḥ sa ubhayayo 'rthaḥ sa+'rthaḥ
as arthaḥ → o 'rtho	visarga	1	0.02	eteṣām eva vyatikare anyato 'rtho 'nyato 'nartho 'nyato 'rtho 'nyato 'rthasaṃśayo 'nyato 'rtho 'nyato 'narthasaṃśaya iti ṣaṭsaṃkīrṇayogāḥ anyato+'rtho
anyatas anarthaḥ → 'nyato 'nartho	visarga	1	0.02	eteṣām eva vyatikare anyato 'rtho 'nyato 'nartho 'nyato 'rtho 'nyato 'rthasaṃśayo 'nyato 'rtho 'nyato 'narthasaṃśaya iti ṣaṭsaṃkīrṇayogāḥ 'nyato+'nartho
anarthaḥ anyatas → 'nartho 'nyato	visarga	1	0.02	eteṣām eva vyatikare anyato 'rtho 'nyato 'nartho 'nyato 'rtho 'nyato 'rthasaṃśayo 'nyato 'rtho 'nyato 'narthasaṃśaya iti ṣaṭsaṃkīrṇayogāḥ 'nartho+'nyato
ḥ anyatas → ḥ 'nyato	visarga	1	0.02	eteṣām eva vyatikare anyato 'rtho 'nyato 'nartho 'nyato 'rtho 'nyato 'rthasaṃśayo 'nyato 'rtho 'nyato 'narthasaṃśaya iti ṣaṭsaṃkīrṇayogāḥ saṃśayaḥ+'nyato
ṣ s → ṭ s	consonant / other	1	0.02	eteṣām eva vyatikare anyato 'rtho 'nyato 'nartho 'nyato 'rtho 'nyato 'rthasaṃśayo 'nyato 'rtho 'nyato 'narthasaṃśaya iti ṣaṭsaṃkīrṇayogāḥ ṣaṣ+saṃkīrṇa→ṣaṭsaṃkīrṇayogāḥ
ama i → e i	consonant / other	1	0.02	suvasantakādiṣu ca yoge yo me imam amuṃ ca saṃpādayiṣyati tasyādya gamiṣyati me duhiteti mātrā vācayet me+imam
ama d → e d	consonant / other	1	0.02	suvasantakādiṣu ca yoge yo me imam amuṃ ca saṃpādayiṣyati tasyādya gamiṣyati me duhiteti mātrā vācayet me+duhitrī
as anarthaḥ → o 'nartho	visarga	1	0.02	ekato 'rthaḥ sarvato 'rthaḥ ekato 'narthaḥ sarvato 'nartho 'rdhato 'rthaḥ sarvato 'rthaḥ ardhato 'narthaḥ sarvato 'narthaḥ sarvato+'nartho
anarthaḥ ardhāt → 'nartho 'rdhato	visarga	1	0.02	ekato 'rthaḥ sarvato 'rthaḥ ekato 'narthaḥ sarvato 'nartho 'rdhato 'rthaḥ sarvato 'rthaḥ ardhato 'narthaḥ sarvato 'narthaḥ 'nartho+'rdhato
ardhāt a → 'rdhato '	consonant / other	1	0.02	ekato 'rthaḥ sarvato 'rthaḥ ekato 'narthaḥ sarvato 'nartho 'rdhato 'rthaḥ sarvato 'rthaḥ ardhato 'narthaḥ sarvato 'narthaḥ 'rdhato+'rthaḥ
rīm t → araṃ t	anusvāra / nasal	1	0.02	gaṇikā prāptayauvanāṃ svāṃ duhitaraṃ tasyā vijñānaśīlarūpānurūpyeṇa tān abhinimantrya sāreṇa yo 'syai idam idaṃ ca dadyāt sa pāṇiṃ gṛhṇīyād iti saṃsādhya rakṣayed iti duhitaraṃ+tasyā
yai e → e e	consonant / other	1	0.02	tat tāvad artham alabhamānā tu svenāpyekadeśena duhitre etad dattam aneneti khyāpayet duhitre+etad
ṣ m → ṇ m	consonant / other	1	0.02	gandharvakāntam anulepanaṃ vaśīkaraṇaṃ cetyācakṣate priyaṃgavastagaramiśrāḥ sahakāratailadigdhā nāgakesaravṛkṣam utkīrya ṣaṇmāsanihitā nāgakāntam anulepanaṃ vaśīkaraṇam ityācakṣate ṣaṣ+māsa→ṣaṇmāsanihitā
ṣ a → ḍ a	consonant / other	1	0.02	sarpiṣo madhunaḥ śarkarāyā madhukasya ca dve dve pale madhurasāyāḥ karṣaḥ prasthaṃ payasa iti ṣaḍaṅgam amṛtaṃ medhyaṃ vṛṣyam āyuṣyaṃ yuktarasam ity ācakṣate ṣaṣ+aṅgam→ṣaḍaṅgam
ṣu ā → bhir ā	consonant / other	1	0.02	tadabhāve alābūnālakaṃ veṇuśca tailakaṣāyaiḥ subhāvitaḥ sūtrajaṅghābaddhaḥ ślakṣṇā kāṣṭhamālāl vā grathitā bahubhir āmalakāsthibhiḥ saṃyuktetyapaviddhayogāḥ bahubhir+āmalaka
k → aḥ k	consonant / other	1	0.02	vṛttam ekato vṛttam udūkhalakaṃ kusumakaṃ kaṇṭakitaṃ kaṅkāsthigajaprahārikam aṣṭamaṇḍalikaṃ bhramarakaṃ śṛṅgāṭakam anyāni vopāyataḥ karmataśca bahukarmasahatā caiṣāṃ mṛdukarkaśatā yathā sātmyam iti naṣṭarāgapratyānayanam upāyāt→vopāyataḥ +karmaṇaḥ
a ph → ā ph	consonant / other	1	0.02	snuhīsomārkakṣīrair avalgujāphalair bhāvitānyāmalakāni keśānāṃ śvetīkaraṇam avalguja+phalaiḥ→avalgujāphalair
ḥ abhyavahāraḥ → ḥ 'bhyavahāra	visarga	1	0.02	dhattūraphalayukto 'bhyavahāra unmādakaraḥ yuktaḥ+'bhyavahāra
abhyavahāraḥ u → 'bhyavahāra u	visarga	1	0.02	dhattūraphalayukto 'bhyavahāra unmādakaraḥ 'bhyavahāra+unmāda
ḥ dh → n dh	visarga	1	0.02	tad etat kuśalo vidvān dharmārthāvavalokayan vidvān+dharma
