root	preverb	sense	gita_count	prefixus_forms	prefixus_sample_form	class_freqs	sources
abhavastṛ						9:1	classfreq
abhibandh						9:1	classfreq
abhibhañj						7:1	classfreq
abhibhā						2:2	classfreq
abhibhāṣ						1:264	classfreq
abhibhū						1:407	classfreq
abhibhūṣay						10:1	classfreq
abhibādh						1:1	classfreq
abhicakṣ						2:16	classfreq
abhicar						1:34	classfreq
abhicchāday						10:3	classfreq
abhicintay						10:15	classfreq
abhicoday						10:37	classfreq
abhicumb						1:1	classfreq
abhidah						1:2	classfreq
abhidarśay						10:3	classfreq
abhidaṁś						1:5	classfreq
abhidharṣay						10:1	classfreq
abhidheyīkṛ						8:1	classfreq
abhidhi						5:1	classfreq
abhidhvaṁs						1:1	classfreq
abhidhyai						2:48	classfreq
abhidhā						3:959	classfreq
abhidhāray						10:2	classfreq
abhidhāv						1:268	classfreq
abhidhṛ						1:1	classfreq
abhidhṛṣ						5:1	classfreq
abhidih						2:1	classfreq
abhidiś						6:1	classfreq
abhidru						1:475	classfreq
abhidruh						6:14	classfreq
abhidrāvay						10:2	classfreq
abhidu						5:1	classfreq
abhiduh						2:2	classfreq
abhidyotay						10:3	classfreq
abhidā						3:4	classfreq
abhidāpay						10:1	classfreq
abhidāray						10:1	classfreq
abhidās						1:41	classfreq
abhidīkṣ						1:3	classfreq
abhidīpay						10:2	classfreq
abhidūṣay						10:2	classfreq
abhidṛś						6:11	classfreq
abhigad						1:1	classfreq
abhigam						1:532	classfreq
abhigamay						10:4	classfreq
abhigarj						1:28	classfreq
abhigarv						1:1	classfreq
abhighrā						1:14	classfreq
abhighāray						10:41	classfreq
abhighātay						10:7	classfreq
abhigrah						9:16	classfreq
abhigras						1:1	classfreq
abhigrāhay						10:1	classfreq
abhigup						1:25	classfreq
abhigur						6:2	classfreq
abhigā						3:72|4:13	classfreq
abhigṛ						9:4	classfreq
abhigṛdh						9:1	classfreq
abhihan						4:489	classfreq
abhihary						1:1	classfreq
abhiharṣay						10:8	classfreq
abhiheṣ						1:1	classfreq
abhihiṁs						7:1	classfreq
abhihiṅkṛ						5:5	classfreq
abhihu						3:26	classfreq
abhihve						4:3	classfreq
abhihā						3:1	classfreq
abhihāray						10:11	classfreq
abhihṛ						2:13	classfreq
abhihṛṣ						4:1	classfreq
abhijalp						1:6	classfreq
abhijan						4:129	classfreq
abhijap						1:7	classfreq
abhiji						1:17	classfreq
abhijuṣ						6:4	classfreq
abhijval						1:3	classfreq
abhijñā						9:204	classfreq
abhikalpay						10:2	classfreq
abhikamp						1:4	classfreq
abhikampay						10:1	classfreq
abhikarśay						10:1	classfreq
abhikhan						1:1	classfreq
abhikhyā						2:7	classfreq
abhikhyāpay						10:4	classfreq
abhikram						1:62	classfreq
abhikramay						10:1	classfreq
abhikrand						1:7	classfreq
abhikrudh						4:32	classfreq
abhikruś						1:6	classfreq
abhikrāmay						10:1	classfreq
abhikrī						9:1	classfreq
abhikuṣ						9:1	classfreq
abhikāmay						10:18	classfreq
abhikāṅkṣ						1:53	classfreq
abhikīrṇīkṛ						8:1	classfreq
abhikṛ						6:9|8:1	classfreq
abhikṛt						6:3	classfreq
abhikṛṣ						1:2	classfreq
abhikṣan						8:1	classfreq
abhikṣar						1:9	classfreq
abhikṣip						6:4	classfreq
abhikﾱp						1:3	classfreq
abhilabh						1:4	classfreq
abhilakṣ						1:9	classfreq
abhilakṣay						10:9	classfreq
abhilap						1:12	classfreq
abhilaṅghay						10:6	classfreq
abhilaṣ						4:113	classfreq
abhilekhay						10:2	classfreq
abhilepay						10:1	classfreq
abhilikh						6:10	classfreq
abhiliṅg						1:1	classfreq
abhilobhay						10:2	classfreq
abhilul						1:1	classfreq
abhilup						6:1	classfreq
abhilāṣībhū						1:1	classfreq
abhilī						4:5	classfreq
abhimad						1:2	classfreq
abhiman						4:223	classfreq
abhimanth						9:9	classfreq
abhimarday						10:1	classfreq
abhimarśay						10:1	classfreq
abhimarṣay						10:1	classfreq
abhimih						1:1	classfreq
abhimlā						4:1	classfreq
abhimohay						10:1	classfreq
abhimuc						6:2	classfreq
abhimuh						4:1	classfreq
abhimukhībhū						1:10	classfreq
abhimukhīkṛ						8:1	classfreq
abhimānay						10:2	classfreq
abhimūrch						1:7	classfreq
abhimṛ						1:3	classfreq
abhimṛd						9:1	classfreq
abhimṛś						6:67	classfreq
abhinad						1:6	classfreq
abhinah						4:2	classfreq
abhinakṣ						1:3	classfreq
abhinam						1:3	classfreq
abhinand						1:333	classfreq
abhinanday						10:9	classfreq
abhinard						1:8	classfreq
abhinarday						10:1	classfreq
abhinidhyai						4:1	classfreq
abhinidhā						3:8	classfreq
abhinihan						4:10	classfreq
abhinikūj						1:1	classfreq
abhinimruc						1:3	classfreq
abhinind						1:2	classfreq
abhinipad						4:1	classfreq
abhinipat						1:2	classfreq
abhinipīḍay						10:6	classfreq
abhiniras						4:1	classfreq
abhinirbharts						1:1	classfreq
abhinirbhid						7:3	classfreq
abhinirdiś						6:15	classfreq
abhinirgam						1:4	classfreq
abhinirhṛ						2:12	classfreq
abhinirji						2:9	classfreq
abhinirmi						5:1	classfreq
abhinirmuc						6:5	classfreq
abhinirmā						3:27	classfreq
abhinirvad						1:1	classfreq
abhinirvap						1:2	classfreq
abhinirvartay						10:33	classfreq
abhinirvṛt						1:62	classfreq
abhiniryā						2:23	classfreq
abhinirīkṣ						4:2	classfreq
abhinirṇud						6:1	classfreq
abhinisṛ						3:1	classfreq
abhinivartay						10:1	classfreq
abhiniveday						10:1	classfreq
abhiniveśay						10:5	classfreq
abhiniviś						6:59	classfreq
abhinivāsay						10:1	classfreq
abhinivṛt						1:5	classfreq
abhiniyojay						10:1	classfreq
abhiniḥsṛ						1:13	classfreq
abhiniḥśvas						2:4	classfreq
abhiniṣad						1:3	classfreq
abhiniṣañj						1:1	classfreq
abhiniṣic						6:2	classfreq
abhiniṣkram						1:55	classfreq
abhiniṣkrāmay						10:1	classfreq
abhiniṣkṛ						8:1	classfreq
abhiniṣpad						4:11	classfreq
abhiniṣpat						1:3	classfreq
abhiniṣpū						9:1	classfreq
abhinoday						10:1	classfreq
abhinud						6:1	classfreq
abhinyas						4:2	classfreq
abhināday						10:8	classfreq
abhinī						1:31	classfreq
abhipac						1:1	classfreq
abhipad						4:173	classfreq
abhipariglā						4:1	classfreq
abhipariplu						1:23	classfreq
abhiparistṛ						9:1	classfreq
abhiparivāray						10:1	classfreq
abhipariṣkṛ						8:1	classfreq
abhipariṣvañj						1:1	classfreq
abhiparyukṣ						6:1	classfreq
abhiparyāsic						6:2	classfreq
abhiparyāvṛt						1:1	classfreq
abhiparī						2:17	classfreq
abhipat						1:174	classfreq
abhipaś						4:11	classfreq
abhipaṭh						1:2	classfreq
abhipiṣ						7:1	classfreq
abhiplu						1:29	classfreq
abhiplāvay						10:3	classfreq
abhipracakṣ						2:1	classfreq
abhiprach						6:7	classfreq
abhipracoday						10:7	classfreq
abhipradhāv						1:1	classfreq
abhipradūṣay						10:1	classfreq
abhipradṛ						2:1	classfreq
abhipragrah						9:1	classfreq
abhiprahan						2:2	classfreq
abhiprahi						5:1	classfreq
abhiprajan						4:2	classfreq
abhiprajval						1:2	classfreq
abhiprajñā						9:1	classfreq
abhiprakamp						1:1	classfreq
abhiprakram						1:3	classfreq
abhiprakṛ						6:4	classfreq
abhipralamb						1:6	classfreq
abhipralambay						10:1	classfreq
abhipraman						8:1	classfreq
abhipramand						1:1	classfreq
abhipramanthay						10:1	classfreq
abhipranṛt						4:1	classfreq
abhiprapac						1:1	classfreq
abhiprapad						4:19	classfreq
abhiprapīḍay						10:2	classfreq
abhiprapūjay						10:1	classfreq
abhiprapūray						10:1	classfreq
abhipraruh						1:1	classfreq
abhiprasad						1:40	classfreq
abhiprasah						1:1	classfreq
abhiprasthā						1:6	classfreq
abhiprasthāpay						10:3	classfreq
abhiprasvap						2:1	classfreq
abhiprasāday						10:36	classfreq
abhiprasāray						10:6	classfreq
abhiprasū						2:1	classfreq
abhipratan						8:1	classfreq
abhipratap						4:3	classfreq
abhipratarpay						10:1	classfreq
abhiprathay						10:1	classfreq
abhipratipad						4:4	classfreq
abhipratipāday						10:1	classfreq
abhipratī						2:2	classfreq
abhipravardhay						10:5	classfreq
abhipravartay						10:2	classfreq
abhipraviś						6:1	classfreq
abhipravraj						1:3	classfreq
abhipravāday						10:1	classfreq
abhipravṛdh						1:6	classfreq
abhipravṛt						1:13	classfreq
abhipravṛṣ						1:8	classfreq
abhiprayā						2:13	classfreq
abhipraśaṁs						1:10	classfreq
abhipraśodhay						10:1	classfreq
abhipraśāmay						10:1	classfreq
abhipraṇam						1:21	classfreq
abhipraṇud						6:1	classfreq
abhipre						2:146	classfreq
abhiprekṣ						1:82	classfreq
abhipreray						10:2	classfreq
abhipreṣay						10:1	classfreq
abhiprāp						5:2	classfreq
abhiprāṇ						1:5	classfreq
abhiprīṇay						10:2	classfreq
abhipuṣ						9:1	classfreq
abhipā						2:7	classfreq
abhipālay						10:15	classfreq
abhipātay						10:7	classfreq
abhipīḍay						10:40	classfreq
abhipūjay						10:191	classfreq
abhipūray						10:13	classfreq
abhipṛ						9:6	classfreq
abhirakṣ						1:139	classfreq
abhiram						1:93	classfreq
abhiramay						10:5	classfreq
abhirañj						4:6	classfreq
abhirañjay						10:2	classfreq
abhiribh						1:1	classfreq
abhiriṣ						6:1	classfreq
abhirocay						10:12	classfreq
abhiropay						10:3	classfreq
abhiru						2:15	classfreq
abhiruc						1:9	classfreq
abhirud						6:1	classfreq
abhirudh						7:1	classfreq
abhiruh						6:42	classfreq
abhirādhay						10:2	classfreq
abhirāj						1:2	classfreq
abhirāmay						10:2	classfreq
abhisamas						4:2	classfreq
abhisambandh						9:15	classfreq
abhisambhū						1:13	classfreq
abhisame						2:6	classfreq
abhisami						2:6	classfreq
abhisamindh						1:3	classfreq
abhisamman						4:2	classfreq
abhisampad						4:14	classfreq
abhisampat						1:4	classfreq
abhisamplu						1:4	classfreq
abhisamprapad						4:1	classfreq
abhisampravartay						10:1	classfreq
abhisamprayā						2:1	classfreq
abhisamprekṣ						1:16	classfreq
abhisamprāp						5:5	classfreq
abhisampūjay						10:10	classfreq
abhisamubj						6:1	classfreq
abhisamujh						6:1	classfreq
abhisamādhā						3:1	classfreq
abhisamāgam						1:3	classfreq
abhisamāhṛ						1:1	classfreq
abhisamāsic						6:1	classfreq
abhisamāsāday						10:1	classfreq
abhisamāvṛt						1:6	classfreq
abhisamāyā						2:1	classfreq
abhisamīkṣ						1:53	classfreq
abhisamīray						10:5	classfreq
abhisamūh						1:1	classfreq
abhisarjay						10:1	classfreq
abhisatkṛ						8:12	classfreq
abhisaṁbhañj						7:1	classfreq
abhisaṁbhṛ						3:1	classfreq
abhisaṁbudh						4:101	classfreq
abhisaṁcar						1:1	classfreq
abhisaṁchad						1:1	classfreq
abhisaṁcintay						10:1	classfreq
abhisaṁdarśay						10:1	classfreq
abhisaṁdhā						3:67	classfreq
abhisaṁdih						6:1	classfreq
abhisaṁgam						1:7	classfreq
abhisaṁgrah						9:2	classfreq
abhisaṁgup						1:2	classfreq
abhisaṁhan						2:2	classfreq
abhisaṁhṛṣ						4:1	classfreq
abhisaṁjvar						1:1	classfreq
abhisaṁkhyā						2:1	classfreq
abhisaṁkram						6:6	classfreq
abhisaṁkrudh						4:14	classfreq
abhisaṁkruś						1:1	classfreq
abhisaṁkṛ						6:1	classfreq
abhisaṁkṣip						6:13	classfreq
abhisaṁmad						4:1	classfreq
abhisaṁmuh						4:1	classfreq
abhisaṁnah						4:1	classfreq
abhisaṁnam						1:2	classfreq
abhisaṁnī						1:1	classfreq
abhisaṁprasthā						1:11	classfreq
abhisaṁpāday						10:3	classfreq
abhisaṁrabh						1:9	classfreq
abhisaṁrañj						6:1	classfreq
abhisaṁrudh						7:1	classfreq
abhisaṁskṛ						8:25	classfreq
abhisaṁsmṛ						1:1	classfreq
abhisaṁspṛś						6:1	classfreq
abhisaṁstambh						9:1	classfreq
abhisaṁsthā						1:1	classfreq
abhisaṁsthāpay						10:2	classfreq
abhisaṁstu						2:2	classfreq
abhisaṁsvañj						1:1	classfreq
abhisaṁsīv						4:1	classfreq
abhisaṁsṛj						6:1	classfreq
abhisaṁtan						8:2	classfreq
abhisaṁtap						1:53	classfreq
abhisaṁtras						4:1	classfreq
abhisaṁtyaj						1:3	classfreq
abhisaṁtṛ						1:1	classfreq
abhisaṁvas						2:1	classfreq
abhisaṁveṣṭ						1:1	classfreq
abhisaṁviś						6:17	classfreq
abhisaṁvyadh						4:1	classfreq
abhisaṁvṛ						5:66	classfreq
abhisaṁvṛdh						1:2	classfreq
abhisaṁyam						1:2	classfreq
abhisaṁyat						1:1	classfreq
abhisaṁyuj						7:6	classfreq
abhisaṁyā						2:1	classfreq
abhisaṁśliṣ						4:2	classfreq
abhisaṁśri						1:15	classfreq
abhisev						1:3	classfreq
abhisidh						4:7	classfreq
abhiskand						1:1	classfreq
abhismi						1:1	classfreq
abhispṛś						6:5	classfreq
abhisru						1:2	classfreq
abhistṛ						5:1	classfreq
abhisvar						1:2	classfreq
abhisāray						10:3	classfreq
abhisṛ						3:47	classfreq
abhisṛj						6:12	classfreq
abhisṛp						1:6	classfreq
abhitap						4:137	classfreq
abhitarjay						10:4	classfreq
abhitarpay						10:3	classfreq
abhitoṣay						10:1	classfreq
abhitsar						1:1	classfreq
abhitud						6:2	classfreq
abhituṣ						4:3	classfreq
abhitvar						1:8	classfreq
abhitvaray						10:1	classfreq
abhityaj						1:2	classfreq
abhitāpay						10:9	classfreq
abhitāḍay						10:19	classfreq
abhitṛ						1:1	classfreq
abhitṛd						7:4	classfreq
abhitṛp						4:3	classfreq
abhivac						3:34	classfreq
abhivad						1:144	classfreq
abhivadh						1:1	classfreq
abhivah						1:13	classfreq
abhivalg						1:2	classfreq
abhivan						8:2	classfreq
abhivand						1:59	classfreq
abhivanday						10:1	classfreq
abhivap						1:2	classfreq
abhivardhay						10:32	classfreq
abhivarjay						10:2	classfreq
abhivartay						10:3	classfreq
abhivarṣay						10:3	classfreq
abhiveday						10:2	classfreq
abhiveśay						10:1	classfreq
abhiveṣṭay						10:12	classfreq
abhivibhaj						1:1	classfreq
abhivicar						1:1	classfreq
abhivicintay						10:1	classfreq
abhivid						6:4	classfreq
abhividru						1:2	classfreq
abhividīpay						10:2	classfreq
abhividṛ						4:1	classfreq
abhivigāh						1:1	classfreq
abhivihā						3:1	classfreq
abhivihṛ						1:1	classfreq
abhivijval						1:1	classfreq
abhivijñapay						10:1	classfreq
abhivijñā						9:2	classfreq
abhivikhyā						2:26	classfreq
abhivikṣip						6:1	classfreq
abhivilī						10:1	classfreq
abhivimarday						10:1	classfreq
abhiviniḥsṛ						3:1	classfreq
abhivinoday						10:1	classfreq
abhivinyas						4:1	classfreq
abhivinī						1:14	classfreq
abhiviruc						1:3	classfreq
abhivirāj						1:14	classfreq
abhivistṛ						9:1	classfreq
abhivisṛj						6:5	classfreq
abhivivas						6:1	classfreq
abhiviś						6:3	classfreq
abhiviśram						4:2	classfreq
abhiviśru						5:17	classfreq
abhiviśvas						2:3	classfreq
abhiviśvāsay						10:2	classfreq
abhiviśṛ						9:1	classfreq
abhiviṣañj						1:1	classfreq
abhiviṣyand						1:1	classfreq
abhivlag						1:2	classfreq
abhivraj						1:8	classfreq
abhivyadh						4:24	classfreq
abhivyañj						7:63	classfreq
abhivyañjay						10:2	classfreq
abhivyādā						3:1	classfreq
abhivyāhāray						10:2	classfreq
abhivyāhṛ						1:20	classfreq
abhivyākhyā						4:2	classfreq
abhivyāp						5:7	classfreq
abhivā						2:5	classfreq
abhivāday						10:450	classfreq
abhivāray						10:11	classfreq
abhivāñch						1:28	classfreq
abhivāś						4:2	classfreq
abhivī						2:1	classfreq
abhivījay						10:1	classfreq
abhivīkṣ						1:81	classfreq
abhivṛ						5:12|9:6	classfreq
abhivṛdh						1:57	classfreq
abhivṛt						1:218	classfreq
abhivṛṣ						1:128	classfreq
abhiyaj						1:7	classfreq
abhiyam						6:1	classfreq
abhiyojay						10:7	classfreq
abhiyudh						4:5	classfreq
abhiyuj						7:160	classfreq
abhiyā						2:260	classfreq
abhiyāc						1:19	classfreq
abhiśap						1:16	classfreq
abhiśaṁs						1:60	classfreq
abhiśaṅk						1:11	classfreq
abhiścotay						10:1	classfreq
abhiśikṣay						10:1	classfreq
abhiśobhay						10:4	classfreq
abhiśodhay						10:1	classfreq
abhiśraddhā						3:47	classfreq
abhiśram						4:18	classfreq
abhiśri						1:1	classfreq
abhiśru						5:6	classfreq
abhiśrāvay						10:1	classfreq
abhiśrī						9:1	classfreq
abhiśubh						1:2	classfreq
abhiśuc						1:2	classfreq
abhiśvas						2:1	classfreq
abhiśāpay						10:2	classfreq
abhiśās						2:2	classfreq
abhiṣah						1:1	classfreq
abhiṣan						8:1	classfreq
abhiṣañj						1:11	classfreq
abhiṣecay						10:83	classfreq
abhiṣekay						10:6	classfreq
abhiṣic						4:479	classfreq
abhiṣidh						1:2	classfreq
abhiṣu						5:29	classfreq
abhiṣvaj						1:3	classfreq
abhiṣyand						1:8	classfreq
abhiṣyanday						10:2	classfreq
abhiṣū						4:3	classfreq
abhiṣūday						10:2	classfreq
abhiṣṭan						1:3	classfreq
abhiṣṭhā						1:11	classfreq
abhiṣṭu						5:100	classfreq
abhyah						1:2	classfreq
abhyaj						1:1	classfreq
abhyalaṁkṛ						8:2	classfreq
abhyan						2:3	classfreq
abhyantarīkṛ						8:3	classfreq
abhyanugam						1:1	classfreq
abhyanujñā						9:182	classfreq
abhyanujñāpay						10:11	classfreq
abhyanuman						8:1	classfreq
abhyanumoday						10:1	classfreq
abhyanunī						1:1	classfreq
abhyanuvac						3:6	classfreq
abhyanuvartay						10:1	classfreq
abhyanuveṣṭ						1:1	classfreq
abhyanuśās						2:1	classfreq
abhyapakram						1:1	classfreq
abhyapān						1:2	classfreq
abhyarc						1:190	classfreq
abhyarcay						10:87	classfreq
abhyarday						10:22	classfreq
abhyarh						1:2	classfreq
abhyas						1:256|2:1	classfreq
abhyatidru						1:2	classfreq
abhyatihṛ						2:1	classfreq
abhyatikram						1:18	classfreq
abhyatiric						7:5	classfreq
abhyatisṛj						6:7	classfreq
abhyativad						1:4	classfreq
abhyativṛt						1:1	classfreq
abhyatyṛj						1:1	classfreq
abhyatī						2:14	classfreq
abhyavacāray						10:1	classfreq
abhyavadah						1:1	classfreq
abhyavadhā						3:1	classfreq
abhyavagāh						1:1	classfreq
abhyavahāray						10:5	classfreq
abhyavahṛ						1:43	classfreq
abhyavakṛ						6:20	classfreq
abhyavaman						4:2	classfreq
abhyavanij						3:7	classfreq
abhyavanāmay						10:1	classfreq
abhyavanī						1:1	classfreq
abhyavapad						4:15	classfreq
abhyavapat						1:3	classfreq
abhyavaskand						1:3	classfreq
abhyavasṛ						3:1	classfreq
abhyavasṛj						6:4	classfreq
abhyave						2:4	classfreq
abhyavekṣ						4:7	classfreq
abhyañj						7:188	classfreq
abhyañjay						10:2	classfreq
abhyaś						5:3	classfreq
abhye						2:240	classfreq
abhyucchri						1:9	classfreq
abhyudavasā						6:2	classfreq
abhyuddhṛ						1:20	classfreq
abhyudgam						1:47	classfreq
abhyudgṛ						9:1	classfreq
abhyudi						2:70	classfreq
abhyudyam						1:46	classfreq
abhyudyā						2:13	classfreq
abhyudānī						1:1	classfreq
abhyudīkṣ						1:7	classfreq
abhyudīr						2:4	classfreq
abhyudīray						10:2	classfreq
abhyujjīv						1:2	classfreq
abhyukṣ						6:68	classfreq
abhyukṣay						10:3	classfreq
abhyullas						1:1	classfreq
abhyund						7:5	classfreq
abhyunnam						1:5	classfreq
abhyunnamay						10:3	classfreq
abhyunnī						1:1	classfreq
abhyupadhāv						1:1	classfreq
abhyupadiś						6:1	classfreq
abhyupagam						1:72	classfreq
abhyupagamay						10:2	classfreq
abhyupapad						4:8	classfreq
abhyupasthā						1:3	classfreq
abhyupaviś						6:1	classfreq
abhyupayā						2:5	classfreq
abhyupaśam						4:1	classfreq
abhyupe						2:155	classfreq
abhyupekṣ						1:3	classfreq
abhyupāgam						1:11	classfreq
abhyupāhṛ						1:2	classfreq
abhyupākṛ						8:1	classfreq
abhyupās						4:1	classfreq
abhyupāvṛt						1:1	classfreq
abhyupāyā						2:1	classfreq
abhyutkramay						10:1	classfreq
abhyutkrāmay						10:1	classfreq
abhyutkṣip						6:3	classfreq
abhyutpat						1:6	classfreq
abhyutsad						6:1	classfreq
abhyutsah						1:5	classfreq
abhyutsmi						1:6	classfreq
abhyutsu						5:1	classfreq
abhyutsāday						10:2	classfreq
abhyutsṛj						6:3	classfreq
abhyutthā						1:23	classfreq
abhyābhū						1:2	classfreq
abhyācar						1:1	classfreq
abhyādhā						3:21	classfreq
abhyādiś						6:2	classfreq
abhyādru						1:6	classfreq
abhyādā						3:7	classfreq
abhyāgam						1:201	classfreq
abhyāgā						3:19	classfreq
abhyāhan						4:45	classfreq
abhyāhvā						4:2	classfreq
abhyāhṛ						1:3	classfreq
abhyāj						1:1	classfreq
abhyākhyā						2:7	classfreq
abhyākṛ						6:2	classfreq
abhyālabh						1:1	classfreq
abhyānanday						10:2	classfreq
abhyānī						1:1	classfreq
abhyāp						5:2	classfreq
abhyāpat						1:7	classfreq
abhyāpay						10:2	classfreq
abhyārabh						1:6	classfreq
abhyāruh						1:11	classfreq
abhyāsad						1:5	classfreq
abhyāsay						10:3	classfreq
abhyāsic						6:9	classfreq
abhyāsthā						1:1	classfreq
abhyāsāday						10:1	classfreq
abhyāsībhāvay						10:1	classfreq
abhyāsīkṛ						8:1	classfreq
abhyātañc						7:1	classfreq
abhyāvah						1:3	classfreq
abhyāviś						6:4	classfreq
abhyāvṛt						1:15	classfreq
abhyāyam						1:7	classfreq
abhyāyu						6:1	classfreq
abhyāyā						2:29	classfreq
abhyāśrāvay						10:1	classfreq
abhyūh						1:7	classfreq
abhyūhay						10:1	classfreq
abhyṛch						6:3	classfreq
abhyṛṣ						6:1	classfreq
abhī						4:186	classfreq
abhīkṣ						1:1	classfreq
abhīndh						1:5	classfreq
abhīṣ						6:72|9:1	classfreq
acchāvad						1:7	classfreq
acchīkṛ						8:1	classfreq
ad				1	ad	2:359	prefixus+classfreq
adharībhū						1:1	classfreq
adharīkṛ						8:7	classfreq
adhibhuj						7:1	classfreq
adhibhāṣ						1:6	classfreq
adhibhū						1:1	classfreq
adhibrū						2:1	classfreq
adhicar						1:3	classfreq
adhidhā						3:3	classfreq
adhidhāv						1:1	classfreq
adhigam						1:562	classfreq
adhigaṇay						10:1	classfreq
adhigā						3:16|4:2	classfreq
adhihṛ						1:1	classfreq
adhijan						4:9	classfreq
adhiji						1:1	classfreq
adhikalpay						10:1	classfreq
adhikram						1:2	classfreq
adhikup						4:1	classfreq
adhikībhū						1:4	classfreq
adhikīkṛ						8:2	classfreq
adhikṛ						8:203	classfreq
adhikṣi						2:6	classfreq
adhikṣip						6:22	classfreq
adhiman						4:1	classfreq
adhimath						9:1	classfreq
adhimih						1:1	classfreq
adhimokṣay						10:7	classfreq
adhimuc						6:56	classfreq
adhinidhā						3:5	classfreq
adhinivas						1:1	classfreq
adhiropay						10:16	classfreq
adhiruh						1:149	classfreq
adhisaṁbhū						1:1	classfreq
adhisaṁdhā						3:2	classfreq
adhisaṁviś						6:1	classfreq
adhisṛj						6:1	classfreq
adhitan						8:1	classfreq
adhivac						3:2	classfreq
adhivah						4:21	classfreq
adhivarjay						10:2	classfreq
adhivas						1:73	classfreq
adhiveṣṭay						10:1	classfreq
adhivid						6:12	classfreq
adhivikṣip						6:2	classfreq
adhivyadh						4:1	classfreq
adhivye						4:1	classfreq
adhivāhay						10:1	classfreq
adhivāsay						10:101	classfreq
adhivṛt						1:1	classfreq
adhiśri						1:34	classfreq
adhiśāyay						10:2	classfreq
adhiśī						2:32	classfreq
adhiṣkand						1:1	classfreq
adhiṣṭhā						1:458	classfreq
adhiṣṭhāpay						10:5	classfreq
adhyah						1:1	classfreq
adhyas						4:8	classfreq
adhyavaso						6:48	classfreq
adhyaś						9:1	classfreq
adhyeṣay						10:6	classfreq
adhyupekṣ						4:5	classfreq
adhyābhū						1:1	classfreq
adhyācar						1:2	classfreq
adhyādhā						3:8	classfreq
adhyāgam						1:1	classfreq
adhyāhṛ						1:11	classfreq
adhyākram						1:3	classfreq
adhyālamb						1:5	classfreq
adhyāpay						10:98	classfreq
adhyāropay						10:3	classfreq
adhyāruh						6:18	classfreq
adhyās						2:107	classfreq
adhyāsay						10:1	classfreq
adhyāsthā						1:1	classfreq
adhyāvas						1:23	classfreq
adhyāyay						10:1	classfreq
adhyāśri						1:1	classfreq
adhyūh						1:9	classfreq
adhyṛdh						5:1	classfreq
adhī						4:548	classfreq
adhīṣ						6:19	classfreq
agrībhū						1:1	classfreq
ah		speak	15	1	ah	1:5988	prefixus+semantics+classfreq
ah	abhy-			1	abhyah		prefixus
ah	anv-			1	anvah		prefixus
ah	aty-			1	atyah		prefixus
ah	pra-	declare					semantics
ah	praty-			1	pratyah		prefixus
ahaṁkṛ						8:2	classfreq
aj						1:35	classfreq
ajarīkṛ						8:1	classfreq
akhilīkṛ						8:1	classfreq
akhkhalīkṛ						8:1	classfreq
akṣ						5:4	classfreq
alasībhū						1:3	classfreq
alavaṇīkṛ						8:1	classfreq
alaṁkāray						10:1	classfreq
alaṁkṛ						8:541	classfreq
alpībhū						1:2	classfreq
alpīkṛ						8:4	classfreq
am						1:9	classfreq
amalīkṛ						8:1	classfreq
amarīkṛ						8:4	classfreq
amlībhū						1:2	classfreq
amṛtasādbhū						1:1	classfreq
amṛtībhū						1:5	classfreq
amṛtīkṛ						8:4	classfreq
an						1:8	classfreq
anaikāntikīkṛ						8:1	classfreq
andhakārīkṛ						8:2	classfreq
andhamūṣīkṛ						8:1	classfreq
andhībhū						1:6	classfreq
andhīkṛ						8:4	classfreq
antarbhā						2:1	classfreq
antarbhū						1:32	classfreq
antardhā						3:720	classfreq
antardhāpay						10:7	classfreq
antardhāray						10:4	classfreq
antargam						1:134	classfreq
antargā						3:1	classfreq
antari						2:97	classfreq
antarmukhībhū						1:2	classfreq
antarīkṛ						8:4	classfreq
antaḥkṛ						8:2	classfreq
anubandh						9:93	classfreq
anubandhay						10:1	classfreq
anubhaj						1:3	classfreq
anubhikṣ						1:1	classfreq
anubhram						4:1	classfreq
anubhrāmay						10:1	classfreq
anubhuj						7:3	classfreq
anubhā						2:2	classfreq
anubhāvay						10:12	classfreq
anubhāṣ						1:18	classfreq
anubhāṣay						10:1	classfreq
anubhū						1:347	classfreq
anubhṛ						3:1	classfreq
anubodhay						10:2	classfreq
anubrū						2:62	classfreq
anubudh						4:30	classfreq
anubādh						1:1	classfreq
anubūm						6:2	classfreq
anucakṣ						2:1	classfreq
anucar						1:63	classfreq
anucchid						7:3	classfreq
anuci						5:1	classfreq
anucintay						10:75	classfreq
anucoday						10:3	classfreq
anucāray						10:3	classfreq
anudah						1:5	classfreq
anudarśay						10:22	classfreq
anudhvaṁs						1:1	classfreq
anudhyā						4:24	classfreq
anudhā						3:1	classfreq
anudhāpay						10:1	classfreq
anudhāv						1:63	classfreq
anudiś						6:2	classfreq
anudru						1:22	classfreq
anuduṣ						4:1	classfreq
anudviṣ						2:1	classfreq
anudā						3:2	classfreq
anudāpay						10:1	classfreq
anudṛ						2:7	classfreq
anudṛś						4:20	classfreq
anugam						1:638	classfreq
anugamay						10:2	classfreq
anugarj						1:1	classfreq
anughuṣ						1:1	classfreq
anugrah						9:243	classfreq
anugup						1:16	classfreq
anugā						3:50|4:15	classfreq
anugāh						1:1	classfreq
anugṛdh						4:1	classfreq
anuhan						2:2	classfreq
anuhuṁkṛ						8:1	classfreq
anuhvā						6:2	classfreq
anuhā						3:4	classfreq
anuhṛ						2:5	classfreq
anujan						4:20	classfreq
anujap						1:4	classfreq
anujñā						9:423	classfreq
anujñāpay						10:61	classfreq
anujāgṛ						2:1	classfreq
anujīv						1:12	classfreq
anukalpay						10:6	classfreq
anukamp						1:43	classfreq
anukampay						10:2	classfreq
anukarśay						10:2	classfreq
anukram						1:23	classfreq
anukrand						1:1	classfreq
anukrīḍ						1:2	classfreq
anukāmay						10:2	classfreq
anukāray						10:1	classfreq
anukāṅkṣ						1:5	classfreq
anukīrtay						10:35	classfreq
anukūj						1:2	classfreq
anukṛ						6:13|8:50	classfreq
anukṛt						6:2	classfreq
anukṛś						6:1	classfreq
anukṛṣ						1:5	classfreq
anukṣam						1:1	classfreq
anukṣar						1:1	classfreq
anukṣi						9:1	classfreq
anukﾱp						1:1	classfreq
anulepay						10:9	classfreq
anulih						6:1	classfreq
anulip						6:59	classfreq
anulomībhū						1:1	classfreq
anulī						4:1	classfreq
anumad						1:15	classfreq
anumajj						1:1	classfreq
anuman						8:180	classfreq
anumed						4:1	classfreq
anumi						5:3	classfreq
anumoday						10:57	classfreq
anumud						1:65	classfreq
anumuh						4:1	classfreq
anumā						3:124	classfreq
anumānay						10:54	classfreq
anumāpay						10:8	classfreq
anumārjay						10:3	classfreq
anumīlay						10:1	classfreq
anumṛ						1:3	classfreq
anumṛj						2:11	classfreq
anumṛś						6:5	classfreq
anunand						1:2	classfreq
anunikṣ						1:1	classfreq
anunirgam						6:1	classfreq
anunirvap						1:4	classfreq
anunitud						6:5	classfreq
anuniviś						6:2	classfreq
anuniyuj						7:2	classfreq
anuniśam						4:5	classfreq
anuniśāmay						10:2	classfreq
anuniṣkram						6:1	classfreq
anunāday						10:29	classfreq
anunāmay						10:1	classfreq
anunī						1:106	classfreq
anunṛt						4:1	classfreq
anupad						4:66	classfreq
anuparigrah						9:6	classfreq
anuparikram						1:4	classfreq
anuparikrāmay						10:1	classfreq
anuparind						6:2	classfreq
anuparivartay						10:1	classfreq
anuparivāray						10:5	classfreq
anuparivṛt						1:2	classfreq
anupariyā						2:1	classfreq
anuparye						2:1	classfreq
anuparyukṣ						6:2	classfreq
anuparyādhā						3:1	classfreq
anuparyāgā						3:1	classfreq
anuparyāvṛt						1:5	classfreq
anuparāhā						3:1	classfreq
anuparāpat						1:1	classfreq
anuparī						2:12	classfreq
anupat						1:15	classfreq
anupaś						4:174	classfreq
anupaṭh						1:1	classfreq
anuplu						1:6	classfreq
anuprabhū						1:1	classfreq
anupracar						1:1	classfreq
anuprach						6:55	classfreq
anupracyu						1:2	classfreq
anupradarśay						10:1	classfreq
anupradhāv						1:2	classfreq
anupradā						3:36	classfreq
anupradāpay						10:1	classfreq
anuprahi						5:2	classfreq
anuprahṛ						1:12	classfreq
anuprajan						4:10	classfreq
anuprajñā						9:1	classfreq
anuprakṝ						6:1	classfreq
anupramad						4:1	classfreq
anuprapad						4:15	classfreq
anuprapā						1:2	classfreq
anuprasad						1:2	classfreq
anuprasthā						1:3	classfreq
anuprasū						6:1	classfreq
anupratipad						4:3	classfreq
anupratiṣṭhā						1:3	classfreq
anupravac						3:1	classfreq
anupravad						1:3	classfreq
anupravah						1:1	classfreq
anupravap						1:1	classfreq
anupraveśay						10:7	classfreq
anupraviś						6:123	classfreq
anupravraj						1:5	classfreq
anupravṛdh						1:1	classfreq
anupravṛt						1:5	classfreq
anuprayam						1:51	classfreq
anuprayuj						7:7	classfreq
anuprayā						2:11	classfreq
anupraśaṁs						1:2	classfreq
anupraṇam						1:1	classfreq
anupre						2:7	classfreq
anuprekṣ						1:3	classfreq
anupreray						10:1	classfreq
anupreṣay						10:16	classfreq
anuprāp						5:353	classfreq
anuprāpay						10:4	classfreq
anuprāṇ						2:3	classfreq
anupuṣ						4:1	classfreq
anupā						1:47	classfreq
anupālay						10:75	classfreq
anupātay						10:2	classfreq
anupāyay						10:14	classfreq
anupīḍay						10:1	classfreq
anupūjay						10:2	classfreq
anupūray						10:2	classfreq
anupṛc						7:3	classfreq
anurakṣ						1:6	classfreq
anuram						1:2	classfreq
anurañj						4:180	classfreq
anurañjay						10:25	classfreq
anurocay						10:1	classfreq
anurud						2:2	classfreq
anurudh						4:52	classfreq
anuruh						1:2	classfreq
anusah						1:1	classfreq
anusaman						2:1	classfreq
anusamaś						5:1	classfreq
anusami						2:4	classfreq
anusamman						4:1	classfreq
anusamprayā						2:1	classfreq
anusamprāp						5:17	classfreq
anusamācar						1:1	classfreq
anusamāhṛ						1:2	classfreq
anusamāyā						2:1	classfreq
anusaṁbandh						9:1	classfreq
anusaṁcar						1:15	classfreq
anusaṁci						5:1	classfreq
anusaṁcintay						10:4	classfreq
anusaṁcāray						10:1	classfreq
anusaṁdhā						3:26	classfreq
anusaṁdih						6:1	classfreq
anusaṁdiś						6:1	classfreq
anusaṁdṛś						4:2	classfreq
anusaṁgrah						9:1	classfreq
anusaṁhṛ						1:3	classfreq
anusaṁjvar						1:4	classfreq
anusaṁkram						1:1	classfreq
anusaṁpiṣ						7:1	classfreq
anusaṁrabh						1:2	classfreq
anusaṁsmṛ						1:6	classfreq
anusaṁsthā						1:4	classfreq
anusaṁsādhay						10:1	classfreq
anusaṁsāray						10:3	classfreq
anusaṁsṛ						3:1	classfreq
anusaṁsṛj						6:1	classfreq
anusaṁtan						8:7	classfreq
anusaṁtṛ						1:2	classfreq
anusaṁvah						1:1	classfreq
anusaṁveday						10:1	classfreq
anusaṁvid						2:2	classfreq
anusaṁvraj						1:2	classfreq
anusaṁvye						4:1	classfreq
anusaṁvāday						10:1	classfreq
anusaṁvṛ						5:1	classfreq
anusaṁyā						2:6	classfreq
anusecay						10:2	classfreq
anusev						1:3	classfreq
anusidh						4:2	classfreq
anusmaray						10:1	classfreq
anusmṛ						1:166	classfreq
anuspṛś						6:1	classfreq
anusādhay						10:3	classfreq
anusāray						10:29	classfreq
anusīv						4:10	classfreq
anusṛ						1:121	classfreq
anusṛj						6:21	classfreq
anusṛp						1:9	classfreq
anutan						8:1	classfreq
anutap						4:72	classfreq
anutras						4:1	classfreq
anutud						6:6	classfreq
anutuṣ						4:1	classfreq
anutāpay						10:1	classfreq
anutṛ						1:2	classfreq
anutṛp						4:2	classfreq
anutṛṣ						4:1	classfreq
anuvac						3:51	classfreq
anuvad						1:33	classfreq
anuvah						4:1	classfreq
anuval						1:1	classfreq
anuvap						1:1	classfreq
anuvartay						10:21	classfreq
anuvas						1:11	classfreq
anuvaṣaṭkṛ						8:19	classfreq
anuveday						10:1	classfreq
anuven						1:1	classfreq
anuveṣṭay						10:5	classfreq
anuvibhaj						1:3	classfreq
anuvicar						1:6	classfreq
anuvicintay						10:6	classfreq
anuvid						2:4|6:33	classfreq
anuvidhā						3:41	classfreq
anuvihan						2:1	classfreq
anuvihṛ						2:1	classfreq
anuvikas						1:1	classfreq
anuvikram						6:1	classfreq
anuvilokay						10:4	classfreq
anuvilī						4:1	classfreq
anuvimṛj						6:2	classfreq
anuvimṛś						6:1	classfreq
anuvinaś						4:2	classfreq
anuvināday						10:1	classfreq
anuvinī						1:1	classfreq
anuvipaś						4:1	classfreq
anuvisṛj						6:1	classfreq
anuvisṛp						1:3	classfreq
anuviś						6:7	classfreq
anuviśṛ						9:1	classfreq
anuviṣad						2:1	classfreq
anuvraj						1:71	classfreq
anuvraśc						6:1	classfreq
anuvyadh						4:40	classfreq
anuvyavahṛ						2:1	classfreq
anuvyavaso						6:1	classfreq
anuvyāhṛ						1:7	classfreq
anuvyākhyā						2:52	classfreq
anuvyūh						1:1	classfreq
anuvā						2:4	classfreq
anuvācay						10:3	classfreq
anuvāday						10:3	classfreq
anuvāhay						10:2	classfreq
anuvāray						10:2	classfreq
anuvīj						1:1	classfreq
anuvīkṣ						1:4	classfreq
anuvṛ						5:1	classfreq
anuvṛdh						1:1	classfreq
anuvṛt						1:281	classfreq
anuyam						6:3	classfreq
anuyodhay						10:1	classfreq
anuyojay						10:1	classfreq
anuyudh						4:2	classfreq
anuyuj						7:75	classfreq
anuyā						2:283	classfreq
anuyāc						1:3	classfreq
anuśap						1:2	classfreq
anuśaṁs						1:38	classfreq
anuśikṣ						6:4	classfreq
anuśiṣ						7:18	classfreq
anuśocay						10:5	classfreq
anuśri						1:2	classfreq
anuśru						5:49	classfreq
anuśrāvay						10:12	classfreq
anuśuc						1:89	classfreq
anuśuṣ						4:2	classfreq
anuśās						2:215	classfreq
anuśāsay						10:1	classfreq
anuśī						2:13	classfreq
anuṣac						1:3	classfreq
anuṣañj						1:28	classfreq
anuṣañjay						10:1	classfreq
anuṣic						6:2	classfreq
anuṣyand						1:1	classfreq
anuṣṭan						1:1	classfreq
anuṣṭhā						1:322	classfreq
anuṣṭhāpay						10:1	classfreq
anuṣṭu						2:1	classfreq
anvabhiṣic						4:1	classfreq
anvadhisthā						1:1	classfreq
anvah						1:104	classfreq
anvas						2:3	classfreq
anvavadhā						3:1	classfreq
anvavahṛ						1:4	classfreq
anvavakram						1:2	classfreq
anvavakīray						10:1	classfreq
anvavakṛ						6:1	classfreq
anvavalup						6:1	classfreq
anvavamṛś						6:5	classfreq
anvavaruh						1:1	classfreq
anvavasā						6:4	classfreq
anvavasṛj						6:4	classfreq
anvave						2:23	classfreq
anvavekṣ						1:47	classfreq
anvavekṣay						10:1	classfreq
anvañj						7:3	classfreq
anvaś						9:1	classfreq
anve						2:7	classfreq
anveṣay						10:11	classfreq
anvi						2:117	classfreq
anviṣ						6:294	classfreq
anvābhaj						1:1	classfreq
anvābhū						1:1	classfreq
anvādhā						3:12	classfreq
anvādiś						6:1	classfreq
anvādru						1:1	classfreq
anvāgam						1:21	classfreq
anvāgā						3:1	classfreq
anvāhiṇḍ						4:23	classfreq
anvāhve						4:1	classfreq
anvāhṛ						1:2	classfreq
anvākhyā						2:1	classfreq
anvākram						1:1	classfreq
anvākṛ						8:1	classfreq
anvālabh						1:8	classfreq
anvānī						1:2	classfreq
anvāp						5:2	classfreq
anvārabh						1:36	classfreq
anvārambhay						10:1	classfreq
anvāruh						1:16	classfreq
anvās						4:34	classfreq
anvāvartay						10:4	classfreq
anvāviś						6:4	classfreq
anvāvṛt						1:6	classfreq
anvāyat						1:25	classfreq
anvāśri						1:2	classfreq
anvāśī						2:1	classfreq
anvīkṣ						4:33	classfreq
anādarībhū						1:1	classfreq
anāthībhū						1:1	classfreq
anūccāray						10:1	classfreq
anūde						2:3	classfreq
anūdi						2:2	classfreq
anūdyam						6:1	classfreq
anūpadas						4:2	classfreq
anūpasthā						1:1	classfreq
anūtkram						1:3	classfreq
anūtpat						1:3	classfreq
anūtthā						1:5	classfreq
anṛṇākṛ						8:1	classfreq
anṛṇībhū						1:1	classfreq
apabhaj						1:3	classfreq
apabhraṁś						4:4	classfreq
apabhāṣ						1:1	classfreq
apabhū						1:3	classfreq
apabhṛ						3:3	classfreq
apabrū						2:1	classfreq
apabādh						1:4	classfreq
apabādhay						10:1	classfreq
apacar						1:4	classfreq
apacchid						7:2	classfreq
apaci						3:7|5:15	classfreq
apacyu						1:12	classfreq
apacāy						1:37	classfreq
apadham						1:2	classfreq
apadhvaṁs						1:16	classfreq
apadhyā						4:11	classfreq
apadhāray						10:1	classfreq
apadhāv						1:1	classfreq
apadhṛṣ						5:1	classfreq
apadiś						6:25	classfreq
apadru						1:7	classfreq
apagam						1:93	classfreq
apagamay						10:1	classfreq
apaghāṭay						10:1	classfreq
apagrah						9:3	classfreq
apaguh						1:7	classfreq
apagur						6:1	classfreq
apagā						3:4	classfreq
apahan						2:158	classfreq
apahas						1:8	classfreq
apahnu						2:11	classfreq
apahu						3:2	classfreq
apahā						3:49	classfreq
apahāray						10:4	classfreq
apahāsay						10:1	classfreq
apahṛ						1:404	classfreq
apahṛṣ						6:1	classfreq
apaji						1:9	classfreq
apakarṣay						10:9	classfreq
apakaṣ						1:1	classfreq
apakram						6:154	classfreq
apakramay						10:2	classfreq
apakrī						9:1	classfreq
apakīrtay						10:1	classfreq
apakṛ						6:1|8:54	classfreq
apakṛt						6:3	classfreq
apakṛṣ						1:133	classfreq
apakṣi						5:9	classfreq
apakṣip						6:3	classfreq
apalup						6:5	classfreq
apalāpay						10:1	classfreq
apalī						4:1	classfreq
apami						5:2	classfreq
apamānay						10:6	classfreq
apamṛd						9:1	classfreq
apamṛj						6:8	classfreq
apanah						4:1	classfreq
apanud						6:26	classfreq
apanāśay						10:1	classfreq
apanī						1:206	classfreq
apanṛt						4:1	classfreq
apapad						4:1	classfreq
apapothay						10:1	classfreq
apaprasū						6:3	classfreq
apapruth						1:1	classfreq
aparañj						4:3	classfreq
aparañjay						10:1	classfreq
aparudh						7:23	classfreq
aparādh						4:112	classfreq
aparādhay						10:2	classfreq
apasarpay						10:7	classfreq
apasaṁhṛ						2:1	classfreq
apasidh						1:8	classfreq
apasmṛ						1:11	classfreq
apasphur						6:4	classfreq
apaspṛ						5:1	classfreq
apasrāvay						10:1	classfreq
apasthā						1:1	classfreq
apasāray						10:22	classfreq
apasṛ						1:60	classfreq
apasṛp						1:38	classfreq
apatakṣ						1:1	classfreq
apatarpay						10:5	classfreq
apatrap						1:11	classfreq
apatras						4:2	classfreq
apavad						1:10	classfreq
apavadh						1:2	classfreq
apavah						1:49	classfreq
apavap						1:4	classfreq
apavarjay						10:21	classfreq
apavartay						10:3	classfreq
apavas						6:2	classfreq
apaveṣṭay						10:2	classfreq
apavic						7:1	classfreq
apavid						2:3	classfreq
apavyadh						4:92	classfreq
apavye						4:1	classfreq
apavā						2:1	classfreq
apavāday						10:3	classfreq
apavāhay						10:21	classfreq
apavāray						10:4	classfreq
apavṛ						9:12	classfreq
apavṛj						7:4	classfreq
apavṛt						1:20	classfreq
apayā						2:98	classfreq
apaśri						1:4	classfreq
apaśuṣ						4:1	classfreq
apaṇyībhū						1:2	classfreq
apaṇyījan						4:1	classfreq
ape						2:217	classfreq
apej						1:2	classfreq
apekṣ						1:168	classfreq
apekṣay						10:1	classfreq
apidah						1:1	classfreq
apidhā						3:66	classfreq
apidhāpay						10:1	classfreq
apigam						1:2	classfreq
apigrah						9:3	classfreq
apikṛt						6:1	classfreq
apinah						4:12	classfreq
apinī						1:3	classfreq
apiruh						1:1	classfreq
apisṛj						6:1	classfreq
apivātay						10:1	classfreq
apivṛ						5:4	classfreq
apiśṛ						9:1	classfreq
apiṣṭhā						1:1	classfreq
apoddhṛ						2:1	classfreq
apodi						2:6	classfreq
apoh						1:98	classfreq
apotsṛj						6:1	classfreq
apyas						2:1|4:2	classfreq
apādhā						3:1	classfreq
apādā						3:5	classfreq
apāhan						2:3	classfreq
apāhā						3:6	classfreq
apāhṛ						1:5	classfreq
apāj						1:3	classfreq
apākram						6:5	classfreq
apākṛ						6:3|8:30	classfreq
apākṛṣ						1:4	classfreq
apāmārjay						10:1	classfreq
apān						1:13	classfreq
apānud						6:5	classfreq
apānī						1:1	classfreq
apās						2:118	classfreq
apāsṛ						1:12	classfreq
apātī						2:1	classfreq
apāvagam						6:2	classfreq
apāvartay						10:1	classfreq
apāveṣṭay						10:1	classfreq
apāvṛ						5:40	classfreq
apāvṛj						7:1	classfreq
apāvṛt						1:5	classfreq
apāśri						1:18	classfreq
apī						2:77	classfreq
araṁkṛ						8:1	classfreq
arc		worship	1	1	arc	1:358	prefixus+semantics+classfreq
arc	abhy-			1	abhyarc		prefixus
arc	praty-			1	pratyarc		prefixus
arc	sam-			1	samarc		prefixus
arcay						10:762	classfreq
arday						10:523	classfreq
ardhay						10:4	classfreq
arh		deserve	11	1	arh	1:2203	prefixus+semantics+classfreq
arhay						10:19	classfreq
arjay						10:195	classfreq
arpay						10:345	classfreq
arth		desire	1				semantics
arthisātkṛ						8:1	classfreq
arūkṛ						8:1	classfreq
as		be	94	2	as	2:24352|4:207	prefixus+semantics+classfreq
as	abhiny-			1	abhinyas		prefixus
as	abhisam-			1	abhisamas		prefixus
as	abhiviny-			1	abhivinyas		prefixus
as	abhy-			2	abhyas		prefixus
as	adhy-			1	adhyas		prefixus
as	aty-			1	atyas		prefixus
as	ny-			1	nyas		prefixus
as	pary-			1	paryas		prefixus
as	pratiny-			1	pratinyas		prefixus
as	pratisam-			1	pratisamas		prefixus
as	praty-			1	pratyas		prefixus
as	praviny-			1	pravinyas		prefixus
as	prādur-			1	prāduras		prefixus
as	sam-			2	samas		prefixus
as	sam-ni-	renounce					semantics
as	samabhy-			1	samabhyas		prefixus
as	samadhy-			1	samadhyas		prefixus
as	saṃny-			1	saṃnyas		prefixus
as	ud-			1	udas		prefixus
as	upany-			1	upanyas		prefixus
as	vi-ud-	reject					semantics
as	viny-			1	vinyas		prefixus
as	vipary-			1	viparyas		prefixus
as	vyaty-			1	vyatyas		prefixus
as	vyud-			1	vyudas		prefixus
asatkṛ						8:19	classfreq
astaṁgamay						10:1	classfreq
asthirībhū						1:1	classfreq
asulabhībhū						1:1	classfreq
asūya		envy	1				semantics
at				1	at	1:5	prefixus+classfreq
atibhā						2:5	classfreq
atibhāvay						10:4	classfreq
atibhūṣay						10:1	classfreq
atibhṛ						3:1	classfreq
atibrū						2:2	classfreq
aticar						1:7	classfreq
aticeṣṭ						1:1	classfreq
atidarpay						10:1	classfreq
atidhvaṁs						1:1	classfreq
atidhā						3:2	classfreq
atidiv						4:2	classfreq
atidiś						6:5	classfreq
atidru						1:9	classfreq
atidā						3:2	classfreq
atigam						1:8	classfreq
atighrā						4:1	classfreq
atigrah						9:1	classfreq
atigā						3:34	classfreq
atigāh						1:9	classfreq
atihan						2:1	classfreq
atihā						3:3	classfreq
atihṛ						1:11	classfreq
atihṛṣ						6:2	classfreq
atijīv						1:5	classfreq
atikhyā						2:1	classfreq
atikopay						10:6	classfreq
atikram						6:525	classfreq
atikramay						10:1	classfreq
atikruś						1:1	classfreq
atikrāmay						10:4	classfreq
atikālay						10:4	classfreq
atikṛṣ						1:1	classfreq
atikṣar						1:2	classfreq
atikṣip						6:2	classfreq
atilaṅghay						10:5	classfreq
atilolay						10:1	classfreq
atilālay						10:2	classfreq
atimad						4:2	classfreq
atiman						4:11	classfreq
atimeday						10:1	classfreq
atimuc						6:11	classfreq
atined						1:3	classfreq
atiniḥśvas						2:1	classfreq
atinud						6:2	classfreq
atināmay						10:3	classfreq
atinī						1:9	classfreq
atipad						4:6	classfreq
atipari						2:1	classfreq
atipat						1:8	classfreq
atiprach						6:3	classfreq
atiprasad						1:3	classfreq
atiprasru						1:3	classfreq
atipratam						4:1	classfreq
atipravṛdh						1:19	classfreq
atipravṛt						1:16	classfreq
atipraṇud						6:1	classfreq
atipreray						10:1	classfreq
atipāray						10:2	classfreq
atipātay						10:10	classfreq
atipīḍay						10:15	classfreq
atipū						9:1	classfreq
atipṛ						3:2	classfreq
atirecay						10:1	classfreq
atiric						4:202	classfreq
atirocay						10:1	classfreq
atiropay						10:2	classfreq
atiruc						1:13	classfreq
atiruh						1:5	classfreq
atirāj						1:1	classfreq
atisarpay						10:1	classfreq
atisaṁdhā						3:13	classfreq
atisaṁrudh						7:1	classfreq
atisaṁvṛdh						1:1	classfreq
atisev						1:17	classfreq
atisnehay						10:1	classfreq
atisnih						4:9	classfreq
atisru						1:4	classfreq
atisvar						1:2	classfreq
atisā						6:1	classfreq
atisāray						10:25	classfreq
atisṛj						6:26	classfreq
atisṛp						1:5	classfreq
atitap						4:3	classfreq
atitarpay						10:1	classfreq
atitarṣay						10:1	classfreq
atitviṣ						6:1	classfreq
atitāpay						10:3	classfreq
atitṛp						4:3	classfreq
atitṛṣ						4:3	classfreq
atit￞						1:39	classfreq
ativac						3:4	classfreq
ativad						1:13	classfreq
ativah						1:8	classfreq
ativam						2:2	classfreq
ativartay						10:4	classfreq
ativip						1:1	classfreq
ativirecay						10:3	classfreq
ativirāj						1:3	classfreq
ativiśrambhay						10:1	classfreq
ativraj						1:5	classfreq
ativyadh						4:74	classfreq
ativāhay						10:23	classfreq
ativāsay						10:1	classfreq
ativṛdh						1:2	classfreq
ativṛt						1:163	classfreq
ativṛṣ						1:1	classfreq
atiyaj						1:1	classfreq
atiyojay						10:1	classfreq
atiyā						2:12	classfreq
atiśaṁs						1:32	classfreq
atiśaṅk						1:18	classfreq
atiśiṣ						7:7	classfreq
atiśliṣ						4:3	classfreq
atiśī						1:27	classfreq
atiṣañj						1:1	classfreq
atiṣkand						1:1	classfreq
atiṣṭhā						1:3	classfreq
atiṣṭu						2:5	classfreq
atyabhisṛ						3:1	classfreq
atyah						1:1	classfreq
atyanusāray						10:2	classfreq
atyas						4:2	classfreq
atyaś						9:11	classfreq
atyudgam						1:2	classfreq
atyudgrah						9:2	classfreq
atyudric						7:1	classfreq
atyunnamay						10:1	classfreq
atyupayuj						7:9	classfreq
atyādham						1:1	classfreq
atyākhyā						4:1	classfreq
atyākram						1:2	classfreq
atyāsāday						10:4	classfreq
atyāyam						6:4	classfreq
atyāyā						2:1	classfreq
atyāśay						10:5	classfreq
atyṛj						1:12	classfreq
atī						1:702	classfreq
av				1	av	1:532	prefixus+classfreq
avabandh						9:24	classfreq
avabhartsay						10:5	classfreq
avabhañj						7:8	classfreq
avabhid						7:9	classfreq
avabhuj						6:2	classfreq
avabhā						2:12	classfreq
avabhās						1:27	classfreq
avabhāsay						10:77	classfreq
avabhāvay						10:1	classfreq
avabhāṣ						1:2	classfreq
avabhū						1:1	classfreq
avabhṛ						3:2	classfreq
avabodhay						10:9	classfreq
avabudh						4:135	classfreq
avacakṣ						2:3	classfreq
avacar						1:10	classfreq
avacarv						1:1	classfreq
avacchad						1:16	classfreq
avaccheday						10:1	classfreq
avacchid						7:46	classfreq
avacchā						4:1	classfreq
avacchāday						10:12	classfreq
avaceṣṭ						1:1	classfreq
avaci						5:12	classfreq
avacintay						10:1	classfreq
avacālay						10:1	classfreq
avacāray						10:80	classfreq
avacṛt						6:2	classfreq
avadah						1:3	classfreq
avadal						1:1	classfreq
avadham						1:2	classfreq
avadhamay						10:3	classfreq
avadhyā						4:8	classfreq
avadhā						3:90	classfreq
avadhāray						10:101	classfreq
avadhāv						1:2	classfreq
avadhū						5:62	classfreq
avadhūnay						10:4	classfreq
avadhṛ						1:5	classfreq
avado						6:30	classfreq
avadohay						10:2	classfreq
avadru						1:1	classfreq
avadyotay						10:4	classfreq
avadyut						1:1	classfreq
avadāray						10:7	classfreq
avadīpay						10:1	classfreq
avadṛ						2:17	classfreq
avagal						1:1	classfreq
avagam						6:203	classfreq
avagamay						10:9	classfreq
avagarj						1:1	classfreq
avagaṇay						10:1	classfreq
avagharṣay						10:2	classfreq
avaghaṭ						1:1	classfreq
avaghaṭṭay						10:12	classfreq
avaghoṣay						10:3	classfreq
avaghrā						1:5	classfreq
avaghuṣ						1:4	classfreq
avaghātay						10:1	classfreq
avaghūrṇ						1:1	classfreq
avaghṛṣ						1:7	classfreq
avaglā						4:2	classfreq
avagrah						9:19	classfreq
avagras						1:1	classfreq
avaguh						1:8	classfreq
avagur						6:8	classfreq
avaguṇṭhay						10:38	classfreq
avagā						3:2|4:1	classfreq
avagāh						1:191	classfreq
avagāhay						10:8	classfreq
avagāḍhībhū						1:1	classfreq
avagṛ						9:2	classfreq
avahan						2:22	classfreq
avahas						1:31	classfreq
avahrāsay						10:1	classfreq
avahā						3:16	classfreq
avahāray						10:3	classfreq
avahṛ						1:7	classfreq
avajan						4:4	classfreq
avaji						1:35	classfreq
avajñā						9:114	classfreq
avajāray						10:1	classfreq
avajṛmbh						1:2	classfreq
avakalpay						10:31	classfreq
avakartay						10:1	classfreq
avakarśay						10:1	classfreq
avakhyā						2:3	classfreq
avakhyāpay						10:1	classfreq
avaklid						4:1	classfreq
avakram						1:45	classfreq
avakrī						9:2	classfreq
avakuṭ						4:1	classfreq
avakūj						1:1	classfreq
avakūlay						10:3	classfreq
avakṛ						6:240	classfreq
avakṛt						6:9	classfreq
avakṛś						9:1	classfreq
avakṛṣ						6:15	classfreq
avakṣip						6:18	classfreq
avakṣu						2:7	classfreq
avakṣud						1:4	classfreq
avakﾱp						1:6	classfreq
avalag						1:2	classfreq
avalamb						1:94	classfreq
avalambay						10:11	classfreq
avalambībhū						1:1	classfreq
avalaṅgh						1:1	classfreq
avalehay						10:6	classfreq
avalepay						10:1	classfreq
avalih						6:33	classfreq
avalikh						6:13	classfreq
avalip						6:44	classfreq
avalokay						10:223	classfreq
avaloḍay						10:2	classfreq
avalup						6:10	classfreq
avalī						4:17	classfreq
avamajj						1:3	classfreq
avaman						4:289	classfreq
avamarday						10:6	classfreq
avamarṣay						10:1	classfreq
avamath						9:1	classfreq
avamuc						6:21	classfreq
avamā						3:1	classfreq
avamānay						10:19	classfreq
avamṛd						9:23	classfreq
avamṛj						4:9	classfreq
avamṛś						6:2	classfreq
avanah						4:37	classfreq
avanam						1:104	classfreq
avanamay						10:4	classfreq
avanard						1:2	classfreq
avanidhā						3:2	classfreq
avaniṣṭhīv						1:2	classfreq
avanud						6:1	classfreq
avanāday						10:1	classfreq
avanāmay						10:11	classfreq
avanī						1:38	classfreq
avapad						4:27	classfreq
avapat						1:16	classfreq
avapaś						4:2	classfreq
avapiṣ						7:1	classfreq
avaplu						1:84	classfreq
avapothay						10:3	classfreq
avapātay						10:6	classfreq
avapāṭay						10:4	classfreq
avapīḍay						10:32	classfreq
avapūray						10:1	classfreq
avapṛc						7:1	classfreq
avaram						1:1	classfreq
avarodhay						10:5	classfreq
avaropay						10:120	classfreq
avaruc						1:1	classfreq
avarud						6:2	classfreq
avarudh						7:196	classfreq
avaruh						1:73	classfreq
avaruj						6:6	classfreq
avarādh						5:1	classfreq
avasad						2:123	classfreq
avasajjay						10:1	classfreq
avasañj						1:35	classfreq
avasañjay						10:1	classfreq
avasecay						10:14	classfreq
avasev						4:1	classfreq
avasic						6:53	classfreq
avaskand						1:4	classfreq
avasphūrj						1:4	classfreq
avaspṛ						5:1	classfreq
avasraṁs						1:4	classfreq
avasrāvay						10:2	classfreq
avasthā						1:715	classfreq
avasthāpay						10:52	classfreq
avastṛ						9:8	classfreq
avasu						6:1	classfreq
avasvap						2:3	classfreq
avasā						6:60	classfreq
avasāday						10:19	classfreq
avasāyay						10:4	classfreq
avasṛj						6:106	classfreq
avasṛp						1:2	classfreq
avatakṣ						2:1	classfreq
avatan						8:25	classfreq
avatap						1:3	classfreq
avataray						10:1	classfreq
avataṁs						1:2	classfreq
avatāpay						10:1	classfreq
avatāray						10:141	classfreq
avatṛ						6:495	classfreq
avatṛd						7:1	classfreq
avavad						1:8	classfreq
avavisraṁsay						10:1	classfreq
avavyadh						4:2	classfreq
avavye						4:1	classfreq
avavṛṣ						1:1	classfreq
avayaj						1:4	classfreq
avayu						3:1	classfreq
avayā						2:4	classfreq
avaśam						4:1	classfreq
avaśap						1:1	classfreq
avaśeṣay						10:81	classfreq
avaśiṣ						7:210	classfreq
avaśoṣay						10:3	classfreq
avaśās						2:1	classfreq
avaśātay						10:1	classfreq
avaśī						4:1	classfreq
avaśṛ						9:7	classfreq
avaṣṭambh						9:61	classfreq
ave						1:103|2:1	classfreq
avekṣ						1:484	classfreq
avekṣay						10:5	classfreq
avelay						10:1	classfreq
aveṣ						9:1	classfreq
avokṣ						6:10	classfreq
avyaktībhū						1:2	classfreq
avyayībhū						1:1	classfreq
avāci						5:1	classfreq
avāgam						1:1	classfreq
avāj						1:1	classfreq
avākṛ						6:6	classfreq
avākṣip						6:2	classfreq
avāp						5:1466	classfreq
avāpoh						1:1	classfreq
ay	sam-			1	samay		prefixus
aç				2	aś		prefixus
aç	abhy-			1	abhyaś		prefixus
aç	adhy-			1	adhyaś		prefixus
aç	aty-			1	atyaś		prefixus
aç	pary-			1	paryaś		prefixus
aç	sam-			2	samaś		prefixus
añc				1	añc	1:20	prefixus+classfreq
añc	ny-			1	nyañc		prefixus
añc	ud-			1	udañc		prefixus
añcay						10:29	classfreq
añj				1	añj	7:358	prefixus+classfreq
añj	abhivy-			1	abhivyañj		prefixus
añj	abhy-			1	abhyañj		prefixus
añj	samabhy-			1	samabhyañj		prefixus
añj	ud-			1	udañj		prefixus
añj	vy-			1	vyañj		prefixus
añjay						10:33	classfreq
aś		attain	8			1:1320	semantics+classfreq
aṅg						1:4	classfreq
aṅgīkṛ						8:56	classfreq
aṅkay						10:170	classfreq
aṇūkṛ						8:1	classfreq
aṭ				1	aṭ	1:55	prefixus+classfreq
aṭ	pary-			1	paryaṭ		prefixus
baddhay				1	baddhay	10:1	prefixus+classfreq
badhirīkṛ				1	badhirīkṛ	8:7	prefixus+classfreq
bahiṣkṛ				1	bahiṣkṛ	8:65	prefixus+classfreq
bahulībhū				1	bahulībhū	1:7	prefixus+classfreq
bahulīkṛ				1	bahulīkṛ	8:12	prefixus+classfreq
balīkṛ						8:1	classfreq
bandh		bind	10	1	bandh	4:2210	prefixus+semantics+classfreq
bandh	abhi-			1	abhibandh		prefixus
bandh	abhisam-			1	abhisambandh		prefixus
bandh	anu-			1	anubandh		prefixus
bandh	anusaṃ-			1	anusaṃbandh		prefixus
bandh	ava-			1	avabandh		prefixus
bandh	ni-			1	nibandh		prefixus
bandh	pari-			1	paribandh		prefixus
bandh	pra-			1	prabandh		prefixus
bandh	prati-			1	pratibandh		prefixus
bandh	sam-			1	sambandh		prefixus
bandh	samanu-			1	samanubandh		prefixus
bandh	samud-			1	samudbandh		prefixus
bandh	samā-			1	samābandh		prefixus
bandh	ud-			1	udbandh		prefixus
bandh	upa-			1	upabandh		prefixus
bandh	upani-			1	upanibandh		prefixus
bandh	vi-			1	vibandh		prefixus
bandh	vini-			1	vinibandh		prefixus
bandh	ā-			1	ābandh		prefixus
bandhay				1	bandhay	10:128	prefixus+classfreq
bandhay	ni-			1	nibandhay		prefixus
bandhay	pra-			1	prabandhay		prefixus
bandhay	saṃ-			1	saṃbandhay		prefixus
bandhay	vi-			1	vibandhay		prefixus
barhay						10:5	classfreq
barhay	ni-			1	nibarhay		prefixus
bhadrākṛ						8:1	classfreq
bhagnapṛṣṭhībhū						1:4	classfreq
bhagnapṛṣṭhīkṛ						8:3	classfreq
bhagīkṛ	dur-			1	durbhagīkṛ		prefixus
bhairavībhū						1:1	classfreq
bhaj		worship	11	1	bhaj	1:1019	prefixus+semantics+classfreq
bhaj	abhivi-			1	abhivibhaj		prefixus
bhaj	anu-			1	anubhaj		prefixus
bhaj	anuvi-			1	anuvibhaj		prefixus
bhaj	prati-			1	pratibhaj		prefixus
bhaj	pravi-			1	pravibhaj		prefixus
bhaj	sam-			1	sambhaj		prefixus
bhaj	saṃvi-			1	saṃvibhaj		prefixus
bhaj	vi-			1	vibhaj		prefixus
bhaj	ā-			1	ābhaj		prefixus
bhajay				1	bhajay	10:1	prefixus+classfreq
bhakṣ				1	bhakṣ	4:140	prefixus+classfreq
bhakṣ	pra-			1	prabhakṣ		prefixus
bhakṣ	sam-			1	sambhakṣ		prefixus
bhakṣ	upa-			1	upabhakṣ		prefixus
bhakṣay				1	bhakṣay	10:1008	prefixus+classfreq
bhakṣay	pari-			1	paribhakṣay		prefixus
bhakṣay	pra-			1	prabhakṣay		prefixus
bhakṣay	saṃ-			1	saṃbhakṣay		prefixus
bhan						1:4	classfreq
bhand						1:5	classfreq
bharjay				1	bharjay	10:51	prefixus+classfreq
bharjay	pari-			1	paribharjay		prefixus
bharts				1	bharts	1:4	prefixus+classfreq
bharts	pari-			1	paribharts		prefixus
bharts	saṃ-			1	saṃbharts		prefixus
bhartsay				1	bhartsay	10:39	prefixus+classfreq
bhartsay	ava-			1	avabhartsay		prefixus
bhartsay	pari-			1	paribhartsay		prefixus
bhartsāpay				1	bhartsāpay	10:1	prefixus+classfreq
bharv						1:2	classfreq
bhas						1:19	classfreq
bhasm				1	bhasm	1:7	prefixus+classfreq
bhasmarāśīkṛ				1	bhasmarāśīkṛ	8:3	prefixus+classfreq
bhasmasātkṛ				1	bhasmasātkṛ	8:13	prefixus+classfreq
bhasmībhū				1	bhasmībhū	1:104	prefixus+classfreq
bhasmīkṛ				1	bhasmīkṛ	8:58	prefixus+classfreq
bhavastṛ	a-			1	abhavastṛ		prefixus
bhañj				1	bhañj	4:701	prefixus+classfreq
bhañj	ava-			1	avabhañj		prefixus
bhañj	pari-			1	paribhañj		prefixus
bhañj	pra-			1	prabhañj		prefixus
bhañj	pravi-			1	pravibhañj		prefixus
bhañj	sam-			1	sambhañj		prefixus
bhañj	saṃpra-			1	saṃprabhañj		prefixus
bhañj	vi-			1	vibhañj		prefixus
bhañjay				1	bhañjay	10:4	prefixus+classfreq
bhaṇ				1	bhaṇ	1:70	prefixus+classfreq
bhaṣ				1	bhaṣ	1:11	prefixus+classfreq
bhaṣ	vyā-			1	vyābhaṣ		prefixus
bheday				1	bheday	10:88	prefixus+classfreq
bheday	pra-			1	prabheday		prefixus
bheday	ud-			1	udbheday		prefixus
bheday	vi-			1	vibheday		prefixus
bheṣ	vi-			1	vibheṣ		prefixus
bhid				1	bhid	6:1817	prefixus+classfreq
bhid	ava-			1	avabhid		prefixus
bhid	ni-			1	nibhid		prefixus
bhid	pari-			1	paribhid		prefixus
bhid	pra-			1	prabhid		prefixus
bhid	prati-			1	pratibhid		prefixus
bhid	pravi-			1	pravibhid		prefixus
bhid	sam-			1	sambhid		prefixus
bhid	samud-			1	samudbhid		prefixus
bhid	ud-			1	udbhid		prefixus
bhid	vi-			1	vibhid		prefixus
bhid	vyati-			1	vyatibhid		prefixus
bhikṣ				1	bhikṣ	1:81	prefixus+classfreq
bhikṣ	anu-			1	anubhikṣ		prefixus
bhiṣaj						2:1	classfreq
bhojay				1	bhojay	10:426	prefixus+classfreq
bhojay	prati-			1	pratibhojay		prefixus
bhojay	saṃ-			1	saṃbhojay		prefixus
bhojay	upa-			1	upabhojay		prefixus
bhram		roam	1	1	bhram	4:543	prefixus+semantics+classfreq
bhram	anu-			1	anubhram		prefixus
bhram	pari-			1	paribhram		prefixus
bhram	sam-			1	sambhram		prefixus
bhram	samud-			1	samudbhram		prefixus
bhram	ud-			1	udbhram		prefixus
bhram	upasaṃ-			1	upasaṃbhram		prefixus
bhram	vi-			1	vibhram		prefixus
bhramay				1	bhramay	10:18	prefixus+classfreq
bhramay	pari-			1	paribhramay		prefixus
bhramay	samud-			1	samudbhramay		prefixus
bhraṁś						1:311	classfreq
bhraṁśay						10:28	classfreq
bhraṃç				1	bhraṃś		prefixus
bhraṃç	pari-			1	paribhraṃś		prefixus
bhraṃç	pra-			1	prabhraṃś		prefixus
bhraṃç	sam-			1	sambhraṃś		prefixus
bhraṃç	vi-			1	vibhraṃś		prefixus
bhraṃśay				1	bhraṃśay		prefixus
bhraṃśay	pra-			1	prabhraṃśay		prefixus
bhraṃśay	vi-			1	vibhraṃśay		prefixus
bhraṃśay	ā-			1	ābhraṃśay		prefixus
bhreṣ						1:1	classfreq
bhrāj				1	bhrāj	1:164	prefixus+classfreq
bhrāj	pari-			1	paribhrāj		prefixus
bhrāj	vi-			1	vibhrāj		prefixus
bhrājay				1	bhrājay	10:2	prefixus+classfreq
bhrājay	vi-			1	vibhrājay		prefixus
bhrāmay				1	bhrāmay	10:127	prefixus+classfreq
bhrāmay	anu-			1	anubhrāmay		prefixus
bhrāmay	saṃ-			1	saṃbhrāmay		prefixus
bhrāmay	vi-			1	vibhrāmay		prefixus
bhrāmay	ā-			1	ābhrāmay		prefixus
bhrāśay						10:1	classfreq
bhrī						7:1	classfreq
bhuj		eat/enjoy	8	2	bhuj	6:4620	prefixus+semantics+classfreq
bhuj	anu-			1	anubhuj		prefixus
bhuj	ava-			1	avabhuj		prefixus
bhuj	pari-			2	paribhuj		prefixus
bhuj	paryupa-			1	paryupabhuj		prefixus
bhuj	pra-			2	prabhuj		prefixus
bhuj	prati-			1	pratibhuj		prefixus
bhuj	pravi-			1	pravibhuj		prefixus
bhuj	sam-			1	sambhuj		prefixus
bhuj	samanu-			1	samanubhuj		prefixus
bhuj	samupa-			1	samupabhuj		prefixus
bhuj	saṃ-			1	saṃbhuj		prefixus
bhuj	upa-			1	upabhuj		prefixus
bhuj	vi-			1	vibhuj		prefixus
bhuj	ā-			1	ābhuj		prefixus
bhur						6:3	classfreq
bhuraj						6:1	classfreq
bhā				1	bhā	2:649	prefixus+classfreq
bhā	abhi-			1	abhibhā		prefixus
bhā	anu-			1	anubhā		prefixus
bhā	ati-			1	atibhā		prefixus
bhā	ava-			1	avabhā		prefixus
bhā	pari-			1	paribhā		prefixus
bhā	pra-			1	prabhā		prefixus
bhā	prati-			1	pratibhā		prefixus
bhā	pravi-			1	pravibhā		prefixus
bhā	sam-			1	sambhā		prefixus
bhā	sampra-			1	samprabhā		prefixus
bhā	samprati-			1	sampratibhā		prefixus
bhā	samud-			1	samudbhā		prefixus
bhā	samā-			1	samābhā		prefixus
bhā	ud-			1	udbhā		prefixus
bhā	vi-			1	vibhā		prefixus
bhā	ā-			1	ābhā		prefixus
bhāgīkṛ				1	bhāgīkṛ	8:2	prefixus+classfreq
bhājanībhū						1:2	classfreq
bhājanīkṛ						8:3	classfreq
bhājay				1	bhājay	10:25	prefixus+classfreq
bhājay	vi-			1	vibhājay		prefixus
bhāpay				1	bhāpay	10:1	prefixus+classfreq
bhāray	saṃ-			1	saṃbhāray		prefixus
bhās		illuminate	2	1	bhās	1:102	prefixus+semantics+classfreq
bhās	ava-			1	avabhās		prefixus
bhās	pra-			1	prabhās		prefixus
bhās	prati-			1	pratibhās		prefixus
bhās	pratyava-			1	pratyavabhās		prefixus
bhās	ud-			1	udbhās		prefixus
bhās	vi-			1	vibhās		prefixus
bhās	vyava-			1	vyavabhās		prefixus
bhās	ā-			1	ābhās		prefixus
bhāsay				1	bhāsay	10:41	prefixus+classfreq
bhāsay	ava-			1	avabhāsay		prefixus
bhāsay	pra-			1	prabhāsay		prefixus
bhāsay	ud-			1	udbhāsay		prefixus
bhāsay	vyava-			1	vyavabhāsay		prefixus
bhāsay	ā-			1	ābhāsay		prefixus
bhāskṛ						8:1	classfreq
bhāsībhū	ā-			1	ābhāsībhū		prefixus
bhāvay				1	bhāvay	10:1439	prefixus+classfreq
bhāvay	anu-			1	anubhāvay		prefixus
bhāvay	ati-			1	atibhāvay		prefixus
bhāvay	ava-			1	avabhāvay		prefixus
bhāvay	pari-			1	paribhāvay		prefixus
bhāvay	parivi-			1	parivibhāvay		prefixus
bhāvay	parā-			1	parābhāvay		prefixus
bhāvay	pra-			1	prabhāvay		prefixus
bhāvay	prati-			1	pratibhāvay		prefixus
bhāvay	prativi-			1	prativibhāvay		prefixus
bhāvay	prādur-			1	prādurbhāvay		prefixus
bhāvay	sam-			1	sambhāvay		prefixus
bhāvay	saṃpari-			1	saṃparibhāvay		prefixus
bhāvay	saṃvi-			1	saṃvibhāvay		prefixus
bhāvay	ud-			1	udbhāvay		prefixus
bhāvay	vi-			1	vibhāvay		prefixus
bhāyay				1	bhāyay	10:2	prefixus+classfreq
bhāṣ				1	bhāṣ	1:1325	prefixus+classfreq
bhāṣ	abhi-			1	abhibhāṣ		prefixus
bhāṣ	anu-			1	anubhāṣ		prefixus
bhāṣ	apa-			1	apabhāṣ		prefixus
bhāṣ	ava-			1	avabhāṣ		prefixus
bhāṣ	pari-			1	paribhāṣ		prefixus
bhāṣ	pra-	speak		1	prabhāṣ		prefixus+semantics
bhāṣ	prati-			1	pratibhāṣ		prefixus
bhāṣ	pratyanu-			1	pratyanubhāṣ		prefixus
bhāṣ	sam-			1	sambhāṣ		prefixus
bhāṣ	samabhi-			1	samabhibhāṣ		prefixus
bhāṣ	sampra-			1	samprabhāṣ		prefixus
bhāṣ	samprati-			1	sampratibhāṣ		prefixus
bhāṣ	samā-			1	samābhāṣ		prefixus
bhāṣ	vi-			1	vibhāṣ		prefixus
bhāṣ	vipra-			1	viprabhāṣ		prefixus
bhāṣ	vyā-			1	vyābhāṣ		prefixus
bhāṣ	ā-			1	ābhāṣ		prefixus
bhāṣay				1	bhāṣay	10:7	prefixus+classfreq
bhāṣay	anu-			1	anubhāṣay		prefixus
bhāṣay	saṃ-			1	saṃbhāṣay		prefixus
bhī				1	bhī	1:1026	prefixus+classfreq
bhī	a-			1	abhī		prefixus
bhī	pra-			1	prabhī		prefixus
bhī	sama-			1	samabhī		prefixus
bhī	vi-			1	vibhī		prefixus
bhīkṣ	a-			1	abhīkṣ		prefixus
bhīṣ	a-			2	abhīṣ		prefixus
bhū				1	bhū	1:30478	prefixus+classfreq
bhū	abhi-	overcome		1	abhibhū		prefixus+semantics
bhū	abhisam-			1	abhisambhū		prefixus
bhū	abhyā-			1	abhyābhū		prefixus
bhū	adhyā-			1	adhyābhū		prefixus
bhū	anu-			1	anubhū		prefixus
bhū	anupra-			1	anuprabhū		prefixus
bhū	pari-			1	paribhū		prefixus
bhū	parā-			1	parābhū		prefixus
bhū	pra-	produce		1	prabhū		prefixus+semantics
bhū	prati-			1	pratibhū		prefixus
bhū	pratyanu-			1	pratyanubhū		prefixus
bhū	prādur-			1	prādurbhū		prefixus
bhū	sam-	manifest		1	sambhū		prefixus+semantics
bhū	samanu-			1	samanubhū		prefixus
bhū	samud-			1	samudbhū		prefixus
bhū	samā-			1	samābhū		prefixus
bhū	ud-			1	udbhū		prefixus
bhū	vi-			1	vibhū		prefixus
bhū	ā-			1	ābhū		prefixus
bhūtībhū				1	bhūtībhū	1:1	prefixus+classfreq
bhūṣ						1:40	classfreq
bhūṣ	pari-			1	paribhūṣ		prefixus
bhūṣay				1	bhūṣay	10:495	prefixus+classfreq
bhūṣay	ati-			1	atibhūṣay		prefixus
bhūṣay	saṃ-			1	saṃbhūṣay		prefixus
bhūṣay	vi-			1	vibhūṣay		prefixus
bhṛ		carry	1	1	bhṛ	1:1308	prefixus+semantics+classfreq
bhṛ	pra-			1	prabhṛ		prefixus
bhṛ	prā-			1	prābhṛ		prefixus
bhṛ	sam-			1	sambhṛ		prefixus
bhṛ	ud-			1	udbhṛ		prefixus
bhṛ	upa-			1	upabhṛ		prefixus
bhṛ	upasaṃ-			1	upasaṃbhṛ		prefixus
bhṛ	vi-			1	vibhṛ		prefixus
bhṛ	ā-			1	ābhṛ		prefixus
bhṛjj				1	bhṛjj	4:86	prefixus+classfreq
bhṛjj	pari-			1	paribhṛjj		prefixus
bimbīkṛ	prati-			1	pratibimbīkṛ		prefixus
bodhay				1	bodhay	10:168	prefixus+classfreq
bodhay	anu-			1	anubodhay		prefixus
bodhay	ava-			1	avabodhay		prefixus
bodhay	ni-			1	nibodhay		prefixus
bodhay	pra-			1	prabodhay		prefixus
bodhay	prati-			1	pratibodhay		prefixus
bodhay	sam-			1	sambodhay		prefixus
bodhay	ud-			1	udbodhay		prefixus
bodhay	vi-			1	vibodhay		prefixus
bodhay	ā-			1	ābodhay		prefixus
brahmasātkṛ						8:1	classfreq
bruḍ				1	bruḍ	6:7	prefixus+classfreq
brāhmīkṛ						8:1	classfreq
brū		speak	7	1	brū	2:7948	prefixus+semantics+classfreq
brū	adhi-			1	adhibrū		prefixus
brū	anu-			1	anubrū		prefixus
brū	ati-			1	atibrū		prefixus
brū	pra-			1	prabrū		prefixus
brū	prati-			1	pratibrū		prefixus
brū	sam-			1	sambrū		prefixus
brū	upa-			1	upabrū		prefixus
brū	vi-			1	vibrū		prefixus
brū	ā-			1	ābrū		prefixus
buddhīkṛ	supra-			1	suprabuddhīkṛ		prefixus
budh		know	5	1	budh	1:970	prefixus+semantics+classfreq
budh	abhisaṃ-			1	abhisaṃbudh		prefixus
budh	anu-			1	anubudh		prefixus
budh	ava-			1	avabudh		prefixus
budh	ni-			1	nibudh		prefixus
budh	pra-			1	prabudh		prefixus
budh	prati-			1	pratibudh		prefixus
budh	pratini-			1	pratinibudh		prefixus
budh	pratisaṃ-			1	pratisaṃbudh		prefixus
budh	prativi-			1	prativibudh		prefixus
budh	sam-			1	sambudh		prefixus
budh	samava-			1	samavabudh		prefixus
budh	sampra-			1	samprabudh		prefixus
budh	saṃni-			1	saṃnibudh		prefixus
budh	saṃprati-			1	saṃpratibudh		prefixus
budh	ud-			1	udbudh		prefixus
budh	vi-			1	vibudh		prefixus
budh	vini-			1	vinibudh		prefixus
budh	vipra-			1	viprabudh		prefixus
bādh				1	bādh	1:379	prefixus+classfreq
bādh	abhi-			1	abhibādh		prefixus
bādh	apa-			1	apabādh		prefixus
bādh	pari-			1	paribādh		prefixus
bādh	pra-			1	prabādh		prefixus
bādh	prati-			1	pratibādh		prefixus
bādh	sam-			1	sambādh		prefixus
bādh	sampra-			1	samprabādh		prefixus
bādh	vi-			1	vibādh		prefixus
bādh	ā-			1	ābādh		prefixus
bādhay				1	bādhay	10:10	prefixus+classfreq
bījīkṛ				1	bījīkṛ	8:3	prefixus+classfreq
būm	anu-			1	anubūm		prefixus
bṛhay	samupa-			1	samupabṛhay		prefixus
bṛṁh						1:18	classfreq
bṛṁhay						10:58	classfreq
bṛṃh				1	bṛṃh		prefixus
bṛṃh	vi-			1	vibṛṃh		prefixus
bṛṃhay				1	bṛṃhay		prefixus
bṛṃhay	pari-			1	paribṛṃhay		prefixus
bṛṃhay	saṃ-			1	saṃbṛṃhay		prefixus
bṛṃhay	upa-			1	upabṛṃhay		prefixus
cak				1	cak	1:44	prefixus+classfreq
cakrīkṛ				1	cakrīkṛ	8:1	prefixus+classfreq
cakās				1	cakās	2:20	prefixus+classfreq
cakṣ		name	2	1	cakṣ	2:83	prefixus+semantics+classfreq
cakṣ	abhi-			1	abhicakṣ		prefixus
cakṣ	anu-			1	anucakṣ		prefixus
cakṣ	pari-	call		1	paricakṣ		prefixus+semantics
cakṣ	pra-			1	pracakṣ		prefixus
cakṣ	prati-			1	praticakṣ		prefixus
cakṣ	pratyā-			1	pratyācakṣ		prefixus
cakṣ	sampra-			1	sampracakṣ		prefixus
cakṣ	samā-			1	samācakṣ		prefixus
cakṣ	saṃ-			1	saṃcakṣ		prefixus
cakṣ	vi-			1	vicakṣ		prefixus
cakṣ	vyā-			1	vyācakṣ		prefixus
cakṣ	ā-			1	ācakṣ		prefixus
cakṣay						10:3	classfreq
cal		move	4	1	cal	1:437	prefixus+semantics+classfreq
cal	pra-			1	pracal		prefixus
cal	prati-			1	pratical		prefixus
cal	pravi-			1	pravical		prefixus
cal	saṃ-			1	saṃcal		prefixus
cal	saṃpra-			1	saṃpracal		prefixus
cal	vi-			1	vical		prefixus
calay				1	calay	10:11	prefixus+classfreq
calay	pra-			1	pracalay		prefixus
cam	samā-			1	samācam		prefixus
cam	ā-			1	ācam		prefixus
camatkṛ				1	camatkṛ	8:1	prefixus+classfreq
can						1:2	classfreq
cand				1	cand	1:1	prefixus+classfreq
capalībhū				1	capalībhū	1:2	prefixus+classfreq
car		perform	8	1	car	1:3055	prefixus+semantics+classfreq
car	abhi-			1	abhicar		prefixus
car	abhivi-			1	abhivicar		prefixus
car	abhyā-			1	abhyācar		prefixus
car	adhyā-			1	adhyācar		prefixus
car	anu-			1	anucar		prefixus
car	anusaṃ-			1	anusaṃcar		prefixus
car	anuvi-			1	anuvicar		prefixus
car	apa-			1	apacar		prefixus
car	ati-			1	aticar		prefixus
car	ava-			1	avacar		prefixus
car	niḥ-	move					semantics
car	pari-			1	paricar		prefixus
car	pra-			1	pracar		prefixus
car	pratisaṃ-			1	pratisaṃcar		prefixus
car	pratyā-			1	pratyācar		prefixus
car	pravi-			1	pravicar		prefixus
car	sampra-			1	sampracar		prefixus
car	samudā-			1	samudācar		prefixus
car	samā-			1	samācar		prefixus
car	saṃ-			1	saṃcar		prefixus
car	saṃvi-			1	saṃvicar		prefixus
car	upa-			1	upacar		prefixus
car	vi-			1	vicar		prefixus
car	vyabhi-			1	vyabhicar		prefixus
car	vyapa-			1	vyapacar		prefixus
car	ā-	sam-ā		1	ācar		prefixus+semantics
carcay				1	carcay	10:36	prefixus+classfreq
carv				1	carv	1:150	prefixus+classfreq
carv	ava-			1	avacarv		prefixus
carv	pari-			1	paricarv		prefixus
carv	saṃ-			1	saṃcarv		prefixus
carvay				1	carvay	10:1	prefixus+classfreq
cat						1:6	classfreq
caurībhū						1:1	classfreq
cayīkṛ	ni-			1	nicayīkṛ		prefixus
cañc				1	cañc	1:19	prefixus+classfreq
caṭ				1	caṭ	1:2	prefixus+classfreq
cch	paripra-			1	paripracch		prefixus
cch	pra-			1	pracch		prefixus
cch	samanupra-			1	samanupracch		prefixus
cch	sampra-			1	sampracch		prefixus
cch	samāpra-			1	samāpracch		prefixus
cch	saṃparipra-			1	saṃparipracch		prefixus
cch	upapra-			1	upapracch		prefixus
cch	āpra-			1	āpracch		prefixus
cchad	ava-			1	avacchad		prefixus
cchad	pari-			1	paricchad		prefixus
cchad	pra-			1	pracchad		prefixus
cchad	prati-			1	praticchad		prefixus
cchad	samava-			1	samavacchad		prefixus
cchad	upa-			1	upacchad		prefixus
cchad	ā-			1	ācchad		prefixus
cchanday	ā-			1	ācchanday		prefixus
ccharday	pra-			1	praccharday		prefixus
ccheday	pra-			1	praccheday		prefixus
cchid	anu-			1	anucchid		prefixus
cchid	ava-			1	avacchid		prefixus
cchid	pari-			1	paricchid		prefixus
cchid	pra-			1	pracchid		prefixus
cchid	prati-			1	praticchid		prefixus
cchid	samā-			1	samācchid		prefixus
cchid	vi-			1	vicchid		prefixus
cchid	vipari-			1	viparicchid		prefixus
cchid	vyava-			1	vyavacchid		prefixus
cchid	ā-			1	ācchid		prefixus
cchā	ava-			1	avacchā		prefixus
cchā	pra-			1	pracchā		prefixus
cchā	saṃpra-			1	saṃpracchā		prefixus
cchāday	ava-			1	avacchāday		prefixus
cchāday	ni-			1	nicchāday		prefixus
cchāday	pra-			1	pracchāday		prefixus
cchāday	prati-			1	praticchāday		prefixus
cchāday	samā-			1	samācchāday		prefixus
cchāday	saṃpra-			1	saṃpracchāday		prefixus
cchāday	vi-			1	vicchāday		prefixus
cchāday	ā-			1	ācchāday		prefixus
cchīkṛ	a-			1	acchīkṛ		prefixus
ccyāvay	pra-			1	praccyāvay		prefixus
cetanīkṛ				1	cetanīkṛ	8:1	prefixus+classfreq
cetay				1	cetay	10:59	prefixus+classfreq
cetay	saṃ-			1	saṃcetay		prefixus
ceṣṭ		move	1	1	ceṣṭ	1:170	prefixus+semantics+classfreq
ceṣṭ	ati-			1	aticeṣṭ		prefixus
ceṣṭ	ava-			1	avaceṣṭ		prefixus
ceṣṭ	saṃ-			1	saṃceṣṭ		prefixus
ceṣṭ	saṃvi-			1	saṃviceṣṭ		prefixus
ceṣṭ	vi-			1	viceṣṭ		prefixus
ceṣṭ	vyati-			1	vyaticeṣṭ		prefixus
ceṣṭ	ā-			1	āceṣṭ		prefixus
ceṣṭay				1	ceṣṭay	10:17	prefixus+classfreq
ceṣṭay	vi-			1	viceṣṭay		prefixus
chad				1	chad	1:206	prefixus+classfreq
chad	abhisaṃ-			1	abhisaṃchad		prefixus
chad	pratisaṃ-			1	pratisaṃchad		prefixus
chad	samā-			1	samāchad		prefixus
chad	saṃ-			1	saṃchad		prefixus
chaday						10:8	classfreq
chal						1:1	classfreq
chalay				1	chalay	10:15	prefixus+classfreq
chand				1	chand	2:15	prefixus+classfreq
chanday				1	chanday	10:33	prefixus+classfreq
chanday	saṃ-			1	saṃchanday		prefixus
charday				1	charday	10:41	prefixus+classfreq
cheday				1	cheday	10:49	prefixus+classfreq
cheday	saṃ-			1	saṃcheday		prefixus
chid		cut	4	1	chid	1:1825	prefixus+semantics+classfreq
chid	saṃ-			1	saṃchid		prefixus
chidrīkṛ						8:1	classfreq
chup				1	chup	6:3	prefixus+classfreq
chā						4:2	classfreq
chāday				1	chāday	10:260	prefixus+classfreq
chāday	pratisaṃ-			1	pratisaṃchāday		prefixus
chāday	saṃ-			1	saṃchāday		prefixus
ci		determine	1	2	ci	1:261|3:24	prefixus+semantics+classfreq
ci	anusaṃ-			1	anusaṃci		prefixus
ci	apa-			2	apaci		prefixus
ci	ava-			1	avaci		prefixus
ci	ni-			1	nici		prefixus
ci	pari-			2	parici		prefixus
ci	pra-			1	praci		prefixus
ci	pravi-			1	pravici		prefixus
ci	sampra-			1	sampraci		prefixus
ci	samupa-			1	samupaci		prefixus
ci	samā-			1	samāci		prefixus
ci	saṃ-			1	saṃci		prefixus
ci	saṃni-			1	saṃnici		prefixus
ci	upa-			1	upaci		prefixus
ci	vi-			2	vici		prefixus
ci	vini-			1	vinici		prefixus
ci	ā-			1	āci		prefixus
cint		think	1				semantics
cintay				1	cintay	10:1374	prefixus+classfreq
cintay	abhi-			1	abhicintay		prefixus
cintay	abhisaṃ-			1	abhisaṃcintay		prefixus
cintay	abhivi-			1	abhivicintay		prefixus
cintay	anu-			1	anucintay		prefixus
cintay	anusaṃ-			1	anusaṃcintay		prefixus
cintay	anuvi-			1	anuvicintay		prefixus
cintay	pari-			1	paricintay		prefixus
cintay	pra-			1	pracintay		prefixus
cintay	pravi-			1	pravicintay		prefixus
cintay	samanu-			1	samanucintay		prefixus
cintay	saṃ-			1	saṃcintay		prefixus
cintay	upa-			1	upacintay		prefixus
cintay	vi-			1	vicintay		prefixus
cintay	ā-			1	ācintay		prefixus
cipiṭībhū				1	cipiṭībhū	1:1	prefixus+classfreq
cit				1	cit	1:204	prefixus+classfreq
cit	saṃ-			1	saṃcit		prefixus
citay						10:21	classfreq
citrīkṛ	vi-			1	vicitrīkṛ		prefixus
cod	abhico-			1	abhicoday		prefixus
coday				1	coday	10:609	prefixus+classfreq
coday	abhipra-			1	abhipracoday		prefixus
coday	anu-			1	anucoday		prefixus
coday	pari-			1	paricoday		prefixus
coday	pra-			1	pracoday		prefixus
coday	prati-			1	praticoday		prefixus
coday	sampra-			1	sampracoday		prefixus
coday	saṃ-			1	saṃcoday		prefixus
coday	ā-			1	ācoday		prefixus
coray				1	coray	10:19	prefixus+classfreq
corībhū						1:1	classfreq
cud				1	cud	1:30	prefixus+classfreq
cud	pra-			1	pracud		prefixus
cud	saṃ-			1	saṃcud		prefixus
cumb				1	cumb	1:66	prefixus+classfreq
cumb	abhi-			1	abhicumb		prefixus
cumb	pari-			1	paricumb		prefixus
cumb	prati-			1	praticumb		prefixus
cumb	ā-			1	ācumb		prefixus
cumbay				1	cumbay	10:3	prefixus+classfreq
cup				1	cup	1:4	prefixus+classfreq
curībhū	pra-			1	pracurībhū		prefixus
cyotay				1	cyotay	10:1	prefixus+classfreq
cyu		fall/go	1	1	cyu	1:607	prefixus+semantics+classfreq
cyu	apa-			1	apacyu		prefixus
cyu	pari-			1	paricyu		prefixus
cyu	pra-			1	pracyu		prefixus
cyu	vi-			1	vicyu		prefixus
cyut				1	cyut	1:5	prefixus+classfreq
cyāvay				1	cyāvay	10:57	prefixus+classfreq
cyāvay	saṃ-			1	saṃcyāvay		prefixus
cālay				1	cālay	10:146	prefixus+classfreq
cālay	ava-			1	avacālay		prefixus
cālay	pari-			1	paricālay		prefixus
cālay	pra-			1	pracālay		prefixus
cālay	pravi-			1	pravicālay		prefixus
cālay	saṃ-			1	saṃcālay		prefixus
cālay	saṃpra-			1	saṃpracālay		prefixus
cālay	vi-			1	vicālay		prefixus
cālay	ā-			1	ācālay		prefixus
cāmay	ā-			1	ācāmay		prefixus
cāray				1	cāray	10:118	prefixus+classfreq
cāray	abhyava-			1	abhyavacāray		prefixus
cāray	anu-			1	anucāray		prefixus
cāray	anusaṃ-			1	anusaṃcāray		prefixus
cāray	ava-			1	avacāray		prefixus
cāray	pari-			1	paricāray		prefixus
cāray	pra-			1	pracāray		prefixus
cāray	pravi-			1	pravicāray		prefixus
cāray	saṃ-			1	saṃcāray		prefixus
cāray	saṃvi-			1	saṃvicāray		prefixus
cāray	upa-			1	upacāray		prefixus
cāray	vi-			1	vicāray		prefixus
cāray	vyabhi-			1	vyabhicāray		prefixus
cātay						10:8	classfreq
cāy						1:10	classfreq
cūrṇībhū				1	cūrṇībhū	1:10	prefixus+classfreq
cūrṇīkṛ				1	cūrṇīkṛ	8:72	prefixus+classfreq
cūṣ				1	cūṣ	1:20	prefixus+classfreq
cūṣ	saṃ-			1	saṃcūṣ		prefixus
cūṣ	ā-			1	ācūṣ		prefixus
cūṣay				1	cūṣay	10:2	prefixus+classfreq
cṛt						6:18	classfreq
dabh						1:35	classfreq
dadhīkṛ				1	dadhīkṛ	8:1	prefixus+classfreq
dagh						5:14	classfreq
dah		burn	2	1	dah	2:2012	prefixus+semantics+classfreq
dah	anu-			1	anudah		prefixus
dah	ava-			1	avadah		prefixus
dah	pari-			1	paridah		prefixus
dah	pra-			1	pradah		prefixus
dah	prati-			1	pratidah		prefixus
dah	sampra-			1	sampradah		prefixus
dah	saṃ-			1	saṃdah		prefixus
dah	upa-			1	upadah		prefixus
dah	vi-			1	vidah		prefixus
dah	vipra-			1	vipradah		prefixus
dah	vyatisaṃ-			1	vyatisaṃdah		prefixus
dah	ā-			1	ādah		prefixus
dakṣ						1:6	classfreq
dakṣiṇīkṛ				1	dakṣiṇīkṛ	8:3	prefixus+classfreq
dakṣiṇīkṛ	pra-			1	pradakṣiṇīkṛ		prefixus
dal				1	dal	1:24	prefixus+classfreq
dal	ava-			1	avadal		prefixus
dal	vi-			1	vidal		prefixus
dalay				1	dalay	10:9	prefixus+classfreq
dam				1	dam	4:307	prefixus+classfreq
damay				1	damay	10:23	prefixus+classfreq
dambhay						10:7	classfreq
dan						1:1	classfreq
daray				1	daray	10:5	prefixus+classfreq
darpay				1	darpay	10:104	prefixus+classfreq
darpay	ati-			1	atidarpay		prefixus
darībhū	anā-			1	anādarībhū		prefixus
darśay				1	darśay	10:1159	prefixus+classfreq
darśay	abhi-			1	abhidarśay		prefixus
darśay	anu-			1	anudarśay		prefixus
darśay	anupra-			1	anupradarśay		prefixus
darśay	ni-			1	nidarśay		prefixus
darśay	pra-			1	pradarśay		prefixus
darśay	prati-			1	pratidarśay		prefixus
darśay	saṃ-			1	saṃdarśay		prefixus
darśay	saṃpra-			1	saṃpradarśay		prefixus
darśay	upa-			1	upadarśay		prefixus
darśay	vi-			1	vidarśay		prefixus
darśay	ā-			1	ādarśay		prefixus
das				1	das	1:16	prefixus+classfreq
dasay						10:1	classfreq
dasyusādbhū				1	dasyusādbhū	1:3	prefixus+classfreq
davay				1	davay	10:1	prefixus+classfreq
day						1:34	classfreq
day	ā-			1	āday		prefixus
daṁsay						10:1	classfreq
daṁś						1:274	classfreq
daṁśay						10:133	classfreq
daṃç				1	daṃś		prefixus
daṃç	abhi-			1	abhidaṃś		prefixus
daṃç	pari-			1	paridaṃś		prefixus
daṃç	saṃ-			1	saṃdaṃś		prefixus
daṃç	vi-			1	vidaṃś		prefixus
daṃç	ā-			1	ādaṃś		prefixus
daṃśay				1	daṃśay		prefixus
dehay	pra-			1	pradehay		prefixus
devay				1	devay	10:63	prefixus+classfreq
devay	pari-			1	paridevay		prefixus
deśay				1	deśay	10:228	prefixus+classfreq
deśay	prati-			1	pratideśay		prefixus
deśay	ud-			1	uddeśay		prefixus
deśay	upa-			1	upadeśay		prefixus
deśay	ā-			1	ādeśay		prefixus
dham				1	dham	1:1148	prefixus+classfreq
dham	atyā-			1	atyādham		prefixus
dham	ava-			1	avadham		prefixus
dham	pari-			1	paridham		prefixus
dham	pra-			1	pradham		prefixus
dham	samā-			1	samādham		prefixus
dham	saṃ-			1	saṃdham		prefixus
dham	upa-			1	upadham		prefixus
dham	vi-			1	vidham		prefixus
dham	ā-			1	ādham		prefixus
dhamay				1	dhamay	10:20	prefixus+classfreq
dhamay	ava-			1	avadhamay		prefixus
dhamūṣīkṛ	an-			1	andhamūṣīkṛ		prefixus
dhan						1:2	classfreq
dhan	samud-			1	samuddhan		prefixus
dhan	ud-			1	uddhan		prefixus
dhanay						10:3	classfreq
dhanv				1	dhanv	1:42	prefixus+classfreq
dhanvīkṛ						8:1	classfreq
dharmīkṛ				1	dharmīkṛ	8:1	prefixus+classfreq
dharībhū	a-			1	adharībhū		prefixus
dharīkṛ	a-			1	adharīkṛ		prefixus
dharṣay				1	dharṣay	10:97	prefixus+classfreq
dharṣay	abhi-			1	abhidharṣay		prefixus
dharṣay	pari-			1	paridharṣay		prefixus
dharṣay	pra-			1	pradharṣay		prefixus
dharṣay	sampra-			1	sampradharṣay		prefixus
dharṣay	ud-			1	uddharṣay		prefixus
dharṣay	vi-			1	vidharṣay		prefixus
dharṣay	ā-			1	ādharṣay		prefixus
dhav						1:3	classfreq
dhavalīkṛ						8:2	classfreq
dheyīkṛ	abhi-			1	abhidheyīkṛ		prefixus
dhi				1	dhi	5:7	prefixus+classfreq
dhi	vyad-			1	vyadhay		prefixus
dhikkṛ				1	dhikkṛ	8:2	prefixus+classfreq
dhiṣṭhā	pari-			1	paridhiṣṭhā		prefixus
dhmā		blow	4				semantics
dhmāpay				1	dhmāpay	10:54	prefixus+classfreq
dhmāpay	pra-			1	pradhmāpay		prefixus
dhmāpay	vi-			1	vidhmāpay		prefixus
dhmāpay	ā-			1	ādhmāpay		prefixus
dhraj						1:6	classfreq
dhukṣ	saṃ-			1	saṃdhukṣ		prefixus
dhukṣ	ud-			1	uddhukṣ		prefixus
dhukṣay	saṃ-			1	saṃdhukṣay		prefixus
dhukṣay	saṃpra-			1	saṃpradhukṣay		prefixus
dhvajīkṛ				1	dhvajīkṛ	8:1	prefixus+classfreq
dhvan				1	dhvan	1:27	prefixus+classfreq
dhvan	pra-			1	pradhvan		prefixus
dhvanay				1	dhvanay	10:6	prefixus+classfreq
dhvasay						10:3	classfreq
dhvaṁs						1:118	classfreq
dhvaṁsay						10:11	classfreq
dhvaṃs				1	dhvaṃs		prefixus
dhvaṃs	abhi-			1	abhidhvaṃs		prefixus
dhvaṃs	apa-			1	apadhvaṃs		prefixus
dhvaṃs	pari-			1	paridhvaṃs		prefixus
dhvaṃs	pra-			1	pradhvaṃs		prefixus
dhvaṃs	prati-			1	pratidhvaṃs		prefixus
dhvaṃs	pravi-			1	pravidhvaṃs		prefixus
dhvaṃs	samud-			1	samuddhvaṃs		prefixus
dhvaṃs	ud-			1	uddhvaṃs		prefixus
dhvaṃs	upa-			1	upadhvaṃs		prefixus
dhvaṃs	vi-			1	vidhvaṃs		prefixus
dhvaṃs	vini-			1	vinidhvaṃs		prefixus
dhvaṃsay				1	dhvaṃsay		prefixus
dhvaṃsay	pra-			1	pradhvaṃsay		prefixus
dhvaṃsay	ud-			1	uddhvaṃsay		prefixus
dhvaṃsay	vi-			1	vidhvaṃsay		prefixus
dhvānay						10:1	classfreq
dhvṛ						1:2	classfreq
dhyai	abhi-			1	abhidhyai		prefixus
dhyai	abhini-			1	abhinidhyai		prefixus
dhyā				1	dhyā	3:988	prefixus+classfreq
dhyā	anu-			1	anudhyā		prefixus
dhyā	apa-			1	apadhyā		prefixus
dhyā	ava-			1	avadhyā		prefixus
dhyā	ni-			1	nidhyā		prefixus
dhyā	pra-			1	pradhyā		prefixus
dhyā	samabhi-			1	samabhidhyā		prefixus
dhyā	samanu-			1	samanudhyā		prefixus
dhyā	samapa-			1	samapadhyā		prefixus
dhyā	samā-			1	samādhyā		prefixus
dhyā	saṃ-			1	saṃdhyā		prefixus
dhyā	saṃpra-			1	saṃpradhyā		prefixus
dhyā	ā-			1	ādhyā		prefixus
dhyānībhū				1	dhyānībhū	1:2	prefixus+classfreq
dhyāpay						10:1	classfreq
dhā		put	16	2	dhā	1:2168|4:55	prefixus+semantics+classfreq
dhā	abhi-	name/call		1	abhidhā		prefixus+semantics
dhā	abhi-sam-	aim					semantics
dhā	abhini-			1	abhinidhā		prefixus
dhā	abhisamā-			1	abhisamādhā		prefixus
dhā	abhisaṃ-			1	abhisaṃdhā		prefixus
dhā	abhyava-			1	abhyavadhā		prefixus
dhā	abhyā-			1	abhyādhā		prefixus
dhā	adhisaṃ-			1	adhisaṃdhā		prefixus
dhā	anu-vi-	regulate					semantics
dhā	anusaṃ-			1	anusaṃdhā		prefixus
dhā	anuvi-			1	anuvidhā		prefixus
dhā	anvā-			1	anvādhā		prefixus
dhā	api-			1	apidhā		prefixus
dhā	atisaṃ-			1	atisaṃdhā		prefixus
dhā	ava-			1	avadhā		prefixus
dhā	avani-			1	avanidhā		prefixus
dhā	ni-			1	nidhā		prefixus
dhā	pari-			1	paridhā		prefixus
dhā	paryā-			1	paryādhā		prefixus
dhā	pra-			1	pradhā		prefixus
dhā	prasaṃ-			1	prasaṃdhā		prefixus
dhā	prati-			1	pratidhā		prefixus
dhā	pratini-			1	pratinidhā		prefixus
dhā	pratisamā-			1	pratisamādhā		prefixus
dhā	pratisaṃ-			1	pratisaṃdhā		prefixus
dhā	prativi-			1	pratividhā		prefixus
dhā	pratyabhi-			1	pratyabhidhā		prefixus
dhā	pratyapi-			1	pratyapidhā		prefixus
dhā	pravi-			1	pravidhā		prefixus
dhā	sam-ā-	concentrate					semantics
dhā	samabhi-			1	samabhidhā		prefixus
dhā	samabhisaṃ-			1	samabhisaṃdhā		prefixus
dhā	samā-			1	samādhā		prefixus
dhā	saṃ-			1	saṃdhā		prefixus
dhā	saṃni-			1	saṃnidhā		prefixus
dhā	saṃvi-			1	saṃvidhā		prefixus
dhā	upa-			1	upadhā		prefixus
dhā	upani-			1	upanidhā		prefixus
dhā	upasamā-			1	upasamādhā		prefixus
dhā	upasaṃ-			1	upasaṃdhā		prefixus
dhā	vi-	make/grant		1	vidhā		prefixus+semantics
dhā	vini-			1	vinidhā		prefixus
dhā	vipari-			1	viparidhā		prefixus
dhā	vyava-			1	vyavadhā		prefixus
dhā	vyā-			1	vyādhā		prefixus
dhā	ā-			1	ādhā		prefixus
dhāmay				1	dhāmay	10:45	prefixus+classfreq
dhāmay	pari-			1	paridhāmay		prefixus
dhānīkṛ	upa-			1	upadhānīkṛ		prefixus
dhāpay				1	dhāpay	10:8	prefixus+classfreq
dhāpay	ni-			1	nidhāpay		prefixus
dhāpay	pari-			1	paridhāpay		prefixus
dhāpay	saṃni-			1	saṃnidhāpay		prefixus
dhāpay	vi-			1	vidhāpay		prefixus
dhāpay	vini-			1	vinidhāpay		prefixus
dhāpay	vipari-			1	viparidhāpay		prefixus
dhāray				1	dhāray	10:1450	prefixus+classfreq
dhāray	abhi-			1	abhidhāray		prefixus
dhāray	ava-			1	avadhāray		prefixus
dhāray	ni-			1	nidhāray		prefixus
dhāray	pra-			1	pradhāray		prefixus
dhāray	sampra-			1	sampradhāray		prefixus
dhāray	saṃ-			1	saṃdhāray		prefixus
dhāray	saṃni-			1	saṃnidhāray		prefixus
dhāray	ud-			1	uddhāray		prefixus
dhāray	upa-			1	upadhāray		prefixus
dhāray	vi-			1	vidhāray		prefixus
dhāray	ā-			1	ādhāray		prefixus
dhārīkṛ	ā-			1	ādhārīkṛ		prefixus
dhāv				2	dhāv	1:622	prefixus+classfreq
dhāv	abhi-			1	abhidhāv		prefixus
dhāv	abhipra-			1	abhipradhāv		prefixus
dhāv	adhi-			1	adhidhāv		prefixus
dhāv	anu-			1	anudhāv		prefixus
dhāv	anupra-			1	anupradhāv		prefixus
dhāv	apa-			1	apadhāv		prefixus
dhāv	ni-			1	nidhāv		prefixus
dhāv	pari-			1	paridhāv		prefixus
dhāv	pra-			1	pradhāv		prefixus
dhāv	prati-			1	pratidhāv		prefixus
dhāv	samabhi-			1	samabhidhāv		prefixus
dhāv	samupa-			1	samupadhāv		prefixus
dhāv	samā-			1	samādhāv		prefixus
dhāv	saṃ-			1	saṃdhāv		prefixus
dhāv	saṃpra-			1	saṃpradhāv		prefixus
dhāv	upa-			1	upadhāv		prefixus
dhāv	vi-			2	vidhāv		prefixus
dhāv	vipari-			1	viparidhāv		prefixus
dhāv	vipra-			1	vipradhāv		prefixus
dhāv	vyava-			1	vyavadhāv		prefixus
dhāv	ā-			1	ādhāv		prefixus
dhāvay				1	dhāvay	10:19	prefixus+classfreq
dhāvay	pra-			1	pradhāvay		prefixus
dhī						3:39	classfreq
dhī	a-			1	adhī		prefixus
dhī	prā-			1	prādhī		prefixus
dhī	sama-			1	samadhī		prefixus
dhībhū	an-			1	andhībhū		prefixus
dhīkṛ	an-			1	andhīkṛ		prefixus
dhīkṛ	ā-			1	ādhīkṛ		prefixus
dhīṣ	a-			1	adhīṣ		prefixus
dhū				1	dhū	6:186	prefixus+classfreq
dhū	ava-			1	avadhū		prefixus
dhū	ni-			1	nidhū		prefixus
dhū	pari-			1	paridhū		prefixus
dhū	pravi-			1	pravidhū		prefixus
dhū	samud-			1	samuddhū		prefixus
dhū	samā-			1	samādhū		prefixus
dhū	ud-			1	uddhū		prefixus
dhū	vi-			1	vidhū		prefixus
dhū	vyava-			1	vyavadhū		prefixus
dhū	vyā-			1	vyādhū		prefixus
dhū	ā-			1	ādhū		prefixus
dhūnay				1	dhūnay	10:5	prefixus+classfreq
dhūnay	ava-			1	avadhūnay		prefixus
dhūnay	vi-			1	vidhūnay		prefixus
dhūnay	vyava-			1	vyavadhūnay		prefixus
dhūrv						6:12	classfreq
dhṛ		hold	6	1	dhṛ	4:959	prefixus+semantics+classfreq
dhṛ	abhi-			1	abhidhṛ		prefixus
dhṛ	abhyud-			1	abhyuddhṛ		prefixus
dhṛ	ava-			1	avadhṛ		prefixus
dhṛ	ni-			1	nidhṛ		prefixus
dhṛ	pari-			1	paridhṛ		prefixus
dhṛ	pra-			1	pradhṛ		prefixus
dhṛ	samabhyud-			1	samabhyuddhṛ		prefixus
dhṛ	samud-			2	samuddhṛ		prefixus
dhṛ	saṃ-			1	saṃdhṛ		prefixus
dhṛ	ud-			2	uddhṛ		prefixus
dhṛ	upa-	consider					semantics
dhṛ	vi-			1	vidhṛ		prefixus
dhṛ	ā-			1	ādhṛ		prefixus
dhṛṣ				1	dhṛṣ	1:103	prefixus+classfreq
dhṛṣ	abhi-			1	abhidhṛṣ		prefixus
dhṛṣ	pra-			1	pradhṛṣ		prefixus
dhṛṣ	samā-			1	samādhṛṣ		prefixus
dhṛṣ	saṃpra-			1	saṃpradhṛṣ		prefixus
dih				1	dih	2:165	prefixus+classfreq
dih	abhisaṃ-			1	abhisaṃdih		prefixus
dih	anusaṃ-			1	anusaṃdih		prefixus
dih	ni-			1	nidih		prefixus
dih	pra-			1	pradih		prefixus
dih	samā-			1	samādih		prefixus
dih	saṃ-			1	saṃdih		prefixus
dih	upa-			1	upadih		prefixus
dih	ā-			1	ādih		prefixus
dinīkṛ				1	dinīkṛ	8:1	prefixus+classfreq
dis	samā-			1	samādis		prefixus
diç				1	diś		prefixus
diç	abhyupa-			1	abhyupadiś		prefixus
diç	anu-			1	anudiś		prefixus
diç	anvā-			1	anvādiś		prefixus
diç	apa-			1	apadiś		prefixus
diç	ati-			1	atidiś		prefixus
diç	ni-			1	nidiś		prefixus
diç	pra-			1	pradiś		prefixus
diç	prati-			1	pratidiś		prefixus
diç	pratisamā-			1	pratisamādiś		prefixus
diç	pratisaṃ-			1	pratisaṃdiś		prefixus
diç	pratyupa-			1	pratyupadiś		prefixus
diç	pratyā-			1	pratyādiś		prefixus
diç	sampra-			1	sampradiś		prefixus
diç	samud-			1	samuddiś		prefixus
diç	samupa-			1	samupadiś		prefixus
diç	saṃ-			1	saṃdiś		prefixus
diç	ud-			1	uddiś		prefixus
diç	upa-			1	upadiś		prefixus
diç	vyapa-			1	vyapadiś		prefixus
diç	vyā-			1	vyādiś		prefixus
diç	ā-			1	ādiś		prefixus
diś		explain	2			6:146	semantics+classfreq
diś	ut-	aim					semantics
do						6:6	classfreq
dohay				1	dohay	10:3	prefixus+classfreq
dohay	ava-			1	avadohay		prefixus
dravay						10:1	classfreq
dravībhū				1	dravībhū	1:17	prefixus+classfreq
dravīkṛ				1	dravīkṛ	8:14	prefixus+classfreq
dru		run	2	1	dru	1:998	prefixus+semantics+classfreq
dru	abhi-			1	abhidru		prefixus
dru	abhivi-			1	abhividru		prefixus
dru	abhyā-			1	abhyādru		prefixus
dru	anu-			1	anudru		prefixus
dru	anvā-			1	anvādru		prefixus
dru	apa-			1	apadru		prefixus
dru	ati-			1	atidru		prefixus
dru	parā-			1	parādru		prefixus
dru	pra-			1	pradru		prefixus
dru	pravi-			1	pravidru		prefixus
dru	prā-			1	prādru		prefixus
dru	samabhi-			1	samabhidru		prefixus
dru	samabhipra-			1	samabhipradru		prefixus
dru	sampra-			1	sampradru		prefixus
dru	samupa-			1	samupadru		prefixus
dru	samā-			1	samādru		prefixus
dru	saṃ-			1	saṃdru		prefixus
dru	saṃvi-			1	saṃvidru		prefixus
dru	upa-			1	upadru		prefixus
dru	vi-			1	vidru		prefixus
dru	vipra-			1	vipradru		prefixus
dru	vyapa-			1	vyapadru		prefixus
dru	ā-			1	ādru		prefixus
druh				1	druh	6:48	prefixus+classfreq
druh	abhi-			1	abhidruh		prefixus
druh	vi-			1	vidruh		prefixus
drutīkṛ				1	drutīkṛ	8:3	prefixus+classfreq
drā						2:11	classfreq
drāvay				1	drāvay	10:307	prefixus+classfreq
drāvay	abhi-			1	abhidrāvay		prefixus
drāvay	pari-			1	paridrāvay		prefixus
drāvay	pra-			1	pradrāvay		prefixus
drāvay	saṃ-			1	saṃdrāvay		prefixus
drāvay	vi-			1	vidrāvay		prefixus
drū						9:1	classfreq
du				1	du	4:66	prefixus+classfreq
du	pari-			1	paridu		prefixus
du	pra-			1	pradu		prefixus
du	vi-			1	vidu		prefixus
dudh						1:6	classfreq
duh				1	duh	4:356	prefixus+classfreq
duh	abhi-			1	abhiduh		prefixus
duh	pra-			1	praduh		prefixus
duh	saṃ-			1	saṃduh		prefixus
durbalīkṛ						8:1	classfreq
durbhagīkṛ						8:1	classfreq
durjanīkṛ						8:1	classfreq
duḥkhākṛ						8:1	classfreq
duḥkhībhū						1:1	classfreq
duṣ		corrupt	1	1	duṣ	4:755	prefixus+semantics+classfreq
duṣ	anu-			1	anuduṣ		prefixus
duṣ	pra-			1	praduṣ		prefixus
duṣ	prati-			1	pratiduṣ		prefixus
duṣ	sampra-			1	sampraduṣ		prefixus
duṣ	saṃ-			1	saṃduṣ		prefixus
duṣ	vi-			1	viduṣ		prefixus
duṣ	vipra-			1	vipraduṣ		prefixus
duṣkṛ	prā-			1	prāduṣkṛ		prefixus
duṣṭībhū				1	duṣṭībhū	1:1	prefixus+classfreq
dvaidhībhū				1	dvaidhībhū	1:6	prefixus+classfreq
dvaidhīkṛ				1	dvaidhīkṛ	8:3	prefixus+classfreq
dvaṁdvībhū						1:2	classfreq
dvaṁdvīkṛ						8:2	classfreq
dvaṃdvībhū				1	dvaṃdvībhū		prefixus
dvaṃdvīkṛ				1	dvaṃdvīkṛ		prefixus
dveṣay	vi-			1	vidveṣay		prefixus
dvidhākṛ				1	dvidhākṛ	8:4	prefixus+classfreq
dviguṇībhū				1	dviguṇībhū	1:4	prefixus+classfreq
dviguṇīkṛ						8:2	classfreq
dvividhīkṛ				1	dvividhīkṛ	8:1	prefixus+classfreq
dviṣ		hate	5	1	dviṣ	1:659	prefixus+semantics+classfreq
dviṣ	pari-			1	paridviṣ		prefixus
dviṣ	pra-			1	pradviṣ		prefixus
dviṣ	saṃ-			1	saṃdviṣ		prefixus
dviṣ	vi-			1	vidviṣ		prefixus
dvārībhū						1:1	classfreq
dyotay				1	dyotay	10:38	prefixus+classfreq
dyotay	pra-			1	pradyotay		prefixus
dyotay	ud-			1	uddyotay		prefixus
dyotay	vi-			1	vidyotay		prefixus
dyut				1	dyut	1:54	prefixus+classfreq
dyut	vi-			1	vidyut		prefixus
dyutay						10:1	classfreq
dā		give	10	2	dā	1:9876|4:8	prefixus+semantics+classfreq
dā	abhi-			1	abhidā		prefixus
dā	abhyā-			1	abhyādā		prefixus
dā	anupra-			1	anupradā		prefixus
dā	apā-			1	apādā		prefixus
dā	ati-			1	atidā		prefixus
dā	pari-			1	paridā		prefixus
dā	parisamā-			1	parisamādā		prefixus
dā	paryā-			1	paryādā		prefixus
dā	pra-	offer		1	pradā		prefixus+semantics
dā	prati-			1	pratidā		prefixus
dā	pratipra-			1	pratipradā		prefixus
dā	pratyā-			1	pratyādā		prefixus
dā	sampra-			1	sampradā		prefixus
dā	samā-			1	samādā		prefixus
dā	saṃ-			1	saṃdā		prefixus
dā	ud-			1	uddā		prefixus
dā	upa-			1	upadā		prefixus
dā	vyā-			1	vyādā		prefixus
dā	ā-	take		1	ādā		prefixus+semantics
dāhay				1	dāhay	10:61	prefixus+classfreq
dāhay	pari-			1	paridāhay		prefixus
dāhay	saṃ-			1	saṃdāhay		prefixus
dālay				1	dālay	10:7	prefixus+classfreq
dālay	ud-			1	uddālay		prefixus
dāpay				1	dāpay	10:491	prefixus+classfreq
dāpay	abhi-			1	abhidāpay		prefixus
dāpay	anu-			1	anudāpay		prefixus
dāpay	pra-			1	pradāpay		prefixus
dāpay	prati-			1	pratidāpay		prefixus
dāpay	saṃ-			1	saṃdāpay		prefixus
dāpay	saṃpra-			1	saṃpradāpay		prefixus
dāray				1	dāray	10:141	prefixus+classfreq
dāray	ava-			1	avadāray		prefixus
dāray	pra-			1	pradāray		prefixus
dāray	pravi-			1	pravidāray		prefixus
dāray	saṃ-			1	saṃdāray		prefixus
dāray	vi-			1	vidāray		prefixus
dāruṇībhū				1	dāruṇībhū	1:1	prefixus+classfreq
dās				1	dās	1:1	prefixus+classfreq
dās	abhi-			1	abhidās		prefixus
dāsīkṛ				1	dāsīkṛ	8:7	prefixus+classfreq
dāyay				1	dāyay	10:1	prefixus+classfreq
dāś						5:239	classfreq
dī						4:11	classfreq
dīkṣ				1	dīkṣ	1:88	prefixus+classfreq
dīkṣay				1	dīkṣay	10:80	prefixus+classfreq
dīkṣāpay						10:1	classfreq
dīp				1	dīp	4:1049	prefixus+classfreq
dīp	pari-			1	paridīp		prefixus
dīp	pra-			1	pradīp		prefixus
dīp	samud-			1	samuddīp		prefixus
dīp	saṃ-			1	saṃdīp		prefixus
dīp	saṃpra-			1	saṃpradīp		prefixus
dīp	ud-			1	uddīp		prefixus
dīp	vi-			1	vidīp		prefixus
dīp	ā-			1	ādīp		prefixus
dīpay				1	dīpay	10:90	prefixus+classfreq
dīpay	abhi-			1	abhidīpay		prefixus
dīpay	abhivi-			1	abhividīpay		prefixus
dīpay	ava-			1	avadīpay		prefixus
dīpay	pari-			1	paridīpay		prefixus
dīpay	pra-			1	pradīpay		prefixus
dīpay	sampra-			1	sampradīpay		prefixus
dīpay	samud-			1	samuddīpay		prefixus
dīpay	saṃ-			1	saṃdīpay		prefixus
dīpay	ud-			1	uddīpay		prefixus
dīpay	upa-			1	upadīpay		prefixus
dīpay	vi-			1	vidīpay		prefixus
dīpay	ā-			1	ādīpay		prefixus
dīpībhū				1	dīpībhū	1:1	prefixus+classfreq
dīrghīkṛ				1	dīrghīkṛ	8:5	prefixus+classfreq
dīv				1	dīv	1:1|4:97	prefixus+classfreq
dīv	pari-			1	paridīv		prefixus
dīv	prati-			1	pratidīv		prefixus
dūrībhū				1	dūrībhū	1:10	prefixus+classfreq
dūrīkṛ				1	dūrīkṛ	8:23	prefixus+classfreq
dūṣay				1	dūṣay	10:311	prefixus+classfreq
dūṣay	abhi-			1	abhidūṣay		prefixus
dūṣay	abhipra-			1	abhipradūṣay		prefixus
dūṣay	pra-			1	pradūṣay		prefixus
dūṣay	prati-			1	pratidūṣay		prefixus
dūṣay	saṃ-			1	saṃdūṣay		prefixus
dūṣay	vi-			1	vidūṣay		prefixus
dṛ				1	dṛ	9:127	prefixus+classfreq
dṛ	abhivi-			1	abhividṛ		prefixus
dṛ	anu-			1	anudṛ		prefixus
dṛ	ava-			1	avadṛ		prefixus
dṛ	pra-			1	pradṛ		prefixus
dṛ	vi-			1	vidṛ		prefixus
dṛ	vyava-			1	vyavadṛ		prefixus
dṛ	ā-			1	ādṛ		prefixus
dṛbh				1	dṛbh	6:2	prefixus+classfreq
dṛbh	pari-			1	paridṛbh		prefixus
dṛh				1	dṛh	4:41	prefixus+classfreq
dṛh	saṃ-			1	saṃdṛh		prefixus
dṛp				1	dṛp	4:87	prefixus+classfreq
dṛç				1	dṛś		prefixus
dṛç	abhi-			1	abhidṛś		prefixus
dṛç	anu-			1	anudṛś		prefixus
dṛç	anusaṃ-			1	anusaṃdṛś		prefixus
dṛç	pari-			1	paridṛś		prefixus
dṛç	pra-			1	pradṛś		prefixus
dṛç	prati-			1	pratidṛś		prefixus
dṛç	sampra-			1	sampradṛś		prefixus
dṛç	samupa-			1	samupadṛś		prefixus
dṛç	saṃ-			1	saṃdṛś		prefixus
dṛç	upa-			1	upadṛś		prefixus
dṛç	vi-			1	vidṛś		prefixus
dṛç	vyā-			1	vyādṛś		prefixus
dṛç	ā-			1	ādṛś		prefixus
dṛś		see	66			6:14292	semantics+classfreq
dṛśībhū	sa-			1	sadṛśībhū		prefixus
dṛḍhatarīkṛ				1	dṛḍhatarīkṛ	8:2	prefixus+classfreq
dṛḍhībhū				1	dṛḍhībhū	1:4	prefixus+classfreq
dṛḍhīkṛ				1	dṛḍhīkṛ	8:11	prefixus+classfreq
dṛṁhay						10:7	classfreq
dṛṣṭāntīkṛ				1	dṛṣṭāntīkṛ	8:2	prefixus+classfreq
dṝ		split	1				semantics
dṝ	vi-	break					semantics
e				1	e	2:721	prefixus+classfreq
e	abhisam-			1	abhisame		prefixus
e	abhy-			1	abhye		prefixus
e	anv-			1	anve		prefixus
e	pary-			1	parye		prefixus
e	praty-			1	pratye		prefixus
e	sam-			1	same		prefixus
e	samabhy-			1	samabhye		prefixus
e	ud-			1	ude		prefixus
e	upasam-			1	upasame		prefixus
edh				1	edh	1:124	prefixus+classfreq
edh	sam-			1	samedh		prefixus
edhay				1	edhay	10:2	prefixus+classfreq
edhay	sam-			1	samedhay		prefixus
ej				1	ej	1:44	prefixus+classfreq
ejay						10:1	classfreq
ekacittībhū				1	ekacittībhū	1:1	prefixus+classfreq
ekajvālībhū						1:1	classfreq
ekatrīkṛ				1	ekatrīkṛ	8:2	prefixus+classfreq
ekāgrībhū				1	ekāgrībhū	1:2	prefixus+classfreq
ekāgrīkṛ				1	ekāgrīkṛ	8:1	prefixus+classfreq
ekākīkṛ						8:1	classfreq
ekārṇavībhū				1	ekārṇavībhū	1:2	prefixus+classfreq
ekārṇavīkṛ				1	ekārṇavīkṛ	8:8	prefixus+classfreq
ekāyanīkṛ				1	ekāyanīkṛ	8:2	prefixus+classfreq
ekībhū				1	ekībhū	1:68	prefixus+classfreq
ekīkṛ				1	ekīkṛ	8:126	prefixus+classfreq
endh						2:2	classfreq
er						4:10	classfreq
eray						10:16	classfreq
eṣay				1	eṣay	10:16	prefixus+classfreq
eṣay	adhy-			1	adhyeṣay		prefixus
eṣay	anv-			1	anveṣay		prefixus
gad				1	gad	1:391	prefixus+classfreq
gad	ni-			1	nigad		prefixus
gad	pari-			1	parigad		prefixus
gal				1	gal	1:190	prefixus+classfreq
gal	pari-			1	parigal		prefixus
gal	pra-			1	pragal		prefixus
gal	pravi-			1	pravigal		prefixus
gal	samā-			1	samāgal		prefixus
gal	vi-			1	vigal		prefixus
gal	ā-			1	āgal		prefixus
galbh	pra-			1	pragalbh		prefixus
galbh	saṃpra-			1	saṃpragalbh		prefixus
gam		go	28	1	gam	6:15939	prefixus+semantics+classfreq
gam	abhi-			1	abhigam		prefixus
gam	abhisamā-			1	abhisamāgam		prefixus
gam	abhisaṃ-			1	abhisaṃgam		prefixus
gam	abhyanu-			1	abhyanugam		prefixus
gam	abhyud-			1	abhyudgam		prefixus
gam	abhyupa-			1	abhyupagam		prefixus
gam	abhyā-			1	abhyāgam		prefixus
gam	adhi-			1	adhigam		prefixus
gam	adhyā-			1	adhyāgam		prefixus
gam	anu-			1	anugam		prefixus
gam	anvā-			1	anvāgam		prefixus
gam	apa-			1	apagam		prefixus
gam	ati-			1	atigam		prefixus
gam	ava-	understand		1	avagam		prefixus+semantics
gam	ni-	obtain		1	nigam		prefixus+semantics
gam	pari-			1	parigam		prefixus
gam	paryā-			1	paryāgam		prefixus
gam	parā-			1	parāgam		prefixus
gam	pra-			1	pragam		prefixus
gam	prati-			1	pratigam		prefixus
gam	pratyava-			1	pratyavagam		prefixus
gam	pratyud-			1	pratyudgam		prefixus
gam	pratyā-			1	pratyāgam		prefixus
gam	sam-adhi-	attain					semantics
gam	samabhi-			1	samabhigam		prefixus
gam	samabhyā-			1	samabhyāgam		prefixus
gam	samadhi-			1	samadhigam		prefixus
gam	samanu-			1	samanugam		prefixus
gam	samanvā-			1	samanvāgam		prefixus
gam	samud-			1	samudgam		prefixus
gam	samupa-			1	samupagam		prefixus
gam	samā-			1	samāgam		prefixus
gam	saṃ-			1	saṃgam		prefixus
gam	ud-			1	udgam		prefixus
gam	upa-			1	upagam		prefixus
gam	upa-sam-	approach					semantics
gam	upasaṃ-			1	upasaṃgam		prefixus
gam	vi-			1	vigam		prefixus
gam	vipra-			1	vipragam		prefixus
gam	vyapa-			1	vyapagam		prefixus
gam	vyati-			1	vyatigam		prefixus
gam	ā-	come		1	āgam		prefixus+semantics
gamay				1	gamay	10:214	prefixus+classfreq
gamay	abhi-			1	abhigamay		prefixus
gamay	abhyupa-			1	abhyupagamay		prefixus
gamay	apa-			1	apagamay		prefixus
gamay	ava-			1	avagamay		prefixus
gamay	ni-			1	nigamay		prefixus
gamay	pari-			1	parigamay		prefixus
gamay	samā-			1	samāgamay		prefixus
gamay	saṃ-			1	saṃgamay		prefixus
gamay	ud-			1	udgamay		prefixus
gamay	upa-			1	upagamay		prefixus
gamay	ā-			1	āgamay		prefixus
gambhīrīkṛ				1	gambhīrīkṛ	8:1	prefixus+classfreq
garbhībhū						1:1	classfreq
garh				1	garh	1:159	prefixus+classfreq
garh	pari-			1	parigarh		prefixus
garh	saṃ-			1	saṃgarh		prefixus
garh	vi-			1	vigarh		prefixus
garhay				1	garhay	10:53	prefixus+classfreq
garhay	pari-			1	parigarhay		prefixus
garhay	vi-			1	vigarhay		prefixus
garj				1	garj	1:166	prefixus+classfreq
garj	abhi-			1	abhigarj		prefixus
garj	anu-			1	anugarj		prefixus
garj	ava-			1	avagarj		prefixus
garj	pra-			1	pragarj		prefixus
garj	prati-			1	pratigarj		prefixus
garj	ud-			1	udgarj		prefixus
garj	vi-			1	vigarj		prefixus
garjay				1	garjay	10:3	prefixus+classfreq
garv	abhi-			1	abhigarv		prefixus
gaskṛ	ā-			1	āgaskṛ		prefixus
gaḍīkṛ	vini-			1	vinigaḍīkṛ		prefixus
gaṇay				1	gaṇay	10:147	prefixus+classfreq
gaṇay	adhi-			1	adhigaṇay		prefixus
gaṇay	pari-			1	parigaṇay		prefixus
gaṇay	pra-			1	pragaṇay		prefixus
gaṇay	upa-			1	upagaṇay		prefixus
gaṇay	vi-			1	vigaṇay		prefixus
ghanībhū				1	ghanībhū	1:20	prefixus+classfreq
ghanīkṛ				1	ghanīkṛ	8:2	prefixus+classfreq
gharṣay				1	gharṣay	10:41	prefixus+classfreq
gharṣay	ava-			1	avagharṣay		prefixus
gharṣay	ni-			1	nigharṣay		prefixus
gharṣay	pra-			1	pragharṣay		prefixus
gharṣay	saṃ-			1	saṃgharṣay		prefixus
gharṣay	vi-			1	vigharṣay		prefixus
ghas						1:18	classfreq
ghaṭ				1	ghaṭ	1:96	prefixus+classfreq
ghaṭ	pari-			1	parighaṭ		prefixus
ghaṭ	ud-			1	udghaṭ		prefixus
ghaṭ	vi-			1	vighaṭ		prefixus
ghaṭay				1	ghaṭay	10:35	prefixus+classfreq
ghaṭay	saṃ-			1	saṃghaṭay		prefixus
ghaṭay	ud-			1	udghaṭay		prefixus
ghaṭay	vi-			1	vighaṭay		prefixus
ghaṭīkṛ				1	ghaṭīkṛ	8:1	prefixus+classfreq
ghaṭṭ				1	ghaṭṭ	1:2	prefixus+classfreq
ghaṭṭ	saṃ-			1	saṃghaṭṭ		prefixus
ghaṭṭ	vi-			1	vighaṭṭ		prefixus
ghaṭṭay				1	ghaṭṭay	10:45	prefixus+classfreq
ghaṭṭay	ava-			1	avaghaṭṭay		prefixus
ghaṭṭay	pari-			1	parighaṭṭay		prefixus
ghaṭṭay	saṃ-			1	saṃghaṭṭay		prefixus
ghaṭṭay	vi-			1	vighaṭṭay		prefixus
ghaṭṭay	ā-			1	āghaṭṭay		prefixus
ghoṣay				1	ghoṣay	10:43	prefixus+classfreq
ghoṣay	ava-			1	avaghoṣay		prefixus
ghoṣay	pra-			1	praghoṣay		prefixus
ghoṣay	saṃ-			1	saṃghoṣay		prefixus
ghoṣay	ud-			1	udghoṣay		prefixus
ghoṣay	vyā-			1	vyāghoṣay		prefixus
ghoṣay	ā-			1	āghoṣay		prefixus
ghrā				1	ghrā	3:95	prefixus+classfreq
ghrā	abhi-			1	abhighrā		prefixus
ghrā	ati-			1	atighrā		prefixus
ghrā	ava-			1	avaghrā		prefixus
ghrā	samupa-			1	samupaghrā		prefixus
ghrā	samā-			1	samāghrā		prefixus
ghrā	upa-			1	upaghrā		prefixus
ghrā	vi-			1	vighrā		prefixus
ghrā	ā-			1	āghrā		prefixus
ghrāpay	ā-			1	āghrāpay		prefixus
ghuṣ				1	ghuṣ	1:27	prefixus+classfreq
ghuṣ	ava-			1	avaghuṣ		prefixus
ghuṣ	pra-			1	praghuṣ		prefixus
ghuṣ	samud-			1	samudghuṣ		prefixus
ghuṣ	samā-			1	samāghuṣ		prefixus
ghuṣ	saṃ-			1	saṃghuṣ		prefixus
ghuṣ	ud-			1	udghuṣ		prefixus
ghuṣ	upa-			1	upaghuṣ		prefixus
ghuṣ	upasaṃ-			1	upasaṃghuṣ		prefixus
ghuṣ	vi-			1	vighuṣ		prefixus
ghuṣ	vipra-			1	vipraghuṣ		prefixus
ghuṣ	vyā-			1	vyāghuṣ		prefixus
ghāray	abhi-			1	abhighāray		prefixus
ghāray	ā-			1	āghāray		prefixus
ghātay				1	ghātay	10:237	prefixus+classfreq
ghātay	abhi-			1	abhighātay		prefixus
ghātay	pra-			1	praghātay		prefixus
ghātay	saṃ-			1	saṃghātay		prefixus
ghātay	upa-			1	upaghātay		prefixus
ghātay	vi-			1	vighātay		prefixus
ghātay	vyā-			1	vyāghātay		prefixus
ghātay	ā-			1	āghātay		prefixus
ghāṭay				1	ghāṭay	10:1	prefixus+classfreq
ghāṭay	samud-			1	samudghāṭay		prefixus
ghāṭay	ud-			1	udghāṭay		prefixus
ghāṭay	vi-			1	vighāṭay		prefixus
ghūrṇ				1	ghūrṇ	1:46	prefixus+classfreq
ghūrṇ	pari-			1	parighūrṇ		prefixus
ghūrṇ	vi-			1	vighūrṇ		prefixus
ghūrṇ	vyā-			1	vyāghūrṇ		prefixus
ghūrṇ	ā-			1	āghūrṇ		prefixus
ghūrṇay				1	ghūrṇay	10:3	prefixus+classfreq
ghṛ						3:7	classfreq
ghṛṣ				1	ghṛṣ	4:152	prefixus+classfreq
ghṛṣ	ava-			1	avaghṛṣ		prefixus
ghṛṣ	ni-			1	nighṛṣ		prefixus
ghṛṣ	pari-			1	parighṛṣ		prefixus
ghṛṣ	pra-			1	praghṛṣ		prefixus
ghṛṣ	sampra-			1	sampraghṛṣ		prefixus
ghṛṣ	saṃ-			1	saṃghṛṣ		prefixus
ghṛṣ	ud-			1	udghṛṣ		prefixus
ghṛṣ	vi-			1	vighṛṣ		prefixus
giray	ud-			1	udgiray		prefixus
glah				1	glah	1:9	prefixus+classfreq
glapay				1	glapay	10:16	prefixus+classfreq
glā				1	glā	4:60	prefixus+classfreq
glā	abhipari-			1	abhipariglā		prefixus
glā	pari-			1	pariglā		prefixus
glānībhū						1:3	classfreq
glāpay				1	glāpay	10:3	prefixus+classfreq
glāpay	vi-			1	viglāpay		prefixus
gnikṛ	parya-			1	paryagnikṛ		prefixus
gocarībhū				1	gocarībhū	1:2	prefixus+classfreq
gocarīkṛ						8:1	classfreq
golakīkṛ				1	golakīkṛ	8:6	prefixus+classfreq
golībhū				1	golībhū	1:1	prefixus+classfreq
gopay				1	gopay	10:60	prefixus+classfreq
gopay	saṃ-			1	saṃgopay		prefixus
grah		take	5	1	grah	6:4302	prefixus+semantics+classfreq
grah	abhi-			1	abhigrah		prefixus
grah	abhipra-			1	abhipragrah		prefixus
grah	anu-			1	anugrah		prefixus
grah	anusaṃ-			1	anusaṃgrah		prefixus
grah	apa-			1	apagrah		prefixus
grah	api-			1	apigrah		prefixus
grah	ava-			1	avagrah		prefixus
grah	ni-	hold back		1	nigrah		prefixus+semantics
grah	pari-			1	parigrah		prefixus
grah	pra-			1	pragrah		prefixus
grah	prati-			1	pratigrah		prefixus
grah	pratisaṃ-			1	pratisaṃgrah		prefixus
grah	sampari-			1	samparigrah		prefixus
grah	sampra-			1	sampragrah		prefixus
grah	samā-			1	samāgrah		prefixus
grah	saṃ-			1	saṃgrah		prefixus
grah	saṃni-			1	saṃnigrah		prefixus
grah	ud-			1	udgrah		prefixus
grah	upa-			1	upagrah		prefixus
grah	upasaṃ-			1	upasaṃgrah		prefixus
grah	vi-			1	vigrah		prefixus
grah	vini-			1	vinigrah		prefixus
grah	ā-			1	āgrah		prefixus
grahilībhū						1:1	classfreq
granth				1	granth	1:108	prefixus+classfreq
granth	pra-			1	pragranth		prefixus
granth	saṃ-			1	saṃgranth		prefixus
granth	ud-			1	udgranth		prefixus
granth	vi-			1	vigranth		prefixus
granthay				1	granthay	10:4	prefixus+classfreq
gras				1	gras	1:481	prefixus+classfreq
gras	pra-			1	pragras		prefixus
gras	saṃ-			1	saṃgras		prefixus
grathay				1	grathay	10:1	prefixus+classfreq
grāhay				1	grāhay	10:161	prefixus+classfreq
grāhay	abhi-			1	abhigrāhay		prefixus
grāhay	ni-			1	nigrāhay		prefixus
grāhay	prati-			1	pratigrāhay		prefixus
grāhay	saṃ-			1	saṃgrāhay		prefixus
grāhay	ud-			1	udgrāhay		prefixus
grāsay				1	grāsay	10:9	prefixus+classfreq
grāsīkṛ				1	grāsīkṛ	8:7	prefixus+classfreq
grībhū	a-			1	agrībhū		prefixus
guh				1	guh	6:439	prefixus+classfreq
guh	ava-			1	avaguh		prefixus
guh	ni-			1	niguh		prefixus
guh	pra-			1	praguh		prefixus
guh	saṃ-			1	saṃguh		prefixus
guh	upa-			1	upaguh		prefixus
guh	vi-			1	viguh		prefixus
guh	vini-			1	viniguh		prefixus
gumph				1	gumph	1:4	prefixus+classfreq
gup				1	gup	1:453	prefixus+classfreq
gup	abhi-			1	abhigup		prefixus
gup	abhisaṃ-			1	abhisaṃgup		prefixus
gup	anu-			1	anugup		prefixus
gup	ni-			1	nigup		prefixus
gup	pra-			1	pragup		prefixus
gup	saṃ-			1	saṃgup		prefixus
gur						6:18	classfreq
gur	ava-			1	avagur		prefixus
gurukṛ						8:92	classfreq
gurūkṛ						8:1	classfreq
guñj				1	guñj	1:9	prefixus+classfreq
guṇībhū				1	guṇībhū	1:1	prefixus+classfreq
guṇībhū	pra-			1	praguṇībhū		prefixus
guṇībhū	vi-			1	viguṇībhū		prefixus
guṇīkṛ				1	guṇīkṛ	8:18	prefixus+classfreq
guṇīkṛ	vi-			1	viguṇīkṛ		prefixus
guṇṭh				1	guṇṭh	1:1	prefixus+classfreq
guṇṭhay				1	guṇṭhay	10:21	prefixus+classfreq
guṇṭhay	ava-			1	avaguṇṭhay		prefixus
guṇṭhay	samava-			1	samavaguṇṭhay		prefixus
guṭikīkṛ				1	guṭikīkṛ	8:4	prefixus+classfreq
gā				2	gā	2:748|4:355	prefixus+classfreq
gā	abhi-			2	abhigā		prefixus
gā	abhyā-			1	abhyāgā		prefixus
gā	adhi-			2	adhigā		prefixus
gā	anu-			2	anugā		prefixus
gā	anvā-			1	anvāgā		prefixus
gā	apa-			1	apagā		prefixus
gā	ati-			1	atigā		prefixus
gā	ni-			1	nigā		prefixus
gā	pari-			2	parigā		prefixus
gā	pra-			2	pragā		prefixus
gā	prati-			1	pratigā		prefixus
gā	samabhi-			1	samabhigā		prefixus
gā	samabhyā-			1	samabhyāgā		prefixus
gā	samanu-			2	samanugā		prefixus
gā	sampra-			1	sampragā		prefixus
gā	samā-			1	samāgā		prefixus
gā	saṃ-			2	saṃgā		prefixus
gā	ud-			2	udgā		prefixus
gā	upa-			2	upagā		prefixus
gā	ā-			2	āgā		prefixus
gāh				1	gāh	1:60	prefixus+classfreq
gāh	abhivi-			1	abhivigāh		prefixus
gāh	anu-			1	anugāh		prefixus
gāh	ati-			1	atigāh		prefixus
gāh	ava-			1	avagāh		prefixus
gāh	pra-			1	pragāh		prefixus
gāh	prativi-			1	prativigāh		prefixus
gāh	pravi-			1	pravigāh		prefixus
gāh	samava-			1	samavagāh		prefixus
gāh	sampra-			1	sampragāh		prefixus
gāh	saṃ-			1	saṃgāh		prefixus
gāh	saṃpravi-			1	saṃpravigāh		prefixus
gāh	saṃvi-			1	saṃvigāh		prefixus
gāh	vi-			1	vigāh		prefixus
gāh	vyava-			1	vyavagāh		prefixus
gāhay	ava-			1	avagāhay		prefixus
gālay				1	gālay	10:163	prefixus+classfreq
gālay	ni-			1	nigālay		prefixus
gālay	pari-			1	parigālay		prefixus
gālay	pra-			1	pragālay		prefixus
gālay	prati-			1	pratigālay		prefixus
gālay	saṃ-			1	saṃgālay		prefixus
gālay	vi-			1	vigālay		prefixus
gāmay						10:1	classfreq
gāpay				1	gāpay	10:3	prefixus+classfreq
gāḍhībhū	ava-			1	avagāḍhībhū		prefixus
gūhay				1	gūhay	10:7	prefixus+classfreq
gūhay	ni-			1	nigūhay		prefixus
gūhay	upa-			1	upagūhay		prefixus
gṛ				2	gṛ	9:574	prefixus+classfreq
gṛ	abhi-			1	abhigṛ		prefixus
gṛ	abhyud-			1	abhyudgṛ		prefixus
gṛ	ava-			1	avagṛ		prefixus
gṛ	ni-			1	nigṛ		prefixus
gṛ	pra-			1	pragṛ		prefixus
gṛ	samud-			1	samudgṛ		prefixus
gṛ	saṃ-			2	saṃgṛ		prefixus
gṛ	ud-			1	udgṛ		prefixus
gṛbhay						10:1	classfreq
gṛdh				1	gṛdh	4:57	prefixus+classfreq
gṛdh	anu-			1	anugṛdh		prefixus
gṛdh	prati-			1	pratigṛdh		prefixus
gṛdh	saṃ-			1	saṃgṛdh		prefixus
gṛhṇāpay				1	gṛhṇāpay	10:4	prefixus+classfreq
h	prā-			1	prāh		prefixus
h	saṃprā-			1	saṃprāh		prefixus
haimīkṛ				1	haimīkṛ	8:1	prefixus+classfreq
han		kill	23	1	han	6:7372	prefixus+semantics+classfreq
han	abhi-	beat		1	abhihan		prefixus+semantics
han	abhini-			1	abhinihan		prefixus
han	abhipra-			1	abhiprahan		prefixus
han	abhyā-			1	abhyāhan		prefixus
han	anu-			1	anuhan		prefixus
han	anuvi-			1	anuvihan		prefixus
han	apa-			1	apahan		prefixus
han	ati-			1	atihan		prefixus
han	ava-			1	avahan		prefixus
han	ni-			1	nihan		prefixus
han	pari-			1	parihan		prefixus
han	parā-			1	parāhan		prefixus
han	pra-			1	prahan		prefixus
han	prati-			1	pratihan		prefixus
han	pratini-			1	pratinihan		prefixus
han	pratisaṃ-			1	pratisaṃhan		prefixus
han	pratyā-			1	pratyāhan		prefixus
han	pravi-			1	pravihan		prefixus
han	samabhi-			1	samabhihan		prefixus
han	samā-			1	samāhan		prefixus
han	saṃ-			1	saṃhan		prefixus
han	saṃni-			1	saṃnihan		prefixus
han	upa-	harm		1	upahan		prefixus+semantics
han	vi-			1	vihan		prefixus
han	vini-			1	vinihan		prefixus
han	vipra-			1	viprahan		prefixus
han	visaṃ-			1	visaṃhan		prefixus
han	vyapa-			1	vyapahan		prefixus
han	vyā-			1	vyāhan		prefixus
han	ā-			1	āhan		prefixus
haraṇīkṛ	udā-			1	udāharaṇīkṛ		prefixus
hary						1:38	classfreq
harṣay				1	harṣay	10:113	prefixus+classfreq
harṣay	abhi-			1	abhiharṣay		prefixus
harṣay	pari-			1	pariharṣay		prefixus
harṣay	pra-			1	praharṣay		prefixus
harṣay	samabhi-			1	samabhiharṣay		prefixus
harṣay	sampari-			1	sampariharṣay		prefixus
harṣay	saṃ-			1	saṃharṣay		prefixus
harṣay	saṃpra-			1	saṃpraharṣay		prefixus
harṣay	vyā-			1	vyāharṣay		prefixus
has				1	has	1:377	prefixus+classfreq
has	apa-			1	apahas		prefixus
has	ava-			1	avahas		prefixus
has	pari-			1	parihas		prefixus
has	pra-			1	prahas		prefixus
has	sampra-			1	samprahas		prefixus
has	upa-			1	upahas		prefixus
has	vi-			1	vihas		prefixus
haṃkṛ	a-			1	ahaṃkṛ		prefixus
hel						1:1	classfreq
heḍay						10:1	classfreq
heṣ				1	heṣ	1:23	prefixus+classfreq
heṣ	prati-			1	pratiheṣ		prefixus
hi				1	hi	5:178	prefixus+classfreq
hi	anupra-			1	anuprahi		prefixus
hi	pra-			1	prahi		prefixus
hi	prā-			1	prāhi		prefixus
hikk				1	hikk	1:2	prefixus+classfreq
hikkay				1	hikkay	10:1	prefixus+classfreq
hiṁkṛ						5:11	classfreq
hiṁs		harm	1			7:289	semantics+classfreq
hiṁsay						10:10	classfreq
hiṃs				1	hiṃs		prefixus
hiṃs	abhi-			1	abhihiṃs		prefixus
hiṃs	upa-			1	upahiṃs		prefixus
hiṃs	vi-			1	vihiṃs		prefixus
hiṃsay				1	hiṃsay		prefixus
hiṃsay	vi-			1	vihiṃsay		prefixus
hiṅkṛ	abhi-			1	abhihiṅkṛ		prefixus
hiṇḍ				1	hiṇḍ	4:2	prefixus+classfreq
hlād				1	hlād	1:3	prefixus+classfreq
hlāday				1	hlāday	10:29	prefixus+classfreq
hlāday	pra-			1	prahlāday		prefixus
hlāday	ā-			1	āhlāday		prefixus
hnu						1:2	classfreq
hnu	apa-			1	apahnu		prefixus
hnu	ni-			1	nihnu		prefixus
hnu	vini-			1	vinihnu		prefixus
homay				1	homay	10:44	prefixus+classfreq
hras				1	hras	1:26	prefixus+classfreq
hrepay						10:3	classfreq
hreṣ						1:2	classfreq
hrāday						10:1	classfreq
hrāsay				1	hrāsay	10:10	prefixus+classfreq
hrāsay	ava-			1	avahrāsay		prefixus
hrāsay	pari-			1	parihrāsay		prefixus
hrī				1	hrī	3:19	prefixus+classfreq
hu		sacrifice	7	1	hu	3:1646	prefixus+semantics+classfreq
hu	abhi-			1	abhihu		prefixus
hu	apa-			1	apahu		prefixus
hu	h-			1	hvā		prefixus
hu	pra-			1	prahu		prefixus
hu	samupah-			1	samupahvā		prefixus
hu	samāh-			1	samāhvā		prefixus
hu	upa-			1	upahu		prefixus
hu	upah-			1	upahvā		prefixus
hu	ā-			1	āhu		prefixus
hu	āh-			1	āhvā		prefixus
hutīkṛ	ā-			1	āhutīkṛ		prefixus
huṁkṛ						8:11	classfreq
huṃkṛ				1	huṃkṛ		prefixus
huṃkṛ	anu-			1	anuhuṃkṛ		prefixus
hval	vi-			1	vihval		prefixus
hvā						1:604	classfreq
hvānay	ā-			1	āhvānay		prefixus
hvāyay	samā-			1	samāhvāyay		prefixus
hvāyay	ā-			1	āhvāyay		prefixus
hvībhū	pra-			1	prahvībhū		prefixus
hvṛ						3:15	classfreq
hā		abandon	7	1	hā	1:2608|3:34	prefixus+semantics+classfreq
hā	apa-			1	apahā		prefixus
hā	apā-			1	apāhā		prefixus
hā	ava-			1	avahā		prefixus
hā	ni-			1	nihā		prefixus
hā	pari-			1	parihā		prefixus
hā	pra-			1	prahā		prefixus
hā	pravi-			1	pravihā		prefixus
hā	samapa-			1	samapahā		prefixus
hā	samava-			1	samavahā		prefixus
hā	sampra-			1	samprahā		prefixus
hā	saṃ-			2	saṃhā		prefixus
hā	saṃvi-			1	saṃvihā		prefixus
hā	vi-			1	vihā		prefixus
hā	vipra-			1	viprahā		prefixus
hā	vyapa-			1	vyapahā		prefixus
hāpay				1	hāpay	10:20	prefixus+classfreq
hāpay	pari-			1	parihāpay		prefixus
hāray				1	hāray	10:34	prefixus+classfreq
hāray	abhi-			1	abhihāray		prefixus
hāray	abhivyā-			1	abhivyāhāray		prefixus
hāray	abhyava-			1	abhyavahāray		prefixus
hāray	apa-			1	apahāray		prefixus
hāray	ava-			1	avahāray		prefixus
hāray	pari-			1	parihāray		prefixus
hāray	prati-			1	pratihāray		prefixus
hāray	pratisaṃ-			1	pratisaṃhāray		prefixus
hāray	pratyava-			1	pratyavahāray		prefixus
hāray	pravyā-			1	pravyāhāray		prefixus
hāray	saṃ-			1	saṃhāray		prefixus
hāray	upa-			1	upahāray		prefixus
hāray	vyā-			1	vyāhāray		prefixus
hāray	ā-			1	āhāray		prefixus
hārīkṛ						8:1	classfreq
hās						1:3	classfreq
hāsay				1	hāsay	10:4	prefixus+classfreq
hāsay	apa-			1	apahāsay		prefixus
hāsay	pari-			1	parihāsay		prefixus
hāsay	pra-			1	prahāsay		prefixus
hāsay	upa-			1	upahāsay		prefixus
hāvay				1	hāvay	10:3	prefixus+classfreq
hīḍ						1:15	classfreq
hūrch	vi-			1	vihūrch		prefixus
hṛ		carry away	7	1	hṛ	2:2104|9:8	prefixus+semantics+classfreq
hṛ	abhi-			1	abhihṛ		prefixus
hṛ	abhivyā-			1	abhivyāhṛ		prefixus
hṛ	abhyava-			1	abhyavahṛ		prefixus
hṛ	abhyā-			1	abhyāhṛ		prefixus
hṛ	adhyā-			1	adhyāhṛ		prefixus
hṛ	anu-			1	anuhṛ		prefixus
hṛ	anupra-			1	anuprahṛ		prefixus
hṛ	anusamā-			1	anusamāhṛ		prefixus
hṛ	anuvyava-			1	anuvyavahṛ		prefixus
hṛ	anuvyā-			1	anuvyāhṛ		prefixus
hṛ	anvā-			1	anvāhṛ		prefixus
hṛ	apa-			1	apahṛ		prefixus
hṛ	apasaṃ-			1	apasaṃhṛ		prefixus
hṛ	apā-			1	apāhṛ		prefixus
hṛ	ati-			1	atihṛ		prefixus
hṛ	ava-			1	avahṛ		prefixus
hṛ	pari-			1	parihṛ		prefixus
hṛ	parā-			1	parāhṛ		prefixus
hṛ	pra-			1	prahṛ		prefixus
hṛ	prati-			1	pratihṛ		prefixus
hṛ	pratisaṃ-			1	pratisaṃhṛ		prefixus
hṛ	prativyā-			1	prativyāhṛ		prefixus
hṛ	pratyava-			1	pratyavahṛ		prefixus
hṛ	pratyudā-			1	pratyudāhṛ		prefixus
hṛ	pratyā-			1	pratyāhṛ		prefixus
hṛ	pravyā-			1	pravyāhṛ		prefixus
hṛ	sam-,sam-ā-	withdraw					semantics
hṛ	samabhivyā-			1	samabhivyāhṛ		prefixus
hṛ	sampra-			1	samprahṛ		prefixus
hṛ	sampravi-			1	sampravihṛ		prefixus
hṛ	samudā-			1	samudāhṛ		prefixus
hṛ	samā-			1	samāhṛ		prefixus
hṛ	saṃ-			1	saṃhṛ		prefixus
hṛ	saṃvi-			1	saṃvihṛ		prefixus
hṛ	saṃvyava-			1	saṃvyavahṛ		prefixus
hṛ	ud-	carry up					semantics
hṛ	ud-ā-	declare					semantics
hṛ	udā-			1	udāhṛ		prefixus
hṛ	upa-			1	upahṛ		prefixus
hṛ	upasaṃ-			1	upasaṃhṛ		prefixus
hṛ	vi-			1	vihṛ		prefixus
hṛ	vini-			1	vinihṛ		prefixus
hṛ	vyapa-			1	vyapahṛ		prefixus
hṛ	vyapā-			1	vyapāhṛ		prefixus
hṛ	vyati-			1	vyatihṛ		prefixus
hṛ	vyava-			1	vyavahṛ		prefixus
hṛ	vyā-			1	vyāhṛ		prefixus
hṛ	ā-			1	āhṛ		prefixus
hṛṣ		rejoice	5	1	hṛṣ	1:1051	prefixus+semantics+classfreq
hṛṣ	abhi-			1	abhihṛṣ		prefixus
hṛṣ	abhisaṃ-			1	abhisaṃhṛṣ		prefixus
hṛṣ	pari-			1	parihṛṣ		prefixus
hṛṣ	parisaṃ-			1	parisaṃhṛṣ		prefixus
hṛṣ	pra-			1	prahṛṣ		prefixus
hṛṣ	pratisaṃ-			1	pratisaṃhṛṣ		prefixus
hṛṣ	sampra-			1	samprahṛṣ		prefixus
hṛṣ	saṃ-			1	saṃhṛṣ		prefixus
hṛṣ	ā-			1	āhṛṣ		prefixus
i		go	20	1	i	5:2061	prefixus+semantics+classfreq
i	abhyud-			1	abhyudi		prefixus
i	adhi-	study					semantics
i	anv-			1	anvi		prefixus
i	ati-	pass over					semantics
i	pra-	die/go away					semantics
i	pratyud-			1	pratyudi		prefixus
i	sam-ati-	cross over					semantics
i	samud-			1	samudi		prefixus
i	ud-			1	udi		prefixus
i	upa-	attain					semantics
icchāpay						10:1	classfreq
ikāntikīkṛ	ana-			1	anaikāntikīkṛ		prefixus
ilay						10:6	classfreq
indh				1	indh	2:184	prefixus+classfreq
indh	sam-			1	samindh		prefixus
indhay				1	indhay	10:3	prefixus+classfreq
indhay	sam-			1	samindhay		prefixus
inv						1:33	classfreq
iñjay						10:4	classfreq
iṅg		flicker	2	1	iṅg	1:11	prefixus+semantics+classfreq
iṅgay						10:4	classfreq
iṣ		desire	12	2	iṣ	1:4191|6:49	prefixus+semantics+classfreq
iṣ	anv-			1	anviṣ		prefixus
iṣ	paryanv-			1	paryanviṣ		prefixus
iṣ	sam-			1	samiṣ		prefixus
iṣay						10:49	classfreq
iṣkṛ						8:6	classfreq
jabh						1:3	classfreq
jakṣ				1	jakṣ	1:81	prefixus+classfreq
jalp				1	jalp	1:114	prefixus+classfreq
jalp	abhi-			1	abhijalp		prefixus
jalp	pari-			1	parijalp		prefixus
jalp	pra-			1	prajalp		prefixus
jalp	prati-			1	pratijalp		prefixus
jalp	saṃ-			1	saṃjalp		prefixus
jalp	upa-			1	upajalp		prefixus
jalp	vi-			1	vijalp		prefixus
jalpay				1	jalpay	10:3	prefixus+classfreq
jambhay				1	jambhay	10:17	prefixus+classfreq
jan		born	18	1	jan	4:7377	prefixus+semantics+classfreq
jan	abhi-			1	abhijan		prefixus
jan	abhipra-			1	abhiprajan		prefixus
jan	adhi-			1	adhijan		prefixus
jan	anu-			1	anujan		prefixus
jan	pari-			1	parijan		prefixus
jan	pra-			1	prajan		prefixus
jan	pratisaṃ-			1	pratisaṃjan		prefixus
jan	sam-	born together					semantics
jan	samabhi-			1	samabhijan		prefixus
jan	sampra-			1	samprajan		prefixus
jan	samupa-			1	samupajan		prefixus
jan	samā-			1	samājan		prefixus
jan	saṃ-			1	saṃjan		prefixus
jan	upa-			1	upajan		prefixus
jan	vi-			1	vijan		prefixus
jan	ā-			1	ājan		prefixus
janay				1	janay	10:1143	prefixus+classfreq
janay	pra-			1	prajanay		prefixus
janay	samupa-			1	samupajanay		prefixus
janay	saṃ-			1	saṃjanay		prefixus
janay	upa-			1	upajanay		prefixus
janay	vi-			1	vijanay		prefixus
janībhū				1	janībhū	1:1	prefixus+classfreq
janīkṛ	dur-			1	durjanīkṛ		prefixus
janīkṛ	vi-			1	vijanīkṛ		prefixus
jap				1	jap	4:1016	prefixus+classfreq
jap	abhi-			1	abhijap		prefixus
jap	pari-			1	parijap		prefixus
jap	pra-			1	prajap		prefixus
jap	saṃ-			1	saṃjap		prefixus
jap	upa-			1	upajap		prefixus
jaray				1	jaray	10:46	prefixus+classfreq
jarjarīkṛ				1	jarjarīkṛ	8:26	prefixus+classfreq
jarjarīkṛ	vi-			1	vijarjarīkṛ		prefixus
jarīkṛ	a-			1	ajarīkṛ		prefixus
jas						4:6	classfreq
jayībhū	vi-			1	vijayībhū		prefixus
jañj						1:1	classfreq
jaḍībhū				1	jaḍībhū	1:1	prefixus+classfreq
jaḍīkṛ				1	jaḍīkṛ	8:7	prefixus+classfreq
jaṭībhū				1	jaṭībhū	1:1	prefixus+classfreq
jeh						1:4	classfreq
ji		conquer	5	1	ji	9:3265	prefixus+semantics+classfreq
ji	abhi-			1	abhiji		prefixus
ji	apa-			1	apaji		prefixus
ji	ava-			1	avaji		prefixus
ji	pari-			1	pariji		prefixus
ji	parā-			1	parāji		prefixus
ji	pra-			1	praji		prefixus
ji	saṃ-			1	saṃji		prefixus
ji	vi-			1	viji		prefixus
jihmībhū						1:1	classfreq
jihmīkṛ				1	jihmīkṛ	8:3	prefixus+classfreq
jinv						6:89	classfreq
jjay	avasa-			1	avasajjay		prefixus
jjay	sa-			1	sajjay		prefixus
jjībhū	sa-			1	sajjībhū		prefixus
jjīkṛ	sa-			1	sajjīkṛ		prefixus
joṣay				1	joṣay	10:8	prefixus+classfreq
jri						1:1	classfreq
juṣ		like	1	1	juṣ	6:618	prefixus+semantics+classfreq
juṣ	abhi-			1	abhijuṣ		prefixus
juṣ	pra-			1	prajuṣ		prefixus
juṣ	saṃ-			1	saṃjuṣ		prefixus
jval		burn	1	1	jval	1:737	prefixus+semantics+classfreq
jval	abhi-			1	abhijval		prefixus
jval	abhipra-			1	abhiprajval		prefixus
jval	abhivi-			1	abhivijval		prefixus
jval	pari-			1	parijval		prefixus
jval	pra-			1	prajval		prefixus
jval	prati-			1	pratijval		prefixus
jval	sampra-			1	samprajval		prefixus
jval	saṃ-			1	saṃjval		prefixus
jval	vi-			1	vijval		prefixus
jvalay				1	jvalay	10:11	prefixus+classfreq
jvalay	pra-			1	prajvalay		prefixus
jvar				1	jvar	1:8	prefixus+classfreq
jvar	abhisaṃ-			1	abhisaṃjvar		prefixus
jvar	anusaṃ-			1	anusaṃjvar		prefixus
jvar	saṃ-			1	saṃjvar		prefixus
jvaray				1	jvaray	10:49	prefixus+classfreq
jvālay				1	jvālay	10:140	prefixus+classfreq
jvālay	pra-			1	prajvālay		prefixus
jvālay	saṃ-			1	saṃjvālay		prefixus
jvālay	saṃpra-			1	saṃprajvālay		prefixus
jvālay	ā-			1	ājvālay		prefixus
jyotay						10:2	classfreq
jyotiṣkṛ						8:1	classfreq
jyā						9:9	classfreq
jñapay						10:5	classfreq
jñapay	pra-			1	prajñapay		prefixus
jñapay	samā-			1	samājñapay		prefixus
jñapay	vi-			1	vijñapay		prefixus
jñapay	ā-			1	ājñapay		prefixus
jñā		know	30	1	jñā	4:4551	prefixus+semantics+classfreq
jñā	abhi-			1	abhijñā		prefixus
jñā	abhi-,pra-,vi-	distinguish,understand					semantics
jñā	abhipra-			1	abhiprajñā		prefixus
jñā	abhivi-			1	abhivijñā		prefixus
jñā	abhyanu-			1	abhyanujñā		prefixus
jñā	anu-			1	anujñā		prefixus
jñā	ava-	disrespect		1	avajñā		prefixus+semantics
jñā	pari-			1	parijñā		prefixus
jñā	paryava-			1	paryavajñā		prefixus
jñā	pra-			1	prajñā		prefixus
jñā	prati-	promise		1	pratijñā		prefixus+semantics
jñā	prativi-			1	prativijñā		prefixus
jñā	pratyabhi-			1	pratyabhijñā		prefixus
jñā	pratyabhyanu-			1	pratyabhyanujñā		prefixus
jñā	pratyanu-			1	pratyanujñā		prefixus
jñā	pravi-			1	pravijñā		prefixus
jñā	samabhi-			1	samabhijñā		prefixus
jñā	samanu-			1	samanujñā		prefixus
jñā	samava-			1	samavajñā		prefixus
jñā	sampra-			1	samprajñā		prefixus
jñā	samprati-			1	sampratijñā		prefixus
jñā	samupa-			1	samupajñā		prefixus
jñā	samā-			1	samājñā		prefixus
jñā	saṃ-			1	saṃjñā		prefixus
jñā	saṃvi-			1	saṃvijñā		prefixus
jñā	vi-			1	vijñā		prefixus
jñā	viprati-			1	vipratijñā		prefixus
jñā	ā-			1	ājñā		prefixus
jñāpay				1	jñāpay	10:41	prefixus+classfreq
jñāpay	abhyanu-			1	abhyanujñāpay		prefixus
jñāpay	anu-			1	anujñāpay		prefixus
jñāpay	pra-			1	prajñāpay		prefixus
jñāpay	prati-			1	pratijñāpay		prefixus
jñāpay	samanu-			1	samanujñāpay		prefixus
jñāpay	samā-			1	samājñāpay		prefixus
jñāpay	saṃ-			1	saṃjñāpay		prefixus
jñāpay	saṃvi-			1	saṃvijñāpay		prefixus
jñāpay	vi-			1	vijñāpay		prefixus
jñāpay	ā-			1	ājñāpay		prefixus
jāgaray				1	jāgaray	10:9	prefixus+classfreq
jāgṛ		awake	2	1	jāgṛ	2:227	prefixus+semantics+classfreq
jāgṛ	anu-			1	anujāgṛ		prefixus
jāgṛ	pra-			1	prajāgṛ		prefixus
jāpay				1	jāpay	10:3	prefixus+classfreq
jāpay	upa-			1	upajāpay		prefixus
jāray				1	jāray	10:661	prefixus+classfreq
jāray	ava-			1	avajāray		prefixus
jāray	pari-			1	parijāray		prefixus
jāray	pra-			1	prajāray		prefixus
jāray	saṃ-			1	saṃjāray		prefixus
jāray	vi-			1	vijāray		prefixus
jīrṇay				1	jīrṇay	10:1	prefixus+classfreq
jīv		live	2	1	jīv	1:1868	prefixus+semantics+classfreq
jīv	anu-			1	anujīv		prefixus
jīv	ati-			1	atijīv		prefixus
jīv	pra-			1	prajīv		prefixus
jīv	saṃ-			1	saṃjīv		prefixus
jīv	upa-			1	upajīv		prefixus
jīv	ā-			1	ājīv		prefixus
jīvay				1	jīvay	10:111	prefixus+classfreq
jīvay	saṃ-			1	saṃjīvay		prefixus
jīvay	upa-			1	upajīvay		prefixus
jīvay	ā-			1	ājīvay		prefixus
jīvāpay				1	jīvāpay	10:1	prefixus+classfreq
jū						1:67	classfreq
jūrv						1:2	classfreq
jṛ				1	jṛ	1:23|6:1295	prefixus+classfreq
jṛ	pari-			1	parijṛ		prefixus
jṛ	saṃ-			1	saṃjṛ		prefixus
jṛ	vi-			1	vijṛ		prefixus
jṛmbh				1	jṛmbh	1:79	prefixus+classfreq
jṛmbh	ava-			1	avajṛmbh		prefixus
jṛmbh	pra-			1	prajṛmbh		prefixus
jṛmbh	pravi-			1	pravijṛmbh		prefixus
jṛmbh	vi-			1	vijṛmbh		prefixus
jṛmbhay				1	jṛmbhay	10:2	prefixus+classfreq
j�	pra-			1	praj�		prefixus
kabalīkṛ				1	kabalīkṛ	8:1	prefixus+classfreq
kac						1:1	classfreq
kac	pravi-			1	pravikac		prefixus
kadambakīkṛ				1	kadambakīkṛ	8:1	prefixus+classfreq
kadarthīkṛ				1	kadarthīkṛ	8:16	prefixus+classfreq
kajjalīkṛ				1	kajjalīkṛ	8:6	prefixus+classfreq
kal						1:1	classfreq
kal	ni-			1	nikal		prefixus
kal	ā-			1	ākal		prefixus
kalalībhū				1	kalalībhū	1:1	prefixus+classfreq
kalay				1	kalay	10:145	prefixus+classfreq
kalay	pari-			1	parikalay		prefixus
kalay	saṃ-			1	saṃkalay		prefixus
kalay	ā-			1	ākalay		prefixus
kalilībhū				1	kalilībhū	1:1	prefixus+classfreq
kalkīkṛ				1	kalkīkṛ	8:27	prefixus+classfreq
kalpay				1	kalpay	10:784	prefixus+classfreq
kalpay	abhi-			1	abhikalpay		prefixus
kalpay	adhi-			1	adhikalpay		prefixus
kalpay	anu-			1	anukalpay		prefixus
kalpay	pari-			1	parikalpay		prefixus
kalpay	pra-			1	prakalpay		prefixus
kalpay	prativi-			1	prativikalpay		prefixus
kalpay	samanu-			1	samanukalpay		prefixus
kalpay	sampra-			1	samprakalpay		prefixus
kalpay	samupa-			1	samupakalpay		prefixus
kalpay	saṃ-			1	saṃkalpay		prefixus
kalpay	upa-			1	upakalpay		prefixus
kalpay	vi-			1	vikalpay		prefixus
kalpay	ā-			1	ākalpay		prefixus
kaluṣībhū				1	kaluṣībhū	1:3	prefixus+classfreq
kaluṣīkṛ				1	kaluṣīkṛ	8:17	prefixus+classfreq
kalāpīkṛ				1	kalāpīkṛ	8:1	prefixus+classfreq
kalīkṛ	sa-			1	sakalīkṛ		prefixus
kalīkṛ	saṃ-			1	saṃkalīkṛ		prefixus
kalīkṛ	vi-			1	vikalīkṛ		prefixus
kam				1	kam	4:57	prefixus+classfreq
kam	ā-			1	ākam		prefixus
kamp		shake	1	1	kamp	1:220	prefixus+semantics+classfreq
kamp	abhi-			1	abhikamp		prefixus
kamp	abhipra-			1	abhiprakamp		prefixus
kamp	anu-			1	anukamp		prefixus
kamp	pra-			1	prakamp		prefixus
kamp	sampra-			1	samprakamp		prefixus
kamp	saṃ-			1	saṃkamp		prefixus
kamp	vi-			1	vikamp		prefixus
kampay				1	kampay	10:139	prefixus+classfreq
kampay	abhi-			1	abhikampay		prefixus
kampay	anu-			1	anukampay		prefixus
kampay	pra-			1	prakampay		prefixus
kampay	pravi-			1	pravikampay		prefixus
kampay	saṃ-			1	saṃkampay		prefixus
kampay	vi-			1	vikampay		prefixus
kampay	ā-			1	ākampay		prefixus
kan						1:50	classfreq
kapilīkṛ				1	kapilīkṛ	8:2	prefixus+classfreq
karaṇīkṛ				1	karaṇīkṛ	8:1	prefixus+classfreq
karaṇīkṛ	upa-			1	upakaraṇīkṛ		prefixus
kartay				1	kartay	10:6	prefixus+classfreq
kartay	ava-			1	avakartay		prefixus
kartay	ni-			1	nikartay		prefixus
kartay	pari-			1	parikartay		prefixus
kartay	vi-			1	vikartay		prefixus
kartay	vini-			1	vinikartay		prefixus
karīkṛ						8:1	classfreq
karśay				1	karśay	10:212	prefixus+classfreq
karśay	abhi-			1	abhikarśay		prefixus
karśay	anu-			1	anukarśay		prefixus
karṇapūrīkṛ						8:1	classfreq
karṣay				1	karṣay	10:41	prefixus+classfreq
karṣay	apa-			1	apakarṣay		prefixus
karṣay	pari-			1	parikarṣay		prefixus
karṣay	samā-			1	samākarṣay		prefixus
karṣay	vi-			1	vikarṣay		prefixus
karṣay	ā-			1	ākarṣay		prefixus
kas	anuvi-			1	anuvikas		prefixus
kas	pravi-			1	pravikas		prefixus
kas	vi-			1	vikas		prefixus
kath		tell	3	1	kath	4:53	prefixus+semantics+classfreq
kathay				1	kathay	10:3328	prefixus+classfreq
kathay	pari-			1	parikathay		prefixus
kathay	pra-			1	prakathay		prefixus
kathay	saṃ-			1	saṃkathay		prefixus
kathay	vi-			1	vikathay		prefixus
katth				1	katth	1:27	prefixus+classfreq
katth	vi-			1	vikatth		prefixus
kavalīkṛ				1	kavalīkṛ	8:8	prefixus+classfreq
kañcukībhū						1:1	classfreq
kaṇ				1	kaṇ	1:1	prefixus+classfreq
kaṣ				1	kaṣ	1:6	prefixus+classfreq
kaṣ	ni-			1	nikaṣ		prefixus
kaṭhinībhū				1	kaṭhinībhū	1:2	prefixus+classfreq
kaṭhinīkṛ				1	kaṭhinīkṛ	8:5	prefixus+classfreq
kaṭībhū	pra-			1	prakaṭībhū		prefixus
kaṭīkṛ	pra-			1	prakaṭīkṛ		prefixus
ketīkṛ	saṃ-			1	saṃketīkṛ		prefixus
kevalībhū				1	kevalībhū	1:3	prefixus+classfreq
khac				1	khac	1:11	prefixus+classfreq
khaj				1	khaj	1:1	prefixus+classfreq
khalīkṛ				1	khalīkṛ	8:8	prefixus+classfreq
khalīkṛ	pra-			1	prakhalīkṛ		prefixus
khan				1	khan	2:146	prefixus+classfreq
khan	abhi-			1	abhikhan		prefixus
khan	ni-			1	nikhan		prefixus
khan	pari-			1	parikhan		prefixus
khan	saṃ-			1	saṃkhan		prefixus
khanay				1	khanay	10:8	prefixus+classfreq
khañj				1	khañj	1:3	prefixus+classfreq
khaṇḍībhū				1	khaṇḍībhū	1:1	prefixus+classfreq
khaṇḍīkṛ				1	khaṇḍīkṛ	8:2	prefixus+classfreq
kheday				1	kheday	10:24	prefixus+classfreq
kheday	pari-			1	parikheday		prefixus
khel				1	khel	1:6	prefixus+classfreq
khelay						10:2	classfreq
khid				1	khid	4:125	prefixus+classfreq
khid	pari-			1	parikhid		prefixus
khid	saṃ-			1	saṃkhid		prefixus
khilībhū				1	khilībhū	1:2	prefixus+classfreq
khilīkṛ						8:1	classfreq
khilīkṛ	a-			1	akhilīkṛ		prefixus
khud						6:1	classfreq
khyā		speak	1	1	khyā	4:689	prefixus+semantics+classfreq
khyā	abhi-			1	abhikhyā		prefixus
khyā	abhisaṃ-			1	abhisaṃkhyā		prefixus
khyā	abhivi-			1	abhivikhyā		prefixus
khyā	abhivyā-			1	abhivyākhyā		prefixus
khyā	abhyā-			1	abhyākhyā		prefixus
khyā	anuvyā-			1	anuvyākhyā		prefixus
khyā	anvā-			1	anvākhyā		prefixus
khyā	ati-			1	atikhyā		prefixus
khyā	pari-			1	parikhyā		prefixus
khyā	parisaṃ-			1	parisaṃkhyā		prefixus
khyā	pra-			1	prakhyā		prefixus
khyā	prasaṃ-			1	prasaṃkhyā		prefixus
khyā	pratisaṃ-			1	pratisaṃkhyā		prefixus
khyā	pratyā-			1	pratyākhyā		prefixus
khyā	samā-			1	samākhyā		prefixus
khyā	saṃ-			1	saṃkhyā		prefixus
khyā	vi-			1	vikhyā		prefixus
khyā	vyā-			1	vyākhyā		prefixus
khyā	ā-			1	ākhyā		prefixus
khyāpay				1	khyāpay	10:60	prefixus+classfreq
khyāpay	abhi-			1	abhikhyāpay		prefixus
khyāpay	pra-			1	prakhyāpay		prefixus
khyāpay	vi-			1	vikhyāpay		prefixus
khyāpay	vyā-			1	vyākhyāpay		prefixus
khyāpay	ā-			1	ākhyāpay		prefixus
khād				1	khād	1:346	prefixus+classfreq
khāday				1	khāday	10:15	prefixus+classfreq
khākṛ	duḥ-			1	duḥkhākṛ		prefixus
khākṛ	su-			1	sukhākṛ		prefixus
khānay				1	khānay	10:21	prefixus+classfreq
khānay	ni-			1	nikhānay		prefixus
khātay	ni-			1	nikhātay		prefixus
khībhū	su-			1	sukhībhū		prefixus
khīkṛ	su-			1	sukhīkṛ		prefixus
kiṁpuruṣīkṛ						8:1	classfreq
kiṃpuruṣīkṛ				1	kiṃpuruṣīkṛ		prefixus
kkṛ	nya-			1	nyakkṛ		prefixus
klam				1	klam	4:79	prefixus+classfreq
klam	pari-			1	pariklam		prefixus
klavībhū	vi-			1	viklavībhū		prefixus
kleday				1	kleday	10:19	prefixus+classfreq
kleday	pari-			1	parikleday		prefixus
kleday	pra-			1	prakleday		prefixus
kleday	saṃ-			1	saṃkleday		prefixus
kleday	ā-			1	ākleday		prefixus
kleśay				1	kleśay	10:31	prefixus+classfreq
kleśay	saṃ-			1	saṃkleśay		prefixus
kleśay	upa-			1	upakleśay		prefixus
klid		moisten	1	1	klid	4:111	prefixus+semantics+classfreq
klid	ava-			1	avaklid		prefixus
klid	pari-			1	pariklid		prefixus
klid	pra-			1	praklid		prefixus
klid	saṃ-			1	saṃklid		prefixus
klid	upa-			1	upaklid		prefixus
klid	vi-			1	viklid		prefixus
klid	ā-			1	āklid		prefixus
kliç				1	kliś		prefixus
kliç	pari-			1	parikliś		prefixus
kliç	saṃ-			1	saṃkliś		prefixus
kliç	upa-			1	upakliś		prefixus
kliç	vi-			1	vikliś		prefixus
kliś						9:197	classfreq
klāmay				1	klāmay	10:1	prefixus+classfreq
knopay				1	knopay	10:1	prefixus+classfreq
kocay	saṃ-			1	saṃkocay		prefixus
kopay				1	kopay	10:93	prefixus+classfreq
kopay	ati-			1	atikopay		prefixus
kopay	pari-			1	parikopay		prefixus
kopay	pra-			1	prakopay		prefixus
kothay				1	kothay	10:3	prefixus+classfreq
koṣṭakīkṛ				1	koṣṭakīkṛ	8:2	prefixus+classfreq
koṣṭhakīkṛ				1	koṣṭhakīkṛ	8:6	prefixus+classfreq
koṭay	ā-			1	ākoṭay		prefixus
kram		go out	1	1	kram	4:272	prefixus+semantics+classfreq
kram	abhi-			1	abhikram		prefixus
kram	abhipra-			1	abhiprakram		prefixus
kram	abhisaṃ-			1	abhisaṃkram		prefixus
kram	abhyati-			1	abhyatikram		prefixus
kram	adhi-			1	adhikram		prefixus
kram	adhyā-			1	adhyākram		prefixus
kram	anu-			1	anukram		prefixus
kram	anupari-			1	anuparikram		prefixus
kram	anusaṃ-			1	anusaṃkram		prefixus
kram	anvā-			1	anvākram		prefixus
kram	apa-			1	apakram		prefixus
kram	apā-			1	apākram		prefixus
kram	ati-			1	atikram		prefixus
kram	ava-			1	avakram		prefixus
kram	pari-			1	parikram		prefixus
kram	paryā-			1	paryākram		prefixus
kram	parā-			1	parākram		prefixus
kram	pra-			1	prakram		prefixus
kram	prati-			1	pratikram		prefixus
kram	pratisaṃ-			1	pratisaṃkram		prefixus
kram	samabhi-			1	samabhikram		prefixus
kram	samabhyati-			1	samabhyatikram		prefixus
kram	samanu-			1	samanukram		prefixus
kram	samati-			1	samatikram		prefixus
kram	sampari-			1	samparikram		prefixus
kram	sampra-			1	samprakram		prefixus
kram	samupa-			1	samupakram		prefixus
kram	samupasaṃ-			1	samupasaṃkram		prefixus
kram	samā-			1	samākram		prefixus
kram	saṃ-			1	saṃkram		prefixus
kram	upa-			1	upakram		prefixus
kram	upasaṃ-			1	upasaṃkram		prefixus
kram	vi-			1	vikram		prefixus
kram	vipari-			1	viparikram		prefixus
kram	vyapa-			1	vyapakram		prefixus
kram	vyati-			1	vyatikram		prefixus
kram	vyā-			1	vyākram		prefixus
kram	ā-			1	ākram		prefixus
kramay				1	kramay	10:6	prefixus+classfreq
kramay	apa-			1	apakramay		prefixus
kramay	saṃ-			1	saṃkramay		prefixus
kramay	vi-			1	vikramay		prefixus
kramay	ā-			1	ākramay		prefixus
kramīkṛ	saṃ-			1	saṃkramīkṛ		prefixus
krand				1	krand	1:123	prefixus+classfreq
krand	samā-			1	samākrand		prefixus
krand	ā-			1	ākrand		prefixus
kranday						10:5	classfreq
kranday	ā-			1	ākranday		prefixus
krodhay				1	krodhay	10:10	prefixus+classfreq
kroḍīkṛ				1	kroḍīkṛ	8:3	prefixus+classfreq
krudh				1	krudh	4:1531	prefixus+classfreq
krudh	abhi-			1	abhikrudh		prefixus
krudh	abhisaṃ-			1	abhisaṃkrudh		prefixus
krudh	pra-			1	prakrudh		prefixus
krudh	prati-			1	pratikrudh		prefixus
krudh	samabhi-			1	samabhikrudh		prefixus
krudh	saṃ-			1	saṃkrudh		prefixus
krudh	ā-			1	ākrudh		prefixus
kruç				1	kruś		prefixus
kruç	abhi-			1	abhikruś		prefixus
kruç	abhisaṃ-			1	abhisaṃkruś		prefixus
kruç	ati-			1	atikruś		prefixus
kruç	pari-			1	parikruś		prefixus
kruç	pra-			1	prakruś		prefixus
kruç	pratyā-			1	pratyākruś		prefixus
kruç	prā-			1	prākruś		prefixus
kruç	samā-			1	samākruś		prefixus
kruç	saṃ-			1	saṃkruś		prefixus
kruç	saṃprā-			1	saṃprākruś		prefixus
kruç	upa-			1	upakruś		prefixus
kruç	vi-			1	vikruś		prefixus
kruç	vyā-			1	vyākruś		prefixus
kruç	ā-			1	ākruś		prefixus
kruś						4:231	classfreq
krāmay				1	krāmay	10:14	prefixus+classfreq
krāmay	abhi-			1	abhikrāmay		prefixus
krāmay	anupari-			1	anuparikrāmay		prefixus
krāmay	ati-			1	atikrāmay		prefixus
krāmay	saṃ-			1	saṃkrāmay		prefixus
krāpay	vi-			1	vikrāpay		prefixus
krāth				1	krāth	1:1	prefixus+classfreq
krī				1	krī	1:166	prefixus+classfreq
krī	ava-			1	avakrī		prefixus
krī	pari-			1	parikrī		prefixus
krī	prativi-			1	prativikrī		prefixus
krī	saṃ-			1	saṃkrī		prefixus
krī	upa-			1	upakrī		prefixus
krī	vi-			1	vikrī		prefixus
krīḍ				1	krīḍ	1:437	prefixus+classfreq
krīḍ	anu-			1	anukrīḍ		prefixus
krīḍ	pari-			1	parikrīḍ		prefixus
krīḍ	pra-			1	prakrīḍ		prefixus
krīḍ	saṃ-			1	saṃkrīḍ		prefixus
krīḍ	upa-			1	upakrīḍ		prefixus
krīḍ	vi-			1	vikrīḍ		prefixus
krīḍ	ā-			1	ākrīḍ		prefixus
krīḍanakīkṛ						8:1	classfreq
krīḍay				1	krīḍay	10:13	prefixus+classfreq
krīḍāpay				1	krīḍāpay	10:1	prefixus+classfreq
ktībhū	avya-			1	avyaktībhū		prefixus
ktībhū	vya-			1	vyaktībhū		prefixus
ktīkṛ	vya-			1	vyaktīkṛ		prefixus
kulībhū	vyā-			1	vyākulībhū		prefixus
kulībhū	ā-			1	ākulībhū		prefixus
kulīkṛ	vyā-			1	vyākulīkṛ		prefixus
kulīkṛ	ā-			1	ākulīkṛ		prefixus
kup				1	kup	4:500	prefixus+classfreq
kup	pari-			1	parikup		prefixus
kup	pra-			1	prakup		prefixus
kup	saṃ-			1	saṃkup		prefixus
kup	saṃpra-			1	saṃprakup		prefixus
kuts				1	kuts	1:2	prefixus+classfreq
kuñc				1	kuñc	1:12	prefixus+classfreq
kuñc	ni-			1	nikuñc		prefixus
kuñc	pratisaṃ-			1	pratisaṃkuñc		prefixus
kuñc	samā-			1	samākuñc		prefixus
kuñc	saṃ-			1	saṃkuñc		prefixus
kuñc	ā-			1	ākuñc		prefixus
kuñcay				1	kuñcay	10:50	prefixus+classfreq
kuñcay	ni-			1	nikuñcay		prefixus
kuñcay	vi-			1	vikuñcay		prefixus
kuñcay	ā-			1	ākuñcay		prefixus
kuḍ	upa-			1	upakuḍ		prefixus
kuḍmalībhū						1:1	classfreq
kuḍmalīkṛ				1	kuḍmalīkṛ	8:1	prefixus+classfreq
kuṣ				1	kuṣ	9:5	prefixus+classfreq
kuṣ	abhi-			1	abhikuṣ		prefixus
kuṣ	vi-			1	vikuṣ		prefixus
kuṭ				1	kuṭ	4:3	prefixus+classfreq
kuṭ	ava-			1	avakuṭ		prefixus
kuṭ	pari-			1	parikuṭ		prefixus
kuṭ	pra-			1	prakuṭ		prefixus
kuṭ	saṃ-			1	saṃkuṭ		prefixus
kuṭṭ				1	kuṭṭ	6:4	prefixus+classfreq
kuṭṭay				1	kuṭṭay	10:48	prefixus+classfreq
kuṭṭay	pra-			1	prakuṭṭay		prefixus
kuṭṭay	vi-			1	vikuṭṭay		prefixus
kuṭṭīkṛ						8:1	classfreq
kvath				1	kvath	1:87	prefixus+classfreq
kvath	pra-			1	prakvath		prefixus
kvaṇ				1	kvaṇ	1:25	prefixus+classfreq
kvaṇay				1	kvaṇay	10:2	prefixus+classfreq
kvāthay				1	kvāthay	10:82	prefixus+classfreq
kvāthay	pra-			1	prakvāthay		prefixus
kvāthay	saṃ-			1	saṃkvāthay		prefixus
kvāthay	vi-			1	vikvāthay		prefixus
kācībhū				1	kācībhū	1:1	prefixus+classfreq
kālay				1	kālay	10:41	prefixus+classfreq
kālay	ati-			1	atikālay		prefixus
kālay	ni-			1	nikālay		prefixus
kālay	pari-			1	parikālay		prefixus
kālay	pra-			1	prakālay		prefixus
kālay	saṃ-			1	saṃkālay		prefixus
kāmay				1	kāmay	10:403	prefixus+classfreq
kāmay	abhi-			1	abhikāmay		prefixus
kāmay	pra-			1	prakāmay		prefixus
kāray				1	kāray	10:1521	prefixus+classfreq
kāray	anu-			1	anukāray		prefixus
kāray	pra-			1	prakāray		prefixus
kāray	prati-			1	pratikāray		prefixus
kāray	saṃ-			1	saṃkāray		prefixus
kāray	upa-			1	upakāray		prefixus
kāray	ā-			1	ākāray		prefixus
kāraṇībhū						1:1	classfreq
kās				1	kās	1:10	prefixus+classfreq
kās	sampra-			1	samprakās		prefixus
kāsay	saṃ-			1	saṃkāsay		prefixus
kāsay	vi-			1	vikāsay		prefixus
kāç				1	kāś		prefixus
kāç	pra-			1	prakāś		prefixus
kāç	pratipra-			1	pratiprakāś		prefixus
kāç	vi-			1	vikāś		prefixus
kāç	vipra-			1	viprakāś		prefixus
kāñcanībhū						1:1	classfreq
kāñcanīkṛ				1	kāñcanīkṛ	8:4	prefixus+classfreq
kāś		illuminate	3			1:40	semantics+classfreq
kāśay	pra-			1	prakāśay		prefixus
kāśay	saṃni-			1	saṃnikāśay		prefixus
kāśay	saṃpra-			1	saṃprakāśay		prefixus
kāśīkṛ	pra-			1	prakāśīkṛ		prefixus
kāṅkṣ		desire	5	1	kāṅkṣ	2:190	prefixus+semantics+classfreq
kāṅkṣ	abhi-			1	abhikāṅkṣ		prefixus
kāṅkṣ	anu-			1	anukāṅkṣ		prefixus
kāṅkṣ	pra-			1	prakāṅkṣ		prefixus
kāṅkṣ	prati-			1	pratikāṅkṣ		prefixus
kāṅkṣ	pratyā-			1	pratyākāṅkṣ		prefixus
kāṅkṣ	vi-			1	vikāṅkṣ		prefixus
kāṅkṣ	ā-			1	ākāṅkṣ		prefixus
kāṅkṣay				1	kāṅkṣay	10:1	prefixus+classfreq
kāṇkṣ	samabhi-			1	samabhikāṇkṣ		prefixus
kāṣṭhībhū				1	kāṣṭhībhū	1:2	prefixus+classfreq
kībhū	adhi-			1	adhikībhū		prefixus
kīkṛ	adhi-			1	adhikīkṛ		prefixus
kīrtay				1	kīrtay	10:703	prefixus+classfreq
kīrtay	anu-			1	anukīrtay		prefixus
kīrtay	pari-			1	parikīrtay		prefixus
kīrtay	pra-			1	prakīrtay		prefixus
kīrtay	samanu-			1	samanukīrtay		prefixus
kīrtay	sampari-			1	samparikīrtay		prefixus
kīrtay	saṃ-			1	saṃkīrtay		prefixus
kīrtay	saṃpra-			1	saṃprakīrtay		prefixus
kūj				1	kūj	1:96	prefixus+classfreq
kūj	anu-			1	anukūj		prefixus
kūj	ava-			1	avakūj		prefixus
kūj	ni-			1	nikūj		prefixus
kūj	pra-			1	prakūj		prefixus
kūj	prati-			1	pratikūj		prefixus
kūj	upa-			1	upakūj		prefixus
kūj	vi-			1	vikūj		prefixus
kūj	ā-			1	ākūj		prefixus
kūlay				1	kūlay	10:1	prefixus+classfreq
kūlay	ava-			1	avakūlay		prefixus
kūlay	prati-			1	pratikūlay		prefixus
kūrd				1	kūrd	1:4	prefixus+classfreq
kūrd	saṃ-			1	saṃkūrd		prefixus
kūrmībhū						1:1	classfreq
kūḍay						10:2	classfreq
kḷp		eligible	3				semantics
kṛ		do	44	2	kṛ	1:4|2:33043|6:195	prefixus+semantics+classfreq
kṛ	abhi-			1	abhikṛ		prefixus
kṛ	abhisaṃ-			1	abhisaṃkṛ		prefixus
kṛ	abhyava-			1	abhyavakṛ		prefixus
kṛ	abhyā-			1	abhyākṛ		prefixus
kṛ	adhi-			1	adhikṛ		prefixus
kṛ	anu-			2	anukṛ		prefixus
kṛ	anvava-			1	anvavakṛ		prefixus
kṛ	apa-			1	apakṛ		prefixus
kṛ	apā-			2	apākṛ		prefixus
kṛ	ava-			1	avakṛ		prefixus
kṛ	ni-			1	nikṛ		prefixus
kṛ	pari-			2	parikṛ		prefixus
kṛ	paryava-			1	paryavakṛ		prefixus
kṛ	paryā-			1	paryākṛ		prefixus
kṛ	parā-			2	parākṛ		prefixus
kṛ	pra-			1	prakṛ		prefixus
kṛ	prati-			2	pratikṛ		prefixus
kṛ	pratyapa-			1	pratyapakṛ		prefixus
kṛ	pratyupa-			1	pratyupakṛ		prefixus
kṛ	pravi-			1	pravikṛ		prefixus
kṛ	prā-			1	prākṛ		prefixus
kṛ	samava-			1	samavakṛ		prefixus
kṛ	sampra-			1	samprakṛ		prefixus
kṛ	samā-			1	samākṛ		prefixus
kṛ	saṃ-			2	saṃkṛ		prefixus
kṛ	saṃpra-			1	saṃprakṛ		prefixus
kṛ	saṃvi-			1	saṃvikṛ		prefixus
kṛ	upa-			2	upakṛ		prefixus
kṛ	upasamā-			1	upasamākṛ		prefixus
kṛ	vi-			2	vikṛ		prefixus
kṛ	vini-			2	vinikṛ		prefixus
kṛ	vipra-			2	viprakṛ		prefixus
kṛ	vyati-			1	vyatikṛ		prefixus
kṛ	vyava-			1	vyavakṛ		prefixus
kṛ	vyā-			1	vyākṛ		prefixus
kṛ	ā-			2	ākṛ		prefixus
kṛntay				1	kṛntay	10:1	prefixus+classfreq
kṛntay	ni-			1	nikṛntay		prefixus
kṛntay	vi-			1	vikṛntay		prefixus
kṛp				1	kṛp	1:13	prefixus+classfreq
kṛpay				1	kṛpay	10:4	prefixus+classfreq
kṛpaṇībhū						1:1	classfreq
kṛt				1	kṛt	2:179|7:1	prefixus+classfreq
kṛt	abhi-			1	abhikṛt		prefixus
kṛt	anu-			1	anukṛt		prefixus
kṛt	ava-			1	avakṛt		prefixus
kṛt	ni-			1	nikṛt		prefixus
kṛt	pari-			1	parikṛt		prefixus
kṛt	pra-			1	prakṛt		prefixus
kṛt	saṃ-			1	saṃkṛt		prefixus
kṛt	saṃni-			1	saṃnikṛt		prefixus
kṛt	saṃpra-			1	saṃprakṛt		prefixus
kṛt	upa-			1	upakṛt		prefixus
kṛt	vi-			1	vikṛt		prefixus
kṛt	vini-			1	vinikṛt		prefixus
kṛt	vyava-			1	vyavakṛt		prefixus
kṛtārthīkṛ				1	kṛtārthīkṛ	8:3	prefixus+classfreq
kṛç				1	kṛś		prefixus
kṛś						9:6	classfreq
kṛśībhū				1	kṛśībhū	1:4	prefixus+classfreq
kṛṣ		pull	1	1	kṛṣ	6:262	prefixus+semantics+classfreq
kṛṣ	abhi-			1	abhikṛṣ		prefixus
kṛṣ	anu-			1	anukṛṣ		prefixus
kṛṣ	apa-			1	apakṛṣ		prefixus
kṛṣ	apā-			1	apākṛṣ		prefixus
kṛṣ	ava-			1	avakṛṣ		prefixus
kṛṣ	ni-			1	nikṛṣ		prefixus
kṛṣ	pari-			1	parikṛṣ		prefixus
kṛṣ	parā-			1	parākṛṣ		prefixus
kṛṣ	pra-			1	prakṛṣ		prefixus
kṛṣ	prati-			1	pratikṛṣ		prefixus
kṛṣ	samanu-			1	samanukṛṣ		prefixus
kṛṣ	sampra-			1	samprakṛṣ		prefixus
kṛṣ	samā-			1	samākṛṣ		prefixus
kṛṣ	saṃ-			1	saṃkṛṣ		prefixus
kṛṣ	saṃni-			1	saṃnikṛṣ		prefixus
kṛṣ	vi-			1	vikṛṣ		prefixus
kṛṣ	vipari-			1	viparikṛṣ		prefixus
kṛṣ	vipra-			1	viprakṛṣ		prefixus
kṛṣ	vyapa-			1	vyapakṛṣ		prefixus
kṛṣ	vyati-			1	vyatikṛṣ		prefixus
kṛṣ	vyā-			1	vyākṛṣ		prefixus
kṛṣ	ā-			1	ākṛṣ		prefixus
kṛṣṇāṅgārīkṛ						8:1	classfreq
kṛṣṇībhū				1	kṛṣṇībhū	1:1	prefixus+classfreq
kṣad						1:7	classfreq
kṣam		tolerate	1	1	kṣam	1:394	prefixus+semantics+classfreq
kṣam	anu-			1	anukṣam		prefixus
kṣamay				1	kṣamay	10:15	prefixus+classfreq
kṣan				1	kṣan	8:188	prefixus+classfreq
kṣan	abhi-			1	abhikṣan		prefixus
kṣan	pari-			1	parikṣan		prefixus
kṣan	parivi-			1	parivikṣan		prefixus
kṣan	vi-			1	vikṣan		prefixus
kṣan	vini-			1	vinikṣan		prefixus
kṣan	ā-			1	ākṣan		prefixus
kṣap				1	kṣap	1:15	prefixus+classfreq
kṣapay				1	kṣapay	10:158	prefixus+classfreq
kṣapay	pra-			1	prakṣapay		prefixus
kṣapay	saṃ-			1	saṃkṣapay		prefixus
kṣapaṇībhū				1	kṣapaṇībhū	1:1	prefixus+classfreq
kṣar				1	kṣar	1:171	prefixus+classfreq
kṣar	abhi-			1	abhikṣar		prefixus
kṣar	pari-			1	parikṣar		prefixus
kṣar	vi-			1	vikṣar		prefixus
kṣayay						10:1	classfreq
kṣayīkṛ				1	kṣayīkṛ	8:1	prefixus+classfreq
kṣaṇībhū				1	kṣaṇībhū	1:1	prefixus+classfreq
kṣepay				1	kṣepay	10:20	prefixus+classfreq
kṣepay	ni-			1	nikṣepay		prefixus
kṣepay	pari-			1	parikṣepay		prefixus
kṣepay	pra-			1	prakṣepay		prefixus
kṣepay	ā-			1	ākṣepay		prefixus
kṣetrībhū						1:1	classfreq
kṣetrīkṛ				1	kṣetrīkṛ	8:5	prefixus+classfreq
kṣi				2	kṣi	1:83|9:903	prefixus+classfreq
kṣi	anu-			1	anukṣi		prefixus
kṣi	apa-			1	apakṣi		prefixus
kṣi	pari-			1	parikṣi		prefixus
kṣi	pra-			1	prakṣi		prefixus
kṣi	saṃ-			1	saṃkṣi		prefixus
kṣi	upa-			1	upakṣi		prefixus
kṣip		throw	1	1	kṣip	6:2378	prefixus+semantics+classfreq
kṣip	abhi-			1	abhikṣip		prefixus
kṣip	abhisaṃ-			1	abhisaṃkṣip		prefixus
kṣip	abhivi-			1	abhivikṣip		prefixus
kṣip	adhi-			1	adhikṣip		prefixus
kṣip	adhivi-			1	adhivikṣip		prefixus
kṣip	apa-			1	apakṣip		prefixus
kṣip	ati-			1	atikṣip		prefixus
kṣip	ava-			1	avakṣip		prefixus
kṣip	ni-			1	nikṣip		prefixus
kṣip	niḥ-			1	niḥkṣip		prefixus
kṣip	pari-			1	parikṣip		prefixus
kṣip	paryā-			1	paryākṣip		prefixus
kṣip	pra-			1	prakṣip		prefixus
kṣip	prati-			1	pratikṣip		prefixus
kṣip	pratini-			1	pratinikṣip		prefixus
kṣip	samava-			1	samavakṣip		prefixus
kṣip	sampra-			1	samprakṣip		prefixus
kṣip	samā-			1	samākṣip		prefixus
kṣip	saṃ-			1	saṃkṣip		prefixus
kṣip	saṃni-			1	saṃnikṣip		prefixus
kṣip	saṃpari-			1	saṃparikṣip		prefixus
kṣip	upa-			1	upakṣip		prefixus
kṣip	upani-			1	upanikṣip		prefixus
kṣip	vi-			1	vikṣip		prefixus
kṣip	vini-			1	vinikṣip		prefixus
kṣip	viniḥ-			1	viniḥkṣip		prefixus
kṣip	vyati-			1	vyatikṣip		prefixus
kṣip	vyā-			1	vyākṣip		prefixus
kṣip	ā-			1	ākṣip		prefixus
kṣobhay				1	kṣobhay	10:109	prefixus+classfreq
kṣobhay	pra-			1	prakṣobhay		prefixus
kṣobhay	saṃ-			1	saṃkṣobhay		prefixus
kṣobhay	vi-			1	vikṣobhay		prefixus
kṣoday				1	kṣoday	10:6	prefixus+classfreq
kṣoday	saṃ-			1	saṃkṣoday		prefixus
kṣu				1	kṣu	2:17	prefixus+classfreq
kṣu	ava-			1	avakṣu		prefixus
kṣu	pari-			1	parikṣu		prefixus
kṣubh				1	kṣubh	1:169	prefixus+classfreq
kṣubh	pra-			1	prakṣubh		prefixus
kṣubh	sampra-			1	samprakṣubh		prefixus
kṣubh	saṃ-			1	saṃkṣubh		prefixus
kṣud				1	kṣud	1:56	prefixus+classfreq
kṣud	ava-			1	avakṣud		prefixus
kṣud	saṃ-			1	saṃkṣud		prefixus
kṣudh				1	kṣudh	4:92	prefixus+classfreq
kṣveḍay				1	kṣveḍay	10:2	prefixus+classfreq
kṣveḍay	pra-			1	prakṣveḍay		prefixus
kṣviḍ				1	kṣviḍ	1:15	prefixus+classfreq
kṣālay				1	kṣālay	10:143	prefixus+classfreq
kṣālay	pra-			1	prakṣālay		prefixus
kṣālay	saṃ-			1	saṃkṣālay		prefixus
kṣālay	ā-			1	ākṣālay		prefixus
kṣāmay				1	kṣāmay	10:2	prefixus+classfreq
kṣāray				1	kṣāray	10:5	prefixus+classfreq
kṣāray	pra-			1	prakṣāray		prefixus
kṣāray	ā-			1	ākṣāray		prefixus
kṣībhū	pratya-			1	pratyakṣībhū		prefixus
kṣīkṛ	pratya-			1	pratyakṣīkṛ		prefixus
kṣṇu						2:2	classfreq
kﾱp						1:328	classfreq
k�	pra-			1	prak�		prefixus
k�p				1	k�p		prefixus
k�p	abhi-			1	abhik�p		prefixus
k�p	ava-			1	avak�p		prefixus
k�p	pra-			1	prak�p		prefixus
k�p	prati-			1	pratik�p		prefixus
k�p	pravi-			1	pravik�p		prefixus
k�p	samupa-			1	samupak�p		prefixus
k�p	saṃ-			1	saṃk�p		prefixus
k�p	upa-			1	upak�p		prefixus
k�p	vi-			1	vik�p		prefixus
labh		obtain	14	1	labh	1:3103	prefixus+semantics+classfreq
labh	abhi-			1	abhilabh		prefixus
labh	abhyā-			1	abhyālabh		prefixus
labh	anvā-			1	anvālabh		prefixus
labh	pra-			1	pralabh		prefixus
labh	prati-			1	pratilabh		prefixus
labh	samupa-			1	samupalabh		prefixus
labh	samā-			1	samālabh		prefixus
labh	saṃ-			1	saṃlabh		prefixus
labh	upa-	perceive		1	upalabh		prefixus+semantics
labh	vipra-			1	vipralabh		prefixus
labh	ā-			1	ālabh		prefixus
labhībhū	asu-			1	asulabhībhū		prefixus
labhībhū	su-			1	sulabhībhū		prefixus
lag				1	lag	1:196	prefixus+classfreq
lag	ava-			1	avalag		prefixus
lag	saṃ-			1	saṃlag		prefixus
lag	vi-			1	vilag		prefixus
lag	ā-			1	ālag		prefixus
lagay				1	lagay	10:1	prefixus+classfreq
lajj				1	lajj	1:98	prefixus+classfreq
lajj	saṃ-			1	saṃlajj		prefixus
lajj	vi-			1	vilajj		prefixus
lajjay				1	lajjay	10:4	prefixus+classfreq
lakṣ				1	lakṣ	1:32	prefixus+classfreq
lakṣ	abhi-			1	abhilakṣ		prefixus
lakṣay				1	lakṣay	10:499	prefixus+classfreq
lakṣay	abhi-			1	abhilakṣay		prefixus
lakṣay	samupa-			1	samupalakṣay		prefixus
lakṣay	samā-			1	samālakṣay		prefixus
lakṣay	saṃ-			1	saṃlakṣay		prefixus
lakṣay	upa-			1	upalakṣay		prefixus
lakṣay	vi-			1	vilakṣay		prefixus
lakṣay	ā-			1	ālakṣay		prefixus
lakṣyīkṛ				1	lakṣyīkṛ	8:3	prefixus+classfreq
lakṣīkṛ				1	lakṣīkṛ	8:2	prefixus+classfreq
lal				1	lal	1:94	prefixus+classfreq
lamb				1	lamb	1:111	prefixus+classfreq
lamb	ava-			1	avalamb		prefixus
lamb	pari-			1	parilamb		prefixus
lamb	pra-			1	pralamb		prefixus
lamb	pravi-			1	pravilamb		prefixus
lamb	samava-			1	samavalamb		prefixus
lamb	samā-			1	samālamb		prefixus
lamb	vi-			1	vilamb		prefixus
lamb	vyā-			1	vyālamb		prefixus
lamb	ā-			1	ālamb		prefixus
lambanībhū	ā-			1	ālambanībhū		prefixus
lambay				1	lambay	10:7	prefixus+classfreq
lambay	ava-			1	avalambay		prefixus
lambay	pra-			1	pralambay		prefixus
lambay	prati-			1	pratilambay		prefixus
lambay	ā-			1	ālambay		prefixus
lambhay				1	lambhay	10:18	prefixus+classfreq
lambhay	vipra-			1	vipralambhay		prefixus
lambhay	ā-			1	ālambhay		prefixus
lambībhū	ava-			1	avalambībhū		prefixus
lambīkṛ	pra-			1	pralambīkṛ		prefixus
lap				1	lap	4:24	prefixus+classfreq
lap	abhi-			1	abhilap		prefixus
lap	pra-			1	pralap		prefixus
lap	samā-			1	samālap		prefixus
lap	saṃ-			1	saṃlap		prefixus
lap	vi-			1	vilap		prefixus
lap	vipra-			1	vipralap		prefixus
lap	ā-			1	ālap		prefixus
las				1	las	1:58	prefixus+classfreq
las	pravi-			1	pravilas		prefixus
las	vi-			1	vilas		prefixus
lasay	vi-			1	vilasay		prefixus
lasībhū	a-			1	alasībhū		prefixus
lavalavīkṛ						8:1	classfreq
lavaṇīkṛ				1	lavaṇīkṛ	8:2	prefixus+classfreq
lavaṇīkṛ	a-			1	alavaṇīkṛ		prefixus
laḍ						1:7	classfreq
laṃkṛ	a-			1	alaṃkṛ		prefixus
laṃkṛ	abhya-			1	abhyalaṃkṛ		prefixus
laṃkṛ	sama-			1	samalaṃkṛ		prefixus
laṅgh				1	laṅgh	1:30	prefixus+classfreq
laṅgh	ava-			1	avalaṅgh		prefixus
laṅgh	prati-			1	pratilaṅgh		prefixus
laṅgh	vi-			1	vilaṅgh		prefixus
laṅghay				1	laṅghay	10:125	prefixus+classfreq
laṅghay	abhi-			1	abhilaṅghay		prefixus
laṅghay	ati-			1	atilaṅghay		prefixus
laṅghay	vi-			1	vilaṅghay		prefixus
laṣ	abhi-			1	abhilaṣ		prefixus
laṣ	samabhi-			1	samabhilaṣ		prefixus
lehay				1	lehay	10:62	prefixus+classfreq
lehay	ava-			1	avalehay		prefixus
lehībhū				1	lehībhū	1:1	prefixus+classfreq
lekhay				1	lekhay	10:27	prefixus+classfreq
lekhay	abhi-			1	abhilekhay		prefixus
lekhay	pari-			1	parilekhay		prefixus
lekhay	vi-			1	vilekhay		prefixus
lekhāpay				1	lekhāpay	10:1	prefixus+classfreq
lepay				1	lepay	10:451	prefixus+classfreq
lepay	anu-			1	anulepay		prefixus
lepay	pari-			1	parilepay		prefixus
lepay	pra-			1	pralepay		prefixus
lepay	pravi-			1	pravilepay		prefixus
lepay	saṃ-			1	saṃlepay		prefixus
lepay	saṃpra-			1	saṃpralepay		prefixus
lepay	upa-			1	upalepay		prefixus
lepay	vi-			1	vilepay		prefixus
lepay	ā-			1	ālepay		prefixus
lih		lick	1	1	lih	4:401	prefixus+semantics+classfreq
lih	anu-			1	anulih		prefixus
lih	ava-			1	avalih		prefixus
lih	pari-			1	parilih		prefixus
lih	parisaṃ-			1	parisaṃlih		prefixus
lih	pra-			1	pralih		prefixus
lih	saṃ-			1	saṃlih		prefixus
lih	vi-			1	vilih		prefixus
lih	ā-			1	ālih		prefixus
likh				1	likh	6:442	prefixus+classfreq
likh	abhi-			1	abhilikh		prefixus
likh	ava-			1	avalikh		prefixus
likh	pari-			1	parilikh		prefixus
likh	pra-			1	pralikh		prefixus
likh	prati-			1	pratilikh		prefixus
likh	samā-			1	samālikh		prefixus
likh	saṃ-			1	saṃlikh		prefixus
likh	vi-			1	vilikh		prefixus
likh	ā-			1	ālikh		prefixus
lip		smear	7	1	lip	4:735	prefixus+semantics+classfreq
lip	anu-			1	anulip		prefixus
lip	ava-			1	avalip		prefixus
lip	pari-			1	parilip		prefixus
lip	pra-			1	pralip		prefixus
lip	pravi-			1	pravilip		prefixus
lip	samā-			1	samālip		prefixus
lip	saṃ-			1	saṃlip		prefixus
lip	upa-			1	upalip		prefixus
lip	vi-			1	vilip		prefixus
lip	ā-			1	ālip		prefixus
liṅg	abhi-			1	abhiliṅg		prefixus
liṅg	ā-			1	āliṅg		prefixus
liṅgay				1	liṅgay	10:5	prefixus+classfreq
liṅgay	samā-			1	samāliṅgay		prefixus
liṅgay	ā-			1	āliṅgay		prefixus
liṅgībhū				1	liṅgībhū	1:1	prefixus+classfreq
lobhay				1	lobhay	10:33	prefixus+classfreq
lobhay	pra-			1	pralobhay		prefixus
lobhay	prati-			1	pratilobhay		prefixus
lobhay	pravi-			1	pravilobhay		prefixus
lobhay	vi-			1	vilobhay		prefixus
locay	paryā-			1	paryālocay		prefixus
locay	samā-			1	samālocay		prefixus
locay	ā-			1	ālocay		prefixus
lohitīkṛ				1	lohitīkṛ	8:1	prefixus+classfreq
lokay				1	lokay	10:4	prefixus+classfreq
lokay	ava-			1	avalokay		prefixus
lokay	prati-			1	pratilokay		prefixus
lokay	pravi-			1	pravilokay		prefixus
lokay	samava-			1	samavalokay		prefixus
lokay	samā-			1	samālokay		prefixus
lokay	vi-			1	vilokay		prefixus
lokay	ā-			1	ālokay		prefixus
lolay				1	lolay	10:37	prefixus+classfreq
lolay	ati-			1	atilolay		prefixus
lolay	vi-			1	vilolay		prefixus
lolībhū				1	lolībhū	1:2	prefixus+classfreq
lopay				1	lopay	10:16	prefixus+classfreq
lopay	vi-			1	vilopay		prefixus
loḍay				1	loḍay	10:29	prefixus+classfreq
loḍay	ava-			1	avaloḍay		prefixus
loḍay	pari-			1	pariloḍay		prefixus
loḍay	samā-			1	samāloḍay		prefixus
loḍay	saṃ-			1	saṃloḍay		prefixus
loḍay	vi-			1	viloḍay		prefixus
loḍay	vipra-			1	vipraloḍay		prefixus
loḍay	ā-			1	āloḍay		prefixus
lpībhū	a-			1	alpībhū		prefixus
lubh				1	lubh	4:271	prefixus+classfreq
lubh	pra-			1	pralubh		prefixus
luj						4:4	classfreq
lul				1	lul	1:40	prefixus+classfreq
lul	abhi-			1	abhilul		prefixus
lul	pari-			1	parilul		prefixus
lul	vi-			1	vilul		prefixus
lul	ā-			1	ālul		prefixus
lup				1	lup	6:82	prefixus+classfreq
lup	ava-			1	avalup		prefixus
lup	pari-			1	parilup		prefixus
lup	pra-			1	pralup		prefixus
lup	prati-			1	pratilup		prefixus
lup	pravi-			1	pravilup		prefixus
lup	sampra-			1	sampralup		prefixus
lup	vi-			1	vilup		prefixus
lup	vipra-			1	vipralup		prefixus
lup	vyā-			1	vyālup		prefixus
lup	ā-			1	ālup		prefixus
luñc				1	luñc	1:11	prefixus+classfreq
luñc	pra-			1	praluñc		prefixus
luñc	ā-			1	āluñc		prefixus
luñcay				1	luñcay	10:1	prefixus+classfreq
luḍ						1:1	classfreq
luḍ	ā-			1	āluḍ		prefixus
luṇṭh				1	luṇṭh	1:3	prefixus+classfreq
luṇṭh	pari-			1	pariluṇṭh		prefixus
luṇṭhay						10:1	classfreq
luṭh				1	luṭh	6:26	prefixus+classfreq
luṭh	vi-			1	viluṭh		prefixus
lāgay				1	lāgay	10:2	prefixus+classfreq
lālasībhū				1	lālasībhū	1:1	prefixus+classfreq
lālay				1	lālay	10:50	prefixus+classfreq
lālay	ati-			1	atilālay		prefixus
lālay	pra-			1	pralālay		prefixus
lālay	saṃ-			1	saṃlālay		prefixus
lālay	upa-			1	upalālay		prefixus
lāpay				1	lāpay	10:3	prefixus+classfreq
lāpay	apa-			1	apalāpay		prefixus
lāpay	saṃ-			1	saṃlāpay		prefixus
lāpay	vi-			1	vilāpay		prefixus
lāpay	ā-			1	ālāpay		prefixus
lāsay				1	lāsay	10:3	prefixus+classfreq
lāsay	vi-			1	vilāsay		prefixus
lāṣībhū	abhi-			1	abhilāṣībhū		prefixus
lī		dissolve	3	1	lī	1:261	prefixus+semantics+classfreq
lī	abhi-			1	abhilī		prefixus
lī	abhivi-			1	abhivilī		prefixus
lī	anu-			1	anulī		prefixus
lī	ava-			1	avalī		prefixus
lī	ni-			1	nilī		prefixus
lī	pari-			1	parilī		prefixus
lī	pra-			1	pralī		prefixus
lī	pravi-			1	pravilī		prefixus
lī	sampra-			1	sampralī		prefixus
lī	saṃ-			1	saṃlī		prefixus
lī	saṃni-			1	saṃnilī		prefixus
lī	vi-			1	vilī		prefixus
lī	vyava-			1	vyavalī		prefixus
lī	ā-			1	ālī		prefixus
lībhū	vyā-			1	vyālībhū		prefixus
lū				1	lū	8:60	prefixus+classfreq
lū	pra-			1	pralū		prefixus
lū	vi-			1	vilū		prefixus
mad				1	mad	3:859	prefixus+classfreq
mad	abhi-			1	abhimad		prefixus
mad	abhisaṃ-			1	abhisaṃmad		prefixus
mad	anupra-			1	anupramad		prefixus
mad	ati-			1	atimad		prefixus
mad	pra-			1	pramad		prefixus
mad	sam-			1	sammad		prefixus
mad	saṃpra-			1	saṃpramad		prefixus
maday				1	maday	10:13	prefixus+classfreq
madhurībhū				1	madhurībhū	1:4	prefixus+classfreq
madīkṛ	vi-			1	vimadīkṛ		prefixus
mah						1:51	classfreq
mahatkṛ						8:3	classfreq
majj				1	majj	1:312	prefixus+classfreq
majj	anu-			1	anumajj		prefixus
majj	ava-			1	avamajj		prefixus
majj	ni-			1	nimajj		prefixus
majj	pra-			1	pramajj		prefixus
majj	saṃ-			1	saṃmajj		prefixus
majj	saṃni-			1	saṃnimajj		prefixus
majj	vini-			1	vinimajj		prefixus
majjay				1	majjay	10:38	prefixus+classfreq
majjay	ni-			1	nimajjay		prefixus
malinīkṛ				1	malinīkṛ	8:9	prefixus+classfreq
malīkṛ	a-			1	amalīkṛ		prefixus
malīkṛ	vi-			1	vimalīkṛ		prefixus
man		think	15	1	man	8:4115	prefixus+semantics+classfreq
man	abhi-			1	abhiman		prefixus
man	abhisam-			1	abhisamman		prefixus
man	abhyanu-			1	abhyanuman		prefixus
man	abhyava-			1	abhyavaman		prefixus
man	anu-			1	anuman		prefixus
man	anusam-			1	anusamman		prefixus
man	ati-			1	atiman		prefixus
man	ava-			1	avaman		prefixus
man	prati-			1	pratiman		prefixus
man	sam-			1	samman		prefixus
man	samanu-			1	samanuman		prefixus
mand						1:53	classfreq
manday						10:5	classfreq
mandībhū				1	mandībhū	1:7	prefixus+classfreq
mandīkṛ				1	mandīkṛ	8:7	prefixus+classfreq
manth	abhi-			1	abhimanth		prefixus
manthay				1	manthay	10:6	prefixus+classfreq
manthay	abhipra-			1	abhipramanthay		prefixus
manthay	pra-			1	pramanthay		prefixus
manthay	ā-			1	āmanthay		prefixus
marcay						10:6	classfreq
marday				1	marday	10:1416	prefixus+classfreq
marday	abhi-			1	abhimarday		prefixus
marday	abhivi-			1	abhivimarday		prefixus
marday	ava-			1	avamarday		prefixus
marday	pari-			1	parimarday		prefixus
marday	pra-			1	pramarday		prefixus
marday	saṃ-			1	saṃmarday		prefixus
marday	saṃpari-			1	saṃparimarday		prefixus
marday	saṃpra-			1	saṃpramarday		prefixus
marday	vi-			1	vimarday		prefixus
marday	ā-			1	āmarday		prefixus
marjay						10:18	classfreq
marjay	vi-			1	vimarjay		prefixus
maryādīkṛ				1	maryādīkṛ	8:1	prefixus+classfreq
marīkṛ	a-			1	amarīkṛ		prefixus
marśay				1	marśay	10:2	prefixus+classfreq
marśay	pari-			1	parimarśay		prefixus
marśay	vi-			1	vimarśay		prefixus
marṣay				1	marṣay	10:68	prefixus+classfreq
marṣay	abhi-			1	abhimarṣay		prefixus
marṣay	ava-			1	avamarṣay		prefixus
marṣay	upa-			1	upamarṣay		prefixus
marṣay	ā-			1	āmarṣay		prefixus
masṛṇīkṛ				1	masṛṇīkṛ	8:7	prefixus+classfreq
math				1	math	4:250	prefixus+classfreq
math	adhi-			1	adhimath		prefixus
math	ava-			1	avamath		prefixus
math	pra-			1	pramath		prefixus
math	sam-			1	sammath		prefixus
math	sampra-			1	sampramath		prefixus
math	upa-			1	upamath		prefixus
math	vi-			1	vimath		prefixus
math	ā-			1	āmath		prefixus
mathay				1	mathay	10:1	prefixus+classfreq
mauktikīkṛ						8:1	classfreq
may						1:1	classfreq
mañjarīkṛ				1	mañjarīkṛ	8:1	prefixus+classfreq
maṁhay						10:3	classfreq
maṇḍalībhū				1	maṇḍalībhū	1:2	prefixus+classfreq
maṇḍalīkṛ				1	maṇḍalīkṛ	8:17	prefixus+classfreq
maṇḍanībhū				1	maṇḍanībhū	1:1	prefixus+classfreq
maṇṭ				1	maṇṭ	1:2	prefixus+classfreq
med				1	med	6:5	prefixus+classfreq
meday						10:2	classfreq
medhībhū						1:1	classfreq
meghīkṛ				1	meghīkṛ	8:1	prefixus+classfreq
mehay						10:1	classfreq
melay				1	melay	10:107	prefixus+classfreq
melay	pari-			1	parimelay		prefixus
melay	saṃ-			1	saṃmelay		prefixus
mi						5:10	classfreq
mi	anu-			1	anumi		prefixus
mih				1	mih	1:57	prefixus+classfreq
mih	abhi-			1	abhimih		prefixus
mih	pra-			1	pramih		prefixus
mikṣ						1:16	classfreq
mil				1	mil	6:332	prefixus+classfreq
mil	pra-			1	pramil		prefixus
mil	saṃ-			1	saṃmil		prefixus
mith						6:6	classfreq
mithunībhū				1	mithunībhū	1:4	prefixus+classfreq
mithunīkṛ				1	mithunīkṛ	8:1	prefixus+classfreq
mitrībhū				1	mitrībhū	1:3	prefixus+classfreq
mitrīkṛ						8:1	classfreq
mittībhū	ni-			1	nimittībhū		prefixus
mittīkṛ	ni-			1	nimittīkṛ		prefixus
miśrībhū				1	miśrībhū	1:9	prefixus+classfreq
miśrīkṛ				1	miśrīkṛ	8:7	prefixus+classfreq
miṣ				1	miṣ	6:77	prefixus+classfreq
miṣ	ni-			1	nimiṣ		prefixus
mlecchībhū				1	mlecchībhū	1:2	prefixus+classfreq
mlech						1:1	classfreq
mlā				1	mlā	4:77	prefixus+classfreq
mlā	pari-			1	parimlā		prefixus
mlā	pra-			1	pramlā		prefixus
mlā	vi-			1	vimlā		prefixus
mlā	ā-			1	āmlā		prefixus
mlānīkṛ						8:1	classfreq
mlāpay				1	mlāpay	10:4	prefixus+classfreq
mlāpay	vi-			1	vimlāpay		prefixus
mlībhū	a-			1	amlībhū		prefixus
mlībhū	vya-			1	vyamlībhū		prefixus
mnā				1	mnā	1:3	prefixus+classfreq
mnā	samā-			1	samāmnā		prefixus
mnā	ā-			1	āmnā		prefixus
mocay				1	mocay	10:137	prefixus+classfreq
mocay	pari-			1	parimocay		prefixus
mocay	pra-			1	pramocay		prefixus
mocay	vi-			1	vimocay		prefixus
mocay	vipra-			1	vipramocay		prefixus
moday				1	moday	10:13	prefixus+classfreq
moday	abhyanu-			1	abhyanumoday		prefixus
moday	anu-			1	anumoday		prefixus
moday	pari-			1	parimoday		prefixus
moday	pra-			1	pramoday		prefixus
moday	saṃ-			1	saṃmoday		prefixus
moday	ā-			1	āmoday		prefixus
moghībhū						1:1	classfreq
moghīkṛ				1	moghīkṛ	8:5	prefixus+classfreq
mohay				1	mohay	10:457	prefixus+classfreq
mohay	abhi-			1	abhimohay		prefixus
mohay	pari-			1	parimohay		prefixus
mohay	pra-			1	pramohay		prefixus
mohay	prati-			1	pratimohay		prefixus
mohay	saṃ-			1	saṃmohay		prefixus
mohay	vi-			1	vimohay		prefixus
mohay	vipra-			1	vipramohay		prefixus
mohay	vyā-			1	vyāmohay		prefixus
mokṣay				1	mokṣay	10:136	prefixus+classfreq
mokṣay	pari-			1	parimokṣay		prefixus
mokṣay	vi-			1	vimokṣay		prefixus
moṣay						10:1	classfreq
moṣay	pari-			1	parimoṣay		prefixus
mrad						1:1	classfreq
mreḍ	ni-			1	nimreḍ		prefixus
mreḍay	ā-			1	āmreḍay		prefixus
mruc						1:1	classfreq
mruc	abhini-			1	abhinimruc		prefixus
mruc	ni-			1	nimruc		prefixus
muc		liberate	12	1	muc	6:3192	prefixus+semantics+classfreq
muc	abhi-			1	abhimuc		prefixus
muc	adhi-			1	adhimuc		prefixus
muc	ati-			1	atimuc		prefixus
muc	ava-			1	avamuc		prefixus
muc	pari-			1	parimuc		prefixus
muc	paryā-			1	paryāmuc		prefixus
muc	pra-			1	pramuc		prefixus
muc	prati-			1	pratimuc		prefixus
muc	pravi-			1	pravimuc		prefixus
muc	sam-			1	sammuc		prefixus
muc	sampra-			1	sampramuc		prefixus
muc	saṃprati-			1	saṃpratimuc		prefixus
muc	vi-			1	vimuc		prefixus
muc	vipari-			1	viparimuc		prefixus
muc	vipra-			1	vipramuc		prefixus
muc	vyava-			1	vyavamuc		prefixus
muc	ā-			1	āmuc		prefixus
mud		rejoice	1	1	mud	1:541	prefixus+semantics+classfreq
mud	anu-			1	anumud		prefixus
mud	pra-			1	pramud		prefixus
mud	prati-			1	pratimud		prefixus
muh		bewilder	6	1	muh	4:1003	prefixus+semantics+classfreq
muh	abhi-			1	abhimuh		prefixus
muh	abhisaṃ-			1	abhisaṃmuh		prefixus
muh	anu-			1	anumuh		prefixus
muh	pari-			1	parimuh		prefixus
muh	pra-			1	pramuh		prefixus
muh	sam-			1	sammuh		prefixus
muh	sampra-			1	sampramuh		prefixus
muh	vi-			1	vimuh		prefixus
muh	vipra-			1	vipramuh		prefixus
muh	visaṃ-			1	visaṃmuh		prefixus
mukharīkṛ						8:2	classfreq
mukhyas	saṃ-			1	saṃmukhyas		prefixus
mukhībhū				1	mukhībhū	1:4	prefixus+classfreq
mukhībhū	abhi-			1	abhimukhībhū		prefixus
mukhībhū	saṃ-			1	saṃmukhībhū		prefixus
mukhīkṛ				1	mukhīkṛ	8:19	prefixus+classfreq
mukhīkṛ	abhi-			1	abhimukhīkṛ		prefixus
mukhīkṛ	saṃ-			1	saṃmukhīkṛ		prefixus
mukhīkṛ	vi-			1	vimukhīkṛ		prefixus
muktīkṛ				1	muktīkṛ	8:2	prefixus+classfreq
mukulīkṛ				1	mukulīkṛ	8:1	prefixus+classfreq
mur						9:1	classfreq
musalībhū						1:1	classfreq
muṇḍāpay						10:1	classfreq
muṣ				1	muṣ	9:139	prefixus+classfreq
muṣ	pari-			1	parimuṣ		prefixus
myakṣ						1:11	classfreq
mā				1	mā	3:23|4:445	prefixus+classfreq
mā	anu-			1	anumā		prefixus
mā	ava-			1	avamā		prefixus
mā	ni-			1	nimā		prefixus
mā	pari-			1	parimā		prefixus
mā	pra-			1	pramā		prefixus
mā	saṃ-			1	saṃmā		prefixus
mā	upa-			1	upamā		prefixus
mā	vi-			1	vimā		prefixus
mā	vini-			1	vinimā		prefixus
māday				1	māday	10:85	prefixus+classfreq
māday	pra-			1	pramāday		prefixus
mānay				1	mānay	10:291	prefixus+classfreq
mānay	abhi-			1	abhimānay		prefixus
mānay	anu-			1	anumānay		prefixus
mānay	apa-			1	apamānay		prefixus
mānay	ava-			1	avamānay		prefixus
mānay	prati-			1	pratimānay		prefixus
mānay	saṃ-			1	saṃmānay		prefixus
mānay	vi-			1	vimānay		prefixus
māpay				1	māpay	10:49	prefixus+classfreq
māpay	anu-			1	anumāpay		prefixus
māpay	pra-			1	pramāpay		prefixus
māray				1	māray	10:369	prefixus+classfreq
māray	pari-			1	parimāray		prefixus
māray	vi-			1	vimāray		prefixus
mārdavīkṛ				1	mārdavīkṛ	8:1	prefixus+classfreq
mārjay				1	mārjay	10:41	prefixus+classfreq
mārjay	anu-			1	anumārjay		prefixus
mārjay	apā-			1	apāmārjay		prefixus
mārjay	pari-			1	parimārjay		prefixus
mārjay	pra-			1	pramārjay		prefixus
mārjay	saṃ-			1	saṃmārjay		prefixus
mārjay	saṃpra-			1	saṃpramārjay		prefixus
mārīkṛ				1	mārīkṛ	8:1	prefixus+classfreq
māthay	pra-			1	pramāthay		prefixus
māṇay	pra-			1	pramāṇay		prefixus
māṇīkṛ	pra-			1	pramāṇīkṛ		prefixus
mī						3:75	classfreq
mīl				1	mīl	1:4	prefixus+classfreq
mīl	ni-			1	nimīl		prefixus
mīl	pra-			1	pramīl		prefixus
mīl	sam-			1	sammīl		prefixus
mīl	saṃni-			1	saṃnimīl		prefixus
mīlay				1	mīlay	10:34	prefixus+classfreq
mīlay	anu-			1	anumīlay		prefixus
mīlay	ni-			1	nimīlay		prefixus
mīlay	sam-			1	sammīlay		prefixus
mīlay	vini-			1	vinimīlay		prefixus
mīlay	vyā-			1	vyāmīlay		prefixus
mīlay	ā-			1	āmīlay		prefixus
mūkībhū						1:2	classfreq
mūlay	vi-			1	vimūlay		prefixus
mūlīkṛ				1	mūlīkṛ	8:1	prefixus+classfreq
mūrch				1	mūrch	1:166	prefixus+classfreq
mūrch	abhi-			1	abhimūrch		prefixus
mūrch	sam-			1	sammūrch		prefixus
mūrch	vi-			1	vimūrch		prefixus
mūrchay				1	mūrchay	10:351	prefixus+classfreq
mūrchay	pari-			1	parimūrchay		prefixus
mūrchay	saṃ-			1	saṃmūrchay		prefixus
mūrchay	vi-			1	vimūrchay		prefixus
mūrchāpay				1	mūrchāpay	10:2	prefixus+classfreq
mūrkhībhū						1:1	classfreq
mṛ		die	1	1	mṛ	4:2372|9:12	prefixus+semantics+classfreq
mṛ	anu-			1	anumṛ		prefixus
mṛ	pra-			1	pramṛ		prefixus
mṛ	saṃ-			1	saṃmṛ		prefixus
mṛc						6:1	classfreq
mṛch						1:2	classfreq
mṛd				1	mṛd	9:673	prefixus+classfreq
mṛd	abhi-			1	abhimṛd		prefixus
mṛd	apa-			1	apamṛd		prefixus
mṛd	ava-			1	avamṛd		prefixus
mṛd	pari-			1	parimṛd		prefixus
mṛd	pra-			1	pramṛd		prefixus
mṛd	sam-			1	sammṛd		prefixus
mṛd	saṃpra-			1	saṃpramṛd		prefixus
mṛd	upa-			1	upamṛd		prefixus
mṛd	vi-			1	vimṛd		prefixus
mṛd	ā-			1	āmṛd		prefixus
mṛdh						6:15	classfreq
mṛdūbhū				1	mṛdūbhū	1:3	prefixus+classfreq
mṛdūkṛ				1	mṛdūkṛ	8:6	prefixus+classfreq
mṛj				1	mṛj	7:232	prefixus+classfreq
mṛj	anu-			1	anumṛj		prefixus
mṛj	apa-			1	apamṛj		prefixus
mṛj	ava-			1	avamṛj		prefixus
mṛj	ni-			1	nimṛj		prefixus
mṛj	pari-			1	parimṛj		prefixus
mṛj	parā-			1	parāmṛj		prefixus
mṛj	pra-			1	pramṛj		prefixus
mṛj	pravi-			1	pravimṛj		prefixus
mṛj	sam-			1	sammṛj		prefixus
mṛj	sampra-			1	sampramṛj		prefixus
mṛj	upasaṃ-			1	upasaṃmṛj		prefixus
mṛj	vi-			1	vimṛj		prefixus
mṛj	vipra-			1	vipramṛj		prefixus
mṛj	vyapa-			1	vyapamṛj		prefixus
mṛj	vyā-			1	vyāmṛj		prefixus
mṛjīkṛ						8:1	classfreq
mṛkṣ						6:1	classfreq
mṛtībhū				1	mṛtībhū	1:1	prefixus+classfreq
mṛtībhū	a-			1	amṛtībhū		prefixus
mṛtīkṛ	a-			1	amṛtīkṛ		prefixus
mṛç				1	mṛś		prefixus
mṛç	abhi-			1	abhimṛś		prefixus
mṛç	anu-			1	anumṛś		prefixus
mṛç	anuvi-			1	anuvimṛś		prefixus
mṛç	ava-			1	avamṛś		prefixus
mṛç	pari-			1	parimṛś		prefixus
mṛç	parā-			1	parāmṛś		prefixus
mṛç	pra-			1	pramṛś		prefixus
mṛç	pratyava-			1	pratyavamṛś		prefixus
mṛç	pravi-			1	pravimṛś		prefixus
mṛç	vi-			1	vimṛś		prefixus
mṛç	ā-			1	āmṛś		prefixus
mṛś		consider	1			4:25	semantics+classfreq
mṛḍ						6:73	classfreq
mṛṇ						6:15	classfreq
mṛṣ				1	mṛṣ	2:138	prefixus+classfreq
mṛṣ	parā-			1	parāmṛṣ		prefixus
mṛṣ	prati-			1	pratimṛṣ		prefixus
mṛṣ	vi-			1	vimṛṣ		prefixus
mṛṣ	vyapa-			1	vyapamṛṣ		prefixus
n	abhyapā-			1	abhyapān		prefixus
n	apā-			1	apān		prefixus
nabh						1:42	classfreq
nabhay						10:4	classfreq
nad		roar	1	1	nad	1:437	prefixus+semantics+classfreq
nad	abhi-			1	abhinad		prefixus
nad	ni-			1	ninad		prefixus
nad	prati-			1	pratinad		prefixus
nad	vi-			1	vinad		prefixus
naday						10:3	classfreq
nagnīkṛ						8:2	classfreq
nah				1	nah	1:70	prefixus+classfreq
nah	abhi-			1	abhinah		prefixus
nah	abhisaṃ-			1	abhisaṃnah		prefixus
nah	apa-			1	apanah		prefixus
nah	api-			1	apinah		prefixus
nah	ava-			1	avanah		prefixus
nah	paryava-			1	paryavanah		prefixus
nah	samupa-			1	samupanah		prefixus
nah	saṃ-			1	saṃnah		prefixus
nah	upa-			1	upanah		prefixus
nah	ā-			1	ānah		prefixus
nakṣ						1:47	classfreq
nam		bow	4	1	nam	1:583	prefixus+semantics+classfreq
nam	abhi-			1	abhinam		prefixus
nam	ava-			1	avanam		prefixus
nam	saṃ-			1	saṃnam		prefixus
nam	upa-			1	upanam		prefixus
nam	vi-			1	vinam		prefixus
nam	ā-			1	ānam		prefixus
namaskṛ				1	namaskṛ	8:446	prefixus+classfreq
namasya		bow down	1				semantics
namay				1	namay	10:44	prefixus+classfreq
namay	ava-			1	avanamay		prefixus
namay	saṃ-			1	saṃnamay		prefixus
namay	vi-			1	vinamay		prefixus
namay	ā-			1	ānamay		prefixus
nand		please	1	1	nand	1:103	prefixus+semantics+classfreq
nand	abhi-			1	abhinand		prefixus
nand	anu-			1	anunand		prefixus
nand	pari-			1	parinand		prefixus
nand	prati-			1	pratinand		prefixus
nand	pratyabhi-			1	pratyabhinand		prefixus
nand	ā-			1	ānand		prefixus
nanday				1	nanday	10:45	prefixus+classfreq
nanday	abhi-			1	abhinanday		prefixus
nanday	prati-			1	pratinanday		prefixus
nanday	pratyabhi-			1	pratyabhinanday		prefixus
nanday	ā-			1	ānanday		prefixus
nard				1	nard	1:110	prefixus+classfreq
nard	abhi-			1	abhinard		prefixus
nard	saṃ-			1	saṃnard		prefixus
nard	vi-			1	vinard		prefixus
narday				1	narday	10:2	prefixus+classfreq
nartay				1	nartay	10:24	prefixus+classfreq
nartay	pra-			1	pranartay		prefixus
nartay	ā-			1	ānartay		prefixus
nas						1:10	classfreq
navīkṛ				1	navīkṛ	8:4	prefixus+classfreq
naç				2	naś		prefixus
naç	vi-			1	vinaś		prefixus
naś		disappear	10			1:2322	semantics+classfreq
naṣṭapiṣṭīkṛ				1	naṣṭapiṣṭīkṛ	8:3	prefixus+classfreq
naṭ				1	naṭ	1:6	prefixus+classfreq
nday	ni-			1	ninday		prefixus
nibandh						9:173	classfreq
nibandhay						10:4	classfreq
nibarhay						10:10	classfreq
nibhid						7:2	classfreq
nibhraṁś						4:5	classfreq
nibiḍībhū						1:1	classfreq
nibodhay						10:4	classfreq
nibudh						4:504	classfreq
nibādh						1:2	classfreq
nicayīkṛ						8:1	classfreq
nicchāday						10:1	classfreq
nici						3:5|5:45	classfreq
nicāy						1:8	classfreq
nidah						1:1	classfreq
nidarśay						10:42	classfreq
nidhyā						4:10	classfreq
nidhyāpay						10:1	classfreq
nidhā						3:725	classfreq
nidhāpay						10:109	classfreq
nidhāray						10:5	classfreq
nidhāv						1:1	classfreq
nidhū						6:3	classfreq
nidhṛ						1:1	classfreq
nidih						6:1	classfreq
nidiś						6:2	classfreq
nido						6:2	classfreq
nigad						1:247	classfreq
nigam						1:34	classfreq
nigamay						10:2	classfreq
nigharṣay						10:2	classfreq
nighoṣay						10:2	classfreq
nighrā						3:1	classfreq
nighṛṣ						1:14	classfreq
nigopay						10:1	classfreq
nigrah						9:306	classfreq
nigrāhay						10:1	classfreq
niguh						1:60	classfreq
nigup						1:3	classfreq
nigā						3:2|4:4	classfreq
nigālay						10:1	classfreq
nigūhay						10:2	classfreq
nigṛ						9:23	classfreq
nihan						2:2088	classfreq
nihnu						1:14	classfreq
nihve						4:4	classfreq
nihā						3:3	classfreq
nij				1	nij	2:9	prefixus+classfreq
nijāsay						10:1	classfreq
nijūrv						1:7	classfreq
nikal						1:2	classfreq
nikartay						10:1	classfreq
nikaṣ						1:5	classfreq
nikaṣay						10:1	classfreq
nikaṭībhū						1:1	classfreq
nikhan						2:125	classfreq
nikhānay						10:6	classfreq
nikhātay						10:1	classfreq
nikuñc						6:7	classfreq
nikuñcay						10:3	classfreq
nikuṭṭay						10:7	classfreq
nikālay						10:2	classfreq
nikāmay						10:5	classfreq
nikūj						1:8	classfreq
nikṛ						8:41	classfreq
nikṛntay						10:3	classfreq
nikṛt						6:195	classfreq
nikṛṣ						1:6	classfreq
nikṣepay						10:2	classfreq
nikṣip						6:607	classfreq
nilih						2:1	classfreq
nilip						6:2	classfreq
nilī						1:62	classfreq
nimajj						1:202	classfreq
nimajjay						10:35	classfreq
nimi						5:4	classfreq
nimih						1:2	classfreq
nimittībhū						1:1	classfreq
nimittīkṛ						8:14	classfreq
nimiṣ						6:16	classfreq
nimreḍ						1:2	classfreq
nimruc						1:12	classfreq
nimā						3:22	classfreq
nimīl						1:20	classfreq
nimīlay						10:63	classfreq
nimīv						6:1	classfreq
nimṛj						2:9	classfreq
ninad						1:16	classfreq
ninah						4:1	classfreq
ninam						1:2	classfreq
ninard						1:2	classfreq
nind				1	nind	1:329	prefixus+classfreq
nind	abhi-			1	abhinind		prefixus
nind	vi-			1	vinind		prefixus
ninday						10:6	classfreq
nināday						10:46	classfreq
ninī						1:33	classfreq
nipad						4:13	classfreq
nipat						1:836	classfreq
nipiṣ						7:2	classfreq
nipreṣ						9:1	classfreq
nipā						1:18|2:5	classfreq
nipātay						10:377	classfreq
nipīḍay						10:91	classfreq
nipū						9:2	classfreq
nipṛ						9:1	classfreq
nirah						1:5	classfreq
niraj						1:2	classfreq
niram						1:241	classfreq
niramay						10:1	classfreq
niran						4:1	classfreq
niranurañj						6:1	classfreq
nirargalīkṛ						8:1	classfreq
niras						4:209	classfreq
niravado						6:3	classfreq
niravaso						6:1	classfreq
niravasṛj						6:1	classfreq
niravaśeṣay						10:11	classfreq
niravaśiṣ						7:1	classfreq
nirbandh						9:13	classfreq
nirbhaj						1:10	classfreq
nirbharay						10:1	classfreq
nirbhartsay						10:53	classfreq
nirbharībhū						1:1	classfreq
nirbhid						6:198	classfreq
nirbhuj						6:18	classfreq
nirbhā						2:11	classfreq
nirbhājay						10:1	classfreq
nirbhās						1:1	classfreq
nirbhāsay						10:2	classfreq
nirbrū						2:1	classfreq
nirdah						1:234	classfreq
nirdayībhū						1:1	classfreq
nirdaṁś						1:2	classfreq
nirdham						1:7	classfreq
nirdhanīkṛ						8:1	classfreq
nirdhe						4:1	classfreq
nirdhyā						4:2	classfreq
nirdhāray						10:14	classfreq
nirdhāv						1:3	classfreq
nirdhū						5:57	classfreq
nirdhūnay						10:1	classfreq
nirdih						6:1	classfreq
nirdiś						6:417	classfreq
nirdru						1:1	classfreq
nirduh						4:5	classfreq
nirdyotay						10:6	classfreq
nirdāray						10:5	classfreq
nire						2:5	classfreq
nirgal						1:1	classfreq
nirgam						6:473	classfreq
nirgamay						10:4	classfreq
nirghātay						10:3	classfreq
nirghṛṣ						1:3	classfreq
nirgrah						9:1	classfreq
nirguh						1:2	classfreq
nirguṇīkṛ						8:1	classfreq
nirgā						3:23	classfreq
nirhan						4:12	classfreq
nirhrāsay						10:1	classfreq
nirhu						3:1	classfreq
nirhā						3:2	classfreq
nirhāray						10:1	classfreq
nirhṛ						1:109	classfreq
niri						2:29	classfreq
nirjan						4:38	classfreq
nirji						1:387	classfreq
nirjuṣ						6:1	classfreq
nirjval						1:1	classfreq
nirjñā						9:4	classfreq
nirjṛ						4:1	classfreq
nirlajjay						10:1	classfreq
nirlih						2:2	classfreq
nirlikh						6:5	classfreq
nirlip						6:4	classfreq
nirlup						6:2	classfreq
nirlū						9:4	classfreq
nirmajj						1:2	classfreq
nirmalībhū						1:5	classfreq
nirmalīkṛ						8:9	classfreq
nirmanthay						10:1	classfreq
nirmath						9:55	classfreq
nirmi						5:6	classfreq
nirmohay						10:1	classfreq
nirmuc						6:241	classfreq
nirmā						2:471	classfreq
nirmāday						10:1	classfreq
nirmāpay						10:7	classfreq
nirmārjay						10:1	classfreq
nirmūlay						10:2	classfreq
nirmṛj						6:11	classfreq
nirnamay						10:1	classfreq
nirnāday						10:5	classfreq
nirnāmay						10:1	classfreq
nirodhay						10:87	classfreq
nirudh						7:381	classfreq
nirudvāsay						10:1	classfreq
niruh						1:3	classfreq
nirundhay						10:11	classfreq
nirutsic						6:1	classfreq
niruttarīkṛ						8:1	classfreq
nirvac						3:65	classfreq
nirvad						1:6	classfreq
nirvadh						1:1	classfreq
nirvah						1:16	classfreq
nirvam						2:4	classfreq
nirvap						1:147	classfreq
nirvartay						10:60	classfreq
nirvas						1:8	classfreq
nirveday						10:1	classfreq
nirveśay						10:1	classfreq
nirvibhuj						6:1	classfreq
nirvibhāsay						10:1	classfreq
nirvid						6:23	classfreq
nirvikram						1:2	classfreq
nirvivah						1:84	classfreq
nirvivas						1:2	classfreq
nirviś						6:24	classfreq
nirviṣayīkṛ						8:2	classfreq
nirviṣībhū						1:3	classfreq
nirviṣīkṛ						8:1	classfreq
nirvyadh						4:15	classfreq
nirvyañj						7:1	classfreq
nirvyādhīkṛ						8:1	classfreq
nirvyūh						1:1	classfreq
nirvā						2:27	classfreq
nirvācay						10:1	classfreq
nirvāday						10:1	classfreq
nirvāhay						10:45	classfreq
nirvāpay						10:89	classfreq
nirvāsay						10:45	classfreq
nirvṛ						9:4	classfreq
nirvṛt						1:84	classfreq
niryu						6:1	classfreq
niryā						2:326	classfreq
niryāc						1:1	classfreq
niryāpay						10:9	classfreq
niryātay						10:37	classfreq
nirācakṣ						2:2	classfreq
nirācam						1:1	classfreq
nirādhā						3:4	classfreq
nirādiś						6:2	classfreq
nirādā						4:2	classfreq
nirāhan						4:1	classfreq
nirākram						1:5	classfreq
nirākṛ						8:72	classfreq
nirālambanīkṛ						8:1	classfreq
nirāvah						1:2	classfreq
nirāyam						1:1	classfreq
nirāśaṅk						1:1	classfreq
nirī						9:3	classfreq
nirīkṣ						1:353	classfreq
nirīkṣay						10:12	classfreq
nirūh						1:33	classfreq
nirūhay						10:8	classfreq
nirṇam						1:2	classfreq
nirṇaś						4:1	classfreq
nirṇij						2:29	classfreq
nirṇud						6:10	classfreq
nirṇāśay						10:1	classfreq
nirṇī						1:49	classfreq
nirṛch						6:2	classfreq
nispṛś						6:1	classfreq
nisru						1:4	classfreq
nisrāvay						10:1	classfreq
nistakṣ						2:9	classfreq
nistambh						9:3	classfreq
nistaṁs						1:1	classfreq
nistud						6:11	classfreq
nistuṣīkṛ						8:3	classfreq
nistālay						10:2	classfreq
nistāray						10:4	classfreq
nistṛ						1:46|9:1	classfreq
nisvan						1:2	classfreq
nisṛ						3:7	classfreq
nisṛj						6:56	classfreq
nitap						1:1	classfreq
nitud						6:1	classfreq
nituś						1:1	classfreq
nivad						1:1	classfreq
nivadh						1:18	classfreq
nivah						1:4	classfreq
nivap						1:20	classfreq
nivartay						10:171	classfreq
nivas						1:369|2:6	classfreq
niveday						10:795	classfreq
niveśay						10:400	classfreq
niveṣṭay						10:3	classfreq
nivid						2:12	classfreq
niviś						6:213	classfreq
nivyadh						4:4	classfreq
nivāpay						10:3	classfreq
nivāray						10:363	classfreq
nivāsay						10:41	classfreq
nivṛ						5:6	classfreq
nivṛj						7:1	classfreq
nivṛt						1:1008	classfreq
niyam						1:915	classfreq
niyamay						10:14	classfreq
niyat						1:2	classfreq
niyodhay						10:1	classfreq
niyojay						10:226	classfreq
niyu						6:3	classfreq
niyudh						4:3	classfreq
niyuj						7:322	classfreq
niyā						2:1	classfreq
niyāmay						10:3	classfreq
niśam						4:20	classfreq
niśamay						10:4	classfreq
niśaṁs						2:1	classfreq
niścal						1:1	classfreq
niścalīkṛ						8:2	classfreq
niścar						1:42	classfreq
niścayīkṛ						8:1	classfreq
niśchidrīkṛ						8:1	classfreq
niści						5:381	classfreq
niścotay						10:3	classfreq
niścyutay						10:1	classfreq
niścāray						10:43	classfreq
niśram						4:1	classfreq
niśri						1:35	classfreq
niśuc						1:1	classfreq
niśvas						2:44	classfreq
niśā						3:529	classfreq
niśāmay						10:429	classfreq
niśās						2:1	classfreq
niśṛ						9:1	classfreq
niḥkṣip						6:25	classfreq
niḥsah						1:1	classfreq
niḥsarpay						10:1	classfreq
niḥsnehīkṛ						8:1	classfreq
niḥsru						1:13	classfreq
niḥsrāvay						10:3	classfreq
niḥsvan						1:2	classfreq
niḥsvībhū						1:1	classfreq
niḥsāray						10:11	classfreq
niḥsṛ						1:215	classfreq
niḥsṛj						6:4	classfreq
niḥsṛp						1:4	classfreq
niḥśaṁs						2:1	classfreq
niḥśeṣay						10:7	classfreq
niḥśvas						2:183	classfreq
niḥśī						2:2	classfreq
niḥṣic						6:1	classfreq
niḥṣyanday						10:1	classfreq
niḥṣū						6:1	classfreq
niḥṣṭhā						1:5	classfreq
niḥṣṭhīv						1:5	classfreq
niṁs						2:7	classfreq
niṣad						1:503	classfreq
niṣañj						1:9	classfreq
niṣaṅgībhū						1:1	classfreq
niṣecay						10:89	classfreq
niṣedhay						10:6	classfreq
niṣev						1:380	classfreq
niṣevay						10:2	classfreq
niṣic						6:93	classfreq
niṣidh						1:106	classfreq
niṣiñcay						10:10	classfreq
niṣkalmaṣībhū						1:1	classfreq
niṣkaluṣībhū						1:1	classfreq
niṣkas						1:17	classfreq
niṣkhid						6:1	classfreq
niṣkram						6:283	classfreq
niṣkramay						10:4	classfreq
niṣkrāmay						10:8	classfreq
niṣkrī						9:9	classfreq
niṣkulākṛ						8:1	classfreq
niṣkulīkṛ						8:1	classfreq
niṣkuṣ						9:3	classfreq
niṣkvāthay						10:23	classfreq
niṣkāsay						10:54	classfreq
niṣkūj						1:2	classfreq
niṣkṛ						8:7	classfreq
niṣkṛt						6:6	classfreq
niṣkṛṣ						1:39	classfreq
niṣkṝ						6:5	classfreq
niṣpad						4:101	classfreq
niṣpat						1:96	classfreq
niṣpatrākṛ						8:1	classfreq
niṣpiṣ						6:76	classfreq
niṣpluṣ						1:1	classfreq
niṣplāvay						10:1	classfreq
niṣprabhīkṛ						8:1	classfreq
niṣprekṣ						1:1	classfreq
niṣpā						1:5	classfreq
niṣpāday						10:51	classfreq
niṣpātay						10:2	classfreq
niṣpīḍay						10:53	classfreq
niṣpū						9:5	classfreq
niṣpṛc						7:2	classfreq
niṣāday						10:6	classfreq
niṣūday						10:38	classfreq
niṣṇā						2:1	classfreq
niṣṭan						1:26	classfreq
niṣṭap						1:28	classfreq
niṣṭhā						1:53	classfreq
niṣṭhīv						1:24	classfreq
nnībhū	prasa-			1	prasannībhū		prefixus
nnīkṛ	prasa-			1	prasannīkṛ		prefixus
noday				1	noday	10:10	prefixus+classfreq
noday	abhi-			1	abhinoday		prefixus
noday	abhivi-			1	abhivinoday		prefixus
noday	vi-			1	vinoday		prefixus
nu						1:1	classfreq
nud		remove	1	1	nud	2:202	prefixus+semantics+classfreq
nud	abhi-			1	abhinud		prefixus
nud	apa-			1	apanud		prefixus
nud	apā-			1	apānud		prefixus
nud	ava-			1	avanud		prefixus
nud	prati-			1	pratinud		prefixus
nud	samapa-			1	samapanud		prefixus
nud	upa-			1	upanud		prefixus
nud	vi-			1	vinud		prefixus
nud	vyapa-			1	vyapanud		prefixus
nud	vyapā-			1	vyapānud		prefixus
nyakkṛ						8:5	classfreq
nyarpay						10:1	classfreq
nyas						2:736	classfreq
nyañc						1:3	classfreq
nyañj						7:2	classfreq
nye						2:1	classfreq
nyer						2:4	classfreq
nyubj						6:1	classfreq
nyubjīkṛ						8:1	classfreq
nyuṣ						1:1	classfreq
nyāgam						1:1	classfreq
nyānī						1:1	classfreq
nyāsay						10:10	classfreq
nyāsīkṛ						8:4	classfreq
nyūh						1:1	classfreq
nyṛj						7:2	classfreq
nyṛṣ						6:5	classfreq
nāday				1	nāday	10:139	prefixus+classfreq
nāday	abhi-			1	abhināday		prefixus
nāday	anu-			1	anunāday		prefixus
nāday	anuvi-			1	anuvināday		prefixus
nāday	ava-			1	avanāday		prefixus
nāday	ni-			1	nināday		prefixus
nāday	prati-			1	pratināday		prefixus
nāday	saṃ-			1	saṃnāday		prefixus
nāday	upa-			1	upanāday		prefixus
nāday	vi-			1	vināday		prefixus
nāday	vyanu-			1	vyanunāday		prefixus
nādh						1:21	classfreq
nāhay				1	nāhay	10:1	prefixus+classfreq
nāhay	upa-			1	upanāhay		prefixus
nāmay				1	nāmay	10:22	prefixus+classfreq
nāmay	abhyava-			1	abhyavanāmay		prefixus
nāmay	anu-			1	anunāmay		prefixus
nāmay	ava-			1	avanāmay		prefixus
nāmay	saṃ-			1	saṃnāmay		prefixus
nāmay	upa-			1	upanāmay		prefixus
nāmay	vi-			1	vināmay		prefixus
nāmay	vyā-			1	vyānāmay		prefixus
nāmay	ā-			1	ānāmay		prefixus
nāth						1:13	classfreq
nāthīkṛ	sa-			1	sanāthīkṛ		prefixus
nāyay				1	nāyay	10:3	prefixus+classfreq
nāyay	samā-			1	samānāyay		prefixus
nāyay	upa-			1	upanāyay		prefixus
nāyay	ā-			1	ānāyay		prefixus
nāśay				1	nāśay	10:384	prefixus+classfreq
nāśay	vi-			1	vināśay		prefixus
nāśay	vyapa-			1	vyapanāśay		prefixus
nāṭay				1	nāṭay	10:3	prefixus+classfreq
nī		lead	1	2	nī	2:3582	prefixus+semantics+classfreq
nī	abhi-			1	abhinī		prefixus
nī	abhisaṃ-			1	abhisaṃnī		prefixus
nī	abhivi-			1	abhivinī		prefixus
nī	abhyā-			1	abhyānī		prefixus
nī	anu-			1	anunī		prefixus
nī	anvā-			1	anvānī		prefixus
nī	apa-			1	apanī		prefixus
nī	api-			1	apinī		prefixus
nī	apā-			1	apānī		prefixus
nī	ati-			1	atinī		prefixus
nī	ava-			1	avanī		prefixus
nī	ni-			1	ninī		prefixus
nī	paryanu-			1	paryanunī		prefixus
nī	prati-			1	pratinī		prefixus
nī	pratisamā-			1	pratisamānī		prefixus
nī	prativi-			1	prativinī		prefixus
nī	pratyanu-			1	pratyanunī		prefixus
nī	pratyā-			1	pratyānī		prefixus
nī	samudā-			1	samudānī		prefixus
nī	samupa-			1	samupanī		prefixus
nī	samā-			1	samānī		prefixus
nī	saṃ-			1	saṃnī		prefixus
nī	udā-			1	udānī		prefixus
nī	upa-			1	upanī		prefixus
nī	vi-			1	vinī		prefixus
nī	vyapa-			1	vyapanī		prefixus
nī	ā-			1	ānī		prefixus
nīcīkṛ				1	nīcīkṛ	8:2	prefixus+classfreq
nīkṛ	āsa-			1	āsanīkṛ		prefixus
nīḍay						10:1	classfreq
nū				1	nū	1:99	prefixus+classfreq
nṛt				1	nṛt	4:326	prefixus+classfreq
nṛt	pari-			1	parinṛt		prefixus
nṛt	pra-			1	pranṛt		prefixus
nṛt	saṃpra-			1	saṃpranṛt		prefixus
nṛt	upa-			1	upanṛt		prefixus
nṛt	ā-			1	ānṛt		prefixus
omībhū	vy-			1	vyomībhū		prefixus
p	abhiprā-			1	abhiprāp		prefixus
p	abhisamprā-			1	abhisamprāp		prefixus
p	anuprā-			1	anuprāp		prefixus
p	anusamprā-			1	anusamprāp		prefixus
p	pariprā-			1	pariprāp		prefixus
p	prā-			1	prāp		prefixus
p	samanuprā-			1	samanuprāp		prefixus
p	samprā-			1	samprāp		prefixus
p	samāsu-			1	samāsup		prefixus
p	upasaṃprā-			1	upasaṃprāp		prefixus
pac		cook	2	1	pac	1:1841	prefixus+semantics+classfreq
pac	abhi-			1	abhipac		prefixus
pac	abhipra-			1	abhiprapac		prefixus
pac	pari-			1	paripac		prefixus
pac	pra-			1	prapac		prefixus
pac	sampra-			1	samprapac		prefixus
pac	saṃ-			1	saṃpac		prefixus
pac	vi-			1	vipac		prefixus
pad		surrender	12	1	pad	4:53	prefixus+semantics+classfreq
pad	abhi-			1	abhipad		prefixus
pad	abhipra-			1	abhiprapad		prefixus
pad	abhiprati-			1	abhipratipad		prefixus
pad	abhisam-			1	abhisampad		prefixus
pad	abhisampra-			1	abhisamprapad		prefixus
pad	abhyava-			1	abhyavapad		prefixus
pad	abhyupa-			1	abhyupapad		prefixus
pad	anu-			1	anupad		prefixus
pad	anupra-			1	anuprapad		prefixus
pad	anuprati-			1	anupratipad		prefixus
pad	ati-			1	atipad		prefixus
pad	ava-			1	avapad		prefixus
pad	ni-			1	nipad		prefixus
pad	paryā-			1	paryāpad		prefixus
pad	pra-			1	prapad		prefixus
pad	prati-			1	pratipad		prefixus
pad	prati-,sam-	attain					semantics
pad	pratyā-			1	pratyāpad		prefixus
pad	sam-			1	sampad		prefixus
pad	samabhi-			1	samabhipad		prefixus
pad	sampra-			1	samprapad		prefixus
pad	samprati-			1	sampratipad		prefixus
pad	samupa-			1	samupapad		prefixus
pad	samā-			1	samāpad		prefixus
pad	upa-	exist		1	upapad		prefixus+semantics
pad	upapra-			1	upaprapad		prefixus
pad	upasaṃ-			1	upasaṃpad		prefixus
pad	vi-			1	vipad		prefixus
pad	vini-			1	vinipad		prefixus
pad	viprati-			1	vipratipad		prefixus
pad	vyā-			1	vyāpad		prefixus
pad	ā-			1	āpad		prefixus
pakvīkṛ				1	pakvīkṛ	8:1	prefixus+classfreq
pakṣ						1:1	classfreq
pakṣībhū				1	pakṣībhū	1:1	prefixus+classfreq
pakṣīkṛ				1	pakṣīkṛ	8:2	prefixus+classfreq
pallavīkṛ				1	pallavīkṛ	8:1	prefixus+classfreq
pan						1:8	classfreq
panay						10:9	classfreq
parameśvarībhū				1	parameśvarībhū	1:2	prefixus+classfreq
parameśvarīkṛ				1	parameśvarīkṛ	8:1	prefixus+classfreq
paratantrīkṛ				1	paratantrīkṛ	8:1	prefixus+classfreq
pare				1	pare	2:94	prefixus+classfreq
pari	ati-			1	atipari		prefixus
paribandh						9:5	classfreq
paribhakṣay						10:4	classfreq
paribharjay						10:1	classfreq
paribharts						1:4	classfreq
paribhartsay						10:4	classfreq
paribhañj						7:1	classfreq
paribhid						7:4	classfreq
paribhram						4:55	classfreq
paribhramay						10:1	classfreq
paribhraṁś						4:97	classfreq
paribhrāj						1:1	classfreq
paribhuj						6:4|7:77	classfreq
paribhā						2:1	classfreq
paribhāvay						10:53	classfreq
paribhāṣ						1:41	classfreq
paribhū						1:135	classfreq
paribhūṣ						1:4	classfreq
paribhṛjj						6:1	classfreq
paribudh						4:2	classfreq
paribādh						1:5	classfreq
paribṛṁh						1:3	classfreq
paribṛṁhay						10:12	classfreq
paricakṣ						2:29	classfreq
paricar						1:126	classfreq
paricarcay						10:5	classfreq
paricarv						1:1	classfreq
paricchad						1:9	classfreq
paricchid						7:42	classfreq
pariceṣṭ						1:2	classfreq
parici						3:4|5:21	classfreq
paricintay						10:30	classfreq
paricoday						10:8	classfreq
paricumb						1:3	classfreq
paricyu						1:17	classfreq
paricālay						10:2	classfreq
paricāray						10:58	classfreq
paricṛt						6:1	classfreq
paridah						1:18	classfreq
paridaṁś						1:1	classfreq
paridevay						10:47	classfreq
paridham						4:5	classfreq
paridharṣay						10:1	classfreq
paridhiṣṭhā						1:1	classfreq
paridhvaṁs						1:7	classfreq
paridhā						3:141	classfreq
paridhāmay						10:1	classfreq
paridhāpay						10:17	classfreq
paridhāv						1:67	classfreq
paridhū						5:1	classfreq
paridhṛ						1:2	classfreq
paridru						1:1	classfreq
paridrāvay						10:3	classfreq
paridu						5:2	classfreq
paridviṣ						6:1	classfreq
paridā						1:61	classfreq
paridāhay						10:1	classfreq
paridī						4:2	classfreq
paridīp						4:1	classfreq
paridīpay						10:15	classfreq
paridīv						1:37	classfreq
paridṛbh						6:1	classfreq
paridṛś						6:65	classfreq
parigad						1:2	classfreq
parigadh						1:1	classfreq
parigal						1:2	classfreq
parigam						1:75	classfreq
parigamay						10:3	classfreq
parigarh						1:6	classfreq
parigarhay						10:1	classfreq
parigaṇay						10:8	classfreq
parighaṭ						1:2	classfreq
parighaṭṭay						10:3	classfreq
parighrā						3:1	classfreq
parighūrṇ						1:1	classfreq
parighṛṣ						1:3	classfreq
pariglā						4:3	classfreq
parigrah						9:364	classfreq
parigā						3:6|4:17	classfreq
parigālay						10:5	classfreq
parigṛdh						9:1	classfreq
parihan						2:7	classfreq
pariharṣay						10:3	classfreq
parihas						1:5	classfreq
parihi						5:1	classfreq
parihiṇḍ						1:1	classfreq
parihrāsay						10:2	classfreq
parihvṛ						9:1	classfreq
parihā						3:69	classfreq
parihāpay						10:11	classfreq
parihāray						10:2	classfreq
parihāsay						10:1	classfreq
parihṛ						1:193	classfreq
parihṛṣ						4:10	classfreq
parijalp						1:1	classfreq
parijan						4:3	classfreq
parijap						1:4	classfreq
pariji						1:2	classfreq
parijval						1:2	classfreq
parijñā						9:64	classfreq
parijāray						10:4	classfreq
parijṛ						4:12	classfreq
parijṛmbh						1:1	classfreq
parikalay						10:2	classfreq
parikalpay						10:134	classfreq
parikamp						10:1	classfreq
parikarmīkṛ						8:1	classfreq
parikartay						10:2	classfreq
parikarśay						10:2	classfreq
parikarṣay						10:1	classfreq
parikathay						10:7	classfreq
parikhan						1:1	classfreq
parikheday						10:2	classfreq
parikhid						4:10	classfreq
parikhyā						2:7	classfreq
pariklam						4:2	classfreq
parikleday						10:1	classfreq
parikleśay						10:1	classfreq
pariklid						4:13	classfreq
parikliś						9:48	classfreq
parikopay						10:2	classfreq
parikram						6:99	classfreq
parikruś						1:7	classfreq
parikrī						9:16	classfreq
parikrīḍ						1:2	classfreq
parikup						4:3	classfreq
parikuṭ						4:1	classfreq
parikvaṇ						1:1	classfreq
parikālay						10:7	classfreq
parikīrtay						10:423	classfreq
parikṛ						6:10|8:3	classfreq
parikṛt						6:8	classfreq
parikṛṣ						6:30	classfreq
parikṣan						8:20	classfreq
parikṣar						1:2	classfreq
parikṣepay						10:1	classfreq
parikṣi						2:5|5:55	classfreq
parikṣip						6:103	classfreq
parikṣu						2:1	classfreq
parikﾱp						1:1	classfreq
parilamb						1:3	classfreq
parilekhay						10:1	classfreq
parilepay						10:12	classfreq
parilih						6:5	classfreq
parilikh						6:4	classfreq
parilip						6:7	classfreq
parilolay						10:1	classfreq
pariloḍay						10:1	classfreq
parilul						1:1	classfreq
parilup						6:4	classfreq
pariluṇṭh						1:1	classfreq
pariluṭh						6:1	classfreq
parilī						4:2	classfreq
parimad						4:1	classfreq
parimajj						1:1	classfreq
pariman						4:2	classfreq
parimarday						10:26	classfreq
parimarśay						10:2	classfreq
parimelay						10:1	classfreq
parimlā						4:14	classfreq
parimocay						10:6	classfreq
parimoday						10:1	classfreq
parimohay						10:5	classfreq
parimokṣay						10:4	classfreq
parimoṣay						10:1	classfreq
parimuc						6:52	classfreq
parimuh						4:5	classfreq
parimuṣ						4:6	classfreq
parimā						3:81	classfreq
parimāray						10:1	classfreq
parimārjay						10:17	classfreq
parimūrchay						10:3	classfreq
parimṛ						1:1	classfreq
parimṛd						1:6	classfreq
parimṛdh						6:1	classfreq
parimṛj						6:74	classfreq
parimṛś						6:17	classfreq
parinand						1:2	classfreq
parinind						1:1	classfreq
parinipīḍay						10:1	classfreq
parinirmā						3:10	classfreq
parinirvā						2:33	classfreq
parinirvāpay						10:19	classfreq
parinirvṛ						5:44	classfreq
parinirṇij						2:1	classfreq
pariniyam						1:1	classfreq
pariniści						5:4	classfreq
pariniścintay						10:1	classfreq
pariniṣecay						10:1	classfreq
pariniṣev						1:1	classfreq
pariniṣpad						4:1	classfreq
pariniṣṭhā						1:34	classfreq
parinyas						4:1	classfreq
parinṛt						4:4	classfreq
paripac						4:6	classfreq
paripat						1:54	classfreq
paripaś						4:4	classfreq
paripaṭh						1:15	classfreq
paripeṣay						10:6	classfreq
paripiṣ						7:2	classfreq
pariplu						1:127	classfreq
pariplāvay						10:6	classfreq
paripoṣay						10:3	classfreq
paripracch						6:281	classfreq
pariprasyand						1:1	classfreq
paripravac						3:1	classfreq
pariprayā						2:1	classfreq
paripraśnīkṛ						8:7	classfreq
paripre						2:1	classfreq
pariprokṣay						10:1	classfreq
pariprāp						5:2	classfreq
pariprāpay						10:4	classfreq
pariprī						9:3	classfreq
paripuṣ						9:2	classfreq
paripā						1:20|2:14	classfreq
paripācay						10:31	classfreq
paripālay						10:151	classfreq
paripātay						10:1	classfreq
paripāṭay						10:2	classfreq
paripāṭhay						10:1	classfreq
paripīḍay						10:36	classfreq
paripū						9:13	classfreq
paripūjay						10:23	classfreq
paripūray						10:44	classfreq
paripṛ						9:173	classfreq
parirabh						1:35	classfreq
parirakṣ						1:143	classfreq
parirambhay						10:1	classfreq
parirudh						7:2	classfreq
pariruh						6:1	classfreq
pariruj						6:1	classfreq
parisamādā						3:1	classfreq
parisamāp						5:18	classfreq
parisamūh						1:16	classfreq
parisarpay						10:4	classfreq
parisaṁhṛṣ						6:1	classfreq
parisaṁkhyā						2:42	classfreq
parisaṁkṣip						6:1	classfreq
parisaṁlih						2:9	classfreq
parisaṁpat						1:1	classfreq
parisaṁplu						1:1	classfreq
parisaṁspṛś						6:1	classfreq
parisaṁsthā						1:1	classfreq
parisaṁsthāpay						10:3	classfreq
parisaṁstu						2:1	classfreq
parisaṁstṛ						9:2	classfreq
parisaṁsṛj						6:1	classfreq
parisaṁtap						1:3	classfreq
parisaṁtuṣ						4:1	classfreq
parisaṁvah						4:7	classfreq
parisaṁvāray						10:1	classfreq
parisaṁśudh						4:1	classfreq
parisevay						10:1	classfreq
pariskhal						1:2	classfreq
parismṛ						1:1	classfreq
parisnu						2:1	classfreq
parisnā						2:1	classfreq
parispand						1:4	classfreq
parisphur						6:8	classfreq
parisphuṭ						6:2	classfreq
parispṛś						6:5	classfreq
parisraṁs						1:2	classfreq
parisru						1:30	classfreq
parisrāvay						10:19	classfreq
paristṛ						9:57	classfreq
parisu						5:2	classfreq
parisveday						10:1	classfreq
parisvid						1:2	classfreq
parisādhay						10:3	classfreq
parisṛ						3:6	classfreq
parisṛp						1:26	classfreq
paritakṣ						2:1	classfreq
paritam						4:2	classfreq
paritan						8:2	classfreq
paritap						4:82	classfreq
paritarjay						10:3	classfreq
paritarpay						10:2	classfreq
paritaṁsay						10:2	classfreq
paritoṣay						10:35	classfreq
paritras						4:20	classfreq
paritrā						4:63	classfreq
paritud						6:2	classfreq
parituṇḍay						10:1	classfreq
parituṣ						4:89	classfreq
parityaj						1:635	classfreq
parityājay						10:1	classfreq
paritāpay						10:10	classfreq
paritāḍay						10:1	classfreq
paritṛp						4:5	classfreq
parivac						3:1	classfreq
parivad						1:12	classfreq
parivah						1:8	classfreq
parivand						1:1	classfreq
parivardhay						10:4	classfreq
parivarjay						10:199	classfreq
parivartay						10:63	classfreq
parivas						1:6	classfreq
parivañcay						10:1	classfreq
parive						4:1	classfreq
parivellay						10:1	classfreq
pariveṣay						10:9	classfreq
pariveṣṭay						10:71	classfreq
parivibhāvay						10:1	classfreq
parivid						2:1|6:6	classfreq
parivikṣan						8:4	classfreq
parivistṛ						9:1	classfreq
pariviś						6:2	classfreq
pariviśram						4:3	classfreq
pariviśvas						2:4	classfreq
pariviśvāsay						10:1	classfreq
pariviṣ						4:25	classfreq
parivraj						1:23	classfreq
parivyadh						4:1	classfreq
parivye						4:21	classfreq
parivācay						10:1	classfreq
parivāday						10:1	classfreq
parivāhay						10:4	classfreq
parivāpay						10:3	classfreq
parivāray						10:498	classfreq
parivārīkṛ						8:1	classfreq
parivāsay						10:6	classfreq
parivīj						1:3	classfreq
parivījay						10:1	classfreq
parivṛ						5:468|9:1	classfreq
parivṛdh						1:5	classfreq
parivṛj						7:5	classfreq
parivṛt						1:202	classfreq
parivṛṣ						1:1	classfreq
pariyaj						1:2	classfreq
pariyat						1:4	classfreq
pariyojay						10:5	classfreq
pariyā						2:19	classfreq
pariśak						5:1	classfreq
pariśamay						10:1	classfreq
pariśap						1:1	classfreq
pariśaṅk						1:24	classfreq
pariśeṣay						10:2	classfreq
pariśiṣ						7:27	classfreq
pariśobhay						10:4	classfreq
pariśodhay						10:18	classfreq
pariśoṣay						10:16	classfreq
pariśram						4:107	classfreq
pariśri						1:12	classfreq
pariśru						5:29	classfreq
pariśrī						9:1	classfreq
pariśubh						6:2	classfreq
pariśuc						2:6	classfreq
pariśudh						4:58	classfreq
pariśuṣ						4:23	classfreq
pariśātay						10:1	classfreq
pariśī						2:3	classfreq
pariśṛ						9:2	classfreq
pariḍhakkay						10:1	classfreq
pariṇah						4:4	classfreq
pariṇam						1:104	classfreq
pariṇamay						10:3	classfreq
pariṇihan						2:1	classfreq
pariṇiviś						6:1	classfreq
pariṇud						6:1	classfreq
pariṇāmay						10:138	classfreq
pariṇāyay						10:1	classfreq
pariṇī						2:101	classfreq
pariṇū						2:1	classfreq
pariṣad						1:7	classfreq
pariṣañj						1:1	classfreq
pariṣecay						10:28	classfreq
pariṣev						1:5	classfreq
pariṣic						6:87	classfreq
pariṣkand						1:1	classfreq
pariṣkṛ						5:137	classfreq
pariṣvaj						1:282	classfreq
pariṣyanday						10:1	classfreq
pariṣū						2:6	classfreq
pariṣṭhā						1:10	classfreq
pariṣṭhāpay						10:1	classfreq
pariṣṭubh						1:6	classfreq
paruṣībhū				1	paruṣībhū	1:1	prefixus+classfreq
paruṣīkṛ				1	paruṣīkṛ	8:2	prefixus+classfreq
parvatīkṛ						8:1	classfreq
paryagnikṛ						8:5	classfreq
paryantīkṛ						8:2	classfreq
paryanunī						1:1	classfreq
paryanuveday						10:1	classfreq
paryanuyuj						7:11	classfreq
paryanviṣ						6:3	classfreq
paryas						4:48	classfreq
paryavacchid						7:2	classfreq
paryavajñā						9:1	classfreq
paryavakṛ						6:3	classfreq
paryavanah						4:15	classfreq
paryavaropay						10:1	classfreq
paryavasthā						1:31	classfreq
paryavasthāpay						10:7	classfreq
paryavasā						6:9	classfreq
paryavaśiṣ						4:1	classfreq
paryave						2:4	classfreq
paryavekṣ						1:5	classfreq
paryavāp						5:129	classfreq
paryaś						9:4	classfreq
paryaṅkīkṛ						8:1	classfreq
paryaṭ						1:58	classfreq
parye						2:10	classfreq
paryeṣay						10:1	classfreq
paryudas						4:2	classfreq
paryudvij						6:1	classfreq
paryukṣ						6:22	classfreq
paryupabhuj						7:1	classfreq
paryupalip						6:1	classfreq
paryupasad						1:1	classfreq
paryupasthā						1:28	classfreq
paryupaviś						6:3	classfreq
paryupe						2:1	classfreq
paryupās						4:130	classfreq
paryupāvṛt						1:1	classfreq
paryutthā						1:1	classfreq
paryādhā						3:4	classfreq
paryādru						1:1	classfreq
paryādā						3:11	classfreq
paryāgam						1:12	classfreq
paryāhve						4:2	classfreq
paryāhṛ						1:2	classfreq
paryākram						6:3	classfreq
paryākulīkṛ						8:1	classfreq
paryākṛ						8:1	classfreq
paryākṣip						6:1	classfreq
paryālabh						1:1	classfreq
paryālocay						10:1	classfreq
paryāmuc						6:1	classfreq
paryāp						5:158	classfreq
paryāpad						4:15	classfreq
paryāpat						1:1	classfreq
paryās						2:2	classfreq
paryāvṛ						5:1	classfreq
paryāvṛt						1:13	classfreq
paryāśvas						2:3	classfreq
paryāśvāsay						10:5	classfreq
paryāṇī						1:2	classfreq
paryāṭay						10:1	classfreq
paryūh						1:4	classfreq
paryṛṣ						6:3	classfreq
parābhid						7:11	classfreq
parābhāvay						10:7	classfreq
parābhū						1:49	classfreq
parābhṛ						3:4	classfreq
parādru						1:1	classfreq
parādā						3:19	classfreq
parāgam						1:7	classfreq
parāgā						3:2	classfreq
parāhan						2:25	classfreq
parāhṛ						1:2	classfreq
parāji						2:197	classfreq
parākram						6:81	classfreq
parākruś						4:1	classfreq
parākṛ						6:1|8:8	classfreq
parākṛṣ						1:3	classfreq
parāmṛj						2:2	classfreq
parāmṛś						6:97	classfreq
parāmṛṣ						6:2	classfreq
parānuyā						2:2	classfreq
parāpat						1:12	classfreq
parāpṛṣṭhībhū						1:1	classfreq
parāpṛṣṭhīkṛ						8:4	classfreq
parās						4:6	classfreq
parāsic						6:4	classfreq
parāsṛj						6:1	classfreq
parāvadh						1:1	classfreq
parāvap						1:2	classfreq
parāvartay						10:3	classfreq
parāvas						1:1	classfreq
parāvṛj						7:1	classfreq
parāvṛt						1:50	classfreq
parāyat						1:6	classfreq
parāśvas						2:6	classfreq
parāśṛ						9:2	classfreq
parāṅmukhībhū						1:1	classfreq
parāṅmukhīkṛ						8:2	classfreq
parāṇud						6:5	classfreq
parī				1	parī	2:311	prefixus+classfreq
parī	abhi-			1	abhiparī		prefixus
parī	anu-			1	anuparī		prefixus
parī	sam-			1	samparī		prefixus
parī	vi-			1	viparī		prefixus
parīkṣ				1	parīkṣ	1:305	prefixus+classfreq
parīkṣ	pra-			1	praparīkṣ		prefixus
parīkṣay				1	parīkṣay	10:18	prefixus+classfreq
parīvṛ				1	parīvṛ	5:11	prefixus+classfreq
parīṇaś						1:1	classfreq
parīṣ				1	parīṣ	6:38	prefixus+classfreq
pat		fall	2	1	pat	1:2775	prefixus+semantics+classfreq
pat	abhi-			1	abhipat		prefixus
pat	abhisam-			1	abhisampat		prefixus
pat	abhyava-			1	abhyavapat		prefixus
pat	abhyā-			1	abhyāpat		prefixus
pat	anu-			1	anupat		prefixus
pat	ati-			1	atipat		prefixus
pat	ava-			1	avapat		prefixus
pat	ni-			1	nipat		prefixus
pat	pari-			1	paripat		prefixus
pat	parisaṃ-			1	parisaṃpat		prefixus
pat	paryā-			1	paryāpat		prefixus
pat	parā-			1	parāpat		prefixus
pat	pra-			1	prapat		prefixus
pat	prati-			1	pratipat		prefixus
pat	sam-			1	sampat		prefixus
pat	samā-			1	samāpat		prefixus
pat	saṃni-			1	saṃnipat		prefixus
pat	upani-			1	upanipat		prefixus
pat	vi-			1	vipat		prefixus
pat	vini-			1	vinipat		prefixus
pat	vyā-			1	vyāpat		prefixus
pat	ā-			1	āpat		prefixus
patay						10:24	classfreq
pathīkṛ				1	pathīkṛ	8:1	prefixus+classfreq
pattalībhū				1	pattalībhū	1:1	prefixus+classfreq
pattalīkṛ				1	pattalīkṛ	8:5	prefixus+classfreq
pattrībhū				1	pattrībhū	1:2	prefixus+classfreq
pattrīkṛ				1	pattrīkṛ	8:9	prefixus+classfreq
pattrīkṛ	su-			1	supattrīkṛ		prefixus
pavay						10:3	classfreq
pavitrīkṛ				1	pavitrīkṛ	8:5	prefixus+classfreq
pay	abhyā-			1	abhyāpay		prefixus
pay	adhyā-			1	adhyāpay		prefixus
pay	pratyā-			1	pratyāpay		prefixus
pay	prā-			1	prāpay		prefixus
pay	samā-			1	samāpay		prefixus
pay	saṃprā-			1	saṃprāpay		prefixus
pay	vyā-			1	vyāpay		prefixus
pay	ā-			1	āpay		prefixus
paç				1	paś		prefixus
paç	abhi-			1	abhipaś		prefixus
paç	abhivi-			1	abhivipaś		prefixus
paç	anu-			1	anupaś		prefixus
paç	pari-			1	paripaś		prefixus
paç	pra-			1	prapaś		prefixus
paç	prati-			1	pratipaś		prefixus
paç	prativi-			1	prativipaś		prefixus
paç	samanu-			1	samanupaś		prefixus
paç	saṃ-			1	saṃpaś		prefixus
paç	saṃpra-			1	saṃprapaś		prefixus
paç	saṃprati-			1	saṃpratipaś		prefixus
paç	vi-			1	vipaś		prefixus
pañcaśikhīkṛ						8:1	classfreq
paś						4:3058	classfreq
paśūkṛ						8:2	classfreq
paṇ				1	paṇ	1:11	prefixus+classfreq
paṇ	vi-			1	vipaṇ		prefixus
paṇay				1	paṇay	10:1	prefixus+classfreq
paṇīkṛ						8:2	classfreq
paṭh				1	paṭh	1:547	prefixus+classfreq
paṭh	abhi-			1	abhipaṭh		prefixus
paṭh	anu-			1	anupaṭh		prefixus
paṭh	pari-			1	paripaṭh		prefixus
paṭh	pra-			1	prapaṭh		prefixus
paṭh	sam-			1	sampaṭh		prefixus
pekṣ	a-			1	apekṣ		prefixus
pekṣ	vya-			1	vyapekṣ		prefixus
pekṣay	a-			1	apekṣay		prefixus
peśīkṛ				1	peśīkṛ	8:2	prefixus+classfreq
peṣay				1	peṣay	10:257	prefixus+classfreq
peṣay	pari-			1	paripeṣay		prefixus
peṣay	pra-			1	prapeṣay		prefixus
peṣay	saṃ-			1	saṃpeṣay		prefixus
peṣay	saṃpra-			1	saṃprapeṣay		prefixus
peṣay	su-			1	supeṣay		prefixus
peṣay	vi-			1	vipeṣay		prefixus
phal				1	phal	1:117	prefixus+classfreq
phal	prati-			1	pratiphal		prefixus
phal	vi-			1	viphal		prefixus
phalībhū	sa-			1	saphalībhū		prefixus
phalīkṛ	sa-			1	saphalīkṛ		prefixus
phalīkṛ	vi-			1	viphalīkṛ		prefixus
phenībhū				1	phenībhū	1:1	prefixus+classfreq
phull						6:1	classfreq
phāṇay						10:2	classfreq
phūtkṛ				1	phūtkṛ	8:12	prefixus+classfreq
pi	a-			1	ape		prefixus
pi	vya-			1	vyape		prefixus
pidhā				1	pidhā	3:179	prefixus+classfreq
pidhā	pra-			1	prapidhā		prefixus
pidhāpay				1	pidhāpay	10:5	prefixus+classfreq
pillībhū				1	pillībhū	1:1	prefixus+classfreq
pinah				1	pinah	4:22	prefixus+classfreq
pinv						1:97	classfreq
piç				1	piś		prefixus
piç	abhi-			1	abhipiś		prefixus
piñjarīkṛ						8:3	classfreq
piś						6:25	classfreq
piṅgīkṛ						8:1	classfreq
piṇḍībhū				1	piṇḍībhū	1:3	prefixus+classfreq
piṇḍīkṛ				1	piṇḍīkṛ	8:15	prefixus+classfreq
piṣ				1	piṣ	1:989	prefixus+classfreq
piṣ	anusaṃ-			1	anusaṃpiṣ		prefixus
piṣ	ava-			1	avapiṣ		prefixus
piṣ	pari-			1	paripiṣ		prefixus
piṣ	pra-			1	prapiṣ		prefixus
piṣ	prati-			1	pratipiṣ		prefixus
piṣ	sam-			1	sampiṣ		prefixus
piṣ	vi-			1	vipiṣ		prefixus
piṣ	vini-			1	vinipiṣ		prefixus
piṣṭībhū				1	piṣṭībhū	1:2	prefixus+classfreq
piṣṭīkṛ				1	piṣṭīkṛ	8:11	prefixus+classfreq
plu				1	plu	1:262	prefixus+classfreq
plu	abhi-			1	abhiplu		prefixus
plu	abhipari-			1	abhipariplu		prefixus
plu	abhisam-			1	abhisamplu		prefixus
plu	anu-			1	anuplu		prefixus
plu	ava-			1	avaplu		prefixus
plu	pari-			1	pariplu		prefixus
plu	sam-			1	samplu		prefixus
plu	samabhi-			1	samabhiplu		prefixus
plu	sampari-			1	sampariplu		prefixus
plu	samā-			1	samāplu		prefixus
plu	udā-			1	udāplu		prefixus
plu	upa-			1	upaplu		prefixus
plu	vi-			1	viplu		prefixus
plu	ā-			1	āplu		prefixus
pluṣ				1	pluṣ	4:18	prefixus+classfreq
pluṣ	saṃ-			1	saṃpluṣ		prefixus
pluṣ	ā-			1	āpluṣ		prefixus
plāvay				1	plāvay	10:89	prefixus+classfreq
plāvay	abhi-			1	abhiplāvay		prefixus
plāvay	pari-			1	pariplāvay		prefixus
plāvay	samā-			1	samāplāvay		prefixus
plāvay	saṃ-			1	saṃplāvay		prefixus
plāvay	vi-			1	viplāvay		prefixus
plāvay	ā-			1	āplāvay		prefixus
poh	a-			1	apoh		prefixus
poh	vya-			1	vyapoh		prefixus
pojh	vya-			1	vyapojh		prefixus
pothay				1	pothay	10:44	prefixus+classfreq
pothay	apa-			1	apapothay		prefixus
pothay	ava-			1	avapothay		prefixus
pothay	prati-			1	pratipothay		prefixus
pothay	sam-			1	sampothay		prefixus
pothay	samā-			1	samāpothay		prefixus
pothay	vi-			1	vipothay		prefixus
pothay	ā-			1	āpothay		prefixus
poṣay				1	poṣay	10:33	prefixus+classfreq
poṣay	pari-			1	paripoṣay		prefixus
prabandh						9:13	classfreq
prabandhay						10:2	classfreq
prabhaj						1:1	classfreq
prabhakṣ						1:1	classfreq
prabhakṣay						10:4	classfreq
prabhañj						4:76	classfreq
prabhaṣ						1:1	classfreq
prabheday						10:2	classfreq
prabhid						7:99	classfreq
prabhraṁś						4:19	classfreq
prabhraṁśay						10:5	classfreq
prabhrāj						1:1	classfreq
prabhrāmay						10:1	classfreq
prabhuj						6:3|7:5	classfreq
prabhā						2:74	classfreq
prabhās						1:9	classfreq
prabhāsay						10:6	classfreq
prabhāvay						10:42	classfreq
prabhāṣ						1:75	classfreq
prabhāṣay						10:1	classfreq
prabhī						3:1	classfreq
prabhū						1:295	classfreq
prabhūṣ						1:3	classfreq
prabhṛ						1:16	classfreq
prabodhay						10:67	classfreq
prabrū						2:169	classfreq
prabudh						4:179	classfreq
prabādh						9:43	classfreq
pracakṣ						2:163	classfreq
pracal						1:79	classfreq
pracalay						10:2	classfreq
pracar						1:94	classfreq
pracch						1:2435	classfreq
pracchad						1:148	classfreq
praccharday						10:5	classfreq
praccheday						10:1	classfreq
pracchid						4:34	classfreq
pracchā						4:17	classfreq
pracchāday						10:127	classfreq
praccyāvay						10:24	classfreq
pracetay						10:1	classfreq
prach		ask	1				semantics
prach	abhi-			1	abhiprach		prefixus
prach	anu-			1	anuprach		prefixus
prach	upasaṃ-			1	upasaṃprach		prefixus
praci						5:20	classfreq
pracintay						10:11	classfreq
pracit						1:1	classfreq
pracoday						10:182	classfreq
pracud						1:1	classfreq
pracurībhū						1:1	classfreq
pracyotay						10:1	classfreq
pracyu						1:90	classfreq
pracālay						10:14	classfreq
pracāray						10:5	classfreq
pracṛt						6:1	classfreq
pradah						4:110	classfreq
pradakṣiṇīkṛ						8:87	classfreq
pradarśay						10:147	classfreq
pradehay						10:2	classfreq
pradham						1:57	classfreq
pradhanv						1:1	classfreq
pradharṣay						10:42	classfreq
pradhmāpay						10:17	classfreq
pradhvan						1:2	classfreq
pradhvanay						10:1	classfreq
pradhvaṁs						1:18	classfreq
pradhvaṁsay						10:2	classfreq
pradhyā						4:30	classfreq
pradhā						3:2	classfreq
pradhāray						10:9	classfreq
pradhāv						1:174	classfreq
pradhāvay						10:2	classfreq
pradhī						3:2	classfreq
pradhū						5:5	classfreq
pradhṛ						1:1	classfreq
pradhṛṣ						5:3	classfreq
pradih						6:42	classfreq
pradiś						6:107	classfreq
pradru						1:243	classfreq
pradrāvay						10:20	classfreq
pradu						4:7	classfreq
praduh						4:3	classfreq
praduṣ						4:90	classfreq
pradviṣ						6:14	classfreq
pradyotay						10:3	classfreq
pradyut						1:2	classfreq
pradā						3:1124	classfreq
pradāpay						10:205	classfreq
pradāray						10:2	classfreq
pradīkṣ						1:1	classfreq
pradīp						4:183	classfreq
pradīpay						10:36	classfreq
pradīv						4:1	classfreq
pradūṣay						10:33	classfreq
pradṛ						2:4	classfreq
pradṛp						4:1	classfreq
pradṛś						4:64	classfreq
pragad						1:2	classfreq
pragal						1:3	classfreq
pragalbh						1:11	classfreq
pragam						1:23	classfreq
pragarj						1:2	classfreq
pragaṇay						10:2	classfreq
praghar						1:3	classfreq
pragharṣay						10:1	classfreq
praghoṣay						10:2	classfreq
praghrā						4:2	classfreq
praghuṣ						1:2	classfreq
praghātay						10:22	classfreq
praghṛṣ						1:4	classfreq
pragopay						10:1	classfreq
pragrah						9:343	classfreq
pragranth						9:1	classfreq
pragras						1:2	classfreq
praguh						1:1	classfreq
pragup						1:1	classfreq
praguṇībhū						1:1	classfreq
pragā						3:17|4:28	classfreq
pragāh						1:1	classfreq
pragālay						10:4	classfreq
pragṛ						9:3	classfreq
prahan						2:36	classfreq
praharṣay						10:38	classfreq
prahas						1:455	classfreq
prahi						5:338	classfreq
prahiṁs						7:1	classfreq
prahlād						1:1	classfreq
prahlāday						10:18	classfreq
prahu						3:14	classfreq
prahvībhū						1:1	classfreq
prahvīkṛ						8:1	classfreq
prahā						3:168	classfreq
prahāpay						10:1	classfreq
prahāray						10:1	classfreq
prahāsay						10:1	classfreq
prahṛ						2:323	classfreq
prahṛṣ						4:445	classfreq
prajalp						1:9	classfreq
prajan						4:488	classfreq
prajanay						10:41	classfreq
prajap						1:40	classfreq
praji						1:10	classfreq
prajuṣ						6:1	classfreq
prajval						1:197	classfreq
prajvalay						10:1	classfreq
prajvālay						10:107	classfreq
prajñapay						10:73	classfreq
prajñā						9:235	classfreq
prajñāpay						10:30	classfreq
prajāgṛ						2:1	classfreq
prajāray						10:1	classfreq
prajīv						1:2	classfreq
prajṛmbh						1:1	classfreq
praj￞						4:11	classfreq
prakalpay						10:219	classfreq
prakamp						1:48	classfreq
prakampay						10:19	classfreq
prakathay						10:10	classfreq
prakaṭībhū						1:7	classfreq
prakaṭīkṛ						8:24	classfreq
prakhalīkṛ						8:1	classfreq
prakhyā						2:64	classfreq
prakhyāpay						10:6	classfreq
prakleday						10:3	classfreq
praklid						4:31	classfreq
prakopay						10:23	classfreq
prakram						6:203	classfreq
prakramay						10:1	classfreq
prakrośay						10:1	classfreq
prakrudh						4:2	classfreq
prakruś						1:38	classfreq
prakrīḍ						1:15	classfreq
prakrīḍay						10:1	classfreq
prakup						4:160	classfreq
prakuṭ						4:1	classfreq
prakuṭṭay						10:2	classfreq
prakvath						1:1	classfreq
prakvāthay						10:1	classfreq
prakālay						10:8	classfreq
prakāmay						10:2	classfreq
prakāray						10:10	classfreq
prakāś						1:257	classfreq
prakāśay						10:203	classfreq
prakāśīkṛ						8:2	classfreq
prakāṅkṣ						1:5	classfreq
prakīrtay						10:544	classfreq
prakūj						1:1	classfreq
prakṛ						8:536	classfreq
prakṛt						6:5	classfreq
prakṛṣ						6:66	classfreq
prakṣapay						10:2	classfreq
prakṣar						1:2	classfreq
prakṣepay						10:6	classfreq
prakṣi						5:52	classfreq
prakṣip						6:357	classfreq
prakṣobhay						10:2	classfreq
prakṣubh						9:12	classfreq
prakṣveḍay						10:2	classfreq
prakṣālay						10:250	classfreq
prakṣāray						10:1	classfreq
prakﾱp						1:13	classfreq
prak￞						6:101	classfreq
pralabh						1:18	classfreq
pralakṣay						10:2	classfreq
pralamb						1:5	classfreq
pralambay						10:2	classfreq
pralambīkṛ						8:1	classfreq
pralap						4:36	classfreq
pralepay						10:120	classfreq
pralih						2:6	classfreq
pralikh						6:2	classfreq
pralip						6:69	classfreq
pralobhay						10:31	classfreq
pralubh						4:3	classfreq
praluj						4:4	classfreq
pralup						6:4	classfreq
praluñc						1:2	classfreq
pralālay						10:1	classfreq
pralī						4:112	classfreq
pralū						9:1	classfreq
pramad						4:187	classfreq
pramajj						1:1	classfreq
pramanthay						10:1	classfreq
pramarday						10:26	classfreq
pramath						1:108	classfreq
prami						5:1	classfreq
pramih						1:18	classfreq
pramil						6:2	classfreq
pramlā						4:6	classfreq
pramlānībhū						1:2	classfreq
pramocay						10:7	classfreq
pramoday						10:4	classfreq
pramohay						10:5	classfreq
pramokṣay						10:1	classfreq
pramuc						6:313	classfreq
pramud						1:134	classfreq
pramuh						4:28	classfreq
pramuṣ						9:1	classfreq
pramā						3:138	classfreq
pramāday						10:3	classfreq
pramāpay						10:14	classfreq
pramārjay						10:5	classfreq
pramāthay						10:1	classfreq
pramāṇay						10:3	classfreq
pramāṇīkṛ						8:14	classfreq
pramī						9:13	classfreq
pramīl						1:2	classfreq
pramṛ						4:2|9:8	classfreq
pramṛd						9:30	classfreq
pramṛj						2:81	classfreq
pramṛś						6:2	classfreq
pramṛṣ						4:4	classfreq
pranartay						10:1	classfreq
pranṛt						4:45	classfreq
prapac						1:10	classfreq
prapad						4:590	classfreq
praparīkṣ						1:2	classfreq
prapat						1:167	classfreq
prapaś						4:183	classfreq
prapaṭh						1:6	classfreq
prapeṣay						10:23	classfreq
prapidhā						3:9	classfreq
prapiṣ						7:4	classfreq
praplu						1:2	classfreq
prapruth						1:1	classfreq
prapuṣ						9:6	classfreq
prapuṭ						6:7	classfreq
prapyā						4:3	classfreq
prapā						1:37	classfreq
prapācay						10:1	classfreq
prapāday						10:13	classfreq
prapālay						10:2	classfreq
prapātay						10:2	classfreq
prapāṭay						10:1	classfreq
prapīḍay						10:98	classfreq
prapū						9:4	classfreq
prapūjay						10:100	classfreq
prapūray						10:50	classfreq
prapṛc						7:1	classfreq
prap￞						9:2	classfreq
prarakṣ						1:1	classfreq
praran						4:1	classfreq
prarch						6:1	classfreq
prari						9:1	classfreq
praric						7:1	classfreq
prarocay						10:5	classfreq
prarodhay						10:1	classfreq
praropay						10:1	classfreq
praruc						1:1	classfreq
prarud						2:55	classfreq
prarudh						7:2	classfreq
praruh						6:55	classfreq
praruj						6:6	classfreq
prarādh						5:1	classfreq
prarāj						2:1	classfreq
prasad						1:931	classfreq
prasah						1:198	classfreq
prasamāp						5:1	classfreq
prasamīkṣ						1:65	classfreq
prasannībhū						1:1	classfreq
prasannīkṛ						8:2	classfreq
prasarpay						10:3	classfreq
prasañj						1:209	classfreq
prasañjay						10:3	classfreq
prasaṁdhā						3:2	classfreq
prasaṁkhyā						2:22	classfreq
prasecay						10:3	classfreq
prasev						1:1	classfreq
prasic						4:28	classfreq
prasidh						1:1|4:363	classfreq
praskand						1:36	classfreq
praskanday						10:2	classfreq
praskhal						1:25	classfreq
prasmi						1:1	classfreq
prasmṛ						1:4	classfreq
prasnapay						10:1	classfreq
prasnu						2:8	classfreq
prasnā						2:7	classfreq
prasnāpay						10:2	classfreq
praspand						1:8	classfreq
prasphoṭay						10:1	classfreq
prasphur						6:36	classfreq
prasphuṭ						6:2	classfreq
prasrambh						1:3	classfreq
prasraṁs						1:5	classfreq
prasru						1:76	classfreq
prasrāvay						10:2	classfreq
prastambh						9:3	classfreq
prasthā						1:441	classfreq
prasthāpay						10:98	classfreq
prastu						6:83	classfreq
prastubh						2:1	classfreq
prastāray						10:1	classfreq
prastāvay						10:1	classfreq
prastṛ						1:6	classfreq
prasu						5:3	classfreq
prasvan						1:1	classfreq
prasvap						2:173	classfreq
prasveday						10:1	classfreq
prasvid						4:11	classfreq
prasvāpay						10:8	classfreq
prasyand						1:3	classfreq
prasyanday						10:3	classfreq
prasāday						10:299	classfreq
prasādhay						10:44	classfreq
prasādīkṛ						8:3	classfreq
prasāray						10:145	classfreq
prasū						2:463	classfreq
prasūday						10:1	classfreq
prasṛ						3:177	classfreq
prasṛj						4:25	classfreq
prasṛp						1:44	classfreq
prasṛtīkṛ						8:1	classfreq
pratak						2:1	classfreq
pratam						4:14	classfreq
pratan						8:43	classfreq
pratanūkṛ						8:4	classfreq
pratap						1:118	classfreq
pratarpay						10:7	classfreq
pratarṣay						10:1	classfreq
prath				1	prath	1:273	prefixus+classfreq
prath	saṃ-			1	saṃprath		prefixus
prath	vi-			1	viprath		prefixus
prathay						10:54	classfreq
pratibandh						9:59	classfreq
pratibhaj						1:1	classfreq
pratibhañj						7:1	classfreq
pratibhid						7:4	classfreq
pratibhojay						10:4	classfreq
pratibhuj						7:4	classfreq
pratibhā						2:154	classfreq
pratibhās						1:7	classfreq
pratibhāvay						10:1	classfreq
pratibhāṣ						1:172	classfreq
pratibhū						1:2	classfreq
pratibhūṣ						1:4	classfreq
pratibhṛ						1:7	classfreq
pratibimbīkṛ						8:1	classfreq
pratibodhay						10:42	classfreq
pratibrū						2:35	classfreq
pratibudh						4:150	classfreq
pratibādh						1:23	classfreq
praticakṣ						2:6	classfreq
pratical						1:2	classfreq
praticar						1:2	classfreq
praticchad						1:57	classfreq
praticchid						7:2	classfreq
praticchāday						10:4	classfreq
praticintay						10:1	classfreq
praticoday						10:6	classfreq
praticumb						1:1	classfreq
pratidah						1:3	classfreq
pratidarśay						10:2	classfreq
pratideśay						10:2	classfreq
pratidhvaṁs						1:2	classfreq
pratidhā						3:24	classfreq
pratidhāpay						10:1	classfreq
pratidhāray						10:1	classfreq
pratidhāv						1:3	classfreq
pratidhṛṣ						5:2	classfreq
pratidiś						6:2	classfreq
pratiduṣ						4:1	classfreq
pratidā						4:26	classfreq
pratidāpay						10:5	classfreq
pratidīv						4:3	classfreq
pratidūṣay						10:2	classfreq
pratidṛś						4:84	classfreq
pratigad						1:2	classfreq
pratigam						1:67	classfreq
pratigarj						1:7	classfreq
pratigrah						9:695	classfreq
pratigrāhay						10:9	classfreq
pratiguh						1:1	classfreq
pratigā						3:1	classfreq
pratigālay						10:2	classfreq
pratigṛ						9:9	classfreq
pratigṛdh						4:5	classfreq
pratihan						4:166	classfreq
pratihary						1:4	classfreq
pratiheṣ						1:2	classfreq
pratihu						3:1	classfreq
pratihā						3:1	classfreq
pratihāray						10:1	classfreq
pratihṛ						1:17	classfreq
pratijalp						1:4	classfreq
pratijap						1:2	classfreq
pratijval						1:2	classfreq
pratijñā						9:307	classfreq
pratijñāpay						10:1	classfreq
pratijāgṛ						2:1	classfreq
pratikhyā						2:3	classfreq
pratikram						1:12	classfreq
pratikrudh						4:2	classfreq
pratikruś						4:4	classfreq
pratikāmay						10:1	classfreq
pratikāray						10:4	classfreq
pratikāṅkṣ						1:7	classfreq
pratikūj						1:1	classfreq
pratikūlay						10:2	classfreq
pratikṛ						6:1|8:117	classfreq
pratikṛṣ						6:3	classfreq
pratikṣi						2:1	classfreq
pratikṣip						6:23	classfreq
pratikﾱp						1:3	classfreq
pratilabh						1:127	classfreq
pratilambay						10:1	classfreq
pratilaṅgh						1:1	classfreq
pratilehay						10:1	classfreq
pratilikh						6:3	classfreq
pratilobhay						10:2	classfreq
pratilokay						10:1	classfreq
pratilī						4:1	classfreq
pratilū						9:1	classfreq
pratiman						8:1	classfreq
pratimih						1:2	classfreq
pratimohay						10:2	classfreq
pratimokṣay						10:1	classfreq
pratimuc						6:53	classfreq
pratimud						1:1	classfreq
pratimā						3:5	classfreq
pratimānay						10:4	classfreq
pratimṛṣ						6:1	classfreq
pratinad						1:4	classfreq
pratinand						1:67	classfreq
pratinanday						10:3	classfreq
pratinard						1:1	classfreq
pratinibudh						4:1	classfreq
pratinidhā						3:2	classfreq
pratinihan						2:1	classfreq
pratinikṣip						6:1	classfreq
pratinirdiś						6:1	classfreq
pratinirji						1:1	classfreq
pratinirmā						3:1	classfreq
pratinirvap						1:2	classfreq
pratiniryā						2:3	classfreq
pratiniryātay						10:1	classfreq
pratinistṛ						1:1	classfreq
pratinisṛj						6:1	classfreq
pratinivartay						10:9	classfreq
pratiniviś						6:1	classfreq
pratinivāray						10:2	classfreq
pratinivṛt						1:45	classfreq
pratiniyam						1:11	classfreq
pratiniḥsṛj						6:1	classfreq
pratiniṣkram						6:3	classfreq
pratiniṣpū						9:1	classfreq
pratinud						6:9	classfreq
pratinyas						4:1	classfreq
pratināday						10:6	classfreq
pratinī						1:8	classfreq
pratinṛt						4:1	classfreq
pratipad						4:744	classfreq
pratiparī						2:1	classfreq
pratipat						1:1	classfreq
pratipaś						4:11	classfreq
pratiphal						1:5	classfreq
pratipiṣ						7:12	classfreq
pratipothay						10:1	classfreq
pratipracch						6:4	classfreq
pratipradhāv						1:1	classfreq
pratipradā						3:2	classfreq
pratiprahi						5:1	classfreq
pratiprakāś						1:1	classfreq
pratiprasrambh						1:34	classfreq
pratiprasū						2:1	classfreq
pratipravac						3:1	classfreq
pratipravartay						10:1	classfreq
pratipraviś						6:2	classfreq
pratiprayam						1:2	classfreq
pratiprayā						2:6	classfreq
pratipraśrambh						1:2	classfreq
pratipā						1:1	classfreq
pratipāday						10:210	classfreq
pratipālay						10:40	classfreq
pratipātay						10:1	classfreq
pratipī						4:1	classfreq
pratipīḍay						10:10	classfreq
pratipūjay						10:115	classfreq
pratipūray						10:8	classfreq
pratipṛ						9:21	classfreq
pratirabh						1:3	classfreq
pratirakṣ						1:1	classfreq
pratirañjay						10:2	classfreq
pratirudh						7:22	classfreq
pratiruh						1:2	classfreq
pratirādh						5:3	classfreq
pratisah						1:2	classfreq
pratisamas						4:1	classfreq
pratisamādhā						3:6	classfreq
pratisamādiś						6:12	classfreq
pratisamānī						1:4	classfreq
pratisamās						2:6	classfreq
pratisamīkṣ						1:2	classfreq
pratisatkṛ						8:2	classfreq
pratisaṁbodhay						10:1	classfreq
pratisaṁbudh						4:1	classfreq
pratisaṁcar						1:1	classfreq
pratisaṁchad						1:1	classfreq
pratisaṁchāday						10:1	classfreq
pratisaṁdhā						3:9	classfreq
pratisaṁdiś						6:3	classfreq
pratisaṁgrah						9:5	classfreq
pratisaṁhan						2:2	classfreq
pratisaṁhā						3:1	classfreq
pratisaṁhāray						10:1	classfreq
pratisaṁhṛ						2:17	classfreq
pratisaṁhṛṣ						4:2	classfreq
pratisaṁjan						4:1	classfreq
pratisaṁkhyā						2:2	classfreq
pratisaṁkram						1:2	classfreq
pratisaṁkrāmay						10:1	classfreq
pratisaṁkuñc						6:1	classfreq
pratisaṁlī						4:5	classfreq
pratisaṁmoday						10:7	classfreq
pratisaṁmud						1:6	classfreq
pratisaṁnivṛt						1:1	classfreq
pratisaṁrabh						1:8	classfreq
pratisaṁrudh						7:2	classfreq
pratisaṁsah						1:1	classfreq
pratisaṁskāray						10:1	classfreq
pratisaṁskṛ						8:23	classfreq
pratisaṁstambh						9:1	classfreq
pratisaṁsthā						1:1	classfreq
pratisaṁsṛj						6:13	classfreq
pratisaṁveday						10:7	classfreq
pratisaṁveṣṭ						1:1	classfreq
pratisaṁvid						2:1	classfreq
pratisaṁviś						6:1	classfreq
pratisaṁvāray						10:1	classfreq
pratisaṁyat						1:1	classfreq
pratisaṁyuj						7:42	classfreq
pratisaṁśru						5:1	classfreq
pratisev						1:2	classfreq
pratismāray						10:2	classfreq
pratismṛ						1:4	classfreq
pratisru						1:1	classfreq
pratistambh						5:7	classfreq
pratisvan						1:2	classfreq
pratisvanay						10:1	classfreq
pratisādhay						10:1	classfreq
pratisāray						10:75	classfreq
pratisṛ						1:2	classfreq
pratisṛj						6:3	classfreq
pratisṛp						1:2	classfreq
pratitap						1:4	classfreq
pratitarj						1:1	classfreq
pratitāpay						10:1	classfreq
pratitāḍay						10:2	classfreq
prativac						3:488	classfreq
prativad						1:10	classfreq
prativadh						1:2	classfreq
prativand						1:1	classfreq
prativap						1:11	classfreq
prativartay						10:1	classfreq
prativas						1:88	classfreq
prativeday						10:45	classfreq
prativeṣṭ						1:1	classfreq
prativeṣṭay						10:1	classfreq
prativibhāvay						10:1	classfreq
prativibudh						4:11	classfreq
prativid						6:3	classfreq
pratividhā						3:34	classfreq
pratividru						1:1	classfreq
prativigāh						1:1	classfreq
prativijñā						9:1	classfreq
prativikalpay						10:2	classfreq
prativikrī						9:1	classfreq
prativinoday						10:4	classfreq
prativinī						1:1	classfreq
prativipaś						4:1	classfreq
prativiram						9:4	classfreq
prativirudh						7:4	classfreq
prativiruh						6:7	classfreq
prativisṛj						6:1	classfreq
prativivardhay						10:1	classfreq
prativiśiṣ						7:19	classfreq
prativiśodhay						10:1	classfreq
prativyadh						4:119	classfreq
prativyāhṛ						2:1	classfreq
prativyūh						1:30	classfreq
prativāhay						10:1	classfreq
prativāpay						10:8	classfreq
prativāray						10:40	classfreq
prativāsay						10:7	classfreq
prativāñch						1:1	classfreq
prativāś						4:1	classfreq
prativīkṣ						1:18	classfreq
prativṛdh						1:1	classfreq
prativṛt						1:1	classfreq
prativṛṣ						1:1	classfreq
pratiyam						1:1	classfreq
pratiyat						1:1	classfreq
pratiyodhay						10:6	classfreq
pratiyojay						10:4	classfreq
pratiyu						6:1	classfreq
pratiyudh						4:69	classfreq
pratiyā						2:74	classfreq
pratiyāc						1:5	classfreq
pratiyātay						10:3	classfreq
pratiśam						4:2	classfreq
pratiśap						1:1	classfreq
pratiśaṁs						1:1	classfreq
pratiśaṅk						1:1	classfreq
pratiśikṣ						6:1	classfreq
pratiśru						5:155	classfreq
pratiśrāmay						10:1	classfreq
pratiśrāvay						10:1	classfreq
pratiśvas						2:1	classfreq
pratiśāmay						10:3	classfreq
pratiśī						2:4	classfreq
pratiṣañj						1:1	classfreq
pratiṣedhay						10:30	classfreq
pratiṣidh						1:134	classfreq
pratiṣkambh						9:1	classfreq
pratiṣvāday						10:1	classfreq
pratiṣṭhā						1:859	classfreq
pratiṣṭhāpay						10:313	classfreq
pratiṣṭhīv						1:1	classfreq
pratiṣṭu						5:1	classfreq
pratud						6:8	classfreq
pratuṣ						4:1	classfreq
pratvakṣ						1:1	classfreq
pratvar						1:3	classfreq
pratyabhidhā						3:2	classfreq
pratyabhighāray						10:7	classfreq
pratyabhijñā						9:49	classfreq
pratyabhimṛś						6:2	classfreq
pratyabhinand						1:4	classfreq
pratyabhinanday						10:1	classfreq
pratyabhiniryā						2:1	classfreq
pratyabhiprasthā						1:1	classfreq
pratyabhivad						1:1	classfreq
pratyabhiyojay						10:1	classfreq
pratyabhiyā						2:1	classfreq
pratyabhyanujñā						9:1	classfreq
pratyabhyarcay						10:1	classfreq
pratyah						1:31	classfreq
pratyakṣībhū						1:6	classfreq
pratyakṣīkṛ						8:16	classfreq
pratyanubhāṣ						1:2	classfreq
pratyanubhū						1:54	classfreq
pratyanujñā						9:1	classfreq
pratyanunī						1:4	classfreq
pratyanusmṛ						1:3	classfreq
pratyanuyuj						7:2	classfreq
pratyanuyāc						1:1	classfreq
pratyapakṛ						8:1	classfreq
pratyapasarpay						10:1	classfreq
pratyapayā						2:4	classfreq
pratyapidhā						3:2	classfreq
pratyarc						1:3	classfreq
pratyarcay						10:11	classfreq
pratyarday						10:1	classfreq
pratyarhay						10:1	classfreq
pratyarpay						10:12	classfreq
pratyas						4:12	classfreq
pratyavabhuj						6:1	classfreq
pratyavabhās						1:2	classfreq
pratyavabhāṣ						1:3	classfreq
pratyavagam						1:3	classfreq
pratyavagrah						9:2	classfreq
pratyavahāray						10:1	classfreq
pratyavahṛ						1:2	classfreq
pratyavamṛś						6:2	classfreq
pratyavapātay						10:1	classfreq
pratyavaropay						10:5	classfreq
pratyavarudh						7:2	classfreq
pratyavaruh						1:7	classfreq
pratyavasad						1:2	classfreq
pratyavaskanday						10:1	classfreq
pratyavasthā						1:8	classfreq
pratyavasā						6:1	classfreq
pratyavasṛ						3:1	classfreq
pratyavasṛp						1:1	classfreq
pratyavatṛ						1:1	classfreq
pratyave						2:3	classfreq
pratyavekṣ						4:36	classfreq
pratyañj						7:2	classfreq
pratye						2:26	classfreq
pratyuccāray						10:1	classfreq
pratyuddhṛ						2:1	classfreq
pratyuddīp						4:4	classfreq
pratyudgam						1:60	classfreq
pratyudgrah						9:1	classfreq
pratyudi						2:22	classfreq
pratyudyam						1:5	classfreq
pratyudyā						2:103	classfreq
pratyudāhṛ						1:2	classfreq
pratyudāvartay						10:3	classfreq
pratyudāvṛt						3:4	classfreq
pratyudīkṣ						1:3	classfreq
pratyudīr						2:1	classfreq
pratyujjīv						1:3	classfreq
pratyunmiṣ						6:1	classfreq
pratyupadiś						6:1	classfreq
pratyupadru						1:1	classfreq
pratyupakṛ						8:1	classfreq
pratyupaspṛś						6:1	classfreq
pratyupasthā						1:83	classfreq
pratyupasthāpay						10:2	classfreq
pratyupasṛ						3:1	classfreq
pratyupasṛp						1:1	classfreq
pratyupavad						1:1	classfreq
pratyupaveśay						10:1	classfreq
pratyupaviś						6:4	classfreq
pratyupayā						2:3	classfreq
pratyupe						2:2	classfreq
pratyupekṣ						1:1	classfreq
pratyupāhṛ						1:1	classfreq
pratyupānī						1:1	classfreq
pratyupāvraj						1:1	classfreq
pratyutpad						4:65	classfreq
pratyuttambh						5:3	classfreq
pratyutthā						1:35	classfreq
pratyuttṛ						1:4	classfreq
pratyuṣ						1:11	classfreq
pratyācakṣ						2:13	classfreq
pratyācar						1:1	classfreq
pratyādiś						6:12	classfreq
pratyādru						1:1	classfreq
pratyādā						3:4	classfreq
pratyāgam						1:102	classfreq
pratyāgamay						10:1	classfreq
pratyāhan						2:10	classfreq
pratyāhṛ						2:43	classfreq
pratyājan						4:5	classfreq
pratyākhyā						2:121	classfreq
pratyākruś						1:2	classfreq
pratyākāṅkṣ						1:3	classfreq
pratyākṛṣ						1:3	classfreq
pratyānī						1:14	classfreq
pratyāpad						4:5	classfreq
pratyāpay						10:1	classfreq
pratyāpyāyay						10:1	classfreq
pratyāsad						1:24	classfreq
pratyāsic						6:2	classfreq
pratyāsthā						1:1	classfreq
pratyāsṛ						3:1	classfreq
pratyāvap						1:1	classfreq
pratyāvartay						10:1	classfreq
pratyāviś						6:1	classfreq
pratyāvraj						1:2	classfreq
pratyāvṛ						9:2	classfreq
pratyāvṛt						1:6	classfreq
pratyāyay						10:1	classfreq
pratyāyā						2:9	classfreq
pratyāśrāvay						10:2	classfreq
pratyāśvas						2:16	classfreq
pratyāśvāsay						10:1	classfreq
pratyūh						1:14	classfreq
pratāpay						10:56	classfreq
pratāray						10:15	classfreq
pratī						2:612	classfreq
pratīkṛ						8:1	classfreq
pratīkṣ						1:158	classfreq
pratīvāpay						10:2	classfreq
pratīṣ						6:59	classfreq
pratūrv						1:1	classfreq
pratṛ						8:32	classfreq
pravac						2:3087	classfreq
pravad						1:166	classfreq
pravadh						1:1	classfreq
pravah						1:32	classfreq
pravalg						1:4	classfreq
pravalh						1:2	classfreq
pravan						8:1	classfreq
pravand						1:1	classfreq
pravap						1:17	classfreq
pravaray						10:1	classfreq
pravardhay						10:6	classfreq
pravartay						10:329	classfreq
pravarṣay						10:1	classfreq
pravas						1:107|2:2	classfreq
pravaṇīkṛ						8:2	classfreq
prave						4:40	classfreq
praveday						10:12	classfreq
pravedh						1:1	classfreq
pravedhay						10:1	classfreq
pravepay						10:8	classfreq
praveśay						10:244	classfreq
praveṣṭay						10:6	classfreq
pravibandh						9:1	classfreq
pravibhaj						1:44	classfreq
pravibhañj						7:1	classfreq
pravibhid						7:1	classfreq
pravibhuj						6:1	classfreq
pravibhā						2:7	classfreq
pravibhāvay						10:2	classfreq
pravical						1:5	classfreq
pravicar						1:8	classfreq
praviceṣṭ						1:1	classfreq
pravici						5:2	classfreq
pravicintay						10:5	classfreq
pravicālay						10:1	classfreq
pravicāray						10:3	classfreq
pravid						2:15	classfreq
pravidhvaṁs						1:2	classfreq
pravidhā						3:13	classfreq
pravidhū						9:1	classfreq
pravidru						1:2	classfreq
pravidāray						10:2	classfreq
pravidṛ						4:1	classfreq
pravigal						1:3	classfreq
pravigāh						1:7	classfreq
pravihan						4:2	classfreq
pravihā						3:4	classfreq
pravij						6:2	classfreq
pravijñā						9:1	classfreq
pravijṛmbh						1:1	classfreq
pravikac						1:1	classfreq
pravikampay						10:1	classfreq
pravikas						1:3	classfreq
pravikāsay						10:1	classfreq
pravikṛ						6:6	classfreq
pravikﾱp						1:1	classfreq
pravilamb						1:5	classfreq
pravilas						1:2	classfreq
pravilepay						10:1	classfreq
pravilip						6:1	classfreq
pravilobhay						10:1	classfreq
pravilokay						10:7	classfreq
pravilup						6:2	classfreq
pravilāpay						10:1	classfreq
pravilī						4:20	classfreq
pravimuc						6:6	classfreq
pravimṛj						6:1	classfreq
pravimṛś						6:3	classfreq
pravinirdhū						9:1	classfreq
pravinyas						4:11	classfreq
pravip						1:32	classfreq
praviram						1:1	classfreq
pravirañj						6:1	classfreq
pravistṛ						9:1	classfreq
pravisāray						10:2	classfreq
pravisṛ						3:10	classfreq
pravisṛj						6:1	classfreq
pravitan						8:9	classfreq
pravitānay						10:1	classfreq
pravitṛ						1:1	classfreq
pravivah						4:1	classfreq
pravivecay						10:1	classfreq
pravivic						7:8	classfreq
praviś						4:2257	classfreq
praviśodhay						10:2	classfreq
praviśātay						10:1	classfreq
praviśṛ						9:2	classfreq
praviṣ						4:1	classfreq
praviṣad						2:2	classfreq
pravlī						9:5	classfreq
pravraj						1:202	classfreq
pravrajay						10:1	classfreq
pravraśc						6:2	classfreq
pravrājay						10:51	classfreq
pravyadh						4:36	classfreq
pravyath						1:24	classfreq
pravyathay						10:17	classfreq
pravye						4:4	classfreq
pravyāhāray						10:2	classfreq
pravyāhṛ						1:14	classfreq
pravā						4:67	classfreq
pravācay						10:1	classfreq
pravāday						10:23	classfreq
pravāh						1:17	classfreq
pravāhay						10:9	classfreq
pravāpay						10:5	classfreq
pravāray						10:18	classfreq
pravāsay						10:35	classfreq
pravī						2:2	classfreq
pravṛ						5:9|9:14	classfreq
pravṛdh						1:218	classfreq
pravṛh						6:9	classfreq
pravṛj						7:4	classfreq
pravṛt						1:1530	classfreq
pravṛṣ						1:46	classfreq
prayaj						1:1	classfreq
prayakṣ						1:3	classfreq
prayam						1:965	classfreq
prayat						1:124	classfreq
prayodhay						10:1	classfreq
prayogīkṛ						8:1	classfreq
prayojakībhū						1:2	classfreq
prayojay						10:315	classfreq
prayudh						4:27	classfreq
prayuj						7:911	classfreq
prayā						2:1305	classfreq
prayāc						1:19	classfreq
prayāpay						10:2	classfreq
prayāsay						10:1	classfreq
prayāvay						10:1	classfreq
praśam						1:303	classfreq
praśamay						10:47	classfreq
praśaṁs						1:973	classfreq
praśaṁsay						10:2	classfreq
praśaṅk						1:1	classfreq
praśiṣ						7:1	classfreq
praśobhay						10:1	classfreq
praśodhay						10:1	classfreq
praśoṣay						10:4	classfreq
praśri						1:3	classfreq
praśrāvay						10:1	classfreq
praśuc						1:3	classfreq
praśuṣ						4:1	classfreq
praśvas						2:9	classfreq
praśvi						1:1	classfreq
praśāmay						10:11	classfreq
praśās						2:138	classfreq
praśāsay						10:1	classfreq
praśātay						10:1	classfreq
praśṛ						9:4	classfreq
praḍī						4:1	classfreq
praṇad						1:52	classfreq
praṇam						1:916	classfreq
praṇamay						10:4	classfreq
praṇayībhū						1:1	classfreq
praṇaś						1:4|4:285	classfreq
praṇidhyā						4:1	classfreq
praṇidhā						3:117	classfreq
praṇidā						3:2	classfreq
praṇigad						1:3	classfreq
praṇij						2:1	classfreq
praṇipat						1:234	classfreq
praṇoday						10:5	classfreq
praṇu						1:2	classfreq
praṇud						6:93	classfreq
praṇāmay						10:1	classfreq
praṇāśay						10:12	classfreq
praṇī						1:280	classfreq
praṇū						2:7	classfreq
pre						2:522	classfreq
prekṣ				1	prekṣ	1:504	prefixus+classfreq
prekṣ	abhi-			1	abhiprekṣ		prefixus
prekṣ	abhisam-			1	abhisamprekṣ		prefixus
prekṣ	anu-			1	anuprekṣ		prefixus
prekṣ	sam-			1	samprekṣ		prefixus
prekṣ	samabhi-			1	samabhiprekṣ		prefixus
prekṣ	upa-			1	upaprekṣ		prefixus
prekṣ	vi-			1	viprekṣ		prefixus
prekṣay				1	prekṣay	10:3	prefixus+classfreq
prendh				1	prendh	2:5	prefixus+classfreq
prer				1	prer	2:9	prefixus+classfreq
preray				1	preray	10:175	prefixus+classfreq
preray	abhi-			1	abhipreray		prefixus
preray	ati-			1	atipreray		prefixus
preray	saṃ-			1	saṃpreray		prefixus
pretībhū				1	pretībhū	1:5	prefixus+classfreq
preṅkh				1	preṅkh	1:6	prefixus+classfreq
preṅkhay						10:3	classfreq
preṣ				1	preṣ	4:66	prefixus+classfreq
preṣ	saṃ-			1	saṃpreṣ		prefixus
preṣay				1	preṣay	10:454	prefixus+classfreq
preṣay	abhi-			1	abhipreṣay		prefixus
preṣay	saṃ-			1	saṃpreṣay		prefixus
proccar				1	proccar	1:3	prefixus+classfreq
proccaṭ						1:1	classfreq
procchal						1:1	classfreq
procchri						1:1	classfreq
procchvāsay						10:1	classfreq
proccāray				1	proccāray	10:4	prefixus+classfreq
prodbadh				1	prodbadh	9:1	prefixus+classfreq
prodbhid				1	prodbhid	7:5	prefixus+classfreq
prodbhāsay				1	prodbhāsay	10:1	prefixus+classfreq
prodbhū				1	prodbhū	1:2	prefixus+classfreq
proddhū				1	proddhū	9:2	prefixus+classfreq
proddhṛ				1	proddhṛ	1:4	prefixus+classfreq
prodgam						6:1	classfreq
prodghuṣ				1	prodghuṣ	1:1	prefixus+classfreq
prodi				1	prodi	2:6	prefixus+classfreq
prodvejay						10:1	classfreq
prodveṣṭay						10:1	classfreq
prodvṛt				1	prodvṛt	1:1	prefixus+classfreq
prodyam				1	prodyam	1:2	prefixus+classfreq
proh						1:11	classfreq
projh				1	projh	6:13	prefixus+classfreq
projjval				1	projjval	1:1	prefixus+classfreq
prokṣ				1	prokṣ	6:111	prefixus+classfreq
prokṣ	sam-			1	samprokṣ		prefixus
prokṣay				1	prokṣay	10:29	prefixus+classfreq
prokṣay	saṃ-			1	saṃprokṣay		prefixus
prollas				1	prollas	1:5	prefixus+classfreq
prollikh				1	prollikh	6:1	prefixus+classfreq
pronmarday				1	pronmarday	10:1	prefixus+classfreq
pronmiṣ						6:4	classfreq
pronmīlay				1	pronmīlay	10:3	prefixus+classfreq
pronmṛj						6:1	classfreq
pronnam				1	pronnam	1:3	prefixus+classfreq
pronnī				1	pronnī	1:1	prefixus+classfreq
protkaṇṭhay				1	protkaṇṭhay	10:2	prefixus+classfreq
protkhan						1:1	classfreq
protkṛt				1	protkṛt	6:2	prefixus+classfreq
protkṣip				1	protkṣip	6:2	prefixus+classfreq
protpāday				1	protpāday	10:1	prefixus+classfreq
protsah				1	protsah	1:1	prefixus+classfreq
protsāday				1	protsāday	10:1	prefixus+classfreq
protsāhay				1	protsāhay	10:20	prefixus+classfreq
protsāray				1	protsāray	10:7	prefixus+classfreq
protthā				1	protthā	1:1	prefixus+classfreq
protthāpay				1	protthāpay	10:1	prefixus+classfreq
prottolay				1	prottolay	10:1	prefixus+classfreq
proñch						6:1	classfreq
proḍḍī				1	proḍḍī	4:2	prefixus+classfreq
pruth						1:5	classfreq
pruṣ						6:6	classfreq
pruṣ	vi-			1	vipruṣ		prefixus
prā						2:33	classfreq
prābhū						1:1	classfreq
prābhṛ						3:6	classfreq
prābhṛtīkṛ						8:1	classfreq
prādhī						2:7	classfreq
prādru						1:6	classfreq
prāduras						2:126	classfreq
prādurbhāvay						10:2	classfreq
prādurbhū						1:287	classfreq
prāduṣkṛ						8:58	classfreq
prādā						3:1	classfreq
prāh						1:1112	classfreq
prāhi						5:1	classfreq
prāhṛ						2:1	classfreq
prāj						1:1	classfreq
prākamp						1:1	classfreq
prākruś						1:6	classfreq
prākrīḍ						1:1	classfreq
prākṛ						8:1	classfreq
prālabh						1:2	classfreq
prāp						1:5288	classfreq
prāpay						10:130	classfreq
prārabh						1:48	classfreq
prārc						1:7	classfreq
prārday						10:1	classfreq
prārjay						10:1	classfreq
prārpay						10:4	classfreq
prās						2:1|4:29	classfreq
prāv						1:41	classfreq
prāvartay						10:1	classfreq
prāviṣkṛ						8:49	classfreq
prāvṛ						5:60|9:1	classfreq
prāvṛj						7:1	classfreq
prāyā						2:3	classfreq
prāñjalībhū						1:3	classfreq
prāś						1:232	classfreq
prāśay						10:55	classfreq
prāṇ						1:66	classfreq
prāṇī						1:2	classfreq
prī				2	pre	9:1262	prefixus+classfreq
prī	abhi-			1	abhipre		prefixus
prī	sam-			2	sampre		prefixus
prī	samabhi-			1	samabhipre		prefixus
prī	vi-			1	vipre		prefixus
prī	vyā-			1	vyāprī		prefixus
prī	ā-			1	āprī		prefixus
prīṇay				1	prīṇay	10:76	prefixus+classfreq
prīṇay	abhi-			1	abhiprīṇay		prefixus
prīṇay	saṃ-			1	saṃprīṇay		prefixus
psā						2:3	classfreq
punarnavībhū				1	punarnavībhū	1:1	prefixus+classfreq
puraskṛ				1	puraskṛ	8:425	prefixus+classfreq
purobhāvay						10:1	classfreq
purodhā				1	purodhā	3:24	prefixus+classfreq
puruṣībhū				1	puruṣībhū	1:1	prefixus+classfreq
puñjībhū				1	puñjībhū	1:3	prefixus+classfreq
puṁskṛ						8:1	classfreq
puṣ		flourish	1	1	puṣ	2:338	prefixus+semantics+classfreq
puṣ	pra-			1	prapuṣ		prefixus
puṣ	sam-			1	sampuṣ		prefixus
puṭ				1	puṭ	6:418	prefixus+classfreq
puṭ	pra-			1	prapuṭ		prefixus
puṭ	saṃ-			1	saṃpuṭ		prefixus
puṭakāray				1	puṭakāray	10:1	prefixus+classfreq
puṭay				1	puṭay	10:62	prefixus+classfreq
puṭīkṛ				1	puṭīkṛ	8:5	prefixus+classfreq
puṭīkṛ	saṃ-			1	saṃpuṭīkṛ		prefixus
pyā						1:104	classfreq
pyā	ā-			1	āpyā		prefixus
pyāyay						10:4	classfreq
pyāyay	samā-			1	samāpyāyay		prefixus
pyāyay	ā-			1	āpyāyay		prefixus
pā				2	pā	1:3487|2:640	prefixus+classfreq
pā	anu-			1	anupā		prefixus
pā	ni-			1	nipā		prefixus
pā	pari-			2	paripā		prefixus
pā	pra-			1	prapā		prefixus
pā	prati-			1	pratipā		prefixus
pā	sam-			1	sampā		prefixus
pā	samā-			1	samāpā		prefixus
pā	ā-			1	āpā		prefixus
pācay				1	pācay	10:331	prefixus+classfreq
pācay	pari-			1	paripācay		prefixus
pācay	pra-			1	prapācay		prefixus
pācay	saṃ-			1	saṃpācay		prefixus
pācay	vi-			1	vipācay		prefixus
pāday				1	pāday	10:16	prefixus+classfreq
pāday	abhiprati-			1	abhipratipāday		prefixus
pāday	abhisaṃ-			1	abhisaṃpāday		prefixus
pāday	prati-			1	pratipāday		prefixus
pāday	sam-			1	sampāday		prefixus
pāday	samupa-			1	samupapāday		prefixus
pāday	saṃprati-			1	saṃpratipāday		prefixus
pāday	upa-			1	upapāday		prefixus
pāday	vi-			1	vipāday		prefixus
pāday	vyā-			1	vyāpāday		prefixus
pāday	ā-			1	āpāday		prefixus
pālay				1	pālay	10:550	prefixus+classfreq
pālay	abhi-			1	abhipālay		prefixus
pālay	anu-			1	anupālay		prefixus
pālay	pari-			1	paripālay		prefixus
pālay	pra-			1	prapālay		prefixus
pālay	prati-			1	pratipālay		prefixus
pālay	sam-			1	sampālay		prefixus
pālay	samanu-			1	samanupālay		prefixus
pāray				1	pāray	10:83	prefixus+classfreq
pāray	ati-			1	atipāray		prefixus
pāray	vyā-			1	vyāpāray		prefixus
pāray	ā-			1	āpāray		prefixus
pātay				1	pātay	10:856	prefixus+classfreq
pātay	abhi-			1	abhipātay		prefixus
pātay	anu-			1	anupātay		prefixus
pātay	ati-			1	atipātay		prefixus
pātay	ava-			1	avapātay		prefixus
pātay	ni-			1	nipātay		prefixus
pātay	pari-			1	paripātay		prefixus
pātay	pra-			1	prapātay		prefixus
pātay	prati-			1	pratipātay		prefixus
pātay	pratyava-			1	pratyavapātay		prefixus
pātay	saṃ-			1	saṃpātay		prefixus
pātay	saṃni-			1	saṃnipātay		prefixus
pātay	upa-			1	upapātay		prefixus
pātay	vi-			1	vipātay		prefixus
pātay	vini-			1	vinipātay		prefixus
pātay	vyā-			1	vyāpātay		prefixus
pātay	ā-			1	āpātay		prefixus
pātrībhū				1	pātrībhū	1:1	prefixus+classfreq
pātrīkṛ				1	pātrīkṛ	8:1	prefixus+classfreq
pāvanīkṛ				1	pāvanīkṛ	8:1	prefixus+classfreq
pāvay				1	pāvay	10:67	prefixus+classfreq
pāyasīkṛ				1	pāyasīkṛ	8:1	prefixus+classfreq
pāyay				1	pāyay	10:325	prefixus+classfreq
pāyay	anu-			1	anupāyay		prefixus
pāṇḍarīkṛ						8:1	classfreq
pāṇḍurībhū	ā-			1	āpāṇḍurībhū		prefixus
pāṇḍūkṛ						8:1	classfreq
pāṭay				1	pāṭay	10:84	prefixus+classfreq
pāṭay	ava-			1	avapāṭay		prefixus
pāṭay	pari-			1	paripāṭay		prefixus
pāṭay	pra-			1	prapāṭay		prefixus
pāṭay	vi-			1	vipāṭay		prefixus
pāṭay	ā-			1	āpāṭay		prefixus
pāṭhay				1	pāṭhay	10:25	prefixus+classfreq
pāṭhay	pari-			1	paripāṭhay		prefixus
pī						4:4	classfreq
pī	a-			1	apī		prefixus
pītībhū				1	pītībhū	1:1	prefixus+classfreq
pīḍ						1:2	classfreq
pīḍay				1	pīḍay	10:841	prefixus+classfreq
pīḍay	abhi-			1	abhipīḍay		prefixus
pīḍay	abhini-			1	abhinipīḍay		prefixus
pīḍay	abhipra-			1	abhiprapīḍay		prefixus
pīḍay	anu-			1	anupīḍay		prefixus
pīḍay	ati-			1	atipīḍay		prefixus
pīḍay	ava-			1	avapīḍay		prefixus
pīḍay	ni-			1	nipīḍay		prefixus
pīḍay	pari-			1	paripīḍay		prefixus
pīḍay	parini-			1	parinipīḍay		prefixus
pīḍay	pra-			1	prapīḍay		prefixus
pīḍay	prati-			1	pratipīḍay		prefixus
pīḍay	sam-			1	sampīḍay		prefixus
pīḍay	samabhi-			1	samabhipīḍay		prefixus
pīḍay	samava-			1	samavapīḍay		prefixus
pīḍay	sampra-			1	samprapīḍay		prefixus
pīḍay	samā-			1	samāpīḍay		prefixus
pīḍay	upa-			1	upapīḍay		prefixus
pīḍay	upani-			1	upanipīḍay		prefixus
pīḍay	ā-			1	āpīḍay		prefixus
pū				1	pū	1:1320	prefixus+classfreq
pū	pari-			1	paripū		prefixus
pū	pra-			1	prapū		prefixus
pū	sam-			1	sampū		prefixus
pū	vi-			1	vipū		prefixus
pūjay				1	pūjay	10:2964	prefixus+classfreq
pūjay	abhi-			1	abhipūjay		prefixus
pūjay	abhipra-			1	abhiprapūjay		prefixus
pūjay	abhisam-			1	abhisampūjay		prefixus
pūjay	anu-			1	anupūjay		prefixus
pūjay	pari-			1	paripūjay		prefixus
pūjay	pra-			1	prapūjay		prefixus
pūjay	prati-			1	pratipūjay		prefixus
pūjay	sam-			1	sampūjay		prefixus
pūjay	samabhi-			1	samabhipūjay		prefixus
pūjay	sampari-			1	samparipūjay		prefixus
pūjay	sampra-			1	samprapūjay		prefixus
pūjay	samprati-			1	sampratipūjay		prefixus
pūjay	su-			1	supūjay		prefixus
pūjay	ā-			1	āpūjay		prefixus
pūray				1	pūray	10:633	prefixus+classfreq
pūray	abhi-			1	abhipūray		prefixus
pūray	anu-			1	anupūray		prefixus
pūray	ava-			1	avapūray		prefixus
pūray	pari-			1	paripūray		prefixus
pūray	pra-			1	prapūray		prefixus
pūray	prati-			1	pratipūray		prefixus
pūray	sam-			1	sampūray		prefixus
pūray	samabhi-			1	samabhipūray		prefixus
pūray	samā-			1	samāpūray		prefixus
pūray	saṃpra-			1	saṃprapūray		prefixus
pūray	vi-			1	vipūray		prefixus
pūray	ā-			1	āpūray		prefixus
pūrṇībhū				1	pūrṇībhū	1:1	prefixus+classfreq
pūrṇīkṛ						8:1	classfreq
pūy				1	pūy	1:3	prefixus+classfreq
pṛ				2	pṛ	3:117|9:1043	prefixus+classfreq
pṛ	abhi-			1	abhipṛ		prefixus
pṛ	ati-			1	atipṛ		prefixus
pṛ	pari-			1	paripṛ		prefixus
pṛ	prati-			1	pratipṛ		prefixus
pṛ	sam-			1	sampṛ		prefixus
pṛ	samā-			1	samāpṛ		prefixus
pṛ	saṃpari-			1	saṃparipṛ		prefixus
pṛ	ā-			1	āpṛ		prefixus
pṛc				1	pṛc	3:64	prefixus+classfreq
pṛc	anu-			1	anupṛc		prefixus
pṛc	sam-			1	sampṛc		prefixus
pṛkṣ						1:1	classfreq
pṛthakkṛ				1	pṛthakkṛ	8:11	prefixus+classfreq
pṛthūkṛ						8:1	classfreq
pṛç	p-			1	prāś		prefixus
pṛç	samp-			1	samprāś		prefixus
pṛṇ						6:42	classfreq
pṛṇ	abhip-			1	abhiprāṇ		prefixus
pṛṇ	p-			1	prāṇ		prefixus
pṝ		fill up	1				semantics
p�	pra-			1	prap�		prefixus
p�	ā-			1	āp�		prefixus
rabh		begin	3			1:46	semantics+classfreq
rabh	abhisaṃ-			1	abhisaṃrabh		prefixus
rabh	abhyā-			1	abhyārabh		prefixus
rabh	anvā-			1	anvārabh		prefixus
rabh	pari-			1	parirabh		prefixus
rabh	pratisaṃ-			1	pratisaṃrabh		prefixus
rabh	prā-			1	prārabh		prefixus
rabh	sampari-			1	samparirabh		prefixus
rabh	samā-			1	samārabh		prefixus
rabh	saṃ-			1	saṃrabh		prefixus
rabh	ā-			1	ārabh		prefixus
rabhīkṛ	su-			1	surabhīkṛ		prefixus
rac						1:1	classfreq
racay				1	racay	10:196	prefixus+classfreq
racay	upa-			1	uparacay		prefixus
racay	vi-			1	viracay		prefixus
racay	ā-			1	āracay		prefixus
rad				1	rad	1:32	prefixus+classfreq
rad	vi-			1	virad		prefixus
radh				1	radh	4:21	prefixus+classfreq
rah				1	rah	1:14	prefixus+classfreq
rah	vi-			1	virah		prefixus
rahay						10:2	classfreq
rahīkṛ	vi-			1	virahīkṛ		prefixus
rajay						10:1	classfreq
rajīkṛ				1	rajīkṛ	8:2	prefixus+classfreq
raktīkṛ				1	raktīkṛ	8:4	prefixus+classfreq
rakṣ		protect	1	1	rakṣ	4:1627	prefixus+semantics+classfreq
rakṣ	abhi-			1	abhirakṣ		prefixus
rakṣ	anu-			1	anurakṣ		prefixus
rakṣ	pari-			1	parirakṣ		prefixus
rakṣ	pra-			1	prarakṣ		prefixus
rakṣ	prati-			1	pratirakṣ		prefixus
rakṣ	saṃ-			1	saṃrakṣ		prefixus
rakṣay				1	rakṣay	10:62	prefixus+classfreq
rakṣay	saṃ-			1	saṃrakṣay		prefixus
rakṣay	su-			1	surakṣay		prefixus
ralīkṛ	vi-			1	viralīkṛ		prefixus
ram		rejoice	5	1	ram	4:1374	prefixus+semantics+classfreq
ram	abhi-			1	abhiram		prefixus
ram	anu-			1	anuram		prefixus
ram	ava-			1	avaram		prefixus
ram	ni-			1	niram		prefixus
ram	samā-			1	samāram		prefixus
ram	saṃ-			1	saṃram		prefixus
ram	upa-			1	uparam		prefixus
ram	vi-			1	viram		prefixus
ram	vyupa-			1	vyuparam		prefixus
ram	ā-			1	āram		prefixus
ramay				1	ramay	10:117	prefixus+classfreq
ramay	abhi-			1	abhiramay		prefixus
ramay	ni-			1	niramay		prefixus
ramay	vi-			1	viramay		prefixus
rambhay	ā-			1	ārambhay		prefixus
ran						1:34	classfreq
randhay						10:37	classfreq
rap						1:7	classfreq
rapś						1:5	classfreq
ras				1	ras	1:42	prefixus+classfreq
ras	abhini-			1	abhiniras		prefixus
ras	ni-			1	niras		prefixus
ras	saṃni-			1	saṃniras		prefixus
ras	āvi-			1	āviras		prefixus
rasībhū				1	rasībhū	1:5	prefixus+classfreq
rasīkṛ						8:2	classfreq
rasīkṛ	sama-			1	samarasīkṛ		prefixus
rasīkṛ	vi-			1	virasīkṛ		prefixus
rathīkṛ	vi-			1	virathīkṛ		prefixus
ravasṛj	ni-			1	niravasṛj		prefixus
rañj		attach	1	1	rañj	6:174	prefixus+semantics+classfreq
rañj	abhi-			1	abhirañj		prefixus
rañj	abhisaṃ-			1	abhisaṃrañj		prefixus
rañj	anu-			1	anurañj		prefixus
rañj	pravi-			1	pravirañj		prefixus
rañj	saṃ-			1	saṃrañj		prefixus
rañj	upa-			1	uparañj		prefixus
rañj	vi-			1	virañj		prefixus
rañj	ā-			1	ārañj		prefixus
rañjay				1	rañjay	10:303	prefixus+classfreq
rañjay	abhi-			1	abhirañjay		prefixus
rañjay	anu-			1	anurañjay		prefixus
rañjay	prati-			1	pratirañjay		prefixus
rañjay	saṃ-			1	saṃrañjay		prefixus
rañjay	upa-			1	uparañjay		prefixus
rañjay	vi-			1	virañjay		prefixus
raṁh						1:10	classfreq
raṁhay						10:3	classfreq
raṇ				1	raṇ	1:23	prefixus+classfreq
raṇay						10:13	classfreq
raṭ				1	raṭ	1:9	prefixus+classfreq
raṭ	ā-			1	āraṭ		prefixus
rbandh	ni-			1	nirbandh		prefixus
rbandh	vini-			1	vinirbandh		prefixus
rbhaj	ni-			1	nirbhaj		prefixus
rbharts	abhini-			1	abhinirbharts		prefixus
rbharts	vini-			1	vinirbharts		prefixus
rbhartsay	ni-			1	nirbhartsay		prefixus
rbhañj	vini-			1	vinirbhañj		prefixus
rbhid	ni-			1	nirbhid		prefixus
rbhid	vini-			1	vinirbhid		prefixus
rbhrāmay	vini-			1	vinirbhrāmay		prefixus
rbhuj	ni-			1	nirbhuj		prefixus
rbhuj	vini-			1	vinirbhuj		prefixus
rbhā	ni-			1	nirbhā		prefixus
rbhā	vini-			1	vinirbhā		prefixus
rbhājay	ni-			1	nirbhājay		prefixus
rbhāsay	ni-			1	nirbhāsay		prefixus
rbhāvay	āvi-			1	āvirbhāvay		prefixus
rbhū	āvi-			1	āvirbhū		prefixus
rc	prā-			1	prārc		prefixus
rcay	a-			1	arcay		prefixus
rcay	abhya-			1	abhyarcay		prefixus
rcay	pratya-			1	pratyarcay		prefixus
rcay	sama-			1	samarcay		prefixus
rcay	samabhya-			1	samabhyarcay		prefixus
rdah	ni-			1	nirdah		prefixus
rdah	vini-			1	vinirdah		prefixus
rday	a-			1	arday		prefixus
rday	abhya-			1	abhyarday		prefixus
rday	pratya-			1	pratyarday		prefixus
rday	sama-			1	samarday		prefixus
rdayībhū	ni-			1	nirdayībhū		prefixus
rdaṃś	ni-			1	nirdaṃś		prefixus
rdham	ni-			1	nirdham		prefixus
rdham	vini-			1	vinirdham		prefixus
rdhanīkṛ	ni-			1	nirdhanīkṛ		prefixus
rdhay	a-			1	ardhay		prefixus
rdhay	sama-			1	samardhay		prefixus
rdhyā	ni-			1	nirdhyā		prefixus
rdhāray	ni-			1	nirdhāray		prefixus
rdhāv	ni-			1	nirdhāv		prefixus
rdhū	ni-			1	nirdhū		prefixus
rdhū	pravini-			1	pravinirdhū		prefixus
rdhū	vini-			1	vinirdhū		prefixus
rdih	ni-			1	nirdih		prefixus
rdiś	abhini-			1	abhinirdiś		prefixus
rdiś	ni-			1	nirdiś		prefixus
rdiś	pratini-			1	pratinirdiś		prefixus
rdiś	upani-			1	upanirdiś		prefixus
rdiś	vini-			1	vinirdiś		prefixus
rdrīkṛ	ā-			1	ārdrīkṛ		prefixus
rduh	ni-			1	nirduh		prefixus
rdāray	ni-			1	nirdāray		prefixus
recay				1	recay	10:81	prefixus+classfreq
recay	ati-			1	atirecay		prefixus
recay	ativi-			1	ativirecay		prefixus
recay	vi-			1	virecay		prefixus
rej						1:34	classfreq
rejay						10:5	classfreq
reṣay						10:3	classfreq
rgam	abhini-			1	abhinirgam		prefixus
rgam	ni-			1	nirgam		prefixus
rgam	vini-			1	vinirgam		prefixus
rgamay	ni-			1	nirgamay		prefixus
rghātay	ni-			1	nirghātay		prefixus
rghṛṣ	ni-			1	nirghṛṣ		prefixus
rgrah	ni-			1	nirgrah		prefixus
rguh	ni-			1	nirguh		prefixus
rguṇīkṛ	ni-			1	nirguṇīkṛ		prefixus
rgā	ni-			1	nirgā		prefixus
rhan	ni-			1	nirhan		prefixus
rhan	vini-			1	vinirhan		prefixus
rhay	a-			1	arhay		prefixus
rhay	pratya-			1	pratyarhay		prefixus
rhāray	ni-			1	nirhāray		prefixus
rhṛ	abhini-			1	abhinirhṛ		prefixus
rhṛ	ni-			1	nirhṛ		prefixus
rhṛ	vini-			1	vinirhṛ		prefixus
ri						9:44	classfreq
ri	abhinir-			1	abhiniryā		prefixus
ri	ni-			1	niri		prefixus
ri	nir-			1	niryā		prefixus
ri	pratinir-			1	pratiniryā		prefixus
ri	vinir-			1	viniryā		prefixus
ribh				1	ribh	1:23	prefixus+classfreq
ric		surpass	1	1	ric	7:128	prefixus+semantics+classfreq
ric	ati-			1	atiric		prefixus
ric	atyud-			1	atyudric		prefixus
ric	ud-			1	udric		prefixus
ric	vi-			1	viric		prefixus
ric	vyati-			1	vyatiric		prefixus
rih						2:33	classfreq
riktīkṛ						8:2	classfreq
rinidhā	upa-			1	uparinidhā		prefixus
rip						6:2	classfreq
riph						6:1	classfreq
riñc						6:7	classfreq
riś						6:2	classfreq
riṅg						6:1	classfreq
riṣ				1	riṣ	1:137	prefixus+classfreq
riṣ	vi-			1	viriṣ		prefixus
rjan	ni-			1	nirjan		prefixus
rjay	a-			1	arjay		prefixus
rjay	abhisa-			1	abhisarjay		prefixus
rjay	sa-			1	sarjay		prefixus
rjay	sama-			1	samarjay		prefixus
rjay	samā-			1	samārjay		prefixus
rjay	saṃsa-			1	saṃsarjay		prefixus
rjay	visa-			1	visarjay		prefixus
rji	abhini-			1	abhinirji		prefixus
rji	ni-			1	nirji		prefixus
rji	pratini-			1	pratinirji		prefixus
rji	vini-			1	vinirji		prefixus
rjval	ni-			1	nirjval		prefixus
rjñā	ni-			1	nirjñā		prefixus
rjṛ	ni-			1	nirjṛ		prefixus
rlajjay	ni-			1	nirlajjay		prefixus
rlikh	ni-			1	nirlikh		prefixus
rlikh	vini-			1	vinirlikh		prefixus
rlip	ni-			1	nirlip		prefixus
rmajj	ni-			1	nirmajj		prefixus
rmajj	vini-			1	vinirmajj		prefixus
rmalībhū	ni-			1	nirmalībhū		prefixus
rmalīkṛ	ni-			1	nirmalīkṛ		prefixus
rmath	ni-			1	nirmath		prefixus
rmathay	vini-			1	vinirmathay		prefixus
rmi	ni-			1	nirmi		prefixus
rmohay	ni-			1	nirmohay		prefixus
rmuc	abhini-			1	abhinirmuc		prefixus
rmuc	ni-			1	nirmuc		prefixus
rmuc	vini-			1	vinirmuc		prefixus
rmā	abhini-			1	abhinirmā		prefixus
rmā	ni-			1	nirmā		prefixus
rmā	parini-			1	parinirmā		prefixus
rmā	vini-			1	vinirmā		prefixus
rmāpay	ni-			1	nirmāpay		prefixus
rmārjay	ni-			1	nirmārjay		prefixus
rmūlay	ni-			1	nirmūlay		prefixus
rmṛj	ni-			1	nirmṛj		prefixus
rnāday	ni-			1	nirnāday		prefixus
rocay				1	rocay	10:151	prefixus+classfreq
rocay	abhi-			1	abhirocay		prefixus
rocay	anu-			1	anurocay		prefixus
rocay	ati-			1	atirocay		prefixus
rocay	saṃ-			1	saṃrocay		prefixus
roday				1	roday	10:8	prefixus+classfreq
rodhay				1	rodhay	10:45	prefixus+classfreq
rodhay	ava-			1	avarodhay		prefixus
rodhay	ni-			1	nirodhay		prefixus
rodhay	pra-			1	prarodhay		prefixus
rodhay	saṃni-			1	saṃnirodhay		prefixus
rodhay	upa-			1	uparodhay		prefixus
rodhay	vi-			1	virodhay		prefixus
rodhay	ā-			1	ārodhay		prefixus
rohay				1	rohay	10:15	prefixus+classfreq
rohay	upa-			1	uparohay		prefixus
rohay	ā-			1	ārohay		prefixus
ropay				1	ropay	10:38	prefixus+classfreq
ropay	adhi-			1	adhiropay		prefixus
ropay	adhyā-			1	adhyāropay		prefixus
ropay	ati-			1	atiropay		prefixus
ropay	ava-			1	avaropay		prefixus
ropay	pratyava-			1	pratyavaropay		prefixus
ropay	samā-			1	samāropay		prefixus
ropay	saṃ-			1	saṃropay		prefixus
ropay	upa-			1	uparopay		prefixus
ropay	vi-			1	viropay		prefixus
ropay	vyapa-			1	vyaparopay		prefixus
ropay	vyava-			1	vyavaropay		prefixus
ropay	ā-			1	āropay		prefixus
roṣay				1	roṣay	10:29	prefixus+classfreq
roṣay	saṃ-			1	saṃroṣay		prefixus
rpay	a-			1	arpay		prefixus
rpay	apasa-			1	apasarpay		prefixus
rpay	atisa-			1	atisarpay		prefixus
rpay	niḥsa-			1	niḥsarpay		prefixus
rpay	parisa-			1	parisarpay		prefixus
rpay	prasa-			1	prasarpay		prefixus
rpay	pratya-			1	pratyarpay		prefixus
rpay	pratyapasa-			1	pratyapasarpay		prefixus
rpay	prā-			1	prārpay		prefixus
rpay	sa-			1	sarpay		prefixus
rpay	sama-			1	samarpay		prefixus
rpay	saṃsa-			1	saṃsarpay		prefixus
rpay	upasa-			1	upasarpay		prefixus
rpay	visa-			1	visarpay		prefixus
rthībhū	sama-			1	samarthībhū		prefixus
rthīkṛ	vya-			1	vyarthīkṛ		prefixus
ru				1	ru	1:5|2:66	prefixus+classfreq
ru	abhi-			1	abhiru		prefixus
ru	nir-			1	nirvā		prefixus
ru	nis-			1	nisru		prefixus
ru	parinir-			1	parinirvā		prefixus
ru	saṃ-			1	saṃru		prefixus
ru	saṃnir-			1	saṃnirvā		prefixus
ru	vi-			1	viru		prefixus
ru	vinis-			1	vinisru		prefixus
ruc				1	ruc	1:387	prefixus+classfreq
ruc	abhi-			1	abhiruc		prefixus
ruc	abhivi-			1	abhiviruc		prefixus
ruc	ati-			1	atiruc		prefixus
ruc	nir-			1	nirvac		prefixus
ruc	sampra-			1	sampraruc		prefixus
ruc	saṃ-			1	saṃruc		prefixus
ruc	saṃnir-			1	saṃnirvac		prefixus
ruc	vi-			1	viruc		prefixus
rucay						10:1	classfreq
rud				1	rud	1:571	prefixus+classfreq
rud	abhi-			1	abhirud		prefixus
rud	anu-			1	anurud		prefixus
rud	ava-			1	avarud		prefixus
rud	nir-			1	nirvad		prefixus
rud	pra-			1	prarud		prefixus
rud	vi-			1	virud		prefixus
rudh		stop	2	1	rudh	1:2|6:838	prefixus+semantics+classfreq
rudh	abhisaṃ-			1	abhisaṃrudh		prefixus
rudh	anu-			1	anurudh		prefixus
rudh	apa-			1	aparudh		prefixus
rudh	atisaṃ-			1	atisaṃrudh		prefixus
rudh	ava-			1	avarudh		prefixus
rudh	ni-	confine		1	nirudh		prefixus+semantics
rudh	pari-			1	parirudh		prefixus
rudh	pra-			1	prarudh		prefixus
rudh	prati-			1	pratirudh		prefixus
rudh	pratisaṃ-			1	pratisaṃrudh		prefixus
rudh	samanu-			1	samanurudh		prefixus
rudh	saṃ-			1	saṃrudh		prefixus
rudh	saṃni-			1	saṃnirudh		prefixus
rudh	upa-			1	uparudh		prefixus
rudh	vi-			1	virudh		prefixus
rudh	vini-			1	vinirudh		prefixus
rudh	ā-			1	ārudh		prefixus
rudvāsay	ni-			1	nirudvāsay		prefixus
ruh				1	ruh	6:308	prefixus+classfreq
ruh	abhi-			1	abhiruh		prefixus
ruh	abhipra-			1	abhipraruh		prefixus
ruh	adhi-			1	adhiruh		prefixus
ruh	adhyā-			1	adhyāruh		prefixus
ruh	anu-			1	anuruh		prefixus
ruh	anvava-			1	anvavaruh		prefixus
ruh	anvā-			1	anvāruh		prefixus
ruh	ati-			1	atiruh		prefixus
ruh	ava-			1	avaruh		prefixus
ruh	ni-			1	niruh		prefixus
ruh	nir-			1	nirvah		prefixus
ruh	pra-			1	praruh		prefixus
ruh	prati-			1	pratiruh		prefixus
ruh	prativi-			1	prativiruh		prefixus
ruh	samadhi-			1	samadhiruh		prefixus
ruh	samā-			1	samāruh		prefixus
ruh	saṃ-			1	saṃruh		prefixus
ruh	upa-			1	uparuh		prefixus
ruh	upasaṃ-			1	upasaṃruh		prefixus
ruh	vi-			1	viruh		prefixus
ruh	vyati-			1	vyatiruh		prefixus
ruh	ā-			1	āruh		prefixus
ruj				1	ruj	6:114	prefixus+classfreq
ruj	ava-			1	avaruj		prefixus
ruj	pra-			1	praruj		prefixus
ruj	samā-			1	samāruj		prefixus
ruj	saṃ-			1	saṃruj		prefixus
ruj	vi-			1	viruj		prefixus
ruj	ā-			1	āruj		prefixus
rundhay				1	rundhay	10:6	prefixus+classfreq
rundhay	ni-			1	nirundhay		prefixus
rup						6:4	classfreq
rup	nir-			1	nirvap		prefixus
rup	pratinir-			1	pratinirvap		prefixus
rutsic	ni-			1	nirutsic		prefixus
ruttarīkṛ	ni-			1	niruttarīkṛ		prefixus
ruṣ				1	ruṣ	6:89	prefixus+classfreq
ruṣ	saṃpra-			1	saṃpraruṣ		prefixus
rvam	ni-			1	nirvam		prefixus
rvartay	abhini-			1	abhinirvartay		prefixus
rvartay	ni-			1	nirvartay		prefixus
rvartay	upani-			1	upanirvartay		prefixus
rvas	ni-			1	nirvas		prefixus
rveday	ni-			1	nirveday		prefixus
rveśay	ni-			1	nirveśay		prefixus
rvibhuj	ni-			1	nirvibhuj		prefixus
rvibhāsay	ni-			1	nirvibhāsay		prefixus
rvid	ni-			1	nirvid		prefixus
rvikram	ni-			1	nirvikram		prefixus
rvivah	ni-			1	nirvivah		prefixus
rvivas	ni-			1	nirvivas		prefixus
rviś	ni-			1	nirviś		prefixus
rviṣayīkṛ	ni-			1	nirviṣayīkṛ		prefixus
rviṣībhū	ni-			1	nirviṣībhū		prefixus
rvyadh	ni-			1	nirvyadh		prefixus
rvyādhīkṛ	ni-			1	nirvyādhīkṛ		prefixus
rvācay	ni-			1	nirvācay		prefixus
rvāhay	ni-			1	nirvāhay		prefixus
rvāpay	ni-			1	nirvāpay		prefixus
rvāsay	ni-			1	nirvāsay		prefixus
rvṛ	ni-			1	nirvṛ		prefixus
rvṛ	parini-			1	parinirvṛ		prefixus
rvṛ	vini-			1	vinirvṛ		prefixus
rvṛt	abhini-			1	abhinirvṛt		prefixus
rvṛt	ni-			1	nirvṛt		prefixus
rvṛt	vini-			1	vinirvṛt		prefixus
ryāpay	ni-			1	niryāpay		prefixus
ryātay	ni-			1	niryātay		prefixus
rā				1	rā	3:156|4:3	prefixus+classfreq
rācakṣ	ni-			1	nirācakṣ		prefixus
rācam	ni-			1	nirācam		prefixus
rādh				1	rādh	5:99	prefixus+classfreq
rādh	apa-			1	aparādh		prefixus
rādh	prati-			1	pratirādh		prefixus
rādh	vi-			1	virādh		prefixus
rādhay				1	rādhay	10:7	prefixus+classfreq
rādhay	abhi-			1	abhirādhay		prefixus
rādhay	samā-			1	samārādhay		prefixus
rādhay	saṃ-			1	saṃrādhay		prefixus
rādhay	ā-			1	ārādhay		prefixus
rādiś	ni-			1	nirādiś		prefixus
rādā	ni-			1	nirādā		prefixus
rāhay				1	rāhay	10:2	prefixus+classfreq
rāj				1	rāj	2:350	prefixus+classfreq
rāj	abhivi-			1	abhivirāj		prefixus
rāj	ati-			1	atirāj		prefixus
rāj	ativi-			1	ativirāj		prefixus
rāj	vi-			1	virāj		prefixus
rājay						10:1	classfreq
rājay	vi-			1	virājay		prefixus
rākram	ni-			1	nirākram		prefixus
rākṛ	ni-			1	nirākṛ		prefixus
rākṣasībhū						1:1	classfreq
rālambanīkṛ	ni-			1	nirālambanīkṛ		prefixus
rāmay				1	rāmay	10:5	prefixus+classfreq
rāmay	abhi-			1	abhirāmay		prefixus
rāvay				1	rāvay	10:2	prefixus+classfreq
rāvay	nis-			1	nisrāvay		prefixus
rāvay	vi-			1	virāvay		prefixus
rāśaṅk	ni-			1	nirāśaṅk		prefixus
rāśībhū				1	rāśībhū	1:1	prefixus+classfreq
rāśīkṛ				1	rāśīkṛ	8:1	prefixus+classfreq
rīkṣ	ni-			1	nirīkṣ		prefixus
rīkṣ	saṃni-			1	saṃnirīkṣ		prefixus
rīkṣay	ni-			1	nirīkṣay		prefixus
rūh	ni-			1	nirūh		prefixus
rūhay	ni-			1	nirūhay		prefixus
rūkṣībhū	vi-			1	virūkṣībhū		prefixus
rṇam	ni-			1	nirṇam		prefixus
rṇij	ni-			1	nirṇij		prefixus
rṇij	parini-			1	parinirṇij		prefixus
rṇud	abhini-			1	abhinirṇud		prefixus
rṇud	ni-			1	nirṇud		prefixus
rṇāśay	ni-			1	nirṇāśay		prefixus
rṇī	ni-			1	nirṇī		prefixus
rṇī	vini-			1	vinirṇī		prefixus
s	apā-			1	apās		prefixus
s	parā-			1	parās		prefixus
s	prā-			1	prās		prefixus
s	vyapā-			1	vyapās		prefixus
sac						1:200	classfreq
sad		sit down	9	1	sad	6:535	prefixus+semantics+classfreq
sad	abhipra-			1	abhiprasad		prefixus
sad	anupra-			1	anuprasad		prefixus
sad	atipra-			1	atiprasad		prefixus
sad	ava-			1	avasad		prefixus
sad	paryupa-			1	paryupasad		prefixus
sad	pra-	satisfy		1	prasad		prefixus+semantics
sad	pratyava-			1	pratyavasad		prefixus
sad	pratyā-			1	pratyāsad		prefixus
sad	sampra-			1	samprasad		prefixus
sad	samupa-			1	samupasad		prefixus
sad	samā-			1	samāsad		prefixus
sad	saṃ-			1	saṃsad		prefixus
sad	supra-			1	suprasad		prefixus
sad	upa-			1	upasad		prefixus
sad	ut-	decline					semantics
sad	vipra-			1	viprasad		prefixus
sad	vyava-			1	vyavasad		prefixus
sad	ā-	attain		1	āsad		prefixus+semantics
sadṛśībhū						1:1	classfreq
sagh						5:2	classfreq
sah		tolerate	2	1	sah	1:534	prefixus+semantics+classfreq
sah	anu-			1	anusah		prefixus
sah	pra-			1	prasah		prefixus
sah	prati-			1	pratisah		prefixus
sah	pratisaṃ-			1	pratisaṃsah		prefixus
sah	sampra-			1	samprasah		prefixus
sah	saṃ-			1	saṃsah		prefixus
sai	abhis-			1	abhisami		prefixus
sai	s-			1	sami		prefixus
sai	vyatis-			1	vyatisami		prefixus
sajjay						10:12	classfreq
sajjībhū						1:15	classfreq
sajjīkṛ						8:26	classfreq
sakalīkṛ						8:3	classfreq
samabhibhāṣ						1:5	classfreq
samabhidhyā						4:3	classfreq
samabhidhā						3:14	classfreq
samabhidhāv						1:14	classfreq
samabhidru						1:53	classfreq
samabhigam						1:5	classfreq
samabhigā						3:5	classfreq
samabhihan						4:2	classfreq
samabhiharṣay						10:1	classfreq
samabhihṛ						1:1	classfreq
samabhijan						4:1	classfreq
samabhijñā						9:3	classfreq
samabhikram						1:7	classfreq
samabhikrudh						4:3	classfreq
samabhikāṇkṣ						1:1	classfreq
samabhilaṣ						1:19	classfreq
samabhinand						1:1	classfreq
samabhipad						4:9	classfreq
samabhiplu						1:12	classfreq
samabhipradru						1:1	classfreq
samabhipraśaṁs						2:1	classfreq
samabhipre						2:2	classfreq
samabhiprekṣ						1:2	classfreq
samabhipīḍay						10:1	classfreq
samabhipūjay						10:6	classfreq
samabhipūray						10:3	classfreq
samabhiruh						1:1	classfreq
samabhisaṁdhā						3:2	classfreq
samabhispṛś						6:1	classfreq
samabhisṛ						3:2	classfreq
samabhisṛp						1:1	classfreq
samabhityaj						1:12	classfreq
samabhivardhay						10:2	classfreq
samabhivyāhṛ						1:1	classfreq
samabhivyāp						5:1	classfreq
samabhivāday						10:3	classfreq
samabhivāhay						10:1	classfreq
samabhivāñch						1:1	classfreq
samabhivṛt						1:13	classfreq
samabhiyā						2:40	classfreq
samabhiṣecay						10:1	classfreq
samabhiṣic						6:1	classfreq
samabhiṣṭu						2:2	classfreq
samabhyarcay						10:82	classfreq
samabhyas						1:40	classfreq
samabhyatikram						1:1	classfreq
samabhyañj						7:2	classfreq
samabhye						2:53	classfreq
samabhyuddhṛ						2:1	classfreq
samabhyudyam						6:1	classfreq
samabhyudīr						2:1	classfreq
samabhyukṣ						6:4	classfreq
samabhyādā						4:1	classfreq
samabhyāgam						1:3	classfreq
samabhyāgā						3:4	classfreq
samabhyāruh						6:1	classfreq
samabhyāyā						2:9	classfreq
samabhyūh						1:1	classfreq
samabhī						2:6	classfreq
samadhigam						1:26	classfreq
samadhiniṣṭhā						1:1	classfreq
samadhiruh						1:4	classfreq
samadhisṛp						1:1	classfreq
samadhiśri						1:2	classfreq
samadhiśī						2:2	classfreq
samadhiṣṭhā						1:9	classfreq
samadhyas						2:1	classfreq
samadhyās						2:3	classfreq
samadhī						2:4	classfreq
samaj						1:2	classfreq
samalaṁkṛ						8:143	classfreq
samanubandh						9:9	classfreq
samanubhuj						7:1	classfreq
samanubhū						1:2	classfreq
samanucintay						10:5	classfreq
samanudhyā						4:2	classfreq
samanudhāv						1:1	classfreq
samanudiś						6:1	classfreq
samanudru						1:1	classfreq
samanugam						1:22	classfreq
samanugā						3:1|4:1	classfreq
samanujñā						9:50	classfreq
samanujñāpay						10:23	classfreq
samanukalpay						10:1	classfreq
samanukram						1:1	classfreq
samanukīrtay						10:2	classfreq
samanukṛṣ						6:1	classfreq
samanuman						4:2	classfreq
samanumṛj						6:1	classfreq
samanuparigrah						9:2	classfreq
samanupaś						4:54	classfreq
samanupracch						6:3	classfreq
samanupraveśay						10:1	classfreq
samanupraviś						6:1	classfreq
samanuprāp						5:73	classfreq
samanupālay						10:2	classfreq
samanurakṣ						4:2	classfreq
samanurudh						7:1	classfreq
samanusmṛ						1:10	classfreq
samanusthā						1:4	classfreq
samanusṛ						3:2	classfreq
samanutap						1:2	classfreq
samanuveday						10:1	classfreq
samanuviś						6:1	classfreq
samanuvraj						1:5	classfreq
samanuvṛt						1:11	classfreq
samanuyuj						7:1	classfreq
samanuyā						2:6	classfreq
samanuśobhay						10:1	classfreq
samanuśuc						1:2	classfreq
samanuśās						1:22	classfreq
samanuśī						2:1	classfreq
samanveṣay						10:1	classfreq
samanvi						2:1	classfreq
samanviṣ						1:15	classfreq
samanvāgam						6:124	classfreq
samanvāhṛ						2:53	classfreq
samanvārabh						1:8	classfreq
samapadhyā						4:1	classfreq
samapahā						3:1	classfreq
samapanud						6:1	classfreq
samapavah						4:1	classfreq
samapavarjay						10:1	classfreq
samarasīkṛ						8:2	classfreq
samarc						1:4	classfreq
samarcay						10:60	classfreq
samarday						10:23	classfreq
samardhay						10:50	classfreq
samarjay						10:7	classfreq
samarpay						10:209	classfreq
samarthībhū						1:2	classfreq
samas						2:4|4:15	classfreq
samaskṛ						8:1	classfreq
samatikram						6:78	classfreq
samatiric						7:1	classfreq
samatisṛj						6:1	classfreq
samativṛt						1:4	classfreq
samatiyā						2:2	classfreq
samatī						2:43	classfreq
samav						1:1	classfreq
samavabudh						4:2	classfreq
samavacchad						1:6	classfreq
samavacchāday						10:2	classfreq
samavado						6:4	classfreq
samavadru						1:2	classfreq
samavaguṇṭhay						10:1	classfreq
samavagāh						1:1	classfreq
samavahas						1:1	classfreq
samavahā						3:1	classfreq
samavajñā						9:1	classfreq
samavajṛ						4:1	classfreq
samavakṛ						6:27	classfreq
samavakṣip						6:1	classfreq
samavalamb						1:1	classfreq
samavalokay						10:5	classfreq
samavanam						1:1	classfreq
samavaninī						1:2	classfreq
samavanī						1:4	classfreq
samavapīḍay						10:1	classfreq
samavaropay						10:1	classfreq
samavasad						2:1	classfreq
samavaskanday						10:1	classfreq
samavasthā						1:59	classfreq
samavasthāpay						10:6	classfreq
samavastṛ						5:7	classfreq
samavasā						6:1	classfreq
samavasṛ						3:5	classfreq
samavasṛj						6:9	classfreq
samavatāray						10:6	classfreq
samavatṛ						4:3	classfreq
samavaṣṭambh						9:3	classfreq
samave						2:123	classfreq
samavekṣ						1:55	classfreq
samavākṣip						6:1	classfreq
samavāp						5:87	classfreq
samavāyīkṛ						8:1	classfreq
samay						10:1	classfreq
samayīkṛ						8:1	classfreq
samañj						7:33	classfreq
samañjay						10:2	classfreq
samaś						5:50|9:30	classfreq
sambandh						9:130	classfreq
sambhaj						1:5	classfreq
sambhakṣ						1:9	classfreq
sambhañj						7:19	classfreq
sambhid						7:53	classfreq
sambhram						1:149	classfreq
sambhraṁś						1:1	classfreq
sambhuj						7:13	classfreq
sambhā						2:9	classfreq
sambhāvay						10:181	classfreq
sambhāṣ						1:108	classfreq
sambhū						1:1091	classfreq
sambhṛ						3:241	classfreq
sambodhay						10:26	classfreq
sambrū						2:1	classfreq
sambudh						4:82	classfreq
sambādh						9:2	classfreq
same						2:576	classfreq
samedh						1:15	classfreq
samedhay						10:4	classfreq
sami						2:167	classfreq
samindh						2:203	classfreq
samindhay						10:1	classfreq
samiṅgay						10:2	classfreq
samiṣ						6:2	classfreq
sammad						1:19	classfreq
samman						8:392	classfreq
sammath						9:3	classfreq
sammuc						6:1	classfreq
sammuh						4:56	classfreq
sammīl						1:2	classfreq
sammīlay						10:13	classfreq
sammūrch						1:43	classfreq
sammṛd						9:9	classfreq
sammṛj						6:56	classfreq
sammṛś						6:4	classfreq
sampad						4:1258	classfreq
samparigrah						9:5	classfreq
sampariharṣay						10:3	classfreq
samparikram						1:5	classfreq
samparikīrtay						10:9	classfreq
sampariplu						1:2	classfreq
samparipūjay						10:2	classfreq
samparirabh						1:1	classfreq
samparityaj						1:15	classfreq
samparivarjay						10:1	classfreq
samparivṛ						5:2	classfreq
samparivṛt						1:21	classfreq
sampariśri						1:3	classfreq
sampariṣvaj						1:38	classfreq
samparī						2:3	classfreq
sampat						1:103	classfreq
sampaṭh						1:2	classfreq
sampiṣ						6:82	classfreq
samplu						1:28	classfreq
sampothay						10:4	classfreq
samprabhā						2:1	classfreq
samprabhāṣ						1:5	classfreq
samprabudh						4:2	classfreq
samprabādh						1:1	classfreq
sampracakṣ						2:10	classfreq
sampracar						1:3	classfreq
sampracch						6:28	classfreq
sampraci						5:1	classfreq
sampracoday						10:3	classfreq
sampradah						1:3	classfreq
sampradharṣay						10:3	classfreq
sampradhāray						10:45	classfreq
sampradiś						6:8	classfreq
sampradru						1:32	classfreq
sampraduṣ						4:6	classfreq
sampradā						3:41	classfreq
sampradīpay						10:3	classfreq
sampradṛś						4:29	classfreq
sampraghṛṣ						1:1	classfreq
sampragrah						9:8	classfreq
sampragā						4:2	classfreq
sampragāh						1:2	classfreq
samprahas						1:4	classfreq
samprahā						3:3	classfreq
samprahṛ						1:10	classfreq
samprahṛṣ						6:80	classfreq
samprajan						4:31	classfreq
samprajval						1:7	classfreq
samprajñā						9:20	classfreq
samprakalpay						10:4	classfreq
samprakamp						1:3	classfreq
samprakram						6:4	classfreq
samprakās						1:15	classfreq
samprakṛ						8:4	classfreq
samprakṛṣ						1:3	classfreq
samprakṣip						6:3	classfreq
samprakṣubh						9:2	classfreq
sampralobhay						10:1	classfreq
sampralup						6:1	classfreq
sampralī						4:7	classfreq
sampramath						9:8	classfreq
sampramuc						6:6	classfreq
sampramuh						4:11	classfreq
sampramṛj						6:1	classfreq
samprapac						1:1	classfreq
samprapad						4:15	classfreq
samprapīḍay						10:2	classfreq
samprapūjay						10:2	classfreq
sampraruc						1:2	classfreq
samprasad						1:12	classfreq
samprasah						1:1	classfreq
samprasañj						1:6	classfreq
samprasic						6:1	classfreq
samprasru						1:6	classfreq
samprasthā						1:163	classfreq
samprasādhay						10:2	classfreq
samprasāray						10:5	classfreq
samprasū						4:22	classfreq
sampratibhā						2:2	classfreq
sampratibhāṣ						1:1	classfreq
sampratijñā						9:3	classfreq
sampratipad						4:13	classfreq
sampratipūjay						10:5	classfreq
sampratiṣidh						1:1	classfreq
sampratiṣṭhā						1:10	classfreq
sampratuṣ						4:1	classfreq
sampratāpay						10:3	classfreq
sampratī						2:4	classfreq
sampratīkṣ						1:8	classfreq
sampratīṣ						6:2	classfreq
sampravac						3:172	classfreq
sampravad						1:1	classfreq
sampravartay						10:22	classfreq
sampraveṣṭay						10:1	classfreq
sampravihṛ						1:1	classfreq
sampravip						1:2	classfreq
sampraviś						6:25	classfreq
sampravṛdh						1:10	classfreq
sampravṛt						1:103	classfreq
samprayam						6:65	classfreq
samprayudh						4:11	classfreq
samprayuj						7:88	classfreq
samprayā						2:25	classfreq
samprayāc						1:1	classfreq
sampraśās						2:1	classfreq
sampraṇad						1:2	classfreq
sampraṇam						1:3	classfreq
sampraṇidhā						3:1	classfreq
sampraṇud						6:5	classfreq
sampraṇī						1:5	classfreq
sampre						2:5	classfreq
samprekṣ						4:199	classfreq
samprokṣ						6:11	classfreq
samprādru						1:1	classfreq
samprāp						5:761	classfreq
samprāś						9:9	classfreq
samprī						9:16	classfreq
sampuṣ						4:4	classfreq
sampā						1:8	classfreq
sampāday						10:150	classfreq
sampālay						10:2	classfreq
sampāray						10:1	classfreq
sampīḍay						10:56	classfreq
sampū						9:2	classfreq
sampūjay						10:493	classfreq
sampūray						10:35	classfreq
sampṛ						3:304	classfreq
sampṛc						7:38	classfreq
samubh						9:2	classfreq
samubj						6:3	classfreq
samuccal						1:1	classfreq
samuccar						1:17	classfreq
samucchad						1:1	classfreq
samucchal						1:3	classfreq
samucchid						7:25	classfreq
samucchri						1:59	classfreq
samucchvas						2:4	classfreq
samucchvi						1:1	classfreq
samucchvāsay						10:1	classfreq
samucci						5:9	classfreq
samuccāray						10:28	classfreq
samudañcay						10:1	classfreq
samudbandh						9:1	classfreq
samudbhid						7:2	classfreq
samudbhram						1:14	classfreq
samudbhramay						10:1	classfreq
samudbhā						2:1	classfreq
samudbhū						1:132	classfreq
samuddhan						4:14	classfreq
samuddhvaṁs						1:1	classfreq
samuddhā						3:1	classfreq
samuddhū						5:24	classfreq
samuddhṛ						1:2|2:438	classfreq
samuddiś						6:113	classfreq
samuddīp						4:1	classfreq
samuddīpay						10:1	classfreq
samudgam						1:28	classfreq
samudghuṣ						1:2	classfreq
samudghāṭay						10:1	classfreq
samudgranth						9:1	classfreq
samudgṛ						9:6	classfreq
samudi						2:94	classfreq
samudric						7:1	classfreq
samudvah						1:15	classfreq
samudvam						2:2	classfreq
samudvij						6:17	classfreq
samudvīkṣ						1:8	classfreq
samudvṛh						6:1	classfreq
samudvṛt						1:1	classfreq
samudyam						1:116	classfreq
samudyojay						10:1	classfreq
samudyuj						7:9	classfreq
samudyā						2:3	classfreq
samudācar						1:6	classfreq
samudāgam						1:2	classfreq
samudāhṛ						1:94	classfreq
samudānī						1:66	classfreq
samudāvah						1:7	classfreq
samudīkṣ						1:41	classfreq
samudīr						2:21	classfreq
samudīray						10:45	classfreq
samudīṣ						1:4	classfreq
samujh						6:5	classfreq
samujjval						1:5	classfreq
samujjṛmbh						1:1	classfreq
samukṣ						6:37	classfreq
samukṣay						10:1	classfreq
samullas						1:7	classfreq
samullaṅghay						10:5	classfreq
samullikh						6:5	classfreq
samullāsay						10:2	classfreq
samund						7:1	classfreq
samunmath						9:3	classfreq
samunmiṣ						6:3	classfreq
samunmuc						6:2	classfreq
samunmā						3:2	classfreq
samunmīl						1:2	classfreq
samunmīlay						10:1	classfreq
samunmūlay						10:3	classfreq
samunnad						1:1	classfreq
samunnah						4:6	classfreq
samunnam						1:28	classfreq
samunnamay						10:2	classfreq
samunnāmay						10:1	classfreq
samunnī						1:8	classfreq
samupabhuj						7:3	classfreq
samupabṛhay						10:1	classfreq
samupaci						5:4	classfreq
samupadham						4:1	classfreq
samupadhāv						1:1	classfreq
samupadiś						6:8	classfreq
samupadru						1:51	classfreq
samupadṛś						4:1	classfreq
samupagam						1:2	classfreq
samupaghrā						3:1	classfreq
samupaguh						1:1	classfreq
samupahas						1:1	classfreq
samupahvā						4:4	classfreq
samupajan						4:15	classfreq
samupajanay						10:1	classfreq
samupajñā						9:1	classfreq
samupakalpay						10:4	classfreq
samupakram						1:26	classfreq
samupakﾱp						1:1	classfreq
samupalabh						1:12	classfreq
samupalakṣay						10:4	classfreq
samupanah						4:1	classfreq
samupanī						1:7	classfreq
samupapad						4:5	classfreq
samupapāday						10:1	classfreq
samuparudh						7:1	classfreq
samupasad						1:1	classfreq
samupasaṁkram						6:1	classfreq
samupasev						1:5	classfreq
samupaspṛs						6:14	classfreq
samupasthā						1:131	classfreq
samupasthāpay						10:3	classfreq
samupasṛ						3:1	classfreq
samupasṛp						1:5	classfreq
samupatap						1:2	classfreq
samupavah						1:5	classfreq
samupavas						1:13	classfreq
samupaveśay						10:1	classfreq
samupaviś						6:57	classfreq
samupavṛt						1:1	classfreq
samupayuj						7:2	classfreq
samupayā						2:9	classfreq
samupaśam						4:2	classfreq
samupaśru						5:1	classfreq
samupe						2:73	classfreq
samupekṣ						1:21	classfreq
samupācar						1:42	classfreq
samupādā						3:8	classfreq
samupāgam						1:83	classfreq
samupāghrā						3:6	classfreq
samupāhṛ						2:16	classfreq
samupānī						1:13	classfreq
samupārabh						1:1	classfreq
samupārjay						10:8	classfreq
samupāruh						6:1	classfreq
samupās						1:20	classfreq
samupāsthā						1:3	classfreq
samupāvṛ						5:1	classfreq
samupāyuj						7:1	classfreq
samupāyā						2:5	classfreq
samupāś						5:9|9:1	classfreq
samupāśri						1:38	classfreq
samutkhan						1:1	classfreq
samutkleśay						10:1	classfreq
samutkliś						9:8	classfreq
samutkram						1:7	classfreq
samutkruś						1:1	classfreq
samutkvāthay						10:2	classfreq
samutkūlay						10:1	classfreq
samutkṛ						6:4	classfreq
samutkṛt						6:3	classfreq
samutkṛṣ						6:6	classfreq
samutkṣip						6:31	classfreq
samutpad						4:267	classfreq
samutpat						1:95	classfreq
samutpiṣ						7:1	classfreq
samutplu						1:5	classfreq
samutpāday						10:28	classfreq
samutpāray						10:1	classfreq
samutpātay						10:1	classfreq
samutpāṭay						10:17	classfreq
samutpīḍay						10:1	classfreq
samutsad						2:1	classfreq
samutsah						1:8	classfreq
samutsarpay						10:1	classfreq
samutsāday						10:2	classfreq
samutsāhay						10:2	classfreq
samutsāray						10:5	classfreq
samutsṛj						6:123	classfreq
samutsṛp						1:1	classfreq
samuttejay						10:54	classfreq
samutthā						1:316	classfreq
samutthāpay						10:31	classfreq
samuttras						1:1	classfreq
samuttāray						10:22	classfreq
samuttṛ						1:25	classfreq
samābandh						9:1	classfreq
samābhā						2:4	classfreq
samābhāṣ						1:21	classfreq
samābhū						1:1	classfreq
samābhṛ						3:1	classfreq
samācakṣ						2:32	classfreq
samācam						1:12	classfreq
samācar						1:462	classfreq
samācchid						7:4	classfreq
samācchāday						10:5	classfreq
samāchad						1:6	classfreq
samāci						5:47	classfreq
samādeśay						10:1	classfreq
samādham						1:3	classfreq
samādhyā						4:1	classfreq
samādhā						1:285	classfreq
samādhāv						1:2	classfreq
samādhū						9:10	classfreq
samādhṛṣ						5:1	classfreq
samādih						6:2	classfreq
samādis						6:126	classfreq
samādru						1:24	classfreq
samādā						3:280	classfreq
samādāpay						10:72	classfreq
samāgal						1:1	classfreq
samāgam						6:697	classfreq
samāgamay						10:1	classfreq
samāghaṭṭ						1:1	classfreq
samāghrā						3:10	classfreq
samāghuṣ						1:1	classfreq
samāgrah						9:3	classfreq
samāgā						3:4	classfreq
samāhan						4:81	classfreq
samāhvā						4:135	classfreq
samāhvāyay						10:1	classfreq
samāhṛ						2:214	classfreq
samājan						4:2	classfreq
samājñapay						10:8	classfreq
samājñā						9:26	classfreq
samājñāpay						10:13	classfreq
samākarṣay						10:1	classfreq
samākhyā						4:256	classfreq
samākram						1:35	classfreq
samākrand						1:2	classfreq
samākruś						1:2	classfreq
samākrīḍ						1:1	classfreq
samākuñc						6:5	classfreq
samākṛ						6:102|8:6	classfreq
samākṛṣ						6:36	classfreq
samākṣip						6:25	classfreq
samālabh						1:23	classfreq
samālag						1:1	classfreq
samālakṣay						10:17	classfreq
samālamb						1:18	classfreq
samālap						1:1	classfreq
samālikh						6:11	classfreq
samālip						6:5	classfreq
samāliṅg						1:1	classfreq
samāliṅgay						10:26	classfreq
samālocay						10:5	classfreq
samālokay						10:65	classfreq
samāloḍay						10:11	classfreq
samāmnā						1:12	classfreq
samānam						1:1	classfreq
samānāyay						10:14	classfreq
samānī						1:171	classfreq
samāp						5:246	classfreq
samāpad						4:70	classfreq
samāpat						1:32	classfreq
samāpay						10:38	classfreq
samāplu						1:8	classfreq
samāplāvay						10:2	classfreq
samāpothay						10:1	classfreq
samāpracch						6:1	classfreq
samāpyāyay						10:3	classfreq
samāpā						1:3	classfreq
samāpīḍay						10:1	classfreq
samāpūray						10:5	classfreq
samāpṛ						9:11	classfreq
samārabh						1:82	classfreq
samāram						1:1	classfreq
samārjay						10:6	classfreq
samāropay						10:52	classfreq
samāruh						6:166	classfreq
samāruj						6:1	classfreq
samārādhay						10:32	classfreq
samās						4:102	classfreq
samāsad						2:34	classfreq
samāsañj						1:37	classfreq
samāsev						1:2	classfreq
samāsic						6:5	classfreq
samāsphālay						10:1	classfreq
samāsthā						1:183	classfreq
samāsthāpay						10:1	classfreq
samāstṛ						9:17	classfreq
samāsup						2:1	classfreq
samāsāday						10:472	classfreq
samāsṛj						6:4	classfreq
samāvah						1:4	classfreq
samāvap						1:7	classfreq
samāvarjay						10:2	classfreq
samāvartay						10:44	classfreq
samāvas						1:5	classfreq
samāve						4:1	classfreq
samāveday						10:3	classfreq
samāveśay						10:14	classfreq
samāveṣṭay						10:3	classfreq
samāviś						6:232	classfreq
samāvraj						1:1	classfreq
samāvyadh						4:12	classfreq
samāvāhay						10:1	classfreq
samāvāp						5:1	classfreq
samāvāpay						10:8	classfreq
samāvāsay						10:2	classfreq
samāvṛ						5:231	classfreq
samāvṛt						3:47	classfreq
samāyam						1:4	classfreq
samāyas						4:1	classfreq
samāyat						1:12	classfreq
samāyojay						10:1	classfreq
samāyuj						7:341	classfreq
samāyā						2:140	classfreq
samāśliṣ						6:29	classfreq
samāśri						1:265	classfreq
samāśru						5:1	classfreq
samāśrāvay						10:1	classfreq
samāśvas						2:70	classfreq
samāśvāsay						10:108	classfreq
samībhū						1:3	classfreq
samīh						1:39	classfreq
samīj						1:1	classfreq
samīkṛ						8:34	classfreq
samīkṣ						1:311	classfreq
samīkṣay						10:4	classfreq
samīr						2:3	classfreq
samīray						10:93	classfreq
samīrṣy						1:1	classfreq
samīḍ						2:1	classfreq
samśoṣay						10:64	classfreq
samūh						1:8	classfreq
samūhay						10:1	classfreq
samṛch						1:18	classfreq
samṛddhīkṛ						8:1	classfreq
samṛdh						4:340	classfreq
san						8:129	classfreq
sanāthīkṛ						8:2	classfreq
sap						1:14	classfreq
sapatrākṛ						8:1	classfreq
saphalībhū						1:1	classfreq
saphalīkṛ						8:10	classfreq
saray						10:1	classfreq
sarj						1:2	classfreq
sarjay						10:1	classfreq
sarpay						10:4	classfreq
sas						2:23	classfreq
satkāray						10:1	classfreq
satkṛ						8:392	classfreq
say	abhyā-			1	abhyāsay		prefixus
say	nyā-			1	nyāsay		prefixus
say	saṃnyā-			1	saṃnyāsay		prefixus
say	upasaṃnyā-			1	upasaṃnyāsay		prefixus
say	ā-			1	āsay		prefixus
sayujīkṛ						8:1	classfreq
sañj		attach	4	1	sañj	1:364	prefixus+semantics+classfreq
sañj	ava-			1	avasañj		prefixus
sañj	pra-			1	prasañj		prefixus
sañj	sampra-			1	samprasañj		prefixus
sañj	samā-			1	samāsañj		prefixus
sañj	saṃ-			1	saṃsañj		prefixus
sañj	vyā-			1	vyāsañj		prefixus
sañj	ā-			1	āsañj		prefixus
sañjay						10:3	classfreq
saṁbandhay						10:1	classfreq
saṁbhakṣay						10:5	classfreq
saṁbharts						1:1	classfreq
saṁbhojay						10:7	classfreq
saṁbhrāmay						10:1	classfreq
saṁbhuj						6:2	classfreq
saṁbhāray						10:1	classfreq
saṁbhāṣay						10:17	classfreq
saṁbhūṣay						10:1	classfreq
saṁbṛṁhay						10:1	classfreq
saṁcakṣ						2:9	classfreq
saṁcal						1:18	classfreq
saṁcalay						10:1	classfreq
saṁcar						1:122	classfreq
saṁcarv						1:7	classfreq
saṁcetay						10:3	classfreq
saṁceṣṭ						1:2	classfreq
saṁchad						1:83	classfreq
saṁchanday						10:2	classfreq
saṁcheday						10:1	classfreq
saṁchid						7:59	classfreq
saṁchāday						10:55	classfreq
saṁci						5:114	classfreq
saṁcintay						10:243	classfreq
saṁcit						1:2	classfreq
saṁcoday						10:75	classfreq
saṁcud						1:5	classfreq
saṁcyāvay						10:1	classfreq
saṁcālay						10:8	classfreq
saṁcāray						10:31	classfreq
saṁcūṣ						1:1	classfreq
saṁdah						1:23	classfreq
saṁdarśay						10:107	classfreq
saṁdas						4:1	classfreq
saṁdaṁś						1:34	classfreq
saṁdehay						10:2	classfreq
saṁdham						1:4	classfreq
saṁdhukṣ						1:11	classfreq
saṁdhukṣay						10:21	classfreq
saṁdhyā						4:2	classfreq
saṁdhā						1:499	classfreq
saṁdhāray						10:45	classfreq
saṁdhāv						1:7	classfreq
saṁdhāvay						10:1	classfreq
saṁdhṛ						1:3	classfreq
saṁdih						2:65	classfreq
saṁdiś						6:105	classfreq
saṁdo						6:2	classfreq
saṁdru						1:3	classfreq
saṁdrāvay						10:3	classfreq
saṁduh						6:1	classfreq
saṁduṣ						4:11	classfreq
saṁdviṣ						6:1	classfreq
saṁdā						4:15|6:2	classfreq
saṁdāhay						10:3	classfreq
saṁdāpay						10:1	classfreq
saṁdāray						10:1	classfreq
saṁdīp						4:15	classfreq
saṁdīpay						10:12	classfreq
saṁdūṣay						10:16	classfreq
saṁdṛbh						6:3	classfreq
saṁdṛh						1:4	classfreq
saṁdṛś						4:143	classfreq
saṁgal						1:1	classfreq
saṁgam						6:395	classfreq
saṁgamay						10:8	classfreq
saṁgarh						1:1	classfreq
saṁgaṇay						10:1	classfreq
saṁgharṣay						10:1	classfreq
saṁghaṭ						1:2	classfreq
saṁghaṭay						10:4	classfreq
saṁghaṭṭ						1:1	classfreq
saṁghaṭṭay						10:9	classfreq
saṁghoṣay						10:2	classfreq
saṁghuṣ						1:42	classfreq
saṁghātay						10:2	classfreq
saṁghṛṣ						4:12	classfreq
saṁgopay						10:1	classfreq
saṁgrah						6:283	classfreq
saṁgranth						9:3	classfreq
saṁgras						1:1	classfreq
saṁgrāhay						10:10	classfreq
saṁguh						1:2	classfreq
saṁgup						1:6	classfreq
saṁgā						4:28	classfreq
saṁgāh						1:2	classfreq
saṁgālay						10:1	classfreq
saṁgṛ						9:12	classfreq
saṁgṛdh						4:1	classfreq
saṁhan						2:226	classfreq
saṁharṣay						10:18	classfreq
saṁhlāday						10:1	classfreq
saṁhā						3:12	classfreq
saṁhāray						10:4	classfreq
saṁhṛ						1:278	classfreq
saṁhṛṣ						1:223	classfreq
saṁjalp						1:11	classfreq
saṁjan						4:527	classfreq
saṁjanay						10:62	classfreq
saṁjap						1:8	classfreq
saṁji						1:14	classfreq
saṁjuṣ						6:1	classfreq
saṁjval						1:5	classfreq
saṁjvar						1:15	classfreq
saṁjvālay						10:2	classfreq
saṁjñapay						10:4	classfreq
saṁjñā						9:82	classfreq
saṁjñāpay						10:3	classfreq
saṁjīv						1:11	classfreq
saṁjīvay						10:50	classfreq
saṁjūrv						1:1	classfreq
saṁjṛ						4:4	classfreq
saṁkalay						10:4	classfreq
saṁkalpay						10:116	classfreq
saṁkalīkṛ						8:1	classfreq
saṁkamp						1:42	classfreq
saṁkampay						10:8	classfreq
saṁkan						4:1	classfreq
saṁkathay						10:11	classfreq
saṁketīkṛ						8:1	classfreq
saṁkhan						2:1	classfreq
saṁkhid						6:5	classfreq
saṁkhyā						2:132	classfreq
saṁkhyāpay						10:3	classfreq
saṁkleday						10:4	classfreq
saṁkleśay						10:2	classfreq
saṁklid						4:3	classfreq
saṁkliś						9:27	classfreq
saṁkocay						10:25	classfreq
saṁkram						6:73	classfreq
saṁkramay						10:4	classfreq
saṁkramīkṛ						8:1	classfreq
saṁkrand						1:1	classfreq
saṁkrudh						4:532	classfreq
saṁkruś						4:6	classfreq
saṁkrāmay						10:29	classfreq
saṁkrī						9:1	classfreq
saṁkrīḍ						1:17	classfreq
saṁkup						4:5	classfreq
saṁkuñc						6:66	classfreq
saṁkuñcay						10:1	classfreq
saṁkuṭ						4:3	classfreq
saṁkvāthay						10:6	classfreq
saṁkālay						10:5	classfreq
saṁkāray						10:6	classfreq
saṁkāsay						10:1	classfreq
saṁkāśay						10:1	classfreq
saṁkīrtay						10:40	classfreq
saṁkūrd						1:1	classfreq
saṁkṛ						6:142|8:8	classfreq
saṁkṛt						6:12	classfreq
saṁkṛṣ						6:6	classfreq
saṁkṣam						1:2	classfreq
saṁkṣap						1:1	classfreq
saṁkṣapay						10:2	classfreq
saṁkṣepay						10:1	classfreq
saṁkṣi						9:15	classfreq
saṁkṣip						6:150	classfreq
saṁkṣobhay						10:26	classfreq
saṁkṣoday						10:1	classfreq
saṁkṣubh						4:23	classfreq
saṁkṣud						1:12	classfreq
saṁkṣālay						10:6	classfreq
saṁkﾱp						1:18	classfreq
saṁlabh						1:2	classfreq
saṁlag						1:20	classfreq
saṁlajj						1:2	classfreq
saṁlakṣay						10:161	classfreq
saṁlap						1:7	classfreq
saṁlepay						10:6	classfreq
saṁlih						2:6	classfreq
saṁlikh						6:15	classfreq
saṁlip						6:30	classfreq
saṁlobhay						10:3	classfreq
saṁloḍay						10:10	classfreq
saṁlul						1:2	classfreq
saṁlup						6:1	classfreq
saṁlālay						10:2	classfreq
saṁlāpay						10:1	classfreq
saṁlī						4:33	classfreq
saṁmajj						1:2	classfreq
saṁmarday						10:175	classfreq
saṁmelay						10:3	classfreq
saṁmikṣ						1:1	classfreq
saṁmil						6:10	classfreq
saṁmocay						10:1	classfreq
saṁmoday						10:4	classfreq
saṁmohay						10:27	classfreq
saṁmud						1:3	classfreq
saṁmukhyas						2:1	classfreq
saṁmukhībhū						1:8	classfreq
saṁmukhīkṛ						8:1	classfreq
saṁmā						3:253	classfreq
saṁmāday						10:1	classfreq
saṁmānay						10:52	classfreq
saṁmārjay						10:18	classfreq
saṁmūrchay						10:2	classfreq
saṁmṛ						1:1	classfreq
saṁnah						4:157	classfreq
saṁnam						1:146	classfreq
saṁnamay						10:3	classfreq
saṁnard						1:1	classfreq
saṁnas						1:1	classfreq
saṁnaś						1:2	classfreq
saṁnibandh						9:3	classfreq
saṁnibudh						1:2	classfreq
saṁnici						5:2	classfreq
saṁnidhā						3:152	classfreq
saṁnidhāpay						10:6	classfreq
saṁnidhāray						10:1	classfreq
saṁnigam						1:1	classfreq
saṁnighṛṣ						1:1	classfreq
saṁnigrah						9:10	classfreq
saṁnihan						2:4	classfreq
saṁnikāśay						10:2	classfreq
saṁnikṛt						6:3	classfreq
saṁnikṛṣ						1:7	classfreq
saṁnikṣip						6:1	classfreq
saṁnilī						4:3	classfreq
saṁnimajj						1:2	classfreq
saṁnimīl						1:1	classfreq
saṁnipat						1:92	classfreq
saṁnipiṣ						1:1	classfreq
saṁnipātay						10:25	classfreq
saṁniras						4:2	classfreq
saṁnirmā						3:16	classfreq
saṁnirodhay						10:3	classfreq
saṁnirudh						7:41	classfreq
saṁnirvac						3:1	classfreq
saṁnirvap						1:3	classfreq
saṁnirvā						4:1	classfreq
saṁnirīkṣ						1:5	classfreq
saṁnisṛj						6:5	classfreq
saṁnivap						1:1	classfreq
saṁnivartay						10:18	classfreq
saṁnivas						1:5	classfreq
saṁniveday						10:8	classfreq
saṁniveśay						10:43	classfreq
saṁniviś						6:66	classfreq
saṁnivāray						10:24	classfreq
saṁnivṛt						1:73	classfreq
saṁniyam						1:30	classfreq
saṁniyojay						10:6	classfreq
saṁniyuj						7:6	classfreq
saṁniśri						1:3	classfreq
saṁniśāmay						10:4	classfreq
saṁniṣad						1:28	classfreq
saṁniṣev						1:3	classfreq
saṁniṣic						6:1	classfreq
saṁniṣūday						10:1	classfreq
saṁnyas						1:89	classfreq
saṁnyāsay						10:1	classfreq
saṁnāday						10:14	classfreq
saṁnāhay						10:6	classfreq
saṁnāmay						10:4	classfreq
saṁnī						1:27	classfreq
saṁnū						2:1	classfreq
saṁpac						4:3	classfreq
saṁpare						2:5	classfreq
saṁparibhāvay						10:1	classfreq
saṁparikṣip						6:2	classfreq
saṁparimarday						10:1	classfreq
saṁparimārjay						10:3	classfreq
saṁparipracch						6:1	classfreq
saṁparipṛ						9:4	classfreq
saṁparitap						4:1	classfreq
saṁparitoṣay						10:1	classfreq
saṁparivartay						10:3	classfreq
saṁpariveṣṭ						1:1	classfreq
saṁparivāray						10:21	classfreq
saṁparivījay						10:1	classfreq
saṁparākram						6:1	classfreq
saṁpaś						4:84	classfreq
saṁpeṣay						10:26	classfreq
saṁpidhā						3:1	classfreq
saṁpluṣ						1:1	classfreq
saṁplāvay						10:7	classfreq
saṁpoṣay						10:1	classfreq
saṁprabhañj						7:1	classfreq
saṁprabhāvay						10:3	classfreq
saṁpracal						1:6	classfreq
saṁpracchā						4:1	classfreq
saṁpracchāday						10:1	classfreq
saṁprachad						1:1	classfreq
saṁpracālay						10:1	classfreq
saṁpradarśay						10:18	classfreq
saṁpradhukṣay						10:1	classfreq
saṁpradhyā						4:1	classfreq
saṁpradhāv						1:5	classfreq
saṁpradhṛṣ						5:1	classfreq
saṁpradāpay						10:3	classfreq
saṁpradīp						4:20	classfreq
saṁpragalbh						1:1	classfreq
saṁpragarj						1:1	classfreq
saṁpragṛ						9:1	classfreq
saṁprahan						4:1	classfreq
saṁpraharṣay						10:65	classfreq
saṁprajvālay						10:2	classfreq
saṁprakruś						4:1	classfreq
saṁprakup						4:1	classfreq
saṁprakāśay						10:61	classfreq
saṁprakīrtay						10:29	classfreq
saṁprakṛ						6:5	classfreq
saṁprakṛt						6:1	classfreq
saṁpralepay						10:7	classfreq
saṁpramad						4:2	classfreq
saṁpramarday						10:4	classfreq
saṁpramocay						10:1	classfreq
saṁpramārjay						10:1	classfreq
saṁpramṛd						9:3	classfreq
saṁpranṛt						4:2	classfreq
saṁprapaś						4:1	classfreq
saṁprapeṣay						10:1	classfreq
saṁprapūray						10:1	classfreq
saṁpraran						4:1	classfreq
saṁpraruṣ						6:1	classfreq
saṁprasidh						4:2	classfreq
saṁprasthāpay						10:2	classfreq
saṁprasvap						2:4	classfreq
saṁprasāday						10:8	classfreq
saṁprasṛj						6:1	classfreq
saṁpratap						4:1	classfreq
saṁpratarpay						10:1	classfreq
saṁprath						1:1	classfreq
saṁpratibudh						4:1	classfreq
saṁpraticchad						1:1	classfreq
saṁpratikṛ						8:1	classfreq
saṁpratilakṣay						10:1	classfreq
saṁpratimuc						6:1	classfreq
saṁpratipaś						4:1	classfreq
saṁpratipāday						10:3	classfreq
saṁpratipṛ						9:1	classfreq
saṁpratisthāpay						10:1	classfreq
saṁpratiyā						2:1	classfreq
saṁpratiśrāvay						10:1	classfreq
saṁpratyah						1:1	classfreq
saṁpratyavasthā						1:1	classfreq
saṁpratyupasthā						1:1	classfreq
saṁpratyāgam						6:1	classfreq
saṁpratyāyay						10:1	classfreq
saṁpratāray						10:1	classfreq
saṁpravedh						1:1	classfreq
saṁpravedhay						10:1	classfreq
saṁpraveśay						10:4	classfreq
saṁpravigāh						1:1	classfreq
saṁpravyath						1:3	classfreq
saṁpravāday						10:5	classfreq
saṁpravāray						10:23	classfreq
saṁpravṛṣ						1:3	classfreq
saṁprayojay						10:15	classfreq
saṁpraśam						4:3	classfreq
saṁpraśaṁs						1:4	classfreq
saṁpraṇaś						4:4	classfreq
saṁpraṇāday						10:1	classfreq
saṁprendh						2:1	classfreq
saṁpreray						10:5	classfreq
saṁpreṣ						4:9	classfreq
saṁpreṣay						10:45	classfreq
saṁprodīray						10:1	classfreq
saṁprokṣay						10:19	classfreq
saṁprāh						1:2	classfreq
saṁprākruś						1:2	classfreq
saṁprāpay						10:1	classfreq
saṁprāśay						10:3	classfreq
saṁprīṇay						10:4	classfreq
saṁpuṭ						6:22	classfreq
saṁpuṭīkṛ						8:10	classfreq
saṁpācay						10:6	classfreq
saṁpātay						10:5	classfreq
saṁrabh						1:250	classfreq
saṁrakṣ						1:80	classfreq
saṁrakṣay						10:4	classfreq
saṁram						1:2	classfreq
saṁrañj						6:115	classfreq
saṁrañjay						10:3	classfreq
saṁrih						2:1	classfreq
saṁrocay						10:4	classfreq
saṁrohay						10:1	classfreq
saṁropay						10:1	classfreq
saṁroṣay						10:4	classfreq
saṁru						2:1	classfreq
saṁruc						1:1	classfreq
saṁrudh						7:77	classfreq
saṁruh						1:19	classfreq
saṁruj						6:1	classfreq
saṁrā						3:6	classfreq
saṁrādhay						10:10	classfreq
saṁrāj						1:2	classfreq
saṁsad						2:7	classfreq
saṁsah						1:8	classfreq
saṁsarjay						10:1	classfreq
saṁsarpay						10:1	classfreq
saṁsañj						1:146	classfreq
saṁsecay						10:1	classfreq
saṁsev						1:40	classfreq
saṁsic						6:38	classfreq
saṁsidh						4:126	classfreq
saṁskāray						10:13	classfreq
saṁskṛ						8:416	classfreq
saṁsmaray						10:1	classfreq
saṁsmi						1:2	classfreq
saṁsmāray						10:8	classfreq
saṁsmṛ						1:159	classfreq
saṁsnehay						10:7	classfreq
saṁsnā						2:5	classfreq
saṁsnāpay						10:13	classfreq
saṁspand						1:2	classfreq
saṁsparśay						10:1	classfreq
saṁsphoṭay						10:1	classfreq
saṁsphur						6:2	classfreq
saṁsphuṭ						6:1	classfreq
saṁsphālay						10:1	classfreq
saṁspṛh						10:1	classfreq
saṁspṛś						6:206	classfreq
saṁsru						1:12	classfreq
saṁsrāvay						10:6	classfreq
saṁstambh						9:26	classfreq
saṁstambhay						10:26	classfreq
saṁsthā						1:610	classfreq
saṁsthāpay						10:215	classfreq
saṁstu						5:138	classfreq
saṁstṛ						1:44	classfreq
saṁsu						5:3	classfreq
saṁsvad						1:1	classfreq
saṁsvaj						1:1	classfreq
saṁsvap						2:26	classfreq
saṁsvar						1:3	classfreq
saṁsveday						10:35	classfreq
saṁsvid						4:10	classfreq
saṁsāday						10:9	classfreq
saṁsādhay						10:33	classfreq
saṁsāray						10:17	classfreq
saṁsīv						4:13	classfreq
saṁsū						2:4	classfreq
saṁsṛ						1:69	classfreq
saṁsṛj						6:283	classfreq
saṁsṛp						1:10	classfreq
saṁtakṣ						2:3	classfreq
saṁtakṣay						10:1	classfreq
saṁtam						4:1	classfreq
saṁtan						8:109	classfreq
saṁtap						4:348	classfreq
saṁtaray						10:1	classfreq
saṁtarjay						10:8	classfreq
saṁtarpay						10:149	classfreq
saṁtejay						10:1	classfreq
saṁtolay						10:1	classfreq
saṁtoṣay						10:23	classfreq
saṁtras						4:85	classfreq
saṁtrā						4:1	classfreq
saṁtrāsay						10:6	classfreq
saṁtuṣ						4:134	classfreq
saṁtvar						1:19	classfreq
saṁtvaray						10:4	classfreq
saṁtyaj						1:210	classfreq
saṁtyājay						10:2	classfreq
saṁtānay						10:2	classfreq
saṁtāpay						10:63	classfreq
saṁtāray						10:22	classfreq
saṁtāḍay						10:16	classfreq
saṁtṛ						1:42	classfreq
saṁtṛd						7:2	classfreq
saṁtṛp						4:7	classfreq
saṁvac						3:7	classfreq
saṁvad						1:61	classfreq
saṁvah						1:22	classfreq
saṁvakṣ						6:1	classfreq
saṁval						1:8	classfreq
saṁvalg						1:1	classfreq
saṁvand						1:1	classfreq
saṁvap						1:2	classfreq
saṁvardhay						10:59	classfreq
saṁvarjay						10:4	classfreq
saṁvartay						10:26	classfreq
saṁvas						1:39|2:1	classfreq
saṁve						4:1	classfreq
saṁveday						10:12	classfreq
saṁvejay						10:2	classfreq
saṁvell						1:1	classfreq
saṁveśay						10:20	classfreq
saṁveṣṭ						1:7	classfreq
saṁveṣṭay						10:58	classfreq
saṁvibhaj						1:56	classfreq
saṁvibhā						2:1	classfreq
saṁvibhāvay						10:1	classfreq
saṁvicar						1:1	classfreq
saṁviceṣṭ						1:1	classfreq
saṁvicāray						10:1	classfreq
saṁvid						2:113|6:5	classfreq
saṁvidhā						3:60	classfreq
saṁvidhāray						10:1	classfreq
saṁvidru						1:1	classfreq
saṁvigāh						1:1	classfreq
saṁvihā						3:1	classfreq
saṁvihṛ						1:1	classfreq
saṁvij						6:68	classfreq
saṁvijñā						9:6	classfreq
saṁvijñāpay						10:1	classfreq
saṁvikṛ						6:1	classfreq
saṁvip						1:2	classfreq
saṁvivad						1:1	classfreq
saṁvivah						4:1	classfreq
saṁviś						6:107	classfreq
saṁviṣ						4:1	classfreq
saṁvraj						1:2	classfreq
saṁvyac						3:1	classfreq
saṁvyadh						4:11	classfreq
saṁvyath						1:1	classfreq
saṁvyavahṛ						1:2	classfreq
saṁvyavasthā						1:5	classfreq
saṁvye						4:105	classfreq
saṁvyāp						5:1	classfreq
saṁvā						2:5	classfreq
saṁvācay						10:1	classfreq
saṁvāday						10:30	classfreq
saṁvāhay						10:26	classfreq
saṁvāray						10:59	classfreq
saṁvījay						10:1	classfreq
saṁvīkṣ						1:1	classfreq
saṁvṛ						9:1028	classfreq
saṁvṛdh						1:59	classfreq
saṁvṛh						6:2	classfreq
saṁvṛj						7:6	classfreq
saṁvṛt						1:371	classfreq
saṁvṛṣ						1:2	classfreq
saṁyaj						1:8	classfreq
saṁyam						1:280	classfreq
saṁyamay						10:6	classfreq
saṁyat						1:36	classfreq
saṁyodhay						10:13	classfreq
saṁyojay						10:127	classfreq
saṁyopay						10:1	classfreq
saṁyu						2:1|3:28	classfreq
saṁyudh						4:13	classfreq
saṁyuj						7:1204	classfreq
saṁyā						2:30	classfreq
saṁyāc						1:2	classfreq
saṁyācay						10:1	classfreq
saṁyājay						10:10	classfreq
saṁyūh						6:1	classfreq
saṁyūhay						10:1	classfreq
saṁśam						4:31	classfreq
saṁśamay						10:11	classfreq
saṁśap						1:2	classfreq
saṁśaṁs						1:31	classfreq
saṁśaṅk						1:1	classfreq
saṁśleṣay						10:4	classfreq
saṁśliṣ						4:41	classfreq
saṁśobhay						10:1	classfreq
saṁśodhay						10:65	classfreq
saṁśraddhā						3:1	classfreq
saṁśram						4:2	classfreq
saṁśri						1:250	classfreq
saṁśru						5:63	classfreq
saṁśrāvay						10:10	classfreq
saṁśrī						9:4	classfreq
saṁśubh						6:2	classfreq
saṁśuc						1:2	classfreq
saṁśudh						4:50	classfreq
saṁśuṣ						4:6	classfreq
saṁśvi						1:1	classfreq
saṁśā						3:48	classfreq
saṁśāmay						10:7	classfreq
saṁśās						2:13	classfreq
saṁśātay						10:1	classfreq
saṁśī						2:27	classfreq
saṁśṛ						9:5	classfreq
secay				1	secay	10:142	prefixus+classfreq
secay	anu-			1	anusecay		prefixus
secay	ava-			1	avasecay		prefixus
secay	pra-			1	prasecay		prefixus
secay	saṃ-			1	saṃsecay		prefixus
secay	ā-			1	āsecay		prefixus
sedhay	ā-			1	āsedhay		prefixus
sev		serv	2	1	sev	4:1271	prefixus+semantics+classfreq
sev	abhi-			1	abhisev		prefixus
sev	anu-			1	anusev		prefixus
sev	ati-			1	atisev		prefixus
sev	pra-			1	prasev		prefixus
sev	prati-			1	pratisev		prefixus
sev	samupa-			1	samupasev		prefixus
sev	samā-			1	samāsev		prefixus
sev	saṃ-			1	saṃsev		prefixus
sev	upa-	visit		1	upasev		prefixus+semantics
sev	vyati-			1	vyatisev		prefixus
sev	ā-			1	āsev		prefixus
sevay				1	sevay	10:13	prefixus+classfreq
sevay	pari-			1	parisevay		prefixus
sevay	upa-			1	upasevay		prefixus
sevay	ā-			1	āsevay		prefixus
si						9:7	classfreq
sic				1	sic	4:421	prefixus+classfreq
sic	abhyā-			1	abhyāsic		prefixus
sic	ava-			1	avasic		prefixus
sic	parā-			1	parāsic		prefixus
sic	pra-			1	prasic		prefixus
sic	sampra-			1	samprasic		prefixus
sic	samā-			1	samāsic		prefixus
sic	saṃ-			1	saṃsic		prefixus
sic	upa-			1	upasic		prefixus
sic	ā-			1	āsic		prefixus
sidh		succeed	1	2	sidh	1:38|4:1777	prefixus+semantics+classfreq
sidh	abhi-			1	abhisidh		prefixus
sidh	anu-			1	anusidh		prefixus
sidh	apa-			1	apasidh		prefixus
sidh	pra-			1	prasidh		prefixus
sidh	saṃ-			1	saṃsidh		prefixus
sidh	saṃpra-			1	saṃprasidh		prefixus
sidh	upa-			2	upasidh		prefixus
sidh	vyā-			1	vyāsidh		prefixus
sidh	ā-			1	āsidh		prefixus
sindūrīkṛ				1	sindūrīkṛ	8:2	prefixus+classfreq
siñcay				1	siñcay	10:6	prefixus+classfreq
siñj				1	siñj	2:1	prefixus+classfreq
siñj	ā-			1	āsiñj		prefixus
siṁhībhū						1:1	classfreq
siṁhīkṛ						8:2	classfreq
siṃhīkṛ				1	siṃhīkṛ		prefixus
skambh				1	skambh	9:13	prefixus+classfreq
skand				1	skand	1:68	prefixus+classfreq
skand	abhyava-			1	abhyavaskand		prefixus
skand	ava-			1	avaskand		prefixus
skand	pra-			1	praskand		prefixus
skanday				1	skanday	10:10	prefixus+classfreq
skanday	pra-			1	praskanday		prefixus
skanday	pratyava-			1	pratyavaskanday		prefixus
skanday	samava-			1	samavaskanday		prefixus
skhal				1	skhal	1:105	prefixus+classfreq
skhal	pari-			1	pariskhal		prefixus
skhal	pra-			1	praskhal		prefixus
skhal	upa-			1	upaskhal		prefixus
skhal	vi-			1	viskhal		prefixus
skhalay				1	skhalay	10:3	prefixus+classfreq
skāray	saṃ-			1	saṃskāray		prefixus
skṛ	abhisaṃ-			1	abhisaṃskṛ		prefixus
skṛ	pratisaṃ-			1	pratisaṃskṛ		prefixus
skṛ	saṃ-			1	saṃskṛ		prefixus
skṛ	upa-			1	upaskṛ		prefixus
skṛ	upasaṃ-			1	upasaṃskṛ		prefixus
smaray						10:1	classfreq
smi				1	smi	1:204	prefixus+classfreq
smi	abhi-			1	abhismi		prefixus
smi	saṃ-			1	saṃsmi		prefixus
smi	vi-			1	vismi		prefixus
smāpay	vi-			1	vismāpay		prefixus
smāray				1	smāray	10:39	prefixus+classfreq
smāray	prati-			1	pratismāray		prefixus
smāray	saṃ-			1	saṃsmāray		prefixus
smāray	vi-			1	vismāray		prefixus
smṛ		remember	5	1	smṛ	1:3964	prefixus+semantics+classfreq
smṛ	abhisaṃ-			1	abhisaṃsmṛ		prefixus
smṛ	anu-			1	anusmṛ		prefixus
smṛ	anusaṃ-			1	anusaṃsmṛ		prefixus
smṛ	apa-			1	apasmṛ		prefixus
smṛ	pra-			1	prasmṛ		prefixus
smṛ	prati-			1	pratismṛ		prefixus
smṛ	pratyanu-			1	pratyanusmṛ		prefixus
smṛ	samanu-			1	samanusmṛ		prefixus
smṛ	saṃ-			1	saṃsmṛ		prefixus
smṛ	vi-			1	vismṛ		prefixus
snapay				1	snapay	10:21	prefixus+classfreq
snehay				1	snehay	10:42	prefixus+classfreq
snehay	ati-			1	atisnehay		prefixus
snehay	saṃ-			1	saṃsnehay		prefixus
snehay	upa-			1	upasnehay		prefixus
snehīkṛ	niḥ-			1	niḥsnehīkṛ		prefixus
snih				1	snih	4:123	prefixus+classfreq
snih	ati-			1	atisnih		prefixus
snih	upa-			1	upasnih		prefixus
snu						2:3	classfreq
snu	pra-			1	prasnu		prefixus
snā				1	snā	2:1448	prefixus+classfreq
snā	saṃ-			1	saṃsnā		prefixus
snāpay				1	snāpay	10:170	prefixus+classfreq
snāpay	saṃ-			1	saṃsnāpay		prefixus
so	adhyava-			1	adhyavaso		prefixus
so	anuvyava-			1	anuvyavaso		prefixus
spand				1	spand	1:49	prefixus+classfreq
spand	pari-			1	parispand		prefixus
spand	pra-			1	praspand		prefixus
spand	saṃ-			1	saṃspand		prefixus
spand	vi-			1	vispand		prefixus
spand	ā-			1	āspand		prefixus
spanday				1	spanday	10:4	prefixus+classfreq
sparśay				1	sparśay	10:24	prefixus+classfreq
sparśay	upa-			1	upasparśay		prefixus
spaṣṭīkṛ				1	spaṣṭīkṛ	8:7	prefixus+classfreq
sphar						1:1	classfreq
sphaṭībhū				1	sphaṭībhū	1:1	prefixus+classfreq
sphoṭay				1	sphoṭay	10:33	prefixus+classfreq
sphoṭay	vi-			1	visphoṭay		prefixus
sphoṭay	ā-			1	āsphoṭay		prefixus
sphur				1	sphur	6:319	prefixus+classfreq
sphur	pari-			1	parisphur		prefixus
sphur	pra-			1	prasphur		prefixus
sphur	saṃ-			1	saṃsphur		prefixus
sphur	vi-			1	visphur		prefixus
sphuray						10:1	classfreq
sphuṭ				1	sphuṭ	6:132	prefixus+classfreq
sphuṭ	pari-			1	parisphuṭ		prefixus
sphuṭ	saṃ-			1	saṃsphuṭ		prefixus
sphuṭ	vi-			1	visphuṭ		prefixus
sphuṭībhū				1	sphuṭībhū	1:11	prefixus+classfreq
sphuṭīkṛ				1	sphuṭīkṛ	8:6	prefixus+classfreq
sphālay	samā-			1	samāsphālay		prefixus
sphālay	saṃ-			1	saṃsphālay		prefixus
sphālay	ā-			1	āsphālay		prefixus
sphāray				1	sphāray	10:4	prefixus+classfreq
sphāray	vi-			1	visphāray		prefixus
sphūrj				1	sphūrj	1:10	prefixus+classfreq
sphūrj	ava-			1	avasphūrj		prefixus
sphūrj	vi-			1	visphūrj		prefixus
sphūrjay						10:3	classfreq
spāśay						10:1	classfreq
spṛ						5:33	classfreq
spṛdh				1	spṛdh	6:106	prefixus+classfreq
spṛdh	vi-			1	vispṛdh		prefixus
spṛh				1	spṛh	6:29	prefixus+classfreq
spṛh	saṃ-			1	saṃspṛh		prefixus
spṛhay				1	spṛhay	10:54	prefixus+classfreq
spṛs	samupa-			1	samupaspṛs		prefixus
spṛç				1	spṛś		prefixus
spṛç	abhi-			1	abhispṛś		prefixus
spṛç	anu-			1	anuspṛś		prefixus
spṛç	pari-			1	parispṛś		prefixus
spṛç	parisaṃ-			1	parisaṃspṛś		prefixus
spṛç	samabhi-			1	samabhispṛś		prefixus
spṛç	saṃ-			1	saṃspṛś		prefixus
spṛç	upa-			1	upaspṛś		prefixus
spṛç	vi-			1	vispṛś		prefixus
spṛç	ā-			1	āspṛś		prefixus
spṛś						6:928	classfreq
sraṁs		fall	1			1:117	semantics+classfreq
sraṁsay						10:13	classfreq
sraṃs				1	sraṃs		prefixus
sraṃs	ava-			1	avasraṃs		prefixus
sraṃs	pari-			1	parisraṃs		prefixus
sraṃs	pra-			1	prasraṃs		prefixus
sraṃs	vi-			1	visraṃs		prefixus
sraṃsay				1	sraṃsay		prefixus
sraṃsay	avavi-			1	avavisraṃsay		prefixus
sraṃsay	vi-			1	visraṃsay		prefixus
srevay						10:1	classfreq
sridh						1:12	classfreq
sriv						4:1	classfreq
sru				1	sru	1:455	prefixus+classfreq
sru	abhi-			1	abhisru		prefixus
sru	ati-			1	atisru		prefixus
sru	atipra-			1	atiprasru		prefixus
sru	niḥ-			1	niḥsru		prefixus
sru	pari-			1	parisru		prefixus
sru	pra-			1	prasru		prefixus
sru	sampra-			1	samprasru		prefixus
sru	saṃ-			1	saṃsru		prefixus
sru	vi-			1	visru		prefixus
sru	viniḥ-			1	viniḥsru		prefixus
sru	ā-			1	āsru		prefixus
srāvay				1	srāvay	10:55	prefixus+classfreq
srāvay	ava-			1	avasrāvay		prefixus
srāvay	niḥ-			1	niḥsrāvay		prefixus
srāvay	pari-			1	parisrāvay		prefixus
srāvay	pra-			1	prasrāvay		prefixus
srāvay	saṃ-			1	saṃsrāvay		prefixus
srāvay	vi-			1	visrāvay		prefixus
srāvay	ā-			1	āsrāvay		prefixus
stabdhīkṛ				1	stabdhīkṛ	8:1	prefixus+classfreq
stambh		support	4	1	stambh	5:211	prefixus+semantics+classfreq
stambh	abhisaṃ-			1	abhisaṃstambh		prefixus
stambh	pra-			1	prastambh		prefixus
stambh	prati-			1	pratistambh		prefixus
stambh	pratisaṃ-			1	pratisaṃstambh		prefixus
stambh	saṃ-			1	saṃstambh		prefixus
stambh	upa-			1	upastambh		prefixus
stambhay				1	stambhay	10:120	prefixus+classfreq
stambhay	saṃ-			1	saṃstambhay		prefixus
stambhay	upa-			1	upastambhay		prefixus
stambhībhū				1	stambhībhū	1:2	prefixus+classfreq
stan				1	stan	2:18	prefixus+classfreq
stanay				1	stanay	10:36	prefixus+classfreq
stavay						10:1	classfreq
staṃgamay	a-			1	astaṃgamay		prefixus
sthirībhū				1	sthirībhū	1:21	prefixus+classfreq
sthirībhū	a-			1	asthirībhū		prefixus
sthirībhū	su-			1	susthirībhū		prefixus
sthirīkṛ				1	sthirīkṛ	8:15	prefixus+classfreq
sthā		stand	25	1	sthā	1:7854	prefixus+semantics+classfreq
sthā	abhipra-			1	abhiprasthā		prefixus
sthā	abhisaṃ-			1	abhisaṃsthā		prefixus
sthā	abhyupa-			1	abhyupasthā		prefixus
sthā	adhyā-			1	adhyāsthā		prefixus
sthā	anupra-			1	anuprasthā		prefixus
sthā	anusaṃ-			1	anusaṃsthā		prefixus
sthā	anvadhi-			1	anvadhisthā		prefixus
sthā	anvā-			1	anvāsthā		prefixus
sthā	ava-			1	avasthā		prefixus
sthā	parisaṃ-			1	parisaṃsthā		prefixus
sthā	paryava-			1	paryavasthā		prefixus
sthā	paryupa-			1	paryupasthā		prefixus
sthā	pra-			1	prasthā		prefixus
sthā	pratyava-			1	pratyavasthā		prefixus
sthā	pratyupa-			1	pratyupasthā		prefixus
sthā	samanu-			1	samanusthā		prefixus
sthā	samava-			1	samavasthā		prefixus
sthā	sampra-			1	samprasthā		prefixus
sthā	samupa-			1	samupasthā		prefixus
sthā	samā-			1	samāsthā		prefixus
sthā	saṃ-			1	saṃsthā		prefixus
sthā	saṃpratyava-			1	saṃpratyavasthā		prefixus
sthā	saṃpratyupa-			1	saṃpratyupasthā		prefixus
sthā	saṃvyava-			1	saṃvyavasthā		prefixus
sthā	upa-			1	upasthā		prefixus
sthā	ut-	pari-ava					semantics
sthā	vipra-			1	viprasthā		prefixus
sthā	vyava-			1	vyavasthā		prefixus
sthā	vyā-			1	vyāsthā		prefixus
sthā	ā-	undertake		1	āsthā		prefixus+semantics
sthāpay				1	sthāpay	10:1100	prefixus+classfreq
sthāpay	abhipra-			1	abhiprasthāpay		prefixus
sthāpay	abhisaṃ-			1	abhisaṃsthāpay		prefixus
sthāpay	ava-			1	avasthāpay		prefixus
sthāpay	parisaṃ-			1	parisaṃsthāpay		prefixus
sthāpay	paryava-			1	paryavasthāpay		prefixus
sthāpay	pra-			1	prasthāpay		prefixus
sthāpay	pratyupa-			1	pratyupasthāpay		prefixus
sthāpay	samava-			1	samavasthāpay		prefixus
sthāpay	samupa-			1	samupasthāpay		prefixus
sthāpay	samā-			1	samāsthāpay		prefixus
sthāpay	saṃ-			1	saṃsthāpay		prefixus
sthāpay	saṃpra-			1	saṃprasthāpay		prefixus
sthāpay	saṃprati-			1	saṃpratisthāpay		prefixus
sthāpay	upa-			1	upasthāpay		prefixus
sthāpay	vyava-			1	vyavasthāpay		prefixus
sthāpay	ā-			1	āsthāpay		prefixus
stobhay						10:1	classfreq
stu				1	stu	1:1513	prefixus+classfreq
stu	abhisaṃ-			1	abhisaṃstu		prefixus
stu	parisaṃ-			1	parisaṃstu		prefixus
stu	pra-			1	prastu		prefixus
stu	saṃ-			1	saṃstu		prefixus
stubh						2:6	classfreq
styai				1	styai	1:19	prefixus+classfreq
styai	ā-			1	āstyai		prefixus
stāray	pra-			1	prastāray		prefixus
stāray	vi-			1	vistāray		prefixus
stāvay						10:1	classfreq
stāvay	pra-			1	prastāvay		prefixus
stṛ				1	stṛ	5:99	prefixus+classfreq
stṛ	abhi-			1	abhistṛ		prefixus
stṛ	abhivi-			1	abhivistṛ		prefixus
stṛ	anupra-			1	anuprastṛ		prefixus
stṛ	ava-			1	avastṛ		prefixus
stṛ	pari-			1	paristṛ		prefixus
stṛ	parisaṃ-			1	parisaṃstṛ		prefixus
stṛ	parivi-			1	parivistṛ		prefixus
stṛ	pra-			1	prastṛ		prefixus
stṛ	pravi-			1	pravistṛ		prefixus
stṛ	samava-			1	samavastṛ		prefixus
stṛ	samā-			1	samāstṛ		prefixus
stṛ	saṃ-			1	saṃstṛ		prefixus
stṛ	upa-			1	upastṛ		prefixus
stṛ	vi-			1	vistṛ		prefixus
stṛ	ā-			1	āstṛ		prefixus
su				1	su	6:601	prefixus+classfreq
su	pari-			1	parisu		prefixus
su	pra-			1	prasu		prefixus
su	ā-			1	āsu		prefixus
sukhākṛ						8:1	classfreq
sukhībhū						1:4	classfreq
sukhīkṛ						8:1	classfreq
sulabhībhū						1:1	classfreq
supattrīkṛ						8:2	classfreq
supeṣay						10:3	classfreq
suprabuddhīkṛ						8:1	classfreq
suprasad						1:4	classfreq
supūjay						10:2	classfreq
surabhīkṛ						8:11	classfreq
surakṣay						10:1	classfreq
susthirībhū						1:1	classfreq
susādhay						10:5	classfreq
suṅgībhū						1:1	classfreq
suṣirīkṛ						8:1	classfreq
svad				1	svad	1:28	prefixus+classfreq
svad	ā-			1	āsvad		prefixus
svaday						10:12	classfreq
svaj				1	svaj	1:36	prefixus+classfreq
svaj	saṃ-			1	saṃsvaj		prefixus
svalpībhū				1	svalpībhū	1:2	prefixus+classfreq
svan				1	svan	1:16	prefixus+classfreq
svan	niḥ-			1	niḥsvan		prefixus
svan	prati-			1	pratisvan		prefixus
svanay						10:1	classfreq
svanay	prati-			1	pratisvanay		prefixus
svap				1	svap	1:907	prefixus+classfreq
svap	abhipra-			1	abhiprasvap		prefixus
svap	ava-			1	avasvap		prefixus
svap	pra-			1	prasvap		prefixus
svap	saṃ-			1	saṃsvap		prefixus
svap	saṃpra-			1	saṃprasvap		prefixus
svar				1	svar	1:31	prefixus+classfreq
svar	ati-			1	atisvar		prefixus
svarasīkṛ				1	svarasīkṛ	8:1	prefixus+classfreq
svasthībhū				1	svasthībhū	1:7	prefixus+classfreq
svasthīkṛ				1	svasthīkṛ	8:2	prefixus+classfreq
sveday				1	sveday	10:341	prefixus+classfreq
sveday	pari-			1	parisveday		prefixus
sveday	pra-			1	prasveday		prefixus
sveday	saṃ-			1	saṃsveday		prefixus
sveday	upa-			1	upasveday		prefixus
svid				1	svid	4:356	prefixus+classfreq
svid	pari-			1	parisvid		prefixus
svid	pra-			1	prasvid		prefixus
svid	saṃ-			1	saṃsvid		prefixus
svid	upa-			1	upasvid		prefixus
svād						1:1	classfreq
svāday				1	svāday	10:9	prefixus+classfreq
svāday	ā-			1	āsvāday		prefixus
svāgatīkṛ				1	svāgatīkṛ	8:1	prefixus+classfreq
svāmīkṛ						8:1	classfreq
svāpay						10:13	classfreq
svāpay	pra-			1	prasvāpay		prefixus
svāṁśīkṛ						8:1	classfreq
svāṅgaśītīkṛ				1	svāṅgaśītīkṛ	8:1	prefixus+classfreq
svībhū	niḥ-			1	niḥsvībhū		prefixus
svīkṛ				1	svīkṛ	8:75	prefixus+classfreq
syand				1	syand	1:57	prefixus+classfreq
syand	pra-			1	prasyand		prefixus
syanday				1	syanday	10:4	prefixus+classfreq
syanday	pra-			1	prasyanday		prefixus
sā				1	sā	6:53	prefixus+classfreq
sā	anvava-			1	anvavasā		prefixus
sā	ava-			1	avasā		prefixus
sā	paryava-			1	paryavasā		prefixus
sā	vyava-			1	vyavasā		prefixus
sāday				1	sāday	10:104	prefixus+classfreq
sāday	abhipra-			1	abhiprasāday		prefixus
sāday	abhyā-			1	abhyāsāday		prefixus
sāday	atyā-			1	atyāsāday		prefixus
sāday	ava-			1	avasāday		prefixus
sāday	pra-			1	prasāday		prefixus
sāday	samā-			1	samāsāday		prefixus
sāday	saṃ-			1	saṃsāday		prefixus
sāday	saṃpra-			1	saṃprasāday		prefixus
sāday	upa-			1	upasāday		prefixus
sāday	ā-			1	āsāday		prefixus
sādh				1	sādh	1:77	prefixus+classfreq
sādhanībhū						1:2	classfreq
sādhay				1	sādhay	10:1254	prefixus+classfreq
sādhay	anu-			1	anusādhay		prefixus
sādhay	anusaṃ-			1	anusaṃsādhay		prefixus
sādhay	pari-			1	parisādhay		prefixus
sādhay	pra-			1	prasādhay		prefixus
sādhay	prati-			1	pratisādhay		prefixus
sādhay	sampra-			1	samprasādhay		prefixus
sādhay	saṃ-			1	saṃsādhay		prefixus
sādhay	su-			1	susādhay		prefixus
sādhay	upa-			1	upasādhay		prefixus
sādhāraṇīkṛ				1	sādhāraṇīkṛ	8:2	prefixus+classfreq
sādīkṛ	pra-			1	prasādīkṛ		prefixus
sākṣātkṛ				1	sākṣātkṛ	8:77	prefixus+classfreq
sākṣīkṛ				1	sākṣīkṛ	8:6	prefixus+classfreq
sāndrībhū				1	sāndrībhū	1:10	prefixus+classfreq
sāray				1	sāray	10:229	prefixus+classfreq
sāray	abhi-			1	abhisāray		prefixus
sāray	anu-			1	anusāray		prefixus
sāray	apa-			1	apasāray		prefixus
sāray	ati-			1	atisāray		prefixus
sāray	atyanu-			1	atyanusāray		prefixus
sāray	niḥ-			1	niḥsāray		prefixus
sāray	pra-			1	prasāray		prefixus
sāray	prati-			1	pratisāray		prefixus
sāray	pravi-			1	pravisāray		prefixus
sāray	sampra-			1	samprasāray		prefixus
sāray	saṃ-			1	saṃsāray		prefixus
sāray	vi-			1	visāray		prefixus
sāray	viniḥ-			1	viniḥsāray		prefixus
sātmyībhū				1	sātmyībhū	1:1	prefixus+classfreq
sātmyīkṛ				1	sātmyīkṛ	8:2	prefixus+classfreq
sīkṛ	abhyā-			1	abhyāsīkṛ		prefixus
sīkṛ	nyā-			1	nyāsīkṛ		prefixus
sīv				1	sīv	4:54	prefixus+classfreq
sīv	abhisaṃ-			1	abhisaṃsīv		prefixus
sīv	anu-			1	anusīv		prefixus
sīv	saṃ-			1	saṃsīv		prefixus
sīvay				1	sīvay	10:4	prefixus+classfreq
sū		beget	2	1	sū	1:343	prefixus+semantics+classfreq
sū	abhipra-			1	abhiprasū		prefixus
sū	apapra-			1	apaprasū		prefixus
sū	pra-			1	prasū		prefixus
sū	sampra-			1	samprasū		prefixus
sū	saṃ-			1	saṃsū		prefixus
sūd				1	sūd	1:11	prefixus+classfreq
sūday				1	sūday	10:82	prefixus+classfreq
sūday	pra-			1	prasūday		prefixus
sūkṣmībhū				1	sūkṣmībhū	1:1	prefixus+classfreq
sūkṣmīkṛ				1	sūkṣmīkṛ	8:1	prefixus+classfreq
sṛ				1	sṛ	3:142	prefixus+classfreq
sṛ	abhi-			1	abhisṛ		prefixus
sṛ	abhiniḥ-			1	abhiniḥsṛ		prefixus
sṛ	abhiviniḥ-			1	abhiviniḥsṛ		prefixus
sṛ	abhyava-			1	abhyavasṛ		prefixus
sṛ	anu-			1	anusṛ		prefixus
sṛ	anusaṃ-			1	anusaṃsṛ		prefixus
sṛ	apa-			1	apasṛ		prefixus
sṛ	apā-			1	apāsṛ		prefixus
sṛ	atyabhi-			1	atyabhisṛ		prefixus
sṛ	niḥ-			1	niḥsṛ		prefixus
sṛ	pari-			1	parisṛ		prefixus
sṛ	pra-			1	prasṛ		prefixus
sṛ	prati-			1	pratisṛ		prefixus
sṛ	pravi-			1	pravisṛ		prefixus
sṛ	samanu-			1	samanusṛ		prefixus
sṛ	samupa-			1	samupasṛ		prefixus
sṛ	saṃ-			1	saṃsṛ		prefixus
sṛ	upa-			1	upasṛ		prefixus
sṛ	vi-			1	visṛ		prefixus
sṛ	viniḥ-			1	viniḥsṛ		prefixus
sṛ	vipra-			1	viprasṛ		prefixus
sṛ	vyanu-			1	vyanusṛ		prefixus
sṛj		let go	9	1	sṛj	2:1823	prefixus+semantics+classfreq
sṛj	abhi-			1	abhisṛj		prefixus
sṛj	abhisaṃ-			1	abhisaṃsṛj		prefixus
sṛj	abhyava-			1	abhyavasṛj		prefixus
sṛj	adhi-			1	adhisṛj		prefixus
sṛj	anu-			1	anusṛj		prefixus
sṛj	anusaṃ-			1	anusaṃsṛj		prefixus
sṛj	ati-			1	atisṛj		prefixus
sṛj	ava-			1	avasṛj		prefixus
sṛj	niḥ-			1	niḥsṛj		prefixus
sṛj	pra-			1	prasṛj		prefixus
sṛj	prati-			1	pratisṛj		prefixus
sṛj	pratisaṃ-			1	pratisaṃsṛj		prefixus
sṛj	pravi-			1	pravisṛj		prefixus
sṛj	samati-			1	samatisṛj		prefixus
sṛj	samava-			1	samavasṛj		prefixus
sṛj	samā-			1	samāsṛj		prefixus
sṛj	saṃ-			1	saṃsṛj		prefixus
sṛj	saṃpra-			1	saṃprasṛj		prefixus
sṛj	upa-			1	upasṛj		prefixus
sṛj	upasaṃ-			1	upasaṃsṛj		prefixus
sṛj	vi-			1	visṛj		prefixus
sṛj	viniḥ-			1	viniḥsṛj		prefixus
sṛj	vipra-			1	viprasṛj		prefixus
sṛj	vyava-			1	vyavasṛj		prefixus
sṛj	ā-			1	āsṛj		prefixus
sṛp				1	sṛp	1:103	prefixus+classfreq
sṛp	abhi-			1	abhisṛp		prefixus
sṛp	anu-			1	anusṛp		prefixus
sṛp	anuvi-			1	anuvisṛp		prefixus
sṛp	apa-			1	apasṛp		prefixus
sṛp	ava-			1	avasṛp		prefixus
sṛp	niḥ-			1	niḥsṛp		prefixus
sṛp	pari-			1	parisṛp		prefixus
sṛp	pra-			1	prasṛp		prefixus
sṛp	prati-			1	pratisṛp		prefixus
sṛp	samabhi-			1	samabhisṛp		prefixus
sṛp	samupa-			1	samupasṛp		prefixus
sṛp	saṃ-			1	saṃsṛp		prefixus
sṛp	upa-			1	upasṛp		prefixus
sṛp	vi-			1	visṛp		prefixus
sṛp	vyapa-			1	vyapasṛp		prefixus
sṛp	ā-			1	āsṛp		prefixus
sṛtīkṛ	pra-			1	prasṛtīkṛ		prefixus
tak						2:7	classfreq
takṣ				1	takṣ	1:135	prefixus+classfreq
takṣ	pari-			1	paritakṣ		prefixus
takṣ	saṃ-			1	saṃtakṣ		prefixus
takṣay				1	takṣay	10:1	prefixus+classfreq
takṣay	saṃ-			1	saṃtakṣay		prefixus
tam				1	tam	4:46	prefixus+classfreq
tam	atipra-			1	atipratam		prefixus
tam	pari-			1	paritam		prefixus
tam	pra-			1	pratam		prefixus
tam	saṃ-			1	saṃtam		prefixus
tamay				1	tamay	10:1	prefixus+classfreq
tambh	nis-			1	nistambh		prefixus
tan				1	tan	4:1|8:407	prefixus+classfreq
tan	anusaṃ-			1	anusaṃtan		prefixus
tan	ava-			1	avatan		prefixus
tan	pra-			1	pratan		prefixus
tan	pravi-			1	pravitan		prefixus
tan	saṃ-			1	saṃtan		prefixus
tan	vi-			1	vitan		prefixus
tan	vyā-			1	vyātan		prefixus
tan	ā-			1	ātan		prefixus
tand						1:3	classfreq
tanmayībhāvay						10:1	classfreq
tanmayībhū				1	tanmayībhū	1:5	prefixus+classfreq
tanmayīkṛ				1	tanmayīkṛ	8:1	prefixus+classfreq
tanvībhū						1:1	classfreq
tanūkṛ	pra-			1	pratanūkṛ		prefixus
tap		scorch,undergone,burn	5	1	tap	4:1617	prefixus+semantics+classfreq
tap	abhi-			1	abhitap		prefixus
tap	abhipra-			1	abhipratap		prefixus
tap	abhisaṃ-			1	abhisaṃtap		prefixus
tap	anu-			1	anutap		prefixus
tap	ati-			1	atitap		prefixus
tap	ava-			1	avatap		prefixus
tap	ni-			1	nitap		prefixus
tap	pari-			1	paritap		prefixus
tap	parisaṃ-			1	parisaṃtap		prefixus
tap	pra-			1	pratap		prefixus
tap	prati-			1	pratitap		prefixus
tap	samupa-			1	samupatap		prefixus
tap	saṃ-			1	saṃtap		prefixus
tap	saṃpari-			1	saṃparitap		prefixus
tap	saṃpra-			1	saṃpratap		prefixus
tap	upa-			1	upatap		prefixus
tap	vipari-			1	viparitap		prefixus
tap	ā-			1	ātap		prefixus
tapasya		heat,austerity	1				semantics
taray	ava-			1	avataray		prefixus
taray	saṃ-			1	saṃtaray		prefixus
tarbhā	an-			1	antarbhā		prefixus
tarbhū	an-			1	antarbhū		prefixus
tardhā	an-			1	antardhā		prefixus
tardhāray	an-			1	antardhāray		prefixus
targam	an-			1	antargam		prefixus
targā	an-			1	antargā		prefixus
tari	an-			1	antari		prefixus
tarj				1	tarj	1:9	prefixus+classfreq
tarjay				1	tarjay	10:45	prefixus+classfreq
tarjay	abhi-			1	abhitarjay		prefixus
tarjay	pari-			1	paritarjay		prefixus
tarjay	saṃ-			1	saṃtarjay		prefixus
tarjay	ā-			1	ātarjay		prefixus
tarjāpay				1	tarjāpay	10:1	prefixus+classfreq
tarmukhībhū	an-			1	antarmukhībhū		prefixus
tarpay				1	tarpay	10:531	prefixus+classfreq
tarpay	abhi-			1	abhitarpay		prefixus
tarpay	abhipra-			1	abhipratarpay		prefixus
tarpay	apa-			1	apatarpay		prefixus
tarpay	ati-			1	atitarpay		prefixus
tarpay	pari-			1	paritarpay		prefixus
tarpay	pra-			1	pratarpay		prefixus
tarpay	saṃ-			1	saṃtarpay		prefixus
tarpay	saṃpra-			1	saṃpratarpay		prefixus
taruṇībhū						1:2	classfreq
tarīkṛ	an-			1	antarīkṛ		prefixus
tarṣay				1	tarṣay	10:5	prefixus+classfreq
tarṣay	ati-			1	atitarṣay		prefixus
tarṣay	pra-			1	pratarṣay		prefixus
tathīkṛ	vi-			1	vitathīkṛ		prefixus
taḍ				1	taḍ	2:1	prefixus+classfreq
taḥkṛ	an-			1	antaḥkṛ		prefixus
taṁs						1:4	classfreq
taṁsay						10:1	classfreq
taṃs	ava-			1	avataṃs		prefixus
tejay				1	tejay	10:5	prefixus+classfreq
tejay	saṃ-			1	saṃtejay		prefixus
thay	abhipra-			1	abhiprathay		prefixus
thay	pra-			1	prathay		prefixus
thay	pravya-			1	pravyathay		prefixus
thay	vipra-			1	viprathay		prefixus
thay	vya-			1	vyathay		prefixus
tij		tolerate	1			1:4	semantics+classfreq
tim				1	tim	4:2	prefixus+classfreq
timay				1	timay	10:2	prefixus+classfreq
timirīkṛ						8:1	classfreq
tiraskṛ				1	tiraskṛ	8:39	prefixus+classfreq
tirobhāvay				1	tirobhāvay	10:5	prefixus+classfreq
tirobhū				1	tirobhū	1:11	prefixus+classfreq
tirodhā				1	tirodhā	1:72	prefixus+classfreq
tittirībhū						1:1	classfreq
tkāray	sa-			1	satkāray		prefixus
tkṛ	abhisa-			1	abhisatkṛ		prefixus
tkṛ	asa-			1	asatkṛ		prefixus
tkṛ	pratisa-			1	pratisatkṛ		prefixus
tkṛ	sa-			1	satkṛ		prefixus
tmīkṛ	ā-			1	ātmīkṛ		prefixus
tolay				1	tolay	10:22	prefixus+classfreq
tolay	saṃ-			1	saṃtolay		prefixus
tośay						10:1	classfreq
toṣay				1	toṣay	10:249	prefixus+classfreq
toṣay	abhi-			1	abhitoṣay		prefixus
toṣay	pari-			1	paritoṣay		prefixus
toṣay	saṃ-			1	saṃtoṣay		prefixus
toṣay	saṃpari-			1	saṃparitoṣay		prefixus
trai		protect	1				semantics
trap						1:2	classfreq
trap	apa-			1	apatrap		prefixus
trap	vyapa-			1	vyapatrap		prefixus
tras				1	tras	4:246	prefixus+classfreq
tras	abhisaṃ-			1	abhisaṃtras		prefixus
tras	apa-			1	apatras		prefixus
tras	pari-			1	paritras		prefixus
tras	saṃ-			1	saṃtras		prefixus
tras	vi-			1	vitras		prefixus
triguṇīkṛ				1	triguṇīkṛ	8:5	prefixus+classfreq
troṭay				1	troṭay	10:4	prefixus+classfreq
truṭ				1	truṭ	4:26	prefixus+classfreq
trā				1	trā	2:320	prefixus+classfreq
trā	pari-			1	paritrā		prefixus
trā	saṃ-			1	saṃtrā		prefixus
trāsay				1	trāsay	10:132	prefixus+classfreq
trāsay	saṃ-			1	saṃtrāsay		prefixus
trāsay	vi-			1	vitrāsay		prefixus
tsar						1:6	classfreq
tu						2:5	classfreq
tucchīkṛ						8:2	classfreq
tud				1	tud	7:90	prefixus+classfreq
tud	abhi-			1	abhitud		prefixus
tud	nis-			1	nistud		prefixus
tud	pari-			1	paritud		prefixus
tud	pra-			1	pratud		prefixus
tud	vi-			1	vitud		prefixus
tud	ā-			1	ātud		prefixus
tuj						6:32	classfreq
tujay						10:1	classfreq
tulay				1	tulay	10:57	prefixus+classfreq
tur						6:15	classfreq
turay						10:3	classfreq
tuś						1:9	classfreq
tuṅgībhū				1	tuṅgībhū	1:1	prefixus+classfreq
tuṇḍay	pari-			1	parituṇḍay		prefixus
tuṣ		satisfied	2	1	tuṣ	4:781	prefixus+semantics+classfreq
tuṣ	abhi-			1	abhituṣ		prefixus
tuṣ	anu-			1	anutuṣ		prefixus
tuṣ	pari-			1	parituṣ		prefixus
tuṣ	pra-			1	pratuṣ		prefixus
tuṣ	sampra-			1	sampratuṣ		prefixus
tuṣ	saṃ-			1	saṃtuṣ		prefixus
tuṣ	upa-			1	upatuṣ		prefixus
tuṣay						10:1	classfreq
tuṣīkṛ	nis-			1	nistuṣīkṛ		prefixus
tuṣīkṛ	vi-			1	vituṣīkṛ		prefixus
tuṣṇībhū				1	tuṣṇībhū	1:3	prefixus+classfreq
tvar				1	tvar	1:495	prefixus+classfreq
tvar	abhi-			1	abhitvar		prefixus
tvar	pra-			1	pratvar		prefixus
tvar	saṃ-			1	saṃtvar		prefixus
tvaray				1	tvaray	10:36	prefixus+classfreq
tvaray	abhi-			1	abhitvaray		prefixus
tvaray	saṃ-			1	saṃtvaray		prefixus
tvaṁkṛ						8:1	classfreq
tvaṃkṛ				1	tvaṃkṛ		prefixus
tvaṅg						1:1	classfreq
tviṣ						6:11	classfreq
tyaj		abandone	19	1	tyaj	1:2297	prefixus+semantics+classfreq
tyaj	abhi-			1	abhityaj		prefixus
tyaj	abhisaṃ-			1	abhisaṃtyaj		prefixus
tyaj	pari-			1	parityaj		prefixus
tyaj	samabhi-			1	samabhityaj		prefixus
tyaj	sampari-			1	samparityaj		prefixus
tyaj	saṃ-			1	saṃtyaj		prefixus
tyājay				1	tyājay	10:23	prefixus+classfreq
tyājay	saṃ-			1	saṃtyājay		prefixus
tālay	nis-			1	nistālay		prefixus
tāmrībhū				1	tāmrībhū	1:1	prefixus+classfreq
tāmrīkṛ				1	tāmrīkṛ	8:1	prefixus+classfreq
tānay				1	tānay	10:3	prefixus+classfreq
tāpay				1	tāpay	10:153	prefixus+classfreq
tāpay	abhi-			1	abhitāpay		prefixus
tāpay	anu-			1	anutāpay		prefixus
tāpay	ati-			1	atitāpay		prefixus
tāpay	ava-			1	avatāpay		prefixus
tāpay	pari-			1	paritāpay		prefixus
tāpay	pra-			1	pratāpay		prefixus
tāpay	prati-			1	pratitāpay		prefixus
tāpay	sampra-			1	sampratāpay		prefixus
tāpay	saṃ-			1	saṃtāpay		prefixus
tāpay	upa-			1	upatāpay		prefixus
tāray				1	tāray	10:210	prefixus+classfreq
tāray	ava-			1	avatāray		prefixus
tāray	nis-			1	nistāray		prefixus
tāray	pra-			1	pratāray		prefixus
tāray	samava-			1	samavatāray		prefixus
tāray	saṃ-			1	saṃtāray		prefixus
tāray	saṃpra-			1	saṃpratāray		prefixus
tāray	vi-			1	vitāray		prefixus
tāḍay				1	tāḍay	10:435	prefixus+classfreq
tāḍay	abhi-			1	abhitāḍay		prefixus
tāḍay	prati-			1	pratitāḍay		prefixus
tāḍay	saṃ-			1	saṃtāḍay		prefixus
tāḍay	vi-			1	vitāḍay		prefixus
tāḍay	ā-			1	ātāḍay		prefixus
tī	a-			1	atī		prefixus
tī	abhipra-			1	abhipratī		prefixus
tī	abhya-			1	abhyatī		prefixus
tī	pra-			1	pratī		prefixus
tī	sama-			1	samatī		prefixus
tī	sampra-			1	sampratī		prefixus
tī	vya-			1	vyatī		prefixus
tīkṣ	pra-			1	pratīkṣ		prefixus
tīkṣ	sampra-			1	sampratīkṣ		prefixus
tīmay						10:1	classfreq
tīrthīkṛ				1	tīrthīkṛ	8:3	prefixus+classfreq
tīvāpay	pra-			1	pratīvāpay		prefixus
tīṣ	pra-			1	pratīṣ		prefixus
tīṣ	sampra-			1	sampratīṣ		prefixus
tūrv						1:8	classfreq
tūṣṇībhū						1:5	classfreq
tṛ				1	tṛ	3:635	prefixus+classfreq
tṛ	abhi-			1	abhitṛ		prefixus
tṛ	ava-			1	avatṛ		prefixus
tṛ	nis-			1	nistṛ		prefixus
tṛ	pra-			1	pratṛ		prefixus
tṛ	pravi-			1	pravitṛ		prefixus
tṛ	samava-			1	samavatṛ		prefixus
tṛ	saṃ-			1	saṃtṛ		prefixus
tṛ	vi-			1	vitṛ		prefixus
tṛ	vinis-			1	vinistṛ		prefixus
tṛ	vyati-			1	vyatitṛ		prefixus
tṛ	ā-			1	ātṛ		prefixus
tṛd						7:24	classfreq
tṛd	saṃ-			1	saṃtṛd		prefixus
tṛh						7:10	classfreq
tṛp				1	tṛp	6:493	prefixus+classfreq
tṛp	abhi-			1	abhitṛp		prefixus
tṛp	anu-			1	anutṛp		prefixus
tṛp	ati-			1	atitṛp		prefixus
tṛp	pari-			1	paritṛp		prefixus
tṛp	saṃ-			1	saṃtṛp		prefixus
tṛp	vi-			1	vitṛp		prefixus
tṛptīkṛ						8:1	classfreq
tṛṇīkṛ				1	tṛṇīkṛ	8:8	prefixus+classfreq
tṛṣ				1	tṛṣ	4:39	prefixus+classfreq
tṛṣ	anu-			1	anutṛṣ		prefixus
tṛṣ	ati-			1	atitṛṣ		prefixus
tṝ		cross over	5				semantics
t�	ati-			1	atit�		prefixus
u						5:1	classfreq
ubh						9:4	classfreq
ubj						6:11	classfreq
ubjīkṛ	ny-			1	nyubjīkṛ		prefixus
uc				1	uc	4:18	prefixus+classfreq
uccagghay						10:2	classfreq
uccakṣūkṛ						8:1	classfreq
uccal				1	uccal	1:14	prefixus+classfreq
uccal	sam-			1	samuccal		prefixus
uccar				1	uccar	1:63	prefixus+classfreq
uccar	sam-			1	samuccar		prefixus
uccar	vy-			1	vyuccar		prefixus
ucchad	sam-			1	samucchad		prefixus
ucchal				1	ucchal	1:13	prefixus+classfreq
ucchal	sam-			1	samucchal		prefixus
uccheday				1	uccheday	10:3	prefixus+classfreq
uccheṣay				1	uccheṣay	10:1	prefixus+classfreq
uccheṣaṇīkṛ				1	uccheṣaṇīkṛ	8:1	prefixus+classfreq
ucchid				1	ucchid	7:49	prefixus+classfreq
ucchid	sam-			1	samucchid		prefixus
ucchid	vy-			1	vyucchid		prefixus
ucchiṣ				1	ucchiṣ	4:91	prefixus+classfreq
ucchocay						10:1	classfreq
ucchoṣay						10:7	classfreq
ucchri				1	ucchri	1:227	prefixus+classfreq
ucchri	abhy-			1	abhyucchri		prefixus
ucchri	sam-			1	samucchri		prefixus
ucchrāpay						10:6	classfreq
ucchuc						6:1	classfreq
ucchuṣ				1	ucchuṣ	4:1	prefixus+classfreq
ucchvas				1	ucchvas	2:54	prefixus+classfreq
ucchvas	sam-			1	samucchvas		prefixus
ucchvasay				1	ucchvasay	10:2	prefixus+classfreq
ucchvañc						1:3	classfreq
ucchvi				1	ucchvi	1:6	prefixus+classfreq
ucchvāsay				1	ucchvāsay	10:7	prefixus+classfreq
ucchvāsay	sam-			1	samucchvāsay		prefixus
ucchāday				1	ucchāday	10:2	prefixus+classfreq
ucci				1	ucci	5:7	prefixus+classfreq
ucci	sam-			1	samucci		prefixus
uccoṣay				1	uccoṣay		prefixus
uccyāvay						10:1	classfreq
uccālay						10:1	classfreq
uccāray				1	uccāray	10:121	prefixus+classfreq
uccāray	sam-			1	samuccāray		prefixus
uccāṭay				1	uccāṭay	10:15	prefixus+classfreq
udaj						1:9	classfreq
udan						2:2	classfreq
udarīkṛ						8:1	classfreq
udas						4:28	classfreq
udav						1:1	classfreq
udavasā						6:2	classfreq
udavāp						5:1	classfreq
udañc						1:9	classfreq
udañcay						10:2	classfreq
udañj						7:2	classfreq
udbandh						9:14	classfreq
udbheday						10:1	classfreq
udbhid						7:32	classfreq
udbhram						4:53	classfreq
udbhā						2:3	classfreq
udbhās						1:7	classfreq
udbhāsay						10:4	classfreq
udbhāvay						10:23	classfreq
udbhū						1:214	classfreq
udbhṛ						1:9	classfreq
udbodhay						10:5	classfreq
udbrū						2:1	classfreq
udbudh						4:3	classfreq
udbṛṁh						1:1	classfreq
uddeśay						10:1	classfreq
uddhan						1:146	classfreq
uddharṣay						10:6	classfreq
uddhukṣ						1:2	classfreq
uddhvaṁs						1:5	classfreq
uddhvaṁsay						10:3	classfreq
uddhvā						4:1	classfreq
uddhā						3:2	classfreq
uddhāray						10:5	classfreq
uddhārīkṛ						8:2	classfreq
uddhū						5:123	classfreq
uddhṛ						1:1408	classfreq
uddih						2:1	classfreq
uddiś						6:520	classfreq
uddru						1:1	classfreq
uddyotay						10:19	classfreq
uddā						3:1	classfreq
uddālay						10:3	classfreq
uddīp						4:9	classfreq
uddīpay						10:15	classfreq
uddṛ						4:1	classfreq
ude						2:15	classfreq
udgal						1:3	classfreq
udgam						6:147	classfreq
udgamay						10:1	classfreq
udgarj						1:1	classfreq
udghaṭ						1:1	classfreq
udghaṭay						10:3	classfreq
udghaṭṭay						10:3	classfreq
udghoṣay						10:28	classfreq
udghuṣ						1:19	classfreq
udghāṭay						10:57	classfreq
udghṛṣ						1:2	classfreq
udgiray						10:1	classfreq
udgrah						9:153	classfreq
udgranth						9:8	classfreq
udgrathay						10:1	classfreq
udgrāhay						10:3	classfreq
udguh						1:1	classfreq
udgā						3:6|4:92	classfreq
udgṛ						9:50	classfreq
udi						4:579	classfreq
udrecay						10:1	classfreq
udric						7:67	classfreq
udrudh						7:1	classfreq
udvad						1:1	classfreq
udvah						1:156	classfreq
udvam						1:30	classfreq
udvap						1:5	classfreq
udvardhay						10:1	classfreq
udvartay						10:31	classfreq
udvas						1:1	classfreq
udve						4:2	classfreq
udvejay						10:39	classfreq
udvepay						10:3	classfreq
udveṣṭ						1:5	classfreq
udveṣṭay						10:6	classfreq
udvij						6:252	classfreq
udvip						1:6	classfreq
udvraj						1:3	classfreq
udvyadh						4:7	classfreq
udvyudas						4:1	classfreq
udvā						2:1	classfreq
udvāday						10:1	classfreq
udvāhay						10:11	classfreq
udvāsay						10:37	classfreq
udvīkṣ						1:38	classfreq
udvṛ						5:2	classfreq
udvṛdh						1:2	classfreq
udvṛj						7:1	classfreq
udvṛt						1:53	classfreq
udvṛṣ						6:2	classfreq
udyam						6:699	classfreq
udyamay						10:5	classfreq
udyojay						10:10	classfreq
udyudh						4:1	classfreq
udyuj						7:77	classfreq
udyā						2:16	classfreq
udyāc						1:1	classfreq
udācar						1:4	classfreq
udādhā						3:1	classfreq
udāharaṇīkṛ						8:1	classfreq
udāhṛ						2:594	classfreq
udākṛ						8:1	classfreq
udānī						1:17	classfreq
udāp						5:3	classfreq
udāplu						1:1	classfreq
udās						2:21	classfreq
udāvah						1:25	classfreq
udāvartay						10:3	classfreq
udāvas						1:1	classfreq
udāvraj						1:3	classfreq
udāvṛt						1:2	classfreq
udāyam						1:1	classfreq
udāyu						2:1	classfreq
udāyā						2:1	classfreq
udīkṣ						1:92	classfreq
udīr						2:115	classfreq
udīray						10:291	classfreq
udīṣ						1:1	classfreq
udūh						1:5	classfreq
udṛch						6:3	classfreq
udṛṣ						6:1	classfreq
ujh				1	ujh	6:50	prefixus+classfreq
ujh	sam-			1	samujh		prefixus
ujjan						4:1	classfreq
ujjhā						3:2	classfreq
ujji						1:23	classfreq
ujjval				1	ujjval	1:13	prefixus+classfreq
ujjval	sam-			1	samujjval		prefixus
ujjvalay				1	ujjvalay	10:3	prefixus+classfreq
ujjvalībhū				1	ujjvalībhū	1:1	prefixus+classfreq
ujjvalīkṛ						8:1	classfreq
ujjvālay				1	ujjvālay	10:8	prefixus+classfreq
ujjāgaray						10:1	classfreq
ujjāpay						10:3	classfreq
ujjīv				1	ujjīv	1:1	prefixus+classfreq
ujjīv	abhy-			1	abhyujjīv		prefixus
ujjīvay				1	ujjīvay	10:6	prefixus+classfreq
ujjṛmbh						1:1	classfreq
ukṣ				1	ukṣ	6:165	prefixus+classfreq
ukṣ	abhy-			1	abhyukṣ		prefixus
ukṣ	anupary-			1	anuparyukṣ		prefixus
ukṣ	pary-			1	paryukṣ		prefixus
ukṣ	sam-			1	samukṣ		prefixus
ukṣ	samabhy-			1	samabhyukṣ		prefixus
ukṣ	vy-			1	vyukṣ		prefixus
ukṣay				1	ukṣay	10:6	prefixus+classfreq
ukṣay	abhy-			1	abhyukṣay		prefixus
ukṣay	sam-			1	samukṣay		prefixus
ullambay				1	ullambay	10:3	prefixus+classfreq
ullap				1	ullap	4:1	prefixus+classfreq
ullas				1	ullas	1:43	prefixus+classfreq
ullas	abhy-			1	abhyullas		prefixus
ullas	sam-			1	samullas		prefixus
ullasay						10:1	classfreq
ullaṅghay				1	ullaṅghay	10:25	prefixus+classfreq
ullaṅghay	sam-			1	samullaṅghay		prefixus
ullekhay				1	ullekhay	10:1	prefixus+classfreq
ullih						6:3	classfreq
ullikh				1	ullikh	6:62	prefixus+classfreq
ullikh	sam-			1	samullikh		prefixus
ullip				1	ullip	6:1	prefixus+classfreq
ulliṅg				1	ulliṅg	1:1	prefixus+classfreq
ulliṅgay						10:1	classfreq
ullolay						10:1	classfreq
ulloḍay				1	ulloḍay	10:1	prefixus+classfreq
ullup				1	ullup	6:9	prefixus+classfreq
ulluñc						1:1	classfreq
ullālay						10:1	classfreq
ullāsay				1	ullāsay	10:10	prefixus+classfreq
ullāsay	sam-			1	samullāsay		prefixus
und						6:21	classfreq
unmad				1	unmad	4:247	prefixus+classfreq
unmaday						10:7	classfreq
unmajj				1	unmajj	1:33	prefixus+classfreq
unmajjay				1	unmajjay	10:3	prefixus+classfreq
unmanībhū						1:1	classfreq
unmanīkṛ						8:1	classfreq
unmarday				1	unmarday	10:1	prefixus+classfreq
unmath				1	unmath	9:68	prefixus+classfreq
unmath	sam-			1	samunmath		prefixus
unmathay						10:1	classfreq
unmattīkṛ				1	unmattīkṛ	8:1	prefixus+classfreq
unmi						5:1	classfreq
unmiṣ				1	unmiṣ	6:32	prefixus+classfreq
unmiṣ	praty-			1	pratyunmiṣ		prefixus
unmiṣ	sam-			1	samunmiṣ		prefixus
unmocay				1	unmocay	10:6	prefixus+classfreq
unmuc				1	unmuc	6:32	prefixus+classfreq
unmuc	sam-			1	samunmuc		prefixus
unmud						1:1	classfreq
unmukhībhū				1	unmukhībhū	1:3	prefixus+classfreq
unmukhīkṛ				1	unmukhīkṛ	8:1	prefixus+classfreq
unmā				1	unmā	3:107	prefixus+classfreq
unmā	sam-			1	samunmā		prefixus
unmāday				1	unmāday	10:16	prefixus+classfreq
unmānay				1	unmānay	10:1	prefixus+classfreq
unmāpay				1	unmāpay	10:1	prefixus+classfreq
unmārjay				1	unmārjay	10:3	prefixus+classfreq
unmīl				1	unmīl	1:54	prefixus+classfreq
unmīlay				1	unmīlay	10:9	prefixus+classfreq
unmūlay				1	unmūlay	10:39	prefixus+classfreq
unmūlay	sam-			1	samunmūlay		prefixus
unmṛd				1	unmṛd	9:2	prefixus+classfreq
unmṛj				1	unmṛj	6:14	prefixus+classfreq
unmṛś				1	unmṛś	6:2	prefixus+classfreq
unnad				1	unnad	1:24	prefixus+classfreq
unnad	sam-			1	samunnad		prefixus
unnah				1	unnah	4:15	prefixus+classfreq
unnah	sam-			1	samunnah		prefixus
unnam				1	unnam	1:286	prefixus+classfreq
unnam	abhy-			1	abhyunnam		prefixus
unnam	sam-			1	samunnam		prefixus
unnamay				1	unnamay	10:33	prefixus+classfreq
unnamay	sam-			1	samunnamay		prefixus
unnatīkṛ				1	unnatīkṛ	8:1	prefixus+classfreq
unnaś						1:4	classfreq
unnāday				1	unnāday	10:2	prefixus+classfreq
unnāmay				1	unnāmay	10:13	prefixus+classfreq
unnī				1	unnī	1:68	prefixus+classfreq
unnī	sam-			1	samunnī		prefixus
upabandh						9:2	classfreq
upabhakṣ						1:1	classfreq
upabhojay						10:2	classfreq
upabhuj						1:141	classfreq
upabhṛ						3:3	classfreq
upabrū						2:11	classfreq
upabṛṁhay						10:46	classfreq
upacar						1:169	classfreq
upacchad						1:5	classfreq
upacchanday						10:1	classfreq
upacchid						7:1	classfreq
upaci						5:221	classfreq
upacintay						10:1	classfreq
upacāray						10:3	classfreq
upadah						1:3	classfreq
upadarśay						10:93	classfreq
upadas						4:3	classfreq
upadeśay						10:2	classfreq
upadham						1:9	classfreq
upadhvaṁs						1:1	classfreq
upadhyā						4:1	classfreq
upadhā						3:115	classfreq
upadhānīkṛ						8:1	classfreq
upadhāray						10:69	classfreq
upadhāv						1:44	classfreq
upadhū						9:1	classfreq
upadih						6:11	classfreq
upadiś						6:690	classfreq
upadru						1:159	classfreq
upadā						3:79	classfreq
upadīpay						10:3	classfreq
upadṛś						4:3	classfreq
upagam						6:547	classfreq
upagamay						10:1	classfreq
upagaṇay						10:1	classfreq
upaghrā						4:17	classfreq
upaghuṣ						1:3	classfreq
upaghātay						10:4	classfreq
upagrah						9:31	classfreq
upagras						1:1	classfreq
upaguh						1:61	classfreq
upagup						1:1	classfreq
upagā						3:15|4:33	classfreq
upagūhay						10:1	classfreq
upahan						2:308	classfreq
upahas						1:19	classfreq
upahiṁs						7:8	classfreq
upahu						3:10	classfreq
upahvā						4:71	classfreq
upahā						3:5	classfreq
upahāray						10:11	classfreq
upahārīkṛ						8:2	classfreq
upahāsay						10:1	classfreq
upahṛ						2:134	classfreq
upajalp						1:1	classfreq
upajan						4:168	classfreq
upajanay						10:23	classfreq
upajap						1:19	classfreq
upajvālay						10:1	classfreq
upajñā						9:1	classfreq
upajāpay						10:7	classfreq
upajīv						1:120	classfreq
upajīvay						10:1	classfreq
upakalpay						10:75	classfreq
upakaraṇīkṛ						8:1	classfreq
upakleśay						10:1	classfreq
upaklid						4:4	classfreq
upakliś						9:3	classfreq
upakram						1:264	classfreq
upakruś						1:3	classfreq
upakrī						9:3	classfreq
upakrīḍ						1:2	classfreq
upakuḍ						6:1	classfreq
upakāray						10:1	classfreq
upakūj						1:4	classfreq
upakṛ						6:16|8:62	classfreq
upakṛt						6:2	classfreq
upakṛṣ						1:2	classfreq
upakṣar						1:2	classfreq
upakṣi						2:2|9:12	classfreq
upakṣip						6:9	classfreq
upakﾱp						1:27	classfreq
upalabh						1:526	classfreq
upalakṣ						1:1	classfreq
upalakṣay						10:158	classfreq
upalambhay						10:1	classfreq
upalepay						10:5	classfreq
upalikh						6:1	classfreq
upalip						6:73	classfreq
upalālay						10:7	classfreq
upalī						4:3	classfreq
upamarṣay						10:1	classfreq
upamath						9:8	classfreq
upamuc						6:2	classfreq
upamā						3:21	classfreq
upamṛd						9:1	classfreq
upamṛj						2:1	classfreq
upanah						4:10	classfreq
upanam						1:38	classfreq
upanibandh						9:13	classfreq
upanidhyā						4:8	classfreq
upanidhā						3:16	classfreq
upanikṣip						6:4	classfreq
upanilī						4:1	classfreq
upaninī						1:2	classfreq
upanipad						4:1	classfreq
upanipat						1:3	classfreq
upaniplu						1:1	classfreq
upanipīḍay						10:8	classfreq
upanirdiś						6:1	classfreq
upanirvartay						10:1	classfreq
upanivartay						10:2	classfreq
upaniveśay						10:3	classfreq
upaniviś						6:9	classfreq
upanivṛt						1:4	classfreq
upaniśri						1:27	classfreq
upaniśāmay						10:4	classfreq
upaniṣad						1:14	classfreq
upaniṣev						1:2	classfreq
upaniṣkram						1:12	classfreq
upanud						6:1	classfreq
upanyas						4:34	classfreq
upanāday						10:2	classfreq
upanāhay						10:28	classfreq
upanāmay						10:33	classfreq
upanāyay						10:4	classfreq
upanāśay						10:1	classfreq
upanī						1:210	classfreq
upanṛt						4:9	classfreq
upapad						4:723	classfreq
upaparīkṣ						4:17	classfreq
upapat						1:1	classfreq
upaplu						1:24	classfreq
upapracch						6:2	classfreq
upapralobhay						10:1	classfreq
upaprapad						4:1	classfreq
upapratāray						10:1	classfreq
upapravad						1:1	classfreq
upapre						2:8	classfreq
upaprekṣ						1:5	classfreq
upapreṣ						4:2	classfreq
upapāday						10:166	classfreq
upapātay						10:1	classfreq
upapīḍay						10:15	classfreq
upapṛc						7:1	classfreq
uparacay						10:5	classfreq
uparam						1:118	classfreq
uparañj						4:13	classfreq
uparañjay						10:3	classfreq
uparch						6:5	classfreq
uparinidhā						3:1	classfreq
uparodhay						10:2	classfreq
uparohay						10:1	classfreq
uparopay						10:1	classfreq
uparu						6:1	classfreq
uparudh						1:59	classfreq
uparuh						1:8	classfreq
uparṣ						6:3	classfreq
upasac						1:1	classfreq
upasad						1:55	classfreq
upasamanvāhṛ						2:1	classfreq
upasame						2:3	classfreq
upasami						2:1	classfreq
upasamādhā						3:49	classfreq
upasamākṛ						6:1	classfreq
upasarjay						10:1	classfreq
upasarpay						10:5	classfreq
upasaṁbhram						4:1	classfreq
upasaṁbhṛ						3:4	classfreq
upasaṁdhā						3:39	classfreq
upasaṁgam						1:33	classfreq
upasaṁghuṣ						1:1	classfreq
upasaṁgrah						9:49	classfreq
upasaṁhṛ						1:76	classfreq
upasaṁkalpay						10:1	classfreq
upasaṁkram						1:408	classfreq
upasaṁkrāmay						10:1	classfreq
upasaṁkṣip						6:1	classfreq
upasaṁkﾱp						1:1	classfreq
upasaṁmṛj						6:1	classfreq
upasaṁnah						4:1	classfreq
upasaṁnyāsay						10:1	classfreq
upasaṁpad						4:44	classfreq
upasaṁprach						6:2	classfreq
upasaṁprāp						5:10	classfreq
upasaṁpāday						10:4	classfreq
upasaṁrodhay						10:1	classfreq
upasaṁruh						1:1	classfreq
upasaṁskṛ						8:20	classfreq
upasaṁsṛj						6:6	classfreq
upasaṁveśay						10:1	classfreq
upasaṁvraj						1:1	classfreq
upasaṁvye						4:2	classfreq
upasaṁyam						1:1	classfreq
upasaṁyojay						10:1	classfreq
upasaṁyu						3:1	classfreq
upasaṁyuj						7:2	classfreq
upasaṁyā						2:1	classfreq
upasaṁśaṁs						1:1	classfreq
upasaṁśri						1:4	classfreq
upasev						1:97	classfreq
upasevay						10:1	classfreq
upasic						6:15	classfreq
upasidh						1:2|4:1	classfreq
upaskhal						1:1	classfreq
upaskṛ						8:18	classfreq
upasmi						1:1	classfreq
upasnehay						10:1	classfreq
upasnih						4:7	classfreq
upasnu						2:1	classfreq
upasparśay						10:4	classfreq
upaspṛś						6:258	classfreq
upastambh						9:10	classfreq
upastambhay						10:3	classfreq
upasthā						1:891	classfreq
upasthāpay						10:34	classfreq
upastu						2:13	classfreq
upastṛ						9:33	classfreq
upasveday						10:8	classfreq
upasvid						4:1	classfreq
upasāday						10:12	classfreq
upasādhay						10:10	classfreq
upasṛ						1:62	classfreq
upasṛj						6:91	classfreq
upasṛp						1:104	classfreq
upatap						4:38	classfreq
upatarpay						10:1	classfreq
upatoṣay						10:1	classfreq
upatuṣ						4:1	classfreq
upatāpay						10:6	classfreq
upavac						3:6	classfreq
upavad						1:12	classfreq
upavah						1:21	classfreq
upavap						1:1	classfreq
upavarjay						10:1	classfreq
upavas						2:259	classfreq
upavañc						1:1	classfreq
upaveśay						10:95	classfreq
upaveṣṭay						10:3	classfreq
upavikṝ						6:1	classfreq
upavistṛ						9:1	classfreq
upaviś						6:486	classfreq
upavraj						1:8	classfreq
upavyadh						4:1	classfreq
upavye						4:6	classfreq
upavyāyam						1:2	classfreq
upavā						4:3	classfreq
upavāhay						10:1	classfreq
upavāsay						10:13	classfreq
upavīj						1:6	classfreq
upavījay						10:2	classfreq
upavṛt						1:25	classfreq
upayam						6:93	classfreq
upayojay						10:31	classfreq
upayuj						7:405	classfreq
upayā						2:255	classfreq
upaśak						5:1	classfreq
upaśam						4:82	classfreq
upaśamay						10:11	classfreq
upaśaṅk						1:1	classfreq
upaśikṣ						6:22	classfreq
upaśleṣay						10:1	classfreq
upaśliṣ						4:11	classfreq
upaśobhay						10:212	classfreq
upaśoṣay						10:10	classfreq
upaśri						1:8	classfreq
upaśru						5:66	classfreq
upaśubh						1:1	classfreq
upaśuc						6:1	classfreq
upaśudh						4:1	classfreq
upaśuṣ						4:10	classfreq
upaśāmay						10:3	classfreq
upaśī						2:18	classfreq
upaḍhaukay						10:2	classfreq
upe				1	upe	2:2978	prefixus+classfreq
upe	abhy-			1	abhyupe		prefixus
upe	pary-			1	paryupe		prefixus
upe	praty-			1	pratyupe		prefixus
upe	sam-			1	samupe		prefixus
upekṣ				1	upekṣ	1:233	prefixus+classfreq
upekṣ	abhy-			1	abhyupekṣ		prefixus
upekṣ	praty-			1	pratyupekṣ		prefixus
upekṣ	sam-			1	samupekṣ		prefixus
upeṣ						6:2	classfreq
upoddhṛ						2:1	classfreq
upode				1	upode	2:2	prefixus+classfreq
upodgrah				1	upodgrah	9:1	prefixus+classfreq
upodāsṛp						1:2	classfreq
upoh						1:1	classfreq
upopasad						6:1	classfreq
upopaviś				1	upopaviś	6:38	prefixus+classfreq
upotthā				1	upotthā	1:10	prefixus+classfreq
upoṣay				1	upoṣay	10:1	prefixus+classfreq
upācar				1	upācar	1:119	prefixus+classfreq
upācar	sam-			1	samupācar		prefixus
upādham				1	upādham	1:2	prefixus+classfreq
upādhā				1	upādhā	3:20	prefixus+classfreq
upādhāv				1	upādhāv	1:1	prefixus+classfreq
upādiś				1	upādiś	6:4	prefixus+classfreq
upādā				1	upādā	3:333	prefixus+classfreq
upādā	sam-			1	samupādā		prefixus
upāgam				1	upāgam	1:389	prefixus+classfreq
upāgam	abhy-			1	abhyupāgam		prefixus
upāgam	sam-			1	samupāgam		prefixus
upāghrā				1	upāghrā	3:50	prefixus+classfreq
upāghrā	sam-			1	samupāghrā		prefixus
upāhan				1	upāhan	2:2	prefixus+classfreq
upāhiṇḍ						4:1	classfreq
upāhvā				1	upāhvā	4:4	prefixus+classfreq
upāhṛ				1	upāhṛ	1:36	prefixus+classfreq
upāhṛ	abhy-			1	abhyupāhṛ		prefixus
upāhṛ	praty-			1	pratyupāhṛ		prefixus
upāhṛ	sam-			1	samupāhṛ		prefixus
upāj						1:3	classfreq
upākhyā						2:2	classfreq
upākram				1	upākram	6:6	prefixus+classfreq
upākruś						4:3	classfreq
upākṛ				1	upākṛ	8:62	prefixus+classfreq
upālabh				1	upālabh	1:31	prefixus+classfreq
upālakṣ				1	upālakṣ	1:1	prefixus+classfreq
upānam						1:1	classfreq
upānvānī						1:1	classfreq
upānvāruh				1	upānvāruh	1:1	prefixus+classfreq
upānī				1	upānī	1:20	prefixus+classfreq
upānī	praty-			1	pratyupānī		prefixus
upānī	sam-			1	samupānī		prefixus
upāp						5:23	classfreq
upārabh	sam-			1	samupārabh		prefixus
upāram				1	upāram	1:15	prefixus+classfreq
upāram	vy-			1	vyupāram		prefixus
upārjay				1	upārjay	10:71	prefixus+classfreq
upārjay	sam-			1	samupārjay		prefixus
upāropay				1	upāropay	10:2	prefixus+classfreq
upāruh				1	upāruh	1:20	prefixus+classfreq
upāruh	sam-			1	samupāruh		prefixus
upārādh				1	upārādh	5:1	prefixus+classfreq
upās				3	upās	2:2|4:1746	prefixus+classfreq
upās	abhy-			1	abhyupās		prefixus
upās	pary-			1	paryupās		prefixus
upās	sam-			1	samupās		prefixus
upāsad				1	upāsad	1:5	prefixus+classfreq
upāspṛś				1	upāspṛś	6:1	prefixus+classfreq
upāsthā				1	upāsthā	1:6	prefixus+classfreq
upāsthā	sam-			1	samupāsthā		prefixus
upāstṛ				1	upāstṛ	9:1	prefixus+classfreq
upāsāday						10:2	classfreq
upāsṛj						6:1	classfreq
upātigam				1	upātigam	6:1	prefixus+classfreq
upāv						1:6	classfreq
upāvahṛ						1:7	classfreq
upāvarabh						1:1	classfreq
upāvartay				1	upāvartay	10:12	prefixus+classfreq
upāvaruh						1:8	classfreq
upāvas				1	upāvas	1:3	prefixus+classfreq
upāvasthā				1	upāvasthā	1:1	prefixus+classfreq
upāvasṛj						6:7	classfreq
upāvasṛp						1:1	classfreq
upāve						2:1	classfreq
upāviś				1	upāviś	6:8	prefixus+classfreq
upāvraj	praty-			1	pratyupāvraj		prefixus
upāvṛ	sam-			1	samupāvṛ		prefixus
upāvṛt				1	upāvṛt	1:86	prefixus+classfreq
upāvṛt	pary-			1	paryupāvṛt		prefixus
upāyanībhū						1:1	classfreq
upāyanīkṛ				1	upāyanīkṛ	8:1	prefixus+classfreq
upāyuj	sam-			1	samupāyuj		prefixus
upāyā				1	upāyā	2:62	prefixus+classfreq
upāyā	sam-			1	samupāyā		prefixus
upāś				2	upāś	5:41|9:10	prefixus+classfreq
upāś	sam-			2	samupāś		prefixus
upāśaṁs						2:1	classfreq
upāśaṅk						1:1	classfreq
upāśliṣ				1	upāśliṣ	4:1	prefixus+classfreq
upāśri				1	upāśri	1:108	prefixus+classfreq
upāśri	sam-			1	samupāśri		prefixus
upāśri	vy-			1	vyupāśri		prefixus
urarīkṛ				1	urarīkṛ	8:4	prefixus+classfreq
utkacay				1	utkacay	10:1	prefixus+classfreq
utkamp				1	utkamp	1:8	prefixus+classfreq
utkarṣay				1	utkarṣay	10:5	prefixus+classfreq
utkas						1:1	classfreq
utkaṇṭh				1	utkaṇṭh	1:25	prefixus+classfreq
utkaṇṭhay				1	utkaṇṭhay	10:6	prefixus+classfreq
utkhan				1	utkhan	1:36	prefixus+classfreq
utkhan	sam-			1	samutkhan		prefixus
utkhid						6:9	classfreq
utkleśay				1	utkleśay	10:16	prefixus+classfreq
utkleśay	sam-			1	samutkleśay		prefixus
utklid				1	utklid	4:1	prefixus+classfreq
utkliś				1	utkliś	9:23	prefixus+classfreq
utkliś	sam-			1	samutkliś		prefixus
utkoṭay						10:1	classfreq
utkram				1	utkram	6:123	prefixus+classfreq
utkram	sam-			1	samutkram		prefixus
utkram	vy-			1	vyutkram		prefixus
utkramay						10:5	classfreq
utkruś				1	utkruś	1:52	prefixus+classfreq
utkruś	sam-			1	samutkruś		prefixus
utkrāmay				1	utkrāmay	10:1	prefixus+classfreq
utkup				1	utkup	4:1	prefixus+classfreq
utkuñc						6:2	classfreq
utkuñcay				1	utkuñcay	10:1	prefixus+classfreq
utkvath				1	utkvath	1:6	prefixus+classfreq
utkvāthay				1	utkvāthay	10:6	prefixus+classfreq
utkvāthay	sam-			1	samutkvāthay		prefixus
utkāś						1:1	classfreq
utkūj				1	utkūj	1:2	prefixus+classfreq
utkūlay	sam-			1	samutkūlay		prefixus
utkṛ				1	utkṛ	6:14	prefixus+classfreq
utkṛ	sam-			1	samutkṛ		prefixus
utkṛt				1	utkṛt	6:60	prefixus+classfreq
utkṛt	sam-			1	samutkṛt		prefixus
utkṛṣ				1	utkṛṣ	1:34	prefixus+classfreq
utkṛṣ	sam-			1	samutkṛṣ		prefixus
utkṣapay				1	utkṣapay	10:1	prefixus+classfreq
utkṣip				1	utkṣip	6:141	prefixus+classfreq
utkṣip	sam-			1	samutkṣip		prefixus
utkṣubh				1	utkṣubh	9:1	prefixus+classfreq
utpad				1	utpad	4:996	prefixus+classfreq
utpad	praty-			1	pratyutpad		prefixus
utpad	sam-			1	samutpad		prefixus
utpad	vy-			1	vyutpad		prefixus
utpat				1	utpat	1:331	prefixus+classfreq
utpat	abhy-			1	abhyutpat		prefixus
utpat	sam-			1	samutpat		prefixus
utpaś				1	utpaś	4:7	prefixus+classfreq
utphal						1:1	classfreq
utphālay				1	utphālay	10:3	prefixus+classfreq
utpiṣ				1	utpiṣ	7:4	prefixus+classfreq
utpiṣ	sam-			1	samutpiṣ		prefixus
utplu				1	utplu	1:35	prefixus+classfreq
utplāvay				1	utplāvay	10:2	prefixus+classfreq
utprapat						1:1	classfreq
utprekṣ				1	utprekṣ	1:22	prefixus+classfreq
utprāsay						10:1	classfreq
utpā						1:1	classfreq
utpācay				1	utpācay	10:1	prefixus+classfreq
utpāday				1	utpāday	10:472	prefixus+classfreq
utpāday	sam-			1	samutpāday		prefixus
utpāday	vy-			1	vyutpāday		prefixus
utpātay				1	utpātay	10:3	prefixus+classfreq
utpātay	sam-			1	samutpātay		prefixus
utpāṭay				1	utpāṭay	10:104	prefixus+classfreq
utpāṭay	sam-			1	samutpāṭay		prefixus
utpīḍay				1	utpīḍay	10:17	prefixus+classfreq
utpīḍay	sam-			1	samutpīḍay		prefixus
utpū						9:33	classfreq
utsad				1	utsad	1:65	prefixus+classfreq
utsad	sam-			1	samutsad		prefixus
utsah				1	utsah	1:294	prefixus+classfreq
utsah	abhy-			1	abhyutsah		prefixus
utsah	sam-			1	samutsah		prefixus
utsarpay						10:5	classfreq
utsi						9:1	classfreq
utsic				1	utsic	6:31	prefixus+classfreq
utsidh						1:1	classfreq
utsmi				1	utsmi	1:31	prefixus+classfreq
utsmi	abhy-			1	abhyutsmi		prefixus
utsnā						2:1	classfreq
utsphoṭay						10:1	classfreq
utsu				1	utsu	5:1	prefixus+classfreq
utsveday				1	utsveday	10:1	prefixus+classfreq
utsvid				1	utsvid	4:2	prefixus+classfreq
utsā						6:2	classfreq
utsāday				1	utsāday	10:54	prefixus+classfreq
utsāday	sam-			1	samutsāday		prefixus
utsāhay				1	utsāhay	10:7	prefixus+classfreq
utsāhay	sam-			1	samutsāhay		prefixus
utsāray				1	utsāray	10:41	prefixus+classfreq
utsāray	sam-			1	samutsāray		prefixus
utsīv						4:2	classfreq
utsṛ				1	utsṛ	1:3	prefixus+classfreq
utsṛj				1	utsṛj	6:851	prefixus+classfreq
utsṛj	abhy-			1	abhyutsṛj		prefixus
utsṛj	sam-			1	samutsṛj		prefixus
utsṛp				1	utsṛp	1:9	prefixus+classfreq
utsṛp	sam-			1	samutsṛp		prefixus
uttam				1	uttam	4:1	prefixus+classfreq
uttambh						5:7	classfreq
uttambhay				1	uttambhay	10:5	prefixus+classfreq
uttan						8:2	classfreq
uttap				1	uttap	1:29	prefixus+classfreq
uttaray						10:1	classfreq
uttaṁsay						10:4	classfreq
uttaṃsay				1	uttaṃsay		prefixus
uttejay				1	uttejay	10:12	prefixus+classfreq
uttejay	sam-			1	samuttejay		prefixus
utthā				1	utthā	1:1320	prefixus+classfreq
utthā	abhy-			1	abhyutthā		prefixus
utthā	praty-			1	pratyutthā		prefixus
utthā	sam-			1	samutthā		prefixus
utthā	vy-			1	vyutthā		prefixus
utthāpay				1	utthāpay	10:171	prefixus+classfreq
utthāpay	sam-			1	samutthāpay		prefixus
utthāpay	vy-			1	vyutthāpay		prefixus
uttolay				1	uttolay	10:4	prefixus+classfreq
uttras				1	uttras	4:16	prefixus+classfreq
uttras	sam-			1	samuttras		prefixus
uttrāsay				1	uttrāsay	10:3	prefixus+classfreq
uttānay				1	uttānay	10:1	prefixus+classfreq
uttānīkṛ						8:3	classfreq
uttāpay				1	uttāpay	10:1	prefixus+classfreq
uttāray				1	uttāray	10:52	prefixus+classfreq
uttāray	sam-			1	samuttāray		prefixus
uttṛ				1	uttṛ	6:162	prefixus+classfreq
uttṛ	praty-			1	pratyuttṛ		prefixus
uttṛ	sam-			1	samuttṛ		prefixus
uñch				1	uñch	6:8	prefixus+classfreq
uḍḍī				1	uḍḍī	4:19	prefixus+classfreq
uṣ				1	uṣ	9:21	prefixus+classfreq
uṣ	praty-			1	pratyuṣ		prefixus
uṣṇībhū						1:16	classfreq
uṣṇīkṛ				1	uṣṇīkṛ	8:1	prefixus+classfreq
vac		speak	109	1	vac	2:30968	prefixus+semantics+classfreq
vac	abhi-			1	abhivac		prefixus
vac	abhyanu-			1	abhyanuvac		prefixus
vac	anu-			1	anuvac		prefixus
vac	anupra-			1	anupravac		prefixus
vac	ati-			1	ativac		prefixus
vac	paripra-			1	paripravac		prefixus
vac	pra-	declare		1	pravac		prefixus+semantics
vac	prati-			1	prativac		prefixus
vac	sampra-			1	sampravac		prefixus
vac	saṃ-			1	saṃvac		prefixus
vac	ud-			1	udvac		prefixus
vac	vi-			1	vivac		prefixus
vac	ā-			1	āvac		prefixus
vad				1	vad	1:3027	prefixus+classfreq
vad	abhi-			1	abhivad		prefixus
vad	anu-			1	anuvad		prefixus
vad	apa-			1	apavad		prefixus
vad	pari-			1	parivad		prefixus
vad	pra-	speak		1	pravad		prefixus+semantics
vad	prati-			1	prativad		prefixus
vad	pratyabhi-			1	pratyabhivad		prefixus
vad	saṃ-			1	saṃvad		prefixus
vad	saṃvi-			1	saṃvivad		prefixus
vad	upa-			1	upavad		prefixus
vad	vi-			1	vivad		prefixus
vad	visaṃ-			1	visaṃvad		prefixus
vad	vyava-			1	vyavavad		prefixus
vadanībhū						1:1	classfreq
vadh				1	vadh	4:918	prefixus+classfreq
vadh	apa-			1	apavadh		prefixus
vadh	ni-			1	nivadh		prefixus
vadh	prati-			1	prativadh		prefixus
vah		carry	1	1	vah	2:1341	prefixus+semantics+classfreq
vah	abhi-			1	abhivah		prefixus
vah	abhyā-			1	abhyāvah		prefixus
vah	adhi-			1	adhivah		prefixus
vah	apa-			1	apavah		prefixus
vah	ati-			1	ativah		prefixus
vah	ni-			1	nivah		prefixus
vah	pari-			1	parivah		prefixus
vah	parisaṃ-			1	parisaṃvah		prefixus
vah	pra-			1	pravah		prefixus
vah	samud-			1	samudvah		prefixus
vah	samudā-			1	samudāvah		prefixus
vah	samupa-			1	samupavah		prefixus
vah	samā-			1	samāvah		prefixus
vah	saṃ-			1	saṃvah		prefixus
vah	saṃvi-			1	saṃvivah		prefixus
vah	ud-			1	udvah		prefixus
vah	udā-			1	udāvah		prefixus
vah	upa-			1	upavah		prefixus
vah	vi-			1	vivah		prefixus
vah	vyapa-			1	vyapavah		prefixus
vah	ā-			1	āvah		prefixus
vakrībhū				1	vakrībhū	1:1	prefixus+classfreq
vakrīkṛ				1	vakrīkṛ	8:5	prefixus+classfreq
vakṣ						6:42	classfreq
vakṣay						10:1	classfreq
val				1	val	1:47	prefixus+classfreq
val	anu-			1	anuval		prefixus
val	saṃ-			1	saṃval		prefixus
valay				1	valay	10:6	prefixus+classfreq
valayībhū						1:1	classfreq
valayīkṛ				1	valayīkṛ	8:1	prefixus+classfreq
valg				1	valg	1:33	prefixus+classfreq
valg	abhi-			1	abhivalg		prefixus
valg	pra-			1	pravalg		prefixus
valg	ā-			1	āvalg		prefixus
vam				1	vam	1:202	prefixus+classfreq
vam	ati-			1	ativam		prefixus
vam	samud-			1	samudvam		prefixus
vam	ud-			1	udvam		prefixus
vamay				1	vamay	10:11	prefixus+classfreq
van				1	van	6:169	prefixus+classfreq
van	nis-			1	nisvan		prefixus
vand				1	vand	1:576	prefixus+classfreq
vand	abhi-			1	abhivand		prefixus
vand	pra-			1	pravand		prefixus
vand	prati-			1	prativand		prefixus
vand	saṃ-			1	saṃvand		prefixus
vand	ā-			1	āvand		prefixus
vanday				1	vanday	10:7	prefixus+classfreq
vanday	abhi-			1	abhivanday		prefixus
vap				1	vap	1:149	prefixus+classfreq
vap	abhi-			1	abhivap		prefixus
vap	ni-			1	nivap		prefixus
vap	pra-			1	pravap		prefixus
vap	prati-			1	prativap		prefixus
vap	samā-			1	samāvap		prefixus
vap	ud-			1	udvap		prefixus
vap	ā-			1	āvap		prefixus
vararucībhū						1:1	classfreq
varay				1	varay	10:201	prefixus+classfreq
varay	pra-			1	pravaray		prefixus
varay	ā-			1	āvaray		prefixus
vardhay				1	vardhay	10:362	prefixus+classfreq
vardhay	abhi-			1	abhivardhay		prefixus
vardhay	abhipra-			1	abhipravardhay		prefixus
vardhay	pari-			1	parivardhay		prefixus
vardhay	pra-			1	pravardhay		prefixus
vardhay	prativi-			1	prativivardhay		prefixus
vardhay	samabhi-			1	samabhivardhay		prefixus
vardhay	saṃ-			1	saṃvardhay		prefixus
vardhay	vi-			1	vivardhay		prefixus
vardhāpay				1	vardhāpay	10:2	prefixus+classfreq
varjay				1	varjay	10:1349	prefixus+classfreq
varjay	abhi-			1	abhivarjay		prefixus
varjay	adhi-			1	adhivarjay		prefixus
varjay	apa-			1	apavarjay		prefixus
varjay	pari-			1	parivarjay		prefixus
varjay	samapa-			1	samapavarjay		prefixus
varjay	sampari-			1	samparivarjay		prefixus
varjay	samā-			1	samāvarjay		prefixus
varjay	saṃ-			1	saṃvarjay		prefixus
varjay	upa-			1	upavarjay		prefixus
varjay	vi-			1	vivarjay		prefixus
varjay	vyā-			1	vyāvarjay		prefixus
varjay	ā-			1	āvarjay		prefixus
vartay				1	vartay	10:321	prefixus+classfreq
vartay	abhi-			1	abhivartay		prefixus
vartay	abhini-			1	abhinivartay		prefixus
vartay	abhipra-			1	abhipravartay		prefixus
vartay	abhisampra-			1	abhisampravartay		prefixus
vartay	abhyanu-			1	abhyanuvartay		prefixus
vartay	anu-			1	anuvartay		prefixus
vartay	apa-			1	apavartay		prefixus
vartay	apā-			1	apāvartay		prefixus
vartay	ati-			1	ativartay		prefixus
vartay	ni-			1	nivartay		prefixus
vartay	pari-			1	parivartay		prefixus
vartay	parā-			1	parāvartay		prefixus
vartay	pra-			1	pravartay		prefixus
vartay	prati-			1	prativartay		prefixus
vartay	pratini-			1	pratinivartay		prefixus
vartay	prā-			1	prāvartay		prefixus
vartay	sampra-			1	sampravartay		prefixus
vartay	samā-			1	samāvartay		prefixus
vartay	saṃ-			1	saṃvartay		prefixus
vartay	saṃni-			1	saṃnivartay		prefixus
vartay	ud-			1	udvartay		prefixus
vartay	udā-			1	udāvartay		prefixus
vartay	upani-			1	upanivartay		prefixus
vartay	vi-			1	vivartay		prefixus
vartay	vini-			1	vinivartay		prefixus
vartay	vipari-			1	viparivartay		prefixus
vartay	vyā-			1	vyāvartay		prefixus
vartay	ā-			1	āvartay		prefixus
vartulībhū						1:1	classfreq
varīkṛ				1	varīkṛ	8:1	prefixus+classfreq
varṣay				1	varṣay	10:14	prefixus+classfreq
varṣay	abhi-			1	abhivarṣay		prefixus
vas		dwell	2	2	vas	1:147|2:1988|6:78	prefixus+semantics+classfreq
vas	adhi-			1	adhivas		prefixus
vas	adhyā-			1	adhyāvas		prefixus
vas	anu-			1	anuvas		prefixus
vas	ni-			2	nivas		prefixus
vas	pari-			1	parivas		prefixus
vas	parā-			1	parāvas		prefixus
vas	pra-			2	pravas		prefixus
vas	prati-			1	prativas		prefixus
vas	samupa-			1	samupavas		prefixus
vas	samā-			1	samāvas		prefixus
vas	saṃ-			1	saṃvas		prefixus
vas	saṃni-			1	saṃnivas		prefixus
vas	upa-			1	upavas		prefixus
vas	vi-			2	vivas		prefixus
vas	vipra-			1	vipravas		prefixus
vas	ā-			1	āvas		prefixus
vasay						10:2	classfreq
vat						1:4	classfreq
vaç				1	vaś		prefixus
vañc				1	vañc	1:19	prefixus+classfreq
vañc	upa-			1	upavañc		prefixus
vañc	vi-			1	vivañc		prefixus
vañcay				1	vañcay	10:162	prefixus+classfreq
vañcay	pari-			1	parivañcay		prefixus
vaś						6:219	classfreq
vaśībhū				1	vaśībhū	1:11	prefixus+classfreq
vaśīkṛ				1	vaśīkṛ	8:61	prefixus+classfreq
vaśīkṛ	vi-			1	vivaśīkṛ		prefixus
vaṇīkṛ	pra-			1	pravaṇīkṛ		prefixus
vaṣaṭkṛ				1	vaṣaṭkṛ	8:48	prefixus+classfreq
vaṭakīkṛ				1	vaṭakīkṛ	8:17	prefixus+classfreq
vaṭīkṛ				1	vaṭīkṛ	8:10	prefixus+classfreq
ve				1	ve	4:38	prefixus+classfreq
ve	a-			1	ave		prefixus
ve	anva-			1	anvave		prefixus
ve	pra-			1	prave		prefixus
ve	pratya-			1	pratyave		prefixus
ve	sama-			1	samave		prefixus
ve	ā-			1	āve		prefixus
vecay	vi-			1	vivecay		prefixus
veday				1	veday	10:107	prefixus+classfreq
veday	abhi-			1	abhiveday		prefixus
veday	abhini-			1	abhiniveday		prefixus
veday	anusaṃ-			1	anusaṃveday		prefixus
veday	ni-			1	niveday		prefixus
veday	pra-			1	praveday		prefixus
veday	prati-			1	prativeday		prefixus
veday	samā-			1	samāveday		prefixus
veday	saṃ-			1	saṃveday		prefixus
veday	saṃni-			1	saṃniveday		prefixus
veday	vini-			1	viniveday		prefixus
veday	ā-			1	āveday		prefixus
vedh						1:1	classfreq
vedhay				1	vedhay	10:253	prefixus+classfreq
vejay				1	vejay	10:2	prefixus+classfreq
vejay	saṃ-			1	saṃvejay		prefixus
vejay	ud-			1	udvejay		prefixus
vekṣ	a-			1	avekṣ		prefixus
vekṣ	abhya-			1	abhyavekṣ		prefixus
vekṣ	anva-			1	anvavekṣ		prefixus
vekṣ	parya-			1	paryavekṣ		prefixus
vekṣ	pratya-			1	pratyavekṣ		prefixus
vekṣ	sama-			1	samavekṣ		prefixus
vekṣ	vya-			1	vyavekṣ		prefixus
vekṣ	ā-			1	āvekṣ		prefixus
vekṣay	a-			1	avekṣay		prefixus
vekṣay	anva-			1	anvavekṣay		prefixus
vell				1	vell	1:10	prefixus+classfreq
vell	saṃ-			1	saṃvell		prefixus
ven						1:18	classfreq
vepay				1	vepay	10:14	prefixus+classfreq
vepay	pra-			1	pravepay		prefixus
veśay				1	veśay	10:13	prefixus+classfreq
veśay	abhi-			1	abhiveśay		prefixus
veśay	abhini-			1	abhiniveśay		prefixus
veśay	anupra-			1	anupraveśay		prefixus
veśay	ni-			1	niveśay		prefixus
veśay	pra-			1	praveśay		prefixus
veśay	pratyupa-			1	pratyupaveśay		prefixus
veśay	samanupra-			1	samanupraveśay		prefixus
veśay	samupa-			1	samupaveśay		prefixus
veśay	samā-			1	samāveśay		prefixus
veśay	saṃ-			1	saṃveśay		prefixus
veśay	saṃni-			1	saṃniveśay		prefixus
veśay	saṃpra-			1	saṃpraveśay		prefixus
veśay	upa-			1	upaveśay		prefixus
veśay	upani-			1	upaniveśay		prefixus
veśay	upasaṃ-			1	upasaṃveśay		prefixus
veśay	vini-			1	viniveśay		prefixus
veśay	ā-			1	āveśay		prefixus
veṣavārīkṛ				1	veṣavārīkṛ	8:1	prefixus+classfreq
veṣay				1	veṣay	10:2	prefixus+classfreq
veṣay	pari-			1	pariveṣay		prefixus
veṣṭ				1	veṣṭ	1:37	prefixus+classfreq
veṣṭ	abhyanu-			1	abhyanuveṣṭ		prefixus
veṣṭ	pratisaṃ-			1	pratisaṃveṣṭ		prefixus
veṣṭ	saṃ-			1	saṃveṣṭ		prefixus
veṣṭ	saṃpari-			1	saṃpariveṣṭ		prefixus
veṣṭ	ud-			1	udveṣṭ		prefixus
veṣṭ	vi-			1	viveṣṭ		prefixus
veṣṭ	vyati-			1	vyativeṣṭ		prefixus
veṣṭ	vyā-			1	vyāveṣṭ		prefixus
veṣṭ	ā-			1	āveṣṭ		prefixus
veṣṭay				1	veṣṭay	10:371	prefixus+classfreq
veṣṭay	abhi-			1	abhiveṣṭay		prefixus
veṣṭay	anu-			1	anuveṣṭay		prefixus
veṣṭay	ni-			1	niveṣṭay		prefixus
veṣṭay	pari-			1	pariveṣṭay		prefixus
veṣṭay	pra-			1	praveṣṭay		prefixus
veṣṭay	sampra-			1	sampraveṣṭay		prefixus
veṣṭay	samā-			1	samāveṣṭay		prefixus
veṣṭay	saṃ-			1	saṃveṣṭay		prefixus
veṣṭay	ud-			1	udveṣṭay		prefixus
veṣṭay	upa-			1	upaveṣṭay		prefixus
veṣṭay	vi-			1	viveṣṭay		prefixus
veṣṭay	ā-			1	āveṣṭay		prefixus
vibandh						9:52	classfreq
vibandhay						10:4	classfreq
vibhaj						1:437	classfreq
vibhañj						7:7	classfreq
vibheday						10:8	classfreq
vibheṣ						1:1	classfreq
vibhid						7:129	classfreq
vibhram						4:49	classfreq
vibhraṁś						4:33	classfreq
vibhraṁśay						10:5	classfreq
vibhrāj						1:70	classfreq
vibhrājay						10:2	classfreq
vibhrāmay						10:2	classfreq
vibhuj						6:7	classfreq
vibhā						2:179	classfreq
vibhājay						10:11	classfreq
vibhās						1:5	classfreq
vibhāvay						10:172	classfreq
vibhāṣ						1:15	classfreq
vibhī						3:2	classfreq
vibhū						1:14	classfreq
vibhūṣ						1:2	classfreq
vibhūṣay						10:379	classfreq
vibhṛ						3:9	classfreq
vibodhay						10:28	classfreq
vibrū						2:41	classfreq
vibudh						4:50	classfreq
vibādh						9:5	classfreq
vibṛṁh						1:1	classfreq
vic						4:5	classfreq
vic	vi-			1	vivic		prefixus
vicakṣ						2:32	classfreq
vical						1:53	classfreq
vicar						1:465	classfreq
vicaṭ						1:1	classfreq
vicchanday						10:3	classfreq
vicchid						7:98	classfreq
vicchāday						10:2	classfreq
vicetākṛ						8:1	classfreq
viceṣṭ						1:73	classfreq
viceṣṭay						10:1	classfreq
vichāyay						10:1	classfreq
vici						5:182	classfreq
vicintay						10:286	classfreq
vicitrīkṛ						8:1	classfreq
vicyu						1:21	classfreq
vicālay						10:27	classfreq
vicāray						10:250	classfreq
vicārīkṛ						8:1	classfreq
vicṛt						6:2	classfreq
vid		know	76	2	vid	2:1278|6:6232	prefixus+semantics+classfreq
vid	abhi-			1	abhivid		prefixus
vid	adhi-			1	adhivid		prefixus
vid	anu-			2	anuvid		prefixus
vid	apa-			1	apavid		prefixus
vid	ni-			1	nivid		prefixus
vid	pari-			2	parivid		prefixus
vid	pra-			1	pravid		prefixus
vid	prati-			1	prativid		prefixus
vid	saṃ-			2	saṃvid		prefixus
vid	ā-			1	āvid		prefixus
vidah						4:103	classfreq
vidal						1:17	classfreq
vidalīkṛ						8:1	classfreq
vidarśay						10:93	classfreq
viday						10:1	classfreq
vidaṁś						1:19	classfreq
vidh				1	vidh	1:3|6:101	prefixus+classfreq
vidham						1:145	classfreq
vidhanīkṛ						8:1	classfreq
vidharṣay						10:3	classfreq
vidhmāpay						10:5	classfreq
vidhvaṁs						1:82	classfreq
vidhvaṁsay						10:34	classfreq
vidhā						3:2374	classfreq
vidhāpay						10:4	classfreq
vidhāray						10:23	classfreq
vidhāv						1:34	classfreq
vidhū						6:173	classfreq
vidhūnay						10:7	classfreq
vidhṛ						1:42	classfreq
vidru						1:209	classfreq
vidruh						4:1	classfreq
vidrāvay						10:72	classfreq
vidu						4:8	classfreq
viduṣ						4:1	classfreq
vidveṣay						10:2	classfreq
vidviṣ						6:39	classfreq
vidyotay						10:10	classfreq
vidyut						1:26	classfreq
vidyādharībhū						1:3	classfreq
vidāray						10:176	classfreq
vidīp						4:1	classfreq
vidīpay						10:16	classfreq
vidīv						4:1	classfreq
vidūṣay						10:5	classfreq
vidṛ						4:63	classfreq
vidṛś						4:71	classfreq
vigal						1:53	classfreq
vigam						6:378	classfreq
vigarh						1:109	classfreq
vigarhay						10:19	classfreq
vigarj						1:2	classfreq
vigaṇay						10:22	classfreq
vigharṣay						10:2	classfreq
vighaṭ						1:6	classfreq
vighaṭay						10:8	classfreq
vighaṭṭ						1:1	classfreq
vighaṭṭay						10:23	classfreq
vighrā						3:1	classfreq
vighuṣ						1:11	classfreq
vighātay						10:5	classfreq
vighāṭay						10:3	classfreq
vighūrṇ						1:16	classfreq
vighṛṣ						4:6	classfreq
viglāpay						10:1	classfreq
vigrah						9:61	classfreq
vigranth						9:4	classfreq
vigrāhay						10:4	classfreq
viguh						1:4	classfreq
viguṇībhū						1:1	classfreq
viguṇīkṛ						8:2	classfreq
vigā						3:3|4:7	classfreq
vigāh						1:103	classfreq
vigālay						10:1	classfreq
vihan						2:140	classfreq
vihas						1:88	classfreq
viheṭhay						10:14	classfreq
vihiṁs						7:13	classfreq
vihiṁsay						10:3	classfreq
vihval						1:24	classfreq
vihvalībhū						1:1	classfreq
vihvā						6:12	classfreq
vihvṛ						9:1	classfreq
vihā						3:1062	classfreq
vihāpay						10:2	classfreq
vihūrch						1:1	classfreq
vihṛ						1:487	classfreq
vihṛṣ						6:1	classfreq
vij		agitated	3	1	vij	6:15	prefixus+semantics+classfreq
vij	paryud-			1	paryudvij		prefixus
vij	samud-			1	samudvij		prefixus
vij	saṃ-			1	saṃvij		prefixus
vij	ud-			1	udvij		prefixus
vij	vi-			1	vivij		prefixus
vij	vyā-			1	vyāvij		prefixus
vij	ā-			1	āvij		prefixus
vijakṣ						2:1	classfreq
vijalp						1:1	classfreq
vijan						4:135	classfreq
vijanay						10:2	classfreq
vijanīkṛ						8:1	classfreq
vijarjarīkṛ						8:1	classfreq
vijayībhū						1:1	classfreq
vijeh						1:1	classfreq
viji						1:536	classfreq
vijval						1:3	classfreq
vijñapay						10:64	classfreq
vijñā						9:1723	classfreq
vijñāpay						10:183	classfreq
vijāray						10:1	classfreq
vijṛ						4:4	classfreq
vijṛmbh						1:70	classfreq
vikacīkṛ						8:1	classfreq
vikalpay						10:81	classfreq
vikalīkṛ						8:3	classfreq
vikamp						1:9	classfreq
vikampay						10:15	classfreq
vikartay						10:1	classfreq
vikarśay						10:1	classfreq
vikarṣay						10:2	classfreq
vikas						1:74	classfreq
vikathay						10:3	classfreq
vikatth						1:39	classfreq
vikhan						1:1	classfreq
vikhyā						2:400	classfreq
vikhyāpay						10:11	classfreq
viklavībhū						1:3	classfreq
viklid						4:3	classfreq
vikliś						9:1	classfreq
vikopay						10:10	classfreq
vikram						1:291	classfreq
vikramay						10:1	classfreq
vikruś						1:69	classfreq
vikrāpay						10:1	classfreq
vikrī						1:150	classfreq
vikrīḍ						1:17	classfreq
vikuñcay						10:4	classfreq
vikuṣ						9:1	classfreq
vikuṭṭay						10:2	classfreq
vikvāthay						10:1	classfreq
vikāray						10:1	classfreq
vikāsay						10:5	classfreq
vikāś						1:5	classfreq
vikāṅkṣ						1:4	classfreq
vikūj						1:3	classfreq
vikṛ						5:512|6:161	classfreq
vikṛntay						10:2	classfreq
vikṛt						6:8	classfreq
vikṛṣ						6:160	classfreq
vikṣan						8:65	classfreq
vikṣar						1:14	classfreq
vikṣi						9:3	classfreq
vikṣip						6:158	classfreq
vikṣobhay						10:46	classfreq
vikṣubh						4:2	classfreq
vikﾱp						1:10	classfreq
vilabh						1:1	classfreq
vilag						1:23	classfreq
vilajj						1:14	classfreq
vilakṣay						10:12	classfreq
vilakṣībhū						1:1	classfreq
vilakṣīkṛ						8:1	classfreq
vilal						1:1	classfreq
vilamb						1:65	classfreq
vilambay						10:1	classfreq
vilap						4:299	classfreq
vilas						1:79	classfreq
vilasay						10:1	classfreq
vilaṅgh						1:20	classfreq
vilaṅghay						10:5	classfreq
vilekhay						10:2	classfreq
vilepay						10:56	classfreq
vilih						6:10	classfreq
vilikh						6:71	classfreq
vilip						6:65	classfreq
vilobhay						10:20	classfreq
vilokay						10:282	classfreq
vilolay						10:6	classfreq
vilopay						10:5	classfreq
viloḍay						10:24	classfreq
vilul						1:15	classfreq
vilup						6:47	classfreq
viluṇṭh						1:4	classfreq
viluṭh						6:1	classfreq
vilāpay						10:16	classfreq
vilāsay						10:2	classfreq
vilī						4:108	classfreq
vilū						9:5	classfreq
vimad						4:6	classfreq
vimadībhū						1:1	classfreq
vimadīkṛ						8:1	classfreq
vimah						1:1	classfreq
vimalīkṛ						8:1	classfreq
viman						4:1	classfreq
vimarday						10:310	classfreq
vimarjay						10:1	classfreq
vimarśay						10:2	classfreq
vimath						9:29	classfreq
vimi						5:2	classfreq
vimlā						4:1	classfreq
vimlāpay						10:1	classfreq
vimocay						10:40	classfreq
vimohay						10:79	classfreq
vimokṣay						10:26	classfreq
vimrad						1:1	classfreq
vimruc						1:2	classfreq
vimuc						6:917	classfreq
vimuh						4:92	classfreq
vimukhībhū						1:1	classfreq
vimukhīkṛ						8:24	classfreq
vimuṣ						9:1	classfreq
vimā						3:24	classfreq
vimānay						10:30	classfreq
vimāray						10:3	classfreq
vimūlay						10:1	classfreq
vimūrch						1:7	classfreq
vimūrchay						10:2	classfreq
vimṛd						9:48	classfreq
vimṛg						4:1	classfreq
vimṛj						6:20	classfreq
vimṛś						6:149	classfreq
vimṛṇ						6:1	classfreq
vimṛṣ						4:5	classfreq
vinad						1:212	classfreq
vinah						4:3	classfreq
vinam						1:53	classfreq
vinamay						10:4	classfreq
vinard						1:17	classfreq
vinaś						4:546	classfreq
vinibandh						9:4	classfreq
vinibudh						4:1	classfreq
vinici						5:1	classfreq
vinidhvaṁs						1:1	classfreq
vinidhā						3:41	classfreq
vinidhāpay						10:1	classfreq
vinigaḍīkṛ						8:1	classfreq
vinigrah						9:8	classfreq
viniguh						1:4	classfreq
vinihan						2:215	classfreq
vinihnu						2:1	classfreq
vinihṛ						2:1	classfreq
vinikartay						10:1	classfreq
vinikṛ						6:17|8:17	classfreq
vinikṛt						6:14	classfreq
vinikṣ						1:2	classfreq
vinikṣan						8:1	classfreq
vinikṣip						6:392	classfreq
vinimajj						1:3	classfreq
vinimā						3:1	classfreq
vinimīlay						10:3	classfreq
vinind						1:47	classfreq
vinipad						4:1	classfreq
vinipat						1:8	classfreq
vinipiṣ						7:1	classfreq
vinipātay						10:83	classfreq
vinipāṭay						10:1	classfreq
vinirbandh						9:1	classfreq
vinirbharts						1:3	classfreq
vinirbhañj						7:1	classfreq
vinirbhid						7:52	classfreq
vinirbhrāmay						10:1	classfreq
vinirbhuj						6:2	classfreq
vinirbhā						2:2	classfreq
vinirdah						1:16	classfreq
vinirdham						4:1	classfreq
vinirdhū						5:14	classfreq
vinirdiś						6:116	classfreq
vinirgam						1:71	classfreq
vinirgṛ						9:1	classfreq
vinirhan						4:3	classfreq
vinirhṛ						1:9	classfreq
vinirji						1:53	classfreq
vinirjñā						9:1	classfreq
vinirlikh						6:2	classfreq
vinirmajj						1:1	classfreq
vinirmathay						10:2	classfreq
vinirmocay						10:1	classfreq
vinirmuc						6:223	classfreq
vinirmā						3:91	classfreq
vinirudh						7:1	classfreq
vinirvartay						10:1	classfreq
vinirvāsay						10:1	classfreq
vinirvṛ						9:1	classfreq
vinirvṛt						1:10	classfreq
viniryā						2:38	classfreq
vinirṇī						1:2	classfreq
vinisru						1:1	classfreq
vinistṛ						9:1	classfreq
vinivartay						10:29	classfreq
viniveday						10:27	classfreq
viniveśay						10:35	classfreq
viniviś						6:7	classfreq
vinivāray						10:16	classfreq
vinivṛt						1:125	classfreq
viniyam						1:21	classfreq
viniyojay						10:34	classfreq
viniyuj						7:32	classfreq
viniścar						1:7	classfreq
viniści						3:89	classfreq
viniśvas						2:9	classfreq
viniḥkṣip						6:12	classfreq
viniḥsru						1:1	classfreq
viniḥsāray						10:1	classfreq
viniḥsṛ						1:93	classfreq
viniḥsṛj						6:1	classfreq
viniḥśvas						1:43	classfreq
viniṣkram						6:44	classfreq
viniṣkṛt						6:1	classfreq
viniṣkṛṣ						6:3	classfreq
viniṣpad						4:3	classfreq
viniṣpat						1:21	classfreq
viniṣpiṣ						7:15	classfreq
viniṣpāday						10:1	classfreq
viniṣpīḍay						10:2	classfreq
viniṣūday						10:1	classfreq
viniṣṭan						1:1	classfreq
viniṣṭhiv						1:1	classfreq
viniṣṭhāpay						10:1	classfreq
vinoday						10:16	classfreq
vinud						6:5	classfreq
vinyas						4:284	classfreq
vināday						10:40	classfreq
vināmay						10:5	classfreq
vināśay						10:171	classfreq
vinī						1:342	classfreq
vip				1	vip	1:137	prefixus+classfreq
vip	a-			1	avāp		prefixus
vip	abhiv-			1	abhivyāp		prefixus
vip	ati-			1	ativip		prefixus
vip	pra-			1	pravip		prefixus
vip	sama-			1	samavāp		prefixus
vip	samabhiv-			1	samabhivyāp		prefixus
vip	sampra-			1	sampravip		prefixus
vip	samā-			1	samāvāp		prefixus
vip	saṃ-			1	saṃvip		prefixus
vip	saṃv-			1	saṃvyāp		prefixus
vip	ud-			1	udvip		prefixus
vip	v-			1	vyāp		prefixus
vipac						4:156	classfreq
vipad						4:124	classfreq
vipan						1:1	classfreq
vipare						2:3	classfreq
viparicchid						7:1	classfreq
viparidhā						3:6	classfreq
viparidhāpay						10:1	classfreq
viparidhāv						1:11	classfreq
viparihṛ						1:4	classfreq
viparikram						1:3	classfreq
viparikṛṣ						6:2	classfreq
viparimuc						6:1	classfreq
viparipat						1:1	classfreq
viparitap						1:1	classfreq
viparivartay						10:4	classfreq
viparivṛt						1:12	classfreq
vipariśram						4:1	classfreq
vipariṇam						1:8	classfreq
viparyas						4:14	classfreq
viparyāvṛt						1:1	classfreq
viparī						2:2	classfreq
vipat						1:18	classfreq
vipay						10:1	classfreq
vipaś						4:28	classfreq
vipaṇ						1:2	classfreq
vipeṣay						10:3	classfreq
viphal						1:3	classfreq
viphalīkṛ						8:8	classfreq
vipiṣ						7:1	classfreq
viplu						1:43	classfreq
viplāvay						10:3	classfreq
vipothay						10:16	classfreq
viprabhāṣ						1:1	classfreq
viprabudh						4:1	classfreq
vipracch						6:4	classfreq
vipracchad						1:1	classfreq
vipradah						4:1	classfreq
vipradhāv						1:6	classfreq
vipradru						1:38	classfreq
vipraduṣ						4:4	classfreq
vipradā						3:1	classfreq
vipradṛś						6:1	classfreq
vipragam						1:11	classfreq
vipraghuṣ						1:1	classfreq
viprahan						2:9	classfreq
viprahā						3:26	classfreq
viprajñā						9:1	classfreq
viprakāś						1:2	classfreq
viprakṛ						6:48|8:29	classfreq
viprakṛṣ						1:4	classfreq
vipralabh						1:31	classfreq
vipralambhay						10:1	classfreq
vipralap						1:7	classfreq
vipraloḍay						10:1	classfreq
vipralup						6:7	classfreq
vipramocay						10:1	classfreq
vipramohay						10:1	classfreq
vipramuc						6:51	classfreq
vipramuh						4:1	classfreq
vipramṛj						6:2	classfreq
viprasad						2:2	classfreq
viprasthā						1:11	classfreq
viprasātkṛ						8:1	classfreq
viprasṛ						3:6	classfreq
viprasṛj						6:1	classfreq
viprath						1:1	classfreq
viprathay						10:2	classfreq
vipratihā						3:1	classfreq
vipratijñā						9:1	classfreq
vipratipad						4:16	classfreq
vipratiṣidh						1:4	classfreq
vipravad						1:1	classfreq
vipravas						1:23	classfreq
vipravyadh						4:15	classfreq
vipravāsay						10:7	classfreq
viprayojay						10:3	classfreq
viprayuj						7:24	classfreq
viprayā						2:4	classfreq
vipraṇaś						4:18	classfreq
vipraṇāśay						10:2	classfreq
vipraṇī						1:2	classfreq
vipraṣic						6:1	classfreq
vipre						2:2	classfreq
viprekṣ						4:12	classfreq
viprokṣ						6:1	classfreq
vipru						1:2	classfreq
vipruṣ						5:7	classfreq
vipulīkṛ						8:1	classfreq
vipā						1:6	classfreq
vipācay						10:149	classfreq
vipāday						10:3	classfreq
vipātay						10:5	classfreq
vipāṭay						10:14	classfreq
vipū						9:2	classfreq
vipūray						10:1	classfreq
vipṛc						7:2	classfreq
vipṛṣṭhībhū						1:4	classfreq
vipṛṣṭhīkṛ						8:3	classfreq
virac						1:1	classfreq
viracay						10:99	classfreq
virad						1:4	classfreq
virah						1:28	classfreq
virahay						10:3	classfreq
virahīkṛ						8:1	classfreq
viraktīkṛ						8:1	classfreq
virakṣ						1:1	classfreq
viralībhū						1:2	classfreq
viralīkṛ						8:2	classfreq
viram						1:174	classfreq
viramay						10:2	classfreq
virasīkṛ						8:1	classfreq
virathīkṛ						8:8	classfreq
virañj						4:136	classfreq
virañjay						10:2	classfreq
virecay						10:86	classfreq
viric						7:88	classfreq
viriṣ						4:27	classfreq
virocay						10:4	classfreq
virodhay						10:20	classfreq
viropay						10:3	classfreq
viru						2:24	classfreq
viruc						1:99	classfreq
virud						2:2	classfreq
virudh						7:428	classfreq
viruh						1:34	classfreq
viruj						6:7	classfreq
virādh						5:1	classfreq
virādhay						10:1	classfreq
virāj						1:348	classfreq
virājay						10:10	classfreq
virāvay						10:1	classfreq
virāṇ						1:1	classfreq
virūkṣībhū						1:1	classfreq
vis	v-			1	vyas		prefixus
visarjay						10:246	classfreq
visarpay						10:5	classfreq
visaṁhan						4:3	classfreq
visaṁkas						1:1	classfreq
visaṁmuh						4:1	classfreq
visaṁvad						1:4	classfreq
visaṁvāday						10:2	classfreq
visaṁyuj						7:5	classfreq
viskhal						1:2	classfreq
vismi						1:313	classfreq
vismāpay						10:8	classfreq
vismāray						10:4	classfreq
vismṛ						1:128	classfreq
vispand						1:4	classfreq
visphoṭay						10:1	classfreq
visphur						6:49	classfreq
visphuṭ						6:5	classfreq
visphāray						10:95	classfreq
visphūrj						1:14	classfreq
visphūrjay						10:3	classfreq
vispṛdh						1:8	classfreq
vispṛś						6:1	classfreq
visraṁs						1:40	classfreq
visraṁsay						10:13	classfreq
visru						1:8	classfreq
visrāvay						10:33	classfreq
vistāray						10:28	classfreq
vistṛ						9:387	classfreq
visāray						10:1	classfreq
visṛ						3:30	classfreq
visṛj						4:723	classfreq
visṛp						1:52	classfreq
vitakṣ						2:3	classfreq
vitan						8:315	classfreq
vitap						1:1	classfreq
vitarṣay						10:2	classfreq
vitathīkṛ						8:5	classfreq
vitras						4:111	classfreq
vitruṭ						6:1	classfreq
vitrāsay						10:39	classfreq
vitud						6:25	classfreq
vituṣīkṛ						8:3	classfreq
vitānīkṛ						8:3	classfreq
vitāray						10:2	classfreq
vitāv						1:2	classfreq
vitāḍay						10:3	classfreq
vitṛ						1:126	classfreq
vitṛd						7:2	classfreq
vitṛp						4:20	classfreq
vivac						3:22	classfreq
vivad						1:76	classfreq
vivah						4:22	classfreq
vival						1:1	classfreq
vivalg						1:2	classfreq
vivap						1:2	classfreq
vivardhay						10:93	classfreq
vivarjay						10:695	classfreq
vivartay						10:22	classfreq
vivas						1:23|6:38	classfreq
vivañc						1:1	classfreq
vivaśīkṛ						8:2	classfreq
vivecay						10:34	classfreq
vivell						1:1	classfreq
viven						1:1	classfreq
viveṣṭ						1:21	classfreq
viveṣṭay						10:2	classfreq
vivic						7:120	classfreq
vivid						6:2	classfreq
vivij						6:5	classfreq
viviś						6:1	classfreq
vivraśc						6:8	classfreq
vivyadh						4:5	classfreq
vivā						4:4	classfreq
vivāday						10:14	classfreq
vivāhay						10:13	classfreq
vivāsay						10:50	classfreq
vivṛ						9:226	classfreq
vivṛdh						1:268	classfreq
vivṛt						1:85	classfreq
vivṛṣ						1:1	classfreq
viyam						6:3	classfreq
viyat						1:2	classfreq
viyojay						10:29	classfreq
viyu						3:8	classfreq
viyuj						4:135	classfreq
viyā						2:4	classfreq
viç				2	viś		prefixus
viç	abhi-			2	abhiviś		prefixus
viç	abhini-			1	abhiniviś		prefixus
viç	abhipra-			1	abhipraviś		prefixus
viç	abhisaṃ-			1	abhisaṃviś		prefixus
viç	abhyupa-			1	abhyupaviś		prefixus
viç	abhyā-			1	abhyāviś		prefixus
viç	adhisaṃ-			1	adhisaṃviś		prefixus
viç	anu-			1	anuviś		prefixus
viç	anuni-			1	anuniviś		prefixus
viç	anupra-			1	anupraviś		prefixus
viç	anvā-			1	anvāviś		prefixus
viç	ni-			1	niviś		prefixus
viç	pra-			1	praviś		prefixus
viç	pratini-			1	pratiniviś		prefixus
viç	pratipra-			1	pratipraviś		prefixus
viç	pratisaṃ-			1	pratisaṃviś		prefixus
viç	pratyupa-			1	pratyupaviś		prefixus
viç	samanupra-			1	samanupraviś		prefixus
viç	sampra-			1	sampraviś		prefixus
viç	samupa-			1	samupaviś		prefixus
viç	samā-			1	samāviś		prefixus
viç	saṃ-			1	saṃviś		prefixus
viç	saṃni-			1	saṃniviś		prefixus
viç	upa-			1	upaviś		prefixus
viç	upani-			1	upaniviś		prefixus
viç	v-			1	vyaś		prefixus
viç	vini-			1	viniviś		prefixus
viç	ā-			1	āviś		prefixus
viś		enter,approach	16			4:871	semantics+classfreq
viśak						5:2	classfreq
viśakalīkṛ						8:8	classfreq
viśalīkṛ						8:1	classfreq
viśas						2:2	classfreq
viśaṁs						1:28	classfreq
viśaṅk						1:38	classfreq
viśaṅkay						10:1	classfreq
viśeṣay						10:59	classfreq
viśiṣ						7:588	classfreq
viśleṣay						10:2	classfreq
viśliṣ						4:19	classfreq
viśodhay						10:147	classfreq
viśoṣay						10:121	classfreq
viśram						1:215	classfreq
viśramay						10:7	classfreq
viśrambh						1:100	classfreq
viśrambhay						10:3	classfreq
viśri						1:4	classfreq
viśru						5:562	classfreq
viśrāmay						10:7	classfreq
viśrāvay						10:26	classfreq
viśrī						9:1	classfreq
viśubh						1:2	classfreq
viśudh						4:606	classfreq
viśuṣ						4:18	classfreq
viśvas						1:175	classfreq
viśvasay						10:1	classfreq
viśvi						1:1	classfreq
viśvāsay						10:33	classfreq
viśālībhū						1:1	classfreq
viśāradīkṛ						8:1	classfreq
viśās						2:1	classfreq
viśātay						10:20	classfreq
viśṛ						4:181	classfreq
viḍamb						1:3	classfreq
viḍambay						10:37	classfreq
viṣ				1	viṣ	1:27	prefixus+classfreq
viṣ	pari-			1	pariviṣ		prefixus
viṣad						1:251	classfreq
viṣah						1:73	classfreq
viṣamībhū						1:2	classfreq
viṣamīkṛ						8:2	classfreq
viṣayībhū						1:2	classfreq
viṣayīkṛ						8:3	classfreq
viṣañj						1:49	classfreq
viṣkambh						9:11	classfreq
viṣkambhay						10:1	classfreq
viṣyand						1:5	classfreq
viṣyanday						10:3	classfreq
viṣā						6:15	classfreq
viṣāday						10:11	classfreq
viṣādībhū						1:1	classfreq
viṣībhū						1:1	classfreq
viṣṭambh						9:77	classfreq
viṣṭambhay						10:21	classfreq
viṣṭhā						1:122	classfreq
vlī						9:5	classfreq
vrad						1:1	classfreq
vraj		go,walk	2	1	vraj	1:1080	prefixus+semantics+classfreq
vraj	abhi-			1	abhivraj		prefixus
vraj	abhipra-			1	abhipravraj		prefixus
vraj	anu-			1	anuvraj		prefixus
vraj	anupra-			1	anupravraj		prefixus
vraj	anusaṃ-			1	anusaṃvraj		prefixus
vraj	ati-			1	ativraj		prefixus
vraj	pari-			1	parivraj		prefixus
vraj	pra-			1	pravraj		prefixus
vraj	pratyā-			1	pratyāvraj		prefixus
vraj	samanu-			1	samanuvraj		prefixus
vraj	samā-			1	samāvraj		prefixus
vraj	saṃ-			1	saṃvraj		prefixus
vraj	ud-			1	udvraj		prefixus
vraj	upa-			1	upavraj		prefixus
vraj	upasaṃ-			1	upasaṃvraj		prefixus
vraj	ā-			1	āvraj		prefixus
vrajay						10:1	classfreq
vraçc				1	vraśc		prefixus
vraçc	pra-			1	pravraśc		prefixus
vraçc	vi-			1	vivraśc		prefixus
vraśc						6:56	classfreq
vrādh						1:11	classfreq
vrājay						10:1	classfreq
vrājay	pra-			1	pravrājay		prefixus
vrīḍ				1	vrīḍ	1:73	prefixus+classfreq
vrīḍay				1	vrīḍay	10:2	prefixus+classfreq
vyabhicar						1:9	classfreq
vyabhicāray						10:1	classfreq
vyac						3:15	classfreq
vyadh				1	vyadh	4:1525	prefixus+classfreq
vyadh	abhi-			1	abhivyadh		prefixus
vyadh	abhisaṃ-			1	abhisaṃvyadh		prefixus
vyadh	adhi-			1	adhivyadh		prefixus
vyadh	anu-			1	anuvyadh		prefixus
vyadh	apa-			1	apavyadh		prefixus
vyadh	ati-			1	ativyadh		prefixus
vyadh	pra-			1	pravyadh		prefixus
vyadh	prati-			1	prativyadh		prefixus
vyadh	samā-			1	samāvyadh		prefixus
vyadh	saṃ-			1	saṃvyadh		prefixus
vyadh	ud-			1	udvyadh		prefixus
vyadh	upa-			1	upavyadh		prefixus
vyadh	vi-			1	vivyadh		prefixus
vyadh	vipra-			1	vipravyadh		prefixus
vyadh	vyapa-			1	vyapavyadh		prefixus
vyadh	vyā-			1	vyāvyadh		prefixus
vyadh	ā-			1	āvyadh		prefixus
vyadhay						10:9	classfreq
vyah						1:1	classfreq
vyaktībhū						1:7	classfreq
vyaktīkṛ						8:3	classfreq
vyalaṁkṛ						8:1	classfreq
vyamlībhū						1:1	classfreq
vyan						2:5	classfreq
vyanunāday						10:2	classfreq
vyanusṛ						1:3	classfreq
vyanvārabh						1:2	classfreq
vyapacar						1:1	classfreq
vyapadeśay						10:1	classfreq
vyapadiś						6:47	classfreq
vyapadru						1:1	classfreq
vyapagam						1:42	classfreq
vyapahan						2:2	classfreq
vyapahā						3:2	classfreq
vyapahṛ						1:3	classfreq
vyapakram						1:2	classfreq
vyapakṛṣ						6:20	classfreq
vyapamṛj						6:1	classfreq
vyapamṛṣ						6:1	classfreq
vyapanud						6:3	classfreq
vyapanāśay						10:2	classfreq
vyapanī						1:56	classfreq
vyapapat						1:1	classfreq
vyaparopay						10:24	classfreq
vyapasaṁsṛ						3:1	classfreq
vyapasthāpay						10:1	classfreq
vyapasṛ						3:1	classfreq
vyapasṛp						1:3	classfreq
vyapatrap						1:8	classfreq
vyapavah						4:3	classfreq
vyapavyadh						4:6	classfreq
vyapavṛt						1:1	classfreq
vyapayā						2:20	classfreq
vyape						2:79	classfreq
vyapekṣ						1:1	classfreq
vyapoh						1:191	classfreq
vyapohay						10:1	classfreq
vyapojh						6:1	classfreq
vyapāhṛ						1:1	classfreq
vyapānud						6:2	classfreq
vyapās						4:5	classfreq
vyapāśri						1:17	classfreq
vyardhay						10:23	classfreq
vyarthīkṛ						8:2	classfreq
vyas						4:45	classfreq
vyasanīkṛ						8:1	classfreq
vyath		tremble	3	1	vyath	1:335	prefixus+semantics+classfreq
vyath	pra-			1	pravyath		prefixus
vyath	saṃpra-			1	saṃpravyath		prefixus
vyathay						10:38	classfreq
vyatibhid						7:1	classfreq
vyaticeṣṭ						1:1	classfreq
vyatigam						1:1	classfreq
vyatihan						2:1	classfreq
vyatihṛ						1:2	classfreq
vyatikram						1:67	classfreq
vyatikṛ						8:1	classfreq
vyatikṛṣ						6:1	classfreq
vyatikṣip						6:1	classfreq
vyatiric						7:101	classfreq
vyatiruh						1:2	classfreq
vyatisami						2:1	classfreq
vyatisaṁdah						1:1	classfreq
vyatisev						1:1	classfreq
vyatisic						6:2	classfreq
vyatisāray						10:3	classfreq
vyatitṛ						1:1	classfreq
vyativeṣṭ						1:1	classfreq
vyativṛt						1:18	classfreq
vyatiyā						2:4	classfreq
vyatiśak						5:1	classfreq
vyatiśṛ						9:1	classfreq
vyatiṣañj						1:43	classfreq
vyatiṣañjay						10:1	classfreq
vyatyas						4:12	classfreq
vyatī						2:135	classfreq
vyavabhās						1:1	classfreq
vyavabhāsay						10:2	classfreq
vyavacchid						7:13	classfreq
vyavadhā						3:40	classfreq
vyavadhāv						1:2	classfreq
vyavadhū						5:4	classfreq
vyavadhūnay						10:1	classfreq
vyavadṛ						4:1	classfreq
vyavagāh						1:3	classfreq
vyavahāray						10:1	classfreq
vyavahṛ						1:30	classfreq
vyavakṛ						6:4	classfreq
vyavakṛt						6:2	classfreq
vyavalokay						10:46	classfreq
vyavalī						4:1	classfreq
vyavamuc						6:1	classfreq
vyavaropay						10:3	classfreq
vyavasad						1:5	classfreq
vyavasthā						1:553	classfreq
vyavasthāpay						10:72	classfreq
vyavastṛ						9:1	classfreq
vyavasā						6:206	classfreq
vyavasāyay						10:1	classfreq
vyavasṛj						6:6	classfreq
vyavasṛp						1:1	classfreq
vyavavad						1:7	classfreq
vyavaśṛ						9:1	classfreq
vyave						2:3	classfreq
vyavekṣ						1:3	classfreq
vyavān						2:5	classfreq
vyavās						4:1	classfreq
vyavāsṛj						6:1	classfreq
vyayīkṛ						8:5	classfreq
vyañc						1:1	classfreq
vyañj						7:65	classfreq
vyañjay						10:32	classfreq
vyaś						5:11	classfreq
vyaṅgīkṛ						8:1	classfreq
vye				1	vye	2:1|4:28	prefixus+classfreq
vye	adhi-			1	adhivye		prefixus
vye	pari-			1	parivye		prefixus
vye	saṃ-			1	saṃvye		prefixus
vye	upa-			1	upavye		prefixus
vyomībhū						1:1	classfreq
vyuccar						1:8	classfreq
vyucchid						7:5	classfreq
vyudas						1:19	classfreq
vyuddhṛ						1:2	classfreq
vyuddiś						6:1	classfreq
vyukṣ						6:2	classfreq
vyund						7:1	classfreq
vyupaparīkṣ						4:2	classfreq
vyuparam						1:3	classfreq
vyupayuj						7:2	classfreq
vyupaśam						4:7	classfreq
vyupāram						1:1	classfreq
vyupāśri						1:2	classfreq
vyutkram						1:17	classfreq
vyutpad						4:3	classfreq
vyutpāday						10:20	classfreq
vyutsad						1:1	classfreq
vyutsṛj						6:1	classfreq
vyutsṛp						1:1	classfreq
vyutthā						1:23	classfreq
vyutthāpay						10:6	classfreq
vyābhaṣ						1:4	classfreq
vyābhāṣ						1:7	classfreq
vyābādh						1:1	classfreq
vyābādhay						10:1	classfreq
vyācakṣ						2:49	classfreq
vyācar						1:1	classfreq
vyādhā						3:3	classfreq
vyādhū						5:3	classfreq
vyādiś						6:54	classfreq
vyādā						3:49	classfreq
vyādṛś						4:1	classfreq
vyāghoṣay						10:1	classfreq
vyāghuṣ						1:1	classfreq
vyāghātay						10:1	classfreq
vyāghūrṇ						1:6	classfreq
vyāhan						4:25	classfreq
vyāharṣay						10:1	classfreq
vyāhvā						4:2	classfreq
vyāhāray						10:1	classfreq
vyāhṛ						1:306	classfreq
vyākarṣay						10:1	classfreq
vyākhyā						2:895	classfreq
vyākhyāpay						10:2	classfreq
vyākram						1:1	classfreq
vyākruś						1:4	classfreq
vyākulībhū						1:5	classfreq
vyākulīkṛ						8:14	classfreq
vyākṛ						8:110	classfreq
vyākṛṣ						1:1	classfreq
vyākṝ						6:4	classfreq
vyākṣip						6:25	classfreq
vyālag						1:1	classfreq
vyālamb						1:4	classfreq
vyālap						4:1	classfreq
vyālikh						6:1	classfreq
vyālolay						10:1	classfreq
vyālup						6:2	classfreq
vyālībhū						1:1	classfreq
vyāmath						9:1	classfreq
vyāmohay						10:6	classfreq
vyāmīlay						10:1	classfreq
vyāmṛj						6:2	classfreq
vyānāmay						10:1	classfreq
vyānī						1:1	classfreq
vyāp						5:381	classfreq
vyāpad						4:39	classfreq
vyāpat						1:1	classfreq
vyāpay						10:4	classfreq
vyāprī						9:6	classfreq
vyāpāday						10:61	classfreq
vyāpāray						10:10	classfreq
vyāpātay						10:1	classfreq
vyārabh						1:1	classfreq
vyāsañj						1:17	classfreq
vyāsidh						1:1	classfreq
vyāsthā						1:1	classfreq
vyātan						8:2	classfreq
vyāvalg						1:2	classfreq
vyāvarjay						10:1	classfreq
vyāvartay						10:22	classfreq
vyāveṣṭ						1:1	classfreq
vyāvij						6:1	classfreq
vyāvyadh						4:21	classfreq
vyāvāray						10:1	classfreq
vyāvṛ						5:5	classfreq
vyāvṛj						7:2	classfreq
vyāvṛt						1:65	classfreq
vyāyam						1:77	classfreq
vyāśri						1:2	classfreq
vyūh						1:195	classfreq
vyūhīkṛ						8:1	classfreq
vyṛdh						5:5	classfreq
vyṛṣ						6:4	classfreq
vā				1	vā	2:212	prefixus+classfreq
vā	abhi-			1	abhivā		prefixus
vā	anu-			1	anuvā		prefixus
vā	pra-			1	pravā		prefixus
vā	saṃ-			1	saṃvā		prefixus
vā	ud-			1	udvā		prefixus
vā	upa-			1	upavā		prefixus
vā	vi-			1	vivā		prefixus
vā	ā-			1	āvā		prefixus
vācay				1	vācay	10:268	prefixus+classfreq
vāci	a-			1	avāci		prefixus
vāday				1	vāday	10:108	prefixus+classfreq
vāday	abhi-			1	abhivāday		prefixus
vāday	anu-			1	anuvāday		prefixus
vāday	apa-			1	apavāday		prefixus
vāday	pari-			1	parivāday		prefixus
vāday	pra-			1	pravāday		prefixus
vāday	samabhi-			1	samabhivāday		prefixus
vāday	saṃ-			1	saṃvāday		prefixus
vāday	vi-			1	vivāday		prefixus
vāday	visaṃ-			1	visaṃvāday		prefixus
vāgam	a-			1	avāgam		prefixus
vāh	pra-			1	pravāh		prefixus
vāhanīkṛ						8:2	classfreq
vāhay				1	vāhay	10:190	prefixus+classfreq
vāhay	adhi-			1	adhivāhay		prefixus
vāhay	anu-			1	anuvāhay		prefixus
vāhay	apa-			1	apavāhay		prefixus
vāhay	ati-			1	ativāhay		prefixus
vāhay	pari-			1	parivāhay		prefixus
vāhay	pra-			1	pravāhay		prefixus
vāhay	samabhi-			1	samabhivāhay		prefixus
vāhay	saṃ-			1	saṃvāhay		prefixus
vāhay	ud-			1	udvāhay		prefixus
vāhay	vi-			1	vivāhay		prefixus
vāhay	ā-			1	āvāhay		prefixus
vājīkṛ				1	vājīkṛ	8:3	prefixus+classfreq
vākṛ	a-			1	avākṛ		prefixus
vākṣip	a-			1	avākṣip		prefixus
vākṣip	sama-			1	samavākṣip		prefixus
vāmanīkṛ						8:1	classfreq
vāmay				1	vāmay	10:61	prefixus+classfreq
vānarīkṛ				1	vānarīkṛ	8:1	prefixus+classfreq
vānay						10:1	classfreq
vāpay				1	vāpay	10:100	prefixus+classfreq
vāpay	ni-			1	nivāpay		prefixus
vāpay	pari-			1	parivāpay		prefixus
vāpay	pra-			1	pravāpay		prefixus
vāpay	prati-			1	prativāpay		prefixus
vāpay	samā-			1	samāvāpay		prefixus
vāpay	ā-			1	āvāpay		prefixus
vāpoh	a-			1	avāpoh		prefixus
vāray				1	vāray	10:580	prefixus+classfreq
vāray	abhi-			1	abhivāray		prefixus
vāray	abhipari-			1	abhiparivāray		prefixus
vāray	anu-			1	anuvāray		prefixus
vāray	apa-			1	apavāray		prefixus
vāray	ni-			1	nivāray		prefixus
vāray	pari-			1	parivāray		prefixus
vāray	parisaṃ-			1	parisaṃvāray		prefixus
vāray	pra-			1	pravāray		prefixus
vāray	prati-			1	prativāray		prefixus
vāray	pratini-			1	pratinivāray		prefixus
vāray	pratisaṃ-			1	pratisaṃvāray		prefixus
vāray	saṃ-			1	saṃvāray		prefixus
vāray	saṃni-			1	saṃnivāray		prefixus
vāray	saṃpari-			1	saṃparivāray		prefixus
vāray	vini-			1	vinivāray		prefixus
vāray	vyā-			1	vyāvāray		prefixus
vāray	ā-			1	āvāray		prefixus
vās						1:1	classfreq
vāsay				1	vāsay	10:126	prefixus+classfreq
vāsay	adhi-			1	adhivāsay		prefixus
vāsay	ati-			1	ativāsay		prefixus
vāsay	ni-			1	nivāsay		prefixus
vāsay	pari-			1	parivāsay		prefixus
vāsay	pra-			1	pravāsay		prefixus
vāsay	prati-			1	prativāsay		prefixus
vāsay	samā-			1	samāvāsay		prefixus
vāsay	ud-			1	udvāsay		prefixus
vāsay	upa-			1	upavāsay		prefixus
vāsay	vi-			1	vivāsay		prefixus
vāsay	vipra-			1	vipravāsay		prefixus
vāsay	ā-			1	āvāsay		prefixus
vātay						10:3	classfreq
vāyay						10:1	classfreq
vāñch				1	vāñch	1:156	prefixus+classfreq
vāñch	abhi-			1	abhivāñch		prefixus
vāñch	prati-			1	prativāñch		prefixus
vāñch	samabhi-			1	samabhivāñch		prefixus
vāś						1:53	classfreq
vāśay						10:1	classfreq
vāṭīkṛ				1	vāṭīkṛ	8:1	prefixus+classfreq
vī				1	vī	2:706	prefixus+classfreq
vīj				1	vīj	1:5	prefixus+classfreq
vīj	anu-			1	anuvīj		prefixus
vīj	upa-			1	upavīj		prefixus
vījay				1	vījay	10:43	prefixus+classfreq
vījay	abhi-			1	abhivījay		prefixus
vījay	pari-			1	parivījay		prefixus
vījay	saṃ-			1	saṃvījay		prefixus
vījay	saṃpari-			1	saṃparivījay		prefixus
vījay	upa-			1	upavījay		prefixus
vīkṣ				1	vīkṣ	4:439	prefixus+classfreq
vīkṣ	abhi-			1	abhivīkṣ		prefixus
vīkṣ	anu-			1	anuvīkṣ		prefixus
vīkṣ	prati-			1	prativīkṣ		prefixus
vīkṣ	samud-			1	samudvīkṣ		prefixus
vīkṣ	ud-			1	udvīkṣ		prefixus
vīkṣay				1	vīkṣay	10:2	prefixus+classfreq
vīḍay						10:11	classfreq
vṛ		cover	4	2	vṛ	1:902|5:732	prefixus+semantics+classfreq
vṛ	abhi-			2	abhivṛ		prefixus
vṛ	abhisaṃ-			1	abhisaṃvṛ		prefixus
vṛ	anu-			1	anuvṛ		prefixus
vṛ	anusaṃ-			1	anusaṃvṛ		prefixus
vṛ	apā-			1	apāvṛ		prefixus
vṛ	ni-			1	nivṛ		prefixus
vṛ	pari-			2	parivṛ		prefixus
vṛ	pra-			2	pravṛ		prefixus
vṛ	prā-			2	prāvṛ		prefixus
vṛ	samā-			1	samāvṛ		prefixus
vṛ	saṃ-			2	saṃvṛ		prefixus
vṛ	ud-			1	udvṛ		prefixus
vṛ	vi-			1	vivṛ		prefixus
vṛ	vyā-			1	vyāvṛ		prefixus
vṛ	ā-			2	āvṛ		prefixus
vṛddhībhū						1:1	classfreq
vṛddhīkṛ				1	vṛddhīkṛ	8:1	prefixus+classfreq
vṛdh				1	vṛdh	6:1249	prefixus+classfreq
vṛdh	abhi-			1	abhivṛdh		prefixus
vṛdh	abhipra-			1	abhipravṛdh		prefixus
vṛdh	abhisaṃ-			1	abhisaṃvṛdh		prefixus
vṛdh	anu-			1	anuvṛdh		prefixus
vṛdh	anupra-			1	anupravṛdh		prefixus
vṛdh	ati-			1	ativṛdh		prefixus
vṛdh	atipra-			1	atipravṛdh		prefixus
vṛdh	atisaṃ-			1	atisaṃvṛdh		prefixus
vṛdh	pari-			1	parivṛdh		prefixus
vṛdh	pra-			1	pravṛdh		prefixus
vṛdh	prati-			1	prativṛdh		prefixus
vṛdh	sampra-			1	sampravṛdh		prefixus
vṛdh	saṃ-			1	saṃvṛdh		prefixus
vṛdh	ud-			1	udvṛdh		prefixus
vṛdh	vi-			1	vivṛdh		prefixus
vṛh						6:33	classfreq
vṛj				1	vṛj	7:152	prefixus+classfreq
vṛj	apa-			1	apavṛj		prefixus
vṛj	pari-			1	parivṛj		prefixus
vṛj	saṃ-			1	saṃvṛj		prefixus
vṛj	ā-			1	āvṛj		prefixus
vṛt		move,act	29	1	vṛt	3:2257	prefixus+semantics+classfreq
vṛt	abhi-			1	abhivṛt		prefixus
vṛt	abhini-			1	abhinivṛt		prefixus
vṛt	abhipra-			1	abhipravṛt		prefixus
vṛt	abhisamā-			1	abhisamāvṛt		prefixus
vṛt	abhyati-			1	abhyativṛt		prefixus
vṛt	abhyā-			1	abhyāvṛt		prefixus
vṛt	adhi-			1	adhivṛt		prefixus
vṛt	anu-	follow,obey		1	anuvṛt		prefixus+semantics
vṛt	anupra-			1	anupravṛt		prefixus
vṛt	apa-			1	apavṛt		prefixus
vṛt	apā-			1	apāvṛt		prefixus
vṛt	ati-	cross over		1	ativṛt		prefixus+semantics
vṛt	atipra-			1	atipravṛt		prefixus
vṛt	atyud-			1	atyudvṛt		prefixus
vṛt	ni-	return		1	nivṛt		prefixus+semantics
vṛt	pari-			1	parivṛt		prefixus
vṛt	paryā-			1	paryāvṛt		prefixus
vṛt	parā-			1	parāvṛt		prefixus
vṛt	pra-	start to act		1	pravṛt		prefixus+semantics
vṛt	prati-			1	prativṛt		prefixus
vṛt	pratini-			1	pratinivṛt		prefixus
vṛt	pratisaṃni-			1	pratisaṃnivṛt		prefixus
vṛt	pratyā-			1	pratyāvṛt		prefixus
vṛt	samabhi-			1	samabhivṛt		prefixus
vṛt	samanu-			1	samanuvṛt		prefixus
vṛt	samati-			1	samativṛt		prefixus
vṛt	sampari-			1	samparivṛt		prefixus
vṛt	sampra-			1	sampravṛt		prefixus
vṛt	samupa-			1	samupavṛt		prefixus
vṛt	samā-			1	samāvṛt		prefixus
vṛt	saṃ-			1	saṃvṛt		prefixus
vṛt	saṃni-			1	saṃnivṛt		prefixus
vṛt	ud-			1	udvṛt		prefixus
vṛt	udā-			1	udāvṛt		prefixus
vṛt	upa-			1	upavṛt		prefixus
vṛt	upani-			1	upanivṛt		prefixus
vṛt	vi-			1	vivṛt		prefixus
vṛt	vi-ni-	stop					semantics
vṛt	vi-pari-	revolve					semantics
vṛt	vini-			1	vinivṛt		prefixus
vṛt	vipari-			1	viparivṛt		prefixus
vṛt	vyapa-			1	vyapavṛt		prefixus
vṛt	vyati-			1	vyativṛt		prefixus
vṛt	vyā-			1	vyāvṛt		prefixus
vṛt	ā-	return		1	āvṛt		prefixus+semantics
vṛṣ				1	vṛṣ	6:403	prefixus+classfreq
vṛṣ	abhi-			1	abhivṛṣ		prefixus
vṛṣ	abhipra-			1	abhipravṛṣ		prefixus
vṛṣ	ati-			1	ativṛṣ		prefixus
vṛṣ	pari-			1	parivṛṣ		prefixus
vṛṣ	pra-			1	pravṛṣ		prefixus
vṛṣ	prati-			1	prativṛṣ		prefixus
vṛṣ	saṃ-			1	saṃvṛṣ		prefixus
vṛṣ	saṃpra-			1	saṃpravṛṣ		prefixus
vṛṣ	vi-			1	vivṛṣ		prefixus
xarc		worship	1				semantics
xgṝ		invoke,praise	1				semantics
xsañj		attach	2				semantics
xstu		praise	1				semantics
yabh				1	yabh	1:1	prefixus+classfreq
yaj		sacrifice, worship	11	1	yaj	2:1877	prefixus+semantics+classfreq
yaj	abhi-			1	abhiyaj		prefixus
yaj	anu-			1	anuyaj		prefixus
yaj	ati-			1	atiyaj		prefixus
yaj	pra-			1	prayaj		prefixus
yaj	saṃ-			1	saṃyaj		prefixus
yakṣ						1:1	classfreq
yam		restrain	12	1	yam	6:661	prefixus+semantics+classfreq
yam	abhisaṃ-			1	abhisaṃyam		prefixus
yam	abhyud-			1	abhyudyam		prefixus
yam	abhyā-			1	abhyāyam		prefixus
yam	anupra-			1	anuprayam		prefixus
yam	atyā-			1	atyāyam		prefixus
yam	ni-			1	niyam		prefixus
yam	parini-			1	pariniyam		prefixus
yam	pra-			1	prayam		prefixus
yam	prati-			1	pratiyam		prefixus
yam	pratini-			1	pratiniyam		prefixus
yam	pratipra-			1	pratiprayam		prefixus
yam	sampra-			1	samprayam		prefixus
yam	samud-			1	samudyam		prefixus
yam	samā-			1	samāyam		prefixus
yam	saṃ-			1	saṃyam		prefixus
yam	saṃni-			1	saṃniyam		prefixus
yam	ud-	raise		1	udyam		prefixus+semantics
yam	upa-			1	upayam		prefixus
yam	upasaṃ-			1	upasaṃyam		prefixus
yam	upavyā-			1	upavyāyam		prefixus
yam	vini-			1	viniyam		prefixus
yam	vyā-			1	vyāyam		prefixus
yam	ā-			1	āyam		prefixus
yam	āpra-			1	āprayam		prefixus
yamay				1	yamay	10:31	prefixus+classfreq
yamay	ni-			1	niyamay		prefixus
yamay	saṃ-			1	saṃyamay		prefixus
yamay	ud-			1	udyamay		prefixus
yas						3:1	classfreq
yas	samā-			1	samāyas		prefixus
yas	ā-			1	āyas		prefixus
yat		endeavour	3	1	yat	1:509	prefixus+semantics+classfreq
yat	abhisaṃ-			1	abhisaṃyat		prefixus
yat	anvā-			1	anvāyat		prefixus
yat	parā-			1	parāyat		prefixus
yat	pra-			1	prayat		prefixus
yat	prati-			1	pratiyat		prefixus
yat	pratisaṃ-			1	pratisaṃyat		prefixus
yat	samā-			1	samāyat		prefixus
yat	saṃ-			1	saṃyat		prefixus
yat	vi-			1	viyat		prefixus
yat	ā-			1	āyat		prefixus
yavay						10:10	classfreq
yay	ā-			1	āyay		prefixus
yeṣ						1:2	classfreq
yodhay				1	yodhay	10:257	prefixus+classfreq
yodhay	anu-			1	anuyodhay		prefixus
yodhay	ni-			1	niyodhay		prefixus
yodhay	pra-			1	prayodhay		prefixus
yodhay	prati-			1	pratiyodhay		prefixus
yodhay	saṃ-			1	saṃyodhay		prefixus
yodhay	ā-			1	āyodhay		prefixus
yogīkṛ				1	yogīkṛ	8:2	prefixus+classfreq
yogīkṛ	pra-			1	prayogīkṛ		prefixus
yojakībhū	pra-			1	prayojakībhū		prefixus
yojay				1	yojay	10:924	prefixus+classfreq
yojay	abhi-			1	abhiyojay		prefixus
yojay	ati-			1	atiyojay		prefixus
yojay	ni-			1	niyojay		prefixus
yojay	pari-			1	pariyojay		prefixus
yojay	pra-			1	prayojay		prefixus
yojay	prati-			1	pratiyojay		prefixus
yojay	pratyabhi-			1	pratyabhiyojay		prefixus
yojay	samā-			1	samāyojay		prefixus
yojay	saṃ-			1	saṃyojay		prefixus
yojay	saṃni-			1	saṃniyojay		prefixus
yojay	saṃpra-			1	saṃprayojay		prefixus
yojay	ud-			1	udyojay		prefixus
yojay	upa-			1	upayojay		prefixus
yojay	vi-			1	viyojay		prefixus
yojay	vini-			1	viniyojay		prefixus
yojay	vipra-			1	viprayojay		prefixus
yojay	ā-			1	āyojay		prefixus
yopay						10:5	classfreq
yu						2:25|3:69	classfreq
yu	saṃ-			1	saṃyu		prefixus
yu	upasaṃ-			1	upasaṃyu		prefixus
yu	vi-			1	viyu		prefixus
yudh		fight	7	1	yudh	2:1183	prefixus+semantics+classfreq
yudh	abhi-			1	abhiyudh		prefixus
yudh	anu-			1	anuyudh		prefixus
yudh	ni-			1	niyudh		prefixus
yudh	pra-			1	prayudh		prefixus
yudh	prati-			1	pratiyudh		prefixus
yudh	sampra-			1	samprayudh		prefixus
yudh	saṃ-			1	saṃyudh		prefixus
yudh	ā-			1	āyudh		prefixus
yugalīkṛ				1	yugalīkṛ	8:2	prefixus+classfreq
yugmīkṛ				1	yugmīkṛ	8:1	prefixus+classfreq
yuj		engage	10	1	yuj	6:5142	prefixus+semantics+classfreq
yuj	abhi-			1	abhiyuj		prefixus
yuj	abhisaṃ-			1	abhisaṃyuj		prefixus
yuj	anu-			1	anuyuj		prefixus
yuj	anupra-			1	anuprayuj		prefixus
yuj	atyupa-			1	atyupayuj		prefixus
yuj	ni-			1	niyuj		prefixus
yuj	paryanu-			1	paryanuyuj		prefixus
yuj	pra-			1	prayuj		prefixus
yuj	pratisaṃ-			1	pratisaṃyuj		prefixus
yuj	pratyanu-			1	pratyanuyuj		prefixus
yuj	sampra-			1	samprayuj		prefixus
yuj	samud-			1	samudyuj		prefixus
yuj	samupa-			1	samupayuj		prefixus
yuj	samā-			1	samāyuj		prefixus
yuj	saṃ-			1	saṃyuj		prefixus
yuj	saṃni-			1	saṃniyuj		prefixus
yuj	ud-			1	udyuj		prefixus
yuj	upa-			1	upayuj		prefixus
yuj	upasaṃ-			1	upasaṃyuj		prefixus
yuj	vi-			1	viyuj		prefixus
yuj	vini-			1	viniyuj		prefixus
yuj	vipra-			1	viprayuj		prefixus
yuj	visaṃ-			1	visaṃyuj		prefixus
yuj	vyupa-			1	vyupayuj		prefixus
yuj	ā-			1	āyuj		prefixus
yup						4:5	classfreq
yā		go,attain	29	1	yā	2:5077	prefixus+semantics+classfreq
yā	abhi-			1	abhiyā		prefixus
yā	abhipra-			1	abhiprayā		prefixus
yā	abhisampra-			1	abhisamprayā		prefixus
yā	abhisamā-			1	abhisamāyā		prefixus
yā	abhyud-			1	abhyudyā		prefixus
yā	abhyupa-			1	abhyupayā		prefixus
yā	abhyā-			1	abhyāyā		prefixus
yā	anu-			1	anuyā		prefixus
yā	anupari-			1	anupariyā		prefixus
yā	anupra-			1	anuprayā		prefixus
yā	anusaṃ-			1	anusaṃyā		prefixus
yā	apa-			1	apayā		prefixus
yā	ati-			1	atiyā		prefixus
yā	ni-			1	niyā		prefixus
yā	pari-			1	pariyā		prefixus
yā	pra-			1	prayā		prefixus
yā	prati-			1	pratiyā		prefixus
yā	pratipra-			1	pratiprayā		prefixus
yā	pratyabhi-			1	pratyabhiyā		prefixus
yā	pratyapa-			1	pratyapayā		prefixus
yā	pratyud-			1	pratyudyā		prefixus
yā	pratyupa-			1	pratyupayā		prefixus
yā	pratyā-			1	pratyāyā		prefixus
yā	prā-			1	prāyā		prefixus
yā	sam-	meet					semantics
yā	samabhi-			1	samabhiyā		prefixus
yā	samanu-			1	samanuyā		prefixus
yā	samati-			1	samatiyā		prefixus
yā	sampra-			1	samprayā		prefixus
yā	samud-			1	samudyā		prefixus
yā	samupa-			1	samupayā		prefixus
yā	samā-			1	samāyā		prefixus
yā	saṃ-			1	saṃyā		prefixus
yā	saṃprati-			1	saṃpratiyā		prefixus
yā	ud-			1	udyā		prefixus
yā	upa-			1	upayā		prefixus
yā	vi-			1	viyā		prefixus
yā	vipra-			1	viprayā		prefixus
yā	vyapa-			1	vyapayā		prefixus
yā	vyati-			1	vyatiyā		prefixus
yā	ā-			1	āyā		prefixus
yāc				1	yāc	1:551	prefixus+classfreq
yāc	abhi-			1	abhiyāc		prefixus
yāc	anu-			1	anuyāc		prefixus
yāc	pra-			1	prayāc		prefixus
yāc	prati-			1	pratiyāc		prefixus
yāc	pratyanu-			1	pratyanuyāc		prefixus
yāc	sampra-			1	samprayāc		prefixus
yāc	saṃ-			1	saṃyāc		prefixus
yāc	ud-			1	udyāc		prefixus
yāc	ā-			1	āyāc		prefixus
yācay				1	yācay	10:15	prefixus+classfreq
yācay	saṃ-			1	saṃyācay		prefixus
yād						1:5	classfreq
yājay				1	yājay	10:130	prefixus+classfreq
yājay	saṃ-			1	saṃyājay		prefixus
yāmay				1	yāmay	10:4	prefixus+classfreq
yāmay	ni-			1	niyāmay		prefixus
yāmay	ā-			1	āyāmay		prefixus
yāpay				1	yāpay	10:134	prefixus+classfreq
yāpay	pra-			1	prayāpay		prefixus
yāsay				1	yāsay	10:1	prefixus+classfreq
yāsay	ā-			1	āyāsay		prefixus
yātay				1	yātay	10:52	prefixus+classfreq
yātay	prati-			1	pratiyātay		prefixus
yāvay				1	yāvay	10:22	prefixus+classfreq
yīkṛ	sama-			1	samayīkṛ		prefixus
yīkṛ	vya-			1	vyayīkṛ		prefixus
çabd				1	śabd		prefixus
çad				1	śad		prefixus
çak				1	śak		prefixus
çak	vi-			1	viśak		prefixus
çam				1	śam		prefixus
çam	abhyupa-			1	abhyupaśam		prefixus
çam	anuni-			1	anuniśam		prefixus
çam	ni-			1	niśam		prefixus
çam	pra-			1	praśam		prefixus
çam	prati-			1	pratiśam		prefixus
çam	samupa-			1	samupaśam		prefixus
çam	saṃ-			1	saṃśam		prefixus
çam	saṃpra-			1	saṃpraśam		prefixus
çam	upa-			1	upaśam		prefixus
çam	vyupa-			1	vyupaśam		prefixus
çap				1	śap		prefixus
çap	abhi-			1	abhiśap		prefixus
çap	prati-			1	pratiśap		prefixus
çap	saṃ-			1	saṃśap		prefixus
çaṃs				1	śaṃs		prefixus
çaṃs	abhi-			1	abhiśaṃs		prefixus
çaṃs	abhipra-			1	abhipraśaṃs		prefixus
çaṃs	anupra-			1	anupraśaṃs		prefixus
çaṃs	ati-			1	atiśaṃs		prefixus
çaṃs	pra-			1	praśaṃs		prefixus
çaṃs	samabhipra-			1	samabhipraśaṃs		prefixus
çaṃs	saṃ-			1	saṃśaṃs		prefixus
çaṃs	saṃpra-			1	saṃpraśaṃs		prefixus
çaṃs	vi-			1	viśaṃs		prefixus
çaṃs	ā-			1	āśaṃs		prefixus
çaṅk				1	śaṅk		prefixus
çaṅk	abhi-			1	abhiśaṅk		prefixus
çaṅk	ati-			1	atiśaṅk		prefixus
çaṅk	pari-			1	pariśaṅk		prefixus
çaṅk	pra-			1	praśaṅk		prefixus
çaṅk	saṃ-			1	saṃśaṅk		prefixus
çaṅk	upa-			1	upaśaṅk		prefixus
çaṅk	vi-			1	viśaṅk		prefixus
çaṅk	ā-			1	āśaṅk		prefixus
çcar	ni-			1	niścar		prefixus
çcar	vini-			1	viniścar		prefixus
çi				1	śā		prefixus
çi	atyāś-			1	atyāśay		prefixus
çi	ni-			1	niśā		prefixus
çi	prāś-			1	prāśay		prefixus
çi	saṃ-			1	saṃśā		prefixus
çi	saṃprāś-			1	saṃprāśay		prefixus
çi	āś-			1	āśay		prefixus
çikṣ				1	śikṣ		prefixus
çikṣ	anu-			1	anuśikṣ		prefixus
çikṣ	upa-			1	upaśikṣ		prefixus
çiṣ				1	śiṣ		prefixus
çiṣ	anu-			1	anuśiṣ		prefixus
çiṣ	ati-			1	atiśiṣ		prefixus
çiṣ	ava-			1	avaśiṣ		prefixus
çiṣ	pari-			1	pariśiṣ		prefixus
çiṣ	paryava-			1	paryavaśiṣ		prefixus
çiṣ	prativi-			1	prativiśiṣ		prefixus
çiṣ	vi-			1	viśiṣ		prefixus
çliṣ				1	śliṣ		prefixus
çliṣ	abhisaṃ-			1	abhisaṃśliṣ		prefixus
çliṣ	ati-			1	atiśliṣ		prefixus
çliṣ	samā-			1	samāśliṣ		prefixus
çliṣ	saṃ-			1	saṃśliṣ		prefixus
çliṣ	upa-			1	upaśliṣ		prefixus
çliṣ	vi-			1	viśliṣ		prefixus
çliṣ	ā-			1	āśliṣ		prefixus
çlāgh				1	ślāgh		prefixus
çram				1	śram		prefixus
çram	abhi-			1	abhiśram		prefixus
çram	abhivi-			1	abhiviśram		prefixus
çram	pari-			1	pariśram		prefixus
çram	parivi-			1	pariviśram		prefixus
çram	saṃ-			1	saṃśram		prefixus
çram	vi-			1	viśram		prefixus
çrambh	vi-			1	viśrambh		prefixus
çri				1	śri		prefixus
çri	abhi-			1	abhiśri		prefixus
çri	abhisaṃ-			1	abhisaṃśri		prefixus
çri	adhi-			1	adhiśri		prefixus
çri	adhyā-			1	adhyāśri		prefixus
çri	anu-			1	anuśri		prefixus
çri	anvā-			1	anvāśri		prefixus
çri	apā-			1	apāśri		prefixus
çri	ni-			1	niśri		prefixus
çri	pari-			1	pariśri		prefixus
çri	pra-			1	praśri		prefixus
çri	samadhi-			1	samadhiśri		prefixus
çri	samā-			1	samāśri		prefixus
çri	saṃ-			1	saṃśri		prefixus
çri	upa-			1	upaśri		prefixus
çri	upasaṃ-			1	upasaṃśri		prefixus
çri	vyapā-			1	vyapāśri		prefixus
çri	ā-			1	āśri		prefixus
çru				1	śru		prefixus
çru	abhi-			1	abhiśru		prefixus
çru	abhivi-			1	abhiviśru		prefixus
çru	anu-			1	anuśru		prefixus
çru	pari-			1	pariśru		prefixus
çru	prati-			1	pratiśru		prefixus
çru	samupa-			1	samupaśru		prefixus
çru	samā-			1	samāśru		prefixus
çru	saṃ-			1	saṃśru		prefixus
çru	upa-			1	upaśru		prefixus
çru	vi-			1	viśru		prefixus
çru	ā-			1	āśru		prefixus
çrī				1	śrī		prefixus
çrī	pari-			1	pariśrī		prefixus
çubh				1	śubh		prefixus
çubh	pari-			1	pariśubh		prefixus
çubh	upa-			1	upaśubh		prefixus
çubh	vi-			1	viśubh		prefixus
çuc				1	śuc		prefixus
çuc	abhi-			1	abhiśuc		prefixus
çuc	anu-			1	anuśuc		prefixus
çuc	ni-			1	niśuc		prefixus
çuc	pari-			1	pariśuc		prefixus
çuc	pra-			1	praśuc		prefixus
çuc	samanu-			1	samanuśuc		prefixus
çuc	saṃ-			1	saṃśuc		prefixus
çudh				1	śudh		prefixus
çudh	pari-			1	pariśudh		prefixus
çudh	parisaṃ-			1	parisaṃśudh		prefixus
çudh	saṃ-			1	saṃśudh		prefixus
çudh	vi-			1	viśudh		prefixus
çuṣ				1	śuṣ		prefixus
çuṣ	pari-			1	pariśuṣ		prefixus
çuṣ	pra-			1	praśuṣ		prefixus
çuṣ	saṃ-			1	saṃśuṣ		prefixus
çuṣ	upa-			1	upaśuṣ		prefixus
çuṣ	vi-			1	viśuṣ		prefixus
çvas				1	śvas		prefixus
çvas	abhiniḥ-			1	abhiniḥśvas		prefixus
çvas	abhivi-			1	abhiviśvas		prefixus
çvas	atiniḥ-			1	atiniḥśvas		prefixus
çvas	ni-			1	niśvas		prefixus
çvas	niḥ-			1	niḥśvas		prefixus
çvas	parivi-			1	pariviśvas		prefixus
çvas	paryā-			1	paryāśvas		prefixus
çvas	parā-			1	parāśvas		prefixus
çvas	pra-			1	praśvas		prefixus
çvas	pratyā-			1	pratyāśvas		prefixus
çvas	samā-			1	samāśvas		prefixus
çvas	vi-			1	viśvas		prefixus
çvas	vini-			1	viniśvas		prefixus
çvas	viniḥ-			1	viniḥśvas		prefixus
çvas	ā-			1	āśvas		prefixus
çvi				1	śvi		prefixus
çvi	pra-			1	praśvi		prefixus
çvi	saṃ-			1	saṃśvi		prefixus
çyā				1	śyā		prefixus
çyā	ā-			1	āśyā		prefixus
çās				1	śās		prefixus
çās	abhi-			1	abhiśās		prefixus
çās	abhyanu-			1	abhyanuśās		prefixus
çās	anu-			1	anuśās		prefixus
çās	ava-			1	avaśās		prefixus
çās	pra-			1	praśās		prefixus
çās	samanu-			1	samanuśās		prefixus
çās	sampra-			1	sampraśās		prefixus
çās	saṃ-			1	saṃśās		prefixus
çās	vi-			1	viśās		prefixus
çās	ā-			1	āśās		prefixus
çī				2	śī		prefixus
çī	adhi-			1	adhiśī		prefixus
çī	anu-			1	anuśī		prefixus
çī	ati-			1	atiśī		prefixus
çī	niḥ-			1	niḥśī		prefixus
çī	prati-			1	pratiśī		prefixus
çī	samadhi-			1	samadhiśī		prefixus
çī	samanu-			1	samanuśī		prefixus
çī	saṃ-			1	saṃśī		prefixus
çī	upa-			1	upaśī		prefixus
çī	ā-			1	āśī		prefixus
çṛ				1	śṛ		prefixus
çṛ	abhivi-			1	abhiviśṛ		prefixus
çṛ	ava-			1	avaśṛ		prefixus
çṛ	pra-			1	praśṛ		prefixus
çṛ	pravi-			1	praviśṛ		prefixus
çṛ	saṃ-			1	saṃśṛ		prefixus
çṛ	vi-			1	viśṛ		prefixus
çṛ	vyati-			1	vyatiśṛ		prefixus
çṛ	ā-			1	āśṛ		prefixus
ñc	ā-			1	āñc		prefixus
ñcay	a-			1	añcay		prefixus
ñjalībhū	prā-			1	prāñjalībhū		prefixus
ñjay	a-			1	añjay		prefixus
ñjay	abhivya-			1	abhivyañjay		prefixus
ñjay	abhya-			1	abhyañjay		prefixus
ñjay	avasa-			1	avasañjay		prefixus
ñjay	prasa-			1	prasañjay		prefixus
ñjay	sama-			1	samañjay		prefixus
ñjay	vya-			1	vyañjay		prefixus
ñjay	āsa-			1	āsañjay		prefixus
ābandh						9:94	classfreq
ābhaj						1:16	classfreq
ābhraṁśay						10:1	classfreq
ābhrāmay						10:1	classfreq
ābhuj						6:19	classfreq
ābhā						2:136	classfreq
ābhās						1:17	classfreq
ābhāsay						10:7	classfreq
ābhāsībhū						1:1	classfreq
ābhāṣ						1:99	classfreq
ābhū						1:37	classfreq
ābhūṣ						1:4	classfreq
ābhṛ						3:63	classfreq
ābodhay						10:1	classfreq
ābrū						2:1	classfreq
ābādh						1:4	classfreq
ācakṣ						1:691	classfreq
ācam						1:286	classfreq
ācamay						10:1	classfreq
ācar						1:902	classfreq
ācchad						1:27	classfreq
ācchanday						10:1	classfreq
ācchid						7:73	classfreq
ācchāday						10:217	classfreq
āceṣṭ						1:3	classfreq
āci						5:144	classfreq
ācintay						10:2	classfreq
ācit						1:1	classfreq
ācoday						10:1	classfreq
ācumb						1:1	classfreq
ācyu						1:2	classfreq
ācālay						10:3	classfreq
ācāmay						10:19	classfreq
ācūṣ						1:3	classfreq
ācṛt						6:1	classfreq
ādabh						5:4	classfreq
ādah						1:1	classfreq
ādanīkṛ						8:1	classfreq
ādarśay						10:8	classfreq
āday						10:6	classfreq
ādaṁś						1:4	classfreq
ādeśay						10:15	classfreq
ādham						4:49	classfreq
ādharṣay						10:4	classfreq
ādhmāpay						10:15	classfreq
ādhvaṁs						1:1	classfreq
ādhyā						4:99	classfreq
ādhyāyay						10:21	classfreq
ādhā						3:704	classfreq
ādhāpay						10:1	classfreq
ādhāray						10:3	classfreq
ādhārīkṛ						8:1	classfreq
ādhāv						1:11	classfreq
ādhīkṛ						8:2	classfreq
ādhū						9:28	classfreq
ādhṛ						1:3	classfreq
ādhṛṣ						5:15	classfreq
ādih						6:22	classfreq
ādikṛ						8:1	classfreq
ādiś						6:456	classfreq
ādo						6:1	classfreq
ādru						1:66	classfreq
āduh						2:2	classfreq
ādyut						1:1	classfreq
ādā						4:2151	classfreq
ādīp						4:20	classfreq
ādīpay						10:25	classfreq
ādṛ						1:140|2:2	classfreq
ādṛś						4:1	classfreq
āgadh						1:1	classfreq
āgal						1:6	classfreq
āgam						6:3787	classfreq
āgamay						10:32	classfreq
āgaskṛ						8:2	classfreq
āghaṭṭay						10:8	classfreq
āghoṣay						10:4	classfreq
āghrā						4:109	classfreq
āghrāpay						10:1	classfreq
āghuṣ						1:3	classfreq
āghāray						10:7	classfreq
āghātay						10:2	classfreq
āghūrṇ						1:17	classfreq
āgrah						9:3	classfreq
āgur						6:5	classfreq
āgā						3:114|4:16	classfreq
āhan						2:456	classfreq
āhiṇḍ						1:2	classfreq
āhlāday						10:4	classfreq
āhu						3:119	classfreq
āhutīkṛ						8:2	classfreq
āhvā						4:494	classfreq
āhvānay						10:3	classfreq
āhvāyay						10:4	classfreq
āhāray						10:56	classfreq
āhṛ						1:803	classfreq
āhṛṣ						4:4	classfreq
āj						1:8	classfreq
ājan						4:20	classfreq
ājap						1:3	classfreq
āji						1:4	classfreq
ājuṣ						6:1	classfreq
ājvālay						10:1	classfreq
ājñapay						10:49	classfreq
ājñā						9:184	classfreq
ājñāpay						10:212	classfreq
ājīv						1:5	classfreq
ājīvay						10:2	classfreq
ākal						10:2	classfreq
ākalay						10:17	classfreq
ākalpay						10:1	classfreq
ākam						1:1	classfreq
ākamp						1:4	classfreq
ākampay						10:12	classfreq
ākan						4:2	classfreq
ākarṣay						10:12	classfreq
ākhid						6:1	classfreq
ākhyā						4:843	classfreq
ākhyāpay						10:2	classfreq
ākhād						1:1	classfreq
ākleday						10:1	classfreq
āklid						4:2	classfreq
ākoṭay						10:7	classfreq
ākram						6:385	classfreq
ākramay						10:2	classfreq
ākrand						1:21	classfreq
ākranday						10:2	classfreq
ākrudh						4:2	classfreq
ākruś						4:60	classfreq
ākrīḍ						1:7	classfreq
ākulībhū						1:3	classfreq
ākulīkṛ						8:16	classfreq
ākuñc						1:1	classfreq
ākuñcay						10:39	classfreq
ākāray						10:27	classfreq
ākāṅkṣ						1:91	classfreq
ākūj						1:3	classfreq
ākṛ						6:270|8:19	classfreq
ākṛṣ						6:279	classfreq
ākṣan						8:1	classfreq
ākṣepay						10:1	classfreq
ākṣi						4:2	classfreq
ākṣip						4:206	classfreq
ākṣālay						10:2	classfreq
ākṣāray						10:8	classfreq
ālabh						1:162	classfreq
ālag						1:4	classfreq
ālakṣay						10:79	classfreq
ālamb						1:122	classfreq
ālambanībhū						1:1	classfreq
ālambanīkṛ						8:1	classfreq
ālambay						10:1	classfreq
ālambhay						10:2	classfreq
ālap						1:16	classfreq
ālepay						10:22	classfreq
ālih						6:6	classfreq
ālikh						6:54	classfreq
ālip						6:68	classfreq
āliṅg						1:41	classfreq
āliṅgay						10:113	classfreq
ālocay						10:89	classfreq
ālokay						10:347	classfreq
ālolay						10:1	classfreq
āloḍay						10:86	classfreq
ālul						1:1	classfreq
ālup						6:3	classfreq
āluñc						1:1	classfreq
āluḍ						4:1	classfreq
ālāpay						10:2	classfreq
ālī						4:16	classfreq
ālū						9:2	classfreq
āmad						4:1	classfreq
āmajj						1:1	classfreq
āmanthay						10:1	classfreq
āmarday						10:2	classfreq
āmarṣay						10:5	classfreq
āmath						9:3	classfreq
āmlā						4:1	classfreq
āmnā						1:41	classfreq
āmoday						10:7	classfreq
āmreḍay						10:6	classfreq
āmuc						6:43	classfreq
āmukhībhū						1:1	classfreq
āmukhīkṛ						8:7	classfreq
āmuṣ						9:1	classfreq
āmī						9:2	classfreq
āmīlay						10:11	classfreq
āmṛd						9:2	classfreq
āmṛj						2:4	classfreq
āmṛś						6:28	classfreq
ānad						1:1	classfreq
ānah						4:27	classfreq
ānam						1:112	classfreq
ānamay						10:7	classfreq
ānand						1:14	classfreq
ānanday						10:12	classfreq
ānartay						10:4	classfreq
āniṣad						2:2	classfreq
ānāmay						10:3	classfreq
ānāyay						10:85	classfreq
ānī						1:836	classfreq
ānṛt						4:1	classfreq
āp		obtain	41	1	āp	1:1568	prefixus+semantics+classfreq
āp	parisam-			1	parisamāp		prefixus
āp	pary-			1	paryāp		prefixus
āp	sam-			1	samāp		prefixus
āp	vi-	pervade					semantics
āpad						4:703	classfreq
āpat						1:372	classfreq
āpay						10:3	classfreq
āpibd						1:1	classfreq
āpiṣ						7:1	classfreq
āplu						1:222	classfreq
āpluṣ						1:1	classfreq
āplāvay						10:35	classfreq
āpothay						10:18	classfreq
āpracch						6:70	classfreq
āprayam						1:2	classfreq
āprā						2:11	classfreq
āprī						9:10	classfreq
āpyā						5:75	classfreq
āpyāyay						10:117	classfreq
āpā						1:19	classfreq
āpāday						10:84	classfreq
āpāray						10:1	classfreq
āpātay						10:3	classfreq
āpāyay						10:2	classfreq
āpāṇḍurībhū						1:1	classfreq
āpāṭay						10:4	classfreq
āpīḍay						10:14	classfreq
āpū						9:1	classfreq
āpūjay						10:1	classfreq
āpūray						10:144	classfreq
āpṛ						9:5	classfreq
āpṛc						7:4	classfreq
āpṛṇ						6:6	classfreq
āp￞						4:83	classfreq
ār						1:4|4:2	classfreq
ārabh						1:815	classfreq
āracay						10:4	classfreq
ārakṣ						1:3	classfreq
āram						1:10	classfreq
ārambaṇīkṛ						8:2	classfreq
ārambhay						10:2	classfreq
ārañj						4:5	classfreq
āraṭ						1:7	classfreq
ārch						6:8	classfreq
ārdrīkṛ						8:7	classfreq
āric						7:1	classfreq
ārih						2:1	classfreq
āriś						6:1	classfreq
āriṣ						4:1	classfreq
ārocay						10:83	classfreq
ārodhay						10:1	classfreq
ārohay						10:22	classfreq
āropay						10:349	classfreq
āroṣay						10:1	classfreq
ārpay						10:6	classfreq
ārudh						7:12	classfreq
āruh						6:928	classfreq
āruj						6:38	classfreq
ārādh						5:3	classfreq
ārādhay						10:435	classfreq
ās		sit	15	1	ās	4:2696	prefixus+semantics+classfreq
ās	adhy-			1	adhyās		prefixus
ās	anv-			1	anvās		prefixus
ās	pary-			1	paryās		prefixus
ās	pratisam-			1	pratisamās		prefixus
ās	sam-			1	samās		prefixus
ās	samadhy-			1	samadhyās		prefixus
ās	ud-			1	udās		prefixus
ās	upa-	worship					semantics
āsad						2:310	classfreq
āsannībhū						1:6	classfreq
āsanīkṛ						8:1	classfreq
āsay						10:6	classfreq
āsañj						1:197	classfreq
āsañjay						10:1	classfreq
āsaṁji						2:1	classfreq
āsecay						10:4	classfreq
āsedhay						10:6	classfreq
āsev						1:73	classfreq
āsevay						10:1	classfreq
āsic						6:46	classfreq
āsidh						1:4	classfreq
āsiñj						1:1	classfreq
āskand						1:3	classfreq
āspadībhū						1:1	classfreq
āspadīkṛ						8:1	classfreq
āspand						1:2	classfreq
āsphoṭay						10:44	classfreq
āsphālay						10:12	classfreq
āspṛś						6:1	classfreq
āsru						1:7	classfreq
āsrāvay						10:12	classfreq
āsthā						1:1191	classfreq
āsthāpay						10:41	classfreq
āstu						2:3	classfreq
āstyai						1:1	classfreq
āstṛ						5:133	classfreq
āsu						6:10	classfreq
āsvad						1:2	classfreq
āsvid						1:1	classfreq
āsvāday						10:70	classfreq
āsāday						10:1000	classfreq
āsāray						10:1	classfreq
āsū						6:2	classfreq
āsṛ						3:3	classfreq
āsṛj						6:1	classfreq
āsṛp						1:2	classfreq
ātam						4:1	classfreq
ātan						8:79	classfreq
ātap						1:13	classfreq
ātarjay						10:1	classfreq
ātañc						7:2	classfreq
ātmībhū						1:1	classfreq
ātmīkṛ						8:7	classfreq
ātud						6:3	classfreq
ātuj						7:1	classfreq
ātāpay						10:1	classfreq
ātāḍay						10:2	classfreq
ātṛ						8:10	classfreq
ātṛd						7:3	classfreq
āvac						3:2	classfreq
āvad						1:7	classfreq
āvadh						1:1	classfreq
āvah						4:143	classfreq
āvalg						1:4	classfreq
āvand						1:2	classfreq
āvap						1:74	classfreq
āvaray						10:1	classfreq
āvarjay						10:60	classfreq
āvartay						10:174	classfreq
āvas						1:68	classfreq
āve						4:44	classfreq
āveday						10:82	classfreq
āvekṣ						1:1	classfreq
āveśay						10:55	classfreq
āveṣṭ						1:1	classfreq
āveṣṭay						10:58	classfreq
āvid						2:2|6:3	classfreq
āvij						6:20	classfreq
āviras						2:11	classfreq
āvirbhāvay						10:3	classfreq
āvirbhū						1:53	classfreq
āvirdhā						3:1	classfreq
āviś						6:882	classfreq
āviṣkṛ						8:38	classfreq
āviṣṭ						6:3	classfreq
āvraj						1:68	classfreq
āvraśc						6:6	classfreq
āvyadh						4:83	classfreq
āvye						4:2	classfreq
āvā						2:1	classfreq
āvāhay						10:119	classfreq
āvāpay						10:34	classfreq
āvāray						10:41	classfreq
āvāsay						10:8	classfreq
āvī						2:1	classfreq
āvṛ						5:952|9:10	classfreq
āvṛh						6:3	classfreq
āvṛj						7:9	classfreq
āvṛt						1:189	classfreq
āyaj						1:11	classfreq
āyam						6:567	classfreq
āyas						4:38	classfreq
āyat						1:128	classfreq
āyay						10:4	classfreq
āyodhay						10:3	classfreq
āyojay						10:8	classfreq
āyu						6:3	classfreq
āyudh						4:2	classfreq
āyuj						7:16	classfreq
āyā						2:1081	classfreq
āyāc						1:25	classfreq
āyāmay						10:2	classfreq
āyāsay						10:12	classfreq
āyātay						10:12	classfreq
āñc						1:44	classfreq
āñch				1	āñch	1:6	prefixus+classfreq
āñj						7:11	classfreq
āś						5:5	classfreq
āśay						10:52	classfreq
āśaṁs						2:178	classfreq
āśaṅk						1:65	classfreq
āścotay						10:1	classfreq
āśliṣ						6:51	classfreq
āśodhay						10:1	classfreq
āśram						4:1	classfreq
āśrayībhū						1:1	classfreq
āśri						1:1078	classfreq
āśru						5:9	classfreq
āśrāvay						10:11	classfreq
āśrī						9:1	classfreq
āśuṣ						6:8	classfreq
āśvas						2:72	classfreq
āśvāsay						10:226	classfreq
āśyā						4:10	classfreq
āśyānay						10:3	classfreq
āśās						1:75	classfreq
āśī						1:13	classfreq
āśṛ						9:2	classfreq
āḍhaukay						10:1	classfreq
ībhū	sam-			1	samībhū		prefixus
īh		desire	2	1	īh	1:97	prefixus+semantics+classfreq
īh	sam-			1	samīh		prefixus
īhay						10:1	classfreq
īkṛ	sam-			1	samīkṛ		prefixus
īkṣ		see	9	1	īkṣ	4:325	prefixus+semantics+classfreq
īkṣ	abhisam-			1	abhisamīkṣ		prefixus
īkṣ	abhyud-			1	abhyudīkṣ		prefixus
īkṣ	anv-			1	anvīkṣ		prefixus
īkṣ	apa-	look away					semantics
īkṣ	prasam-			1	prasamīkṣ		prefixus
īkṣ	pratisam-			1	pratisamīkṣ		prefixus
īkṣ	pratyud-			1	pratyudīkṣ		prefixus
īkṣ	sam-	consider		1	samīkṣ		prefixus+semantics
īkṣ	sam-pra-	stare					semantics
īkṣ	samud-			1	samudīkṣ		prefixus
īkṣ	ud-			1	udīkṣ		prefixus
īkṣ	vi-	look					semantics
īkṣay				1	īkṣay	10:11	prefixus+classfreq
īr				1	īr	2:56	prefixus+classfreq
īr	abhyud-			1	abhyudīr		prefixus
īr	pratyud-			1	pratyudīr		prefixus
īr	sam-			1	samīr		prefixus
īr	samabhyud-			1	samabhyudīr		prefixus
īr	samud-			1	samudīr		prefixus
īr	ud-			1	udīr		prefixus
īray				1	īray	10:481	prefixus+classfreq
īray	abhisam-			1	abhisamīray		prefixus
īray	abhyud-			1	abhyudīray		prefixus
īray	sam-			1	samīray		prefixus
īray	samud-			1	samudīray		prefixus
īray	ud-			1	udīray		prefixus
īrṣy				1	īrṣy	1:2	prefixus+classfreq
īrṣy	sam-			1	samīrṣy		prefixus
īç				2	āś		prefixus
īñj				1	āñj		prefixus
īś						2:245	classfreq
īḍ				1	īḍ	2:216	prefixus+classfreq
īḍ	sam-			1	samīḍ		prefixus
īṅkhay						10:8	classfreq
īṣ						1:18	classfreq
īṣ	samud-			1	samudīṣ		prefixus
śabd						1:1	classfreq
śad						1:22	classfreq
śailībhū				1	śailībhū	1:7	prefixus+classfreq
śailīkṛ				1	śailīkṛ	8:2	prefixus+classfreq
śak		to be able to	4			4:1544	semantics+classfreq
śakalībhū				1	śakalībhū	1:6	prefixus+classfreq
śakalīkṛ				1	śakalīkṛ	8:16	prefixus+classfreq
śakalīkṛ	vi-			1	viśakalīkṛ		prefixus
śakulīkṛ				1	śakulīkṛ	8:1	prefixus+classfreq
śalīkṛ	vi-			1	viśalīkṛ		prefixus
śam						1:936	classfreq
śamay				1	śamay	10:237	prefixus+classfreq
śamay	ni-			1	niśamay		prefixus
śamay	pari-			1	pariśamay		prefixus
śamay	pra-			1	praśamay		prefixus
śamay	saṃ-			1	saṃśamay		prefixus
śamay	upa-			1	upaśamay		prefixus
śap						1:418	classfreq
śataguṇībhū						1:1	classfreq
śaṁs		praise	1			2:1393	semantics+classfreq
śaṁsay						10:15	classfreq
śaṃsay	pra-			1	praśaṃsay		prefixus
śaṅk						1:243	classfreq
śaṅkay	vi-			1	viśaṅkay		prefixus
ścal	ni-			1	niścal		prefixus
ścalīkṛ	ni-			1	niścalīkṛ		prefixus
ścam						9:1	classfreq
śchidrīkṛ	ni-			1	niśchidrīkṛ		prefixus
ści	ni-			1	niści		prefixus
ści	parini-			1	pariniści		prefixus
ści	vini-			1	viniści		prefixus
ścintay	parini-			1	pariniścintay		prefixus
ścotay						10:2	classfreq
ścotay	ni-			1	niścotay		prefixus
ścotay	ā-			1	āścotay		prefixus
ścut						1:14	classfreq
ścyutay	ni-			1	niścyutay		prefixus
ścāray	ni-			1	niścāray		prefixus
śekharībhū				1	śekharībhū	1:2	prefixus+classfreq
śekharīkṛ						8:1	classfreq
śeṣay				1	śeṣay	10:30	prefixus+classfreq
śeṣay	ava-			1	avaśeṣay		prefixus
śeṣay	niḥ-			1	niḥśeṣay		prefixus
śeṣay	pari-			1	pariśeṣay		prefixus
śeṣay	vi-			1	viśeṣay		prefixus
śeṣībhū				1	śeṣībhū	1:3	prefixus+classfreq
śeṣīkṛ						8:2	classfreq
śikhīkṛ				1	śikhīkṛ	8:3	prefixus+classfreq
śikṣ						6:314	classfreq
śikṣay				2	śikṣay	10:302	prefixus+classfreq
śikṣay	abhi-			1	abhiśikṣay		prefixus
śikṣāpay						10:2	classfreq
śithilībhū				1	śithilībhū	1:9	prefixus+classfreq
śithilīkṛ				1	śithilīkṛ	8:13	prefixus+classfreq
śivamayīkṛ				1	śivamayīkṛ	8:1	prefixus+classfreq
śivībhū				1	śivībhū	1:4	prefixus+classfreq
śivīkṛ				1	śivīkṛ	8:1	prefixus+classfreq
śiñj						2:3	classfreq
śiśirīkṛ				1	śiśirīkṛ	8:1	prefixus+classfreq
śiṣ		distinguish	6			4:133	semantics+classfreq
śiṣ	ava-	it is left					semantics
śiṣyīkṛ						8:1	classfreq
ślakṣṇīkṛ				1	ślakṣṇīkṛ	8:3	prefixus+classfreq
ślath						1:2	classfreq
ślathīkṛ				1	ślathīkṛ	8:3	prefixus+classfreq
śleṣay				1	śleṣay	10:4	prefixus+classfreq
śleṣay	saṃ-			1	saṃśleṣay		prefixus
śleṣay	upa-			1	upaśleṣay		prefixus
śleṣay	vi-			1	viśleṣay		prefixus
śliṣ						6:86	classfreq
ślāgh						1:165	classfreq
ślāghay				1	ślāghay	10:2	prefixus+classfreq
śnath						2:18	classfreq
śnathay						10:4	classfreq
śobhay				1	śobhay	10:291	prefixus+classfreq
śobhay	abhi-			1	abhiśobhay		prefixus
śobhay	pari-			1	pariśobhay		prefixus
śobhay	pra-			1	praśobhay		prefixus
śobhay	samanu-			1	samanuśobhay		prefixus
śobhay	saṃ-			1	saṃśobhay		prefixus
śobhay	upa-			1	upaśobhay		prefixus
śocay				1	śocay	10:53	prefixus+classfreq
śodhay				1	śodhay	10:428	prefixus+classfreq
śodhay	abhi-			1	abhiśodhay		prefixus
śodhay	abhipra-			1	abhipraśodhay		prefixus
śodhay	pari-			1	pariśodhay		prefixus
śodhay	pra-			1	praśodhay		prefixus
śodhay	prativi-			1	prativiśodhay		prefixus
śodhay	pravi-			1	praviśodhay		prefixus
śodhay	saṃ-			1	saṃśodhay		prefixus
śodhay	vi-			1	viśodhay		prefixus
śodhay	ā-			1	āśodhay		prefixus
śoṇībhū				1	śoṇībhū	1:2	prefixus+classfreq
śoṣay				1	śoṣay	10:349	prefixus+classfreq
śoṣay	ava-			1	avaśoṣay		prefixus
śoṣay	pari-			1	pariśoṣay		prefixus
śoṣay	pra-			1	praśoṣay		prefixus
śoṣay	sam-			1	samśoṣay		prefixus
śoṣay	upa-			1	upaśoṣay		prefixus
śoṣay	vi-			1	viśoṣay		prefixus
śraddhā				1	śraddhā	1:257	prefixus+classfreq
śraddhā	saṃ-			1	saṃśraddhā		prefixus
śram						1:296	classfreq
śramay	vi-			1	viśramay		prefixus
śrambhay	ativi-			1	ativiśrambhay		prefixus
śrambhay	vi-			1	viśrambhay		prefixus
śrapay				1	śrapay	10:41	prefixus+classfreq
śrath						1:13	classfreq
śrathay						10:7	classfreq
śravay				1	śravay	10:4	prefixus+classfreq
śri		take shelter	7			1:321	semantics+classfreq
śriṣ						1:2	classfreq
śru		hear	20			4:9422	semantics+classfreq
śru	anu-	repeatedly					semantics
śruṣ						1:5	classfreq
śrāmay	vi-			1	viśrāmay		prefixus
śrāvay				1	śrāvay	10:265	prefixus+classfreq
śrāvay	abhi-			1	abhiśrāvay		prefixus
śrāvay	anu-			1	anuśrāvay		prefixus
śrāvay	samā-			1	samāśrāvay		prefixus
śrāvay	saṃ-			1	saṃśrāvay		prefixus
śrāvay	saṃprati-			1	saṃpratiśrāvay		prefixus
śrāvay	vi-			1	viśrāvay		prefixus
śrāvay	ā-			1	āśrāvay		prefixus
śrī						4:315	classfreq
śubh						6:473	classfreq
śubhay						10:4	classfreq
śuc		lament	10			6:723	semantics+classfreq
śuddhīkṛ				1	śuddhīkṛ	8:1	prefixus+classfreq
śudh						4:2101	classfreq
śuj						6:2	classfreq
śuklībhū						1:1	classfreq
śukrībhū				1	śukrībhū	1:5	prefixus+classfreq
śukībhū						1:1	classfreq
śundhay						10:1	classfreq
śuśrūṣ				1	śuśrūṣ	1:101	prefixus+classfreq
śuṣ		dry up	2			6:142	semantics+classfreq
śuṣkībhū				1	śuṣkībhū	1:2	prefixus+classfreq
śuṣkīkṛ				1	śuṣkīkṛ	8:2	prefixus+classfreq
śvas		breath	1			1:137	semantics+classfreq
śvañcay						10:1	classfreq
śvetībhū						1:1	classfreq
śvi						1:50	classfreq
śvit						1:6	classfreq
śvāsay				1	śvāsay	10:5	prefixus+classfreq
śvāsay	abhivi-			1	abhiviśvāsay		prefixus
śvāsay	parivi-			1	pariviśvāsay		prefixus
śvāsay	paryā-			1	paryāśvāsay		prefixus
śvāsay	samā-			1	samāśvāsay		prefixus
śvāsay	vi-			1	viśvāsay		prefixus
śvāsay	ā-			1	āśvāsay		prefixus
śyā						4:3	classfreq
śyāmībhū						1:1	classfreq
śyāmīkṛ				1	śyāmīkṛ	8:1	prefixus+classfreq
śyāvībhū				1	śyāvībhū	1:1	prefixus+classfreq
śā						4:498	classfreq
śāmay				1	śāmay	10:13	prefixus+classfreq
śāmay	abhipra-			1	abhipraśāmay		prefixus
śāmay	anuni-			1	anuniśāmay		prefixus
śāmay	ni-			1	niśāmay		prefixus
śāmay	pra-			1	praśāmay		prefixus
śāmay	saṃ-			1	saṃśāmay		prefixus
śāmay	saṃni-			1	saṃniśāmay		prefixus
śāmay	upa-			1	upaśāmay		prefixus
śāmay	upani-			1	upaniśāmay		prefixus
śāntībhū				1	śāntībhū	1:1	prefixus+classfreq
śāpay				1	śāpay	10:17	prefixus+classfreq
śāpay	abhi-			1	abhiśāpay		prefixus
śās		instruct	1			1:461	semantics+classfreq
śāsay				1	śāsay	10:5	prefixus+classfreq
śāsay	pra-			1	praśāsay		prefixus
śātay				1	śātay	10:35	prefixus+classfreq
śātay	ava-			1	avaśātay		prefixus
śātay	pra-			1	praśātay		prefixus
śātay	pravi-			1	praviśātay		prefixus
śātay	saṃ-			1	saṃśātay		prefixus
śātay	vi-			1	viśātay		prefixus
śāyay				1	śāyay	10:28	prefixus+classfreq
śāyay	adhi-			1	adhiśāyay		prefixus
śī						1:893|4:1	classfreq
śīrṇay				1	śīrṇay	10:1	prefixus+classfreq
śītalībhū				1	śītalībhū	1:11	prefixus+classfreq
śītalīkṛ				1	śītalīkṛ	8:7	prefixus+classfreq
śītkṛ				1	śītkṛ	8:7	prefixus+classfreq
śītībhū				1	śītībhū	1:36	prefixus+classfreq
śītīkṛ				1	śītīkṛ	8:2	prefixus+classfreq
śūdrībhū				1	śūdrībhū	1:2	prefixus+classfreq
śūlākṛ						8:2	classfreq
śūnyībhū						1:1	classfreq
śūnyīkṛ						8:1	classfreq
śṛ						9:221	classfreq
śṛdh						1:21	classfreq
śṛṅgār				1	śṛṅgār	6:2	prefixus+classfreq
śṛṅkhalībhū				1	śṛṅkhalībhū	1:1	prefixus+classfreq
ūccāray	an-			1	anūccāray		prefixus
ūdi	an-			1	anūdi		prefixus
ūh				2	ūh	1:11|4:57	prefixus+classfreq
ūh	abhy-			1	abhyūh		prefixus
ūh	prativy-			1	prativyūh		prefixus
ūh	praty-			1	pratyūh		prefixus
ūh	vy-			1	vyūh		prefixus
ūhay				1	ūhay	10:2	prefixus+classfreq
ūhīkṛ	vy-			1	vyūhīkṛ		prefixus
ūrdhvībhū				1	ūrdhvībhū	1:1	prefixus+classfreq
ūrdhvīkṛ						8:1	classfreq
ūrīkṛ						8:1	classfreq
ūtpat	an-			1	anūtpat		prefixus
ūtthā	an-			1	anūtthā		prefixus
ūṅkhay						10:1	classfreq
ḍamb	vi-			1	viḍamb		prefixus
ḍambay	vi-			1	viḍambay		prefixus
ḍhakkay	pari-			1	pariḍhakkay		prefixus
ḍhauk				1	ḍhauk	1:6	prefixus+classfreq
ḍhaukay						10:3	classfreq
ḍhaukay	upa-			1	upaḍhaukay		prefixus
ḍhaukay	ā-			1	āḍhaukay		prefixus
ḍī	pra-			1	praḍī		prefixus
ṅgīkṛ	a-			1	aṅgīkṛ		prefixus
ṅgīkṛ	vya-			1	vyaṅgīkṛ		prefixus
ṅkay	a-			1	aṅkay		prefixus
ṅmukhībhū	parā-			1	parāṅmukhībhū		prefixus
ṅmukhīkṛ	parā-			1	parāṅmukhīkṛ		prefixus
ṇad	pra-			1	praṇad		prefixus
ṇad	sampra-			1	sampraṇad		prefixus
ṇah	pari-			1	pariṇah		prefixus
ṇam	abhipra-			1	abhipraṇam		prefixus
ṇam	anupra-			1	anupraṇam		prefixus
ṇam	pari-			1	pariṇam		prefixus
ṇam	pra-			1	praṇam		prefixus
ṇam	sampra-			1	sampraṇam		prefixus
ṇamay	pari-			1	pariṇamay		prefixus
ṇamay	pra-			1	praṇamay		prefixus
ṇayībhū	pra-			1	praṇayībhū		prefixus
ṇaś	pra-			1	praṇaś		prefixus
ṇaś	saṃpra-			1	saṃpraṇaś		prefixus
ṇaś	vipra-			1	vipraṇaś		prefixus
ṇidhyā	pra-			1	praṇidhyā		prefixus
ṇidhā	pra-			1	praṇidhā		prefixus
ṇidhā	sampra-			1	sampraṇidhā		prefixus
ṇidā	pra-			1	praṇidā		prefixus
ṇigad	pra-			1	praṇigad		prefixus
ṇihan	pari-			1	pariṇihan		prefixus
ṇipat	pra-			1	praṇipat		prefixus
ṇoday	pra-			1	praṇoday		prefixus
ṇu	pra-			1	praṇu		prefixus
ṇud	abhipra-			1	abhipraṇud		prefixus
ṇud	atipra-			1	atipraṇud		prefixus
ṇud	pari-			1	pariṇud		prefixus
ṇud	parā-			1	parāṇud		prefixus
ṇud	pra-			1	praṇud		prefixus
ṇud	sampra-			1	sampraṇud		prefixus
ṇāday	saṃpra-			1	saṃpraṇāday		prefixus
ṇāmay	pari-			1	pariṇāmay		prefixus
ṇāmay	pra-			1	praṇāmay		prefixus
ṇāyay	pari-			1	pariṇāyay		prefixus
ṇāśay	pra-			1	praṇāśay		prefixus
ṇāśay	vipra-			1	vipraṇāśay		prefixus
ṇī	pari-			1	pariṇī		prefixus
ṇī	paryā-			1	paryāṇī		prefixus
ṇī	pra-			1	praṇī		prefixus
ṇī	prā-			1	prāṇī		prefixus
ṇī	sampra-			1	sampraṇī		prefixus
ṇī	vipra-			1	vipraṇī		prefixus
ṇū	pari-			1	pariṇū		prefixus
ṇūkṛ	a-			1	aṇūkṛ		prefixus
ṛ		go/reach	2				semantics
ṛ	abhinis-			1	abhinisṛ		prefixus
ṛ	nis-			1	nisṛ		prefixus
ṛc	vir-			1	virac		prefixus
ṛch				1	ṛch	5:353	prefixus+classfreq
ṛch	abhy-			1	abhyṛch		prefixus
ṛch	sam-			1	samṛch		prefixus
ṛd						6:3	classfreq
ṛddhīkṛ	sam-			1	samṛddhīkṛ		prefixus
ṛdh				1	ṛdh	5:144	prefixus+classfreq
ṛdh	sam-			1	samṛdh		prefixus
ṛj				1	ṛj	1:43	prefixus+classfreq
ṛj	nis-			1	nisṛj		prefixus
ṛj	saṃnis-			1	saṃnisṛj		prefixus
ṛjūkṛ				1	ṛjūkṛ	8:1	prefixus+classfreq
ṛṇībhū	an-			1	anṛṇībhū		prefixus
ṛṣ				1	ṛṣ	6:264	prefixus+classfreq
ṣad	anuvi-			1	anuviṣad		prefixus
ṣad	ni-			1	niṣad		prefixus
ṣad	pari-			1	pariṣad		prefixus
ṣad	pravi-			1	praviṣad		prefixus
ṣad	saṃni-			1	saṃniṣad		prefixus
ṣad	vi-			1	viṣad		prefixus
ṣah	abhi-			1	abhiṣah		prefixus
ṣah	vi-			1	viṣah		prefixus
ṣamīkṛ	vi-			1	viṣamīkṛ		prefixus
ṣayībhū	vi-			1	viṣayībhū		prefixus
ṣayīkṛ	vi-			1	viṣayīkṛ		prefixus
ṣañj	abhi-			1	abhiṣañj		prefixus
ṣañj	abhivi-			1	abhiviṣañj		prefixus
ṣañj	anu-			1	anuṣañj		prefixus
ṣañj	ni-			1	niṣañj		prefixus
ṣañj	pari-			1	pariṣañj		prefixus
ṣañj	prati-			1	pratiṣañj		prefixus
ṣañj	vi-			1	viṣañj		prefixus
ṣañj	vyati-			1	vyatiṣañj		prefixus
ṣañjay	anu-			1	anuṣañjay		prefixus
ṣañjay	vyati-			1	vyatiṣañjay		prefixus
ṣaṅgībhū	ni-			1	niṣaṅgībhū		prefixus
ṣecay	abhi-			1	abhiṣecay		prefixus
ṣecay	ni-			1	niṣecay		prefixus
ṣecay	pari-			1	pariṣecay		prefixus
ṣecay	parini-			1	pariniṣecay		prefixus
ṣecay	samabhi-			1	samabhiṣecay		prefixus
ṣedhay	ni-			1	niṣedhay		prefixus
ṣedhay	prati-			1	pratiṣedhay		prefixus
ṣekay	abhi-			1	abhiṣekay		prefixus
ṣev	ni-			1	niṣev		prefixus
ṣev	pari-			1	pariṣev		prefixus
ṣev	parini-			1	pariniṣev		prefixus
ṣev	saṃni-			1	saṃniṣev		prefixus
ṣev	upani-			1	upaniṣev		prefixus
ṣevay	ni-			1	niṣevay		prefixus
ṣic	abhi-			1	abhiṣic		prefixus
ṣic	abhini-			1	abhiniṣic		prefixus
ṣic	anu-			1	anuṣic		prefixus
ṣic	anvabhi-			1	anvabhiṣic		prefixus
ṣic	ni-			1	niṣic		prefixus
ṣic	pari-			1	pariṣic		prefixus
ṣic	samabhi-			1	samabhiṣic		prefixus
ṣic	saṃni-			1	saṃniṣic		prefixus
ṣic	vipra-			1	vipraṣic		prefixus
ṣidh	abhi-			1	abhiṣidh		prefixus
ṣidh	ni-			1	niṣidh		prefixus
ṣidh	prati-			1	pratiṣidh		prefixus
ṣidh	viprati-			1	vipratiṣidh		prefixus
ṣirīkṛ	su-			1	suṣirīkṛ		prefixus
ṣiñcay	ni-			1	niṣiñcay		prefixus
ṣkalmaṣībhū	ni-			1	niṣkalmaṣībhū		prefixus
ṣkaluṣībhū	ni-			1	niṣkaluṣībhū		prefixus
ṣkand	pari-			1	pariṣkand		prefixus
ṣkram	abhini-			1	abhiniṣkram		prefixus
ṣkram	ni-			1	niṣkram		prefixus
ṣkram	upani-			1	upaniṣkram		prefixus
ṣkram	vini-			1	viniṣkram		prefixus
ṣkramay	ni-			1	niṣkramay		prefixus
ṣkrāmay	ni-			1	niṣkrāmay		prefixus
ṣkrī	ni-			1	niṣkrī		prefixus
ṣkulīkṛ	ni-			1	niṣkulīkṛ		prefixus
ṣkuṣ	ni-			1	niṣkuṣ		prefixus
ṣkvāthay	ni-			1	niṣkvāthay		prefixus
ṣkāsay	ni-			1	niṣkāsay		prefixus
ṣkūj	ni-			1	niṣkūj		prefixus
ṣkṛ	abhipari-			1	abhipariṣkṛ		prefixus
ṣkṛ	pari-			1	pariṣkṛ		prefixus
ṣkṛ	āvi-			1	āviṣkṛ		prefixus
ṣkṛt	ni-			1	niṣkṛt		prefixus
ṣkṛt	vini-			1	viniṣkṛt		prefixus
ṣkṛṣ	ni-			1	niṣkṛṣ		prefixus
ṣkṛṣ	vini-			1	viniṣkṛṣ		prefixus
ṣkṝ	ni-			1	niṣkṝ		prefixus
ṣpad	abhini-			1	abhiniṣpad		prefixus
ṣpad	ni-			1	niṣpad		prefixus
ṣpad	parini-			1	pariniṣpad		prefixus
ṣpad	vini-			1	viniṣpad		prefixus
ṣpat	abhini-			1	abhiniṣpat		prefixus
ṣpat	ni-			1	niṣpat		prefixus
ṣpat	vini-			1	viniṣpat		prefixus
ṣpiṣ	ni-			1	niṣpiṣ		prefixus
ṣpiṣ	vini-			1	viniṣpiṣ		prefixus
ṣprekṣ	ni-			1	niṣprekṣ		prefixus
ṣpā	ni-			1	niṣpā		prefixus
ṣpāday	ni-			1	niṣpāday		prefixus
ṣpīḍay	ni-			1	niṣpīḍay		prefixus
ṣpīḍay	vini-			1	viniṣpīḍay		prefixus
ṣpū	abhini-			1	abhiniṣpū		prefixus
ṣpū	ni-			1	niṣpū		prefixus
ṣpṛc	ni-			1	niṣpṛc		prefixus
ṣu	abhi-			1	abhiṣu		prefixus
ṣvaj	abhi-			1	abhiṣvaj		prefixus
ṣvaj	pari-			1	pariṣvaj		prefixus
ṣvaj	sampari-			1	sampariṣvaj		prefixus
ṣvañj	abhipari-			1	abhipariṣvañj		prefixus
ṣvāday	prati-			1	pratiṣvāday		prefixus
ṣyand	abhi-			1	abhiṣyand		prefixus
ṣyand	abhivi-			1	abhiviṣyand		prefixus
ṣyand	vi-			1	viṣyand		prefixus
ṣyanday	abhi-			1	abhiṣyanday		prefixus
ṣyanday	vi-			1	viṣyanday		prefixus
ṣā	vi-			1	viṣā		prefixus
ṣāday	vi-			1	viṣāday		prefixus
ṣībhū	vi-			1	viṣībhū		prefixus
ṣū	abhi-			1	abhiṣū		prefixus
ṣū	pari-			1	pariṣū		prefixus
ṣū	vi-			1	viṣū		prefixus
ṣūday	abhi-			1	abhiṣūday		prefixus
ṣūday	ni-			1	niṣūday		prefixus
ṣūday	saṃni-			1	saṃniṣūday		prefixus
ṣūday	vini-			1	viniṣūday		prefixus
ṣṇā	ni-			1	niṣṇā		prefixus
ṣṭambh	ava-			1	avaṣṭambh		prefixus
ṣṭambh	samava-			1	samavaṣṭambh		prefixus
ṣṭambh	vi-			1	viṣṭambh		prefixus
ṣṭambhay	vi-			1	viṣṭambhay		prefixus
ṣṭan	abhi-			1	abhiṣṭan		prefixus
ṣṭan	anu-			1	anuṣṭan		prefixus
ṣṭan	ni-			1	niṣṭan		prefixus
ṣṭan	vini-			1	viniṣṭan		prefixus
ṣṭap	ni-			1	niṣṭap		prefixus
ṣṭhiv	vini-			1	viniṣṭhiv		prefixus
ṣṭhā	abhi-			1	abhiṣṭhā		prefixus
ṣṭhā	adhi-			1	adhiṣṭhā		prefixus
ṣṭhā	anu-			1	anuṣṭhā		prefixus
ṣṭhā	ati-			1	atiṣṭhā		prefixus
ṣṭhā	ni-			1	niṣṭhā		prefixus
ṣṭhā	niḥ-			1	niḥṣṭhā		prefixus
ṣṭhā	pari-			1	pariṣṭhā		prefixus
ṣṭhā	parini-			1	pariniṣṭhā		prefixus
ṣṭhā	prati-			1	pratiṣṭhā		prefixus
ṣṭhā	samadhi-			1	samadhiṣṭhā		prefixus
ṣṭhā	samprati-			1	sampratiṣṭhā		prefixus
ṣṭhā	vi-			1	viṣṭhā		prefixus
ṣṭhāpay	adhi-			1	adhiṣṭhāpay		prefixus
ṣṭhāpay	anu-			1	anuṣṭhāpay		prefixus
ṣṭhāpay	prati-			1	pratiṣṭhāpay		prefixus
ṣṭhāpay	vini-			1	viniṣṭhāpay		prefixus
ṣṭhīv				1	ṣṭhīv	1:17	prefixus+classfreq
ṣṭhīv	avani-			1	avaniṣṭhīv		prefixus
ṣṭhīv	ni-			1	niṣṭhīv		prefixus
ṣṭhīv	niḥ-			1	niḥṣṭhīv		prefixus
ṣṭu	abhi-			1	abhiṣṭu		prefixus
ṣṭu	samabhi-			1	samabhiṣṭu		prefixus
ṭaṅk						1:1	classfreq
